ID: 153, Data: 8FE 34 44 A0 FF AA AA AA
ID: 43F, Data: 844 48 CAN Init ok
ID: 43F, Data: 844 48 60 FF 8A 14 25 0
ID: 316, Data: 85 34 63 26 B 16 45 7A
ID: 329, Data: 840 B4 7F 8 11 37 0 26
ID: 43F, Data: 844 48 60 FF 8A 74 25 0
ID: 43F, Data: 844 48 60 FF 8A 70 25 0
ID: A0, Data: 834 7F 63 26 46 2F 2 0
ID: 316, Data: 85 27 F3 25 D 18 45 7A
ID: 316, Data: 85 24 BC 25 D 19 45 7A
ID: 43F, Data: 844 48 60 FF 8A 60 25 0
ID: 43F, Data: 844 48 60 FF 8A 54 25 0
ID: 545, Data: 8DC 51 0 8D 3F 0 3F 0
ID: 153, Data: 80 0 0 FF 0 FF 0 0
ID: 316, Data: 85 1B F7 24 25 19 45 7A
ID: 5F0, Data: 20 0
ID: 316, Data: 85 1D D5 24 25 19 45 7A
ID: 316, Data: 85 1E D5 24 25 19 45 7A
ID: 43F, Data: 844 48 60 FF 8A 20 25 0
ID: 316, Data: 85 20 3E 25 25 19 45 7A
ID: 153, Data: 80 0 0 FF 0 FF 0 0
ID: 43F, Data: 844 48 60 FF 8A 40 25 0
ID: 153, Data: 80 0 0 FF 0 FF 0 0
ID: 316, Data: 85 23 98 25 25 19 45 7A
ID: 316, Data: 85 23 74 25 2C 19 44 7A
ID: A0, Data: 829 7F 98 25 45 2D 2 0
ID: 316, Data: 85 28 50 25 34 18 44 7A
ID: 316, Data: 85 2A 62 25 34 18 44 7A
ID: 153, Data: 80 0 0 FF 0 FF 0 0
ID: 316, Data: 85 2F F3 25 33 17 44 7A
ID: 153, Data: 80 0 0 FF 0 FF 0 0
ID: 280, Data: 830 0 88 B4 4C 1D 6C 4D
ID: 316, Data: 85 31 18 26 33 17 44 7A
ID: 43F, Data: 844 48 60 FF 8A F4 24 0
ID: 43F, Data: 844 48 60 FF 8A F4 24 0
ID: 260, Data: 8B 33 33 30 3 FF D4 31
ID: 316, Data: 85 32 5 26 33 17 44 7A
ID: 329, Data: 8B B4 7F 8 11 3B 14 26
ID: 43F, Data: 844 48 60 FF 8A F8 24 0
ID: 43F, Data: 844 48 60 FF 8A F4 24 0
ID: 260, Data: 8B 32 33 30 3 FF D4 23
ID: 153, Data: 80 0 0 FF 0 FF 0 0
ID: 316, Data: 85 32 F3 25 33 17 44 7A
ID: 153, Data: 80 0 0 FF 0 FF 0 0
ID: 260, Data: 8B 33 33 30 3 FF D4 31
ID: 316, Data: 85 33 F3 25 32 17 44 7A
ID: A0, Data: 839 7F E0 25 45 32 2 0
ID: 43F, Data: 844 48 60 FF 8A F8 24 0
ID: 316, Data: 85 33 5 26 32 17 44 7A
ID: 316, Data: 85 33 F3 25 32 17 44 7A
ID: 316, Data: 85 32 F3 25 32 17 44 7A
ID: 18F, Data: 8AA 32 0 0 0 0 0 0
ID: 43F, Data: 844 48 60 FF 8A F8 24 0
ID: 153, Data: 80 0 0 FF 0 FF 0 0
ID: 316, Data: 85 32 5 26 32 17 44 7A
ID: 316, Data: 85 33 18 26 32 17 44 7A
ID: 316, Data: 85 33 5 26 36 17 44 7A
ID: 43F, Data: 844 48 60 FF 8A C 25 0
ID: 316, Data: 85 32 18 26 38 17 44 7A
ID: 1F1, Data: 80 9 19 F2 21 29 92 22
ID: 316, Data: 85 34 F3 25 39 17 44 7A
ID: 316, Data: 85 35 5 26 39 17 44 7A
ID: 43F, Data: 844 48 60 FF 8A 4 25 0
ID: 316, Data: 85 36 2A 26 39 16 44 7A
ID: 316, Data: 85 36 3D 26 38 16 44 7A
ID: 316, Data: 85 37 50 26 38 16 44 7A
ID: 316, Data: 85 37 50 26 38 16 44 7A
ID: 370, Data: 8FF E1 F0 FF FF FF FF FF
ID: 316, Data: 85 38 3D 26 39 16 44 7A
ID: 153, Data: 80 0 0 FF 0 FF 0 0
ID: 43F, Data: 844 48 60 FF 8A C 25 0
ID: 316, Data: 85 39 3D 26 39 16 44 7A
ID: 316, Data: 85 39 3D 26 39 16 44 7A
ID: 440, Data: 8FE E4 44 A0 FF AA AA AA
ID: 316, Data: 85 38 50 26 39 16 44 7A
ID: 43F, Data: 844 48 60 FF 8A 24 25 0
ID: 316, Data: 85 39 76 26 39 16 45 7A
ID: 153, Data: 80 0 0 FF 0 FF 0 0
ID: 316, Data: 85 39 63 26 3B 16 45 7A
ID: 316, Data: 85 39 63 26 3C 16 45 7A
ID: 2A0, Data: 861 15 6C 1C 35 0 12 0
ID: 43F, Data: 844 48 60 FF 8A 34 25 0
ID: 370, Data: 8FF E0 F0 FF FF FF FF FF
ID: A0, Data: 842 7F 50 26 45 34 2 0
ID: 316, Data: 85 3A 50 26 3C 16 45 7A
ID: 18F, Data: 8AA 32 0 0 0 0 0 0
ID: 43F, Data: 844 48 60 FF 8A 5C 25 0
ID: 153, Data: 80 0 0 FF 0 FF 0 0
ID: 43F, Data: 844 48 60 FF 8A 5C 25 0
ID: 316, Data: 85 3C 50 26 3C 16 45 7A
ID: 2A0, Data: 81 15 6C 1C 35 0 12 0
ID: 316, Data: 85 3C 3D 26 3C 16 45 7A
ID: 316, Data: 85 3C 50 26 3C 16 45 7A
ID: A1, Data: 884 7C 81 7C 2D 0 0 0
ID: 43F, Data: 844 48 60 FF 8A 74 25 0
ID: 43F, Data: 844 48 60 FF 8A 70 25 0
ID: 18F, Data: 8AA 32 0 0 0 0 0 0
ID: 316, Data: 85 3C 3D 26 3C 16 45 7A
ID: 440, Data: 8FE E4 45 A0 FF AA AA AA
ID: 316, Data: 85 3C 63 26 3C 16 45 7A
ID: 153, Data: 80 0 0 FF 0 FF 0 0
ID: 316, Data: 85 3B 50 26 3C 16 45 7A
ID: 316, Data: 85 3B 63 26 3C 16 45 7A
ID: A0, Data: 842 7F 63 26 46 35 2 0
ID: 316, Data: 85 3B 3D 26 3C 16 45 7A
ID: 316, Data: 85 3B 50 26 3C 16 45 7A
ID: 153, Data: 80 0 0 FF 0 FF 0 0
ID: 316, Data: 85 3A 76 26 3C 16 45 7A
ID: 153, Data: 80 0 0 FF 0 FF 0 0
ID: 153, Data: 80 0 0 FF 0 FF 0 0
ID: 316, Data: 85 3A 63 26 3C 16 46 7A
ID: 153, Data: 80 0 0 FF 0 FF 0 0
ID: 545, Data: 8DC AE 0 8D 7E 2 7E 2
ID: 316, Data: 85 3A 63 26 3C 16 46 7A
ID: 545, Data: 8DC B2 0 8D 8A 2 8A 2
ID: 316, Data: 85 3A 76 26 3C 16 46 7A
ID: 153, Data: 80 0 0 FF 0 FF 0 0
ID: 18F, Data: 8AA 32 0 0 0 0 0 0
ID: 316, Data: 85 3A 76 26 1E 16 46 7A
ID: 316, Data: 85 37 89 26 1D 16 46 7A
ID: A0, Data: 834 7F 63 26 46 31 2 0
ID: 43F, Data: 844 48 60 FF 8A D4 25 0
ID: 370, Data: 8FF E0 F0 FF FF FF FF FF
ID: 5F0, Data: 20 0
ID: 316, Data: 85 28 CE 25 1F 18 46 7A
ID: 43F, Data: 844 48 60 FF 8A B8 25 0
ID: 260, Data: 8B 27 26 30 3 FF D5 3B
ID: 316, Data: 85 26 5 26 28 19 46 7A
ID: 545, Data: 8DC 6C 0 8D DA 0 DA 0
ID: 43F, Data: 844 48 60 FF 8A B4 25 0
ID: 43F, Data: 844 48 60 FF 8A B8 25 0
ID: 280, Data: 830 0 88 B3 4C 18 6C 3E
ID: 316, Data: 85 29 63 26 2D 19 46 7A
ID: 316, Data: 85 29 76 26 2C 18 46 7A
ID: 43F, Data: 844 48 60 FF 8A B4 25 0
ID: 316, Data: 85 2A 76 26 2D 18 46 7A
ID: 153, Data: 80 0 0 FF 0 FF 0 0
ID: 316, Data: 85 2B 76 26 2C 18 46 7A
ID: 153, Data: 80 0 0 FF 0 FF 0 0
ID: 280, Data: 830 0 88 B3 4C 1A 6C 45
ID: 316, Data: 85 2B 89 26 2D 18 46 7A
ID: 43F, Data: 844 48 60 FF 8A A4 25 0
ID: 43F, Data: 844 48 60 FF 8A AC 25 0
ID: A0, Data: 833 7F 89 26 46 31 2 0
ID: 153, Data: 80 0 0 FF 0 FF 0 0
ID: 316, Data: 85 2D 76 26 30 18 46 7A
ID: 153, Data: 80 0 0 FF 0 FF 0 0
ID: 1F1, Data: 80 A4 24 92 22 33 32 23
ID: 316, Data: 85 2E 89 26 2F 18 46 7A
ID: 153, Data: 80 0 0 FF 0 FF 0 0
ID: 316, Data: 85 2E 9C 26 2F 18 46 7A
ID: 153, Data: 80 0 0 FF 0 FF 0 0
ID: 280, Data: 830 0 88 B3 4D 1C 6C 4C
ID: 316, Data: 85 30 9C 26 2F 17 46 7A
ID: 43F, Data: 844 48 60 FF 8A A4 25 0
ID: 316, Data: 85 2F 89 26 2F 17 46 7A
ID: 153, Data: 80 0 0 FF 0 FF 0 0
ID: 153, Data: 80 0 0 FF 0 FF 0 0
ID: 316, Data: 85 30 9C 26 2F 17 46 7A
ID: 440, Data: 8FE 34 45 A0 FF AA AA AA
ID: 316, Data: 85 30 AF 26 2F 17 46 7A
ID: 153, Data: 80 0 0 FF 0 FF 0 0
ID: 43F, Data: 844 48 60 FF 8A B0 25 0
ID: 43F, Data: 844 48 60 FF 8A B0 25 0
ID: 370, Data: 8FF E0 F0 FF FF FF FF FF
ID: 316, Data: 85 30 9C 26 2F 17 46 7A
ID: 2A0, Data: 861 14 6C 1C 35 0 12 0
ID: 43F, Data: 844 48 60 FF 8A B4 25 0
ID: 316, Data: 85 30 9C 26 2F 17 46 7A
ID: 153, Data: 80 0 0 FF 0 FF 0 0
ID: 153, Data: 80 0 0 FF 0 FF 0 0
ID: 316, Data: 85 30 9C 26 2F 17 46 7A
ID: 153, Data: 80 0 0 FF 0 FF 0 0
ID: 316, Data: 85 30 9C 26 2F 17 46 7A
ID: 316, Data: 85 30 9C 26 2F 17 46 7A
ID: 545, Data: 8DC 8E 0 8D B4 1 B4 1
ID: 43F, Data: 844 48 60 FF 8A B8 25 0
ID: 316, Data: 85 30 9C 26 29 17 46 7A
ID: A0, Data: 835 7F AF 26 46 31 2 0
ID: 316, Data: 85 2E 9C 26 29 17 46 7A
ID: 153, Data: 80 0 0 FF 0 FF 0 0
ID: 43F, Data: 844 48 60 FF 8A B0 25 0
ID: 2A0, Data: 861 13 6C 1C 35 0 12 0
ID: 316, Data: 85 2C 76 26 29 18 46 7A
ID: 316, Data: 85 2B 63 26 29 18 46 7A
ID: 43F, Data: 844 48 60 FF 8A A8 25 0
ID: 316, Data: 85 2B 63 26 29 18 46 7A
ID: 153, Data: 80 0 0 FF 0 FF 0 0
ID: 153, Data: 80 0 0 FF 0 FF 0 0
ID: 316, Data: 85 2A 76 26 29 18 46 7A
ID: A1, Data: 879 7E 80 7E 1F 0 0 0
ID: 316, Data: 85 2A 76 26 29 18 46 7A
ID: 316, Data: 85 2A 76 26 29 18 46 7A
ID: A1, Data: 879 7E 80 7E 1F 0 0 0
ID: 43F, Data: 844 48 60 FF 8A 90 25 0
ID: 43F, Data: 844 48 60 FF 8A 8C 25 0
ID: 2A0, Data: 8A1 12 6C 1C 35 0 12 0
ID: 316, Data: 85 2A 3D 26 29 18 45 7A
ID: 545, Data: 8DC 72 0 8D 31 1 31 1
ID: 43F, Data: 844 48 60 FF 8A 98 25 0
ID: 43F, Data: 844 48 60 FF 8A 94 25 0
ID: 545, Data: 8DC 75 0 8D 32 1 32 1
ID: 316, Data: 85 29 3D 26 29 18 45 7A
ID: 316, Data: 85 29 50 26 2A 18 45 7A
ID: A0, Data: 82F 7F 50 26 46 2F 2 0
ID: 440, Data: 8FE E4 45 A0 FF AA AA AA
ID: 1F1, Data: 80 C6 24 42 22 30 12 23
ID: 316, Data: 85 29 3D 26 29 18 45 7A
ID: 316, Data: 85 2A 2A 26 29 18 45 7A
ID: 43F, Data: 844 48 60 FF 8A 88 25 0
ID: 316, Data: 85 29 3D 26 2A 18 45 7A
ID: 153, Data: 80 0 0 FF 0 FF 0 0
ID: 316, Data: 85 29 2A 26 29 18 45 7A
ID: 316, Data: 85 29 18 26 2A 18 45 7A
ID: 280, Data: 830 0 88 B3 4C 19 6C 42
ID: 5F0, Data: 20 0
ID: 316, Data: 85 2A 18 26 2A 18 45 7A
ID: 316, Data: 85 2A 18 26 29 18 45 7A
ID: 43F, Data: 844 48 60 FF 8A 70 25 0
ID: 5F0, Data: 20 0
ID: 153, Data: 80 0 0 FF 0 FF 0 0
ID: 18F, Data: 8AA 32 0 0 0 0 0 0
ID: 316, Data: 85 2A F3 25 2A 18 45 7A
ID: 153, Data: 80 0 0 FF 0 FF 0 0
ID: 18F, Data: 8AA 32 0 0 0 0 0 0
ID: 280, Data: 830 0 88 B3 4B 19 6C 42
ID: 43F, Data: 844 48 60 FF 8A 60 25 0
ID: A0, Data: 830 7F CE 25 46 2F 2 0
ID: 153, Data: 80 0 0 FF 0 FF 0 0
ID: 316, Data: 85 28 CE 25 D 18 45 7A
ID: 316, Data: 85 28 AA 25 D 18 45 7A
ID: 316, Data: 85 26 AA 25 D 19 45 7A
ID: 153, Data: 80 0 0 FF 0 FF 0 0
ID: 153, Data: 80 0 0 FF 0 FF 0 0
ID: 316, Data: 85 20 74 25 E 19 45 7A
ID: A0, Data: 821 7E 86 25 45 2A 2 0
ID: 316, Data: 85 1C 1B 25 E 19 45 7A
ID: 316, Data: 85 1B 9 25 E 19 45 7A
ID: 260, Data: 8B 1B E 30 3 FF C7 22
ID: 43F, Data: 844 48 60 FF 8A C8 24 0
ID: 153, Data: 80 0 0 FF 0 FF 0 0
ID: 316, Data: 85 18 3B 24 E 19 45 7A
ID: 316, Data: 85 18 2A 24 E 19 45 7A
ID: 2A0, Data: 880 E 6C 1C 35 0 12 0
ID: 440, Data: 8FE E4 44 A0 FF AA AA AA
ID: 153, Data: 80 0 0 FF 0 FF 0 0
ID: 18F, Data: 8AA 32 0 0 0 0 0 0
ID: 329, Data: 840 B3 7F 8 11 31 5 26
ID: 43F, Data: 844 48 60 FF 8A D4 24 0
ID: 440, Data: 8FE E4 44 A0 FF AA AA AA
ID: 153, Data: 80 0 0 FF 0 FF 0 0
ID: 545, Data: 8DC 43 0 8D 29 0 29 0
ID: 316, Data: 85 1C B2 24 1E 19 44 7A
ID: 18F, Data: 8AA 32 0 0 0 0 0 0
ID: 43F, Data: 844 48 60 FF 8A 8C 24 0
ID: 153, Data: 80 0 0 FF 0 FF 0 0
ID: 153, Data: 80 0 0 FF 0 FF 0 0
ID: 316, Data: 85 20 90 24 26 19 44 7A
ID: 153, Data: 80 0 0 FF 0 FF 0 0
ID: 316, Data: 85 22 B2 24 29 19 44 7A
ID: 153, Data: 80 0 0 FF 0 FF 0 0
ID: 1F1, Data: 80 93 16 42 21 20 12 22
ID: 316, Data: 85 25 1B 25 2A 19 43 7A
ID: 153, Data: 80 0 0 FF 0 FF 0 0
ID: 316, Data: 85 26 1B 25 2A 19 43 7A
ID: 153, Data: 80 0 0 FF 0 FF 0 0
ID: 2A0, Data: 861 D 6C 1C 35 0 12 0
ID: 316, Data: 85 28 3E 25 2B 18 43 7A
ID: 2A0, Data: 8A1 D 6C 1C 35 0 12 0
ID: 43F, Data: 844 48 60 FF 8A 7C 24 0
ID: 43F, Data: 844 48 60 FF 8A 78 24 0
ID: 18F, Data: 8AA 32 0 0 0 0 0 0
ID: 316, Data: 85 29 2C 25 2A 18 43 7A
ID: 153, Data: 80 0 0 FF 0 FF 0 0
ID: 316, Data: 85 29 2C 25 2A 18 43 7A
ID: 1F0, Data: 8D 40 59 BF 0 0 0 0
ID: 545, Data: 8DC 77 0 8D 2F 1 2F 1
ID: 545, Data: 8DC 78 0 8D 36 1 36 1
ID: 153, Data: 80 0 0 FF 0 FF 0 0
ID: 316, Data: 85 2A 50 25 2C 18 43 7A
ID: 18F, Data: 8AA 32 0 0 0 0 0 0
ID: 316, Data: 85 2A 3E 25 2C 18 43 7A
ID: 153, Data: 80 0 0 FF 0 FF 0 0
ID: 316, Data: 85 2A 3E 25 2C 18 43 7A
ID: 316, Data: 85 2A 3E 25 2C 18 43 7A
ID: A1, Data: 87D 7C 80 7E 21 0 0 0
ID: 316, Data: 85 2B 3E 25 2C 18 43 7A
ID: 316, Data: 85 2B 50 25 2C 18 43 7A
ID: A0, Data: 832 7E 50 25 44 30 2 0
ID: 316, Data: 85 2B 62 25 2C 18 43 7A
ID: 316, Data: 85 2B 62 25 2C 18 44 7A
ID: A1, Data: 87D 7C 80 7E 21 0 0 0
ID: 316, Data: 85 2C 62 25 2C 18 44 7A
ID: 316, Data: 85 2B 74 25 2C 18 44 7A
ID: 260, Data: 8B 2C 2D 30 3 FF D5 11
ID: 316, Data: 85 2C 62 25 2C 18 44 7A
ID: 545, Data: 8DC 81 0 8D 65 1 65 1
ID: 43F, Data: 844 48 60 FF 8A B8 24 0
ID: 316, Data: 85 2C 86 25 27 18 44 7A
ID: 43F, Data: 844 48 60 FF 8A B4 24 0
ID: 316, Data: 85 2C 86 25 18 18 44 7A
ID: 2A0, Data: 861 D 6C 1C 35 0 12 0
ID: 43F, Data: 844 48 60 FF 8A A8 24 0
ID: 43F, Data: 844 48 60 FF 8A A8 24 0
ID: 260, Data: 8B 26 14 30 3 FF D6 3E
ID: 316, Data: 85 24 9 25 14 19 44 7A
ID: 329, Data: 840 B3 7F 8 11 32 2 26
ID: A1, Data: 880 7C 80 7E 1A 0 0 0
ID: 43F, Data: 844 48 60 FF 8A A8 24 0
ID: 153, Data: 80 0 0 FF 0 FF 0 0
ID: 1F0, Data: 8D 40 59 BF 0 0 0 0
ID: 316, Data: 85 1B 5D 24 1A 19 44 7A
ID: 153, Data: 80 0 0 FF 0 FF 0 0
ID: 43F, Data: 844 48 60 FF 8A A8 24 0
ID: 260, Data: 8B 1B 1C 30 3 FF D1 37
ID: 43F, Data: 844 48 60 FF 8A 94 24 0
ID: 316, Data: 85 1A 7F 24 1C 1A 44 7A
ID: 153, Data: 80 0 0 FF 0 FF 0 0
ID: 316, Data: 85 1B 6E 24 E 19 44 7A
ID: 153, Data: 80 0 0 FF 0 FF 0 0
ID: 316, Data: 85 1B 90 24 E 19 43 7A
ID: 316, Data: 85 1B 6E 24 E 19 43 7A
ID: 329, Data: 8B B3 7F 8 11 32 0 26
ID: 1F1, Data: 80 C6 15 52 21 1E 12 22
ID: 153, Data: 80 0 0 FF 0 FF 0 0
ID: 280, Data: 830 0 84 B3 48 10 6C 2D
ID: 316, Data: 85 1A 9 24 E 19 43 7A
ID: 43F, Data: 844 48 60 FF 8A 5C 24 0
ID: 370, Data: 8FF DE F0 FF FF FF FF FF
ID: 316, Data: 85 18 86 23 F 19 43 7A
ID: 153, Data: 80 0 0 FF 0 FF 0 0
ID: 316, Data: 85 1A 76 23 1E 19 43 7A
ID: 153, Data: 80 0 0 FF 0 FF 0 0
ID: 2A0, Data: 861 A 6C 1C 35 0 12 0
ID: 316, Data: 85 1C 9 24 25 19 43 7A
ID: 545, Data: 8DC 48 0 8D 42 0 42 0
ID: 153, Data: 80 0 0 FF 0 FF 0 0
ID: 153, Data: 80 0 0 FF 0 FF 0 0
ID: 1F1, Data: 80 83 13 42 21 1F E2 21
ID: A0, Data: 827 7E 7F 24 44 2D 2 0
ID: 153, Data: 80 0 0 FF 0 FF 0 0
ID: 316, Data: 85 22 A1 24 28 19 43 7A
ID: 153, Data: 80 0 0 FF 0 FF 0 0
ID: 2A0, Data: 8C1 A 6C 1C 35 0 12 0
ID: 316, Data: 85 23 A1 24 29 19 43 7A
ID: 2A0, Data: 81 A 6C 1C 35 0 12 0
ID: 43F, Data: 844 48 60 FF 8A 54 24 0
ID: 153, Data: 80 0 0 FF 0 FF 0 0
ID: 545, Data: 8DC 68 0 8D E6 0 E6 0
ID: 316, Data: 85 26 D5 24 2B 19 43 7A
ID: 280, Data: 830 0 88 B2 49 18 6C 40
ID: 1F0, Data: 8D 40 59 BF 0 0 0 0
ID: 316, Data: 85 28 1B 25 2E 18 43 7A
ID: 316, Data: 85 29 2C 25 2F 18 43 7A
ID: 153, Data: 80 0 0 FF 0 FF 0 0
ID: 316, Data: 85 2A 2C 25 2F 18 43 7A
ID: 316, Data: 85 2B 50 25 2F 18 43 7A
ID: 545, Data: 8DC 7E 0 8D 53 1 53 1
ID: 43F, Data: 844 48 60 FF 8A 78 24 0
ID: 43F, Data: 844 48 60 FF 8A 80 24 0
ID: 2A0, Data: 861 B 6C 1C 35 0 12 0
ID: 316, Data: 85 2D 50 25 2F 17 43 7A
ID: 316, Data: 85 2D 74 25 2F 17 43 7A
ID: 260, Data: 8B 2E 2F 30 3 FF D5 3B
ID: 316, Data: 85 2E 86 25 2F 17 43 7A
ID: 545, Data: 8DC 89 0 8D 95 1 95 1
ID: 316, Data: 85 2F 86 25 2F 17 43 7A
ID: 316, Data: 85 2E 74 25 2F 17 44 7A
ID: 260, Data: 8B 2F 2F 30 3 FF D5 2B
ID: 5F0, Data: 20 0
ID: 316, Data: 85 2F 98 25 2F 17 44 7A
ID: 316, Data: 85 2F 98 25 2F 17 44 7A
ID: 43F, Data: 844 48 60 FF 8A BC 24 0
ID: 440, Data: 8FE 44 43 A0 FF AA AA AA
ID: 153, Data: 80 0 0 FF 0 FF 0 0
ID: 1F0, Data: 8C 40 59 BF 0 0 0 0
ID: 316, Data: 85 2E 98 25 2F 17 44 7A
ID: 153, Data: 80 0 0 FF 0 FF 0 0
ID: 329, Data: 8ED B2 7F 8 11 3A 11 26
ID: 316, Data: 85 2E BC 25 2F 17 44 7A
ID: 153, Data: 80 0 0 FF 0 FF 0 0
ID: 43F, Data: 844 48 60 FF 8A D4 24 0
ID: 153, Data: 80 0 0 FF 0 FF 0 0
ID: 316, Data: 85 2E BC 25 2F 17 44 7A
ID: 316, Data: 85 2E AA 25 2F 17 44 7A
ID: A1, Data: 881 7C 80 7E 24 0 0 0
ID: 316, Data: 85 2E CE 25 2E 17 44 7A
ID: 370, Data: 8FF DD F0 FF FF FF FF FF
ID: 2A0, Data: 8A1 C 6C 1C 35 0 12 0
ID: 316, Data: 85 2D E0 25 2C 17 44 7A
ID: 316, Data: 85 2C CE 25 2C 17 44 7A
ID: 43F, Data: 844 48 60 FF 8A 0 25 0
ID: 316, Data: 85 2C CE 25 2C 18 44 7A
ID: A1, Data: 880 7C 80 7E 22 0 0 0
ID: 316, Data: 85 2C AA 25 2C 18 44 7A
ID: 316, Data: 85 2B AA 25 2C 18 44 7A
ID: 260, Data: 8B 2C 2D 30 3 FF D5 2
ID: 316, Data: 85 2B BC 25 2C 18 44 7A
ID: 316, Data: 85 2C CE 25 2C 18 44 7A
ID: 1F1, Data: 80 B5 1C 92 21 2C 92 22
ID: 316, Data: 85 2B CE 25 2C 18 44 7A
ID: A1, Data: 880 7C 80 7E 21 0 0 0
ID: 316, Data: 85 2B E0 25 2C 18 44 7A
ID: 316, Data: 85 2B BC 25 2C 18 44 7A
ID: 260, Data: 8B 2C 2D 30 3 FF D5 3F
ID: 43F, Data: 844 48 60 FF 8A 14 25 0
ID: 329, Data: 8B B2 7F 8 11 39 F 26
ID: 5A0, Data: 80 0 0 90 0 0 0 0
ID: 316, Data: 85 2B E0 25 2C 18 44 7A
ID: 43F, Data: 844 48 60 FF 8A 1C 25 0
ID: 316, Data: 85 2B CE 25 2C 18 44 7A
ID: A1, Data: 880 7C 82 7E 21 0 0 0
ID: 153, Data: 80 0 0 FF 0 FF 0 0
ID: 316, Data: 85 2B CE 25 2C 18 44 7A
ID: 153, Data: 80 0 0 FF 0 FF 0 0
ID: 316, Data: 85 2B CE 25 2C 18 44 7A
ID: 153, Data: 80 0 0 FF 0 FF 0 0
ID: A1, Data: 87D 7C 80 7E 21 0 0 0
ID: 280, Data: 830 0 88 B2 4B 1A 6C 46
ID: 329, Data: 8ED B2 7F 8 11 39 14 26
ID: 316, Data: 85 2D E0 25 35 18 45 7A
ID: 329, Data: 8B B2 7F 8 11 3B 15 26
ID: 316, Data: 85 30 5 26 34 18 45 7A
ID: 316, Data: 85 31 2A 26 34 17 45 7A
ID: 260, Data: 8B 32 34 30 3 FF D4 4
ID: 43F, Data: 844 48 60 FF 8A 2C 25 0
ID: 316, Data: 85 33 2A 26 34 17 45 7A
ID: 260, Data: 8B 33 34 30 3 FF D4 3
ID: 316, Data: 85 33 5 26 33 17 45 7A
ID: 316, Data: 85 34 F3 25 34 17 45 7A
ID: 1F1, Data: 80 5E 20 F2 21 2C B2 22
ID: 43F, Data: 844 48 60 FF 8A 3C 25 0
ID: 2A0, Data: 861 E 6C 1C 35 0 12 0
ID: 316, Data: 85 34 5 26 33 17 45 7A
ID: 316, Data: 85 33 F3 25 33 17 45 7A
ID: 329, Data: 884 B2 7F 8 11 3B 15 26
ID: 43F, Data: 844 48 60 FF 8A 44 25 0
ID: 329, Data: 8ED B2 7F 8 11 3B 15 26
ID: A0, Data: 839 7E 5 26 45 32 2 0
ID: 316, Data: 85 33 5 26 34 17 45 7A
ID: 316, Data: 85 33 F3 25 34 17 45 7A
ID: 1F1, Data: 80 E8 1D 12 22 2E E2 22
ID: 43F, Data: 844 48 60 FF 8A 4C 25 0
ID: 440, Data: 8FE E4 45 A0 FF AA AA AA
ID: 316, Data: 85 34 CE 25 34 17 45 7A
ID: 18F, Data: 8AA 32 0 0 0 0 0 0
ID: 316, Data: 85 33 F3 25 34 17 45 7A
ID: 153, Data: 80 0 0 FF 0 FF 0 0
ID: 316, Data: 85 34 E0 25 34 17 45 7A
ID: 316, Data: 85 34 E0 25 34 17 45 7A
ID: A1, Data: 87A 7C 7E 7E 29 0 0 0
ID: 316, Data: 85 34 CE 25 34 17 45 7A
ID: 316, Data: 85 33 E0 25 34 17 45 7A
ID: A0, Data: 83A 7E CE 25 45 32 2 0
ID: 43F, Data: 844 48 60 FF 8A 5C 25 0
ID: 43F, Data: 844 48 60 FF 8A 68 25 0
ID: 43F, Data: 844 48 60 FF 8A 68 25 0
ID: 316, Data: 85 33 E0 25 33 17 45 7A
ID: A1, Data: 87A 7C 7E 7E 29 0 0 0
ID: 43F, Data: 844 48 60 FF 8A 6C 25 0
ID: 43F, Data: 844 48 60 FF 8A 64 25 0
ID: 260, Data: 8B 34 34 30 3 FF D3 21
ID: 316, Data: 85 34 CE 25 34 17 45 7A
ID: 329, Data: 8B B2 7F 8 11 3B 15 26
ID: 43F, Data: 844 48 60 FF 8A 54 25 0
ID: 370, Data: 8FF DE F0 FF FF FF FF FF
ID: 153, Data: 80 0 0 FF 0 FF 0 0
ID: 316, Data: 85 34 CE 25 34 17 45 7A
ID: 316, Data: 85 34 E0 25 34 17 45 7A
ID: 2A0, Data: 8A1 10 6C 1C 35 0 12 0
ID: 43F, Data: 844 48 60 FF 8A 6C 25 0
ID: 316, Data: 85 34 E0 25 34 17 45 7A
ID: 153, Data: 80 0 0 FF 0 FF 0 0
ID: 316, Data: 85 33 CE 25 34 17 45 7A
ID: 153, Data: 80 0 0 FF 0 FF 0 0
ID: 329, Data: 884 B2 7F 8 11 3B 15 26
ID: 316, Data: 85 34 BC 25 34 17 45 7A
ID: 43F, Data: 844 48 60 FF 8A 60 25 0
ID: 43F, Data: 844 48 60 FF 8A 6C 25 0
ID: 545, Data: 8DC 90 0 8D FF 1 FF 1
ID: 316, Data: 85 34 CE 25 34 17 45 7A
ID: 316, Data: 85 34 BC 25 34 17 45 7A
ID: A1, Data: 87A 7C 80 7C 29 0 0 0
ID: 43F, Data: 844 48 60 FF 8A 68 25 0
ID: 43F, Data: 844 48 60 FF 8A 70 25 0
ID: 18F, Data: 8AA 32 0 0 0 0 0 0
ID: 316, Data: 85 34 CE 25 34 17 45 7A
ID: 153, Data: 80 0 0 FF 0 FF 0 0
ID: 329, Data: 8B B2 7F 8 11 3B 15 26
ID: 316, Data: 85 34 AA 25 33 17 45 7A
ID: 329, Data: 840 B2 7F 8 11 3B 15 26
ID: 316, Data: 85 33 AA 25 34 17 45 7A
ID: 316, Data: 85 33 BC 25 33 17 45 7A
ID: 316, Data: 85 34 AA 25 33 17 45 7A
ID: 316, Data: 85 34 AA 25 33 17 45 7A
ID: 153, Data: 80 0 0 FF 0 FF 0 0
ID: 43F, Data: 844 48 60 FF 8A 60 25 0
ID: 1F0, Data: 8E 40 59 BF 0 0 0 0
ID: 329, Data: 840 B2 7F 8 11 3B 15 26
ID: 280, Data: 830 0 88 B2 4B 1F 6C 57
ID: 153, Data: 80 0 0 FF 0 FF 0 0
ID: 316, Data: 85 33 AA 25 33 17 45 7A
ID: 316, Data: 85 34 AA 25 33 17 45 7A
ID: A0, Data: 83B 7E 98 25 45 32 2 0
ID: 316, Data: 85 34 AA 25 34 17 45 7A
ID: 316, Data: 85 33 AA 25 34 17 45 7A
ID: 43F, Data: 844 48 60 FF 8A 4C 25 0
ID: 316, Data: 85 33 98 25 34 17 45 7A
ID: A1, Data: 87A 7C 81 7C 29 0 0 0
ID: 316, Data: 85 33 74 25 34 17 45 7A
ID: 316, Data: 85 33 98 25 34 17 45 7A
ID: 18F, Data: 8AA 32 0 0 0 0 0 0
ID: 316, Data: 85 33 86 25 34 17 45 7A
ID: 43F, Data: 844 48 60 FF 8A 3C 25 0
ID: 316, Data: 85 33 86 25 34 17 45 7A
ID: 153, Data: 80 0 0 FF 0 FF 0 0
ID: 153, Data: 80 0 0 FF 0 FF 0 0
ID: 316, Data: 85 33 86 25 34 17 45 7A
ID: 153, Data: 80 0 0 FF 0 FF 0 0
ID: 316, Data: 85 33 86 25 34 17 45 7A
ID: 316, Data: 85 33 86 25 34 17 45 7A
ID: 545, Data: 8DC 91 0 8D EB 1 EB 1
ID: 43F, Data: 844 48 60 FF 8A 38 25 0
ID: 1F1, Data: 80 4D 1C E2 21 2D C2 22
ID: 440, Data: 8FE E4 45 A0 FF AA AA AA
ID: 316, Data: 85 33 86 25 34 17 45 7A
ID: A0, Data: 83A 7E 86 25 45 32 2 0
ID: 43F, Data: 844 48 60 FF 8A 28 25 0
ID: 440, Data: 8FE 34 44 A0 FF AA AA AA
ID: A1, Data: 87C 7C 80 7C 29 0 0 0
ID: 316, Data: 85 33 74 25 34 17 45 7A
ID: 280, Data: 830 0 88 B2 4A 1E 6C 57
ID: 43F, Data: 844 48 60 FF 8A 2C 25 0
ID: 316, Data: 85 33 86 25 34 17 45 7A
ID: 153, Data: 80 0 0 FF 0 FF 0 0
ID: 316, Data: 85 33 86 25 34 17 45 7A
ID: 1F1, Data: 80 9 20 F2 21 2D D2 22
ID: 280, Data: 830 0 88 B2 4B 1F 6C 57
ID: 43F, Data: 844 48 60 FF 8A 40 25 0
ID: 316, Data: 85 33 86 25 2E 17 45 7A
ID: 316, Data: 85 33 86 25 2E 17 45 7A
ID: 316, Data: 85 33 74 25 2D 17 45 7A
ID: 43F, Data: 844 48 60 FF 8A 24 25 0
ID: 316, Data: 85 31 74 25 2D 17 45 7A
ID: A1, Data: 87C 7C 81 7C 28 0 0 0
ID: 153, Data: 80 0 0 FF 0 FF 0 0
ID: 316, Data: 85 30 62 25 2D 17 45 7A
ID: 153, Data: 80 0 0 FF 0 FF 0 0
ID: 316, Data: 85 30 62 25 2C 17 45 7A
ID: 316, Data: 85 2E 74 25 2B 17 45 7A
ID: A1, Data: 87C 7C 80 7E 26 0 0 0
ID: 43F, Data: 844 48 60 FF 8A 28 25 0
ID: 43F, Data: 844 48 60 FF 8A 20 25 0
ID: 545, Data: 8DC 7F 0 8D 79 1 79 1
ID: 316, Data: 85 2D 74 25 2C 18 45 7A
ID: 153, Data: 80 0 0 FF 0 FF 0 0
ID: 5F0, Data: 20 0
ID: 2A0, Data: 81 12 6C 1C 35 0 12 0
ID: 280, Data: 830 0 88 B2 4A 1A 6C 48
ID: A1, Data: 87B 7C 82 7E 22 0 0 0
ID: 316, Data: 85 2B 74 25 28 18 45 7A
ID: 370, Data: 8FF E0 F0 FF FF FF FF FF
ID: A0, Data: 830 7E 86 25 45 30 2 0
ID: 316, Data: 85 2A 74 25 28 18 45 7A
ID: 316, Data: 85 2A 62 25 28 18 45 7A
ID: 5F0, Data: 20 0
ID: 316, Data: 85 28 62 25 2F 18 45 7A
ID: 153, Data: 80 0 0 FF 0 FF 0 0
ID: 153, Data: 80 0 0 FF 0 FF 0 0
ID: 545, Data: 8DC 73 0 8D 3C 1 3C 1
ID: 316, Data: 85 2B 50 25 31 18 45 7A
ID: 280, Data: 830 0 88 B2 4A 1A 6C 47
ID: 153, Data: 80 0 0 FF 0 FF 0 0
ID: 316, Data: 85 2D 74 25 31 18 45 7A
ID: 153, Data: 80 0 0 FF 0 FF 0 0
ID: A1, Data: 87C 7C 80 7E 24 0 0 0
ID: 329, Data: 884 B2 7F 8 11 3A 12 26
ID: 545, Data: 8DC 89 0 8D A2 1 A2 1
ID: 43F, Data: 844 48 60 FF 8A 24 25 0
ID: 153, Data: 80 0 0 FF 0 FF 0 0
ID: 153, Data: 80 0 0 FF 0 FF 0 0
ID: 316, Data: 85 30 86 25 30 17 45 7A
ID: 316, Data: 85 30 74 25 30 17 45 7A
ID: 43F, Data: 844 48 60 FF 8A 2C 25 0
ID: 153, Data: 80 0 0 FF 0 FF 0 0
ID: 18F, Data: 8AA 32 0 0 0 0 0 0
ID: 316, Data: 85 30 86 25 30 17 45 7A
ID: 43F, Data: 844 48 60 FF 8A 2C 25 0
ID: 260, Data: 8B 30 31 30 3 FF D5 17
ID: 153, Data: 80 0 0 FF 0 FF 0 0
ID: 316, Data: 85 30 74 25 31 17 45 7A
ID: 316, Data: 85 30 62 25 32 17 45 7A
ID: A0, Data: 835 7E 74 25 45 31 2 0
ID: 43F, Data: 844 48 60 FF 8A 3C 25 0
ID: 43F, Data: 844 48 60 FF 8A 4C 25 0
ID: 440, Data: 8FE 34 44 A0 FF AA AA AA
ID: 316, Data: 85 31 86 25 37 17 45 7A
ID: 43F, Data: 844 48 60 FF 8A 38 25 0
ID: 316, Data: 85 33 98 25 37 17 45 7A
ID: 153, Data: 80 0 0 FF 0 FF 0 0
ID: 153, Data: 80 0 0 FF 0 FF 0 0
ID: 316, Data: 85 35 AA 25 29 17 45 7A
ID: 153, Data: 80 0 0 FF 0 FF 0 0
ID: 316, Data: 85 35 BC 25 29 17 45 7A
ID: 153, Data: 80 0 0 FF 0 FF 0 0
ID: 280, Data: 830 0 88 B2 4B 1D 6C 55
ID: 316, Data: 85 2F 98 25 29 17 45 7A
ID: A1, Data: 87C 7C 7E 7C 29 0 0 0
ID: 316, Data: 85 2D 74 25 29 17 45 7A
ID: 316, Data: 85 2D 74 25 29 17 45 7A
ID: A0, Data: 830 7E 86 25 46 2F 2 0
ID: 316, Data: 85 2B 86 25 2B 18 45 7A
ID: 316, Data: 85 2B 98 25 2C 18 45 7A
ID: A1, Data: 87B 7C 7B 7E 23 0 0 0
ID: 316, Data: 85 2A AA 25 2F 18 45 7A
ID: 1F0, Data: 811 40 59 BF 0 0 0 0
ID: 43F, Data: 844 48 60 FF 8A 74 25 0
ID: 43F, Data: 844 48 60 FF 8A 84 25 0
ID: 316, Data: 85 2D CE 25 31 18 45 7A
ID: 153, Data: 80 0 0 FF 0 FF 0 0
ID: 1F1, Data: 80 5E 21 62 22 30 22 23
ID: 316, Data: 85 2F 5 26 31 18 45 7A
ID: 545, Data: 8DC 88 0 8D 9A 1 9A 1
ID: 43F, Data: 844 48 60 FF 8A 94 25 0
ID: 5F0, Data: 20 0
ID: 329, Data: 840 B2 7F 8 11 3A 11 26
ID: 316, Data: 85 30 18 26 2E 17 45 7A
ID: 153, Data: 80 0 0 FF 0 FF 0 0
ID: 43F, Data: 844 48 60 FF 8A AC 25 0
ID: 316, Data: 85 2F 5 26 2E 18 46 7A
ID: 260, Data: 8B 2F 2F 30 3 FF D5 1C
ID: 316, Data: 85 2F F3 25 30 17 46 7A
ID: 316, Data: 85 2F 5 26 30 17 46 7A
ID: A0, Data: 836 7D F3 25 46 31 2 0
ID: 5F0, Data: 20 0
ID: 153, Data: 80 0 0 FF 0 FF 0 0
ID: 440, Data: 8FE 94 45 A0 FF AA AA AA
ID: 5F0, Data: 20 0
ID: 545, Data: 8DC 86 0 8D 9B 1 9B 1
ID: 329, Data: 8B B1 7F 8 11 3A 16 26
ID: 2A0, Data: 8A1 12 6C 1C 35 0 12 0
ID: 153, Data: 80 0 0 FF 0 FF 0 0
ID: 316, Data: 85 33 3D 26 36 17 46 7A
ID: 316, Data: 85 34 50 26 36 17 46 7A
ID: 329, Data: 884 B1 7F 8 11 3C 16 26
ID: 316, Data: 85 35 3D 26 36 17 46 7A
ID: 316, Data: 85 35 50 26 36 17 46 7A
ID: 5F0, Data: 20 0
ID: 316, Data: 85 36 50 26 35 17 46 7A
ID: 316, Data: 85 36 50 26 35 17 46 7A
ID: 153, Data: 80 0 0 FF 0 FF 0 0
ID: 316, Data: 85 36 63 26 35 17 46 7A
ID: 316, Data: 85 36 50 26 35 17 46 7A
ID: 316, Data: 85 36 50 26 35 17 46 7A
ID: 43F, Data: 844 48 60 FF 8A 18 26 0
ID: 316, Data: 85 36 50 26 35 17 46 7A
ID: 153, Data: 80 0 0 FF 0 FF 0 0
ID: 316, Data: 85 36 50 26 35 17 46 7A
ID: 316, Data: 85 36 63 26 35 17 46 7A
ID: 2A0, Data: 81 12 6C 1C 35 0 12 0
ID: 440, Data: 8FE 94 46 A0 FF AA AA AA
ID: 316, Data: 85 36 76 26 35 17 46 7A
ID: 153, Data: 80 0 0 FF 0 FF 0 0
ID: 316, Data: 85 35 89 26 35 17 47 7A
ID: 153, Data: 80 0 0 FF 0 FF 0 0
ID: 545, Data: 8DC 99 0 8D 17 2 17 2
ID: 316, Data: 85 35 89 26 35 17 47 7A
ID: 1F1, Data: 80 C5 2E D2 22 3C D2 23
ID: 5F0, Data: 20 0
ID: 316, Data: 85 35 9C 26 35 17 47 7A
ID: 316, Data: 85 35 AF 26 35 17 47 7A
ID: 153, Data: 80 0 0 FF 0 FF 0 0
ID: 5F0, Data: 20 0
ID: 1F0, Data: 8D 40 59 BF 0 0 0 0
ID: 43F, Data: 844 48 60 FF 8A 58 26 0
ID: 153, Data: 80 0 0 FF 0 FF 0 0
ID: 370, Data: 8FF DD F0 FF FF FF FF FF
ID: 316, Data: 85 35 C2 26 35 17 47 7A
ID: 43F, Data: 844 48 60 FF 8A 80 26 0
ID: 316, Data: 85 35 D5 26 35 17 47 7A
ID: 2A0, Data: 8C1 13 6C 1C 35 0 12 0
ID: 5F0, Data: 20 0
ID: 316, Data: 85 35 E9 26 36 17 47 7A
ID: 153, Data: 80 0 0 FF 0 FF 0 0
ID: 1F1, Data: 80 A3 2E 22 23 3F 12 24
ID: 18F, Data: 8AA 32 0 0 0 0 0 0
ID: 316, Data: 85 35 D5 26 37 17 47 7A
ID: 153, Data: 80 0 0 FF 0 FF 0 0
ID: 153, Data: 80 0 0 FF 0 FF 0 0
ID: 316, Data: 85 35 E9 26 37 17 47 7A
ID: 153, Data: 80 0 0 FF 0 FF 0 0
ID: 316, Data: 85 35 D5 26 37 17 47 7A
ID: 316, Data: 85 36 FC 26 37 17 47 7A
ID: 545, Data: 8DC A5 0 8D 23 2 23 2
ID: 316, Data: 85 36 E9 26 36 17 47 7A
ID: 1F1, Data: 80 4C 32 2 23 40 F2 23
ID: 18F, Data: 8AA 32 0 0 0 0 0 0
ID: 316, Data: 85 36 E9 26 2F 17 47 7A
ID: 43F, Data: 844 48 60 FF 8A 98 26 0
ID: 316, Data: 85 34 10 27 2E 17 47 7A
ID: 153, Data: 80 0 0 FF 0 FF 0 0
ID: 316, Data: 85 32 C2 26 E 17 47 7A
ID: 316, Data: 85 2F D5 26 B 18 47 7A
ID: 316, Data: 85 2B C2 26 C 18 47 7A
ID: A1, Data: 883 7D 87 7C 26 0 0 0
ID: 153, Data: 80 0 0 FF 0 FF 0 0
ID: 5F0, Data: 20 0
ID: 153, Data: 80 0 0 FF 0 FF 0 0
ID: 43F, Data: 844 48 60 FF 8A 54 26 0
ID: 2A0, Data: 81 12 6C 1C 35 0 12 0
ID: 43F, Data: 844 48 60 FF 8A 64 26 0
ID: 43F, Data: 844 48 60 FF 89 4C 26 0
ID: 260, Data: 8B 1B 1D 30 3 FF D2 8
ID: 316, Data: 85 1A F3 25 1D 1A 47 7A
ID: 316, Data: 85 1A CE 25 1D 1A 47 7A
ID: 5F0, Data: 20 0
ID: 316, Data: 85 1B E0 25 1D 1A 47 7A
ID: 153, Data: 80 0 0 FF 0 FF 0 0
ID: A0, Data: 81F 7D 2A 26 47 2A 2 0
ID: 316, Data: 85 1C 50 26 1D 1A 47 7A
ID: 1F1, Data: 80 82 2F C2 22 39 B2 23
ID: 316, Data: 85 1D 3D 26 27 1A 47 7A
ID: 545, Data: 8DC 53 0 8D 54 0 54 0
ID: 316, Data: 85 20 3D 26 27 1A 47 7A
ID: 316, Data: 85 21 50 26 26 19 46 7A
ID: 260, Data: 8B 22 27 30 3 FF D5 3F
ID: 43F, Data: 844 48 60 FF 8A 34 26 0
ID: 316, Data: 85 23 89 26 26 19 46 7A
ID: 153, Data: 80 0 0 FF 0 FF 0 0
ID: 316, Data: 85 24 89 26 28 19 46 7A
ID: 153, Data: 80 0 0 FF 0 FF 0 0
ID: 260, Data: 8B 25 2C 30 3 FF D5 37
ID: 316, Data: 85 27 76 26 2D 19 46 7A
ID: A0, Data: 831 7D 89 26 46 30 2 0
ID: 316, Data: 85 28 89 26 2E 19 46 7A
ID: 316, Data: 85 29 AF 26 2D 19 46 7A
ID: 43F, Data: 844 48 60 FF 8A C8 25 0
ID: 316, Data: 85 2A 9C 26 2D 19 46 7A
ID: 153, Data: 80 0 0 FF 0 FF 0 0
ID: 43F, Data: 844 48 60 FF 8A C8 25 0
ID: 153, Data: 80 0 0 FF 0 FF 0 0
ID: 316, Data: 85 2C 9C 26 2D 18 46 7A
ID: 316, Data: 85 2C 9C 26 2D 18 46 7A
ID: 43F, Data: 844 48 60 FF 89 C0 25 0
ID: 440, Data: 8FE 94 45 A0 FF AA AA AA
ID: 18F, Data: 8AA 32 0 0 0 0 0 0
ID: 153, Data: 80 0 0 FF 0 FF 0 0
ID: 316, Data: 85 2D 9C 26 2D 18 46 7A
ID: 440, Data: 8FE 94 45 A0 FF AA AA AA
ID: 316, Data: 85 2D 9C 26 2D 18 46 7A
ID: 153, Data: 80 0 0 FF 0 FF 0 0
ID: 153, Data: 80 0 0 FF 0 FF 0 0
ID: 43F, Data: 844 48 60 FF 89 B4 25 0
ID: 153, Data: 80 0 0 FF 0 FF 0 0
ID: 316, Data: 85 2C 89 26 2D 18 46 7A
ID: 316, Data: 85 2C 76 26 2D 18 46 7A
ID: 2A0, Data: 8C1 10 6C 1C 35 0 12 0
ID: 316, Data: 85 2C 89 26 2D 18 46 7A
ID: 316, Data: 85 2C 89 26 2D 18 46 7A
ID: 5F0, Data: 20 0
ID: 316, Data: 85 2C 76 26 2F 18 46 7A
ID: 316, Data: 85 2C 76 26 2F 18 46 7A
ID: A1, Data: 880 7F 81 7E 21 0 0 0
ID: 153, Data: 80 0 0 FF 0 FF 0 0
ID: 316, Data: 85 2D 76 26 30 18 46 7A
ID: 153, Data: 80 0 0 FF 0 FF 0 0
ID: 329, Data: 8ED B1 7F 8 11 3A F 26
ID: 316, Data: 85 2D 76 26 29 18 46 7A
ID: 2A0, Data: 861 10 6C 1C 35 0 12 0
ID: 43F, Data: 844 48 60 FF 89 B4 25 0
ID: 43F, Data: 844 48 60 FF 8A A0 25 0
ID: 440, Data: 8FE E4 45 A0 FF AA AA AA
ID: 316, Data: 85 2E 89 26 29 18 46 7A
ID: 43F, Data: 844 48 60 FF 8A 9C 25 0
ID: 370, Data: 8FF E0 F0 FF FF FF FF FF
ID: 153, Data: 80 0 0 FF 0 FF 0 0
ID: 316, Data: 85 2C 63 26 30 18 45 7A
ID: 316, Data: 85 2C 63 26 30 18 45 7A
ID: 18F, Data: 8AA 32 0 0 0 0 0 0
ID: 43F, Data: 844 48 60 FF 8A 98 25 0
ID: 153, Data: 80 0 0 FF 0 FF 0 0
ID: 153, Data: 80 0 0 FF 0 FF 0 0
ID: 316, Data: 85 2F 76 26 30 18 45 7A
ID: 153, Data: 80 0 0 FF 0 FF 0 0
ID: 153, Data: 80 0 0 FF 0 FF 0 0
ID: 316, Data: 85 2F 76 26 31 18 45 7A
ID: 153, Data: 80 0 0 FF 0 FF 0 0
ID: 316, Data: 85 30 9C 26 32 18 45 7A
ID: 153, Data: 80 0 0 FF 0 FF 0 0
ID: 2A0, Data: 8A1 10 6C 1C 35 0 12 0
ID: 329, Data: 884 B1 7F 8 11 3B 15 26
ID: A1, Data: 87E 7F 80 7E 25 0 0 0
ID: 316, Data: 85 32 89 26 34 18 45 7A
ID: 1F1, Data: 80 6E 25 22 22 31 22 23
ID: 1F0, Data: 8C 40 59 BF 0 0 0 0
ID: 316, Data: 85 33 9C 26 33 17 45 7A
ID: 43F, Data: 844 48 60 FF 8A 8C 25 0
ID: 18F, Data: 8AA 32 0 0 0 0 0 0
ID: 153, Data: 80 0 0 FF 0 FF 0 0
ID: 316, Data: 85 34 89 26 33 17 45 7A
ID: A0, Data: 83B 7D 9C 26 46 33 2 0
ID: 153, Data: 80 0 0 FF 0 FF 0 0
ID: 316, Data: 85 34 9C 26 33 17 45 7A
ID: 370, Data: 8FF E0 F0 FF FF FF FF FF
ID: 545, Data: 8DC 92 0 8D D 2 D 2
ID: 316, Data: 85 35 63 26 33 17 45 7A
ID: 153, Data: 80 0 0 FF 0 FF 0 0
ID: 545, Data: 8DC 95 0 8D F9 1 F9 1
ID: 316, Data: 85 34 76 26 32 17 46 7A
ID: 280, Data: 830 0 88 B1 4C 1F 6C 55
ID: 1F0, Data: 8D 40 59 BF 0 0 0 0
ID: 43F, Data: 844 48 60 FF 8A AC 25 0
ID: 43F, Data: 844 48 60 FF 8A A4 25 0
ID: 153, Data: 80 0 0 FF 0 FF 0 0
ID: 153, Data: 80 0 0 FF 0 FF 0 0
ID: 316, Data: 85 32 63 26 31 17 46 7A
ID: 43F, Data: 844 48 60 FF 8A BC 25 0
ID: 316, Data: 85 32 63 26 31 17 46 7A
ID: 153, Data: 80 0 0 FF 0 FF 0 0
ID: 153, Data: 80 0 0 FF 0 FF 0 0
ID: 316, Data: 85 31 63 26 31 17 46 7A
ID: A1, Data: 87A 7E 7C 7E 27 0 0 0
ID: 316, Data: 85 31 50 26 31 17 46 7A
ID: 316, Data: 85 31 50 26 31 17 46 7A
ID: 43F, Data: 844 48 60 FF 8A C4 25 0
ID: 43F, Data: 844 48 60 FF 8A C4 25 0
ID: A0, Data: 838 7D 50 26 46 32 2 0
ID: 316, Data: 85 31 63 26 31 17 46 7A
ID: 316, Data: 85 31 50 26 31 18 46 7A
ID: 43F, Data: 844 48 60 FF 89 D0 25 0
ID: 316, Data: 85 31 63 26 32 18 46 7A
ID: 153, Data: 80 0 0 FF 0 FF 0 0
ID: 153, Data: 80 0 0 FF 0 FF 0 0
ID: 316, Data: 85 31 2A 26 32 17 46 7A
ID: 440, Data: 8FE 34 45 A0 FF AA AA AA
ID: 316, Data: 85 31 18 26 32 17 46 7A
ID: 153, Data: 80 0 0 FF 0 FF 0 0
ID: 370, Data: 8FF E0 F0 FF FF FF FF FF
ID: 43F, Data: 844 48 60 FF 89 B4 25 0
ID: 260, Data: 8B 32 32 30 3 FF D4 33
ID: 153, Data: 80 0 0 FF 0 FF 0 0
ID: 329, Data: 8ED B1 7F 8 11 3B 14 26
ID: 153, Data: 80 0 0 FF 0 FF 0 0
ID: 153, Data: 80 0 0 FF 0 FF 0 0
ID: 316, Data: 85 32 2A 26 32 17 46 7A
ID: 370, Data: 8FF E0 F0 FF FF FF FF FF
ID: 153, Data: 80 0 0 FF 0 FF 0 0
ID: 153, Data: 80 0 0 FF 0 FF 0 0
ID: 316, Data: 85 32 3D 26 32 17 46 7A
ID: 153, Data: 80 0 0 FF 0 FF 0 0
ID: 316, Data: 85 32 2A 26 32 17 46 7A
ID: 316, Data: 85 32 2A 26 32 17 46 7A
ID: 260, Data: 8B 32 32 30 3 FF D4 24
ID: 316, Data: 85 32 2A 26 32 17 46 7A
ID: 316, Data: 85 32 5 26 32 17 46 7A
ID: 316, Data: 85 32 18 26 32 17 46 7A
ID: 316, Data: 85 32 2A 26 32 17 46 7A
ID: A0, Data: 839 7D 2A 26 46 32 2 0
ID: 43F, Data: 844 48 60 FF 8A D0 25 0
ID: 316, Data: 85 32 2A 26 34 17 46 7A
ID: 43F, Data: 844 48 60 FF 8A DC 25 0
ID: 316, Data: 85 32 2A 26 34 17 46 7A
ID: A1, Data: 87C 7D 7E 7E 28 0 0 0
ID: 43F, Data: 844 48 60 FF 8A D4 25 0
ID: 43F, Data: 844 48 60 FF 8A DC 25 0
ID: 2A0, Data: 81 12 6C 1C 35 0 12 0
ID: 316, Data: 85 32 2A 26 2C 17 46 7A
ID: 316, Data: 85 33 3D 26 2C 17 46 7A
ID: 5F0, Data: 20 0
ID: 43F, Data: 844 48 60 FF 8A D4 25 0
ID: 153, Data: 80 0 0 FF 0 FF 0 0
ID: 18F, Data: 8AA 32 0 0 0 0 0 0
ID: 316, Data: 85 2F F3 25 31 17 46 7A
ID: 43F, Data: 844 48 60 FF 8A D4 25 0
ID: A0, Data: 835 7D 5 26 46 31 2 0
ID: 153, Data: 80 0 0 FF 0 FF 0 0
ID: 316, Data: 85 2F 18 26 33 18 46 7A
ID: 153, Data: 80 0 0 FF 0 FF 0 0
ID: 316, Data: 85 30 18 26 35 18 46 7A
ID: 316, Data: 85 31 2A 26 35 18 46 7A
ID: 260, Data: 8B 32 36 30 3 FF D4 2
ID: 43F, Data: 844 48 60 FF 8A CC 25 0
ID: 1F1, Data: 80 2A 27 82 22 35 52 23
ID: 1F1, Data: 80 2B 28 52 22 33 52 23
ID: 316, Data: 85 34 3D 26 36 17 46 7A
ID: A0, Data: 83E 7D 3D 26 46 33 2 0
ID: 43F, Data: 844 48 60 FF 8A CC 25 0
ID: 43F, Data: 844 48 60 FF 8A BC 25 0
ID: 18F, Data: 8AA 32 0 0 0 0 0 0
ID: 316, Data: 85 36 3D 26 37 17 46 7A
ID: 153, Data: 80 0 0 FF 0 FF 0 0
ID: 545, Data: 8DC 99 0 8D 30 2 30 2
ID: 316, Data: 85 36 2A 26 37 17 46 7A
ID: 153, Data: 80 0 0 FF 0 FF 0 0
ID: 5F0, Data: 20 0
ID: 153, Data: 80 0 0 FF 0 FF 0 0
ID: A1, Data: 87E 7D 80 7C 2A 0 0 0
ID: 329, Data: 840 B1 7F 8 11 3C 19 26
ID: 316, Data: 85 37 18 26 3A 17 46 7A
ID: 153, Data: 80 0 0 FF 0 FF 0 0
ID: 316, Data: 85 38 2A 26 3A 16 46 7A
ID: 316, Data: 85 39 2A 26 3A 16 46 7A
ID: 260, Data: 8B 39 3A 30 3 FF D1 19
ID: 316, Data: 85 39 3D 26 3A 16 46 7A
ID: 280, Data: 830 0 88 B1 4C 22 6C 5E
ID: 153, Data: 80 0 0 FF 0 FF 0 0
ID: 316, Data: 85 3A 3D 26 39 16 46 7A
ID: 153, Data: 80 0 0 FF 0 FF 0 0
ID: A0, Data: 842 7D 2A 26 46 34 2 0
ID: 316, Data: 85 39 18 26 3A 16 46 7A
ID: 545, Data: 8DC A0 0 8D 71 2 71 2
ID: 43F, Data: 844 48 60 FF 8A DC 25 0
ID: 316, Data: 85 3A 2A 26 39 16 46 7A
ID: 370, Data: 8FF E0 F0 FF FF FF FF FF
ID: 316, Data: 85 3A 3D 26 39 16 46 7A
ID: 43F, Data: 844 48 60 FF 8A D8 25 0
ID: 440, Data: 8FE 94 46 A0 FF AA AA AA
ID: 153, Data: 80 0 0 FF 0 FF 0 0
ID: 153, Data: 80 0 0 FF 0 FF 0 0
ID: 316, Data: 85 3A 18 26 3A 16 46 7A
ID: 153, Data: 80 0 0 FF 0 FF 0 0
ID: 316, Data: 85 3A 2A 26 3A 16 46 7A
ID: 153, Data: 80 0 0 FF 0 FF 0 0
ID: 2A0, Data: 81 15 6C 1C 35 0 12 0
ID: 316, Data: 85 3A 18 26 3A 16 46 7A
ID: 2A0, Data: 8C1 15 6C 1C 35 0 12 0
ID: 316, Data: 85 39 2A 26 3A 16 46 7A
ID: 316, Data: 85 3A 18 26 3A 16 46 7A
ID: 43F, Data: 844 48 60 FF 8A CC 25 0
ID: 316, Data: 85 3A 50 26 3A 16 46 7A
ID: 153, Data: 80 0 0 FF 0 FF 0 0
ID: 5F0, Data: 20 0
ID: 153, Data: 80 0 0 FF 0 FF 0 0
ID: 43F, Data: 844 48 60 FF 8A DC 25 0
ID: 153, Data: 80 0 0 FF 0 FF 0 0
ID: 153, Data: 80 0 0 FF 0 FF 0 0
ID: 316, Data: 85 3A 3D 26 3A 16 46 7A
ID: A0, Data: 842 7D 3D 26 46 34 2 0
ID: 316, Data: 85 3A 50 26 3A 16 46 7A
ID: 316, Data: 85 39 3D 26 3A 16 46 7A
ID: 43F, Data: 844 48 60 FF 8A E0 25 0
ID: 316, Data: 85 39 50 26 3A 16 46 7A
ID: 153, Data: 80 0 0 FF 0 FF 0 0
ID: 316, Data: 85 3A 3D 26 3A 16 46 7A
ID: 153, Data: 80 0 0 FF 0 FF 0 0
ID: 280, Data: 830 0 88 B1 4C 23 6C 5D
ID: 316, Data: 85 3A 3D 26 35 16 46 7A
ID: 153, Data: 80 0 0 FF 0 FF 0 0
ID: 43F, Data: 844 48 60 FF 8A E8 25 0
ID: 153, Data: 80 0 0 FF 0 FF 0 0
ID: 1F1, Data: 80 A3 2B 72 22 36 62 23
ID: 316, Data: 85 36 2A 26 34 17 46 7A
ID: A0, Data: 83C 7D 3D 26 46 33 2 0
ID: 316, Data: 85 35 18 26 29 17 46 7A
ID: 316, Data: 85 34 18 26 24 17 46 7A
ID: 153, Data: 80 0 0 FF 0 FF 0 0
ID: 5F0, Data: 20 0
ID: 153, Data: 80 0 0 FF 0 FF 0 0
ID: 43F, Data: 844 48 60 FF 8A C8 25 0
ID: 5F0, Data: 20 0
ID: 316, Data: 85 2B F3 25 24 18 46 7A
ID: 153, Data: 80 0 0 FF 0 FF 0 0
ID: A0, Data: 82B 7D F3 25 46 2E 2 0
ID: 316, Data: 85 28 5 26 25 19 46 7A
ID: 545, Data: 8DC 6D 0 8D 11 1 11 1
ID: 316, Data: 85 27 F3 25 25 19 46 7A
ID: 153, Data: 80 0 0 FF 0 FF 0 0
ID: 260, Data: 8B 26 26 30 3 FF D5 3C
ID: 316, Data: 85 26 50 26 24 19 46 7A
ID: 260, Data: 8B 26 25 30 3 FF D5 1F
ID: 43F, Data: 844 48 60 FF 8A 8C 25 0
ID: 280, Data: 830 0 88 B1 4B 16 6C 3B
ID: 316, Data: 85 25 E0 25 25 19 45 7A
ID: 316, Data: 85 24 CE 25 2A 19 45 7A
ID: 5F0, Data: 20 0
ID: 43F, Data: 844 48 60 FF 8A 6C 25 0
ID: 153, Data: 80 0 0 FF 0 FF 0 0
ID: 153, Data: 80 0 0 FF 0 FF 0 0
ID: 280, Data: 830 0 88 B1 4B 19 6C 41
ID: 440, Data: 8FE 34 45 A0 FF AA AA AA
ID: 153, Data: 80 0 0 FF 0 FF 0 0
ID: 1F1, Data: 80 4C 20 D2 21 2D E2 22
ID: 316, Data: 85 31 76 26 35 18 45 7A
ID: 260, Data: 8B 31 35 30 3 FF D4 13
ID: 43F, Data: 844 48 60 FF 8A 50 25 0
ID: 316, Data: 85 32 63 26 35 18 45 7A
ID: 153, Data: 80 0 0 FF 0 FF 0 0
ID: 316, Data: 85 32 50 26 36 17 45 7A
ID: 316, Data: 85 33 3D 26 36 17 45 7A
ID: 545, Data: 8DC 9A 0 8D EB 1 EB 1
ID: 43F, Data: 844 48 60 FF 8A 38 25 0
ID: 43F, Data: 844 48 60 FF 8A 48 25 0
ID: 260, Data: 8B 35 39 30 3 FF D3 1C
ID: 316, Data: 85 34 63 26 3A 17 45 7A
ID: 316, Data: 85 36 63 26 3A 17 45 7A
ID: 43F, Data: 844 48 60 FF 8A 3C 25 0
ID: 316, Data: 85 36 76 26 3D 17 45 7A
ID: 153, Data: 80 0 0 FF 0 FF 0 0
ID: 316, Data: 85 39 76 26 3E 16 45 7A
ID: 153, Data: 80 0 0 FF 0 FF 0 0
ID: 153, Data: 80 0 0 FF 0 FF 0 0
ID: 316, Data: 85 3C 89 26 3D 16 45 7A
ID: 153, Data: 80 0 0 FF 0 FF 0 0
ID: 2A0, Data: 861 14 6B 1C 35 0 12 0
ID: 316, Data: 85 3D 9C 26 3D 16 45 7A
ID: 153, Data: 80 0 0 FF 0 FF 0 0
ID: 5F0, Data: 20 0
ID: 153, Data: 80 0 0 FF 0 FF 0 0
ID: 153, Data: 80 0 0 FF 0 FF 0 0
ID: 18F, Data: 8AA 32 0 0 0 0 0 0
ID: 316, Data: 85 3D AF 26 3D 16 45 7A
ID: 43F, Data: 844 48 60 FF 8A 48 25 0
ID: 260, Data: 8B 3D 3E 30 3 FF CE 24
ID: 153, Data: 80 0 0 FF 0 FF 0 0
ID: 280, Data: 830 0 88 B1 4D 25 6B 61
ID: 316, Data: 85 3C 9C 26 3D 16 45 7A
ID: 43F, Data: 844 48 60 FF 8A 54 25 0
ID: 43F, Data: 844 48 60 FF 8A 5C 25 0
ID: 2A0, Data: 8C1 16 6B 1C 35 0 12 0
ID: 153, Data: 80 0 0 FF 0 FF 0 0
ID: 316, Data: 85 3D AF 26 37 16 45 7A
ID: 153, Data: 80 0 0 FF 0 FF 0 0
ID: A1, Data: 87D 7E 7E 7E 2E 0 0 0
ID: 329, Data: 8B B1 7F 8 11 3D 18 26
ID: 280, Data: 830 0 88 B1 4C 22 6B 5D
ID: 153, Data: 80 0 0 FF 0 FF 0 0
ID: 316, Data: 85 38 76 26 38 17 45 7A
ID: 316, Data: 85 38 76 26 34 17 45 7A
ID: 260, Data: 8B 38 2D 30 3 FF D0 28
ID: 43F, Data: 844 48 60 FF 8A 6C 25 0
ID: 316, Data: 85 35 9C 26 28 17 45 7A
ID: 153, Data: 80 0 0 FF 0 FF 0 0
ID: 316, Data: 85 30 63 26 29 17 45 7A
ID: 316, Data: 85 2F 50 26 29 17 45 7A
ID: 545, Data: 8DC 85 0 8D 90 1 90 1
ID: 43F, Data: 844 48 60 FF 8A 6C 25 0
ID: 43F, Data: 844 48 60 FF 8A 74 25 0
ID: 260, Data: 8B 2D 33 30 3 FF D5 28
ID: 316, Data: 85 2C 2A 26 35 18 45 7A
ID: 316, Data: 85 2E 2A 26 35 18 45 7A
ID: 43F, Data: 844 48 60 FF 8A 68 25 0
ID: 316, Data: 85 31 50 26 35 18 45 7A
ID: 153, Data: 80 0 0 FF 0 FF 0 0
ID: 5F0, Data: 20 0
ID: 153, Data: 80 0 0 FF 0 FF 0 0
ID: 43F, Data: 844 48 60 FF 8A 68 25 0
ID: 5F0, Data: 20 0
ID: 316, Data: 85 33 3D 26 35 17 45 7A
ID: 370, Data: 8FF E1 F0 FF FF FF FF FF
ID: 545, Data: 8DC 9A 0 8D 0 2 0 2
ID: 5F0, Data: 20 0
ID: 153, Data: 80 0 0 FF 0 FF 0 0
ID: 153, Data: 80 0 0 FF 0 FF 0 0
ID: 5F0, Data: 20 0
ID: 2A0, Data: 81 15 6B 1C 35 0 12 0
ID: 260, Data: 8B 35 36 30 3 FF D2 3E
ID: 5F0, Data: 20 0
ID: 153, Data: 80 0 0 FF 0 FF 0 0
ID: 440, Data: 8FE 44 45 A0 FF AA AA AA
ID: 5F0, Data: 20 0
ID: 316, Data: 85 36 5 26 24 17 45 7A
ID: 316, Data: 85 35 18 26 1A 17 45 7A
ID: A0, Data: 83C 7D 5 26 46 33 2 0
ID: 153, Data: 80 0 0 FF 0 FF 0 0
ID: 43F, Data: 844 48 60 FF 8A 74 25 0
ID: 153, Data: 80 0 0 FF 0 FF 0 0
ID: 316, Data: 85 27 CE 25 D 19 45 7A
ID: 316, Data: 85 25 98 25 D 19 45 7A
ID: 2A0, Data: 840 13 6B 1C 35 0 12 0
ID: 43F, Data: 844 48 60 FF 8A 4C 25 0
ID: 316, Data: 85 1D 3E 25 E 1A 45 7A
ID: 18F, Data: 8AA 32 0 0 0 0 0 0
ID: 316, Data: 85 1C E6 24 34 1A 45 7A
ID: A1, Data: 879 7F 80 7E 16 0 0 0
ID: 316, Data: 85 23 E6 24 36 19 45 7A
ID: 316, Data: 85 25 62 25 37 19 45 7A
ID: A0, Data: 82E 7D 1B 25 45 30 2 0
ID: 43F, Data: 844 48 60 FF 8A 78 25 0
ID: 370, Data: 8FF E0 F0 FF FF FF FF FF
ID: 18F, Data: 8AA 32 0 0 0 0 0 0
ID: 316, Data: 85 32 76 26 37 18 45 7A
ID: 153, Data: 80 0 0 FF 0 FF 0 0
ID: 153, Data: 80 0 0 FF 0 FF 0 0
ID: 329, Data: 8ED B1 7F 8 11 3C 17 26
ID: 316, Data: 85 35 50 26 36 17 45 7A
ID: 153, Data: 80 0 0 FF 0 FF 0 0
ID: 153, Data: 80 0 0 FF 0 FF 0 0
ID: 316, Data: 85 35 63 26 36 17 45 7A
ID: 440, Data: 8FE 44 45 A0 FF AA AA AA
ID: 316, Data: 85 35 63 26 38 17 45 7A
ID: 153, Data: 80 0 0 FF 0 FF 0 0
ID: 153, Data: 80 0 0 FF 0 FF 0 0
ID: 43F, Data: 844 48 60 FF 89 44 25 0
ID: 153, Data: 80 0 0 FF 0 FF 0 0
ID: 316, Data: 85 37 63 26 3A 17 45 7A
ID: 5F0, Data: 20 0
ID: 2A0, Data: 81 14 6B 1C 35 0 12 0
ID: 329, Data: 884 B1 7F 8 11 3D 19 26
ID: 260, Data: 8B 38 3A 30 3 FF D2 A
ID: 316, Data: 85 38 89 26 3A 17 45 7A
ID: 316, Data: 85 38 9C 26 3A 17 45 7A
ID: 43F, Data: 844 48 60 FF 88 64 25 0
ID: 43F, Data: 844 48 60 FF 89 70 25 0
ID: 153, Data: 80 0 0 FF 0 FF 0 0
ID: 316, Data: 85 39 C2 26 3A 17 45 7A
ID: 153, Data: 80 0 0 FF 0 FF 0 0
ID: 153, Data: 80 0 0 FF 0 FF 0 0
ID: 316, Data: 85 39 C2 26 3C 17 45 7A
ID: 440, Data: 8FE 44 45 A0 FF AA AA AA
ID: 316, Data: 85 3A AF 26 3C 16 45 7A
ID: 5F0, Data: 20 0
ID: 280, Data: 830 0 88 B1 4D 22 6B 5D
ID: 329, Data: 840 B1 7F 8 11 3E 1B 26
ID: 153, Data: 80 0 0 FF 0 FF 0 0
ID: 316, Data: 85 3A C2 26 3C 16 45 7A
ID: 153, Data: 80 0 0 FF 0 FF 0 0
ID: 153, Data: 80 0 0 FF 0 FF 0 0
ID: 316, Data: 85 3B D5 26 3C 16 45 7A
ID: 316, Data: 85 3B D5 26 3C 16 45 7A
ID: A1, Data: 87D 7E 7D 7E 2D 0 0 0
ID: 153, Data: 80 0 0 FF 0 FF 0 0
ID: 316, Data: 85 3B E9 26 3C 16 45 7A
ID: 153, Data: 80 0 0 FF 0 FF 0 0
ID: 316, Data: 85 3B E9 26 3C 16 45 7A
ID: 316, Data: 85 3C D5 26 3C 16 45 7A
ID: A1, Data: 87D 7E 7E 7E 2D 0 0 0
ID: 43F, Data: 844 48 60 FF 8A B4 25 0
ID: 43F, Data: 844 48 60 FF 89 B4 25 0
ID: 260, Data: 8B 3C 3D 30 3 FF CE 35
ID: 316, Data: 85 3B E9 26 3D 16 46 7A
ID: 329, Data: 840 B1 7F 8 11 3E 1B 26
ID: 43F, Data: 844 48 60 FF 89 CC 25 0
ID: 316, Data: 85 3B D5 26 3D 16 46 7A
ID: 153, Data: 80 0 0 FF 0 FF 0 0
ID: 316, Data: 85 3C C2 26 3D 16 46 7A
ID: 153, Data: 80 0 0 FF 0 FF 0 0
ID: 280, Data: 830 0 88 B1 4D 23 6B 5F
ID: 316, Data: 85 3C E9 26 3D 16 46 7A
ID: 43F, Data: 844 48 60 FF 8A F8 25 0
ID: 43F, Data: 844 48 60 FF 8A F8 25 0
ID: A0, Data: 843 7D E9 26 46 35 2 0
ID: 153, Data: 80 0 0 FF 0 FF 0 0
ID: 316, Data: 85 3B FC 26 3D 16 46 7A
ID: 153, Data: 80 0 0 FF 0 FF 0 0
ID: 153, Data: 80 0 0 FF 0 FF 0 0
ID: 316, Data: 85 3B D5 26 3D 16 46 7A
ID: 440, Data: 8FE E4 46 A0 FF AA AA AA
ID: A0, Data: 843 7D D5 26 47 35 2 0
ID: 316, Data: 85 3B E9 26 3F 16 46 7A
ID: 153, Data: 80 0 0 FF 0 FF 0 0
ID: 43F, Data: 844 48 60 FF 8A 1C 26 0
ID: A1, Data: 87D 7E 7E 7E 2D 0 0 0
ID: 43F, Data: 844 48 60 FF 8A 24 26 0
ID: 43F, Data: 844 48 60 FF 8A 38 26 0
ID: 260, Data: 8B 40 41 30 3 FF CC 0
ID: 316, Data: 85 41 23 27 29 16 46 7A
ID: 316, Data: 85 41 23 27 23 16 47 7A
ID: 43F, Data: 844 48 60 FF 8A 44 26 0
ID: 316, Data: 85 35 D5 26 1B 17 47 7A
ID: A1, Data: 881 7D 80 7E 2A 0 0 0
ID: 316, Data: 85 2C 9C 26 1C 18 47 7A
ID: 316, Data: 85 2A 9C 26 1D 18 47 7A
ID: 2A0, Data: 861 16 6B 1C 35 0 12 0
ID: 316, Data: 85 26 9C 26 1D 19 47 7A
ID: 316, Data: 85 25 89 26 1E 19 47 7A
ID: 5F0, Data: 20 0
ID: 316, Data: 85 23 76 26 D 19 47 7A
ID: 316, Data: 85 23 76 26 D 19 47 7A
ID: 18F, Data: 8AA 32 0 0 0 0 0 0
ID: 153, Data: 80 0 0 FF 0 FF 0 0
ID: 370, Data: 8FF E0 F0 FF FF FF FF FF
ID: 545, Data: 8DC 4E 0 8D 36 0 36 0
ID: 316, Data: 85 1C 5 26 1E 1A 46 7A
ID: 316, Data: 85 1B BC 25 24 1A 46 7A
ID: 545, Data: 8DC 48 0 8D 1E 0 1E 0
ID: 316, Data: 85 1D AA 25 28 1A 46 7A
ID: 1F1, Data: 80 5D 2B 2 23 37 82 23
ID: 1F0, Data: 8E 40 59 BF 0 0 0 0
ID: 316, Data: 85 22 18 26 2A 1A 46 7A
ID: 370, Data: 8FF E0 F0 FF FF FF FF FF
ID: 316, Data: 85 25 50 26 2A 19 46 7A
ID: 153, Data: 80 0 0 FF 0 FF 0 0
ID: 153, Data: 80 0 0 FF 0 FF 0 0
ID: 316, Data: 85 28 AF 26 2B 19 46 7A
ID: 153, Data: 80 0 0 FF 0 FF 0 0
ID: 2A0, Data: 8C1 13 6B 1C 35 0 12 0
ID: 316, Data: 85 2A 89 26 34 19 46 7A
ID: 18F, Data: 8AA 32 0 0 0 0 0 0
ID: 43F, Data: 844 48 60 FF 88 E4 25 0
ID: 153, Data: 80 0 0 FF 0 FF 0 0
ID: 316, Data: 85 32 FC 26 39 18 46 7A
ID: 153, Data: 80 0 0 FF 0 FF 0 0
ID: 1F1, Data: 80 2A 29 92 22 36 A2 23
ID: 316, Data: 85 35 10 27 3C 17 46 7A
ID: 43F, Data: 844 48 60 FF 88 D8 25 0
ID: 316, Data: 85 38 10 27 3C 17 46 7A
ID: 153, Data: 80 0 0 FF 0 FF 0 0
ID: 153, Data: 80 0 0 FF 0 FF 0 0
ID: 316, Data: 85 3A 37 27 3B 16 46 7A
ID: 153, Data: 80 0 0 FF 0 FF 0 0
ID: 316, Data: 85 3B 4A 27 3B 17 46 7A
ID: 153, Data: 80 0 0 FF 0 FF 0 0
ID: 153, Data: 80 0 0 FF 0 FF 0 0
ID: 316, Data: 85 3B 5E 27 33 16 46 7A
ID: 43F, Data: 844 48 60 FF 88 8 26 0
ID: 2A0, Data: 8A1 14 6B 1C 35 0 12 0
ID: 153, Data: 80 0 0 FF 0 FF 0 0
ID: 316, Data: 85 36 23 27 33 17 46 7A
ID: 316, Data: 85 35 10 27 34 17 46 7A
ID: 329, Data: 8ED B1 7F 8 11 3C 15 26
ID: 43F, Data: 844 48 60 FF 88 10 26 0
ID: 370, Data: 8FF E0 F0 FF FF FF FF FF
ID: 153, Data: 80 0 0 FF 0 FF 0 0
ID: 316, Data: 85 34 23 27 37 17 46 7A
ID: 316, Data: 85 34 37 27 37 17 46 7A
ID: A1, Data: 880 7D 7E 7E 28 0 0 0
ID: 43F, Data: 844 48 60 FF 88 24 26 0
ID: 153, Data: 80 0 0 FF 0 FF 0 0
ID: 260, Data: 8B 36 3F 30 3 FF D2 25
ID: 329, Data: 8ED B1 7F 8 11 3F 1D 26
ID: 440, Data: 8FE 44 46 A0 FF AA AA AA
ID: 316, Data: 85 3C 9A 27 3E 17 47 7A
ID: 5A0, Data: 80 0 0 90 0 0 0 0
ID: 43F, Data: 844 48 60 FF 88 48 26 0
ID: 153, Data: 80 0 0 FF 0 FF 0 0
ID: 316, Data: 85 3E 9A 27 3E 16 47 7A
ID: 316, Data: 85 3E 9A 27 3E 16 47 7A
ID: 260, Data: 8B 3F 3E 30 3 FF CC 15
ID: 316, Data: 85 3F AE 27 3E 16 47 7A
ID: 316, Data: 85 3E AE 27 3E 16 47 7A
ID: 153, Data: 80 0 0 FF 0 FF 0 0
ID: 316, Data: 85 3E AE 27 3E 16 47 7A
ID: 153, Data: 80 0 0 FF 0 FF 0 0
ID: 1F0, Data: 8E 40 59 BF 0 0 0 0
ID: 316, Data: 85 3D 9A 27 3E 16 47 7A
ID: 316, Data: 85 3D AE 27 3B 16 47 7A
ID: 153, Data: 80 0 0 FF 0 FF 0 0
ID: 43F, Data: 844 48 60 FF 89 6C 26 0
ID: 316, Data: 85 3B 9A 27 33 16 47 7A
ID: 280, Data: 830 0 88 B1 4F 22 6B 5C
ID: 153, Data: 80 0 0 FF 0 FF 0 0
ID: 316, Data: 85 37 86 27 33 17 47 7A
ID: 316, Data: 85 37 72 27 33 17 47 7A
ID: A0, Data: 83D 7D 86 27 48 33 2 0
ID: 316, Data: 85 35 86 27 33 17 47 7A
ID: 316, Data: 85 34 72 27 34 17 47 7A
ID: A0, Data: 83A 7D 86 27 48 33 2 0
ID: 316, Data: 85 34 5E 27 34 17 47 7A
ID: 153, Data: 80 0 0 FF 0 FF 0 0
ID: 43F, Data: 844 48 60 FF 89 88 26 0
ID: A1, Data: 87E 7D 7E 7E 27 0 0 0
ID: 5F0, Data: 20 0
ID: 316, Data: 85 33 72 27 2C 18 47 7A
ID: 43F, Data: 844 48 60 FF 89 90 26 0
ID: 545, Data: 8DC 99 0 8D E4 1 E4 1
ID: 153, Data: 80 0 0 FF 0 FF 0 0
ID: 316, Data: 85 30 5E 27 2B 18 47 7A
ID: 153, Data: 80 0 0 FF 0 FF 0 0
ID: 316, Data: 85 2F 37 27 2B 18 47 7A
ID: 316, Data: 85 2E 4A 27 2B 18 47 7A
ID: 5F0, Data: 20 0
ID: 316, Data: 85 2D 4A 27 36 18 47 7A
ID: 370, Data: 8FF DE F0 FF FF FF FF FF
ID: 260, Data: 8B 2E 37 30 3 FF D4 24
ID: 153, Data: 80 0 0 FF 0 FF 0 0
ID: 280, Data: 830 0 88 B1 4E 1E 6B 4F
ID: 316, Data: 85 33 72 27 39 18 47 7A
ID: 43F, Data: 844 48 60 FF 89 A0 26 0
ID: 316, Data: 85 34 86 27 39 17 47 7A
ID: 260, Data: 8B 35 39 30 3 FF D2 2C
ID: 5F0, Data: 20 0
ID: 329, Data: 8B B1 7F 8 11 3D 19 26
ID: 316, Data: 85 38 4A 27 39 17 47 7A
ID: 18F, Data: 8AA 32 0 0 0 0 0 0
ID: 153, Data: 80 0 0 FF 0 FF 0 0
ID: 316, Data: 85 39 5E 27 38 17 47 7A
ID: 43F, Data: 844 48 60 FF 89 BC 26 0
ID: 316, Data: 85 39 5E 27 38 17 47 7A
ID: A0, Data: 840 7D 5E 27 48 34 2 0
ID: 153, Data: 80 0 0 FF 0 FF 0 0
ID: 316, Data: 85 39 5E 27 3B 17 48 7A
ID: 316, Data: 85 39 5E 27 3B 17 48 7A
ID: 2A0, Data: 81 16 6B 1C 35 0 12 0
ID: 316, Data: 85 39 5E 27 3B 17 48 7A
ID: 316, Data: 85 39 5E 27 3C 17 48 7A
ID: A0, Data: 841 7D 5E 27 48 35 2 0
ID: 316, Data: 85 3A 5E 27 3E 17 48 7A
ID: 153, Data: 80 0 0 FF 0 FF 0 0
ID: 43F, Data: 844 48 60 FF 89 DC 26 0
ID: 260, Data: 8B 3C 3F 30 3 FF CE 15
ID: 43F, Data: 844 48 60 FF 89 EC 26 0
ID: 316, Data: 85 3D 9A 27 3E 16 48 7A
ID: 153, Data: 80 0 0 FF 0 FF 0 0
ID: 316, Data: 85 3D 9A 27 28 16 48 7A
ID: 153, Data: 80 0 0 FF 0 FF 0 0
ID: 1F1, Data: 80 A3 37 72 23 44 72 24
ID: 316, Data: 85 34 72 27 26 17 48 7A
ID: 43F, Data: 844 48 60 FF 89 F8 26 0
ID: 43F, Data: 844 48 60 FF 89 F0 26 0
ID: A0, Data: 834 7D 4A 27 48 31 2 0
ID: 153, Data: 80 0 0 FF 0 FF 0 0
ID: 316, Data: 85 2C 4A 27 34 18 48 7A
ID: 153, Data: 80 0 0 FF 0 FF 0 0
ID: 545, Data: 8DC 81 0 8D 7F 1 7F 1
ID: 316, Data: 85 32 72 27 37 18 48 7A
ID: 260, Data: 8B 33 38 30 3 FF D3 1F
ID: 316, Data: 85 33 AE 27 37 18 48 7A
ID: 316, Data: 85 34 C2 27 37 18 48 7A
ID: 440, Data: 8FE 94 48 A0 FF AA AA AA
ID: 316, Data: 85 35 C2 27 37 18 48 7A
ID: 153, Data: 80 0 0 FF 0 FF 0 0
ID: 43F, Data: 844 48 60 FF 8A 8 27 0
ID: 316, Data: 85 37 9A 27 37 17 48 7A
ID: 316, Data: 85 37 AE 27 37 17 48 7A
ID: 316, Data: 85 37 9A 27 3A 17 48 7A
ID: 316, Data: 85 38 86 27 3B 17 48 7A
ID: 43F, Data: 844 48 60 FF 8A 4 27 0
ID: 43F, Data: 844 48 60 FF 8A 18 27 0
ID: 545, Data: 8DC A5 0 8D 58 2 58 2
ID: 316, Data: 85 3A 86 27 3C 17 48 7A
ID: 316, Data: 85 3A 86 27 3B 17 48 7A
ID: 18F, Data: 8AA 32 0 0 0 0 0 0
ID: 43F, Data: 844 48 60 FF 89 24 27 0
ID: 153, Data: 80 0 0 FF 0 FF 0 0
ID: 316, Data: 85 3B AE 27 3C 17 48 7A
ID: 316, Data: 85 3C C2 27 3C 17 48 7A
ID: 18F, Data: 8AA 32 0 0 0 0 0 0
ID: 316, Data: 85 3C AE 27 3C 17 48 7A
ID: 43F, Data: 844 48 60 FF 89 38 27 0
ID: 316, Data: 85 3C AE 27 3C 16 48 7A
ID: 153, Data: 80 0 0 FF 0 FF 0 0
ID: 153, Data: 80 0 0 FF 0 FF 0 0
ID: 316, Data: 85 3C 9A 27 3C 16 49 7A
ID: 153, Data: 80 0 0 FF 0 FF 0 0
ID: 316, Data: 85 3C 9A 27 3C 16 49 7A
ID: 316, Data: 85 3C AE 27 3C 17 49 7A
ID: 260, Data: 8B 3C 3C 30 3 FF CD 19
ID: 43F, Data: 844 48 60 FF 8A 60 27 0
ID: 316, Data: 85 3C AE 27 3D 16 49 7A
ID: 153, Data: 80 0 0 FF 0 FF 0 0
ID: 316, Data: 85 3C C2 27 3E 17 49 7A
ID: 153, Data: 80 0 0 FF 0 FF 0 0
ID: 329, Data: 884 B1 7F 8 11 3F 1D 26
ID: 316, Data: 85 3B C2 27 3E 17 49 7A
ID: A0, Data: 844 7D C2 27 49 36 2 0
ID: 316, Data: 85 3C D7 27 3E 16 49 7A
ID: 329, Data: 8B B1 7F 8 11 3F 1D 26
ID: 440, Data: 8FE E4 49 A0 FF AA AA AA
ID: 316, Data: 85 3D EB 27 3E 16 49 7A
ID: 153, Data: 80 0 0 FF 0 FF 0 0
ID: 316, Data: 85 3E 0 28 3E 16 49 7A
ID: 153, Data: 80 0 0 FF 0 FF 0 0
ID: 316, Data: 85 3E 14 28 3E 16 49 7A
ID: 5F0, Data: 20 0
ID: A0, Data: 846 7D 14 28 49 36 2 0
ID: 260, Data: 8B 3E 3F 30 3 FF CC 33
ID: 43F, Data: 844 48 60 FF 8A A8 27 0
ID: 316, Data: 85 3E 29 28 3F 16 49 7A
ID: 2A0, Data: 861 18 6B 1C 35 0 12 0
ID: 43F, Data: 844 48 60 FF 8A C8 27 0
ID: 316, Data: 85 3E 29 28 3E 16 49 7A
ID: 18F, Data: 8AA 32 0 0 0 0 0 0
ID: 316, Data: 85 3E 29 28 3E 16 49 7A
ID: 153, Data: 80 0 0 FF 0 FF 0 0
ID: 316, Data: 85 3E 29 28 31 16 49 7A
ID: 316, Data: 85 3C 3D 28 30 17 49 7A
ID: 153, Data: 80 0 0 FF 0 FF 0 0
ID: 316, Data: 85 38 29 28 31 17 4A 7A
ID: 153, Data: 80 0 0 FF 0 FF 0 0
ID: 329, Data: 8ED B1 7F 8 11 3C 14 26
ID: 316, Data: 85 34 14 28 31 18 4A 7A
ID: 43F, Data: 844 48 60 FF 8A CC 27 0
ID: 43F, Data: 844 48 60 FF 8A D4 27 0
ID: 18F, Data: 8AA 32 0 0 0 0 0 0
ID: 5F0, Data: 20 0
ID: 316, Data: 85 30 67 28 31 18 4A 7A
ID: 153, Data: 80 0 0 FF 0 FF 0 0
ID: 316, Data: 85 30 52 28 31 18 4A 7A
ID: 153, Data: 80 0 0 FF 0 FF 0 0
ID: 545, Data: 8DC 93 0 8D A0 1 A0 1
ID: 316, Data: 85 30 67 28 31 18 4A 7A
ID: 329, Data: 8B B1 7F 8 11 3B 14 26
ID: 43F, Data: 844 48 60 FF 8A E8 27 0
ID: 440, Data: 8FE E4 49 A0 FF AA AA AA
ID: 316, Data: 85 31 67 28 31 18 4A 7A
ID: 316, Data: 85 30 52 28 31 18 4A 7A
ID: 43F, Data: 844 48 60 FF 8A E4 27 0
ID: 316, Data: 85 30 67 28 31 18 4A 7A
ID: 153, Data: 80 0 0 FF 0 FF 0 0
ID: 153, Data: 80 0 0 FF 0 FF 0 0
ID: 316, Data: 85 30 52 28 31 18 4A 7A
ID: A1, Data: 87E 7D 80 7E 25 0 0 0
ID: 316, Data: 85 31 52 28 31 18 4A 7A
ID: 316, Data: 85 31 67 28 31 18 4A 7A
ID: A0, Data: 837 7D 52 28 4A 32 2 0
ID: 43F, Data: 844 48 60 FF 8A E4 27 0
ID: 440, Data: 8FE 44 49 A0 FF AA AA AA
ID: 316, Data: 85 31 52 28 31 18 4A 7A
ID: 316, Data: 85 30 67 28 31 18 4A 7A
ID: 43F, Data: 844 48 60 FF 8A EC 27 0
ID: 316, Data: 85 32 3D 28 31 18 4A 7A
ID: 153, Data: 80 0 0 FF 0 FF 0 0
ID: 153, Data: 80 0 0 FF 0 FF 0 0
ID: 316, Data: 85 32 52 28 34 18 4A 7A
ID: 153, Data: 80 0 0 FF 0 FF 0 0
ID: 316, Data: 85 31 3D 28 35 18 4A 7A
ID: 1F1, Data: 80 C5 47 42 24 54 52 25
ID: 280, Data: 830 0 88 B1 50 1E 6B 50
ID: 43F, Data: 844 48 60 FF 8A 8 28 0
ID: 329, Data: 884 B1 7F 8 11 3C 16 26
ID: 370, Data: 8FF DE F0 FF FF FF FF FF
ID: 316, Data: 85 34 7C 28 32 18 4A 7A
ID: 43F, Data: 844 48 60 FF 8A 0 28 0
ID: 440, Data: 8FE 34 4A A0 FF AA AA AA
ID: A0, Data: 83B 7D 67 28 4A 34 2 0
ID: 153, Data: 80 0 0 FF 0 FF 0 0
ID: 316, Data: 85 32 67 28 2F 18 4A 7A
ID: 1F0, Data: 8D 40 59 BF 0 0 0 0
ID: 260, Data: 8B 32 30 30 3 FF D2 28
ID: 280, Data: 830 0 88 B1 50 1D 6B 4F
ID: 153, Data: 80 0 0 FF 0 FF 0 0
ID: 43F, Data: 844 48 60 FF 89 4 28 0
ID: 153, Data: 80 0 0 FF 0 FF 0 0
ID: 316, Data: 85 30 3D 28 30 18 4A 7A
ID: 316, Data: 85 2F 52 28 31 18 4A 7A
ID: 43F, Data: 844 48 60 FF 8A C 28 0
ID: 316, Data: 85 2F 3D 28 31 18 4A 7A
ID: 545, Data: 8DC 8C 0 8D 8E 1 8E 1
ID: 153, Data: 80 0 0 FF 0 FF 0 0
ID: 5F0, Data: 20 0
ID: 153, Data: 80 0 0 FF 0 FF 0 0
ID: 153, Data: 80 0 0 FF 0 FF 0 0
ID: 18F, Data: 8AA 32 0 0 0 0 0 0
ID: 329, Data: 840 B1 7F 8 11 3B 13 26
ID: 153, Data: 80 0 0 FF 0 FF 0 0
ID: 370, Data: 8FF E0 F0 FF FF FF FF FF
ID: 545, Data: 8DC 96 0 8D A8 1 A8 1
ID: 316, Data: 85 32 52 28 38 18 4A 7A
ID: 316, Data: 85 33 67 28 38 18 4A 7A
ID: 153, Data: 80 0 0 FF 0 FF 0 0
ID: 316, Data: 85 35 7C 28 39 18 4A 7A
ID: 153, Data: 80 0 0 FF 0 FF 0 0
ID: 329, Data: 840 B1 7F 8 11 3E 1A 26
ID: 316, Data: 85 37 91 28 3A 18 4A 7A
ID: 43F, Data: 844 48 60 FF 8A 18 28 0
ID: 316, Data: 85 38 91 28 3B 17 4A 7A
ID: 260, Data: 8B 3A 3B 30 3 FF CF 1A
ID: 153, Data: 80 0 0 FF 0 FF 0 0
ID: 316, Data: 85 3A 91 28 3B 17 4A 7A
ID: 1F1, Data: 80 3B 4C 82 24 58 92 25
ID: 260, Data: 8B 3B 3B 30 3 FF CD 2A
ID: 370, Data: 8FF DE F0 FF FF FF FF FF
ID: 329, Data: 884 B1 7F 8 11 3F 1B 26
ID: 316, Data: 85 3B 91 28 3A 17 4A 7A
ID: 280, Data: 830 0 88 B1 51 23 6B 5C
ID: 153, Data: 80 0 0 FF 0 FF 0 0
ID: 316, Data: 85 3B 7C 28 37 17 4A 7A
ID: 1F1, Data: 80 A3 49 82 24 5A A2 25
ID: 260, Data: 8B 3A 29 30 3 FF CD 1F
ID: 316, Data: 85 37 7C 28 28 17 4A 7B
ID: 316, Data: 85 35 91 28 28 18 4A 7B
ID: 440, Data: 8FE E4 4A A0 FF AA AA AA
ID: 316, Data: 85 31 67 28 28 18 4A 7B
ID: 153, Data: 80 0 0 FF 0 FF 0 0
ID: 316, Data: 85 2E 52 28 29 18 4A 7B
ID: 1F1, Data: 80 2A 4D C2 24 58 92 25
ID: 260, Data: 8B 2C 29 30 3 FF D3 8
ID: 316, Data: 85 2A 91 28 2E 19 4A 7B
ID: 1F0, Data: 8D 40 59 BF 0 0 0 0
ID: 43F, Data: 844 48 60 FF 8A 4C 28 0
ID: 153, Data: 80 0 0 FF 0 FF 0 0
ID: 153, Data: 80 0 0 FF 0 FF 0 0
ID: 5F0, Data: 20 0
ID: 440, Data: 8FE 34 4A A0 FF AA AA AA
ID: 153, Data: 80 0 0 FF 0 FF 0 0
ID: 153, Data: 80 0 0 FF 0 FF 0 0
ID: 316, Data: 85 2E BB 28 32 19 4A 7B
ID: 153, Data: 80 0 0 FF 0 FF 0 0
ID: 316, Data: 85 2F BB 28 32 19 4A 7B
ID: 1F1, Data: 80 E6 4C B2 24 5A A2 25
ID: 280, Data: 830 0 88 B1 51 1D 6B 4C
ID: 43F, Data: 844 48 60 FF 8A 40 28 0
ID: 329, Data: 8B B1 7F 8 11 3C 15 26
ID: 316, Data: 85 31 BB 28 33 18 4A 7B
ID: 316, Data: 85 31 91 28 34 18 4A 7B
ID: 43F, Data: 844 48 60 FF 8A 30 28 0
ID: 370, Data: 8FF E0 F0 FF FF FF FF FF
ID: 2A0, Data: 81 16 6B 1C 35 0 12 0
ID: 153, Data: 80 0 0 FF 0 FF 0 0
ID: 316, Data: 85 33 A6 28 35 18 4A 7B
ID: 1F0, Data: 8E 40 59 BF 0 0 0 0
ID: 18F, Data: 8AA 32 0 0 0 0 0 0
ID: 18F, Data: 8AA 32 0 0 0 0 0 0
ID: 153, Data: 80 0 0 FF 0 FF 0 0
ID: 440, Data: 8FE 34 4A A0 FF AA AA AA
ID: 43F, Data: 844 48 60 FF 8A 34 28 0
ID: 2A0, Data: 8C1 16 6B 1C 35 0 12 0
ID: 153, Data: 80 0 0 FF 0 FF 0 0
ID: 153, Data: 80 0 0 FF 0 FF 0 0
ID: 316, Data: 85 36 BB 28 36 18 4A 7B
ID: 153, Data: 80 0 0 FF 0 FF 0 0
ID: 316, Data: 85 36 BB 28 38 18 4A 7B
ID: 440, Data: 8FE 34 4A A0 FF AA AA AA
ID: 18F, Data: 8AA 32 0 0 0 0 0 0
ID: 316, Data: 85 37 BB 28 38 18 4A 7B
ID: 153, Data: 80 0 0 FF 0 FF 0 0
ID: 280, Data: 830 0 88 B1 51 21 6B 57
ID: 5F0, Data: 20 0
ID: 43F, Data: 844 48 60 FF 8A 64 28 0
ID: A1, Data: 87C 7D 7C 7E 2A 0 0 0
ID: 316, Data: 85 39 BB 28 3A 17 4B 7B
ID: 316, Data: 85 39 A6 28 3C 17 4B 7B
ID: A0, Data: 841 7D BB 28 4B 35 2 0
ID: 43F, Data: 844 48 60 FF 89 6C 28 0
ID: 316, Data: 85 3A D0 28 3C 17 4B 7B
ID: 440, Data: 8FE 34 4A A0 FF AA AA AA
ID: 316, Data: 85 3B BB 28 3C 17 4B 7B
ID: 153, Data: 80 0 0 FF 0 FF 0 0
ID: 43F, Data: 844 48 60 FF 89 6C 28 0
ID: 43F, Data: 844 48 60 FF 8A 74 28 0
ID: 43F, Data: 844 48 60 FF 8A 70 28 0
ID: 316, Data: 85 3C D0 28 3C 17 4B 7B
ID: 316, Data: 85 3C E6 28 3C 17 4B 7B
ID: 43F, Data: 844 48 60 FF 8A 90 28 0
ID: 440, Data: 8FE 94 4B A0 FF AA AA AA
ID: 153, Data: 80 0 0 FF 0 FF 0 0
ID: 316, Data: 85 3C FB 28 3C 17 4B 7B
ID: 316, Data: 85 3C E6 28 3C 17 4B 7B
ID: A1, Data: 87D 7D 7D 7E 2C 0 0 0
ID: 43F, Data: 844 48 60 FF 8A A4 28 0
ID: 43F, Data: 844 48 60 FF 8A B0 28 0
ID: 545, Data: 8DC B6 0 8D 77 2 77 2
ID: 316, Data: 85 3B 11 29 37 17 4B 7B
ID: 316, Data: 85 3A 11 29 37 17 4B 7B
ID: 43F, Data: 844 48 60 FF 8A C0 28 0
ID: 43F, Data: 844 48 60 FF 8A C4 28 0
ID: A0, Data: 840 7D 11 29 4C 35 2 0
ID: 316, Data: 85 38 FB 28 37 17 4B 7B
ID: 316, Data: 85 38 E6 28 37 17 4B 7B
ID: A1, Data: 87C 7D 7E 7E 29 0 0 0
ID: 316, Data: 85 37 E6 28 35 17 4B 7B
ID: 440, Data: 8FE 44 4B A0 FF AA AA AA
ID: 5F0, Data: 20 0
ID: 316, Data: 85 35 3C 29 31 18 4B 7B
ID: 43F, Data: 844 48 60 FF 89 CC 28 0
ID: A1, Data: 87C 7D 7E 7E 28 0 0 0
ID: 5F0, Data: 20 0
ID: 316, Data: 85 34 52 29 2D 18 4B 7B
ID: 153, Data: 80 0 0 FF 0 FF 0 0
ID: 18F, Data: 8AA 32 0 0 0 0 0 0
ID: 316, Data: 85 30 3C 29 25 18 4B 7B
ID: 316, Data: 85 2F 26 29 25 18 4B 7B
ID: A1, Data: 87C 7D 80 7E 24 0 0 0
ID: 370, Data: 8FF DE F0 FF FF FF FF FF
ID: 43F, Data: 844 48 60 FF 8A CC 28 0
ID: 5F0, Data: 20 0
ID: 316, Data: 85 29 FB 28 26 19 4B 7B
ID: 43F, Data: 844 48 60 FF 8A B0 28 0
ID: 2A0, Data: 8C1 16 6A 1C 35 0 12 0
ID: 5F0, Data: 20 0
ID: 316, Data: 85 27 11 29 25 1A 4B 7B
ID: 316, Data: 85 26 26 29 25 1A 4B 7B
ID: 440, Data: 8FE 44 4B A0 FF AA AA AA
ID: 5F0, Data: 20 0
ID: 153, Data: 80 0 0 FF 0 FF 0 0
ID: 43F, Data: 844 48 60 FF 8A E0 28 0
ID: 2A0, Data: 81 15 6A 1C 35 0 12 0
ID: 153, Data: 80 0 0 FF 0 FF 0 0
ID: 316, Data: 85 25 FB 28 26 1A 4B 7B
ID: 43F, Data: 844 48 60 FF 8A 8C 28 0
ID: 329, Data: 840 B1 7F 8 11 37 C 26
ID: 153, Data: 80 0 0 FF 0 FF 0 0
ID: 153, Data: 80 0 0 FF 0 FF 0 0
ID: 316, Data: 85 24 E6 28 26 1A 4B 7B
ID: 153, Data: 80 0 0 FF 0 FF 0 0
ID: 316, Data: 85 24 FB 28 26 1A 4B 7B
ID: 153, Data: 80 0 0 FF 0 FF 0 0
ID: 153, Data: 80 0 0 FF 0 FF 0 0
ID: 316, Data: 85 25 FB 28 26 1A 4B 7B
ID: 43F, Data: 844 48 60 FF 8A 74 28 0
ID: 440, Data: 8FE 34 4B A0 FF AA AA AA
ID: 153, Data: 80 0 0 FF 0 FF 0 0
ID: 18F, Data: 8AA 32 0 0 0 0 0 0
ID: 316, Data: 85 25 E6 28 26 1A 4B 7B
ID: 153, Data: 80 0 0 FF 0 FF 0 0
ID: A1, Data: 87D 7D 7D 7E 1C 0 0 0
ID: 316, Data: 85 26 FB 28 26 1A 4B 7B
ID: 545, Data: 8DC 76 0 8D CE 0 CE 0
ID: 316, Data: 85 26 D0 28 26 1A 4B 7B
ID: 153, Data: 80 0 0 FF 0 FF 0 0
ID: A0, Data: 82A 7D D0 28 4B 2F 2 0
ID: 316, Data: 85 25 BB 28 26 1A 4B 7B
ID: 260, Data: 8B 26 26 30 3 FF D4 2E
ID: 43F, Data: 844 48 60 FF 88 40 28 0
ID: 316, Data: 85 25 BB 28 30 1A 4A 7B
ID: 316, Data: 85 27 D0 28 31 1A 4A 7B
ID: 316, Data: 85 2A D0 28 31 19 4A 7B
ID: 43F, Data: 844 48 60 FF 88 50 28 0
ID: 43F, Data: 844 48 60 FF 88 4C 28 0
ID: A1, Data: 880 7D 85 7E 21 0 0 0
ID: 316, Data: 85 2E 3C 29 30 19 4A 7B
ID: 316, Data: 85 2E 3C 29 30 19 4A 7B
ID: A1, Data: 880 7D 83 7E 22 0 0 0
ID: 370, Data: 8FF DE F0 FF FF FF FF FF
ID: 43F, Data: 844 48 60 FF 89 3C 28 0
ID: 5F0, Data: 20 0
ID: 316, Data: 85 30 11 29 31 19 4A 7B
ID: 43F, Data: 844 48 60 FF 88 48 28 0
ID: 2A0, Data: 8C1 13 6A 1C 35 0 12 0
ID: 153, Data: 80 0 0 FF 0 FF 0 0
ID: 316, Data: 85 30 3C 29 2D 19 4A 7B
ID: 316, Data: 85 30 3C 29 2C 19 4A 7B
ID: A1, Data: 880 7D 80 7E 24 0 0 0
ID: 43F, Data: 844 48 60 FF 88 50 28 0
ID: 316, Data: 85 30 3C 29 2C 19 4A 7B
ID: 18F, Data: 8AA 32 0 0 0 0 0 0
ID: 316, Data: 85 2E 26 29 2C 19 4B 7B
ID: 153, Data: 80 0 0 FF 0 FF 0 0
ID: 316, Data: 85 2E 11 29 31 19 4B 7B
ID: 153, Data: 80 0 0 FF 0 FF 0 0
ID: 280, Data: 830 0 88 B1 52 1B 6A 47
ID: 316, Data: 85 2E 26 29 38 19 4A 7B
ID: 153, Data: 80 0 0 FF 0 FF 0 0
ID: 316, Data: 85 32 3C 29 38 19 4A 7B
ID: 153, Data: 80 0 0 FF 0 FF 0 0
ID: 545, Data: 8DC A1 0 8D E3 1 E3 1
ID: 316, Data: 85 35 52 29 38 18 4A 7B
ID: 545, Data: 8DC A8 0 8D 10 2 10 2
ID: 43F, Data: 844 48 60 FF 88 60 28 0
ID: 316, Data: 85 38 94 29 36 18 4A 7B
ID: 18F, Data: 8AA 31 0 0 0 0 0 0
ID: 5F0, Data: 20 0
ID: 43F, Data: 844 48 60 FF 88 54 28 0
ID: 153, Data: 80 0 0 FF 0 FF 0 0
ID: 153, Data: 80 0 0 FF 0 FF 0 0
ID: 316, Data: 85 36 68 29 2C 18 4B 7B
ID: 440, Data: 8FE 94 4A A0 FF AA AA AA
ID: 316, Data: 85 33 68 29 2D 18 4B 7B
ID: 1F0, Data: 8D 40 59 BF 0 0 0 0
ID: 316, Data: 85 31 52 29 2C 18 4B 7B
ID: 316, Data: 85 2F 26 29 2C 19 4B 7B
ID: 370, Data: 8FF E0 F0 FF FF FF FF FF
ID: 153, Data: 80 0 0 FF 0 FF 0 0
ID: 1F0, Data: 8C 40 59 BF 0 0 0 0
ID: 18F, Data: 8AA 32 0 0 0 0 0 0
ID: 545, Data: 8DC 85 0 8D 48 1 48 1
ID: 370, Data: 8FF E0 F0 FF FF FF FF FF
ID: 329, Data: 840 B1 7F 8 11 37 0 26
ID: 316, Data: 85 27 FB 28 C 1A 4B 7B
ID: 316, Data: 85 25 D0 28 C 1A 4B 7B
ID: 43F, Data: 844 48 60 FF 89 44 28 0
ID: 43F, Data: 844 48 60 FF 88 48 28 0
ID: 2A0, Data: 8C1 12 6A 1C 35 0 12 0
ID: 316, Data: 85 1D 29 28 1A 1A 4B 7B
ID: 316, Data: 85 1D 29 28 1E 1A 4A 7B
ID: 43F, Data: 844 48 60 FF 88 F4 27 0
ID: 316, Data: 85 1C C2 27 22 1A 4A 7B
ID: 5F0, Data: 20 0
ID: 316, Data: 85 1D D7 27 22 1A 4A 7B
ID: 43F, Data: 844 48 60 FF 88 0 28 0
ID: 2A0, Data: 861 11 6A 1C 35 0 12 0
ID: 153, Data: 80 0 0 FF 0 FF 0 0
ID: 153, Data: 80 0 0 FF 0 FF 0 0
ID: 316, Data: 85 20 3D 28 22 1A 4A 7B
ID: 370, Data: 8FF DE F0 FF FF FF FF FF
ID: 316, Data: 85 21 29 28 22 1A 4A 7B
ID: 153, Data: 80 0 0 FF 0 FF 0 0
ID: 153, Data: 80 0 0 FF 0 FF 0 0
ID: 316, Data: 85 21 29 28 24 1A 4A 7B
ID: 153, Data: 80 0 0 FF 0 FF 0 0
ID: 316, Data: 85 22 0 28 30 1A 4A 7B
ID: 5F0, Data: 20 0
ID: 316, Data: 85 28 29 28 33 1A 4A 7B
ID: 316, Data: 85 2B 3D 28 33 19 4A 7B
ID: 153, Data: 80 0 0 FF 0 FF 0 0
ID: 5F0, Data: 20 0
ID: 153, Data: 80 0 0 FF 0 FF 0 0
ID: 316, Data: 85 30 11 29 36 19 4A 7B
ID: 5F0, Data: 20 0
ID: 316, Data: 85 31 D0 28 36 19 4A 7B
ID: 153, Data: 80 0 0 FF 0 FF 0 0
ID: A1, Data: 87E 7D 7E 7E 25 0 0 0
ID: 329, Data: 840 B1 7F 8 11 3D 18 26
ID: 545, Data: 8DC A6 0 8D E5 1 E5 1
ID: 43F, Data: 844 48 60 FF 88 F4 27 0
ID: 43F, Data: 844 48 60 FF 88 F8 27 0
ID: 18F, Data: 8AA 31 0 0 0 0 0 0
ID: 153, Data: 80 0 0 FF 0 FF 0 0
ID: A1, Data: 87E 7D 80 7E 28 0 0 0
ID: A1, Data: 87E 7D 80 7E 28 0 0 0
ID: 43F, Data: 844 48 60 FF 88 EC 27 0
ID: 153, Data: 80 0 0 FF 0 FF 0 0
ID: 316, Data: 85 37 11 29 36 18 4A 7B
ID: 43F, Data: 844 48 60 FF 88 F8 27 0
ID: 280, Data: 830 0 88 B1 52 21 6A 57
ID: 153, Data: 80 0 0 FF 0 FF 0 0
ID: 316, Data: 85 37 26 29 37 18 4A 7B
ID: 5F0, Data: 20 0
ID: 18F, Data: 8AA 31 0 0 0 0 0 0
ID: 260, Data: 8B 38 38 30 3 FF CF 0
ID: 316, Data: 85 37 26 29 37 18 4A 7B
ID: 260, Data: 8B 38 38 30 3 FF CF 2E
ID: 153, Data: 80 0 0 FF 0 FF 0 0
ID: 316, Data: 85 37 26 29 38 18 4A 7B
ID: 43F, Data: 844 48 60 FF 88 18 28 0
ID: 153, Data: 80 0 0 FF 0 FF 0 0
ID: 316, Data: 85 37 3C 29 39 18 4A 7B
ID: 153, Data: 80 0 0 FF 0 FF 0 0
ID: 316, Data: 85 37 3C 29 39 18 4A 7B
ID: 153, Data: 80 0 0 FF 0 FF 0 0
ID: 2A0, Data: 8A1 13 6A 1C 35 0 12 0
ID: 316, Data: 85 38 3C 29 39 18 4A 7B
ID: A1, Data: 880 7D 7C 7E 29 0 0 0
ID: 316, Data: 85 39 52 29 39 17 4A 7B
ID: 316, Data: 85 39 68 29 39 17 4A 7B
ID: 2A0, Data: 861 13 6A 1C 35 0 12 0
ID: 316, Data: 85 3A 68 29 39 17 4A 7B
ID: 316, Data: 85 39 52 29 39 17 4A 7B
ID: 43F, Data: 844 48 60 FF 88 3C 28 0
ID: 316, Data: 85 3A 68 29 38 17 4A 7B
ID: 153, Data: 80 0 0 FF 0 FF 0 0
ID: 316, Data: 85 3A 68 29 38 17 4A 7B
ID: 153, Data: 80 0 0 FF 0 FF 0 0
ID: 545, Data: 8DC AE 0 8D 54 2 54 2
ID: 316, Data: 85 39 68 29 38 17 4A 7B
ID: 316, Data: 85 39 7E 29 39 17 4A 7B
ID: 316, Data: 85 38 68 29 39 18 4A 7B
ID: 316, Data: 85 38 68 29 39 18 4A 7B
ID: 43F, Data: 844 48 60 FF 88 54 28 0
ID: 316, Data: 85 38 52 29 39 18 4A 7B
ID: 153, Data: 80 0 0 FF 0 FF 0 0
ID: 316, Data: 85 38 7E 29 30 18 4B 7B
ID: 153, Data: 80 0 0 FF 0 FF 0 0
ID: 316, Data: 85 36 7E 29 30 18 4B 7B
ID: 316, Data: 85 35 52 29 2F 18 4B 7B
ID: 43F, Data: 844 48 60 FF 89 70 28 0
ID: 370, Data: 8FF DE F0 FF FF FF FF FF
ID: A1, Data: 87E 7D 7E 7E 26 0 0 0
ID: 153, Data: 80 0 0 FF 0 FF 0 0
ID: 316, Data: 85 31 3C 29 2F 18 4B 7B
ID: 153, Data: 80 0 0 FF 0 FF 0 0
ID: 2A0, Data: 8A1 14 6A 1C 35 0 12 0
ID: 316, Data: 85 30 3C 29 30 19 4B 7B
ID: 153, Data: 80 0 0 FF 0 FF 0 0
ID: 43F, Data: 844 48 60 FF 88 68 28 0
ID: 153, Data: 80 0 0 FF 0 FF 0 0
ID: 316, Data: 85 2F 3C 29 30 19 4B 7B
ID: 316, Data: 85 2F 26 29 30 19 4B 7B
ID: A0, Data: 835 7D 26 29 4B 32 2 0
ID: 316, Data: 85 2F 26 29 30 19 4B 7B
ID: 316, Data: 85 2F 26 29 30 19 4B 7B
ID: 18F, Data: 8AA 31 0 0 0 0 0 0
ID: 316, Data: 85 2F 26 29 30 19 4B 7B
ID: 153, Data: 80 0 0 FF 0 FF 0 0
ID: 329, Data: 8ED B1 7F 8 11 3B 13 26
ID: 316, Data: 85 2F FB 28 2B 19 4B 7B
ID: A1, Data: 87E 7D 7E 7E 23 0 0 0
ID: 43F, Data: 844 48 60 FF 89 68 28 0
ID: 153, Data: 80 0 0 FF 0 FF 0 0
ID: 2A0, Data: 861 14 6A 1C 35 0 12 0
ID: 280, Data: 830 0 88 B1 52 1B 6A 48
ID: 440, Data: 8FE 44 4A A0 FF AA AA AA
ID: 5F0, Data: 20 0
ID: 153, Data: 80 0 0 FF 0 FF 0 0
ID: 43F, Data: 844 48 60 FF 88 64 28 0
ID: 260, Data: 8B 24 F 30 3 FF D3 C
ID: 43F, Data: 844 48 60 FF 88 4C 28 0
ID: 43F, Data: 844 48 60 FF 88 50 28 0
ID: 2A0, Data: 81 12 6A 1C 35 0 12 0
ID: 316, Data: 85 1E 3D 28 23 1A 4B 7B
ID: 316, Data: 85 1E 29 28 23 1A 4B 7B
ID: A0, Data: 820 7D 29 28 4B 2C 2 0
ID: 316, Data: 85 20 29 28 23 1A 4A 7B
ID: 316, Data: 85 20 29 28 23 1A 4A 7B
ID: A1, Data: 87D 7D 7D 7E 18 0 0 0
ID: 316, Data: 85 21 7C 28 2A 1A 4A 7B
ID: 153, Data: 80 0 0 FF 0 FF 0 0
ID: 153, Data: 80 0 0 FF 0 FF 0 0
ID: 2A0, Data: 8A1 11 6A 1C 35 0 12 0
ID: 316, Data: 85 29 BB 28 31 1A 4A 7B
ID: A1, Data: 87B 7D 7B 7E 1D 0 0 0
ID: 153, Data: 80 0 0 FF 0 FF 0 0
ID: 316, Data: 85 2D 26 29 32 19 4A 7B
ID: 153, Data: 80 0 0 FF 0 FF 0 0
ID: 316, Data: 85 2F 3C 29 33 19 4A 7B
ID: 316, Data: 85 2F 3C 29 33 19 4A 7B
ID: A1, Data: 87E 7D 7C 7E 23 0 0 0
ID: 43F, Data: 844 48 60 FF 88 40 28 0
ID: 153, Data: 80 0 0 FF 0 FF 0 0
ID: 260, Data: 8B 32 34 30 3 FF D1 25
ID: 329, Data: 8B B1 7F 8 11 3C 16 26
ID: 2A0, Data: 81 12 6A 1C 35 0 12 0
ID: 316, Data: 85 33 3C 29 34 18 4A 7B
ID: 1F1, Data: 80 6D 4A D2 24 5B C2 25
ID: 1F0, Data: 8C 40 59 BF 0 0 0 0
ID: 43F, Data: 844 48 60 FF 88 60 28 0
ID: 153, Data: 80 0 0 FF 0 FF 0 0
ID: 545, Data: 8DC 9C 0 8D D7 1 D7 1
ID: 316, Data: 85 33 68 29 34 18 4A 7B
ID: 260, Data: 8B 34 34 30 3 FF D0 24
ID: 370, Data: 8FF DE F0 FF FF FF FF FF
ID: 316, Data: 85 33 52 29 34 18 4B 7B
ID: 316, Data: 85 33 52 29 34 18 4B 7B
ID: 316, Data: 85 33 52 29 34 18 4B 7B
ID: 153, Data: 80 0 0 FF 0 FF 0 0
ID: 5F0, Data: 20 0
ID: 153, Data: 80 0 0 FF 0 FF 0 0
ID: 316, Data: 85 33 7E 29 34 18 4B 7B
ID: 5F0, Data: 20 0
ID: 316, Data: 85 34 7E 29 33 18 4B 7B
ID: 153, Data: 80 0 0 FF 0 FF 0 0
ID: 153, Data: 80 0 0 FF 0 FF 0 0
ID: 329, Data: 884 B1 7F 8 11 3C 16 26
ID: 316, Data: 85 33 7E 29 31 18 4B 7B
ID: A0, Data: 83A 7D 94 29 4B 34 2 0
ID: 43F, Data: 844 48 60 FF 89 A0 28 0
ID: 43F, Data: 844 48 60 FF 88 AC 28 0
ID: 5F0, Data: 20 0
ID: 316, Data: 85 31 AA 29 2B 19 4B 7B
ID: 43F, Data: 844 48 60 FF 89 AC 28 0
ID: A1, Data: 87C 7D 7E 7E 24 0 0 0
ID: 5F0, Data: 20 0
ID: 153, Data: 80 0 0 FF 0 FF 0 0
ID: 316, Data: 85 2D 52 29 B 19 4B 7B
ID: 5F0, Data: 20 0
ID: 316, Data: 85 28 68 29 C 1A 4B 7B
ID: 153, Data: 80 0 0 FF 0 FF 0 0
ID: 280, Data: 830 0 88 B0 52 15 6A 38
ID: 1F1, Data: 80 4B 55 22 25 5F F2 25
ID: 1F1, Data: 80 5C 51 22 25 60 32 26
ID: 316, Data: 85 1E 7C 28 D 1A 4B 7B
ID: A0, Data: 81D 7D A6 28 4C 2A 2 0
ID: 316, Data: 85 1C 67 28 D 1A 4B 7B
ID: 1F1, Data: 80 80 52 32 25 5B F2 25
ID: 153, Data: 80 0 0 FF 0 FF 0 0
ID: 1F1, Data: 80 A2 55 42 25 5C B2 25
ID: 43F, Data: 844 48 60 FF 89 90 28 0
ID: 316, Data: 85 17 EB 27 D 1B 4B 7B
ID: A1, Data: 875 80 7C 7E 14 0 0 0
ID: 153, Data: 80 0 0 FF 0 FF 0 0
ID: 316, Data: 85 14 AE 27 E 1A 4B 7B
ID: 153, Data: 80 0 0 FF 0 FF 0 0
ID: 316, Data: 85 1A D7 27 13 1A 4B 7B
ID: 153, Data: 80 0 0 FF 0 FF 0 0
ID: 316, Data: 85 1B 3D 28 13 1A 4B 7B
ID: 316, Data: 85 1B 52 28 15 1B 4B 7B
ID: A1, Data: 875 7D 79 7E 15 0 0 0
ID: 316, Data: 85 1B 3D 28 19 1A 4B 7B
ID: 316, Data: 85 1B 29 28 19 1A 4B 7B
ID: 2A0, Data: 8A1 E 6A 1C 35 0 12 0
ID: 5F0, Data: 20 0
ID: 316, Data: 85 1A 3D 28 19 1A 4B 7B
ID: 316, Data: 85 1A 14 28 1A 1A 4B 7B
ID: 43F, Data: 844 48 60 FF 88 4C 28 0
ID: 370, Data: 8FF DE F0 FF FF FF FF FF
ID: 18F, Data: 8AA 31 0 0 0 0 0 0
ID: 153, Data: 80 0 0 FF 0 FF 0 0
ID: 316, Data: 85 1C 14 28 22 1A 4A 7B
ID: 153, Data: 80 0 0 FF 0 FF 0 0
ID: 316, Data: 85 1E 29 28 22 1A 4A 7B
ID: 316, Data: 85 1E 3D 28 22 1A 4A 7B
ID: 280, Data: 830 0 88 B0 50 13 6A 32
ID: 43F, Data: 844 48 60 FF 88 54 28 0
ID: 316, Data: 85 20 7C 28 22 1A 4A 7B
ID: 153, Data: 80 0 0 FF 0 FF 0 0
ID: 316, Data: 85 20 91 28 22 1A 4A 7B
ID: 153, Data: 80 0 0 FF 0 FF 0 0
ID: 545, Data: 8DC 5F 0 8D 73 0 73 0
ID: 316, Data: 85 21 67 28 22 1A 4A 7B
ID: 545, Data: 8DC 61 0 8D 74 0 74 0
ID: 316, Data: 85 21 52 28 22 1A 4A 7B
ID: 153, Data: 80 0 0 FF 0 FF 0 0
ID: A1, Data: 87A 7D 7A 7E 19 0 0 0
ID: 329, Data: 8ED B0 7F 8 11 36 A 26
ID: 153, Data: 80 0 0 FF 0 FF 0 0
ID: 153, Data: 80 0 0 FF 0 FF 0 0
ID: A0, Data: 825 7D 52 28 4B 2D 2 0
ID: 316, Data: 85 21 67 28 23 1A 4A 7B
ID: A0, Data: 826 7D 67 28 4B 2E 2 0
ID: 316, Data: 85 21 52 28 23 1A 4A 7B
ID: 316, Data: 85 22 52 28 23 1A 4A 7B
ID: 43F, Data: 844 48 60 FF 88 F4 27 0
ID: 316, Data: 85 22 29 28 23 1A 4A 7B
ID: A0, Data: 827 7D 29 28 4B 2E 2 0
ID: 153, Data: 80 0 0 FF 0 FF 0 0
ID: 316, Data: 85 22 67 28 15 1A 4A 7B
ID: 153, Data: 80 0 0 FF 0 FF 0 0
ID: 2A0, Data: 840 C 6A 1C 35 0 12 0
ID: 316, Data: 85 21 67 28 D 1A 4A 7B
ID: 329, Data: 884 B0 7F 8 11 34 0 26
ID: 1F1, Data: 80 B3 4B C2 24 57 B2 25
ID: 153, Data: 80 0 0 FF 0 FF 0 0
ID: 1F1, Data: 80 D5 48 C2 24 57 92 25
ID: 316, Data: 85 1C EB 27 D 1A 4A 7B
ID: 153, Data: 80 0 0 FF 0 FF 0 0
ID: 316, Data: 85 1A 9A 27 D 1A 4A 7B
ID: 43F, Data: 844 48 60 FF 88 18 28 0
ID: 316, Data: 85 18 86 27 E 1A 4A 7B
ID: 153, Data: 80 0 0 FF 0 FF 0 0
ID: 153, Data: 80 0 0 FF 0 FF 0 0
ID: 316, Data: 85 15 72 27 E 1A 4A 7B
ID: 370, Data: 8FF DE F0 FF FF FF FF FF
ID: 5F0, Data: 20 0
ID: 18F, Data: 8AA 31 0 0 0 0 0 0
ID: 329, Data: 840 B0 7F 8 11 33 0 26
ID: 316, Data: 85 14 63 26 E 1A 4A 7B
ID: 260, Data: 8B 14 E 30 3 FF 7D 28
ID: 43F, Data: 844 48 60 FF 88 BC 27 0
ID: 153, Data: 80 0 0 FF 0 FF 0 0
ID: 1F1, Data: 80 C4 46 42 24 50 2 25
ID: 316, Data: 85 16 F3 25 E 1A 49 7B
ID: 43F, Data: 844 48 60 FF 88 A4 27 0
ID: 316, Data: 85 16 5 26 E 1A 49 7B
ID: 2A0, Data: 8E0 9 6A 1C 35 0 12 0
ID: 43F, Data: 844 48 60 FF 88 7C 27 0
ID: 153, Data: 80 0 0 FF 0 FF 0 0
ID: 43F, Data: 844 48 60 FF 88 6C 27 0
ID: 316, Data: 85 16 63 26 E 1A 49 7B
ID: A0, Data: 824 7D 50 26 4A 2C 2 0
ID: 316, Data: 85 16 76 26 E 1A 49 7B
ID: 316, Data: 85 16 50 26 E 1A 49 7B
ID: 280, Data: 830 0 A0 B0 4C 12 6A 31
ID: 316, Data: 8D 16 63 26 E 1A 49 7B
ID: 316, Data: 8D 16 63 26 E 1A 49 7B
ID: 260, Data: 80 13 E 30 3 FF 74 1E
ID: 440, Data: 8FE 94 48 A0 FF AA AA AA
ID: 153, Data: 80 0 0 FF 0 FF 0 0
ID: A1, Data: 880 80 80 7E 18 0 0 0
ID: 280, Data: 830 0 20 B0 4C 12 6A 33
ID: 280, Data: 830 0 20 B0 4C 12 6A 33
ID: 316, Data: 8D B 5 26 E 1A 48 7B
ID: 280, Data: 830 0 20 B0 4B 13 6A 33
ID: 545, Data: 8DC 1D 0 8D ED FE ED FE
ID: 1F1, Data: 80 29 3B A2 23 47 72 24
ID: 316, Data: 85 1F 63 26 1C 1A 48 7B
ID: 316, Data: 85 1E 23 27 1C 1A 48 7B
ID: 316, Data: 85 1E 5E 27 1C 1A 48 7B
ID: 43F, Data: 844 48 60 FF 88 30 27 0
ID: 316, Data: 85 1C 4A 27 1C 1A 48 7B
ID: 18F, Data: 8AA 31 0 0 0 0 0 0
ID: 316, Data: 85 1C D5 26 1C 1A 48 7B
ID: 1F1, Data: 80 90 3C C2 23 46 42 24
ID: 329, Data: 8ED B0 7F 8 11 33 7 26
ID: 440, Data: 8FE 44 47 A0 FF AA AA AA
ID: 316, Data: 85 1C AF 26 1D 1A 48 7B
ID: 153, Data: 80 0 0 FF 0 FF 0 0
ID: 316, Data: 85 1C E9 26 1D 1A 48 7B
ID: 153, Data: 80 0 0 FF 0 FF 0 0
ID: 545, Data: 8DC 50 0 8D 1B 0 1B 0
ID: 316, Data: 85 1C D5 26 1D 1A 48 7B
ID: 280, Data: 830 0 88 B0 4D 10 6A 2E
ID: 43F, Data: 844 48 60 FF 88 D4 26 0
ID: 316, Data: 85 1C E9 26 1E 1A 48 7B
ID: 316, Data: 85 1C D5 26 1E 1A 48 7B
ID: 316, Data: 85 1C C2 26 1E 1A 48 7B
ID: 43F, Data: 844 48 60 FF 88 D0 26 0
ID: 316, Data: 85 1C C2 26 1F 1A 48 7B
ID: 18F, Data: 8AA 31 0 0 0 0 0 0
ID: 153, Data: 80 0 0 FF 0 FF 0 0
ID: 316, Data: 85 1D AF 26 1F 1A 48 7B
ID: A1, Data: 880 7D 83 7E 17 0 0 0
ID: 316, Data: 85 1D C2 26 1F 1A 48 7B
ID: 316, Data: 85 1D D5 26 D 1A 48 7B
ID: A0, Data: 822 7D D5 26 48 2C 2 0
ID: 43F, Data: 844 48 60 FF 88 CC 26 0
ID: 43F, Data: 844 48 60 FF 88 B8 26 0
ID: 260, Data: 8B 1D E 30 3 FF D2 6
ID: 316, Data: 85 1C C2 26 E 1A 48 7B
ID: 153, Data: 80 0 0 FF 0 FF 0 0
ID: 280, Data: 830 0 84 B0 4D 10 6A 2C
ID: 316, Data: 85 1A 76 26 11 1A 47 7B
ID: 43F, Data: 844 48 60 FF 88 A4 26 0
ID: 316, Data: 85 19 76 26 15 1A 47 7B
ID: 43F, Data: 844 48 60 FF 88 94 26 0
ID: 316, Data: 85 18 63 26 18 1A 47 7B
ID: A0, Data: 81B 7D 63 26 48 29 2 0
ID: 43F, Data: 844 48 60 FF 88 84 26 0
ID: 43F, Data: 844 48 60 FF 88 8C 26 0
ID: A0, Data: 81A 7D 50 26 48 29 2 0
ID: 153, Data: 80 0 0 FF 0 FF 0 0
ID: 316, Data: 85 18 50 26 19 1A 47 7B
ID: 5F0, Data: 20 0
ID: 153, Data: 80 0 0 FF 0 FF 0 0
ID: 260, Data: 8B 18 1A 30 3 FF CF 2
ID: 316, Data: 85 18 3D 26 19 1A 47 7B
ID: 260, Data: 8B 19 1A 30 3 FF CF 2F
ID: 43F, Data: 844 48 60 FF 88 60 26 0
ID: 316, Data: 85 19 3D 26 19 1A 47 7B
ID: 153, Data: 80 0 0 FF 0 FF 0 0
ID: 316, Data: 85 19 3D 26 18 1A 47 7B
ID: 153, Data: 80 0 0 FF 0 FF 0 0
ID: 316, Data: 85 19 18 26 18 1A 47 7B
ID: 316, Data: 85 19 2A 26 18 1A 47 7B
ID: 153, Data: 80 0 0 FF 0 FF 0 0
ID: 43F, Data: 844 48 60 FF 88 44 26 0
ID: 153, Data: 80 0 0 FF 0 FF 0 0
ID: 329, Data: 840 B0 7F 8 11 31 0 26
ID: 316, Data: 85 19 2A 26 E 1A 47 7B
ID: 18F, Data: 8AA 31 0 0 0 0 0 0
ID: 43F, Data: 844 48 60 FF 88 28 26 0
ID: 153, Data: 80 0 0 FF 0 FF 0 0
ID: 43F, Data: 844 48 60 FF 88 24 26 0
ID: 43F, Data: 844 48 60 FF 88 1C 26 0
ID: 316, Data: 85 18 BC 25 E 1A 47 7B
ID: 316, Data: 85 18 98 25 E 1A 47 7B
ID: 316, Data: 85 17 74 25 E 1A 47 7B
ID: 545, Data: 8DC 41 0 8D BF FF BF FF
ID: 43F, Data: 844 48 60 FF 88 8 26 0
ID: 43F, Data: 844 48 60 FF 88 4 26 0
ID: 545, Data: 8DC 40 0 8D 97 FF 97 FF
ID: 316, Data: 85 13 E6 24 E 1A 46 7B
ID: 316, Data: 85 12 B2 24 E 1A 46 7B
ID: 43F, Data: 844 48 60 FF 88 DC 25 0
ID: 43F, Data: 844 48 60 FF 88 E4 25 0
ID: 440, Data: 8FE 34 46 A0 FF AA AA AA
ID: 316, Data: 85 14 6E 24 E 1A 46 7B
ID: 2A0, Data: 840 4 6A 1C 35 0 12 0
ID: 43F, Data: 844 48 60 FF 88 A4 25 0
ID: 43F, Data: 844 48 60 FF 88 B0 25 0
ID: 329, Data: 8B B0 7F 8 11 34 0 26
ID: 316, Data: 85 16 6E 24 E 1A 46 7B
ID: 316, Data: 85 16 A1 24 E 1A 46 7B
ID: 545, Data: 8DC 55 0 8D BC FF BC FF
ID: 43F, Data: 844 48 60 FF 88 8C 25 0
ID: 316, Data: 85 16 90 24 E 1A 45 7B
ID: 153, Data: 80 0 0 FF 0 FF 0 0
ID: 316, Data: 85 16 5D 24 E 1A 45 7B
ID: 153, Data: 80 0 0 FF 0 FF 0 0
ID: 316, Data: 85 16 2A 24 E 1A 45 7B
ID: 153, Data: 80 0 0 FF 0 FF 0 0
ID: 316, Data: 8D 16 2A 24 E 19 45 7B
ID: 440, Data: 8FE 94 45 A0 FF AA AA AA
ID: 1F1, Data: 80 7E 23 2 22 2C B2 22
ID: 316, Data: 8D 12 9 24 E 19 45 7B
ID: 316, Data: 8D F E8 23 E 19 45 7B
ID: 1F0, Data: 8D 40 59 BF 0 0 0 0
ID: 43F, Data: 844 48 60 FF 88 8 25 0
ID: 18F, Data: 8AA 31 0 0 0 0 0 0
ID: 43F, Data: 844 48 60 FF 88 FC 24 0
ID: A1, Data: 880 80 80 7E 19 0 0 0
ID: 43F, Data: 844 48 60 FF 88 E0 24 0
ID: 316, Data: 8D 7 76 23 E 19 44 7B
ID: 440, Data: 8FE E4 44 A0 FF AA AA AA
ID: 316, Data: 8D 3 65 23 E 19 44 7B
ID: 2A0, Data: 820 3 6A 1C 35 0 12 0
ID: 43F, Data: 844 48 60 FF 88 A0 24 0
ID: 43F, Data: 844 48 60 FF 88 98 24 0
ID: 316, Data: 8D 0 9 24 E 19 44 7B
ID: 316, Data: 8D 0 2A 24 E 19 44 7B
ID: 153, Data: 80 0 0 FF 0 FF 0 0
ID: 153, Data: 80 0 0 FF 0 FF 0 0
ID: 1F1, Data: 80 7E 14 52 21 1F D2 21
ID: 43F, Data: 844 48 60 FF 88 54 24 0
ID: 43F, Data: 844 48 60 FF 88 48 24 0
ID: 260, Data: 80 0 E 30 3 FF 66 11
ID: 153, Data: 80 0 0 FF 0 FF 0 0
ID: 316, Data: 8D 0 65 23 E 19 43 7B
ID: 5F0, Data: 20 0
ID: 316, Data: 8D 0 55 23 E 19 43 7B
ID: 153, Data: 80 0 0 FF 0 FF 0 0
ID: 316, Data: 8D 0 55 23 E 19 43 7B
ID: 153, Data: 80 0 0 FF 0 FF 0 0
ID: 316, Data: 8D 0 55 23 E 19 42 7B
ID: 1F0, Data: 8D 40 59 BF 0 0 0 0
ID: 153, Data: 80 0 0 FF 0 FF 0 0
ID: 440, Data: 8FE 94 42 A0 FF AA AA AA
ID: 43F, Data: 844 48 60 FF 87 BC 23 0
ID: 316, Data: 8D 0 F7 22 E 19 42 7B
ID: 153, Data: 80 0 0 FF 0 FF 0 0
ID: 153, Data: 80 0 0 FF 0 FF 0 0
ID: 5F0, Data: 20 0
ID: 43F, Data: 844 48 60 FF 88 70 23 0
ID: 260, Data: 80 0 E 30 3 FF 63 5
ID: 153, Data: 80 0 0 FF 0 FF 0 0
ID: 316, Data: 8D 0 A9 22 E 19 42 7B
ID: 440, Data: 8FE 34 41 A0 FF AA AA AA
ID: 316, Data: 8D 0 8A 22 E 19 41 7B
ID: 18F, Data: 8AA 31 0 0 0 0 0 0
ID: 153, Data: 80 0 0 FF 0 FF 0 0
ID: 18F, Data: 8AA 31 0 0 0 0 0 0
ID: 316, Data: 8D 0 4E 22 E 19 41 7B
ID: 43F, Data: 844 48 60 FF 88 14 23 0
ID: 316, Data: 8D 0 4E 22 E 19 41 7B
ID: 440, Data: 8FE 34 40 A0 FF AA AA AA
ID: 316, Data: 8D 0 30 22 E 19 41 7B
ID: A0, Data: 829 7C 4E 22 41 2C 4 0
ID: 43F, Data: 844 48 60 FF 88 C8 22 0
ID: 43F, Data: 844 48 60 FF 88 C0 22 0
ID: 280, Data: 830 0 20 B0 43 16 6A 3F
ID: 5F0, Data: 20 0
ID: 316, Data: 8D 0 E5 21 E 19 40 7B
ID: 316, Data: 8D 0 D7 21 E 19 40 7B
ID: 545, Data: 8DC 0 0 8D 43 FE 43 FE
ID: 260, Data: 80 0 E 30 3 FF 5E 38
ID: 43F, Data: 844 48 60 FF 88 64 22 0
ID: 43F, Data: 844 48 60 FF 88 5C 22 0
ID: 329, Data: 8B B0 7F 8 11 34 0 26
ID: 153, Data: 80 0 0 FF 0 FF 0 0
ID: 153, Data: 80 0 0 FF 0 FF 0 0
ID: 316, Data: 8D 0 80 21 E 19 3F 7B
ID: 440, Data: 8FE 34 3F A0 FF AA AA AA
ID: 316, Data: 8D 0 71 21 E 19 3F 7B
ID: 280, Data: 830 0 20 B0 42 16 6A 3F
ID: 153, Data: 80 0 0 FF 0 FF 0 0
ID: 316, Data: 8D 0 38 21 E 19 3F 7B
ID: 153, Data: 80 0 0 FF 0 FF 0 0
ID: 316, Data: 8D 0 1C 21 E 19 3F 7B
ID: 153, Data: 80 0 0 FF 0 FF 0 0
ID: 316, Data: 8D 0 1C 21 E 19 3F 7B
ID: 316, Data: 8D 0 0 21 E 19 3F 7B
ID: 153, Data: 80 0 0 FF 0 FF 0 0
ID: 316, Data: 8D 0 0 21 E 19 3E 7B
ID: 153, Data: 80 0 0 FF 0 FF 0 0
ID: 43F, Data: 844 48 60 FF 87 98 21 0
ID: 153, Data: 80 0 0 FF 0 FF 0 0
ID: 153, Data: 80 0 0 FF 0 FF 0 0
ID: 316, Data: 8D 0 D7 20 F 19 3E 7B
ID: 153, Data: 80 0 0 FF 0 FF 0 0
ID: 316, Data: 8D 0 A0 20 F 19 3E 7B
ID: 153, Data: 80 0 0 FF 0 FF 0 0
ID: 316, Data: 8D 0 85 20 F 19 3E 7B
ID: 153, Data: 80 0 0 FF 0 FF 0 0
ID: 43F, Data: 844 48 60 FF 87 20 21 0
ID: 43F, Data: 844 48 60 FF 87 14 21 0
ID: 43F, Data: 844 48 60 FF 87 8 21 0
ID: A1, Data: 880 80 80 7E 1E 0 0 0
ID: 316, Data: 8D 0 5C 20 F 19 3D 7B
ID: 153, Data: 80 0 0 FF 0 FF 0 0
ID: 316, Data: 8D 0 42 20 F 19 3D 7B
ID: 153, Data: 80 0 0 FF 0 FF 0 0
ID: 316, Data: 8D 0 27 20 F 19 3D 7B
ID: 43F, Data: 844 48 60 FF 87 B8 20 0
ID: 43F, Data: 844 48 60 FF 87 AC 20 0
ID: 153, Data: 80 0 0 FF 0 FF 0 0
ID: 316, Data: 8D 0 E5 1F F 19 3C 7B
ID: 316, Data: 8D 0 F2 1F F 19 3C 7B
ID: 316, Data: 8D 0 D8 1F F 19 3C 7B
ID: 316, Data: 8D 0 CB 1F F 19 3C 7B
ID: 18F, Data: 8AA 31 0 0 0 0 0 0
ID: 153, Data: 80 0 0 FF 0 FF 0 0
ID: 18F, Data: 8AA 31 0 0 0 0 0 0
ID: 43F, Data: 844 48 60 FF 87 3C 20 0
ID: 316, Data: 8D 0 8B 1F F 19 3C 7B
ID: A0, Data: 829 7C 8B 1F 3C 2C 4 0
ID: 440, Data: 8FE E4 3B A0 FF AA AA AA
ID: 316, Data: 8D 0 4C 1F F 19 3B 7B
ID: 18F, Data: 8AA 31 0 0 0 0 0 0
ID: 153, Data: 80 0 0 FF 0 FF 0 0
ID: 18F, Data: 8AA 31 0 0 0 0 0 0
ID: 370, Data: 8FF E0 F0 FF FF FF FF FF
ID: 316, Data: 8D 0 33 1F F 19 3B 7B
ID: 440, Data: 8FE E4 3A A0 FF AA AA AA
ID: 5F0, Data: 20 0
ID: 2A0, Data: 840 1 6A 1C 35 0 12 0
ID: 280, Data: 830 0 20 B0 3E 15 6A 3E
ID: 43F, Data: 844 48 60 FF 88 8C 1F 0
ID: 5F0, Data: 20 0
ID: 18F, Data: 8AA 31 0 0 0 0 0 0
ID: 2A0, Data: 880 1 6A 1C 35 0 12 0
ID: 316, Data: 8D 0 D1 1E F 19 3A 7B
ID: 545, Data: 8DC 0 0 8D 45 FE 45 FE
ID: 18F, Data: 8AA 31 0 0 0 0 0 0
ID: 43F, Data: 844 48 60 FF 87 48 1F 0
ID: 153, Data: 80 0 0 FF 0 FF 0 0
ID: 316, Data: 8D 0 88 1E F 19 3A 7B
ID: 153, Data: 80 0 0 FF 0 FF 0 0
ID: 316, Data: 8D 0 7C 1E F 19 3A 7B
ID: 316, Data: 8D 0 70 1E F 19 3A 7B
ID: 153, Data: 80 0 0 FF 0 FF 0 0
ID: 316, Data: 8D 0 59 1E F 19 39 7B
ID: 153, Data: 80 0 0 FF 0 FF 0 0
ID: 316, Data: 8D 0 41 1E 10 19 39 7B
ID: 43F, Data: 844 48 60 FF 87 E0 1E 0
ID: 280, Data: 830 0 20 B0 3C 15 6B 3D
ID: 316, Data: 8D 0 1E 1E 10 19 39 7B
ID: 329, Data: 8B B0 7F 8 11 33 0 26
ID: 43F, Data: 844 48 60 FF 87 A8 1E 0
ID: 153, Data: 80 0 0 FF 0 FF 0 0
ID: 316, Data: 8D 0 F0 1D 10 19 39 7B
ID: 43F, Data: 844 48 60 FF 87 88 1E 0
ID: 2A0, Data: 820 0 6B 1C 35 0 12 0
ID: 316, Data: 8D 0 C3 1D 10 19 38 7B
ID: 316, Data: 8D 0 B7 1D 10 19 38 7B
ID: 2A0, Data: 820 0 6B 1C 35 0 12 0
ID: 43F, Data: 844 48 60 FF 87 38 1E 0
ID: 153, Data: 80 0 0 FF 0 FF 0 0
ID: 280, Data: 830 0 20 B0 3A 14 6B 3B
ID: 316, Data: 8D 0 74 1D 10 19 38 7B
ID: 43F, Data: 844 48 60 FF 87 18 1E 0
ID: 316, Data: 8D 0 69 1D 10 19 38 7B
ID: 2A0, Data: 840 0 6B 1C 35 0 12 0
ID: 153, Data: 80 0 0 FF 0 FF 0 0
ID: 316, Data: 8D 0 48 1D 10 19 37 7B
ID: 153, Data: 80 0 0 FF 0 FF 0 0
ID: 316, Data: 8D 0 27 1D 10 19 37 7B
ID: 153, Data: 80 0 0 FF 0 FF 0 0
ID: 316, Data: 8D 0 27 1D 10 19 37 7B
ID: 316, Data: 8D 0 11 1D 10 19 37 7B
ID: 316, Data: 8D 0 7 1D 10 19 37 7B
ID: 43F, Data: 844 48 60 FF 87 98 1D 0
ID: 153, Data: 80 0 0 FF 0 FF 0 0
ID: 153, Data: 80 0 0 FF 0 FF 0 0
ID: 316, Data: 8D 0 DC 1C 10 19 37 7B
ID: 153, Data: 80 0 0 FF 0 FF 0 0
ID: 316, Data: 8D 0 C6 1C 10 19 36 7B
ID: 153, Data: 80 0 0 FF 0 FF 0 0
ID: 316, Data: 8D 0 9C 1C 10 19 36 7A
ID: 316, Data: 8D 0 92 1C 10 19 36 7A
ID: 2A0, Data: 840 0 6B 1C 35 0 12 0
ID: 316, Data: 8D 0 73 1C 10 19 36 7B
ID: 153, Data: 80 0 0 FF 0 FF 0 0
ID: 316, Data: 8D 0 54 1C 10 19 36 7B
ID: 316, Data: 8D 0 3F 1C 10 19 36 7B
ID: 280, Data: 830 0 20 B0 38 14 6B 3A
ID: 43F, Data: 844 48 60 FF 87 B8 1C 0
ID: 43F, Data: 844 48 60 FF 87 B8 1C 0
ID: 2A0, Data: 880 0 6B 1C 35 0 12 0
ID: 316, Data: 8D 0 E4 1B 10 19 35 7A
ID: 316, Data: 8D 0 D1 1B 10 19 35 7A
ID: 153, Data: 80 0 0 FF 0 FF 0 0
ID: 1F0, Data: 8E 40 59 BF 0 0 0 0
ID: 43F, Data: 844 48 60 FF 88 34 1C 0
ID: 153, Data: 80 0 0 FF 0 FF 0 0
ID: 153, Data: 80 0 0 FF 0 FF 0 0
ID: 316, Data: 8D 0 5C 1B 11 19 34 7A
ID: 153, Data: 80 0 0 FF 0 FF 0 0
ID: 316, Data: 8D 0 3F 1B 11 19 34 7A
ID: 153, Data: 80 0 0 FF 0 FF 0 0
ID: 153, Data: 80 0 0 FF 0 FF 0 0
ID: 43F, Data: 844 48 60 FF 87 80 1B 0
ID: 43F, Data: 844 48 60 FF 87 68 1B 0
ID: 370, Data: 8FF E0 F0 FF FF FF FF FF
ID: 5F0, Data: 20 0
ID: 316, Data: 8D 0 86 1A 11 19 33 7A
ID: 43F, Data: 844 48 60 FF 87 28 1B 0
ID: 440, Data: 8FE 94 32 A0 FF AA AA AA
ID: 316, Data: 8D 0 50 1A 11 19 32 7A
ID: A0, Data: 827 7C 62 1A 33 29 4 0
ID: 43F, Data: 844 48 60 FF 87 D4 1A 0
ID: 43F, Data: 844 48 60 FF 87 B4 1A 0
ID: 18F, Data: 8AA 31 0 0 0 0 0 0
ID: 316, Data: 8D 0 E8 19 11 19 31 7A
ID: 5F0, Data: 20 0
ID: 153, Data: 80 0 0 FF 0 FF 0 0
ID: 316, Data: 8D 0 A4 19 11 19 31 7A
ID: 153, Data: 80 0 0 FF 0 FF 0 0
ID: 316, Data: 8D 0 82 19 11 19 31 7A
ID: 153, Data: 80 0 0 FF 0 FF 0 0
ID: 316, Data: 8D 0 48 19 11 19 30 7A
ID: 153, Data: 80 0 0 FF 0 FF 0 0
ID: 329, Data: 8ED AF 7F 8 12 30 0 26
ID: 316, Data: 8D 0 8 19 11 19 30 7A
ID: 260, Data: 80 0 12 30 3 FF 4E 25
ID: 316, Data: 8D 0 D8 18 11 18 2F 7A
ID: 153, Data: 80 0 0 FF 0 FF 0 0
ID: 316, Data: 8D 0 A1 18 12 18 2F 7A
ID: 316, Data: 8D 0 82 18 12 18 2F 7A
ID: 316, Data: 8D 0 63 18 12 18 2F 7A
ID: 153, Data: 80 0 0 FF 0 FF 0 0
ID: 153, Data: 80 0 0 FF 0 FF 0 0
ID: 316, Data: 8D 0 FB 17 12 18 2E 7A
ID: A0, Data: 827 7C 45 18 2F 28 4 0
ID: 153, Data: 80 0 0 FF 0 FF 0 0
ID: 316, Data: 8D 0 B2 17 12 18 2D 7A
ID: 5A0, Data: 80 0 0 90 0 0 0 0
ID: 316, Data: 8D 0 79 17 12 18 2D 7A
ID: 43F, Data: 844 48 60 FF 87 4 18 0
ID: 153, Data: 80 0 0 FF 0 FF 0 0
ID: 18F, Data: 8AA 31 0 0 0 0 0 0
ID: 370, Data: 8FF E0 F0 FF FF FF FF FF
ID: 43F, Data: 844 48 60 FF 87 7C 17 0
ID: 440, Data: 8FE 44 2B A0 FF AA AA AA
ID: 153, Data: 80 0 0 FF 0 FF 0 0
ID: 1F0, Data: 8C 40 59 BF 0 0 0 0
ID: 18F, Data: 8AA 31 0 0 0 0 0 0
ID: 2A0, Data: 880 0 6B 1C 35 0 12 0
ID: 316, Data: 8D 0 13 16 13 18 2A 7A
ID: 153, Data: 80 0 0 FF 0 FF 0 0
ID: 153, Data: 80 0 0 FF 0 FF 0 0
ID: 545, Data: 8DC 0 0 8D 47 FE 47 FE
ID: 316, Data: 8D 0 99 15 13 18 2A 7A
ID: 370, Data: 8FF E0 F0 FF FF FF FF FF
ID: 316, Data: 8D 0 69 15 13 18 29 7A
ID: A1, Data: 880 80 80 7E 1B 0 0 0
ID: 153, Data: 80 0 0 FF 0 FF 0 0
ID: 316, Data: 8D 0 41 15 13 19 29 7A
ID: 153, Data: 80 0 0 FF 0 FF 0 0
ID: 316, Data: 8D 0 2F 15 13 19 29 7A
ID: 316, Data: 8D 0 1E 15 14 19 28 7A
ID: 153, Data: 80 0 0 FF 0 FF 0 0
ID: A0, Data: 826 7C 2 15 29 27 4 0
ID: 316, Data: 8D 0 CA 14 14 19 28 7A
ID: 280, Data: 830 0 20 AF 29 13 6B 39
ID: 153, Data: 80 0 0 FF 0 FF 0 0
ID: 153, Data: 80 0 0 FF 0 FF 0 0
ID: 316, Data: 8D 0 83 14 14 19 27 7A
ID: 153, Data: 80 0 0 FF 0 FF 0 0
ID: 316, Data: 8D 0 53 14 14 19 27 7A
ID: 153, Data: 80 0 0 FF 0 FF 0 0
ID: 153, Data: 80 0 0 FF 0 FF 0 0
ID: 440, Data: 8FE 44 26 A0 FF AA AA AA
ID: 43F, Data: 844 48 60 FF 87 E4 14 0
ID: 316, Data: 8D 0 38 14 14 19 27 7A
ID: 153, Data: 80 0 0 FF 0 FF 0 0
ID: 153, Data: 80 0 0 FF 0 FF 0 0
ID: 316, Data: 8D 0 14 14 14 19 26 7A
ID: 440, Data: 8FE 44 26 A0 FF AA AA AA
ID: 316, Data: 8D 0 5 14 1B 19 26 7A
ID: 153, Data: 80 0 0 FF 0 FF 0 0
ID: 153, Data: 80 0 0 FF 0 FF 0 0
ID: 153, Data: 80 0 0 FF 0 FF 0 0
ID: 43F, Data: 844 48 60 FF 87 7C 14 0
ID: 316, Data: 85 25 F0 13 4E 18 26 7A
ID: 153, Data: 80 0 0 FF 0 FF 0 0
ID: 316, Data: 85 33 23 13 5B 17 25 7A
ID: 5F0, Data: 20 0
ID: 280, Data: 830 0 88 AF 2A 26 6B 5E
ID: 316, Data: 85 3F 38 16 58 15 25 7A
ID: 43F, Data: 844 48 60 FF 87 74 14 0
ID: 316, Data: 85 47 11 18 56 14 25 7A
ID: 153, Data: 80 0 0 FF 0 FF 0 0
ID: 153, Data: 80 0 0 FF 0 FF 0 0
ID: 316, Data: 85 4B A9 18 55 14 25 7A
ID: A0, Data: 85E 7C 6B 18 26 34 2 0
ID: 316, Data: 85 4D 18 19 5C 13 26 7A
ID: 280, Data: 830 0 88 AF 32 30 6B 7E
ID: 43F, Data: 844 48 60 FF 87 BC 14 0
ID: 316, Data: 85 59 B4 19 63 13 26 7A
ID: 153, Data: 80 0 0 FF 0 FF 0 0
ID: 316, Data: 85 5E E8 19 64 12 26 7A
ID: 316, Data: 85 61 B4 19 65 12 26 7A
ID: 260, Data: 8B 63 66 30 3 FF AD 32
ID: 43F, Data: 844 48 60 FF 87 14 15 0
ID: 440, Data: 8FE 94 26 A0 FF AA AA AA
ID: 153, Data: 80 0 0 FF 0 FF 0 0
ID: 316, Data: 85 66 4D 18 66 12 27 7A
ID: 153, Data: 80 0 0 FF 0 FF 0 0
ID: A0, Data: 875 7C 45 18 27 39 2 0
ID: 316, Data: 85 65 63 18 66 12 27 7A
ID: 2A0, Data: 8A1 C 6B 1C 35 0 12 0
ID: 43F, Data: 844 48 60 FF 88 AC 15 0
ID: 1F1, Data: 80 C3 39 B1 13 46 61 14
ID: 1F0, Data: 810 40 59 BF 0 0 0 0
ID: 316, Data: 85 60 54 18 66 12 28 7A
ID: 153, Data: 80 0 0 FF 0 FF 0 0
ID: 153, Data: 80 0 0 FF 0 FF 0 0
ID: 545, Data: 8DC B7 0 8D 78 5 78 5
ID: 370, Data: 8FF E0 F0 FF FF FF FF FF
ID: 329, Data: 840 AF 7F 8 11 42 2C 26
ID: 153, Data: 80 0 0 FF 0 FF 0 0
ID: 2A0, Data: 861 10 6B 1C 35 0 12 0
ID: 316, Data: 85 67 A9 18 71 11 29 7A
ID: A0, Data: 881 7C A9 18 29 3D 2 0
ID: 43F, Data: 844 48 60 FF 87 AC 16 0
ID: 153, Data: 80 0 0 FF 0 FF 0 0
ID: A0, Data: 884 7C F8 18 2A 3D 2 0
ID: 260, Data: 8B 72 72 30 3 FF 9C 28
ID: A1, Data: 884 7C 83 7D 4D 0 0 0
ID: 5F0, Data: 20 0
ID: 153, Data: 80 0 0 FF 0 FF 0 0
ID: 1F1, Data: 80 6C 52 E1 14 5C 1 16
ID: 5F0, Data: 20 0
ID: 316, Data: 85 6F 30 19 72 11 2A 7A
ID: 316, Data: 85 6F 30 19 72 11 2B 7A
ID: 260, Data: 8B 6F 72 30 3 FF 9C 3B
ID: 5F0, Data: 20 0
ID: 316, Data: 85 6E 51 19 7C 11 2B 7A
ID: 1F0, Data: 8D 40 59 BF 0 0 0 0
ID: 1F0, Data: 8D 40 59 BF 0 0 0 0
ID: A1, Data: 885 7C 83 7D 4C 0 0 0
ID: 2A0, Data: 81 18 6B 1C 35 0 12 0
ID: A0, Data: 891 7C 1 1A 2C 40 2 0
ID: 153, Data: 80 0 0 FF 0 FF 0 0
ID: 316, Data: 85 7D 3F 1A 7E 11 2C 7A
ID: A0, Data: 891 7C 1 1A 2C 40 2 0
ID: 316, Data: 85 7C 13 1A 7E 11 2D 7A
ID: 316, Data: 85 7D 24 1A 7E 11 2D 7A
ID: 260, Data: 8B 7E 7F 30 3 FF 8F F
ID: 43F, Data: 844 48 60 FF 88 D0 18 0
ID: 370, Data: 8FF E0 F0 FF FF FF FF FF
ID: 18F, Data: 8AA 31 0 0 0 0 0 0
ID: 316, Data: 85 7C 7D 1A 7F 11 2E 7A
ID: 153, Data: 80 0 0 FF 0 FF 0 0
ID: 1F0, Data: 8C 40 59 BF 0 0 0 0
ID: 316, Data: 85 7B 8F 1A 7F 11 2E 7A
ID: 316, Data: 85 7B B3 1A 7F 11 2E 7A
ID: 153, Data: 80 0 0 FF 0 FF 0 0
ID: 316, Data: 85 7B F4 1A 7F 11 2F 7A
ID: 316, Data: 85 7B 10 1B 7F 11 2F 7A
ID: 545, Data: 8DC 16 1 8D 46 7 46 7
ID: 440, Data: 8FE 44 2F A0 FF AA AA AA
ID: 316, Data: 85 7A 5C 1B 70 11 2F 7A
ID: 153, Data: 80 0 0 FF 0 FF 0 0
ID: 316, Data: 85 75 6F 1B 70 11 30 7A
ID: 316, Data: 85 73 6F 1B 71 11 30 7A
ID: 329, Data: 8ED AF 7F 8 11 47 33 26
ID: 370, Data: 8FF E0 F0 FF FF FF FF FF
ID: 316, Data: 85 6D 5C 1B 76 12 31 7A
ID: 153, Data: 80 0 0 FF 0 FF 0 0
ID: 316, Data: 85 6C 82 1B 76 12 31 7A
ID: 316, Data: 85 6F B3 1B 76 12 31 7A
ID: A0, Data: 882 7C 6F 1B 31 3D 2 0
ID: 316, Data: 85 72 17 1C 76 11 31 7A
ID: 316, Data: 85 74 3F 1C 76 11 31 7B
ID: 43F, Data: 844 48 60 FF 88 48 1B 0
ID: 316, Data: 85 76 5E 1C 76 11 32 7B
ID: A1, Data: 884 7C 85 7D 49 0 0 0
ID: 316, Data: 85 76 9C 1C 76 11 32 7B
ID: 316, Data: 85 76 B1 1C 76 11 32 7B
ID: A0, Data: 888 7C 9C 1C 33 3F 2 0
ID: 316, Data: 85 75 BC 1C 76 11 33 7B
ID: 316, Data: 85 74 DC 1C 76 12 33 7B
ID: 43F, Data: 844 48 60 FF 88 0 1C 0
ID: 316, Data: 85 73 7 1D 76 12 33 7B
ID: 2A0, Data: 8A1 26 6B 1C 35 0 12 0
ID: 43F, Data: 844 48 60 FF 88 48 1C 0
ID: 316, Data: 85 72 32 1D 76 12 34 7B
ID: A0, Data: 886 7C 3D 1D 34 3F 2 0
ID: 316, Data: 85 73 74 1D 75 12 34 7B
ID: 153, Data: 80 0 0 FF 0 FF 0 0
ID: 43F, Data: 844 48 60 FF 88 B0 1C 0
ID: 280, Data: 830 0 88 AF 3B 47 6A 96
ID: 316, Data: 85 73 B7 1D 6F 12 35 7B
ID: 280, Data: 830 0 88 AF 3B 47 6A 96
ID: 153, Data: 80 0 0 FF 0 FF 0 0
ID: 316, Data: 85 70 FC 1D 6F 12 35 7B
ID: 316, Data: 85 70 1E 1E 6F 12 35 7B
ID: 260, Data: 8B 6F 70 30 3 FF A3 26
ID: 316, Data: 85 6D 1E 1E 6F 12 36 7B
ID: 329, Data: 8ED AF 7F 8 11 48 33 26
ID: A0, Data: 87E 7C 2A 1E 36 3E 2 0
ID: 316, Data: 85 6C 59 1E 67 12 36 7B
ID: 2A0, Data: 8A1 29 6A 1C 35 0 12 0
ID: 43F, Data: 844 48 60 FF 88 BC 1D 0
ID: 316, Data: 85 64 94 1E 53 12 36 7B
ID: 18F, Data: 8AA 32 0 0 0 0 0 0
ID: 316, Data: 85 57 4D 1E 52 13 37 7B
ID: 153, Data: 80 0 0 FF 0 FF 0 0
ID: 280, Data: 830 0 88 AF 3C 32 6A 80
ID: 316, Data: 85 50 7C 1E 52 13 37 7B
ID: 153, Data: 80 0 0 FF 0 FF 0 0
ID: 316, Data: 85 4E AC 1E 52 13 37 7B
ID: 153, Data: 80 0 0 FF 0 FF 0 0
ID: 329, Data: 884 AF 7F 8 11 40 23 26
ID: 316, Data: 85 4E DD 1E 52 13 37 7B
ID: 43F, Data: 844 48 60 FF 88 4C 1E 0
ID: 43F, Data: 844 48 60 FF 88 48 1E 0
ID: A0, Data: 858 7C 1 1F 38 37 2 0
ID: 316, Data: 85 4D E 1F 51 13 38 7B
ID: 316, Data: 85 4C E 1F 51 13 38 7B
ID: 329, Data: 840 AF 7F 8 11 40 23 26
ID: 43F, Data: 844 48 60 FF 88 88 1E 0
ID: 316, Data: 85 4C 27 1F 51 13 38 7B
ID: 153, Data: 80 0 0 FF 0 FF 0 0
ID: 316, Data: 85 4C 40 1F 51 13 38 7B
ID: 153, Data: 80 0 0 FF 0 FF 0 0
ID: 316, Data: 85 4C 4C 1F 51 13 38 7B
ID: 316, Data: 85 4C 65 1F 51 13 38 7B
ID: 260, Data: 8B 4D 52 30 3 FF C9 22
ID: 43F, Data: 844 48 60 FF 88 E0 1E 0
ID: 316, Data: 85 4C 98 1F 51 13 39 7B
ID: 153, Data: 80 0 0 FF 0 FF 0 0
ID: 316, Data: 85 4C B2 1F 51 13 39 7B
ID: 153, Data: 80 0 0 FF 0 FF 0 0
ID: A0, Data: 858 7C B2 1F 39 37 2 0
ID: 316, Data: 85 4C CB 1F 51 13 39 7B
ID: 260, Data: 8B 4D 51 30 3 FF C9 5
ID: 316, Data: 85 4C D8 1F 51 13 39 7B
ID: 153, Data: 80 0 0 FF 0 FF 0 0
ID: A0, Data: 859 7C D8 1F 3A 37 2 0
ID: 329, Data: 8ED AF 7F 8 11 41 25 26
ID: A0, Data: 859 7C D 20 3A 37 2 0
ID: 43F, Data: 844 48 60 FF 88 78 1F 0
ID: 153, Data: 80 0 0 FF 0 FF 0 0
ID: 18F, Data: 8AA 32 0 0 0 0 0 0
ID: 43F, Data: 844 48 60 FF 88 94 1F 0
ID: 153, Data: 80 0 0 FF 0 FF 0 0
ID: A1, Data: 882 7C 7E 7D 3C 0 0 0
ID: 545, Data: 8DC C6 0 8D E 4 E 4
ID: 260, Data: 8B 4F 53 30 3 FF C6 31
ID: 280, Data: 830 0 88 AF 41 30 6A 7F
ID: 43F, Data: 844 48 60 FF 88 D0 1F 0
ID: 43F, Data: 844 48 60 FF 88 DC 1F 0
ID: A1, Data: 882 7C 7E 7D 3C 0 0 0
ID: 316, Data: 85 4F AE 20 52 13 3B 7B
ID: 316, Data: 85 4F BB 20 52 13 3B 7B
ID: A1, Data: 881 7C 7E 7D 3C 0 0 0
ID: 43F, Data: 844 48 60 FF 88 14 20 0
ID: 43F, Data: 844 48 60 FF 88 24 20 0
ID: 260, Data: 8B 50 52 30 3 FF C5 4
ID: 316, Data: 85 50 0 21 52 13 3B 7B
ID: 316, Data: 85 50 0 21 53 13 3B 7B
ID: A1, Data: 885 7C 7D 7D 3D 0 0 0
ID: 153, Data: 80 0 0 FF 0 FF 0 0
ID: 43F, Data: 844 48 60 FF 88 5C 20 0
ID: 153, Data: 80 0 0 FF 0 FF 0 0
ID: 153, Data: 80 0 0 FF 0 FF 0 0
ID: 316, Data: 85 50 47 21 53 13 3C 7B
ID: 153, Data: 80 0 0 FF 0 FF 0 0
ID: 316, Data: 85 50 47 21 53 13 3C 7B
ID: 316, Data: 85 51 63 21 53 13 3C 7B
ID: 18F, Data: 8AA 32 0 0 0 0 0 0
ID: 43F, Data: 844 48 60 FF 88 B4 20 0
ID: 153, Data: 80 0 0 FF 0 FF 0 0
ID: 316, Data: 85 51 9D 21 52 13 3C 7B
ID: 316, Data: 85 52 AB 21 52 13 3C 7B
ID: 545, Data: 8DC DF 0 8D 52 4 52 4
ID: 440, Data: 8FE E4 3C A0 FF AA AA AA
ID: 1F1, Data: 80 6C E2 F1 1D EE D1 1E
ID: 153, Data: 80 0 0 FF 0 FF 0 0
ID: 316, Data: 85 52 E5 21 49 13 3D 7B
ID: 153, Data: 80 0 0 FF 0 FF 0 0
ID: 545, Data: 8DC CE 0 8D C 4 C 4
ID: 316, Data: 85 4C E5 21 3F 14 3D 7B
ID: 316, Data: 85 47 C8 21 40 14 3D 7B
ID: A1, Data: 885 7D 7D 7D 38 0 0 0
ID: 153, Data: 80 0 0 FF 0 FF 0 0
ID: 43F, Data: 844 48 60 FF 88 54 21 0
ID: 153, Data: 80 0 0 FF 0 FF 0 0
ID: 316, Data: 85 45 F4 21 51 14 3D 7B
ID: 316, Data: 85 48 3 22 51 14 3D 7B
ID: 43F, Data: 844 48 60 FF 88 88 21 0
ID: 43F, Data: 844 48 60 FF 88 8C 21 0
ID: 329, Data: 8B AF 7F 8 11 43 25 26
ID: 153, Data: 80 0 0 FF 0 FF 0 0
ID: 316, Data: 85 50 8A 22 51 14 3E 7B
ID: 153, Data: 80 0 0 FF 0 FF 0 0
ID: 545, Data: 8DC DE 0 8D 39 4 39 4
ID: 316, Data: 85 51 6C 22 51 13 3E 7B
ID: 280, Data: 830 0 88 AF 44 31 6A 7F
ID: 43F, Data: 844 48 60 FF 88 E4 21 0
ID: 370, Data: 8FF DE F0 FF FF FF FF FF
ID: 316, Data: 85 51 B8 22 51 14 3E 7B
ID: 329, Data: 840 AF 7F 8 11 43 1D 26
ID: 43F, Data: 844 48 60 FF 89 10 22 0
ID: 316, Data: 85 4B C8 22 3A 14 3F 7B
ID: 153, Data: 80 0 0 FF 0 FF 0 0
ID: 153, Data: 80 0 0 FF 0 FF 0 0
ID: 316, Data: 85 3F 7B 22 47 15 3F 7B
ID: 153, Data: 80 0 0 FF 0 FF 0 0
ID: 316, Data: 85 3E 7B 22 4F 15 3F 7B
ID: 316, Data: 85 43 A9 22 52 15 3F 7B
ID: 260, Data: 8B 48 53 30 3 FF CF 11
ID: 43F, Data: 844 48 60 FF 88 6C 22 0
ID: 316, Data: 85 4E A6 23 50 14 3F 7B
ID: 316, Data: 85 50 96 23 42 14 3F 7B
ID: 316, Data: 85 4F 65 23 31 14 3F 7B
ID: 43F, Data: 844 48 60 FF 88 84 22 0
ID: 43F, Data: 844 48 60 FF 88 78 22 0
ID: 18F, Data: 8AA 32 0 0 0 0 0 0
ID: 153, Data: 80 0 0 FF 0 FF 0 0
ID: 316, Data: 85 2C E7 22 D 18 40 7B
ID: 43F, Data: 844 48 60 FF 88 84 22 0
ID: 316, Data: 85 22 9A 22 E 19 40 7B
ID: 280, Data: 830 0 88 AF 45 13 6A 39
ID: 153, Data: 80 0 0 FF 0 FF 0 0
ID: 316, Data: 85 1D 8A 22 2B 1A 40 7B
ID: 153, Data: 80 0 0 FF 0 FF 0 0
ID: 2A0, Data: 8C1 20 6A 1C 35 0 12 0
ID: 316, Data: 85 27 4E 22 4D 19 40 7B
ID: A0, Data: 843 7C 5D 22 40 34 2 0
ID: 43F, Data: 844 48 60 FF 88 A4 22 0
ID: 370, Data: 8FF DD F0 FF FF FF FF FF
ID: 153, Data: 80 0 0 FF 0 FF 0 0
ID: 316, Data: 85 3E A1 24 48 16 40 7B
ID: 153, Data: 80 0 0 FF 0 FF 0 0
ID: 260, Data: 8B 42 47 30 3 FF CF 5
ID: 316, Data: 85 44 4C 24 3E 15 40 7B
ID: 2A0, Data: 8C1 20 6A 1C 35 0 12 0
ID: 43F, Data: 844 48 60 FF 88 AC 22 0
ID: 316, Data: 85 3A 5D 24 A 16 40 7B
ID: 316, Data: 85 34 19 24 B 17 40 7B
ID: 316, Data: 85 2F 96 23 C 18 40 7B
ID: 329, Data: 8B AF 7F 8 11 32 0 26
ID: 43F, Data: 844 48 60 FF 88 A8 22 0
ID: 153, Data: 80 0 0 FF 0 FF 0 0
ID: 329, Data: 840 AF 7F 8 11 30 0 26
ID: 316, Data: 85 1D 9A 22 F 1A 40 7B
ID: 545, Data: 8DC 46 0 8D 2B 0 2B 0
ID: 370, Data: 8FF DD F0 FF FF FF FF FF
ID: 153, Data: 80 0 0 FF 0 FF 0 0
ID: 260, Data: 8B 1A F 30 3 FF B6 33
ID: 316, Data: 85 19 BA 21 F 1A 40 7B
ID: 18F, Data: 8AA 32 0 0 0 0 0 0
ID: 316, Data: 85 17 63 21 F 1A 40 7B
ID: 440, Data: 8FE E4 3F A0 FF AA AA AA
ID: 316, Data: 85 19 2A 21 2A 1A 40 7B
ID: 153, Data: 80 0 0 FF 0 FF 0 0
ID: 43F, Data: 844 48 60 FF 88 54 22 0
ID: 43F, Data: 844 48 60 FF 88 58 22 0
ID: 316, Data: 85 23 3F 22 32 19 3F 7B
ID: 153, Data: 80 0 0 FF 0 FF 0 0
ID: 316, Data: 85 28 E7 22 31 19 3F 7B
ID: 153, Data: 80 0 0 FF 0 FF 0 0
ID: 260, Data: 8B 2B 30 30 3 FF D7 3A
ID: 316, Data: 85 2B 96 23 1B 18 3F 7B
ID: 18F, Data: 8AA 32 0 0 0 0 0 0
ID: 316, Data: 85 2D 45 23 D 18 3F 7B
ID: 153, Data: 80 0 0 FF 0 FF 0 0
ID: 316, Data: 85 28 26 23 D 19 3F 7B
ID: 153, Data: 80 0 0 FF 0 FF 0 0
ID: 316, Data: 85 24 D7 22 E 19 3F 7B
ID: 316, Data: 85 20 9A 22 E 19 3F 7B
ID: 545, Data: 8DC 53 0 8D 62 0 62 0
ID: 43F, Data: 844 48 60 FF 87 34 22 0
ID: 153, Data: 80 0 0 FF 0 FF 0 0
ID: 329, Data: 8B AF 7F 8 11 30 2 26
ID: 316, Data: 85 1A D7 21 1A 1A 3F 7B
ID: 316, Data: 85 1A AB 21 1A 1A 3F 7B
ID: 43F, Data: 844 48 60 FF 87 50 22 0
ID: 316, Data: 85 1A AB 21 1A 1A 3F 7B
ID: 153, Data: 80 0 0 FF 0 FF 0 0
ID: 316, Data: 85 1A AB 21 1A 1A 3F 7B
ID: 153, Data: 80 0 0 FF 0 FF 0 0
ID: 153, Data: 80 0 0 FF 0 FF 0 0
ID: 316, Data: 85 1A BA 21 1F 1A 3F 7B
ID: 153, Data: 80 0 0 FF 0 FF 0 0
ID: 260, Data: 8B 1B 24 30 3 FF CF 22
ID: 316, Data: 85 1C E5 21 26 1A 3F 7B
ID: 18F, Data: 8AA 32 0 0 0 0 0 0
ID: 316, Data: 85 1F 30 22 29 19 3F 7B
ID: 153, Data: 80 0 0 FF 0 FF 0 0
ID: 316, Data: 85 22 3F 22 2D 19 3F 7B
ID: 153, Data: 80 0 0 FF 0 FF 0 0
ID: A1, Data: 878 7C 80 7E 1D 0 0 0
ID: 329, Data: 840 AF 7F 8 11 37 E 26
ID: 280, Data: 830 0 88 AF 45 17 6A 40
ID: 153, Data: 80 0 0 FF 0 FF 0 0
ID: 316, Data: 85 2A D7 22 33 18 3F 7B
ID: 316, Data: 85 2C F7 22 32 18 3F 7B
ID: 2A0, Data: 8A1 12 6A 1C 35 0 12 0
ID: 43F, Data: 844 48 60 FF 87 4 22 0
ID: 316, Data: 85 2E F7 22 2E 18 3F 7B
ID: A1, Data: 87E 7C 81 7E 25 0 0 0
ID: 316, Data: 85 30 6 23 C 18 3F 7B
ID: 316, Data: 85 30 6 23 D 18 3F 7B
ID: 316, Data: 85 2D 16 23 D 18 3F 7B
ID: 2A0, Data: 840 11 6A 1C 35 0 12 0
ID: 153, Data: 80 0 0 FF 0 FF 0 0
ID: 43F, Data: 844 48 60 FF 87 0 22 0
ID: 1F1, Data: 80 B2 F2 31 1F FC E1 1F
ID: 153, Data: 80 0 0 FF 0 FF 0 0
ID: 370, Data: 8FF DD F0 FF FF FF FF FF
ID: 260, Data: 8B 1C F 30 3 FF CD 1B
ID: 316, Data: 85 1B C8 21 F 1A 3F 7B
ID: 316, Data: 85 1A 9D 21 F 1A 3F 7B
ID: A1, Data: 880 80 83 7E 17 0 0 0
ID: 316, Data: 85 19 1C 21 F 1A 3F 7B
ID: 316, Data: 85 19 F2 20 24 1A 3F 7B
ID: 153, Data: 80 0 0 FF 0 FF 0 0
ID: 43F, Data: 844 48 60 FF 87 DC 21 0
ID: 18F, Data: 8AA 32 0 0 0 0 0 0
ID: 370, Data: 8FF DD F0 FF FF FF FF FF
ID: 153, Data: 80 0 0 FF 0 FF 0 0
ID: 280, Data: 830 0 88 AF 44 16 6A 3C
ID: 316, Data: 85 25 4E 22 2D 19 3E 7B
ID: 43F, Data: 844 48 60 FF 87 20 22 0
ID: 316, Data: 85 28 C8 22 2C 19 3E 7B
ID: A1, Data: 880 7C 7D 7E 1F 0 0 0
ID: 43F, Data: 844 48 60 FF 87 C8 21 0
ID: 43F, Data: 844 48 60 FF 87 D0 21 0
ID: 2A0, Data: 81 F 6A 1C 35 0 12 0
ID: 153, Data: 80 0 0 FF 0 FF 0 0
ID: 316, Data: 85 2B 9A 22 2E 18 3E 7B
ID: 153, Data: 80 0 0 FF 0 FF 0 0
ID: 316, Data: 85 2B B8 22 2F 18 3E 7B
ID: 316, Data: 85 2B B8 22 2F 18 3E 7B
ID: 18F, Data: 8AA 32 0 0 0 0 0 0
ID: 316, Data: 85 2B C8 22 2F 18 3E 7B
ID: 153, Data: 80 0 0 FF 0 FF 0 0
ID: 316, Data: 85 2C B8 22 2F 18 3F 7B
ID: 316, Data: 85 2C C8 22 2F 18 3F 7B
ID: 260, Data: 8B 2D 2F 30 3 FF D8 1B
ID: 43F, Data: 844 48 60 FF 87 E4 21 0
ID: 316, Data: 85 2E C8 22 2E 18 3F 7B
ID: 316, Data: 85 2E D7 22 2E 18 3F 7B
ID: 316, Data: 85 2E E7 22 2E 18 3F 7B
ID: 43F, Data: 844 48 60 FF 87 F0 21 0
ID: 316, Data: 85 2E E7 22 2E 18 3F 7B
ID: A1, Data: 883 7C 81 7E 25 0 0 0
ID: 153, Data: 80 0 0 FF 0 FF 0 0
ID: 316, Data: 85 2E E7 22 2F 18 3F 7B
ID: 153, Data: 80 0 0 FF 0 FF 0 0
ID: 329, Data: 8B AF 7F 8 11 38 11 26
ID: 316, Data: 85 2E 6 23 33 18 3F 7B
ID: 280, Data: 830 0 88 AF 45 1C 6A 4E
ID: 1F0, Data: 8D 40 59 BF 0 0 0 0
ID: 316, Data: 85 2E F7 22 36 18 3F 7B
ID: 316, Data: 85 30 6 23 37 17 3F 7B
ID: 43F, Data: 844 48 60 FF 87 1C 22 0
ID: 153, Data: 80 0 0 FF 0 FF 0 0
ID: 545, Data: 8DC 8A 0 8D ED 1 ED 1
ID: 316, Data: 85 33 55 23 37 17 3F 7B
ID: 280, Data: 830 0 88 B0 46 20 6A 5A
ID: 153, Data: 80 0 0 FF 0 FF 0 0
ID: 316, Data: 85 36 65 23 37 16 3F 7B
ID: 316, Data: 85 37 55 23 37 16 3F 7B
ID: A1, Data: 881 7D 80 7C 2D 0 0 0
ID: 316, Data: 85 37 76 23 37 16 3F 7B
ID: 370, Data: 8FF DE F0 FF FF FF FF FF
ID: A0, Data: 83F 7C 86 23 40 33 2 0
ID: 316, Data: 85 38 86 23 37 16 3F 7B
ID: 316, Data: 85 38 96 23 37 16 3F 7B
ID: 5F0, Data: 20 0
ID: 316, Data: 85 37 96 23 37 16 3F 7B
ID: 153, Data: 80 0 0 FF 0 FF 0 0
ID: 153, Data: 80 0 0 FF 0 FF 0 0
ID: 545, Data: 8DC 8F 0 8D 40 2 40 2
ID: 316, Data: 85 36 86 23 37 16 3F 7B
ID: 545, Data: 8DC 8F 0 8D 2B 2 2B 2
ID: 153, Data: 80 0 0 FF 0 FF 0 0
ID: 316, Data: 85 36 86 23 37 16 3F 7B
ID: 153, Data: 80 0 0 FF 0 FF 0 0
ID: 316, Data: 85 36 86 23 37 16 3F 7B
ID: 316, Data: 85 35 76 23 37 16 3F 7B
ID: A0, Data: 83E 7C 76 23 40 32 2 0
ID: 43F, Data: 844 48 60 FF 87 88 22 0
ID: 43F, Data: 844 48 60 FF 88 84 22 0
ID: A0, Data: 83D 7C 86 23 40 32 2 0
ID: 316, Data: 85 36 86 23 B 16 40 7B
ID: 316, Data: 85 34 A6 23 C 17 40 7B
ID: 153, Data: 80 0 0 FF 0 FF 0 0
ID: 153, Data: 80 0 0 FF 0 FF 0 0
ID: 5F0, Data: 20 0
ID: A1, Data: 87C 7C 7E 7E 23 0 0 0
ID: 260, Data: 8B 23 E 30 3 FF D7 37
ID: A0, Data: 81C 7C B8 22 40 28 2 0
ID: 43F, Data: 844 48 60 FF 88 84 22 0
ID: 43F, Data: 844 48 60 FF 88 7C 22 0
ID: 280, Data: 830 0 88 B0 44 11 6A 30
ID: 316, Data: 85 1C 3F 22 29 1A 40 7B
ID: 316, Data: 85 1D 30 22 2C 1A 40 7B
ID: 5F0, Data: 20 0
ID: 440, Data: 8FE 44 3F A0 FF AA AA AA
ID: 153, Data: 80 0 0 FF 0 FF 0 0
ID: 43F, Data: 844 48 60 FF 87 90 22 0
ID: 18F, Data: 8AA 32 0 0 0 0 0 0
ID: 316, Data: 85 2E 65 23 38 18 40 7B
ID: 153, Data: 80 0 0 FF 0 FF 0 0
ID: 153, Data: 80 0 0 FF 0 FF 0 0
ID: 316, Data: 85 32 F8 23 38 17 40 7B
ID: 153, Data: 80 0 0 FF 0 FF 0 0
ID: 316, Data: 85 34 B6 23 38 17 40 7B
ID: 316, Data: 85 35 96 23 38 17 40 7B
ID: 18F, Data: 8AA 32 0 0 0 0 0 0
ID: 316, Data: 85 36 D7 23 38 16 40 7B
ID: 153, Data: 80 0 0 FF 0 FF 0 0
ID: 316, Data: 85 37 E8 23 3A 16 40 7B
ID: 316, Data: 85 37 E8 23 3A 16 40 7B
ID: 545, Data: 8DC 95 0 8D 48 2 48 2
ID: 370, Data: 8FF DE F0 FF FF FF FF FF
ID: 1F1, Data: 80 6 FA B1 1F 6 72 20
ID: 316, Data: 85 39 F8 23 3A 16 40 7B
ID: 316, Data: 85 39 9 24 3A 16 40 7B
ID: 280, Data: 830 0 88 B0 48 22 6A 60
ID: 43F, Data: 844 48 60 FF 88 D0 22 0
ID: 316, Data: 85 39 2A 24 3A 16 40 7B
ID: A0, Data: 841 7C 2A 24 41 34 2 0
ID: 316, Data: 85 39 19 24 3C 16 40 7B
ID: 316, Data: 85 39 2A 24 3E 16 40 7B
ID: 370, Data: 8FF DD F0 FF FF FF FF FF
ID: 316, Data: 85 3A 2A 24 42 16 40 7B
ID: 153, Data: 80 0 0 FF 0 FF 0 0
ID: 316, Data: 85 3D 5D 24 43 16 40 7B
ID: 316, Data: 85 40 6E 24 44 16 40 7B
ID: 545, Data: 8DC B2 0 8D FE 2 FE 2
ID: 316, Data: 85 41 C3 24 43 16 41 7B
ID: 1F1, Data: 80 C3 FD E1 1F B C2 20
ID: 18F, Data: 8AA 32 0 0 0 0 0 0
ID: 316, Data: 85 42 C3 24 43 16 41 7B
ID: 153, Data: 80 0 0 FF 0 FF 0 0
ID: 316, Data: 85 42 C3 24 43 15 41 7B
ID: 153, Data: 80 0 0 FF 0 FF 0 0
ID: 2A0, Data: 8C1 13 6A 1C 35 0 12 0
ID: 316, Data: 85 43 D5 24 45 15 41 7B
ID: 18F, Data: 8AA 32 0 0 0 0 0 0
ID: 43F, Data: 844 48 60 FF 88 4C 23 0
ID: 153, Data: 80 0 0 FF 0 FF 0 0
ID: 316, Data: 85 43 E6 24 48 15 41 7B
ID: 316, Data: 85 43 E6 24 47 15 41 7B
ID: 2A0, Data: 8C1 14 6A 1C 35 0 12 0
ID: 316, Data: 85 45 E6 24 47 15 41 7B
ID: 316, Data: 85 46 E6 24 47 15 41 7B
ID: 43F, Data: 844 48 60 FF 88 90 23 0
ID: 316, Data: 85 47 C3 24 47 15 41 7B
ID: 440, Data: 8FE 44 41 A0 FF AA AA AA
ID: 316, Data: 85 47 D5 24 47 15 42 7B
ID: 153, Data: 80 0 0 FF 0 FF 0 0
ID: 43F, Data: 844 48 60 FF 88 C4 23 0
ID: 43F, Data: 844 48 60 FF 88 C0 23 0
ID: 545, Data: 8DC C5 0 8D 84 3 84 3
ID: 153, Data: 80 0 0 FF 0 FF 0 0
ID: 316, Data: 85 47 E6 24 47 15 42 7B
ID: 440, Data: 8FE 94 42 A0 FF AA AA AA
ID: 316, Data: 85 46 F7 24 47 15 42 7B
ID: 153, Data: 80 0 0 FF 0 FF 0 0
ID: 316, Data: 85 47 E6 24 47 15 42 7B
ID: 316, Data: 85 46 E6 24 47 15 42 7B
ID: 43F, Data: 844 48 60 FF 88 FC 23 0
ID: 316, Data: 85 46 F7 24 47 15 42 7B
ID: A0, Data: 850 7C E6 24 43 37 2 0
ID: 153, Data: 80 0 0 FF 0 FF 0 0
ID: 316, Data: 85 46 1B 25 48 15 43 7B
ID: 153, Data: 80 0 0 FF 0 FF 0 0
ID: 545, Data: 8DC C5 0 8D 62 3 62 3
ID: 316, Data: 85 46 1B 25 49 15 43 7B
ID: 545, Data: 8DC C9 0 8D 67 3 67 3
ID: 43F, Data: 844 48 60 FF 88 50 24 0
ID: 43F, Data: 844 48 60 FF 88 48 24 0
ID: 2A0, Data: 81 18 69 1C 35 0 12 0
ID: 316, Data: 85 46 2C 25 49 15 43 7B
ID: 316, Data: 85 47 1B 25 49 15 43 7B
ID: 43F, Data: 844 48 60 FF 88 7C 24 0
ID: 440, Data: 8FE 44 43 A0 FF AA AA AA
ID: A1, Data: 87C 7D 82 7C 32 0 0 0
ID: 316, Data: 85 39 62 25 A 16 43 7B
ID: 316, Data: 85 31 3E 25 C 18 43 7B
ID: 2A0, Data: 8E0 17 69 1C 35 0 12 0
ID: 43F, Data: 844 48 60 FF 88 68 24 0
ID: 316, Data: 85 25 7F 24 E 19 43 7B
ID: 316, Data: 85 1F 7F 24 E 19 43 7B
ID: 316, Data: 85 1E 90 24 E 1A 43 7B
ID: 316, Data: 85 1C 6E 24 E 1A 43 7B
ID: 153, Data: 80 0 0 FF 0 FF 0 0
ID: 370, Data: 8FF DE F0 FF FF FF FF FF
ID: 43F, Data: 844 48 60 FF 88 10 24 0
ID: 316, Data: 85 19 A6 23 F 1A 43 7B
ID: 153, Data: 80 0 0 FF 0 FF 0 0
ID: 316, Data: 85 17 45 23 F 1A 43 7B
ID: 153, Data: 80 0 0 FF 0 FF 0 0
ID: 316, Data: 85 15 F7 22 F 1A 43 7B
ID: 316, Data: 85 14 C8 22 F 1A 43 7B
ID: 329, Data: 8ED B0 7F 8 11 31 0 26
ID: 153, Data: 80 0 0 FF 0 FF 0 0
ID: 153, Data: 80 0 0 FF 0 FF 0 0
ID: 316, Data: 85 1C E5 21 2A 1A 43 7B
ID: 18F, Data: 8AA 32 0 0 0 0 0 0
ID: 153, Data: 80 0 0 FF 0 FF 0 0
ID: 316, Data: 85 24 86 23 30 19 43 7B
ID: 43F, Data: 844 48 60 FF 88 0 24 0
ID: 316, Data: 85 28 6E 24 2F 19 43 7B
ID: 545, Data: 8DC 6E 0 8D 17 1 17 1
ID: 153, Data: 80 0 0 FF 0 FF 0 0
ID: 316, Data: 85 2A 3E 25 2E 19 42 7B
ID: 153, Data: 80 0 0 FF 0 FF 0 0
ID: 316, Data: 85 2A 9 25 2E 18 42 7B
ID: 316, Data: 85 2A D5 24 2E 18 42 7B
ID: 545, Data: 8DC 7A 0 8D 54 1 54 1
ID: 5F0, Data: 20 0
ID: 43F, Data: 844 48 60 FF 87 EC 23 0
ID: 316, Data: 85 2C C3 24 34 18 42 7B
ID: 545, Data: 8DC 7F 0 8D 6D 1 6D 1
ID: 5F0, Data: 20 0
ID: 316, Data: 85 30 F7 24 37 18 42 7B
ID: 440, Data: 8FE 44 42 A0 FF AA AA AA
ID: 18F, Data: 8AA 32 0 0 0 0 0 0
ID: 153, Data: 80 0 0 FF 0 FF 0 0
ID: 316, Data: 85 34 3E 25 3A 17 42 7B
ID: 153, Data: 80 0 0 FF 0 FF 0 0
ID: 316, Data: 85 36 3E 25 3A 17 42 7B
ID: 153, Data: 80 0 0 FF 0 FF 0 0
ID: 316, Data: 85 37 50 25 3A 17 42 7B
ID: 316, Data: 85 37 62 25 35 16 43 7B
ID: 153, Data: 80 0 0 FF 0 FF 0 0
ID: 316, Data: 85 38 62 25 24 17 43 7B
ID: 153, Data: 80 0 0 FF 0 FF 0 0
ID: 329, Data: 8ED B0 7F 8 11 3A B 26
ID: 316, Data: 85 31 3E 25 25 17 43 7B
ID: 260, Data: 8B 30 2B 30 3 FF D5 F
ID: 43F, Data: 844 48 60 FF 88 24 24 0
ID: 43F, Data: 844 48 60 FF 87 34 24 0
ID: 260, Data: 8B 2D 33 30 3 FF D6 9
ID: 316, Data: 85 2F E6 24 33 18 43 7B
ID: 316, Data: 85 2F 9 25 33 18 43 7B
ID: 43F, Data: 844 48 60 FF 87 2C 24 0
ID: 43F, Data: 844 48 60 FF 87 3C 24 0
ID: 260, Data: 8B 31 33 30 3 FF D6 31
ID: 316, Data: 85 31 3E 25 33 17 43 7B
ID: 316, Data: 85 32 50 25 34 17 43 7B
ID: 43F, Data: 844 48 60 FF 87 4C 24 0
ID: 316, Data: 85 31 50 25 36 17 43 7B
ID: 153, Data: 80 0 0 FF 0 FF 0 0
ID: 153, Data: 80 0 0 FF 0 FF 0 0
ID: 316, Data: 85 34 62 25 37 17 43 7B
ID: 440, Data: 8FE 34 43 A0 FF AA AA AA
ID: 316, Data: 85 35 74 25 3A 17 43 7B
ID: 153, Data: 80 0 0 FF 0 FF 0 0
ID: 440, Data: 8FE 44 43 A0 FF AA AA AA
ID: 43F, Data: 844 48 60 FF 87 7C 24 0
ID: 260, Data: 8B 3A 3F 30 3 FF D2 3
ID: 316, Data: 85 3B E0 25 3F 16 43 7B
ID: 316, Data: 85 3C E0 25 3F 16 43 7B
ID: 43F, Data: 844 48 60 FF 88 A0 24 0
ID: 43F, Data: 844 48 60 FF 87 A8 24 0
ID: 153, Data: 80 0 0 FF 0 FF 0 0
ID: 153, Data: 80 0 0 FF 0 FF 0 0
ID: 1F1, Data: 80 5B 19 62 21 26 82 22
ID: A0, Data: 84A 7C 5 26 44 36 2 0
ID: 316, Data: 85 40 E0 25 42 16 44 7B
ID: 316, Data: 85 41 F3 25 42 16 44 7B
ID: A1, Data: 87E 7D 80 7C 30 0 0 0
ID: 5F0, Data: 20 0
ID: 153, Data: 80 0 0 FF 0 FF 0 0
ID: 43F, Data: 844 48 60 FF 88 E8 24 0
ID: 5F0, Data: 20 0
ID: 370, Data: 8FF DE F0 FF FF FF FF FF
ID: 153, Data: 80 0 0 FF 0 FF 0 0
ID: 43F, Data: 844 48 60 FF 88 8 25 0
ID: 153, Data: 80 0 0 FF 0 FF 0 0
ID: 316, Data: 85 41 5 26 42 16 44 7B
ID: 153, Data: 80 0 0 FF 0 FF 0 0
ID: 153, Data: 80 0 0 FF 0 FF 0 0
ID: 316, Data: 85 41 18 26 42 16 44 7B
ID: 43F, Data: 844 48 60 FF 88 30 25 0
ID: 316, Data: 85 41 18 26 42 16 44 7B
ID: A1, Data: 87D 7D 81 7C 30 0 0 0
ID: 153, Data: 80 0 0 FF 0 FF 0 0
ID: 316, Data: 85 40 18 26 42 16 45 7B
ID: 153, Data: 80 0 0 FF 0 FF 0 0
ID: 316, Data: 85 41 18 26 42 16 45 7B
ID: 316, Data: 85 42 3D 26 42 16 45 7B
ID: A1, Data: 87D 7D 81 7C 30 0 0 0
ID: 43F, Data: 844 48 60 FF 88 74 25 0
ID: 43F, Data: 844 48 60 FF 88 7C 25 0
ID: 2A0, Data: 8C1 17 69 1C 35 0 12 0
ID: 316, Data: 85 40 3D 26 42 16 45 7B
ID: 316, Data: 85 41 50 26 42 16 45 7B
ID: 43F, Data: 844 48 60 FF 88 98 25 0
ID: 316, Data: 85 41 50 26 42 16 45 7B
ID: 153, Data: 80 0 0 FF 0 FF 0 0
ID: 316, Data: 85 41 76 26 42 16 45 7B
ID: 153, Data: 80 0 0 FF 0 FF 0 0
ID: 545, Data: 8DC BC 0 8D F6 2 F6 2
ID: 316, Data: 85 41 89 26 41 16 46 7B
ID: 316, Data: 85 41 89 26 41 16 46 7B
ID: 5F0, Data: 20 0
ID: 370, Data: 8FF DE F0 FF FF FF FF FF
ID: 316, Data: 85 40 AF 26 41 16 46 7B
ID: 153, Data: 80 0 0 FF 0 FF 0 0
ID: 316, Data: 85 41 89 26 3B 16 46 7B
ID: 316, Data: 85 41 9C 26 17 16 46 7B
ID: A0, Data: 844 7D 89 26 47 33 2 0
ID: 316, Data: 85 36 9C 26 B 17 46 7B
ID: 316, Data: 85 31 9C 26 B 18 46 7B
ID: 545, Data: 8DC 84 0 8D 50 1 50 1
ID: 5F0, Data: 20 0
ID: 153, Data: 80 0 0 FF 0 FF 0 0
ID: 43F, Data: 844 48 60 FF 88 F4 25 0
ID: 5F0, Data: 20 0
ID: 43F, Data: 844 48 60 FF 88 C 26 0
ID: 153, Data: 80 0 0 FF 0 FF 0 0
ID: 260, Data: 8B 1B E 30 3 FF CB 2E
ID: 316, Data: 85 1A BC 25 E 1A 46 7B
ID: 280, Data: 830 0 84 B0 4A F 69 2C
ID: 153, Data: 80 0 0 FF 0 FF 0 0
ID: 153, Data: 80 0 0 FF 0 FF 0 0
ID: 316, Data: 85 16 1B 25 E 1A 46 7B
ID: 43F, Data: 844 48 60 FF 88 F4 25 0
ID: 316, Data: 85 15 D5 24 E 1A 46 7B
ID: 260, Data: 8B 17 13 30 3 FF 93 36
ID: 153, Data: 80 0 0 FF 0 FF 0 0
ID: 316, Data: 85 1B 3E 25 28 1A 46 7B
ID: 153, Data: 80 0 0 FF 0 FF 0 0
ID: 280, Data: 830 0 88 B0 4B 13 69 32
ID: 316, Data: 85 21 5 26 2F 1A 46 7B
ID: 43F, Data: 844 48 60 FF 88 F4 25 0
ID: 43F, Data: 844 48 60 FF 88 8 26 0
ID: 545, Data: 8DC 72 0 8D 11 1 11 1
ID: 316, Data: 85 29 E9 26 2E 19 46 7B
ID: 316, Data: 85 2A D5 26 2D 19 46 7B
ID: 280, Data: 830 0 88 B0 4D 1A 69 44
ID: 43F, Data: 844 48 60 FF 88 FC 25 0
ID: 316, Data: 85 29 C2 26 C 19 46 7B
ID: 153, Data: 80 0 0 FF 0 FF 0 0
ID: 316, Data: 85 24 63 26 D 19 46 7B
ID: 153, Data: 80 0 0 FF 0 FF 0 0
ID: 316, Data: 85 20 18 26 D 1A 46 7B
ID: 316, Data: 85 1E 5 26 14 1A 46 7B
ID: 316, Data: 85 1D BC 25 1F 1A 46 7B
ID: 153, Data: 80 0 0 FF 0 FF 0 0
ID: 43F, Data: 844 48 60 FF 88 98 25 0
ID: 316, Data: 85 1D 74 25 2C 1A 46 7B
ID: 329, Data: 840 B0 7F 8 11 36 F 26
ID: 153, Data: 80 0 0 FF 0 FF 0 0
ID: 316, Data: 85 24 18 26 2E 19 46 7B
ID: 370, Data: 8FF DE F0 FF FF FF FF FF
ID: 280, Data: 830 0 88 B0 4D 18 69 3E
ID: 316, Data: 85 29 D5 26 30 19 46 7B
ID: 2A0, Data: 81 10 69 1E 35 0 12 0
ID: 316, Data: 85 2B 10 27 33 19 46 7B
ID: 316, Data: 85 2C 10 27 34 19 46 7B
ID: 260, Data: 8B 2D 35 30 3 FF D4 9
ID: 43F, Data: 844 48 60 FF 87 4 26 0
ID: 316, Data: 85 31 10 27 35 18 46 7B
ID: 1F1, Data: 80 6C 2E 72 22 39 A2 23
ID: 316, Data: 85 32 37 27 35 18 46 7B
ID: 2A0, Data: 861 11 69 1E 35 0 12 0
ID: 5F0, Data: 20 0
ID: 316, Data: 85 34 4A 27 36 18 46 7B
ID: 316, Data: 85 34 5E 27 36 18 46 7B
ID: 153, Data: 80 0 0 FF 0 FF 0 0
ID: 5F0, Data: 20 0
ID: 316, Data: 85 35 72 27 36 18 47 7B
ID: 5A0, Data: 80 0 0 90 0 0 0 0
ID: 370, Data: 8FF DE F0 FF FF FF FF FF
ID: 153, Data: 80 0 0 FF 0 FF 0 0
ID: 18F, Data: 8AA 32 0 0 0 0 0 0
ID: 316, Data: 85 35 72 27 36 18 47 7B
ID: 316, Data: 85 35 86 27 36 18 47 7B
ID: A0, Data: 83D 7D 72 27 47 34 2 0
ID: 440, Data: 8FE 44 47 A0 FF AA AA AA
ID: 316, Data: 85 36 AE 27 36 17 47 7B
ID: 153, Data: 80 0 0 FF 0 FF 0 0
ID: 153, Data: 80 0 0 FF 0 FF 0 0
ID: 316, Data: 85 36 D7 27 35 17 47 7B
ID: 153, Data: 80 0 0 FF 0 FF 0 0
ID: 316, Data: 85 36 D7 27 34 17 47 7B
ID: 1F1, Data: 80 90 37 32 23 45 32 24
ID: 2A0, Data: 8A1 12 69 1E 35 0 12 0
ID: 43F, Data: 844 48 60 FF 87 D0 26 0
ID: 316, Data: 85 36 EB 27 34 18 48 7B
ID: 316, Data: 85 36 0 28 34 18 48 7B
ID: 316, Data: 85 35 0 28 34 18 48 7B
ID: A0, Data: 83C 7D 0 28 48 34 2 0
ID: 43F, Data: 844 48 60 FF 88 F0 26 0
ID: 153, Data: 80 0 0 FF 0 FF 0 0
ID: 153, Data: 80 0 0 FF 0 FF 0 0
ID: 316, Data: 85 35 0 28 36 18 48 7B
ID: 153, Data: 80 0 0 FF 0 FF 0 0
ID: 316, Data: 85 35 29 28 36 18 48 7B
ID: 153, Data: 80 0 0 FF 0 FF 0 0
ID: A0, Data: 83C 7D 3D 28 49 34 2 0
ID: 329, Data: 8B B0 7F 8 11 3D 17 26
ID: 2A0, Data: 861 13 69 1E 35 0 12 0
ID: 316, Data: 85 35 3D 28 35 18 48 7B
ID: 316, Data: 85 35 3D 28 35 18 48 7B
ID: A1, Data: 87E 7D 80 7E 28 0 0 0
ID: 316, Data: 85 35 52 28 35 18 48 7B
ID: 153, Data: 80 0 0 FF 0 FF 0 0
ID: 1F0, Data: 8C 40 59 BF 0 0 0 0
ID: 545, Data: 8DC A0 0 8D 9 2 9 2
ID: 316, Data: 85 35 7C 28 35 18 49 7B
ID: 316, Data: 85 35 7C 28 35 18 49 7B
ID: 153, Data: 80 0 0 FF 0 FF 0 0
ID: 316, Data: 85 35 A6 28 35 18 49 7B
ID: 153, Data: 80 0 0 FF 0 FF 0 0
ID: 153, Data: 80 0 0 FF 0 FF 0 0
ID: 316, Data: 85 35 A6 28 35 18 49 7B
ID: 43F, Data: 844 48 60 FF 88 A0 27 0
ID: 260, Data: 8B 35 36 30 3 FF D1 20
ID: 153, Data: 80 0 0 FF 0 FF 0 0
ID: 316, Data: 85 35 A6 28 35 18 49 7B
ID: 316, Data: 85 35 BB 28 35 18 49 7B
ID: 18F, Data: 8AA 32 0 0 0 0 0 0
ID: 43F, Data: 844 48 60 FF 88 BC 27 0
ID: 153, Data: 80 0 0 FF 0 FF 0 0
ID: 316, Data: 85 35 BB 28 3C 18 49 7B
ID: 5F0, Data: 20 0
ID: 260, Data: 8B 39 3C 30 3 FF D0 18
ID: 316, Data: 85 3A D0 28 3C 17 49 7B
ID: 153, Data: 80 0 0 FF 0 FF 0 0
ID: 316, Data: 85 3B FB 28 3C 17 4A 7B
ID: 153, Data: 80 0 0 FF 0 FF 0 0
ID: 2A0, Data: 8A1 14 69 1E 35 0 12 0
ID: 316, Data: 85 3C D0 28 3C 17 4A 7B
ID: 18F, Data: 8AA 32 0 0 0 0 0 0
ID: 5F0, Data: 20 0
ID: 153, Data: 80 0 0 FF 0 FF 0 0
ID: 153, Data: 80 0 0 FF 0 FF 0 0
ID: 2A0, Data: 8A1 15 69 1E 35 0 12 0
ID: 316, Data: 85 3D 11 29 3E 17 4A 7B
ID: 153, Data: 80 0 0 FF 0 FF 0 0
ID: 316, Data: 85 3D 11 29 3E 17 4A 7B
ID: 316, Data: 85 3C 11 29 3E 17 4A 7B
ID: 329, Data: 8B B0 7F 8 11 40 1D 26
ID: 370, Data: 8FF DD F0 FF FF FF FF FF
ID: 316, Data: 85 3D 3C 29 3E 17 4B 7B
ID: 153, Data: 80 0 0 FF 0 FF 0 0
ID: 316, Data: 85 3E 3C 29 3E 17 4B 7B
ID: 153, Data: 80 0 0 FF 0 FF 0 0
ID: 2A0, Data: 861 16 69 1E 35 0 12 0
ID: 316, Data: 85 3E 68 29 3F 17 4B 7B
ID: 260, Data: 8B 3F 40 30 3 FF CA 14
ID: 43F, Data: 844 48 60 FF 88 C0 28 0
ID: 329, Data: 840 B0 7F 8 11 41 1F 26
ID: 316, Data: 85 3F 7E 29 41 17 4B 7B
ID: 316, Data: 85 3F 94 29 41 17 4B 7B
ID: 43F, Data: 844 48 60 FF 88 D4 28 0
ID: 316, Data: 85 40 AA 29 43 17 4B 7B
ID: 153, Data: 80 0 0 FF 0 FF 0 0
ID: 153, Data: 80 0 0 FF 0 FF 0 0
ID: 316, Data: 85 42 94 29 42 16 4C 7B
ID: 18F, Data: 8AA 32 0 0 0 0 0 0
ID: 316, Data: 85 42 C0 29 42 16 4C 7B
ID: 153, Data: 80 0 0 FF 0 FF 0 0
ID: 280, Data: 830 0 88 B0 53 28 69 64
ID: 316, Data: 85 42 D7 29 42 16 4C 7B
ID: 5F0, Data: 20 0
ID: 316, Data: 85 44 D7 29 42 16 4C 7B
ID: 440, Data: 8FE 94 4C A0 FF AA AA AA
ID: 260, Data: 8B 44 42 30 3 FF C7 2E
ID: 5F0, Data: 20 0
ID: 280, Data: 830 0 88 B0 53 29 69 65
ID: 316, Data: 85 43 ED 29 42 16 4C 7B
ID: 153, Data: 80 0 0 FF 0 FF 0 0
ID: 316, Data: 85 44 4 2A 42 16 4D 7B
ID: 153, Data: 80 0 0 FF 0 FF 0 0
ID: 329, Data: 8ED B0 7F 8 11 42 20 26
ID: 316, Data: 85 43 31 2A 42 16 4D 7B
ID: A0, Data: 84C 7D 1A 2A 4D 39 2 0
ID: 43F, Data: 844 48 60 FF 88 D8 29 0
ID: 316, Data: 85 43 31 2A 42 16 4D 7B
ID: 316, Data: 85 42 31 2A 42 16 4D 7B
ID: 316, Data: 85 42 48 2A 42 16 4D 7B
ID: 43F, Data: 844 48 60 FF 88 0 2A 0
ID: 43F, Data: 844 48 60 FF 88 8 2A 0
ID: 280, Data: 830 0 88 B0 54 28 69 65
ID: 153, Data: 80 0 0 FF 0 FF 0 0
ID: 316, Data: 85 41 8D 2A 42 17 4E 7B
ID: 153, Data: 80 0 0 FF 0 FF 0 0
ID: 153, Data: 80 0 0 FF 0 FF 0 0
ID: 316, Data: 85 42 D3 2A 41 17 4E 7B
ID: 370, Data: 8FF DA F0 FF FF FF FF FF
ID: 260, Data: 8B 43 42 30 3 FF C7 10
ID: 1F0, Data: 8D 40 59 BF 0 0 0 0
ID: 545, Data: 8DC CF 0 8D F6 2 F6 2
ID: 329, Data: 8B B0 7F 8 11 42 20 26
ID: 545, Data: 8DC D3 0 8D F8 2 F8 2
ID: 43F, Data: 844 48 60 FF 88 88 2A 0
ID: 43F, Data: 844 48 60 FF 88 88 2A 0
ID: 2A0, Data: 8C1 1A 69 1E 35 0 12 0
ID: 316, Data: 85 42 1A 2B 41 17 4E 7B
ID: 316, Data: 85 41 1A 2B 41 17 4F 7B
ID: 43F, Data: 844 48 60 FF 88 A4 2A 0
ID: 316, Data: 85 41 1A 2B 41 17 4F 7B
ID: 153, Data: 80 0 0 FF 0 FF 0 0
ID: 316, Data: 85 41 32 2B 1E 17 4F 7B
ID: 153, Data: 80 0 0 FF 0 FF 0 0
ID: 280, Data: 830 0 88 B0 56 1F 69 54
ID: 316, Data: 85 2D 62 2B B 19 4F 7B
ID: 43F, Data: 844 48 60 FF 88 D4 2A 0
ID: 43F, Data: 844 48 60 FF 88 A8 2A 0
ID: 316, Data: 85 22 BC 2A C 1A 4F 7B
ID: 153, Data: 80 0 0 FF 0 FF 0 0
ID: 316, Data: 85 1E A4 2A C 1B 4F 7B
ID: 153, Data: 80 0 0 FF 0 FF 0 0
ID: 316, Data: 85 1B 76 2A C 1B 4F 7B
ID: 316, Data: 85 1A 48 2A D 1B 4F 7B
ID: 1F0, Data: 8B 40 59 BF 0 0 0 0
ID: 153, Data: 80 0 0 FF 0 FF 0 0
ID: 153, Data: 80 0 0 FF 0 FF 0 0
ID: 440, Data: 8FE 94 4E A0 FF AA AA AA
ID: 316, Data: 85 1B 5F 2A 25 1B 4F 7B
ID: 316, Data: 85 1C 5F 2A 28 1B 4F 7B
ID: 316, Data: 85 1E 5F 2A 2B 1B 4F 7B
ID: 5F0, Data: 20 0
ID: 43F, Data: 844 48 60 FF 88 80 2A 0
ID: 153, Data: 80 0 0 FF 0 FF 0 0
ID: 43F, Data: 844 48 60 FF 88 98 2A 0
ID: 545, Data: 8DC 8B 0 8D 44 1 44 1
ID: 153, Data: 80 0 0 FF 0 FF 0 0
ID: 316, Data: 85 30 C3 2B 36 1A 4E 7B
ID: 153, Data: 80 0 0 FF 0 FF 0 0
ID: 316, Data: 85 32 92 2B 36 19 4F 7B
ID: 316, Data: 85 34 62 2B 36 19 4E 7B
ID: 545, Data: 8DC B0 0 8D E3 1 E3 1
ID: 43F, Data: 844 48 60 FF 88 8C 2A 0
ID: 1F1, Data: 80 27 6D A2 26 7C D2 27
ID: 1F1, Data: 80 38 6F B2 26 7B D2 27
ID: 316, Data: 85 37 AB 2B 38 19 4F 7B
ID: A1, Data: 87E 7D 80 7E 27 0 0 0
ID: 43F, Data: 844 48 60 FF 88 88 2A 0
ID: 43F, Data: 844 48 60 FF 87 8C 2A 0
ID: 545, Data: 8DC B7 0 8D 31 2 31 2
ID: 316, Data: 85 38 92 2B 31 18 4F 7B
ID: 1F1, Data: 80 90 70 F2 26 7C A2 27
ID: 5F0, Data: 20 0
ID: 440, Data: 8FE 34 4E A0 FF AA AA AA
ID: 316, Data: 85 36 AB 2B 30 18 4F 7B
ID: 153, Data: 80 0 0 FF 0 FF 0 0
ID: 43F, Data: 844 48 60 FF 87 8C 2A 0
ID: 43F, Data: 844 48 60 FF 87 88 2A 0
ID: 329, Data: 8ED B1 7F 8 11 3D 19 26
ID: 316, Data: 85 33 7A 2B 37 19 4F 7B
ID: 316, Data: 85 33 7A 2B 37 19 4F 7B
ID: 43F, Data: 844 48 60 FF 87 90 2A 0
ID: 370, Data: 8FF DD F0 FF FF FF FF FF
ID: 153, Data: 80 0 0 FF 0 FF 0 0
ID: 153, Data: 80 0 0 FF 0 FF 0 0
ID: 316, Data: 85 37 92 2B 2E 18 4F 7B
ID: 153, Data: 80 0 0 FF 0 FF 0 0
ID: 316, Data: 85 36 92 2B 2C 18 4F 7B
ID: 316, Data: 85 35 92 2B 26 19 4F 7B
ID: 2A0, Data: 840 16 69 1E 35 0 12 0
ID: 316, Data: 85 2F 7A 2B A 19 4F 7B
ID: 316, Data: 85 2A 4A 2B B 1A 4F 7B
ID: 370, Data: 8FF DD F0 FF FF FF FF FF
ID: 316, Data: 85 23 BC 2A C 1A 4F 7B
ID: 260, Data: 8B 22 C 30 3 FF D2 11
ID: 43F, Data: 844 48 60 FF 87 50 2A 0
ID: 316, Data: 85 1E 48 2A 15 1B 4E 7B
ID: 18F, Data: 8AA 31 0 0 0 0 0 0
ID: 316, Data: 85 1D ED 29 31 1B 4E 7B
ID: 370, Data: 8FF DE F0 FF FF FF FF FF
ID: 316, Data: 85 22 1A 2A 32 1A 4E 7B
ID: 153, Data: 80 0 0 FF 0 FF 0 0
ID: 316, Data: 85 25 A4 2A 31 1A 4E 7B
ID: 316, Data: 85 29 D3 2A 31 1A 4E 7B
ID: 18F, Data: 8AA 31 0 0 0 0 0 0
ID: 316, Data: 85 2D EB 2A 30 1A 4E 7B
ID: 153, Data: 80 0 0 FF 0 FF 0 0
ID: 316, Data: 85 2F 1A 2B 30 1A 4E 7B
ID: 43F, Data: 844 48 60 FF 87 28 2A 0
ID: 545, Data: 8DC 9C 0 8D 88 1 88 1
ID: 153, Data: 80 0 0 FF 0 FF 0 0
ID: 316, Data: 85 31 EB 2A 30 19 4E 7B
ID: 153, Data: 80 0 0 FF 0 FF 0 0
ID: 280, Data: 830 0 88 B1 56 1D 69 4A
ID: 316, Data: 85 30 EB 2A 30 19 4E 7B
ID: 43F, Data: 844 48 60 FF 88 0 2A 0
ID: 316, Data: 85 30 D3 2A 30 19 4E 7B
ID: 329, Data: 884 B1 7F 8 11 3C 11 26
ID: 316, Data: 85 30 BC 2A B 19 4E 7B
ID: 329, Data: 8ED B1 7F 8 11 38 0 26
ID: 43F, Data: 844 48 60 FF 87 F4 29 0
ID: 43F, Data: 844 48 60 FF 87 EC 29 0
ID: 440, Data: 8FE 44 4D A0 FF AA AA AA
ID: 153, Data: 80 0 0 FF 0 FF 0 0
ID: A0, Data: 822 7D 76 2A 4E 2C 2 0
ID: 316, Data: 85 1E AA 29 D 1B 4D 7B
ID: 260, Data: 8B 1D 14 30 3 FF D1 2E
ID: 153, Data: 80 0 0 FF 0 FF 0 0
ID: 153, Data: 80 0 0 FF 0 FF 0 0
ID: 316, Data: 85 1C 52 29 2C 1B 4D 7B
ID: 153, Data: 80 0 0 FF 0 FF 0 0
ID: 316, Data: 85 20 7E 29 31 1A 4D 7B
ID: 153, Data: 80 0 0 FF 0 FF 0 0
ID: 1F1, Data: 80 4A 62 E2 25 6A D2 26
ID: 316, Data: 85 27 ED 29 32 1A 4D 7B
ID: 153, Data: 80 0 0 FF 0 FF 0 0
ID: 316, Data: 85 2D 5F 2A 32 1A 4D 7B
ID: 153, Data: 80 0 0 FF 0 FF 0 0
ID: 280, Data: 830 0 88 B1 55 1C 69 47
ID: 316, Data: 85 30 A4 2A 31 19 4D 7B
ID: 43F, Data: 844 48 60 FF 87 8C 29 0
ID: 316, Data: 85 30 5F 2A 31 19 4D 7B
ID: A1, Data: 87E 7D 7A 7E 22 0 0 0
ID: 153, Data: 80 0 0 FF 0 FF 0 0
ID: 5F0, Data: 20 0
ID: 153, Data: 80 0 0 FF 0 FF 0 0
ID: 153, Data: 80 0 0 FF 0 FF 0 0
ID: A0, Data: 838 7D 76 2A 4D 34 2 0
ID: 280, Data: 830 0 88 B1 54 1F 69 4F
ID: 18F, Data: 8AA 31 0 0 0 0 0 0
ID: 316, Data: 85 38 76 2A 3A 18 4D 7B
ID: 153, Data: 80 0 0 FF 0 FF 0 0
ID: 316, Data: 85 39 A4 2A 39 18 4D 7B
ID: 316, Data: 85 3A 8D 2A 39 18 4D 7B
ID: A0, Data: 841 7D 8D 2A 4D 36 2 0
ID: 316, Data: 85 3A A4 2A 39 18 4D 7B
ID: 316, Data: 85 3B A4 2A 39 18 4D 7B
ID: 440, Data: 8FE 44 4C A0 FF AA AA AA
ID: 316, Data: 85 3A BC 2A 39 18 4D 7B
ID: 153, Data: 80 0 0 FF 0 FF 0 0
ID: 43F, Data: 844 48 60 FF 87 6C 29 0
ID: 316, Data: 85 3B 8D 2A 39 18 4D 7B
ID: 545, Data: 8DC B6 0 8D 6F 2 6F 2
ID: 316, Data: 85 3A A4 2A 39 18 4D 7B
ID: 316, Data: 85 3A A4 2A 39 18 4D 7B
ID: A0, Data: 841 7D A4 2A 4D 36 2 0
ID: 43F, Data: 844 48 60 FF 87 88 29 0
ID: 43F, Data: 844 48 60 FF 87 88 29 0
ID: 370, Data: 8FF E0 F0 FF FF FF FF FF
ID: 316, Data: 85 2D 76 2A B 19 4D 7B
ID: 43F, Data: 844 48 60 FF 87 6C 29 0
ID: 43F, Data: 844 48 60 FF 87 5C 29 0
ID: 260, Data: 8B 23 C 30 3 FF D3 1F
ID: 153, Data: 80 0 0 FF 0 FF 0 0
ID: 316, Data: 85 1E 3C 29 D 1A 4D 7B
ID: 153, Data: 80 0 0 FF 0 FF 0 0
ID: 153, Data: 80 0 0 FF 0 FF 0 0
ID: 440, Data: 8FE 34 4C A0 FF AA AA AA
ID: 43F, Data: 844 48 60 FF 88 FC 28 0
ID: 280, Data: 830 0 84 B1 50 F 68 2A
ID: 153, Data: 80 0 0 FF 0 FF 0 0
ID: 5F0, Data: 20 0
ID: 316, Data: 85 15 29 28 D 1B 4C 7B
ID: 43F, Data: 844 48 60 FF 87 EC 28 0
ID: 316, Data: 85 14 29 28 D 1B 4C 7B
ID: 440, Data: 8FE E4 4B A0 FF AA AA AA
ID: 316, Data: 85 1B C2 27 2B 1A 4C 7B
ID: 153, Data: 80 0 0 FF 0 FF 0 0
ID: 43F, Data: 844 48 60 FF 87 C8 28 0
ID: 43F, Data: 844 48 60 FF 87 D4 28 0
ID: 316, Data: 85 26 26 29 2C 1A 4B 7B
ID: 316, Data: 85 27 52 29 2C 1A 4B 7B
ID: 316, Data: 85 28 94 29 2C 1A 4B 7B
ID: 43F, Data: 844 48 60 FF 87 A8 28 0
ID: 43F, Data: 844 48 60 FF 87 BC 28 0
ID: A1, Data: 879 7D 79 7E 1D 0 0 0
ID: 153, Data: 80 0 0 FF 0 FF 0 0
ID: 316, Data: 85 2B 52 29 30 19 4B 7B
ID: 153, Data: 80 0 0 FF 0 FF 0 0
ID: 280, Data: 830 0 88 B1 52 1A 68 44
ID: 316, Data: 85 2D 68 29 33 19 4B 7B
ID: 153, Data: 80 0 0 FF 0 FF 0 0
ID: 316, Data: 85 30 68 29 37 19 4B 7B
ID: 153, Data: 80 0 0 FF 0 FF 0 0
ID: 316, Data: 85 32 7E 29 38 19 4B 7B
ID: 316, Data: 85 34 94 29 37 18 4B 7B
ID: 18F, Data: 8AA 31 0 0 0 0 0 0
ID: 43F, Data: 844 48 60 FF 87 90 28 0
ID: 153, Data: 80 0 0 FF 0 FF 0 0
ID: 370, Data: 8FF E1 F0 FF FF FF FF FF
ID: 316, Data: 85 38 AA 29 38 18 4B 7B
ID: 440, Data: 8FE 94 4B A0 FF AA AA AA
ID: 316, Data: 85 39 AA 29 38 18 4B 7B
ID: 153, Data: 80 0 0 FF 0 FF 0 0
ID: 370, Data: 8FF E1 F0 FF FF FF FF FF
ID: 43F, Data: 844 48 60 FF 87 8C 28 0
ID: 260, Data: 8B 38 39 30 3 FF CE 2E
ID: 316, Data: 85 39 AA 29 39 18 4B 7B
ID: 329, Data: 840 B1 7F 8 11 3E 1A 26
ID: 43F, Data: 844 48 60 FF 87 8C 28 0
ID: 316, Data: 85 39 94 29 A 18 4B 7B
ID: 153, Data: 80 0 0 FF 0 FF 0 0
ID: 316, Data: 85 2F 68 29 B 19 4B 7B
ID: 153, Data: 80 0 0 FF 0 FF 0 0
ID: 153, Data: 80 0 0 FF 0 FF 0 0
ID: 316, Data: 85 23 91 28 C 1A 4B 7B
ID: 43F, Data: 844 48 60 FF 87 60 28 0
ID: 316, Data: 85 1E 67 28 D 1A 4B 7B
ID: A0, Data: 81F 7D 91 28 4B 2B 2 0
ID: 153, Data: 80 0 0 FF 0 FF 0 0
ID: 5F0, Data: 20 0
ID: 153, Data: 80 0 0 FF 0 FF 0 0
ID: 153, Data: 80 0 0 FF 0 FF 0 0
ID: A1, Data: 875 7E 7C 7E 14 0 0 0
ID: 316, Data: 85 1A D7 27 29 1A 4B 7B
ID: 545, Data: 8DC 4A 0 8D 25 0 25 0
ID: 316, Data: 85 1F 29 28 2B 1A 4A 7B
ID: 316, Data: 85 20 3D 28 2B 1A 4A 7B
ID: A0, Data: 825 7D 14 28 4B 2E 2 0
ID: 43F, Data: 844 48 60 FF 87 24 28 0
ID: 43F, Data: 844 48 60 FF 87 3C 28 0
ID: 18F, Data: 8AA 31 0 0 0 0 0 0
ID: 316, Data: 85 28 A6 28 C 1A 4A 7B
ID: 153, Data: 80 0 0 FF 0 FF 0 0
ID: 316, Data: 85 26 A6 28 C 1A 4A 7B
ID: 153, Data: 80 0 0 FF 0 FF 0 0
ID: 153, Data: 80 0 0 FF 0 FF 0 0
ID: 43F, Data: 844 48 60 FF 87 DC 27 0
ID: 153, Data: 80 0 0 FF 0 FF 0 0
ID: 43F, Data: 844 48 60 FF 87 C4 27 0
ID: 316, Data: 85 1C AE 27 13 1A 4A 7B
ID: 43F, Data: 844 48 60 FF 87 94 27 0
ID: 316, Data: 85 1A 5E 27 1A 1A 4A 7B
ID: 18F, Data: 8AA 31 0 0 0 0 0 0
ID: 43F, Data: 844 48 60 FF 87 A4 27 0
ID: 153, Data: 80 0 0 FF 0 FF 0 0
ID: 316, Data: 85 1C 72 27 2B 1A 49 7B
ID: 316, Data: 85 1E 9A 27 2B 1A 49 7B
ID: 18F, Data: 8AA 31 0 0 0 0 0 0
ID: 316, Data: 85 23 AE 27 2C 1A 49 7B
ID: 153, Data: 80 0 0 FF 0 FF 0 0
ID: 153, Data: 80 0 0 FF 0 FF 0 0
ID: 43F, Data: 844 48 60 FF 87 E4 27 0
ID: 153, Data: 80 0 0 FF 0 FF 0 0
ID: 316, Data: 85 2A 7C 28 31 19 49 7B
ID: 316, Data: 85 2C 67 28 32 19 49 7B
ID: 260, Data: 8B 2D 32 30 3 FF D3 3A
ID: 316, Data: 85 2E 67 28 32 19 49 7B
ID: 316, Data: 85 2F 67 28 32 19 49 7B
ID: 5A0, Data: 80 0 0 90 0 0 0 0
ID: 316, Data: 85 2F 52 28 31 18 49 7B
ID: 153, Data: 80 0 0 FF 0 FF 0 0
ID: 316, Data: 85 31 67 28 32 18 49 7B
ID: 153, Data: 80 0 0 FF 0 FF 0 0
ID: 153, Data: 80 0 0 FF 0 FF 0 0
ID: 280, Data: 830 0 88 B1 50 1D 68 4D
ID: 316, Data: 85 31 67 28 31 18 49 7B
ID: 153, Data: 80 0 0 FF 0 FF 0 0
ID: 153, Data: 80 0 0 FF 0 FF 0 0
ID: 316, Data: 85 31 67 28 32 18 49 7B
ID: 18F, Data: 8AA 31 0 0 0 0 0 0
ID: 153, Data: 80 0 0 FF 0 FF 0 0
ID: 1F1, Data: 80 A0 40 E2 23 4E E2 24
ID: 43F, Data: 844 48 60 FF 87 78 27 0
ID: 316, Data: 85 32 52 28 34 18 49 7B
ID: 5F0, Data: 20 0
ID: 316, Data: 85 33 67 28 34 18 49 7B
ID: 370, Data: 8FF E1 F0 FF FF FF FF FF
ID: 1F0, Data: 8C 40 59 BF 0 0 0 0
ID: 316, Data: 85 33 91 28 35 18 49 7B
ID: 153, Data: 80 0 0 FF 0 FF 0 0
ID: 2A0, Data: 861 F 68 1E 35 0 12 0
ID: 316, Data: 85 34 91 28 35 18 49 7B
ID: 153, Data: 80 0 0 FF 0 FF 0 0
ID: 43F, Data: 844 48 60 FF 87 84 27 0
ID: 153, Data: 80 0 0 FF 0 FF 0 0
ID: 316, Data: 85 35 91 28 35 18 49 7B
ID: 153, Data: 80 0 0 FF 0 FF 0 0
ID: 153, Data: 80 0 0 FF 0 FF 0 0
ID: 5F0, Data: 20 0
ID: 153, Data: 80 0 0 FF 0 FF 0 0
ID: 153, Data: 80 0 0 FF 0 FF 0 0
ID: 5F0, Data: 20 0
ID: 440, Data: 8FE 44 49 A0 FF AA AA AA
ID: 545, Data: 8DC A3 0 8D 13 2 13 2
ID: 43F, Data: 844 48 60 FF 87 98 27 0
ID: 153, Data: 80 0 0 FF 0 FF 0 0
ID: 43F, Data: 844 48 60 FF 87 9C 27 0
ID: 2A0, Data: 8A1 11 68 1E 35 0 12 0
ID: 316, Data: 85 36 BB 28 35 18 49 7B
ID: 316, Data: 85 36 A6 28 36 18 49 7B
ID: 5F0, Data: 20 0
ID: 316, Data: 85 36 A6 28 36 18 49 7B
ID: 153, Data: 80 0 0 FF 0 FF 0 0
ID: A0, Data: 83D 7D A6 28 4A 34 2 0
ID: 316, Data: 85 36 BB 28 34 18 49 7B
ID: 545, Data: 8DC A1 0 8D 17 2 17 2
ID: 316, Data: 85 36 A6 28 A 18 49 7B
ID: 316, Data: 85 2F A6 28 B 18 49 7B
ID: 260, Data: 8B 2B C 30 3 FF D1 19
ID: 153, Data: 80 0 0 FF 0 FF 0 0
ID: 43F, Data: 844 48 60 FF 87 8C 27 0
ID: 1F1, Data: 80 C2 43 2 24 50 2 25
ID: 316, Data: 85 1F AE 27 D 1A 49 7B
ID: 260, Data: 8B 1E D 30 3 FF D1 34
ID: 440, Data: 8FE 34 49 A0 FF AA AA AA
ID: 153, Data: 80 0 0 FF 0 FF 0 0
ID: A1, Data: 879 7D 7C 7E 15 0 0 0
ID: 316, Data: 85 1F E9 26 37 1A 49 7B
ID: 545, Data: 8DC 5B 0 8D 9B 0 9B 0
ID: 153, Data: 80 0 0 FF 0 FF 0 0
ID: 153, Data: 80 0 0 FF 0 FF 0 0
ID: 316, Data: 85 2B 14 28 37 19 49 7B
ID: 43F, Data: 844 48 60 FF 87 60 27 0
ID: 316, Data: 85 30 67 28 36 19 49 7B
ID: A1, Data: 87A 7D 7C 7E 21 0 0 0
ID: 153, Data: 80 0 0 FF 0 FF 0 0
ID: 316, Data: 85 33 7C 28 35 18 49 7B
ID: 153, Data: 80 0 0 FF 0 FF 0 0
ID: 316, Data: 85 34 67 28 35 18 49 7B
ID: 316, Data: 85 34 67 28 35 18 49 7B
ID: A1, Data: 87C 7D 7E 7E 27 0 0 0
ID: 43F, Data: 844 48 60 FF 87 68 27 0
ID: 43F, Data: 844 48 60 FF 87 64 27 0
ID: 260, Data: 8B 37 35 30 3 FF D0 3F
ID: 316, Data: 85 36 7C 28 35 18 49 7B
ID: 316, Data: 85 35 7C 28 35 18 49 7B
ID: 43F, Data: 844 48 60 FF 87 68 27 0
ID: 316, Data: 85 35 52 28 36 18 49 7B
ID: 153, Data: 80 0 0 FF 0 FF 0 0
ID: 316, Data: 85 35 7C 28 37 18 49 7B
ID: 153, Data: 80 0 0 FF 0 FF 0 0
ID: 2A0, Data: 8C1 11 68 1E 35 0 12 0
ID: 316, Data: 85 35 67 28 37 18 49 7B
ID: 260, Data: 8B 35 38 30 3 FF D1 0
ID: 43F, Data: 844 48 60 FF 87 6C 27 0
ID: 43F, Data: 844 48 60 FF 88 74 27 0
ID: 18F, Data: 8AA 31 0 0 0 0 0 0
ID: 316, Data: 85 36 7C 28 38 18 49 7B
ID: 153, Data: 80 0 0 FF 0 FF 0 0
ID: 329, Data: 8B B1 7F 8 11 3E 1A 26
ID: 316, Data: 85 37 7C 28 39 18 49 7B
ID: 1F1, Data: 80 5 3F C2 23 4D F2 24
ID: 316, Data: 85 38 7C 28 3A 17 49 7B
ID: 316, Data: 85 39 A6 28 3D 17 49 7B
ID: 43F, Data: 844 48 60 FF 87 6C 27 0
ID: 316, Data: 85 3B 91 28 42 17 49 7B
ID: A1, Data: 87E 7D 7E 7E 2B 0 0 0
ID: 43F, Data: 844 48 60 FF 87 7C 27 0
ID: 316, Data: 85 3F E6 28 2F 17 49 7B
ID: A0, Data: 849 7D E6 28 49 38 2 0
ID: 316, Data: 85 3C E6 28 9 17 49 7B
ID: 316, Data: 85 33 A6 28 A 18 49 7B
ID: 153, Data: 80 0 0 FF 0 FF 0 0
ID: 153, Data: 80 0 0 FF 0 FF 0 0
ID: 153, Data: 80 0 0 FF 0 FF 0 0
ID: 260, Data: 8B 24 D 30 3 FF D4 D
ID: 316, Data: 85 21 72 27 D 1A 49 7B
ID: 329, Data: 8B B1 7F 8 11 31 0 26
ID: 370, Data: 8FF E0 F0 FF FF FF FF FF
ID: 316, Data: 85 1B 23 27 1A 1A 49 7B
ID: 260, Data: 8B 1B 1F 30 3 FF D0 26
ID: 153, Data: 80 0 0 FF 0 FF 0 0
ID: 316, Data: 85 1B E9 26 25 1A 49 7B
ID: 1F0, Data: 810 40 59 BF 0 0 0 0
ID: 280, Data: 830 0 88 B1 4E 12 68 30
ID: A0, Data: 823 7D 37 27 49 2D 2 0
ID: 153, Data: 80 0 0 FF 0 FF 0 0
ID: 316, Data: 85 27 37 27 35 1A 48 7B
ID: 153, Data: 80 0 0 FF 0 FF 0 0
ID: 280, Data: 830 0 88 B1 4F 1C 68 45
ID: 316, Data: 85 30 0 28 35 19 48 7B
ID: 153, Data: 80 0 0 FF 0 FF 0 0
ID: 316, Data: 85 31 3D 28 35 19 48 7B
ID: 153, Data: 80 0 0 FF 0 FF 0 0
ID: 316, Data: 85 32 0 28 35 18 48 7B
ID: 316, Data: 85 33 EB 27 35 18 48 7B
ID: 545, Data: 8DC 9E 0 8D DE 1 DE 1
ID: 316, Data: 85 33 0 28 35 18 48 7B
ID: 316, Data: 85 33 0 28 35 18 48 7B
ID: 1F0, Data: 811 40 59 BF 0 0 0 0
ID: 153, Data: 80 0 0 FF 0 FF 0 0
ID: 43F, Data: 844 48 60 FF 87 8 27 0
ID: A1, Data: 87C 7D 7E 7E 27 0 0 0
ID: 153, Data: 80 0 0 FF 0 FF 0 0
ID: 316, Data: 85 35 0 28 38 18 48 7B
ID: 153, Data: 80 0 0 FF 0 FF 0 0
ID: 5F0, Data: 20 0
ID: 316, Data: 85 37 0 28 37 18 48 7B
ID: 153, Data: 80 0 0 FF 0 FF 0 0
ID: 316, Data: 85 37 0 28 37 17 48 7B
ID: 153, Data: 80 0 0 FF 0 FF 0 0
ID: 316, Data: 85 38 29 28 37 17 48 7B
ID: 316, Data: 85 38 14 28 38 17 48 7B
ID: 2A0, Data: 8C1 12 68 1E 35 0 12 0
ID: 43F, Data: 844 48 60 FF 87 18 27 0
ID: 316, Data: 85 38 52 28 40 17 48 7B
ID: 316, Data: 85 3B 52 28 40 17 48 7B
ID: 316, Data: 85 3C 67 28 40 17 48 7B
ID: A0, Data: 847 7D 67 28 49 37 2 0
ID: 316, Data: 85 3E 67 28 40 17 48 7B
ID: 316, Data: 85 3F 67 28 40 17 48 7B
ID: 5F0, Data: 20 0
ID: 316, Data: 85 3F 91 28 40 16 48 7B
ID: 440, Data: 8FE 44 48 A0 FF AA AA AA
ID: A1, Data: 87D 7D 7E 7E 2E 0 0 0
ID: 316, Data: 85 40 91 28 40 16 49 7B
ID: 316, Data: 85 40 91 28 40 16 49 7B
ID: 153, Data: 80 0 0 FF 0 FF 0 0
ID: 153, Data: 80 0 0 FF 0 FF 0 0
ID: 43F, Data: 844 48 60 FF 87 3C 27 0
ID: 153, Data: 80 0 0 FF 0 FF 0 0
ID: 316, Data: 85 35 67 28 A 18 49 7B
ID: 316, Data: 85 2E 29 28 B 18 49 7B
ID: 316, Data: 85 29 EB 27 C 19 49 7B
ID: 153, Data: 80 0 0 FF 0 FF 0 0
ID: 153, Data: 80 0 0 FF 0 FF 0 0
ID: 43F, Data: 844 48 60 FF 87 3C 27 0
ID: A0, Data: 81D 7D 37 27 49 29 2 0
ID: 43F, Data: 844 48 60 FF 87 24 27 0
ID: 43F, Data: 844 48 60 FF 87 0 27 0
ID: A0, Data: 81B 7D E9 26 49 2A 2 0
ID: 5F0, Data: 20 0
ID: 316, Data: 85 1E E9 26 2E 1A 49 7B
ID: 316, Data: 85 20 FC 26 2F 1A 49 7B
ID: A0, Data: 827 7D 23 27 49 2E 2 0
ID: 153, Data: 80 0 0 FF 0 FF 0 0
ID: 316, Data: 85 27 72 27 32 19 48 7B
ID: 370, Data: 8FF E0 F0 FF FF FF FF FF
ID: 2A0, Data: 8C1 12 68 1E 35 0 12 0
ID: 316, Data: 85 2D EB 27 32 19 48 7B
ID: 280, Data: 830 0 88 B1 50 1C 68 46
ID: 316, Data: 85 2F 29 28 33 19 48 7B
ID: 316, Data: 85 2F 0 28 34 18 48 7B
ID: 153, Data: 80 0 0 FF 0 FF 0 0
ID: 316, Data: 85 30 EB 27 37 18 48 7B
ID: 153, Data: 80 0 0 FF 0 FF 0 0
ID: 316, Data: 85 32 EB 27 38 18 48 7B
ID: 316, Data: 85 33 14 28 39 18 48 7B
ID: A1, Data: 87C 7D 7C 7E 25 0 0 0
ID: 440, Data: 8FE E4 48 A0 FF AA AA AA
ID: 43F, Data: 844 48 60 FF 87 18 27 0
ID: 153, Data: 80 0 0 FF 0 FF 0 0
ID: 316, Data: 85 39 3D 28 3D 17 48 7B
ID: 153, Data: 80 0 0 FF 0 FF 0 0
ID: 280, Data: 830 0 88 B1 50 24 68 5B
ID: 316, Data: 85 3D 52 28 42 17 48 7B
ID: A0, Data: 847 7D 52 28 49 37 2 0
ID: 43F, Data: 844 48 60 FF 87 28 27 0
ID: 316, Data: 85 40 91 28 42 16 48 7B
ID: 440, Data: 8FE 34 48 A0 FF AA AA AA
ID: 316, Data: 85 42 BB 28 42 16 48 7B
ID: 43F, Data: 844 48 60 FF 87 48 27 0
ID: 316, Data: 85 42 BB 28 42 16 49 7B
ID: 153, Data: 80 0 0 FF 0 FF 0 0
ID: 153, Data: 80 0 0 FF 0 FF 0 0
ID: 316, Data: 85 42 BB 28 42 16 49 7B
ID: 153, Data: 80 0 0 FF 0 FF 0 0
ID: 316, Data: 85 42 D0 28 40 16 49 7B
ID: 153, Data: 80 0 0 FF 0 FF 0 0
ID: 2A0, Data: 8C1 15 68 1E 35 0 12 0
ID: 316, Data: 85 43 E6 28 3D 16 49 7B
ID: 153, Data: 80 0 0 FF 0 FF 0 0
ID: 316, Data: 85 41 E6 28 3C 16 49 7B
ID: 153, Data: 80 0 0 FF 0 FF 0 0
ID: 5F0, Data: 20 0
ID: 316, Data: 85 3E BB 28 3C 17 49 7B
ID: 316, Data: 85 3E A6 28 3C 17 49 7B
ID: 260, Data: 8B 3E 3D 30 3 FF CB 18
ID: 153, Data: 80 0 0 FF 0 FF 0 0
ID: 316, Data: 85 3D A6 28 3D 17 49 7B
ID: 153, Data: 80 0 0 FF 0 FF 0 0
ID: 545, Data: 8DC B8 0 8D 9F 2 9F 2
ID: 440, Data: 8FE 34 49 A0 FF AA AA AA
ID: 545, Data: 8DC BA 0 8D 9C 2 9C 2
ID: 316, Data: 85 3C D0 28 3D 17 49 7B
ID: 316, Data: 85 3B BB 28 3D 17 49 7B
ID: 43F, Data: 844 48 60 FF 87 C4 27 0
ID: 440, Data: 8FE 44 49 A0 FF AA AA AA
ID: 153, Data: 80 0 0 FF 0 FF 0 0
ID: 316, Data: 85 3B BB 28 9 17 4A 7B
ID: 316, Data: 85 38 D0 28 A 17 4A 7B
ID: 329, Data: 884 B1 7F 8 11 36 0 26
ID: 43F, Data: 844 48 60 FF 87 C0 27 0
ID: 153, Data: 80 0 0 FF 0 FF 0 0
ID: 2A0, Data: 8E0 15 68 1E 35 0 12 0
ID: 316, Data: 85 22 EB 27 D 1A 4A 7B
ID: 370, Data: 8FF E0 F0 FF FF FF FF FF
ID: 316, Data: 85 1D AE 27 D 1A 4A 7B
ID: 260, Data: 8B 1C D 30 3 FF CC F
ID: 43F, Data: 844 48 60 FF 87 78 27 0
ID: 43F, Data: 844 48 60 FF 87 50 27 0
ID: 329, Data: 8ED B1 7F 8 11 31 0 26
ID: 316, Data: 85 17 FC 26 E 1A 49 7B
ID: 316, Data: 85 17 10 27 E 1A 49 7B
ID: 2A0, Data: 880 12 68 1E 35 0 12 0
ID: 43F, Data: 844 48 60 FF 87 7C 27 0
ID: 43F, Data: 844 48 60 FF 87 60 27 0
ID: 545, Data: 8DC 43 0 8D 7D FF 7D FF
ID: 316, Data: 85 13 5 26 E 1A 49 7B
ID: 260, Data: 8B 14 E 30 3 FF 7D 37
ID: 43F, Data: 844 48 60 FF 87 54 27 0
ID: 153, Data: 80 0 0 FF 0 FF 0 0
ID: 316, Data: 85 16 86 25 E 1A 49 7B
ID: 316, Data: 85 16 50 25 E 1A 49 7B
ID: 2A0, Data: 820 10 68 1E 35 0 12 0
ID: 316, Data: 85 16 62 25 E 1A 48 7B
ID: 316, Data: 85 17 2C 25 E 1A 48 7B
ID: 280, Data: 830 0 84 B1 4A 13 68 32
ID: 43F, Data: 844 48 60 FF 87 F4 26 0
ID: 316, Data: 85 17 74 25 E 1A 48 7B
ID: 545, Data: 8DC 56 0 87 CD FF CD FF
ID: 316, Data: 85 17 98 25 E 1A 48 7B
ID: 2A0, Data: 880 E 68 1E 35 0 12 0
ID: 43F, Data: 844 48 60 FF 87 C0 26 0
ID: 1F1, Data: 80 7C 3B 32 23 43 32 24
ID: 280, Data: 830 0 A0 B1 4B 12 68 32
ID: 316, Data: 8D 16 BC 25 E 1A 48 7B
ID: 316, Data: 8D 12 CE 25 E 1A 48 7B
ID: A1, Data: 880 80 80 7E 18 0 0 0
ID: 43F, Data: 844 48 60 FF 87 78 26 0
ID: 153, Data: 80 0 0 FF 0 FF 0 0
ID: 440, Data: 8FE 34 47 A0 FF AA AA AA
ID: 316, Data: 8D B 50 25 E 1A 47 7B
ID: 153, Data: 80 0 0 FF 0 FF 0 0
ID: 316, Data: 8D 7 E6 24 E 19 47 7B
ID: 43F, Data: 844 48 60 FF 87 40 26 0
ID: 440, Data: 8FE 34 46 A0 FF AA AA AA
ID: A0, Data: 824 7D D5 24 47 2C 4 0
ID: 153, Data: 80 0 0 FF 0 FF 0 0
ID: 316, Data: 8D 0 9 25 E 19 47 7B
ID: 153, Data: 80 0 0 FF 0 FF 0 0
ID: 5F0, Data: 20 0
ID: 153, Data: 80 0 0 FF 0 FF 0 0
ID: 316, Data: 8D 0 62 25 E 19 46 7B
ID: A1, Data: 880 80 80 7E 1A 0 0 0
ID: 316, Data: 8D 0 74 25 D 19 46 7B
ID: 316, Data: 8D 0 74 25 D 19 46 7B
ID: 153, Data: 80 0 0 FF 0 FF 0 0
ID: 316, Data: 8D 0 62 25 D 19 46 7B
ID: 153, Data: 80 0 0 FF 0 FF 0 0
ID: 316, Data: 8D 0 2C 25 D 19 46 7B
ID: 43F, Data: 844 48 60 FF 87 7C 25 0
ID: 153, Data: 80 0 0 FF 0 FF 0 0
ID: 153, Data: 80 0 0 FF 0 FF 0 0
ID: A0, Data: 829 7D B2 24 46 2D 4 0
ID: 316, Data: 8D 0 7F 24 D 19 45 7B
ID: 18F, Data: 8AA 32 0 0 0 0 0 0
ID: 43F, Data: 844 48 60 FF 87 18 25 0
ID: 18F, Data: 8AA 32 0 0 0 0 0 0
ID: 153, Data: 80 0 0 FF 0 FF 0 0
ID: 1F1, Data: 80 5A 1D A2 21 25 62 22
ID: 2A0, Data: 840 9 68 1E 35 0 12 0
ID: 316, Data: 8D 0 F8 23 E 19 44 7B
ID: 316, Data: 8D 0 E8 23 E 19 44 7B
ID: 280, Data: 830 0 20 B1 47 16 68 3E
ID: A1, Data: 880 80 80 7E 1E 0 0 0
ID: 153, Data: 80 0 0 FF 0 FF 0 0
ID: 43F, Data: 844 48 60 FF 86 40 24 0
ID: 153, Data: 80 0 0 FF 0 FF 0 0
ID: 316, Data: 8D 0 65 23 E 19 43 7B
ID: 316, Data: 8D 0 45 23 E 19 43 7B
ID: 316, Data: 8D 0 36 23 E 19 43 7B
ID: 153, Data: 80 0 0 FF 0 FF 0 0
ID: 153, Data: 80 0 0 FF 0 FF 0 0
ID: 2A0, Data: 820 8 68 1E 35 0 12 0
ID: 316, Data: 8D 0 C8 22 E 19 42 7B
ID: 2A0, Data: 8E0 7 68 1E 35 0 12 0
ID: 316, Data: 8D 0 7B 22 E 19 41 7B
ID: 5F0, Data: 20 0
ID: 316, Data: 8D 0 4E 22 E 19 41 7B
ID: 153, Data: 80 0 0 FF 0 FF 0 0
ID: 43F, Data: 844 48 60 FF 86 74 22 0
ID: 316, Data: 8D 0 D7 21 E 19 40 7B
ID: 280, Data: 830 0 20 B1 43 16 68 3F
ID: 153, Data: 80 0 0 FF 0 FF 0 0
ID: 1F1, Data: 80 8D EE E1 1E F8 B1 1F
ID: 43F, Data: 84B 48 60 FF 87 B4 21 0
ID: 316, Data: 8D 0 0 21 E 18 3F 7B
ID: 153, Data: 80 0 0 FF 0 FF 0 0
ID: 316, Data: 8D 0 92 20 F 18 3E 7B
ID: 43F, Data: 84B 48 60 FF 87 3C 21 0
ID: 316, Data: 8D 0 6A 20 F 18 3E 7B
ID: 316, Data: 8D 0 E 21 E 18 3D 7B
ID: 260, Data: 80 0 E 30 3 FF 55 13
ID: A0, Data: 827 7D F7 22 3D 2C 4 0
ID: 153, Data: 80 0 0 FF 0 FF 0 0
ID: 316, Data: 8D 0 3D 26 D 19 3C 7B
ID: A1, Data: 880 80 80 7E 1B 0 0 0
ID: 153, Data: 80 0 0 FF 0 FF 0 0
ID: 316, Data: 8D 0 FB 28 C 1A 3B 7B
ID: 43F, Data: 84B 48 60 FF 87 E0 29 0
ID: 440, Data: 8FE 34 3A A0 FF AA AA AA
ID: 316, Data: 8D 0 E6 28 C 1A 3A 7B
ID: 153, Data: 80 0 0 FF 0 FF 0 0
ID: 43F, Data: 84B 48 60 FF 87 C 29 0
ID: 153, Data: 80 0 0 FF 0 FF 0 0
ID: 316, Data: 8D 0 D7 27 D 1A 39 7B
ID: 1F1, Data: 80 8C BB B1 1B C5 61 1C
ID: 153, Data: 80 0 0 FF 0 FF 0 0
ID: 153, Data: 80 0 0 FF 0 FF 0 0
ID: 545, Data: 8DC 0 0 8A 36 FE 36 FE
ID: 316, Data: 8D 0 C2 26 D 19 38 7B
ID: A0, Data: 82A 7D 37 27 39 2E 4 0
ID: 153, Data: 80 0 0 FF 0 FF 0 0
ID: 316, Data: 8D 0 3D 26 D 19 37 7B
ID: 153, Data: 80 0 0 FF 0 FF 0 0
ID: 316, Data: 8D 0 E0 25 D 19 36 7B
ID: 370, Data: 8FF E0 F0 FF FF FF FF FF
ID: 316, Data: 8D 0 86 25 D 19 36 7B
ID: 260, Data: 80 0 D 30 3 FF 55 23
ID: 153, Data: 80 0 0 FF 0 FF 0 0
ID: 316, Data: 8D 0 B2 24 D 19 35 7B
ID: 260, Data: 80 0 D 30 3 FF 55 14
ID: 316, Data: 8D 0 3B 24 D 19 34 7B
ID: 153, Data: 80 0 0 FF 0 FF 0 0
ID: 153, Data: 80 0 0 FF 0 FF 0 0
ID: 1F1, Data: 80 48 89 A1 18 95 51 19
ID: 18F, Data: 8AA 32 0 0 0 0 0 0
ID: 370, Data: 8FF E0 F0 FF FF FF FF FF
ID: 153, Data: 80 0 0 FF 0 FF 0 0
ID: 329, Data: 8ED B1 7F 8 12 35 0 26
ID: 316, Data: 8D 0 4E 22 E 19 31 7B
ID: 260, Data: 80 0 E 30 3 FF 55 4
ID: 440, Data: 8FE B3 30 A0 FF AA AA AA
ID: 43F, Data: 843 48 60 FF 86 44 22 0
ID: 153, Data: 80 0 0 FF 0 FF 0 0
ID: 43F, Data: 843 48 60 FF 87 CC 21 0
ID: 2A0, Data: 840 4 68 1E 35 0 12 0
ID: 316, Data: 8D 0 C9 20 E 18 2F 7B
ID: 316, Data: 8D 0 A0 20 E 18 2F 7B
ID: 1F1, Data: 80 C1 6F 1 17 76 81 17
ID: 18F, Data: 8AA 32 0 0 0 0 0 0
ID: 43F, Data: 843 48 60 FF 87 24 21 0
ID: A1, Data: 880 80 80 7E 1E 0 0 0
ID: 43F, Data: 843 48 60 FF 87 CC 20 0
ID: 153, Data: 80 0 0 FF 0 FF 0 0
ID: 370, Data: 8FF E0 F0 FF FF FF FF FF
ID: 280, Data: 830 0 20 B1 3F 16 68 3F
ID: 5F0, Data: 20 0
ID: 2A0, Data: 820 3 68 1E 35 0 12 0
ID: 329, Data: 840 B1 7F 8 12 34 0 26
ID: A0, Data: 82A 7D 33 1F 2D 2C 4 0
ID: 43F, Data: 843 48 60 FF 86 A0 1F 0
ID: 440, Data: 8FE B3 2C A0 FF AA AA AA
ID: A0, Data: 82A 7D B8 1E 2D 2B 4 0
ID: 153, Data: 80 0 0 FF 0 FF 0 0
ID: 316, Data: 8D 0 36 1E F 18 2B 7B
ID: 153, Data: 80 0 0 FF 0 FF 0 0
ID: 316, Data: 8D 0 D9 1D F 18 2B 7B
ID: 1F1, Data: 80 6A 4A B1 14 51 51 15
ID: 316, Data: 8D 0 69 1D F 18 2A 7B
ID: 153, Data: 80 0 0 FF 0 FF 0 0
ID: 153, Data: 80 0 0 FF 0 FF 0 0
ID: 316, Data: 8D 0 C6 1C F 18 29 7B
ID: 545, Data: 8DC 0 0 8A 4A FE 4A FE
ID: 316, Data: 8D 0 49 1C F 18 29 7B
ID: 316, Data: 8D 0 F8 1B F 18 29 7B
ID: 153, Data: 80 0 0 FF 0 FF 0 0
ID: 545, Data: 8DC 0 0 8A 4B FE 4B FE
ID: 316, Data: 8D 0 3F 1B F 18 27 7B
ID: 1F0, Data: 8E 40 59 BF 0 0 0 0
ID: 153, Data: 80 0 0 FF 0 FF 0 0
ID: A1, Data: 880 80 80 7E 1C 0 0 0
ID: 2A0, Data: 840 2 68 1E 35 0 12 0
ID: 18F, Data: 8AA 32 0 0 0 0 0 0
ID: 370, Data: 8FF E0 F0 FF FF FF FF FF
ID: 260, Data: 80 0 10 30 3 FF 4E 18
ID: 153, Data: 80 0 0 FF 0 FF 0 0
ID: 316, Data: 8D 0 B0 18 10 18 24 7B
ID: 43F, Data: 843 48 60 FF 87 F0 18 0
ID: 280, Data: 830 0 20 B1 30 14 68 3C
ID: 5A0, Data: 80 0 0 90 0 0 0 0
ID: 1F0, Data: 8B 40 59 BF 0 0 0 0
ID: 316, Data: 8D 0 2C 17 11 18 22 7B
ID: 153, Data: 80 0 0 FF 0 FF 0 0
ID: 316, Data: 8D 0 8C 16 11 18 21 7B
ID: 153, Data: 80 0 0 FF 0 FF 0 0
ID: 316, Data: 8D 0 F4 15 12 18 20 7B
ID: 43F, Data: 843 48 60 FF 86 58 16 0
ID: 43F, Data: 843 48 60 FF 87 14 16 0
ID: 316, Data: 8D 0 18 15 13 18 1F 7B
ID: 280, Data: 830 0 20 B1 29 14 68 3C
ID: 43F, Data: 843 48 60 FF 87 40 15 0
ID: 440, Data: 8FE C3 1D A0 FF AA AA AA
ID: 153, Data: 80 0 0 FF 0 FF 0 0
ID: 316, Data: 8D 0 B4 13 14 18 1D 7B
ID: 316, Data: 8D 0 88 13 14 18 1D 7B
ID: 1F1, Data: 80 6A DD 80 D E3 D0 D
ID: 1F0, Data: 8EE 3F 59 BF 0 0 0 0
ID: 153, Data: 80 0 0 FF 0 FF 0 0
ID: 43F, Data: 843 48 60 FF 86 38 13 0
ID: 153, Data: 80 0 0 FF 0 FF 0 0
ID: 153, Data: 80 0 0 FF 0 FF 0 0
ID: 316, Data: 8D 0 8F 11 1E 19 1A 7B
ID: 153, Data: 80 0 0 FF 0 FF 0 0
ID: 316, Data: 8D 0 14 11 1E 19 19 7B
ID: 153, Data: 80 0 0 FF 0 FF 0 0
ID: 316, Data: 8D 0 AE 10 1F 19 19 7B
ID: 370, Data: 8FF E0 F0 FF FF FF FF FF
ID: 316, Data: 85 4 5D 10 1F 19 18 7B
ID: 316, Data: 85 A 45 10 1F 19 18 7B
ID: 316, Data: 85 F 31 10 1F 19 18 7B
ID: A0, Data: 82F 7D 5A 10 18 26 2 0
ID: 440, Data: 8FE 13 18 A0 FF AA AA AA
ID: 153, Data: 80 0 0 FF 0 FF 0 0
ID: 316, Data: 85 1F 35 F 20 19 17 7B
ID: 2A0, Data: 820 2 68 1E 35 0 12 0
ID: 153, Data: 80 0 0 FF 0 FF 0 0
ID: 316, Data: 85 20 74 F 20 19 16 7B
ID: 153, Data: 80 0 0 FF 0 FF 0 0
ID: 316, Data: 85 20 50 F 20 19 16 7B
ID: 153, Data: 80 0 0 FF 0 FF 0 0
ID: 153, Data: 80 0 0 FF 0 FF 0 0
ID: 43F, Data: 843 48 60 FF 86 DC 10 0
ID: 43F, Data: 843 48 60 FF 86 B0 10 0
ID: 43F, Data: 843 48 60 FF 86 C0 10 0
ID: 153, Data: 80 0 0 FF 0 FF 0 0
ID: 153, Data: 80 0 0 FF 0 FF 0 0
ID: 316, Data: 85 1E F2 F 1F 19 16 7B
ID: 43F, Data: 843 48 60 FF 86 70 10 0
ID: 316, Data: 85 1E D2 F 1F 19 16 7B
ID: A0, Data: 82C 7D C5 F 16 26 2 0
ID: 153, Data: 80 0 0 FF 0 FF 0 0
ID: 316, Data: 85 1E C9 F 1F 19 15 7B
ID: 5F0, Data: 20 0
ID: 316, Data: 85 24 C2 F 26 19 15 7B
ID: 153, Data: 80 0 0 FF 0 FF 0 0
ID: 316, Data: 85 24 8E 10 26 19 15 7B
ID: 316, Data: 85 24 FA 10 24 19 15 7B
ID: 18F, Data: 8AA 32 0 0 0 0 0 0
ID: 316, Data: 85 23 93 11 24 19 15 7B
ID: 43F, Data: 843 48 60 FF 86 58 10 0
ID: 316, Data: 85 23 6B 11 2A 19 15 7B
ID: 5F0, Data: 20 0
ID: 153, Data: 80 0 0 FF 0 FF 0 0
ID: 43F, Data: 843 48 60 FF 86 C8 F 0
ID: 43F, Data: 843 48 60 FF 86 C8 F 0
ID: 316, Data: 85 26 A0 10 39 19 14 7B
ID: 43F, Data: 843 48 60 FF 86 B0 F 0
ID: 316, Data: 85 2A A7 10 3B 18 14 7B
ID: 316, Data: 85 2D CE 10 3C 18 14 7B
ID: 43F, Data: 843 48 60 FF 86 BC F 0
ID: 43F, Data: 843 48 60 FF 86 C4 F 0
ID: 2A0, Data: 8A1 2 69 1E 35 0 12 0
ID: 316, Data: 85 31 C7 11 46 17 14 7B
ID: 316, Data: 85 34 F4 11 4B 17 14 7B
ID: 18F, Data: 8AA 32 0 0 0 0 0 0
ID: 43F, Data: 843 48 60 FF 86 C8 F 0
ID: 153, Data: 80 0 0 FF 0 FF 0 0
ID: 153, Data: 80 0 0 FF 0 FF 0 0
ID: 316, Data: 85 3F C 13 5A 15 14 7B
ID: 153, Data: 80 0 0 FF 0 FF 0 0
ID: 316, Data: 85 46 D2 13 57 15 14 7B
ID: 153, Data: 80 0 0 FF 0 FF 0 0
ID: 316, Data: 85 49 CF 14 5A 14 14 7B
ID: 316, Data: 85 4B 52 15 5A 14 14 7B
ID: 18F, Data: 8AA 32 0 0 0 0 0 0
ID: 316, Data: 85 4E 8D 15 5E 13 14 7B
ID: 153, Data: 80 0 0 FF 0 FF 0 0
ID: 316, Data: 85 54 98 14 5F 13 15 7B
ID: 316, Data: 85 56 29 14 60 13 15 7B
ID: 2A0, Data: 8C1 9 69 1E 35 0 12 0
ID: 43F, Data: 843 48 60 FF 86 C8 10 0
ID: 43F, Data: 843 48 60 FF 86 F0 10 0
ID: 260, Data: 8B 60 66 30 3 FF AA 29
ID: 316, Data: 85 63 C 13 65 12 16 7B
ID: 316, Data: 85 63 44 13 65 12 16 7B
ID: 43F, Data: 843 48 60 FF 87 80 11 0
ID: 316, Data: 85 65 A0 13 66 12 16 7B
ID: A1, Data: 882 7C 86 7D 48 0 0 0
ID: 316, Data: 85 66 D7 13 69 12 17 7B
ID: 316, Data: 85 65 0 14 6D 12 17 7B
ID: 260, Data: 8B 68 6F 30 3 FF 9D 17
ID: 43F, Data: 843 48 60 FF 86 48 12 0
ID: 316, Data: 85 6C 24 14 6E 11 18 7B
ID: 316, Data: 85 6D 5D 14 6E 11 18 7B
ID: 316, Data: 85 6C 73 14 6E 11 18 7B
ID: A1, Data: 881 7C 86 7D 49 0 0 0
ID: 316, Data: 85 6B C4 14 70 11 19 7B
ID: 316, Data: 85 6B E0 14 71 11 19 7B
ID: 260, Data: 8B 6C 74 30 3 FF 98 3
ID: 43F, Data: 843 48 60 FF 86 98 13 0
ID: 1F1, Data: 80 6 DA 50 D E2 A0 D
ID: 1F1, Data: 80 7 DC 40 D E2 C0 D
ID: 370, Data: 8FF E0 F0 FF FF FF FF FF
ID: 43F, Data: 843 48 60 FF 86 44 14 0
ID: 280, Data: 830 0 88 B1 2C 47 69 A3
ID: 153, Data: 80 0 0 FF 0 FF 0 0
ID: 316, Data: 85 73 92 16 75 10 1B 7B
ID: 316, Data: 85 73 A6 16 75 10 1C 7B
ID: A1, Data: 882 7C 83 7D 4D 0 0 0
ID: 316, Data: 85 74 DB 16 75 10 1C 7B
ID: 316, Data: 85 72 FD 16 75 10 1C 7B
ID: 18F, Data: 8AA 31 0 0 0 0 0 0
ID: 316, Data: 85 72 41 17 76 10 1D 7B
ID: 153, Data: 80 0 0 FF 0 FF 0 0
ID: 316, Data: 85 72 6B 17 76 10 1E 7B
ID: 316, Data: 85 74 80 17 76 10 1E 7B
ID: 260, Data: 8B 74 77 30 3 FF 96 36
ID: 43F, Data: 843 48 60 FF 87 90 16 0
ID: 316, Data: 85 73 18 18 76 10 1F 7B
ID: 316, Data: 85 74 54 18 76 10 1F 7B
ID: 316, Data: 85 73 7A 18 76 10 1F 7B
ID: 43F, Data: 843 48 60 FF 87 70 17 0
ID: 316, Data: 85 73 F0 18 77 10 20 7B
ID: A1, Data: 884 7C 84 7D 4C 0 0 0
ID: 153, Data: 80 0 0 FF 0 FF 0 0
ID: 316, Data: 85 72 48 19 77 10 20 7B
ID: 153, Data: 80 0 0 FF 0 FF 0 0
ID: 329, Data: 8B B1 7F 8 11 48 3B 26
ID: 316, Data: 85 74 CE 19 77 10 21 7B
ID: 1F1, Data: 80 A2 11 E1 10 17 81 11
ID: 43F, Data: 843 48 60 FF 87 8 19 0
ID: 329, Data: 884 B1 7F 8 11 48 3B 26
ID: 370, Data: 8FF E1 F0 FF FF FF FF FF
ID: 316, Data: 85 74 BC 1A 76 10 22 7B
ID: 43F, Data: 843 48 60 FF 87 D0 19 0
ID: 316, Data: 85 74 19 1B 76 11 23 7B
ID: 5F0, Data: 20 0
ID: 153, Data: 80 0 0 FF 0 FF 0 0
ID: 43F, Data: 843 48 60 FF 87 6C 1A 0
ID: 43F, Data: 843 48 60 FF 87 98 1A 0
ID: 316, Data: 85 73 D1 1B 71 11 24 7B
ID: 153, Data: 80 0 0 FF 0 FF 0 0
ID: 316, Data: 85 73 35 1C 6E 11 25 7B
ID: 1F1, Data: 80 18 26 51 12 33 21 13
ID: 280, Data: 830 0 88 B1 38 46 68 9A
ID: 43F, Data: 843 48 60 FF 87 A8 1B 0
ID: 280, Data: 830 0 88 B1 39 43 68 96
ID: 153, Data: 80 0 0 FF 0 FF 0 0
ID: 316, Data: 85 6B F1 1C 6E 12 26 7B
ID: 153, Data: 80 0 0 FF 0 FF 0 0
ID: A0, Data: 87E 7D 7 1D 27 3D 2 0
ID: 316, Data: 85 6A 5E 1D 6D 11 27 7B
ID: 316, Data: 85 6A 95 1D 6D 11 27 7B
ID: 316, Data: 85 6B D9 1D 6D 11 27 7B
ID: 316, Data: 85 6B FC 1D 6D 11 28 7B
ID: 43F, Data: 843 48 60 FF 87 60 1D 0
ID: 316, Data: 85 6B 59 1E 6C 11 28 7B
ID: 153, Data: 80 0 0 FF 0 FF 0 0
ID: 316, Data: 85 6B 94 1E 6C 11 29 7B
ID: 153, Data: 80 0 0 FF 0 FF 0 0
ID: 280, Data: 830 0 88 B1 3D 42 68 94
ID: 316, Data: 85 6B 1A 1F 6C 11 29 7B
ID: 43F, Data: 843 48 60 FF 86 90 1E 0
ID: 316, Data: 85 6B 7E 1F 6B 11 2A 7B
ID: 18F, Data: 8AA 31 0 0 0 0 0 0
ID: 153, Data: 80 0 0 FF 0 FF 0 0
ID: 316, Data: 85 6A 0 20 6B 11 2A 7B
ID: A0, Data: 87A 7D B2 1F 2A 3F 2 0
ID: 5F0, Data: 20 0
ID: 316, Data: 85 6A 6A 20 6A 12 2B 7B
ID: 316, Data: 85 6A 77 20 6A 11 2B 7B
ID: 18F, Data: 8AA 31 0 0 0 0 0 0
ID: 5F0, Data: 20 0
ID: 153, Data: 80 0 0 FF 0 FF 0 0
ID: 370, Data: 8FF DE F0 FF FF FF FF FF
ID: 260, Data: 8B 6A 6A 30 3 FF AF 8
ID: 153, Data: 80 0 0 FF 0 FF 0 0
ID: 316, Data: 85 69 9D 21 69 12 2D 7B
ID: 440, Data: 8FE 13 2D A0 FF AA AA AA
ID: A0, Data: 878 7D 8E 21 2D 3F 2 0
ID: 316, Data: 85 68 3 22 69 12 2D 7B
ID: 316, Data: 85 67 30 22 69 12 2D 7B
ID: 153, Data: 80 0 0 FF 0 FF 0 0
ID: 316, Data: 85 68 8A 22 68 12 2E 7B
ID: 43F, Data: 843 48 60 FF 86 E4 21 0
ID: 329, Data: 8B B1 7F 8 11 4A 35 26
ID: 153, Data: 80 0 0 FF 0 FF 0 0
ID: 316, Data: 85 68 36 23 68 12 2F 7B
ID: 153, Data: 80 0 0 FF 0 FF 0 0
ID: 153, Data: 80 0 0 FF 0 FF 0 0
ID: 316, Data: 85 68 96 23 68 12 2F 7B
ID: 153, Data: 80 0 0 FF 0 FF 0 0
ID: 545, Data: 8DC 16 1 8D DF 5 DF 5
ID: 316, Data: 85 67 9 24 67 12 30 7B
ID: 280, Data: 830 0 88 B1 48 3E 68 91
ID: 153, Data: 80 0 0 FF 0 FF 0 0
ID: 153, Data: 80 0 0 FF 0 FF 0 0
ID: 316, Data: 85 66 7F 24 67 12 31 7B
ID: 153, Data: 80 0 0 FF 0 FF 0 0
ID: 316, Data: 85 66 E6 24 67 12 31 7B
ID: 1F1, Data: 80 E6 8A 91 18 98 71 19
ID: 545, Data: 8DC 2A 1 8D B7 5 B7 5
ID: 316, Data: 85 65 62 25 66 12 32 7B
ID: 1F1, Data: 80 18 94 D1 18 9C B1 19
ID: 18F, Data: 8AA 31 0 0 0 0 0 0
ID: 316, Data: 85 65 AA 25 66 12 32 7B
ID: 43F, Data: 843 48 60 FF 87 10 25 0
ID: 316, Data: 85 65 F3 25 66 12 33 7B
ID: 153, Data: 80 0 0 FF 0 FF 0 0
ID: 153, Data: 80 0 0 FF 0 FF 0 0
ID: 316, Data: 85 65 89 26 4F 13 33 7B
ID: 5A0, Data: 80 0 0 90 0 0 0 0
ID: 316, Data: 85 5A C2 26 29 13 34 7B
ID: 153, Data: 80 0 0 FF 0 FF 0 0
ID: 280, Data: 830 0 88 B1 4C 27 68 67
ID: 316, Data: 85 38 F3 25 1B 16 34 7B
ID: 153, Data: 80 0 0 FF 0 FF 0 0
ID: 316, Data: 85 2E 3D 26 1C 17 34 7B
ID: 153, Data: 80 0 0 FF 0 FF 0 0
ID: 316, Data: 85 28 89 26 2C 18 35 7B
ID: 316, Data: 85 28 C2 26 2E 19 35 7B
ID: 43F, Data: 843 48 60 FF 87 28 26 0
ID: 43F, Data: 843 48 60 FF 87 34 26 0
ID: 260, Data: 8B 2B 34 30 3 FF D5 29
ID: 153, Data: 80 0 0 FF 0 FF 0 0
ID: 316, Data: 85 2F 37 27 34 18 35 7B
ID: 153, Data: 80 0 0 FF 0 FF 0 0
ID: 18F, Data: 8AA 31 0 0 0 0 0 0
ID: 316, Data: 85 31 72 27 38 18 35 7B
ID: 316, Data: 85 32 72 27 38 18 35 7B
ID: A1, Data: 881 7D 7E 7E 26 0 0 0
ID: 153, Data: 80 0 0 FF 0 FF 0 0
ID: 316, Data: 85 34 9A 27 39 18 35 7B
ID: 5F0, Data: 20 0
ID: 153, Data: 80 0 0 FF 0 FF 0 0
ID: 316, Data: 85 36 D7 27 39 17 35 7B
ID: 153, Data: 80 0 0 FF 0 FF 0 0
ID: 2A0, Data: 81 26 68 1E 35 0 12 0
ID: 316, Data: 85 37 0 28 38 17 35 7B
ID: 545, Data: 8DC A7 0 8D 36 2 36 2
ID: 153, Data: 80 0 0 FF 0 FF 0 0
ID: 43F, Data: 843 48 60 FF 87 D8 26 0
ID: 153, Data: 80 0 0 FF 0 FF 0 0
ID: 316, Data: 85 38 14 28 38 17 36 7B
ID: 316, Data: 85 38 29 28 38 17 36 7B
ID: 2A0, Data: 8A1 25 68 1E 35 0 12 0
ID: 153, Data: 80 0 0 FF 0 FF 0 0
ID: 5F0, Data: 20 0
ID: 153, Data: 80 0 0 FF 0 FF 0 0
ID: 316, Data: 85 38 3D 28 38 17 36 7B
ID: 5F0, Data: 20 0
ID: 316, Data: 85 38 52 28 38 17 36 7B
ID: 316, Data: 85 38 52 28 38 17 36 7B
ID: 153, Data: 80 0 0 FF 0 FF 0 0
ID: 1F0, Data: 8E 40 59 BF 0 0 0 0
ID: 43F, Data: 843 48 60 FF 86 78 27 0
ID: 153, Data: 80 0 0 FF 0 FF 0 0
ID: 440, Data: 8FE C3 36 A0 FF AA AA AA
ID: 316, Data: 85 28 14 28 C 19 36 7B
ID: 440, Data: 8FE C3 36 A0 FF AA AA AA
ID: 316, Data: 85 22 86 27 D 1A 37 7B
ID: 153, Data: 80 0 0 FF 0 FF 0 0
ID: 43F, Data: 843 48 60 FF 87 68 27 0
ID: 43F, Data: 843 48 60 FF 86 58 27 0
ID: 43F, Data: 843 48 60 FF 86 4C 27 0
ID: 370, Data: 8FF D7 F0 FF FF FF FF FF
ID: 316, Data: 85 1C E9 26 29 1A 37 7B
ID: 43F, Data: 843 48 60 FF 87 38 27 0
ID: 370, Data: 8FF D8 F0 FF FF FF FF FF
ID: A1, Data: 87D 7D 80 7E 18 0 0 0
ID: 153, Data: 80 0 0 FF 0 FF 0 0
ID: 316, Data: 85 25 AE 27 2B 1A 36 7B
ID: 153, Data: 80 0 0 FF 0 FF 0 0
ID: 260, Data: 8B 26 2B 30 3 FF D4 B
ID: 316, Data: 85 27 67 28 2A 19 36 7B
ID: 545, Data: 8DC 78 0 8D F5 0 F5 0
ID: 316, Data: 85 28 29 28 2C 19 36 7B
ID: 1F1, Data: 80 7 AE 1 1B B8 A1 1B
ID: 18F, Data: 8AA 31 0 0 0 0 0 0
ID: 440, Data: 8FE B3 36 A0 FF AA AA AA
ID: A1, Data: 87D 7D 7D 7E 1E 0 0 0
ID: 316, Data: 85 2C 3D 28 30 19 36 7B
ID: 316, Data: 85 2D 67 28 30 19 37 7B
ID: 153, Data: 80 0 0 FF 0 FF 0 0
ID: 316, Data: 85 2E 7C 28 32 19 37 7B
ID: 153, Data: 80 0 0 FF 0 FF 0 0
ID: 545, Data: 8DC 97 0 8D 86 1 86 1
ID: 316, Data: 85 2F 7C 28 32 19 37 7B
ID: 280, Data: 830 0 88 B1 51 1C 68 4A
ID: 43F, Data: 843 48 60 FF 86 A0 27 0
ID: 316, Data: 85 2F 91 28 32 18 37 7B
ID: 316, Data: 85 30 A6 28 32 18 37 7B
ID: 316, Data: 85 30 91 28 32 18 37 7B
ID: 43F, Data: 843 48 60 FF 86 80 27 0
ID: 43F, Data: 843 48 60 FF 86 A4 27 0
ID: A1, Data: 881 7D 81 7E 24 0 0 0
ID: 153, Data: 80 0 0 FF 0 FF 0 0
ID: 316, Data: 85 32 D0 28 31 18 37 7B
ID: 153, Data: 80 0 0 FF 0 FF 0 0
ID: 329, Data: 840 B1 7F 8 11 3C 16 26
ID: 316, Data: 85 31 11 29 34 18 37 7B
ID: A0, Data: 838 7D FB 28 37 33 2 0
ID: 316, Data: 85 31 11 29 36 18 37 7B
ID: 316, Data: 85 32 11 29 37 18 37 7B
ID: 43F, Data: 843 48 60 FF 86 28 28 0
ID: 316, Data: 85 34 26 29 37 18 37 7B
ID: 43F, Data: 843 48 60 FF 86 24 28 0
ID: 43F, Data: 843 48 60 FF 86 2C 28 0
ID: 260, Data: 8B 35 37 30 3 FF D0 11
ID: 153, Data: 80 0 0 FF 0 FF 0 0
ID: 316, Data: 85 36 26 29 36 18 38 7B
ID: 153, Data: 80 0 0 FF 0 FF 0 0
ID: 153, Data: 80 0 0 FF 0 FF 0 0
ID: 329, Data: 8B B1 7F 8 11 3E 1A 26
ID: 316, Data: 85 37 7E 29 36 18 38 7B
ID: 545, Data: 8DC B3 0 8D 2D 2 2D 2
ID: 153, Data: 80 0 0 FF 0 FF 0 0
ID: 316, Data: 85 37 AA 29 F 18 38 7B
ID: 153, Data: 80 0 0 FF 0 FF 0 0
ID: 316, Data: 85 30 94 29 B 18 38 7B
ID: 316, Data: 85 2B 68 29 B 19 38 7B
ID: 329, Data: 8B B1 7F 8 11 34 0 26
ID: 43F, Data: 843 48 60 FF 86 78 28 0
ID: 153, Data: 80 0 0 FF 0 FF 0 0
ID: 329, Data: 840 B1 7F 8 11 32 0 26
ID: 316, Data: 85 1E 7C 28 D 1A 38 7B
ID: 260, Data: 8B 1D E 30 3 FF CB 2C
ID: 43F, Data: 843 48 60 FF 86 40 28 0
ID: 43F, Data: 843 48 60 FF 86 18 28 0
ID: 545, Data: 8DC 49 0 8D F1 FF F1 FF
ID: 316, Data: 85 1A EB 27 22 1A 38 7B
ID: 329, Data: 8B B1 7F 8 11 34 A 26
ID: 43F, Data: 843 48 60 FF 86 60 28 0
ID: 5F0, Data: 20 0
ID: 260, Data: 8B 1F 28 30 3 FF D1 18
ID: 280, Data: 830 0 88 B1 50 13 68 32
ID: 43F, Data: 843 48 60 FF 86 74 28 0
ID: 440, Data: 8FE C3 38 A0 FF AA AA AA
ID: 153, Data: 80 0 0 FF 0 FF 0 0
ID: 153, Data: 80 0 0 FF 0 FF 0 0
ID: 316, Data: 85 28 52 29 2E 1A 38 7B
ID: 153, Data: 80 0 0 FF 0 FF 0 0
ID: 316, Data: 85 2B 52 29 32 19 38 7B
ID: 316, Data: 85 2C 52 29 34 19 38 7B
ID: 18F, Data: 8AA 31 0 0 0 0 0 0
ID: 316, Data: 85 2F 3C 29 34 19 38 7B
ID: 153, Data: 80 0 0 FF 0 FF 0 0
ID: 316, Data: 85 31 7E 29 33 19 38 7B
ID: 1F0, Data: 8C 40 59 BF 0 0 0 0
ID: 280, Data: 830 0 88 B1 53 1E 68 4D
ID: 545, Data: 8DC A6 0 8D D0 1 D0 1
ID: 43F, Data: 843 48 60 FF 87 80 28 0
ID: 43F, Data: 843 48 60 FF 87 84 28 0
ID: 2A0, Data: 8C1 16 68 1E 35 0 12 0
ID: 153, Data: 80 0 0 FF 0 FF 0 0
ID: 316, Data: 85 32 AA 29 33 18 38 7B
ID: 153, Data: 80 0 0 FF 0 FF 0 0
ID: A0, Data: 839 7D AA 29 39 34 2 0
ID: 316, Data: 85 33 D7 29 32 18 38 7B
ID: 18F, Data: 8AA 31 0 0 0 0 0 0
ID: 316, Data: 85 33 D7 29 32 18 38 7B
ID: 153, Data: 80 0 0 FF 0 FF 0 0
ID: 316, Data: 85 33 D7 29 32 18 39 7B
ID: 316, Data: 85 33 D7 29 32 18 39 7B
ID: 545, Data: 8DC A2 0 8D CE 1 CE 1
ID: 43F, Data: 843 48 60 FF 86 0 29 0
ID: 1F1, Data: 80 C3 C2 21 1C CD D1 1C
ID: 153, Data: 80 0 0 FF 0 FF 0 0
ID: 316, Data: 85 27 94 29 C 1A 39 7B
ID: 440, Data: 8FE 63 38 A0 FF AA AA AA
ID: 316, Data: 85 22 26 29 C 1A 39 7B
ID: 153, Data: 80 0 0 FF 0 FF 0 0
ID: 43F, Data: 843 48 60 FF 86 E4 28 0
ID: 153, Data: 80 0 0 FF 0 FF 0 0
ID: 316, Data: 85 1B 91 28 17 1A 39 7B
ID: 316, Data: 85 1A 91 28 18 1A 39 7B
ID: 260, Data: 8B 1A 19 30 3 FF D0 2D
ID: 316, Data: 85 1A 3D 28 1B 1A 39 7B
ID: 316, Data: 85 1A 52 28 1B 1A 39 7B
ID: 153, Data: 80 0 0 FF 0 FF 0 0
ID: 316, Data: 85 1A 7C 28 21 1A 39 7B
ID: 316, Data: 85 1A 91 28 22 1A 39 7B
ID: 280, Data: 830 0 88 B1 51 11 68 2D
ID: 440, Data: 8FE C3 38 A0 FF AA AA AA
ID: 329, Data: 840 B1 7F 8 11 34 0 26
ID: 316, Data: 85 1E D0 28 D 1A 39 7B
ID: 316, Data: 85 1E D0 28 D 1A 39 7B
ID: A1, Data: 879 7D 79 7E 16 0 0 0
ID: 316, Data: 85 1C 7C 28 D 1A 38 7B
ID: 316, Data: 85 1B 52 28 D 1A 38 7B
ID: 153, Data: 80 0 0 FF 0 FF 0 0
ID: 153, Data: 80 0 0 FF 0 FF 0 0
ID: 440, Data: 8FE 13 38 A0 FF AA AA AA
ID: 43F, Data: 843 48 60 FF 86 5C 28 0
ID: 153, Data: 80 0 0 FF 0 FF 0 0
ID: 153, Data: 80 0 0 FF 0 FF 0 0
ID: 316, Data: 85 16 4A 27 E 1A 38 7B
ID: 370, Data: 8FF DE F0 FF FF FF FF FF
ID: 316, Data: 85 14 E9 26 E 1A 38 7B
ID: 153, Data: 80 0 0 FF 0 FF 0 0
ID: 153, Data: 80 0 0 FF 0 FF 0 0
ID: 316, Data: 85 1B FC 26 1C 1A 38 7B
ID: A1, Data: 879 80 79 7E 14 0 0 0
ID: 316, Data: 85 1C AE 27 22 1A 37 7B
ID: 316, Data: 85 1C C2 27 21 1A 37 7B
ID: A0, Data: 81E 7E 9A 27 38 2B 2 0
ID: 43F, Data: 843 48 60 FF 86 C4 27 0
ID: 370, Data: 8FF DE F0 FF FF FF FF FF
ID: A1, Data: 879 7D 79 7E 17 0 0 0
ID: 316, Data: 85 22 D7 27 2C 1A 37 7B
ID: 280, Data: 830 0 88 B1 50 16 68 38
ID: 43F, Data: 843 48 60 FF 86 F8 27 0
ID: 316, Data: 85 27 91 28 2B 1A 37 7B
ID: 153, Data: 80 0 0 FF 0 FF 0 0
ID: 316, Data: 85 28 BB 28 2B 19 37 7B
ID: 153, Data: 80 0 0 FF 0 FF 0 0
ID: 260, Data: 8B 29 2B 30 3 FF D3 18
ID: 316, Data: 85 29 52 28 2B 19 37 7B
ID: A1, Data: 87D 7D 80 7E 1E 0 0 0
ID: 43F, Data: 843 48 60 FF 86 BC 27 0
ID: 153, Data: 80 0 0 FF 0 FF 0 0
ID: 370, Data: 8FF DE F0 FF FF FF FF FF
ID: 329, Data: 8B B1 7F 8 11 39 10 26
ID: 153, Data: 80 0 0 FF 0 FF 0 0
ID: 316, Data: 85 2A 67 28 2B 19 37 7B
ID: 440, Data: 8FE C3 37 A0 FF AA AA AA
ID: 18F, Data: 8AA 31 0 0 0 0 0 0
ID: 316, Data: 85 2A 67 28 2B 19 37 7B
ID: 153, Data: 80 0 0 FF 0 FF 0 0
ID: 280, Data: 830 0 88 B2 50 19 68 42
ID: 316, Data: 85 2A 52 28 2B 19 37 7B
ID: A0, Data: 830 7E 52 28 37 31 2 0
ID: 43F, Data: 843 48 60 FF 86 B0 27 0
ID: 1F1, Data: 80 91 B8 31 1B BD D1 1B
ID: 1F0, Data: 8D 40 59 BF 0 0 0 0
ID: 316, Data: 85 2A 67 28 2B 19 37 7B
ID: 316, Data: 85 2A 67 28 2B 19 37 7B
ID: A1, Data: 880 7D 82 7E 1F 0 0 0
ID: 153, Data: 80 0 0 FF 0 FF 0 0
ID: 43F, Data: 843 48 60 FF 86 D4 27 0
ID: 153, Data: 80 0 0 FF 0 FF 0 0
ID: 316, Data: 85 2B 7C 28 2C 19 37 7B
ID: 316, Data: 85 2B 91 28 2C 19 37 7B
ID: 43F, Data: 843 48 60 FF 86 C8 27 0
ID: 316, Data: 85 2B 7C 28 2D 19 37 7B
ID: 18F, Data: 8AA 31 0 0 0 0 0 0
ID: 153, Data: 80 0 0 FF 0 FF 0 0
ID: 316, Data: 85 2B 7C 28 C 19 37 7B
ID: 2A0, Data: 880 E 68 1E 35 0 12 0
ID: 316, Data: 85 24 52 28 C 1A 37 7B
ID: 316, Data: 85 23 29 28 D 1A 37 7B
ID: 329, Data: 840 B2 7F 8 11 33 0 26
ID: 1F1, Data: 80 6D B1 F1 1A BC F1 1B
ID: 153, Data: 80 0 0 FF 0 FF 0 0
ID: 1F1, Data: 80 8E AF E1 1A BD D1 1B
ID: 316, Data: 85 1B 23 27 D 1A 37 7B
ID: 153, Data: 80 0 0 FF 0 FF 0 0
ID: 316, Data: 85 19 9C 26 E 1A 37 7B
ID: 440, Data: 8FE B3 36 A0 FF AA AA AA
ID: 316, Data: 85 17 3D 26 E 1A 37 7B
ID: 153, Data: 80 0 0 FF 0 FF 0 0
ID: 153, Data: 80 0 0 FF 0 FF 0 0
ID: 316, Data: 85 14 F3 25 E 1A 36 7B
ID: 5F0, Data: 20 0
ID: 316, Data: 85 19 86 25 12 1A 36 7B
ID: 153, Data: 80 0 0 FF 0 FF 0 0
ID: 280, Data: 830 0 88 B2 4C 10 68 2B
ID: 316, Data: 85 1B 3D 26 17 1A 36 7B
ID: 43F, Data: 843 48 60 FF 86 EC 26 0
ID: 316, Data: 85 1B 89 26 17 1A 36 7B
ID: 153, Data: 80 0 0 FF 0 FF 0 0
ID: 153, Data: 80 0 0 FF 0 FF 0 0
ID: 1F0, Data: 8E 40 59 BF 0 0 0 0
ID: A0, Data: 81D 7E 76 26 36 2A 2 0
ID: A0, Data: 81C 7E 9C 26 36 2A 2 0
ID: 153, Data: 80 0 0 FF 0 FF 0 0
ID: 316, Data: 85 1F 76 26 27 1A 36 7B
ID: 43F, Data: 843 48 60 FF 86 A8 26 0
ID: 153, Data: 80 0 0 FF 0 FF 0 0
ID: 153, Data: 80 0 0 FF 0 FF 0 0
ID: 329, Data: 8ED B2 7F 8 11 37 D 26
ID: 43F, Data: 843 48 60 FF 86 E0 26 0
ID: A1, Data: 878 7C 78 7E 1A 0 0 0
ID: 153, Data: 80 0 0 FF 0 FF 0 0
ID: 316, Data: 85 26 4A 27 1B 19 35 7B
ID: 440, Data: 8FE 63 35 A0 FF AA AA AA
ID: 316, Data: 85 26 10 27 D 19 35 7B
ID: 43F, Data: 843 48 60 FF 86 74 26 0
ID: 153, Data: 80 0 0 FF 0 FF 0 0
ID: 440, Data: 8FE B3 35 A0 FF AA AA AA
ID: 260, Data: 8B 20 D 30 3 FF D5 0
ID: 316, Data: 85 1D 50 26 D 1A 35 7B
ID: 316, Data: 85 1C 18 26 E 1A 35 7B
ID: 280, Data: 830 0 84 B2 4B 10 68 2E
ID: 316, Data: 85 1A E0 25 E 1A 35 7B
ID: 316, Data: 85 1A 74 25 E 1A 35 7B
ID: 18F, Data: 8AA 31 0 0 0 0 0 0
ID: 316, Data: 85 18 2C 25 E 1A 35 7B
ID: 43F, Data: 843 48 60 FF 86 14 26 0
ID: 43F, Data: 843 48 60 FF 86 1C 26 0
ID: 2A0, Data: 820 9 68 1E 35 0 12 0
ID: 153, Data: 80 0 0 FF 0 FF 0 0
ID: 316, Data: 85 13 9 24 E 1A 35 7B
ID: 153, Data: 80 0 0 FF 0 FF 0 0
ID: 316, Data: 85 18 A6 23 10 19 35 7B
ID: 153, Data: 80 0 0 FF 0 FF 0 0
ID: 153, Data: 80 0 0 FF 0 FF 0 0
ID: 316, Data: 85 1D E6 24 11 1A 34 7B
ID: 43F, Data: 843 48 60 FF 86 B0 25 0
ID: 280, Data: 830 0 88 B2 4B 11 68 2F
ID: 153, Data: 80 0 0 FF 0 FF 0 0
ID: 316, Data: 85 1B 98 25 14 1A 34 7B
ID: 316, Data: 85 1A 50 25 16 1A 34 7B
ID: A1, Data: 879 7C 79 7E 16 0 0 0
ID: 43F, Data: 843 48 60 FF 86 6C 25 0
ID: 43F, Data: 843 48 60 FF 86 50 25 0
ID: 440, Data: 8FE 13 34 A0 FF AA AA AA
ID: 316, Data: 85 19 F7 24 19 1A 34 7B
ID: 43F, Data: 843 48 60 FF 86 40 25 0
ID: 370, Data: 8FF DE F0 FF FF FF FF FF
ID: 545, Data: 8DC 40 0 8D F5 FF F5 FF
ID: 316, Data: 85 19 D5 24 19 1A 34 7B
ID: A0, Data: 81B 7E C3 24 34 29 2 0
ID: 316, Data: 85 19 C3 24 E 1A 33 7B
ID: 316, Data: 85 19 B2 24 E 1A 33 7B
ID: A0, Data: 81C 7E 90 24 34 29 2 0
ID: 153, Data: 80 0 0 FF 0 FF 0 0
ID: 153, Data: 80 0 0 FF 0 FF 0 0
ID: 1F0, Data: 8C 40 59 BF 0 0 0 0
ID: 2A0, Data: 820 7 68 1E 35 0 12 0
ID: A1, Data: 878 7D 79 80 15 0 0 0
ID: 43F, Data: 843 48 60 FF 86 BC 24 0
ID: 43F, Data: 843 48 60 FF 86 A4 24 0
ID: 316, Data: 85 17 9 24 E 1A 33 7B
ID: 153, Data: 80 0 0 FF 0 FF 0 0
ID: 316, Data: 85 15 96 23 E 1A 33 7B
ID: 153, Data: 80 0 0 FF 0 FF 0 0
ID: 316, Data: 85 14 36 23 F 1A 32 7B
ID: 153, Data: 80 0 0 FF 0 FF 0 0
ID: 153, Data: 80 0 0 FF 0 FF 0 0
ID: 316, Data: 85 12 9A 22 F 19 32 7B
ID: 43F, Data: 843 48 60 FF 86 8 24 0
ID: 43F, Data: 843 48 60 FF 86 4 24 0
ID: 280, Data: 830 0 84 B2 44 11 68 31
ID: 153, Data: 80 0 0 FF 0 FF 0 0
ID: 316, Data: 85 15 C8 21 F 19 32 7B
ID: 153, Data: 80 0 0 FF 0 FF 0 0
ID: 316, Data: 85 16 D7 21 E 19 32 7B
ID: 316, Data: 85 16 D7 21 F 19 32 7B
ID: 316, Data: 85 16 3 22 E 19 32 7B
ID: 1F0, Data: 8D 40 59 BF 0 0 0 0
ID: 153, Data: 80 0 0 FF 0 FF 0 0
ID: 316, Data: 85 16 AB 21 F 19 31 7B
ID: A0, Data: 824 7E F4 21 32 2B 2 0
ID: 153, Data: 80 0 0 FF 0 FF 0 0
ID: 316, Data: 85 16 80 21 F 19 31 7B
ID: 153, Data: 80 0 0 FF 0 FF 0 0
ID: 316, Data: 8D 16 47 21 F 19 31 7B
ID: 1F1, Data: 80 90 7E 11 18 88 91 18
ID: 153, Data: 80 0 0 FF 0 FF 0 0
ID: 316, Data: 8D 12 0 21 F 19 31 7B
ID: A1, Data: 880 80 80 7E 19 0 0 0
ID: 316, Data: 8D 12 A0 20 F 19 30 7B
ID: 153, Data: 80 0 0 FF 0 FF 0 0
ID: 316, Data: 8D E 77 20 F 19 30 7B
ID: 316, Data: 8D E 5C 20 F 19 30 7B
ID: 153, Data: 80 0 0 FF 0 FF 0 0
ID: 545, Data: 8DC 25 0 8D 6 FF 6 FF
ID: 43F, Data: 843 48 60 FF 86 64 22 0
ID: 370, Data: 8FF DE F0 FF FF FF FF FF
ID: 153, Data: 80 0 0 FF 0 FF 0 0
ID: 329, Data: 884 B2 7F 8 11 32 0 26
ID: 316, Data: 8D 3 E 21 F 19 2F 7B
ID: A1, Data: 880 80 80 7E 1A 0 0 0
ID: A1, Data: 880 80 80 7E 1A 0 0 0
ID: 153, Data: 80 0 0 FF 0 FF 0 0
ID: 153, Data: 80 0 0 FF 0 FF 0 0
ID: 2A0, Data: 8E0 4 68 1E 35 0 12 0
ID: 316, Data: 8D 0 80 21 E 19 2F 7B
ID: 18F, Data: 8AA 31 0 0 0 0 0 0
ID: 370, Data: 8FF DE F0 FF FF FF FF FF
ID: 260, Data: 80 0 E 30 3 FF 55 31
ID: 5F0, Data: 20 0
ID: 153, Data: 80 0 0 FF 0 FF 0 0
ID: 316, Data: 8D 0 E5 20 E 18 2E 7B
ID: 5F0, Data: 20 0
ID: 316, Data: 8D 0 77 20 E 18 2E 7B
ID: 153, Data: 80 0 0 FF 0 FF 0 0
ID: 316, Data: 8D 0 42 20 E 18 2E 7B
ID: 153, Data: 80 0 0 FF 0 FF 0 0
ID: 316, Data: 8D 0 D 20 E 18 2E 7B
ID: 440, Data: 8FE B3 2D A0 FF AA AA AA
ID: 43F, Data: 843 48 60 FF 86 B0 20 0
ID: 5F0, Data: 20 0
ID: 153, Data: 80 0 0 FF 0 FF 0 0
ID: 43F, Data: 843 48 60 FF 86 6C 20 0
ID: 153, Data: 80 0 0 FF 0 FF 0 0
ID: 43F, Data: 843 48 60 FF 86 54 20 0
ID: 153, Data: 80 0 0 FF 0 FF 0 0
ID: 260, Data: 80 0 F 30 3 FF 50 17
ID: 316, Data: 8D 0 72 1F E 18 2D 7B
ID: 329, Data: 8ED B2 7F 8 11 34 0 26
ID: A0, Data: 829 7E 59 1F 2D 2B 4 0
ID: 153, Data: 80 0 0 FF 0 FF 0 0
ID: 43F, Data: 843 48 60 FF 86 D0 1F 0
ID: 153, Data: 80 0 0 FF 0 FF 0 0
ID: 1F1, Data: 80 39 5C C1 15 62 41 16
ID: 316, Data: 8D 0 1 1F F 18 2C 7B
ID: A0, Data: 829 7E F5 1E 2C 2B 4 0
ID: A1, Data: 880 80 80 7E 1D 0 0 0
ID: 153, Data: 80 0 0 FF 0 FF 0 0
ID: 43F, Data: 843 48 60 FF 86 48 1F 0
ID: A1, Data: 880 80 80 7E 1D 0 0 0
ID: 43F, Data: 843 48 60 FF 86 1C 1F 0
ID: 316, Data: 8D 0 70 1E F 18 2B 7B
ID: 43F, Data: 843 48 60 FF 86 8 1F 0
ID: 153, Data: 80 0 0 FF 0 FF 0 0
ID: 316, Data: 8D 0 36 1E F 18 2B 7B
ID: 153, Data: 80 0 0 FF 0 FF 0 0
ID: 316, Data: 8D 0 1E 1E F 18 2B 7B
ID: 153, Data: 80 0 0 FF 0 FF 0 0
ID: 43F, Data: 843 48 60 FF 86 A0 1E 0
ID: 316, Data: 8D 0 F0 1D F 18 2A 7B
ID: 316, Data: 8D 0 D9 1D F 18 2A 7B
ID: A1, Data: 880 80 80 7E 1C 0 0 0
ID: 440, Data: 8FE 63 2A A0 FF AA AA AA
ID: 43F, Data: 843 48 60 FF 86 44 1E 0
ID: 280, Data: 830 0 20 B2 3A 14 68 3C
ID: 153, Data: 80 0 0 FF 0 FF 0 0
ID: 316, Data: 8D 0 53 1D F 18 2A 7B
ID: 316, Data: 8D 0 3D 1D F 18 2A 7B
ID: 1F0, Data: 8C 40 59 BF 0 0 0 0
ID: 260, Data: 80 0 F 30 3 FF 4E 38
ID: 545, Data: 8DC 0 0 8D 4C FE 4C FE
ID: 260, Data: 80 0 F 30 3 FF 4E 1A
ID: 153, Data: 80 0 0 FF 0 FF 0 0
ID: 153, Data: 80 0 0 FF 0 FF 0 0
ID: 153, Data: 80 0 0 FF 0 FF 0 0
ID: 440, Data: 8FE 63 28 A0 FF AA AA AA
ID: 316, Data: 8D 0 92 1C F 18 29 7B
ID: 153, Data: 80 0 0 FF 0 FF 0 0
ID: 316, Data: 8D 0 68 1C F 18 28 7B
ID: 440, Data: 8FE 63 28 A0 FF AA AA AA
ID: 153, Data: 80 0 0 FF 0 FF 0 0
ID: 153, Data: 80 0 0 FF 0 FF 0 0
ID: 280, Data: 830 0 20 B2 37 14 68 3A
ID: 43F, Data: 843 48 60 FF 86 5C 1C 0
ID: A0, Data: 827 7E F8 1B 28 2A 4 0
ID: 153, Data: 80 0 0 FF 0 FF 0 0
ID: 316, Data: 8D 0 5C 1B 10 18 27 7B
ID: 1F0, Data: 8C 40 59 BF 0 0 0 0
ID: 316, Data: 8D 0 10 1B 10 18 27 7B
ID: 316, Data: 8D 0 F4 1A 10 18 26 7B
ID: 153, Data: 80 0 0 FF 0 FF 0 0
ID: 316, Data: 8D 0 86 1A 10 18 26 7B
ID: 153, Data: 80 0 0 FF 0 FF 0 0
ID: 316, Data: 8D 0 3F 1A 10 18 26 7B
ID: 316, Data: 8D 0 1C 1A 10 18 25 7B
ID: 153, Data: 80 0 0 FF 0 FF 0 0
ID: 18F, Data: 8AA 31 0 0 0 0 0 0
ID: 329, Data: 8ED B2 7F 8 12 30 0 26
ID: 316, Data: 8D 0 82 19 10 18 25 7B
ID: 2A0, Data: 880 2 68 1E 35 0 12 0
ID: 153, Data: 80 0 0 FF 0 FF 0 0
ID: 316, Data: 8D 0 F0 18 10 18 24 7B
ID: 440, Data: 8FE 63 23 A0 FF AA AA AA
ID: 316, Data: 8D 0 A1 18 10 18 23 7B
ID: 153, Data: 80 0 0 FF 0 FF 0 0
ID: 43F, Data: 843 48 60 FF 86 D4 18 0
ID: 43F, Data: 843 48 60 FF 86 AC 18 0
ID: 316, Data: 8D 0 E5 17 11 18 22 7B
ID: 316, Data: 8D 0 C0 17 11 18 22 7B
ID: 316, Data: 8D 0 95 17 11 18 22 7B
ID: 329, Data: 840 B2 7F 8 12 2F 0 26
ID: 43F, Data: 843 48 60 FF 86 E0 17 0
ID: 43F, Data: 843 48 60 FF 86 B4 17 0
ID: 43F, Data: 843 48 60 FF 86 98 17 0
ID: 316, Data: 8D 0 D4 16 11 18 21 7B
ID: 280, Data: 830 0 20 B2 2D 14 68 3A
ID: 43F, Data: 843 48 60 FF 86 18 17 0
ID: 43F, Data: 843 48 60 FF 86 F8 16 0
ID: A1, Data: 880 80 80 7E 1B 0 0 0
ID: 316, Data: 8D 0 0 16 12 18 20 7B
ID: 316, Data: 8D 0 DB 15 12 18 20 7B
ID: 153, Data: 80 0 0 FF 0 FF 0 0
ID: 153, Data: 80 0 0 FF 0 FF 0 0
ID: 2A0, Data: 8E0 1 68 1E 35 0 12 0
ID: 316, Data: 8D 0 58 15 12 18 1F 7B
ID: 545, Data: 8DC 0 0 8D 51 FE 51 FE
ID: 153, Data: 80 0 0 FF 0 FF 0 0
ID: 316, Data: 8D 0 DA 14 13 18 1E 7B
ID: 153, Data: 80 0 0 FF 0 FF 0 0
ID: 316, Data: 8D 0 8E 14 13 18 1E 7B
ID: 153, Data: 80 0 0 FF 0 FF 0 0
ID: 316, Data: 8D 0 3E 14 13 18 1E 7B
ID: 5F0, Data: 20 0
ID: 545, Data: 8DC 0 0 8D 51 FE 51 FE
ID: 280, Data: 830 0 20 B2 27 13 68 3A
ID: 43F, Data: 843 48 60 FF 86 78 14 0
ID: 43F, Data: 843 48 60 FF 86 4C 14 0
ID: 18F, Data: 8AA 31 0 0 0 0 0 0
ID: 316, Data: 8D 0 28 13 14 18 1D 7B
ID: 1F0, Data: 834 40 59 BF 0 0 0 0
ID: 153, Data: 80 0 0 FF 0 FF 0 0
ID: 316, Data: 8D 0 AC 12 15 18 1C 7B
ID: 153, Data: 80 0 0 FF 0 FF 0 0
ID: 329, Data: 8B B2 7F 8 12 2D 0 26
ID: 43F, Data: 843 48 60 FF 86 44 13 0
ID: 316, Data: 8D 0 19 12 15 18 1C 7B
ID: 316, Data: 8D 0 F4 11 16 18 1C 7B
ID: 316, Data: 8D 0 CB 11 1E 18 1B 7B
ID: 2A0, Data: 840 1 68 1E 35 0 12 0
ID: 153, Data: 80 0 0 FF 0 FF 0 0
ID: 153, Data: 80 0 0 FF 0 FF 0 0
ID: 43F, Data: 843 48 60 FF 86 54 12 0
ID: 260, Data: 80 0 1E 30 3 FF 44 23
ID: 316, Data: 8D 0 60 11 1E 19 1B 7B
ID: 316, Data: 8D 0 4D 11 1E 19 1A 7B
ID: A0, Data: 82A 7E 60 11 1B 26 4 0
ID: 43F, Data: 843 48 60 FF 86 D4 11 0
ID: 370, Data: 8FF E0 F0 FF FF FF FF FF
ID: 260, Data: 80 0 1E 38 3 FF 44 2B
ID: 316, Data: 8D 0 18 11 1E 19 1A 7B
ID: 316, Data: 8D 0 9 11 1E 19 19 7B
ID: 153, Data: 80 0 0 FF 0 FF 0 0
ID: 153, Data: 80 0 0 FF 0 FF 0 0
ID: A1, Data: 880 80 80 7E 1E 0 0 0
ID: 545, Data: 8DC 0 0 8C 42 FE 42 FE
ID: 260, Data: 8B 5 1F 30 3 FF 49 2D
ID: 316, Data: 85 A 45 10 1E 19 19 7B
ID: 153, Data: 80 0 0 FF 0 FF 0 0
ID: 316, Data: 85 F F2 F 1F 19 18 7B
ID: 316, Data: 85 14 31 10 1F 19 18 7B
ID: 316, Data: 85 19 EF F 1F 19 18 7B
ID: 43F, Data: 843 48 60 FF 86 68 10 0
ID: 43F, Data: 843 48 60 FF 86 60 10 0
ID: 18F, Data: 8AA 31 0 0 0 0 0 0
ID: 316, Data: 85 1F 6B F 20 19 18 7B
ID: 153, Data: 80 0 0 FF 0 FF 0 0
ID: 316, Data: 85 1F D6 E 21 19 18 7B
ID: 153, Data: 80 0 0 FF 0 FF 0 0
ID: 316, Data: 85 1F 18 F 21 19 17 7B
ID: 440, Data: 8FE 63 16 A0 FF AA AA AA
ID: 316, Data: 85 1F CA E 21 19 17 7B
ID: 316, Data: 85 1F 6 F 21 19 17 7B
ID: 316, Data: 85 1F F5 E 21 19 17 7B
ID: 280, Data: 830 0 84 B2 1E 17 68 43
ID: 43F, Data: 843 48 60 FF 86 94 F 0
ID: 316, Data: 85 1F 23 F 20 19 17 7B
ID: 260, Data: 8B 1F 21 30 3 FF 4F B
ID: 1F1, Data: 80 B1 A1 80 B A0 90 B
ID: 153, Data: 80 0 0 FF 0 FF 0 0
ID: 316, Data: 85 1F 3B F 20 19 17 7B
ID: 153, Data: 80 0 0 FF 0 FF 0 0
ID: 280, Data: 830 0 84 B2 1E 17 68 43
ID: 316, Data: 85 1F 2C F 17 19 16 7B
ID: 43F, Data: 83 48 60 FF 87 40 F 0
ID: 43F, Data: 83 48 60 FF 87 20 F 0
ID: 316, Data: 85 1D 6E E 18 1A 16 7B
ID: 329, Data: 840 B2 7F 8 12 2B 0 26
ID: 370, Data: 8FF E0 F0 FF FF FF FF FF
ID: 153, Data: 80 0 0 FF 0 FF 0 0
ID: 153, Data: 80 0 0 FF 0 FF 0 0
ID: 280, Data: 830 0 84 B2 1B 15 68 3F
ID: 370, Data: 8FF E0 F0 FF FF FF FF FF
ID: 153, Data: 80 0 0 FF 0 FF 0 0
ID: 316, Data: 85 1A 7A D 1C 1B 16 7B
ID: 316, Data: 85 1A 5E D 1D 1B 16 7B
ID: 329, Data: 884 B2 7F 8 12 2B 0 26
ID: 43F, Data: 83 48 60 FF 86 A8 E 0
ID: 43F, Data: 83 48 60 FF 87 9C E 0
ID: 43F, Data: 83 48 60 FF 86 80 E 0
ID: 280, Data: 830 0 84 B2 19 15 68 40
ID: A1, Data: 891 80 91 7E 1E 0 0 0
ID: 153, Data: 80 0 0 FF 0 FF 0 0
ID: 316, Data: 85 1C A6 C 1E 1B 15 7B
ID: 43F, Data: 83 48 60 FF 86 14 E 0
ID: 316, Data: 85 1D 92 C 1E 1B 15 7B
ID: 545, Data: 8DC 27 0 8C 23 0 23 0
ID: 153, Data: 80 0 0 FF 0 FF 0 0
ID: 316, Data: 85 1D AA C 1D 1B 14 7B
ID: 18F, Data: 8AA 31 0 0 0 0 0 0
ID: 316, Data: 85 1D AA C 1D 1B 14 7B
ID: 153, Data: 80 0 0 FF 0 FF 0 0
ID: 316, Data: 85 1D AA C 1D 1B 14 7B
ID: 43F, Data: 83 48 60 FF 86 14 D 0
ID: 316, Data: 85 1D A8 C 1D 1B 13 7B
ID: 260, Data: 8B 1D 1D 30 3 FF 58 17
ID: 153, Data: 80 0 0 FF 0 FF 0 0
ID: 153, Data: 80 0 0 FF 0 FF 0 0
ID: 316, Data: 85 1D 88 C 1D 1B 12 7B
ID: 370, Data: 8FF E0 F0 FF FF FF FF FF
ID: 316, Data: 85 1D 84 C 1D 1B 12 7B
ID: 153, Data: 80 0 0 FF 0 FF 0 0
ID: 153, Data: 80 0 0 FF 0 FF 0 0
ID: 153, Data: 80 0 0 FF 0 FF 0 0
ID: 260, Data: 8B 1D 1E 30 3 FF 5A 32
ID: 316, Data: 85 1D E0 B 1E 1B 10 7B
ID: 43F, Data: 83 48 60 FF 86 B0 A 0
ID: 316, Data: 85 1D 76 B 1F 1A 10 7B
ID: 316, Data: 85 1D 1F B 1F 1A F 7B
ID: 260, Data: 8B 1E 20 30 3 FF 5C 1E
ID: 1F1, Data: 80 8B 67 20 7 68 20 7
ID: 153, Data: 80 0 0 FF 0 FF 0 0
ID: 316, Data: 85 1E 8C A 20 1A E 7B
ID: 316, Data: 85 1E 40 A 21 1A E 7B
ID: 153, Data: 80 0 0 FF 0 FF 0 0
ID: 329, Data: 8B B2 7F 8 12 2A 0 26
ID: 316, Data: 85 20 F7 9 21 19 D 7B
ID: 329, Data: 840 B2 7F 8 12 2A 0 26
ID: A0, Data: 837 7E EC 9 D 23 2 0
ID: 153, Data: 80 0 0 FF 0 FF 0 0
ID: 316, Data: 85 22 BB 9 21 19 C 7B
ID: 18F, Data: 8AA 31 0 0 0 0 0 0
ID: 316, Data: 85 22 91 9 22 19 B 7B
ID: A1, Data: 888 80 88 7E 23 0 0 0
ID: 440, Data: 8FE 13 A A0 FF AA AA AA
ID: 43F, Data: 83 48 60 FF 86 BC 7 0
ID: 316, Data: 85 23 EF 9 20 19 B 7B
ID: 260, Data: 8B 23 21 30 3 FF 62 10
ID: 153, Data: 80 0 0 FF 0 FF 0 0
ID: 153, Data: 80 0 0 FF 0 FF 0 0
ID: 1F0, Data: 850 40 59 BF 0 0 0 0
ID: A1, Data: 888 80 86 7E 23 0 0 0
ID: 43F, Data: 83 48 60 FF 86 64 7 0
ID: 43F, Data: 83 48 60 FF 86 58 7 0
ID: 43F, Data: 83 48 60 FF 86 48 7 0
ID: 440, Data: 8FE 13 A A0 FF AA AA AA
ID: 316, Data: 85 21 28 A 20 19 A 7B
ID: 316, Data: 85 21 39 A 1F 19 A 7B
ID: 153, Data: 80 0 0 FF 0 FF 0 0
ID: 316, Data: 85 21 28 A 1F 19 A 7B
ID: 316, Data: 85 21 2C A 1F 19 A 7B
ID: 153, Data: 80 0 0 FF 0 FF 0 0
ID: 316, Data: 85 27 1D A 22 19 A 7B
ID: 153, Data: 80 0 0 FF 0 FF 0 0
ID: 316, Data: 85 27 3C A 2C 19 A 7B
ID: 43F, Data: 8A 48 60 FF 86 B0 8 0
ID: 153, Data: 80 0 0 FF 0 FF 0 0
ID: 2A0, Data: 861 0 69 1E 35 0 12 0
ID: 316, Data: 85 27 8 B 2C 1A A 7B
ID: 2A0, Data: 8A1 0 69 1E 35 0 12 0
ID: 18F, Data: 8AA 31 0 0 0 0 0 0
ID: 43F, Data: 82 48 60 FF 86 B0 A 0
ID: 2A0, Data: 81 0 69 1E 35 0 12 0
ID: 153, Data: 80 0 0 FF 0 FF 0 0
ID: 316, Data: 85 2A CD C 45 1A 9 7B
ID: A0, Data: 83B 7E DE C A 28 2 0
ID: A1, Data: 884 7E 82 7E 23 0 0 0
ID: A0, Data: 83B 7E DE C A 28 2 0
ID: 153, Data: 80 0 0 FF 0 FF 0 0
ID: 43F, Data: 82 48 60 FF 86 2C A 0
ID: 545, Data: 8DC 39 0 8D 10 2 10 2
ID: 153, Data: 80 0 0 FF 0 FF 0 0
ID: 153, Data: 80 0 0 FF 0 FF 0 0
ID: 18F, Data: 8AA 31 0 0 0 0 0 0
ID: 280, Data: 830 0 88 B2 1E 25 69 5F
ID: 440, Data: 8ED 72 9 A0 FF AA AA AA
ID: 153, Data: 80 0 0 FF 0 FF 0 0
ID: 316, Data: 85 41 EF 10 52 16 9 7B
ID: 316, Data: 85 41 6B 11 53 15 9 7B
ID: 316, Data: 85 43 DB 11 53 15 9 7B
ID: A0, Data: 853 7E EF 10 9 2D 2 0
ID: 43F, Data: 82 48 60 FF 86 98 A 0
ID: 153, Data: 80 0 0 FF 0 FF 0 0
ID: 316, Data: 85 4A 96 13 59 14 9 7B
ID: 1F1, Data: 80 3 48 10 5 4A 30 5
ID: 153, Data: 80 0 0 FF 0 FF 0 0
ID: 316, Data: 85 4E EB 14 56 13 A 7B
ID: 153, Data: 80 0 0 FF 0 FF 0 0
ID: 280, Data: 830 0 88 B2 2B 30 69 76
ID: 316, Data: 85 4D 3F 16 4E 13 A 7B
ID: 43F, Data: 82 48 60 FF 86 B4 B 0
ID: 43F, Data: 82 48 60 FF 86 10 C 0
ID: 316, Data: 85 4C A 17 4D 13 A 7B
ID: 329, Data: 8ED B2 7F 8 11 3A 21 26
ID: A1, Data: 887 7C 86 7E 3A 0 0 0
ID: 153, Data: 80 0 0 FF 0 FF 0 0
ID: 316, Data: 85 4A 41 17 4E 13 B 7B
ID: 43F, Data: 82 48 60 FF 86 8 D 0
ID: 43F, Data: 82 48 60 FF 86 3C D 0
ID: 43F, Data: 82 48 60 FF 86 70 D 0
ID: 43F, Data: 82 48 60 FF 86 B4 D 0
ID: 43F, Data: 82 48 60 FF 86 CC D 0
ID: 153, Data: 80 0 0 FF 0 FF 0 0
ID: 316, Data: 85 4A 5D 17 4E 12 C 7B
ID: 43F, Data: 82 48 60 FF 86 50 E 0
ID: 153, Data: 80 0 0 FF 0 FF 0 0
ID: 316, Data: 85 4B 64 17 4E 12 D 7B
ID: 153, Data: 80 0 0 FF 0 FF 0 0
ID: 43F, Data: 82 48 60 FF 86 24 F 0
ID: 316, Data: 85 4B AB 17 31 12 D 7B
ID: 280, Data: 830 0 88 B2 2F 2D 69 81
ID: 153, Data: 80 0 0 FF 0 FF 0 0
ID: 316, Data: 85 44 CF 17 B 13 E 7B
ID: 370, Data: 8FF E0 F0 FF FF FF FF FF
ID: 316, Data: 85 3A 72 17 D 14 E 7B
ID: 153, Data: 80 0 0 FF 0 FF 0 0
ID: 316, Data: 85 2F 58 16 F 16 F 7B
ID: 153, Data: 80 0 0 FF 0 FF 0 0
ID: 316, Data: 85 27 BF 14 17 16 F 7B
ID: 440, Data: 8FE 82 E A0 FF AA AA AA
ID: 153, Data: 80 0 0 FF 0 FF 0 0
ID: A0, Data: 821 7E 1E 13 10 24 2 0
ID: 316, Data: 85 1F 54 12 1C 18 F 7B
ID: A0, Data: 821 7E 1E 13 10 24 2 0
ID: 153, Data: 80 0 0 FF 0 FF 0 0
ID: 153, Data: 80 0 0 FF 0 FF 0 0
ID: 316, Data: 85 1B 38 10 20 19 10 7B
ID: 43F, Data: 82 48 60 FF 86 D8 F 0
ID: 316, Data: 85 1A CF F 20 19 F 7B
ID: 316, Data: 85 1B 96 F 21 19 F 7B
ID: 1F1, Data: 80 79 6A F0 7 66 D0 7
ID: 153, Data: 80 0 0 FF 0 FF 0 0
ID: 153, Data: 80 0 0 FF 0 FF 0 0
ID: A1, Data: 887 80 82 7E 1E 0 0 0
ID: 2A0, Data: 880 A 69 1E 35 0 12 0
ID: 260, Data: 8B 1E 20 30 3 FF 75 13
ID: 43F, Data: 82 48 60 FF 86 F4 E 0
ID: 153, Data: 80 0 0 FF 0 FF 0 0
ID: 316, Data: 85 1E 93 F 20 19 F 7B
ID: 153, Data: 80 0 0 FF 0 FF 0 0
ID: 43F, Data: 82 48 60 FF 86 6C E 0
ID: 316, Data: 85 1E 4A F 20 19 F 7B
ID: 153, Data: 80 0 0 FF 0 FF 0 0
ID: 280, Data: 830 0 84 B2 1E 17 69 43
ID: 153, Data: 80 0 0 FF 0 FF 0 0
ID: 43F, Data: 82 48 60 FF 86 F4 D 0
ID: 545, Data: 8DC 2C 0 8A 7C 0 7C 0
ID: 18F, Data: 8AA 31 0 0 0 0 0 0
ID: 153, Data: 80 0 0 FF 0 FF 0 0
ID: 153, Data: 80 0 0 FF 0 FF 0 0
ID: 280, Data: 830 0 84 B3 1C 18 69 46
ID: 43F, Data: 82 48 60 FF 86 B0 C 0
ID: 260, Data: 8B 21 19 30 3 FF 68 33
ID: 153, Data: 80 0 0 FF 0 FF 0 0
ID: 153, Data: 80 0 0 FF 0 FF 0 0
ID: 316, Data: 85 1F 2A D 1A 1A D 7B
ID: 43F, Data: 82 48 60 FF 86 D8 B 0
ID: 43F, Data: 82 48 60 FF 86 B4 B 0
ID: 43F, Data: 82 48 60 FF 86 84 B 0
ID: 440, Data: 8FE 72 A A0 FF AA AA AA
ID: 440, Data: 8FE 72 A A0 FF AA AA AA
ID: 153, Data: 80 0 0 FF 0 FF 0 0
ID: 545, Data: 8DC 27 0 8C 5E 0 5E 0
ID: 316, Data: 85 20 45 C 29 1A B 7B
ID: 280, Data: 830 0 84 B3 18 19 69 47
ID: 153, Data: 80 0 0 FF 0 FF 0 0
ID: 153, Data: 80 0 0 FF 0 FF 0 0
ID: 316, Data: 85 24 F8 B 29 1A A 7B
ID: A0, Data: 83C 7E F6 B A 26 2 0
ID: 153, Data: 80 0 0 FF 0 FF 0 0
ID: 153, Data: 80 0 0 FF 0 FF 0 0
ID: 260, Data: 8B 26 29 30 3 FF 73 4
ID: 329, Data: 8B B3 7F 8 12 2D 0 26
ID: 260, Data: 8B 27 29 30 3 FF 73 21
ID: 5A0, Data: 80 0 0 90 0 0 0 0
ID: 43F, Data: 82 48 60 FF 86 98 7 0
ID: 153, Data: 80 0 0 FF 0 FF 0 0
ID: 316, Data: 85 27 F9 B 1C 19 7 7B
ID: 153, Data: 80 0 0 FF 0 FF 0 0
ID: 316, Data: 85 25 A5 B 1D 19 6 7B
ID: 153, Data: 80 0 0 FF 0 FF 0 0
ID: 316, Data: 85 23 E2 B 1E 1A 6 7B
ID: 43F, Data: 82 48 60 FF 86 A4 5 0
ID: 370, Data: 8FF E0 F0 FF FF FF FF FF
ID: 440, Data: 8D4 22 5 A0 FF AA AA AA
ID: 153, Data: 80 0 0 FF 0 FF 0 0
ID: 153, Data: 80 0 0 FF 0 FF 0 0
ID: 316, Data: 85 1F 68 B 20 1A 4 7B
ID: 153, Data: 80 0 0 FF 0 FF 0 0
ID: 316, Data: 85 1F 1A B 21 1A 4 7B
ID: 43F, Data: 82 48 60 FF 86 88 3 0
ID: 370, Data: 8FF E0 F0 FF FF FF FF FF
ID: 316, Data: 85 20 FD A 21 1A 3 7B
ID: 153, Data: 80 0 0 FF 0 FF 0 0
ID: 316, Data: 85 20 F5 A 21 1A 3 7B
ID: A1, Data: 890 80 8E 80 22 0 0 0
ID: 153, Data: 80 0 0 FF 0 FF 0 0
ID: 316, Data: 85 21 F0 A 21 1A 2 7B
ID: 43F, Data: 89 48 60 FF 86 80 1 0
ID: 370, Data: 8FF E0 F0 FF FF FF FF FF
ID: 153, Data: 80 0 0 FF 0 FF 0 0
ID: 316, Data: 85 21 FD A 21 1A 1 7B
ID: 2A0, Data: 840 4 69 1F 35 0 13 0
ID: 260, Data: 8B 22 21 30 3 FF 77 39
ID: 316, Data: 85 21 1 B 20 1A 1 7B
ID: 316, Data: 85 21 0 B 20 1A 1 7B
ID: 316, Data: 85 21 3 B 20 1A 1 7B
ID: 316, Data: 85 21 F8 A 20 1A 1 7B
ID: 316, Data: 85 21 F7 A 20 1A 1 7B
ID: 18F, Data: 8AA 31 0 0 0 0 0 0
ID: 153, Data: 80 0 0 FF 0 FF 0 0
ID: 260, Data: 8B 21 21 30 3 FF 74 0
ID: 316, Data: 85 21 E6 A 20 1A 0 7B
ID: 280, Data: 830 0 84 B3 15 18 69 48
ID: 440, Data: 8A7 22 0 A0 FF AA AA AA
ID: 153, Data: 80 0 0 FF 0 FF 0 0
ID: A1, Data: 890 80 8A 80 22 0 0 0
ID: 280, Data: 830 0 84 B3 15 18 69 48
ID: 545, Data: 8DC 24 0 8D 7C 0 7C 0
ID: 316, Data: 85 21 A9 A 18 19 0 7B
ID: 153, Data: 80 0 0 FF 0 FF 0 0
ID: 316, Data: 85 21 BC A 18 1A 0 7B
ID: 316, Data: 85 20 A6 A 18 1A 0 7B
ID: 316, Data: 85 1F B0 A 18 1A 0 7B
ID: 260, Data: 8B 1F 18 30 3 FF 74 3A
ID: 153, Data: 80 0 0 FF 0 FF 0 0
ID: 43F, Data: 80 40 60 FF 86 BC B 0
ID: 153, Data: 80 0 0 FF 0 FF 0 0
ID: 316, Data: 85 1C B5 B 18 1A 0 7B
ID: 5F0, Data: 20 0
ID: 153, Data: 80 0 0 FF 0 FF 0 0
ID: 153, Data: 80 0 0 FF 0 FF 0 0
ID: 153, Data: 80 0 0 FF 0 FF 0 0
ID: 440, Data: 8FE 0 0 A0 FF AA AA AA
ID: 1F0, Data: 815 40 59 BF 0 0 0 0
ID: 153, Data: 80 0 0 FF 0 FF 0 0
ID: 43F, Data: 80 40 60 FF 86 B4 B 0
ID: 2A0, Data: 840 3 69 1F 35 0 13 0
ID: 153, Data: 80 0 0 FF 0 FF 0 0
ID: 43F, Data: 80 40 60 FF 86 74 B 0
ID: 153, Data: 80 0 0 FF 0 FF 0 0
ID: 153, Data: 80 0 0 FF 0 FF 0 0
ID: 153, Data: 80 0 0 FF 0 FF 0 0
ID: 280, Data: 830 0 84 B3 16 14 69 3E
ID: 316, Data: 85 19 65 B 18 1B 0 7B
ID: 43F, Data: 80 40 60 FF 86 50 B 0
ID: 153, Data: 80 0 0 FF 0 FF 0 0
ID: 316, Data: 85 19 42 B 19 1B 0 7B
ID: 43F, Data: 80 40 60 FF 87 24 B 0
ID: 370, Data: 8FF E0 F0 F0 FF FF FF FF
ID: 316, Data: 85 19 1A B 19 1B 0 7B
ID: 153, Data: 80 0 0 FF 0 FF 0 0
ID: 316, Data: 85 19 F3 A 19 1B 0 7B
ID: 153, Data: 80 0 0 FF 0 FF 0 0
ID: 316, Data: 85 19 A9 A 19 1A 0 7B
ID: 440, Data: 8FE F0 0 A0 FF AA AA AA
ID: 153, Data: 80 0 0 FF 0 FF 0 0
ID: 545, Data: 8DC 1D 0 8D EA FF EA FF
ID: 316, Data: 85 19 BD A 19 1A 0 7B
ID: 316, Data: 85 19 CB A 19 1B 0 7B
ID: 316, Data: 85 19 C6 A 17 1B 0 7B
ID: 153, Data: 80 0 0 FF 0 FF 0 0
ID: 316, Data: 85 19 89 A 18 1A 0 7B
ID: 153, Data: 80 0 0 FF 0 FF 0 0
ID: 316, Data: 85 19 82 A 18 1A 0 7B
ID: 440, Data: 8FE F0 0 A0 FF AA AA AA
ID: 153, Data: 80 0 0 FF 0 FF 0 0
ID: 153, Data: 80 0 0 FF 0 FF 0 0
ID: 2A0, Data: 880 2 69 1F 35 0 13 0
ID: 316, Data: 85 19 AC A 17 1A 0 7B
ID: 2A0, Data: 840 2 69 1F 35 0 13 0
ID: A0, Data: 829 7F AC A 0 21 2 0
ID: 1F0, Data: 815 40 59 BF 0 0 0 0
ID: 43F, Data: 80 40 60 FF 87 74 A 0
ID: 43F, Data: 80 40 60 FF 87 58 A 0
ID: 153, Data: 80 0 0 FF 0 FF 0 0
ID: 5F0, Data: 20 0
ID: 316, Data: 85 19 3C A 17 1A 0 7B
ID: 43F, Data: 80 40 60 FF 87 2C A 0
ID: 316, Data: 85 19 35 A 17 1A 0 7B
ID: 316, Data: 85 19 4F A 16 1A 0 7B
ID: 2A0, Data: 880 2 69 1F 35 0 13 0
ID: 153, Data: 80 0 0 FF 0 FF 0 0
ID: 316, Data: 85 19 38 A 16 1A 0 7B
ID: 43F, Data: 80 40 60 FF 87 24 A 0
ID: 153, Data: 80 0 0 FF 0 FF 0 0
ID: 316, Data: 85 19 12 A 17 1A 0 7B
ID: 43F, Data: 80 40 60 FF 87 0 A 0
ID: 43F, Data: 80 40 60 FF 87 F8 9 0
ID: 5F0, Data: 20 0
ID: 316, Data: 85 18 CD 9 17 1A 0 7B
ID: 316, Data: 85 18 D6 9 17 1A 0 7B
ID: 153, Data: 80 0 0 FF 0 FF 0 0
ID: 153, Data: 80 0 0 FF 0 FF 0 0
ID: 329, Data: 8B B3 7F 8 12 27 0 26
ID: 316, Data: 85 18 C2 9 17 1A 0 7B
ID: 280, Data: 830 0 84 B3 13 13 69 3D
ID: A0, Data: 827 7F C2 9 0 20 2 0
ID: 316, Data: 85 18 AB 9 17 1A 0 7B
ID: 440, Data: 8FE F0 0 A0 FF AA AA AA
ID: 316, Data: 85 18 94 9 17 1A 0 7B
ID: 153, Data: 80 0 0 FF 0 FF 0 0
ID: 153, Data: 80 0 0 FF 0 FF 0 0
ID: 260, Data: 8B 18 18 30 3 FF 6F 28
ID: 1F0, Data: 815 40 59 BF 0 0 0 0
ID: 153, Data: 80 0 0 FF 0 FF 0 0
ID: 370, Data: 8FF E0 F0 F0 FF FF FF FF
ID: A0, Data: 826 7F 58 9 0 20 2 0
ID: 316, Data: 85 18 58 9 18 1A 0 7B
ID: 43F, Data: 80 40 60 FF 87 30 9 0
ID: 440, Data: 8FE F0 0 A0 FF AA AA AA
ID: 370, Data: 8FF E0 F0 F0 FF FF FF FF
ID: 316, Data: 85 18 3F 9 18 1A 0 7B
ID: 545, Data: 8DC 15 0 8C DC FF DC FF
ID: 43F, Data: 80 40 60 FF 87 30 9 0
ID: 440, Data: 8FE 0 0 A0 FF AA AA AA
ID: 329, Data: 884 B3 7F 8 12 27 0 26
ID: A0, Data: 828 7F 20 9 0 20 2 0
ID: 316, Data: 85 18 20 9 19 1A 0 7B
ID: 153, Data: 80 0 0 FF 0 FF 0 0
ID: 316, Data: 85 18 19 9 19 1A 0 7B
ID: 153, Data: 80 0 0 FF 0 FF 0 0
ID: 316, Data: 85 18 1D 9 19 1A 0 7B
ID: 153, Data: 80 0 0 FF 0 FF 0 0
ID: 43F, Data: 80 40 60 FF 87 10 9 0
ID: 43F, Data: 80 40 60 FF 87 18 9 0
ID: 153, Data: 80 0 0 FF 0 FF 0 0
ID: 316, Data: 85 18 25 9 19 1A 0 7B
ID: 1F1, Data: 80 E0 0 0 0 0 0 0
ID: 316, Data: 85 18 33 9 19 1A 0 7B
ID: 316, Data: 85 18 3A 9 18 1A 0 7B
ID: 153, Data: 80 0 0 FF 0 FF 0 0
ID: 316, Data: 85 19 34 9 18 1A 0 7B
ID: 153, Data: 80 0 0 FF 0 FF 0 0
ID: 316, Data: 85 18 37 9 19 1A 0 7B
ID: 43F, Data: 80 40 60 FF 87 30 9 0
ID: 153, Data: 80 0 0 FF 0 FF 0 0
ID: 2A0, Data: 880 1 69 1F 35 0 13 0
ID: 316, Data: 85 18 2A 9 19 1A 0 7B
ID: 2A0, Data: 840 1 69 1F 35 0 13 0
ID: 43F, Data: 80 40 60 FF 87 C 9 0
ID: 43F, Data: 80 40 60 FF 87 14 9 0
ID: 5F0, Data: 20 0
ID: 153, Data: 80 0 0 FF 0 FF 0 0
ID: 316, Data: 85 19 22 9 19 1A 0 7B
ID: 5F0, Data: 20 0
ID: 43F, Data: 80 40 60 FF 87 8 9 0
ID: 153, Data: 80 0 0 FF 0 FF 0 0
ID: 316, Data: 85 19 28 9 19 1A 0 7B
ID: 43F, Data: 80 40 60 FF 87 10 9 0
ID: 370, Data: 8FF E0 F0 F0 FF FF FF FF
ID: 316, Data: 85 19 2D 9 19 1A 0 7B
ID: 153, Data: 80 0 0 FF 0 FF 0 0
ID: 316, Data: 85 19 B 9 19 1A 0 7B
ID: 153, Data: 80 0 0 FF 0 FF 0 0
ID: 316, Data: 85 19 1 9 1A 1A 0 7B
ID: A1, Data: 87D 80 78 80 1E 0 0 0
ID: 2A0, Data: 820 0 69 1F 35 0 13 0
ID: 5F0, Data: 20 0
ID: 43F, Data: 80 40 60 FF 87 10 9 0
ID: 153, Data: 80 0 0 FF 0 FF 0 0
ID: 153, Data: 80 0 0 FF 0 FF 0 0
ID: 43F, Data: 80 40 60 FF 87 24 9 0
ID: 43F, Data: 80 40 60 FF 87 30 9 0
ID: 43F, Data: 80 40 60 FF 87 28 9 0
ID: 153, Data: 80 0 0 FF 0 FF 0 0
ID: 5F0, Data: 20 0
ID: 316, Data: 85 19 4D 9 19 1A 0 7B
ID: 43F, Data: 80 40 60 FF 87 28 9 0
ID: 43F, Data: 80 40 60 FF 87 38 9 0
ID: 440, Data: 8FE F0 0 A0 FF AA AA AA
ID: 370, Data: 8FF E0 F0 F0 FF FF FF FF
ID: 153, Data: 80 0 0 FF 0 FF 0 0
ID: 545, Data: 8DC 16 0 8C F1 FF F1 FF
ID: 316, Data: 85 19 75 9 18 1A 0 7B
ID: 5F0, Data: 20 0
ID: 43F, Data: 80 40 60 FF 87 6C 9 0
ID: 153, Data: 80 0 0 FF 0 FF 0 0
ID: 316, Data: 85 19 60 9 19 1A 0 7B
ID: 43F, Data: 80 40 60 FF 87 48 9 0
ID: 43F, Data: 80 40 60 FF 87 34 9 0
ID: 43F, Data: 80 40 60 FF 87 20 9 0
ID: 43F, Data: 80 40 60 FF 87 14 9 0
ID: 43F, Data: 80 40 60 FF 87 C 9 0
ID: 153, Data: 80 0 0 FF 0 FF 0 0
ID: 316, Data: 85 19 45 9 19 1A 0 7B
ID: 43F, Data: 80 40 60 FF 87 24 9 0
ID: 43F, Data: 80 40 60 FF 87 30 9 0
ID: 43F, Data: 80 40 60 FF 87 3C 9 0
ID: 370, Data: 8FF E0 F0 F0 FF FF FF FF
ID: 43F, Data: 80 40 60 FF 87 48 9 0
ID: 316, Data: 85 19 3C 9 19 1A 0 7B
ID: 153, Data: 80 0 0 FF 0 FF 0 0
ID: 545, Data: 8DC 15 0 8C F3 FF F3 FF
ID: 316, Data: 85 19 4A 9 19 1A 0 7B
ID: 43F, Data: 80 40 60 FF 87 3C 9 0
ID: 153, Data: 80 0 0 FF 0 FF 0 0
ID: 153, Data: 80 0 0 FF 0 FF 0 0
ID: 316, Data: 85 19 50 9 19 1A 0 7B
ID: 43F, Data: 80 40 60 FF 87 38 9 0
ID: 316, Data: 85 19 25 9 19 1A 0 7B
ID: 316, Data: 85 19 1A 9 1A 1A 0 7B
ID: 316, Data: 85 19 1 9 1A 1A 0 7B
ID: 545, Data: 8DC 15 0 8C F5 FF F5 FF
ID: 260, Data: 8B 19 1A 30 3 FF 77 E
ID: 316, Data: 85 19 25 9 19 1A 0 7B
ID: 316, Data: 85 19 27 9 19 1A 0 7B
ID: 153, Data: 80 0 0 FF 0 FF 0 0
ID: 18F, Data: 8AA 31 0 0 0 0 0 0
ID: 316, Data: 85 19 28 9 1A 1A 0 7B
ID: 316, Data: 85 19 34 9 19 1A 0 7B
ID: 316, Data: 85 19 20 9 1A 19 0 7B
ID: 2A0, Data: 820 0 6A 1F 35 0 13 0
ID: 153, Data: 80 0 0 FF 0 FF 0 0
ID: 153, Data: 80 0 0 FF 0 FF 0 0
ID: A1, Data: 87A 80 78 7F 1E 0 0 0
ID: 2A0, Data: 820 0 6A 1F 35 0 13 0
ID: 153, Data: 80 0 0 FF 0 FF 0 0
ID: 43F, Data: 80 40 60 FF 87 58 9 0
ID: 2A0, Data: 880 0 6A 1F 35 0 13 0
ID: 153, Data: 80 0 0 FF 0 FF 0 0
ID: 43F, Data: 80 40 60 FF 87 4C 9 0
ID: 43F, Data: 80 40 60 FF 87 48 9 0
ID: 153, Data: 80 0 0 FF 0 FF 0 0
ID: 153, Data: 80 0 0 FF 0 FF 0 0
ID: 153, Data: 80 0 0 FF 0 FF 0 0
ID: 18F, Data: 8AA 31 0 0 0 0 0 0
ID: 545, Data: 8DC 16 0 8C FF FF FF FF
ID: 316, Data: 85 19 4 9 1A 19 0 7B
ID: 43F, Data: 80 40 60 FF 87 F8 8 0
ID: 43F, Data: 80 40 60 FF 87 F4 8 0
ID: 43F, Data: 80 40 60 FF 87 FC 8 0
ID: 43F, Data: 80 40 60 FF 87 FC 8 0
ID: 440, Data: 8FE 50 0 A0 FF AA AA AA
ID: 545, Data: 8DC 17 0 8C 0 0 0 0
ID: 1F1, Data: 80 E0 0 0 0 0 0 0
ID: 153, Data: 80 0 0 FF 0 FF 0 0
ID: A0, Data: 82A 7F 4B 9 0 20 2 0
ID: 316, Data: 85 19 56 9 19 1A 0 7B
ID: 316, Data: 85 19 5E 9 19 1A 0 7B
ID: 2A0, Data: 840 0 6A 1F 35 0 13 0
ID: A0, Data: 82A 7F 56 9 0 20 2 0
ID: 153, Data: 80 0 0 FF 0 FF 0 0
ID: 153, Data: 80 0 0 FF 0 FF 0 0
ID: 260, Data: 8B 1A 1A 30 3 FF 75 2D
ID: 329, Data: 840 B4 7F 8 12 27 0 26
ID: 43F, Data: 80 40 60 FF 88 1C 9 0
ID: 316, Data: 85 19 37 9 1A 19 0 7B
ID: 153, Data: 80 0 0 FF 0 FF 0 0
ID: 280, Data: 830 0 84 B4 12 14 6A 40
ID: 153, Data: 80 0 0 FF 0 FF 0 0
ID: 1F0, Data: 815 40 59 BF 0 0 0 0
ID: 440, Data: 8FE 0 0 A0 FF AA AA AA
ID: 43F, Data: 80 40 60 FF 88 58 9 0
ID: 316, Data: 85 1A 6D 9 19 19 0 7B
ID: 153, Data: 80 0 0 FF 0 FF 0 0
ID: 316, Data: 85 1A 66 9 19 1A 0 7B
ID: 153, Data: 80 0 0 FF 0 FF 0 0
ID: 316, Data: 85 1A 80 9 19 1A 0 7B
ID: 43F, Data: 80 40 60 FF 87 70 9 0
ID: 43F, Data: 80 40 60 FF 87 84 9 0
ID: 329, Data: 8B B4 7F 8 12 27 0 26
ID: A0, Data: 82A 80 90 9 0 20 2 0
ID: 316, Data: 85 19 72 9 19 1A 0 7B
ID: 43F, Data: 80 40 60 FF 87 74 9 0
ID: 370, Data: 8FF E0 F0 F0 FF FF FF FF
ID: 316, Data: 85 19 4D 9 19 1A 0 7B
ID: 153, Data: 80 0 0 FF 0 FF 0 0
ID: 316, Data: 85 19 6F 9 19 1A 0 7B
ID: A0, Data: 82A 80 4D 9 0 20 2 0
ID: 153, Data: 80 0 0 FF 0 FF 0 0
ID: 1F0, Data: 815 40 59 BF 0 0 0 0
ID: A0, Data: 829 80 84 9 0 20 2 0
ID: 153, Data: 80 0 0 FF 0 FF 0 0
ID: 18F, Data: 8AA 31 0 0 0 0 0 0
ID: 316, Data: 85 19 33 9 19 1A 0 7B
ID: 316, Data: 85 19 3B 9 1A 19 0 7B
ID: 1F1, Data: 80 E0 0 0 0 0 0 0
ID: 260, Data: 8B 19 1A 30 3 FF 74 3E
ID: 43F, Data: 80 40 60 FF 88 28 9 0
ID: 440, Data: 8FE F0 0 A0 FF AA AA AA
ID: 440, Data: 8FE F0 0 A0 FF AA AA AA
ID: 153, Data: 80 0 0 FF 0 FF 0 0
ID: A1, Data: 880 80 7D 7F 1E 0 0 0
ID: 329, Data: 8ED B4 7F 8 12 27 0 26
ID: 2A0, Data: 8E0 0 6A 1F 35 0 13 0
ID: 153, Data: 80 0 0 FF 0 FF 0 0
ID: 153, Data: 80 0 0 FF 0 FF 0 0
ID: 1F0, Data: 815 40 59 BF 0 0 0 0
ID: A0, Data: 82B 80 1F 9 0 20 2 0
ID: 153, Data: 80 0 0 FF 0 FF 0 0
ID: 18F, Data: 8AA 32 0 0 0 0 0 0
ID: 316, Data: 85 1A 3F 9 19 19 0 7B
ID: 316, Data: 85 1A 42 9 19 19 0 7B
ID: 1F0, Data: 815 40 59 BF 0 0 0 0
ID: 260, Data: 8B 1A 19 30 3 FF 73 11
ID: A0, Data: 82B 80 72 9 0 20 2 0
ID: 316, Data: 85 1A 7D 9 19 19 0 7B
ID: 153, Data: 80 0 0 FF 0 FF 0 0
ID: 153, Data: 80 0 0 FF 0 FF 0 0
ID: 316, Data: 85 1A 7B 9 19 19 0 7B
ID: A1, Data: 87D 80 7D 7F 1F 0 0 0
ID: 370, Data: 8FF E0 F0 F0 FF FF FF FF
ID: 43F, Data: 80 40 60 FF 88 48 9 0
ID: 1F1, Data: 80 E0 0 0 0 0 0 0
ID: 153, Data: 80 0 0 FF 0 FF 0 0
ID: 370, Data: 8FF E0 F0 F0 FF FF FF FF
ID: 316, Data: 85 1A 1 9 1A 19 0 7B
ID: 43F, Data: 80 40 60 FF 88 F0 8 0
ID: 5F0, Data: 20 0
ID: 316, Data: 85 1A 82 9 19 1A 0 7B
ID: 316, Data: 85 1A 82 9 19 1A 0 7B
ID: 316, Data: 85 1A 81 9 19 1A 0 7B
ID: 153, Data: 80 0 0 FF 0 FF 0 0
ID: 545, Data: 8DC 18 0 8D FF FF FF FF
ID: 316, Data: 85 19 95 9 19 1A 0 7B
ID: A1, Data: 87A 80 80 7F 1E 0 0 0
ID: 153, Data: 80 0 0 FF 0 FF 0 0
ID: 153, Data: 80 0 0 FF 0 FF 0 0
ID: 153, Data: 80 0 0 FF 0 FF 0 0
ID: 545, Data: 8DC 17 0 8D F7 FF F7 FF
ID: 316, Data: 85 19 AD 9 18 1A 0 7B
ID: 153, Data: 80 0 0 FF 0 FF 0 0
ID: 153, Data: 80 0 0 FF 0 FF 0 0
ID: 153, Data: 80 0 0 FF 0 FF 0 0
ID: A0, Data: 829 80 A7 9 0 20 2 0
ID: 316, Data: 85 19 96 9 19 1A 0 7B
ID: 316, Data: 85 19 43 9 19 1A 0 7B
ID: 2A0, Data: 840 0 6A 1F 35 0 13 0
ID: 153, Data: 80 0 0 FF 0 FF 0 0
ID: 153, Data: 80 0 0 FF 0 FF 0 0
ID: 18F, Data: 8AA 32 0 0 0 0 0 0
ID: 545, Data: 8DC 17 0 8C F8 FF F8 FF
ID: 316, Data: 85 19 83 9 19 1A 0 7B
ID: 43F, Data: 80 40 60 FF 88 58 9 0
ID: 43F, Data: 80 40 60 FF 88 74 9 0
ID: 370, Data: 8FF E0 F0 F0 FF FF FF FF
ID: 153, Data: 80 0 0 FF 0 FF 0 0
ID: 316, Data: 85 19 3D 9 1A 19 0 7B
ID: 18F, Data: 8AA 32 0 0 0 0 0 0
ID: 153, Data: 80 0 0 FF 0 FF 0 0
ID: 5F0, Data: 20 0
ID: 280, Data: 830 0 84 B5 12 14 6A 3F
ID: 370, Data: 8FF E0 F0 F0 FF FF FF FF
ID: 153, Data: 80 0 0 FF 0 FF 0 0
ID: 280, Data: 830 0 84 B5 12 14 6A 3F
ID: 316, Data: 85 19 68 9 19 1A 0 7B
ID: 43F, Data: 80 40 60 FF 88 44 9 0
ID: 153, Data: 80 0 0 FF 0 FF 0 0
ID: 153, Data: 80 0 0 FF 0 FF 0 0
ID: 5F0, Data: 20 0
ID: A0, Data: 82B 80 5D 9 0 20 2 0
ID: 18F, Data: 8AA 32 0 0 0 0 0 0
ID: 545, Data: 8DC 16 0 8C FD FF FD FF
ID: 316, Data: 85 19 38 9 19 19 0 7B
ID: 153, Data: 80 0 0 FF 0 FF 0 0
ID: 316, Data: 85 19 47 9 19 19 0 7B
ID: 440, Data: 8FE F0 0 A0 FF AA AA AA
ID: 153, Data: 80 0 0 FF 0 FF 0 0
ID: 316, Data: 85 19 7C 9 19 1A 0 7B
ID: 316, Data: 85 19 7B 9 19 1A 0 7B
ID: 316, Data: 85 19 54 9 19 19 0 7B
ID: 18F, Data: 8AA 32 0 0 0 0 0 0
ID: 316, Data: 834 19 5A 9 2D E 0 7B
ID: 260, Data: 8B 1A 19 0 3 FF 66 12
ID: 316, Data: 834 18 33 9 19 E 0 7B
ID: 316, Data: 834 19 5F 9 19 E 0 7B
ID: 316, Data: 834 18 77 9 19 F 0 7B
ID: 316, Data: 834 17 AC 8 19 E 0 7B
ID: 2A0, Data: 8E0 0 6A 1F 35 0 13 0
ID: 316, Data: 834 17 B2 6 19 E 0 7B
ID: 316, Data: 834 17 75 5 19 D 0 7B
ID: 316, Data: 834 17 75 5 19 D 0 7B
ID: 316, Data: 834 18 C6 3 19 D 0 7B
ID: 280, Data: 830 0 1 B5 7 13 6A 3C
ID: 316, Data: 834 18 C6 3 19 D 0 7B
ID: 316, Data: 830 18 C6 3 19 D 0 7B
ID: 316, Data: 830 18 C6 3 19 D 0 7B
ID: 316, Data: 830 18 C6 3 19 D 0 7B
ID: 329, Data: 8ED B5 7F 8 12 22 0 26
ID: A1, Data: 880 80 80 7F 1C 0 0 0
ID: 316, Data: 830 18 C6 3 19 D 0 7B
ID: 316, Data: 830 18 C6 3 19 D 0 7B
ID: 316, Data: 830 18 C6 3 19 D 0 7B
ID: 316, Data: 830 18 C6 3 19 D 0 7B
ID: 18F, Data: 8AA 32 0 0 0 0 0 0
ID: 316, Data: 830 0 0 0 19 B 0 7B
ID: 18F, Data: 8AA 32 0 0 0 0 0 0
ID: 545, Data: 8DC 0 0 0 3A FF 3A FF
ID: 316, Data: 830 0 0 0 19 B 0 7B
ID: 545, Data: 8DC 0 0 0 3A FF 3A FF
ID: 316, Data: 830 0 0 0 19 B 0 7B
ID: A0, Data: 80 80 0 0 0 38 0 0
ID: 2A0, Data: 840 0 6A 1F 35 0 13 0
ID: 316, Data: 830 0 0 0 19 B 0 7B
ID: 316, Data: 830 0 0 0 19 B 0 7B
ID: 316, Data: 830 0 0 0 19 B 0 7B
ID: 316, Data: 830 0 0 0 19 B 0 7B
ID: 316, Data: 830 0 0 0 19 B 0 7B
ID: 316, Data: 830 0 0 0 19 B 0 7B
ID: 316, Data: 830 0 0 0 19 B 0 7B
ID: 316, Data: 830 0 0 0 19 B 0 7B
ID: 316, Data: 830 0 0 0 19 B 0 7B
ID: 316, Data: 830 0 0 0 19 B 0 7B
ID: 316, Data: 830 0 0 0 19 B 0 7B
ID: A1, Data: 880 80 80 7F 65 0 0 0
ID: 260, Data: 8B 0 19 0 3 FF 69 29
ID: A0, Data: 80 80 0 0 0 3F 0 0
ID: 316, Data: 830 0 0 0 19 B 0 7B
ID: 316, Data: 830 0 0 0 19 B 0 7B
ID: 316, Data: 830 0 0 0 19 B 0 7B
ID: 316, Data: 830 0 0 0 19 B 0 7B
ID: 316, Data: 830 0 0 0 19 B 0 7B
ID: 316, Data: 830 0 0 0 19 B 0 7B
ID: 316, Data: 830 0 0 0 19 B 0 7B
ID: 316, Data: 830 0 0 0 19 B 0 7B
ID: 316, Data: 830 0 0 0 19 B 0 7B
ID: 316, Data: 830 0 0 0 19 B 0 7B
ID: 316, Data: 830 0 0 0 19 B 0 7B
ID: A0, Data: 80 80 0 0 0 27 0 0
ID: 2A0, Data: 8E0 0 6A 1F 35 0 13 0
ID: 316, Data: 830 0 0 0 19 B 0 7B
ID: 316, Data: 830 0 0 0 19 B 0 7B
ID: 316, Data: 830 0 0 0 19 B 0 7B
ID: 316, Data: 830 0 0 0 19 B 0 7B
ID: 316, Data: 830 0 0 0 19 B 0 7B
ID: 316, Data: 830 0 0 0 19 B 0 7B
ID: 316, Data: 830 0 0 0 19 B 0 7B
ID: 316, Data: 830 0 0 0 19 B 0 7B
ID: 316, Data: 830 0 0 0 19 B 0 7B
ID: 316, Data: 830 0 0 0 19 B 0 7B
ID: 316, Data: 830 0 0 0 19 B 0 7B
ID: A1, Data: 880 80 80 7F 65 0 0 0
ID: 260, Data: 8B 0 19 0 3 FF 69 38
ID: A0, Data: 80 80 0 0 0 27 0 0
ID: 316, Data: 830 0 0 0 19 B 0 7B
ID: 316, Data: 830 0 0 0 19 B 0 7B
ID: 316, Data: 830 0 0 0 19 B 0 7B
ID: 316, Data: 830 0 0 0 19 B 0 7B
