ID: 5F0, Data: 20 0
ID: 5F0, Data: 20 0
ID: 43F, Data: 80 40 0 FF 6F 0 0 0
ID: 370, Data: 8FF C0 F0 F4 FF FF FF FF
ID: 43F, Data: 80 40 0 FF 70 0 0 0
ID: 43F, Data: 80 40 0 FF 70 0 0 0
ID: 43F, Data: 80 40 0 FF 70 0 0 0
ID: 316, Data: 831 0 0 0 25 E 0 77
ID: 316, Data: 831 0 0 0 24 E 0 77
ID: 440, Data: 80 F0 0 A0 FF AA AA AA
ID: 43F, Data: 80 40 60 FF 70 0 0 0
ID: 316, Data: 831 0 0 0 17 E 0 77
ID: 280, Data: 810 0 1 A8 0 0 89 D7
ID: 316, Data: 831 0 0 0 17 E 0 77
ID: 280, Data: 810 0 1 A8 0 0 89 D7
ID: 316, Data: 85 0 0 0 18 E 0 77
ID: 329, Data: 8B A8 80 A 11 85 0 26
ID: 1F1, Data: 8F 0 0 0 0 0 0 0
ID: 329, Data: 840 A8 80 A 11 84 0 26
ID: 153, Data: 80 0 0 FF 0 FF 0 0
ID: 316, Data: 85 0 0 0 1A E 0 77
ID: 43F, Data: 80 40 60 FF 70 0 0 0
ID: 5F0, Data: 20 0
ID: 316, Data: 85 0 0 0 1A E 0 77
ID: 43F, Data: 80 40 60 FF 70 0 0 0
ID: A1, Data: 880 7E 80 7E 65 0 0 0
ID: 153, Data: 80 0 0 FF 0 FF 0 0
ID: 316, Data: 85 0 0 0 1A E 0 77
ID: 260, Data: 8A 0 1A 0 2C FF 69 2E
ID: 316, Data: 85 0 0 0 1A E 0 77
ID: 2A0, Data: 880 0 89 18 32 0 11 0
ID: 153, Data: 80 0 0 FF 0 FF 0 0
ID: 2A0, Data: 840 0 89 18 32 0 11 0
ID: 316, Data: 85 0 0 0 1A E 0 77
ID: 545, Data: 8DC 0 0 7B FD FE FD FE
ID: 316, Data: 85 0 0 0 1A E 0 77
ID: 18F, Data: 8AA 3A 0 0 0 0 0 0
ID: 316, Data: 85 0 0 0 1A E 0 77
ID: 43F, Data: 80 40 60 FF 70 0 0 0
ID: 43F, Data: 80 40 60 FF 70 0 0 0
ID: 153, Data: 80 0 0 FF 0 FF 0 0
ID: 316, Data: 85 0 0 0 1A E 0 77
ID: 153, Data: 80 0 0 FF 0 FF 0 0
ID: A0, Data: 80 77 0 0 0 30 0 0
ID: 545, Data: 8DC 0 0 7B FE FE FE FE
ID: 153, Data: 80 0 0 FF 0 FF 0 0
ID: 545, Data: 8DC 0 0 7B FE FE FE FE
ID: 316, Data: 85 0 0 0 1A E 0 77
ID: A0, Data: 80 77 0 0 0 30 0 0
ID: 316, Data: 85 0 0 0 1A E 0 77
ID: 43F, Data: 80 40 60 FF 70 0 0 0
ID: 153, Data: 80 0 0 FF 0 FF 0 0
ID: 153, Data: 80 0 0 FF 0 FF 0 0
ID: 153, Data: 80 0 0 FF 0 FF 0 0
ID: 280, Data: 810 0 1 A8 0 0 89 D7
ID: 316, Data: 85 0 0 0 1A E 0 77
ID: 316, Data: 85 0 0 0 1A E 0 77
ID: 316, Data: 85 0 0 0 1A E 0 77
ID: 153, Data: 80 0 0 FF 0 FF 0 0
ID: A0, Data: 80 77 0 0 0 30 0 0
ID: 2A0, Data: 8E0 0 89 18 32 0 11 0
ID: 153, Data: 80 0 0 FF 0 FF 0 0
ID: 316, Data: 85 0 0 0 1A E 0 77
ID: 153, Data: 80 0 0 FF 0 FF 0 0
ID: 43F, Data: 80 40 60 FF 70 0 0 0
ID: 153, Data: 80 0 0 FF 0 FF 0 0
ID: 43F, Data: 80 40 60 FF 70 0 0 0
ID: A0, Data: 80 77 0 0 0 30 0 0
ID: A1, Data: 880 7E 80 7E 65 0 0 0
ID: 43F, Data: 80 40 60 FF 70 0 0 0
ID: 316, Data: 85 0 0 0 1A E 0 77
ID: 329, Data: 8B A8 80 A 12 37 0 26
ID: 316, Data: 85 0 0 0 1A E 0 77
ID: 329, Data: 840 A8 80 A 12 38 0 26
ID: 316, Data: 85 0 0 0 1A E 0 77
ID: 2A0, Data: 820 0 89 18 32 0 11 0
ID: 316, Data: 85 0 65 2 1A E 0 77
ID: 2A0, Data: 8E0 0 89 18 32 0 11 0
ID: 280, Data: 830 0 82 A8 4 58 89 D3
ID: A0, Data: 884 77 7D 2 0 2C 1 0
ID: 153, Data: 80 0 0 FF 0 FF 0 0
ID: 316, Data: 85 0 7D 2 1A E 0 77
ID: 43F, Data: 80 40 60 FF 70 6C 3 0
ID: A0, Data: 87E 77 D 3 0 2B 1 0
ID: 43F, Data: 80 40 60 FF 70 4C 3 0
ID: 2A0, Data: 8E0 0 89 18 32 0 11 0
ID: 5F0, Data: 20 0
ID: 153, Data: 80 0 0 FF 0 FF 0 0
ID: 370, Data: 8FF E0 F0 F0 FF FF FF FF
ID: 43F, Data: 80 40 60 FF 70 54 12 0
ID: 316, Data: 85 42 C4 14 17 16 0 77
ID: A0, Data: 823 77 9B 13 0 25 1 0
ID: 316, Data: 85 2E 65 16 17 18 0 77
ID: 316, Data: 85 2A 92 16 18 18 0 77
ID: 316, Data: 85 25 99 16 18 19 0 77
ID: 153, Data: 80 0 0 FF 0 FF 0 0
ID: 153, Data: 80 0 0 FF 0 FF 0 0
ID: 43F, Data: 80 40 60 FF 70 7C 15 0
ID: 18F, Data: 8AA 3A 0 0 0 0 0 0
ID: 153, Data: 80 0 0 FF 0 FF 0 0
ID: 153, Data: 80 0 0 FF 0 FF 0 0
ID: 370, Data: 8FF E0 F0 F0 FF FF FF FF
ID: 316, Data: 85 1D CD 13 1D 1A 0 77
ID: 153, Data: 80 0 0 FF 0 FF 0 0
ID: 153, Data: 80 0 0 FF 0 FF 0 0
ID: 440, Data: 8FE 50 0 A0 FF AA AA AA
ID: 43F, Data: 80 40 60 FF 70 58 13 0
ID: 440, Data: 8FE 50 0 A0 FF AA AA AA
ID: 260, Data: 8A 1E 20 30 2C FF 6A 33
ID: 153, Data: 80 0 0 FF 0 FF 0 0
ID: 545, Data: 8DC 38 0 7C 4B 0 4B 0
ID: 1F1, Data: 80 0 0 0 0 0 0 0
ID: 280, Data: 830 0 84 A8 24 17 89 40
ID: 153, Data: 80 0 0 FF 0 FF 0 0
ID: 153, Data: 80 0 0 FF 0 FF 0 0
ID: 316, Data: 85 20 43 12 1F 1A 0 77
ID: 43F, Data: 80 40 60 FF 70 24 12 0
ID: 43F, Data: 80 40 60 FF 70 28 12 0
ID: 370, Data: 8FF E0 F0 F0 FF FF FF FF
ID: 316, Data: 85 20 C3 11 20 1A 0 77
ID: A0, Data: 82F 77 C7 11 0 28 1 0
ID: 43F, Data: 80 40 60 FF 70 A4 11 0
ID: 43F, Data: 80 40 60 FF 70 98 11 0
ID: 43F, Data: 80 40 60 FF 70 7C 11 0
ID: 440, Data: 8FE A0 0 A0 FF AA AA AA
ID: 316, Data: 85 20 2E 11 20 1B 0 77
ID: 329, Data: 884 A8 80 8 12 2F 0 26
ID: 43F, Data: 80 40 60 FF 70 C 11 0
ID: 43F, Data: 80 40 60 FF 70 C 11 0
ID: 153, Data: 80 0 0 FF 0 FF 0 0
ID: 280, Data: 830 0 84 A8 21 17 89 40
ID: 316, Data: 85 1F E7 10 20 1B 0 77
ID: 43F, Data: 80 40 60 FF 70 D8 10 0
ID: 316, Data: 85 1F A7 10 20 1B 0 77
ID: 316, Data: 85 1F AE 10 20 1B 0 77
ID: 43F, Data: 80 40 60 FF 70 7C 10 0
ID: 153, Data: 80 0 0 FF 0 FF 0 0
ID: 153, Data: 80 0 0 FF 0 FF 0 0
ID: 316, Data: 85 1F 68 10 20 1B 0 77
ID: 153, Data: 80 0 0 FF 0 FF 0 0
ID: 316, Data: 85 1F 31 10 20 1B 0 77
ID: 153, Data: 80 0 0 FF 0 FF 0 0
ID: 316, Data: 85 1F 38 10 20 1B 0 77
ID: 316, Data: 85 1F 3B 10 20 1B 0 77
ID: 545, Data: 8DC 30 0 8B 47 0 47 0
ID: 316, Data: 85 1F EC F 21 1B 0 77
ID: 153, Data: 80 0 0 FF 0 FF 0 0
ID: 316, Data: 85 1F CC F 21 1B 0 77
ID: 316, Data: 85 1F DF F 20 1B 0 77
ID: 153, Data: 80 0 0 FF 0 FF 0 0
ID: 316, Data: 85 1F EF F 20 1B 0 77
ID: 153, Data: 80 0 0 FF 0 FF 0 0
ID: 316, Data: 85 1F B2 F 20 1B 0 77
ID: 43F, Data: 80 40 60 FF 70 9C F 0
ID: 316, Data: 85 1E 68 F 22 1B 0 77
ID: 2A0, Data: 840 0 89 18 33 0 11 0
ID: 440, Data: 8FE F0 0 A0 FF AA AA AA
ID: 316, Data: 85 1E 74 F 21 1B 0 77
ID: 316, Data: 85 1F 77 F 21 1B 0 77
ID: 260, Data: 8A 1F 22 30 2C FF 80 38
ID: 153, Data: 80 0 0 FF 0 FF 0 0
ID: 316, Data: 85 1E 35 F 21 1B 0 77
ID: 5F0, Data: 20 0
ID: 316, Data: 85 1E 15 F 22 1B 0 77
ID: 43F, Data: 80 40 60 FF 70 14 F 0
ID: 316, Data: 85 1E FE E 22 1B 0 77
ID: 1F1, Data: 80 0 0 0 0 0 0 0
ID: 370, Data: 8FF E0 F0 F0 FF FF FF FF
ID: 153, Data: 80 0 0 FF 0 FF 0 0
ID: 43F, Data: 80 40 60 FF 6E E0 E 0
ID: 2A0, Data: 820 0 89 18 33 0 11 0
ID: 43F, Data: 80 40 60 FF 6E A0 E 0
ID: 43F, Data: 80 40 60 FF 6E 90 E 0
ID: 153, Data: 80 0 0 FF 0 FF 0 0
ID: 316, Data: 85 1E BF E 21 1B 0 77
ID: 1F1, Data: 80 0 0 0 0 0 0 0
ID: 316, Data: 85 1E 8B E 21 1B 0 77
ID: 153, Data: 80 0 0 FF 0 FF 0 0
ID: 153, Data: 80 0 0 FF 0 FF 0 0
ID: 153, Data: 80 0 0 FF 0 FF 0 0
ID: 43F, Data: 80 40 60 FF 6D 74 E 0
ID: 545, Data: 8DC 2A 0 8B 28 0 28 0
ID: 153, Data: 80 0 0 FF 0 FF 0 0
ID: 43F, Data: 80 40 60 FF 6C 5C E 0
ID: A1, Data: 880 7E 80 7E 1F 0 0 0
ID: 153, Data: 80 0 0 FF 0 FF 0 0
ID: 316, Data: 85 1E 4B E 21 1C 0 77
ID: 43F, Data: 80 40 60 FF 6B 38 E 0
ID: 316, Data: 85 1E 5E E 21 1B 0 77
ID: 1F1, Data: 80 0 0 0 0 0 0 0
ID: 153, Data: 80 0 0 FF 0 FF 0 0
ID: 153, Data: 80 0 0 FF 0 FF 0 0
ID: A0, Data: 830 77 46 E 0 26 1 0
ID: 316, Data: 85 1E BC D 23 1C 0 77
ID: 316, Data: 85 1E BE D 23 1C 0 77
ID: 2A0, Data: 840 0 89 18 33 0 11 0
ID: 153, Data: 80 0 0 FF 0 FF 0 0
ID: 153, Data: 80 0 0 FF 0 FF 0 0
ID: 370, Data: 8FF E0 F0 F0 FF FF FF FF
ID: 545, Data: 8DC 29 0 8B 37 0 37 0
ID: 316, Data: 85 1F B5 D 22 1B 0 77
ID: 316, Data: 85 1F D9 D 22 1B 0 77
ID: 153, Data: 80 0 0 FF 0 FF 0 0
ID: A1, Data: 880 7E 80 7E 20 0 0 0
ID: 329, Data: 884 A9 80 8 12 2D 0 26
ID: 440, Data: 8FE F0 0 A0 FF AA AA AA
ID: 153, Data: 80 0 0 FF 0 FF 0 0
ID: 316, Data: 85 1F 8F D 24 1B 0 77
ID: 316, Data: 85 1F A2 D 23 1B 0 77
ID: 153, Data: 80 0 0 FF 0 FF 0 0
ID: 280, Data: 830 0 84 A9 1B 18 89 43
ID: 316, Data: 85 1F CB D 21 1B 0 77
ID: 153, Data: 80 0 0 FF 0 FF 0 0
ID: 5F0, Data: 20 0
ID: 260, Data: 8A 20 23 30 2C FF 7B 3B
ID: A0, Data: 832 77 69 D 0 26 1 0
ID: 153, Data: 80 0 0 FF 0 FF 0 0
ID: 316, Data: 85 1F 3E D 23 1B 0 77
ID: 153, Data: 80 0 0 FF 0 FF 0 0
ID: 316, Data: 85 1F 6E D 22 1B 0 77
ID: 153, Data: 80 0 0 FF 0 FF 0 0
ID: 316, Data: 85 1F 2C D 22 1B 0 77
ID: 43F, Data: 80 40 60 FF 68 3C D 0
ID: 43F, Data: 80 40 60 FF 68 2C D 0
ID: 440, Data: 8FE 50 0 A0 FF AA AA AA
ID: 316, Data: 85 1F 43 D 22 1B 0 77
ID: 5F0, Data: 20 0
ID: 316, Data: 85 1F 14 D 23 1B 0 77
ID: 43F, Data: 80 40 60 FF 69 18 D 0
ID: 316, Data: 85 1F 16 D 23 1C 0 77
ID: 153, Data: 80 0 0 FF 0 FF 0 0
ID: 2A0, Data: 840 0 89 18 33 0 11 0
ID: 316, Data: 85 1F F4 C 23 1B 0 77
ID: 545, Data: 8DC 27 0 8B 41 0 41 0
ID: 153, Data: 80 0 0 FF 0 FF 0 0
ID: 43F, Data: 80 40 60 FF 69 F0 C 0
ID: 153, Data: 80 0 0 FF 0 FF 0 0
ID: 153, Data: 80 0 0 FF 0 FF 0 0
ID: A1, Data: 880 7E 80 7E 20 0 0 0
ID: 329, Data: 884 A9 80 8 12 2D 0 26
ID: 370, Data: 8FF E0 F0 F0 FF FF FF FF
ID: 153, Data: 80 0 0 FF 0 FF 0 0
ID: 316, Data: 85 1F E0 C 22 1C 0 77
ID: 316, Data: 85 1F D2 C 22 1C 0 77
ID: 316, Data: 85 1F F1 C 22 1C 0 77
ID: 260, Data: 8A 1F 22 30 2C FF 78 13
ID: 153, Data: 80 0 0 FF 0 FF 0 0
ID: 316, Data: 85 1F FA C 21 1C 0 77
ID: 316, Data: 85 1E DC C 22 1C 0 77
ID: 316, Data: 85 1E B6 C 22 1C 0 77
ID: 329, Data: 8ED A9 80 8 12 2D 0 26
ID: A0, Data: 831 77 B6 C 0 25 1 0
ID: 153, Data: 80 0 0 FF 0 FF 0 0
ID: 43F, Data: 80 40 60 FF 6B 30 C 0
ID: 5F0, Data: 20 0
ID: 316, Data: 85 1F 8E C 23 1C 0 77
ID: 153, Data: 80 0 0 FF 0 FF 0 0
ID: 43F, Data: 80 40 60 FF 6B 54 C 0
ID: 153, Data: 80 0 0 FF 0 FF 0 0
ID: 153, Data: 80 0 0 FF 0 FF 0 0
ID: 153, Data: 80 0 0 FF 0 FF 0 0
ID: 43F, Data: 80 40 60 FF 6B 14 C 0
ID: 316, Data: 85 20 2E C 23 1B 0 77
ID: 260, Data: 8A 20 24 30 2C FF 7F 27
ID: 43F, Data: 80 40 60 FF 6B 28 C 0
ID: 316, Data: 85 20 7E C 22 1C 0 77
ID: 316, Data: 85 20 5E C 22 1C 0 77
ID: 18F, Data: 8AA 37 0 0 0 0 0 0
ID: 153, Data: 80 0 0 FF 0 FF 0 0
ID: 153, Data: 80 0 0 FF 0 FF 0 0
ID: 316, Data: 85 20 2E C 23 1B 0 77
ID: 5F0, Data: 20 0
ID: 316, Data: 85 20 50 C 22 1B 0 77
ID: 43F, Data: 80 40 60 FF 6B 24 C 0
ID: 280, Data: 830 0 84 A9 18 18 89 45
ID: A1, Data: 880 7E 80 7E 21 0 0 0
ID: 316, Data: 85 1F 30 C 2C 24 0 77
ID: 316, Data: 85 20 43 C 33 25 0 77
ID: 316, Data: 85 20 19 C 2F 24 0 77
ID: 260, Data: 8A 22 2F 30 2C FF 79 20
ID: 5F0, Data: 20 0
ID: 316, Data: 85 27 B3 B 2C 24 0 77
ID: 43F, Data: 80 40 60 FF 6C D8 B 0
ID: 440, Data: 8FE A0 0 A0 FF AA AA AA
ID: 440, Data: 8FE A0 0 A0 FF AA AA AA
ID: 153, Data: 80 0 0 FF 0 FF 0 0
ID: 329, Data: 8ED A9 80 8 12 2E 0 26
ID: 153, Data: 80 0 0 FF 0 FF 0 0
ID: 260, Data: 8A 2B 2B 30 2C FF 6C 38
ID: 316, Data: 845 2B 59 B 2A 23 0 77
ID: 153, Data: 80 0 0 FF 0 FF 0 0
ID: 316, Data: 845 2A CC A 2B 23 0 77
ID: 153, Data: 80 0 0 FF 0 FF 0 0
ID: 316, Data: 845 2A 6A A 2C 23 0 77
ID: 153, Data: 80 0 0 FF 0 FF 0 0
ID: 316, Data: 845 2A 42 A 2B 23 0 77
ID: 316, Data: 845 2A 44 A 2B 23 0 77
ID: 545, Data: 8DC 29 0 8B 7B 0 7B 0
ID: 43F, Data: 80 40 60 FF 6D 34 A 0
ID: 5F0, Data: 20 0
ID: 316, Data: 845 29 9A A 29 23 0 77
ID: 153, Data: 80 0 0 FF 0 FF 0 0
ID: 280, Data: 830 0 84 A8 15 1D 89 51
ID: 43F, Data: 80 40 60 FF 6D 90 A 0
ID: 43F, Data: 80 40 60 FF 6D 78 A 0
ID: 316, Data: 845 28 55 A 2A 23 0 77
ID: 153, Data: 80 0 0 FF 0 FF 0 0
ID: 316, Data: 845 27 6E A 29 23 0 77
ID: 316, Data: 845 27 67 A 29 23 0 77
ID: 2A0, Data: 820 0 89 18 33 0 11 0
ID: 316, Data: 845 27 5A A 29 23 0 77
ID: 153, Data: 80 0 0 FF 0 FF 0 0
ID: 316, Data: 845 27 32 A 29 23 0 77
ID: 316, Data: 845 26 1C A 29 23 0 77
ID: 280, Data: 830 0 84 A8 14 1C 89 4F
ID: 43F, Data: 80 40 60 FF 6D 4 A 0
ID: 440, Data: 8FE A0 0 A0 FF AA AA AA
ID: 43F, Data: 80 40 60 FF 6D F8 9 0
ID: 153, Data: 80 0 0 FF 0 FF 0 0
ID: 153, Data: 80 0 0 FF 0 FF 0 0
ID: 440, Data: 8FE A0 0 A0 FF AA AA AA
ID: 18F, Data: 8AA 42 0 0 0 0 0 0
ID: 440, Data: 8FE A0 0 A0 FF AA AA AA
ID: 153, Data: 80 0 0 FF 0 FF 0 0
ID: 440, Data: 8FE A0 0 A0 FF AA AA AA
ID: 43F, Data: 80 40 60 FF 6D 70 9 0
ID: 43F, Data: 80 40 60 FF 6D 68 9 0
ID: A1, Data: 880 7E 80 7E 25 0 0 0
ID: 1F0, Data: 80 40 0 0 0 0 0 0
ID: 153, Data: 80 0 0 FF 0 FF 0 0
ID: A1, Data: 880 7E 80 7E 25 0 0 0
ID: 329, Data: 8B A8 80 8 12 2C 0 26
ID: 545, Data: 8DC 21 0 8B 49 0 49 0
ID: 5F0, Data: 20 0
ID: 153, Data: 80 0 0 FF 0 FF 0 0
ID: 43F, Data: 80 40 60 FF 6D 28 9 0
ID: 1F0, Data: 80 40 0 0 0 0 0 0
ID: 153, Data: 80 0 0 FF 0 FF 0 0
ID: 329, Data: 8ED A8 80 8 12 2C 0 26
ID: 440, Data: 8FE F0 0 A0 FF AA AA AA
ID: 18F, Data: 8AA 49 0 0 0 0 0 0
ID: 5F0, Data: 20 0
ID: 153, Data: 80 0 0 FF 0 FF 0 0
ID: 43F, Data: 80 40 60 FF 6E 54 9 0
ID: 260, Data: 8A 28 2C 30 2C FF 83 31
ID: 260, Data: 8A 28 2C 30 2C FF 83 4
ID: 316, Data: 845 27 95 9 2B 23 0 77
ID: 2A0, Data: 8E0 0 89 18 33 0 11 0
ID: 43F, Data: 80 40 60 FF 6E 84 9 0
ID: 153, Data: 80 0 0 FF 0 FF 0 0
ID: 370, Data: 8FF E0 F0 F0 FF FF FF FF
ID: 43F, Data: 80 40 60 FF 6E 8C 9 0
ID: 2A0, Data: 820 0 89 18 33 0 11 0
ID: 316, Data: 845 27 B1 9 2A 23 0 77
ID: 153, Data: 80 0 0 FF 0 FF 0 0
ID: 316, Data: 845 27 D3 9 2A 23 0 77
ID: 316, Data: 845 27 C8 9 29 23 0 77
ID: 329, Data: 8ED A7 80 8 12 2C 0 26
ID: 316, Data: 845 27 C5 9 2A 23 0 77
ID: 316, Data: 845 26 CA 9 2A 23 0 77
ID: 316, Data: 845 27 E0 9 29 23 0 77
ID: 153, Data: 80 0 0 FF 0 FF 0 0
ID: 153, Data: 80 0 0 FF 0 FF 0 0
ID: 43F, Data: 80 40 60 FF 6D CC 9 0
ID: A1, Data: 880 7E 80 7E 26 0 0 0
ID: 43F, Data: 80 40 60 FF 6D B8 9 0
ID: 316, Data: 845 26 C6 9 2A 23 0 77
ID: 153, Data: 80 0 0 FF 0 FF 0 0
ID: 329, Data: 840 A7 80 8 12 2C 0 26
ID: 316, Data: 845 26 B6 9 2A 23 0 77
ID: 2A0, Data: 840 0 89 18 33 0 11 0
ID: 43F, Data: 80 40 60 FF 6D 90 9 0
ID: 43F, Data: 80 40 60 FF 6D 8C 9 0
ID: 43F, Data: 80 40 60 FF 6D 80 9 0
ID: 329, Data: 8ED A7 80 8 12 2C 0 26
ID: 440, Data: 8FE F0 0 A0 FF AA AA AA
ID: 316, Data: 845 26 72 9 2C 23 0 77
ID: 329, Data: 840 A7 80 8 12 2C 0 26
ID: 1F1, Data: 80 0 0 0 0 0 0 0
ID: 43F, Data: 80 40 60 FF 6D 40 9 0
ID: 2A0, Data: 840 0 89 18 33 0 11 0
ID: 153, Data: 80 0 0 FF 0 FF 0 0
ID: 153, Data: 80 0 0 FF 0 FF 0 0
ID: A1, Data: 880 7E 80 7E 26 0 0 0
ID: 18F, Data: 8AA 4F 0 0 0 0 0 0
ID: 2A0, Data: 8E0 0 89 18 33 0 11 0
ID: 329, Data: 840 A7 80 8 12 2C 0 26
ID: A0, Data: 83C 76 8F 9 0 24 1 0
ID: 43F, Data: 80 40 60 FF 6D 80 9 0
ID: 5A0, Data: 80 0 0 90 0 0 0 0
ID: 43F, Data: 80 40 60 FF 6D 98 9 0
ID: 153, Data: 80 0 0 FF 0 FF 0 0
ID: 153, Data: 80 0 0 FF 0 FF 0 0
ID: A0, Data: 83B 76 B6 9 0 24 1 0
ID: 545, Data: 8DC 23 0 8B 47 0 47 0
ID: 316, Data: 845 27 D0 9 2A 23 0 77
ID: A0, Data: 83B 76 C2 9 0 24 1 0
ID: 370, Data: 8FF E0 F0 F0 FF FF FF FF
ID: 153, Data: 80 0 0 FF 0 FF 0 0
ID: 280, Data: 830 0 84 A7 13 1C 89 50
ID: 43F, Data: 80 40 60 FF 6D 90 9 0
ID: A1, Data: 880 7E 80 7E 26 0 0 0
ID: 316, Data: 845 27 94 9 2C 23 0 77
ID: 1F1, Data: 80 0 0 0 0 0 0 0
ID: 153, Data: 80 0 0 FF 0 FF 0 0
ID: 43F, Data: 80 40 60 FF 6D 84 9 0
ID: A0, Data: 83B 76 B5 9 0 24 2 0
ID: 43F, Data: 80 40 60 FF 6D 94 9 0
ID: 153, Data: 80 0 0 FF 0 FF 0 0
ID: 43F, Data: 80 40 60 FF 6D A8 9 0
ID: 153, Data: 80 0 0 FF 0 FF 0 0
ID: 153, Data: 80 0 0 FF 0 FF 0 0
ID: A0, Data: 83C 76 BD 9 0 25 2 0
ID: 545, Data: 8DC 23 0 8B 4C 0 4C 0
ID: 316, Data: 845 27 C8 9 2B 23 0 77
ID: A0, Data: 83C 76 D1 9 0 25 2 0
ID: 370, Data: 8FF E0 F0 F0 FF FF FF FF
ID: 1F1, Data: 80 0 0 0 0 0 0 0
ID: 329, Data: 8B A7 80 8 12 2C 0 26
ID: 43F, Data: 80 40 60 FF 6D CC 9 0
ID: 43F, Data: 80 40 60 FF 6D DC 9 0
ID: 153, Data: 80 0 0 FF 0 FF 0 0
ID: 260, Data: 8A 27 2B 30 2C FF 75 23
ID: 316, Data: 845 27 15 A 2A 23 0 77
ID: 43F, Data: 80 40 60 FF 6D FC 9 0
ID: 316, Data: 845 26 2E A 2A 23 0 77
ID: 153, Data: 80 0 0 FF 0 FF 0 0
ID: A1, Data: 881 7E 81 7E 26 0 0 0
ID: 329, Data: 8B A7 80 8 12 2C 0 26
ID: 370, Data: 8FF E0 F0 F0 FF FF FF FF
ID: A0, Data: 839 76 38 A 0 25 2 0
ID: 153, Data: 80 0 0 FF 0 FF 0 0
ID: 316, Data: 845 26 23 A 2A 23 0 77
ID: 370, Data: 8FF E0 F0 F0 FF FF FF FF
ID: 316, Data: 845 26 1D A 2A 23 0 77
ID: 153, Data: 80 0 0 FF 0 FF 0 0
ID: 153, Data: 80 0 0 FF 0 FF 0 0
ID: 316, Data: 845 26 40 A 29 23 0 77
ID: 153, Data: 80 0 0 FF 0 FF 0 0
ID: 316, Data: 845 26 44 A 29 23 0 77
ID: 153, Data: 80 0 0 FF 0 FF 0 0
ID: 316, Data: 845 26 49 A 29 23 0 77
ID: 43F, Data: 80 40 60 FF 6D 30 A 0
ID: 316, Data: 845 26 40 A 29 23 0 77
ID: 18F, Data: 8AA 53 0 0 0 0 0 0
ID: 153, Data: 80 0 0 FF 0 FF 0 0
ID: 370, Data: 8FF E0 F0 F0 FF FF FF FF
ID: 545, Data: 8DC 26 0 8B 32 0 32 0
ID: 153, Data: 80 0 0 FF 0 FF 0 0
ID: 316, Data: 845 26 36 A 29 23 0 77
ID: 440, Data: 8FE 50 0 A0 FF AA AA AA
ID: 316, Data: 845 26 49 A 29 23 0 77
ID: 153, Data: 80 0 0 FF 0 FF 0 0
ID: 153, Data: 80 0 0 FF 0 FF 0 0
ID: 5F0, Data: 20 0
ID: 153, Data: 80 0 0 FF 0 FF 0 0
ID: 153, Data: 80 0 0 FF 0 FF 0 0
ID: 280, Data: 830 0 84 A7 14 1B 89 50
ID: 316, Data: 845 26 2C A 2A 23 0 77
ID: 440, Data: 8FE F0 0 A0 FF AA AA AA
ID: 316, Data: 845 26 36 A 29 23 0 77
ID: 329, Data: 8B A7 80 8 12 2C 0 26
ID: 153, Data: 80 0 0 FF 0 FF 0 0
ID: 43F, Data: 80 40 60 FF 6E 30 A 0
ID: 153, Data: 80 0 0 FF 0 FF 0 0
ID: 153, Data: 80 0 0 FF 0 FF 0 0
ID: 153, Data: 80 0 0 FF 0 FF 0 0
ID: A0, Data: 83A 76 55 A 0 25 2 0
ID: 316, Data: 845 25 58 A 29 23 0 77
ID: 316, Data: 845 25 78 A 28 23 0 77
ID: A1, Data: 887 7F 87 7F 26 0 0 0
ID: 153, Data: 80 0 0 FF 0 FF 0 0
ID: 43F, Data: 80 40 60 FF 6E 58 A 0
ID: 153, Data: 80 0 0 FF 0 FF 0 0
ID: 153, Data: 80 0 0 FF 0 FF 0 0
ID: 316, Data: 845 25 54 A 29 23 0 77
ID: A0, Data: 83A 76 54 A 0 25 2 0
ID: 316, Data: 845 25 4C A 29 23 0 77
ID: 153, Data: 80 0 0 FF 0 FF 0 0
ID: 153, Data: 80 0 0 FF 0 FF 0 0
ID: 316, Data: 845 25 5B A 29 23 0 77
ID: 43F, Data: 80 40 60 FF 6E 34 A 0
ID: 440, Data: 8FE A0 0 A0 FF AA AA AA
ID: 316, Data: 845 25 70 A 28 23 0 77
ID: 153, Data: 80 0 0 FF 0 FF 0 0
ID: 316, Data: 845 25 7E A 28 23 0 77
ID: 153, Data: 80 0 0 FF 0 FF 0 0
ID: 316, Data: 845 25 71 A 28 23 0 77
ID: 153, Data: 80 0 0 FF 0 FF 0 0
ID: 153, Data: 80 0 0 FF 0 FF 0 0
ID: 316, Data: 845 25 75 A 28 23 0 77
ID: 43F, Data: 80 40 60 FF 6E 5C A 0
ID: 43F, Data: 80 40 60 FF 6E 58 A 0
ID: 316, Data: 845 24 6A A 28 23 0 77
ID: 545, Data: 8DC 28 0 8C 14 0 14 0
ID: 316, Data: 845 24 70 A 28 23 0 77
ID: 153, Data: 80 0 0 FF 0 FF 0 0
ID: 329, Data: 8B A7 80 8 12 2C 0 26
ID: 316, Data: 845 24 8F A 27 23 0 77
ID: 329, Data: 840 A7 80 8 12 2C 0 26
ID: 153, Data: 80 0 0 FF 0 FF 0 0
ID: 153, Data: 80 0 0 FF 0 FF 0 0
ID: 316, Data: 845 24 93 A 27 23 0 77
ID: 370, Data: 8FF E0 F0 F0 FF FF FF FF
ID: 153, Data: 80 0 0 FF 0 FF 0 0
ID: 18F, Data: 8AA 51 0 0 0 0 0 0
ID: 316, Data: 845 24 8A A 27 23 0 77
ID: 316, Data: 845 24 90 A 27 23 0 77
ID: 545, Data: 8DC 28 0 8B B 0 B 0
ID: 316, Data: 845 24 7E A 27 23 0 77
ID: 153, Data: 80 0 0 FF 0 FF 0 0
ID: 5F0, Data: 20 0
ID: 316, Data: 845 24 86 A 27 23 0 77
ID: 153, Data: 80 0 0 FF 0 FF 0 0
ID: 316, Data: 845 24 7F A 27 23 0 77
ID: 153, Data: 80 0 0 FF 0 FF 0 0
ID: 316, Data: 845 24 A4 A 26 23 0 77
ID: 153, Data: 80 0 0 FF 0 FF 0 0
ID: 316, Data: 845 24 A1 A 26 23 0 77
ID: 316, Data: 845 24 A9 A 26 23 0 77
ID: 545, Data: 8DC 28 0 8C 3 0 3 0
ID: 316, Data: 845 24 78 A 27 23 0 77
ID: 153, Data: 80 0 0 FF 0 FF 0 0
ID: 153, Data: 80 0 0 FF 0 FF 0 0
ID: 153, Data: 80 0 0 FF 0 FF 0 0
ID: A1, Data: 88F 80 8D 80 25 0 0 0
ID: 329, Data: 840 A7 80 8 12 2C 0 26
ID: 329, Data: 884 A7 80 8 12 2C 0 26
ID: 43F, Data: 80 40 60 FF 6F 58 A 0
ID: 43F, Data: 80 40 60 FF 6F 60 A 0
ID: 153, Data: 80 0 0 FF 0 FF 0 0
ID: 440, Data: 8FE 0 0 A0 FF AA AA AA
ID: 316, Data: 845 23 75 A 27 23 0 77
ID: A0, Data: 839 76 75 A 0 25 2 0
ID: 316, Data: 845 23 7A A 26 23 0 77
ID: 370, Data: 8FF E0 F0 F0 FF FF FF FF
ID: 316, Data: 845 23 60 A 27 23 0 77
ID: 153, Data: 80 0 0 FF 0 FF 0 0
ID: 316, Data: 845 23 6E A 27 23 0 77
ID: 153, Data: 80 0 0 FF 0 FF 0 0
ID: 153, Data: 80 0 0 FF 0 FF 0 0
ID: 316, Data: 845 23 75 A 26 23 0 77
ID: 153, Data: 80 0 0 FF 0 FF 0 0
ID: 316, Data: 845 23 6E A 26 23 0 77
ID: 43F, Data: 80 40 60 FF 6F 4C A 0
ID: 153, Data: 80 0 0 FF 0 FF 0 0
ID: 545, Data: 8DC 26 0 8C 0 0 0 0
ID: 43F, Data: 80 40 60 FF 6F 30 A 0
ID: 316, Data: 845 23 57 A 27 23 0 77
ID: 316, Data: 845 23 42 A 27 23 0 77
ID: A0, Data: 838 76 5A A 0 24 2 0
ID: 316, Data: 845 23 4D A 27 23 0 77
ID: 440, Data: 8FE 0 0 A0 FF AA AA AA
ID: 316, Data: 845 23 5B A 27 23 0 77
ID: A0, Data: 838 76 57 A 0 24 2 0
ID: 153, Data: 80 0 0 FF 0 FF 0 0
ID: 316, Data: 845 23 65 A 26 23 0 77
ID: 370, Data: 8FF E0 F0 F0 FF FF FF FF
ID: 316, Data: 845 23 5C A 26 23 0 77
ID: 18F, Data: 8AA 52 0 0 0 0 0 0
ID: 43F, Data: 80 40 60 FF 6F 48 A 0
ID: 153, Data: 80 0 0 FF 0 FF 0 0
ID: 153, Data: 80 0 0 FF 0 FF 0 0
ID: 153, Data: 80 0 0 FF 0 FF 0 0
ID: 280, Data: 830 0 84 A8 14 1A 89 4D
ID: 316, Data: 845 23 50 A 27 23 0 77
ID: 440, Data: 8FE 0 0 A0 FF AA AA AA
ID: 153, Data: 80 0 0 FF 0 FF 0 0
ID: 316, Data: 845 23 48 A 27 23 0 77
ID: 316, Data: 845 23 54 A 26 23 0 77
ID: 545, Data: 8DC 27 0 8C 1 0 1 0
ID: 153, Data: 80 0 0 FF 0 FF 0 0
ID: A1, Data: 891 80 8F 80 24 0 0 0
ID: 440, Data: 8FE 0 0 A0 FF AA AA AA
ID: A0, Data: 839 76 3E A 0 24 2 0
ID: 316, Data: 845 23 3D A 27 23 0 77
ID: 440, Data: 8FE 0 0 A0 FF AA AA AA
ID: 153, Data: 80 0 0 FF 0 FF 0 0
ID: 2A0, Data: 8E0 0 89 18 33 0 11 0
ID: 316, Data: 845 23 51 A 26 23 0 77
ID: 545, Data: 8DC 27 0 8C 3 0 3 0
ID: 153, Data: 80 0 0 FF 0 FF 0 0
ID: 2A0, Data: 8E0 0 89 18 33 0 11 0
ID: 260, Data: 8A 24 26 30 2C FF 6E 5
ID: 43F, Data: 80 40 60 FF 6F 50 A 0
ID: 316, Data: 845 23 6D A 26 23 0 77
ID: 316, Data: 845 23 49 A 27 23 0 77
ID: 260, Data: 8A 23 27 30 2C FF 6D 15
ID: 316, Data: 845 23 57 A 26 23 0 77
ID: 316, Data: 845 23 55 A 26 23 0 77
ID: A1, Data: 891 81 8F 80 24 0 0 0
ID: 440, Data: 8FE 50 0 A0 FF AA AA AA
ID: 440, Data: 8FE 50 0 A0 FF AA AA AA
ID: 545, Data: 8DC 27 0 8B 0 0 0 0
ID: 153, Data: 80 0 0 FF 0 FF 0 0
ID: 5F0, Data: 20 0
ID: 43F, Data: 80 40 60 FF 6F 30 A 0
ID: A1, Data: 891 81 8F 80 25 0 0 0
ID: 5F0, Data: 20 0
ID: 153, Data: 80 0 0 FF 0 FF 0 0
ID: 153, Data: 80 0 0 FF 0 FF 0 0
ID: 1F1, Data: 80 0 0 0 0 0 0 0
ID: 316, Data: 845 23 55 A 26 23 0 77
ID: 43F, Data: 80 40 60 FF 6F 34 A 0
ID: 43F, Data: 80 40 60 FF 6F 40 A 0
ID: 329, Data: 884 A8 80 8 12 2C 0 26
ID: A1, Data: 88F 81 8D 80 24 0 0 0
ID: 153, Data: 80 0 0 FF 0 FF 0 0
ID: 153, Data: 80 0 0 FF 0 FF 0 0
ID: 153, Data: 80 0 0 FF 0 FF 0 0
ID: A0, Data: 838 77 5B A 0 24 2 0
ID: 316, Data: 845 23 5B A 26 23 0 77
ID: 316, Data: 845 23 58 A 26 23 0 77
ID: A0, Data: 838 77 58 A 0 24 2 0
ID: 316, Data: 845 23 31 A 26 23 0 77
ID: 5F0, Data: 20 0
ID: 316, Data: 845 23 40 A 26 23 0 77
ID: 43F, Data: 80 40 60 FF 6F 20 A 0
ID: 43F, Data: 80 40 60 FF 6F 24 A 0
ID: 370, Data: 8FF E0 F0 F0 FF FF FF FF
ID: 316, Data: 845 23 5E A 26 23 0 77
ID: 280, Data: 830 0 84 A8 14 1A 88 4D
ID: 43F, Data: 80 40 60 FF 6F 40 A 0
ID: 43F, Data: 80 40 60 FF 6F 34 A 0
ID: 329, Data: 8ED A8 80 8 12 2C 0 26
ID: 370, Data: 8FF E0 F0 F0 FF FF FF FF
ID: 316, Data: 845 23 36 A 26 23 0 77
ID: 260, Data: 8A 23 27 30 2C FF 6F 13
ID: 43F, Data: 80 40 60 FF 6F 14 A 0
ID: 43F, Data: 80 40 60 FF 6F C A 0
ID: 280, Data: 830 0 84 A8 14 1A 88 4D
ID: 18F, Data: 8AA 56 0 0 0 0 0 0
ID: 153, Data: 80 0 0 FF 0 FF 0 0
ID: 43F, Data: 80 40 60 FF 6F F4 9 0
ID: A0, Data: 839 77 6 A 0 24 2 0
ID: 43F, Data: 80 40 60 FF 6F 0 A 0
ID: A0, Data: 839 77 34 A 0 24 2 0
ID: 153, Data: 80 0 0 FF 0 FF 0 0
ID: 18F, Data: 8AA 57 0 0 0 0 0 0
ID: 316, Data: 845 23 4C A 26 23 0 77
ID: 316, Data: 845 23 41 A 26 23 0 77
ID: 2A0, Data: 880 0 88 18 33 0 11 0
ID: 153, Data: 80 0 0 FF 0 FF 0 0
ID: 316, Data: 845 23 5C A 25 23 0 77
ID: 43F, Data: 80 40 60 FF 6F 48 A 0
ID: 316, Data: 845 23 73 A 25 23 0 77
ID: 316, Data: 845 23 75 A 25 23 0 77
ID: 18F, Data: 8AA 57 0 0 0 0 0 0
ID: 316, Data: 845 23 74 A 25 23 0 77
ID: 153, Data: 80 0 0 FF 0 FF 0 0
ID: 5F0, Data: 20 0
ID: 153, Data: 80 0 0 FF 0 FF 0 0
ID: 316, Data: 845 22 6D A 25 23 0 77
ID: 2A0, Data: 8E0 0 88 18 33 0 11 0
ID: 316, Data: 845 22 73 A 25 23 0 77
ID: 316, Data: 845 22 71 A 25 23 0 77
ID: 280, Data: 830 0 84 A8 14 19 88 4C
ID: 43F, Data: 80 40 60 FF 6F 54 A 0
ID: 43F, Data: 80 40 60 FF 6F 58 A 0
ID: 153, Data: 80 0 0 FF 0 FF 0 0
ID: A1, Data: 88F 82 8D 81 24 0 0 0
ID: 329, Data: 8B A8 80 8 12 2C 0 26
ID: 545, Data: 8DC 26 0 8B E9 FF E9 FF
ID: 43F, Data: 80 40 60 FF 6F 3C A 0
ID: 153, Data: 80 0 0 FF 0 FF 0 0
ID: 316, Data: 845 22 40 A 26 23 0 77
ID: 153, Data: 80 0 0 FF 0 FF 0 0
ID: 329, Data: 884 A8 80 8 12 2C 0 26
ID: 316, Data: 845 22 35 A 26 23 0 77
ID: 2A0, Data: 840 0 88 18 33 0 11 0
ID: 316, Data: 845 22 47 A 26 23 0 77
ID: 153, Data: 80 0 0 FF 0 FF 0 0
ID: 316, Data: 845 22 44 A 26 23 0 77
ID: 370, Data: 8FF E0 F0 F0 FF FF FF FF
ID: 1F0, Data: 80 40 0 0 0 0 0 0
ID: 316, Data: 845 22 45 A 26 23 0 77
ID: 153, Data: 80 0 0 FF 0 FF 0 0
ID: 316, Data: 845 22 39 A 26 23 0 77
ID: 153, Data: 80 0 0 FF 0 FF 0 0
ID: 316, Data: 845 22 39 A 26 23 0 77
ID: 43F, Data: 80 40 60 FF 6F 1C A 0
ID: 316, Data: 845 22 2D A 26 23 0 77
ID: 2A0, Data: 820 0 88 18 33 0 11 0
ID: 153, Data: 80 0 0 FF 0 FF 0 0
ID: 5F0, Data: 20 0
ID: 153, Data: 80 0 0 FF 0 FF 0 0
ID: 316, Data: 845 22 23 A 26 23 0 77
ID: 260, Data: 8A 23 26 30 2C FF 70 3
ID: 153, Data: 80 0 0 FF 0 FF 0 0
ID: 316, Data: 845 22 30 A 26 23 0 77
ID: 153, Data: 80 0 0 FF 0 FF 0 0
ID: 316, Data: 845 23 3E A 26 23 0 77
ID: 316, Data: 845 22 41 A 26 23 0 77
ID: 153, Data: 80 0 0 FF 0 FF 0 0
ID: 153, Data: 80 0 0 FF 0 FF 0 0
ID: 18F, Data: 8AA 58 0 0 0 0 0 0
ID: 370, Data: 8FF E0 F0 F0 FF FF FF FF
ID: 153, Data: 80 0 0 FF 0 FF 0 0
ID: 43F, Data: 80 40 60 FF 6F 10 A 0
ID: 260, Data: 8A 23 26 30 2C FF 70 12
ID: A1, Data: 88D 82 8B 81 24 0 0 0
ID: 316, Data: 845 23 13 A 26 23 0 77
ID: 316, Data: 845 23 C A 26 23 0 77
ID: 260, Data: 8A 23 26 30 2C FF 72 2F
ID: 153, Data: 80 0 0 FF 0 FF 0 0
ID: 153, Data: 80 0 0 FF 0 FF 0 0
ID: 316, Data: 845 23 14 A 26 23 0 77
ID: 153, Data: 80 0 0 FF 0 FF 0 0
ID: 316, Data: 845 23 25 A 26 23 0 77
ID: 370, Data: 8FF E0 F0 F0 FF FF FF FF
ID: 153, Data: 80 0 0 FF 0 FF 0 0
ID: 316, Data: 845 23 3A A 25 23 0 77
ID: A1, Data: 88D 83 89 82 24 0 0 0
ID: 316, Data: 845 23 3C A 25 23 0 77
ID: 316, Data: 845 23 41 A 25 23 0 77
ID: 153, Data: 80 0 0 FF 0 FF 0 0
ID: 153, Data: 80 0 0 FF 0 FF 0 0
ID: 280, Data: 830 0 84 A9 14 1A 88 4D
ID: 316, Data: 845 22 60 A 25 23 0 77
ID: 153, Data: 80 0 0 FF 0 FF 0 0
ID: 153, Data: 80 0 0 FF 0 FF 0 0
ID: 316, Data: 845 22 5C A 25 23 0 77
ID: 260, Data: 8A 23 25 30 2C FF 6D 35
ID: 316, Data: 845 22 47 A 25 23 0 77
ID: 316, Data: 845 22 4B A 25 23 0 77
ID: 43F, Data: 80 40 60 FF 6F 2C A 0
ID: 43F, Data: 80 40 60 FF 6F 2C A 0
ID: 43F, Data: 80 40 60 FF 6F 2C A 0
ID: 280, Data: 830 0 84 A9 14 1A 88 4C
ID: A1, Data: 88F 83 89 82 24 0 0 0
ID: 153, Data: 80 0 0 FF 0 FF 0 0
ID: 316, Data: 845 22 3D A 25 23 0 77
ID: 43F, Data: 80 40 60 FF 6F 20 A 0
ID: 316, Data: 845 22 49 A 25 23 0 77
ID: 280, Data: 830 0 84 A9 14 1A 88 4C
ID: 153, Data: 80 0 0 FF 0 FF 0 0
ID: 316, Data: 845 22 5C A 25 23 0 77
ID: 153, Data: 80 0 0 FF 0 FF 0 0
ID: 316, Data: 845 22 4F A 25 23 0 77
ID: 316, Data: 845 22 5B A 25 23 0 77
ID: 545, Data: 8DC 26 0 8B EE FF EE FF
ID: 43F, Data: 80 40 60 FF 6F 38 A 0
ID: 316, Data: 845 22 44 A 25 23 0 77
ID: 280, Data: 830 0 84 A9 14 19 88 4C
ID: 153, Data: 80 0 0 FF 0 FF 0 0
ID: 153, Data: 80 0 0 FF 0 FF 0 0
ID: 316, Data: 845 22 54 A 24 23 0 77
ID: 43F, Data: 80 40 60 FF 6F 38 A 0
ID: 43F, Data: 80 40 60 FF 6F 3C A 0
ID: 440, Data: 8FE F0 0 A0 FF AA AA AA
ID: 440, Data: 8FE F0 0 A0 FF AA AA AA
ID: 316, Data: 845 23 2C A 24 23 0 77
ID: 280, Data: 830 0 84 A9 14 1A 88 4E
ID: 43F, Data: 80 40 60 FF 6F 24 A 0
ID: 440, Data: 8FE 0 0 A0 FF AA AA AA
ID: 329, Data: 8B A9 80 8 12 2C 0 26
ID: A1, Data: 88B 83 8B 82 25 0 0 0
ID: 153, Data: 80 0 0 FF 0 FF 0 0
ID: 153, Data: 80 0 0 FF 0 FF 0 0
ID: 370, Data: 8FF E0 F0 F0 FF FF FF FF
ID: A0, Data: 836 77 6D A 0 24 2 0
ID: 316, Data: 845 22 74 A 24 23 0 77
ID: 1F1, Data: 80 0 0 0 0 0 0 0
ID: 153, Data: 80 0 0 FF 0 FF 0 0
ID: 43F, Data: 80 40 60 FF 6F 48 A 0
ID: 153, Data: 80 0 0 FF 0 FF 0 0
ID: 316, Data: 845 22 40 A 25 23 0 77
ID: 153, Data: 80 0 0 FF 0 FF 0 0
ID: 316, Data: 845 22 5B A 24 23 0 77
ID: 153, Data: 80 0 0 FF 0 FF 0 0
ID: 153, Data: 80 0 0 FF 0 FF 0 0
ID: 370, Data: 8FF E0 F0 F0 FF FF FF FF
ID: 43F, Data: 80 40 60 FF 70 54 A 0
ID: 316, Data: 845 22 83 A 24 23 0 77
ID: 18F, Data: 8AA 5A 0 0 0 0 0 0
ID: 153, Data: 80 0 0 FF 0 FF 0 0
ID: 370, Data: 8FF E0 F0 F0 FF FF FF FF
ID: 545, Data: 8DC 27 0 8C E6 FF E6 FF
ID: 316, Data: 845 22 5E A 24 23 0 77
ID: 2A0, Data: 840 0 88 18 33 0 11 0
ID: 43F, Data: 80 40 60 FF 6F 3C A 0
ID: 316, Data: 845 22 5C A 24 23 0 77
ID: 1F1, Data: 80 0 0 0 0 0 0 0
ID: 260, Data: 8A 22 24 30 2C FF 6D 37
ID: 316, Data: 845 21 65 A 24 23 0 77
ID: 2A0, Data: 820 0 88 18 33 0 11 0
ID: 43F, Data: 80 40 60 FF 6F 48 A 0
ID: 43F, Data: 80 40 60 FF 6F 48 A 0
ID: 43F, Data: 80 40 60 FF 6F 40 A 0
ID: 329, Data: 8ED A9 80 8 12 2B 0 26
ID: 2A0, Data: 8E0 0 88 18 33 0 11 0
ID: 316, Data: 845 21 44 A 24 23 0 77
ID: 153, Data: 80 0 0 FF 0 FF 0 0
ID: 545, Data: 8DC 25 0 8B E1 FF E1 FF
ID: 316, Data: 845 21 5B A 24 23 0 77
ID: A1, Data: 88D 84 8E 83 24 0 0 0
ID: 316, Data: 845 21 3C A 24 23 0 77
ID: 153, Data: 80 0 0 FF 0 FF 0 0
ID: 280, Data: 830 0 84 A9 14 19 88 4C
ID: 316, Data: 845 21 38 A 24 23 0 77
ID: 43F, Data: 80 40 60 FF 6F 18 A 0
ID: 43F, Data: 80 40 60 FF 6F 18 A 0
ID: 43F, Data: 80 40 60 FF 6F 14 A 0
ID: 316, Data: 845 21 34 A 24 23 0 77
ID: 545, Data: 8DC 25 0 8C E6 FF E6 FF
ID: 153, Data: 80 0 0 FF 0 FF 0 0
ID: 316, Data: 845 21 28 A 25 23 0 77
ID: 316, Data: 845 21 21 A 25 23 0 77
ID: 153, Data: 80 0 0 FF 0 FF 0 0
ID: 153, Data: 80 0 0 FF 0 FF 0 0
ID: 18F, Data: 8AA 5B 0 0 0 0 0 0
ID: 316, Data: 845 22 38 A 24 23 0 77
ID: 153, Data: 80 0 0 FF 0 FF 0 0
ID: 2A0, Data: 840 0 88 18 33 0 11 0
ID: 316, Data: 845 22 41 A 24 23 0 77
ID: 280, Data: 830 0 84 A9 14 19 88 4C
ID: 43F, Data: 80 40 60 FF 70 30 A 0
ID: 316, Data: 845 22 42 A 24 23 0 77
ID: 545, Data: 8DC 25 0 8B E7 FF E7 FF
ID: 153, Data: 80 0 0 FF 0 FF 0 0
ID: 153, Data: 80 0 0 FF 0 FF 0 0
ID: 316, Data: 845 21 60 A 24 23 0 77
ID: 153, Data: 80 0 0 FF 0 FF 0 0
ID: 316, Data: 845 21 55 A 24 23 0 77
ID: 153, Data: 80 0 0 FF 0 FF 0 0
ID: 153, Data: 80 0 0 FF 0 FF 0 0
ID: 43F, Data: 80 40 60 FF 6F 38 A 0
ID: 153, Data: 80 0 0 FF 0 FF 0 0
ID: 43F, Data: 80 40 60 FF 6F 1C A 0
ID: 153, Data: 80 0 0 FF 0 FF 0 0
ID: 316, Data: 845 21 42 A 24 23 0 77
ID: 153, Data: 80 0 0 FF 0 FF 0 0
ID: 153, Data: 80 0 0 FF 0 FF 0 0
ID: 316, Data: 845 21 2E A 24 23 0 77
ID: 43F, Data: 80 40 60 FF 70 18 A 0
ID: 316, Data: 845 21 40 A 24 23 0 77
ID: 316, Data: 845 21 47 A 24 23 0 77
ID: 2A0, Data: 880 0 88 18 33 0 11 0
ID: 316, Data: 845 21 44 A 24 23 0 77
ID: 153, Data: 80 0 0 FF 0 FF 0 0
ID: 280, Data: 830 0 84 AA 14 19 88 4C
ID: 316, Data: 845 21 44 A 24 23 0 77
ID: 43F, Data: 80 40 60 FF 6F 28 A 0
ID: 43F, Data: 80 40 60 FF 70 2C A 0
ID: 43F, Data: 80 40 60 FF 70 30 A 0
ID: 329, Data: 884 AA 80 8 12 2B 0 26
ID: A0, Data: 836 78 4B A 0 24 2 0
ID: 153, Data: 80 0 0 FF 0 FF 0 0
ID: 440, Data: 8FE 50 0 A0 FF AA AA AA
ID: 43F, Data: 80 40 60 FF 70 38 A 0
ID: 316, Data: 845 21 4D A 24 23 0 77
ID: 316, Data: 845 21 45 A 24 23 0 77
ID: 18F, Data: 8AA 5A 0 0 0 0 0 0
ID: 316, Data: 845 21 53 A 24 23 0 77
ID: 153, Data: 80 0 0 FF 0 FF 0 0
ID: 316, Data: 845 21 48 A 24 23 0 77
ID: 153, Data: 80 0 0 FF 0 FF 0 0
ID: 153, Data: 80 0 0 FF 0 FF 0 0
ID: 43F, Data: 80 40 60 FF 70 38 A 0
ID: 43F, Data: 80 40 60 FF 6F 38 A 0
ID: 43F, Data: 80 40 60 FF 6F 34 A 0
ID: 43F, Data: 80 40 60 FF 6F 30 A 0
ID: 316, Data: 845 21 49 A 24 23 0 77
ID: 260, Data: 8A 21 24 30 2C FF 6F 27
ID: 153, Data: 80 0 0 FF 0 FF 0 0
ID: 316, Data: 845 21 44 A 24 23 0 77
ID: 316, Data: 845 21 53 A 23 23 0 77
ID: 329, Data: 8B AA 80 8 12 2B 0 26
ID: 153, Data: 80 0 0 FF 0 FF 0 0
ID: 153, Data: 80 0 0 FF 0 FF 0 0
ID: 153, Data: 80 0 0 FF 0 FF 0 0
ID: 260, Data: 8A 21 24 30 2C FF 6F 36
ID: 316, Data: 845 21 50 A 24 23 0 77
ID: 43F, Data: 80 40 60 FF 70 34 A 0
ID: 153, Data: 80 0 0 FF 0 FF 0 0
ID: 316, Data: 845 21 5A A 23 23 0 77
ID: 153, Data: 80 0 0 FF 0 FF 0 0
ID: 280, Data: 830 0 84 AA 14 19 88 4C
ID: 316, Data: 845 21 38 A 24 23 0 77
ID: 43F, Data: 80 40 60 FF 70 24 A 0
ID: 316, Data: 845 21 4C A 24 23 0 77
ID: 5F0, Data: 20 0
ID: 2A0, Data: 880 0 88 1C 33 0 11 0
ID: 280, Data: 830 0 84 AA 14 19 88 4C
ID: A1, Data: 889 85 8B 84 24 0 0 0
ID: 316, Data: 845 21 3D A 24 23 0 77
ID: 153, Data: 80 0 0 FF 0 FF 0 0
ID: 545, Data: 8DC 25 0 8C E4 FF E4 FF
ID: 43F, Data: 80 40 60 FF 70 2C A 0
ID: 18F, Data: 8AA 5A 0 0 0 0 0 0
ID: 1F0, Data: 80 40 0 0 0 0 0 0
ID: 440, Data: 8FE 0 0 A0 FF AA AA AA
ID: 316, Data: 845 21 47 A 24 23 0 77
ID: 43F, Data: 80 40 60 FF 70 30 A 0
ID: 43F, Data: 80 40 60 FF 70 30 A 0
ID: 440, Data: 8FE 0 0 A0 FF AA AA AA
ID: 316, Data: 845 21 3D A 24 23 0 77
ID: 153, Data: 80 0 0 FF 0 FF 0 0
ID: 153, Data: 80 0 0 FF 0 FF 0 0
ID: 316, Data: 845 21 45 A 24 23 0 77
ID: 43F, Data: 80 40 60 FF 70 28 A 0
ID: 153, Data: 80 0 0 FF 0 FF 0 0
ID: 316, Data: 845 21 41 A 24 23 0 77
ID: 43F, Data: 80 40 60 FF 70 1C A 0
ID: 440, Data: 8FE 0 0 A0 FF AA AA AA
ID: 370, Data: 8FF E0 F0 F0 FF FF FF FF
ID: 153, Data: 80 0 0 FF 0 FF 0 0
ID: 329, Data: 884 AA 80 8 12 2B 0 26
ID: 153, Data: 80 0 0 FF 0 FF 0 0
ID: 2A0, Data: 820 0 88 1C 33 0 11 0
ID: 316, Data: 845 21 42 A 24 23 0 77
ID: 1F1, Data: 80 0 0 0 0 0 0 0
ID: 1F0, Data: 80 40 0 0 0 0 0 0
ID: 370, Data: 8FF E0 F0 F0 FF FF FF FF
ID: 316, Data: 845 21 6D A 23 23 0 77
ID: A1, Data: 88B 85 8B 84 24 0 0 0
ID: 316, Data: 845 21 86 A 23 23 0 77
ID: 316, Data: 845 21 8A A 23 23 0 77
ID: 316, Data: 845 21 78 A 23 23 0 77
ID: 153, Data: 80 0 0 FF 0 FF 0 0
ID: 153, Data: 80 0 0 FF 0 FF 0 0
ID: 316, Data: 845 21 53 A 23 23 0 77
ID: 545, Data: 8DC 25 0 8C DA FF DA FF
ID: 153, Data: 80 0 0 FF 0 FF 0 0
ID: 316, Data: 845 21 49 A 24 23 0 77
ID: 5F0, Data: 20 0
ID: 280, Data: 830 0 84 AA 14 19 88 4B
ID: 316, Data: 845 21 5A A 23 23 0 77
ID: 43F, Data: 80 40 60 FF 6F 38 A 0
ID: 316, Data: 845 21 4F A 23 23 0 77
ID: 316, Data: 845 21 5E A 23 23 0 77
ID: 316, Data: 845 21 55 A 23 23 0 77
ID: 153, Data: 80 0 0 FF 0 FF 0 0
ID: 316, Data: 845 21 44 A 23 23 0 77
ID: 316, Data: 845 21 4D A 23 23 0 77
ID: 280, Data: 830 0 84 AA 14 19 88 4B
ID: 43F, Data: 80 40 60 FF 70 24 A 0
ID: 370, Data: 8FF E0 F0 F0 FF FF FF FF
ID: 329, Data: 840 AA 80 8 12 2B 0 26
ID: 316, Data: 845 21 58 A 23 23 0 77
ID: 316, Data: 845 21 54 A 23 23 0 77
ID: A1, Data: 88B 85 8B 84 24 0 0 0
ID: 43F, Data: 80 40 60 FF 70 34 A 0
ID: 43F, Data: 80 40 60 FF 70 30 A 0
ID: 43F, Data: 80 40 60 FF 6F 30 A 0
ID: 280, Data: 830 0 84 AA 14 19 88 4C
ID: 18F, Data: 8AA 59 0 0 0 0 0 0
ID: 316, Data: 845 21 66 A 23 23 0 77
ID: 440, Data: 8FE 50 0 A0 FF AA AA AA
ID: 316, Data: 845 21 6D A 23 23 0 77
ID: 153, Data: 80 0 0 FF 0 FF 0 0
ID: 316, Data: 845 21 63 A 23 23 0 77
ID: 153, Data: 80 0 0 FF 0 FF 0 0
ID: 153, Data: 80 0 0 FF 0 FF 0 0
ID: 316, Data: 845 21 5A A 23 23 0 77
ID: 370, Data: 8FF E0 F0 F0 FF FF FF FF
ID: 5F0, Data: 20 0
ID: A1, Data: 88B 85 8B 84 24 0 0 0
ID: 153, Data: 80 0 0 FF 0 FF 0 0
ID: A0, Data: 836 78 57 A 0 24 2 0
ID: 153, Data: 80 0 0 FF 0 FF 0 0
ID: 316, Data: 845 21 5B A 23 23 0 77
ID: 153, Data: 80 0 0 FF 0 FF 0 0
ID: 280, Data: 830 0 84 AA 14 19 88 4B
ID: 370, Data: 8FF E0 F0 F0 FF FF FF FF
ID: A1, Data: 88D 85 89 84 24 0 0 0
ID: 316, Data: 845 21 55 A 23 23 0 77
ID: 316, Data: 845 21 4F A 23 23 0 77
ID: 43F, Data: 80 40 60 FF 70 30 A 0
ID: 153, Data: 80 0 0 FF 0 FF 0 0
ID: 43F, Data: 80 40 60 FF 70 38 A 0
ID: 43F, Data: 80 40 60 FF 70 44 A 0
ID: 153, Data: 80 0 0 FF 0 FF 0 0
ID: 316, Data: 845 21 4C A 23 23 0 77
ID: 316, Data: 845 20 4B A 23 23 0 77
ID: 545, Data: 8DC 25 0 8C D3 FF D3 FF
ID: 153, Data: 80 0 0 FF 0 FF 0 0
ID: 316, Data: 845 21 45 A 23 23 0 77
ID: 43F, Data: 80 40 60 FF 70 2C A 0
ID: 316, Data: 845 21 49 A 23 23 0 77
ID: 545, Data: 8DC 24 0 8C D7 FF D7 FF
ID: 316, Data: 845 21 40 A 23 23 0 77
ID: 316, Data: 845 21 3E A 23 23 0 77
ID: 43F, Data: 80 40 60 FF 70 20 A 0
ID: 43F, Data: 80 40 60 FF 70 28 A 0
ID: 43F, Data: 80 40 60 FF 70 38 A 0
ID: 316, Data: 845 21 58 A 23 23 0 77
ID: A0, Data: 835 78 65 A 0 24 2 0
ID: 316, Data: 845 21 53 A 23 23 0 77
ID: 440, Data: 8FE 50 0 A0 FF AA AA AA
ID: 153, Data: 80 0 0 FF 0 FF 0 0
ID: A1, Data: 88D 85 8A 84 24 0 0 0
ID: 329, Data: 884 AB 80 8 12 2B 0 26
ID: 545, Data: 8DC 24 0 8B D6 FF D6 FF
ID: 153, Data: 80 0 0 FF 0 FF 0 0
ID: 153, Data: 80 0 0 FF 0 FF 0 0
ID: 316, Data: 845 21 44 A 23 23 0 77
ID: 153, Data: 80 0 0 FF 0 FF 0 0
ID: 316, Data: 845 21 5C A 22 23 0 77
ID: 153, Data: 80 0 0 FF 0 FF 0 0
ID: 153, Data: 80 0 0 FF 0 FF 0 0
ID: 43F, Data: 80 40 60 FF 70 38 A 0
ID: 153, Data: 80 0 0 FF 0 FF 0 0
ID: 316, Data: 845 21 41 A 23 23 0 77
ID: 153, Data: 80 0 0 FF 0 FF 0 0
ID: 316, Data: 845 21 24 A 23 23 0 77
ID: 1F0, Data: 80 40 0 0 0 0 0 0
ID: 153, Data: 80 0 0 FF 0 FF 0 0
ID: 316, Data: 845 21 39 A 23 23 0 77
ID: 43F, Data: 80 40 60 FF 70 8 A 0
ID: 440, Data: 8FE 0 0 A0 FF AA AA AA
ID: 43F, Data: 80 40 60 FF 70 2C A 0
ID: 280, Data: 830 0 84 AB 14 18 88 4B
ID: 18F, Data: 8AA 57 0 0 0 0 0 0
ID: 153, Data: 80 0 0 FF 0 FF 0 0
ID: 5F0, Data: 20 0
ID: 43F, Data: 80 40 60 FF 70 28 A 0
ID: A0, Data: 836 79 42 A 0 24 2 0
ID: 5F0, Data: 20 0
ID: 43F, Data: 80 40 60 FF 70 2C A 0
ID: 153, Data: 80 0 0 FF 0 FF 0 0
ID: 316, Data: 845 21 73 A 22 23 0 77
ID: A0, Data: 835 79 73 A 0 24 2 0
ID: 153, Data: 80 0 0 FF 0 FF 0 0
ID: 316, Data: 845 20 50 A 22 23 0 77
ID: 43F, Data: 80 40 60 FF 70 44 A 0
ID: 5F0, Data: 20 0
ID: 316, Data: 845 20 63 A 22 23 0 77
ID: 316, Data: 845 20 63 A 22 23 0 77
ID: 2A0, Data: 880 0 88 1C 33 0 11 0
ID: 43F, Data: 80 40 60 FF 70 40 A 0
ID: 43F, Data: 80 40 60 FF 70 38 A 0
ID: 153, Data: 80 0 0 FF 0 FF 0 0
ID: 316, Data: 845 20 5E A 22 23 0 77
ID: 316, Data: 845 20 5E A 22 23 0 77
ID: 2A0, Data: 8E0 0 88 1C 33 0 11 0
ID: 440, Data: 8FE F0 0 A0 FF AA AA AA
ID: 153, Data: 80 0 0 FF 0 FF 0 0
ID: 2A0, Data: 8E0 0 88 1C 33 0 11 0
ID: 316, Data: 845 20 36 A 23 23 0 77
ID: 545, Data: 8DC 24 0 8B CD FF CD FF
ID: 153, Data: 80 0 0 FF 0 FF 0 0
ID: 153, Data: 80 0 0 FF 0 FF 0 0
ID: 316, Data: 845 20 65 A 22 23 0 77
ID: 153, Data: 80 0 0 FF 0 FF 0 0
ID: 5F0, Data: 20 0
ID: 153, Data: 80 0 0 FF 0 FF 0 0
ID: 316, Data: 845 20 5B A 22 23 0 77
ID: 370, Data: 8FF E0 F0 F0 FF FF FF FF
ID: 316, Data: 845 20 5C A 22 23 0 77
ID: A0, Data: 835 79 58 A 0 24 2 0
ID: 153, Data: 80 0 0 FF 0 FF 0 0
ID: 316, Data: 845 20 42 A 23 23 0 77
ID: 5F0, Data: 20 0
ID: 153, Data: 80 0 0 FF 0 FF 0 0
ID: 153, Data: 80 0 0 FF 0 FF 0 0
ID: 1F0, Data: 80 40 0 0 0 0 0 0
ID: 545, Data: 8DC 23 0 8B C8 FF C8 FF
ID: 43F, Data: 80 40 60 FF 70 24 A 0
ID: 2A0, Data: 820 0 88 1C 33 0 11 0
ID: 153, Data: 80 0 0 FF 0 FF 0 0
ID: 5F0, Data: 20 0
ID: 43F, Data: 80 40 60 FF 70 20 A 0
ID: 153, Data: 80 0 0 FF 0 FF 0 0
ID: 153, Data: 80 0 0 FF 0 FF 0 0
ID: 1F0, Data: 80 40 0 0 0 0 0 0
ID: 2A0, Data: 840 0 88 1C 33 0 11 0
ID: 316, Data: 845 20 23 A 23 23 0 77
ID: 316, Data: 845 20 25 A 23 23 0 77
ID: 43F, Data: 80 40 60 FF 70 8 A 0
ID: 43F, Data: 80 40 60 FF 70 C A 0
ID: 43F, Data: 80 40 60 FF 70 10 A 0
ID: 316, Data: 845 20 28 A 23 23 0 77
ID: 316, Data: 845 20 32 A 23 23 0 77
ID: A1, Data: 88C 85 8C 84 23 0 0 0
ID: 316, Data: 845 20 31 A 23 23 0 77
ID: 153, Data: 80 0 0 FF 0 FF 0 0
ID: 153, Data: 80 0 0 FF 0 FF 0 0
ID: 43F, Data: 80 40 60 FF 70 20 A 0
ID: 153, Data: 80 0 0 FF 0 FF 0 0
ID: 316, Data: 845 20 25 A 23 23 0 77
ID: 153, Data: 80 0 0 FF 0 FF 0 0
ID: 316, Data: 845 20 20 A 23 23 0 77
ID: 316, Data: 845 20 34 A 23 23 0 77
ID: 1F0, Data: 80 40 0 0 0 0 0 0
ID: 153, Data: 80 0 0 FF 0 FF 0 0
ID: 316, Data: 845 20 3A A 23 23 0 77
ID: 316, Data: 845 20 4C A 22 23 0 77
ID: 280, Data: 830 0 84 AB 14 18 88 4B
ID: 153, Data: 80 0 0 FF 0 FF 0 0
ID: 316, Data: 845 20 3C A 22 23 0 77
ID: 153, Data: 80 0 0 FF 0 FF 0 0
ID: 316, Data: 845 20 41 A 22 23 0 77
ID: 316, Data: 845 20 42 A 22 23 0 77
ID: 316, Data: 845 20 45 A 22 23 0 77
ID: 1F0, Data: 80 40 0 0 0 0 0 0
ID: 153, Data: 80 0 0 FF 0 FF 0 0
ID: 316, Data: 845 20 45 A 22 23 0 77
ID: 18F, Data: 8AA 55 0 0 0 0 0 0
ID: 153, Data: 80 0 0 FF 0 FF 0 0
ID: 43F, Data: 80 40 60 FF 70 4 A 0
ID: 280, Data: 830 0 84 AB 14 19 88 4C
ID: 18F, Data: 8AA 55 0 0 0 0 0 0
ID: 153, Data: 80 0 0 FF 0 FF 0 0
ID: 43F, Data: 80 40 60 FF 70 14 A 0
ID: A0, Data: 837 79 3D A 0 24 2 0
ID: 43F, Data: 80 40 60 FF 70 1C A 0
ID: 153, Data: 80 0 0 FF 0 FF 0 0
ID: 153, Data: 80 0 0 FF 0 FF 0 0
ID: 153, Data: 80 0 0 FF 0 FF 0 0
ID: 370, Data: 8FF E0 F0 F0 FF FF FF FF
ID: 316, Data: 845 20 62 A 22 23 0 77
ID: 153, Data: 80 0 0 FF 0 FF 0 0
ID: 153, Data: 80 0 0 FF 0 FF 0 0
ID: 440, Data: 8FE F0 0 A0 FF AA AA AA
ID: 43F, Data: 80 40 60 FF 70 44 A 0
ID: 440, Data: 8FE F0 0 A0 FF AA AA AA
ID: 280, Data: 830 0 84 AB 14 18 88 4B
ID: 153, Data: 80 0 0 FF 0 FF 0 0
ID: 316, Data: 845 20 53 A 22 23 0 77
ID: 1F0, Data: 80 40 0 0 0 0 0 0
ID: 545, Data: 8DC 24 0 8C CD FF CD FF
ID: 5F0, Data: 20 0
ID: A0, Data: 835 79 54 A 0 24 2 0
ID: 260, Data: 8A 20 23 30 2C FF 6E 39
ID: 329, Data: 884 AB 80 8 12 2B 0 26
ID: 43F, Data: 80 40 60 FF 70 34 A 0
ID: 43F, Data: 80 40 60 FF 70 38 A 0
ID: 316, Data: 845 20 51 A 22 23 0 77
ID: A1, Data: 88E 85 8A 84 23 0 0 0
ID: 153, Data: 80 0 0 FF 0 FF 0 0
ID: 5F0, Data: 20 0
ID: 43F, Data: 80 40 60 FF 70 20 A 0
ID: A1, Data: 88E 85 8A 84 23 0 0 0
ID: 153, Data: 80 0 0 FF 0 FF 0 0
ID: 316, Data: 845 20 38 A 22 23 0 77
ID: 43F, Data: 80 40 60 FF 70 14 A 0
ID: 316, Data: 845 20 34 A 22 23 0 77
ID: 316, Data: 845 20 42 A 22 23 0 77
ID: A1, Data: 88C 85 8A 84 23 0 0 0
ID: 316, Data: 845 20 32 A 22 23 0 77
ID: 153, Data: 80 0 0 FF 0 FF 0 0
ID: 316, Data: 845 20 2A A 22 23 0 77
ID: 316, Data: 845 20 3D A 22 23 0 77
ID: 280, Data: 830 0 84 AB 14 18 88 4B
ID: 43F, Data: 80 40 60 FF 70 1C A 0
ID: 43F, Data: 80 40 60 FF 70 24 A 0
ID: 153, Data: 80 0 0 FF 0 FF 0 0
ID: A0, Data: 835 79 40 A 0 24 2 0
ID: 329, Data: 840 AB 80 8 12 2B 0 26
ID: 316, Data: 845 20 26 A 22 23 0 77
ID: 43F, Data: 80 40 60 FF 70 10 A 0
ID: 43F, Data: 80 40 60 FF 70 C A 0
ID: 316, Data: 845 20 49 A 22 23 0 77
ID: 153, Data: 80 0 0 FF 0 FF 0 0
ID: 2A0, Data: 820 0 88 1C 33 0 11 0
ID: 316, Data: 845 20 26 A 22 23 0 77
ID: 2A0, Data: 8E0 0 88 1C 33 0 11 0
ID: 153, Data: 80 0 0 FF 0 FF 0 0
ID: 153, Data: 80 0 0 FF 0 FF 0 0
ID: 43F, Data: 80 40 60 FF 70 14 A 0
ID: 43F, Data: 80 40 60 FF 70 1C A 0
ID: 43F, Data: 80 40 60 FF 70 28 A 0
ID: 43F, Data: 80 40 60 FF 70 28 A 0
ID: 153, Data: 80 0 0 FF 0 FF 0 0
ID: 329, Data: 840 AC 80 8 12 2B 0 26
ID: 316, Data: 845 20 34 A 22 23 0 77
ID: 260, Data: 8A 20 22 30 2C FF 70 28
ID: 43F, Data: 80 40 60 FF 70 14 A 0
ID: 153, Data: 80 0 0 FF 0 FF 0 0
ID: 2A0, Data: 840 0 88 1C 33 0 11 0
ID: 370, Data: 8FF E0 F0 F0 FF FF FF FF
ID: 43F, Data: 80 40 60 FF 70 2C A 0
ID: 316, Data: 845 20 38 A 22 23 0 77
ID: 153, Data: 80 0 0 FF 0 FF 0 0
ID: A0, Data: 835 79 24 A 0 24 2 0
ID: 316, Data: 845 20 34 A 22 23 0 77
ID: 316, Data: 845 20 21 A 22 23 0 77
ID: 153, Data: 80 0 0 FF 0 FF 0 0
ID: 153, Data: 80 0 0 FF 0 FF 0 0
ID: 153, Data: 80 0 0 FF 0 FF 0 0
ID: 18F, Data: 8AA 54 0 0 0 0 0 0
ID: 316, Data: 845 20 3E A 22 23 0 77
ID: 316, Data: 845 20 42 A 22 23 0 77
ID: 153, Data: 80 0 0 FF 0 FF 0 0
ID: 153, Data: 80 0 0 FF 0 FF 0 0
ID: A0, Data: 835 79 42 A 0 24 2 0
ID: 316, Data: 845 20 48 A 22 23 0 77
ID: 316, Data: 845 20 4D A 22 23 0 77
ID: A0, Data: 835 79 4D A 0 24 2 0
ID: 1F0, Data: 80 40 0 0 0 0 0 0
ID: 153, Data: 80 0 0 FF 0 FF 0 0
ID: 260, Data: 8A 20 22 30 2C FF 6D 1D
ID: 316, Data: 845 20 42 A 22 23 0 77
ID: 370, Data: 8FF E0 F0 F0 FF FF FF FF
ID: 316, Data: 845 20 3D A 22 23 0 77
ID: 153, Data: 80 0 0 FF 0 FF 0 0
ID: 316, Data: 845 20 2E A 22 23 0 77
ID: 153, Data: 80 0 0 FF 0 FF 0 0
ID: 316, Data: 845 20 41 A 22 23 0 77
ID: 153, Data: 80 0 0 FF 0 FF 0 0
ID: 153, Data: 80 0 0 FF 0 FF 0 0
ID: 316, Data: 845 20 3D A 22 23 0 77
ID: 370, Data: 8FF E0 F0 F0 FF FF FF FF
ID: 5F0, Data: 20 0
ID: 153, Data: 80 0 0 FF 0 FF 0 0
ID: 43F, Data: 80 40 60 FF 70 28 A 0
ID: 2A0, Data: 880 0 88 1C 33 0 11 0
ID: 43F, Data: 80 40 60 FF 70 20 A 0
ID: 153, Data: 80 0 0 FF 0 FF 0 0
ID: 153, Data: 80 0 0 FF 0 FF 0 0
ID: 316, Data: 845 20 3D A 22 23 0 77
ID: A0, Data: 835 79 51 A 0 24 2 0
ID: 316, Data: 845 20 45 A 22 23 0 77
ID: 153, Data: 80 0 0 FF 0 FF 0 0
ID: 153, Data: 80 0 0 FF 0 FF 0 0
ID: 316, Data: 845 20 53 A 21 23 0 77
ID: 43F, Data: 80 40 60 FF 70 3C A 0
ID: 440, Data: 8FE A0 0 A0 FF AA AA AA
ID: 316, Data: 845 20 4D A 21 23 0 77
ID: 153, Data: 80 0 0 FF 0 FF 0 0
ID: 316, Data: 845 20 55 A 21 23 0 77
ID: 153, Data: 80 0 0 FF 0 FF 0 0
ID: 316, Data: 845 20 5A A 21 23 0 77
ID: 153, Data: 80 0 0 FF 0 FF 0 0
ID: 316, Data: 845 20 4F A 22 23 0 77
ID: 316, Data: 845 20 5C A 21 23 0 77
ID: 545, Data: 8DC 24 0 8B C8 FF C8 FF
ID: 316, Data: 845 20 5E A 21 23 0 77
ID: 316, Data: 845 20 5C A 21 23 0 77
ID: 18F, Data: 8AA 53 0 0 0 0 0 0
ID: 43F, Data: 80 40 60 FF 70 4C A 0
ID: 43F, Data: 80 40 60 FF 70 4C A 0
ID: 43F, Data: 80 40 60 FF 70 48 A 0
ID: 1F1, Data: 80 0 0 0 0 0 0 0
ID: 153, Data: 80 0 0 FF 0 FF 0 0
ID: 153, Data: 80 0 0 FF 0 FF 0 0
ID: 2A0, Data: 820 0 88 1C 33 0 11 0
ID: 316, Data: 845 20 40 A 22 23 0 77
ID: A0, Data: 835 79 47 A 0 24 2 0
ID: 316, Data: 845 20 5E A 21 23 0 77
ID: 43F, Data: 80 40 60 FF 70 38 A 0
ID: 5F0, Data: 20 0
ID: 316, Data: 845 20 3E A 22 23 0 77
ID: 316, Data: 845 20 51 A 22 23 0 77
ID: A1, Data: 88E 85 8A 84 23 0 0 0
ID: 153, Data: 80 0 0 FF 0 FF 0 0
ID: 43F, Data: 80 40 60 FF 70 1C A 0
ID: 153, Data: 80 0 0 FF 0 FF 0 0
ID: 316, Data: 845 20 47 A 22 23 0 77
ID: 153, Data: 80 0 0 FF 0 FF 0 0
ID: 153, Data: 80 0 0 FF 0 FF 0 0
ID: 316, Data: 845 20 31 A 22 23 0 77
ID: 43F, Data: 80 40 60 FF 70 14 A 0
ID: 316, Data: 845 20 40 A 22 23 0 77
ID: 5F0, Data: 20 0
ID: 260, Data: 8A 20 22 30 2C FF 70 A
ID: 545, Data: 8DC 23 0 8C CB FF CB FF
ID: 43F, Data: 80 40 60 FF 70 20 A 0
ID: 370, Data: 8FF E0 F0 F0 FF FF FF FF
ID: 329, Data: 8B AC 80 8 12 2B 0 26
ID: 316, Data: 845 20 42 A 22 23 0 77
ID: 316, Data: 845 20 44 A 22 23 0 77
ID: 18F, Data: 8AA 53 0 0 0 0 0 0
ID: 43F, Data: 80 40 60 FF 70 30 A 0
ID: 153, Data: 80 0 0 FF 0 FF 0 0
ID: 43F, Data: 80 40 60 FF 70 2C A 0
ID: 153, Data: 80 0 0 FF 0 FF 0 0
ID: 153, Data: 80 0 0 FF 0 FF 0 0
ID: 260, Data: 8A 20 22 30 2C FF 6F 1B
ID: 329, Data: 840 AC 80 8 12 2B 0 26
ID: 316, Data: 845 20 4C A 22 23 0 77
ID: 316, Data: 845 20 5F A 21 23 0 77
ID: 260, Data: 8A 20 21 30 2C FF 6E 2C
ID: 43F, Data: 80 40 60 FF 70 38 A 0
ID: 316, Data: 845 20 3A A 22 23 0 77
ID: 153, Data: 80 0 0 FF 0 FF 0 0
ID: 153, Data: 80 0 0 FF 0 FF 0 0
ID: A1, Data: 88C 85 88 84 23 0 0 0
ID: 280, Data: 830 0 84 AC 14 18 88 4B
ID: 545, Data: 8DC 23 0 8B C9 FF C9 FF
ID: 43F, Data: 80 40 60 FF 70 24 A 0
ID: 329, Data: 8ED AC 80 8 12 2B 0 26
ID: 545, Data: 8DC 24 0 8B C8 FF C8 FF
ID: 316, Data: 845 20 3A A 22 23 0 77
ID: 316, Data: 845 20 38 A 22 23 0 77
ID: A1, Data: 88A 85 8A 84 23 0 0 0
ID: 43F, Data: 80 40 60 FF 70 38 A 0
ID: 153, Data: 80 0 0 FF 0 FF 0 0
ID: 316, Data: 845 20 45 A 22 23 0 77
ID: 316, Data: 845 20 58 A 21 23 0 77
ID: 316, Data: 845 20 5C A 21 23 0 77
ID: 43F, Data: 80 40 60 FF 70 3C A 0
ID: 153, Data: 80 0 0 FF 0 FF 0 0
ID: 316, Data: 845 1F 57 A 21 23 0 77
ID: 153, Data: 80 0 0 FF 0 FF 0 0
ID: 316, Data: 845 20 4D A 21 23 0 77
ID: 43F, Data: 80 40 60 FF 70 2C A 0
ID: 43F, Data: 80 40 60 FF 70 28 A 0
ID: 1F0, Data: 80 40 0 0 0 0 0 0
ID: 153, Data: 80 0 0 FF 0 FF 0 0
ID: 2A0, Data: 8E0 0 88 1C 33 0 11 0
ID: 316, Data: 845 20 2A A 22 23 0 77
ID: 2A0, Data: 820 0 88 1C 33 0 11 0
ID: 43F, Data: 80 40 60 FF 70 10 A 0
ID: 153, Data: 80 0 0 FF 0 FF 0 0
ID: 316, Data: 845 20 3C A 21 23 0 77
ID: 1F1, Data: 80 0 0 0 0 0 0 0
ID: 153, Data: 80 0 0 FF 0 FF 0 0
ID: 316, Data: 845 20 1C A 22 23 0 77
ID: 370, Data: 8FF E0 F0 F0 FF FF FF FF
ID: 316, Data: 845 20 13 A 22 23 0 77
ID: 18F, Data: 8AA 52 0 0 0 0 0 0
ID: 43F, Data: 80 40 60 FF 70 F8 9 0
ID: 153, Data: 80 0 0 FF 0 FF 0 0
ID: 153, Data: 80 0 0 FF 0 FF 0 0
ID: A1, Data: 88A 85 8A 84 23 0 0 0
ID: 43F, Data: 80 40 60 FF 70 28 A 0
ID: 153, Data: 80 0 0 FF 0 FF 0 0
ID: 43F, Data: 80 40 60 FF 70 30 A 0
ID: 2A0, Data: 8E0 0 88 1C 33 0 11 0
ID: 153, Data: 80 0 0 FF 0 FF 0 0
ID: 43F, Data: 80 40 60 FF 70 38 A 0
ID: 1F0, Data: 80 40 0 0 0 0 0 0
ID: 153, Data: 80 0 0 FF 0 FF 0 0
ID: 260, Data: 8A 20 21 30 2C FF 6D F
ID: 440, Data: 8FE F0 0 A0 FF AA AA AA
ID: 18F, Data: 8AA 52 0 0 0 0 0 0
ID: 316, Data: 845 20 5E A 21 23 0 77
ID: 153, Data: 80 0 0 FF 0 FF 0 0
ID: 316, Data: 845 20 5C A 21 23 0 77
ID: 440, Data: 8FE F0 0 A0 FF AA AA AA
ID: 1F1, Data: 80 0 0 0 0 0 0 0
ID: 316, Data: 845 1F 67 A 21 23 0 77
ID: 316, Data: 845 1F 66 A 21 23 0 77
ID: 18F, Data: 8AA 52 0 0 0 0 0 0
ID: 316, Data: 845 1F 78 A 20 23 0 77
ID: 153, Data: 80 0 0 FF 0 FF 0 0
ID: 316, Data: 845 20 6D A 20 23 0 77
ID: 440, Data: 8FE F0 0 A0 FF AA AA AA
ID: 316, Data: 845 20 62 A 21 23 0 77
ID: 153, Data: 80 0 0 FF 0 FF 0 0
ID: 153, Data: 80 0 0 FF 0 FF 0 0
ID: 1F1, Data: 80 0 0 0 0 0 0 0
ID: 2A0, Data: 820 0 88 1C 33 0 11 0
ID: 316, Data: 845 1F 74 A 20 23 0 77
ID: 316, Data: 845 1F 6C A 20 23 0 77
ID: A1, Data: 88C 85 8C 84 23 0 0 0
ID: 370, Data: 8FF E0 F0 F0 FF FF FF FF
ID: 43F, Data: 80 40 60 FF 70 3C A 0
ID: A1, Data: 88C 85 8C 84 23 0 0 0
ID: 153, Data: 80 0 0 FF 0 FF 0 0
ID: 153, Data: 80 0 0 FF 0 FF 0 0
ID: 370, Data: 8FF E0 F0 F0 FF FF FF FF
ID: 545, Data: 8DC 23 0 8C C3 FF C3 FF
ID: 316, Data: 845 1F 41 A 21 23 0 77
ID: 2A0, Data: 8E0 0 88 1C 33 0 11 0
ID: 43F, Data: 80 40 60 FF 70 1C A 0
ID: 316, Data: 845 1F 4D A 21 23 0 77
ID: 316, Data: 845 1F 47 A 21 23 0 77
ID: 260, Data: 8A 20 21 30 2C FF 6F D
ID: 153, Data: 80 0 0 FF 0 FF 0 0
ID: 153, Data: 80 0 0 FF 0 FF 0 0
ID: 43F, Data: 80 40 60 FF 70 1C A 0
ID: 43F, Data: 80 40 60 FF 70 18 A 0
ID: 43F, Data: 80 40 60 FF 70 18 A 0
ID: 316, Data: 845 1F 42 A 21 23 0 77
ID: 316, Data: 845 1F 3C A 21 23 0 77
ID: 43F, Data: 80 40 60 FF 70 28 A 0
ID: 153, Data: 80 0 0 FF 0 FF 0 0
ID: 316, Data: 845 1F 49 A 21 23 0 77
ID: 43F, Data: 80 40 60 FF 70 30 A 0
ID: 153, Data: 80 0 0 FF 0 FF 0 0
ID: 2A0, Data: 8E0 0 88 1C 33 0 11 0
ID: 43F, Data: 80 40 60 FF 70 2C A 0
ID: 2A0, Data: 820 0 88 1C 33 0 11 0
ID: 43F, Data: 80 40 60 FF 70 18 A 0
ID: 153, Data: 80 0 0 FF 0 FF 0 0
ID: 316, Data: 845 1F 47 A 21 23 0 77
ID: 43F, Data: 80 40 60 FF 70 20 A 0
ID: 5F0, Data: 20 0
ID: 316, Data: 845 20 40 A 21 23 0 77
ID: 316, Data: 845 20 41 A 21 23 0 77
ID: A1, Data: 88C 85 8A 84 23 0 0 0
ID: 43F, Data: 80 40 60 FF 70 18 A 0
ID: 316, Data: 845 20 1D A 21 23 0 77
ID: 153, Data: 80 0 0 FF 0 FF 0 0
ID: 260, Data: 8A 20 21 30 2C FF 71 19
ID: 316, Data: 845 20 2A A 21 23 0 77
ID: 43F, Data: 80 40 60 FF 70 8 A 0
ID: 316, Data: 845 20 1D A 21 23 0 77
ID: 370, Data: 8FF E0 F0 F0 FF FF FF FF
ID: 2A0, Data: 8E0 0 88 1C 33 0 11 0
ID: 316, Data: 845 20 39 A 21 23 0 77
ID: 153, Data: 80 0 0 FF 0 FF 0 0
ID: A1, Data: 88C 85 88 84 23 0 0 0
ID: 329, Data: 8B AD 80 8 12 2B 0 26
ID: 545, Data: 8DC 23 0 8B CB FF CB FF
ID: 153, Data: 80 0 0 FF 0 FF 0 0
ID: 153, Data: 80 0 0 FF 0 FF 0 0
ID: 316, Data: 845 1F 40 A 21 23 0 77
ID: A1, Data: 88C 85 88 84 23 0 0 0
ID: 316, Data: 845 20 51 A 21 23 0 77
ID: 153, Data: 80 0 0 FF 0 FF 0 0
ID: 329, Data: 8ED AD 80 8 12 2B 0 26
ID: 316, Data: 845 1F 57 A 21 23 0 77
ID: 260, Data: 8A 20 21 30 2C FF 6D 3C
ID: 43F, Data: 80 40 60 FF 70 3C A 0
ID: 316, Data: 845 1F 51 A 21 23 0 77
ID: 1F1, Data: 80 0 0 0 0 0 0 0
ID: 1F0, Data: 80 40 0 0 0 0 0 0
ID: 316, Data: 845 1F 60 A 20 23 0 77
ID: 316, Data: 845 1F 5B A 20 23 0 77
ID: 316, Data: 845 1F 5A A 21 23 0 77
ID: 43F, Data: 80 40 60 FF 70 38 A 0
ID: 43F, Data: 80 40 60 FF 70 30 A 0
ID: 153, Data: 80 0 0 FF 0 FF 0 0
ID: 316, Data: 845 1F 18 A 21 23 0 77
ID: 1F1, Data: 80 0 0 0 0 0 0 0
ID: 2A0, Data: 840 0 88 1C 33 0 11 0
ID: 316, Data: 845 1F 2A A 21 23 0 77
ID: 153, Data: 80 0 0 FF 0 FF 0 0
ID: 260, Data: 8A 20 21 30 2C FF 71 19
ID: 316, Data: 845 1F 58 A 21 23 0 77
ID: 43F, Data: 80 40 60 FF 70 2C A 0
ID: 316, Data: 845 1F 4C A 21 23 0 77
ID: 153, Data: 80 0 0 FF 0 FF 0 0
ID: 153, Data: 80 0 0 FF 0 FF 0 0
ID: 329, Data: 884 AD 80 8 12 2B 0 26
ID: 316, Data: 845 1F 31 A 21 23 0 77
ID: 18F, Data: 8AA 52 0 0 0 0 0 0
ID: 43F, Data: 80 40 60 FF 70 0 A 0
ID: 153, Data: 80 0 0 FF 0 FF 0 0
ID: 153, Data: 80 0 0 FF 0 FF 0 0
ID: 2A0, Data: 840 0 87 1C 33 0 11 0
ID: 316, Data: 845 1F 2E A 21 23 0 77
ID: 2A0, Data: 880 0 87 1C 33 0 11 0
ID: 153, Data: 80 0 0 FF 0 FF 0 0
ID: 153, Data: 80 0 0 FF 0 FF 0 0
ID: 43F, Data: 80 40 60 FF 70 14 A 0
ID: A1, Data: 88A 85 8A 84 23 0 0 0
ID: 43F, Data: 80 40 60 FF 70 14 A 0
ID: 153, Data: 80 0 0 FF 0 FF 0 0
ID: 153, Data: 80 0 0 FF 0 FF 0 0
ID: 153, Data: 80 0 0 FF 0 FF 0 0
ID: 18F, Data: 8AA 52 0 0 0 0 0 0
ID: 280, Data: 830 0 84 AD 14 18 87 4A
ID: 316, Data: 845 1F 39 A 21 23 0 77
ID: 43F, Data: 80 40 60 FF 70 14 A 0
ID: 316, Data: 845 1F 2D A 21 23 0 77
ID: 153, Data: 80 0 0 FF 0 FF 0 0
ID: 260, Data: 8A 20 21 30 2C FF 71 A
ID: 440, Data: 8FE A0 0 A0 FF AA AA AA
ID: 260, Data: 8A 20 21 30 2C FF 70 29
ID: 316, Data: 845 1F 30 A 21 23 0 77
ID: 18F, Data: 8AA 52 0 0 0 0 0 0
ID: 43F, Data: 80 40 60 FF 70 18 A 0
ID: 153, Data: 80 0 0 FF 0 FF 0 0
ID: 43F, Data: 80 40 60 FF 70 18 A 0
ID: 153, Data: 80 0 0 FF 0 FF 0 0
ID: 153, Data: 80 0 0 FF 0 FF 0 0
ID: 153, Data: 80 0 0 FF 0 FF 0 0
ID: 280, Data: 830 0 84 AD 14 18 87 4A
ID: 316, Data: 845 1F 42 A 21 23 0 77
ID: 370, Data: 8FF E0 F0 F0 FF FF FF FF
ID: 153, Data: 80 0 0 FF 0 FF 0 0
ID: A0, Data: 834 7A 48 A 0 23 2 0
ID: 329, Data: 8B AD 80 8 12 2B 0 26
ID: 316, Data: 845 1F 35 A 21 23 0 77
ID: 260, Data: 8A 1F 21 30 2C FF 6F F
ID: 153, Data: 80 0 0 FF 0 FF 0 0
ID: 316, Data: 845 1F 51 A 21 23 0 77
ID: 153, Data: 80 0 0 FF 0 FF 0 0
ID: 316, Data: 845 1F 5B A 21 23 0 77
ID: 1F0, Data: 80 40 0 0 0 0 0 0
ID: 329, Data: 8B AD 80 8 12 2B 0 26
ID: 43F, Data: 80 40 60 FF 70 30 A 0
ID: 440, Data: 8FE A0 0 A0 FF AA AA AA
ID: 280, Data: 830 0 84 AD 14 18 87 4A
ID: 153, Data: 80 0 0 FF 0 FF 0 0
ID: 316, Data: 845 1F 45 A 21 23 0 77
ID: 316, Data: 845 1F 42 A 21 23 0 77
ID: 316, Data: 845 1F 53 A 21 23 0 77
ID: 43F, Data: 80 40 60 FF 70 2C A 0
ID: 43F, Data: 80 40 60 FF 70 34 A 0
ID: 316, Data: 845 1F 2D A 21 23 0 77
ID: 260, Data: 8A 1F 21 30 2C FF 6F F
ID: 153, Data: 80 0 0 FF 0 FF 0 0
ID: 316, Data: 845 1F 38 A 21 23 0 77
ID: 370, Data: 8FF E0 F0 F0 FF FF FF FF
ID: 153, Data: 80 0 0 FF 0 FF 0 0
ID: 316, Data: 845 1F 30 A 21 23 0 77
ID: 153, Data: 80 0 0 FF 0 FF 0 0
ID: 316, Data: 845 1F 44 A 21 23 0 77
ID: 153, Data: 80 0 0 FF 0 FF 0 0
ID: 153, Data: 80 0 0 FF 0 FF 0 0
ID: 316, Data: 845 1F 4D A 21 23 0 77
ID: 43F, Data: 80 40 60 FF 70 30 A 0
ID: 43F, Data: 80 40 60 FF 70 30 A 0
ID: 440, Data: 8FE F0 0 A0 FF AA AA AA
ID: 329, Data: 8B AD 80 8 12 2B 0 26
ID: 1F1, Data: 80 0 0 0 0 0 0 0
ID: 153, Data: 80 0 0 FF 0 FF 0 0
ID: A0, Data: 834 7B 45 A 0 24 2 0
ID: 316, Data: 845 1F 45 A 21 23 0 77
ID: 316, Data: 845 1F 58 A 21 23 0 77
ID: 153, Data: 80 0 0 FF 0 FF 0 0
ID: 43F, Data: 80 40 60 FF 70 2C A 0
ID: 153, Data: 80 0 0 FF 0 FF 0 0
ID: 153, Data: 80 0 0 FF 0 FF 0 0
ID: 316, Data: 845 1F 3E A 21 23 0 77
ID: 2A0, Data: 8E0 0 87 1C 33 0 11 0
ID: 153, Data: 80 0 0 FF 0 FF 0 0
ID: 316, Data: 845 1F 2D A 21 23 0 77
ID: 153, Data: 80 0 0 FF 0 FF 0 0
ID: 316, Data: 845 1F 3A A 21 23 0 77
ID: 43F, Data: 80 40 60 FF 70 14 A 0
ID: 316, Data: 845 1F 18 A 21 22 0 77
ID: 2A0, Data: 8E0 0 87 1C 33 0 11 0
ID: 153, Data: 80 0 0 FF 0 FF 0 0
ID: 316, Data: 845 1F 24 A 21 23 0 77
ID: 153, Data: 80 0 0 FF 0 FF 0 0
ID: 316, Data: 845 20 2C A 21 23 0 77
ID: 153, Data: 80 0 0 FF 0 FF 0 0
ID: 153, Data: 80 0 0 FF 0 FF 0 0
ID: 370, Data: 8FF E0 F0 F0 FF FF FF FF
ID: 43F, Data: 80 40 60 FF 70 24 A 0
ID: 329, Data: 8B AE 80 8 12 2B 0 26
ID: 260, Data: 8A 20 21 30 2C FF 70 29
ID: 153, Data: 80 0 0 FF 0 FF 0 0
ID: 316, Data: 845 1F 53 A 20 23 0 77
ID: 153, Data: 80 0 0 FF 0 FF 0 0
ID: 316, Data: 845 1F 48 A 21 23 0 77
ID: 316, Data: 845 1F 5E A 20 23 0 77
ID: 545, Data: 8DC 23 0 8B C6 FF C6 FF
ID: 316, Data: 845 1F 4C A 21 23 0 77
ID: 316, Data: 845 1F 4D A 21 23 0 77
ID: A0, Data: 834 7B 51 A 0 24 2 0
ID: 370, Data: 8FF E0 F0 F0 FF FF FF FF
ID: 43F, Data: 80 40 60 FF 70 38 A 0
ID: 280, Data: 830 0 84 AE 14 18 87 4A
ID: 153, Data: 80 0 0 FF 0 FF 0 0
ID: 316, Data: 845 1F 71 A 20 23 0 77
ID: 1F0, Data: 80 40 0 0 0 0 0 0
ID: 153, Data: 80 0 0 FF 0 FF 0 0
ID: 316, Data: 845 1F 5B A 20 23 0 77
ID: 43F, Data: 80 40 60 FF 70 54 A 0
ID: 370, Data: 8FF E0 F0 F0 FF FF FF FF
ID: 316, Data: 845 1F 57 A 20 23 0 77
ID: 153, Data: 80 0 0 FF 0 FF 0 0
ID: 316, Data: 845 1F 40 A 21 23 0 77
ID: 153, Data: 80 0 0 FF 0 FF 0 0
ID: 316, Data: 845 1F 48 A 21 23 0 77
ID: 316, Data: 845 1F 40 A 21 23 0 77
ID: 1F0, Data: 80 40 0 0 0 0 0 0
ID: 153, Data: 80 0 0 FF 0 FF 0 0
ID: 316, Data: 845 1F 53 A 21 23 0 77
ID: 43F, Data: 80 40 60 FF 70 2C A 0
ID: 280, Data: 830 0 84 AE 14 18 87 4A
ID: 260, Data: 8A 1F 21 30 2C FF 6F 2D
ID: 316, Data: 845 1F 54 A 20 23 0 77
ID: 18F, Data: 8AA 51 0 0 0 0 0 0
ID: 43F, Data: 80 40 60 FF 70 30 A 0
ID: 153, Data: 80 0 0 FF 0 FF 0 0
ID: 43F, Data: 80 40 60 FF 70 1C A 0
ID: 153, Data: 80 0 0 FF 0 FF 0 0
ID: 153, Data: 80 0 0 FF 0 FF 0 0
ID: 18F, Data: 8AA 51 0 0 0 0 0 0
ID: 280, Data: 830 0 84 AE 14 18 87 4A
ID: 316, Data: 845 1F 55 A 21 23 0 77
ID: 43F, Data: 80 40 60 FF 70 30 A 0
ID: 153, Data: 80 0 0 FF 0 FF 0 0
ID: 316, Data: 845 1F 4B A 21 23 0 77
ID: 153, Data: 80 0 0 FF 0 FF 0 0
ID: 316, Data: 845 1F 51 A 20 23 0 77
ID: 43F, Data: 80 40 60 FF 70 34 A 0
ID: 280, Data: 830 0 84 AE 14 18 87 4A
ID: 370, Data: 8FF E0 F0 F0 FF FF FF FF
ID: 316, Data: 845 1F 48 A 21 23 0 77
ID: 43F, Data: 80 40 60 FF 70 20 A 0
ID: 43F, Data: 80 40 60 FF 70 24 A 0
ID: 43F, Data: 80 40 60 FF 70 20 A 0
ID: 329, Data: 884 AE 80 8 12 2B 0 26
ID: A0, Data: 835 7B 23 A 0 24 2 0
ID: 153, Data: 80 0 0 FF 0 FF 0 0
ID: 370, Data: 8FF E0 F0 F0 FF FF FF FF
ID: 43F, Data: 80 40 60 FF 70 10 A 0
ID: 316, Data: 845 1F 4D A 21 23 0 77
ID: 329, Data: 840 AE 80 8 12 2B 0 26
ID: 153, Data: 80 0 0 FF 0 FF 0 0
ID: 316, Data: 845 1F 41 A 21 23 0 77
ID: 153, Data: 80 0 0 FF 0 FF 0 0
ID: 316, Data: 845 1F 50 A 21 23 0 77
ID: 153, Data: 80 0 0 FF 0 FF 0 0
ID: 316, Data: 845 1F 4D A 21 23 0 77
ID: 5F0, Data: 20 0
ID: 329, Data: 840 AE 80 8 12 2B 0 26
ID: 316, Data: 845 1F 5B A 20 23 0 77
ID: 43F, Data: 80 40 60 FF 70 40 A 0
ID: 43F, Data: 80 40 60 FF 70 44 A 0
ID: 43F, Data: 80 40 60 FF 70 44 A 0
ID: 316, Data: 845 1F 6C A 20 23 0 77
ID: A0, Data: 835 7B 57 A 0 24 2 0
ID: 153, Data: 80 0 0 FF 0 FF 0 0
ID: 43F, Data: 80 40 60 FF 70 48 A 0
ID: A1, Data: 88A 85 8C 84 23 0 0 0
ID: 43F, Data: 80 40 60 FF 70 48 A 0
ID: 153, Data: 80 0 0 FF 0 FF 0 0
ID: 153, Data: 80 0 0 FF 0 FF 0 0
ID: 316, Data: 845 1F 4D A 20 23 0 77
ID: A1, Data: 88A 85 8C 84 23 0 0 0
ID: 316, Data: 845 1F 57 A 20 23 0 77
ID: 1F1, Data: 80 0 0 0 0 0 0 0
ID: 153, Data: 80 0 0 FF 0 FF 0 0
ID: 316, Data: 845 1F 42 A 20 23 0 77
ID: 43F, Data: 80 40 60 FF 70 28 A 0
ID: 43F, Data: 80 40 60 FF 70 28 A 0
ID: 316, Data: 845 1F 45 A 20 23 0 77
ID: 329, Data: 8ED AE 80 8 12 2B 0 26
ID: 153, Data: 80 0 0 FF 0 FF 0 0
ID: 153, Data: 80 0 0 FF 0 FF 0 0
ID: 316, Data: 845 1F 34 A 21 23 0 77
ID: A1, Data: 88A 85 8C 84 23 0 0 0
ID: 316, Data: 845 1F 21 A 21 22 0 77
ID: 440, Data: 8FE A0 0 A0 FF AA AA AA
ID: 316, Data: 845 1F 32 A 21 23 0 77
ID: 316, Data: 845 1F 1C A 21 22 0 77
ID: 316, Data: 845 1F 17 A 21 22 0 77
ID: 329, Data: 8ED AE 80 8 12 2B 0 26
ID: 153, Data: 80 0 0 FF 0 FF 0 0
ID: 153, Data: 80 0 0 FF 0 FF 0 0
ID: 43F, Data: 80 40 60 FF 70 C A 0
ID: 153, Data: 80 0 0 FF 0 FF 0 0
ID: 43F, Data: 80 40 60 FF 70 18 A 0
ID: 260, Data: 8A 20 21 30 2C FF 70 1A
ID: 153, Data: 80 0 0 FF 0 FF 0 0
ID: 316, Data: 845 1F 4C A 20 23 0 77
ID: 153, Data: 80 0 0 FF 0 FF 0 0
ID: 316, Data: 845 20 4F A 20 23 0 77
ID: 316, Data: 845 1F 40 A 20 23 0 77
ID: 329, Data: 840 AE 80 8 12 2B 0 26
ID: 43F, Data: 80 40 60 FF 70 18 A 0
ID: 153, Data: 80 0 0 FF 0 FF 0 0
ID: 316, Data: 845 1F 44 A 20 23 0 77
ID: 316, Data: 845 1F 42 A 20 23 0 77
ID: 1F1, Data: 80 0 0 0 0 0 0 0
ID: 153, Data: 80 0 0 FF 0 FF 0 0
ID: 316, Data: 845 1F 47 A 20 23 0 77
ID: 316, Data: 845 1F 51 A 20 23 0 77
ID: 316, Data: 845 1F 58 A 20 23 0 77
ID: 153, Data: 80 0 0 FF 0 FF 0 0
ID: 316, Data: 845 1F 74 A 20 23 0 77
ID: 153, Data: 80 0 0 FF 0 FF 0 0
ID: 316, Data: 845 1F 6A A 20 23 0 77
ID: 153, Data: 80 0 0 FF 0 FF 0 0
ID: 316, Data: 845 1F 3A A 20 23 0 77
ID: 316, Data: 845 1F 45 A 20 23 0 77
ID: 316, Data: 845 1F 3A A 20 23 0 77
ID: 43F, Data: 80 40 60 FF 70 10 A 0
ID: 153, Data: 80 0 0 FF 0 FF 0 0
ID: 153, Data: 80 0 0 FF 0 FF 0 0
ID: 316, Data: 845 1F 40 A 20 23 0 77
ID: 153, Data: 80 0 0 FF 0 FF 0 0
ID: 316, Data: 845 1F 47 A 20 23 0 77
ID: 153, Data: 80 0 0 FF 0 FF 0 0
ID: 316, Data: 845 1F 3C A 20 23 0 77
ID: 43F, Data: 80 40 60 FF 70 20 A 0
ID: 316, Data: 845 1F 40 A 20 23 0 77
ID: 18F, Data: 8AA 51 0 0 0 0 0 0
ID: 153, Data: 80 0 0 FF 0 FF 0 0
ID: 370, Data: 8FF E0 F0 F0 FF FF FF FF
ID: 545, Data: 8DC 22 0 8B C8 FF C8 FF
ID: 153, Data: 80 0 0 FF 0 FF 0 0
ID: 2A0, Data: 820 0 87 1C 33 0 11 0
ID: 316, Data: 845 1F 36 A 20 23 0 77
ID: 2A0, Data: 8E0 0 87 1C 33 0 11 0
ID: 153, Data: 80 0 0 FF 0 FF 0 0
ID: 153, Data: 80 0 0 FF 0 FF 0 0
ID: 316, Data: 845 1F 53 A 20 23 0 77
ID: A0, Data: 834 7B 62 A 0 24 2 0
ID: 316, Data: 845 1F 5C A 20 23 0 77
ID: 370, Data: 8FF E0 F0 F0 FF FF FF FF
ID: 316, Data: 845 1F 54 A 20 23 0 77
ID: 153, Data: 80 0 0 FF 0 FF 0 0
ID: 153, Data: 80 0 0 FF 0 FF 0 0
ID: 316, Data: 845 1F 69 A 20 23 0 77
ID: A0, Data: 833 7B 69 A 0 24 2 0
ID: 153, Data: 80 0 0 FF 0 FF 0 0
ID: 316, Data: 845 20 66 A 20 23 0 77
ID: 43F, Data: 80 40 60 FF 70 40 A 0
ID: 316, Data: 845 20 6C A 1F 23 0 77
ID: 316, Data: 845 20 6C A 1F 23 0 77
ID: 260, Data: 8A 20 20 30 2C FF 6C 2F
ID: 316, Data: 845 1F 74 A 1F 23 0 77
ID: 316, Data: 845 1F 6C A 1F 23 0 77
ID: 43F, Data: 80 40 60 FF 70 4C A 0
ID: 440, Data: 8FE F0 0 A0 FF AA AA AA
ID: 153, Data: 80 0 0 FF 0 FF 0 0
ID: 153, Data: 80 0 0 FF 0 FF 0 0
ID: 329, Data: 840 AF 80 8 12 2B 0 26
ID: 316, Data: 845 20 60 A 1F 23 0 77
ID: 18F, Data: 8AA 51 0 0 0 0 0 0
ID: 153, Data: 80 0 0 FF 0 FF 0 0
ID: 43F, Data: 80 40 60 FF 70 50 A 0
ID: 545, Data: 8DC 23 0 8B CD FF CD FF
ID: 153, Data: 80 0 0 FF 0 FF 0 0
ID: 43F, Data: 80 40 60 FF 70 4C A 0
ID: 43F, Data: 80 40 60 FF 70 54 A 0
ID: 316, Data: 845 1F 6C A 1F 23 0 77
ID: 1F0, Data: 80 40 0 0 0 0 0 0
ID: A1, Data: 88C 85 8A 84 23 0 0 0
ID: 316, Data: 845 1F 70 A 1F 23 0 77
ID: 316, Data: 845 1F 77 A 1F 23 0 77
ID: 153, Data: 80 0 0 FF 0 FF 0 0
ID: 5F0, Data: 20 0
ID: 43F, Data: 80 40 60 FF 70 50 A 0
ID: 43F, Data: 80 40 60 FF 70 50 A 0
ID: 43F, Data: 80 40 60 FF 70 40 A 0
ID: 153, Data: 80 0 0 FF 0 FF 0 0
ID: 316, Data: 845 1F 42 A 20 23 0 77
ID: 1F1, Data: 80 0 0 0 0 0 0 0
ID: 153, Data: 80 0 0 FF 0 FF 0 0
ID: 316, Data: 845 20 66 A 1F 23 0 77
ID: 153, Data: 80 0 0 FF 0 FF 0 0
ID: 316, Data: 845 20 63 A 1F 23 0 77
ID: 153, Data: 80 0 0 FF 0 FF 0 0
ID: 316, Data: 845 20 63 A 1F 23 0 77
ID: 153, Data: 80 0 0 FF 0 FF 0 0
ID: 153, Data: 80 0 0 FF 0 FF 0 0
ID: 370, Data: 8FF E0 F0 F0 FF FF FF FF
ID: 43F, Data: 80 40 60 FF 70 54 A 0
ID: 280, Data: 830 0 84 AF 14 18 87 4A
ID: 18F, Data: 8AA 51 0 0 0 0 0 0
ID: 153, Data: 80 0 0 FF 0 FF 0 0
ID: 316, Data: 845 1F 6D A 1F 23 0 77
ID: 43F, Data: 80 40 60 FF 70 50 A 0
ID: 316, Data: 845 1F 50 A 1F 23 0 77
ID: 316, Data: 845 1F 5C A 1F 23 0 77
ID: 280, Data: 830 0 84 AF 14 17 87 49
ID: 316, Data: 845 1F 77 A 22 23 0 77
ID: 316, Data: 845 25 6D A 24 23 0 77
ID: 1F0, Data: 80 40 0 0 0 0 0 0
ID: 1F1, Data: 80 0 0 0 0 0 0 0
ID: A1, Data: 88C 83 8A 82 22 0 0 0
ID: 316, Data: 845 25 EA A 25 23 0 77
ID: 153, Data: 80 0 0 FF 0 FF 0 0
ID: 18F, Data: 8AA 50 0 0 0 0 0 0
ID: 316, Data: 845 25 49 B 27 23 0 77
ID: 43F, Data: 80 40 60 FF 70 34 B 0
ID: 545, Data: 8DC 22 0 8C C 0 C 0
ID: 370, Data: 8FF E0 F0 F0 FF FF FF FF
ID: A0, Data: 82F 7C A2 B 0 24 2 0
ID: 316, Data: 845 25 B3 B 31 23 0 77
ID: 316, Data: 845 25 C5 B 33 23 0 77
ID: 280, Data: 830 0 88 AF 17 17 87 48
ID: 153, Data: 80 0 0 FF 0 FF 0 0
ID: 316, Data: 845 27 3 C 34 23 0 77
ID: 153, Data: 80 0 0 FF 0 FF 0 0
ID: 316, Data: 845 28 30 C 34 23 0 77
ID: 1F1, Data: 80 0 0 0 0 0 0 0
ID: 153, Data: 80 0 0 FF 0 FF 0 0
ID: 5F0, Data: 20 0
ID: 43F, Data: 80 40 60 FF 70 94 C 0
ID: A0, Data: 83C 7C 8E C 0 27 2 0
ID: 370, Data: 8FF E0 F0 F0 FF FF FF FF
ID: 153, Data: 80 0 0 FF 0 FF 0 0
ID: 316, Data: 845 2C B E 38 22 0 77
ID: 43F, Data: 80 40 60 FF 70 8 E 0
ID: 440, Data: 8FE A0 0 A0 FF AA AA AA
ID: 153, Data: 80 0 0 FF 0 FF 0 0
ID: 1F0, Data: 80 40 0 0 0 0 0 0
ID: 18F, Data: 8AA 51 0 0 0 0 0 0
ID: 316, Data: 845 31 61 10 45 21 0 77
ID: 153, Data: 80 0 0 FF 0 FF 0 0
ID: 545, Data: 8DC 4D 0 8D 54 1 54 1
ID: 316, Data: 845 34 4C 12 44 20 0 77
ID: 545, Data: 8DC 56 0 8C 7C 1 7C 1
ID: 43F, Data: 80 40 60 FF 70 60 13 0
ID: 316, Data: 845 36 AE 14 43 20 0 77
ID: 1F0, Data: 80 40 0 0 0 0 0 0
ID: 316, Data: 845 36 78 16 43 1F 0 77
ID: 18F, Data: 8AA 51 0 0 0 0 0 0
ID: 316, Data: 845 34 36 18 43 20 0 77
ID: 153, Data: 80 0 0 FF 0 FF 0 0
ID: 153, Data: 80 0 0 FF 0 FF 0 0
ID: 43F, Data: 80 40 60 FF 70 30 1A 0
ID: 153, Data: 80 0 0 FF 0 FF 0 0
ID: 316, Data: 845 33 49 1C 41 1F 0 77
ID: 153, Data: 80 0 0 FF 0 FF 0 0
ID: 153, Data: 80 0 0 FF 0 FF 0 0
ID: 316, Data: 845 37 B8 1E 39 16 0 77
ID: 153, Data: 80 0 0 FF 0 FF 0 0
ID: 545, Data: 8DC 9D 0 8C 52 2 52 2
ID: 316, Data: 845 37 F4 21 39 16 0 77
ID: 545, Data: 8DC A5 0 8C 51 2 51 2
ID: 153, Data: 80 0 0 FF 0 FF 0 0
ID: 153, Data: 80 0 0 FF 0 FF 0 0
ID: 316, Data: 845 35 CE 25 3A 17 0 77
ID: 440, Data: 8FE 50 0 A0 FF AA AA AA
ID: 316, Data: 85 36 9A 27 3C 17 0 77
ID: A1, Data: 890 7B 8E 7E 2C 0 0 0
ID: 43F, Data: 80 40 60 FF 70 90 29 0
ID: 43F, Data: 80 40 60 FF 70 DC 2A 0
ID: 316, Data: 85 39 8B 2C 3B 18 0 77
ID: A1, Data: 88F 7B 8E 7C 2B 0 0 0
ID: 316, Data: 85 38 2B 2F 3A 19 0 77
ID: 153, Data: 80 0 0 FF 0 FF 0 0
ID: 316, Data: 85 38 42 31 33 1A 0 77
ID: 316, Data: 85 37 60 32 23 1A 0 77
ID: 545, Data: 8DC E5 0 8C CE 1 CE 1
ID: 153, Data: 80 0 0 FF 0 FF 0 0
ID: 153, Data: 80 0 0 FF 0 FF 0 0
ID: 1F1, Data: 80 0 0 0 0 0 0 0
ID: 18F, Data: 8AA 50 0 0 0 0 0 0
ID: 316, Data: 8D 10 C2 32 9 1D 0 77
ID: 153, Data: 80 0 0 FF 0 FF 0 0
ID: 153, Data: 80 0 0 FF 0 FF 0 0
ID: 440, Data: 8FE 50 0 A0 FF AA AA AA
ID: 5F0, Data: 20 0
ID: 440, Data: 8FE 50 0 A0 FF AA AA AA
ID: 153, Data: 80 0 0 FF 0 FF 0 0
ID: 280, Data: 830 0 20 AF 55 A 87 22
ID: 316, Data: 8D 1 7E 29 B 1B 0 77
ID: 153, Data: 80 0 0 FF 0 FF 0 0
ID: 153, Data: 80 0 0 FF 0 FF 0 0
ID: 545, Data: 8DC 0 0 8C 22 FE 22 FE
ID: 43F, Data: 80 40 60 FF 70 88 25 0
ID: A0, Data: 812 7C 4A 27 0 26 4 0
ID: 316, Data: 8D 0 A9 22 D 1A 0 77
ID: 153, Data: 80 0 0 FF 0 FF 0 0
ID: 316, Data: 8D 0 A0 20 D 1A 0 77
ID: 5F0, Data: 20 0
ID: 43F, Data: 80 40 60 FF 70 E4 1E 0
ID: 153, Data: 80 0 0 FF 0 FF 0 0
ID: 153, Data: 80 0 0 FF 0 FF 0 0
ID: 316, Data: 8D 0 65 1B E 19 0 77
ID: 43F, Data: 80 40 60 FF 70 14 1B 0
ID: 43F, Data: 80 40 60 FF 70 0 1A 0
ID: 43F, Data: 80 40 60 FF 70 E0 18 0
ID: 316, Data: 8D 0 25 17 10 19 0 77
ID: 370, Data: 8FF E0 F0 F0 FF FF FF FF
ID: 153, Data: 80 0 0 FF 0 FF 0 0
ID: 280, Data: 830 0 84 AF 27 12 87 35
ID: 316, Data: 85 17 9A 12 14 19 0 77
ID: 43F, Data: 80 40 60 FF 70 44 12 0
ID: 5F0, Data: 20 0
ID: 316, Data: 85 18 9C 10 16 1A 0 77
ID: 316, Data: 85 18 6F 10 16 1A 0 77
ID: A0, Data: 829 7C 9C 10 0 25 2 0
ID: 316, Data: 85 18 9C F 17 1A 0 77
ID: 153, Data: 80 0 0 FF 0 FF 0 0
ID: 153, Data: 80 0 0 FF 0 FF 0 0
ID: 316, Data: 85 18 F2 D 19 1B 0 77
ID: 43F, Data: 80 40 60 FF 70 E4 D 0
ID: 440, Data: 8FE 0 0 A0 FF AA AA AA
ID: 1F1, Data: 80 0 0 0 0 0 0 0
ID: 153, Data: 80 0 0 FF 0 FF 0 0
ID: 43F, Data: 80 40 60 FF 70 98 C 0
ID: 5F0, Data: 20 0
ID: 316, Data: 85 1B B2 B 1D 1B 0 77
ID: 43F, Data: 80 40 60 FF 70 84 B 0
ID: 43F, Data: 80 40 60 FF 70 54 B 0
ID: 43F, Data: 80 40 60 FF 70 40 B 0
ID: 43F, Data: 80 40 60 FF 70 38 B 0
ID: 43F, Data: 80 40 60 FF 70 3C B 0
ID: 153, Data: 80 0 0 FF 0 FF 0 0
ID: 316, Data: 85 1D 35 B 1D 1B 0 77
ID: 43F, Data: 80 40 60 FF 70 1C B 0
ID: 370, Data: 8FF E0 F0 F0 FF FF FF FF
ID: 316, Data: 85 1E 9D B 1C 1B 0 77
ID: 153, Data: 80 0 0 FF 0 FF 0 0
ID: 316, Data: 85 1E 87 B 1C 1B 0 77
ID: 153, Data: 80 0 0 FF 0 FF 0 0
ID: 316, Data: 85 1E 6D B 1B 1B 0 77
ID: 370, Data: 8FF E0 F0 F0 FF FF FF FF
ID: 5A1, Data: 880 3 90 23 30 30 30 0
ID: A0, Data: 82E 7C 91 B 0 23 2 0
ID: 153, Data: 80 0 0 FF 0 FF 0 0
ID: 316, Data: 85 1D 5D B 1B 1B 0 77
ID: 18F, Data: 8AA 49 0 0 0 0 0 0
ID: 316, Data: 85 1C 4E B 1B 1B 0 77
ID: A1, Data: 884 7E 84 7E 20 0 0 0
ID: 153, Data: 80 0 0 FF 0 FF 0 0
ID: 370, Data: 8FF E0 F0 F0 FF FF FF FF
ID: 43F, Data: 80 40 60 FF 70 10 B 0
ID: 316, Data: 85 1C 24 B 1C 1B 0 77
ID: 280, Data: 830 0 84 B0 16 16 87 42
ID: 2A0, Data: 820 6 87 1C 33 0 11 0
ID: 316, Data: 85 1C FB A 1C 1B 0 77
ID: 316, Data: 85 1C F5 A 1C 1B 0 77
ID: 153, Data: 80 0 0 FF 0 FF 0 0
ID: A0, Data: 82F 7C D8 A 0 23 2 0
ID: 545, Data: 8DC 20 0 8C 17 0 17 0
ID: 329, Data: 840 B0 80 8 11 2A 0 26
ID: A0, Data: 82E 7C B B 0 23 2 0
ID: 316, Data: 85 1C 0 B 1C 1B 0 77
ID: A1, Data: 887 7E 87 7E 20 0 0 0
ID: A0, Data: 82E 7C B B 0 23 2 0
ID: 1F0, Data: 80 40 0 0 0 0 0 0
ID: A1, Data: 887 7E 87 7E 20 0 0 0
ID: 316, Data: 85 1C E1 A 1B 1B 0 77
ID: 316, Data: 85 1C F8 A 1B 1B 0 77
ID: 153, Data: 80 0 0 FF 0 FF 0 0
ID: 153, Data: 80 0 0 FF 0 FF 0 0
ID: 280, Data: 830 0 84 B0 15 16 87 43
ID: 316, Data: 85 1C A0 A 1C 1A 0 77
ID: 153, Data: 80 0 0 FF 0 FF 0 0
ID: 316, Data: 85 1C B3 A 1C 1A 0 77
ID: 153, Data: 80 0 0 FF 0 FF 0 0
ID: 153, Data: 80 0 0 FF 0 FF 0 0
ID: 43F, Data: 80 40 60 FF 70 A8 A 0
ID: 2A0, Data: 840 5 87 1C 33 0 11 0
ID: 1F0, Data: 80 40 0 0 0 0 0 0
ID: 153, Data: 80 0 0 FF 0 FF 0 0
ID: 18F, Data: 8AA 47 0 0 0 0 0 0
ID: 316, Data: 85 1C D4 A 1C 1A 0 77
ID: 43F, Data: 80 40 60 FF 70 B0 A 0
ID: 316, Data: 85 1C 97 A 1C 1A 0 77
ID: 18F, Data: 8AA 47 0 0 0 0 0 0
ID: 370, Data: 8FF E0 F0 F0 FF FF FF FF
ID: 260, Data: 8A 1D 1C 30 2C FF 6A 39
ID: 316, Data: 85 1C B6 A 1C 1A 0 77
ID: A0, Data: 82F 7C B3 A 0 23 2 0
ID: 153, Data: 80 0 0 FF 0 FF 0 0
ID: 316, Data: 85 1C EC A 1C 1A 0 77
ID: 440, Data: 8FE 0 0 A0 FF AA AA AA
ID: 18F, Data: 8AA 46 0 0 0 0 0 0
ID: 316, Data: 85 1C 6 B 1A 1B 0 77
ID: 153, Data: 80 0 0 FF 0 FF 0 0
ID: 370, Data: 8FF E0 F0 F0 FF FF FF FF
ID: 43F, Data: 80 40 60 FF 70 D8 A 0
ID: 316, Data: 85 1C B3 A 1B 1A 0 77
ID: 280, Data: 830 0 84 B0 15 16 87 42
ID: A0, Data: 82E 7D C9 A 0 23 2 0
ID: 316, Data: 85 1C BD A 1A 1A 0 77
ID: 153, Data: 80 0 0 FF 0 FF 0 0
ID: 316, Data: 85 1C CF A 1A 1B 0 77
ID: 316, Data: 85 1C C3 A 1A 1B 0 77
ID: 153, Data: 80 0 0 FF 0 FF 0 0
ID: 329, Data: 8ED B0 80 8 11 2A 0 26
ID: 1F0, Data: 80 40 0 0 0 0 0 0
ID: 2A0, Data: 8E0 3 87 1C 33 0 11 0
ID: 316, Data: 85 1B BF A 1A 1B 0 77
ID: 316, Data: 85 1B A7 A 1A 1A 0 77
ID: 18F, Data: 8AA 45 0 0 0 0 0 0
ID: 43F, Data: 80 40 60 FF 70 6C A 0
ID: 260, Data: 8A 1B 1B 30 2C FF 6A F
ID: 43F, Data: 80 40 60 FF 70 5C A 0
ID: 43F, Data: 80 40 60 FF 70 68 A 0
ID: 43F, Data: 80 40 60 FF 70 7C A 0
ID: 280, Data: 830 0 84 B0 15 15 87 41
ID: A1, Data: 88C 7E 89 7E 1F 0 0 0
ID: 316, Data: 85 1B 7A A 1B 1A 0 77
ID: 153, Data: 80 0 0 FF 0 FF 0 0
ID: 316, Data: 85 1B 7C A 1B 1A 0 77
ID: 153, Data: 80 0 0 FF 0 FF 0 0
ID: 316, Data: 85 1B 97 A 1A 1A 0 77
ID: 43F, Data: 80 40 60 FF 70 64 A 0
ID: 43F, Data: 80 40 60 FF 70 68 A 0
ID: 43F, Data: 80 40 60 FF 70 70 A 0
ID: 43F, Data: 80 40 60 FF 70 7C A 0
ID: 316, Data: 85 1B 93 A 1A 1A 0 77
ID: 1F0, Data: 80 40 0 0 0 0 0 0
ID: 316, Data: 85 1B 96 A 1A 1A 0 77
ID: 43F, Data: 80 40 60 FF 70 70 A 0
ID: 43F, Data: 80 40 60 FF 70 74 A 0
ID: 370, Data: 8FF E0 F0 F0 FF FF FF FF
ID: 43F, Data: 80 40 60 FF 70 6C A 0
ID: 316, Data: 85 1B 9F A 1A 1A 0 77
ID: 316, Data: 85 1B 75 A 1A 1A 0 77
ID: 2A0, Data: 880 2 87 1C 33 0 11 0
ID: 43F, Data: 80 40 60 FF 70 5C A 0
ID: 153, Data: 80 0 0 FF 0 FF 0 0
ID: 316, Data: 85 1B 89 A 1A 1A 0 77
ID: 153, Data: 80 0 0 FF 0 FF 0 0
ID: 153, Data: 80 0 0 FF 0 FF 0 0
ID: 316, Data: 85 1B 81 A 1A 1A 0 77
ID: 370, Data: 8FF E0 F0 F0 FF FF FF FF
ID: 316, Data: 85 1B 86 A 1A 1A 0 77
ID: 280, Data: 830 0 84 B0 15 15 87 41
ID: A1, Data: 88E 7E 89 7E 1F 0 0 0
ID: 316, Data: 85 1B AD A 19 1B 0 77
ID: 316, Data: 85 1B A3 A 19 1A 0 77
ID: 316, Data: 85 1A 93 A 19 1A 0 77
ID: 260, Data: 8A 1B 1A 30 2C FF 68 2
ID: 5F0, Data: 20 0
ID: 370, Data: 8FF E0 F0 F0 FF FF FF FF
ID: 153, Data: 80 0 0 FF 0 FF 0 0
ID: 18F, Data: 8AA 43 0 0 0 0 0 0
ID: 316, Data: 85 1B 82 A 1A 1A 0 77
ID: 316, Data: 85 1B A7 A 19 1A 0 77
ID: 316, Data: 85 1A AC A 19 1B 0 77
ID: 2A0, Data: 8E0 2 87 1C 33 0 11 0
ID: 153, Data: 80 0 0 FF 0 FF 0 0
ID: 153, Data: 80 0 0 FF 0 FF 0 0
ID: 43F, Data: 80 40 60 FF 70 88 A 0
ID: 2A0, Data: 8E0 2 87 1C 33 0 11 0
ID: A0, Data: 82B 7D 99 A 0 22 2 0
ID: 1F0, Data: 80 40 0 0 0 0 0 0
ID: 43F, Data: 80 40 60 FF 70 54 A 0
ID: 545, Data: 8DC 1D 0 8D F2 FF F2 FF
ID: 153, Data: 80 0 0 FF 0 FF 0 0
ID: 43F, Data: 80 40 60 FF 70 5C A 0
ID: 153, Data: 80 0 0 FF 0 FF 0 0
ID: 153, Data: 80 0 0 FF 0 FF 0 0
ID: 316, Data: 85 1B 90 A 21 23 0 77
ID: 43F, Data: 80 40 60 FF 70 70 A 0
ID: 316, Data: 85 1C 83 A 20 23 0 77
ID: 316, Data: 85 1D 8C A 20 23 0 77
ID: 316, Data: 85 1D 86 A 20 23 0 77
ID: 545, Data: 8DC 1F 0 8C A7 FF A7 FF
ID: 153, Data: 80 0 0 FF 0 FF 0 0
ID: 316, Data: 845 1F C6 A 20 23 0 77
ID: 153, Data: 80 0 0 FF 0 FF 0 0
ID: 153, Data: 80 0 0 FF 0 FF 0 0
ID: 316, Data: 845 20 99 A 20 23 0 77
ID: 440, Data: 8FE A0 0 A0 FF AA AA AA
ID: 316, Data: 845 20 E A 20 22 0 77
ID: A0, Data: 839 7D E A 0 24 2 0
ID: 153, Data: 80 0 0 FF 0 FF 0 0
ID: 18F, Data: 8AA 42 0 0 0 0 0 0
ID: 316, Data: 845 21 14 A 20 22 0 77
ID: 5F0, Data: 20 0
ID: 2A0, Data: 880 1 87 1C 33 0 11 0
ID: 280, Data: 830 0 84 B1 14 19 87 4B
ID: 18F, Data: 8AA 44 0 0 0 0 0 0
ID: 316, Data: 845 21 42 A 20 22 0 77
ID: 153, Data: 80 0 0 FF 0 FF 0 0
ID: 153, Data: 80 0 0 FF 0 FF 0 0
ID: 316, Data: 845 21 6C A 1F 22 0 77
ID: 43F, Data: 80 40 60 FF 70 50 A 0
ID: 316, Data: 845 20 88 A 1F 23 0 77
ID: 316, Data: 845 20 83 A 1F 23 0 77
ID: A0, Data: 831 7D 7A A 0 23 2 0
ID: 316, Data: 845 20 66 A 1F 23 0 77
ID: 153, Data: 80 0 0 FF 0 FF 0 0
ID: 316, Data: 845 20 67 A 1F 23 0 77
ID: 153, Data: 80 0 0 FF 0 FF 0 0
ID: 316, Data: 845 20 66 A 1F 23 0 77
ID: 316, Data: 845 20 5C A 1F 23 0 77
ID: 280, Data: 830 0 84 B1 14 18 87 49
ID: 5F0, Data: 20 0
ID: 316, Data: 845 20 42 A 1F 22 0 77
ID: 43F, Data: 80 40 60 FF 70 2C A 0
ID: 280, Data: 830 0 84 B1 14 18 87 49
ID: 260, Data: 8A 20 20 30 2C FF 70 1B
ID: 316, Data: 845 20 40 A 1F 22 0 77
ID: A0, Data: 834 7D 40 A 0 23 2 0
ID: 43F, Data: 80 40 60 FF 70 24 A 0
ID: 153, Data: 80 0 0 FF 0 FF 0 0
ID: 5F0, Data: 20 0
ID: 153, Data: 80 0 0 FF 0 FF 0 0
ID: 5A0, Data: 80 0 0 90 0 0 0 0
ID: 260, Data: 8A 20 20 30 2C FF 6E F
ID: 316, Data: 845 20 48 A 1F 22 0 77
ID: 260, Data: 8A 20 20 30 2C FF 6F 2C
ID: 153, Data: 80 0 0 FF 0 FF 0 0
ID: 316, Data: 845 20 38 A 1F 22 0 77
ID: 316, Data: 845 20 41 A 1F 22 0 77
ID: 329, Data: 884 B1 80 8 11 2B 0 26
ID: 153, Data: 80 0 0 FF 0 FF 0 0
ID: 43F, Data: 80 40 60 FF 70 24 A 0
ID: 43F, Data: 80 40 60 FF 70 14 A 0
ID: 5F0, Data: 20 0
ID: 153, Data: 80 0 0 FF 0 FF 0 0
ID: 316, Data: 845 20 19 A 20 22 0 77
ID: 43F, Data: 80 40 60 FF 70 F4 9 0
ID: 440, Data: 8FE 0 0 A0 FF AA AA AA
ID: 370, Data: 8FF E0 F0 F0 FF FF FF FF
ID: 440, Data: 8FE 0 0 A0 FF AA AA AA
ID: 329, Data: 8ED B1 80 8 11 2B 0 26
ID: 43F, Data: 80 40 60 FF 70 FC 9 0
ID: 43F, Data: 80 40 60 FF 70 F8 9 0
ID: 43F, Data: 80 40 60 FF 70 F4 9 0
ID: 280, Data: 830 0 84 B1 14 18 87 49
ID: 370, Data: 8FF E0 F0 F0 FF FF FF FF
ID: 153, Data: 80 0 0 FF 0 FF 0 0
ID: 1F0, Data: 80 40 0 0 0 0 0 0
ID: 545, Data: 8DC 21 0 8C D0 FF D0 FF
ID: 316, Data: 845 20 39 A 1F 22 0 77
ID: A0, Data: 832 7D 42 A 0 23 2 0
ID: 153, Data: 80 0 0 FF 0 FF 0 0
ID: 316, Data: 845 29 65 A 43 22 0 77
ID: 18F, Data: 8AA 49 0 0 0 0 0 0
ID: 316, Data: 845 2C 92 A 20 22 0 77
ID: 440, Data: 8FE 50 0 A0 FF AA AA AA
ID: 153, Data: 80 0 0 FF 0 FF 0 0
ID: 18F, Data: 8AA 49 0 0 0 0 0 0
ID: 316, Data: 845 2B A0 B 1F 23 0 77
ID: 43F, Data: 80 40 60 FF 70 98 B 0
ID: 545, Data: 8DC 2A 0 8C 55 0 55 0
ID: 260, Data: 8A 26 1E 30 2C FF 7E 29
ID: 316, Data: 845 22 6C C 1E 23 0 77
ID: 316, Data: 845 21 60 C 1E 23 0 77
ID: A1, Data: 88F 7E 8B 7E 21 0 0 0
ID: 153, Data: 80 0 0 FF 0 FF 0 0
ID: 43F, Data: 80 40 60 FF 70 20 C 0
ID: 153, Data: 80 0 0 FF 0 FF 0 0
ID: 153, Data: 80 0 0 FF 0 FF 0 0
ID: 316, Data: 845 28 41 B 45 23 0 77
ID: A0, Data: 83D 7D 41 B 0 27 2 0
ID: 316, Data: 845 2D 98 B 50 23 0 77
ID: 153, Data: 80 0 0 FF 0 FF 0 0
ID: 153, Data: 80 0 0 FF 0 FF 0 0
ID: 43F, Data: 80 40 60 FF 70 E0 B 0
ID: 43F, Data: 80 40 60 FF 70 48 C 0
ID: 43F, Data: 80 40 60 FF 70 C0 C 0
ID: 43F, Data: 80 40 60 FF 70 60 D 0
ID: 153, Data: 80 0 0 FF 0 FF 0 0
ID: 260, Data: 8A 2E 1B 30 2C FF 84 2D
ID: 316, Data: 845 29 AF F 1B 21 0 77
ID: 43F, Data: 80 40 60 FF 70 FC F 0
ID: 316, Data: 845 21 6 10 1B 22 0 77
ID: 153, Data: 80 0 0 FF 0 FF 0 0
ID: A1, Data: 88E 7E 8C 7E 22 0 0 0
ID: 316, Data: 845 1C E7 E 1C 23 0 77
ID: 370, Data: 8FF E0 F0 F0 FF FF FF FF
ID: 153, Data: 80 0 0 FF 0 FF 0 0
ID: 1F1, Data: 80 0 0 0 0 0 0 0
ID: 316, Data: 845 21 D7 D 31 23 0 77
ID: 43F, Data: 80 40 60 FF 70 A0 D 0
ID: 43F, Data: 80 40 60 FF 70 78 D 0
ID: 440, Data: 8FE 50 0 A0 FF AA AA AA
ID: 153, Data: 80 0 0 FF 0 FF 0 0
ID: 316, Data: 845 2B 43 E 3D 22 0 77
ID: 370, Data: 8FF E0 F0 F0 FF FF FF FF
ID: 316, Data: 845 2F A9 E 1D 22 0 77
ID: A0, Data: 83F 7D 43 E 0 29 2 0
ID: 43F, Data: 80 40 60 FF 70 18 F 0
ID: 1F1, Data: 80 0 0 0 0 0 0 0
ID: 153, Data: 80 0 0 FF 0 FF 0 0
ID: 18F, Data: 8AA 4C 0 0 0 0 0 0
ID: 43F, Data: 80 40 60 FF 70 98 10 0
ID: 316, Data: 845 24 83 10 1A 22 0 77
ID: 545, Data: 8DC 35 0 8C EF FF EF FF
ID: 153, Data: 80 0 0 FF 0 FF 0 0
ID: 316, Data: 845 1D A3 F 1C 23 0 77
ID: 316, Data: 845 1B 2F F 1C 23 0 77
ID: 1F0, Data: 80 40 0 0 0 0 0 0
ID: 153, Data: 80 0 0 FF 0 FF 0 0
ID: 280, Data: 830 0 84 B1 1C 15 87 3F
ID: 316, Data: 845 1B B5 D 1E 24 0 77
ID: 153, Data: 80 0 0 FF 0 FF 0 0
ID: 316, Data: 845 1C 12 D 1F 24 0 77
ID: 370, Data: 8FF E0 F0 F0 FF FF FF FF
ID: 153, Data: 80 0 0 FF 0 FF 0 0
ID: 43F, Data: 80 40 60 FF 70 4 C 0
ID: 18F, Data: 8AA 4D 0 0 0 0 0 0
ID: 260, Data: 8A 1F 20 30 2C FF 69 24
ID: 329, Data: 8ED B1 80 8 11 2D 0 26
ID: 153, Data: 80 0 0 FF 0 FF 0 0
ID: 316, Data: 845 21 44 B 20 23 0 77
ID: 153, Data: 80 0 0 FF 0 FF 0 0
ID: 316, Data: 845 22 42 B 1F 23 0 77
ID: 316, Data: 845 22 32 B 20 23 0 77
ID: 329, Data: 884 B1 80 8 11 2C 0 26
ID: 153, Data: 80 0 0 FF 0 FF 0 0
ID: 153, Data: 80 0 0 FF 0 FF 0 0
ID: 316, Data: 845 22 1E B 1F 23 0 77
ID: 43F, Data: 80 40 60 FF 70 8 B 0
ID: 153, Data: 80 0 0 FF 0 FF 0 0
ID: 316, Data: 845 22 1A B 1F 23 0 77
ID: 43F, Data: 80 40 60 FF 70 F8 A 0
ID: 440, Data: 8FE 50 0 A0 FF AA AA AA
ID: 316, Data: 845 22 27 B 1F 23 0 77
ID: 153, Data: 80 0 0 FF 0 FF 0 0
ID: 316, Data: 845 21 17 B 1F 23 0 77
ID: 153, Data: 80 0 0 FF 0 FF 0 0
ID: 316, Data: 845 21 27 B 1F 23 0 77
ID: 153, Data: 80 0 0 FF 0 FF 0 0
ID: 329, Data: 840 B1 80 8 11 2B 0 26
ID: 316, Data: 845 21 EA A 1F 23 0 77
ID: 2A0, Data: 820 2 87 1C 33 0 11 0
ID: 5F0, Data: 20 0
ID: 153, Data: 80 0 0 FF 0 FF 0 0
ID: 43F, Data: 80 40 60 FF 70 B0 A 0
ID: 153, Data: 80 0 0 FF 0 FF 0 0
ID: 316, Data: 845 21 CB A 1F 23 0 77
ID: 153, Data: 80 0 0 FF 0 FF 0 0
ID: 153, Data: 80 0 0 FF 0 FF 0 0
ID: 1F0, Data: 80 40 0 0 0 0 0 0
ID: 43F, Data: 80 40 60 FF 70 A4 A 0
ID: 316, Data: 845 21 D5 A 1F 23 0 77
ID: 2A0, Data: 840 2 87 1C 33 0 11 0
ID: 43F, Data: 80 40 60 FF 70 A8 A 0
ID: 43F, Data: 80 40 60 FF 70 90 A 0
ID: 153, Data: 80 0 0 FF 0 FF 0 0
ID: 329, Data: 840 B1 80 8 11 2B 0 26
ID: 1F1, Data: 80 0 0 0 0 0 0 0
ID: 153, Data: 80 0 0 FF 0 FF 0 0
ID: 316, Data: 845 21 A4 A 1F 23 0 77
ID: 153, Data: 80 0 0 FF 0 FF 0 0
ID: 316, Data: 845 21 A3 A 1F 23 0 77
ID: 440, Data: 8FE A0 0 A0 FF AA AA AA
ID: 316, Data: 845 21 8A A 1F 23 0 77
ID: 153, Data: 80 0 0 FF 0 FF 0 0
ID: 153, Data: 80 0 0 FF 0 FF 0 0
ID: 1F0, Data: 80 40 0 0 0 0 0 0
ID: 2A0, Data: 840 2 87 1C 33 0 11 0
ID: 316, Data: 845 21 8A A 1F 23 0 77
ID: 2A0, Data: 880 2 87 1C 33 0 11 0
ID: 43F, Data: 80 40 60 FF 70 70 A 0
ID: 43F, Data: 80 40 60 FF 70 68 A 0
ID: 153, Data: 80 0 0 FF 0 FF 0 0
ID: 329, Data: 840 B2 80 8 11 2B 0 26
ID: 1F1, Data: 80 0 0 0 0 0 0 0
ID: 153, Data: 80 0 0 FF 0 FF 0 0
ID: 316, Data: 845 20 53 A 20 22 0 77
ID: 316, Data: 845 20 4F A 20 22 0 77
ID: 316, Data: 845 20 57 A 20 22 0 77
ID: 2A0, Data: 8E0 2 87 1C 33 0 11 0
ID: 43F, Data: 80 40 60 FF 70 2C A 0
ID: 43F, Data: 80 40 60 FF 70 30 A 0
ID: 43F, Data: 80 40 60 FF 70 2C A 0
ID: 329, Data: 840 B2 80 8 11 2B 0 26
ID: A0, Data: 834 7E 44 A 0 23 2 0
ID: 316, Data: 845 20 5B A 1F 22 0 77
ID: 440, Data: 8FE A0 0 A0 FF AA AA AA
ID: 153, Data: 80 0 0 FF 0 FF 0 0
ID: 18F, Data: 8AA 4D 0 0 0 0 0 0
ID: 329, Data: 8B B2 80 8 11 2B 0 26
ID: 43F, Data: 80 40 60 FF 70 10 A 0
ID: 329, Data: 840 B2 80 8 11 2B 0 26
ID: 18F, Data: 8AA 4C 0 0 0 0 0 0
ID: 316, Data: 845 20 49 A 1F 22 0 77
ID: 43F, Data: 80 40 60 FF 70 1C A 0
ID: 316, Data: 845 20 62 A 1F 22 0 77
ID: 316, Data: 845 20 73 A 1F 22 0 77
ID: 545, Data: 8DC 22 0 8C D8 FF D8 FF
ID: 316, Data: 845 20 54 A 1F 22 0 77
ID: 316, Data: 845 20 40 A 1F 22 0 77
ID: 1F0, Data: 80 40 0 0 0 0 0 0
ID: 1F1, Data: 80 0 0 0 0 0 0 0
ID: A1, Data: 88C 7E 88 7E 22 0 0 0
ID: 316, Data: 845 20 58 A 1F 22 0 77
ID: 153, Data: 80 0 0 FF 0 FF 0 0
ID: 18F, Data: 8AA 4C 0 0 0 0 0 0
ID: 316, Data: 845 20 6C A 1F 22 0 77
ID: 43F, Data: 80 40 60 FF 70 50 A 0
ID: 370, Data: 8FF E0 F0 F0 FF FF FF FF
ID: 370, Data: 8FF E0 F0 F0 FF FF FF FF
ID: 316, Data: 845 20 50 A 1F 22 0 77
ID: 153, Data: 80 0 0 FF 0 FF 0 0
ID: 43F, Data: 80 40 60 FF 70 2C A 0
ID: 43F, Data: 80 40 60 FF 70 30 A 0
ID: 153, Data: 80 0 0 FF 0 FF 0 0
ID: 316, Data: 845 20 5A A 1F 22 0 77
ID: 316, Data: 845 20 57 A 1F 22 0 77
ID: 153, Data: 80 0 0 FF 0 FF 0 0
ID: 153, Data: 80 0 0 FF 0 FF 0 0
ID: 260, Data: 8A 20 1F 30 2C FF 6E 10
ID: 316, Data: 845 20 51 A 1F 22 0 77
ID: 153, Data: 80 0 0 FF 0 FF 0 0
ID: 316, Data: 845 20 47 A 1F 22 0 77
ID: 316, Data: 845 20 50 A 1F 22 0 77
ID: 153, Data: 80 0 0 FF 0 FF 0 0
ID: A1, Data: 88A 7E 8A 7E 22 0 0 0
ID: 329, Data: 840 B2 80 8 11 2B 0 26
ID: 545, Data: 8DC 20 0 8D D2 FF D2 FF
ID: 153, Data: 80 0 0 FF 0 FF 0 0
ID: 43F, Data: 80 40 60 FF 70 28 A 0
ID: 316, Data: 845 20 35 A 1F 22 0 77
ID: 316, Data: 845 20 2D A 1F 22 0 77
ID: 1F0, Data: 80 40 0 0 0 0 0 0
ID: 153, Data: 80 0 0 FF 0 FF 0 0
ID: 260, Data: 8A 20 20 30 2C FF 71 29
ID: 316, Data: 845 20 14 A 20 22 0 77
ID: 43F, Data: 80 40 60 FF 70 F0 9 0
ID: 43F, Data: 80 40 60 FF 70 E8 9 0
ID: 43F, Data: 80 40 60 FF 70 F0 9 0
ID: 43F, Data: 80 40 60 FF 70 FC 9 0
ID: 43F, Data: 80 40 60 FF 70 4 A 0
ID: 153, Data: 80 0 0 FF 0 FF 0 0
ID: 316, Data: 845 20 3A A 1F 22 0 77
ID: 43F, Data: 80 40 60 FF 70 20 A 0
ID: 43F, Data: 80 40 60 FF 70 18 A 0
ID: 316, Data: 845 20 2A A 1F 22 0 77
ID: 280, Data: 830 0 84 B2 14 18 87 49
ID: 316, Data: 845 20 38 A 1F 22 0 77
ID: 316, Data: 845 20 26 A 1F 22 0 77
ID: 18F, Data: 8AA 4C 0 0 0 0 0 0
ID: 43F, Data: 80 40 60 FF 70 C A 0
ID: 153, Data: 80 0 0 FF 0 FF 0 0
ID: 43F, Data: 80 40 60 FF 70 10 A 0
ID: 260, Data: 8A 20 20 30 2C FF 71 B
ID: A1, Data: 888 7E 88 7E 22 0 0 0
ID: 5F0, Data: 20 0
ID: 153, Data: 80 0 0 FF 0 FF 0 0
ID: 43F, Data: 80 40 60 FF 70 4 A 0
ID: 5F0, Data: 20 0
ID: 316, Data: 845 20 32 A 1F 22 0 77
ID: 43F, Data: 80 40 60 FF 70 14 A 0
ID: 43F, Data: 80 40 60 FF 70 18 A 0
ID: 316, Data: 845 20 3D A 1F 22 0 77
ID: 153, Data: 80 0 0 FF 0 FF 0 0
ID: 153, Data: 80 0 0 FF 0 FF 0 0
ID: A1, Data: 88A 7E 86 7E 22 0 0 0
ID: 280, Data: 830 0 84 B2 14 18 87 49
ID: 2A0, Data: 8E0 0 87 1C 33 0 11 0
ID: 43F, Data: 80 40 60 FF 70 0 A 0
ID: 43F, Data: 80 40 60 FF 70 4 A 0
ID: 43F, Data: 80 40 60 FF 70 C A 0
ID: 316, Data: 845 20 40 A 1F 22 0 77
ID: 316, Data: 845 20 3C A 1F 22 0 77
ID: 153, Data: 80 0 0 FF 0 FF 0 0
ID: 153, Data: 80 0 0 FF 0 FF 0 0
ID: 43F, Data: 80 40 60 FF 70 C A 0
ID: 18F, Data: 8AA 4C 0 0 0 0 0 0
ID: A1, Data: 88A 7E 86 7E 22 0 0 0
ID: 280, Data: 830 0 84 B2 14 18 86 48
ID: 545, Data: 8DC 20 0 8B D5 FF D5 FF
ID: 316, Data: 845 20 38 A 1F 22 0 77
ID: 316, Data: 845 20 34 A 1F 22 0 77
ID: 43F, Data: 80 40 60 FF 70 14 A 0
ID: 316, Data: 845 20 2E A 1F 22 0 77
ID: 316, Data: 845 20 3A A 1F 22 0 77
ID: 260, Data: 8A 20 20 30 2C FF 70 C
ID: 316, Data: 845 20 2A A 1F 22 0 77
ID: 5F0, Data: 20 0
ID: 260, Data: 8A 20 20 30 2C FF 71 B
ID: 280, Data: 830 0 84 B2 14 18 86 49
ID: 316, Data: 845 20 2D A 1F 22 0 77
ID: 316, Data: 845 20 23 A 1F 22 0 77
ID: 18F, Data: 8AA 4C 0 0 0 0 0 0
ID: 43F, Data: 80 40 60 FF 70 0 A 0
ID: 153, Data: 80 0 0 FF 0 FF 0 0
ID: 316, Data: 845 20 10 A 1F 22 0 77
ID: 18F, Data: 8AA 4C 0 0 0 0 0 0
ID: 153, Data: 80 0 0 FF 0 FF 0 0
ID: A0, Data: 833 7E 1C A 0 23 2 0
ID: 280, Data: 830 0 84 B2 14 18 86 49
ID: 316, Data: 845 20 18 A 1F 22 0 77
ID: 370, Data: 8FF E0 F0 F0 FF FF FF FF
ID: 316, Data: 845 20 31 A 1F 22 0 77
ID: 153, Data: 80 0 0 FF 0 FF 0 0
ID: 153, Data: 80 0 0 FF 0 FF 0 0
ID: 316, Data: 845 20 24 A 1F 22 0 77
ID: A0, Data: 832 7E 2A A 0 23 2 0
ID: 316, Data: 845 20 31 A 1F 22 0 77
ID: 1F0, Data: 80 40 0 0 0 0 0 0
ID: 153, Data: 80 0 0 FF 0 FF 0 0
ID: 43F, Data: 80 40 60 FF 70 14 A 0
ID: 43F, Data: 80 40 60 FF 70 18 A 0
ID: 43F, Data: 80 40 60 FF 70 18 A 0
ID: 43F, Data: 80 40 60 FF 70 1C A 0
ID: 153, Data: 80 0 0 FF 0 FF 0 0
ID: 545, Data: 8DC 20 0 8C D2 FF D2 FF
ID: 1F1, Data: 80 0 0 0 0 0 0 0
ID: 1F1, Data: 80 0 0 0 0 0 0 0
ID: 316, Data: 845 20 30 A 1F 22 0 77
ID: 440, Data: 8FE A0 0 A0 FF AA AA AA
ID: 316, Data: 845 1F A A 20 22 0 77
ID: 260, Data: 8A 20 20 30 2C FF 71 29
ID: 43F, Data: 80 40 60 FF 70 E4 9 0
ID: 316, Data: 845 20 FA 9 20 22 0 77
ID: 329, Data: 8ED B2 80 8 11 2A 0 26
ID: 370, Data: 8FF E0 F0 F0 FF FF FF FF
ID: 153, Data: 80 0 0 FF 0 FF 0 0
ID: 153, Data: 80 0 0 FF 0 FF 0 0
ID: 280, Data: 830 0 84 B2 14 18 86 49
ID: 370, Data: 8FF E0 F0 F0 FF FF FF FF
ID: 153, Data: 80 0 0 FF 0 FF 0 0
ID: 5F0, Data: 20 0
ID: 316, Data: 845 20 3D A 1F 22 0 77
ID: 153, Data: 80 0 0 FF 0 FF 0 0
ID: 316, Data: 845 20 34 A 1F 22 0 77
ID: 316, Data: 845 20 42 A 1F 22 0 77
ID: 280, Data: 830 0 84 B2 14 18 86 49
ID: 153, Data: 80 0 0 FF 0 FF 0 0
ID: 316, Data: 845 20 15 A 20 22 0 77
ID: 43F, Data: 80 40 60 FF 70 0 A 0
ID: 316, Data: 845 20 17 A 20 22 0 77
ID: 329, Data: 884 B2 80 8 11 2A 0 26
ID: 440, Data: 8FE A0 0 A0 FF AA AA AA
ID: 153, Data: 80 0 0 FF 0 FF 0 0
ID: 260, Data: 8A 20 20 30 2C FF 72 A
ID: 316, Data: 845 20 23 A 1F 22 0 77
ID: 18F, Data: 8AA 4C 0 0 0 0 0 0
ID: 43F, Data: 80 40 60 FF 70 4 A 0
ID: 153, Data: 80 0 0 FF 0 FF 0 0
ID: 316, Data: 845 20 3A A 1F 22 0 77
ID: 260, Data: 8A 20 20 30 2C FF 71 29
ID: 316, Data: 845 20 13 A 20 22 0 77
ID: 329, Data: 8B B2 80 8 11 2A 0 26
ID: A1, Data: 886 7E 84 7E 23 0 0 0
ID: 43F, Data: 80 40 60 FF 70 0 A 0
ID: 153, Data: 80 0 0 FF 0 FF 0 0
ID: 316, Data: 845 20 19 A 1F 22 0 77
ID: 153, Data: 80 0 0 FF 0 FF 0 0
ID: 153, Data: 80 0 0 FF 0 FF 0 0
ID: 316, Data: 845 20 F A 20 22 0 77
ID: 153, Data: 80 0 0 FF 0 FF 0 0
ID: 316, Data: 845 20 7 A 20 22 0 77
ID: 43F, Data: 80 40 60 FF 70 E8 9 0
ID: 43F, Data: 80 40 60 FF 70 E8 9 0
ID: 43F, Data: 80 40 60 FF 70 EC 9 0
ID: 370, Data: 8FF E0 F0 F0 FF FF FF FF
ID: 370, Data: 8FF E0 F0 F0 FF FF FF FF
ID: 316, Data: 845 20 14 A 1F 22 0 77
ID: A1, Data: 884 7E 82 7E 23 0 0 0
ID: 43F, Data: 80 40 60 FF 70 F4 9 0
ID: 153, Data: 80 0 0 FF 0 FF 0 0
ID: 43F, Data: 80 40 60 FF 70 F8 9 0
ID: 316, Data: 845 20 23 A 1F 22 0 77
ID: 153, Data: 80 0 0 FF 0 FF 0 0
ID: 18F, Data: 8AA 4D 0 0 0 0 0 0
ID: 316, Data: 845 20 5 A 20 22 0 77
ID: 316, Data: 845 20 F1 9 20 22 0 77
ID: 316, Data: 845 20 F7 9 20 22 0 77
ID: 18F, Data: 8AA 4D 0 0 0 0 0 0
ID: 43F, Data: 80 40 60 FF 70 D4 9 0
ID: 5F0, Data: 20 0
ID: 316, Data: 845 20 1C A 1F 22 0 77
ID: 43F, Data: 80 40 60 FF 70 EC 9 0
ID: 316, Data: 845 20 1D A 1F 22 0 77
ID: 329, Data: 884 B2 80 8 11 2A 0 26
ID: A1, Data: 884 7E 82 7E 23 0 0 0
ID: 316, Data: 845 20 49 A 1F 22 0 77
ID: 153, Data: 80 0 0 FF 0 FF 0 0
ID: 545, Data: 8DC 1F 0 8C D8 FF D8 FF
ID: 316, Data: 845 20 5B A 1F 22 0 77
ID: 43F, Data: 80 40 60 FF 70 4C A 0
ID: 43F, Data: 80 40 60 FF 70 44 A 0
ID: 316, Data: 845 20 53 A 1F 22 0 77
ID: 329, Data: 8ED B2 80 8 11 2A 0 26
ID: 43F, Data: 80 40 60 FF 70 30 A 0
ID: 153, Data: 80 0 0 FF 0 FF 0 0
ID: 316, Data: 845 20 30 A 1F 22 0 77
ID: 43F, Data: 80 40 60 FF 70 C A 0
ID: 316, Data: 845 1F 3 A 20 22 0 77
ID: 280, Data: 830 0 84 B2 14 18 86 49
ID: 260, Data: 8A 20 20 30 2C FF 73 27
ID: 316, Data: 845 20 A A 20 22 0 77
ID: 18F, Data: 8AA 4D 0 0 0 0 0 0
ID: 43F, Data: 80 40 60 FF 70 DC 9 0
ID: 260, Data: 8A 20 20 30 2C FF 74 35
ID: 5F0, Data: 20 0
ID: 316, Data: 845 20 21 A 1F 22 0 77
ID: 440, Data: 8FE 50 0 A0 FF AA AA AA
ID: 280, Data: 830 0 84 B2 14 18 86 49
ID: 153, Data: 80 0 0 FF 0 FF 0 0
ID: 316, Data: 845 20 1B A 1F 22 0 77
ID: 316, Data: 845 20 20 A 1F 22 0 77
ID: 545, Data: 8DC 1E 0 87 D8 FF D8 FF
ID: 43F, Data: 80 40 60 FF 70 0 A 0
ID: 316, Data: 845 20 20 A 1F 22 0 77
ID: 370, Data: 8FF E0 F0 F0 FF FF FF FF
ID: 18F, Data: 8AA 4D 0 0 0 0 0 0
ID: 316, Data: 845 20 10 A 20 22 0 77
ID: 316, Data: 845 20 21 A 1F 22 0 77
ID: 316, Data: 845 20 1B A 1F 22 0 77
ID: A0, Data: 832 7E 1F A 0 23 2 0
ID: 43F, Data: 80 40 60 FF 70 FC 9 0
ID: 153, Data: 80 0 0 FF 0 FF 0 0
ID: 316, Data: 845 20 1B A 1F 22 0 77
ID: 153, Data: 80 0 0 FF 0 FF 0 0
ID: 5F0, Data: 20 0
ID: 316, Data: 845 20 2C A 1F 22 0 77
ID: 316, Data: 845 20 31 A 1F 22 0 77
ID: 316, Data: 845 20 42 A 1F 22 0 77
ID: A1, Data: 884 7E 82 7E 23 0 0 0
ID: 316, Data: 845 20 42 A 1F 22 0 77
ID: 440, Data: 8FE 50 0 A0 FF AA AA AA
ID: 316, Data: 845 20 35 A 1F 22 0 77
ID: 153, Data: 80 0 0 FF 0 FF 0 0
ID: 5F0, Data: 20 0
ID: 316, Data: 845 20 21 A 1F 22 0 77
ID: 43F, Data: 80 40 60 FF 70 0 A 0
ID: 43F, Data: 80 40 60 FF 70 FC 9 0
ID: 1F1, Data: 80 0 0 0 0 0 0 0
ID: 329, Data: 8B B2 80 8 11 2A 0 26
ID: 153, Data: 80 0 0 FF 0 FF 0 0
ID: 153, Data: 80 0 0 FF 0 FF 0 0
ID: 316, Data: 845 20 2E A 1F 22 0 77
ID: 43F, Data: 80 40 60 FF 70 8 A 0
ID: 316, Data: 845 20 21 A 1F 22 0 77
ID: 153, Data: 80 0 0 FF 0 FF 0 0
ID: 280, Data: 830 0 84 B2 14 18 86 49
ID: 43F, Data: 80 40 60 FF 70 FC 9 0
ID: A0, Data: 833 7E 19 A 0 23 2 0
ID: 316, Data: 845 20 2E A 1F 22 0 77
ID: 153, Data: 80 0 0 FF 0 FF 0 0
ID: 316, Data: 845 20 3C A 1F 22 0 77
ID: 43F, Data: 80 40 60 FF 70 18 A 0
ID: 153, Data: 80 0 0 FF 0 FF 0 0
ID: 280, Data: 830 0 84 B2 14 18 86 49
ID: 1F1, Data: 80 0 0 0 0 0 0 0
ID: 2A0, Data: 820 0 86 1C 33 0 11 0
ID: 316, Data: 845 20 6 A 20 22 0 77
ID: 153, Data: 80 0 0 FF 0 FF 0 0
ID: A0, Data: 833 7E 1 A 0 23 2 0
ID: 316, Data: 845 20 F8 9 20 22 0 77
ID: 316, Data: 845 20 C A 20 22 0 77
ID: 2A0, Data: 8E0 0 86 1C 33 0 11 0
ID: A1, Data: 880 7E 7D 7E 23 0 0 0
ID: 1F0, Data: 80 40 0 0 0 0 0 0
ID: 153, Data: 80 0 0 FF 0 FF 0 0
ID: A0, Data: 82F 7E 2A A 0 22 2 0
ID: 329, Data: 840 B2 80 8 11 29 0 26
ID: 316, Data: 845 1E 3A A 1A 19 0 77
ID: 43F, Data: 80 40 60 FF 70 24 A 0
ID: 153, Data: 80 0 0 FF 0 FF 0 0
ID: 316, Data: 85 1D 13 A 1A 1A 0 77
ID: 43F, Data: 80 40 60 FF 70 4 A 0
ID: 43F, Data: 80 40 60 FF 70 EC 9 0
ID: 43F, Data: 80 40 60 FF 70 E4 9 0
ID: 153, Data: 80 0 0 FF 0 FF 0 0
ID: A0, Data: 82A 7E 5F A 0 22 2 0
ID: 329, Data: 840 B2 80 8 11 29 0 26
ID: 316, Data: 85 1B E9 A 18 1A 0 77
ID: 43F, Data: 80 40 60 FF 70 F8 A 0
ID: 43F, Data: 80 40 60 FF 70 F0 A 0
ID: 43F, Data: 80 40 60 FF 70 DC A 0
ID: 153, Data: 80 0 0 FF 0 FF 0 0
ID: 316, Data: 85 19 BF A 18 1A 0 77
ID: 316, Data: 85 19 A4 A 18 1B 0 77
ID: 329, Data: 840 B2 80 8 11 29 0 26
ID: A0, Data: 828 7E C3 A 0 22 2 0
ID: 440, Data: 8FE A0 0 A0 FF AA AA AA
ID: 43F, Data: 80 40 60 FF 70 68 A 0
ID: 316, Data: 85 19 92 A 19 1B 0 77
ID: 545, Data: 8DC 18 0 88 E4 FF E4 FF
ID: A1, Data: 87D 7E 80 7E 1E 0 0 0
ID: 153, Data: 80 0 0 FF 0 FF 0 0
ID: 316, Data: 85 19 5B A 1A 1A 0 77
ID: 153, Data: 80 0 0 FF 0 FF 0 0
ID: 316, Data: 85 19 58 A 1A 1A 0 77
ID: 43F, Data: 80 40 60 FF 70 34 A 0
ID: 153, Data: 80 0 0 FF 0 FF 0 0
ID: 316, Data: 85 19 66 A 19 1A 0 77
ID: 153, Data: 80 0 0 FF 0 FF 0 0
ID: 316, Data: 85 19 49 A 19 1A 0 77
ID: 316, Data: 85 1A 4B A 19 1A 0 77
ID: 316, Data: 85 1A 5C A 19 1A 0 77
ID: 260, Data: 8A 1A 19 30 2C FF 6E E
ID: 43F, Data: 80 40 60 FF 70 3C A 0
ID: 370, Data: 8FF E0 F0 F0 FF FF FF FF
ID: 316, Data: 85 1A 67 A 19 1A 0 77
ID: 153, Data: 80 0 0 FF 0 FF 0 0
ID: 316, Data: 85 1A 67 A 19 1A 0 77
ID: 153, Data: 80 0 0 FF 0 FF 0 0
ID: 316, Data: 85 1A 5C A 19 1A 0 77
ID: 370, Data: 8FF E0 F0 F0 FF FF FF FF
ID: 153, Data: 80 0 0 FF 0 FF 0 0
ID: A0, Data: 82B 7E 57 A 0 22 2 0
ID: 316, Data: 85 1A 4D A 19 1A 0 77
ID: 440, Data: 8FE A0 0 A0 FF AA AA AA
ID: 440, Data: 8FE A0 0 A0 FF AA AA AA
ID: 153, Data: 80 0 0 FF 0 FF 0 0
ID: 329, Data: 8B B2 80 8 11 29 0 26
ID: 316, Data: 85 1A 1C A 1A 1A 0 77
ID: 329, Data: 840 B2 80 8 11 29 0 26
ID: A0, Data: 82A 7E 60 A 0 22 2 0
ID: 153, Data: 80 0 0 FF 0 FF 0 0
ID: 316, Data: 85 1A 67 A 19 1A 0 77
ID: 18F, Data: 8AA 48 0 0 0 0 0 0
ID: 316, Data: 85 19 74 A 18 1A 0 77
ID: A1, Data: 878 7E 7A 7E 1E 0 0 0
ID: 316, Data: 85 19 48 A 19 1A 0 77
ID: 440, Data: 8FE A0 0 A0 FF AA AA AA
ID: 153, Data: 80 0 0 FF 0 FF 0 0
ID: 260, Data: 8A 1A 19 30 2C FF 6E 3B
ID: 316, Data: 85 19 39 A 19 1A 0 77
ID: 316, Data: 85 19 5 A 1A 1A 0 77
ID: 316, Data: 85 19 F A 1A 1A 0 77
ID: 153, Data: 80 0 0 FF 0 FF 0 0
ID: 316, Data: 85 1A 0 A 1A 1A 0 77
ID: 153, Data: 80 0 0 FF 0 FF 0 0
ID: 440, Data: 8FE A0 0 A0 FF AA AA AA
ID: 153, Data: 80 0 0 FF 0 FF 0 0
ID: 440, Data: 8FE A0 0 A0 FF AA AA AA
ID: 43F, Data: 80 40 60 FF 70 14 A 0
ID: 280, Data: 830 0 84 B2 14 14 86 41
ID: 153, Data: 80 0 0 FF 0 FF 0 0
ID: 316, Data: 85 1A 50 A 19 1A 0 77
ID: 153, Data: 80 0 0 FF 0 FF 0 0
ID: 316, Data: 85 1A 50 A 19 1A 0 77
ID: 43F, Data: 80 40 60 FF 70 3C A 0
ID: 43F, Data: 80 40 60 FF 70 30 A 0
ID: 370, Data: 8FF E0 F0 F0 FF FF FF FF
ID: 329, Data: 8ED B2 80 8 11 29 0 26
ID: 316, Data: 85 1A 42 A 19 1A 0 77
ID: 316, Data: 85 1A 3E A 19 1A 0 77
ID: 153, Data: 80 0 0 FF 0 FF 0 0
ID: 153, Data: 80 0 0 FF 0 FF 0 0
ID: 260, Data: 8A 1A 19 30 2C FF 6F 2B
ID: 316, Data: 85 1A 44 A 19 1A 0 77
ID: 5F0, Data: 20 0
ID: 316, Data: 85 1A 3E A 19 1A 0 77
ID: 43F, Data: 80 40 60 FF 70 24 A 0
ID: 43F, Data: 80 40 60 FF 70 28 A 0
ID: 316, Data: 85 1A 30 A 19 1A 0 77
ID: 1F0, Data: 80 40 0 0 0 0 0 0
ID: 43F, Data: 80 40 60 FF 6F 1C A 0
ID: 316, Data: 85 1A 2D A 19 1A 0 77
ID: 260, Data: 8A 1A 1A 30 2C FF 70 37
ID: 43F, Data: 80 40 60 FF 70 4 A 0
ID: 316, Data: 85 1A 3C A 19 1A 0 77
ID: 43F, Data: 80 40 60 FF 70 C A 0
ID: 329, Data: 8B B2 80 8 11 29 0 26
ID: 2A0, Data: 820 0 86 1C 33 0 11 0
ID: 43F, Data: 80 40 60 FF 70 18 A 0
ID: 316, Data: 85 1A 28 A 19 1A 0 77
ID: 316, Data: 85 1A 17 A 19 1A 0 77
ID: 153, Data: 80 0 0 FF 0 FF 0 0
ID: 545, Data: 8DC 16 0 8D FA FF FA FF
ID: 440, Data: 8FE 50 0 A0 FF AA AA AA
ID: 316, Data: 85 1A 23 A 19 1A 0 77
ID: 316, Data: 85 1A 2C A 19 1A 0 77
ID: 316, Data: 85 1A 2D A 19 1A 0 77
ID: 18F, Data: 8AA 45 0 0 0 0 0 0
ID: 153, Data: 80 0 0 FF 0 FF 0 0
ID: 260, Data: 8A 1A 19 30 2C FF 70 38
ID: 316, Data: 85 1A 21 A 19 1A 0 77
ID: 153, Data: 80 0 0 FF 0 FF 0 0
ID: 316, Data: 85 1A FC 9 1A 1A 0 77
ID: 153, Data: 80 0 0 FF 0 FF 0 0
ID: 316, Data: 85 1A 30 A 19 1A 0 77
ID: 153, Data: 80 0 0 FF 0 FF 0 0
ID: 153, Data: 80 0 0 FF 0 FF 0 0
ID: 153, Data: 80 0 0 FF 0 FF 0 0
ID: 18F, Data: 8AA 45 0 0 0 0 0 0
ID: 316, Data: 85 1A 38 A 19 1A 0 77
ID: 153, Data: 80 0 0 FF 0 FF 0 0
ID: 316, Data: 85 1A 2E A 19 1A 0 77
ID: 43F, Data: 80 40 60 FF 70 1C A 0
ID: 43F, Data: 80 40 60 FF 70 20 A 0
ID: 43F, Data: 80 40 60 FF 70 24 A 0
ID: 43F, Data: 80 40 60 FF 70 1C A 0
ID: 316, Data: 85 1A 2D A 19 1A 0 77
ID: 316, Data: 85 1A 25 A 19 1A 0 77
ID: 153, Data: 80 0 0 FF 0 FF 0 0
ID: 545, Data: 8DC 17 0 8C F9 FF F9 FF
ID: 440, Data: 8FE 0 0 A0 FF AA AA AA
ID: 316, Data: 85 1A 47 A 19 1A 0 77
ID: 5F0, Data: 20 0
ID: 153, Data: 80 0 0 FF 0 FF 0 0
ID: 316, Data: 85 1A 3E A 19 1A 0 77
ID: 316, Data: 85 1A 39 A 19 1A 0 77
ID: 316, Data: 85 1A 49 A 19 1A 0 77
ID: 316, Data: 85 1A 39 A 19 1A 0 77
ID: 260, Data: 8A 1A 19 30 2C FF 6F D
ID: 43F, Data: 80 40 60 FF 70 18 A 0
ID: 43F, Data: 80 40 60 FF 70 10 A 0
ID: 370, Data: 8FF E0 F0 F0 FF FF FF FF
ID: 329, Data: 840 B2 80 8 11 29 0 26
ID: 316, Data: 85 1A 35 A 19 1A 0 77
ID: 316, Data: 85 1A 2C A 19 1A 0 77
ID: 545, Data: 8DC 17 0 8C F5 FF F5 FF
ID: 153, Data: 80 0 0 FF 0 FF 0 0
ID: 1F1, Data: 80 0 0 0 0 0 0 0
ID: 43F, Data: 80 40 60 FF 70 8 A 0
ID: 260, Data: 8A 1A 1A 30 2C FF 71 18
ID: 2A0, Data: 840 0 86 1C 33 0 11 0
ID: 5F0, Data: 20 0
ID: 153, Data: 80 0 0 FF 0 FF 0 0
ID: 43F, Data: 80 40 60 FF 70 DC 9 0
ID: 153, Data: 80 0 0 FF 0 FF 0 0
ID: 316, Data: 85 1A 6 A 1A 1A 0 77
ID: 153, Data: 80 0 0 FF 0 FF 0 0
ID: 316, Data: 85 1A 5 A 1A 1A 0 77
ID: 440, Data: 8FE 50 0 A0 FF AA AA AA
ID: 43F, Data: 80 40 60 FF 70 DC 9 0
ID: 316, Data: 85 1A F9 9 1A 1A 0 77
ID: 2A0, Data: 880 0 86 1C 33 0 11 0
ID: 316, Data: 85 1A 12 A 1A 1A 0 77
ID: 153, Data: 80 0 0 FF 0 FF 0 0
ID: 5F0, Data: 20 0
ID: 1F0, Data: 80 40 0 0 0 0 0 0
ID: 316, Data: 85 1A 30 A 19 1A 0 77
ID: 545, Data: 8DC 18 0 8C FA FF FA FF
ID: 18F, Data: 8AA 42 0 0 0 0 0 0
ID: 316, Data: 85 1A 38 A 19 1A 0 77
ID: 153, Data: 80 0 0 FF 0 FF 0 0
ID: 316, Data: 85 1A 42 A 19 1A 0 77
ID: 370, Data: 8FF E0 F0 F0 FF FF FF FF
ID: 153, Data: 80 0 0 FF 0 FF 0 0
ID: 153, Data: 80 0 0 FF 0 FF 0 0
ID: 280, Data: 830 0 84 B1 14 14 86 40
ID: 43F, Data: 80 40 60 FF 70 20 A 0
ID: A1, Data: 87D 7E 7A 7E 1E 0 0 0
ID: 153, Data: 80 0 0 FF 0 FF 0 0
ID: 316, Data: 85 19 39 A 19 1A 0 77
ID: 43F, Data: 80 40 60 FF 70 14 A 0
ID: 43F, Data: 80 40 60 FF 70 18 A 0
ID: 440, Data: 8FE F0 0 A0 FF AA AA AA
ID: 316, Data: 85 1A 3E A 19 1A 0 77
ID: 153, Data: 80 0 0 FF 0 FF 0 0
ID: 153, Data: 80 0 0 FF 0 FF 0 0
ID: 43F, Data: 80 40 60 FF 6F 1C A 0
ID: 18F, Data: 8AA 42 0 0 0 0 0 0
ID: 43F, Data: 80 40 60 FF 70 1C A 0
ID: 18F, Data: 8AA 42 0 0 0 0 0 0
ID: 43F, Data: 80 40 60 FF 70 10 A 0
ID: 260, Data: 8A 1A 1A 30 2C FF 71 27
ID: 153, Data: 80 0 0 FF 0 FF 0 0
ID: 316, Data: 85 19 2C A 19 1A 0 77
ID: 153, Data: 80 0 0 FF 0 FF 0 0
ID: 153, Data: 80 0 0 FF 0 FF 0 0
ID: 5F0, Data: 20 0
ID: 153, Data: 80 0 0 FF 0 FF 0 0
ID: 153, Data: 80 0 0 FF 0 FF 0 0
ID: 545, Data: 8DC 18 0 8D F2 FF F2 FF
ID: 316, Data: 85 19 48 A 19 1A 0 77
ID: 153, Data: 80 0 0 FF 0 FF 0 0
ID: 316, Data: 85 19 53 A 19 1A 0 77
ID: 43F, Data: 80 40 60 FF 70 34 A 0
ID: 440, Data: 8FE 0 0 A0 FF AA AA AA
ID: 316, Data: 85 19 39 A 19 1A 0 77
ID: 280, Data: 830 0 84 B1 14 14 86 40
ID: A1, Data: 87D 7E 7D 7E 1E 0 0 0
ID: 316, Data: 85 19 45 A 19 1A 0 77
ID: 5F0, Data: 20 0
ID: 316, Data: 85 19 2C A 19 1A 0 77
ID: 153, Data: 80 0 0 FF 0 FF 0 0
ID: 545, Data: 8DC 18 0 8C 51 FF 51 FF
ID: 153, Data: 80 0 0 FF 0 FF 0 0
ID: 43F, Data: 80 40 60 FF 70 24 A 0
ID: 2A0, Data: 880 0 86 1C 33 0 11 0
ID: A0, Data: 831 7D 49 A 0 23 2 0
ID: 153, Data: 80 0 0 FF 0 FF 0 0
ID: 153, Data: 80 0 0 FF 0 FF 0 0
ID: A0, Data: 833 7D 67 A 0 23 2 0
ID: 329, Data: 8B B1 80 8 11 2B 0 26
ID: 43F, Data: 80 40 60 FF 70 78 A 0
ID: 370, Data: 8FF E0 F0 F0 FF FF FF FF
ID: A1, Data: 880 7E 80 7E 21 0 0 0
ID: 316, Data: 845 1E AD A 1F 23 0 77
ID: 316, Data: 845 1E 7E A 20 23 0 77
ID: 1F0, Data: 80 40 0 0 0 0 0 0
ID: 1F1, Data: 80 0 0 0 0 0 0 0
ID: A1, Data: 880 7E 80 7E 22 0 0 0
ID: 43F, Data: 80 40 60 FF 70 B4 9 0
ID: 153, Data: 80 0 0 FF 0 FF 0 0
ID: 280, Data: 830 0 84 B1 13 19 86 4A
ID: 316, Data: 845 21 D3 9 20 22 0 77
ID: A1, Data: 880 7E 80 7E 23 0 0 0
ID: 43F, Data: 80 40 60 FF 70 94 9 0
ID: 370, Data: 8FF E0 F0 F0 FF FF FF FF
ID: 316, Data: 845 21 24 A 20 22 0 77
ID: 5F0, Data: 20 0
ID: 316, Data: 845 21 47 A 1F 22 0 77
ID: 1F0, Data: 80 40 0 0 0 0 0 0
ID: 153, Data: 80 0 0 FF 0 FF 0 0
ID: 316, Data: 845 20 73 A 1F 22 0 77
ID: 153, Data: 80 0 0 FF 0 FF 0 0
ID: 316, Data: 845 20 6D A 1F 22 0 77
ID: 153, Data: 80 0 0 FF 0 FF 0 0
ID: 316, Data: 845 20 78 A 1F 23 0 77
ID: 316, Data: 845 20 78 A 1F 23 0 77
ID: 1F1, Data: 80 0 0 0 0 0 0 0
ID: 153, Data: 80 0 0 FF 0 FF 0 0
ID: 316, Data: 845 1F 77 A 1F 23 0 77
ID: 43F, Data: 80 40 60 FF 70 58 A 0
ID: 280, Data: 830 0 84 B1 14 18 86 48
ID: A0, Data: 830 7D 77 A 0 23 2 0
ID: 316, Data: 845 1F 6D A 1F 23 0 77
ID: 153, Data: 80 0 0 FF 0 FF 0 0
ID: 316, Data: 845 1F 58 A 1F 23 0 77
ID: 1F0, Data: 80 40 0 0 0 0 0 0
ID: 545, Data: 8DC 1E 0 8C C1 FF C1 FF
ID: 43F, Data: 80 40 60 FF 70 2C A 0
ID: 2A0, Data: 840 0 86 1C 33 0 11 0
ID: 5F0, Data: 20 0
ID: 153, Data: 80 0 0 FF 0 FF 0 0
ID: 316, Data: 845 1F 17 A 1F 22 0 77
ID: 5F0, Data: 20 0
ID: 316, Data: 845 1F 24 A 1F 22 0 77
ID: 153, Data: 80 0 0 FF 0 FF 0 0
ID: 316, Data: 845 1F 15 A 1F 22 0 77
ID: 153, Data: 80 0 0 FF 0 FF 0 0
ID: 153, Data: 80 0 0 FF 0 FF 0 0
ID: 316, Data: 845 1F 2D A 1F 22 0 77
ID: 153, Data: 80 0 0 FF 0 FF 0 0
ID: 5F0, Data: 20 0
ID: 153, Data: 80 0 0 FF 0 FF 0 0
ID: 316, Data: 845 20 20 A 1F 22 0 77
ID: 5F0, Data: 20 0
ID: 316, Data: 845 20 18 A 1F 22 0 77
ID: 153, Data: 80 0 0 FF 0 FF 0 0
ID: 316, Data: 845 20 E A 1F 22 0 77
ID: 316, Data: 845 20 19 A 1F 22 0 77
ID: 316, Data: 845 20 18 A 1F 22 0 77
ID: 153, Data: 80 0 0 FF 0 FF 0 0
ID: 43F, Data: 80 40 60 FF 6F FC 9 0
ID: 1F1, Data: 80 0 0 0 0 0 0 0
ID: 153, Data: 80 0 0 FF 0 FF 0 0
ID: 260, Data: 8A 20 1F 30 2C FF 71 D
ID: 440, Data: 8FE 0 0 A0 FF AA AA AA
ID: 260, Data: 8A 20 20 30 2C FF 71 29
ID: 5F0, Data: 20 0
ID: 280, Data: 830 0 84 B1 14 18 86 48
ID: 316, Data: 845 1F 34 A 1F 22 0 77
ID: 153, Data: 80 0 0 FF 0 FF 0 0
ID: 5F0, Data: 20 0
ID: 153, Data: 80 0 0 FF 0 FF 0 0
ID: 316, Data: 845 1F 4C A 1F 23 0 77
ID: 370, Data: 8FF E0 F0 F0 FF FF FF FF
ID: 316, Data: 845 1F 41 A 1F 22 0 77
ID: A0, Data: 831 7D 38 A 0 23 2 0
ID: 43F, Data: 80 40 60 FF 6F 20 A 0
ID: 43F, Data: 80 40 60 FF 70 18 A 0
ID: 153, Data: 80 0 0 FF 0 FF 0 0
ID: 316, Data: 845 1F 35 A 1F 23 0 77
ID: 316, Data: 845 1F 38 A 1F 23 0 77
ID: 316, Data: 845 1F 44 A 1F 23 0 77
ID: 153, Data: 80 0 0 FF 0 FF 0 0
ID: 43F, Data: 80 40 60 FF 70 18 A 0
ID: 43F, Data: 80 40 60 FF 70 10 A 0
ID: 43F, Data: 80 40 60 FF 70 0 A 0
ID: 153, Data: 80 0 0 FF 0 FF 0 0
ID: 316, Data: 845 1F 23 A 1F 22 0 77
ID: 153, Data: 80 0 0 FF 0 FF 0 0
ID: 316, Data: 845 1F 1C A 1F 22 0 77
ID: 316, Data: 845 1F 25 A 1F 22 0 77
ID: 280, Data: 830 0 84 B1 14 18 86 48
ID: 43F, Data: 80 40 60 FF 70 C A 0
ID: 370, Data: 8FF E0 F0 F0 FF FF FF FF
ID: 43F, Data: 80 40 60 FF 6F 8 A 0
ID: 316, Data: 845 1F 20 A 1F 22 0 77
ID: 153, Data: 80 0 0 FF 0 FF 0 0
ID: 316, Data: 845 1F 31 A 1F 22 0 77
ID: 153, Data: 80 0 0 FF 0 FF 0 0
ID: 329, Data: 840 B1 80 8 11 2A 0 26
ID: 316, Data: 845 1F 3A A 1F 23 0 77
ID: 545, Data: 8DC 1B 0 8C CA FF CA FF
ID: 316, Data: 845 1F 2E A 1F 22 0 77
ID: 316, Data: 845 1F 26 A 1F 22 0 77
ID: 260, Data: 8A 20 20 30 2C FF 71 B
ID: 43F, Data: 80 40 60 FF 70 10 A 0
ID: 1F1, Data: 80 0 0 0 0 0 0 0
ID: 545, Data: 8DC 1B 0 8C CA FF CA FF
ID: 153, Data: 80 0 0 FF 0 FF 0 0
ID: 153, Data: 80 0 0 FF 0 FF 0 0
ID: 316, Data: 845 1F 3D A 1F 22 0 77
ID: 153, Data: 80 0 0 FF 0 FF 0 0
ID: 316, Data: 845 1F 3A A 1F 23 0 77
ID: 153, Data: 80 0 0 FF 0 FF 0 0
ID: 2A0, Data: 8E0 0 86 1C 33 0 11 0
ID: 316, Data: 845 1F 18 A 1F 22 0 77
ID: 280, Data: 830 0 84 B1 14 18 86 48
ID: 316, Data: 845 1F 14 A 1F 22 0 77
ID: 316, Data: 845 1F 10 A 1F 22 0 77
ID: 18F, Data: 8AA 4B 0 0 0 0 0 0
ID: 153, Data: 80 0 0 FF 0 FF 0 0
ID: 43F, Data: 80 40 60 FF 70 F0 9 0
ID: 545, Data: 8DC 1A 0 8C CD FF CD FF
ID: 43F, Data: 80 40 60 FF 6F 0 A 0
ID: 43F, Data: 80 40 60 FF 70 4 A 0
ID: 43F, Data: 80 40 60 FF 6F 4 A 0
ID: 153, Data: 80 0 0 FF 0 FF 0 0
ID: 316, Data: 845 1F 2E A 1F 22 0 77
ID: 153, Data: 80 0 0 FF 0 FF 0 0
ID: 280, Data: 830 0 84 B1 14 18 86 48
ID: 316, Data: 845 20 24 A 1F 22 0 77
ID: 43F, Data: 80 40 60 FF 70 4 A 0
ID: 43F, Data: 80 40 60 FF 70 4 A 0
ID: 153, Data: 80 0 0 FF 0 FF 0 0
ID: 316, Data: 845 1F 1B A 1F 22 0 77
ID: 153, Data: 80 0 0 FF 0 FF 0 0
ID: 316, Data: 845 20 1C A 1F 22 0 77
ID: 316, Data: 845 1F F A 1F 22 0 77
ID: 316, Data: 845 20 F A 1F 22 0 77
ID: 18F, Data: 8AA 4C 0 0 0 0 0 0
ID: 153, Data: 80 0 0 FF 0 FF 0 0
ID: 260, Data: 8A 20 20 30 2C FF 73 18
ID: 316, Data: 845 20 29 A 1F 22 0 77
ID: 153, Data: 80 0 0 FF 0 FF 0 0
ID: 316, Data: 845 20 20 A 1F 22 0 77
ID: 153, Data: 80 0 0 FF 0 FF 0 0
ID: 316, Data: 845 20 2A A 1F 22 0 77
ID: 316, Data: 845 20 28 A 1F 23 0 77
ID: 153, Data: 80 0 0 FF 0 FF 0 0
ID: 153, Data: 80 0 0 FF 0 FF 0 0
ID: 545, Data: 8DC 1A 0 8C CD FF CD FF
ID: 440, Data: 8FE A0 0 A0 FF AA AA AA
ID: 153, Data: 80 0 0 FF 0 FF 0 0
ID: 153, Data: 80 0 0 FF 0 FF 0 0
ID: 5F0, Data: 20 0
ID: 440, Data: 8FE A0 0 A0 FF AA AA AA
ID: 153, Data: 80 0 0 FF 0 FF 0 0
ID: 153, Data: 80 0 0 FF 0 FF 0 0
ID: 316, Data: 845 20 19 A 1F 22 0 77
ID: 153, Data: 80 0 0 FF 0 FF 0 0
ID: 316, Data: 845 20 20 A 1F 22 0 77
ID: 43F, Data: 80 40 60 FF 6F 0 A 0
ID: 153, Data: 80 0 0 FF 0 FF 0 0
ID: 316, Data: 845 20 20 A 1F 22 0 77
ID: 153, Data: 80 0 0 FF 0 FF 0 0
ID: 370, Data: 8FF E0 F0 F0 FF FF FF FF
ID: 316, Data: 845 20 24 A 1F 22 0 77
ID: 440, Data: 8FE 0 0 A0 FF AA AA AA
ID: 316, Data: 845 1F 18 A 1F 22 0 77
ID: 329, Data: 884 B0 80 8 11 2A 0 26
ID: 43F, Data: 80 40 60 FF 70 0 A 0
ID: 43F, Data: 80 40 60 FF 70 FC 9 0
ID: 153, Data: 80 0 0 FF 0 FF 0 0
ID: 316, Data: 845 1F 18 A 1F 22 0 77
ID: 153, Data: 80 0 0 FF 0 FF 0 0
ID: 280, Data: 830 0 84 B0 14 18 86 48
ID: 316, Data: 845 1F 13 A 1F 22 0 77
ID: A0, Data: 830 7D 1C A 0 23 2 0
ID: 43F, Data: 80 40 60 FF 70 F0 9 0
ID: 153, Data: 80 0 0 FF 0 FF 0 0
ID: 316, Data: 845 1F 18 A 1F 22 0 77
ID: 153, Data: 80 0 0 FF 0 FF 0 0
ID: 316, Data: 845 1F 1D A 1F 22 0 77
ID: 316, Data: 845 1F 29 A 1F 23 0 77
ID: 316, Data: 845 1F 34 A 1F 23 0 77
ID: 43F, Data: 80 40 60 FF 70 10 A 0
ID: 153, Data: 80 0 0 FF 0 FF 0 0
ID: 43F, Data: 80 40 60 FF 70 FC 9 0
ID: 316, Data: 845 1F 15 A 1F 22 0 77
ID: 153, Data: 80 0 0 FF 0 FF 0 0
ID: 2A0, Data: 840 0 86 1C 33 0 11 0
ID: 316, Data: 845 1F 18 A 1F 22 0 77
ID: 545, Data: 8DC 19 0 8C C6 FF C6 FF
ID: 153, Data: 80 0 0 FF 0 FF 0 0
ID: 316, Data: 845 1F 21 A 1F 22 0 77
ID: 43F, Data: 80 40 60 FF 6F 4 A 0
ID: 316, Data: 845 1F 2C A 1F 23 0 77
ID: 153, Data: 80 0 0 FF 0 FF 0 0
ID: 153, Data: 80 0 0 FF 0 FF 0 0
ID: 18F, Data: 8AA 4C 0 0 0 0 0 0
ID: 316, Data: 845 1F 2A A 1F 23 0 77
ID: 153, Data: 80 0 0 FF 0 FF 0 0
ID: 545, Data: 8DC 19 0 8C C3 FF C3 FF
ID: 316, Data: 845 1F 3D A 1F 23 0 77
ID: 153, Data: 80 0 0 FF 0 FF 0 0
ID: 316, Data: 845 1F 24 A 1F 23 0 77
ID: 153, Data: 80 0 0 FF 0 FF 0 0
ID: 316, Data: 845 1F 1F A 1F 22 0 77
ID: 153, Data: 80 0 0 FF 0 FF 0 0
ID: 153, Data: 80 0 0 FF 0 FF 0 0
ID: 316, Data: 845 1F 1B A 1F 23 0 78
ID: 43F, Data: 80 40 60 FF 6F FC 9 0
ID: 316, Data: 845 1F 2D A 1F 23 0 78
ID: 329, Data: 884 B0 80 8 11 2A 0 26
ID: 153, Data: 80 0 0 FF 0 FF 0 0
ID: 316, Data: 845 1F 18 A 1F 22 0 78
ID: 153, Data: 80 0 0 FF 0 FF 0 0
ID: 316, Data: 845 1F 18 A 1F 22 0 78
ID: 153, Data: 80 0 0 FF 0 FF 0 0
ID: 316, Data: 845 1F 17 A 1F 22 0 78
ID: 316, Data: 845 1F 23 A 1F 22 0 78
ID: 329, Data: 884 B0 80 8 11 2A 0 26
ID: 5F0, Data: 20 0
ID: 153, Data: 80 0 0 FF 0 FF 0 0
ID: 43F, Data: 80 40 60 FF 6F 0 A 0
ID: 153, Data: 80 0 0 FF 0 FF 0 0
ID: 316, Data: 845 1F C A 1F 22 0 78
ID: A1, Data: 875 7E 77 7E 22 0 0 0
ID: 153, Data: 80 0 0 FF 0 FF 0 0
ID: 1F1, Data: 80 0 0 0 0 0 0 0
ID: 43F, Data: 80 40 60 FF 70 E4 9 0
ID: 316, Data: 845 1F 5 A 20 22 0 78
ID: 329, Data: 8ED B0 80 8 11 2A 0 26
ID: 18F, Data: 8AA 4C 0 0 0 0 0 0
ID: 153, Data: 80 0 0 FF 0 FF 0 0
ID: A1, Data: 873 7E 77 7E 22 0 0 0
ID: 2A0, Data: 820 0 86 1C 33 0 11 0
ID: 18F, Data: 8AA 4C 0 0 0 0 0 0
ID: 5A0, Data: 80 0 0 90 0 0 0 0
ID: 545, Data: 8DC 19 0 8B 72 0 72 0
ID: 316, Data: 845 20 A A 19 19 0 78
ID: 329, Data: 8ED B0 80 8 11 29 0 26
ID: 260, Data: 8A 1F 19 30 2C FF 76 3D
ID: 43F, Data: 80 40 60 FF 6F F0 9 0
ID: 316, Data: 845 1E 1D A 19 1A 0 78
ID: 1F1, Data: 80 0 0 0 0 0 0 0
ID: 1F1, Data: 80 0 0 0 0 0 0 0
ID: 280, Data: 830 0 84 B0 14 16 86 45
ID: 316, Data: 85 1C 1C A 19 1A 0 78
ID: 329, Data: 884 B0 80 8 11 28 0 26
ID: A0, Data: 829 7C 1C A 0 21 2 0
ID: 153, Data: 80 0 0 FF 0 FF 0 0
ID: 43F, Data: 80 40 60 FF 70 4C A 0
ID: 153, Data: 80 0 0 FF 0 FF 0 0
ID: 153, Data: 80 0 0 FF 0 FF 0 0
ID: 260, Data: 8A 1A 17 30 2C FF 65 18
ID: 280, Data: 830 0 84 B0 15 14 86 40
ID: 316, Data: 85 19 CE A 17 1B 0 78
ID: 316, Data: 85 19 CB A 17 1B 0 78
ID: 260, Data: 8A 19 18 30 2C FF 63 29
ID: A0, Data: 826 7C D8 A 0 21 2 0
ID: 316, Data: 85 18 A4 A 18 1B 0 78
ID: 43F, Data: 80 40 60 FF 70 80 A 0
ID: 43F, Data: 80 40 60 FF 6F 80 A 0
ID: 43F, Data: 80 40 60 FF 70 78 A 0
ID: 1F0, Data: 80 40 0 0 0 0 0 0
ID: 153, Data: 80 0 0 FF 0 FF 0 0
ID: 2A0, Data: 8E0 0 86 1C 33 0 11 0
ID: 316, Data: 85 18 7A A 18 1B 0 78
ID: 260, Data: 8A 19 18 30 2C FF 6B 12
ID: 153, Data: 80 0 0 FF 0 FF 0 0
ID: 43F, Data: 80 40 60 FF 70 34 A 0
ID: 316, Data: 85 19 5E A 19 1B 0 78
ID: 316, Data: 85 19 5F A 18 1B 0 78
ID: 1F0, Data: 80 40 0 0 0 0 0 0
ID: 18F, Data: 8AA 49 0 0 0 0 0 0
ID: 316, Data: 85 19 71 A 18 1B 0 78
ID: 316, Data: 85 19 6D A 18 1B 0 78
ID: 5F0, Data: 20 0
ID: 316, Data: 85 19 60 A 18 1B 0 78
ID: 316, Data: 85 19 6C A 18 1B 0 78
ID: 153, Data: 80 0 0 FF 0 FF 0 0
ID: 153, Data: 80 0 0 FF 0 FF 0 0
ID: 545, Data: 8DC 16 0 8B DF FF DF FF
ID: 316, Data: 85 19 17 A 19 1B 0 78
ID: 153, Data: 80 0 0 FF 0 FF 0 0
ID: 316, Data: 85 19 F5 9 19 1A 0 78
ID: A1, Data: 882 7E 82 7E 1E 0 0 0
ID: 153, Data: 80 0 0 FF 0 FF 0 0
ID: 316, Data: 85 19 E A 19 1A 0 78
ID: 370, Data: 8FF E0 F0 F0 FF FF FF FF
ID: 43F, Data: 80 40 60 FF 6F F8 9 0
ID: 280, Data: 830 0 84 B0 14 14 86 41
ID: 2A0, Data: 820 0 86 1C 33 0 11 0
ID: 316, Data: 85 1A 4D A 18 1A 0 78
ID: 316, Data: 85 1A 4B A 18 1A 0 78
ID: 280, Data: 830 0 84 B0 14 14 86 40
ID: 43F, Data: 80 40 60 FF 6F 34 A 0
ID: 153, Data: 80 0 0 FF 0 FF 0 0
ID: 316, Data: 85 19 31 A 18 1A 0 78
ID: 153, Data: 80 0 0 FF 0 FF 0 0
ID: 43F, Data: 80 40 60 FF 6F C A 0
ID: 316, Data: 85 19 39 A 18 1A 0 78
ID: 153, Data: 80 0 0 FF 0 FF 0 0
ID: 316, Data: 85 19 24 A 19 1A 0 78
ID: 153, Data: 80 0 0 FF 0 FF 0 0
ID: 316, Data: 85 19 17 A 19 1A 0 78
ID: 316, Data: 85 19 28 A 19 1A 0 78
ID: 316, Data: 85 19 3C A 18 1A 0 78
ID: 2A0, Data: 8E0 0 86 1C 33 0 11 0
ID: 153, Data: 80 0 0 FF 0 FF 0 0
ID: 316, Data: 85 19 36 A 18 1A 0 78
ID: A0, Data: 829 7C 36 A 0 21 2 0
ID: 316, Data: 85 19 2D A 19 1A 0 78
ID: 153, Data: 80 0 0 FF 0 FF 0 0
ID: 153, Data: 80 0 0 FF 0 FF 0 0
ID: 153, Data: 80 0 0 FF 0 FF 0 0
ID: 260, Data: 8A 19 19 30 2C FF 71 38
ID: 316, Data: 85 19 34 A 19 1A 0 78
ID: 153, Data: 80 0 0 FF 0 FF 0 0
ID: 43F, Data: 80 40 60 FF 6F 18 A 0
ID: 153, Data: 80 0 0 FF 0 FF 0 0
ID: 153, Data: 80 0 0 FF 0 FF 0 0
ID: 316, Data: 85 19 25 A 19 1A 0 78
ID: A0, Data: 82A 7C 20 A 0 21 2 0
ID: 5F0, Data: 20 0
ID: 43F, Data: 80 40 60 FF 70 FC 9 0
ID: 153, Data: 80 0 0 FF 0 FF 0 0
ID: 5F0, Data: 20 0
ID: 260, Data: 8A 19 19 30 2C FF 72 19
ID: 260, Data: 8A 19 19 30 2C FF 72 A
ID: 153, Data: 80 0 0 FF 0 FF 0 0
ID: 316, Data: 85 19 1C A 19 1A 0 78
ID: 153, Data: 80 0 0 FF 0 FF 0 0
ID: 316, Data: 85 19 1C A 19 1A 0 78
ID: 153, Data: 80 0 0 FF 0 FF 0 0
ID: 5F0, Data: 20 0
ID: 370, Data: 8FF E0 F0 F0 FF FF FF FF
ID: 316, Data: 85 19 21 A 19 1A 0 78
ID: A1, Data: 87A 7E 7A 7E 1E 0 0 0
ID: 43F, Data: 80 40 60 FF 70 FC 9 0
ID: 43F, Data: 80 40 60 FF 70 F8 9 0
ID: 153, Data: 80 0 0 FF 0 FF 0 0
ID: 316, Data: 85 19 1F A 19 1A 0 78
ID: 153, Data: 80 0 0 FF 0 FF 0 0
ID: 316, Data: 85 19 19 A 19 1A 0 78
ID: 316, Data: 85 19 5 A 19 1A 0 78
ID: 153, Data: 80 0 0 FF 0 FF 0 0
ID: 316, Data: 85 19 FD 9 19 1A 0 78
ID: 153, Data: 80 0 0 FF 0 FF 0 0
ID: 316, Data: 85 19 E0 9 19 1A 0 78
ID: 1F1, Data: 80 0 0 0 0 0 0 0
ID: 43F, Data: 80 40 60 FF 70 BC 9 0
ID: 153, Data: 80 0 0 FF 0 FF 0 0
ID: 153, Data: 80 0 0 FF 0 FF 0 0
ID: 316, Data: 85 19 B A 19 1A 0 78
ID: 545, Data: 8DC 13 0 8C F0 FF F0 FF
ID: A1, Data: 878 7E 78 7E 1E 0 0 0
ID: 5F0, Data: 20 0
ID: 153, Data: 80 0 0 FF 0 FF 0 0
ID: 1F1, Data: 80 0 0 0 0 0 0 0
ID: 5F0, Data: 20 0
ID: 316, Data: 85 19 E5 9 19 1A 0 78
ID: 316, Data: 85 1A E4 9 19 1A 0 78
ID: 545, Data: 8DC 13 0 8C F3 FF F3 FF
ID: 18F, Data: 8AA 43 0 0 0 0 0 0
ID: 316, Data: 85 1A EB 9 19 1A 0 78
ID: 153, Data: 80 0 0 FF 0 FF 0 0
ID: 316, Data: 85 1A D3 9 1A 1A 0 78
ID: 370, Data: 8FF E0 F0 F0 FF FF FF FF
ID: 316, Data: 85 1A CA 9 1A 1A 0 78
ID: 153, Data: 80 0 0 FF 0 FF 0 0
ID: 153, Data: 80 0 0 FF 0 FF 0 0
ID: A0, Data: 82A 7C CA 9 0 21 2 0
ID: 2A0, Data: 880 0 86 1C 33 0 11 0
ID: 280, Data: 830 0 84 B0 13 14 86 41
ID: A1, Data: 875 7E 75 7E 1F 0 0 0
ID: 153, Data: 80 0 0 FF 0 FF 0 0
ID: 316, Data: 85 1A F7 9 19 1A 0 78
ID: 153, Data: 80 0 0 FF 0 FF 0 0
ID: 43F, Data: 80 40 60 FF 70 D0 9 0
ID: 153, Data: 80 0 0 FF 0 FF 0 0
ID: 153, Data: 80 0 0 FF 0 FF 0 0
ID: 316, Data: 85 1A DF 9 1A 1A 0 78
ID: A0, Data: 82A 7C DF 9 0 21 2 0
ID: 316, Data: 85 1A DA 9 1A 1A 0 78
ID: 153, Data: 80 0 0 FF 0 FF 0 0
ID: 316, Data: 85 1A E5 9 1A 1A 0 78
ID: 153, Data: 80 0 0 FF 0 FF 0 0
ID: 43F, Data: 80 40 60 FF 70 D0 9 0
ID: 43F, Data: 80 40 60 FF 6F D4 9 0
ID: 153, Data: 80 0 0 FF 0 FF 0 0
ID: 316, Data: 85 1A F4 9 1A 1A 0 78
ID: 153, Data: 80 0 0 FF 0 FF 0 0
ID: 153, Data: 80 0 0 FF 0 FF 0 0
ID: 316, Data: 85 1A 7 A 19 1A 0 78
ID: 153, Data: 80 0 0 FF 0 FF 0 0
ID: 440, Data: 8FE 0 0 A0 FF AA AA AA
ID: A0, Data: 829 7C 12 A 0 21 2 0
ID: 43F, Data: 80 40 60 FF 6F F0 9 0
ID: 153, Data: 80 0 0 FF 0 FF 0 0
ID: 43F, Data: 80 40 60 FF 6F F0 9 0
ID: 43F, Data: 80 40 60 FF 6F F8 9 0
ID: 153, Data: 80 0 0 FF 0 FF 0 0
ID: 316, Data: 85 1A 28 A 19 1A 0 78
ID: 153, Data: 80 0 0 FF 0 FF 0 0
ID: 316, Data: 85 1A 42 A 19 1A 0 78
ID: 316, Data: 85 1A 4F A 19 1A 0 78
ID: 153, Data: 80 0 0 FF 0 FF 0 0
ID: 316, Data: 85 1A 15 A 19 1A 0 78
ID: 316, Data: 85 1A 1C A 19 1A 0 78
ID: 316, Data: 85 1A 15 A 19 1A 0 78
ID: 18F, Data: 8AA 42 0 0 0 0 0 0
ID: 153, Data: 80 0 0 FF 0 FF 0 0
ID: 260, Data: 8A 1A 19 30 2C FF 72 18
ID: 316, Data: 85 1A 34 A 19 1A 0 78
ID: 370, Data: 8FF E0 F0 F0 FF FF FF FF
ID: 1F0, Data: 80 40 0 0 0 0 0 0
ID: 260, Data: 8A 1A 19 30 2C FF 71 28
ID: 316, Data: 85 1A 14 A 19 1A 0 78
ID: 153, Data: 80 0 0 FF 0 FF 0 0
ID: 316, Data: 85 1A C A 19 1A 0 78
ID: A0, Data: 82A 7C 1C A 0 21 2 0
ID: 43F, Data: 80 40 60 FF 6F F0 9 0
ID: 43F, Data: 80 40 60 FF 6F F4 9 0
ID: 370, Data: 8FF E0 F0 F0 FF FF FF FF
ID: 5F0, Data: 20 0
ID: A1, Data: 878 7E 78 7E 1F 0 0 0
ID: 18F, Data: 8AA 41 0 0 0 0 0 0
ID: A1, Data: 878 7E 78 7E 1F 0 0 0
ID: 329, Data: 8B B0 80 8 12 29 0 26
ID: 545, Data: 8DC 15 0 8C 5A FF 5A FF
ID: 153, Data: 80 0 0 FF 0 FF 0 0
ID: 316, Data: 85 1A 1F A 21 23 0 78
ID: 153, Data: 80 0 0 FF 0 FF 0 0
ID: 316, Data: 85 1C 35 A 21 23 0 78
ID: 153, Data: 80 0 0 FF 0 FF 0 0
ID: 153, Data: 80 0 0 FF 0 FF 0 0
ID: 43F, Data: 80 40 60 FF 6F 24 A 0
ID: 43F, Data: 80 40 60 FF 6F 48 A 0
ID: 43F, Data: 80 40 60 FF 6F 70 A 0
ID: 43F, Data: 80 40 60 FF 6F 9C A 0
ID: 43F, Data: 80 40 60 FF 70 C8 A 0
ID: 280, Data: 830 0 84 B0 16 17 86 46
ID: 370, Data: 8FF E0 F0 F0 FF FF FF FF
ID: 316, Data: 845 1E 92 A 20 23 0 78
ID: 153, Data: 80 0 0 FF 0 FF 0 0
ID: 43F, Data: 80 40 60 FF 6F 6C A 0
ID: 43F, Data: 80 40 60 FF 6F 28 A 0
ID: 153, Data: 80 0 0 FF 0 FF 0 0
ID: 316, Data: 845 20 23 A 20 23 0 78
ID: 1F0, Data: 80 40 0 0 0 0 0 0
ID: 153, Data: 80 0 0 FF 0 FF 0 0
ID: 316, Data: 845 20 1C A 20 22 0 78
ID: 43F, Data: 80 40 60 FF 6F E4 9 0
ID: 316, Data: 845 21 19 A 20 22 0 78
ID: 316, Data: 845 21 2C A 20 22 0 78
ID: 18F, Data: 8AA 44 0 0 0 0 0 0
ID: 316, Data: 845 21 31 A 20 22 0 78
ID: A1, Data: 880 7E 82 7E 23 0 0 0
ID: 316, Data: 845 21 36 A 20 22 0 78
ID: 1F1, Data: 80 0 0 0 0 0 0 0
ID: 153, Data: 80 0 0 FF 0 FF 0 0
ID: 316, Data: 845 20 57 A 20 23 0 78
ID: 43F, Data: 80 40 60 FF 6F 3C A 0
ID: 43F, Data: 80 40 60 FF 70 40 A 0
ID: 440, Data: 8FE 50 0 A0 FF AA AA AA
ID: 280, Data: 830 0 84 B0 14 18 86 49
ID: 316, Data: 845 20 65 A 1F 23 0 78
ID: 316, Data: 845 20 62 A 1F 23 0 78
ID: 43F, Data: 80 40 60 FF 6F 4C A 0
ID: 43F, Data: 80 40 60 FF 6F 48 A 0
ID: 43F, Data: 80 40 60 FF 6F 40 A 0
ID: 316, Data: 845 1F 44 A 1F 23 0 78
ID: 260, Data: 8A 20 1F 30 2C FF 6E 3E
ID: 5F0, Data: 20 0
ID: 316, Data: 845 20 41 A 1F 23 0 78
ID: 316, Data: 845 20 41 A 1F 23 0 78
ID: 43F, Data: 80 40 60 FF 6F 20 A 0
ID: 5F0, Data: 20 0
ID: 316, Data: 845 20 4C A 1F 23 0 78
ID: 316, Data: 845 20 4C A 1F 23 0 78
ID: 280, Data: 830 0 84 B0 14 18 86 49
ID: 43F, Data: 80 40 60 FF 70 28 A 0
ID: 316, Data: 845 20 45 A 1F 23 0 78
ID: 329, Data: 884 B0 80 8 12 2A 0 26
ID: A0, Data: 830 7C 44 A 0 23 2 0
ID: 316, Data: 845 20 34 A 1F 23 0 78
ID: 153, Data: 80 0 0 FF 0 FF 0 0
ID: 316, Data: 845 20 29 A 1F 23 0 78
ID: 316, Data: 845 20 2C A 1F 23 0 78
ID: 329, Data: 840 B0 80 8 12 2A 0 26
ID: 153, Data: 80 0 0 FF 0 FF 0 0
ID: 153, Data: 80 0 0 FF 0 FF 0 0
ID: 316, Data: 845 1F 30 A 1F 23 0 78
ID: 18F, Data: 8AA 47 0 0 0 0 0 0
ID: 153, Data: 80 0 0 FF 0 FF 0 0
ID: 153, Data: 80 0 0 FF 0 FF 0 0
ID: 18F, Data: 8AA 47 0 0 0 0 0 0
ID: 316, Data: 845 1F 2E A 1F 23 0 78
ID: 153, Data: 80 0 0 FF 0 FF 0 0
ID: 2A0, Data: 840 0 86 1C 33 0 11 0
ID: 5F0, Data: 20 0
ID: 1F1, Data: 80 0 0 0 0 0 0 0
ID: 329, Data: 884 B0 80 8 12 2A 0 26
ID: 5F0, Data: 20 0
ID: 316, Data: 845 1F 19 A 1F 23 0 78
ID: 316, Data: 845 1F 19 A 1F 23 0 78
ID: 2A0, Data: 820 0 86 1C 33 0 11 0
ID: 43F, Data: 80 40 60 FF 6F FC 9 0
ID: 43F, Data: 80 40 60 FF 6F FC 9 0
ID: 43F, Data: 80 40 60 FF 6F F8 9 0
ID: 316, Data: 845 1F 18 A 1F 23 0 78
ID: A0, Data: 830 7C 20 A 0 23 2 0
ID: 5F0, Data: 20 0
ID: 440, Data: 8FE 0 0 A0 FF AA AA AA
ID: 153, Data: 80 0 0 FF 0 FF 0 0
ID: 316, Data: 845 1F 13 A 1F 23 0 78
ID: 153, Data: 80 0 0 FF 0 FF 0 0
ID: 316, Data: 845 1F C A 1F 23 0 78
ID: 153, Data: 80 0 0 FF 0 FF 0 0
ID: 316, Data: 845 20 8 A 1F 23 0 78
ID: 43F, Data: 80 40 60 FF 70 EC 9 0
ID: 440, Data: 8FE A0 0 A0 FF AA AA AA
ID: 316, Data: 845 1F E A 1F 23 0 78
ID: 153, Data: 80 0 0 FF 0 FF 0 0
ID: 316, Data: 845 20 FD 9 20 22 0 78
ID: 153, Data: 80 0 0 FF 0 FF 0 0
ID: 153, Data: 80 0 0 FF 0 FF 0 0
ID: 316, Data: 845 20 7 A 1F 23 0 78
ID: 43F, Data: 80 40 60 FF 70 E4 9 0
ID: 43F, Data: 80 40 60 FF 70 E4 9 0
ID: 43F, Data: 80 40 60 FF 6F E8 9 0
ID: 43F, Data: 80 40 60 FF 6F EC 9 0
ID: 2A0, Data: 880 0 86 1C 33 0 11 0
ID: 440, Data: 8FE A0 0 A0 FF AA AA AA
ID: 316, Data: 845 20 F A 20 22 0 78
ID: 316, Data: 845 1F 12 A 1F 22 0 78
ID: 260, Data: 8A 20 20 30 2C FF 74 17
ID: 43F, Data: 80 40 60 FF 6F F0 9 0
ID: 316, Data: 845 20 0 A 20 22 0 78
ID: 2A0, Data: 820 0 86 1C 33 0 11 0
ID: 43F, Data: 80 40 60 FF 70 DC 9 0
ID: 5F0, Data: 20 0
ID: 316, Data: 845 20 E7 9 20 22 0 78
ID: 153, Data: 80 0 0 FF 0 FF 0 0
ID: 316, Data: 845 20 F8 9 20 22 0 78
ID: 1F0, Data: 80 40 0 0 0 0 0 0
ID: 545, Data: 8DC 19 0 8B D3 FF D3 FF
ID: 316, Data: 845 20 D6 9 20 22 0 78
ID: A0, Data: 831 7C DD 9 0 23 2 0
ID: 316, Data: 845 20 F4 9 20 22 0 78
ID: 153, Data: 80 0 0 FF 0 FF 0 0
ID: 316, Data: 845 20 2 A 20 22 0 78
ID: 153, Data: 80 0 0 FF 0 FF 0 0
ID: 153, Data: 80 0 0 FF 0 FF 0 0
ID: 43F, Data: 80 40 60 FF 6F E0 9 0
ID: 43F, Data: 80 40 60 FF 6F E0 9 0
ID: 43F, Data: 80 40 60 FF 70 E8 9 0
ID: 43F, Data: 80 40 60 FF 70 EC 9 0
ID: 43F, Data: 80 40 60 FF 6F F4 9 0
ID: 43F, Data: 80 40 60 FF 70 0 A 0
ID: 2A0, Data: 840 0 86 1C 33 0 11 0
ID: 440, Data: 8FE 50 0 A0 FF AA AA AA
ID: 153, Data: 80 0 0 FF 0 FF 0 0
ID: 329, Data: 884 AF 80 8 12 2A 0 26
ID: 5F0, Data: 20 0
ID: 260, Data: 8A 20 20 30 2C FF 73 9
ID: 545, Data: 8DC 18 0 8C CB FF CB FF
ID: 43F, Data: 80 40 60 FF 6F F4 9 0
ID: 43F, Data: 80 40 60 FF 6F F0 9 0
ID: 329, Data: 840 AF 80 8 12 2A 0 26
ID: 440, Data: 8FE 0 0 A0 FF AA AA AA
ID: 316, Data: 845 20 EA 9 20 22 0 78
ID: 1F1, Data: 80 0 0 0 0 0 0 0
ID: A0, Data: 831 7C EA 9 0 23 2 0
ID: 316, Data: 845 20 EB 9 20 22 0 78
ID: 43F, Data: 80 40 60 FF 6F C4 9 0
ID: 316, Data: 845 20 CA 9 20 22 0 78
ID: 260, Data: 8A 20 21 30 2C FF 77 4
ID: 316, Data: 845 20 CD 9 20 22 0 78
ID: 316, Data: 845 20 DF 9 20 22 0 78
ID: 260, Data: 8A 20 20 30 2C FF 78 4
ID: 43F, Data: 80 40 60 FF 6F B8 9 0
ID: 43F, Data: 80 40 60 FF 6F C0 9 0
ID: 316, Data: 845 20 D2 9 20 22 0 78
ID: 2A0, Data: 820 0 86 1C 33 0 11 0
ID: 153, Data: 80 0 0 FF 0 FF 0 0
ID: 316, Data: 845 20 B6 9 21 22 0 78
ID: 153, Data: 80 0 0 FF 0 FF 0 0
ID: 316, Data: 845 20 BC 9 20 22 0 78
ID: 153, Data: 80 0 0 FF 0 FF 0 0
ID: 316, Data: 845 20 CC 9 20 22 0 78
ID: 43F, Data: 80 40 60 FF 6F A8 9 0
ID: 370, Data: 8FF E0 F0 F0 FF FF FF FF
ID: 153, Data: 80 0 0 FF 0 FF 0 0
ID: 316, Data: 845 20 E9 9 20 22 0 78
ID: 316, Data: 845 20 E6 9 20 22 0 78
ID: 316, Data: 845 20 EC 9 20 22 0 78
ID: A1, Data: 87B 7E 77 7E 23 0 0 0
ID: 316, Data: 845 20 E7 9 20 22 0 78
ID: 316, Data: 845 20 E5 9 20 22 0 78
ID: 1F0, Data: 80 40 0 0 0 0 0 0
ID: 153, Data: 80 0 0 FF 0 FF 0 0
ID: 316, Data: 845 20 F9 9 20 22 0 78
ID: 316, Data: 845 20 FC 9 20 22 0 78
ID: 2A0, Data: 880 0 86 1C 33 0 11 0
ID: 43F, Data: 80 40 60 FF 6F E4 9 0
ID: 43F, Data: 80 40 60 FF 6F E8 9 0
ID: 153, Data: 80 0 0 FF 0 FF 0 0
ID: 329, Data: 8ED AF 80 8 12 2A 0 26
ID: 316, Data: 845 20 F4 9 20 22 0 78
ID: 280, Data: 830 0 84 AF 14 18 86 48
ID: 1F0, Data: 80 40 0 0 0 0 0 0
ID: 440, Data: 8FE A0 0 A0 FF AA AA AA
ID: 43F, Data: 80 40 60 FF 6F E0 9 0
ID: 329, Data: 884 AF 80 8 12 2A 0 26
ID: 2A0, Data: 820 0 86 1C 33 0 11 0
ID: 316, Data: 845 20 EE 9 20 22 0 78
ID: 153, Data: 80 0 0 FF 0 FF 0 0
ID: 545, Data: 8DC 18 0 8B CE FF CE FF
ID: 316, Data: 845 20 F3 9 20 22 0 78
ID: 153, Data: 80 0 0 FF 0 FF 0 0
ID: 316, Data: 845 20 E7 9 20 22 0 78
ID: 153, Data: 80 0 0 FF 0 FF 0 0
ID: 316, Data: 845 20 E1 9 21 22 0 78
ID: 153, Data: 80 0 0 FF 0 FF 0 0
ID: 316, Data: 845 20 F9 9 20 22 0 78
ID: 316, Data: 845 20 FC 9 20 22 0 78
ID: 316, Data: 845 20 F9 9 20 22 0 78
ID: 43F, Data: 80 40 60 FF 6F E0 9 0
ID: 316, Data: 845 20 7 A 20 22 0 78
ID: 153, Data: 80 0 0 FF 0 FF 0 0
ID: 280, Data: 830 0 84 AF 14 19 86 4A
ID: 153, Data: 80 0 0 FF 0 FF 0 0
ID: 43F, Data: 80 40 60 FF 6F EC 9 0
ID: 545, Data: 8DC 19 0 8C DE FF DE FF
ID: 18F, Data: 8AA 4D 0 0 0 0 0 0
ID: 43F, Data: 80 40 60 FF 6F CC 9 0
ID: 153, Data: 80 0 0 FF 0 FF 0 0
ID: 316, Data: 845 20 2 A 20 22 0 78
ID: 153, Data: 80 0 0 FF 0 FF 0 0
ID: 316, Data: 845 20 1 A 20 22 0 78
ID: 153, Data: 80 0 0 FF 0 FF 0 0
ID: 153, Data: 80 0 0 FF 0 FF 0 0
ID: 370, Data: 8FF E0 F0 F0 FF FF FF FF
ID: 43F, Data: 80 40 60 FF 6F E0 9 0
ID: 5F0, Data: 20 0
ID: 280, Data: 830 0 84 AF 13 18 86 49
ID: 316, Data: 845 20 F4 9 20 22 0 78
ID: 153, Data: 80 0 0 FF 0 FF 0 0
ID: 43F, Data: 80 40 60 FF 6F DC 9 0
ID: 316, Data: 845 20 A A 20 22 0 78
ID: 153, Data: 80 0 0 FF 0 FF 0 0
ID: 316, Data: 845 20 13 A 20 22 0 78
ID: 316, Data: 845 20 13 A 20 22 0 78
ID: 153, Data: 80 0 0 FF 0 FF 0 0
ID: 153, Data: 80 0 0 FF 0 FF 0 0
ID: 18F, Data: 8AA 4D 0 0 0 0 0 0
ID: 316, Data: 845 20 1C A 20 23 0 78
ID: 370, Data: 8FF E0 F0 F0 FF FF FF FF
ID: 2A0, Data: 880 0 86 1C 33 0 11 0
ID: 316, Data: 845 20 5 A 20 22 0 78
ID: 153, Data: 80 0 0 FF 0 FF 0 0
ID: 545, Data: 8DC 19 0 8B D2 FF D2 FF
ID: 316, Data: 845 20 17 A 20 22 0 78
ID: 43F, Data: 80 40 60 FF 6F EC 9 0
ID: 43F, Data: 80 40 60 FF 6F F4 9 0
ID: 153, Data: 80 0 0 FF 0 FF 0 0
ID: 280, Data: 830 0 84 AF 14 18 86 4A
ID: 316, Data: 845 20 18 A 20 22 0 78
ID: A0, Data: 831 7C 15 A 0 23 2 0
ID: 440, Data: 8FE 50 0 A0 FF AA AA AA
ID: 43F, Data: 80 40 60 FF 70 F4 9 0
ID: 316, Data: 845 20 34 A 20 22 0 78
ID: A0, Data: 830 7C 29 A 0 23 2 0
ID: 153, Data: 80 0 0 FF 0 FF 0 0
ID: 153, Data: 80 0 0 FF 0 FF 0 0
ID: A1, Data: 87D 7E 7D 7E 23 0 0 0
ID: 329, Data: 8ED AF 80 8 12 2A 0 26
ID: 545, Data: 8DC 1A 0 8C D8 FF D8 FF
ID: 43F, Data: 80 40 60 FF 6F 18 A 0
ID: 316, Data: 845 20 2C A 20 22 0 78
ID: 280, Data: 830 0 84 AF 14 18 86 49
ID: 1F0, Data: 80 40 0 0 0 0 0 0
ID: 316, Data: 845 20 14 A 20 22 0 78
ID: 316, Data: 845 20 17 A 20 22 0 78
ID: 316, Data: 845 20 21 A 20 23 0 78
ID: 18F, Data: 8AA 4D 0 0 0 0 0 0
ID: 43F, Data: 80 40 60 FF 6F 0 A 0
ID: 153, Data: 80 0 0 FF 0 FF 0 0
ID: 316, Data: 845 20 21 A 20 23 0 78
ID: 260, Data: 8A 20 20 30 2C FF 72 A
ID: 153, Data: 80 0 0 FF 0 FF 0 0
ID: 316, Data: 845 20 14 A 20 22 0 78
ID: 153, Data: 80 0 0 FF 0 FF 0 0
ID: 316, Data: 845 20 26 A 20 23 0 78
ID: 316, Data: 845 20 1F A 20 23 0 78
ID: 329, Data: 8B AF 80 8 12 2A 0 26
ID: 153, Data: 80 0 0 FF 0 FF 0 0
ID: 153, Data: 80 0 0 FF 0 FF 0 0
ID: 5F0, Data: 20 0
ID: 43F, Data: 80 40 60 FF 6F F4 9 0
ID: 316, Data: 845 20 F A 20 22 0 78
ID: A1, Data: 880 7E 7D 7E 23 0 0 0
ID: 316, Data: 845 20 15 A 20 22 0 78
ID: 153, Data: 80 0 0 FF 0 FF 0 0
ID: 153, Data: 80 0 0 FF 0 FF 0 0
ID: 316, Data: 845 20 15 A 19 19 0 78
ID: 440, Data: 8FE F0 0 A0 FF AA AA AA
ID: 316, Data: 845 1E 2E A 19 1A 0 78
ID: A0, Data: 830 7C 15 A 0 22 2 0
ID: 153, Data: 80 0 0 FF 0 FF 0 0
ID: 316, Data: 845 1D 8 A 19 1A 0 78
ID: A0, Data: 82A 7C 21 A 0 21 2 0
ID: A1, Data: 880 7E 80 7E 21 0 0 0
ID: 153, Data: 80 0 0 FF 0 FF 0 0
ID: 153, Data: 80 0 0 FF 0 FF 0 0
ID: A0, Data: 827 7C 30 A 0 21 2 0
ID: 316, Data: 85 1B 89 A 19 1A 0 78
ID: 316, Data: 85 1B AA A 18 1A 0 78
ID: 2A0, Data: 820 0 86 1C 33 0 11 0
ID: A0, Data: 825 7C C5 A 0 21 2 0
ID: 153, Data: 80 0 0 FF 0 FF 0 0
ID: 153, Data: 80 0 0 FF 0 FF 0 0
ID: 260, Data: 8A 1A 18 30 2C FF 66 16
ID: 329, Data: 840 AF 80 8 12 29 0 26
ID: 316, Data: 85 1A 8C A 18 1B 0 78
ID: 316, Data: 85 1A 82 A 18 1B 0 78
ID: 153, Data: 80 0 0 FF 0 FF 0 0
ID: 18F, Data: 8AA 4B 0 0 0 0 0 0
ID: 316, Data: 85 19 9D A 18 1B 0 78
ID: 43F, Data: 80 40 60 FF 70 70 A 0
ID: 43F, Data: 80 40 60 FF 6F 74 A 0
ID: 43F, Data: 80 40 60 FF 70 68 A 0
ID: 153, Data: 80 0 0 FF 0 FF 0 0
ID: 153, Data: 80 0 0 FF 0 FF 0 0
ID: 43F, Data: 80 40 60 FF 6F 3C A 0
ID: 260, Data: 8A 19 19 30 2C FF 6E 3C
ID: 1F1, Data: 80 0 0 0 0 0 0 0
ID: 43F, Data: 80 40 60 FF 6F 2C A 0
ID: 153, Data: 80 0 0 FF 0 FF 0 0
ID: 316, Data: 85 19 4B A 19 1B 0 78
ID: 153, Data: 80 0 0 FF 0 FF 0 0
ID: 316, Data: 85 19 1F A 19 1B 0 78
ID: 370, Data: 8FF E0 F0 F0 FF FF FF FF
ID: 5A1, Data: 880 3 90 23 30 30 30 0
ID: 280, Data: 830 0 84 AF 14 14 85 3F
ID: 153, Data: 80 0 0 FF 0 FF 0 0
ID: 43F, Data: 80 40 60 FF 70 F0 9 0
ID: 1F0, Data: 80 40 0 0 0 0 0 0
ID: 153, Data: 80 0 0 FF 0 FF 0 0
ID: 316, Data: 85 19 F9 9 19 1A 0 78
ID: 370, Data: 8FF E0 F0 F0 FF FF FF FF
ID: 316, Data: 85 19 F5 9 19 1A 0 78
ID: 545, Data: 8DC 14 0 8C F4 FF F4 FF
ID: 18F, Data: 8AA 48 0 0 0 0 0 0
ID: 43F, Data: 80 40 60 FF 70 D0 9 0
ID: 153, Data: 80 0 0 FF 0 FF 0 0
ID: 316, Data: 85 1A E6 9 19 1A 0 78
ID: 153, Data: 80 0 0 FF 0 FF 0 0
ID: 316, Data: 85 1A EF 9 19 1A 0 78
ID: 153, Data: 80 0 0 FF 0 FF 0 0
ID: 153, Data: 80 0 0 FF 0 FF 0 0
ID: 370, Data: 8FF E0 F0 F0 FF FF FF FF
ID: 43F, Data: 80 40 60 FF 6F C4 9 0
ID: 316, Data: 85 1A E5 9 1A 1A 0 78
ID: 280, Data: 830 0 84 AF 13 14 86 41
ID: 2A0, Data: 880 0 86 1C 33 0 11 0
ID: 316, Data: 85 1A EE 9 1A 1A 0 78
ID: 316, Data: 85 1A F9 9 19 1A 0 78
ID: 545, Data: 8DC 14 0 8C F4 FF F4 FF
ID: 153, Data: 80 0 0 FF 0 FF 0 0
ID: 43F, Data: 80 40 60 FF 6F F0 9 0
ID: 43F, Data: 80 40 60 FF 6F F0 9 0
ID: 153, Data: 80 0 0 FF 0 FF 0 0
ID: 316, Data: 85 19 7 A 19 1A 0 78
ID: 316, Data: 85 1A 6 A 19 1A 0 78
ID: 153, Data: 80 0 0 FF 0 FF 0 0
ID: 316, Data: 85 19 E0 9 19 1A 0 78
ID: 153, Data: 80 0 0 FF 0 FF 0 0
ID: 316, Data: 85 19 DD 9 19 1A 0 78
ID: 43F, Data: 80 40 60 FF 6F BC 9 0
ID: 440, Data: 8FE 50 0 A0 FF AA AA AA
ID: 316, Data: 85 1A C5 9 1A 1A 0 78
ID: 153, Data: 80 0 0 FF 0 FF 0 0
ID: 316, Data: 85 1A CD 9 1A 1A 0 78
ID: 153, Data: 80 0 0 FF 0 FF 0 0
ID: 316, Data: 85 1A C0 9 1A 1A 0 78
ID: 43F, Data: 80 40 60 FF 6F A0 9 0
ID: 440, Data: 8FE 50 0 A0 FF AA AA AA
ID: 316, Data: 85 1A E4 9 1A 1A 0 78
ID: 5F0, Data: 20 0
ID: 316, Data: 85 1A D6 9 1A 1A 0 78
ID: 153, Data: 80 0 0 FF 0 FF 0 0
ID: 43F, Data: 80 40 60 FF 6F C4 9 0
ID: 153, Data: 80 0 0 FF 0 FF 0 0
ID: 153, Data: 80 0 0 FF 0 FF 0 0
ID: 153, Data: 80 0 0 FF 0 FF 0 0
ID: 440, Data: 8FE F0 0 A0 FF AA AA AA
ID: 316, Data: 85 1A 0 A 19 1A 0 78
ID: 440, Data: 8FE F0 0 A0 FF AA AA AA
ID: 43F, Data: 80 40 60 FF 6F EC 9 0
ID: 316, Data: 85 1A C A 19 1A 0 78
ID: 2A0, Data: 840 0 85 1C 33 0 11 0
ID: 18F, Data: 8AA 45 0 0 0 0 0 0
ID: 153, Data: 80 0 0 FF 0 FF 0 0
ID: 153, Data: 80 0 0 FF 0 FF 0 0
ID: 316, Data: 85 19 18 A 19 1A 0 78
ID: 153, Data: 80 0 0 FF 0 FF 0 0
ID: 316, Data: 85 19 8 A 19 1A 0 78
ID: 153, Data: 80 0 0 FF 0 FF 0 0
ID: 316, Data: 85 19 2 A 19 1A 0 78
ID: 440, Data: 8FE A0 0 A0 FF AA AA AA
ID: 43F, Data: 80 40 60 FF 6F D8 9 0
ID: 545, Data: 8DC 15 0 8C F0 FF F0 FF
ID: 18F, Data: 8AA 44 0 0 0 0 0 0
ID: 316, Data: 85 19 B A 19 1A 0 78
ID: 153, Data: 80 0 0 FF 0 FF 0 0
ID: 316, Data: 85 19 FD 9 1A 1A 0 78
ID: 370, Data: 8FF E0 F0 F0 FF FF FF FF
ID: 153, Data: 80 0 0 FF 0 FF 0 0
ID: 18F, Data: 8AA 44 0 0 0 0 0 0
ID: 316, Data: 85 19 2 A 1A 1A 0 78
ID: 43F, Data: 80 40 60 FF 6F D8 9 0
ID: 43F, Data: 80 40 60 FF 6F DC 9 0
ID: 1F0, Data: 80 40 0 0 0 0 0 0
ID: A0, Data: 829 7C 0 A 0 21 2 0
ID: 153, Data: 80 0 0 FF 0 FF 0 0
ID: 316, Data: 85 1A EA 9 1A 1A 0 78
ID: 153, Data: 80 0 0 FF 0 FF 0 0
ID: 316, Data: 85 1A E1 9 1A 1A 0 78
ID: 43F, Data: 80 40 60 FF 6F C8 9 0
ID: 43F, Data: 80 40 60 FF 6F C4 9 0
ID: 440, Data: 8FE 50 0 A0 FF AA AA AA
ID: 316, Data: 85 1A 2 A 1A 1A 0 78
ID: 316, Data: 85 1A FC 9 1A 1A 0 78
ID: 153, Data: 80 0 0 FF 0 FF 0 0
ID: 153, Data: 80 0 0 FF 0 FF 0 0
ID: 316, Data: 85 1A 1 A 1A 1A 0 78
ID: 43F, Data: 80 40 60 FF 70 E4 9 0
ID: 43F, Data: 80 40 60 FF 6F E4 9 0
ID: 153, Data: 80 0 0 FF 0 FF 0 0
ID: 43F, Data: 80 40 60 FF 6F EC 9 0
ID: 43F, Data: 80 40 60 FF 6F EC 9 0
ID: 153, Data: 80 0 0 FF 0 FF 0 0
ID: 316, Data: 85 1A 5 A 1A 1A 0 78
ID: 153, Data: 80 0 0 FF 0 FF 0 0
ID: 316, Data: 85 1A 1D A 19 1A 0 78
ID: 153, Data: 80 0 0 FF 0 FF 0 0
ID: 153, Data: 80 0 0 FF 0 FF 0 0
ID: 370, Data: 8FF E0 F0 F0 FF FF FF FF
ID: 43F, Data: 80 40 60 FF 6F E4 9 0
ID: 316, Data: 85 1A 1C A 1A 1A 0 78
ID: 260, Data: 8A 1A 1A 30 2C FF 74 24
ID: A0, Data: 82A 7C 28 A 0 21 2 0
ID: 316, Data: 85 1A 30 A 19 1A 0 78
ID: 153, Data: 80 0 0 FF 0 FF 0 0
ID: 316, Data: 85 1A 26 A 19 1A 0 78
ID: 1F1, Data: 80 0 0 0 0 0 0 0
ID: 316, Data: 85 1A 1F A 19 1A 0 78
ID: 153, Data: 80 0 0 FF 0 FF 0 0
ID: 43F, Data: 80 40 60 FF 6F 4 A 0
ID: 43F, Data: 80 40 60 FF 6F 0 A 0
ID: 153, Data: 80 0 0 FF 0 FF 0 0
ID: 316, Data: 85 1A A A 22 23 0 78
ID: A0, Data: 82A 7C 13 A 0 21 2 0
ID: 440, Data: 8FE F0 0 A0 FF AA AA AA
ID: 43F, Data: 80 40 60 FF 6F F8 9 0
ID: 153, Data: 80 0 0 FF 0 FF 0 0
ID: 316, Data: 85 1C 48 A 21 23 0 78
ID: 440, Data: 8FE F0 0 A0 FF AA AA AA
ID: 316, Data: 85 1E 70 A 21 23 0 78
ID: 153, Data: 80 0 0 FF 0 FF 0 0
ID: 153, Data: 80 0 0 FF 0 FF 0 0
ID: 1F1, Data: 80 0 0 0 0 0 0 0
ID: 18F, Data: 8AA 42 0 0 0 0 0 0
ID: 316, Data: 845 1F B3 A 20 23 0 78
ID: 153, Data: 80 0 0 FF 0 FF 0 0
ID: 316, Data: 845 20 54 A 20 23 0 78
ID: 370, Data: 8FF E0 F0 F0 FF FF FF FF
ID: 1F1, Data: 80 0 0 0 0 0 0 0
ID: 43F, Data: 80 40 60 FF 6F D8 9 0
ID: 280, Data: 830 0 84 AF 13 19 85 49
ID: 18F, Data: 8AA 43 0 0 0 0 0 0
ID: 316, Data: 845 21 EC 9 21 22 0 78
ID: 153, Data: 80 0 0 FF 0 FF 0 0
ID: 316, Data: 845 21 F3 9 21 22 0 78
ID: 153, Data: 80 0 0 FF 0 FF 0 0
ID: 316, Data: 845 21 FA 9 21 22 0 78
ID: 440, Data: 8FE A0 0 A0 FF AA AA AA
ID: 329, Data: 840 AF 80 8 12 2A 0 26
ID: 316, Data: 845 21 B A 21 22 0 78
ID: 316, Data: 845 21 15 A 20 22 0 78
ID: 329, Data: 884 AF 80 8 12 2A 0 26
ID: 153, Data: 80 0 0 FF 0 FF 0 0
ID: 370, Data: 8FF E0 F0 F0 FF FF FF FF
ID: 43F, Data: 80 40 60 FF 6F 30 A 0
ID: 280, Data: 830 0 84 AF 14 18 85 49
ID: 2A0, Data: 8E0 0 85 1C 33 0 11 0
ID: 316, Data: 845 20 4F A 20 23 0 78
ID: 316, Data: 845 20 53 A 20 23 0 78
ID: A0, Data: 830 7C 53 A 0 23 2 0
ID: 43F, Data: 80 40 60 FF 6F 30 A 0
ID: 153, Data: 80 0 0 FF 0 FF 0 0
ID: 316, Data: 845 20 44 A 20 23 0 78
ID: 153, Data: 80 0 0 FF 0 FF 0 0
ID: 316, Data: 845 20 34 A 20 23 0 78
ID: 153, Data: 80 0 0 FF 0 FF 0 0
ID: 316, Data: 845 20 25 A 20 23 0 78
ID: 316, Data: 845 20 32 A 20 23 0 78
ID: 329, Data: 884 AF 80 8 12 2A 0 26
ID: 43F, Data: 80 40 60 FF 6F 8 A 0
ID: 316, Data: 845 20 40 A 20 23 0 78
ID: 153, Data: 80 0 0 FF 0 FF 0 0
ID: 545, Data: 8DC 1B 0 8C CC FF CC FF
ID: 316, Data: 845 20 42 A 20 23 0 78
ID: 43F, Data: 80 40 60 FF 6F 20 A 0
ID: 43F, Data: 80 40 60 FF 6F 20 A 0
ID: 153, Data: 80 0 0 FF 0 FF 0 0
ID: 329, Data: 884 AF 80 8 12 2A 0 26
ID: 153, Data: 80 0 0 FF 0 FF 0 0
ID: 440, Data: 8FE 0 0 A0 FF AA AA AA
ID: 316, Data: 845 20 21 A 20 23 0 78
ID: A1, Data: 882 7E 82 7E 22 0 0 0
ID: 316, Data: 845 20 B A 20 23 0 78
ID: 440, Data: 8FE 0 0 A0 FF AA AA AA
ID: 316, Data: 845 20 C A 20 22 0 78
ID: 18F, Data: 8AA 47 0 0 0 0 0 0
ID: 153, Data: 80 0 0 FF 0 FF 0 0
ID: 440, Data: 8FE 0 0 A0 FF AA AA AA
ID: 1F1, Data: 80 0 0 0 0 0 0 0
ID: 153, Data: 80 0 0 FF 0 FF 0 0
ID: 316, Data: 845 20 23 A 20 23 0 78
ID: 316, Data: 845 20 17 A 20 22 0 78
ID: 316, Data: 845 20 14 A 20 22 0 78
ID: A0, Data: 831 7C 14 A 0 23 2 0
ID: 43F, Data: 80 40 60 FF 6F EC 9 0
ID: 153, Data: 80 0 0 FF 0 FF 0 0
ID: 316, Data: 845 20 C A 20 22 0 78
ID: 153, Data: 80 0 0 FF 0 FF 0 0
ID: 153, Data: 80 0 0 FF 0 FF 0 0
ID: 316, Data: 845 20 13 A 20 22 0 78
ID: 43F, Data: 80 40 60 FF 6F F4 9 0
ID: 316, Data: 845 20 18 A 20 22 0 78
ID: 316, Data: 845 20 F A 20 22 0 78
ID: 545, Data: 8DC 1A 0 8C D7 FF D7 FF
ID: 153, Data: 80 0 0 FF 0 FF 0 0
ID: 153, Data: 80 0 0 FF 0 FF 0 0
ID: 316, Data: 845 20 10 A 20 22 0 78
ID: 440, Data: 8FE F0 0 A0 FF AA AA AA
ID: 316, Data: 845 20 E A 20 22 0 78
ID: 2A0, Data: 8E0 0 85 1C 33 0 11 0
ID: 153, Data: 80 0 0 FF 0 FF 0 0
ID: 43F, Data: 80 40 60 FF 6F E4 9 0
ID: 153, Data: 80 0 0 FF 0 FF 0 0
ID: 316, Data: 845 20 FA 9 21 22 0 78
ID: A0, Data: 832 7C 6 A 0 23 2 0
ID: 153, Data: 80 0 0 FF 0 FF 0 0
ID: 1F0, Data: 80 40 0 0 0 0 0 0
ID: A0, Data: 832 7C F9 9 0 23 2 0
ID: 316, Data: 845 20 6 A 20 22 0 78
ID: 316, Data: 845 20 6 A 20 22 0 78
ID: 316, Data: 845 20 10 A 20 22 0 78
ID: 18F, Data: 8AA 49 0 0 0 0 0 0
ID: 153, Data: 80 0 0 FF 0 FF 0 0
ID: 153, Data: 80 0 0 FF 0 FF 0 0
ID: 370, Data: 8FF E0 F0 F0 FF FF FF FF
ID: 316, Data: 845 20 1B A 20 23 0 78
ID: 153, Data: 80 0 0 FF 0 FF 0 0
ID: 153, Data: 80 0 0 FF 0 FF 0 0
ID: 316, Data: 845 20 B A 20 22 0 78
ID: 43F, Data: 80 40 60 FF 6F F0 9 0
ID: 43F, Data: 80 40 60 FF 6F EC 9 0
ID: 43F, Data: 80 40 60 FF 6F F0 9 0
ID: 370, Data: 8FF E0 F0 F0 FF FF FF FF
ID: 440, Data: 8FE A0 0 A0 FF AA AA AA
ID: 153, Data: 80 0 0 FF 0 FF 0 0
ID: 1F0, Data: 80 40 0 0 0 0 0 0
ID: 316, Data: 845 20 1D A 20 23 0 78
ID: 153, Data: 80 0 0 FF 0 FF 0 0
ID: 316, Data: 845 20 6 A 20 22 0 78
ID: 43F, Data: 80 40 60 FF 6F EC 9 0
ID: 440, Data: 8FE A0 0 A0 FF AA AA AA
ID: 440, Data: 8FE A0 0 A0 FF AA AA AA
ID: 153, Data: 80 0 0 FF 0 FF 0 0
ID: 316, Data: 845 20 18 A 20 22 0 78
ID: 1F0, Data: 80 40 0 0 0 0 0 0
ID: A0, Data: 831 7C E A 0 23 2 0
ID: 316, Data: 845 20 5 A 20 22 0 78
ID: 43F, Data: 80 40 60 FF 6F F0 9 0
ID: 43F, Data: 80 40 60 FF 6F E0 9 0
ID: 329, Data: 8B AF 80 8 12 2A 0 26
ID: A0, Data: 831 7C F9 9 0 23 2 0
ID: 440, Data: 8FE A0 0 A0 FF AA AA AA
ID: A1, Data: 882 7E 7B 7E 23 0 0 0
ID: 316, Data: 845 20 E7 9 21 22 0 78
ID: 153, Data: 80 0 0 FF 0 FF 0 0
ID: 18F, Data: 8AA 4A 0 0 0 0 0 0
ID: 316, Data: 845 20 DA 9 21 22 0 78
ID: 43F, Data: 80 40 60 FF 6F BC 9 0
ID: 370, Data: 8FF E0 F0 F0 FF FF FF FF
ID: 370, Data: 8FF E0 F0 F0 FF FF FF FF
ID: 316, Data: 845 20 EC 9 21 22 0 78
ID: 153, Data: 80 0 0 FF 0 FF 0 0
ID: 43F, Data: 80 40 60 FF 6F D4 9 0
ID: 43F, Data: 80 40 60 FF 6F DC 9 0
ID: 153, Data: 80 0 0 FF 0 FF 0 0
ID: 316, Data: 845 20 F8 9 21 22 0 78
ID: 1F0, Data: 80 40 0 0 0 0 0 0
ID: 545, Data: 8DC 1A 0 8C DD FF DD FF
ID: 316, Data: 845 20 F9 9 21 22 0 78
ID: A0, Data: 832 7C F9 9 0 23 2 0
ID: 43F, Data: 80 40 60 FF 6F D4 9 0
ID: 153, Data: 80 0 0 FF 0 FF 0 0
ID: 316, Data: 845 20 FA 9 21 22 0 78
ID: 153, Data: 80 0 0 FF 0 FF 0 0
ID: 153, Data: 80 0 0 FF 0 FF 0 0
ID: 316, Data: 845 20 A A 21 22 0 78
ID: 153, Data: 80 0 0 FF 0 FF 0 0
ID: 316, Data: 845 20 24 A 20 22 0 78
ID: 43F, Data: 80 40 60 FF 6F 4 A 0
ID: 440, Data: 8FE A0 0 A0 FF AA AA AA
ID: 370, Data: 8FF E0 F0 F0 FF FF FF FF
ID: 18F, Data: 8AA 4B 0 0 0 0 0 0
ID: 316, Data: 845 20 14 A 21 22 0 78
ID: 153, Data: 80 0 0 FF 0 FF 0 0
ID: 316, Data: 845 20 1B A 21 23 0 78
ID: 316, Data: 845 20 1D A 21 22 0 78
ID: 329, Data: 840 AF 80 8 12 2A 0 26
ID: 1F1, Data: 80 0 0 0 0 0 0 0
ID: 1F1, Data: 80 0 0 0 0 0 0 0
ID: 18F, Data: 8AA 4B 0 0 0 0 0 0
ID: 43F, Data: 80 40 60 FF 6F 10 A 0
ID: 153, Data: 80 0 0 FF 0 FF 0 0
ID: 316, Data: 845 20 18 A 21 22 0 78
ID: 153, Data: 80 0 0 FF 0 FF 0 0
ID: 316, Data: 845 20 17 A 21 22 0 78
ID: 153, Data: 80 0 0 FF 0 FF 0 0
ID: 316, Data: 845 20 15 A 21 22 0 78
ID: 316, Data: 845 20 10 A 21 22 0 78
ID: 280, Data: 830 0 84 AF 14 18 85 49
ID: 316, Data: 845 20 A A 21 22 0 78
ID: 316, Data: 845 20 B A 21 22 0 78
ID: 329, Data: 8B AF 80 8 12 2A 0 26
ID: A1, Data: 880 7E 80 7E 23 0 0 0
ID: 43F, Data: 80 40 60 FF 6F E0 9 0
ID: 43F, Data: 80 40 60 FF 6F E4 9 0
ID: 1F0, Data: 80 40 0 0 0 0 0 0
ID: 370, Data: 8FF E0 F0 F0 FF FF FF FF
ID: 43F, Data: 80 40 60 FF 6F F0 9 0
ID: 2A0, Data: 880 0 85 1C 33 0 11 0
ID: 370, Data: 8FF E0 F0 F0 FF FF FF FF
ID: 153, Data: 80 0 0 FF 0 FF 0 0
ID: 280, Data: 830 0 84 AF 13 18 85 4A
ID: 316, Data: 845 21 E2 9 21 22 0 78
ID: 153, Data: 80 0 0 FF 0 FF 0 0
ID: 316, Data: 845 21 F4 9 21 22 0 78
ID: 153, Data: 80 0 0 FF 0 FF 0 0
ID: 153, Data: 80 0 0 FF 0 FF 0 0
ID: 316, Data: 845 21 F9 9 21 22 0 78
ID: 153, Data: 80 0 0 FF 0 FF 0 0
ID: 316, Data: 845 21 5 A 21 22 0 78
ID: 43F, Data: 80 40 60 FF 6F E8 9 0
ID: 370, Data: 8FF E0 F0 F0 FF FF FF FF
ID: 316, Data: 845 21 2 A 21 22 0 78
ID: 153, Data: 80 0 0 FF 0 FF 0 0
ID: 316, Data: 845 20 C A 21 22 0 78
ID: 153, Data: 80 0 0 FF 0 FF 0 0
ID: 316, Data: 845 21 15 A 21 22 0 78
ID: 440, Data: 8FE A0 0 A0 FF AA AA AA
ID: 153, Data: 80 0 0 FF 0 FF 0 0
ID: A1, Data: 880 7E 7D 7E 23 0 0 0
ID: 329, Data: 840 AF 80 8 12 2A 0 26
ID: 545, Data: 8DC 1A 0 8C DF FF DF FF
ID: 153, Data: 80 0 0 FF 0 FF 0 0
ID: 153, Data: 80 0 0 FF 0 FF 0 0
ID: 316, Data: 845 21 C A 21 22 0 78
ID: 153, Data: 80 0 0 FF 0 FF 0 0
ID: 316, Data: 845 20 2 A 21 22 0 78
ID: 43F, Data: 80 40 60 FF 6F E0 9 0
ID: 43F, Data: 80 40 60 FF 6F E0 9 0
ID: 43F, Data: 80 40 60 FF 6F E0 9 0
ID: 370, Data: 8FF E0 F0 F0 FF FF FF FF
ID: 153, Data: 80 0 0 FF 0 FF 0 0
ID: 316, Data: 845 20 23 A 21 22 0 78
ID: 153, Data: 80 0 0 FF 0 FF 0 0
ID: 316, Data: 845 20 32 A 20 23 0 78
ID: 153, Data: 80 0 0 FF 0 FF 0 0
ID: 329, Data: 840 AF 80 8 12 2A 0 26
ID: 370, Data: 8FF E0 F0 F0 FF FF FF FF
ID: 280, Data: 830 0 84 AF 14 18 85 49
ID: 316, Data: 845 20 1F A 21 22 0 78
ID: A0, Data: 831 7C 29 A 0 23 2 0
ID: 43F, Data: 80 40 60 FF 6F FC 9 0
ID: 153, Data: 80 0 0 FF 0 FF 0 0
ID: 43F, Data: 80 40 60 FF 6F F8 9 0
ID: 43F, Data: 80 40 60 FF 6F F8 9 0
ID: 153, Data: 80 0 0 FF 0 FF 0 0
ID: 316, Data: 845 20 F A 21 23 0 78
ID: 153, Data: 80 0 0 FF 0 FF 0 0
ID: 316, Data: 845 20 3 A 21 22 0 78
ID: 316, Data: 845 20 1 A 21 22 0 78
ID: 153, Data: 80 0 0 FF 0 FF 0 0
ID: 316, Data: 845 20 1B A 21 22 0 78
ID: 316, Data: 845 20 21 A 21 22 0 78
ID: 153, Data: 80 0 0 FF 0 FF 0 0
ID: 153, Data: 80 0 0 FF 0 FF 0 0
ID: 2A0, Data: 880 0 85 1C 33 0 11 0
ID: 329, Data: 884 AF 80 8 12 2A 0 26
ID: A0, Data: 831 7C 10 A 0 23 2 0
ID: 316, Data: 845 20 FD 9 21 22 0 78
ID: 43F, Data: 80 40 60 FF 6F E0 9 0
ID: 153, Data: 80 0 0 FF 0 FF 0 0
ID: 316, Data: 845 20 7 A 21 22 0 78
ID: 153, Data: 80 0 0 FF 0 FF 0 0
ID: 43F, Data: 80 40 60 FF 6F E0 9 0
ID: 316, Data: 845 20 12 A 21 22 0 78
ID: 316, Data: 845 20 A A 21 22 0 78
ID: 43F, Data: 80 40 60 FF 6F EC 9 0
ID: 43F, Data: 80 40 60 FF 6F EC 9 0
ID: 316, Data: 845 21 3 A 21 22 0 78
ID: 316, Data: 845 20 14 A 21 22 0 78
ID: 1F0, Data: 80 40 0 0 0 0 0 0
ID: 153, Data: 80 0 0 FF 0 FF 0 0
ID: 329, Data: 884 AF 80 8 12 2A 0 26
ID: 316, Data: 845 21 B A 21 22 0 78
ID: 260, Data: 8A 21 21 30 2C FF 73 16
ID: 43F, Data: 80 40 60 FF 6F F4 9 0
ID: 316, Data: 845 20 19 A 21 22 0 78
ID: 316, Data: 845 20 1C A 21 22 0 78
ID: 316, Data: 845 20 2D A 21 23 0 78
ID: 316, Data: 845 20 20 A 21 22 0 78
ID: 153, Data: 80 0 0 FF 0 FF 0 0
ID: 153, Data: 80 0 0 FF 0 FF 0 0
ID: 545, Data: 8DC 1B 0 8C D7 FF D7 FF
ID: 316, Data: 845 20 44 A 20 23 0 78
ID: 153, Data: 80 0 0 FF 0 FF 0 0
ID: 43F, Data: 80 40 60 FF 6F 1C A 0
ID: 153, Data: 80 0 0 FF 0 FF 0 0
ID: 153, Data: 80 0 0 FF 0 FF 0 0
ID: 316, Data: 845 20 1B A 21 23 0 78
ID: 260, Data: 8A 20 21 30 2C FF 72 27
ID: 316, Data: 845 20 21 A 21 23 0 78
ID: 316, Data: 845 20 23 A 21 23 0 78
ID: 43F, Data: 80 40 60 FF 6F 0 A 0
ID: 5F0, Data: 20 0
ID: 1F1, Data: 80 0 0 0 0 0 0 0
ID: 316, Data: 845 20 F A 21 22 0 78
ID: 18F, Data: 8AA 4C 0 0 0 0 0 0
ID: 43F, Data: 80 40 60 FF 6F F0 9 0
ID: 260, Data: 8A 20 21 30 2C FF 73 26
ID: 153, Data: 80 0 0 FF 0 FF 0 0
ID: 316, Data: 845 20 F A 21 22 0 78
ID: 153, Data: 80 0 0 FF 0 FF 0 0
ID: 316, Data: 845 20 14 A 21 22 0 78
ID: 153, Data: 80 0 0 FF 0 FF 0 0
ID: 316, Data: 845 20 F5 9 21 22 0 78
ID: 316, Data: 845 20 E6 9 21 22 0 78
ID: 280, Data: 830 0 84 AF 13 18 85 49
ID: 43F, Data: 80 40 60 FF 6F C4 9 0
ID: 316, Data: 845 20 0 A 21 22 0 78
ID: 329, Data: 8ED AF 80 8 12 2A 0 26
ID: A0, Data: 832 7C 0 A 0 23 2 0
ID: 153, Data: 80 0 0 FF 0 FF 0 0
ID: 43F, Data: 80 40 60 FF 6F DC 9 0
ID: 2A0, Data: 8E0 0 85 1C 33 0 11 0
ID: A0, Data: 832 7C 2 A 0 23 2 0
ID: 153, Data: 80 0 0 FF 0 FF 0 0
ID: 153, Data: 80 0 0 FF 0 FF 0 0
ID: 545, Data: 8DC 1A 0 8C E2 FF E2 FF
ID: 43F, Data: 80 40 60 FF 6F C8 9 0
ID: 43F, Data: 80 40 60 FF 6F C8 9 0
ID: 153, Data: 80 0 0 FF 0 FF 0 0
ID: 153, Data: 80 0 0 FF 0 FF 0 0
ID: 370, Data: 8FF E0 F0 F0 FF FF FF FF
ID: 43F, Data: 80 40 60 FF 6F EC 9 0
ID: 316, Data: 845 21 F A 21 22 0 78
ID: 545, Data: 8DC 1A 0 8B E1 FF E1 FF
ID: 18F, Data: 8AA 4D 0 0 0 0 0 0
ID: 316, Data: 845 21 28 A 21 22 0 78
ID: 153, Data: 80 0 0 FF 0 FF 0 0
ID: 316, Data: 845 20 2E A 21 22 0 78
ID: 153, Data: 80 0 0 FF 0 FF 0 0
ID: 316, Data: 845 20 2E A 21 23 0 78
ID: 440, Data: 8FE 0 0 A0 FF AA AA AA
ID: 545, Data: 8DC 1B 0 8C DA FF DA FF
ID: 316, Data: 845 20 23 A 21 23 0 78
ID: 316, Data: 845 21 25 A 21 22 0 78
ID: 2A0, Data: 820 0 85 1C 33 0 11 0
ID: 43F, Data: 80 40 60 FF 6F C A 0
ID: 370, Data: 8FF E0 F0 F0 FF FF FF FF
ID: 43F, Data: 80 40 60 FF 6F 14 A 0
ID: 153, Data: 80 0 0 FF 0 FF 0 0
ID: 153, Data: 80 0 0 FF 0 FF 0 0
ID: 153, Data: 80 0 0 FF 0 FF 0 0
ID: 18F, Data: 8AA 4C 0 0 0 0 0 0
ID: 316, Data: 845 21 42 A 21 22 0 78
ID: 1F0, Data: 80 40 0 0 0 0 0 0
ID: 280, Data: 830 0 84 AF 14 19 85 4A
ID: 316, Data: 845 21 44 A 20 23 0 78
ID: 18F, Data: 8AA 4D 0 0 0 0 0 0
ID: 316, Data: 845 21 38 A 21 23 0 78
ID: 153, Data: 80 0 0 FF 0 FF 0 0
ID: 316, Data: 845 21 30 A 21 22 0 78
ID: 153, Data: 80 0 0 FF 0 FF 0 0
ID: 153, Data: 80 0 0 FF 0 FF 0 0
ID: 316, Data: 845 20 31 A 21 22 0 78
ID: 5F0, Data: 20 0
ID: 440, Data: 8FE 0 0 A0 FF AA AA AA
ID: 153, Data: 80 0 0 FF 0 FF 0 0
ID: 316, Data: 845 20 3A A 21 23 0 78
ID: 153, Data: 80 0 0 FF 0 FF 0 0
ID: 329, Data: 884 AF 80 8 12 2A 0 26
ID: 316, Data: 845 20 14 A 21 22 0 78
ID: 260, Data: 8A 21 21 30 2C FF 71 36
ID: 316, Data: 845 20 20 A 21 22 0 78
ID: 316, Data: 845 20 19 A 21 22 0 78
ID: A1, Data: 882 7E 82 7E 23 0 0 0
ID: 440, Data: 8FE F0 0 A0 FF AA AA AA
ID: 43F, Data: 80 40 60 FF 6F F8 9 0
ID: 2A0, Data: 8E0 0 85 1C 33 0 11 0
ID: 153, Data: 80 0 0 FF 0 FF 0 0
ID: 153, Data: 80 0 0 FF 0 FF 0 0
ID: 370, Data: 8FF E0 F0 F0 FF FF FF FF
ID: 545, Data: 8DC 1B 0 8B DF FF DF FF
ID: 316, Data: 845 21 2C A 21 22 0 78
ID: 2A0, Data: 840 0 85 1C 33 0 11 0
ID: 5F0, Data: 20 0
ID: 316, Data: 845 21 19 A 21 22 0 78
ID: 43F, Data: 80 40 60 FF 6F FC 9 0
ID: 316, Data: 845 21 1D A 21 22 0 78
ID: 545, Data: 8DC 1B 0 8C DF FF DF FF
ID: 316, Data: 845 21 2E A 21 22 0 78
ID: 316, Data: 845 21 39 A 21 23 0 78
ID: A0, Data: 831 7C 2E A 0 23 2 0
ID: 43F, Data: 80 40 60 FF 6F 10 A 0
ID: 5F0, Data: 20 0
ID: 43F, Data: 80 40 60 FF 6F 8 A 0
ID: 153, Data: 80 0 0 FF 0 FF 0 0
ID: 316, Data: 845 20 31 A 21 22 0 78
ID: 43F, Data: 80 40 60 FF 6F 10 A 0
ID: 43F, Data: 80 40 60 FF 6F 14 A 0
ID: 316, Data: 845 20 24 A 21 22 0 78
ID: 440, Data: 8FE 50 0 A0 FF AA AA AA
ID: 316, Data: 845 20 15 A 21 22 0 78
ID: 316, Data: 845 20 F A 21 22 0 78
ID: 260, Data: 8A 21 21 30 2C FF 72 26
ID: 1F1, Data: 80 0 0 0 0 0 0 0
ID: 370, Data: 8FF E0 F0 F0 FF FF FF FF
ID: 43F, Data: 80 40 60 FF 6F F0 9 0
ID: 329, Data: 8B AF 80 8 12 2A 0 26
ID: 18F, Data: 8AA 4E 0 0 0 0 0 0
ID: 370, Data: 8FF E0 F0 F0 FF FF FF FF
ID: 2A0, Data: 840 0 85 1C 33 0 11 0
ID: 316, Data: 845 21 F A 21 22 0 78
ID: 316, Data: 845 21 7 A 21 22 0 78
ID: 260, Data: 8A 21 21 30 2C FF 73 25
ID: 153, Data: 80 0 0 FF 0 FF 0 0
ID: 316, Data: 845 21 21 A 21 22 0 78
ID: 316, Data: 845 21 10 A 21 22 0 78
ID: 316, Data: 845 21 F A 21 22 0 78
ID: A0, Data: 832 7C F A 0 23 2 0
ID: 43F, Data: 80 40 60 FF 6F F8 9 0
ID: 153, Data: 80 0 0 FF 0 FF 0 0
ID: 316, Data: 845 21 17 A 21 22 0 78
ID: A1, Data: 884 7E 80 7E 23 0 0 0
ID: 153, Data: 80 0 0 FF 0 FF 0 0
ID: 316, Data: 845 21 A A 21 22 0 78
ID: 153, Data: 80 0 0 FF 0 FF 0 0
ID: 316, Data: 845 21 3 A 21 22 0 78
ID: 5F0, Data: 20 0
ID: 43F, Data: 80 40 60 FF 6F E4 9 0
ID: 153, Data: 80 0 0 FF 0 FF 0 0
ID: 316, Data: 845 20 17 A 19 19 0 78
ID: 440, Data: 8FE 0 0 A0 FF AA AA AA
ID: 153, Data: 80 0 0 FF 0 FF 0 0
ID: 260, Data: 8A 1F 19 30 2C FF 75 2F
ID: 316, Data: 845 1E F0 9 19 1A 0 78
ID: 316, Data: 845 1D DC 9 1A 1A 0 78
ID: 316, Data: 845 1D BF 9 1B 1A 0 78
ID: 280, Data: 830 0 84 AF 13 16 85 44
ID: 43F, Data: 80 40 60 FF 6F 90 9 0
ID: 316, Data: 85 1C 15 A 1A 1A 0 78
ID: 329, Data: 8ED AF 80 8 12 28 0 26
ID: A0, Data: 827 7C 15 A 0 21 2 0
ID: 153, Data: 80 0 0 FF 0 FF 0 0
ID: 316, Data: 85 1A A7 A 18 1B 0 78
ID: 43F, Data: 80 40 60 FF 6F B8 A 0
ID: 370, Data: 8FF E0 F0 F0 FF FF FF FF
ID: 316, Data: 85 1A 8D A 18 1B 0 78
ID: A1, Data: 880 7E 7D 7E 1F 0 0 0
ID: 316, Data: 85 1A 6A A 19 1B 0 78
ID: 153, Data: 80 0 0 FF 0 FF 0 0
ID: 153, Data: 80 0 0 FF 0 FF 0 0
ID: 153, Data: 80 0 0 FF 0 FF 0 0
ID: A0, Data: 828 7C 6C A 0 21 2 0
ID: 280, Data: 830 0 84 AF 14 14 85 3F
ID: 316, Data: 85 19 4B A 19 1B 0 78
ID: 43F, Data: 80 40 60 FF 6F 24 A 0
ID: 43F, Data: 80 40 60 FF 6F 1C A 0
ID: 43F, Data: 80 40 60 FF 6F 18 A 0
ID: 329, Data: 8ED AF 80 8 12 29 0 26
ID: A0, Data: 82A 7C 31 A 0 22 2 0
ID: 316, Data: 85 1A 1D A 1A 1B 0 78
ID: 153, Data: 80 0 0 FF 0 FF 0 0
ID: 153, Data: 80 0 0 FF 0 FF 0 0
ID: 1F0, Data: 80 40 0 0 0 0 0 0
ID: 43F, Data: 80 40 60 FF 6F F4 9 0
ID: 316, Data: 85 1A FC 9 1A 1A 0 78
ID: 2A0, Data: 8E0 0 85 1C 33 0 11 0
ID: 316, Data: 85 1A B A 1A 1A 0 78
ID: 153, Data: 80 0 0 FF 0 FF 0 0
ID: 153, Data: 80 0 0 FF 0 FF 0 0
ID: 440, Data: 8FE 0 0 A0 FF AA AA AA
ID: 260, Data: 8A 1A 1A 30 2C FF 73 7
ID: 440, Data: 8FE 0 0 A0 FF AA AA AA
ID: 316, Data: 85 1A BC 9 1A 1A 0 78
ID: 545, Data: 8DC 14 0 8C FD FF FD FF
ID: 153, Data: 80 0 0 FF 0 FF 0 0
ID: 316, Data: 85 1A CF 9 1A 1A 0 78
ID: 316, Data: 85 1A CA 9 1A 1A 0 78
ID: 316, Data: 85 1A BC 9 1B 1A 0 78
ID: 153, Data: 80 0 0 FF 0 FF 0 0
ID: 260, Data: 8A 1A 1B 30 2C FF 79 3D
ID: 316, Data: 85 1A D5 9 1A 1A 0 78
ID: 43F, Data: 80 40 60 FF 6F A4 9 0
ID: 153, Data: 80 0 0 FF 0 FF 0 0
ID: 153, Data: 80 0 0 FF 0 FF 0 0
ID: 316, Data: 85 1A E6 9 1A 1A 0 78
ID: A1, Data: 87B 7E 7B 7E 1F 0 0 0
ID: 316, Data: 85 1A BB 9 1A 1A 0 78
ID: 153, Data: 80 0 0 FF 0 FF 0 0
ID: 316, Data: 85 1A CB 9 1B 1A 0 78
ID: 1F1, Data: 80 0 0 0 0 0 0 0
ID: 153, Data: 80 0 0 FF 0 FF 0 0
ID: 153, Data: 80 0 0 FF 0 FF 0 0
ID: 2A0, Data: 880 0 85 1C 33 0 11 0
ID: 316, Data: 85 1A FC 9 1A 1A 0 78
ID: 545, Data: 8DC 15 0 8C 3 0 3 0
ID: 545, Data: 8DC 15 0 8B 3 0 3 0
ID: A0, Data: 82A 7C 12 A 0 21 2 0
ID: 260, Data: 8A 1A 1A 30 2C FF 74 15
ID: 280, Data: 830 0 84 AF 14 15 85 41
ID: 370, Data: 8FF E0 F0 F0 FF FF FF FF
ID: 316, Data: 85 1A 10 A 1A 1A 0 78
ID: 43F, Data: 80 40 60 FF 6F EC 9 0
ID: 153, Data: 80 0 0 FF 0 FF 0 0
ID: 316, Data: 85 1A C A 1A 1A 0 78
ID: 316, Data: 85 1A F4 9 1A 1A 0 78
ID: 153, Data: 80 0 0 FF 0 FF 0 0
ID: 316, Data: 85 1A F5 9 1A 1A 0 78
ID: 153, Data: 80 0 0 FF 0 FF 0 0
ID: 316, Data: 85 1A 5 A 1A 1A 0 78
ID: 153, Data: 80 0 0 FF 0 FF 0 0
ID: 43F, Data: 80 40 60 FF 6F DC 9 0
ID: 153, Data: 80 0 0 FF 0 FF 0 0
ID: 316, Data: 85 1A 20 A 1A 1A 0 78
ID: 316, Data: 85 1A 35 A 1A 1A 0 78
ID: 153, Data: 80 0 0 FF 0 FF 0 0
ID: 316, Data: 85 1A 3C A 1A 1A 0 78
ID: 316, Data: 85 1A 45 A 1A 1A 0 78
ID: 316, Data: 85 1A 44 A 1A 1A 0 78
ID: 18F, Data: 8AA 47 0 0 0 0 0 0
ID: 153, Data: 80 0 0 FF 0 FF 0 0
ID: 18F, Data: 8AA 47 0 0 0 0 0 0
ID: 440, Data: 8FE A0 0 A0 FF AA AA AA
ID: 5F0, Data: 20 0
ID: A0, Data: 82A 7C 2 A 0 21 2 0
ID: 2A0, Data: 880 0 85 1C 33 0 11 0
ID: 316, Data: 85 1A 2A A 1A 1A 0 78
ID: 545, Data: 8DC 16 0 8C F9 FF F9 FF
ID: A0, Data: 82A 7C 26 A 0 21 2 0
ID: 153, Data: 80 0 0 FF 0 FF 0 0
ID: 316, Data: 85 1A 10 A 1A 1A 0 78
ID: 153, Data: 80 0 0 FF 0 FF 0 0
ID: 316, Data: 85 1A 24 A 1A 1A 0 78
ID: 153, Data: 80 0 0 FF 0 FF 0 0
ID: 43F, Data: 80 40 60 FF 6F 8 A 0
ID: 43F, Data: 80 40 60 FF 6F 14 A 0
ID: 153, Data: 80 0 0 FF 0 FF 0 0
ID: 316, Data: 85 1A E A 1A 1A 0 78
ID: 153, Data: 80 0 0 FF 0 FF 0 0
ID: 316, Data: 85 1A 13 A 1A 1A 0 78
ID: 440, Data: 8FE F0 0 A0 FF AA AA AA
ID: 153, Data: 80 0 0 FF 0 FF 0 0
ID: 329, Data: 884 AF 80 8 12 29 0 26
ID: 316, Data: 85 1A 1D A 1A 1A 0 78
ID: 153, Data: 80 0 0 FF 0 FF 0 0
ID: 153, Data: 80 0 0 FF 0 FF 0 0
ID: 440, Data: 8FE F0 0 A0 FF AA AA AA
ID: 316, Data: 85 1A 29 A 1A 1A 0 78
ID: 153, Data: 80 0 0 FF 0 FF 0 0
ID: 316, Data: 85 1A 2A A 1A 1A 0 78
ID: 43F, Data: 80 40 60 FF 6F 10 A 0
ID: 43F, Data: 80 40 60 FF 6F 14 A 0
ID: 316, Data: 85 1A 25 A 1A 1A 0 78
ID: 316, Data: 85 1A 1D A 1A 1A 0 78
ID: 2A0, Data: 8E0 0 85 1C 33 0 11 0
ID: A0, Data: 82B 7C 13 A 0 22 2 0
ID: 153, Data: 80 0 0 FF 0 FF 0 0
ID: 153, Data: 80 0 0 FF 0 FF 0 0
ID: A1, Data: 880 7E 80 7E 1F 0 0 0
ID: 329, Data: 884 AF 80 8 12 29 0 26
ID: 545, Data: 8DC 16 0 8C F8 FF F8 FF
ID: 43F, Data: 80 40 60 FF 6F 20 A 0
ID: 43F, Data: 80 40 60 FF 6F 20 A 0
ID: 280, Data: 830 0 84 AF 14 15 85 41
ID: A1, Data: 882 7E 80 7E 1F 0 0 0
ID: 316, Data: 85 1A 44 A 1A 1A 0 78
ID: 153, Data: 80 0 0 FF 0 FF 0 0
ID: 316, Data: 85 1A 29 A 1A 1A 0 78
ID: 153, Data: 80 0 0 FF 0 FF 0 0
ID: 316, Data: 85 1A 2 A 1A 1A 0 78
ID: 1F0, Data: 80 40 0 0 0 0 0 0
ID: 43F, Data: 80 40 60 FF 6F E8 9 0
ID: 153, Data: 80 0 0 FF 0 FF 0 0
ID: 153, Data: 80 0 0 FF 0 FF 0 0
ID: 153, Data: 80 0 0 FF 0 FF 0 0
ID: A1, Data: 882 7E 80 7E 1F 0 0 0
ID: 329, Data: 884 AF 80 8 12 29 0 26
ID: 545, Data: 8DC 15 0 8B FD FF FD FF
ID: 43F, Data: 80 40 60 FF 6F E0 9 0
ID: 316, Data: 85 1A FD 9 1A 1A 0 78
ID: 280, Data: 830 0 84 AF 14 15 85 41
ID: A1, Data: 882 7E 80 7E 1F 0 0 0
ID: 316, Data: 85 1A FC 9 1A 1A 0 78
ID: 316, Data: 85 1A EA 9 1A 1A 0 78
ID: 316, Data: 85 1A F0 9 1A 1A 0 78
ID: 260, Data: 8A 1A 1A 30 2C FF 75 14
ID: 43F, Data: 80 40 60 FF 6F D8 9 0
ID: 43F, Data: 80 40 60 FF 6F DC 9 0
ID: 43F, Data: 80 40 60 FF 6F E8 9 0
ID: 18F, Data: 8AA 43 0 0 0 0 0 0
ID: 153, Data: 80 0 0 FF 0 FF 0 0
ID: 18F, Data: 8AA 43 0 0 0 0 0 0
ID: 316, Data: 85 1A 1 A 1A 1A 0 78
ID: 316, Data: 85 1A FA 9 1A 1A 0 78
ID: 316, Data: 85 1A 5 A 1A 1A 0 78
ID: 316, Data: 85 1A F A 1A 1A 0 78
ID: 280, Data: 830 0 84 AF 14 15 85 41
ID: 2A0, Data: 840 0 85 1C 33 0 11 0
ID: 316, Data: 85 1A 2D A 1A 1A 0 78
ID: 316, Data: 85 1A 3A A 1A 1A 0 78
ID: 1F0, Data: 80 40 0 0 0 0 0 0
ID: 18F, Data: 8AA 43 0 0 0 0 0 0
ID: 316, Data: 85 1A 2D A 1A 1A 0 78
ID: 316, Data: 85 1A 2C A 1A 1A 0 78
ID: 316, Data: 85 1A 1C A 1A 1A 0 78
ID: 316, Data: 85 1A 1F A 1A 1A 0 78
ID: 18F, Data: 8AA 43 0 0 0 0 0 0
ID: 153, Data: 80 0 0 FF 0 FF 0 0
ID: 18F, Data: 8AA 43 0 0 0 0 0 0
ID: 316, Data: 85 1A 15 A 1A 1A 0 78
ID: 316, Data: 85 1A 1C A 1A 1A 0 78
ID: 316, Data: 85 1A 25 A 1A 1A 0 78
ID: 260, Data: 8A 1A 1A 30 2C FF 72 26
ID: 153, Data: 80 0 0 FF 0 FF 0 0
ID: 43F, Data: 80 40 60 FF 6F 0 A 0
ID: 43F, Data: 80 40 60 FF 6F 0 A 0
ID: 316, Data: 85 1A 32 A 1A 1A 0 78
ID: 153, Data: 80 0 0 FF 0 FF 0 0
ID: 316, Data: 85 1A 2E A 1A 1A 0 78
ID: 153, Data: 80 0 0 FF 0 FF 0 0
ID: 316, Data: 85 1A 32 A 1A 1A 0 78
ID: 316, Data: 85 1A 19 A 1A 1A 0 78
ID: 316, Data: 85 1A 10 A 1A 1A 0 78
ID: 545, Data: 8DC 16 0 8C F8 FF F8 FF
ID: 153, Data: 80 0 0 FF 0 FF 0 0
ID: 316, Data: 85 1A 25 A 1A 1A 0 78
ID: 153, Data: 80 0 0 FF 0 FF 0 0
ID: 316, Data: 85 1A 18 A 1A 1A 0 78
ID: 153, Data: 80 0 0 FF 0 FF 0 0
ID: 153, Data: 80 0 0 FF 0 FF 0 0
ID: 43F, Data: 80 40 60 FF 6F F0 9 0
ID: 43F, Data: 80 40 60 FF 6F EC 9 0
ID: 43F, Data: 80 40 60 FF 6F F0 9 0
ID: 1F1, Data: 80 0 0 0 0 0 0 0
ID: 153, Data: 80 0 0 FF 0 FF 0 0
ID: 153, Data: 80 0 0 FF 0 FF 0 0
ID: 2A0, Data: 8E0 0 85 1C 33 0 11 0
ID: 316, Data: 85 1A 18 A 1A 1A 0 78
ID: 260, Data: 8A 1A 1A 30 2C FF 72 17
ID: 1F1, Data: 80 0 0 0 0 0 0 0
ID: 316, Data: 85 1A 18 A 1A 1A 0 78
ID: 43F, Data: 80 40 60 FF 6F E8 9 0
ID: 43F, Data: 80 40 60 FF 6F EC 9 0
ID: 153, Data: 80 0 0 FF 0 FF 0 0
ID: 43F, Data: 80 40 60 FF 6F F8 9 0
ID: 316, Data: 85 1A 17 A 1A 1A 0 78
ID: 153, Data: 80 0 0 FF 0 FF 0 0
ID: 545, Data: 8DC 16 0 8C FC FF FC FF
ID: 1F0, Data: 80 40 0 0 0 0 0 0
ID: 1F1, Data: 80 0 0 0 0 0 0 0
ID: 316, Data: 85 1A 2E A 22 23 0 78
ID: 440, Data: 8FE F0 0 A0 FF AA AA AA
ID: 316, Data: 85 1C 10 A 22 23 0 78
ID: 18F, Data: 8AA 41 0 0 0 0 0 0
ID: 316, Data: 85 1D 2D A 22 23 0 78
ID: 2A0, Data: 8E0 0 85 1C 33 0 11 0
ID: 18F, Data: 8AA 41 0 0 0 0 0 0
ID: 153, Data: 80 0 0 FF 0 FF 0 0
ID: 370, Data: 8FF E0 F0 F0 FF FF FF FF
ID: 2A0, Data: 8E0 0 85 1C 33 0 11 0
ID: 153, Data: 80 0 0 FF 0 FF 0 0
ID: 316, Data: 845 1F B1 A 20 23 0 78
ID: 43F, Data: 80 40 60 FF 6F AC A 0
ID: 153, Data: 80 0 0 FF 0 FF 0 0
ID: 260, Data: 8A 20 22 30 2C FF 6B 1F
ID: 329, Data: 8ED AF 80 8 12 2B 0 26
ID: 316, Data: 845 20 C2 9 21 22 0 78
ID: 316, Data: 845 21 C5 9 21 22 0 78
ID: 329, Data: 8B AF 80 8 12 2B 0 26
ID: 43F, Data: 80 40 60 FF 6F 6C 9 0
ID: 153, Data: 80 0 0 FF 0 FF 0 0
ID: 316, Data: 845 22 E0 9 22 22 0 78
ID: 316, Data: 845 22 E7 9 21 22 0 78
ID: 153, Data: 80 0 0 FF 0 FF 0 0
ID: 153, Data: 80 0 0 FF 0 FF 0 0
ID: 545, Data: 8DC 1C 0 8B F6 FF F6 FF
ID: 316, Data: 845 22 6 A 21 22 0 78
ID: 153, Data: 80 0 0 FF 0 FF 0 0
ID: 153, Data: 80 0 0 FF 0 FF 0 0
ID: 153, Data: 80 0 0 FF 0 FF 0 0
ID: 370, Data: 8FF E0 F0 F0 FF FF FF FF
ID: 316, Data: 845 21 28 A 21 22 0 78
ID: 153, Data: 80 0 0 FF 0 FF 0 0
ID: 316, Data: 845 21 35 A 21 22 0 78
ID: 316, Data: 845 21 3A A 21 22 0 78
ID: 316, Data: 845 21 45 A 21 22 0 78
ID: 153, Data: 80 0 0 FF 0 FF 0 0
ID: 153, Data: 80 0 0 FF 0 FF 0 0
ID: 316, Data: 845 21 49 A 21 23 0 78
ID: 545, Data: 8DC 1D 0 8B DE FF DE FF
ID: 153, Data: 80 0 0 FF 0 FF 0 0
ID: 316, Data: 845 20 40 A 21 23 0 78
ID: 153, Data: 80 0 0 FF 0 FF 0 0
ID: 280, Data: 830 0 84 AF 14 18 85 49
ID: 316, Data: 845 20 28 A 21 23 0 78
ID: 153, Data: 80 0 0 FF 0 FF 0 0
ID: 316, Data: 845 20 2A A 21 23 0 78
ID: 153, Data: 80 0 0 FF 0 FF 0 0
ID: 316, Data: 845 20 2C A 21 23 0 78
ID: 153, Data: 80 0 0 FF 0 FF 0 0
ID: 153, Data: 80 0 0 FF 0 FF 0 0
ID: 316, Data: 845 20 1F A 21 23 0 78
ID: 43F, Data: 80 40 60 FF 6F FC 9 0
ID: 440, Data: 8FE F0 0 A0 FF AA AA AA
ID: 316, Data: 845 20 32 A 21 23 0 78
ID: 153, Data: 80 0 0 FF 0 FF 0 0
ID: 316, Data: 845 20 2A A 21 23 0 78
ID: 153, Data: 80 0 0 FF 0 FF 0 0
ID: 316, Data: 845 20 26 A 21 22 0 78
ID: 1F0, Data: 80 40 0 0 0 0 0 0
ID: 316, Data: 845 20 14 A 21 22 0 78
ID: 43F, Data: 80 40 60 FF 6F F8 9 0
ID: 316, Data: 845 20 0 A 21 22 0 78
ID: 260, Data: 8A 21 21 30 2C FF 73 7
ID: 153, Data: 80 0 0 FF 0 FF 0 0
ID: 316, Data: 845 21 FE 9 21 22 0 78
ID: 153, Data: 80 0 0 FF 0 FF 0 0
ID: 153, Data: 80 0 0 FF 0 FF 0 0
ID: 316, Data: 845 21 10 A 21 22 0 78
ID: 43F, Data: 80 40 60 FF 6F E4 9 0
ID: 43F, Data: 80 40 60 FF 6F E8 9 0
ID: 370, Data: 8FF E0 F0 F0 FF FF FF FF
ID: 43F, Data: 80 40 60 FF 6F EC 9 0
ID: 316, Data: 845 21 17 A 21 22 0 78
ID: 316, Data: 845 21 1F A 21 22 0 78
ID: A0, Data: 832 7C 17 A 0 23 2 0
ID: 43F, Data: 80 40 60 FF 6F F8 9 0
ID: 5F0, Data: 20 0
ID: 316, Data: 845 21 7 A 21 22 0 78
ID: 43F, Data: 80 40 60 FF 6F F0 9 0
ID: 316, Data: 845 21 FC 9 21 22 0 78
ID: 316, Data: 845 21 0 A 21 22 0 78
ID: A1, Data: 886 7E 84 7E 23 0 0 0
ID: 153, Data: 80 0 0 FF 0 FF 0 0
ID: 153, Data: 80 0 0 FF 0 FF 0 0
ID: 370, Data: 8FF E0 F0 F0 FF FF FF FF
ID: 260, Data: 8A 21 21 30 2C FF 74 6
ID: 316, Data: 845 21 B A 21 22 0 78
ID: 545, Data: 8DC 1B 0 8C E2 FF E2 FF
ID: 153, Data: 80 0 0 FF 0 FF 0 0
ID: 316, Data: 845 21 FD 9 21 22 0 78
ID: 153, Data: 80 0 0 FF 0 FF 0 0
ID: 316, Data: 845 21 14 A 21 22 0 78
ID: 316, Data: 845 21 20 A 21 22 0 78
ID: 153, Data: 80 0 0 FF 0 FF 0 0
ID: 153, Data: 80 0 0 FF 0 FF 0 0
ID: 545, Data: 8DC 1C 0 8C DE FF DE FF
ID: 316, Data: 845 21 26 A 21 22 0 78
ID: 153, Data: 80 0 0 FF 0 FF 0 0
ID: 153, Data: 80 0 0 FF 0 FF 0 0
ID: 316, Data: 845 21 23 A 21 22 0 78
ID: A1, Data: 884 7E 84 7E 23 0 0 0
ID: 316, Data: 845 20 32 A 21 23 0 78
ID: 153, Data: 80 0 0 FF 0 FF 0 0
ID: 316, Data: 845 20 1B A 21 22 0 78
ID: 370, Data: 8FF E0 F0 F0 FF FF FF FF
ID: 280, Data: 830 0 84 AF 14 18 85 49
ID: 316, Data: 845 20 1B A 21 22 0 78
ID: 2A0, Data: 840 0 85 1C 33 0 11 0
ID: 43F, Data: 80 40 60 FF 6F FC 9 0
ID: 370, Data: 8FF E0 F0 F0 FF FF FF FF
ID: 1F1, Data: 80 0 0 0 0 0 0 0
ID: 5F0, Data: 20 0
ID: 43F, Data: 80 40 60 FF 6F FC 9 0
ID: 316, Data: 845 20 2 A 21 22 0 78
ID: 280, Data: 830 0 84 AF 14 18 85 49
ID: A1, Data: 884 7E 84 7E 22 0 0 0
ID: 316, Data: 845 21 EF 9 21 22 0 78
ID: 153, Data: 80 0 0 FF 0 FF 0 0
ID: 2A0, Data: 820 0 85 1C 33 0 11 0
ID: 316, Data: 845 21 F0 9 21 22 0 78
ID: 280, Data: 830 0 84 AF 13 19 85 4A
ID: 153, Data: 80 0 0 FF 0 FF 0 0
ID: 43F, Data: 80 40 60 FF 6F C0 9 0
ID: 316, Data: 845 21 F0 9 21 22 0 78
ID: 316, Data: 845 21 EB 9 21 22 0 78
ID: 545, Data: 8DC 1C 0 8B EC FF EC FF
ID: 370, Data: 8FF E0 F0 F0 FF FF FF FF
ID: 316, Data: 845 21 BB 9 22 22 0 78
ID: 43F, Data: 80 40 60 FF 6F 9C 9 0
ID: 316, Data: 845 21 AD 9 22 22 0 78
ID: 280, Data: 830 0 84 AF 13 19 85 4B
ID: 370, Data: 8FF E0 F0 F0 FF FF FF FF
ID: 316, Data: 845 21 BD 9 23 22 0 78
ID: 43F, Data: 80 40 60 FF 6F 88 9 0
ID: 43F, Data: 80 40 60 FF 6F 90 9 0
ID: 316, Data: 845 22 B3 9 23 22 0 78
ID: 153, Data: 80 0 0 FF 0 FF 0 0
ID: 153, Data: 80 0 0 FF 0 FF 0 0
ID: 43F, Data: 80 40 60 FF 6F A4 9 0
ID: 545, Data: 8DC 20 0 8B FE FF FE FF
ID: 43F, Data: 80 40 60 FF 6F B4 9 0
ID: 43F, Data: 80 40 60 FF 6F B8 9 0
ID: 370, Data: 8FF E0 F0 F0 FF FF FF FF
ID: 370, Data: 8FF E0 F0 F0 FF FF FF FF
ID: 316, Data: 845 22 FA 9 22 22 0 78
ID: 43F, Data: 80 40 60 FF 6F E8 9 0
ID: 43F, Data: 80 40 60 FF 6F F4 9 0
ID: 440, Data: 8FE 50 0 A0 FF AA AA AA
ID: 316, Data: 845 22 2D A 21 22 0 78
ID: 316, Data: 845 22 14 A 22 22 0 78
ID: 316, Data: 845 22 1C A 22 22 0 78
ID: 545, Data: 8DC 22 0 8B F5 FF F5 FF
ID: 43F, Data: 80 40 60 FF 6F 10 A 0
ID: 316, Data: 845 21 47 A 21 22 0 78
ID: 545, Data: 8DC 22 0 8B EE FF EE FF
ID: 153, Data: 80 0 0 FF 0 FF 0 0
ID: 153, Data: 80 0 0 FF 0 FF 0 0
ID: 316, Data: 845 21 2D A 21 22 0 78
ID: 153, Data: 80 0 0 FF 0 FF 0 0
ID: 316, Data: 845 21 2E A 21 22 0 78
ID: 153, Data: 80 0 0 FF 0 FF 0 0
ID: 153, Data: 80 0 0 FF 0 FF 0 0
ID: 43F, Data: 80 40 60 FF 6F 14 A 0
ID: 5F0, Data: 20 0
ID: 316, Data: 845 21 34 A 21 22 0 78
ID: 43F, Data: 80 40 60 FF 6F C A 0
ID: 316, Data: 845 21 3D A 21 22 0 78
ID: 316, Data: 845 21 41 A 21 22 0 78
ID: 260, Data: 8A 21 21 30 2C FF 70 A
ID: 316, Data: 845 21 3E A 21 22 0 78
ID: 316, Data: 845 21 2A A 21 22 0 78
ID: 1F0, Data: 80 40 0 0 0 0 0 0
ID: 153, Data: 80 0 0 FF 0 FF 0 0
ID: 43F, Data: 80 40 60 FF 6F F8 9 0
ID: 545, Data: 8DC 22 0 8C E4 FF E4 FF
ID: 153, Data: 80 0 0 FF 0 FF 0 0
ID: 316, Data: 845 21 2A A 21 22 0 78
ID: 153, Data: 80 0 0 FF 0 FF 0 0
ID: 316, Data: 845 21 36 A 21 22 0 78
ID: 1F1, Data: 80 0 0 0 0 0 0 0
ID: 153, Data: 80 0 0 FF 0 FF 0 0
ID: 43F, Data: 80 40 60 FF 6F 28 A 0
ID: 43F, Data: 80 40 60 FF 6F 24 A 0
ID: 43F, Data: 80 40 60 FF 6F 1C A 0
ID: 153, Data: 80 0 0 FF 0 FF 0 0
ID: 316, Data: 845 21 40 A 21 22 0 78
ID: 5F0, Data: 20 0
ID: 1F1, Data: 80 0 0 0 0 0 0 0
ID: 440, Data: 8FE A0 0 A0 FF AA AA AA
ID: 5F0, Data: 20 0
ID: 316, Data: 845 21 39 A 21 22 0 78
ID: 316, Data: 845 21 2C A 21 22 0 78
ID: 260, Data: 8A 21 22 30 2C FF 70 27
ID: 153, Data: 80 0 0 FF 0 FF 0 0
ID: 316, Data: 845 21 4F A 21 23 0 78
ID: 316, Data: 845 21 4F A 21 23 0 78
ID: 329, Data: 8ED AF 80 8 12 2B 0 26
ID: 153, Data: 80 0 0 FF 0 FF 0 0
ID: 153, Data: 80 0 0 FF 0 FF 0 0
ID: 43F, Data: 80 40 60 FF 6F 20 A 0
ID: 153, Data: 80 0 0 FF 0 FF 0 0
ID: 316, Data: 845 21 48 A 21 23 0 78
ID: 18F, Data: 8AA 4E 0 0 0 0 0 0
ID: 153, Data: 80 0 0 FF 0 FF 0 0
ID: 316, Data: 845 20 55 A 21 23 0 78
ID: 18F, Data: 8AA 4E 0 0 0 0 0 0
ID: 370, Data: 8FF E0 F0 F0 FF FF FF FF
ID: 153, Data: 80 0 0 FF 0 FF 0 0
ID: 153, Data: 80 0 0 FF 0 FF 0 0
ID: 43F, Data: 80 40 60 FF 6F 24 A 0
ID: 153, Data: 80 0 0 FF 0 FF 0 0
ID: 316, Data: 845 20 49 A 18 1A 0 78
ID: 153, Data: 80 0 0 FF 0 FF 0 0
ID: 316, Data: 845 20 4B A 19 1A 0 78
ID: 316, Data: 845 20 3C A 19 1A 0 78
ID: 316, Data: 845 20 38 A 19 1A 0 78
ID: A1, Data: 88C 7E 8A 7E 23 0 0 0
ID: 153, Data: 80 0 0 FF 0 FF 0 0
ID: 43F, Data: 80 40 60 FF 6F 20 A 0
ID: 153, Data: 80 0 0 FF 0 FF 0 0
ID: 153, Data: 80 0 0 FF 0 FF 0 0
ID: 316, Data: 85 1D 1F A 1A 1A 0 78
ID: A0, Data: 82C 7C 25 A 0 22 2 0
ID: 316, Data: 85 1C 75 A 19 1A 0 78
ID: 43F, Data: 80 40 60 FF 6F 28 A 0
ID: 43F, Data: 80 40 60 FF 6F 64 A 0
ID: 440, Data: 8FE F0 0 A0 FF AA AA AA
ID: 1F1, Data: 80 0 0 0 0 0 0 0
ID: 1F1, Data: 80 0 0 0 0 0 0 0
ID: 43F, Data: 80 40 60 FF 6F B4 A 0
ID: 316, Data: 85 19 A9 A 18 1B 0 78
ID: 5F0, Data: 20 0
ID: 153, Data: 80 0 0 FF 0 FF 0 0
ID: 43F, Data: 80 40 60 FF 6F 7C A 0
ID: 5F0, Data: 20 0
ID: 316, Data: 85 19 89 A 19 1B 0 78
ID: 43F, Data: 80 40 60 FF 6F 60 A 0
ID: 43F, Data: 80 40 60 FF 6F 48 A 0
ID: 316, Data: 85 19 32 A 1A 1B 0 78
ID: 2A0, Data: 880 0 84 1C 33 0 11 0
ID: 153, Data: 80 0 0 FF 0 FF 0 0
ID: 316, Data: 85 19 1F A 1A 1A 0 78
ID: 43F, Data: 80 40 60 FF 6F E8 9 0
ID: 370, Data: 8FF E0 F0 F0 FF FF FF FF
ID: 316, Data: 85 19 2A A 1A 1A 0 78
ID: 153, Data: 80 0 0 FF 0 FF 0 0
ID: 153, Data: 80 0 0 FF 0 FF 0 0
ID: A1, Data: 88F 7E 8C 7E 1E 0 0 0
ID: 545, Data: 8DC 1C 0 8C EF FF EF FF
ID: A0, Data: 82D 7C 19 A 0 22 2 0
ID: 153, Data: 80 0 0 FF 0 FF 0 0
ID: 440, Data: 8FE F0 0 A0 FF AA AA AA
ID: 153, Data: 80 0 0 FF 0 FF 0 0
ID: 153, Data: 80 0 0 FF 0 FF 0 0
ID: 43F, Data: 80 40 60 FF 6F 4 A 0
ID: 153, Data: 80 0 0 FF 0 FF 0 0
ID: 316, Data: 85 19 14 A 1A 1A 0 78
ID: A0, Data: 82C 7C 17 A 0 22 2 0
ID: 316, Data: 85 1A 14 A 19 1A 0 78
ID: 153, Data: 80 0 0 FF 0 FF 0 0
ID: 153, Data: 80 0 0 FF 0 FF 0 0
ID: 153, Data: 80 0 0 FF 0 FF 0 0
ID: 18F, Data: 8AA 49 0 0 0 0 0 0
ID: 316, Data: 85 1A 3A A 19 1A 0 78
ID: 316, Data: 85 19 34 A 19 1A 0 78
ID: 316, Data: 85 19 3D A 19 1A 0 78
ID: 260, Data: 8A 1A 19 30 2C FF 70 B
ID: 153, Data: 80 0 0 FF 0 FF 0 0
ID: 316, Data: 85 19 4D A 19 1B 0 78
ID: 153, Data: 80 0 0 FF 0 FF 0 0
ID: 316, Data: 85 19 24 A 19 1A 0 78
ID: 440, Data: 8FE 50 0 A0 FF AA AA AA
ID: 153, Data: 80 0 0 FF 0 FF 0 0
ID: 545, Data: 8DC 1B 0 8C EC FF EC FF
ID: 316, Data: 85 19 14 A 1A 1A 0 78
ID: 316, Data: 85 19 8 A 1A 1A 0 78
ID: 153, Data: 80 0 0 FF 0 FF 0 0
ID: 153, Data: 80 0 0 FF 0 FF 0 0
ID: 153, Data: 80 0 0 FF 0 FF 0 0
ID: 18F, Data: 8AA 48 0 0 0 0 0 0
ID: 316, Data: 85 19 12 A 19 1A 0 78
ID: 316, Data: 85 19 F A 1A 1A 0 78
ID: 316, Data: 85 19 24 A 19 1A 0 78
ID: 316, Data: 85 19 1F A 19 1A 0 78
ID: A0, Data: 82D 7C F A 0 22 2 0
ID: 5F0, Data: 20 0
ID: 18F, Data: 8AA 47 0 0 0 0 0 0
ID: 2A0, Data: 880 0 84 1C 33 0 11 0
ID: 1F0, Data: 80 40 0 0 0 0 0 0
ID: 545, Data: 8DC 1A 0 8C F3 FF F3 FF
ID: 43F, Data: 80 40 60 FF 6F C8 9 0
ID: 260, Data: 8A 1A 1A 30 2C FF 76 4
ID: 153, Data: 80 0 0 FF 0 FF 0 0
ID: 153, Data: 80 0 0 FF 0 FF 0 0
ID: 316, Data: 85 1A E6 9 1A 1A 0 78
ID: 43F, Data: 80 40 60 FF 6F D0 9 0
ID: 43F, Data: 80 40 60 FF 6F CC 9 0
ID: 440, Data: 8FE A0 0 A0 FF AA AA AA
ID: 153, Data: 80 0 0 FF 0 FF 0 0
ID: 1F0, Data: 80 40 0 0 0 0 0 0
ID: 440, Data: 8FE A0 0 A0 FF AA AA AA
ID: 316, Data: 85 1A C4 9 1B 1A 0 78
ID: 43F, Data: 80 40 60 FF 6F B4 9 0
ID: 153, Data: 80 0 0 FF 0 FF 0 0
ID: 316, Data: 85 1A E2 9 1A 1A 0 78
ID: 43F, Data: 80 40 60 FF 6F C0 9 0
ID: 43F, Data: 80 40 60 FF 6F D0 9 0
ID: 43F, Data: 80 40 60 FF 6F E8 9 0
ID: 153, Data: 80 0 0 FF 0 FF 0 0
ID: A0, Data: 82C 7C 18 A 0 22 2 0
ID: 329, Data: 8ED B0 80 8 12 29 0 26
ID: 316, Data: 85 1A 2C A 1A 1A 0 78
ID: 5F0, Data: 20 0
ID: 43F, Data: 80 40 60 FF 6F 8 A 0
ID: 153, Data: 80 0 0 FF 0 FF 0 0
ID: 316, Data: 85 1A 36 A 1A 1A 0 78
ID: A1, Data: 887 7F 84 7F 1F 0 0 0
ID: 43F, Data: 80 40 60 FF 6F 20 A 0
ID: 43F, Data: 80 40 60 FF 6F 20 A 0
ID: 43F, Data: 80 40 60 FF 6F 10 A 0
ID: 43F, Data: 80 40 60 FF 6F C A 0
ID: 280, Data: 830 0 84 B0 14 14 84 40
ID: 43F, Data: 80 40 60 FF 6F 8 A 0
ID: 316, Data: 85 19 21 A 1A 1A 0 78
ID: 153, Data: 80 0 0 FF 0 FF 0 0
ID: 316, Data: 85 19 38 A 1A 1B 0 78
ID: 153, Data: 80 0 0 FF 0 FF 0 0
ID: 153, Data: 80 0 0 FF 0 FF 0 0
ID: 43F, Data: 80 40 60 FF 6F 18 A 0
ID: 153, Data: 80 0 0 FF 0 FF 0 0
ID: 5F0, Data: 20 0
ID: 153, Data: 80 0 0 FF 0 FF 0 0
ID: 153, Data: 80 0 0 FF 0 FF 0 0
ID: 2A0, Data: 820 0 84 1C 33 0 11 0
ID: 316, Data: 85 19 7 A 1A 1A 0 78
ID: 545, Data: 8DC 1B 0 8C EF FF EF FF
ID: 1F0, Data: 80 40 0 0 0 0 0 0
ID: 316, Data: 85 19 F5 9 1A 1A 0 78
ID: 370, Data: 8FF E0 F0 F0 FF FF FF FF
ID: 316, Data: 85 19 D3 9 1A 1A 0 78
ID: 280, Data: 830 0 84 B0 13 14 84 40
ID: A1, Data: 88A 7F 87 7F 1F 0 0 0
ID: 43F, Data: 80 40 60 FF 6F C0 9 0
ID: 153, Data: 80 0 0 FF 0 FF 0 0
ID: 316, Data: 85 1A E5 9 1A 1A 0 78
ID: 316, Data: 85 1A 1 A 1A 1A 0 78
ID: 316, Data: 85 1A 8 A 1A 1A 0 78
ID: 316, Data: 85 1A 7 A 1A 1A 0 78
ID: 280, Data: 830 0 84 B0 14 14 84 41
ID: 2A0, Data: 8E0 0 84 1C 33 0 11 0
ID: 153, Data: 80 0 0 FF 0 FF 0 0
ID: 316, Data: 85 1A 0 A 1A 1A 0 78
ID: 316, Data: 85 1A F9 9 1A 1A 0 78
ID: 5F0, Data: 20 0
ID: 316, Data: 85 1A A A 1A 1A 0 78
ID: 153, Data: 80 0 0 FF 0 FF 0 0
ID: 316, Data: 85 1A 17 A 1A 1A 0 78
ID: 153, Data: 80 0 0 FF 0 FF 0 0
ID: 316, Data: 85 1A 28 A 1A 1A 0 78
ID: 153, Data: 80 0 0 FF 0 FF 0 0
ID: 316, Data: 85 1A 34 A 1A 1A 0 78
ID: 316, Data: 85 1A 1D A 1A 1A 0 78
ID: 153, Data: 80 0 0 FF 0 FF 0 0
ID: 316, Data: 85 19 19 A 1A 1A 0 78
ID: 153, Data: 80 0 0 FF 0 FF 0 0
ID: 370, Data: 8FF E0 F0 F0 FF FF FF FF
ID: 316, Data: 85 19 17 A 1A 1A 0 78
ID: 260, Data: 8A 1A 1A 30 2C FF 72 8
ID: 316, Data: 85 19 40 A 1A 1A 0 78
ID: 316, Data: 85 19 30 A 1A 1A 0 78
ID: 329, Data: 884 B0 80 8 12 29 0 26
ID: 260, Data: 8A 1A 1A 30 2C FF 71 18
ID: 153, Data: 80 0 0 FF 0 FF 0 0
ID: 329, Data: 8B B0 80 8 12 29 0 26
ID: 316, Data: 85 19 F0 9 1A 1A 0 78
ID: 316, Data: 85 19 E6 9 1A 1A 0 78
ID: 18F, Data: 8AA 43 0 0 0 0 0 0
ID: 43F, Data: 80 40 60 FF 6F C4 9 0
ID: 18F, Data: 8AA 43 0 0 0 0 0 0
ID: 153, Data: 80 0 0 FF 0 FF 0 0
ID: 260, Data: 8A 1A 1A 30 2C FF 74 33
ID: 316, Data: 85 1A 7 A 1A 1A 0 78
ID: 153, Data: 80 0 0 FF 0 FF 0 0
ID: 316, Data: 85 1A 1D A 1A 1A 0 78
ID: 370, Data: 8FF E0 F0 F0 FF FF FF FF
ID: 316, Data: 85 1A 2 A 1A 1A 0 78
ID: 280, Data: 830 0 84 B0 14 14 84 41
ID: 545, Data: 8DC 1B 0 8C F4 FF F4 FF
ID: 43F, Data: 80 40 60 FF 6F E8 9 0
ID: 329, Data: 8ED B0 80 8 12 29 0 26
ID: 18F, Data: 8AA 42 0 0 0 0 0 0
ID: 153, Data: 80 0 0 FF 0 FF 0 0
ID: A1, Data: 887 80 84 80 1F 0 0 0
ID: 2A0, Data: 840 0 84 1C 33 0 11 0
ID: 18F, Data: 8AA 42 0 0 0 0 0 0
ID: 43F, Data: 80 40 60 FF 6F F8 9 0
ID: 18F, Data: 8AA 42 0 0 0 0 0 0
ID: 153, Data: 80 0 0 FF 0 FF 0 0
ID: 18F, Data: 8AA 42 0 0 0 0 0 0
ID: 153, Data: 80 0 0 FF 0 FF 0 0
ID: 316, Data: 85 19 1C A 1A 1A 0 78
ID: 153, Data: 80 0 0 FF 0 FF 0 0
ID: 316, Data: 85 19 2C A 1A 1A 0 78
ID: 153, Data: 80 0 0 FF 0 FF 0 0
ID: 316, Data: 85 19 21 A 1A 1A 0 78
ID: 440, Data: 8FE A0 0 A0 FF AA AA AA
ID: 153, Data: 80 0 0 FF 0 FF 0 0
ID: 260, Data: 8A 1A 1A 30 2C FF 71 9
ID: 316, Data: 85 19 35 A 1A 1A 0 78
ID: A0, Data: 82C 7C 34 A 0 22 2 0
ID: 153, Data: 80 0 0 FF 0 FF 0 0
ID: 153, Data: 80 0 0 FF 0 FF 0 0
ID: 18F, Data: 8AA 42 0 0 0 0 0 0
ID: 316, Data: 85 1B 2A A 23 23 0 78
ID: 316, Data: 85 1C 3A A 22 23 0 78
ID: 316, Data: 85 1D 4D A 22 23 0 78
ID: 2A0, Data: 820 0 84 1C 33 0 11 0
ID: 153, Data: 80 0 0 FF 0 FF 0 0
ID: 153, Data: 80 0 0 FF 0 FF 0 0
ID: 153, Data: 80 0 0 FF 0 FF 0 0
ID: 440, Data: 8FE 50 0 A0 FF AA AA AA
ID: 316, Data: 845 1F C2 A 21 23 0 78
ID: 153, Data: 80 0 0 FF 0 FF 0 0
ID: 153, Data: 80 0 0 FF 0 FF 0 0
ID: 370, Data: 8FF E0 F0 F0 FF FF FF FF
ID: 43F, Data: 80 40 60 FF 6F 50 A 0
ID: 316, Data: 845 21 3 A 22 22 0 78
ID: 545, Data: 8DC 22 0 8C E9 FF E9 FF
ID: A0, Data: 839 7C 8 A 0 24 2 0
ID: 5F0, Data: 20 0
ID: 153, Data: 80 0 0 FF 0 FF 0 0
ID: 153, Data: 80 0 0 FF 0 FF 0 0
ID: 18F, Data: 8AA 44 0 0 0 0 0 0
ID: 329, Data: 8ED B0 80 8 12 2B 0 26
ID: 316, Data: 845 22 45 A 21 22 0 78
ID: 260, Data: 8A 22 21 30 2C FF 72 34
ID: 153, Data: 80 0 0 FF 0 FF 0 0
ID: 316, Data: 845 21 5F A 21 22 0 78
ID: 316, Data: 845 21 82 A 20 22 0 78
ID: 280, Data: 830 0 84 B0 14 19 84 4A
ID: 316, Data: 845 21 8C A 20 23 0 78
ID: 316, Data: 845 21 8C A 20 23 0 78
ID: 18F, Data: 8AA 46 0 0 0 0 0 0
ID: 43F, Data: 80 40 60 FF 6F 7C A 0
ID: 43F, Data: 80 40 60 FF 6F 7C A 0
ID: 43F, Data: 80 40 60 FF 6F 78 A 0
ID: 43F, Data: 80 40 60 FF 6F 74 A 0
ID: 153, Data: 80 0 0 FF 0 FF 0 0
ID: 280, Data: 830 0 84 B0 14 18 84 48
ID: 316, Data: 845 1F 5F A 21 23 0 78
ID: 43F, Data: 80 40 60 FF 6F 3C A 0
ID: 316, Data: 845 1F 38 A 21 23 0 78
ID: 153, Data: 80 0 0 FF 0 FF 0 0
ID: 260, Data: 8A 20 21 30 2C FF 70 1A
ID: 316, Data: 845 20 35 A 21 23 0 78
ID: 316, Data: 845 20 3E A 21 23 0 78
ID: 316, Data: 845 20 49 A 21 23 0 78
ID: 280, Data: 830 0 84 B0 14 18 84 49
ID: A1, Data: 88A 81 88 80 22 0 0 0
ID: 316, Data: 845 20 32 A 21 23 0 78
ID: 153, Data: 80 0 0 FF 0 FF 0 0
ID: A0, Data: 834 7C 32 A 0 23 2 0
ID: 316, Data: 845 20 39 A 21 23 0 78
ID: 316, Data: 845 20 2D A 21 22 0 78
ID: 43F, Data: 80 40 60 FF 6F C A 0
ID: 153, Data: 80 0 0 FF 0 FF 0 0
ID: 316, Data: 845 20 15 A 21 22 0 78
ID: 43F, Data: 80 40 60 FF 6F F4 9 0
ID: 43F, Data: 80 40 60 FF 6F E8 9 0
ID: 440, Data: 8FE 50 0 A0 FF AA AA AA
ID: 43F, Data: 80 40 60 FF 6F E0 9 0
ID: 316, Data: 845 20 18 A 21 22 0 78
ID: 153, Data: 80 0 0 FF 0 FF 0 0
ID: 260, Data: 8A 20 21 30 2C FF 73 17
ID: 316, Data: 845 20 38 A 21 22 0 78
ID: 43F, Data: 80 40 60 FF 6E 8 A 0
ID: 316, Data: 845 20 3E A 21 22 0 78
ID: 153, Data: 80 0 0 FF 0 FF 0 0
ID: 545, Data: 8DC 22 0 8C D9 FF D9 FF
ID: 316, Data: 845 20 44 A 21 22 0 78
ID: 43F, Data: 80 40 60 FF 6F 20 A 0
ID: 370, Data: 8FF E0 F0 F0 FF FF FF FF
ID: 316, Data: 845 20 44 A 21 22 0 78
ID: 316, Data: 845 20 51 A 21 23 0 78
ID: 316, Data: 845 20 4B A 21 23 0 78
ID: 2A0, Data: 880 0 84 1C 33 0 11 0
ID: 43F, Data: 80 40 60 FF 6F 30 A 0
ID: 43F, Data: 80 40 60 FF 6E 30 A 0
ID: 440, Data: 8FE F0 0 A0 FF AA AA AA
ID: 316, Data: 845 20 4C A 20 23 0 78
ID: 153, Data: 80 0 0 FF 0 FF 0 0
ID: 5F0, Data: 20 0
ID: 153, Data: 80 0 0 FF 0 FF 0 0
ID: 316, Data: 845 20 40 A 21 23 0 78
ID: 5F0, Data: 20 0
ID: 316, Data: 845 20 48 A 21 23 0 78
ID: 153, Data: 80 0 0 FF 0 FF 0 0
ID: 316, Data: 845 20 3A A 21 23 0 78
ID: 1F1, Data: 80 0 0 0 0 0 0 0
ID: 153, Data: 80 0 0 FF 0 FF 0 0
ID: 316, Data: 845 20 14 A 21 22 0 78
ID: 440, Data: 8FE F0 0 A0 FF AA AA AA
ID: 316, Data: 845 20 2C A 21 22 0 78
ID: 2A0, Data: 880 0 84 1C 33 0 11 0
ID: 43F, Data: 80 40 60 FF 6F 4 A 0
ID: 43F, Data: 80 40 60 FF 6F 10 A 0
ID: 153, Data: 80 0 0 FF 0 FF 0 0
ID: 316, Data: 845 20 47 A 21 23 0 78
ID: 153, Data: 80 0 0 FF 0 FF 0 0
ID: 316, Data: 845 20 45 A 21 22 0 78
ID: 316, Data: 845 20 45 A 21 23 0 78
ID: 2A0, Data: 820 0 84 1C 33 0 11 0
ID: 43F, Data: 80 40 60 FF 6F 28 A 0
ID: 153, Data: 80 0 0 FF 0 FF 0 0
ID: 316, Data: 845 20 38 A 21 22 0 78
ID: 316, Data: 845 20 31 A 21 22 0 78
ID: 316, Data: 845 20 38 A 21 23 0 78
ID: 153, Data: 80 0 0 FF 0 FF 0 0
ID: 440, Data: 8FE 0 0 A0 FF AA AA AA
ID: 43F, Data: 80 40 60 FF 6F 4 A 0
ID: 43F, Data: 80 40 60 FF 6F FC 9 0
ID: 153, Data: 80 0 0 FF 0 FF 0 0
ID: 316, Data: 845 20 2E A 21 22 0 78
ID: 153, Data: 80 0 0 FF 0 FF 0 0
ID: 545, Data: 8DC 21 0 8B D8 FF D8 FF
ID: 316, Data: 845 20 3D A 21 22 0 78
ID: 43F, Data: 80 40 60 FF 6F 18 A 0
ID: 370, Data: 8FF E0 F0 F0 FF FF FF FF
ID: 316, Data: 845 20 39 A 21 22 0 78
ID: 316, Data: 845 20 40 A 21 22 0 78
ID: 316, Data: 845 20 4B A 21 23 0 78
ID: 545, Data: 8DC 22 0 8C D5 FF D5 FF
ID: 43F, Data: 80 40 60 FF 6F 2C A 0
ID: 316, Data: 845 20 38 A 21 22 0 78
ID: 280, Data: 830 0 84 B0 14 18 84 49
ID: 316, Data: 845 20 3C A 21 22 0 78
ID: 316, Data: 845 20 34 A 21 22 0 78
ID: 260, Data: 8A 20 21 30 2C FF 70 1A
ID: 153, Data: 80 0 0 FF 0 FF 0 0
ID: 316, Data: 845 20 50 A 21 23 0 78
ID: 43F, Data: 80 40 60 FF 6F 2C A 0
ID: 545, Data: 8DC 20 0 8B D7 FF D7 FF
ID: 545, Data: 8DC 20 0 8C D5 FF D5 FF
ID: 316, Data: 845 20 40 A 21 23 0 78
ID: 18F, Data: 8AA 4B 0 0 0 0 0 0
ID: 43F, Data: 80 40 60 FF 6F 20 A 0
ID: 153, Data: 80 0 0 FF 0 FF 0 0
ID: 43F, Data: 80 40 60 FF 6F 14 A 0
ID: 153, Data: 80 0 0 FF 0 FF 0 0
ID: 153, Data: 80 0 0 FF 0 FF 0 0
ID: A1, Data: 888 81 86 80 23 0 0 0
ID: 545, Data: 8DC 21 0 8B D7 FF D7 FF
ID: 260, Data: 8A 20 21 30 2C FF 70 29
ID: 1F0, Data: 80 40 0 0 0 0 0 0
ID: 329, Data: 8B B0 80 8 12 2B 0 26
ID: 316, Data: 845 20 39 A 21 22 0 78
ID: 316, Data: 845 20 2D A 21 22 0 78
ID: A0, Data: 834 7C 2D A 0 23 2 0
ID: 316, Data: 845 20 35 A 21 22 0 78
ID: 153, Data: 80 0 0 FF 0 FF 0 0
ID: 5F0, Data: 20 0
ID: 153, Data: 80 0 0 FF 0 FF 0 0
ID: 316, Data: 845 20 41 A 21 22 0 78
ID: A0, Data: 833 7C 41 A 0 23 2 0
ID: 316, Data: 845 20 42 A 21 22 0 78
ID: 153, Data: 80 0 0 FF 0 FF 0 0
ID: 316, Data: 845 20 5B A 21 23 0 78
ID: 316, Data: 845 20 65 A 20 23 0 78
ID: 329, Data: 884 B0 80 8 12 2B 0 26
ID: 43F, Data: 80 40 60 FF 6F 50 A 0
ID: 153, Data: 80 0 0 FF 0 FF 0 0
ID: 316, Data: 845 20 55 A 20 23 0 78
ID: 316, Data: 845 20 4C A 20 23 0 78
ID: 316, Data: 845 20 4F A 21 23 0 78
ID: 43F, Data: 80 40 60 FF 6F 2C A 0
ID: 153, Data: 80 0 0 FF 0 FF 0 0
ID: 370, Data: 8FF E0 F0 F0 FF FF FF FF
ID: 43F, Data: 80 40 60 FF 6F 40 A 0
ID: 2A0, Data: 840 0 84 1C 33 0 11 0
ID: 43F, Data: 80 40 60 FF 6F 2C A 0
ID: 153, Data: 80 0 0 FF 0 FF 0 0
ID: 316, Data: 845 20 4F A 20 23 0 78
ID: 370, Data: 8FF E0 F0 F0 FF FF FF FF
ID: 316, Data: 845 20 4D A 20 23 0 78
ID: 316, Data: 845 20 54 A 20 23 0 78
ID: 316, Data: 845 20 4D A 20 23 0 78
ID: 2A0, Data: 880 0 84 1C 33 0 11 0
ID: 440, Data: 8FE A0 0 A0 FF AA AA AA
ID: 153, Data: 80 0 0 FF 0 FF 0 0
ID: 2A0, Data: 880 0 84 1C 33 0 11 0
ID: 316, Data: 845 20 44 A 21 23 0 78
ID: 280, Data: 830 0 84 B0 14 18 84 49
ID: 316, Data: 845 20 3E A 21 23 0 78
ID: 316, Data: 845 20 4C A 20 23 0 78
ID: 18F, Data: 8AA 4C 0 0 0 0 0 0
ID: 43F, Data: 80 40 60 FF 6F 20 A 0
ID: 43F, Data: 80 40 60 FF 6F 14 A 0
ID: 43F, Data: 80 40 60 FF 6F 10 A 0
ID: 153, Data: 80 0 0 FF 0 FF 0 0
ID: 316, Data: 845 20 3A A 21 23 0 78
ID: 316, Data: 845 20 40 A 21 23 0 78
ID: 329, Data: 884 B0 80 8 12 2A 0 26
ID: 43F, Data: 80 40 60 FF 6E 24 A 0
ID: 440, Data: 8FE F0 0 A0 FF AA AA AA
ID: 316, Data: 845 1F 35 A 21 23 0 78
ID: 153, Data: 80 0 0 FF 0 FF 0 0
ID: 5F0, Data: 20 0
ID: 316, Data: 845 1F 41 A 21 23 0 78
ID: 153, Data: 80 0 0 FF 0 FF 0 0
ID: 316, Data: 845 20 4B A 20 23 0 78
ID: 153, Data: 80 0 0 FF 0 FF 0 0
ID: 316, Data: 845 20 38 A 21 23 0 78
ID: 1F0, Data: 80 40 0 0 0 0 0 0
ID: 153, Data: 80 0 0 FF 0 FF 0 0
ID: 316, Data: 845 20 41 A 21 23 0 78
ID: 43F, Data: 80 40 60 FF 6F 20 A 0
ID: 316, Data: 845 1F 50 A 20 23 0 78
ID: 316, Data: 845 1F 47 A 20 23 0 78
ID: A0, Data: 833 7C 40 A 0 23 2 0
ID: 5F0, Data: 20 0
ID: 153, Data: 80 0 0 FF 0 FF 0 0
ID: 153, Data: 80 0 0 FF 0 FF 0 0
ID: 2A0, Data: 820 0 84 1C 33 0 11 0
ID: 316, Data: 845 1F 38 A 21 23 0 78
ID: 2A0, Data: 8E0 0 84 1C 33 0 11 0
ID: 316, Data: 845 1F 3E A 21 23 0 78
ID: 316, Data: 845 1F 4C A 20 23 0 78
ID: 329, Data: 840 B0 80 8 12 2A 0 26
ID: 43F, Data: 80 40 60 FF 6E 20 A 0
ID: 153, Data: 80 0 0 FF 0 FF 0 0
ID: 316, Data: 845 1F 41 A 21 23 0 78
ID: 316, Data: 845 1F 39 A 21 23 0 78
ID: 316, Data: 845 1F 39 A 21 23 0 78
ID: 153, Data: 80 0 0 FF 0 FF 0 0
ID: 153, Data: 80 0 0 FF 0 FF 0 0
ID: 43F, Data: 80 40 60 FF 6F 8 A 0
ID: A1, Data: 884 81 84 80 22 0 0 0
ID: 5F0, Data: 20 0
ID: 153, Data: 80 0 0 FF 0 FF 0 0
ID: A1, Data: 884 81 82 80 23 0 0 0
ID: 280, Data: 830 0 84 B0 14 18 84 49
ID: 260, Data: 8A 20 21 30 2C FF 70 B
ID: 43F, Data: 80 40 60 FF 6E 1C A 0
ID: 316, Data: 845 20 30 A 21 22 0 78
ID: 153, Data: 80 0 0 FF 0 FF 0 0
ID: 153, Data: 80 0 0 FF 0 FF 0 0
ID: 18F, Data: 8AA 4C 0 0 0 0 0 0
ID: 329, Data: 884 B0 80 8 12 2A 0 26
ID: 316, Data: 845 20 38 A 20 23 0 78
ID: 260, Data: 8A 20 21 30 2C FF 71 19
ID: 153, Data: 80 0 0 FF 0 FF 0 0
ID: 153, Data: 80 0 0 FF 0 FF 0 0
ID: 316, Data: 845 20 34 A 20 22 0 78
ID: 153, Data: 80 0 0 FF 0 FF 0 0
ID: 316, Data: 845 20 35 A 21 23 0 78
ID: 153, Data: 80 0 0 FF 0 FF 0 0
ID: 316, Data: 845 20 2A A 21 22 0 78
ID: 316, Data: 845 20 2E A 21 22 0 78
ID: 316, Data: 845 20 32 A 21 22 0 78
ID: 43F, Data: 80 40 60 FF 6E C A 0
ID: 316, Data: 845 20 2E A 21 22 0 78
ID: 316, Data: 845 20 26 A 21 22 0 78
ID: 2A0, Data: 880 0 84 1C 33 0 11 0
ID: 43F, Data: 80 40 60 FF 6F 0 A 0
ID: 370, Data: 8FF E0 F0 F0 FF FF FF FF
ID: 43F, Data: 80 40 60 FF 6F 4 A 0
ID: 5F0, Data: 20 0
ID: 153, Data: 80 0 0 FF 0 FF 0 0
ID: A1, Data: 882 81 80 80 23 0 0 0
ID: 280, Data: 830 0 84 B0 14 18 84 49
ID: 2A0, Data: 8E0 0 84 1C 33 0 11 0
ID: 316, Data: 845 20 34 A 20 22 0 78
ID: 316, Data: 845 20 45 A 20 22 0 78
ID: 1F0, Data: 80 40 0 0 0 0 0 0
ID: 153, Data: 80 0 0 FF 0 FF 0 0
ID: 545, Data: 8DC 1E 0 8C D2 FF D2 FF
ID: 316, Data: 845 20 3A A 20 23 0 78
ID: 153, Data: 80 0 0 FF 0 FF 0 0
ID: 43F, Data: 80 40 60 FF 6F 20 A 0
ID: 5F0, Data: 20 0
ID: 153, Data: 80 0 0 FF 0 FF 0 0
ID: 153, Data: 80 0 0 FF 0 FF 0 0
ID: 5F0, Data: 20 0
ID: 260, Data: 8A 20 20 30 2C FF 6F 3B
ID: 545, Data: 8DC 1F 0 8C CE FF CE FF
ID: 1F1, Data: 80 0 0 0 0 0 0 0
ID: 316, Data: 845 20 36 A 20 23 0 78
ID: 43F, Data: 80 40 60 FF 6E 28 A 0
ID: 316, Data: 845 20 4B A 20 23 0 78
ID: 280, Data: 830 0 84 B0 14 18 84 49
ID: 440, Data: 8FE 50 0 A0 FF AA AA AA
ID: 153, Data: 80 0 0 FF 0 FF 0 0
ID: 43F, Data: 80 40 60 FF 6F 38 A 0
ID: 545, Data: 8DC 1F 0 8C CC FF CC FF
ID: A1, Data: 880 81 82 80 22 0 0 0
ID: 316, Data: 845 20 39 A 20 23 0 78
ID: 153, Data: 80 0 0 FF 0 FF 0 0
ID: 2A0, Data: 840 0 84 1C 33 0 11 0
ID: 316, Data: 845 20 32 A 20 23 0 78
ID: 1F1, Data: 80 0 0 0 0 0 0 0
ID: 153, Data: 80 0 0 FF 0 FF 0 0
ID: 316, Data: 845 20 34 A 20 23 0 78
ID: 43F, Data: 80 40 60 FF 6E C A 0
ID: 545, Data: 8DC 1E 0 8C CC FF CC FF
ID: 43F, Data: 80 40 60 FF 6F 10 A 0
ID: 316, Data: 845 20 3D A 20 23 0 78
ID: 5F0, Data: 20 0
ID: 2A0, Data: 820 0 84 1C 33 0 11 0
ID: 280, Data: 830 0 84 B0 14 18 84 49
ID: A1, Data: 882 81 80 80 22 0 0 0
ID: 153, Data: 80 0 0 FF 0 FF 0 0
ID: 316, Data: 845 20 36 A 20 23 0 78
ID: 153, Data: 80 0 0 FF 0 FF 0 0
ID: 440, Data: 8FE 0 0 A0 FF AA AA AA
ID: 43F, Data: 80 40 60 FF 6F 10 A 0
ID: 316, Data: 845 1F 31 A 20 23 0 78
ID: 153, Data: 80 0 0 FF 0 FF 0 0
ID: 153, Data: 80 0 0 FF 0 FF 0 0
ID: 43F, Data: 80 40 60 FF 6E C A 0
ID: 545, Data: 8DC 1D 0 8B C8 FF C8 FF
ID: 260, Data: 8A 20 20 30 2C FF 71 1A
ID: 43F, Data: 80 40 60 FF 6E 4 A 0
ID: 316, Data: 845 1F 13 A 20 22 0 78
ID: 329, Data: 840 B0 80 8 12 2A 0 26
ID: 1F1, Data: 80 0 0 0 0 0 0 0
ID: 153, Data: 80 0 0 FF 0 FF 0 0
ID: 43F, Data: 80 40 60 FF 6E 0 A 0
ID: 545, Data: 8DC 1C 0 8C C8 FF C8 FF
ID: 2A0, Data: 840 0 84 1C 33 0 11 0
ID: 43F, Data: 80 40 60 FF 6F 0 A 0
ID: 153, Data: 80 0 0 FF 0 FF 0 0
ID: 43F, Data: 80 40 60 FF 6E F4 9 0
ID: 153, Data: 80 0 0 FF 0 FF 0 0
ID: 316, Data: 845 1F A A 20 22 0 78
ID: 5F0, Data: 20 0
ID: 153, Data: 80 0 0 FF 0 FF 0 0
ID: 316, Data: 845 20 FE 9 20 22 0 78
ID: 316, Data: 845 20 FA 9 20 22 0 78
ID: 316, Data: 845 1F F9 9 20 22 0 78
ID: A0, Data: 832 7C FA 9 0 23 2 0
ID: 370, Data: 8FF E0 F0 F0 FF FF FF FF
ID: 153, Data: 80 0 0 FF 0 FF 0 0
ID: 329, Data: 884 B0 80 8 12 2A 0 26
ID: 43F, Data: 80 40 60 FF 6E E8 9 0
ID: 545, Data: 8DC 1C 0 8C CE FF CE FF
ID: 370, Data: 8FF E0 F0 F0 FF FF FF FF
ID: 316, Data: 845 20 F9 9 20 22 0 78
ID: 43F, Data: 80 40 60 FF 6E E0 9 0
ID: 43F, Data: 80 40 60 FF 6F D8 9 0
ID: 440, Data: 8FE F0 0 A0 FF AA AA AA
ID: 153, Data: 80 0 0 FF 0 FF 0 0
ID: 316, Data: 845 20 1 A 20 22 0 78
ID: 153, Data: 80 0 0 FF 0 FF 0 0
ID: 316, Data: 845 20 2 A 20 22 0 78
ID: 43F, Data: 80 40 60 FF 6F E4 9 0
ID: 43F, Data: 80 40 60 FF 6F E4 9 0
ID: 370, Data: 8FF E0 F0 F0 FF FF FF FF
ID: 153, Data: 80 0 0 FF 0 FF 0 0
ID: 316, Data: 845 20 17 A 20 22 0 78
ID: A1, Data: 87B 81 7B 80 22 0 0 0
ID: 316, Data: 845 20 E A 20 22 0 78
ID: 316, Data: 845 1F 3 A 20 22 0 78
ID: 153, Data: 80 0 0 FF 0 FF 0 0
ID: 545, Data: 8DC 1C 0 8C CB FF CB FF
ID: 316, Data: 845 1F 12 A 20 22 0 78
ID: 316, Data: 845 1F A A 20 22 0 78
ID: 316, Data: 845 1F 10 A 20 22 0 78
ID: 153, Data: 80 0 0 FF 0 FF 0 0
ID: 18F, Data: 8AA 4C 0 0 0 0 0 0
ID: 316, Data: 845 1F F7 9 21 22 0 78
ID: 316, Data: 845 1F F5 9 21 22 0 78
ID: 545, Data: 8DC 1C 0 8C CC FF CC FF
ID: 153, Data: 80 0 0 FF 0 FF 0 0
ID: 316, Data: 845 1F FA 9 21 22 0 78
ID: 153, Data: 80 0 0 FF 0 FF 0 0
ID: 316, Data: 845 20 F8 9 20 22 0 78
ID: 316, Data: 845 20 B A 20 22 0 78
ID: 2A0, Data: 820 0 84 1C 33 0 11 0
ID: 153, Data: 80 0 0 FF 0 FF 0 0
ID: 153, Data: 80 0 0 FF 0 FF 0 0
ID: 43F, Data: 80 40 60 FF 6E D8 9 0
ID: 545, Data: 8DC 1B 0 8C D2 FF D2 FF
ID: 18F, Data: 8AA 4D 0 0 0 0 0 0
ID: 316, Data: 845 20 F9 9 20 22 0 78
ID: 5F0, Data: 20 0
ID: 316, Data: 845 20 2 A 20 22 0 78
ID: 153, Data: 80 0 0 FF 0 FF 0 0
ID: 316, Data: 845 20 1 A 20 22 0 78
ID: 316, Data: 845 20 3 A 20 22 0 78
ID: 316, Data: 845 20 1 A 21 22 0 78
ID: 260, Data: 8A 20 21 30 2C FF 75 15
ID: 43F, Data: 80 40 60 FF 6E E8 9 0
ID: 370, Data: 8FF E0 F0 F0 FF FF FF FF
ID: 316, Data: 845 20 F7 9 20 22 0 78
ID: 153, Data: 80 0 0 FF 0 FF 0 0
ID: 316, Data: 845 20 1 A 21 22 0 78
ID: 153, Data: 80 0 0 FF 0 FF 0 0
ID: 316, Data: 845 20 F A 20 22 0 78
ID: 153, Data: 80 0 0 FF 0 FF 0 0
ID: 316, Data: 845 20 13 A 20 22 0 78
ID: 43F, Data: 80 40 60 FF 6E EC 9 0
ID: 316, Data: 845 20 A A 20 22 0 78
ID: 2A0, Data: 8E0 0 84 1C 33 0 11 0
ID: 153, Data: 80 0 0 FF 0 FF 0 0
ID: 316, Data: 845 20 13 A 20 22 0 78
ID: 370, Data: 8FF E0 F0 F0 FF FF FF FF
ID: 153, Data: 80 0 0 FF 0 FF 0 0
ID: 153, Data: 80 0 0 FF 0 FF 0 0
ID: 545, Data: 8DC 1C 0 8C DF FF DF FF
ID: 370, Data: 8FF E0 F0 F0 FF FF FF FF
ID: 153, Data: 80 0 0 FF 0 FF 0 0
ID: 1F0, Data: 80 40 0 0 0 0 0 0
ID: 316, Data: 845 20 4B A 20 22 0 78
ID: 440, Data: 8FE A0 0 A0 FF AA AA AA
ID: 316, Data: 845 20 54 A 1F 22 0 78
ID: 18F, Data: 8AA 4D 0 0 0 0 0 0
ID: 153, Data: 80 0 0 FF 0 FF 0 0
ID: 153, Data: 80 0 0 FF 0 FF 0 0
ID: 280, Data: 830 0 84 B0 14 18 84 49
ID: 316, Data: 845 20 4C A 20 23 0 78
ID: 440, Data: 8FE A0 0 A0 FF AA AA AA
ID: 153, Data: 80 0 0 FF 0 FF 0 0
ID: 2A0, Data: 840 0 84 1C 33 0 11 0
ID: 316, Data: 845 1F 44 A 20 23 0 78
ID: 2A0, Data: 880 0 84 1C 33 0 11 0
ID: 153, Data: 80 0 0 FF 0 FF 0 0
ID: 153, Data: 80 0 0 FF 0 FF 0 0
ID: 153, Data: 80 0 0 FF 0 FF 0 0
ID: 18F, Data: 8AA 4E 0 0 0 0 0 0
ID: 316, Data: 845 20 34 A 20 22 0 78
ID: 153, Data: 80 0 0 FF 0 FF 0 0
ID: 2A0, Data: 8E0 0 84 1C 33 0 11 0
ID: 316, Data: 845 21 44 A 20 22 0 78
ID: 280, Data: 830 0 84 B0 14 19 84 4C
ID: 43F, Data: 80 40 60 FF 6F 30 A 0
ID: 43F, Data: 80 40 60 FF 6E 38 A 0
ID: 280, Data: 830 0 84 B0 14 19 84 4C
ID: 370, Data: 8FF E0 F0 F0 FF FF FF FF
ID: 5F0, Data: 20 0
ID: 43F, Data: 8F 47 60 FF 6F 60 A 0
ID: A1, Data: 87B 81 79 80 24 0 0 0
ID: 43F, Data: 80 46 60 FF 6F 60 A 0
ID: 43F, Data: 80 46 60 FF 6E 54 A 0
ID: 370, Data: 8FF E0 F0 FF FF FF FF FF
ID: 316, Data: 845 20 55 A 20 22 0 78
ID: 153, Data: 80 0 0 FF 0 FF 0 0
ID: 316, Data: 845 20 5B A 20 22 0 78
ID: 153, Data: 80 0 0 FF 0 FF 0 0
ID: 316, Data: 845 20 5A A 20 22 0 78
ID: 316, Data: 845 20 55 A 20 22 0 78
ID: 329, Data: 8B B0 80 8 12 2A 0 26
ID: 43F, Data: 80 46 60 FF 6E 3C A 0
ID: 153, Data: 80 0 0 FF 0 FF 0 0
ID: 316, Data: 845 20 5F A 20 22 0 78
ID: 153, Data: 80 0 0 FF 0 FF 0 0
ID: 153, Data: 80 0 0 FF 0 FF 0 0
ID: 316, Data: 845 21 88 A 1F 22 0 78
ID: 153, Data: 80 0 0 FF 0 FF 0 0
ID: 316, Data: 845 21 93 A 1F 22 0 78
ID: 43F, Data: 80 46 60 FF 6E 7C A 0
ID: 153, Data: 80 0 0 FF 0 FF 0 0
ID: 545, Data: 8DC 1F 0 8C E0 FF E0 FF
ID: 43F, Data: 80 46 60 FF 6E A4 A 0
ID: A0, Data: 82E 7C C9 A 0 23 2 0
ID: 153, Data: 80 0 0 FF 0 FF 0 0
ID: 153, Data: 80 0 0 FF 0 FF 0 0
ID: A1, Data: 880 81 82 80 24 0 0 0
ID: 280, Data: 830 0 84 B0 15 18 84 4B
ID: 2A0, Data: 8E0 0 84 1C 33 0 11 0
ID: 153, Data: 80 0 0 FF 0 FF 0 0
ID: 43F, Data: 80 46 60 FF 6E 70 A 0
ID: 153, Data: 80 0 0 FF 0 FF 0 0
ID: 153, Data: 80 0 0 FF 0 FF 0 0
ID: 316, Data: 845 20 BF A 1F 23 0 78
ID: 440, Data: 8FE 41 0 A0 FF AA AA AA
ID: 316, Data: 845 20 CF A 1F 23 0 78
ID: 2A0, Data: 880 0 84 1C 33 0 11 0
ID: 43F, Data: 89 45 60 FF 6F BC A 0
ID: 43F, Data: 89 45 60 FF 6E BC A 0
ID: 316, Data: 845 20 D1 A 1F 23 0 78
ID: 329, Data: 884 B0 80 8 11 2A 0 26
ID: 440, Data: 839 91 0 A0 FF AA AA AA
ID: 153, Data: 80 0 0 FF 0 FF 0 0
ID: 2A0, Data: 820 0 84 1C 33 0 11 0
ID: 316, Data: 845 20 AF A 31 23 0 78
ID: 2A0, Data: 8E0 0 84 1C 33 0 11 0
ID: 153, Data: 80 0 0 FF 0 FF 0 0
ID: 153, Data: 80 0 0 FF 0 FF 0 0
ID: 1F1, Data: 80 0 0 10 0 0 10 0
ID: A0, Data: 83D 7C B3 A 0 26 2 0
ID: 316, Data: 845 26 65 A 2E 22 0 78
ID: 316, Data: 845 27 4F A 2E 22 0 78
ID: A0, Data: 847 7C 65 A 0 27 2 0
ID: 43F, Data: 89 45 60 FF 6E D8 6 0
ID: 153, Data: 80 0 0 FF 0 FF 0 0
ID: 43F, Data: 89 45 60 FF 6E C8 5 0
ID: 153, Data: 80 0 0 FF 0 FF 0 0
ID: 316, Data: 845 33 54 A 43 21 0 78
ID: 153, Data: 80 0 0 FF 0 FF 0 0
ID: 153, Data: 80 0 0 FF 0 FF 0 0
ID: 316, Data: 845 36 A1 A 43 21 0 78
ID: 43F, Data: 89 45 60 FF 6E 90 1 0
ID: 316, Data: 845 37 E7 A 43 21 0 78
ID: 316, Data: 845 37 14 B 4B 21 0 78
ID: 260, Data: 8A 38 4F 30 2C FF 9F 3E
ID: 316, Data: 845 39 8D B 4F 21 0 78
ID: 329, Data: 884 B0 80 8 11 32 E 26
ID: A1, Data: 880 7F 80 80 30 0 0 0
ID: 316, Data: 845 3E 7E C 4F 21 0 78
ID: 440, Data: 8FE 91 0 A0 FF AA AA AA
ID: 280, Data: 830 0 88 B0 1A 27 83 6A
ID: 153, Data: 80 0 0 FF 0 FF 0 0
ID: 153, Data: 80 0 0 FF 0 FF 0 0
ID: 316, Data: 845 3F A9 E 4A 20 1 78
ID: 153, Data: 80 0 0 FF 0 FF 0 0
ID: 316, Data: 845 3F 7A F 49 20 1 78
ID: 153, Data: 80 0 0 FF 0 FF 0 0
ID: 316, Data: 845 3E 17 10 48 20 1 78
ID: 440, Data: 8C9 91 2 A0 FF AA AA AA
ID: A0, Data: 84B 7C 57 10 2 2C 2 0
ID: 316, Data: 845 3C B8 10 47 1F 2 78
ID: 1F1, Data: 80 0 19 90 1 19 A0 1
ID: 260, Data: 8A 3D 48 30 2C FF A2 1E
ID: 153, Data: 80 0 0 FF 0 FF 0 0
ID: 43F, Data: 81 45 60 FF 6E C4 7 0
ID: 43F, Data: 81 45 60 FF 6E 30 8 0
ID: 43F, Data: 81 45 60 FF 6E 9C 8 0
ID: 316, Data: 845 3C 36 11 47 1F 3 78
ID: 2A0, Data: 81 4 83 1C 33 0 11 0
ID: 153, Data: 80 0 0 FF 0 FF 0 0
ID: 316, Data: 845 3C 6B 11 46 1F 4 78
ID: 43F, Data: 81 45 60 FF 6E 74 A 0
ID: 316, Data: 845 3C 6F 11 46 1F 4 78
ID: 545, Data: 8DC 54 0 8C 5 2 5 2
ID: 153, Data: 80 0 0 FF 0 FF 0 0
ID: 316, Data: 845 3B 83 11 46 1F 5 78
ID: A1, Data: 884 7F 82 80 31 0 0 0
ID: 316, Data: 845 3B BB 11 46 1F 5 78
ID: 5F0, Data: 20 0
ID: A1, Data: 884 7F 82 80 32 0 0 0
ID: 260, Data: 8A 3C 46 30 2C FF BA 9
ID: A0, Data: 84C 7C 15 12 6 2D 2 0
ID: 43F, Data: 81 45 60 FF 6E EC D 0
ID: 153, Data: 80 0 0 FF 0 FF 0 0
ID: 43F, Data: 81 45 60 FF 6E 94 E 0
ID: 43F, Data: 81 45 60 FF 6E E4 E 0
ID: 153, Data: 80 0 0 FF 0 FF 0 0
ID: 316, Data: 845 3C 57 13 43 1E 7 78
ID: 153, Data: 80 0 0 FF 0 FF 0 0
ID: 18F, Data: 8AA 50 0 0 0 0 0 0
ID: 329, Data: 884 B0 80 8 11 36 F 26
ID: 5F0, Data: 20 0
ID: 2A0, Data: 8A1 7 83 1C 33 0 11 0
ID: 280, Data: 830 0 88 B0 28 25 83 6C
ID: A1, Data: 885 7F 84 80 33 0 0 0
ID: 153, Data: 80 0 0 FF 0 FF 0 0
ID: 370, Data: 8FF E0 F0 F0 FF FF FF FF
ID: 153, Data: 80 0 0 FF 0 FF 0 0
ID: 440, Data: 8FE 31 8 A0 FF AA AA AA
ID: 316, Data: 845 3A 1E 15 38 15 9 78
ID: 5F0, Data: 20 0
ID: 316, Data: 845 38 5E 15 2E 15 9 78
ID: 153, Data: 80 0 0 FF 0 FF 0 0
ID: 18F, Data: 8AA 50 0 0 0 0 0 0
ID: 329, Data: 840 B0 80 8 11 34 0 26
ID: 316, Data: 85 35 E1 15 13 15 9 78
ID: 260, Data: 8A 31 13 30 2C FF C2 10
ID: 43F, Data: 81 45 60 FF 6F B0 14 0
ID: 370, Data: 8FF E0 F0 F0 FF FF FF FF
ID: 18F, Data: 8AA 51 0 0 0 0 0 0
ID: 316, Data: 85 23 25 16 15 18 A 78
ID: 316, Data: 85 20 CF 15 16 18 A 78
ID: 316, Data: 85 1F 8D 15 16 18 A 78
ID: 43F, Data: 81 45 60 FF 6F B4 14 0
ID: 43F, Data: 81 45 60 FF 6F BC 14 0
ID: 153, Data: 80 0 0 FF 0 FF 0 0
ID: 43F, Data: 81 45 60 FF 6F C8 14 0
ID: 545, Data: 8DC 2B 0 8C F4 FF F4 FF
ID: 43F, Data: 81 45 60 FF 6F 68 14 0
ID: 316, Data: 85 15 B4 13 19 19 A 78
ID: 18F, Data: 8AA 4F 0 0 0 0 0 0
ID: 316, Data: 85 16 36 13 19 19 A 78
ID: 153, Data: 80 0 0 FF 0 FF 0 0
ID: 316, Data: 85 19 23 13 1D 19 A 78
ID: 153, Data: 80 0 0 FF 0 FF 0 0
ID: 153, Data: 80 0 0 FF 0 FF 0 0
ID: 316, Data: 85 1F F 14 1F 18 A 78
ID: 43F, Data: 81 45 60 FF 6F 38 14 0
ID: 43F, Data: 81 45 60 FF 6F 44 14 0
ID: 316, Data: 85 20 F6 14 1E 18 A 78
ID: 260, Data: 8A 20 1E 30 2C FF B8 21
ID: 316, Data: 85 20 4C 15 1D 18 A 78
ID: 316, Data: 85 20 6F 15 1E 18 A 78
ID: 43F, Data: 81 45 60 FF 6F E4 13 0
ID: 370, Data: 8FF E0 F0 F0 FF FF FF FF
ID: 316, Data: 85 1F CA 14 17 18 A 78
ID: 316, Data: 85 1F 73 14 17 18 A 78
ID: 316, Data: 85 1F 43 14 18 18 A 78
ID: 260, Data: 8A 1F 18 30 2C FF B6 1C
ID: 370, Data: 8FF E0 F0 F0 FF FF FF FF
ID: 316, Data: 85 1E B4 13 18 19 A 78
ID: 316, Data: 85 1D 96 13 19 19 A 78
ID: 316, Data: 85 1C 7E 13 19 19 A 78
ID: A0, Data: 81F 7C 7E 13 A 24 2 0
ID: 316, Data: 85 1A 52 13 19 19 A 78
ID: 153, Data: 80 0 0 FF 0 FF 0 0
ID: 316, Data: 85 19 7 13 19 19 9 78
ID: 43F, Data: 81 45 60 FF 6F DC 12 0
ID: 153, Data: 80 0 0 FF 0 FF 0 0
ID: 18F, Data: 8AA 4A 0 0 0 0 0 0
ID: 329, Data: 884 B0 80 8 12 2D 0 26
ID: 316, Data: 85 18 F4 11 1B 19 9 78
ID: 260, Data: 8A 18 1B 30 2C FF 77 22
ID: 370, Data: 8FF E0 F0 F0 FF FF FF FF
ID: 316, Data: 85 19 BB 11 1B 19 9 78
ID: 153, Data: 80 0 0 FF 0 FF 0 0
ID: 316, Data: 85 1A A6 11 1B 19 9 78
ID: 316, Data: 85 1A 9F 11 1B 19 9 78
ID: 316, Data: 85 1A A2 11 1B 19 8 78
ID: 43F, Data: 81 45 60 FF 6F 48 11 0
ID: 370, Data: 8FF E0 F0 F0 FF FF FF FF
ID: 316, Data: 85 1B 8F 11 1B 19 8 78
ID: 316, Data: 85 1B 68 11 1B 19 8 78
ID: 316, Data: 85 1B 32 11 1C 19 8 78
ID: 260, Data: 8A 1B 1C 30 2C FF 7A 2B
ID: 153, Data: 80 0 0 FF 0 FF 0 0
ID: 316, Data: 85 1C 38 10 1D 1A 8 78
ID: 440, Data: 8FE 41 7 A0 FF AA AA AA
ID: 545, Data: 8DC 23 0 8B 32 0 32 0
ID: 316, Data: 85 1D 7D F 1E 1A 7 78
ID: 316, Data: 85 1D 59 F 1F 1A 7 78
ID: 1F1, Data: 80 BB 38 90 3 38 90 3
ID: 2A0, Data: 880 4 83 1C 33 0 11 0
ID: 153, Data: 80 0 0 FF 0 FF 0 0
ID: 43F, Data: 81 45 60 FF 6F 44 D 0
ID: 153, Data: 80 0 0 FF 0 FF 0 0
ID: 153, Data: 80 0 0 FF 0 FF 0 0
ID: 153, Data: 80 0 0 FF 0 FF 0 0
ID: 370, Data: 8FF E0 F0 F0 FF FF FF FF
ID: 316, Data: 85 20 C3 D 1F 1A 6 78
ID: 153, Data: 80 0 0 FF 0 FF 0 0
ID: 153, Data: 80 0 0 FF 0 FF 0 0
ID: 43F, Data: 81 45 60 FF 6F 70 B 0
ID: A1, Data: 87B 80 77 7E 21 0 0 0
ID: 43F, Data: 81 45 60 FF 6F F0 A 0
ID: 153, Data: 80 0 0 FF 0 FF 0 0
ID: 43F, Data: 81 45 60 FF 6F 80 A 0
ID: 153, Data: 80 0 0 FF 0 FF 0 0
ID: 153, Data: 80 0 0 FF 0 FF 0 0
ID: 5F0, Data: 20 0
ID: A1, Data: 880 7E 80 7E 22 0 0 0
ID: 18F, Data: 8AA 47 0 0 0 0 0 0
ID: A1, Data: 880 7E 80 7E 22 0 0 0
ID: 329, Data: 884 AF 80 8 12 2C 0 26
ID: 545, Data: 8DC 1F 0 8C B5 0 B5 0
ID: 440, Data: 8FE 91 4 A0 FF AA AA AA
ID: 316, Data: 85 25 E7 A 25 1A 4 78
ID: 545, Data: 8DC 20 0 8B C9 0 C9 0
ID: 153, Data: 80 0 0 FF 0 FF 0 0
ID: 153, Data: 80 0 0 FF 0 FF 0 0
ID: A0, Data: 835 7C DA A 4 24 2 0
ID: 329, Data: 884 AF 80 8 12 2B 0 26
ID: 153, Data: 80 0 0 FF 0 FF 0 0
ID: 43F, Data: 81 45 60 FF 6F 10 7 0
ID: 545, Data: 8DC 20 0 8C D9 0 D9 0
ID: A0, Data: 835 7C EF A 4 24 2 0
ID: 43F, Data: 81 45 60 FF 6F 3C 7 0
ID: 43F, Data: 81 45 60 FF 6F 28 7 0
ID: 43F, Data: 81 45 60 FF 6F 4 7 0
ID: 153, Data: 80 0 0 FF 0 FF 0 0
ID: 316, Data: 85 26 C0 A 24 1A 3 78
ID: 153, Data: 80 0 0 FF 0 FF 0 0
ID: 316, Data: 85 26 BF A 24 1A 3 78
ID: 316, Data: 85 26 BF A 24 1A 3 78
ID: 153, Data: 80 0 0 FF 0 FF 0 0
ID: 316, Data: 85 26 AA A 24 1A 3 78
ID: 5F0, Data: 20 0
ID: 316, Data: 85 25 A7 A 24 1A 3 78
ID: 316, Data: 85 25 A1 A 24 1A 2 78
ID: 2A0, Data: 820 2 83 1C 33 0 11 0
ID: 153, Data: 80 0 0 FF 0 FF 0 0
ID: 43F, Data: 81 45 60 FF 6F 8C 3 0
ID: 153, Data: 80 0 0 FF 0 FF 0 0
ID: 153, Data: 80 0 0 FF 0 FF 0 0
ID: 153, Data: 80 0 0 FF 0 FF 0 0
ID: 280, Data: 830 0 84 AF 15 1B 83 4D
ID: 316, Data: 85 25 77 A 25 19 1 78
ID: 440, Data: 8B1 E1 1 A0 FF AA AA AA
ID: 153, Data: 80 0 0 FF 0 FF 0 0
ID: 316, Data: 85 25 70 A 25 19 1 78
ID: 153, Data: 80 0 0 FF 0 FF 0 0
ID: 316, Data: 85 25 7E A 25 19 1 78
ID: 43F, Data: 81 45 60 FF 6F 58 0 0
ID: 153, Data: 80 0 0 FF 0 FF 0 0
ID: 2A0, Data: 820 2 83 1C 33 0 11 0
ID: 316, Data: 85 25 92 A 24 19 1 78
ID: 2A0, Data: 8E0 2 83 1C 33 0 11 0
ID: 43F, Data: 81 45 60 FF 6F 0 0 0
ID: 43F, Data: 81 45 60 FF 6F 0 0 0
ID: 43F, Data: 81 45 60 FF 6F 0 0 0
ID: 153, Data: 80 0 0 FF 0 FF 0 0
ID: 43F, Data: 81 45 60 FF 6F 0 0 0
ID: 153, Data: 80 0 0 FF 0 FF 0 0
ID: 316, Data: 85 25 73 A 25 19 0 78
ID: A1, Data: 87A 7E 7A 7E 24 0 0 0
ID: 153, Data: 80 0 0 FF 0 FF 0 0
ID: 316, Data: 85 25 75 A 24 19 0 78
ID: 43F, Data: 81 45 60 FF 6F 0 0 0
ID: 370, Data: 8FF E0 F0 F0 FF FF FF FF
ID: 153, Data: 80 0 0 FF 0 FF 0 0
ID: 2A0, Data: 840 2 83 1C 33 0 11 0
ID: 316, Data: 85 25 69 A 24 19 0 78
ID: 2A0, Data: 880 2 83 1C 33 0 11 0
ID: 5F0, Data: 20 0
ID: 153, Data: 80 0 0 FF 0 FF 0 0
ID: 316, Data: 85 25 6E A 24 19 0 78
ID: 5F0, Data: 20 0
ID: 316, Data: 85 25 74 A 24 19 0 78
ID: 153, Data: 80 0 0 FF 0 FF 0 0
ID: 43F, Data: 81 45 60 FF 6F 0 0 0
ID: 153, Data: 80 0 0 FF 0 FF 0 0
ID: 153, Data: 80 0 0 FF 0 FF 0 0
ID: 18F, Data: 8AA 44 0 0 0 0 0 0
ID: 280, Data: 830 0 84 AF 14 1B 83 4D
ID: 316, Data: 85 25 6D A 24 19 0 78
ID: 43F, Data: 81 45 60 FF 6F 0 0 0
ID: 43F, Data: 81 45 60 FF 6F 0 0 0
ID: 43F, Data: 81 45 60 FF 6F 0 0 0
ID: 43F, Data: 81 45 60 FF 6F 0 0 0
ID: 43F, Data: 81 45 60 FF 6F 0 0 0
ID: 153, Data: 80 0 0 FF 0 FF 0 0
ID: 316, Data: 85 25 63 A 24 19 0 78
ID: 153, Data: 80 0 0 FF 0 FF 0 0
ID: 153, Data: 80 0 0 FF 0 FF 0 0
ID: 316, Data: 85 25 6E A 24 19 0 78
ID: 43F, Data: 81 45 60 FF 6F 0 0 0
ID: 440, Data: 8A6 41 0 A0 FF AA AA AA
ID: 43F, Data: 81 45 60 FF 6F 0 0 0
ID: 153, Data: 80 0 0 FF 0 FF 0 0
ID: 260, Data: 8A 25 24 30 2C FF 6C 8
ID: 153, Data: 80 0 0 FF 0 FF 0 0
ID: 370, Data: 8FF E0 F0 F0 FF FF FF FF
ID: 329, Data: 8ED AF 80 8 12 2B 0 26
ID: 5F0, Data: 20 0
ID: 316, Data: 85 24 55 A 24 19 0 78
ID: 316, Data: 85 24 60 A 24 19 0 78
ID: 545, Data: 8DC 1B 0 8C BE 0 BE 0
ID: 43F, Data: 81 45 60 FF 6F 0 0 0
ID: 43F, Data: 81 45 60 FF 6F 0 0 0
ID: 153, Data: 80 0 0 FF 0 FF 0 0
ID: 43F, Data: 81 45 60 FF 6F 0 0 0
ID: 153, Data: 80 0 0 FF 0 FF 0 0
ID: 153, Data: 80 0 0 FF 0 FF 0 0
ID: 260, Data: 8A 24 24 30 2C FF 6F 15
ID: 329, Data: 8B AF 80 8 12 2A 0 26
ID: 316, Data: 85 24 42 A 24 19 0 78
ID: 153, Data: 80 0 0 FF 0 FF 0 0
ID: 316, Data: 85 24 36 A 24 19 0 78
ID: 43F, Data: 81 45 60 FF 6F 0 0 0
ID: 153, Data: 80 0 0 FF 0 FF 0 0
ID: 316, Data: 85 24 36 A 24 19 0 78
ID: 153, Data: 80 0 0 FF 0 FF 0 0
ID: 316, Data: 85 24 35 A 24 19 0 78
ID: 316, Data: 85 24 34 A 24 19 0 78
ID: 316, Data: 85 24 34 A 24 19 0 78
ID: 329, Data: 840 AF 80 8 12 2B 0 26
ID: 43F, Data: 81 45 60 FF 6F 0 0 0
ID: 43F, Data: 81 45 60 FF 6F 0 0 0
ID: 1F1, Data: 80 DD 0 0 0 0 0 0
ID: 43F, Data: 81 45 60 FF 6F 0 0 0
ID: 153, Data: 80 0 0 FF 0 FF 0 0
ID: 153, Data: 80 0 0 FF 0 FF 0 0
ID: 260, Data: 8A 24 25 30 2C FF 73 1F
ID: 329, Data: 840 AF 80 8 12 2B 0 26
ID: 316, Data: 85 24 F0 9 25 19 0 78
ID: 316, Data: 85 24 F7 9 25 19 0 78
ID: 1F1, Data: 80 DD 0 0 0 0 0 0
ID: A0, Data: 835 7C F0 9 0 23 2 0
ID: 316, Data: 85 24 FD 9 25 19 0 78
ID: 43F, Data: 81 45 60 FF 6F 0 0 0
ID: 43F, Data: 81 45 60 FF 6F 0 0 0
ID: 153, Data: 80 0 0 FF 0 FF 0 0
ID: 545, Data: 8DC 18 0 8C C3 0 C3 0
ID: 153, Data: 80 0 0 FF 0 FF 0 0
ID: 316, Data: 85 24 E9 9 25 19 0 78
ID: 316, Data: 85 24 E9 9 25 19 0 78
ID: 280, Data: 830 0 84 AF 13 1B 83 4D
ID: A1, Data: 870 7E 70 7E 24 0 0 0
ID: 153, Data: 80 0 0 FF 0 FF 0 0
ID: 316, Data: 85 24 EB 9 25 19 0 78
ID: 153, Data: 80 0 0 FF 0 FF 0 0
ID: 316, Data: 85 24 EF 9 25 19 0 78
ID: 153, Data: 80 0 0 FF 0 FF 0 0
ID: 153, Data: 80 0 0 FF 0 FF 0 0
ID: 5F0, Data: 20 0
ID: 43F, Data: 81 45 60 FF 6F 0 0 0
ID: 260, Data: 8A 26 25 30 2C FF 75 C
ID: 43F, Data: 81 45 60 FF 6F 0 0 0
ID: 316, Data: 85 25 7 A 25 19 0 78
ID: 153, Data: 80 0 0 FF 0 FF 0 0
ID: 316, Data: 85 25 26 A 25 19 0 78
ID: 153, Data: 80 0 0 FF 0 FF 0 0
ID: 43F, Data: 81 45 60 FF 6F 0 0 0
ID: 43F, Data: 81 45 60 FF 6F 0 0 0
ID: 153, Data: 80 0 0 FF 0 FF 0 0
ID: 316, Data: 85 25 2E A 24 19 0 78
ID: 153, Data: 80 0 0 FF 0 FF 0 0
ID: 316, Data: 85 24 2C A 25 19 0 78
ID: 153, Data: 80 0 0 FF 0 FF 0 0
ID: 153, Data: 80 0 0 FF 0 FF 0 0
ID: 43F, Data: 81 45 60 FF 6F 0 0 0
ID: A0, Data: 834 7C 21 A 0 23 2 0
ID: 153, Data: 80 0 0 FF 0 FF 0 0
ID: A0, Data: 835 7C 1B A 0 23 2 0
ID: 316, Data: 85 24 2E A 25 19 0 78
ID: 316, Data: 85 24 2E A 25 19 0 78
ID: 545, Data: 8DC 1B 0 8C C0 0 C0 0
ID: A0, Data: 834 7C 28 A 0 23 2 0
ID: 153, Data: 80 0 0 FF 0 FF 0 0
ID: 5A1, Data: 880 3 90 23 30 30 30 0
ID: A0, Data: 834 7C 17 A 0 23 2 0
ID: 370, Data: 8FF E0 F0 F0 FF FF FF FF
ID: 1F1, Data: 80 DD 0 0 0 0 0 0
ID: 280, Data: 830 0 84 AF 14 1A 83 4D
ID: 43F, Data: 81 45 60 FF 6F 0 0 0
ID: 545, Data: 8DC 1B 0 8C BE 0 BE 0
ID: 2A0, Data: 8E0 0 83 1C 33 0 11 0
ID: 316, Data: 85 24 28 A 25 19 0 78
ID: 153, Data: 80 0 0 FF 0 FF 0 0
ID: 316, Data: 85 25 14 A 25 19 0 78
ID: 43F, Data: 81 45 60 FF 6F 0 0 0
ID: 316, Data: 85 25 23 A 25 19 0 78
ID: 43F, Data: 81 45 60 FF 6E 0 0 0
ID: 329, Data: 8B AF 80 8 12 2B 0 26
ID: 43F, Data: 81 45 60 FF 6E 0 0 0
ID: 43F, Data: 81 45 60 FF 6F 0 0 0
ID: 370, Data: 8FF E0 F0 F0 FF FF FF FF
ID: 43F, Data: 81 45 60 FF 6F 0 0 0
ID: 316, Data: 85 24 2A A 25 19 0 78
ID: 280, Data: 830 0 84 AF 14 1B 83 4E
ID: A1, Data: 876 7E 76 7E 25 0 0 0
ID: 153, Data: 80 0 0 FF 0 FF 0 0
ID: 316, Data: 85 24 39 A 24 19 0 78
ID: 153, Data: 80 0 0 FF 0 FF 0 0
ID: 316, Data: 85 24 41 A 24 19 0 78
ID: 153, Data: 80 0 0 FF 0 FF 0 0
ID: 316, Data: 85 24 42 A 24 19 0 78
ID: 153, Data: 80 0 0 FF 0 FF 0 0
ID: 43F, Data: 81 45 60 FF 6E 0 0 0
ID: 43F, Data: 81 45 60 FF 6E 0 0 0
ID: 153, Data: 80 0 0 FF 0 FF 0 0
ID: 316, Data: 85 24 13 A 25 19 0 78
ID: 153, Data: 80 0 0 FF 0 FF 0 0
ID: 316, Data: 85 24 E A 25 19 0 78
ID: 153, Data: 80 0 0 FF 0 FF 0 0
ID: 153, Data: 80 0 0 FF 0 FF 0 0
ID: 153, Data: 80 0 0 FF 0 FF 0 0
ID: 280, Data: 830 0 84 AF 14 1A 83 4D
ID: 316, Data: 85 24 1F A 25 19 0 78
ID: 153, Data: 80 0 0 FF 0 FF 0 0
ID: 43F, Data: 81 45 60 FF 6E 0 0 0
ID: 153, Data: 80 0 0 FF 0 FF 0 0
ID: 153, Data: 80 0 0 FF 0 FF 0 0
ID: 440, Data: 8A6 E1 0 A0 FF AA AA AA
ID: 316, Data: 85 24 E A 25 19 0 78
ID: 43F, Data: 81 45 60 FF 6F 0 0 0
ID: 153, Data: 80 0 0 FF 0 FF 0 0
ID: 370, Data: 8FF E0 F0 F0 FF FF FF FF
ID: 153, Data: 80 0 0 FF 0 FF 0 0
ID: 316, Data: 85 25 12 A 25 19 0 78
ID: 43F, Data: 81 45 60 FF 6E 0 0 0
ID: 43F, Data: 81 45 60 FF 6E 0 0 0
ID: 153, Data: 80 0 0 FF 0 FF 0 0
ID: 329, Data: 8ED AF 80 8 12 2B 0 26
ID: 153, Data: 80 0 0 FF 0 FF 0 0
ID: 260, Data: 8A 25 2F 30 2C FF 72 33
ID: 316, Data: 85 25 28 A 2F 22 0 78
ID: 43F, Data: 81 45 60 FF 6F 0 0 0
ID: 43F, Data: 81 45 60 FF 6F 0 0 0
ID: 153, Data: 80 0 0 FF 0 FF 0 0
ID: 316, Data: 85 28 7C A 2E 22 0 78
ID: 153, Data: 80 0 0 FF 0 FF 0 0
ID: 316, Data: 85 28 B4 A 2D 22 0 78
ID: 153, Data: 80 0 0 FF 0 FF 0 0
ID: 153, Data: 80 0 0 FF 0 FF 0 0
ID: 43F, Data: 81 45 60 FF 6E 0 0 0
ID: 18F, Data: 8AA 41 0 0 0 0 0 0
ID: 43F, Data: 81 45 60 FF 6E 0 0 0
ID: 2A0, Data: 880 0 83 1C 33 0 11 0
ID: 1F1, Data: 80 DD 0 0 0 0 0 0
ID: 153, Data: 80 0 0 FF 0 FF 0 0
ID: 329, Data: 8ED AF 80 8 12 2D 0 26
ID: 43F, Data: 81 45 60 FF 6E 0 0 0
ID: 440, Data: 8AD 41 0 A0 FF AA AA AA
ID: A0, Data: 844 7C F8 9 0 26 2 0
ID: 316, Data: 845 2D 20 A 2E 21 0 78
ID: 5F0, Data: 20 0
ID: 316, Data: 845 2D 54 A 2D 21 0 78
ID: 153, Data: 80 0 0 FF 0 FF 0 0
ID: 260, Data: 8A 2E 2D 30 2C FF 72 2D
ID: 316, Data: 845 2D 83 A 2C 21 0 78
ID: 43F, Data: 81 45 60 FF 6E 0 0 0
ID: 43F, Data: 81 45 60 FF 6F 0 0 0
ID: 153, Data: 80 0 0 FF 0 FF 0 0
ID: 316, Data: 845 2D B0 A 2B 22 0 78
ID: 153, Data: 80 0 0 FF 0 FF 0 0
ID: 316, Data: 845 2C AC A 2B 22 0 78
ID: 316, Data: 845 2C A9 A 2B 22 0 78
ID: 153, Data: 80 0 0 FF 0 FF 0 0
ID: 153, Data: 80 0 0 FF 0 FF 0 0
ID: 18F, Data: 8AA 46 0 0 0 0 0 0
ID: 316, Data: 845 2B 99 A 2B 22 0 78
ID: 370, Data: 8FF E0 F0 F0 FF FF FF FF
ID: 545, Data: 8DC 29 0 8B 9F 0 9F 0
ID: 316, Data: 845 2B 86 A 2C 22 0 78
ID: 153, Data: 80 0 0 FF 0 FF 0 0
ID: A1, Data: 883 83 83 82 29 0 0 0
ID: 329, Data: 8ED AF 80 8 12 2C 0 26
ID: 545, Data: 8DC 27 0 8B 9B 0 9B 0
ID: 153, Data: 80 0 0 FF 0 FF 0 0
ID: 153, Data: 80 0 0 FF 0 FF 0 0
ID: 1F0, Data: 821 40 1 C0 0 0 0 0
ID: 545, Data: 8DC 26 0 8B 9B 0 9B 0
ID: 2A0, Data: 880 0 83 1C 33 0 11 0
ID: 43F, Data: 81 45 60 FF 6F 0 0 0
ID: 153, Data: 80 0 0 FF 0 FF 0 0
ID: 440, Data: 8AE E1 0 A0 FF AA AA AA
ID: 43F, Data: 81 45 60 FF 6E 0 0 0
ID: 440, Data: 8AE E1 0 A0 FF AA AA AA
ID: 43F, Data: 81 45 60 FF 6F 0 0 0
ID: 260, Data: 8A 2C 2D 30 2C FF 6F 5
ID: 153, Data: 80 0 0 FF 0 FF 0 0
ID: 153, Data: 80 0 0 FF 0 FF 0 0
ID: 316, Data: 845 2B 6E A 2C 22 0 78
ID: 43F, Data: 81 45 60 FF 6E 68 1 0
ID: 370, Data: 8FF E0 F0 F0 FF FF FF FF
ID: 316, Data: 845 2B 90 A 2B 22 0 78
ID: 153, Data: 80 0 0 FF 0 FF 0 0
ID: 316, Data: 845 2B 85 A 2B 22 0 78
ID: 153, Data: 80 0 0 FF 0 FF 0 0
ID: 316, Data: 845 2B 70 A 2B 22 0 78
ID: 316, Data: 845 2B 77 A 2B 22 0 78
ID: 316, Data: 845 2A 74 A 2B 22 0 78
ID: 1F0, Data: 820 40 1 C0 0 0 0 0
ID: 153, Data: 80 0 0 FF 0 FF 0 0
ID: 316, Data: 845 2A 5C A 2C 22 1 78
ID: 153, Data: 80 0 0 FF 0 FF 0 0
ID: 153, Data: 80 0 0 FF 0 FF 0 0
ID: 316, Data: 845 2A 58 A 2C 22 1 78
ID: A1, Data: 883 83 83 82 29 0 0 0
ID: 316, Data: 845 2A 5A A 2C 22 1 78
ID: 1F0, Data: 820 40 1 C0 0 0 0 0
ID: 153, Data: 80 0 0 FF 0 FF 0 0
ID: 316, Data: 845 2B 51 A 2C 22 1 78
ID: 153, Data: 80 0 0 FF 0 FF 0 0
ID: 316, Data: 845 2B 63 A 2B 22 2 78
ID: 316, Data: 845 2A 65 A 2B 22 2 78
ID: 545, Data: 8DC 26 0 8D 9C 0 9C 0
ID: 153, Data: 80 0 0 FF 0 FF 0 0
ID: 5F0, Data: 20 0
ID: 43F, Data: 81 45 60 FF 6E 84 5 0
ID: 43F, Data: 81 45 60 FF 6F A0 5 0
ID: 316, Data: 845 34 B0 A 4A 22 2 78
ID: 1F0, Data: 821 40 1 C0 0 0 0 0
ID: 280, Data: 830 0 88 AF 15 22 83 5F
ID: 316, Data: 845 39 FA A 4A 21 2 78
ID: 153, Data: 80 0 0 FF 0 FF 0 0
ID: 316, Data: 845 3C 98 B 49 21 3 78
ID: 153, Data: 80 0 0 FF 0 FF 0 0
ID: 316, Data: 845 3E 45 C 47 21 3 78
ID: 316, Data: 845 3E 7A C 47 21 3 78
ID: 329, Data: 8B AF 80 8 11 31 B 26
ID: 153, Data: 80 0 0 FF 0 FF 0 0
ID: 153, Data: 80 0 0 FF 0 FF 0 0
ID: 1F1, Data: 80 EE 20 10 2 22 30 2
ID: 2A0, Data: 81 2 83 1C 33 0 11 0
ID: A0, Data: 849 7C 3E E 4 2A 2 0
ID: A0, Data: 849 7C 3E E 4 2A 2 0
ID: 43F, Data: 81 45 60 FF 6E D4 9 0
ID: A1, Data: 881 7F 81 80 30 0 0 0
ID: 43F, Data: 81 45 60 FF 6F 60 A 0
ID: 43F, Data: 81 45 60 FF 6F A4 A 0
ID: 43F, Data: 81 45 60 FF 6F 0 B 0
ID: 370, Data: 8FF E0 F0 F0 FF FF FF FF
ID: 43F, Data: 81 45 60 FF 6E A8 B 0
ID: 153, Data: 80 0 0 FF 0 FF 0 0
ID: 153, Data: 80 0 0 FF 0 FF 0 0
ID: 5F0, Data: 20 0
ID: 43F, Data: 81 45 60 FF 6F EC C 0
ID: 260, Data: 8A 3B 3F 30 2C FF A4 18
ID: 153, Data: 80 0 0 FF 0 FF 0 0
ID: 316, Data: 845 3A 5C 11 3E 1F 6 78
ID: 153, Data: 80 0 0 FF 0 FF 0 0
ID: 2A0, Data: 8C1 3 83 1C 33 0 11 0
ID: 316, Data: 845 39 BB 11 3E 1F 7 78
ID: 1F1, Data: 80 10 39 F0 3 3A 0 4
ID: 316, Data: 845 38 DB 11 3D 1F 7 78
ID: 153, Data: 80 0 0 FF 0 FF 0 0
ID: 545, Data: 8DC 4E 0 8C 96 1 96 1
ID: 316, Data: 845 36 50 12 3D 1F 8 78
ID: 280, Data: 830 0 88 B0 24 21 83 62
ID: 43F, Data: 81 45 60 FF 6F A4 10 0
ID: 316, Data: 845 37 D0 12 3C 1F 8 78
ID: A1, Data: 884 7F 84 80 2F 0 0 0
ID: 316, Data: 845 35 4E 13 3B 1F 8 78
ID: 153, Data: 80 0 0 FF 0 FF 0 0
ID: 153, Data: 80 0 0 FF 0 FF 0 0
ID: 545, Data: 8DC 52 0 8C 9A 1 9A 1
ID: 316, Data: 845 35 58 14 3A 1F 9 78
ID: 280, Data: 830 0 88 B0 29 21 83 61
ID: 153, Data: 80 0 0 FF 0 FF 0 0
ID: 316, Data: 845 34 3B 15 39 1F 9 78
ID: 1F1, Data: 80 22 4B 20 5 4D 40 5
ID: 260, Data: 8A 34 3A 30 2C FF C0 25
ID: 153, Data: 80 0 0 FF 0 FF 0 0
ID: 1F0, Data: 83F 40 1 C0 0 0 0 0
ID: 43F, Data: 81 45 60 FF 6F C0 14 0
ID: 153, Data: 80 0 0 FF 0 FF 0 0
ID: 43F, Data: 81 45 60 FF 6F 48 15 0
ID: 316, Data: 845 33 E8 16 39 1F A 78
ID: 280, Data: 830 0 88 B0 2E 1F 83 5D
ID: 316, Data: 845 34 8E 17 38 1F B 78
ID: 316, Data: 845 33 D6 17 38 1F B 78
ID: 43F, Data: 81 45 60 FF 6F C8 16 0
ID: 316, Data: 845 33 54 18 38 1F B 78
ID: 18F, Data: 8AA 4F 0 0 0 0 0 0
ID: 316, Data: 845 33 D8 18 38 1F C 78
ID: 370, Data: 8FF E0 F0 F0 FF FF FF FF
ID: 153, Data: 80 0 0 FF 0 FF 0 0
ID: 43F, Data: 8A 45 60 FF 6F 80 18 0
ID: 153, Data: 80 0 0 FF 0 FF 0 0
ID: 316, Data: 845 32 1C 1A 19 1F C 78
ID: 153, Data: 80 0 0 FF 0 FF 0 0
ID: 153, Data: 80 0 0 FF 0 FF 0 0
ID: 316, Data: 845 2D 74 1A 1A 20 D 78
ID: 370, Data: 8FF E0 F0 F0 FF FF FF FF
ID: 316, Data: 845 25 74 1A 1A 21 D 78
ID: 153, Data: 80 0 0 FF 0 FF 0 0
ID: 316, Data: 845 1F 36 1A 1B 22 D 78
ID: 316, Data: 845 1C A 1A 1B 22 D 78
ID: A0, Data: 823 7C F0 19 E 28 2 0
ID: 316, Data: 845 18 7A 19 1C 22 D 78
ID: 440, Data: 8FE E1 D A0 FF AA AA AA
ID: 280, Data: 830 0 84 B0 31 14 82 3D
ID: 316, Data: 845 18 C0 17 1D 22 D 78
ID: 316, Data: 845 1A 33 17 1D 21 E 78
ID: 153, Data: 80 0 0 FF 0 FF 0 0
ID: 316, Data: 845 1D 3F 16 1D 21 E 78
ID: 153, Data: 80 0 0 FF 0 FF 0 0
ID: 260, Data: 8A 1F 1E 30 2C FF 79 35
ID: 316, Data: 845 20 18 15 1E 21 E 78
ID: 153, Data: 80 0 0 FF 0 FF 0 0
ID: 316, Data: 845 22 73 14 1F 21 E 78
ID: 153, Data: 80 0 0 FF 0 FF 0 0
ID: 153, Data: 80 0 0 FF 0 FF 0 0
ID: 316, Data: 845 24 57 13 20 21 E 78
ID: 153, Data: 80 0 0 FF 0 FF 0 0
ID: 18F, Data: 8AA 50 0 0 0 0 0 0
ID: 316, Data: 845 24 5D 12 21 21 F 78
ID: 43F, Data: 8A 45 60 FF 6F A0 10 0
ID: 260, Data: 8A 26 22 30 2C FF 7F 32
ID: 153, Data: 80 0 0 FF 0 FF 0 0
ID: 316, Data: 845 26 87 11 22 21 F 78
ID: 153, Data: 80 0 0 FF 0 FF 0 0
ID: A1, Data: 883 80 81 7E 24 0 0 0
ID: 329, Data: 8B B0 80 8 12 30 0 26
ID: 153, Data: 80 0 0 FF 0 FF 0 0
ID: 153, Data: 80 0 0 FF 0 FF 0 0
ID: 280, Data: 830 0 84 B0 24 1C 82 4C
ID: 316, Data: 845 27 19 12 20 21 10 78
ID: 440, Data: 8FE 72 F A0 FF AA AA AA
ID: 316, Data: 845 26 37 12 20 21 10 78
ID: 153, Data: 80 0 0 FF 0 FF 0 0
ID: 316, Data: 845 25 2A 12 20 21 10 78
ID: 43F, Data: 82 45 60 FF 6F 44 11 0
ID: 153, Data: 80 0 0 FF 0 FF 0 0
ID: 153, Data: 80 0 0 FF 0 FF 0 0
ID: 1F1, Data: 80 DC 7A F0 7 79 20 8
ID: 43F, Data: 82 45 60 FF 6F 3C 11 0
ID: 43F, Data: 82 45 60 FF 6F 28 11 0
ID: 316, Data: 845 24 C3 11 20 21 10 78
ID: 545, Data: 8DC 33 0 8C 30 0 30 0
ID: 316, Data: 845 24 C7 11 20 21 10 78
ID: 316, Data: 845 24 B6 11 20 21 10 78
ID: 316, Data: 845 24 AE 11 20 21 10 78
ID: 545, Data: 8DC 31 0 8C 26 0 26 0
ID: 153, Data: 80 0 0 FF 0 FF 0 0
ID: 316, Data: 845 23 6B 11 20 21 10 78
ID: 153, Data: 80 0 0 FF 0 FF 0 0
ID: A0, Data: 82F 7C 6B 11 10 27 2 0
ID: 280, Data: 830 0 84 B0 22 1A 82 47
ID: A1, Data: 880 80 82 7E 22 0 0 0
ID: 370, Data: 8FF E0 F0 F0 FF FF FF FF
ID: 43F, Data: 82 45 60 FF 6F 18 10 0
ID: 153, Data: 80 0 0 FF 0 FF 0 0
ID: 316, Data: 845 23 A3 10 21 22 F 78
ID: 153, Data: 80 0 0 FF 0 FF 0 0
ID: 316, Data: 845 24 68 10 21 22 F 78
ID: 316, Data: 845 24 3F 10 22 22 F 78
ID: 545, Data: 8DC 2C 0 8C 21 0 21 0
ID: 43F, Data: 82 45 60 FF 6F 14 F 0
ID: 316, Data: 845 24 EF F 22 22 E 78
ID: 329, Data: 840 AF 80 8 12 2E 0 26
ID: 440, Data: 8FE 72 D A0 FF AA AA AA
ID: 153, Data: 80 0 0 FF 0 FF 0 0
ID: 2A0, Data: 8E0 3 82 1C 33 0 11 0
ID: 316, Data: 845 25 5F F 22 22 D 78
ID: 153, Data: 80 0 0 FF 0 FF 0 0
ID: 153, Data: 80 0 0 FF 0 FF 0 0
ID: 260, Data: 8A 24 1B 30 2C FF 7E 3D
ID: 329, Data: 840 AF 80 8 12 2C 0 26
ID: 153, Data: 80 0 0 FF 0 FF 0 0
ID: 316, Data: 845 21 13 E 1C 1A C 78
ID: 1F0, Data: 842 40 1 C0 0 0 0 0
ID: 153, Data: 80 0 0 FF 0 FF 0 0
ID: 316, Data: 845 20 3E D 1E 1A C 78
ID: 153, Data: 80 0 0 FF 0 FF 0 0
ID: 370, Data: 8FF E0 F0 F0 FF FF FF FF
ID: 316, Data: 85 21 AC C 20 1B B 78
ID: 440, Data: 8FE 72 A A0 FF AA AA AA
ID: 316, Data: 85 20 EF C 1F 1A B 78
ID: 329, Data: 884 AF 80 8 12 2B 0 26
ID: 18F, Data: 8AA 4D 0 0 0 0 0 0
ID: 153, Data: 80 0 0 FF 0 FF 0 0
ID: A1, Data: 87B 80 7B 7E 21 0 0 0
ID: 545, Data: 8DC 1C 0 8C 58 0 58 0
ID: 545, Data: 8DC 1A 0 8C 58 0 58 0
ID: 440, Data: 8FE 72 9 A0 FF AA AA AA
ID: 153, Data: 80 0 0 FF 0 FF 0 0
ID: 316, Data: 85 20 D0 B 21 1A 9 78
ID: 316, Data: 85 20 BC B 22 1A 9 78
ID: 316, Data: 85 21 A4 B 22 1A 9 78
ID: 18F, Data: 8AA 4B 0 0 0 0 0 0
ID: 153, Data: 80 0 0 FF 0 FF 0 0
ID: 370, Data: 8FF E0 F0 F0 FF FF FF FF
ID: 316, Data: 85 22 49 B 22 1A 8 78
ID: 153, Data: 80 0 0 FF 0 FF 0 0
ID: 316, Data: 85 23 22 B 23 1A 8 78
ID: 440, Data: 8FE 72 7 A0 FF AA AA AA
ID: 5F0, Data: 20 0
ID: A0, Data: 834 7C 9 B 8 24 2 0
ID: 2A0, Data: 820 2 82 1C 33 0 11 0
ID: 316, Data: 85 24 E9 A 23 1A 7 78
ID: 545, Data: 8DC 1B 0 8C B4 0 B4 0
ID: 153, Data: 80 0 0 FF 0 FF 0 0
ID: 153, Data: 80 0 0 FF 0 FF 0 0
ID: 1F0, Data: 80 40 1 C0 0 0 0 0
ID: 370, Data: 8FF E0 F0 F0 FF FF FF FF
ID: 316, Data: 85 24 AA A 24 1A 7 78
ID: 316, Data: 85 25 96 A 24 19 7 78
ID: 153, Data: 80 0 0 FF 0 FF 0 0
ID: 316, Data: 85 25 AD A 24 1A 7 78
ID: 370, Data: 8FF E0 F0 F0 FF FF FF FF
ID: 316, Data: 85 25 CF A 23 1A 7 78
ID: 153, Data: 80 0 0 FF 0 FF 0 0
ID: 153, Data: 80 0 0 FF 0 FF 0 0
ID: 440, Data: 8FE D2 7 A0 FF AA AA AA
ID: A0, Data: 833 7C D4 A 7 24 2 0
ID: 316, Data: 85 28 E1 A 33 1A 7 78
ID: 316, Data: 85 2E 3 B 47 19 7 78
ID: 153, Data: 80 0 0 FF 0 FF 0 0
ID: 316, Data: 85 31 65 B 4F 19 7 78
ID: 153, Data: 80 0 0 FF 0 FF 0 0
ID: 43F, Data: 82 45 60 FF 6F DC 8 0
ID: 1F0, Data: 8B2 3F 1 C0 0 0 0 0
ID: 153, Data: 80 0 0 FF 0 FF 0 0
ID: 316, Data: 85 3F 76 C 4D 18 7 78
ID: 153, Data: 80 0 0 FF 0 FF 0 0
ID: 316, Data: 85 41 B7 D 49 18 7 78
ID: 153, Data: 80 0 0 FF 0 FF 0 0
ID: 316, Data: 85 41 93 E 46 17 7 78
ID: 153, Data: 80 0 0 FF 0 FF 0 0
ID: 43F, Data: 82 45 60 FF 6F 80 9 0
ID: 43F, Data: 82 45 60 FF 6F B0 9 0
ID: 153, Data: 80 0 0 FF 0 FF 0 0
ID: 316, Data: 85 3F D5 10 40 16 7 78
ID: 316, Data: 85 3F 1B 11 40 16 8 78
ID: 316, Data: 85 3E 64 11 3F 16 8 78
ID: 153, Data: 80 0 0 FF 0 FF 0 0
ID: 370, Data: 8FF E0 F0 F0 FF FF FF FF
ID: 43F, Data: 82 45 60 FF 6F 84 A 0
ID: 329, Data: 884 AF 80 8 11 34 D 26
ID: 545, Data: 8DC 4F 0 8C 97 2 97 2
ID: 316, Data: 85 3A C 12 3E 16 8 78
ID: 153, Data: 80 0 0 FF 0 FF 0 0
ID: 316, Data: 85 39 19 12 3E 16 8 78
ID: 316, Data: 85 39 2A 12 3E 15 9 78
ID: 329, Data: 840 AF 80 8 11 34 D 26
ID: 43F, Data: 82 45 60 FF 6F C4 B 0
ID: 153, Data: 80 0 0 FF 0 FF 0 0
ID: 316, Data: 85 3A 1D 12 42 15 9 78
ID: 316, Data: 85 3B 1D 12 42 15 9 78
ID: 316, Data: 85 3C 37 12 42 15 9 78
ID: 153, Data: 80 0 0 FF 0 FF 0 0
ID: 43F, Data: 82 45 60 FF 6F 84 C 0
ID: 43F, Data: 82 45 60 FF 6F 30 D 0
ID: 1F1, Data: 80 CA 6B 70 5 64 80 4
ID: 153, Data: 80 0 0 FF 0 FF 0 0
ID: 329, Data: 884 AF 80 8 11 35 11 26
ID: 316, Data: 85 3C 36 13 43 15 9 78
ID: 153, Data: 80 0 0 FF 0 FF 0 0
ID: 440, Data: 8EF D2 B A0 FF AA AA AA
ID: 43F, Data: 82 45 60 FF 6F 8 D 0
ID: 316, Data: 85 3D B9 13 3C 15 A 78
ID: 370, Data: 8FF E0 F0 F0 FF FF FF FF
ID: 2A0, Data: 81 7 82 1C 33 0 11 0
ID: 316, Data: 85 3C 1E 14 3C 15 A 78
ID: 153, Data: 80 0 0 FF 0 FF 0 0
ID: A0, Data: 846 7C 3E 14 B 2D 2 0
ID: 316, Data: 85 3C 58 14 3D 15 A 78
ID: 280, Data: 830 0 88 AF 28 25 82 6C
ID: 153, Data: 80 0 0 FF 0 FF 0 0
ID: 153, Data: 80 0 0 FF 0 FF 0 0
ID: 316, Data: 85 3A 9E 14 3D 15 B 78
ID: 153, Data: 80 0 0 FF 0 FF 0 0
ID: 316, Data: 85 3A AE 14 40 15 B 78
ID: 153, Data: 80 0 0 FF 0 FF 0 0
ID: 316, Data: 85 3B C4 14 4A 15 C 78
ID: 316, Data: 85 3A CF 14 4B 15 C 78
ID: 316, Data: 85 3C E0 14 4B 15 C 78
ID: 1F1, Data: 80 E 7D A0 6 7D 90 6
ID: 1F1, Data: 80 E 7E B0 6 7D 90 6
ID: 153, Data: 80 0 0 FF 0 FF 0 0
ID: 316, Data: 85 41 99 15 4A 14 D 78
ID: 153, Data: 80 0 0 FF 0 FF 0 0
ID: 316, Data: 85 42 0 16 49 14 D 78
ID: 153, Data: 80 0 0 FF 0 FF 0 0
ID: 316, Data: 85 43 6B 16 48 14 D 78
ID: 43F, Data: 82 45 60 FF 6F 18 11 0
ID: 1F1, Data: 80 11 85 60 7 86 50 7
ID: A1, Data: 881 7F 81 80 38 0 0 0
ID: 153, Data: 80 0 0 FF 0 FF 0 0
ID: 316, Data: 85 44 2C 17 4D 14 E 78
ID: 43F, Data: 82 45 60 FF 6F FC 11 0
ID: 153, Data: 80 0 0 FF 0 FF 0 0
ID: 329, Data: 8ED AF 80 8 11 3B 1E 26
ID: 370, Data: 8FF DE F0 F0 FF FF FF FF
ID: 18F, Data: 8AA 42 0 0 0 0 0 0
ID: 316, Data: 85 4A 73 18 4D 13 F 78
ID: 153, Data: 80 0 0 FF 0 FF 0 0
ID: 316, Data: 85 4A C0 18 4C 13 10 78
ID: 1F0, Data: 8C8 3F 1 C0 0 0 0 0
ID: 280, Data: 830 0 88 AF 32 2D 82 7D
ID: 260, Data: 8A 4A 4F 30 2C FF C1 36
ID: 153, Data: 80 0 0 FF 0 FF 0 0
ID: 545, Data: 8DC 82 0 8C D7 3 D7 3
ID: 316, Data: 85 4B 82 19 51 13 11 78
ID: 280, Data: 830 0 88 AF 33 2E 82 7F
ID: 153, Data: 80 0 0 FF 0 FF 0 0
ID: 316, Data: 85 4C F0 19 51 13 12 78
ID: 440, Data: 8FE 22 13 A0 FF AA AA AA
ID: A1, Data: 880 7B 80 7E 3D 0 0 0
ID: 153, Data: 80 0 0 FF 0 FF 0 0
ID: 316, Data: 85 4D CF 1A 52 13 13 78
ID: 153, Data: 80 0 0 FF 0 FF 0 0
ID: 2A0, Data: 8C1 11 82 1C 33 0 11 0
ID: 316, Data: 85 4D 48 1B 52 13 13 78
ID: 545, Data: 8DC 9E 0 8C 6 4 6 4
ID: 43F, Data: 82 45 60 FF 6F 5C 17 0
ID: 153, Data: 80 0 0 FF 0 FF 0 0
ID: 316, Data: 85 4D EE 1B 51 13 14 78
ID: 316, Data: 85 4D 2 1C 51 13 14 78
ID: 18F, Data: 8AA 40 0 0 0 0 0 0
ID: 43F, Data: 82 45 60 FF 6F 78 18 0
ID: 43F, Data: 82 45 60 FF 6F A8 18 0
ID: 43F, Data: 82 45 60 FF 6F D4 18 0
ID: 370, Data: 8FF DD F0 F0 FF FF FF FF
ID: 18F, Data: 8AA 40 0 0 0 0 0 0
ID: 316, Data: 85 4D D1 1C 56 13 16 78
ID: 153, Data: 80 0 0 FF 0 FF 0 0
ID: 260, Data: 8A 50 58 30 2C FF C0 9
ID: 316, Data: 85 51 69 1D 57 13 17 78
ID: 18F, Data: 8AA 40 0 0 0 0 0 0
ID: 316, Data: 85 53 13 1E 56 13 17 78
ID: 153, Data: 80 0 0 FF 0 FF 0 0
ID: 316, Data: 85 54 70 1E 56 13 17 78
ID: 316, Data: 85 54 A0 1E 56 13 18 78
ID: 18F, Data: 8AA 3F 0 0 0 0 0 0
ID: 370, Data: 8FF DD F0 F0 FF FF FF FF
ID: 153, Data: 80 0 0 FF 0 FF 0 0
ID: 280, Data: 830 0 88 AF 3E 34 82 84
ID: 316, Data: 85 55 8B 1F 55 13 19 78
ID: 370, Data: 8FF DD F0 F0 FF FF FF FF
ID: 316, Data: 85 54 E5 1F 54 13 19 78
ID: 153, Data: 80 0 0 FF 0 FF 0 0
ID: 43F, Data: 8B 45 60 FF 6F 5C 1D 0
ID: 43F, Data: 8B 45 60 FF 6F 90 1D 0
ID: 316, Data: 85 52 BB 20 54 13 1A 78
ID: 153, Data: 80 0 0 FF 0 FF 0 0
ID: 316, Data: 85 52 E 21 53 13 1A 78
ID: 316, Data: 85 52 1C 21 53 13 1A 78
ID: 316, Data: 85 52 55 21 53 13 1B 78
ID: 153, Data: 80 0 0 FF 0 FF 0 0
ID: 316, Data: 85 52 C8 21 53 13 1B 78
ID: 153, Data: 80 0 0 FF 0 FF 0 0
ID: 1F0, Data: 81 40 1 C0 0 0 0 0
ID: 316, Data: 85 4A A9 22 52 13 1C 78
ID: 153, Data: 80 0 0 FF 0 FF 0 0
ID: 280, Data: 830 0 88 AF 46 30 82 7F
ID: 316, Data: 85 4C 55 23 51 14 1C 78
ID: 43F, Data: 8B 45 60 FF 6F F0 1F 0
ID: 316, Data: 85 44 8A 22 52 13 1C 78
ID: 2A0, Data: 861 1B 82 1C 33 0 11 0
ID: 316, Data: 85 37 38 21 53 13 1D 78
ID: 316, Data: 85 37 6A 20 56 13 1D 78
ID: 43F, Data: 8B 45 60 3A 6F BC 1C 0
ID: 43F, Data: 8B 45 60 3B 6F FC 1B 0
ID: 43F, Data: 8B 45 60 3D 6F 64 1B 0
ID: 153, Data: 80 0 0 FF 0 FF 0 0
ID: 316, Data: 85 3E B7 1D 59 13 1D 78
ID: 153, Data: 80 0 0 FF 0 FF 0 0
ID: 329, Data: 8ED AF 80 8 11 43 29 26
ID: 316, Data: 85 42 D1 1C 5A 12 1E 78
ID: 18F, Data: 8AA 3D 0 0 0 0 0 0
ID: 316, Data: 85 44 73 1C 5B 12 1E 78
ID: 153, Data: 80 0 0 FF 0 FF 0 0
ID: 316, Data: 85 5C 73 1C 5E 12 1E 78
ID: 316, Data: 85 5B E6 1C 5E 12 1F 78
ID: A0, Data: 86B 7C 2B 1C 1F 39 2 0
ID: 43F, Data: 8B 45 60 FF 6F E4 16 0
ID: 370, Data: 8FF DD F0 F0 FF FF FF FF
ID: 2A0, Data: 861 1E 81 1C 33 0 11 0
ID: 316, Data: 85 59 48 1D 5D 13 1F 78
ID: 260, Data: 8A 5A 5E 30 2C FF B4 24
ID: 43F, Data: 8B 45 60 FF 6F 80 17 0
ID: 280, Data: 830 0 88 AF 3A 37 81 8A
ID: 153, Data: 80 0 0 FF 0 FF 0 0
ID: 316, Data: 85 5B 69 1D 62 12 20 78
ID: 153, Data: 80 0 0 FF 0 FF 0 0
ID: 545, Data: 8DC C7 0 8C 23 5 23 5
ID: 316, Data: 85 5D AC 1D 66 12 21 78
ID: 153, Data: 80 0 0 FF 0 FF 0 0
ID: 43F, Data: 83 45 60 FF 6F 90 18 0
ID: 153, Data: 80 0 0 FF 0 FF 0 0
ID: 316, Data: 85 65 13 1E 66 12 22 78
ID: 153, Data: 80 0 0 FF 0 FF 0 0
ID: 316, Data: 85 66 A1 1D 66 12 22 78
ID: 316, Data: 85 66 5E 1D 66 12 22 78
ID: 280, Data: 830 0 88 AF 3A 3F 81 94
ID: 43F, Data: 83 45 60 FF 6F 5C 19 0
ID: 545, Data: 8DC E1 0 8C E7 5 E7 5
ID: 153, Data: 80 0 0 FF 0 FF 0 0
ID: 316, Data: 85 67 DC 1C 67 12 23 78
ID: 153, Data: 80 0 0 FF 0 FF 0 0
ID: 316, Data: 85 66 F1 1C 68 12 23 78
ID: 153, Data: 80 0 0 FF 0 FF 0 0
ID: 280, Data: 830 0 88 AF 39 3E 81 93
ID: 316, Data: 85 64 F1 1C 62 12 24 78
ID: 153, Data: 80 0 0 FF 0 FF 0 0
ID: 316, Data: 85 63 1C 1D 62 12 24 78
ID: 153, Data: 80 0 0 FF 0 FF 0 0
ID: 1F1, Data: 80 88 28 A1 12 2C B1 12
ID: 316, Data: 85 61 27 1D 61 12 25 78
ID: 43F, Data: 83 45 60 FF 6F 40 1B 0
ID: 43F, Data: 83 45 60 FF 6F 5C 1B 0
ID: 545, Data: 8DC D5 0 8C 5A 5 5A 5
ID: 153, Data: 80 0 0 FF 0 FF 0 0
ID: 316, Data: 85 5F 7F 1D 61 12 26 78
ID: 153, Data: 80 0 0 FF 0 FF 0 0
ID: 316, Data: 85 5F A1 1D 61 12 26 78
ID: 440, Data: 8FE B3 26 A0 FF AA AA AA
ID: 2A0, Data: 81 24 81 1C 33 0 11 0
ID: 316, Data: 85 5F E5 1D 61 12 27 78
ID: 316, Data: 85 5E FC 1D 61 12 27 78
ID: 43F, Data: 84C 45 60 FF 6F 98 1C 0
ID: 316, Data: 85 5F C3 1D 5A 12 27 78
ID: 153, Data: 80 0 0 FF 0 FF 0 0
ID: 43F, Data: 84C 45 60 FF 6F FC 1C 0
ID: 153, Data: 80 0 0 FF 0 FF 0 0
ID: 316, Data: 85 5B 65 1E 54 12 28 78
ID: 316, Data: 85 59 70 1E 52 13 28 78
ID: A1, Data: 885 7B 80 7E 41 0 0 0
ID: 316, Data: 85 56 59 1E 51 13 28 78
ID: 370, Data: 8FF DD F0 F0 FF FF FF FF
ID: 18F, Data: 8AA 3B 0 0 0 0 0 0
ID: 316, Data: 85 53 7C 1E 51 13 29 78
ID: 153, Data: 80 0 0 FF 0 FF 0 0
ID: 280, Data: 830 0 88 AF 3D 32 81 82
ID: 316, Data: 85 51 94 1E 51 13 29 78
ID: 43F, Data: 84C 45 60 FF 6F 7C 1D 0
ID: 43F, Data: 84C 45 60 42 6F E0 1C 0
ID: 18F, Data: 8AA 3A 0 0 0 0 0 0
ID: 153, Data: 80 0 0 FF 0 FF 0 0
ID: 316, Data: 85 40 68 1C 4B 13 2A 78
ID: 43F, Data: 84C 45 60 42 6F 84 19 0
ID: 316, Data: 85 40 23 1B 4B 13 2A 78
ID: 18F, Data: 8AA 3A 0 0 0 0 0 0
ID: 43F, Data: 84C 45 60 4D 6F 3C 17 0
ID: 153, Data: 80 0 0 FF 0 FF 0 0
ID: 316, Data: 85 50 A1 18 4E 13 2A 78
ID: 316, Data: 85 52 5C 18 4E 13 2A 78
ID: 260, Data: 8A 53 4F 30 2C FF AF 21
ID: 440, Data: 8FE B3 2A A0 FF AA AA AA
ID: 280, Data: 830 0 88 AF 2F 33 81 86
ID: 153, Data: 80 0 0 FF 0 FF 0 0
ID: 545, Data: 8DC 8A 0 8C 68 4 68 4
ID: 316, Data: 85 50 FB 17 43 13 2B 78
ID: 545, Data: 8DC 85 0 8D 11 4 11 4
ID: 370, Data: 8FF DD F0 F0 FF FF FF FF
ID: 1F1, Data: 80 11 56 61 15 60 1 16
ID: A1, Data: 884 7B 7D 7E 3D 0 0 0
ID: 316, Data: 85 45 91 18 43 14 2B 78
ID: 153, Data: 80 0 0 FF 0 FF 0 0
ID: 153, Data: 80 0 0 FF 0 FF 0 0
ID: 316, Data: 85 43 36 18 44 14 2C 78
ID: 316, Data: 85 43 36 18 45 14 2C 78
ID: A1, Data: 883 7B 7C 7E 39 0 0 0
ID: 153, Data: 80 0 0 FF 0 FF 0 0
ID: 5F0, Data: 20 0
ID: 153, Data: 80 0 0 FF 0 FF 0 0
ID: 43F, Data: 844 45 60 FF 6F 4 18 0
ID: 153, Data: 80 0 0 FF 0 FF 0 0
ID: 43F, Data: 844 45 60 FF 6F 8 18 0
ID: 153, Data: 80 0 0 FF 0 FF 0 0
ID: 153, Data: 80 0 0 FF 0 FF 0 0
ID: 316, Data: 85 45 0 19 46 14 2C 78
ID: 43F, Data: 844 45 60 FF 6F 38 18 0
ID: 316, Data: 85 45 0 19 46 14 2C 78
ID: 545, Data: 8DC 73 0 8D 6B 3 6B 3
ID: 43F, Data: 844 45 60 FF 6F 3C 18 0
ID: 43F, Data: 844 45 60 FF 6F 58 18 0
ID: 280, Data: 830 0 88 AF 32 2A 81 7A
ID: 316, Data: 85 45 40 19 46 14 2D 78
ID: 316, Data: 85 45 40 19 46 14 2D 78
ID: 43F, Data: 844 45 60 FF 6F 78 18 0
ID: 316, Data: 85 45 28 19 4B 14 2D 78
ID: 153, Data: 80 0 0 FF 0 FF 0 0
ID: 153, Data: 80 0 0 FF 0 FF 0 0
ID: 316, Data: 85 44 61 19 4D 14 2D 78
ID: 153, Data: 80 0 0 FF 0 FF 0 0
ID: 316, Data: 85 48 8A 19 50 13 2D 78
ID: 153, Data: 80 0 0 FF 0 FF 0 0
ID: 1F1, Data: 80 22 67 61 16 72 11 17
ID: 316, Data: 85 4B BD 19 50 13 2D 78
ID: 153, Data: 80 0 0 FF 0 FF 0 0
ID: 316, Data: 85 4E D6 19 51 13 2E 78
ID: 153, Data: 80 0 0 FF 0 FF 0 0
ID: 329, Data: 8ED AF 80 8 11 3F 1F 26
ID: 316, Data: 85 51 E8 19 5A 1D 2E 78
ID: 153, Data: 80 0 0 FF 0 FF 0 0
ID: 43F, Data: 844 45 60 FF 6F 3C 19 0
ID: 153, Data: 80 0 0 FF 0 FF 0 0
ID: 316, Data: 85 58 E1 1A 58 1C 2E 78
ID: 316, Data: 85 58 EA 1A 58 1C 2E 78
ID: 43F, Data: 844 45 60 FF 6F 58 19 0
ID: 316, Data: 85 59 98 1A 59 1C 2E 78
ID: 260, Data: 8A 5A 59 30 2C FF B2 3A
ID: 153, Data: 80 0 0 FF 0 FF 0 0
ID: 2A0, Data: 8C1 20 80 1C 33 0 11 0
ID: 316, Data: 845 5B 7D 1A 59 1C 2F 78
ID: 260, Data: 8A 5B 5A 30 2C FF B0 D
ID: 316, Data: 845 5B 24 1A 5A 1C 2F 78
ID: 260, Data: 8A 5C 5A 30 2C FF AE 3C
ID: 316, Data: 845 5C 74 1A 59 1C 2F 78
ID: A0, Data: 867 7B 6B 1A 30 38 2 0
ID: 153, Data: 80 0 0 FF 0 FF 0 0
ID: 316, Data: 845 5B D8 1A 59 1C 2F 78
ID: 1F0, Data: 80 40 1 C0 0 0 0 0
ID: 43F, Data: 844 45 60 FF 6F 1C 1A 0
ID: 260, Data: 8A 5A 5A 30 2C FF B1 D
ID: 153, Data: 80 0 0 FF 0 FF 0 0
ID: 316, Data: 845 5A EA 1A 59 1C 30 78
ID: 316, Data: 845 59 EA 1A 59 1C 30 78
ID: 43F, Data: 844 45 60 FF 6F 50 1A 0
ID: 316, Data: 845 5A 23 1B 59 1C 30 78
ID: 153, Data: 80 0 0 FF 0 FF 0 0
ID: 316, Data: 845 58 35 1B 59 1C 30 78
ID: 316, Data: 845 59 2C 1B 5D 1C 31 78
ID: 43F, Data: 84D 45 60 FF 6F A4 1A 0
ID: 316, Data: 845 5D 52 1B 64 1C 31 78
ID: 153, Data: 80 0 0 FF 0 FF 0 0
ID: 153, Data: 80 0 0 FF 0 FF 0 0
ID: 316, Data: 845 60 2 1C 63 1C 31 78
ID: 153, Data: 80 0 0 FF 0 FF 0 0
ID: 280, Data: 830 0 88 AF 37 3C 80 92
ID: 316, Data: 845 61 EE 1B 55 1C 32 78
ID: 43F, Data: 84D 45 60 FF 6F 10 1B 0
ID: 316, Data: 845 5F 2B 1C 55 1C 32 78
ID: 153, Data: 80 0 0 FF 0 FF 0 0
ID: 316, Data: 845 5A EE 1B 55 1C 32 78
ID: 316, Data: 845 4A BD 1B 58 1C 32 78
ID: 43F, Data: 84D 45 60 47 6F 80 19 0
ID: 316, Data: 845 46 59 1A 5D 1C 32 78
ID: 153, Data: 80 0 0 FF 0 FF 0 0
ID: 153, Data: 80 0 0 FF 0 FF 0 0
ID: 316, Data: 845 46 45 18 68 1C 32 78
ID: 153, Data: 80 0 0 FF 0 FF 0 0
ID: 2A0, Data: 8A1 20 80 1C 33 0 11 0
ID: 316, Data: 845 50 A 17 76 1B 33 78
ID: 545, Data: 8DC C7 0 8C E4 3 F8 5
ID: 5F0, Data: 20 0
ID: 316, Data: 845 75 65 16 79 1A 33 78
ID: 316, Data: 845 76 AC 16 78 1A 33 78
ID: 153, Data: 80 0 0 FF 0 FF 0 0
ID: 329, Data: 884 AF 80 8 11 47 30 26
ID: 316, Data: 845 7D DB 16 79 1A 33 78
ID: 18F, Data: 8AA 3E 0 0 0 0 0 0
ID: 316, Data: 845 7C 6B 16 79 1B 33 78
ID: 153, Data: 80 0 0 FF 0 FF 0 0
ID: 260, Data: 8A 7C 7C 30 2C FF 85 22
ID: 329, Data: 840 AF 80 8 11 46 34 26
ID: 153, Data: 80 0 0 FF 0 FF 0 0
ID: 316, Data: 845 7C CE 16 8B 1B 34 78
ID: 153, Data: 80 0 0 FF 0 FF 0 0
ID: 43F, Data: 845 45 60 FF 6F C0 15 0
ID: 2A0, Data: 8A1 24 80 1C 33 0 11 0
ID: 43F, Data: 845 45 60 FF 6F F0 15 0
ID: 43F, Data: 845 45 60 FF 6F DC 15 0
ID: A1, Data: 880 7B 7E 7E 55 0 0 0
ID: 153, Data: 80 0 0 FF 0 FF 0 0
ID: 316, Data: 845 71 48 17 19 1B 35 78
ID: 153, Data: 80 0 0 FF 0 FF 0 0
ID: 153, Data: 80 0 0 FF 0 FF 0 0
ID: 280, Data: 830 0 88 AF 2D 30 80 77
ID: 316, Data: 845 47 65 16 1D 1E 35 78
ID: 153, Data: 80 0 0 FF 0 FF 0 0
ID: 1F1, Data: 80 55 A8 61 1A B4 41 1B
ID: 316, Data: 845 34 4B 16 1F 1F 36 78
ID: 18F, Data: 8AA 41 0 0 0 0 0 0
ID: 153, Data: 80 0 0 FF 0 FF 0 0
ID: 43F, Data: 845 45 60 FF 6F 14 16 0
ID: 5F0, Data: 20 0
ID: 43F, Data: 845 45 60 FF 6F 14 16 0
ID: 153, Data: 80 0 0 FF 0 FF 0 0
ID: A0, Data: 831 7B 78 16 36 2E 2 0
ID: 316, Data: 845 30 45 16 56 21 36 78
ID: 260, Data: 8A 36 59 30 2C FF 9D A
ID: 316, Data: 845 3F 2C 17 58 1F 36 78
ID: 545, Data: 8DC 5E 0 8D 7E 2 7E 2
ID: 316, Data: 845 45 2F 18 59 1E 36 78
ID: 316, Data: 845 49 7A 18 59 1E 36 78
ID: 153, Data: 80 0 0 FF 0 FF 0 0
ID: 280, Data: 830 0 88 AF 31 30 80 81
ID: 316, Data: 845 50 30 19 5A 1D 36 78
ID: 43F, Data: 845 45 60 FF 6F 38 16 0
ID: 316, Data: 845 55 BD 19 5A 1C 36 78
ID: 153, Data: 80 0 0 FF 0 FF 0 0
ID: 5F0, Data: 20 0
ID: 316, Data: 845 59 98 1A 60 1C 36 78
ID: 43F, Data: 845 45 60 FF 6F 60 16 0
ID: 153, Data: 80 0 0 FF 0 FF 0 0
ID: 153, Data: 80 0 0 FF 0 FF 0 0
ID: 316, Data: 845 66 10 19 68 1B 36 78
ID: 43F, Data: 845 45 60 FF 6F 7C 16 0
ID: 316, Data: 845 6A D0 18 68 1B 36 78
ID: 153, Data: 80 0 0 FF 0 FF 0 0
ID: 153, Data: 80 0 0 FF 0 FF 0 0
ID: 316, Data: 845 6C E0 18 70 1B 36 78
ID: 153, Data: 80 0 0 FF 0 FF 0 0
ID: 2A0, Data: 81 1F 7F 1C 33 0 11 0
ID: 316, Data: 845 6C D0 18 73 1B 37 78
ID: 545, Data: 8DC CB 0 8D D5 5 D5 5
ID: 316, Data: 845 72 D0 18 79 1A 37 78
ID: 316, Data: 845 74 0 19 7B 1A 37 78
ID: 316, Data: 845 79 30 19 7D 1A 37 78
ID: 316, Data: 845 7D 40 19 7F 1A 37 78
ID: 153, Data: 80 0 0 FF 0 FF 0 0
ID: 260, Data: 8A 7F 81 30 2C FF 88 35
ID: 316, Data: 845 7E 10 19 81 1A 37 78
ID: 153, Data: 80 0 0 FF 0 FF 0 0
ID: 316, Data: 845 7F 8 19 81 1A 37 78
ID: 153, Data: 80 0 0 FF 0 FF 0 0
ID: A1, Data: 880 7B 7D 7E 50 0 0 0
ID: 329, Data: 8ED AF 80 8 11 4B 33 26
ID: 316, Data: 845 80 18 19 81 1A 38 78
ID: 43F, Data: 845 45 60 FF 6F 34 17 0
ID: 2A0, Data: 8C1 22 7F 1C 33 0 11 0
ID: 316, Data: 845 82 F8 18 81 1A 38 78
ID: 316, Data: 845 82 0 19 81 1A 38 78
ID: 43F, Data: 845 45 60 FF 6F 5C 17 0
ID: 316, Data: 845 82 8 19 81 1A 39 78
ID: 153, Data: 80 0 0 FF 0 FF 0 0
ID: 153, Data: 80 0 0 FF 0 FF 0 0
ID: 316, Data: 845 82 28 19 81 1A 39 78
ID: 153, Data: 80 0 0 FF 0 FF 0 0
ID: 280, Data: 830 0 88 AF 32 51 7F AC
ID: 316, Data: 845 81 E8 18 82 1A 39 78
ID: A0, Data: 89B 7C 8 19 3A 41 2 0
ID: 43F, Data: 845 45 60 FF 6F BC 17 0
ID: 43F, Data: 845 45 60 FF 6F F8 17 0
ID: 440, Data: 8E8 D5 3A A0 FF AA AA AA
ID: 316, Data: 845 81 8 19 73 1A 3A 78
ID: 43F, Data: 845 45 60 FF 6F 1C 18 0
ID: 316, Data: 845 7C 20 19 74 1A 3A 78
ID: 153, Data: 80 0 0 FF 0 FF 0 0
ID: 316, Data: 845 72 D0 18 2E 1A 3A 78
ID: 316, Data: 845 6A D0 18 18 1B 3A 78
ID: 43F, Data: 845 45 60 FF 6F C 18 0
ID: 316, Data: 845 51 E0 18 1A 1D 3B 78
ID: 153, Data: 80 0 0 FF 0 FF 0 0
ID: 316, Data: 845 45 20 18 1B 1E 3B 78
ID: 316, Data: 845 3E 18 18 1C 1F 3B 78
ID: 43F, Data: 845 45 60 FF 6F 2C 18 0
ID: 153, Data: 80 0 0 FF 0 FF 0 0
ID: 153, Data: 80 0 0 FF 0 FF 0 0
ID: 2A0, Data: 820 21 7F 1C 33 0 11 0
ID: 370, Data: 8FF E0 F0 F0 FF FF FF FF
ID: 260, Data: 8A 24 1E 30 2C FF 9E 38
ID: 153, Data: 80 0 0 FF 0 FF 0 0
ID: 153, Data: 80 0 0 FF 0 FF 0 0
ID: 316, Data: 845 1D 5C 18 1F 22 3B 78
ID: 316, Data: 845 1B 11 18 1F 22 3B 78
ID: 153, Data: 80 0 0 FF 0 FF 0 0
ID: 329, Data: 884 AF 80 8 11 33 0 26
ID: 5F0, Data: 20 0
ID: 260, Data: 8A 1F 20 30 2C FF 6A 14
ID: 316, Data: 845 1F E8 16 20 21 3B 79
ID: 153, Data: 80 0 0 FF 0 FF 0 0
ID: 2A0, Data: 8E0 1C 7F 1C 33 0 11 0
ID: 316, Data: 845 21 DB 16 20 21 3A 79
ID: 18F, Data: 8AA 43 0 0 0 0 0 0
ID: 316, Data: 845 22 25 17 1F 21 3A 79
ID: 153, Data: 80 0 0 FF 0 FF 0 0
ID: 18F, Data: 8AA 43 0 0 0 0 0 0
ID: 329, Data: 8ED AF 80 8 11 33 0 26
ID: 153, Data: 80 0 0 FF 0 FF 0 0
ID: 260, Data: 8A 23 20 30 2C FF 60 A
ID: 316, Data: 845 23 2C 17 1F 21 3A 79
ID: A1, Data: 87A 80 72 7E 22 0 0 0
ID: 316, Data: 845 22 3 17 1F 21 3A 79
ID: 153, Data: 80 0 0 FF 0 FF 0 0
ID: 316, Data: 845 22 F6 16 20 21 3A 79
ID: 545, Data: 8DC 41 0 8D 12 0 12 0
ID: 316, Data: 84D 22 9F 16 20 21 3A 79
ID: 316, Data: 84D 22 78 16 20 21 39 79
ID: 43F, Data: 845 45 60 FF 6F 70 17 0
ID: 260, Data: 80 22 21 30 2C FF 50 14
ID: 316, Data: 84D 1C 6 16 21 21 39 79
ID: 280, Data: 830 0 20 AF 2B 1A 7F 46
ID: 440, Data: 8EF 25 39 A0 FF AA AA AA
ID: 316, Data: 84D 1D 58 15 21 21 39 79
ID: 5F0, Data: 20 0
ID: 440, Data: 8EF 75 38 A0 FF AA AA AA
ID: 1F1, Data: 80 55 C2 1 1C CA B1 1C
ID: 316, Data: 84D 18 88 14 22 21 39 79
ID: 316, Data: 84D 19 73 14 22 21 39 79
ID: 316, Data: 84D 13 63 14 22 21 39 79
ID: 18F, Data: 8AA 42 0 0 0 0 0 0
ID: 153, Data: 80 0 0 FF 0 FF 0 0
ID: 43F, Data: 845 45 60 FF 6F C 17 0
ID: 153, Data: 80 0 0 FF 0 FF 0 0
ID: 5F0, Data: 20 0
ID: 153, Data: 80 0 0 FF 0 FF 0 0
ID: 43F, Data: 845 45 60 FF 6F E4 16 0
ID: 18F, Data: 8AA 41 0 0 0 0 0 0
ID: 153, Data: 80 0 0 FF 0 FF 0 0
ID: 316, Data: 84D 5 7F 16 20 21 38 79
ID: 260, Data: 80 5 21 30 2C FF 4F 33
ID: 316, Data: 84D 5 5F 16 20 21 38 79
ID: 329, Data: 8ED AF 80 8 11 31 0 26
ID: 43F, Data: 845 45 60 FF 6F AC 16 0
ID: 43F, Data: 845 45 60 FF 6F A0 16 0
ID: A0, Data: 82F 7C 78 16 38 29 4 0
ID: 316, Data: 84D 0 72 16 20 21 37 79
ID: 316, Data: 84D 0 6B 16 20 21 37 79
ID: 43F, Data: 845 45 60 FF 6F 8C 16 0
ID: 316, Data: 84D 0 4B 16 20 21 37 79
ID: 153, Data: 80 0 0 FF 0 FF 0 0
ID: 153, Data: 80 0 0 FF 0 FF 0 0
ID: 316, Data: 84D 0 E1 15 21 21 37 79
ID: 153, Data: 80 0 0 FF 0 FF 0 0
ID: 316, Data: 84D 0 AB 15 21 21 36 79
ID: 153, Data: 80 0 0 FF 0 FF 0 0
ID: 316, Data: 84D 0 81 15 21 21 36 79
ID: 316, Data: 84D 0 7B 15 21 21 36 79
ID: 153, Data: 80 0 0 FF 0 FF 0 0
ID: 5F0, Data: 20 0
ID: 153, Data: 80 0 0 FF 0 FF 0 0
ID: 43F, Data: 845 45 60 FF 6F 8 16 0
ID: 18F, Data: 8AA 41 0 0 0 0 0 0
ID: 316, Data: 84D 0 58 15 21 21 36 79
ID: 153, Data: 80 0 0 FF 0 FF 0 0
ID: 153, Data: 80 0 0 FF 0 FF 0 0
ID: 316, Data: 84D 0 29 15 21 21 35 79
ID: 153, Data: 80 0 0 FF 0 FF 0 0
ID: 316, Data: 84D 0 13 15 21 21 35 79
ID: 316, Data: 84D 0 7 15 21 21 35 79
ID: 2A0, Data: 820 C 7E 1C 33 0 11 0
ID: 316, Data: 84D 0 FC 14 21 21 35 79
ID: 153, Data: 80 0 0 FF 0 FF 0 0
ID: 2A0, Data: 820 B 7E 1C 33 0 11 0
ID: 316, Data: 84D 0 E6 14 21 21 35 79
ID: 329, Data: 8ED AF 80 8 11 31 0 26
ID: 43F, Data: 845 45 60 FF 6F 94 15 0
ID: 440, Data: 8EF D5 34 A0 FF AA AA AA
ID: 5F0, Data: 20 0
ID: 316, Data: 84D 0 CF 14 21 21 34 79
ID: 43F, Data: 845 45 60 FF 70 5C 15 0
ID: A1, Data: 880 80 80 7E 23 0 0 0
ID: 153, Data: 80 0 0 FF 0 FF 0 0
ID: 316, Data: 84D 0 A3 14 22 21 34 79
ID: 153, Data: 80 0 0 FF 0 FF 0 0
ID: 1F0, Data: 82 40 1 C0 0 0 0 0
ID: 316, Data: 84D 0 78 14 22 21 34 79
ID: 43F, Data: 845 45 60 FF 6F 28 15 0
ID: 260, Data: 80 0 22 30 2C FF 4F 19
ID: 153, Data: 80 0 0 FF 0 FF 0 0
ID: 153, Data: 80 0 0 FF 0 FF 0 0
ID: 316, Data: 84D 0 5D 14 22 21 33 79
ID: 153, Data: 80 0 0 FF 0 FF 0 0
ID: 316, Data: 84D 0 4D 14 22 21 33 79
ID: 153, Data: 80 0 0 FF 0 FF 0 0
ID: A0, Data: 834 7C 58 14 34 29 4 0
ID: 329, Data: 8B B0 80 8 11 31 0 26
ID: 18F, Data: 8AA 41 0 0 0 0 0 0
ID: 316, Data: 84D 0 FA 13 22 21 33 79
ID: A0, Data: 834 7C EB 13 33 29 4 0
ID: 316, Data: 84D 0 DC 13 22 20 32 79
ID: 316, Data: 84D 0 D7 13 22 20 32 79
ID: 5F0, Data: 20 0
ID: 43F, Data: 845 45 60 FF 6F 88 14 0
ID: 153, Data: 80 0 0 FF 0 FF 0 0
ID: 260, Data: 80 0 23 30 2C FF 4F 36
ID: 316, Data: 84D 0 AF 13 22 20 32 79
ID: 153, Data: 80 0 0 FF 0 FF 0 0
ID: 316, Data: 84D 0 9B 13 23 20 32 79
ID: 153, Data: 80 0 0 FF 0 FF 0 0
ID: 316, Data: 84D 0 79 13 23 20 32 79
ID: 153, Data: 80 0 0 FF 0 FF 0 0
ID: A0, Data: 834 7C 66 13 32 29 4 0
ID: 329, Data: 8B B0 80 8 11 31 0 26
ID: A0, Data: 834 7C 66 13 32 29 4 0
ID: 316, Data: 84D 0 36 13 23 20 31 79
ID: 153, Data: 80 0 0 FF 0 FF 0 0
ID: 280, Data: 830 0 20 B0 26 1D 7E 4F
ID: 316, Data: 84D 0 1E 13 23 20 31 79
ID: 43F, Data: 845 45 60 FF 6F C8 13 0
ID: 316, Data: 84D 0 1A 13 23 20 30 79
ID: A1, Data: 880 80 80 7E 25 0 0 0
ID: 5F0, Data: 20 0
ID: 316, Data: 84D 0 F5 12 23 20 30 79
ID: 43F, Data: 845 45 60 FF 6F 78 13 0
ID: 440, Data: 8EE 75 2F A0 FF AA AA AA
ID: 153, Data: 80 0 0 FF 0 FF 0 0
ID: 18F, Data: 8AA 41 0 0 0 0 0 0
ID: 316, Data: 84D 0 61 12 24 21 2F 79
ID: 316, Data: 84D 0 43 12 24 21 2F 79
ID: A1, Data: 880 80 80 7E 25 0 0 0
ID: 5F0, Data: 20 0
ID: 316, Data: 84D 0 DB 11 25 21 2E 79
ID: 43F, Data: 845 45 60 FF 6F 90 12 0
ID: 260, Data: 80 0 25 30 2C FF 4F 25
ID: 153, Data: 80 0 0 FF 0 FF 0 0
ID: 316, Data: 84D 0 87 11 25 21 2D 79
ID: 316, Data: 84D 0 83 11 25 21 2D 79
ID: 18F, Data: 8AA 41 0 0 0 0 0 0
ID: 43F, Data: 84C 45 60 FF 6F 8 12 0
ID: 5F0, Data: 20 0
ID: 316, Data: 84D 0 50 11 25 21 2C 79
ID: 153, Data: 80 0 0 FF 0 FF 0 0
ID: 1F1, Data: 80 BB 55 41 15 5C C1 15
ID: 316, Data: 84D 0 50 11 25 21 2B 79
ID: 153, Data: 80 0 0 FF 0 FF 0 0
ID: 316, Data: 84D 0 58 11 25 21 2B 79
ID: 153, Data: 80 0 0 FF 0 FF 0 0
ID: 316, Data: 84D 0 A6 11 24 21 2A 79
ID: 316, Data: 84D 0 CF 11 24 21 2A 79
ID: 43F, Data: 84C 45 60 FF 6F A0 14 0
ID: 43F, Data: 84C 45 60 FF 6F E4 14 0
ID: 18F, Data: 8AA 41 0 0 0 0 0 0
ID: 153, Data: 80 0 0 FF 0 FF 0 0
ID: 316, Data: 84D 0 6A 13 22 20 29 79
ID: 43F, Data: 84C 45 60 FF 6F A0 15 0
ID: 316, Data: 84D 0 F5 13 21 20 28 79
ID: A1, Data: 880 80 80 7E 24 0 0 0
ID: 153, Data: 80 0 0 FF 0 FF 0 0
ID: 316, Data: 84D 0 58 14 20 21 28 79
ID: 153, Data: 80 0 0 FF 0 FF 0 0
ID: 316, Data: 84D 0 38 14 20 21 27 79
ID: 316, Data: 84D 0 14 14 21 21 27 79
ID: 18F, Data: 8AA 41 0 0 0 0 0 0
ID: 43F, Data: 84C 45 60 FF 6F 74 14 0
ID: 5F0, Data: 20 0
ID: 43F, Data: 84C 45 60 FF 6F 2C 14 0
ID: 316, Data: 84D 0 36 13 23 21 26 79
ID: 43F, Data: 84C 45 60 FF 6F E4 13 0
ID: 316, Data: 84D 0 DE 12 23 20 25 79
ID: 370, Data: 8FF E0 F0 F0 FF FF FF FF
ID: 316, Data: 84D 0 73 12 24 21 24 79
ID: 153, Data: 80 0 0 FF 0 FF 0 0
ID: 43F, Data: 844 45 60 FF 6F 14 13 0
ID: 43F, Data: 844 45 60 FF 6F E0 12 0
ID: 329, Data: 840 B0 80 8 12 31 0 26
ID: 316, Data: 84D 0 50 11 25 21 23 79
ID: 316, Data: 84D 0 36 11 25 21 23 79
ID: 43F, Data: 84B 45 60 FF 6F 38 12 0
ID: 43F, Data: 84B 45 60 FF 6F EC 11 0
ID: 2A0, Data: 880 3 7E 1C 33 0 11 0
ID: 153, Data: 80 0 0 FF 0 FF 0 0
ID: 316, Data: 84D 0 9C 10 25 21 21 79
ID: 153, Data: 80 0 0 FF 0 FF 0 0
ID: 545, Data: 8DC B 0 8C 2B FE 2B FE
ID: 316, Data: 845 E D 10 26 21 20 79
ID: 18F, Data: 8AA 43 0 0 0 0 0 0
ID: 5F0, Data: 20 0
ID: A0, Data: 840 7C AC F 20 28 2 0
ID: 153, Data: 80 0 0 FF 0 FF 0 0
ID: A1, Data: 880 80 80 7E 29 0 0 0
ID: 2A0, Data: 840 3 7E 1C 33 0 11 0
ID: 18F, Data: 8AA 43 0 0 0 0 0 0
ID: A1, Data: 880 80 80 7E 29 0 0 0
ID: 260, Data: 8A 2F 2D 30 2C FF 4F 13
ID: 18F, Data: 8AA 43 0 0 0 0 0 0
ID: 316, Data: 845 2F 96 D 29 22 1E 79
ID: 43F, Data: 84B 45 60 FF 6F 90 11 0
ID: 316, Data: 845 2C 99 E 27 22 1D 79
ID: 153, Data: 80 0 0 FF 0 FF 0 0
ID: 153, Data: 80 0 0 FF 0 FF 0 0
ID: 316, Data: 845 28 5D 10 24 21 1D 79
ID: 153, Data: 80 0 0 FF 0 FF 0 0
ID: 329, Data: 884 B0 80 8 12 2F 0 26
ID: 316, Data: 845 24 AA 11 22 21 1C 79
ID: 2A0, Data: 840 2 7E 1C 33 0 11 0
ID: 43F, Data: 8B 45 60 FF 6F 88 13 0
ID: 43F, Data: 8B 45 60 FF 6F 74 13 0
ID: 2A0, Data: 840 2 7E 1C 33 0 11 0
ID: 316, Data: 845 23 EF 11 22 21 1B 79
ID: 153, Data: 80 0 0 FF 0 FF 0 0
ID: 5F0, Data: 20 0
ID: 260, Data: 8A 25 23 30 2C FF 4F 35
ID: 545, Data: 8DC 43 0 8C 3F 0 3F 0
ID: 440, Data: 8FE E4 1A A0 FF AA AA AA
ID: 316, Data: 845 26 80 10 23 21 1A 79
ID: 153, Data: 80 0 0 FF 0 FF 0 0
ID: 316, Data: 845 27 35 10 24 21 1A 79
ID: 316, Data: 845 27 E2 F 24 21 19 79
ID: 43F, Data: 83 45 60 FF 6F C4 11 0
ID: 153, Data: 80 0 0 FF 0 FF 0 0
ID: 545, Data: 8DC 40 0 8C 7E 0 7E 0
ID: 316, Data: 845 29 C5 F 23 22 18 79
ID: 280, Data: 830 0 84 B0 1F 1D 7E 4F
ID: 153, Data: 80 0 0 FF 0 FF 0 0
ID: 153, Data: 80 0 0 FF 0 FF 0 0
ID: 316, Data: 845 27 62 F 24 22 17 79
ID: 153, Data: 80 0 0 FF 0 FF 0 0
ID: 329, Data: 884 B0 80 8 12 2F 0 26
ID: 316, Data: 845 26 D6 E 24 22 16 79
ID: 2A0, Data: 8E0 2 7E 1C 33 0 11 0
ID: 5F0, Data: 20 0
ID: 153, Data: 80 0 0 FF 0 FF 0 0
ID: 43F, Data: 83 45 60 FF 6F CC E 0
ID: 5F0, Data: 20 0
ID: 43F, Data: 83 45 60 FF 6F 5C E 0
ID: 153, Data: 80 0 0 FF 0 FF 0 0
ID: 316, Data: 845 28 EB C 27 23 14 79
ID: 43F, Data: 83 45 60 FF 6F DC D 0
ID: 545, Data: 8DC 34 0 8C 6E 0 6E 0
ID: 18F, Data: 8AA 44 0 0 0 0 0 0
ID: 153, Data: 80 0 0 FF 0 FF 0 0
ID: 43F, Data: 83 45 60 FF 6F F4 C 0
ID: 280, Data: 830 0 84 B0 19 1D 7E 51
ID: A1, Data: 88A 80 8A 7E 26 0 0 0
ID: 440, Data: 8FE C3 11 A0 FF AA AA AA
ID: 43F, Data: 83 45 60 FF 6F 38 C 0
ID: 153, Data: 80 0 0 FF 0 FF 0 0
ID: 153, Data: 80 0 0 FF 0 FF 0 0
ID: 440, Data: 8FE C3 10 A0 FF AA AA AA
ID: 260, Data: 8A 29 28 30 2C FF 59 13
ID: 316, Data: 845 29 31 C 28 23 10 79
ID: 18F, Data: 8AA 45 0 0 0 0 0 0
ID: 153, Data: 80 0 0 FF 0 FF 0 0
ID: 316, Data: 845 29 9D B 2A 22 F 79
ID: A1, Data: 897 80 8A 7E 27 0 0 0
ID: 153, Data: 80 0 0 FF 0 FF 0 0
ID: 316, Data: 845 2B F7 A 2B 22 E 79
ID: 153, Data: 80 0 0 FF 0 FF 0 0
ID: 316, Data: 845 2C B7 A 2C 22 D 79
ID: 440, Data: 8FE C3 C A0 FF AA AA AA
ID: 316, Data: 845 2C 6A A 24 19 D 79
ID: 153, Data: 80 0 0 FF 0 FF 0 0
ID: 5F0, Data: 20 0
ID: 316, Data: 845 2B 3C A 25 19 C 79
ID: 43F, Data: 8A 45 60 FF 6F C8 7 0
ID: 43F, Data: 8A 45 60 FF 6F 90 7 0
ID: 316, Data: 845 2A 31 A 25 19 B 79
ID: 280, Data: 830 0 84 B0 14 1E 7E 55
ID: 440, Data: 8FA B3 9 A0 FF AA AA AA
ID: 153, Data: 80 0 0 FF 0 FF 0 0
ID: 1F1, Data: 80 44 44 50 4 46 70 4
ID: 2A0, Data: 820 1 7E 1C 33 0 11 0
ID: 153, Data: 80 0 0 FF 0 FF 0 0
ID: 316, Data: 85 28 F8 A 23 19 8 79
ID: A0, Data: 839 7C 5A A A 24 2 0
ID: 316, Data: 85 27 2F B 22 19 8 79
ID: 153, Data: 80 0 0 FF 0 FF 0 0
ID: 316, Data: 85 26 3A B 22 1A 7 79
ID: 43F, Data: 82 45 60 FF 6F 28 7 0
ID: 43F, Data: 82 45 60 FF 6F D0 6 0
ID: 440, Data: 8EA 72 6 A0 FF AA AA AA
ID: 316, Data: 85 25 EC A 23 1A 6 79
ID: 316, Data: 85 25 C6 A 23 1A 6 79
ID: 316, Data: 85 25 BA A 24 19 6 79
ID: 153, Data: 80 0 0 FF 0 FF 0 0
ID: 316, Data: 85 25 9C A 24 19 5 79
ID: 316, Data: 85 25 9A A 24 19 5 79
ID: 316, Data: 85 26 89 A 24 19 5 79
ID: 18F, Data: 8AA 44 0 0 0 0 0 0
ID: 153, Data: 80 0 0 FF 0 FF 0 0
ID: 260, Data: 8A 26 25 30 2C FF 63 2D
ID: 316, Data: 85 26 4F A 24 19 4 79
ID: 316, Data: 85 26 66 A 24 19 3 79
ID: 316, Data: 85 26 65 A 24 19 3 79
ID: 153, Data: 80 0 0 FF 0 FF 0 0
ID: 316, Data: 85 26 77 A 24 19 3 79
ID: 153, Data: 80 0 0 FF 0 FF 0 0
ID: 316, Data: 85 26 82 A 24 19 2 79
ID: 43F, Data: 82 45 60 FF 6F 1C 2 0
ID: 316, Data: 85 26 85 A 24 19 2 79
ID: 260, Data: 8A 26 24 30 2C FF 65 1D
ID: 440, Data: 8B1 72 1 A0 FF AA AA AA
ID: 316, Data: 85 26 71 A 24 19 2 79
ID: 153, Data: 80 0 0 FF 0 FF 0 0
ID: 43F, Data: 89 45 60 FF 6F 8 1 0
ID: A1, Data: 895 7E 98 7E 26 0 0 0
ID: 153, Data: 80 0 0 FF 0 FF 0 0
ID: 153, Data: 80 0 0 FF 0 FF 0 0
ID: 260, Data: 8A 26 24 30 2C FF 69 28
ID: 316, Data: 85 26 75 A 24 19 1 79
ID: 440, Data: 8A6 72 0 A0 FF AA AA AA
ID: 153, Data: 80 0 0 FF 0 FF 0 0
ID: 280, Data: 830 0 84 B0 15 1C 7E 50
ID: 316, Data: 85 26 99 A 23 19 0 79
ID: 153, Data: 80 0 0 FF 0 FF 0 0
ID: 316, Data: 85 25 8C A 23 19 0 79
ID: A0, Data: 839 7C 92 A 1 24 2 0
ID: 316, Data: 85 25 7F A 23 19 0 79
ID: 440, Data: 8A6 72 0 A0 FF AA AA AA
ID: 316, Data: 85 25 83 A 23 19 0 79
ID: 280, Data: 830 0 84 B0 15 1B 7E 4F
ID: A1, Data: 893 7E 97 7E 25 0 0 0
ID: 316, Data: 85 25 93 A 22 19 0 79
ID: 316, Data: 85 25 96 A 22 19 0 79
ID: 316, Data: 85 25 93 A 22 19 0 79
ID: 18F, Data: 8AA 41 0 0 0 0 0 0
ID: 43F, Data: 89 45 60 FF 6F 0 0 0
ID: 260, Data: 8A 25 22 30 2C FF 6A C
ID: A0, Data: 837 7C 93 A 0 24 2 0
ID: 43F, Data: 81 45 60 FF 6F 0 0 0
ID: 153, Data: 80 0 0 FF 0 FF 0 0
ID: 5F0, Data: 20 0
ID: A0, Data: 837 7C 90 A 0 24 2 0
ID: 260, Data: 8A 24 23 30 2C FF 6A C
ID: 18F, Data: 8AA 41 0 0 0 0 0 0
ID: 153, Data: 80 0 0 FF 0 FF 0 0
ID: 153, Data: 80 0 0 FF 0 FF 0 0
ID: 329, Data: 8B B0 80 8 12 2B 0 26
ID: 316, Data: 85 24 81 A 22 19 0 79
ID: 280, Data: 830 0 84 B0 14 1A 7E 4D
ID: 260, Data: 8A 24 23 30 2C FF 6B 38
ID: 316, Data: 85 24 67 A 23 19 0 79
ID: 18F, Data: 8AA 40 0 0 0 0 0 0
ID: 316, Data: 85 24 6D A 22 19 0 79
ID: 260, Data: 8A 24 23 30 2C FF 6D 9
ID: A1, Data: 890 7E 96 7E 25 0 0 0
ID: 316, Data: 85 24 60 A 23 19 0 79
ID: 153, Data: 80 0 0 FF 0 FF 0 0
ID: 316, Data: 85 23 4F A 23 19 0 79
ID: 316, Data: 85 24 54 A 23 19 0 79
ID: 153, Data: 80 0 0 FF 0 FF 0 0
ID: 2A0, Data: 880 0 7E 1C 33 0 11 0
ID: 1F1, Data: 80 65 0 0 0 0 0 0
ID: 440, Data: 8A6 91 0 A0 FF AA AA AA
ID: 316, Data: 85 24 58 A 23 19 0 79
ID: 18F, Data: 8AA 40 0 0 0 0 0 0
ID: 153, Data: 80 0 0 FF 0 FF 0 0
ID: A0, Data: 838 7C 4F A 0 24 2 0
ID: 316, Data: 85 24 48 A 23 19 0 79
ID: 316, Data: 85 24 4D A 23 19 0 79
ID: 2A0, Data: 820 0 7E 1C 33 0 11 0
ID: 153, Data: 80 0 0 FF 0 FF 0 0
ID: 153, Data: 80 0 0 FF 0 FF 0 0
ID: 153, Data: 80 0 0 FF 0 FF 0 0
ID: 329, Data: 840 B0 80 8 12 2B 0 26
ID: 316, Data: 85 24 5E A 22 19 0 79
ID: A0, Data: 838 7D 53 A 0 24 2 0
ID: 43F, Data: 81 45 60 FF 6F 0 0 0
ID: 43F, Data: 81 45 60 FF 6E 0 0 0
ID: 43F, Data: 81 45 60 FF 6F 0 0 0
ID: 43F, Data: 81 45 60 FF 6F 0 0 0
ID: 153, Data: 80 0 0 FF 0 FF 0 0
ID: 5F0, Data: 20 0
ID: 153, Data: 80 0 0 FF 0 FF 0 0
ID: 153, Data: 80 0 0 FF 0 FF 0 0
ID: 280, Data: 830 0 84 B0 14 1A 7E 4E
ID: 316, Data: 85 24 4C A 22 19 0 79
ID: 153, Data: 80 0 0 FF 0 FF 0 0
ID: 153, Data: 80 0 0 FF 0 FF 0 0
ID: 153, Data: 80 0 0 FF 0 FF 0 0
ID: 43F, Data: 81 45 60 FF 6F 0 0 0
ID: 316, Data: 85 24 4D A 22 19 0 79
ID: 316, Data: 85 24 4C A 22 19 0 79
ID: 1F1, Data: 80 65 0 0 0 0 0 0
ID: 153, Data: 80 0 0 FF 0 FF 0 0
ID: 316, Data: 85 24 40 A 23 19 0 79
ID: 316, Data: 85 24 44 A 23 19 0 79
ID: 316, Data: 85 24 47 A 22 19 0 79
ID: 153, Data: 80 0 0 FF 0 FF 0 0
ID: 153, Data: 80 0 0 FF 0 FF 0 0
ID: 329, Data: 8B B0 80 8 12 2B 0 26
ID: 316, Data: 85 24 51 A 22 19 0 79
ID: 260, Data: 8A 24 23 30 2C FF 6E 35
ID: 43F, Data: 81 48 60 FF 6F 0 0 0
ID: 316, Data: 85 24 49 A 22 19 0 79
ID: 153, Data: 80 0 0 FF 0 FF 0 0
ID: 329, Data: 8ED B0 80 8 12 2B 0 26
ID: 153, Data: 80 0 0 FF 0 FF 0 0
ID: 545, Data: 8DC 25 0 8B B6 0 B6 0
ID: 316, Data: 85 23 5C A 22 19 0 79
ID: 1F1, Data: 80 65 0 0 0 0 0 0
ID: 43F, Data: 81 48 60 FF 6E 0 0 0
ID: 316, Data: 85 23 4B A 22 19 0 79
ID: 280, Data: 830 0 84 B0 14 1A 7E 4D
ID: A1, Data: 88A 7E 8E 7E 24 0 0 0
ID: 43F, Data: 81 48 60 FF 6F 0 0 0
ID: 43F, Data: 81 48 60 FF 6F 0 0 0
ID: 153, Data: 80 0 0 FF 0 FF 0 0
ID: 316, Data: 85 23 31 A 23 19 0 79
ID: 153, Data: 80 0 0 FF 0 FF 0 0
ID: 316, Data: 85 24 2A A 23 19 0 79
ID: 316, Data: 85 24 26 A 23 19 0 79
ID: 153, Data: 80 0 0 FF 0 FF 0 0
ID: 280, Data: 830 0 84 B0 14 1A 7E 4D
ID: 153, Data: 80 0 0 FF 0 FF 0 0
ID: 316, Data: 85 24 6 A 23 19 0 79
ID: 545, Data: 8DC 23 0 89 BD 0 BD 0
ID: 1F1, Data: 80 65 0 0 0 0 0 0
ID: 440, Data: 8A6 31 0 A0 FF AA AA AA
ID: 316, Data: 85 24 F5 9 23 19 0 79
ID: 316, Data: 85 24 FC 9 23 19 0 79
ID: 153, Data: 80 0 0 FF 0 FF 0 0
ID: 316, Data: 85 24 3 A 23 19 0 79
ID: 43F, Data: 81 48 60 FF 6E 0 0 0
ID: 43F, Data: 81 48 60 FF 6E C0 0 0
ID: 43F, Data: 81 48 60 FF 6E E8 0 0
ID: 316, Data: 85 25 2 A 23 19 0 79
ID: 260, Data: 8A 25 24 30 2C FF 75 1D
ID: A0, Data: 837 7D FD 9 0 23 2 0
ID: 153, Data: 80 0 0 FF 0 FF 0 0
ID: 370, Data: 8FF E0 F0 FF FF FF FF FF
ID: 43F, Data: 81 48 60 FF 6F 50 1 0
ID: 316, Data: 85 24 25 A 23 19 0 79
ID: 260, Data: 8A 25 23 30 2C FF 73 1
ID: A1, Data: 885 7E 89 7E 25 0 0 0
ID: 316, Data: 85 24 4D A 22 19 0 79
ID: 153, Data: 80 0 0 FF 0 FF 0 0
ID: 316, Data: 85 24 4B A 23 19 0 79
ID: 316, Data: 85 24 4C A 23 19 0 79
ID: 153, Data: 80 0 0 FF 0 FF 0 0
ID: 2A0, Data: 880 0 7E 1C 33 0 11 0
ID: 370, Data: 8FF E0 F0 FF FF FF FF FF
ID: 370, Data: 8FF E0 F0 FF FF FF FF FF
ID: 5F0, Data: 20 0
ID: 43F, Data: 81 48 60 FF 6F D0 0 0
ID: A0, Data: 836 7D 2D A 1 23 2 0
ID: 153, Data: 80 0 0 FF 0 FF 0 0
ID: 43F, Data: 81 48 60 FF 6F BC 0 0
ID: 2A0, Data: 8E0 0 7E 1C 33 0 11 0
ID: 43F, Data: 81 48 60 FF 6F 9C 0 0
ID: 153, Data: 80 0 0 FF 0 FF 0 0
ID: 43F, Data: 81 48 60 FF 6F 94 0 0
ID: 153, Data: 80 0 0 FF 0 FF 0 0
ID: 153, Data: 80 0 0 FF 0 FF 0 0
ID: 316, Data: 85 23 49 A 23 19 0 79
ID: 18F, Data: 8AA 3D 0 0 0 0 0 0
ID: 5F0, Data: 20 0
ID: A1, Data: 88C 7E 88 7E 25 0 0 0
ID: 18F, Data: 8AA 3D 0 0 0 0 0 0
ID: A0, Data: 838 7D 41 A 0 23 2 0
ID: 316, Data: 85 23 2E A 23 19 0 79
ID: 316, Data: 85 23 24 A 23 19 0 79
ID: 260, Data: 8A 23 23 30 2C FF 70 33
ID: 153, Data: 80 0 0 FF 0 FF 0 0
ID: 316, Data: 85 23 F A 23 19 0 79
ID: 43F, Data: 81 48 60 FF 6F 0 0 0
ID: 43F, Data: 81 48 60 FF 6F 0 0 0
ID: 43F, Data: 81 48 60 FF 6F 0 0 0
ID: 316, Data: 85 23 1B A 23 19 0 79
ID: 153, Data: 80 0 0 FF 0 FF 0 0
ID: 329, Data: 840 B0 80 8 12 2B 0 26
ID: 316, Data: 85 23 2A A 23 19 0 79
ID: 2A0, Data: 840 0 7E 1C 33 0 11 0
ID: 153, Data: 80 0 0 FF 0 FF 0 0
ID: 43F, Data: 81 48 60 FF 6F 0 0 0
ID: 43F, Data: 81 48 60 FF 6F 0 0 0
ID: 153, Data: 80 0 0 FF 0 FF 0 0
ID: 316, Data: 85 23 38 A 23 19 0 79
ID: 18F, Data: 8AA 3D 0 0 0 0 0 0
ID: 153, Data: 80 0 0 FF 0 FF 0 0
ID: A0, Data: 836 7D 38 A 0 23 2 0
ID: 316, Data: 85 23 FD 9 23 19 0 79
ID: 5F0, Data: 20 0
ID: 2A0, Data: 820 0 7E 1C 33 0 11 0
ID: 280, Data: 830 0 84 B1 13 1A 7E 4D
ID: A1, Data: 88A 7E 84 7E 25 0 0 0
ID: 316, Data: 85 23 FE 9 23 19 0 79
ID: 316, Data: 85 23 10 A 23 19 0 79
ID: 1F1, Data: 80 66 0 0 0 0 0 0
ID: 260, Data: 8A 23 23 30 2C FF 74 20
ID: 43F, Data: 81 48 60 FF 6F 0 0 0
ID: A0, Data: 836 7D 1F A 0 23 2 0
ID: A1, Data: 888 7E 84 7E 25 0 0 0
ID: A1, Data: 888 7E 84 7E 25 0 0 0
ID: 43F, Data: 81 48 60 FF 6F 0 0 0
ID: 43F, Data: 81 48 60 FF 6F 0 0 0
ID: 43F, Data: 81 48 60 FF 6F 0 0 0
ID: 153, Data: 80 0 0 FF 0 FF 0 0
ID: 43F, Data: 81 48 60 FF 6F 0 0 0
ID: 153, Data: 80 0 0 FF 0 FF 0 0
ID: 5F0, Data: 20 0
ID: 18F, Data: 8AA 3D 0 0 0 0 0 0
ID: 545, Data: 8DC 21 0 8A B1 0 B1 0
ID: 316, Data: 85 23 FA 9 24 19 0 79
ID: 316, Data: 85 23 FD 9 24 19 0 79
ID: 1F0, Data: 814 40 1 C0 0 0 0 0
ID: 153, Data: 80 0 0 FF 0 FF 0 0
ID: 153, Data: 80 0 0 FF 0 FF 0 0
ID: 440, Data: 8A6 91 0 A0 FF AA AA AA
ID: 316, Data: 85 23 6 A 24 19 0 79
ID: 440, Data: 8A6 91 0 A0 FF AA AA AA
ID: 43F, Data: 81 48 60 FF 6F 0 0 0
ID: 316, Data: 85 23 14 A 23 19 0 79
ID: 280, Data: 830 0 84 B1 14 1A 7E 4D
ID: 260, Data: 8A 23 23 30 2C FF 73 21
ID: 316, Data: 85 23 2D A 23 19 0 79
ID: 260, Data: 8A 23 23 30 2C FF 72 13
ID: A1, Data: 886 7E 80 7E 25 0 0 0
ID: 316, Data: 85 23 B A 23 19 0 79
ID: 1F0, Data: 814 40 1 C0 0 0 0 0
ID: 370, Data: 8FF E0 F0 FF FF FF FF FF
ID: 316, Data: 85 24 6 A 24 19 0 79
ID: 153, Data: 80 0 0 FF 0 FF 0 0
ID: 316, Data: 85 24 1B A 23 19 0 79
ID: 43F, Data: 81 48 60 FF 6F 0 0 0
ID: 43F, Data: 81 48 60 FF 6F 0 0 0
ID: 43F, Data: 81 48 60 FF 6F 0 0 0
ID: 43F, Data: 81 48 60 FF 6F 0 0 0
ID: 43F, Data: 81 48 60 FF 6F 0 0 0
ID: 153, Data: 80 0 0 FF 0 FF 0 0
ID: 316, Data: 85 23 36 A 23 19 0 79
ID: 153, Data: 80 0 0 FF 0 FF 0 0
ID: 316, Data: 85 23 1B A 23 19 0 79
ID: 153, Data: 80 0 0 FF 0 FF 0 0
ID: 153, Data: 80 0 0 FF 0 FF 0 0
ID: 370, Data: 8FF E0 F0 FF FF FF FF FF
ID: 43F, Data: 81 48 60 FF 6F 0 0 0
ID: 316, Data: 85 23 2C A 23 19 0 79
ID: 316, Data: 85 23 1F A 23 19 0 79
ID: 260, Data: 8A 23 24 30 2C FF 71 22
ID: 153, Data: 80 0 0 FF 0 FF 0 0
ID: 316, Data: 85 23 10 A 23 19 0 79
ID: 316, Data: 85 23 13 A 23 19 0 79
ID: 316, Data: 85 23 13 A 23 19 0 79
ID: 316, Data: 85 23 19 A 23 19 0 79
ID: A0, Data: 836 7D 19 A 0 23 2 0
ID: 153, Data: 80 0 0 FF 0 FF 0 0
ID: 1F0, Data: 814 40 1 C0 0 0 0 0
ID: 370, Data: 8FF E0 F0 FF FF FF FF FF
ID: 329, Data: 840 B1 80 8 12 2B 0 26
ID: 316, Data: 85 23 45 A 23 19 0 79
ID: 316, Data: 85 23 44 A 23 19 0 79
ID: 260, Data: 8A 23 23 30 2C FF 6F 17
ID: 5F0, Data: 20 0
ID: 316, Data: 85 23 42 A 23 19 0 79
ID: 316, Data: 85 23 42 A 23 19 0 79
ID: 316, Data: 85 23 3A A 23 19 0 79
ID: 2A0, Data: 820 0 7E 1C 33 0 11 0
ID: 153, Data: 80 0 0 FF 0 FF 0 0
ID: 316, Data: 85 23 12 A 23 19 0 79
ID: 43F, Data: 81 48 60 FF 6F 0 0 0
ID: 316, Data: 85 23 6 A 2D 22 0 79
ID: 153, Data: 80 0 0 FF 0 FF 0 0
ID: 153, Data: 80 0 0 FF 0 FF 0 0
ID: 153, Data: 80 0 0 FF 0 FF 0 0
ID: 18F, Data: 8AA 3C 0 0 0 0 0 0
ID: 316, Data: 85 27 3E A 2D 22 0 79
ID: 1F0, Data: 814 40 1 C0 0 0 0 0
ID: 316, Data: 85 27 97 A 2C 22 0 79
ID: 43F, Data: 81 48 60 FF 6F 0 0 0
ID: 370, Data: 8FF E0 F0 FF FF FF FF FF
ID: 260, Data: 8A 28 2B 30 2C FF 68 3F
ID: 316, Data: 845 28 0 B 2B 22 0 79
ID: 18F, Data: 8AA 3C 0 0 0 0 0 0
ID: 153, Data: 80 0 0 FF 0 FF 0 0
ID: 18F, Data: 8AA 3C 0 0 0 0 0 0
ID: 316, Data: 845 29 12 A 2D 22 0 79
ID: 153, Data: 80 0 0 FF 0 FF 0 0
ID: 370, Data: 8FF E0 F0 FF FF FF FF FF
ID: 316, Data: 845 2C CC 9 2D 21 0 79
ID: 153, Data: 80 0 0 FF 0 FF 0 0
ID: 316, Data: 845 2D EC 9 2D 21 0 79
ID: 440, Data: 8AD 31 0 A0 FF AA AA AA
ID: 316, Data: 845 2E 1D A 2C 21 0 79
ID: 153, Data: 80 0 0 FF 0 FF 0 0
ID: 153, Data: 80 0 0 FF 0 FF 0 0
ID: 5F0, Data: 20 0
ID: 370, Data: 8FF E0 F0 FF FF FF FF FF
ID: A0, Data: 842 7D 5B A 0 25 2 0
ID: 153, Data: 80 0 0 FF 0 FF 0 0
ID: 316, Data: 845 2D C6 A 29 21 0 79
ID: 153, Data: 80 0 0 FF 0 FF 0 0
ID: 316, Data: 845 2D BC A 29 22 0 79
ID: 316, Data: 845 2C B0 A 29 22 0 79
ID: 316, Data: 845 2C 9F A 2A 22 0 79
ID: 153, Data: 80 0 0 FF 0 FF 0 0
ID: 153, Data: 80 0 0 FF 0 FF 0 0
ID: 316, Data: 845 2B 77 A 2B 22 0 79
ID: A0, Data: 83E 7D 8A A 0 25 2 0
ID: 5F0, Data: 20 0
ID: 1F1, Data: 80 66 0 0 0 0 0 0
ID: 153, Data: 80 0 0 FF 0 FF 0 0
ID: 329, Data: 840 B1 80 8 12 2C 0 26
ID: 153, Data: 80 0 0 FF 0 FF 0 0
ID: 545, Data: 8DC 29 0 88 AB 0 AB 0
ID: 316, Data: 845 2B 42 A 2B 21 0 79
ID: 260, Data: 8A 2B 2B 30 2C FF 6F 17
ID: 440, Data: 8AD 31 0 A0 FF AA AA AA
ID: 316, Data: 845 2B 42 A 2B 21 0 79
ID: 43F, Data: 81 48 60 FF 6F 0 0 0
ID: 316, Data: 845 2B 4B A 2B 21 0 79
ID: 316, Data: 845 2B 47 A 2B 21 0 79
ID: 2A0, Data: 820 0 7E 1C 33 0 11 0
ID: 43F, Data: 81 48 60 FF 6F 0 0 0
ID: 440, Data: 8AD 41 0 A0 FF AA AA AA
ID: 1F0, Data: 814 40 1 C0 0 0 0 0
ID: 280, Data: 830 0 84 B1 14 1E 7E 57
ID: 280, Data: 830 0 84 B1 14 1E 7E 57
ID: 153, Data: 80 0 0 FF 0 FF 0 0
ID: 316, Data: 845 2B 29 A 2B 21 0 79
ID: 316, Data: 845 2B 2C A 2B 21 0 79
ID: 545, Data: 8DC 28 0 89 B4 0 B4 0
ID: 43F, Data: 81 48 60 FF 6F 0 0 0
ID: 153, Data: 80 0 0 FF 0 FF 0 0
ID: 316, Data: 845 2C 35 A 2B 21 0 79
ID: 153, Data: 80 0 0 FF 0 FF 0 0
ID: 153, Data: 80 0 0 FF 0 FF 0 0
ID: 316, Data: 845 2C 55 A 2B 21 0 79
ID: 153, Data: 80 0 0 FF 0 FF 0 0
ID: 316, Data: 845 2B 55 A 2B 21 0 79
ID: 370, Data: 8FF E0 F0 FF FF FF FF FF
ID: 316, Data: 845 2B 4F A 2B 21 0 79
ID: 153, Data: 80 0 0 FF 0 FF 0 0
ID: 153, Data: 80 0 0 FF 0 FF 0 0
ID: 316, Data: 845 2B 4C A 2B 21 0 79
ID: A1, Data: 880 83 7E 82 29 0 0 0
ID: 316, Data: 845 2B 3E A 2B 21 0 79
ID: 316, Data: 845 2B 31 A 2B 21 0 79
ID: 329, Data: 884 B1 80 8 12 2C 0 26
ID: 1F1, Data: 80 66 0 0 0 0 0 0
ID: 1F0, Data: 814 40 1 C0 0 0 0 0
ID: 316, Data: 845 2B 25 A 2B 21 0 79
ID: 153, Data: 80 0 0 FF 0 FF 0 0
ID: 5F0, Data: 20 0
ID: 153, Data: 80 0 0 FF 0 FF 0 0
ID: 153, Data: 80 0 0 FF 0 FF 0 0
ID: 2A0, Data: 820 0 7E 1C 33 0 11 0
ID: 153, Data: 80 0 0 FF 0 FF 0 0
ID: 2A0, Data: 8E0 0 7E 1C 33 0 11 0
ID: 316, Data: 845 2B 31 A 2B 21 0 79
ID: 545, Data: 8DC 27 0 8B B2 0 B2 0
ID: 43F, Data: 81 48 60 FF 6F 0 0 0
ID: 370, Data: 8FF E0 F0 FF FF FF FF FF
ID: 43F, Data: 81 48 60 FF 6F 0 0 0
ID: 153, Data: 80 0 0 FF 0 FF 0 0
ID: A1, Data: 87E 83 7C 82 29 0 0 0
ID: 43F, Data: 81 48 60 FF 6F 0 0 0
ID: 43F, Data: 81 48 60 FF 6F 0 0 0
ID: A1, Data: 87C 83 7C 82 29 0 0 0
ID: 43F, Data: 81 48 60 FF 6F 0 0 0
ID: 43F, Data: 81 48 60 FF 6F 0 0 0
ID: 153, Data: 80 0 0 FF 0 FF 0 0
ID: 43F, Data: 81 48 60 FF 6F 0 0 0
ID: 153, Data: 80 0 0 FF 0 FF 0 0
ID: 153, Data: 80 0 0 FF 0 FF 0 0
ID: 2A0, Data: 820 0 7E 1C 33 0 11 0
ID: 316, Data: 845 2B 29 A 2B 21 0 79
ID: 545, Data: 8DC 27 0 8C AF 0 AF 0
ID: 153, Data: 80 0 0 FF 0 FF 0 0
ID: 153, Data: 80 0 0 FF 0 FF 0 0
ID: 153, Data: 80 0 0 FF 0 FF 0 0
ID: A0, Data: 83E 7D 36 A 0 25 2 0
ID: 316, Data: 845 2B 24 A 2B 21 0 79
ID: 316, Data: 845 2B 20 A 2B 21 0 79
ID: A0, Data: 83E 7D 29 A 0 25 2 0
ID: 316, Data: 845 2B 7 A 2B 21 0 79
ID: 153, Data: 80 0 0 FF 0 FF 0 0
ID: 316, Data: 845 2B F4 9 2B 21 0 79
ID: 153, Data: 80 0 0 FF 0 FF 0 0
ID: 316, Data: 845 2B F8 9 2C 21 0 79
ID: 1F0, Data: 814 40 1 C0 0 0 0 0
ID: 153, Data: 80 0 0 FF 0 FF 0 0
ID: 316, Data: 845 2B 0 A 2B 21 0 79
ID: 43F, Data: 81 48 60 FF 6F 0 0 0
ID: 43F, Data: 81 48 60 FF 6F 0 0 0
ID: 316, Data: 845 2B 29 A 2B 21 0 79
ID: 316, Data: 845 2B 30 A 2B 21 0 79
ID: 370, Data: 8FF E0 F0 FF FF FF FF FF
ID: 153, Data: 80 0 0 FF 0 FF 0 0
ID: 545, Data: 8DC 26 0 8B AD 0 AD 0
ID: 316, Data: 845 2B 4B A 2B 21 0 79
ID: 545, Data: 8DC 26 0 88 AF 0 AF 0
ID: 316, Data: 845 2B 4F A 2B 21 0 79
ID: 153, Data: 80 0 0 FF 0 FF 0 0
ID: 329, Data: 8B B1 80 8 11 2C 0 26
ID: 316, Data: 845 2B 2C A 2B 21 0 79
ID: 153, Data: 80 0 0 FF 0 FF 0 0
ID: 153, Data: 80 0 0 FF 0 FF 0 0
ID: 260, Data: 8A 34 6A 30 2C FF 77 11
ID: 316, Data: 845 37 DF 9 70 20 0 79
ID: 153, Data: 80 0 0 FF 0 FF 0 0
ID: 153, Data: 80 0 0 FF 0 FF 0 0
ID: 1F0, Data: 835 40 1 C0 0 0 0 0
ID: 43F, Data: 81 48 60 FF 6F CC 2 0
ID: A0, Data: 892 7D 38 A 0 2E 2 0
ID: 43F, Data: 81 48 60 FF 6F 3C 3 0
ID: 43F, Data: 81 48 60 FF 6F B4 3 0
ID: 153, Data: 80 0 0 FF 0 FF 0 0
ID: 43F, Data: 81 48 60 FF 6F EC 4 0
ID: 43F, Data: 81 48 60 FF 6F 58 5 0
ID: 153, Data: 80 0 0 FF 0 FF 0 0
ID: 316, Data: 845 64 DE 12 6E 1B 1 79
ID: 316, Data: 845 67 83 14 6B 1B 2 79
ID: 2A0, Data: 8A1 6 7E 1C 33 0 11 0
ID: 316, Data: 845 67 33 17 69 1A 2 79
ID: 316, Data: 845 66 3E 18 68 1A 3 79
ID: A1, Data: 880 7B 80 7E 48 0 0 0
ID: 316, Data: 845 65 C5 19 61 1B 4 79
ID: 153, Data: 80 0 0 FF 0 FF 0 0
ID: A1, Data: 880 7B 80 7E 46 0 0 0
ID: 329, Data: 8B B1 80 8 11 43 28 26
ID: 545, Data: 8DC BE 0 8C 98 4 98 4
ID: 153, Data: 80 0 0 FF 0 FF 0 0
ID: 43F, Data: 81 48 60 FF 6F E8 10 0
ID: 153, Data: 80 0 0 FF 0 FF 0 0
ID: 153, Data: 80 0 0 FF 0 FF 0 0
ID: 316, Data: 845 5E C6 1A 60 1B 9 79
ID: A0, Data: 871 7D 74 1A 8 3A 2 0
ID: 316, Data: 845 5D 96 1B 5F 1B A 79
ID: 5F0, Data: 20 0
ID: 43F, Data: 81 48 60 FF 6F 1C 17 0
ID: A0, Data: 86E 7D 52 1B A 3A 2 0
ID: 153, Data: 80 0 0 FF 0 FF 0 0
ID: 440, Data: 8FE 31 B A0 FF AA AA AA
ID: 43F, Data: 81 48 60 FF 6F 78 19 0
ID: 316, Data: 845 5A A1 1D 5D 1B D 79
ID: 18F, Data: 8AA 4B 0 0 0 0 0 0
ID: 153, Data: 80 0 0 FF 0 FF 0 0
ID: 440, Data: 8FE 31 D A0 FF AA AA AA
ID: A0, Data: 86B 7D 65 1E E 3B 2 0
ID: 316, Data: 845 59 BE 1F 5B 1C E 79
ID: 316, Data: 845 58 6A 20 5A 1C F 79
ID: 18F, Data: 8AA 4C 0 0 0 0 0 0
ID: 43F, Data: 81 48 60 FF 6F 4 1F 0
ID: 153, Data: 80 0 0 FF 0 FF 0 0
ID: 316, Data: 845 56 5D 22 59 1C 10 79
ID: 153, Data: 80 0 0 FF 0 FF 0 0
ID: 329, Data: 8B B1 80 8 11 45 28 26
ID: 316, Data: 845 55 36 23 58 1C 11 79
ID: 260, Data: 8A 56 59 30 2C FF BA 18
ID: 43F, Data: 81 48 60 FF 6F C 22 0
ID: 260, Data: 8A 55 58 30 2C FF BB A
ID: 153, Data: 80 0 0 FF 0 FF 0 0
ID: 316, Data: 845 54 98 25 56 1D 12 79
ID: 153, Data: 80 0 0 FF 0 FF 0 0
ID: 316, Data: 845 54 76 26 55 1D 13 79
ID: 316, Data: 845 54 E9 26 55 1D 13 79
ID: 153, Data: 80 0 0 FF 0 FF 0 0
ID: 545, Data: 8DC F7 0 8A AE 3 AE 3
ID: 316, Data: 845 52 29 28 54 1E 14 79
ID: 280, Data: 830 0 88 B1 50 31 7E 7C
ID: 316, Data: 845 52 E6 28 54 1E 14 79
ID: 2A0, Data: 8C1 15 7E 1C 33 0 11 0
ID: 43F, Data: 81 48 60 FF 6F FC 27 0
ID: 316, Data: 845 51 1A 2A 55 1E 15 79
ID: 153, Data: 80 0 0 FF 0 FF 0 0
ID: 316, Data: 845 50 2 2B 4B 15 15 79
ID: 316, Data: 845 50 7A 2B 4B 15 15 79
ID: 18F, Data: 8AA 4D 0 0 0 0 0 0
ID: 43F, Data: 81 48 60 FF 6F C4 2A 0
ID: 153, Data: 80 0 0 FF 0 FF 0 0
ID: 316, Data: 845 4C D7 2C 4A 16 16 79
ID: 316, Data: 845 4B 25 2D 4A 16 17 79
ID: 43F, Data: 81 48 60 FF 6F 10 2C 0
ID: 316, Data: 85 49 C4 2D 4A 16 17 79
ID: A0, Data: 854 7D C4 2D 17 3C 2 0
ID: 153, Data: 80 0 0 FF 0 FF 0 0
ID: 316, Data: 85 47 64 2F 4A 17 18 79
ID: 153, Data: 80 0 0 FF 0 FF 0 0
ID: 329, Data: 8B B1 80 8 11 47 31 26
ID: 316, Data: 85 4B 6D 30 56 17 18 79
ID: 2A0, Data: 8C1 1A 7E 1C 33 0 11 0
ID: 43F, Data: 8A 48 60 FF 6F E8 2F 0
ID: 316, Data: 85 59 20 32 67 17 19 79
ID: 1F1, Data: 80 53 B8 D0 C BE 10 D
ID: 316, Data: 85 65 F2 33 65 17 19 79
ID: 1F0, Data: 84F 40 1 C0 0 0 0 0
ID: 43F, Data: 8A 48 60 FF 6F 14 33 0
ID: 153, Data: 80 0 0 FF 0 FF 0 0
ID: 43F, Data: 8A 48 60 FF 6F 10 33 0
ID: 153, Data: 80 0 0 FF 0 FF 0 0
ID: 153, Data: 80 0 0 FF 0 FF 0 0
ID: 316, Data: 85 65 31 35 67 17 1B 79
ID: 5F0, Data: 20 0
ID: 316, Data: 85 47 26 33 6C 17 1B 79
ID: 153, Data: 80 0 0 FF 0 FF 0 0
ID: A1, Data: 884 7E 81 7D 42 0 0 0
ID: 329, Data: 8B B1 80 8 11 51 43 26
ID: 545, Data: 8DC 80 1 8C AB 3 72 6
ID: 153, Data: 80 0 0 FF 0 FF 0 0
ID: 43F, Data: 8A 48 60 54 6F 50 27 0
ID: 43F, Data: 8A 48 60 76 6F 88 25 0
ID: 43F, Data: 8A 48 60 7C 6F E4 23 0
ID: 280, Data: 830 0 88 B1 4F 4D 7D 9D
ID: 440, Data: 8FE 31 1D A0 FF AA AA AA
ID: 153, Data: 80 0 0 FF 0 FF 0 0
ID: 43F, Data: 8A 48 60 FF 6F 88 22 0
ID: A0, Data: 890 7D 23 27 1F 46 2 0
ID: 153, Data: 80 0 0 FF 0 FF 0 0
ID: 316, Data: 85 8E 3D 28 92 12 20 79
ID: 153, Data: 80 0 0 FF 0 FF 0 0
ID: 316, Data: 85 8F 68 29 92 12 20 79
ID: 5F0, Data: 20 0
ID: 2A0, Data: 8C1 29 7D 1C 33 0 11 0
ID: 18F, Data: 8AA 47 0 0 0 0 0 0
ID: 316, Data: 85 8F 8D 2A 92 13 22 79
ID: 43F, Data: 82 48 60 FF 6F AC 26 0
ID: 153, Data: 80 0 0 FF 0 FF 0 0
ID: 316, Data: 85 90 AB 2B 91 13 23 79
ID: 316, Data: 85 90 D 2C 91 13 23 79
ID: A0, Data: 8A6 7D 7A 2B 23 4E 2 0
ID: 316, Data: 85 8E B 2D 91 14 24 79
ID: 153, Data: 80 0 0 FF 0 FF 0 0
ID: 18F, Data: 8AA 46 0 0 0 0 0 0
ID: 316, Data: 85 8D FA 2D 90 14 25 79
ID: 316, Data: 85 8D 67 2E 90 14 25 79
ID: A0, Data: 8A5 7D FA 2D 25 4F 2 0
ID: 153, Data: 80 0 0 FF 0 FF 0 0
ID: 316, Data: 85 8D 9E 2F 90 15 27 79
ID: 153, Data: 80 0 0 FF 0 FF 0 0
ID: 1F0, Data: 8B 40 1 C0 0 0 0 0
ID: 316, Data: 85 97 23 31 98 15 28 79
ID: 153, Data: 80 0 0 FF 0 FF 0 0
ID: 280, Data: 830 0 88 B0 64 5B 7D B6
ID: 316, Data: 85 98 A2 32 97 15 29 79
ID: 43F, Data: 82 48 60 FF 6F 34 2F 0
ID: 316, Data: 85 97 48 33 99 16 2A 79
ID: A0, Data: 8B1 7C 48 33 2A 58 2 0
ID: 316, Data: 85 98 15 34 9B 16 2B 79
ID: 316, Data: 85 99 C5 34 A0 16 2B 79
ID: 43F, Data: 82 48 60 FF 6F C4 31 0
ID: 43F, Data: 82 48 60 FF 6F 50 32 0
ID: 370, Data: 8FF E0 F0 FF FF FF FF FF
ID: 5F0, Data: 20 0
ID: 316, Data: 85 AA 8E 37 AC 17 2D 79
ID: 316, Data: 85 A9 B5 37 AE 17 2D 79
ID: 153, Data: 80 0 0 FF 0 FF 0 0
ID: 153, Data: 80 0 0 FF 0 FF 0 0
ID: 316, Data: 85 AC 4E 39 B6 18 2F 79
ID: 43F, Data: 8B 48 60 FF 6F 2C 36 0
ID: 316, Data: 85 B3 A6 3A C5 18 30 79
ID: A1, Data: 87E 80 7E 7F 5B 0 0 0
ID: 153, Data: 80 0 0 FF 0 FF 0 0
ID: 316, Data: 85 C2 9B 3C D0 19 31 79
ID: 153, Data: 80 0 0 FF 0 FF 0 0
ID: 153, Data: 80 0 0 FF 0 FF 0 0
ID: 316, Data: 85 C4 29 3D D0 19 33 79
ID: 43F, Data: 8B 48 60 FF 6F E0 39 0
ID: 316, Data: 85 C5 80 3E CF 1A 33 79
ID: 153, Data: 80 0 0 FF 0 FF 0 0
ID: 316, Data: 85 C4 17 3F CE 1A 34 79
ID: 316, Data: 85 B6 4A 3F D1 1A 35 79
ID: 316, Data: 85 A1 89 3D D5 1A 35 79
ID: 43F, Data: 8B 48 60 94 6F E4 37 0
ID: 316, Data: 85 95 DD 37 DC 17 36 79
ID: 153, Data: 80 0 0 FF 0 FF 0 0
ID: 316, Data: 85 94 81 32 DB 15 37 79
ID: 153, Data: 80 0 0 FF 0 FF 0 0
ID: 316, Data: 85 C1 82 2E D8 13 37 79
ID: 316, Data: 85 CA 64 2F D9 13 38 79
ID: 18F, Data: 8AA 40 0 0 0 0 0 0
ID: 43F, Data: 8B 48 60 FF 6F CC 29 0
ID: 153, Data: 80 0 0 FF 0 FF 0 0
ID: 316, Data: 85 CC 61 31 DA 14 39 79
ID: 153, Data: 80 0 0 FF 0 FF 0 0
ID: 545, Data: 8DC 25 3 8C B1 C B1 C
ID: 316, Data: 85 CC E0 31 DA 15 3A 79
ID: 545, Data: 8DC 36 3 8D A8 C A8 C
ID: 43F, Data: 8C 48 60 FF 6F CC 2B 0
ID: 43F, Data: 8C 48 60 FF 6F 14 2C 0
ID: 440, Data: 8FE 13 3C A0 FF AA AA AA
ID: 153, Data: 80 0 0 FF 0 FF 0 0
ID: 316, Data: 85 CC E3 32 DB 15 3D 79
ID: 316, Data: 85 CD 69 33 DB 15 3D 79
ID: A1, Data: 881 80 83 7F 64 0 0 0
ID: 43F, Data: 8C 48 60 FF 6F F8 2D 0
ID: 43F, Data: 8C 48 60 FF 6F 2C 2E 0
ID: 545, Data: 8DC 40 3 8D 8A C 8A C
ID: 43F, Data: 8C 48 60 FF 6F 44 2E 0
ID: 316, Data: 85 CB 38 34 DB 16 40 79
ID: 1F1, Data: 80 DA 1 F2 1F 14 52 21
ID: 43F, Data: 8C 48 60 BB 6F C 2B 0
ID: 43F, Data: 8C 48 60 B6 70 94 29 0
ID: 316, Data: 85 B3 81 2F D9 14 41 79
ID: 260, Data: 8A CF DA 30 2C FF 65 19
ID: 153, Data: 80 0 0 FF 0 FF 0 0
ID: 153, Data: 80 0 0 FF 0 FF 0 0
ID: 316, Data: 85 CE BA 2E D8 13 43 79
ID: 440, Data: 8FE 34 43 A0 FF AA AA AA
ID: 2A0, Data: 861 73 7A 1C 33 0 11 0
ID: 316, Data: 85 CD 48 2F D9 14 44 79
ID: 153, Data: 80 0 0 FF 0 FF 0 0
ID: 5F0, Data: 20 0
ID: 43F, Data: 84 48 60 FF 6F F0 25 0
ID: 370, Data: 8FF E0 F0 FF FF FF FF FF
ID: 5F0, Data: 20 0
ID: 18F, Data: 8AA 3E 0 0 0 0 0 0
ID: 329, Data: 8ED AF 80 8 11 C2 B5 26
ID: 316, Data: 85 CC BB 2F D9 14 46 79
ID: 43F, Data: 84 48 60 FF 70 EC 26 0
ID: 316, Data: 85 CB D8 2F D9 14 47 79
ID: 545, Data: 8DC F3 2 8D B2 C B2 C
ID: 153, Data: 80 0 0 FF 0 FF 0 0
ID: 316, Data: 85 CB D6 2E CC 13 48 79
ID: 153, Data: 80 0 0 FF 0 FF 0 0
ID: 280, Data: 830 0 88 AE 5C 7A 7A D4
ID: 316, Data: 85 CB 30 2E CA 13 49 79
ID: 43F, Data: 84 48 60 FF 70 64 28 0
ID: 43F, Data: 84 48 60 FF 6F 98 28 0
ID: 545, Data: 8DC D9 2 8D BC C BC C
ID: A1, Data: 884 80 85 7F 64 0 0 0
ID: 316, Data: 85 CA 8E 2D CA 13 4B 79
ID: 153, Data: 80 0 0 FF 0 FF 0 0
ID: 2A0, Data: 8A1 7D 79 1C 33 0 11 0
ID: 316, Data: 85 C8 A9 2D BD 13 4C 79
ID: 260, Data: 8A C8 B8 30 2C FF 87 3E
ID: 316, Data: 85 C1 A9 2D B4 13 4C 79
ID: 18F, Data: 8AA 3C 0 0 0 0 0 0
ID: 316, Data: 85 B6 59 2D B1 14 4D 79
ID: 43F, Data: 84 48 60 FF 70 38 2A 0
ID: 153, Data: 80 0 0 FF 0 FF 0 0
ID: A0, Data: 8D0 7A 74 2D 4E 61 2 0
ID: 316, Data: 85 AE C4 2D AB 14 4E 79
ID: A0, Data: 8CA 7A C4 2D 4F 5E 2 0
ID: 316, Data: 85 AC C4 2D A8 14 4F 79
ID: 153, Data: 80 0 0 FF 0 FF 0 0
ID: 153, Data: 80 0 0 FF 0 FF 0 0
ID: 2A0, Data: 8C1 79 79 1C 33 0 11 0
ID: 316, Data: 85 A8 30 2E A6 14 4F 79
ID: A0, Data: 8C6 7A 30 2E 50 5C 2 0
ID: 153, Data: 80 0 0 FF 0 FF 0 0
ID: 316, Data: 85 A9 4B 2E A5 14 50 79
ID: 153, Data: 80 0 0 FF 0 FF 0 0
ID: 2A0, Data: 8A1 76 78 1C 33 0 11 0
ID: 316, Data: 85 97 30 2E 77 15 51 7A
ID: A0, Data: 8A0 7A FA 2D 52 4C 2 0
ID: 43F, Data: 844 48 60 FF 70 38 2C 0
ID: 43F, Data: 844 48 60 FF 70 50 2C 0
ID: A1, Data: 881 7E 85 7D 44 0 0 0
ID: 316, Data: 85 67 74 2D 57 16 52 7A
ID: 153, Data: 80 0 0 FF 0 FF 0 0
ID: 43F, Data: 844 48 60 FF 70 A8 2C 0
ID: 2A0, Data: 81 6F 78 1C 33 0 11 0
ID: 43F, Data: 844 48 60 FF 70 C8 2C 0
ID: 43F, Data: 844 48 60 FF 70 D8 2C 0
ID: A0, Data: 869 7A 3F 2D 53 40 2 0
ID: 316, Data: 85 5A 59 2D 57 16 53 7A
ID: 316, Data: 85 5A 59 2D 57 16 53 7A
ID: A1, Data: 880 7E 82 7D 3C 0 0 0
ID: 43F, Data: 844 48 60 FF 70 10 2D 0
ID: 316, Data: 85 59 8E 2D 57 16 53 7A
ID: A0, Data: 867 7A 8E 2D 54 40 2 0
ID: 316, Data: 85 59 A9 2D 57 16 53 7A
ID: 316, Data: 85 58 A9 2D 57 16 53 7A
ID: 43F, Data: 844 48 60 FF 70 54 2D 0
ID: 43F, Data: 844 48 60 FF 70 54 2D 0
ID: 18F, Data: 8AA 3A 0 0 0 0 0 0
ID: 316, Data: 85 58 DF 2D 47 17 54 7A
ID: 153, Data: 80 0 0 FF 0 FF 0 0
ID: 280, Data: 830 0 88 AD 5C 2C 78 6F
ID: 316, Data: 85 3F DF 2D 9 18 54 7A
ID: 153, Data: 80 0 0 FF 0 FF 0 0
ID: 43F, Data: 844 48 60 FF 70 54 2D 0
ID: 153, Data: 80 0 0 FF 0 FF 0 0
ID: 316, Data: 85 24 DF 2D D 1B 54 7A
ID: 316, Data: 85 21 C4 2D D 1B 54 7A
ID: 316, Data: 85 1F 8E 2D D 1B 54 7A
ID: 153, Data: 80 0 0 FF 0 FF 0 0
ID: 43F, Data: 844 48 60 FF 70 48 2D 0
ID: 43F, Data: 844 48 60 FF 70 38 2D 0
ID: 43F, Data: 844 48 60 FF 70 34 2D 0
ID: A0, Data: 82B 7A 8E 2D 54 31 2 0
ID: 316, Data: 85 26 C4 2D 27 1B 54 7A
ID: 316, Data: 85 27 FA 2D 21 1B 54 7A
ID: 43F, Data: 844 48 60 FF 70 90 2D 0
ID: 316, Data: 85 28 30 2E 1E 1B 54 7A
ID: 153, Data: 80 0 0 FF 0 FF 0 0
ID: 316, Data: 85 26 C4 2D 1D 1B 54 7A
ID: 1F0, Data: 8FE 3F 1 C0 0 0 0 0
ID: 329, Data: 884 AD 80 8 11 37 8 26
ID: 329, Data: 8ED AD 80 8 11 37 B 26
ID: A1, Data: 87A 7C 78 79 1B 0 0 0
ID: 43F, Data: 844 48 60 FF 70 48 2D 0
ID: 316, Data: 85 2B DF 2D 32 25 54 7A
ID: A0, Data: 836 7B DF 2D 54 35 2 0
ID: 316, Data: 85 2F 4B 2E 31 24 54 7A
ID: 316, Data: 85 30 4B 2E 31 24 54 7A
ID: 43F, Data: 844 48 60 FF 70 34 2D 0
ID: 43F, Data: 844 48 60 FF 70 40 2D 0
ID: A0, Data: 83A 7B 4B 2E 54 35 2 0
ID: 316, Data: 85 33 30 2E 15 24 54 7A
ID: 316, Data: 845 2F 30 2E 15 24 54 7A
ID: 43F, Data: 844 48 60 FF 70 40 2D 0
ID: 440, Data: 8FE 44 53 A0 FF AA AA AA
ID: 153, Data: 80 0 0 FF 0 FF 0 0
ID: 153, Data: 80 0 0 FF 0 FF 0 0
ID: 316, Data: 845 20 58 2C 17 25 53 7A
ID: 153, Data: 80 0 0 FF 0 FF 0 0
ID: 260, Data: 8A 1E 17 30 2C FF B0 14
ID: 316, Data: 845 1C 26 2C 17 25 53 7A
ID: 153, Data: 80 0 0 FF 0 FF 0 0
ID: 316, Data: 845 1E 3F 2C 34 25 53 7A
ID: 153, Data: 80 0 0 FF 0 FF 0 0
ID: 43F, Data: 844 48 60 FF 70 E4 2C 0
ID: 280, Data: 830 0 88 AE 59 18 77 3E
ID: 370, Data: 8FF DA F0 FF FF FF FF FF
ID: 545, Data: 8E4 90 0 8D 94 0 94 0
ID: 153, Data: 80 0 0 FF 0 FF 0 0
ID: 153, Data: 80 0 0 FF 0 FF 0 0
ID: 316, Data: 845 33 FA 2D 34 24 53 7A
ID: 153, Data: 80 0 0 FF 0 FF 0 0
ID: 280, Data: 830 0 88 AE 5B 20 77 52
ID: 316, Data: 845 37 C4 2D 37 23 53 7A
ID: A1, Data: 87A 7C 7A 79 26 0 0 0
ID: 43F, Data: 844 48 60 FF 70 F4 2C 0
ID: 316, Data: 845 39 FA 2D 39 23 53 7A
ID: 316, Data: 845 3B FA 2D 39 23 53 7A
ID: 316, Data: 845 3B 15 2E 39 23 53 7A
ID: 43F, Data: 844 48 60 FF 70 8 2D 0
ID: 18F, Data: 8AA 3E 0 0 0 0 0 0
ID: 153, Data: 80 0 0 FF 0 FF 0 0
ID: 545, Data: 8E4 CA 0 8D D9 1 D9 1
ID: 545, Data: 8E4 CE 0 8D E1 1 E1 1
ID: 43F, Data: 844 48 60 FF 70 EC 2C 0
ID: 43F, Data: 844 48 60 FF 70 E4 2C 0
ID: 316, Data: 845 3E FA 2D 38 22 53 7A
ID: 43F, Data: 844 48 60 FF 70 F0 2C 0
ID: 316, Data: 845 3E 15 2E 33 22 53 7A
ID: 153, Data: 80 0 0 FF 0 FF 0 0
ID: 280, Data: 830 0 88 AE 5B 24 77 5B
ID: 316, Data: 845 38 DF 2D 14 23 53 7A
ID: 43F, Data: 844 48 60 FF 70 F0 2C 0
ID: 43F, Data: 844 48 60 FF 70 DC 2C 0
ID: A1, Data: 87E 7C 78 7A 22 0 0 0
ID: 153, Data: 80 0 0 FF 0 FF 0 0
ID: 316, Data: 845 22 71 2C 17 25 53 7A
ID: 153, Data: 80 0 0 FF 0 FF 0 0
ID: A1, Data: 87A 7E 75 7B 1A 0 0 0
ID: 329, Data: 8ED AE 80 8 11 33 0 26
ID: 545, Data: 8E4 57 0 8D 67 FF 67 FF
ID: 5F0, Data: 20 0
ID: 153, Data: 80 0 0 FF 0 FF 0 0
ID: 43F, Data: 844 48 60 FF 70 8C 2C 0
ID: 153, Data: 80 0 0 FF 0 FF 0 0
ID: 280, Data: 830 0 84 AE 56 11 77 2F
ID: 316, Data: 845 15 1A 2B 18 25 52 7A
ID: 43F, Data: 844 48 60 FF 70 68 2C 0
ID: 316, Data: 845 13 76 2A 18 25 52 7A
ID: 153, Data: 80 0 0 FF 0 FF 0 0
ID: 316, Data: 845 14 48 2A 18 24 52 7A
ID: 316, Data: 845 15 8D 2A 17 24 52 7A
ID: 43F, Data: 844 48 60 FF 70 3C 2C 0
ID: 316, Data: 845 18 1A 2B 17 24 52 7A
ID: 153, Data: 80 0 0 FF 0 FF 0 0
ID: 440, Data: 8FE E4 51 A0 FF AA AA AA
ID: 316, Data: 845 1A 7A 2B 17 24 51 7A
ID: 5F0, Data: 20 0
ID: 316, Data: 845 1A 7A 2B 17 24 51 7A
ID: 153, Data: 80 0 0 FF 0 FF 0 0
ID: 316, Data: 845 1B AB 2B 17 24 51 7A
ID: 18F, Data: 8AA 43 0 0 0 0 0 0
ID: 316, Data: 845 1A 62 2B 17 24 51 7A
ID: 440, Data: 8FE 94 51 A0 FF AA AA AA
ID: 153, Data: 80 0 0 FF 0 FF 0 0
ID: 316, Data: 84D 25 1A 2B 18 24 51 7A
ID: 153, Data: 80 0 0 FF 0 FF 0 0
ID: 18F, Data: 8AA 44 0 0 0 0 0 0
ID: 329, Data: 8B AF 80 8 11 34 0 26
ID: 153, Data: 80 0 0 FF 0 FF 0 0
ID: 316, Data: 84D 15 8D 2A 19 25 51 7A
ID: 1F1, Data: 80 74 80 D2 27 8D B2 28
ID: 18F, Data: 8AA 44 0 0 0 0 0 0
ID: 316, Data: 84D A D7 29 1A 25 51 7A
ID: 153, Data: 80 0 0 FF 0 FF 0 0
ID: 2A0, Data: 8A1 1A 77 1C 33 0 11 0
ID: 316, Data: 84D 4 31 2A 19 25 50 7A
ID: 18F, Data: 8AA 44 0 0 0 0 0 0
ID: 43F, Data: 844 48 60 FF 70 40 2B 0
ID: 43F, Data: 844 48 60 FF 70 28 2B 0
ID: 43F, Data: 844 48 60 FF 70 2C 2B 0
ID: 153, Data: 80 0 0 FF 0 FF 0 0
ID: 153, Data: 80 0 0 FF 0 FF 0 0
ID: 316, Data: 845 22 DC 2B 2D 25 50 7A
ID: 43F, Data: 844 48 60 FF 70 6C 2B 0
ID: 329, Data: 8B AF 80 8 11 3B B 26
ID: 153, Data: 80 0 0 FF 0 FF 0 0
ID: 153, Data: 80 0 0 FF 0 FF 0 0
ID: 153, Data: 80 0 0 FF 0 FF 0 0
ID: 18F, Data: 8AA 44 0 0 0 0 0 0
ID: 329, Data: 8ED AF 80 8 11 3C B 26
ID: 316, Data: 845 30 F4 2B 2E 23 50 7A
ID: 153, Data: 80 0 0 FF 0 FF 0 0
ID: 316, Data: 845 30 DC 2B 2D 23 50 7A
ID: 43F, Data: 844 48 60 FF 71 28 2B 0
ID: 260, Data: 8A 30 2E 30 2C FF CD B
ID: 153, Data: 80 0 0 FF 0 FF 0 0
ID: 316, Data: 845 2F AB 2B 2E 23 50 7A
ID: 316, Data: 845 2F C3 2B 32 23 50 7A
ID: 43F, Data: 844 48 60 FF 70 2C 2B 0
ID: 316, Data: 845 30 C3 2B 32 23 50 7A
ID: 153, Data: 80 0 0 FF 0 FF 0 0
ID: 316, Data: 845 31 DC 2B 32 23 50 7A
ID: 316, Data: 845 31 DC 2B 32 23 50 7A
ID: 43F, Data: 844 48 60 FF 70 20 2B 0
ID: 316, Data: 845 33 F4 2B 32 23 50 7A
ID: 153, Data: 80 0 0 FF 0 FF 0 0
ID: 316, Data: 845 33 D 2C 32 23 50 7A
ID: 316, Data: 845 33 D 2C 32 23 50 7A
ID: A1, Data: 87C 7C 7C 79 26 0 0 0
ID: 5F0, Data: 20 0
ID: 316, Data: 845 34 26 2C 33 23 50 7A
ID: 153, Data: 80 0 0 FF 0 FF 0 0
ID: 153, Data: 80 0 0 FF 0 FF 0 0
ID: 280, Data: 830 0 88 AF 58 1F 77 52
ID: 316, Data: 845 35 D 2C 34 23 50 7A
ID: 153, Data: 80 0 0 FF 0 FF 0 0
ID: 43F, Data: 844 48 60 FF 71 40 2B 0
ID: 316, Data: 845 36 26 2C 35 22 50 7A
ID: 329, Data: 8B AF 80 8 11 3E 11 26
ID: 316, Data: 845 37 26 2C 36 22 50 7A
ID: 316, Data: 845 37 3F 2C 36 22 50 7A
ID: 153, Data: 80 0 0 FF 0 FF 0 0
ID: 545, Data: 8E4 AE 0 8D 88 1 88 1
ID: 316, Data: 845 3A 3F 2C 14 22 50 7A
ID: 316, Data: 845 36 71 2C 15 22 50 7A
ID: 316, Data: 845 30 26 2C 16 23 50 7A
ID: 43F, Data: 844 48 60 FF 70 3C 2B 0
ID: 440, Data: 8FE E4 50 A0 FF AA AA AA
ID: 153, Data: 80 0 0 FF 0 FF 0 0
ID: 316, Data: 845 21 EB 2A 17 24 50 7A
ID: 316, Data: 845 1F D3 2A 17 24 50 7A
ID: 153, Data: 80 0 0 FF 0 FF 0 0
ID: 153, Data: 80 0 0 FF 0 FF 0 0
ID: 43F, Data: 844 48 60 FF 70 2C 2B 0
ID: 153, Data: 80 0 0 FF 0 FF 0 0
ID: 316, Data: 845 1C 76 2A 29 24 50 7A
ID: 316, Data: 845 1D 8D 2A 2B 24 50 7A
ID: A1, Data: 86D 7E 6D 7C 17 0 0 0
ID: 316, Data: 845 20 D3 2A 2B 24 50 7A
ID: 316, Data: 845 22 EB 2A 2B 24 50 7A
ID: 43F, Data: 844 48 60 FF 70 C 2B 0
ID: 18F, Data: 8AA 43 0 0 0 0 0 0
ID: 5F0, Data: 20 0
ID: 43F, Data: 844 48 60 FF 70 4 2B 0
ID: A0, Data: 82E 7C 4A 2B 50 31 2 0
ID: 316, Data: 845 2A 7A 2B 28 24 4F 7A
ID: 153, Data: 80 0 0 FF 0 FF 0 0
ID: 43F, Data: 844 48 60 FF 70 F0 2A 0
ID: 2A0, Data: 840 10 77 1C 33 0 11 0
ID: 43F, Data: 844 48 60 FF 70 EC 2A 0
ID: 43F, Data: 844 48 60 FF 70 E8 2A 0
ID: 5F0, Data: 20 0
ID: 316, Data: 845 22 EB 2A 17 24 4F 7A
ID: 43F, Data: 844 48 60 FF 71 C4 2A 0
ID: 440, Data: 8FE E4 4F A0 FF AA AA AA
ID: 316, Data: 845 1F 5F 2A 18 24 4F 7A
ID: 43F, Data: 844 48 60 FF 71 D4 2A 0
ID: 316, Data: 845 1C 1A 2A 18 24 4F 7A
ID: 153, Data: 80 0 0 FF 0 FF 0 0
ID: 329, Data: 8B B0 80 8 11 33 0 26
ID: 316, Data: 845 17 7E 29 18 24 4F 7A
ID: 329, Data: 840 B0 80 8 11 33 0 26
ID: 43F, Data: 844 48 60 FF 70 84 2A 0
ID: 316, Data: 845 14 91 28 18 24 4F 7A
ID: 153, Data: 80 0 0 FF 0 FF 0 0
ID: 316, Data: 845 1E EB 27 1A 24 4F 7A
ID: 316, Data: 845 20 C2 27 1A 24 4F 7A
ID: 43F, Data: 844 48 60 FF 70 54 2A 0
ID: 316, Data: 845 20 86 27 1B 24 4F 7A
ID: 153, Data: 80 0 0 FF 0 FF 0 0
ID: 316, Data: 845 20 86 27 1C 24 4E 7A
ID: 316, Data: 845 1F 9A 27 1F 24 4E 7A
ID: 43F, Data: 844 48 60 FF 70 38 2A 0
ID: 316, Data: 845 1F 86 27 23 24 4E 7A
ID: 153, Data: 80 0 0 FF 0 FF 0 0
ID: 280, Data: 830 0 88 B0 52 12 77 32
ID: 316, Data: 845 1F 7E 29 22 24 4E 7A
ID: 43F, Data: 844 48 60 FF 70 10 2A 0
ID: 153, Data: 80 0 0 FF 0 FF 0 0
ID: 153, Data: 80 0 0 FF 0 FF 0 0
ID: 260, Data: 8A 21 26 30 2C FF D3 C
ID: 316, Data: 845 21 ED 29 2B 24 4E 7A
ID: 153, Data: 80 0 0 FF 0 FF 0 0
ID: 316, Data: 845 27 4 2A 29 24 4E 7A
ID: 316, Data: 845 28 4 2A 17 23 4E 7A
ID: 2A0, Data: 840 B 77 1C 33 0 11 0
ID: 43F, Data: 844 48 60 FF 70 8 2A 0
ID: 43F, Data: 844 48 60 FF 70 0 2A 0
ID: 316, Data: 845 25 76 2A 17 24 4D 7A
ID: 1F0, Data: 80 40 1 C0 0 0 0 0
ID: 316, Data: 845 21 4 2A 18 24 4D 7A
ID: 316, Data: 845 20 AA 29 18 24 4D 7A
ID: 153, Data: 80 0 0 FF 0 FF 0 0
ID: 440, Data: 8FE 94 4D A0 FF AA AA AA
ID: 43F, Data: 844 48 60 FF 70 D0 29 0
ID: 260, Data: 8A 1B 18 30 2C FF AA 3B
ID: 153, Data: 80 0 0 FF 0 FF 0 0
ID: 260, Data: 8A 19 19 30 2C FF 9A 2E
ID: 316, Data: 845 17 7C 28 19 24 4D 7A
ID: 43F, Data: 844 48 60 FF 71 8C 29 0
ID: 316, Data: 845 14 14 28 19 24 4D 7A
ID: 153, Data: 80 0 0 FF 0 FF 0 0
ID: 329, Data: 840 B0 80 8 11 35 0 26
ID: 316, Data: 845 15 5E 27 19 24 4D 7A
ID: 2A0, Data: 8E0 8 77 1C 33 0 11 0
ID: 43F, Data: 844 48 60 FF 70 3C 29 0
ID: 370, Data: 8FF DA F0 FF FF FF FF FF
ID: 316, Data: 845 18 72 27 18 23 4C 7A
ID: 316, Data: 845 18 AE 27 18 23 4C 7A
ID: 440, Data: 8FE 44 4C A0 FF AA AA AA
ID: 18F, Data: 8AA 41 0 0 0 0 0 0
ID: 316, Data: 845 19 14 28 18 23 4C 7A
ID: 153, Data: 80 0 0 FF 0 FF 0 0
ID: 260, Data: 8A 19 18 30 2C FF 75 8
ID: 316, Data: 845 19 29 28 18 23 4C 7A
ID: 153, Data: 80 0 0 FF 0 FF 0 0
ID: 316, Data: 845 19 52 28 18 23 4C 7A
ID: 43F, Data: 844 48 60 FF 70 F8 28 0
ID: A1, Data: 880 80 80 7E 1A 0 0 0
ID: 153, Data: 80 0 0 FF 0 FF 0 0
ID: 316, Data: 84D 15 29 28 18 23 4C 7A
ID: 153, Data: 80 0 0 FF 0 FF 0 0
ID: 329, Data: 884 B1 80 8 12 36 0 26
ID: 316, Data: 84D 11 C2 27 18 23 4C 7A
ID: A0, Data: 827 7D C2 27 4C 2E 4 0
ID: 316, Data: 84D D C2 27 18 23 4B 7A
ID: 280, Data: 830 0 20 B1 4F 15 76 38
ID: 5F0, Data: 20 0
ID: 316, Data: 84D 8 C2 27 18 23 4B 7A
ID: 153, Data: 80 0 0 FF 0 FF 0 0
ID: 43F, Data: 844 48 60 FF 70 58 28 0
ID: 260, Data: 80 4 18 30 2C FF 75 8
ID: 43F, Data: 844 48 60 FF 70 2C 28 0
ID: 316, Data: 84D 0 AE 27 18 23 4B 7A
ID: A0, Data: 826 7D AE 27 4B 2D 4 0
ID: 316, Data: 84D 0 86 27 18 23 4A 7A
ID: 316, Data: 84D 0 72 27 18 23 4A 7A
ID: 43F, Data: 844 48 60 FF 70 D8 27 0
ID: 316, Data: 84D 0 72 27 18 23 4A 7A
ID: 153, Data: 80 0 0 FF 0 FF 0 0
ID: 153, Data: 80 0 0 FF 0 FF 0 0
ID: 153, Data: 80 0 0 FF 0 FF 0 0
ID: A0, Data: 828 7D 5E 27 4A 2E 4 0
ID: 2A0, Data: 8E0 5 76 1C 33 0 11 0
ID: 43F, Data: 844 48 60 FF 70 50 27 0
ID: 440, Data: 8FE E4 49 A0 FF AA AA AA
ID: 316, Data: 84D 0 50 26 F 19 49 7A
ID: 153, Data: 80 0 0 FF 0 FF 0 0
ID: 316, Data: 84D 0 5 26 F 19 49 7A
ID: 153, Data: 80 0 0 FF 0 FF 0 0
ID: 316, Data: 84D 0 BC 25 F 19 48 7A
ID: 1F1, Data: 80 30 38 62 23 41 22 24
ID: 153, Data: 80 0 0 FF 0 FF 0 0
ID: 43F, Data: 844 48 60 FF 70 A0 26 0
ID: A1, Data: 880 80 80 7E 1E 0 0 0
ID: 43F, Data: 844 48 60 FF 70 80 26 0
ID: 316, Data: 8D 0 18 26 F 19 47 7A
ID: A0, Data: 829 7D 5 26 48 2E 4 0
ID: 440, Data: 8FE 34 47 A0 FF AA AA AA
ID: 370, Data: 8FF DA F0 FF FF FF FF FF
ID: 280, Data: 830 0 20 B1 4B 17 76 40
ID: 43F, Data: 844 48 60 FF 70 0 26 0
ID: 370, Data: 8FF DA F0 FF FF FF FF FF
ID: 316, Data: 8D 0 50 25 F 19 46 7A
ID: 329, Data: 884 B1 80 8 12 36 0 26
ID: A0, Data: 829 7D 3E 25 47 2E 4 0
ID: 43F, Data: 844 48 60 FF 70 7C 25 0
ID: 43F, Data: 844 48 60 FF 70 70 25 0
ID: 440, Data: 8FE 94 45 A0 FF AA AA AA
ID: 316, Data: 8D 0 A1 24 F 19 45 7A
ID: A1, Data: 880 80 80 7E 1F 0 0 0
ID: 43F, Data: 844 48 60 FF 70 4 25 0
ID: 153, Data: 80 0 0 FF 0 FF 0 0
ID: 43F, Data: 844 48 60 FF 70 DC 24 0
ID: 316, Data: 8D 0 3B 24 10 19 44 7A
ID: 280, Data: 830 0 20 B1 48 17 76 42
ID: 5F0, Data: 20 0
ID: 316, Data: 8D 0 D7 23 10 19 44 7A
ID: 316, Data: 8D 0 C7 23 10 19 44 7A
ID: 2A0, Data: 8E0 3 76 1C 33 0 11 0
ID: 43F, Data: 844 48 60 FF 70 10 24 0
ID: 43F, Data: 844 48 60 FF 70 0 24 0
ID: 280, Data: 830 0 20 B1 46 17 76 42
ID: 316, Data: 8D 0 36 23 10 18 43 7A
ID: 316, Data: 8D 0 16 23 10 18 42 7A
ID: A0, Data: 82B 7D 55 23 43 2D 4 0
ID: 43F, Data: 844 48 60 FF 70 68 23 0
ID: 440, Data: 8FE E4 41 A0 FF AA AA AA
ID: 280, Data: 830 0 20 B1 45 17 76 42
ID: 316, Data: 8D 0 6C 22 10 18 41 7A
ID: A0, Data: 82B 7D 7B 22 42 2D 4 0
ID: 316, Data: 8D 0 30 22 10 18 41 7A
ID: 5F0, Data: 20 0
ID: 280, Data: 830 0 20 B1 43 17 76 42
ID: 316, Data: 8D 0 F4 21 10 18 40 7A
ID: 43F, Data: 844 48 60 FF 70 84 22 0
ID: 440, Data: 8FE E4 40 A0 FF AA AA AA
ID: A1, Data: 880 80 80 7E 1F 0 0 0
ID: 153, Data: 80 0 0 FF 0 FF 0 0
ID: 316, Data: 8D 0 55 21 11 18 3F 7A
ID: 153, Data: 80 0 0 FF 0 FF 0 0
ID: 316, Data: 8D 0 2A 21 11 18 3F 7A
ID: 316, Data: 8D 0 2A 21 11 18 3F 7A
ID: 153, Data: 80 0 0 FF 0 FF 0 0
ID: 153, Data: 80 0 0 FF 0 FF 0 0
ID: A1, Data: 880 80 80 7E 1F 0 0 0
ID: 316, Data: 8D 0 AE 20 11 18 3E 7A
ID: 370, Data: 8FF DA F0 FF FF FF FF FF
ID: 316, Data: 8D 0 5C 20 11 18 3E 7A
ID: 329, Data: 8ED B1 80 8 12 35 0 26
ID: 43F, Data: 844 48 60 FF 70 A0 20 0
ID: 43F, Data: 844 48 60 FF 70 6C 20 0
ID: 545, Data: 8E4 0 0 8D 4B FE 4B FE
ID: 153, Data: 80 0 0 FF 0 FF 0 0
ID: 316, Data: 8D 0 8B 1F 11 18 3C 7A
ID: 153, Data: 80 0 0 FF 0 FF 0 0
ID: 329, Data: 8ED B1 80 8 12 34 0 26
ID: 5F0, Data: 20 0
ID: 1F1, Data: 80 84 D0 1 1D D8 A1 1D
ID: 280, Data: 830 0 20 B1 3E 17 76 43
ID: 43F, Data: 844 48 60 FF 70 68 1F 0
ID: 5F0, Data: 20 0
ID: 153, Data: 80 0 0 FF 0 FF 0 0
ID: A1, Data: 880 80 80 7E 20 0 0 0
ID: 329, Data: 884 B1 80 8 12 34 0 26
ID: 545, Data: 8E4 0 0 8D 4D FE 4D FE
ID: 153, Data: 80 0 0 FF 0 FF 0 0
ID: 316, Data: 8D 0 E5 1D 12 18 39 7A
ID: 153, Data: 80 0 0 FF 0 FF 0 0
ID: 153, Data: 80 0 0 FF 0 FF 0 0
ID: 316, Data: 8D 0 69 1D 12 18 38 7A
ID: 440, Data: 8FE 44 37 A0 FF AA AA AA
ID: 316, Data: 8D 0 32 1D 12 18 38 7A
ID: 153, Data: 80 0 0 FF 0 FF 0 0
ID: 153, Data: 80 0 0 FF 0 FF 0 0
ID: 316, Data: 8D 0 DC 1C 13 18 37 7A
ID: 18F, Data: 8AA 3A 0 0 0 0 0 0
ID: 316, Data: 8D 0 7D 1C 13 18 37 7A
ID: 153, Data: 80 0 0 FF 0 FF 0 0
ID: 153, Data: 80 0 0 FF 0 FF 0 0
ID: 43F, Data: 844 48 60 FF 70 BC 1C 0
ID: 43F, Data: 844 48 60 FF 70 94 1C 0
ID: 440, Data: 8FE 44 35 A0 FF AA AA AA
ID: A0, Data: 82B 7D C7 1B 36 2B 4 0
ID: 153, Data: 80 0 0 FF 0 FF 0 0
ID: 316, Data: 8D 0 78 1B 13 18 34 7A
ID: 153, Data: 80 0 0 FF 0 FF 0 0
ID: 2A0, Data: 8E0 2 76 1C 33 0 11 0
ID: 316, Data: 8D 0 19 1B 13 18 34 7A
ID: 545, Data: 8E4 0 0 8D 4D FE 4D FE
ID: 153, Data: 80 0 0 FF 0 FF 0 0
ID: 153, Data: 80 0 0 FF 0 FF 0 0
ID: 316, Data: 8D 0 8F 1A 14 18 33 7A
ID: A1, Data: 880 80 80 7E 1E 0 0 0
ID: 316, Data: 8D 0 36 1A 14 18 32 7A
ID: 316, Data: 8D 0 13 1A 14 18 32 7A
ID: 280, Data: 830 0 20 B1 33 15 76 3F
ID: 43F, Data: 844 48 60 FF 70 80 1A 0
ID: 43F, Data: 844 48 60 FF 70 60 1A 0
ID: 2A0, Data: 820 1 76 1C 33 0 11 0
ID: 316, Data: 8D 0 7A 19 14 18 31 7A
ID: 316, Data: 8D 0 61 19 14 18 31 7A
ID: 18F, Data: 8AA 39 0 0 0 0 0 0
ID: 43F, Data: 844 48 60 FF 70 C8 19 0
ID: 153, Data: 80 0 0 FF 0 FF 0 0
ID: 316, Data: 8D 0 E8 18 14 18 30 7A
ID: 153, Data: 80 0 0 FF 0 FF 0 0
ID: 316, Data: 8D 0 A9 18 15 18 2F 7A
ID: 316, Data: 8D 0 91 18 15 18 2F 7A
ID: 280, Data: 830 0 20 B0 30 15 77 3F
ID: 43F, Data: 844 48 60 FF 70 F0 18 0
ID: 316, Data: 8D 0 3E 18 15 18 2E 7A
ID: 153, Data: 80 0 0 FF 0 FF 0 0
ID: 316, Data: 8D 0 F3 17 15 18 2E 7A
ID: 153, Data: 80 0 0 FF 0 FF 0 0
ID: 316, Data: 8D 0 C0 17 15 18 2D 7A
ID: 5F0, Data: 20 0
ID: 316, Data: 8D 0 87 17 15 18 2D 7A
ID: 1F0, Data: 80 40 1 C0 0 0 0 0
ID: 260, Data: 80 0 16 30 2C FF 4F 34
ID: 316, Data: 8D 0 25 17 15 18 2D 7A
ID: A1, Data: 880 80 80 7E 1E 0 0 0
ID: 43F, Data: 844 48 60 FF 71 90 17 0
ID: 153, Data: 80 0 0 FF 0 FF 0 0
ID: 43F, Data: 844 48 60 FF 70 54 17 0
ID: 316, Data: 8D 0 8C 16 16 18 2B 7A
ID: 440, Data: 8FE 94 2B A0 FF AA AA AA
ID: 316, Data: 8D 0 4B 16 16 18 2B 7A
ID: 153, Data: 80 0 0 FF 0 FF 0 0
ID: 43F, Data: 844 48 60 FF 70 C4 16 0
ID: 153, Data: 80 0 0 FF 0 FF 0 0
ID: 153, Data: 80 0 0 FF 0 FF 0 0
ID: 316, Data: 8D 0 B7 15 16 18 2A 7A
ID: 153, Data: 80 0 0 FF 0 FF 0 0
ID: 316, Data: 8D 0 7B 15 17 18 29 7A
ID: 153, Data: 80 0 0 FF 0 FF 0 0
ID: 153, Data: 80 0 0 FF 0 FF 0 0
ID: 440, Data: 8FE 94 28 A0 FF AA AA AA
ID: 43F, Data: 844 48 60 FF 70 B4 15 0
ID: 280, Data: 830 0 20 B0 29 15 77 3E
ID: 153, Data: 80 0 0 FF 0 FF 0 0
ID: 316, Data: 8D 0 9E 14 17 18 28 7A
ID: 316, Data: 8D 0 73 14 18 18 28 7A
ID: 2A0, Data: 8E0 1 77 1C 33 0 11 0
ID: 43F, Data: 844 48 60 FF 70 A8 14 0
ID: 1F1, Data: 80 96 2C B1 12 32 21 13
ID: 280, Data: 830 0 20 B0 27 15 77 3E
ID: 316, Data: 8D 0 AF 13 1A 18 26 7A
ID: 316, Data: 8D 0 83 13 1A 18 26 7A
ID: A1, Data: 880 80 80 7E 1E 0 0 0
ID: 43F, Data: 844 48 60 FF 70 B8 13 0
ID: 153, Data: 80 0 0 FF 0 FF 0 0
ID: 545, Data: 8E4 0 0 8C 4D FE 4D FE
ID: 316, Data: 8D 0 73 12 1B 18 24 7A
ID: A0, Data: 82C 7C 61 12 25 27 4 0
ID: 316, Data: 8D 0 FC 11 1B 18 23 7A
ID: 153, Data: 80 0 0 FF 0 FF 0 0
ID: 2A0, Data: 820 0 77 1C 33 0 11 0
ID: 316, Data: 8D 0 68 11 1C 19 23 7A
ID: 545, Data: 8E4 0 0 8C 45 FE 45 FE
ID: 316, Data: 8D 0 FA 10 1C 19 22 7A
ID: 153, Data: 80 0 0 FF 0 FF 0 0
ID: 545, Data: 8E4 0 0 8C 42 FE 42 FE
ID: 316, Data: 8D 0 A7 10 1D 19 21 7A
ID: 2A0, Data: 820 0 77 1C 33 0 11 0
ID: 43F, Data: 84B 48 60 FF 70 0 11 0
ID: 153, Data: 80 0 0 FF 0 FF 0 0
ID: 280, Data: 830 0 4 B0 20 18 77 44
ID: 316, Data: 85 10 AF F 1E 19 1F 7A
ID: 260, Data: 8A 15 1F 30 2C FF 4F 3B
ID: 43F, Data: 84B 48 60 FF 70 74 10 0
ID: 316, Data: 85 1B 18 E 21 1A 1E 7A
ID: 316, Data: 85 21 73 E 20 19 1E 7A
ID: 316, Data: 85 21 DC D 21 1A 1E 7A
ID: 280, Data: 830 0 84 B0 1A 19 77 48
ID: 43F, Data: 84B 48 60 FF 70 A8 11 0
ID: 316, Data: 85 22 CF D 21 1A 1D 7A
ID: 153, Data: 80 0 0 FF 0 FF 0 0
ID: 43F, Data: 84B 48 60 FF 71 A8 11 0
ID: 153, Data: 80 0 0 FF 0 FF 0 0
ID: 316, Data: 85 20 65 F 1D 19 1B 7A
ID: 316, Data: 85 20 AC F 1D 19 1B 7A
ID: 153, Data: 80 0 0 FF 0 FF 0 0
ID: 153, Data: 80 0 0 FF 0 FF 0 0
ID: 2A0, Data: 840 0 77 1C 33 0 11 0
ID: 316, Data: 85 1E 64 10 1B 19 1A 7A
ID: 2A0, Data: 880 0 77 1C 33 0 11 0
ID: 153, Data: 80 0 0 FF 0 FF 0 0
ID: 316, Data: 85 1D A3 10 1B 19 19 7A
ID: 153, Data: 80 0 0 FF 0 FF 0 0
ID: 316, Data: 85 1C 68 10 1C 19 18 7A
ID: 316, Data: 85 1C 38 10 1C 19 18 7A
ID: A1, Data: 892 80 93 7E 1E 0 0 0
ID: 43F, Data: 8B 48 60 FF 70 58 10 0
ID: 153, Data: 80 0 0 FF 0 FF 0 0
ID: 43F, Data: 8B 48 60 FF 70 C 10 0
ID: 316, Data: 85 1D DB E 1E 1A 16 7A
ID: 1F0, Data: 81 40 1 C0 0 0 0 0
ID: 370, Data: 8FF DA F0 FF FF FF FF FF
ID: A0, Data: 831 7C DB E 17 26 2 0
ID: 5F0, Data: 20 0
ID: 316, Data: 85 1F F4 D 1F 1A 15 7A
ID: 316, Data: 85 1F D9 D 1F 1A 15 7A
ID: 2A0, Data: 840 0 77 1C 33 0 11 0
ID: 43F, Data: 83 48 60 FF 70 10 E 0
ID: 43F, Data: 83 48 60 FF 70 E0 D 0
ID: 153, Data: 80 0 0 FF 0 FF 0 0
ID: 329, Data: 840 B0 80 8 12 2D 0 26
ID: 316, Data: 85 21 7A D 1E 1A 13 7A
ID: 2A0, Data: 820 0 77 1C 33 0 11 0
ID: 153, Data: 80 0 0 FF 0 FF 0 0
ID: 43F, Data: 83 48 60 FF 70 BC C 0
ID: 43F, Data: 83 48 60 FF 70 84 C 0
ID: 153, Data: 80 0 0 FF 0 FF 0 0
ID: 316, Data: 85 21 B0 C 1F 1A 11 7A
ID: 316, Data: 85 21 90 C 20 1A 11 7A
ID: 316, Data: 85 22 72 C 20 1A 10 7A
ID: 153, Data: 80 0 0 FF 0 FF 0 0
ID: 153, Data: 80 0 0 FF 0 FF 0 0
ID: 43F, Data: 83 48 60 FF 70 BC A 0
ID: 18F, Data: 8AA 36 0 0 0 0 0 0
ID: 43F, Data: 83 48 60 FF 70 48 A 0
ID: 260, Data: 8A 23 22 30 2C FF 57 3F
ID: 153, Data: 80 0 0 FF 0 FF 0 0
ID: 316, Data: 85 23 DE A 23 1A E 7A
ID: 153, Data: 80 0 0 FF 0 FF 0 0
ID: 153, Data: 80 0 0 FF 0 FF 0 0
ID: 316, Data: 85 25 74 A 24 19 D 7A
ID: 43F, Data: 83 48 60 FF 70 E8 8 0
ID: 370, Data: 8FF DA F0 FF FF FF FF FF
ID: 370, Data: 8FF DA F0 FF FF FF FF FF
ID: 153, Data: 80 0 0 FF 0 FF 0 0
ID: 316, Data: 85 26 F7 9 25 19 C 7A
ID: 153, Data: 80 0 0 FF 0 FF 0 0
ID: 316, Data: 85 27 D6 9 25 19 B 7A
ID: 316, Data: 85 27 C0 9 25 19 B 7A
ID: 316, Data: 85 27 AD 9 25 19 A 7A
ID: 2A0, Data: 880 0 77 1C 33 0 11 0
ID: 153, Data: 80 0 0 FF 0 FF 0 0
ID: 316, Data: 85 28 B6 9 25 19 9 7A
ID: 153, Data: 80 0 0 FF 0 FF 0 0
ID: 316, Data: 85 28 A2 9 25 19 9 7A
ID: 370, Data: 8FF DA F0 FF FF FF FF FF
ID: 153, Data: 80 0 0 FF 0 FF 0 0
ID: 280, Data: 830 0 84 B0 13 1D 77 51
ID: 316, Data: 85 28 80 9 25 19 8 7A
ID: 43F, Data: 8A 48 60 FF 70 5C 8 0
ID: 316, Data: 85 28 B6 9 25 19 7 7A
ID: 153, Data: 80 0 0 FF 0 FF 0 0
ID: 316, Data: 85 28 D5 9 25 19 7 7A
ID: 153, Data: 80 0 0 FF 0 FF 0 0
ID: 316, Data: 85 27 D8 9 24 19 7 7A
ID: 316, Data: 85 27 E5 9 24 19 6 7A
ID: 153, Data: 80 0 0 FF 0 FF 0 0
ID: 280, Data: 830 0 84 B0 13 1C 77 50
ID: 316, Data: 85 27 BB 9 25 19 6 7A
ID: 316, Data: 85 27 D5 9 25 19 6 7A
ID: 153, Data: 80 0 0 FF 0 FF 0 0
ID: 153, Data: 80 0 0 FF 0 FF 0 0
ID: 316, Data: 85 26 E6 9 25 19 5 7A
ID: 43F, Data: 82 48 60 FF 70 68 5 0
ID: 440, Data: 8DE 82 5 A0 FF AA AA AA
ID: 1F0, Data: 8FC 3F 1 C0 0 0 0 0
ID: 329, Data: 8ED B0 80 8 12 2B 0 26
ID: 280, Data: 830 0 84 B0 14 1B 77 4F
ID: 153, Data: 80 0 0 FF 0 FF 0 0
ID: 316, Data: 85 26 F A 24 19 4 7A
ID: 153, Data: 80 0 0 FF 0 FF 0 0
ID: 153, Data: 80 0 0 FF 0 FF 0 0
ID: 153, Data: 80 0 0 FF 0 FF 0 0
ID: A0, Data: 838 7C E7 9 4 23 2 0
ID: 329, Data: 8ED B0 80 8 12 2B 0 26
ID: 316, Data: 85 26 7 A 24 19 3 7A
ID: 43F, Data: 82 48 60 FF 70 58 3 0
ID: 153, Data: 80 0 0 FF 0 FF 0 0
ID: 153, Data: 80 0 0 FF 0 FF 0 0
ID: 153, Data: 80 0 0 FF 0 FF 0 0
ID: 440, Data: 8BE 72 2 A0 FF AA AA AA
ID: 316, Data: 85 26 FA 9 24 19 2 7A
ID: 153, Data: 80 0 0 FF 0 FF 0 0
ID: 316, Data: 85 26 F A 24 19 2 7A
ID: 153, Data: 80 0 0 FF 0 FF 0 0
ID: 43F, Data: 89 48 60 FF 70 C 2 0
ID: A1, Data: 883 7E 83 7E 26 0 0 0
ID: 153, Data: 80 0 0 FF 0 FF 0 0
ID: 316, Data: 85 26 12 A 24 19 2 7A
ID: 260, Data: 8A 26 24 30 2C FF 6E 5
ID: A0, Data: 838 7C E A 2 23 2 0
ID: 316, Data: 85 26 8 A 24 19 1 7A
ID: 153, Data: 80 0 0 FF 0 FF 0 0
ID: 316, Data: 85 26 7 A 24 19 1 7A
ID: 43F, Data: 89 48 60 FF 70 70 1 0
ID: 43F, Data: 89 48 60 FF 70 5C 1 0
ID: 1F0, Data: 8FC 3F 1 C0 0 0 0 0
ID: 43F, Data: 89 48 60 FF 70 48 1 0
ID: 43F, Data: 89 48 60 FF 70 40 1 0
ID: 316, Data: 85 26 B A 24 19 1 7A
ID: 280, Data: 830 0 84 B0 13 1B 77 4F
ID: 2A0, Data: 820 0 77 1C 33 0 11 0
ID: 153, Data: 80 0 0 FF 0 FF 0 0
ID: 316, Data: 85 26 12 A 24 19 1 7A
ID: 43F, Data: 89 48 60 FF 70 F4 0 0
ID: 43F, Data: 89 48 60 FF 70 D4 0 0
ID: 43F, Data: 89 48 60 FF 70 D4 0 0
ID: 370, Data: 8FF DA F0 FF FF FF FF FF
ID: 440, Data: 8AC 22 0 A0 FF AA AA AA
ID: 316, Data: 85 25 23 A 24 19 0 7A
ID: 43F, Data: 89 48 60 FF 70 18 1 0
ID: 43F, Data: 89 48 60 FF 70 24 1 0
ID: 153, Data: 80 0 0 FF 0 FF 0 0
ID: 316, Data: 85 25 34 A 24 19 0 7A
ID: 316, Data: 85 25 29 A 24 19 0 7A
ID: 316, Data: 85 25 39 A 24 19 0 7A
ID: 260, Data: 8A 25 24 30 2C FF 71 3F
ID: 43F, Data: 89 48 60 FF 70 F0 0 0
ID: 316, Data: 85 25 4C A 24 19 0 7A
ID: 316, Data: 85 25 4B A 24 19 0 7A
ID: 280, Data: 830 0 84 B0 14 1B 77 4E
ID: 153, Data: 80 0 0 FF 0 FF 0 0
ID: 153, Data: 80 0 0 FF 0 FF 0 0
ID: 316, Data: 85 25 41 A 24 19 0 7A
ID: 440, Data: 8AA 31 0 A0 FF AA AA AA
ID: 5F0, Data: 20 0
ID: 280, Data: 830 0 84 B0 14 1B 77 4E
ID: 316, Data: 85 25 3E A 24 19 0 7A
ID: 153, Data: 80 0 0 FF 0 FF 0 0
ID: 43F, Data: 81 48 60 FF 70 58 0 0
ID: 43F, Data: 81 48 60 FF 70 8 0 0
ID: 153, Data: 80 0 0 FF 0 FF 0 0
ID: 316, Data: 85 24 51 A 23 19 0 7A
ID: 153, Data: 80 0 0 FF 0 FF 0 0
ID: 153, Data: 80 0 0 FF 0 FF 0 0
ID: 1F0, Data: 8FC 3F 1 C0 0 0 0 0
ID: 370, Data: 8FF DA F0 FF FF FF FF FF
ID: 18F, Data: 8AA 38 0 0 0 0 0 0
ID: 316, Data: 85 24 45 A 24 19 0 7A
ID: 43F, Data: 81 48 60 FF 70 0 0 0
ID: 370, Data: 8FF DA F0 FF FF FF FF FF
ID: 43F, Data: 81 48 60 FF 70 0 0 0
ID: 316, Data: 85 24 49 A 24 19 0 7A
ID: 153, Data: 80 0 0 FF 0 FF 0 0
ID: 316, Data: 85 24 55 A 23 19 0 7A
ID: 153, Data: 80 0 0 FF 0 FF 0 0
ID: 153, Data: 80 0 0 FF 0 FF 0 0
ID: 43F, Data: 81 48 60 FF 70 0 0 0
ID: 260, Data: 8A 24 24 30 2C FF 6F 6
ID: 43F, Data: 81 48 60 FF 70 0 0 0
ID: 43F, Data: 81 48 60 FF 70 0 0 0
ID: 153, Data: 80 0 0 FF 0 FF 0 0
ID: 316, Data: 85 24 5E A 23 19 0 7A
ID: 153, Data: 80 0 0 FF 0 FF 0 0
ID: 316, Data: 85 24 4C A 23 19 0 7A
ID: 153, Data: 80 0 0 FF 0 FF 0 0
ID: 316, Data: 85 24 36 A 24 19 0 7A
ID: 43F, Data: 81 48 60 FF 70 0 0 0
ID: 440, Data: 8A6 41 0 A0 FF AA AA AA
ID: 43F, Data: 81 48 60 FF 70 0 0 0
ID: A0, Data: 837 7D 38 A 0 23 2 0
ID: 545, Data: 8E4 22 0 8B BF 0 BF 0
ID: A0, Data: 837 7D 38 A 0 23 2 0
ID: 153, Data: 80 0 0 FF 0 FF 0 0
ID: 43F, Data: 81 48 60 FF 70 0 0 0
ID: 2A0, Data: 840 0 78 1C 33 0 11 0
ID: 18F, Data: 8AA 39 0 0 0 0 0 0
ID: 153, Data: 80 0 0 FF 0 FF 0 0
ID: 1F1, Data: 80 63 0 0 0 0 0 0
ID: 316, Data: 85 26 24 A 2C 22 0 7A
ID: 43F, Data: 81 48 60 FF 70 0 0 0
ID: 43F, Data: 81 48 60 FF 70 0 0 0
ID: 316, Data: 85 27 5B A 2C 22 0 7A
ID: 316, Data: 85 28 6A A 2C 22 0 7A
ID: 2A0, Data: 8E0 0 78 1C 33 0 11 0
ID: A0, Data: 840 7D 5B A 0 25 2 0
ID: 43F, Data: 81 48 60 FF 70 0 0 0
ID: 43F, Data: 81 48 60 FF 70 0 0 0
ID: 43F, Data: 81 48 60 FF 70 0 0 0
ID: 153, Data: 80 0 0 FF 0 FF 0 0
ID: 316, Data: 845 29 77 A 2B 22 0 7A
ID: 153, Data: 80 0 0 FF 0 FF 0 0
ID: 153, Data: 80 0 0 FF 0 FF 0 0
ID: 316, Data: 845 2B FE 9 2C 21 0 7A
ID: 43F, Data: 81 48 60 FF 70 0 0 0
ID: 316, Data: 845 2B 15 A 2C 21 0 7A
ID: 316, Data: 845 2C 20 A 2B 21 0 7A
ID: 316, Data: 845 2C 2C A 2B 21 0 7A
ID: 153, Data: 80 0 0 FF 0 FF 0 0
ID: 153, Data: 80 0 0 FF 0 FF 0 0
ID: 316, Data: 845 2C 62 A 2B 21 0 7A
ID: 260, Data: 8A 2D 2B 30 2C FF 70 13
ID: 153, Data: 80 0 0 FF 0 FF 0 0
ID: 329, Data: 884 B0 80 8 12 2C 0 26
ID: 1F0, Data: 8FC 3F 1 C0 0 0 0 0
ID: 260, Data: 8A 2C 2B 30 2C FF 6D 27
ID: 545, Data: 8E4 2B 0 8C B7 0 B7 0
ID: 153, Data: 80 0 0 FF 0 FF 0 0
ID: 316, Data: 845 2B 88 A 2A 22 0 7A
ID: 153, Data: 80 0 0 FF 0 FF 0 0
ID: 316, Data: 845 2B 6D A 2A 22 0 7A
ID: 153, Data: 80 0 0 FF 0 FF 0 0
ID: 316, Data: 845 2B 5B A 2A 22 0 7A
ID: 316, Data: 845 2B 5A A 2A 22 0 7A
ID: 545, Data: 8E4 2A 0 8C A6 0 A6 0
ID: 316, Data: 845 2B 50 A 2B 22 0 7A
ID: 153, Data: 80 0 0 FF 0 FF 0 0
ID: 153, Data: 80 0 0 FF 0 FF 0 0
ID: 316, Data: 845 2B 5A A 2A 22 0 7A
ID: 153, Data: 80 0 0 FF 0 FF 0 0
ID: 316, Data: 845 2B 50 A 2A 22 1 7A
ID: 153, Data: 80 0 0 FF 0 FF 0 0
ID: 316, Data: 845 2B 4C A 2B 22 1 7A
ID: 440, Data: 8C5 E1 1 A0 FF AA AA AA
ID: 329, Data: 8ED B0 80 8 12 2C 0 26
ID: 316, Data: 845 2B 21 A 2B 21 1 7A
ID: 316, Data: 845 2B 2D A 2B 21 1 7A
ID: 545, Data: 8E4 29 0 8C A7 0 A7 0
ID: 1F1, Data: 80 73 C C0 0 D D0 0
ID: 43F, Data: 81 48 60 FF 70 5C 3 0
ID: 43F, Data: 81 48 60 FF 70 5C 3 0
ID: 43F, Data: 81 48 60 FF 70 74 3 0
ID: 316, Data: 845 2B 53 A 2A 21 1 7A
ID: A0, Data: 83F 7D 45 A 2 25 2 0
ID: 153, Data: 80 0 0 FF 0 FF 0 0
ID: 370, Data: 8FF DA F0 FF FF FF FF FF
ID: A1, Data: 886 83 7E 82 29 0 0 0
ID: 316, Data: 845 2B 3D A 2B 21 1 7A
ID: 316, Data: 845 2B 45 A 2A 21 1 7A
ID: 260, Data: 8A 2B 2B 30 2C FF 70 15
ID: 316, Data: 845 2B 54 A 2A 22 1 7A
ID: 316, Data: 845 2B 58 A 2A 22 1 7A
ID: A1, Data: 886 83 7E 82 29 0 0 0
ID: 43F, Data: 81 48 60 FF 70 44 4 0
ID: 153, Data: 80 0 0 FF 0 FF 0 0
ID: 43F, Data: 81 48 60 FF 70 68 4 0
ID: 43F, Data: 81 48 60 FF 71 58 4 0
ID: 316, Data: 845 2B 29 A 2B 21 2 7A
ID: 545, Data: 8E4 28 0 8C A7 0 A7 0
ID: 43F, Data: 81 48 60 FF 70 A0 3 0
ID: 316, Data: 845 2B 32 A 2B 21 2 7A
ID: 316, Data: 845 2B 36 A 2B 21 2 7A
ID: 545, Data: 8E4 28 0 8B A8 0 A8 0
ID: 316, Data: 845 2B 32 A 2B 21 1 7A
ID: 153, Data: 80 0 0 FF 0 FF 0 0
ID: 316, Data: 845 2B 2E A 2B 21 1 7A
ID: 316, Data: 845 2B 2C A 2B 21 1 7A
ID: 329, Data: 8ED B1 80 8 12 2C 0 26
ID: 1F1, Data: 80 74 C C0 0 C C0 0
ID: 153, Data: 80 0 0 FF 0 FF 0 0
ID: 316, Data: 845 2B 39 A 2B 21 1 7A
ID: 153, Data: 80 0 0 FF 0 FF 0 0
ID: 153, Data: 80 0 0 FF 0 FF 0 0
ID: 316, Data: 845 2B 45 A 2A 21 1 7A
ID: 153, Data: 80 0 0 FF 0 FF 0 0
ID: 316, Data: 845 2B 47 A 2A 22 1 7A
ID: 370, Data: 8FF DA F0 FF FF FF FF FF
ID: 316, Data: 845 2B 49 A 2A 21 1 7A
ID: 153, Data: 80 0 0 FF 0 FF 0 0
ID: 153, Data: 80 0 0 FF 0 FF 0 0
ID: 316, Data: 845 2B 47 A 2A 21 1 7A
ID: A0, Data: 83D 7D 47 A 2 24 2 0
ID: 316, Data: 845 2B 47 A 2B 21 1 7A
ID: 316, Data: 845 2B 48 A 2B 21 2 7A
ID: 153, Data: 80 0 0 FF 0 FF 0 0
ID: A0, Data: 83E 7D 48 A 2 24 2 0
ID: 316, Data: 845 2B 63 A 2A 22 2 7A
ID: 316, Data: 845 2B 67 A 2A 22 2 7A
ID: 18F, Data: 8AA 46 0 0 0 0 0 0
ID: 153, Data: 80 0 0 FF 0 FF 0 0
ID: 316, Data: 845 2A 66 A 2A 22 2 7A
ID: 18F, Data: 8AA 46 0 0 0 0 0 0
ID: 316, Data: 845 2A 71 A 2A 22 2 7A
ID: 43F, Data: 81 48 60 FF 71 C8 5 0
ID: 43F, Data: 81 48 60 FF 71 E4 5 0
ID: 440, Data: 8EC 41 2 A0 FF AA AA AA
ID: 316, Data: 845 2A 7C A 2A 22 2 7A
ID: 316, Data: 845 2A 77 A 2A 22 2 7A
ID: 316, Data: 845 2A 74 A 2A 22 2 7A
ID: 280, Data: 830 0 84 B1 14 1D 78 56
ID: 43F, Data: 81 48 60 FF 71 A4 6 0
ID: 316, Data: 845 2F 70 A 2E 22 3 7A
ID: 153, Data: 80 0 0 FF 0 FF 0 0
ID: 153, Data: 80 0 0 FF 0 FF 0 0
ID: A0, Data: 83D 7D 67 A 3 24 2 0
ID: 316, Data: 845 30 D4 A 43 22 3 7A
ID: 316, Data: 845 30 DB A 46 22 3 7A
ID: A0, Data: 83B 7D C0 A 3 25 2 0
ID: 43F, Data: 81 48 60 FF 71 98 7 0
ID: 43F, Data: 81 48 60 FF 71 C0 7 0
ID: 43F, Data: 81 48 60 FF 71 E4 7 0
ID: 43F, Data: 81 48 60 FF 71 C 8 0
ID: 545, Data: 8E4 36 0 8C B 2 B 2
ID: 2A0, Data: 861 1 78 1C 33 0 11 0
ID: 329, Data: 840 B1 80 8 11 35 1D 26
ID: 153, Data: 80 0 0 FF 0 FF 0 0
ID: 153, Data: 80 0 0 FF 0 FF 0 0
ID: 43F, Data: 81 48 60 FF 71 78 9 0
ID: 153, Data: 80 0 0 FF 0 FF 0 0
ID: 43F, Data: 81 48 60 FF 71 38 A 0
ID: 153, Data: 80 0 0 FF 0 FF 0 0
ID: 153, Data: 80 0 0 FF 0 FF 0 0
ID: 18F, Data: 8AA 47 0 0 0 0 0 0
ID: 280, Data: 830 0 88 B1 26 31 78 79
ID: 316, Data: 845 4F 83 13 56 1D 5 7A
ID: 43F, Data: 81 48 60 FF 71 84 C 0
ID: 153, Data: 80 0 0 FF 0 FF 0 0
ID: 316, Data: 845 4F CA 14 55 1D 5 7A
ID: 43F, Data: 81 48 60 FF 71 14 E 0
ID: A0, Data: 860 7D CA 14 6 32 2 0
ID: 153, Data: 80 0 0 FF 0 FF 0 0
ID: 153, Data: 80 0 0 FF 0 FF 0 0
ID: A1, Data: 885 7B 86 7E 3C 0 0 0
ID: 329, Data: 884 B1 80 8 11 3C 1D 26
ID: 2A0, Data: 8A1 8 78 1C 33 0 11 0
ID: 43F, Data: 81 48 60 FF 71 E8 11 0
ID: 440, Data: 8FE 41 8 A0 FF AA AA AA
ID: 545, Data: 8E4 9A 0 8C 96 3 96 3
ID: 153, Data: 80 0 0 FF 0 FF 0 0
ID: 316, Data: 845 4E C8 18 53 1C 9 7A
ID: 153, Data: 80 0 0 FF 0 FF 0 0
ID: 153, Data: 80 0 0 FF 0 FF 0 0
ID: 316, Data: 845 4F A4 19 53 1C A 7A
ID: 370, Data: 8FF DA F0 FF FF FF FF FF
ID: 329, Data: 8ED B1 80 8 11 3F 1F 26
ID: 153, Data: 80 0 0 FF 0 FF 0 0
ID: 280, Data: 830 0 88 B1 36 30 78 86
ID: 316, Data: 845 4E 82 1B 52 1C B 7A
ID: 43F, Data: 81 48 60 FF 70 10 19 0
ID: 316, Data: 845 4D 21 1C 56 1C C 7A
ID: 2A0, Data: 8A1 C 78 1C 33 0 11 0
ID: 153, Data: 80 0 0 FF 0 FF 0 0
ID: 316, Data: 845 53 AC 1D 59 1C D 7A
ID: 153, Data: 80 0 0 FF 0 FF 0 0
ID: 316, Data: 845 56 1A 1F 59 1C D 7A
ID: 316, Data: 845 57 BE 1F 59 1C D 7A
ID: 18F, Data: 8AA 49 0 0 0 0 0 0
ID: 43F, Data: 81 48 60 FF 71 10 1E 0
ID: 153, Data: 80 0 0 FF 0 FF 0 0
ID: 316, Data: 845 56 71 21 5D 1C E 7A
ID: 316, Data: 845 57 D7 21 5E 1C F 7A
ID: 545, Data: 8E4 ED 0 8C 31 4 31 4
ID: 316, Data: 845 5B D7 22 65 1C F 7A
ID: 316, Data: 845 5F 96 23 64 1C 10 7A
ID: 18F, Data: 8AA 48 0 0 0 0 0 0
ID: 316, Data: 845 63 50 25 64 1C 10 7A
ID: 153, Data: 80 0 0 FF 0 FF 0 0
ID: 18F, Data: 8AA 48 0 0 0 0 0 0
ID: 316, Data: 845 62 4A 27 64 1D 11 7A
ID: 316, Data: 845 61 AE 27 64 1D 11 7A
ID: 153, Data: 80 0 0 FF 0 FF 0 0
ID: 316, Data: 845 60 67 28 64 1D 12 7A
ID: 43F, Data: 81 48 60 FF 72 A8 26 0
ID: A1, Data: 882 7E 82 7D 41 0 0 0
ID: 153, Data: 80 0 0 FF 0 FF 0 0
ID: 316, Data: 845 65 2 2B 66 1E 13 7A
ID: 153, Data: 80 0 0 FF 0 FF 0 0
ID: 316, Data: 845 64 71 2C 65 1E 14 7A
ID: 316, Data: 845 64 25 2D 64 1E 14 7A
ID: 153, Data: 80 0 0 FF 0 FF 0 0
ID: 316, Data: 845 62 15 2E 6B 1F 15 7A
ID: 153, Data: 80 0 0 FF 0 FF 0 0
ID: 43F, Data: 81 48 60 FF 72 2C 2D 0
ID: 2A0, Data: 8A1 19 78 1C 33 0 11 0
ID: 43F, Data: 81 48 60 FF 72 CC 2E 0
ID: 440, Data: 8FE 41 17 A0 FF AA AA AA
ID: 329, Data: 8ED B1 80 8 11 53 3E 26
ID: 316, Data: 845 6E 69 33 6E 20 17 7A
ID: 260, Data: 8A 6F 6E 30 2C FF AC 8
ID: 153, Data: 80 0 0 FF 0 FF 0 0
ID: 280, Data: 830 0 88 B1 6A 41 78 93
ID: 316, Data: 845 6D C3 35 6C 21 19 7A
ID: 153, Data: 80 0 0 FF 0 FF 0 0
ID: 316, Data: 845 6C F1 36 6B 21 1A 7A
ID: 153, Data: 80 0 0 FF 0 FF 0 0
ID: 43F, Data: 81 48 60 FF 72 8C 36 0
ID: 545, Data: 8E4 D9 1 8C A 5 A 5
ID: 43F, Data: 81 48 60 FF 72 C 38 0
ID: 153, Data: 80 0 0 FF 0 FF 0 0
ID: 153, Data: 80 0 0 FF 0 FF 0 0
ID: 316, Data: 845 70 F 3C 79 22 1C 7A
ID: 329, Data: 884 B1 80 8 11 5B 50 26
ID: 153, Data: 80 0 0 FF 0 FF 0 0
ID: 316, Data: 845 86 B2 3E 93 23 1D 7A
ID: 153, Data: 80 0 0 FF 0 FF 0 0
ID: 43F, Data: 81 48 60 FF 72 28 3F 0
ID: A0, Data: 8A9 7D 7D 3F 1E 5C 2 0
ID: 43F, Data: 81 48 60 FF 72 70 41 0
ID: 316, Data: 845 92 BA 44 8F 24 1F 7A
ID: 280, Data: 830 0 88 B1 8A 57 78 A8
ID: 316, Data: 845 90 AF 45 90 24 20 7A
ID: 2A0, Data: 81 28 77 1C 33 0 11 0
ID: 43F, Data: 81 48 60 FF 72 24 45 0
ID: 43F, Data: 81 48 60 FF 72 38 46 0
ID: 2A0, Data: 81 2A 77 1C 33 0 11 0
ID: 153, Data: 80 0 0 FF 0 FF 0 0
ID: 316, Data: 845 9F 38 4D CD 27 24 7A
ID: 440, Data: 8FE 31 25 A0 FF AA AA AA
ID: 545, Data: 8E4 25 4 8C 9 9 9 9
ID: 43F, Data: 8A 48 60 FF 72 68 4E 0
ID: 153, Data: 80 0 0 FF 0 FF 0 0
ID: 316, Data: 845 B4 FC 52 C7 29 26 7A
ID: 153, Data: 80 0 0 FF 0 FF 0 0
ID: A1, Data: 87E 80 80 7F 55 0 0 0
ID: 260, Data: 8A BB C8 30 2C FF 9E 6
ID: 260, Data: 8A BA C8 30 2C FF 9E 16
ID: 43F, Data: 8A 48 60 FF 72 10 53 0
ID: 370, Data: 8FF D5 F0 FF FF FF FF FF
ID: 18F, Data: 8AA 4B 0 0 0 0 0 0
ID: 316, Data: 845 7F 52 50 C8 28 2B 7A
ID: 153, Data: 80 0 0 FF 0 FF 0 0
ID: 153, Data: 80 0 0 FF 0 FF 0 0
ID: 545, Data: 8E4 FF 3 8C C3 5 3A A
ID: 316, Data: 845 76 EF 40 D9 23 2D 7A
ID: 329, Data: 884 B1 80 8 11 86 A1 26
ID: 153, Data: 80 0 0 FF 0 FF 0 0
ID: 329, Data: 8ED B1 80 8 11 96 A1 26
ID: 316, Data: 845 BD 2B 3B DD 22 2F 7A
ID: 43F, Data: 8A 48 60 FF 72 A0 36 0
ID: 316, Data: 845 C6 D2 3A DC 22 30 7A
ID: A0, Data: 8EB 7D 2B 3B 2F 90 2 0
ID: 316, Data: 845 C6 3D 3C DD 22 31 7A
ID: 280, Data: 830 0 88 B1 79 79 76 D2
ID: 153, Data: 80 0 0 FF 0 FF 0 0
ID: 2A0, Data: 8C1 51 76 1C 33 0 11 0
ID: 316, Data: 845 C9 4E 3E D3 23 33 7A
ID: 2A0, Data: 81 52 76 1C 33 0 11 0
ID: 316, Data: 845 C9 7D 3F B2 23 34 7A
ID: 316, Data: 845 C8 1A 40 9D 23 35 7A
ID: 316, Data: 845 BE 4F 40 80 23 35 7A
ID: 18F, Data: 8AA 4B 0 0 0 0 0 0
ID: 43F, Data: 82 48 60 FF 72 C 3D 0
ID: 43F, Data: 82 48 60 FF 72 C 3D 0
ID: 153, Data: 80 0 0 FF 0 FF 0 0
ID: 316, Data: 845 7D 4A 3F 7B 24 37 7A
ID: 316, Data: 845 7A 1A 40 7A 24 38 7A
ID: 43F, Data: 82 48 60 FF 72 14 3F 0
ID: 316, Data: 845 6E CA 41 27 24 38 7A
ID: 153, Data: 80 0 0 FF 0 FF 0 0
ID: 153, Data: 80 0 0 FF 0 FF 0 0
ID: 316, Data: 845 33 B2 3E 13 26 39 7A
ID: A1, Data: 883 7C 86 7C 32 0 0 0
ID: 329, Data: 8ED B0 80 8 11 3A 0 26
ID: 316, Data: 845 20 89 3D 14 27 39 7A
ID: 43F, Data: 82 48 60 FF 72 60 3E 0
ID: 329, Data: 840 B0 80 8 11 39 0 26
ID: A1, Data: 885 80 8E 7C 16 0 0 0
ID: 316, Data: 845 1B EB 3D 14 28 39 7A
ID: 316, Data: 845 1A BA 3D 14 27 39 7A
ID: A1, Data: 883 80 8F 7E 15 0 0 0
ID: 316, Data: 845 18 F9 3C 14 27 38 7A
ID: 440, Data: 8FE 22 38 A0 FF AA AA AA
ID: 316, Data: 845 17 9B 3C 14 27 38 7A
ID: 260, Data: 8A 17 14 30 2C FF 7E 5
ID: 153, Data: 80 0 0 FF 0 FF 0 0
ID: 545, Data: 8E4 A4 0 8D C FF C FF
ID: 316, Data: 845 1B 3D 3C 14 27 38 7A
ID: 1F0, Data: 81 40 1 C0 0 0 0 0
ID: 316, Data: 845 1C 3D 3C 14 27 37 7A
ID: 153, Data: 80 0 0 FF 0 FF 0 0
ID: 329, Data: 8B B0 80 8 11 3E 0 26
ID: 316, Data: 845 1B 3D 3C 14 27 37 7A
ID: 153, Data: 80 0 0 FF 0 FF 0 0
ID: 5F0, Data: 20 0
ID: 153, Data: 80 0 0 FF 0 FF 0 0
ID: 153, Data: 80 0 0 FF 0 FF 0 0
ID: 2A0, Data: 820 38 75 1C 33 0 11 0
ID: 316, Data: 845 1C 58 3B 14 27 36 7A
ID: A0, Data: 82C 7B 86 3B 37 35 2 0
ID: 153, Data: 80 0 0 FF 0 FF 0 0
ID: 329, Data: 8B AF 80 8 11 3E 0 26
ID: 153, Data: 80 0 0 FF 0 FF 0 0
ID: 329, Data: 840 AF 80 8 11 3E 0 26
ID: 316, Data: 84D 18 7A 3A 14 26 36 7A
ID: 153, Data: 80 0 0 FF 0 FF 0 0
ID: 43F, Data: 8B 48 60 FF 72 7C 39 0
ID: 5F0, Data: 20 0
ID: 316, Data: 84D 9 18 37 14 26 35 7A
ID: 153, Data: 80 0 0 FF 0 FF 0 0
ID: A0, Data: 82D 7B E8 35 36 34 4 0
ID: 329, Data: 840 AF 80 8 11 3C 0 26
ID: 153, Data: 80 0 0 FF 0 FF 0 0
ID: 153, Data: 80 0 0 FF 0 FF 0 0
ID: A0, Data: 82D 7B E0 31 35 33 4 0
ID: 2A0, Data: 8E0 2D 75 1C 33 0 11 0
ID: 43F, Data: 8B 48 60 FF 72 E4 2E 0
ID: 370, Data: 8FF D5 F0 FF FF FF FF FF
ID: 316, Data: 84D 0 92 2B 16 24 35 7A
ID: 153, Data: 80 0 0 FF 0 FF 0 0
ID: 316, Data: 84D 0 E6 28 16 23 34 7A
ID: 316, Data: 84D 0 AE 27 17 23 34 7A
ID: 260, Data: 80 0 22 30 2C FF 6E 9
ID: 316, Data: 845 18 74 25 2A 22 34 7A
ID: 153, Data: 80 0 0 FF 0 FF 0 0
ID: 316, Data: 845 2F F7 24 2E 22 34 7A
ID: 153, Data: 80 0 0 FF 0 FF 0 0
ID: 316, Data: 845 2D 5 26 2E 22 34 7A
ID: 316, Data: 845 2D 76 26 2E 22 34 7A
ID: 260, Data: 8B 2C 2E 30 2C FF D3 17
ID: 370, Data: 8FF D5 F0 FF FF FF FF FF
ID: A0, Data: 832 7A 76 26 34 30 2 0
ID: 153, Data: 80 0 0 FF 0 FF 0 0
ID: 316, Data: 845 2E 86 25 37 22 33 7A
ID: 153, Data: 80 0 0 FF 0 FF 0 0
ID: 43F, Data: 83 48 60 FF 72 14 25 0
ID: 18F, Data: 8AA 4F 0 0 0 0 0 0
ID: 43F, Data: 83 48 60 FF 72 34 25 0
ID: 153, Data: 80 0 0 FF 0 FF 0 0
ID: 153, Data: 80 0 0 FF 0 FF 0 0
ID: 316, Data: 845 42 89 26 41 20 33 7A
ID: 2A0, Data: 861 24 75 1C 33 0 11 0
ID: 153, Data: 80 0 0 FF 0 FF 0 0
ID: 2A0, Data: 8C1 23 75 1C 33 0 11 0
ID: 316, Data: 845 44 76 26 34 20 33 7A
ID: A0, Data: 84D 7A 89 26 34 38 2 0
ID: 43F, Data: 83 48 60 FF 72 14 25 0
ID: 316, Data: 845 3F 50 26 34 20 33 7A
ID: 440, Data: 8FE B3 33 A0 FF AA AA AA
ID: 316, Data: 845 3B 2A 26 35 20 33 7A
ID: 43F, Data: 83 48 60 FF 72 24 25 0
ID: 545, Data: 8E4 AA 0 8D B1 1 B1 1
ID: 153, Data: 80 0 0 FF 0 FF 0 0
ID: 316, Data: 845 38 2A 26 35 21 33 7A
ID: 153, Data: 80 0 0 FF 0 FF 0 0
ID: 153, Data: 80 0 0 FF 0 FF 0 0
ID: 316, Data: 845 37 3D 26 3F 21 33 7A
ID: 440, Data: 8FE C3 33 A0 FF AA AA AA
ID: 2A0, Data: 8A1 20 75 1C 33 0 11 0
ID: 316, Data: 845 3E 76 26 42 20 33 7A
ID: 280, Data: 830 0 88 AD 4D 26 75 65
ID: 316, Data: 845 41 C2 26 44 20 33 7A
ID: 260, Data: 8B 42 49 30 2C FF C9 3B
ID: 43F, Data: 83 48 60 FF 72 48 25 0
ID: 18F, Data: 8AA 51 0 0 0 0 0 0
ID: 153, Data: 80 0 0 FF 0 FF 0 0
ID: 1F1, Data: 80 73 9C 81 19 A3 31 1A
ID: 2A0, Data: 8A1 20 75 1C 33 0 11 0
ID: 153, Data: 80 0 0 FF 0 FF 0 0
ID: 316, Data: 845 60 0 28 6F 1E 34 7A
ID: 370, Data: 8FF D5 F0 FF FF FF FF FF
ID: 260, Data: 8B 6D 78 30 2C FF B5 22
ID: 316, Data: 845 77 29 28 78 1D 34 7A
ID: A0, Data: 883 7A 3D 28 34 45 2 0
ID: 316, Data: 845 7B AE 27 6F 13 34 7A
ID: 316, Data: 845 78 4A 27 71 13 34 7A
ID: 43F, Data: 843 48 60 FF 73 38 26 0
ID: 440, Data: 8FE C3 35 A0 FF AA AA AA
ID: 153, Data: 80 0 0 FF 0 FF 0 0
ID: 1F1, Data: 80 B A6 F1 19 B3 31 1B
ID: 316, Data: 845 72 4A 27 78 13 35 7A
ID: 43F, Data: 843 48 60 FF 72 F8 26 0
ID: 43F, Data: 843 48 60 FF 72 18 27 0
ID: 153, Data: 80 0 0 FF 0 FF 0 0
ID: 153, Data: 80 0 0 FF 0 FF 0 0
ID: 316, Data: 85 7A A6 28 81 14 36 7A
ID: 43F, Data: 843 48 60 FF 72 B8 27 0
ID: 316, Data: 85 82 26 29 83 13 36 7A
ID: 153, Data: 80 0 0 FF 0 FF 0 0
ID: 153, Data: 80 0 0 FF 0 FF 0 0
ID: 316, Data: 85 85 3C 29 84 13 37 7A
ID: 153, Data: 80 0 0 FF 0 FF 0 0
ID: 316, Data: 85 85 7E 29 84 13 37 7A
ID: 153, Data: 80 0 0 FF 0 FF 0 0
ID: 153, Data: 80 0 0 FF 0 FF 0 0
ID: 316, Data: 85 85 4 2A 7F 14 38 7A
ID: 370, Data: 8FF D5 F0 FF FF FF FF FF
ID: 329, Data: 884 AD 80 8 11 54 44 26
ID: 153, Data: 80 0 0 FF 0 FF 0 0
ID: 153, Data: 80 0 0 FF 0 FF 0 0
ID: 316, Data: 85 7E 8D 2A 78 14 39 7A
ID: 153, Data: 80 0 0 FF 0 FF 0 0
ID: 2A0, Data: 8A1 2C 74 1C 33 0 11 0
ID: 316, Data: 85 79 BC 2A 78 14 3A 7A
ID: 260, Data: 8B 7A 79 30 2C FF AA 3E
ID: 5F0, Data: 20 0
ID: 329, Data: 884 AD 80 8 11 52 42 26
ID: 280, Data: 830 0 88 AD 56 47 74 96
ID: 153, Data: 80 0 0 FF 0 FF 0 0
ID: 316, Data: 85 77 AB 2B 77 15 3B 7A
ID: 1F1, Data: 80 41 D1 31 1D E3 21 1E
ID: 260, Data: 8B 78 78 30 2C FF AC 20
ID: 316, Data: 85 77 DC 2B 77 15 3B 7A
ID: 18F, Data: 8AA 4C 0 0 0 0 0 0
ID: 316, Data: 85 77 3F 2C 75 15 3C 7A
ID: 153, Data: 80 0 0 FF 0 FF 0 0
ID: 153, Data: 80 0 0 FF 0 FF 0 0
ID: 316, Data: 85 73 A4 2C 66 15 3C 7A
ID: 153, Data: 80 0 0 FF 0 FF 0 0
ID: 316, Data: 85 6C 8B 2C 66 15 3C 7A
ID: 316, Data: 85 6B 71 2C 66 15 3D 7A
ID: 260, Data: 8B 6A 67 30 2C FF B2 2A
ID: 316, Data: 85 68 A4 2C 66 15 3D 7A
ID: 316, Data: 85 67 BE 2C 66 15 3D 7A
ID: 316, Data: 85 66 D7 2C 67 15 3D 7A
ID: 316, Data: 85 66 25 2D 66 16 3D 7A
ID: 5F0, Data: 20 0
ID: 43F, Data: 843 48 60 FF 73 D8 2C 0
ID: 153, Data: 80 0 0 FF 0 FF 0 0
ID: 18F, Data: 8AA 49 0 0 0 0 0 0
ID: 545, Data: 8E4 59 1 8D 84 5 84 5
ID: 370, Data: 8FF DA F0 FF FF FF FF FF
ID: 316, Data: 85 65 C4 2D 66 16 3E 7A
ID: 153, Data: 80 0 0 FF 0 FF 0 0
ID: 260, Data: 8B 66 67 30 2C FF B5 1C
ID: 316, Data: 85 65 30 2E 66 16 3F 7A
ID: 43F, Data: 843 48 60 FF 73 8C 2D 0
ID: 43F, Data: 84C 48 60 FF 73 AC 2D 0
ID: 18F, Data: 8AA 47 0 0 0 0 0 0
ID: 316, Data: 85 65 82 2E 66 16 3F 7A
ID: 153, Data: 80 0 0 FF 0 FF 0 0
ID: 1F0, Data: 82 40 1 C0 0 0 0 0
ID: 316, Data: 85 66 BA 2E 66 16 3F 7A
ID: 43F, Data: 84C 48 60 FF 73 40 2E 0
ID: 280, Data: 830 0 88 AE 5E 3D 74 8A
ID: 153, Data: 80 0 0 FF 0 FF 0 0
ID: 153, Data: 80 0 0 FF 0 FF 0 0
ID: 316, Data: 85 67 48 2F 65 16 40 7A
ID: 153, Data: 80 0 0 FF 0 FF 0 0
ID: 316, Data: 85 67 9E 2F 65 16 40 7A
ID: 316, Data: 85 54 6D 30 64 17 40 7A
ID: 18F, Data: 8AA 46 0 0 0 0 0 0
ID: 316, Data: 85 52 DF 2D 66 16 41 7A
ID: 153, Data: 80 0 0 FF 0 FF 0 0
ID: 316, Data: 85 57 48 2A 6A 14 41 7A
ID: 316, Data: 85 5A A6 28 6C 14 41 7A
ID: A0, Data: 881 7B 48 2A 41 44 2 0
ID: 316, Data: 85 6F 18 26 6E 13 41 7A
ID: 316, Data: 85 73 18 26 6E 13 41 7A
ID: A0, Data: 886 7B 18 26 42 43 2 0
ID: 316, Data: 85 72 86 25 6F 13 42 7A
ID: 316, Data: 85 72 E6 24 70 13 42 7A
ID: 43F, Data: 84C 48 60 FF 73 E8 23 0
ID: 316, Data: 85 72 C3 24 70 12 42 7A
ID: 153, Data: 80 0 0 FF 0 FF 0 0
ID: 316, Data: 85 71 3E 25 6F 13 42 7A
ID: 153, Data: 80 0 0 FF 0 FF 0 0
ID: 280, Data: 830 0 88 AE 4A 43 74 94
ID: 316, Data: 85 6F 62 25 68 13 43 7A
ID: 43F, Data: 844 48 60 FF 74 60 24 0
ID: 316, Data: 85 6B 2C 25 68 13 43 7A
ID: A1, Data: 881 7B 7D 7E 45 0 0 0
ID: 153, Data: 80 0 0 FF 0 FF 0 0
ID: 316, Data: 85 6A 86 25 6F 13 43 7A
ID: 153, Data: 80 0 0 FF 0 FF 0 0
ID: 329, Data: 8ED AE 80 8 11 4B 38 26
ID: 1F0, Data: 83 40 1 C0 0 0 0 0
ID: A1, Data: 882 7B 80 7E 45 0 0 0
ID: 280, Data: 830 0 88 AF 4B 42 74 95
ID: 329, Data: 840 AF 80 8 11 4D 38 26
ID: 316, Data: 85 6F 18 26 70 13 44 7A
ID: 329, Data: 884 AF 80 8 11 4D 3A 26
ID: 440, Data: 8FE E4 44 A0 FF AA AA AA
ID: 316, Data: 85 71 3D 26 74 13 44 7A
ID: 153, Data: 80 0 0 FF 0 FF 0 0
ID: 316, Data: 85 72 3D 26 76 12 45 7A
ID: 316, Data: 85 73 50 26 78 13 45 7A
ID: 260, Data: 8B 76 79 30 2C FF AA 32
ID: 316, Data: 85 78 9C 26 78 12 45 7A
ID: 18F, Data: 8AA 41 0 0 0 0 0 0
ID: 43F, Data: 844 48 60 FF 73 CC 25 0
ID: 153, Data: 80 0 0 FF 0 FF 0 0
ID: 153, Data: 80 0 0 FF 0 FF 0 0
ID: 316, Data: 85 78 C2 26 78 13 46 7A
ID: 153, Data: 80 0 0 FF 0 FF 0 0
ID: 316, Data: 85 78 D5 26 78 13 46 7A
ID: 316, Data: 85 78 10 27 78 13 46 7A
ID: 2A0, Data: 861 36 73 1C 33 0 11 0
ID: 43F, Data: 844 48 60 FF 73 60 26 0
ID: 316, Data: 85 78 5E 27 78 13 47 7A
ID: 440, Data: 8FE 44 47 A0 FF AA AA AA
ID: 316, Data: 85 78 72 27 78 13 47 7A
ID: 5F0, Data: 20 0
ID: 316, Data: 85 78 86 27 78 13 47 7A
ID: 316, Data: 85 78 9A 27 78 13 47 7A
ID: 43F, Data: 844 48 60 FF 73 DC 26 0
ID: 43F, Data: 844 48 60 FF 73 F0 26 0
ID: 260, Data: 8B 7A 79 30 2C FF A8 30
ID: 316, Data: 85 79 14 28 77 13 48 7A
ID: 260, Data: 8B 7A 76 30 2C FF A8 24
ID: 43F, Data: 844 48 60 FF 73 34 27 0
ID: 280, Data: 830 0 88 AF 50 48 73 98
ID: 153, Data: 80 0 0 FF 0 FF 0 0
ID: 316, Data: 85 6F 29 28 5E 13 48 7A
ID: 316, Data: 85 6C 14 28 59 14 49 7A
ID: A1, Data: 881 7E 80 7D 41 0 0 0
ID: 440, Data: 8FE E4 49 A0 FF AA AA AA
ID: 43F, Data: 844 48 60 FF 73 90 27 0
ID: 153, Data: 80 0 0 FF 0 FF 0 0
ID: 316, Data: 85 4A C2 27 41 15 49 7A
ID: 153, Data: 80 0 0 FF 0 FF 0 0
ID: 280, Data: 830 0 88 B0 4F 2A 73 6E
ID: 316, Data: 85 45 52 28 1F 16 49 7A
ID: A0, Data: 84F 7D EB 27 4A 39 2 0
ID: 43F, Data: 844 48 60 FF 73 BC 27 0
ID: 43F, Data: 844 48 60 FF 73 B0 27 0
ID: 43F, Data: 844 48 60 FF 74 C4 27 0
ID: 316, Data: 85 27 14 28 E 1A 49 7A
ID: 43F, Data: 844 48 60 FF 73 A8 27 0
ID: 43F, Data: 844 48 60 FF 73 AC 27 0
ID: 280, Data: 830 0 84 B0 4F 13 73 34
ID: 153, Data: 80 0 0 FF 0 FF 0 0
ID: 280, Data: 830 0 84 B0 4E 11 73 31
ID: 153, Data: 80 0 0 FF 0 FF 0 0
ID: 1F0, Data: 80 40 1 C0 0 0 0 0
ID: 545, Data: 8E4 4B 0 8D F5 FF F5 FF
ID: 316, Data: 85 19 FC 26 10 1A 49 7A
ID: 153, Data: 80 0 0 FF 0 FF 0 0
ID: 153, Data: 80 0 0 FF 0 FF 0 0
ID: 316, Data: 85 16 76 26 10 1A 49 7A
ID: 153, Data: 80 0 0 FF 0 FF 0 0
ID: 316, Data: 85 13 E0 25 10 1A 49 7A
ID: 316, Data: 85 12 98 25 10 1A 49 7A
ID: 545, Data: 8E4 4B 0 8D 83 FF 83 FF
ID: 43F, Data: 844 48 60 FF 73 34 27 0
ID: 316, Data: 85 15 B2 24 10 19 49 7A
ID: 153, Data: 80 0 0 FF 0 FF 0 0
ID: 316, Data: 85 17 90 24 10 19 48 7A
ID: 153, Data: 80 0 0 FF 0 FF 0 0
ID: 153, Data: 80 0 0 FF 0 FF 0 0
ID: 316, Data: 85 18 E6 24 10 19 48 7A
ID: 440, Data: 8FE 94 48 A0 FF AA AA AA
ID: 18F, Data: 8AA 3D 0 0 0 0 0 0
ID: 316, Data: 85 18 50 25 10 19 48 7A
ID: 316, Data: 85 18 62 25 10 19 48 7A
ID: 316, Data: 85 18 86 25 10 19 48 7A
ID: 43F, Data: 844 48 60 FF 73 C4 26 0
ID: 316, Data: 85 18 98 25 10 19 48 7A
ID: 153, Data: 80 0 0 FF 0 FF 0 0
ID: 316, Data: 8D 18 98 25 10 19 48 7A
ID: 316, Data: 8D 18 98 25 10 19 47 7A
ID: 545, Data: 8E4 52 0 8D 9F FF 9F FF
ID: 43F, Data: 844 48 60 FF 73 64 26 0
ID: 280, Data: 830 0 20 B1 4A 15 73 38
ID: 5F0, Data: 20 0
ID: 316, Data: 8D 10 1B 25 10 19 47 7A
ID: 153, Data: 80 0 0 FF 0 FF 0 0
ID: 316, Data: 8D C 3E 25 10 19 47 7A
ID: 440, Data: 8FE E4 47 A0 FF AA AA AA
ID: 316, Data: 85 B 74 25 1D 19 47 7A
ID: 316, Data: 85 1D CE 25 20 19 47 7A
ID: 43F, Data: 844 48 60 FF 73 58 26 0
ID: 370, Data: 8FF DE F0 FF FF FF FF FF
ID: 153, Data: 80 0 0 FF 0 FF 0 0
ID: 153, Data: 80 0 0 FF 0 FF 0 0
ID: 316, Data: 85 23 AF 26 28 19 47 7A
ID: 153, Data: 80 0 0 FF 0 FF 0 0
ID: 316, Data: 85 27 89 26 28 19 47 7A
ID: 1F1, Data: 80 1C 2C F2 22 3B 82 23
ID: 2A0, Data: 8A1 1A 73 1C 33 0 11 0
ID: 316, Data: 85 28 D5 26 28 19 46 7A
ID: 316, Data: 85 28 E9 26 F 19 46 7A
ID: 440, Data: 8FE 44 46 A0 FF AA AA AA
ID: 316, Data: 85 27 C2 26 F 19 46 7A
ID: 43F, Data: 844 48 60 FF 73 20 26 0
ID: 5F0, Data: 20 0
ID: 370, Data: 8FF DE F0 FF FF FF FF FF
ID: 545, Data: 8E4 65 0 8D 84 0 84 0
ID: 43F, Data: 844 48 60 FF 73 F8 25 0
ID: 5F0, Data: 20 0
ID: 43F, Data: 844 48 60 FF 73 F0 25 0
ID: 260, Data: 8B 1D 10 30 2C FF C7 13
ID: 316, Data: 85 1B AA 25 10 1A 46 7A
ID: 18F, Data: 8AA 3B 0 0 0 0 0 0
ID: 316, Data: 85 19 62 25 10 1A 46 7A
ID: 43F, Data: 844 48 60 FF 73 E8 25 0
ID: 153, Data: 80 0 0 FF 0 FF 0 0
ID: 153, Data: 80 0 0 FF 0 FF 0 0
ID: 545, Data: 8E4 4D 0 8D B5 FF B5 FF
ID: 43F, Data: 844 48 60 FF 73 B0 25 0
ID: 153, Data: 80 0 0 FF 0 FF 0 0
ID: 153, Data: 80 0 0 FF 0 FF 0 0
ID: 316, Data: 85 15 E8 23 11 19 46 7A
ID: 43F, Data: 844 48 60 FF 73 B4 25 0
ID: 316, Data: 85 16 96 23 11 19 46 7A
ID: 153, Data: 80 0 0 FF 0 FF 0 0
ID: 153, Data: 80 0 0 FF 0 FF 0 0
ID: 316, Data: 85 17 B6 23 11 19 46 7A
ID: 153, Data: 80 0 0 FF 0 FF 0 0
ID: 316, Data: 85 17 C7 23 11 19 45 7A
ID: 153, Data: 80 0 0 FF 0 FF 0 0
ID: 1F1, Data: 80 C8 27 42 22 2F 2 23
ID: 316, Data: 85 17 96 23 11 19 45 7A
ID: A0, Data: 826 7E A6 23 46 2C 2 0
ID: 5F0, Data: 20 0
ID: 316, Data: 85 17 76 23 11 19 45 7A
ID: 43F, Data: 844 48 60 FF 73 5C 25 0
ID: A0, Data: 825 7E 76 23 46 2C 2 0
ID: 153, Data: 80 0 0 FF 0 FF 0 0
ID: 316, Data: 8D 17 65 23 11 19 45 7A
ID: 153, Data: 80 0 0 FF 0 FF 0 0
ID: 260, Data: 80 13 11 30 2C FF 67 3B
ID: 316, Data: 8D 13 65 23 11 19 45 7A
ID: 5F0, Data: 20 0
ID: 316, Data: 8D F 16 23 11 19 45 7A
ID: 153, Data: 80 0 0 FF 0 FF 0 0
ID: 2A0, Data: 8E0 F 73 1C 33 0 11 0
ID: 153, Data: 80 0 0 FF 0 FF 0 0
ID: 43F, Data: 844 48 60 FF 73 C8 24 0
ID: 316, Data: 8D 8 C7 23 11 19 44 7A
ID: 370, Data: 8FF DE F0 FF FF FF FF FF
ID: 316, Data: 8D 8 9 24 10 19 44 7A
ID: A1, Data: 880 80 80 7F 1A 0 0 0
ID: 43F, Data: 844 48 60 FF 73 94 24 0
ID: 153, Data: 80 0 0 FF 0 FF 0 0
ID: 153, Data: 80 0 0 FF 0 FF 0 0
ID: 316, Data: 8D 0 4C 24 10 19 44 7A
ID: 153, Data: 80 0 0 FF 0 FF 0 0
ID: 316, Data: 8D 0 3B 24 10 19 43 7A
ID: 153, Data: 80 0 0 FF 0 FF 0 0
ID: 329, Data: 840 B2 80 8 11 36 0 26
ID: 316, Data: 8D 0 19 24 10 19 43 7A
ID: 2A0, Data: 820 C 73 1C 33 0 11 0
ID: 316, Data: 8D 0 A6 23 10 19 43 7A
ID: 153, Data: 80 0 0 FF 0 FF 0 0
ID: 316, Data: 8D 0 65 23 10 18 43 7A
ID: 316, Data: 8D 0 36 23 10 18 43 7A
ID: 545, Data: 8E4 0 0 8D 48 FE 48 FE
ID: 43F, Data: 844 48 60 FF 73 D4 23 0
ID: 43F, Data: 844 48 60 FF 73 E4 23 0
ID: 260, Data: 80 0 10 30 2C FF 65 32
ID: 316, Data: 8D 0 16 23 10 18 42 7A
ID: 316, Data: 8D 0 16 23 10 18 42 7A
ID: 5F0, Data: 20 0
ID: 43F, Data: 844 48 60 FF 73 B0 23 0
ID: 316, Data: 8D 0 F7 22 10 18 42 7A
ID: 316, Data: 8D 0 D7 22 10 18 42 7A
ID: 5F0, Data: 20 0
ID: 43F, Data: 844 48 60 FF 73 84 23 0
ID: 153, Data: 80 0 0 FF 0 FF 0 0
ID: 280, Data: 830 0 20 B2 45 17 73 41
ID: 316, Data: 8D 0 A9 22 10 18 42 7A
ID: 153, Data: 80 0 0 FF 0 FF 0 0
ID: 316, Data: 8D 0 8A 22 11 18 41 7A
ID: 153, Data: 80 0 0 FF 0 FF 0 0
ID: 316, Data: 8D 0 7B 22 11 18 41 7A
ID: 153, Data: 80 0 0 FF 0 FF 0 0
ID: 316, Data: 8D 0 6C 22 11 18 41 7A
ID: 1F0, Data: 81 40 1 C0 0 0 0 0
ID: 316, Data: 8D 0 4E 22 16 18 41 7A
ID: 43F, Data: 844 48 60 FF 73 EC 22 0
ID: 545, Data: 8E4 0 0 8D 49 FE 49 FE
ID: 316, Data: 85 11 21 22 1F 18 41 7A
ID: 316, Data: 85 17 21 22 1F 18 41 7A
ID: 43F, Data: 844 48 60 FF 73 E4 22 0
ID: 316, Data: 85 22 F7 22 20 19 40 7A
ID: 260, Data: 8B 22 20 30 2C FF D5 3B
ID: 5F0, Data: 20 0
ID: 18F, Data: 8AA 39 0 0 0 0 0 0
ID: 153, Data: 80 0 0 FF 0 FF 0 0
ID: 43F, Data: 844 48 60 FF 73 CC 22 0
ID: 153, Data: 80 0 0 FF 0 FF 0 0
ID: 18F, Data: 8AA 39 0 0 0 0 0 0
ID: 316, Data: 85 1D B8 22 11 19 40 7A
ID: 316, Data: 85 1C A9 22 11 19 40 7A
ID: A0, Data: 820 7E B8 22 41 2A 2 0
ID: 43F, Data: 844 48 60 FF 73 64 22 0
ID: 370, Data: 8FF DE F0 FF FF FF FF FF
ID: 153, Data: 80 0 0 FF 0 FF 0 0
ID: 316, Data: 85 19 3 22 12 19 40 7A
ID: 316, Data: 85 18 E5 21 12 19 40 7A
ID: 329, Data: 8B B2 80 8 11 31 0 26
ID: 43F, Data: 844 48 60 FF 73 64 22 0
ID: 153, Data: 80 0 0 FF 0 FF 0 0
ID: 1F1, Data: 80 C8 F4 41 1F 2 22 20
ID: 316, Data: 85 14 2A 21 12 19 40 7A
ID: A1, Data: 893 80 94 7F 17 0 0 0
ID: 316, Data: 85 13 C9 20 12 19 3F 7A
ID: 316, Data: 85 13 AE 20 12 19 3F 7A
ID: 18F, Data: 8AA 39 0 0 0 0 0 0
ID: 43F, Data: 844 48 60 FF 73 44 22 0
ID: 153, Data: 80 0 0 FF 0 FF 0 0
ID: 316, Data: 85 17 A0 20 1B 22 3F 7A
ID: 316, Data: 85 17 BB 20 1B 22 3F 7A
ID: 18F, Data: 8AA 39 0 0 0 0 0 0
ID: 440, Data: 8FE E4 3F A0 FF AA AA AA
ID: 43F, Data: 844 48 60 FF 73 C 22 0
ID: 5A0, Data: 80 0 0 90 0 0 0 0
ID: 153, Data: 80 0 0 FF 0 FF 0 0
ID: 1F0, Data: 80 40 1 C0 0 0 0 0
ID: 316, Data: 845 19 38 21 1A 22 3F 7A
ID: 153, Data: 80 0 0 FF 0 FF 0 0
ID: 18F, Data: 8AA 39 0 0 0 0 0 0
ID: 316, Data: 845 19 27 20 1B 22 3E 7A
ID: 316, Data: 84D 19 D 20 1B 22 3E 7A
ID: 153, Data: 80 0 0 FF 0 FF 0 0
ID: 153, Data: 80 0 0 FF 0 FF 0 0
ID: 5F0, Data: 20 0
ID: 153, Data: 80 0 0 FF 0 FF 0 0
ID: 153, Data: 80 0 0 FF 0 FF 0 0
ID: 2A0, Data: 840 5 73 1C 33 0 11 0
ID: 316, Data: 84D 11 FC 1D 1B 22 3E 7A
ID: 2A0, Data: 880 5 73 1C 33 0 11 0
ID: 153, Data: 80 0 0 FF 0 FF 0 0
ID: 316, Data: 84D D 70 1E 1B 22 3E 7A
ID: 153, Data: 80 0 0 FF 0 FF 0 0
ID: 260, Data: 80 D 1B 30 2C FF 50 12
ID: 316, Data: 84D 8 E 1F 1B 22 3D 7A
ID: 260, Data: 80 8 1B 30 2C FF 4E 38
ID: 43F, Data: 844 48 60 FF 73 D8 20 0
ID: 316, Data: 84D 4 B2 1F 1B 22 3D 7A
ID: 43F, Data: 844 48 60 FF 73 D0 20 0
ID: 316, Data: 84D 0 1A 20 1A 22 3D 7A
ID: A1, Data: 880 80 80 7F 1E 0 0 0
ID: 43F, Data: 844 48 60 FF 73 A8 20 0
ID: 43F, Data: 844 48 60 FF 73 90 20 0
ID: 440, Data: 8FE 94 3C A0 FF AA AA AA
ID: 316, Data: 84D 0 92 20 1A 22 3C 7A
ID: 43F, Data: 844 48 60 FF 73 68 20 0
ID: 316, Data: 84D 0 4F 20 1A 22 3C 7A
ID: A1, Data: 880 80 80 7F 1E 0 0 0
ID: 153, Data: 80 0 0 FF 0 FF 0 0
ID: 316, Data: 84D 0 98 1F 1A 22 3C 7A
ID: 153, Data: 80 0 0 FF 0 FF 0 0
ID: 329, Data: 840 B2 80 8 11 34 0 26
ID: 316, Data: 84D 0 1A 1F 1B 22 3B 7A
ID: 260, Data: 80 0 1B 30 2C FF 4E 30
ID: 43F, Data: 844 48 60 FF 73 DC 1F 0
ID: 316, Data: 84D 0 1 1F 1B 22 3B 7A
ID: 440, Data: 8FE 34 3B A0 FF AA AA AA
ID: 316, Data: 845 C F5 1E 2A 22 3B 7A
ID: 43F, Data: 844 48 60 FF 72 C4 1F 0
ID: 43F, Data: 844 48 60 FF 73 C4 1F 0
ID: 18F, Data: 8AA 42 0 0 0 0 0 0
ID: 153, Data: 80 0 0 FF 0 FF 0 0
ID: 316, Data: 845 28 6A 20 29 21 3B 7A
ID: 43F, Data: 844 48 60 FF 73 E0 1F 0
ID: 316, Data: 845 28 77 20 29 21 3A 7A
ID: 153, Data: 80 0 0 FF 0 FF 0 0
ID: 43F, Data: 844 48 60 FF 73 78 1F 0
ID: 5F0, Data: 20 0
ID: 260, Data: 8B 28 2A 30 2C FF D7 39
ID: 545, Data: 8E4 6C 0 8A 72 0 72 0
ID: 153, Data: 80 0 0 FF 0 FF 0 0
ID: 5F0, Data: 20 0
ID: 153, Data: 80 0 0 FF 0 FF 0 0
ID: 43F, Data: 844 48 60 FF 72 80 1F 0
ID: A1, Data: 882 7B 8D 7C 21 0 0 0
ID: 153, Data: 80 0 0 FF 0 FF 0 0
ID: 316, Data: 845 28 F2 1F 2A 21 3A 7A
ID: 153, Data: 80 0 0 FF 0 FF 0 0
ID: 260, Data: 8B 28 2A 30 2C FF D7 2A
ID: 316, Data: 845 28 E5 1F 1A 21 3A 7A
ID: 43F, Data: 844 48 60 FF 73 60 1F 0
ID: 316, Data: 845 29 F2 1F 1A 21 3A 7A
ID: 153, Data: 80 0 0 FF 0 FF 0 0
ID: 329, Data: 8B B2 80 8 11 34 0 26
ID: 316, Data: 845 26 BE 1F 1A 22 3A 7A
ID: 329, Data: 840 B2 80 8 11 33 0 26
ID: 43F, Data: 844 48 60 FF 73 48 1F 0
ID: 370, Data: 8FF DE F0 FF FF FF FF FF
ID: 153, Data: 80 0 0 FF 0 FF 0 0
ID: 316, Data: 845 1F 1A 1F 1B 22 3A 7A
ID: 153, Data: 80 0 0 FF 0 FF 0 0
ID: 43F, Data: 844 48 60 FF 73 8 1F 0
ID: 18F, Data: 8AA 45 0 0 0 0 0 0
ID: 43F, Data: 844 48 60 FF 73 30 1F 0
ID: A0, Data: 823 7E 94 1E 3A 2A 2 0
ID: 153, Data: 80 0 0 FF 0 FF 0 0
ID: 316, Data: 845 17 FC 1D 1C 22 3A 7A
ID: 316, Data: 845 16 A1 1D 1C 22 3A 7A
ID: A1, Data: 888 80 8E 7F 1A 0 0 0
ID: 316, Data: 845 18 69 1D 1C 22 39 7A
ID: 316, Data: 845 18 48 1D 1C 22 39 7A
ID: 316, Data: 845 19 7 1D 1C 22 39 7A
ID: 18F, Data: 8AA 45 0 0 0 0 0 0
ID: 153, Data: 80 0 0 FF 0 FF 0 0
ID: 43F, Data: 844 48 60 FF 73 D0 1E 0
ID: 18F, Data: 8AA 45 0 0 0 0 0 0
ID: 43F, Data: 844 48 60 FF 73 C8 1E 0
ID: 153, Data: 80 0 0 FF 0 FF 0 0
ID: 316, Data: 845 1C B1 1C 1C 22 39 7A
ID: 316, Data: 845 1C A7 1C 1C 22 39 7A
ID: 43F, Data: 844 48 60 FF 73 8C 1E 0
ID: 153, Data: 80 0 0 FF 0 FF 0 0
ID: 153, Data: 80 0 0 FF 0 FF 0 0
ID: 260, Data: 8B 1C 1C 30 2C FF 60 24
ID: 316, Data: 84D 1C 3F 1C 1C 22 38 7A
ID: 153, Data: 80 0 0 FF 0 FF 0 0
ID: 153, Data: 80 0 0 FF 0 FF 0 0
ID: 316, Data: 84D 17 A9 1B 1C 22 38 7A
ID: 153, Data: 80 0 0 FF 0 FF 0 0
ID: 545, Data: 8E4 41 0 88 51 FF 51 FF
ID: 316, Data: 84D 18 FD 1A 1D 22 38 7A
ID: 43F, Data: 844 48 60 FF 73 34 1E 0
ID: 316, Data: 84D 13 BC 1A 1D 21 38 7A
ID: 153, Data: 80 0 0 FF 0 FF 0 0
ID: 280, Data: 830 0 20 B2 35 17 73 3E
ID: 316, Data: 84D E 48 1B 1D 22 38 7A
ID: 43F, Data: 844 48 60 FF 72 E0 1D 0
ID: 43F, Data: 844 48 60 FF 73 D0 1D 0
ID: 2A0, Data: 820 2 73 1C 33 0 11 0
ID: 153, Data: 80 0 0 FF 0 FF 0 0
ID: 316, Data: 84D 4 B1 1C 1C 22 37 7A
ID: 153, Data: 80 0 0 FF 0 FF 0 0
ID: 2A0, Data: 840 2 73 1C 33 0 11 0
ID: 316, Data: 84D 4 7 1D 1C 22 37 7A
ID: 316, Data: 84D 0 3D 1D 1C 22 37 7A
ID: 153, Data: 80 0 0 FF 0 FF 0 0
ID: 316, Data: 84D 0 48 1D 1C 22 36 7A
ID: 316, Data: 84D 0 3D 1D 1C 22 36 7A
ID: 260, Data: 80 0 1C 30 2C FF 4F 10
ID: 370, Data: 8FF DE F0 FF FF FF FF FF
ID: 316, Data: 84D 0 11 1D 1C 22 36 7A
ID: 153, Data: 80 0 0 FF 0 FF 0 0
ID: 316, Data: 84D 0 B1 1C 1C 22 36 7A
ID: 316, Data: 84D 0 7D 1C 1C 22 36 7A
ID: A0, Data: 82D 7D 35 1C 36 2B 4 0
ID: 316, Data: 84D 0 C 1C 1C 22 35 7A
ID: 316, Data: 84D 0 DA 1B 1C 21 35 7A
ID: 2A0, Data: 820 2 73 1C 33 0 11 0
ID: 316, Data: 84D 0 C7 1B 1C 21 35 7A
ID: 1F1, Data: 80 51 A7 41 1A AC C1 1A
ID: 1F1, Data: 80 51 A4 21 1A AC A1 1A
ID: 316, Data: 84D 0 BD 1B 1C 21 35 7A
ID: A0, Data: 82E 7D C7 1B 35 2B 4 0
ID: 5F0, Data: 20 0
ID: 316, Data: 84D 0 BD 1B 1C 21 35 7A
ID: 370, Data: 8FF DE F0 FF FF FF FF FF
ID: 153, Data: 80 0 0 FF 0 FF 0 0
ID: 5F0, Data: 20 0
ID: 316, Data: 84D 0 6F 1B 1C 21 34 7A
ID: 43F, Data: 844 48 60 FF 73 38 1C 0
ID: 329, Data: 8B B1 80 8 11 33 0 26
ID: 153, Data: 80 0 0 FF 0 FF 0 0
ID: 316, Data: 84D 0 5C 1B 1C 21 34 7A
ID: 370, Data: 8FF DE F0 FF FF FF FF FF
ID: 316, Data: 84D 0 52 1B 1C 21 34 7A
ID: 43F, Data: 844 48 60 FF 73 F0 1B 0
ID: 316, Data: 84D 0 48 1B 1C 21 34 7A
ID: 316, Data: 84D 0 48 1B 1C 22 34 7A
ID: 316, Data: 84D 0 3F 1B 1C 22 33 7A
ID: 43F, Data: 844 48 60 FF 73 D4 1B 0
ID: 43F, Data: 844 48 60 FF 73 B8 1B 0
ID: A0, Data: 82B 7D 35 1B 34 2B 4 0
ID: 153, Data: 80 0 0 FF 0 FF 0 0
ID: 316, Data: 84D 0 6 1B 1C 21 33 7A
ID: 153, Data: 80 0 0 FF 0 FF 0 0
ID: 280, Data: 830 0 20 B1 35 17 73 3F
ID: 316, Data: 84D 0 D8 1A 1C 21 33 7A
ID: 153, Data: 80 0 0 FF 0 FF 0 0
ID: 316, Data: 84D 0 CF 1A 1C 21 33 7A
ID: 153, Data: 80 0 0 FF 0 FF 0 0
ID: 329, Data: 884 B1 80 8 11 33 0 26
ID: 316, Data: 84D 0 98 1A 1C 21 32 7A
ID: 2A0, Data: 840 1 73 1C 33 0 11 0
ID: 43F, Data: 844 48 60 FF 73 24 1B 0
ID: 153, Data: 80 0 0 FF 0 FF 0 0
ID: 260, Data: 80 0 1D 30 2C FF 4F 2E
ID: 280, Data: 830 0 20 B1 34 17 73 40
ID: A1, Data: 880 81 80 7F 1E 0 0 0
ID: 316, Data: 84D 0 3F 1A 1D 21 32 7A
ID: 316, Data: 84D 0 36 1A 1D 21 32 7A
ID: A1, Data: 880 81 80 7F 1F 0 0 0
ID: 43F, Data: 844 48 60 FF 73 C0 1A 0
ID: 153, Data: 80 0 0 FF 0 FF 0 0
ID: 1F0, Data: 8FF 3F 1 C0 0 0 0 0
ID: 2A0, Data: 820 1 73 1C 33 0 11 0
ID: 280, Data: 830 0 20 B1 33 17 73 41
ID: A1, Data: 880 81 80 7F 1F 0 0 0
ID: 43F, Data: 844 48 60 FF 73 74 1A 0
ID: 43F, Data: 844 48 60 FF 73 6C 1A 0
ID: 18F, Data: 8AA 44 0 0 0 0 0 0
ID: 5F0, Data: 20 0
ID: 153, Data: 80 0 0 FF 0 FF 0 0
ID: 316, Data: 84D 0 AC 19 1D 21 31 7A
ID: 18F, Data: 8AA 44 0 0 0 0 0 0
ID: 153, Data: 80 0 0 FF 0 FF 0 0
ID: 1F0, Data: 8FF 3F 1 C0 0 0 0 0
ID: A0, Data: 82C 7D 9B 19 31 2A 4 0
ID: 260, Data: 80 0 1D 30 2C FF 4F 1F
ID: 43F, Data: 844 48 60 FF 73 FC 19 0
ID: 316, Data: 84D 0 61 19 1D 21 30 7A
ID: 2A0, Data: 820 1 73 1C 33 0 11 0
ID: 153, Data: 80 0 0 FF 0 FF 0 0
ID: 316, Data: 84D 0 20 19 1D 21 30 7A
ID: 153, Data: 80 0 0 FF 0 FF 0 0
ID: 316, Data: 84D 0 8 19 1D 21 2F 7A
ID: 316, Data: 84D 0 F8 18 1D 21 2F 7A
ID: 260, Data: 80 0 1D 30 2C FF 4F 0
ID: 43F, Data: 844 48 60 FF 73 54 19 0
ID: 43F, Data: 844 48 60 FF 73 28 19 0
ID: 545, Data: 8E4 0 0 8A AD FD AD FD
ID: 316, Data: 84D 0 73 18 1D 21 2E 7A
ID: 329, Data: 840 B1 80 8 12 32 0 26
ID: 43F, Data: 844 48 60 FF 73 6C 18 0
ID: 43F, Data: 844 48 60 FF 73 38 18 0
ID: A0, Data: 82E 7D 3E 18 2F 2A 4 0
ID: 5F0, Data: 20 0
ID: 316, Data: 84D 0 48 17 1E 21 2C 7A
ID: 316, Data: 84D 0 1F 17 1E 21 2C 7A
ID: 440, Data: 8FE 34 2B A0 FF AA AA AA
ID: 153, Data: 80 0 0 FF 0 FF 0 0
ID: 43F, Data: 844 48 60 FF 73 A0 16 0
ID: 545, Data: 8E4 0 0 8C B1 FD B1 FD
ID: 43F, Data: 844 48 60 FF 73 14 16 0
ID: 316, Data: 84D 0 7B 15 1F 21 2A 7A
ID: 153, Data: 80 0 0 FF 0 FF 0 0
ID: 316, Data: 84D 0 DA 14 1F 21 29 7A
ID: 153, Data: 80 0 0 FF 0 FF 0 0
ID: 1F0, Data: 81 40 1 C0 0 0 0 0
ID: 316, Data: 84D 0 A 14 20 21 27 7A
ID: 43F, Data: 844 48 60 FF 73 44 14 0
ID: 329, Data: 884 B1 80 8 12 31 0 26
ID: 153, Data: 80 0 0 FF 0 FF 0 0
ID: 316, Data: 84D 0 E7 12 22 21 25 7A
ID: 316, Data: 84D 0 A3 12 23 21 24 7A
ID: 280, Data: 830 0 20 B1 24 1B 73 49
ID: 43F, Data: 84B 48 60 FF 73 3C 12 0
ID: 370, Data: 8FF DD F0 FF FE FF FF FF
ID: 153, Data: 80 0 0 FF 0 FF 0 0
ID: 329, Data: 884 B1 80 8 12 30 0 26
ID: 316, Data: 845 6 53 10 25 21 21 7A
ID: 260, Data: 8B 6 25 30 2C FF 4F 24
ID: 43F, Data: 84B 48 60 FF 73 4C 10 0
ID: 153, Data: 80 0 0 FF 0 FF 0 0
ID: 316, Data: 845 15 E3 D 28 22 1E 7A
ID: 18F, Data: 8AA 44 0 0 0 0 0 0
ID: 316, Data: 845 24 5E D 29 22 1D 7A
ID: 370, Data: 8FF DD F0 FF FE FF FF FF
ID: 153, Data: 80 0 0 FF 0 FF 0 0
ID: 43F, Data: 84B 48 60 FF 73 34 11 0
ID: 153, Data: 80 0 0 FF 0 FF 0 0
ID: 316, Data: 845 2F C5 C 29 22 1A 7A
ID: 316, Data: 845 2F F6 C 2A 22 1A 7A
ID: 316, Data: 845 2E 4E D 28 22 1A 7A
ID: 43F, Data: 8B 48 60 FF 73 AC 11 0
ID: 316, Data: 845 2B 73 E 26 22 19 7A
ID: A0, Data: 834 7D 73 E 19 26 2 0
ID: 316, Data: 845 29 7E E 26 22 18 7A
ID: 153, Data: 80 0 0 FF 0 FF 0 0
ID: 18F, Data: 8AA 45 0 0 0 0 0 0
ID: 316, Data: 845 27 96 E 26 22 16 7A
ID: 316, Data: 845 27 99 E 25 22 16 7A
ID: 153, Data: 80 0 0 FF 0 FF 0 0
ID: 153, Data: 80 0 0 FF 0 FF 0 0
ID: 5F0, Data: 20 0
ID: A0, Data: 837 7D 6 E 15 27 2 0
ID: 18F, Data: 8AA 45 0 0 0 0 0 0
ID: 260, Data: 8B 27 27 30 2C FF 4F 3E
ID: 316, Data: 845 27 6C D 28 23 13 7A
ID: 153, Data: 80 0 0 FF 0 FF 0 0
ID: 153, Data: 80 0 0 FF 0 FF 0 0
ID: 316, Data: 845 29 B8 C 29 23 12 7A
ID: 153, Data: 80 0 0 FF 0 FF 0 0
ID: 316, Data: 845 2A 84 C 28 23 11 7A
ID: 316, Data: 845 2A 62 C 28 23 11 7A
ID: 545, Data: 8E4 32 0 8C 94 0 94 0
ID: 43F, Data: 83 48 60 FF 73 8C B 0
ID: 1F1, Data: 80 73 79 90 7 7E E0 7
ID: 316, Data: 845 2C BA B 2A 22 10 7A
ID: 2A0, Data: 820 0 73 1C 33 0 11 0
ID: 153, Data: 80 0 0 FF 0 FF 0 0
ID: 316, Data: 845 2D 49 B 2A 22 F 7A
ID: 440, Data: 8FE 63 E A0 FF AA AA AA
ID: 316, Data: 845 2D 1F B 2A 22 E 7A
ID: 153, Data: 80 0 0 FF 0 FF 0 0
ID: 153, Data: 80 0 0 FF 0 FF 0 0
ID: 316, Data: 845 2E 83 A 2C 22 D 7A
ID: 440, Data: 8FE 63 C A0 FF AA AA AA
ID: 316, Data: 845 2E 49 A 2C 22 D 7A
ID: 545, Data: 8E4 2B 0 89 E4 0 E4 0
ID: 43F, Data: 83 48 60 FF 73 0 8 0
ID: 43F, Data: 83 48 60 FF 73 B4 7 0
ID: 153, Data: 80 0 0 FF 0 FF 0 0
ID: 316, Data: 845 30 8D 9 2D 21 B 7A
ID: 316, Data: 845 30 7C 9 2D 21 A 7A
ID: 316, Data: 845 30 73 9 2D 20 A 7A
ID: 43F, Data: 8A 48 60 FF 73 68 6 0
ID: 153, Data: 80 0 0 FF 0 FF 0 0
ID: 370, Data: 8FF DD F0 FF FF FF FF FF
ID: 43F, Data: 8A 48 60 FF 73 AC 5 0
ID: 260, Data: 8B 31 2E 30 2C FF 57 24
ID: 316, Data: 845 31 39 9 2D 20 8 7A
ID: 316, Data: 845 31 20 9 2D 20 7 7A
ID: 18F, Data: 8AA 47 0 0 0 0 0 0
ID: 43F, Data: 8A 48 60 FF 72 E4 6 0
ID: 153, Data: 80 0 0 FF 0 FF 0 0
ID: 316, Data: 845 31 33 9 2D 20 6 7A
ID: 153, Data: 80 0 0 FF 0 FF 0 0
ID: 153, Data: 80 0 0 FF 0 FF 0 0
ID: 153, Data: 80 0 0 FF 0 FF 0 0
ID: A1, Data: 88A 81 89 7F 2B 0 0 0
ID: 329, Data: 8B B1 80 8 12 2C 0 26
ID: 280, Data: 830 0 84 B1 13 21 74 5B
ID: 153, Data: 80 0 0 FF 0 FF 0 0
ID: 43F, Data: 82 48 60 FF 72 5C 4 0
ID: 43F, Data: 82 48 60 FF 72 20 4 0
ID: 43F, Data: 82 48 60 FF 72 EC 3 0
ID: 316, Data: 845 2E 21 A 2B 21 4 7A
ID: 545, Data: 8E4 2D 0 8C DF 0 DF 0
ID: 153, Data: 80 0 0 FF 0 FF 0 0
ID: 153, Data: 80 0 0 FF 0 FF 0 0
ID: 153, Data: 80 0 0 FF 0 FF 0 0
ID: A0, Data: 83F 7D D1 9 3 24 2 0
ID: 316, Data: 845 2D AB 9 2D 21 3 7A
ID: 316, Data: 845 2E AB 9 2D 21 2 7A
ID: A0, Data: 841 7D AB 9 3 25 2 0
ID: 316, Data: 845 2E BF 9 2D 21 2 7A
ID: 153, Data: 80 0 0 FF 0 FF 0 0
ID: 5F0, Data: 20 0
ID: 153, Data: 80 0 0 FF 0 FF 0 0
ID: 316, Data: 845 2E CA 9 2D 21 1 7A
ID: 5F0, Data: 20 0
ID: 316, Data: 845 2E EA 9 2D 21 1 7A
ID: 153, Data: 80 0 0 FF 0 FF 0 0
ID: 316, Data: 845 2E E9 9 2D 21 1 7A
ID: 1F0, Data: 80 40 1 C0 0 0 0 0
ID: 329, Data: 8ED B1 80 8 12 2C 0 26
ID: 316, Data: 845 2E EC 9 2C 21 1 7A
ID: 260, Data: 8B 2E 2D 30 2C FF 69 35
ID: 43F, Data: 89 48 60 FF 72 84 0 0
ID: 316, Data: 845 2E FA 9 2C 21 0 7A
ID: 545, Data: 8E4 2B 0 88 E4 0 E4 0
ID: 316, Data: 845 2E F1 9 2D 21 0 7A
ID: 153, Data: 80 0 0 FF 0 FF 0 0
ID: 316, Data: 845 2E EB 9 2D 21 0 7A
ID: 316, Data: 845 2E EB 9 2D 21 0 7A
ID: 280, Data: 830 0 84 B1 13 20 74 5A
ID: 153, Data: 80 0 0 FF 0 FF 0 0
ID: 43F, Data: 89 48 60 FF 72 0 0 0
ID: 316, Data: 845 2E FD 9 2D 21 0 7A
ID: 1F1, Data: 80 B7 1 10 0 1 10 0
ID: 1F0, Data: 80 40 1 C0 0 0 0 0
ID: 316, Data: 845 2E 17 A 2C 21 0 7A
ID: 153, Data: 80 0 0 FF 0 FF 0 0
ID: 545, Data: 8E4 2B 0 8B DE 0 DE 0
ID: 316, Data: 845 2E 2E A 2C 21 0 7A
ID: 280, Data: 830 0 84 B1 14 20 74 59
ID: 153, Data: 80 0 0 FF 0 FF 0 0
ID: 153, Data: 80 0 0 FF 0 FF 0 0
ID: 316, Data: 845 2E 1C A 2C 21 0 7A
ID: 153, Data: 80 0 0 FF 0 FF 0 0
ID: 316, Data: 845 2E 15 A 2C 21 0 7A
ID: 153, Data: 80 0 0 FF 0 FF 0 0
ID: 153, Data: 80 0 0 FF 0 FF 0 0
ID: 440, Data: 8AD 31 0 A0 FF AA AA AA
ID: 43F, Data: 81 48 60 FF 72 0 0 0
ID: 440, Data: 8AD 31 0 A0 FF AA AA AA
ID: 316, Data: 845 2D 44 A 2C 21 0 7A
ID: 153, Data: 80 0 0 FF 0 FF 0 0
ID: 316, Data: 845 2D 4D A 2C 21 0 7A
ID: 153, Data: 80 0 0 FF 0 FF 0 0
ID: 316, Data: 845 2D 6A A 2B 21 0 7A
ID: 440, Data: 8AD 31 0 A0 FF AA AA AA
ID: 153, Data: 80 0 0 FF 0 FF 0 0
ID: 316, Data: 845 2D 7A A 2B 21 0 7A
ID: A0, Data: 83F 7D 6E A 0 25 2 0
ID: 316, Data: 845 2C 63 A 2B 21 0 7A
ID: 153, Data: 80 0 0 FF 0 FF 0 0
ID: 316, Data: 845 2C 5B A 2B 21 0 7A
ID: 316, Data: 845 2C 58 A 2B 21 0 7A
ID: 316, Data: 845 2C 50 A 2B 21 0 7A
ID: 1F0, Data: 80 40 1 C0 0 0 0 0
ID: 153, Data: 80 0 0 FF 0 FF 0 0
ID: 153, Data: 80 0 0 FF 0 FF 0 0
ID: 2A0, Data: 8E0 0 74 1C 33 0 11 0
ID: 316, Data: 845 2C 3C A 2C 21 0 7A
ID: 18F, Data: 8AA 4E 0 0 0 0 0 0
ID: 153, Data: 80 0 0 FF 0 FF 0 0
ID: 1F0, Data: 80 40 1 C0 0 0 0 0
ID: 545, Data: 8E4 2A 0 8D C4 0 C4 0
ID: 316, Data: 845 2C 54 A 2B 21 0 7A
ID: 545, Data: 8E4 2A 0 8B C3 0 C3 0
ID: 153, Data: 80 0 0 FF 0 FF 0 0
ID: 316, Data: 845 2C 6D A 2B 21 0 7A
ID: 153, Data: 80 0 0 FF 0 FF 0 0
ID: 316, Data: 845 2C 51 A 2B 21 0 7A
ID: 153, Data: 80 0 0 FF 0 FF 0 0
ID: 153, Data: 80 0 0 FF 0 FF 0 0
ID: 316, Data: 845 2C 5B A 2B 21 0 7A
ID: 43F, Data: 81 48 60 FF 72 0 0 0
ID: 440, Data: 8AD E1 0 A0 FF AA AA AA
ID: 43F, Data: 81 48 60 FF 72 0 0 0
ID: A0, Data: 840 7D 40 A 0 25 2 0
ID: A1, Data: 883 83 80 82 2A 0 0 0
ID: A1, Data: 883 7F 80 7E 2A 0 0 0
ID: 1F0, Data: 80 40 1 C0 0 0 0 0
ID: 43F, Data: 81 48 60 FF 72 0 0 0
ID: 545, Data: 8E4 26 0 8B 36 1 36 1
ID: A0, Data: 839 7D 44 A 0 23 2 0
ID: 43F, Data: 81 48 60 FF 72 0 0 0
ID: 43F, Data: 81 48 60 FF 72 0 0 0
ID: 153, Data: 80 0 0 FF 0 FF 0 0
ID: 316, Data: 85 27 3C A 24 19 0 7A
ID: 18F, Data: 8AA 4E 0 0 0 0 0 0
ID: 153, Data: 80 0 0 FF 0 FF 0 0
ID: A1, Data: 881 7E 7E 7E 26 0 0 0
ID: 329, Data: 8B B1 80 8 12 2B 0 26
ID: 545, Data: 8E4 24 0 88 CF 0 CF 0
ID: 43F, Data: 81 48 60 FF 72 0 0 0
ID: 43F, Data: 81 48 60 FF 72 0 0 0
ID: 1F1, Data: 80 B7 0 0 0 0 0 0
ID: 153, Data: 80 0 0 FF 0 FF 0 0
ID: A1, Data: 881 7E 7E 7E 25 0 0 0
ID: 329, Data: 8ED B1 80 8 12 2B 0 26
ID: 370, Data: 8FF DD F0 FF FF FF FF FF
ID: 153, Data: 80 0 0 FF 0 FF 0 0
ID: 329, Data: 840 B1 80 8 12 2B 0 26
ID: 316, Data: 85 24 26 A 23 19 0 7A
ID: 260, Data: 8B 24 24 30 2C FF 72 10
ID: 1F1, Data: 80 B7 0 0 0 0 0 0
ID: 316, Data: 85 24 30 A 23 19 0 7A
ID: 153, Data: 80 0 0 FF 0 FF 0 0
ID: 5F0, Data: 20 0
ID: 153, Data: 80 0 0 FF 0 FF 0 0
ID: 153, Data: 80 0 0 FF 0 FF 0 0
ID: 260, Data: 8B 24 24 30 2C FF 74 2D
ID: 370, Data: 8FF DD F0 FF FF FF FF FF
ID: 153, Data: 80 0 0 FF 0 FF 0 0
ID: 316, Data: 85 24 FC 9 24 19 0 7A
ID: 316, Data: 85 24 F5 9 24 19 0 7A
ID: 1F1, Data: 80 B7 0 0 0 0 0 0
ID: 18F, Data: 8AA 4B 0 0 0 0 0 0
ID: 316, Data: 85 24 5 A 24 19 0 7A
ID: 43F, Data: 81 48 60 FF 72 0 0 0
ID: 43F, Data: 81 48 60 FF 72 0 0 0
ID: 43F, Data: 81 48 60 FF 72 0 0 0
ID: 316, Data: 85 24 2A A 24 19 0 7A
ID: 153, Data: 80 0 0 FF 0 FF 0 0
ID: 280, Data: 830 0 84 B1 14 1A 74 4E
ID: 5F0, Data: 20 0
ID: 43F, Data: 81 48 60 FF 72 0 0 0
ID: A1, Data: 886 7E 84 7E 25 0 0 0
ID: 370, Data: 8FF DD F0 FF FF FF FF FF
ID: 43F, Data: 81 48 60 FF 72 0 0 0
ID: 316, Data: 85 23 4F A 23 19 0 7A
ID: 316, Data: 85 23 57 A 23 19 0 7A
ID: A0, Data: 836 7D 57 A 0 23 2 0
ID: 316, Data: 85 23 28 A 24 19 0 7A
ID: A0, Data: 838 7D 18 A 0 23 2 0
ID: 153, Data: 80 0 0 FF 0 FF 0 0
ID: 1F1, Data: 80 B7 0 0 0 0 0 0
ID: A1, Data: 888 7E 84 7F 25 0 0 0
ID: 5F0, Data: 20 0
ID: 316, Data: 85 24 21 A 24 19 0 7A
ID: 316, Data: 85 24 21 A 24 19 0 7A
ID: 280, Data: 830 0 84 B1 14 1A 74 4E
ID: A1, Data: 888 7E 83 7F 25 0 0 0
ID: 316, Data: 85 24 8 A 24 19 0 7A
ID: 153, Data: 80 0 0 FF 0 FF 0 0
ID: 440, Data: 8A6 E1 0 A0 FF AA AA AA
ID: 153, Data: 80 0 0 FF 0 FF 0 0
ID: 370, Data: 8FF DD F0 FF FF FF FF FF
ID: 316, Data: 85 24 26 A 24 19 0 7A
ID: 153, Data: 80 0 0 FF 0 FF 0 0
ID: 316, Data: 85 24 32 A 23 19 0 7A
ID: 43F, Data: 81 48 60 FF 72 0 0 0
ID: 370, Data: 8FF DD F0 FF FF FF FF FF
ID: 43F, Data: 81 48 60 FF 72 0 0 0
ID: 153, Data: 80 0 0 FF 0 FF 0 0
ID: 153, Data: 80 0 0 FF 0 FF 0 0
ID: 260, Data: 8B 24 24 30 2C FF 71 3F
ID: 316, Data: 85 24 F A 24 19 0 7A
ID: 440, Data: 8A6 E1 0 A0 FF AA AA AA
ID: 43F, Data: 81 48 60 FF 72 0 0 0
ID: 316, Data: 85 23 15 A 24 19 0 7A
ID: 316, Data: 85 24 17 A 24 19 0 7A
ID: 18F, Data: 8AA 48 0 0 0 0 0 0
ID: 153, Data: 80 0 0 FF 0 FF 0 0
ID: 43F, Data: 81 48 60 FF 72 0 0 0
ID: 316, Data: 85 24 44 A 23 19 0 7A
ID: 316, Data: 85 24 42 A 23 19 0 7A
ID: A0, Data: 836 7D 42 A 0 23 2 0
ID: 43F, Data: 81 48 60 FF 72 0 0 0
ID: 43F, Data: 81 48 60 FF 72 0 0 0
ID: 153, Data: 80 0 0 FF 0 FF 0 0
ID: 153, Data: 80 0 0 FF 0 FF 0 0
ID: A1, Data: 888 7E 84 7F 25 0 0 0
ID: 316, Data: 85 23 20 A 24 19 0 7A
ID: 370, Data: 8FF DD F0 FF FF FF FF FF
ID: 545, Data: 8E4 21 0 89 B5 0 B5 0
ID: 5F0, Data: 20 0
ID: 280, Data: 830 0 84 B1 14 1A 74 4E
ID: 316, Data: 85 23 C A 24 19 0 7A
ID: 1F0, Data: 80 40 1 C0 0 0 0 0
ID: 440, Data: 8A6 41 0 A0 FF AA AA AA
ID: 43F, Data: 81 48 60 FF 72 0 0 0
ID: 440, Data: 8A6 41 0 A0 FF AA AA AA
ID: 370, Data: 8FF DD F0 FF FF FF FF FF
ID: 153, Data: 80 0 0 FF 0 FF 0 0
ID: 316, Data: 85 24 14 A 24 19 0 7A
ID: 316, Data: 85 24 3A A 24 19 0 7A
ID: 316, Data: 85 24 3C A 23 19 0 7A
ID: 153, Data: 80 0 0 FF 0 FF 0 0
ID: A1, Data: 884 7E 81 7F 25 0 0 0
ID: 329, Data: 840 B1 80 8 12 2B 0 26
ID: 545, Data: 8E4 22 0 89 B9 0 B9 0
ID: 153, Data: 80 0 0 FF 0 FF 0 0
ID: 153, Data: 80 0 0 FF 0 FF 0 0
ID: 153, Data: 80 0 0 FF 0 FF 0 0
ID: 18F, Data: 8AA 45 0 0 0 0 0 0
ID: 316, Data: 85 23 1D A 24 19 0 7A
ID: 153, Data: 80 0 0 FF 0 FF 0 0
ID: 316, Data: 85 24 2E A 24 19 0 7A
ID: 316, Data: 85 23 2C A 24 19 0 7A
ID: 316, Data: 85 23 2C A 24 19 0 7A
ID: 260, Data: 8B 24 24 30 2C FF 71 20
ID: 153, Data: 80 0 0 FF 0 FF 0 0
ID: 316, Data: 85 23 45 A 23 19 0 7A
ID: 153, Data: 80 0 0 FF 0 FF 0 0
ID: 316, Data: 85 23 6C A 23 19 0 7A
ID: 1F1, Data: 80 B7 0 0 0 0 0 0
ID: 153, Data: 80 0 0 FF 0 FF 0 0
ID: 43F, Data: 81 48 60 FF 72 0 0 0
ID: A0, Data: 835 7E 71 A 0 23 2 0
ID: 153, Data: 80 0 0 FF 0 FF 0 0
ID: A0, Data: 836 7E 5A A 0 23 2 0
ID: 316, Data: 85 23 39 A 23 19 0 7A
ID: 440, Data: 8A6 E1 0 A0 FF AA AA AA
ID: 370, Data: 8FF DD F0 FF FF FF FF FF
ID: 316, Data: 85 23 21 A 24 19 0 7A
ID: 18F, Data: 8AA 44 0 0 0 0 0 0
ID: 43F, Data: 81 48 60 FF 73 0 0 0
ID: 260, Data: 8B 23 24 30 2C FF 71 3
ID: A0, Data: 837 7E 28 A 0 23 2 0
ID: 43F, Data: 81 48 60 FF 72 0 0 0
ID: 153, Data: 80 0 0 FF 0 FF 0 0
ID: 316, Data: 85 23 48 A 23 19 0 7A
ID: A0, Data: 836 7E 4B A 0 23 2 0
ID: 153, Data: 80 0 0 FF 0 FF 0 0
ID: 316, Data: 85 23 53 A 23 19 0 7A
ID: A1, Data: 88C 7F 89 80 25 0 0 0
ID: 43F, Data: 81 48 60 FF 73 0 0 0
ID: 153, Data: 80 0 0 FF 0 FF 0 0
ID: 43F, Data: 81 48 60 FF 73 0 0 0
ID: 153, Data: 80 0 0 FF 0 FF 0 0
ID: 153, Data: 80 0 0 FF 0 FF 0 0
ID: 18F, Data: 8AA 44 0 0 0 0 0 0
ID: 316, Data: 85 23 3D A 23 19 0 7A
ID: 316, Data: 85 23 34 A 23 19 0 7A
ID: 316, Data: 85 23 29 A 23 19 0 7A
ID: 280, Data: 830 0 84 B2 14 1A 74 4D
ID: 153, Data: 80 0 0 FF 0 FF 0 0
ID: 1F0, Data: 80 40 1 C0 0 0 0 0
ID: 43F, Data: 81 48 60 FF 73 0 0 0
ID: 153, Data: 80 0 0 FF 0 FF 0 0
ID: 43F, Data: 81 48 60 FF 73 0 0 0
ID: A1, Data: 88C 7F 87 80 25 0 0 0
ID: 18F, Data: 8AA 43 0 0 0 0 0 0
ID: 153, Data: 80 0 0 FF 0 FF 0 0
ID: 260, Data: 8B 23 23 30 2C FF 6F 34
ID: 316, Data: 85 23 50 A 23 19 0 7A
ID: 43F, Data: 81 48 60 FF 73 0 0 0
ID: 440, Data: 8A6 41 0 A0 FF AA AA AA
ID: 43F, Data: 81 48 60 FF 73 0 0 0
ID: 2A0, Data: 820 0 74 1C 33 0 11 0
ID: 18F, Data: 8AA 43 0 0 0 0 0 0
ID: 153, Data: 80 0 0 FF 0 FF 0 0
ID: 280, Data: 830 0 84 B2 14 1A 74 4D
ID: 316, Data: 85 23 15 A 24 19 0 7A
ID: 370, Data: 8FF DD F0 FF FF FF FF FF
ID: 316, Data: 85 23 2A A 23 19 0 7A
ID: 18F, Data: 8AA 42 0 0 0 0 0 0
ID: 153, Data: 80 0 0 FF 0 FF 0 0
ID: 18F, Data: 8AA 42 0 0 0 0 0 0
ID: 43F, Data: 81 48 60 FF 73 0 0 0
ID: 316, Data: 85 23 4B A 23 19 0 7A
ID: 316, Data: 85 23 50 A 23 19 0 7A
ID: 329, Data: 884 B2 80 8 12 2B 0 26
ID: A0, Data: 836 7E 4B A 0 23 2 0
ID: 43F, Data: 81 48 60 FF 73 0 0 0
ID: 43F, Data: 81 48 60 FF 73 0 0 0
ID: 153, Data: 80 0 0 FF 0 FF 0 0
ID: 43F, Data: 81 48 60 FF 73 0 0 0
ID: 153, Data: 80 0 0 FF 0 FF 0 0
ID: 5F0, Data: 20 0
ID: 2A0, Data: 8E0 0 74 1C 33 0 11 0
ID: 153, Data: 80 0 0 FF 0 FF 0 0
ID: 5F0, Data: 20 0
ID: 2A0, Data: 880 0 74 1C 33 0 11 0
ID: 280, Data: 830 0 84 B2 14 1A 74 4E
ID: A1, Data: 888 7F 83 80 25 0 0 0
ID: 43F, Data: 81 48 60 FF 73 0 0 0
ID: 153, Data: 80 0 0 FF 0 FF 0 0
ID: 316, Data: 85 23 12 A 24 19 0 7A
ID: 153, Data: 80 0 0 FF 0 FF 0 0
ID: 316, Data: 85 23 2C A 23 19 0 7A
ID: 316, Data: 85 23 36 A 23 19 0 7A
ID: 153, Data: 80 0 0 FF 0 FF 0 0
ID: 316, Data: 85 23 21 A 23 19 0 7A
ID: 316, Data: 85 23 31 A 23 19 0 7A
ID: 316, Data: 85 23 32 A 23 19 0 7A
ID: 18F, Data: 8AA 41 0 0 0 0 0 0
ID: 153, Data: 80 0 0 FF 0 FF 0 0
ID: 260, Data: 8B 23 23 30 2C FF 70 23
ID: 316, Data: 85 23 34 A 23 19 0 7A
ID: 43F, Data: 81 48 60 FF 73 0 0 0
ID: 1F0, Data: 80 40 1 C0 0 0 0 0
ID: 153, Data: 80 0 0 FF 0 FF 0 0
ID: 43F, Data: 81 48 60 FF 73 0 0 0
ID: A1, Data: 886 7F 81 80 25 0 0 0
ID: 43F, Data: 81 48 60 FF 73 0 0 0
ID: 153, Data: 80 0 0 FF 0 FF 0 0
ID: 316, Data: 85 24 1B A 23 19 0 7A
ID: 2A0, Data: 880 0 75 1C 33 0 11 0
ID: 5F0, Data: 20 0
ID: 316, Data: 85 25 5A A 23 19 0 7A
ID: 153, Data: 80 0 0 FF 0 FF 0 0
ID: 316, Data: 85 25 6C A 23 19 0 7A
ID: 153, Data: 80 0 0 FF 0 FF 0 0
ID: 316, Data: 85 24 63 A 23 19 0 7A
ID: 153, Data: 80 0 0 FF 0 FF 0 0
ID: 316, Data: 85 24 58 A 23 19 0 7A
ID: 153, Data: 80 0 0 FF 0 FF 0 0
ID: 370, Data: 8FF DD F0 FF FF FF FF FF
ID: 43F, Data: 81 48 60 FF 73 A8 2 0
ID: 280, Data: 830 0 84 B2 14 1A 75 4F
ID: 2A0, Data: 880 0 75 1C 33 0 11 0
ID: 5F0, Data: 20 0
ID: 153, Data: 80 0 0 FF 0 FF 0 0
ID: 316, Data: 85 23 6E A 22 19 0 7A
ID: 153, Data: 80 0 0 FF 0 FF 0 0
ID: 316, Data: 85 23 71 A 22 19 1 7A
ID: 153, Data: 80 0 0 FF 0 FF 0 0
ID: 316, Data: 85 22 82 A 21 19 1 7A
ID: 153, Data: 80 0 0 FF 0 FF 0 0
ID: 316, Data: 85 22 83 A 22 19 1 7A
ID: 43F, Data: 81 48 60 FF 73 70 4 0
ID: 43F, Data: 81 48 60 FF 73 9C 4 0
ID: 440, Data: 8D3 E1 2 A0 FF AA AA AA
ID: 440, Data: 8D5 E1 2 A0 FF AA AA AA
ID: 5F0, Data: 20 0
ID: 280, Data: 830 0 84 B2 15 19 75 4C
ID: 316, Data: 85 22 7A A 21 19 2 7A
ID: 153, Data: 80 0 0 FF 0 FF 0 0
ID: 153, Data: 80 0 0 FF 0 FF 0 0
ID: 43F, Data: 81 48 60 FF 73 BC 5 0
ID: A1, Data: 88C 80 8A 80 24 0 0 0
ID: 43F, Data: 81 48 60 FF 73 C 6 0
ID: 153, Data: 80 0 0 FF 0 FF 0 0
ID: 153, Data: 80 0 0 FF 0 FF 0 0
ID: 153, Data: 80 0 0 FF 0 FF 0 0
ID: 2A0, Data: 8E0 0 75 1C 33 0 11 0
ID: 316, Data: 85 21 69 A 22 19 3 7A
ID: 2A0, Data: 820 0 75 1C 33 0 11 0
ID: A1, Data: 88A 80 8A 80 24 0 0 0
ID: 153, Data: 80 0 0 FF 0 FF 0 0
ID: 440, Data: 8F5 41 3 A0 FF AA AA AA
ID: 153, Data: 80 0 0 FF 0 FF 0 0
ID: 440, Data: 8F6 41 3 A0 FF AA AA AA
ID: 43F, Data: 81 48 60 FF 73 50 7 0
ID: 370, Data: 8FF DD F0 FF FF FF FF FF
ID: 370, Data: 8FF DD F0 FF FF FF FF FF
ID: 316, Data: 85 21 6D A 21 19 3 7A
ID: 153, Data: 80 0 0 FF 0 FF 0 0
ID: 43F, Data: 81 48 60 FF 73 C0 7 0
ID: 153, Data: 80 0 0 FF 0 FF 0 0
ID: 153, Data: 80 0 0 FF 0 FF 0 0
ID: 316, Data: 85 21 55 A 22 19 3 7A
ID: 260, Data: 8B 21 22 30 2C FF 6F 28
ID: 316, Data: 85 20 88 A 21 19 3 7A
ID: 316, Data: 85 20 96 A 20 19 4 7A
ID: 280, Data: 830 0 84 B2 15 18 75 4B
ID: A1, Data: 888 80 88 80 23 0 0 0
ID: 43F, Data: 81 48 60 FF 73 9C 8 0
ID: 43F, Data: 81 48 60 FF 73 B8 8 0
ID: 316, Data: 85 20 A6 A 20 19 4 7A
ID: 260, Data: 8B 21 20 30 2C FF 69 2
ID: A1, Data: 888 80 88 80 23 0 0 0
ID: 153, Data: 80 0 0 FF 0 FF 0 0
ID: 316, Data: 85 21 81 A 21 19 4 7A
ID: 153, Data: 80 0 0 FF 0 FF 0 0
ID: 43F, Data: 81 48 60 FF 73 0 9 0
ID: 43F, Data: 81 48 60 FF 73 8 9 0
ID: 153, Data: 80 0 0 FF 0 FF 0 0
ID: 316, Data: 85 20 8A A 20 19 4 7A
ID: 153, Data: 80 0 0 FF 0 FF 0 0
ID: 153, Data: 80 0 0 FF 0 FF 0 0
ID: 153, Data: 80 0 0 FF 0 FF 0 0
ID: 18F, Data: 8AA 3F 0 0 0 0 0 0
ID: 316, Data: 85 20 7B A 20 19 4 7A
ID: 153, Data: 80 0 0 FF 0 FF 0 0
ID: 316, Data: 85 20 86 A 20 19 4 7A
ID: 316, Data: 85 20 85 A 20 19 4 7A
ID: 316, Data: 85 20 78 A 20 19 4 7A
ID: 260, Data: 8B 20 20 30 2C FF 6C 2E
ID: 153, Data: 80 0 0 FF 0 FF 0 0
ID: 316, Data: 85 20 7F A 20 19 4 7A
ID: 153, Data: 80 0 0 FF 0 FF 0 0
ID: 316, Data: 85 20 73 A 20 19 4 7A
ID: 316, Data: 85 20 6A A 20 19 4 7A
ID: 153, Data: 80 0 0 FF 0 FF 0 0
ID: 316, Data: 85 20 83 A 20 19 4 7A
ID: 1F0, Data: 8FE 3F 1 C0 0 0 0 0
ID: 370, Data: 8FF DD F0 FF FF FF FF FF
ID: 316, Data: 85 20 55 A 20 19 4 7A
ID: 153, Data: 80 0 0 FF 0 FF 0 0
ID: 316, Data: 85 20 5F A 20 19 4 7A
ID: 440, Data: 8FE 31 4 A0 FF AA AA AA
ID: 316, Data: 85 20 44 A 20 19 4 7A
ID: 545, Data: 8E4 20 0 8A 71 0 71 0
ID: 153, Data: 80 0 0 FF 0 FF 0 0
ID: 316, Data: 85 20 48 A 20 19 4 7A
ID: A0, Data: 834 7E 54 A 5 23 2 0
ID: 316, Data: 85 20 5F A 20 19 4 7A
ID: 153, Data: 80 0 0 FF 0 FF 0 0
ID: 153, Data: 80 0 0 FF 0 FF 0 0
ID: 153, Data: 80 0 0 FF 0 FF 0 0
ID: 18F, Data: 8AA 3E 0 0 0 0 0 0
ID: 316, Data: 85 1F 62 A 20 19 4 7A
ID: 153, Data: 80 0 0 FF 0 FF 0 0
ID: 316, Data: 85 1F 62 A 20 19 4 7A
ID: 43F, Data: 81 48 60 FF 73 E4 8 0
ID: 370, Data: 8FF DD F0 FF FF FF FF FF
ID: 43F, Data: 81 48 60 FF 73 CC 8 0
ID: 153, Data: 80 0 0 FF 0 FF 0 0
ID: 316, Data: 85 20 2C A 20 19 4 7A
ID: 5F0, Data: 20 0
ID: 153, Data: 80 0 0 FF 0 FF 0 0
ID: 316, Data: 85 20 3A A 20 19 4 7A
ID: 5F0, Data: 20 0
ID: 316, Data: 85 20 35 A 20 19 4 7A
ID: 316, Data: 85 20 35 A 20 19 4 7A
ID: 316, Data: 85 20 41 A 20 19 4 7A
ID: 545, Data: 8E4 20 0 8D 73 0 73 0
ID: 153, Data: 80 0 0 FF 0 FF 0 0
ID: 43F, Data: 81 48 60 FF 73 8C 8 0
ID: 43F, Data: 81 48 60 FF 73 74 8 0
ID: 153, Data: 80 0 0 FF 0 FF 0 0
ID: 153, Data: 80 0 0 FF 0 FF 0 0
ID: 316, Data: 85 1F 53 A 20 19 4 7A
ID: A0, Data: 833 7E 54 A 4 23 2 0
ID: 316, Data: 85 1F 38 A 20 19 4 7A
ID: 153, Data: 80 0 0 FF 0 FF 0 0
ID: 316, Data: 85 1F 34 A 20 19 4 7A
ID: 43F, Data: 81 48 60 FF 73 60 8 0
ID: 43F, Data: 81 48 60 FF 73 5C 8 0
ID: 440, Data: 8FE E1 4 A0 FF AA AA AA
ID: 316, Data: 85 1F 4B A 20 19 4 7A
ID: 153, Data: 80 0 0 FF 0 FF 0 0
ID: 316, Data: 85 20 77 A 20 19 4 7A
ID: 153, Data: 80 0 0 FF 0 FF 0 0
ID: 316, Data: 85 20 9C A 1F 19 4 7A
ID: 43F, Data: 81 48 60 FF 73 B4 8 0
ID: 370, Data: 8FF DD F0 FF FF FF FF FF
ID: 316, Data: 85 1F 7F A 1F 19 4 7A
ID: 153, Data: 80 0 0 FF 0 FF 0 0
ID: 316, Data: 85 1F 97 A 1E 19 4 7A
ID: A1, Data: 88A 80 88 80 23 0 0 0
ID: 316, Data: 85 1F 93 A 1E 19 4 7A
ID: 316, Data: 85 1F 8A A 1E 19 4 7A
ID: 153, Data: 80 0 0 FF 0 FF 0 0
ID: 316, Data: 85 26 92 A 24 19 4 7A
ID: 153, Data: 80 0 0 FF 0 FF 0 0
ID: 316, Data: 85 26 E3 A 24 1A 4 7A
ID: 43F, Data: 81 48 60 FF 73 90 9 0
ID: 43F, Data: 81 48 60 FF 73 98 9 0
ID: 260, Data: 8B 25 26 30 2C FF AB 2
ID: 43F, Data: 81 48 60 FF 73 A8 9 0
ID: 316, Data: 85 25 59 B 26 1A 4 7A
ID: 316, Data: 85 24 68 B 26 1A 4 7A
ID: 153, Data: 80 0 0 FF 0 FF 0 0
ID: A0, Data: 82D 7E 72 B 5 23 2 0
ID: 316, Data: 85 25 98 B 33 23 5 7A
ID: 43F, Data: 81 48 60 FF 73 30 A 0
ID: 440, Data: 8FE E1 4 A0 FF AA AA AA
ID: 43F, Data: 81 48 60 FF 73 44 A 0
ID: 316, Data: 85 28 DE B 32 23 5 7A
ID: 316, Data: 85 28 E C 34 23 5 7A
ID: 18F, Data: 8AA 3D 0 0 0 0 0 0
ID: A1, Data: 886 7B 86 7C 23 0 0 0
ID: 329, Data: 884 B2 80 8 11 31 B 26
ID: 545, Data: 8E4 2C 0 89 CE 0 CE 0
ID: 5F0, Data: 20 0
ID: 316, Data: 845 35 D8 C 49 22 5 7A
ID: 153, Data: 80 0 0 FF 0 FF 0 0
ID: 316, Data: 845 38 EB C 49 21 5 7A
ID: 153, Data: 80 0 0 FF 0 FF 0 0
ID: 316, Data: 845 3A 4E D 47 21 5 7A
ID: 316, Data: 845 3A C8 D 47 21 5 7A
ID: 545, Data: 8E4 48 0 8C D7 1 D7 1
ID: 43F, Data: 81 48 60 FF 73 34 C 0
ID: 153, Data: 80 0 0 FF 0 FF 0 0
ID: 43F, Data: 81 48 60 FF 73 AC C 0
ID: 153, Data: 80 0 0 FF 0 FF 0 0
ID: 153, Data: 80 0 0 FF 0 FF 0 0
ID: 316, Data: 845 39 D9 10 41 1F 6 7A
ID: 153, Data: 80 0 0 FF 0 FF 0 0
ID: 316, Data: 845 3A 3D 11 40 1F 6 7A
ID: 153, Data: 80 0 0 FF 0 FF 0 0
ID: 280, Data: 830 0 88 B2 23 25 75 5F
ID: 316, Data: 845 3B 93 11 40 1F 6 7A
ID: 153, Data: 80 0 0 FF 0 FF 0 0
ID: 316, Data: 845 3B CF 11 40 1F 7 7A
ID: 153, Data: 80 0 0 FF 0 FF 0 0
ID: 153, Data: 80 0 0 FF 0 FF 0 0
ID: 316, Data: 845 3A 4 12 49 1F 7 7A
ID: 153, Data: 80 0 0 FF 0 FF 0 0
ID: 316, Data: 845 3B 48 12 60 1E 7 7A
ID: 153, Data: 80 0 0 FF 0 FF 0 0
ID: 18F, Data: 8AA 44 0 0 0 0 0 0
ID: 316, Data: 845 46 3F 13 61 1D 8 7A
ID: 43F, Data: 81 48 60 FF 73 88 11 0
ID: 260, Data: 8B 4D 5F 30 2C FF C0 14
ID: 153, Data: 80 0 0 FF 0 FF 0 0
ID: 329, Data: 884 B3 80 8 11 3F 23 26
ID: 5F0, Data: 20 0
ID: A0, Data: 86B 7E EF 16 9 36 2 0
ID: A0, Data: 86B 7E EF 16 9 36 2 0
ID: 18F, Data: 8AA 45 0 0 0 0 0 0
ID: 153, Data: 80 0 0 FF 0 FF 0 0
ID: 2A0, Data: 81 8 75 1C 33 0 11 0
ID: 316, Data: 845 58 FD 1A 59 1B A 7A
ID: 316, Data: 845 57 65 1B 58 1B A 7A
ID: 316, Data: 845 57 EE 1B 5A 1B A 7A
ID: 316, Data: 845 57 35 1C 5B 1B B 7A
ID: 43F, Data: 81 48 60 FF 73 CC 18 0
ID: 316, Data: 845 58 E6 1C 60 1B C 7A
ID: 260, Data: 8B 59 63 30 2C FF B9 1A
ID: 153, Data: 80 0 0 FF 0 FF 0 0
ID: 280, Data: 830 0 88 B3 3C 39 75 8D
ID: 316, Data: 845 5D DD 1E 62 1B D 7A
ID: 43F, Data: 81 48 60 FF 73 C8 1C 0
ID: 316, Data: 845 60 4F 20 61 1B E 7A
ID: 316, Data: 845 5F 0 21 61 1B E 7A
ID: 43F, Data: 81 48 60 FF 73 E8 1E 0
ID: 316, Data: 845 5C 21 22 62 1C F 7A
ID: 18F, Data: 8AA 45 0 0 0 0 0 0
ID: 316, Data: 845 5C 16 23 61 1C F 7A
ID: 43F, Data: 81 48 60 FF 73 18 21 0
ID: 316, Data: 845 5D 9 24 63 1C 10 7A
ID: A1, Data: 884 7B 86 7E 42 0 0 0
ID: 153, Data: 80 0 0 FF 0 FF 0 0
ID: 316, Data: 845 64 18 26 6D 1C 11 7A
ID: 153, Data: 80 0 0 FF 0 FF 0 0
ID: 153, Data: 80 0 0 FF 0 FF 0 0
ID: 316, Data: 845 6A 91 28 6A 1C 12 7A
ID: 5F0, Data: 20 0
ID: 153, Data: 80 0 0 FF 0 FF 0 0
ID: A0, Data: 87A 7E BB 28 13 43 2 0
ID: 329, Data: 884 B3 80 8 11 4E 36 26
ID: A1, Data: 884 7E 82 7D 43 0 0 0
ID: 43F, Data: 8A 48 60 FF 73 38 28 0
ID: 43F, Data: 8A 48 60 FF 73 70 28 0
ID: 153, Data: 80 0 0 FF 0 FF 0 0
ID: A0, Data: 879 7E D3 2A 15 43 2 0
ID: A0, Data: 877 7E C3 2B 16 43 2 0
ID: 43F, Data: 8A 48 60 51 73 F4 28 0
ID: 370, Data: 8FF DD F0 FF FF FF FF FF
ID: 316, Data: 845 48 48 2A 6A 1D 16 7A
ID: 316, Data: 845 47 26 29 6B 1D 16 7A
ID: 545, Data: 8E4 46 1 8A 2 3 6E 5
ID: 5F0, Data: 20 0
ID: 316, Data: 845 4D 1B 25 79 1B 17 7A
ID: 316, Data: 845 4F 5D 24 79 1B 17 7A
ID: A1, Data: 884 7E 82 7D 46 0 0 0
ID: 153, Data: 80 0 0 FF 0 FF 0 0
ID: 316, Data: 845 78 AB 21 7B 1A 18 7A
ID: 153, Data: 80 0 0 FF 0 FF 0 0
ID: 18F, Data: 8AA 4A 0 0 0 0 0 0
ID: 280, Data: 830 0 88 B3 45 4D 75 9C
ID: 153, Data: 80 0 0 FF 0 FF 0 0
ID: 440, Data: 8FE 41 19 A0 FF AA AA AA
ID: 280, Data: 830 0 88 B3 46 4A 75 99
ID: 316, Data: 845 79 65 23 7A 1B 1A 7A
ID: 18F, Data: 8AA 4A 0 0 0 0 0 0
ID: 153, Data: 80 0 0 FF 0 FF 0 0
ID: 316, Data: 845 77 76 23 7A 1B 1B 7A
ID: 153, Data: 80 0 0 FF 0 FF 0 0
ID: 316, Data: 845 76 D7 23 7A 1B 1C 7A
ID: 316, Data: 845 77 9 24 7A 1B 1C 7A
ID: 43F, Data: 82 48 60 FF 73 3C 20 0
ID: 316, Data: 845 76 7F 24 7A 1B 1D 7A
ID: 2A0, Data: 8A1 21 75 1C 33 0 11 0
ID: 153, Data: 80 0 0 FF 0 FF 0 0
ID: 329, Data: 8ED B3 80 8 11 4F 3C 26
ID: 153, Data: 80 0 0 FF 0 FF 0 0
ID: 1F0, Data: 834 40 1 C0 0 0 0 0
ID: 545, Data: 8E4 64 1 8C 58 6 58 6
ID: 316, Data: 845 77 76 26 77 1B 1F 7A
ID: A0, Data: 88A 7E C2 26 20 45 2 0
ID: 153, Data: 80 0 0 FF 0 FF 0 0
ID: 316, Data: 845 76 5E 27 77 1C 20 7A
ID: 316, Data: 845 75 72 27 76 1C 20 7A
ID: 43F, Data: 82 48 60 FF 73 5C 24 0
ID: 316, Data: 845 74 0 28 76 1C 21 7A
ID: 153, Data: 80 0 0 FF 0 FF 0 0
ID: 316, Data: 845 74 BB 28 76 1C 22 7A
ID: 153, Data: 80 0 0 FF 0 FF 0 0
ID: 2A0, Data: 8A1 26 74 1C 33 0 11 0
ID: 316, Data: 845 73 94 29 75 1D 22 7A
ID: A1, Data: 882 7E 7F 7D 47 0 0 0
ID: 316, Data: 845 73 4 2A 75 1D 23 7A
ID: 316, Data: 845 73 5F 2A 74 1D 23 7A
ID: 5F0, Data: 20 0
ID: 316, Data: 845 73 EB 2A 74 1D 24 7A
ID: 153, Data: 80 0 0 FF 0 FF 0 0
ID: 316, Data: 845 73 7A 2B 78 1E 24 7A
ID: 370, Data: 8FF DE F0 FF FF FF FF FF
ID: 153, Data: 80 0 0 FF 0 FF 0 0
ID: 43F, Data: 8B 48 60 FF 73 74 29 0
ID: A0, Data: 885 7E C3 2B 25 46 2 0
ID: 43F, Data: 8B 48 60 FF 73 A0 2A 0
ID: 316, Data: 845 84 67 2E 83 1E 26 7A
ID: 316, Data: 845 83 D6 2E 82 1E 26 7A
ID: 316, Data: 845 82 67 2E 82 1E 27 7A
ID: 153, Data: 80 0 0 FF 0 FF 0 0
ID: 440, Data: 8FE 82 26 A0 FF AA AA AA
ID: 43F, Data: 8B 48 60 FF 73 84 2B 0
ID: 260, Data: 8B 83 95 30 2C FF A7 1B
ID: 5F0, Data: 20 0
ID: 329, Data: 8B B2 80 8 11 63 54 26
ID: 316, Data: 845 80 30 2E 98 1D 28 7A
ID: 370, Data: 8FF DE F0 FF FF FF FF FF
ID: 153, Data: 80 0 0 FF 0 FF 0 0
ID: 43F, Data: 8B 48 60 85 73 D8 23 0
ID: A1, Data: 880 80 7E 7F 56 0 0 0
ID: 43F, Data: 8B 48 60 81 73 A0 21 0
ID: 316, Data: 845 80 37 27 9A 1B 2A 7A
ID: 1F1, Data: 80 A5 44 1 15 56 D1 15
ID: 5F0, Data: 20 0
ID: 316, Data: 845 98 FC 26 99 1B 2B 7A
ID: 316, Data: 845 98 23 27 99 1B 2B 7A
ID: 43F, Data: 8B 48 60 FF 73 9C 1F 0
ID: 316, Data: 845 97 72 27 99 1B 2B 7A
ID: 153, Data: 80 0 0 FF 0 FF 0 0
ID: 316, Data: 845 96 D7 27 99 1B 2C 7A
ID: 316, Data: 845 97 EB 27 99 1B 2C 7A
ID: 43F, Data: 83 48 60 FF 73 B4 20 0
ID: 153, Data: 80 0 0 FF 0 FF 0 0
ID: A0, Data: 8B0 7D 29 28 2E 4F 2 0
ID: 316, Data: 845 96 14 28 99 1B 2E 7A
ID: 1F1, Data: 80 2B 6A 21 17 77 D1 17
ID: 316, Data: 845 96 91 28 99 1B 2E 7A
ID: A1, Data: 87E 80 7D 7F 53 0 0 0
ID: 316, Data: 845 96 E6 28 99 1C 2F 7A
ID: 5F0, Data: 20 0
ID: 153, Data: 80 0 0 FF 0 FF 0 0
ID: 43F, Data: 83 48 60 FF 73 F0 22 0
ID: 2A0, Data: 8C1 39 74 1C 33 0 11 0
ID: 43F, Data: 83 48 60 FF 73 4C 23 0
ID: 1F1, Data: 80 71 83 31 18 90 21 19
ID: 545, Data: 8E4 E3 1 8C 84 8 84 8
ID: 316, Data: 845 97 C0 29 9A 1C 31 7A
ID: 153, Data: 80 0 0 FF 0 FF 0 0
ID: 43F, Data: 83 48 60 FF 73 88 24 0
ID: A0, Data: 8B2 7D ED 29 32 51 2 0
ID: 43F, Data: 8C 48 60 FF 73 E4 24 0
ID: 316, Data: 845 98 76 2A 9A 1C 32 7A
ID: 280, Data: 830 0 88 B1 54 5B 74 B2
ID: 316, Data: 845 98 A4 2A 9A 1C 33 7A
ID: 2A0, Data: 8C1 3C 73 1C 33 0 11 0
ID: 43F, Data: 8C 48 60 FF 73 4 26 0
ID: 329, Data: 8B B1 80 8 11 5D 52 26
ID: 2A0, Data: 8C1 3D 73 1C 33 0 11 0
ID: 316, Data: 845 98 62 2B 9A 1D 34 7A
ID: 316, Data: 845 98 92 2B 9A 1D 35 7A
ID: 43F, Data: 8C 48 60 FF 73 C4 26 0
ID: 329, Data: 884 B1 80 8 11 5E 52 26
ID: 153, Data: 80 0 0 FF 0 FF 0 0
ID: 153, Data: 80 0 0 FF 0 FF 0 0
ID: 316, Data: 845 8C 76 2A 9B 1C 36 7A
ID: 153, Data: 80 0 0 FF 0 FF 0 0
ID: 316, Data: 845 8A A6 28 9C 1C 37 7A
ID: 316, Data: 845 90 AE 27 9C 1B 37 7A
ID: 43F, Data: 8C 48 60 9B 74 3C 1E 0
ID: 316, Data: 845 9A 4A 27 9D 1B 37 7A
ID: 43F, Data: 8C 48 60 FF 74 98 1E 0
ID: 316, Data: 845 9C C2 27 9D 1B 38 7A
ID: A1, Data: 87E 7F 81 7E 54 0 0 0
ID: 370, Data: 8FF DE F0 FF FF FF FF FF
ID: 43F, Data: 84 48 60 FF 74 38 1F 0
ID: 153, Data: 80 0 0 FF 0 FF 0 0
ID: 153, Data: 80 0 0 FF 0 FF 0 0
ID: 316, Data: 845 9B C2 27 9D 1B 39 7A
ID: 43F, Data: 84 48 60 FF 74 C0 1F 0
ID: 316, Data: 845 9B 29 28 9D 1B 3A 7A
ID: 153, Data: 80 0 0 FF 0 FF 0 0
ID: 153, Data: 80 0 0 FF 0 FF 0 0
ID: 316, Data: 845 9B 29 28 9E 1B 3B 7A
ID: 153, Data: 80 0 0 FF 0 FF 0 0
ID: 545, Data: 8E4 D6 1 8D D4 8 D4 8
ID: 316, Data: 845 9B 5E 27 9F 1B 3B 7A
ID: 329, Data: 884 B0 80 8 11 5D 51 26
ID: 43F, Data: 84 45 60 FF 74 EC 20 0
ID: 329, Data: 8ED B0 80 8 11 5D 51 26
ID: 316, Data: 845 9D 76 26 A0 1A 3C 7A
ID: 316, Data: 845 9D 63 26 A0 1A 3D 7A
ID: 43F, Data: 84 45 60 FF 74 68 21 0
ID: 280, Data: 830 0 88 B0 4C 60 73 B7
ID: 153, Data: 80 0 0 FF 0 FF 0 0
ID: 153, Data: 80 0 0 FF 0 FF 0 0
ID: 316, Data: 845 9E 50 26 9D 1A 3E 7A
ID: 153, Data: 80 0 0 FF 0 FF 0 0
ID: 316, Data: 845 9D 50 26 96 1A 3E 7A
ID: 316, Data: 845 9A 50 26 92 1B 3F 7A
ID: 43F, Data: 84 45 60 FF 74 6C 22 0
ID: 329, Data: 840 B0 80 8 11 56 3D 26
ID: A1, Data: 87F 7E 82 7F 53 0 0 0
ID: 316, Data: 845 87 AA 25 80 1B 3F 7A
ID: 316, Data: 845 85 86 25 80 1B 40 7A
ID: 43F, Data: 8D 45 60 FF 74 E8 22 0
ID: 329, Data: 8ED AF 80 8 11 52 3C 26
ID: 153, Data: 80 0 0 FF 0 FF 0 0
ID: 153, Data: 80 0 0 FF 0 FF 0 0
ID: 316, Data: 845 83 86 25 80 1B 41 7A
ID: 153, Data: 80 0 0 FF 0 FF 0 0
ID: 316, Data: 845 82 AA 25 79 1B 41 7A
ID: 316, Data: 845 7F BC 25 70 1C 41 7A
ID: 153, Data: 80 0 0 FF 0 FF 0 0
ID: 43F, Data: 84D 45 60 FF 75 98 23 0
ID: 1F0, Data: 8FF 3F 1 C0 0 0 0 0
ID: 2A0, Data: 8A1 43 72 1C 33 0 11 0
ID: 260, Data: 8B 6E 68 30 2C FF A9 2F
ID: 43F, Data: 84D 45 60 54 74 D8 22 0
ID: 5F0, Data: 20 0
ID: 153, Data: 80 0 0 FF 0 FF 0 0
ID: 153, Data: 80 0 0 FF 0 FF 0 0
ID: 2A0, Data: 8C1 41 72 1C 33 0 11 0
ID: 316, Data: 845 53 A0 20 6A 1C 42 7A
ID: 18F, Data: 8AA 4A 0 0 0 0 0 0
ID: 153, Data: 80 0 0 FF 0 FF 0 0
ID: 316, Data: 845 58 1 1F 6C 1B 43 7A
ID: 153, Data: 80 0 0 FF 0 FF 0 0
ID: 316, Data: 845 58 A1 1D 6E 1B 43 7A
ID: 1F0, Data: 8FF 3F 1 C0 0 0 0 0
ID: 18F, Data: 8AA 4A 0 0 0 0 0 0
ID: 18F, Data: 8AA 4A 0 0 0 0 0 0
ID: 316, Data: 845 71 32 1D 6F 1C 43 7A
ID: 43F, Data: 84D 45 60 FF 74 CC 1B 0
ID: 153, Data: 80 0 0 FF 0 FF 0 0
ID: 316, Data: 845 70 92 1C 70 1C 43 7A
ID: 316, Data: 845 6F 92 1C 70 1C 44 7A
ID: A0, Data: 882 7B B1 1C 44 3E 2 0
ID: 5F0, Data: 20 0
ID: 316, Data: 845 6E D1 1C 70 1C 44 7A
ID: 316, Data: 845 6E DC 1C 70 1B 44 7A
ID: 153, Data: 80 0 0 FF 0 FF 0 0
ID: 2A0, Data: 81 3D 72 1C 33 0 11 0
ID: 43F, Data: 84E 45 60 FF 74 24 1C 0
ID: 545, Data: 8E4 F7 0 8D B2 5 B2 5
ID: 316, Data: 845 6E F1 1C 70 1B 44 7A
ID: 316, Data: 845 6E D1 1C 70 1B 44 7A
ID: 43F, Data: 84E 45 60 FF 74 4C 1C 0
ID: 370, Data: 8FF E0 F0 F0 FF FF FF FF
ID: 153, Data: 80 0 0 FF 0 FF 0 0
ID: 316, Data: 845 6F 11 1D 70 1B 45 7A
ID: 316, Data: 845 6F 27 1D 70 1B 45 7A
ID: 43F, Data: 84E 45 60 FF 74 64 1C 0
ID: 316, Data: 845 70 FC 1C 70 1B 45 7A
ID: 153, Data: 80 0 0 FF 0 FF 0 0
ID: 316, Data: 845 70 7 1D 70 1B 45 7A
ID: 316, Data: 845 5E 7 1D 70 1B 45 7A
ID: 43F, Data: 84E 45 60 5C 74 74 1B 0
ID: 440, Data: 8E9 75 45 A0 FF AA AA AA
ID: 18F, Data: 8AA 4A 0 0 0 0 0 0
ID: 316, Data: 845 5E 69 19 72 1B 46 7A
ID: 316, Data: 845 70 6B 18 74 1B 46 7A
ID: 260, Data: 8B 7B 75 30 2C FF 67 38
ID: 153, Data: 80 0 0 FF 0 FF 0 0
ID: A0, Data: 891 7B D6 17 46 3D 2 0
ID: 316, Data: 845 78 E5 17 71 1B 46 7A
ID: 260, Data: 8B 79 6E 30 2C FF 8B F
ID: 316, Data: 845 75 AB 17 69 1B 46 7A
ID: 545, Data: 8E4 D1 0 8D 19 6 19 6
ID: 316, Data: 845 71 9C 17 69 1B 46 7A
ID: 316, Data: 845 6F AB 17 69 1B 46 7A
ID: 153, Data: 80 0 0 FF 0 FF 0 0
ID: 280, Data: 830 0 88 AF 2F 43 72 98
ID: 316, Data: 845 6A FB 17 69 1B 47 7A
ID: 43F, Data: 846 45 60 FF 73 58 17 0
ID: 316, Data: 845 68 11 18 69 1B 47 7A
ID: 153, Data: 80 0 0 FF 0 FF 0 0
ID: 316, Data: 845 69 E5 17 6A 1B 47 7A
ID: 316, Data: 845 68 DD 17 6A 1B 47 7A
ID: 440, Data: 8FE B6 47 A0 FF AA AA AA
ID: 316, Data: 845 68 E5 17 6A 1B 47 7A
ID: 153, Data: 80 0 0 FF 0 FF 0 0
ID: 545, Data: 8E4 C2 0 8D 53 5 53 5
ID: 316, Data: 845 68 36 18 6A 1B 48 7A
ID: 545, Data: 8E4 C0 0 8C 4F 5 4F 5
ID: 316, Data: 845 67 36 18 6A 1B 48 7A
ID: 316, Data: 845 67 2F 18 68 1B 48 7A
ID: 43F, Data: 846 45 60 FF 73 84 17 0
ID: 280, Data: 830 0 88 AF 30 41 72 9C
ID: 153, Data: 80 0 0 FF 0 FF 0 0
ID: 153, Data: 80 0 0 FF 0 FF 0 0
ID: 316, Data: 845 68 73 18 63 1B 48 7A
ID: 153, Data: 80 0 0 FF 0 FF 0 0
ID: 18F, Data: 8AA 49 0 0 0 0 0 0
ID: 316, Data: 845 66 7A 18 64 1B 48 7A
ID: 43F, Data: 846 45 60 FF 74 B8 17 0
ID: 153, Data: 80 0 0 FF 0 FF 0 0
ID: 153, Data: 80 0 0 FF 0 FF 0 0
ID: 316, Data: 845 64 7A 18 64 1B 49 7A
ID: 153, Data: 80 0 0 FF 0 FF 0 0
ID: 316, Data: 845 63 63 18 64 1B 49 7A
ID: 5F0, Data: 20 0
ID: 153, Data: 80 0 0 FF 0 FF 0 0
ID: 43F, Data: 846 45 60 FF 74 E4 17 0
ID: 280, Data: 830 0 88 AF 31 3C 71 9A
ID: 43F, Data: 846 45 60 FF 74 F4 17 0
ID: 316, Data: 845 5B 99 18 48 1C 49 7B
ID: 153, Data: 80 0 0 FF 0 FF 0 0
ID: 280, Data: 830 0 88 AF 30 33 71 8C
ID: 153, Data: 80 0 0 FF 0 FF 0 0
ID: 43F, Data: 886 45 60 FF 74 FC 17 0
ID: 545, Data: 8E4 88 0 8D AC 3 AC 3
ID: 43F, Data: 886 45 60 FF 73 0 18 0
ID: 43F, Data: 886 45 60 FF 74 0 18 0
ID: 280, Data: 830 0 88 AF 30 29 71 7C
ID: 43F, Data: 886 45 60 FF 73 C 18 0
ID: 5A0, Data: 80 0 0 90 0 0 0 0
ID: 2A0, Data: 81 2C 71 1C 33 0 11 0
ID: 316, Data: 85 3F 18 18 46 14 4A 7B
ID: 329, Data: 840 AF 80 8 11 39 17 26
ID: 316, Data: 85 3F 3E 18 46 14 4A 7B
ID: 316, Data: 85 40 36 18 47 14 4A 7B
ID: 5F0, Data: 20 0
ID: 316, Data: 85 44 54 18 57 14 4A 7B
ID: 153, Data: 80 0 0 FF 0 FF 0 0
ID: 153, Data: 80 0 0 FF 0 FF 0 0
ID: 280, Data: 830 0 88 AF 31 2F 71 89
ID: 316, Data: 85 4F C0 18 59 13 4A 7B
ID: 153, Data: 80 0 0 FF 0 FF 0 0
ID: 43F, Data: 886 45 60 FF 73 54 18 0
ID: 43F, Data: 886 45 60 FF 73 50 18 0
ID: 316, Data: 85 54 20 19 5A 12 4A 7B
ID: 316, Data: 85 56 0 19 5A 12 4A 7B
ID: 316, Data: 85 57 0 19 5A 12 4A 7B
ID: A1, Data: 87F 7B 7E 7D 46 0 0 0
ID: 43F, Data: 886 45 60 FF 73 68 18 0
ID: 153, Data: 80 0 0 FF 0 FF 0 0
ID: 280, Data: 830 0 88 B0 32 37 71 96
ID: 316, Data: 85 5A 28 19 59 12 4B 7B
ID: 43F, Data: 886 45 60 FF 73 74 18 0
ID: 316, Data: 85 5A 10 19 5A 12 4B 7B
ID: 153, Data: 80 0 0 FF 0 FF 0 0
ID: 153, Data: 80 0 0 FF 0 FF 0 0
ID: 316, Data: 85 5B F8 18 5A 12 4B 7B
ID: 153, Data: 80 0 0 FF 0 FF 0 0
ID: 316, Data: 85 5B F8 18 5A 12 4B 7B
ID: 153, Data: 80 0 0 FF 0 FF 0 0
ID: 316, Data: 85 5A E0 18 4A 12 4B 7B
ID: 316, Data: 85 55 D8 18 42 12 4B 7B
ID: 153, Data: 80 0 0 FF 0 FF 0 0
ID: 43F, Data: 886 45 60 FF 73 C4 18 0
ID: 153, Data: 80 0 0 FF 0 FF 0 0
ID: 153, Data: 80 0 0 FF 0 FF 0 0
ID: 316, Data: 85 46 E8 18 43 13 4C 7B
ID: 153, Data: 80 0 0 FF 0 FF 0 0
ID: 316, Data: 85 42 E0 18 42 13 4C 7B
ID: 316, Data: 85 42 F0 18 3C 13 4C 7B
ID: A1, Data: 881 7B 80 7D 39 0 0 0
ID: 43F, Data: 886 45 60 FF 73 EC 18 0
ID: 153, Data: 80 0 0 FF 0 FF 0 0
ID: A0, Data: 84B 7D E8 18 4D 30 2 0
ID: 329, Data: 840 B0 80 8 11 38 F 26
ID: A0, Data: 84B 7D E8 18 4D 30 2 0
ID: 370, Data: 8FF DB F0 F0 FF FF FF FF
ID: 153, Data: 80 0 0 FF 0 FF 0 0
ID: 316, Data: 85 38 8 19 44 14 4C 7B
ID: 260, Data: 8B 38 45 30 2C FF CA 1B
ID: 153, Data: 80 0 0 FF 0 FF 0 0
ID: 316, Data: 85 3B 10 19 49 14 4C 7B
ID: 153, Data: 80 0 0 FF 0 FF 0 0
ID: 153, Data: 80 0 0 FF 0 FF 0 0
ID: 316, Data: 85 41 10 19 49 13 4D 7B
ID: 153, Data: 80 0 0 FF 0 FF 0 0
ID: A0, Data: 857 7D 28 19 4D 33 2 0
ID: 316, Data: 85 44 18 19 49 13 4D 7B
ID: 2A0, Data: 861 22 71 1C 33 0 11 0
ID: 316, Data: 85 46 20 19 49 13 4D 7B
ID: 153, Data: 80 0 0 FF 0 FF 0 0
ID: 43F, Data: 886 45 60 FF 74 1C 19 0
ID: A1, Data: 880 7B 83 7D 3C 0 0 0
ID: 43F, Data: 886 45 60 FF 74 30 19 0
ID: 43F, Data: 886 45 60 FF 73 30 19 0
ID: 440, Data: 8FE C6 4D A0 FF AA AA AA
ID: 316, Data: 85 45 38 19 49 13 4D 7B
ID: 43F, Data: 886 45 60 FF 74 40 19 0
ID: 43F, Data: 886 45 60 FF 74 34 19 0
ID: 18F, Data: 8AA 3E 0 0 0 0 0 0
ID: 153, Data: 80 0 0 FF 0 FF 0 0
ID: 440, Data: 8FE 16 4D A0 FF AA AA AA
ID: A0, Data: 83F 7D 48 19 4E 2E 2 0
ID: 153, Data: 80 0 0 FF 0 FF 0 0
ID: 316, Data: 85 31 40 19 11 16 4D 7B
ID: 153, Data: 80 0 0 FF 0 FF 0 0
ID: 153, Data: 80 0 0 FF 0 FF 0 0
ID: 316, Data: 85 24 38 19 12 18 4D 7B
ID: 43F, Data: 886 45 60 FF 73 38 19 0
ID: 18F, Data: 8AA 3D 0 0 0 0 0 0
ID: 153, Data: 80 0 0 FF 0 FF 0 0
ID: 316, Data: 85 28 51 19 41 18 4D 7B
ID: 43F, Data: 886 45 60 FF 73 54 19 0
ID: 316, Data: 85 2D 9B 19 3F 17 4D 7B
ID: 153, Data: 80 0 0 FF 0 FF 0 0
ID: 153, Data: 80 0 0 FF 0 FF 0 0
ID: 316, Data: 85 32 B3 1A 3D 16 4D 7B
ID: A0, Data: 846 7D B3 1A 4E 30 2 0
ID: 316, Data: 85 34 59 1A 3D 15 4D 7B
ID: 316, Data: 85 34 F9 19 3D 15 4D 7B
ID: 43F, Data: 886 45 60 FF 73 50 19 0
ID: 316, Data: 85 37 A4 19 3D 15 4D 7B
ID: 153, Data: 80 0 0 FF 0 FF 0 0
ID: 153, Data: 80 0 0 FF 0 FF 0 0
ID: 316, Data: 85 39 C5 19 3D 15 4E 7B
ID: 153, Data: 80 0 0 FF 0 FF 0 0
ID: 316, Data: 85 3B D6 19 3D 14 4E 7B
ID: 153, Data: 80 0 0 FF 0 FF 0 0
ID: 1F1, Data: 80 A3 65 32 26 6C 42 27
ID: 5F0, Data: 20 0
ID: 153, Data: 80 0 0 FF 0 FF 0 0
ID: 153, Data: 80 0 0 FF 0 FF 0 0
ID: 280, Data: 830 0 88 B1 33 24 71 6B
ID: 316, Data: 85 3C 93 19 3D 14 4E 7B
ID: 153, Data: 80 0 0 FF 0 FF 0 0
ID: 153, Data: 80 0 0 FF 0 FF 0 0
ID: 316, Data: 85 3C 8A 19 3D 14 4E 7B
ID: 18F, Data: 8AA 3C 0 0 0 0 0 0
ID: 316, Data: 85 3B 8A 19 3F 14 4E 7B
ID: 153, Data: 80 0 0 FF 0 FF 0 0
ID: 316, Data: 85 3A 8A 19 3F 14 4E 7B
ID: 316, Data: 85 3B 8A 19 3F 14 4E 7B
ID: 153, Data: 80 0 0 FF 0 FF 0 0
ID: 316, Data: 85 3A 93 19 40 14 4E 7B
ID: 153, Data: 80 0 0 FF 0 FF 0 0
ID: 329, Data: 884 B1 80 8 11 39 13 26
ID: 316, Data: 85 3B 9B 19 40 14 4E 7B
ID: A0, Data: 847 7E 9B 19 4F 30 2 0
ID: 43F, Data: 886 45 60 FF 73 84 19 0
ID: 370, Data: 8FF DB F0 F0 FF FF FF FF
ID: 316, Data: 85 3D A4 19 42 14 4E 7B
ID: 316, Data: 85 3E B4 19 42 14 4E 7B
ID: 43F, Data: 886 45 60 FF 74 8C 19 0
ID: 316, Data: 85 3F AC 19 42 14 4E 7B
ID: 153, Data: 80 0 0 FF 0 FF 0 0
ID: 153, Data: 80 0 0 FF 0 FF 0 0
ID: 316, Data: 85 40 B4 19 45 14 4E 7B
ID: A1, Data: 880 7F 82 80 35 0 0 0
ID: 316, Data: 85 41 AC 19 45 13 4E 7B
ID: 316, Data: 85 42 BD 19 46 13 4E 7B
ID: 43F, Data: 886 45 60 FF 74 A0 19 0
ID: 43F, Data: 886 45 60 FF 74 A0 19 0
ID: A0, Data: 850 7E B4 19 4F 32 2 0
ID: 316, Data: 85 44 AC 19 47 13 4E 7B
ID: 316, Data: 85 44 B4 19 48 13 4E 7B
ID: 43F, Data: 886 45 60 FF 74 A0 19 0
ID: 5F0, Data: 20 0
ID: 153, Data: 80 0 0 FF 0 FF 0 0
ID: A1, Data: 87E 7F 81 80 39 0 0 0
ID: 280, Data: 830 0 88 B2 33 2B 71 79
ID: 1F0, Data: 83 40 1 C0 0 0 0 0
ID: 316, Data: 85 49 CE 19 4B 13 4F 7B
ID: 153, Data: 80 0 0 FF 0 FF 0 0
ID: 316, Data: 85 49 CE 19 4B 13 4F 7B
ID: 153, Data: 80 0 0 FF 0 FF 0 0
ID: 329, Data: 8B B2 80 8 11 3C 1A 26
ID: 316, Data: 85 4A CE 19 4C 13 4F 7B
ID: 18F, Data: 8AA 3A 0 0 0 0 0 0
ID: 43F, Data: 886 45 60 FF 74 C8 19 0
ID: 153, Data: 80 0 0 FF 0 FF 0 0
ID: 316, Data: 85 4A E8 19 4C 13 4F 7B
ID: 316, Data: 85 4B F0 19 4C 13 4F 7B
ID: 260, Data: 8B 4B 4D 30 2C FF C4 15
ID: 370, Data: 8FF DD F0 F0 FF FF FF FF
ID: 280, Data: 830 0 88 B2 33 2E 71 7E
ID: 153, Data: 80 0 0 FF 0 FF 0 0
ID: 2A0, Data: 861 19 71 1C 33 0 11 0
ID: 316, Data: 85 4B 1 1A 4D 12 4F 7B
ID: 2A0, Data: 8A1 19 71 1C 33 0 11 0
ID: 1F1, Data: 80 4C 72 B2 26 7D 12 28
ID: 153, Data: 80 0 0 FF 0 FF 0 0
ID: 1F1, Data: 80 6D 71 E2 26 7E E2 27
ID: 2A0, Data: 8C1 19 71 1C 33 0 11 0
ID: 153, Data: 80 0 0 FF 0 FF 0 0
ID: 316, Data: 85 4D 13 1A 51 12 4F 7B
ID: 153, Data: 80 0 0 FF 0 FF 0 0
ID: 18F, Data: 8AA 39 0 0 0 0 0 0
ID: 316, Data: 85 4E 24 1A 51 12 4F 7B
ID: 316, Data: 85 4F 1C 1A 51 12 4F 7B
ID: 545, Data: 8E4 A6 0 8D 3D 4 3D 4
ID: 153, Data: 80 0 0 FF 0 FF 0 0
ID: 316, Data: 85 50 36 1A 51 12 4F 7B
ID: 153, Data: 80 0 0 FF 0 FF 0 0
ID: 1F0, Data: 81 40 1 C0 0 0 0 0
ID: 316, Data: 85 51 36 1A 51 12 50 7B
ID: 153, Data: 80 0 0 FF 0 FF 0 0
ID: 260, Data: 8B 52 52 30 2C FF BD 2E
ID: 316, Data: 85 51 47 1A 51 12 50 7B
ID: 316, Data: 85 51 3F 1A 51 12 50 7B
ID: 316, Data: 85 51 50 1A 51 12 50 7B
ID: 43F, Data: 886 45 60 FF 74 10 1A 0
ID: 316, Data: 85 51 3F 1A 51 12 50 7B
ID: A1, Data: 880 7B 80 7D 40 0 0 0
ID: 153, Data: 80 0 0 FF 0 FF 0 0
ID: 316, Data: 85 51 47 1A 51 12 50 7B
ID: 153, Data: 80 0 0 FF 0 FF 0 0
ID: 316, Data: 85 50 59 1A 51 12 50 7B
ID: 316, Data: 85 51 59 1A 51 12 50 7B
ID: 18F, Data: 8AA 38 0 0 0 0 0 0
ID: 43F, Data: 886 45 60 FF 74 2C 1A 0
ID: 153, Data: 80 0 0 FF 0 FF 0 0
ID: 43F, Data: 886 45 60 FF 74 44 1A 0
ID: 316, Data: 85 50 62 1A 51 12 50 7B
ID: 18F, Data: 8AA 38 0 0 0 0 0 0
ID: 316, Data: 85 51 6B 1A 51 12 50 7B
ID: 43F, Data: 886 45 60 FF 74 4C 1A 0
ID: 316, Data: 85 51 74 1A 49 12 50 7B
ID: 153, Data: 80 0 0 FF 0 FF 0 0
ID: 153, Data: 80 0 0 FF 0 FF 0 0
ID: 316, Data: 85 4E 74 1A 47 12 50 7B
ID: 153, Data: 80 0 0 FF 0 FF 0 0
ID: 316, Data: 85 4A 74 1A 47 12 51 7B
ID: 1F1, Data: 80 C5 7C B2 27 87 82 28
ID: 280, Data: 830 0 88 B2 34 2D 71 7C
ID: 43F, Data: 886 45 60 FF 74 60 1A 0
ID: 280, Data: 830 0 88 B2 34 2C 71 7C
ID: 316, Data: 85 47 7D 1A 3A 13 51 7B
ID: 316, Data: 85 47 74 1A 2C 13 51 7B
ID: 43F, Data: 886 45 60 FF 74 6C 1A 0
ID: 316, Data: 85 3F 6B 1A D 13 51 7B
ID: 153, Data: 80 0 0 FF 0 FF 0 0
ID: 153, Data: 80 0 0 FF 0 FF 0 0
ID: 316, Data: 85 35 7D 1A F 15 51 7B
ID: 370, Data: 8FF E0 F0 F0 FF FF FF FF
ID: 316, Data: 85 2A 62 1A 11 16 51 7B
ID: 18F, Data: 8AA 38 0 0 0 0 0 0
ID: 43F, Data: 886 45 60 FF 74 60 1A 0
ID: 43F, Data: 886 45 60 FF 74 5C 1A 0
ID: 316, Data: 85 1F 6B 1A 12 18 51 7B
ID: 43F, Data: 886 45 60 FF 74 5C 1A 0
ID: 316, Data: 85 1B 50 1A 13 18 51 7B
ID: A1, Data: 885 80 7D 7F 1A 0 0 0
ID: 43F, Data: 886 45 60 FF 74 18 1A 0
ID: 43F, Data: 886 45 60 FF 74 50 1A 0
ID: 260, Data: 8B 1D 21 30 2C FF C3 33
ID: 316, Data: 85 1D 7D 1A 21 18 51 7B
ID: 260, Data: 8B 1E 21 30 2C FF C4 22
ID: 43F, Data: 886 45 60 FF 74 54 1A 0
ID: 545, Data: 8E4 3C 0 8D 89 0 89 0
ID: 153, Data: 80 0 0 FF 0 FF 0 0
ID: 316, Data: 85 21 36 1A 21 18 50 7B
ID: 153, Data: 80 0 0 FF 0 FF 0 0
ID: 153, Data: 80 0 0 FF 0 FF 0 0
ID: 316, Data: 85 21 50 1A 21 18 50 7B
ID: 43F, Data: 886 45 60 FF 74 38 1A 0
ID: 329, Data: 8ED B3 80 8 11 31 5 26
ID: 153, Data: 80 0 0 FF 0 FF 0 0
ID: 153, Data: 80 0 0 FF 0 FF 0 0
ID: 316, Data: 85 21 47 1A 21 18 50 7B
ID: 153, Data: 80 0 0 FF 0 FF 0 0
ID: 316, Data: 85 21 47 1A 21 18 50 7B
ID: 153, Data: 80 0 0 FF 0 FF 0 0
ID: 316, Data: 85 21 6B 1A 20 18 50 7B
ID: 316, Data: 85 21 74 1A 20 18 50 7B
ID: 153, Data: 80 0 0 FF 0 FF 0 0
ID: 316, Data: 85 21 8F 1A 20 18 50 7B
ID: 153, Data: 80 0 0 FF 0 FF 0 0
ID: 153, Data: 80 0 0 FF 0 FF 0 0
ID: 316, Data: 85 21 98 1A 22 18 50 7B
ID: 153, Data: 80 0 0 FF 0 FF 0 0
ID: 545, Data: 8E4 45 0 8D A4 0 A4 0
ID: 316, Data: 85 21 86 1A 23 18 50 7B
ID: 545, Data: 8E4 45 0 8D A3 0 A3 0
ID: 316, Data: 85 21 8F 1A 23 18 50 7B
ID: 153, Data: 80 0 0 FF 0 FF 0 0
ID: A0, Data: 828 7F 98 1A 50 2A 2 0
ID: 316, Data: 85 21 8F 1A 12 18 50 7B
ID: 260, Data: 8B 22 12 30 2C FF C5 2C
ID: 43F, Data: 886 45 60 FF 74 8 1A 0
ID: 2A0, Data: 820 F 71 1C 33 0 11 0
ID: 316, Data: 85 1F 86 1A 12 18 50 7B
ID: 153, Data: 80 0 0 FF 0 FF 0 0
ID: 316, Data: 85 1D 59 1A 13 18 50 7B
ID: 316, Data: 85 1C 2D 1A 13 18 50 7B
ID: 153, Data: 80 0 0 FF 0 FF 0 0
ID: 43F, Data: 886 45 60 FF 74 DC 19 0
ID: 153, Data: 80 0 0 FF 0 FF 0 0
ID: 1F1, Data: 80 C5 75 12 27 81 2 28
ID: 316, Data: 85 18 59 19 14 18 4F 7B
ID: 18F, Data: 8AA 37 0 0 0 0 0 0
ID: 5F0, Data: 20 0
ID: 153, Data: 80 0 0 FF 0 FF 0 0
ID: 43F, Data: 846 45 60 FF 74 D8 19 0
ID: 260, Data: 8B 1A 1E 30 2C FF A8 37
ID: 316, Data: 85 1A 28 19 1E 18 4F 7B
ID: 280, Data: 830 0 88 B3 32 10 71 30
ID: 153, Data: 80 0 0 FF 0 FF 0 0
ID: 316, Data: 85 1C C5 19 1F 18 4F 7B
ID: 316, Data: 85 1D DF 19 1F 18 4F 7B
ID: 18F, Data: 8AA 37 0 0 0 0 0 0
ID: 316, Data: 85 1D A 1A 1F 18 4F 7B
ID: 43F, Data: 846 45 60 FF 74 E8 19 0
ID: 316, Data: 85 1F E8 19 1F 18 4F 7B
ID: 153, Data: 80 0 0 FF 0 FF 0 0
ID: 153, Data: 80 0 0 FF 0 FF 0 0
ID: 316, Data: 85 20 F9 19 31 18 4F 7B
ID: 43F, Data: 846 45 60 FF 74 C8 19 0
ID: 316, Data: 85 26 24 1A 38 18 4F 7B
ID: A0, Data: 831 7F A 1A 4F 2D 2 0
ID: 43F, Data: 846 45 60 FF 74 F0 19 0
ID: 43F, Data: 846 45 60 FF 74 F0 19 0
ID: 545, Data: 8E4 60 0 8D 88 1 88 1
ID: 316, Data: 85 2E 48 1B 37 16 4F 7B
ID: 316, Data: 85 2E 48 1B 37 16 4F 7B
ID: 43F, Data: 846 45 60 FF 74 CC 19 0
ID: 43F, Data: 846 45 60 FF 74 D4 19 0
ID: A0, Data: 841 7E 3F 1B 4F 2F 2 0
ID: 153, Data: 80 0 0 FF 0 FF 0 0
ID: 316, Data: 85 34 82 1B F 16 4F 7B
ID: 153, Data: 80 0 0 FF 0 FF 0 0
ID: 316, Data: 85 32 82 1B 10 16 4F 7B
ID: 316, Data: 85 2F 6F 1B 10 16 4F 7B
ID: A1, Data: 881 7D 83 80 23 0 0 0
ID: 43F, Data: 846 45 60 FF 74 D8 19 0
ID: 316, Data: 85 22 98 1A 12 18 4F 7B
ID: 18F, Data: 8AA 36 0 0 0 0 0 0
ID: 316, Data: 85 1E 1C 1A 13 18 4F 7B
ID: 43F, Data: 846 45 60 FF 74 DC 19 0
ID: 316, Data: 85 1D D6 19 42 18 4F 7B
ID: 153, Data: 80 0 0 FF 0 FF 0 0
ID: 153, Data: 80 0 0 FF 0 FF 0 0
ID: 316, Data: 85 30 50 1A 46 17 4F 7B
ID: 153, Data: 80 0 0 FF 0 FF 0 0
ID: 316, Data: 85 36 5C 1B 44 16 4F 7B
ID: 153, Data: 80 0 0 FF 0 FF 0 0
ID: 2A0, Data: 81 B 71 1C 33 0 11 0
ID: 316, Data: 85 39 17 1C 42 15 4F 7B
ID: 316, Data: 85 3B 21 1C 42 15 4F 7B
ID: 316, Data: 85 3C 17 1C 42 14 4F 7B
ID: 316, Data: 85 3C 35 1C 27 14 4F 7B
ID: 370, Data: 8FF DD F0 F0 FF FF FF FF
ID: 316, Data: 85 3D 54 1C E 14 4F 7B
ID: 153, Data: 80 0 0 FF 0 FF 0 0
ID: 316, Data: 85 36 21 1C F 15 4F 7B
ID: 153, Data: 80 0 0 FF 0 FF 0 0
ID: 153, Data: 80 0 0 FF 0 FF 0 0
ID: 316, Data: 85 26 23 1B 11 17 4F 7B
ID: 153, Data: 80 0 0 FF 0 FF 0 0
ID: 316, Data: 85 21 7D 1A 12 18 4F 7B
ID: 316, Data: 85 20 50 1A 12 18 4F 7B
ID: 2A0, Data: 840 A 71 1C 33 0 11 0
ID: 43F, Data: 846 45 60 FF 74 E8 19 0
ID: 316, Data: 85 1B E8 19 13 18 4F 7B
ID: A1, Data: 888 81 89 7F 18 0 0 0
ID: 316, Data: 85 19 82 19 13 18 4F 7B
ID: 153, Data: 80 0 0 FF 0 FF 0 0
ID: A1, Data: 889 81 89 7F 17 0 0 0
ID: 329, Data: 8ED B3 80 8 11 2E 0 26
ID: 545, Data: 8E4 33 0 8D BD FF BD FF
ID: 153, Data: 80 0 0 FF 0 FF 0 0
ID: 153, Data: 80 0 0 FF 0 FF 0 0
ID: 316, Data: 85 14 B2 17 15 18 4F 7B
ID: 153, Data: 80 0 0 FF 0 FF 0 0
ID: 316, Data: 85 15 6B 17 15 18 4F 7B
ID: 316, Data: 85 15 4F 17 15 18 4F 7B
ID: 18F, Data: 8AA 36 0 0 0 0 0 0
ID: 316, Data: 85 16 2C 17 15 18 4F 7B
ID: 153, Data: 80 0 0 FF 0 FF 0 0
ID: 316, Data: 85 16 25 17 15 18 4F 7B
ID: 316, Data: 85 17 18 17 15 18 4F 7B
ID: 2A0, Data: 840 8 71 1C 33 0 11 0
ID: 43F, Data: 846 45 60 FF 74 D4 19 0
ID: 43F, Data: 846 45 60 FF 74 CC 19 0
ID: A0, Data: 825 7E 18 17 50 27 2 0
ID: 316, Data: 85 17 C7 16 15 18 4F 7B
ID: 316, Data: 85 17 C0 16 15 18 4F 7B
ID: A1, Data: 882 81 82 7F 19 0 0 0
ID: 316, Data: 8D 17 B3 16 15 18 4F 7B
ID: 153, Data: 80 0 0 FF 0 FF 0 0
ID: 153, Data: 80 0 0 FF 0 FF 0 0
ID: 43F, Data: 846 45 60 FF 74 C8 19 0
ID: 316, Data: 8D 14 58 16 16 18 4F 7B
ID: 153, Data: 80 0 0 FF 0 FF 0 0
ID: 153, Data: 80 0 0 FF 0 FF 0 0
ID: 316, Data: 8D 13 B3 16 15 18 4E 7B
ID: 43F, Data: 846 45 60 FF 74 AC 19 0
ID: 316, Data: 8D 13 33 17 1A 18 4E 7B
ID: 153, Data: 80 0 0 FF 0 FF 0 0
ID: 153, Data: 80 0 0 FF 0 FF 0 0
ID: 316, Data: 85 1D 18 19 23 18 4E 7B
ID: 153, Data: 80 0 0 FF 0 FF 0 0
ID: 316, Data: 85 20 E8 19 23 18 4E 7B
ID: 153, Data: 80 0 0 FF 0 FF 0 0
ID: 1F1, Data: 80 29 6D 92 26 79 92 27
ID: 316, Data: 85 21 F0 19 26 18 4E 7B
ID: 153, Data: 80 0 0 FF 0 FF 0 0
ID: 316, Data: 85 23 A 1A 31 18 4E 7B
ID: 153, Data: 80 0 0 FF 0 FF 0 0
ID: 316, Data: 85 26 24 1A 34 18 4E 7B
ID: 316, Data: 85 28 6B 1A 36 17 4E 7B
ID: 18F, Data: 8AA 36 0 0 0 0 0 0
ID: 43F, Data: 846 45 60 FF 74 B0 19 0
ID: 153, Data: 80 0 0 FF 0 FF 0 0
ID: 153, Data: 80 0 0 FF 0 FF 0 0
ID: 316, Data: 85 2E 6 1B 37 17 4E 7B
ID: 153, Data: 80 0 0 FF 0 FF 0 0
ID: 316, Data: 85 30 19 1B 37 16 4E 7B
ID: 153, Data: 80 0 0 FF 0 FF 0 0
ID: 329, Data: 8ED B2 80 8 11 38 E 26
ID: 316, Data: 85 32 48 1B 37 16 4E 7B
ID: 260, Data: 8B 34 37 30 2C FF D0 17
ID: 43F, Data: 846 45 60 FF 74 B4 19 0
ID: 545, Data: 8E4 77 0 8D 1F 2 1F 2
ID: 153, Data: 80 0 0 FF 0 FF 0 0
ID: 316, Data: 85 36 78 1B 38 15 4E 7B
ID: 43F, Data: 846 45 60 FF 74 CC 19 0
ID: 316, Data: 85 37 96 1B 38 15 4E 7B
ID: 153, Data: 80 0 0 FF 0 FF 0 0
ID: 153, Data: 80 0 0 FF 0 FF 0 0
ID: 316, Data: 85 38 B3 1B 39 15 4F 7B
ID: 153, Data: 80 0 0 FF 0 FF 0 0
ID: 316, Data: 85 39 BD 1B 39 15 4F 7B
ID: 316, Data: 85 3A C7 1B 39 15 4F 7B
ID: 260, Data: 8B 3A 3A 30 2C FF D0 1E
ID: 43F, Data: 846 45 60 FF 74 E0 19 0
ID: 43F, Data: 846 45 60 FF 74 D8 19 0
ID: 316, Data: 85 3A DA 1B 39 15 4F 7B
ID: 329, Data: 8B B2 80 8 11 39 11 26
ID: 43F, Data: 846 45 60 FF 74 E8 19 0
ID: 370, Data: 8FF DD F0 F0 FF FF FF FF
ID: 153, Data: 80 0 0 FF 0 FF 0 0
ID: 153, Data: 80 0 0 FF 0 FF 0 0
ID: 316, Data: 85 3A 96 1B 37 15 4F 7B
ID: 153, Data: 80 0 0 FF 0 FF 0 0
ID: 316, Data: 85 3A 52 1B 37 15 4F 7B
ID: 316, Data: 85 3A 2C 1B 37 15 4F 7B
ID: 2A0, Data: 8C1 A 71 1C 33 0 11 0
ID: 316, Data: 85 3A C6 1A 37 15 4F 7B
ID: 316, Data: 85 3A B3 1A 37 15 4F 7B
ID: A1, Data: 87E 7F 80 80 2F 0 0 0
ID: 316, Data: 85 3A AA 1A 38 15 4F 7B
ID: 153, Data: 80 0 0 FF 0 FF 0 0
ID: A1, Data: 87E 7F 80 80 2F 0 0 0
ID: 329, Data: 8B B2 80 8 11 38 F 26
ID: 545, Data: 8E4 74 0 8D 7D 2 7D 2
ID: A0, Data: 842 7E CF 1A 50 2F 2 0
ID: 153, Data: 80 0 0 FF 0 FF 0 0
ID: 316, Data: 85 38 CF 1A 37 15 4F 7B
ID: 153, Data: 80 0 0 FF 0 FF 0 0
ID: 316, Data: 85 39 B3 1A 38 15 4F 7B
ID: 5F0, Data: 20 0
ID: 260, Data: 8B 39 38 30 2C FF CE 5
ID: 545, Data: 8E4 72 0 8D 6F 2 6F 2
ID: 43F, Data: 846 45 60 FF 74 24 1A 0
ID: 43F, Data: 846 45 60 FF 74 2C 1A 0
ID: 280, Data: 830 0 88 B2 35 22 71 62
ID: 316, Data: 85 37 BC 1A 38 15 50 7B
ID: 316, Data: 85 36 BC 1A 38 15 50 7B
ID: 43F, Data: 846 45 60 FF 74 30 1A 0
ID: 316, Data: 85 37 AA 1A 38 15 50 7B
ID: 153, Data: 80 0 0 FF 0 FF 0 0
ID: 153, Data: 80 0 0 FF 0 FF 0 0
ID: 316, Data: 85 36 B3 1A 30 15 50 7B
ID: 153, Data: 80 0 0 FF 0 FF 0 0
ID: 316, Data: 85 36 B3 1A 21 15 50 7B
ID: 153, Data: 80 0 0 FF 0 FF 0 0
ID: 329, Data: 8ED B2 80 8 11 35 6 26
ID: 316, Data: 85 32 BC 1A 21 15 50 7B
ID: A1, Data: 87B 7F 7E 80 2C 0 0 0
ID: 316, Data: 85 2F 8F 1A 21 16 50 7B
ID: 316, Data: 85 2E 7D 1A 21 16 50 7B
ID: 18F, Data: 8AA 35 0 0 0 0 0 0
ID: 316, Data: 85 2A 59 1A 16 16 50 7B
ID: 43F, Data: 886 45 60 FF 74 44 1A 0
ID: 316, Data: 85 26 59 1A 14 17 50 7B
ID: 153, Data: 80 0 0 FF 0 FF 0 0
ID: 153, Data: 80 0 0 FF 0 FF 0 0
ID: 316, Data: 85 22 62 1A 12 18 50 7B
ID: 153, Data: 80 0 0 FF 0 FF 0 0
ID: 316, Data: 85 1F 50 1A 13 18 50 7B
ID: 316, Data: 85 1D 47 1A 13 18 50 7B
ID: 280, Data: 830 0 84 B2 34 11 71 32
ID: 316, Data: 85 1B 24 1A 13 19 50 7B
ID: 280, Data: 830 0 84 B2 34 10 71 30
ID: 153, Data: 80 0 0 FF 0 FF 0 0
ID: 316, Data: 85 18 F0 19 13 19 50 7B
ID: 153, Data: 80 0 0 FF 0 FF 0 0
ID: A0, Data: 81C 7D F0 19 51 26 2 0
ID: 316, Data: 85 15 AC 19 13 19 50 7B
ID: 18F, Data: 8AA 35 0 0 0 0 0 0
ID: 316, Data: 85 14 40 19 14 19 50 7B
ID: 153, Data: 80 0 0 FF 0 FF 0 0
ID: 316, Data: 85 14 F0 18 14 19 50 7B
ID: 153, Data: 80 0 0 FF 0 FF 0 0
ID: 2A0, Data: 8E0 8 71 1C 33 0 11 0
ID: 316, Data: 85 15 48 19 14 19 50 7B
ID: 260, Data: 8B 15 14 30 2C FF 69 1B
ID: 316, Data: 85 15 AC 19 13 19 50 7B
ID: 280, Data: 830 0 84 B1 33 11 71 31
ID: 153, Data: 80 0 0 FF 0 FF 0 0
ID: 316, Data: 85 15 C5 19 13 19 50 7B
ID: 153, Data: 80 0 0 FF 0 FF 0 0
ID: A1, Data: 874 81 76 7F 17 0 0 0
ID: 329, Data: 8B B1 80 8 11 2F 0 26
ID: 280, Data: 830 0 84 B1 32 11 71 32
ID: 18F, Data: 8AA 35 0 0 0 0 0 0
ID: 153, Data: 80 0 0 FF 0 FF 0 0
ID: 316, Data: 85 17 10 19 13 18 4F 7B
ID: 5F0, Data: 20 0
ID: 316, Data: 8D 17 0 19 13 18 4F 7B
ID: 153, Data: 80 0 0 FF 0 FF 0 0
ID: 329, Data: 8B B1 80 8 11 2F 0 26
ID: 316, Data: 8D 17 8 19 13 18 4F 7B
ID: 316, Data: 8D 17 10 19 1D 22 4F 7B
ID: 1F0, Data: 8FA 3F 1 C0 0 0 0 0
ID: 43F, Data: 846 45 60 FF 74 E4 19 0
ID: 316, Data: 8D 16 48 19 1F 22 4F 7B
ID: 545, Data: 8E4 2E 0 8D EA FE EA FE
ID: 153, Data: 80 0 0 FF 0 FF 0 0
ID: 2A0, Data: 8E0 6 71 1C 33 0 11 0
ID: 316, Data: 8D E CE 19 1F 22 4F 7B
ID: 280, Data: 830 0 20 B1 33 17 71 3E
ID: 153, Data: 80 0 0 FF 0 FF 0 0
ID: 316, Data: 8D F D6 19 1E 21 4F 7B
ID: 316, Data: 84D A BD 19 1E 21 4F 7B
ID: 316, Data: 84D A B4 19 1E 21 4F 7B
ID: 43F, Data: 846 45 60 FF 74 BC 19 0
ID: 316, Data: 84D A F0 18 1F 21 4F 7B
ID: 153, Data: 80 0 0 FF 0 FF 0 0
ID: 316, Data: 84D 5 D8 18 1F 21 4F 7B
ID: 316, Data: 84D 5 D8 18 1F 21 4F 7B
ID: 545, Data: 8E4 0 0 8D AF FD AF FD
ID: 43F, Data: 846 45 60 FF 74 A8 19 0
ID: 316, Data: 84D 0 48 19 1E 21 4E 7B
ID: 153, Data: 80 0 0 FF 0 FF 0 0
ID: 316, Data: 84D 0 82 19 1E 21 4E 7B
ID: 153, Data: 80 0 0 FF 0 FF 0 0
ID: 329, Data: 8B B1 80 8 11 32 0 26
ID: 316, Data: 84D 0 82 19 1E 21 4E 7B
ID: 316, Data: 84D 0 7A 19 1E 21 4E 7B
ID: 1F1, Data: 80 D6 6C 52 26 79 52 27
ID: 43F, Data: 846 45 60 FF 74 84 19 0
ID: A0, Data: 82D 7D 71 19 4E 2A 4 0
ID: 316, Data: 84D 0 F0 18 1F 21 4E 7B
ID: 329, Data: 8ED B1 80 8 11 32 0 26
ID: 43F, Data: 846 45 60 FF 74 74 19 0
ID: 43F, Data: 846 45 60 FF 74 60 19 0
ID: 2A0, Data: 8E0 4 71 1C 33 0 11 0
ID: 316, Data: 84D 0 82 18 1F 21 4D 7B
ID: 316, Data: 84D 0 91 18 1F 21 4D 7B
ID: 43F, Data: 846 45 60 FF 74 54 19 0
ID: 316, Data: 84D 0 B0 18 1F 21 4D 7B
ID: 153, Data: 80 0 0 FF 0 FF 0 0
ID: 316, Data: 84D 0 B8 18 1F 21 4D 7B
ID: 153, Data: 80 0 0 FF 0 FF 0 0
ID: 329, Data: 840 B1 80 8 11 32 0 26
ID: 316, Data: 84D 0 91 18 1F 21 4D 7B
ID: 260, Data: 80 0 1F 30 2C FF 4E F
ID: 5F0, Data: 20 0
ID: 43F, Data: 846 45 60 FF 74 24 19 0
ID: 316, Data: 84D 0 7A 18 1F 21 4D 7B
ID: 18F, Data: 8AA 3A 0 0 0 0 0 0
ID: 153, Data: 80 0 0 FF 0 FF 0 0
ID: 153, Data: 80 0 0 FF 0 FF 0 0
ID: 2A0, Data: 840 3 71 1C 33 0 11 0
ID: 329, Data: 840 B1 80 8 11 32 0 26
ID: A0, Data: 82E 7D 5C 18 4D 2A 4 0
ID: 316, Data: 84D 0 54 18 1F 21 4C 7B
ID: 316, Data: 84D 0 4D 18 1F 21 4C 7B
ID: 260, Data: 80 0 1F 30 2C FF 4E F
ID: 316, Data: 84D 0 45 18 1F 21 4C 7B
ID: 316, Data: 84D 0 3E 18 1F 21 4C 7B
ID: A0, Data: 82E 7D 4D 18 4D 2A 4 0
ID: 316, Data: 84D 0 3E 18 1F 21 4C 7B
ID: 316, Data: 84D 0 36 18 1F 21 4C 7B
ID: 43F, Data: 846 45 60 FF 74 C4 18 0
ID: 316, Data: 84D 0 27 18 1F 21 4C 7B
ID: 370, Data: 8FF DD F0 F0 FF FF FF FF
ID: 316, Data: 84D 0 18 18 1F 21 4C 7B
ID: 153, Data: 80 0 0 FF 0 FF 0 0
ID: 370, Data: 8FF DD F0 F0 FF FF FF FF
ID: 43F, Data: 846 45 60 FF 74 B4 18 0
ID: 2A0, Data: 840 3 71 1C 33 0 11 0
ID: 316, Data: 84D 0 11 18 1F 21 4B 7B
ID: 316, Data: 84D 0 11 18 1F 21 4B 7B
ID: 5F0, Data: 20 0
ID: 43F, Data: 846 45 60 FF 74 90 18 0
ID: 153, Data: 80 0 0 FF 0 FF 0 0
ID: 260, Data: 80 0 1F 30 2C FF 4E F
ID: 316, Data: 84D 0 EC 17 1F 21 4B 7B
ID: 153, Data: 80 0 0 FF 0 FF 0 0
ID: 316, Data: 84D 0 DD 17 1F 21 4B 7B
ID: 153, Data: 80 0 0 FF 0 FF 0 0
ID: 316, Data: 84D 0 DD 17 1F 21 4B 7B
ID: 153, Data: 80 0 0 FF 0 FF 0 0
ID: 2A0, Data: 880 2 71 1C 33 0 11 0
ID: 316, Data: 84D 0 D6 17 1F 21 4A 7B
ID: 545, Data: 8E4 0 0 8D AF FD AF FD
ID: 43F, Data: 846 45 60 FF 74 54 18 0
ID: 316, Data: 84D 0 B9 17 1F 21 4A 7B
ID: 43F, Data: 846 45 60 FF 74 4C 18 0
ID: 316, Data: 84D 0 AB 17 1F 21 4A 7B
ID: 43F, Data: 846 45 60 FF 74 3C 18 0
ID: 43F, Data: 846 45 60 FF 74 38 18 0
ID: 2A0, Data: 880 2 71 1C 33 0 11 0
ID: 153, Data: 80 0 0 FF 0 FF 0 0
ID: 316, Data: 84D 0 79 17 1F 21 4A 7B
ID: 153, Data: 80 0 0 FF 0 FF 0 0
ID: 545, Data: 8E4 0 0 8D B0 FD B0 FD
ID: 316, Data: 84D 0 72 17 1F 21 4A 7B
ID: 2A0, Data: 8E0 2 71 1C 33 0 11 0
ID: 316, Data: 84D 0 6B 17 1F 21 49 7B
ID: 316, Data: 84D 0 6B 17 20 21 49 7B
ID: A0, Data: 82F 7D 72 17 4A 2A 4 0
ID: 316, Data: 84D 0 64 17 20 21 49 7B
ID: 316, Data: 84D 0 5D 17 20 21 49 7B
ID: 43F, Data: 846 45 60 FF 74 E4 17 0
ID: 316, Data: 84D 0 56 17 20 21 49 7B
ID: 370, Data: 8FF DD F0 F0 FF FF FF FF
ID: 316, Data: 84D 0 4F 17 20 21 49 7B
ID: 153, Data: 80 0 0 FF 0 FF 0 0
ID: 43F, Data: 846 45 60 FF 74 C4 17 0
ID: 43F, Data: 846 45 60 FF 74 CC 17 0
ID: 545, Data: 8E4 0 0 8D B0 FD B0 FD
ID: 316, Data: 84D 0 48 17 20 21 49 7B
ID: 316, Data: 84D 0 3A 17 20 21 48 7B
ID: A1, Data: 880 81 80 7F 20 0 0 0
ID: 43F, Data: 846 45 60 FF 74 A4 17 0
ID: 43F, Data: 846 45 60 FF 74 9C 17 0
ID: A0, Data: 830 7D 11 17 49 2A 4 0
ID: 316, Data: 84D 0 FD 16 20 21 48 7B
ID: 316, Data: 84D 0 FD 16 20 21 48 7B
ID: 43F, Data: 846 45 60 FF 74 90 17 0
ID: 43F, Data: 846 45 60 FF 74 70 17 0
ID: 260, Data: 80 0 20 30 2C FF 4E D
ID: 316, Data: 84D 0 E8 16 20 21 48 7B
ID: 316, Data: 84D 0 E2 16 20 21 48 7B
ID: 43F, Data: 846 45 60 FF 74 6C 17 0
ID: 316, Data: 84D 0 D4 16 20 21 48 7B
ID: 153, Data: 80 0 0 FF 0 FF 0 0
ID: 316, Data: 84D 0 C0 16 20 21 47 7B
ID: 153, Data: 80 0 0 FF 0 FF 0 0
ID: 1F0, Data: 8FC 3F 1 C0 0 0 0 0
ID: 316, Data: 84D 0 A6 16 20 21 47 7B
ID: 153, Data: 80 0 0 FF 0 FF 0 0
ID: A1, Data: 880 81 80 7F 20 0 0 0
ID: 280, Data: 830 0 20 B0 2D 18 71 44
ID: 153, Data: 80 0 0 FF 0 FF 0 0
ID: 316, Data: 84D 0 92 16 20 21 47 7B
ID: A0, Data: 830 7C 92 16 48 2A 4 0
ID: 316, Data: 84D 0 8C 16 20 21 47 7B
ID: 316, Data: 84D 0 85 16 20 21 47 7B
ID: 5F0, Data: 20 0
ID: 440, Data: 8FE C6 46 A0 FF AA AA AA
ID: 316, Data: 84D 0 6B 16 20 21 47 7B
ID: 43F, Data: 846 45 60 FF 74 10 17 0
ID: 43F, Data: 846 45 60 FF 74 0 17 0
ID: A1, Data: 880 81 80 7F 20 0 0 0
ID: 316, Data: 84D 0 65 16 21 21 46 7B
ID: 153, Data: 80 0 0 FF 0 FF 0 0
ID: 18F, Data: 8AA 3E 0 0 0 0 0 0
ID: 316, Data: 84D 0 52 16 21 21 46 7B
ID: 316, Data: 84D 0 4B 16 21 21 46 7B
ID: A1, Data: 880 81 80 7F 20 0 0 0
ID: 153, Data: 80 0 0 FF 0 FF 0 0
ID: 316, Data: 84D 0 3F 16 21 21 46 7B
ID: 153, Data: 80 0 0 FF 0 FF 0 0
ID: 329, Data: 884 B0 80 8 11 32 0 26
ID: 316, Data: 84D 0 38 16 21 21 46 7B
ID: 2A0, Data: 820 1 71 1C 33 0 11 0
ID: 43F, Data: 846 45 60 FF 74 B4 16 0
ID: 316, Data: 84D 0 2C 16 21 21 46 7B
ID: 18F, Data: 8AA 3E 0 0 0 0 0 0
ID: 316, Data: 84D 0 13 16 21 21 45 7B
ID: 153, Data: 80 0 0 FF 0 FF 0 0
ID: 316, Data: 84D 0 F4 15 21 21 45 7B
ID: 1F0, Data: 8FF 3F 1 C0 0 0 0 0
ID: 2A0, Data: 8E0 1 71 1C 33 0 11 0
ID: 2A0, Data: 880 1 71 1C 33 0 11 0
ID: A1, Data: 880 81 80 7F 20 0 0 0
ID: 316, Data: 84D 0 BD 15 21 21 45 7B
ID: 153, Data: 80 0 0 FF 0 FF 0 0
ID: 329, Data: 840 B0 80 8 12 31 0 26
ID: 316, Data: 84D 0 AB 15 21 21 44 7B
ID: 260, Data: 80 0 22 30 2C FF 4E 38
ID: 43F, Data: 846 45 60 FF 74 30 16 0
ID: 316, Data: 84D 0 87 15 21 21 44 7B
ID: 370, Data: 8FF DE F0 F0 FF FF FF FF
ID: 316, Data: 84D 0 6F 15 21 21 44 7B
ID: 5F0, Data: 20 0
ID: 370, Data: 8FF DE F0 F0 FF FF FF FF
ID: 316, Data: 84D 0 4C 15 22 21 43 7B
ID: 43F, Data: 846 45 60 FF 74 E8 15 0
ID: 43F, Data: 846 45 60 FF 74 D0 15 0
ID: A1, Data: 880 81 80 7F 21 0 0 0
ID: 316, Data: 84D 0 24 15 22 21 43 7B
ID: 316, Data: 84D 0 D 15 22 21 43 7B
ID: 43F, Data: 846 45 60 FF 74 A8 15 0
ID: 43F, Data: 846 45 60 FF 74 90 15 0
ID: 280, Data: 830 0 20 B0 29 1A 71 46
ID: 316, Data: 84D 0 E6 14 22 21 42 7B
ID: 329, Data: 884 B0 80 8 12 31 0 26
ID: 43F, Data: 846 45 60 FF 74 5C 15 0
ID: 316, Data: 84D 0 B9 14 16 17 42 7B
ID: A1, Data: 880 81 80 7F 21 0 0 0
ID: 153, Data: 80 0 0 FF 0 FF 0 0
ID: 316, Data: 84D 0 F5 13 17 18 41 7B
ID: 153, Data: 80 0 0 FF 0 FF 0 0
ID: 329, Data: 884 B0 80 8 12 2E 0 26
ID: 316, Data: 84D 0 BA 12 19 18 41 7B
ID: 2A0, Data: 880 0 71 1C 33 0 11 0
ID: 5F0, Data: 20 0
ID: 153, Data: 80 0 0 FF 0 FF 0 0
ID: 440, Data: 8FE 66 40 A0 FF AA AA AA
ID: 5F0, Data: 20 0
ID: 545, Data: 8E4 0 0 8D 48 FE 48 FE
ID: 329, Data: 840 B0 80 8 12 2D 0 26
ID: 43F, Data: 846 45 60 FF 73 84 14 0
ID: 5F0, Data: 20 0
ID: 370, Data: 8FF DE F0 F0 FF FF FF FF
ID: 280, Data: 830 0 20 B0 27 14 71 3C
ID: 153, Data: 80 0 0 FF 0 FF 0 0
ID: 2A0, Data: 820 0 71 1C 33 0 11 0
ID: 316, Data: 8D 0 B9 13 18 18 3E 7B
ID: 545, Data: 8E4 0 0 8D 47 FE 47 FE
ID: 43F, Data: 846 45 60 FF 73 FC 13 0
ID: 153, Data: 80 0 0 FF 0 FF 0 0
ID: A0, Data: 826 7C A0 13 3E 26 4 0
ID: 316, Data: 8D 0 4E 13 19 18 3D 7B
ID: 2A0, Data: 820 0 71 1C 33 0 11 0
ID: 153, Data: 80 0 0 FF 0 FF 0 0
ID: 153, Data: 80 0 0 FF 0 FF 0 0
ID: 316, Data: 8D 0 2 13 19 18 3C 7B
ID: 43F, Data: 846 45 60 FF 73 70 13 0
ID: 43F, Data: 84D 45 60 FF 74 54 13 0
ID: 316, Data: 8D 0 C7 12 19 18 3C 7B
ID: 153, Data: 80 0 0 FF 0 FF 0 0
ID: 316, Data: 8D 0 89 12 19 19 3B 7B
ID: 153, Data: 80 0 0 FF 0 FF 0 0
ID: 316, Data: 8D 0 4C 12 1A 19 3B 7B
ID: 153, Data: 80 0 0 FF 0 FF 0 0
ID: 316, Data: 8D 0 32 12 1A 19 3A 7B
ID: 316, Data: 8D 0 1D 12 1A 19 3A 7B
ID: 545, Data: 8E4 0 0 8D 42 FE 42 FE
ID: 316, Data: 8D 0 EB 11 1A 19 3A 7B
ID: 316, Data: 8D 0 CB 11 1A 19 39 7B
ID: 280, Data: 830 0 20 B0 23 15 71 3D
ID: 153, Data: 80 0 0 FF 0 FF 0 0
ID: 316, Data: 8D 0 77 11 1B 19 39 7B
ID: 43F, Data: 84D 45 60 FF 74 B0 11 0
ID: 316, Data: 8D 0 1F 11 1B 19 38 7B
ID: 153, Data: 80 0 0 FF 0 FF 0 0
ID: 316, Data: 8D 0 E7 10 1C 19 38 7B
ID: 153, Data: 80 0 0 FF 0 FF 0 0
ID: 316, Data: 8D 0 14 11 1B 19 37 7B
ID: 1F1, Data: 80 2A A9 E1 1A B7 71 1B
ID: 153, Data: 80 0 0 FF 0 FF 0 0
ID: 43F, Data: 84D 45 60 FF 74 C 16 0
ID: A0, Data: 82A 7C 77 11 37 26 4 0
ID: 316, Data: 8D 0 15 13 19 18 36 7B
ID: 316, Data: 8D 0 83 13 18 18 36 7B
ID: 545, Data: 8E4 0 0 8D 49 FE 49 FE
ID: 43F, Data: 84D 45 60 FF 74 8C 15 0
ID: 153, Data: 80 0 0 FF 0 FF 0 0
ID: 18F, Data: 8AA 3A 0 0 0 0 0 0
ID: 440, Data: 8E7 66 34 A0 FF AA AA AA
ID: 153, Data: 80 0 0 FF 0 FF 0 0
ID: 153, Data: 80 0 0 FF 0 FF 0 0
ID: 18F, Data: 8AA 39 0 0 0 0 0 0
ID: 316, Data: 8D 0 4D 14 17 18 33 7B
ID: 316, Data: 8D 0 F 14 17 19 33 7B
ID: 329, Data: 8ED AF 80 8 12 2E 0 26
ID: 153, Data: 80 0 0 FF 0 FF 0 0
ID: 153, Data: 80 0 0 FF 0 FF 0 0
ID: 5F0, Data: 20 0
ID: 18F, Data: 8AA 39 0 0 0 0 0 0
ID: 2A0, Data: 820 0 71 1C 33 0 11 0
ID: 316, Data: 8D 0 A3 12 19 19 31 7B
ID: 545, Data: 8E4 0 0 8D 44 FE 44 FE
ID: 153, Data: 80 0 0 FF 0 FF 0 0
ID: 153, Data: 80 0 0 FF 0 FF 0 0
ID: 316, Data: 8D 0 2E 12 19 19 30 7B
ID: 440, Data: 8E7 75 2F A0 FF AA AA AA
ID: 316, Data: 8D 0 4 12 19 19 2F 7B
ID: A1, Data: 880 81 80 7F 1D 0 0 0
ID: 43F, Data: 84C 45 60 FF 74 90 12 0
ID: 43F, Data: 84C 45 60 FF 73 7C 12 0
ID: 316, Data: 8D 0 CB 11 19 19 2D 7B
ID: 316, Data: 8D 0 C3 11 19 19 2D 7B
ID: 316, Data: 8D 0 CF 11 19 19 2D 7B
ID: 280, Data: 830 0 20 AF 23 14 71 3D
ID: 43F, Data: 84C 45 60 FF 73 F8 14 0
ID: 43F, Data: 84C 45 60 FF 73 50 15 0
ID: 18F, Data: 8AA 39 0 0 0 0 0 0
ID: 316, Data: 8D 0 9F 12 18 18 2C 7B
ID: 153, Data: 80 0 0 FF 0 FF 0 0
ID: 316, Data: 8D 0 66 13 17 18 2B 7B
ID: 1F0, Data: 80 40 1 C0 0 0 0 0
ID: 153, Data: 80 0 0 FF 0 FF 0 0
ID: 370, Data: 8FF DE F0 F0 FF FF FF FF
ID: 43F, Data: 84C 45 60 FF 74 4C 17 0
ID: 2A0, Data: 861 1 71 1C 33 0 11 0
ID: 153, Data: 80 0 0 FF 0 FF 0 0
ID: 153, Data: 80 0 0 FF 0 FF 0 0
ID: 316, Data: 85 7A EA 1A 7E 10 2B 7B
ID: 43F, Data: 84C 45 60 FF 74 B8 17 0
ID: 316, Data: 85 7E AC 1E 7A 10 2B 7B
ID: 153, Data: 80 0 0 FF 0 FF 0 0
ID: 153, Data: 80 0 0 FF 0 FF 0 0
ID: 316, Data: 85 83 C4 1E 7A 10 2B 7B
ID: 153, Data: 80 0 0 FF 0 FF 0 0
ID: 316, Data: 85 80 F0 1D 7B 11 2B 7B
ID: 153, Data: 80 0 0 FF 0 FF 0 0
ID: 153, Data: 80 0 0 FF 0 FF 0 0
ID: 316, Data: 85 7F C3 1D 84 11 2C 7B
ID: 43F, Data: 844 45 60 FF 73 4C 18 0
ID: 280, Data: 830 0 88 AF 3B 4F 71 9E
ID: 153, Data: 80 0 0 FF 0 FF 0 0
ID: 280, Data: 830 0 88 AF 3B 57 71 AA
ID: 316, Data: 85 8E D9 1D 8E 10 2D 7B
ID: 43F, Data: 844 45 60 FF 74 4 19 0
ID: 316, Data: 85 8E 36 1E 8F 10 2D 7B
ID: 316, Data: 85 8E 2A 1E 8F 10 2E 7B
ID: 153, Data: 80 0 0 FF 0 FF 0 0
ID: 316, Data: 85 8F F0 1D 8F 10 2E 7B
ID: 153, Data: 80 0 0 FF 0 FF 0 0
ID: A0, Data: 8A8 7C 7 1E 2E 47 2 0
ID: 329, Data: 840 AF 80 8 11 52 46 26
ID: 280, Data: 830 0 88 AF 3C 5A 71 AF
ID: 43F, Data: 844 45 60 FF 73 8 1A 0
ID: 329, Data: 884 AF 80 8 11 52 46 26
ID: 43F, Data: 844 45 60 FF 73 4C 1A 0
ID: 316, Data: 85 8F 1E 1E 8F 10 30 7B
ID: 43F, Data: 844 45 60 FF 73 8C 1A 0
ID: 43F, Data: 844 45 60 FF 73 B4 1A 0
ID: 260, Data: 8B 92 90 30 2C FF 85 14
ID: 153, Data: 80 0 0 FF 0 FF 0 0
ID: 545, Data: 8E4 63 1 8D E9 8 E9 8
ID: 316, Data: 85 91 59 1E 8F 10 31 7B
ID: 545, Data: 8E4 5F 1 8D F0 8 F0 8
ID: 153, Data: 80 0 0 FF 0 FF 0 0
ID: 153, Data: 80 0 0 FF 0 FF 0 0
ID: 5F0, Data: 20 0
ID: A1, Data: 885 7C 81 7D 54 0 0 0
ID: A1, Data: 885 7C 81 7D 54 0 0 0
ID: 5F0, Data: 20 0
ID: 1F0, Data: 81 40 1 C0 0 0 0 0
ID: A0, Data: 8AE 7C 94 1E 33 48 2 0
ID: 545, Data: 8E4 79 1 8D E9 8 E9 8
ID: 153, Data: 80 0 0 FF 0 FF 0 0
ID: 43F, Data: 844 45 60 FF 73 7C 1C 0
ID: 153, Data: 80 0 0 FF 0 FF 0 0
ID: 153, Data: 80 0 0 FF 0 FF 0 0
ID: 5F0, Data: 20 0
ID: 18F, Data: 8AA 37 0 0 0 0 0 0
ID: A1, Data: 886 7C 83 7D 54 0 0 0
ID: 1F0, Data: 82 40 1 C0 0 0 0 0
ID: 280, Data: 830 0 88 AF 3F 64 71 BE
ID: 153, Data: 80 0 0 FF 0 FF 0 0
ID: 43F, Data: 844 45 60 FF 73 84 1D 0
ID: 2A0, Data: 8A1 25 71 1C 33 0 11 0
ID: 153, Data: 80 0 0 FF 0 FF 0 0
ID: 316, Data: 85 9C 0 20 9E 10 36 7B
ID: 153, Data: 80 0 0 FF 0 FF 0 0
ID: 316, Data: 85 9C 42 20 9E 10 37 7B
ID: 43F, Data: 844 45 60 FF 73 3C 1E 0
ID: 2A0, Data: 81 29 71 1C 33 0 11 0
ID: 316, Data: 85 9C 6A 20 9E 10 37 7B
ID: 316, Data: 85 9C A0 20 9E 10 38 7B
ID: 43F, Data: 844 45 60 FF 73 D8 1E 0
ID: 316, Data: 85 9C 0 21 9E 10 38 7B
ID: A1, Data: 884 7C 80 7D 59 0 0 0
ID: 316, Data: 85 9C 2A 21 9E 10 39 7B
ID: 153, Data: 80 0 0 FF 0 FF 0 0
ID: 1F0, Data: 82 40 1 C0 0 0 0 0
ID: 316, Data: 85 9C 2A 21 9B 10 39 7B
ID: 153, Data: 80 0 0 FF 0 FF 0 0
ID: 545, Data: 8E4 B4 1 8D CE 9 CE 9
ID: 316, Data: 85 9C BA 21 98 10 3A 7B
ID: 153, Data: 80 0 0 FF 0 FF 0 0
ID: 316, Data: 85 9A E5 21 98 10 3B 7B
ID: A1, Data: 884 7C 81 7D 57 0 0 0
ID: 316, Data: 85 9A F4 21 98 10 3B 7B
ID: 316, Data: 85 99 3 22 98 10 3B 7B
ID: 43F, Data: 844 45 60 FF 73 C4 20 0
ID: 43F, Data: 844 45 60 FF 73 DC 20 0
ID: 545, Data: 8E4 A8 1 8D 59 9 59 9
ID: 316, Data: 85 98 7B 22 98 10 3C 7B
ID: 316, Data: 85 98 A9 22 98 10 3D 7B
ID: A0, Data: 8B7 7B 6C 22 3D 4E 2 0
ID: 370, Data: 8FF DE F0 F0 FF FF FF FF
ID: 440, Data: 8FE 94 3D A0 FF AA AA AA
ID: 316, Data: 85 97 E7 22 98 11 3E 7B
ID: 2A0, Data: 861 34 71 1C 33 0 11 0
ID: 153, Data: 80 0 0 FF 0 FF 0 0
ID: 316, Data: 85 97 16 23 97 11 3E 7B
ID: 1F0, Data: 82 40 1 C0 0 0 0 0
ID: 280, Data: 830 0 88 AF 46 5D 71 B3
ID: 43F, Data: 844 45 60 FF 73 7C 22 0
ID: 153, Data: 80 0 0 FF 0 FF 0 0
ID: 316, Data: 85 97 C7 23 97 11 3F 7B
ID: 153, Data: 80 0 0 FF 0 FF 0 0
ID: 545, Data: 8E4 A8 1 8D 45 9 45 9
ID: 316, Data: 85 96 19 24 91 11 40 7B
ID: 545, Data: 8E4 AD 1 8D 38 9 38 9
ID: 5F0, Data: 20 0
ID: 316, Data: 85 94 5D 24 8C 11 41 7B
ID: 43F, Data: 844 45 60 FF 74 74 23 0
ID: 260, Data: 8B 93 8C 30 2C FF 91 39
ID: 153, Data: 80 0 0 FF 0 FF 0 0
ID: 280, Data: 830 0 88 AF 49 58 70 AA
ID: 316, Data: 85 90 B2 24 8B 11 42 7B
ID: A0, Data: 8A8 7B B2 24 42 4A 2 0
ID: 43F, Data: 844 45 60 FF 74 18 24 0
ID: 440, Data: 8FE E4 42 A0 FF AA AA AA
ID: 316, Data: 85 8F 9 25 8B 11 42 7B
ID: 316, Data: 85 8F 3E 25 8B 11 43 7B
ID: A1, Data: 882 7D 81 7D 50 0 0 0
ID: 316, Data: 85 8E 74 25 8A 11 43 7B
ID: 153, Data: 80 0 0 FF 0 FF 0 0
ID: 18F, Data: 8AA 36 0 0 0 0 0 0
ID: 43F, Data: 844 45 60 FF 73 E8 24 0
ID: 316, Data: 85 8D E0 25 86 11 44 7B
ID: 153, Data: 80 0 0 FF 0 FF 0 0
ID: 153, Data: 80 0 0 FF 0 FF 0 0
ID: 316, Data: 85 8B 2A 26 85 12 44 7B
ID: 43F, Data: 844 45 60 FF 74 60 25 0
ID: 316, Data: 85 8A 50 26 85 12 45 7B
ID: A1, Data: 881 7D 81 7D 4E 0 0 0
ID: 153, Data: 80 0 0 FF 0 FF 0 0
ID: 316, Data: 85 89 9C 26 7E 12 45 7B
ID: 153, Data: 80 0 0 FF 0 FF 0 0
ID: 280, Data: 830 0 88 AF 4D 51 70 A1
ID: 316, Data: 85 84 AF 26 79 12 46 7B
ID: 153, Data: 80 0 0 FF 0 FF 0 0
ID: 316, Data: 85 7F E9 26 79 13 46 7B
ID: 153, Data: 80 0 0 FF 0 FF 0 0
ID: 1F0, Data: 81 40 1 C0 0 0 0 0
ID: 316, Data: 85 7C FC 26 79 13 46 7B
ID: 153, Data: 80 0 0 FF 0 FF 0 0
ID: 545, Data: 8E4 76 1 8D 3A 7 3A 7
ID: 316, Data: 85 7B 4A 27 78 13 47 7B
ID: 545, Data: 8E4 77 1 8D 27 7 27 7
ID: 316, Data: 85 7A 5E 27 77 13 47 7B
ID: 153, Data: 80 0 0 FF 0 FF 0 0
ID: 18F, Data: 8AA 36 0 0 0 0 0 0
ID: 316, Data: 85 7A 72 27 77 13 47 7B
ID: 316, Data: 85 61 37 27 77 13 48 7B
ID: A1, Data: 883 7E 83 7D 48 0 0 0
ID: 43F, Data: 84D 45 60 5D 74 40 24 0
ID: 43F, Data: 84D 45 60 61 74 18 23 0
ID: 18F, Data: 8AA 36 0 0 0 0 0 0
ID: 153, Data: 80 0 0 FF 0 FF 0 0
ID: 153, Data: 80 0 0 FF 0 FF 0 0
ID: 43F, Data: 84D 45 60 65 74 7C 20 0
ID: 280, Data: 830 0 88 AF 42 4F 70 9D
ID: 43F, Data: 84D 45 60 65 74 24 1F 0
ID: 316, Data: 85 71 A5 1F 79 11 49 7B
ID: 153, Data: 80 0 0 FF 0 FF 0 0
ID: 316, Data: 85 7E 72 1F 79 11 49 7B
ID: 316, Data: 85 7F 8B 1F 79 11 49 7B
ID: 260, Data: 8B 80 7A 30 2C FF 94 3D
ID: 440, Data: 8E0 94 49 A0 FF AA AA AA
ID: 280, Data: 830 0 88 AF 3E 4C 70 97
ID: 153, Data: 80 0 0 FF 0 FF 0 0
ID: 545, Data: 8E4 1F 1 8D 42 7 42 7
ID: 316, Data: 85 7A 33 1F 79 12 49 7B
ID: 316, Data: 85 7A 40 1F 79 12 4A 7B
ID: 370, Data: 8FF E1 F0 F0 FF FF FF FF
ID: 316, Data: 85 78 65 1F 79 12 4A 7B
ID: 153, Data: 80 0 0 FF 0 FF 0 0
ID: 280, Data: 830 0 88 AE 3F 49 70 98
ID: 1F0, Data: 8FF 3F 1 C0 0 0 0 0
ID: 1F0, Data: 8FF 3F 1 C0 0 0 0 0
ID: A1, Data: 87F 7D 7E 7D 49 0 0 0
ID: 2A0, Data: 8A1 3B 70 1C 33 0 11 0
ID: A0, Data: 888 7B 8B 1F 4B 3F 2 0
ID: 153, Data: 80 0 0 FF 0 FF 0 0
ID: 316, Data: 85 71 59 1F 60 12 4B 7B
ID: 153, Data: 80 0 0 FF 0 FF 0 0
ID: 316, Data: 85 66 40 1F 5C 12 4B 7B
ID: 316, Data: 85 62 27 1F 59 12 4B 7B
ID: A1, Data: 87F 7D 7E 7D 42 0 0 0
ID: 370, Data: 8FF E1 F0 F0 FF FF FF FF
ID: 43F, Data: 84E 45 60 FF 74 F8 1E 0
ID: A1, Data: 87E 7D 7E 7D 41 0 0 0
ID: 316, Data: 85 59 27 1F 52 13 4B 7B
ID: 316, Data: 85 56 40 1F 52 13 4B 7B
ID: A1, Data: 87E 7D 7D 7D 3F 0 0 0
ID: 316, Data: 85 4C 33 1F 52 13 4B 7B
ID: 440, Data: 8E2 85 4B A0 FF AA AA AA
ID: 1F0, Data: 8FD 3F 1 C0 0 0 0 0
ID: 316, Data: 85 42 BC 1C 55 13 4C 7B
ID: 316, Data: 85 44 2B 1C 56 13 4C 7B
ID: 153, Data: 80 0 0 FF 0 FF 0 0
ID: 153, Data: 80 0 0 FF 0 FF 0 0
ID: 43F, Data: 84E 45 60 59 74 E8 18 0
ID: 153, Data: 80 0 0 FF 0 FF 0 0
ID: 153, Data: 80 0 0 FF 0 FF 0 0
ID: 316, Data: 85 5D A4 19 59 13 4C 7B
ID: A0, Data: 86C 7B A 1A 4C 38 2 0
ID: 316, Data: 85 5D 69 19 59 13 4C 7B
ID: 316, Data: 85 5E 61 19 59 13 4C 7B
ID: A1, Data: 87E 7B 7E 7D 43 0 0 0
ID: 316, Data: 85 5D 61 19 59 13 4C 7B
ID: 153, Data: 80 0 0 FF 0 FF 0 0
ID: 153, Data: 80 0 0 FF 0 FF 0 0
ID: 370, Data: 8FF E1 F0 F0 FF FF FF FF
ID: 153, Data: 80 0 0 FF 0 FF 0 0
ID: 316, Data: 85 59 82 19 59 13 4C 7B
ID: 43F, Data: 846 45 60 FF 74 8 19 0
ID: 316, Data: 85 59 61 19 5A 13 4C 7B
ID: 545, Data: 8E4 AC 0 8D DD 4 DD 4
ID: 153, Data: 80 0 0 FF 0 FF 0 0
ID: 316, Data: 85 59 61 19 5A 13 4C 7B
ID: 153, Data: 80 0 0 FF 0 FF 0 0
ID: 316, Data: 85 59 69 19 5A 13 4C 7B
ID: 316, Data: 85 5A 71 19 5A 13 4C 7B
ID: 545, Data: 8E4 AD 0 8D E2 4 E2 4
ID: 43F, Data: 846 45 60 FF 74 18 19 0
ID: 43F, Data: 846 45 60 FF 74 14 19 0
ID: 260, Data: 8B 5A 5B 30 2C FF B3 18
ID: 316, Data: 85 5B 7A 19 5A 12 4C 7B
ID: A1, Data: 87F 7B 7D 7D 44 0 0 0
ID: 43F, Data: 846 45 60 FF 74 28 19 0
ID: 43F, Data: 846 45 60 FF 74 18 19 0
ID: 2A0, Data: 81 30 6F 1C 33 0 11 0
ID: 316, Data: 85 5A 8A 19 52 12 4D 7B
ID: 316, Data: 85 5A 82 19 52 12 4D 7B
ID: 1F1, Data: 80 C5 61 92 25 6F E2 26
ID: 440, Data: 8FE C6 4D A0 FF AA AA AA
ID: A1, Data: 87E 7B 7E 7D 42 0 0 0
ID: 316, Data: 85 54 59 19 52 13 4D 7B
ID: 316, Data: 85 53 59 19 52 13 4D 7B
ID: 43F, Data: 886 45 60 FF 74 34 19 0
ID: 316, Data: 85 53 61 19 4F 13 4D 7B
ID: 5F0, Data: 20 0
ID: 316, Data: 85 50 59 19 4C 13 4D 7B
ID: 43F, Data: 886 45 60 FF 74 44 19 0
ID: 2A0, Data: 81 2D 6F 1C 33 0 11 0
ID: 5F0, Data: 20 0
ID: 153, Data: 80 0 0 FF 0 FF 0 0
ID: 43F, Data: 886 45 60 FF 74 44 19 0
ID: 5F0, Data: 20 0
ID: 316, Data: 85 4B 71 19 54 1D 4D 7B
ID: 316, Data: 85 4C 69 19 55 1D 4D 7B
ID: 153, Data: 80 0 0 FF 0 FF 0 0
ID: 5F0, Data: 20 0
ID: 316, Data: 85 4F C5 19 53 1D 4D 7B
ID: 153, Data: 80 0 0 FF 0 FF 0 0
ID: 316, Data: 85 50 D6 19 53 1D 4D 7B
ID: 316, Data: 85 51 CE 19 53 1C 4D 7B
ID: 2A0, Data: 8A1 2A 6F 1C 33 0 11 0
ID: 316, Data: 85 52 C5 19 49 1C 4D 7B
ID: 329, Data: 8ED AF 80 8 11 3F 12 26
ID: 43F, Data: 886 45 60 FF 74 6C 19 0
ID: 5A0, Data: 80 0 0 90 0 0 0 0
ID: 153, Data: 80 0 0 FF 0 FF 0 0
ID: 280, Data: 830 0 88 AF 33 2E 6F 82
ID: 316, Data: 845 47 7A 19 3D 1D 4D 7B
ID: 43F, Data: 886 45 60 FF 74 74 19 0
ID: 316, Data: 845 44 71 19 31 1D 4D 7B
ID: 5F0, Data: 20 0
ID: 316, Data: 845 3F 71 19 1A 1E 4E 7B
ID: 153, Data: 80 0 0 FF 0 FF 0 0
ID: 316, Data: 845 3D 7A 19 1B 1F 4E 7B
ID: A1, Data: 87E 7E 80 80 2E 0 0 0
ID: 316, Data: 845 39 59 19 1C 1F 4E 7B
ID: 316, Data: 845 32 71 19 1D 20 4E 7B
ID: 43F, Data: 886 45 60 FF 74 5C 19 0
ID: 545, Data: 8E4 55 0 8D AB 0 AB 0
ID: 1F0, Data: 8FB 3F 1 C0 0 0 0 0
ID: 5F0, Data: 20 0
ID: 316, Data: 845 21 59 19 1E 22 4D 7B
ID: 43F, Data: 886 45 60 FF 74 50 19 0
ID: 2A0, Data: 8E0 21 6F 1C 33 0 11 0
ID: 153, Data: 80 0 0 FF 0 FF 0 0
ID: 316, Data: 845 1A F0 18 1F 22 4D 7B
ID: 316, Data: 845 19 38 19 1F 22 4D 7B
ID: 43F, Data: 846 45 60 FF 74 60 19 0
ID: 440, Data: 8FE 16 4D A0 FF AA AA AA
ID: 153, Data: 80 0 0 FF 0 FF 0 0
ID: 1F0, Data: 8FD 3F 1 C0 0 0 0 0
ID: 316, Data: 845 1B 20 19 1F 22 4D 7B
ID: 153, Data: 80 0 0 FF 0 FF 0 0
ID: 43F, Data: 846 45 60 FF 74 54 19 0
ID: 2A0, Data: 820 1C 6F 1C 33 0 11 0
ID: 5F0, Data: 20 0
ID: 316, Data: 845 1D 28 19 1F 22 4D 7B
ID: 153, Data: 80 0 0 FF 0 FF 0 0
ID: 153, Data: 80 0 0 FF 0 FF 0 0
ID: 2A0, Data: 820 1B 6F 1C 33 0 11 0
ID: 316, Data: 845 1D 8 19 1F 22 4C 7B
ID: 440, Data: 8FE C6 4C A0 FF AA AA AA
ID: 316, Data: 845 1D F0 18 1F 22 4C 7B
ID: 153, Data: 80 0 0 FF 0 FF 0 0
ID: 316, Data: 845 1D B0 18 1F 22 4C 7B
ID: 43F, Data: 846 45 60 FF 74 D8 18 0
ID: 153, Data: 80 0 0 FF 0 FF 0 0
ID: 153, Data: 80 0 0 FF 0 FF 0 0
ID: 316, Data: 84D 1E E5 17 1F 22 4C 7B
ID: 43F, Data: 846 45 60 FF 74 D4 18 0
ID: 316, Data: 84D 22 B2 17 2A 22 4C 7B
ID: 153, Data: 80 0 0 FF 0 FF 0 0
ID: 329, Data: 8ED AF 80 8 11 32 5 26
ID: 316, Data: 845 25 F0 18 2E 22 4C 7B
ID: 260, Data: 8B 26 2E 30 2C FF C2 0
ID: 153, Data: 80 0 0 FF 0 FF 0 0
ID: 280, Data: 830 0 88 AF 32 18 6F 43
ID: 153, Data: 80 0 0 FF 0 FF 0 0
ID: 316, Data: 845 28 38 19 2D 21 4B 7B
ID: 545, Data: 8E4 51 0 8D 83 0 83 0
ID: 153, Data: 80 0 0 FF 0 FF 0 0
ID: 316, Data: 845 2A 7A 19 2D 21 4B 7B
ID: 153, Data: 80 0 0 FF 0 FF 0 0
ID: 153, Data: 80 0 0 FF 0 FF 0 0
ID: 545, Data: 8E4 58 0 8D B6 0 B6 0
ID: 316, Data: 845 2B 7A 19 2D 21 4B 7B
ID: 329, Data: 840 AF 80 8 11 34 5 26
ID: 153, Data: 80 0 0 FF 0 FF 0 0
ID: 316, Data: 845 2C 69 19 2D 21 4B 7B
ID: 316, Data: 845 2B 69 19 2D 21 4B 7B
ID: 43F, Data: 846 45 60 FF 74 8C 18 0
ID: 316, Data: 845 2C 71 19 30 21 4B 7B
ID: 5F0, Data: 20 0
ID: 316, Data: 845 2D 69 19 37 21 4B 7B
ID: 316, Data: 845 2D 71 19 37 21 4B 7B
ID: 316, Data: 845 2E 69 19 37 21 4B 7B
ID: 2A0, Data: 8C1 12 6F 1C 33 0 11 0
ID: 153, Data: 80 0 0 FF 0 FF 0 0
ID: 329, Data: 8ED AF 80 8 11 39 10 26
ID: 316, Data: 845 35 A4 19 48 20 4B 7B
ID: 18F, Data: 8AA 3D 0 0 0 0 0 0
ID: 316, Data: 845 3C 1C 1A 47 1F 4B 7B
ID: 153, Data: 80 0 0 FF 0 FF 0 0
ID: 260, Data: 8B 40 46 30 2C FF CC 3D
ID: 316, Data: 845 40 BC 1A 45 1E 4B 7B
ID: 43F, Data: 846 45 60 FF 74 84 18 0
ID: 545, Data: 8E4 93 0 8D 65 2 65 2
ID: 153, Data: 80 0 0 FF 0 FF 0 0
ID: 5F0, Data: 20 0
ID: 316, Data: 845 40 C6 1A 45 1E 4B 7B
ID: 43F, Data: 846 45 60 FF 74 84 18 0
ID: 280, Data: 830 0 88 AF 35 28 6F 72
ID: 153, Data: 80 0 0 FF 0 FF 0 0
ID: 316, Data: 845 41 CF 1A 45 1E 4B 7B
ID: 316, Data: 845 41 EA 1A 45 1E 4B 7B
ID: 43F, Data: 846 45 60 FF 74 88 18 0
ID: 43F, Data: 846 45 60 FF 74 84 18 0
ID: 153, Data: 80 0 0 FF 0 FF 0 0
ID: 5F0, Data: 20 0
ID: 316, Data: 845 43 FD 1A 45 1D 4B 7B
ID: 316, Data: 845 42 F4 1A 45 1D 4B 7B
ID: 18F, Data: 8AA 3E 0 0 0 0 0 0
ID: 153, Data: 80 0 0 FF 0 FF 0 0
ID: 440, Data: 8FE B6 4B A0 FF AA AA AA
ID: 43F, Data: 846 45 60 FF 74 88 18 0
ID: 316, Data: 845 44 F4 1A 45 1D 4B 7B
ID: 153, Data: 80 0 0 FF 0 FF 0 0
ID: 316, Data: 845 43 E1 1A 45 1D 4B 7B
ID: 316, Data: 845 42 C6 1A 45 1D 4B 7B
ID: 43F, Data: 846 45 60 FF 74 90 18 0
ID: 153, Data: 80 0 0 FF 0 FF 0 0
ID: 316, Data: 845 42 36 1A 47 1D 4B 7B
ID: A0, Data: 84F 7C 6B 1A 4C 32 2 0
ID: 5F0, Data: 20 0
ID: 316, Data: 845 43 E8 19 49 1D 4B 7B
ID: 43F, Data: 846 45 60 FF 74 A0 18 0
ID: 153, Data: 80 0 0 FF 0 FF 0 0
ID: 316, Data: 845 45 D6 19 49 1D 4B 7B
ID: 316, Data: 845 46 CE 19 49 1D 4B 7B
ID: 43F, Data: 846 45 60 FF 74 A4 18 0
ID: 316, Data: 845 49 BD 19 49 1D 4B 7B
ID: 153, Data: 80 0 0 FF 0 FF 0 0
ID: 316, Data: 845 48 AC 19 49 1D 4B 7B
ID: 316, Data: 845 49 9B 19 49 1D 4B 7B
ID: 153, Data: 80 0 0 FF 0 FF 0 0
ID: 316, Data: 845 4A 69 19 4A 1D 4B 7B
ID: 43F, Data: 846 45 60 FF 74 B0 18 0
ID: 153, Data: 80 0 0 FF 0 FF 0 0
ID: 316, Data: 845 49 61 19 4E 1D 4B 7B
ID: 316, Data: 845 4A 59 19 4E 1D 4B 7B
ID: A0, Data: 856 7C 61 19 4C 33 2 0
ID: 316, Data: 845 4B 51 19 4E 1D 4C 7B
ID: 316, Data: 845 4B 61 19 4E 1D 4C 7B
ID: 153, Data: 80 0 0 FF 0 FF 0 0
ID: 18F, Data: 8AA 3F 0 0 0 0 0 0
ID: 316, Data: 845 4B 82 19 4F 1D 4C 7B
ID: 316, Data: 845 4C 82 19 4F 1D 4C 7B
ID: 153, Data: 80 0 0 FF 0 FF 0 0
ID: 153, Data: 80 0 0 FF 0 FF 0 0
ID: 43F, Data: 846 45 60 FF 74 CC 18 0
ID: 5F0, Data: 20 0
ID: 316, Data: 845 4E 51 19 4F 1C 4C 7B
ID: 1F0, Data: 8FF 3F 1 C0 0 0 0 0
ID: 316, Data: 845 4D 59 19 4F 1C 4C 7B
ID: 153, Data: 80 0 0 FF 0 FF 0 0
ID: 153, Data: 80 0 0 FF 0 FF 0 0
ID: 316, Data: 845 4D 59 19 4F 1C 4C 7B
ID: 153, Data: 80 0 0 FF 0 FF 0 0
ID: A0, Data: 85A 7C 59 19 4C 34 2 0
ID: 316, Data: 845 4E 51 19 4F 1C 4C 7B
ID: 18F, Data: 8AA 3F 0 0 0 0 0 0
ID: 316, Data: 845 4E 48 19 4F 1C 4C 7B
ID: 153, Data: 80 0 0 FF 0 FF 0 0
ID: 260, Data: 8B 4F 3E 30 2C FF C1 5
ID: 316, Data: 845 4D 61 19 30 1C 4C 7B
ID: A0, Data: 85A 7C 59 19 4D 34 2 0
ID: 316, Data: 845 48 82 19 44 1D 4C 7B
ID: 280, Data: 830 0 88 B0 32 2B 6F 7A
ID: 316, Data: 845 4B 28 19 6F 1D 4C 7B
ID: 260, Data: 8B 58 73 30 2C FF A6 F
ID: 153, Data: 80 0 0 FF 0 FF 0 0
ID: 280, Data: 830 0 88 B0 33 43 6F A3
ID: 43F, Data: 886 45 60 FF 74 3C 19 0
ID: A0, Data: 886 7C 36 1A 4D 3E 2 0
ID: 316, Data: 845 77 3F 1A 6F 1A 4D 7B
ID: 316, Data: 845 77 24 1A 6F 1A 4D 7B
ID: 370, Data: 8FF E0 F0 F0 FF FF FF FF
ID: 2A0, Data: 861 15 6F 1C 33 0 11 0
ID: 153, Data: 80 0 0 FF 0 FF 0 0
ID: 280, Data: 830 0 88 B0 33 46 6F 9A
ID: 316, Data: 845 70 AC 19 71 1B 4D 7B
ID: A0, Data: 881 7D D6 19 4E 3C 2 0
ID: 316, Data: 845 6F B4 19 71 1B 4D 7B
ID: 545, Data: 8E4 D7 0 8D C9 5 C9 5
ID: 316, Data: 845 6E C5 19 71 1B 4D 7B
ID: 316, Data: 845 6F BD 19 70 1B 4E 7B
ID: 153, Data: 80 0 0 FF 0 FF 0 0
ID: 280, Data: 830 0 88 B0 33 44 6F 9B
ID: 316, Data: 845 6D DF 19 5D 11 4E 7B
ID: A0, Data: 882 7D D6 19 4E 3C 2 0
ID: 316, Data: 845 66 A4 19 5E 12 4E 7B
ID: 545, Data: 8E4 CD 0 8D 81 5 81 5
ID: 316, Data: 845 5F AC 19 5E 12 4E 7B
ID: 316, Data: 845 5D A4 19 5E 12 4E 7B
ID: 43F, Data: 886 45 60 FF 74 A4 19 0
ID: 329, Data: 884 B0 80 8 11 42 24 26
ID: 153, Data: 80 0 0 FF 0 FF 0 0
ID: 316, Data: 85 5D CE 19 5E 12 4E 7B
ID: 316, Data: 85 5D DF 19 5E 12 4E 7B
ID: A1, Data: 87E 7B 7F 7D 45 0 0 0
ID: 43F, Data: 886 45 60 FF 74 BC 19 0
ID: 43F, Data: 886 45 60 FF 74 B0 19 0
ID: 43F, Data: 886 45 60 FF 74 D0 19 0
ID: 316, Data: 85 5D DF 19 5E 12 4F 7B
ID: 329, Data: 884 B0 80 8 11 42 24 26
ID: 43F, Data: 886 45 60 FF 74 D4 19 0
ID: 329, Data: 8ED B0 80 8 11 42 24 26
ID: 153, Data: 80 0 0 FF 0 FF 0 0
ID: 316, Data: 85 5E E8 19 5E 12 4F 7B
ID: 316, Data: 85 5E F0 19 5E 12 4F 7B
ID: 545, Data: 8E4 B8 0 8D 3A 5 3A 5
ID: 43F, Data: 886 45 60 FF 74 E8 19 0
ID: 370, Data: 8FF E0 F0 F0 FF FF FF FF
ID: 18F, Data: 8AA 3D 0 0 0 0 0 0
ID: 316, Data: 85 5D F9 19 5E 12 4F 7B
ID: 153, Data: 80 0 0 FF 0 FF 0 0
ID: 260, Data: 8B 5E 5E 30 2C FF AE 8
ID: 316, Data: 85 5E 13 1A 5E 12 4F 7B
ID: A1, Data: 880 7B 81 7D 45 0 0 0
ID: 43F, Data: 886 45 60 FF 73 10 1A 0
ID: 153, Data: 80 0 0 FF 0 FF 0 0
ID: A1, Data: 880 7B 82 7D 45 0 0 0
ID: 329, Data: 8ED B0 80 8 11 42 24 26
ID: 545, Data: 8E4 BF 0 8D 33 5 33 5
ID: 43F, Data: 886 45 60 FF 74 1C 1A 0
ID: 440, Data: 8FE C6 50 A0 FF AA AA AA
ID: A0, Data: 86C 7D 24 1A 50 39 2 0
ID: 316, Data: 85 5D 36 1A 5D 12 50 7B
ID: 153, Data: 80 0 0 FF 0 FF 0 0
ID: 370, Data: 8FF E1 F0 F0 FF FF FF FF
ID: A0, Data: 86E 7D 47 1A 50 39 2 0
ID: 316, Data: 85 5E 59 1A 5E 12 50 7B
ID: 329, Data: 8B B0 80 8 11 42 26 26
ID: 153, Data: 80 0 0 FF 0 FF 0 0
ID: 316, Data: 85 5E 50 1A 65 12 50 7B
ID: 153, Data: 80 0 0 FF 0 FF 0 0
ID: 280, Data: 830 0 88 B0 34 3B 6F 94
ID: 316, Data: 85 61 50 1A 60 12 50 7B
ID: 43F, Data: 886 45 60 FF 74 58 1A 0
ID: 43F, Data: 886 45 60 FF 74 48 1A 0
ID: 260, Data: 8B 5E 35 30 2C FF AA 25
ID: 153, Data: 80 0 0 FF 0 FF 0 0
ID: 260, Data: 8B 4D D 30 2C FF B4 18
ID: 316, Data: 85 44 47 1A E 13 51 7B
ID: 260, Data: 8B 41 E 30 2C FF C2 32
ID: 153, Data: 80 0 0 FF 0 FF 0 0
ID: 153, Data: 80 0 0 FF 0 FF 0 0
ID: 316, Data: 85 2E 50 1A 11 17 51 7B
ID: 153, Data: 80 0 0 FF 0 FF 0 0
ID: 316, Data: 85 24 47 1A 12 18 51 7B
ID: 1F1, Data: 80 8 7A D2 27 89 D2 28
ID: 2A0, Data: 8E0 19 6F 1C 33 0 11 0
ID: 43F, Data: 886 45 60 FF 74 44 1A 0
ID: 1F1, Data: 80 3B 78 62 27 89 C2 28
ID: 260, Data: 8B 1A 13 30 2C FF 9B 30
ID: 316, Data: 85 1B A 1A 16 19 50 7B
ID: A0, Data: 81B 7D 36 1A 51 26 2 0
ID: 43F, Data: 886 45 60 FF 74 20 1A 0
ID: 1F1, Data: 80 81 78 82 27 86 A2 28
ID: 2A0, Data: 8C1 17 6F 1C 33 0 11 0
ID: 316, Data: 85 1F 50 1A 3B 19 50 7B
ID: 316, Data: 85 23 3F 1A 3E 18 50 7B
ID: 43F, Data: 886 45 60 FF 74 4C 1A 0
ID: 316, Data: 85 2F 62 1A 3E 17 50 7B
ID: 153, Data: 80 0 0 FF 0 FF 0 0
ID: 316, Data: 85 32 BC 1A 3E 17 50 7B
ID: 153, Data: 80 0 0 FF 0 FF 0 0
ID: 153, Data: 80 0 0 FF 0 FF 0 0
ID: 316, Data: 85 34 23 1B 3C 16 50 7B
ID: 153, Data: 80 0 0 FF 0 FF 0 0
ID: 2A0, Data: 81 16 6F 1C 33 0 11 0
ID: 316, Data: 85 35 8F 1A 3C 15 50 7B
ID: 2A0, Data: 8C1 16 6F 1C 33 0 11 0
ID: 316, Data: 85 38 6B 1A 3C 15 50 7B
ID: 153, Data: 80 0 0 FF 0 FF 0 0
ID: 43F, Data: 886 45 60 FF 74 34 1A 0
ID: 280, Data: 830 0 88 B1 35 23 6F 67
ID: 43F, Data: 886 45 60 FF 74 34 1A 0
ID: 280, Data: 830 0 88 B1 35 24 6F 68
ID: 153, Data: 80 0 0 FF 0 FF 0 0
ID: 316, Data: 85 3B 7D 1A 3C 15 50 7B
ID: 5F0, Data: 20 0
ID: 2A0, Data: 861 16 6F 1C 33 0 11 0
ID: 545, Data: 8E4 7D 0 8D AF 2 AF 2
ID: 153, Data: 80 0 0 FF 0 FF 0 0
ID: 316, Data: 85 3A 6B 1A 3C 15 50 7B
ID: 370, Data: 8FF E0 F0 F0 FF FF FF FF
ID: 316, Data: 85 3A 50 1A 3C 15 50 7B
ID: 153, Data: 80 0 0 FF 0 FF 0 0
ID: 153, Data: 80 0 0 FF 0 FF 0 0
ID: 316, Data: 85 3A 50 1A 3C 15 50 7B
ID: 153, Data: 80 0 0 FF 0 FF 0 0
ID: 329, Data: 8B B1 80 8 11 38 11 26
ID: 316, Data: 85 3A 59 1A 3C 15 50 7B
ID: 2A0, Data: 861 15 6F 1C 33 0 11 0
ID: 43F, Data: 886 45 60 FF 74 34 1A 0
ID: 370, Data: 8FF E0 F0 F0 FF FF FF FF
ID: A1, Data: 87E 7E 82 80 31 0 0 0
ID: 316, Data: 85 3A 59 1A 3C 15 50 7B
ID: 329, Data: 8ED B1 80 8 11 38 11 26
ID: 43F, Data: 886 45 60 FF 74 44 1A 0
ID: 316, Data: 85 3A 59 1A 3C 15 50 7B
ID: 5F0, Data: 20 0
ID: 316, Data: 85 3A 62 1A 22 15 51 7B
ID: 43F, Data: 886 45 60 FF 74 48 1A 0
ID: 18F, Data: 8AA 36 0 0 0 0 0 0
ID: 153, Data: 80 0 0 FF 0 FF 0 0
ID: 316, Data: 85 38 BC 1A F 15 51 7B
ID: 43F, Data: 886 45 60 FF 74 48 1A 0
ID: 316, Data: 85 2F 3F 1A 11 16 51 7B
ID: 545, Data: 8E4 5D 0 8D 2C 1 2C 1
ID: 153, Data: 80 0 0 FF 0 FF 0 0
ID: 316, Data: 85 22 47 1A 12 18 51 7B
ID: 153, Data: 80 0 0 FF 0 FF 0 0
ID: 153, Data: 80 0 0 FF 0 FF 0 0
ID: 316, Data: 85 1C 50 1A 13 19 51 7B
ID: 153, Data: 80 0 0 FF 0 FF 0 0
ID: 316, Data: 85 19 1 1A 13 19 51 7B
ID: 316, Data: 85 18 DF 19 13 19 50 7B
ID: 2A0, Data: 880 11 6E 1C 33 0 11 0
ID: 316, Data: 85 15 3F 1A 13 19 50 7B
ID: 316, Data: 85 14 1C 1A 13 19 50 7B
ID: 440, Data: 8FE B6 50 A0 FF AA AA AA
ID: 316, Data: 85 14 3F 1A 13 19 50 7B
ID: 43F, Data: 886 45 60 FF 75 28 1A 0
ID: 43F, Data: 886 45 60 FF 74 10 1A 0
ID: 153, Data: 80 0 0 FF 0 FF 0 0
ID: 153, Data: 80 0 0 FF 0 FF 0 0
ID: 316, Data: 85 15 A 1A 13 19 50 7B
ID: 43F, Data: 886 45 60 FF 74 4 1A 0
ID: 316, Data: 85 15 F0 19 13 19 50 7B
ID: 280, Data: 830 0 84 B1 33 11 6E 32
ID: 153, Data: 80 0 0 FF 0 FF 0 0
ID: 5A0, Data: 80 0 0 90 0 0 0 0
ID: 153, Data: 80 0 0 FF 0 FF 0 0
ID: 316, Data: 85 16 71 19 13 18 50 7B
ID: A0, Data: 824 7D 8A 19 50 28 2 0
ID: 316, Data: 85 17 40 19 13 18 50 7B
ID: 316, Data: 85 17 38 19 13 18 50 7B
ID: 153, Data: 80 0 0 FF 0 FF 0 0
ID: 43F, Data: 846 45 60 FF 74 D0 19 0
ID: 153, Data: 80 0 0 FF 0 FF 0 0
ID: 329, Data: 8B B1 80 8 11 30 0 26
ID: 5F0, Data: 20 0
ID: 316, Data: 8D 17 18 19 13 18 4F 7B
ID: 316, Data: 8D 13 10 19 13 18 4F 7B
ID: 153, Data: 80 0 0 FF 0 FF 0 0
ID: 316, Data: 8D 13 F8 18 13 18 4F 7B
ID: 153, Data: 80 0 0 FF 0 FF 0 0
ID: 1F0, Data: 88 40 1 C0 0 0 0 0
ID: 316, Data: 8D F F8 18 13 18 4F 7B
ID: 43F, Data: 846 45 60 FF 74 9C 19 0
ID: 316, Data: 8D F 10 19 13 18 4F 7B
ID: 153, Data: 80 0 0 FF 0 FF 0 0
ID: 316, Data: 8D B 30 19 13 18 4F 7B
ID: 316, Data: 8D B 51 19 13 18 4F 7B
ID: 153, Data: 80 0 0 FF 0 FF 0 0
ID: A1, Data: 880 81 80 7F 19 0 0 0
ID: 329, Data: 8ED B1 80 8 11 2F 0 26
ID: 2A0, Data: 840 A 6F 1C 33 0 11 0
ID: 153, Data: 80 0 0 FF 0 FF 0 0
ID: 153, Data: 80 0 0 FF 0 FF 0 0
ID: 5F0, Data: 20 0
ID: A0, Data: 823 7D 59 19 4F 27 4 0
ID: 260, Data: 80 0 13 30 2C FF 4E 1A
ID: 5F0, Data: 20 0
ID: 316, Data: 8D 0 20 19 13 18 4E 7B
ID: 153, Data: 80 0 0 FF 0 FF 0 0
ID: 316, Data: 8D 0 20 19 13 18 4E 7B
ID: 153, Data: 80 0 0 FF 0 FF 0 0
ID: 329, Data: 8B B1 80 8 11 30 0 26
ID: 316, Data: 8D 0 18 19 13 18 4E 7B
ID: 1F0, Data: 88 40 1 C0 0 0 0 0
ID: 153, Data: 80 0 0 FF 0 FF 0 0
ID: 280, Data: 830 0 20 B1 31 15 6F 3B
ID: 316, Data: 8D 0 E8 18 13 18 4E 7B
ID: 153, Data: 80 0 0 FF 0 FF 0 0
ID: 153, Data: 80 0 0 FF 0 FF 0 0
ID: 5F0, Data: 20 0
ID: 18F, Data: 8AA 35 0 0 0 0 0 0
ID: A0, Data: 82A 7D A9 18 4E 29 4 0
ID: 1F0, Data: 86 40 1 C0 0 0 0 0
ID: 18F, Data: 8AA 35 0 0 0 0 0 0
ID: 43F, Data: 846 45 60 FF 75 28 19 0
ID: 316, Data: 8D 0 A9 18 13 18 4D 7B
ID: A1, Data: 880 81 80 7F 1D 0 0 0
ID: 153, Data: 80 0 0 FF 0 FF 0 0
ID: 316, Data: 8D 0 A1 18 13 18 4D 7B
ID: 43F, Data: 846 45 60 FF 74 10 19 0
ID: 370, Data: 8FF E0 F0 F0 FF FF FF FF
ID: A0, Data: 829 7D 99 18 4D 29 4 0
ID: 153, Data: 80 0 0 FF 0 FF 0 0
ID: 316, Data: 8D 0 7A 18 13 18 4D 7B
ID: 153, Data: 80 0 0 FF 0 FF 0 0
ID: 545, Data: 8E4 0 0 8D 52 FE 52 FE
ID: 316, Data: 8D 0 5C 18 13 18 4D 7B
ID: 18F, Data: 8AA 35 0 0 0 0 0 0
ID: 43F, Data: 846 45 60 FF 74 EC 18 0
ID: 153, Data: 80 0 0 FF 0 FF 0 0
ID: 316, Data: 8D 0 4D 18 14 18 4C 7B
ID: 153, Data: 80 0 0 FF 0 FF 0 0
ID: 316, Data: 8D 0 3E 18 14 18 4C 7B
ID: 316, Data: 8D 0 3E 18 14 18 4C 7B
ID: 329, Data: 8ED B1 80 8 11 30 0 26
ID: 43F, Data: 846 45 60 FF 74 C4 18 0
ID: 1F1, Data: 80 29 54 2 25 62 42 26
ID: 280, Data: 830 0 20 B1 30 15 6F 3D
ID: 5F0, Data: 20 0
ID: 316, Data: 8D 0 18 18 14 18 4C 7B
ID: 316, Data: 8D 0 18 18 14 18 4C 7B
ID: 260, Data: 80 0 14 30 2C FF 4E 37
ID: 316, Data: 8D 0 11 18 14 18 4C 7B
ID: 316, Data: 8D 0 11 18 14 18 4C 7B
ID: 2A0, Data: 8E0 5 6F 1C 33 0 11 0
ID: 316, Data: 8D 0 9 18 14 18 4C 7B
ID: 153, Data: 80 0 0 FF 0 FF 0 0
ID: 316, Data: 8D 0 9 18 14 18 4B 7B
ID: 316, Data: 8D 0 9 18 14 18 4B 7B
ID: 153, Data: 80 0 0 FF 0 FF 0 0
ID: 280, Data: 830 0 20 B1 30 15 6F 3C
ID: 316, Data: 8D 0 FB 17 14 18 4B 7B
ID: 5F0, Data: 20 0
ID: 316, Data: 8D 0 E5 17 14 18 4B 7B
ID: 43F, Data: 846 45 60 FF 74 78 18 0
ID: 316, Data: 8D 0 DD 17 14 18 4B 7B
ID: 5F0, Data: 20 0
ID: 316, Data: 8D 0 D6 17 14 18 4B 7B
ID: 43F, Data: 846 45 60 FF 74 84 18 0
ID: 370, Data: 8FF E0 F0 F0 FF FF FF FF
ID: 5F0, Data: 20 0
ID: 316, Data: 8D 0 C7 17 14 18 4B 7B
ID: 43F, Data: 846 45 60 FF 74 64 18 0
ID: 18F, Data: 8AA 34 0 0 0 0 0 0
ID: 5F0, Data: 20 0
ID: 153, Data: 80 0 0 FF 0 FF 0 0
ID: 153, Data: 80 0 0 FF 0 FF 0 0
ID: 440, Data: 8FE C6 4A A0 FF AA AA AA
ID: 316, Data: 8D 0 AB 17 14 18 4B 7B
ID: 153, Data: 80 0 0 FF 0 FF 0 0
ID: 316, Data: 8D 0 AB 17 17 18 4A 7B
ID: 1F0, Data: 81 40 1 C0 0 0 0 0
ID: 329, Data: 8B B1 80 8 11 2F 1 26
ID: 316, Data: 8D 0 AB 17 1A 18 4A 7B
ID: 316, Data: 8D 0 AB 17 14 18 4A 7B
ID: 153, Data: 80 0 0 FF 0 FF 0 0
ID: 153, Data: 80 0 0 FF 0 FF 0 0
ID: 5F0, Data: 20 0
ID: A1, Data: 880 7B 80 7C 1A 0 0 0
ID: 18F, Data: 8AA 34 0 0 0 0 0 0
ID: 260, Data: 80 0 15 30 2C FF 4E 27
ID: 329, Data: 8B B1 80 8 11 2D 0 26
ID: 153, Data: 80 0 0 FF 0 FF 0 0
ID: 153, Data: 80 0 0 FF 0 FF 0 0
ID: 43F, Data: 846 45 60 FF 74 1C 18 0
ID: 329, Data: 884 B1 80 8 11 2D 0 26
ID: 43F, Data: 846 45 60 FF 74 14 18 0
ID: 440, Data: 8FE 66 49 A0 FF AA AA AA
ID: 153, Data: 80 0 0 FF 0 FF 0 0
ID: 316, Data: 8D 0 5D 17 15 18 4A 7B
ID: 5F0, Data: 20 0
ID: 329, Data: 840 B1 80 8 11 2F 0 26
ID: 329, Data: 840 B1 80 8 11 2F 0 26
ID: 370, Data: 8FF E0 F0 F0 FF FF FF FF
ID: 316, Data: 8D 0 4F 17 15 18 49 7B
ID: A1, Data: 880 81 80 7F 1A 0 0 0
ID: 43F, Data: 846 45 60 FF 74 E4 17 0
ID: 316, Data: 8D 0 4F 17 15 18 49 7B
ID: 545, Data: 8E4 0 0 8D 4F FE 4F FE
ID: 316, Data: 8D 0 41 17 14 18 49 7B
ID: 316, Data: 8D 0 41 17 15 18 49 7B
ID: 280, Data: 830 0 20 B1 2E 14 6F 39
ID: 153, Data: 80 0 0 FF 0 FF 0 0
ID: 153, Data: 80 0 0 FF 0 FF 0 0
ID: 316, Data: 8D 0 25 17 15 18 49 7B
ID: 5F0, Data: 20 0
ID: 316, Data: 85 5 25 17 2F 18 49 7B
ID: 153, Data: 80 0 0 FF 0 FF 0 0
ID: 316, Data: 85 12 18 17 3F 18 49 7B
ID: 316, Data: 85 1B F6 16 40 17 49 7B
ID: 43F, Data: 846 45 60 FF 74 C4 17 0
ID: 316, Data: 85 2F F6 16 3F 16 49 7B
ID: 18F, Data: 8AA 34 0 0 0 0 0 0
ID: 316, Data: 85 30 A1 18 3D 16 48 7B
ID: 5F0, Data: 20 0
ID: 316, Data: 85 31 D6 19 3D 16 48 7B
ID: 370, Data: 8FF DE F0 F0 FF FF FF FF
ID: A1, Data: 888 7B 88 7C 29 0 0 0
ID: 5A0, Data: 80 0 0 90 0 0 0 0
ID: 316, Data: 85 35 BD 19 45 15 48 7B
ID: 316, Data: 85 36 C5 19 49 15 48 7B
ID: 280, Data: 830 0 88 B1 33 23 6F 66
ID: 153, Data: 80 0 0 FF 0 FF 0 0
ID: 370, Data: 8FF DE F0 F0 FF FF FF FF
ID: 316, Data: 85 4A 7D 1A 56 1D 49 7B
ID: 440, Data: 8FE 16 48 A0 FF AA AA AA
ID: 316, Data: 85 4E 6 1B 55 1C 49 7B
ID: 153, Data: 80 0 0 FF 0 FF 0 0
ID: 43F, Data: 846 45 60 FF 74 E0 17 0
ID: 153, Data: 80 0 0 FF 0 FF 0 0
ID: 316, Data: 85 54 74 1A 56 1C 49 7B
ID: 316, Data: 85 56 CE 19 56 1C 49 7B
ID: A0, Data: 866 7D 13 1A 49 37 2 0
ID: 316, Data: 845 58 71 19 5A 1C 49 7B
ID: 316, Data: 845 58 59 19 5B 1C 49 7B
ID: 153, Data: 80 0 0 FF 0 FF 0 0
ID: 280, Data: 830 0 88 B1 32 38 6F 8D
ID: 316, Data: 845 5B 38 19 5E 1C 49 7B
ID: A1, Data: 884 7B 85 7D 43 0 0 0
ID: 316, Data: 845 5C 40 19 5F 1C 49 7B
ID: 316, Data: 845 5D 40 19 60 1B 49 7B
ID: 43F, Data: 846 45 60 FF 74 F8 17 0
ID: 440, Data: 8FE C6 49 A0 FF AA AA AA
ID: 153, Data: 80 0 0 FF 0 FF 0 0
ID: 18F, Data: 8AA 35 0 0 0 0 0 0
ID: 316, Data: 845 61 18 19 60 1B 49 7B
ID: 316, Data: 845 62 10 19 60 1B 49 7B
ID: 153, Data: 80 0 0 FF 0 FF 0 0
ID: 316, Data: 845 62 F8 18 63 1B 49 7B
ID: 316, Data: 845 62 F8 18 63 1B 49 7B
ID: 440, Data: 8FE 16 49 A0 FF AA AA AA
ID: 1F0, Data: 81 40 1 C0 0 0 0 0
ID: 43F, Data: 846 45 60 FF 74 2C 18 0
ID: 153, Data: 80 0 0 FF 0 FF 0 0
ID: 316, Data: 845 66 0 19 6C 1B 4A 7B
ID: 316, Data: 845 68 18 19 6C 1B 4A 7B
ID: 329, Data: 8B B1 80 8 11 45 25 26
ID: 316, Data: 845 6A 38 19 6C 1A 4A 7B
ID: 316, Data: 845 6B 30 19 6C 1A 4A 7B
ID: 153, Data: 80 0 0 FF 0 FF 0 0
ID: 43F, Data: 846 45 60 FF 74 48 18 0
ID: 316, Data: 845 6C F8 18 6C 1A 4A 7B
ID: 316, Data: 845 6D 8 19 6C 1A 4A 7B
ID: 316, Data: 845 6D 0 19 6C 1A 4A 7B
ID: 153, Data: 80 0 0 FF 0 FF 0 0
ID: 43F, Data: 846 45 60 FF 74 5C 18 0
ID: 316, Data: 845 6C 10 19 69 1A 4A 7B
ID: 2A0, Data: 8E0 11 6F 1C 33 0 11 0
ID: 316, Data: 845 64 F8 18 18 1B 4A 7B
ID: 280, Data: 830 0 88 B1 31 37 6F 89
ID: 43F, Data: 846 45 60 FF 73 6C 18 0
ID: 440, Data: 8FE 16 4A A0 FF AA AA AA
ID: 5F0, Data: 20 0
ID: 280, Data: 830 0 88 B1 31 23 6F 60
ID: 370, Data: 8FF DE F0 F0 FF FF FF FF
ID: 316, Data: 845 32 4D 18 1E 20 4B 7B
ID: 260, Data: 8B 2E 1E 30 2C FF C0 29
ID: 440, Data: 8FE 16 4A A0 FF AA AA AA
ID: 18F, Data: 8AA 3A 0 0 0 0 0 0
ID: 316, Data: 845 23 63 18 1F 21 4B 7B
ID: 316, Data: 845 20 4D 18 1F 21 4B 7B
ID: 18F, Data: 8AA 3A 0 0 0 0 0 0
ID: 153, Data: 80 0 0 FF 0 FF 0 0
ID: 43F, Data: 886 45 60 FF 73 34 18 0
ID: A1, Data: 887 81 89 7F 1D 0 0 0
ID: 43F, Data: 846 45 60 FF 74 6C 18 0
ID: 316, Data: 845 1C 45 18 1F 22 4A 7B
ID: 440, Data: 8FE 66 4A A0 FF AA AA AA
ID: 316, Data: 845 1D 54 18 1F 22 4A 7B
ID: 153, Data: 80 0 0 FF 0 FF 0 0
ID: 545, Data: 8E4 46 0 8D B9 FF B9 FF
ID: 43F, Data: 846 45 60 FF 74 14 18 0
ID: A0, Data: 82F 7D 18 18 4A 2A 2 0
ID: 316, Data: 845 1E F3 17 1F 21 4A 7B
ID: 316, Data: 845 1E 2 18 1F 21 4A 7B
ID: 43F, Data: 846 45 60 FF 74 14 18 0
ID: 280, Data: 830 0 84 B1 2F 17 6F 41
ID: 153, Data: 80 0 0 FF 0 FF 0 0
ID: 1F1, Data: 80 18 44 12 24 4F F2 24
ID: 316, Data: 845 1E CF 17 1F 21 49 7B
ID: A0, Data: 830 7D F3 17 4A 2A 2 0
ID: 316, Data: 845 1E CF 17 20 21 49 7B
ID: 316, Data: 845 1F B9 17 1F 21 49 7B
ID: 153, Data: 80 0 0 FF 0 FF 0 0
ID: 153, Data: 80 0 0 FF 0 FF 0 0
ID: 316, Data: 84D 1F 56 17 20 21 49 7B
ID: 5F0, Data: 20 0
ID: 153, Data: 80 0 0 FF 0 FF 0 0
ID: 370, Data: 8FF DE F0 F0 FF FF FF FF
ID: 545, Data: 8E4 38 0 8D 85 FF 85 FF
ID: 153, Data: 80 0 0 FF 0 FF 0 0
ID: 2A0, Data: 840 A 6F 1C 33 0 11 0
ID: 316, Data: 84D 1B 46 15 22 21 48 7B
ID: 545, Data: 8E4 2C 0 8D 31 FF 31 FF
ID: 316, Data: 84D 16 2 15 22 21 48 7B
ID: 2A0, Data: 8E0 9 6F 1C 33 0 11 0
ID: 316, Data: 84D 16 D 15 22 21 48 7B
ID: 316, Data: 84D 10 24 15 22 21 48 7B
ID: 153, Data: 80 0 0 FF 0 FF 0 0
ID: 316, Data: 84D 10 F4 15 21 21 48 7B
ID: 153, Data: 80 0 0 FF 0 FF 0 0
ID: A0, Data: 832 7D AB 15 48 2A 4 0
ID: 280, Data: 830 0 20 B0 2D 18 6F 42
ID: A0, Data: 830 7C 78 16 48 2A 4 0
ID: 43F, Data: 846 45 60 FF 74 48 17 0
ID: 370, Data: 8FF DE F0 F0 FF FF FF FF
ID: 18F, Data: 8AA 41 0 0 0 0 0 0
ID: 316, Data: 84D 5 D4 16 20 21 47 7B
ID: 153, Data: 80 0 0 FF 0 FF 0 0
ID: 18F, Data: 8AA 41 0 0 0 0 0 0
ID: 316, Data: 84D 0 F6 16 20 21 47 7B
ID: 316, Data: 84D 0 EF 16 20 21 47 7B
ID: A1, Data: 880 82 80 80 1F 0 0 0
ID: 153, Data: 80 0 0 FF 0 FF 0 0
ID: 316, Data: 84D 0 EF 16 20 21 47 7B
ID: 153, Data: 80 0 0 FF 0 FF 0 0
ID: 316, Data: 84D 0 DB 16 26 21 46 7B
ID: 5F0, Data: 20 0
ID: A1, Data: 880 80 80 7E 20 0 0 0
ID: 18F, Data: 8AA 41 0 0 0 0 0 0
ID: A0, Data: 831 7C C7 16 47 2A 4 0
ID: 329, Data: 8B B0 80 8 11 33 6 26
ID: A0, Data: 834 7C 8C 16 47 2B 2 0
ID: 43F, Data: 846 45 60 FF 74 4 17 0
ID: 43F, Data: 846 45 60 FF 74 0 17 0
ID: 153, Data: 80 0 0 FF 0 FF 0 0
ID: 370, Data: 8FF DE F0 F0 FF FF FF FF
ID: 280, Data: 830 0 88 B0 30 1F 6F 54
ID: 316, Data: 845 36 54 18 45 1F 46 7B
ID: 2A0, Data: 8C1 7 6F 1C 33 0 11 0
ID: 153, Data: 80 0 0 FF 0 FF 0 0
ID: 316, Data: 845 3B 99 18 50 1E 46 7B
ID: 153, Data: 80 0 0 FF 0 FF 0 0
ID: A1, Data: 881 7E 81 80 34 0 0 0
ID: 280, Data: 830 0 88 B0 32 2B 6F 75
ID: 2A0, Data: 8A1 8 6F 1C 33 0 11 0
ID: 43F, Data: 846 45 60 FF 74 DC 16 0
ID: 370, Data: 8FF DE F0 F0 FF FF FF FF
ID: 260, Data: 8B 4A 1A 30 2C FF C7 19
ID: 316, Data: 845 47 D6 19 1A 1D 46 7B
ID: 43F, Data: 846 45 60 FF 74 D0 16 0
ID: 153, Data: 80 0 0 FF 0 FF 0 0
ID: 153, Data: 80 0 0 FF 0 FF 0 0
ID: 545, Data: 8E4 6C 0 8D 5A 1 5A 1
ID: 440, Data: 8FE B6 45 A0 FF AA AA AA
ID: 440, Data: 8FE B6 45 A0 FF AA AA AA
ID: 316, Data: 845 29 B9 17 1F 21 46 7B
ID: 153, Data: 80 0 0 FF 0 FF 0 0
ID: 316, Data: 845 25 41 17 20 21 46 7B
ID: 43F, Data: 846 45 60 FF 74 D0 16 0
ID: 18F, Data: 8AA 42 0 0 0 0 0 0
ID: 153, Data: 80 0 0 FF 0 FF 0 0
ID: 316, Data: 845 1D 65 16 21 22 46 7B
ID: 43F, Data: 846 45 60 FF 74 80 16 0
ID: 316, Data: 845 1D F4 15 22 22 46 7B
ID: 153, Data: 80 0 0 FF 0 FF 0 0
ID: 440, Data: 8FE 16 45 A0 FF AA AA AA
ID: 43F, Data: 846 45 60 FF 74 B4 16 0
ID: 440, Data: 8FE 16 45 A0 FF AA AA AA
ID: 316, Data: 845 21 75 15 22 21 45 7B
ID: 153, Data: 80 0 0 FF 0 FF 0 0
ID: 316, Data: 845 21 A5 15 22 21 45 7B
ID: 43F, Data: 846 45 60 FF 74 A8 16 0
ID: 153, Data: 80 0 0 FF 0 FF 0 0
ID: 153, Data: 80 0 0 FF 0 FF 0 0
ID: 316, Data: 845 22 AB 15 21 21 45 7B
ID: 440, Data: 8FE 66 45 A0 FF AA AA AA
ID: 316, Data: 845 22 A5 15 21 21 45 7B
ID: 43F, Data: 846 45 60 FF 74 7C 16 0
ID: 545, Data: 8E4 4F 0 8D E 0 E 0
ID: 316, Data: 845 22 B7 15 21 21 45 7B
ID: 153, Data: 80 0 0 FF 0 FF 0 0
ID: 2A0, Data: 840 5 6F 1C 33 0 11 0
ID: 316, Data: 84D 22 C9 15 15 18 45 7B
ID: 260, Data: 80 21 15 30 2C FF 56 D
ID: 316, Data: 84D 1E 87 15 16 18 45 7B
ID: 316, Data: 84D 1D 52 15 16 18 45 7B
ID: 153, Data: 80 0 0 FF 0 FF 0 0
ID: A1, Data: 880 82 80 80 1B 0 0 0
ID: 280, Data: 830 0 20 B0 27 14 6F 38
ID: 2A0, Data: 880 5 6F 1C 33 0 11 0
ID: 1F1, Data: 80 80 1F B2 21 27 92 22
ID: 153, Data: 80 0 0 FF 0 FF 0 0
ID: A0, Data: 826 7C 31 13 45 26 4 0
ID: 316, Data: 8D 11 4C 12 1A 19 44 7B
ID: 260, Data: 80 11 1A 30 2C FF 4E 20
ID: 370, Data: 8FF DE F0 F0 FF FF FF FF
ID: 2A0, Data: 820 4 6F 1C 33 0 11 0
ID: 316, Data: 8D C 49 13 19 19 44 7B
ID: 316, Data: 8D C BE 13 18 19 44 7B
ID: A0, Data: 824 7C A 14 45 26 4 0
ID: 440, Data: 8FE 66 44 A0 FF AA AA AA
ID: 43F, Data: 846 45 60 FF 74 30 16 0
ID: 18F, Data: 8AA 41 0 0 0 0 0 0
ID: 316, Data: 8D 7 93 15 16 19 44 7B
ID: 5F0, Data: 20 0
ID: 316, Data: 8D 3 EE 15 16 19 44 7B
ID: 153, Data: 80 0 0 FF 0 FF 0 0
ID: 329, Data: 840 B0 80 8 12 2D 0 26
ID: 153, Data: 80 0 0 FF 0 FF 0 0
ID: 260, Data: 80 0 16 30 2C FF 4E 35
ID: 316, Data: 8D 0 D5 15 16 19 43 7B
ID: 18F, Data: 8AA 3F 0 0 0 0 0 0
ID: 43F, Data: 846 45 60 FF 74 0 16 0
ID: 153, Data: 80 0 0 FF 0 FF 0 0
ID: 43F, Data: 846 45 60 FF 74 E0 15 0
ID: 153, Data: 80 0 0 FF 0 FF 0 0
ID: 316, Data: 8D 0 58 15 16 18 43 7B
ID: 316, Data: 8D 0 52 15 16 18 43 7B
ID: 280, Data: 830 0 20 B0 2A 12 6F 38
ID: 43F, Data: 846 45 60 FF 74 CC 15 0
ID: 316, Data: 8D 0 46 15 16 18 43 7B
ID: 153, Data: 80 0 0 FF 0 FF 0 0
ID: 316, Data: 8D 0 46 15 16 18 43 7B
ID: 5F0, Data: 20 0
ID: 316, Data: 8D 0 3B 15 16 18 43 7B
ID: 153, Data: 80 0 0 FF 0 FF 0 0
ID: 329, Data: 840 B0 80 8 12 2F 0 26
ID: 316, Data: 8D 0 4C 15 16 18 42 7B
ID: 316, Data: 8D 0 58 15 16 18 42 7B
ID: 1F0, Data: 80 40 1 C0 0 0 0 0
ID: 153, Data: 80 0 0 FF 0 FF 0 0
ID: 43F, Data: 846 45 60 FF 74 98 15 0
ID: 153, Data: 80 0 0 FF 0 FF 0 0
ID: 43F, Data: 846 45 60 FF 74 78 15 0
ID: 316, Data: 8D 0 7 15 17 18 42 7B
ID: 280, Data: 830 0 20 B0 29 13 6F 3A
ID: A1, Data: 880 82 80 80 1C 0 0 0
ID: 5F0, Data: 20 0
ID: 316, Data: 8D 0 D5 14 17 18 41 7B
ID: 153, Data: 80 0 0 FF 0 FF 0 0
ID: 329, Data: 8B B0 80 8 12 2E 0 26
ID: 316, Data: 8D 0 98 14 17 18 41 7B
ID: 316, Data: 8D 0 8E 14 17 18 41 7B
ID: 1F0, Data: 80 40 1 C0 0 0 0 0
ID: 153, Data: 80 0 0 FF 0 FF 0 0
ID: 316, Data: 8D 0 4D 14 17 18 40 7B
ID: A0, Data: 828 7C 68 14 41 26 4 0
ID: 153, Data: 80 0 0 FF 0 FF 0 0
ID: 316, Data: 8D 0 F0 13 18 18 40 7B
ID: 153, Data: 80 0 0 FF 0 FF 0 0
ID: 5F0, Data: 20 0
ID: 1F1, Data: 80 7E F3 F1 1E F7 81 1F
ID: 316, Data: 8D 0 CD 13 18 18 3F 7B
ID: 545, Data: 8E4 0 0 8D 48 FE 48 FE
ID: 43F, Data: 84D 48 60 FF 73 78 14 0
ID: 43F, Data: 84D 48 60 FF 73 90 15 0
ID: 18F, Data: 8AA 3A 0 0 0 0 0 0
ID: 316, Data: 8D 0 58 14 17 18 3E 7B
ID: 153, Data: 80 0 0 FF 0 FF 0 0
ID: 153, Data: 80 0 0 FF 0 FF 0 0
ID: 316, Data: 8D 0 B1 15 16 18 3D 7B
ID: 43F, Data: 84C 48 60 FF 73 B0 17 0
ID: 440, Data: 8E7 D5 3C A0 FF AA AA AA
ID: 2A0, Data: 8E0 2 6F 1C 33 0 11 0
ID: 153, Data: 80 0 0 FF 0 FF 0 0
ID: 316, Data: 8D 0 9C 17 14 18 3C 7B
ID: 153, Data: 80 0 0 FF 0 FF 0 0
ID: 329, Data: 8B B0 80 8 12 2F 0 26
ID: 316, Data: 8D 0 2D 1A 13 19 3B 7B
ID: 316, Data: 8D 0 3F 1B 12 19 3B 7B
ID: 153, Data: 80 0 0 FF 0 FF 0 0
ID: 153, Data: 80 0 0 FF 0 FF 0 0
ID: 316, Data: 8D 0 D9 1D 11 19 3A 7B
ID: A1, Data: 880 82 80 80 1B 0 0 0
ID: 316, Data: 8D 0 7C 1E 11 19 3A 7B
ID: 316, Data: 8D 0 70 1E 11 19 39 7B
ID: 316, Data: 8D 0 4D 1E 11 19 39 7B
ID: 43F, Data: 84C 48 60 FF 73 80 1E 0
ID: 153, Data: 80 0 0 FF 0 FF 0 0
ID: 329, Data: 884 B0 80 8 12 34 0 26
ID: 316, Data: 8D 0 3D 1D 11 18 38 7B
ID: 18F, Data: 8AA 39 0 0 0 0 0 0
ID: 316, Data: 8D 0 D1 1C 11 18 38 7B
ID: 43F, Data: 844 48 60 FF 73 A4 1D 0
ID: 153, Data: 80 0 0 FF 0 FF 0 0
ID: 545, Data: 8E4 0 0 8D 4A FE 4A FE
ID: 316, Data: 8D 0 C 1C 11 18 37 7B
ID: A0, Data: 82D 7C 7D 1C 38 2C 4 0
ID: 153, Data: 80 0 0 FF 0 FF 0 0
ID: 153, Data: 80 0 0 FF 0 FF 0 0
ID: 153, Data: 80 0 0 FF 0 FF 0 0
ID: 18F, Data: 8AA 38 0 0 0 0 0 0
ID: 316, Data: 8D 0 19 1B 12 18 35 7B
ID: 153, Data: 80 0 0 FF 0 FF 0 0
ID: 316, Data: 8D 0 E1 1A 12 18 34 7B
ID: 316, Data: 8D 0 C6 1A 12 18 34 7B
ID: 18F, Data: 8AA 38 0 0 0 0 0 0
ID: 316, Data: 8D 0 8F 1A 12 18 33 7B
ID: 153, Data: 80 0 0 FF 0 FF 0 0
ID: 316, Data: 8D 0 47 1A 12 18 32 7B
ID: 153, Data: 80 0 0 FF 0 FF 0 0
ID: 153, Data: 80 0 0 FF 0 FF 0 0
ID: 316, Data: 8D 0 B4 19 12 18 31 7B
ID: 43F, Data: 844 48 60 FF 73 28 1A 0
ID: 370, Data: 8FF DE F0 FF FF FF FF FF
ID: 2A0, Data: 840 1 6F 1C 33 0 11 0
ID: 153, Data: 80 0 0 FF 0 FF 0 0
ID: 316, Data: 8D 0 C0 18 13 18 2F 7B
ID: 153, Data: 80 0 0 FF 0 FF 0 0
ID: 329, Data: 8B B0 80 8 12 31 0 26
ID: 316, Data: 8D 0 36 18 13 18 2E 7B
ID: 329, Data: 840 B0 80 8 12 30 0 26
ID: 153, Data: 80 0 0 FF 0 FF 0 0
ID: 153, Data: 80 0 0 FF 0 FF 0 0
ID: 316, Data: 8D 0 8E 17 13 18 2D 7B
ID: A0, Data: 829 7C CF 17 2E 29 4 0
ID: 316, Data: 8D 0 41 17 13 18 2C 7B
ID: 316, Data: 8D 0 18 17 13 18 2C 7B
ID: 545, Data: 8E4 0 0 8D 4D FE 4D FE
ID: 43F, Data: 844 48 60 FF 73 64 17 0
ID: 43F, Data: 844 48 60 FF 73 48 17 0
ID: 2A0, Data: 820 1 6F 1C 33 0 11 0
ID: 316, Data: 8D 0 3F 16 14 18 2A 7B
ID: 316, Data: 8D 0 1F 16 14 18 2A 7B
ID: 260, Data: 80 0 14 30 2C FF 4E 19
ID: 153, Data: 80 0 0 FF 0 FF 0 0
ID: 43F, Data: 844 48 60 FF 73 A4 16 0
ID: 43F, Data: 844 48 60 FF 73 7C 16 0
ID: 545, Data: 8E4 0 0 8D 49 FE 49 FE
ID: 316, Data: 8D 0 6F 15 15 18 29 7B
ID: 316, Data: 8D 0 5E 15 15 18 29 7B
ID: A0, Data: 828 7C 58 15 29 27 4 0
ID: 43F, Data: 844 48 60 FF 73 CC 15 0
ID: 1F1, Data: 80 91 48 D1 13 48 1 14
ID: 370, Data: 8FF DE F0 FF FF FF FF FF
ID: 316, Data: 8D 0 F1 14 15 18 28 7B
ID: 545, Data: 8E4 0 0 8D 49 FE 49 FE
ID: 43F, Data: 844 48 60 FF 74 98 15 0
ID: 43F, Data: 844 48 60 FF 73 94 15 0
ID: 2A0, Data: 820 1 6F 1C 33 0 11 0
ID: 316, Data: 8D 0 98 14 17 18 27 7B
ID: 316, Data: 8D 0 7D 14 16 18 27 7B
ID: 545, Data: 8E4 0 0 8C 48 FE 48 FE
ID: 43F, Data: 844 48 60 FF 73 F4 14 0
ID: 1F1, Data: 80 E7 38 A1 12 3F 31 13
ID: 2A0, Data: 820 0 6F 1C 33 0 11 0
ID: 316, Data: 8D 0 BE 13 17 18 26 7B
ID: 1F0, Data: 8DF 3F 1 C0 0 0 0 0
ID: 153, Data: 80 0 0 FF 0 FF 0 0
ID: 18F, Data: 8AA 36 0 0 0 0 0 0
ID: 316, Data: 8D 0 66 13 17 18 25 7B
ID: 440, Data: 8FE E4 25 A0 FF AA AA AA
ID: 545, Data: 8E4 0 0 8C 47 FE 47 FE
ID: 316, Data: 8D 0 52 13 17 18 25 7B
ID: 329, Data: 840 B0 80 8 12 2D 0 26
ID: 43F, Data: 844 48 60 FF 73 34 14 0
ID: 440, Data: 8FE 34 25 A0 FF AA AA AA
ID: 2A0, Data: 880 0 6F 1C 33 0 11 0
ID: 316, Data: 8D 0 6A 13 17 18 24 7B
ID: 316, Data: 8D 0 6F 13 17 18 24 7B
ID: A0, Data: 826 7C 6A 13 25 26 4 0
ID: 5F0, Data: 20 0
ID: 153, Data: 80 0 0 FF 0 FF 0 0
ID: 316, Data: 8D 0 31 13 17 18 24 7B
ID: 5F0, Data: 20 0
ID: 316, Data: 8D 0 7 13 17 19 23 7B
ID: 153, Data: 80 0 0 FF 0 FF 0 0
ID: 316, Data: 8D 0 EB 12 17 19 23 7B
ID: 153, Data: 80 0 0 FF 0 FF 0 0
ID: 329, Data: 8B B0 80 8 11 2D 0 26
ID: 316, Data: 8D 0 B1 12 18 19 23 7B
ID: 329, Data: 840 B0 80 8 11 2D 0 26
ID: 153, Data: 80 0 0 FF 0 FF 0 0
ID: 153, Data: 80 0 0 FF 0 FF 0 0
ID: 316, Data: 8D 0 77 12 18 19 22 7B
ID: 18F, Data: 8AA 36 0 0 0 0 0 0
ID: 153, Data: 80 0 0 FF 0 FF 0 0
ID: 153, Data: 80 0 0 FF 0 FF 0 0
ID: 260, Data: 80 0 18 30 2C FF 4E 33
ID: 316, Data: 8D 0 48 12 18 19 22 7B
ID: 43F, Data: 844 48 60 FF 73 B0 12 0
ID: 43F, Data: 844 48 60 FF 73 8C 12 0
ID: 329, Data: 884 AF 80 8 11 2D 0 26
ID: 153, Data: 80 0 0 FF 0 FF 0 0
ID: 316, Data: 8D 0 EB 11 18 19 21 7B
ID: 153, Data: 80 0 0 FF 0 FF 0 0
ID: 316, Data: 8D 0 AA 11 1D 19 21 7B
ID: 5F0, Data: 20 0
ID: 545, Data: 8E4 8 0 8C 97 FE 97 FE
ID: 316, Data: 85 A 41 11 2C 19 21 7B
ID: 43F, Data: 84B 48 60 FF 73 4 12 0
ID: 43F, Data: 84B 48 60 FF 73 0 12 0
ID: 316, Data: 85 1E 72 10 36 19 20 7B
ID: 260, Data: 8B 27 37 30 2C FF B2 33
ID: 316, Data: 85 2A BC F 38 19 20 7B
ID: A1, Data: 880 7B 80 7C 21 0 0 0
ID: 43F, Data: 84B 48 60 FF 73 E8 11 0
ID: 1F1, Data: 80 5D D A1 F F 11 10
ID: 329, Data: 884 AF 80 8 11 32 A 26
ID: 440, Data: 8FE 44 20 A0 FF AA AA AA
ID: 153, Data: 80 0 0 FF 0 FF 0 0
ID: 329, Data: 8ED AF 80 8 11 35 17 26
ID: 5A0, Data: 80 0 0 90 0 0 0 0
ID: 43F, Data: 84B 48 60 FF 73 B4 17 0
ID: 316, Data: 85 35 82 18 4E 16 1F 7B
ID: 153, Data: 80 0 0 FF 0 FF 0 0
ID: 316, Data: 85 3D 7A 19 4C 15 1F 7B
ID: 316, Data: 85 3E CE 19 4B 15 1F 7B
ID: 329, Data: 884 AF 80 8 11 3C 1C 26
ID: 316, Data: 85 42 36 1A 4A 14 1F 7B
ID: 329, Data: 8ED AF 80 8 11 3C 1C 26
ID: 153, Data: 80 0 0 FF 0 FF 0 0
ID: 316, Data: 85 45 13 1A 49 14 1F 7B
ID: 153, Data: 80 0 0 FF 0 FF 0 0
ID: 18F, Data: 8AA 35 0 0 0 0 0 0
ID: 316, Data: 85 45 7A 19 4A 14 1F 7B
ID: 316, Data: 85 46 30 19 4A 14 1F 7B
ID: A1, Data: 882 7E 83 80 38 0 0 0
ID: 153, Data: 80 0 0 FF 0 FF 0 0
ID: 43F, Data: 843 48 60 FF 73 D0 17 0
ID: 153, Data: 80 0 0 FF 0 FF 0 0
ID: 153, Data: 80 0 0 FF 0 FF 0 0
ID: 316, Data: 85 49 B0 18 4A 13 20 7B
ID: 153, Data: 80 0 0 FF 0 FF 0 0
ID: 280, Data: 830 0 88 AF 31 2E 6F 7D
ID: 316, Data: 85 49 C8 18 4A 13 20 7B
ID: A1, Data: 882 7C 83 7D 3B 0 0 0
ID: 43F, Data: 843 48 60 FF 73 30 18 0
ID: 153, Data: 80 0 0 FF 0 FF 0 0
ID: 1F0, Data: 8D2 3F 1 C0 0 0 0 0
ID: 545, Data: 8E4 88 0 8D 8A 3 8A 3
ID: 329, Data: 840 AF 80 8 11 3A 1C 26
ID: 2A0, Data: 8C1 A 6F 1C 33 0 11 0
ID: 440, Data: 8FE 63 21 A0 FF AA AA AA
ID: 316, Data: 85 46 E0 18 4A 13 21 7B
ID: 153, Data: 80 0 0 FF 0 FF 0 0
ID: 153, Data: 80 0 0 FF 0 FF 0 0
ID: 316, Data: 85 47 28 19 49 13 21 7B
ID: 153, Data: 80 0 0 FF 0 FF 0 0
ID: 316, Data: 85 47 51 19 49 13 21 7B
ID: 1F1, Data: 80 5E 1A 61 10 1D 1 11
ID: 2A0, Data: 8A1 C 6F 1C 33 0 11 0
ID: 43F, Data: 843 48 60 FF 73 E4 18 0
ID: 153, Data: 80 0 0 FF 0 FF 0 0
ID: 153, Data: 80 0 0 FF 0 FF 0 0
ID: 316, Data: 85 46 AC 19 33 14 21 7B
ID: 316, Data: 85 46 B4 19 22 14 21 7B
ID: A1, Data: 884 7C 87 7D 39 0 0 0
ID: 43F, Data: 843 48 60 FF 73 20 19 0
ID: 43F, Data: 843 48 60 FF 73 1C 19 0
ID: 18F, Data: 8AA 35 0 0 0 0 0 0
ID: 153, Data: 80 0 0 FF 0 FF 0 0
ID: 316, Data: 85 2E 61 19 1A 16 22 7B
ID: A1, Data: 886 7E 8A 80 2C 0 0 0
ID: 316, Data: 85 2A 40 19 1A 17 22 7B
ID: 5F0, Data: 20 0
ID: 2A0, Data: 8E0 C 6F 1C 33 0 11 0
ID: 260, Data: 8B 25 10 30 2C FF C7 29
ID: A1, Data: 888 7C 8A 7E 23 0 0 0
ID: 440, Data: 8FE 63 22 A0 FF AA AA AA
ID: 1F1, Data: 80 D7 1B E1 10 20 21 11
ID: 316, Data: 85 1D 7A 19 11 19 22 7B
ID: 316, Data: 85 1C 48 19 1D 22 22 7B
ID: 43F, Data: 843 48 60 FF 73 F8 18 0
ID: 316, Data: 85 1B E0 18 1D 23 22 7B
ID: 153, Data: 80 0 0 FF 0 FF 0 0
ID: 153, Data: 80 0 0 FF 0 FF 0 0
ID: 316, Data: 85 1B 5C 18 1E 22 22 7B
ID: 440, Data: 8FE B3 22 A0 FF AA AA AA
ID: 316, Data: 85 1A 27 18 1E 22 21 7B
ID: 153, Data: 80 0 0 FF 0 FF 0 0
ID: 153, Data: 80 0 0 FF 0 FF 0 0
ID: 43F, Data: 843 48 60 FF 73 58 18 0
ID: 153, Data: 80 0 0 FF 0 FF 0 0
ID: 316, Data: 845 1C C7 16 1F 22 21 7B
ID: 153, Data: 80 0 0 FF 0 FF 0 0
ID: A1, Data: 884 82 89 80 1C 0 0 0
ID: 280, Data: 830 0 84 AF 2B 17 6F 3E
ID: 545, Data: 8E4 40 0 8C C4 FF C4 FF
ID: 43F, Data: 843 48 60 FF 73 54 17 0
ID: 329, Data: 8B AF 80 8 12 32 0 26
ID: 153, Data: 80 0 0 FF 0 FF 0 0
ID: 316, Data: 845 21 88 14 20 22 1F 7B
ID: 153, Data: 80 0 0 FF 0 FF 0 0
ID: 280, Data: 830 0 84 AF 29 19 6F 43
ID: 316, Data: 845 21 A3 14 20 21 1F 7B
ID: 43F, Data: 843 48 60 FF 73 30 16 0
ID: 43F, Data: 843 48 60 FF 73 F8 15 0
ID: 153, Data: 80 0 0 FF 0 FF 0 0
ID: 316, Data: 845 21 7D 14 20 22 1E 7B
ID: 316, Data: 84D 21 63 14 20 22 1D 7B
ID: 2A0, Data: 820 7 6F 1C 33 0 11 0
ID: 43F, Data: 843 48 60 FF 73 14 15 0
ID: 316, Data: 84D 21 74 13 21 22 1D 7B
ID: 153, Data: 80 0 0 FF 0 FF 0 0
ID: 329, Data: 8ED AF 80 8 12 30 0 26
ID: 316, Data: 84D 1C 54 12 22 22 1C 7B
ID: 153, Data: 80 0 0 FF 0 FF 0 0
ID: 43F, Data: 843 48 60 FF 73 DC 13 0
ID: 153, Data: 80 0 0 FF 0 FF 0 0
ID: 316, Data: 84D 18 B8 10 24 22 1B 7B
ID: 316, Data: 84D 19 C3 10 24 22 1B 7B
ID: 440, Data: 8FE B3 1A A0 FF AA AA AA
ID: 316, Data: 84D 19 1F 11 23 22 1A 7B
ID: 153, Data: 80 0 0 FF 0 FF 0 0
ID: 153, Data: 80 0 0 FF 0 FF 0 0
ID: 316, Data: 84D 12 41 11 23 22 19 7B
ID: 316, Data: 84D 12 5C 11 23 22 19 7B
ID: 43F, Data: 843 48 60 FF 73 E4 11 0
ID: 316, Data: 84D 12 41 11 23 22 18 7B
ID: 43F, Data: 843 48 60 FF 73 80 11 0
ID: 43F, Data: 843 48 60 FF 73 64 11 0
ID: 153, Data: 80 0 0 FF 0 FF 0 0
ID: 316, Data: 84D C E7 10 24 22 17 7B
ID: 316, Data: 84D C C3 10 24 22 17 7B
ID: 2A0, Data: 820 6 6F 1C 33 0 11 0
ID: 43F, Data: 843 48 60 FF 73 64 10 0
ID: 43F, Data: 843 48 60 FF 73 20 10 0
ID: A1, Data: 880 83 80 80 22 0 0 0
ID: 316, Data: 845 27 53 F 26 22 16 7B
ID: 153, Data: 80 0 0 FF 0 FF 0 0
ID: A1, Data: 880 83 80 80 23 0 0 0
ID: 329, Data: 8B AF 80 8 12 2F 0 26
ID: 545, Data: 8E4 36 0 8B 77 0 77 0
ID: 153, Data: 80 0 0 FF 0 FF 0 0
ID: 153, Data: 80 0 0 FF 0 FF 0 0
ID: 260, Data: 8B 2A 28 30 2C FF 4F 2B
ID: 280, Data: 830 0 84 AF 1C 1D 6F 4E
ID: 316, Data: 845 29 31 E 28 22 14 7B
ID: 316, Data: 845 29 10 E 28 22 14 7B
ID: 43F, Data: 83 48 60 FF 73 18 E 0
ID: 43F, Data: 83 48 60 FF 73 EC D 0
ID: 370, Data: 8FF DE F0 FF FF FF FF FF
ID: A1, Data: 880 83 80 80 25 0 0 0
ID: 316, Data: 845 2A 49 D 2A 23 12 7B
ID: 316, Data: 845 2A 43 D 2A 23 12 7B
ID: 43F, Data: 83 48 60 FF 73 48 D 0
ID: 43F, Data: 83 48 60 FF 73 24 D 0
ID: 280, Data: 830 0 84 AF 19 1E 6F 4F
ID: A1, Data: 881 83 81 80 25 0 0 0
ID: 153, Data: 80 0 0 FF 0 FF 0 0
ID: 316, Data: 845 2B B0 C 2A 23 11 7B
ID: 370, Data: 8FF DE F0 FF FF FF FF FF
ID: 1F1, Data: 80 73 8D 60 8 8F 60 8
ID: 316, Data: 845 2B 76 C 2A 23 11 7B
ID: 316, Data: 845 2B 56 C 29 23 10 7B
ID: 260, Data: 8B 2B 2A 30 2C FF 4F A
ID: 316, Data: 845 2B 2C C 2A 23 10 7B
ID: 329, Data: 840 AF 80 8 12 2D 0 26
ID: 43F, Data: 83 48 60 FF 73 A8 B 0
ID: 316, Data: 845 2B E5 B 2A 23 10 7B
ID: 1F0, Data: 8CA 3F 1 C0 0 0 0 0
ID: 440, Data: 8FE 63 10 A0 FF AA AA AA
ID: 43F, Data: 83 48 60 FF 73 44 B 0
ID: 316, Data: 845 2B 65 B 2B 23 F 7B
ID: 18F, Data: 8AA 3F 0 0 0 0 0 0
ID: 153, Data: 80 0 0 FF 0 FF 0 0
ID: 153, Data: 80 0 0 FF 0 FF 0 0
ID: 370, Data: 8FF DE F0 FF FF FF FF FF
ID: 316, Data: 845 2C F3 A 2C 22 E 7B
ID: 153, Data: 80 0 0 FF 0 FF 0 0
ID: 153, Data: 80 0 0 FF 0 FF 0 0
ID: 316, Data: 845 2C FA A 2C 22 E 7B
ID: 43F, Data: 83 48 60 FF 73 14 A 0
ID: 43F, Data: 83 48 60 FF 73 F8 9 0
ID: 370, Data: 8FF DE F0 FF FF FF FF FF
ID: 280, Data: 830 0 84 AF 15 1F 6F 54
ID: 316, Data: 845 2C AC A 2C 22 D 7B
ID: 260, Data: 8B 2D 2D 30 2C FF 55 3B
ID: 43F, Data: 83 48 60 FF 73 6C 9 0
ID: 316, Data: 845 2D 53 A 2D 22 C 7B
ID: 2A0, Data: 8E0 3 6F 1C 33 0 11 0
ID: 316, Data: 845 2D 51 A 2D 22 C 7B
ID: 153, Data: 80 0 0 FF 0 FF 0 0
ID: 316, Data: 845 2D 10 A 2D 22 C 7B
ID: 316, Data: 845 2D E A 2D 22 C 7B
ID: 545, Data: 8E4 27 0 8C D0 0 D0 0
ID: A1, Data: 87E 83 7E 80 29 0 0 0
ID: 153, Data: 80 0 0 FF 0 FF 0 0
ID: 316, Data: 845 2E AE 9 2E 21 B 7B
ID: A1, Data: 87E 83 7E 80 29 0 0 0
ID: 153, Data: 80 0 0 FF 0 FF 0 0
ID: 316, Data: 845 2E 86 9 2E 21 B 7B
ID: 153, Data: 80 0 0 FF 0 FF 0 0
ID: 316, Data: 845 2F 7F 9 2E 21 A 7B
ID: 153, Data: 80 0 0 FF 0 FF 0 0
ID: 153, Data: 80 0 0 FF 0 FF 0 0
ID: 43F, Data: 83 48 60 FF 73 20 7 0
ID: 153, Data: 80 0 0 FF 0 FF 0 0
ID: 316, Data: 845 2F 59 9 2F 21 9 7B
ID: 153, Data: 80 0 0 FF 0 FF 0 0
ID: 316, Data: 845 2F 67 9 2F 21 9 7B
ID: 316, Data: 845 2F 3C 9 2F 21 9 7B
ID: 316, Data: 845 2F 3D 9 2F 21 9 7B
ID: 153, Data: 80 0 0 FF 0 FF 0 0
ID: 153, Data: 80 0 0 FF 0 FF 0 0
ID: 43F, Data: 8A 48 60 FF 73 0 8 0
ID: 18F, Data: 8AA 42 0 0 0 0 0 0
ID: A0, Data: 842 7B 24 9 9 24 2 0
ID: 329, Data: 840 AF 80 8 12 2B 0 26
ID: 316, Data: 845 2F A5 9 2E 21 7 7B
ID: 153, Data: 80 0 0 FF 0 FF 0 0
ID: 316, Data: 845 2E AD 9 2E 21 7 7B
ID: A1, Data: 87B 83 7B 80 2A 0 0 0
ID: 316, Data: 845 2E C7 9 2D 21 7 7B
ID: 153, Data: 80 0 0 FF 0 FF 0 0
ID: 2A0, Data: 820 2 6F 1C 33 0 11 0
ID: 43F, Data: 82 48 60 FF 73 88 7 0
ID: 280, Data: 830 0 84 AF 13 1F 6F 56
ID: 43F, Data: 82 48 60 FF 73 58 7 0
ID: 153, Data: 80 0 0 FF 0 FF 0 0
ID: 316, Data: 845 2D CC 9 2E 22 6 7B
ID: 316, Data: 845 2C B5 9 2E 21 6 7B
ID: 153, Data: 80 0 0 FF 0 FF 0 0
ID: 153, Data: 80 0 0 FF 0 FF 0 0
ID: 545, Data: 8E4 24 0 8B C4 0 C4 0
ID: 316, Data: 845 2D 98 9 2E 21 6 7B
ID: 260, Data: 8B 2D 2F 30 2C FF 65 1A
ID: 316, Data: 845 2D 96 9 2E 21 6 7B
ID: 316, Data: 845 2D 9E 9 2E 21 6 7B
ID: 153, Data: 80 0 0 FF 0 FF 0 0
ID: 43F, Data: 82 48 60 FF 73 3C 6 0
ID: 153, Data: 80 0 0 FF 0 FF 0 0
ID: 153, Data: 80 0 0 FF 0 FF 0 0
ID: 153, Data: 80 0 0 FF 0 FF 0 0
ID: 43F, Data: 82 48 60 FF 73 F8 5 0
ID: 316, Data: 845 2D 2 A 2D 22 5 7B
ID: 260, Data: 8B 2E 2D 30 2C FF 73 D
ID: 43F, Data: 82 48 60 FF 73 CC 5 0
ID: 440, Data: 8EC 22 5 A0 FF AA AA AA
ID: 153, Data: 80 0 0 FF 0 FF 0 0
ID: 153, Data: 80 0 0 FF 0 FF 0 0
ID: 440, Data: 8EA 22 5 A0 FF AA AA AA
ID: 316, Data: 845 2C 49 A 2D 22 5 7B
ID: 153, Data: 80 0 0 FF 0 FF 0 0
ID: 153, Data: 80 0 0 FF 0 FF 0 0
ID: 370, Data: 8FF DE F0 FF FF FF FF FF
ID: 43F, Data: 82 48 60 FF 73 AC 5 0
ID: 316, Data: 845 2B 40 A 2D 22 5 7B
ID: 280, Data: 830 0 84 AF 14 1E 6F 55
ID: 153, Data: 80 0 0 FF 0 FF 0 0
ID: 316, Data: 845 2C 32 A 1F 19 5 7B
ID: 153, Data: 80 0 0 FF 0 FF 0 0
ID: 316, Data: 845 2B 3D A 1F 19 5 7B
ID: 316, Data: 845 2A 3D A 1F 19 5 7B
ID: 280, Data: 830 0 84 AF 14 1D 6F 53
ID: 43F, Data: 82 48 60 FF 73 C0 5 0
ID: 316, Data: 845 27 12 A 20 19 5 7B
ID: 280, Data: 830 0 84 AF 13 1B 6F 50
ID: 153, Data: 80 0 0 FF 0 FF 0 0
ID: 153, Data: 80 0 0 FF 0 FF 0 0
ID: 316, Data: 85 24 DA 9 21 19 5 7B
ID: 43F, Data: 82 48 60 FF 73 EC 5 0
ID: 43F, Data: 82 48 60 FF 73 F0 5 0
ID: 43F, Data: 82 48 60 FF 73 F0 5 0
ID: 316, Data: 85 22 75 A 1F 1A 5 7B
ID: 18F, Data: 8AA 44 0 0 0 0 0 0
ID: 5F0, Data: 20 0
ID: 18F, Data: 8AA 44 0 0 0 0 0 0
ID: 440, Data: 8E8 D2 5 A0 FF AA AA AA
ID: 316, Data: 85 21 36 A 20 1A 5 7B
ID: 43F, Data: 82 48 60 FF 73 34 6 0
ID: 316, Data: 85 20 19 A 20 1A 5 7B
ID: 316, Data: 85 20 17 A 21 1A 5 7B
ID: 1F1, Data: 80 41 2E B0 2 2F D0 2
ID: 2A0, Data: 840 1 6F 1C 33 0 11 0
ID: 153, Data: 80 0 0 FF 0 FF 0 0
ID: 153, Data: 80 0 0 FF 0 FF 0 0
ID: A0, Data: 832 7C F3 9 6 23 2 0
ID: 545, Data: 8E4 20 0 8C 7E 0 7E 0
ID: 329, Data: 884 AF 80 8 11 2A 0 26
ID: A0, Data: 832 7C F3 9 6 23 2 0
ID: 370, Data: 8FF DE F0 FF FF FF FF FF
ID: 153, Data: 80 0 0 FF 0 FF 0 0
ID: 329, Data: 8B AF 80 8 11 2A 0 26
ID: 43F, Data: 82 48 60 FF 73 C8 6 0
ID: 329, Data: 8B AF 80 8 11 2A 0 26
ID: A0, Data: 834 7C 1 A 6 22 2 0
ID: 153, Data: 80 0 0 FF 0 FF 0 0
ID: 18F, Data: 8AA 41 0 0 0 0 0 0
ID: 316, Data: 85 21 FD 9 21 19 6 7B
ID: 153, Data: 80 0 0 FF 0 FF 0 0
ID: 316, Data: 85 21 FD 9 21 19 6 7B
ID: 316, Data: 85 21 F4 9 21 19 6 7B
ID: 316, Data: 85 21 FD 9 21 19 6 7B
ID: 260, Data: 8B 21 21 30 2C FF 71 35
ID: 153, Data: 80 0 0 FF 0 FF 0 0
ID: 316, Data: 85 20 F9 9 21 19 6 7B
ID: 153, Data: 80 0 0 FF 0 FF 0 0
ID: 316, Data: 85 20 F8 9 21 19 6 7B
ID: 1F0, Data: 8DF 3F 1 C0 0 0 0 0
ID: 153, Data: 80 0 0 FF 0 FF 0 0
ID: 316, Data: 85 20 6 A 21 19 6 7B
ID: 43F, Data: 82 48 60 FF 73 58 7 0
ID: 43F, Data: 82 48 60 FF 73 58 7 0
ID: 316, Data: 85 20 FD 9 21 19 6 7B
ID: 316, Data: 85 20 5 A 21 19 6 7B
ID: 260, Data: 8B 21 24 30 2C FF 71 5
ID: A0, Data: 832 7C 5 A 7 22 2 0
ID: 43F, Data: 89 48 60 FF 73 8C 7 0
ID: 153, Data: 80 0 0 FF 0 FF 0 0
ID: 43F, Data: 89 48 60 FF 73 AC 7 0
ID: 153, Data: 80 0 0 FF 0 FF 0 0
ID: 153, Data: 80 0 0 FF 0 FF 0 0
ID: 153, Data: 80 0 0 FF 0 FF 0 0
ID: 280, Data: 830 0 88 AF 16 20 6F 57
ID: 316, Data: 85 34 3F B 48 19 6 7B
ID: 370, Data: 8FF DE F0 FF FF FF FF FF
ID: 5F0, Data: 20 0
ID: 2A0, Data: 8A1 2 6F 1C 33 0 11 0
ID: 153, Data: 80 0 0 FF 0 FF 0 0
ID: A1, Data: 880 7E 81 80 2C 0 0 0
ID: 329, Data: 840 AF 80 8 11 32 10 26
ID: 545, Data: 8E4 41 0 8C 5E 2 5E 2
ID: 153, Data: 80 0 0 FF 0 FF 0 0
ID: 43F, Data: 89 48 60 FF 73 B0 9 0
ID: 316, Data: 85 3A B9 F 3F 17 7 7B
ID: 153, Data: 80 0 0 FF 0 FF 0 0
ID: 316, Data: 85 39 BC 10 3D 17 7 7B
ID: 153, Data: 80 0 0 FF 0 FF 0 0
ID: 316, Data: 85 38 1D 12 3C 16 7 7B
ID: 316, Data: 85 37 BE 12 3B 16 7 7B
ID: 260, Data: 8B 37 3B 30 2C FF B8 1A
ID: 43F, Data: 89 48 60 FF 73 68 11 0
ID: 43F, Data: 89 48 60 FF 73 54 11 0
ID: 260, Data: 8B 33 3A 30 2C FF C1 15
ID: 316, Data: 85 32 4D 14 3A 16 8 7B
ID: 280, Data: 830 0 88 AF 28 1F 6F 58
ID: 43F, Data: 89 48 60 FF 73 F8 11 0
ID: 43F, Data: 89 48 60 FF 73 4C 12 0
ID: 440, Data: 8FE 72 9 A0 FF AA AA AA
ID: 316, Data: 85 32 CF 14 39 16 9 7B
ID: 316, Data: 85 33 18 15 38 16 9 7B
ID: 260, Data: 8B 34 39 30 2C FF C1 6
ID: 43F, Data: 89 48 60 FF 73 F0 13 0
ID: 370, Data: 8FF DE F0 FF FF FF FF FF
ID: 153, Data: 80 0 0 FF 0 FF 0 0
ID: 316, Data: 85 33 A6 16 2B 16 9 7B
ID: 153, Data: 80 0 0 FF 0 FF 0 0
ID: 316, Data: 85 32 18 17 25 16 A 7B
ID: 153, Data: 80 0 0 FF 0 FF 0 0
ID: 280, Data: 830 0 88 AF 2F 1E 6F 59
ID: 316, Data: 85 2F B2 17 24 16 A 7B
ID: A0, Data: 83A 7C 4F 17 A 2C 2 0
ID: 316, Data: 85 2D 2 18 23 16 A 7B
ID: 153, Data: 80 0 0 FF 0 FF 0 0
ID: 316, Data: 85 2B 36 18 23 17 B 7B
ID: 153, Data: 80 0 0 FF 0 FF 0 0
ID: 329, Data: 884 AF 80 8 11 32 7 26
ID: 5A0, Data: 80 0 0 90 0 0 0 0
ID: 2A0, Data: 81 6 6F 1C 33 0 11 0
ID: 370, Data: 8FF DE F0 FF FF FF FF FF
ID: 43F, Data: 81 48 60 FF 74 C 18 0
ID: 316, Data: 85 25 F0 18 24 18 B 7B
ID: 316, Data: 85 25 8 19 24 18 B 7B
ID: 1F1, Data: 80 C9 65 0 6 67 20 6
ID: 260, Data: 8B 25 24 30 2C FF C3 37
ID: 2A0, Data: 81 7 6F 1C 33 0 11 0
ID: 43F, Data: 81 48 60 FF 73 C8 18 0
ID: 43F, Data: 81 48 60 FF 73 E0 18 0
ID: 329, Data: 8B B0 80 8 11 32 7 26
ID: 316, Data: 85 23 B4 19 24 18 C 7B
ID: 153, Data: 80 0 0 FF 0 FF 0 0
ID: 316, Data: 85 23 CE 19 24 18 C 7B
ID: 316, Data: 85 24 DF 19 24 18 C 7B
ID: 316, Data: 85 23 1 1A 24 18 C 7B
ID: 316, Data: 85 23 13 1A 23 18 C 7B
ID: 153, Data: 80 0 0 FF 0 FF 0 0
ID: 153, Data: 80 0 0 FF 0 FF 0 0
ID: 316, Data: 85 23 50 1A 23 18 C 7B
ID: 5F0, Data: 20 0
ID: 316, Data: 85 23 7D 1A 23 18 C 7B
ID: 153, Data: 80 0 0 FF 0 FF 0 0
ID: 329, Data: 840 B0 80 8 11 32 7 26
ID: 316, Data: 85 23 AA 1A 23 18 C 7B
ID: 260, Data: 8B 23 23 30 2C FF C6 37
ID: 153, Data: 80 0 0 FF 0 FF 0 0
ID: 370, Data: 8FF DE F0 FF FF FF FF FF
ID: 43F, Data: 81 48 60 FF 74 40 1A 0
ID: 43F, Data: 81 48 60 FF 73 54 1A 0
ID: 316, Data: 85 23 FD 1A 23 18 D 7B
ID: 316, Data: 85 22 10 1B 23 18 D 7B
ID: 153, Data: 80 0 0 FF 0 FF 0 0
ID: 43F, Data: 81 48 60 FF 73 A4 1A 0
ID: 153, Data: 80 0 0 FF 0 FF 0 0
ID: 316, Data: 85 22 5C 1B 22 18 D 7B
ID: 1F0, Data: 8CD 3F 1 C0 0 0 0 0
ID: 153, Data: 80 0 0 FF 0 FF 0 0
ID: 316, Data: 85 22 96 1B 22 18 D 7B
ID: 153, Data: 80 0 0 FF 0 FF 0 0
ID: 316, Data: 85 22 A9 1B 22 19 D 7B
ID: 316, Data: 85 22 B3 1B 22 19 D 7B
ID: 316, Data: 85 22 BD 1B 22 19 D 7B
ID: 153, Data: 80 0 0 FF 0 FF 0 0
ID: 153, Data: 80 0 0 FF 0 FF 0 0
ID: 316, Data: 85 22 DA 1B 22 19 D 7B
ID: A1, Data: 892 7C 94 7D 1C 0 0 0
ID: 153, Data: 80 0 0 FF 0 FF 0 0
ID: 316, Data: 85 22 F8 1B 22 19 D 7B
ID: 43F, Data: 81 48 60 FF 73 8C 1B 0
ID: 440, Data: 8FE 41 D A0 FF AA AA AA
ID: 545, Data: 8E4 4F 0 8D A0 0 A0 0
ID: 153, Data: 80 0 0 FF 0 FF 0 0
ID: 316, Data: 85 22 35 1C 22 19 D 7B
ID: 153, Data: 80 0 0 FF 0 FF 0 0
ID: 316, Data: 85 21 35 1C 22 19 D 7B
ID: 153, Data: 80 0 0 FF 0 FF 0 0
ID: 316, Data: 85 21 54 1C 22 19 D 7B
ID: 316, Data: 85 21 68 1C 21 19 D 7B
ID: 545, Data: 8E4 4E 0 8D 9B 0 9B 0
ID: 316, Data: 85 21 92 1C 21 19 D 7B
ID: 153, Data: 80 0 0 FF 0 FF 0 0
ID: 153, Data: 80 0 0 FF 0 FF 0 0
ID: 316, Data: 85 21 B1 1C 21 19 D 7B
ID: 5F0, Data: 20 0
ID: 316, Data: 85 21 BC 1C 2F 19 D 7B
ID: 153, Data: 80 0 0 FF 0 FF 0 0
ID: 545, Data: 8E4 52 0 8D CE 0 CE 0
ID: 316, Data: 85 27 FC 1C 33 18 D 7B
ID: 280, Data: 830 0 88 B0 3A 19 6F 41
ID: 153, Data: 80 0 0 FF 0 FF 0 0
ID: 153, Data: 80 0 0 FF 0 FF 0 0
ID: 316, Data: 85 2B 2A 1E 2E 18 E 7B
ID: 153, Data: 80 0 0 FF 0 FF 0 0
ID: 316, Data: 85 2C AC 1E 2C 18 E 7B
ID: 153, Data: 80 0 0 FF 0 FF 0 0
ID: 153, Data: 80 0 0 FF 0 FF 0 0
ID: 316, Data: 85 2D E 1F 2B 17 E 7B
ID: 43F, Data: 81 48 60 FF 73 F4 1D 0
ID: 440, Data: 8FE E1 F A0 FF AA AA AA
ID: 316, Data: 85 2D 40 1F 1D 18 E 7B
ID: 153, Data: 80 0 0 FF 0 FF 0 0
ID: 316, Data: 85 2A 65 1F E 18 E 7B
ID: 153, Data: 80 0 0 FF 0 FF 0 0
ID: 316, Data: 85 28 8B 1F E 18 F 7B
ID: 153, Data: 80 0 0 FF 0 FF 0 0
ID: 316, Data: 85 22 A5 1F E 19 F 7B
ID: 153, Data: 80 0 0 FF 0 FF 0 0
ID: 370, Data: 8FF DD F0 FF FF FF FF FF
ID: 43F, Data: 81 48 60 FF 73 14 1F 0
ID: 440, Data: 8FE E1 F A0 FF AA AA AA
ID: 316, Data: 85 1C F5 1E F 19 F 7B
ID: 316, Data: 85 1B E9 1E F 19 F 7B
ID: 545, Data: 8E4 4D 0 8D F 0 F 0
ID: 153, Data: 80 0 0 FF 0 FF 0 0
ID: A0, Data: 81D 7C A0 1E 10 28 2 0
ID: 316, Data: 85 18 7 1E F 19 F 7B
ID: 18F, Data: 8AA 3A 0 0 0 0 0 0
ID: 260, Data: 8B 16 10 30 2C FF 8F 34
ID: 329, Data: 840 B0 80 8 11 2F 0 26
ID: 153, Data: 80 0 0 FF 0 FF 0 0
ID: 316, Data: 85 13 74 1D 10 19 F 7B
ID: 153, Data: 80 0 0 FF 0 FF 0 0
ID: 153, Data: 80 0 0 FF 0 FF 0 0
ID: 316, Data: 85 1E F1 1C 1C 19 F 7B
ID: 43F, Data: 81 48 60 FF 73 64 1E 0
ID: 43F, Data: 81 48 60 FF 73 94 1E 0
ID: 545, Data: 8E4 53 0 8D 76 0 76 0
ID: 153, Data: 80 0 0 FF 0 FF 0 0
ID: 316, Data: 85 20 C4 1E 1B 19 F 7B
ID: 153, Data: 80 0 0 FF 0 FF 0 0
ID: 316, Data: 85 20 1 1F 1B 19 E 7B
ID: 43F, Data: 81 48 60 FF 73 E0 1E 0
ID: 316, Data: 85 1F 27 1F 1C 19 E 7B
ID: 2A0, Data: 8A1 6 6F 1C 33 0 11 0
ID: 153, Data: 80 0 0 FF 0 FF 0 0
ID: 316, Data: 85 1E E9 1E 1C 19 E 7B
ID: 153, Data: 80 0 0 FF 0 FF 0 0
ID: 316, Data: 85 1E 88 1E 1E 19 F 7B
ID: 1F0, Data: 8DB 3F 1 C0 0 0 0 0
ID: 153, Data: 80 0 0 FF 0 FF 0 0
ID: 316, Data: 85 21 4D 1E 4B 19 F 7B
ID: 153, Data: 80 0 0 FF 0 FF 0 0
ID: 43F, Data: 81 48 60 FF 73 6C 1E 0
ID: 316, Data: 85 3D 8B 1F 69 17 F 7B
ID: 329, Data: 840 B0 80 8 11 47 3A 26
ID: 153, Data: 80 0 0 FF 0 FF 0 0
ID: 316, Data: 85 60 86 23 78 13 F 7B
ID: 316, Data: 85 69 50 25 78 12 F 7B
ID: 316, Data: 85 71 D5 26 76 12 F 7B
ID: 18F, Data: 8AA 39 0 0 0 0 0 0
ID: 316, Data: 85 77 7C 28 75 13 10 7B
ID: 5F0, Data: 20 0
ID: 316, Data: 85 7A FB 28 75 13 11 7B
ID: 153, Data: 80 0 0 FF 0 FF 0 0
ID: 1F1, Data: 80 31 9B 50 9 A0 D0 9
ID: 316, Data: 85 7A D7 29 99 14 12 7B
ID: 2A0, Data: 8A1 11 6F 1C 33 0 11 0
ID: 316, Data: 85 8D 26 2C AC 14 13 7B
ID: 316, Data: 85 97 FA 2D AC 14 14 7B
ID: 43F, Data: 81 48 60 FF 74 28 2D 0
ID: 316, Data: 85 A4 C2 32 AD 15 15 7B
ID: 260, Data: 8B A9 AD 30 2C FF 98 B
ID: 316, Data: 85 A9 59 36 AB 17 16 7B
ID: 316, Data: 85 A8 3F 37 AB 17 17 7B
ID: 43F, Data: 81 48 60 FF 73 0 34 0
ID: 43F, Data: 81 48 60 FF 73 A8 34 0
ID: 370, Data: 8FF DD F0 FF FF FF FF FF
ID: 153, Data: 80 0 0 FF 0 FF 0 0
ID: 329, Data: 8B B0 80 8 11 70 7C 26
ID: 153, Data: 80 0 0 FF 0 FF 0 0
ID: 260, Data: 8B A9 AF 30 2C FF 97 A
ID: 316, Data: 85 A8 B1 3F B2 1A 1D 7B
ID: A1, Data: 880 7E 7F 7F 56 0 0 0
ID: 316, Data: 85 AC AA 42 B3 1A 1E 7B
ID: 153, Data: 80 0 0 FF 0 FF 0 0
ID: 153, Data: 80 0 0 FF 0 FF 0 0
ID: 280, Data: 830 0 88 B0 8E 6B 6F B0
ID: 316, Data: 85 B2 76 48 B7 1C 21 7B
ID: 153, Data: 80 0 0 FF 0 FF 0 0
ID: 153, Data: 80 0 0 FF 0 FF 0 0
ID: 43F, Data: 81 48 60 FF 73 D8 49 0
ID: 153, Data: 80 0 0 FF 0 FF 0 0
ID: 316, Data: 85 B2 BD 4E B0 1E 24 7B
ID: 153, Data: 80 0 0 FF 0 FF 0 0
ID: 153, Data: 80 0 0 FF 0 FF 0 0
ID: 316, Data: 85 AE 4D 52 AF 1F 26 7B
ID: 43F, Data: 81 48 60 FF 73 20 51 0
ID: 316, Data: 85 AC 1B 55 AF 21 28 7B
ID: 153, Data: 80 0 0 FF 0 FF 0 0
ID: 153, Data: 80 0 0 FF 0 FF 0 0
ID: 316, Data: 85 AA E3 58 AA 23 2A 7B
ID: 440, Data: 8FE 31 2B A0 FF AA AA AA
ID: 316, Data: 85 A8 52 5B AA 24 2B 7B
ID: 153, Data: 80 0 0 FF 0 FF 0 0
ID: 370, Data: 8FF DD F0 FF FF FF FF FF
ID: 43F, Data: 8A 48 60 FF 73 44 5C 0
ID: 2A0, Data: 8C1 40 6E 1C 33 0 11 0
ID: 316, Data: 85 A7 9E 60 9A 26 2E 7B
ID: 316, Data: 85 9E 16 61 91 27 2F 7B
ID: 43F, Data: 8A 48 60 FF 73 F8 5E 0
ID: 43F, Data: 8A 48 60 FF 73 D4 5E 0
ID: 316, Data: 85 92 9E 60 90 27 30 7B
ID: 153, Data: 80 0 0 FF 0 FF 0 0
ID: 316, Data: 85 5E BE 5B 92 26 31 7B
ID: 153, Data: 80 0 0 FF 0 FF 0 0
ID: 280, Data: 830 0 88 B0 AA 5A 6E 96
ID: 316, Data: 85 5C 4D 51 8F 1F 32 7B
ID: 153, Data: 80 0 0 FF 0 FF 0 0
ID: 43F, Data: 8A 48 60 78 74 20 48 0
ID: 153, Data: 80 0 0 FF 0 FF 0 0
ID: 316, Data: 85 8E EE 45 8B 1B 34 7B
ID: 316, Data: 85 8F 34 45 86 1B 34 7B
ID: 18F, Data: 8AA 38 0 0 0 0 0 0
ID: 370, Data: 8FF DD F0 FF FF FF FF FF
ID: 43F, Data: 8A 48 60 FF 74 4C 3F 0
ID: 545, Data: 8E4 3C 2 8C 4B 6 4B 6
ID: 153, Data: 80 0 0 FF 0 FF 0 0
ID: 153, Data: 80 0 0 FF 0 FF 0 0
ID: 316, Data: 85 76 17 3F 7F 1A 37 7B
ID: 18F, Data: 8AA 37 0 0 0 0 0 0
ID: 316, Data: 85 7C 1 42 99 1B 38 7B
ID: 43F, Data: 8A 48 60 FF 74 6C 40 0
ID: 370, Data: 8FF DD F0 FF FF FF FF FF
ID: 280, Data: 830 0 88 AF 88 59 6D AB
ID: 153, Data: 80 0 0 FF 0 FF 0 0
ID: 153, Data: 80 0 0 FF 0 FF 0 0
ID: 316, Data: 85 96 CB 43 99 1B 3A 7B
ID: 153, Data: 80 0 0 FF 0 FF 0 0
ID: 18F, Data: 8AA 37 0 0 0 0 0 0
ID: 316, Data: 85 A0 EE 45 A0 1B 3B 7B
ID: 316, Data: 85 A1 AB 46 A3 1B 3C 7B
ID: 18F, Data: 8AA 37 0 0 0 0 0 0
ID: 153, Data: 80 0 0 FF 0 FF 0 0
ID: 1F0, Data: 8FD 3F 1 C0 0 0 0 0
ID: A1, Data: 87F 7E 83 7F 53 0 0 0
ID: 260, Data: 8B B3 BC 30 2C FF 94 4
ID: A1, Data: 87F 7E 83 7F 53 0 0 0
ID: 440, Data: 8FE 22 3F A0 FF AA AA AA
ID: 43F, Data: 82 48 60 FF 74 40 48 0
ID: A0, Data: 8D7 7B A0 4A 3F 70 2 0
ID: 316, Data: 85 BB 78 4B B9 1E 40 7B
ID: 316, Data: 85 BB B 4C B9 1E 41 7B
ID: 545, Data: 8E4 71 4 8D C9 A C9 A
ID: 43F, Data: 82 48 60 FF 74 B4 4A 0
ID: 153, Data: 80 0 0 FF 0 FF 0 0
ID: 316, Data: 85 C2 BD 4E CD 1E 43 7B
ID: 43F, Data: 82 48 60 FF 74 C0 4C 0
ID: 2A0, Data: 861 5C 6D 1C 33 0 11 0
ID: 316, Data: 85 CC 4D 51 D5 1F 45 7B
ID: 316, Data: 85 CF A1 51 DC 1F 45 7B
ID: 43F, Data: 8B 48 60 FF 74 2C 4F 0
ID: 440, Data: 8FE 82 47 A0 FF AA AA AA
ID: 545, Data: 8E4 B2 5 8C B7 C B7 C
ID: 316, Data: 85 DD 55 53 EB 21 47 7B
ID: 316, Data: 85 DE AE 53 EF 21 48 7B
ID: 43F, Data: 8B 48 60 FF 74 CC 51 0
ID: 316, Data: 85 E2 D6 55 EF 23 49 7B
ID: A0, Data: 8FF 7B 63 54 48 CB 4 0
ID: 316, Data: 85 E3 78 55 EF 23 4A 7B
ID: 316, Data: 85 E4 78 55 EF 23 4A 7B
ID: A1, Data: 880 80 80 80 63 0 0 0
ID: 316, Data: 85 B2 55 53 EF 22 4B 7B
ID: 316, Data: 85 AD A5 50 EE 1F 4B 7B
ID: A0, Data: 8FF 7A 8 54 4B C7 4 0
ID: 316, Data: 85 A8 A0 4A CF 1E 4C 7B
ID: 1F1, Data: 80 86 64 82 25 75 42 27
ID: 545, Data: 8E4 BB 4 8D C7 9 F4 C
ID: 316, Data: 85 9F CA 41 B0 1B 4D 7B
ID: 1F0, Data: 8F8 3F 1 C0 0 0 0 0
ID: 316, Data: 85 AD 6C 3C 9A 1A 4E 7B
ID: 153, Data: 80 0 0 FF 0 FF 0 0
ID: 153, Data: 80 0 0 FF 0 FF 0 0
ID: 316, Data: 85 7D E1 3B 1D 1A 4F 7B
ID: 440, Data: 8FE 72 4F A0 FF AA AA AA
ID: 316, Data: 85 3D CD 39 8 1B 4F 7B
ID: 153, Data: 80 0 0 FF 0 FF 0 0
ID: 43F, Data: 8B 48 60 FF 74 E0 38 0
ID: 316, Data: 85 1D D1 38 9 1D 50 7B
ID: 153, Data: 80 0 0 FF 0 FF 0 0
ID: 18F, Data: 8AA 36 0 0 0 0 0 0
ID: 316, Data: 85 15 56 38 A 1D 4F 7B
ID: 316, Data: 85 16 56 38 A 1D 4F 7B
ID: 280, Data: 830 0 84 AE 70 15 6B 37
ID: 43F, Data: 83 48 60 FF 74 24 39 0
ID: 43F, Data: 83 48 60 FF 74 2C 39 0
ID: 2A0, Data: 880 60 6B 1C 33 0 11 0
ID: 153, Data: 80 0 0 FF 0 FF 0 0
ID: 316, Data: 85 1A FA 38 A 1D 4F 7B
ID: 153, Data: 80 0 0 FF 0 FF 0 0
ID: 316, Data: 85 1A D1 38 A 1D 4F 7B
ID: 316, Data: 85 22 A8 38 1E 1D 4F 7B
ID: 316, Data: 85 25 A8 38 23 1D 4F 7B
ID: 316, Data: 85 26 24 39 24 1D 4F 7B
ID: 316, Data: 85 26 4E 39 26 1D 4F 7B
ID: 440, Data: 8FE 13 4F A0 FF AA AA AA
ID: 316, Data: 85 26 A3 39 27 1D 4F 7B
ID: 153, Data: 80 0 0 FF 0 FF 0 0
ID: 316, Data: 85 27 D1 38 2B 1D 4F 7C
ID: 316, Data: 85 29 D1 38 2D 1D 4F 7C
ID: 18F, Data: 8AA 36 0 0 0 0 0 0
ID: 316, Data: 85 2D 24 39 2E 1C 4F 7C
ID: 43F, Data: 8C 48 60 FF 75 94 38 0
ID: 316, Data: 85 2F 4E 39 2D 1C 4E 7C
ID: A1, Data: 87B 7C 80 79 1F 0 0 0
ID: 153, Data: 80 0 0 FF 0 FF 0 0
ID: 316, Data: 85 2B CD 39 17 1D 4E 7C
ID: 153, Data: 80 0 0 FF 0 FF 0 0
ID: 329, Data: 884 AD 80 8 11 39 0 26
ID: 316, Data: 85 22 56 38 A 1D 4E 7C
ID: 545, Data: 8E4 8A 0 8D 2C 0 2C 0
ID: 43F, Data: 8C 48 60 FF 75 48 35 0
ID: 153, Data: 80 0 0 FF 0 FF 0 0
ID: 316, Data: 85 1E 69 33 B 1D 4E 7C
ID: 316, Data: 85 1D 0 32 C 1D 4E 7C
ID: 280, Data: 830 0 84 AD 61 12 6B 31
ID: 153, Data: 80 0 0 FF 0 FF 0 0
ID: 153, Data: 80 0 0 FF 0 FF 0 0
ID: 43F, Data: 84C 48 60 FF 75 34 2C 0
ID: 153, Data: 80 0 0 FF 0 FF 0 0
ID: 5F0, Data: 20 0
ID: 316, Data: 85 16 68 29 D 1B 4E 7C
ID: 43F, Data: 84C 48 60 FF 75 F4 29 0
ID: 440, Data: 8FE 13 4D A0 FF AA AA AA
ID: 153, Data: 80 0 0 FF 0 FF 0 0
ID: 316, Data: 85 16 E6 28 E 1B 4E 7C
ID: 153, Data: 80 0 0 FF 0 FF 0 0
ID: 316, Data: 85 17 FB 28 E 1B 4E 7C
ID: 316, Data: 85 18 11 29 D 1B 4E 7C
ID: 2A0, Data: 840 3A 6B 1C 33 0 11 0
ID: 43F, Data: 844 48 60 FF 75 DC 29 0
ID: 43F, Data: 844 48 60 FF 75 EC 29 0
ID: A0, Data: 82A 7A 3C 29 4E 2F 2 0
ID: 316, Data: 85 25 94 29 2A 1B 4D 7C
ID: 316, Data: 85 26 31 2A 2E 1B 4D 7C
ID: 18F, Data: 8AA 36 0 0 0 0 0 0
ID: 43F, Data: 844 48 60 FF 75 18 2A 0
ID: 153, Data: 80 0 0 FF 0 FF 0 0
ID: 316, Data: 85 2E 8D 2A 2F 1A 4D 7C
ID: 316, Data: 85 2F 8D 2A 30 1A 4D 7C
ID: A0, Data: 837 7A 8D 2A 4E 33 2 0
ID: 316, Data: 85 30 76 2A 34 1A 4D 7C
ID: 1F1, Data: 80 D 5E E2 25 6E E2 26
ID: 316, Data: 85 31 76 2A 39 1A 4D 7C
ID: 316, Data: 85 34 76 2A 3A 1A 4D 7C
ID: 545, Data: 8E4 AC 0 8D F6 1 F6 1
ID: 316, Data: 85 38 A4 2A 3C 19 4D 7C
ID: 1F1, Data: 80 53 61 B2 25 6C F2 26
ID: 1F0, Data: 8FE 3F 1 C0 0 0 0 0
ID: 316, Data: 85 3D EB 2A 3C 18 4D 7C
ID: 153, Data: 80 0 0 FF 0 FF 0 0
ID: 260, Data: 8B 3F 3D 30 2C FF C9 3C
ID: 316, Data: 85 3F D3 2A 3C 18 4D 7C
ID: 43F, Data: 844 48 60 FF 75 88 29 0
ID: 316, Data: 85 40 EB 2A 3C 18 4D 7C
ID: A0, Data: 848 7A EB 2A 4D 38 2 0
ID: 316, Data: 85 40 D3 2A 3D 18 4D 7C
ID: 316, Data: 85 41 EB 2A 3D 17 4D 7C
ID: 370, Data: 8FF DE F0 FF FF FF FF FF
ID: 316, Data: 85 3E EB 2A 9 18 4D 7C
ID: 153, Data: 80 0 0 FF 0 FF 0 0
ID: 316, Data: 85 30 76 2A B 19 4D 7C
ID: 316, Data: 85 2B 31 2A C 1A 4D 7C
ID: 153, Data: 80 0 0 FF 0 FF 0 0
ID: 18F, Data: 8AA 35 0 0 0 0 0 0
ID: 329, Data: 840 AD 80 8 11 33 0 26
ID: 316, Data: 85 21 68 29 D 1B 4D 7C
ID: 260, Data: 8B 20 E 30 2C FF CB 3C
ID: 43F, Data: 844 48 60 FF 75 34 29 0
ID: 5F0, Data: 20 0
ID: 545, Data: 8E4 56 0 8D 58 FF 58 FF
ID: 2A0, Data: 840 28 6B 1C 33 0 11 0
ID: 153, Data: 80 0 0 FF 0 FF 0 0
ID: 316, Data: 85 18 91 28 19 25 4C 7C
ID: 316, Data: 85 17 67 28 19 25 4C 7C
ID: A0, Data: 81C 7B A6 28 4D 2A 2 0
ID: 316, Data: 85 15 0 28 19 25 4C 7C
ID: 316, Data: 85 14 D7 27 19 24 4C 7C
ID: 2A0, Data: 8E0 25 6B 1C 33 0 11 0
ID: 316, Data: 85 15 4A 27 19 24 4C 7C
ID: 316, Data: 845 16 37 27 19 24 4C 7C
ID: A1, Data: 87D 83 82 80 16 0 0 0
ID: 329, Data: 840 AE 80 8 11 37 0 26
ID: 280, Data: 830 0 84 AE 4D 15 6B 36
ID: 316, Data: 845 19 9C 26 19 24 4B 7C
ID: 316, Data: 845 19 C2 26 19 24 4B 7C
ID: 153, Data: 80 0 0 FF 0 FF 0 0
ID: 280, Data: 830 0 84 AE 4D 16 6B 39
ID: 1F0, Data: 8FE 3F 1 C0 0 0 0 0
ID: 1F0, Data: 8FE 3F 1 C0 0 0 0 0
ID: A0, Data: 82B 7B D5 26 4B 2F 2 0
ID: 2A0, Data: 880 1F 6B 1C 33 0 11 0
ID: 153, Data: 80 0 0 FF 0 FF 0 0
ID: 153, Data: 80 0 0 FF 0 FF 0 0
ID: 316, Data: 84D 1A E9 26 19 24 4A 7C
ID: 5F0, Data: 20 0
ID: 316, Data: 845 27 FC 26 31 23 4A 7C
ID: 316, Data: 845 28 72 27 31 23 4A 7C
ID: 43F, Data: 844 48 60 FF 76 8 28 0
ID: 316, Data: 845 2E 91 28 1D 23 4A 7C
ID: 153, Data: 80 0 0 FF 0 FF 0 0
ID: 316, Data: 845 2E D0 28 17 23 4A 7C
ID: 316, Data: 845 2B A6 28 18 23 4A 7C
ID: 43F, Data: 844 48 60 FF 76 B8 27 0
ID: 316, Data: 845 26 14 28 18 24 49 7C
ID: 153, Data: 80 0 0 FF 0 FF 0 0
ID: 5F0, Data: 20 0
ID: 316, Data: 845 21 37 27 19 24 49 7C
ID: 43F, Data: 844 48 60 FF 76 54 27 0
ID: A1, Data: 880 7E 80 7B 1A 0 0 0
ID: 153, Data: 80 0 0 FF 0 FF 0 0
ID: 316, Data: 845 1C 76 26 1A 24 49 7C
ID: 153, Data: 80 0 0 FF 0 FF 0 0
ID: 545, Data: 8E4 53 0 8D 47 FF 47 FF
ID: 316, Data: 845 18 2A 26 1A 24 49 7C
ID: 5F0, Data: 20 0
ID: 370, Data: 8FF DE F0 FF FF FF FF FF
ID: 316, Data: 845 22 CE 25 46 24 49 7C
ID: 43F, Data: 844 48 60 FF 75 10 27 0
ID: 370, Data: 8FF DE F0 FF FF FF FF FF
ID: 153, Data: 80 0 0 FF 0 FF 0 0
ID: 2A0, Data: 8A1 17 6B 1C 33 0 11 0
ID: 316, Data: 845 3D E6 28 41 21 48 7C
ID: A0, Data: 84C 7C D0 28 49 39 2 0
ID: 43F, Data: 844 48 60 FF 75 F4 26 0
ID: 329, Data: 840 AF 80 8 11 42 18 26
ID: 316, Data: 845 42 52 28 41 20 48 7C
ID: 316, Data: 845 43 3D 28 41 20 48 7C
ID: 43F, Data: 844 48 60 FF 75 FC 26 0
ID: 2A0, Data: 81 17 6B 1C 33 0 11 0
ID: 153, Data: 80 0 0 FF 0 FF 0 0
ID: 316, Data: 845 44 7C 28 41 20 48 7C
ID: 316, Data: 845 44 67 28 41 20 48 7C
ID: 18F, Data: 8AA 3F 0 0 0 0 0 0
ID: 316, Data: 845 44 52 28 41 20 48 7C
ID: 153, Data: 80 0 0 FF 0 FF 0 0
ID: 280, Data: 830 0 88 AF 50 28 6B 68
ID: 5F0, Data: 20 0
ID: A0, Data: 84C 7C 67 28 48 38 2 0
ID: 153, Data: 80 0 0 FF 0 FF 0 0
ID: 153, Data: 80 0 0 FF 0 FF 0 0
ID: 153, Data: 80 0 0 FF 0 FF 0 0
ID: 370, Data: 8FF DE F0 FF FF FF FF FF
ID: 316, Data: 845 43 67 28 33 20 48 7C
ID: 153, Data: 80 0 0 FF 0 FF 0 0
ID: 280, Data: 830 0 88 AF 50 26 6B 64
ID: 316, Data: 845 3E 29 28 32 20 48 7C
ID: 153, Data: 80 0 0 FF 0 FF 0 0
ID: 316, Data: 845 3B 29 28 32 21 48 7C
ID: 316, Data: 845 39 14 28 32 21 48 7C
ID: 43F, Data: 844 48 60 FF 76 8 27 0
ID: 316, Data: 845 37 14 28 2F 21 48 7C
ID: A0, Data: 83D 7C 14 28 48 34 2 0
ID: 153, Data: 80 0 0 FF 0 FF 0 0
ID: 316, Data: 845 32 C2 27 21 22 48 7C
ID: 316, Data: 845 2F 9A 27 21 22 48 7C
ID: 316, Data: 845 2D 86 27 22 22 48 7C
ID: 316, Data: 845 2C 86 27 22 22 48 7C
ID: 5F0, Data: 20 0
ID: 280, Data: 830 0 88 B0 4E 18 6B 42
ID: 545, Data: 8E4 76 0 8D 60 0 60 0
ID: 43F, Data: 844 48 60 FF 75 E8 26 0
ID: 5F0, Data: 20 0
ID: 18F, Data: 8AA 41 0 0 0 0 0 0
ID: 545, Data: 8E4 68 0 8D 2D 0 2D 0
ID: 5A0, Data: 80 0 0 90 0 0 0 0
ID: 545, Data: 8E4 67 0 8D 29 0 29 0
ID: 153, Data: 80 0 0 FF 0 FF 0 0
ID: 316, Data: 845 25 D5 26 27 23 48 7C
ID: 153, Data: 80 0 0 FF 0 FF 0 0
ID: A1, Data: 87D 7C 82 79 1C 0 0 0
ID: 260, Data: 8B 27 19 30 2C FF D5 10
ID: 18F, Data: 8AA 41 0 0 0 0 0 0
ID: 43F, Data: 844 48 60 FF 76 94 26 0
ID: 153, Data: 80 0 0 FF 0 FF 0 0
ID: 5F0, Data: 20 0
ID: 316, Data: 845 22 AF 26 19 23 47 7C
ID: 43F, Data: 844 48 60 FF 76 80 26 0
ID: A1, Data: 880 7C 85 79 1B 0 0 0
ID: 153, Data: 80 0 0 FF 0 FF 0 0
ID: 316, Data: 845 1E 18 26 1A 23 47 7C
ID: 153, Data: 80 0 0 FF 0 FF 0 0
ID: 2A0, Data: 880 10 6B 1C 33 0 11 0
ID: 316, Data: 845 1B 98 25 1A 23 47 7C
ID: 260, Data: 8B 1A 1A 30 2C FF A0 24
ID: 43F, Data: 844 48 60 FF 76 44 26 0
ID: 2A0, Data: 820 F 6B 1C 33 0 11 0
ID: 316, Data: 845 16 F7 24 1A 23 47 7C
ID: 316, Data: 845 15 B2 24 1A 23 47 7C
ID: 43F, Data: 844 48 60 FF 75 FC 25 0
ID: 2A0, Data: 8E0 F 6B 1C 33 0 11 0
ID: 316, Data: 845 18 F8 23 1A 23 46 7C
ID: 153, Data: 80 0 0 FF 0 FF 0 0
ID: 43F, Data: 844 48 60 FF 76 C4 25 0
ID: 545, Data: 8E4 5F 0 8D 56 FF 56 FF
ID: 43F, Data: 844 48 60 FF 76 C4 25 0
ID: 545, Data: 8E4 62 0 8D 62 FF 62 FF
ID: 153, Data: 80 0 0 FF 0 FF 0 0
ID: 316, Data: 845 1A 2A 24 1A 23 46 7C
ID: 316, Data: 845 1A 19 24 1A 23 46 7C
ID: 43F, Data: 844 48 60 FF 76 80 25 0
ID: 316, Data: 845 1A C7 23 1A 23 45 7C
ID: 153, Data: 80 0 0 FF 0 FF 0 0
ID: 153, Data: 80 0 0 FF 0 FF 0 0
ID: 316, Data: 845 1A 45 23 1A 23 45 7C
ID: 153, Data: 80 0 0 FF 0 FF 0 0
ID: A0, Data: 82A 7D 26 23 46 2D 4 0
ID: 316, Data: 84D 1A E7 22 1A 22 45 7C
ID: 153, Data: 80 0 0 FF 0 FF 0 0
ID: 316, Data: 84D 16 B8 22 1B 22 45 7C
ID: 153, Data: 80 0 0 FF 0 FF 0 0
ID: 260, Data: 80 12 1B 30 2C FF 63 27
ID: 316, Data: 84D 12 D7 22 1A 22 44 7C
ID: 43F, Data: 844 48 60 FF 76 C8 24 0
ID: 316, Data: 84D D 65 23 1A 23 44 7C
ID: 153, Data: 80 0 0 FF 0 FF 0 0
ID: 316, Data: 84D 8 D7 23 1A 23 44 7C
ID: 316, Data: 84D 8 F8 23 1A 23 44 7C
ID: 2A0, Data: 8E0 A 6B 1C 33 0 11 0
ID: 316, Data: 84D 4 2A 24 1A 23 44 7C
ID: 316, Data: 84D 0 2A 24 1A 23 43 7C
ID: 18F, Data: 8AA 42 0 0 0 0 0 0
ID: 316, Data: 84D 0 9 24 29 23 43 7C
ID: 153, Data: 80 0 0 FF 0 FF 0 0
ID: 316, Data: 845 20 E8 23 40 22 43 7C
ID: 153, Data: 80 0 0 FF 0 FF 0 0
ID: 260, Data: 8B 39 40 30 2C FF D6 12
ID: 329, Data: 840 B1 80 8 11 3F 13 26
ID: 43F, Data: 844 48 60 FF 76 60 24 0
ID: 43F, Data: 844 48 60 FF 75 54 24 0
ID: 153, Data: 80 0 0 FF 0 FF 0 0
ID: 153, Data: 80 0 0 FF 0 FF 0 0
ID: 316, Data: 845 3E 3E 25 43 1F 43 7C
ID: 43F, Data: 844 48 60 FF 76 C 24 0
ID: 316, Data: 845 3F 62 25 48 1F 43 7C
ID: 153, Data: 80 0 0 FF 0 FF 0 0
ID: 5F0, Data: 20 0
ID: 316, Data: 845 49 F3 25 52 1E 43 7C
ID: 43F, Data: 844 48 60 FF 75 3C 24 0
ID: 5A1, Data: 880 3 90 23 30 30 30 0
ID: 153, Data: 80 0 0 FF 0 FF 0 0
ID: 280, Data: 830 0 88 B1 4C 31 6B 7A
ID: 316, Data: 845 52 63 26 54 1E 43 7C
ID: 43F, Data: 844 48 60 FF 75 50 24 0
ID: 316, Data: 845 55 89 26 54 1E 43 7C
ID: 153, Data: 80 0 0 FF 0 FF 0 0
ID: 316, Data: 845 56 9C 26 55 1E 43 7C
ID: 316, Data: 845 55 AF 26 56 1E 43 7C
ID: 43F, Data: 844 48 60 FF 75 80 24 0
ID: 316, Data: 845 55 AF 26 57 1E 43 7C
ID: 153, Data: 80 0 0 FF 0 FF 0 0
ID: 316, Data: 845 55 D5 26 57 1E 43 7C
ID: 316, Data: 845 55 AF 26 58 1E 43 7C
ID: 43F, Data: 844 48 60 FF 76 A4 24 0
ID: 316, Data: 845 56 C2 26 59 1E 43 7C
ID: 153, Data: 80 0 0 FF 0 FF 0 0
ID: 316, Data: 845 57 C2 26 59 1E 44 7C
ID: 316, Data: 845 57 D5 26 58 1E 44 7C
ID: 440, Data: 8FE 44 44 A0 FF AA AA AA
ID: 153, Data: 80 0 0 FF 0 FF 0 0
ID: 43F, Data: 844 48 60 FF 76 D8 24 0
ID: 153, Data: 80 0 0 FF 0 FF 0 0
ID: 316, Data: 845 5A 89 26 64 1D 44 7C
ID: 316, Data: 845 5E 76 26 65 1D 44 7C
ID: 18F, Data: 8AA 41 0 0 0 0 0 0
ID: 316, Data: 845 64 9C 26 66 1C 44 7C
ID: 370, Data: 8FF DE F0 FF FF FF FF FF
ID: 260, Data: 8B 66 67 30 2C FF B5 1C
ID: 316, Data: 845 66 50 26 66 1C 44 7C
ID: A1, Data: 87D 7E 82 7D 42 0 0 0
ID: 316, Data: 845 67 3D 26 66 1C 44 7C
ID: 316, Data: 845 67 63 26 66 1C 45 7C
ID: 43F, Data: 844 48 60 FF 76 60 25 0
ID: 316, Data: 845 67 9C 26 66 1C 45 7C
ID: 153, Data: 80 0 0 FF 0 FF 0 0
ID: 545, Data: 8E4 22 1 8D 1A 5 1A 5
ID: 316, Data: 845 66 AF 26 5B 13 45 7C
ID: 545, Data: 8E4 1F 1 8D C1 5 C1 5
ID: 43F, Data: 844 48 60 FF 75 9C 25 0
ID: 43F, Data: 844 48 60 FF 75 B4 25 0
ID: A1, Data: 87C 7E 7F 7D 42 0 0 0
ID: 316, Data: 845 5E 50 26 5C 13 45 7C
ID: 316, Data: 845 5D 63 26 5C 13 46 7C
ID: 5F0, Data: 20 0
ID: 329, Data: 840 B2 80 8 11 47 25 26
ID: 316, Data: 85 5A 9C 26 4A 13 46 7C
ID: 153, Data: 80 0 0 FF 0 FF 0 0
ID: 5A0, Data: 80 0 0 90 0 0 0 0
ID: 316, Data: 85 50 D5 26 44 14 46 7C
ID: A1, Data: 87A 7D 82 7D 3A 0 0 0
ID: 316, Data: 85 4A C2 26 42 14 46 7C
ID: 316, Data: 85 49 AF 26 41 15 46 7C
ID: 5F0, Data: 20 0
ID: 316, Data: 85 46 E9 26 41 15 46 7C
ID: 153, Data: 80 0 0 FF 0 FF 0 0
ID: 2A0, Data: 8C1 1A 6B 1C 33 0 11 0
ID: 316, Data: 85 44 FC 26 40 15 46 7C
ID: 18F, Data: 8AA 41 0 0 0 0 0 0
ID: 43F, Data: 844 48 60 FF 76 30 26 0
ID: 153, Data: 80 0 0 FF 0 FF 0 0
ID: 316, Data: 85 44 FC 26 41 15 46 7C
ID: 316, Data: 85 44 23 27 41 15 47 7C
ID: 18F, Data: 8AA 40 0 0 0 0 0 0
ID: 316, Data: 85 44 10 27 40 15 47 7C
ID: 43F, Data: 844 48 60 FF 75 40 26 0
ID: 316, Data: 85 44 10 27 41 15 47 7C
ID: 153, Data: 80 0 0 FF 0 FF 0 0
ID: 153, Data: 80 0 0 FF 0 FF 0 0
ID: 316, Data: 85 44 37 27 44 15 47 7C
ID: 153, Data: 80 0 0 FF 0 FF 0 0
ID: 316, Data: 85 43 23 27 46 16 47 7C
ID: 1F0, Data: 80 40 1 C0 0 0 0 0
ID: 280, Data: 830 0 88 B2 4E 29 6B 6A
ID: 316, Data: 85 44 23 27 47 15 47 7C
ID: 153, Data: 80 0 0 FF 0 FF 0 0
ID: 316, Data: 85 47 37 27 46 15 47 7C
ID: 316, Data: 85 48 4A 27 46 15 47 7C
ID: 545, Data: 8E4 D7 0 8D 94 3 94 3
ID: 43F, Data: 844 48 60 FF 75 8C 26 0
ID: 153, Data: 80 0 0 FF 0 FF 0 0
ID: 18F, Data: 8AA 3E 0 0 0 0 0 0
ID: 329, Data: 884 B2 80 8 11 43 21 26
ID: 5F0, Data: 20 0
ID: 18F, Data: 8AA 3E 0 0 0 0 0 0
ID: 18F, Data: 8AA 3E 0 0 0 0 0 0
ID: 316, Data: 85 49 4A 27 46 15 47 7C
ID: 153, Data: 80 0 0 FF 0 FF 0 0
ID: A1, Data: 87E 7B 82 7C 34 0 0 0
ID: 329, Data: 840 B2 80 8 11 42 21 26
ID: 545, Data: 8E4 D7 0 8D 99 3 99 3
ID: 43F, Data: 844 48 60 FF 76 B8 26 0
ID: 440, Data: 8FE E4 47 A0 FF AA AA AA
ID: A0, Data: 851 7E 5E 27 48 39 2 0
ID: 316, Data: 85 49 5E 27 46 15 47 7C
ID: 153, Data: 80 0 0 FF 0 FF 0 0
ID: 43F, Data: 844 48 60 FF 75 CC 26 0
ID: A1, Data: 87E 7B 81 7C 34 0 0 0
ID: 43F, Data: 844 48 60 FF 76 DC 26 0
ID: 43F, Data: 844 48 60 FF 76 D8 26 0
ID: 260, Data: 8B 44 3F 30 2C FF C8 8
ID: 316, Data: 85 43 37 27 3E 16 48 7C
ID: 316, Data: 85 42 37 27 3D 16 48 7C
ID: 43F, Data: 844 48 60 FF 75 E4 26 0
ID: 316, Data: 85 41 72 27 38 16 48 7C
ID: 153, Data: 80 0 0 FF 0 FF 0 0
ID: 316, Data: 85 3E 5E 27 33 16 48 7C
ID: 153, Data: 80 0 0 FF 0 FF 0 0
ID: 280, Data: 830 0 88 B2 4E 22 6B 5D
ID: 316, Data: 85 38 4A 27 30 17 48 7C
ID: 43F, Data: 844 48 60 FF 75 F0 26 0
ID: 43F, Data: 844 48 60 FF 75 DC 26 0
ID: A1, Data: 87C 7B 80 7C 29 0 0 0
ID: 153, Data: 80 0 0 FF 0 FF 0 0
ID: 316, Data: 85 30 9A 27 28 18 48 7C
ID: 153, Data: 80 0 0 FF 0 FF 0 0
ID: 329, Data: 884 B2 80 8 11 3A C 26
ID: 316, Data: 85 2D 72 27 28 18 48 7C
ID: 280, Data: 830 0 88 B2 4E 1A 6B 48
ID: 43F, Data: 844 48 60 FF 75 D4 26 0
ID: 280, Data: 830 0 88 B2 4E 19 6B 44
ID: 316, Data: 85 2A 23 27 29 19 48 7C
ID: 316, Data: 85 2A 37 27 29 19 48 7C
ID: 153, Data: 80 0 0 FF 0 FF 0 0
ID: 43F, Data: 844 48 60 FF 76 CC 26 0
ID: 316, Data: 85 29 4A 27 29 19 48 7C
ID: 2A0, Data: 8C1 19 6B 1C 33 0 11 0
ID: 316, Data: 85 29 5E 27 29 19 48 7C
ID: 316, Data: 85 29 4A 27 29 19 48 7C
ID: 43F, Data: 844 48 60 FF 76 BC 26 0
ID: 43F, Data: 844 48 60 FF 76 B8 26 0
ID: A0, Data: 82F 7E 37 27 48 30 2 0
ID: 316, Data: 85 29 37 27 29 19 48 7C
ID: 316, Data: 85 29 37 27 29 19 48 7C
ID: 43F, Data: 844 48 60 FF 76 B4 26 0
ID: 370, Data: 8FF DE F0 FF FF FF FF FF
ID: 153, Data: 80 0 0 FF 0 FF 0 0
ID: 153, Data: 80 0 0 FF 0 FF 0 0
ID: 316, Data: 85 29 23 27 29 19 47 7C
ID: 153, Data: 80 0 0 FF 0 FF 0 0
ID: 316, Data: 85 2A 23 27 29 19 47 7C
ID: 316, Data: 85 2A 23 27 29 19 47 7C
ID: 18F, Data: 8AA 3A 0 0 0 0 0 0
ID: 316, Data: 85 2A 10 27 29 19 47 7C
ID: 153, Data: 80 0 0 FF 0 FF 0 0
ID: 316, Data: 85 2A 10 27 29 19 47 7C
ID: 153, Data: 80 0 0 FF 0 FF 0 0
ID: 1F1, Data: 80 86 32 22 23 3F F2 23
ID: 316, Data: 85 2A E9 26 29 19 47 7C
ID: 5F0, Data: 20 0
ID: 43F, Data: 844 48 60 FF 76 8C 26 0
ID: 153, Data: 80 0 0 FF 0 FF 0 0
ID: 153, Data: 80 0 0 FF 0 FF 0 0
ID: 316, Data: 85 2A D5 26 29 19 47 7C
ID: 43F, Data: 844 48 60 FF 76 6C 26 0
ID: A1, Data: 88A 7C 86 79 1F 0 0 0
ID: 153, Data: 80 0 0 FF 0 FF 0 0
ID: 316, Data: 85 2B AF 26 34 19 47 7C
ID: 153, Data: 80 0 0 FF 0 FF 0 0
ID: 316, Data: 85 2F C2 26 34 18 47 7C
ID: 316, Data: 85 31 D5 26 33 18 47 7C
ID: 153, Data: 80 0 0 FF 0 FF 0 0
ID: 316, Data: 85 33 C2 26 33 17 47 7C
ID: 153, Data: 80 0 0 FF 0 FF 0 0
ID: 329, Data: 840 B2 80 8 11 3C 14 26
ID: 316, Data: 85 34 89 26 33 17 47 7C
ID: 43F, Data: 844 48 60 FF 75 60 26 0
ID: 440, Data: 8FE 94 47 A0 FF AA AA AA
ID: A0, Data: 83B 7E 89 26 47 33 2 0
ID: 5F0, Data: 20 0
ID: 316, Data: 85 34 89 26 33 17 47 7C
ID: 370, Data: 8FF E0 F0 FF FF FF FF FF
ID: A1, Data: 883 7C 85 7A 29 0 0 0
ID: 316, Data: 85 35 9C 26 33 17 47 7C
ID: 329, Data: 840 B2 80 8 11 3C 14 26
ID: 153, Data: 80 0 0 FF 0 FF 0 0
ID: 1F0, Data: 81 40 1 C0 0 0 0 0
ID: 43F, Data: 844 48 60 FF 75 60 26 0
ID: 5F0, Data: 20 0
ID: 316, Data: 85 35 9C 26 33 17 47 7C
ID: 316, Data: 85 35 AF 26 33 17 47 7C
ID: 316, Data: 85 34 AF 26 33 17 47 7C
ID: 5F0, Data: 20 0
ID: 43F, Data: 844 48 60 FF 76 64 26 0
ID: A0, Data: 83B 7E AF 26 47 33 2 0
ID: 153, Data: 80 0 0 FF 0 FF 0 0
ID: 316, Data: 85 37 AF 26 3C 17 47 7C
ID: 153, Data: 80 0 0 FF 0 FF 0 0
ID: 329, Data: 8ED B2 80 8 11 3F 1A 26
ID: 316, Data: 85 3C 10 27 3B 16 47 7C
ID: 43F, Data: 844 48 60 FF 76 80 26 0
ID: 316, Data: 85 3E 23 27 3B 16 47 7C
ID: 370, Data: 8FF E0 F0 FF FF FF FF FF
ID: 316, Data: 85 3E FC 26 3B 16 47 7C
ID: 153, Data: 80 0 0 FF 0 FF 0 0
ID: 43F, Data: 844 48 60 FF 75 78 26 0
ID: 43F, Data: 844 48 60 FF 76 78 26 0
ID: 280, Data: 830 0 88 B2 4D 25 6A 60
ID: 153, Data: 80 0 0 FF 0 FF 0 0
ID: 316, Data: 85 3C C2 26 3B 16 47 7C
ID: 153, Data: 80 0 0 FF 0 FF 0 0
ID: 260, Data: 8B 3D 3C 30 2C FF CE D
ID: 329, Data: 884 B2 80 8 11 3E 1A 26
ID: A1, Data: 881 7B 84 7C 2D 0 0 0
ID: 316, Data: 85 3C D5 26 3C 16 47 7C
ID: 316, Data: 85 3D D5 26 3C 16 47 7C
ID: 1F1, Data: 80 97 35 F2 22 41 22 24
ID: 316, Data: 85 3D FC 26 3B 16 47 7C
ID: 260, Data: 8B 3D 3C 30 2C FF CE 1C
ID: 5F0, Data: 20 0
ID: 260, Data: 8B 3D 3C 30 2C FF CD E
ID: 545, Data: 8E4 B1 0 8D AC 2 AC 2
ID: 153, Data: 80 0 0 FF 0 FF 0 0
ID: 5F0, Data: 20 0
ID: 153, Data: 80 0 0 FF 0 FF 0 0
ID: 1F1, Data: 80 1E 37 32 23 42 52 24
ID: 545, Data: 8E4 BB 0 8D A9 2 A9 2
ID: 153, Data: 80 0 0 FF 0 FF 0 0
ID: 316, Data: 85 3C 37 27 3B 16 47 7C
ID: 153, Data: 80 0 0 FF 0 FF 0 0
ID: 329, Data: 884 B2 80 8 11 3F 1A 26
ID: 316, Data: 85 3C 37 27 3D 16 48 7C
ID: A1, Data: 882 7B 87 7C 2D 0 0 0
ID: 43F, Data: 844 48 60 FF 76 DC 26 0
ID: 316, Data: 85 3E 37 27 45 16 48 7C
ID: A0, Data: 845 7D 37 27 48 36 2 0
ID: 316, Data: 85 41 5E 27 47 16 48 7C
ID: 153, Data: 80 0 0 FF 0 FF 0 0
ID: A1, Data: 881 7B 85 7C 30 0 0 0
ID: 280, Data: 830 0 88 B2 4F 2B 6A 6D
ID: 1F1, Data: 80 DB 3A 82 23 45 82 24
ID: 316, Data: 85 49 AE 27 48 15 48 7C
ID: 2A0, Data: 8C1 18 6A 1C 33 0 11 0
ID: 316, Data: 85 4A 9A 27 49 15 48 7C
ID: 316, Data: 85 4A 9A 27 49 15 48 7C
ID: 153, Data: 80 0 0 FF 0 FF 0 0
ID: 316, Data: 85 4A 9A 27 49 15 48 7C
ID: 153, Data: 80 0 0 FF 0 FF 0 0
ID: 280, Data: 830 0 88 B1 4F 2C 6A 70
ID: 316, Data: 85 4A 9A 27 49 15 48 7C
ID: 43F, Data: 844 48 60 FF 75 50 27 0
ID: 316, Data: 85 4A 9A 27 4A 15 48 7C
ID: A1, Data: 883 7B 82 7C 34 0 0 0
ID: 153, Data: 80 0 0 FF 0 FF 0 0
ID: 5F0, Data: 20 0
ID: 153, Data: 80 0 0 FF 0 FF 0 0
ID: 153, Data: 80 0 0 FF 0 FF 0 0
ID: A1, Data: 882 7B 81 7C 35 0 0 0
ID: 329, Data: 8ED B1 80 8 11 3F 1A 26
ID: 329, Data: 8B B1 80 8 11 3F 1A 26
ID: 316, Data: 85 3F 86 27 3A 16 49 7C
ID: 316, Data: 85 3E 9A 27 3A 16 49 7C
ID: 5F0, Data: 20 0
ID: 370, Data: 8FF E0 F0 FF FF FF FF FF
ID: 153, Data: 80 0 0 FF 0 FF 0 0
ID: 153, Data: 80 0 0 FF 0 FF 0 0
ID: 260, Data: 8B 3C 38 30 2C FF CD 30
ID: 316, Data: 85 3A 52 28 37 17 49 7C
ID: 153, Data: 80 0 0 FF 0 FF 0 0
ID: 153, Data: 80 0 0 FF 0 FF 0 0
ID: 316, Data: 85 3A 3D 28 37 17 49 7C
ID: 153, Data: 80 0 0 FF 0 FF 0 0
ID: 316, Data: 85 39 52 28 3E 17 49 7C
ID: 316, Data: 85 39 3D 28 3F 17 49 7C
ID: 545, Data: 8E4 AE 0 8D 63 2 63 2
ID: 43F, Data: 844 48 60 FF 75 98 27 0
ID: 153, Data: 80 0 0 FF 0 FF 0 0
ID: A0, Data: 846 7D 3D 28 4A 37 2 0
ID: 329, Data: 840 B1 80 8 11 40 1D 26
ID: 2A0, Data: 8C1 19 6A 1C 33 0 11 0
ID: 316, Data: 85 3F 7C 28 4A 16 49 7C
ID: 316, Data: 85 41 67 28 4E 16 49 7C
ID: 5F0, Data: 20 0
ID: 316, Data: 85 4A A6 28 4E 15 49 7C
ID: 316, Data: 85 4A BB 28 4E 15 49 7C
ID: 153, Data: 80 0 0 FF 0 FF 0 0
ID: 153, Data: 80 0 0 FF 0 FF 0 0
ID: 316, Data: 85 4F 91 28 4E 15 49 7C
ID: 153, Data: 80 0 0 FF 0 FF 0 0
ID: 316, Data: 85 50 7C 28 4E 15 4A 7C
ID: 316, Data: 85 50 91 28 4E 15 4A 7C
ID: 280, Data: 830 0 88 B1 50 30 6A 75
ID: 316, Data: 85 50 7C 28 4E 15 4A 7C
ID: 316, Data: 85 50 91 28 4E 15 4A 7C
ID: 153, Data: 80 0 0 FF 0 FF 0 0
ID: 316, Data: 85 50 A6 28 4E 15 4A 7C
ID: 153, Data: 80 0 0 FF 0 FF 0 0
ID: 260, Data: 8B 50 4F 30 2C FF C1 3E
ID: 316, Data: 85 4F A6 28 4E 15 4A 7C
ID: 153, Data: 80 0 0 FF 0 FF 0 0
ID: 316, Data: 85 4F BB 28 4D 15 4A 7C
ID: 153, Data: 80 0 0 FF 0 FF 0 0
ID: 329, Data: 8B B1 80 8 11 45 23 26
ID: 316, Data: 85 4E E6 28 46 15 4A 7C
ID: 260, Data: 8B 4E 46 30 2C FF C2 39
ID: 43F, Data: 844 48 60 FF 75 7C 28 0
ID: 440, Data: 8FE 44 4B A0 FF AA AA AA
ID: 316, Data: 85 4A E6 28 46 15 4B 7C
ID: A0, Data: 852 7D E6 28 4B 3A 2 0
ID: 370, Data: 8FF E0 F0 FF FF FF FF FF
ID: 316, Data: 85 49 FB 28 43 15 4B 7C
ID: 153, Data: 80 0 0 FF 0 FF 0 0
ID: 153, Data: 80 0 0 FF 0 FF 0 0
ID: 316, Data: 85 44 26 29 36 16 4B 7C
ID: 153, Data: 80 0 0 FF 0 FF 0 0
ID: 316, Data: 85 3E 11 29 36 16 4B 7C
ID: 316, Data: 85 3D 11 29 36 17 4B 7C
ID: 18F, Data: 8AA 36 0 0 0 0 0 0
ID: 43F, Data: 844 48 60 FF 76 C0 28 0
ID: 5F0, Data: 20 0
ID: 316, Data: 85 38 3C 29 36 17 4B 7C
ID: 370, Data: 8FF E0 F0 FF FF FF FF FF
ID: 153, Data: 80 0 0 FF 0 FF 0 0
ID: 5F0, Data: 20 0
ID: 153, Data: 80 0 0 FF 0 FF 0 0
ID: 153, Data: 80 0 0 FF 0 FF 0 0
ID: 5F0, Data: 20 0
ID: 260, Data: 8B 37 35 30 2C FF CF 36
ID: 2A0, Data: 8C1 1C 6A 1C 33 0 11 0
ID: 153, Data: 80 0 0 FF 0 FF 0 0
ID: 153, Data: 80 0 0 FF 0 FF 0 0
ID: 316, Data: 85 35 52 29 34 18 4B 7C
ID: 153, Data: 80 0 0 FF 0 FF 0 0
ID: 316, Data: 85 35 3C 29 34 18 4B 7C
ID: 316, Data: 85 35 52 29 34 18 4B 7C
ID: 260, Data: 8B 35 32 30 2C FF D0 2A
ID: 43F, Data: 844 48 60 FF 76 E4 28 0
ID: 2A0, Data: 8A1 1B 6A 1C 33 0 11 0
ID: 316, Data: 85 31 52 29 20 18 4C 7C
ID: 316, Data: 85 2F 68 29 20 18 4C 7C
ID: 43F, Data: 844 48 60 FF 76 EC 28 0
ID: 316, Data: 85 2A 3C 29 20 19 4C 7C
ID: 153, Data: 80 0 0 FF 0 FF 0 0
ID: 153, Data: 80 0 0 FF 0 FF 0 0
ID: 316, Data: 85 26 FB 28 20 1A 4B 7C
ID: 260, Data: 8B 26 20 30 2C FF D3 39
ID: 316, Data: 85 25 26 29 1F 1A 4B 7C
ID: A1, Data: 880 7C 82 7A 1C 0 0 0
ID: 43F, Data: 844 48 60 FF 76 B8 28 0
ID: 43F, Data: 844 48 60 FF 75 A4 28 0
ID: 2A0, Data: 8C1 18 6A 1C 33 0 11 0
ID: 316, Data: 85 22 E6 28 20 1A 4B 7C
ID: 316, Data: 85 21 D0 28 20 1A 4B 7C
ID: 43F, Data: 844 48 60 FF 76 94 28 0
ID: 316, Data: 85 21 A6 28 20 1A 4B 7C
ID: 153, Data: 80 0 0 FF 0 FF 0 0
ID: 153, Data: 80 0 0 FF 0 FF 0 0
ID: 316, Data: 85 21 BB 28 20 1A 4B 7C
ID: 153, Data: 80 0 0 FF 0 FF 0 0
ID: 316, Data: 85 21 A6 28 2B 24 4B 7C
ID: 153, Data: 80 0 0 FF 0 FF 0 0
ID: 1F1, Data: 80 96 51 72 24 5B E2 25
ID: 316, Data: 85 26 E6 28 2B 23 4B 7C
ID: 153, Data: 80 0 0 FF 0 FF 0 0
ID: 316, Data: 85 28 26 29 2A 23 4B 7C
ID: 153, Data: 80 0 0 FF 0 FF 0 0
ID: 280, Data: 830 0 88 B1 52 19 6A 40
ID: 316, Data: 85 2A 26 29 2D 23 4B 7C
ID: 5F0, Data: 20 0
ID: 43F, Data: 844 48 60 FF 75 6C 28 0
ID: 153, Data: 80 0 0 FF 0 FF 0 0
ID: 545, Data: 8E4 93 0 8D D8 0 D8 0
ID: 316, Data: 845 30 A6 28 39 22 4B 7C
ID: 2A0, Data: 81 15 6A 1C 33 0 11 0
ID: 316, Data: 845 36 11 29 42 22 4B 7C
ID: 316, Data: 845 38 68 29 47 21 4B 7C
ID: 316, Data: 845 3E AA 29 48 21 4B 7C
ID: 260, Data: 8B 42 49 30 2C FF CC 29
ID: 153, Data: 80 0 0 FF 0 FF 0 0
ID: 545, Data: 8E4 EE 0 8D BC 2 BC 2
ID: 316, Data: 845 4C ED 29 53 1F 4B 7C
ID: 260, Data: 8B 4F 55 30 2C FF C4 36
ID: 316, Data: 845 51 31 2A 57 1F 4B 7C
ID: A0, Data: 860 7D 31 2A 4B 3D 2 0
ID: 43F, Data: 844 48 60 FF 75 94 28 0
ID: 316, Data: 845 5B 8D 2A 5C 1E 4B 7C
ID: 153, Data: 80 0 0 FF 0 FF 0 0
ID: 280, Data: 830 0 88 B1 55 38 6A 80
ID: 316, Data: 845 5E D3 2A 5B 1E 4B 7C
ID: 43F, Data: 844 48 60 FF 75 B4 28 0
ID: 43F, Data: 844 48 60 FF 76 BC 28 0
ID: 153, Data: 80 0 0 FF 0 FF 0 0
ID: 316, Data: 845 5D EB 2A 5C 1E 4B 7C
ID: 316, Data: 845 5D EB 2A 61 1E 4B 7C
ID: 18F, Data: 8AA 3A 0 0 0 0 0 0
ID: 43F, Data: 844 48 60 FF 76 EC 28 0
ID: 5F0, Data: 20 0
ID: 329, Data: 840 B1 80 8 11 51 37 26
ID: 316, Data: 845 74 DC 2B 72 1E 4C 7C
ID: 316, Data: 845 76 26 2C 71 1E 4C 7C
ID: 316, Data: 845 76 D 2C 72 1E 4C 7C
ID: 153, Data: 80 0 0 FF 0 FF 0 0
ID: 329, Data: 8ED B1 80 8 11 51 37 26
ID: 316, Data: 845 76 4A 2B 73 1E 4C 7C
ID: 43F, Data: 844 48 60 FF 76 74 29 0
ID: 316, Data: 845 76 7A 2B 73 1E 4C 7C
ID: 153, Data: 80 0 0 FF 0 FF 0 0
ID: 316, Data: 845 76 92 2B 73 1E 4D 7C
ID: 316, Data: 845 76 92 2B 73 1E 4D 7C
ID: 153, Data: 80 0 0 FF 0 FF 0 0
ID: 43F, Data: 844 48 60 FF 75 E4 29 0
ID: 316, Data: 845 75 C3 2B 73 1E 4D 7C
ID: 260, Data: 8B 76 74 30 2C FF AE 33
ID: 316, Data: 845 75 C3 2B 73 1E 4D 7C
ID: A1, Data: 87F 7D 7E 7D 46 0 0 0
ID: 43F, Data: 844 48 60 FF 76 2C 2A 0
ID: 43F, Data: 844 48 60 FF 76 40 2A 0
ID: A1, Data: 87E 7D 7D 7D 46 0 0 0
ID: 316, Data: 845 75 D 2C 73 1E 4E 7C
ID: 316, Data: 845 75 D 2C 73 1E 4E 7C
ID: 43F, Data: 844 48 60 FF 75 80 2A 0
ID: 43F, Data: 844 48 60 FF 76 9C 2A 0
ID: 260, Data: 8B 76 74 30 2C FF AE 15
ID: 316, Data: 845 76 26 2C 73 1E 4E 7C
ID: 545, Data: 8E4 83 1 8A 11 6 11 6
ID: 153, Data: 80 0 0 FF 0 FF 0 0
ID: 316, Data: 845 72 58 2C 11 1E 4F 7C
ID: 43F, Data: 844 48 60 FF 75 E0 2A 0
ID: 153, Data: 80 0 0 FF 0 FF 0 0
ID: 316, Data: 845 3D 1A 2B 15 21 4F 7C
ID: 153, Data: 80 0 0 FF 0 FF 0 0
ID: 18F, Data: 8AA 3E 0 0 0 0 0 0
ID: 316, Data: 845 26 EB 2A 17 23 4F 7C
ID: 316, Data: 845 23 EB 2A 18 24 4F 7C
ID: 153, Data: 80 0 0 FF 0 FF 0 0
ID: 316, Data: 845 1E 76 2A 18 24 4F 7C
ID: 5F0, Data: 20 0
ID: 43F, Data: 844 48 60 FF 75 B0 2A 0
ID: A1, Data: 87D 80 76 7E 17 0 0 0
ID: 316, Data: 845 19 94 29 19 24 4F 7C
ID: 153, Data: 80 0 0 FF 0 FF 0 0
ID: 153, Data: 80 0 0 FF 0 FF 0 0
ID: 260, Data: 8B 16 19 30 2C FF 8D 0
ID: 316, Data: 845 15 67 28 19 24 4F 7C
ID: 153, Data: 80 0 0 FF 0 FF 0 0
ID: 153, Data: 80 0 0 FF 0 FF 0 0
ID: 316, Data: 845 19 86 27 23 24 4F 7C
ID: 153, Data: 80 0 0 FF 0 FF 0 0
ID: 329, Data: 840 B1 80 8 11 3B 10 26
ID: 316, Data: 845 2C 52 29 53 23 4E 7C
ID: A0, Data: 845 7D 7E 29 4F 3C 2 0
ID: 316, Data: 845 49 BC 2A 56 21 4E 7C
ID: 280, Data: 830 0 88 B1 58 30 6A 6B
ID: 316, Data: 845 51 8E 2D 52 20 4E 7C
ID: 2A0, Data: 861 1B 6A 1C 33 0 11 0
ID: 153, Data: 80 0 0 FF 0 FF 0 0
ID: 329, Data: 840 B1 80 8 11 48 25 26
ID: 43F, Data: 844 48 60 FF 76 64 2A 0
ID: 18F, Data: 8AA 42 0 0 0 0 0 0
ID: 316, Data: 845 56 3F 2C 56 1F 4E 7C
ID: 153, Data: 80 0 0 FF 0 FF 0 0
ID: 2A0, Data: 81 1C 6A 1C 33 0 11 0
ID: 316, Data: 845 55 71 2C 56 1F 4F 7C
ID: 545, Data: 8E4 17 1 8D C2 3 C2 3
ID: 43F, Data: 844 48 60 FF 76 A8 2A 0
ID: 43F, Data: 844 48 60 FF 75 B8 2A 0
ID: 440, Data: 8FE E4 4F A0 FF AA AA AA
ID: 316, Data: 845 57 A4 2C 57 1F 4F 7C
ID: 43F, Data: 844 48 60 FF 76 C0 2A 0
ID: 316, Data: 845 58 BE 2C 57 1F 4F 7C
ID: 153, Data: 80 0 0 FF 0 FF 0 0
ID: 316, Data: 845 59 D7 2C 56 1F 4F 7C
ID: 316, Data: 845 59 D7 2C 56 1F 4F 7C
ID: 43F, Data: 844 48 60 FF 75 F4 2A 0
ID: 316, Data: 845 59 D7 2C 35 1F 4F 7C
ID: 1F0, Data: 82 40 1 C0 0 0 0 0
ID: 545, Data: 8E4 FA 0 8C E8 2 E8 2
ID: 316, Data: 845 3D 3F 2C 14 21 4F 7C
ID: 280, Data: 830 0 88 B1 57 1D 6A 4E
ID: 153, Data: 80 0 0 FF 0 FF 0 0
ID: 2A0, Data: 840 1B 6A 1C 33 0 11 0
ID: 316, Data: 845 24 BC 2A 17 24 4F 7C
ID: A1, Data: 87B 7C 7B 7B 20 0 0 0
ID: 316, Data: 845 1F 8D 2A 18 24 4F 7C
ID: 153, Data: 80 0 0 FF 0 FF 0 0
ID: 43F, Data: 844 48 60 FF 76 D0 2A 0
ID: 5F0, Data: 20 0
ID: 43F, Data: 844 48 60 FF 76 C0 2A 0
ID: 153, Data: 80 0 0 FF 0 FF 0 0
ID: 2A0, Data: 8E0 18 6A 1C 33 0 11 0
ID: 316, Data: 845 16 94 29 19 24 4F 7C
ID: A0, Data: 81D 7E C0 29 50 2B 2 0
ID: 316, Data: 845 15 11 29 19 24 4F 7C
ID: 329, Data: 884 B1 80 8 11 34 0 26
ID: 316, Data: 845 16 3D 28 19 24 4F 7C
ID: 316, Data: 845 17 29 28 19 24 4F 7C
ID: 153, Data: 80 0 0 FF 0 FF 0 0
ID: 440, Data: 8FE E4 4E A0 FF AA AA AA
ID: 316, Data: 845 18 EB 27 19 23 4E 7C
ID: 153, Data: 80 0 0 FF 0 FF 0 0
ID: 545, Data: 8E4 5F 0 8D 3C FF 3C FF
ID: 316, Data: 845 18 3D 28 19 24 4E 7C
ID: A0, Data: 826 7E 29 28 4F 2D 2 0
ID: 43F, Data: 844 48 60 FF 76 8 2A 0
ID: 280, Data: 830 0 84 B1 50 13 6A 33
ID: 316, Data: 845 18 52 28 19 24 4E 7C
ID: 316, Data: 845 18 67 28 19 24 4E 7C
ID: 43F, Data: 844 48 60 FF 76 C8 29 0
ID: 545, Data: 8E4 63 0 8D 3A FF 3A FF
ID: 153, Data: 80 0 0 FF 0 FF 0 0
ID: 316, Data: 84D 18 7C 28 19 24 4D 7C
ID: 316, Data: 84D 18 91 28 19 24 4D 7C
ID: 43F, Data: 844 48 60 FF 76 A4 29 0
ID: 316, Data: 84D 14 91 28 19 24 4D 7C
ID: 153, Data: 80 0 0 FF 0 FF 0 0
ID: 329, Data: 840 B1 80 8 11 36 0 26
ID: 316, Data: 84D 10 91 28 19 24 4D 7C
ID: 2A0, Data: 820 11 6A 1C 33 0 11 0
ID: 153, Data: 80 0 0 FF 0 FF 0 0
ID: 329, Data: 8ED B1 80 8 11 36 0 26
ID: 43F, Data: 844 48 60 FF 76 24 29 0
ID: 2A0, Data: 840 10 6A 1C 33 0 11 0
ID: 153, Data: 80 0 0 FF 0 FF 0 0
ID: 316, Data: 84D 0 91 28 19 23 4C 7C
ID: 316, Data: 84D 0 7C 28 19 23 4C 7C
ID: A0, Data: 825 7E 7C 28 4D 2D 4 0
ID: 43F, Data: 844 48 60 FF 76 D8 28 0
ID: 43F, Data: 844 48 60 FF 76 D4 28 0
ID: 260, Data: 80 0 E 30 2C FF 76 33
ID: 316, Data: 84D 0 0 28 E 1A 4C 7C
ID: 316, Data: 84D 0 C2 27 E 19 4B 7C
ID: 1F0, Data: 81 40 1 C0 0 0 0 0
ID: 153, Data: 80 0 0 FF 0 FF 0 0
ID: 153, Data: 80 0 0 FF 0 FF 0 0
ID: 545, Data: 8E4 0 0 8D 37 FE 37 FE
ID: 43F, Data: 844 48 60 FF 76 54 28 0
ID: 2A0, Data: 880 D 6A 1C 33 0 11 0
ID: 316, Data: 8D 0 AE 27 E 19 4B 7C
ID: 153, Data: 80 0 0 FF 0 FF 0 0
ID: 329, Data: 840 B1 80 8 11 36 0 26
ID: 153, Data: 80 0 0 FF 0 FF 0 0
ID: 280, Data: 830 0 20 B1 4F 16 6A 3B
ID: 316, Data: 8D 0 72 27 E 19 4A 7C
ID: 153, Data: 80 0 0 FF 0 FF 0 0
ID: 316, Data: 8D 0 4A 27 E 19 4A 7C
ID: 153, Data: 80 0 0 FF 0 FF 0 0
ID: 316, Data: 8D 0 23 27 E 19 4A 7C
ID: 43F, Data: 844 48 60 FF 76 C0 27 0
ID: 440, Data: 8FE 34 49 A0 FF AA AA AA
ID: 329, Data: 840 B1 80 8 11 36 0 26
ID: 153, Data: 80 0 0 FF 0 FF 0 0
ID: 316, Data: 8D 0 FC 26 E 19 49 7C
ID: 5F0, Data: 20 0
ID: 316, Data: 8D 0 E9 26 E 19 49 7C
ID: 43F, Data: 844 48 60 FF 76 80 27 0
ID: 280, Data: 830 0 20 B1 4D 16 6A 3C
ID: 1F0, Data: 81 40 1 C0 0 0 0 0
ID: 316, Data: 8D 0 AF 26 E 19 49 7C
ID: 316, Data: 8D 0 9C 26 E 19 49 7C
ID: 316, Data: 8D 0 9C 26 E 19 49 7C
ID: 2A0, Data: 840 A 6A 1C 33 0 11 0
ID: 153, Data: 80 0 0 FF 0 FF 0 0
ID: 153, Data: 80 0 0 FF 0 FF 0 0
ID: 153, Data: 80 0 0 FF 0 FF 0 0
ID: 545, Data: 8E4 0 0 8D 3B FE 3B FE
ID: 316, Data: 8D 0 63 26 E 19 48 7C
ID: A1, Data: 880 83 80 80 1C 0 0 0
ID: 43F, Data: 844 48 60 FF 76 D0 26 0
ID: 43F, Data: 844 48 60 FF 76 C0 26 0
ID: 316, Data: 8D 0 5 26 E 19 48 7C
ID: 316, Data: 8D 0 5 26 E 19 48 7C
ID: 153, Data: 80 0 0 FF 0 FF 0 0
ID: 153, Data: 80 0 0 FF 0 FF 0 0
ID: 43F, Data: 844 48 60 FF 76 84 26 0
ID: 545, Data: 8E4 0 0 8D 3E FE 3E FE
ID: 440, Data: 8FE E4 47 A0 FF AA AA AA
ID: 316, Data: 8D 0 E0 25 E 19 47 7C
ID: 153, Data: 80 0 0 FF 0 FF 0 0
ID: 316, Data: 8D 0 AA 25 E 19 47 7C
ID: 153, Data: 80 0 0 FF 0 FF 0 0
ID: 316, Data: 8D 0 86 25 E 19 47 7C
ID: 153, Data: 80 0 0 FF 0 FF 0 0
ID: 153, Data: 80 0 0 FF 0 FF 0 0
ID: 153, Data: 80 0 0 FF 0 FF 0 0
ID: A0, Data: 829 7D 86 25 47 2D 4 0
ID: 329, Data: 884 B1 80 8 11 36 0 26
ID: A0, Data: 829 7D 50 25 47 2D 4 0
ID: 43F, Data: 844 48 60 FF 76 DC 25 0
ID: 316, Data: 8D 0 3E 25 E 19 46 7C
ID: 18F, Data: 8AA 3C 0 0 0 0 0 0
ID: 440, Data: 8FE E4 45 A0 FF AA AA AA
ID: 18F, Data: 8AA 3B 0 0 0 0 0 0
ID: 316, Data: 8D 0 F7 24 E 19 46 7C
ID: 43F, Data: 844 48 60 FF 76 88 25 0
ID: 43F, Data: 844 48 60 FF 76 7C 25 0
ID: A0, Data: 829 7D E6 24 46 2D 4 0
ID: 153, Data: 80 0 0 FF 0 FF 0 0
ID: 316, Data: 8D 0 C3 24 E 19 45 7C
ID: 316, Data: 8D 0 D5 24 E 19 45 7C
ID: 153, Data: 80 0 0 FF 0 FF 0 0
ID: 316, Data: 8D 0 A1 24 E 19 45 7C
ID: 316, Data: 8D 0 A1 24 E 19 45 7C
ID: 329, Data: 884 B1 80 8 11 36 0 26
ID: A0, Data: 829 7D 7F 24 45 2D 4 0
ID: 153, Data: 80 0 0 FF 0 FF 0 0
ID: 316, Data: 8D 0 5D 24 F 19 45 7C
ID: 153, Data: 80 0 0 FF 0 FF 0 0
ID: 316, Data: 8D 0 4C 24 F 19 44 7C
ID: 370, Data: 8FF E0 F0 FF FF FF FF FF
ID: 153, Data: 80 0 0 FF 0 FF 0 0
ID: 153, Data: 80 0 0 FF 0 FF 0 0
ID: 545, Data: 8E4 0 0 8D 42 FE 42 FE
ID: 43F, Data: 844 48 60 FF 76 A8 24 0
ID: 2A0, Data: 820 5 6A 1C 33 0 11 0
ID: 153, Data: 80 0 0 FF 0 FF 0 0
ID: 316, Data: 8D 0 F8 23 F 19 44 7C
ID: 153, Data: 80 0 0 FF 0 FF 0 0
ID: 316, Data: 8D 0 C7 23 F 19 44 7C
ID: 153, Data: 80 0 0 FF 0 FF 0 0
ID: 370, Data: 8FF DE F0 FF FF FF FF FF
ID: 43F, Data: 844 48 60 FF 76 40 24 0
ID: 2A0, Data: 840 5 6A 1C 33 0 11 0
ID: 316, Data: 8D 0 96 23 F 19 43 7C
ID: 316, Data: 8D 0 86 23 F 19 43 7C
ID: 329, Data: 8B B1 80 8 11 35 0 26
ID: A1, Data: 880 83 80 80 1E 0 0 0
ID: 153, Data: 80 0 0 FF 0 FF 0 0
ID: 316, Data: 8D 0 55 23 F 19 43 7C
ID: 153, Data: 80 0 0 FF 0 FF 0 0
ID: 153, Data: 80 0 0 FF 0 FF 0 0
ID: 370, Data: 8FF DE F0 FF FF FF FF FF
ID: 280, Data: 830 0 20 B1 46 16 6A 3E
ID: 316, Data: 8D 0 16 23 F 19 42 7C
ID: 2A0, Data: 880 4 6A 1C 33 0 11 0
ID: 43F, Data: 844 48 60 FF 76 7C 23 0
ID: 316, Data: 8D 0 D7 22 F 19 42 7C
ID: 316, Data: 8D 0 C8 22 F 19 42 7C
ID: 2A0, Data: 820 4 6A 1C 33 0 11 0
ID: 43F, Data: 844 48 60 FF 76 44 23 0
ID: 370, Data: 8FF DE F0 FF FF FF FF FF
ID: 316, Data: 8D 0 8A 22 F 19 41 7C
ID: 153, Data: 80 0 0 FF 0 FF 0 0
ID: 316, Data: 8D 0 5D 22 F 19 41 7C
ID: 153, Data: 80 0 0 FF 0 FF 0 0
ID: 153, Data: 80 0 0 FF 0 FF 0 0
ID: 316, Data: 8D 0 21 22 F 19 41 7C
ID: 43F, Data: 844 48 60 FF 76 90 22 0
ID: 316, Data: 8D 0 F4 21 F 18 40 7C
ID: 316, Data: 8D 0 E5 21 F 18 40 7C
ID: 260, Data: 80 0 10 30 2C FF 5E 3A
ID: 153, Data: 80 0 0 FF 0 FF 0 0
ID: 153, Data: 80 0 0 FF 0 FF 0 0
ID: 5F0, Data: 20 0
ID: 370, Data: 8FF DE F0 FF FF FF FF FF
ID: A0, Data: 82A 7D 71 21 40 2C 4 0
ID: 316, Data: 8D 0 38 21 10 18 3F 7C
ID: 153, Data: 80 0 0 FF 0 FF 0 0
ID: 43F, Data: 844 48 60 FF 76 84 21 0
ID: 545, Data: 8E4 0 0 8D 48 FE 48 FE
ID: 43F, Data: 844 48 60 FF 76 4C 21 0
ID: 316, Data: 8D 0 92 20 10 18 3E 7C
ID: 5F0, Data: 20 0
ID: 316, Data: 8D 0 5C 20 10 18 3D 7C
ID: 43F, Data: 844 48 60 FF 76 C8 20 0
ID: 43F, Data: 844 48 60 FF 76 B0 20 0
ID: 153, Data: 80 0 0 FF 0 FF 0 0
ID: 316, Data: 8D 0 E5 1F 10 18 3D 7C
ID: 153, Data: 80 0 0 FF 0 FF 0 0
ID: 316, Data: 8D 0 A5 1F 10 18 3C 7C
ID: 316, Data: 8D 0 7E 1F 10 18 3C 7C
ID: 545, Data: 8E4 0 0 8D 4B FE 4B FE
ID: 316, Data: 8D 0 33 1F 10 18 3B 7C
ID: 316, Data: 8D 0 1 1F 10 18 3B 7C
ID: 329, Data: 8ED B1 80 8 12 34 0 26
ID: 153, Data: 80 0 0 FF 0 FF 0 0
ID: 370, Data: 8FF DE F0 FF FF FF FF FF
ID: 43F, Data: 844 48 60 FF 76 0 1F 0
ID: 316, Data: 8D 0 4D 1E 11 18 3A 7C
ID: A1, Data: 880 83 80 80 1E 0 0 0
ID: 316, Data: 8D 0 7 1E 11 18 39 7C
ID: 153, Data: 80 0 0 FF 0 FF 0 0
ID: 316, Data: 8D 0 AC 1D 11 18 39 7C
ID: 1F1, Data: 80 30 B8 71 1B C1 21 1C
ID: 1F0, Data: 81 40 1 C0 0 0 0 0
ID: 43F, Data: 844 48 60 FF 76 B4 1D 0
ID: 18F, Data: 8AA 37 0 0 0 0 0 0
ID: 316, Data: 8D 0 E6 1C 11 18 37 7C
ID: 153, Data: 80 0 0 FF 0 FF 0 0
ID: 153, Data: 80 0 0 FF 0 FF 0 0
ID: 316, Data: 8D 0 54 1C 11 18 36 7C
ID: 370, Data: 8FF DE F0 FF FF FF FF FF
ID: 316, Data: 8D 0 2 1C 12 18 36 7C
ID: 153, Data: 80 0 0 FF 0 FF 0 0
ID: 153, Data: 80 0 0 FF 0 FF 0 0
ID: 153, Data: 80 0 0 FF 0 FF 0 0
ID: 280, Data: 830 0 20 B1 36 15 6A 3D
ID: 316, Data: 8D 0 10 1B 12 18 34 7C
ID: 440, Data: 8FE E4 33 A0 FF AA AA AA
ID: 316, Data: 8D 0 BC 1A 12 18 33 7C
ID: 18F, Data: 8AA 37 0 0 0 0 0 0
ID: 153, Data: 80 0 0 FF 0 FF 0 0
ID: 5F0, Data: 20 0
ID: 18F, Data: 8AA 36 0 0 0 0 0 0
ID: 545, Data: 8E4 0 0 8D 4F FE 4F FE
ID: 316, Data: 8D 0 9B 19 13 18 31 7C
ID: 18F, Data: 8AA 36 0 0 0 0 0 0
ID: 153, Data: 80 0 0 FF 0 FF 0 0
ID: 153, Data: 80 0 0 FF 0 FF 0 0
ID: 440, Data: 8FE 44 2F A0 FF AA AA AA
ID: 316, Data: 8D 0 91 18 13 18 2F 7C
ID: 316, Data: 8D 0 54 18 13 18 2F 7C
ID: 316, Data: 8D 0 27 18 13 18 2F 7C
ID: 260, Data: 80 0 13 30 2C FF 4E 29
ID: 43F, Data: 84B 48 60 FF 76 98 1B 0
ID: 316, Data: 8D 0 5C 18 13 18 2E 7C
ID: A1, Data: 880 83 80 80 1D 0 0 0
ID: 316, Data: 8D 0 C5 19 12 18 2D 7C
ID: 153, Data: 80 0 0 FF 0 FF 0 0
ID: 316, Data: 8D 0 52 1B 11 18 2C 7C
ID: 1F0, Data: 80 40 1 C0 0 0 0 0
ID: 2A0, Data: 880 2 6A 1C 33 0 11 0
ID: 440, Data: 8FE 94 2B A0 FF AA AA AA
ID: 280, Data: 830 0 20 B1 39 13 6A 38
ID: 316, Data: 8D 0 E6 1C 11 18 2B 7C
ID: 260, Data: 80 0 11 30 2C FF 4E 1C
ID: 43F, Data: 84B 48 60 FF 76 B8 1D 0
ID: 440, Data: 8FE E4 29 A0 FF AA AA AA
ID: A1, Data: 880 83 80 80 1B 0 0 0
ID: 316, Data: 8D 0 E4 1B 11 18 29 7C
ID: 316, Data: 8D 0 B3 1B 11 18 29 7C
ID: 260, Data: 80 0 11 30 2C FF 4E 1C
ID: 43F, Data: 843 48 60 FF 76 6C 1C 0
ID: 316, Data: 8D 0 6 1B 11 18 28 7C
ID: 316, Data: 8D 0 F4 1A 11 18 27 7C
ID: 316, Data: 8D 0 E1 1A 11 18 27 7C
ID: 153, Data: 80 0 0 FF 0 FF 0 0
ID: 18F, Data: 8AA 36 0 0 0 0 0 0
ID: 316, Data: 8D 0 86 1A 12 18 26 7C
ID: 316, Data: 8D 0 50 1A 12 18 26 7C
ID: 545, Data: 8E4 0 0 8C 4F FE 4F FE
ID: 153, Data: 80 0 0 FF 0 FF 0 0
ID: 316, Data: 8D 0 D6 19 12 18 25 7C
ID: 5F0, Data: 20 0
ID: 316, Data: 8D 0 82 19 12 18 25 7C
ID: 1F0, Data: 82 40 1 C0 0 0 0 0
ID: 316, Data: 8D 0 38 19 12 18 25 7C
ID: 316, Data: 8D 0 18 19 12 18 24 7C
ID: A0, Data: 82A 7D 0 19 25 29 4 0
ID: 316, Data: 8D 0 C8 18 13 18 24 7C
ID: 153, Data: 80 0 0 FF 0 FF 0 0
ID: 316, Data: 8D 0 6B 18 13 18 23 7C
ID: 43F, Data: 843 48 60 FF 76 C 19 0
ID: 329, Data: 8B B1 80 8 12 30 0 26
ID: 316, Data: 8D 0 EC 17 13 18 23 7C
ID: 153, Data: 80 0 0 FF 0 FF 0 0
ID: 316, Data: 8D 0 9C 17 13 18 22 7C
ID: 316, Data: 8D 0 72 17 13 18 22 7C
ID: 1F1, Data: 80 96 1 31 10 9 A1 10
ID: 153, Data: 80 0 0 FF 0 FF 0 0
ID: 153, Data: 80 0 0 FF 0 FF 0 0
ID: 316, Data: 8D 0 92 16 14 18 21 7C
ID: 545, Data: 8E4 0 0 8C 51 FE 51 FE
ID: 153, Data: 80 0 0 FF 0 FF 0 0
ID: 316, Data: 8D 0 FA 15 14 18 20 7C
ID: 153, Data: 80 0 0 FF 0 FF 0 0
ID: 316, Data: 8D 0 7B 15 14 18 1F 7C
ID: 153, Data: 80 0 0 FF 0 FF 0 0
ID: 316, Data: 8D 0 D 15 15 18 1F 7C
ID: 370, Data: 8FF DE F0 FF FF FF FF FF
ID: 440, Data: 8FE 63 1E A0 FF AA AA AA
ID: 316, Data: 8D 0 6D 14 15 18 1E 7C
ID: 18F, Data: 8AA 36 0 0 0 0 0 0
ID: 43F, Data: 843 48 60 FF 76 84 14 0
ID: 153, Data: 80 0 0 FF 0 FF 0 0
ID: 153, Data: 80 0 0 FF 0 FF 0 0
ID: 43F, Data: 843 48 60 FF 76 FC 13 0
ID: 5F0, Data: 20 0
ID: 316, Data: 8D 0 F5 12 17 18 1C 7C
ID: 43F, Data: 843 48 60 FF 76 88 13 0
ID: 280, Data: 830 0 20 B1 25 15 6A 3D
ID: 5F0, Data: 20 0
ID: 316, Data: 8D 0 32 12 18 18 1B 7C
ID: 43F, Data: 843 48 60 FF 76 C4 12 0
ID: 2A0, Data: 820 0 6A 1C 33 0 11 0
ID: 5F0, Data: 20 0
ID: 316, Data: 8D 0 87 11 19 19 1A 7C
ID: 316, Data: 8D 0 54 11 19 19 1A 7C
ID: 2A0, Data: 880 0 6A 1C 33 0 11 0
ID: 153, Data: 80 0 0 FF 0 FF 0 0
ID: 316, Data: 8D 0 C7 10 19 19 19 7C
ID: 43F, Data: 843 48 60 FF 76 18 11 0
ID: 370, Data: 8FF DE F0 FF FF FF FF FF
ID: 2A0, Data: 840 0 6A 1C 33 0 11 0
ID: 153, Data: 80 0 0 FF 0 FF 0 0
ID: 316, Data: 85 E 8D F 1B 1A 17 7C
ID: 153, Data: 80 0 0 FF 0 FF 0 0
ID: 316, Data: 85 13 1B F 1C 1A 16 7C
ID: 316, Data: 85 17 47 F 1B 1A 16 7C
ID: 545, Data: 8E4 2C 0 8C 29 0 29 0
ID: 153, Data: 80 0 0 FF 0 FF 0 0
ID: 153, Data: 80 0 0 FF 0 FF 0 0
ID: 316, Data: 85 1D E6 D 1E 1A 14 7C
ID: 2A0, Data: 820 0 6A 1C 33 0 11 0
ID: 5F0, Data: 20 0
ID: 316, Data: 85 1E 2A D 1F 1B 13 7C
ID: 316, Data: 85 1E 5 D 1F 1B 13 7C
ID: 316, Data: 85 1E 0 D 1F 1B 13 7C
ID: 260, Data: 8B 1E 1F 30 2C FF 4F 13
ID: 1F0, Data: 80 40 1 C0 0 0 0 0
ID: 316, Data: 85 1F 6A C 20 1B 11 7C
ID: 43F, Data: 83 48 60 FF 76 EC B 0
ID: 316, Data: 85 1F F2 B 20 1B 11 7C
ID: 545, Data: 8E4 2B 0 8C 5C 0 5C 0
ID: 316, Data: 85 20 8F B 20 1A 10 7C
ID: 153, Data: 80 0 0 FF 0 FF 0 0
ID: 153, Data: 80 0 0 FF 0 FF 0 0
ID: 316, Data: 85 21 FA A 21 1A F 7C
ID: 43F, Data: 83 48 60 FF 76 F0 9 0
ID: 316, Data: 85 21 8A A 22 1A E 7C
ID: 316, Data: 85 22 6A A 22 1A E 7C
ID: 2A0, Data: 880 0 6A 1C 33 0 11 0
ID: A1, Data: 88F 83 90 80 22 0 0 0
ID: 5F0, Data: 20 0
ID: 316, Data: 85 23 8F 9 24 19 C 7C
ID: 153, Data: 80 0 0 FF 0 FF 0 0
ID: 316, Data: 85 24 52 9 25 19 C 7C
ID: 153, Data: 80 0 0 FF 0 FF 0 0
ID: 316, Data: 85 25 EC 8 26 19 B 7C
ID: 153, Data: 80 0 0 FF 0 FF 0 0
ID: 316, Data: 85 26 B8 8 26 18 A 7C
ID: 153, Data: 80 0 0 FF 0 FF 0 0
ID: 43F, Data: 8A 48 60 FF 75 AC 6 0
ID: 43F, Data: 8A 48 60 FF 76 7C 6 0
ID: 153, Data: 80 0 0 FF 0 FF 0 0
ID: 316, Data: 85 27 4F 9 24 19 9 7C
ID: 316, Data: 85 26 86 9 23 19 9 7C
ID: 153, Data: 80 0 0 FF 0 FF 0 0
ID: 329, Data: 884 B1 80 8 12 2A 0 26
ID: 153, Data: 80 0 0 FF 0 FF 0 0
ID: 2A0, Data: 840 0 6A 1C 33 0 11 0
ID: 316, Data: 85 25 45 A 21 19 7 7C
ID: 545, Data: 8E4 29 0 8C C4 0 C4 0
ID: 153, Data: 80 0 0 FF 0 FF 0 0
ID: 153, Data: 80 0 0 FF 0 FF 0 0
ID: A1, Data: 88D 83 91 80 24 0 0 0
ID: 545, Data: 8E4 27 0 8D AA 0 AA 0
ID: 260, Data: 8B 23 21 30 2C FF 71 15
ID: 43F, Data: 82 48 60 FF 75 D4 5 0
ID: 153, Data: 80 0 0 FF 0 FF 0 0
ID: 316, Data: 85 22 B A 21 19 5 7C
ID: 440, Data: 8DC 72 4 A0 FF AA AA AA
ID: 370, Data: 8FF DE F0 FF FF FF FF FF
ID: 153, Data: 80 0 0 FF 0 FF 0 0
ID: 153, Data: 80 0 0 FF 0 FF 0 0
ID: 5F0, Data: 20 0
ID: 153, Data: 80 0 0 FF 0 FF 0 0
ID: 153, Data: 80 0 0 FF 0 FF 0 0
ID: 2A0, Data: 8E0 0 6B 1C 33 0 11 0
ID: 316, Data: 85 22 B1 9 23 19 3 7C
ID: 18F, Data: 8AA 36 0 0 0 0 0 0
ID: 370, Data: 8FF DE F0 FF FF FF FF FF
ID: 18F, Data: 8AA 36 0 0 0 0 0 0
ID: 153, Data: 80 0 0 FF 0 FF 0 0
ID: 43F, Data: 89 48 60 FF 75 24 2 0
ID: 153, Data: 80 0 0 FF 0 FF 0 0
ID: 43F, Data: 89 48 60 FF 75 D8 1 0
ID: 5F0, Data: 20 0
ID: 153, Data: 80 0 0 FF 0 FF 0 0
ID: 153, Data: 80 0 0 FF 0 FF 0 0
ID: A0, Data: 835 7D CF 9 2 23 2 0
ID: 329, Data: 840 B1 80 8 12 2A 0 26
ID: 153, Data: 80 0 0 FF 0 FF 0 0
ID: A0, Data: 834 7D D7 9 2 22 2 0
ID: 545, Data: 8E4 24 0 8C BE 0 BE 0
ID: 316, Data: 85 24 D8 9 23 19 1 7C
ID: 18F, Data: 8AA 36 0 0 0 0 0 0
ID: 43F, Data: 89 48 60 FF 75 B0 0 0
ID: 18F, Data: 8AA 36 0 0 0 0 0 0
ID: 43F, Data: 89 48 60 FF 75 80 0 0
ID: 18F, Data: 8AA 36 0 0 0 0 0 0
ID: 153, Data: 80 0 0 FF 0 FF 0 0
ID: 280, Data: 830 0 84 B1 13 1A 6B 4B
ID: 370, Data: 8FF DE F0 FF FF FF FF FF
ID: 5F0, Data: 20 0
ID: 316, Data: 85 23 E2 9 23 19 0 7C
ID: 43F, Data: 89 48 60 FF 75 0 0 0
ID: 2A0, Data: 820 0 6B 1C 33 0 11 0
ID: 18F, Data: 8AA 36 0 0 0 0 0 0
ID: 370, Data: 8FF DE F0 FF FF FF FF FF
ID: 260, Data: 8B 24 24 30 2C FF 78 B
ID: 153, Data: 80 0 0 FF 0 FF 0 0
ID: 545, Data: 8E4 23 0 8C B7 0 B7 0
ID: 43F, Data: 89 48 60 FF 76 0 0 0
ID: 280, Data: 830 0 84 B1 13 1A 6B 4C
ID: 43F, Data: 89 48 60 FF 75 0 0 0
ID: 153, Data: 80 0 0 FF 0 FF 0 0
ID: 316, Data: 85 23 FA 9 23 19 0 7C
ID: 43F, Data: 89 48 60 FF 76 0 0 0
ID: 316, Data: 85 23 B A 23 19 0 7C
ID: 43F, Data: 89 48 60 FF 75 0 0 0
ID: 43F, Data: 81 48 60 FF 76 0 0 0
ID: 43F, Data: 81 48 60 FF 75 0 0 0
ID: 153, Data: 80 0 0 FF 0 FF 0 0
ID: 316, Data: 85 23 10 A 23 19 0 7C
ID: 153, Data: 80 0 0 FF 0 FF 0 0
ID: 316, Data: 85 23 1B A 23 19 0 7C
ID: 5F0, Data: 20 0
ID: 153, Data: 80 0 0 FF 0 FF 0 0
ID: 316, Data: 85 23 18 A 23 19 0 7C
ID: 5F0, Data: 20 0
ID: 316, Data: 85 23 B A 23 19 0 7C
ID: 43F, Data: 81 48 60 FF 76 0 0 0
ID: 316, Data: 85 23 13 A 23 19 0 7C
ID: 153, Data: 80 0 0 FF 0 FF 0 0
ID: 329, Data: 840 B1 80 8 12 2A 0 26
ID: 153, Data: 80 0 0 FF 0 FF 0 0
ID: 260, Data: 8B 23 23 30 2C FF 73 11
ID: 316, Data: 85 22 B A 23 19 0 7C
ID: 43F, Data: 81 48 60 FF 75 0 0 0
ID: 43F, Data: 81 48 60 FF 75 0 0 0
ID: 153, Data: 80 0 0 FF 0 FF 0 0
ID: 316, Data: 85 22 12 A 23 19 0 7C
ID: 5F0, Data: 20 0
ID: 153, Data: 80 0 0 FF 0 FF 0 0
ID: 153, Data: 80 0 0 FF 0 FF 0 0
ID: 1F0, Data: 81 40 1 C0 0 0 0 0
ID: 280, Data: 830 0 84 B1 14 1A 6B 4B
ID: 316, Data: 85 22 10 A 23 19 0 7C
ID: 440, Data: 8A6 91 0 A0 FF AA AA AA
ID: 153, Data: 80 0 0 FF 0 FF 0 0
ID: 316, Data: 85 22 F0 9 23 19 0 7C
ID: 316, Data: 85 22 F1 9 23 19 0 7C
ID: 316, Data: 85 22 F0 9 23 19 0 7C
ID: 2A0, Data: 820 0 6B 1C 33 0 11 0
ID: 153, Data: 80 0 0 FF 0 FF 0 0
ID: 5F0, Data: 20 0
ID: 440, Data: 8A6 91 0 A0 FF AA AA AA
ID: 153, Data: 80 0 0 FF 0 FF 0 0
ID: 153, Data: 80 0 0 FF 0 FF 0 0
ID: 316, Data: 85 22 EB 9 24 19 0 7C
ID: A0, Data: 835 7D EB 9 0 23 2 0
ID: 153, Data: 80 0 0 FF 0 FF 0 0
ID: 153, Data: 80 0 0 FF 0 FF 0 0
ID: A0, Data: 834 7D EA 9 0 24 2 0
ID: 316, Data: 85 23 1 A 2E 22 0 7C
ID: 316, Data: 85 24 6 A 2E 22 0 7C
ID: 316, Data: 85 25 14 A 2E 22 0 7C
ID: 280, Data: 830 0 84 B1 14 1B 6B 4E
ID: A0, Data: 83C 7D 14 A 0 25 2 0
ID: 316, Data: 85 27 36 A 2D 22 0 7C
ID: 153, Data: 80 0 0 FF 0 FF 0 0
ID: 316, Data: 85 28 71 A 2D 22 0 7C
ID: 153, Data: 80 0 0 FF 0 FF 0 0
ID: 153, Data: 80 0 0 FF 0 FF 0 0
ID: 316, Data: 845 28 C8 A 2C 22 0 7C
ID: 43F, Data: 81 48 60 FF 75 0 0 0
ID: 43F, Data: 81 48 60 FF 75 0 0 0
ID: 43F, Data: 81 48 60 FF 75 0 0 0
ID: 43F, Data: 81 48 60 FF 75 0 0 0
ID: 316, Data: 845 2A E2 9 2E 22 0 7C
ID: 1F0, Data: 81 40 1 C0 0 0 0 0
ID: 153, Data: 80 0 0 FF 0 FF 0 0
ID: 545, Data: 8E4 27 0 8C B1 0 B1 0
ID: 316, Data: 845 2B EA 9 2E 21 0 7C
ID: 280, Data: 830 0 84 B1 13 1F 6B 57
ID: 43F, Data: 81 48 60 FF 75 0 0 0
ID: 43F, Data: 81 48 60 FF 75 0 0 0
ID: 43F, Data: 81 48 60 FF 75 0 0 0
ID: 316, Data: 845 2C 4B A 2C 21 0 7C
ID: 329, Data: 884 B1 80 8 12 2C 0 26
ID: 43F, Data: 81 48 60 FF 76 0 0 0
ID: 316, Data: 845 2C 77 A 2C 22 0 7C
ID: 153, Data: 80 0 0 FF 0 FF 0 0
ID: 280, Data: 830 0 84 B1 15 1E 6B 57
ID: 43F, Data: 81 48 60 FF 75 0 0 0
ID: A0, Data: 83D 7D 8A A 0 25 2 0
ID: 153, Data: 80 0 0 FF 0 FF 0 0
ID: 43F, Data: 81 48 60 FF 75 0 0 0
ID: 545, Data: 8E4 2A 0 8C 94 0 94 0
ID: 260, Data: 8B 2A 2C 30 2C FF 6B B
ID: A1, Data: 885 83 80 82 28 0 0 0
ID: 43F, Data: 81 48 60 FF 75 0 0 0
ID: 153, Data: 80 0 0 FF 0 FF 0 0
ID: 43F, Data: 81 48 60 FF 75 0 0 0
ID: 153, Data: 80 0 0 FF 0 FF 0 0
ID: 316, Data: 845 2A 25 A 2C 22 0 7B
ID: 153, Data: 80 0 0 FF 0 FF 0 0
ID: 153, Data: 80 0 0 FF 0 FF 0 0
ID: 316, Data: 845 2A 32 A 2C 22 0 7B
ID: 43F, Data: 81 48 60 FF 75 0 0 0
ID: 316, Data: 845 2A 3E A 2C 22 0 7B
ID: 440, Data: 8AE 91 0 A0 FF AA AA AA
ID: 329, Data: 8B B1 80 8 12 2C 0 26
ID: 316, Data: 845 2A 3D A 2C 22 0 7B
ID: 153, Data: 80 0 0 FF 0 FF 0 0
ID: 329, Data: 884 B1 80 8 12 2C 0 26
ID: 5F0, Data: 20 0
ID: 2A0, Data: 880 0 6B 1C 33 0 11 0
ID: 280, Data: 830 0 84 B1 14 1E 6B 56
ID: A0, Data: 83E 7D 3D A 0 25 2 0
ID: 316, Data: 845 2A 35 A 2C 22 0 7B
ID: 440, Data: 8AE 41 0 A0 FF AA AA AA
ID: 316, Data: 845 2A 2C A 2C 22 0 7B
ID: 153, Data: 80 0 0 FF 0 FF 0 0
ID: 153, Data: 80 0 0 FF 0 FF 0 0
ID: 5F0, Data: 20 0
ID: 440, Data: 8AD 41 0 A0 FF AA AA AA
ID: 153, Data: 80 0 0 FF 0 FF 0 0
ID: 153, Data: 80 0 0 FF 0 FF 0 0
ID: 316, Data: 845 2A 2E A 2C 21 0 7B
ID: 43F, Data: 81 48 60 FF 75 0 0 0
ID: 316, Data: 845 2A 40 A 2C 22 0 7B
ID: 316, Data: 845 2A 3D A 2C 22 0 7B
ID: 329, Data: 884 B1 80 8 12 2C 0 26
ID: 43F, Data: 81 48 60 FF 75 0 0 0
ID: 153, Data: 80 0 0 FF 0 FF 0 0
ID: 316, Data: 845 2A 4B A 2C 22 0 7B
ID: 153, Data: 80 0 0 FF 0 FF 0 0
ID: 153, Data: 80 0 0 FF 0 FF 0 0
ID: 316, Data: 845 2A 41 A 2C 22 0 7B
ID: 153, Data: 80 0 0 FF 0 FF 0 0
ID: 316, Data: 845 2A 47 A 2C 22 0 7B
ID: 43F, Data: 81 48 60 FF 75 0 0 0
ID: 316, Data: 845 2A 4F A 2C 22 0 7B
ID: 316, Data: 845 2A 4F A 2C 22 0 7B
ID: A0, Data: 83D 7D 4F A 0 25 2 0
ID: 316, Data: 845 2A 3E A 2C 22 0 7B
ID: 153, Data: 80 0 0 FF 0 FF 0 0
ID: 5F0, Data: 20 0
ID: 316, Data: 845 2A 39 A 2C 22 0 7B
ID: 316, Data: 845 2A 39 A 2C 22 0 7B
ID: 316, Data: 845 2A 42 A 2C 22 0 7B
ID: A0, Data: 83E 7D 45 A 0 25 2 0
ID: 43F, Data: 81 48 60 FF 75 0 0 0
ID: 153, Data: 80 0 0 FF 0 FF 0 0
ID: 43F, Data: 81 48 60 FF 75 0 0 0
ID: 153, Data: 80 0 0 FF 0 FF 0 0
ID: 153, Data: 80 0 0 FF 0 FF 0 0
ID: 260, Data: 8B 2A 2C 30 2C FF 70 32
ID: 316, Data: 845 2A 3E A 2C 22 0 7B
ID: 316, Data: 845 2A 34 A 2C 22 0 7B
ID: 5F0, Data: 20 0
ID: 280, Data: 830 0 84 B1 14 1E 6B 56
ID: 316, Data: 845 2A 28 A 2C 22 0 7B
ID: 153, Data: 80 0 0 FF 0 FF 0 0
ID: 316, Data: 845 2A 39 A 2C 22 0 7B
ID: 43F, Data: 81 48 60 FF 76 0 0 0
ID: 316, Data: 845 2A 32 A 2C 22 0 7B
ID: 316, Data: 845 2A 2D A 2C 22 0 7B
ID: 18F, Data: 8AA 46 0 0 0 0 0 0
ID: 5F0, Data: 20 0
ID: 153, Data: 80 0 0 FF 0 FF 0 0
ID: 153, Data: 80 0 0 FF 0 FF 0 0
ID: 280, Data: 830 0 84 B1 14 1E 6B 56
ID: 316, Data: 845 2A 38 A 2C 22 0 7B
ID: 153, Data: 80 0 0 FF 0 FF 0 0
ID: 316, Data: 845 2A 2C A 2C 22 0 7B
ID: 153, Data: 80 0 0 FF 0 FF 0 0
ID: 153, Data: 80 0 0 FF 0 FF 0 0
ID: 43F, Data: 81 48 60 FF 75 0 0 0
ID: 43F, Data: 81 48 60 FF 76 0 0 0
ID: 43F, Data: 81 48 60 FF 76 0 0 0
ID: 153, Data: 80 0 0 FF 0 FF 0 0
ID: 316, Data: 845 2A 36 A 2C 22 0 7B
ID: 153, Data: 80 0 0 FF 0 FF 0 0
ID: 153, Data: 80 0 0 FF 0 FF 0 0
ID: 316, Data: 845 2A 15 A 2C 21 0 7B
ID: 43F, Data: 81 48 60 FF 76 0 0 0
ID: 316, Data: 845 2A 25 A 2C 21 0 7B
ID: 1F1, Data: 80 DA 0 0 0 0 0 0
ID: 1F0, Data: 81 40 1 C0 0 0 0 0
ID: 43F, Data: 81 48 60 FF 76 0 0 0
ID: 153, Data: 80 0 0 FF 0 FF 0 0
ID: 316, Data: 845 2A 3D A 2C 22 0 7B
ID: 153, Data: 80 0 0 FF 0 FF 0 0
ID: 316, Data: 845 2A 3A A 2C 22 0 7B
ID: 153, Data: 80 0 0 FF 0 FF 0 0
ID: 153, Data: 80 0 0 FF 0 FF 0 0
ID: 316, Data: 845 2A 2E A 2C 22 0 7B
ID: 43F, Data: 81 48 60 FF 76 0 0 0
ID: 440, Data: 8AD 31 0 A0 FF AA AA AA
ID: 43F, Data: 81 48 60 FF 76 0 0 0
ID: 260, Data: 8B 2A 2D 30 2C FF 71 21
ID: 18F, Data: 8AA 49 0 0 0 0 0 0
ID: 153, Data: 80 0 0 FF 0 FF 0 0
ID: 316, Data: 845 2A 19 A 2C 21 0 7B
ID: 43F, Data: 81 48 60 FF 76 0 0 0
ID: 153, Data: 80 0 0 FF 0 FF 0 0
ID: 316, Data: 845 2A 1B A 2C 21 0 7B
ID: 43F, Data: 81 48 60 FF 76 0 0 0
ID: 43F, Data: 81 48 60 FF 76 0 0 0
ID: 43F, Data: 81 48 60 FF 76 0 0 0
ID: 43F, Data: 81 48 60 FF 76 0 0 0
ID: 316, Data: 845 2A 1B A 2C 21 0 7B
ID: 316, Data: 845 2A 23 A 2C 21 0 7B
ID: 1F0, Data: 81 40 1 C0 0 0 0 0
ID: 153, Data: 80 0 0 FF 0 FF 0 0
ID: 43F, Data: 81 48 60 FF 76 0 0 0
ID: A1, Data: 881 83 7E 82 29 0 0 0
ID: 43F, Data: 81 48 60 FF 76 0 0 0
ID: 153, Data: 80 0 0 FF 0 FF 0 0
ID: 153, Data: 80 0 0 FF 0 FF 0 0
ID: 260, Data: 8B 2B 2C 30 2C FF 72 3F
ID: 316, Data: 845 2A 29 A 2C 21 0 7B
ID: 153, Data: 80 0 0 FF 0 FF 0 0
ID: 5F0, Data: 20 0
ID: 153, Data: 80 0 0 FF 0 FF 0 0
ID: 153, Data: 80 0 0 FF 0 FF 0 0
ID: 370, Data: 8FF DE F0 FF FF FF FF FF
ID: 545, Data: 8E4 28 0 8B 9B 0 9B 0
ID: 153, Data: 80 0 0 FF 0 FF 0 0
ID: 316, Data: 845 2A 23 A 2C 21 0 7B
ID: 1F1, Data: 80 DA 0 0 0 0 0 0
ID: 316, Data: 845 2A 19 A 2C 21 0 7B
ID: 43F, Data: 81 48 60 FF 76 0 0 0
ID: 43F, Data: 81 48 60 FF 76 0 0 0
ID: 280, Data: 830 0 84 B2 14 1E 6B 56
ID: 545, Data: 8E4 28 0 8D 9C 0 9C 0
ID: 5F0, Data: 20 0
ID: 316, Data: 845 2A 3A A 2C 21 0 7B
ID: 153, Data: 80 0 0 FF 0 FF 0 0
ID: 316, Data: 845 2A 41 A 2C 21 0 7B
ID: 153, Data: 80 0 0 FF 0 FF 0 0
ID: 2A0, Data: 840 0 6B 1C 33 0 11 0
ID: 316, Data: 845 2A 32 A 2C 21 0 7B
ID: 2A0, Data: 880 0 6B 1C 33 0 11 0
ID: 153, Data: 80 0 0 FF 0 FF 0 0
ID: 153, Data: 80 0 0 FF 0 FF 0 0
ID: 316, Data: 845 2A 1D A 2C 21 0 7B
ID: A0, Data: 83E 7E 1D A 0 24 1 0
ID: 316, Data: 845 29 1B A 2C 21 0 7B
ID: 153, Data: 80 0 0 FF 0 FF 0 0
ID: 153, Data: 80 0 0 FF 0 FF 0 0
ID: 43F, Data: 81 48 60 FF 77 0 0 0
ID: 43F, Data: 81 48 60 FF 77 0 0 0
ID: 43F, Data: 81 48 60 FF 77 0 0 0
ID: 153, Data: 80 0 0 FF 0 FF 0 0
ID: 316, Data: 845 27 F0 9 2D 21 0 7B
ID: 153, Data: 80 0 0 FF 0 FF 0 0
ID: 153, Data: 80 0 0 FF 0 FF 0 0
ID: 1F1, Data: 80 DA 0 0 0 0 0 0
ID: A1, Data: 880 83 80 82 29 0 0 0
ID: 316, Data: 845 29 D2 9 2D 21 0 7B
ID: 316, Data: 845 29 D1 9 2D 21 0 7B
ID: 43F, Data: 81 48 60 FF 76 0 0 0
ID: 43F, Data: 81 48 60 FF 77 0 0 0
ID: 153, Data: 80 0 0 FF 0 FF 0 0
ID: 316, Data: 845 2A 0 A 2D 21 0 7B
ID: 153, Data: 80 0 0 FF 0 FF 0 0
ID: 316, Data: 845 2A 14 A 2C 21 0 7B
ID: 153, Data: 80 0 0 FF 0 FF 0 0
ID: 153, Data: 80 0 0 FF 0 FF 0 0
ID: 316, Data: 845 2A 30 A 2C 21 0 7B
ID: 43F, Data: 81 48 60 FF 76 0 0 0
ID: 5F0, Data: 20 0
ID: 440, Data: 8AD 41 0 A0 FF AA AA AA
ID: 316, Data: 845 2A 3D A 2C 21 0 7B
ID: A0, Data: 841 7E 47 A 0 25 1 0
ID: 43F, Data: 81 48 60 FF 77 0 0 0
ID: 153, Data: 80 0 0 FF 0 FF 0 0
ID: 153, Data: 80 0 0 FF 0 FF 0 0
ID: 153, Data: 80 0 0 FF 0 FF 0 0
ID: 370, Data: 8FF DE F0 FF FF FF FF FF
ID: 316, Data: 845 29 32 A 2C 21 0 7B
ID: 153, Data: 80 0 0 FF 0 FF 0 0
ID: 153, Data: 80 0 0 FF 0 FF 0 0
ID: 316, Data: 845 29 49 A 2C 21 0 7B
ID: 43F, Data: 81 48 60 FF 77 0 0 0
ID: 370, Data: 8FF DE F0 FF FF FF FF FF
ID: 43F, Data: 81 48 60 FF 77 0 0 0
ID: 153, Data: 80 0 0 FF 0 FF 0 0
ID: 153, Data: 80 0 0 FF 0 FF 0 0
ID: A0, Data: 843 7E C A 0 25 1 0
ID: 316, Data: 845 29 26 A 2C 21 0 7B
ID: 1F1, Data: 80 DA 0 0 0 0 0 0
ID: 2A0, Data: 840 0 6B 1C 33 0 11 0
ID: 5F0, Data: 20 0
ID: 153, Data: 80 0 0 FF 0 FF 0 0
ID: 316, Data: 845 29 3D A 2C 21 0 7B
ID: 316, Data: 845 29 30 A 2C 21 0 7B
ID: 329, Data: 840 B2 80 8 12 2D 0 26
ID: 43F, Data: 81 48 60 FF 77 0 0 0
ID: 43F, Data: 81 48 60 FF 77 0 0 0
ID: 43F, Data: 81 48 60 FF 77 0 0 0
ID: 316, Data: 845 29 34 A 2C 21 0 7B
ID: 316, Data: 845 29 2D A 2C 21 0 7B
ID: 18F, Data: 8AA 4C 0 0 0 0 0 0
ID: 440, Data: 8AD 41 0 A0 FF AA AA AA
ID: 43F, Data: 81 48 60 FF 76 0 0 0
ID: 316, Data: 845 29 23 A 2C 21 0 7B
ID: 370, Data: 8FF DE F0 FF FF FF FF FF
ID: 260, Data: 8B 2A 2C 30 2C FF 71 22
ID: 316, Data: 845 29 2A A 2C 21 0 7B
ID: 18F, Data: 8AA 4C 0 0 0 0 0 0
ID: 43F, Data: 81 48 60 FF 77 0 0 0
ID: 153, Data: 80 0 0 FF 0 FF 0 0
ID: 153, Data: 80 0 0 FF 0 FF 0 0
ID: 260, Data: 8B 2A 2C 30 2C FF 71 13
ID: 316, Data: 845 29 30 A 2C 21 0 7B
ID: 153, Data: 80 0 0 FF 0 FF 0 0
ID: 316, Data: 845 29 31 A 2C 21 0 7B
ID: 153, Data: 80 0 0 FF 0 FF 0 0
ID: 316, Data: 845 29 38 A 2C 21 0 7B
ID: 153, Data: 80 0 0 FF 0 FF 0 0
ID: 316, Data: 845 29 30 A 2C 21 0 7B
ID: 316, Data: 845 29 3E A 2C 21 0 7B
ID: 545, Data: 8E4 26 0 8C 94 0 94 0
ID: 316, Data: 845 29 21 A 2C 21 0 7B
ID: 153, Data: 80 0 0 FF 0 FF 0 0
ID: 316, Data: 845 29 2A A 2C 21 0 7B
ID: 316, Data: 845 29 30 A 2C 21 0 7B
ID: 280, Data: 830 0 84 B2 14 1F 6C 5A
ID: 43F, Data: 81 48 60 FF 77 0 0 0
ID: 43F, Data: 81 48 60 FF 77 0 0 0
ID: 43F, Data: 81 48 60 FF 77 0 0 0
ID: 316, Data: 845 29 39 A 2C 21 0 7B
ID: 329, Data: 884 B2 80 8 12 2D 0 26
ID: 153, Data: 80 0 0 FF 0 FF 0 0
ID: 316, Data: 845 29 20 A 2C 21 0 7B
ID: 43F, Data: 81 48 60 FF 77 0 0 0
ID: 316, Data: 845 29 32 A 2C 21 0 7B
ID: 370, Data: 8FF DE F0 FF FF FF FF FF
ID: 260, Data: 8B 2A 2C 30 2C FF 71 22
ID: 316, Data: 845 29 34 A 2C 21 0 7B
ID: 18F, Data: 8AA 4C 0 0 0 0 0 0
ID: 43F, Data: 81 48 60 FF 77 0 0 0
ID: 43F, Data: 81 48 60 FF 77 0 0 0
ID: 43F, Data: 81 48 60 FF 77 0 0 0
ID: 153, Data: 80 0 0 FF 0 FF 0 0
ID: 153, Data: 80 0 0 FF 0 FF 0 0
ID: 153, Data: 80 0 0 FF 0 FF 0 0
ID: 370, Data: 8FF DE F0 FF FF FF FF FF
ID: 316, Data: 845 2D 4C A 2C 21 0 7B
ID: 153, Data: 80 0 0 FF 0 FF 0 0
ID: 316, Data: 845 2D 5A A 2C 21 0 7B
ID: 1F0, Data: 81 40 1 C0 0 0 0 0
ID: 153, Data: 80 0 0 FF 0 FF 0 0
ID: 43F, Data: 81 48 60 FF 77 0 0 0
ID: 153, Data: 80 0 0 FF 0 FF 0 0
ID: 43F, Data: 81 48 60 FF 77 0 0 0
ID: 153, Data: 80 0 0 FF 0 FF 0 0
ID: 316, Data: 845 2B A9 A 2A 22 0 7B
ID: 2A0, Data: 8E0 0 6C 1C 33 0 11 0
ID: 153, Data: 80 0 0 FF 0 FF 0 0
ID: 316, Data: 845 2A 9A A 2A 22 0 7B
ID: 153, Data: 80 0 0 FF 0 FF 0 0
ID: 316, Data: 845 2A 7F A 2A 22 0 7B
ID: 43F, Data: 81 48 60 FF 77 0 0 0
ID: 153, Data: 80 0 0 FF 0 FF 0 0
ID: 316, Data: 845 2A 53 A 2B 22 0 7B
ID: 153, Data: 80 0 0 FF 0 FF 0 0
ID: 260, Data: 8B 2A 2C 30 2C FF 6D 18
ID: 316, Data: 845 2A 44 A 2C 22 0 7B
ID: 43F, Data: 81 48 60 FF 77 0 0 0
ID: 316, Data: 845 2A 3C A 2C 22 0 7B
ID: 153, Data: 80 0 0 FF 0 FF 0 0
ID: 545, Data: 8E4 2C 0 8C 8C 0 8C 0
ID: 370, Data: 8FF DE F0 FF FF FF FF FF
ID: 280, Data: 830 0 84 B3 14 1D 6C 55
ID: 316, Data: 845 2A 20 A 2C 22 0 7B
ID: 260, Data: 8B 2A 2C 30 2C FF 72 3
ID: 43F, Data: 81 48 60 FF 77 0 0 0
ID: 370, Data: 8FF DE F0 FF FF FF FF FF
ID: 43F, Data: 81 48 60 FF 77 0 0 0
ID: 316, Data: 845 2A 1B A 2C 22 0 7B
ID: 153, Data: 80 0 0 FF 0 FF 0 0
ID: 316, Data: 845 2A 29 A 2C 22 0 7B
ID: 316, Data: 845 2A 20 A 2C 21 0 7B
ID: 1F0, Data: 81 40 1 C0 0 0 0 0
ID: 153, Data: 80 0 0 FF 0 FF 0 0
ID: 280, Data: 830 0 84 B3 14 1D 6C 55
ID: 43F, Data: 81 48 60 FF 77 0 0 0
ID: A1, Data: 880 83 80 82 28 0 0 0
ID: 153, Data: 80 0 0 FF 0 FF 0 0
ID: 316, Data: 845 2A 2C A 2C 22 0 7B
ID: A0, Data: 83D 7E 2D A 0 24 1 0
ID: 5F0, Data: 20 0
ID: 43F, Data: 81 48 60 FF 77 0 0 0
ID: 43F, Data: 81 48 60 FF 77 0 0 0
ID: 153, Data: 80 0 0 FF 0 FF 0 0
ID: 316, Data: 845 2A 4B A 2B 22 0 7B
ID: 43F, Data: 81 48 60 FF 77 0 0 0
ID: 370, Data: 8FF DE F0 FF FF FF FF FF
ID: 43F, Data: 81 48 60 FF 77 0 0 0
ID: 153, Data: 80 0 0 FF 0 FF 0 0
ID: A1, Data: 880 83 80 82 28 0 0 0
ID: 2A0, Data: 8E0 0 6C 1C 33 0 11 0
ID: 2A0, Data: 880 0 6C 1C 33 0 11 0
ID: 1F0, Data: 81 40 1 C0 0 0 0 0
ID: 153, Data: 80 0 0 FF 0 FF 0 0
ID: 43F, Data: 81 48 60 FF 77 0 0 0
ID: 18F, Data: 8AA 4B 0 0 0 0 0 0
ID: A0, Data: 83C 7F 51 A 0 24 1 0
ID: 329, Data: 884 B3 80 8 12 2C 0 26
ID: 1F0, Data: 81 40 1 C0 0 0 0 0
ID: 153, Data: 80 0 0 FF 0 FF 0 0
ID: 280, Data: 830 0 84 B3 14 1D 6C 55
ID: 316, Data: 845 2A 3D A 2C 22 0 7B
ID: 43F, Data: 81 48 60 FF 77 0 0 0
ID: 153, Data: 80 0 0 FF 0 FF 0 0
ID: 316, Data: 845 2A 3C A 2C 22 0 7B
ID: 43F, Data: 81 48 60 FF 77 0 0 0
ID: 440, Data: 8AE E1 0 A0 FF AA AA AA
ID: 43F, Data: 81 48 60 FF 77 0 0 0
ID: 260, Data: 8B 2A 2C 30 2C FF 70 23
ID: 1F0, Data: 81 40 1 C0 0 0 0 0
ID: 316, Data: 845 29 19 A 2C 21 0 7B
ID: 316, Data: 845 29 24 A 2C 21 0 7B
ID: 316, Data: 845 29 29 A 2C 22 0 7B
ID: 153, Data: 80 0 0 FF 0 FF 0 0
ID: 43F, Data: 81 48 60 FF 77 0 0 0
ID: 153, Data: 80 0 0 FF 0 FF 0 0
ID: 316, Data: 845 2A 24 A 2C 21 0 7B
ID: 370, Data: 8FF DE F0 FF FF FF FF FF
ID: 153, Data: 80 0 0 FF 0 FF 0 0
ID: 18F, Data: 8AA 4B 0 0 0 0 0 0
ID: 316, Data: 845 2A 21 A 2C 21 0 7B
ID: 316, Data: 845 2A 23 A 2C 21 0 7B
ID: 545, Data: 8E4 2B 0 8C 90 0 90 0
ID: 153, Data: 80 0 0 FF 0 FF 0 0
ID: 316, Data: 845 2A 1B A 2C 21 0 7B
ID: 153, Data: 80 0 0 FF 0 FF 0 0
ID: 316, Data: 845 2A 35 A 2C 21 0 7B
ID: 153, Data: 80 0 0 FF 0 FF 0 0
ID: 316, Data: 845 2A 40 A 2B 22 0 7B
ID: 43F, Data: 81 48 60 FF 77 0 0 0
ID: 1F1, Data: 80 DA 0 0 0 0 0 0
ID: 329, Data: 884 B3 80 8 12 2C 0 26
ID: 153, Data: 80 0 0 FF 0 FF 0 0
ID: 316, Data: 845 29 39 A 2B 22 0 7B
ID: 316, Data: 845 2A 39 A 2C 22 0 7B
ID: 2A0, Data: 880 0 6C 1C 33 0 11 0
ID: 440, Data: 8AE E1 0 A0 FF AA AA AA
ID: 153, Data: 80 0 0 FF 0 FF 0 0
ID: 545, Data: 8E4 2B 0 8C 8D 0 8D 0
ID: 316, Data: 845 29 34 A 2C 21 0 7B
ID: 329, Data: 884 B3 80 8 12 2C 0 26
ID: 1F1, Data: 80 DA 0 0 0 0 0 0
ID: 1F0, Data: 81 40 1 C0 0 0 0 0
ID: 316, Data: 845 29 2D A 2C 21 0 7B
ID: 18F, Data: 8AA 4B 0 0 0 0 0 0
ID: 370, Data: 8FF DE F0 FF FF FF FF FF
ID: 153, Data: 80 0 0 FF 0 FF 0 0
ID: 316, Data: 845 29 24 A 2C 21 0 7B
ID: 43F, Data: 81 48 60 FF 77 0 0 0
ID: 329, Data: 884 B3 80 8 12 2C 0 26
ID: 1F0, Data: 81 40 1 C0 0 0 0 0
ID: 153, Data: 80 0 0 FF 0 FF 0 0
ID: 18F, Data: 8AA 4C 0 0 0 0 0 0
ID: 316, Data: 845 2A 24 A 2C 21 0 7B
ID: 316, Data: 845 2A 2A A 2C 21 0 7B
ID: 2A0, Data: 840 0 6C 1C 33 0 11 0
ID: 153, Data: 80 0 0 FF 0 FF 0 0
ID: 153, Data: 80 0 0 FF 0 FF 0 0
ID: 1F1, Data: 80 DA 0 0 0 0 0 0
ID: A0, Data: 83D 7F 1F A 0 24 1 0
ID: 43F, Data: 81 48 60 FF 77 0 0 0
ID: 316, Data: 845 2A 29 A 2C 21 0 7B
ID: 316, Data: 845 2A 2A A 2C 21 0 7B
ID: 18F, Data: 8AA 4C 0 0 0 0 0 0
ID: 370, Data: 8FF DE F0 FF FF FF FF FF
ID: 153, Data: 80 0 0 FF 0 FF 0 0
ID: 316, Data: 845 2A 19 A 2C 21 0 7B
ID: 43F, Data: 81 48 60 FF 77 0 0 0
ID: 316, Data: 845 2A 26 A 2C 21 0 7B
ID: 280, Data: 830 0 84 B3 14 1D 6C 55
ID: 316, Data: 845 2A 18 A 2C 21 0 7B
ID: 316, Data: 845 2A 19 A 2C 21 0 7B
ID: 260, Data: 8B 2A 2C 30 2C FF 72 12
ID: 43F, Data: 81 48 60 FF 77 0 0 0
ID: 43F, Data: 81 48 60 FF 77 0 0 0
ID: 329, Data: 884 B3 80 8 12 2C 0 26
ID: 545, Data: 8E4 2B 0 8B 92 0 92 0
ID: 5F0, Data: 20 0
ID: 316, Data: 845 2A 25 A 2C 21 0 7B
ID: 153, Data: 80 0 0 FF 0 FF 0 0
ID: 316, Data: 845 2A 28 A 2C 21 0 7B
ID: 153, Data: 80 0 0 FF 0 FF 0 0
ID: 316, Data: 845 2A 2E A 2C 21 0 7B
ID: 1F1, Data: 80 DA 0 0 0 0 0 0
ID: 153, Data: 80 0 0 FF 0 FF 0 0
ID: 370, Data: 8FF DE F0 FF FF FF FF FF
ID: 43F, Data: 81 48 60 FF 77 0 0 0
ID: 545, Data: 8E4 2A 0 8C 2D 1 2D 1
ID: 545, Data: 8E4 29 0 8B 2B 1 2B 1
ID: 440, Data: 8A5 41 0 A0 FF AA AA AA
ID: 5F0, Data: 20 0
ID: 329, Data: 840 B3 80 8 12 2A 0 26
ID: 316, Data: 845 27 25 A 23 19 0 7B
ID: 43F, Data: 81 48 60 FF 77 0 0 0
ID: 5A0, Data: 80 0 0 90 0 0 0 0
ID: 43F, Data: 81 48 60 FF 77 0 0 0
ID: 1F0, Data: 81 40 1 C0 0 0 0 0
ID: 153, Data: 80 0 0 FF 0 FF 0 0
ID: 260, Data: 8B 25 23 30 2C FF 77 2A
ID: 316, Data: 85 25 90 A 22 19 0 7B
ID: 153, Data: 80 0 0 FF 0 FF 0 0
ID: 316, Data: 85 23 C3 A 20 19 0 7B
ID: 153, Data: 80 0 0 FF 0 FF 0 0
ID: 5F0, Data: 20 0
ID: 43F, Data: 81 48 60 FF 77 0 0 0
ID: 2A0, Data: 8E0 0 6C 1C 33 0 11 0
ID: 5F0, Data: 20 0
ID: 153, Data: 80 0 0 FF 0 FF 0 0
ID: 153, Data: 80 0 0 FF 0 FF 0 0
ID: A1, Data: 880 80 80 80 24 0 0 0
ID: 370, Data: 8FF DE F0 FF FF FF FF FF
ID: 260, Data: 8B 22 23 30 2C FF 6F 35
ID: 316, Data: 85 21 36 A 22 19 0 7B
ID: A0, Data: 833 7F 3C A 0 23 2 0
ID: 43F, Data: 81 48 60 FF 77 0 0 0
ID: 153, Data: 80 0 0 FF 0 FF 0 0
ID: 153, Data: 80 0 0 FF 0 FF 0 0
ID: 260, Data: 8B 22 23 30 2C FF 73 21
ID: 316, Data: 85 21 FA 9 23 19 0 7B
ID: 5F0, Data: 20 0
ID: 316, Data: 85 22 EF 9 23 19 0 7B
ID: 316, Data: 85 22 EF 9 23 19 0 7B
ID: 316, Data: 85 22 E5 9 23 19 0 7B
ID: 316, Data: 85 22 D8 9 23 19 0 7B
ID: 2A0, Data: 880 0 6C 1C 33 0 11 0
ID: 43F, Data: 81 48 60 FF 77 0 0 0
ID: 43F, Data: 81 48 60 FF 77 0 0 0
ID: 153, Data: 80 0 0 FF 0 FF 0 0
ID: 43F, Data: 81 48 60 FF 77 0 0 0
ID: 153, Data: 80 0 0 FF 0 FF 0 0
ID: 153, Data: 80 0 0 FF 0 FF 0 0
ID: 18F, Data: 8AA 49 0 0 0 0 0 0
ID: 280, Data: 830 0 84 B3 14 19 6C 4C
ID: 316, Data: 85 22 FC 9 23 19 0 7B
ID: 43F, Data: 81 48 60 FF 77 0 0 0
ID: 43F, Data: 81 48 60 FF 77 0 0 0
ID: 43F, Data: 81 48 60 FF 77 0 0 0
ID: 43F, Data: 81 48 60 FF 77 0 0 0
ID: 43F, Data: 81 48 60 FF 77 0 0 0
ID: 316, Data: 85 22 F7 9 24 19 0 7B
ID: 316, Data: 85 22 2 A 24 19 0 7B
ID: 316, Data: 85 22 2 A 24 19 0 7B
ID: 280, Data: 830 0 84 B3 14 19 6C 4C
ID: 545, Data: 8E4 21 0 8C 9E 0 9E 0
ID: 43F, Data: 81 48 60 FF 77 0 0 0
ID: 370, Data: 8FF DE F0 FF FF FF FF FF
ID: 43F, Data: 81 48 60 FF 77 0 0 0
ID: 153, Data: 80 0 0 FF 0 FF 0 0
ID: 316, Data: 85 22 14 A 23 19 0 7B
ID: 370, Data: 8FF DE F0 FF FF FF FF FF
ID: 153, Data: 80 0 0 FF 0 FF 0 0
ID: 280, Data: 830 0 84 B3 14 19 6C 4B
ID: 153, Data: 80 0 0 FF 0 FF 0 0
ID: 43F, Data: 81 48 60 FF 77 0 0 0
ID: 545, Data: 8E4 20 0 8C 9B 0 9B 0
ID: 545, Data: 8E4 21 0 8B 99 0 99 0
ID: A1, Data: 888 80 7D 80 24 0 0 0
ID: 153, Data: 80 0 0 FF 0 FF 0 0
ID: 316, Data: 85 22 1F A 23 19 0 7B
ID: 43F, Data: 81 48 60 FF 77 0 0 0
ID: 370, Data: 8FF DE F0 FF FF FF FF FF
ID: 43F, Data: 81 48 60 FF 77 0 0 0
ID: A0, Data: 835 7F 15 A 0 23 2 0
ID: 153, Data: 80 0 0 FF 0 FF 0 0
ID: 2A0, Data: 880 0 6C 1C 33 0 11 0
ID: 316, Data: 85 21 20 A 23 19 0 7B
ID: 18F, Data: 8AA 47 0 0 0 0 0 0
ID: 43F, Data: 81 48 60 FF 77 0 0 0
ID: 18F, Data: 8AA 47 0 0 0 0 0 0
ID: A1, Data: 886 80 7D 80 24 0 0 0
ID: 329, Data: 840 B3 80 8 12 2A 0 26
ID: 545, Data: 8E4 20 0 8C 97 0 97 0
ID: 43F, Data: 81 48 60 FF 77 0 0 0
ID: 316, Data: 85 21 3 A 24 19 0 7B
ID: 153, Data: 80 0 0 FF 0 FF 0 0
ID: 316, Data: 85 21 5 A 24 19 0 7B
ID: 153, Data: 80 0 0 FF 0 FF 0 0
ID: 316, Data: 85 22 25 A 23 19 0 7B
ID: 43F, Data: 81 48 60 FF 77 0 0 0
ID: 43F, Data: 81 48 60 FF 77 0 0 0
ID: 43F, Data: 81 48 60 FF 77 0 0 0
ID: 153, Data: 80 0 0 FF 0 FF 0 0
ID: 43F, Data: 81 48 60 FF 77 0 0 0
ID: 153, Data: 80 0 0 FF 0 FF 0 0
ID: 316, Data: 85 22 A A 23 19 0 7B
ID: 153, Data: 80 0 0 FF 0 FF 0 0
ID: 153, Data: 80 0 0 FF 0 FF 0 0
ID: A1, Data: 884 80 80 80 24 0 0 0
ID: 329, Data: 840 B3 80 8 12 2A 0 26
ID: 545, Data: 8E4 20 0 8C 9A 0 9A 0
ID: 43F, Data: 81 48 60 FF 77 0 0 0
ID: 43F, Data: 81 48 60 FF 77 0 0 0
ID: 43F, Data: 81 48 60 FF 77 0 0 0
ID: 153, Data: 80 0 0 FF 0 FF 0 0
ID: 316, Data: 85 22 6 A 24 19 0 7B
ID: 153, Data: 80 0 0 FF 0 FF 0 0
ID: 316, Data: 85 22 1 A 24 19 0 7B
ID: 153, Data: 80 0 0 FF 0 FF 0 0
ID: 153, Data: 80 0 0 FF 0 FF 0 0
ID: 153, Data: 80 0 0 FF 0 FF 0 0
ID: 280, Data: 830 0 84 B3 14 19 6C 4C
ID: 316, Data: 85 22 1 A 24 19 0 7B
ID: 153, Data: 80 0 0 FF 0 FF 0 0
ID: 43F, Data: 81 48 60 FF 77 0 0 0
ID: 18F, Data: 8AA 45 0 0 0 0 0 0
ID: A1, Data: 882 80 80 80 24 0 0 0
ID: 329, Data: 884 B4 80 8 12 2B 0 26
ID: 370, Data: 8FF DE F0 FF FF FF FF FF
ID: 5F0, Data: 20 0
ID: 316, Data: 85 22 1 A 24 19 0 7B
ID: 316, Data: 85 22 FD 9 24 19 0 7B
ID: 316, Data: 85 22 3 A 24 19 0 7B
ID: 260, Data: 8B 22 24 30 2C FF 74 3E
ID: 260, Data: 8B 22 24 30 2C FF 74 1
ID: 370, Data: 8FF DE F0 FF FF FF FF FF
ID: 329, Data: 884 B4 80 8 12 2A 0 26
ID: 316, Data: 85 22 28 A 23 19 0 7B
ID: 316, Data: 85 22 2C A 23 19 0 7B
ID: 2A0, Data: 8E0 0 6C 1C 33 0 11 0
ID: 43F, Data: 81 48 60 FF 77 0 0 0
ID: 43F, Data: 81 48 60 FF 77 0 0 0
ID: 1F1, Data: 80 DA 0 0 0 0 0 0
ID: 153, Data: 80 0 0 FF 0 FF 0 0
ID: 153, Data: 80 0 0 FF 0 FF 0 0
ID: 545, Data: 8E4 21 0 8D A7 0 A7 0
ID: 43F, Data: 81 48 60 FF 77 0 0 0
ID: 280, Data: 830 0 84 B4 14 1A 6C 4C
ID: 1F0, Data: 81 40 1 C0 0 0 0 0
ID: 316, Data: 85 22 29 A 23 19 0 7B
ID: 43F, Data: 81 48 60 FF 77 0 0 0
ID: 43F, Data: 81 48 60 FF 77 0 0 0
ID: 153, Data: 80 0 0 FF 0 FF 0 0
ID: 43F, Data: 81 48 60 FF 77 0 0 0
ID: 153, Data: 80 0 0 FF 0 FF 0 0
ID: 153, Data: 80 0 0 FF 0 FF 0 0
ID: 153, Data: 80 0 0 FF 0 FF 0 0
ID: 43F, Data: 81 48 60 FF 77 0 0 0
ID: 316, Data: 85 22 1F A 23 19 0 7B
ID: 316, Data: 85 22 1F A 23 19 0 7B
ID: 260, Data: 8B 22 24 30 2C FF 72 3
ID: 153, Data: 80 0 0 FF 0 FF 0 0
ID: 440, Data: 8A6 E1 0 A0 FF AA AA AA
ID: 43F, Data: 81 48 60 FF 77 0 0 0
ID: 440, Data: 8A6 E1 0 A0 FF AA AA AA
ID: 43F, Data: 81 48 60 FF 77 0 0 0
ID: 153, Data: 80 0 0 FF 0 FF 0 0
ID: 153, Data: 80 0 0 FF 0 FF 0 0
ID: 153, Data: 80 0 0 FF 0 FF 0 0
ID: 545, Data: 8E4 1F 0 8B 9E 0 9E 0
ID: 316, Data: 85 22 6 A 24 19 0 7B
ID: 545, Data: 8E4 1F 0 8C 9E 0 9E 0
ID: 280, Data: 830 0 84 B4 13 19 6C 4C
ID: 153, Data: 80 0 0 FF 0 FF 0 0
ID: 1F0, Data: 81 40 1 C0 0 0 0 0
ID: 316, Data: 85 22 F4 9 24 19 0 7B
ID: 153, Data: 80 0 0 FF 0 FF 0 0
ID: 316, Data: 85 22 6 A 24 19 0 7B
ID: 153, Data: 80 0 0 FF 0 FF 0 0
ID: 370, Data: 8FF DE F0 FF FF FF FF FF
ID: A0, Data: 836 7F A A 0 23 2 0
ID: 1F1, Data: 80 DA 0 0 0 0 0 0
ID: 43F, Data: 81 48 60 FF 77 0 0 0
ID: A1, Data: 87D 80 7D 80 24 0 0 0
ID: 153, Data: 80 0 0 FF 0 FF 0 0
ID: 153, Data: 80 0 0 FF 0 FF 0 0
ID: 440, Data: 8A6 41 0 A0 FF AA AA AA
ID: 316, Data: 85 22 F9 9 24 19 0 7B
ID: 153, Data: 80 0 0 FF 0 FF 0 0
ID: 316, Data: 85 22 F1 9 24 19 0 7B
ID: 43F, Data: 81 48 60 FF 77 0 0 0
ID: 370, Data: 8FF DE F0 FF FF FF FF FF
ID: 43F, Data: 81 48 60 FF 77 0 0 0
ID: A1, Data: 87D 80 7D 80 24 0 0 0
ID: A1, Data: 87D 80 7D 80 24 0 0 0
ID: 153, Data: 80 0 0 FF 0 FF 0 0
ID: 153, Data: 80 0 0 FF 0 FF 0 0
ID: A0, Data: 836 7F F A 0 23 2 0
ID: 329, Data: 884 B4 80 8 12 2A 0 26
ID: 316, Data: 85 22 2A A 24 19 0 7B
ID: 260, Data: 8B 22 24 30 2C FF 72 21
ID: 43F, Data: 81 48 60 FF 77 0 0 0
ID: 43F, Data: 81 48 60 FF 77 0 0 0
ID: 316, Data: 85 22 2C A 24 19 0 7B
ID: 316, Data: 85 22 31 A 24 19 0 7B
ID: 545, Data: 8E4 21 0 8C A0 0 A0 0
ID: 2A0, Data: 820 0 6C 1C 33 0 11 0
ID: 1F0, Data: 81 40 1 C0 0 0 0 0
ID: 440, Data: 8A6 41 0 A0 FF AA AA AA
ID: 43F, Data: 81 48 60 FF 77 0 0 0
ID: 440, Data: 8A6 41 0 A0 FF AA AA AA
ID: 43F, Data: 81 48 60 FF 77 0 0 0
ID: 153, Data: 80 0 0 FF 0 FF 0 0
ID: 153, Data: 80 0 0 FF 0 FF 0 0
ID: 43F, Data: 81 48 60 FF 77 0 0 0
ID: 545, Data: 8E4 21 0 8C A6 0 A6 0
ID: 153, Data: 80 0 0 FF 0 FF 0 0
ID: 153, Data: 80 0 0 FF 0 FF 0 0
ID: 2A0, Data: 840 0 6C 1C 33 0 11 0
ID: 5A1, Data: 880 3 90 23 30 30 30 0
ID: 545, Data: 8E4 21 0 8B AA 0 AA 0
ID: 316, Data: 85 22 29 A 24 19 0 7B
ID: 316, Data: 85 22 2C A 24 19 0 7B
ID: 153, Data: 80 0 0 FF 0 FF 0 0
ID: 329, Data: 884 B4 80 8 12 2B 0 26
ID: 153, Data: 80 0 0 FF 0 FF 0 0
ID: 2A0, Data: 8E0 0 6C 1C 33 0 11 0
ID: 316, Data: 85 22 25 A 24 19 0 7B
ID: 545, Data: 8E4 20 0 8C A8 0 A8 0
ID: 153, Data: 80 0 0 FF 0 FF 0 0
ID: 153, Data: 80 0 0 FF 0 FF 0 0
ID: 370, Data: 8FF DE F0 FF FF FF FF FF
ID: 545, Data: 8E4 20 0 8C AA 0 AA 0
ID: 316, Data: 85 22 15 A 24 19 0 7B
ID: 316, Data: 85 22 17 A 24 19 0 7B
ID: 280, Data: 830 0 84 B4 14 1A 6C 4D
ID: 153, Data: 80 0 0 FF 0 FF 0 0
ID: 1F1, Data: 80 DA 0 0 0 0 0 0
ID: 316, Data: 85 22 1F A 24 19 0 7B
ID: 440, Data: 8A6 31 0 A0 FF AA AA AA
ID: 440, Data: 8A6 31 0 A0 FF AA AA AA
ID: 316, Data: 85 22 4B A 23 19 0 7B
ID: 153, Data: 80 0 0 FF 0 FF 0 0
ID: 43F, Data: 81 48 60 FF 77 0 0 0
ID: 153, Data: 80 0 0 FF 0 FF 0 0
ID: A1, Data: 882 80 7D 80 24 0 0 0
ID: 545, Data: 8E4 22 0 8C A1 0 A1 0
ID: 545, Data: 8E4 21 0 8B A5 0 A5 0
ID: 440, Data: 8A6 31 0 A0 FF AA AA AA
ID: 153, Data: 80 0 0 FF 0 FF 0 0
ID: 329, Data: 884 B4 80 8 12 2B 0 26
ID: 316, Data: 85 22 19 A 24 19 0 7B
ID: 2A0, Data: 880 0 6C 1C 33 0 11 0
ID: 316, Data: 85 22 2A A 24 19 0 7B
ID: 153, Data: 80 0 0 FF 0 FF 0 0
ID: 153, Data: 80 0 0 FF 0 FF 0 0
ID: 316, Data: 85 22 26 A 24 19 0 7B
ID: 43F, Data: 81 48 60 FF 77 0 0 0
ID: 316, Data: 85 22 18 A 24 19 0 7B
ID: 440, Data: 8A6 31 0 A0 FF AA AA AA
ID: 316, Data: 85 22 1B A 24 19 0 7B
ID: A0, Data: 837 7F 1B A 0 23 2 0
ID: 153, Data: 80 0 0 FF 0 FF 0 0
ID: A0, Data: 837 7F 1B A 0 23 2 0
ID: 329, Data: 840 B4 80 8 12 2B 0 26
ID: 329, Data: 840 B4 80 8 12 2B 0 26
ID: 370, Data: 8FF DE F0 FF FF FF FF FF
ID: 153, Data: 80 0 0 FF 0 FF 0 0
ID: 153, Data: 80 0 0 FF 0 FF 0 0
ID: 280, Data: 830 0 84 B4 14 19 6C 4C
ID: 370, Data: 8FF DE F0 FF FF FF FF FF
ID: 153, Data: 80 0 0 FF 0 FF 0 0
ID: 316, Data: 85 22 13 A 24 19 0 7B
ID: 316, Data: 85 22 E A 24 19 0 7B
ID: 316, Data: 85 22 F4 9 24 19 0 7B
ID: 316, Data: 85 22 F7 9 24 19 0 7B
ID: 260, Data: 8B 23 25 30 2C FF 74 3C
ID: 153, Data: 80 0 0 FF 0 FF 0 0
ID: 316, Data: 85 22 FC 9 24 19 0 7B
ID: 153, Data: 80 0 0 FF 0 FF 0 0
ID: 316, Data: 85 22 1 A 24 19 0 7B
ID: 316, Data: 85 22 E A 24 19 0 7B
ID: 153, Data: 80 0 0 FF 0 FF 0 0
ID: 316, Data: 85 22 13 A 24 19 0 7B
ID: 43F, Data: 81 48 60 FF 77 0 0 0
ID: 370, Data: 8FF DE F0 FF FF FF FF FF
ID: 43F, Data: 81 48 60 FF 77 0 0 0
ID: A1, Data: 880 80 80 80 24 0 0 0
ID: 153, Data: 80 0 0 FF 0 FF 0 0
ID: 153, Data: 80 0 0 FF 0 FF 0 0
ID: A1, Data: 880 80 80 80 24 0 0 0
ID: 329, Data: 840 B4 80 8 12 2B 0 26
ID: 153, Data: 80 0 0 FF 0 FF 0 0
ID: 153, Data: 80 0 0 FF 0 FF 0 0
ID: 260, Data: 8B 22 24 30 2C FF 72 21
ID: 316, Data: 85 22 36 A 24 19 0 7B
ID: 153, Data: 80 0 0 FF 0 FF 0 0
ID: 316, Data: 85 22 44 A 24 19 0 7B
ID: 153, Data: 80 0 0 FF 0 FF 0 0
ID: 153, Data: 80 0 0 FF 0 FF 0 0
ID: 153, Data: 80 0 0 FF 0 FF 0 0
ID: A0, Data: 836 7F 2E A 0 23 2 0
ID: 316, Data: 85 22 30 A 24 19 0 7B
ID: 316, Data: 85 22 25 A 24 19 0 7B
ID: 2A0, Data: 880 0 6C 1C 33 0 11 0
ID: 153, Data: 80 0 0 FF 0 FF 0 0
ID: 153, Data: 80 0 0 FF 0 FF 0 0
ID: 153, Data: 80 0 0 FF 0 FF 0 0
ID: 280, Data: 830 0 84 B4 14 19 6C 4C
ID: 43F, Data: 81 48 60 FF 77 0 0 0
ID: 153, Data: 80 0 0 FF 0 FF 0 0
ID: 153, Data: 80 0 0 FF 0 FF 0 0
ID: 18F, Data: 8AA 40 0 0 0 0 0 0
ID: 316, Data: 85 22 21 A 24 19 0 7B
ID: 316, Data: 85 23 14 A 24 19 0 7B
ID: 316, Data: 85 23 20 A 24 19 0 7B
ID: 153, Data: 80 0 0 FF 0 FF 0 0
ID: 153, Data: 80 0 0 FF 0 FF 0 0
ID: 2A0, Data: 840 0 6C 1C 33 0 11 0
ID: 440, Data: 8AC 41 0 A0 FF AA AA AA
ID: 43F, Data: 81 48 60 FF 77 E0 0 0
ID: 316, Data: 85 23 65 A 23 19 0 7B
ID: 316, Data: 85 23 60 A 23 19 0 7B
ID: 153, Data: 80 0 0 FF 0 FF 0 0
ID: 18F, Data: 8AA 3F 0 0 0 0 0 0
ID: 316, Data: 85 23 6D A 23 19 0 7B
ID: 370, Data: 8FF DE F0 FF FF FF FF FF
ID: 316, Data: 85 23 66 A 23 19 0 7B
ID: 153, Data: 80 0 0 FF 0 FF 0 0
ID: 316, Data: 85 22 67 A 23 19 0 7B
ID: 153, Data: 80 0 0 FF 0 FF 0 0
ID: 316, Data: 85 28 5E A 39 19 0 7B
ID: 370, Data: 8FF DE F0 FF FF FF FF FF
ID: 316, Data: 85 2A 71 A 3E 19 0 7B
ID: 153, Data: 80 0 0 FF 0 FF 0 0
ID: 153, Data: 80 0 0 FF 0 FF 0 0
ID: A1, Data: 881 7D 81 7E 26 0 0 0
ID: 370, Data: 8FF DE F0 FF FF FF FF FF
ID: 260, Data: 8B 2F 3F 30 2C FF 9D D
ID: 316, Data: 85 30 A0 B 49 19 1 7B
ID: 280, Data: 830 0 88 B3 17 1F 6C 57
ID: A1, Data: 881 7D 81 7E 28 0 0 0
ID: 43F, Data: 81 48 60 FF 77 9C 4 0
ID: 316, Data: 85 38 F1 C 4E 18 1 7B
ID: 316, Data: 85 3A 69 D 4C 18 2 7B
ID: 260, Data: 8B 3B 4C 30 2C FF A2 1B
ID: 43F, Data: 81 48 60 FF 77 E0 5 0
ID: 316, Data: 85 3C 0 F 48 16 2 7B
ID: 316, Data: 85 3C 96 F 46 16 2 7B
ID: 280, Data: 830 0 88 B3 20 25 6C 63
ID: 18F, Data: 8AA 3F 0 0 0 0 0 0
ID: 316, Data: 85 3B 39 11 41 15 3 7B
ID: 153, Data: 80 0 0 FF 0 FF 0 0
ID: 316, Data: 85 3A CF 11 40 15 3 7B
ID: 316, Data: 85 39 11 12 25 15 3 7B
ID: 316, Data: 85 39 32 12 16 15 3 7B
ID: 153, Data: 80 0 0 FF 0 FF 0 0
ID: 153, Data: 80 0 0 FF 0 FF 0 0
ID: 153, Data: 80 0 0 FF 0 FF 0 0
ID: 545, Data: 8E4 4F 0 8C DB 1 DB 1
ID: 153, Data: 80 0 0 FF 0 FF 0 0
ID: 260, Data: 8B 2A 18 30 2C FF 88 3E
ID: 316, Data: 85 27 1 11 19 17 5 7B
ID: 43F, Data: 81 48 60 FF 77 F0 B 0
ID: 43F, Data: 81 48 60 FF 77 20 C 0
ID: 440, Data: 8FE 91 5 A0 FF AA AA AA
ID: 316, Data: 85 1F C8 E 1D 19 6 7B
ID: 153, Data: 80 0 0 FF 0 FF 0 0
ID: 316, Data: 85 1B 63 E 1F 1A 6 7B
ID: 153, Data: 80 0 0 FF 0 FF 0 0
ID: 153, Data: 80 0 0 FF 0 FF 0 0
ID: 153, Data: 80 0 0 FF 0 FF 0 0
ID: A0, Data: 82B 7F 2C E 7 24 2 0
ID: 316, Data: 85 1C E1 D 20 1A 6 7B
ID: 316, Data: 85 1C D9 D 20 1A 6 7B
ID: 2A0, Data: 8C1 3 6D 1C 33 0 11 0
ID: 153, Data: 80 0 0 FF 0 FF 0 0
ID: 153, Data: 80 0 0 FF 0 FF 0 0
ID: 18F, Data: 8AA 3E 0 0 0 0 0 0
ID: 545, Data: 8E4 2C 0 8D FB 0 FB 0
ID: 316, Data: 85 27 15 F 34 19 6 7B
ID: 280, Data: 830 0 88 B3 1E 19 6C 48
ID: A1, Data: 884 7F 84 7E 22 0 0 0
ID: 316, Data: 85 2A BC F 32 18 6 7B
ID: 370, Data: 8FF DE F0 FF FF FF FF FF
ID: 316, Data: 85 2C F6 F 31 18 7 7B
ID: 153, Data: 80 0 0 FF 0 FF 0 0
ID: 153, Data: 80 0 0 FF 0 FF 0 0
ID: 316, Data: 85 2D 42 10 31 17 7 7B
ID: 43F, Data: 81 48 60 FF 77 70 E 0
ID: 316, Data: 85 2E A0 10 30 17 7 7B
ID: 316, Data: 85 2E D2 10 30 17 7 7B
ID: 260, Data: 8B 2F 30 30 2C FF AE 19
ID: 316, Data: 85 2E 23 11 2F 17 7 7B
ID: 316, Data: 85 2F 4D 11 2F 17 7 7B
ID: 43F, Data: 81 48 60 FF 77 80 F 0
ID: 316, Data: 85 2E AE 11 32 17 7 7B
ID: 153, Data: 80 0 0 FF 0 FF 0 0
ID: 2A0, Data: 8A1 4 6D 1C 33 0 11 0
ID: 316, Data: 85 31 8 12 48 16 7 7B
ID: 440, Data: 8FE 91 7 A0 FF AA AA AA
ID: 43F, Data: 81 48 60 FF 77 78 10 0
ID: 153, Data: 80 0 0 FF 0 FF 0 0
ID: 545, Data: 8E4 56 0 8C 4C 2 4C 2
ID: 316, Data: 85 37 57 13 47 15 8 7B
ID: 545, Data: 8E4 5E 0 8C 65 2 65 2
ID: 153, Data: 80 0 0 FF 0 FF 0 0
ID: 153, Data: 80 0 0 FF 0 FF 0 0
ID: 316, Data: 85 37 2 15 46 14 8 7B
ID: 545, Data: 8E4 66 0 8C 72 2 72 2
ID: 440, Data: 8FE 91 9 A0 FF AA AA AA
ID: 153, Data: 80 0 0 FF 0 FF 0 0
ID: 329, Data: 840 B3 80 8 11 38 18 26
ID: 316, Data: 85 3B 65 16 44 14 9 7B
ID: 153, Data: 80 0 0 FF 0 FF 0 0
ID: 316, Data: 85 3D 18 17 4F 1D 9 7B
ID: 153, Data: 80 0 0 FF 0 FF 0 0
ID: 153, Data: 80 0 0 FF 0 FF 0 0
ID: 316, Data: 85 47 36 18 5B 1C A 7B
ID: 43F, Data: 81 48 60 FF 77 4 16 0
ID: 316, Data: 85 4D 48 19 5C 1C A 7B
ID: 316, Data: 85 4F E8 19 5B 1C A 7B
ID: 2A0, Data: 81 A 6D 1C 33 0 11 0
ID: 316, Data: 85 54 65 1B 59 1C B 7B
ID: 153, Data: 80 0 0 FF 0 FF 0 0
ID: 316, Data: 845 56 F1 1C 57 1B B 7B
ID: 153, Data: 80 0 0 FF 0 FF 0 0
ID: 1F1, Data: 80 63 67 70 6 6B B0 6
ID: 316, Data: 845 56 69 1D 57 1C C 7B
ID: 545, Data: 8E4 C5 0 8C F5 3 F5 3
ID: 43F, Data: 81 48 60 FF 77 4C 1B 0
ID: 43F, Data: 81 48 60 FF 77 E0 1B 0
ID: 329, Data: 8ED B3 80 8 11 42 24 26
ID: 153, Data: 80 0 0 FF 0 FF 0 0
ID: 316, Data: 845 52 1A 20 55 1C E 7B
ID: 316, Data: 845 52 85 20 54 1C E 7B
ID: 545, Data: 8E4 D4 0 8C B2 3 B2 3
ID: 153, Data: 80 0 0 FF 0 FF 0 0
ID: 316, Data: 845 50 D7 21 53 1C F 7B
ID: 153, Data: 80 0 0 FF 0 FF 0 0
ID: 316, Data: 845 50 8A 22 55 1D F 7B
ID: 316, Data: 845 50 E7 22 55 1D 10 7B
ID: 18F, Data: 8AA 43 0 0 0 0 0 0
ID: 316, Data: 845 50 C7 23 56 1D 10 7B
ID: 153, Data: 80 0 0 FF 0 FF 0 0
ID: 545, Data: 8E4 DF 0 8C 9F 3 9F 3
ID: 329, Data: 840 B3 80 8 11 48 2F 26
ID: A0, Data: 85C 7E 5D 24 11 3B 2 0
ID: 316, Data: 845 60 AF 26 65 1C 11 7B
ID: 316, Data: 845 61 9A 27 64 1C 11 7B
ID: 43F, Data: 81 48 60 FF 77 34 26 0
ID: 329, Data: 8B B3 80 8 11 4B 31 26
ID: 153, Data: 80 0 0 FF 0 FF 0 0
ID: 316, Data: 845 61 4 2A 62 1D 13 7B
ID: 153, Data: 80 0 0 FF 0 FF 0 0
ID: 153, Data: 80 0 0 FF 0 FF 0 0
ID: 316, Data: 845 60 1A 2B 61 1E 14 7B
ID: 43F, Data: 81 48 60 FF 77 88 29 0
ID: 329, Data: 8ED B3 80 8 11 4B 33 26
ID: 153, Data: 80 0 0 FF 0 FF 0 0
ID: 153, Data: 80 0 0 FF 0 FF 0 0
ID: 316, Data: 845 6B 67 2E 74 1E 15 7B
ID: 153, Data: 80 0 0 FF 0 FF 0 0
ID: 545, Data: 8E4 A0 1 8C DF 5 DF 5
ID: 316, Data: 845 74 61 31 72 1F 16 7B
ID: 329, Data: 884 B3 80 8 11 55 40 26
ID: 316, Data: 845 73 26 33 71 1F 17 7B
ID: 2A0, Data: 861 1A 6C 1C 33 0 11 0
ID: 316, Data: 845 73 F2 33 71 20 18 7B
ID: 329, Data: 8B B3 80 8 11 55 40 26
ID: 153, Data: 80 0 0 FF 0 FF 0 0
ID: 43F, Data: 8A 48 60 FF 78 3C 33 0
ID: 316, Data: 845 72 C3 35 6F 20 19 7B
ID: 280, Data: 830 0 88 B3 6C 44 6C 93
ID: 316, Data: 845 72 CB 36 6E 20 1A 7B
ID: 2A0, Data: 8C1 1E 6C 1C 33 0 11 0
ID: 43F, Data: 8A 48 60 5E 78 A8 35 0
ID: 329, Data: 8B B3 80 8 11 56 40 26
ID: A1, Data: 881 7D 80 7D 45 0 0 0
ID: 316, Data: 845 51 5 33 71 20 1B 7B
ID: 316, Data: 845 53 61 31 72 1F 1C 7B
ID: 260, Data: 8B 7B 75 30 2C FF 5D 24
ID: 43F, Data: 8A 48 60 5B 77 28 2C 0
ID: A0, Data: 890 7E 13 30 1C 4B 2 0
ID: 316, Data: 845 5C 92 2B 79 1D 1D 7B
ID: 316, Data: 845 5E 1A 2A 7A 1D 1D 7B
ID: 43F, Data: 8A 48 60 70 77 FC 25 0
ID: 316, Data: 845 7C D7 27 7C 1C 1E 7B
ID: 153, Data: 80 0 0 FF 0 FF 0 0
ID: 153, Data: 80 0 0 FF 0 FF 0 0
ID: 316, Data: 845 82 37 27 7D 1C 1F 7B
ID: 153, Data: 80 0 0 FF 0 FF 0 0
ID: 316, Data: 845 80 AE 27 7D 1C 1F 7B
ID: 316, Data: 845 7E EB 27 7C 1C 20 7B
ID: 43F, Data: 8A 48 60 FF 77 CC 24 0
ID: 316, Data: 845 7D 7C 28 7C 1C 20 7B
ID: A0, Data: 88A 7D A6 28 21 46 2 0
ID: 316, Data: 845 7B 26 29 7C 1D 21 7B
ID: 260, Data: 8B 7C 7C 30 2C FF A9 1C
ID: 43F, Data: 82 48 60 FF 77 84 26 0
ID: 18F, Data: 8AA 4A 0 0 0 0 0 0
ID: 153, Data: 80 0 0 FF 0 FF 0 0
ID: 18F, Data: 8AA 4A 0 0 0 0 0 0
ID: 545, Data: 8E4 8B 1 8C 8C 6 8C 6
ID: 153, Data: 80 0 0 FF 0 FF 0 0
ID: 545, Data: 8E4 A2 1 8C 96 6 96 6
ID: 316, Data: 845 7C DC 2B 78 1D 24 7B
ID: 280, Data: 830 0 88 B2 58 4A 6C 9A
ID: 43F, Data: 82 48 60 FF 77 84 29 0
ID: 545, Data: 8E4 9A 1 8C 37 6 37 6
ID: 316, Data: 845 73 F1 2C 62 1E 25 7B
ID: 153, Data: 80 0 0 FF 0 FF 0 0
ID: 18F, Data: 8AA 4B 0 0 0 0 0 0
ID: 329, Data: 884 B1 80 8 11 4C 2C 26
ID: 153, Data: 80 0 0 FF 0 FF 0 0
ID: 153, Data: 80 0 0 FF 0 FF 0 0
ID: 280, Data: 830 0 88 B1 5A 35 6C 7C
ID: 5A0, Data: 80 0 0 90 0 0 0 0
ID: A0, Data: 864 7D 3F 2D 27 40 2 0
ID: 316, Data: 845 56 A9 2D 55 1F 27 7B
ID: 545, Data: 8E4 28 1 8C AD 3 AD 3
ID: 153, Data: 80 0 0 FF 0 FF 0 0
ID: 316, Data: 845 52 30 2E 52 20 27 7B
ID: 316, Data: 845 51 4B 2E 52 20 28 7B
ID: 153, Data: 80 0 0 FF 0 FF 0 0
ID: 316, Data: 845 51 4B 2E 51 20 28 7B
ID: 153, Data: 80 0 0 FF 0 FF 0 0
ID: 43F, Data: 82 48 60 FF 77 40 2D 0
ID: 545, Data: 8E4 20 1 8C 55 3 55 3
ID: 43F, Data: 82 48 60 FF 78 A8 2D 0
ID: 43F, Data: 82 48 60 FF 77 C0 2D 0
ID: 316, Data: 845 4F 64 2F 51 20 29 7B
ID: 2A0, Data: 8A1 2A 6C 1C 33 0 11 0
ID: 316, Data: 845 4E 81 2F 51 20 29 7B
ID: 18F, Data: 8AA 4C 0 0 0 0 0 0
ID: 316, Data: 845 4F BB 2F 51 21 29 7B
ID: 153, Data: 80 0 0 FF 0 FF 0 0
ID: 545, Data: 8E4 1E 1 8C 25 3 25 3
ID: 43F, Data: 82 48 60 FF 77 E8 2E 0
ID: 260, Data: 8B 4F 51 30 2C FF BE 22
ID: 316, Data: 845 4F C7 30 50 21 2A 7B
ID: 316, Data: 845 4F E6 30 50 21 2A 7B
ID: 43F, Data: 82 48 60 FF 77 6C 2F 0
ID: 2A0, Data: 81 2A 6C 1C 33 0 11 0
ID: 153, Data: 80 0 0 FF 0 FF 0 0
ID: 153, Data: 80 0 0 FF 0 FF 0 0
ID: 440, Data: 8FE 22 2B A0 FF AA AA AA
ID: A0, Data: 85A 7C 42 31 2B 3F 2 0
ID: 316, Data: 845 4F E0 31 4F 21 2B 7B
ID: 316, Data: 845 4E 0 32 4F 21 2B 7B
ID: 153, Data: 80 0 0 FF 0 FF 0 0
ID: 329, Data: 8B B0 80 8 11 49 28 26
ID: 316, Data: 845 4E 60 32 4F 22 2B 7B
ID: 18F, Data: 8AA 4C 0 0 0 0 0 0
ID: 316, Data: 845 4E A2 32 4F 22 2C 7B
ID: 43F, Data: 82 48 60 FF 77 60 31 0
ID: 260, Data: 8B 4F 4F 30 2C FF BD 8
ID: 153, Data: 80 0 0 FF 0 FF 0 0
ID: 316, Data: 845 4E 48 33 4E 22 2C 7B
ID: 1F0, Data: 81 40 1 C0 0 0 0 0
ID: 260, Data: 8B 4E 4F 30 2C FF BD 18
ID: 316, Data: 845 4D 8B 33 4E 22 2D 7B
ID: 153, Data: 80 0 0 FF 0 FF 0 0
ID: 153, Data: 80 0 0 FF 0 FF 0 0
ID: 43F, Data: 82 48 60 FF 77 A8 32 0
ID: 153, Data: 80 0 0 FF 0 FF 0 0
ID: 316, Data: 845 4D 5B 34 4D 22 2D 7B
ID: 153, Data: 80 0 0 FF 0 FF 0 0
ID: 43F, Data: 82 48 60 FF 77 30 33 0
ID: 545, Data: 8E4 2A 1 8C F3 2 F3 2
ID: 43F, Data: 82 48 60 FF 77 78 33 0
ID: 43F, Data: 82 48 60 FF 77 90 33 0
ID: 370, Data: 8FF DA F0 FF FF FF FF FF
ID: 545, Data: 8E4 3E 1 8C EE 2 EE 2
ID: 316, Data: 845 4D 79 35 4D 23 2E 7B
ID: 280, Data: 830 0 88 AF 6A 2E 6C 6D
ID: 43F, Data: 8B 48 60 FF 77 34 34 0
ID: 545, Data: 8E4 2E 1 8C E7 2 E7 2
ID: 153, Data: 80 0 0 FF 0 FF 0 0
ID: 316, Data: 845 49 9E 35 3D 23 2F 7B
ID: 153, Data: 80 0 0 FF 0 FF 0 0
ID: 316, Data: 845 44 9E 35 3E 23 2F 7B
ID: 316, Data: 845 42 55 35 3E 23 2F 7B
ID: 43F, Data: 8B 48 60 FF 77 4 34 0
ID: 370, Data: 8FF D8 F0 FF FF FF FF FF
ID: 440, Data: 8FE 22 30 A0 FF AA AA AA
ID: 316, Data: 845 30 8B 30 3D 23 2F 7B
ID: 153, Data: 80 0 0 FF 0 FF 0 0
ID: 316, Data: 845 31 3F 2C 3F 21 30 7B
ID: 43F, Data: 8B 48 60 36 77 78 29 0
ID: 153, Data: 80 0 0 FF 0 FF 0 0
ID: 153, Data: 80 0 0 FF 0 FF 0 0
ID: 316, Data: 845 36 23 27 41 20 30 7B
ID: A1, Data: 883 7C 80 7D 31 0 0 0
ID: 316, Data: 845 47 50 25 3C 1F 30 7B
ID: 316, Data: 845 46 E6 24 3C 1F 30 7B
ID: 153, Data: 80 0 0 FF 0 FF 0 0
ID: 43F, Data: 8B 48 60 FF 77 1C 23 0
ID: 316, Data: 845 43 6E 24 36 20 30 7B
ID: 260, Data: 8B 43 36 30 2C FF CB 2D
ID: 316, Data: 845 40 90 24 36 20 31 7B
ID: 153, Data: 80 0 0 FF 0 FF 0 0
ID: 5F0, Data: 20 0
ID: 153, Data: 80 0 0 FF 0 FF 0 0
ID: 43F, Data: 83 48 60 FF 77 6C 23 0
ID: 153, Data: 80 0 0 FF 0 FF 0 0
ID: 43F, Data: 83 48 60 FF 77 84 23 0
ID: 153, Data: 80 0 0 FF 0 FF 0 0
ID: 153, Data: 80 0 0 FF 0 FF 0 0
ID: 316, Data: 845 3A A1 24 36 20 31 7B
ID: 153, Data: 80 0 0 FF 0 FF 0 0
ID: 316, Data: 845 39 90 24 36 20 31 7B
ID: 316, Data: 845 39 A1 24 36 21 31 7B
ID: 43F, Data: 83 48 60 FF 77 98 23 0
ID: 316, Data: 845 38 A1 24 36 20 31 7B
ID: A0, Data: 83D 7B 90 24 32 33 2 0
ID: 316, Data: 845 38 A1 24 36 20 31 7B
ID: 280, Data: 830 0 88 AE 49 22 6B 5B
ID: 440, Data: 8FE C3 31 A0 FF AA AA AA
ID: 2A0, Data: 8A1 20 6B 1C 33 0 11 0
ID: 316, Data: 845 39 D5 24 36 20 31 7B
ID: 329, Data: 840 AE 80 8 11 3C F 26
ID: 316, Data: 845 38 C3 24 36 20 31 7B
ID: 316, Data: 845 38 D5 24 36 21 31 7B
ID: 43F, Data: 83 48 60 FF 77 CC 23 0
ID: 370, Data: 8FF DA F0 FF FF FF FF FF
ID: 153, Data: 80 0 0 FF 0 FF 0 0
ID: 329, Data: 8B AE 80 8 11 3C 10 26
ID: 316, Data: 845 37 E6 24 37 20 32 7B
ID: 280, Data: 830 0 88 AE 49 21 6B 5B
ID: 43F, Data: 83 48 60 FF 77 E4 23 0
ID: 2A0, Data: 8C1 1E 6B 1C 33 0 11 0
ID: 153, Data: 80 0 0 FF 0 FF 0 0
ID: 316, Data: 845 36 9 25 37 20 32 7B
ID: 153, Data: 80 0 0 FF 0 FF 0 0
ID: 2A0, Data: 861 1D 6B 1C 33 0 11 0
ID: 316, Data: 845 36 9 25 37 21 32 7B
ID: A0, Data: 83E 7B 9 25 32 33 2 0
ID: 316, Data: 845 36 1B 25 37 21 32 7B
ID: 153, Data: 80 0 0 FF 0 FF 0 0
ID: 43F, Data: 843 48 60 FF 77 20 24 0
ID: 260, Data: 8B 36 37 30 2C FF D3 21
ID: 43F, Data: 843 48 60 FF 77 24 24 0
ID: 280, Data: 830 0 88 AE 4A 20 6B 5A
ID: 153, Data: 80 0 0 FF 0 FF 0 0
ID: 316, Data: 845 33 2C 25 30 17 32 7B
ID: 316, Data: 845 33 1B 25 30 17 32 7B
ID: 43F, Data: 843 48 60 FF 77 2C 24 0
ID: 316, Data: 845 32 E6 24 31 18 32 7B
ID: 153, Data: 80 0 0 FF 0 FF 0 0
ID: 316, Data: 845 30 F7 24 31 18 32 7B
ID: 316, Data: 845 30 E6 24 31 18 32 7B
ID: 43F, Data: 843 48 60 FF 77 34 24 0
ID: 316, Data: 85 30 1B 25 32 18 32 7B
ID: 153, Data: 80 0 0 FF 0 FF 0 0
ID: 316, Data: 85 30 62 25 34 18 32 7B
ID: 316, Data: 85 30 3E 25 34 18 32 7B
ID: 280, Data: 830 0 88 AE 4A 1D 6B 51
ID: 153, Data: 80 0 0 FF 0 FF 0 0
ID: 280, Data: 830 0 88 AE 4A 1E 6B 53
ID: 1F1, Data: 80 51 8C D1 18 96 91 19
ID: 1F0, Data: 81 40 1 C0 0 0 0 0
ID: 316, Data: 85 33 2C 25 37 18 32 7B
ID: 153, Data: 80 0 0 FF 0 FF 0 0
ID: 329, Data: 884 AE 80 8 11 3C 17 26
ID: 316, Data: 85 35 2C 25 38 17 32 7B
ID: A1, Data: 87C 7D 7E 7E 2A 0 0 0
ID: 43F, Data: 843 48 60 FF 77 98 24 0
ID: 153, Data: 80 0 0 FF 0 FF 0 0
ID: 260, Data: 8B 38 3D 30 2C FF D3 38
ID: 329, Data: 840 AE 80 8 11 3D 1B 26
ID: 316, Data: 85 39 3E 25 3E 17 33 7B
ID: 316, Data: 85 3A 2C 25 3D 17 33 7B
ID: 153, Data: 80 0 0 FF 0 FF 0 0
ID: 43F, Data: 843 48 60 FF 77 D8 24 0
ID: 5F0, Data: 20 0
ID: 545, Data: 8E4 AE 0 8D B0 2 B0 2
ID: 280, Data: 830 0 88 AE 4A 25 6B 62
ID: A0, Data: 846 7B 74 25 33 35 2 0
ID: 316, Data: 85 36 3E 25 D 17 33 7B
ID: 316, Data: 85 31 3E 25 E 18 33 7B
ID: A0, Data: 835 7B 62 25 34 2F 2 0
ID: 153, Data: 80 0 0 FF 0 FF 0 0
ID: 370, Data: 8FF DB F0 FF FF FF FF FF
ID: 5F0, Data: 20 0
ID: 545, Data: 8E4 58 0 8D 70 0 70 0
ID: 280, Data: 830 0 88 AE 4A 12 6B 34
ID: A1, Data: 87A 7D 82 7E 1A 0 0 0
ID: 5A0, Data: 80 0 0 90 0 0 0 0
ID: 316, Data: 85 1B D5 24 10 1A 33 7B
ID: 153, Data: 80 0 0 FF 0 FF 0 0
ID: 316, Data: 85 19 5D 24 10 1A 33 7B
ID: 153, Data: 80 0 0 FF 0 FF 0 0
ID: 2A0, Data: 880 15 6B 1C 33 0 11 0
ID: 316, Data: 85 17 A6 23 11 1A 33 7B
ID: A0, Data: 81D 7B 86 23 34 29 2 0
ID: 43F, Data: 843 48 60 FF 77 A8 24 0
ID: 316, Data: 85 14 E7 22 11 1A 33 7B
ID: 440, Data: 8FE B3 32 A0 FF AA AA AA
ID: 316, Data: 85 12 12 22 11 1A 33 7B
ID: 43F, Data: 843 48 60 FF 77 74 24 0
ID: 43F, Data: 843 48 60 FF 77 60 24 0
ID: A1, Data: 877 83 7D 80 18 0 0 0
ID: 153, Data: 80 0 0 FF 0 FF 0 0
ID: 316, Data: 85 14 63 21 11 19 32 7B
ID: 153, Data: 80 0 0 FF 0 FF 0 0
ID: 545, Data: 8E4 5E 0 8D B5 FF B5 FF
ID: 316, Data: 85 15 C8 21 11 19 32 7B
ID: A1, Data: 87B 83 7D 80 1B 0 0 0
ID: 316, Data: 85 16 F4 21 11 19 32 7B
ID: 1F0, Data: 81 40 1 C0 0 0 0 0
ID: 1F0, Data: 81 40 1 C0 0 0 0 0
ID: 545, Data: 8E4 61 0 8D C9 FF C9 FF
ID: 316, Data: 85 16 C8 21 11 19 32 7B
ID: 153, Data: 80 0 0 FF 0 FF 0 0
ID: 153, Data: 80 0 0 FF 0 FF 0 0
ID: 43F, Data: 843 48 60 FF 77 9C 23 0
ID: 153, Data: 80 0 0 FF 0 FF 0 0
ID: 316, Data: 8D 13 71 21 11 19 31 7B
ID: 316, Data: 8D 13 63 21 11 19 31 7B
ID: 2A0, Data: 820 F 6B 1C 33 0 11 0
ID: 43F, Data: 843 48 60 FF 77 4C 23 0
ID: 43F, Data: 843 48 60 FF 77 4C 23 0
ID: 2A0, Data: 820 E 6B 1C 33 0 11 0
ID: 316, Data: 8D B AB 21 12 19 31 7B
ID: 316, Data: 8D 10 C8 21 14 19 31 7B
ID: 18F, Data: 8AA 43 0 0 0 0 0 0
ID: 43F, Data: 843 48 60 FF 77 F0 22 0
ID: 43F, Data: 843 48 60 FF 77 E4 22 0
ID: 316, Data: 8D 5 12 22 15 19 30 7B
ID: 153, Data: 80 0 0 FF 0 FF 0 0
ID: 316, Data: 8D 4 3 22 15 1A 30 7B
ID: 153, Data: 80 0 0 FF 0 FF 0 0
ID: 153, Data: 80 0 0 FF 0 FF 0 0
ID: 370, Data: 8FF DD F0 FF FF FF FF FF
ID: 43F, Data: 843 48 60 FF 77 5C 22 0
ID: 316, Data: 8D 0 4E 22 15 1A 30 7B
ID: 153, Data: 80 0 0 FF 0 FF 0 0
ID: 153, Data: 80 0 0 FF 0 FF 0 0
ID: 1F1, Data: 80 41 76 31 17 7F F1 17
ID: A0, Data: 81D 7C 30 22 30 29 4 0
ID: 316, Data: 8D 0 71 21 1A 19 2F 7B
ID: 316, Data: 85 9 38 21 1C 19 2F 7B
ID: 18F, Data: 8AA 42 0 0 0 0 0 0
ID: 43F, Data: 843 48 60 FF 77 D0 21 0
ID: 153, Data: 80 0 0 FF 0 FF 0 0
ID: 316, Data: 85 1E 21 22 1D 19 2F 7B
ID: 153, Data: 80 0 0 FF 0 FF 0 0
ID: 329, Data: 840 AF 80 8 11 32 5 26
ID: 316, Data: 85 1D 30 22 1D 1A 2F 7B
ID: 260, Data: 8B 1D 1D 30 2C FF D2 1A
ID: 43F, Data: 843 48 60 FF 77 A8 21 0
ID: 280, Data: 830 0 88 AF 43 11 6B 33
ID: 153, Data: 80 0 0 FF 0 FF 0 0
ID: 316, Data: 85 1D 8E 21 1D 19 2F 7B
ID: 316, Data: 85 1D 71 21 1D 19 2E 7B
ID: 260, Data: 8B 1E 1D 30 2C FF D2 19
ID: 43F, Data: 843 48 60 FF 78 64 21 0
ID: 260, Data: 8B 1E 1D 30 2C FF D2 A
ID: 153, Data: 80 0 0 FF 0 FF 0 0
ID: 316, Data: 85 1E 8E 21 29 19 2E 7B
ID: 153, Data: 80 0 0 FF 0 FF 0 0
ID: 18F, Data: 8AA 41 0 0 0 0 0 0
ID: 316, Data: 85 24 BA 21 3F 19 2E 7B
ID: 316, Data: 85 26 E5 21 3F 19 2E 7B
ID: A0, Data: 82B 7C 71 21 2F 2E 2 0
ID: 153, Data: 80 0 0 FF 0 FF 0 0
ID: 316, Data: 85 33 26 23 3C 17 2E 7B
ID: 153, Data: 80 0 0 FF 0 FF 0 0
ID: 2A0, Data: 8A1 C 6B 1C 33 0 11 0
ID: 316, Data: 85 36 6 23 41 17 2E 7B
ID: 329, Data: 8B B0 80 8 11 3D 1C 26
ID: 1F1, Data: 80 73 6F B1 16 79 A1 17
ID: 153, Data: 80 0 0 FF 0 FF 0 0
ID: 1F1, Data: 80 84 71 D1 16 7B A1 17
ID: 316, Data: 85 3D 65 23 41 16 2E 7B
ID: 153, Data: 80 0 0 FF 0 FF 0 0
ID: 316, Data: 85 3F 76 23 42 15 2E 7B
ID: 153, Data: 80 0 0 FF 0 FF 0 0
ID: 260, Data: 8B 41 42 30 2C FF CF 1F
ID: 316, Data: 85 40 A6 23 42 15 2F 7B
ID: 153, Data: 80 0 0 FF 0 FF 0 0
ID: 316, Data: 85 40 C7 23 41 15 2F 7B
ID: 153, Data: 80 0 0 FF 0 FF 0 0
ID: 153, Data: 80 0 0 FF 0 FF 0 0
ID: 316, Data: 85 41 E8 23 44 15 2F 7B
ID: 153, Data: 80 0 0 FF 0 FF 0 0
ID: 545, Data: 8E4 BC 0 8D 8 3 8 3
ID: 316, Data: 85 44 19 24 4E 15 2F 7B
ID: 43F, Data: 843 48 60 FF 77 50 22 0
ID: A1, Data: 887 7C 8A 7D 37 0 0 0
ID: 153, Data: 80 0 0 FF 0 FF 0 0
ID: 316, Data: 85 4C C3 24 4F 14 2F 7B
ID: 153, Data: 80 0 0 FF 0 FF 0 0
ID: 2A0, Data: 8C1 11 6B 1C 33 0 11 0
ID: 316, Data: 85 4C F7 24 54 14 30 7B
ID: 260, Data: 8B 4D 57 30 2C FF C5 8
ID: 316, Data: 85 4F 9 25 5C 14 30 7B
ID: 329, Data: 840 B0 80 8 11 47 2F 26
ID: 43F, Data: 843 48 60 FF 77 1C 23 0
ID: 316, Data: 85 5B 74 25 69 13 30 7B
ID: A1, Data: 883 7D 86 7D 3C 0 0 0
ID: 316, Data: 85 63 86 25 6B 13 30 7B
ID: 316, Data: 85 67 62 25 6B 12 31 7B
ID: 260, Data: 8B 6A 6C 30 2C FF B4 32
ID: 316, Data: 85 6A 50 25 6B 12 31 7B
ID: 260, Data: 8B 6C 6C 30 2C FF B1 24
ID: 5F0, Data: 20 0
ID: 280, Data: 830 0 88 B0 4B 3C 6B 8E
ID: 316, Data: 85 5A 86 25 9 13 31 7B
ID: 153, Data: 80 0 0 FF 0 FF 0 0
ID: 5A0, Data: 80 0 0 90 0 0 0 0
ID: 316, Data: 85 33 D5 24 E 17 32 7B
ID: 260, Data: 8B 30 E 30 2C FF D0 8
ID: 316, Data: 85 28 5D 24 F 18 32 7B
ID: 316, Data: 85 25 7F 24 F 19 32 7B
ID: 545, Data: 8E4 5C 0 8D 7D 0 7D 0
ID: 43F, Data: 843 48 60 FF 78 5C 24 0
ID: 153, Data: 80 0 0 FF 0 FF 0 0
ID: 280, Data: 830 0 84 B0 48 10 6B 30
ID: 316, Data: 85 1A 2A 24 10 1A 32 7B
ID: 43F, Data: 843 48 60 FF 78 EC 23 0
ID: 316, Data: 85 18 86 23 11 1A 32 7B
ID: 260, Data: 8B 18 11 30 2C FF A6 1A
ID: 43F, Data: 843 48 60 FF 78 1C 24 0
ID: 43F, Data: 843 48 60 FF 78 28 24 0
ID: 153, Data: 80 0 0 FF 0 FF 0 0
ID: 280, Data: 830 0 84 B1 44 F 6B 2E
ID: 316, Data: 85 12 12 22 11 1A 32 7B
ID: 260, Data: 8B 12 11 30 2C FF 77 12
ID: 43F, Data: 843 48 60 FF 78 C8 23 0
ID: 370, Data: 8FF DD F0 FF FF FF FF FF
ID: 153, Data: 80 0 0 FF 0 FF 0 0
ID: 260, Data: 8B 14 12 30 2C FF 70 34
ID: 316, Data: 85 15 92 20 11 19 31 7B
ID: 43F, Data: 843 48 60 FF 78 60 23 0
ID: 43F, Data: 843 48 60 FF 78 34 23 0
ID: A0, Data: 826 7D C9 20 32 2B 2 0
ID: 316, Data: 85 16 A0 20 11 19 31 7B
ID: 316, Data: 85 16 AE 20 11 19 31 7B
ID: 5F0, Data: 20 0
ID: 370, Data: 8FF DD F0 FF FF FF FF FF
ID: 316, Data: 85 16 85 20 11 19 30 7B
ID: 153, Data: 80 0 0 FF 0 FF 0 0
ID: 43F, Data: 843 48 60 FF 78 24 22 0
ID: 316, Data: 8D 16 F2 1F 12 19 30 7B
ID: 2A0, Data: 840 E 6B 1C 33 0 11 0
ID: 153, Data: 80 0 0 FF 0 FF 0 0
ID: 316, Data: 8D 16 4C 1F 12 19 2F 7B
ID: 370, Data: 8FF DD F0 FF FF FF FF FF
ID: 316, Data: 8D 13 E 1F 12 19 2F 7B
ID: 316, Data: 8D F F5 1E 12 19 2F 7B
ID: 153, Data: 80 0 0 FF 0 FF 0 0
ID: 153, Data: 80 0 0 FF 0 FF 0 0
ID: 280, Data: 830 0 20 B1 3D 13 6B 38
ID: 316, Data: 8D B F5 1E 12 19 2E 7B
ID: 153, Data: 80 0 0 FF 0 FF 0 0
ID: 43F, Data: 843 48 60 FF 77 3C 20 0
ID: 43F, Data: 843 48 60 FF 77 18 20 0
ID: 43F, Data: 843 48 60 FF 77 F4 1F 0
ID: 43F, Data: 843 48 60 FF 77 C4 1F 0
ID: 316, Data: 8D 3 65 1F 11 19 2C 7B
ID: A1, Data: 880 83 80 80 1A 0 0 0
ID: 43F, Data: 843 48 60 FF 77 54 1F 0
ID: 153, Data: 80 0 0 FF 0 FF 0 0
ID: 43F, Data: 843 48 60 FF 77 0 1F 0
ID: 5F0, Data: 20 0
ID: A0, Data: 826 7D B8 1E 2C 2B 4 0
ID: 260, Data: 80 0 12 30 2C FF 4E 39
ID: 153, Data: 80 0 0 FF 0 FF 0 0
ID: 316, Data: 8D 0 CE 1D 12 18 2B 7B
ID: 153, Data: 80 0 0 FF 0 FF 0 0
ID: 316, Data: 8D 0 3D 1D 12 18 2A 7B
ID: 1F0, Data: 84 40 1 C0 0 0 0 0
ID: 153, Data: 80 0 0 FF 0 FF 0 0
ID: 370, Data: 8FF DD F0 FF FF FF FF FF
ID: 153, Data: 80 0 0 FF 0 FF 0 0
ID: 280, Data: 830 0 20 B1 38 16 6B 3D
ID: 43F, Data: 843 48 60 FF 78 F0 1C 0
ID: 43F, Data: 843 48 60 FF 77 C8 1C 0
ID: 316, Data: 8D 0 E4 1B 12 18 28 7B
ID: A1, Data: 880 83 80 80 1D 0 0 0
ID: 43F, Data: 843 48 60 FF 77 1C 1C 0
ID: 43F, Data: 843 48 60 FF 77 E8 1B 0
ID: 370, Data: 8FF DD F0 FF FF FF FF FF
ID: 316, Data: 8D 0 EA 1A 12 18 27 7B
ID: 260, Data: 80 0 14 30 2C FF 4E 19
ID: 43F, Data: 843 48 60 FF 77 18 1B 0
ID: 43F, Data: 843 48 60 FF 77 E0 1A 0
ID: A0, Data: 829 7D 3F 1A 26 29 4 0
ID: 316, Data: 8D 0 CE 19 14 18 25 7B
ID: 316, Data: 8D 0 8A 19 14 18 25 7B
ID: A0, Data: 829 7D 8A 19 26 29 4 0
ID: 43F, Data: 843 48 60 FF 77 D4 19 0
ID: 43F, Data: 843 48 60 FF 77 A8 19 0
ID: 260, Data: 80 0 14 30 2C FF 4E 19
ID: 316, Data: 8D 0 82 18 14 18 24 7B
ID: 316, Data: 8D 0 36 18 14 18 23 7B
ID: 18F, Data: 8AA 3D 0 0 0 0 0 0
ID: 43F, Data: 843 48 60 FF 77 98 18 0
ID: 43F, Data: 843 48 60 FF 77 5C 18 0
ID: 43F, Data: 843 48 60 FF 77 24 18 0
ID: A1, Data: 880 83 80 80 1D 0 0 0
ID: 316, Data: 8D 0 25 17 15 18 22 7B
ID: 316, Data: 8D 0 EF 16 15 18 21 7B
ID: 18F, Data: 8AA 3D 0 0 0 0 0 0
ID: 43F, Data: 843 48 60 FF 77 8 17 0
ID: 153, Data: 80 0 0 FF 0 FF 0 0
ID: 316, Data: 8D 0 C 16 16 18 20 7B
ID: 153, Data: 80 0 0 FF 0 FF 0 0
ID: 153, Data: 80 0 0 FF 0 FF 0 0
ID: 316, Data: 8D 0 81 15 16 18 1F 7B
ID: A0, Data: 829 7D C3 15 20 28 4 0
ID: 316, Data: 8D 0 7 15 17 18 1F 7B
ID: 316, Data: 8D 0 CA 14 17 18 1E 7B
ID: 153, Data: 80 0 0 FF 0 FF 0 0
ID: A1, Data: 880 83 80 80 1C 0 0 0
ID: 329, Data: 840 B1 80 8 12 2E 0 26
ID: 280, Data: 830 0 20 B1 27 15 6B 3C
ID: 153, Data: 80 0 0 FF 0 FF 0 0
ID: 153, Data: 80 0 0 FF 0 FF 0 0
ID: 316, Data: 8D 0 3F 13 19 18 1C 7B
ID: 43F, Data: 843 48 60 FF 77 C4 13 0
ID: 316, Data: 8D 0 D0 12 19 18 1C 7B
ID: A1, Data: 880 83 80 80 1D 0 0 0
ID: 153, Data: 80 0 0 FF 0 FF 0 0
ID: 316, Data: 8D 0 2E 12 1A 18 1B 7B
ID: 153, Data: 80 0 0 FF 0 FF 0 0
ID: 316, Data: 8D 0 C3 11 1A 18 1A 7B
ID: 153, Data: 80 0 0 FF 0 FF 0 0
ID: 316, Data: 8D 0 77 11 1B 19 1A 7B
ID: 316, Data: 8D 0 58 11 1B 19 1A 7B
ID: 316, Data: 8D 0 39 11 1B 19 19 7B
ID: 316, Data: 8D 0 1B 11 1B 19 19 7B
ID: 153, Data: 80 0 0 FF 0 FF 0 0
ID: 153, Data: 80 0 0 FF 0 FF 0 0
ID: 316, Data: 8D 0 F2 10 1C 19 19 7B
ID: 153, Data: 80 0 0 FF 0 FF 0 0
ID: 316, Data: 8D 0 E0 10 1C 19 18 7B
ID: 153, Data: 80 0 0 FF 0 FF 0 0
ID: 316, Data: 8D 0 C3 10 1C 19 18 7B
ID: 43F, Data: 843 48 60 FF 77 74 11 0
ID: 545, Data: 8E4 0 0 8C 3E FE 3E FE
ID: 316, Data: 85 4 80 10 1C 19 18 7B
ID: 316, Data: 85 9 61 10 1C 19 17 7B
ID: 18F, Data: 8AA 3C 0 0 0 0 0 0
ID: 43F, Data: 843 48 60 FF 77 E8 10 0
ID: 43F, Data: 843 48 60 FF 77 D0 10 0
ID: 43F, Data: 843 48 60 FF 78 C4 10 0
ID: 260, Data: 8B 19 1E 30 2C FF 4F A
ID: 153, Data: 80 0 0 FF 0 FF 0 0
ID: 329, Data: 840 B1 80 8 12 2D 0 26
ID: 1F0, Data: 8D8 3F 1 C0 0 0 0 0
ID: 280, Data: 830 0 84 B1 1D 17 6B 41
ID: 545, Data: 8E4 2F 0 8C 4A 0 4A 0
ID: 5F0, Data: 20 0
ID: 316, Data: 85 1E 53 F 1D 19 16 7B
ID: 43F, Data: 843 48 60 FF 77 14 10 0
ID: 316, Data: 85 1E 50 F 1E 19 16 7B
ID: 153, Data: 80 0 0 FF 0 FF 0 0
ID: 316, Data: 85 1D 2F F 1E 1A 15 7B
ID: 153, Data: 80 0 0 FF 0 FF 0 0
ID: 153, Data: 80 0 0 FF 0 FF 0 0
ID: 316, Data: 85 1D 3B F 1E 1A 15 7B
ID: 43F, Data: 843 48 60 FF 78 B8 F 0
ID: 316, Data: 85 1D 12 F 1E 1A 15 7B
ID: 2A0, Data: 840 3 6B 1C 33 0 11 0
ID: 153, Data: 80 0 0 FF 0 FF 0 0
ID: 316, Data: 85 1D BD E 1F 1A 15 7B
ID: 153, Data: 80 0 0 FF 0 FF 0 0
ID: 316, Data: 85 1D D3 E 1F 1A 15 7B
ID: 153, Data: 80 0 0 FF 0 FF 0 0
ID: 316, Data: 85 1D BF E 1F 1A 14 7B
ID: 440, Data: 8FE 63 15 A0 FF AA AA AA
ID: 316, Data: 85 1E C8 E 1F 1A 14 7B
ID: 316, Data: 85 1E 83 E 1F 1A 14 7B
ID: 316, Data: 85 1E 73 E 1F 1A 14 7B
ID: 18F, Data: 8AA 3C 0 0 0 0 0 0
ID: 440, Data: 8FE B3 15 A0 FF AA AA AA
ID: 5F0, Data: 20 0
ID: 316, Data: 85 1E 1A E 1F 1A 14 7B
ID: 316, Data: 85 1E 1 E 1F 1A 14 7B
ID: 18F, Data: 8AA 3B 0 0 0 0 0 0
ID: 5F0, Data: 20 0
ID: 1F1, Data: 80 63 AC 0 A AE 60 A
ID: 545, Data: 8E4 2F 0 8C 56 0 56 0
ID: 153, Data: 80 0 0 FF 0 FF 0 0
ID: 153, Data: 80 0 0 FF 0 FF 0 0
ID: 2A0, Data: 8E0 2 6B 1C 33 0 11 0
ID: 316, Data: 85 1F EF D 1E 1A 14 7B
ID: 260, Data: 8B 1F 1E 30 2C FF 53 1E
ID: 5F0, Data: 20 0
ID: 316, Data: 85 1E CF D 27 1A 14 7B
ID: 43F, Data: 83 48 60 FF 77 D8 E 0
ID: 545, Data: 8E4 2E 0 8C 5B 0 5B 0
ID: 440, Data: 8FE 63 14 A0 FF AA AA AA
ID: 316, Data: 85 20 9 D 1D 1A 13 7B
ID: 280, Data: 830 0 84 B2 19 18 6B 45
ID: 43F, Data: 83 48 60 FF 77 A4 E 0
ID: 43F, Data: 83 48 60 FF 77 90 E 0
ID: 316, Data: 85 20 33 D 1E 1A 13 7B
ID: 18F, Data: 8AA 3B 0 0 0 0 0 0
ID: 153, Data: 80 0 0 FF 0 FF 0 0
ID: 1F0, Data: 8C1 3F 1 C0 0 0 0 0
ID: 545, Data: 8E4 2C 0 8C 4D 0 4D 0
ID: 153, Data: 80 0 0 FF 0 FF 0 0
ID: A0, Data: 82D 7E 91 D 14 24 2 0
ID: 316, Data: 85 1E C6 D 1E 1A 13 7B
ID: 280, Data: 830 0 84 B2 1B 16 6B 41
ID: 153, Data: 80 0 0 FF 0 FF 0 0
ID: 5A1, Data: 880 3 90 23 30 30 30 0
ID: 316, Data: 85 1D E3 D 1E 1A 13 7B
ID: 316, Data: 85 1D DC D 1E 1A 13 7B
ID: 1F0, Data: 8C0 3F 1 C0 0 0 0 0
ID: 153, Data: 80 0 0 FF 0 FF 0 0
ID: 5F0, Data: 20 0
ID: 153, Data: 80 0 0 FF 0 FF 0 0
ID: A1, Data: 88B 83 8B 80 1F 0 0 0
ID: 280, Data: 830 0 84 B2 1B 17 6B 42
ID: 545, Data: 8E4 2A 0 8C 3D 0 3D 0
ID: 43F, Data: 83 48 60 FF 77 F4 D 0
ID: 153, Data: 80 0 0 FF 0 FF 0 0
ID: 316, Data: 85 1E D2 D 1D 1A 12 7B
ID: 5F0, Data: 20 0
ID: 1F1, Data: 80 EC 9C 0 9 9F 40 9
ID: 316, Data: 85 1E C8 D 1D 1A 12 7B
ID: 153, Data: 80 0 0 FF 0 FF 0 0
ID: 153, Data: 80 0 0 FF 0 FF 0 0
ID: 18F, Data: 8AA 3B 0 0 0 0 0 0
ID: 316, Data: 85 1E 96 D 1D 1A 12 7B
ID: 153, Data: 80 0 0 FF 0 FF 0 0
ID: 545, Data: 8E4 29 0 8D 38 0 38 0
ID: 316, Data: 85 1D 7A D 1D 1A 12 7B
ID: 1F1, Data: 80 1E 9A F0 8 9C 0 9
ID: 1F0, Data: 8C0 3F 1 C0 0 0 0 0
ID: 153, Data: 80 0 0 FF 0 FF 0 0
ID: 5A0, Data: 80 0 0 90 0 0 0 0
ID: 18F, Data: 8AA 3B 0 0 0 0 0 0
ID: 316, Data: 85 1D 93 D 1D 1A 12 7B
ID: 1F1, Data: 80 20 99 B0 8 9B F0 8
ID: 153, Data: 80 0 0 FF 0 FF 0 0
ID: 260, Data: 8B 1E 1E 30 2C FF 63 3C
ID: 316, Data: 85 1D 88 D 1D 1A 11 7B
ID: 43F, Data: 83 48 60 FF 77 3C D 0
ID: 43F, Data: 83 48 60 FF 77 34 D 0
ID: 153, Data: 80 0 0 FF 0 FF 0 0
ID: 2A0, Data: 820 1 6B 1C 33 0 11 0
ID: 316, Data: 85 1D 93 D 1D 1A 11 7B
ID: 545, Data: 8E4 28 0 8D 34 0 34 0
ID: 153, Data: 80 0 0 FF 0 FF 0 0
ID: 43F, Data: 83 48 60 FF 77 F8 C 0
ID: 153, Data: 80 0 0 FF 0 FF 0 0
ID: 153, Data: 80 0 0 FF 0 FF 0 0
ID: 316, Data: 85 1D 53 D 1E 1A 11 7B
ID: 18F, Data: 8AA 3B 0 0 0 0 0 0
ID: 5F0, Data: 20 0
ID: 43F, Data: 83 48 60 FF 77 D4 C 0
ID: 18F, Data: 8AA 3B 0 0 0 0 0 0
ID: 153, Data: 80 0 0 FF 0 FF 0 0
ID: 2A0, Data: 880 1 6B 1C 33 0 11 0
ID: 316, Data: 85 1D 18 D 1E 1A 11 7B
ID: 18F, Data: 8AA 3B 0 0 0 0 0 0
ID: 316, Data: 85 1E 21 D 1E 1A 11 7B
ID: 43F, Data: 83 48 60 FF 77 B4 C 0
ID: 316, Data: 85 1E 3C D 1E 1A 11 7B
ID: 316, Data: 85 21 31 D 1E 1A 11 7B
ID: 18F, Data: 8AA 3B 0 0 0 0 0 0
ID: 316, Data: 85 24 33 D 22 1A 11 7B
ID: A0, Data: 82F 7E 2A D 11 24 2 0
ID: 153, Data: 80 0 0 FF 0 FF 0 0
ID: 316, Data: 85 24 A9 D 2E 1A 10 7B
ID: 153, Data: 80 0 0 FF 0 FF 0 0
ID: 316, Data: 85 25 1 E 30 1A 10 7B
ID: 43F, Data: 83 48 60 FF 77 8C C 0
ID: 440, Data: 8FE B3 11 A0 FF AA AA AA
ID: 316, Data: 85 27 27 E 39 1A 10 7B
ID: 153, Data: 80 0 0 FF 0 FF 0 0
ID: 316, Data: 85 2B 1F E 3B 19 10 7B
ID: 153, Data: 80 0 0 FF 0 FF 0 0
ID: 316, Data: 85 2E 3E E 3C 19 10 7B
ID: 316, Data: 85 2F 6B E 3C 19 10 7B
ID: 329, Data: 8B B2 80 8 11 31 C 26
ID: 43F, Data: 83 48 60 FF 77 84 C 0
ID: 153, Data: 80 0 0 FF 0 FF 0 0
ID: 316, Data: 85 34 6E F 42 18 11 7B
ID: 316, Data: 85 35 BC F 42 18 11 7B
ID: 316, Data: 85 36 13 10 42 17 11 7B
ID: A1, Data: 880 7D 89 7E 28 0 0 0
ID: 43F, Data: 83 48 60 FF 77 9C C 0
ID: 43F, Data: 83 48 60 FF 77 A4 C 0
ID: 440, Data: 8FE C3 11 A0 FF AA AA AA
ID: 280, Data: 830 0 88 B2 23 23 6C 5A
ID: 316, Data: 85 39 BB 11 48 1F 11 7B
ID: A0, Data: 843 7E 5C 11 11 2B 2 0
ID: 43F, Data: 83 48 60 FF 77 C8 C 0
ID: 440, Data: 8FE 13 11 A0 FF AA AA AA
ID: 280, Data: 830 0 88 B2 24 26 6C 61
ID: 316, Data: 85 3E 8D 12 46 1E 11 7B
ID: 545, Data: 8E4 65 0 8D 2C 2 2C 2
ID: 43F, Data: 83 48 60 FF 77 F0 C 0
ID: 440, Data: 8FE 63 11 A0 FF AA AA AA
ID: 316, Data: 845 3D 3B 13 45 1E 11 7B
ID: 153, Data: 80 0 0 FF 0 FF 0 0
ID: 2A0, Data: 8C1 5 6C 1C 33 0 11 0
ID: 316, Data: 845 3D E7 12 45 1E 11 7B
ID: 2A0, Data: 81 6 6C 1C 33 0 11 0
ID: 370, Data: 8FF E0 F0 FF FF FF FF FF
ID: 43F, Data: 83 48 60 FF 77 48 D 0
ID: 316, Data: 845 3F CC 12 45 1D 12 7B
ID: 153, Data: 80 0 0 FF 0 FF 0 0
ID: 545, Data: 8E4 64 0 8C 5E 2 5E 2
ID: 316, Data: 845 40 1A 13 45 1D 12 7B
ID: 2A0, Data: 8A1 6 6C 1C 33 0 11 0
ID: 43F, Data: 83 48 60 FF 77 90 D 0
ID: 43F, Data: 83 48 60 FF 77 A0 D 0
ID: 1F1, Data: 80 21 96 20 9 99 80 9
ID: 43F, Data: 83 48 60 FF 77 B0 D 0
ID: 153, Data: 80 0 0 FF 0 FF 0 0
ID: 316, Data: 845 40 9B 13 44 1D 12 7B
ID: 43F, Data: 83 48 60 FF 77 D0 D 0
ID: 329, Data: 8ED B2 80 8 11 36 10 26
ID: A1, Data: 885 7E 86 80 36 0 0 0
ID: 153, Data: 80 0 0 FF 0 FF 0 0
ID: 5F0, Data: 20 0
ID: 153, Data: 80 0 0 FF 0 FF 0 0
ID: 43F, Data: 83 48 60 FF 77 1C E 0
ID: 153, Data: 80 0 0 FF 0 FF 0 0
ID: 316, Data: 845 3F B9 13 3E 1D 13 7B
ID: 18F, Data: 8AA 3F 0 0 0 0 0 0
ID: 153, Data: 80 0 0 FF 0 FF 0 0
ID: 316, Data: 845 3E CD 13 3E 1D 13 7B
ID: 370, Data: 8FF E1 F0 FF FF FF FF FF
ID: 329, Data: 8B B2 80 8 11 35 D 26
ID: 43F, Data: 83 48 60 FF 77 70 E 0
ID: 153, Data: 80 0 0 FF 0 FF 0 0
ID: 329, Data: 884 B2 80 8 11 35 D 26
ID: 5A0, Data: 80 0 0 90 0 0 0 0
ID: 2A0, Data: 81 8 6C 1C 33 0 11 0
ID: 316, Data: 845 3B 96 13 3F 1E 14 7B
ID: 153, Data: 80 0 0 FF 0 FF 0 0
ID: 43F, Data: 83 48 60 FF 77 AC E 0
ID: A0, Data: 846 7E 8C 13 14 2D 2 0
ID: 316, Data: 845 3B 6A 13 3F 1E 14 7B
ID: 316, Data: 845 3A 6A 13 3F 1E 14 7B
ID: A0, Data: 847 7E 66 13 14 2D 2 0
ID: 316, Data: 845 3C 66 13 3F 1E 14 7B
ID: 316, Data: 845 3C 61 13 3F 1E 14 7B
ID: 43F, Data: 83 48 60 FF 77 E8 E 0
ID: 545, Data: 8E4 5B 0 8C 8 2 8 2
ID: 153, Data: 80 0 0 FF 0 FF 0 0
ID: 370, Data: 8FF E1 F0 FF FF FF FF FF
ID: 545, Data: 8E4 5A 0 8C 9 2 9 2
ID: 153, Data: 80 0 0 FF 0 FF 0 0
ID: 43F, Data: 83 48 60 FF 77 10 F 0
ID: 43F, Data: 83 48 60 FF 77 24 F 0
ID: 43F, Data: 83 48 60 FF 77 20 F 0
ID: 316, Data: 845 3B 8C 13 3F 1E 15 7B
ID: 316, Data: 845 3A 96 13 3F 1E 15 7B
ID: 316, Data: 845 3A 9B 13 3F 1E 15 7B
ID: 260, Data: 8B 3B 3F 30 2C FF C2 35
ID: 43F, Data: 83 48 60 FF 77 48 F 0
ID: A0, Data: 847 7E A5 13 15 2D 2 0
ID: 153, Data: 80 0 0 FF 0 FF 0 0
ID: 316, Data: 845 3A BE 13 3F 1E 15 7B
ID: 153, Data: 80 0 0 FF 0 FF 0 0
ID: 316, Data: 845 3C C8 13 3F 1E 15 7B
ID: 316, Data: 845 3B C8 13 3F 1E 15 7B
ID: 153, Data: 80 0 0 FF 0 FF 0 0
ID: 316, Data: 845 3A DC 13 3F 1E 15 7B
ID: 5F0, Data: 20 0
ID: 43F, Data: 83 48 60 FF 77 A0 F 0
ID: 153, Data: 80 0 0 FF 0 FF 0 0
ID: 153, Data: 80 0 0 FF 0 FF 0 0
ID: 260, Data: 8B 3C 3F 30 2C FF C3 24
ID: 329, Data: 8B B3 80 8 11 35 D 26
ID: 316, Data: 845 3C 19 14 3E 1E 15 7B
ID: 153, Data: 80 0 0 FF 0 FF 0 0
ID: A1, Data: 886 7F 8A 82 33 0 0 0
ID: 280, Data: 830 0 88 B3 28 25 6C 6C
ID: 2A0, Data: 8A1 A 6C 1C 33 0 11 0
ID: 316, Data: 845 3C 43 14 3E 1D 16 7B
ID: 316, Data: 845 3C 4D 14 3E 1E 16 7B
ID: 43F, Data: 83 48 60 FF 78 4 10 0
ID: 316, Data: 845 3D 48 14 3E 1E 16 7B
ID: 260, Data: 8B 3D 3E 30 2C FF C3 6
ID: 316, Data: 845 3C 58 14 3E 1D 16 7B
ID: 545, Data: 8E4 64 0 8D 10 2 10 2
ID: 153, Data: 80 0 0 FF 0 FF 0 0
ID: 316, Data: 845 3C 5D 14 3E 1D 16 7B
ID: 153, Data: 80 0 0 FF 0 FF 0 0
ID: 260, Data: 8B 3C 3E 30 2C FF C4 6
ID: 316, Data: 845 3C 63 14 3E 1D 16 7B
ID: 153, Data: 80 0 0 FF 0 FF 0 0
ID: 316, Data: 845 3B 78 14 3E 1D 16 7B
ID: 316, Data: 845 3B 78 14 3E 1D 16 7B
ID: 43F, Data: 83 48 60 FF 78 80 10 0
ID: 316, Data: 845 3D 7D 14 3E 1D 16 7B
ID: 153, Data: 80 0 0 FF 0 FF 0 0
ID: 316, Data: 845 3B 8E 14 3E 1D 17 7B
ID: 316, Data: 845 3C 93 14 3E 1D 17 7B
ID: A1, Data: 882 7F 86 82 33 0 0 0
ID: 316, Data: 845 3C 8E 14 3E 1E 17 7B
ID: 316, Data: 845 3B 9E 14 3E 1D 17 7B
ID: 153, Data: 80 0 0 FF 0 FF 0 0
ID: 280, Data: 830 0 88 B3 29 25 6C 6B
ID: 316, Data: 845 3C AE 14 3E 1D 17 7B
ID: 43F, Data: 83 48 60 FF 78 E4 10 0
ID: 316, Data: 845 3D 93 14 3E 1D 17 7B
ID: A1, Data: 881 7F 85 82 33 0 0 0
ID: 316, Data: 845 3C 93 14 3E 1D 17 7B
ID: 316, Data: 845 3B 93 14 3E 1D 17 7B
ID: 153, Data: 80 0 0 FF 0 FF 0 0
ID: 329, Data: 8ED B3 80 8 11 36 D 26
ID: 316, Data: 845 3C 98 14 3E 1D 17 7B
ID: 18F, Data: 8AA 46 0 0 0 0 0 0
ID: 316, Data: 845 3C AE 14 3E 1D 17 7B
ID: 153, Data: 80 0 0 FF 0 FF 0 0
ID: 260, Data: 8B 3C 3E 30 2C FF C4 6
ID: 316, Data: 845 3C BF 14 3D 1D 17 7B
ID: 153, Data: 80 0 0 FF 0 FF 0 0
ID: 316, Data: 845 3C CA 14 3D 1D 18 7B
ID: 43F, Data: 83 48 60 FF 78 5C 11 0
ID: A1, Data: 888 80 82 82 32 0 0 0
ID: 153, Data: 80 0 0 FF 0 FF 0 0
ID: 316, Data: 845 3C D5 14 3D 1D 18 7B
ID: 153, Data: 80 0 0 FF 0 FF 0 0
ID: 316, Data: 845 3C DA 14 3D 1E 18 7B
ID: 316, Data: 845 3C EB 14 3D 1D 18 7B
ID: 153, Data: 80 0 0 FF 0 FF 0 0
ID: 316, Data: 845 3D E6 14 3D 1D 18 7B
ID: 316, Data: 845 3D F6 14 3D 1E 18 7B
ID: 440, Data: 8FE C3 18 A0 FF AA AA AA
ID: 316, Data: 845 3B 7 15 3D 1D 18 7B
ID: 153, Data: 80 0 0 FF 0 FF 0 0
ID: 316, Data: 845 3C 7 15 2F 1D 18 7B
ID: 316, Data: 845 3C 13 15 2B 1D 18 7B
ID: 370, Data: 8FF E1 F0 FF FF FF FF FF
ID: 316, Data: 845 3A D 15 2A 1D 18 7B
ID: 1F0, Data: 88 40 1 C0 0 0 0 0
ID: 370, Data: 8FF E1 F0 FF FF FF FF FF
ID: 43F, Data: 843 48 60 FF 78 F8 11 0
ID: 43F, Data: 843 48 60 FF 77 FC 11 0
ID: 153, Data: 80 0 0 FF 0 FF 0 0
ID: A0, Data: 837 7F 98 14 19 2A 2 0
ID: 329, Data: 884 B3 80 8 11 31 3 26
ID: A0, Data: 837 7F 98 14 19 2A 2 0
ID: 153, Data: 80 0 0 FF 0 FF 0 0
ID: 153, Data: 80 0 0 FF 0 FF 0 0
ID: 5F0, Data: 20 0
ID: A0, Data: 833 7F E6 13 19 29 2 0
ID: A1, Data: 885 80 7E 82 27 0 0 0
ID: 5F0, Data: 20 0
ID: 316, Data: 845 2C 4E 13 27 20 19 7B
ID: 43F, Data: 843 48 60 FF 78 14 12 0
ID: 316, Data: 845 2B 49 13 27 20 19 7B
ID: 153, Data: 80 0 0 FF 0 FF 0 0
ID: 153, Data: 80 0 0 FF 0 FF 0 0
ID: 316, Data: 845 2A 7 13 28 20 19 7B
ID: 153, Data: 80 0 0 FF 0 FF 0 0
ID: 545, Data: 8E4 3D 0 8C AA 0 AA 0
ID: 316, Data: 845 29 E7 12 28 20 19 7B
ID: 545, Data: 8E4 3C 0 8C A1 0 A1 0
ID: 316, Data: 845 29 D5 12 28 20 19 7B
ID: 153, Data: 80 0 0 FF 0 FF 0 0
ID: 316, Data: 845 28 BE 12 29 20 19 7B
ID: 43F, Data: 843 48 60 FF 78 E8 11 0
ID: 316, Data: 845 28 B1 12 2D 20 19 7B
ID: 153, Data: 80 0 0 FF 0 FF 0 0
ID: 316, Data: 845 28 A8 12 2D 20 19 7B
ID: 316, Data: 845 29 A3 12 2D 20 19 7B
ID: 43F, Data: 843 48 60 FF 78 E4 11 0
ID: 153, Data: 80 0 0 FF 0 FF 0 0
ID: 5F0, Data: 20 0
ID: 545, Data: 8E4 3D 0 8D C8 0 C8 0
ID: 280, Data: 830 0 88 B3 25 1B 6C 4C
ID: A1, Data: 880 7D 7E 7E 24 0 0 0
ID: 43F, Data: 843 48 60 FF 78 C0 11 0
ID: 43F, Data: 843 48 60 FF 78 AC 11 0
ID: 260, Data: 8B 2F 34 30 2C FF BB 26
ID: 316, Data: 845 30 F0 12 33 1F 19 7B
ID: 2A0, Data: 8A1 8 6C 1D 33 0 11 0
ID: 153, Data: 80 0 0 FF 0 FF 0 0
ID: 316, Data: 845 2F 23 13 33 1F 18 7B
ID: 153, Data: 80 0 0 FF 0 FF 0 0
ID: 18F, Data: 8AA 46 0 0 0 0 0 0
ID: 329, Data: 840 B3 80 8 11 33 7 26
ID: 316, Data: 845 30 49 13 33 1F 19 7B
ID: A0, Data: 83C 7F 4E 13 19 2B 2 0
ID: 153, Data: 80 0 0 FF 0 FF 0 0
ID: 316, Data: 845 31 61 13 33 1F 19 7B
ID: 440, Data: 8FE 13 18 A0 FF AA AA AA
ID: 153, Data: 80 0 0 FF 0 FF 0 0
ID: 316, Data: 845 32 6A 13 33 1F 19 7B
ID: 153, Data: 80 0 0 FF 0 FF 0 0
ID: 43F, Data: 843 48 60 FF 78 AC 11 0
ID: 260, Data: 8B 32 33 30 2C FF BE 3F
ID: 43F, Data: 843 48 60 FF 78 AC 11 0
ID: 280, Data: 830 0 88 B3 26 1E 6C 58
ID: 153, Data: 80 0 0 FF 0 FF 0 0
ID: 316, Data: 845 32 79 13 33 1F 18 7B
ID: 316, Data: 845 33 66 13 33 1F 18 7B
ID: 43F, Data: 843 48 60 FF 78 90 11 0
ID: 316, Data: 845 31 4E 13 33 1F 18 7B
ID: 153, Data: 80 0 0 FF 0 FF 0 0
ID: 316, Data: 845 32 57 13 33 1F 18 7B
ID: 316, Data: 845 32 52 13 33 1F 18 7B
ID: 43F, Data: 843 48 60 FF 78 A0 11 0
ID: 316, Data: 845 32 6A 13 33 1F 18 7B
ID: 153, Data: 80 0 0 FF 0 FF 0 0
ID: 316, Data: 845 32 74 13 33 1F 18 7B
ID: 316, Data: 845 31 79 13 32 1F 18 7B
ID: 370, Data: 8FF E1 F0 FF FF FF FF FF
ID: 329, Data: 884 B3 80 8 11 33 7 26
ID: 43F, Data: 843 48 60 FF 78 C4 11 0
ID: 316, Data: 845 32 83 13 32 1F 19 7B
ID: 440, Data: 8FE 63 18 A0 FF AA AA AA
ID: 316, Data: 845 31 88 13 32 1F 19 7B
ID: 43F, Data: 843 48 60 FF 78 CC 11 0
ID: 1F1, Data: 80 A9 C0 50 C C4 B0 C
ID: 316, Data: 845 31 96 13 2A 1F 19 7B
ID: 153, Data: 80 0 0 FF 0 FF 0 0
ID: 43F, Data: 843 48 60 FF 78 D4 11 0
ID: A0, Data: 83C 7F 96 13 19 2B 2 0
ID: 43F, Data: 843 48 60 FF 78 E8 11 0
ID: 440, Data: 8FE C3 18 A0 FF AA AA AA
ID: A0, Data: 83B 7F 91 13 19 2B 2 0
ID: 316, Data: 845 2E 7E 13 27 1F 19 7B
ID: 545, Data: 8E4 45 0 8C ED 0 ED 0
ID: 153, Data: 80 0 0 FF 0 FF 0 0
ID: 316, Data: 845 2C F9 12 27 1F 19 7B
ID: 153, Data: 80 0 0 FF 0 FF 0 0
ID: A1, Data: 878 7E 80 80 26 0 0 0
ID: 280, Data: 830 0 88 B3 25 1B 6C 4E
ID: 329, Data: 8B B3 80 8 11 30 2 26
ID: 316, Data: 845 2B DE 12 28 20 19 7B
ID: 316, Data: 845 2B CC 12 28 20 19 7B
ID: 43F, Data: 843 48 60 FF 78 AC 11 0
ID: 370, Data: 8FF E1 F0 FF FF FF FF FF
ID: 153, Data: 80 0 0 FF 0 FF 0 0
ID: 316, Data: 845 2A 89 12 28 20 18 7B
ID: 316, Data: 845 2A 80 12 28 20 18 7B
ID: 43F, Data: 843 48 60 FF 78 A8 11 0
ID: 316, Data: 845 29 89 12 1F 16 18 7B
ID: 153, Data: 80 0 0 FF 0 FF 0 0
ID: 329, Data: 884 B3 80 8 11 2E 0 26
ID: 316, Data: 845 26 77 12 18 17 18 7B
ID: 2A0, Data: 820 6 6C 1D 33 0 11 0
ID: 440, Data: 8FE C3 18 A0 FF AA AA AA
ID: 316, Data: 845 23 11 12 19 18 18 7B
ID: 153, Data: 80 0 0 FF 0 FF 0 0
ID: 2A0, Data: 8E0 6 6C 1D 33 0 11 0
ID: 316, Data: 85 1F 97 11 1A 18 18 7B
ID: 153, Data: 80 0 0 FF 0 FF 0 0
ID: 43F, Data: 843 48 60 FF 78 70 11 0
ID: 43F, Data: 843 48 60 FF 78 58 11 0
ID: 43F, Data: 843 48 60 FF 78 3C 11 0
ID: 18F, Data: 8AA 46 0 0 0 0 0 0
ID: 153, Data: 80 0 0 FF 0 FF 0 0
ID: 1F1, Data: 80 75 BB 50 B C2 20 C
ID: 43F, Data: 843 48 60 FF 78 4C 11 0
ID: 43F, Data: 843 48 60 FF 78 24 11 0
ID: 316, Data: 85 1A 64 10 1C 19 18 7B
ID: 153, Data: 80 0 0 FF 0 FF 0 0
ID: 316, Data: 85 1A 75 10 1C 19 18 7B
ID: 5F0, Data: 20 0
ID: 2A0, Data: 820 5 6C 1D 33 0 11 0
ID: 329, Data: 8B B3 80 8 11 2D 0 26
ID: A1, Data: 878 83 78 80 1C 0 0 0
ID: 153, Data: 80 0 0 FF 0 FF 0 0
ID: 153, Data: 80 0 0 FF 0 FF 0 0
ID: 18F, Data: 8AA 44 0 0 0 0 0 0
ID: 329, Data: 884 B3 80 8 11 2D 0 26
ID: 316, Data: 85 1B D5 10 1B 19 17 7B
ID: 18F, Data: 8AA 43 0 0 0 0 0 0
ID: 43F, Data: 843 48 60 FF 78 BC 10 0
ID: 153, Data: 80 0 0 FF 0 FF 0 0
ID: 153, Data: 80 0 0 FF 0 FF 0 0
ID: 5F0, Data: 20 0
ID: 153, Data: 80 0 0 FF 0 FF 0 0
ID: 153, Data: 80 0 0 FF 0 FF 0 0
ID: 18F, Data: 8AA 42 0 0 0 0 0 0
ID: 316, Data: 85 1B A0 10 1B 19 17 7B
ID: 153, Data: 80 0 0 FF 0 FF 0 0
ID: 153, Data: 80 0 0 FF 0 FF 0 0
ID: 329, Data: 8B B3 80 8 11 2D 0 26
ID: 316, Data: 85 1B 8A 10 1B 19 17 7B
ID: 329, Data: 840 B3 80 8 11 2D 0 26
ID: 43F, Data: 843 48 60 FF 78 80 10 0
ID: 370, Data: 8FF E1 F0 FF FF FF FF FF
ID: 153, Data: 80 0 0 FF 0 FF 0 0
ID: 153, Data: 80 0 0 FF 0 FF 0 0
ID: 316, Data: 85 1B 53 10 1A 19 16 7B
ID: 153, Data: 80 0 0 FF 0 FF 0 0
ID: 316, Data: 85 1B 35 10 1A 19 16 7B
ID: 316, Data: 85 1B 38 10 1A 19 16 7B
ID: 2A0, Data: 820 3 6C 1D 33 0 11 0
ID: 316, Data: 85 1B 10 10 1A 19 16 7B
ID: 316, Data: 85 1B 21 10 1A 19 16 7B
ID: A1, Data: 878 82 7A 80 1D 0 0 0
ID: 316, Data: 85 1B 10 10 1A 19 16 7B
ID: 153, Data: 80 0 0 FF 0 FF 0 0
ID: A1, Data: 878 82 7D 80 1D 0 0 0
ID: 329, Data: 8B B3 80 8 11 2C 0 26
ID: 545, Data: 8E4 27 0 8C 1C 0 1C 0
ID: A0, Data: 829 7F D9 F 16 25 2 0
ID: 153, Data: 80 0 0 FF 0 FF 0 0
ID: 5A0, Data: 80 0 0 90 0 0 0 0
ID: 43F, Data: 843 48 60 FF 78 B0 F 0
ID: 316, Data: 85 1B C5 F 1A 19 16 7B
ID: 153, Data: 80 0 0 FF 0 FF 0 0
ID: 43F, Data: 83 48 60 FF 78 A8 F 0
ID: 153, Data: 80 0 0 FF 0 FF 0 0
ID: 153, Data: 80 0 0 FF 0 FF 0 0
ID: 316, Data: 85 1B A9 F 1A 19 15 7B
ID: 18F, Data: 8AA 40 0 0 0 0 0 0
ID: 5F0, Data: 20 0
ID: 440, Data: 8FE 13 15 A0 FF AA AA AA
ID: A1, Data: 878 82 7A 80 1D 0 0 0
ID: 316, Data: 85 1B AF F 1A 19 15 7B
ID: 153, Data: 80 0 0 FF 0 FF 0 0
ID: A1, Data: 878 82 7A 80 1D 0 0 0
ID: 329, Data: 840 B3 80 8 11 2C 0 26
ID: 545, Data: 8E4 28 0 8C 17 0 17 0
ID: 153, Data: 80 0 0 FF 0 FF 0 0
ID: 43F, Data: 83 48 60 FF 78 50 F 0
ID: 153, Data: 80 0 0 FF 0 FF 0 0
ID: 153, Data: 80 0 0 FF 0 FF 0 0
ID: 316, Data: 85 1B 65 F 1A 19 15 7B
ID: 545, Data: 8E4 28 0 8B 1F 0 1F 0
ID: 316, Data: 85 1B 4A F 1A 19 15 7B
ID: 316, Data: 85 1B 5C F 1A 19 15 7B
ID: 316, Data: 85 1B 59 F 1A 19 15 7B
ID: 43F, Data: 83 48 60 FF 78 EC E 0
ID: 43F, Data: 83 48 60 FF 78 AC E 0
ID: 316, Data: 85 1B 26 F 1B 1A 14 7B
ID: 316, Data: 85 1B 6 F 1B 1A 14 7B
ID: 153, Data: 80 0 0 FF 0 FF 0 0
ID: 316, Data: 85 1B C8 E 1B 1A 14 7B
ID: 43F, Data: 83 48 60 FF 78 38 E 0
ID: 370, Data: 8FF E3 F0 FF FF FF FF FF
ID: 316, Data: 85 1B 6E E 1C 1A 14 7B
ID: 153, Data: 80 0 0 FF 0 FF 0 0
ID: 316, Data: 85 1B 1A E 1C 1A 13 7B
ID: 153, Data: 80 0 0 FF 0 FF 0 0
ID: 5F0, Data: 20 0
ID: 316, Data: 85 1B ED D 1D 1A 13 7B
ID: 316, Data: 85 1B F7 D 1D 1A 13 7B
ID: 316, Data: 85 1C ED D 1D 1A 13 7B
ID: 43F, Data: 83 48 60 FF 78 4C D 0
ID: 370, Data: 8FF E3 F0 FF FF FF FF FF
ID: 316, Data: 85 1C B0 D 1D 1A 12 7B
ID: 153, Data: 80 0 0 FF 0 FF 0 0
ID: 316, Data: 85 1D AB D 1D 1A 12 7B
ID: 5F0, Data: 20 0
ID: 316, Data: 85 1D 7C D 1D 1A 12 7B
ID: 153, Data: 80 0 0 FF 0 FF 0 0
ID: 545, Data: 8E4 25 0 8C 30 0 30 0
ID: 316, Data: 85 1D 55 D 1E 1A 11 7B
ID: 153, Data: 80 0 0 FF 0 FF 0 0
ID: 153, Data: 80 0 0 FF 0 FF 0 0
ID: A0, Data: 830 7E 4C D 12 25 2 0
ID: 316, Data: 85 1E 1F D 1E 1A 11 7B
ID: 280, Data: 830 0 84 B3 1A 17 6C 43
ID: 43F, Data: 83 48 60 FF 78 FC B 0
ID: 316, Data: 85 1E FA C 1E 1A 10 7B
ID: 329, Data: 840 B3 80 8 12 2C 0 26
ID: 370, Data: 8FF E3 F0 FF FF FF FF FF
ID: 153, Data: 80 0 0 FF 0 FF 0 0
ID: A1, Data: 87D 81 7D 80 20 0 0 0
ID: 280, Data: 830 0 84 B3 18 17 6C 44
ID: 280, Data: 830 0 84 B3 18 17 6C 44
ID: 316, Data: 85 1F 43 C 20 1A 10 7B
ID: 329, Data: 840 B3 80 8 12 2C 0 26
ID: 43F, Data: 83 48 60 FF 78 E4 A 0
ID: 316, Data: 85 1F EE B 20 1A F 7B
ID: 316, Data: 85 20 C3 B 21 1A F 7B
ID: 545, Data: 8E4 23 0 8C 65 0 65 0
ID: A1, Data: 87D 81 7D 80 21 0 0 0
ID: 5F0, Data: 20 0
ID: 316, Data: 85 20 A0 B 21 1A E 7B
ID: 153, Data: 80 0 0 FF 0 FF 0 0
ID: 316, Data: 85 20 67 B 21 1A E 7B
ID: 153, Data: 80 0 0 FF 0 FF 0 0
ID: 316, Data: 85 21 2F B 22 1A D 7B
ID: 153, Data: 80 0 0 FF 0 FF 0 0
ID: 316, Data: 85 21 FE A 22 1A D 7B
ID: 43F, Data: 83 48 60 FF 77 1C 9 0
ID: 43F, Data: 83 48 60 FF 78 FC 8 0
ID: 316, Data: 85 22 4 B 22 1A C 7B
ID: 316, Data: 85 22 3 B 22 1A C 7B
ID: 316, Data: 85 22 FA A 22 1A C 7B
ID: 370, Data: 8FF E3 F0 FF FF FF FF FF
ID: 370, Data: 8FF E3 F0 FF FF FF FF FF
ID: 316, Data: 85 23 E0 A 22 19 B 7B
ID: 153, Data: 80 0 0 FF 0 FF 0 0
ID: 43F, Data: 83 48 60 FF 77 CC 7 0
ID: 153, Data: 80 0 0 FF 0 FF 0 0
ID: 153, Data: 80 0 0 FF 0 FF 0 0
ID: 1F1, Data: 80 65 50 0 5 52 20 5
ID: 260, Data: 8B 23 23 30 2C FF 71 4
ID: 370, Data: 8FF E3 F0 FF FF FF FF FF
ID: 153, Data: 80 0 0 FF 0 FF 0 0
ID: A0, Data: 835 7E DE A A 24 2 0
ID: 316, Data: 85 23 CB A 22 19 9 7B
ID: 316, Data: 85 23 BF A 23 19 9 7B
ID: 2A0, Data: 8E0 1 6C 1D 33 0 11 0
ID: 153, Data: 80 0 0 FF 0 FF 0 0
ID: 153, Data: 80 0 0 FF 0 FF 0 0
ID: 43F, Data: 8A 48 60 FF 78 14 9 0
ID: 545, Data: 8E4 24 0 8C AE 0 AE 0
ID: 153, Data: 80 0 0 FF 0 FF 0 0
ID: 43F, Data: 82 48 60 FF 77 9C 8 0
ID: A1, Data: 880 81 80 80 24 0 0 0
ID: 153, Data: 80 0 0 FF 0 FF 0 0
ID: 43F, Data: 82 48 60 FF 77 1C 8 0
ID: 153, Data: 80 0 0 FF 0 FF 0 0
ID: 153, Data: 80 0 0 FF 0 FF 0 0
ID: 153, Data: 80 0 0 FF 0 FF 0 0
ID: 370, Data: 8FF E3 F0 FF FF FF FF FF
ID: 316, Data: 85 22 D4 A 22 19 7 7B
ID: 153, Data: 80 0 0 FF 0 FF 0 0
ID: 153, Data: 80 0 0 FF 0 FF 0 0
ID: 43F, Data: 82 48 60 FF 77 48 7 0
ID: A1, Data: 87E 81 7D 80 23 0 0 0
ID: 43F, Data: 82 48 60 FF 77 18 7 0
ID: 153, Data: 80 0 0 FF 0 FF 0 0
ID: 153, Data: 80 0 0 FF 0 FF 0 0
ID: 316, Data: 85 23 71 A 23 19 6 7B
ID: 18F, Data: 8AA 3C 0 0 0 0 0 0
ID: 5F0, Data: 20 0
ID: 370, Data: 8FF E3 F0 FF FF FF FF FF
ID: A0, Data: 837 7E 30 A 6 24 2 0
ID: 1F1, Data: 80 97 2D C0 2 2D D0 2
ID: 316, Data: 85 23 1C A 24 19 5 7B
ID: 316, Data: 85 24 1D A 24 19 5 7B
ID: 545, Data: 8E4 21 0 8C BF 0 BF 0
ID: 153, Data: 80 0 0 FF 0 FF 0 0
ID: 153, Data: 80 0 0 FF 0 FF 0 0
ID: A1, Data: 880 80 80 80 24 0 0 0
ID: 280, Data: 830 0 84 B3 14 1A 6C 4D
ID: 329, Data: 8B B2 80 8 12 2B 0 26
ID: 316, Data: 85 24 5B A 23 19 5 7B
ID: 153, Data: 80 0 0 FF 0 FF 0 0
ID: 316, Data: 85 24 50 A 23 19 4 7B
ID: 316, Data: 85 24 55 A 23 19 4 7B
ID: 153, Data: 80 0 0 FF 0 FF 0 0
ID: 260, Data: 8B 24 24 30 2C FF 71 2
ID: 316, Data: 85 24 5E A 23 19 4 7B
ID: A1, Data: 880 80 80 80 24 0 0 0
ID: 153, Data: 80 0 0 FF 0 FF 0 0
ID: 153, Data: 80 0 0 FF 0 FF 0 0
ID: 43F, Data: 82 48 60 FF 77 20 4 0
ID: 545, Data: 8E4 22 0 8D BE 0 BE 0
ID: 153, Data: 80 0 0 FF 0 FF 0 0
ID: 43F, Data: 82 48 60 FF 77 D8 3 0
ID: A1, Data: 87E 80 7E 80 24 0 0 0
ID: 153, Data: 80 0 0 FF 0 FF 0 0
ID: 153, Data: 80 0 0 FF 0 FF 0 0
ID: 153, Data: 80 0 0 FF 0 FF 0 0
ID: 545, Data: 8E4 21 0 8D C1 0 C1 0
ID: 316, Data: 85 24 49 A 23 19 3 7B
ID: 545, Data: 8E4 22 0 8B BF 0 BF 0
ID: A1, Data: 87E 80 7E 80 24 0 0 0
ID: 153, Data: 80 0 0 FF 0 FF 0 0
ID: 440, Data: 8BF 82 2 A0 FF AA AA AA
ID: 153, Data: 80 0 0 FF 0 FF 0 0
ID: 370, Data: 8FF E3 F0 FF FF FF FF FF
ID: 43F, Data: 82 48 60 FF 77 D8 2 0
ID: 2A0, Data: 8E0 0 6C 1D 33 0 11 0
ID: 153, Data: 80 0 0 FF 0 FF 0 0
ID: 316, Data: 85 24 3E A 23 19 2 7B
ID: 370, Data: 8FF E3 F0 FF FF FF FF FF
ID: 316, Data: 85 24 48 A 23 19 2 7B
ID: 260, Data: 8B 24 24 30 2C FF 70 12
ID: 153, Data: 80 0 0 FF 0 FF 0 0
ID: 316, Data: 85 24 57 A 23 19 2 7B
ID: 5F0, Data: 20 0
ID: 316, Data: 85 23 57 A 23 19 2 7B
ID: 153, Data: 80 0 0 FF 0 FF 0 0
ID: 316, Data: 85 23 44 A 23 19 2 7B
ID: 316, Data: 85 23 3D A 23 19 2 7B
ID: 153, Data: 80 0 0 FF 0 FF 0 0
ID: 280, Data: 830 0 84 B3 14 1A 6C 4C
ID: 316, Data: 85 29 45 A 2F 19 2 7B
ID: 43F, Data: 82 48 60 FF 77 60 3 0
ID: 153, Data: 80 0 0 FF 0 FF 0 0
ID: 43F, Data: 82 48 60 FF 78 78 3 0
ID: 43F, Data: 82 48 60 FF 78 84 3 0
ID: 153, Data: 80 0 0 FF 0 FF 0 0
ID: 316, Data: 85 2B DD A 33 19 3 7B
ID: 153, Data: 80 0 0 FF 0 FF 0 0
ID: 316, Data: 85 2C F5 A 33 19 3 7B
ID: 316, Data: 85 2C C B 33 19 3 7B
ID: 153, Data: 80 0 0 FF 0 FF 0 0
ID: 316, Data: 85 2D 29 B 32 19 3 7B
ID: 370, Data: 8FF E3 F0 FF FF FF FF FF
ID: 316, Data: 85 2D 5B B 32 19 3 7B
ID: 153, Data: 80 0 0 FF 0 FF 0 0
ID: 153, Data: 80 0 0 FF 0 FF 0 0
ID: 5F0, Data: 20 0
ID: A1, Data: 87E 7D 7A 7E 26 0 0 0
ID: A0, Data: 839 7E D0 B 4 25 2 0
ID: A0, Data: 839 7E D0 B 4 25 2 0
ID: 545, Data: 8E4 2A 0 8C 68 1 68 1
ID: 2A0, Data: 8C1 1 6C 1D 33 0 11 0
ID: 43F, Data: 82 48 60 FF 77 88 4 0
ID: 370, Data: 8FF E3 F0 FF FF FF FF FF
ID: 153, Data: 80 0 0 FF 0 FF 0 0
ID: 153, Data: 80 0 0 FF 0 FF 0 0
ID: 280, Data: 830 0 88 B3 19 1D 6C 51
ID: 43F, Data: 82 48 60 FF 78 E4 4 0
ID: A1, Data: 880 7D 7C 7E 27 0 0 0
ID: 5F0, Data: 20 0
ID: 316, Data: 85 31 35 D 42 19 4 7B
ID: 153, Data: 80 0 0 FF 0 FF 0 0
ID: 316, Data: 85 33 6E D 42 19 4 7B
ID: 153, Data: 80 0 0 FF 0 FF 0 0
ID: 316, Data: 85 36 D4 D 40 18 4 7B
ID: 153, Data: 80 0 0 FF 0 FF 0 0
ID: 316, Data: 85 37 88 E 3F 17 4 7B
ID: 153, Data: 80 0 0 FF 0 FF 0 0
ID: 43F, Data: 82 48 60 FF 78 F8 5 0
ID: 43F, Data: 82 48 60 FF 78 18 6 0
ID: 153, Data: 80 0 0 FF 0 FF 0 0
ID: 316, Data: 85 37 3B 10 41 16 5 7B
ID: 153, Data: 80 0 0 FF 0 FF 0 0
ID: 153, Data: 80 0 0 FF 0 FF 0 0
ID: 316, Data: 85 38 E4 10 41 16 5 7B
ID: 153, Data: 80 0 0 FF 0 FF 0 0
ID: 5F0, Data: 20 0
ID: 153, Data: 80 0 0 FF 0 FF 0 0
ID: 316, Data: 85 39 93 11 45 15 6 7B
ID: 153, Data: 80 0 0 FF 0 FF 0 0
ID: 316, Data: 85 3A D7 11 47 15 6 7B
ID: 440, Data: 8CE 72 6 A0 FF AA AA AA
ID: 153, Data: 80 0 0 FF 0 FF 0 0
ID: 153, Data: 80 0 0 FF 0 FF 0 0
ID: 329, Data: 8B B3 80 8 11 36 16 26
ID: 43F, Data: 82 48 60 FF 78 84 8 0
ID: 545, Data: 8E4 5D 0 8C D9 2 D9 2
ID: 440, Data: 8D1 72 7 A0 FF AA AA AA
ID: 316, Data: 85 3D 10 13 46 14 7 7B
ID: 316, Data: 85 3D 36 13 46 14 7 7B
ID: 43F, Data: 82 48 60 FF 78 80 9 0
ID: 43F, Data: 82 48 60 FF 78 B0 9 0
ID: 153, Data: 80 0 0 FF 0 FF 0 0
ID: 280, Data: 830 0 88 B3 27 27 6C 6E
ID: 316, Data: 85 3F CD 13 45 14 8 7B
ID: 43F, Data: 82 48 60 FF 78 84 A 0
ID: 316, Data: 85 3F 1E 14 45 14 9 7B
ID: 153, Data: 80 0 0 FF 0 FF 0 0
ID: 260, Data: 8B 40 45 30 2C FF C4 27
ID: 43F, Data: 82 48 60 FF 78 5C B 0
ID: A0, Data: 84F 7E 68 14 A 2F 2 0
ID: 1F0, Data: 83 40 1 C0 0 0 0 0
ID: 153, Data: 80 0 0 FF 0 FF 0 0
ID: 153, Data: 80 0 0 FF 0 FF 0 0
ID: A1, Data: 881 80 81 82 36 0 0 0
ID: 329, Data: 840 B3 80 8 11 37 17 26
ID: 329, Data: 884 B3 80 8 11 38 17 26
ID: 43F, Data: 82 48 60 FF 78 18 D 0
ID: 316, Data: 85 42 3B 15 43 13 B 7B
ID: 545, Data: 8E4 73 0 8C 41 3 41 3
ID: 5F0, Data: 20 0
ID: 1F1, Data: 80 20 63 40 6 66 60 6
ID: 316, Data: 85 41 99 15 39 13 C 7B
ID: 316, Data: 85 43 99 15 37 13 C 7B
ID: 1F1, Data: 80 20 68 60 6 6A A0 6
ID: 1F0, Data: 8F8 3F 1 C0 0 0 0 0
ID: 370, Data: 8FF E1 F0 FF FF FF FF FF
ID: 43F, Data: 82 48 60 FF 78 2C F 0
ID: 18F, Data: 8AA 3B 0 0 0 0 0 0
ID: A1, Data: 881 80 80 82 36 0 0 0
ID: 18F, Data: 8AA 3B 0 0 0 0 0 0
ID: A1, Data: 881 80 80 82 32 0 0 0
ID: 329, Data: 840 B3 80 8 11 32 0 26
ID: 545, Data: 8E4 5B 0 8D 11 2 11 2
ID: 43F, Data: 82 48 60 FF 78 7C 10 0
ID: 1F1, Data: 80 42 76 60 7 7A A0 7
ID: 153, Data: 80 0 0 FF 0 FF 0 0
ID: 440, Data: 8FE 72 E A0 FF AA AA AA
ID: 316, Data: 85 27 F5 13 16 17 F 7B
ID: 440, Data: 8FE 72 F A0 FF AA AA AA
ID: 316, Data: 85 22 D9 12 18 17 F 7B
ID: 260, Data: 8B 21 19 30 2C FF 9B 23
ID: 43F, Data: 82 48 60 FF 78 54 11 0
ID: 43F, Data: 82 48 60 FF 78 78 11 0
ID: A1, Data: 880 81 7A 80 1C 0 0 0
ID: 5F0, Data: 20 0
ID: 153, Data: 80 0 0 FF 0 FF 0 0
ID: 316, Data: 85 20 41 11 28 19 F 7B
ID: 5F0, Data: 20 0
ID: 316, Data: 85 20 C3 11 2B 18 F 7B
ID: 153, Data: 80 0 0 FF 0 FF 0 0
ID: 316, Data: 85 22 8 12 2B 18 F 7B
ID: 153, Data: 80 0 0 FF 0 FF 0 0
ID: 316, Data: 85 24 84 12 2B 18 10 7B
ID: 316, Data: 85 24 BE 12 2B 17 10 7B
ID: 2A0, Data: 8C1 8 6C 1D 33 0 11 0
ID: 43F, Data: 82 48 60 FF 78 1C 12 0
ID: 370, Data: 8FF E0 F0 FF FF FF FF FF
ID: 1F0, Data: 8FC 3F 1 C0 0 0 0 0
ID: 316, Data: 85 27 36 13 2A 17 10 7B
ID: 153, Data: 80 0 0 FF 0 FF 0 0
ID: 260, Data: 8B 28 2A 30 2C FF B7 2C
ID: 5F0, Data: 20 0
ID: 43F, Data: 82 48 60 FF 78 60 12 0
ID: 43F, Data: 82 48 60 FF 78 68 12 0
ID: 316, Data: 85 2A AA 13 33 20 10 7B
ID: 316, Data: 85 2A CD 13 33 20 10 7B
ID: 153, Data: 80 0 0 FF 0 FF 0 0
ID: 316, Data: 85 2C A 14 34 20 10 7B
ID: 153, Data: 80 0 0 FF 0 FF 0 0
ID: 316, Data: 85 2C 58 14 3C 20 10 7B
ID: 5F0, Data: 20 0
ID: A1, Data: 880 7D 7C 7E 26 0 0 0
ID: 18F, Data: 8AA 3A 0 0 0 0 0 0
ID: A1, Data: 880 7D 7C 7E 26 0 0 0
ID: 329, Data: 840 B3 80 8 11 36 E 26
ID: 545, Data: 8E4 57 0 8C 67 1 67 1
ID: 43F, Data: 82 48 60 FF 78 4C 13 0
ID: 1F0, Data: 83 40 1 C0 0 0 0 0
ID: 370, Data: 8FF DD F0 FF FF FF FF FF
ID: 316, Data: 845 38 6F 15 46 1E 11 7B
ID: 260, Data: 8B 3A 47 30 2C FF C4 1D
ID: 316, Data: 845 3A FA 15 46 1E 11 7B
ID: 153, Data: 80 0 0 FF 0 FF 0 0
ID: 316, Data: 845 40 78 16 46 1D 11 7B
ID: 43F, Data: 82 48 60 FF 78 5C 14 0
ID: 153, Data: 80 0 0 FF 0 FF 0 0
ID: 153, Data: 80 0 0 FF 0 FF 0 0
ID: 316, Data: 845 42 3 17 45 1D 12 7B
ID: A1, Data: 881 80 80 82 36 0 0 0
ID: 316, Data: 845 43 56 17 44 1D 12 7B
ID: 316, Data: 845 43 72 17 44 1D 12 7B
ID: 153, Data: 80 0 0 FF 0 FF 0 0
ID: 316, Data: 845 44 9C 17 44 1C 12 7B
ID: 153, Data: 80 0 0 FF 0 FF 0 0
ID: 43F, Data: 82 48 60 FF 78 A8 15 0
ID: 2A0, Data: 81 A 6C 1D 33 0 11 0
ID: 43F, Data: 82 48 60 FF 78 E0 15 0
ID: 43F, Data: 82 48 60 FF 78 FC 15 0
ID: 1F1, Data: 80 1E 9C C0 9 A1 10 A
ID: 1F0, Data: 82 40 1 C0 0 0 0 0
ID: 153, Data: 80 0 0 FF 0 FF 0 0
ID: 2A0, Data: 861 B 6C 1D 33 0 11 0
ID: 316, Data: 845 43 0 19 42 1C 14 7B
ID: 260, Data: 8B 44 43 30 2C FF CB 1F
ID: 43F, Data: 82 48 60 FF 78 F0 16 0
ID: 280, Data: 830 0 88 B3 32 29 6C 74
ID: 5F0, Data: 20 0
ID: 316, Data: 845 42 AC 19 2A 1D 14 7B
ID: 43F, Data: 82 48 60 FF 78 78 17 0
ID: 153, Data: 80 0 0 FF 0 FF 0 0
ID: 153, Data: 80 0 0 FF 0 FF 0 0
ID: 316, Data: 845 3E 36 1A 18 1E 15 7B
ID: A1, Data: 87D 80 7B 82 2E 0 0 0
ID: 153, Data: 80 0 0 FF 0 FF 0 0
ID: 316, Data: 845 32 C5 19 1A 1F 15 7B
ID: 440, Data: 8FE 82 15 A0 FF AA AA AA
ID: 1F0, Data: 82 40 1 C0 0 0 0 0
ID: 316, Data: 845 26 D0 18 1B 21 16 7B
ID: 153, Data: 80 0 0 FF 0 FF 0 0
ID: 153, Data: 80 0 0 FF 0 FF 0 0
ID: 545, Data: 8E4 42 0 8C F0 FF F0 FF
ID: 316, Data: 845 1F 36 18 1D 21 16 7B
ID: 153, Data: 80 0 0 FF 0 FF 0 0
ID: 153, Data: 80 0 0 FF 0 FF 0 0
ID: 316, Data: 845 1A 8E 17 1D 21 16 7B
ID: 153, Data: 80 0 0 FF 0 FF 0 0
ID: 545, Data: 8E4 37 0 8C 62 FF 62 FF
ID: 316, Data: 845 1A 78 16 1E 21 16 7B
ID: 43F, Data: 82 48 60 FF 78 7C 18 0
ID: 316, Data: 845 1C E1 15 1E 21 16 7B
ID: 153, Data: 80 0 0 FF 0 FF 0 0
ID: 316, Data: 845 1E D5 15 1E 21 16 7B
ID: 316, Data: 845 1E E7 15 1E 21 16 7B
ID: A1, Data: 87B 81 79 80 1E 0 0 0
ID: 316, Data: 845 1F 32 16 1E 21 16 7B
ID: 316, Data: 845 1F 52 16 1E 21 16 7B
ID: 153, Data: 80 0 0 FF 0 FF 0 0
ID: 545, Data: 8E4 47 0 8C E1 FF E1 FF
ID: 316, Data: 845 1F 64 17 1D 21 16 7B
ID: A0, Data: 830 7E C0 16 16 2A 2 0
ID: 316, Data: 845 1E AB 17 1D 21 16 7B
ID: 2A0, Data: 8E0 8 6C 1D 33 0 11 0
ID: 316, Data: 845 1E EC 17 1C 21 16 7B
ID: 316, Data: 845 1E EC 17 1C 21 16 7B
ID: 5F0, Data: 20 0
ID: 280, Data: 830 0 84 B3 30 18 6C 3F
ID: 316, Data: 845 1D 27 18 1C 21 16 7B
ID: 316, Data: 845 1D 27 18 1C 21 16 7B
ID: 280, Data: 830 0 84 B3 30 17 6C 3F
ID: 43F, Data: 82 48 60 FF 78 3C 18 0
ID: 370, Data: 8FF DA F0 FF FF FF FF FF
ID: 153, Data: 80 0 0 FF 0 FF 0 0
ID: 316, Data: 845 1D DD 17 1C 21 16 7B
ID: 316, Data: 845 1D DD 17 1C 21 16 7B
ID: 43F, Data: 82 48 60 FF 78 44 18 0
ID: 316, Data: 845 1D AB 17 1C 21 16 7B
ID: A0, Data: 82C 7E C7 17 16 29 2 0
ID: 316, Data: 845 1D 95 17 1C 21 16 7B
ID: 2A0, Data: 820 6 6C 1D 33 0 11 0
ID: 370, Data: 8FF DA F0 FF FF FF FF FF
ID: 316, Data: 845 1D 5D 17 1C 21 16 7B
ID: 153, Data: 80 0 0 FF 0 FF 0 0
ID: 280, Data: 830 0 84 B2 2E 16 6C 3D
ID: 316, Data: 845 1D 72 17 1B 21 16 7B
ID: A0, Data: 82B 7E 72 17 16 29 2 0
ID: 316, Data: 845 1D 56 17 1B 21 15 7B
ID: 2A0, Data: 880 6 6C 1D 33 0 11 0
ID: 153, Data: 80 0 0 FF 0 FF 0 0
ID: 316, Data: 845 1D 6B 17 1B 21 15 7B
ID: 316, Data: 845 1C 56 17 1B 21 15 7B
ID: A1, Data: 87D 80 7B 7F 1D 0 0 0
ID: 316, Data: 845 1C 3A 17 1B 21 15 7B
ID: 316, Data: 845 1C 3A 17 1B 21 15 7B
ID: 316, Data: 845 1C 41 17 1B 21 15 7B
ID: 2A0, Data: 8E0 5 6C 1D 33 0 11 0
ID: 153, Data: 80 0 0 FF 0 FF 0 0
ID: 316, Data: 845 1C 11 17 1B 21 15 7B
ID: 370, Data: 8FF DA F0 FF FF FF FF FF
ID: A1, Data: 87D 80 7B 7F 1C 0 0 0
ID: 316, Data: 845 1C C0 16 1C 21 15 7B
ID: 316, Data: 845 1C 99 16 1C 21 15 7B
ID: 316, Data: 845 1C 85 16 1C 21 15 7B
ID: 316, Data: 845 1C 65 16 1C 21 15 7B
ID: 153, Data: 80 0 0 FF 0 FF 0 0
ID: 18F, Data: 8AA 48 0 0 0 0 0 0
ID: 545, Data: 8E4 3B 0 8C AB FF AB FF
ID: 316, Data: 845 1C FA 15 1C 21 15 7B
ID: 153, Data: 80 0 0 FF 0 FF 0 0
ID: 316, Data: 845 1C 6 16 1C 21 15 7B
ID: 370, Data: 8FF DA F0 FF FF FF FF FF
ID: 18F, Data: 8AA 48 0 0 0 0 0 0
ID: 153, Data: 80 0 0 FF 0 FF 0 0
ID: 316, Data: 845 1C FA 15 1C 21 15 7B
ID: 153, Data: 80 0 0 FF 0 FF 0 0
ID: 316, Data: 845 1D 0 16 1C 21 15 7B
ID: 316, Data: 845 1D 13 16 1C 21 15 7B
ID: 18F, Data: 8AA 49 0 0 0 0 0 0
ID: 43F, Data: 82 48 60 FF 78 24 17 0
ID: 153, Data: 80 0 0 FF 0 FF 0 0
ID: 316, Data: 845 1D C 16 1C 21 14 7B
ID: 316, Data: 845 1D C 16 1C 21 14 7B
ID: 260, Data: 8B 1D 1C 30 2C FF 80 12
ID: 316, Data: 845 1D E7 15 1C 21 14 7B
ID: 280, Data: 830 0 84 B2 2B 16 6C 3C
ID: 316, Data: 845 1D BD 15 1C 21 14 7B
ID: 2A0, Data: 8E0 3 6C 1D 33 0 11 0
ID: 153, Data: 80 0 0 FF 0 FF 0 0
ID: 316, Data: 845 1D A5 15 1C 21 14 7B
ID: 316, Data: 845 1D 99 15 1C 21 14 7B
ID: 153, Data: 80 0 0 FF 0 FF 0 0
ID: 316, Data: 845 1D 4C 15 1D 21 14 7B
ID: 153, Data: 80 0 0 FF 0 FF 0 0
ID: A1, Data: 880 80 7D 7F 1D 0 0 0
ID: 280, Data: 830 0 84 B2 2A 16 6C 3D
ID: 545, Data: 8E4 3C 0 8C B8 FF B8 FF
ID: 43F, Data: 82 48 60 FF 78 B8 15 0
ID: 329, Data: 840 B2 80 8 12 30 0 26
ID: A0, Data: 82C 7E 29 15 14 28 2 0
ID: 316, Data: 845 1D 7 15 1D 21 13 7B
ID: 1F0, Data: 8FC 3F 1 C0 0 0 0 0
ID: 1F1, Data: 80 1E 99 60 9 9C B0 9
ID: 260, Data: 8B 1E 1D 30 2C FF 7F 30
ID: 43F, Data: 82 48 60 FF 78 28 15 0
ID: 43F, Data: 82 48 60 FF 78 10 15 0
ID: 260, Data: 8B 1E 1D 30 2C FF 7F 30
ID: 5F0, Data: 20 0
ID: 329, Data: 884 B2 80 8 12 30 0 26
ID: 316, Data: 845 1E 4D 14 1D 21 13 7B
ID: 370, Data: 8FF DA F0 FF FF FF FF FF
ID: 153, Data: 80 0 0 FF 0 FF 0 0
ID: 43F, Data: 82 48 60 FF 78 84 14 0
ID: A1, Data: 880 80 80 7F 1D 0 0 0
ID: 43F, Data: 82 48 60 FF 78 48 14 0
ID: 316, Data: 845 1E D7 13 1E 21 12 7B
ID: 316, Data: 845 1E CD 13 1E 21 12 7B
ID: 5F0, Data: 20 0
ID: 260, Data: 8B 1F 1E 30 2C FF 7F 10
ID: 545, Data: 8E4 3A 0 8C D2 FF D2 FF
ID: 153, Data: 80 0 0 FF 0 FF 0 0
ID: 153, Data: 80 0 0 FF 0 FF 0 0
ID: 316, Data: 845 1F 6F 13 15 18 11 7B
ID: 43F, Data: 82 48 60 FF 78 3C 13 0
ID: 260, Data: 8B 1E 15 30 2C FF 7F 29
ID: 153, Data: 80 0 0 FF 0 FF 0 0
ID: 153, Data: 80 0 0 FF 0 FF 0 0
ID: 316, Data: 845 1C BE 12 16 18 11 7B
ID: 153, Data: 80 0 0 FF 0 FF 0 0
ID: 2A0, Data: 880 2 6C 1D 33 0 11 0
ID: 316, Data: 845 1B F4 11 17 18 10 7B
ID: 1F1, Data: 80 75 7F E0 7 80 0 8
ID: 316, Data: 85 1B 50 11 18 19 10 7B
ID: 153, Data: 80 0 0 FF 0 FF 0 0
ID: A1, Data: 880 80 80 7F 1C 0 0 0
ID: 316, Data: 85 1B 14 11 18 19 F 7B
ID: 153, Data: 80 0 0 FF 0 FF 0 0
ID: 153, Data: 80 0 0 FF 0 FF 0 0
ID: A0, Data: 827 7D D5 10 F 25 2 0
ID: 316, Data: 85 1B 91 10 19 19 F 7B
ID: 280, Data: 830 0 84 B2 20 14 6C 3A
ID: A1, Data: 87D 80 80 7F 1C 0 0 0
ID: 316, Data: 85 1B E9 F 1A 1A E 7B
ID: 1F0, Data: 85 40 1 C0 0 0 0 0
ID: 545, Data: 8E4 25 0 8C F 0 F 0
ID: 316, Data: 85 1B EC E 1B 1A D 7B
ID: 5A0, Data: 80 0 0 90 0 0 0 0
ID: 316, Data: 85 1B 6B E 1C 1A D 7B
ID: 43F, Data: 82 48 60 FF 78 94 D 0
ID: 43F, Data: 82 48 60 FF 78 6C D 0
ID: 329, Data: 840 B1 80 8 12 2C 0 26
ID: A1, Data: 87B 80 7D 7F 1D 0 0 0
ID: 153, Data: 80 0 0 FF 0 FF 0 0
ID: 153, Data: 80 0 0 FF 0 FF 0 0
ID: 153, Data: 80 0 0 FF 0 FF 0 0
ID: A0, Data: 831 7D 40 D C 25 2 0
ID: 316, Data: 85 1F 21 D 1E 1B C 7B
ID: 316, Data: 85 1F 33 D 1E 1A B 7B
ID: 2A0, Data: 8E0 2 6C 1D 33 0 11 0
ID: 153, Data: 80 0 0 FF 0 FF 0 0
ID: 153, Data: 80 0 0 FF 0 FF 0 0
ID: 43F, Data: 82 48 60 FF 78 74 C 0
ID: 545, Data: 8E4 27 0 8C 5A 0 5A 0
ID: 153, Data: 80 0 0 FF 0 FF 0 0
ID: 43F, Data: 82 48 60 FF 78 44 C 0
ID: 260, Data: 8B 20 1E 30 2C FF 74 28
ID: 153, Data: 80 0 0 FF 0 FF 0 0
ID: 370, Data: 8FF DA F0 FF FF FF FF FF
ID: 43F, Data: 82 48 60 FF 78 F4 B 0
ID: A0, Data: 82F 7D 18 D B 24 2 0
ID: 5F0, Data: 20 0
ID: 153, Data: 80 0 0 FF 0 FF 0 0
ID: 316, Data: 85 1F C1 C 1F 1B A 7B
ID: 440, Data: 8FE 72 A A0 FF AA AA AA
ID: 43F, Data: 82 48 60 FF 78 84 B 0
ID: 316, Data: 85 20 8C C 1F 1B A 7B
ID: 316, Data: 85 20 6E C 1F 1B A 7B
ID: 2A0, Data: 840 1 6C 1D 33 0 11 0
ID: 153, Data: 80 0 0 FF 0 FF 0 0
ID: 153, Data: 80 0 0 FF 0 FF 0 0
ID: 153, Data: 80 0 0 FF 0 FF 0 0
ID: 545, Data: 8E4 23 0 8C 75 0 75 0
ID: 316, Data: 85 21 ED B 20 1A A 7B
ID: 2A0, Data: 880 1 6C 1D 33 0 11 0
ID: 43F, Data: 82 48 60 FF 78 64 A 0
ID: 440, Data: 8FE 72 9 A0 FF AA AA AA
ID: 153, Data: 80 0 0 FF 0 FF 0 0
ID: 260, Data: 8B 22 21 30 2C FF 72 15
ID: 316, Data: 85 22 56 B 21 1A 9 7B
ID: 153, Data: 80 0 0 FF 0 FF 0 0
ID: 316, Data: 85 22 19 B 22 1A 9 7B
ID: 153, Data: 80 0 0 FF 0 FF 0 0
ID: 316, Data: 85 23 1 B 22 1A 9 7B
ID: 43F, Data: 82 48 60 FF 78 80 9 0
ID: 43F, Data: 82 48 60 FF 78 74 9 0
ID: 43F, Data: 82 48 60 FF 78 54 9 0
ID: 440, Data: 8FE 72 8 A0 FF AA AA AA
ID: 329, Data: 884 B1 80 8 12 2B 0 26
ID: 153, Data: 80 0 0 FF 0 FF 0 0
ID: 153, Data: 80 0 0 FF 0 FF 0 0
ID: 316, Data: 85 24 1F B 22 1A 8 7B
ID: 43F, Data: 82 48 60 FF 78 F4 8 0
ID: 316, Data: 85 24 27 B 22 1A 8 7B
ID: 316, Data: 85 24 2C B 22 1A 8 7B
ID: 316, Data: 85 24 2F B 22 1A 8 7B
ID: 260, Data: 8B 24 22 30 2C FF 72 12
ID: 153, Data: 80 0 0 FF 0 FF 0 0
ID: 316, Data: 85 24 1F B 22 1A 7 7B
ID: 5F0, Data: 20 0
ID: 316, Data: 85 23 12 B 22 1A 7 7B
ID: 153, Data: 80 0 0 FF 0 FF 0 0
ID: 316, Data: 85 23 0 B 22 1A 7 7B
ID: 316, Data: 85 23 E4 A 22 1A 7 7B
ID: 153, Data: 80 0 0 FF 0 FF 0 0
ID: 316, Data: 85 24 D2 A 22 1A 7 7B
ID: 153, Data: 80 0 0 FF 0 FF 0 0
ID: 316, Data: 85 24 C3 A 23 1A 7 7B
ID: 43F, Data: 89 48 60 FF 78 64 7 0
ID: 370, Data: 8FF DA F0 FF FF FF FF FF
ID: 43F, Data: 89 48 60 FF 78 5C 7 0
ID: 153, Data: 80 0 0 FF 0 FF 0 0
ID: 316, Data: 85 24 67 A 23 19 6 7B
ID: 153, Data: 80 0 0 FF 0 FF 0 0
ID: 316, Data: 85 25 77 A 23 19 6 7B
ID: 440, Data: 8FA D2 6 A0 FF AA AA AA
ID: 153, Data: 80 0 0 FF 0 FF 0 0
ID: 316, Data: 85 25 7E A 23 19 6 7B
ID: 440, Data: 8FA D2 6 A0 FF AA AA AA
ID: 370, Data: 8FF DA F0 FF FF FF FF FF
ID: 316, Data: 85 25 8A A 23 19 6 7B
ID: 43F, Data: 89 48 60 FF 78 64 7 0
ID: 43F, Data: 89 48 60 FF 78 50 7 0
ID: 43F, Data: 89 48 60 FF 78 4C 7 0
ID: 43F, Data: 89 48 60 FF 78 78 7 0
ID: 2A0, Data: 880 0 6D 1D 33 0 11 0
ID: 43F, Data: 89 48 60 FF 78 E4 8 0
ID: 316, Data: 85 24 B1 A 23 19 6 7B
ID: 1F1, Data: 80 31 32 30 3 33 50 3
ID: 316, Data: 85 23 4F B 22 1A 6 7B
ID: 545, Data: 8E4 24 0 8D A4 0 A4 0
ID: 153, Data: 80 0 0 FF 0 FF 0 0
ID: 316, Data: 85 23 5E C 1F 1A 6 7B
ID: 18F, Data: 8AA 40 0 0 0 0 0 0
ID: 316, Data: 85 21 2A D 1D 1A 6 7B
ID: A1, Data: 877 80 79 7F 22 0 0 0
ID: 370, Data: 8FF DA F0 FF FF FF FF FF
ID: 43F, Data: 89 48 60 FF 78 10 D 0
ID: 545, Data: 8E4 28 0 8D FE 0 FE 0
ID: 18F, Data: 8AA 40 0 0 0 0 0 0
ID: 1F0, Data: 81C 40 1 C0 0 0 0 0
ID: 18F, Data: 8AA 40 0 0 0 0 0 0
ID: 18F, Data: 8AA 40 0 0 0 0 0 0
ID: 316, Data: 85 32 4E E 3D 19 6 7B
ID: 316, Data: 85 33 6E E 3D 19 6 7B
ID: 316, Data: 85 34 9B E 3D 18 6 7B
ID: 545, Data: 8E4 3A 0 8C F7 1 F7 1
ID: 153, Data: 80 0 0 FF 0 FF 0 0
ID: 153, Data: 80 0 0 FF 0 FF 0 0
ID: 43F, Data: 81 48 60 FF 78 38 D 0
ID: 2A0, Data: 861 2 6D 1D 33 0 11 0
ID: 316, Data: 85 39 98 10 48 17 6 7B
ID: 316, Data: 85 3A 1 11 47 16 6 7B
ID: 153, Data: 80 0 0 FF 0 FF 0 0
ID: 329, Data: 840 B1 80 8 11 35 15 26
ID: 316, Data: 85 3D 48 12 44 15 7 7B
ID: 2A0, Data: 8C1 3 6D 1D 33 0 11 0
ID: 43F, Data: 81 48 60 FF 78 8 F 0
ID: 153, Data: 80 0 0 FF 0 FF 0 0
ID: 316, Data: 85 3C A0 13 42 15 7 7B
ID: 153, Data: 80 0 0 FF 0 FF 0 0
ID: 316, Data: 85 3B 1E 14 41 15 7 7B
ID: 316, Data: 85 3A 68 14 40 15 8 7B
ID: 545, Data: 8E4 63 0 8C 98 2 98 2
ID: 43F, Data: 81 48 60 FF 78 18 11 0
ID: 153, Data: 80 0 0 FF 0 FF 0 0
ID: 316, Data: 85 3A 29 15 2C 15 8 7B
ID: 316, Data: 85 39 4C 15 2A 15 9 7B
ID: 280, Data: 830 0 88 B1 2A 23 6D 66
ID: 370, Data: 8FF DA F0 FF FF FF FF FF
ID: 316, Data: 85 38 CF 15 23 15 9 7B
ID: 43F, Data: 81 48 60 FF 78 54 13 0
ID: 316, Data: 85 35 0 16 17 15 A 7B
ID: 545, Data: 8E4 5B 0 8D 1A 2 1A 2
ID: 153, Data: 80 0 0 FF 0 FF 0 0
ID: 153, Data: 80 0 0 FF 0 FF 0 0
ID: A0, Data: 824 7D E1 15 B 27 2 0
ID: 280, Data: 830 0 84 B1 2B 19 6D 45
ID: 2A0, Data: 880 5 6D 1D 33 0 11 0
ID: 43F, Data: 81 48 60 FF 78 68 14 0
ID: 43F, Data: 81 48 60 FF 78 84 14 0
ID: 280, Data: 830 0 84 B1 2A 15 6D 3C
ID: 316, Data: 85 1E F1 14 1B 18 B 7B
ID: 316, Data: 85 1C CA 14 1B 18 B 7B
ID: 18F, Data: 8AA 3E 0 0 0 0 0 0
ID: 153, Data: 80 0 0 FF 0 FF 0 0
ID: A1, Data: 87A 80 78 7F 1B 0 0 0
ID: 2A0, Data: 8E0 4 6D 1D 33 0 11 0
ID: 2A0, Data: 880 4 6D 1D 33 0 11 0
ID: A1, Data: 87B 80 78 7F 1C 0 0 0
ID: 153, Data: 80 0 0 FF 0 FF 0 0
ID: 153, Data: 80 0 0 FF 0 FF 0 0
ID: 43F, Data: 81 48 60 FF 78 78 14 0
ID: 260, Data: 8B 1D 16 30 2C FF 6E 1C
ID: 43F, Data: 81 48 60 FF 78 F8 13 0
ID: 316, Data: 85 1D 61 12 17 18 B 7B
ID: 18F, Data: 8AA 3E 0 0 0 0 0 0
ID: 316, Data: 85 1D 5D 12 17 18 B 7B
ID: 153, Data: 80 0 0 FF 0 FF 0 0
ID: 316, Data: 85 1B E7 12 17 18 A 7B
ID: 153, Data: 80 0 0 FF 0 FF 0 0
ID: 316, Data: 85 1A 10 13 17 18 A 7B
ID: 370, Data: 8FF DA F0 FF FF FF FF FF
ID: 316, Data: 85 1A C 13 18 18 A 7B
ID: 316, Data: 85 1A DE 12 18 18 A 7B
ID: 316, Data: 85 1A 91 12 19 18 A 7B
ID: 280, Data: 830 0 84 B1 24 14 6D 39
ID: 153, Data: 80 0 0 FF 0 FF 0 0
ID: 316, Data: 85 1A 0 12 19 19 A 7B
ID: 43F, Data: 81 48 60 FF 78 30 12 0
ID: 43F, Data: 81 48 60 FF 78 20 12 0
ID: 280, Data: 830 0 84 B1 23 14 6D 39
ID: 316, Data: 85 1A 7B 11 19 19 A 7B
ID: 316, Data: 85 1A 68 11 19 19 A 7B
ID: 2A0, Data: 8E0 3 6D 1D 33 0 11 0
ID: 43F, Data: 81 48 60 FF 78 90 11 0
ID: 43F, Data: 81 48 60 FF 78 7C 11 0
ID: 440, Data: 8FE 91 8 A0 FF AA AA AA
ID: 153, Data: 80 0 0 FF 0 FF 0 0
ID: 316, Data: 85 1B C7 10 19 19 9 7B
ID: 316, Data: 85 1B B8 10 19 19 9 7B
ID: 329, Data: 840 B1 80 8 11 2D 0 26
ID: 43F, Data: 81 48 60 FF 78 E4 10 0
ID: 43F, Data: 81 48 60 FF 78 D0 10 0
ID: 153, Data: 80 0 0 FF 0 FF 0 0
ID: 440, Data: 8FE E1 8 A0 FF AA AA AA
ID: 260, Data: 8B 1B 19 30 2C FF 7A 2D
ID: 5F0, Data: 20 0
ID: 329, Data: 8B B1 80 8 11 2C 0 26
ID: 316, Data: 85 1B 2B 10 1A 19 9 7B
ID: 18F, Data: 8AA 3E 0 0 0 0 0 0
ID: 43F, Data: 81 48 60 FF 78 2C 10 0
ID: 153, Data: 80 0 0 FF 0 FF 0 0
ID: 153, Data: 80 0 0 FF 0 FF 0 0
ID: 316, Data: 85 1A D9 F 1A 1A 9 7B
ID: A0, Data: 828 7D D9 F 9 25 2 0
ID: 316, Data: 85 1F 8D F 21 1A 8 7B
ID: 260, Data: 8B 21 24 30 2C FF 8D 8
ID: 153, Data: 80 0 0 FF 0 FF 0 0
ID: 316, Data: 85 21 17 10 2C 1A 8 7B
ID: 153, Data: 80 0 0 FF 0 FF 0 0
ID: 316, Data: 85 22 83 10 2F 19 8 7B
ID: 43F, Data: 81 48 60 FF 78 38 10 0
ID: 316, Data: 85 25 EF 10 31 19 8 7B
ID: 1F0, Data: 87D 40 1 C0 0 0 0 0
ID: 153, Data: 80 0 0 FF 0 FF 0 0
ID: 316, Data: 85 29 2E 11 30 18 8 7B
ID: 153, Data: 80 0 0 FF 0 FF 0 0
ID: 153, Data: 80 0 0 FF 0 FF 0 0
ID: 43F, Data: 81 48 60 FF 79 7C F 0
ID: 43F, Data: 81 48 60 FF 78 88 F 0
ID: 43F, Data: 81 48 60 FF 78 AC F 0
ID: 1F1, Data: 80 1C 3B 60 4 3B 50 4
ID: 316, Data: 85 2E 7B 11 24 17 8 7B
ID: 2A0, Data: 861 3 6D 1D 33 0 11 0
ID: 5F0, Data: 20 0
ID: 316, Data: 85 2D C 12 18 17 8 7B
ID: 153, Data: 80 0 0 FF 0 FF 0 0
ID: 316, Data: 85 2A 48 12 17 17 8 7B
ID: 153, Data: 80 0 0 FF 0 FF 0 0
ID: 316, Data: 85 26 3F 12 18 18 8 7B
ID: 316, Data: 85 25 26 12 18 18 9 7B
ID: 316, Data: 85 22 8 12 19 18 9 7B
ID: 153, Data: 80 0 0 FF 0 FF 0 0
ID: 153, Data: 80 0 0 FF 0 FF 0 0
ID: 260, Data: 8B 1D 1A 30 2C FF 8C 18
ID: 43F, Data: 81 48 60 FF 78 B8 10 0
ID: 153, Data: 80 0 0 FF 0 FF 0 0
ID: 316, Data: 85 1A A0 10 1B 19 9 7B
ID: 153, Data: 80 0 0 FF 0 FF 0 0
ID: 316, Data: 85 1A 31 10 1C 19 9 7B
ID: 316, Data: 85 1B 13 10 1C 19 9 7B
ID: 280, Data: 830 0 84 B1 20 14 6D 3B
ID: 316, Data: 85 1B 10 10 1C 19 9 7B
ID: 316, Data: 85 1B D 10 1C 19 9 7B
ID: 18F, Data: 8AA 3D 0 0 0 0 0 0
ID: 153, Data: 80 0 0 FF 0 FF 0 0
ID: 2A0, Data: 8E0 2 6D 1D 33 0 11 0
ID: 316, Data: 85 1C 2B 10 1C 19 9 7B
ID: A0, Data: 82B 7D 2B 10 9 26 2 0
ID: 316, Data: 85 1C 2E 10 1C 19 8 7B
ID: 153, Data: 80 0 0 FF 0 FF 0 0
ID: 153, Data: 80 0 0 FF 0 FF 0 0
ID: 316, Data: 85 1C 1D 10 1C 19 8 7B
ID: 153, Data: 80 0 0 FF 0 FF 0 0
ID: 316, Data: 85 1C 9 10 1C 19 8 7B
ID: 153, Data: 80 0 0 FF 0 FF 0 0
ID: 316, Data: 85 1C E5 F 1C 19 8 7B
ID: 153, Data: 80 0 0 FF 0 FF 0 0
ID: 43F, Data: 81 48 60 FF 78 B4 F 0
ID: 43F, Data: 81 48 60 FF 78 A4 F 0
ID: 153, Data: 80 0 0 FF 0 FF 0 0
ID: 316, Data: 85 1C F6 F 1C 19 8 7B
ID: 316, Data: 85 1D DF F 1C 19 8 7B
ID: 316, Data: 85 1D D5 F 1C 19 8 7B
ID: 260, Data: 8B 1D 1C 30 2C FF 7A 28
ID: 43F, Data: 81 48 60 FF 78 10 F 0
ID: 43F, Data: 81 48 60 FF 78 0 F 0
ID: 370, Data: 8FF DA F0 FF FF FF FF FF
ID: 43F, Data: 81 48 60 FF 78 E8 E 0
ID: 316, Data: 85 1D 38 F 1C 1A 8 7B
ID: 316, Data: 85 1D 47 F 1B 1A 8 7B
ID: 329, Data: 884 B1 80 8 11 2D 0 26
ID: 260, Data: 8B 1E 1C 30 2C FF 79 A
ID: 153, Data: 80 0 0 FF 0 FF 0 0
ID: 316, Data: 85 1D 44 F 1B 1A 7 7B
ID: 153, Data: 80 0 0 FF 0 FF 0 0
ID: 316, Data: 85 1D 56 F 1B 1A 7 7B
ID: 1F0, Data: 83E 40 1 C0 0 0 0 0
ID: 316, Data: 85 1D 15 F 1B 1A 7 7B
ID: 316, Data: 85 1D EA E 1B 1A 7 7B
ID: 316, Data: 85 1D D9 E 1B 1A 7 7B
ID: 260, Data: 8B 1D 1C 30 2C FF 77 2B
ID: 153, Data: 80 0 0 FF 0 FF 0 0
ID: 153, Data: 80 0 0 FF 0 FF 0 0
ID: 316, Data: 85 1D 3C E 1C 1A 7 7B
ID: A1, Data: 87D 7F 80 7E 1F 0 0 0
ID: 316, Data: 85 1D B E 1D 1A 7 7B
ID: 5F0, Data: 20 0
ID: 316, Data: 85 1D CD D 1D 1A 7 7B
ID: 153, Data: 80 0 0 FF 0 FF 0 0
ID: 316, Data: 85 1E AE D 1D 1A 7 7B
ID: 153, Data: 80 0 0 FF 0 FF 0 0
ID: 153, Data: 80 0 0 FF 0 FF 0 0
ID: 440, Data: 8FE 41 6 A0 FF AA AA AA
ID: 43F, Data: 81 48 60 FF 79 78 C 0
ID: 316, Data: 85 1E 43 D 1D 1A 6 7B
ID: 329, Data: 840 B1 80 8 12 2C 0 26
ID: 440, Data: 8FE 41 6 A0 FF AA AA AA
ID: 316, Data: 85 1F B D 1E 1A 6 7B
ID: 316, Data: 85 1F 3 D 1E 1A 6 7B
ID: 280, Data: 830 0 84 B1 19 17 6D 44
ID: 2A0, Data: 840 1 6D 1D 33 0 11 0
ID: 43F, Data: 81 48 60 FF 78 B0 B 0
ID: 316, Data: 85 1F D4 C 27 23 6 7B
ID: 316, Data: 85 20 C1 C 27 23 6 7B
ID: 18F, Data: 8AA 3D 0 0 0 0 0 0
ID: 43F, Data: 81 48 60 FF 79 50 B 0
ID: 2A0, Data: 820 1 6D 1D 33 0 11 0
ID: 153, Data: 80 0 0 FF 0 FF 0 0
ID: 43F, Data: 81 48 60 FF 78 40 B 0
ID: 1F1, Data: 80 84 2B E0 2 2B F0 2
ID: 153, Data: 80 0 0 FF 0 FF 0 0
ID: 316, Data: 85 25 6E C 27 23 6 7B
ID: 153, Data: 80 0 0 FF 0 FF 0 0
ID: 153, Data: 80 0 0 FF 0 FF 0 0
ID: 316, Data: 845 26 FF B 28 23 5 7B
ID: A1, Data: 880 81 80 80 24 0 0 0
ID: 316, Data: 845 27 1A B 2A 22 5 7B
ID: 1F0, Data: 836 40 1 C0 0 0 0 0
ID: 1F0, Data: 836 40 1 C0 0 0 0 0
ID: 316, Data: 845 2A 9D A 2B 22 5 7B
ID: 153, Data: 80 0 0 FF 0 FF 0 0
ID: 440, Data: 8FE 41 5 A0 FF AA AA AA
ID: 316, Data: 845 2B 11 B 2A 22 5 7B
ID: 153, Data: 80 0 0 FF 0 FF 0 0
ID: 316, Data: 845 2C 58 B 29 22 5 7B
ID: 370, Data: 8FF DA F0 FF FF FF FF FF
ID: 316, Data: 845 2C 41 B 29 22 5 7B
ID: 153, Data: 80 0 0 FF 0 FF 0 0
ID: 153, Data: 80 0 0 FF 0 FF 0 0
ID: 316, Data: 845 2C 1E B 2A 22 5 7B
ID: 153, Data: 80 0 0 FF 0 FF 0 0
ID: 316, Data: 845 2C 14 B 2A 22 5 7B
ID: 153, Data: 80 0 0 FF 0 FF 0 0
ID: 316, Data: 845 2C EF A 2A 22 5 7B
ID: 43F, Data: 81 48 60 FF 78 3C 9 0
ID: 316, Data: 845 2C D7 A 2B 22 4 7B
ID: 2A0, Data: 840 1 6D 1D 33 0 11 0
ID: 153, Data: 80 0 0 FF 0 FF 0 0
ID: 153, Data: 80 0 0 FF 0 FF 0 0
ID: 5F0, Data: 20 0
ID: A0, Data: 83C 7E F2 A 5 25 2 0
ID: 260, Data: 8B 2C 29 30 2C FF 63 13
ID: 280, Data: 830 0 84 B2 15 1F 6D 54
ID: 316, Data: 845 2C E4 A 29 22 4 7B
ID: 316, Data: 845 2B D7 A 29 22 4 7B
ID: 43F, Data: 81 48 60 FF 79 D8 8 0
ID: 43F, Data: 81 48 60 FF 78 D0 8 0
ID: 43F, Data: 81 48 60 FF 78 C4 8 0
ID: 316, Data: 845 2B C0 A 29 22 4 7B
ID: A0, Data: 83C 7E B7 A 5 25 2 0
ID: 316, Data: 845 2B DE A 28 22 4 7B
ID: 153, Data: 80 0 0 FF 0 FF 0 0
ID: 153, Data: 80 0 0 FF 0 FF 0 0
ID: 43F, Data: 81 48 60 FF 78 8C 8 0
ID: 43F, Data: 81 48 60 FF 78 80 8 0
ID: 43F, Data: 81 48 60 FF 78 84 8 0
ID: 43F, Data: 81 48 60 FF 79 84 8 0
ID: 153, Data: 80 0 0 FF 0 FF 0 0
ID: 260, Data: 8B 2B 2A 30 2C FF 6B 1B
ID: 316, Data: 845 2A 82 A 29 22 4 7B
ID: 43F, Data: 81 48 60 FF 78 6C 8 0
ID: 316, Data: 845 2A 8F A 29 22 4 7B
ID: 153, Data: 80 0 0 FF 0 FF 0 0
ID: A1, Data: 87E 83 80 82 27 0 0 0
ID: 329, Data: 840 B2 80 8 12 2C 0 26
ID: 370, Data: 8FF DA F0 FF FF FF FF FF
ID: 153, Data: 80 0 0 FF 0 FF 0 0
ID: 316, Data: 845 2A 7B A 29 22 4 7B
ID: 316, Data: 845 2A 81 A 29 22 4 7B
ID: 2A0, Data: 840 0 6D 1D 33 0 11 0
ID: 43F, Data: 81 48 60 FF 78 B8 8 0
ID: 316, Data: 845 2A C0 A 27 22 4 7B
ID: 153, Data: 80 0 0 FF 0 FF 0 0
ID: 18F, Data: 8AA 44 0 0 0 0 0 0
ID: 316, Data: 845 2A A9 A 27 22 4 7B
ID: 316, Data: 845 2A AD A 27 22 4 7B
ID: 545, Data: 8E4 27 0 8C 84 0 84 0
ID: 43F, Data: 81 48 60 FF 78 C 9 0
ID: 43F, Data: 81 48 60 FF 78 18 9 0
ID: 153, Data: 80 0 0 FF 0 FF 0 0
ID: 316, Data: 845 29 BF A 27 22 4 7B
ID: 153, Data: 80 0 0 FF 0 FF 0 0
ID: 153, Data: 80 0 0 FF 0 FF 0 0
ID: 316, Data: 845 28 BF A 26 22 4 7B
ID: 153, Data: 80 0 0 FF 0 FF 0 0
ID: 316, Data: 845 28 C0 A 26 22 4 7B
ID: 440, Data: 8FE 31 4 A0 FF AA AA AA
ID: 316, Data: 845 28 AF A 26 22 5 7B
ID: 153, Data: 80 0 0 FF 0 FF 0 0
ID: 153, Data: 80 0 0 FF 0 FF 0 0
ID: 316, Data: 845 28 B7 A 26 22 5 7B
ID: 153, Data: 80 0 0 FF 0 FF 0 0
ID: 316, Data: 845 27 BA A 26 22 5 7B
ID: 370, Data: 8FF DA F0 FF FF FF FF FF
ID: 153, Data: 80 0 0 FF 0 FF 0 0
ID: 43F, Data: 81 48 60 FF 78 DC 9 0
ID: 18F, Data: 8AA 46 0 0 0 0 0 0
ID: 18F, Data: 8AA 46 0 0 0 0 0 0
ID: 545, Data: 8E4 26 0 8D BB 0 BB 0
ID: 316, Data: 845 2D 56 B 2E 22 5 7B
ID: 260, Data: 8B 2D 2F 30 2C FF A7 5
ID: 153, Data: 80 0 0 FF 0 FF 0 0
ID: 316, Data: 845 2C B2 B 30 23 5 7B
ID: 153, Data: 80 0 0 FF 0 FF 0 0
ID: 316, Data: 845 2C B3 B 32 23 5 7B
ID: 43F, Data: 81 48 60 FF 78 48 A 0
ID: 280, Data: 830 0 88 B2 17 1C 6D 4F
ID: A1, Data: 878 7D 7A 7E 25 0 0 0
ID: 316, Data: 845 2D AC B 3D 22 5 7B
ID: 153, Data: 80 0 0 FF 0 FF 0 0
ID: 545, Data: 8E4 27 0 8D E7 0 E7 0
ID: 316, Data: 845 30 D5 B 3E 22 5 7B
ID: 280, Data: 830 0 88 B2 17 1F 6D 55
ID: 153, Data: 80 0 0 FF 0 FF 0 0
ID: 153, Data: 80 0 0 FF 0 FF 0 0
ID: 316, Data: 845 34 72 C 3D 22 5 7B
ID: 153, Data: 80 0 0 FF 0 FF 0 0
ID: 316, Data: 845 35 EB C 46 22 5 7B
ID: 5F0, Data: 20 0
ID: 316, Data: 845 37 65 D 4F 21 5 7B
ID: 1F1, Data: 80 EA 2C E0 2 2D F0 2
ID: 2A0, Data: 8C1 2 6D 1D 33 0 11 0
ID: 153, Data: 80 0 0 FF 0 FF 0 0
ID: 43F, Data: 81 48 60 FF 78 C C 0
ID: 153, Data: 80 0 0 FF 0 FF 0 0
ID: 153, Data: 80 0 0 FF 0 FF 0 0
ID: 260, Data: 8B 40 4D 30 2C FF A1 33
ID: 43F, Data: 81 48 60 FF 78 0 D 0
ID: A1, Data: 87D 80 7A 82 31 0 0 0
ID: 1F0, Data: 81A 40 1 C0 0 0 0 0
ID: 153, Data: 80 0 0 FF 0 FF 0 0
ID: 43F, Data: 81 48 60 FF 78 10 E 0
ID: A1, Data: 87D 80 7C 82 31 0 0 0
ID: 43F, Data: 81 48 60 FF 78 A4 E 0
ID: 153, Data: 80 0 0 FF 0 FF 0 0
ID: 153, Data: 80 0 0 FF 0 FF 0 0
ID: 316, Data: 845 40 9B 13 48 1E 7 7B
ID: 153, Data: 80 0 0 FF 0 FF 0 0
ID: 316, Data: 845 3F 5 14 47 1E 7 7B
ID: 153, Data: 80 0 0 FF 0 FF 0 0
ID: 153, Data: 80 0 0 FF 0 FF 0 0
ID: 316, Data: 845 3F 88 14 45 1D 8 7B
ID: 43F, Data: 81 48 60 FF 78 98 11 0
ID: 316, Data: 845 3F F1 14 45 1D 8 7B
ID: A0, Data: 851 7E BF 14 9 2F 2 0
ID: 153, Data: 80 0 0 FF 0 FF 0 0
ID: 316, Data: 845 40 CF 15 18 1D 9 7B
ID: 153, Data: 80 0 0 FF 0 FF 0 0
ID: 316, Data: 845 3E 2C 16 18 1E 9 7B
ID: 316, Data: 845 39 52 16 18 1E 9 7B
ID: A0, Data: 837 7E 45 16 A 2A 2 0
ID: 43F, Data: 81 48 60 FF 78 50 14 0
ID: 153, Data: 80 0 0 FF 0 FF 0 0
ID: 545, Data: 8E4 4A 0 8C 99 0 99 0
ID: 316, Data: 845 25 69 15 1B 20 A 7B
ID: 280, Data: 830 0 84 B2 2A 17 6D 41
ID: 440, Data: 8FE 91 A A0 FF AA AA AA
ID: 316, Data: 845 1E E6 14 1D 21 A 7B
ID: 43F, Data: 81 48 60 FF 78 1C 15 0
ID: 316, Data: 845 1B 6D 14 1D 21 A 7B
ID: A1, Data: 87D 7F 78 7E 1C 0 0 0
ID: 316, Data: 845 1A 9B 13 1E 21 B 7B
ID: 316, Data: 845 1A 3B 13 1E 21 B 7B
ID: 18F, Data: 8AA 4C 0 0 0 0 0 0
ID: 316, Data: 845 1C B1 12 1F 21 A 7B
ID: 153, Data: 80 0 0 FF 0 FF 0 0
ID: 316, Data: 845 1D 6A 12 1F 21 A 7B
ID: 1F0, Data: 810 40 1 C0 0 0 0 0
ID: 280, Data: 830 0 84 B2 25 18 6D 43
ID: 545, Data: 8E4 33 0 8C D8 FF D8 FF
ID: 43F, Data: 81 48 60 FF 79 94 14 0
ID: 316, Data: 845 1F 6E 12 1E 21 A 7B
ID: 153, Data: 80 0 0 FF 0 FF 0 0
ID: 153, Data: 80 0 0 FF 0 FF 0 0
ID: 316, Data: 845 20 CC 12 1E 21 A 7B
ID: 440, Data: 8FE 31 A A0 FF AA AA AA
ID: 316, Data: 845 20 F5 12 1E 21 A 7B
ID: 153, Data: 80 0 0 FF 0 FF 0 0
ID: 153, Data: 80 0 0 FF 0 FF 0 0
ID: 316, Data: 845 1F 28 13 1E 21 A 7B
ID: 153, Data: 80 0 0 FF 0 FF 0 0
ID: 316, Data: 845 26 3F 13 27 21 A 7B
ID: 153, Data: 80 0 0 FF 0 FF 0 0
ID: 1F1, Data: 80 61 4E D0 4 4F F0 4
ID: 316, Data: 845 26 1E 14 40 21 A 7B
ID: 329, Data: 884 B2 80 8 11 34 E 26
ID: 43F, Data: 81 48 60 FF 78 8 14 0
ID: 316, Data: 845 2F B9 14 3E 20 9 7B
ID: 316, Data: 845 30 29 15 3E 20 9 7B
ID: 316, Data: 845 31 81 15 3D 1F 9 7B
ID: 316, Data: 845 31 C3 15 3D 1F 9 7B
ID: 43F, Data: 81 48 60 FF 78 58 14 0
ID: 43F, Data: 81 48 60 FF 78 4C 14 0
ID: 440, Data: 8FE 91 A A0 FF AA AA AA
ID: 316, Data: 845 34 2C 16 3C 1F A 7B
ID: 316, Data: 845 35 45 16 3C 1E A 7B
ID: 43F, Data: 81 48 60 FF 78 D8 14 0
ID: 370, Data: 8FF DA F0 FF FF FF FF FF
ID: 260, Data: 8B 38 3C 30 2C FF C6 28
ID: 316, Data: 845 37 41 17 3B 1E A 7B
ID: A1, Data: 881 80 7E 82 2F 0 0 0
ID: 153, Data: 80 0 0 FF 0 FF 0 0
ID: 370, Data: 8FF DA F0 FF FF FF FF FF
ID: 153, Data: 80 0 0 FF 0 FF 0 0
ID: 440, Data: 8FE 31 B A0 FF AA AA AA
ID: 316, Data: 845 38 91 18 3A 1E B 7B
ID: 43F, Data: 81 48 60 FF 78 44 17 0
ID: 316, Data: 845 37 10 19 3A 1E B 7B
ID: 18F, Data: 8AA 4D 0 0 0 0 0 0
ID: 43F, Data: 81 48 60 FF 79 18 18 0
ID: 43F, Data: 81 48 60 FF 79 50 18 0
ID: 316, Data: 845 37 13 1A 39 1E B 7B
ID: 545, Data: 8E4 70 0 8C B2 1 B2 1
ID: 316, Data: 845 36 7D 1A 39 1E C 7B
ID: 153, Data: 80 0 0 FF 0 FF 0 0
ID: 18F, Data: 8AA 4D 0 0 0 0 0 0
ID: 316, Data: 845 36 23 1B 31 15 C 7B
ID: 43F, Data: 81 48 60 FF 79 FC 19 0
ID: A0, Data: 842 7E F4 1A C 30 2 0
ID: 153, Data: 80 0 0 FF 0 FF 0 0
ID: 316, Data: 845 34 21 1C 33 15 D 7B
ID: 153, Data: 80 0 0 FF 0 FF 0 0
ID: 316, Data: 845 32 54 1C 33 15 D 7B
ID: 5F0, Data: 20 0
ID: 2A0, Data: 8C1 8 6D 1D 33 0 11 0
ID: 280, Data: 830 0 88 B2 39 1E 6D 59
ID: A0, Data: 83A 7E 87 1C E 2F 2 0
ID: 43F, Data: 81 48 60 FF 78 C 1C 0
ID: 153, Data: 80 0 0 FF 0 FF 0 0
ID: 43F, Data: 81 48 60 FF 79 B4 1C 0
ID: 316, Data: 85 30 2A 1E 33 16 E 7B
ID: 316, Data: 85 31 65 1E 32 16 E 7B
ID: 1F0, Data: 8E4 3F 1 C0 0 0 0 0
ID: 153, Data: 80 0 0 FF 0 FF 0 0
ID: 440, Data: 8FE 31 E A0 FF AA AA AA
ID: 153, Data: 80 0 0 FF 0 FF 0 0
ID: 153, Data: 80 0 0 FF 0 FF 0 0
ID: 43F, Data: 81 48 60 FF 79 48 1E 0
ID: 153, Data: 80 0 0 FF 0 FF 0 0
ID: 316, Data: 85 31 E5 1F 31 16 F 7B
ID: 153, Data: 80 0 0 FF 0 FF 0 0
ID: 316, Data: 85 31 6A 20 31 16 F 7B
ID: 316, Data: 85 32 A0 20 30 16 F 7B
ID: 329, Data: 840 B2 80 8 11 39 11 26
ID: 43F, Data: 81 48 60 FF 79 E8 1F 0
ID: 43F, Data: 81 48 60 FF 79 1C 20 0
ID: 43F, Data: 81 48 60 FF 78 48 20 0
ID: 316, Data: 85 30 8E 21 30 16 F 7B
ID: 153, Data: 80 0 0 FF 0 FF 0 0
ID: 329, Data: 8B B2 80 8 11 39 11 26
ID: 316, Data: 85 30 21 22 2F 17 10 7B
ID: A0, Data: 837 7E 21 22 10 30 2 0
ID: 316, Data: 85 31 7B 22 2F 17 10 7B
ID: 316, Data: 85 31 B8 22 30 17 10 7B
ID: 440, Data: 8FE 41 10 A0 FF AA AA AA
ID: 316, Data: 85 31 26 23 30 17 10 7B
ID: 43F, Data: 81 48 60 FF 78 54 22 0
ID: 43F, Data: 81 48 60 FF 79 90 22 0
ID: 545, Data: 8E4 7F 0 8C BE 1 BE 1
ID: 153, Data: 80 0 0 FF 0 FF 0 0
ID: 316, Data: 85 30 19 24 30 17 11 7B
ID: 153, Data: 80 0 0 FF 0 FF 0 0
ID: 316, Data: 85 30 6E 24 33 17 11 7B
ID: 1F1, Data: 80 3E 90 B0 8 93 E0 8
ID: 2A0, Data: 81 C 6D 1D 33 0 11 0
ID: 153, Data: 80 0 0 FF 0 FF 0 0
ID: 153, Data: 80 0 0 FF 0 FF 0 0
ID: A1, Data: 87E 7D 80 7E 26 0 0 0
ID: 329, Data: 840 B2 80 8 11 3C 17 26
ID: 545, Data: 8E4 93 0 8C E8 1 E8 1
ID: 440, Data: 8FE 91 12 A0 FF AA AA AA
ID: 153, Data: 80 0 0 FF 0 FF 0 0
ID: 43F, Data: 81 48 60 FF 79 6C 25 0
ID: 260, Data: 8B 33 36 30 2C FF D3 25
ID: 153, Data: 80 0 0 FF 0 FF 0 0
ID: 316, Data: 85 33 10 27 36 17 12 7B
ID: 153, Data: 80 0 0 FF 0 FF 0 0
ID: 18F, Data: 8AA 47 0 0 0 0 0 0
ID: 316, Data: 85 33 86 27 36 17 12 7B
ID: 316, Data: 85 33 9A 27 36 17 13 7B
ID: A0, Data: 83B 7E 5E 27 13 33 2 0
ID: 153, Data: 80 0 0 FF 0 FF 0 0
ID: 316, Data: 85 33 67 28 35 18 13 7B
ID: 153, Data: 80 0 0 FF 0 FF 0 0
ID: 545, Data: 8E4 A0 0 8C EC 1 EC 1
ID: 316, Data: 85 34 11 29 34 18 13 7B
ID: 329, Data: 840 B2 80 8 11 3D 19 26
ID: 43F, Data: 81 48 60 FF 78 78 28 0
ID: 316, Data: 85 34 C0 29 34 18 14 7B
ID: 260, Data: 8B 34 34 30 2C FF CF 1C
ID: 316, Data: 85 34 1A 2A 34 18 14 7B
ID: 43F, Data: 81 48 60 FF 78 4C 29 0
ID: 370, Data: 8FF DA F0 FF FF FF FF FF
ID: 316, Data: 85 33 A4 2A 34 18 14 7B
ID: 153, Data: 80 0 0 FF 0 FF 0 0
ID: 545, Data: 8E4 A8 0 8C D0 1 D0 1
ID: 316, Data: 85 33 62 2B 33 19 15 7B
ID: 153, Data: 80 0 0 FF 0 FF 0 0
ID: 43F, Data: 81 48 60 FF 79 C8 2A 0
ID: 153, Data: 80 0 0 FF 0 FF 0 0
ID: 43F, Data: 81 48 60 FF 79 2C 2B 0
ID: 153, Data: 80 0 0 FF 0 FF 0 0
ID: 316, Data: 85 31 71 2C 29 19 15 7B
ID: 316, Data: 85 31 A4 2C 29 19 15 7B
ID: 329, Data: 884 B2 80 8 11 3C 11 26
ID: 43F, Data: 81 48 60 FF 79 F4 2B 0
ID: 316, Data: 85 2C D7 2C 29 1A 16 7B
ID: A0, Data: 833 7E BE 2C 16 32 2 0
ID: 316, Data: 85 2B F1 2C 29 1A 16 7B
ID: 316, Data: 85 2A B 2D 29 1A 16 7B
ID: 43F, Data: 81 48 60 FF 79 90 2C 0
ID: 316, Data: 85 2A 3F 2D 29 1A 16 7B
ID: 316, Data: 85 2A 59 2D 29 1A 16 7B
ID: 316, Data: 85 29 8E 2D 29 1A 16 7B
ID: 316, Data: 85 29 A9 2D 29 1A 16 7B
ID: 153, Data: 80 0 0 FF 0 FF 0 0
ID: 316, Data: 85 29 DF 2D 28 1A 16 7B
ID: 440, Data: 8FE E1 16 A0 FF AA AA AA
ID: 545, Data: 8E4 8F 0 8D 1A 1 1A 1
ID: 316, Data: 85 30 15 2E 3D 1A 17 7B
ID: 153, Data: 80 0 0 FF 0 FF 0 0
ID: 43F, Data: 8A 48 60 FF 79 E4 2D 0
ID: 260, Data: 8B 3A 3B 30 2C FF CA 5
ID: 43F, Data: 8A 48 60 FF 79 84 2E 0
ID: 316, Data: 85 3A F6 2F 31 19 17 7B
ID: 545, Data: 8E4 E0 0 8C 3D 2 3D 2
ID: 316, Data: 85 38 9E 2F 2E 19 17 7B
ID: 316, Data: 85 36 F 2F 2E 19 17 7B
ID: 2A0, Data: 81 12 6D 1D 33 0 11 0
ID: 43F, Data: 8A 48 60 20 79 C8 2B 0
ID: 370, Data: 8FF D8 F0 FF FF FF FF FF
ID: 316, Data: 85 1F ED 29 2F 18 18 7B
ID: 316, Data: 85 1E 7C 28 2E 18 18 7B
ID: 2A0, Data: 861 12 6D 1D 33 0 11 0
ID: 316, Data: 85 1E F3 25 2C 17 18 7B
ID: 316, Data: 85 1E C3 24 28 17 18 7B
ID: A1, Data: 885 7C 85 7B 26 0 0 0
ID: 316, Data: 85 1D 12 22 27 17 18 7B
ID: 316, Data: 85 1C E 21 26 17 18 7B
ID: 1F1, Data: 80 73 C4 60 C CA D0 C
ID: 316, Data: 85 2E DD 1E 27 17 19 7B
ID: 153, Data: 80 0 0 FF 0 FF 0 0
ID: 1F0, Data: 88 40 1 C0 0 0 0 0
ID: 2A0, Data: 81 12 6D 1D 33 0 11 0
ID: 43F, Data: 8A 48 60 FF 78 10 1C 0
ID: 370, Data: 8FF D8 F0 FF FF FF FF FF
ID: 153, Data: 80 0 0 FF 0 FF 0 0
ID: 316, Data: 85 2D 32 1D 24 17 19 7B
ID: 316, Data: 85 2D 53 1D 24 17 19 7B
ID: A1, Data: 881 7D 81 7E 23 0 0 0
ID: 43F, Data: 8A 48 60 FF 78 9C 1C 0
ID: 153, Data: 80 0 0 FF 0 FF 0 0
ID: 545, Data: 8E4 62 0 8C 6B 1 6B 1
ID: 316, Data: 85 2A 8A 1D 24 18 1A 7B
ID: 545, Data: 8E4 5F 0 8C 50 1 50 1
ID: 1F1, Data: 80 C7 CB C0 C D1 10 D
ID: 153, Data: 80 0 0 FF 0 FF 0 0
ID: 316, Data: 85 29 7F 1D 25 18 1A 7B
ID: 153, Data: 80 0 0 FF 0 FF 0 0
ID: 440, Data: 8FE 72 19 A0 FF AA AA AA
ID: 316, Data: 85 29 8A 1D 25 18 1A 7B
ID: 153, Data: 80 0 0 FF 0 FF 0 0
ID: 329, Data: 884 B1 80 8 11 34 8 26
ID: 316, Data: 85 28 8A 1D 25 18 1A 7B
ID: 2A0, Data: 8A1 10 6D 1D 33 0 11 0
ID: 316, Data: 85 28 95 1D 25 18 1A 7B
ID: 316, Data: 85 27 8A 1D 25 18 1A 7B
ID: 316, Data: 85 27 A1 1D 26 18 1A 7B
ID: 316, Data: 85 27 95 1D 2A 18 1A 7B
ID: 43F, Data: 82 48 60 FF 79 EC 1C 0
ID: 43F, Data: 82 48 60 FF 78 F0 1C 0
ID: 370, Data: 8FF DA F0 FF FF FF FF FF
ID: 153, Data: 80 0 0 FF 0 FF 0 0
ID: 316, Data: 85 29 C3 1D 2B 18 1A 7B
ID: 153, Data: 80 0 0 FF 0 FF 0 0
ID: 260, Data: 8B 29 2B 30 2C FF D3 E
ID: 280, Data: 830 0 88 B0 3B 19 6D 43
ID: 5A0, Data: 80 0 0 90 0 0 0 0
ID: 316, Data: 85 2A 7 1E 2A 18 1A 7B
ID: 153, Data: 80 0 0 FF 0 FF 0 0
ID: 316, Data: 85 2A 2A 1E 2A 18 1A 7B
ID: 153, Data: 80 0 0 FF 0 FF 0 0
ID: 329, Data: 8B B0 80 8 11 36 B 26
ID: 316, Data: 85 2B 1E 1E 2B 18 1A 7B
ID: 329, Data: 8B B0 80 8 11 36 D 26
ID: 316, Data: 85 2B 36 1E 2E 18 1A 7B
ID: 316, Data: 85 2B 41 1E 2E 18 1A 7B
ID: 2A0, Data: 8C1 F 6D 1D 33 0 11 0
ID: 316, Data: 85 2C 70 1E 2E 18 1A 7B
ID: 316, Data: 85 2C 7C 1E 2F 18 1A 7B
ID: A0, Data: 834 7C 7C 1E 1B 2E 2 0
ID: 316, Data: 85 2D 88 1E 2E 18 1A 7B
ID: 153, Data: 80 0 0 FF 0 FF 0 0
ID: 440, Data: 8FE 72 1A A0 FF AA AA AA
ID: 18F, Data: 8AA 3D 0 0 0 0 0 0
ID: 316, Data: 85 2E B8 1E 2F 18 1A 7B
ID: 1F0, Data: 8F4 3F 1 C0 0 0 0 0
ID: 316, Data: 85 31 C4 1E 2F 17 1A 7B
ID: 5F0, Data: 20 0
ID: 153, Data: 80 0 0 FF 0 FF 0 0
ID: 153, Data: 80 0 0 FF 0 FF 0 0
ID: 2A0, Data: 8A1 E 6D 1D 33 0 11 0
ID: 316, Data: 85 30 27 1F 20 17 1A 7B
ID: 545, Data: 8E4 6F 0 8C BA 1 BA 1
ID: 153, Data: 80 0 0 FF 0 FF 0 0
ID: 316, Data: 85 2D 27 1F 1A 17 1B 7B
ID: 153, Data: 80 0 0 FF 0 FF 0 0
ID: 316, Data: 85 2B 27 1F 1A 18 1B 7B
ID: 316, Data: 85 2A 1A 1F 1A 18 1B 7B
ID: 2A0, Data: 8C1 E 6D 1D 33 0 11 0
ID: 316, Data: 85 27 1A 1F 1B 18 1B 7B
ID: 316, Data: 85 27 1 1F 1B 18 1B 7B
ID: 370, Data: 8FF DD F0 FF FF FF FF FF
ID: 316, Data: 85 23 DD 1E 1B 19 1B 7B
ID: 43F, Data: 82 48 60 FF 79 5C 1E 0
ID: 43F, Data: 82 48 60 FF 79 58 1E 0
ID: 280, Data: 830 0 88 B0 3D 14 6D 37
ID: A0, Data: 821 7C B8 1E 1B 29 2 0
ID: 316, Data: 85 1F 70 1E 1D 19 1B 7B
ID: 329, Data: 840 B0 80 8 11 31 5 26
ID: 43F, Data: 82 48 60 FF 78 3C 1E 0
ID: 43F, Data: 82 48 60 FF 78 24 1E 0
ID: 43F, Data: 82 48 60 FF 78 18 1E 0
ID: 316, Data: 85 1F 2A 1E 1D 19 1B 7B
ID: 316, Data: 85 1F 36 1E 1D 19 1B 7B
ID: 18F, Data: 8AA 3C 0 0 0 0 0 0
ID: 43F, Data: 82 48 60 FF 79 74 1E 0
ID: 153, Data: 80 0 0 FF 0 FF 0 0
ID: 316, Data: 85 21 65 1E 2B 19 1B 7B
ID: 153, Data: 80 0 0 FF 0 FF 0 0
ID: 280, Data: 830 0 88 B0 3D 16 6D 3B
ID: 316, Data: 85 26 E9 1E 2D 19 1B 7B
ID: 43F, Data: 82 48 60 FF 79 D0 1E 0
ID: 316, Data: 85 27 98 1F 2F 19 1B 7B
ID: 2A0, Data: 861 C 6D 1D 33 0 11 0
ID: 153, Data: 80 0 0 FF 0 FF 0 0
ID: 316, Data: 85 2B 8B 1F 2F 18 1B 7B
ID: 153, Data: 80 0 0 FF 0 FF 0 0
ID: 329, Data: 884 B0 80 8 11 38 E 26
ID: 316, Data: 85 2C 7E 1F 2F 18 1B 7B
ID: 280, Data: 830 0 88 B0 3F 1C 6D 4C
ID: 5F0, Data: 20 0
ID: 329, Data: 8B AF 80 8 11 38 E 26
ID: 316, Data: 85 2E D8 1F 2E 17 1B 7B
ID: 18F, Data: 8AA 3B 0 0 0 0 0 0
ID: 316, Data: 85 2F F2 1F 29 17 1B 7B
ID: 153, Data: 80 0 0 FF 0 FF 0 0
ID: 153, Data: 80 0 0 FF 0 FF 0 0
ID: 316, Data: 85 2E 1A 20 F 18 1B 7B
ID: 153, Data: 80 0 0 FF 0 FF 0 0
ID: 316, Data: 85 2A F2 1F F 18 1B 7B
ID: 440, Data: 8FE 82 1B A0 FF AA AA AA
ID: 316, Data: 85 23 A5 1F 10 19 1C 7B
ID: 316, Data: 85 21 65 1F 10 19 1C 7B
ID: 316, Data: 85 20 33 1F 11 19 1C 7B
ID: 316, Data: 85 1E 1 1F 19 19 1C 7B
ID: 316, Data: 85 1D E9 1E 1B 19 1C 7B
ID: A0, Data: 81D 7C E 1F 1C 28 2 0
ID: 43F, Data: 82 48 60 FF 78 D4 1E 0
ID: 316, Data: 85 1C AC 1E 1E 19 1C 7B
ID: 153, Data: 80 0 0 FF 0 FF 0 0
ID: 316, Data: 85 1E 88 1E 1F 19 1C 7B
ID: 43F, Data: 82 48 60 FF 79 D8 1E 0
ID: 316, Data: 85 1F AC 1E 21 19 1C 7B
ID: 545, Data: 8E4 44 0 8C 6D 0 6D 0
ID: 153, Data: 80 0 0 FF 0 FF 0 0
ID: 316, Data: 85 20 F5 1E 22 19 1C 7B
ID: 153, Data: 80 0 0 FF 0 FF 0 0
ID: 316, Data: 85 21 E 1F 25 19 1B 7B
ID: 316, Data: 85 22 40 1F 26 19 1B 7B
ID: 545, Data: 8E4 4B 0 8C A6 0 A6 0
ID: 43F, Data: 82 48 60 FF 79 20 1F 0
ID: 153, Data: 80 0 0 FF 0 FF 0 0
ID: 370, Data: 8FF DE F0 FF FF FF FF FF
ID: 316, Data: 85 26 A5 1F 2A 19 1B 7B
ID: 153, Data: 80 0 0 FF 0 FF 0 0
ID: 316, Data: 85 27 A5 1F 2A 19 1B 7B
ID: 153, Data: 80 0 0 FF 0 FF 0 0
ID: 260, Data: 8B 28 2C 30 2C FF D7 37
ID: 316, Data: 85 28 8B 1F 2C 18 1C 7B
ID: 153, Data: 80 0 0 FF 0 FF 0 0
ID: 316, Data: 85 29 98 1F 2B 18 1C 7B
ID: 153, Data: 80 0 0 FF 0 FF 0 0
ID: 1F0, Data: 87 40 1 C0 0 0 0 0
ID: 316, Data: 85 2A BE 1F F 18 1C 7B
ID: 153, Data: 80 0 0 FF 0 FF 0 0
ID: 280, Data: 830 0 88 AF 3F 19 6D 44
ID: 316, Data: 85 28 D8 1F F 18 1C 7B
ID: 316, Data: 85 26 CB 1F 10 19 1C 7B
ID: 316, Data: 85 23 98 1F 10 19 1C 7B
ID: 545, Data: 8E4 51 0 8C 90 0 90 0
ID: 440, Data: 8FE 82 1B A0 FF AA AA AA
ID: 316, Data: 85 1D 1 1F 11 19 1C 7B
ID: 153, Data: 80 0 0 FF 0 FF 0 0
ID: 316, Data: 85 1C AC 1E 11 19 1C 7B
ID: 153, Data: 80 0 0 FF 0 FF 0 0
ID: 316, Data: 85 1A 4D 1E 11 19 1C 7B
ID: 153, Data: 80 0 0 FF 0 FF 0 0
ID: 1F1, Data: 80 B7 DC D0 D DF 20 E
ID: 316, Data: 85 17 8A 1D 11 19 1C 7B
ID: 260, Data: 8B 17 12 30 2C FF 8D 15
ID: 43F, Data: 82 48 60 FF 79 9C 1E 0
ID: 329, Data: 8B AF 80 8 11 30 0 26
ID: 153, Data: 80 0 0 FF 0 FF 0 0
ID: 316, Data: 85 13 78 1B 12 19 1C 7B
ID: 43F, Data: 82 48 60 FF 79 58 1E 0
ID: 316, Data: 85 14 8F 1A 12 19 1B 7B
ID: 260, Data: 8B 15 13 30 2C FF 66 2E
ID: 153, Data: 80 0 0 FF 0 FF 0 0
ID: 280, Data: 830 0 84 AF 32 13 6D 35
ID: 316, Data: 85 18 F0 18 1D 22 1B 7B
ID: 43F, Data: 82 48 60 FF 78 DC 1D 0
ID: 316, Data: 85 19 8A 18 1B 22 1B 7B
ID: 2A0, Data: 840 7 6D 1D 33 0 11 0
ID: 316, Data: 85 1A 4D 18 1B 22 1B 7B
ID: 316, Data: 85 1A 9 18 1B 22 1B 7B
ID: 18F, Data: 8AA 39 0 0 0 0 0 0
ID: 316, Data: 85 1B B9 17 1B 22 1B 7B
ID: 43F, Data: 82 48 60 FF 79 40 1D 0
ID: 316, Data: 8D 1C 79 17 1B 22 1A 7B
ID: 2A0, Data: 8E0 6 6D 1D 33 0 11 0
ID: 153, Data: 80 0 0 FF 0 FF 0 0
ID: 316, Data: 84D 1D FD 16 1B 22 1A 7B
ID: 153, Data: 80 0 0 FF 0 FF 0 0
ID: 260, Data: 80 18 1C 38 2C FF 4E 1
ID: 316, Data: 845 19 87 15 1C 22 1A 7B
ID: A1, Data: 880 7F 80 7E 1D 0 0 0
ID: 5F0, Data: 20 0
ID: 316, Data: 845 1F 53 14 1D 22 1A 7B
ID: 316, Data: 845 1F EB 13 1E 22 1A 7B
ID: 153, Data: 80 0 0 FF 0 FF 0 0
ID: 329, Data: 884 B0 80 8 11 30 0 26
ID: 316, Data: 845 20 DE 12 1F 22 19 7B
ID: 260, Data: 8B 21 1F 30 2C FF 4F 1F
ID: 316, Data: 845 21 96 12 1F 22 19 7B
ID: A0, Data: 831 7C 96 12 1A 28 2 0
ID: 153, Data: 80 0 0 FF 0 FF 0 0
ID: 316, Data: 845 28 9A 12 21 22 19 7B
ID: 153, Data: 80 0 0 FF 0 FF 0 0
ID: 43F, Data: 82 48 60 FF 79 50 1B 0
ID: 260, Data: 8B 26 20 30 2C FF B9 26
ID: 43F, Data: 82 48 60 FF 78 18 1B 0
ID: 316, Data: 845 23 6B 16 1E 22 19 7B
ID: 153, Data: 80 0 0 FF 0 FF 0 0
ID: 316, Data: 845 22 CF 17 1E 22 18 7B
ID: 316, Data: 845 21 45 18 1E 22 18 7B
ID: A1, Data: 880 7C 82 7C 1C 0 0 0
ID: 316, Data: 845 20 F0 18 21 22 18 7B
ID: 316, Data: 845 20 28 19 22 22 18 7B
ID: 5A0, Data: 80 0 0 90 0 0 0 0
ID: 545, Data: 8E4 3C 0 8C E1 FF E1 FF
ID: 153, Data: 80 0 0 FF 0 FF 0 0
ID: A0, Data: 823 7C 71 19 18 29 2 0
ID: 316, Data: 845 23 CE 19 25 22 18 7B
ID: 545, Data: 8E4 42 0 8C 14 0 14 0
ID: 43F, Data: 82 48 60 FF 79 C 1A 0
ID: 316, Data: 845 24 2D 1A 29 22 17 7B
ID: 260, Data: 8B 24 2A 30 2C FF C5 3
ID: 316, Data: 845 25 3F 1A 29 22 17 7B
ID: 280, Data: 830 0 88 B0 34 17 6D 3D
ID: 5F0, Data: 20 0
ID: 2A0, Data: 8C1 5 6D 1D 33 0 11 0
ID: 329, Data: 840 B0 80 8 11 34 6 26
ID: A1, Data: 87D 7C 82 7C 1E 0 0 0
ID: 5F0, Data: 20 0
ID: 316, Data: 845 28 36 1A 29 22 17 7B
ID: 43F, Data: 82 48 60 FF 79 70 19 0
ID: 260, Data: 8B 28 29 30 2C FF C7 1D
ID: 153, Data: 80 0 0 FF 0 FF 0 0
ID: 316, Data: 845 29 F9 19 29 21 17 7B
ID: 1F0, Data: 80 40 1 C0 0 0 0 0
ID: A0, Data: 831 7C 1 1A 17 2C 2 0
ID: 2A0, Data: 8E0 5 6D 1D 33 0 11 0
ID: 545, Data: 8E4 57 0 8D 8E 0 8E 0
ID: 43F, Data: 82 48 60 FF 78 28 19 0
ID: 153, Data: 80 0 0 FF 0 FF 0 0
ID: 316, Data: 845 28 CE 19 19 21 16 7B
ID: 316, Data: 845 26 B4 19 19 22 16 7B
ID: A1, Data: 880 7E 84 7E 1D 0 0 0
ID: 316, Data: 845 22 51 19 1A 22 16 7B
ID: 316, Data: 845 21 18 19 1A 22 16 7B
ID: 153, Data: 80 0 0 FF 0 FF 0 0
ID: 545, Data: 8E4 3C 0 8C BB FF BB FF
ID: 316, Data: 845 1D 5C 18 1B 22 16 7B
ID: 43F, Data: 82 48 60 FF 79 54 18 0
ID: 316, Data: 845 1B B2 17 1B 22 16 7B
ID: 153, Data: 80 0 0 FF 0 FF 0 0
ID: 316, Data: 845 19 E2 16 1B 22 16 7B
ID: 153, Data: 80 0 0 FF 0 FF 0 0
ID: A0, Data: 825 7D A 17 16 27 2 0
ID: 329, Data: 884 B0 80 8 11 30 0 26
ID: 545, Data: 8E4 33 0 8C 66 FF 66 FF
ID: 43F, Data: 82 48 60 FF 79 B4 17 0
ID: 316, Data: 845 1B 41 15 1D 22 15 7B
ID: 2A0, Data: 8E0 4 6D 1D 33 0 11 0
ID: 316, Data: 845 1B D 15 1D 22 15 7B
ID: 316, Data: 845 1C F6 14 1D 22 15 7B
ID: 43F, Data: 82 48 60 FF 79 3C 17 0
ID: 329, Data: 884 B0 80 8 11 30 0 26
ID: 153, Data: 80 0 0 FF 0 FF 0 0
ID: 316, Data: 845 1E BF 14 1D 22 14 7B
ID: 153, Data: 80 0 0 FF 0 FF 0 0
ID: 153, Data: 80 0 0 FF 0 FF 0 0
ID: 316, Data: 845 23 F6 14 20 22 14 7B
ID: 153, Data: 80 0 0 FF 0 FF 0 0
ID: A1, Data: 87D 7C 80 7C 1D 0 0 0
ID: 329, Data: 884 B0 80 8 11 30 4 26
ID: 316, Data: 845 23 52 16 2B 22 14 7B
ID: 153, Data: 80 0 0 FF 0 FF 0 0
ID: 329, Data: 8ED B0 80 8 11 33 9 26
ID: 316, Data: 845 28 DB 16 35 21 13 7B
ID: 260, Data: 8B 29 37 30 2C FF BE 8
ID: 153, Data: 80 0 0 FF 0 FF 0 0
ID: 280, Data: 830 0 88 B0 2E 1C 6D 4A
ID: 43F, Data: 82 48 60 FF 79 0 16 0
ID: A0, Data: 83D 7D 79 17 13 2D 2 0
ID: 153, Data: 80 0 0 FF 0 FF 0 0
ID: 153, Data: 80 0 0 FF 0 FF 0 0
ID: 153, Data: 80 0 0 FF 0 FF 0 0
ID: 43F, Data: 82 48 60 FF 79 D0 15 0
ID: 280, Data: 830 0 88 B0 2E 20 6D 58
ID: 43F, Data: 82 48 60 FF 79 D4 15 0
ID: 370, Data: 8FF E0 F0 FF FF FF FF FF
ID: 18F, Data: 8AA 43 0 0 0 0 0 0
ID: 153, Data: 80 0 0 FF 0 FF 0 0
ID: 316, Data: 845 38 A4 17 41 1F 13 7B
ID: 440, Data: 8FE D2 13 A0 FF AA AA AA
ID: 316, Data: 845 3B C7 17 42 1E 13 7B
ID: 5F0, Data: 20 0
ID: 545, Data: 8E4 78 0 8C 4D 2 4D 2
ID: 280, Data: 830 0 88 B0 30 27 6D 6B
ID: A1, Data: 880 80 80 82 32 0 0 0
ID: 5F0, Data: 20 0
ID: 316, Data: 845 3F 73 18 41 1E 13 7B
ID: 43F, Data: 82 48 60 FF 79 44 16 0
ID: 153, Data: 80 0 0 FF 0 FF 0 0
ID: 153, Data: 80 0 0 FF 0 FF 0 0
ID: 153, Data: 80 0 0 FF 0 FF 0 0
ID: A0, Data: 84A 7D A9 18 13 30 2 0
ID: 316, Data: 845 41 D0 18 40 1D 13 7B
ID: 18F, Data: 8AA 44 0 0 0 0 0 0
ID: 316, Data: 845 40 18 19 40 1D 13 7B
ID: 43F, Data: 82 48 60 FF 79 D4 16 0
ID: 260, Data: 8B 40 40 30 2C FF CB 25
ID: 316, Data: 845 3F 38 19 41 1E 13 7B
ID: 316, Data: 845 3F 40 19 41 1E 13 7B
ID: 153, Data: 80 0 0 FF 0 FF 0 0
ID: 2A0, Data: 81 8 6D 1D 33 0 11 0
ID: 316, Data: 845 3F 7A 19 42 1E 14 7B
ID: 316, Data: 845 3F 9B 19 42 1E 14 7B
ID: 316, Data: 845 40 AC 19 42 1D 14 7B
ID: 260, Data: 8B 41 43 30 2C FF CB 12
ID: 316, Data: 845 40 E8 19 42 1D 14 7B
ID: A0, Data: 84B 7D DF 19 14 31 2 0
ID: 153, Data: 80 0 0 FF 0 FF 0 0
ID: 316, Data: 845 40 2D 1A 42 1D 14 7B
ID: 153, Data: 80 0 0 FF 0 FF 0 0
ID: 43F, Data: 82 48 60 FF 79 14 18 0
ID: 18F, Data: 8AA 45 0 0 0 0 0 0
ID: 43F, Data: 82 48 60 FF 79 30 18 0
ID: 153, Data: 80 0 0 FF 0 FF 0 0
ID: 153, Data: 80 0 0 FF 0 FF 0 0
ID: 43F, Data: 82 48 60 FF 79 78 18 0
ID: 545, Data: 8E4 94 0 8C C5 2 C5 2
ID: 153, Data: 80 0 0 FF 0 FF 0 0
ID: 316, Data: 845 46 5C 1B 4C 1D 15 7B
ID: 153, Data: 80 0 0 FF 0 FF 0 0
ID: 545, Data: 8E4 A1 0 8C EE 2 EE 2
ID: 316, Data: 845 47 BD 1B 4C 1D 16 7B
ID: 545, Data: 8E4 A1 0 8C F4 2 F4 2
ID: 43F, Data: 82 48 60 FF 79 44 19 0
ID: 1F0, Data: 8E9 3F 1 C0 0 0 0 0
ID: A0, Data: 853 7D DA 1B 16 34 2 0
ID: 2A0, Data: 861 D 6D 1D 33 0 11 0
ID: 43F, Data: 82 48 60 FF 79 BC 19 0
ID: 43F, Data: 82 48 60 FF 79 DC 19 0
ID: 153, Data: 80 0 0 FF 0 FF 0 0
ID: 260, Data: 8B 47 4B 30 2C FF CB 5
ID: 316, Data: 845 46 A7 1C 4B 1D 17 7B
ID: 260, Data: 8B 47 4B 30 2C FF CB 23
ID: 316, Data: 845 46 D1 1C 4A 1D 17 7B
ID: 43F, Data: 82 48 60 FF 79 90 1A 0
ID: 316, Data: 845 47 11 1D 18 1D 17 7B
ID: A1, Data: 87B 7F 7A 81 39 0 0 0
ID: 153, Data: 80 0 0 FF 0 FF 0 0
ID: 5F0, Data: 20 0
ID: 153, Data: 80 0 0 FF 0 FF 0 0
ID: 43F, Data: 82 48 60 FF 79 E8 1A 0
ID: 153, Data: 80 0 0 FF 0 FF 0 0
ID: 316, Data: 845 30 49 1C 17 20 18 7B
ID: 153, Data: 80 0 0 FF 0 FF 0 0
ID: 329, Data: 840 B1 80 8 11 30 0 26
ID: 316, Data: 845 24 48 1B 19 22 18 7B
ID: A1, Data: 876 7F 74 7E 1D 0 0 0
ID: 440, Data: 8FE 22 18 A0 FF AA AA AA
ID: 43F, Data: 82 48 60 FF 79 AC 1A 0
ID: 153, Data: 80 0 0 FF 0 FF 0 0
ID: 316, Data: 845 1C 2D 1A 1A 22 18 7B
ID: 153, Data: 80 0 0 FF 0 FF 0 0
ID: 260, Data: 8B 1B 1A 30 2C FF 93 12
ID: 316, Data: 845 19 C8 18 1A 22 17 7B
ID: 153, Data: 80 0 0 FF 0 FF 0 0
ID: 329, Data: 8ED B1 80 8 12 30 0 26
ID: 316, Data: 845 19 18 17 1B 22 17 7B
ID: 2A0, Data: 8E0 B 6D 1D 33 0 11 0
ID: 316, Data: 845 1A 1F 16 1C 22 16 7B
ID: 316, Data: 845 1B B7 15 1C 22 16 7B
ID: 43F, Data: 82 48 60 FF 79 AC 17 0
ID: 329, Data: 840 B1 80 8 12 31 0 26
ID: 153, Data: 80 0 0 FF 0 FF 0 0
ID: 316, Data: 845 1D CF 14 1D 21 15 7B
ID: 153, Data: 80 0 0 FF 0 FF 0 0
ID: 2A0, Data: 840 A 6D 1D 33 0 11 0
ID: 316, Data: 845 1F 88 14 1D 21 14 7B
ID: 280, Data: 830 0 84 B1 28 17 6D 3F
ID: 316, Data: 845 1F 63 14 1D 21 13 7B
ID: 18F, Data: 8AA 47 0 0 0 0 0 0
ID: 153, Data: 80 0 0 FF 0 FF 0 0
ID: 370, Data: 8FF E0 F0 FF FF FF FF FF
ID: 43F, Data: 82 48 60 FF 79 D8 13 0
ID: 316, Data: 845 1F FA 13 17 18 12 7B
ID: 153, Data: 80 0 0 FF 0 FF 0 0
ID: 153, Data: 80 0 0 FF 0 FF 0 0
ID: 316, Data: 845 1D 6A 13 17 18 11 7B
ID: 153, Data: 80 0 0 FF 0 FF 0 0
ID: 329, Data: 884 B1 80 8 12 2D 0 26
ID: 316, Data: 845 1C 3B 12 18 18 11 7B
ID: 2A0, Data: 880 8 6D 1D 33 0 11 0
ID: 316, Data: 845 1C 36 11 1A 19 10 7B
ID: 316, Data: 85 1C 98 10 1A 19 10 7B
ID: 316, Data: 85 1C 6F 10 1A 19 F 7B
ID: 316, Data: 85 1C 6F 10 1A 19 F 7B
ID: 43F, Data: 82 48 60 FF 79 FC F 0
ID: 5F0, Data: 20 0
ID: 43F, Data: 82 48 60 FF 79 60 F 0
ID: 316, Data: 85 1C EF F 1A 19 E 7B
ID: 316, Data: 85 1C B2 F 1B 1A E 7B
ID: 2A0, Data: 8E0 7 6D 1D 33 0 11 0
ID: 153, Data: 80 0 0 FF 0 FF 0 0
ID: 153, Data: 80 0 0 FF 0 FF 0 0
ID: 440, Data: 8FE D2 C A0 FF AA AA AA
ID: 2A0, Data: 8E0 7 6D 1D 33 0 11 0
ID: 316, Data: 85 1D 1 E 1D 1A D 7B
ID: 316, Data: 85 1D A2 D 1E 1B C 7B
ID: 153, Data: 80 0 0 FF 0 FF 0 0
ID: 329, Data: 8ED B1 80 8 12 2D 0 26
ID: 153, Data: 80 0 0 FF 0 FF 0 0
ID: 440, Data: 8FE D2 B A0 FF AA AA AA
ID: 316, Data: 85 20 D6 C 1F 1B B 7B
ID: 43F, Data: 82 48 60 FF 79 B8 B 0
ID: 316, Data: 85 21 9A C 1F 1B B 7B
ID: 153, Data: 80 0 0 FF 0 FF 0 0
ID: 316, Data: 85 21 6A C 20 1A A 7B
ID: 370, Data: 8FF E0 F0 FF FF FF FF FF
ID: 316, Data: 85 22 24 C 20 1A A 7B
ID: 316, Data: 85 22 A C 20 1A A 7B
ID: 153, Data: 80 0 0 FF 0 FF 0 0
ID: 316, Data: 85 22 D2 B 21 1A 9 7B
ID: 153, Data: 80 0 0 FF 0 FF 0 0
ID: 316, Data: 85 23 68 B 22 1A 9 7B
ID: 43F, Data: 82 48 60 FF 79 44 9 0
ID: 440, Data: 8FE D2 8 A0 FF AA AA AA
ID: 316, Data: 85 23 2F B 22 1A 8 7B
ID: 153, Data: 80 0 0 FF 0 FF 0 0
ID: 153, Data: 80 0 0 FF 0 FF 0 0
ID: 153, Data: 80 0 0 FF 0 FF 0 0
ID: 18F, Data: 8AA 44 0 0 0 0 0 0
ID: 316, Data: 85 24 EF A 22 1A 7 7B
ID: 153, Data: 80 0 0 FF 0 FF 0 0
ID: 316, Data: 85 24 CF A 22 1A 7 7B
ID: 316, Data: 85 25 C9 A 22 1A 7 7B
ID: 316, Data: 85 25 C2 A 22 19 7 7B
ID: 260, Data: 8B 25 23 30 2C FF 71 11
ID: 153, Data: 80 0 0 FF 0 FF 0 0
ID: 316, Data: 85 25 AC A 23 19 6 7B
ID: 153, Data: 80 0 0 FF 0 FF 0 0
ID: 316, Data: 85 25 93 A 23 19 6 7B
ID: 1F1, Data: 80 EB 29 B0 2 29 C0 2
ID: 153, Data: 80 0 0 FF 0 FF 0 0
ID: 316, Data: 85 25 7B A 23 19 5 7B
ID: 370, Data: 8FF E0 F0 FF FF FF FF FF
ID: 316, Data: 85 25 69 A 23 19 5 7B
ID: 316, Data: 85 25 4F A 23 19 5 7B
ID: 153, Data: 80 0 0 FF 0 FF 0 0
ID: 316, Data: 85 25 45 A 24 19 4 7B
ID: 316, Data: 85 25 3D A 24 19 4 7B
ID: 316, Data: 85 25 42 A 24 19 4 7B
ID: 545, Data: 8E4 23 0 8C D0 0 D0 0
ID: 153, Data: 80 0 0 FF 0 FF 0 0
ID: 316, Data: 85 25 40 A 24 19 4 7B
ID: 153, Data: 80 0 0 FF 0 FF 0 0
ID: 316, Data: 85 25 3D A 24 19 3 7B
ID: 370, Data: 8FF E0 F0 FF FF FF FF FF
ID: 153, Data: 80 0 0 FF 0 FF 0 0
ID: 280, Data: 830 0 84 B1 14 1B 6D 4C
ID: 316, Data: 85 25 36 A 24 19 3 7B
ID: 5F0, Data: 20 0
ID: 153, Data: 80 0 0 FF 0 FF 0 0
ID: 43F, Data: 82 48 60 FF 79 70 3 0
ID: A0, Data: 834 7E 29 A 3 23 2 0
ID: 43F, Data: 82 48 60 FF 79 60 3 0
ID: 153, Data: 80 0 0 FF 0 FF 0 0
ID: 153, Data: 80 0 0 FF 0 FF 0 0
ID: 153, Data: 80 0 0 FF 0 FF 0 0
ID: 370, Data: 8FF E0 F0 FF FF FF FF FF
ID: 316, Data: 85 25 41 A 24 19 3 7B
ID: 153, Data: 80 0 0 FF 0 FF 0 0
ID: 153, Data: 80 0 0 FF 0 FF 0 0
ID: 43F, Data: 82 48 60 FF 79 44 3 0
ID: 43F, Data: 82 48 60 FF 79 44 3 0
ID: 43F, Data: 82 48 60 FF 79 48 3 0
ID: 43F, Data: 82 48 60 FF 79 4C 3 0
ID: 153, Data: 80 0 0 FF 0 FF 0 0
ID: 329, Data: 884 B2 80 8 11 2B 0 26
ID: 153, Data: 80 0 0 FF 0 FF 0 0
ID: 260, Data: 8B 24 24 30 2C FF 6F 23
ID: 316, Data: 85 24 53 A 23 19 3 7B
ID: 43F, Data: 82 48 60 FF 79 60 3 0
ID: 43F, Data: 82 48 60 FF 79 60 3 0
ID: 153, Data: 80 0 0 FF 0 FF 0 0
ID: 43F, Data: 82 48 60 FF 79 64 3 0
ID: 316, Data: 85 24 3A A 23 19 3 7B
ID: 316, Data: 85 24 3D A 23 19 3 7B
ID: 260, Data: 8B 24 24 30 2C FF 71 3F
ID: 43F, Data: 82 48 60 FF 79 68 3 0
ID: 316, Data: 85 24 26 A 24 19 3 7B
ID: 316, Data: 85 24 2A A 24 19 3 7B
ID: 260, Data: 8B 24 24 30 2C FF 72 1
ID: 153, Data: 80 0 0 FF 0 FF 0 0
ID: 153, Data: 80 0 0 FF 0 FF 0 0
ID: 316, Data: 85 29 34 A 25 19 3 7B
ID: 43F, Data: 82 48 60 FF 79 7C 3 0
ID: 440, Data: 8C5 22 2 A0 FF AA AA AA
ID: 316, Data: 85 2A 83 A 28 19 3 7B
ID: 260, Data: 8B 2A 29 30 2C FF A7 E
ID: 316, Data: 85 2A A9 A 29 19 3 7B
ID: 153, Data: 80 0 0 FF 0 FF 0 0
ID: 316, Data: 85 2A C0 A 2A 19 3 7B
ID: 316, Data: 85 29 C9 A 2B 19 3 7B
ID: 153, Data: 80 0 0 FF 0 FF 0 0
ID: 329, Data: 8ED B2 80 8 11 2B 2 26
ID: 316, Data: 85 2A CF A 30 19 3 7B
ID: 1F0, Data: 822 40 1 C0 0 0 0 0
ID: 153, Data: 80 0 0 FF 0 FF 0 0
ID: 153, Data: 80 0 0 FF 0 FF 0 0
ID: 280, Data: 830 0 88 B2 15 1B 6D 4D
ID: 316, Data: 85 2C CE A 3E 19 3 7B
ID: 370, Data: 8FF E0 F0 FF FF FF FF FF
ID: 153, Data: 80 0 0 FF 0 FF 0 0
ID: 545, Data: 8E4 24 0 8D A0 1 A0 1
ID: 316, Data: 85 32 E B 48 19 3 7B
ID: 280, Data: 830 0 88 B2 16 20 6D 58
ID: 260, Data: 8B 35 49 30 2C FF A6 1
ID: 1F0, Data: 823 40 1 C0 0 0 0 0
ID: 153, Data: 80 0 0 FF 0 FF 0 0
ID: 316, Data: 85 3A 64 C 49 18 3 7B
ID: 153, Data: 80 0 0 FF 0 FF 0 0
ID: 316, Data: 85 3C 3E D 49 18 3 7B
ID: 440, Data: 8BF 22 3 A0 FF AA AA AA
ID: 316, Data: 85 3D 86 E 49 17 3 7B
ID: 153, Data: 80 0 0 FF 0 FF 0 0
ID: 153, Data: 80 0 0 FF 0 FF 0 0
ID: 153, Data: 80 0 0 FF 0 FF 0 0
ID: 280, Data: 830 0 88 B2 21 26 6D 63
ID: 316, Data: 85 3D 10 11 45 16 4 7B
ID: 43F, Data: 82 48 60 FF 79 F0 4 0
ID: 153, Data: 80 0 0 FF 0 FF 0 0
ID: 316, Data: 85 3D 8 12 44 15 4 7B
ID: 153, Data: 80 0 0 FF 0 FF 0 0
ID: 43F, Data: 82 48 60 FF 79 74 5 0
ID: 1F0, Data: 82A 40 1 C0 0 0 0 0
ID: 153, Data: 80 0 0 FF 0 FF 0 0
ID: 316, Data: 85 3C B1 12 43 15 4 7B
ID: 5A0, Data: 80 0 0 90 0 0 0 0
ID: 316, Data: 85 3C DE 12 43 14 5 7B
ID: 153, Data: 80 0 0 FF 0 FF 0 0
ID: 316, Data: 85 3B FE 12 42 14 5 7B
ID: 370, Data: 8FF E0 F0 FF FF FF FF FF
ID: 1F0, Data: 82D 40 1 C0 0 0 0 0
ID: 316, Data: 85 3B 7 13 42 14 6 7B
ID: 153, Data: 80 0 0 FF 0 FF 0 0
ID: 153, Data: 80 0 0 FF 0 FF 0 0
ID: 153, Data: 80 0 0 FF 0 FF 0 0
ID: A0, Data: 84E 7E 1E 13 7 2D 2 0
ID: 329, Data: 8ED B2 80 8 11 36 14 26
ID: 545, Data: 8E4 5C 0 8C D1 2 D1 2
ID: 43F, Data: 82 48 60 FF 79 38 8 0
ID: 43F, Data: 82 48 60 FF 79 6C 8 0
ID: 43F, Data: 82 48 60 FF 79 8C 8 0
ID: 43F, Data: 82 48 60 FF 79 AC 8 0
ID: 43F, Data: 82 48 60 FF 79 E8 8 0
ID: 316, Data: 85 3E DC 13 41 14 7 7B
ID: 316, Data: 85 3D F5 13 41 14 8 7B
ID: 329, Data: 8ED B2 80 8 11 36 14 26
ID: 153, Data: 80 0 0 FF 0 FF 0 0
ID: 316, Data: 85 3E 14 14 41 14 8 7B
ID: 316, Data: 85 3D 19 14 41 14 8 7B
ID: 316, Data: 85 3D 24 14 40 14 8 7B
ID: A1, Data: 87D 7F 7D 81 34 0 0 0
ID: 440, Data: 8D7 22 8 A0 FF AA AA AA
ID: 43F, Data: 82 48 60 FF 79 88 A 0
ID: 153, Data: 80 0 0 FF 0 FF 0 0
ID: 153, Data: 80 0 0 FF 0 FF 0 0
ID: 440, Data: 8DD 22 9 A0 FF AA AA AA
ID: 316, Data: 85 3E 3E 14 40 14 9 7B
ID: 440, Data: 8DE 22 9 A0 FF AA AA AA
ID: 316, Data: 85 3E 38 14 39 14 A 7B
ID: 545, Data: 8E4 62 0 8C DD 2 DD 2
ID: 153, Data: 80 0 0 FF 0 FF 0 0
ID: 5F0, Data: 20 0
ID: 153, Data: 80 0 0 FF 0 FF 0 0
ID: 153, Data: 80 0 0 FF 0 FF 0 0
ID: 2A0, Data: 8A1 B 6D 1D 33 0 11 0
ID: 316, Data: 85 3D 53 14 33 14 A 7B
ID: 2A0, Data: 861 B 6D 1D 33 0 11 0
ID: 153, Data: 80 0 0 FF 0 FF 0 0
ID: 316, Data: 85 3A 33 14 22 14 B 7B
ID: 153, Data: 80 0 0 FF 0 FF 0 0
ID: 316, Data: 85 39 0 14 21 14 B 7B
ID: 153, Data: 80 0 0 FF 0 FF 0 0
ID: 316, Data: 85 32 BE 13 22 15 B 7B
ID: 153, Data: 80 0 0 FF 0 FF 0 0
ID: 153, Data: 80 0 0 FF 0 FF 0 0
ID: 43F, Data: 82 48 60 FF 79 A0 D 0
ID: 153, Data: 80 0 0 FF 0 FF 0 0
ID: 316, Data: 85 2F 37 12 25 16 B 7B
ID: 153, Data: 80 0 0 FF 0 FF 0 0
ID: 153, Data: 80 0 0 FF 0 FF 0 0
ID: 316, Data: 85 2F 6F 11 27 17 B 7B
ID: 43F, Data: 82 48 60 FF 79 8 E 0
ID: 316, Data: 85 2E 10 11 27 17 C 7B
ID: 1F0, Data: 897 3F 1 C0 0 0 0 0
ID: 280, Data: 830 0 88 B2 21 1C 6D 4E
ID: 316, Data: 85 2D A7 10 28 17 C 7B
ID: 153, Data: 80 0 0 FF 0 FF 0 0
ID: 316, Data: 85 2D 64 10 28 18 B 7B
ID: 153, Data: 80 0 0 FF 0 FF 0 0
ID: 316, Data: 85 2D 38 10 28 18 B 7B
ID: 316, Data: 85 2D 2B 10 28 18 B 7B
ID: 316, Data: 85 2D 1A 10 28 18 B 7B
ID: 43F, Data: 82 48 60 FF 79 34 E 0
ID: 153, Data: 80 0 0 FF 0 FF 0 0
ID: 316, Data: 85 2C 9 10 2C 18 B 7B
ID: 316, Data: 85 2C 3 10 30 18 B 7B
ID: 153, Data: 80 0 0 FF 0 FF 0 0
ID: 329, Data: 8ED B2 80 8 11 2F 6 26
ID: 316, Data: 85 2C 9 10 2A 18 B 7B
ID: 260, Data: 8B 2D 2A 30 2C FF A6 38
ID: 153, Data: 80 0 0 FF 0 FF 0 0
ID: 153, Data: 80 0 0 FF 0 FF 0 0
ID: 316, Data: 85 2D 50 10 36 18 B 7B
ID: 153, Data: 80 0 0 FF 0 FF 0 0
ID: 316, Data: 85 2F 6F 10 3D 18 B 7B
ID: 153, Data: 80 0 0 FF 0 FF 0 0
ID: 153, Data: 80 0 0 FF 0 FF 0 0
ID: 316, Data: 85 34 A0 10 3F 17 C 7B
ID: 43F, Data: 82 48 60 FF 79 DC E 0
ID: 370, Data: 8FF E0 F0 FF FF FF FF FF
ID: 316, Data: 85 36 49 11 3F 16 C 7B
ID: 153, Data: 80 0 0 FF 0 FF 0 0
ID: 316, Data: 85 38 AA 11 3C 16 C 7B
ID: 153, Data: 80 0 0 FF 0 FF 0 0
ID: 316, Data: 85 39 3F 12 3B 15 D 7B
ID: 1F1, Data: 80 EB 70 A0 6 71 D0 6
ID: 153, Data: 80 0 0 FF 0 FF 0 0
ID: A1, Data: 87B 7F 7B 81 2F 0 0 0
ID: 280, Data: 830 0 88 B2 26 22 6D 63
ID: 2A0, Data: 8A1 A 6D 1D 33 0 11 0
ID: 153, Data: 80 0 0 FF 0 FF 0 0
ID: 316, Data: 85 38 AF 13 42 14 D 7B
ID: 316, Data: 85 37 CD 13 42 14 E 7B
ID: 153, Data: 80 0 0 FF 0 FF 0 0
ID: 18F, Data: 8AA 3F 0 0 0 0 0 0
ID: 316, Data: 85 39 0 14 41 14 E 7B
ID: 440, Data: 8FE 72 E A0 FF AA AA AA
ID: 316, Data: 85 39 38 14 1A 14 E 7B
ID: 153, Data: 80 0 0 FF 0 FF 0 0
ID: 316, Data: 85 3D 88 14 19 14 F 7B
ID: 153, Data: 80 0 0 FF 0 FF 0 0
ID: 316, Data: 85 3B BF 14 19 15 F 7B
ID: 316, Data: 85 34 B9 14 1A 15 F 7B
ID: 316, Data: 85 31 9E 14 1A 16 F 7B
ID: 153, Data: 80 0 0 FF 0 FF 0 0
ID: 153, Data: 80 0 0 FF 0 FF 0 0
ID: 316, Data: 85 27 52 13 1D 17 F 7B
ID: 260, Data: 8B 26 1E 30 2C FF A3 11
ID: 153, Data: 80 0 0 FF 0 FF 0 0
ID: 329, Data: 8ED B2 80 8 11 2D 0 26
ID: 153, Data: 80 0 0 FF 0 FF 0 0
ID: 260, Data: 8B 1F 21 30 2C FF 85 24
ID: 316, Data: 85 1D B8 10 22 18 10 7B
ID: 5F0, Data: 20 0
ID: 316, Data: 85 1E 27 10 23 19 10 7B
ID: 440, Data: 8FE 22 E A0 FF AA AA AA
ID: A1, Data: 87B 7E 7B 7D 20 0 0 0
ID: 153, Data: 80 0 0 FF 0 FF 0 0
ID: 316, Data: 85 21 10 10 22 18 10 7B
ID: 153, Data: 80 0 0 FF 0 FF 0 0
ID: 316, Data: 85 22 6F 10 22 18 F 7B
ID: 316, Data: 85 22 98 10 21 18 F 7B
ID: 2A0, Data: 820 7 6D 1D 33 0 11 0
ID: 43F, Data: 82 48 60 FF 79 58 F 0
ID: 1F1, Data: 80 52 68 B0 7 62 90 7
ID: 153, Data: 80 0 0 FF 0 FF 0 0
ID: 329, Data: 8ED B2 80 8 12 2E 0 26
ID: 153, Data: 80 0 0 FF 0 FF 0 0
ID: 260, Data: 8B 21 1B 30 2C FF 79 7
ID: 316, Data: 85 20 8A F 25 19 E 7B
ID: A1, Data: 87B 7E 79 7D 21 0 0 0
ID: 43F, Data: 82 48 60 FF 79 BC D 0
ID: 5F0, Data: 20 0
ID: 316, Data: 85 22 CA E 27 19 E 7B
ID: 43F, Data: 82 48 60 FF 79 F8 C 0
ID: 43F, Data: 82 48 60 FF 79 A8 C 0
ID: 316, Data: 85 24 FE D 28 19 D 7B
ID: 2A0, Data: 880 6 6D 1D 33 0 11 0
ID: 153, Data: 80 0 0 FF 0 FF 0 0
ID: 153, Data: 80 0 0 FF 0 FF 0 0
ID: 43F, Data: 82 48 60 FF 79 C4 A 0
ID: 18F, Data: 8AA 3E 0 0 0 0 0 0
ID: 43F, Data: 82 48 60 FF 79 F4 9 0
ID: 18F, Data: 8AA 3E 0 0 0 0 0 0
ID: 153, Data: 80 0 0 FF 0 FF 0 0
ID: 260, Data: 8B 2C 2A 30 2C FF 74 1
ID: 370, Data: 8FF E3 F0 FF FF FF FF FF
ID: 18F, Data: 8AA 3E 0 0 0 0 0 0
ID: 316, Data: 85 2A E7 C 1E 19 9 7B
ID: 316, Data: 85 29 C3 C 1E 19 8 7B
ID: 316, Data: 85 28 96 C 1F 1A 8 7B
ID: 280, Data: 830 0 84 B2 19 1C 6D 4E
ID: A1, Data: 87C 7E 7E 7D 26 0 0 0
ID: 316, Data: 85 25 88 C 20 1A 7 7B
ID: 316, Data: 85 24 80 C 20 1A 7 7B
ID: 316, Data: 85 24 58 C 21 1A 6 7B
ID: 260, Data: 8B 24 22 30 2C FF 74 10
ID: 1F1, Data: 80 94 26 E0 2 21 C0 2
ID: 316, Data: 85 23 AC B 24 1A 6 7B
ID: 153, Data: 80 0 0 FF 0 FF 0 0
ID: 280, Data: 830 0 84 B2 16 1B 6D 4B
ID: 316, Data: 85 26 E0 A 32 19 5 7B
ID: 316, Data: 85 27 C2 A 33 19 5 7B
ID: 316, Data: 85 28 A9 A 33 19 4 7B
ID: 153, Data: 80 0 0 FF 0 FF 0 0
ID: 316, Data: 85 2B B0 A 32 19 4 7B
ID: 153, Data: 80 0 0 FF 0 FF 0 0
ID: 316, Data: 85 2D DB A 31 19 3 7B
ID: 43F, Data: 82 48 60 FF 79 C4 2 0
ID: 43F, Data: 82 48 60 FF 79 80 2 0
ID: 260, Data: 8B 2F 2F 30 2C FF 88 13
ID: 5A0, Data: 80 0 0 90 0 0 0 0
ID: 316, Data: 85 30 A C 2C 19 2 7B
ID: 43F, Data: 89 48 60 FF 79 A8 1 0
ID: 43F, Data: 89 48 60 FF 79 6C 1 0
ID: 43F, Data: 89 48 60 FF 79 44 1 0
ID: 370, Data: 8FF E3 F0 FF FF FF FF FF
ID: 370, Data: 8FF E3 F0 FF FF FF FF FF
ID: 316, Data: 85 2D 2C C 1F 19 1 7B
ID: 43F, Data: 89 48 60 FF 79 D4 0 0
ID: 43F, Data: 89 48 60 FF 79 CC 0 0
ID: 43F, Data: 89 48 60 FF 79 AC 0 0
ID: 43F, Data: 89 48 60 FF 79 A8 0 0
ID: 280, Data: 830 0 84 B2 18 1B 6E 4F
ID: 440, Data: 8AA 22 0 A0 FF AA AA AA
ID: 316, Data: 85 25 6 C 22 1A 0 7B
ID: 18F, Data: 8AA 3E 0 0 0 0 0 0
ID: 260, Data: 8B 24 23 30 2C FF 6A 29
ID: 329, Data: 8ED B2 80 8 12 2B 0 26
ID: 153, Data: 80 0 0 FF 0 FF 0 0
ID: 316, Data: 85 23 5B B 24 1A 0 7B
ID: 153, Data: 80 0 0 FF 0 FF 0 0
ID: 5F0, Data: 20 0
ID: 153, Data: 80 0 0 FF 0 FF 0 0
ID: 316, Data: 85 24 9 B 25 19 0 7B
ID: 153, Data: 80 0 0 FF 0 FF 0 0
ID: 18F, Data: 8AA 3E 0 0 0 0 0 0
ID: 260, Data: 8B 25 25 30 2C FF 78 27
ID: 153, Data: 80 0 0 FF 0 FF 0 0
ID: 153, Data: 80 0 0 FF 0 FF 0 0
ID: A0, Data: 838 7E 6 B 0 25 2 0
ID: 316, Data: 85 25 6 B 25 19 0 7B
ID: 316, Data: 85 25 3 B 25 19 0 7B
ID: 316, Data: 85 25 FD A 25 19 0 7B
ID: 316, Data: 85 25 9 B 25 19 0 7B
ID: 545, Data: 8E4 25 0 8B D5 0 D5 0
ID: 2A0, Data: 8E0 3 6E 1D 33 0 11 0
ID: A1, Data: 880 80 80 80 25 0 0 0
ID: 316, Data: 85 25 8 B 17 19 0 7B
ID: 316, Data: 85 25 4 B 18 19 0 7B
ID: 153, Data: 80 0 0 FF 0 FF 0 0
ID: 316, Data: 85 24 3F B 18 19 0 7B
ID: 43F, Data: 80 40 60 FF 79 D8 B 0
ID: 43F, Data: 80 40 60 FF 79 40 C 0
ID: 440, Data: 8FE F0 0 A0 FF AA AA AA
ID: 329, Data: 8B B2 80 8 12 28 0 26
ID: 316, Data: 85 1D 96 C 16 1A 0 7B
ID: 153, Data: 80 0 0 FF 0 FF 0 0
ID: 316, Data: 85 1B 47 C 17 1B 0 7B
ID: 316, Data: 85 1B 2A C 17 1B 0 7B
ID: 153, Data: 80 0 0 FF 0 FF 0 0
ID: 2A0, Data: 880 2 6E 1D 33 0 11 0
ID: 1F0, Data: 830 40 1 C0 0 0 0 0
ID: 280, Data: 830 0 84 B2 17 14 6E 3F
ID: 316, Data: 85 19 87 B 18 1B 0 7B
ID: 153, Data: 80 0 0 FF 0 FF 0 0
ID: 316, Data: 85 19 29 B 19 1B 0 7B
ID: 370, Data: 8FF E3 F0 F0 FF FF FF FF
ID: 316, Data: 85 19 0 B 19 1B 0 7B
ID: A1, Data: 880 80 7D 80 1E 0 0 0
ID: 153, Data: 80 0 0 FF 0 FF 0 0
ID: 153, Data: 80 0 0 FF 0 FF 0 0
ID: 440, Data: 8FE F0 0 A0 FF AA AA AA
ID: 316, Data: 85 19 C9 A 19 1B 0 7B
ID: 153, Data: 80 0 0 FF 0 FF 0 0
ID: 316, Data: 85 19 9D A 19 1A 0 7B
ID: 43F, Data: 80 40 60 FF 79 88 A 0
ID: 43F, Data: 80 40 60 FF 79 78 A 0
ID: 370, Data: 8FF E3 F0 F0 FF FF FF FF
ID: 316, Data: 85 19 88 A 19 1A 0 7B
ID: 316, Data: 85 19 86 A 19 1A 0 7B
ID: 316, Data: 85 19 70 A 19 1A 0 7B
ID: 316, Data: 85 19 58 A 19 1A 0 7B
ID: 2A0, Data: 820 2 6E 1D 33 0 11 0
ID: 153, Data: 80 0 0 FF 0 FF 0 0
ID: 43F, Data: 80 40 60 FF 79 24 A 0
ID: 153, Data: 80 0 0 FF 0 FF 0 0
ID: 153, Data: 80 0 0 FF 0 FF 0 0
ID: A1, Data: 87D 80 7A 80 1E 0 0 0
ID: 370, Data: 8FF E3 F0 F0 FF FF FF FF
ID: 260, Data: 8B 1A 22 30 2C FF 76 A
ID: 316, Data: 85 1B 0 A 22 23 0 7B
ID: 280, Data: 830 0 84 B3 14 16 6E 43
ID: 2A0, Data: 880 2 6E 1D 33 0 11 0
ID: 153, Data: 80 0 0 FF 0 FF 0 0
ID: 316, Data: 85 1E 1F A 21 23 0 7B
ID: 153, Data: 80 0 0 FF 0 FF 0 0
ID: 153, Data: 80 0 0 FF 0 FF 0 0
ID: 316, Data: 845 1F 75 A 20 23 0 7B
ID: 440, Data: 8FE F0 0 A0 FF AA AA AA
ID: 316, Data: 845 1F 81 A 20 23 0 7B
ID: 2A0, Data: 820 2 6E 1D 33 0 11 0
ID: 43F, Data: 80 40 60 FF 79 68 A 0
ID: 316, Data: 845 1F D3 9 21 22 0 7B
ID: 316, Data: 845 1F C4 9 21 22 0 7B
ID: 260, Data: 8B 20 21 30 2C FF 75 23
ID: 153, Data: 80 0 0 FF 0 FF 0 0
ID: 316, Data: 845 20 B4 9 21 22 0 7B
ID: 316, Data: 845 21 B4 9 22 22 0 7B
ID: 280, Data: 830 0 84 B3 13 19 6E 49
ID: 5F0, Data: 20 0
ID: 316, Data: 845 21 C5 9 21 22 0 7B
ID: 43F, Data: 80 40 60 FF 79 9C 9 0
ID: 440, Data: 8FE F0 0 A0 FF AA AA AA
ID: 260, Data: 8B 21 21 30 2C FF 7B 3B
ID: 316, Data: 845 21 E2 9 21 22 0 7B
ID: A0, Data: 833 7E E2 9 0 23 2 0
ID: 43F, Data: 80 40 60 FF 79 E0 9 0
ID: 153, Data: 80 0 0 FF 0 FF 0 0
ID: 153, Data: 80 0 0 FF 0 FF 0 0
ID: 316, Data: 845 20 0 A 21 22 0 7B
ID: A0, Data: 832 7E 2 A 0 22 2 0
ID: 316, Data: 845 20 F8 9 21 22 0 7B
ID: A1, Data: 880 80 7D 80 23 0 0 0
ID: 153, Data: 80 0 0 FF 0 FF 0 0
ID: 316, Data: 845 20 E5 9 21 22 0 7B
ID: 43F, Data: 80 40 60 FF 79 CC 9 0
ID: 440, Data: 8FE F0 0 A0 FF AA AA AA
ID: 316, Data: 845 20 D8 9 21 22 0 7B
ID: 5F0, Data: 20 0
ID: 316, Data: 845 21 D3 9 21 22 0 7B
ID: 43F, Data: 80 40 60 FF 79 B4 9 0
ID: 43F, Data: 80 40 60 FF 78 B4 9 0
ID: 260, Data: 8B 21 22 30 2C FF 79 3C
ID: 43F, Data: 80 40 60 FF 79 B4 9 0
ID: 316, Data: 845 21 CA 9 22 22 0 7B
ID: 316, Data: 845 21 C8 9 22 22 0 7B
ID: 153, Data: 80 0 0 FF 0 FF 0 0
ID: 153, Data: 80 0 0 FF 0 FF 0 0
ID: 316, Data: 845 21 C1 9 22 22 0 7B
ID: 260, Data: 8B 21 22 30 2C FF 7A 3B
ID: 153, Data: 80 0 0 FF 0 FF 0 0
ID: 329, Data: 8B B3 80 8 12 2A 0 26
ID: 153, Data: 80 0 0 FF 0 FF 0 0
ID: 316, Data: 845 21 CD 9 22 22 0 7B
ID: 316, Data: 845 21 C5 9 22 22 0 7B
ID: 545, Data: 8E4 1D 0 8C F5 FF F5 FF
ID: 316, Data: 845 21 CB 9 22 22 0 7B
ID: 316, Data: 845 21 C8 9 22 22 0 7B
ID: A0, Data: 834 7F C1 9 0 23 2 0
ID: 153, Data: 80 0 0 FF 0 FF 0 0
ID: 43F, Data: 80 40 60 FF 79 AC 9 0
ID: 153, Data: 80 0 0 FF 0 FF 0 0
ID: 153, Data: 80 0 0 FF 0 FF 0 0
ID: 153, Data: 80 0 0 FF
