=~=~=~=~=~=~=~=~=~=~=~= PuTTY log 2020.11.27 10:49:25 =~=~=~=~=~=~=~=~=~=~=~=
CAN Init ok
ID: 545, Data: 8E4 95 0 8C 7F 3 7F 3 
ID: 545, Data: 8E4 7D 0 8C 3E 3 3E 3 
ID: 5F0, Data: 20 0 
ID: 43F, Data: 845 48 60 FF 70 44 17 0 
ID: 316, Data: 85 43 99 18 45 14 38 7C 
ID: A1, Data: 87E 7F 7E 80 37 0 0 0 
ID: 43F, Data: 845 48 60 FF 70 60 17 0 
ID: 316, Data: 85 43 91 18 44 14 39 7C 
ID: A0, Data: 84D 7B 91 18 39 31 2 0 
ID: 316, Data: 85 43 91 18 45 14 39 7C 
ID: 316, Data: 85 43 91 18 44 14 39 7C 
ID: 43F, Data: 845 48 60 FF 70 7C 17 0 
ID: 43F, Data: 845 48 60 FF 70 90 17 0 
ID: 260, Data: 8B 43 45 30 0 FF CA 2C 
ID: 153, Data: 80 0 0 FF 0 FF 0 0 
ID: 329, Data: 840 AE 80 8 11 39 15 26 
ID: 153, Data: 80 0 0 FF 0 FF 0 0 
ID: 153, Data: 80 0 0 FF 0 FF 0 0 
ID: 545, Data: 8E4 74 0 8C 5 3 5 3 
ID: 316, Data: 85 41 73 18 42 14 39 7C 
ID: 43F, Data: 845 48 60 FF 70 B4 17 0 
ID: 260, Data: 8B 41 41 30 0 FF CB 30 
ID: 316, Data: 85 41 A9 18 3C 14 3A 7C 
ID: 329, Data: 840 AE 80 8 11 39 E 26 
ID: 43F, Data: 845 48 60 FF 70 D0 17 0 
ID: 370, Data: 8FF DE F0 FF FF FF FF FF 
ID: 153, Data: 80 0 0 FF 0 FF 0 0 
ID: 316, Data: 85 3C C0 18 28 15 3A 7C 
ID: 316, Data: 85 3B A1 18 28 15 3A 7C 
ID: 2A0, Data: 8C1 E 6B 18 31 0 10 0 
ID: 43F, Data: 845 48 60 FF 70 E4 17 0 
ID: 43F, Data: 845 48 60 FF 70 F8 17 0 
ID: 18F, Data: 8AA 38 0 0 0 0 0 0 
ID: 316, Data: 85 31 82 18 25 16 3A 7C 
ID: 153, Data: 80 0 0 FF 0 FF 0 0 
ID: 316, Data: 85 2E 91 18 14 16 3A 7C 
ID: 316, Data: 85 2D 91 18 14 17 3A 7C 
ID: 545, Data: 8E4 4E 0 8C 7A 1 7A 1 
ID: 43F, Data: 845 48 60 FF 70 F8 17 0 
ID: 1F1, Data: 80 56 CC C1 1C D8 A1 1D 
ID: 18F, Data: 8AA 38 0 0 0 0 0 0 
ID: 316, Data: 85 21 36 18 16 19 3A 7C 
ID: 153, Data: 80 0 0 FF 0 FF 0 0 
ID: 316, Data: 85 1E 36 18 17 19 3A 7C 
ID: 316, Data: 85 1D 20 18 17 19 3A 7C 
ID: A0, Data: 81D 7B 2F 18 3B 26 2 0 
ID: 316, Data: 85 19 B2 17 17 19 3A 7C 
ID: 316, Data: 85 19 5D 17 19 19 3A 7C 
ID: 43F, Data: 845 48 60 FF 70 FC 17 0 
ID: 316, Data: 85 1B 33 17 1C 19 3A 7C 
ID: A1, Data: 86C 7D 72 7C 17 0 0 0 
ID: 43F, Data: 845 48 60 FF 70 0 18 0 
ID: 316, Data: 85 1B 4F 17 25 19 3A 7C 
ID: 2A0, Data: 8A1 B 6B 18 31 0 10 0 
ID: 316, Data: 85 1E 8E 17 2E 19 3A 7C 
ID: 153, Data: 80 0 0 FF 0 FF 0 0 
ID: A1, Data: 872 7B 75 7C 1A 0 0 0 
ID: 316, Data: 85 29 CF 17 40 18 3A 7C 
ID: 280, Data: 830 0 88 AE 2F 1B 6B 44 
ID: 316, Data: 85 2F 54 18 42 17 3A 7C 
ID: 316, Data: 85 31 D8 18 47 17 3A 7C 
ID: 43F, Data: 845 48 60 FF 70 50 18 0 
ID: 316, Data: 85 35 A 1A 4B 17 3A 7C 
ID: 153, Data: 80 0 0 FF 0 FF 0 0 
ID: 316, Data: 85 3C 59 1A 4B 16 3A 7C 
ID: 153, Data: 80 0 0 FF 0 FF 0 0 
ID: 316, Data: 85 3F 8F 1A 50 15 3A 7C 
ID: 316, Data: 85 41 AA 1A 51 15 3A 7C 
ID: 2A0, Data: 81 C 6B 18 31 0 10 0 
ID: 43F, Data: 845 48 60 FF 70 24 18 0 
ID: 153, Data: 80 0 0 FF 0 FF 0 0 
ID: 1F0, Data: 8FA 3F F9 BF 0 0 0 0 
ID: 316, Data: 85 4A 35 1B 51 14 3B 7C 
ID: 329, Data: 840 AE 80 8 11 3E 1D 26 
ID: 316, Data: 85 4C 6F 1B 50 14 3B 7C 
ID: 316, Data: 85 4C 78 1B 50 14 3B 7C 
ID: 43F, Data: 845 48 60 FF 70 54 18 0 
ID: 316, Data: 85 4E 3F 1B 50 14 3B 7C 
ID: 43F, Data: 845 48 60 FF 70 68 18 0 
ID: 316, Data: 85 4E AA 1A 51 14 3B 7C 
ID: A1, Data: 87D 7F 7D 80 3B 0 0 0 
ID: 43F, Data: 845 48 60 FF 70 80 18 0 
ID: 43F, Data: 845 48 60 FF 70 90 18 0 
ID: 2A0, Data: 81 F 6B 18 31 0 10 0 
ID: 316, Data: 85 50 6B 1A 52 13 3C 7C 
ID: 316, Data: 85 51 6B 1A 52 13 3C 7C 
ID: 545, Data: 8E4 9C 0 8C 2E 4 2E 4 
ID: 43F, Data: 845 48 60 FF 70 AC 18 0 
ID: 43F, Data: 845 48 60 FF 70 B8 18 0 
ID: 18F, Data: 8AA 37 0 0 0 0 0 0 
ID: 316, Data: 85 4F 24 1A 53 13 3C 7C 
ID: 153, Data: 80 0 0 FF 0 FF 0 0 
ID: 316, Data: 85 4E 24 1A 53 13 3C 7C 
ID: 316, Data: 85 4F 2D 1A 53 13 3C 7C 
ID: A1, Data: 87B 7B 7A 7E 3C 0 0 0 
ID: 5F0, Data: 20 0 
ID: 316, Data: 85 4F 13 1A 57 13 3C 7C 
ID: 43F, Data: 845 48 60 FF 70 F8 18 0 
ID: 260, Data: 8B 4F 58 30 0 FF C1 16 
ID: 5F0, Data: 20 0 
ID: 316, Data: 85 50 A 1A 57 13 3D 7C 
ID: 43F, Data: 845 48 60 FF 70 20 19 0 
ID: 545, Data: 8E4 A2 0 8C 99 3 99 3 
ID: 153, Data: 80 0 0 FF 0 FF 0 0 
ID: 316, Data: 85 56 62 1A 61 1D 3D 7C 
ID: 153, Data: 80 0 0 FF 0 FF 0 0 
ID: 545, Data: 8E4 B4 0 8C 46 4 46 4 
ID: 316, Data: 85 5B 10 1B 5F 1C 3D 7C 
ID: 329, Data: 840 AE 80 8 11 42 20 26 
ID: 316, Data: 85 5C A1 1A 60 1C 3D 7C 
ID: 316, Data: 85 5D 8F 1A 60 1C 3E 7C 
ID: 440, Data: 8EA 75 3E A0 FF AA AA AA 
ID: 316, Data: 845 5E 98 1A 60 1C 3E 7C 
ID: 153, Data: 80 0 0 FF 0 FF 0 0 
ID: 370, Data: 8FF DB F0 FF FF FF FF FF 
ID: 316, Data: 845 5F 36 1A 60 1C 3E 7C 
ID: 153, Data: 80 0 0 FF 0 FF 0 0 
ID: 280, Data: 830 0 88 AE 34 3A 6B 8E 
ID: 316, Data: 845 5F 59 1A 60 1C 3E 7C 
ID: A1, Data: 87C 7B 7C 7E 43 0 0 0 
ID: 316, Data: 845 5E 86 1A 60 1C 3F 7C 
ID: 316, Data: 845 5C 7D 1A 60 1C 3F 7C 
ID: 316, Data: 845 5C 86 1A 60 1C 3F 7C 
ID: 260, Data: 8B 5D 61 30 0 FF B2 E 
ID: 43F, Data: 845 48 60 FF 70 10 1A 0 
ID: 43F, Data: 845 48 60 FF 70 8 1A 0 
ID: 153, Data: 80 0 0 FF 0 FF 0 0 
ID: 153, Data: 80 0 0 FF 0 FF 0 0 
ID: 1F0, Data: 8F7 3F F9 BF 0 0 0 0 
ID: 43F, Data: 845 48 60 FF 70 38 1A 0 
ID: 43F, Data: 845 48 60 FF 70 38 1A 0 
ID: 316, Data: 845 5A F4 1A 61 1C 40 7C 
ID: A1, Data: 87C 7B 7C 7E 42 0 0 0 
ID: 316, Data: 845 5A FD 1A 61 1C 40 7C 
ID: 316, Data: 845 5B 10 1B 61 1C 40 7C 
ID: 316, Data: 845 5D 19 1B 61 1C 40 7C 
ID: 545, Data: 8E4 BD 0 8C 88 4 88 4 
ID: 153, Data: 80 0 0 FF 0 FF 0 0 
ID: 316, Data: 845 5E 52 1B 60 1C 40 7C 
ID: 153, Data: 80 0 0 FF 0 FF 0 0 
ID: A0, Data: 86F 7B 48 1B 41 3A 2 0 
ID: 545, Data: 8E4 C6 0 8C A1 4 A1 4 
ID: 43F, Data: 845 48 60 FF 70 B0 1A 0 
ID: 43F, Data: 845 48 60 FF 70 B8 1A 0 
ID: 316, Data: 845 5E 82 1B 60 1C 41 7C 
ID: 153, Data: 80 0 0 FF 0 FF 0 0 
ID: 316, Data: 845 5D 78 1B 60 1C 41 7C 
ID: 153, Data: 80 0 0 FF 0 FF 0 0 
ID: 43F, Data: 845 48 60 FF 70 E0 1A 0 
ID: 260, Data: 8B 5E 61 30 0 FF B3 1B 
ID: 43F, Data: 845 48 60 FF 70 F8 1A 0 
ID: 43F, Data: 845 48 60 FF 70 C 1B 0 
ID: 153, Data: 80 0 0 FF 0 FF 0 0 
ID: 316, Data: 845 5D B3 1B 60 1C 42 7C 
ID: 153, Data: 80 0 0 FF 0 FF 0 0 
ID: 280, Data: 830 0 88 AF 37 39 6B 8B 
ID: 316, Data: 845 5B C7 1B 52 1C 42 7C 
ID: 153, Data: 80 0 0 FF 0 FF 0 0 
ID: 316, Data: 845 56 C7 1B 4E 1D 42 7C 
ID: 316, Data: 845 52 B3 1B 4D 1D 42 7C 
ID: 370, Data: 8FF DB F0 FF FF FF FF FF 
ID: 316, Data: 845 4D 78 1B 4E 1D 42 7C 
ID: 153, Data: 80 0 0 FF 0 FF 0 0 
ID: 280, Data: 830 0 88 AF 37 2F 6B 7C 
ID: 316, Data: 845 4B A9 1B 4E 1D 43 7C 
ID: 370, Data: 8FF DB F0 FF FF FF FF FF 
ID: 316, Data: 845 4A C 1C 4D 1D 43 7C 
ID: 1F1, Data: 80 67 12 D2 20 1D F2 21 
ID: 316, Data: 845 49 73 1C 4C 1D 43 7C 
ID: 316, Data: 845 48 7D 1C 4C 1D 43 7C 
ID: 329, Data: 8ED AF 80 8 11 3D 17 26 
ID: 153, Data: 80 0 0 FF 0 FF 0 0 
ID: 545, Data: 8E4 98 0 8B EF 2 EF 2 
ID: 316, Data: 845 48 54 1C 4D 1D 43 7C 
ID: 280, Data: 830 0 88 AF 38 2C 6B 77 
ID: 316, Data: 845 47 5E 1C 4C 1D 43 7C 
ID: 2A0, Data: 8C1 19 6B 18 31 0 10 0 
ID: 316, Data: 845 47 73 1C 4C 1D 43 7C 
ID: 280, Data: 830 0 88 AF 38 2C 6B 77 
ID: 153, Data: 80 0 0 FF 0 FF 0 0 
ID: 280, Data: 830 0 88 AF 38 2C 6B 77 
ID: 316, Data: 845 47 73 1C 4C 1D 44 7C 
ID: A1, Data: 87D 7B 7C 7E 38 0 0 0 
ID: 316, Data: 845 47 73 1C 4C 1D 44 7C 
ID: 316, Data: 845 47 87 1C 4C 1D 44 7C 
ID: 43F, Data: 845 48 60 FF 70 F4 1B 0 
ID: 18F, Data: 8AA 3D 0 0 0 0 0 0 
ID: 153, Data: 80 0 0 FF 0 FF 0 0 
ID: 1F0, Data: 8FA 3F F9 BF 0 0 0 0 
ID: A0, Data: 853 7B 92 1C 45 34 2 0 
ID: 153, Data: 80 0 0 FF 0 FF 0 0 
ID: 153, Data: 80 0 0 FF 0 FF 0 0 
ID: A1, Data: 87E 7B 7B 7E 38 0 0 0 
ID: 280, Data: 830 0 88 AF 39 2C 6B 77 
ID: 545, Data: 8E4 9C 0 8C EB 2 EB 2 
ID: 316, Data: 845 48 A7 1C 4C 1D 44 7C 
ID: 5F0, Data: 20 0 
ID: 43F, Data: 845 48 60 FF 70 24 1C 0 
ID: 18F, Data: 8AA 3E 0 0 0 0 0 0 
ID: 316, Data: 845 47 BC 1C 4C 1D 45 7C 
ID: 1F0, Data: 8F9 3F F9 BF 0 0 0 0 
ID: 2A0, Data: 861 18 6B 18 31 0 10 0 
ID: 18F, Data: 8AA 3E 0 0 0 0 0 0 
ID: 153, Data: 80 0 0 FF 0 FF 0 0 
ID: 153, Data: 80 0 0 FF 0 FF 0 0 
ID: 545, Data: 8E4 9B 0 8C F8 2 F8 2 
ID: 43F, Data: 845 48 60 FF 70 60 1C 0 
ID: 43F, Data: 845 48 60 FF 70 64 1C 0 
ID: 153, Data: 80 0 0 FF 0 FF 0 0 
ID: 316, Data: 845 49 F1 1C 4B 1D 45 7C 
ID: 316, Data: 845 48 FC 1C 4B 1D 45 7C 
ID: 43F, Data: 845 48 60 FF 70 80 1C 0 
ID: 43F, Data: 845 48 60 FF 70 88 1C 0 
ID: 153, Data: 80 0 0 FF 0 FF 0 0 
ID: 153, Data: 80 0 0 FF 0 FF 0 0 
ID: 316, Data: 845 4A 11 1D 4B 1D 45 7C 
ID: 370, Data: 8FF DB F0 FF FF FF FF FF 
ID: 280, Data: 830 0 88 AF 3A 2D 6B 78 
ID: 43F, Data: 845 48 60 FF 70 A0 1C 0 
ID: 370, Data: 8FF DB F0 FF FF FF FF FF 
ID: 316, Data: 845 49 7 1D 26 1D 46 7C 
ID: 260, Data: 8B 49 1C 30 0 FF CA 4 
ID: 43F, Data: 845 48 60 FF 70 BC 1C 0 
ID: 43F, Data: 845 48 60 FF 70 BC 1C 0 
ID: A0, Data: 841 7B 48 1D 46 2E 2 0 
ID: 316, Data: 845 38 11 1D 1B 20 46 7C 
ID: 316, Data: 845 35 BC 1C 1B 20 46 7C 
ID: 43F, Data: 845 48 60 FF 70 C8 1C 0 
ID: 2A0, Data: 840 15 6B 18 31 0 10 0 
ID: 153, Data: 80 0 0 FF 0 FF 0 0 
ID: 153, Data: 80 0 0 FF 0 FF 0 0 
ID: 316, Data: 845 23 F1 1C 1D 22 46 7C 
ID: 153, Data: 80 0 0 FF 0 FF 0 0 
ID: 280, Data: 830 0 84 AF 39 14 6B 39 
ID: 316, Data: 845 1E A7 1C 1E 23 46 7C 
ID: A0, Data: 824 7B 7D 1C 47 29 2 0 
ID: 43F, Data: 845 48 60 FF 70 84 1C 0 
ID: 545, Data: 8E4 3B 0 8C 62 FF 62 FF 
ID: 316, Data: 845 18 52 1B 1E 23 46 7C 
ID: 329, Data: 8B AF 80 8 11 32 0 26 
ID: 43F, Data: 845 48 60 FF 70 AC 1C 0 
ID: 43F, Data: 845 48 60 FF 70 A0 1C 0 
ID: A0, Data: 82E 7B 1C 1A 46 2B 2 0 
ID: 153, Data: 80 0 0 FF 0 FF 0 0 
ID: 316, Data: 845 1E B4 19 1F 22 46 7C 
ID: 153, Data: 80 0 0 FF 0 FF 0 0 
ID: 5F0, Data: 20 0 
ID: 545, Data: 8E4 4C 0 8C C3 FF C3 FF 
ID: 329, Data: 8B AF 80 8 11 33 0 26 
ID: 43F, Data: 845 48 60 FF 70 7C 1C 0 
ID: 43F, Data: 845 48 60 FF 70 84 1C 0 
ID: 2A0, Data: 820 10 6B 18 31 0 10 0 
ID: 153, Data: 80 0 0 FF 0 FF 0 0 
ID: 316, Data: 845 1E 23 1B 1E 22 45 7C 
ID: 316, Data: 845 1E 19 1B 1E 22 45 7C 
ID: 5F0, Data: 20 0 
ID: 316, Data: 845 1D FD 1A 1E 22 45 7C 
ID: 153, Data: 80 0 0 FF 0 FF 0 0 
ID: 43F, Data: 845 48 60 FF 70 5C 1C 0 
ID: 18F, Data: 8AA 3F 0 0 0 0 0 0 
ID: 43F, Data: 845 48 60 FF 70 48 1C 0 
ID: 153, Data: 80 0 0 FF 0 FF 0 0 
ID: 153, Data: 80 0 0 FF 0 FF 0 0 
ID: 316, Data: 84D 1A D6 19 1F 22 45 7C 
ID: 153, Data: 80 0 0 FF 0 FF 0 0 
ID: 280, Data: 830 0 20 AF 33 18 6B 3F 
ID: 316, Data: 84D 15 A4 19 1F 22 45 7C 
ID: 43F, Data: 845 48 60 FF 70 20 1C 0 
ID: 440, Data: 8EF 75 44 A0 FF AA AA AA 
ID: 153, Data: 80 0 0 FF 0 FF 0 0 
ID: 316, Data: 84D 10 A1 1A 1E 22 44 7C 
ID: 316, Data: 84D F FD 1A 1E 22 44 7C 
ID: 43F, Data: 845 48 60 FF 70 F8 1B 0 
ID: 316, Data: 84D A 52 1B 1E 22 44 7C 
ID: 153, Data: 80 0 0 FF 0 FF 0 0 
ID: 153, Data: 80 0 0 FF 0 FF 0 0 
ID: 5F0, Data: 20 0 
ID: 43F, Data: 845 48 60 FF 70 DC 1B 0 
ID: A1, Data: 880 7F 80 7D 1D 0 0 0 
ID: 5F0, Data: 20 0 
ID: 316, Data: 84D 0 96 1B 1E 22 44 7C 
ID: 43F, Data: 845 48 60 FF 70 C4 1B 0 
ID: 545, Data: 8E4 0 0 8C 9B FD 9B FD 
ID: 153, Data: 80 0 0 FF 0 FF 0 0 
ID: 316, Data: 84D 0 48 1B 1E 22 44 7C 
ID: 316, Data: 84D 0 3F 1B 1E 22 44 7C 
ID: 18F, Data: 8AA 3E 0 0 0 0 0 0 
ID: 43F, Data: 845 48 60 FF 70 90 1B 0 
ID: 5F0, Data: 20 0 
ID: 316, Data: 84D 0 3F 1B 1E 22 43 7C 
ID: 316, Data: 84D 0 35 1B 1E 22 43 7C 
ID: A1, Data: 880 7F 80 7D 1E 0 0 0 
ID: 316, Data: 84D 0 23 1B 1E 22 43 7C 
ID: 153, Data: 80 0 0 FF 0 FF 0 0 
ID: A1, Data: 880 7F 80 7D 1E 0 0 0 
ID: 329, Data: 884 AF 80 8 11 33 0 26 
ID: 153, Data: 80 0 0 FF 0 FF 0 0 
ID: 153, Data: 80 0 0 FF 0 FF 0 0 
ID: A0, Data: 82E 7C BC 1A 43 2B 4 0 
ID: 316, Data: 84D 0 B3 1A 1E 22 42 7C 
ID: A0, Data: 82E 7C BC 1A 43 2B 4 0 
ID: 316, Data: 84D 0 86 1A 1E 22 42 7C 
ID: 5F0, Data: 20 0 
ID: 43F, Data: 845 48 60 FF 70 18 1B 0 
ID: 260, Data: 80 0 1F 30 0 FF 4F 39 
ID: 153, Data: 80 0 0 FF 0 FF 0 0 
ID: 316, Data: 84D 0 59 1A 1E 22 42 7C 
ID: 153, Data: 80 0 0 FF 0 FF 0 0 
ID: 153, Data: 80 0 0 FF 0 FF 0 0 
ID: 316, Data: 84D 0 50 1A 1E 22 42 7C 
ID: 43F, Data: 845 48 60 FF 70 E4 1A 0 
ID: 18F, Data: 8AA 3F 0 0 0 0 0 0 
ID: 153, Data: 80 0 0 FF 0 FF 0 0 
ID: A1, Data: 880 7F 80 7D 1F 0 0 0 
ID: A1, Data: 880 7F 80 7D 1F 0 0 0 
ID: A1, Data: 880 7F 80 7D 1F 0 0 0 
ID: 153, Data: 80 0 0 FF 0 FF 0 0 
ID: 43F, Data: 845 48 60 FF 70 A8 1A 0 
ID: A0, Data: 82E 7C 1 1A 42 2B 4 0 
ID: 153, Data: 80 0 0 FF 0 FF 0 0 
ID: 316, Data: 84D 0 E8 19 1F 22 41 7C 
ID: 153, Data: 80 0 0 FF 0 FF 0 0 
ID: 316, Data: 84D 0 D6 19 1F 22 41 7C 
ID: 316, Data: 84D 0 CE 19 1F 22 41 7C 
ID: A0, Data: 82E 7C CE 19 41 2B 4 0 
ID: 316, Data: 84D 0 CE 19 15 18 40 7C 
ID: 316, Data: 84D 0 A4 19 15 18 40 7C 
ID: 153, Data: 80 0 0 FF 0 FF 0 0 
ID: 316, Data: 84D 0 D8 18 16 18 40 7C 
ID: 153, Data: 80 0 0 FF 0 FF 0 0 
ID: 329, Data: 884 AF 80 8 11 30 0 26 
ID: 316, Data: 84D 0 27 18 16 18 40 7C 
ID: 260, Data: 80 0 17 30 0 FF 4F 31 
ID: 43F, Data: 845 48 60 FF 70 20 1A 0 
ID: 43F, Data: 845 48 60 FF 70 2C 1A 0 
ID: 545, Data: 8E4 0 0 8C 48 FE 48 FE 
ID: 316, Data: 8D 0 7A 18 16 18 40 7C 
ID: 280, Data: 830 0 20 AF 31 15 6B 3B 
ID: 43F, Data: 845 48 60 FF 70 14 1A 0 
ID: 43F, Data: 845 48 60 FF 70 C 1A 0 
ID: A1, Data: 880 7F 80 7D 1C 0 0 0 
ID: 316, Data: 8D 0 48 19 16 19 3F 7C 
ID: 1F1, Data: 80 44 F2 21 1F FE F1 1F 
ID: 316, Data: 8D 0 51 19 16 19 3F 7C 
ID: 43F, Data: 845 48 60 FF 70 D8 19 0 
ID: 1F0, Data: 8F9 3F F9 BF 0 0 0 0 
ID: 440, Data: 8E7 25 3F A0 FF AA AA AA 
ID: 43F, Data: 845 48 60 FF 70 CC 19 0 
ID: 1F0, Data: 8F9 3F F9 BF 0 0 0 0 
ID: 5F0, Data: 20 0 
ID: 153, Data: 80 0 0 FF 0 FF 0 0 
ID: 153, Data: 80 0 0 FF 0 FF 0 0 
ID: 2A0, Data: 8E0 5 6B 18 31 0 10 0 
ID: 316, Data: 8D 0 30 19 16 19 3F 7C 
ID: 2A0, Data: 820 4 6B 18 31 0 10 0 
ID: 43F, Data: 845 48 60 FF 70 A0 19 0 
ID: 43F, Data: 845 48 60 FF 70 90 19 0 
ID: 370, Data: 8FF DB F0 FF FF FF FF FF 
ID: 5F0, Data: 20 0 
ID: 2A0, Data: 880 4 6B 18 31 0 10 0 
ID: 545, Data: 8E4 0 0 8C 46 FE 46 FE 
ID: 370, Data: 8FF DB F0 FF FF FF FF FF 
ID: 153, Data: 80 0 0 FF 0 FF 0 0 
ID: 18F, Data: 8AA 3C 0 0 0 0 0 0 
ID: 316, Data: 8D 0 D0 18 16 18 3E 7C 
ID: 440, Data: 8E7 85 3E A0 FF AA AA AA 
ID: 545, Data: 8E4 0 0 8C 47 FE 47 FE 
ID: 5F0, Data: 20 0 
ID: 316, Data: 8D 0 C0 18 16 18 3E 7C 
ID: 153, Data: 80 0 0 FF 0 FF 0 0 
ID: 260, Data: 80 0 16 30 0 FF 4F 14 
ID: 280, Data: 830 0 20 AF 31 15 6B 3B 
ID: 260, Data: 80 0 16 30 0 FF 4F 32 
ID: 316, Data: 8D 0 99 18 16 18 3D 7C 
ID: 153, Data: 80 0 0 FF 0 FF 0 0 
ID: A0, Data: 828 7C 99 18 3E 29 4 0 
ID: 329, Data: 8B AF 80 8 11 30 0 26 
ID: 18F, Data: 8AA 3B 0 0 0 0 0 0 
ID: 153, Data: 80 0 0 FF 0 FF 0 0 
ID: 440, Data: 8E7 75 3D A0 FF AA AA AA 
ID: 316, Data: 8D 0 63 18 16 18 3D 7C 
ID: 153, Data: 80 0 0 FF 0 FF 0 0 
ID: 316, Data: 8D 0 45 18 16 18 3D 7C 
ID: 370, Data: 8FF DD F0 FF FF FF FF FF 
ID: 1F0, Data: 8F8 3F F9 BF 0 0 0 0 
ID: 316, Data: 8D 0 27 18 17 18 3D 7C 
ID: 153, Data: 80 0 0 FF 0 FF 0 0 
ID: 316, Data: 8D 0 20 18 17 18 3D 7C 
ID: 316, Data: 8D 0 18 18 17 18 3C 7C 
ID: 280, Data: 830 0 20 AF 30 14 6B 3B 
ID: 43F, Data: 845 48 60 FF 70 BC 18 0 
ID: 370, Data: 8FF DD F0 FF FF FF FF FF 
ID: A1, Data: 880 7F 80 7D 1C 0 0 0 
ID: 316, Data: 8D 0 FB 17 18 18 3C 7C 
ID: 316, Data: 85 0 EC 17 1F 18 3C 7C 
ID: 43F, Data: 845 48 60 FF 70 84 18 0 
ID: 43F, Data: 845 48 60 FF 70 88 18 0 
ID: 545, Data: 8E4 2B 0 8C 33 0 33 0 
ID: 5F0, Data: 20 0 
ID: 316, Data: 85 22 99 18 32 18 3C 7C 
ID: 43F, Data: 845 48 60 FF 70 B0 18 0 
ID: 440, Data: 8E7 85 3B A0 FF AA AA AA 
ID: 5F0, Data: 20 0 
ID: 18F, Data: 8AA 39 0 0 0 0 0 0 
ID: 153, Data: 80 0 0 FF 0 FF 0 0 
ID: 316, Data: 85 33 1 1A 46 17 3C 7C 
ID: 153, Data: 80 0 0 FF 0 FF 0 0 
ID: 316, Data: 85 36 A1 1A 4B 16 3C 7C 
ID: 153, Data: 80 0 0 FF 0 FF 0 0 
ID: 153, Data: 80 0 0 FF 0 FF 0 0 
ID: 329, Data: 8ED AF 80 8 11 3C 19 26 
ID: 316, Data: 85 3F 10 1B 4A 15 3C 7C 
ID: 153, Data: 80 0 0 FF 0 FF 0 0 
ID: 153, Data: 80 0 0 FF 0 FF 0 0 
ID: 316, Data: 85 44 48 1B 4C 14 3C 7C 
ID: 43F, Data: 845 48 60 FF 70 A4 18 0 
ID: 316, Data: 85 43 6F 1B 4C 14 3C 7C 
ID: 153, Data: 80 0 0 FF 0 FF 0 0 
ID: 153, Data: 80 0 0 FF 0 FF 0 0 
ID: 43F, Data: 845 48 60 FF 70 B8 18 0 
ID: 5F0, Data: 20 0 
ID: 316, Data: 85 46 A9 1B 42 14 3C 7C 
ID: 153, Data: 80 0 0 FF 0 FF 0 0 
ID: 260, Data: 8B 46 42 30 0 FF CB 2B 
ID: 43F, Data: 845 48 60 FF 70 C8 18 0 
ID: 260, Data: 8B 44 43 30 0 FF CB E 
ID: 316, Data: 85 43 23 1B 43 14 3C 7C 
ID: 316, Data: 85 43 FD 1A 43 14 3C 7C 
ID: 43F, Data: 845 48 60 FF 70 E4 18 0 
ID: 43F, Data: 845 48 60 FF 70 F8 18 0 
ID: A1, Data: 884 7F 87 80 36 0 0 0 
ID: 316, Data: 85 41 BC 1A 43 14 3D 7C 
ID: 316, Data: 85 41 AA 1A 43 14 3D 7C 
ID: A1, Data: 885 7F 86 80 35 0 0 0 
ID: 43F, Data: 845 48 60 FF 70 C 19 0 
ID: 43F, Data: 845 48 60 FF 70 14 19 0 
ID: 1F1, Data: 80 78 E3 11 1E EF D1 1E 
ID: 316, Data: 85 40 A1 1A 25 14 3D 7C 
ID: 280, Data: 830 0 88 AF 35 27 6B 6E 
ID: 43F, Data: 845 48 60 FF 70 1C 19 0 
ID: 316, Data: 85 3B 7D 1A 12 15 3D 7C 
ID: 153, Data: 80 0 0 FF 0 FF 0 0 
ID: 316, Data: 85 31 3F 1A 13 17 3D 7C 
ID: 153, Data: 80 0 0 FF 0 FF 0 0 
ID: 1F0, Data: 8F9 3F F9 BF 0 0 0 0 
ID: 316, Data: 85 24 48 19 15 18 3D 7C 
ID: 316, Data: 85 21 38 19 16 18 3D 7C 
ID: 43F, Data: 845 48 60 FF 70 14 19 0 
ID: 43F, Data: 845 48 60 FF 70 1C 19 0 
ID: A1, Data: 885 7F 88 7D 1A 0 0 0 
ID: 316, Data: 85 1A 0 19 16 19 3D 7C 
ID: 316, Data: 85 19 E0 18 17 19 3D 7C 
ID: A0, Data: 81C 7C E8 18 3E 26 2 0 
ID: 43F, Data: 845 48 60 FF 70 0 19 0 
ID: 153, Data: 80 0 0 FF 0 FF 0 0 
ID: 18F, Data: 8AA 37 0 0 0 0 0 0 
ID: 316, Data: 85 14 41 17 18 19 3D 7C 
ID: 316, Data: 85 15 3 17 18 19 3D 7C 
ID: A1, Data: 883 7F 86 7D 17 0 0 0 
ID: 43F, Data: 845 48 60 FF 70 F8 18 0 
ID: 43F, Data: 845 48 60 FF 70 4 19 0 
ID: 280, Data: 830 0 84 AF 2C 11 6B 33 
ID: A1, Data: 883 7F 86 7D 18 0 0 0 
ID: 316, Data: 85 17 AB 15 19 19 3D 7C 
ID: 153, Data: 80 0 0 FF 0 FF 0 0 
ID: 153, Data: 80 0 0 FF 0 FF 0 0 
ID: 260, Data: 8B 18 1A 30 0 FF 5E 1C 
ID: 316, Data: 85 18 35 15 1A 19 3C 7C 
ID: 153, Data: 80 0 0 FF 0 FF 0 0 
ID: 153, Data: 80 0 0 FF 0 FF 0 0 
ID: 316, Data: 85 19 D 15 1A 19 3C 7C 
ID: A1, Data: 880 7F 82 7D 1A 0 0 0 
ID: 316, Data: 85 19 2 15 1A 19 3C 7C 
ID: 1F1, Data: 80 33 D9 41 1D E1 21 1E 
ID: 153, Data: 80 0 0 FF 0 FF 0 0 
ID: 43F, Data: 845 48 60 FF 70 54 18 0 
ID: 153, Data: 80 0 0 FF 0 FF 0 0 
ID: 316, Data: 8D 19 29 15 1A 19 3B 7C 
ID: 153, Data: 80 0 0 FF 0 FF 0 0 
ID: 153, Data: 80 0 0 FF 0 FF 0 0 
ID: 316, Data: 8D 15 F6 14 1A 19 3B 7C 
ID: 153, Data: 80 0 0 FF 0 FF 0 0 
ID: 329, Data: 840 AF 80 8 12 2F 0 26 
ID: 316, Data: 8D 11 D 15 1A 19 3A 7C 
ID: 1F1, Data: 80 AB C9 61 1C D4 21 1D 
ID: 1F0, Data: 8F9 3F F9 BF 0 0 0 0 
ID: 316, Data: 8D 10 6 16 19 19 3A 7C 
ID: 316, Data: 8D 10 2C 16 19 19 3A 7C 
ID: 43F, Data: 845 48 60 FF 70 74 17 0 
ID: 153, Data: 80 0 0 FF 0 FF 0 0 
ID: A1, Data: 880 7F 80 7D 1A 0 0 0 
ID: 329, Data: 884 AF 80 8 12 2F 0 26 
ID: 545, Data: 8E4 11 0 89 D6 FE D6 FE 
ID: 153, Data: 80 0 0 FF 0 FF 0 0 
ID: 153, Data: 80 0 0 FF 0 FF 0 0 
ID: 5F0, Data: 20 0 
ID: 153, Data: 80 0 0 FF 0 FF 0 0 
ID: 153, Data: 80 0 0 FF 0 FF 0 0 
ID: 43F, Data: 845 48 60 FF 70 94 16 0 
ID: 316, Data: 8D 4 2C 16 19 19 37 7C 
ID: 43F, Data: 845 48 60 FF 70 54 16 0 
ID: 316, Data: 8D 0 DB 15 19 19 37 7C 
ID: 2A0, Data: 880 4 6B 18 31 0 10 0 
ID: 153, Data: 80 0 0 FF 0 FF 0 0 
ID: 316, Data: 8D 0 93 15 19 19 36 7C 
ID: 153, Data: 80 0 0 FF 0 FF 0 0 
ID: 316, Data: 8D 0 87 15 19 19 35 7C 
ID: 316, Data: 8D 0 69 15 19 19 35 7C 
ID: 5F0, Data: 20 0 
ID: 153, Data: 80 0 0 FF 0 FF 0 0 
ID: 18F, Data: 8AA 36 0 0 0 0 0 0 
ID: 329, Data: 884 AF 80 8 12 2F 0 26 
ID: 153, Data: 80 0 0 FF 0 FF 0 0 
ID: 2A0, Data: 840 4 6B 18 31 0 10 0 
ID: 316, Data: 8D 0 38 14 1A 19 33 7C 
ID: 545, Data: 8E4 0 0 8A 43 FE 43 FE 
ID: 153, Data: 80 0 0 FF 0 FF 0 0 
ID: 153, Data: 80 0 0 FF 0 FF 0 0 
ID: 316, Data: 8D 0 36 13 1C 19 32 7C 
ID: 153, Data: 80 0 0 FF 0 FF 0 0 
ID: 316, Data: 8D 0 D0 12 1C 19 31 7C 
ID: 153, Data: 80 0 0 FF 0 FF 0 0 
ID: 153, Data: 80 0 0 FF 0 FF 0 0 
ID: 316, Data: 8D 0 61 12 1D 19 30 7C 
ID: 43F, Data: 845 48 60 FF 70 28 13 0 
ID: 43F, Data: 845 48 60 FF 70 8 13 0 
ID: 545, Data: 8E4 0 0 8C 40 FE 40 FE 
ID: 153, Data: 80 0 0 FF 0 FF 0 0 
ID: 316, Data: 8D 0 D3 11 1D 19 2E 7C 
ID: 153, Data: 80 0 0 FF 0 FF 0 0 
ID: 316, Data: 8D 0 83 11 1D 19 2D 7C 
ID: 316, Data: 8D 0 3D 11 1E 19 2D 7C 
ID: 1F1, Data: 80 78 57 71 15 60 1 16 
ID: 153, Data: 80 0 0 FF 0 FF 0 0 
ID: 153, Data: 80 0 0 FF 0 FF 0 0 
ID: 316, Data: 85 5 61 10 1F 19 2B 7C 
ID: 43F, Data: 84C 48 60 FF 70 4C 11 0 
ID: 153, Data: 80 0 0 FF 0 FF 0 0 
ID: 280, Data: 830 0 4 AF 1F 17 6B 42 
ID: 316, Data: 85 15 A9 F 20 1A 2A 7C 
ID: 18F, Data: 8AA 35 0 0 0 0 0 0 
ID: 153, Data: 80 0 0 FF 0 FF 0 0 
ID: 260, Data: 8B 20 20 30 0 FF 4F 2B 
ID: 316, Data: 85 20 C5 F 1F 19 28 7C 
ID: 153, Data: 80 0 0 FF 0 FF 0 0 
ID: 316, Data: 85 20 2B 10 1E 19 28 7C 
ID: 153, Data: 80 0 0 FF 0 FF 0 0 
ID: 316, Data: 85 1E 83 11 1C 19 27 7C 
ID: 316, Data: 85 1E BB 11 1C 19 26 7C 
ID: 153, Data: 80 0 0 FF 0 FF 0 0 
ID: 316, Data: 85 1C 50 12 1D 19 26 7C 
ID: 5F0, Data: 20 0 
ID: 316, Data: 85 1C 32 12 1D 19 25 7C 
ID: 370, Data: 8FF DD F0 FF FF FF FF FF 
ID: A1, Data: 880 7F 91 7D 1D 0 0 0 
ID: 316, Data: 85 1C AE 11 1D 19 24 7C 
ID: 316, Data: 85 1C 6B 11 1E 19 24 7C 
ID: 43F, Data: 84C 48 60 FF 70 AC 12 0 
ID: 316, Data: 85 1C 1 11 1E 19 23 7C 
ID: 153, Data: 80 0 0 FF 0 FF 0 0 
ID: 316, Data: 85 1D 80 10 1E 1A 22 7C 
ID: 153, Data: 80 0 0 FF 0 FF 0 0 
ID: 316, Data: 85 1D 3F 10 1F 1A 22 7C 
ID: 316, Data: 85 1E 13 10 1F 1A 21 7C 
ID: 260, Data: 8B 1E 1F 30 0 FF 4F 3F 
ID: 43F, Data: 84B 48 60 FF 70 40 11 0 
ID: 316, Data: 85 1E D9 F 1F 1A 20 7C 
ID: A1, Data: 882 7F 92 7D 1E 0 0 0 
ID: 316, Data: 85 1F 80 F 1F 1A 1F 7C 
ID: 153, Data: 80 0 0 FF 0 FF 0 0 
ID: 260, Data: 8B 1F 20 30 0 FF 50 3A 
ID: 316, Data: 85 1F 3 F 1F 1A 1E 7C 
ID: A1, Data: 882 7F 92 7D 1F 0 0 0 
ID: 153, Data: 80 0 0 FF 0 FF 0 0 
ID: 153, Data: 80 0 0 FF 0 FF 0 0 
ID: A1, Data: 882 7F 92 7D 1F 0 0 0 
ID: 2A0, Data: 820 2 6B 18 31 0 10 0 
ID: 260, Data: 8B 20 20 30 0 FF 52 27 
ID: 43F, Data: 84B 48 60 FF 70 C4 F 0 
ID: 153, Data: 80 0 0 FF 0 FF 0 0 
ID: 316, Data: 85 20 58 E 1F 1A 1C 7C 
ID: 43F, Data: 84B 48 60 FF 70 DC F 0 
ID: 545, Data: 8E4 2E 0 8C 60 0 60 0 
ID: 153, Data: 80 0 0 FF 0 FF 0 0 
ID: 153, Data: 80 0 0 FF 0 FF 0 0 
ID: 5A1, Data: 880 3 90 23 30 30 30 0 
ID: A1, Data: 88F 7F 8F 7D 20 0 0 0 
ID: 43F, Data: 84B 48 60 FF 70 64 10 0 
ID: 153, Data: 80 0 0 FF 0 FF 0 0 
ID: 316, Data: 85 1E 2C F 1D 1A 19 7C 
ID: 43F, Data: 84B 48 60 FF 70 58 11 0 
ID: 545, Data: 8E4 32 0 89 41 0 41 0 
ID: 5F0, Data: 20 0 
ID: 316, Data: 85 1D A9 F 1C 1A 18 7C 
ID: 316, Data: 85 1D AC F 1C 1A 18 7C 
ID: 545, Data: 8E4 30 0 8A 2C 0 2C 0 
ID: 153, Data: 80 0 0 FF 0 FF 0 0 
ID: 316, Data: 85 1C 7D F 1C 1A 17 7C 
ID: 43F, Data: 8B 48 60 FF 70 18 10 0 
ID: 440, Data: 8FE 34 16 A0 FF AA AA AA 
ID: 280, Data: 830 0 84 AF 1D 15 6B 3E 
ID: 153, Data: 80 0 0 FF 0 FF 0 0 
ID: 545, Data: 8E4 29 0 8C 11 0 11 0 
ID: 316, Data: 85 1C 46 E 26 1B 16 7C 
ID: 545, Data: 8E4 2A 0 8C 2B 0 2B 0 
ID: 153, Data: 80 0 0 FF 0 FF 0 0 
ID: 43F, Data: 83 48 60 FF 70 4 F 0 
ID: 1F0, Data: 834 40 F9 BF 0 0 0 0 
ID: 153, Data: 80 0 0 FF 0 FF 0 0 
ID: 316, Data: 85 22 B7 D 28 1A 15 7C 
ID: A1, Data: 88E 7F 8A 7D 20 0 0 0 
ID: 5F0, Data: 20 0 
ID: 316, Data: 85 25 E8 D 28 1A 15 7C 
ID: 153, Data: 80 0 0 FF 0 FF 0 0 
ID: 316, Data: 85 26 3C E 27 19 15 7C 
ID: 153, Data: 80 0 0 FF 0 FF 0 0 
ID: 280, Data: 830 0 84 AF 1D 1C 6B 4C 
ID: 316, Data: 85 27 C2 E 25 19 15 7C 
ID: A0, Data: 83A 7B C2 E 15 27 2 0 
ID: 43F, Data: 83 48 60 FF 70 74 E 0 
ID: 153, Data: 80 0 0 FF 0 FF 0 0 
ID: 316, Data: 85 26 8A F 23 19 15 7C 
ID: 153, Data: 80 0 0 FF 0 FF 0 0 
ID: 316, Data: 85 25 62 F 23 19 15 7C 
ID: 316, Data: 85 25 20 F 24 19 14 7C 
ID: 2A0, Data: 820 1 6B 18 31 0 10 0 
ID: 43F, Data: 83 48 60 FF 70 DC D 0 
ID: 153, Data: 80 0 0 FF 0 FF 0 0 
ID: 43F, Data: 83 48 60 FF 70 D4 D 0 
ID: 1F1, Data: 80 88 90 50 A 92 50 A 
ID: 153, Data: 80 0 0 FF 0 FF 0 0 
ID: 329, Data: 884 AF 80 8 11 2E 0 26 
ID: 153, Data: 80 0 0 FF 0 FF 0 0 
ID: 2A0, Data: 840 1 6B 18 31 0 10 0 
ID: 5F0, Data: 20 0 
ID: 545, Data: 8E4 31 0 8A B9 0 B9 0 
ID: 329, Data: 8B AF 80 8 11 2E 0 26 
ID: A0, Data: 835 7B 78 E 14 27 2 0 
ID: 153, Data: 80 0 0 FF 0 FF 0 0 
ID: 43F, Data: 83 48 60 FF 70 AC D 0 
ID: 153, Data: 80 0 0 FF 0 FF 0 0 
ID: 153, Data: 80 0 0 FF 0 FF 0 0 
ID: 153, Data: 80 0 0 FF 0 FF 0 0 
ID: 280, Data: 830 0 84 AF 1D 1A 6B 49 
ID: 43F, Data: 83 48 60 FF 70 BC D 0 
ID: 43F, Data: 83 48 60 FF 70 BC D 0 
ID: 153, Data: 80 0 0 FF 0 FF 0 0 
ID: 5F0, Data: 20 0 
ID: 370, Data: 8FF DD F0 FF FF FF FF FF 
ID: 1F1, Data: 80 CB 90 40 A 8F 50 A 
ID: 316, Data: 85 28 CA E 2E 22 14 7C 
ID: 2A0, Data: 820 1 6B 18 31 0 10 0 
ID: 1F1, Data: 80 DC 8E 60 A 90 50 A 
ID: 43F, Data: 83 48 60 FF 70 D0 D 0 
ID: 370, Data: 8FF DD F0 FF FF FF FF FF 
ID: 370, Data: 8FF DD F0 FF FF FF FF FF 
ID: 5F0, Data: 20 0 
ID: 153, Data: 80 0 0 FF 0 FF 0 0 
ID: 43F, Data: 83 48 60 FF 70 EC D 0 
ID: 316, Data: 845 29 2C F 25 22 14 7C 
ID: A0, Data: 836 7C 2C F 15 27 2 0 
ID: 316, Data: 845 28 EF E 26 22 14 7C 
ID: 316, Data: 845 27 EC E 26 22 14 7C 
ID: 2A0, Data: 840 0 6B 18 31 0 10 0 
ID: 316, Data: 845 26 B4 E 27 22 14 7C 
ID: 316, Data: 845 26 BF E 27 22 14 7C 
ID: A1, Data: 883 7F 8D 7D 24 0 0 0 
ID: 316, Data: 845 2C 9B E 2C 22 14 7C 
ID: 153, Data: 80 0 0 FF 0 FF 0 0 
ID: A1, Data: 883 7D 8D 7C 23 0 0 0 
ID: 280, Data: 830 0 88 AF 1E 1B 6B 4A 
ID: 545, Data: 8E4 35 0 8A A1 0 A1 0 
ID: 316, Data: 845 2B 1D F 36 22 14 7C 
ID: 153, Data: 80 0 0 FF 0 FF 0 0 
ID: A0, Data: 833 7C 1D F 15 27 2 0 
ID: 316, Data: 845 2D 9 F 3E 22 14 7C 
ID: 280, Data: 830 0 88 AF 1E 1D 6B 4E 
ID: 153, Data: 80 0 0 FF 0 FF 0 0 
ID: 153, Data: 80 0 0 FF 0 FF 0 0 
ID: 316, Data: 845 36 68 F 4B 21 14 7C 
ID: 153, Data: 80 0 0 FF 0 FF 0 0 
ID: 316, Data: 845 39 CF F 4D 21 14 7C 
ID: 316, Data: 845 3B 9 10 4D 21 14 7C 
ID: 260, Data: 8B 3C 4D 30 0 FF A8 20 
ID: 43F, Data: 83 48 60 FF 70 E8 D 0 
ID: 370, Data: 8FF DD F0 FF FF FF FF FF 
ID: 370, Data: 8FF DD F0 FF FF FF FF FF 
ID: 5F0, Data: 20 0 
ID: 43F, Data: 83 48 60 FF 70 F8 D 0 
ID: A1, Data: 887 7F 87 80 30 0 0 0 
ID: 153, Data: 80 0 0 FF 0 FF 0 0 
ID: 5F0, Data: 20 0 
ID: 43F, Data: 83 48 60 FF 70 20 E 0 
ID: 2A0, Data: 8C1 4 6B 18 31 0 10 0 
ID: 153, Data: 80 0 0 FF 0 FF 0 0 
ID: 316, Data: 845 48 6F 13 53 1E 14 7C 
ID: 43F, Data: 83 48 60 FF 70 48 E 0 
ID: 1F0, Data: 830 40 F9 BF 0 0 0 0 
ID: 260, Data: 8B 49 5C 30 0 FF C1 9 
ID: A0, Data: 85B 7C D7 13 15 30 2 0 
ID: 316, Data: 845 4D C4 14 5B 1D 14 7C 
ID: 316, Data: 845 51 1E 15 5A 1D 14 7C 
ID: 18F, Data: 8AA 3A 0 0 0 0 0 0 
ID: 316, Data: 845 53 C 16 59 1D 14 7C 
ID: 43F, Data: 83 48 60 FF 70 F0 E 0 
ID: 329, Data: 8B AF 80 8 11 3D 1E 26 
ID: A0, Data: 85F 7C CE 16 15 34 2 0 
ID: 153, Data: 80 0 0 FF 0 FF 0 0 
ID: 316, Data: 845 54 64 17 5A 1C 15 7C 
ID: 153, Data: 80 0 0 FF 0 FF 0 0 
ID: 545, Data: 8E4 9E 0 8C E8 3 E8 3 
ID: 316, Data: 845 57 A4 17 5E 1C 15 7C 
ID: 2A0, Data: 8A1 9 6B 18 31 0 10 0 
ID: 43F, Data: 83 48 60 FF 70 D8 F 0 
ID: 316, Data: 845 5B 45 18 5E 1C 16 7C 
ID: 1F0, Data: 8A 40 F9 BF 0 0 0 0 
ID: 5F0, Data: 20 0 
ID: 153, Data: 80 0 0 FF 0 FF 0 0 
ID: 1F1, Data: 80 DB B1 20 B B6 90 B 
ID: 440, Data: 8F8 C3 16 A0 FF AA AA AA 
ID: 316, Data: 845 5B 71 19 60 1C 16 7C 
ID: 2A0, Data: 8C1 C 6B 18 31 0 10 0 
ID: 43F, Data: 83 48 60 FF 70 E0 10 0 
ID: 43F, Data: 83 48 60 FF 70 8 11 0 
ID: 2A0, Data: 8C1 D 6B 18 31 0 10 0 
ID: 5F0, Data: 20 0 
ID: 316, Data: 845 5D 62 1A 60 1C 17 7C 
ID: 316, Data: 845 5D 50 1A 60 1C 18 7C 
ID: 2A0, Data: 8A1 E 6B 18 31 0 10 0 
ID: 153, Data: 80 0 0 FF 0 FF 0 0 
ID: 316, Data: 845 5E 7D 1A 5A 1C 18 7C 
ID: 440, Data: 8FE C3 18 A0 FF AA AA AA 
ID: A1, Data: 883 7B 7F 7E 44 0 0 0 
ID: 316, Data: 845 5B C6 1A 54 1C 19 7C 
ID: 316, Data: 845 5A AA 1A 52 1C 19 7C 
ID: 5F0, Data: 20 0 
ID: 329, Data: 884 AF 80 8 11 3F 16 26 
ID: 329, Data: 8ED AF 80 8 11 3E 15 26 
ID: 370, Data: 8FF E0 F0 FF FF FF FF FF 
ID: 153, Data: 80 0 0 FF 0 FF 0 0 
ID: 43F, Data: 83 48 60 FF 70 2C 13 0 
ID: 153, Data: 80 0 0 FF 0 FF 0 0 
ID: 316, Data: 845 48 2F 18 38 1D 1A 7C 
ID: 153, Data: 80 0 0 FF 0 FF 0 0 
ID: 280, Data: 830 0 88 AF 2F 29 6B 76 
ID: 316, Data: 845 41 95 17 38 1D 1B 7C 
ID: 43F, Data: 83 48 60 FF 70 A4 13 0 
ID: 440, Data: 8FE 13 1B A0 FF AA AA AA 
ID: 18F, Data: 8AA 40 0 0 0 0 0 0 
ID: 153, Data: 80 0 0 FF 0 FF 0 0 
ID: 5F0, Data: 20 0 
ID: 440, Data: 8FE 13 1B A0 FF AA AA AA 
ID: 153, Data: 80 0 0 FF 0 FF 0 0 
ID: 316, Data: 845 3B 92 16 3A 1E 1B 7C 
ID: 316, Data: 845 3A 7F 16 3A 1E 1B 7C 
ID: 43F, Data: 83 48 60 FF 70 20 14 0 
ID: 153, Data: 80 0 0 FF 0 FF 0 0 
ID: A1, Data: 884 7F 7D 80 32 0 0 0 
ID: 329, Data: 840 AF 80 8 11 36 C 26 
ID: 370, Data: 8FF DE F0 FF FF FF FF FF 
ID: 153, Data: 80 0 0 FF 0 FF 0 0 
ID: 316, Data: 845 38 78 16 44 1F 1C 7C 
ID: 316, Data: 845 39 7F 16 45 1F 1C 7C 
ID: 153, Data: 80 0 0 FF 0 FF 0 0 
ID: 440, Data: 8FE 13 1C A0 FF AA AA AA 
ID: 316, Data: 845 3C A6 16 46 1E 1C 7C 
ID: 153, Data: 80 0 0 FF 0 FF 0 0 
ID: 316, Data: 845 3E EF 16 46 1E 1C 7C 
ID: 316, Data: 845 3F EF 16 46 1E 1C 7C 
ID: 43F, Data: 843 48 60 FF 70 BC 14 0 
ID: 43F, Data: 843 48 60 FF 70 D0 14 0 
ID: A1, Data: 881 7F 7D 80 34 0 0 0 
ID: 316, Data: 845 42 52 16 47 1E 1C 7C 
ID: 316, Data: 845 42 C 16 47 1E 1C 7C 
ID: 43F, Data: 843 48 60 FF 70 EC 14 0 
ID: 316, Data: 845 45 BD 15 47 1D 1D 7C 
ID: 153, Data: 80 0 0 FF 0 FF 0 0 
ID: 316, Data: 845 45 BD 15 47 1D 1D 7C 
ID: 316, Data: 845 46 C3 15 47 1D 1D 7C 
ID: 43F, Data: 843 48 60 FF 70 60 15 0 
ID: 316, Data: 845 47 EE 15 47 1D 1D 7C 
ID: 153, Data: 80 0 0 FF 0 FF 0 0 
ID: 329, Data: 8B AF 80 8 11 39 13 26 
ID: 316, Data: 845 48 1F 16 46 1D 1D 7C 
ID: 260, Data: 8B 47 47 30 0 FF C4 2C 
ID: 153, Data: 80 0 0 FF 0 FF 0 0 
ID: 280, Data: 830 0 88 AF 2C 2B 6B 7A 
ID: 370, Data: 8FF DD F0 FF FF FF FF FF 
ID: A1, Data: 880 7F 7C 80 3A 0 0 0 
ID: 316, Data: 845 47 65 16 46 1D 1E 7C 
ID: 316, Data: 845 45 7F 16 46 1D 1E 7C 
ID: 43F, Data: 843 48 60 FF 70 F4 15 0 
ID: 260, Data: 8B 45 47 30 0 FF C6 1D 
ID: 153, Data: 80 0 0 FF 0 FF 0 0 
ID: 316, Data: 845 43 AC 16 46 1D 1E 7C 
ID: 153, Data: 80 0 0 FF 0 FF 0 0 
ID: 43F, Data: 843 48 60 FF 70 2C 16 0 
ID: 545, Data: 8E4 73 0 8C A9 2 A9 2 
ID: 43F, Data: 843 48 60 FF 70 50 16 0 
ID: 43F, Data: 843 48 60 FF 70 60 16 0 
ID: 18F, Data: 8AA 40 0 0 0 0 0 0 
ID: 316, Data: 845 43 2C 17 45 1D 1F 7C 
ID: 153, Data: 80 0 0 FF 0 FF 0 0 
ID: 280, Data: 830 0 88 AF 2E 29 6B 76 
ID: 316, Data: 845 44 3A 17 45 1D 1F 7C 
ID: 153, Data: 80 0 0 FF 0 FF 0 0 
ID: 43F, Data: 843 48 60 FF 70 B0 16 0 
ID: 43F, Data: 843 48 60 FF 70 C4 16 0 
ID: 260, Data: 8B 43 46 30 0 FF C9 1D 
ID: 316, Data: 845 43 95 17 46 1D 1F 7C 
ID: 316, Data: 845 44 A4 17 47 1D 1F 7C 
ID: 43F, Data: 843 48 60 FF 70 F8 16 0 
ID: 440, Data: 8FE 13 1F A0 FF AA AA AA 
ID: 5F0, Data: 20 0 
ID: 2A0, Data: 8C1 11 6B 18 31 0 10 0 
ID: 370, Data: 8FF DD F0 FF FF FF FF FF 
ID: 153, Data: 80 0 0 FF 0 FF 0 0 
ID: 316, Data: 845 46 DD 17 49 1D 20 7C 
ID: 153, Data: 80 0 0 FF 0 FF 0 0 
ID: 43F, Data: 843 48 60 FF 70 58 17 0 
ID: 18F, Data: 8AA 41 0 0 0 0 0 0 
ID: 153, Data: 80 0 0 FF 0 FF 0 0 
ID: 153, Data: 80 0 0 FF 0 FF 0 0 
ID: 260, Data: 8B 47 4A 30 0 FF C7 26 
ID: 316, Data: 845 47 54 18 42 1D 20 7C 
ID: 440, Data: 8FE C3 20 A0 FF AA AA AA 
ID: 316, Data: 845 48 5C 18 1A 1D 20 7C 
ID: 43F, Data: 843 48 60 FF 70 B8 17 0 
ID: 2A0, Data: 820 10 6B 18 31 0 10 0 
ID: 153, Data: 80 0 0 FF 0 FF 0 0 
ID: 316, Data: 845 3C 6B 18 1A 1F 21 7C 
ID: 153, Data: 80 0 0 FF 0 FF 0 0 
ID: 153, Data: 80 0 0 FF 0 FF 0 0 
ID: 329, Data: 840 AF 80 8 11 2F 0 26 
ID: 316, Data: 845 2B E5 17 1D 21 21 7C 
ID: 545, Data: 8E4 45 0 8C 7E 0 7E 0 
ID: 153, Data: 80 0 0 FF 0 FF 0 0 
ID: 316, Data: 845 21 11 18 1E 22 21 7C 
ID: 153, Data: 80 0 0 FF 0 FF 0 0 
ID: A1, Data: 871 7F 6E 7D 1D 0 0 0 
ID: 260, Data: 8B 1C 1F 30 0 FF 87 35 
ID: 18F, Data: 8AA 42 0 0 0 0 0 0 
ID: 43F, Data: 843 48 60 FF 70 8C 17 0 
ID: 153, Data: 80 0 0 FF 0 FF 0 0 
ID: 316, Data: 845 1C CA 14 21 22 21 7C 
ID: 153, Data: 80 0 0 FF 0 FF 0 0 
ID: 260, Data: 8B 1E 22 30 0 FF 6E 2B 
ID: 316, Data: 845 20 91 13 22 22 20 7C 
ID: A0, Data: 838 7C 88 13 21 2A 2 0 
ID: 316, Data: 845 22 6A 13 22 21 20 7C 
ID: 545, Data: 8E4 39 0 8C 1C 0 1C 0 
ID: 153, Data: 80 0 0 FF 0 FF 0 0 
ID: 316, Data: 845 23 D2 13 21 21 20 7C 
ID: 153, Data: 80 0 0 FF 0 FF 0 0 
ID: 260, Data: 8B 22 21 30 0 FF 69 E 
ID: 329, Data: 8ED AF 80 8 11 31 2 26 
ID: A0, Data: 832 7C 3E 14 20 29 2 0 
ID: 43F, Data: 843 48 60 FF 70 CC 16 0 
ID: 316, Data: 845 27 A6 16 2C 21 20 7C 
ID: 18F, Data: 8AA 42 0 0 0 0 0 0 
ID: 316, Data: 845 26 4F 17 2E 21 1F 7C 
ID: 153, Data: 80 0 0 FF 0 FF 0 0 
ID: 18F, Data: 8AA 42 0 0 0 0 0 0 
ID: 316, Data: 845 29 3 17 2F 21 1F 7C 
ID: 43F, Data: 843 48 60 FF 70 88 16 0 
ID: A0, Data: 833 7C 25 17 20 2B 2 0 
ID: 153, Data: 80 0 0 FF 0 FF 0 0 
ID: 316, Data: 845 2C 25 17 34 21 1F 7C 
ID: 153, Data: 80 0 0 FF 0 FF 0 0 
ID: 2A0, Data: 8C1 B 6B 18 31 0 10 0 
ID: 280, Data: 830 0 88 B0 2E 1C 6B 4D 
ID: A1, Data: 876 7B 76 7C 24 0 0 0 
ID: 43F, Data: 843 48 60 FF 70 68 16 0 
ID: 316, Data: 845 30 80 17 36 20 1F 7C 
ID: 18F, Data: 8AA 42 0 0 0 0 0 0 
ID: 316, Data: 845 31 9C 17 2C 16 1F 7C 
ID: 153, Data: 80 0 0 FF 0 FF 0 0 
ID: 153, Data: 80 0 0 FF 0 FF 0 0 
ID: 316, Data: 845 33 AB 17 2E 16 1F 7C 
ID: 43F, Data: 843 48 60 FF 70 44 16 0 
ID: 153, Data: 80 0 0 FF 0 FF 0 0 
ID: 316, Data: 845 32 9C 17 2F 16 1F 7C 
ID: 316, Data: 845 32 95 17 2F 16 1F 7C 
ID: 2A0, Data: 861 B 6B 18 31 0 10 0 
ID: 370, Data: 8FF DE F0 FF FF FF FF FF 
ID: 316, Data: 85 30 79 17 2F 16 1F 7C 
ID: 153, Data: 80 0 0 FF 0 FF 0 0 
ID: 153, Data: 80 0 0 FF 0 FF 0 0 
ID: 316, Data: 85 30 F3 17 2F 16 1F 7C 
ID: 153, Data: 80 0 0 FF 0 FF 0 0 
ID: 545, Data: 8E4 51 0 8C C4 1 C4 1 
ID: 316, Data: 85 30 B9 17 2F 16 1E 7C 
ID: 280, Data: 830 0 88 B0 2F 1D 6B 53 
ID: 316, Data: 85 30 AB 17 30 16 1E 7C 
ID: 316, Data: 85 30 9C 17 30 16 1E 7C 
ID: 316, Data: 85 2F AB 17 30 16 1E 7C 
ID: 316, Data: 85 2F 9C 17 30 16 1E 7C 
ID: 43F, Data: 843 48 60 FF 70 1C 16 0 
ID: 43F, Data: 843 48 60 FF 70 14 16 0 
ID: 370, Data: 8FF DE F0 FF FF FF FF FF 
ID: 316, Data: 85 30 AB 17 30 17 1E 7C 
ID: 153, Data: 80 0 0 FF 0 FF 0 0 
ID: 153, Data: 80 0 0 FF 0 FF 0 0 
ID: 43F, Data: 843 48 60 FF 70 EC 15 0 
ID: 153, Data: 80 0 0 FF 0 FF 0 0 
ID: 153, Data: 80 0 0 FF 0 FF 0 0 
ID: 316, Data: 85 2E 87 17 30 16 1E 7C 
ID: 153, Data: 80 0 0 FF 0 FF 0 0 
ID: 316, Data: 85 30 79 17 30 16 1E 7C 
ID: 153, Data: 80 0 0 FF 0 FF 0 0 
ID: 153, Data: 80 0 0 FF 0 FF 0 0 
ID: 316, Data: 85 2F 79 17 30 16 1E 7C 
ID: 43F, Data: 843 48 60 FF 70 D0 15 0 
ID: 260, Data: 8B 30 30 30 0 FF C6 C 
ID: 153, Data: 80 0 0 FF 0 FF 0 0 
ID: 316, Data: 85 2F 64 17 30 16 1E 7C 
ID: 316, Data: 85 30 5D 17 30 16 1E 7C 
ID: 280, Data: 830 0 88 B0 2E 1D 6B 52 
ID: 43F, Data: 843 48 60 FF 70 B0 15 0 
ID: 316, Data: 85 2E 48 17 30 16 1E 7C 
ID: 153, Data: 80 0 0 FF 0 FF 0 0 
ID: 316, Data: 85 2F 3A 17 30 16 1E 7C 
ID: 153, Data: 80 0 0 FF 0 FF 0 0 
ID: 260, Data: 8B 2F 19 30 0 FF C5 17 
ID: 316, Data: 85 2F 3 17 13 16 1E 7C 
ID: 18F, Data: 8AA 3E 0 0 0 0 0 0 
ID: 43F, Data: 843 48 60 FF 70 A0 15 0 
ID: 153, Data: 80 0 0 FF 0 FF 0 0 
ID: 316, Data: 85 27 13 16 15 17 1E 7C 
ID: 153, Data: 80 0 0 FF 0 FF 0 0 
ID: 280, Data: 830 0 84 B0 2B 15 6B 3C 
ID: 316, Data: 85 20 69 15 17 18 1E 7C 
ID: 43F, Data: 843 48 60 FF 70 50 15 0 
ID: 440, Data: 8FE 13 1D A0 FF AA AA AA 
ID: 153, Data: 80 0 0 FF 0 FF 0 0 
ID: 153, Data: 80 0 0 FF 0 FF 0 0 
ID: 316, Data: 85 1D 1E 15 1C 19 1D 7C 
ID: 153, Data: 80 0 0 FF 0 FF 0 0 
ID: 316, Data: 85 1C D 15 1D 19 1D 7C 
ID: 1F1, Data: 80 EB E6 60 E EB B0 E 
ID: 1F0, Data: 8F9 3F F9 BF 0 0 0 0 
ID: A0, Data: 820 7C FC 14 1E 25 2 0 
ID: 153, Data: 80 0 0 FF 0 FF 0 0 
ID: 316, Data: 85 1D 63 14 1F 19 1D 7C 
ID: 370, Data: 8FF DE F0 FF FF FF FF FF 
ID: 153, Data: 80 0 0 FF 0 FF 0 0 
ID: 153, Data: 80 0 0 FF 0 FF 0 0 
ID: 545, Data: 8E4 2B 0 8C 7A 0 7A 0 
ID: 316, Data: 85 21 73 14 31 19 1C 7C 
ID: 280, Data: 830 0 88 B0 28 16 6B 3A 
ID: 153, Data: 80 0 0 FF 0 FF 0 0 
ID: 316, Data: 85 28 A9 14 34 18 1C 7C 
ID: 153, Data: 80 0 0 FF 0 FF 0 0 
ID: A1, Data: 87B 7B 7B 7C 1F 0 0 0 
ID: 329, Data: 884 B0 80 8 11 34 E 26 
ID: 280, Data: 830 0 88 B0 2B 1C 6B 49 
ID: 153, Data: 80 0 0 FF 0 FF 0 0 
ID: 43F, Data: 843 48 60 FF 70 20 14 0 
ID: 316, Data: 85 30 C3 15 39 17 1C 7C 
ID: 260, Data: 8B 31 39 30 0 FF C1 34 
ID: 153, Data: 80 0 0 FF 0 FF 0 0 
ID: 316, Data: 85 32 E7 15 39 16 1B 7C 
ID: 153, Data: 80 0 0 FF 0 FF 0 0 
ID: 153, Data: 80 0 0 FF 0 FF 0 0 
ID: 316, Data: 85 35 FA 15 38 16 1B 7C 
ID: 43F, Data: 843 48 60 FF 70 D0 13 0 
ID: 2A0, Data: 861 9 6B 18 31 0 10 0 
ID: 153, Data: 80 0 0 FF 0 FF 0 0 
ID: 316, Data: 85 37 13 16 38 15 1B 7C 
ID: 316, Data: 85 38 1F 16 38 15 1B 7C 
ID: 545, Data: 8E4 65 0 8C 58 2 58 2 
ID: 43F, Data: 843 48 60 FF 70 C0 13 0 
ID: 153, Data: 80 0 0 FF 0 FF 0 0 
ID: 18F, Data: 8AA 39 0 0 0 0 0 0 
ID: 329, Data: 8ED B0 80 8 11 35 E 26 
ID: 153, Data: 80 0 0 FF 0 FF 0 0 
ID: 260, Data: 8B 39 36 30 0 FF C5 3B 
ID: 1F1, Data: 80 A8 D7 80 D DD D0 D 
ID: A1, Data: 880 7F 80 80 2E 0 0 0 
ID: 153, Data: 80 0 0 FF 0 FF 0 0 
ID: 153, Data: 80 0 0 FF 0 FF 0 0 
ID: 153, Data: 80 0 0 FF 0 FF 0 0 
ID: 280, Data: 830 0 88 B0 29 23 6B 61 
ID: 316, Data: 85 38 88 14 36 15 1B 7C 
ID: 440, Data: 8FE 63 1B A0 FF AA AA AA 
ID: 316, Data: 85 38 7D 14 36 15 1B 7C 
ID: 153, Data: 80 0 0 FF 0 FF 0 0 
ID: 43F, Data: 843 48 60 FF 70 B4 13 0 
ID: 43F, Data: 843 48 60 FF 70 C0 13 0 
ID: 545, Data: 8E4 58 0 8C 58 2 58 2 
ID: 153, Data: 80 0 0 FF 0 FF 0 0 
ID: 316, Data: 85 38 AE 14 22 15 1B 7C 
ID: 440, Data: 8FE B3 1B A0 FF AA AA AA 
ID: 316, Data: 85 34 B4 14 1E 15 1B 7C 
ID: 1F0, Data: 8F7 3F F9 BF 0 0 0 0 
ID: 329, Data: 840 B0 80 8 11 2F 3 26 
ID: 545, Data: 8E4 47 0 8C 92 1 92 1 
ID: 440, Data: 8FE C3 1B A0 FF AA AA AA 
ID: 316, Data: 85 2A 14 14 1F 17 1B 7C 
ID: A0, Data: 829 7C 1E 14 1C 27 2 0 
ID: 153, Data: 80 0 0 FF 0 FF 0 0 
ID: 316, Data: 85 26 5 14 20 17 1B 7C 
ID: 153, Data: 80 0 0 FF 0 FF 0 0 
ID: 316, Data: 85 25 A 14 25 18 1B 7C 
ID: 316, Data: 85 24 F5 13 29 18 1B 7C 
ID: 545, Data: 8E4 31 0 8C D8 0 D8 0 
ID: 43F, Data: 843 48 60 FF 70 44 13 0 
ID: 43F, Data: 843 48 60 FF 70 40 13 0 
ID: 260, Data: 8B 27 2F 30 0 FF B8 25 
ID: 316, Data: 85 29 EB 13 2E 18 1A 7C 
ID: 316, Data: 85 29 A 14 2E 17 1A 7C 
ID: 43F, Data: 843 48 60 FF 70 14 13 0 
ID: 440, Data: 8FE 63 1A A0 FF AA AA AA 
ID: A1, Data: 879 7B 79 7C 23 0 0 0 
ID: 316, Data: 85 2B 68 14 2D 17 1A 7C 
ID: 316, Data: 85 2B 63 14 2D 17 1A 7C 
ID: 43F, Data: 843 48 60 FF 70 E0 12 0 
ID: 5F0, Data: 20 0 
ID: A1, Data: 87A 7B 7C 7C 23 0 0 0 
ID: 18F, Data: 8AA 38 0 0 0 0 0 0 
ID: A1, Data: 87A 7B 7C 7C 24 0 0 0 
ID: 329, Data: 840 B0 80 8 11 32 9 26 
ID: 545, Data: 8E4 44 0 8C 84 1 84 1 
ID: 153, Data: 80 0 0 FF 0 FF 0 0 
ID: 316, Data: 85 2D 3E 14 31 17 1A 7C 
ID: 153, Data: 80 0 0 FF 0 FF 0 0 
ID: 316, Data: 85 2D 3E 14 33 17 1A 7C 
ID: 153, Data: 80 0 0 FF 0 FF 0 0 
ID: 545, Data: 8E4 47 0 8C 99 1 99 1 
ID: 316, Data: 85 2F 38 14 39 17 19 7C 
ID: 545, Data: 8E4 4A 0 8C C4 1 C4 1 
ID: 316, Data: 85 31 4D 14 3B 17 19 7C 
ID: 316, Data: 85 32 63 14 3F 16 19 7C 
ID: 260, Data: 8B 33 40 30 0 FF C0 3B 
ID: 316, Data: 85 35 88 14 3F 16 19 7C 
ID: 316, Data: 85 36 9E 14 3F 16 19 7C 
ID: 43F, Data: 843 48 60 FF 70 64 12 0 
ID: 43F, Data: 843 48 60 FF 70 68 12 0 
ID: 153, Data: 80 0 0 FF 0 FF 0 0 
ID: 316, Data: 85 3A F6 14 3E 15 19 7C 
ID: 153, Data: 80 0 0 FF 0 FF 0 0 
ID: 280, Data: 830 0 88 B0 2A 23 6B 63 
ID: 5F0, Data: 20 0 
ID: 153, Data: 80 0 0 FF 0 FF 0 0 
ID: 153, Data: 80 0 0 FF 0 FF 0 0 
ID: 1F1, Data: 80 1D C9 70 C CF B0 C 
ID: 316, Data: 85 3D E1 13 40 15 19 7C 
ID: 329, Data: 884 B0 80 8 11 36 13 26 
ID: 316, Data: 85 41 1A 13 41 15 19 7C 
ID: 316, Data: 85 41 7 13 41 15 19 7C 
ID: 153, Data: 80 0 0 FF 0 FF 0 0 
ID: 5F0, Data: 20 0 
ID: 43F, Data: 843 48 60 FF 70 6C 12 0 
ID: 316, Data: 85 43 66 13 40 14 19 7C 
ID: 316, Data: 85 43 7E 13 40 14 19 7C 
ID: 43F, Data: 843 48 60 FF 70 7C 12 0 
ID: 440, Data: 8FE 13 19 A0 FF AA AA AA 
ID: 153, Data: 80 0 0 FF 0 FF 0 0 
ID: 316, Data: 85 43 8C 13 40 14 19 7C 
ID: 316, Data: 85 41 88 13 40 14 19 7C 
ID: 545, Data: 8E4 63 0 8C 1A 3 1A 3 
ID: 43F, Data: 843 48 60 FF 70 A0 12 0 
ID: 153, Data: 80 0 0 FF 0 FF 0 0 
ID: 18F, Data: 8AA 36 0 0 0 0 0 0 
ID: 329, Data: 884 B0 80 8 11 35 13 26 
ID: 316, Data: 85 41 6F 13 40 14 19 7C 
ID: 370, Data: 8FF E8 F0 FF FF FF FF FF 
ID: 153, Data: 80 0 0 FF 0 FF 0 0 
ID: 43F, Data: 843 48 60 FF 70 B4 12 0 
ID: 2A0, Data: 81 D 6B 18 31 0 10 0 
ID: 153, Data: 80 0 0 FF 0 FF 0 0 
ID: 316, Data: 85 3F 91 13 40 14 1A 7C 
ID: 153, Data: 80 0 0 FF 0 FF 0 0 
ID: 316, Data: 85 3F 96 13 40 14 1A 7C 
ID: 316, Data: 85 40 9B 13 40 14 1A 7C 
ID: 2A0, Data: 861 D 6B 18 31 0 10 0 
ID: 43F, Data: 843 48 60 FF 70 BC 12 0 
ID: 43F, Data: 843 48 60 FF 70 CC 12 0 
ID: 260, Data: 8B 40 41 30 0 FF C3 39 
ID: 316, Data: 85 3E 8C 13 41 14 1A 7C 
ID: 329, Data: 840 B0 80 8 11 35 13 26 
ID: 43F, Data: 843 48 60 FF 70 D4 12 0 
ID: 316, Data: 85 3E A5 13 41 14 1A 7C 
ID: 153, Data: 80 0 0 FF 0 FF 0 0 
ID: 316, Data: 85 3F A0 13 41 14 1A 7C 
ID: 153, Data: 80 0 0 FF 0 FF 0 0 
ID: 153, Data: 80 0 0 FF 0 FF 0 0 
ID: 316, Data: 85 3F B4 13 41 14 1A 7C 
ID: 5F0, Data: 20 0 
ID: 260, Data: 8B 3F 42 30 0 FF C3 1C 
ID: 280, Data: 830 0 88 B0 27 26 6B 70 
ID: 153, Data: 80 0 0 FF 0 FF 0 0 
ID: 5F0, Data: 20 0 
ID: 43F, Data: 843 48 60 FF 70 F0 12 0 
ID: 153, Data: 80 0 0 FF 0 FF 0 0 
ID: 280, Data: 830 0 88 B0 27 27 6B 70 
ID: 316, Data: 85 40 B4 13 42 14 1A 7C 
ID: A0, Data: 84B 7C B4 13 1A 2E 2 0 
ID: 316, Data: 85 3F CD 13 41 14 1A 7C 
ID: 316, Data: 85 3F BE 13 42 14 1A 7C 
ID: 43F, Data: 843 48 60 FF 70 F8 12 0 
ID: 316, Data: 85 40 BE 13 42 14 1A 7C 
ID: 153, Data: 80 0 0 FF 0 FF 0 0 
ID: 43F, Data: 843 48 60 FF 70 0 13 0 
ID: 153, Data: 80 0 0 FF 0 FF 0 0 
ID: 316, Data: 85 3F CD 13 42 14 1A 7C 
ID: 316, Data: 85 3F C8 13 42 14 1A 7C 
ID: 260, Data: 8B 41 42 30 0 FF C3 37 
ID: 370, Data: 8FF EA F0 FF FF FF FF FF 
ID: 316, Data: 85 3F D2 13 42 14 1A 7C 
ID: 153, Data: 80 0 0 FF 0 FF 0 0 
ID: 316, Data: 85 41 BE 13 42 14 1A 7C 
ID: 153, Data: 80 0 0 FF 0 FF 0 0 
ID: A1, Data: 879 7F 7D 80 36 0 0 0 
ID: 329, Data: 840 B0 80 8 11 36 14 26 
ID: 280, Data: 830 0 88 B0 27 28 6B 71 
ID: 43F, Data: 843 48 60 FF 70 20 13 0 
ID: 316, Data: 85 40 E1 13 42 14 1A 7C 
ID: 316, Data: 85 40 E1 13 42 14 1A 7C 
ID: 316, Data: 85 41 DC 13 42 14 1A 7C 
ID: 43F, Data: 843 48 60 FF 70 34 13 0 
ID: 316, Data: 85 3F EB 13 42 14 1A 7C 
ID: 153, Data: 80 0 0 FF 0 FF 0 0 
ID: 153, Data: 80 0 0 FF 0 FF 0 0 
ID: 316, Data: 85 41 D7 13 42 14 1A 7C 
ID: 440, Data: 8FE 13 1A A0 FF AA AA AA 
ID: 316, Data: 85 40 E6 13 42 14 1A 7C 
ID: 153, Data: 80 0 0 FF 0 FF 0 0 
ID: 43F, Data: 843 48 60 FF 70 4C 13 0 
ID: 43F, Data: 843 48 60 FF 70 58 13 0 
ID: 316, Data: 85 40 0 14 42 14 1A 7C 
ID: 153, Data: 80 0 0 FF 0 FF 0 0 
ID: 316, Data: 85 40 FA 13 42 14 1A 7C 
ID: 153, Data: 80 0 0 FF 0 FF 0 0 
ID: 260, Data: 8B 41 42 30 0 FF C4 27 
ID: 5F0, Data: 20 0 
ID: A0, Data: 84C 7C 0 14 1B 2E 2 0 
ID: 545, Data: 8E4 63 0 8C 2 3 2 3 
ID: A1, Data: 87A 7F 7D 80 36 0 0 0 
ID: 260, Data: 8B 41 43 30 0 FF C4 17 
ID: A0, Data: 84B 7C F 14 1B 2E 2 0 
ID: 316, Data: 85 3F 3E 14 43 14 1B 7C 
ID: 153, Data: 80 0 0 FF 0 FF 0 0 
ID: 280, Data: 830 0 88 B0 28 28 6B 72 
ID: 316, Data: 85 41 33 14 43 14 1B 7C 
ID: A0, Data: 84D 7C 33 14 1B 2E 2 0 
ID: 370, Data: 8FF EA F0 FF FF FF FF FF 
ID: 440, Data: 8FE 13 1A A0 FF AA AA AA 
ID: 316, Data: 85 42 43 14 43 14 1B 7C 
ID: 260, Data: 8B 42 44 30 0 FF C5 23 
ID: 5F0, Data: 20 0 
ID: 316, Data: 85 42 58 14 43 14 1B 7C 
ID: 153, Data: 80 0 0 FF 0 FF 0 0 
ID: 43F, Data: 843 48 60 FF 70 B8 13 0 
ID: 2A0, Data: 8C1 11 6B 18 31 0 10 0 
ID: 43F, Data: 843 48 60 FF 70 D0 13 0 
ID: 43F, Data: 843 48 60 FF 70 D4 13 0 
ID: 153, Data: 80 0 0 FF 0 FF 0 0 
ID: 316, Data: 85 43 7D 14 43 14 1B 7C 
ID: 153, Data: 80 0 0 FF 0 FF 0 0 
ID: 1F0, Data: 8FD 3F F9 BF 0 0 0 0 
ID: 316, Data: 85 43 83 14 45 14 1B 7C 
ID: 316, Data: 85 42 83 14 46 14 1B 7C 
ID: 316, Data: 85 44 88 14 46 14 1B 7C 
ID: 316, Data: 85 44 93 14 45 14 1B 7C 
ID: 43F, Data: 843 48 60 FF 70 F0 13 0 
ID: 316, Data: 85 44 B4 14 45 14 1B 7C 
ID: 18F, Data: 8AA 34 0 0 0 0 0 0 
ID: 43F, Data: 843 48 60 FF 70 14 14 0 
ID: 153, Data: 80 0 0 FF 0 FF 0 0 
ID: 316, Data: 85 44 CA 14 45 14 1C 7C 
ID: 316, Data: 85 45 BF 14 45 14 1C 7C 
ID: 280, Data: 830 0 88 B0 29 2A 6B 78 
ID: 440, Data: 8FE B3 1B A0 FF AA AA AA 
ID: 545, Data: 8E4 6B 0 8C 70 3 70 3 
ID: 153, Data: 80 0 0 FF 0 FF 0 0 
ID: 316, Data: 85 45 E0 14 45 14 1C 7C 
ID: 316, Data: 85 45 E6 14 45 14 1C 7C 
ID: 545, Data: 8E4 6D 0 8C 5E 3 5E 3 
ID: 370, Data: 8FF EA F0 FF FF FF FF FF 
ID: 153, Data: 80 0 0 FF 0 FF 0 0 
ID: 316, Data: 85 44 7 15 45 14 1C 7C 
ID: 260, Data: 8B 45 45 30 0 FF C5 2F 
ID: 153, Data: 80 0 0 FF 0 FF 0 0 
ID: 316, Data: 85 44 D 15 45 14 1C 7C 
ID: 153, Data: 80 0 0 FF 0 FF 0 0 
ID: 316, Data: 85 45 7 15 45 14 1C 7C 
ID: 5F0, Data: 20 0 
ID: 316, Data: 85 45 13 15 45 14 1C 7C 
ID: 316, Data: 85 44 1E 15 45 14 1C 7C 
ID: 43F, Data: 843 48 60 FF 70 88 14 0 
ID: 316, Data: 85 44 1E 15 45 14 1C 7C 
ID: 153, Data: 80 0 0 FF 0 FF 0 0 
ID: 316, Data: 85 44 1E 15 45 14 1C 7C 
ID: 316, Data: 85 45 29 15 45 14 1C 7C 
ID: 280, Data: 830 0 88 B0 2A 2B 6B 78 
ID: 43F, Data: 843 48 60 FF 70 98 14 0 
ID: 5F0, Data: 20 0 
ID: 153, Data: 80 0 0 FF 0 FF 0 0 
ID: 153, Data: 80 0 0 FF 0 FF 0 0 
ID: 2A0, Data: 81 13 6B 18 31 0 10 0 
ID: 316, Data: 85 44 5E 15 1D 14 1C 7C 
ID: 2A0, Data: 8C1 13 6B 18 31 0 10 0 
ID: 316, Data: 85 3D 81 15 24 1E 1C 7C 
ID: 316, Data: 85 3C 5E 15 25 1E 1C 7C 
ID: 43F, Data: 843 48 60 FF 70 90 14 0 
ID: 316, Data: 85 34 63 15 25 1F 1C 7C 
ID: 153, Data: 80 0 0 FF 0 FF 0 0 
ID: 316, Data: 85 31 87 15 25 1F 1C 7C 
ID: 153, Data: 80 0 0 FF 0 FF 0 0 
ID: 316, Data: 85 2E 7B 15 26 20 1C 7C 
ID: 316, Data: 85 2E 5E 15 26 20 1C 7C 
ID: 260, Data: 8B 2D 27 30 0 FF C2 3B 
ID: 440, Data: 8FE C3 1C A0 FF AA AA AA 
ID: 329, Data: 8B B0 80 8 11 31 3 26 
ID: 153, Data: 80 0 0 FF 0 FF 0 0 
ID: 316, Data: 845 29 63 15 2A 21 1C 7C 
ID: 153, Data: 80 0 0 FF 0 FF 0 0 
ID: 2A0, Data: 861 10 6B 18 31 0 10 0 
ID: 316, Data: 845 28 E6 14 2C 21 1C 7C 
ID: 43F, Data: 843 48 60 FF 70 44 14 0 
ID: 370, Data: 8FF E9 F0 FF FF FF FF FF 
ID: 153, Data: 80 0 0 FF 0 FF 0 0 
ID: 153, Data: 80 0 0 FF 0 FF 0 0 
ID: 316, Data: 845 2B CF 14 35 21 1C 7C 
ID: 153, Data: 80 0 0 FF 0 FF 0 0 
ID: 260, Data: 8B 2E 3B 30 0 FF BE 1C 
ID: 316, Data: 845 2F E6 14 3B 20 1C 7C 
ID: A0, Data: 83D 7C E0 14 1C 2C 2 0 
ID: 316, Data: 845 32 D 15 3B 20 1B 7C 
ID: 329, Data: 8B B0 80 8 11 36 B 26 
ID: 316, Data: 845 33 46 15 3B 20 1B 7C 
ID: 316, Data: 845 34 52 15 3A 20 1B 7C 
ID: 153, Data: 80 0 0 FF 0 FF 0 0 
ID: 316, Data: 845 35 7B 15 42 1F 1B 7C 
ID: 153, Data: 80 0 0 FF 0 FF 0 0 
ID: A0, Data: 848 7C 9F 15 1C 2E 2 0 
ID: 280, Data: 830 0 88 B0 2B 24 6B 62 
ID: A1, Data: 87B 7F 7B 80 2D 0 0 0 
ID: 440, Data: 8FE B3 1B A0 FF AA AA AA 
ID: 43F, Data: 843 48 60 FF 70 C0 13 0 
ID: 153, Data: 80 0 0 FF 0 FF 0 0 
ID: 316, Data: 845 47 4B 16 4E 1D 1B 7C 
ID: 153, Data: 80 0 0 FF 0 FF 0 0 
ID: 1F0, Data: 8F9 3F F9 BF 0 0 0 0 
ID: 316, Data: 845 4A D4 16 4E 1D 1B 7C 
ID: 316, Data: 845 4B F6 16 4D 1D 1B 7C 
ID: 43F, Data: 843 48 60 FF 70 C0 13 0 
ID: 260, Data: 8B 4E 4D 30 0 FF C0 14 
ID: 316, Data: 845 4D 79 17 4C 1D 1B 7C 
ID: 316, Data: 845 4E 80 17 4C 1D 1B 7C 
ID: 43F, Data: 843 48 60 FF 70 E8 13 0 
ID: 153, Data: 80 0 0 FF 0 FF 0 0 
ID: 316, Data: 845 4E 9F 16 4D 1D 1B 7C 
ID: 153, Data: 80 0 0 FF 0 FF 0 0 
ID: 329, Data: 8B B0 80 8 11 3B 18 26 
ID: 316, Data: 845 4F B1 15 4E 1D 1B 7C 
ID: 153, Data: 80 0 0 FF 0 FF 0 0 
ID: 43F, Data: 843 48 60 FF 70 30 14 0 
ID: 153, Data: 80 0 0 FF 0 FF 0 0 
ID: 43F, Data: 843 48 60 FF 70 48 14 0 
ID: 316, Data: 845 50 45 16 4E 1D 1C 7C 
ID: A0, Data: 85A 7C 4B 16 1C 32 2 0 
ID: 316, Data: 845 4E F4 15 4B 1D 1C 7C 
ID: 329, Data: 8B B0 80 8 11 3A 14 26 
ID: 43F, Data: 843 48 60 FF 70 68 14 0 
ID: 316, Data: 845 4D B7 15 41 1D 1C 7C 
ID: 153, Data: 80 0 0 FF 0 FF 0 0 
ID: 316, Data: 845 4C C3 15 40 1D 1C 7C 
ID: 316, Data: 845 4A DB 15 40 1D 1C 7C 
ID: 43F, Data: 843 48 60 FF 70 94 14 0 
ID: 440, Data: 8FE C3 1C A0 FF AA AA AA 
ID: 153, Data: 80 0 0 FF 0 FF 0 0 
ID: 329, Data: 840 B0 80 8 11 37 E 26 
ID: 316, Data: 845 44 81 15 3E 1D 1C 7C 
ID: 545, Data: 8E4 6C 0 8C 92 2 92 2 
ID: 43F, Data: 843 48 60 FF 70 B0 14 0 
ID: 43F, Data: 843 48 60 FF 70 B8 14 0 
ID: A1, Data: 87C 7D 79 80 37 0 0 0 
ID: 316, Data: 845 40 E7 15 3B 1D 1C 7C 
ID: 153, Data: 80 0 0 FF 0 FF 0 0 
ID: 43F, Data: 843 48 60 FF 70 C4 14 0 
ID: 153, Data: 80 0 0 FF 0 FF 0 0 
ID: 43F, Data: 843 48 60 FF 70 C8 14 0 
ID: 153, Data: 80 0 0 FF 0 FF 0 0 
ID: 316, Data: 845 3B DB 15 32 1E 1D 7C 
ID: 316, Data: 845 3A CF 15 32 1E 1D 7C 
ID: 43F, Data: 843 48 60 FF 70 DC 14 0 
ID: 316, Data: 845 38 BD 15 32 1E 1D 7C 
ID: 1F0, Data: 8FA 3F F9 BF 0 0 0 0 
ID: 329, Data: 840 B0 80 8 11 35 8 26 
ID: 545, Data: 8E4 58 0 8C A5 1 A5 1 
ID: 153, Data: 80 0 0 FF 0 FF 0 0 
ID: 5F0, Data: 20 0 
ID: 153, Data: 80 0 0 FF 0 FF 0 0 
ID: 18F, Data: 8AA 42 0 0 0 0 0 0 
ID: 545, Data: 8E4 55 0 8C 87 1 87 1 
ID: 153, Data: 80 0 0 FF 0 FF 0 0 
ID: 280, Data: 830 0 84 B0 2B 1E 6B 51 
ID: 316, Data: 845 2E BD 15 1E 20 1D 7C 
ID: A1, Data: 87A 7F 76 7E 22 0 0 0 
ID: 5F0, Data: 20 0 
ID: 370, Data: 8FF E8 F0 FF FF FF FF FF 
ID: 316, Data: 845 25 18 15 20 21 1D 7C 
ID: 153, Data: 80 0 0 FF 0 FF 0 0 
ID: 370, Data: 8FF E6 F0 FF FF FF FF FF 
ID: 316, Data: 845 1F DA 14 21 22 1D 7C 
ID: 316, Data: 845 1D 9E 14 21 22 1D 7C 
ID: 545, Data: 8E4 34 0 8C A9 FF A9 FF 
ID: 153, Data: 80 0 0 FF 0 FF 0 0 
ID: 153, Data: 80 0 0 FF 0 FF 0 0 
ID: 316, Data: 845 25 A5 13 25 22 1C 7C 
ID: 153, Data: 80 0 0 FF 0 FF 0 0 
ID: 43F, Data: 843 48 60 FF 70 90 14 0 
ID: 545, Data: 8E4 31 0 8C 43 0 43 0 
ID: 440, Data: 8FE 13 1C A0 FF AA AA AA 
ID: 5F0, Data: 20 0 
ID: 153, Data: 80 0 0 FF 0 FF 0 0 
ID: 153, Data: 80 0 0 FF 0 FF 0 0 
ID: 329, Data: 884 B0 80 8 11 33 7 26 
ID: 316, Data: 845 2D 24 15 33 20 1C 7C 
ID: 545, Data: 8E4 44 0 8C DA 0 DA 0 
ID: 316, Data: 845 2D 6F 15 32 20 1C 7C 
ID: 316, Data: 845 2D 75 15 32 20 1C 7C 
ID: 153, Data: 80 0 0 FF 0 FF 0 0 
ID: 260, Data: 8B 2F 33 30 0 FF C0 10 
ID: 316, Data: 845 2F 41 15 32 20 1C 7C 
ID: A1, Data: 87A 7B 78 7C 26 0 0 0 
ID: 316, Data: 845 30 46 15 32 20 1C 7C 
ID: 316, Data: 845 30 4C 15 32 20 1C 7C 
ID: 316, Data: 845 30 5E 15 33 20 1C 7C 
ID: 545, Data: 8E4 4D 0 8C 2C 1 2C 1 
ID: 43F, Data: 843 48 60 FF 70 24 14 0 
ID: 43F, Data: 843 48 60 FF 70 20 14 0 
ID: A1, Data: 87C 7B 7A 7C 28 0 0 0 
ID: 316, Data: 845 31 8D 15 32 20 1C 7C 
ID: 316, Data: 845 31 8D 15 32 20 1C 7C 
ID: 43F, Data: 843 48 60 FF 70 1C 14 0 
ID: 329, Data: 8ED B0 80 8 11 34 8 26 
ID: 153, Data: 80 0 0 FF 0 FF 0 0 
ID: 153, Data: 80 0 0 FF 0 FF 0 0 
ID: 316, Data: 845 32 99 15 32 20 1C 7C 
ID: 153, Data: 80 0 0 FF 0 FF 0 0 
ID: 316, Data: 845 31 AB 15 32 20 1C 7C 
ID: 316, Data: 845 32 B1 15 32 20 1C 7C 
ID: 153, Data: 80 0 0 FF 0 FF 0 0 
ID: 316, Data: 845 32 AB 15 32 20 1C 7C 
ID: 153, Data: 80 0 0 FF 0 FF 0 0 
ID: 370, Data: 8FF E3 F0 FF FF FF FF FF 
ID: 260, Data: 8B 33 32 30 0 FF C4 9 
ID: 153, Data: 80 0 0 FF 0 FF 0 0 
ID: 316, Data: 845 32 E1 15 32 20 1C 7C 
ID: 153, Data: 80 0 0 FF 0 FF 0 0 
ID: 316, Data: 845 33 CF 15 32 1F 1C 7C 
ID: 370, Data: 8FF E3 F0 FF FF FF FF FF 
ID: 153, Data: 80 0 0 FF 0 FF 0 0 
ID: 153, Data: 80 0 0 FF 0 FF 0 0 
ID: 316, Data: 845 32 C3 15 32 1F 1C 7C 
ID: 316, Data: 845 33 C3 15 32 1F 1C 7C 
ID: 153, Data: 80 0 0 FF 0 FF 0 0 
ID: 280, Data: 830 0 88 B0 2B 1F 6B 58 
ID: 316, Data: 845 32 CF 15 32 1F 1C 7C 
ID: 43F, Data: 843 48 60 FF 70 3C 14 0 
ID: 153, Data: 80 0 0 FF 0 FF 0 0 
ID: 153, Data: 80 0 0 FF 0 FF 0 0 
ID: 260, Data: 8B 33 32 30 0 FF C5 8 
ID: 316, Data: 845 31 CF 15 32 1F 1C 7C 
ID: 2A0, Data: 8C1 A 6B 18 31 0 10 0 
ID: 153, Data: 80 0 0 FF 0 FF 0 0 
ID: 316, Data: 845 32 DB 15 32 1F 1C 7C 
ID: 153, Data: 80 0 0 FF 0 FF 0 0 
ID: 43F, Data: 843 48 60 FF 70 5C 14 0 
ID: 545, Data: 8E4 51 0 8C 59 1 59 1 
ID: 43F, Data: 843 48 60 FF 70 5C 14 0 
ID: 316, Data: 845 32 DB 15 32 1F 1C 7C 
ID: 18F, Data: 8AA 45 0 0 0 0 0 0 
ID: 316, Data: 845 33 B1 15 32 1F 1C 7C 
ID: 316, Data: 845 32 99 15 28 16 1C 7C 
ID: 18F, Data: 8AA 45 0 0 0 0 0 0 
ID: 43F, Data: 843 48 60 FF 70 84 14 0 
ID: 153, Data: 80 0 0 FF 0 FF 0 0 
ID: 329, Data: 8B B0 80 8 11 32 8 26 
ID: 316, Data: 845 30 78 14 2A 16 1C 7C 
ID: 316, Data: 845 2F 68 14 2A 16 1C 7C 
ID: 316, Data: 845 30 9E 14 2A 16 1C 7C 
ID: 18F, Data: 8AA 45 0 0 0 0 0 0 
ID: 153, Data: 80 0 0 FF 0 FF 0 0 
ID: 316, Data: 85 2D 58 15 29 17 1C 7C 
ID: 153, Data: 80 0 0 FF 0 FF 0 0 
ID: 316, Data: 85 2C F4 15 29 17 1C 7C 
ID: 153, Data: 80 0 0 FF 0 FF 0 0 
ID: 329, Data: 8B B0 80 8 11 31 8 26 
ID: 316, Data: 85 2B CF 15 29 17 1C 7C 
ID: 280, Data: 830 0 88 B0 2B 1A 6B 48 
ID: 43F, Data: 843 48 60 FF 70 74 14 0 
ID: 316, Data: 85 2A 81 15 2A 17 1C 7C 
ID: 153, Data: 80 0 0 FF 0 FF 0 0 
ID: 316, Data: 85 2A 69 15 2A 17 1C 7C 
ID: 153, Data: 80 0 0 FF 0 FF 0 0 
ID: 153, Data: 80 0 0 FF 0 FF 0 0 
ID: 316, Data: 85 2A 2F 15 2A 17 1C 7C 
ID: 43F, Data: 843 48 60 FF 70 74 14 0 
ID: 260, Data: 8B 2A 2A 30 0 FF BE 12 
ID: 153, Data: 80 0 0 FF 0 FF 0 0 
ID: 316, Data: 85 2A FC 14 2A 17 1C 7C 
ID: 316, Data: 85 2A F1 14 2A 17 1C 7C 
ID: A0, Data: 832 7D FC 14 1C 29 2 0 
ID: 43F, Data: 843 48 60 FF 70 68 14 0 
ID: 43F, Data: 843 48 60 FF 70 6C 14 0 
ID: A0, Data: 833 7C D5 14 1C 2A 2 0 
ID: 316, Data: 85 2A D5 14 2A 17 1C 7C 
ID: 316, Data: 85 2A DA 14 2A 17 1C 7C 
ID: 43F, Data: 843 48 60 FF 70 68 14 0 
ID: 370, Data: 8FF E3 F0 FF FF FF FF FF 
ID: 153, Data: 80 0 0 FF 0 FF 0 0 
ID: 316, Data: 85 2A DA 14 2A 17 1C 7C 
ID: 153, Data: 80 0 0 FF 0 FF 0 0 
ID: 260, Data: 8B 2B 2B 30 0 FF BD 11 
ID: 316, Data: 85 2A CF 14 2A 17 1C 7C 
ID: 43F, Data: 843 48 60 FF 70 6C 14 0 
ID: 43F, Data: 843 48 60 FF 70 60 14 0 
ID: 2A0, Data: 8C1 9 6B 18 31 0 10 0 
ID: 153, Data: 80 0 0 FF 0 FF 0 0 
ID: 316, Data: 85 2A BF 14 2B 17 1C 7C 
ID: 153, Data: 80 0 0 FF 0 FF 0 0 
ID: 2A0, Data: 861 9 6B 18 31 0 10 0 
ID: 316, Data: 85 2A B9 14 2B 17 1C 7C 
ID: 1F0, Data: 8E3 3F F9 BF 0 0 0 0 
ID: 316, Data: 85 2A AE 14 2B 17 1C 7C 
ID: 153, Data: 80 0 0 FF 0 FF 0 0 
ID: 545, Data: 8E4 3E 0 8D 57 1 57 1 
ID: 316, Data: 85 2A A3 14 2B 17 1C 7C 
ID: 153, Data: 80 0 0 FF 0 FF 0 0 
ID: 43F, Data: 843 48 60 FF 70 5C 14 0 
ID: 153, Data: 80 0 0 FF 0 FF 0 0 
ID: 316, Data: 85 2B 98 14 2B 17 1C 7C 
ID: 153, Data: 80 0 0 FF 0 FF 0 0 
ID: 329, Data: 884 B0 80 8 11 31 8 26 
ID: 316, Data: 85 2B A9 14 2B 17 1C 7C 
ID: 260, Data: 8B 2B 2B 30 0 FF BD 3F 
ID: 43F, Data: 843 48 60 FF 70 60 14 0 
ID: 316, Data: 85 2B BF 14 2A 17 1C 7C 
ID: 153, Data: 80 0 0 FF 0 FF 0 0 
ID: 316, Data: 85 2A CA 14 2A 17 1C 7C 
ID: 153, Data: 80 0 0 FF 0 FF 0 0 
ID: 2A0, Data: 861 9 6B 18 31 0 10 0 
ID: 316, Data: 85 2A C4 14 2A 17 1C 7C 
ID: 280, Data: 830 0 88 B0 29 1A 6B 48 
ID: 43F, Data: 843 48 60 FF 70 70 14 0 
ID: 316, Data: 85 2B BF 14 2A 17 1C 7C 
ID: 316, Data: 85 2A C4 14 2A 17 1C 7C 
ID: 316, Data: 85 2A BF 14 2A 17 1C 7C 
ID: 43F, Data: 843 48 60 FF 70 78 14 0 
ID: 370, Data: 8FF E3 F0 FF FF FF FF FF 
ID: 153, Data: 80 0 0 FF 0 FF 0 0 
ID: 153, Data: 80 0 0 FF 0 FF 0 0 
ID: 316, Data: 85 2B B9 14 2B 17 1C 7C 
ID: 153, Data: 80 0 0 FF 0 FF 0 0 
ID: 316, Data: 85 2A B9 14 2A 17 1C 7C 
ID: 316, Data: 85 2B B9 14 2A 17 1C 7C 
ID: 260, Data: 8B 2B 2B 30 0 FF BD 20 
ID: 316, Data: 85 2A C4 14 2A 17 1C 7C 
ID: 316, Data: 85 2A BF 14 2B 17 1C 7C 
ID: 316, Data: 85 2A C4 14 2B 17 1C 7C 
ID: 316, Data: 85 2A C4 14 2A 17 1C 7C 
ID: 153, Data: 80 0 0 FF 0 FF 0 0 
ID: 43F, Data: 843 48 60 FF 70 90 14 0 
ID: 153, Data: 80 0 0 FF 0 FF 0 0 
ID: 153, Data: 80 0 0 FF 0 FF 0 0 
ID: 316, Data: 85 2B DA 14 2B 17 1C 7C 
ID: 153, Data: 80 0 0 FF 0 FF 0 0 
ID: 545, Data: 8E4 42 0 8C 55 1 55 1 
ID: 316, Data: 85 2A F6 14 30 17 1C 7C 
ID: 329, Data: 8ED B0 80 8 11 32 B 26 
ID: 43F, Data: 843 48 60 FF 70 98 14 0 
ID: 153, Data: 80 0 0 FF 0 FF 0 0 
ID: 370, Data: 8FF E3 F0 FF FF FF FF FF 
ID: 280, Data: 830 0 88 B0 29 1C 6B 4B 
ID: 153, Data: 80 0 0 FF 0 FF 0 0 
ID: 260, Data: 8B 2E 36 30 0 FF BF 2F 
ID: 316, Data: 85 30 2 15 36 17 1C 7C 
ID: 153, Data: 80 0 0 FF 0 FF 0 0 
ID: 153, Data: 80 0 0 FF 0 FF 0 0 
ID: A1, Data: 880 7B 81 7C 25 0 0 0 
ID: 545, Data: 8E4 4D 0 8C DB 1 DB 1 
ID: A1, Data: 880 7B 81 7C 27 0 0 0 
ID: 316, Data: 85 32 FC 14 36 16 1C 7C 
ID: 370, Data: 8FF E1 F0 FF FF FF FF FF 
ID: 316, Data: 85 33 2 15 36 16 1C 7C 
ID: 43F, Data: 843 48 60 FF 70 E4 14 0 
ID: 316, Data: 85 33 24 15 35 16 1D 7C 
ID: 43F, Data: 843 48 60 FF 70 F0 14 0 
ID: 316, Data: 85 34 2F 15 35 16 1D 7C 
ID: A1, Data: 881 7F 81 80 2B 0 0 0 
ID: 43F, Data: 843 48 60 FF 70 8 15 0 
ID: 43F, Data: 843 48 60 FF 70 8 15 0 
ID: 153, Data: 80 0 0 FF 0 FF 0 0 
ID: 153, Data: 80 0 0 FF 0 FF 0 0 
ID: A0, Data: 83F 7D 69 15 1D 2C 2 0 
ID: 316, Data: 85 35 75 15 37 15 1D 7C 
ID: A0, Data: 840 7D 75 15 1D 2D 2 0 
ID: 43F, Data: 843 48 60 FF 70 34 15 0 
ID: 370, Data: 8FF E1 F0 FF FF FF FF FF 
ID: A0, Data: 842 7D 81 15 1E 2D 2 0 
ID: 316, Data: 85 36 99 15 36 15 1D 7C 
ID: 545, Data: 8E4 58 0 8C 4E 2 4E 2 
ID: 43F, Data: 843 48 60 FF 70 60 15 0 
ID: 370, Data: 8FF E3 F0 FF FF FF FF FF 
ID: 18F, Data: 8AA 39 0 0 0 0 0 0 
ID: 153, Data: 80 0 0 FF 0 FF 0 0 
ID: 1F0, Data: 8F9 3F F9 BF 0 0 0 0 
ID: 440, Data: 8FE B3 1D A0 FF AA AA AA 
ID: 316, Data: 85 36 0 16 36 15 1D 7C 
ID: 329, Data: 884 B0 80 8 11 35 E 26 
ID: 43F, Data: 843 48 60 FF 70 A4 15 0 
ID: 43F, Data: 843 48 60 FF 70 B0 15 0 
ID: 43F, Data: 843 48 60 FF 70 B4 15 0 
ID: 316, Data: 85 36 19 16 35 15 1E 7C 
ID: 329, Data: 840 B0 80 8 11 35 D 26 
ID: 43F, Data: 843 48 60 FF 70 D0 15 0 
ID: 43F, Data: 843 48 60 FF 70 D0 15 0 
ID: A1, Data: 87E 7F 7E 80 2D 0 0 0 
ID: 316, Data: 85 37 3F 16 34 15 1E 7C 
ID: 316, Data: 85 36 52 16 30 15 1E 7C 
ID: A1, Data: 87C 7F 7C 80 2D 0 0 0 
ID: 43F, Data: 843 48 60 FF 70 8 16 0 
ID: 43F, Data: 843 48 60 FF 70 F8 15 0 
ID: 280, Data: 830 0 88 B0 2C 21 6B 5D 
ID: 316, Data: 85 35 72 16 2D 15 1E 7C 
ID: 329, Data: 884 B0 80 8 11 34 A 26 
ID: 43F, Data: 843 48 60 FF 70 14 16 0 
ID: 440, Data: 8FE B3 1E A0 FF AA AA AA 
ID: A1, Data: 87C 7F 7B 80 2A 0 0 0 
ID: 316, Data: 85 31 78 16 29 16 1E 7C 
ID: 316, Data: 85 31 85 16 29 16 1E 7C 
ID: 43F, Data: 843 48 60 FF 70 38 16 0 
ID: 316, Data: 85 2F 9F 16 29 16 1F 7C 
ID: 153, Data: 80 0 0 FF 0 FF 0 0 
ID: 316, Data: 85 2D 9F 16 29 16 1F 7C 
ID: 153, Data: 80 0 0 FF 0 FF 0 0 
ID: 316, Data: 85 2D 92 16 29 17 1F 7C 
ID: 316, Data: 85 2C 92 16 29 17 1F 7C 
ID: A1, Data: 87C 7B 78 7C 24 0 0 0 
ID: 43F, Data: 843 48 60 FF 70 48 16 0 
ID: 43F, Data: 843 48 60 FF 70 54 16 0 
ID: 260, Data: 8B 2A 26 30 0 FF C1 30 
ID: 316, Data: 85 2A 9F 16 16 17 1F 7C 
ID: 316, Data: 85 29 B3 16 14 17 1F 7C 
ID: 43F, Data: 843 48 60 FF 70 64 16 0 
ID: 316, Data: 85 26 E2 16 15 18 1F 7C 
ID: 153, Data: 80 0 0 FF 0 FF 0 0 
ID: 316, Data: 85 21 F6 16 15 18 1F 7C 
ID: 316, Data: 85 20 E2 16 15 18 1F 7C 
ID: 545, Data: 8E4 32 0 8C 6F 0 6F 0 
ID: 43F, Data: 843 48 60 FF 70 2C 16 0 
ID: 370, Data: 8FF E1 F0 FF FF FF FF FF 
ID: 18F, Data: 8AA 37 0 0 0 0 0 0 
ID: 316, Data: 85 19 D5 15 17 19 1F 7C 
ID: 153, Data: 80 0 0 FF 0 FF 0 0 
ID: 329, Data: 840 B0 80 8 11 2C 0 26 
ID: 316, Data: 85 1A CA 14 1C 19 1E 7C 
ID: 280, Data: 830 0 88 B0 29 10 6B 30 
ID: 43F, Data: 843 48 60 FF 70 0 16 0 
ID: 280, Data: 830 0 88 B0 2A 11 6B 31 
ID: A0, Data: 820 7C 2 15 1F 26 2 0 
ID: 316, Data: 85 1D 4C 15 27 19 1E 7C 
ID: 153, Data: 80 0 0 FF 0 FF 0 0 
ID: 43F, Data: 843 48 60 FF 70 DC 15 0 
ID: 260, Data: 8B 20 2A 30 0 FF B9 11 
ID: 43F, Data: 843 48 60 FF 70 D4 15 0 
ID: 316, Data: 85 22 DB 15 29 18 1E 7C 
ID: 153, Data: 80 0 0 FF 0 FF 0 0 
ID: 316, Data: 85 24 2C 16 29 18 1E 7C 
ID: 316, Data: 85 24 3F 16 29 18 1E 7C 
ID: 545, Data: 8E4 3B 0 8D E3 0 E3 0 
ID: 43F, Data: 843 48 60 FF 70 A0 15 0 
ID: 153, Data: 80 0 0 FF 0 FF 0 0 
ID: A0, Data: 82F 7C B3 16 1E 2A 2 0 
ID: 329, Data: 884 B0 80 8 11 32 8 26 
ID: 2A0, Data: 861 8 6B 18 31 0 10 0 
ID: 43F, Data: 843 48 60 FF 70 AC 15 0 
ID: 370, Data: 8FF E1 F0 FF FF FF FF FF 
ID: 280, Data: 830 0 88 B0 2D 18 6B 42 
ID: 316, Data: 85 27 92 16 29 18 1E 7C 
ID: A1, Data: 87D 7B 7B 7C 20 0 0 0 
ID: 316, Data: 85 28 9F 16 15 17 1E 7C 
ID: 316, Data: 85 28 A6 16 15 18 1E 7C 
ID: 18F, Data: 8AA 36 0 0 0 0 0 0 
ID: 316, Data: 85 27 AC 16 15 18 1E 7C 
ID: 153, Data: 80 0 0 FF 0 FF 0 0 
ID: 316, Data: 85 23 9F 16 15 18 1E 7C 
ID: 316, Data: 85 22 7F 16 15 18 1E 7C 
ID: 545, Data: 8E4 38 0 8C 8A 0 8A 0 
ID: 43F, Data: 843 48 60 FF 70 A4 15 0 
ID: 370, Data: 8FF E1 F0 FF FF FF FF FF 
ID: 260, Data: 8B 1C 17 30 0 FF 9E 8 
ID: 316, Data: 85 1A 8D 15 17 19 1E 7C 
ID: 280, Data: 830 0 84 B0 2A 11 6B 31 
ID: 43F, Data: 843 48 60 FF 70 30 15 0 
ID: 316, Data: 85 17 68 14 18 19 1E 7C 
ID: 153, Data: 80 0 0 FF 0 FF 0 0 
ID: 316, Data: 85 16 C8 13 19 19 1E 7C 
ID: 153, Data: 80 0 0 FF 0 FF 0 0 
ID: 153, Data: 80 0 0 FF 0 FF 0 0 
ID: 316, Data: 85 17 C3 12 1A 19 1E 7C 
ID: 153, Data: 80 0 0 FF 0 FF 0 0 
ID: 18F, Data: 8AA 36 0 0 0 0 0 0 
ID: 316, Data: 85 18 DF 11 1B 19 1D 7C 
ID: 43F, Data: 843 48 60 FF 70 40 15 0 
ID: A0, Data: 828 7C B2 11 1E 26 2 0 
ID: 153, Data: 80 0 0 FF 0 FF 0 0 
ID: 316, Data: 85 1A F2 10 1D 19 1D 7C 
ID: 153, Data: 80 0 0 FF 0 FF 0 0 
ID: 260, Data: 8B 1B 1D 30 0 FF 65 2D 
ID: 316, Data: 85 1B 72 10 1D 1A 1D 7C 
ID: A0, Data: 82C 7C 72 10 1E 26 2 0 
ID: 316, Data: 85 1B CB 11 1B 19 1D 7C 
ID: 316, Data: 85 1B 15 12 1B 19 1D 7C 
ID: 440, Data: 8FE 63 1D A0 FF AA AA AA 
ID: 316, Data: 85 1B DE 12 1A 18 1D 7C 
ID: 43F, Data: 843 48 60 FF 70 B4 14 0 
ID: 43F, Data: 843 48 60 FF 70 BC 14 0 
ID: A1, Data: 87D 7F 7A 7D 1B 0 0 0 
ID: 153, Data: 80 0 0 FF 0 FF 0 0 
ID: 316, Data: 85 19 53 14 17 19 1C 7C 
ID: 153, Data: 80 0 0 FF 0 FF 0 0 
ID: 545, Data: 8E4 2E 0 8C 6 0 6 0 
ID: 316, Data: 85 19 78 14 17 19 1C 7C 
ID: 370, Data: 8FF E1 F0 FF FF FF FF FF 
ID: 153, Data: 80 0 0 FF 0 FF 0 0 
ID: 316, Data: 85 18 F 14 17 19 1C 7C 
ID: 316, Data: 85 18 F0 13 17 19 1C 7C 
ID: 316, Data: 85 18 D2 13 17 19 1C 7C 
ID: 43F, Data: 843 48 60 FF 70 78 14 0 
ID: 316, Data: 85 18 49 13 17 19 1C 7C 
ID: 153, Data: 80 0 0 FF 0 FF 0 0 
ID: 316, Data: 85 19 C3 12 18 19 1C 7C 
ID: 316, Data: 85 19 9A 12 18 19 1C 7C 
ID: 280, Data: 830 0 84 B0 24 13 6B 36 
ID: 43F, Data: 843 48 60 FF 70 38 14 0 
ID: 316, Data: 85 1C EB 11 1C 19 1C 7C 
ID: 153, Data: 80 0 0 FF 0 FF 0 0 
ID: 316, Data: 85 1F 6A 12 1E 19 1C 7C 
ID: 153, Data: 80 0 0 FF 0 FF 0 0 
ID: 260, Data: 8B 1F 1E 30 0 FF 97 23 
ID: 316, Data: 85 1F 79 13 1F 19 1C 7C 
ID: A1, Data: 87A 7B 80 7C 1A 0 0 0 
ID: 43F, Data: 843 48 60 FF 70 14 14 0 
ID: 316, Data: 85 1E EB 13 1F 19 1C 7C 
ID: A0, Data: 823 7C E6 13 1C 25 2 0 
ID: 316, Data: 85 1E F 14 1F 19 1C 7C 
ID: 153, Data: 80 0 0 FF 0 FF 0 0 
ID: A0, Data: 823 7C F 14 1C 26 2 0 
ID: 316, Data: 85 1E F 14 26 19 1B 7C 
ID: 280, Data: 830 0 88 B0 28 13 6B 35 
ID: 153, Data: 80 0 0 FF 0 FF 0 0 
ID: 153, Data: 80 0 0 FF 0 FF 0 0 
ID: 316, Data: 85 22 1E 14 2F 18 1B 7C 
ID: 5F0, Data: 20 0 
ID: 316, Data: 85 25 48 14 37 18 1B 7C 
ID: 1F0, Data: 8FA 3F F9 BF 0 0 0 0 
ID: 153, Data: 80 0 0 FF 0 FF 0 0 
ID: 5F0, Data: 20 0 
ID: 545, Data: 8E4 46 0 8C 76 1 76 1 
ID: 280, Data: 830 0 88 B0 2A 1B 6B 48 
ID: A0, Data: 83C 7C E6 14 1C 2C 2 0 
ID: 316, Data: 85 2E B7 15 34 17 1C 7C 
ID: 316, Data: 85 2F D5 15 34 17 1C 7C 
ID: 43F, Data: 843 48 60 FF 70 48 14 0 
ID: 316, Data: 85 30 FA 15 33 17 1C 7C 
ID: 370, Data: 8FF E1 F0 FF FF FF FF FF 
ID: 316, Data: 85 31 13 16 3C 20 1C 7C 
ID: 153, Data: 80 0 0 FF 0 FF 0 0 
ID: 43F, Data: 843 48 60 FF 70 70 14 0 
ID: 43F, Data: 843 48 60 FF 70 7C 14 0 
ID: 329, Data: 8B B0 80 8 11 36 C 26 
ID: 316, Data: 85 36 A6 16 3B 1F 1C 7C 
ID: 316, Data: 85 38 C7 16 3B 1F 1C 7C 
ID: 2A0, Data: 81 5 6B 18 31 0 10 0 
ID: 43F, Data: 843 48 60 FF 70 BC 14 0 
ID: 153, Data: 80 0 0 FF 0 FF 0 0 
ID: 153, Data: 80 0 0 FF 0 FF 0 0 
ID: 316, Data: 845 3A C0 16 3A 1F 1C 7C 
ID: 153, Data: 80 0 0 FF 0 FF 0 0 
ID: 153, Data: 80 0 0 FF 0 FF 0 0 
ID: 329, Data: 840 B0 80 8 11 36 C 26 
ID: 316, Data: 845 3B C7 16 3A 1E 1D 7C 
ID: A0, Data: 846 7C 92 16 1D 2E 2 0 
ID: 5F0, Data: 20 0 
ID: 43F, Data: 843 48 60 FF 70 1C 15 0 
ID: 316, Data: 845 3B 18 17 3A 1E 1D 7C 
ID: 153, Data: 80 0 0 FF 0 FF 0 0 
ID: 316, Data: 845 3C 33 17 39 1E 1D 7C 
ID: 316, Data: 845 3C 33 17 39 1E 1D 7C 
ID: 370, Data: 8FF E1 F0 FF FF FF FF FF 
ID: 1F0, Data: 8F8 3F F9 BF 0 0 0 0 
ID: 43F, Data: 843 48 60 FF 70 8C 15 0 
ID: 153, Data: 80 0 0 FF 0 FF 0 0 
ID: 1F0, Data: 8F9 3F F9 BF 0 0 0 0 
ID: 316, Data: 845 3D C7 16 3A 1E 1D 7C 
ID: 316, Data: 845 3C AC 16 3A 1E 1E 7C 
ID: 440, Data: 8FE 63 1E A0 FF AA AA AA 
ID: 545, Data: 8E4 62 0 8C 1 2 1 2 
ID: 153, Data: 80 0 0 FF 0 FF 0 0 
ID: 316, Data: 845 3D C7 16 3A 1E 1E 7C 
ID: 153, Data: 80 0 0 FF 0 FF 0 0 
ID: 316, Data: 845 3B 18 17 3A 1E 1E 7C 
ID: 316, Data: 845 3C 18 17 3A 1E 1E 7C 
ID: 43F, Data: 843 48 60 FF 70 2C 16 0 
ID: 316, Data: 845 3C 2C 17 39 1E 1E 7C 
ID: 153, Data: 80 0 0 FF 0 FF 0 0 
ID: 153, Data: 80 0 0 FF 0 FF 0 0 
ID: 316, Data: 845 3C 1F 17 39 1E 1F 7C 
ID: 153, Data: 80 0 0 FF 0 FF 0 0 
ID: 18F, Data: 8AA 39 0 0 0 0 0 0 
ID: 316, Data: 845 39 48 17 39 1E 1F 7C 
ID: 316, Data: 845 3A 5D 17 39 1E 1F 7C 
ID: 153, Data: 80 0 0 FF 0 FF 0 0 
ID: 43F, Data: 843 48 60 FF 70 B4 16 0 
ID: 316, Data: 845 3A 8E 17 39 1E 1F 7C 
ID: A0, Data: 843 7C 79 17 1F 2E 2 0 
ID: 153, Data: 80 0 0 FF 0 FF 0 0 
ID: 316, Data: 845 3A 9C 17 39 1E 1F 7C 
ID: 153, Data: 80 0 0 FF 0 FF 0 0 
ID: 316, Data: 845 39 AB 17 39 1E 1F 7C 
ID: 18F, Data: 8AA 3B 0 0 0 0 0 0 
ID: 153, Data: 80 0 0 FF 0 FF 0 0 
ID: 316, Data: 845 39 D6 17 39 1E 20 7C 
ID: 440, Data: 8FE C3 20 A0 FF AA AA AA 
ID: 316, Data: 845 39 E5 17 39 1E 20 7C 
ID: 153, Data: 80 0 0 FF 0 FF 0 0 
ID: 545, Data: 8E4 5E 0 8C B8 1 B8 1 
ID: 316, Data: 845 38 18 18 39 1F 20 7C 
ID: 2A0, Data: 8C1 8 6B 18 31 0 10 0 
ID: 316, Data: 845 38 45 18 39 1F 20 7C 
ID: 316, Data: 845 37 54 18 39 1F 20 7C 
ID: 43F, Data: 843 48 60 FF 70 AC 17 0 
ID: 545, Data: 8E4 63 0 8C BD 1 BD 1 
ID: 153, Data: 80 0 0 FF 0 FF 0 0 
ID: 153, Data: 80 0 0 FF 0 FF 0 0 
ID: 1F1, Data: 80 1E 7 51 10 D D1 10 
ID: 43F, Data: 843 48 60 FF 70 F0 17 0 
ID: 43F, Data: 843 48 60 FF 70 F4 17 0 
ID: 316, Data: 845 36 99 18 39 1F 21 7C 
ID: 153, Data: 80 0 0 FF 0 FF 0 0 
ID: 316, Data: 845 37 A1 18 39 1F 21 7C 
ID: 153, Data: 80 0 0 FF 0 FF 0 0 
ID: 43F, Data: 843 48 60 FF 70 44 18 0 
ID: 18F, Data: 8AA 3D 0 0 0 0 0 0 
ID: 43F, Data: 843 48 60 FF 70 5C 18 0 
ID: 153, Data: 80 0 0 FF 0 FF 0 0 
ID: 43F, Data: 843 48 60 FF 70 78 18 0 
ID: 316, Data: 845 38 20 19 38 1F 21 7C 
ID: 280, Data: 830 0 88 B0 32 22 6B 63 
ID: 153, Data: 80 0 0 FF 0 FF 0 0 
ID: A0, Data: 843 7C 30 19 22 2F 2 0 
ID: 316, Data: 845 37 38 19 38 1F 22 7C 
ID: 153, Data: 80 0 0 FF 0 FF 0 0 
ID: 43F, Data: 843 48 60 FF 70 CC 18 0 
ID: 153, Data: 80 0 0 FF 0 FF 0 0 
ID: 329, Data: 8B B0 80 8 11 38 C 26 
ID: 316, Data: 845 38 82 19 38 1F 22 7C 
ID: 316, Data: 845 38 93 19 38 1F 22 7C 
ID: 43F, Data: 843 48 60 FF 70 1C 19 0 
ID: 18F, Data: 8AA 3E 0 0 0 0 0 0 
ID: 316, Data: 845 39 8A 19 38 1F 22 7C 
ID: 153, Data: 80 0 0 FF 0 FF 0 0 
ID: 153, Data: 80 0 0 FF 0 FF 0 0 
ID: 316, Data: 845 38 A4 19 38 1F 23 7C 
ID: 153, Data: 80 0 0 FF 0 FF 0 0 
ID: A0, Data: 843 7C 8A 19 23 2F 2 0 
ID: 316, Data: 845 37 CE 19 38 1F 23 7C 
ID: 329, Data: 884 B0 80 8 11 37 C 26 
ID: 316, Data: 845 37 E8 19 38 1F 23 7C 
ID: 2A0, Data: 8A1 9 6B 18 31 0 10 0 
ID: 316, Data: 845 37 24 1A 38 1F 23 7C 
ID: 316, Data: 845 37 36 1A 38 1F 23 7C 
ID: 43F, Data: 843 48 60 FF 70 E0 19 0 
ID: 280, Data: 830 0 88 B0 34 21 6B 5F 
ID: 153, Data: 80 0 0 FF 0 FF 0 0 
ID: 316, Data: 845 36 6B 1A 37 1F 23 7C 
ID: 316, Data: 845 36 7D 1A 37 1F 24 7C 
ID: 5F0, Data: 20 0 
ID: 316, Data: 845 37 8F 1A 37 1F 24 7C 
ID: 316, Data: 845 36 A1 1A 37 1F 24 7C 
ID: 43F, Data: 843 48 60 FF 70 2C 1A 0 
ID: 280, Data: 830 0 88 B0 35 21 6B 60 
ID: 153, Data: 80 0 0 FF 0 FF 0 0 
ID: 316, Data: 845 37 BC 1A 37 1F 24 7C 
ID: 316, Data: 845 36 CF 1A 37 1F 24 7C 
ID: 43F, Data: 843 48 60 FF 70 74 1A 0 
ID: 316, Data: 845 37 D8 1A 36 1F 24 7C 
ID: 153, Data: 80 0 0 FF 0 FF 0 0 
ID: 316, Data: 845 36 FD 1A 36 1F 24 7C 
ID: 316, Data: 845 36 6 1B 35 1F 24 7C 
ID: 43F, Data: 843 48 60 FF 70 AC 1A 0 
ID: 316, Data: 845 35 10 1B 31 1F 25 7C 
ID: 153, Data: 80 0 0 FF 0 FF 0 0 
ID: 153, Data: 80 0 0 FF 0 FF 0 0 
ID: 316, Data: 845 36 35 1B 1A 1F 25 7C 
ID: 153, Data: 80 0 0 FF 0 FF 0 0 
ID: 280, Data: 830 0 88 B0 36 20 6B 59 
ID: 316, Data: 845 34 48 1B 1A 20 25 7C 
ID: A1, Data: 87B 7F 80 80 2B 0 0 0 
ID: 43F, Data: 843 48 60 FF 70 10 1B 0 
ID: 316, Data: 845 2C 2C 1B 1C 21 25 7C 
ID: 316, Data: 845 28 F4 1A 1C 22 25 7C 
ID: 329, Data: 8ED B0 80 8 11 30 0 26 
ID: 43F, Data: 843 48 60 FF 70 10 1B 0 
ID: 316, Data: 845 21 3F 1B 1D 22 25 7C 
ID: 153, Data: 80 0 0 FF 0 FF 0 0 
ID: 316, Data: 845 1D EA 1A 1D 22 25 7C 
ID: 316, Data: 845 1C CF 1A 1D 22 25 7C 
ID: 43F, Data: 843 48 60 FF 70 B4 1A 0 
ID: 316, Data: 845 19 2D 1A 1D 22 25 7C 
ID: 153, Data: 80 0 0 FF 0 FF 0 0 
ID: 329, Data: 8ED B0 80 8 11 32 0 26 
ID: 316, Data: 845 1A B0 18 1E 22 25 7C 
ID: 260, Data: 8B 1B 1F 30 0 FF 6E 31 
ID: 153, Data: 80 0 0 FF 0 FF 0 0 
ID: 329, Data: 840 B0 80 8 11 32 0 26 
ID: 1F0, Data: 8F9 3F F9 BF 0 0 0 0 
ID: 2A0, Data: 880 7 6B 18 31 0 10 0 
ID: 2A0, Data: 820 7 6B 18 31 0 10 0 
ID: 153, Data: 80 0 0 FF 0 FF 0 0 
ID: 316, Data: 845 1F 5D 17 1F 22 25 7C 
ID: 43F, Data: 843 48 60 FF 70 B4 1A 0 
ID: 316, Data: 845 27 54 18 1F 22 25 7C 
ID: 153, Data: 80 0 0 FF 0 FF 0 0 
ID: 280, Data: 830 0 88 B0 34 16 6B 3D 
ID: 316, Data: 845 22 D8 1A 1E 22 25 7C 
ID: 43F, Data: 843 48 60 FF 70 D8 1A 0 
ID: 316, Data: 845 21 D8 1A 1E 22 25 7C 
ID: 153, Data: 80 0 0 FF 0 FF 0 0 
ID: 43F, Data: 843 48 60 FF 70 80 1A 0 
ID: 316, Data: 845 20 3F 1A 27 22 25 7C 
ID: A0, Data: 824 7C 8F 1A 25 29 2 0 
ID: 153, Data: 80 0 0 FF 0 FF 0 0 
ID: 316, Data: 845 21 6B 1A 29 22 25 7C 
ID: 153, Data: 80 0 0 FF 0 FF 0 0 
ID: 5F0, Data: 20 0 
ID: 260, Data: 8B 24 1D 30 0 FF C5 F 
ID: 545, Data: 8E4 42 0 8C 2B 0 2B 0 
ID: 153, Data: 80 0 0 FF 0 FF 0 0 
ID: 43F, Data: 843 48 60 FF 70 B8 1A 0 
ID: A1, Data: 87B 7B 7D 7C 1D 0 0 0 
ID: 153, Data: 80 0 0 FF 0 FF 0 0 
ID: 316, Data: 845 24 CF 1A 1D 22 25 7C 
ID: 153, Data: 80 0 0 FF 0 FF 0 0 
ID: 2A0, Data: 8E0 5 6B 18 31 0 10 0 
ID: 316, Data: 845 20 98 1A 1D 22 25 7C 
ID: 260, Data: 8B 1F 1D 30 0 FF A3 18 
ID: 43F, Data: 843 48 60 FF 70 54 1A 0 
ID: 280, Data: 830 0 84 B0 34 14 6B 35 
ID: 153, Data: 80 0 0 FF 0 FF 0 0 
ID: 316, Data: 845 1B 7A 19 1E 22 25 7C 
ID: 153, Data: 80 0 0 FF 0 FF 0 0 
ID: 43F, Data: 843 48 60 FF 70 74 1A 0 
ID: 260, Data: 8B 19 1E 30 0 FF 70 22 
ID: 5F0, Data: 20 0 
ID: 316, Data: 845 1B 27 18 1E 22 24 7C 
ID: 316, Data: 845 1B D6 17 1F 22 24 7C 
ID: 316, Data: 845 1C C7 17 1F 22 24 7C 
ID: 280, Data: 830 0 84 B0 2F 16 6B 3B 
ID: 316, Data: 845 1D 6B 17 1F 22 24 7C 
ID: 2A0, Data: 840 4 6B 18 31 0 10 0 
ID: 153, Data: 80 0 0 FF 0 FF 0 0 
ID: 43F, Data: 843 48 60 FF 70 C 1A 0 
ID: 316, Data: 845 1F 72 17 1F 22 24 7C 
ID: 316, Data: 845 1F C0 17 1E 22 24 7C 
ID: 316, Data: 845 1F B2 17 1E 22 24 7C 
ID: 18F, Data: 8AA 41 0 0 0 0 0 0 
ID: 43F, Data: 843 48 60 FF 70 E8 19 0 
ID: 43F, Data: 843 48 60 FF 70 C8 19 0 
ID: 316, Data: 845 1F 95 17 1E 22 24 7C 
ID: 316, Data: 84D 1F 6B 17 1F 22 24 7C 
ID: 316, Data: 84D 1F 56 17 1F 22 24 7C 
ID: 43F, Data: 843 48 60 FF 70 A0 19 0 
ID: 153, Data: 80 0 0 FF 0 FF 0 0 
ID: 316, Data: 84D 19 FD 16 1F 22 23 7C 
ID: 316, Data: 84D 1A 9F 16 1F 22 23 7C 
ID: 545, Data: 8E4 34 0 8C 70 FF 70 FF 
ID: 153, Data: 80 0 0 FF 0 FF 0 0 
ID: 260, Data: 80 15 20 30 0 FF 4E 32 
ID: 316, Data: 84D 15 93 15 20 22 23 7C 
ID: 18F, Data: 8AA 41 0 0 0 0 0 0 
ID: 316, Data: 84D 15 4C 15 17 18 23 7C 
ID: 153, Data: 80 0 0 FF 0 FF 0 0 
ID: A1, Data: 880 7F 80 7D 1E 0 0 0 
ID: 329, Data: 884 B0 80 8 11 2E 0 26 
ID: 1F1, Data: 80 31 11 21 11 18 81 11 
ID: 1F0, Data: 8F8 3F F9 BF 0 0 0 0 
ID: 316, Data: 84D 9 6D 14 18 18 23 7C 
ID: 316, Data: 84D 9 38 14 18 19 22 7C 
ID: 440, Data: 8FE 63 22 A0 FF AA AA AA 
ID: 153, Data: 80 0 0 FF 0 FF 0 0 
ID: 43F, Data: 843 48 60 FF 70 64 18 0 
ID: A1, Data: 880 7D 80 7C 1A 0 0 0 
ID: 316, Data: 85 20 3F 16 23 18 22 7C 
ID: 316, Data: 85 20 5D 17 22 19 22 7C 
ID: A0, Data: 822 7C 3F 16 22 26 2 0 
ID: 316, Data: 85 20 E8 18 21 19 22 7C 
ID: 316, Data: 85 20 0 19 21 19 22 7C 
ID: 153, Data: 80 0 0 FF 0 FF 0 0 
ID: 316, Data: 85 20 F0 18 21 19 21 7C 
ID: 153, Data: 80 0 0 FF 0 FF 0 0 
ID: 316, Data: 85 21 B0 18 21 19 21 7C 
ID: 316, Data: 85 21 99 18 21 19 21 7C 
ID: 2A0, Data: 8C1 3 6B 18 31 0 10 0 
ID: 43F, Data: 843 48 60 FF 70 28 18 0 
ID: 43F, Data: 843 48 60 FF 70 38 18 0 
ID: 18F, Data: 8AA 3F 0 0 0 0 0 0 
ID: 316, Data: 85 22 99 18 21 18 21 7C 
ID: 153, Data: 80 0 0 FF 0 FF 0 0 
ID: 316, Data: 85 22 B0 18 21 19 21 7C 
ID: 1F0, Data: 8F8 3F F9 BF 0 0 0 0 
ID: 1F1, Data: 80 DB 6 91 10 10 F1 10 
ID: 153, Data: 80 0 0 FF 0 FF 0 0 
ID: 153, Data: 80 0 0 FF 0 FF 0 0 
ID: 316, Data: 85 23 A1 18 21 18 21 7C 
ID: 545, Data: 8E4 3B 0 8D B2 0 B2 0 
ID: 316, Data: 85 23 91 18 21 18 21 7C 
ID: 316, Data: 85 23 99 18 21 18 21 7C 
ID: 43F, Data: 843 48 60 FF 70 10 18 0 
ID: 43F, Data: 843 48 60 FF 70 4 18 0 
ID: A0, Data: 827 7C 91 18 22 29 2 0 
ID: 153, Data: 80 0 0 FF 0 FF 0 0 
ID: 316, Data: 85 22 7A 18 17 18 21 7C 
ID: 153, Data: 80 0 0 FF 0 FF 0 0 
ID: 316, Data: 85 22 82 18 14 18 21 7C 
ID: 316, Data: 85 22 7A 18 14 19 21 7C 
ID: 260, Data: 8B 21 14 30 0 FF BF 20 
ID: 5F0, Data: 20 0 
ID: 329, Data: 8ED AF 80 8 11 2D 0 26 
ID: 316, Data: 85 1D 27 18 15 19 21 7C 
ID: 153, Data: 80 0 0 FF 0 FF 0 0 
ID: 316, Data: 85 1C B9 17 15 19 21 7C 
ID: 153, Data: 80 0 0 FF 0 FF 0 0 
ID: 316, Data: 85 1A 41 17 15 19 21 7C 
ID: 316, Data: 85 19 3 17 16 19 21 7C 
ID: A1, Data: 883 7F 80 7D 17 0 0 0 
ID: 5F0, Data: 20 0 
ID: 153, Data: 80 0 0 FF 0 FF 0 0 
ID: 370, Data: 8FF DB F0 FF FF FF FF FF 
ID: 5F0, Data: 20 0 
ID: 316, Data: 85 1B 7B 15 1B 19 21 7C 
ID: 316, Data: 85 1B 87 15 1D 19 21 7C 
ID: 43F, Data: 843 48 60 FF 70 80 17 0 
ID: 43F, Data: 843 48 60 FF 70 7C 17 0 
ID: 260, Data: 8B 1B 1F 30 0 FF AC 20 
ID: 316, Data: 85 1C 85 16 1F 19 20 7C 
ID: 329, Data: 8ED AF 80 8 11 2E 3 26 
ID: 43F, Data: 843 48 60 FF 70 58 17 0 
ID: 440, Data: 8FE B3 20 A0 FF AA AA AA 
ID: 153, Data: 80 0 0 FF 0 FF 0 0 
ID: 316, Data: 85 1C 2C 17 1F 19 20 7C 
ID: 316, Data: 85 1D 3A 17 21 19 20 7C 
ID: 545, Data: 8E4 2C 0 8C 49 0 49 0 
ID: 43F, Data: 843 48 60 FF 70 18 17 0 
ID: 43F, Data: 843 48 60 FF 70 14 17 0 
ID: 18F, Data: 8AA 3A 0 0 0 0 0 0 
ID: 316, Data: 85 1F 3A 17 29 19 20 7C 
ID: 153, Data: 80 0 0 FF 0 FF 0 0 
ID: 316, Data: 85 22 3A 17 2C 18 20 7C 
ID: 316, Data: 85 24 48 17 2E 18 20 7C 
ID: 260, Data: 8B 25 2F 30 0 FF BD 31 
ID: 5F0, Data: 20 0 
ID: 43F, Data: 843 48 60 FF 70 0 17 0 
ID: 316, Data: 85 28 C7 17 2E 18 20 7C 
ID: A0, Data: 832 7C 9C 17 20 2B 2 0 
ID: 5F0, Data: 20 0 
ID: 316, Data: 85 29 20 18 2E 18 20 7C 
ID: 370, Data: 8FF DB F0 FF FF FF FF FF 
ID: A1, Data: 880 7B 7B 7C 21 0 0 0 
ID: 153, Data: 80 0 0 FF 0 FF 0 0 
ID: 316, Data: 85 2B 20 18 2E 17 20 7C 
ID: 153, Data: 80 0 0 FF 0 FF 0 0 
ID: 153, Data: 80 0 0 FF 0 FF 0 0 
ID: 316, Data: 85 2C 2F 18 2E 17 20 7C 
ID: 153, Data: 80 0 0 FF 0 FF 0 0 
ID: 18F, Data: 8AA 39 0 0 0 0 0 0 
ID: 316, Data: 85 2D 45 18 2D 17 20 7C 
ID: 43F, Data: 843 48 60 FF 70 8 17 0 
ID: 260, Data: 8B 2D 2E 30 0 FF C6 3 
ID: 153, Data: 80 0 0 FF 0 FF 0 0 
ID: 316, Data: 85 2D 6B 18 1C 17 20 7C 
ID: 153, Data: 80 0 0 FF 0 FF 0 0 
ID: 316, Data: 85 2C 73 18 19 17 20 7C 
ID: 43F, Data: 843 48 60 FF 70 20 17 0 
ID: 260, Data: 8B 29 19 30 0 FF C6 3A 
ID: 316, Data: 85 26 4D 18 19 17 20 7C 
ID: 329, Data: 884 AF 80 8 11 2F 2 26 
ID: 440, Data: 8FE B3 20 A0 FF AA AA AA 
ID: 316, Data: 85 23 C0 17 1A 18 20 7C 
ID: 153, Data: 80 0 0 FF 0 FF 0 0 
ID: 316, Data: 85 21 79 17 1B 18 20 7C 
ID: 153, Data: 80 0 0 FF 0 FF 0 0 
ID: 1F0, Data: 8F6 3F F9 BF 0 0 0 0 
ID: 316, Data: 85 1F 41 17 1B 19 20 7C 
ID: 316, Data: 85 1F 2C 17 1B 19 20 7C 
ID: 5F0, Data: 20 0 
ID: 316, Data: 85 1E 11 17 1B 19 20 7C 
ID: 316, Data: 85 1E 1F 17 1B 19 20 7C 
ID: 153, Data: 80 0 0 FF 0 FF 0 0 
ID: 43F, Data: 843 48 60 FF 70 EC 16 0 
ID: 316, Data: 85 1D E8 16 1C 19 20 7C 
ID: 316, Data: 85 1D D4 16 1C 19 20 7C 
ID: 316, Data: 85 1D AC 16 1C 19 20 7C 
ID: 316, Data: 85 1D AC 16 1C 19 20 7C 
ID: 43F, Data: 843 48 60 FF 70 E0 16 0 
ID: 43F, Data: 843 48 60 FF 70 DC 16 0 
ID: 18F, Data: 8AA 37 0 0 0 0 0 0 
ID: 316, Data: 85 1C C0 16 1C 19 1F 7C 
ID: 316, Data: 85 1C A6 16 1C 19 1F 7C 
ID: 316, Data: 85 1C BA 16 1C 19 1F 7C 
ID: 43F, Data: 843 48 60 FF 70 C4 16 0 
ID: 43F, Data: 843 48 60 FF 6F AC 16 0 
ID: A1, Data: 87C 7B 79 7C 17 0 0 0 
ID: 316, Data: 85 1C 8C 16 1C 19 1F 7C 
ID: 316, Data: 85 1C 8C 16 1C 19 1F 7C 
ID: 43F, Data: 843 48 60 FF 6F 9C 16 0 
ID: 43F, Data: 843 48 60 FF 70 88 16 0 
ID: A1, Data: 879 7B 76 7C 17 0 0 0 
ID: 316, Data: 85 1C 5F 16 1C 19 1F 7C 
ID: 316, Data: 85 1C 5F 16 1C 19 1F 7C 
ID: 18F, Data: 8AA 37 0 0 0 0 0 0 
ID: 370, Data: 8FF DE F0 FF FF FF FF FF 
ID: 153, Data: 80 0 0 FF 0 FF 0 0 
ID: 280, Data: 830 0 88 AF 2B 11 6B 31 
ID: 316, Data: 85 1C C 16 1D 19 1F 7C 
ID: 43F, Data: 843 48 60 FF 70 4C 16 0 
ID: 316, Data: 85 1C 3F 16 1C 19 1F 7C 
ID: 545, Data: 8E4 2B 0 8C 3F 0 3F 0 
ID: 43F, Data: 843 48 60 FF 70 28 16 0 
ID: 43F, Data: 843 48 60 FF 70 24 16 0 
ID: 545, Data: 8E4 2B 0 8C 3F 0 3F 0 
ID: 316, Data: 85 1D 6 16 1D 19 1E 7C 
ID: 316, Data: 85 1D FA 15 1D 19 1E 7C 
ID: 260, Data: 8B 1D 1D 30 0 FF BA 21 
ID: 43F, Data: 843 48 60 FF 70 EC 15 0 
ID: 370, Data: 8FF DE F0 FF FF FF FF FF 
ID: 316, Data: 85 1D FA 15 1D 19 1E 7C 
ID: 329, Data: 884 AF 80 8 11 2E 2 26 
ID: 43F, Data: 843 48 60 FF 70 DC 15 0 
ID: 316, Data: 85 1D DB 15 1D 19 1E 7C 
ID: 153, Data: 80 0 0 FF 0 FF 0 0 
ID: 153, Data: 80 0 0 FF 0 FF 0 0 
ID: 316, Data: 85 1D E1 15 1D 19 1E 7C 
ID: 43F, Data: 843 48 60 FF 70 CC 15 0 
ID: 316, Data: 85 1D CF 15 1D 19 1E 7C 
ID: A0, Data: 822 7C CF 15 1E 26 2 0 
ID: 43F, Data: 843 48 60 FF 70 A8 15 0 
ID: 43F, Data: 843 48 60 FF 6F AC 15 0 
ID: 18F, Data: 8AA 36 0 0 0 0 0 0 
ID: 316, Data: 85 1D 81 15 1E 19 1E 7C 
ID: 316, Data: 85 1D 87 15 1E 19 1E 7C 
ID: 329, Data: 840 AF 80 8 11 2E 3 26 
ID: 43F, Data: 843 48 60 FF 70 84 15 0 
ID: 43F, Data: 843 48 60 FF 70 84 15 0 
ID: 545, Data: 8E4 29 0 8C 52 0 52 0 
ID: 316, Data: 85 1E 58 15 24 19 1E 7C 
ID: 316, Data: 85 1F 5E 15 24 19 1E 7C 
ID: 43F, Data: 843 48 60 FF 70 70 15 0 
ID: 370, Data: 8FF E0 F0 FF FF FF FF FF 
ID: A1, Data: 880 7B 7A 7C 1A 0 0 0 
ID: 5F0, Data: 20 0 
ID: 316, Data: 85 21 BD 15 24 19 1D 7C 
ID: 316, Data: 85 21 C9 15 24 19 1D 7C 
ID: 440, Data: 8FE C3 1D A0 FF AA AA AA 
ID: 153, Data: 80 0 0 FF 0 FF 0 0 
ID: 43F, Data: 843 48 60 FF 70 44 15 0 
ID: 18F, Data: 8AA 36 0 0 0 0 0 0 
ID: 43F, Data: 843 48 60 FF 70 44 15 0 
ID: 153, Data: 80 0 0 FF 0 FF 0 0 
ID: 153, Data: 80 0 0 FF 0 FF 0 0 
ID: 316, Data: 85 27 DB 15 2E 18 1D 7C 
ID: 153, Data: 80 0 0 FF 0 FF 0 0 
ID: 316, Data: 85 28 1F 16 2E 18 1D 7C 
ID: 316, Data: 85 28 45 16 31 18 1D 7C 
ID: 260, Data: 8B 29 33 30 0 FF BE 19 
ID: 43F, Data: 843 48 60 FF 70 44 15 0 
ID: 43F, Data: 843 48 60 FF 70 44 15 0 
ID: 316, Data: 85 2C 8C 16 33 17 1D 7C 
ID: 316, Data: 85 2C 99 16 33 17 1D 7C 
ID: 43F, Data: 843 48 60 FF 70 4C 15 0 
ID: 440, Data: 8FE 63 1D A0 FF AA AA AA 
ID: 153, Data: 80 0 0 FF 0 FF 0 0 
ID: 153, Data: 80 0 0 FF 0 FF 0 0 
ID: 316, Data: 85 2F E2 16 33 17 1D 7C 
ID: 153, Data: 80 0 0 FF 0 FF 0 0 
ID: 316, Data: 85 2F FD 16 32 17 1D 7C 
ID: 1F0, Data: 8F8 3F F9 BF 0 0 0 0 
ID: 280, Data: 830 0 88 AF 2E 1E 6B 51 
ID: A0, Data: 839 7C FD 16 1E 2C 2 0 
ID: 153, Data: 80 0 0 FF 0 FF 0 0 
ID: 316, Data: 85 30 18 17 32 17 1D 7C 
ID: 316, Data: 85 31 2C 17 32 17 1D 7C 
ID: 545, Data: 8E4 52 0 8C D3 1 D3 1 
ID: 43F, Data: 843 48 60 FF 70 90 15 0 
ID: 370, Data: 8FF E0 F0 FF FF FF FF FF 
ID: 18F, Data: 8AA 35 0 0 0 0 0 0 
ID: 316, Data: 85 31 48 17 24 16 1E 7C 
ID: 153, Data: 80 0 0 FF 0 FF 0 0 
ID: 280, Data: 830 0 88 AF 2E 1E 6B 55 
ID: 316, Data: 85 31 56 17 24 16 1E 7C 
ID: 43F, Data: 843 48 60 FF 70 B0 15 0 
ID: 43F, Data: 843 48 60 FF 70 B8 15 0 
ID: 260, Data: 8B 2D 26 30 0 FF C5 1B 
ID: 316, Data: 85 2B 25 17 27 17 1E 7C 
ID: 316, Data: 85 2B 11 17 27 17 1E 7C 
ID: 43F, Data: 843 48 60 FF 70 C0 15 0 
ID: 316, Data: 85 2A E8 16 28 17 1E 7C 
ID: 153, Data: 80 0 0 FF 0 FF 0 0 
ID: 316, Data: 85 29 E2 16 28 17 1E 7C 
ID: 316, Data: 85 28 E2 16 29 17 1E 7C 
ID: 329, Data: 840 AF 80 8 11 31 8 26 
ID: 43F, Data: 843 48 60 FF 70 D0 15 0 
ID: 316, Data: 85 28 CE 16 29 18 1E 7C 
ID: 153, Data: 80 0 0 FF 0 FF 0 0 
ID: 316, Data: 85 27 C7 16 2A 18 1E 7C 
ID: 153, Data: 80 0 0 FF 0 FF 0 0 
ID: 329, Data: 8B AF 80 8 11 32 8 26 
ID: 316, Data: 85 28 BA 16 2B 18 1E 7C 
ID: 1F0, Data: 8F8 3F F9 BF 0 0 0 0 
ID: 43F, Data: 843 48 60 FF 70 E0 15 0 
ID: 5F0, Data: 20 0 
ID: 316, Data: 85 29 CE 16 2B 18 1E 7C 
ID: 316, Data: 85 29 DB 16 2C 18 1E 7C 
ID: 316, Data: 85 29 D4 16 2D 18 1E 7C 
ID: 5F0, Data: 20 0 
ID: 43F, Data: 843 48 60 FF 6F E8 15 0 
ID: A1, Data: 880 7B 7D 7C 21 0 0 0 
ID: 153, Data: 80 0 0 FF 0 FF 0 0 
ID: 316, Data: 85 2B A 17 2F 17 1E 7C 
ID: 153, Data: 80 0 0 FF 0 FF 0 0 
ID: 316, Data: 85 2B 1F 17 2F 17 1E 7C 
ID: 316, Data: 85 2C 2C 17 2F 17 1E 7C 
ID: 2A0, Data: 861 7 6B 18 31 0 10 0 
ID: 5F0, Data: 20 0 
ID: 316, Data: 85 2C 4F 17 2E 17 1E 7C 
ID: 370, Data: 8FF E1 F0 FF FF FF FF FF 
ID: 260, Data: 8B 2D 2F 30 0 FF C3 23 
ID: 5F0, Data: 20 0 
ID: 316, Data: 85 2D 56 17 2E 17 1E 7C 
ID: 316, Data: 85 2D 5D 17 2E 17 1E 7C 
ID: 153, Data: 80 0 0 FF 0 FF 0 0 
ID: 1F0, Data: 8F9 3F F9 BF 0 0 0 0 
ID: 316, Data: 85 2D 79 17 2F 17 1E 7C 
ID: 316, Data: 85 2E 87 17 2F 17 1E 7C 
ID: 2A0, Data: 8C1 7 6B 18 31 0 10 0 
ID: 43F, Data: 843 48 60 FF 70 24 16 0 
ID: 153, Data: 80 0 0 FF 0 FF 0 0 
ID: 43F, Data: 843 48 60 FF 70 18 16 0 
ID: 260, Data: 8B 2F 3A 30 0 FF C5 32 
ID: 153, Data: 80 0 0 FF 0 FF 0 0 
ID: 316, Data: 85 32 AB 17 3B 16 1E 7C 
ID: 153, Data: 80 0 0 FF 0 FF 0 0 
ID: 260, Data: 8B 33 3B 30 0 FF C7 D 
ID: 316, Data: 85 34 FB 17 3A 16 1E 7C 
ID: 1F1, Data: 80 86 F2 30 F F8 A0 F 
ID: 316, Data: 85 35 2F 18 3A 16 1F 7C 
ID: 153, Data: 80 0 0 FF 0 FF 0 0 
ID: 153, Data: 80 0 0 FF 0 FF 0 0 
ID: 280, Data: 830 0 88 AF 30 22 6B 60 
ID: 316, Data: 85 39 6B 18 3C 15 1F 7C 
ID: 153, Data: 80 0 0 FF 0 FF 0 0 
ID: 153, Data: 80 0 0 FF 0 FF 0 0 
ID: 5F0, Data: 20 0 
ID: A1, Data: 880 7F 7E 80 30 0 0 0 
ID: 153, Data: 80 0 0 FF 0 FF 0 0 
ID: 5F0, Data: 20 0 
ID: 2A0, Data: 8A1 9 6B 18 31 0 10 0 
ID: 329, Data: 8ED AF 80 8 11 38 14 26 
ID: A1, Data: 880 7F 7E 80 31 0 0 0 
ID: 1F0, Data: 8FA 3F F9 BF 0 0 0 0 
ID: 316, Data: 85 3F 72 17 3E 15 1F 7C 
ID: 316, Data: 85 40 72 17 3D 14 1F 7C 
ID: 43F, Data: 843 48 60 FF 6F C8 16 0 
ID: 316, Data: 85 40 9C 17 3D 14 1F 7C 
ID: A0, Data: 84A 7C 79 17 20 2F 2 0 
ID: 153, Data: 80 0 0 FF 0 FF 0 0 
ID: 316, Data: 85 40 B2 17 3D 14 1F 7C 
ID: 153, Data: 80 0 0 FF 0 FF 0 0 
ID: 545, Data: 8E4 6B 0 8C 11 3 11 3 
ID: 316, Data: 85 41 B9 17 3D 14 20 7C 
ID: 280, Data: 830 0 88 AF 2F 27 6B 6F 
ID: 43F, Data: 843 48 60 FF 70 18 17 0 
ID: 316, Data: 85 3F D6 17 34 14 20 7C 
ID: 316, Data: 85 3F F3 17 33 15 20 7C 
ID: 316, Data: 85 3C FB 17 2E 15 20 7C 
ID: 43F, Data: 843 48 60 FF 6F 38 17 0 
ID: 316, Data: 85 3B 11 18 2E 15 20 7C 
ID: 153, Data: 80 0 0 FF 0 FF 0 0 
ID: 153, Data: 80 0 0 FF 0 FF 0 0 
ID: 316, Data: 85 37 18 18 2D 15 20 7C 
ID: A1, Data: 87B 7F 79 80 2E 0 0 0 
ID: 316, Data: 85 34 20 18 2D 15 20 7C 
ID: 316, Data: 85 34 18 18 2D 15 20 7C 
ID: A0, Data: 836 7C 11 18 21 2C 2 0 
ID: 43F, Data: 843 48 60 FF 70 70 17 0 
ID: 370, Data: 8FF E3 F0 FF FF FF FF FF 
ID: A0, Data: 836 7C 18 18 21 2C 2 0 
ID: 316, Data: 85 30 2F 18 32 16 20 7C 
ID: A0, Data: 836 7C 18 18 21 2C 2 0 
ID: 43F, Data: 843 48 60 FF 70 8C 17 0 
ID: 440, Data: 8FE C3 20 A0 FF AA AA AA 
ID: A0, Data: 836 7C 45 18 21 2C 2 0 
ID: 316, Data: 85 2F 3E 18 33 17 20 7C 
ID: 545, Data: 8E4 4A 0 8C AF 1 AF 1 
ID: 43F, Data: 843 48 60 FF 70 98 17 0 
ID: 440, Data: 8FE 13 20 A0 FF AA AA AA 
ID: A0, Data: 83A 7C 45 18 21 2D 2 0 
ID: 316, Data: 85 30 54 18 33 17 21 7C 
ID: 316, Data: 85 2F 5C 18 33 17 21 7C 
ID: 43F, Data: 843 48 60 FF 70 A0 17 0 
ID: 316, Data: 85 31 5C 18 33 16 21 7C 
ID: 153, Data: 80 0 0 FF 0 FF 0 0 
ID: 316, Data: 85 30 4D 18 2F 16 21 7C 
ID: 316, Data: 85 30 4D 18 30 16 21 7C 
ID: 280, Data: 830 0 88 AF 30 1F 6B 57 
ID: 440, Data: 8FE B3 20 A0 FF AA AA AA 
ID: 316, Data: 85 31 5C 18 39 20 21 7C 
ID: 153, Data: 80 0 0 FF 0 FF 0 0 
ID: 329, Data: 8B AF 80 8 11 36 B 26 
ID: 1F1, Data: 80 20 4 51 10 B C1 10 
ID: 316, Data: 85 33 E8 18 39 20 21 7C 
ID: A0, Data: 83F 7C E0 18 21 2E 2 0 
ID: 153, Data: 80 0 0 FF 0 FF 0 0 
ID: 316, Data: 85 36 8A 18 38 1F 21 7C 
ID: 153, Data: 80 0 0 FF 0 FF 0 0 
ID: 329, Data: 8ED AF 80 8 11 37 B 26 
ID: 316, Data: 845 38 4D 18 35 1F 21 7C 
ID: 18F, Data: 8AA 33 0 0 0 0 0 0 
ID: 316, Data: 845 39 E5 17 2B 1F 21 7C 
ID: 153, Data: 80 0 0 FF 0 FF 0 0 
ID: 18F, Data: 8AA 33 0 0 0 0 0 0 
ID: 316, Data: 845 37 2F 18 1D 1F 21 7C 
ID: 43F, Data: 843 48 60 FF 6F CC 17 0 
ID: 1F0, Data: 8FB 3F F9 BF 0 0 0 0 
ID: 316, Data: 845 36 6B 18 1B 20 21 7C 
ID: 316, Data: 845 32 99 18 1C 20 21 7C 
ID: 153, Data: 80 0 0 FF 0 FF 0 0 
ID: 280, Data: 830 0 84 AF 30 1A 6B 47 
ID: 316, Data: 845 28 F3 17 1D 21 21 7C 
ID: 153, Data: 80 0 0 FF 0 FF 0 0 
ID: 153, Data: 80 0 0 FF 0 FF 0 0 
ID: 316, Data: 845 21 CF 17 1E 22 21 7C 
ID: 153, Data: 80 0 0 FF 0 FF 0 0 
ID: 545, Data: 8E4 2E 0 8D B9 FF B9 FF 
ID: 316, Data: 845 1D 5D 17 1F 22 21 7C 
ID: 43F, Data: 843 48 60 FF 70 18 17 0 
ID: 316, Data: 845 1B 7F 16 1F 22 21 7C 
ID: 153, Data: 80 0 0 FF 0 FF 0 0 
ID: 316, Data: 845 1B AB 15 20 22 20 7C 
ID: 316, Data: 845 1C 5E 15 21 22 20 7C 
ID: 43F, Data: 843 48 60 FF 70 34 17 0 
ID: 440, Data: 8FE B3 20 A0 FF AA AA AA 
ID: 153, Data: 80 0 0 FF 0 FF 0 0 
ID: 316, Data: 845 20 E6 13 22 22 20 7C 
ID: 316, Data: 845 21 AA 13 22 22 20 7C 
ID: 43F, Data: 843 48 60 FF 70 D4 16 0 
ID: 316, Data: 845 29 3E 14 2E 21 20 7C 
ID: 153, Data: 80 0 0 FF 0 FF 0 0 
ID: 329, Data: 8ED AF 80 8 11 31 5 26 
ID: 316, Data: 845 28 AC 16 2C 21 1F 7C 
ID: 18F, Data: 8AA 39 0 0 0 0 0 0 
ID: 440, Data: 8FE 13 1F A0 FF AA AA AA 
ID: 43F, Data: 843 48 60 FF 70 C 17 0 
ID: 2A0, Data: 8A1 8 6B 18 31 0 10 0 
ID: 316, Data: 845 28 25 17 2C 21 1F 7C 
ID: 316, Data: 845 29 18 17 2C 21 1F 7C 
ID: A1, Data: 875 7B 75 7C 20 0 0 0 
ID: 316, Data: 845 2A FD 16 2C 21 1F 7C 
ID: 316, Data: 845 2A A 17 2C 21 1F 7C 
ID: 153, Data: 80 0 0 FF 0 FF 0 0 
ID: 316, Data: 845 2B A 17 2C 21 1F 7C 
ID: 153, Data: 80 0 0 FF 0 FF 0 0 
ID: 260, Data: 8B 2C 2C 30 0 FF C2 19 
ID: 316, Data: 845 2B 3 17 2C 21 1F 7C 
ID: A0, Data: 834 7C 3 17 1F 2B 2 0 
ID: 43F, Data: 843 48 60 FF 70 1C 16 0 
ID: 153, Data: 80 0 0 FF 0 FF 0 0 
ID: 153, Data: 80 0 0 FF 0 FF 0 0 
ID: 545, Data: 8E4 43 0 8C C9 0 C9 0 
ID: 316, Data: 845 2C EF 16 2C 21 1E 7C 
ID: 280, Data: 830 0 88 AF 2D 1B 6B 4A 
ID: 370, Data: 8FF E3 F0 FF FF FF FF FF 
ID: 2A0, Data: 8A1 7 6B 18 31 0 10 0 
ID: 316, Data: 845 2D C7 16 2D 21 1E 7C 
ID: 153, Data: 80 0 0 FF 0 FF 0 0 
ID: 316, Data: 845 2C C0 16 2E 21 1E 7C 
ID: 43F, Data: 843 48 60 FF 70 CC 15 0 
ID: 316, Data: 845 2E B3 16 30 21 1E 7C 
ID: A1, Data: 87A 7B 7A 7C 24 0 0 0 
ID: 316, Data: 845 2C BA 16 31 20 1E 7C 
ID: 316, Data: 845 2D B3 16 32 20 1E 7C 
ID: 153, Data: 80 0 0 FF 0 FF 0 0 
ID: 18F, Data: 8AA 3C 0 0 0 0 0 0 
ID: 316, Data: 845 2E 99 16 33 20 1E 7C 
ID: 43F, Data: 843 48 60 FF 70 90 15 0 
ID: 316, Data: 845 30 99 16 32 20 1E 7C 
ID: 5F0, Data: 20 0 
ID: 43F, Data: 843 48 60 FF 70 84 15 0 
ID: A1, Data: 87A 7B 7A 7C 25 0 0 0 
ID: 153, Data: 80 0 0 FF 0 FF 0 0 
ID: 316, Data: 845 33 B3 16 38 20 1E 7C 
ID: 153, Data: 80 0 0 FF 0 FF 0 0 
ID: 18F, Data: 8AA 3D 0 0 0 0 0 0 
ID: 316, Data: 845 34 E2 16 3C 20 1D 7C 
ID: 153, Data: 80 0 0 FF 0 FF 0 0 
ID: 1F0, Data: 8FA 3F F9 BF 0 0 0 0 
ID: 260, Data: 8B 37 3D 30 0 FF C7 16 
ID: 153, Data: 80 0 0 FF 0 FF 0 0 
ID: 153, Data: 80 0 0 FF 0 FF 0 0 
ID: 440, Data: 8FE C3 1D A0 FF AA AA AA 
ID: 260, Data: 8B 3B 3D 30 0 FF C8 11 
ID: 153, Data: 80 0 0 FF 0 FF 0 0 
ID: 545, Data: 8E4 62 0 8C F6 1 F6 1 
ID: 440, Data: 8FE C3 1D A0 FF AA AA AA 
ID: 153, Data: 80 0 0 FF 0 FF 0 0 
ID: 5F0, Data: 20 0 
ID: 153, Data: 80 0 0 FF 0 FF 0 0 
ID: 153, Data: 80 0 0 FF 0 FF 0 0 
ID: 260, Data: 8B 3D 3C 30 0 FF C9 0 
ID: 43F, Data: 843 48 60 FF 70 60 15 0 
ID: 440, Data: 8FE 63 1D A0 FF AA AA AA 
ID: 316, Data: 845 3E 8E 17 3B 1E 1D 7C 
ID: A0, Data: 846 7C 80 17 1E 2F 2 0 
ID: 440, Data: 8FE B3 1D A0 FF AA AA AA 
ID: 316, Data: 845 3F 8E 17 3B 1E 1D 7C 
ID: 153, Data: 80 0 0 FF 0 FF 0 0 
ID: 260, Data: 8B 3F 3C 30 0 FF CA 3A 
ID: 316, Data: 845 3F 80 17 3B 1E 1D 7C 
ID: 43F, Data: 843 48 60 FF 70 6C 15 0 
ID: 316, Data: 845 3E 95 17 3B 1E 1D 7C 
ID: 153, Data: 80 0 0 FF 0 FF 0 0 
ID: 316, Data: 845 3F 87 17 3B 1E 1D 7C 
ID: 316, Data: 845 3F 95 17 3B 1E 1D 7C 
ID: 43F, Data: 843 48 60 FF 70 78 15 0 
ID: 153, Data: 80 0 0 FF 0 FF 0 0 
ID: 153, Data: 80 0 0 FF 0 FF 0 0 
ID: 2A0, Data: 81 9 6B 18 31 0 10 0 
ID: 43F, Data: 843 48 60 FF 6F 80 15 0 
ID: 316, Data: 845 3E 80 17 3B 1E 1E 7C 
ID: 153, Data: 80 0 0 FF 0 FF 0 0 
ID: 280, Data: 830 0 88 AF 2E 26 6B 6B 
ID: 1F0, Data: 8FA 3F F9 BF 0 0 0 0 
ID: 1F0, Data: 8FA 3F F9 BF 0 0 0 0 
ID: 153, Data: 80 0 0 FF 0 FF 0 0 
ID: 153, Data: 80 0 0 FF 0 FF 0 0 
ID: 18F, Data: 8AA 3E 0 0 0 0 0 0 
ID: 316, Data: 845 3E 9F 16 3C 1E 1E 7C 
ID: 316, Data: 845 3E 8C 16 3C 1E 1E 7C 
ID: 153, Data: 80 0 0 FF 0 FF 0 0 
ID: 316, Data: 845 3D 7F 16 3C 1E 1E 7C 
ID: 316, Data: 845 3D 78 16 3C 1E 1E 7C 
ID: 5F0, Data: 20 0 
ID: 316, Data: 845 3D 92 16 36 1E 1E 7C 
ID: 153, Data: 80 0 0 FF 0 FF 0 0 
ID: 316, Data: 845 3D B3 16 35 1E 1E 7C 
ID: 153, Data: 80 0 0 FF 0 FF 0 0 
ID: 316, Data: 845 3A C0 16 34 1E 1E 7C 
ID: 316, Data: 845 3A A6 16 33 1E 1E 7C 
ID: 18F, Data: 8AA 3F 0 0 0 0 0 0 
ID: 316, Data: 845 39 78 16 2D 1F 1E 7C 
ID: 1F0, Data: 8FA 3F F9 BF 0 0 0 0 
ID: 2A0, Data: 81 9 6B 18 31 0 10 0 
ID: A0, Data: 83D 7C 72 16 1E 2C 2 0 
ID: 440, Data: 8FE 13 1E A0 FF AA AA AA 
ID: 316, Data: 845 35 6B 16 2D 1F 1E 7C 
ID: 2A0, Data: 8A1 9 6B 18 31 0 10 0 
ID: 43F, Data: 843 48 60 FF 70 A4 15 0 
ID: 370, Data: 8FF E4 F0 FF FF FF FF FF 
ID: 153, Data: 80 0 0 FF 0 FF 0 0 
ID: 153, Data: 80 0 0 FF 0 FF 0 0 
ID: 316, Data: 845 30 19 16 30 20 1E 7C 
ID: 153, Data: 80 0 0 FF 0 FF 0 0 
ID: 2A0, Data: 8C1 9 6B 18 31 0 10 0 
ID: 316, Data: 845 2F 38 16 31 20 1E 7C 
ID: 545, Data: 8E4 3E 0 8C F4 0 F4 0 
ID: 316, Data: 845 2D 8C 16 31 20 1E 7C 
ID: 316, Data: 845 2E 99 16 30 20 1E 7C 
ID: 316, Data: 845 2D AC 16 31 20 1E 7C 
ID: 280, Data: 830 0 88 AF 2D 1C 6B 4F 
ID: 153, Data: 80 0 0 FF 0 FF 0 0 
ID: 440, Data: 8FE C3 1D A0 FF AA AA AA 
ID: 316, Data: 845 2D 4B 16 35 20 1D 7C 
ID: 153, Data: 80 0 0 FF 0 FF 0 0 
ID: 545, Data: 8E4 3B 0 8C EE 0 EE 0 
ID: 316, Data: 845 2E 1F 16 35 20 1D 7C 
ID: 545, Data: 8E4 3D 0 8C 8 1 8 1 
ID: 43F, Data: 843 48 60 FF 70 30 15 0 
ID: 153, Data: 80 0 0 FF 0 FF 0 0 
ID: 280, Data: 830 0 88 AF 2C 1D 6B 53 
ID: 1F1, Data: 80 1E E8 50 E ED D0 E 
ID: 1F0, Data: 8F4 3F F9 BF 0 0 0 0 
ID: 153, Data: 80 0 0 FF 0 FF 0 0 
ID: 43F, Data: 843 48 60 FF 70 18 15 0 
ID: 153, Data: 80 0 0 FF 0 FF 0 0 
ID: 43F, Data: 843 48 60 FF 70 14 15 0 
ID: 316, Data: 845 32 65 16 3D 20 1D 7C 
ID: 280, Data: 830 0 88 AF 2C 20 6B 58 
ID: 153, Data: 80 0 0 FF 0 FF 0 0 
ID: 2A0, Data: 861 9 6B 18 31 0 10 0 
ID: 316, Data: 845 38 9F 16 46 1F 1D 7C 
ID: 2A0, Data: 8A1 9 6B 18 31 0 10 0 
ID: 316, Data: 845 3E E2 16 46 1F 1D 7C 
ID: 153, Data: 80 0 0 FF 0 FF 0 0 
ID: 316, Data: 845 40 64 17 46 1E 1D 7C 
ID: 43F, Data: 843 48 60 FF 70 14 15 0 
ID: 316, Data: 845 42 80 17 46 1E 1D 7C 
ID: A0, Data: 84E 7C 79 17 1D 30 2 0 
ID: 316, Data: 845 44 80 17 3D 14 1D 7C 
ID: 2A0, Data: 81 A 6B 18 31 0 10 0 
ID: 316, Data: 845 44 B2 17 3C 14 1D 7C 
ID: 153, Data: 80 0 0 FF 0 FF 0 0 
ID: 43F, Data: 843 48 60 FF 70 28 15 0 
ID: 260, Data: 8B 44 3D 30 0 FF C9 16 
ID: 316, Data: 845 42 79 17 3D 14 1D 7C 
ID: 316, Data: 845 42 5D 17 3D 14 1D 7C 
ID: 153, Data: 80 0 0 FF 0 FF 0 0 
ID: 545, Data: 8E4 61 0 8C 39 3 39 3 
ID: 316, Data: 85 42 F6 16 3E 14 1D 7C 
ID: 1F1, Data: 80 B8 E9 70 E EE F0 E 
ID: 316, Data: 85 42 18 17 3D 14 1D 7C 
ID: 153, Data: 80 0 0 FF 0 FF 0 0 
ID: 18F, Data: 8AA 42 0 0 0 0 0 0 
ID: 316, Data: 85 41 1F 17 3D 14 1D 7C 
ID: 316, Data: 85 41 1F 17 3D 14 1D 7C 
ID: A1, Data: 878 7F 78 80 35 0 0 0 
ID: 153, Data: 80 0 0 FF 0 FF 0 0 
ID: 43F, Data: 843 48 60 FF 6F 90 15 0 
ID: 153, Data: 80 0 0 FF 0 FF 0 0 
ID: 153, Data: 80 0 0 FF 0 FF 0 0 
ID: 316, Data: 85 40 41 17 3D 14 1E 7C 
ID: 153, Data: 80 0 0 FF 0 FF 0 0 
ID: 280, Data: 830 0 88 AF 2E 27 6B 6E 
ID: 316, Data: 85 3F 11 17 37 14 1E 7C 
ID: 5F0, Data: 20 0 
ID: 43F, Data: 843 48 60 FF 70 D4 15 0 
ID: 316, Data: 85 3E 18 17 37 14 1E 7C 
ID: 260, Data: 8B 3E 37 30 0 FF C9 4 
ID: 153, Data: 80 0 0 FF 0 FF 0 0 
ID: 316, Data: 85 3B F6 16 33 15 1E 7C 
ID: 153, Data: 80 0 0 FF 0 FF 0 0 
ID: 316, Data: 85 3A F6 16 31 15 1E 7C 
ID: 316, Data: 85 3A FD 16 31 15 1E 7C 
ID: 43F, Data: 843 48 60 FF 6F 8 16 0 
ID: 370, Data: 8FF E6 F0 FF FF FF FF FF 
ID: 545, Data: 8E4 4C 0 8D 53 2 53 2 
ID: 153, Data: 80 0 0 FF 0 FF 0 0 
ID: 316, Data: 85 36 E8 16 32 15 1E 7C 
ID: 153, Data: 80 0 0 FF 0 FF 0 0 
ID: 2A0, Data: 861 C 6B 18 31 0 10 0 
ID: 316, Data: 85 34 FD 16 32 15 1E 7C 
ID: 1F1, Data: 80 74 EF 10 F FA A0 F 
ID: 43F, Data: 843 48 60 FF 70 28 16 0 
ID: 153, Data: 80 0 0 FF 0 FF 0 0 
ID: 1F1, Data: 80 85 F3 20 F F8 90 F 
ID: 316, Data: 85 32 FD 16 32 16 1E 7C 
ID: 18F, Data: 8AA 3D 0 0 0 0 0 0 
ID: 316, Data: 85 32 11 17 32 16 1E 7C 
ID: 43F, Data: 843 48 60 FF 70 34 16 0 
ID: 316, Data: 85 31 18 17 32 16 1F 7C 
ID: 153, Data: 80 0 0 FF 0 FF 0 0 
ID: 153, Data: 80 0 0 FF 0 FF 0 0 
ID: 316, Data: 85 32 F6 16 33 16 1F 7C 
ID: 153, Data: 80 0 0 FF 0 FF 0 0 
ID: 316, Data: 85 31 D4 16 33 16 1F 7C 
ID: 370, Data: 8FF E6 F0 FF FF FF FF FF 
ID: 545, Data: 8E4 45 0 8C D4 1 D4 1 
ID: 316, Data: 85 31 E8 16 33 16 1F 7C 
ID: 316, Data: 85 31 F6 16 33 16 1F 7C 
ID: 370, Data: 8FF E5 F0 FF FF FF FF FF 
ID: 316, Data: 85 31 A 17 33 16 1F 7C 
ID: 153, Data: 80 0 0 FF 0 FF 0 0 
ID: 43F, Data: 843 48 60 FF 70 4C 16 0 
ID: 153, Data: 80 0 0 FF 0 FF 0 0 
ID: 1F0, Data: 8F7 3F F9 BF 0 0 0 0 
ID: 316, Data: 85 30 F6 16 33 16 1F 7C 
ID: 5F0, Data: 20 0 
ID: 18F, Data: 8AA 3B 0 0 0 0 0 0 
ID: A1, Data: 875 7F 73 80 29 0 0 0 
ID: 316, Data: 85 31 A 17 33 16 1F 7C 
ID: 280, Data: 830 0 88 AF 2E 1D 6B 56 
ID: 43F, Data: 843 48 60 FF 70 78 16 0 
ID: 316, Data: 85 31 3 17 35 16 1F 7C 
ID: 153, Data: 80 0 0 FF 0 FF 0 0 
ID: 316, Data: 85 30 F6 16 37 16 1F 7C 
ID: 153, Data: 80 0 0 FF 0 FF 0 0 
ID: 153, Data: 80 0 0 FF 0 FF 0 0 
ID: 316, Data: 85 32 A 17 37 16 1F 7C 
ID: 153, Data: 80 0 0 FF 0 FF 0 0 
ID: 316, Data: 85 31 1F 17 37 16 1F 7C 
ID: 370, Data: 8FF E5 F0 FF FF FF FF FF 
ID: 280, Data: 830 0 88 AF 2E 20 6B 59 
ID: 316, Data: 85 33 25 17 37 16 1F 7C 
ID: 545, Data: 8E4 50 0 8C 2 2 2 2 
ID: 316, Data: 85 33 2C 17 36 16 1F 7C 
ID: 370, Data: 8FF E5 F0 FF FF FF FF FF 
ID: 153, Data: 80 0 0 FF 0 FF 0 0 
ID: 43F, Data: 843 48 60 FF 6F A8 16 0 
ID: 153, Data: 80 0 0 FF 0 FF 0 0 
ID: 316, Data: 85 36 3A 17 36 15 1F 7C 
ID: 153, Data: 80 0 0 FF 0 FF 0 0 
ID: 329, Data: 840 AF 80 8 11 36 F 26 
ID: 316, Data: 85 36 41 17 36 15 1F 7C 
ID: 260, Data: 8B 37 36 30 0 FF C8 2B 
ID: 43F, Data: 843 48 60 FF 70 D4 16 0 
ID: 43F, Data: 843 48 60 FF 70 E0 16 0 
ID: 153, Data: 80 0 0 FF 0 FF 0 0 
ID: 5F0, Data: 20 0 
ID: 153, Data: 80 0 0 FF 0 FF 0 0 
ID: 316, Data: 85 37 6B 17 36 15 1F 7C 
ID: 5F0, Data: 20 0 
ID: 316, Data: 85 37 79 17 36 15 20 7C 
ID: 153, Data: 80 0 0 FF 0 FF 0 0 
ID: 1F0, Data: 8F7 3F F9 BF 0 0 0 0 
ID: 316, Data: 85 37 80 17 35 15 20 7C 
ID: 329, Data: 8ED AF 80 8 11 36 F 26 
ID: 316, Data: 85 36 A4 17 35 15 20 7C 
ID: 316, Data: 85 36 A4 17 35 15 20 7C 
ID: 43F, Data: 843 48 60 FF 6F 38 17 0 
ID: 316, Data: 85 36 B2 17 35 15 20 7C 
ID: A0, Data: 83E 7C B9 17 20 2D 2 0 
ID: 316, Data: 85 36 C0 17 35 15 20 7C 
ID: 316, Data: 85 36 C0 17 35 15 20 7C 
ID: 43F, Data: 843 48 60 FF 70 60 17 0 
ID: 43F, Data: 843 48 60 FF 6F 64 17 0 
ID: 260, Data: 8B 36 36 30 0 FF C9 2B 
ID: 5F0, Data: 20 0 
ID: 329, Data: 840 AF 80 8 11 36 E 26 
ID: 316, Data: 85 36 FB 17 35 15 20 7C 
ID: A0, Data: 83E 7C 2 18 21 2D 2 0 
ID: 153, Data: 80 0 0 FF 0 FF 0 0 
ID: 316, Data: 85 36 18 18 35 15 20 7C 
ID: 43F, Data: 843 48 60 FF 70 98 17 0 
ID: 280, Data: 830 0 88 AF 30 21 6B 5E 
ID: 316, Data: 85 36 20 18 35 15 20 7C 
ID: 316, Data: 85 35 27 18 35 15 20 7C 
ID: 370, Data: 8FF E4 F0 FF FF FF FF FF 
ID: 316, Data: 85 35 27 18 35 15 21 7C 
ID: 153, Data: 80 0 0 FF 0 FF 0 0 
ID: 316, Data: 85 34 36 18 35 15 21 7C 
ID: 153, Data: 80 0 0 FF 0 FF 0 0 
ID: 260, Data: 8B 35 35 30 0 FF CA 1D 
ID: 316, Data: 85 34 3E 18 35 16 21 7C 
ID: 43F, Data: 843 48 60 FF 70 DC 17 0 
ID: 316, Data: 85 34 5C 18 35 16 21 7C 
ID: A0, Data: 83D 7C 5C 18 21 2D 2 0 
ID: 153, Data: 80 0 0 FF 0 FF 0 0 
ID: 316, Data: 85 34 7A 18 35 16 21 7C 
ID: 153, Data: 80 0 0 FF 0 FF 0 0 
ID: 2A0, Data: 861 D 6B 18 31 0 10 0 
ID: 316, Data: 85 34 8A 18 35 16 21 7C 
ID: 153, Data: 80 0 0 FF 0 FF 0 0 
ID: 43F, Data: 843 48 60 FF 70 1C 18 0 
ID: 153, Data: 80 0 0 FF 0 FF 0 0 
ID: 316, Data: 85 34 99 18 2E 16 21 7C 
ID: 153, Data: 80 0 0 FF 0 FF 0 0 
ID: 280, Data: 830 0 88 AF 31 1F 6A 5C 
ID: 5F0, Data: 20 0 
ID: 43F, Data: 843 48 60 FF 6F 3C 18 0 
ID: A1, Data: 879 7F 79 80 2C 0 0 0 
ID: 153, Data: 80 0 0 FF 0 FF 0 0 
ID: 316, Data: 85 30 B0 18 23 16 21 7C 
ID: 370, Data: 8FF E3 F0 FF FF FF FF FF 
ID: 329, Data: 884 AF 80 8 11 32 6 26 
ID: 43F, Data: 843 48 60 FF 70 48 18 0 
ID: 316, Data: 85 2B 73 18 24 17 21 7C 
ID: 316, Data: 85 29 82 18 24 17 22 7C 
ID: 316, Data: 85 29 99 18 24 17 22 7C 
ID: 43F, Data: 843 48 60 FF 70 4C 18 0 
ID: 43F, Data: 843 48 60 FF 6F 44 18 0 
ID: 2A0, Data: 8E0 C 6A 18 31 0 10 0 
ID: 316, Data: 85 25 F0 18 13 18 22 7C 
ID: 316, Data: 85 23 F8 18 14 18 21 7C 
ID: 43F, Data: 843 48 60 FF 70 3C 18 0 
ID: 43F, Data: 843 48 60 FF 6F 3C 18 0 
ID: A1, Data: 874 7D 77 7D 19 0 0 0 
ID: 153, Data: 80 0 0 FF 0 FF 0 0 
ID: 316, Data: 85 1C 18 18 15 19 21 7C 
ID: 153, Data: 80 0 0 FF 0 FF 0 0 
ID: 329, Data: 884 B0 80 8 11 2D 0 26 
ID: 316, Data: 85 19 64 17 15 19 21 7C 
ID: 329, Data: 8ED B0 80 8 11 2D 0 26 
ID: 316, Data: 85 17 AC 16 16 19 21 7C 
ID: 316, Data: 85 16 6B 16 16 19 21 7C 
ID: 370, Data: 8FF E3 F0 FF FF FF FF FF 
ID: 316, Data: 85 15 C9 15 17 19 21 7C 
ID: 153, Data: 80 0 0 FF 0 FF 0 0 
ID: 43F, Data: 843 48 60 FF 70 CC 17 0 
ID: 1F0, Data: 8FB 3F F9 BF 0 0 0 0 
ID: 329, Data: 884 B0 80 8 11 2D 3 26 
ID: A0, Data: 820 7C 72 16 21 26 2 0 
ID: 153, Data: 80 0 0 FF 0 FF 0 0 
ID: 316, Data: 85 1D FD 16 26 19 21 7C 
ID: 153, Data: 80 0 0 FF 0 FF 0 0 
ID: 153, Data: 80 0 0 FF 0 FF 0 0 
ID: 43F, Data: 843 48 60 FF 70 80 17 0 
ID: 153, Data: 80 0 0 FF 0 FF 0 0 
ID: 316, Data: 85 23 B2 17 2B 18 20 7C 
ID: 316, Data: 85 25 B9 17 2B 18 20 7C 
ID: 260, Data: 8B 26 2B 30 0 FF BE 33 
ID: 316, Data: 85 26 CF 17 2A 18 20 7C 
ID: 329, Data: 8B AF 80 8 11 33 8 26 
ID: 316, Data: 85 27 2 18 2A 18 20 7C 
ID: 316, Data: 85 28 18 18 2A 18 20 7C 
ID: 1F1, Data: 80 30 FC E0 F 4 51 10 
ID: 440, Data: 8FE C3 20 A0 FF AA AA AA 
ID: 153, Data: 80 0 0 FF 0 FF 0 0 
ID: 260, Data: 8B 29 2A 30 0 FF C3 2C 
ID: 280, Data: 830 0 88 AF 30 19 6A 45 
ID: 153, Data: 80 0 0 FF 0 FF 0 0 
ID: 316, Data: 85 2A 27 18 1F 17 20 7C 
ID: 153, Data: 80 0 0 FF 0 FF 0 0 
ID: 153, Data: 80 0 0 FF 0 FF 0 0 
ID: 316, Data: 85 2A 3E 18 13 18 20 7C 
ID: 153, Data: 80 0 0 FF 0 FF 0 0 
ID: 2A0, Data: 8E0 9 6B 18 31 0 10 0 
ID: 316, Data: 85 23 18 18 14 18 20 7C 
ID: 545, Data: 8E4 34 0 8D 9C 0 9C 0 
ID: 1F0, Data: 8F8 3F F9 BF 0 0 0 0 
ID: 153, Data: 80 0 0 FF 0 FF 0 0 
ID: 316, Data: 85 1D 2C 17 15 19 20 7C 
ID: 153, Data: 80 0 0 FF 0 FF 0 0 
ID: 5F0, Data: 20 0 
ID: 316, Data: 85 19 9F 16 16 19 20 7C 
ID: 316, Data: 85 19 72 16 16 19 20 7C 
ID: A1, Data: 879 7F 7C 7D 17 0 0 0 
ID: 440, Data: 8FE B3 1F A0 FF AA AA AA 
ID: 43F, Data: 843 48 60 FF 70 D8 16 0 
ID: 153, Data: 80 0 0 FF 0 FF 0 0 
ID: 316, Data: 85 16 D5 14 18 19 20 7C 
ID: 316, Data: 85 16 8E 14 18 19 20 7C 
ID: 280, Data: 830 0 84 AF 28 11 6B 30 
ID: 43F, Data: 843 48 60 FF 70 A4 16 0 
ID: 316, Data: 85 17 9B 13 19 19 1F 7C 
ID: 153, Data: 80 0 0 FF 0 FF 0 0 
ID: 316, Data: 85 18 44 13 1A 19 1F 7C 
ID: 153, Data: 80 0 0 FF 0 FF 0 0 
ID: 2A0, Data: 880 7 6B 18 31 0 10 0 
ID: 316, Data: 85 19 6E 12 1B 19 1F 7C 
ID: 280, Data: 830 0 84 AF 23 13 6B 35 
ID: 43F, Data: 843 48 60 FF 70 38 16 0 
ID: 280, Data: 830 0 84 AF 22 14 6B 37 
ID: A1, Data: 87A 7F 7D 7D 1A 0 0 0 
ID: 316, Data: 85 1B A0 10 1D 1A 1F 7C 
ID: 316, Data: 85 1C 6B 10 1D 1A 1E 7C 
ID: 43F, Data: 843 48 60 FF 70 EC 15 0 
ID: 370, Data: 8FF E1 F0 FF FF FF FF FF 
ID: A0, Data: 82B 7C F2 10 1F 26 2 0 
ID: 316, Data: 85 22 E1 13 2B 18 1E 7C 
ID: 18F, Data: 8AA 34 0 0 0 0 0 0 
ID: 43F, Data: 843 48 60 FF 70 D4 15 0 
ID: 153, Data: 80 0 0 FF 0 FF 0 0 
ID: 43F, Data: 843 48 60 FF 70 34 16 0 
ID: 316, Data: 85 26 5F 16 2A 18 1E 7C 
ID: 260, Data: 8B 27 2A 30 0 FF BD 25 
ID: 5F0, Data: 20 0 
ID: 316, Data: 85 28 72 16 29 18 1E 7C 
ID: 316, Data: 85 28 72 16 29 18 1E 7C 
ID: 43F, Data: 843 48 60 FF 70 90 15 0 
ID: 153, Data: 80 0 0 FF 0 FF 0 0 
ID: A1, Data: 87D 7B 80 7C 1F 0 0 0 
ID: 316, Data: 85 29 8C 16 29 18 1E 7C 
ID: 280, Data: 830 0 88 AF 2D 19 6B 44 
ID: 316, Data: 85 29 85 16 29 18 1E 7C 
ID: 316, Data: 85 29 99 16 29 18 1E 7C 
ID: 43F, Data: 843 48 60 FF 70 80 15 0 
ID: 316, Data: 85 29 AC 16 29 18 1E 7C 
ID: 153, Data: 80 0 0 FF 0 FF 0 0 
ID: 316, Data: 85 29 A6 16 29 17 1E 7C 
ID: 153, Data: 80 0 0 FF 0 FF 0 0 
ID: 545, Data: 8E4 40 0 8C 3C 1 3C 1 
ID: 316, Data: 85 29 9F 16 29 17 1E 7C 
ID: 280, Data: 830 0 88 AF 2D 19 6B 45 
ID: 43F, Data: 843 48 60 FF 70 90 15 0 
ID: 316, Data: 85 2A B3 16 29 17 1E 7C 
ID: 153, Data: 80 0 0 FF 0 FF 0 0 
ID: 316, Data: 85 29 B3 16 29 17 1E 7C 
ID: 153, Data: 80 0 0 FF 0 FF 0 0 
ID: 260, Data: 8B 2A 29 30 0 FF C0 3E 
ID: 316, Data: 85 29 B3 16 29 17 1E 7C 
ID: 18F, Data: 8AA 34 0 0 0 0 0 0 
ID: 43F, Data: 843 48 60 FF 70 90 15 0 
ID: 153, Data: 80 0 0 FF 0 FF 0 0 
ID: 316, Data: 85 28 A6 16 14 17 1E 7C 
ID: 316, Data: 85 27 A6 16 15 18 1E 7C 
ID: 18F, Data: 8AA 34 0 0 0 0 0 0 
ID: 316, Data: 85 23 78 16 15 18 1E 7C 
ID: 43F, Data: 843 48 60 FF 70 7C 15 0 
ID: 316, Data: 85 20 C 16 16 19 1E 7C 
ID: 153, Data: 80 0 0 FF 0 FF 0 0 
ID: 153, Data: 80 0 0 FF 0 FF 0 0 
ID: 316, Data: 85 1C 41 15 17 19 1E 7C 
ID: 43F, Data: 843 48 60 FF 6F 4C 15 0 
ID: 316, Data: 85 19 D5 14 18 19 1D 7C 
ID: A1, Data: 882 7F 83 7D 18 0 0 0 
ID: 153, Data: 80 0 0 FF 0 FF 0 0 
ID: 316, Data: 85 16 CD 13 19 19 1D 7C 
ID: 153, Data: 80 0 0 FF 0 FF 0 0 
ID: 316, Data: 85 17 23 13 19 19 1D 7C 
ID: 316, Data: 85 18 FE 12 1A 19 1D 7C 
ID: A0, Data: 823 7C 4E 13 1E 26 2 0 
ID: 43F, Data: 843 48 60 FF 70 FC 14 0 
ID: 316, Data: 85 19 7B 12 1A 19 1D 7C 
ID: 5F0, Data: 20 0 
ID: 316, Data: 85 19 C 12 1B 19 1D 7C 
ID: 43F, Data: 843 48 60 FF 70 DC 14 0 
ID: 280, Data: 830 0 84 AF 23 13 6B 36 
ID: 5F0, Data: 20 0 
ID: 316, Data: 85 1A 97 11 1C 19 1D 7C 
ID: 153, Data: 80 0 0 FF 0 FF 0 0 
ID: 1F1, Data: 80 96 E4 50 E E6 70 E 
ID: 260, Data: 8B 1B 1C 30 0 FF 58 3B 
ID: 43F, Data: 843 48 60 FF 70 70 14 0 
ID: 316, Data: 85 1C 9C 10 1D 1A 1C 7C 
ID: 2A0, Data: 8E0 4 6B 18 31 0 10 0 
ID: 316, Data: 85 1C B8 10 1D 1A 1C 7C 
ID: 316, Data: 85 1C 58 11 1C 19 1C 7C 
ID: A0, Data: 82A 7C 7F 11 1D 26 2 0 
ID: 316, Data: 85 1D 3F 12 1B 19 1C 7C 
ID: 316, Data: 85 1C 9F 12 19 19 1C 7C 
ID: 43F, Data: 843 48 60 FF 70 F8 13 0 
ID: 316, Data: 85 1B 61 13 18 19 1C 7C 
ID: 370, Data: 8FF E1 F0 FF FF FF FF FF 
ID: 5F0, Data: 20 0 
ID: 153, Data: 80 0 0 FF 0 FF 0 0 
ID: A1, Data: 880 7F 7D 7D 1A 0 0 0 
ID: 329, Data: 8ED AF 80 8 12 2D 0 26 
ID: 545, Data: 8E4 29 0 8C 10 0 10 0 
ID: 153, Data: 80 0 0 FF 0 FF 0 0 
ID: 43F, Data: 843 48 60 FF 70 50 13 0 
ID: 43F, Data: 843 48 60 FF 70 48 13 0 
ID: 316, Data: 85 1A FE 12 18 19 1B 7C 
ID: 18F, Data: 8AA 33 0 0 0 0 0 0 
ID: 316, Data: 85 1A B1 12 18 19 1A 7C 
ID: 153, Data: 80 0 0 FF 0 FF 0 0 
ID: 329, Data: 8ED AF 80 8 12 2D 0 26 
ID: 316, Data: 85 1A F4 11 22 23 1A 7C 
ID: 1F1, Data: 80 20 CE A0 C D0 0 D 
ID: 316, Data: 85 1B 7F 11 23 23 1A 7C 
ID: 153, Data: 80 0 0 FF 0 FF 0 0 
ID: 260, Data: 8B 1C 23 30 0 FF 66 24 
ID: 316, Data: 85 1E FE 10 23 23 19 7C 
ID: A0, Data: 833 7C E7 10 1A 28 2 0 
ID: 43F, Data: 843 48 60 FF 70 D4 11 0 
ID: 370, Data: 8FF E1 F0 FF FF FF FF FF 
ID: A1, Data: 87D 7F 80 7D 1F 0 0 0 
ID: 316, Data: 845 22 83 11 22 22 18 7C 
ID: 316, Data: 845 22 CF 11 21 22 18 7C 
ID: 43F, Data: 843 48 60 FF 70 A0 11 0 
ID: 18F, Data: 8AA 33 0 0 0 0 0 0 
ID: 153, Data: 80 0 0 FF 0 FF 0 0 
ID: 153, Data: 80 0 0 FF 0 FF 0 0 
ID: A0, Data: 832 7C 68 11 18 28 2 0 
ID: 316, Data: 845 24 FA 10 22 22 17 7C 
ID: A0, Data: 834 7C EF 10 18 28 2 0 
ID: 316, Data: 845 24 D5 10 22 22 17 7C 
ID: 316, Data: 845 24 CE 10 22 22 17 7C 
ID: 153, Data: 80 0 0 FF 0 FF 0 0 
ID: 370, Data: 8FF E1 F0 FF FF FF FF FF 
ID: 316, Data: 845 24 75 10 22 22 16 7C 
ID: 5F0, Data: 20 0 
ID: 260, Data: 8B 24 23 30 0 FF 80 10 
ID: 280, Data: 830 0 84 B0 20 1A 6B 46 
ID: 43F, Data: 83 48 60 FF 70 E0 E 0 
ID: 316, Data: 845 24 9C F 23 22 15 7C 
ID: 280, Data: 830 0 84 B0 1F 1A 6B 46 
ID: 153, Data: 80 0 0 FF 0 FF 0 0 
ID: 316, Data: 845 25 2F F 24 22 14 7C 
ID: 316, Data: 845 25 FE E 24 23 14 7C 
ID: A1, Data: 880 7F 80 7D 22 0 0 0 
ID: 316, Data: 845 25 A4 E 25 23 13 7C 
ID: 316, Data: 845 25 88 E 25 23 13 7C 
ID: A0, Data: 835 7C 60 E 13 26 2 0 
ID: 316, Data: 845 25 18 E 26 23 12 7C 
ID: 316, Data: 845 25 CF D 26 23 12 7C 
ID: 2A0, Data: 820 2 6B 18 31 0 10 0 
ID: 316, Data: 845 26 70 D 27 23 12 7C 
ID: 316, Data: 845 27 60 D 27 23 11 7C 
ID: 18F, Data: 8AA 39 0 0 0 0 0 0 
ID: 316, Data: 845 27 14 D 28 23 11 7C 
ID: 153, Data: 80 0 0 FF 0 FF 0 0 
ID: 316, Data: 845 28 CF C 28 23 10 7C 
ID: 316, Data: 845 28 9C C 28 23 10 7C 
ID: A0, Data: 839 7C CF C 11 26 2 0 
ID: 43F, Data: 83 48 60 FF 70 CC A 0 
ID: 153, Data: 80 0 0 FF 0 FF 0 0 
ID: 316, Data: 845 2A 11 C 2A 23 F 7C 
ID: 316, Data: 845 2A D3 B 2A 23 F 7C 
ID: 153, Data: 80 0 0 FF 0 FF 0 0 
ID: 370, Data: 8FF E1 F0 FF FF FF FF FF 
ID: 18F, Data: 8AA 3A 0 0 0 0 0 0 
ID: 316, Data: 845 2B 4C B 2B 23 D 7C 
ID: 153, Data: 80 0 0 FF 0 FF 0 0 
ID: 370, Data: 8FF E1 F0 FF FF FF FF FF 
ID: 43F, Data: 83 48 60 FF 70 C8 8 0 
ID: 43F, Data: 83 48 60 FF 70 8C 8 0 
ID: 316, Data: 845 2D BD A 2C 22 C 7C 
ID: 153, Data: 80 0 0 FF 0 FF 0 0 
ID: 153, Data: 80 0 0 FF 0 FF 0 0 
ID: 316, Data: 845 2E 92 A 2D 22 B 7C 
ID: 43F, Data: 83 48 60 FF 70 90 7 0 
ID: 316, Data: 845 2E 83 A 2D 22 B 7C 
ID: 440, Data: 8FE 63 A A0 FF AA AA AA 
ID: 440, Data: 8FD 63 A A0 FF AA AA AA 
ID: 316, Data: 845 2E 75 A 2D 22 A 7C 
ID: 43F, Data: 8A 48 60 FF 70 94 6 0 
ID: 43F, Data: 8A 48 60 FF 70 64 6 0 
ID: 43F, Data: 8A 48 60 FF 70 2C 6 0 
ID: 1F0, Data: 88 40 F9 BF 0 0 0 0 
ID: A1, Data: 87C 7F 80 7D 28 0 0 0 
ID: 18F, Data: 8AA 3C 0 0 0 0 0 0 
ID: A1, Data: 87C 7F 80 7D 28 0 0 0 
ID: 329, Data: 8B B0 80 8 12 2C 0 26 
ID: 545, Data: 8E4 23 0 8B DD 0 DD 0 
ID: 153, Data: 80 0 0 FF 0 FF 0 0 
ID: 43F, Data: 82 48 60 FF 70 DC 7 0 
ID: 153, Data: 80 0 0 FF 0 FF 0 0 
ID: 153, Data: 80 0 0 FF 0 FF 0 0 
ID: A0, Data: 83C 7C A4 A 8 25 2 0 
ID: 316, Data: 845 2E C3 A 2C 22 7 7C 
ID: 316, Data: 845 2D BD A 2C 22 7 7C 
ID: 370, Data: 8FF E1 F0 FF FF FF FF FF 
ID: 153, Data: 80 0 0 FF 0 FF 0 0 
ID: 18F, Data: 8AA 3D 0 0 0 0 0 0 
ID: 316, Data: 845 33 B1 A 50 22 7 7C 
ID: 440, Data: 8FE 22 6 A0 FF AA AA AA 
ID: 2A0, Data: 81 2 6B 18 31 0 10 0 
ID: 153, Data: 80 0 0 FF 0 FF 0 0 
ID: 316, Data: 845 3F E B 60 21 7 7C 
ID: 153, Data: 80 0 0 FF 0 FF 0 0 
ID: 153, Data: 80 0 0 FF 0 FF 0 0 
ID: 43F, Data: 82 48 60 FF 70 E0 7 0 
ID: 260, Data: 8B 49 64 30 0 FF 97 2B 
ID: 1F1, Data: 80 41 35 E0 3 35 D0 3 
ID: 153, Data: 80 0 0 FF 0 FF 0 0 
ID: 43F, Data: 82 48 60 FF 6F 18 8 0 
ID: 316, Data: 845 4F 0 F 60 1F 7 7C 
ID: 153, Data: 80 0 0 FF 0 FF 0 0 
ID: 545, Data: 8E4 5B 0 8A 70 3 70 3 
ID: 316, Data: 845 51 73 11 5B 1E 7 7C 
ID: 329, Data: 840 B0 80 8 11 39 17 26 
ID: 153, Data: 80 0 0 FF 0 FF 0 0 
ID: 316, Data: 845 52 36 13 57 1E 8 7C 
ID: 43F, Data: 82 48 60 FF 6F 10 9 0 
ID: 260, Data: 8B 52 56 30 0 FF B5 2 
ID: 260, Data: 8B 51 55 30 0 FF B8 10 
ID: 316, Data: 845 50 B4 14 5B 1D 8 7C 
ID: 1F0, Data: 888 40 F9 BF 0 0 0 0 
ID: 43F, Data: 82 48 60 FF 70 FC 9 0 
ID: 153, Data: 80 0 0 FF 0 FF 0 0 
ID: 316, Data: 845 53 C3 15 57 1D 9 7C 
ID: 153, Data: 80 0 0 FF 0 FF 0 0 
ID: 153, Data: 80 0 0 FF 0 FF 0 0 
ID: 316, Data: 845 52 5F 16 56 1C A 7C 
ID: 153, Data: 80 0 0 FF 0 FF 0 0 
ID: 316, Data: 845 52 A6 16 56 1C A 7C 
ID: 316, Data: 845 53 C7 16 56 1C B 7C 
ID: 2A0, Data: 861 9 6B 18 31 0 10 0 
ID: 43F, Data: 82 48 60 FF 6F 68 C 0 
ID: 316, Data: 845 53 11 17 56 1C B 7C 
ID: 329, Data: 884 B0 80 8 11 3D 1E 26 
ID: 153, Data: 80 0 0 FF 0 FF 0 0 
ID: 316, Data: 845 53 56 17 53 1C C 7C 
ID: 316, Data: 845 53 5D 17 4D 1C C 7C 
ID: A0, Data: 85E 7C 4F 17 D 34 2 0 
ID: 153, Data: 80 0 0 FF 0 FF 0 0 
ID: 316, Data: 845 52 9C 17 47 1C D 7C 
ID: 153, Data: 80 0 0 FF 0 FF 0 0 
ID: 316, Data: 845 50 9C 17 47 1C E 7C 
ID: 316, Data: 845 4D 8E 17 48 1C E 7C 
ID: 18F, Data: 8AA 42 0 0 0 0 0 0 
ID: 43F, Data: 82 48 60 FF 70 CC F 0 
ID: 153, Data: 80 0 0 FF 0 FF 0 0 
ID: 316, Data: 845 48 18 17 48 1D F 7C 
ID: 153, Data: 80 0 0 FF 0 FF 0 0 
ID: 316, Data: 845 48 C7 16 49 1D F 7C 
ID: 316, Data: 845 48 AC 16 49 1D F 7C 
ID: 18F, Data: 8AA 42 0 0 0 0 0 0 
ID: 43F, Data: 82 48 60 FF 70 64 11 0 
ID: 153, Data: 80 0 0 FF 0 FF 0 0 
ID: 43F, Data: 82 48 60 FF 70 C4 11 0 
ID: 153, Data: 80 0 0 FF 0 FF 0 0 
ID: 153, Data: 80 0 0 FF 0 FF 0 0 
ID: 316, Data: 845 47 11 17 49 1D 11 7C 
ID: 153, Data: 80 0 0 FF 0 FF 0 0 
ID: 329, Data: 884 B0 80 8 11 3A 15 26 
ID: 316, Data: 845 46 41 17 49 1D 11 7C 
ID: 43F, Data: 82 48 60 FF 70 38 13 0 
ID: 43F, Data: 82 48 60 FF 70 68 13 0 
ID: 2A0, Data: 8A1 D 6B 18 31 0 10 0 
ID: 316, Data: 845 47 8E 17 48 1D 12 7C 
ID: 316, Data: 845 46 A4 17 48 1D 12 7C 
ID: 43F, Data: 82 48 60 FF 70 70 14 0 
ID: 316, Data: 845 45 CF 17 48 1D 13 7C 
ID: A1, Data: 879 7B 79 7E 3A 0 0 0 
ID: 153, Data: 80 0 0 FF 0 FF 0 0 
ID: 316, Data: 845 46 FB 17 48 1D 13 7C 
ID: 153, Data: 80 0 0 FF 0 FF 0 0 
ID: A1, Data: 879 7B 79 7E 3A 0 0 0 
ID: 280, Data: 830 0 88 B0 30 2A 6B 79 
ID: 545, Data: 8E4 5F 0 8A B2 2 B2 2 
ID: 316, Data: 845 44 7A 18 47 1D 14 7C 
ID: 153, Data: 80 0 0 FF 0 FF 0 0 
ID: 440, Data: 8FE 22 13 A0 FF AA AA AA 
ID: 260, Data: 8B 44 48 30 0 FF CB 9 
ID: 153, Data: 80 0 0 FF 0 FF 0 0 
ID: 316, Data: 845 45 73 18 54 1D 14 7C 
ID: 153, Data: 80 0 0 FF 0 FF 0 0 
ID: A0, Data: 85E 7C A1 18 15 34 2 0 
ID: 370, Data: 8FF DE F0 FF FF FF FF FF 
ID: 43F, Data: 82 48 60 FF 70 98 16 0 
ID: 316, Data: 845 51 BD 19 54 1C 15 7C 
ID: A0, Data: 85E 7C BD 19 15 35 2 0 
ID: 440, Data: 8FE 72 14 A0 FF AA AA AA 
ID: 316, Data: 845 51 C6 1A 53 1C 15 7C 
ID: 153, Data: 80 0 0 FF 0 FF 0 0 
ID: 1F1, Data: 80 3D 9E D0 A A2 20 B 
ID: 316, Data: 845 4F 3F 1B 52 1C 15 7C 
ID: 260, Data: 8B 50 53 30 0 FF C3 26 
ID: 43F, Data: 82 48 60 FF 70 BC 17 0 
ID: 545, Data: 8E4 82 0 8C 7E 3 7E 3 
ID: 153, Data: 80 0 0 FF 0 FF 0 0 
ID: 316, Data: 845 50 B3 1B 52 1C 16 7C 
ID: 5F0, Data: 20 0 
ID: 316, Data: 845 51 EE 1B 52 1C 16 7C 
ID: 153, Data: 80 0 0 FF 0 FF 0 0 
ID: 316, Data: 845 50 C 1C 51 1C 16 7C 
ID: 43F, Data: 82 48 60 FF 70 C 19 0 
ID: 316, Data: 845 51 2B 1C 51 1C 17 7C 
ID: 316, Data: 845 50 54 1C 51 1C 17 7C 
ID: 153, Data: 80 0 0 FF 0 FF 0 0 
ID: 2A0, Data: 8A1 13 6A 18 31 0 10 0 
ID: 316, Data: 845 4F A7 1C 47 13 17 7C 
ID: A0, Data: 855 7D C6 1C 18 35 2 0 
ID: 316, Data: 845 4B E6 1C 47 13 17 7C 
ID: 329, Data: 884 B0 80 8 11 3D 1E 26 
ID: 316, Data: 845 49 F1 1C 47 13 18 7C 
ID: 280, Data: 830 0 88 B0 39 2D 6A 79 
ID: 153, Data: 80 0 0 FF 0 FF 0 0 
ID: 2A0, Data: 81 14 6A 18 31 0 10 0 
ID: 316, Data: 85 47 8A 1D 47 13 18 7C 
ID: 545, Data: 8E4 71 0 8C 82 3 82 3 
ID: 316, Data: 85 45 1E 1E 46 13 18 7C 
ID: 153, Data: 80 0 0 FF 0 FF 0 0 
ID: 18F, Data: 8AA 46 0 0 0 0 0 0 
ID: 329, Data: 884 B0 80 8 11 3D 1E 26 
ID: 316, Data: 85 44 4D 1E 46 13 19 7C 
ID: 18F, Data: 8AA 45 0 0 0 0 0 0 
ID: 153, Data: 80 0 0 FF 0 FF 0 0 
ID: 43F, Data: 82 48 60 FF 70 78 1C 0 
ID: 153, Data: 80 0 0 FF 0 FF 0 0 
ID: 153, Data: 80 0 0 FF 0 FF 0 0 
ID: 153, Data: 80 0 0 FF 0 FF 0 0 
ID: 440, Data: 8FE D2 19 A0 FF AA AA AA 
ID: 316, Data: 85 43 59 1F 45 14 1A 7C 
ID: 153, Data: 80 0 0 FF 0 FF 0 0 
ID: 280, Data: 830 0 88 B0 3F 2A 6A 72 
ID: 316, Data: 85 44 A5 1F 37 14 1A 7C 
ID: 153, Data: 80 0 0 FF 0 FF 0 0 
ID: 316, Data: 85 42 D8 1F 36 14 1A 7C 
ID: 153, Data: 80 0 0 FF 0 FF 0 0 
ID: 329, Data: 884 B0 80 8 11 3A 15 26 
ID: 316, Data: 85 3C 1A 20 37 15 1B 7C 
ID: 43F, Data: 82 48 60 FF 70 44 1E 0 
ID: 43F, Data: 82 48 60 FF 70 60 1E 0 
ID: 280, Data: 830 0 88 B0 40 23 6A 65 
ID: 153, Data: 80 0 0 FF 0 FF 0 0 
ID: 316, Data: 85 39 4F 20 36 15 1B 7C 
ID: 153, Data: 80 0 0 FF 0 FF 0 0 
ID: 545, Data: 8E4 5C 0 8D 6A 2 6A 2 
ID: 5F0, Data: 20 0 
ID: 153, Data: 80 0 0 FF 0 FF 0 0 
ID: 316, Data: 85 38 92 20 3D 16 1C 7C 
ID: 316, Data: 85 38 92 20 3E 16 1C 7C 
ID: 153, Data: 80 0 0 FF 0 FF 0 0 
ID: 43F, Data: 82 48 60 FF 70 48 1F 0 
ID: 43F, Data: 82 48 60 FF 70 64 1F 0 
ID: 316, Data: 85 3D F2 20 41 15 1C 7C 
ID: 545, Data: 8E4 6F 0 8C C6 2 C6 2 
ID: 5F0, Data: 20 0 
ID: 153, Data: 80 0 0 FF 0 FF 0 0 
ID: 316, Data: 85 3F AB 21 44 15 1C 7C 
ID: 5F0, Data: 20 0 
ID: 316, Data: 85 42 3 22 45 15 1C 7C 
ID: 153, Data: 80 0 0 FF 0 FF 0 0 
ID: 545, Data: 8E4 82 0 8D 33 3 33 3 
ID: 329, Data: 840 B0 80 8 11 3F 1F 26 
ID: A1, Data: 87D 7B 7B 7E 35 0 0 0 
ID: 316, Data: 85 45 A9 22 46 15 1D 7C 
ID: 153, Data: 80 0 0 FF 0 FF 0 0 
ID: A0, Data: 84E 7C D7 22 1D 36 2 0 
ID: 316, Data: 85 46 16 23 47 15 1D 7C 
ID: 545, Data: 8E4 86 0 8C 70 3 70 3 
ID: 1F1, Data: 80 B5 EF 80 E F6 30 F 
ID: 153, Data: 80 0 0 FF 0 FF 0 0 
ID: 329, Data: 840 B0 80 8 11 40 21 26 
ID: 5F0, Data: 20 0 
ID: A1, Data: 87D 7B 7C 7E 35 0 0 0 
ID: 260, Data: 8B 48 47 30 0 FF CB 6 
ID: 153, Data: 80 0 0 FF 0 FF 0 0 
ID: 153, Data: 80 0 0 FF 0 FF 0 0 
ID: A0, Data: 850 7C 9 24 1E 37 2 0 
ID: 280, Data: 830 0 88 B0 48 2B 6A 71 
ID: 280, Data: 830 0 88 B0 49 2B 6A 6F 
ID: 316, Data: 85 48 C3 24 45 15 1F 7C 
ID: 329, Data: 884 B0 80 8 11 41 20 26 
ID: 440, Data: 8FE D2 1F A0 FF AA AA AA 
ID: 316, Data: 85 47 2C 25 43 15 1F 7C 
ID: 153, Data: 80 0 0 FF 0 FF 0 0 
ID: 316, Data: 85 46 86 25 43 15 1F 7C 
ID: 316, Data: 85 46 98 25 42 15 1F 7C 
ID: 18F, Data: 8AA 3D 0 0 0 0 0 0 
ID: 316, Data: 85 45 F3 25 42 15 20 7C 
ID: 43F, Data: 82 48 60 FF 70 34 24 0 
ID: 316, Data: 85 44 5 26 42 16 20 7C 
ID: 153, Data: 80 0 0 FF 0 FF 0 0 
ID: 153, Data: 80 0 0 FF 0 FF 0 0 
ID: 316, Data: 85 43 63 26 42 16 20 7C 
ID: 18F, Data: 8AA 3C 0 0 0 0 0 0 
ID: 316, Data: 85 43 AF 26 42 16 21 7C 
ID: 440, Data: 8FE 22 21 A0 FF AA AA AA 
ID: 5F0, Data: 20 0 
ID: 43F, Data: 82 48 60 FF 70 8C 25 0 
ID: 43F, Data: 82 48 60 FF 70 A0 25 0 
ID: 316, Data: 85 42 37 27 41 16 21 7C 
ID: 316, Data: 85 42 5E 27 41 16 21 7C 
ID: 316, Data: 85 42 72 27 41 16 22 7C 
ID: 316, Data: 85 42 86 27 41 16 22 7C 
ID: 153, Data: 80 0 0 FF 0 FF 0 0 
ID: 316, Data: 85 42 C2 27 41 16 22 7C 
ID: 440, Data: 8FE 22 22 A0 FF AA AA AA 
ID: 2A0, Data: 861 1A 6A 18 31 0 10 0 
ID: 316, Data: 85 41 29 28 3B 16 22 7C 
ID: 280, Data: 830 0 88 B0 50 27 6A 64 
ID: 316, Data: 85 41 7C 28 33 17 22 7C 
ID: 316, Data: 85 3E 7C 28 33 17 23 7C 
ID: 153, Data: 80 0 0 FF 0 FF 0 0 
ID: 43F, Data: 82 48 60 FF 70 2C 27 0 
ID: 316, Data: 85 39 52 28 34 17 23 7C 
ID: 153, Data: 80 0 0 FF 0 FF 0 0 
ID: 316, Data: 85 37 91 28 28 18 23 7C 
ID: 43F, Data: 82 48 60 FF 70 9C 27 0 
ID: 316, Data: 85 33 BB 28 C 18 23 7C 
ID: 329, Data: 8B B0 80 8 11 35 0 26 
ID: 153, Data: 80 0 0 FF 0 FF 0 0 
ID: 316, Data: 85 26 67 28 D 1A 24 7C 
ID: A1, Data: 87B 7A 78 78 1D 0 0 0 
ID: 316, Data: 85 21 0 28 E 1A 24 7C 
ID: 5F0, Data: 20 0 
ID: 153, Data: 80 0 0 FF 0 FF 0 0 
ID: 316, Data: 85 1E AE 27 E 1A 24 7C 
ID: 316, Data: 85 1C 86 27 F 1A 24 7C 
ID: 316, Data: 85 1C 4A 27 F 1A 24 7C 
ID: 43F, Data: 82 48 60 FF 70 1C 27 0 
ID: 43F, Data: 82 48 60 FF 70 2C 27 0 
ID: 440, Data: 8FE 72 23 A0 FF AA AA AA 
ID: 260, Data: 8B 18 F 30 0 FF 9F 4 
ID: 316, Data: 85 16 63 26 F 1A 23 7C 
ID: 316, Data: 85 16 3D 26 F 1A 23 7C 
ID: 260, Data: 8B 15 F 30 0 FF 88 F 
ID: 43F, Data: 82 48 60 FF 70 28 27 0 
ID: 43F, Data: 82 48 60 FF 70 F8 26 0 
ID: 316, Data: 85 12 50 25 F 1A 23 7C 
ID: 43F, Data: 82 48 60 FF 70 D4 26 0 
ID: 316, Data: 85 14 F7 24 F 1A 23 7C 
ID: 316, Data: 85 14 90 24 F 19 23 7C 
ID: 43F, Data: 82 48 60 FF 70 74 26 0 
ID: 43F, Data: 82 48 60 FF 70 68 26 0 
ID: 316, Data: 85 16 86 23 F 19 23 7C 
ID: 440, Data: 8FE D2 22 A0 FF AA AA AA 
ID: 316, Data: 85 17 16 23 F 19 22 7C 
ID: 260, Data: 8B 17 F 30 0 FF 6A D 
ID: 43F, Data: 82 48 60 FF 70 D8 25 0 
ID: 1F0, Data: 8FC 3F F9 BF 0 0 0 0 
ID: 153, Data: 80 0 0 FF 0 FF 0 0 
ID: 316, Data: 85 18 16 23 F 19 22 7C 
ID: 153, Data: 80 0 0 FF 0 FF 0 0 
ID: 329, Data: 8B B0 80 8 11 36 0 26 
ID: 316, Data: 8D 19 D7 22 F 19 22 7C 
ID: 316, Data: 8D 19 E7 22 F 19 22 7C 
ID: 153, Data: 80 0 0 FF 0 FF 0 0 
ID: 153, Data: 80 0 0 FF 0 FF 0 0 
ID: 43F, Data: 82 48 60 FF 70 E4 24 0 
ID: 153, Data: 80 0 0 FF 0 FF 0 0 
ID: 153, Data: 80 0 0 FF 0 FF 0 0 
ID: A0, Data: 82A 7C 8A 22 22 2D 4 0 
ID: 18F, Data: 8AA 38 0 0 0 0 0 0 
ID: 370, Data: 8FF DE F0 FF FF FF FF FF 
ID: 260, Data: 80 C 10 30 0 FF 5D 2E 
ID: 5F0, Data: 20 0 
ID: 316, Data: 8D 8 42 20 10 19 21 7C 
ID: 316, Data: 8D 8 4F 20 10 19 21 7C 
ID: 18F, Data: 8AA 38 0 0 0 0 0 0 
ID: 43F, Data: 82 48 60 FF 70 98 23 0 
ID: 153, Data: 80 0 0 FF 0 FF 0 0 
ID: 153, Data: 80 0 0 FF 0 FF 0 0 
ID: 316, Data: 8D 0 2A 1E 11 18 20 7C 
ID: 18F, Data: 8AA 37 0 0 0 0 0 0 
ID: 153, Data: 80 0 0 FF 0 FF 0 0 
ID: 440, Data: 8FE 72 1F A0 FF AA AA AA 
ID: 2A0, Data: 820 C 6A 18 31 0 10 0 
ID: 316, Data: 8D 0 17 1C 11 18 1F 7C 
ID: 5F0, Data: 20 0 
ID: 2A0, Data: 820 C 6A 18 31 0 10 0 
ID: 18F, Data: 8AA 37 0 0 0 0 0 0 
ID: 43F, Data: 82 48 60 FF 70 50 22 0 
ID: 260, Data: 80 0 12 30 0 FF 4E 28 
ID: 153, Data: 80 0 0 FF 0 FF 0 0 
ID: 43F, Data: 82 48 60 FF 70 0 22 0 
ID: 153, Data: 80 0 0 FF 0 FF 0 0 
ID: 316, Data: 8D 0 48 19 13 18 1F 7C 
ID: 153, Data: 80 0 0 FF 0 FF 0 0 
ID: 153, Data: 80 0 0 FF 0 FF 0 0 
ID: 316, Data: 8D 0 63 18 14 18 1E 7C 
ID: 43F, Data: 82 48 60 FF 70 2C 21 0 
ID: 5F0, Data: 20 0 
ID: 316, Data: 8D 0 80 17 14 18 1E 7C 
ID: 316, Data: 8D 0 41 17 15 18 1E 7C 
ID: 153, Data: 80 0 0 FF 0 FF 0 0 
ID: 43F, Data: 82 48 60 FF 70 94 20 0 
ID: 153, Data: 80 0 0 FF 0 FF 0 0 
ID: 153, Data: 80 0 0 FF 0 FF 0 0 
ID: 316, Data: 85 0 BD 15 16 18 1D 7C 
ID: A1, Data: 880 7F 80 7D 1C 0 0 0 
ID: 316, Data: 85 9 3B 15 17 18 1D 7C 
ID: 316, Data: 85 E 13 15 17 18 1D 7C 
ID: 1F1, Data: 80 9 E6 20 E E8 60 E 
ID: 153, Data: 80 0 0 FF 0 FF 0 0 
ID: 153, Data: 80 0 0 FF 0 FF 0 0 
ID: 153, Data: 80 0 0 FF 0 FF 0 0 
ID: 316, Data: 85 1A 24 15 17 19 1C 7C 
ID: 43F, Data: 82 48 60 FF 70 1C 1F 0 
ID: 2A0, Data: 880 8 6A 18 31 0 10 0 
ID: 5F0, Data: 20 0 
ID: 316, Data: 85 18 99 15 17 19 1C 7C 
ID: 153, Data: 80 0 0 FF 0 FF 0 0 
ID: 2A0, Data: 8E0 8 6A 18 31 0 10 0 
ID: 316, Data: 85 17 41 15 17 19 1C 7C 
ID: 1F0, Data: 8FA 3F F9 BF 0 0 0 0 
ID: 43F, Data: 82 48 60 FF 71 34 1E 0 
ID: 43F, Data: 82 48 60 FF 70 1C 1E 0 
ID: 316, Data: 85 17 D 15 17 19 1B 7C 
ID: A0, Data: 822 7C 18 15 1C 26 2 0 
ID: 153, Data: 80 0 0 FF 0 FF 0 0 
ID: 316, Data: 85 17 A9 14 18 19 1B 7C 
ID: 153, Data: 80 0 0 FF 0 FF 0 0 
ID: 280, Data: 830 0 84 AF 29 11 6A 31 
ID: 5F0, Data: 20 0 
ID: 153, Data: 80 0 0 FF 0 FF 0 0 
ID: A0, Data: 823 7C 8E 14 1B 26 2 0 
ID: 316, Data: 85 17 43 14 18 19 1A 7C 
ID: A0, Data: 823 7C 48 14 1B 26 2 0 
ID: 153, Data: 80 0 0 FF 0 FF 0 0 
ID: 43F, Data: 82 48 60 FF 71 A8 1C 0 
ID: 153, Data: 80 0 0 FF 0 FF 0 0 
ID: 316, Data: 85 18 A0 13 19 19 1A 7C 
ID: 316, Data: 85 18 74 13 19 19 1A 7C 
ID: A1, Data: 894 7F 97 7D 18 0 0 0 
ID: 440, Data: 8FE D2 19 A0 FF AA AA AA 
ID: 43F, Data: 82 48 60 FF 71 F0 1B 0 
ID: 153, Data: 80 0 0 FF 0 FF 0 0 
ID: 316, Data: 85 19 F9 12 18 19 19 7C 
ID: 153, Data: 80 0 0 FF 0 FF 0 0 
ID: 316, Data: 85 19 B5 12 18 19 19 7C 
ID: 316, Data: 85 19 96 12 19 19 19 7C 
ID: 2A0, Data: 8E0 6 6A 18 31 0 10 0 
ID: 43F, Data: 82 48 60 FF 71 2C 1B 0 
ID: 153, Data: 80 0 0 FF 0 FF 0 0 
ID: 280, Data: 830 0 84 AF 24 13 6A 36 
ID: 316, Data: 85 19 54 12 18 19 18 7C 
ID: 370, Data: 8FF DE F0 FF FF FF FF FF 
ID: 316, Data: 85 19 3F 12 18 19 18 7C 
ID: 153, Data: 80 0 0 FF 0 FF 0 0 
ID: 316, Data: 85 19 2E 12 18 19 18 7C 
ID: 316, Data: 85 19 2A 12 18 19 18 7C 
ID: 2A0, Data: 880 5 6A 18 31 0 10 0 
ID: 316, Data: 85 19 F8 11 18 19 18 7C 
ID: 316, Data: 85 19 F4 11 18 19 17 7C 
ID: 2A0, Data: 880 5 6A 18 31 0 10 0 
ID: 316, Data: 85 19 D7 11 18 19 17 7C 
ID: 316, Data: 85 19 C3 11 18 19 17 7C 
ID: 370, Data: 8FF DE F0 FF FF FF FF FF 
ID: 316, Data: 85 19 9B 11 19 19 17 7C 
ID: 43F, Data: 82 48 60 FF 70 10 19 0 
ID: 43F, Data: 82 48 60 FF 71 E0 18 0 
ID: 2A0, Data: 840 4 6A 18 31 0 10 0 
ID: 153, Data: 80 0 0 FF 0 FF 0 0 
ID: 316, Data: 85 19 64 11 19 1A 16 7C 
ID: 153, Data: 80 0 0 FF 0 FF 0 0 
ID: 316, Data: 85 19 1B 11 19 1A 16 7C 
ID: 5F0, Data: 20 0 
ID: 18F, Data: 8AA 35 0 0 0 0 0 0 
ID: 260, Data: 8B 1A 1A 30 0 FF 5A F 
ID: 316, Data: 85 19 B8 10 1A 1A 15 7C 
ID: 260, Data: 8B 1A 1A 30 0 FF 5B 2C 
ID: 153, Data: 80 0 0 FF 0 FF 0 0 
ID: 316, Data: 85 1A 45 10 1A 1A 15 7C 
ID: 153, Data: 80 0 0 FF 0 FF 0 0 
ID: 260, Data: 8B 1A 1A 30 0 FF 5C 3A 
ID: 316, Data: 85 1A 31 10 1A 1A 14 7C 
ID: A1, Data: 888 7F 8A 7D 1B 0 0 0 
ID: 316, Data: 85 1A EF F 1A 1A 14 7C 
ID: 43F, Data: 82 48 60 FF 71 C0 15 0 
ID: 1F0, Data: 8D0 3F F9 BF 0 0 0 0 
ID: 153, Data: 80 0 0 FF 0 FF 0 0 
ID: 153, Data: 80 0 0 FF 0 FF 0 0 
ID: 370, Data: 8FF DE F0 FF FF FF FF FF 
ID: 545, Data: 8E4 29 0 88 6 0 6 0 
ID: 316, Data: 85 1B 7A F 1B 1A 12 7C 
ID: 43F, Data: 82 48 60 FF 72 84 14 0 
ID: 316, Data: 85 1B 41 F 23 1A 12 7C 
ID: 153, Data: 80 0 0 FF 0 FF 0 0 
ID: 153, Data: 80 0 0 FF 0 FF 0 0 
ID: 43F, Data: 82 48 60 FF 71 E0 13 0 
ID: 18F, Data: 8AA 35 0 0 0 0 0 0 
ID: 153, Data: 80 0 0 FF 0 FF 0 0 
ID: 153, Data: 80 0 0 FF 0 FF 0 0 
ID: 545, Data: 8E4 2C 0 8D 53 0 53 0 
ID: 316, Data: 85 1F 56 F 24 1A 11 7C 
ID: 280, Data: 830 0 84 AF 1E 18 6A 42 
ID: 43F, Data: 82 48 60 FF 71 54 13 0 
ID: 316, Data: 85 21 9C F 24 1A 10 7C 
ID: 18F, Data: 8AA 35 0 0 0 0 0 0 
ID: 316, Data: 85 22 24 10 23 19 10 7C 
ID: 43F, Data: 82 48 60 FF 72 F0 12 0 
ID: 153, Data: 80 0 0 FF 0 FF 0 0 
ID: 545, Data: 8E4 36 0 89 9E 0 9E 0 
ID: 370, Data: 8FF DE F0 FF FF FF FF FF 
ID: 280, Data: 830 0 84 AF 21 19 6A 44 
ID: 316, Data: 85 22 3D 11 21 19 F 7C 
ID: 2A0, Data: 880 3 6A 18 31 0 10 0 
ID: 43F, Data: 82 48 60 FF 72 58 12 0 
ID: 43F, Data: 82 48 60 FF 72 38 12 0 
ID: 316, Data: 85 21 6F 11 20 19 F 7C 
ID: A1, Data: 880 7F 82 7D 20 0 0 0 
ID: 153, Data: 80 0 0 FF 0 FF 0 0 
ID: 316, Data: 85 27 D3 11 29 19 E 7C 
ID: 153, Data: 80 0 0 FF 0 FF 0 0 
ID: 316, Data: 85 26 D5 12 39 18 E 7C 
ID: 153, Data: 80 0 0 FF 0 FF 0 0 
ID: 153, Data: 80 0 0 FF 0 FF 0 0 
ID: 43F, Data: 82 48 60 FF 72 64 11 0 
ID: 153, Data: 80 0 0 FF 0 FF 0 0 
ID: 316, Data: 85 32 74 13 4D 17 E 7C 
ID: 153, Data: 80 0 0 FF 0 FF 0 0 
ID: 153, Data: 80 0 0 FF 0 FF 0 0 
ID: 316, Data: 85 3B 9B 13 54 15 E 7C 
ID: 153, Data: 80 0 0 FF 0 FF 0 0 
ID: 316, Data: 85 40 38 14 57 15 E 7C 
ID: 153, Data: 80 0 0 FF 0 FF 0 0 
ID: 316, Data: 85 47 1E 15 58 14 E 7C 
ID: 370, Data: 8FF DE F0 FF FF FF FF FF 
ID: 280, Data: 830 0 88 AF 2C 2F 6A 80 
ID: 316, Data: 85 4E 41 17 5A 1D E 7C 
ID: 2A0, Data: 861 7 6A 18 31 0 10 0 
ID: 43F, Data: 82 48 60 FF 72 B8 12 0 
ID: 440, Data: 8FE D2 10 A0 FF AA AA AA 
ID: 316, Data: 85 58 59 19 63 1C F 7C 
ID: 316, Data: 85 5C F9 19 64 1C F 7C 
ID: 316, Data: 85 61 74 1A 65 1C F 7C 
ID: 2A0, Data: 861 9 6A 18 31 0 10 0 
ID: 440, Data: 8FE 22 11 A0 FF AA AA AA 
ID: 153, Data: 80 0 0 FF 0 FF 0 0 
ID: 153, Data: 80 0 0 FF 0 FF 0 0 
ID: 2A0, Data: 81 B 6A 18 31 0 10 0 
ID: 153, Data: 80 0 0 FF 0 FF 0 0 
ID: 316, Data: 845 63 C6 1C 66 1C 11 7C 
ID: 153, Data: 80 0 0 FF 0 FF 0 0 
ID: 370, Data: 8FF DE F0 FF FF FF FF FF 
ID: 2A0, Data: 8A1 C 6A 18 31 0 10 0 
ID: 153, Data: 80 0 0 FF 0 FF 0 0 
ID: 5F0, Data: 20 0 
ID: 153, Data: 80 0 0 FF 0 FF 0 0 
ID: 316, Data: 845 64 13 1E 64 1C 13 7C 
ID: 43F, Data: 82 48 60 FF 72 44 18 0 
ID: 329, Data: 8ED AF 80 8 11 46 2A 26 
ID: 153, Data: 80 0 0 FF 0 FF 0 0 
ID: 153, Data: 80 0 0 FF 0 FF 0 0 
ID: 316, Data: 845 62 B8 1E 63 1C 15 7C 
ID: 153, Data: 80 0 0 FF 0 FF 0 0 
ID: 316, Data: 845 62 E 1F 63 1C 15 7C 
ID: 316, Data: 845 62 1A 1F 63 1C 16 7C 
ID: 18F, Data: 8AA 37 0 0 0 0 0 0 
ID: 43F, Data: 82 48 60 FF 72 4 1B 0 
ID: 153, Data: 80 0 0 FF 0 FF 0 0 
ID: 316, Data: 845 62 A5 1F 62 1C 17 7C 
ID: 153, Data: 80 0 0 FF 0 FF 0 0 
ID: 260, Data: 8B 62 63 30 0 FF B6 2 
ID: 316, Data: 845 61 1A 20 62 1C 18 7C 
ID: 18F, Data: 8AA 38 0 0 0 0 0 0 
ID: 5F0, Data: 20 0 
ID: 153, Data: 80 0 0 FF 0 FF 0 0 
ID: 440, Data: 8FE 72 19 A0 FF AA AA AA 
ID: 43F, Data: 82 48 60 FF 72 B8 1D 0 
ID: 316, Data: 845 63 2A 21 66 1C 1A 7C 
ID: A0, Data: 872 7C F2 20 1A 3E 2 0 
ID: 153, Data: 80 0 0 FF 0 FF 0 0 
ID: 316, Data: 845 64 3F 22 65 1C 1A 7C 
ID: 316, Data: 845 64 7B 22 65 1C 1B 7C 
ID: 43F, Data: 82 48 60 FF 72 70 1F 0 
ID: 316, Data: 845 64 D7 22 65 1C 1B 7C 
ID: 153, Data: 80 0 0 FF 0 FF 0 0 
ID: 316, Data: 845 64 55 23 64 1C 1C 7C 
ID: 316, Data: 845 63 86 23 64 1C 1C 7C 
ID: 43F, Data: 82 48 60 FF 71 CC 20 0 
ID: 316, Data: 845 63 19 24 68 1C 1D 7C 
ID: 18F, Data: 8AA 3B 0 0 0 0 0 0 
ID: 153, Data: 80 0 0 FF 0 FF 0 0 
ID: 316, Data: 845 7F 1B 25 90 1B 1E 7C 
ID: 153, Data: 80 0 0 FF 0 FF 0 0 
ID: 316, Data: 845 90 D7 27 95 1B 1E 7C 
ID: 316, Data: 845 9C 11 29 94 1C 1E 7C 
ID: 43F, Data: 82 48 60 FF 71 80 24 0 
ID: 316, Data: 845 9C 76 2A 94 1D 1F 7C 
ID: A1, Data: 883 7D 7E 7F 56 0 0 0 
ID: 316, Data: 845 95 8D 2A 94 1D 20 7C 
ID: 316, Data: 845 94 8D 2A 94 1D 21 7C 
ID: 43F, Data: 82 48 60 FF 71 14 26 0 
ID: 280, Data: 830 0 88 AF 55 58 6A A7 
ID: 153, Data: 80 0 0 FF 0 FF 0 0 
ID: 153, Data: 80 0 0 FF 0 FF 0 0 
ID: 316, Data: 845 AF 59 2D BE 1D 23 7C 
ID: 153, Data: 80 0 0 FF 0 FF 0 0 
ID: 329, Data: 884 AF 80 8 11 7A 75 26 
ID: 316, Data: 845 B7 81 2F C3 1E 24 7C 
ID: 18F, Data: 8AA 3E 0 0 0 0 0 0 
ID: 43F, Data: 82 48 60 FF 71 C0 2B 0 
ID: 153, Data: 80 0 0 FF 0 FF 0 0 
ID: 316, Data: 845 C7 E0 31 D8 1E 26 7C 
ID: 316, Data: 845 C9 81 32 DD 1F 27 7C 
ID: 43F, Data: 82 48 60 FF 71 1C 2E 0 
ID: 316, Data: 845 C9 F2 33 DF 1F 28 7C 
ID: 153, Data: 80 0 0 FF 0 FF 0 0 
ID: 43F, Data: 82 48 60 FF 71 3C 30 0 
ID: 316, Data: 845 CD 79 35 DF 20 2A 7C 
ID: 316, Data: 845 CD E8 35 DF 20 2B 7C 
ID: 316, Data: 845 CC CB 36 DF 20 2B 7C 
ID: 18F, Data: 8AA 3F 0 0 0 0 0 0 
ID: 43F, Data: 82 48 60 FF 71 CC 33 0 
ID: 316, Data: 845 CD D1 38 E0 21 2D 7C 
ID: 316, Data: 845 CD 4E 39 E0 21 2E 7C 
ID: 316, Data: 845 CD CD 39 E0 21 2F 7C 
ID: 280, Data: 830 0 88 AF 74 7B 6A D3 
ID: 43F, Data: 82 48 60 FF 70 4C 37 0 
ID: 329, Data: 8B AF 80 8 11 C4 B9 26 
ID: 153, Data: 80 0 0 FF 0 FF 0 0 
ID: 153, Data: 80 0 0 FF 0 FF 0 0 
ID: 316, Data: 845 CF 89 3D E1 23 32 7C 
ID: 43F, Data: 82 48 60 FF 71 74 3A 0 
ID: 316, Data: 845 CF 4A 3F E2 23 33 7C 
ID: 153, Data: 80 0 0 FF 0 FF 0 0 
ID: 153, Data: 80 0 0 FF 0 FF 0 0 
ID: 316, Data: 845 D5 25 41 E4 24 35 7C 
ID: 153, Data: 80 0 0 FF 0 FF 0 0 
ID: 316, Data: 845 D6 AA 42 E5 24 37 7C 
ID: 316, Data: 845 D7 57 43 E6 24 37 7C 
ID: 43F, Data: 82 48 60 FF 70 58 40 0 
ID: 329, Data: 884 AF 80 8 11 D2 CB 26 
ID: 153, Data: 80 0 0 FF 0 FF 0 0 
ID: 316, Data: 845 DD 2C 46 EA 25 3A 7D 
ID: 1F1, Data: 80 A7 CE 21 1D E9 C1 1E 
ID: 545, Data: 8E4 EA 4 8C CC C CC C 
ID: 370, Data: 8FF D2 F0 FF FF FF FF FF 
ID: 5F0, Data: 20 0 
ID: 153, Data: 80 0 0 FF 0 FF 0 0 
ID: 153, Data: 80 0 0 FF 0 FF 0 0 
ID: 1F0, Data: 8F9 3F F9 BF 0 0 0 0 
ID: 316, Data: 85 E5 78 4B F0 1D 3F 7D 
ID: 316, Data: 85 E4 B 4C F0 1E 3F 7D 
ID: 316, Data: 85 E5 EC 4C A4 1E 40 7D 
ID: 316, Data: 85 DF 84 4D 7 1E 41 7D 
ID: A0, Data: 8FF 7C A0 4C 41 B6 4 0 
ID: 43F, Data: 842 48 60 FF 70 BC 4A 0 
ID: 153, Data: 80 0 0 FF 0 FF 0 0 
ID: 18F, Data: 8AA 42 0 0 0 0 0 0 
ID: 316, Data: 85 29 F1 47 A 1F 43 7D 
ID: 316, Data: 85 23 33 48 A 1F 43 7D 
ID: 2A0, Data: 840 5E 69 18 31 0 10 0 
ID: 153, Data: 80 0 0 FF 0 FF 0 0 
ID: 316, Data: 85 1E 12 4A A 20 43 7D 
ID: 370, Data: 8FF D2 F0 FF FF FF FF FF 
ID: 316, Data: 85 1D 12 4A A 20 43 7D 
ID: 1F1, Data: 80 B8 12 2 21 18 B2 21 
ID: 153, Data: 80 0 0 FF 0 FF 0 0 
ID: 260, Data: 8B 1B B 30 0 FF 86 3C 
ID: 316, Data: 85 1A BA 48 A 20 42 7D 
ID: 545, Data: 8E4 99 0 8D 9D FF 9D FF 
ID: 43F, Data: 842 48 60 FF 71 E0 48 0 
ID: 5F0, Data: 20 0 
ID: 316, Data: 85 1B F1 47 A 1F 42 7D 
ID: 43F, Data: 82 48 60 FF 71 B4 48 0 
ID: 43F, Data: 82 48 60 FF 71 BC 48 0 
ID: 43F, Data: 82 48 60 FF 71 B8 48 0 
ID: 18F, Data: 8AA 3E 0 0 0 0 0 0 
ID: 316, Data: 85 1D 33 48 A 1F 41 7D 
ID: 440, Data: 8FE 82 41 A0 FF AA AA AA 
ID: 316, Data: 85 1D 33 48 A 1F 41 7D 
ID: 153, Data: 80 0 0 FF 0 FF 0 0 
ID: 153, Data: 80 0 0 FF 0 FF 0 0 
ID: 316, Data: 85 1E AF 47 A 1F 41 7D 
ID: 18F, Data: 8AA 3E 0 0 0 0 0 0 
ID: 316, Data: 85 1E 6D 47 A 1F 41 7D 
ID: 43F, Data: 82 48 60 FF 71 C4 47 0 
ID: 153, Data: 80 0 0 FF 0 FF 0 0 
ID: 316, Data: 8D 1E 6D 47 A 1F 41 7D 
ID: 153, Data: 80 0 0 FF 0 FF 0 0 
ID: 545, Data: 8E4 A6 0 8C 99 FF 99 FF 
ID: 5F0, Data: 20 0 
ID: 153, Data: 80 0 0 FF 0 FF 0 0 
ID: A1, Data: 880 7D 80 80 14 0 0 0 
ID: 280, Data: 830 0 20 AF 8A 18 68 33 
ID: 2A0, Data: 840 3D 68 18 31 0 10 0 
ID: 153, Data: 80 0 0 FF 0 FF 0 0 
ID: 316, Data: 8D 0 F7 44 B 1E 40 7D 
ID: 153, Data: 80 0 0 FF 0 FF 0 0 
ID: 153, Data: 80 0 0 FF 0 FF 0 0 
ID: 316, Data: 8D 0 6 44 B 1E 3F 7D 
ID: 440, Data: 8FE 22 3F A0 FF AA AA AA 
ID: 43F, Data: 82 48 60 FF 72 24 45 0 
ID: 260, Data: 80 0 B 30 0 FF 7D 3D 
ID: 43F, Data: 82 48 60 FF 72 EC 44 0 
ID: 153, Data: 80 0 0 FF 0 FF 0 0 
ID: 153, Data: 80 0 0 FF 0 FF 0 0 
ID: 316, Data: 8D 0 AA 42 B 1E 3E 7D 
ID: 153, Data: 80 0 0 FF 0 FF 0 0 
ID: 316, Data: 8D 0 71 42 B 1E 3E 7D 
ID: 43F, Data: 82 48 60 FF 72 58 44 0 
ID: 43F, Data: 82 48 60 FF 72 30 44 0 
ID: 316, Data: 8D 0 1 42 B 1E 3E 7D 
ID: A1, Data: 880 7F 80 7D 1A 0 0 0 
ID: A0, Data: 82B 7C 1 42 3E 36 4 0 
ID: 18F, Data: 8AA 3A 0 0 0 0 0 0 
ID: 440, Data: 8FE 22 3D A0 FF AA AA AA 
ID: A0, Data: 82A 7C 5C 41 3E 36 4 0 
ID: 153, Data: 80 0 0 FF 0 FF 0 0 
ID: 316, Data: 8D 0 B9 40 B 1E 3D 7D 
ID: 440, Data: 8FE 22 3C A0 FF AA AA AA 
ID: 316, Data: 8D 0 4F 40 B 1E 3C 7D 
ID: 316, Data: 8D 0 1A 40 B 1E 3C 7D 
ID: 153, Data: 80 0 0 FF 0 FF 0 0 
ID: 316, Data: 8D 0 E5 3F B 1E 3C 7D 
ID: 316, Data: 8D 0 B1 3F B 1E 3C 7D 
ID: 316, Data: 8D 0 B1 3F B 1E 3C 7D 
ID: 260, Data: 80 0 B 30 0 FF 7D 2E 
ID: 5A1, Data: 880 3 90 23 30 30 30 0 
ID: 316, Data: 8D 0 17 3F B 1E 3B 7D 
ID: 1F0, Data: 8F9 3F F9 BF 0 0 0 0 
ID: 316, Data: 8D 0 B2 3E B 1E 3B 7D 
ID: 316, Data: 8D 0 80 3E B 1E 3B 7D 
ID: 18F, Data: 8AA 39 0 0 0 0 0 0 
ID: 43F, Data: 82 48 60 FF 72 40 40 0 
ID: 260, Data: 80 0 B 30 0 FF 7D 3D 
ID: 43F, Data: 82 48 60 FF 72 0 40 0 
ID: 153, Data: 80 0 0 FF 0 FF 0 0 
ID: 153, Data: 80 0 0 FF 0 FF 0 0 
ID: 316, Data: 8D 0 89 3D B 1E 3A 7D 
ID: 43F, Data: 82 48 60 FF 72 40 3F 0 
ID: 316, Data: 8D 0 29 3D B 1E 39 7D 
ID: 316, Data: 8D 0 CA 3C B 1E 39 7D 
ID: 316, Data: 8D 0 CA 3C B 1E 39 7D 
ID: A0, Data: 827 7B 6C 3C 39 34 4 0 
ID: 153, Data: 80 0 0 FF 0 FF 0 0 
ID: 316, Data: 8D 0 3D 3C B 1D 39 7D 
ID: 153, Data: 80 0 0 FF 0 FF 0 0 
ID: 153, Data: 80 0 0 FF 0 FF 0 0 
ID: 5F0, Data: 20 0 
ID: 260, Data: 80 0 B 30 0 FF 7D 3D 
ID: 545, Data: 8E4 0 0 8D F1 FD F1 FD 
ID: 43F, Data: 82 48 60 FF 72 A4 3D 0 
ID: 316, Data: 8D 0 2B 3B B 1D 38 7D 
ID: 316, Data: 8D 0 2B 3B B 1D 38 7D 
ID: 316, Data: 8D 0 D2 3A B 1D 37 7D 
ID: 545, Data: 8E4 0 0 8D F6 FD F6 FD 
ID: 153, Data: 80 0 0 FF 0 FF 0 0 
ID: 43F, Data: 82 48 60 FF 72 90 3C 0 
ID: 153, Data: 80 0 0 FF 0 FF 0 0 
ID: 316, Data: 8D 0 23 3A B 1D 37 7D 
ID: 1F0, Data: 8F8 3F F9 BF 0 0 0 0 
ID: 153, Data: 80 0 0 FF 0 FF 0 0 
ID: 316, Data: 8D 0 78 39 B 1D 36 7D 
ID: 153, Data: 80 0 0 FF 0 FF 0 0 
ID: 316, Data: 8D 0 4E 39 B 1D 36 7D 
ID: 153, Data: 80 0 0 FF 0 FF 0 0 
ID: 43F, Data: 82 48 60 FF 72 54 3B 0 
ID: 43F, Data: 82 48 60 FF 72 24 3B 0 
ID: 1F1, Data: 80 51 A6 41 1A AE E1 1A 
ID: A0, Data: 828 7B 7F 38 36 33 4 0 
ID: 316, Data: 8D 0 56 38 A 1C 35 7D 
ID: 316, Data: 8D 0 2E 38 B 1C 35 7D 
ID: 2A0, Data: 8E0 17 68 18 31 0 10 0 
ID: 153, Data: 80 0 0 FF 0 FF 0 0 
ID: 316, Data: 8D 0 8E 37 B 1C 35 7D 
ID: 153, Data: 80 0 0 FF 0 FF 0 0 
ID: 316, Data: 8D 0 66 37 14 26 34 7D 
ID: 153, Data: 80 0 0 FF 0 FF 0 0 
ID: 153, Data: 80 0 0 FF 0 FF 0 0 
ID: 316, Data: 8D 0 F1 36 15 26 34 7D 
ID: 43F, Data: 82 48 60 FF 73 2C 39 0 
ID: 370, Data: 8FF CF F0 FF FF FF FF FF 
ID: 316, Data: 8D 0 59 36 15 26 34 7D 
ID: 153, Data: 80 0 0 FF 0 FF 0 0 
ID: 316, Data: 8D 0 D 36 15 26 33 7D 
ID: 153, Data: 80 0 0 FF 0 FF 0 0 
ID: 316, Data: 84D 0 C3 35 15 26 33 7D 
ID: 316, Data: 84D 0 9E 35 15 26 33 7D 
ID: 2A0, Data: 820 13 68 18 31 0 10 0 
ID: 43F, Data: 82 48 60 FF 73 B4 37 0 
ID: 43F, Data: 82 48 60 FF 72 A0 37 0 
ID: 545, Data: 8E4 0 0 8D 5C FD 5C FD 
ID: 316, Data: 84D 0 48 33 15 26 32 7D 
ID: 316, Data: 84D 0 26 33 17 26 32 7D 
ID: 43F, Data: 82 48 60 FF 72 F4 36 0 
ID: 43F, Data: 82 48 60 FF 73 CC 36 0 
ID: 370, Data: 8FF CA F0 FF FF FF FF FF 
ID: 316, Data: 84D 0 20 32 1B 26 31 7D 
ID: 329, Data: 8B AE 80 8 11 37 3 26 
ID: 43F, Data: 82 48 60 FF 73 14 36 0 
ID: 43F, Data: 82 48 60 FF 73 F8 35 0 
ID: 329, Data: 840 AE 80 8 11 37 4 26 
ID: A0, Data: 821 7B E0 31 32 2F 4 0 
ID: 316, Data: 84D 0 E6 30 21 26 31 7D 
ID: 153, Data: 80 0 0 FF 0 FF 0 0 
ID: A0, Data: 822 7B 23 31 31 2F 4 0 
ID: 280, Data: 830 0 88 AE 62 12 68 35 
ID: 1F0, Data: 8F8 3F F9 BF 0 0 0 0 
ID: 316, Data: 845 1F E3 32 21 26 30 7D 
ID: 153, Data: 80 0 0 FF 0 FF 0 0 
ID: 440, Data: 8FE 82 2F A0 FF AA AA AA 
ID: A0, Data: 824 7B 5 33 30 30 2 0 
ID: 316, Data: 845 1F 7E 34 20 26 2F 7D 
ID: 316, Data: 845 1E 7E 34 20 26 2F 7D 
ID: 153, Data: 80 0 0 FF 0 FF 0 0 
ID: 316, Data: 845 1E 7E 34 1C 26 2F 7D 
ID: 316, Data: 845 1F 5B 34 17 26 2F 7D 
ID: 370, Data: 8FF C9 F0 FF FF FF FF FF 
ID: 316, Data: 845 1E 38 34 15 26 2F 7D 
ID: 153, Data: 80 0 0 FF 0 FF 0 0 
ID: 43F, Data: 82 48 60 FF 73 34 34 0 
ID: 316, Data: 845 1B AD 33 16 27 2F 7D 
ID: 43F, Data: 82 48 60 FF 73 10 34 0 
ID: 316, Data: 845 1A 69 33 16 27 2F 7D 
ID: A0, Data: 81D 7B 26 33 2F 2E 2 0 
ID: 43F, Data: 82 48 60 FF 73 D8 33 0 
ID: 329, Data: 840 AE 80 8 11 36 0 26 
ID: 440, Data: 8FE 72 2E A0 FF AA AA AA 
ID: 316, Data: 845 16 20 32 16 27 2F 7D 
ID: A0, Data: 81E 7B C2 32 2F 2E 2 0 
ID: 153, Data: 80 0 0 FF 0 FF 0 0 
ID: 316, Data: 845 16 42 31 16 26 2E 7D 
ID: 316, Data: 845 16 5 31 16 26 2E 7D 
ID: 153, Data: 80 0 0 FF 0 FF 0 0 
ID: 316, Data: 845 17 A9 30 16 26 2E 7D 
ID: 153, Data: 80 0 0 FF 0 FF 0 0 
ID: 153, Data: 80 0 0 FF 0 FF 0 0 
ID: 280, Data: 830 0 84 AE 60 12 68 32 
ID: 316, Data: 845 18 F6 2F 16 26 2E 7D 
ID: 153, Data: 80 0 0 FF 0 FF 0 0 
ID: 316, Data: 845 19 F6 2F 16 26 2E 7D 
ID: 316, Data: 845 19 F6 2F 16 26 2D 7D 
ID: 43F, Data: 82 48 60 FF 73 4 32 0 
ID: 153, Data: 80 0 0 FF 0 FF 0 0 
ID: 545, Data: 8E4 76 0 8D D FF D FF 
ID: 370, Data: 8FF CF F0 FF FF FF FF FF 
ID: 329, Data: 8ED AE 80 8 11 37 0 26 
ID: 316, Data: 84D 18 64 2F D 1C 2D 7D 
ID: 1F1, Data: 80 41 5C 51 16 67 A1 16 
ID: 43F, Data: 82 48 60 FF 73 5C 31 0 
ID: 316, Data: 84D 14 F2 2E D 1C 2D 7D 
ID: 2A0, Data: 880 9 68 18 31 0 10 0 
ID: 316, Data: 84D 10 30 2E D 1C 2C 7D 
ID: 1F1, Data: 80 73 5F A1 15 63 61 16 
ID: 1F0, Data: 8F8 3F F9 BF 0 0 0 0 
ID: 316, Data: 8D 8 74 2D D 1C 2C 7D 
ID: 440, Data: 8FE 72 2B A0 FF AA AA AA 
ID: 316, Data: 8D 4 25 2D D 1C 2C 7D 
ID: 153, Data: 80 0 0 FF 0 FF 0 0 
ID: 316, Data: 8D 0 BE 2C D 1B 2B 7D 
ID: 316, Data: 8D 0 A4 2C D 1B 2B 7D 
ID: 153, Data: 80 0 0 FF 0 FF 0 0 
ID: 316, Data: 8D 0 26 2C D 1B 2B 7D 
ID: 153, Data: 80 0 0 FF 0 FF 0 0 
ID: 316, Data: 8D 0 AB 2B D 1B 2B 7D 
ID: 43F, Data: 82 48 60 FF 73 58 2F 0 
ID: 43F, Data: 82 48 60 FF 73 38 2F 0 
ID: 370, Data: 8FF D7 F0 FF FF FF FF FF 
ID: 153, Data: 80 0 0 FF 0 FF 0 0 
ID: 1F1, Data: 80 EB 4E 21 15 53 61 15 
ID: 316, Data: 8D 0 8D 2A D 1B 2A 7D 
ID: 43F, Data: 82 48 60 FF 73 84 2E 0 
ID: 43F, Data: 82 48 60 FF 73 58 2E 0 
ID: 316, Data: 8D 0 4 2A D 1B 2A 7D 
ID: A1, Data: 880 80 80 7D 1B 0 0 0 
ID: 370, Data: 8FF D8 F0 FF FF FF FF FF 
ID: 43F, Data: 82 48 60 FF 73 C4 2D 0 
ID: 316, Data: 8D 0 68 29 E 1A 29 7D 
ID: 153, Data: 80 0 0 FF 0 FF 0 0 
ID: 153, Data: 80 0 0 FF 0 FF 0 0 
ID: 153, Data: 80 0 0 FF 0 FF 0 0 
ID: 280, Data: 830 0 20 AE 51 16 68 39 
ID: 316, Data: 8D 0 A6 28 E 1A 29 7D 
ID: 440, Data: 8FE 82 28 A0 FF AA AA AA 
ID: 316, Data: 8D 0 3D 28 E 1A 29 7D 
ID: 2A0, Data: 820 6 68 18 31 0 10 0 
ID: 153, Data: 80 0 0 FF 0 FF 0 0 
ID: 316, Data: 8D 0 C2 27 E 1A 28 7D 
ID: 153, Data: 80 0 0 FF 0 FF 0 0 
ID: 316, Data: 8D 0 72 27 E 1A 28 7D 
ID: 43F, Data: 82 48 60 FF 73 F0 2B 0 
ID: 153, Data: 80 0 0 FF 0 FF 0 0 
ID: 316, Data: 8D 0 E9 26 E 1A 28 7D 
ID: 153, Data: 80 0 0 FF 0 FF 0 0 
ID: 316, Data: 8D 0 9C 26 E 1A 27 7D 
ID: 153, Data: 80 0 0 FF 0 FF 0 0 
ID: 43F, Data: 82 48 60 FF 73 24 2B 0 
ID: 43F, Data: 82 48 60 FF 73 0 2B 0 
ID: 316, Data: 8D 0 F3 25 F 1A 27 7D 
ID: 545, Data: 8E4 0 0 8C 31 FE 31 FE 
ID: 43F, Data: 82 48 60 FF 73 80 2A 0 
ID: 153, Data: 80 0 0 FF 0 FF 0 0 
ID: 316, Data: 8D 0 1B 25 10 1A 26 7D 
ID: 43F, Data: 82 48 60 FF 73 30 2A 0 
ID: 316, Data: 8D 0 A1 24 F 19 26 7D 
ID: 153, Data: 80 0 0 FF 0 FF 0 0 
ID: 153, Data: 80 0 0 FF 0 FF 0 0 
ID: 153, Data: 80 0 0 FF 0 FF 0 0 
ID: 260, Data: 80 0 10 30 0 FF 6B 2B 
ID: 316, Data: 8D 0 C7 23 10 19 26 7D 
ID: 280, Data: 830 0 20 AE 47 17 68 3E 
ID: 43F, Data: 82 48 60 FF 73 2C 29 0 
ID: 316, Data: 8D 0 26 23 12 19 25 7D 
ID: 260, Data: 80 0 12 30 0 FF A6 C 
ID: 316, Data: 8D 0 B8 22 12 19 25 7D 
ID: 153, Data: 80 0 0 FF 0 FF 0 0 
ID: 316, Data: 8D 0 4E 22 13 19 25 7D 
ID: 316, Data: 8D 0 21 22 13 19 25 7D 
ID: 280, Data: 830 0 20 AE 43 13 68 37 
ID: 43F, Data: 82 48 60 FF 73 C 28 0 
ID: 316, Data: 8D 0 71 21 14 19 24 7D 
ID: 329, Data: 884 AE 80 8 11 31 1 26 
ID: 153, Data: 80 0 0 FF 0 FF 0 0 
ID: 153, Data: 80 0 0 FF 0 FF 0 0 
ID: 43F, Data: 82 48 60 FF 73 68 27 0 
ID: 153, Data: 80 0 0 FF 0 FF 0 0 
ID: 43F, Data: 82 48 60 FF 73 38 27 0 
ID: 153, Data: 80 0 0 FF 0 FF 0 0 
ID: 153, Data: 80 0 0 FF 0 FF 0 0 
ID: 316, Data: 85 1D F2 1F 1D 19 23 7D 
ID: A1, Data: 880 7B 80 7C 19 0 0 0 
ID: 316, Data: 85 1D 3 22 1C 1A 23 7D 
ID: 316, Data: 85 1C D7 22 1C 1A 23 7D 
ID: 280, Data: 830 0 88 AE 47 10 68 30 
ID: 43F, Data: 82 48 60 FF 73 64 26 0 
ID: 316, Data: 85 1B E6 24 1B 1A 23 7D 
ID: 153, Data: 80 0 0 FF 0 FF 0 0 
ID: 316, Data: 85 1A 50 25 1B 1A 22 7D 
ID: 153, Data: 80 0 0 FF 0 FF 0 0 
ID: 2A0, Data: 861 4 68 18 31 0 10 0 
ID: 316, Data: 85 1A 86 25 1B 1A 22 7D 
ID: 153, Data: 80 0 0 FF 0 FF 0 0 
ID: 43F, Data: 82 48 60 FF 73 EC 25 0 
ID: 153, Data: 80 0 0 FF 0 FF 0 0 
ID: 316, Data: 85 1A 62 25 1B 1A 22 7D 
ID: 153, Data: 80 0 0 FF 0 FF 0 0 
ID: 316, Data: 85 1A 62 25 1B 1A 22 7D 
ID: 316, Data: 85 1A 50 25 1B 1A 22 7D 
ID: 260, Data: 8B 1B 1C 30 0 FF D1 1C 
ID: 43F, Data: 82 48 60 FF 73 9C 25 0 
ID: 43F, Data: 82 48 60 FF 73 A0 25 0 
ID: 260, Data: 8B 1B 1B 30 0 FF D1 1D 
ID: 316, Data: 85 1B 2C 25 1B 1A 22 7D 
ID: 316, Data: 85 1B 1B 25 1B 1A 22 7D 
ID: 43F, Data: 82 48 60 FF 73 7C 25 0 
ID: 43F, Data: 82 48 60 FF 73 64 25 0 
ID: 2A0, Data: 81 4 68 18 31 0 10 0 
ID: 316, Data: 85 1B E6 24 1B 1A 21 7D 
ID: 153, Data: 80 0 0 FF 0 FF 0 0 
ID: 329, Data: 8B AE 80 8 11 33 5 26 
ID: 316, Data: 85 1B D5 24 1B 1A 21 7D 
ID: 316, Data: 85 1B D5 24 1B 1A 21 7D 
ID: 1F1, Data: 80 85 A B1 10 E E1 10 
ID: 316, Data: 85 1B C3 24 1B 1A 21 7D 
ID: 316, Data: 85 1B B2 24 1B 1A 21 7D 
ID: 316, Data: 85 1B C3 24 1B 1A 21 7D 
ID: 316, Data: 85 1B A1 24 1B 1A 21 7D 
ID: 43F, Data: 82 48 60 FF 73 E8 24 0 
ID: 43F, Data: 82 48 60 FF 73 E0 24 0 
ID: 18F, Data: 8AA 38 0 0 0 0 0 0 
ID: 316, Data: 85 1B 90 24 1B 1A 21 7D 
ID: 440, Data: 8FE D2 21 A0 FF AA AA AA 
ID: 316, Data: 85 1B 6E 24 1B 1A 21 7D 
ID: 1F0, Data: 8F9 3F F9 BF 0 0 0 0 
ID: 43F, Data: 82 48 60 FF 73 9C 24 0 
ID: 316, Data: 85 1B 4C 24 1B 1A 21 7D 
ID: 370, Data: 8FF E0 F0 FF FF FF FF FF 
ID: 153, Data: 80 0 0 FF 0 FF 0 0 
ID: 1F0, Data: 8F9 3F F9 BF 0 0 0 0 
ID: 329, Data: 884 AF 80 8 11 33 5 26 
ID: 260, Data: 8B 1C 1C 30 0 FF D1 39 
ID: 153, Data: 80 0 0 FF 0 FF 0 0 
ID: 153, Data: 80 0 0 FF 0 FF 0 0 
ID: 316, Data: 85 1B E8 23 1B 1A 21 7D 
ID: 153, Data: 80 0 0 FF 0 FF 0 0 
ID: 316, Data: 85 1B D7 23 1C 1A 21 7D 
ID: 1F1, Data: 80 2E FF E0 F 8 91 10 
ID: 280, Data: 830 0 88 AF 47 10 68 31 
ID: 153, Data: 80 0 0 FF 0 FF 0 0 
ID: 1F0, Data: 8F9 3F F9 BF 0 0 0 0 
ID: 316, Data: 85 1C C7 23 1B 1A 20 7D 
ID: 316, Data: 85 1C D7 23 1B 1A 20 7D 
ID: 545, Data: 8E4 53 0 8D 1C 0 1C 0 
ID: 43F, Data: 82 48 60 FF 73 DC 23 0 
ID: 153, Data: 80 0 0 FF 0 FF 0 0 
ID: 280, Data: 830 0 88 AF 47 10 68 30 
ID: 43F, Data: 82 48 60 FF 73 CC 23 0 
ID: A0, Data: 820 7C 96 23 21 2A 2 0 
ID: 316, Data: 85 1B 96 23 1F 1A 20 7D 
ID: 316, Data: 85 1B 76 23 1F 1A 20 7D 
ID: A1, Data: 88D 7B 96 7D 17 0 0 0 
ID: 43F, Data: 82 48 60 FF 73 B4 23 0 
ID: 153, Data: 80 0 0 FF 0 FF 0 0 
ID: 43F, Data: 82 48 60 FF 73 AC 23 0 
ID: 316, Data: 85 1E 76 23 26 1A 20 7D 
ID: 260, Data: 8B 1F 26 30 0 FF D2 1C 
ID: 316, Data: 85 20 B6 23 25 1A 20 7D 
ID: 329, Data: 8ED AF 80 8 11 36 A 26 
ID: 43F, Data: 82 48 60 FF 73 D0 23 0 
ID: 316, Data: 85 22 4C 24 25 19 20 7D 
ID: 545, Data: 8E4 66 0 8C 9E 0 9E 0 
ID: 316, Data: 85 22 90 24 25 19 20 7D 
ID: 316, Data: 85 22 90 24 25 19 20 7D 
ID: 260, Data: 8B 23 26 30 0 FF D6 4 
ID: 43F, Data: 82 48 60 FF 73 84 23 0 
ID: 1F1, Data: 80 DA FD D0 F 4 31 10 
ID: A0, Data: 829 7C 6E 24 20 2E 2 0 
ID: 153, Data: 80 0 0 FF 0 FF 0 0 
ID: 153, Data: 80 0 0 FF 0 FF 0 0 
ID: 153, Data: 80 0 0 FF 0 FF 0 0 
ID: 18F, Data: 8AA 36 0 0 0 0 0 0 
ID: 316, Data: 85 24 2A 24 28 19 20 7D 
ID: 153, Data: 80 0 0 FF 0 FF 0 0 
ID: 260, Data: 8B 25 28 30 0 FF D6 3D 
ID: 329, Data: 8ED AF 80 8 11 37 B 26 
ID: 153, Data: 80 0 0 FF 0 FF 0 0 
ID: 316, Data: 85 26 A1 24 28 19 20 7D 
ID: 153, Data: 80 0 0 FF 0 FF 0 0 
ID: 316, Data: 85 27 A1 24 28 19 20 7D 
ID: 316, Data: 85 27 A1 24 28 19 20 7D 
ID: 260, Data: 8B 28 28 30 0 FF D6 3A 
ID: 43F, Data: 82 48 60 FF 73 F0 23 0 
ID: 316, Data: 85 27 B2 24 28 19 20 7D 
ID: A1, Data: 88F 7C 93 7E 1F 0 0 0 
ID: 316, Data: 85 28 C3 24 28 19 20 7D 
ID: 153, Data: 80 0 0 FF 0 FF 0 0 
ID: 153, Data: 80 0 0 FF 0 FF 0 0 
ID: 280, Data: 830 0 88 AF 49 18 68 40 
ID: 370, Data: 8FF E0 F0 FF FF FF FF FF 
ID: 153, Data: 80 0 0 FF 0 FF 0 0 
ID: 1F0, Data: 8F9 3F F9 BF 0 0 0 0 
ID: 316, Data: 85 27 D5 24 28 19 20 7D 
ID: 316, Data: 85 27 D5 24 28 19 20 7D 
ID: 18F, Data: 8AA 36 0 0 0 0 0 0 
ID: 5F0, Data: 20 0 
ID: 153, Data: 80 0 0 FF 0 FF 0 0 
ID: 43F, Data: 82 48 60 FF 73 6C 24 0 
ID: 260, Data: 8B 27 28 30 0 FF D6 1D 
ID: 43F, Data: 82 48 60 FF 73 8C 24 0 
ID: 43F, Data: 82 48 60 FF 73 8C 24 0 
ID: 153, Data: 80 0 0 FF 0 FF 0 0 
ID: 153, Data: 80 0 0 FF 0 FF 0 0 
ID: 18F, Data: 8AA 36 0 0 0 0 0 0 
ID: 280, Data: 830 0 88 AF 4A 17 68 3D 
ID: 316, Data: 85 27 2C 25 27 19 21 7D 
ID: 43F, Data: 82 48 60 FF 73 7C 24 0 
ID: 440, Data: 8FE D2 20 A0 FF AA AA AA 
ID: 545, Data: 8E4 71 0 8C EE 0 EE 0 
ID: 316, Data: 85 27 2C 25 28 19 21 7D 
ID: 316, Data: 85 27 3E 25 28 19 21 7D 
ID: 43F, Data: 82 48 60 FF 73 BC 24 0 
ID: 316, Data: 85 27 62 25 28 19 21 7D 
ID: 2A0, Data: 81 8 68 18 31 0 10 0 
ID: 316, Data: 85 27 86 25 28 19 21 7D 
ID: 316, Data: 85 27 86 25 28 19 21 7D 
ID: 545, Data: 8E4 70 0 8C F6 0 F6 0 
ID: 316, Data: 85 27 98 25 28 19 21 7D 
ID: 316, Data: 85 28 98 25 28 19 21 7D 
ID: 18F, Data: 8AA 35 0 0 0 0 0 0 
ID: 316, Data: 85 28 98 25 28 19 21 7D 
ID: 153, Data: 80 0 0 FF 0 FF 0 0 
ID: 316, Data: 85 28 AA 25 28 19 21 7D 
ID: 153, Data: 80 0 0 FF 0 FF 0 0 
ID: 260, Data: 8B 28 29 30 0 FF D6 2A 
ID: 316, Data: 85 28 CE 25 29 19 21 7D 
ID: A1, Data: 88D 7C 86 7E 1E 0 0 0 
ID: 43F, Data: 82 48 60 FF 73 18 25 0 
ID: 316, Data: 85 28 CE 25 29 19 21 7D 
ID: 1F0, Data: 8F8 3F F9 BF 0 0 0 0 
ID: 316, Data: 85 28 E0 25 29 19 21 7D 
ID: 153, Data: 80 0 0 FF 0 FF 0 0 
ID: 280, Data: 830 0 88 AF 4C 18 68 40 
ID: 316, Data: 85 28 5 26 2A 19 21 7D 
ID: 153, Data: 80 0 0 FF 0 FF 0 0 
ID: 316, Data: 85 29 2A 26 29 19 21 7D 
ID: 153, Data: 80 0 0 FF 0 FF 0 0 
ID: 316, Data: 85 29 3D 26 29 19 21 7D 
ID: 316, Data: 85 29 50 26 29 19 21 7D 
ID: 260, Data: 8B 2A 29 30 0 FF D5 B 
ID: 43F, Data: 82 48 60 FF 73 7C 25 0 
ID: 43F, Data: 82 48 60 FF 73 8C 25 0 
ID: 440, Data: 8FE D2 21 A0 FF AA AA AA 
ID: 153, Data: 80 0 0 FF 0 FF 0 0 
ID: 545, Data: 8E4 77 0 8C 22 1 22 1 
ID: 316, Data: 85 29 89 26 29 19 22 7D 
ID: 280, Data: 830 0 88 AF 4C 19 68 41 
ID: 43F, Data: 82 48 60 FF 73 B4 25 0 
ID: 316, Data: 85 2A 76 26 2A 19 22 7D 
ID: 43F, Data: 82 48 60 FF 74 C0 25 0 
ID: 316, Data: 85 2A 89 26 2A 19 22 7D 
ID: 545, Data: 8E4 79 0 8C 1E 1 1E 1 
ID: 43F, Data: 82 48 60 FF 73 18 26 0 
ID: 43F, Data: 82 48 60 FF 73 34 26 0 
ID: 329, Data: 840 AF 80 8 11 39 E 26 
ID: 370, Data: 8FF E0 F0 FF FF FF FF FF 
ID: 316, Data: 85 29 23 27 2A 19 22 7D 
ID: 43F, Data: 82 48 60 FF 73 7C 26 0 
ID: 43F, Data: 82 48 60 FF 73 84 26 0 
ID: 280, Data: 830 0 88 AF 4E 19 68 41 
ID: A0, Data: 830 7C 37 27 23 30 2 0 
ID: 316, Data: 85 2A 4A 27 2A 19 22 7D 
ID: 280, Data: 830 0 88 AF 4E 19 68 41 
ID: 43F, Data: 82 48 60 FF 73 B0 26 0 
ID: 316, Data: 85 2A 72 27 2A 19 22 7D 
ID: 18F, Data: 8AA 35 0 0 0 0 0 0 
ID: 316, Data: 85 2A 72 27 2A 19 23 7D 
ID: 153, Data: 80 0 0 FF 0 FF 0 0 
ID: 316, Data: 85 2A 86 27 2A 19 23 7D 
ID: 316, Data: 85 2A 9A 27 2A 19 23 7D 
ID: A1, Data: 88A 7A 8A 78 1F 0 0 0 
ID: 43F, Data: 82 48 60 FF 73 F8 26 0 
ID: 316, Data: 85 2A C2 27 2A 19 23 7D 
ID: 280, Data: 830 0 88 B0 4F 19 68 41 
ID: 316, Data: 85 2A C2 27 2A 19 23 7D 
ID: 329, Data: 8ED B0 80 8 11 39 F 26 
ID: 43F, Data: 82 48 60 FF 73 F4 26 0 
ID: 43F, Data: 82 48 60 FF 73 0 27 0 
ID: 370, Data: 8FF E0 F0 FF FF FF FF FF 
ID: 43F, Data: 82 48 60 FF 73 24 27 0 
ID: 316, Data: 85 2B EB 27 2C 19 23 7D 
ID: 18F, Data: 8AA 34 0 0 0 0 0 0 
ID: 43F, Data: 82 48 60 FF 73 48 27 0 
ID: 153, Data: 80 0 0 FF 0 FF 0 0 
ID: 5F0, Data: 20 0 
ID: 153, Data: 80 0 0 FF 0 FF 0 0 
ID: 43F, Data: 82 48 60 FF 73 58 27 0 
ID: 153, Data: 80 0 0 FF 0 FF 0 0 
ID: 43F, Data: 82 48 60 FF 73 94 27 0 
ID: 153, Data: 80 0 0 FF 0 FF 0 0 
ID: 153, Data: 80 0 0 FF 0 FF 0 0 
ID: 316, Data: 85 33 FB 28 34 22 23 7D 
ID: 370, Data: 8FF E0 F0 FF FF FF FF FF 
ID: 316, Data: 85 35 FB 28 34 22 23 7D 
ID: 153, Data: 80 0 0 FF 0 FF 0 0 
ID: 43F, Data: 82 48 60 FF 73 1C 28 0 
ID: 43F, Data: 82 48 60 FF 73 30 28 0 
ID: 5F0, Data: 20 0 
ID: 370, Data: 8FF DE F0 FF FF FF FF FF 
ID: A0, Data: 83B 7C 3C 29 24 34 2 0 
ID: 316, Data: 845 36 FB 28 34 22 24 7D 
ID: 316, Data: 845 35 3C 29 33 22 24 7D 
ID: 153, Data: 80 0 0 FF 0 FF 0 0 
ID: A0, Data: 83B 7C 7E 29 25 34 2 0 
ID: 316, Data: 845 35 AA 29 33 22 24 7D 
ID: 260, Data: 8B 35 32 30 0 FF CF C 
ID: 316, Data: 845 35 94 29 31 22 24 7D 
ID: 316, Data: 845 34 94 29 31 22 24 7D 
ID: 316, Data: 845 34 AA 29 31 22 24 7D 
ID: 260, Data: 8B 34 31 30 0 FF D0 2A 
ID: 153, Data: 80 0 0 FF 0 FF 0 0 
ID: 280, Data: 830 0 88 B0 53 1E 68 4E 
ID: 316, Data: 845 33 D7 29 31 22 25 7D 
ID: 43F, Data: 82 48 60 FF 73 38 29 0 
ID: 316, Data: 845 33 1A 2A 30 22 25 7D 
ID: A1, Data: 885 7A 85 78 25 0 0 0 
ID: 43F, Data: 82 48 60 FF 73 60 29 0 
ID: 316, Data: 845 32 48 2A 31 23 25 7D 
ID: 18F, Data: 8AA 38 0 0 0 0 0 0 
ID: 316, Data: 845 31 48 2A 31 23 25 7D 
ID: 153, Data: 80 0 0 FF 0 FF 0 0 
ID: 280, Data: 830 0 88 B0 54 1D 68 4A 
ID: 316, Data: 845 31 31 2A 31 23 25 7D 
ID: 153, Data: 80 0 0 FF 0 FF 0 0 
ID: 316, Data: 845 31 5F 2A 31 23 25 7D 
ID: 316, Data: 845 31 76 2A 31 23 25 7D 
ID: 43F, Data: 82 48 60 FF 73 CC 29 0 
ID: 316, Data: 845 31 8D 2A 16 23 25 7D 
ID: 153, Data: 80 0 0 FF 0 FF 0 0 
ID: 316, Data: 845 2B A4 2A 16 23 25 7D 
ID: 316, Data: 845 26 5F 2A 17 24 25 7D 
ID: A1, Data: 882 7A 92 78 1C 0 0 0 
ID: 316, Data: 845 21 C0 29 17 24 26 7D 
ID: 316, Data: 845 20 AA 29 17 24 26 7D 
ID: 43F, Data: 82 48 60 FF 73 68 29 0 
ID: 329, Data: 8ED B0 80 8 11 33 0 26 
ID: 153, Data: 80 0 0 FF 0 FF 0 0 
ID: 316, Data: 845 1A 67 28 18 24 26 7D 
ID: 153, Data: 80 0 0 FF 0 FF 0 0 
ID: 545, Data: 8E4 53 0 8C 25 FF 25 FF 
ID: 316, Data: 845 17 D7 27 18 24 25 7D 
ID: 153, Data: 80 0 0 FF 0 FF 0 0 
ID: 316, Data: 845 14 23 27 19 24 25 7D 
ID: 316, Data: 845 14 E9 26 19 24 25 7D 
ID: 43F, Data: 82 48 60 FF 74 C 29 0 
ID: 316, Data: 845 16 2A 26 19 24 25 7D 
ID: 18F, Data: 8AA 3B 0 0 0 0 0 0 
ID: 153, Data: 80 0 0 FF 0 FF 0 0 
ID: 316, Data: 845 18 BC 25 19 23 25 7D 
ID: 153, Data: 80 0 0 FF 0 FF 0 0 
ID: 316, Data: 845 18 86 25 19 23 25 7D 
ID: 316, Data: 845 19 98 25 19 23 25 7D 
ID: 43F, Data: 82 48 60 FF 73 7C 28 0 
ID: 316, Data: 845 19 2C 25 19 23 24 7D 
ID: A0, Data: 827 7C 1B 25 25 2D 2 0 
ID: 316, Data: 845 19 2C 25 19 23 24 7D 
ID: 329, Data: 840 B0 80 8 11 35 0 26 
ID: 440, Data: 8FE 22 24 A0 FF AA AA AA 
ID: 316, Data: 845 19 C3 24 19 23 24 7D 
ID: 153, Data: 80 0 0 FF 0 FF 0 0 
ID: 280, Data: 830 0 A0 B0 49 15 68 37 
ID: 316, Data: 84D 1A 5D 24 19 23 24 7D 
ID: 43F, Data: 82 48 60 FF 73 54 27 0 
ID: 316, Data: 84D 15 C7 23 19 23 23 7D 
ID: 153, Data: 80 0 0 FF 0 FF 0 0 
ID: 316, Data: 84D 15 26 23 19 23 23 7D 
ID: 316, Data: 84D 11 A9 22 19 23 23 7D 
ID: 5F0, Data: 20 0 
ID: 153, Data: 80 0 0 FF 0 FF 0 0 
ID: 316, Data: 84D D 8E 21 1A 23 23 7D 
ID: 316, Data: 84D D 2A 21 1A 23 23 7D 
ID: 329, Data: 8B B0 80 8 11 35 0 26 
ID: 43F, Data: 82 48 60 FF 73 50 26 0 
ID: 43F, Data: 82 48 60 FF 73 20 26 0 
ID: 316, Data: 84D 4 7E 1F 1A 22 22 7D 
ID: A0, Data: 82C 7C 42 20 23 2D 4 0 
ID: 316, Data: 84D 4 7C 1E 1B 22 22 7D 
ID: 316, Data: 84D 0 2A 1E 1B 22 22 7D 
ID: 43F, Data: 82 48 60 FF 74 54 25 0 
ID: 316, Data: 84D 0 27 1D 1B 22 22 7D 
ID: A0, Data: 82E 7C 8A 1D 22 2C 4 0 
ID: 316, Data: 84D 0 2B 1C 1B 22 22 7D 
ID: 316, Data: 84D 0 A9 1B 1C 22 21 7D 
ID: 5F0, Data: 20 0 
ID: 316, Data: 84D 0 CF 1A 1C 22 21 7D 
ID: 316, Data: 84D 0 8F 1A 1C 22 21 7D 
ID: 18F, Data: 8AA 3D 0 0 0 0 0 0 
ID: 43F, Data: 82 48 60 FF 73 38 24 0 
ID: 43F, Data: 82 48 60 FF 74 20 24 0 
ID: 43F, Data: 82 48 60 FF 74 F4 23 0 
ID: 280, Data: 830 0 20 B0 31 19 68 41 
ID: 316, Data: 84D 0 2F 18 1D 21 20 7D 
ID: 316, Data: 84D 0 CF 17 1E 21 20 7D 
ID: 5F0, Data: 20 0 
ID: 43F, Data: 82 48 60 FF 74 44 23 0 
ID: 316, Data: 84D 0 C7 16 1E 21 20 7D 
ID: 280, Data: 830 0 20 B0 2C 19 68 42 
ID: 5F0, Data: 20 0 
ID: 316, Data: 845 5 99 15 20 21 1F 7D 
ID: 153, Data: 80 0 0 FF 0 FF 0 0 
ID: 316, Data: 845 B F1 14 20 21 1F 7D 
ID: 260, Data: 8B 11 21 30 0 FF 4F 39 
ID: 316, Data: 845 17 53 14 21 21 1F 7D 
ID: 316, Data: 845 1D E6 13 21 21 1F 7D 
ID: 43F, Data: 82 48 60 FF 74 4 22 0 
ID: 545, Data: 8E4 45 0 8C 2E 0 2E 0 
ID: 153, Data: 80 0 0 FF 0 FF 0 0 
ID: 153, Data: 80 0 0 FF 0 FF 0 0 
ID: A0, Data: 830 7C 6D 14 1F 29 2 0 
ID: 545, Data: 8E4 49 0 8C 7 0 7 0 
ID: 153, Data: 80 0 0 FF 0 FF 0 0 
ID: 18F, Data: 8AA 3E 0 0 0 0 0 0 
ID: 316, Data: 845 1F 9F 16 1F 22 1E 7D 
ID: 316, Data: 845 1F CE 16 1F 22 1E 7D 
ID: 43F, Data: 82 48 60 FF 74 CC 20 0 
ID: 316, Data: 845 1E 1F 17 1E 22 1E 7D 
ID: A0, Data: 82A 7C 48 17 1E 29 2 0 
ID: 153, Data: 80 0 0 FF 0 FF 0 0 
ID: 545, Data: 8E4 4A 0 8C AE FF AE FF 
ID: 316, Data: 845 1D 64 17 1E 22 1D 7D 
ID: 43F, Data: 82 48 60 FF 74 18 20 0 
ID: 440, Data: 8FE 82 1D A0 FF AA AA AA 
ID: 260, Data: 8B 1E 1E 30 0 FF 4F 12 
ID: 316, Data: 845 1E 87 17 1E 22 1D 7D 
ID: 260, Data: 8B 1E 1E 30 0 FF 4F 3 
ID: 153, Data: 80 0 0 FF 0 FF 0 0 
ID: 316, Data: 845 1E 4F 17 1E 22 1D 7D 
ID: 153, Data: 80 0 0 FF 0 FF 0 0 
ID: A0, Data: 82D 7C 25 17 1D 2A 2 0 
ID: 2A0, Data: 840 3 68 18 31 0 10 0 
ID: A0, Data: 82D 7C 25 17 1D 2A 2 0 
ID: 1F1, Data: 80 A7 DF A0 D E2 40 E 
ID: 153, Data: 80 0 0 FF 0 FF 0 0 
ID: 316, Data: 845 1F D4 16 1E 22 1C 7D 
ID: 153, Data: 80 0 0 FF 0 FF 0 0 
ID: A1, Data: 88B 80 8D 7D 1D 0 0 0 
ID: 280, Data: 830 0 84 B0 2D 17 68 3E 
ID: 43F, Data: 82 48 60 FF 74 80 1E 0 
ID: 316, Data: 845 1F 78 16 1E 22 1B 7D 
ID: 316, Data: 845 1F 3F 16 1E 22 1B 7D 
ID: 43F, Data: 82 48 60 FF 74 8 1E 0 
ID: 545, Data: 8E4 41 0 89 CE FF CE FF 
ID: A0, Data: 82E 7C FA 15 1C 29 2 0 
ID: 316, Data: 845 1F BD 15 1E 22 1B 7D 
ID: 316, Data: 845 1F AB 15 1E 22 1B 7D 
ID: 43F, Data: 82 48 60 FF 74 10 1D 0 
ID: 316, Data: 845 1F 81 15 1E 22 1A 7D 
ID: 153, Data: 80 0 0 FF 0 FF 0 0 
ID: 329, Data: 840 B0 80 8 12 31 0 26 
ID: 316, Data: 845 1F 24 15 1E 22 1A 7D 
ID: 260, Data: 8B 1F 1F 30 0 FF 55 19 
ID: 316, Data: 845 1F F1 14 1E 22 19 7D 
ID: 280, Data: 830 0 84 B0 29 17 68 3E 
ID: 153, Data: 80 0 0 FF 0 FF 0 0 
ID: 2A0, Data: 8E0 2 68 18 31 0 10 0 
ID: 316, Data: 845 1F 43 14 1F 22 19 7D 
ID: 280, Data: 830 0 84 B0 28 18 68 3E 
ID: 316, Data: 845 1F 53 14 1F 22 18 7D 
ID: 260, Data: 8B 20 1F 30 0 FF 58 5 
ID: 316, Data: 845 1F C8 13 1F 22 18 7D 
ID: 316, Data: 845 20 AA 13 1F 22 18 7D 
ID: 153, Data: 80 0 0 FF 0 FF 0 0 
ID: 2A0, Data: 840 2 68 18 31 0 10 0 
ID: 316, Data: 845 20 2C 13 20 22 17 7D 
ID: 153, Data: 80 0 0 FF 0 FF 0 0 
ID: 316, Data: 845 21 7 13 20 22 17 7D 
ID: 153, Data: 80 0 0 FF 0 FF 0 0 
ID: 316, Data: 845 21 C7 12 20 22 17 7D 
ID: 1F1, Data: 80 63 AF F0 A B3 40 B 
ID: 18F, Data: 8AA 3F 0 0 0 0 0 0 
ID: 43F, Data: 82 48 60 FF 74 38 18 0 
ID: 153, Data: 80 0 0 FF 0 FF 0 0 
ID: 43F, Data: 82 48 60 FF 73 D4 17 0 
ID: 153, Data: 80 0 0 FF 0 FF 0 0 
ID: 316, Data: 845 22 61 12 20 22 15 7D 
ID: 316, Data: 845 21 84 12 20 22 15 7D 
ID: 2A0, Data: 840 2 68 18 31 0 10 0 
ID: 316, Data: 845 21 6A 12 20 22 15 7D 
ID: 316, Data: 845 21 6A 12 20 22 15 7D 
ID: 153, Data: 80 0 0 FF 0 FF 0 0 
ID: 545, Data: 8E4 35 0 8C F6 FF F6 FF 
ID: 316, Data: 845 21 59 12 20 22 14 7D 
ID: 43F, Data: 82 48 60 FF 74 D0 15 0 
ID: 316, Data: 845 21 26 12 20 22 14 7D 
ID: 153, Data: 80 0 0 FF 0 FF 0 0 
ID: 316, Data: 845 21 F8 11 21 22 13 7D 
ID: 153, Data: 80 0 0 FF 0 FF 0 0 
ID: A0, Data: 82E 7D EF 11 14 27 2 0 
ID: 329, Data: 8B B0 80 8 12 2F 0 26 
ID: A0, Data: 82F 7D 93 11 13 27 2 0 
ID: 43F, Data: 82 48 60 FF 74 EC 13 0 
ID: 5F0, Data: 20 0 
ID: 43F, Data: 82 48 60 FF 73 84 13 0 
ID: 316, Data: 845 22 1 11 22 22 12 7D 
ID: 329, Data: 8ED B0 80 8 12 2F 0 26 
ID: 5F0, Data: 20 0 
ID: 316, Data: 845 22 7C 10 19 19 11 7D 
ID: 316, Data: 845 22 87 10 19 19 11 7D 
ID: 153, Data: 80 0 0 FF 0 FF 0 0 
ID: 545, Data: 8E4 2D 0 8C 71 0 71 0 
ID: 316, Data: 845 1F 50 10 19 19 10 7D 
ID: 1F0, Data: 8F9 3F F9 BF 0 0 0 0 
ID: 440, Data: 8FE 72 10 A0 FF AA AA AA 
ID: 43F, Data: 82 48 60 FF 73 28 11 0 
ID: A0, Data: 828 7D 9 10 10 25 2 0 
ID: 316, Data: 85 1C 15 F 1B 1A F 7D 
ID: 153, Data: 80 0 0 FF 0 FF 0 0 
ID: 316, Data: 85 1C A6 E 1C 1A F 7D 
ID: 153, Data: 80 0 0 FF 0 FF 0 0 
ID: 316, Data: 85 1C B4 E 1C 1A E 7D 
ID: 370, Data: 8FF DB F0 FF FF FF FF FF 
ID: 153, Data: 80 0 0 FF 0 FF 0 0 
ID: 43F, Data: 82 48 60 FF 74 F8 E 0 
ID: A0, Data: 829 7D 70 E E 24 2 0 
ID: A1, Data: 87B 80 80 7D 1D 0 0 0 
ID: 153, Data: 80 0 0 FF 0 FF 0 0 
ID: 153, Data: 80 0 0 FF 0 FF 0 0 
ID: A0, Data: 82B 7D 31 E E 24 2 0 
ID: 316, Data: 85 1C A2 D 1E 1B C 7D 
ID: 316, Data: 85 1D 8C D 1E 1B C 7D 
ID: 2A0, Data: 8E0 1 68 18 31 0 10 0 
ID: 1F0, Data: 8FE 3F F9 BF 0 0 0 0 
ID: 153, Data: 80 0 0 FF 0 FF 0 0 
ID: 153, Data: 80 0 0 FF 0 FF 0 0 
ID: 153, Data: 80 0 0 FF 0 FF 0 0 
ID: 260, Data: 8B 1F 20 30 0 FF 6D F 
ID: 316, Data: 85 1F 54 C 20 1B B 7D 
ID: 2A0, Data: 840 1 68 18 31 0 10 0 
ID: A1, Data: 879 80 7D 7D 1F 0 0 0 
ID: 1F1, Data: 80 2E 49 90 4 4A B0 4 
ID: 43F, Data: 89 48 60 FF 74 8 A 0 
ID: 43F, Data: 89 48 60 FF 74 B4 9 0 
ID: 43F, Data: 89 48 60 FF 74 60 9 0 
ID: 329, Data: 840 B0 80 8 12 2B 0 26 
ID: A0, Data: 837 7D B9 A 9 24 2 0 
ID: 153, Data: 80 0 0 FF 0 FF 0 0 
ID: 43F, Data: 89 48 60 FF 74 24 8 0 
ID: 43F, Data: 89 48 60 FF 74 D4 7 0 
ID: 43F, Data: 89 48 60 FF 74 88 7 0 
ID: 43F, Data: 89 48 60 FF 74 50 7 0 
ID: 153, Data: 80 0 0 FF 0 FF 0 0 
ID: 329, Data: 8B B0 80 8 12 2B 0 26 
ID: 316, Data: 85 27 D7 9 26 19 6 7D 
ID: 316, Data: 85 27 CB 9 26 19 6 7D 
ID: A0, Data: 83A 7D CC 9 7 23 2 0 
ID: 43F, Data: 89 48 60 FF 74 94 5 0 
ID: 153, Data: 80 0 0 FF 0 FF 0 0 
ID: 153, Data: 80 0 0 FF 0 FF 0 0 
ID: 1F0, Data: 813 40 F9 BF 0 0 0 0 
ID: 545, Data: 8E4 24 0 8A F 1 F 1 
ID: 2A0, Data: 8E0 1 68 18 31 0 10 0 
ID: 280, Data: 830 0 84 B0 13 1D 68 4E 
ID: 18F, Data: 8AA 3D 0 0 0 0 0 0 
ID: 316, Data: 85 28 30 A 25 19 4 7D 
ID: 153, Data: 80 0 0 FF 0 FF 0 0 
ID: 316, Data: 85 28 4F A 25 19 3 7D 
ID: 153, Data: 80 0 0 FF 0 FF 0 0 
ID: 43F, Data: 89 48 60 FF 74 20 4 0 
ID: 43F, Data: 89 48 60 FF 74 C 4 0 
ID: 153, Data: 80 0 0 FF 0 FF 0 0 
ID: 316, Data: 85 27 44 A 25 19 2 7D 
ID: 153, Data: 80 0 0 FF 0 FF 0 0 
ID: 316, Data: 85 26 15 A 26 19 2 7D 
ID: 1F0, Data: 814 40 F9 BF 0 0 0 0 
ID: 153, Data: 80 0 0 FF 0 FF 0 0 
ID: 316, Data: 85 26 F5 9 26 19 1 7D 
ID: 440, Data: 8B4 82 1 A0 FF AA AA AA 
ID: 316, Data: 85 26 5 A 26 19 1 7D 
ID: A0, Data: 835 7D C A 2 23 2 0 
ID: 153, Data: 80 0 0 FF 0 FF 0 0 
ID: 329, Data: 884 B0 80 8 12 2A 0 26 
ID: 1F1, Data: 80 40 5 60 0 6 60 0 
ID: 153, Data: 80 0 0 FF 0 FF 0 0 
ID: 2A0, Data: 8E0 0 69 18 31 0 10 0 
ID: 316, Data: 85 26 39 A 25 19 0 7D 
ID: 545, Data: 8E4 23 0 8C DF 0 DF 0 
ID: 5F0, Data: 20 0 
ID: 43F, Data: 81 48 60 FF 74 88 0 0 
ID: 370, Data: 8FF DB F0 FF FF FF FF FF 
ID: 316, Data: 85 25 3D A 25 19 0 7D 
ID: 18F, Data: 8AA 3C 0 0 0 0 0 0 
ID: 153, Data: 80 0 0 FF 0 FF 0 0 
ID: 18F, Data: 8AA 3C 0 0 0 0 0 0 
ID: 1F0, Data: 812 40 F9 BF 0 0 0 0 
ID: 5F0, Data: 20 0 
ID: 316, Data: 85 25 1B A 25 19 0 7D 
ID: 43F, Data: 81 48 60 FF 74 0 0 0 
ID: 440, Data: 8A6 41 0 A0 FF AA AA AA 
ID: 316, Data: 85 25 15 A 25 19 0 7D 
ID: 153, Data: 80 0 0 FF 0 FF 0 0 
ID: 153, Data: 80 0 0 FF 0 FF 0 0 
ID: 440, Data: 8A6 41 0 A0 FF AA AA AA 
ID: A0, Data: 835 7D 18 A 0 23 2 0 
ID: 316, Data: 85 25 29 A 25 19 0 7D 
ID: 153, Data: 80 0 0 FF 0 FF 0 0 
ID: 43F, Data: 81 48 60 FF 74 0 0 0 
ID: 43F, Data: 81 48 60 FF 74 0 0 0 
ID: 5F0, Data: 20 0 
ID: 316, Data: 85 25 40 A 25 19 0 7D 
ID: 43F, Data: 81 48 60 FF 74 0 0 0 
ID: 43F, Data: 81 48 60 FF 74 0 0 0 
ID: 316, Data: 85 25 5A A 25 19 0 7D 
ID: 316, Data: 85 25 50 A 25 19 0 7D 
ID: 260, Data: 8B 26 25 30 0 FF 6E 10 
ID: A1, Data: 885 7E 89 7E 25 0 0 0 
ID: 316, Data: 85 25 42 A 25 19 0 7D 
ID: 153, Data: 80 0 0 FF 0 FF 0 0 
ID: 316, Data: 85 25 41 A 25 19 0 7D 
ID: 43F, Data: 81 48 60 FF 74 0 0 0 
ID: 43F, Data: 81 48 60 FF 74 0 0 0 
ID: 316, Data: 85 25 38 A 25 19 0 7D 
ID: 329, Data: 8B B1 80 8 12 2B 0 26 
ID: A0, Data: 835 7D 38 A 0 23 2 0 
ID: 43F, Data: 81 48 60 FF 74 0 0 0 
ID: A1, Data: 885 7E 87 7E 24 0 0 0 
ID: 5F0, Data: 20 0 
ID: 43F, Data: 81 48 60 FF 74 0 0 0 
ID: 43F, Data: 81 48 60 FF 74 0 0 0 
ID: 43F, Data: 81 48 60 FF 74 0 0 0 
ID: 43F, Data: 81 48 60 FF 74 0 0 0 
ID: 43F, Data: 81 48 60 FF 74 0 0 0 
ID: 43F, Data: 81 48 60 FF 74 0 0 0 
ID: 153, Data: 80 0 0 FF 0 FF 0 0 
ID: 5F0, Data: 20 0 
ID: 153, Data: 80 0 0 FF 0 FF 0 0 
ID: 43F, Data: 81 48 60 FF 74 0 0 0 
ID: A1, Data: 883 7E 87 7E 24 0 0 0 
ID: 153, Data: 80 0 0 FF 0 FF 0 0 
ID: 153, Data: 80 0 0 FF 0 FF 0 0 
ID: 545, Data: 8E4 1F 0 8A C7 0 C7 0 
ID: 316, Data: 85 24 24 A 25 19 0 7D 
ID: 260, Data: 8B 25 26 30 0 FF 72 2A 
ID: 1F1, Data: 80 41 0 0 0 0 0 0 
ID: 316, Data: 85 24 35 A 25 19 0 7D 
ID: 43F, Data: 81 48 60 FF 74 0 0 0 
ID: 43F, Data: 81 48 60 FF 74 0 0 0 
ID: 153, Data: 80 0 0 FF 0 FF 0 0 
ID: 43F, Data: 81 48 60 FF 74 0 0 0 
ID: 153, Data: 80 0 0 FF 0 FF 0 0 
ID: 316, Data: 85 24 35 A 25 19 0 7D 
ID: 18F, Data: 8AA 3D 0 0 0 0 0 0 
ID: 153, Data: 80 0 0 FF 0 FF 0 0 
ID: A1, Data: 881 7E 85 7E 24 0 0 0 
ID: 329, Data: 884 B1 80 8 12 2B 0 26 
ID: 2A0, Data: 8E0 0 69 18 31 0 10 0 
ID: 153, Data: 80 0 0 FF 0 FF 0 0 
ID: 43F, Data: 81 48 60 FF 74 0 0 0 
ID: 153, Data: 80 0 0 FF 0 FF 0 0 
ID: 153, Data: 80 0 0 FF 0 FF 0 0 
ID: 153, Data: 80 0 0 FF 0 FF 0 0 
ID: 329, Data: 840 B1 80 8 12 2B 0 26 
ID: 316, Data: 85 24 17 A 25 19 0 7D 
ID: 18F, Data: 8AA 3D 0 0 0 0 0 0 
ID: 370, Data: 8FF DB F0 FF FF FF FF FF 
ID: 260, Data: 8B 24 25 30 0 FF 72 1D 
ID: 153, Data: 80 0 0 FF 0 FF 0 0 
ID: 545, Data: 8E4 1E 0 8C C1 0 C1 0 
ID: 440, Data: 8A6 31 0 A0 FF AA AA AA 
ID: 329, Data: 840 B1 80 8 12 2B 0 26 
ID: 316, Data: 85 24 B A 25 19 0 7D 
ID: 316, Data: 85 24 FA 9 26 19 0 7D 
ID: 316, Data: 85 24 EE 9 26 19 0 7D 
ID: 545, Data: 8E4 1D 0 89 C8 0 C8 0 
ID: 43F, Data: 81 48 60 FF 74 0 0 0 
ID: 5F0, Data: 20 0 
ID: 153, Data: 80 0 0 FF 0 FF 0 0 
ID: 43F, Data: 81 48 60 FF 74 0 0 0 
ID: A1, Data: 880 7E 81 7E 25 0 0 0 
ID: 1F0, Data: 812 40 F9 BF 0 0 0 0 
ID: 153, Data: 80 0 0 FF 0 FF 0 0 
ID: 316, Data: 85 25 F4 9 26 19 0 7D 
ID: 18F, Data: 8AA 3D 0 0 0 0 0 0 
ID: 153, Data: 80 0 0 FF 0 FF 0 0 
ID: A0, Data: 836 7D FC 9 0 23 2 0 
ID: 316, Data: 85 25 E A 26 19 0 7D 
ID: 316, Data: 85 25 C A 26 19 0 7D 
ID: 316, Data: 85 24 F A 26 19 0 7D 
ID: 153, Data: 80 0 0 FF 0 FF 0 0 
ID: 2A0, Data: 820 0 69 18 31 0 10 0 
ID: 153, Data: 80 0 0 FF 0 FF 0 0 
ID: 545, Data: 8E4 1E 0 88 C9 0 C9 0 
ID: 43F, Data: 81 48 60 FF 74 0 0 0 
ID: 280, Data: 830 0 84 B1 13 1B 69 4D 
ID: 260, Data: 8B 25 26 30 0 FF 74 28 
ID: 153, Data: 80 0 0 FF 0 FF 0 0 
ID: 316, Data: 85 24 5 A 26 19 0 7D 
ID: 153, Data: 80 0 0 FF 0 FF 0 0 
ID: 316, Data: 85 24 18 A 26 19 0 7D 
ID: 153, Data: 80 0 0 FF 0 FF 0 0 
ID: 43F, Data: 81 48 60 FF 74 0 0 0 
ID: 5F0, Data: 20 0 
ID: 153, Data: 80 0 0 FF 0 FF 0 0 
ID: 153, Data: 80 0 0 FF 0 FF 0 0 
ID: 5F0, Data: 20 0 
ID: 2A0, Data: 8E0 0 69 18 31 0 10 0 
ID: 280, Data: 830 0 84 B1 14 1A 69 4D 
ID: A1, Data: 885 7E 7E 7E 24 0 0 0 
ID: 370, Data: 8FF DB F0 FF FF FF FF FF 
ID: 43F, Data: 81 48 60 FF 74 0 0 0 
ID: 153, Data: 80 0 0 FF 0 FF 0 0 
ID: 153, Data: 80 0 0 FF 0 FF 0 0 
ID: 18F, Data: 8AA 3D 0 0 0 0 0 0 
ID: 316, Data: 85 25 2 A 26 19 0 7D 
ID: 316, Data: 85 25 7 A 26 19 0 7D 
ID: 316, Data: 85 25 6 A 26 19 0 7D 
ID: 316, Data: 85 25 12 A 26 19 0 7D 
ID: 316, Data: 85 25 15 A 26 19 0 7D 
ID: 2A0, Data: 8E0 0 69 18 31 0 10 0 
ID: 153, Data: 80 0 0 FF 0 FF 0 0 
ID: 153, Data: 80 0 0 FF 0 FF 0 0 
ID: A1, Data: 885 7E 7E 7E 26 0 0 0 
ID: 370, Data: 8FF DB F0 FF FF FF FF FF 
ID: 260, Data: 8B 26 25 30 0 FF 70 E 
ID: 316, Data: 85 25 4F A 25 19 0 7D 
ID: 316, Data: 85 25 5A A 25 19 0 7D 
ID: 260, Data: 8B 25 25 30 0 FF 6E 2 
ID: 153, Data: 80 0 0 FF 0 FF 0 0 
ID: 153, Data: 80 0 0 FF 0 FF 0 0 
ID: 153, Data: 80 0 0 FF 0 FF 0 0 
ID: 43F, Data: 81 48 60 FF 74 0 0 0 
ID: 316, Data: 85 25 4D A 25 19 0 7D 
ID: 316, Data: 85 24 42 A 25 19 0 7D 
ID: 153, Data: 80 0 0 FF 0 FF 0 0 
ID: 153, Data: 80 0 0 FF 0 FF 0 0 
ID: 2A0, Data: 820 0 69 18 31 0 10 0 
ID: 316, Data: 85 24 44 A 25 19 0 7D 
ID: 260, Data: 8B 24 25 30 0 FF 6F 3F 
ID: 1F1, Data: 80 41 0 0 0 0 0 0 
ID: 1F0, Data: 812 40 F9 BF 0 0 0 0 
ID: A0, Data: 834 7E 49 A 0 23 2 0 
ID: 153, Data: 80 0 0 FF 0 FF 0 0 
ID: 43F, Data: 81 48 60 FF 74 0 0 0 
ID: 545, Data: 8E4 1F 0 8C BA 0 BA 0 
ID: 260, Data: 8B 24 25 30 0 FF 6E 21 
ID: 1F1, Data: 80 41 0 0 0 0 0 0 
ID: 43F, Data: 81 48 60 FF 74 0 0 0 
ID: 43F, Data: 81 48 60 FF 74 0 0 0 
ID: 153, Data: 80 0 0 FF 0 FF 0 0 
ID: 153, Data: 80 0 0 FF 0 FF 0 0 
ID: A1, Data: 881 7E 85 7E 25 0 0 0 
ID: 329, Data: 884 B2 80 8 12 2B 0 26 
ID: 545, Data: 8E4 1E 0 89 BE 0 BE 0 
ID: 153, Data: 80 0 0 FF 0 FF 0 0 
ID: 153, Data: 80 0 0 FF 0 FF 0 0 
ID: 43F, Data: 81 48 60 FF 74 0 0 0 
ID: A0, Data: 836 7E 2D A 0 23 2 0 
ID: A1, Data: 880 7E 86 7E 25 0 0 0 
ID: 18F, Data: 8AA 3C 0 0 0 0 0 0 
ID: 260, Data: 8B 24 26 30 0 FF 72 1C 
ID: 329, Data: 884 B2 80 8 12 2B 0 26 
ID: 153, Data: 80 0 0 FF 0 FF 0 0 
ID: 316, Data: 85 23 26 A 25 19 0 7D 
ID: 153, Data: 80 0 0 FF 0 FF 0 0 
ID: 316, Data: 85 23 30 A 25 19 0 7D 
ID: 370, Data: 8FF DB F0 FF FF FF FF FF 
ID: 153, Data: 80 0 0 FF 0 FF 0 0 
ID: A1, Data: 886 7E 86 7E 25 0 0 0 
ID: 329, Data: 884 B2 80 8 12 2B 0 26 
ID: 545, Data: 8E4 1E 0 88 B5 0 B5 0 
ID: 153, Data: 80 0 0 FF 0 FF 0 0 
ID: 153, Data: 80 0 0 FF 0 FF 0 0 
ID: 316, Data: 85 23 10 A 26 19 0 7D 
ID: A0, Data: 836 7E 10 A 0 23 2 0 
ID: 43F, Data: 81 48 60 FF 74 0 0 0 
ID: 153, Data: 80 0 0 FF 0 FF 0 0 
ID: 43F, Data: 81 48 60 FF 74 0 0 0 
ID: 18F, Data: 8AA 3B 0 0 0 0 0 0 
ID: A0, Data: 836 7E 14 A 0 23 2 0 
ID: 329, Data: 8ED B2 80 8 12 2B 0 26 
ID: 43F, Data: 81 48 60 FF 74 0 0 0 
ID: 2A0, Data: 880 0 69 18 31 0 10 0 
ID: 43F, Data: 81 48 60 FF 74 0 0 0 
ID: 153, Data: 80 0 0 FF 0 FF 0 0 
ID: 440, Data: 8A6 31 0 A0 FF AA AA AA 
ID: 43F, Data: 81 48 60 FF 74 0 0 0 
ID: 316, Data: 85 23 38 A 25 19 0 7D 
ID: 316, Data: 85 23 26 A 25 19 0 7D 
ID: 280, Data: 830 0 84 B2 14 1A 69 4D 
ID: 18F, Data: 8AA 3B 0 0 0 0 0 0 
ID: 153, Data: 80 0 0 FF 0 FF 0 0 
ID: 316, Data: 85 23 6 A 26 19 0 7D 
ID: 43F, Data: 81 48 60 FF 74 0 0 0 
ID: 43F, Data: 81 48 60 FF 74 0 0 0 
ID: 153, Data: 80 0 0 FF 0 FF 0 0 
ID: 43F, Data: 81 48 60 FF 74 0 0 0 
ID: 153, Data: 80 0 0 FF 0 FF 0 0 
ID: 5F0, Data: 20 0 
ID: 329, Data: 8B B2 80 8 12 2B 0 26 
ID: 280, Data: 830 0 84 B2 14 1A 69 4E 
ID: 153, Data: 80 0 0 FF 0 FF 0 0 
ID: 43F, Data: 81 48 60 FF 74 0 0 0 
ID: 316, Data: 85 24 39 A 25 19 0 7D 
ID: 1F1, Data: 80 41 0 0 0 0 0 0 
ID: 153, Data: 80 0 0 FF 0 FF 0 0 
ID: 316, Data: 85 24 44 A 25 19 0 7D 
ID: A0, Data: 835 7E 36 A 0 23 2 0 
ID: 43F, Data: 81 48 60 FF 74 74 0 0 
ID: 43F, Data: 81 48 60 FF 74 C 1 0 
ID: 43F, Data: 81 48 60 FF 74 3C 1 0 
ID: 43F, Data: 81 48 60 FF 74 50 1 0 
ID: 153, Data: 80 0 0 FF 0 FF 0 0 
ID: 316, Data: 85 24 4C A 25 19 0 7D 
ID: 316, Data: 85 24 53 A 25 19 0 7D 
ID: 316, Data: 85 24 4B A 25 19 0 7D 
ID: 260, Data: 8B 24 25 30 0 FF 6E 21 
ID: 43F, Data: 81 48 60 FF 74 E0 2 0 
ID: 440, Data: 8C1 41 1 A0 FF AA AA AA 
ID: 316, Data: 85 25 32 A 31 19 1 7D 
ID: 153, Data: 80 0 0 FF 0 FF 0 0 
ID: 5F0, Data: 20 0 
ID: 43F, Data: 81 48 60 FF 74 38 4 0 
ID: A0, Data: 83C 7E 4F A 1 25 2 0 
ID: 5F0, Data: 20 0 
ID: 153, Data: 80 0 0 FF 0 FF 0 0 
ID: 18F, Data: 8AA 3B 0 0 0 0 0 0 
ID: 280, Data: 830 0 88 B2 15 1D 69 54 
ID: 153, Data: 80 0 0 FF 0 FF 0 0 
ID: 316, Data: 85 32 34 B 5B 19 2 7D 
ID: 545, Data: 8E4 27 0 89 E3 1 E3 1 
ID: 18F, Data: 8AA 3B 0 0 0 0 0 0 
ID: 153, Data: 80 0 0 FF 0 FF 0 0 
ID: A1, Data: 884 7D 86 7E 2E 0 0 0 
ID: 545, Data: 8E4 3B 0 89 26 3 26 3 
ID: 260, Data: 8B 4B 6E 30 0 FF 9B 2B 
ID: 43F, Data: 81 48 60 FF 74 4C 7 0 
ID: 43F, Data: 81 48 60 FF 74 C4 7 0 
ID: 43F, Data: 81 48 60 FF 74 40 8 0 
ID: 329, Data: 884 B2 80 8 11 3A 25 26 
ID: A1, Data: 882 7D 84 7E 3C 0 0 0 
ID: 316, Data: 85 56 FA 13 5F 13 4 7D 
ID: 316, Data: 85 57 FC 14 5E 13 4 7D 
ID: 280, Data: 830 0 88 B2 2B 37 69 81 
ID: 43F, Data: 81 48 60 FF 74 9C B 0 
ID: 316, Data: 85 58 E2 16 5C 12 5 7D 
ID: 329, Data: 840 B2 80 8 11 3D 25 26 
ID: 153, Data: 80 0 0 FF 0 FF 0 0 
ID: 153, Data: 80 0 0 FF 0 FF 0 0 
ID: 316, Data: 85 54 18 18 5B 12 7 7D 
ID: 43F, Data: 81 48 60 FF 74 9C F 0 
ID: 43F, Data: 81 48 60 FF 74 4C 10 0 
ID: 440, Data: 8F2 91 7 A0 FF AA AA AA 
ID: 18F, Data: 8AA 3A 0 0 0 0 0 0 
ID: 316, Data: 85 5A 8 19 65 12 9 7D 
ID: 153, Data: 80 0 0 FF 0 FF 0 0 
ID: 316, Data: 85 5E 13 1A 5E 12 A 7D 
ID: 370, Data: 8FF DB F0 FF FF FF FF FF 
ID: 153, Data: 80 0 0 FF 0 FF 0 0 
ID: 43F, Data: 81 48 60 FF 74 4 17 0 
ID: 18F, Data: 8AA 3A 0 0 0 0 0 0 
ID: A1, Data: 885 7B 82 7E 41 0 0 0 
ID: 545, Data: 8E4 B3 0 8C D4 4 D4 4 
ID: A1, Data: 884 7B 82 7E 40 0 0 0 
ID: 316, Data: 85 59 7 1E 5B 12 D 7D 
ID: 440, Data: 8FE 91 C A0 FF AA AA AA 
ID: 316, Data: 85 59 B8 1E 5B 12 E 7D 
ID: 2A0, Data: 81 F 69 18 31 0 10 0 
ID: 5F0, Data: 20 0 
ID: 316, Data: 85 56 4F 20 5A 12 F 7D 
ID: 43F, Data: 81 48 60 FF 73 B0 1D 0 
ID: 43F, Data: 81 48 60 FF 73 40 1E 0 
ID: 280, Data: 830 0 88 B2 43 34 69 85 
ID: 316, Data: 85 56 30 22 62 1C 10 7D 
ID: 316, Data: 85 5A A9 22 63 1C 10 7D 
ID: 43F, Data: 81 48 60 FF 73 4 21 0 
ID: 370, Data: 8FF DB F0 FF FF FF FF FF 
ID: 316, Data: 85 60 9 25 62 1C 11 7D 
ID: 5F0, Data: 20 0 
ID: 316, Data: 85 60 C2 26 61 1C 12 7D 
ID: 43F, Data: 81 48 60 FF 73 60 24 0 
ID: A0, Data: 86E 7E 5 26 12 3F 2 0 
ID: 153, Data: 80 0 0 FF 0 FF 0 0 
ID: 316, Data: 845 5E 7C 28 60 1D 13 7D 
ID: 370, Data: 8FF DB F0 FF FF FF FF FF 
ID: 329, Data: 8ED B3 80 8 11 4A 32 26 
ID: 43F, Data: 81 48 60 FF 73 8C 27 0 
ID: 43F, Data: 81 48 60 FF 73 34 28 0 
ID: 316, Data: 845 66 2 2B 74 1D 15 7D 
ID: 316, Data: 845 6A DC 2B 76 1E 15 7D 
ID: A0, Data: 877 7E 5F 2A 15 43 2 0 
ID: 43F, Data: 81 48 60 FF 73 18 2C 0 
ID: 370, Data: 8FF DA F0 FF FF FF FF FF 
ID: 260, Data: 8B 72 78 30 0 FF B0 2F 
ID: 316, Data: 845 71 5 31 76 1F 17 7D 
ID: A1, Data: 87C 7E 7B 7D 45 0 0 0 
ID: 43F, Data: 81 48 60 FF 73 BC 2F 0 
ID: 43F, Data: 81 48 60 FF 73 3C 30 0 
ID: 370, Data: 8FF DA F0 FF FF FF FF FF 
ID: 316, Data: 845 71 D0 33 77 20 19 7D 
ID: 316, Data: 845 72 A1 34 77 20 19 7D 
ID: 43F, Data: 81 48 60 FF 73 AC 33 0 
ID: 18F, Data: 8AA 3F 0 0 0 0 0 0 
ID: 153, Data: 80 0 0 FF 0 FF 0 0 
ID: A0, Data: 882 7E CB 36 1B 4B 2 0 
ID: 545, Data: 8E4 9D 1 8C 92 5 92 5 
ID: A0, Data: 881 7E 24 39 1C 4B 2 0 
ID: 440, Data: 8FE 41 1B A0 FF AA AA AA 
ID: 153, Data: 80 0 0 FF 0 FF 0 0 
ID: 18F, Data: 8AA 41 0 0 0 0 0 0 
ID: 280, Data: 830 0 88 B3 78 43 69 8C 
ID: 370, Data: 8FF D8 F0 FF FF FF FF FF 
ID: 153, Data: 80 0 0 FF 0 FF 0 0 
ID: 316, Data: 845 70 80 3E 78 24 1E 7D 
ID: 316, Data: 845 71 17 3F 7A 24 1E 7D 
ID: 153, Data: 80 0 0 FF 0 FF 0 0 
ID: 153, Data: 80 0 0 FF 0 FF 0 0 
ID: 43F, Data: 8A 48 60 FF 73 FC 3F 0 
ID: 153, Data: 80 0 0 FF 0 FF 0 0 
ID: 316, Data: 845 79 91 43 7B 24 20 7D 
ID: 153, Data: 80 0 0 FF 0 FF 0 0 
ID: 2A0, Data: 8A1 27 69 18 31 0 10 0 
ID: 316, Data: 845 77 F7 44 7A 25 21 7D 
ID: 43F, Data: 8A 48 60 FF 73 50 43 0 
ID: 153, Data: 80 0 0 FF 0 FF 0 0 
ID: A0, Data: 88A 7E 34 45 22 50 2 0 
ID: 43F, Data: 8A 48 60 FF 73 CC 43 0 
ID: 370, Data: 8FF D7 F0 FF FF FF FF FF 
ID: 153, Data: 80 0 0 FF 0 FF 0 0 
ID: 545, Data: 8E4 1B 2 8C 8F 2 F5 5 
ID: 316, Data: 845 4B 80 3E 7E 23 24 7D 
ID: 545, Data: 8E4 DA 1 8C F3 2 86 6 
ID: 43F, Data: 8A 48 60 4C 73 CC 36 0 
ID: 316, Data: 845 51 31 35 84 20 25 7D 
ID: 18F, Data: 8AA 40 0 0 0 0 0 0 
ID: 316, Data: 845 86 E3 32 86 1F 25 7D 
ID: 153, Data: 80 0 0 FF 0 FF 0 0 
ID: 280, Data: 830 0 88 B2 65 50 69 9C 
ID: 316, Data: 845 86 C2 32 87 1F 26 7D 
ID: 153, Data: 80 0 0 FF 0 FF 0 0 
ID: 316, Data: 845 88 E0 31 87 1F 27 7D 
ID: 1F0, Data: 85 40 F9 BF 0 0 0 0 
ID: 43F, Data: 8A 48 60 FF 73 64 2D 0 
ID: 153, Data: 80 0 0 FF 0 FF 0 0 
ID: 43F, Data: 8A 48 60 FF 73 B0 2D 0 
ID: 43F, Data: 8A 48 60 FF 73 60 2E 0 
ID: 153, Data: 80 0 0 FF 0 FF 0 0 
ID: 370, Data: 8FF D7 F0 FF FF FF FF FF 
ID: 316, Data: 845 81 A2 32 87 1F 2A 7D 
ID: 153, Data: 80 0 0 FF 0 FF 0 0 
ID: 280, Data: 830 0 88 B2 66 4E 69 9B 
ID: 316, Data: 845 82 69 33 86 1F 2B 7D 
ID: 43F, Data: 82 48 60 FF 73 24 31 0 
ID: 316, Data: 845 83 38 34 86 20 2C 7D 
ID: A1, Data: 876 7E 78 7D 4A 0 0 0 
ID: 316, Data: 845 83 E8 34 85 20 2C 7D 
ID: 316, Data: 845 83 55 35 85 20 2D 7D 
ID: 43F, Data: 82 48 60 FF 73 1C 33 0 
ID: 329, Data: 884 B2 80 8 11 5A 4A 26 
ID: 153, Data: 80 0 0 FF 0 FF 0 0 
ID: 153, Data: 80 0 0 FF 0 FF 0 0 
ID: 316, Data: 845 7F CB 36 7E 20 2E 7D 
ID: 370, Data: 8FF D7 F0 FF FF FF FF FF 
ID: 329, Data: 8B B2 80 8 11 59 48 26 
ID: 153, Data: 80 0 0 FF 0 FF 0 0 
ID: 316, Data: 845 7B B5 37 7C 21 2F 7D 
ID: 316, Data: 845 7B B5 37 7D 21 30 7D 
ID: 370, Data: 8FF D7 F0 FF FF FF FF FF 
ID: 316, Data: 845 7A 5 38 7C 21 30 7D 
ID: 153, Data: 80 0 0 FF 0 FF 0 0 
ID: 370, Data: 8FF D7 F0 FF FF FF FF FF 
ID: 316, Data: 845 79 D1 38 7B 21 31 7D 
ID: 153, Data: 80 0 0 FF 0 FF 0 0 
ID: 153, Data: 80 0 0 FF 0 FF 0 0 
ID: 316, Data: 845 58 8B 33 74 20 31 7D 
ID: 43F, Data: 8B 48 60 58 73 90 2F 0 
ID: 2A0, Data: 861 38 68 18 31 0 10 0 
ID: 153, Data: 80 0 0 FF 0 FF 0 0 
ID: 316, Data: 845 5B 62 2B 74 1D 32 7D 
ID: 316, Data: 845 72 48 2A 73 1D 32 7D 
ID: 260, Data: 8B 7D 6F 30 0 FF 8B 8 
ID: 316, Data: 845 77 3C 29 6B 1D 33 7D 
ID: 316, Data: 845 76 BB 28 69 1D 33 7D 
ID: 153, Data: 80 0 0 FF 0 FF 0 0 
ID: 2A0, Data: 8C1 38 68 18 31 0 10 0 
ID: 316, Data: 845 6B BB 28 5F 1D 34 7D 
ID: A0, Data: 874 7C A6 28 34 41 2 0 
ID: 316, Data: 845 62 A6 28 59 1E 34 7D 
ID: 329, Data: 840 B1 80 8 11 49 29 26 
ID: 316, Data: 845 5E 67 28 59 1E 34 7D 
ID: 280, Data: 830 0 88 B1 50 38 68 81 
ID: 153, Data: 80 0 0 FF 0 FF 0 0 
ID: 2A0, Data: 8A1 36 68 18 31 0 10 0 
ID: 316, Data: 845 4E BB 28 14 1F 35 7D 
ID: 2A0, Data: 8E0 35 68 18 31 0 10 0 
ID: 43F, Data: 83 48 60 FF 73 94 26 0 
ID: 260, Data: 8B 38 17 30 0 FF CA 29 
ID: 316, Data: 845 2C FC 26 18 22 35 7D 
ID: 316, Data: 845 29 AF 26 19 23 35 7D 
ID: 43F, Data: 83 48 60 FF 73 8C 26 0 
ID: 440, Data: 8FE C3 35 A0 FF AA AA AA 
ID: A0, Data: 822 7C AF 26 36 2C 2 0 
ID: 316, Data: 845 21 89 26 19 23 36 7D 
ID: 545, Data: 8E4 42 0 8D AB FF AB FF 
ID: 43F, Data: 83 48 60 FF 73 28 26 0 
ID: 260, Data: 8B 1D 1A 30 0 FF AF 3F 
ID: 153, Data: 80 0 0 FF 0 FF 0 0 
ID: 153, Data: 80 0 0 FF 0 FF 0 0 
ID: 5A0, Data: 80 0 0 90 0 0 0 0 
ID: 153, Data: 80 0 0 FF 0 FF 0 0 
ID: 280, Data: 830 0 84 B0 49 12 68 30 
ID: 316, Data: 845 15 6E 24 1A 23 35 7D 
ID: A0, Data: 823 7B 19 24 36 2C 2 0 
ID: 316, Data: 845 14 65 23 1B 23 35 7D 
ID: 280, Data: 830 0 84 AF 45 15 68 37 
ID: 316, Data: 845 16 21 22 1B 23 35 7D 
ID: 2A0, Data: 880 28 68 18 31 0 10 0 
ID: 153, Data: 80 0 0 FF 0 FF 0 0 
ID: 280, Data: 830 0 84 AF 42 1A 68 44 
ID: 370, Data: 8FF D5 F0 FF FF FF FF FF 
ID: 18F, Data: 8AA 45 0 0 0 0 0 0 
ID: 316, Data: 845 1C 30 22 1A 22 34 7D 
ID: 153, Data: 80 0 0 FF 0 FF 0 0 
ID: 153, Data: 80 0 0 FF 0 FF 0 0 
ID: 329, Data: 884 AF 80 8 11 37 0 26 
ID: 316, Data: 845 1C A9 22 1A 22 34 7D 
ID: 18F, Data: 8AA 45 0 0 0 0 0 0 
ID: 153, Data: 80 0 0 FF 0 FF 0 0 
ID: 316, Data: 84D 1B 30 22 1A 22 34 7D 
ID: A1, Data: 86C 80 6F 7D 20 0 0 0 
ID: 316, Data: 84D 1B 12 22 1A 22 33 7D 
ID: 329, Data: 840 AF 80 8 11 37 0 26 
ID: 43F, Data: 843 48 60 FF 74 B8 24 0 
ID: 316, Data: 84D 16 12 22 1A 22 33 7D 
ID: 153, Data: 80 0 0 FF 0 FF 0 0 
ID: 153, Data: 80 0 0 FF 0 FF 0 0 
ID: 5F0, Data: 20 0 
ID: 153, Data: 80 0 0 FF 0 FF 0 0 
ID: 153, Data: 80 0 0 FF 0 FF 0 0 
ID: A0, Data: 82F 7B 8E 21 33 2E 4 0 
ID: 370, Data: 8FF D5 F0 FF FF FF FF FF 
ID: 370, Data: 8FF D5 F0 FF FF FF FF FF 
ID: 316, Data: 84D 9 D7 20 1B 22 32 7D 
ID: 153, Data: 80 0 0 FF 0 FF 0 0 
ID: 440, Data: 8FE 63 31 A0 FF AA AA AA 
ID: 43F, Data: 843 48 60 FF 74 A8 23 0 
ID: A0, Data: 82E 7B 47 21 32 2E 4 0 
ID: 153, Data: 80 0 0 FF 0 FF 0 0 
ID: 316, Data: 84D 0 9D 21 1A 22 31 7D 
ID: 153, Data: 80 0 0 FF 0 FF 0 0 
ID: 18F, Data: 8AA 46 0 0 0 0 0 0 
ID: 316, Data: 84D 0 C8 21 1A 22 31 7D 
ID: 43F, Data: 843 48 60 FF 74 1C 23 0 
ID: A1, Data: 880 80 80 7D 20 0 0 0 
ID: 153, Data: 80 0 0 FF 0 FF 0 0 
ID: 5F0, Data: 20 0 
ID: 153, Data: 80 0 0 FF 0 FF 0 0 
ID: 316, Data: 84D 0 63 21 1A 22 30 7D 
ID: A1, Data: 880 80 80 7D 20 0 0 0 
ID: 316, Data: 84D 0 2A 21 1B 22 30 7D 
ID: 316, Data: 84D 0 0 21 1B 22 30 7D 
ID: A0, Data: 82C 7B 2A 21 31 2D 4 0 
ID: 43F, Data: 843 48 60 FF 75 54 22 0 
ID: 153, Data: 80 0 0 FF 0 FF 0 0 
ID: 2A0, Data: 820 16 68 18 31 0 10 0 
ID: 316, Data: 84D 0 5C 20 1B 22 2F 7D 
ID: 370, Data: 8FF D5 F0 FF FF FF FF FF 
ID: 316, Data: 84D 0 34 20 1B 22 2F 7D 
ID: 153, Data: 80 0 0 FF 0 FF 0 0 
ID: 43F, Data: 843 48 60 FF 75 C0 21 0 
ID: 43F, Data: 843 48 60 FF 74 B0 21 0 
ID: 43F, Data: 843 48 60 FF 75 A0 21 0 
ID: 316, Data: 84D 0 BE 1F 1B 22 2F 7D 
ID: 329, Data: 840 AE 80 8 11 35 0 26 
ID: 43F, Data: 843 48 60 FF 74 40 21 0 
ID: 43F, Data: 843 48 60 FF 75 2C 21 0 
ID: 18F, Data: 8AA 47 0 0 0 0 0 0 
ID: 316, Data: 84D 0 65 1F 1B 22 2E 7D 
ID: 1F0, Data: 8F8 3F F9 BF 0 0 0 0 
ID: 316, Data: 84D 0 4C 1F 1B 22 2E 7D 
ID: 329, Data: 8B AE 80 8 11 35 0 26 
ID: 153, Data: 80 0 0 FF 0 FF 0 0 
ID: 43F, Data: 843 48 60 FF 75 9C 20 0 
ID: 153, Data: 80 0 0 FF 0 FF 0 0 
ID: 316, Data: 84D 0 E 1F 1B 22 2D 7D 
ID: 316, Data: 84D 0 F5 1E 1B 22 2D 7D 
ID: 329, Data: 8ED AE 80 8 11 34 0 26 
ID: 43F, Data: 843 48 60 FF 74 28 20 0 
ID: 316, Data: 84D 0 D1 1E 1B 22 2D 7D 
ID: 153, Data: 80 0 0 FF 0 FF 0 0 
ID: 316, Data: 84D 0 B8 1E 12 19 2C 7D 
ID: 153, Data: 80 0 0 FF 0 FF 0 0 
ID: 316, Data: 84D 0 88 1E 12 19 2C 7D 
ID: 316, Data: 84D 0 59 1E 12 19 2C 7D 
ID: A1, Data: 880 80 80 7D 1F 0 0 0 
ID: 43F, Data: 843 48 60 FF 75 88 1F 0 
ID: 43F, Data: 843 48 60 FF 75 7C 1F 0 
ID: 545, Data: 8E4 0 0 8D 42 FE 42 FE 
ID: 5F0, Data: 20 0 
ID: 316, Data: 8D 0 48 1D 13 19 2C 7D 
ID: 316, Data: 8D 0 5E 1D 13 19 2B 7D 
ID: A1, Data: 880 80 80 7D 1E 0 0 0 
ID: 153, Data: 80 0 0 FF 0 FF 0 0 
ID: 440, Data: 8FE C3 2B A0 FF AA AA AA 
ID: 43F, Data: 843 48 60 FF 75 D8 1E 0 
ID: 329, Data: 8B AE 80 8 11 33 0 26 
ID: 153, Data: 80 0 0 FF 0 FF 0 0 
ID: 316, Data: 8D 0 7 1E 12 19 2B 7D 
ID: 153, Data: 80 0 0 FF 0 FF 0 0 
ID: 153, Data: 80 0 0 FF 0 FF 0 0 
ID: 316, Data: 8D 0 D9 1D 12 19 2A 7D 
ID: A1, Data: 880 80 80 7D 1C 0 0 0 
ID: 43F, Data: 843 48 60 FF 75 40 1E 0 
ID: 1F1, Data: 80 60 4C 81 14 52 31 15 
ID: 329, Data: 8B AE 80 8 11 33 0 26 
ID: 316, Data: 8D 0 74 1D 13 19 2A 7D 
ID: 1F0, Data: 8F9 3F F9 BF 0 0 0 0 
ID: 280, Data: 830 0 20 AE 3A 15 68 3C 
ID: 2A0, Data: 840 B 68 18 31 0 10 0 
ID: 43F, Data: 843 48 60 FF 75 BC 1D 0 
ID: 43F, Data: 843 48 60 FF 75 B4 1D 0 
ID: 18F, Data: 8AA 44 0 0 0 0 0 0 
ID: 153, Data: 80 0 0 FF 0 FF 0 0 
ID: 5F0, Data: 20 0 
ID: 43F, Data: 843 48 60 FF 75 5C 1D 0 
ID: A0, Data: 829 7B C6 1C 29 2B 4 0 
ID: 5F0, Data: 20 0 
ID: 316, Data: 8D 0 87 1C 13 19 29 7D 
ID: 153, Data: 80 0 0 FF 0 FF 0 0 
ID: 2A0, Data: 8E0 9 68 18 31 0 10 0 
ID: 316, Data: 8D 0 54 1C 13 19 28 7D 
ID: 316, Data: 8D 0 49 1C 13 19 28 7D 
ID: 43F, Data: 843 48 60 FF 75 CC 1C 0 
ID: 153, Data: 80 0 0 FF 0 FF 0 0 
ID: A0, Data: 829 7C C 1C 28 2A 4 0 
ID: 316, Data: 8D 0 EE 1B 13 19 28 7D 
ID: 329, Data: 884 AF 80 8 11 32 0 26 
ID: 153, Data: 80 0 0 FF 0 FF 0 0 
ID: 153, Data: 80 0 0 FF 0 FF 0 0 
ID: 316, Data: 8D 0 A9 1B 13 19 27 7D 
ID: 43F, Data: 843 48 60 FF 75 48 1C 0 
ID: 440, Data: 8FE 63 27 A0 FF AA AA AA 
ID: 280, Data: 830 0 20 AF 36 15 68 3C 
ID: 153, Data: 80 0 0 FF 0 FF 0 0 
ID: 2A0, Data: 820 8 68 18 31 0 10 0 
ID: 316, Data: 8D 0 6 1B 14 19 27 7D 
ID: 2A0, Data: 8E0 8 68 18 31 0 10 0 
ID: 153, Data: 80 0 0 FF 0 FF 0 0 
ID: 43F, Data: 843 48 60 FF 74 7C 1B 0 
ID: 153, Data: 80 0 0 FF 0 FF 0 0 
ID: 153, Data: 80 0 0 FF 0 FF 0 0 
ID: 316, Data: 8D 0 6B 1A 14 19 26 7D 
ID: 153, Data: 80 0 0 FF 0 FF 0 0 
ID: 153, Data: 80 0 0 FF 0 FF 0 0 
ID: 153, Data: 80 0 0 FF 0 FF 0 0 
ID: A0, Data: 827 7C 62 1A 26 29 4 0 
ID: 329, Data: 8ED AF 80 8 12 31 0 26 
ID: 2A0, Data: 840 7 68 18 31 0 10 0 
ID: 43F, Data: 84A 48 60 FF 75 F4 19 0 
ID: 43F, Data: 84A 48 60 FF 75 14 1B 0 
ID: 18F, Data: 8AA 3F 0 0 0 0 0 0 
ID: 316, Data: 8D 0 48 17 16 18 24 7D 
ID: 153, Data: 80 0 0 FF 0 FF 0 0 
ID: 153, Data: 80 0 0 FF 0 FF 0 0 
ID: 316, Data: 8D 0 99 18 15 18 24 7D 
ID: 43F, Data: 8A 48 60 FF 75 24 23 0 
ID: 316, Data: 8D 0 B4 19 14 19 23 7D 
ID: 316, Data: 8D 0 CE 19 14 19 23 7D 
ID: A1, Data: 880 80 80 7D 1B 0 0 0 
ID: 316, Data: 8D 0 CE 19 14 19 23 7D 
ID: 153, Data: 80 0 0 FF 0 FF 0 0 
ID: 280, Data: 830 0 20 AF 33 13 68 38 
ID: 316, Data: 8D 0 A4 19 14 19 22 7D 
ID: 43F, Data: 8A 48 60 FF 75 0 25 0 
ID: 43F, Data: 8A 48 60 FF 75 E8 24 0 
ID: 153, Data: 80 0 0 FF 0 FF 0 0 
ID: 43F, Data: 8A 48 60 FF 75 6C 24 0 
ID: 316, Data: 8D 0 8 19 14 19 21 7D 
ID: A0, Data: 827 7C 8 19 21 29 4 0 
ID: 440, Data: 8FE B3 20 A0 FF AA AA AA 
ID: 43F, Data: 8A 48 60 FF 75 A4 23 0 
ID: 545, Data: 8E4 0 0 8C 47 FE 47 FE 
ID: 153, Data: 80 0 0 FF 0 FF 0 0 
ID: 153, Data: 80 0 0 FF 0 FF 0 0 
ID: 316, Data: 8D 0 C7 17 15 18 20 7D 
ID: 440, Data: 8FE 72 1F A0 FF AA AA AA 
ID: 5F0, Data: 20 0 
ID: A1, Data: 880 80 80 7D 1D 0 0 0 
ID: 18F, Data: 8AA 3D 0 0 0 0 0 0 
ID: A1, Data: 880 80 80 7D 1D 0 0 0 
ID: 316, Data: 8D 0 C0 16 16 18 1F 7D 
ID: 545, Data: 8E4 0 0 8C 4A FE 4A FE 
ID: 43F, Data: 82 48 60 FF 75 DC 21 0 
ID: 43F, Data: 82 48 60 FF 75 B4 21 0 
ID: 280, Data: 830 0 20 AF 2B 15 68 3C 
ID: 5F0, Data: 20 0 
ID: 316, Data: 85 9 63 15 17 18 1E 7D 
ID: 43F, Data: 82 48 60 FF 75 3C 21 0 
ID: 545, Data: 8E4 14 0 8C 37 FF 37 FF 
ID: 153, Data: 80 0 0 FF 0 FF 0 0 
ID: 316, Data: 85 15 A9 14 18 18 1E 7D 
ID: 153, Data: 80 0 0 FF 0 FF 0 0 
ID: 545, Data: 8E4 2D 0 8C 10 0 10 0 
ID: 316, Data: 85 19 A9 14 18 19 1D 7D 
ID: 2A0, Data: 840 4 68 18 31 0 10 0 
ID: 316, Data: 85 19 DA 14 18 19 1D 7D 
ID: 316, Data: 85 18 D 15 18 19 1D 7D 
ID: 2A0, Data: 840 4 68 18 31 0 10 0 
ID: 43F, Data: 82 48 60 FF 75 84 1F 0 
ID: 370, Data: 8FF D5 F0 FF FF FF FF FF 
ID: 280, Data: 830 0 84 B0 2A 12 68 34 
ID: 316, Data: 85 17 7 15 18 19 1C 7D 
ID: 329, Data: 840 B0 80 8 12 2E 0 26 
ID: 43F, Data: 82 48 60 FF 75 D4 1E 0 
ID: 316, Data: 85 17 E0 14 18 19 1C 7D 
ID: 1F0, Data: 8F9 3F F9 BF 0 0 0 0 
ID: 316, Data: 85 17 B9 14 18 19 1B 7D 
ID: 153, Data: 80 0 0 FF 0 FF 0 0 
ID: 280, Data: 830 0 84 B0 29 11 68 32 
ID: 316, Data: 85 17 93 14 18 19 1B 7D 
ID: 43F, Data: 82 48 60 FF 75 E0 1D 0 
ID: 440, Data: 8FE 82 1A A0 FF AA AA AA 
ID: 2A0, Data: 840 3 68 18 31 0 10 0 
ID: 316, Data: 85 17 5D 14 18 19 1B 7D 
ID: 316, Data: 85 17 4D 14 19 19 1B 7D 
ID: 43F, Data: 82 48 60 FF 75 30 1D 0 
ID: 316, Data: 85 17 EB 13 19 19 1A 7D 
ID: 2A0, Data: 820 3 68 18 31 0 10 0 
ID: 153, Data: 80 0 0 FF 0 FF 0 0 
ID: 316, Data: 85 17 74 13 19 19 1A 7D 
ID: 153, Data: 80 0 0 FF 0 FF 0 0 
ID: 329, Data: 8ED B0 80 8 12 2D 0 26 
ID: 316, Data: 85 18 C 13 19 19 1A 7D 
ID: 2A0, Data: 880 3 68 18 31 0 10 0 
ID: 43F, Data: 82 48 60 FF 75 D4 1B 0 
ID: 153, Data: 80 0 0 FF 0 FF 0 0 
ID: 316, Data: 85 19 89 12 19 19 19 7D 
ID: 316, Data: 85 19 77 12 19 19 19 7D 
ID: 260, Data: 8B 19 19 30 0 FF 52 27 
ID: 316, Data: 85 19 50 12 19 19 19 7D 
ID: 316, Data: 85 19 43 12 19 19 19 7D 
ID: 43F, Data: 82 48 60 FF 75 FC 1A 0 
ID: 316, Data: 85 19 2A 12 19 19 18 7D 
ID: 370, Data: 8FF D5 F0 FF FF FF FF FF 
ID: 316, Data: 85 19 8 12 19 19 18 7D 
ID: 153, Data: 80 0 0 FF 0 FF 0 0 
ID: 43F, Data: 82 48 60 FF 75 5C 1A 0 
ID: 1F1, Data: 80 A5 BA A0 B BF 0 C 
ID: 153, Data: 80 0 0 FF 0 FF 0 0 
ID: 316, Data: 85 19 BF 11 19 19 18 7D 
ID: 153, Data: 80 0 0 FF 0 FF 0 0 
ID: 316, Data: 85 19 8F 11 19 19 17 7D 
ID: 316, Data: 85 19 9F 11 19 19 17 7D 
ID: 43F, Data: 82 48 60 FF 75 94 19 0 
ID: 43F, Data: 82 48 60 FF 75 7C 19 0 
ID: 440, Data: 8FE 82 17 A0 FF AA AA AA 
ID: 5F0, Data: 20 0 
ID: 316, Data: 85 19 73 11 19 19 17 7D 
ID: 316, Data: 85 19 77 11 19 19 17 7D 
ID: 316, Data: 85 19 64 11 19 19 17 7D 
ID: 5F0, Data: 20 0 
ID: 43F, Data: 82 48 60 FF 75 E8 18 0 
ID: A1, Data: 88D 80 8E 7D 1A 0 0 0 
ID: 316, Data: 85 19 32 11 19 19 16 7D 
ID: 316, Data: 85 19 1F 11 1A 19 16 7D 
ID: 545, Data: 8E4 2B 0 8C F6 FF F6 FF 
ID: 43F, Data: 82 48 60 FF 75 6C 18 0 
ID: 316, Data: 85 19 D5 10 1A 19 16 7D 
ID: 43F, Data: 82 48 60 FF 75 44 18 0 
ID: 316, Data: 85 19 F6 10 1A 19 16 7D 
ID: 2A0, Data: 880 2 69 18 31 0 10 0 
ID: 43F, Data: 82 48 60 FF 74 F4 17 0 
ID: 43F, Data: 82 48 60 FF 75 E0 17 0 
ID: 545, Data: 8E4 2A 0 8C F6 FF F6 FF 
ID: 316, Data: 85 1D A3 10 26 1A 15 7D 
ID: 316, Data: 85 1F B1 10 2B 1A 15 7D 
ID: 43F, Data: 82 48 60 FF 75 A0 17 0 
ID: 43F, Data: 82 48 60 FF 75 94 17 0 
ID: 43F, Data: 82 48 60 FF 74 7C 17 0 
ID: 316, Data: 85 25 B4 13 3F 18 15 7D 
ID: 316, Data: 85 28 3E 14 43 18 15 7D 
ID: A1, Data: 889 7B 87 7C 1D 0 0 0 
ID: 43F, Data: 82 48 60 FF 75 38 17 0 
ID: 43F, Data: 82 48 60 FF 75 44 17 0 
ID: 329, Data: 8B B1 80 8 11 39 1D 26 
ID: 153, Data: 80 0 0 FF 0 FF 0 0 
ID: 153, Data: 80 0 0 FF 0 FF 0 0 
ID: 316, Data: 85 3E 2C 1B 55 15 15 7D 
ID: 43F, Data: 82 48 60 FF 75 10 18 0 
ID: 316, Data: 85 46 65 1B 53 14 15 7D 
ID: 545, Data: 8E4 AF 0 8C B3 3 B3 3 
ID: 153, Data: 80 0 0 FF 0 FF 0 0 
ID: 316, Data: 85 4C 6F 1B 52 13 15 7D 
ID: 153, Data: 80 0 0 FF 0 FF 0 0 
ID: 153, Data: 80 0 0 FF 0 FF 0 0 
ID: 316, Data: 85 50 54 1C 51 13 15 7D 
ID: 153, Data: 80 0 0 FF 0 FF 0 0 
ID: 329, Data: 884 B1 80 8 11 3E 23 26 
ID: 316, Data: 85 4E F1 1C 51 13 16 7D 
ID: A1, Data: 888 7B 88 7E 3C 0 0 0 
ID: 316, Data: 85 4D 11 1D 50 13 16 7D 
ID: 153, Data: 80 0 0 FF 0 FF 0 0 
ID: 153, Data: 80 0 0 FF 0 FF 0 0 
ID: 329, Data: 840 B1 80 8 11 40 23 26 
ID: 316, Data: 85 4F 8A 1D 50 13 17 7D 
ID: 153, Data: 80 0 0 FF 0 FF 0 0 
ID: 153, Data: 80 0 0 FF 0 FF 0 0 
ID: 316, Data: 85 4E 1E 1E 4F 13 18 7D 
ID: 5F0, Data: 20 0 
ID: 316, Data: 85 4D 88 1E 4F 13 18 7D 
ID: 153, Data: 80 0 0 FF 0 FF 0 0 
ID: 440, Data: 8FE D2 18 A0 FF AA AA AA 
ID: 316, Data: 85 4C DD 1E 4E 13 18 7D 
ID: 153, Data: 80 0 0 FF 0 FF 0 0 
ID: 329, Data: 884 B1 80 8 11 40 23 26 
ID: 316, Data: 85 4B 4C 1F 4E 13 19 7D 
ID: A1, Data: 884 7B 84 7E 3A 0 0 0 
ID: 43F, Data: 82 48 60 FF 75 C 1D 0 
ID: 153, Data: 80 0 0 FF 0 FF 0 0 
ID: 316, Data: 85 4B 0 20 4D 13 1A 7D 
ID: 316, Data: 85 4B 34 20 4D 13 1A 7D 
ID: 1F0, Data: 8FA 3F F9 BF 0 0 0 0 
ID: 43F, Data: 82 48 60 FF 74 EC 1D 0 
ID: 43F, Data: 82 48 60 FF 75 2C 1E 0 
ID: 316, Data: 85 4C F2 20 4C 13 1B 7D 
ID: A1, Data: 888 7B 82 7E 3A 0 0 0 
ID: 153, Data: 80 0 0 FF 0 FF 0 0 
ID: 316, Data: 85 4B 71 21 48 13 1B 7D 
ID: 153, Data: 80 0 0 FF 0 FF 0 0 
ID: 316, Data: 85 4A BA 21 47 13 1B 7D 
ID: 316, Data: 85 4A D7 21 47 13 1C 7D 
ID: 153, Data: 80 0 0 FF 0 FF 0 0 
ID: 316, Data: 85 47 21 22 47 14 1C 7D 
ID: 153, Data: 80 0 0 FF 0 FF 0 0 
ID: 316, Data: 85 46 5D 22 47 14 1C 7D 
ID: 316, Data: 85 44 7B 22 47 14 1C 7D 
ID: 260, Data: 8B 45 47 30 0 FF CD 25 
ID: 43F, Data: 8B 48 60 FF 74 9C 20 0 
ID: 329, Data: 840 B1 80 8 11 40 20 26 
ID: A0, Data: 84E 7D B8 22 1D 36 2 0 
ID: 316, Data: 85 43 16 23 46 14 1D 7D 
ID: 316, Data: 85 43 26 23 46 14 1D 7D 
ID: 43F, Data: 8B 48 60 FF 75 54 21 0 
ID: 316, Data: 85 44 65 23 46 14 1E 7D 
ID: 260, Data: 8B 44 47 30 0 FF CD 17 
ID: 316, Data: 85 44 86 23 46 14 1E 7D 
ID: 329, Data: 840 B1 80 8 11 40 20 26 
ID: 43F, Data: 8B 48 60 FF 74 AC 21 0 
ID: 316, Data: 85 45 B6 23 45 15 1E 7D 
ID: 153, Data: 80 0 0 FF 0 FF 0 0 
ID: 316, Data: 85 3E 30 22 2D 14 1E 7D 
ID: 153, Data: 80 0 0 FF 0 FF 0 0 
ID: 316, Data: 85 3C D 20 21 15 1F 7D 
ID: 316, Data: 85 37 F5 1E 22 15 1F 7D 
ID: 2A0, Data: 8C1 14 69 18 31 0 10 0 
ID: 43F, Data: 8B 48 60 2C 75 84 19 0 
ID: 440, Data: 8FE 22 1F A0 FF AA AA AA 
ID: 2A0, Data: 8C1 13 69 18 31 0 10 0 
ID: 316, Data: 85 2D F8 18 12 16 1F 7D 
ID: 2A0, Data: 820 13 69 18 31 0 10 0 
ID: 43F, Data: 8B 48 60 FF 75 F4 16 0 
ID: 316, Data: 85 27 2F 18 14 17 20 7D 
ID: A1, Data: 88C 80 8F 7D 20 0 0 0 
ID: 316, Data: 85 21 CF 17 15 18 20 7D 
ID: 316, Data: 85 1E 9C 17 15 18 20 7D 
ID: 18F, Data: 8AA 38 0 0 0 0 0 0 
ID: 316, Data: 85 1A 18 17 16 18 20 7D 
ID: 43F, Data: 83 48 60 FF 74 FC 16 0 
ID: 316, Data: 85 17 99 16 16 18 20 7D 
ID: A0, Data: 81D 7D C7 16 20 25 2 0 
ID: 153, Data: 80 0 0 FF 0 FF 0 0 
ID: 316, Data: 85 18 BD 15 1D 18 20 7D 
ID: 153, Data: 80 0 0 FF 0 FF 0 0 
ID: 260, Data: 8B 1C 20 30 0 FF B5 32 
ID: 316, Data: 85 1C 72 16 20 18 20 7D 
ID: 18F, Data: 8AA 37 0 0 0 0 0 0 
ID: 316, Data: 85 1D EF 16 20 18 20 7D 
ID: 153, Data: 80 0 0 FF 0 FF 0 0 
ID: 316, Data: 85 1D 2C 17 20 18 1F 7D 
ID: 316, Data: 85 1E 33 17 1A 18 1F 7D 
ID: A0, Data: 825 7D 33 17 20 28 2 0 
ID: 43F, Data: 83 48 60 FF 75 D0 16 0 
ID: 440, Data: 8FE 13 1F A0 FF AA AA AA 
ID: 260, Data: 8B 1E 16 30 0 FF BC 34 
ID: 316, Data: 85 1E 11 17 16 18 1F 7D 
ID: 2A0, Data: 840 E 69 18 31 0 10 0 
ID: 43F, Data: 83 48 60 FF 75 9C 16 0 
ID: 316, Data: 85 1B 9F 16 16 18 1F 7D 
ID: 280, Data: 830 0 84 B1 2C 10 69 31 
ID: 316, Data: 85 1A 3F 16 1B 18 1F 7D 
ID: 316, Data: 85 1A 19 16 21 18 1F 7D 
ID: 370, Data: 8FF D8 F0 FF FF FF FF FF 
ID: 316, Data: 85 1D 25 16 2D 18 1F 7D 
ID: 153, Data: 80 0 0 FF 0 FF 0 0 
ID: 316, Data: 85 21 7F 16 2F 18 1F 7D 
ID: 316, Data: 85 23 B3 16 32 18 1F 7D 
ID: A0, Data: 831 7D 92 16 1F 2A 2 0 
ID: 316, Data: 85 27 3 17 33 18 1F 7D 
ID: 316, Data: 85 29 48 17 36 17 1F 7D 
ID: 18F, Data: 8AA 37 0 0 0 0 0 0 
ID: 316, Data: 85 2C C0 17 37 17 1F 7D 
ID: 153, Data: 80 0 0 FF 0 FF 0 0 
ID: 316, Data: 85 2E DD 17 38 16 1F 7D 
ID: 153, Data: 80 0 0 FF 0 FF 0 0 
ID: 2A0, Data: 861 D 69 18 31 0 10 0 
ID: 316, Data: 85 32 9 18 3B 16 1F 7D 
ID: 545, Data: 8E4 5F 0 8C F4 1 F4 1 
ID: 43F, Data: 843 48 60 FF 75 84 16 0 
ID: 153, Data: 80 0 0 FF 0 FF 0 0 
ID: 153, Data: 80 0 0 FF 0 FF 0 0 
ID: 316, Data: 85 3B 4D 18 43 15 1F 7D 
ID: 153, Data: 80 0 0 FF 0 FF 0 0 
ID: 18F, Data: 8AA 37 0 0 0 0 0 0 
ID: 316, Data: 85 3D 27 18 4B 14 1F 7D 
ID: 316, Data: 85 40 C7 17 4F 14 1F 7D 
ID: A0, Data: 84C 7D 27 18 20 30 2 0 
ID: 153, Data: 80 0 0 FF 0 FF 0 0 
ID: 316, Data: 85 4A 64 17 54 13 1F 7D 
ID: 153, Data: 80 0 0 FF 0 FF 0 0 
ID: 2A0, Data: 81 F 69 18 31 0 10 0 
ID: 316, Data: 85 52 CF 17 54 13 20 7D 
ID: 316, Data: 85 52 2 18 54 13 20 7D 
ID: 43F, Data: 843 48 60 FF 75 6C 17 0 
ID: 153, Data: 80 0 0 FF 0 FF 0 0 
ID: 545, Data: 8E4 96 0 8C 82 4 82 4 
ID: 316, Data: 85 54 45 18 54 13 20 7D 
ID: 260, Data: 8B 55 55 30 0 FF BB A 
ID: 316, Data: 85 54 36 18 57 12 20 7D 
ID: 316, Data: 85 54 45 18 59 12 20 7D 
ID: 5F0, Data: 20 0 
ID: 316, Data: 85 57 A1 18 5E 12 21 7D 
ID: 316, Data: 85 57 B0 18 5F 12 21 7D 
ID: 2A0, Data: 8C1 12 69 18 31 0 10 0 
ID: 153, Data: 80 0 0 FF 0 FF 0 0 
ID: 316, Data: 85 5C 8A 19 62 12 21 7D 
ID: 153, Data: 80 0 0 FF 0 FF 0 0 
ID: 260, Data: 8B 61 67 30 0 FF B3 3F 
ID: 316, Data: 85 61 E8 19 68 12 21 7D 
ID: 43F, Data: 843 48 60 FF 75 E0 18 0 
ID: 43F, Data: 843 48 60 FF 75 F8 18 0 
ID: 18F, Data: 8AA 37 0 0 0 0 0 0 
ID: 153, Data: 80 0 0 FF 0 FF 0 0 
ID: 153, Data: 80 0 0 FF 0 FF 0 0 
ID: 18F, Data: 8AA 37 0 0 0 0 0 0 
ID: 329, Data: 8B B1 80 8 11 45 30 26 
ID: 316, Data: 85 69 D8 1A 6A 11 23 7D 
ID: 153, Data: 80 0 0 FF 0 FF 0 0 
ID: 43F, Data: 843 48 60 FF 75 F8 19 0 
ID: 43F, Data: 843 48 60 FF 75 20 1A 0 
ID: 43F, Data: 843 48 60 FF 75 44 1A 0 
ID: 43F, Data: 843 48 60 FF 75 54 1A 0 
ID: 316, Data: 85 68 A9 1B 69 11 24 7D 
ID: 260, Data: 8B 68 6A 30 0 FF A9 21 
ID: 153, Data: 80 0 0 FF 0 FF 0 0 
ID: 329, Data: 8B B1 80 8 11 46 30 26 
ID: 316, Data: 85 67 EE 1B 69 12 25 7D 
ID: 280, Data: 830 0 88 B1 38 40 69 95 
ID: 316, Data: 85 68 C 1C 69 11 25 7D 
ID: 280, Data: 830 0 88 B1 38 40 69 95 
ID: 43F, Data: 84C 48 60 FF 75 A0 1B 0 
ID: 43F, Data: 84C 48 60 FF 75 B8 1B 0 
ID: A0, Data: 879 7D 2B 1C 26 3C 2 0 
ID: 316, Data: 85 68 D1 1C 68 11 26 7D 
ID: 316, Data: 85 68 7 1D 68 12 26 7D 
ID: 43F, Data: 84C 48 60 FF 75 4C 1C 0 
ID: 43F, Data: 84C 48 60 FF 75 68 1C 0 
ID: 260, Data: 8B 68 69 30 0 FF AD 1F 
ID: 316, Data: 85 67 74 1D 68 12 27 7D 
ID: 316, Data: 85 67 AC 1D 68 12 27 7D 
ID: 43F, Data: 84C 48 60 FF 74 48 1C 0 
ID: 316, Data: 85 64 7 1D 68 12 28 7D 
ID: 153, Data: 80 0 0 FF 0 FF 0 0 
ID: 153, Data: 80 0 0 FF 0 FF 0 0 
ID: 1F1, Data: 80 B5 3D D1 13 47 B1 14 
ID: 370, Data: 8FF E1 F0 FF FF FF FF FF 
ID: 316, Data: 85 6D 20 19 62 11 28 7D 
ID: 153, Data: 80 0 0 FF 0 FF 0 0 
ID: 43F, Data: 84C 48 60 FF 74 68 16 0 
ID: 43F, Data: 84C 48 60 FF 74 78 16 0 
ID: 329, Data: 8B B1 80 8 11 3E 22 26 
ID: 316, Data: 85 60 A 17 56 12 29 7D 
ID: 316, Data: 85 5E E8 16 56 12 29 7D 
ID: 2A0, Data: 8C1 1F 68 18 31 0 10 0 
ID: 43F, Data: 844 48 60 FF 75 BC 16 0 
ID: 43F, Data: 844 48 60 FF 74 C0 16 0 
ID: A1, Data: 87E 7B 7B 7E 41 0 0 0 
ID: 316, Data: 85 57 87 17 55 12 2A 7D 
ID: 316, Data: 85 57 B9 17 55 12 2A 7D 
ID: 43F, Data: 844 48 60 FF 75 C 17 0 
ID: 43F, Data: 844 48 60 FF 75 14 17 0 
ID: 545, Data: 8E4 7E 0 8C 79 4 79 4 
ID: 316, Data: 85 52 80 17 55 12 2A 7D 
ID: 316, Data: 85 53 8E 17 55 12 2A 7D 
ID: A0, Data: 85C 7D 8E 17 2B 34 2 0 
ID: 43F, Data: 844 48 60 FF 75 4C 17 0 
ID: 440, Data: 8FE 94 2B A0 FF AA AA AA 
ID: 316, Data: 85 52 27 18 55 12 2B 7D 
ID: 316, Data: 85 51 3E 18 55 12 2B 7D 
ID: 43F, Data: 844 48 60 FF 75 78 17 0 
ID: 316, Data: 85 50 5C 18 55 12 2B 7D 
ID: 153, Data: 80 0 0 FF 0 FF 0 0 
ID: 153, Data: 80 0 0 FF 0 FF 0 0 
ID: 316, Data: 85 50 A1 18 55 12 2B 7D 
ID: 5F0, Data: 20 0 
ID: 316, Data: 85 50 C8 18 55 12 2C 7D 
ID: 153, Data: 80 0 0 FF 0 FF 0 0 
ID: A0, Data: 85D 7D C8 18 2C 35 2 0 
ID: 316, Data: 85 51 0 19 55 12 2C 7D 
ID: 260, Data: 8B 52 56 30 0 FF BF 26 
ID: 43F, Data: 844 48 60 FF 75 18 18 0 
ID: 153, Data: 80 0 0 FF 0 FF 0 0 
ID: 43F, Data: 844 48 60 FF 75 28 18 0 
ID: 545, Data: 8E4 8B 0 8C 54 4 54 4 
ID: 153, Data: 80 0 0 FF 0 FF 0 0 
ID: 316, Data: 85 51 59 19 55 12 2C 7D 
ID: 153, Data: 80 0 0 FF 0 FF 0 0 
ID: 316, Data: 85 51 71 19 55 12 2D 7D 
ID: 5F0, Data: 20 0 
ID: A0, Data: 85E 7D 69 19 2D 35 2 0 
ID: 18F, Data: 8AA 36 0 0 0 0 0 0 
ID: 43F, Data: 844 48 60 FF 75 98 18 0 
ID: 260, Data: 8B 51 56 30 0 FF BF 36 
ID: 43F, Data: 844 48 60 FF 75 B8 18 0 
ID: 43F, Data: 844 48 60 FF 75 B0 18 0 
ID: 153, Data: 80 0 0 FF 0 FF 0 0 
ID: 316, Data: 85 57 A 1A 5F 1C 2D 7D 
ID: 5F0, Data: 20 0 
ID: 316, Data: 85 5A B3 1A 5B 1B 2D 7D 
ID: 316, Data: 85 5A CF 1A 57 1B 2E 7D 
ID: 43F, Data: 844 48 60 FF 75 C 19 0 
ID: 5F0, Data: 20 0 
ID: 260, Data: 8B 5A 51 30 0 FF B5 2D 
ID: 280, Data: 830 0 88 B1 35 36 68 8C 
ID: 43F, Data: 844 48 60 FF 75 38 19 0 
ID: 316, Data: 845 53 36 1A 4F 1C 2E 7D 
ID: 153, Data: 80 0 0 FF 0 FF 0 0 
ID: 316, Data: 845 4F 93 19 50 1C 2E 7D 
ID: 316, Data: 845 4F 7A 19 50 1C 2E 7D 
ID: 43F, Data: 844 48 60 FF 75 60 19 0 
ID: 153, Data: 80 0 0 FF 0 FF 0 0 
ID: 43F, Data: 844 48 60 FF 75 74 19 0 
ID: 2A0, Data: 8A1 1F 68 18 31 0 10 0 
ID: 316, Data: 845 4D BC 1A 4E 1C 2F 7D 
ID: 316, Data: 845 4C 10 1B 4E 1C 2F 7D 
ID: 370, Data: 8FF E0 F0 FF FF FF FF FF 
ID: 545, Data: 8E4 80 0 8C 3C 3 3C 3 
ID: 43F, Data: 844 48 60 FF 75 B8 19 0 
ID: 153, Data: 80 0 0 FF 0 FF 0 0 
ID: 43F, Data: 844 48 60 FF 75 C0 19 0 
ID: 2A0, Data: 81 1E 68 18 31 0 10 0 
ID: 316, Data: 845 4B CF 1A 53 1C 2F 7D 
ID: 316, Data: 845 4B EA 1A 53 1C 2F 7D 
ID: 153, Data: 80 0 0 FF 0 FF 0 0 
ID: 316, Data: 845 4C EA 1A 53 1C 30 7D 
ID: 316, Data: 845 4C E1 1A 4D 1C 30 7D 
ID: 370, Data: 8FF DE F0 FF FF FF FF FF 
ID: 316, Data: 845 4E 6 1B 49 1C 30 7D 
ID: 153, Data: 80 0 0 FF 0 FF 0 0 
ID: 43F, Data: 844 48 60 FF 75 34 1A 0 
ID: 316, Data: 845 4E 3F 1B 49 1C 30 7D 
ID: A1, Data: 87C 7B 7E 7E 3D 0 0 0 
ID: 316, Data: 845 4B 6 1B 35 1C 30 7D 
ID: 316, Data: 845 49 EA 1A 19 1D 30 7D 
ID: 43F, Data: 844 48 60 FF 75 30 1A 0 
ID: 316, Data: 845 43 65 1B 19 1D 30 7D 
ID: 5F0, Data: 20 0 
ID: 153, Data: 80 0 0 FF 0 FF 0 0 
ID: 43F, Data: 844 48 60 FF 75 64 1A 0 
ID: 316, Data: 845 33 6B 1A 1C 20 31 7D 
ID: 18F, Data: 8AA 3E 0 0 0 0 0 0 
ID: 153, Data: 80 0 0 FF 0 FF 0 0 
ID: 370, Data: 8FF DE F0 FF FF FF FF FF 
ID: 43F, Data: 844 48 60 FF 75 5C 1A 0 
ID: 316, Data: 845 2A BC 1A 3C 21 31 7D 
ID: 153, Data: 80 0 0 FF 0 FF 0 0 
ID: 316, Data: 845 2E FD 1A 3B 21 31 7D 
ID: 316, Data: 845 30 2C 1B 3B 20 31 7D 
ID: 43F, Data: 844 48 60 FF 75 5C 1A 0 
ID: 153, Data: 80 0 0 FF 0 FF 0 0 
ID: 316, Data: 845 33 65 1B 3C 20 31 7D 
ID: A0, Data: 843 7D 65 1B 31 30 2 0 
ID: 316, Data: 845 34 82 1B 3D 1F 31 7D 
ID: 316, Data: 845 34 9F 1B 40 1F 31 7D 
ID: 370, Data: 8FF DD F0 FF FF FF FF FF 
ID: 18F, Data: 8AA 40 0 0 0 0 0 0 
ID: 43F, Data: 844 48 60 FF 75 6C 1A 0 
ID: 153, Data: 80 0 0 FF 0 FF 0 0 
ID: 316, Data: 845 3E 17 1C 48 1E 31 7D 
ID: 153, Data: 80 0 0 FF 0 FF 0 0 
ID: 43F, Data: 844 48 60 FF 75 78 1A 0 
ID: A0, Data: 850 7D 35 1C 31 33 2 0 
ID: 43F, Data: 844 48 60 FF 75 84 1A 0 
ID: 43F, Data: 844 48 60 FF 75 90 1A 0 
ID: A0, Data: 84F 7D B1 1C 31 34 2 0 
ID: 316, Data: 845 46 D1 1C 47 1D 31 7D 
ID: 316, Data: 845 45 DC 1C 47 1D 31 7D 
ID: 43F, Data: 844 48 60 FF 75 A8 1A 0 
ID: 280, Data: 830 0 88 B1 39 2B 68 75 
ID: 153, Data: 80 0 0 FF 0 FF 0 0 
ID: 316, Data: 845 46 F1 1C 4B 1D 31 7D 
ID: 316, Data: 845 48 7 1D 4B 1D 31 7D 
ID: 43F, Data: 844 48 60 FF 75 D4 1A 0 
ID: 316, Data: 845 49 11 1D 4B 1D 31 7D 
ID: 153, Data: 80 0 0 FF 0 FF 0 0 
ID: 316, Data: 845 49 27 1D 4B 1D 31 7D 
ID: 316, Data: 845 4A 1C 1D 4B 1D 31 7D 
ID: 43F, Data: 844 48 60 FF 75 4 1B 0 
ID: 153, Data: 80 0 0 FF 0 FF 0 0 
ID: A1, Data: 87D 7F 7E 80 39 0 0 0 
ID: 280, Data: 830 0 88 B1 39 2E 68 7B 
ID: 440, Data: 8FE 94 32 A0 FF AA AA AA 
ID: 153, Data: 80 0 0 FF 0 FF 0 0 
ID: 260, Data: 8B 4D 35 30 0 FF C7 26 
ID: 316, Data: 845 4B 92 1C 33 1D 32 7D 
ID: 43F, Data: 844 48 60 FF 75 40 1B 0 
ID: 370, Data: 8FF DD F0 FF FF FF FF FF 
ID: 153, Data: 80 0 0 FF 0 FF 0 0 
ID: 316, Data: 845 3F 49 1C 35 1E 32 7D 
ID: 316, Data: 845 3D 35 1C 3B 1E 32 7D 
ID: 43F, Data: 844 48 60 FF 75 58 1B 0 
ID: 153, Data: 80 0 0 FF 0 FF 0 0 
ID: 153, Data: 80 0 0 FF 0 FF 0 0 
ID: 545, Data: 8E4 64 0 8D 3 2 3 2 
ID: 316, Data: 845 3E 5E 1C 47 1E 32 7D 
ID: 316, Data: 845 3F 73 1C 47 1E 32 7D 
ID: 43F, Data: 844 48 60 FF 75 7C 1B 0 
ID: 329, Data: 884 B1 80 8 11 3C 15 26 
ID: 153, Data: 80 0 0 FF 0 FF 0 0 
ID: 43F, Data: 844 48 60 FF 75 90 1B 0 
ID: 316, Data: 845 42 92 1C 43 1D 33 7D 
ID: 18F, Data: 8AA 45 0 0 0 0 0 0 
ID: 316, Data: 845 43 87 1C 33 1D 33 7D 
ID: 153, Data: 80 0 0 FF 0 FF 0 0 
ID: 545, Data: 8E4 80 0 8D 96 2 96 2 
ID: 316, Data: 845 40 D1 1C 2C 1D 33 7D 
ID: 18F, Data: 8AA 45 0 0 0 0 0 0 
ID: 316, Data: 845 3B 7D 1C 2D 1E 33 7D 
ID: 153, Data: 80 0 0 FF 0 FF 0 0 
ID: 2A0, Data: 861 15 68 18 31 0 10 0 
ID: 316, Data: 845 35 49 1C 33 1F 33 7D 
ID: 43F, Data: 844 48 60 FF 75 C8 1B 0 
ID: 440, Data: 8FE 94 33 A0 FF AA AA AA 
ID: 153, Data: 80 0 0 FF 0 FF 0 0 
ID: 153, Data: 80 0 0 FF 0 FF 0 0 
ID: 316, Data: 845 32 68 1C 37 1F 33 7D 
ID: 153, Data: 80 0 0 FF 0 FF 0 0 
ID: 316, Data: 845 33 7D 1C 37 1F 33 7D 
ID: 316, Data: 845 34 87 1C 36 1F 33 7D 
ID: 153, Data: 80 0 0 FF 0 FF 0 0 
ID: 280, Data: 830 0 88 B1 38 1F 68 5D 
ID: 1F1, Data: 80 2B 9C 51 19 A1 21 1A 
ID: A0, Data: 83E 7D 7D 1C 34 30 2 0 
ID: 316, Data: 845 35 87 1C 36 1F 33 7D 
ID: 1F1, Data: 80 4D 9B 81 19 A2 21 1A 
ID: 43F, Data: 844 48 60 FF 75 F4 1B 0 
ID: 316, Data: 845 36 87 1C 36 1F 33 7D 
ID: 5F0, Data: 20 0 
ID: 280, Data: 830 0 88 B1 39 20 68 5F 
ID: 153, Data: 80 0 0 FF 0 FF 0 0 
ID: 316, Data: 845 35 9C 1C 36 1F 33 7D 
ID: A1, Data: 87C 7F 7C 80 2D 0 0 0 
ID: 316, Data: 845 35 92 1C 35 1F 34 7D 
ID: 316, Data: 845 34 92 1C 35 1F 34 7D 
ID: 153, Data: 80 0 0 FF 0 FF 0 0 
ID: 280, Data: 830 0 88 B1 39 21 68 5F 
ID: 316, Data: 845 34 87 1C 30 1F 34 7D 
ID: A1, Data: 87C 7F 7C 80 2D 0 0 0 
ID: 316, Data: 845 33 7D 1C 1A 1F 34 7D 
ID: 316, Data: 845 35 68 1C 1B 1F 34 7D 
ID: 316, Data: 845 33 87 1C 1B 20 34 7D 
ID: 260, Data: 8B 33 1C 30 0 FF D5 3C 
ID: 153, Data: 80 0 0 FF 0 FF 0 0 
ID: 280, Data: 830 0 88 B1 38 1C 68 48 
ID: 316, Data: 845 2A 21 1C 1D 21 34 7D 
ID: A1, Data: 87C 7D 7A 7E 22 0 0 0 
ID: 43F, Data: 844 48 60 FF 75 14 1C 0 
ID: 316, Data: 845 22 35 1C 1D 22 34 7D 
ID: 370, Data: 8FF DD F0 FF FF FF FF FF 
ID: 329, Data: 8ED B1 80 8 11 36 F 26 
ID: 43F, Data: 844 48 60 FF 75 10 1C 0 
ID: 370, Data: 8FF DD F0 FF FF FF FF FF 
ID: 153, Data: 80 0 0 FF 0 FF 0 0 
ID: 316, Data: 845 30 A7 1C 47 21 34 7D 
ID: 316, Data: 845 33 F1 1C 48 21 34 7D 
ID: 43F, Data: 844 48 60 FF 75 28 1C 0 
ID: 316, Data: 845 39 A1 1D 4A 1F 34 7D 
ID: 153, Data: 80 0 0 FF 0 FF 0 0 
ID: 316, Data: 845 3D FC 1D 49 1F 34 7D 
ID: 316, Data: 845 3F 1E 1E 49 1E 34 7D 
ID: 43F, Data: 844 48 60 FF 75 40 1C 0 
ID: 316, Data: 845 42 4D 1E 49 1D 34 7D 
ID: 316, Data: 845 43 70 1E 49 1D 34 7D 
ID: 329, Data: 884 B1 80 8 11 3E 18 26 
ID: 316, Data: 845 46 A0 1E 49 1D 34 7D 
ID: 545, Data: 8E4 99 0 8D D7 2 D7 2 
ID: 153, Data: 80 0 0 FF 0 FF 0 0 
ID: 43F, Data: 844 48 60 FF 75 70 1C 0 
ID: 153, Data: 80 0 0 FF 0 FF 0 0 
ID: 545, Data: 8E4 98 0 8D E5 2 E5 2 
ID: 316, Data: 845 47 E9 1E 49 1D 34 7D 
ID: 2A0, Data: 81 11 68 18 31 0 10 0 
ID: 316, Data: 845 47 1 1F 49 1D 34 7D 
ID: 316, Data: 845 48 F5 1E 49 1D 35 7D 
ID: A1, Data: 880 7F 7E 80 39 0 0 0 
ID: 316, Data: 845 48 1 1F 39 1D 35 7D 
ID: 316, Data: 845 48 1 1F 37 1D 35 7D 
ID: 43F, Data: 844 48 60 FF 75 CC 1C 0 
ID: 316, Data: 845 45 27 1F 36 1D 35 7D 
ID: 153, Data: 80 0 0 FF 0 FF 0 0 
ID: 316, Data: 845 40 F5 1E 3B 1D 35 7D 
ID: 316, Data: 845 3E D1 1E 41 1E 35 7D 
ID: A1, Data: 87E 7F 7E 80 36 0 0 0 
ID: 316, Data: 845 3D AC 1E 3A 14 35 7D 
ID: 316, Data: 845 3D A0 1E 3D 15 35 7D 
ID: 43F, Data: 844 48 60 FF 75 8 1D 0 
ID: 18F, Data: 8AA 45 0 0 0 0 0 0 
ID: 5F0, Data: 20 0 
ID: 153, Data: 80 0 0 FF 0 FF 0 0 
ID: 260, Data: 8B 3D 3F 30 0 FF D7 2C 
ID: 329, Data: 8ED B1 80 8 11 3B 16 26 
ID: 440, Data: 8FE 34 35 A0 FF AA AA AA 
ID: 316, Data: 85 3D 94 1E 3B 15 36 7D 
ID: 153, Data: 80 0 0 FF 0 FF 0 0 
ID: 440, Data: 8FE 44 36 A0 FF AA AA AA 
ID: 43F, Data: 844 48 60 FF 75 38 1D 0 
ID: 260, Data: 8B 3D 3B 30 0 FF D6 30 
ID: 153, Data: 80 0 0 FF 0 FF 0 0 
ID: 316, Data: 85 3C 94 1E 3B 15 36 7D 
ID: 153, Data: 80 0 0 FF 0 FF 0 0 
ID: 153, Data: 80 0 0 FF 0 FF 0 0 
ID: 316, Data: 85 3B 65 1E 3B 15 36 7D 
ID: 440, Data: 8FE 44 36 A0 FF AA AA AA 
ID: 153, Data: 80 0 0 FF 0 FF 0 0 
ID: 316, Data: 85 3A 70 1E 3B 15 36 7D 
ID: 316, Data: 85 3A 88 1E 3B 15 36 7D 
ID: 260, Data: 8B 3B 3B 30 0 FF D7 31 
ID: 43F, Data: 844 48 60 FF 75 98 1D 0 
ID: 316, Data: 85 3A 94 1E 3B 15 36 7D 
ID: 153, Data: 80 0 0 FF 0 FF 0 0 
ID: 316, Data: 85 3A 88 1E 3B 15 37 7D 
ID: 316, Data: 85 3A 88 1E 3B 15 37 7D 
ID: 545, Data: 8E4 6A 0 8D 8A 2 8A 2 
ID: 43F, Data: 844 48 60 FF 75 C0 1D 0 
ID: 1F1, Data: 80 E8 B5 F1 1A BC C1 1B 
ID: 2A0, Data: 861 12 68 18 31 0 10 0 
ID: 316, Data: 85 3A AC 1E 3B 15 37 7D 
ID: 316, Data: 85 39 B8 1E 3B 15 37 7D 
ID: 43F, Data: 844 48 60 FF 75 E8 1D 0 
ID: 5F0, Data: 20 0 
ID: 153, Data: 80 0 0 FF 0 FF 0 0 
ID: 153, Data: 80 0 0 FF 0 FF 0 0 
ID: 316, Data: 85 38 D1 1E 10 15 37 7D 
ID: 316, Data: 85 36 D1 1E 10 16 37 7D 
ID: A1, Data: 87E 7F 7B 80 2C 0 0 0 
ID: 316, Data: 85 2E 7C 1E 12 17 37 7D 
ID: 316, Data: 85 2A 36 1E 12 18 37 7D 
ID: 43F, Data: 844 48 60 FF 75 EC 1D 0 
ID: 316, Data: 85 22 F0 1D 13 18 37 7D 
ID: A1, Data: 87D 7B 78 7C 1C 0 0 0 
ID: 43F, Data: 844 48 60 FF 75 0 1E 0 
ID: 316, Data: 85 1C 7 1E 14 19 37 7D 
ID: 545, Data: 8E4 34 0 8D 27 0 27 0 
ID: 316, Data: 85 1B D9 1D 22 19 37 7D 
ID: 153, Data: 80 0 0 FF 0 FF 0 0 
ID: 329, Data: 840 B1 80 8 11 32 5 26 
ID: 316, Data: 85 1E CE 1D 24 19 37 7D 
ID: 18F, Data: 8AA 40 0 0 0 0 0 0 
ID: 316, Data: 85 20 36 1E 24 19 37 7D 
ID: 153, Data: 80 0 0 FF 0 FF 0 0 
ID: 153, Data: 80 0 0 FF 0 FF 0 0 
ID: 316, Data: 85 22 59 1E 23 19 37 7D 
ID: 440, Data: 8FE 34 37 A0 FF AA AA AA 
ID: 316, Data: 85 23 41 1E 25 19 37 7D 
ID: 153, Data: 80 0 0 FF 0 FF 0 0 
ID: 153, Data: 80 0 0 FF 0 FF 0 0 
ID: 316, Data: 85 24 41 1E 2B 18 37 7D 
ID: 153, Data: 80 0 0 FF 0 FF 0 0 
ID: 316, Data: 85 26 4D 1E 2C 18 37 7D 
ID: 316, Data: 85 27 65 1E 2C 18 37 7D 
ID: A1, Data: 87D 7B 78 7C 1D 0 0 0 
ID: 43F, Data: 844 48 60 FF 75 D8 1D 0 
ID: 153, Data: 80 0 0 FF 0 FF 0 0 
ID: 2A0, Data: 880 D 68 18 31 0 10 0 
ID: 329, Data: 840 B1 80 8 11 34 0 26 
ID: 260, Data: 8B 28 13 30 0 FF D7 20 
ID: 440, Data: 8FE 44 37 A0 FF AA AA AA 
ID: 316, Data: 85 23 88 1E 13 18 37 7D 
ID: 43F, Data: 844 48 60 FF 75 D0 1D 0 
ID: 43F, Data: 844 48 60 FF 75 CC 1D 0 
ID: 153, Data: 80 0 0 FF 0 FF 0 0 
ID: 316, Data: 85 1B CE 1D 14 19 37 7D 
ID: 153, Data: 80 0 0 FF 0 FF 0 0 
ID: 1F1, Data: 80 8 B1 31 1B BC C1 1B 
ID: 316, Data: 85 19 48 1D 18 19 37 7D 
ID: A0, Data: 81B 7D 95 1D 37 27 2 0 
ID: 316, Data: 85 19 11 1D 19 19 37 7D 
ID: 316, Data: 85 19 1C 1D 19 19 37 7D 
ID: 43F, Data: 844 48 60 FF 75 B0 1D 0 
ID: 316, Data: 85 19 3D 1D 19 19 37 7D 
ID: A1, Data: 880 7C 7C 7C 16 0 0 0 
ID: 43F, Data: 844 48 60 FF 75 94 1D 0 
ID: 316, Data: 85 19 48 1D 19 19 37 7D 
ID: A0, Data: 81C 7D 48 1D 37 27 2 0 
ID: 316, Data: 85 19 48 1D 19 19 37 7D 
ID: 316, Data: 85 19 53 1D 19 19 37 7D 
ID: 43F, Data: 844 48 60 FF 75 88 1D 0 
ID: 316, Data: 85 19 32 1D 1A 19 36 7D 
ID: A1, Data: 880 7B 7C 7C 16 0 0 0 
ID: 316, Data: 85 1A 48 1D 22 19 36 7D 
ID: 316, Data: 85 1B 48 1D 23 19 36 7D 
ID: A0, Data: 822 7D 48 1D 37 2A 2 0 
ID: 43F, Data: 844 48 60 FF 75 7C 1D 0 
ID: 316, Data: 85 20 95 1D 2B 19 36 7D 
ID: 370, Data: 8FF DD F0 FF FF FF FF FF 
ID: 316, Data: 85 24 7F 1D 36 19 36 7D 
ID: 43F, Data: 844 48 60 FF 75 68 1D 0 
ID: 370, Data: 8FF DD F0 FF FF FF FF FF 
ID: 153, Data: 80 0 0 FF 0 FF 0 0 
ID: 1F1, Data: 80 1A AC A1 1A B6 51 1B 
ID: 316, Data: 85 33 DD 1E 3B 17 36 7D 
ID: 2A0, Data: 861 A 68 18 31 0 10 0 
ID: 43F, Data: 844 48 60 FF 75 74 1D 0 
ID: 43F, Data: 844 48 60 FF 75 74 1D 0 
ID: A0, Data: 843 7D E 1F 37 32 2 0 
ID: 316, Data: 85 37 E 1F 3A 16 36 7D 
ID: 316, Data: 85 38 1A 1F 39 15 36 7D 
ID: 316, Data: 85 39 27 1F 39 15 36 7D 
ID: 43F, Data: 844 48 60 FF 75 90 1D 0 
ID: 316, Data: 85 3A 40 1F 39 15 36 7D 
ID: 153, Data: 80 0 0 FF 0 FF 0 0 
ID: 316, Data: 85 3B 65 1F 39 15 36 7D 
ID: 153, Data: 80 0 0 FF 0 FF 0 0 
ID: 260, Data: 8B 3A 39 30 0 FF D9 32 
ID: 316, Data: 85 39 65 1F 39 15 37 7D 
ID: A1, Data: 881 7B 81 7E 2F 0 0 0 
ID: 43F, Data: 844 48 60 FF 75 B8 1D 0 
ID: 153, Data: 80 0 0 FF 0 FF 0 0 
ID: A1, Data: 880 7B 81 7E 2F 0 0 0 
ID: 280, Data: 830 0 88 B1 3E 23 68 64 
ID: 329, Data: 840 B1 80 8 11 3A 2 26 
ID: 370, Data: 8FF DD F0 FF FF FF FF FF 
ID: 316, Data: 85 33 72 1F 14 16 37 7D 
ID: 316, Data: 85 2E 33 1F 14 16 37 7D 
ID: 316, Data: 85 2D E 1F 14 16 37 7D 
ID: 5F0, Data: 20 0 
ID: 316, Data: 85 27 C4 1E 12 18 37 7D 
ID: 153, Data: 80 0 0 FF 0 FF 0 0 
ID: 2A0, Data: 880 B 68 18 31 0 10 0 
ID: 316, Data: 85 22 65 1E 13 18 37 7D 
ID: 153, Data: 80 0 0 FF 0 FF 0 0 
ID: 43F, Data: 844 48 60 FF 75 D4 1D 0 
ID: 153, Data: 80 0 0 FF 0 FF 0 0 
ID: 43F, Data: 844 48 60 FF 75 D0 1D 0 
ID: 153, Data: 80 0 0 FF 0 FF 0 0 
ID: 153, Data: 80 0 0 FF 0 FF 0 0 
ID: 316, Data: 85 18 48 1D 14 19 37 7D 
ID: 153, Data: 80 0 0 FF 0 FF 0 0 
ID: 545, Data: 8E4 32 0 8D D3 FF D3 FF 
ID: 316, Data: 85 15 B1 1C 15 19 37 7D 
ID: 43F, Data: 844 48 60 FF 75 C4 1D 0 
ID: 43F, Data: 844 48 60 FF 75 AC 1D 0 
ID: 18F, Data: 8AA 3A 0 0 0 0 0 0 
ID: 316, Data: 85 13 D1 1B 15 19 37 7D 
ID: 5F0, Data: 20 0 
ID: 153, Data: 80 0 0 FF 0 FF 0 0 
ID: 316, Data: 85 14 52 1B 15 19 37 7D 
ID: 316, Data: 85 14 3F 1B 15 19 37 7D 
ID: 260, Data: 8B 15 16 30 0 FF 6A 16 
ID: 43F, Data: 844 48 60 FF 75 64 1D 0 
ID: 316, Data: 85 15 AA 1A 16 19 36 7D 
ID: 153, Data: 80 0 0 FF 0 FF 0 0 
ID: 153, Data: 80 0 0 FF 0 FF 0 0 
ID: 316, Data: 85 16 E8 19 16 19 36 7D 
ID: 153, Data: 80 0 0 FF 0 FF 0 0 
ID: 316, Data: 85 17 9B 19 16 19 36 7D 
ID: 153, Data: 80 0 0 FF 0 FF 0 0 
ID: 2A0, Data: 880 7 68 18 31 0 10 0 
ID: 316, Data: 85 1A 93 19 19 19 36 7D 
ID: 545, Data: 8E4 32 0 8D 66 0 66 0 
ID: 316, Data: 8D 1E D8 1A 1D 19 36 7D 
ID: 316, Data: 85 1D C7 1B 1F 19 36 7D 
ID: 260, Data: 8B 1D 20 30 0 FF BF 28 
ID: 316, Data: 85 1C FC 1C 1F 19 36 7D 
ID: 329, Data: 840 B0 80 8 11 30 4 26 
ID: 316, Data: 85 1C 7 1D 1F 19 35 7D 
ID: 316, Data: 85 1C E6 1C 1F 19 35 7D 
ID: 545, Data: 8E4 34 0 8D 42 0 42 0 
ID: 316, Data: 85 1E DC 1C 24 19 35 7D 
ID: 1F1, Data: 80 E8 A9 41 1A AD E1 1A 
ID: 545, Data: 8E4 39 0 8D 6F 0 6F 0 
ID: 316, Data: 85 20 FC 1C 28 19 35 7D 
ID: 1F1, Data: 80 1A A5 21 1A AD E1 1A 
ID: 1F1, Data: 80 2A A6 41 1A AE F1 1A 
ID: 316, Data: 85 23 3D 1D 27 19 35 7D 
ID: A1, Data: 882 7B 82 7C 1B 0 0 0 
ID: 43F, Data: 844 48 60 FF 75 D0 1C 0 
ID: 316, Data: 85 25 74 1D 27 18 35 7D 
ID: 260, Data: 8B 25 27 30 0 FF D0 7 
ID: 316, Data: 85 25 74 1D 27 18 35 7D 
ID: 1F1, Data: 80 60 A2 11 1A AE D1 1A 
ID: 1F1, Data: 80 70 A2 51 1A AC C1 1A 
ID: 43F, Data: 844 48 60 FF 75 B0 1C 0 
ID: 2A0, Data: 861 7 68 18 31 0 10 0 
ID: 316, Data: 85 26 74 1D 24 18 35 7D 
ID: 316, Data: 85 26 69 1D 24 18 35 7D 
ID: A0, Data: 82D 7D 7F 1D 35 2C 2 0 
ID: 43F, Data: 844 48 60 FF 75 B0 1C 0 
ID: 329, Data: 840 B0 80 8 11 34 6 26 
ID: 316, Data: 85 26 5E 1D 24 18 35 7D 
ID: 316, Data: 85 26 69 1D 24 18 35 7D 
ID: A0, Data: 82B 7D 5E 1D 35 2C 2 0 
ID: 43F, Data: 844 48 60 FF 75 98 1C 0 
ID: 370, Data: 8FF DE F0 FF FF FF FF FF 
ID: 18F, Data: 8AA 39 0 0 0 0 0 0 
ID: 316, Data: 85 25 32 1D 26 18 35 7D 
ID: 153, Data: 80 0 0 FF 0 FF 0 0 
ID: A0, Data: 82A 7D 32 1D 35 2B 2 0 
ID: 316, Data: 85 25 32 1D 26 18 35 7D 
ID: 260, Data: 8B 25 26 30 0 FF CF A 
ID: 316, Data: 85 25 3D 1D 26 18 35 7D 
ID: 316, Data: 85 25 48 1D 26 18 35 7D 
ID: 370, Data: 8FF DE F0 FF FF FF FF FF 
ID: 316, Data: 85 25 3D 1D 26 18 35 7D 
ID: 43F, Data: 844 48 60 FF 75 90 1C 0 
ID: 43F, Data: 844 48 60 FF 75 90 1C 0 
ID: 18F, Data: 8AA 38 0 0 0 0 0 0 
ID: 153, Data: 80 0 0 FF 0 FF 0 0 
ID: 316, Data: 85 25 48 1D 26 18 35 7D 
ID: 43F, Data: 844 48 60 FF 75 88 1C 0 
ID: 316, Data: 85 25 3D 1D 26 18 35 7D 
ID: A1, Data: 887 7B 84 7C 1D 0 0 0 
ID: 153, Data: 80 0 0 FF 0 FF 0 0 
ID: 316, Data: 85 26 32 1D 26 18 35 7D 
ID: 153, Data: 80 0 0 FF 0 FF 0 0 
ID: 316, Data: 85 26 3D 1D 26 18 35 7D 
ID: 316, Data: 85 26 32 1D 26 18 34 7D 
ID: 2A0, Data: 861 7 68 18 31 0 10 0 
ID: 43F, Data: 844 48 60 FF 75 7C 1C 0 
ID: 370, Data: 8FF DE F0 FF FF FF FF FF 
ID: 18F, Data: 8AA 38 0 0 0 0 0 0 
ID: 316, Data: 85 26 3D 1D 26 18 34 7D 
ID: 153, Data: 80 0 0 FF 0 FF 0 0 
ID: A0, Data: 82C 7D 32 1D 35 2C 2 0 
ID: 316, Data: 85 26 3D 1D 26 18 34 7D 
ID: 260, Data: 8B 27 27 30 0 FF D0 14 
ID: 43F, Data: 844 48 60 FF 75 6C 1C 0 
ID: 316, Data: 85 26 3D 1D 26 18 34 7D 
ID: 316, Data: 85 26 48 1D 26 18 34 7D 
ID: 316, Data: 85 26 3D 1D 26 18 34 7D 
ID: 43F, Data: 844 48 60 FF 75 68 1C 0 
ID: 43F, Data: 844 48 60 FF 75 64 1C 0 
ID: 18F, Data: 8AA 38 0 0 0 0 0 0 
ID: 316, Data: 85 27 1C 1D 26 18 34 7D 
ID: 153, Data: 80 0 0 FF 0 FF 0 0 
ID: 316, Data: 85 26 27 1D 26 18 34 7D 
ID: 316, Data: 85 27 27 1D 26 18 34 7D 
ID: A1, Data: 886 7B 86 7C 1E 0 0 0 
ID: 316, Data: 85 27 1C 1D 26 18 34 7D 
ID: 316, Data: 85 27 32 1D 26 18 34 7D 
ID: A0, Data: 82C 7D 32 1D 35 2C 2 0 
ID: 316, Data: 85 27 27 1D 26 18 34 7D 
ID: 316, Data: 85 26 1C 1D 26 18 34 7D 
ID: 43F, Data: 844 48 60 FF 75 5C 1C 0 
ID: 43F, Data: 844 48 60 FF 75 5C 1C 0 
ID: A0, Data: 82C 7D 27 1D 35 2C 2 0 
ID: 153, Data: 80 0 0 FF 0 FF 0 0 
ID: 316, Data: 85 27 1C 1D 26 18 34 7D 
ID: 153, Data: 80 0 0 FF 0 FF 0 0 
ID: 2A0, Data: 8A1 7 68 18 31 0 10 0 
ID: 316, Data: 85 27 27 1D 26 18 34 7D 
ID: 2A0, Data: 861 7 68 18 31 0 10 0 
ID: 1F1, Data: 80 5D 9E C1 19 A7 81 1A 
ID: 153, Data: 80 0 0 FF 0 FF 0 0 
ID: A0, Data: 82D 7D 11 1D 35 2C 2 0 
ID: 329, Data: 840 B1 80 8 11 34 7 26 
ID: 260, Data: 8B 27 27 30 0 FF D0 14 
ID: 43F, Data: 844 48 60 FF 75 5C 1C 0 
ID: 153, Data: 80 0 0 FF 0 FF 0 0 
ID: 370, Data: 8FF DE F0 FF FF FF FF FF 
ID: 545, Data: 8E4 46 0 8D 0 1 0 1 
ID: 153, Data: 80 0 0 FF 0 FF 0 0 
ID: 316, Data: 85 27 11 1D 26 18 34 7D 
ID: 43F, Data: 844 48 60 FF 75 4C 1C 0 
ID: 316, Data: 85 27 11 1D 26 18 34 7D 
ID: 153, Data: 80 0 0 FF 0 FF 0 0 
ID: 153, Data: 80 0 0 FF 0 FF 0 0 
ID: 316, Data: 85 27 11 1D 26 18 34 7D 
ID: 153, Data: 80 0 0 FF 0 FF 0 0 
ID: 316, Data: 85 27 1C 1D 21 18 34 7D 
ID: 153, Data: 80 0 0 FF 0 FF 0 0 
ID: 153, Data: 80 0 0 FF 0 FF 0 0 
ID: 316, Data: 85 27 1C 1D 13 18 34 7D 
ID: 43F, Data: 844 48 60 FF 75 50 1C 0 
ID: 2A0, Data: 840 7 68 18 31 0 10 0 
ID: 153, Data: 80 0 0 FF 0 FF 0 0 
ID: 316, Data: 85 1F A7 1C 14 19 34 7D 
ID: 1F0, Data: 8F8 3F F9 BF 0 0 0 0 
ID: 316, Data: 85 1D 54 1C 14 19 34 7D 
ID: 545, Data: 8E4 30 0 8D 2B 0 2B 0 
ID: 153, Data: 80 0 0 FF 0 FF 0 0 
ID: 316, Data: 85 19 D1 1B 15 19 34 7D 
ID: 153, Data: 80 0 0 FF 0 FF 0 0 
ID: 316, Data: 85 18 82 1B 15 19 34 7D 
ID: 316, Data: 85 19 2C 1B 18 19 34 7D 
ID: A1, Data: 886 80 86 7D 15 0 0 0 
ID: 370, Data: 8FF E0 F0 FF FF FF FF FF 
ID: 43F, Data: 844 48 60 FF 75 1C 1C 0 
ID: 153, Data: 80 0 0 FF 0 FF 0 0 
ID: 316, Data: 85 19 9F 1B 15 19 34 7D 
ID: 153, Data: 80 0 0 FF 0 FF 0 0 
ID: 329, Data: 884 B1 80 8 11 2E 0 26 
ID: 316, Data: 85 19 9F 1B 15 19 34 7D 
ID: 18F, Data: 8AA 36 0 0 0 0 0 0 
ID: 43F, Data: 844 48 60 FF 75 FC 1B 0 
ID: 153, Data: 80 0 0 FF 0 FF 0 0 
ID: 153, Data: 80 0 0 FF 0 FF 0 0 
ID: 316, Data: 85 15 B3 1A 16 19 34 7D 
ID: 153, Data: 80 0 0 FF 0 FF 0 0 
ID: 316, Data: 85 13 1C 1A 16 19 34 7D 
ID: 153, Data: 80 0 0 FF 0 FF 0 0 
ID: 260, Data: 8B 14 17 30 0 FF 5D 23 
ID: 316, Data: 85 14 8 19 17 19 33 7D 
ID: 153, Data: 80 0 0 FF 0 FF 0 0 
ID: 316, Data: 85 16 36 18 17 19 33 7D 
ID: 153, Data: 80 0 0 FF 0 FF 0 0 
ID: 316, Data: 8D 16 D6 17 18 19 33 7D 
ID: 316, Data: 8D 17 C0 17 17 19 33 7D 
ID: 2A0, Data: 840 4 68 18 31 0 10 0 
ID: 43F, Data: 844 48 60 FF 75 A8 1B 0 
ID: 43F, Data: 844 48 60 FF 75 A0 1B 0 
ID: 260, Data: 80 14 18 30 0 FF 4E 2D 
ID: 316, Data: 8D 14 DB 16 18 18 33 7D 
ID: 316, Data: 8D 14 D4 16 18 18 33 7D 
ID: 43F, Data: 844 48 60 FF 75 6C 1B 0 
ID: 316, Data: 8D 10 3 17 18 18 33 7D 
ID: 153, Data: 80 0 0 FF 0 FF 0 0 
ID: 316, Data: 8D 10 B2 17 21 22 33 7D 
ID: 153, Data: 80 0 0 FF 0 FF 0 0 
ID: 316, Data: 8D D C8 18 20 22 32 7D 
ID: 316, Data: 8D D AC 19 1F 22 32 7D 
ID: 545, Data: 8E4 13 0 8C 43 FE 43 FE 
ID: 43F, Data: 844 48 60 FF 75 0 1B 0 
ID: 43F, Data: 844 48 60 FF 75 20 1B 0 
ID: 440, Data: 8FE 34 32 A0 FF AA AA AA 
ID: 316, Data: 8D 4 AA 1A 1E 22 32 7D 
ID: A1, Data: 880 80 80 7D 1D 0 0 0 
ID: 43F, Data: 844 48 60 FF 75 CC 1A 0 
ID: 43F, Data: 844 48 60 FF 75 B4 1A 0 
ID: 280, Data: 830 0 20 B1 34 18 69 3F 
ID: 316, Data: 84D 0 D6 19 1E 22 31 7D 
ID: 316, Data: 84D 0 8A 19 1F 21 31 7D 
ID: 43F, Data: 844 48 60 FF 75 40 1A 0 
ID: 316, Data: 84D 0 40 19 1E 21 31 7D 
ID: 153, Data: 80 0 0 FF 0 FF 0 0 
ID: 316, Data: 84D 0 20 19 1E 21 30 7D 
ID: 316, Data: 84D 0 18 19 1E 21 30 7D 
ID: 545, Data: 8E4 0 0 8D AE FD AE FD 
ID: 43F, Data: 844 48 60 FF 75 C4 19 0 
ID: 316, Data: 84D 0 10 19 1E 21 30 7D 
ID: 153, Data: 80 0 0 FF 0 FF 0 0 
ID: 316, Data: 84D 0 F8 18 1E 21 2F 7D 
ID: 153, Data: 80 0 0 FF 0 FF 0 0 
ID: 329, Data: 8ED B1 80 8 12 32 0 26 
ID: 316, Data: 84D 0 B0 18 1F 21 2F 7D 
ID: 280, Data: 830 0 20 B1 31 18 69 42 
ID: 43F, Data: 844 48 60 FF 75 10 19 0 
ID: 280, Data: 830 0 20 B1 30 18 69 42 
ID: 316, Data: 84D 0 3E 18 1F 21 2E 7D 
ID: 316, Data: 84D 0 20 18 1F 21 2E 7D 
ID: 43F, Data: 844 48 60 FF 75 A8 18 0 
ID: 316, Data: 84D 0 EC 17 1F 21 2E 7D 
ID: 153, Data: 80 0 0 FF 0 FF 0 0 
ID: 153, Data: 80 0 0 FF 0 FF 0 0 
ID: 316, Data: 84D 0 AB 17 1F 21 2D 7D 
ID: 153, Data: 80 0 0 FF 0 FF 0 0 
ID: 316, Data: 84D 0 87 17 1F 21 2D 7D 
ID: 153, Data: 80 0 0 FF 0 FF 0 0 
ID: 545, Data: 8E4 0 0 8C AE FD AE FD 
ID: 316, Data: 84D 0 41 17 1F 21 2C 7D 
ID: A1, Data: 880 80 80 7D 1F 0 0 0 
ID: 316, Data: 84D 0 A 17 20 21 2C 7D 
ID: 316, Data: 84D 0 E8 16 20 21 2C 7D 
ID: 316, Data: 84D 0 C7 16 20 21 2C 7D 
ID: 43F, Data: 844 48 60 FF 75 34 17 0 
ID: 316, Data: 84D 0 8C 16 20 21 2B 7D 
ID: 316, Data: 84D 0 6B 16 20 21 2B 7D 
ID: 316, Data: 84D 0 65 16 20 21 2B 7D 
ID: 43F, Data: 844 48 60 FF 75 DC 16 0 
ID: 316, Data: 84D 0 2C 16 20 21 2A 7D 
ID: 153, Data: 80 0 0 FF 0 FF 0 0 
ID: 153, Data: 80 0 0 FF 0 FF 0 0 
ID: 316, Data: 84D 0 EE 15 20 21 2A 7D 
ID: A1, Data: 880 80 80 7D 1F 0 0 0 
ID: 316, Data: 84D 0 A5 15 21 21 29 7D 
ID: 316, Data: 84D 0 81 15 21 21 29 7D 
ID: A0, Data: 82E 7D C9 15 2A 29 4 0 
ID: 370, Data: 8FF E0 F0 FF FF FF FF FF 
ID: 316, Data: 84D 0 1E 15 21 21 29 7D 
ID: 316, Data: 84D 0 7 15 21 21 28 7D 
ID: 316, Data: 84D 0 EB 14 21 21 28 7D 
ID: 43F, Data: 844 48 60 FF 75 74 15 0 
ID: 316, Data: 84D 0 BF 14 21 21 28 7D 
ID: A1, Data: 880 80 80 7D 20 0 0 0 
ID: 153, Data: 80 0 0 FF 0 FF 0 0 
ID: 316, Data: 84D 0 68 14 22 21 27 7D 
ID: 153, Data: 80 0 0 FF 0 FF 0 0 
ID: 316, Data: 84D 0 33 14 23 21 27 7D 
ID: 316, Data: 84D 0 14 14 23 21 26 7D 
ID: A1, Data: 880 80 80 7D 20 0 0 0 
ID: 43F, Data: 844 48 60 FF 75 4C 14 0 
ID: 43F, Data: 844 48 60 FF 75 2C 14 0 
ID: A0, Data: 832 7D 79 13 26 29 4 0 
ID: 316, Data: 84D 0 36 13 24 21 25 7D 
ID: 153, Data: 80 0 0 FF 0 FF 0 0 
ID: 43F, Data: 844 48 60 FF 75 A4 13 0 
ID: 2A0, Data: 820 2 69 18 31 0 10 0 
ID: 43F, Data: 844 48 60 FF 75 54 13 0 
ID: 316, Data: 84D 0 54 12 24 21 24 7D 
ID: A1, Data: 880 80 80 7D 23 0 0 0 
ID: 316, Data: 84D 0 8 12 25 21 23 7D 
ID: 316, Data: 84D 0 E7 11 25 21 23 7D 
ID: 280, Data: 830 0 20 B1 23 1C 69 4B 
ID: 43F, Data: 844 48 60 FF 75 84 12 0 
ID: 316, Data: 84D 0 8B 11 25 21 22 7D 
ID: 153, Data: 80 0 0 FF 0 FF 0 0 
ID: 316, Data: 84D 0 23 11 25 21 22 7D 
ID: 153, Data: 80 0 0 FF 0 FF 0 0 
ID: 18F, Data: 8AA 42 0 0 0 0 0 0 
ID: 316, Data: 84D 0 E0 10 26 21 21 7D 
ID: 43F, Data: 84B 48 60 FF 75 8C 11 0 
ID: 2A0, Data: 880 1 69 18 31 0 10 0 
ID: 153, Data: 80 0 0 FF 0 FF 0 0 
ID: 316, Data: 845 6 49 10 26 21 20 7D 
ID: 153, Data: 80 0 0 FF 0 FF 0 0 
ID: 153, Data: 80 0 0 FF 0 FF 0 0 
ID: 316, Data: 845 14 D3 E 29 22 1F 7D 
ID: 43F, Data: 84B 48 60 FF 75 AC 10 0 
ID: 260, Data: 8B 1C 2B 30 0 FF 4F 7 
ID: 153, Data: 80 0 0 FF 0 FF 0 0 
ID: 316, Data: 845 2D 75 D 2D 22 1F 7D 
ID: 1F0, Data: 8F8 3F F9 BF 0 0 0 0 
ID: 329, Data: 840 B1 80 8 12 2F 0 26 
ID: 2A0, Data: 840 1 69 18 31 0 10 0 
ID: 153, Data: 80 0 0 FF 0 FF 0 0 
ID: 5F0, Data: 20 0 
ID: 153, Data: 80 0 0 FF 0 FF 0 0 
ID: 43F, Data: 84B 48 60 FF 75 30 13 0 
ID: 260, Data: 8B 29 26 30 0 FF 4F 1D 
ID: 43F, Data: 84B 48 60 FF 75 78 13 0 
ID: 316, Data: 845 25 3D 11 23 21 1E 7D 
ID: 153, Data: 80 0 0 FF 0 FF 0 0 
ID: 316, Data: 845 23 15 12 23 21 1D 7D 
ID: 316, Data: 845 22 48 12 22 21 1D 7D 
ID: 43F, Data: 8B 48 60 FF 75 B8 14 0 
ID: 316, Data: 845 20 AC 12 22 21 1D 7D 
ID: A0, Data: 82C 7D 9F 12 1D 27 2 0 
ID: 153, Data: 80 0 0 FF 0 FF 0 0 
ID: 280, Data: 830 0 84 B1 24 19 69 44 
ID: 153, Data: 80 0 0 FF 0 FF 0 0 
ID: 43F, Data: 8B 48 60 FF 75 68 14 0 
ID: 545, Data: 8E4 3C 0 8C A 0 A 0 
ID: 43F, Data: 8B 48 60 FF 75 48 14 0 
ID: 153, Data: 80 0 0 FF 0 FF 0 0 
ID: 153, Data: 80 0 0 FF 0 FF 0 0 
ID: 316, Data: 845 24 A0 10 24 22 1C 7D 
ID: 370, Data: 8FF E0 F0 FF FF FF FF FF 
ID: 316, Data: 845 25 53 10 25 22 1C 7D 
ID: 43F, Data: 83 48 60 FF 75 F0 13 0 
ID: 280, Data: 830 0 84 B1 20 1B 69 49 
ID: 316, Data: 845 26 1A 10 24 22 1B 7D 
ID: 316, Data: 845 27 D 10 24 22 1B 7D 
ID: 43F, Data: 83 48 60 FF 75 A0 13 0 
ID: 316, Data: 845 27 2B 10 24 22 1B 7D 
ID: A0, Data: 836 7D 2B 10 1C 27 2 0 
ID: 153, Data: 80 0 0 FF 0 FF 0 0 
ID: 316, Data: 845 25 2E 10 24 22 1B 7D 
ID: 153, Data: 80 0 0 FF 0 FF 0 0 
ID: 43F, Data: 83 48 60 FF 75 28 13 0 
ID: 260, Data: 8B 25 24 30 0 FF 53 1E 
ID: 43F, Data: 83 48 60 FF 75 FC 12 0 
ID: 43F, Data: 83 48 60 FF 75 E8 12 0 
ID: 2A0, Data: 820 0 69 18 31 0 10 0 
ID: 316, Data: 845 24 DC F 24 22 1A 7D 
ID: 316, Data: 845 24 DF F 24 22 1A 7D 
ID: 2A0, Data: 820 0 69 18 31 0 10 0 
ID: 43F, Data: 83 48 60 FF 75 74 12 0 
ID: 43F, Data: 83 48 60 FF 75 64 12 0 
ID: 153, Data: 80 0 0 FF 0 FF 0 0 
ID: 153, Data: 80 0 0 FF 0 FF 0 0 
ID: A0, Data: 832 7D C2 F 1A 26 2 0 
ID: 316, Data: 845 23 E2 F 24 22 19 7D 
ID: 280, Data: 830 0 84 B1 20 19 69 45 
ID: 43F, Data: 83 48 60 FF 75 EC 11 0 
ID: 316, Data: 845 22 2B 10 23 22 19 7D 
ID: 153, Data: 80 0 0 FF 0 FF 0 0 
ID: 316, Data: 845 22 49 10 23 22 18 7D 
ID: 316, Data: 845 22 42 10 23 22 18 7D 
ID: A1, Data: 88A 80 8A 7D 20 0 0 0 
ID: 316, Data: 845 21 24 10 23 22 18 7D 
ID: 316, Data: 845 21 24 10 23 22 18 7D 
ID: 316, Data: 845 21 6 10 23 22 18 7D 
ID: 2A0, Data: 8E0 0 69 18 31 0 10 0 
ID: 153, Data: 80 0 0 FF 0 FF 0 0 
ID: 316, Data: 845 22 DC F 23 22 18 7D 
ID: 370, Data: 8FF E0 F0 FF FF FF FF FF 
ID: 316, Data: 845 22 A6 F 24 22 18 7D 
ID: 316, Data: 845 22 AC F 24 22 17 7D 
ID: 280, Data: 830 0 84 B1 1F 19 69 44 
ID: 153, Data: 80 0 0 FF 0 FF 0 0 
ID: 316, Data: 845 22 96 F 24 22 17 7D 
ID: 153, Data: 80 0 0 FF 0 FF 0 0 
ID: A1, Data: 888 80 88 7D 21 0 0 0 
ID: 329, Data: 8ED B1 80 8 12 2E 0 26 
ID: 545, Data: 8E4 2F 0 8C 0 0 0 0 
ID: 153, Data: 80 0 0 FF 0 FF 0 0 
ID: 260, Data: 8B 23 24 30 0 FF 60 3 
ID: 2A0, Data: 820 0 69 18 31 0 10 0 
ID: 43F, Data: 843 48 60 FF 75 74 10 0 
ID: 43F, Data: 843 48 60 FF 75 68 10 0 
ID: 316, Data: 845 22 5F F 24 22 17 7D 
ID: 153, Data: 80 0 0 FF 0 FF 0 0 
ID: 316, Data: 845 22 56 F 24 22 16 7D 
ID: 153, Data: 80 0 0 FF 0 FF 0 0 
ID: 153, Data: 80 0 0 FF 0 FF 0 0 
ID: 316, Data: 845 23 7D F 24 22 16 7D 
ID: 153, Data: 80 0 0 FF 0 FF 0 0 
ID: 18F, Data: 8AA 48 0 0 0 0 0 0 
ID: 316, Data: 845 23 87 F 24 22 16 7D 
ID: 370, Data: 8FF E0 F0 FF FF FF FF FF 
ID: A0, Data: 832 7D 87 F 17 27 2 0 
ID: 153, Data: 80 0 0 FF 0 FF 0 0 
ID: 316, Data: 845 23 BF F 23 22 16 7D 
ID: 153, Data: 80 0 0 FF 0 FF 0 0 
ID: 545, Data: 8E4 33 0 8C 7 0 7 0 
ID: 316, Data: 845 22 B2 F 23 22 16 7D 
ID: 316, Data: 845 22 90 F 24 22 15 7D 
ID: 153, Data: 80 0 0 FF 0 FF 0 0 
ID: 153, Data: 80 0 0 FF 0 FF 0 0 
ID: 316, Data: 845 22 50 F 24 22 15 7D 
ID: A1, Data: 884 80 94 7D 21 0 0 0 
ID: 316, Data: 845 23 2C F 24 22 15 7D 
ID: 316, Data: 845 23 26 F 24 22 15 7D 
ID: 43F, Data: 83 48 60 FF 75 F0 E 0 
ID: 43F, Data: 83 48 60 FF 75 D4 E 0 
ID: 440, Data: 8FE B3 14 A0 FF AA AA AA 
ID: 43F, Data: 83 48 60 FF 75 B8 E 0 
ID: 316, Data: 845 23 1D F 24 22 14 7D 
ID: 316, Data: 845 23 18 F 24 22 14 7D 
ID: 43F, Data: 83 48 60 FF 75 38 E 0 
ID: 440, Data: 8FE C3 13 A0 FF AA AA AA 
ID: 329, Data: 8B B1 80 8 12 2E 0 26 
ID: 316, Data: 845 23 9B E 25 22 13 7D 
ID: 316, Data: 845 23 83 E 25 22 13 7D 
ID: 5F0, Data: 20 0 
ID: 440, Data: 8FE 13 13 A0 FF AA AA AA 
ID: 153, Data: 80 0 0 FF 0 FF 0 0 
ID: 153, Data: 80 0 0 FF 0 FF 0 0 
ID: 316, Data: 845 23 15 E 1D 19 12 7D 
ID: 316, Data: 845 23 FC D 1D 19 12 7D 
ID: 153, Data: 80 0 0 FF 0 FF 0 0 
ID: 153, Data: 80 0 0 FF 0 FF 0 0 
ID: 316, Data: 845 21 88 D 1E 1A 12 7D 
ID: 153, Data: 80 0 0 FF 0 FF 0 0 
ID: 316, Data: 845 20 47 D 1F 1A 12 7D 
ID: 153, Data: 80 0 0 FF 0 FF 0 0 
ID: 153, Data: 80 0 0 FF 0 FF 0 0 
ID: 316, Data: 85 20 26 D 1F 1A 11 7D 
ID: 43F, Data: 83 48 60 FF 75 4C C 0 
ID: 316, Data: 85 20 65 D 1F 1A 11 7D 
ID: 2A0, Data: 840 0 69 18 31 0 10 0 
ID: 316, Data: 85 1F 6C D 1F 1A 11 7D 
ID: 316, Data: 85 1F 63 D 1F 1A 11 7D 
ID: 316, Data: 85 1F 55 D 1F 1A 10 7D 
ID: 43F, Data: 83 48 60 FF 75 BC B 0 
ID: 153, Data: 80 0 0 FF 0 FF 0 0 
ID: 43F, Data: 83 48 60 FF 75 8C B 0 
ID: 316, Data: 85 1E CD C 20 1B 10 7D 
ID: 153, Data: 80 0 0 FF 0 FF 0 0 
ID: 18F, Data: 8AA 45 0 0 0 0 0 0 
ID: 316, Data: 85 1F 72 C 21 1B 10 7D 
ID: 316, Data: 85 1F 70 C 21 1B F 7D 
ID: 280, Data: 830 0 84 B1 18 18 69 44 
ID: 18F, Data: 8AA 44 0 0 0 0 0 0 
ID: 43F, Data: 83 48 60 FF 75 A4 A 0 
ID: 153, Data: 80 0 0 FF 0 FF 0 0 
ID: 316, Data: 85 20 6 C 22 1A F 7D 
ID: 153, Data: 80 0 0 FF 0 FF 0 0 
ID: 153, Data: 80 0 0 FF 0 FF 0 0 
ID: 153, Data: 80 0 0 FF 0 FF 0 0 
ID: 260, Data: 8B 21 23 30 0 FF 73 2 
ID: 316, Data: 85 21 B7 B 22 1A E 7D 
ID: 2A0, Data: 840 0 69 18 31 0 10 0 
ID: A1, Data: 88E 80 8D 7D 21 0 0 0 
ID: 153, Data: 80 0 0 FF 0 FF 0 0 
ID: 153, Data: 80 0 0 FF 0 FF 0 0 
ID: 153, Data: 80 0 0 FF 0 FF 0 0 
ID: 260, Data: 8B 22 23 30 0 FF 72 3F 
ID: 43F, Data: 83 48 60 FF 75 E8 8 0 
ID: 370, Data: 8FF E0 F0 FF FF FF FF FF 
ID: 153, Data: 80 0 0 FF 0 FF 0 0 
ID: 280, Data: 830 0 84 B1 16 1A 69 49 
ID: 1F0, Data: 8F9 3F F9 BF 0 0 0 0 
ID: 1F0, Data: 8F9 3F F9 BF 0 0 0 0 
ID: 153, Data: 80 0 0 FF 0 FF 0 0 
ID: 153, Data: 80 0 0 FF 0 FF 0 0 
ID: 2A0, Data: 820 0 69 18 31 0 10 0 
ID: 316, Data: 85 23 16 B 24 1A B 7D 
ID: A0, Data: 835 7E 1C B C 24 2 0 
ID: 370, Data: 8FF E0 F0 FF FF FF FF FF 
ID: 260, Data: 8B 23 24 30 0 FF 71 10 
ID: 316, Data: 85 23 E6 A 24 1A A 7D 
ID: 260, Data: 8B 24 25 30 0 FF 71 F 
ID: 316, Data: 85 23 D7 A 24 1A A 7D 
ID: 153, Data: 80 0 0 FF 0 FF 0 0 
ID: 316, Data: 85 23 D2 A 24 1A 9 7D 
ID: 316, Data: 85 23 C6 A 24 1A 9 7D 
ID: 153, Data: 80 0 0 FF 0 FF 0 0 
ID: 316, Data: 85 23 A4 A 25 19 9 7D 
ID: 316, Data: 85 24 9C A 25 19 9 7D 
ID: 316, Data: 85 24 A4 A 25 19 9 7D 
ID: 18F, Data: 8AA 41 0 0 0 0 0 0 
ID: A0, Data: 834 7E E4 A 9 24 2 0 
ID: 260, Data: 8B 24 24 30 0 FF 71 0 
ID: 545, Data: 8E4 24 0 8C AA 0 AA 0 
ID: 153, Data: 80 0 0 FF 0 FF 0 0 
ID: 370, Data: 8FF E0 F0 FF FF FF FF FF 
ID: A1, Data: 887 80 88 7D 23 0 0 0 
ID: 316, Data: 85 22 58 B 23 1A 8 7D 
ID: 316, Data: 85 22 54 B 23 1A 8 7D 
ID: 545, Data: 8E4 23 0 8C 95 0 95 0 
ID: A0, Data: 833 7E 6C B 8 24 2 0 
ID: 153, Data: 80 0 0 FF 0 FF 0 0 
ID: 153, Data: 80 0 0 FF 0 FF 0 0 
ID: A0, Data: 833 7E 6C B 8 24 2 0 
ID: 316, Data: 85 22 49 B 23 1A 8 7D 
ID: 316, Data: 85 23 44 B 23 1A 8 7D 
ID: 153, Data: 80 0 0 FF 0 FF 0 0 
ID: 153, Data: 80 0 0 FF 0 FF 0 0 
ID: 329, Data: 840 B2 80 8 12 2B 0 26 
ID: 440, Data: 8FE D2 7 A0 FF AA AA AA 
ID: 18F, Data: 8AA 40 0 0 0 0 0 0 
ID: 316, Data: 85 23 3A B 23 1A 7 7D 
ID: 153, Data: 80 0 0 FF 0 FF 0 0 
ID: 153, Data: 80 0 0 FF 0 FF 0 0 
ID: 43F, Data: 82 48 60 FF 75 30 8 0 
ID: A1, Data: 886 80 84 7D 23 0 0 0 
ID: 43F, Data: 82 48 60 FF 74 8 8 0 
ID: 153, Data: 80 0 0 FF 0 FF 0 0 
ID: 43F, Data: 82 48 60 FF 74 F8 7 0 
ID: 153, Data: 80 0 0 FF 0 FF 0 0 
ID: 153, Data: 80 0 0 FF 0 FF 0 0 
ID: A1, Data: 884 80 84 7D 23 0 0 0 
ID: 2A0, Data: 8E0 0 69 18 31 0 10 0 
ID: 18F, Data: 8AA 3F 0 0 0 0 0 0 
ID: 43F, Data: 82 48 60 FF 75 9C 7 0 
ID: 2A0, Data: 840 0 69 18 31 0 10 0 
ID: 153, Data: 80 0 0 FF 0 FF 0 0 
ID: 43F, Data: 82 48 60 FF 74 6C 7 0 
ID: 153, Data: 80 0 0 FF 0 FF 0 0 
ID: 153, Data: 80 0 0 FF 0 FF 0 0 
ID: 1F1, Data: 80 3B 34 30 3 35 50 3 
ID: 545, Data: 8E4 21 0 8D B9 0 B9 0 
ID: 18F, Data: 8AA 3F 0 0 0 0 0 0 
ID: 316, Data: 85 24 AF A 24 19 6 7D 
ID: 43F, Data: 82 48 60 FF 74 4 7 0 
ID: 440, Data: 8F1 72 6 A0 FF AA AA AA 
ID: 43F, Data: 82 48 60 FF 74 E4 6 0 
ID: 316, Data: 85 24 8A A 25 19 6 7D 
ID: 18F, Data: 8AA 3E 0 0 0 0 0 0 
ID: 153, Data: 80 0 0 FF 0 FF 0 0 
ID: 545, Data: 8E4 21 0 8C B9 0 B9 0 
ID: 316, Data: 85 24 8C A 25 19 6 7D 
ID: 260, Data: 8B 24 25 30 0 FF 71 F 
ID: 43F, Data: 82 48 60 FF 74 5C 6 0 
ID: 440, Data: 8E9 72 5 A0 FF AA AA AA 
ID: 316, Data: 85 24 7E A 25 19 5 7D 
ID: A0, Data: 835 7E 7E A 6 23 2 0 
ID: 153, Data: 80 0 0 FF 0 FF 0 0 
ID: A1, Data: 882 7E 8E 7E 24 0 0 0 
ID: 370, Data: 8FF E0 F0 FF FF FF FF FF 
ID: 260, Data: 8B 24 26 30 0 FF 6F 10 
ID: 1F1, Data: 80 4D 29 90 2 2B B0 2 
ID: 153, Data: 80 0 0 FF 0 FF 0 0 
ID: 153, Data: 80 0 0 FF 0 FF 0 0 
ID: 280, Data: 830 0 84 B2 14 1A 69 4C 
ID: 370, Data: 8FF E0 F0 FF FF FF FF FF 
ID: 153, Data: 80 0 0 FF 0 FF 0 0 
ID: 316, Data: 85 24 58 A 25 19 5 7D 
ID: 316, Data: 85 24 5C A 25 19 5 7D 
ID: 153, Data: 80 0 0 FF 0 FF 0 0 
ID: 280, Data: 830 0 84 B2 14 1A 69 4C 
ID: 316, Data: 85 24 6D A 25 19 5 7D 
ID: A1, Data: 881 7E 8F 7E 24 0 0 0 
ID: 1F0, Data: 8F8 3F F9 BF 0 0 0 0 
ID: 153, Data: 80 0 0 FF 0 FF 0 0 
ID: 316, Data: 85 24 5B A 25 19 5 7D 
ID: 153, Data: 80 0 0 FF 0 FF 0 0 
ID: 316, Data: 85 24 71 A 25 19 5 7D 
ID: 370, Data: 8FF E0 F0 FF FF FF FF FF 
ID: 153, Data: 80 0 0 FF 0 FF 0 0 
ID: A0, Data: 835 7E 9A A 6 23 2 0 
ID: 316, Data: 85 24 9F A 24 19 5 7D 
ID: 440, Data: 8EC 72 5 A0 FF AA AA AA 
ID: 43F, Data: 82 48 60 FF 74 B8 6 0 
ID: 153, Data: 80 0 0 FF 0 FF 0 0 
ID: 316, Data: 85 24 8D A 24 19 6 7D 
ID: 153, Data: 80 0 0 FF 0 FF 0 0 
ID: 316, Data: 85 24 B3 A 24 19 6 7D 
ID: 43F, Data: 82 48 60 FF 74 C 7 0 
ID: 370, Data: 8FF E0 F0 FF FF FF FF FF 
ID: 43F, Data: 82 48 60 FF 74 2C 7 0 
ID: 153, Data: 80 0 0 FF 0 FF 0 0 
ID: 316, Data: 85 23 1F B 23 1A 6 7D 
ID: 153, Data: 80 0 0 FF 0 FF 0 0 
ID: 316, Data: 85 23 2D B 23 1A 6 7D 
ID: 43F, Data: 82 48 60 FF 75 88 7 0 
ID: 43F, Data: 82 48 60 FF 75 A0 7 0 
ID: 370, Data: 8FF E0 F0 FF FF FF FF FF 
ID: 316, Data: 85 29 6A B 32 1A 6 7D 
ID: 316, Data: 85 2A 8D B 36 1A 6 7D 
ID: 316, Data: 85 2A A5 B 38 1A 6 7D 
ID: 316, Data: 85 2A AB B 3D 1A 7 7D 
ID: 545, Data: 8E4 26 0 8C 37 1 37 1 
ID: 5F0, Data: 20 0 
ID: 43F, Data: 82 48 60 FF 74 40 8 0 
ID: 370, Data: 8FF E0 F0 FF FF FF FF FF 
ID: 316, Data: 85 31 2C C 47 19 7 7C 
ID: A0, Data: 83E 7E FF B 7 28 2 0 
ID: 153, Data: 80 0 0 FF 0 FF 0 0 
ID: 1F0, Data: 8F8 3F F9 BF 0 0 0 0 
ID: 370, Data: 8FF E0 F0 FF FF FF FF FF 
ID: 153, Data: 80 0 0 FF 0 FF 0 0 
ID: 316, Data: 85 38 36 E 45 18 7 7C 
ID: 153, Data: 80 0 0 FF 0 FF 0 0 
ID: 316, Data: 85 39 EA E 46 17 7 7C 
ID: 43F, Data: 82 48 60 FF 75 6C 9 0 
ID: 370, Data: 8FF E0 F0 FF FF FF FF FF 
ID: 316, Data: 85 3A 21 10 47 16 8 7C 
ID: 153, Data: 80 0 0 FF 0 FF 0 0 
ID: 316, Data: 85 3B 5 11 46 16 8 7C 
ID: 153, Data: 80 0 0 FF 0 FF 0 0 
ID: 316, Data: 85 3C 8B 11 45 15 8 7C 
ID: 153, Data: 80 0 0 FF 0 FF 0 0 
ID: 153, Data: 80 0 0 FF 0 FF 0 0 
ID: 440, Data: 8E3 22 9 A0 FF AA AA AA 
ID: 43F, Data: 82 48 60 FF 75 8 B 0 
ID: 440, Data: 8E5 22 9 A0 FF AA AA AA 
ID: 329, Data: 8ED B2 80 8 11 35 14 26 
ID: 153, Data: 80 0 0 FF 0 FF 0 0 
ID: 316, Data: 85 3C F0 12 44 14 A 7C 
ID: 153, Data: 80 0 0 FF 0 FF 0 0 
ID: 280, Data: 830 0 88 B2 26 25 69 67 
ID: 316, Data: 85 3C 44 13 43 14 A 7C 
ID: 153, Data: 80 0 0 FF 0 FF 0 0 
ID: 316, Data: 85 3C 91 13 43 14 B 7C 
ID: 153, Data: 80 0 0 FF 0 FF 0 0 
ID: 316, Data: 85 3C C3 13 42 14 B 7C 
ID: 153, Data: 80 0 0 FF 0 FF 0 0 
ID: 316, Data: 85 3C 0 14 42 14 B 7C 
ID: 316, Data: 85 3B 29 14 42 14 C 7C 
ID: 153, Data: 80 0 0 FF 0 FF 0 0 
ID: 18F, Data: 8AA 3C 0 0 0 0 0 0 
ID: 316, Data: 85 3E 7D 14 41 14 C 7C 
ID: 43F, Data: 82 48 60 FF 75 B0 E 0 
ID: 43F, Data: 82 48 60 FF 75 E8 E 0 
ID: 370, Data: 8FF E0 F0 FF FF FF FF FF 
ID: 316, Data: 85 3D F6 14 41 14 D 7C 
ID: 280, Data: 830 0 88 B2 2A 25 69 6B 
ID: 43F, Data: 82 48 60 FF 75 CC F 0 
ID: 43F, Data: 82 48 60 FF 75 F8 F 0 
ID: 280, Data: 830 0 88 B2 2A 26 69 6B 
ID: A1, Data: 88B 7F 8B 80 33 0 0 0 
ID: 316, Data: 85 3C 99 15 46 14 E 7C 
ID: 153, Data: 80 0 0 FF 0 FF 0 0 
ID: 545, Data: 8E4 65 0 8C DD 2 DD 2 
ID: 1F0, Data: 8F8 3F F9 BF 0 0 0 0 
ID: 280, Data: 830 0 88 B2 2C 28 69 6F 
ID: 2A0, Data: 8C1 A 69 18 31 0 10 0 
ID: 153, Data: 80 0 0 FF 0 FF 0 0 
ID: 316, Data: 85 43 B3 16 48 13 F 7C 
ID: 153, Data: 80 0 0 FF 0 FF 0 0 
ID: 316, Data: 85 45 3 17 47 13 10 7C 
ID: 153, Data: 80 0 0 FF 0 FF 0 0 
ID: 329, Data: 8B B2 80 8 11 39 1A 26 
ID: 370, Data: 8FF DE F0 FF FF FF FF FF 
ID: 440, Data: 8FE 72 10 A0 FF AA AA AA 
ID: 316, Data: 85 45 95 17 46 13 11 7C 
ID: 43F, Data: 82 48 60 FF 75 AC 13 0 
ID: 153, Data: 80 0 0 FF 0 FF 0 0 
ID: 545, Data: 8E4 78 0 8C 73 3 73 3 
ID: 370, Data: 8FF DE F0 FF FF FF FF FF 
ID: 545, Data: 8E4 78 0 8C 67 3 67 3 
ID: 316, Data: 85 44 7A 18 46 13 12 7C 
ID: 153, Data: 80 0 0 FF 0 FF 0 0 
ID: 153, Data: 80 0 0 FF 0 FF 0 0 
ID: 545, Data: 8E4 79 0 8C 54 3 54 3 
ID: 316, Data: 85 43 8 19 45 13 12 7C 
ID: 545, Data: 8E4 7B 0 8C 69 3 69 3 
ID: 153, Data: 80 0 0 FF 0 FF 0 0 
ID: 5F0, Data: 20 0 
ID: 153, Data: 80 0 0 FF 0 FF 0 0 
ID: 153, Data: 80 0 0 FF 0 FF 0 0 
ID: 545, Data: 8E4 79 0 8C 45 3 45 3 
ID: 316, Data: 85 43 E8 19 4A 13 14 7C 
ID: 2A0, Data: 861 E 69 18 31 0 10 0 
ID: 316, Data: 85 43 2D 1A 4B 13 14 7D 
ID: 316, Data: 85 45 50 1A 4B 13 14 7D 
ID: A0, Data: 853 7E 50 1A 15 34 2 0 
ID: 43F, Data: 82 48 60 FF 75 E8 17 0 
ID: 316, Data: 85 47 FD 1A 4A 13 15 7D 
ID: 2A0, Data: 861 F 69 18 31 0 10 0 
ID: 316, Data: 85 47 6F 1B 4A 13 15 7D 
ID: 316, Data: 85 46 9F 1B 49 13 15 7D 
ID: A0, Data: 852 7E 96 1B 16 34 2 0 
ID: 316, Data: 85 46 2 1C 49 13 16 7D 
ID: 316, Data: 85 46 21 1C 49 13 16 7D 
ID: 153, Data: 80 0 0 FF 0 FF 0 0 
ID: 316, Data: 85 45 87 1C 49 13 16 7D 
ID: 316, Data: 85 45 9C 1C 49 13 17 7D 
ID: 316, Data: 85 45 C6 1C 4A 13 17 7D 
ID: 43F, Data: 82 48 60 FF 75 74 1A 0 
ID: 316, Data: 85 46 48 1D 49 13 17 7D 
ID: A1, Data: 881 7F 7E 80 38 0 0 0 
ID: 153, Data: 80 0 0 FF 0 FF 0 0 
ID: 316, Data: 85 47 D9 1D 48 13 18 7D 
ID: 153, Data: 80 0 0 FF 0 FF 0 0 
ID: 316, Data: 85 48 36 1E 48 13 18 7D 
ID: 316, Data: 85 48 59 1E 48 13 18 7D 
ID: 260, Data: 8B 48 48 30 0 FF CD 21 
ID: 316, Data: 85 47 D1 1E 47 13 19 7D 
ID: 329, Data: 8ED B3 80 8 11 3E 1F 26 
ID: A0, Data: 851 7E F5 1E 19 35 2 0 
ID: 316, Data: 85 46 40 1F 47 13 19 7D 
ID: 260, Data: 8B 46 47 30 0 FF CF 13 
ID: 43F, Data: 82 48 60 FF 75 60 1D 0 
ID: 316, Data: 85 45 E5 1F 46 13 1A 7D 
ID: 440, Data: 8FE 72 1A A0 FF AA AA AA 
ID: 316, Data: 85 45 42 20 46 13 1A 7D 
ID: 43F, Data: 82 48 60 FF 75 30 1E 0 
ID: 43F, Data: 82 48 60 FF 75 64 1E 0 
ID: 280, Data: 830 0 88 B3 41 2A 69 74 
ID: 153, Data: 80 0 0 FF 0 FF 0 0 
ID: 316, Data: 85 45 1C 21 45 13 1B 7D 
ID: 153, Data: 80 0 0 FF 0 FF 0 0 
ID: 1F1, Data: 80 19 E1 E0 D E5 50 E 
ID: 316, Data: 85 46 AB 21 45 14 1C 7D 
ID: 2A0, Data: 8C1 15 69 18 31 0 10 0 
ID: 316, Data: 85 45 3 22 44 14 1C 7D 
ID: 5F0, Data: 20 0 
ID: 18F, Data: 8AA 38 0 0 0 0 0 0 
ID: 260, Data: 8B 45 45 30 0 FF CD 18 
ID: 43F, Data: 82 48 60 FF 75 A4 20 0 
ID: 370, Data: 8FF D7 F0 FF FF FF FF FF 
ID: 153, Data: 80 0 0 FF 0 FF 0 0 
ID: 18F, Data: 8AA 38 0 0 0 0 0 0 
ID: 316, Data: 85 45 45 23 44 14 1D 7D 
ID: 316, Data: 85 44 86 23 43 14 1D 7D 
ID: A0, Data: 84D 7E 36 23 1E 36 2 0 
ID: 153, Data: 80 0 0 FF 0 FF 0 0 
ID: 316, Data: 85 43 9 24 43 15 1E 7D 
ID: 153, Data: 80 0 0 FF 0 FF 0 0 
ID: 316, Data: 85 43 4C 24 43 15 1E 7D 
ID: 316, Data: 85 43 6E 24 43 15 1E 7D 
ID: A1, Data: 880 7B 7D 7E 34 0 0 0 
ID: 43F, Data: 82 48 60 FF 75 24 23 0 
ID: 43F, Data: 82 48 60 FF 75 4C 23 0 
ID: 280, Data: 830 0 88 B3 4A 28 69 6B 
ID: 440, Data: 8FE 82 1F A0 FF AA AA AA 
ID: 316, Data: 85 42 74 25 42 15 20 7D 
ID: 43F, Data: 82 48 60 FF 75 0 24 0 
ID: 316, Data: 85 42 E0 25 42 15 20 7D 
ID: 440, Data: 8FE D2 20 A0 FF AA AA AA 
ID: 316, Data: 85 42 18 26 42 15 20 7D 
ID: 260, Data: 8B 43 42 30 0 FF CC 2D 
ID: 370, Data: 8FF D5 F0 FF FF FF FF FF 
ID: 316, Data: 85 42 9C 26 41 15 21 7D 
ID: 153, Data: 80 0 0 FF 0 FF 0 0 
ID: 316, Data: 85 42 10 27 41 16 21 7D 
ID: 316, Data: 85 42 23 27 41 16 21 7D 
ID: A1, Data: 881 7B 80 7E 31 0 0 0 
ID: 316, Data: 85 42 86 27 41 16 21 7D 
ID: 370, Data: 8FF D5 F0 FF FF FF FF FF 
ID: 18F, Data: 8AA 38 0 0 0 0 0 0 
ID: 316, Data: 85 42 14 28 40 16 22 7D 
ID: 153, Data: 80 0 0 FF 0 FF 0 0 
ID: 280, Data: 830 0 88 B2 50 28 69 65 
ID: 316, Data: 85 42 67 28 40 16 22 7D 
ID: 43F, Data: 82 48 60 FF 75 28 27 0 
ID: 43F, Data: 82 48 60 FF 75 4C 27 0 
ID: 370, Data: 8FF D5 F0 FF FF FF FF FF 
ID: 316, Data: 85 42 3C 29 40 16 23 7D 
ID: 316, Data: 85 42 52 29 3F 16 23 7D 
ID: 43F, Data: 82 48 60 FF 75 18 28 0 
ID: 316, Data: 85 42 AA 29 3F 16 24 7D 
ID: A1, Data: 882 7B 84 7C 2E 0 0 0 
ID: 153, Data: 80 0 0 FF 0 FF 0 0 
ID: 316, Data: 85 42 1A 2A 3F 16 24 7D 
ID: 153, Data: 80 0 0 FF 0 FF 0 0 
ID: 316, Data: 85 42 5F 2A 48 20 24 7D 
ID: 316, Data: 85 46 76 2A 48 20 24 7D 
ID: 18F, Data: 8AA 37 0 0 0 0 0 0 
ID: 43F, Data: 82 48 60 FF 75 A4 29 0 
ID: 153, Data: 80 0 0 FF 0 FF 0 0 
ID: 5F0, Data: 20 0 
ID: 153, Data: 80 0 0 FF 0 FF 0 0 
ID: 43F, Data: 82 48 60 FF 75 3C 2A 0 
ID: 153, Data: 80 0 0 FF 0 FF 0 0 
ID: 316, Data: 85 4A D 2C 46 1F 26 7D 
ID: 153, Data: 80 0 0 FF 0 FF 0 0 
ID: 153, Data: 80 0 0 FF 0 FF 0 0 
ID: 316, Data: 845 4A 71 2C 46 20 26 7D 
ID: 370, Data: 8FF D4 F0 FF FF FF FF FF 
ID: 316, Data: 845 4A 3F 2C 46 20 26 7D 
ID: 153, Data: 80 0 0 FF 0 FF 0 0 
ID: 43F, Data: 82 48 60 FF 75 B0 2B 0 
ID: 316, Data: 845 49 25 2D 45 20 27 7D 
ID: 370, Data: 8FF D4 F0 FF FF FF FF FF 
ID: 316, Data: 845 48 A9 2D 45 20 27 7D 
ID: 1F0, Data: 8F8 3F F9 BF 0 0 0 0 
ID: 280, Data: 830 0 88 B2 5B 2B 69 68 
ID: 370, Data: 8FF D4 F0 FF FF FF FF FF 
ID: 153, Data: 80 0 0 FF 0 FF 0 0 
ID: 2A0, Data: 8C1 1B 69 18 31 0 10 0 
ID: 316, Data: 845 47 67 2E 3B 21 28 7D 
ID: 153, Data: 80 0 0 FF 0 FF 0 0 
ID: 43F, Data: 82 48 60 FF 75 74 2D 0 
ID: 43F, Data: 82 48 60 FF 75 8C 2D 0 
ID: 316, Data: 845 40 BA 2E 39 22 29 7D 
ID: 43F, Data: 82 48 60 FF 75 BC 2D 0 
ID: 316, Data: 845 3E D6 2E 3A 22 29 7D 
ID: 18F, Data: 8AA 3D 0 0 0 0 0 0 
ID: 43F, Data: 8B 48 60 FF 75 20 2E 0 
ID: 153, Data: 80 0 0 FF 0 FF 0 0 
ID: 316, Data: 845 3C 48 2F 3A 22 29 7D 
ID: 5F0, Data: 20 0 
ID: 43F, Data: 8B 48 60 FF 75 60 2E 0 
ID: 18F, Data: 8AA 3E 0 0 0 0 0 0 
ID: 153, Data: 80 0 0 FF 0 FF 0 0 
ID: 440, Data: 8FE D2 29 A0 FF AA AA AA 
ID: 2A0, Data: 81 1A 69 18 31 0 10 0 
ID: 316, Data: 845 38 BA 2E 3A 22 2A 7D 
ID: 316, Data: 845 36 74 2D 3A 22 2A 7D 
ID: 43F, Data: 8B 48 60 37 75 78 29 0 
ID: 370, Data: 8FF D4 F0 FF FF FF FF FF 
ID: 153, Data: 80 0 0 FF 0 FF 0 0 
ID: 329, Data: 840 B1 80 8 11 41 17 26 
ID: 316, Data: 845 3E F8 23 3F 1F 2B 7D 
ID: A1, Data: 882 7B 81 7E 32 0 0 0 
ID: 43F, Data: 8B 48 60 FF 75 70 1F 0 
ID: 316, Data: 845 47 F2 20 40 1E 2B 7D 
ID: 18F, Data: 8AA 3E 0 0 0 0 0 0 
ID: 316, Data: 845 47 1C 21 3F 1E 2B 7D 
ID: 153, Data: 80 0 0 FF 0 FF 0 0 
ID: A1, Data: 882 7B 81 7E 34 0 0 0 
ID: 329, Data: 840 B1 80 8 11 3D 14 26 
ID: 153, Data: 80 0 0 FF 0 FF 0 0 
ID: 316, Data: 845 45 AB 21 3F 1E 2C 7D 
ID: A1, Data: 882 7B 81 7E 33 0 0 0 
ID: 316, Data: 845 44 AB 21 3F 1E 2C 7D 
ID: 316, Data: 845 44 BA 21 3F 1E 2C 7D 
ID: 43F, Data: 83 48 60 FF 75 54 20 0 
ID: 18F, Data: 8AA 3F 0 0 0 0 0 0 
ID: 153, Data: 80 0 0 FF 0 FF 0 0 
ID: 18F, Data: 8AA 40 0 0 0 0 0 0 
ID: 316, Data: 845 41 3 22 3F 1F 2D 7D 
ID: 5F0, Data: 20 0 
ID: 43F, Data: 83 48 60 FF 75 A8 20 0 
ID: 2A0, Data: 8A1 19 69 18 31 0 10 0 
ID: 316, Data: 845 40 30 22 41 1F 2D 7D 
ID: 1F1, Data: 80 92 69 81 16 6E 1 17 
ID: 43F, Data: 83 48 60 FF 75 E4 20 0 
ID: 316, Data: 845 40 5D 22 41 1F 2D 7D 
ID: 545, Data: 8E4 83 0 8C 53 2 53 2 
ID: 316, Data: 845 40 6C 22 41 1F 2D 7D 
ID: 316, Data: 845 41 8A 22 41 1F 2D 7D 
ID: 440, Data: 8FE C3 2D A0 FF AA AA AA 
ID: 2A0, Data: 8C1 19 69 18 31 0 10 0 
ID: 153, Data: 80 0 0 FF 0 FF 0 0 
ID: 329, Data: 840 B1 80 8 11 3E 16 26 
ID: 316, Data: 845 42 E7 22 41 1F 2E 7D 
ID: A0, Data: 84A 7C D7 22 2E 35 2 0 
ID: 316, Data: 845 42 F7 22 41 1F 2E 7D 
ID: 316, Data: 845 42 F7 22 41 1F 2E 7D 
ID: 316, Data: 845 42 6 23 41 1F 2E 7D 
ID: A1, Data: 87D 7B 7E 7E 33 0 0 0 
ID: 153, Data: 80 0 0 FF 0 FF 0 0 
ID: 316, Data: 845 41 45 23 41 1F 2E 7D 
ID: 153, Data: 80 0 0 FF 0 FF 0 0 
ID: 280, Data: 830 0 88 B0 46 28 69 6C 
ID: 316, Data: 845 41 65 23 3F 1F 2F 7D 
ID: 153, Data: 80 0 0 FF 0 FF 0 0 
ID: 316, Data: 845 41 76 23 3E 1F 2F 7D 
ID: 316, Data: 845 41 96 23 3E 1F 2F 7D 
ID: 43F, Data: 843 48 60 FF 75 30 22 0 
ID: 316, Data: 845 40 A6 23 3E 1F 2F 7D 
ID: 153, Data: 80 0 0 FF 0 FF 0 0 
ID: 153, Data: 80 0 0 FF 0 FF 0 0 
ID: 316, Data: 845 3F A6 23 43 1F 2F 7D 
ID: 153, Data: 80 0 0 FF 0 FF 0 0 
ID: A0, Data: 845 7C C7 23 30 35 2 0 
ID: 316, Data: 845 3F C7 23 46 1F 2F 7D 
ID: 260, Data: 8B 40 47 30 0 FF D0 26 
ID: 43F, Data: 843 48 60 FF 75 98 22 0 
ID: 370, Data: 8FF D5 F0 FF FF FF FF FF 
ID: 5A0, Data: 80 0 0 90 0 0 0 0 
ID: 260, Data: 8B 45 47 30 0 FF CD 7 
ID: 153, Data: 80 0 0 FF 0 FF 0 0 
ID: 316, Data: 845 45 96 23 46 1E 30 7D 
ID: 153, Data: 80 0 0 FF 0 FF 0 0 
ID: 43F, Data: 843 48 60 FF 75 4 23 0 
ID: 260, Data: 8B 48 47 30 0 FF CB 15 
ID: 153, Data: 80 0 0 FF 0 FF 0 0 
ID: 316, Data: 845 48 E8 23 46 1E 30 7D 
ID: 153, Data: 80 0 0 FF 0 FF 0 0 
ID: A0, Data: 84E 7C F8 23 31 37 2 0 
ID: 316, Data: 845 47 F8 23 29 1E 31 7D 
ID: 18F, Data: 8AA 47 0 0 0 0 0 0 
ID: 43F, Data: 843 48 60 FF 75 60 23 0 
ID: 153, Data: 80 0 0 FF 0 FF 0 0 
ID: 329, Data: 8B B0 80 8 11 36 0 26 
ID: 5F0, Data: 20 0 
ID: 329, Data: 840 B0 80 8 11 34 0 26 
ID: 43F, Data: 843 48 60 FF 75 7C 23 0 
ID: 370, Data: 8FF D7 F0 FF FF FF FF FF 
ID: 316, Data: 845 27 76 23 1A 22 31 7D 
ID: 43F, Data: 843 48 60 FF 75 90 23 0 
ID: 316, Data: 845 23 A6 23 1A 23 31 7D 
ID: 153, Data: 80 0 0 FF 0 FF 0 0 
ID: 316, Data: 845 1F 76 23 1A 23 31 7D 
ID: 5A0, Data: 80 0 0 90 0 0 0 0 
ID: 43F, Data: 843 48 60 FF 75 24 23 0 
ID: 316, Data: 845 20 F7 22 2F 23 31 7D 
ID: 153, Data: 80 0 0 FF 0 FF 0 0 
ID: 329, Data: 8ED B0 80 8 11 37 D 26 
ID: 43F, Data: 843 48 60 FF 75 78 23 0 
ID: 18F, Data: 8AA 49 0 0 0 0 0 0 
ID: 153, Data: 80 0 0 FF 0 FF 0 0 
ID: 440, Data: 8FE 13 31 A0 FF AA AA AA 
ID: 260, Data: 8B 35 3C 30 0 FF D7 18 
ID: 316, Data: 845 37 9 25 3B 21 31 7D 
ID: 2A0, Data: 81 14 69 18 31 0 10 0 
ID: 5F0, Data: 20 0 
ID: 316, Data: 845 39 B2 24 3B 20 31 7D 
ID: 43F, Data: 843 48 60 FF 75 84 23 0 
ID: 153, Data: 80 0 0 FF 0 FF 0 0 
ID: 153, Data: 80 0 0 FF 0 FF 0 0 
ID: 316, Data: 845 3C D5 24 3E 20 31 7D 
ID: 440, Data: 8FE C3 31 A0 FF AA AA AA 
ID: 316, Data: 845 3D F7 24 3F 20 31 7D 
ID: 43F, Data: 843 48 60 FF 75 BC 23 0 
ID: 545, Data: 8E4 90 0 8D 8 2 8 2 
ID: 5F0, Data: 20 0 
ID: 153, Data: 80 0 0 FF 0 FF 0 0 
ID: 316, Data: 845 3E 1B 25 3E 20 31 7D 
ID: A1, Data: 880 7B 81 7E 2F 0 0 0 
ID: 153, Data: 80 0 0 FF 0 FF 0 0 
ID: 316, Data: 845 3F 50 25 39 20 32 7D 
ID: 153, Data: 80 0 0 FF 0 FF 0 0 
ID: 153, Data: 80 0 0 FF 0 FF 0 0 
ID: 329, Data: 8ED AF 80 8 11 3E 12 26 
ID: 316, Data: 845 3D 74 25 39 20 32 7D 
ID: 153, Data: 80 0 0 FF 0 FF 0 0 
ID: 316, Data: 845 3C 50 25 30 16 32 7D 
ID: 316, Data: 845 3A 62 25 30 16 32 7D 
ID: 43F, Data: 843 48 60 FF 75 28 24 0 
ID: 153, Data: 80 0 0 FF 0 FF 0 0 
ID: 43F, Data: 843 48 60 FF 75 2C 24 0 
ID: 2A0, Data: 8A1 13 68 18 31 0 10 0 
ID: 316, Data: 845 32 F7 24 27 17 32 7D 
ID: 316, Data: 845 30 9 25 28 18 32 7D 
ID: 153, Data: 80 0 0 FF 0 FF 0 0 
ID: 316, Data: 85 2E 1B 25 2C 18 32 7D 
ID: 316, Data: 85 2D 50 25 2C 18 32 7D 
ID: 18F, Data: 8AA 4A 0 0 0 0 0 0 
ID: 316, Data: 85 2C 3E 25 2C 18 32 7D 
ID: 153, Data: 80 0 0 FF 0 FF 0 0 
ID: 5F0, Data: 20 0 
ID: 1F1, Data: 80 92 90 C1 18 96 61 19 
ID: 316, Data: 85 2B 1B 25 2D 18 32 7D 
ID: 545, Data: 8E4 5E 0 8D 5A 1 5A 1 
ID: 153, Data: 80 0 0 FF 0 FF 0 0 
ID: 316, Data: 85 2C 1B 25 2D 18 32 7D 
ID: 43F, Data: 843 48 60 FF 75 58 24 0 
ID: 316, Data: 85 2D 3E 25 2D 18 32 7D 
ID: 153, Data: 80 0 0 FF 0 FF 0 0 
ID: 153, Data: 80 0 0 FF 0 FF 0 0 
ID: 316, Data: 85 2E 50 25 F 18 32 7D 
ID: 153, Data: 80 0 0 FF 0 FF 0 0 
ID: 316, Data: 85 2A 3E 25 10 19 32 7D 
ID: 153, Data: 80 0 0 FF 0 FF 0 0 
ID: 280, Data: 830 0 88 AF 49 16 68 3B 
ID: 316, Data: 85 23 A1 24 10 19 32 7D 
ID: 153, Data: 80 0 0 FF 0 FF 0 0 
ID: 316, Data: 85 1F 5D 24 17 1A 32 7D 
ID: 153, Data: 80 0 0 FF 0 FF 0 0 
ID: 329, Data: 8B AF 80 8 11 32 8 26 
ID: 316, Data: 85 1E F8 23 27 1A 32 7D 
ID: 329, Data: 840 AF 80 8 11 35 A 26 
ID: 43F, Data: 843 48 60 FF 75 F0 23 0 
ID: 43F, Data: 843 48 60 FF 75 10 24 0 
ID: 18F, Data: 8AA 46 0 0 0 0 0 0 
ID: 5F0, Data: 20 0 
ID: 153, Data: 80 0 0 FF 0 FF 0 0 
ID: 153, Data: 80 0 0 FF 0 FF 0 0 
ID: A0, Data: 837 7C A1 24 32 32 2 0 
ID: 329, Data: 8B AF 80 8 11 3C 15 26 
ID: A1, Data: 87E 7B 81 7C 25 0 0 0 
ID: 316, Data: 85 35 62 25 36 18 32 7D 
ID: 1F1, Data: 80 B4 8C E1 18 95 61 19 
ID: 280, Data: 830 0 88 AF 4A 21 68 57 
ID: 43F, Data: 843 48 60 FF 75 24 24 0 
ID: 316, Data: 85 37 62 25 38 17 32 7D 
ID: 153, Data: 80 0 0 FF 0 FF 0 0 
ID: 316, Data: 85 37 74 25 38 17 32 7D 
ID: 153, Data: 80 0 0 FF 0 FF 0 0 
ID: 260, Data: 8B 39 31 30 0 FF D2 32 
ID: 316, Data: 85 38 AA 25 2D 17 32 7D 
ID: A1, Data: 880 7B 83 7E 2B 0 0 0 
ID: 316, Data: 85 38 98 25 2C 17 32 7D 
ID: 153, Data: 80 0 0 FF 0 FF 0 0 
ID: A0, Data: 839 7C 86 25 33 32 2 0 
ID: 329, Data: 8B AF 80 8 11 3A C 26 
ID: A0, Data: 839 7C 86 25 33 32 2 0 
ID: 153, Data: 80 0 0 FF 0 FF 0 0 
ID: 153, Data: 80 0 0 FF 0 FF 0 0 
ID: 5F0, Data: 20 0 
ID: A0, Data: 833 7C 74 25 33 2E 2 0 
ID: 2A0, Data: 8C1 10 68 18 31 0 10 0 
ID: 5F0, Data: 20 0 
ID: 43F, Data: 843 48 60 FF 75 40 24 0 
ID: 153, Data: 80 0 0 FF 0 FF 0 0 
ID: 329, Data: 8B AF 80 8 11 33 8 26 
ID: 316, Data: 85 22 6E 24 2D 1A 32 7D 
ID: 316, Data: 85 22 5D 24 31 1A 32 7D 
ID: 316, Data: 85 24 6E 24 37 19 32 7D 
ID: 316, Data: 85 28 A1 24 39 19 32 7D 
ID: 43F, Data: 843 48 60 FF 75 44 24 0 
ID: 316, Data: 85 32 F7 24 3A 18 32 7D 
ID: A0, Data: 83E 7C E6 24 33 34 2 0 
ID: 316, Data: 85 36 86 25 39 18 32 7D 
ID: 316, Data: 85 36 AA 25 39 18 32 7D 
ID: 43F, Data: 843 48 60 FF 75 5C 24 0 
ID: 316, Data: 85 38 98 25 39 17 32 7D 
ID: 153, Data: 80 0 0 FF 0 FF 0 0 
ID: 43F, Data: 843 48 60 FF 75 4C 24 0 
ID: 316, Data: 85 39 98 25 38 17 32 7D 
ID: 280, Data: 830 0 88 AF 4B 23 68 5E 
ID: 316, Data: 85 3A AA 25 38 17 32 7D 
ID: 316, Data: 85 3B BC 25 38 17 32 7D 
ID: 43F, Data: 843 48 60 FF 75 70 24 0 
ID: 316, Data: 85 3B CE 25 38 17 32 7D 
ID: 440, Data: 8FE 13 32 A0 FF AA AA AA 
ID: 316, Data: 85 3A CE 25 38 17 32 7D 
ID: 153, Data: 80 0 0 FF 0 FF 0 0 
ID: 1F0, Data: 8F9 3F F9 BF 0 0 0 0 
ID: 43F, Data: 843 48 60 FF 75 B8 24 0 
ID: 316, Data: 85 3A 5 26 38 17 33 7D 
ID: 2A0, Data: 81 11 68 18 31 0 10 0 
ID: 316, Data: 85 3A 5 26 38 17 33 7D 
ID: 153, Data: 80 0 0 FF 0 FF 0 0 
ID: 316, Data: 85 3A 18 26 38 17 33 7D 
ID: 316, Data: 85 39 18 26 38 17 33 7D 
ID: A0, Data: 83F 7C 18 26 33 34 2 0 
ID: 316, Data: 85 3A 2A 26 2F 17 33 7D 
ID: 316, Data: 85 3A 2A 26 2B 17 33 7D 
ID: 43F, Data: 843 48 60 FF 75 F0 24 0 
ID: 316, Data: 85 37 3D 26 2B 17 33 7D 
ID: 153, Data: 80 0 0 FF 0 FF 0 0 
ID: 316, Data: 85 34 18 26 2C 18 33 7D 
ID: 153, Data: 80 0 0 FF 0 FF 0 0 
ID: 316, Data: 85 32 5 26 2C 18 33 7D 
ID: 316, Data: 85 31 5 26 2C 18 33 7D 
ID: 545, Data: 8E4 66 0 8D B5 1 B5 1 
ID: 43F, Data: 843 48 60 FF 75 0 25 0 
ID: 153, Data: 80 0 0 FF 0 FF 0 0 
ID: 440, Data: 8FE C3 33 A0 FF AA AA AA 
ID: 43F, Data: 843 48 60 FF 75 8 25 0 
ID: 260, Data: 8B 2D 22 30 0 FF D5 1E 
ID: 5A0, Data: 80 0 0 90 0 0 0 0 
ID: 316, Data: 85 29 BC 25 2B 19 33 7D 
ID: 153, Data: 80 0 0 FF 0 FF 0 0 
ID: 545, Data: 8E4 56 0 8D 28 1 28 1 
ID: 316, Data: 85 2B 98 25 32 19 33 7D 
ID: 280, Data: 830 0 88 B0 4B 1B 68 44 
ID: 153, Data: 80 0 0 FF 0 FF 0 0 
ID: 316, Data: 85 2F F3 25 32 18 33 7D 
ID: 316, Data: 85 30 2A 26 32 18 33 7D 
ID: A1, Data: 87E 7B 81 7C 23 0 0 0 
ID: 43F, Data: 843 48 60 FF 75 8 25 0 
ID: 43F, Data: 843 48 60 FF 75 FC 24 0 
ID: 280, Data: 830 0 88 B0 4B 1E 68 50 
ID: 316, Data: 85 33 5 26 35 18 33 7D 
ID: 316, Data: 85 33 18 26 35 18 33 7D 
ID: A1, Data: 880 7B 81 7C 26 0 0 0 
ID: 440, Data: 8FE 63 33 A0 FF AA AA AA 
ID: 1F0, Data: 8F8 3F F9 BF 0 0 0 0 
ID: 5F0, Data: 20 0 
ID: 153, Data: 80 0 0 FF 0 FF 0 0 
ID: 43F, Data: 843 48 60 FF 75 18 25 0 
ID: A0, Data: 83D 7C 50 26 34 33 2 0 
ID: 153, Data: 80 0 0 FF 0 FF 0 0 
ID: 316, Data: 85 38 50 26 37 17 33 7D 
ID: 153, Data: 80 0 0 FF 0 FF 0 0 
ID: 2A0, Data: 861 12 68 18 31 0 10 0 
ID: 316, Data: 85 38 2A 26 38 17 33 7D 
ID: A0, Data: 83E 7C 3D 26 34 34 2 0 
ID: 43F, Data: 843 48 60 FF 75 34 25 0 
ID: 316, Data: 85 39 F3 25 3D 17 33 7D 
ID: 370, Data: 8FF E1 F0 FF FF FF FF FF 
ID: 316, Data: 85 3C F3 25 3F 17 33 7D 
ID: 43F, Data: 843 48 60 FF 75 B4 25 0 
ID: 440, Data: 8FE 63 33 A0 FF AA AA AA 
ID: 153, Data: 80 0 0 FF 0 FF 0 0 
ID: 316, Data: 85 3E 76 26 27 16 34 7D 
ID: 316, Data: 85 3C 3D 26 26 16 34 7D 
ID: 260, Data: 8B 3A 27 30 0 FF CF 30 
ID: 43F, Data: 843 48 60 FF 75 5C 25 0 
ID: 316, Data: 85 34 CE 25 27 17 34 7D 
ID: 153, Data: 80 0 0 FF 0 FF 0 0 
ID: 316, Data: 85 2F E0 25 27 18 34 7D 
ID: 153, Data: 80 0 0 FF 0 FF 0 0 
ID: 545, Data: 8E4 5F 0 8D 7F 1 7F 1 
ID: 316, Data: 85 2C E0 25 28 18 34 7D 
ID: 329, Data: 8B B0 80 8 11 38 B 26 
ID: 43F, Data: 843 48 60 FF 75 74 25 0 
ID: 153, Data: 80 0 0 FF 0 FF 0 0 
ID: 2A0, Data: 8A1 11 68 18 31 0 10 0 
ID: 316, Data: 85 2A E0 25 28 19 34 7D 
ID: 43F, Data: 843 48 60 FF 75 70 25 0 
ID: 316, Data: 85 29 BC 25 29 19 34 7D 
ID: A1, Data: 880 7B 82 7C 1F 0 0 0 
ID: 153, Data: 80 0 0 FF 0 FF 0 0 
ID: 316, Data: 85 29 BC 25 29 19 34 7D 
ID: 5F0, Data: 20 0 
ID: 316, Data: 85 29 BC 25 2D 19 34 7D 
ID: 43F, Data: 843 48 60 FF 75 54 25 0 
ID: 316, Data: 85 2B CE 25 32 19 34 7D 
ID: 5F0, Data: 20 0 
ID: A1, Data: 87D 7B 80 7C 20 0 0 0 
ID: A1, Data: 87D 7B 80 7C 20 0 0 0 
ID: A1, Data: 87D 7B 80 7C 20 0 0 0 
ID: 43F, Data: 843 48 60 FF 75 6C 25 0 
ID: 43F, Data: 843 48 60 FF 75 68 25 0 
ID: 316, Data: 85 31 18 26 33 18 34 7D 
ID: 153, Data: 80 0 0 FF 0 FF 0 0 
ID: 153, Data: 80 0 0 FF 0 FF 0 0 
ID: 5F0, Data: 20 0 
ID: 440, Data: 8FE 63 34 A0 FF AA AA AA 
ID: 153, Data: 80 0 0 FF 0 FF 0 0 
ID: 153, Data: 80 0 0 FF 0 FF 0 0 
ID: 316, Data: 85 36 E0 25 36 17 34 7D 
ID: 153, Data: 80 0 0 FF 0 FF 0 0 
ID: 316, Data: 85 36 18 26 36 17 34 7D 
ID: 5A0, Data: 80 0 0 90 0 0 0 0 
ID: 18F, Data: 8AA 3B 0 0 0 0 0 0 
ID: 316, Data: 85 39 E0 25 36 17 34 7D 
ID: 43F, Data: 843 48 60 FF 75 8C 25 0 
ID: 316, Data: 85 39 F3 25 36 17 34 7D 
ID: 153, Data: 80 0 0 FF 0 FF 0 0 
ID: 316, Data: 85 39 E0 25 31 17 34 7D 
ID: 316, Data: 85 39 F3 25 2D 17 34 7D 
ID: A1, Data: 881 7B 83 7E 2A 0 0 0 
ID: 440, Data: 8FE 13 34 A0 FF AA AA AA 
ID: 43F, Data: 843 48 60 FF 75 AC 25 0 
ID: 153, Data: 80 0 0 FF 0 FF 0 0 
ID: 316, Data: 85 33 E0 25 2C 17 34 7D 
ID: 153, Data: 80 0 0 FF 0 FF 0 0 
ID: 153, Data: 80 0 0 FF 0 FF 0 0 
ID: 316, Data: 85 31 E0 25 2D 18 34 7D 
ID: 153, Data: 80 0 0 FF 0 FF 0 0 
ID: 2A0, Data: 861 11 68 18 31 0 10 0 
ID: 316, Data: 85 30 2A 26 2D 18 34 7D 
ID: 545, Data: 8E4 5F 0 8D AE 1 AE 1 
ID: 316, Data: 85 2F 3D 26 2D 18 34 7D 
ID: 153, Data: 80 0 0 FF 0 FF 0 0 
ID: 43F, Data: 843 48 60 FF 75 C4 25 0 
ID: 280, Data: 830 0 88 B0 4C 1C 68 49 
ID: 43F, Data: 843 48 60 FF 75 BC 25 0 
ID: 280, Data: 830 0 88 B0 4C 1C 68 49 
ID: 153, Data: 80 0 0 FF 0 FF 0 0 
ID: 316, Data: 85 2E 18 26 33 18 34 7D 
ID: 316, Data: 85 2E 18 26 34 18 34 7D 
ID: 2A0, Data: 8C1 11 68 18 31 0 10 0 
ID: 43F, Data: 843 48 60 FF 75 B4 25 0 
ID: 316, Data: 85 32 50 26 33 18 34 7D 
ID: 316, Data: 85 33 50 26 33 18 34 7D 
ID: 316, Data: 85 33 63 26 33 18 34 7D 
ID: 43F, Data: 843 48 60 FF 75 D4 25 0 
ID: 316, Data: 85 34 50 26 33 18 34 7D 
ID: 153, Data: 80 0 0 FF 0 FF 0 0 
ID: 153, Data: 80 0 0 FF 0 FF 0 0 
ID: 316, Data: 85 35 2A 26 33 17 34 7D 
ID: 440, Data: 8FE C3 34 A0 FF AA AA AA 
ID: 316, Data: 85 35 50 26 33 17 34 7D 
ID: 153, Data: 80 0 0 FF 0 FF 0 0 
ID: 153, Data: 80 0 0 FF 0 FF 0 0 
ID: 43F, Data: 843 48 60 FF 75 F4 25 0 
ID: 153, Data: 80 0 0 FF 0 FF 0 0 
ID: 316, Data: 85 34 2A 26 33 18 34 7D 
ID: 316, Data: 85 34 3D 26 33 18 34 7D 
ID: 2A0, Data: 8A1 12 68 18 31 0 10 0 
ID: 316, Data: 85 35 50 26 33 17 35 7D 
ID: 316, Data: 85 35 76 26 33 17 35 7D 
ID: 43F, Data: 843 48 60 FF 75 0 26 0 
ID: 316, Data: 85 35 63 26 33 17 35 7D 
ID: 260, Data: 8B 36 33 30 0 FF D3 5 
ID: 316, Data: 85 36 63 26 33 17 35 7D 
ID: 316, Data: 85 36 50 26 33 17 35 7D 
ID: A1, Data: 881 7B 84 7C 28 0 0 0 
ID: 316, Data: 85 34 50 26 33 17 35 7D 
ID: 316, Data: 85 34 63 26 33 17 35 7D 
ID: A0, Data: 83A 7D 63 26 35 32 2 0 
ID: 316, Data: 85 33 63 26 33 18 35 7D 
ID: 153, Data: 80 0 0 FF 0 FF 0 0 
ID: 43F, Data: 843 48 60 FF 75 1C 26 0 
ID: 260, Data: 8B 34 33 30 0 FF D4 15 
ID: 5F0, Data: 20 0 
ID: 316, Data: 85 34 63 26 33 18 35 7D 
ID: 370, Data: 8FF E3 F0 FF FF FF FF FF 
ID: 153, Data: 80 0 0 FF 0 FF 0 0 
ID: 316, Data: 85 34 89 26 33 18 35 7D 
ID: 316, Data: 85 35 9C 26 33 17 35 7D 
ID: 260, Data: 8B 35 34 30 0 FF D3 5 
ID: 43F, Data: 843 48 60 FF 75 54 26 0 
ID: 43F, Data: 843 48 60 FF 75 50 26 0 
ID: A1, Data: 880 7B 83 7C 27 0 0 0 
ID: 5F0, Data: 20 0 
ID: 316, Data: 85 35 C2 26 34 18 35 7D 
ID: 316, Data: 85 35 C2 26 33 18 35 7D 
ID: 260, Data: 8B 35 34 30 0 FF D3 32 
ID: 153, Data: 80 0 0 FF 0 FF 0 0 
ID: 316, Data: 85 35 D5 26 34 18 35 7D 
ID: 153, Data: 80 0 0 FF 0 FF 0 0 
ID: 1F1, Data: 80 70 A7 31 1A B0 1 1B 
ID: 316, Data: 85 34 E9 26 35 18 35 7D 
ID: 5F0, Data: 20 0 
ID: 316, Data: 85 35 D5 26 35 18 35 7D 
ID: 43F, Data: 843 48 60 FF 75 94 26 0 
ID: 260, Data: 8B 35 36 30 0 FF D3 3 
ID: 153, Data: 80 0 0 FF 0 FF 0 0 
ID: 316, Data: 85 36 FC 26 36 18 35 7D 
ID: 316, Data: 85 36 10 27 35 18 35 7D 
ID: 280, Data: 830 0 88 B1 4E 21 68 55 
ID: 43F, Data: 843 48 60 FF 75 B4 26 0 
ID: 370, Data: 8FF E1 F0 FF FF FF FF FF 
ID: 5F0, Data: 20 0 
ID: 316, Data: 85 36 FC 26 36 17 36 7D 
ID: 43F, Data: 843 48 60 FF 75 BC 26 0 
ID: 1F0, Data: 8F8 3F F9 BF 0 0 0 0 
ID: 316, Data: 85 37 10 27 36 17 36 7D 
ID: 316, Data: 85 37 10 27 36 17 36 7D 
ID: 153, Data: 80 0 0 FF 0 FF 0 0 
ID: 43F, Data: 843 48 60 FF 75 D8 26 0 
ID: 316, Data: 85 36 23 27 36 18 36 7D 
ID: 545, Data: 8E4 70 0 8D 1E 2 1E 2 
ID: 5F0, Data: 20 0 
ID: 316, Data: 85 36 37 27 36 18 36 7D 
ID: 316, Data: 85 36 4A 27 36 18 36 7D 
ID: 260, Data: 8B 36 36 30 0 FF D2 21 
ID: 153, Data: 80 0 0 FF 0 FF 0 0 
ID: 316, Data: 85 36 72 27 36 18 36 7D 
ID: 43F, Data: 843 48 60 FF 75 14 27 0 
ID: 260, Data: 8B 36 3D 30 0 FF D2 39 
ID: 316, Data: 85 36 72 27 3F 18 36 7D 
ID: 316, Data: 85 38 86 27 3F 17 36 7D 
ID: 43F, Data: 843 48 60 FF 75 2C 27 0 
ID: 316, Data: 85 3C AE 27 3E 17 36 7D 
ID: 153, Data: 80 0 0 FF 0 FF 0 0 
ID: 316, Data: 85 3E EB 27 3E 17 36 7D 
ID: 153, Data: 80 0 0 FF 0 FF 0 0 
ID: 280, Data: 830 0 88 B1 4F 26 68 60 
ID: 316, Data: 85 3F EB 27 3E 16 36 7D 
ID: 43F, Data: 843 48 60 FF 75 68 27 0 
ID: 370, Data: 8FF E1 F0 FF FF FF FF FF 
ID: 2A0, Data: 861 15 68 18 31 0 10 0 
ID: 153, Data: 80 0 0 FF 0 FF 0 0 
ID: 329, Data: 8B B1 80 8 11 3F 1D 26 
ID: 316, Data: 85 40 EB 27 3E 16 37 7D 
ID: 260, Data: 8B 40 3F 30 0 FF CC 6 
ID: 43F, Data: 843 48 60 FF 75 C0 27 0 
ID: 370, Data: 8FF E1 F0 FF FF FF FF FF 
ID: A1, Data: 881 7B 85 7C 2D 0 0 0 
ID: 316, Data: 85 3F 29 28 3E 17 37 7D 
ID: 316, Data: 85 3F 3D 28 3E 17 37 7D 
ID: 153, Data: 80 0 0 FF 0 FF 0 0 
ID: 316, Data: 85 3F 52 28 3E 17 37 7D 
ID: 43F, Data: 843 48 60 FF 75 10 28 0 
ID: 545, Data: 8E4 8A 0 8D CE 2 CE 2 
ID: 5F0, Data: 20 0 
ID: 316, Data: 85 3F A6 28 3E 17 37 7D 
ID: 316, Data: 85 3F A6 28 3E 17 37 7D 
ID: A0, Data: 844 7D A6 28 38 36 2 0 
ID: 153, Data: 80 0 0 FF 0 FF 0 0 
ID: 316, Data: 85 3F D0 28 3E 17 38 7D 
ID: 153, Data: 80 0 0 FF 0 FF 0 0 
ID: 329, Data: 840 B1 80 8 11 3F 1D 26 
ID: 316, Data: 85 3E E6 28 3E 17 38 7D 
ID: 5F0, Data: 20 0 
ID: 316, Data: 85 3F FB 28 3E 17 38 7D 
ID: 153, Data: 80 0 0 FF 0 FF 0 0 
ID: 2A0, Data: 81 17 68 18 31 0 10 0 
ID: 316, Data: 85 3E 26 29 3D 17 38 7D 
ID: 260, Data: 8B 3F 3E 30 0 FF CB 28 
ID: 316, Data: 85 3E 26 29 3D 17 38 7D 
ID: 316, Data: 85 3E 26 29 3D 17 38 7D 
ID: 43F, Data: 843 48 60 FF 75 C8 28 0 
ID: 316, Data: 85 3E 3C 29 3D 17 38 7D 
ID: 5F0, Data: 20 0 
ID: 316, Data: 85 3E 68 29 3D 17 38 7D 
ID: 153, Data: 80 0 0 FF 0 FF 0 0 
ID: 18F, Data: 8AA 37 0 0 0 0 0 0 
ID: 316, Data: 85 3E 52 29 3D 17 39 7D 
ID: 316, Data: 85 3E 52 29 3D 17 39 7D 
ID: A1, Data: 880 7B 87 7C 2C 0 0 0 
ID: 370, Data: 8FF E1 F0 FF FF FF FF FF 
ID: 43F, Data: 843 48 60 FF 75 14 29 0 
ID: 5F0, Data: 20 0 
ID: 316, Data: 85 3E 94 29 37 17 39 7D 
ID: 43F, Data: 843 48 60 FF 75 38 29 0 
ID: 440, Data: 8FE 63 39 A0 FF AA AA AA 
ID: 5F0, Data: 20 0 
ID: 260, Data: 8B 3B 38 30 0 FF CC 30 
ID: 545, Data: 8E4 7D 0 8D 5F 2 5F 2 
ID: 153, Data: 80 0 0 FF 0 FF 0 0 
ID: 316, Data: 85 39 C0 29 38 18 39 7D 
ID: 370, Data: 8FF E1 F0 FF FF FF FF FF 
ID: 153, Data: 80 0 0 FF 0 FF 0 0 
ID: 43F, Data: 843 48 60 FF 75 7C 29 0 
ID: 153, Data: 80 0 0 FF 0 FF 0 0 
ID: 316, Data: 85 38 ED 29 38 18 39 7D 
ID: 153, Data: 80 0 0 FF 0 FF 0 0 
ID: 316, Data: 85 37 D7 29 38 18 39 7D 
ID: 316, Data: 85 38 D7 29 38 18 39 7D 
ID: 43F, Data: 843 48 60 FF 75 94 29 0 
ID: 43F, Data: 843 48 60 FF 75 98 29 0 
ID: 18F, Data: 8AA 37 0 0 0 0 0 0 
ID: 153, Data: 80 0 0 FF 0 FF 0 0 
ID: 316, Data: 85 37 1A 2A 38 18 3A 7D 
ID: 260, Data: 8B 38 38 30 0 FF CE 13 
ID: 316, Data: 85 37 4 2A 38 18 3A 7D 
ID: 329, Data: 840 B1 80 8 11 3D 19 26 
ID: 153, Data: 80 0 0 FF 0 FF 0 0 
ID: 316, Data: 85 37 31 2A 39 18 3A 7D 
ID: 153, Data: 80 0 0 FF 0 FF 0 0 
ID: 280, Data: 830 0 88 B1 54 21 68 52 
ID: 316, Data: 85 37 31 2A 3A 18 3A 7D 
ID: 43F, Data: 843 48 60 FF 75 DC 29 0 
ID: 316, Data: 85 37 48 2A 3A 18 3A 7D 
ID: A1, Data: 883 7B 86 7C 27 0 0 0 
ID: 153, Data: 80 0 0 FF 0 FF 0 0 
ID: 316, Data: 85 39 5F 2A 3A 18 3A 7D 
ID: 5F0, Data: 20 0 
ID: 316, Data: 85 3A 5F 2A 3A 18 3A 7D 
ID: 316, Data: 85 39 76 2A 3A 18 3A 7D 
ID: 316, Data: 85 3A 76 2A 3A 18 3A 7D 
ID: 316, Data: 85 3B 8D 2A 3A 18 3A 7D 
ID: 43F, Data: 843 48 60 FF 75 0 2A 0 
ID: 43F, Data: 843 48 60 FF 75 4 2A 0 
ID: 280, Data: 830 0 88 B1 54 23 68 58 
ID: 316, Data: 85 3B A4 2A 3A 18 3A 7D 
ID: 316, Data: 85 3B 8D 2A 3A 18 3A 7D 
ID: 43F, Data: 843 48 60 FF 75 2C 2A 0 
ID: 370, Data: 8FF E1 F0 FF FF FF FF FF 
ID: A1, Data: 885 7B 87 7C 29 0 0 0 
ID: 153, Data: 80 0 0 FF 0 FF 0 0 
ID: 316, Data: 85 3B A4 2A 44 21 3A 7D 
ID: 153, Data: 80 0 0 FF 0 FF 0 0 
ID: 329, Data: 884 B1 80 8 11 42 1B 26 
ID: 316, Data: 85 42 32 2B 43 21 3A 7D 
ID: 43F, Data: 843 48 60 FF 75 74 2A 0 
ID: 43F, Data: 843 48 60 FF 75 7C 2A 0 
ID: 43F, Data: 843 48 60 FF 75 80 2A 0 
ID: 316, Data: 85 44 1A 2B 2B 20 3B 7D 
ID: A0, Data: 83E 7D 2 2B 3B 35 2 0 
ID: 43F, Data: 843 48 60 FF 75 80 2A 0 
ID: 43F, Data: 843 48 60 FF 75 60 2A 0 
ID: 2A0, Data: 820 17 68 18 31 0 10 0 
ID: 153, Data: 80 0 0 FF 0 FF 0 0 
ID: 316, Data: 845 29 5F 2A 18 23 3B 7D 
ID: 153, Data: 80 0 0 FF 0 FF 0 0 
ID: 43F, Data: 843 48 60 FF 75 5C 2A 0 
ID: 18F, Data: 8AA 36 0 0 0 0 0 0 
ID: 153, Data: 80 0 0 FF 0 FF 0 0 
ID: 316, Data: 845 1F D7 29 18 24 3B 7D 
ID: 260, Data: 8B 1E 19 30 0 FF B9 25 
ID: 316, Data: 845 1D 7E 29 2B 24 3B 7D 
ID: 2A0, Data: 8A1 15 68 18 31 0 10 0 
ID: 153, Data: 80 0 0 FF 0 FF 0 0 
ID: 329, Data: 8B B1 80 8 11 39 D 26 
ID: 43F, Data: 843 48 60 FF 75 14 2A 0 
ID: 316, Data: 845 27 31 2A 33 24 3A 7D 
ID: 153, Data: 80 0 0 FF 0 FF 0 0 
ID: 545, Data: 8E4 6A 0 8D AF 0 AF 0 
ID: 316, Data: 845 2E A4 2A 32 23 3A 7D 
ID: 280, Data: 830 0 88 B1 55 1C 68 46 
ID: 43F, Data: 843 48 60 FF 75 8 2A 0 
ID: 440, Data: 8FE C3 3A A0 FF AA AA AA 
ID: 153, Data: 80 0 0 FF 0 FF 0 0 
ID: 316, Data: 845 31 A4 2A 32 23 3A 7D 
ID: 316, Data: 845 31 8D 2A 35 23 3A 7D 
ID: 43F, Data: 843 48 60 FF 75 CC 29 0 
ID: 316, Data: 845 31 76 2A 38 23 3A 7D 
ID: 5F0, Data: 20 0 
ID: 153, Data: 80 0 0 FF 0 FF 0 0 
ID: 370, Data: 8FF E1 F0 FF FF FF FF FF 
ID: 316, Data: 845 34 A4 2A 3C 22 3A 7D 
ID: 153, Data: 80 0 0 FF 0 FF 0 0 
ID: 316, Data: 845 3A D3 2A 3D 22 3A 7D 
ID: 316, Data: 845 3B 2 2B 3D 22 3A 7D 
ID: 153, Data: 80 0 0 FF 0 FF 0 0 
ID: 43F, Data: 843 48 60 FF 75 DC 29 0 
ID: 316, Data: 845 3D 2 2B 3C 21 3A 7D 
ID: 280, Data: 830 0 88 B1 56 25 68 5A 
ID: 316, Data: 845 3E 2 2B 3B 21 3A 7D 
ID: 316, Data: 845 3E 1A 2B 3B 21 3A 7D 
ID: 43F, Data: 843 48 60 FF 75 4 2A 0 
ID: 440, Data: 8FE 63 3A A0 FF AA AA AA 
ID: A1, Data: 887 7B 87 7C 2B 0 0 0 
ID: 153, Data: 80 0 0 FF 0 FF 0 0 
ID: 316, Data: 845 3E 32 2B 3D 21 3A 7D 
ID: 153, Data: 80 0 0 FF 0 FF 0 0 
ID: 43F, Data: 843 48 60 FF 75 4 2A 0 
ID: 18F, Data: 8AA 3E 0 0 0 0 0 0 
ID: 153, Data: 80 0 0 FF 0 FF 0 0 
ID: 153, Data: 80 0 0 FF 0 FF 0 0 
ID: 316, Data: 845 3F 32 2B 3D 21 3A 7D 
ID: 316, Data: 845 3F 32 2B 3D 21 3A 7D 
ID: 153, Data: 80 0 0 FF 0 FF 0 0 
ID: 329, Data: 8ED B1 80 8 11 40 18 26 
ID: 316, Data: 845 3E 4A 2B 3E 21 3B 7D 
ID: 153, Data: 80 0 0 FF 0 FF 0 0 
ID: 316, Data: 845 3E 62 2B 3E 21 3B 7D 
ID: 1F0, Data: 8FE 3F F9 BF 0 0 0 0 
ID: 18F, Data: 8AA 40 0 0 0 0 0 0 
ID: 153, Data: 80 0 0 FF 0 FF 0 0 
ID: 2A0, Data: 8A1 15 68 18 31 0 10 0 
ID: 316, Data: 845 40 92 2B 34 21 3B 7D 
ID: A1, Data: 882 7B 85 7C 2C 0 0 0 
ID: 43F, Data: 843 48 60 FF 75 64 2A 0 
ID: 43F, Data: 843 48 60 FF 75 64 2A 0 
ID: 440, Data: 8FE B3 3A A0 FF AA AA AA 
ID: 316, Data: 845 3B 62 2B 38 21 3B 7D 
ID: 153, Data: 80 0 0 FF 0 FF 0 0 
ID: 316, Data: 845 3A 62 2B 39 22 3B 7D 
ID: 43F, Data: 843 48 60 FF 75 98 2A 0 
ID: 5F0, Data: 20 0 
ID: 316, Data: 845 38 92 2B 39 22 3B 7D 
ID: 43F, Data: 843 48 60 FF 75 98 2A 0 
ID: A0, Data: 83C 7D 92 2B 3C 35 2 0 
ID: 5F0, Data: 20 0 
ID: 316, Data: 845 39 7A 2B 38 22 3B 7D 
ID: 316, Data: 845 38 7A 2B 36 22 3B 7D 
ID: 153, Data: 80 0 0 FF 0 FF 0 0 
ID: 2A0, Data: 8A1 14 68 18 31 0 10 0 
ID: 316, Data: 845 39 92 2B 36 22 3B 7D 
ID: A0, Data: 83D 7D AB 2B 3C 35 2 0 
ID: 316, Data: 845 39 AB 2B 36 22 3B 7D 
ID: 329, Data: 840 B1 80 8 11 3E 12 26 
ID: 316, Data: 845 37 AB 2B 36 22 3B 7D 
ID: 280, Data: 830 0 88 B1 57 20 68 52 
ID: 153, Data: 80 0 0 FF 0 FF 0 0 
ID: 545, Data: 8E4 7F 0 8D 56 1 56 1 
ID: 316, Data: 845 36 AB 2B 31 22 3B 7D 
ID: 545, Data: 8E4 77 0 8D 46 1 46 1 
ID: 316, Data: 845 35 92 2B 32 22 3B 7D 
ID: 316, Data: 845 34 92 2B 33 22 3B 7D 
ID: 43F, Data: 843 48 60 FF 75 D0 2A 0 
ID: 329, Data: 884 B1 80 8 11 41 1D 26 
ID: 153, Data: 80 0 0 FF 0 FF 0 0 
ID: 316, Data: 845 40 D 2C 45 21 3C 7D 
ID: 316, Data: 845 43 58 2C 44 21 3C 7D 
ID: 18F, Data: 8AA 43 0 0 0 0 0 0 
ID: 43F, Data: 843 48 60 FF 75 18 2B 0 
ID: 153, Data: 80 0 0 FF 0 FF 0 0 
ID: 370, Data: 8FF E1 F0 FF FF FF FF FF 
ID: 316, Data: 845 48 AB 2B 44 20 3C 7D 
ID: 153, Data: 80 0 0 FF 0 FF 0 0 
ID: 280, Data: 830 0 88 B1 57 2C 68 69 
ID: 316, Data: 845 4A F4 2B 3A 20 3C 7D 
ID: 43F, Data: 843 48 60 FF 75 48 2B 0 
ID: 316, Data: 845 45 F4 2B 14 20 3C 7D 
ID: 153, Data: 80 0 0 FF 0 FF 0 0 
ID: 316, Data: 845 31 C3 2B 2A 23 3C 7D 
ID: 316, Data: 845 2D AB 2B 32 23 3C 7D 
ID: 43F, Data: 843 48 60 FF 75 2C 2B 0 
ID: 43F, Data: 843 48 60 FF 75 24 2B 0 
ID: 153, Data: 80 0 0 FF 0 FF 0 0 
ID: 316, Data: 845 30 D 2C 33 23 3C 7D 
ID: 316, Data: 845 31 3F 2C 33 23 3C 7D 
ID: 545, Data: 8E4 74 0 8D F7 0 F7 0 
ID: 43F, Data: 843 48 60 FF 75 58 2B 0 
ID: 43F, Data: 843 48 60 FF 75 4C 2B 0 
ID: 18F, Data: 8AA 43 0 0 0 0 0 0 
ID: 316, Data: 845 36 F4 2B 41 23 3C 7D 
ID: 153, Data: 80 0 0 FF 0 FF 0 0 
ID: 153, Data: 80 0 0 FF 0 FF 0 0 
ID: 316, Data: 845 41 8B 2C 44 21 3C 7D 
ID: 440, Data: 8FE 13 3C A0 FF AA AA AA 
ID: 153, Data: 80 0 0 FF 0 FF 0 0 
ID: 316, Data: 845 46 B 2D 44 21 3C 7D 
ID: 316, Data: 845 47 B 2D 45 21 3C 7D 
ID: 18F, Data: 8AA 44 0 0 0 0 0 0 
ID: 440, Data: 8FE 63 3C A0 FF AA AA AA 
ID: 43F, Data: 843 48 60 FF 75 B4 2B 0 
ID: 329, Data: 8B B1 80 8 11 45 1F 26 
ID: 316, Data: 845 4A 25 2D 48 20 3D 7D 
ID: 316, Data: 845 4A 3F 2D 48 20 3D 7D 
ID: 43F, Data: 843 48 60 FF 75 F8 2B 0 
ID: 316, Data: 845 4B 74 2D 48 20 3D 7D 
ID: 153, Data: 80 0 0 FF 0 FF 0 0 
ID: 280, Data: 830 0 88 B1 5B 2D 67 6D 
ID: 316, Data: 845 4D A9 2D 48 20 3D 7D 
ID: 43F, Data: 843 48 60 FF 75 48 2C 0 
ID: 316, Data: 845 4D DF 2D 47 20 3D 7D 
ID: 153, Data: 80 0 0 FF 0 FF 0 0 
ID: 43F, Data: 843 48 60 FF 75 6C 2C 0 
ID: 316, Data: 845 4E FA 2D 47 20 3D 7D 
ID: 18F, Data: 8AA 44 0 0 0 0 0 0 
ID: 153, Data: 80 0 0 FF 0 FF 0 0 
ID: 316, Data: 845 4E 30 2E 47 20 3E 7D 
ID: 43F, Data: 843 48 60 FF 75 B0 2C 0 
ID: 316, Data: 845 4E 4B 2E 47 20 3E 7D 
ID: 153, Data: 80 0 0 FF 0 FF 0 0 
ID: 316, Data: 845 4D 4B 2E 47 20 3E 7D 
ID: 316, Data: 845 4D 67 2E 47 20 3E 7D 
ID: 43F, Data: 843 48 60 FF 75 FC 2C 0 
ID: 316, Data: 845 4D 82 2E 47 20 3E 7D 
ID: 43F, Data: 843 48 60 FF 75 20 2D 0 
ID: 316, Data: 845 4D 9E 2E 45 20 3E 7D 
ID: 316, Data: 845 4D 9E 2E 3A 20 3E 7D 
ID: 280, Data: 830 0 88 B1 5D 2B 67 69 
ID: 43F, Data: 843 48 60 FF 75 44 2D 0 
ID: 280, Data: 830 0 88 B1 5C 27 67 60 
ID: 1F0, Data: 8FA 3F F9 BF 0 0 0 0 
ID: 329, Data: 884 B1 80 8 11 38 0 26 
ID: 2A0, Data: 8E0 17 67 18 31 0 10 0 
ID: 43F, Data: 843 48 60 FF 75 30 2D 0 
ID: 370, Data: 8FF E0 F0 FF FF FF FF FF 
ID: A0, Data: 820 7D 74 2D 3F 2D 2 0 
ID: 153, Data: 80 0 0 FF 0 FF 0 0 
ID: 316, Data: 845 1F A4 2C 18 24 3F 7D 
ID: 316, Data: 845 1E 71 2C 18 24 3F 7D 
ID: 43F, Data: 843 48 60 FF 75 24 2D 0 
ID: 316, Data: 845 1B 58 2C E 1B 3F 7D 
ID: 5F0, Data: 20 0 
ID: 316, Data: 845 18 3F 2C E 1B 3F 7D 
ID: 1F1, Data: 80 4B ED C1 1E F9 A1 1F 
ID: 260, Data: 8B 16 F 30 0 FF 89 1C 
ID: 316, Data: 845 15 92 2B F 1B 3E 7D 
ID: 1F1, Data: 80 6E EF B1 1E F5 71 1F 
ID: 1F0, Data: 8FA 3F F9 BF 0 0 0 0 
ID: 316, Data: 845 1E 2 2B F 1B 3E 7D 
ID: 440, Data: 8FE 63 3E A0 FF AA AA AA 
ID: 260, Data: 8B 1E 10 30 0 FF 77 15 
ID: 1F1, Data: 80 A2 EA 91 1E F4 31 1F 
ID: 153, Data: 80 0 0 FF 0 FF 0 0 
ID: 43F, Data: 843 48 60 FF 75 64 2C 0 
ID: 43F, Data: 843 48 60 FF 75 74 2C 0 
ID: 370, Data: 8FF E0 F0 FF FF FF FF FF 
ID: A1, Data: 888 7C 88 79 17 0 0 0 
ID: 316, Data: 85 24 BE 2C 2F 1B 3E 7D 
ID: 316, Data: 85 27 BE 2C 2F 1A 3E 7D 
ID: 43F, Data: 843 48 60 FF 75 B8 2C 0 
ID: 316, Data: 85 2B B 2D 2E 1A 3D 7D 
ID: 153, Data: 80 0 0 FF 0 FF 0 0 
ID: 153, Data: 80 0 0 FF 0 FF 0 0 
ID: 5F0, Data: 20 0 
ID: 260, Data: 8B 2D 2E 30 0 FF CF 37 
ID: 18F, Data: 8AA 43 0 0 0 0 0 0 
ID: 153, Data: 80 0 0 FF 0 FF 0 0 
ID: 18F, Data: 8AA 42 0 0 0 0 0 0 
ID: 545, Data: 8E4 82 0 8D 5C 1 5C 1 
ID: 316, Data: 85 2D F1 2C 2E 1A 3D 7D 
ID: 280, Data: 830 0 88 B1 59 1A 67 43 
ID: 370, Data: 8FF E0 F0 FF FF FF FF FF 
ID: 316, Data: 85 2C F1 2C 14 1A 3D 7D 
ID: 153, Data: 80 0 0 FF 0 FF 0 0 
ID: 153, Data: 80 0 0 FF 0 FF 0 0 
ID: 316, Data: 85 24 A4 2C E 1A 3D 7D 
ID: 5F0, Data: 20 0 
ID: 316, Data: 85 20 3F 2C E 1B 3D 7D 
ID: 153, Data: 80 0 0 FF 0 FF 0 0 
ID: 18F, Data: 8AA 41 0 0 0 0 0 0 
ID: 316, Data: 85 1E DC 2B E 1B 3D 7D 
ID: 316, Data: 85 1D DC 2B E 1B 3D 7D 
ID: 329, Data: 884 B1 80 8 11 33 0 26 
ID: 43F, Data: 843 48 60 FF 75 E0 2B 0 
ID: 43F, Data: 843 48 60 FF 75 E8 2B 0 
ID: 18F, Data: 8AA 40 0 0 0 0 0 0 
ID: 153, Data: 80 0 0 FF 0 FF 0 0 
ID: 153, Data: 80 0 0 FF 0 FF 0 0 
ID: A1, Data: 88D 7C 91 79 15 0 0 0 
ID: 280, Data: 830 0 88 B1 57 11 67 2E 
ID: 2A0, Data: 81 F 67 18 31 0 10 0 
ID: 43F, Data: 843 48 60 FF 75 D4 2B 0 
ID: 153, Data: 80 0 0 FF 0 FF 0 0 
ID: 280, Data: 830 0 88 B2 57 15 67 34 
ID: 316, Data: 85 24 D 2C 27 1A 3D 7D 
ID: 440, Data: 8FE 13 3D A0 FF AA AA AA 
ID: 316, Data: 85 25 3F 2C 26 1A 3D 7D 
ID: 153, Data: 80 0 0 FF 0 FF 0 0 
ID: 43F, Data: 843 48 60 FF 75 B8 2B 0 
ID: 43F, Data: 843 48 60 FF 75 9C 2B 0 
ID: 43F, Data: 843 48 60 FF 75 A4 2B 0 
ID: A1, Data: 887 7A 89 78 1B 0 0 0 
ID: 316, Data: 85 26 D 2C 26 1A 3C 7D 
ID: 1F1, Data: 80 8 DE B1 1D E9 91 1E 
ID: 153, Data: 80 0 0 FF 0 FF 0 0 
ID: 153, Data: 80 0 0 FF 0 FF 0 0 
ID: 43F, Data: 843 48 60 FF 75 6C 2B 0 
ID: 260, Data: 8B 27 27 30 0 FF D1 13 
ID: 153, Data: 80 0 0 FF 0 FF 0 0 
ID: 316, Data: 85 27 DC 2B 28 1A 3C 7D 
ID: 316, Data: 85 27 DC 2B 2A 1A 3C 7D 
ID: 18F, Data: 8AA 3D 0 0 0 0 0 0 
ID: 43F, Data: 843 48 60 FF 75 6C 2B 0 
ID: 43F, Data: 843 48 60 FF 75 68 2B 0 
ID: 43F, Data: 843 48 60 FF 75 58 2B 0 
ID: 153, Data: 80 0 0 FF 0 FF 0 0 
ID: 153, Data: 80 0 0 FF 0 FF 0 0 
ID: 5F0, Data: 20 0 
ID: 43F, Data: 843 48 60 FF 75 70 2B 0 
ID: 153, Data: 80 0 0 FF 0 FF 0 0 
ID: 153, Data: 80 0 0 FF 0 FF 0 0 
ID: 316, Data: 85 2E 58 2C 2F 1A 3C 7D 
ID: 370, Data: 8FF E0 F0 FF FF FF FF FF 
ID: 316, Data: 85 2E 58 2C 2F 1A 3C 7D 
ID: 153, Data: 80 0 0 FF 0 FF 0 0 
ID: 316, Data: 85 2E 3F 2C 30 1A 3C 7D 
ID: 316, Data: 85 2F 58 2C 2F 1A 3C 7D 
ID: 260, Data: 8B 2F 30 30 0 FF CF 32 
ID: 316, Data: 85 2F 58 2C 2F 1A 3C 7D 
ID: 316, Data: 85 2F 71 2C 2F 1A 3C 7D 
ID: 153, Data: 80 0 0 FF 0 FF 0 0 
ID: 316, Data: 85 2E 58 2C 2F 1A 3C 7D 
ID: 316, Data: 85 2F 58 2C 2F 1A 3C 7D 
ID: 545, Data: 8E4 7C 0 8D 77 1 77 1 
ID: 316, Data: 85 2F 71 2C 2F 1A 3C 7D 
ID: 316, Data: 85 2F 58 2C 2F 1A 3C 7D 
ID: 260, Data: 8B 2F 33 30 0 FF CF 3F 
ID: 316, Data: 85 2F 58 2C 34 1A 3C 7D 
ID: 316, Data: 85 2F 58 2C 34 1A 3C 7D 
ID: 316, Data: 85 30 58 2C 34 1A 3C 7D 
ID: 316, Data: 85 31 71 2C 34 1A 3C 7D 
ID: 43F, Data: 843 48 60 FF 75 A4 2B 0 
ID: 43F, Data: 843 48 60 FF 75 98 2B 0 
ID: A0, Data: 836 7E 8B 2C 3D 34 2 0 
ID: 316, Data: 85 32 71 2C 34 19 3C 7D 
ID: 316, Data: 85 32 71 2C 34 19 3C 7D 
ID: 43F, Data: 843 48 60 FF 75 98 2B 0 
ID: 440, Data: 8FE 63 3C A0 FF AA AA AA 
ID: 153, Data: 80 0 0 FF 0 FF 0 0 
ID: 153, Data: 80 0 0 FF 0 FF 0 0 
ID: 316, Data: 85 33 A4 2C D 19 3C 7D 
ID: 153, Data: 80 0 0 FF 0 FF 0 0 
ID: 316, Data: 85 2C A4 2C D 1A 3C 7D 
ID: 153, Data: 80 0 0 FF 0 FF 0 0 
ID: 153, Data: 80 0 0 FF 0 FF 0 0 
ID: 43F, Data: 843 48 60 FF 75 98 2B 0 
ID: 153, Data: 80 0 0 FF 0 FF 0 0 
ID: 43F, Data: 843 48 60 FF 75 84 2B 0 
ID: 316, Data: 85 1E 62 2B E 1B 3D 7D 
ID: 260, Data: 8B 1E F 30 0 FF BF C 
ID: 5F0, Data: 20 0 
ID: 153, Data: 80 0 0 FF 0 FF 0 0 
ID: 316, Data: 85 1A 2 2B F 1B 3C 7D 
ID: A1, Data: 889 80 8C 7D 15 0 0 0 
ID: 316, Data: 85 18 2 2B F 1B 3C 7D 
ID: 153, Data: 80 0 0 FF 0 FF 0 0 
ID: 316, Data: 85 15 A4 2A F 1B 3C 7D 
ID: 153, Data: 80 0 0 FF 0 FF 0 0 
ID: 153, Data: 80 0 0 FF 0 FF 0 0 
ID: 43F, Data: 843 48 60 FF 75 F8 2A 0 
ID: 153, Data: 80 0 0 FF 0 FF 0 0 
ID: 316, Data: 85 13 C0 29 F 1A 3C 7D 
ID: 1F0, Data: 8FA 3F F9 BF 0 0 0 0 
ID: 280, Data: 830 0 88 B2 52 14 67 32 
ID: 2A0, Data: 8C1 D 67 18 31 0 10 0 
ID: 43F, Data: 843 48 60 FF 75 D0 2A 0 
ID: 370, Data: 8FF E0 F0 FF FF FF FF FF 
ID: A0, Data: 836 7E C3 2B 3C 33 2 0 
ID: 153, Data: 80 0 0 FF 0 FF 0 0 
ID: 316, Data: 85 2D 58 2C 2E 1A 3B 7D 
ID: 153, Data: 80 0 0 FF 0 FF 0 0 
ID: A0, Data: 832 7E D 2C 3C 32 2 0 
ID: 316, Data: 85 2E 62 2B 2D 19 3B 7D 
ID: 280, Data: 830 0 88 B2 56 1B 67 45 
ID: 43F, Data: 843 48 60 FF 75 C8 2A 0 
ID: 329, Data: 884 B2 80 8 11 3A 10 26 
ID: 316, Data: 85 2D 92 2B 2B 1A 3B 7D 
ID: 316, Data: 85 2D 7A 2B 2B 1A 3B 7D 
ID: 43F, Data: 843 48 60 FF 75 D0 2A 0 
ID: 43F, Data: 843 48 60 FF 75 D4 2A 0 
ID: A1, Data: 888 7A 8A 78 20 0 0 0 
ID: 153, Data: 80 0 0 FF 0 FF 0 0 
ID: 316, Data: 85 2B 92 2B 2B 1A 3B 7D 
ID: 153, Data: 80 0 0 FF 0 FF 0 0 
ID: 280, Data: 830 0 88 B2 56 19 67 3F 
ID: 5F0, Data: 20 0 
ID: A1, Data: 888 7A 8B 78 1E 0 0 0 
ID: 43F, Data: 843 48 60 FF 76 D0 2A 0 
ID: A0, Data: 82E 7E 62 2B 3C 31 2 0 
ID: 43F, Data: 843 48 60 FF 75 D0 2A 0 
ID: 43F, Data: 843 48 60 FF 75 C8 2A 0 
ID: A1, Data: 888 7A 8B 78 1E 0 0 0 
ID: 316, Data: 85 2A 7A 2B 2B 1A 3B 7D 
ID: 153, Data: 80 0 0 FF 0 FF 0 0 
ID: 1F1, Data: 80 91 D3 61 1D E0 31 1E 
ID: A0, Data: 82F 7E 7A 2B 3C 31 2 0 
ID: 43F, Data: 843 48 60 FF 75 D0 2A 0 
ID: 316, Data: 85 2B 62 2B 2E 1A 3B 7D 
ID: 43F, Data: 843 48 60 FF 75 CC 2A 0 
ID: 316, Data: 85 2C 62 2B 2E 1A 3B 7D 
ID: A0, Data: 830 7E 62 2B 3C 32 2 0 
ID: 43F, Data: 843 48 60 FF 75 DC 2A 0 
ID: 43F, Data: 843 48 60 FF 75 D8 2A 0 
ID: A0, Data: 831 7E 7A 2B 3C 32 2 0 
ID: 316, Data: 85 2E 92 2B 2E 1A 3B 7D 
ID: 316, Data: 85 2E AB 2B 2E 1A 3B 7D 
ID: 43F, Data: 843 48 60 FF 75 DC 2A 0 
ID: 316, Data: 85 2E AB 2B 2E 1A 3B 7D 
ID: 153, Data: 80 0 0 FF 0 FF 0 0 
ID: 153, Data: 80 0 0 FF 0 FF 0 0 
ID: 316, Data: 85 2E AB 2B 2E 1A 3B 7D 
ID: 153, Data: 80 0 0 FF 0 FF 0 0 
ID: 316, Data: 85 2E 92 2B 2E 1A 3B 7D 
ID: 153, Data: 80 0 0 FF 0 FF 0 0 
ID: 545, Data: 8E4 78 0 8D 69 1 69 1 
ID: 316, Data: 85 2E AB 2B 2E 1A 3C 7D 
ID: 329, Data: 884 B2 80 8 11 3B 12 26 
ID: 316, Data: 85 2E AB 2B 2E 1A 3B 7D 
ID: 316, Data: 85 2E AB 2B 2E 1A 3C 7D 
ID: 43F, Data: 843 48 60 FF 75 D4 2A 0 
ID: 316, Data: 85 2D AB 2B 18 1A 3B 7D 
ID: 153, Data: 80 0 0 FF 0 FF 0 0 
ID: 153, Data: 80 0 0 FF 0 FF 0 0 
ID: 1F1, Data: 80 E5 D7 81 1D E1 21 1E 
ID: 153, Data: 80 0 0 FF 0 FF 0 0 
ID: 316, Data: 85 22 2 2B 10 1A 3C 7D 
ID: 153, Data: 80 0 0 FF 0 FF 0 0 
ID: 316, Data: 85 20 BC 2A 11 1A 3C 7D 
ID: 316, Data: 85 1F BC 2A 1D 1A 3B 7D 
ID: A0, Data: 81E 7E BC 2A 3C 2B 2 0 
ID: 316, Data: 85 20 8D 2A 2C 1A 3B 7D 
ID: 316, Data: 85 20 76 2A 2C 1A 3B 7D 
ID: 43F, Data: 843 48 60 FF 75 A0 2A 0 
ID: 316, Data: 85 24 D3 2A 2C 1A 3B 7D 
ID: 153, Data: 80 0 0 FF 0 FF 0 0 
ID: 316, Data: 85 28 4A 2B 2B 1A 3B 7D 
ID: 153, Data: 80 0 0 FF 0 FF 0 0 
ID: 316, Data: 85 2A 62 2B 2C 1A 3B 7D 
ID: 316, Data: 85 2A 4A 2B 2D 1A 3B 7D 
ID: A1, Data: 884 7A 86 78 1D 0 0 0 
ID: 440, Data: 8FE B3 3B A0 FF AA AA AA 
ID: 43F, Data: 843 48 60 FF 75 98 2A 0 
ID: 153, Data: 80 0 0 FF 0 FF 0 0 
ID: 316, Data: 85 2D 4A 2B 2F 1A 3B 7D 
ID: 153, Data: 80 0 0 FF 0 FF 0 0 
ID: 316, Data: 85 2D 62 2B 31 1A 3B 7D 
ID: 316, Data: 85 2E 4A 2B 32 19 3B 7D 
ID: 43F, Data: 843 48 60 FF 75 AC 2A 0 
ID: 43F, Data: 843 48 60 FF 75 B0 2A 0 
ID: 2A0, Data: 81 E 67 18 31 0 10 0 
ID: 316, Data: 85 30 92 2B 32 19 3B 7D 
ID: 316, Data: 85 31 92 2B 32 19 3B 7D 
ID: A0, Data: 835 7E 92 2B 3C 33 2 0 
ID: 43F, Data: 843 48 60 FF 75 AC 2A 0 
ID: 43F, Data: 843 48 60 FF 75 B0 2A 0 
ID: 18F, Data: 8AA 37 0 0 0 0 0 0 
ID: 316, Data: 85 32 AB 2B 32 19 3B 7D 
ID: 5F0, Data: 20 0 
ID: 316, Data: 85 32 C3 2B 32 19 3B 7D 
ID: 316, Data: 85 31 DC 2B 32 19 3B 7D 
ID: 316, Data: 85 32 C3 2B 32 19 3B 7D 
ID: 316, Data: 85 32 C3 2B 32 19 3B 7D 
ID: 43F, Data: 843 48 60 FF 75 E0 2A 0 
ID: 43F, Data: 843 48 60 FF 75 E0 2A 0 
ID: A1, Data: 887 7A 89 78 23 0 0 0 
ID: 153, Data: 80 0 0 FF 0 FF 0 0 
ID: 316, Data: 85 32 F4 2B 32 19 3B 7D 
ID: 153, Data: 80 0 0 FF 0 FF 0 0 
ID: 316, Data: 85 32 DC 2B 32 19 3C 7D 
ID: 316, Data: 85 32 DC 2B 32 19 3C 7D 
ID: A0, Data: 835 7E DC 2B 3C 33 2 0 
ID: 316, Data: 85 31 DC 2B 32 19 3C 7D 
ID: 316, Data: 85 32 F4 2B 32 19 3C 7D 
ID: 43F, Data: 843 48 60 FF 75 14 2B 0 
ID: 316, Data: 85 31 F4 2B 32 19 3C 7D 
ID: 153, Data: 80 0 0 FF 0 FF 0 0 
ID: 316, Data: 85 32 F4 2B 32 19 3C 7D 
ID: 153, Data: 80 0 0 FF 0 FF 0 0 
ID: 316, Data: 85 31 D 2C 32 19 3C 7D 
ID: 316, Data: 85 31 D 2C 32 19 3C 7D 
ID: 545, Data: 8E4 7F 0 8D AC 1 AC 1 
ID: 43F, Data: 843 48 60 FF 75 28 2B 0 
ID: 153, Data: 80 0 0 FF 0 FF 0 0 
ID: 153, Data: 80 0 0 FF 0 FF 0 0 
ID: 316, Data: 85 31 D 2C 33 19 3C 7D 
ID: 153, Data: 80 0 0 FF 0 FF 0 0 
ID: 316, Data: 85 31 3F 2C 32 19 3C 7D 
ID: 316, Data: 85 31 26 2C 33 19 3C 7D 
ID: A0, Data: 835 7E 26 2C 3C 33 2 0 
ID: 370, Data: 8FF E0 F0 FF FF FF FF FF 
ID: 153, Data: 80 0 0 FF 0 FF 0 0 
ID: 316, Data: 85 31 3F 2C 33 19 3C 7D 
ID: 18F, Data: 8AA 36 0 0 0 0 0 0 
ID: 153, Data: 80 0 0 FF 0 FF 0 0 
ID: 1F0, Data: 8FB 3F F9 BF 0 0 0 0 
ID: A1, Data: 887 7A 87 78 23 0 0 0 
ID: 43F, Data: 843 48 60 FF 75 68 2B 0 
ID: 43F, Data: 843 48 60 FF 75 60 2B 0 
ID: 316, Data: 85 32 58 2C 34 19 3C 7D 
ID: 153, Data: 80 0 0 FF 0 FF 0 0 
ID: 153, Data: 80 0 0 FF 0 FF 0 0 
ID: 316, Data: 85 33 3F 2C 34 19 3C 7D 
ID: 153, Data: 80 0 0 FF 0 FF 0 0 
ID: 316, Data: 85 33 58 2C 34 19 3C 7D 
ID: 1F1, Data: 80 80 DB C1 1D E5 A1 1E 
ID: 280, Data: 830 0 88 B2 58 1F 67 4D 
ID: 316, Data: 85 34 58 2C 34 19 3C 7D 
ID: 329, Data: 840 B2 80 8 11 3D 17 26 
ID: 153, Data: 80 0 0 FF 0 FF 0 0 
ID: 316, Data: 85 34 3F 2C 29 19 3C 7D 
ID: 153, Data: 80 0 0 FF 0 FF 0 0 
ID: 545, Data: 8E4 89 0 8D D4 1 D4 1 
ID: 316, Data: 85 2F 3F 2C 20 19 3C 7D 
ID: 545, Data: 8E4 7A 0 8D 68 1 68 1 
ID: 316, Data: 85 2B D 2C 20 1A 3D 7D 
ID: 153, Data: 80 0 0 FF 0 FF 0 0 
ID: 260, Data: 8B 29 21 30 0 FF D0 18 
ID: 316, Data: 85 26 C3 2B 21 1A 3D 7D 
ID: A1, Data: 88B 7A 8E 78 1C 0 0 0 
ID: 43F, Data: 843 48 60 FF 75 84 2B 0 
ID: 153, Data: 80 0 0 FF 0 FF 0 0 
ID: 440, Data: 8FE 13 3C A0 FF AA AA AA 
ID: 329, Data: 8B B2 80 8 11 36 9 26 
ID: 153, Data: 80 0 0 FF 0 FF 0 0 
ID: 316, Data: 85 23 AB 2B 21 1A 3C 7D 
ID: 440, Data: 8FE 13 3C A0 FF AA AA AA 
ID: 280, Data: 830 0 88 B2 57 15 67 35 
ID: 43F, Data: 843 48 60 FF 75 80 2B 0 
ID: 2A0, Data: 81 10 67 18 31 0 10 0 
ID: 316, Data: 85 23 92 2B 21 1A 3C 7D 
ID: 316, Data: 85 22 92 2B 21 1A 3C 7D 
ID: 260, Data: 8B 23 21 30 0 FF D2 D 
ID: 43F, Data: 843 48 60 FF 75 68 2B 0 
ID: 316, Data: 85 22 92 2B 28 1A 3C 7D 
ID: 1F1, Data: 80 E6 DC E1 1D E6 61 1E 
ID: 316, Data: 85 23 92 2B 28 1A 3C 7D 
ID: A1, Data: 885 7A 88 78 19 0 0 0 
ID: 43F, Data: 843 48 60 FF 75 40 2B 0 
ID: 43F, Data: 843 48 60 FF 75 40 2B 0 
ID: 43F, Data: 843 48 60 FF 75 48 2B 0 
ID: 316, Data: 85 27 C3 2B 27 1A 3C 7D 
ID: 260, Data: 8B 27 28 30 0 FF D1 21 
ID: 43F, Data: 843 48 60 FF 75 44 2B 0 
ID: 316, Data: 85 27 AB 2B 28 1A 3C 7D 
ID: 153, Data: 80 0 0 FF 0 FF 0 0 
ID: 316, Data: 85 27 AB 2B 29 1A 3C 7D 
ID: 153, Data: 80 0 0 FF 0 FF 0 0 
ID: 1F0, Data: 8F9 3F F9 BF 0 0 0 0 
ID: 316, Data: 85 29 AB 2B 33 1A 3C 7D 
ID: 316, Data: 85 2D C3 2B 35 1A 3C 7D 
ID: 43F, Data: 843 48 60 FF 75 28 2B 0 
ID: 316, Data: 85 30 D 2C 37 1A 3C 7D 
ID: 370, Data: 8FF E0 F0 FF FF FF FF FF 
ID: 316, Data: 85 33 3F 2C 37 19 3C 7D 
ID: 260, Data: 8B 35 37 30 0 FF CE 35 
ID: 43F, Data: 843 48 60 FF 75 4C 2B 0 
ID: 316, Data: 85 37 71 2C 36 19 3C 7D 
ID: 153, Data: 80 0 0 FF 0 FF 0 0 
ID: 316, Data: 85 38 71 2C 36 19 3C 7D 
ID: 316, Data: 85 38 71 2C 36 19 3C 7D 
ID: 260, Data: 8B 39 36 30 0 FF CC 34 
ID: 43F, Data: 843 48 60 FF 75 60 2B 0 
ID: 316, Data: 85 38 71 2C 36 19 3C 7D 
ID: 5F0, Data: 20 0 
ID: 316, Data: 85 36 71 2C 36 19 3C 7D 
ID: 316, Data: 85 36 8B 2C 36 19 3C 7D 
ID: 370, Data: 8FF E0 F0 FF FF FF FF FF 
ID: 153, Data: 80 0 0 FF 0 FF 0 0 
ID: 153, Data: 80 0 0 FF 0 FF 0 0 
ID: 2A0, Data: 8A1 12 67 18 31 0 10 0 
ID: 316, Data: 85 35 8B 2C 36 19 3C 7D 
ID: A1, Data: 886 7A 87 78 26 0 0 0 
ID: 153, Data: 80 0 0 FF 0 FF 0 0 
ID: 316, Data: 85 35 A4 2C 36 19 3C 7D 
ID: 153, Data: 80 0 0 FF 0 FF 0 0 
ID: 316, Data: 85 35 A4 2C 36 19 3C 7D 
ID: 316, Data: 85 35 BE 2C 36 19 3C 7D 
ID: A0, Data: 839 7E BE 2C 3D 35 2 0 
ID: 43F, Data: 843 48 60 FF 75 C0 2B 0 
ID: 316, Data: 85 35 D7 2C 36 19 3D 7D 
ID: 260, Data: 8B 36 36 30 0 FF CD 27 
ID: 316, Data: 85 35 BE 2C 31 19 3D 7D 
ID: 2A0, Data: 8A1 13 67 18 31 0 10 0 
ID: 43F, Data: 843 48 60 FF 75 E4 2B 0 
ID: 43F, Data: 843 48 60 FF 75 E8 2B 0 
ID: A1, Data: 885 7A 87 78 26 0 0 0 
ID: 316, Data: 85 33 F1 2C 2D 19 3D 7D 
ID: 316, Data: 85 31 F1 2C 2D 19 3D 7D 
ID: 43F, Data: 843 48 60 FF 75 F4 2B 0 
ID: 43F, Data: 843 48 60 FF 75 0 2C 0 
ID: 5F0, Data: 20 0 
ID: 316, Data: 85 2F D7 2C 2E 1A 3D 7D 
ID: 153, Data: 80 0 0 FF 0 FF 0 0 
ID: 316, Data: 85 2E F1 2C 28 1A 3D 7D 
ID: 316, Data: 85 2E D7 2C 26 1A 3D 7D 
ID: 260, Data: 8B 2E 25 30 0 FF CF 2 
ID: 316, Data: 85 2C BE 2C 25 1A 3D 7D 
ID: 316, Data: 85 2B A4 2C 25 1A 3D 7D 
ID: 1F1, Data: 80 D5 E4 51 1E F0 11 1F 
ID: 316, Data: 85 29 A4 2C 2B 1A 3D 7D 
ID: A1, Data: 886 7A 88 78 1E 0 0 0 
ID: 316, Data: 85 28 8B 2C 2D 1A 3D 7D 
ID: 316, Data: 85 29 8B 2C 2D 1A 3D 7D 
ID: 260, Data: 8B 2A 2E 30 0 FF D1 37 
ID: 43F, Data: 843 48 60 FF 75 38 2C 0 
ID: 329, Data: 8B B2 80 8 11 3B 11 26 
ID: 316, Data: 85 2C BE 2C 2A 1A 3D 7D 
ID: 316, Data: 85 2C D7 2C 2A 1A 3D 7D 
ID: A1, Data: 884 7A 86 78 1F 0 0 0 
ID: 43F, Data: 843 48 60 FF 75 38 2C 0 
ID: 43F, Data: 843 48 60 FF 75 3C 2C 0 
ID: 440, Data: 8FE C3 3D A0 FF AA AA AA 
ID: 316, Data: 85 2A D7 2C 2F 1A 3D 7D 
ID: A0, Data: 82D 7E D7 2C 3E 31 2 0 
ID: 316, Data: 85 2B D7 2C 33 1A 3D 7D 
ID: 316, Data: 85 2D D7 2C 34 1A 3D 7D 
ID: 153, Data: 80 0 0 FF 0 FF 0 0 
ID: 316, Data: 85 30 B 2D 35 1A 3D 7D 
ID: 153, Data: 80 0 0 FF 0 FF 0 0 
ID: 153, Data: 80 0 0 FF 0 FF 0 0 
ID: 316, Data: 85 33 3F 2D 35 1A 3D 7D 
ID: 370, Data: 8FF E0 F0 FF FF FF FF FF 
ID: 316, Data: 85 34 3F 2D 34 19 3D 7D 
ID: 153, Data: 80 0 0 FF 0 FF 0 0 
ID: 153, Data: 80 0 0 FF 0 FF 0 0 
ID: 316, Data: 85 35 8E 2D 34 19 3D 7D 
ID: 153, Data: 80 0 0 FF 0 FF 0 0 
ID: 545, Data: 8E4 9D 0 8D EB 1 EB 1 
ID: 316, Data: 85 35 74 2D 34 19 3E 7D 
ID: 545, Data: 8E4 9A 0 8D E7 1 E7 1 
ID: 1F1, Data: 80 6C E5 91 1E F4 41 1F 
ID: 153, Data: 80 0 0 FF 0 FF 0 0 
ID: 43F, Data: 843 48 60 FF 75 A0 2C 0 
ID: 316, Data: 85 33 8E 2D 34 19 3E 7D 
ID: 5F0, Data: 20 0 
ID: 316, Data: 85 34 A9 2D 34 19 3E 7D 
ID: 316, Data: 85 34 A9 2D 34 19 3E 7D 
ID: 153, Data: 80 0 0 FF 0 FF 0 0 
ID: 153, Data: 80 0 0 FF 0 FF 0 0 
ID: 43F, Data: 843 48 60 FF 75 BC 2C 0 
ID: 153, Data: 80 0 0 FF 0 FF 0 0 
ID: 43F, Data: 843 48 60 FF 75 C8 2C 0 
ID: 43F, Data: 843 48 60 FF 75 D8 2C 0 
ID: 329, Data: 884 B2 80 8 11 3E 19 26 
ID: 316, Data: 85 33 C4 2D 34 19 3E 7D 
ID: 316, Data: 85 33 DF 2D 34 19 3E 7D 
ID: 43F, Data: 843 48 60 FF 75 F0 2C 0 
ID: 43F, Data: 843 48 60 FF 75 FC 2C 0 
ID: A1, Data: 885 7A 87 78 25 0 0 0 
ID: 316, Data: 85 33 FA 2D 34 19 3E 7D 
ID: 316, Data: 85 33 FA 2D 34 19 3E 7D 
ID: A0, Data: 837 7E FA 2D 3F 35 2 0 
ID: 43F, Data: 843 48 60 FF 75 10 2D 0 
ID: 370, Data: 8FF E0 F0 FF FF FF FF FF 
ID: 153, Data: 80 0 0 FF 0 FF 0 0 
ID: 329, Data: 8B B2 80 8 11 3E 19 26 
ID: 153, Data: 80 0 0 FF 0 FF 0 0 
ID: 260, Data: 8B 33 34 30 0 FF CD 2C 
ID: 316, Data: 85 33 30 2E 34 19 3F 7D 
ID: 260, Data: 8B 34 34 30 0 FF CD D 
ID: 316, Data: 85 33 15 2E 34 19 3F 7D 
ID: 316, Data: 85 33 15 2E 34 19 3F 7D 
ID: 370, Data: 8FF DE F0 FF FF FF FF FF 
ID: 316, Data: 85 33 15 2E 3D 23 3F 7D 
ID: 153, Data: 80 0 0 FF 0 FF 0 0 
ID: 43F, Data: 843 48 60 FF 75 54 2D 0 
ID: 153, Data: 80 0 0 FF 0 FF 0 0 
ID: 1F1, Data: 80 29 F2 1 1F FE E1 1F 
ID: 316, Data: 85 3D BA 2E 3C 22 3F 7D 
ID: A1, Data: 884 7B 82 7A 2B 0 0 0 
ID: 316, Data: 85 3E 82 2E 3C 22 3F 7D 
ID: 440, Data: 8FE 13 3F A0 FF AA AA AA 
ID: 18F, Data: 8AA 35 0 0 0 0 0 0 
ID: 316, Data: 85 3F 67 2E 3C 22 3F 7D 
ID: 153, Data: 80 0 0 FF 0 FF 0 0 
ID: 280, Data: 830 0 88 B2 5C 25 67 5E 
ID: 316, Data: 845 3E DF 2D 3C 22 3F 7D 
ID: 43F, Data: 843 48 60 FF 75 BC 2D 0 
ID: 5F0, Data: 20 0 
ID: 153, Data: 80 0 0 FF 0 FF 0 0 
ID: 153, Data: 80 0 0 FF 0 FF 0 0 
ID: 329, Data: 8B B2 80 8 11 42 19 26 
ID: 316, Data: 845 3E 82 2E 3C 22 3F 7D 
ID: 18F, Data: 8AA 35 0 0 0 0 0 0 
ID: 153, Data: 80 0 0 FF 0 FF 0 0 
ID: 316, Data: 845 3D 9E 2E 3C 22 40 7D 
ID: 5F0, Data: 20 0 
ID: 316, Data: 845 3D 9E 2E 3C 22 40 7D 
ID: 1F0, Data: 8F9 3F F9 BF 0 0 0 0 
ID: 316, Data: 845 3D 9E 2E 39 22 40 7D 
ID: 153, Data: 80 0 0 FF 0 FF 0 0 
ID: 329, Data: 840 B2 80 8 11 41 12 26 
ID: 316, Data: 845 3C 9E 2E 32 22 40 7D 
ID: 153, Data: 80 0 0 FF 0 FF 0 0 
ID: 316, Data: 845 3A 9E 2E 33 22 40 7D 
ID: 316, Data: 845 38 9E 2E 33 22 40 7D 
ID: 43F, Data: 843 48 60 FF 75 30 2E 0 
ID: 316, Data: 845 36 82 2E 33 23 40 7D 
ID: 153, Data: 80 0 0 FF 0 FF 0 0 
ID: 316, Data: 845 35 9E 2E 33 23 40 7D 
ID: 316, Data: 845 35 9E 2E 33 23 40 7D 
ID: 370, Data: 8FF DE F0 FF FF FF FF FF 
ID: 316, Data: 845 34 9E 2E 33 23 40 7D 
ID: 1F1, Data: 80 D4 FE B1 1F 4 72 20 
ID: 545, Data: 8E4 A4 0 8D 25 1 25 1 
ID: 316, Data: 845 33 9E 2E 39 23 40 7D 
ID: 1F0, Data: 8FA 3F F9 BF 0 0 0 0 
ID: 260, Data: 8B 34 3B 30 0 FF CC 25 
ID: 153, Data: 80 0 0 FF 0 FF 0 0 
ID: 153, Data: 80 0 0 FF 0 FF 0 0 
ID: 43F, Data: 843 48 60 FF 75 60 2E 0 
ID: A1, Data: 883 7A 81 78 28 0 0 0 
ID: 316, Data: 845 39 F2 2E 3A 22 40 7D 
ID: 316, Data: 845 3A F2 2E 3A 22 40 7D 
ID: 43F, Data: 843 48 60 FF 75 60 2E 0 
ID: 316, Data: 845 3A F2 2E 3A 22 40 7D 
ID: 153, Data: 80 0 0 FF 0 FF 0 0 
ID: 316, Data: 845 3B D6 2E 3B 22 40 7D 
ID: 316, Data: 845 3B D6 2E 3C 22 40 7D 
ID: 440, Data: 8FE C3 40 A0 FF AA AA AA 
ID: 316, Data: 845 3C D6 2E 3D 22 40 7D 
ID: 43F, Data: 843 48 60 FF 75 8C 2E 0 
ID: 545, Data: 8E4 C4 0 8D C2 1 C2 1 
ID: 316, Data: 845 3B D6 2E 3D 22 41 7D 
ID: 316, Data: 845 3C F2 2E 3D 22 41 7D 
ID: 43F, Data: 843 48 60 FF 75 AC 2E 0 
ID: 316, Data: 845 3D F 2F 3E 22 41 7D 
ID: 153, Data: 80 0 0 FF 0 FF 0 0 
ID: 153, Data: 80 0 0 FF 0 FF 0 0 
ID: 316, Data: 845 3F 2B 2F 3E 22 41 7D 
ID: 153, Data: 80 0 0 FF 0 FF 0 0 
ID: 280, Data: 830 0 88 B2 5E 26 67 61 
ID: 316, Data: 845 41 48 2F 3F 22 41 7D 
ID: 43F, Data: 843 48 60 FF 75 F4 2E 0 
ID: 43F, Data: 843 48 60 FF 75 FC 2E 0 
ID: 153, Data: 80 0 0 FF 0 FF 0 0 
ID: 316, Data: 845 41 48 2F 45 22 41 7D 
ID: 316, Data: 845 43 64 2F 46 22 41 7D 
ID: A0, Data: 848 7E 48 2F 42 3A 2 0 
ID: 43F, Data: 843 48 60 FF 75 30 2F 0 
ID: 370, Data: 8FF DD F0 FF FF FF FF FF 
ID: 153, Data: 80 0 0 FF 0 FF 0 0 
ID: 329, Data: 840 B2 80 8 11 47 21 26 
ID: 316, Data: 845 4A BB 2F 47 21 41 7D 
ID: 43F, Data: 843 48 60 FF 75 68 2F 0 
ID: 43F, Data: 843 48 60 FF 75 84 2F 0 
ID: 153, Data: 80 0 0 FF 0 FF 0 0 
ID: 316, Data: 845 4B D8 2F 47 21 42 7D 
ID: 153, Data: 80 0 0 FF 0 FF 0 0 
ID: 260, Data: 8B 4C 48 30 0 FF C0 2A 
ID: 316, Data: 845 4C F6 2F 47 21 42 7D 
ID: 153, Data: 80 0 0 FF 0 FF 0 0 
ID: 43F, Data: 843 48 60 FF 75 D0 2F 0 
ID: 1F1, Data: 80 6C D E2 20 18 B2 21 
ID: 280, Data: 830 0 88 B2 60 2D 67 6D 
ID: 370, Data: 8FF DE F0 FF FF FF FF FF 
ID: 316, Data: 845 4B 6D 30 47 21 42 7D 
ID: 43F, Data: 843 48 60 FF 75 24 30 0 
ID: 370, Data: 8FF DD F0 FF FF FF FF FF 
ID: 153, Data: 80 0 0 FF 0 FF 0 0 
ID: 260, Data: 8B 4B 47 30 0 FF C0 1D 
ID: 316, Data: 845 4B A9 30 47 21 43 7D 
ID: 18F, Data: 8AA 3F 0 0 0 0 0 0 
ID: 43F, Data: 843 48 60 FF 75 80 30 0 
ID: 153, Data: 80 0 0 FF 0 FF 0 0 
ID: 2A0, Data: 861 19 67 18 31 0 10 0 
ID: 316, Data: 845 45 23 31 3E 22 43 7D 
ID: A0, Data: 84C 7E 5 31 44 3B 2 0 
ID: 316, Data: 845 43 5 31 3E 22 43 7D 
ID: 316, Data: 845 42 E6 30 3E 22 43 7D 
ID: 43F, Data: 843 48 60 FF 75 B4 30 0 
ID: 316, Data: 845 41 23 31 43 22 44 7D 
ID: 43F, Data: 843 48 60 FF 75 C8 30 0 
ID: 316, Data: 845 41 42 31 45 22 44 7D 
ID: 153, Data: 80 0 0 FF 0 FF 0 0 
ID: 316, Data: 845 44 A0 31 44 22 44 7D 
ID: 43F, Data: 843 48 60 FF 75 0 31 0 
ID: 153, Data: 80 0 0 FF 0 FF 0 0 
ID: 316, Data: 845 47 C0 31 44 22 44 7D 
ID: 316, Data: 845 47 E0 31 44 22 44 7D 
ID: 2A0, Data: 861 1A 67 18 31 0 10 0 
ID: 43F, Data: 843 48 60 FF 75 38 31 0 
ID: 329, Data: 840 B2 80 8 11 47 20 26 
ID: 153, Data: 80 0 0 FF 0 FF 0 0 
ID: 316, Data: 845 47 E0 31 44 22 44 7D 
ID: 153, Data: 80 0 0 FF 0 FF 0 0 
ID: A1, Data: 880 7B 7E 7C 32 0 0 0 
ID: 260, Data: 8B 48 44 30 0 FF C0 4 
ID: 18F, Data: 8AA 3F 0 0 0 0 0 0 
ID: 316, Data: 845 46 20 32 45 22 45 7D 
ID: 2A0, Data: 861 1B 67 18 31 0 10 0 
ID: 316, Data: 845 46 20 32 45 22 45 7D 
ID: 545, Data: 8E4 2 1 8D 76 2 76 2 
ID: 153, Data: 80 0 0 FF 0 FF 0 0 
ID: 370, Data: 8FF DD F0 FF FF FF FF FF 
ID: 153, Data: 80 0 0 FF 0 FF 0 0 
ID: 153, Data: 80 0 0 FF 0 FF 0 0 
ID: 316, Data: 845 46 60 32 42 22 45 7D 
ID: 153, Data: 80 0 0 FF 0 FF 0 0 
ID: A0, Data: 850 7E 60 32 46 3D 2 0 
ID: 2A0, Data: 861 1B 67 18 31 0 10 0 
ID: A1, Data: 881 7B 80 7C 31 0 0 0 
ID: 43F, Data: 843 48 60 FF 75 4 32 0 
ID: 43F, Data: 843 48 60 FF 75 24 32 0 
ID: 440, Data: 8FE C3 45 A0 FF AA AA AA 
ID: 153, Data: 80 0 0 FF 0 FF 0 0 
ID: 280, Data: 830 0 88 B2 64 27 67 63 
ID: 316, Data: 845 41 C2 32 3B 23 46 7D 
ID: 43F, Data: 843 48 60 FF 75 6C 32 0 
ID: 440, Data: 8FE 13 46 A0 FF AA AA AA 
ID: 153, Data: 80 0 0 FF 0 FF 0 0 
ID: 153, Data: 80 0 0 FF 0 FF 0 0 
ID: 316, Data: 845 3D E3 32 39 23 46 7D 
ID: 153, Data: 80 0 0 FF 0 FF 0 0 
ID: 280, Data: 830 0 88 B2 65 24 67 5B 
ID: 316, Data: 845 3B E3 32 39 23 46 7D 
ID: 153, Data: 80 0 0 FF 0 FF 0 0 
ID: 316, Data: 845 3B 5 33 39 23 46 7D 
ID: 153, Data: 80 0 0 FF 0 FF 0 0 
ID: 18F, Data: 8AA 40 0 0 0 0 0 0 
ID: 316, Data: 845 3A 5 33 39 23 46 7D 
ID: 153, Data: 80 0 0 FF 0 FF 0 0 
ID: 153, Data: 80 0 0 FF 0 FF 0 0 
ID: 280, Data: 830 0 88 B2 66 22 67 59 
ID: 316, Data: 845 39 26 33 39 23 46 7D 
ID: 153, Data: 80 0 0 FF 0 FF 0 0 
ID: 153, Data: 80 0 0 FF 0 FF 0 0 
ID: 316, Data: 845 39 48 33 39 23 46 7D 
ID: 153, Data: 80 0 0 FF 0 FF 0 0 
ID: 280, Data: 830 0 88 B2 66 22 67 59 
ID: 316, Data: 845 38 48 33 39 23 46 7D 
ID: 43F, Data: 843 48 60 FF 75 E0 32 0 
ID: 370, Data: 8FF DD F0 FF FF FF FF FF 
ID: 153, Data: 80 0 0 FF 0 FF 0 0 
ID: 316, Data: 845 39 48 33 35 23 47 7D 
ID: 316, Data: 845 38 69 33 35 23 47 7D 
ID: 43F, Data: 843 48 60 FF 75 F0 32 0 
ID: 316, Data: 845 37 48 33 35 24 47 7D 
ID: 153, Data: 80 0 0 FF 0 FF 0 0 
ID: 153, Data: 80 0 0 FF 0 FF 0 0 
ID: 316, Data: 845 36 26 33 35 24 47 7D 
ID: 153, Data: 80 0 0 FF 0 FF 0 0 
ID: 260, Data: 8B 36 36 30 0 FF C7 3C 
ID: 316, Data: 845 35 69 33 35 24 47 7D 
ID: 18F, Data: 8AA 40 0 0 0 0 0 0 
ID: 5A0, Data: 80 0 0 90 0 0 0 0 
ID: 153, Data: 80 0 0 FF 0 FF 0 0 
ID: 153, Data: 80 0 0 FF 0 FF 0 0 
ID: 370, Data: 8FF DB F0 FF FF FF FF FF 
ID: 316, Data: 845 35 48 33 35 24 47 7D 
ID: 153, Data: 80 0 0 FF 0 FF 0 0 
ID: 545, Data: 8E4 C7 0 8D 28 1 28 1 
ID: 316, Data: 845 35 69 33 35 24 47 7D 
ID: 280, Data: 830 0 88 B2 66 1F 67 52 
ID: 316, Data: 845 34 69 33 35 24 47 7D 
ID: 545, Data: 8E4 C8 0 8D 2F 1 2F 1 
ID: 153, Data: 80 0 0 FF 0 FF 0 0 
ID: 316, Data: 845 35 8B 33 35 24 47 7D 
ID: 1F0, Data: 8FA 3F F9 BF 0 0 0 0 
ID: 18F, Data: 8AA 40 0 0 0 0 0 0 
ID: 153, Data: 80 0 0 FF 0 FF 0 0 
ID: 2A0, Data: 8A1 19 67 18 31 0 10 0 
ID: 43F, Data: 843 48 60 FF 75 48 33 0 
ID: 370, Data: 8FF DB F0 FF FF FF FF FF 
ID: 153, Data: 80 0 0 FF 0 FF 0 0 
ID: 153, Data: 80 0 0 FF 0 FF 0 0 
ID: 316, Data: 845 35 8B 33 35 24 47 7D 
ID: 316, Data: 845 34 8B 33 35 24 47 7D 
ID: 153, Data: 80 0 0 FF 0 FF 0 0 
ID: 280, Data: 830 0 88 B2 67 1D 67 4F 
ID: 316, Data: 845 2F 69 33 2C 1A 47 7D 
ID: 43F, Data: 843 48 60 FF 75 30 33 0 
ID: 316, Data: 845 2E 48 33 2C 1B 47 7D 
ID: 153, Data: 80 0 0 FF 0 FF 0 0 
ID: 316, Data: 845 2C 69 33 2C 1B 47 7D 
ID: 316, Data: 845 2C 69 33 2C 1B 47 7D 
ID: A1, Data: 884 7A 80 78 22 0 0 0 
ID: 153, Data: 80 0 0 FF 0 FF 0 0 
ID: 316, Data: 85 2B 8B 33 2C 1B 47 7D 
ID: 153, Data: 80 0 0 FF 0 FF 0 0 
ID: 153, Data: 80 0 0 FF 0 FF 0 0 
ID: 329, Data: 8B B2 80 8 11 3D 15 26 
ID: 316, Data: 85 2B 69 33 2C 1B 47 7D 
ID: 260, Data: 8B 2B 2D 30 0 FF CD F 
ID: 153, Data: 80 0 0 FF 0 FF 0 0 
ID: 316, Data: 85 2B 8B 33 2C 1B 47 7D 
ID: 153, Data: 80 0 0 FF 0 FF 0 0 
ID: 280, Data: 830 0 88 B2 67 19 66 43 
ID: 5F0, Data: 20 0 
ID: 153, Data: 80 0 0 FF 0 FF 0 0 
ID: 260, Data: 8B 2A 2A 30 0 FF CD 21 
ID: 1F0, Data: 8F9 3F F9 BF 0 0 0 0 
ID: 153, Data: 80 0 0 FF 0 FF 0 0 
ID: 153, Data: 80 0 0 FF 0 FF 0 0 
ID: A0, Data: 82E 7E 8B 33 48 33 2 0 
ID: 43F, Data: 843 48 60 FF 76 30 33 0 
ID: 260, Data: 8B 26 22 30 0 FF CF D 
ID: 316, Data: 85 24 8B 33 22 1B 47 7D 
ID: 153, Data: 80 0 0 FF 0 FF 0 0 
ID: 43F, Data: 843 48 60 FF 75 4 33 0 
ID: 545, Data: 8E4 88 0 8D 84 0 84 0 
ID: 153, Data: 80 0 0 FF 0 FF 0 0 
ID: 316, Data: 85 23 69 33 22 1C 47 7D 
ID: 153, Data: 80 0 0 FF 0 FF 0 0 
ID: 316, Data: 85 22 48 33 22 1C 47 7D 
ID: 153, Data: 80 0 0 FF 0 FF 0 0 
ID: 545, Data: 8E4 7F 0 8D 7B 0 7B 0 
ID: 316, Data: 85 23 48 33 22 1C 47 7D 
ID: 329, Data: 8B B2 80 8 11 3A C 26 
ID: 43F, Data: 843 48 60 FF 75 F4 32 0 
ID: 316, Data: 85 23 26 33 23 1C 47 7D 
ID: 18F, Data: 8AA 3D 0 0 0 0 0 0 
ID: 316, Data: 85 23 26 33 28 1C 47 7D 
ID: 43F, Data: 843 48 60 FF 75 E0 32 0 
ID: 316, Data: 85 23 5 33 2A 1B 47 7D 
ID: 153, Data: 80 0 0 FF 0 FF 0 0 
ID: 153, Data: 80 0 0 FF 0 FF 0 0 
ID: 316, Data: 85 28 48 33 2B 1B 47 7D 
ID: 18F, Data: 8AA 3C 0 0 0 0 0 0 
ID: 316, Data: 85 28 48 33 2A 1B 47 7D 
ID: 153, Data: 80 0 0 FF 0 FF 0 0 
ID: 153, Data: 80 0 0 FF 0 FF 0 0 
ID: 316, Data: 85 29 69 33 2D 1B 46 7D 
ID: 43F, Data: 843 48 60 FF 75 B4 32 0 
ID: 329, Data: 8B B2 80 8 11 3D 16 26 
ID: 153, Data: 80 0 0 FF 0 FF 0 0 
ID: 153, Data: 80 0 0 FF 0 FF 0 0 
ID: 316, Data: 85 2B 69 33 31 1B 46 7D 
ID: 153, Data: 80 0 0 FF 0 FF 0 0 
ID: 316, Data: 85 2D 69 33 32 1B 46 7D 
ID: 153, Data: 80 0 0 FF 0 FF 0 0 
ID: 545, Data: 8E4 B3 0 8D 62 1 62 1 
ID: 316, Data: 85 30 8B 33 33 1B 46 7D 
ID: 545, Data: 8E4 BE 0 8D 8D 1 8D 1 
ID: 316, Data: 85 31 AD 33 34 1A 46 7D 
ID: 316, Data: 85 32 AD 33 34 1A 46 7D 
ID: 545, Data: 8E4 CC 0 8D AD 1 AD 1 
ID: 43F, Data: 843 48 60 FF 75 F0 32 0 
ID: 440, Data: 8FE 63 46 A0 FF AA AA AA 
ID: 153, Data: 80 0 0 FF 0 FF 0 0 
ID: 316, Data: 85 33 D0 33 33 1A 47 7D 
ID: 153, Data: 80 0 0 FF 0 FF 0 0 
ID: 260, Data: 8B 34 34 30 0 FF C8 3F 
ID: 316, Data: 85 34 D0 33 34 1A 47 7D 
ID: A1, Data: 883 7B 85 79 26 0 0 0 
ID: 43F, Data: 843 48 60 FF 76 4 33 0 
ID: 153, Data: 80 0 0 FF 0 FF 0 0 
ID: 329, Data: 8ED B2 80 8 11 41 1E 26 
ID: 316, Data: 85 34 15 34 37 1A 47 7D 
ID: A1, Data: 880 7B 81 79 26 0 0 0 
ID: 316, Data: 85 35 15 34 36 1A 47 7D 
ID: 153, Data: 80 0 0 FF 0 FF 0 0 
ID: 316, Data: 85 37 38 34 36 1A 47 7D 
ID: 260, Data: 8B 37 37 30 0 FF C6 E 
ID: 316, Data: 85 37 38 34 36 1A 47 7D 
ID: 316, Data: 85 37 38 34 36 1A 47 7D 
ID: A1, Data: 880 7B 83 79 28 0 0 0 
ID: 440, Data: 8FE C3 47 A0 FF AA AA AA 
ID: 43F, Data: 843 48 60 FF 76 3C 33 0 
ID: 153, Data: 80 0 0 FF 0 FF 0 0 
ID: 316, Data: 85 37 7E 34 36 1A 47 7D 
ID: 153, Data: 80 0 0 FF 0 FF 0 0 
ID: 316, Data: 85 37 5B 34 36 1A 47 7D 
ID: 316, Data: 85 37 5B 34 36 1A 47 7D 
ID: A0, Data: 83D 7E 5B 34 48 39 2 0 
ID: 43F, Data: 843 48 60 FF 75 78 33 0 
ID: 316, Data: 85 37 7E 34 36 1A 47 7D 
ID: 260, Data: 8B 37 37 30 0 FF C6 2C 
ID: 316, Data: 85 37 7E 34 36 1A 47 7D 
ID: A0, Data: 83D 7E 7E 34 48 39 2 0 
ID: 43F, Data: 843 48 60 FF 75 94 33 0 
ID: 43F, Data: 843 48 60 FF 75 98 33 0 
ID: 2A0, Data: 8A1 18 66 18 31 0 10 0 
ID: 316, Data: 85 36 A1 34 34 1A 47 7D 
ID: 316, Data: 85 35 C5 34 34 1A 47 7D 
ID: 43F, Data: 843 48 60 FF 75 AC 33 0 
ID: 329, Data: 840 B2 80 8 11 41 1C 26 
ID: 153, Data: 80 0 0 FF 0 FF 0 0 
ID: 316, Data: 85 35 7E 34 34 1A 48 7D 
ID: 316, Data: 85 35 A1 34 34 1A 48 7D 
ID: 280, Data: 830 0 88 B2 69 1F 66 51 
ID: 43F, Data: 843 48 60 FF 75 C8 33 0 
ID: 545, Data: 8E4 CC 0 8D D7 1 D7 1 
ID: 316, Data: 85 34 C5 34 2E 1A 48 7D 
ID: 316, Data: 85 33 A1 34 2E 1A 48 7D 
ID: A0, Data: 838 7E A1 34 48 37 2 0 
ID: 316, Data: 85 31 A1 34 2D 1A 48 7D 
ID: 316, Data: 85 30 A1 34 25 1B 48 7D 
ID: A0, Data: 834 7E 7E 34 48 36 2 0 
ID: 316, Data: 85 2A 5B 34 B 1B 48 7D 
ID: 316, Data: 85 25 38 34 C 1B 48 7D 
ID: 1F0, Data: 8F9 3F F9 BF 0 0 0 0 
ID: 1F1, Data: 80 28 39 72 23 45 62 24 
ID: 370, Data: 8FF DE F0 FF FF FF FF FF 
ID: 280, Data: 830 0 84 B2 67 11 66 30 
ID: 1F1, Data: 80 5B 36 52 23 45 52 24 
ID: 280, Data: 830 0 84 B2 66 11 66 2F 
ID: 316, Data: 85 1A 26 33 D 1C 48 7D 
ID: 2A0, Data: 8A1 15 66 18 31 0 10 0 
ID: 43F, Data: 843 48 60 FF 75 68 33 0 
ID: 316, Data: 85 1B 69 33 12 1C 48 7D 
ID: 18F, Data: 8AA 37 0 0 0 0 0 0 
ID: 316, Data: 85 1B 69 33 16 1C 47 7D 
ID: 370, Data: 8FF DE F0 FF FF FF FF FF 
ID: 316, Data: 85 1B 48 33 19 1C 47 7D 
ID: 43F, Data: 843 48 60 FF 75 48 33 0 
ID: 316, Data: 85 1B 5 33 1C 1C 47 7D 
ID: 440, Data: 8FE 13 47 A0 FF AA AA AA 
ID: 316, Data: 85 1B E3 32 1C 1C 47 7D 
ID: 43F, Data: 843 48 60 FF 75 10 33 0 
ID: 43F, Data: 843 48 60 FF 75 0 33 0 
ID: A0, Data: 81E 7E E3 32 47 2E 2 0 
ID: 153, Data: 80 0 0 FF 0 FF 0 0 
ID: 316, Data: 85 1D A2 32 22 1C 47 7D 
ID: 153, Data: 80 0 0 FF 0 FF 0 0 
ID: 316, Data: 85 1F C2 32 24 1C 47 7D 
ID: 316, Data: 85 20 5 33 26 1C 47 7D 
ID: A1, Data: 87D 7B 7A 79 19 0 0 0 
ID: 316, Data: 85 23 5 33 29 1C 47 7D 
ID: 153, Data: 80 0 0 FF 0 FF 0 0 
ID: 316, Data: 85 25 48 33 2A 1B 47 7D 
ID: 316, Data: 85 26 69 33 2B 1B 46 7D 
ID: 18F, Data: 8AA 37 0 0 0 0 0 0 
ID: 370, Data: 8FF DE F0 FF FF FF FF FF 
ID: 153, Data: 80 0 0 FF 0 FF 0 0 
ID: 280, Data: 830 0 88 B2 66 18 66 3F 
ID: 43F, Data: 843 48 60 FF 76 A8 32 0 
ID: 260, Data: 8B 29 2B 30 0 FF CF 2F 
ID: 316, Data: 85 29 26 33 2B 1B 46 7D 
ID: 2A0, Data: 8A1 13 66 18 31 0 10 0 
ID: 43F, Data: 843 48 60 FF 76 94 32 0 
ID: 43F, Data: 843 48 60 FF 75 94 32 0 
ID: 5F0, Data: 20 0 
ID: 316, Data: 85 29 5 33 2B 1B 46 7D 
ID: 153, Data: 80 0 0 FF 0 FF 0 0 
ID: 280, Data: 830 0 88 B2 66 18 66 40 
ID: 316, Data: 85 29 26 33 2B 1B 46 7D 
ID: A0, Data: 82E 7E 5 33 47 34 2 0 
ID: 316, Data: 85 29 5 33 2B 1B 46 7D 
ID: 153, Data: 80 0 0 FF 0 FF 0 0 
ID: 260, Data: 8B 29 2B 30 0 FF CE 11 
ID: 316, Data: 85 29 26 33 2B 1B 46 7D 
ID: A0, Data: 82E 7E 26 33 47 34 2 0 
ID: 316, Data: 85 29 26 33 2B 1B 46 7D 
ID: 316, Data: 85 29 26 33 2C 1B 46 7D 
ID: A1, Data: 886 7B 86 79 1F 0 0 0 
ID: 316, Data: 85 29 26 33 2D 1B 46 7D 
ID: 440, Data: 8FE C3 46 A0 FF AA AA AA 
ID: 316, Data: 85 29 26 33 2F 1B 46 7D 
ID: 316, Data: 85 29 5 33 2F 1B 46 7D 
ID: 43F, Data: 843 48 60 FF 75 8C 32 0 
ID: 316, Data: 85 2B 5 33 30 1B 46 7D 
ID: 18F, Data: 8AA 36 0 0 0 0 0 0 
ID: 316, Data: 85 2D 26 33 30 1B 46 7D 
ID: A1, Data: 886 7C 88 79 21 0 0 0 
ID: 153, Data: 80 0 0 FF 0 FF 0 0 
ID: 316, Data: 85 2E 69 33 30 1B 46 7D 
ID: 153, Data: 80 0 0 FF 0 FF 0 0 
ID: 280, Data: 830 0 88 B2 66 1C 66 49 
ID: 316, Data: 85 2F 69 33 33 1B 46 7D 
ID: A0, Data: 835 7E 69 33 47 36 2 0 
ID: 316, Data: 85 30 69 33 36 1B 46 7D 
ID: 316, Data: 85 31 69 33 36 1A 46 7D 
ID: 440, Data: 8FE 63 46 A0 FF AA AA AA 
ID: 316, Data: 85 33 8B 33 3B 1A 46 7D 
ID: 153, Data: 80 0 0 FF 0 FF 0 0 
ID: 43F, Data: 843 48 60 FF 75 C0 32 0 
ID: 1F1, Data: 80 39 2C B2 22 3A 82 23 
ID: 2A0, Data: 8A1 15 66 18 31 0 10 0 
ID: 316, Data: 85 43 5B 34 47 19 46 7D 
ID: 316, Data: 85 45 5B 34 48 19 46 7D 
ID: 43F, Data: 843 48 60 FF 75 0 33 0 
ID: 43F, Data: 843 48 60 FF 75 8 33 0 
ID: A0, Data: 854 7E 7E 34 47 3E 2 0 
ID: 316, Data: 85 4A 7E 34 48 18 47 7D 
ID: 1F1, Data: 80 90 32 F2 22 3E 2 24 
ID: 545, Data: 8E4 1D 1 8D 71 3 71 3 
ID: 5F0, Data: 20 0 
ID: 153, Data: 80 0 0 FF 0 FF 0 0 
ID: 440, Data: 8FE B3 47 A0 FF AA AA AA 
ID: 43F, Data: 843 48 60 FF 75 6C 33 0 
ID: 329, Data: 8ED B2 80 8 11 49 2A 26 
ID: 153, Data: 80 0 0 FF 0 FF 0 0 
ID: 153, Data: 80 0 0 FF 0 FF 0 0 
ID: 316, Data: 85 4B E8 34 48 18 47 7D 
ID: 153, Data: 80 0 0 FF 0 FF 0 0 
ID: 316, Data: 85 4B C 35 47 19 48 7D 
ID: 316, Data: 85 4C C 35 47 19 48 7D 
ID: 153, Data: 80 0 0 FF 0 FF 0 0 
ID: 153, Data: 80 0 0 FF 0 FF 0 0 
ID: 2A0, Data: 8C1 1A 66 18 31 0 10 0 
ID: 329, Data: 8ED B2 80 8 11 49 2A 26 
ID: 440, Data: 8FE B3 48 A0 FF AA AA AA 
ID: 316, Data: 85 4B 79 35 47 19 48 7D 
ID: 153, Data: 80 0 0 FF 0 FF 0 0 
ID: 153, Data: 80 0 0 FF 0 FF 0 0 
ID: 5F0, Data: 20 0 
ID: 153, Data: 80 0 0 FF 0 FF 0 0 
ID: 153, Data: 80 0 0 FF 0 FF 0 0 
ID: 280, Data: 830 0 88 B2 6B 2C 66 6A 
ID: 316, Data: 85 4B C3 35 4C 19 49 7D 
ID: 153, Data: 80 0 0 FF 0 FF 0 0 
ID: 153, Data: 80 0 0 FF 0 FF 0 0 
ID: 316, Data: 85 4D D 36 45 19 49 7D 
ID: 153, Data: 80 0 0 FF 0 FF 0 0 
ID: 316, Data: 85 4D 33 36 44 19 49 7D 
ID: 153, Data: 80 0 0 FF 0 FF 0 0 
ID: 316, Data: 85 4A D 36 43 19 49 7D 
ID: 316, Data: 85 49 33 36 44 19 49 7D 
ID: 260, Data: 8B 49 44 30 0 FF BD 16 
ID: 316, Data: 85 48 33 36 43 19 4A 7D 
ID: 316, Data: 85 47 33 36 43 19 4A 7D 
ID: 153, Data: 80 0 0 FF 0 FF 0 0 
ID: 316, Data: 85 46 59 36 44 19 4A 7D 
ID: 153, Data: 80 0 0 FF 0 FF 0 0 
ID: 280, Data: 830 0 88 B2 6C 29 66 64 
ID: 316, Data: 85 45 59 36 44 19 4A 7D 
ID: A1, Data: 87E 7B 7D 7C 2F 0 0 0 
ID: 316, Data: 85 45 7E 36 43 19 4A 7D 
ID: 316, Data: 85 45 A5 36 43 19 4A 7D 
ID: A0, Data: 84D 7E 7E 36 4B 3D 2 0 
ID: 316, Data: 85 45 CB 36 43 19 4A 7D 
ID: 1F1, Data: 80 28 4F F2 24 60 E2 25 
ID: 316, Data: 85 44 CB 36 43 19 4B 7D 
ID: 316, Data: 85 45 CB 36 43 19 4B 7D 
ID: A1, Data: 87E 7B 7E 7C 2F 0 0 0 
ID: 316, Data: 85 44 F1 36 43 19 4B 7D 
ID: 1F1, Data: 80 7D 53 C2 24 61 12 26 
ID: 1F0, Data: 8F5 3F F9 BF 0 0 0 0 
ID: 316, Data: 85 44 18 37 42 19 4B 7D 
ID: 153, Data: 80 0 0 FF 0 FF 0 0 
ID: 153, Data: 80 0 0 FF 0 FF 0 0 
ID: 545, Data: 8E4 C 1 8D F9 2 F9 2 
ID: 316, Data: 85 44 66 37 41 19 4B 7D 
ID: 316, Data: 85 44 3F 37 41 19 4B 7D 
ID: 43F, Data: 843 48 60 FF 75 98 36 0 
ID: 316, Data: 85 44 66 37 40 19 4C 7D 
ID: 43F, Data: 843 48 60 FF 75 B4 36 0 
ID: 316, Data: 85 43 66 37 40 19 4C 7D 
ID: A0, Data: 84C 7E 66 37 4C 3D 2 0 
ID: 43F, Data: 843 48 60 FF 75 E8 36 0 
ID: 43F, Data: 843 48 60 FF 75 E8 36 0 
ID: A1, Data: 87E 7B 80 7C 2E 0 0 0 
ID: 153, Data: 80 0 0 FF 0 FF 0 0 
ID: 316, Data: 85 42 B5 37 3C 1A 4C 7D 
ID: 153, Data: 80 0 0 FF 0 FF 0 0 
ID: 2A0, Data: 8A1 20 66 18 31 0 10 0 
ID: 316, Data: 85 3D B5 37 32 1A 4C 7D 
ID: 260, Data: 8B 3C 33 30 0 FF C1 3F 
ID: 316, Data: 85 39 66 37 33 1A 4C 7D 
ID: 316, Data: 85 37 66 37 31 1A 4C 7D 
ID: 316, Data: 85 36 66 37 31 1A 4C 7D 
ID: 316, Data: 85 35 8E 37 31 1A 4C 7D 
ID: 153, Data: 80 0 0 FF 0 FF 0 0 
ID: 316, Data: 85 32 B5 37 2E 1B 4D 7D 
ID: 153, Data: 80 0 0 FF 0 FF 0 0 
ID: 1F1, Data: 80 28 5E B2 25 6A D2 26 
ID: 316, Data: 85 2E DD 37 29 1B 4D 7D 
ID: 43F, Data: 843 48 60 FF 75 34 37 0 
ID: 316, Data: 85 2C 8E 37 2A 1B 4D 7D 
ID: A1, Data: 87D 7C 84 79 20 0 0 0 
ID: 153, Data: 80 0 0 FF 0 FF 0 0 
ID: 316, Data: 85 2A B5 37 2A 1B 4D 7D 
ID: 153, Data: 80 0 0 FF 0 FF 0 0 
ID: 329, Data: 884 B2 80 8 11 3D 15 26 
ID: 316, Data: 85 29 B5 37 2A 1B 4D 7D 
ID: 5F0, Data: 20 0 
ID: 43F, Data: 843 48 60 FF 76 30 37 0 
ID: 153, Data: 80 0 0 FF 0 FF 0 0 
ID: 545, Data: 8E4 A2 0 8D EE 0 EE 0 
ID: 316, Data: 85 29 B5 37 29 1B 4D 7D 
ID: 316, Data: 85 29 B5 37 29 1B 4D 7D 
ID: 316, Data: 85 29 B5 37 29 1B 4D 7D 
ID: 329, Data: 884 B2 80 8 11 3D 15 26 
ID: 440, Data: 8FE C3 4C A0 FF AA AA AA 
ID: 316, Data: 85 28 8E 37 2A 1B 4D 7D 
ID: 5F0, Data: 20 0 
ID: 316, Data: 85 28 8E 37 2A 1B 4D 7D 
ID: 153, Data: 80 0 0 FF 0 FF 0 0 
ID: 153, Data: 80 0 0 FF 0 FF 0 0 
ID: 18F, Data: 8AA 34 0 0 0 0 0 0 
ID: 43F, Data: 843 48 60 FF 75 30 37 0 
ID: 1F0, Data: 8F7 3F F9 BF 0 0 0 0 
ID: 2A0, Data: 8E0 1C 66 18 31 0 10 0 
ID: 5F0, Data: 20 0 
ID: 153, Data: 80 0 0 FF 0 FF 0 0 
ID: 153, Data: 80 0 0 FF 0 FF 0 0 
ID: 370, Data: 8FF DD F0 FF FF FF FF FF 
ID: 329, Data: 840 B2 80 8 11 37 0 26 
ID: 153, Data: 80 0 0 FF 0 FF 0 0 
ID: 329, Data: 884 B2 80 8 11 37 0 26 
ID: 316, Data: 85 19 59 36 C 1C 4C 7D 
ID: 2A0, Data: 8E0 19 66 18 31 0 10 0 
ID: 316, Data: 85 17 E8 35 C 1C 4C 7D 
ID: 316, Data: 85 16 9E 35 C 1C 4C 7D 
ID: 316, Data: 85 16 C3 35 C 1C 4C 7D 
ID: 153, Data: 80 0 0 FF 0 FF 0 0 
ID: 153, Data: 80 0 0 FF 0 FF 0 0 
ID: 5F0, Data: 20 0 
ID: 153, Data: 80 0 0 FF 0 FF 0 0 
ID: 153, Data: 80 0 0 FF 0 FF 0 0 
ID: 280, Data: 830 0 84 B2 6B 15 66 35 
ID: 316, Data: 85 1A C3 35 C 1C 4B 7D 
ID: 153, Data: 80 0 0 FF 0 FF 0 0 
ID: 43F, Data: 843 48 60 FF 75 8 36 0 
ID: 153, Data: 80 0 0 FF 0 FF 0 0 
ID: 153, Data: 80 0 0 FF 0 FF 0 0 
ID: 316, Data: 85 1B 9E 35 C 1C 4B 7D 
ID: 153, Data: 80 0 0 FF 0 FF 0 0 
ID: 316, Data: 85 1A C3 35 C 1C 4B 7D 
ID: 153, Data: 80 0 0 FF 0 FF 0 0 
ID: 153, Data: 80 0 0 FF 0 FF 0 0 
ID: 43F, Data: 843 48 60 FF 76 94 35 0 
ID: 43F, Data: 843 48 60 FF 75 98 35 0 
ID: 43F, Data: 843 48 60 FF 75 A4 35 0 
ID: A0, Data: 826 7E 55 35 4B 31 2 0 
ID: 153, Data: 80 0 0 FF 0 FF 0 0 
ID: 316, Data: 8D 11 E8 34 C 1C 4A 7D 
ID: 153, Data: 80 0 0 FF 0 FF 0 0 
ID: 280, Data: 830 0 20 B2 69 14 66 35 
ID: 316, Data: 8D 8 7E 34 C 1C 4A 7D 
ID: 5F0, Data: 20 0 
ID: 316, Data: 8D 4 38 34 C 1C 4A 7D 
ID: 43F, Data: 843 48 60 FF 76 14 35 0 
ID: 5F0, Data: 20 0 
ID: 316, Data: 8D 0 F2 33 C 1C 4A 7D 
ID: 316, Data: 8D 0 D0 33 C 1C 4A 7D 
ID: A0, Data: 824 7E F2 33 4A 30 4 0 
ID: 5F0, Data: 20 0 
ID: 153, Data: 80 0 0 FF 0 FF 0 0 
ID: 43F, Data: 843 48 60 FF 76 94 34 0 
ID: 5F0, Data: 20 0 
ID: 43F, Data: 843 48 60 FF 76 7C 34 0 
ID: 153, Data: 80 0 0 FF 0 FF 0 0 
ID: 260, Data: 80 0 C 30 0 FF 7D F 
ID: 316, Data: 8D 0 AD 33 C 1B 49 7D 
ID: 440, Data: 8FE 13 48 A0 FF AA AA AA 
ID: 316, Data: 8D 0 69 33 C 1B 49 7D 
ID: 153, Data: 80 0 0 FF 0 FF 0 0 
ID: 316, Data: 8D 0 26 33 C 1B 48 7D 
ID: 153, Data: 80 0 0 FF 0 FF 0 0 
ID: 316, Data: 8D 0 26 33 C 1B 48 7D 
ID: 440, Data: 8FE 13 48 A0 FF AA AA AA 
ID: 153, Data: 80 0 0 FF 0 FF 0 0 
ID: 316, Data: 8D 0 E3 32 C 1B 48 7D 
ID: 18F, Data: 8AA 34 0 0 0 0 0 0 
ID: A1, Data: 880 80 80 7D 1C 0 0 0 
ID: 43F, Data: 843 48 60 FF 76 40 33 0 
ID: 18F, Data: 8AA 34 0 0 0 0 0 0 
ID: 316, Data: 8D 0 60 32 C 1B 47 7D 
ID: 43F, Data: 843 48 60 FF 76 30 33 0 
ID: 440, Data: 8FE 13 47 A0 FF AA AA AA 
ID: 260, Data: 80 0 C 30 0 FF 7D F 
ID: 153, Data: 80 0 0 FF 0 FF 0 0 
ID: 316, Data: 8D 0 0 32 C 1B 47 7D 
ID: 153, Data: 80 0 0 FF 0 FF 0 0 
ID: 153, Data: 80 0 0 FF 0 FF 0 0 
ID: A0, Data: 826 7E 0 32 47 31 4 0 
ID: 1F1, Data: 80 A0 2C 92 22 38 82 23 
ID: 2A0, Data: 8E0 B 66 18 31 0 10 0 
ID: 43F, Data: 843 48 60 FF 76 54 32 0 
ID: 43F, Data: 843 48 60 FF 76 44 32 0 
ID: A0, Data: 827 7E 81 31 47 31 4 0 
ID: 153, Data: 80 0 0 FF 0 FF 0 0 
ID: 316, Data: 8D 0 61 31 D 1B 46 7D 
ID: 153, Data: 80 0 0 FF 0 FF 0 0 
ID: 316, Data: 8D 0 61 31 D 1B 46 7D 
ID: 316, Data: 8D 0 42 31 D 1B 46 7D 
ID: 316, Data: 8D 0 42 31 16 25 45 7D 
ID: 280, Data: 830 0 20 B2 62 15 66 3A 
ID: 153, Data: 80 0 0 FF 0 FF 0 0 
ID: 316, Data: 8D 0 5 31 16 25 45 7D 
ID: 1F1, Data: 80 5B 22 22 22 2C C2 22 
ID: 153, Data: 80 0 0 FF 0 FF 0 0 
ID: 153, Data: 80 0 0 FF 0 FF 0 0 
ID: 545, Data: 8E4 0 0 8D 6D FD 6D FD 
ID: 316, Data: 8D 0 5 31 16 25 45 7D 
ID: A0, Data: 827 7E 5 31 45 30 4 0 
ID: 153, Data: 80 0 0 FF 0 FF 0 0 
ID: 316, Data: 84D 0 8B 30 16 25 44 7D 
ID: 440, Data: 8FE 13 44 A0 FF AA AA AA 
ID: 316, Data: 84D 0 64 2F 17 24 44 7D 
ID: A1, Data: 880 80 80 7D 1C 0 0 0 
ID: 43F, Data: 843 48 60 FF 76 88 30 0 
ID: 43F, Data: 843 48 60 FF 75 74 30 0 
ID: 18F, Data: 8AA 34 0 0 0 0 0 0 
ID: 153, Data: 80 0 0 FF 0 FF 0 0 
ID: 153, Data: 80 0 0 FF 0 FF 0 0 
ID: 43F, Data: 843 48 60 FF 76 20 30 0 
ID: 2A0, Data: 840 8 66 18 31 0 10 0 
ID: 43F, Data: 843 48 60 FF 76 0 30 0 
ID: 370, Data: 8FF DE F0 FF FF FF FF FF 
ID: 545, Data: 8E4 0 0 8D 73 FD 73 FD 
ID: 153, Data: 80 0 0 FF 0 FF 0 0 
ID: 329, Data: 840 B2 80 8 11 38 0 26 
ID: 316, Data: 84D 0 BA 2E 17 24 42 7D 
ID: 316, Data: 84D 0 BA 2E 17 24 42 7D 
ID: 43F, Data: 843 48 60 FF 76 48 2F 0 
ID: 329, Data: 8ED B2 80 8 11 38 0 26 
ID: 316, Data: 84D 0 67 2E 17 24 42 7D 
ID: 316, Data: 84D 0 4B 2E 17 24 42 7D 
ID: A1, Data: 880 80 80 7D 1C 0 0 0 
ID: 316, Data: 84D 0 15 2E 17 24 41 7D 
ID: 153, Data: 80 0 0 FF 0 FF 0 0 
ID: A0, Data: 827 7E FA 2D 42 30 4 0 
ID: 280, Data: 830 0 20 B2 5B 15 66 3A 
ID: 440, Data: 8FE C3 40 A0 FF AA AA AA 
ID: 316, Data: 84D 0 8E 2D 17 24 41 7D 
ID: 5F0, Data: 20 0 
ID: 43F, Data: 843 48 60 FF 76 1C 2E 0 
ID: 153, Data: 80 0 0 FF 0 FF 0 0 
ID: 545, Data: 8E4 0 0 8D 78 FD 78 FD 
ID: 316, Data: 84D 0 3F 2D 17 24 40 7D 
ID: A0, Data: 827 7E 59 2D 41 2F 4 0 
ID: 316, Data: 84D 0 25 2D 17 24 40 7D 
ID: 316, Data: 84D 0 B 2D 17 24 40 7D 
ID: 370, Data: 8FF DD F0 FF FF FF FF FF 
ID: 316, Data: 84D 0 BE 2C 17 24 3F 7D 
ID: A0, Data: 826 7E F1 2C 40 2F 4 0 
ID: 43F, Data: 843 48 60 FF 76 2C 2D 0 
ID: 316, Data: 84D 0 58 2C 17 24 3F 7D 
ID: 440, Data: 8FE 13 3E A0 FF AA AA AA 
ID: 316, Data: 84D 0 3F 2C 17 24 3F 7D 
ID: 153, Data: 80 0 0 FF 0 FF 0 0 
ID: 440, Data: 8FE 63 3E A0 FF AA AA AA 
ID: 43F, Data: 843 48 60 FF 76 B0 2C 0 
ID: 18F, Data: 8AA 3B 0 0 0 0 0 0 
ID: 316, Data: 84D 0 DC 2B 19 24 3E 7D 
ID: 153, Data: 80 0 0 FF 0 FF 0 0 
ID: 1F0, Data: 8F9 3F F9 BF 0 0 0 0 
ID: 316, Data: 845 17 AB 2B 26 24 3E 7D 
ID: 153, Data: 80 0 0 FF 0 FF 0 0 
ID: 316, Data: 845 23 A4 2C 28 24 3E 7D 
ID: A0, Data: 827 7E 26 2C 3E 2F 2 0 
ID: 153, Data: 80 0 0 FF 0 FF 0 0 
ID: 316, Data: 845 25 F1 2C 28 24 3D 7D 
ID: 153, Data: 80 0 0 FF 0 FF 0 0 
ID: 43F, Data: 843 48 60 FF 76 34 2C 0 
ID: 18F, Data: 8AA 3E 0 0 0 0 0 0 
ID: 153, Data: 80 0 0 FF 0 FF 0 0 
ID: 1F0, Data: 8F9 3F F9 BF 0 0 0 0 
ID: A0, Data: 82E 7E 3F 2C 3E 32 2 0 
ID: A0, Data: 82E 7E 3F 2C 3E 32 2 0 
ID: 153, Data: 80 0 0 FF 0 FF 0 0 
ID: 316, Data: 845 28 71 2C 17 24 3D 7D 
ID: 153, Data: 80 0 0 FF 0 FF 0 0 
ID: 280, Data: 830 0 88 B2 58 15 66 39 
ID: 316, Data: 845 22 26 2C 17 24 3D 7D 
ID: 153, Data: 80 0 0 FF 0 FF 0 0 
ID: 316, Data: 845 1E AB 2B 18 24 3D 7D 
ID: 316, Data: 845 1D 7A 2B 18 24 3D 7D 
ID: 43F, Data: 843 48 60 FF 76 A8 2B 0 
ID: 316, Data: 845 1C 2 2B 18 24 3D 7D 
ID: 153, Data: 80 0 0 FF 0 FF 0 0 
ID: 153, Data: 80 0 0 FF 0 FF 0 0 
ID: 316, Data: 845 17 A4 2A 18 24 3D 7D 
ID: 153, Data: 80 0 0 FF 0 FF 0 0 
ID: 316, Data: 845 15 1A 2A 19 24 3D 7D 
ID: 316, Data: 845 14 4 2A 19 24 3D 7D 
ID: 43F, Data: 843 48 60 FF 76 70 2B 0 
ID: 440, Data: 8FE C3 3C A0 FF AA AA AA 
ID: A1, Data: 88C 80 93 7D 15 0 0 0 
ID: 316, Data: 845 16 26 29 19 24 3C 7D 
ID: 316, Data: 845 17 26 29 1A 24 3C 7D 
ID: 43F, Data: 843 48 60 FF 76 20 2B 0 
ID: 2A0, Data: 8A1 4 66 18 31 0 10 0 
ID: 1F1, Data: 80 D4 DC C1 1D E5 41 1E 
ID: 153, Data: 80 0 0 FF 0 FF 0 0 
ID: A0, Data: 825 7D EB 2A 3C 2E 2 0 
ID: 316, Data: 845 20 1A 2B 22 24 3C 7D 
ID: 260, Data: 8B 21 23 30 0 FF D2 3A 
ID: 316, Data: 845 21 D3 2A 22 24 3C 7D 
ID: 2A0, Data: 8C1 4 66 18 31 0 10 0 
ID: 316, Data: 845 22 BC 2A 26 24 3B 7D 
ID: 316, Data: 845 22 BC 2A 2A 24 3B 7D 
ID: 153, Data: 80 0 0 FF 0 FF 0 0 
ID: 545, Data: 8E4 7C 0 8D 44 0 44 0 
ID: 316, Data: 845 2A EB 2A 39 23 3B 7D 
ID: 280, Data: 830 0 88 B1 56 1C 66 44 
ID: 316, Data: 845 32 C3 2B 39 23 3B 7D 
ID: 2A0, Data: 8A1 5 66 18 31 0 10 0 
ID: 316, Data: 845 35 D 2C 38 23 3B 7D 
ID: 316, Data: 845 36 DC 2B 38 22 3B 7D 
ID: 153, Data: 80 0 0 FF 0 FF 0 0 
ID: 316, Data: 845 38 AB 2B 38 22 3B 7D 
ID: 153, Data: 80 0 0 FF 0 FF 0 0 
ID: 370, Data: 8FF DD F0 FF FF FF FF FF 
ID: 280, Data: 830 0 88 B1 57 21 66 54 
ID: 153, Data: 80 0 0 FF 0 FF 0 0 
ID: 18F, Data: 8AA 45 0 0 0 0 0 0 
ID: 316, Data: 845 37 DC 2B 39 22 3B 7D 
ID: 43F, Data: 843 48 60 FF 76 EC 2A 0 
ID: A1, Data: 888 7C 8D 79 27 0 0 0 
ID: 153, Data: 80 0 0 FF 0 FF 0 0 
ID: 316, Data: 845 38 DC 2B 39 22 3B 7D 
ID: 153, Data: 80 0 0 FF 0 FF 0 0 
ID: 260, Data: 8B 38 39 30 0 FF CC 14 
ID: 316, Data: 845 38 F4 2B 39 22 3C 7D 
ID: 153, Data: 80 0 0 FF 0 FF 0 0 
ID: 316, Data: 845 38 D 2C 39 22 3C 7D 
ID: 316, Data: 845 39 D 2C 39 22 3C 7D 
ID: 18F, Data: 8AA 45 0 0 0 0 0 0 
ID: 316, Data: 845 39 26 2C 15 22 3C 7D 
ID: 43F, Data: 843 48 60 FF 76 20 2B 0 
ID: 280, Data: 830 0 88 B1 57 1C 66 49 
ID: 153, Data: 80 0 0 FF 0 FF 0 0 
ID: 153, Data: 80 0 0 FF 0 FF 0 0 
ID: 316, Data: 845 24 32 2B 18 24 3C 7D 
ID: 153, Data: 80 0 0 FF 0 FF 0 0 
ID: 260, Data: 8B 20 18 30 0 FF C7 15 
ID: 316, Data: 845 1E 8D 2A 18 24 3C 7D 
ID: 18F, Data: 8AA 46 0 0 0 0 0 0 
ID: 316, Data: 845 1B 1A 2A 19 24 3C 7D 
ID: 153, Data: 80 0 0 FF 0 FF 0 0 
ID: A0, Data: 81E 7D 4 2A 3C 2B 2 0 
ID: 329, Data: 8ED B1 80 8 11 33 0 26 
ID: 280, Data: 830 0 84 B1 53 10 66 2C 
ID: 153, Data: 80 0 0 FF 0 FF 0 0 
ID: 316, Data: 845 14 7E 29 19 24 3B 7D 
ID: 43F, Data: 843 48 60 FF 75 94 2A 0 
ID: A0, Data: 820 7D 3C 29 3C 2C 2 0 
ID: 153, Data: 80 0 0 FF 0 FF 0 0 
ID: 316, Data: 845 17 BB 28 19 24 3B 7D 
ID: 153, Data: 80 0 0 FF 0 FF 0 0 
ID: 260, Data: 8B 18 10 30 0 FF 7B 35 
ID: 316, Data: 845 18 7C 28 10 1A 3B 7D 
ID: 153, Data: 80 0 0 FF 0 FF 0 0 
ID: 316, Data: 845 18 52 28 10 1A 3B 7D 
ID: 1F0, Data: 8F8 3F F9 BF 0 0 0 0 
ID: 370, Data: 8FF DD F0 FF FF FF FF FF 
ID: 43F, Data: 843 48 60 FF 76 CC 29 0 
ID: 329, Data: 8ED B1 80 8 11 36 0 26 
ID: 43F, Data: 843 48 60 FF 76 C0 29 0 
ID: 316, Data: 85 18 7C 28 10 1A 3A 7D 
ID: 18F, Data: 8AA 46 0 0 0 0 0 0 
ID: 316, Data: 85 1B E6 28 1A 1A 3A 7D 
ID: 440, Data: 8FE 13 39 A0 FF AA AA AA 
ID: 316, Data: 85 20 D7 29 2B 1A 3A 7D 
ID: 1F1, Data: 80 28 CD 61 1C D2 21 1D 
ID: 329, Data: 8ED B1 80 8 11 39 F 26 
ID: 316, Data: 85 26 48 2A 2B 1A 3A 7D 
ID: 316, Data: 85 27 31 2A 2B 1A 3A 7D 
ID: 18F, Data: 8AA 44 0 0 0 0 0 0 
ID: 43F, Data: 843 48 60 FF 76 80 29 0 
ID: 153, Data: 80 0 0 FF 0 FF 0 0 
ID: 316, Data: 85 2A 1A 2A 31 1A 39 7D 
ID: 316, Data: 85 2B 31 2A 31 1A 39 7D 
ID: A0, Data: 835 7D 48 2A 3A 33 2 0 
ID: 316, Data: 85 2E 5F 2A 31 19 39 7D 
ID: 316, Data: 85 2E 8D 2A 31 19 39 7D 
ID: 43F, Data: 843 48 60 FF 75 A0 29 0 
ID: 43F, Data: 843 48 60 FF 76 98 29 0 
ID: 370, Data: 8FF DD F0 FF FF FF FF FF 
ID: 316, Data: 85 30 8D 2A 30 19 3A 7D 
ID: A1, Data: 88D 7C 93 79 22 0 0 0 
ID: 43F, Data: 843 48 60 FF 76 BC 29 0 
ID: 43F, Data: 843 48 60 FF 76 C4 29 0 
ID: 545, Data: 8E4 A1 0 8D 99 1 99 1 
ID: 316, Data: 85 30 A4 2A 30 19 3A 7D 
ID: 316, Data: 85 31 BC 2A 30 19 3A 7D 
ID: 5F0, Data: 20 0 
ID: 43F, Data: 843 48 60 FF 76 D8 29 0 
ID: 153, Data: 80 0 0 FF 0 FF 0 0 
ID: 2A0, Data: 8A1 9 66 18 31 0 10 0 
ID: 329, Data: 8ED B1 80 8 11 3C 15 26 
ID: 18F, Data: 8AA 40 0 0 0 0 0 0 
ID: 316, Data: 85 31 D3 2A 31 19 3A 7D 
ID: 153, Data: 80 0 0 FF 0 FF 0 0 
ID: 316, Data: 85 30 EB 2A 31 19 3A 7D 
ID: 316, Data: 85 30 2 2B 32 19 3A 7D 
ID: 2A0, Data: 8A1 A 66 18 31 0 10 0 
ID: 43F, Data: 843 48 60 FF 76 14 2A 0 
ID: 153, Data: 80 0 0 FF 0 FF 0 0 
ID: 440, Data: 8FE 13 3A A0 FF AA AA AA 
ID: 316, Data: 85 31 2 2B 32 19 3A 7D 
ID: 153, Data: 80 0 0 FF 0 FF 0 0 
ID: 316, Data: 85 31 1A 2B 32 19 3A 7D 
ID: 153, Data: 80 0 0 FF 0 FF 0 0 
ID: 2A0, Data: 861 B 66 18 31 0 10 0 
ID: 316, Data: 85 31 1A 2B 32 19 3A 7D 
ID: 280, Data: 830 0 88 B1 56 1D 66 4A 
ID: 316, Data: 85 31 32 2B 2B 19 3B 7D 
ID: 316, Data: 85 32 32 2B 2A 19 3B 7D 
ID: 43F, Data: 843 48 60 FF 76 54 2A 0 
ID: 316, Data: 85 31 4A 2B 2A 19 3B 7D 
ID: 153, Data: 80 0 0 FF 0 FF 0 0 
ID: 5F0, Data: 20 0 
ID: 153, Data: 80 0 0 FF 0 FF 0 0 
ID: 43F, Data: 843 48 60 FF 75 64 2A 0 
ID: 5F0, Data: 20 0 
ID: 316, Data: 85 2D 32 2B 2B 1A 3B 7D 
ID: 153, Data: 80 0 0 FF 0 FF 0 0 
ID: 153, Data: 80 0 0 FF 0 FF 0 0 
ID: 316, Data: 85 2D 32 2B 2B 1A 3B 7D 
ID: 43F, Data: 843 48 60 FF 76 90 2A 0 
ID: A1, Data: 882 7C 86 79 20 0 0 0 
ID: 153, Data: 80 0 0 FF 0 FF 0 0 
ID: 316, Data: 85 2B 4A 2B 2C 1A 3B 7D 
ID: 440, Data: 8FE B3 3B A0 FF AA AA AA 
ID: 153, Data: 80 0 0 FF 0 FF 0 0 
ID: 316, Data: 85 2B 32 2B 2C 1A 3B 7D 
ID: 153, Data: 80 0 0 FF 0 FF 0 0 
ID: 316, Data: 85 2B 4A 2B 2C 1A 3B 7D 
ID: 316, Data: 85 2B 4A 2B 28 1A 3B 7D 
ID: 545, Data: 8E4 85 0 8D 37 1 37 1 
ID: 43F, Data: 843 48 60 FF 76 B0 2A 0 
ID: 153, Data: 80 0 0 FF 0 FF 0 0 
ID: 260, Data: 8B 27 16 30 0 FF D1 24 
ID: 316, Data: 85 25 1A 2B 27 1A 3B 7D 
ID: 440, Data: 8FE C3 3B A0 FF AA AA AA 
ID: 316, Data: 85 26 EB 2A 2D 1A 3B 7D 
ID: 43F, Data: 843 48 60 FF 76 B0 2A 0 
ID: 316, Data: 85 29 2 2B 2F 1A 3B 7D 
ID: 153, Data: 80 0 0 FF 0 FF 0 0 
ID: 153, Data: 80 0 0 FF 0 FF 0 0 
ID: 316, Data: 85 2C 7A 2B 2E 1A 3B 7D 
ID: A0, Data: 833 7D 7A 2B 3C 32 2 0 
ID: 153, Data: 80 0 0 FF 0 FF 0 0 
ID: 316, Data: 85 2D 92 2B 2E 1A 3B 7D 
ID: 440, Data: 8FE 13 3B A0 FF AA AA AA 
ID: 329, Data: 840 B1 80 8 11 3B 12 26 
ID: 316, Data: 85 2E C3 2B 2E 1A 3B 7D 
ID: 545, Data: 8E4 95 0 8D 66 1 66 1 
ID: 316, Data: 85 2E C3 2B 2E 1A 3B 7D 
ID: 316, Data: 85 2E C3 2B 2E 1A 3B 7D 
ID: 18F, Data: 8AA 3A 0 0 0 0 0 0 
ID: 5F0, Data: 20 0 
ID: 153, Data: 80 0 0 FF 0 FF 0 0 
ID: 153, Data: 80 0 0 FF 0 FF 0 0 
ID: A0, Data: 833 7D C3 2B 3C 33 2 0 
ID: 329, Data: 840 B1 80 8 11 3B 13 26 
ID: A0, Data: 833 7D F4 2B 3C 33 2 0 
ID: 316, Data: 85 2F F4 2B 2E 1A 3C 7D 
ID: 316, Data: 85 2F F4 2B 2F 1A 3C 7D 
ID: 43F, Data: 843 48 60 FF 76 30 2B 0 
ID: 316, Data: 85 2E F4 2B 1E 1A 3C 7D 
ID: A0, Data: 833 7D F4 2B 3C 33 2 0 
ID: 316, Data: 85 2B D 2C D 1A 3C 7D 
ID: 316, Data: 85 28 26 2C E 1A 3C 7D 
ID: 545, Data: 8E4 75 0 8D AE 0 AE 0 
ID: 370, Data: 8FF DE F0 FF FF FF FF FF 
ID: 153, Data: 80 0 0 FF 0 FF 0 0 
ID: 18F, Data: 8AA 39 0 0 0 0 0 0 
ID: 316, Data: 85 1E 32 2B F 1B 3C 7D 
ID: 153, Data: 80 0 0 FF 0 FF 0 0 
ID: 329, Data: 840 B1 80 8 11 33 0 26 
ID: 316, Data: 85 1B EB 2A F 1B 3C 7D 
ID: 18F, Data: 8AA 38 0 0 0 0 0 0 
ID: 316, Data: 85 19 EB 2A F 1B 3C 7D 
ID: 43F, Data: 843 48 60 FF 76 20 2B 0 
ID: 440, Data: 8FE 63 3C A0 FF AA AA AA 
ID: 545, Data: 8E4 4D 0 8D 1 0 1 0 
ID: 153, Data: 80 0 0 FF 0 FF 0 0 
ID: 316, Data: 85 1B 62 2B 1D 1B 3C 7D 
ID: 153, Data: 80 0 0 FF 0 FF 0 0 
ID: 316, Data: 85 1C 4A 2B 25 1B 3C 7D 
ID: 153, Data: 80 0 0 FF 0 FF 0 0 
ID: 280, Data: 830 0 88 B1 56 12 66 2F 
ID: 316, Data: 85 20 32 2B 28 1B 3C 7D 
ID: 153, Data: 80 0 0 FF 0 FF 0 0 
ID: 316, Data: 85 24 62 2B 27 1A 3C 7D 
ID: 153, Data: 80 0 0 FF 0 FF 0 0 
ID: 545, Data: 8E4 6F 0 8D C9 0 C9 0 
ID: 316, Data: 85 26 C3 2B 2A 1A 3C 7D 
ID: 545, Data: 8E4 74 0 8D D1 0 D1 0 
ID: 43F, Data: 843 48 60 FF 76 3C 2B 0 
ID: 43F, Data: 843 48 60 FF 76 28 2B 0 
ID: 260, Data: 8B 29 32 30 0 FF D1 15 
ID: 316, Data: 85 2C AB 2B 31 1A 3C 7D 
ID: 316, Data: 85 2D DC 2B 32 1A 3C 7D 
ID: 43F, Data: 843 48 60 FF 76 60 2B 0 
ID: 316, Data: 85 2F 3F 2C 39 1A 3C 7D 
ID: 153, Data: 80 0 0 FF 0 FF 0 0 
ID: 5F0, Data: 20 0 
ID: 153, Data: 80 0 0 FF 0 FF 0 0 
ID: 43F, Data: 843 48 60 FF 75 A8 2B 0 
ID: 153, Data: 80 0 0 FF 0 FF 0 0 
ID: 316, Data: 85 3B B 2D 3D 18 3C 7D 
ID: 153, Data: 80 0 0 FF 0 FF 0 0 
ID: 153, Data: 80 0 0 FF 0 FF 0 0 
ID: 316, Data: 85 3D D7 2C 3D 18 3C 7D 
ID: 153, Data: 80 0 0 FF 0 FF 0 0 
ID: 316, Data: 85 3D B 2D 3C 18 3D 7D 
ID: 316, Data: 85 3E 25 2D 3C 18 3D 7D 
ID: 316, Data: 85 3E 59 2D 3C 18 3D 7D 
ID: 316, Data: 85 3D 59 2D 3C 18 3D 7D 
ID: 316, Data: 85 3D 59 2D 3C 18 3D 7D 
ID: 440, Data: 8FE B3 3D A0 FF AA AA AA 
ID: 316, Data: 85 3C 59 2D 3C 18 3D 7D 
ID: 153, Data: 80 0 0 FF 0 FF 0 0 
ID: 316, Data: 85 3C 74 2D 3C 18 3D 7D 
ID: 316, Data: 85 3C 8E 2D 3C 18 3D 7D 
ID: 260, Data: 8B 3D 3D 30 0 FF C8 2E 
ID: 316, Data: 85 3B A9 2D 3C 18 3D 7D 
ID: 316, Data: 85 3C C4 2D 3C 18 3E 7D 
ID: 43F, Data: 843 48 60 FF 76 A8 2C 0 
ID: 316, Data: 85 3B DF 2D 3C 18 3E 7D 
ID: 440, Data: 8FE 13 3E A0 FF AA AA AA 
ID: 316, Data: 85 3B FA 2D 3C 18 3E 7D 
ID: 153, Data: 80 0 0 FF 0 FF 0 0 
ID: 153, Data: 80 0 0 FF 0 FF 0 0 
ID: 43F, Data: 843 48 60 FF 76 F0 2C 0 
ID: 153, Data: 80 0 0 FF 0 FF 0 0 
ID: 316, Data: 85 3C 4B 2E 3C 19 3E 7D 
ID: 1F0, Data: 8F8 3F F9 BF 0 0 0 0 
ID: 329, Data: 840 B1 80 8 11 41 1E 26 
ID: A0, Data: 841 7D 4B 2E 3F 38 2 0 
ID: 440, Data: 8FE 63 3E A0 FF AA AA AA 
ID: 316, Data: 85 37 82 2E B 19 3F 7D 
ID: 153, Data: 80 0 0 FF 0 FF 0 0 
ID: 153, Data: 80 0 0 FF 0 FF 0 0 
ID: 316, Data: 85 25 C4 2D D 1B 3F 7D 
ID: 153, Data: 80 0 0 FF 0 FF 0 0 
ID: 316, Data: 85 21 74 2D E 1B 3F 7D 
ID: 370, Data: 8FF DE F0 FF FF FF FF FF 
ID: 316, Data: 85 1E 3F 2D E 1B 3F 7D 
ID: 43F, Data: 843 48 60 FF 76 1C 2D 0 
ID: 153, Data: 80 0 0 FF 0 FF 0 0 
ID: 260, Data: 8B 1B E 30 0 FF A9 34 
ID: 316, Data: 85 1A D7 2C E 1B 3F 7D 
ID: 545, Data: 8E4 4F 0 8D D6 FF D6 FF 
ID: 43F, Data: 843 48 60 FF 76 58 2D 0 
ID: 316, Data: 85 16 D7 2C E 1B 3F 7D 
ID: 316, Data: 85 15 8B 2C E 1B 3F 7D 
ID: 316, Data: 85 15 58 2C E 1B 3F 7D 
ID: 329, Data: 884 B1 80 8 11 35 0 26 
ID: 43F, Data: 843 48 60 FF 75 10 2D 0 
ID: 1F1, Data: 80 A1 EC F1 1E FB 91 1F 
ID: 280, Data: 830 0 84 B1 57 12 66 2F 
ID: 316, Data: 85 18 C3 2B E 1B 3E 7D 
ID: 545, Data: 8E4 57 0 8D D0 FF D0 FF 
ID: A1, Data: 87D 80 7D 7D 17 0 0 0 
ID: 316, Data: 85 18 C3 2B E 1B 3E 7D 
ID: 1F0, Data: 8F9 3F F9 BF 0 0 0 0 
ID: A1, Data: 87D 80 7D 7D 17 0 0 0 
ID: A0, Data: 822 7D C3 2B 3F 2D 2 0 
ID: 316, Data: 85 18 C3 2B E 1B 3E 7D 
ID: 316, Data: 85 18 DC 2B E 1B 3E 7D 
ID: 316, Data: 85 18 C3 2B E 1B 3E 7D 
ID: A0, Data: 823 7D C3 2B 3E 2D 2 0 
ID: 153, Data: 80 0 0 FF 0 FF 0 0 
ID: 43F, Data: 843 48 60 FF 76 6C 2C 0 
ID: 43F, Data: 843 48 60 FF 76 5C 2C 0 
ID: 316, Data: 8D 1F 7A 2B 11 1B 3E 7D 
ID: 316, Data: 8D 19 26 2C 11 1B 3E 7D 
ID: 316, Data: 8D 19 3F 2C 11 1B 3E 7D 
ID: 43F, Data: 843 48 60 FF 76 50 2C 0 
ID: 43F, Data: 843 48 60 FF 76 3C 2C 0 
ID: A0, Data: 81E 7D F4 2B 3E 2C 4 0 
ID: 153, Data: 80 0 0 FF 0 FF 0 0 
ID: 316, Data: 85 1C 92 2B 20 1B 3D 7D 
ID: 153, Data: 80 0 0 FF 0 FF 0 0 
ID: 18F, Data: 8AA 36 0 0 0 0 0 0 
ID: 316, Data: 85 1E 3F 2C 22 1B 3D 7D 
ID: 440, Data: 8FE B3 3D A0 FF AA AA AA 
ID: 18F, Data: 8AA 36 0 0 0 0 0 0 
ID: 153, Data: 80 0 0 FF 0 FF 0 0 
ID: 316, Data: 85 21 D 2C 22 1B 3D 7D 
ID: 153, Data: 80 0 0 FF 0 FF 0 0 
ID: 5A0, Data: 80 0 0 90 0 0 0 0 
ID: 153, Data: 80 0 0 FF 0 FF 0 0 
ID: 280, Data: 830 0 88 B1 58 13 66 33 
ID: 316, Data: 85 20 58 2C E 1B 3D 7D 
ID: 43F, Data: 843 48 60 FF 76 20 2C 0 
ID: 43F, Data: 843 48 60 FF 76 10 2C 0 
ID: 2A0, Data: 820 A 66 18 31 0 10 0 
ID: 153, Data: 80 0 0 FF 0 FF 0 0 
ID: 316, Data: 85 1B 92 2B F 1B 3D 7D 
ID: 153, Data: 80 0 0 FF 0 FF 0 0 
ID: 316, Data: 85 1A 2 2B F 1B 3D 7D 
ID: 316, Data: 85 19 EB 2A F 1B 3D 7D 
ID: 316, Data: 85 17 D3 2A F 1B 3D 7D 
ID: 153, Data: 80 0 0 FF 0 FF 0 0 
ID: 153, Data: 80 0 0 FF 0 FF 0 0 
ID: 43F, Data: 843 48 60 FF 76 84 2B 0 
ID: 18F, Data: 8AA 35 0 0 0 0 0 0 
ID: 153, Data: 80 0 0 FF 0 FF 0 0 
ID: 43F, Data: 843 48 60 FF 76 68 2B 0 
ID: A1, Data: 880 80 83 7D 14 0 0 0 
ID: 43F, Data: 843 48 60 FF 76 50 2B 0 
ID: 43F, Data: 843 48 60 FF 76 1C 2B 0 
ID: 2A0, Data: 8E0 8 66 18 31 0 10 0 
ID: 316, Data: 85 17 31 2A F 1B 3C 7D 
ID: 316, Data: 85 17 31 2A F 1B 3C 7D 
ID: 18F, Data: 8AA 35 0 0 0 0 0 0 
ID: 153, Data: 80 0 0 FF 0 FF 0 0 
ID: A0, Data: 824 7D 1A 2A 3C 2D 2 0 
ID: 545, Data: 8E4 5B 0 8D D3 FF D3 FF 
ID: 153, Data: 80 0 0 FF 0 FF 0 0 
ID: 316, Data: 85 18 D7 29 F 1A 3B 7D 
ID: 153, Data: 80 0 0 FF 0 FF 0 0 
ID: 316, Data: 85 18 94 29 F 1A 3B 7D 
ID: 316, Data: 85 18 94 29 F 1A 3B 7D 
ID: 316, Data: 8D 18 7E 29 F 1A 3B 7D 
ID: 43F, Data: 843 48 60 FF 76 FC 29 0 
ID: 153, Data: 80 0 0 FF 0 FF 0 0 
ID: 329, Data: 8B B1 80 8 12 35 0 26 
ID: 316, Data: 8D 14 E6 28 F 1A 3A 7D 
ID: 280, Data: 830 0 20 B1 51 13 66 31 
ID: 43F, Data: 843 48 60 FF 76 5C 29 0 
ID: 316, Data: 8D C 52 28 10 1A 3A 7D 
ID: A0, Data: 823 7D 67 28 3A 2D 4 0 
ID: 316, Data: 8D 8 D7 27 10 1A 39 7D 
ID: 1F1, Data: 80 27 C3 E1 1B C8 A1 1C 
ID: 153, Data: 80 0 0 FF 0 FF 0 0 
ID: 316, Data: 8D 4 4A 27 10 1A 39 7D 
ID: 43F, Data: 843 48 60 FF 76 38 28 0 
ID: 316, Data: 8D 0 D5 26 10 1A 38 7D 
ID: 18F, Data: 8AA 35 0 0 0 0 0 0 
ID: 316, Data: 8D 0 AF 26 10 1A 37 7D 
ID: A0, Data: 825 7D AF 26 38 2D 4 0 
ID: 153, Data: 80 0 0 FF 0 FF 0 0 
ID: 316, Data: 8D 0 50 26 10 19 37 7D 
ID: 153, Data: 80 0 0 FF 0 FF 0 0 
ID: 316, Data: 8D 0 AA 25 10 19 36 7D 
ID: 440, Data: 8FE 13 35 A0 FF AA AA AA 
ID: 316, Data: 8D 0 1B 25 10 19 35 7D 
ID: 5F0, Data: 20 0 
ID: 316, Data: 8D 0 C3 24 10 19 35 7D 
ID: 316, Data: 8D 0 90 24 10 19 34 7D 
ID: A0, Data: 82A 7D C3 24 35 2E 4 0 
ID: 5F0, Data: 20 0 
ID: 316, Data: 8D 0 E8 23 10 19 34 7D 
ID: 316, Data: 8D 0 C7 23 10 19 33 7D 
ID: 316, Data: 8D 0 86 23 10 19 33 7D 
ID: 370, Data: 8FF DE F0 FF FF FF FF FF 
ID: 316, Data: 8D 0 26 23 11 18 33 7D 
ID: A1, Data: 880 80 80 7D 1E 0 0 0 
ID: 43F, Data: 843 48 60 FF 76 3C 23 0 
ID: 316, Data: 8D 0 4E 22 11 18 31 7D 
ID: 545, Data: 8E4 0 0 88 47 FE 47 FE 
ID: 43F, Data: 843 48 60 FF 76 94 22 0 
ID: 316, Data: 8D 0 AB 21 11 18 30 7D 
ID: 2A0, Data: 8E0 4 66 18 31 0 10 0 
ID: 43F, Data: 843 48 60 FF 76 F0 21 0 
ID: 153, Data: 80 0 0 FF 0 FF 0 0 
ID: 1F1, Data: 80 6B 74 21 17 75 81 17 
ID: 316, Data: 8D 0 85 20 11 18 2F 7D 
ID: 370, Data: 8FF DE F0 FF FF FF FF FF 
ID: 316, Data: 8D 0 D 20 12 18 2E 7D 
ID: 153, Data: 80 0 0 FF 0 FF 0 0 
ID: 153, Data: 80 0 0 FF 0 FF 0 0 
ID: 153, Data: 80 0 0 FF 0 FF 0 0 
ID: 370, Data: 8FF DE F0 FF FF FF FF FF 
ID: 316, Data: 8D 0 33 1F 12 18 2D 7D 
ID: 153, Data: 80 0 0 FF 0 FF 0 0 
ID: 316, Data: 8D 0 B8 1E 12 18 2C 7D 
ID: 1F1, Data: 80 C2 5B 41 15 5F F1 15 
ID: 153, Data: 80 0 0 FF 0 FF 0 0 
ID: 316, Data: 8D 0 13 1E 12 18 2B 7D 
ID: 18F, Data: 8AA 34 0 0 0 0 0 0 
ID: 316, Data: 8D 0 B7 1D 12 18 2B 7D 
ID: A0, Data: 82A 7D 13 1E 2C 2B 4 0 
ID: 153, Data: 80 0 0 FF 0 FF 0 0 
ID: 316, Data: 8D 0 7 1D 13 18 2A 7D 
ID: 153, Data: 80 0 0 FF 0 FF 0 0 
ID: 316, Data: 8D 0 92 1C 13 18 29 7D 
ID: 153, Data: 80 0 0 FF 0 FF 0 0 
ID: 316, Data: 8D 0 2B 1C 13 18 29 7D 
ID: 43F, Data: 843 48 60 FF 76 D0 1C 0 
ID: 329, Data: 884 B1 80 8 12 32 0 26 
ID: 316, Data: 8D 0 96 1B 13 18 28 7D 
ID: 316, Data: 8D 0 6F 1B 13 18 28 7D 
ID: 2A0, Data: 840 3 66 18 31 0 10 0 
ID: 43F, Data: 843 48 60 FF 76 B8 1B 0 
ID: 153, Data: 80 0 0 FF 0 FF 0 0 
ID: 43F, Data: 843 48 60 FF 76 4C 1B 0 
ID: 316, Data: 8D 0 62 1A 15 18 26 7D 
ID: 153, Data: 80 0 0 FF 0 FF 0 0 
ID: 316, Data: 8D 0 DF 19 15 18 26 7D 
ID: 43F, Data: 843 48 60 FF 76 54 1A 0 
ID: 316, Data: 8D 0 61 19 15 18 25 7D 
ID: 153, Data: 80 0 0 FF 0 FF 0 0 
ID: 5F0, Data: 20 0 
ID: 153, Data: 80 0 0 FF 0 FF 0 0 
ID: A1, Data: 880 80 80 7D 1D 0 0 0 
ID: 2A0, Data: 8E0 3 66 18 31 0 10 0 
ID: 18F, Data: 8AA 34 0 0 0 0 0 0 
ID: 316, Data: 8D 0 DD 17 16 18 23 7D 
ID: 440, Data: 8FE C3 22 A0 FF AA AA AA 
ID: 316, Data: 8D 0 95 17 16 18 22 7D 
ID: 545, Data: 8E4 0 0 8C 52 FE 52 FE 
ID: 43F, Data: 843 48 60 FF 76 58 18 0 
ID: 43F, Data: 843 48 60 FF 76 38 18 0 
ID: 260, Data: 80 0 16 30 0 FF 4E 15 
ID: 153, Data: 80 0 0 FF 0 FF 0 0 
ID: 316, Data: 8D 0 FD 16 16 18 21 7D 
ID: 153, Data: 80 0 0 FF 0 FF 0 0 
ID: 316, Data: 8D 0 D4 16 16 18 21 7D 
ID: 316, Data: 8D 0 C7 16 16 18 21 7D 
ID: 316, Data: 8D 0 B3 16 16 18 21 7D 
ID: 1F1, Data: 80 5 6 1 10 8 61 10 
ID: 153, Data: 80 0 0 FF 0 FF 0 0 
ID: 316, Data: 8D 0 92 16 16 18 20 7D 
ID: 153, Data: 80 0 0 FF 0 FF 0 0 
ID: 153, Data: 80 0 0 FF 0 FF 0 0 
ID: 316, Data: 8D 0 65 16 17 18 20 7D 
ID: 43F, Data: 843 48 60 FF 77 E8 16 0 
ID: 370, Data: 8FF DE F0 FF FF FF FF FF 
ID: 260, Data: 80 0 17 30 0 FF 4E 23 
ID: 153, Data: 80 0 0 FF 0 FF 0 0 
ID: 316, Data: 8D 0 DB 15 17 18 1F 7D 
ID: 153, Data: 80 0 0 FF 0 FF 0 0 
ID: 316, Data: 8D 0 B1 15 17 18 1F 7D 
ID: 316, Data: 8D 0 9F 15 17 18 1F 7D 
ID: 2A0, Data: 820 2 66 18 31 0 10 0 
ID: 43F, Data: 843 48 60 FF 77 10 16 0 
ID: 153, Data: 80 0 0 FF 0 FF 0 0 
ID: 2A0, Data: 820 2 66 18 31 0 10 0 
ID: 316, Data: 8D 0 13 15 18 18 1E 7D 
ID: 545, Data: 8E4 0 0 8A 4F FE 4F FE 
ID: 43F, Data: 843 48 60 FF 76 94 15 0 
ID: 153, Data: 80 0 0 FF 0 FF 0 0 
ID: 18F, Data: 8AA 34 0 0 0 0 0 0 
ID: 329, Data: 8ED B1 80 8 11 2E 0 26 
ID: 43F, Data: 843 48 60 FF 76 3C 15 0 
ID: 440, Data: 8FE 63 1D A0 FF AA AA AA 
ID: 153, Data: 80 0 0 FF 0 FF 0 0 
ID: 1F1, Data: 80 9E E6 50 E EA 90 E 
ID: 316, Data: 8D 0 53 14 18 18 1D 7D 
ID: 260, Data: 80 0 19 30 0 FF 4E 30 
ID: 43F, Data: 843 48 60 FF 76 9C 14 0 
ID: 153, Data: 80 0 0 FF 0 FF 0 0 
ID: 2A0, Data: 8E0 2 66 18 31 0 10 0 
ID: 316, Data: 8D 0 EB 13 19 18 1C 7D 
ID: 2A0, Data: 820 2 66 18 31 0 10 0 
ID: 43F, Data: 843 48 60 FF 76 3C 14 0 
ID: 43F, Data: 843 48 60 FF 77 2C 14 0 
ID: 545, Data: 8E4 0 0 8A 4C FE 4C FE 
ID: 5F0, Data: 20 0 
ID: 316, Data: 8D 0 52 13 19 18 1C 7D 
ID: 43F, Data: 843 48 60 FF 76 DC 13 0 
ID: 440, Data: 8FE 63 1B A0 FF AA AA AA 
ID: 5F0, Data: 20 0 
ID: 18F, Data: 8AA 34 0 0 0 0 0 0 
ID: 2A0, Data: 840 1 66 18 31 0 10 0 
ID: 316, Data: 8D 0 B5 12 1A 18 1B 7D 
ID: 153, Data: 80 0 0 FF 0 FF 0 0 
ID: 43F, Data: 843 48 60 FF 77 40 13 0 
ID: 18F, Data: 8AA 34 0 0 0 0 0 0 
ID: 43F, Data: 843 48 60 FF 76 F0 12 0 
ID: 153, Data: 80 0 0 FF 0 FF 0 0 
ID: 43F, Data: 843 48 60 FF 76 D0 12 0 
ID: 316, Data: 8D 0 D5 12 23 21 1A 7D 
ID: 18F, Data: 8AA 34 0 0 0 0 0 0 
ID: 316, Data: 8D 0 A8 12 23 21 1A 7D 
ID: 43F, Data: 843 48 60 FF 76 78 12 0 
ID: 440, Data: 8FE 13 19 A0 FF AA AA AA 
ID: 545, Data: 8E4 0 0 8A AF FD AF FD 
ID: 153, Data: 80 0 0 FF 0 FF 0 0 
ID: 316, Data: 84D 0 A2 11 24 21 1A 7D 
ID: 316, Data: 84D 0 2E 11 24 21 1A 7D 
ID: A0, Data: 833 7D 11 12 1A 28 4 0 
ID: 316, Data: 845 6 4C 10 26 21 19 7D 
ID: 316, Data: 845 6 E5 F 26 22 19 7D 
ID: 316, Data: 845 D 5F F 31 22 19 7D 
ID: 316, Data: 845 14 1B F 31 22 19 7D 
ID: 329, Data: 8ED B1 80 8 11 30 0 26 
ID: 370, Data: 8FF E0 F0 FF FF FF FF FF 
ID: 316, Data: 845 23 A1 E 32 22 19 7D 
ID: 153, Data: 80 0 0 FF 0 FF 0 0 
ID: 316, Data: 845 2C 3 E 34 22 18 7D 
ID: 153, Data: 80 0 0 FF 0 FF 0 0 
ID: 316, Data: 845 2E 83 E 33 22 18 7D 
ID: 5F0, Data: 20 0 
ID: 2A0, Data: 8E0 1 66 18 31 0 10 0 
ID: 260, Data: 8B 2E 30 30 0 FF 4F 2C 
ID: A1, Data: 880 80 80 7D 28 0 0 0 
ID: 316, Data: 845 2D 95 10 30 21 18 7D 
ID: 153, Data: 80 0 0 FF 0 FF 0 0 
ID: 1F0, Data: 83E 40 F9 BF 0 0 0 0 
ID: 545, Data: 8E4 53 0 8A 4F 1 4F 1 
ID: 2A0, Data: 8A1 1 66 18 31 0 10 0 
ID: 153, Data: 80 0 0 FF 0 FF 0 0 
ID: 153, Data: 80 0 0 FF 0 FF 0 0 
ID: 153, Data: 80 0 0 FF 0 FF 0 0 
ID: 329, Data: 8B B1 80 8 11 33 5 26 
ID: 5F0, Data: 20 0 
ID: 545, Data: 8E4 50 0 8C 52 1 52 1 
ID: 329, Data: 840 B1 80 8 11 33 5 26 
ID: A0, Data: 840 7E F4 11 18 2B 2 0 
ID: 153, Data: 80 0 0 FF 0 FF 0 0 
ID: 316, Data: 845 35 E7 11 44 20 17 7D 
ID: 43F, Data: 83 48 60 FF 76 34 10 0 
ID: 260, Data: 8B 37 4E 30 0 FF B1 C 
ID: 153, Data: 80 0 0 FF 0 FF 0 0 
ID: 5F0, Data: 20 0 
ID: 153, Data: 80 0 0 FF 0 FF 0 0 
ID: 43F, Data: 83 48 60 FF 76 30 10 0 
ID: 260, Data: 8B 3F 4E 30 0 FF BF 33 
ID: 153, Data: 80 0 0 FF 0 FF 0 0 
ID: 316, Data: 845 41 1E 13 4E 1E 17 7D 
ID: 153, Data: 80 0 0 FF 0 FF 0 0 
ID: 1F1, Data: 80 5 A8 B0 B AC E0 B 
ID: 316, Data: 845 45 DC 13 62 1D 17 7D 
ID: 329, Data: 8B B1 80 8 11 3D 1F 26 
ID: 43F, Data: 83 48 60 FF 76 40 10 0 
ID: 316, Data: 845 56 D 15 63 1C 17 7D 
ID: A1, Data: 884 7D 85 7E 40 0 0 0 
ID: 316, Data: 845 5B 5F 16 60 1C 17 7D 
ID: 153, Data: 80 0 0 FF 0 FF 0 0 
ID: 43F, Data: 83 48 60 FF 76 7C 10 0 
ID: 18F, Data: 8AA 3B 0 0 0 0 0 0 
ID: 153, Data: 80 0 0 FF 0 FF 0 0 
ID: 153, Data: 80 0 0 FF 0 FF 0 0 
ID: 280, Data: 830 0 88 B2 30 39 66 8D 
ID: 316, Data: 845 5C 9 18 64 1C 18 7D 
ID: 440, Data: 8FE B3 17 A0 FF AA AA AA 
ID: 316, Data: 845 5E 2C 17 65 1B 18 7D 
ID: 153, Data: 80 0 0 FF 0 FF 0 0 
ID: 440, Data: 8FE C3 17 A0 FF AA AA AA 
ID: 43F, Data: 83 48 60 FF 76 20 11 0 
ID: A1, Data: 882 7B 83 7E 46 0 0 0 
ID: 153, Data: 80 0 0 FF 0 FF 0 0 
ID: 316, Data: 845 64 85 16 66 1B 19 7D 
ID: 153, Data: 80 0 0 FF 0 FF 0 0 
ID: 260, Data: 8B 64 67 30 0 FF A4 F 
ID: 316, Data: 845 63 6B 16 66 1B 19 7D 
ID: 545, Data: 8E4 A7 0 8C EA 4 EA 4 
ID: 316, Data: 845 62 45 16 66 1B 19 7D 
ID: 316, Data: 845 62 38 16 66 1B 19 7D 
ID: 370, Data: 8FF E0 F0 FF FF FF FF FF 
ID: 545, Data: 8E4 9E 0 89 BD 4 BD 4 
ID: 153, Data: 80 0 0 FF 0 FF 0 0 
ID: 316, Data: 845 60 87 15 60 1B 1A 7D 
ID: 153, Data: 80 0 0 FF 0 FF 0 0 
ID: A1, Data: 880 7B 80 7E 48 0 0 0 
ID: 329, Data: 8B B2 80 8 11 3E 2E 26 
ID: 2A0, Data: 861 F 66 18 31 0 10 0 
ID: 43F, Data: 83 48 60 FF 77 1C 12 0 
ID: 153, Data: 80 0 0 FF 0 FF 0 0 
ID: 43F, Data: 843 48 60 FF 76 6C 12 0 
ID: 316, Data: 845 80 B7 15 7A 1A 1A 7D 
ID: 2A0, Data: 8A1 11 66 18 31 0 10 0 
ID: 316, Data: 845 7F A6 16 7B 1A 1A 7D 
ID: 2A0, Data: 81 12 66 18 31 0 10 0 
ID: 43F, Data: 843 48 60 FF 77 D8 12 0 
ID: 43F, Data: 843 48 60 FF 76 8 13 0 
ID: 153, Data: 80 0 0 FF 0 FF 0 0 
ID: 5F0, Data: 20 0 
ID: 153, Data: 80 0 0 FF 0 FF 0 0 
ID: 316, Data: 845 7A 6 16 7D 1A 1B 7D 
ID: 2A0, Data: 8C1 15 66 18 31 0 10 0 
ID: 153, Data: 80 0 0 FF 0 FF 0 0 
ID: 316, Data: 845 78 DB 15 7E 1A 1B 7D 
ID: 153, Data: 80 0 0 FF 0 FF 0 0 
ID: 43F, Data: 843 48 60 FF 76 D4 13 0 
ID: 260, Data: 8B 79 80 30 0 FF 8D 7 
ID: 153, Data: 80 0 0 FF 0 FF 0 0 
ID: 316, Data: 845 78 C 16 7F 1A 1C 7D 
ID: 153, Data: 80 0 0 FF 0 FF 0 0 
ID: 316, Data: 845 79 38 16 7F 1A 1C 7D 
ID: 5F0, Data: 20 0 
ID: 43F, Data: 843 48 60 FF 76 90 14 0 
ID: 153, Data: 80 0 0 FF 0 FF 0 0 
ID: 153, Data: 80 0 0 FF 0 FF 0 0 
ID: 316, Data: 845 79 BA 16 81 1A 1D 7D 
ID: 43F, Data: 843 48 60 FF 76 E4 14 0 
ID: 316, Data: 845 79 C7 16 83 1A 1D 7D 
ID: 153, Data: 80 0 0 FF 0 FF 0 0 
ID: 329, Data: 8ED B2 80 8 11 48 3B 26 
ID: 316, Data: 845 7B 3 17 84 1A 1E 7D 
ID: 43F, Data: 843 48 60 FF 76 84 15 0 
ID: 316, Data: 845 80 3A 17 86 19 1E 7D 
ID: A0, Data: 896 7E 1F 17 1E 3F 2 0 
ID: 153, Data: 80 0 0 FF 0 FF 0 0 
ID: 316, Data: 845 82 E5 17 87 19 1E 7D 
ID: 316, Data: 845 82 EC 17 87 19 1F 7D 
ID: 43F, Data: 843 48 60 FF 76 70 16 0 
ID: 316, Data: 845 82 FB 17 87 19 1F 7D 
ID: 153, Data: 80 0 0 FF 0 FF 0 0 
ID: 329, Data: 8B B2 80 8 11 4A 3E 26 
ID: 316, Data: 845 81 54 18 87 19 20 7D 
ID: 260, Data: 8B 82 89 30 0 FF 8B 33 
ID: 316, Data: 845 81 6B 18 88 19 20 7D 
ID: 280, Data: 830 0 88 B2 31 50 66 A8 
ID: 43F, Data: 843 48 60 FF 77 CC 17 0 
ID: 370, Data: 8FF E3 F0 FF FF FF FF FF 
ID: 153, Data: 80 0 0 FF 0 FF 0 0 
ID: 153, Data: 80 0 0 FF 0 FF 0 0 
ID: 316, Data: 845 81 9B 19 88 19 21 7D 
ID: 153, Data: 80 0 0 FF 0 FF 0 0 
ID: 153, Data: 80 0 0 FF 0 FF 0 0 
ID: 260, Data: 8B 83 89 30 0 FF 8B 5 
ID: 43F, Data: 843 48 60 FF 76 20 19 0 
ID: 370, Data: 8FF E4 F0 FF FF FF FF FF 
ID: 153, Data: 80 0 0 FF 0 FF 0 0 
ID: 260, Data: 8B 84 89 30 0 FF 8C 12 
ID: 316, Data: 845 83 8F 1A 88 19 23 7D 
ID: 153, Data: 80 0 0 FF 0 FF 0 0 
ID: 43F, Data: 843 48 60 FF 77 0 1A 0 
ID: 153, Data: 80 0 0 FF 0 FF 0 0 
ID: 316, Data: 845 83 52 1B 8A 1A 24 7D 
ID: 153, Data: 80 0 0 FF 0 FF 0 0 
ID: 43F, Data: 843 48 60 FF 76 E0 1A 0 
ID: 18F, Data: 8AA 43 0 0 0 0 0 0 
ID: 43F, Data: 843 48 60 FF 76 28 1B 0 
ID: 153, Data: 80 0 0 FF 0 FF 0 0 
ID: 43F, Data: 843 48 60 FF 76 70 1B 0 
ID: 316, Data: 845 85 92 1C 89 1A 26 7D 
ID: 2A0, Data: 81 2A 66 18 31 0 10 0 
ID: 153, Data: 80 0 0 FF 0 FF 0 0 
ID: 316, Data: 845 85 1C 1D 89 1A 27 7D 
ID: 153, Data: 80 0 0 FF 0 FF 0 0 
ID: 43F, Data: 843 48 60 FF 77 9C 1C 0 
ID: 545, Data: 8E4 2A 1 8A 5D 7 5D 7 
ID: 5F0, Data: 20 0 
ID: 316, Data: 845 86 13 1E 8B 1A 28 7D 
ID: 43F, Data: 843 48 60 FF 76 30 1D 0 
ID: A0, Data: 89B 7E 1E 1E 28 44 2 0 
ID: 153, Data: 80 0 0 FF 0 FF 0 0 
ID: 316, Data: 845 86 B8 1E 8B 1A 29 7D 
ID: 316, Data: 845 87 D1 1E 8B 1A 29 7D 
ID: 43F, Data: 843 48 60 FF 76 2C 1E 0 
ID: 440, Data: 8FE 13 29 A0 FF AA AA AA 
ID: 153, Data: 80 0 0 FF 0 FF 0 0 
ID: 153, Data: 80 0 0 FF 0 FF 0 0 
ID: 316, Data: 845 88 0 20 8A 1A 2A 7D 
ID: 153, Data: 80 0 0 FF 0 FF 0 0 
ID: 316, Data: 845 88 27 20 8A 1A 2B 7D 
ID: 316, Data: 845 88 4F 20 8A 1A 2B 7D 
ID: A0, Data: 89A 7E 6A 20 2C 46 2 0 
ID: 316, Data: 845 87 C9 20 8A 1A 2B 7D 
ID: 280, Data: 830 0 88 B2 42 53 66 A6 
ID: 316, Data: 845 87 1C 21 8A 1A 2C 7D 
ID: 18F, Data: 8AA 44 0 0 0 0 0 0 
ID: 153, Data: 80 0 0 FF 0 FF 0 0 
ID: 43F, Data: 843 48 60 FF 77 BC 20 0 
ID: 153, Data: 80 0 0 FF 0 FF 0 0 
ID: 316, Data: 845 86 3 22 89 1A 2D 7D 
ID: 316, Data: 845 86 30 22 89 1A 2D 7D 
ID: 545, Data: 8E4 4F 1 8C 7A 7 7A 7 
ID: 5A0, Data: 80 0 0 90 0 0 0 0 
ID: 316, Data: 845 87 9A 22 80 11 2E 7D 
ID: 43F, Data: 843 48 60 FF 76 4 22 0 
ID: 545, Data: 8E4 56 1 8C 25 8 25 8 
ID: 153, Data: 80 0 0 FF 0 FF 0 0 
ID: 316, Data: 845 82 6 23 80 11 2F 7D 
ID: 153, Data: 80 0 0 FF 0 FF 0 0 
ID: 316, Data: 845 80 36 23 80 11 2F 7D 
ID: 440, Data: 8FE B3 30 A0 FF AA AA AA 
ID: 153, Data: 80 0 0 FF 0 FF 0 0 
ID: 43F, Data: 843 48 60 FF 77 3C 23 0 
ID: 153, Data: 80 0 0 FF 0 FF 0 0 
ID: 316, Data: 85 7D 4C 24 7F 11 31 7D 
ID: 316, Data: 85 7C 90 24 7F 11 31 7D 
ID: 43F, Data: 843 48 60 FF 76 DC 23 0 
ID: 316, Data: 85 7C D5 24 7F 11 31 7D 
ID: 153, Data: 80 0 0 FF 0 FF 0 0 
ID: 153, Data: 80 0 0 FF 0 FF 0 0 
ID: 316, Data: 85 7B 50 25 7F 12 32 7D 
ID: 43F, Data: 843 48 60 FF 76 B0 24 0 
ID: 316, Data: 85 7B AA 25 7E 12 32 7D 
ID: A1, Data: 884 7B 80 7E 4A 0 0 0 
ID: 43F, Data: 843 48 60 FF 76 38 25 0 
ID: 43F, Data: 843 48 60 FF 76 5C 25 0 
ID: 2A0, Data: 81 36 66 18 31 0 10 0 
ID: 316, Data: 85 7D AF 26 7D 12 33 7D 
ID: 316, Data: 85 7E D5 26 7D 12 34 7D 
ID: 43F, Data: 843 48 60 FF 76 2C 26 0 
ID: 43F, Data: 843 48 60 FF 77 48 26 0 
ID: A1, Data: 884 7B 80 7E 49 0 0 0 
ID: 153, Data: 80 0 0 FF 0 FF 0 0 
ID: 316, Data: 85 7C 86 27 7D 12 35 7D 
ID: 153, Data: 80 0 0 FF 0 FF 0 0 
ID: 316, Data: 85 7C D7 27 7D 12 35 7D 
ID: 316, Data: 85 7C 14 28 7C 13 36 7D 
ID: 18F, Data: 8AA 40 0 0 0 0 0 0 
ID: 43F, Data: 843 48 60 FF 77 A8 27 0 
ID: 153, Data: 80 0 0 FF 0 FF 0 0 
ID: 316, Data: 85 7B BB 28 7C 13 37 7D 
ID: 5F0, Data: 20 0 
ID: A0, Data: 88C 7E 91 28 37 46 2 0 
ID: 440, Data: 8FE 13 37 A0 FF AA AA AA 
ID: 43F, Data: 843 48 60 FF 77 60 28 0 
ID: 5F0, Data: 20 0 
ID: 153, Data: 80 0 0 FF 0 FF 0 0 
ID: A0, Data: 88B 7E 68 29 38 46 2 0 
ID: 2A0, Data: 861 38 66 18 31 0 10 0 
ID: 153, Data: 80 0 0 FF 0 FF 0 0 
ID: 43F, Data: 843 48 60 FF 76 48 29 0 
ID: 43F, Data: 843 48 60 FF 76 74 29 0 
ID: 43F, Data: 843 48 60 FF 77 9C 29 0 
ID: A1, Data: 880 7E 80 7D 47 0 0 0 
ID: 316, Data: 85 7A A4 2A 7A 14 39 7D 
ID: 316, Data: 85 7A D3 2A 7A 14 3A 7D 
ID: 43F, Data: 843 48 60 FF 76 40 2A 0 
ID: 43F, Data: 843 48 60 FF 76 58 2A 0 
ID: A0, Data: 889 7E BC 2A 3A 46 2 0 
ID: 153, Data: 80 0 0 FF 0 FF 0 0 
ID: 316, Data: 85 7A AB 2B 7A 14 3B 7D 
ID: 153, Data: 80 0 0 FF 0 FF 0 0 
ID: 2A0, Data: 8A1 3A 66 18 31 0 10 0 
ID: 316, Data: 85 7A F4 2B 79 14 3B 7D 
ID: 260, Data: 8B 7A 7A 30 0 FF AB 3A 
ID: 43F, Data: 843 48 60 FF 77 A8 2B 0 
ID: 329, Data: 8ED B2 80 8 11 52 34 26 
ID: 316, Data: 85 77 A4 2C 4B 14 3C 7D 
ID: 316, Data: 85 6C BE 2C 4A 15 3C 7D 
ID: 43F, Data: 843 48 60 FF 76 4 2C 0 
ID: 43F, Data: 843 48 60 FF 76 14 2C 0 
ID: 545, Data: 8E4 DF 0 8D C 4 C 4 
ID: 5F0, Data: 20 0 
ID: 316, Data: 85 4A A4 2C 4C 16 3D 7D 
ID: 316, Data: 85 49 D7 2C 4F 16 3D 7D 
ID: 316, Data: 85 47 B 2D 53 16 3D 7D 
ID: 153, Data: 80 0 0 FF 0 FF 0 0 
ID: 316, Data: 85 49 A9 2D 56 16 3E 7D 
ID: 43F, Data: 843 48 60 FF 76 E0 2C 0 
ID: 316, Data: 85 51 30 2E 55 16 3E 7D 
ID: 1F0, Data: 8F8 3F F9 BF 0 0 0 0 
ID: 316, Data: 85 55 4B 2E 4F 16 3E 7D 
ID: 316, Data: 85 56 30 2E 4B 16 3E 7D 
ID: 43F, Data: 843 48 60 FF 77 2C 2D 0 
ID: 153, Data: 80 0 0 FF 0 FF 0 0 
ID: 1F0, Data: 8F8 3F F9 BF 0 0 0 0 
ID: 2A0, Data: 8C1 36 66 18 31 0 10 0 
ID: 280, Data: 830 0 88 B2 5B 20 66 59 
ID: 153, Data: 80 0 0 FF 0 FF 0 0 
ID: 316, Data: 85 29 DF 2D D 1A 3F 7D 
ID: 316, Data: 85 27 DF 2D D 1A 3F 7D 
ID: 280, Data: 830 0 88 B2 5B 15 65 37 
ID: 43F, Data: 843 48 60 FF 77 44 2D 0 
ID: 43F, Data: 843 48 60 FF 76 34 2D 0 
ID: A0, Data: 81D 7D 74 2D 3F 2C 2 0 
ID: 316, Data: 85 1E B 2D E 1B 3F 7D 
ID: 316, Data: 85 1D D7 2C E 1B 3F 7D 
ID: 260, Data: 8B 1C E 30 0 FF B0 E 
ID: 43F, Data: 843 48 60 FF 77 4 2D 0 
ID: 153, Data: 80 0 0 FF 0 FF 0 0 
ID: 43F, Data: 843 48 60 FF 77 4 2D 0 
ID: 1F1, Data: 80 AC F0 E1 1E F9 A1 1F 
ID: 1F0, Data: 8F9 3F F9 BF 0 0 0 0 
ID: 370, Data: 8FF DB F0 FF FF FF FF FF 
ID: 43F, Data: 843 48 60 FF 77 F4 2C 0 
ID: 153, Data: 80 0 0 FF 0 FF 0 0 
ID: 316, Data: 85 2D A9 2D 3E 1A 3E 7D 
ID: 153, Data: 80 0 0 FF 0 FF 0 0 
ID: 316, Data: 85 35 67 2E 3E 1A 3E 7D 
ID: 153, Data: 80 0 0 FF 0 FF 0 0 
ID: 280, Data: 830 0 88 B1 5C 23 65 56 
ID: 316, Data: 85 3B 67 2E 3D 19 3E 7D 
ID: 43F, Data: 843 48 60 FF 77 24 2D 0 
ID: 43F, Data: 843 48 60 FF 77 24 2D 0 
ID: 2A0, Data: 8A1 2A 65 18 31 0 10 0 
ID: 5F0, Data: 20 0 
ID: 316, Data: 85 3D 82 2E 3D 18 3F 7D 
ID: 316, Data: 85 3E 9E 2E 3D 18 3F 7D 
ID: 153, Data: 80 0 0 FF 0 FF 0 0 
ID: 5F0, Data: 20 0 
ID: 316, Data: 85 3E BA 2E 3D 18 3F 7D 
ID: 153, Data: 80 0 0 FF 0 FF 0 0 
ID: 329, Data: 884 B1 80 8 11 42 1F 26 
ID: 316, Data: 85 3E D6 2E 3D 19 3F 7D 
ID: 43F, Data: 843 48 60 FF 77 A8 2D 0 
ID: 43F, Data: 843 48 60 FF 76 B0 2D 0 
ID: 18F, Data: 8AA 38 0 0 0 0 0 0 
ID: 316, Data: 85 40 F2 2E 48 19 3F 7D 
ID: 153, Data: 80 0 0 FF 0 FF 0 0 
ID: 153, Data: 80 0 0 FF 0 FF 0 0 
ID: 316, Data: 85 45 64 2F 47 18 3F 7D 
ID: 43F, Data: 843 48 60 FF 77 0 2E 0 
ID: 316, Data: 85 46 81 2F 47 18 3F 7D 
ID: 5F0, Data: 20 0 
ID: 153, Data: 80 0 0 FF 0 FF 0 0 
ID: 1F0, Data: 8F7 3F F9 BF 0 0 0 0 
ID: 43F, Data: 843 48 60 FF 77 2C 2E 0 
ID: 43F, Data: 843 48 60 FF 77 3C 2E 0 
ID: 316, Data: 85 46 BB 2F 31 18 40 7D 
ID: 316, Data: 85 3F 9E 2F 2B 18 40 7D 
ID: 316, Data: 85 3A 64 2F 2C 19 40 7D 
ID: 43F, Data: 843 48 60 FF 77 40 2E 0 
ID: 43F, Data: 843 48 60 FF 77 44 2E 0 
ID: A0, Data: 834 7D F 2F 41 34 2 0 
ID: 316, Data: 85 2F 2B 2F 31 1A 40 7D 
ID: 316, Data: 85 2F 2B 2F 32 1A 40 7D 
ID: A1, Data: 881 7C 83 79 23 0 0 0 
ID: 43F, Data: 843 48 60 FF 76 60 2E 0 
ID: 43F, Data: 843 48 60 FF 77 64 2E 0 
ID: 2A0, Data: 861 26 65 18 31 0 10 0 
ID: 316, Data: 85 2E 2B 2F 32 1A 40 7D 
ID: 316, Data: 85 2F 48 2F 32 1A 40 7D 
ID: 43F, Data: 843 48 60 FF 77 98 2E 0 
ID: 316, Data: 85 2F 64 2F 32 1A 40 7D 
ID: 153, Data: 80 0 0 FF 0 FF 0 0 
ID: 316, Data: 85 30 64 2F 31 1A 40 7D 
ID: 153, Data: 80 0 0 FF 0 FF 0 0 
ID: 329, Data: 884 B1 80 8 11 3E 17 26 
ID: 316, Data: 85 31 81 2F 31 1A 40 7D 
ID: 43F, Data: 843 48 60 FF 77 98 2E 0 
ID: 43F, Data: 843 48 60 FF 77 A0 2E 0 
ID: 18F, Data: 8AA 37 0 0 0 0 0 0 
ID: 153, Data: 80 0 0 FF 0 FF 0 0 
ID: 316, Data: 85 31 81 2F 33 1A 41 7D 
ID: 43F, Data: 843 48 60 FF 77 A4 2E 0 
ID: 316, Data: 85 31 81 2F 33 1A 41 7D 
ID: A0, Data: 836 7D 81 2F 41 35 2 0 
ID: 153, Data: 80 0 0 FF 0 FF 0 0 
ID: 316, Data: 85 31 9E 2F 33 1A 41 7D 
ID: 153, Data: 80 0 0 FF 0 FF 0 0 
ID: 153, Data: 80 0 0 FF 0 FF 0 0 
ID: 316, Data: 85 31 BB 2F 33 1A 41 7D 
ID: 153, Data: 80 0 0 FF 0 FF 0 0 
ID: 260, Data: 8B 32 34 30 0 FF CC 1F 
ID: 316, Data: 85 32 D8 2F 34 1A 41 7D 
ID: 153, Data: 80 0 0 FF 0 FF 0 0 
ID: 316, Data: 85 32 D8 2F 33 1A 41 7D 
ID: 153, Data: 80 0 0 FF 0 FF 0 0 
ID: 316, Data: 85 33 D8 2F 33 1A 41 7D 
ID: 153, Data: 80 0 0 FF 0 FF 0 0 
ID: A0, Data: 839 7D F6 2F 41 36 2 0 
ID: 329, Data: 884 B1 80 8 11 3F 1A 26 
ID: 18F, Data: 8AA 36 0 0 0 0 0 0 
ID: 43F, Data: 843 48 60 FF 76 FC 2E 0 
ID: 153, Data: 80 0 0 FF 0 FF 0 0 
ID: 316, Data: 85 37 F6 2F 3F 1A 41 7D 
ID: 316, Data: 85 3B 13 30 41 1A 41 7D 
ID: 2A0, Data: 8A1 21 65 18 31 0 10 0 
ID: 316, Data: 85 3E 6D 30 41 19 41 7D 
ID: 316, Data: 85 3E 6D 30 42 19 41 7D 
ID: 43F, Data: 843 48 60 FF 76 54 2F 0 
ID: 316, Data: 85 40 13 30 42 19 41 7D 
ID: 43F, Data: 843 48 60 FF 76 50 2F 0 
ID: 5F0, Data: 20 0 
ID: A1, Data: 885 7B 85 7C 2E 0 0 0 
ID: 18F, Data: 8AA 36 0 0 0 0 0 0 
ID: A0, Data: 84A 7D 31 30 42 3A 2 0 
ID: 153, Data: 80 0 0 FF 0 FF 0 0 
ID: 2A0, Data: 8A1 22 65 18 31 0 10 0 
ID: 1F1, Data: 80 68 B 62 20 19 92 21 
ID: 153, Data: 80 0 0 FF 0 FF 0 0 
ID: 153, Data: 80 0 0 FF 0 FF 0 0 
ID: 316, Data: 85 44 6D 30 42 18 42 7D 
ID: 18F, Data: 8AA 36 0 0 0 0 0 0 
ID: 153, Data: 80 0 0 FF 0 FF 0 0 
ID: 316, Data: 85 44 6D 30 42 19 42 7D 
ID: 43F, Data: 843 48 60 FF 77 8 30 0 
ID: 316, Data: 85 44 8B 30 42 19 42 7D 
ID: 545, Data: 8E4 CE 0 8D FE 2 FE 2 
ID: 153, Data: 80 0 0 FF 0 FF 0 0 
ID: 316, Data: 85 44 A9 30 42 19 43 7D 
ID: 5F0, Data: 20 0 
ID: 316, Data: 85 43 C7 30 42 19 43 7D 
ID: 43F, Data: 843 48 60 FF 76 68 30 0 
ID: 545, Data: 8E4 D7 0 8D F1 2 F1 2 
ID: 316, Data: 85 43 5 31 42 19 43 7D 
ID: 1F1, Data: 80 35 19 22 21 22 32 22 
ID: 153, Data: 80 0 0 FF 0 FF 0 0 
ID: 43F, Data: 843 48 60 FF 76 B4 30 0 
ID: 43F, Data: 843 48 60 FF 76 C8 30 0 
ID: 280, Data: 830 0 88 B1 62 28 65 63 
ID: 5F0, Data: 20 0 
ID: 316, Data: 85 42 61 31 41 19 43 7D 
ID: 153, Data: 80 0 0 FF 0 FF 0 0 
ID: 1F1, Data: 80 9B 1C 52 21 27 52 22 
ID: 260, Data: 8B 42 42 30 0 FF C2 19 
ID: 440, Data: 8FE 63 44 A0 FF AA AA AA 
ID: 316, Data: 85 41 A0 31 41 19 44 7D 
ID: 153, Data: 80 0 0 FF 0 FF 0 0 
ID: 316, Data: 85 41 A0 31 41 19 44 7D 
ID: 316, Data: 85 41 A0 31 41 19 44 7D 
ID: A0, Data: 849 7D 81 31 44 3B 2 0 
ID: 316, Data: 85 41 E0 31 41 19 44 7D 
ID: 316, Data: 85 41 E0 31 41 19 44 7D 
ID: 316, Data: 85 41 E0 31 36 19 44 7D 
ID: 316, Data: 85 40 0 32 34 19 44 7D 
ID: 18F, Data: 8AA 35 0 0 0 0 0 0 
ID: 5F0, Data: 20 0 
ID: 43F, Data: 843 48 60 FF 76 84 31 0 
ID: 43F, Data: 843 48 60 FF 76 80 31 0 
ID: 5F0, Data: 20 0 
ID: 18F, Data: 8AA 35 0 0 0 0 0 0 
ID: 260, Data: 8B 35 35 30 0 FF C8 3D 
ID: 316, Data: 85 35 20 32 34 1A 45 7D 
ID: 43F, Data: 843 48 60 FF 77 B0 31 0 
ID: 153, Data: 80 0 0 FF 0 FF 0 0 
ID: 18F, Data: 8AA 35 0 0 0 0 0 0 
ID: 316, Data: 85 33 40 32 31 1A 45 7D 
ID: 43F, Data: 843 48 60 FF 77 C4 31 0 
ID: 260, Data: 8B 33 32 30 0 FF C9 31 
ID: 153, Data: 80 0 0 FF 0 FF 0 0 
ID: 316, Data: 85 31 40 32 B 1A 45 7D 
ID: 1F1, Data: 80 12 26 12 22 33 E2 22 
ID: 153, Data: 80 0 0 FF 0 FF 0 0 
ID: 43F, Data: 843 48 60 FF 77 BC 31 0 
ID: 153, Data: 80 0 0 FF 0 FF 0 0 
ID: 316, Data: 85 20 C0 31 D 1C 45 7D 
ID: 153, Data: 80 0 0 FF 0 FF 0 0 
ID: 316, Data: 85 1E 81 31 D 1C 45 7D 
ID: 5F0, Data: 20 0 
ID: 280, Data: 830 0 84 B1 62 11 65 2E 
ID: 316, Data: 85 1D 23 31 D 1C 45 7D 
ID: 153, Data: 80 0 0 FF 0 FF 0 0 
ID: 5F0, Data: 20 0 
ID: 43F, Data: 843 48 60 FF 77 74 31 0 
ID: 316, Data: 85 1C E6 30 21 1C 45 7D 
ID: 316, Data: 85 1C 23 31 26 1C 45 7D 
ID: 43F, Data: 843 48 60 FF 77 7C 31 0 
ID: 316, Data: 85 20 81 31 26 1C 44 7D 
ID: 153, Data: 80 0 0 FF 0 FF 0 0 
ID: 316, Data: 85 22 C0 31 27 1C 44 7D 
ID: 153, Data: 80 0 0 FF 0 FF 0 0 
ID: 329, Data: 8ED B1 80 8 11 3E 1B 26 
ID: 316, Data: 85 2C 0 32 3B 1B 44 7D 
ID: 43F, Data: 843 48 60 FF 77 C8 31 0 
ID: 43F, Data: 843 48 60 FF 77 98 31 0 
ID: 370, Data: 8FF DD F0 FF FF FF FF FF 
ID: 153, Data: 80 0 0 FF 0 FF 0 0 
ID: 2A0, Data: 861 1B 65 18 31 0 10 0 
ID: 316, Data: 85 3B C2 32 3B 1A 45 7D 
ID: A1, Data: 884 7B 86 7B 2A 0 0 0 
ID: 43F, Data: 843 48 60 FF 77 AC 31 0 
ID: 153, Data: 80 0 0 FF 0 FF 0 0 
ID: A1, Data: 884 7B 87 7C 2B 0 0 0 
ID: 316, Data: 85 3B E3 32 3B 1A 45 7D 
ID: 280, Data: 830 0 88 B1 65 23 65 59 
ID: 370, Data: 8FF DD F0 FF FF FF FF FF 
ID: 316, Data: 85 3B E3 32 3B 1A 45 7D 
ID: 316, Data: 85 3B 5 33 3B 1A 45 7D 
ID: 329, Data: 8B B1 80 8 11 43 20 26 
ID: 43F, Data: 843 48 60 FF 77 F8 31 0 
ID: 316, Data: 85 3B 26 33 3B 1A 45 7D 
ID: 329, Data: 840 B1 80 8 11 43 20 26 
ID: 43F, Data: 843 48 60 FF 77 24 32 0 
ID: 370, Data: 8FF DD F0 FF FF FF FF FF 
ID: 153, Data: 80 0 0 FF 0 FF 0 0 
ID: 545, Data: 8E4 C5 0 8D 4B 2 4B 2 
ID: 316, Data: 85 3B 69 33 3B 1A 45 7D 
ID: 545, Data: 8E4 C5 0 8D 45 2 45 2 
ID: 43F, Data: 843 48 60 FF 77 48 32 0 
ID: 153, Data: 80 0 0 FF 0 FF 0 0 
ID: A0, Data: 842 7D 69 33 46 39 2 0 
ID: 316, Data: 85 3B 69 33 3B 1A 46 7D 
ID: 260, Data: 8B 3B 3B 30 0 FF C5 34 
ID: 316, Data: 85 3B 69 33 3B 1A 46 7D 
ID: 316, Data: 85 3B 8B 33 3A 1A 46 7D 
ID: 316, Data: 85 3B AD 33 3A 1A 46 7D 
ID: 316, Data: 85 3B AD 33 38 1A 46 7D 
ID: A1, Data: 883 7B 84 7C 2A 0 0 0 
ID: 316, Data: 85 39 AD 33 25 1A 46 7D 
ID: 316, Data: 85 37 AD 33 21 1A 46 7D 
ID: 43F, Data: 843 48 60 FF 76 8C 32 0 
ID: 316, Data: 85 2D 48 33 21 1B 46 7D 
ID: A1, Data: 885 7C 87 7A 23 0 0 0 
ID: 5F0, Data: 20 0 
ID: 316, Data: 85 27 E3 32 26 1B 46 7D 
ID: 316, Data: 85 27 E3 32 27 1B 46 7D 
ID: 329, Data: 840 B1 80 8 11 3A 11 26 
ID: 153, Data: 80 0 0 FF 0 FF 0 0 
ID: 280, Data: 830 0 88 B1 65 16 65 3B 
ID: 316, Data: 85 25 C2 32 28 1C 46 7D 
ID: 316, Data: 85 25 E3 32 28 1C 46 7D 
ID: 316, Data: 85 25 C2 32 28 1B 46 7D 
ID: A0, Data: 82A 7D C2 32 46 32 2 0 
ID: 5F0, Data: 20 0 
ID: 316, Data: 85 27 E3 32 28 1B 46 7D 
ID: 316, Data: 85 28 E3 32 29 1B 46 7D 
ID: 43F, Data: 843 48 60 FF 77 74 32 0 
ID: 370, Data: 8FF DD F0 FF FF FF FF FF 
ID: 18F, Data: 8AA 34 0 0 0 0 0 0 
ID: 316, Data: 85 2A E3 32 30 1B 46 7D 
ID: 316, Data: 85 2B 5 33 32 1B 46 7D 
ID: 316, Data: 85 2D 26 33 34 1B 46 7D 
ID: 43F, Data: 843 48 60 FF 77 7C 32 0 
ID: 316, Data: 85 30 48 33 34 1B 46 7D 
ID: 153, Data: 80 0 0 FF 0 FF 0 0 
ID: 153, Data: 80 0 0 FF 0 FF 0 0 
ID: 316, Data: 85 32 69 33 33 1B 46 7D 
ID: 370, Data: 8FF DD F0 FF FF FF FF FF 
ID: 5F0, Data: 20 0 
ID: 153, Data: 80 0 0 FF 0 FF 0 0 
ID: 43F, Data: 843 48 60 FF 76 90 32 0 
ID: 280, Data: 830 0 88 B1 66 1F 65 4F 
ID: 370, Data: 8FF DD F0 FF FF FF FF FF 
ID: 316, Data: 85 34 8B 33 34 1A 46 7D 
ID: 153, Data: 80 0 0 FF 0 FF 0 0 
ID: 329, Data: 8ED B1 80 8 11 41 21 26 
ID: 316, Data: 85 37 AD 33 3E 1A 46 7D 
ID: A0, Data: 83B 7D AD 33 47 39 2 0 
ID: 5F0, Data: 20 0 
ID: 316, Data: 85 3C 15 34 3E 1A 46 7D 
ID: 316, Data: 85 3D 38 34 3E 1A 46 7D 
ID: 43F, Data: 843 48 60 FF 77 4 33 0 
ID: 440, Data: 8FE 13 46 A0 FF AA AA AA 
ID: 2A0, Data: 8C1 1B 65 18 31 0 10 0 
ID: 153, Data: 80 0 0 FF 0 FF 0 0 
ID: 329, Data: 8ED B1 80 8 11 44 22 26 
ID: 316, Data: 85 3F 5B 34 3D 1A 47 7D 
ID: 18F, Data: 8AA 34 0 0 0 0 0 0 
ID: 370, Data: 8FF DD F0 FF FF FF FF FF 
ID: 43F, Data: 843 48 60 FF 77 44 33 0 
ID: 440, Data: 8FE 63 47 A0 FF AA AA AA 
ID: 153, Data: 80 0 0 FF 0 FF 0 0 
ID: 2A0, Data: 8C1 1B 65 18 31 0 10 0 
ID: 316, Data: 85 41 A1 34 47 23 47 7D 
ID: 43F, Data: 843 48 60 FF 77 70 33 0 
ID: 43F, Data: 843 48 60 FF 77 94 33 0 
ID: 260, Data: 8B 47 46 30 0 FF BF 32 
ID: 153, Data: 80 0 0 FF 0 FF 0 0 
ID: 316, Data: 85 48 31 35 46 23 47 7D 
ID: 5F0, Data: 20 0 
ID: 18F, Data: 8AA 34 0 0 0 0 0 0 
ID: 18F, Data: 8AA 34 0 0 0 0 0 0 
ID: 316, Data: 85 43 31 35 34 23 48 7D 
ID: 316, Data: 845 40 C 35 34 23 48 7D 
ID: 18F, Data: 8AA 34 0 0 0 0 0 0 
ID: 43F, Data: 843 48 60 FF 77 A0 33 0 
ID: 153, Data: 80 0 0 FF 0 FF 0 0 
ID: 316, Data: 845 38 7E 34 3F 24 48 7D 
ID: 316, Data: 845 37 A1 34 42 24 48 7D 
ID: A0, Data: 83B 7D 5B 34 48 38 2 0 
ID: 316, Data: 845 3E E8 34 43 24 48 7D 
ID: 280, Data: 830 0 88 B1 69 26 65 5D 
ID: 43F, Data: 843 48 60 FF 77 18 34 0 
ID: 440, Data: 8FE B3 48 A0 FF AA AA AA 
ID: 5F0, Data: 20 0 
ID: 260, Data: 8B 44 41 30 0 FF C0 1A 
ID: 2A0, Data: 81 1C 65 18 31 0 10 0 
ID: 440, Data: 8FE 63 48 A0 FF AA AA AA 
ID: 5F0, Data: 20 0 
ID: A0, Data: 84A 7D 55 35 49 3D 2 0 
ID: 260, Data: 8B 44 41 30 0 FF C0 38 
ID: 43F, Data: 843 48 60 FF 77 64 34 0 
ID: 5F0, Data: 20 0 
ID: 2A0, Data: 861 1C 65 18 31 0 10 0 
ID: 280, Data: 830 0 88 B1 6A 28 65 60 
ID: 43F, Data: 843 48 60 FF 77 74 34 0 
ID: 316, Data: 845 42 55 35 40 23 48 7D 
ID: 153, Data: 80 0 0 FF 0 FF 0 0 
ID: 316, Data: 845 41 55 35 40 23 49 7D 
ID: 316, Data: 845 41 55 35 40 23 49 7D 
ID: 43F, Data: 843 48 60 FF 77 98 34 0 
ID: 153, Data: 80 0 0 FF 0 FF 0 0 
ID: 153, Data: 80 0 0 FF 0 FF 0 0 
ID: 2A0, Data: 8C1 1C 65 18 31 0 10 0 
ID: 43F, Data: 843 48 60 FF 77 B4 34 0 
ID: 2A0, Data: 81 1C 65 18 31 0 10 0 
ID: 153, Data: 80 0 0 FF 0 FF 0 0 
ID: 316, Data: 845 41 9E 35 40 23 49 7D 
ID: 153, Data: 80 0 0 FF 0 FF 0 0 
ID: A1, Data: 885 7B 85 7C 2D 0 0 0 
ID: 280, Data: 830 0 88 B1 6B 25 65 5C 
ID: 545, Data: 8E4 C6 0 8D CF 1 CF 1 
ID: 316, Data: 845 3C 79 35 36 24 49 7D 
ID: 153, Data: 80 0 0 FF 0 FF 0 0 
ID: A1, Data: 885 7B 84 7C 2A 0 0 0 
ID: 260, Data: 8B 39 37 30 0 FF C5 D 
ID: 18F, Data: 8AA 3B 0 0 0 0 0 0 
ID: 153, Data: 80 0 0 FF 0 FF 0 0 
ID: A0, Data: 83B 7D 79 35 4A 38 2 0 
ID: 316, Data: 845 38 79 35 44 24 49 7D 
ID: 545, Data: 8E4 BB 0 8D 93 1 93 1 
ID: 153, Data: 80 0 0 FF 0 FF 0 0 
ID: 316, Data: 845 43 E8 35 45 23 49 7D 
ID: 153, Data: 80 0 0 FF 0 FF 0 0 
ID: 43F, Data: 843 48 60 FF 77 44 35 0 
ID: 280, Data: 830 0 88 B1 6C 2A 65 64 
ID: 43F, Data: 843 48 60 FF 77 40 35 0 
ID: 280, Data: 830 0 88 B1 6B 2A 65 66 
ID: 5F0, Data: 20 0 
ID: 316, Data: 845 48 E8 35 45 23 4A 7D 
ID: 316, Data: 845 48 C3 35 45 23 4A 7D 
ID: 316, Data: 845 48 D 36 45 23 4A 7D 
ID: 545, Data: 8E4 EC 0 8D 92 2 92 2 
ID: 43F, Data: 843 48 60 FF 77 A8 35 0 
ID: 43F, Data: 843 48 60 FF 76 B0 35 0 
ID: 545, Data: 8E4 F7 0 8D 8F 2 8F 2 
ID: 153, Data: 80 0 0 FF 0 FF 0 0 
ID: 316, Data: 845 48 33 36 46 23 4A 7D 
ID: 5F0, Data: 20 0 
ID: A0, Data: 84E 7D 59 36 4B 3E 2 0 
ID: 260, Data: 8B 48 46 30 0 FF BD 33 
ID: 43F, Data: 843 48 60 FF 76 CC 35 0 
ID: 153, Data: 80 0 0 FF 0 FF 0 0 
ID: 545, Data: 8E4 EF 0 8D 90 2 90 2 
ID: 316, Data: 845 48 7E 36 45 23 4B 7D 
ID: 440, Data: 8FE 13 4B A0 FF AA AA AA 
ID: 316, Data: 845 48 A5 36 45 23 4B 7D 
ID: 43F, Data: 843 48 60 FF 76 20 36 0 
ID: 153, Data: 80 0 0 FF 0 FF 0 0 
ID: 43F, Data: 843 48 60 FF 77 30 36 0 
ID: 260, Data: 8B 45 2F 30 0 FF BD 2 
ID: 316, Data: 845 3D 7E 36 2E 23 4B 7D 
ID: 316, Data: 845 39 59 36 2C 24 4B 7D 
ID: 43F, Data: 843 48 60 FF 76 20 36 0 
ID: 5F0, Data: 20 0 
ID: 153, Data: 80 0 0 FF 0 FF 0 0 
ID: 43F, Data: 843 48 60 FF 76 28 36 0 
ID: 260, Data: 8B 23 15 30 0 FF C7 33 
ID: 43F, Data: 843 48 60 FF 77 10 36 0 
ID: 43F, Data: 843 48 60 FF 77 E0 35 0 
ID: 153, Data: 80 0 0 FF 0 FF 0 0 
ID: 316, Data: 845 1C 31 35 16 26 4B 7D 
ID: 316, Data: 845 1B C 35 16 26 4B 7D 
ID: 260, Data: 8B 1A 16 30 0 FF 99 3D 
ID: 43F, Data: 843 48 60 FF 76 A8 35 0 
ID: 316, Data: 845 18 C5 34 16 26 4B 7D 
ID: 153, Data: 80 0 0 FF 0 FF 0 0 
ID: 280, Data: 830 0 88 B1 68 11 65 2E 
ID: 316, Data: 845 1E 15 34 22 26 4A 7D 
ID: 43F, Data: 843 48 60 FF 76 90 35 0 
ID: 316, Data: 845 22 31 35 22 25 4A 7D 
ID: 153, Data: 80 0 0 FF 0 FF 0 0 
ID: 316, Data: 845 23 C3 35 21 25 4A 7D 
ID: 316, Data: 845 23 C3 35 21 25 4A 7D 
ID: A1, Data: 887 7C 87 79 1A 0 0 0 
ID: 316, Data: 845 23 9E 35 22 25 4A 7D 
ID: 316, Data: 845 23 79 35 22 25 4A 7D 
ID: 316, Data: 845 23 79 35 22 25 4A 7D 
ID: 18F, Data: 8AA 3F 0 0 0 0 0 0 
ID: 153, Data: 80 0 0 FF 0 FF 0 0 
ID: 43F, Data: 843 48 60 FF 77 C 35 0 
ID: 43F, Data: 843 48 60 FF 77 28 35 0 
ID: 43F, Data: 843 48 60 FF 77 1C 35 0 
ID: 2A0, Data: 8C1 15 65 18 31 0 10 0 
ID: 153, Data: 80 0 0 FF 0 FF 0 0 
ID: 316, Data: 845 27 31 35 2C 25 4A 7D 
ID: 153, Data: 80 0 0 FF 0 FF 0 0 
ID: A0, Data: 82D 7D 31 35 4A 34 2 0 
ID: 545, Data: 8E4 92 0 8D 6D 0 6D 0 
ID: A1, Data: 884 7C 88 79 1F 0 0 0 
ID: 316, Data: 845 2E C3 35 32 25 4A 7D 
ID: 153, Data: 80 0 0 FF 0 FF 0 0 
ID: 545, Data: 8E4 AA 0 8D BF 0 BF 0 
ID: 316, Data: 845 30 9E 35 32 24 4A 7D 
ID: 329, Data: 840 B1 80 8 11 40 13 26 
ID: 440, Data: 8FE B3 49 A0 FF AA AA AA 
ID: 18F, Data: 8AA 3F 0 0 0 0 0 0 
ID: 153, Data: 80 0 0 FF 0 FF 0 0 
ID: 316, Data: 845 31 E8 35 32 24 4A 7D 
ID: 440, Data: 8FE B3 49 A0 FF AA AA AA 
ID: 316, Data: 845 31 C3 35 32 24 4A 7D 
ID: 153, Data: 80 0 0 FF 0 FF 0 0 
ID: 545, Data: 8E4 A0 0 8D E9 0 E9 0 
ID: 370, Data: 8FF DD F0 FF FF FF FF FF 
ID: 316, Data: 845 32 9E 35 32 24 4A 7D 
ID: 153, Data: 80 0 0 FF 0 FF 0 0 
ID: 153, Data: 80 0 0 FF 0 FF 0 0 
ID: 280, Data: 830 0 88 B1 6B 1E 65 4C 
ID: 316, Data: 845 32 9E 35 32 24 4A 7D 
ID: 153, Data: 80 0 0 FF 0 FF 0 0 
ID: 43F, Data: 843 48 60 FF 77 1C 35 0 
ID: 316, Data: 845 32 9E 35 33 24 4A 7D 
ID: 260, Data: 8B 33 33 30 0 FF C8 22 
ID: 316, Data: 845 32 C3 35 33 24 4A 7D 
ID: 316, Data: 845 32 9E 35 33 24 4A 7D 
ID: 43F, Data: 843 48 60 FF 77 18 35 0 
ID: 18F, Data: 8AA 40 0 0 0 0 0 0 
ID: 1F1, Data: 80 69 46 42 24 54 42 25 
ID: 316, Data: 845 30 9E 35 14 24 4A 7D 
ID: 316, Data: 845 29 79 35 15 25 4A 7D 
ID: 43F, Data: 843 48 60 FF 77 8 35 0 
ID: 260, Data: 8B 22 16 30 0 FF C6 34 
ID: 153, Data: 80 0 0 FF 0 FF 0 0 
ID: 153, Data: 80 0 0 FF 0 FF 0 0 
ID: 316, Data: 845 1D 15 34 16 26 4A 7D 
ID: 43F, Data: 843 48 60 FF 77 C4 34 0 
ID: 316, Data: 845 1B 15 34 16 26 4A 7D 
ID: 153, Data: 80 0 0 FF 0 FF 0 0 
ID: 43F, Data: 843 48 60 FF 77 B4 34 0 
ID: 316, Data: 845 18 F2 33 16 26 49 7D 
ID: A1, Data: 889 80 95 7D 16 0 0 0 
ID: 316, Data: 845 15 69 33 16 26 49 7D 
ID: 316, Data: 845 15 26 33 16 26 49 7D 
ID: 153, Data: 80 0 0 FF 0 FF 0 0 
ID: 43F, Data: 843 48 60 FF 77 34 34 0 
ID: 316, Data: 845 21 E3 32 1D 25 49 7D 
ID: 370, Data: 8FF DD F0 FF FF FF FF FF 
ID: 316, Data: 845 20 E3 32 22 25 49 7D 
ID: 153, Data: 80 0 0 FF 0 FF 0 0 
ID: 545, Data: 8E4 66 0 8D 99 FF 99 FF 
ID: 316, Data: 845 21 15 34 27 25 48 7D 
ID: 153, Data: 80 0 0 FF 0 FF 0 0 
ID: 316, Data: 845 25 15 34 27 25 48 7D 
ID: 316, Data: 845 26 15 34 28 25 48 7D 
ID: 43F, Data: 843 48 60 FF 77 4 34 0 
ID: 43F, Data: 843 48 60 FF 77 10 34 0 
ID: A0, Data: 82B 7D 38 34 49 33 2 0 
ID: 316, Data: 845 27 5B 34 28 25 48 7D 
ID: 316, Data: 845 28 7E 34 28 25 48 7D 
ID: 43F, Data: 843 48 60 FF 77 20 34 0 
ID: 2A0, Data: 8C1 F 65 18 31 0 10 0 
ID: 153, Data: 80 0 0 FF 0 FF 0 0 
ID: 153, Data: 80 0 0 FF 0 FF 0 0 
ID: 316, Data: 845 28 F2 33 28 25 48 7D 
ID: 440, Data: 8FE C3 48 A0 FF AA AA AA 
ID: 316, Data: 845 28 F2 33 28 25 48 7D 
ID: 153, Data: 80 0 0 FF 0 FF 0 0 
ID: 545, Data: 8E4 85 0 8D 3F 0 3F 0 
ID: 316, Data: 845 28 15 34 28 25 48 7D 
ID: 2A0, Data: 8A1 F 65 18 31 0 10 0 
ID: 316, Data: 845 28 15 34 23 25 48 7D 
ID: 316, Data: 845 28 15 34 C 1B 48 7D 
ID: 153, Data: 80 0 0 FF 0 FF 0 0 
ID: 43F, Data: 843 48 60 FF 77 C4 33 0 
ID: 1F1, Data: 80 13 36 42 23 44 72 24 
ID: 370, Data: 8FF DD F0 FF FF FF FF FF 
ID: 316, Data: 845 1D 26 33 D 1C 48 7D 
ID: A1, Data: 88C 80 8C 7D 17 0 0 0 
ID: 43F, Data: 843 48 60 FF 77 88 33 0 
ID: 5A0, Data: 80 0 0 90 0 0 0 0 
ID: 2A0, Data: 81 D 65 18 31 0 10 0 
ID: 316, Data: 85 1C 8B 33 1D 1C 48 7D 
ID: 316, Data: 85 1C AD 33 1D 1C 48 7D 
ID: 43F, Data: 843 48 60 FF 77 A4 33 0 
ID: 316, Data: 85 1C 8B 33 1D 1C 48 7D 
ID: A1, Data: 88D 7C 8D 79 16 0 0 0 
ID: 316, Data: 85 1C 69 33 1D 1C 48 7D 
ID: 316, Data: 85 1C 69 33 1D 1C 47 7D 
ID: A1, Data: 88C 7C 8D 79 16 0 0 0 
ID: 316, Data: 85 1D 69 33 1D 1C 47 7D 
ID: 316, Data: 85 1D 69 33 1D 1C 47 7D 
ID: A0, Data: 81F 7D 69 33 48 2E 2 0 
ID: 316, Data: 85 1D 69 33 1D 1C 47 7D 
ID: 153, Data: 80 0 0 FF 0 FF 0 0 
ID: 370, Data: 8FF DD F0 FF FF FF FF FF 
ID: 545, Data: 8E4 5C 0 8D 1B 0 1B 0 
ID: 316, Data: 85 1E 48 33 1D 1C 47 7D 
ID: 316, Data: 85 1E 26 33 14 1C 47 7D 
ID: 153, Data: 80 0 0 FF 0 FF 0 0 
ID: 316, Data: 85 1E 48 33 13 1C 47 7D 
ID: 153, Data: 80 0 0 FF 0 FF 0 0 
ID: 316, Data: 85 1D 48 33 13 1C 47 7D 
ID: 316, Data: 85 1C 26 33 1C 1C 47 7D 
ID: 43F, Data: 843 48 60 FF 77 24 33 0 
ID: 370, Data: 8FF DD F0 FF FF FF FF FF 
ID: A1, Data: 886 7C 86 79 16 0 0 0 
ID: 153, Data: 80 0 0 FF 0 FF 0 0 
ID: 316, Data: 85 1E 26 33 20 1C 47 7D 
ID: 153, Data: 80 0 0 FF 0 FF 0 0 
ID: 1F0, Data: 8F9 3F F9 BF 0 0 0 0 
ID: 316, Data: 85 1F 5 33 20 1C 47 7D 
ID: 316, Data: 85 20 5 33 20 1C 47 7D 
ID: 153, Data: 80 0 0 FF 0 FF 0 0 
ID: 153, Data: 80 0 0 FF 0 FF 0 0 
ID: 316, Data: 85 20 48 33 20 1C 47 7D 
ID: 545, Data: 8E4 6B 0 8D 53 0 53 0 
ID: 153, Data: 80 0 0 FF 0 FF 0 0 
ID: 316, Data: 85 21 69 33 20 1C 47 7D 
ID: 5F0, Data: 20 0 
ID: 260, Data: 8B 21 20 30 0 FF D1 1 
ID: 545, Data: 8E4 6D 0 8D 52 0 52 0 
ID: 153, Data: 80 0 0 FF 0 FF 0 0 
ID: 153, Data: 80 0 0 FF 0 FF 0 0 
ID: 2A0, Data: 8C1 B 65 18 31 0 10 0 
ID: 280, Data: 830 0 88 B1 66 13 65 34 
ID: A1, Data: 888 7C 8B 79 19 0 0 0 
ID: 316, Data: 85 20 48 33 20 1C 47 7D 
ID: 316, Data: 85 20 48 33 C 1C 47 7D 
ID: A0, Data: 823 7D 48 33 48 30 2 0 
ID: 43F, Data: 843 48 60 FF 77 4 33 0 
ID: 440, Data: 8FE 13 47 A0 FF AA AA AA 
ID: 545, Data: 8E4 5F 0 8D E 0 E 0 
ID: 316, Data: 85 1C C2 32 D 1C 47 7D 
ID: 153, Data: 80 0 0 FF 0 FF 0 0 
ID: 316, Data: 85 1B C2 32 D 1C 47 7D 
ID: 153, Data: 80 0 0 FF 0 FF 0 0 
ID: 329, Data: 8B B1 80 8 11 35 0 26 
ID: 316, Data: 85 19 E3 32 D 1C 47 7D 
ID: 329, Data: 840 B1 80 8 11 35 0 26 
ID: 153, Data: 80 0 0 FF 0 FF 0 0 
ID: 153, Data: 80 0 0 FF 0 FF 0 0 
ID: 316, Data: 85 15 20 32 D 1C 47 7D 
ID: A1, Data: 889 80 8A 7D 15 0 0 0 
ID: 316, Data: 85 14 40 32 D 1C 47 7D 
ID: 316, Data: 85 14 20 32 D 1C 47 7D 
ID: 1F1, Data: 80 D0 2F D2 22 3B B2 23 
ID: 153, Data: 80 0 0 FF 0 FF 0 0 
ID: 43F, Data: 843 48 60 FF 77 BC 32 0 
ID: 316, Data: 85 18 20 32 D 1C 47 7D 
ID: 316, Data: 85 18 20 32 D 1C 47 7D 
ID: 43F, Data: 843 48 60 FF 77 AC 32 0 
ID: 316, Data: 85 18 40 32 D 1C 46 7D 
ID: 329, Data: 8ED B1 80 8 11 39 0 26 
ID: 5A0, Data: 80 0 0 90 0 0 0 0 
ID: 316, Data: 85 19 81 32 D 1C 46 7D 
ID: 153, Data: 80 0 0 FF 0 FF 0 0 
ID: 316, Data: 85 19 40 32 D 1C 46 7D 
ID: 153, Data: 80 0 0 FF 0 FF 0 0 
ID: 153, Data: 80 0 0 FF 0 FF 0 0 
ID: 316, Data: 85 19 20 32 D 1C 46 7D 
ID: 43F, Data: 843 48 60 FF 77 6C 32 0 
ID: 316, Data: 8D 19 0 32 D 1C 46 7D 
ID: 2A0, Data: 880 7 65 18 31 0 10 0 
ID: 153, Data: 80 0 0 FF 0 FF 0 0 
ID: 316, Data: 8D 10 42 31 D 1C 46 7D 
ID: 153, Data: 80 0 0 FF 0 FF 0 0 
ID: 316, Data: 8D C 61 31 D 1C 46 7D 
ID: 153, Data: 80 0 0 FF 0 FF 0 0 
ID: 5F0, Data: 20 0 
ID: 153, Data: 80 0 0 FF 0 FF 0 0 
ID: 440, Data: 8FE C3 45 A0 FF AA AA AA 
ID: 260, Data: 80 4 D 30 0 FF 7C 38 
ID: 316, Data: 8D 0 E6 30 D 1B 46 7D 
ID: 316, Data: 8D 0 C7 30 D 1B 46 7D 
ID: 280, Data: 830 0 20 B1 61 14 65 37 
ID: A1, Data: 880 80 80 7D 1A 0 0 0 
ID: 316, Data: 8D 0 E6 30 D 1B 45 7D 
ID: 153, Data: 80 0 0 FF 0 FF 0 0 
ID: 316, Data: 8D 0 23 31 F 1B 45 7D 
ID: 153, Data: 80 0 0 FF 0 FF 0 0 
ID: 316, Data: 8D 0 23 31 14 1B 45 7D 
ID: 1F1, Data: 80 BD 21 2 22 29 F2 22 
ID: 280, Data: 830 0 20 B1 61 14 65 38 
ID: 153, Data: 80 0 0 FF 0 FF 0 0 
ID: 1F0, Data: 8FF 3F F9 BF 0 0 0 0 
ID: 316, Data: 8D 0 6D 30 15 1B 45 7D 
ID: 153, Data: 80 0 0 FF 0 FF 0 0 
ID: 329, Data: 8ED B1 80 8 11 36 4 26 
ID: 316, Data: 8D 0 6D 30 15 1B 45 7D 
ID: 260, Data: 80 0 D 30 0 FF 7C F 
ID: 43F, Data: 843 48 60 FF 77 4 31 0 
ID: 153, Data: 80 0 0 FF 0 FF 0 0 
ID: 316, Data: 8D 0 31 30 D 1B 44 7D 
ID: 153, Data: 80 0 0 FF 0 FF 0 0 
ID: 153, Data: 80 0 0 FF 0 FF 0 0 
ID: 316, Data: 8D 0 F6 2F D 1B 44 7D 
ID: 43F, Data: 843 48 60 FF 77 8C 30 0 
ID: 43F, Data: 843 48 60 FF 77 84 30 0 
ID: 316, Data: 8D 0 BB 2F D 1B 44 7D 
ID: 153, Data: 80 0 0 FF 0 FF 0 0 
ID: 316, Data: 8D 0 D8 2F D 1B 43 7D 
ID: 153, Data: 80 0 0 FF 0 FF 0 0 
ID: 316, Data: 8D 0 D8 2F D 1B 43 7D 
ID: 153, Data: 80 0 0 FF 0 FF 0 0 
ID: 153, Data: 80 0 0 FF 0 FF 0 0 
ID: 43F, Data: 843 48 60 FF 77 30 30 0 
ID: 2A0, Data: 840 5 65 18 31 0 10 0 
ID: 43F, Data: 843 48 60 FF 77 14 30 0 
ID: 43F, Data: 843 48 60 FF 77 C 30 0 
ID: 18F, Data: 8AA 36 0 0 0 0 0 0 
ID: 316, Data: 8D 0 48 2F D 1B 43 7D 
ID: 5F0, Data: 20 0 
ID: 316, Data: 8D 0 48 2F D 1B 43 7D 
ID: 153, Data: 80 0 0 FF 0 FF 0 0 
ID: 316, Data: 8D 0 2B 2F D 1B 43 7D 
ID: 153, Data: 80 0 0 FF 0 FF 0 0 
ID: 316, Data: 8D 0 F 2F D 1B 43 7D 
ID: 153, Data: 80 0 0 FF 0 FF 0 0 
ID: 440, Data: 8FE 63 42 A0 FF AA AA AA 
ID: 153, Data: 80 0 0 FF 0 FF 0 0 
ID: 316, Data: 8D 0 D6 2E 18 1B 43 7D 
ID: 43F, Data: 843 48 60 FF 77 60 2F 0 
ID: 316, Data: 85 1B D6 2E 1B 1B 42 7D 
ID: A1, Data: 880 7E 80 7B 1B 0 0 0 
ID: 316, Data: 85 1E 13 30 1B 1B 42 7D 
ID: 316, Data: 85 1D 13 30 1B 1C 42 7D 
ID: 43F, Data: 843 48 60 FF 77 C4 2F 0 
ID: 316, Data: 85 1C BB 2F 1C 1C 42 7D 
ID: 153, Data: 80 0 0 FF 0 FF 0 0 
ID: 316, Data: 85 1C 64 2F 21 1B 42 7D 
ID: 153, Data: 80 0 0 FF 0 FF 0 0 
ID: 1F0, Data: 8FF 3F F9 BF 0 0 0 0 
ID: 316, Data: 85 1D F2 2E 25 1B 42 7D 
ID: 316, Data: 85 1E 2B 2F 29 1B 42 7D 
ID: 43F, Data: 843 48 60 FF 77 80 2F 0 
ID: 43F, Data: 843 48 60 FF 77 80 2F 0 
ID: A0, Data: 829 7D BB 2F 43 31 2 0 
ID: 316, Data: 85 25 F6 2F 28 1B 42 7D 
ID: 316, Data: 85 26 31 30 22 1B 42 7D 
ID: 43F, Data: 843 48 60 FF 77 C0 2F 0 
ID: 43F, Data: 843 48 60 FF 77 88 2F 0 
ID: 440, Data: 8FE 13 42 A0 FF AA AA AA 
ID: 316, Data: 85 25 F6 2F 1E 1B 42 7D 
ID: 43F, Data: 843 48 60 FF 77 90 2F 0 
ID: 153, Data: 80 0 0 FF 0 FF 0 0 
ID: 153, Data: 80 0 0 FF 0 FF 0 0 
ID: 280, Data: 830 0 88 B1 5F 13 65 35 
ID: 316, Data: 85 20 9E 2F 22 1B 42 7D 
ID: 440, Data: 8FE 63 42 A0 FF AA AA AA 
ID: 153, Data: 80 0 0 FF 0 FF 0 0 
ID: 43F, Data: 843 48 60 FF 77 78 2F 0 
ID: 18F, Data: 8AA 35 0 0 0 0 0 0 
ID: 43F, Data: 843 48 60 FF 77 94 2F 0 
ID: 153, Data: 80 0 0 FF 0 FF 0 0 
ID: 153, Data: 80 0 0 FF 0 FF 0 0 
ID: 316, Data: 85 23 13 30 24 1B 42 7D 
ID: 153, Data: 80 0 0 FF 0 FF 0 0 
ID: 316, Data: 85 23 31 30 24 1B 42 7D 
ID: 316, Data: 85 23 13 30 25 1B 42 7D 
ID: 260, Data: 8B 23 25 30 0 FF D2 18 
ID: 43F, Data: 843 48 60 FF 77 AC 2F 0 
ID: 43F, Data: 843 48 60 FF 77 C4 2F 0 
ID: 18F, Data: 8AA 35 0 0 0 0 0 0 
ID: 316, Data: 85 24 13 30 25 1B 42 7D 
ID: 153, Data: 80 0 0 FF 0 FF 0 0 
ID: 2A0, Data: 8A1 7 65 18 31 0 10 0 
ID: 316, Data: 85 24 31 30 25 1B 42 7D 
ID: 153, Data: 80 0 0 FF 0 FF 0 0 
ID: 316, Data: 85 25 31 30 25 1B 42 7D 
ID: A0, Data: 829 7D 13 30 43 31 2 0 
ID: 316, Data: 85 25 13 30 25 1B 42 7D 
ID: 329, Data: 8ED B1 80 8 11 3A F 26 
ID: 43F, Data: 843 48 60 FF 77 E0 2F 0 
ID: 440, Data: 8FE C3 42 A0 FF AA AA AA 
ID: A1, Data: 88E 7C 8F 79 1C 0 0 0 
ID: 316, Data: 85 27 4F 30 29 1B 43 7D 
ID: 316, Data: 85 27 6D 30 29 1B 43 7D 
ID: 43F, Data: 843 48 60 FF 77 1C 30 0 
ID: 316, Data: 85 28 8B 30 29 1B 43 7D 
ID: 153, Data: 80 0 0 FF 0 FF 0 0 
ID: 153, Data: 80 0 0 FF 0 FF 0 0 
ID: 1F1, Data: 80 BC C 12 21 1D D2 21 
ID: 440, Data: 8FE 13 42 A0 FF AA AA AA 
ID: 316, Data: 85 2B C7 30 2E 1B 43 7D 
ID: 260, Data: 8B 2B 2E 30 0 FF CF 1B 
ID: 43F, Data: 843 48 60 FF 77 34 30 0 
ID: 329, Data: 884 B1 80 8 11 3D 4 26 
ID: 153, Data: 80 0 0 FF 0 FF 0 0 
ID: 316, Data: 85 28 E6 30 C 1B 43 7D 
ID: 153, Data: 80 0 0 FF 0 FF 0 0 
ID: 153, Data: 80 0 0 FF 0 FF 0 0 
ID: 316, Data: 85 20 4F 30 D 1B 43 7D 
ID: 43F, Data: 843 48 60 FF 77 2C 30 0 
ID: 316, Data: 85 1D F6 2F D 1C 43 7D 
ID: A1, Data: 898 7E 9C 7B 17 0 0 0 
ID: 153, Data: 80 0 0 FF 0 FF 0 0 
ID: 316, Data: 85 1B D8 2F E 1C 43 7D 
ID: 153, Data: 80 0 0 FF 0 FF 0 0 
ID: 316, Data: 85 19 F6 2F E 1C 43 7D 
ID: 153, Data: 80 0 0 FF 0 FF 0 0 
ID: 153, Data: 80 0 0 FF 0 FF 0 0 
ID: 43F, Data: 843 48 60 FF 77 24 30 0 
ID: 43F, Data: 843 48 60 FF 77 28 30 0 
ID: 370, Data: 8FF DD F0 FF FF FF FF FF 
ID: 153, Data: 80 0 0 FF 0 FF 0 0 
ID: 316, Data: 85 16 48 2F E 1C 43 7D 
ID: 316, Data: 85 16 48 2F E 1C 43 7D 
ID: 2A0, Data: 880 7 65 18 31 0 10 0 
ID: 43F, Data: 843 48 60 FF 77 4 30 0 
ID: 153, Data: 80 0 0 FF 0 FF 0 0 
ID: 316, Data: 85 17 F2 2E E 1B 43 7D 
ID: 316, Data: 85 18 F2 2E E 1B 43 7D 
ID: 545, Data: 8E4 63 0 8D BE FF BE FF 
ID: 43F, Data: 843 48 60 FF 77 EC 2F 0 
ID: 316, Data: 85 18 F 2F E 1B 43 7D 
ID: A1, Data: 88E 80 92 7D 17 0 0 0 
ID: 316, Data: 85 18 F2 2E E 1B 42 7D 
ID: 153, Data: 80 0 0 FF 0 FF 0 0 
ID: 316, Data: 85 18 D6 2E E 1B 42 7D 
ID: 316, Data: 85 18 F2 2E E 1B 42 7D 
ID: 316, Data: 85 18 D6 2E E 1B 42 7D 
ID: 153, Data: 80 0 0 FF 0 FF 0 0 
ID: 153, Data: 80 0 0 FF 0 FF 0 0 
ID: 43F, Data: 843 48 60 FF 77 94 2F 0 
ID: 153, Data: 80 0 0 FF 0 FF 0 0 
ID: 153, Data: 80 0 0 FF 0 FF 0 0 
ID: 316, Data: 8D 10 4B 2E E 1B 42 7D 
ID: 43F, Data: 843 48 60 FF 77 50 2F 0 
ID: 316, Data: 8D C 15 2E E 1B 42 7D 
ID: 545, Data: 8E4 1C 0 8D C8 FE C8 FE 
ID: A1, Data: 880 80 80 7D 17 0 0 0 
ID: 43F, Data: 843 48 60 FF 77 48 2F 0 
ID: 153, Data: 80 0 0 FF 0 FF 0 0 
ID: 153, Data: 80 0 0 FF 0 FF 0 0 
ID: 329, Data: 840 B1 80 8 11 38 C 26 
ID: 153, Data: 80 0 0 FF 0 FF 0 0 
ID: 2A0, Data: 840 6 65 18 31 0 10 0 
ID: 316, Data: 85 22 9E 2F D 1B 41 7D 
ID: 329, Data: 884 B1 80 8 11 36 0 26 
ID: 153, Data: 80 0 0 FF 0 FF 0 0 
ID: 43F, Data: 843 48 60 FF 77 48 2F 0 
ID: 316, Data: 85 1D 48 2F E 1B 41 7D 
ID: 280, Data: 830 0 84 B1 5E 11 65 2F 
ID: 370, Data: 8FF DD F0 FF FF FF FF FF 
ID: 316, Data: 85 1B 9E 2E E 1B 41 7D 
ID: 43F, Data: 843 48 60 FF 77 10 2F 0 
ID: 43F, Data: 843 48 60 FF 77 28 2F 0 
ID: A0, Data: 81C 7D 82 2E 42 2C 2 0 
ID: 316, Data: 85 18 BA 2E E 1C 41 7D 
ID: 316, Data: 85 17 82 2E E 1C 41 7D 
ID: 2A0, Data: 880 5 65 18 31 0 10 0 
ID: 43F, Data: 843 48 60 FF 77 14 2F 0 
ID: 43F, Data: 843 48 60 FF 77 EC 2E 0 
ID: 43F, Data: 843 48 60 FF 77 0 2F 0 
ID: 316, Data: 85 15 15 2E E 1B 41 7D 
ID: 316, Data: 85 16 FA 2D E 1B 41 7D 
ID: A1, Data: 88C 80 83 7D 15 0 0 0 
ID: 43F, Data: 843 48 60 FF 77 A0 2E 0 
ID: 153, Data: 80 0 0 FF 0 FF 0 0 
ID: 545, Data: 8E4 58 0 8D B9 FF B9 FF 
ID: 316, Data: 85 17 8E 2D E 1B 41 7D 
ID: 370, Data: 8FF DD F0 FF FF FF FF FF 
ID: 316, Data: 85 18 8E 2D E 1B 40 7D 
ID: 18F, Data: 8AA 34 0 0 0 0 0 0 
ID: 43F, Data: 843 48 60 FF 77 60 2E 0 
ID: 153, Data: 80 0 0 FF 0 FF 0 0 
ID: 153, Data: 80 0 0 FF 0 FF 0 0 
ID: 316, Data: 85 18 A9 2D E 1B 40 7D 
ID: 153, Data: 80 0 0 FF 0 FF 0 0 
ID: 316, Data: 8D 18 8E 2D E 1B 40 7D 
ID: 153, Data: 80 0 0 FF 0 FF 0 0 
ID: 316, Data: 8D 18 74 2D E 1B 40 7D 
ID: 43F, Data: 843 48 60 FF 77 E8 2D 0 
ID: 1F1, Data: 80 46 FD 71 1F 3 32 20 
ID: 316, Data: 8D 10 D7 2C E 1B 40 7D 
ID: 316, Data: 8D 10 D7 2C E 1B 40 7D 
ID: 153, Data: 80 0 0 FF 0 FF 0 0 
ID: 153, Data: 80 0 0 FF 0 FF 0 0 
ID: 18F, Data: 8AA 34 0 0 0 0 0 0 
ID: 316, Data: 8D A 71 2C 13 1B 3F 7D 
ID: 316, Data: 8D 4 58 2C 17 1B 3F 7D 
ID: 2A0, Data: 8A1 3 65 18 31 0 10 0 
ID: 153, Data: 80 0 0 FF 0 FF 0 0 
ID: 153, Data: 80 0 0 FF 0 FF 0 0 
ID: 1F1, Data: 80 CE FA F1 1E FF A1 1F 
ID: A1, Data: 880 7C 80 79 16 0 0 0 
ID: 316, Data: 85 1B DF 2D 19 1B 3F 7D 
ID: 316, Data: 85 1A C4 2D 19 1B 3F 7D 
ID: 18F, Data: 8AA 34 0 0 0 0 0 0 
ID: 316, Data: 85 1A B 2D 19 1B 3F 7D 
ID: 153, Data: 80 0 0 FF 0 FF 0 0 
ID: 316, Data: 85 1A BE 2C 1D 1B 3F 7D 
ID: 153, Data: 80 0 0 FF 0 FF 0 0 
ID: 329, Data: 840 B1 80 8 11 33 7 26 
ID: 316, Data: 85 1A F1 2C 22 1B 3F 7D 
ID: 260, Data: 8B 1B 28 30 0 FF CF 12 
ID: 43F, Data: 843 48 60 FF 77 38 2D 0 
ID: 43F, Data: 843 48 60 FF 77 3C 2D 0 
ID: A0, Data: 829 7D 25 2D 3F 31 2 0 
ID: 316, Data: 85 23 25 2D 29 1B 3E 7D 
ID: 329, Data: 8B B1 80 8 11 3A F 26 
ID: 43F, Data: 843 48 60 FF 77 30 2D 0 
ID: 43F, Data: 843 48 60 FF 77 58 2D 0 
ID: 545, Data: 8E4 7A 0 8D E7 0 E7 0 
ID: 316, Data: 85 28 DF 2D 29 1B 3E 7D 
ID: 316, Data: 85 28 C4 2D 29 1A 3E 7D 
ID: 18F, Data: 8AA 34 0 0 0 0 0 0 
ID: 43F, Data: 843 48 60 FF 77 0 2D 0 
ID: 153, Data: 80 0 0 FF 0 FF 0 0 
ID: 43F, Data: 843 48 60 FF 77 8 2D 0 
ID: 316, Data: 85 29 8E 2D 29 1A 3E 7D 
ID: 153, Data: 80 0 0 FF 0 FF 0 0 
ID: 440, Data: 8FE 63 3E A0 FF AA AA AA 
ID: 18F, Data: 8AA 34 0 0 0 0 0 0 
ID: 316, Data: 85 29 A9 2D 29 1A 3E 7D 
ID: 43F, Data: 843 48 60 FF 77 18 2D 0 
ID: 316, Data: 85 29 A9 2D 29 1A 3E 7D 
ID: 316, Data: 85 29 A9 2D 29 1A 3E 7D 
ID: 316, Data: 85 29 A9 2D 29 1A 3E 7D 
ID: 43F, Data: 843 48 60 FF 77 3C 2D 0 
ID: 316, Data: 85 29 C4 2D D 1A 3F 7D 
ID: 153, Data: 80 0 0 FF 0 FF 0 0 
ID: 316, Data: 85 25 A9 2D D 1B 3F 7D 
ID: 153, Data: 80 0 0 FF 0 FF 0 0 
ID: 153, Data: 80 0 0 FF 0 FF 0 0 
ID: 316, Data: 85 1F F1 2C E 1B 3F 7D 
ID: 5F0, Data: 20 0 
ID: 316, Data: 85 1D BE 2C E 1B 3E 7D 
ID: 153, Data: 80 0 0 FF 0 FF 0 0 
ID: 316, Data: 85 1C 8B 2C E 1B 3E 7D 
ID: 153, Data: 80 0 0 FF 0 FF 0 0 
ID: 280, Data: 830 0 84 B1 58 10 65 2B 
ID: 316, Data: 85 19 71 2C E 1B 3E 7D 
ID: A0, Data: 81A 7D 71 2C 3F 2B 2 0 
ID: 43F, Data: 843 48 60 FF 77 BC 2C 0 
ID: 316, Data: 85 16 D 2C F 1B 3E 7D 
ID: A1, Data: 886 80 8A 7D 14 0 0 0 
ID: 316, Data: 85 14 C3 2B F 1B 3E 7D 
ID: 440, Data: 8FE 63 3E A0 FF AA AA AA 
ID: 316, Data: 85 15 7A 2B 18 25 3E 7D 
ID: 153, Data: 80 0 0 FF 0 FF 0 0 
ID: 153, Data: 80 0 0 FF 0 FF 0 0 
ID: 316, Data: 85 16 4A 2B 18 24 3E 7D 
ID: 153, Data: 80 0 0 FF 0 FF 0 0 
ID: 316, Data: 85 17 1A 2B 18 24 3E 7D 
ID: 316, Data: 85 17 2 2B 18 24 3E 7D 
ID: 2A0, Data: 840 5 65 18 31 0 10 0 
ID: 43F, Data: 843 48 60 FF 77 10 2C 0 
ID: 153, Data: 80 0 0 FF 0 FF 0 0 
ID: 153, Data: 80 0 0 FF 0 FF 0 0 
ID: 316, Data: 845 1F 2 2B 22 24 3D 7D 
ID: 316, Data: 845 1F BC 2A 2A 24 3D 7D 
ID: A0, Data: 823 7D D3 2A 3E 2D 2 0 
ID: 316, Data: 845 22 7A 2B 2C 24 3D 7D 
ID: 316, Data: 845 24 C3 2B 2B 24 3D 7D 
ID: 316, Data: 845 26 F4 2B 2B 24 3D 7D 
ID: A0, Data: 82C 7D 92 2B 3D 31 2 0 
ID: 316, Data: 845 28 26 2C 2B 24 3D 7D 
ID: 316, Data: 845 29 26 2C 2B 24 3D 7D 
ID: 43F, Data: 843 48 60 FF 77 F8 2B 0 
ID: 545, Data: 8E4 7E 0 8D 6C 0 6C 0 
ID: 153, Data: 80 0 0 FF 0 FF 0 0 
ID: 316, Data: 845 2B 26 2C 2B 24 3D 7D 
ID: 316, Data: 845 2B D 2C 2B 24 3D 7D 
ID: 18F, Data: 8AA 36 0 0 0 0 0 0 
ID: 43F, Data: 843 48 60 FF 77 AC 2B 0 
ID: 153, Data: 80 0 0 FF 0 FF 0 0 
ID: 316, Data: 845 2B 26 2C 22 24 3D 7D 
ID: 316, Data: 845 2B 3F 2C 1A 24 3D 7D 
ID: 43F, Data: 843 48 60 FF 77 BC 2B 0 
ID: 316, Data: 845 28 26 2C 1A 24 3D 7D 
ID: 153, Data: 80 0 0 FF 0 FF 0 0 
ID: 153, Data: 80 0 0 FF 0 FF 0 0 
ID: 316, Data: 845 23 AB 2B 1B 24 3D 7D 
ID: 153, Data: 80 0 0 FF 0 FF 0 0 
ID: 2A0, Data: 81 5 65 18 31 0 10 0 
ID: 316, Data: 845 20 1A 2B 1D 24 3D 7D 
ID: 153, Data: 80 0 0 FF 0 FF 0 0 
ID: 43F, Data: 843 48 60 FF 77 74 2B 0 
ID: 153, Data: 80 0 0 FF 0 FF 0 0 
ID: 43F, Data: 843 48 60 FF 77 68 2B 0 
ID: 153, Data: 80 0 0 FF 0 FF 0 0 
ID: 329, Data: 8ED B1 80 8 11 34 3 26 
ID: 316, Data: 845 1E 32 2B 1F 24 3C 7D 
ID: 18F, Data: 8AA 3A 0 0 0 0 0 0 
ID: 316, Data: 845 1E 1A 2B 1F 24 3C 7D 
ID: 153, Data: 80 0 0 FF 0 FF 0 0 
ID: 280, Data: 830 0 88 B1 56 12 65 30 
ID: 370, Data: 8FF DD F0 FF FF FF FF FF 
ID: 153, Data: 80 0 0 FF 0 FF 0 0 
ID: 316, Data: 845 22 D3 2A 28 24 3C 7D 
ID: 316, Data: 845 23 EB 2A 28 24 3C 7D 
ID: 43F, Data: 843 48 60 FF 77 14 2B 0 
ID: 316, Data: 845 26 32 2B 2D 24 3C 7D 
ID: 153, Data: 80 0 0 FF 0 FF 0 0 
ID: 153, Data: 80 0 0 FF 0 FF 0 0 
ID: 316, Data: 845 2A 7A 2B 2E 24 3C 7D 
ID: 153, Data: 80 0 0 FF 0 FF 0 0 
ID: 18F, Data: 8AA 3B 0 0 0 0 0 0 
ID: 316, Data: 845 2C 92 2B 2E 24 3C 7D 
ID: 316, Data: 845 2C 92 2B 2E 23 3C 7D 
ID: 153, Data: 80 0 0 FF 0 FF 0 0 
ID: 316, Data: 845 2C 7A 2B 34 23 3C 7D 
ID: 316, Data: 845 2E 92 2B 36 23 3C 7D 
ID: 43F, Data: 843 48 60 FF 77 F0 2A 0 
ID: 153, Data: 80 0 0 FF 0 FF 0 0 
ID: 43F, Data: 843 48 60 FF 77 C 2B 0 
ID: 18F, Data: 8AA 3D 0 0 0 0 0 0 
ID: 316, Data: 845 33 DC 2B 36 23 3C 7D 
ID: A0, Data: 83A 7D DC 2B 3C 35 2 0 
ID: 153, Data: 80 0 0 FF 0 FF 0 0 
ID: 280, Data: 830 0 88 B1 57 20 65 4F 
ID: 316, Data: 845 35 F4 2B 33 22 3C 7D 
ID: 43F, Data: 843 48 60 FF 77 18 2B 0 
ID: 43F, Data: 843 48 60 FF 77 28 2B 0 
ID: 153, Data: 80 0 0 FF 0 FF 0 0 
ID: 316, Data: 845 34 F4 2B 2C 23 3C 7D 
ID: 153, Data: 80 0 0 FF 0 FF 0 0 
ID: 18F, Data: 8AA 3F 0 0 0 0 0 0 
ID: 329, Data: 8B B1 80 8 11 3B A 26 
ID: 153, Data: 80 0 0 FF 0 FF 0 0 
ID: 316, Data: 845 2F AB 2B 2B 23 3C 7D 
ID: 1F0, Data: 8F8 3F F9 BF 0 0 0 0 
ID: A0, Data: 831 7D C3 2B 3C 32 2 0 
ID: 153, Data: 80 0 0 FF 0 FF 0 0 
ID: 153, Data: 80 0 0 FF 0 FF 0 0 
ID: 153, Data: 80 0 0 FF 0 FF 0 0 
ID: A0, Data: 831 7D AB 2B 3C 32 2 0 
ID: 316, Data: 845 2B AB 2B 17 23 3C 7D 
ID: A0, Data: 831 7D AB 2B 3C 32 2 0 
ID: 43F, Data: 843 48 60 FF 77 28 2B 0 
ID: 440, Data: 8FE 63 3C A0 FF AA AA AA 
ID: 153, Data: 80 0 0 FF 0 FF 0 0 
ID: 316, Data: 845 20 EB 2A 18 24 3C 7D 
ID: 316, Data: 845 1F A4 2A 18 24 3C 7D 
ID: 43F, Data: 843 48 60 FF 77 BC 2A 0 
ID: 316, Data: 845 1D 5F 2A 26 24 3C 7D 
ID: 153, Data: 80 0 0 FF 0 FF 0 0 
ID: 329, Data: 840 B1 80 8 11 36 A 26 
ID: 316, Data: 845 20 D3 2A 2E 24 3C 7D 
ID: 18F, Data: 8AA 41 0 0 0 0 0 0 
ID: 440, Data: 8FE C3 3B A0 FF AA AA AA 
ID: 153, Data: 80 0 0 FF 0 FF 0 0 
ID: 280, Data: 830 0 88 B1 56 18 65 3C 
ID: 43F, Data: 843 48 60 FF 77 E4 2A 0 
ID: 153, Data: 80 0 0 FF 0 FF 0 0 
ID: 316, Data: 845 2C 62 2B 2D 23 3B 7D 
ID: 316, Data: 845 2D 7A 2B 2D 23 3B 7D 
ID: A1, Data: 87D 7C 80 79 20 0 0 0 
ID: 43F, Data: 843 48 60 FF 77 C0 2A 0 
ID: 316, Data: 845 2E 4A 2B 2E 23 3B 7D 
ID: 370, Data: 8FF DD F0 FF FF FF FF FF 
ID: 316, Data: 845 2E 4A 2B 2E 23 3B 7D 
ID: 43F, Data: 843 48 60 FF 77 C0 2A 0 
ID: 153, Data: 80 0 0 FF 0 FF 0 0 
ID: 316, Data: 845 2E 62 2B 2E 23 3B 7D 
ID: 153, Data: 80 0 0 FF 0 FF 0 0 
ID: 316, Data: 845 2E 62 2B 2E 23 3B 7D 
ID: 316, Data: 845 2E 62 2B 2E 23 3B 7D 
ID: 43F, Data: 843 48 60 FF 77 DC 2A 0 
ID: 316, Data: 845 2E 62 2B 2E 23 3B 7D 
ID: 153, Data: 80 0 0 FF 0 FF 0 0 
ID: 316, Data: 845 2E 4A 2B 2E 23 3B 7D 
ID: 316, Data: 845 2F 4A 2B 2E 23 3B 7D 
ID: 43F, Data: 843 48 60 FF 77 C4 2A 0 
ID: 316, Data: 845 2E 4A 2B 2E 23 3B 7D 
ID: 153, Data: 80 0 0 FF 0 FF 0 0 
ID: 153, Data: 80 0 0 FF 0 FF 0 0 
ID: 316, Data: 845 2E 7A 2B 2E 23 3B 7D 
ID: 153, Data: 80 0 0 FF 0 FF 0 0 
ID: 18F, Data: 8AA 43 0 0 0 0 0 0 
ID: 316, Data: 845 2E 62 2B 2E 23 3B 7D 
ID: 316, Data: 845 2F 62 2B 2E 23 3B 7D 
ID: 153, Data: 80 0 0 FF 0 FF 0 0 
ID: 316, Data: 845 2F 62 2B 2E 23 3B 7D 
ID: 316, Data: 845 2F 7A 2B 2E 23 3B 7D 
ID: 370, Data: 8FF DD F0 FF FF FF FF FF 
ID: 153, Data: 80 0 0 FF 0 FF 0 0 
ID: 43F, Data: 843 48 60 FF 77 F4 2A 0 
ID: 153, Data: 80 0 0 FF 0 FF 0 0 
ID: 43F, Data: 843 48 60 FF 77 E8 2A 0 
ID: 153, Data: 80 0 0 FF 0 FF 0 0 
ID: 1F1, Data: 80 E1 D7 41 1D E3 21 1E 
ID: 316, Data: 845 2F 7A 2B 2E 23 3B 7D 
ID: 43F, Data: 843 48 60 FF 77 F8 2A 0 
ID: 316, Data: 845 2E 7A 2B 25 1A 3B 7D 
ID: 153, Data: 80 0 0 FF 0 FF 0 0 
ID: 316, Data: 845 2C 62 2B 25 1A 3B 7D 
ID: 316, Data: 845 2A 62 2B 25 1A 3B 7D 
ID: 18F, Data: 8AA 43 0 0 0 0 0 0 
ID: 153, Data: 80 0 0 FF 0 FF 0 0 
ID: 43F, Data: 843 48 60 FF 77 F4 2A 0 
ID: 153, Data: 80 0 0 FF 0 FF 0 0 
ID: 43F, Data: 843 48 60 FF 77 F0 2A 0 
ID: 316, Data: 85 27 2 2B 26 1A 3C 7D 
ID: 260, Data: 8B 27 26 30 0 FF D2 22 
ID: 316, Data: 85 27 4A 2B 25 1A 3C 7D 
ID: 316, Data: 85 26 62 2B 25 1A 3C 7D 
ID: 43F, Data: 843 48 60 FF 77 F0 2A 0 
ID: 43F, Data: 843 48 60 FF 77 F8 2A 0 
ID: 2A0, Data: 8A1 9 65 18 31 0 10 0 
ID: 316, Data: 85 26 4A 2B 26 1A 3B 7D 
ID: 316, Data: 85 26 32 2B 27 1A 3C 7D 
ID: 43F, Data: 843 48 60 FF 77 E0 2A 0 
ID: 43F, Data: 843 48 60 FF 77 EC 2A 0 
ID: 18F, Data: 8AA 42 0 0 0 0 0 0 
ID: 316, Data: 85 27 32 2B 27 1A 3B 7D 
ID: 153, Data: 80 0 0 FF 0 FF 0 0 
ID: 153, Data: 80 0 0 FF 0 FF 0 0 
ID: 316, Data: 85 27 4A 2B 27 1A 3B 7D 
ID: 43F, Data: 843 48 60 FF 77 EC 2A 0 
ID: 316, Data: 85 27 32 2B E 1A 3B 7D 
ID: 153, Data: 80 0 0 FF 0 FF 0 0 
ID: 153, Data: 80 0 0 FF 0 FF 0 0 
ID: 316, Data: 85 22 2 2B E 1A 3B 7D 
ID: 153, Data: 80 0 0 FF 0 FF 0 0 
ID: 316, Data: 85 20 D3 2A F 1B 3B 7D 
ID: 43F, Data: 843 48 60 FF 77 A8 2A 0 
ID: 153, Data: 80 0 0 FF 0 FF 0 0 
ID: 280, Data: 830 0 84 B1 54 11 65 2C 
ID: 1F1, Data: 80 AB D4 1 1D DF 1 1E 
ID: 316, Data: 85 19 31 2A F 1B 3B 7D 
ID: 153, Data: 80 0 0 FF 0 FF 0 0 
ID: 153, Data: 80 0 0 FF 0 FF 0 0 
ID: 316, Data: 85 16 D7 29 F 1B 3B 7D 
ID: 153, Data: 80 0 0 FF 0 FF 0 0 
ID: 316, Data: 85 14 C0 29 F 1B 3B 7D 
ID: 43F, Data: 843 48 60 FF 77 68 2A 0 
ID: 316, Data: 85 14 68 29 F 1B 3B 7D 
ID: 153, Data: 80 0 0 FF 0 FF 0 0 
ID: 153, Data: 80 0 0 FF 0 FF 0 0 
ID: 316, Data: 85 16 3C 29 F 1B 3B 7D 
ID: 43F, Data: 843 48 60 FF 77 18 2A 0 
ID: 153, Data: 80 0 0 FF 0 FF 0 0 
ID: 329, Data: 8ED B1 80 8 11 34 0 26 
ID: 153, Data: 80 0 0 FF 0 FF 0 0 
ID: 18F, Data: 8AA 3E 0 0 0 0 0 0 
ID: 316, Data: 85 17 91 28 10 1A 3A 7D 
ID: 43F, Data: 843 48 60 FF 77 BC 29 0 
ID: 260, Data: 8B 17 10 30 0 FF 76 2C 
ID: 153, Data: 80 0 0 FF 0 FF 0 0 
ID: 316, Data: 85 17 29 28 10 1A 3A 7D 
ID: 1F1, Data: 80 9B CB 71 1C D1 41 1D 
ID: 260, Data: 8B 18 10 30 0 FF 76 3A 
ID: 43F, Data: 843 48 60 FF 77 74 29 0 
ID: 280, Data: 830 0 A0 B1 50 12 65 30 
ID: 316, Data: 8D 17 29 28 10 1A 39 7D 
ID: 316, Data: 8D 17 14 28 10 1A 39 7D 
ID: 43F, Data: 843 48 60 FF 77 38 29 0 
ID: 440, Data: 8FE B3 39 A0 FF AA AA AA 
ID: 153, Data: 80 0 0 FF 0 FF 0 0 
ID: 316, Data: 8D F D7 27 10 1A 39 7D 
ID: 316, Data: 8D B 9A 27 10 1A 39 7D 
ID: 280, Data: 830 0 20 B1 4F 13 65 31 
ID: 43F, Data: 843 48 60 FF 77 C4 28 0 
ID: 43F, Data: 843 48 60 FF 77 BC 28 0 
ID: 260, Data: 80 8 10 30 0 FF 75 19 
ID: 316, Data: 8D 4 4A 27 10 1A 39 7D 
ID: 316, Data: 8D 4 5E 27 10 1A 38 7D 
ID: A1, Data: 880 80 80 7D 18 0 0 0 
ID: 1F1, Data: 80 68 B5 91 1B C3 41 1C 
ID: 43F, Data: 843 48 60 FF 77 24 28 0 
ID: 440, Data: 8FE 13 37 A0 FF AA AA AA 
ID: 153, Data: 80 0 0 FF 0 FF 0 0 
ID: 280, Data: 830 0 20 B1 4F 14 65 36 
ID: 316, Data: 8D 0 AE 27 10 1A 38 7D 
ID: 43F, Data: 843 48 60 FF 77 B8 27 0 
ID: 43F, Data: 843 48 60 FF 77 B0 27 0 
ID: 2A0, Data: 820 4 65 18 31 0 10 0 
ID: 5A0, Data: 80 0 0 90 0 0 0 0 
ID: 316, Data: 8D 0 C2 26 10 1A 37 7D 
ID: 153, Data: 80 0 0 FF 0 FF 0 0 
ID: 316, Data: 8D 0 63 26 10 19 37 7D 
ID: 370, Data: 8FF DD F0 FF FF FF FF FF 
ID: 153, Data: 80 0 0 FF 0 FF 0 0 
ID: 316, Data: 8D 0 5 26 10 19 36 7D 
ID: 153, Data: 80 0 0 FF 0 FF 0 0 
ID: 316, Data: 8D 0 E0 25 10 19 36 7D 
ID: 43F, Data: 843 48 60 FF 77 E8 26 0 
ID: 153, Data: 80 0 0 FF 0 FF 0 0 
ID: 545, Data: 8E4 0 0 8D 39 FE 39 FE 
ID: 316, Data: 8D 0 E0 25 10 19 36 7D 
ID: 153, Data: 80 0 0 FF 0 FF 0 0 
ID: 153, Data: 80 0 0 FF 0 FF 0 0 
ID: 153, Data: 80 0 0 FF 0 FF 0 0 
ID: 43F, Data: 843 48 60 FF 77 4C 26 0 
ID: 153, Data: 80 0 0 FF 0 FF 0 0 
ID: 1F1, Data: 80 89 A4 11 1A AA A1 1A 
ID: 18F, Data: 8AA 39 0 0 0 0 0 0 
ID: 316, Data: 8D 0 9 25 10 19 35 7D 
ID: 153, Data: 80 0 0 FF 0 FF 0 0 
ID: 43F, Data: 843 48 60 FF 77 84 25 0 
ID: 153, Data: 80 0 0 FF 0 FF 0 0 
ID: 43F, Data: 843 48 60 FF 77 48 25 0 
ID: 316, Data: 8D 0 5D 24 10 19 34 7D 
ID: 2A0, Data: 8E0 3 65 18 31 0 10 0 
ID: 440, Data: 8FE 63 33 A0 FF AA AA AA 
ID: 316, Data: 8D 0 19 24 10 19 34 7D 
ID: A0, Data: 827 7D 19 24 34 2D 4 0 
ID: 43F, Data: 843 48 60 FF 77 A4 24 0 
ID: 316, Data: 8D 0 D7 23 11 19 33 7D 
ID: 18F, Data: 8AA 38 0 0 0 0 0 0 
ID: 316, Data: 8D 0 86 23 11 19 33 7D 
ID: 43F, Data: 843 48 60 FF 77 C 24 0 
ID: 370, Data: 8FF DD F0 FF FF FF FF FF 
ID: 316, Data: 8D 0 26 23 11 19 32 7D 
ID: 153, Data: 80 0 0 FF 0 FF 0 0 
ID: 316, Data: 8D 0 D7 22 11 19 32 7D 
ID: 316, Data: 8D 0 A9 22 11 19 31 7D 
ID: 153, Data: 80 0 0 FF 0 FF 0 0 
ID: A1, Data: 880 80 80 7D 1D 0 0 0 
ID: 545, Data: 8E4 0 0 8D 42 FE 42 FE 
ID: 260, Data: 80 0 11 30 0 FF 60 7 
ID: 153, Data: 80 0 0 FF 0 FF 0 0 
ID: 153, Data: 80 0 0 FF 0 FF 0 0 
ID: 153, Data: 80 0 0 FF 0 FF 0 0 
ID: 440, Data: 8FE B3 2F A0 FF AA AA AA 
ID: 316, Data: 8D 0 55 21 11 19 30 7D 
ID: 153, Data: 80 0 0 FF 0 FF 0 0 
ID: 316, Data: 8D 0 F2 20 11 19 2F 7D 
ID: 316, Data: 8D 0 C9 20 11 19 2F 7D 
ID: 316, Data: 8D 0 92 20 11 18 2F 7D 
ID: 153, Data: 80 0 0 FF 0 FF 0 0 
ID: 153, Data: 80 0 0 FF 0 FF 0 0 
ID: A0, Data: 828 7D 5C 20 2F 2C 4 0 
ID: A0, Data: 828 7D 5C 20 2F 2C 4 0 
ID: 153, Data: 80 0 0 FF 0 FF 0 0 
ID: 316, Data: 8D 0 98 1F 12 18 2D 7D 
ID: 43F, Data: 843 48 60 FF 77 C 20 0 
ID: 316, Data: 8D 0 33 1F 12 18 2D 7D 
ID: 329, Data: 840 B1 80 8 12 33 0 26 
ID: 153, Data: 80 0 0 FF 0 FF 0 0 
ID: 316, Data: 8D 0 B8 1E 12 18 2C 7D 
ID: 153, Data: 80 0 0 FF 0 FF 0 0 
ID: 316, Data: 8D 0 65 1E 12 18 2C 7D 
ID: 153, Data: 80 0 0 FF 0 FF 0 0 
ID: 153, Data: 80 0 0 FF 0 FF 0 0 
ID: 316, Data: 8D 0 F0 1D 12 18 2B 7D 
ID: 43F, Data: 843 48 60 FF 77 4C 1E 0 
ID: 43F, Data: 843 48 60 FF 77 24 1E 0 
ID: A1, Data: 880 80 80 7D 1D 0 0 0 
ID: 153, Data: 80 0 0 FF 0 FF 0 0 
ID: 316, Data: 8D 0 FC 1C 13 18 2A 7D 
ID: 153, Data: 80 0 0 FF 0 FF 0 0 
ID: 316, Data: 8D 0 B1 1C 13 18 29 7D 
ID: 1F0, Data: 8F9 3F F9 BF 0 0 0 0 
ID: 329, Data: 8B B1 80 8 12 32 0 26 
ID: 545, Data: 8E4 0 0 8D 49 FE 49 FE 
ID: 153, Data: 80 0 0 FF 0 FF 0 0 
ID: 316, Data: 8D 0 C 1C 13 18 28 7D 
ID: 153, Data: 80 0 0 FF 0 FF 0 0 
ID: 316, Data: 8D 0 C7 1B 13 18 28 7D 
ID: 43F, Data: 843 48 60 FF 77 74 1C 0 
ID: 153, Data: 80 0 0 FF 0 FF 0 0 
ID: 18F, Data: 8AA 36 0 0 0 0 0 0 
ID: 316, Data: 8D 0 65 1B 14 18 27 7D 
ID: 43F, Data: 843 48 60 FF 77 14 1C 0 
ID: 316, Data: 8D 0 2C 1B 14 18 27 7D 
ID: 153, Data: 80 0 0 FF 0 FF 0 0 
ID: 316, Data: 8D 0 EA 1A 14 18 27 7D 
ID: 153, Data: 80 0 0 FF 0 FF 0 0 
ID: 316, Data: 8D 0 B3 1A 14 18 26 7D 
ID: 316, Data: 8D 0 A1 1A 14 18 26 7D 
ID: 545, Data: 8E4 0 0 8C 4A FE 4A FE 
ID: 316, Data: 8D 0 6B 1A 14 18 26 7D 
ID: 316, Data: 8D 0 50 1A 14 18 26 7D 
ID: 153, Data: 80 0 0 FF 0 FF 0 0 
ID: 153, Data: 80 0 0 FF 0 FF 0 0 
ID: 260, Data: 80 0 15 30 0 FF 4E 34 
ID: 316, Data: 8D 0 24 1A 14 18 25 7D 
ID: 18F, Data: 8AA 36 0 0 0 0 0 0 
ID: 5F0, Data: 20 0 
ID: 153, Data: 80 0 0 FF 0 FF 0 0 
ID: A0, Data: 826 7D F0 19 26 29 4 0 
ID: 316, Data: 8D 0 DF 19 14 18 25 7D 
ID: 18F, Data: 8AA 36 0 0 0 0 0 0 
ID: 316, Data: 8D 0 BD 19 14 18 25 7D 
ID: 153, Data: 80 0 0 FF 0 FF 0 0 
ID: 316, Data: 8D 0 A4 19 14 18 25 7D 
ID: 153, Data: 80 0 0 FF 0 FF 0 0 
ID: 316, Data: 8D 0 7A 19 15 18 24 7D 
ID: 153, Data: 80 0 0 FF 0 FF 0 0 
ID: 153, Data: 80 0 0 FF 0 FF 0 0 
ID: 316, Data: 8D 0 28 19 15 18 24 7D 
ID: 43F, Data: 843 48 60 FF 77 AC 19 0 
ID: 43F, Data: 843 48 60 FF 77 98 19 0 
ID: A1, Data: 880 80 80 7D 1B 0 0 0 
ID: 153, Data: 80 0 0 FF 0 FF 0 0 
ID: 316, Data: 8D 0 C0 18 15 18 23 7D 
ID: 153, Data: 80 0 0 FF 0 FF 0 0 
ID: 316, Data: 8D 0 91 18 15 18 23 7D 
ID: 316, Data: 8D 0 82 18 15 18 23 7D 
ID: 316, Data: 8D 0 73 18 15 18 23 7D 
ID: 153, Data: 80 0 0 FF 0 FF 0 0 
ID: 153, Data: 80 0 0 FF 0 FF 0 0 
ID: 316, Data: 85 10 27 18 33 18 23 7D 
ID: A1, Data: 880 7E 80 7C 1C 0 0 0 
ID: 153, Data: 80 0 0 FF 0 FF 0 0 
ID: 316, Data: 85 25 C0 17 43 18 22 7D 
ID: 440, Data: 8FE 13 22 A0 FF AA AA AA 
ID: 316, Data: 85 29 51 19 44 18 22 7D 
ID: 153, Data: 80 0 0 FF 0 FF 0 0 
ID: 316, Data: 85 30 50 1A 43 17 22 7D 
ID: 316, Data: 85 32 86 1A 42 17 22 7D 
ID: 43F, Data: 843 48 60 FF 77 84 18 0 
ID: 316, Data: 85 33 98 1A 42 16 22 7D 
ID: A1, Data: 888 7B 88 7C 28 0 0 0 
ID: 153, Data: 80 0 0 FF 0 FF 0 0 
ID: 316, Data: 85 34 98 1A 10 15 22 7D 
ID: 153, Data: 80 0 0 FF 0 FF 0 0 
ID: 316, Data: 85 33 8F 1A 11 16 22 7D 
ID: 316, Data: 85 2F 59 1A 12 17 22 7D 
ID: A1, Data: 889 7F 89 80 28 0 0 0 
ID: 43F, Data: 843 48 60 FF 77 A0 18 0 
ID: 43F, Data: 843 48 60 FF 77 88 18 0 
ID: 2A0, Data: 8E0 3 65 18 31 0 10 0 
ID: 316, Data: 85 1E E0 18 14 18 22 7D 
ID: 316, Data: 85 1D B0 18 15 18 22 7D 
ID: 43F, Data: 843 48 60 FF 77 70 18 0 
ID: 440, Data: 8FE C3 21 A0 FF AA AA AA 
ID: A1, Data: 892 80 92 7D 18 0 0 0 
ID: 316, Data: 85 18 FB 17 15 19 22 7D 
ID: 316, Data: 85 17 AB 17 15 19 22 7D 
ID: 43F, Data: 843 48 60 FF 77 1C 18 0 
ID: 316, Data: 85 15 F6 16 16 19 22 7D 
ID: 153, Data: 80 0 0 FF 0 FF 0 0 
ID: 316, Data: 85 15 9F 16 16 19 21 7D 
ID: 153, Data: 80 0 0 FF 0 FF 0 0 
ID: 316, Data: 85 15 72 16 17 19 21 7D 
ID: 316, Data: 85 15 5F 16 17 19 21 7D 
ID: A0, Data: 820 7D 72 16 22 26 2 0 
ID: 43F, Data: 843 48 60 FF 77 E4 17 0 
ID: 43F, Data: 843 48 60 FF 77 B4 17 0 
ID: A0, Data: 822 7D E1 15 22 26 2 0 
ID: 316, Data: 85 16 46 15 18 19 21 7D 
ID: 316, Data: 85 16 7 15 18 19 21 7D 
ID: 43F, Data: 843 48 60 FF 77 6C 17 0 
ID: 43F, Data: 843 48 60 FF 77 5C 17 0 
ID: A0, Data: 824 7D BF 14 21 26 2 0 
ID: 316, Data: 85 17 43 14 19 19 20 7D 
ID: 316, Data: 85 17 A 14 19 19 20 7D 
ID: 43F, Data: 843 48 60 FF 77 FC 16 0 
ID: 43F, Data: 843 48 60 FF 77 0 17 0 
ID: 2A0, Data: 820 2 65 18 31 0 10 0 
ID: 153, Data: 80 0 0 FF 0 FF 0 0 
ID: 316, Data: 8D 18 D5 12 1A 18 20 7D 
ID: 153, Data: 80 0 0 FF 0 FF 0 0 
ID: 316, Data: 8D 19 37 12 1B 19 1F 7D 
ID: 153, Data: 80 0 0 FF 0 FF 0 0 
ID: 2A0, Data: 880 2 65 18 31 0 10 0 
ID: 316, Data: 8D 15 AA 11 1C 19 1F 7D 
ID: 2A0, Data: 840 2 65 18 31 0 10 0 
ID: 316, Data: 8D 16 93 11 1C 19 1F 7D 
ID: 316, Data: 8D 12 B2 11 1C 19 1F 7D 
ID: A0, Data: 82A 7D 93 11 1F 26 4 0 
ID: 316, Data: 8D 12 61 12 1B 18 1F 7D 
ID: 316, Data: 8D 12 9F 12 1B 18 1E 7D 
ID: 5F0, Data: 20 0 
ID: 316, Data: 8D D 88 13 19 18 1E 7D 
ID: 370, Data: 8FF DD F0 FF FF FF FF FF 
ID: 280, Data: 830 0 20 B1 28 14 65 38 
ID: 153, Data: 80 0 0 FF 0 FF 0 0 
ID: 545, Data: 8E4 18 0 8A 29 FF 29 FF 
ID: 316, Data: 8D 8 1E 15 18 18 1E 7D 
ID: 43F, Data: 843 48 60 FF 77 3C 15 0 
ID: 43F, Data: 843 48 60 FF 77 C 15 0 
ID: 2A0, Data: 880 2 65 18 31 0 10 0 
ID: 316, Data: 8D 3 AE 14 18 18 1D 7D 
ID: 316, Data: 8D 3 AE 14 18 18 1D 7D 
ID: 153, Data: 80 0 0 FF 0 FF 0 0 
ID: 153, Data: 80 0 0 FF 0 FF 0 0 
ID: 545, Data: 8E4 7 0 8C 8E FE 8E FE 
ID: 316, Data: 8D 0 1E 14 18 18 1C 7D 
ID: A0, Data: 825 7D 53 14 1D 26 4 0 
ID: 153, Data: 80 0 0 FF 0 FF 0 0 
ID: 316, Data: 8D 0 B4 13 19 18 1C 7D 
ID: 153, Data: 80 0 0 FF 0 FF 0 0 
ID: 316, Data: 8D 0 83 13 19 18 1C 7D 
ID: 153, Data: 80 0 0 FF 0 FF 0 0 
ID: 316, Data: 8D 0 57 13 19 18 1B 7D 
ID: 316, Data: 8D 0 3F 13 19 18 1B 7D 
ID: 280, Data: 830 0 20 B1 26 14 66 39 
ID: 5F0, Data: 20 0 
ID: 316, Data: 8D 0 7 13 1A 18 1B 7D 
ID: 440, Data: 8FE C3 1B A0 FF AA AA AA 
ID: 316, Data: 8D 0 D9 12 1A 18 1B 7D 
ID: 316, Data: 8D 0 D0 12 1A 18 1B 7D 
ID: 316, Data: 8D 0 A8 12 1A 18 1A 7D 
ID: A1, Data: 880 80 80 7D 1B 0 0 0 
ID: 43F, Data: 843 48 60 FF 77 0 13 0 
ID: 153, Data: 80 0 0 FF 0 FF 0 0 
ID: 153, Data: 80 0 0 FF 0 FF 0 0 
ID: 43F, Data: 843 48 60 FF 77 B4 12 0 
ID: 153, Data: 80 0 0 FF 0 FF 0 0 
ID: 316, Data: 85 5 BB 11 38 19 19 7D 
ID: 316, Data: 85 11 9F 11 37 19 19 7D 
ID: 153, Data: 80 0 0 FF 0 FF 0 0 
ID: 43F, Data: 843 48 60 FF 77 54 12 0 
ID: 43F, Data: 843 48 60 FF 77 3C 12 0 
ID: 43F, Data: 843 48 60 FF 77 64 12 0 
ID: A1, Data: 880 7B 80 7C 21 0 0 0 
ID: 153, Data: 80 0 0 FF 0 FF 0 0 
ID: 316, Data: 85 29 2 13 36 17 18 7D 
ID: 153, Data: 80 0 0 FF 0 FF 0 0 
ID: 316, Data: 85 2C EB 13 35 17 18 7D 
ID: 153, Data: 80 0 0 FF 0 FF 0 0 
ID: 2A0, Data: 8A1 2 66 18 31 0 10 0 
ID: 316, Data: 85 2D 29 14 39 17 18 7D 
ID: 2A0, Data: 861 3 66 18 31 0 10 0 
ID: 316, Data: 85 2F F 14 3F 16 18 7D 
ID: 316, Data: 85 30 F 14 41 16 18 7D 
ID: 545, Data: 8E4 55 0 8C E0 1 E0 1 
ID: 5F0, Data: 20 0 
ID: 153, Data: 80 0 0 FF 0 FF 0 0 
ID: 316, Data: 85 35 58 14 4B 16 18 7D 
ID: 43F, Data: 843 48 60 FF 77 48 12 0 
ID: 316, Data: 85 38 A3 14 52 15 18 7D 
ID: 153, Data: 80 0 0 FF 0 FF 0 0 
ID: 153, Data: 80 0 0 FF 0 FF 0 0 
ID: 1F1, Data: 80 BD D3 50 C D7 A0 C 
ID: A0, Data: 85C 7D 7 15 19 31 2 0 
ID: 316, Data: 85 46 0 16 53 14 18 7D 
ID: 153, Data: 80 0 0 FF 0 FF 0 0 
ID: 316, Data: 85 4A CF 15 54 13 19 7D 
ID: 316, Data: 85 4D 5E 15 56 13 19 7D 
ID: 260, Data: 8B 51 5A 30 0 FF BF 14 
ID: 5F0, Data: 20 0 
ID: 316, Data: 85 54 63 14 5F 13 19 7D 
ID: 440, Data: 8FE B3 1A A0 FF AA AA AA 
ID: 153, Data: 80 0 0 FF 0 FF 0 0 
ID: 153, Data: 80 0 0 FF 0 FF 0 0 
ID: 316, Data: 85 5B D 15 61 12 1A 7D 
ID: 153, Data: 80 0 0 FF 0 FF 0 0 
ID: 316, Data: 85 5D 9F 15 60 12 1A 7D 
ID: 153, Data: 80 0 0 FF 0 FF 0 0 
ID: 280, Data: 830 0 88 B1 2B 3A 66 8B 
ID: 316, Data: 85 5E C3 15 61 12 1A 7D 
ID: 153, Data: 80 0 0 FF 0 FF 0 0 
ID: 316, Data: 85 5D C3 15 61 12 1B 7D 
ID: 153, Data: 80 0 0 FF 0 FF 0 0 
ID: 316, Data: 85 5D E1 15 61 12 1B 7D 
ID: 316, Data: 85 5D 0 16 61 12 1B 7D 
ID: 43F, Data: 843 48 60 FF 77 F8 14 0 
ID: 43F, Data: 843 48 60 FF 77 30 15 0 
ID: 280, Data: 830 0 88 B1 2C 39 66 8C 
ID: 153, Data: 80 0 0 FF 0 FF 0 0 
ID: 316, Data: 85 5B AC 16 68 12 1C 7D 
ID: 153, Data: 80 0 0 FF 0 FF 0 0 
ID: A0, Data: 865 7D AC 16 1D 35 2 0 
ID: 316, Data: 85 62 25 17 6F 12 1C 7D 
ID: 2A0, Data: 8A1 11 66 18 31 0 10 0 
ID: 5F0, Data: 20 0 
ID: 316, Data: 85 6C EC 17 6E 11 1D 7D 
ID: 316, Data: 85 6C 9 18 6E 11 1D 7D 
ID: 153, Data: 80 0 0 FF 0 FF 0 0 
ID: 316, Data: 85 6F 4D 18 6F 11 1E 7D 
ID: 153, Data: 80 0 0 FF 0 FF 0 0 
ID: 153, Data: 80 0 0 FF 0 FF 0 0 
ID: 316, Data: 85 6D 54 18 71 11 1E 7D 
ID: 370, Data: 8FF DD F0 FF FF FF FF FF 
ID: 316, Data: 85 6C 5C 18 71 11 1F 7D 
ID: 153, Data: 80 0 0 FF 0 FF 0 0 
ID: 329, Data: 840 B1 80 8 11 43 33 26 
ID: 316, Data: 85 6A D8 18 72 11 1F 7D 
ID: A0, Data: 876 7D B0 18 20 3A 2 0 
ID: 316, Data: 85 67 59 19 71 11 20 7D 
ID: 316, Data: 85 67 7A 19 71 11 20 7D 
ID: 153, Data: 80 0 0 FF 0 FF 0 0 
ID: 316, Data: 85 68 7A 19 71 11 20 7D 
ID: 153, Data: 80 0 0 FF 0 FF 0 0 
ID: 153, Data: 80 0 0 FF 0 FF 0 0 
ID: 316, Data: 85 6B 13 1A 71 11 21 7D 
ID: 153, Data: 80 0 0 FF 0 FF 0 0 
ID: 260, Data: 8B 6C 71 30 0 FF A3 3A 
ID: 316, Data: 85 69 D8 1A 70 11 22 7D 
ID: 260, Data: 8B 6B 71 30 0 FF A6 1A 
ID: 5F0, Data: 20 0 
ID: 280, Data: 830 0 88 B1 35 41 66 98 
ID: 316, Data: 85 69 CF 1A 74 11 22 7D 
ID: 153, Data: 80 0 0 FF 0 FF 0 0 
ID: 316, Data: 85 6E 23 1B 77 11 23 7D 
ID: 153, Data: 80 0 0 FF 0 FF 0 0 
ID: 153, Data: 80 0 0 FF 0 FF 0 0 
ID: 316, Data: 85 75 35 1C 76 10 24 7D 
ID: 153, Data: 80 0 0 FF 0 FF 0 0 
ID: 18F, Data: 8AA 35 0 0 0 0 0 0 
ID: 316, Data: 85 73 9C 1C 76 11 24 7D 
ID: 43F, Data: 843 48 60 FF 77 58 1B 0 
ID: 2A0, Data: 8C1 1E 66 18 31 0 10 0 
ID: 153, Data: 80 0 0 FF 0 FF 0 0 
ID: 316, Data: 85 6F A7 1C 76 11 25 7D 
ID: 153, Data: 80 0 0 FF 0 FF 0 0 
ID: 18F, Data: 8AA 35 0 0 0 0 0 0 
ID: 280, Data: 830 0 88 B1 3A 44 66 97 
ID: 316, Data: 85 6F 74 1D 76 11 26 7D 
ID: 153, Data: 80 0 0 FF 0 FF 0 0 
ID: 153, Data: 80 0 0 FF 0 FF 0 0 
ID: 316, Data: 85 72 13 1E 75 11 27 7D 
ID: 153, Data: 80 0 0 FF 0 FF 0 0 
ID: 316, Data: 85 72 4D 1E 75 11 27 7D 
ID: 316, Data: 85 72 7C 1E 75 11 28 7D 
ID: 280, Data: 830 0 88 B1 3D 47 66 97 
ID: 43F, Data: 843 48 60 FF 77 D8 1D 0 
ID: 316, Data: 85 73 D1 1E 75 11 28 7D 
ID: 153, Data: 80 0 0 FF 0 FF 0 0 
ID: 316, Data: 85 74 27 1F 75 11 29 7D 
ID: 153, Data: 80 0 0 FF 0 FF 0 0 
ID: 260, Data: 8B 75 7A 30 0 FF A5 17 
ID: 316, Data: 85 75 BE 1F 75 1B 2A 7D 
ID: A1, Data: 883 7B 84 7E 47 0 0 0 
ID: 316, Data: 85 75 77 20 72 1B 2A 7D 
ID: 316, Data: 85 74 AE 20 71 1B 2A 7D 
ID: A0, Data: 883 7D BB 20 2B 41 2 0 
ID: 316, Data: 85 73 0 21 70 1B 2B 7D 
ID: 153, Data: 80 0 0 FF 0 FF 0 0 
ID: A0, Data: 881 7D 1C 21 2C 41 2 0 
ID: 316, Data: 85 71 47 21 70 1B 2C 7D 
ID: 1F1, Data: 80 36 64 B1 15 6B B1 16 
ID: 316, Data: 845 6F 47 21 70 1B 2C 7D 
ID: 545, Data: 8E4 FF 0 8C BA 5 BA 5 
ID: 43F, Data: 843 48 60 FF 77 A0 20 0 
ID: 440, Data: 8FE 63 2D A0 FF AA AA AA 
ID: A1, Data: 883 7B 81 7E 46 0 0 0 
ID: 316, Data: 845 6E D7 21 6F 1B 2D 7D 
ID: 316, Data: 845 6D 12 22 6F 1B 2D 7D 
ID: 43F, Data: 843 48 60 FF 77 80 21 0 
ID: 18F, Data: 8AA 34 0 0 0 0 0 0 
ID: 153, Data: 80 0 0 FF 0 FF 0 0 
ID: 316, Data: 845 6D 9A 22 6E 1B 2E 7D 
ID: 260, Data: 8B 6E 6F 30 0 FF AF 11 
ID: 153, Data: 80 0 0 FF 0 FF 0 0 
ID: 260, Data: 8B 6E 6F 30 0 FF AE 3 
ID: 316, Data: 845 6D 45 23 6E 1B 2F 7D 
ID: 2A0, Data: 8C1 27 65 18 31 0 10 0 
ID: 43F, Data: 843 48 60 FF 77 BC 22 0 
ID: 43F, Data: 843 48 60 FF 77 DC 22 0 
ID: 316, Data: 845 6D D7 23 6D 1B 30 7D 
ID: 316, Data: 845 6D F8 23 6D 1C 30 7D 
ID: 43F, Data: 843 48 60 FF 77 3C 23 0 
ID: 260, Data: 8B 6E 6E 30 0 FF AF 30 
ID: 153, Data: 80 0 0 FF 0 FF 0 0 
ID: 316, Data: 845 6D 4C 24 6D 1C 31 7D 
ID: 316, Data: 845 6D 7F 24 6D 1C 31 7D 
ID: 43F, Data: 843 48 60 FF 77 E4 23 0 
ID: 316, Data: 845 6C D5 24 6C 1C 31 7D 
ID: 153, Data: 80 0 0 FF 0 FF 0 0 
ID: 316, Data: 845 6C 1B 25 6C 1C 32 7D 
ID: 316, Data: 845 6C 2C 25 6C 1C 32 7D 
ID: 43F, Data: 843 48 60 FF 77 88 24 0 
ID: 316, Data: 845 6C 86 25 6C 1C 32 7D 
ID: 153, Data: 80 0 0 FF 0 FF 0 0 
ID: 316, Data: 845 6B CE 25 6B 1C 33 7D 
ID: 316, Data: 845 6B F3 25 66 1C 33 7D 
ID: 43F, Data: 843 48 60 FF 77 40 25 0 
ID: 153, Data: 80 0 0 FF 0 FF 0 0 
ID: 153, Data: 80 0 0 FF 0 FF 0 0 
ID: A0, Data: 879 7D 18 26 33 41 2 0 
ID: 316, Data: 845 5E 18 26 5B 1D 34 7D 
ID: 2A0, Data: 81 29 65 18 31 0 10 0 
ID: 316, Data: 845 59 18 26 5C 1D 34 7D 
ID: 316, Data: 845 58 2A 26 5C 1D 34 7D 
ID: 43F, Data: 843 48 60 FF 77 C 26 0 
ID: 153, Data: 80 0 0 FF 0 FF 0 0 
ID: 153, Data: 80 0 0 FF 0 FF 0 0 
ID: 18F, Data: 8AA 3C 0 0 0 0 0 0 
ID: 280, Data: 830 0 88 B1 4D 34 65 7C 
ID: 153, Data: 80 0 0 FF 0 FF 0 0 
ID: 1F1, Data: 80 15 A5 1 1A B1 11 1B 
ID: 2A0, Data: 81 29 65 18 31 0 10 0 
ID: 43F, Data: 843 48 60 FF 77 B0 26 0 
ID: 43F, Data: 843 48 60 FF 77 C0 26 0 
ID: 316, Data: 845 56 9A 27 5A 1E 35 7D 
ID: 316, Data: 845 57 AE 27 5A 1E 35 7D 
ID: 260, Data: 8B 58 5C 30 0 FF BE 3A 
ID: 153, Data: 80 0 0 FF 0 FF 0 0 
ID: 280, Data: 830 0 88 B1 50 35 65 7C 
ID: 316, Data: 845 5A 0 28 62 1E 36 7D 
ID: 153, Data: 80 0 0 FF 0 FF 0 0 
ID: 316, Data: 845 60 91 28 63 1D 36 7D 
ID: 153, Data: 80 0 0 FF 0 FF 0 0 
ID: 260, Data: 8B 62 64 30 0 FF B9 E 
ID: 316, Data: 845 62 E6 28 64 1E 37 7D 
ID: 545, Data: 8E4 1A 1 8D C5 4 C5 4 
ID: 43F, Data: 843 48 60 FF 77 10 28 0 
ID: 43F, Data: 843 48 60 FF 77 3C 28 0 
ID: A1, Data: 880 7E 81 7D 40 0 0 0 
ID: 316, Data: 845 67 3C 29 69 1D 37 7D 
ID: 153, Data: 80 0 0 FF 0 FF 0 0 
ID: 43F, Data: 843 48 60 FF 77 A0 28 0 
ID: 153, Data: 80 0 0 FF 0 FF 0 0 
ID: 43F, Data: 843 48 60 FF 77 F4 28 0 
ID: 153, Data: 80 0 0 FF 0 FF 0 0 
ID: 1F0, Data: 8F9 3F F9 BF 0 0 0 0 
ID: 316, Data: 845 6B 31 2A 6F 1D 39 7D 
ID: 316, Data: 845 6D 48 2A 6F 1D 39 7D 
ID: 43F, Data: 843 48 60 FF 77 7C 29 0 
ID: 316, Data: 845 6E 8D 2A 6E 1E 39 7D 
ID: 153, Data: 80 0 0 FF 0 FF 0 0 
ID: 316, Data: 845 6F BC 2A 6F 1E 39 7D 
ID: 316, Data: 845 6E BC 2A 6E 1E 3A 7D 
ID: 43F, Data: 843 48 60 FF 77 FC 29 0 
ID: 329, Data: 8ED B1 80 8 11 4E 35 26 
ID: 153, Data: 80 0 0 FF 0 FF 0 0 
ID: 153, Data: 80 0 0 FF 0 FF 0 0 
ID: 5F0, Data: 20 0 
ID: 153, Data: 80 0 0 FF 0 FF 0 0 
ID: 153, Data: 80 0 0 FF 0 FF 0 0 
ID: A1, Data: 880 7E 84 7D 42 0 0 0 
ID: 280, Data: 830 0 88 B1 57 4C 65 9B 
ID: 280, Data: 830 0 88 B1 58 50 65 A0 
ID: 316, Data: 845 87 BE 2C 88 1E 3B 7D 
ID: 329, Data: 8B B1 80 8 11 56 46 26 
ID: 43F, Data: 843 48 60 FF 77 B0 2B 0 
ID: 316, Data: 845 8A A4 2C 99 1D 3C 7D 
ID: 153, Data: 80 0 0 FF 0 FF 0 0 
ID: 316, Data: 845 AB A9 2D B5 1D 3C 7D 
ID: 316, Data: 845 B2 67 2E B9 1D 3D 7D 
ID: 43F, Data: 843 48 60 FF 77 24 2D 0 
ID: 316, Data: 845 BD D6 2E BC 1D 3D 7D 
ID: 153, Data: 80 0 0 FF 0 FF 0 0 
ID: 316, Data: 845 BD 81 2F C2 1E 3E 7D 
ID: 316, Data: 845 BC 13 30 CB 1E 3E 7D 
ID: 370, Data: 8FF DB F0 FF FF FF FF FF 
ID: 316, Data: 845 C0 61 31 D4 1E 3F 7D 
ID: 43F, Data: 843 48 60 FF 77 9C 2E 0 
ID: 440, Data: 8FE B3 40 A0 FF AA AA AA 
ID: 316, Data: 845 CE F2 33 D8 1F 40 7D 
ID: A0, Data: 8F1 7D 5B 34 41 94 2 0 
ID: 153, Data: 80 0 0 FF 0 FF 0 0 
ID: 316, Data: 845 D3 31 35 D6 1F 41 7D 
ID: 43F, Data: 843 48 60 FF 77 64 30 0 
ID: 316, Data: 845 D1 9E 35 D7 20 42 7D 
ID: 316, Data: 845 CF E8 35 D7 20 43 7D 
ID: 43F, Data: 83 48 60 FF 77 3C 31 0 
ID: 329, Data: 8ED B1 80 8 11 AA 88 26 
ID: 153, Data: 80 0 0 FF 0 FF 0 0 
ID: 153, Data: 80 0 0 FF 0 FF 0 0 
ID: 316, Data: 845 D0 3F 37 D6 20 45 7D 
ID: 153, Data: 80 0 0 FF 0 FF 0 0 
ID: 316, Data: 845 CF DD 37 D6 21 46 7D 
ID: 316, Data: 845 D0 DD 37 D6 21 46 7D 
ID: 43F, Data: 83 48 60 FF 77 8C 33 0 
ID: 316, Data: 845 CF 7F 38 D6 21 47 7D 
ID: 18F, Data: 8AA 41 0 0 0 0 0 0 
ID: 153, Data: 80 0 0 FF 0 FF 0 0 
ID: 316, Data: 845 C5 24 39 10 21 48 7D 
ID: 153, Data: 80 0 0 FF 0 FF 0 0 
ID: 329, Data: 840 B1 80 8 11 45 0 26 
ID: 316, Data: 845 49 79 35 12 23 49 7D 
ID: 2A0, Data: 8E0 45 65 18 31 0 10 0 
ID: 316, Data: 845 2B D0 33 15 25 49 7D 
ID: 545, Data: 8E4 76 0 8D A6 FF A6 FF 
ID: 316, Data: 845 1D AD 33 16 25 49 7D 
ID: 260, Data: 8B 1B 16 30 0 FF 88 10 
ID: 153, Data: 80 0 0 FF 0 FF 0 0 
ID: 440, Data: 8FE C3 48 A0 FF AA AA AA 
ID: 316, Data: 845 16 26 33 16 26 49 7D 
ID: 153, Data: 80 0 0 FF 0 FF 0 0 
ID: 329, Data: 8ED B0 80 8 11 39 0 26 
ID: 153, Data: 80 0 0 FF 0 FF 0 0 
ID: 280, Data: 830 0 84 B0 64 15 64 36 
ID: 316, Data: 845 1A 40 32 16 25 48 7D 
ID: 153, Data: 80 0 0 FF 0 FF 0 0 
ID: 316, Data: 845 1A 0 32 16 25 48 7D 
ID: 153, Data: 80 0 0 FF 0 FF 0 0 
ID: A1, Data: 86D 80 71 7D 1A 0 0 0 
ID: 329, Data: 8ED B0 80 8 11 3A 0 26 
ID: 1F0, Data: 8F9 3F F9 BF 0 0 0 0 
ID: 153, Data: 80 0 0 FF 0 FF 0 0 
ID: 153, Data: 80 0 0 FF 0 FF 0 0 
ID: 153, Data: 80 0 0 FF 0 FF 0 0 
ID: 316, Data: 845 1A 0 32 16 25 47 7D 
ID: 316, Data: 845 1A 20 32 16 25 47 7D 
ID: 43F, Data: 83 48 60 FF 77 14 33 0 
ID: 153, Data: 80 0 0 FF 0 FF 0 0 
ID: A1, Data: 871 80 75 7D 1A 0 0 0 
ID: 329, Data: 8ED B0 80 8 11 39 0 26 
ID: 280, Data: 830 0 84 B0 63 14 64 35 
ID: 153, Data: 80 0 0 FF 0 FF 0 0 
ID: 153, Data: 80 0 0 FF 0 FF 0 0 
ID: 316, Data: 84D 15 C0 31 16 25 46 7D 
ID: 153, Data: 80 0 0 FF 0 FF 0 0 
ID: 329, Data: 884 B0 80 8 11 39 0 26 
ID: 316, Data: 84D 11 61 31 16 25 46 7D 
ID: 260, Data: 80 D 17 30 0 FF 7C 16 
ID: 43F, Data: 83 48 60 FF 77 0 32 0 
ID: 316, Data: 84D 8 C7 30 16 25 46 7D 
ID: 2A0, Data: 820 2A 64 18 31 0 10 0 
ID: 316, Data: 84D 4 6D 30 17 25 45 7D 
ID: 316, Data: 84D 5 31 30 1C 25 45 7D 
ID: 43F, Data: 83 48 60 FF 77 8C 31 0 
ID: 43F, Data: 83 48 60 FF 77 78 31 0 
ID: 440, Data: 8FE 63 45 A0 FF AA AA AA 
ID: 316, Data: 845 22 F6 2F 20 1B 45 7D 
ID: 545, Data: 8E4 75 0 8D 66 0 66 0 
ID: 43F, Data: 843 48 60 FF 77 80 31 0 
ID: 370, Data: 8FF DB F0 FF FF FF FF FF 
ID: 153, Data: 80 0 0 FF 0 FF 0 0 
ID: 316, Data: 845 21 42 31 22 1C 44 7D 
ID: 316, Data: 845 22 23 31 F 1C 44 7D 
ID: 43F, Data: 843 48 60 FF 77 8 31 0 
ID: 370, Data: 8FF DB F0 FF FF FF FF FF 
ID: 545, Data: 8E4 77 0 8D 3D 0 3D 0 
ID: 153, Data: 80 0 0 FF 0 FF 0 0 
ID: 316, Data: 85 1D 23 31 15 1C 44 7D 
ID: 153, Data: 80 0 0 FF 0 FF 0 0 
ID: 329, Data: 884 B0 80 8 11 35 5 26 
ID: 316, Data: 85 1C 6D 30 19 1C 44 7D 
ID: 280, Data: 830 0 88 B0 60 10 64 2E 
ID: 43F, Data: 843 48 60 FF 77 60 30 0 
ID: 440, Data: 8FE 13 43 A0 FF AA AA AA 
ID: 316, Data: 85 1E 4F 30 29 1C 43 7D 
ID: 18F, Data: 8AA 40 0 0 0 0 0 0 
ID: 43F, Data: 843 48 60 FF 77 80 30 0 
ID: 1F1, Data: 80 6A F D2 20 20 E2 21 
ID: 43F, Data: 843 48 60 FF 77 94 30 0 
ID: 329, Data: 884 B0 80 8 11 3B 10 26 
ID: 316, Data: 85 26 42 31 28 1B 43 7D 
ID: 2A0, Data: 861 1F 64 18 31 0 10 0 
ID: 43F, Data: 843 48 60 FF 77 48 30 0 
ID: 316, Data: 85 27 A9 30 2A 1B 43 7D 
ID: A1, Data: 884 7C 87 79 1D 0 0 0 
ID: 316, Data: 85 27 C7 30 32 1B 43 7D 
ID: 316, Data: 85 2A C7 30 33 1B 43 7D 
ID: 43F, Data: 843 48 60 FF 77 38 30 0 
ID: 316, Data: 85 2C E6 30 33 1B 43 7D 
ID: 18F, Data: 8AA 3F 0 0 0 0 0 0 
ID: 316, Data: 85 2E 42 31 33 1B 43 7D 
ID: 153, Data: 80 0 0 FF 0 FF 0 0 
ID: 153, Data: 80 0 0 FF 0 FF 0 0 
ID: 316, Data: 85 2F 42 31 33 1B 43 7D 
ID: 153, Data: 80 0 0 FF 0 FF 0 0 
ID: 316, Data: 85 30 23 31 33 1B 43 7D 
ID: 316, Data: 85 30 5 31 33 1B 43 7D 
ID: A1, Data: 885 7C 89 79 24 0 0 0 
ID: 316, Data: 85 31 5 31 33 1B 43 7D 
ID: 153, Data: 80 0 0 FF 0 FF 0 0 
ID: 316, Data: 85 31 23 31 33 1B 43 7D 
ID: 316, Data: 85 2F 42 31 33 1B 43 7D 
ID: 2A0, Data: 8A1 1E 64 18 31 0 10 0 
ID: 43F, Data: 843 48 60 FF 77 64 30 0 
ID: 316, Data: 85 30 23 31 34 1B 43 7D 
ID: 316, Data: 85 30 42 31 35 1B 43 7D 
ID: 316, Data: 85 30 23 31 35 1B 43 7D 
ID: 43F, Data: 843 48 60 FF 77 4C 30 0 
ID: 316, Data: 85 32 23 31 35 1B 43 7D 
ID: 153, Data: 80 0 0 FF 0 FF 0 0 
ID: 153, Data: 80 0 0 FF 0 FF 0 0 
ID: 316, Data: 85 32 42 31 35 1A 43 7D 
ID: 153, Data: 80 0 0 FF 0 FF 0 0 
ID: 316, Data: 85 33 61 31 35 1A 43 7D 
ID: 153, Data: 80 0 0 FF 0 FF 0 0 
ID: 153, Data: 80 0 0 FF 0 FF 0 0 
ID: 316, Data: 85 33 61 31 B 1A 43 7D 
ID: 43F, Data: 843 48 60 FF 77 6C 30 0 
ID: 440, Data: 8FE 63 43 A0 FF AA AA AA 
ID: 153, Data: 80 0 0 FF 0 FF 0 0 
ID: 153, Data: 80 0 0 FF 0 FF 0 0 
ID: 316, Data: 85 21 4F 30 D 1C 43 7D 
ID: 153, Data: 80 0 0 FF 0 FF 0 0 
ID: 316, Data: 85 1F 13 30 D 1C 43 7D 
ID: 153, Data: 80 0 0 FF 0 FF 0 0 
ID: 316, Data: 85 1D BB 2F E 1C 43 7D 
ID: 43F, Data: 843 48 60 FF 77 10 30 0 
ID: 440, Data: 8FE 63 42 A0 FF AA AA AA 
ID: 316, Data: 85 1B 9E 2F E 1C 43 7D 
ID: 2A0, Data: 840 19 64 18 31 0 10 0 
ID: 43F, Data: 843 48 60 FF 77 FC 2F 0 
ID: 316, Data: 85 17 2B 2F E 1C 43 7D 
ID: 153, Data: 80 0 0 FF 0 FF 0 0 
ID: 316, Data: 85 15 BA 2E E 1C 43 7D 
ID: 153, Data: 80 0 0 FF 0 FF 0 0 
ID: 153, Data: 80 0 0 FF 0 FF 0 0 
ID: 316, Data: 85 16 9E 2E E 1C 42 7D 
ID: 43F, Data: 843 48 60 FF 77 9C 2F 0 
ID: 440, Data: 8FE B3 42 A0 FF AA AA AA 
ID: 260, Data: 8B 18 E 30 0 FF 7B 29 
ID: 153, Data: 80 0 0 FF 0 FF 0 0 
ID: 316, Data: 85 18 30 2E E 1B 42 7D 
ID: 153, Data: 80 0 0 FF 0 FF 0 0 
ID: 316, Data: 85 18 4B 2E E 1B 42 7D 
ID: 316, Data: 85 18 4B 2E E 1B 42 7D 
ID: 2A0, Data: 820 14 64 18 31 0 10 0 
ID: 43F, Data: 843 48 60 FF 77 38 2F 0 
ID: 153, Data: 80 0 0 FF 0 FF 0 0 
ID: 2A0, Data: 820 13 64 18 31 0 10 0 
ID: 280, Data: 830 0 84 B0 5C 12 64 30 
ID: 43F, Data: 843 48 60 FF 77 8 2F 0 
ID: 316, Data: 8D 18 30 2E E 1B 41 7D 
ID: 18F, Data: 8AA 39 0 0 0 0 0 0 
ID: 43F, Data: 843 48 60 FF 77 D8 2E 0 
ID: 153, Data: 80 0 0 FF 0 FF 0 0 
ID: 153, Data: 80 0 0 FF 0 FF 0 0 
ID: 5F0, Data: 20 0 
ID: 440, Data: 8FE C3 41 A0 FF AA AA AA 
ID: 153, Data: 80 0 0 FF 0 FF 0 0 
ID: 153, Data: 80 0 0 FF 0 FF 0 0 
ID: 316, Data: 8D 8 3F 2D E 1B 41 7D 
ID: 153, Data: 80 0 0 FF 0 FF 0 0 
ID: 316, Data: 8D 4 F1 2C E 1B 41 7D 
ID: 153, Data: 80 0 0 FF 0 FF 0 0 
ID: 153, Data: 80 0 0 FF 0 FF 0 0 
ID: 153, Data: 80 0 0 FF 0 FF 0 0 
ID: 18F, Data: 8AA 38 0 0 0 0 0 0 
ID: 316, Data: 8D 0 BE 2C E 1B 40 7D 
ID: 1F0, Data: 8F8 3F F9 BF 0 0 0 0 
ID: 316, Data: 8D 0 F1 2C E 1B 40 7D 
ID: 329, Data: 840 B0 80 8 11 37 0 26 
ID: 545, Data: 8E4 0 0 8D 1D FE 1D FE 
ID: 316, Data: 8D 0 B 2D E 1B 40 7D 
ID: 316, Data: 8D 0 F1 2C E 1B 40 7D 
ID: 316, Data: 8D 0 D7 2C E 1B 3F 7D 
ID: 2A0, Data: 880 E 64 18 31 0 10 0 
ID: 153, Data: 80 0 0 FF 0 FF 0 0 
ID: 316, Data: 8D 0 8B 2C E 1B 3F 7D 
ID: 5F0, Data: 20 0 
ID: 316, Data: 8D 0 71 2C E 1B 3F 7D 
ID: 153, Data: 80 0 0 FF 0 FF 0 0 
ID: 43F, Data: 843 48 60 FF 77 28 2D 0 
ID: 153, Data: 80 0 0 FF 0 FF 0 0 
ID: 316, Data: 8D 0 3F 2C E 1B 3F 7D 
ID: 316, Data: 8D 0 26 2C E 1B 3F 7D 
ID: 153, Data: 80 0 0 FF 0 FF 0 0 
ID: 316, Data: 8D 0 D 2C E 1B 3E 7D 
ID: 316, Data: 8D 0 D 2C E 1B 3E 7D 
ID: 316, Data: 8D 0 D 2C E 1B 3E 7D 
ID: 316, Data: 8D 0 F4 2B E 1B 3E 7D 
ID: 1F0, Data: 8F8 3F F9 BF 0 0 0 0 
ID: 18F, Data: 8AA 37 0 0 0 0 0 0 
ID: 260, Data: 80 0 E 30 0 FF 79 1 
ID: 316, Data: 8D 0 AB 2B E 1A 3E 7D 
ID: 316, Data: 8D 0 AB 2B E 1A 3E 7D 
ID: 280, Data: 830 0 20 B1 56 14 64 37 
ID: 153, Data: 80 0 0 FF 0 FF 0 0 
ID: 153, Data: 80 0 0 FF 0 FF 0 0 
ID: 43F, Data: 843 48 60 FF 77 BC 2B 0 
ID: 153, Data: 80 0 0 FF 0 FF 0 0 
ID: 43F, Data: 843 48 60 FF 77 A4 2B 0 
ID: 316, Data: 8D 0 D3 2A E 1A 3D 7D 
ID: 2A0, Data: 8E0 A 64 18 31 0 10 0 
ID: A0, Data: 826 7D A4 2A 3D 2E 4 0 
ID: 370, Data: 8FF DB F0 FF FF FF FF FF 
ID: 316, Data: 8D 0 5F 2A E 1A 3C 7D 
ID: 153, Data: 80 0 0 FF 0 FF 0 0 
ID: 153, Data: 80 0 0 FF 0 FF 0 0 
ID: A1, Data: 880 80 80 7D 1B 0 0 0 
ID: 329, Data: 8ED B1 80 8 12 37 0 26 
ID: 153, Data: 80 0 0 FF 0 FF 0 0 
ID: 153, Data: 80 0 0 FF 0 FF 0 0 
ID: A0, Data: 826 7D 7E 29 3B 2E 4 0 
ID: 316, Data: 8D 0 52 29 F 1A 3B 7D 
ID: 18F, Data: 8AA 37 0 0 0 0 0 0 
ID: 43F, Data: 843 48 60 FF 77 A8 29 0 
ID: A0, Data: 827 7D FB 28 3B 2E 4 0 
ID: 153, Data: 80 0 0 FF 0 FF 0 0 
ID: 316, Data: 8D 0 91 28 F 1A 3A 7D 
ID: 153, Data: 80 0 0 FF 0 FF 0 0 
ID: 5F0, Data: 20 0 
ID: 153, Data: 80 0 0 FF 0 FF 0 0 
ID: 316, Data: 8D 0 52 28 F 1A 39 7D 
ID: 5F0, Data: 20 0 
ID: 316, Data: 8D 0 14 28 F 1A 39 7D 
ID: 153, Data: 80 0 0 FF 0 FF 0 0 
ID: 43F, Data: 843 48 60 FF 77 94 28 0 
ID: 153, Data: 80 0 0 FF 0 FF 0 0 
ID: 316, Data: 8D 0 AE 27 F 1A 38 7D 
ID: 316, Data: 8D 0 9A 27 F 1A 38 7D 
ID: 1F0, Data: 8F9 3F F9 BF 0 0 0 0 
ID: 316, Data: 8D 0 72 27 10 1A 38 7D 
ID: 260, Data: 80 0 10 30 0 FF 75 3F 
ID: 43F, Data: 843 48 60 FF 77 E8 27 0 
ID: 43F, Data: 843 48 60 FF 77 CC 27 0 
ID: 43F, Data: 843 48 60 FF 77 B4 27 0 
ID: 316, Data: 8D 0 E9 26 10 1A 37 7D 
ID: 280, Data: 830 0 20 B1 4D 15 64 39 
ID: 43F, Data: 843 48 60 FF 77 58 27 0 
ID: 43F, Data: 843 48 60 FF 77 48 27 0 
ID: A0, Data: 827 7D C2 26 38 2D 4 0 
ID: 316, Data: 8D 0 63 26 10 19 36 7D 
ID: 316, Data: 8D 0 3D 26 10 19 36 7D 
ID: 18F, Data: 8AA 36 0 0 0 0 0 0 
ID: 43F, Data: 843 48 60 FF 77 B8 26 0 
ID: 153, Data: 80 0 0 FF 0 FF 0 0 
ID: 43F, Data: 843 48 60 FF 77 84 26 0 
ID: 316, Data: 8D 0 AA 25 10 19 36 7D 
ID: 545, Data: 8E4 0 0 8D 39 FE 39 FE 
ID: 316, Data: 8D 0 50 25 10 19 35 7D 
ID: 316, Data: 8D 0 2C 25 10 19 35 7D 
ID: 329, Data: 884 B1 80 8 12 35 0 26 
ID: 43F, Data: 843 48 60 FF 77 28 25 0 
ID: 153, Data: 80 0 0 FF 0 FF 0 0 
ID: 2A0, Data: 880 5 64 18 31 0 10 0 
ID: 316, Data: 8D 0 E8 23 11 19 33 7D 
ID: 280, Data: 830 0 20 B1 47 16 64 3C 
ID: 43F, Data: 843 48 60 FF 77 4 24 0 
ID: 316, Data: 8D 0 45 23 11 19 33 7D 
ID: 18F, Data: 8AA 36 0 0 0 0 0 0 
ID: 5F0, Data: 20 0 
ID: 153, Data: 80 0 0 FF 0 FF 0 0 
ID: 153, Data: 80 0 0 FF 0 FF 0 0 
ID: 280, Data: 830 0 20 B1 44 16 64 3E 
ID: 370, Data: 8FF DB F0 FF FF FF FF FF 
ID: 153, Data: 80 0 0 FF 0 FF 0 0 
ID: 316, Data: 8D 0 E 21 11 19 30 7D 
ID: 316, Data: 8D 0 D7 20 11 19 2F 7D 
ID: 316, Data: 8D 0 85 20 11 18 2F 7D 
ID: A1, Data: 880 80 80 7D 1E 0 0 0 
ID: 153, Data: 80 0 0 FF 0 FF 0 0 
ID: 43F, Data: 843 48 60 FF 77 24 20 0 
ID: 153, Data: 80 0 0 FF 0 FF 0 0 
ID: 153, Data: 80 0 0 FF 0 FF 0 0 
ID: 316, Data: 8D 0 B8 1E 12 18 2C 7D 
ID: 153, Data: 80 0 0 FF 0 FF 0 0 
ID: 316, Data: 8D 0 2A 1E 12 18 2C 7D 
ID: 153, Data: 80 0 0 FF 0 FF 0 0 
ID: 316, Data: 8D 0 95 1D 12 18 2B 7D 
ID: 370, Data: 8FF DB F0 FF FF FF FF FF 
ID: 316, Data: 8D 0 11 1D 13 18 2A 7D 
ID: 316, Data: 8D 0 B1 1C 13 18 2A 7D 
ID: 316, Data: 8D 0 7D 1C 13 18 29 7D 
ID: 18F, Data: 8AA 36 0 0 0 0 0 0 
ID: 370, Data: 8FF DB F0 FF FF FF FF FF 
ID: 43F, Data: 843 48 60 FF 77 38 1C 0 
ID: 316, Data: 8D 0 52 1B 13 18 28 7D 
ID: 153, Data: 80 0 0 FF 0 FF 0 0 
ID: 153, Data: 80 0 0 FF 0 FF 0 0 
ID: 5F0, Data: 20 0 
ID: 370, Data: 8FF DB F0 FF FE FF FF FF 
ID: 153, Data: 80 0 0 FF 0 FF 0 0 
ID: 153, Data: 80 0 0 FF 0 FF 0 0 
ID: 316, Data: 8D 0 0 19 15 18 25 7D 
ID: 153, Data: 80 0 0 FF 0 FF 0 0 
ID: 316, Data: 8D 0 C0 17 16 18 25 7D 
ID: 43F, Data: 84A 48 60 FF 77 94 1A 0 
ID: 153, Data: 80 0 0 FF 0 FF 0 0 
ID: A0, Data: 82A 7D BA 16 24 28 4 0 
ID: 316, Data: 8D 0 9F 16 17 18 23 7D 
ID: 260, Data: 80 0 17 30 0 FF 4E 5 
ID: 153, Data: 80 0 0 FF 0 FF 0 0 
ID: 5F0, Data: 20 0 
ID: 153, Data: 80 0 0 FF 0 FF 0 0 
ID: 316, Data: 8D 0 A4 17 16 18 22 7D 
ID: 440, Data: 8FE 13 21 A0 FF AA AA AA 
ID: 153, Data: 80 0 0 FF 0 FF 0 0 
ID: 316, Data: 8D 0 5D 17 16 18 21 7D 
ID: 316, Data: 8D 0 4F 17 16 18 21 7D 
ID: 1F1, Data: 80 47 FD B0 F 2 11 10 
ID: 153, Data: 80 0 0 FF 0 FF 0 0 
ID: 153, Data: 80 0 0 FF 0 FF 0 0 
ID: 316, Data: 8D 0 AC 16 16 18 20 7D 
ID: A0, Data: 825 7D 3 17 21 27 4 0 
ID: 316, Data: 8D 0 45 16 17 18 1F 7D 
ID: 5F0, Data: 20 0 
ID: 316, Data: 85 0 C9 15 17 18 1F 7D 
ID: 316, Data: 85 4 AB 15 17 18 1F 7D 
ID: 18F, Data: 8AA 35 0 0 0 0 0 0 
ID: 316, Data: 85 D 29 15 18 18 1E 7D 
ID: 43F, Data: 82 48 60 FF 77 DC 20 0 
ID: 440, Data: 8FE 82 1D A0 FF AA AA AA 
ID: 316, Data: 85 15 98 14 18 18 1E 7D 
ID: 153, Data: 80 0 0 FF 0 FF 0 0 
ID: 329, Data: 8B B1 80 8 12 2E 0 26 
ID: 316, Data: 85 19 78 14 19 18 1D 7D 
ID: 316, Data: 85 19 B9 14 18 18 1D 7D 
ID: 153, Data: 80 0 0 FF 0 FF 0 0 
ID: 1F1, Data: 80 AE DC 90 D E2 10 E 
ID: 43F, Data: 82 48 60 FF 77 C4 1E 0 
ID: 43F, Data: 82 48 60 FF 77 7C 1E 0 
ID: 2A0, Data: 880 2 64 18 31 0 10 0 
ID: 316, Data: 85 18 48 14 19 18 1B 7D 
ID: 153, Data: 80 0 0 FF 0 FF 0 0 
ID: A0, Data: 824 7D 43 14 1C 26 2 0 
ID: 316, Data: 85 17 5 14 19 18 1B 7D 
ID: 260, Data: 8B 18 19 30 0 FF 4F 2C 
ID: 316, Data: 85 17 F5 13 19 18 1A 7D 
ID: 316, Data: 85 17 EB 13 19 18 1A 7D 
ID: 43F, Data: 82 48 60 FF 77 48 1C 0 
ID: 316, Data: 85 17 C8 13 19 18 1A 7D 
ID: 545, Data: 8E4 36 0 8C EC FF EC FF 
ID: 43F, Data: 82 48 60 FF 77 6C 1B 0 
ID: 316, Data: 85 18 52 13 1A 18 19 7D 
ID: 43F, Data: 82 48 60 FF 77 FC 1A 0 
ID: 316, Data: 85 18 C 13 1A 18 18 7D 
ID: 2A0, Data: 880 2 64 18 31 0 10 0 
ID: 43F, Data: 82 48 60 FF 77 34 1A 0 
ID: 43F, Data: 82 48 60 FF 77 F0 19 0 
ID: 153, Data: 80 0 0 FF 0 FF 0 0 
ID: 370, Data: 8FF DB F0 FF FF FF FF FF 
ID: 280, Data: 830 0 84 B1 24 13 65 37 
ID: 316, Data: 85 19 EF 11 1B 19 17 7D 
ID: 2A0, Data: 820 2 65 18 31 0 10 0 
ID: 153, Data: 80 0 0 FF 0 FF 0 0 
ID: 316, Data: 85 1A 9F 11 1A 19 16 7D 
ID: 153, Data: 80 0 0 FF 0 FF 0 0 
ID: 329, Data: 8B B1 80 8 12 2D 0 26 
ID: 5F0, Data: 20 0 
ID: 316, Data: 85 1A 49 11 1A 19 16 7D 
ID: 316, Data: 85 1A 39 11 1A 19 15 7D 
ID: 153, Data: 80 0 0 FF 0 FF 0 0 
ID: 316, Data: 85 1A 10 11 1A 19 15 7D 
ID: 153, Data: 80 0 0 FF 0 FF 0 0 
ID: 545, Data: 8E4 2F 0 8C E 0 E 0 
ID: 316, Data: 85 1A B8 10 1B 19 14 7D 
ID: 43F, Data: 82 48 60 FF 77 C 16 0 
ID: 18F, Data: 8AA 35 0 0 0 0 0 0 
ID: 153, Data: 80 0 0 FF 0 FF 0 0 
ID: A1, Data: 88F 80 90 7D 1C 0 0 0 
ID: 280, Data: 830 0 84 B1 20 14 65 3A 
ID: 545, Data: 8E4 2D 0 8C F 0 F 0 
ID: 43F, Data: 82 48 60 FF 77 8C 14 0 
ID: 43F, Data: 82 48 60 FF 77 4C 14 0 
ID: 43F, Data: 82 48 60 FF 77 10 14 0 
ID: 545, Data: 8E4 2C 0 8C E 0 E 0 
ID: 153, Data: 80 0 0 FF 0 FF 0 0 
ID: 153, Data: 80 0 0 FF 0 FF 0 0 
ID: 18F, Data: 8AA 35 0 0 0 0 0 0 
ID: 316, Data: 85 1B 50 F 1C 1A 11 7D 
ID: 316, Data: 85 1B 4A F 1C 1A 11 7D 
ID: 545, Data: 8E4 2A 0 8C D 0 D 0 
ID: 153, Data: 80 0 0 FF 0 FF 0 0 
ID: 153, Data: 80 0 0 FF 0 FF 0 0 
ID: 260, Data: 8B 1B 1D 30 0 FF 5A 1A 
ID: 370, Data: 8FF DB F0 FF FF FF FF FF 
ID: 1F0, Data: 8FA 3F F9 BF 0 0 0 0 
ID: 316, Data: 85 1B 99 E 1D 1A 10 7D 
ID: 153, Data: 80 0 0 FF 0 FF 0 0 
ID: A1, Data: 88C 80 8C 7D 1D 0 0 0 
ID: 329, Data: 8ED B1 80 8 12 2C 0 26 
ID: 545, Data: 8E4 29 0 8C 17 0 17 0 
ID: 153, Data: 80 0 0 FF 0 FF 0 0 
ID: 153, Data: 80 0 0 FF 0 FF 0 0 
ID: 153, Data: 80 0 0 FF 0 FF 0 0 
ID: 18F, Data: 8AA 35 0 0 0 0 0 0 
ID: 316, Data: 85 1C 3E E 1D 1A E 7D 
ID: 316, Data: 85 1C E E 1D 1A E 7D 
ID: 316, Data: 85 1C F2 D 1E 1A E 7D 
ID: 329, Data: 8ED B1 80 8 12 2C 0 26 
ID: A0, Data: 82F 7D E E E 25 2 0 
ID: 43F, Data: 82 48 60 FF 77 94 E 0 
ID: 153, Data: 80 0 0 FF 0 FF 0 0 
ID: 43F, Data: 82 48 60 FF 77 4C E 0 
ID: 153, Data: 80 0 0 FF 0 FF 0 0 
ID: 5F0, Data: 20 0 
ID: 43F, Data: 82 48 60 FF 77 EC D 0 
ID: A0, Data: 82F 7D B2 D D 25 2 0 
ID: 153, Data: 80 0 0 FF 0 FF 0 0 
ID: 153, Data: 80 0 0 FF 0 FF 0 0 
ID: 440, Data: 8FE 72 C A0 FF AA AA AA 
ID: 316, Data: 85 1E B2 D 1E 1A C 7D 
ID: 43F, Data: 82 48 60 FF 77 64 D 0 
ID: 153, Data: 80 0 0 FF 0 FF 0 0 
ID: 153, Data: 80 0 0 FF 0 FF 0 0 
ID: 43F, Data: 82 48 60 FF 77 34 D 0 
ID: 43F, Data: 82 48 60 FF 77 14 D 0 
ID: 43F, Data: 82 48 60 FF 77 94 C 0 
ID: 316, Data: 85 1E 4E D 1F 1A B 7D 
ID: 316, Data: 85 1E 14 D 1F 1B B 7D 
ID: 280, Data: 830 0 84 B1 1A 17 65 43 
ID: 43F, Data: 82 48 60 FF 77 30 C 0 
ID: 316, Data: 85 1F BF C 20 1B B 7D 
ID: 316, Data: 85 1F 9E C 20 1B B 7D 
ID: 1F1, Data: 80 3 54 40 5 55 60 5 
ID: 153, Data: 80 0 0 FF 0 FF 0 0 
ID: 153, Data: 80 0 0 FF 0 FF 0 0 
ID: A0, Data: 833 7D 54 C B 24 2 0 
ID: 316, Data: 85 20 31 C 21 1A A 7D 
ID: 316, Data: 85 20 F4 B 22 1A A 7D 
ID: 2A0, Data: 880 0 65 18 31 0 10 0 
ID: A0, Data: 833 7D F4 B B 24 2 0 
ID: 43F, Data: 82 48 60 FF 77 F0 A 0 
ID: 153, Data: 80 0 0 FF 0 FF 0 0 
ID: 43F, Data: 82 48 60 FF 77 AC A 0 
ID: 153, Data: 80 0 0 FF 0 FF 0 0 
ID: 153, Data: 80 0 0 FF 0 FF 0 0 
ID: 153, Data: 80 0 0 FF 0 FF 0 0 
ID: 260, Data: 8B 22 23 30 0 FF 6A B 
ID: 316, Data: 85 22 80 B 23 1A 9 7D 
ID: 18F, Data: 8AA 35 0 0 0 0 0 0 
ID: 43F, Data: 82 48 60 FF 77 D0 9 0 
ID: 260, Data: 8B 22 23 30 0 FF 6C 9 
ID: 43F, Data: 82 48 60 FF 77 84 9 0 
ID: 43F, Data: 82 48 60 FF 77 64 9 0 
ID: 153, Data: 80 0 0 FF 0 FF 0 0 
ID: 316, Data: 85 23 14 B 23 1A 8 7D 
ID: 316, Data: 85 23 16 B 23 1A 8 7D 
ID: 316, Data: 85 23 1F B 23 1A 8 7D 
ID: 545, Data: 8E4 26 0 8C A6 0 A6 0 
ID: 43F, Data: 82 48 60 FF 77 60 8 0 
ID: 43F, Data: 82 48 60 FF 77 38 8 0 
ID: 43F, Data: 82 48 60 FF 77 14 8 0 
ID: 43F, Data: 82 48 60 FF 77 E8 7 0 
ID: 280, Data: 830 0 84 B1 15 1A 65 4B 
ID: A1, Data: 880 80 92 7D 23 0 0 0 
ID: 316, Data: 85 24 E0 A 24 1A 7 7D 
ID: 316, Data: 85 24 E6 A 24 1A 7 7D 
ID: 153, Data: 80 0 0 FF 0 FF 0 0 
ID: 260, Data: 8B 24 24 30 0 FF 71 0 
ID: 440, Data: 8EF 22 6 A0 FF AA AA AA 
ID: 2A0, Data: 840 0 65 18 31 0 10 0 
ID: 153, Data: 80 0 0 FF 0 FF 0 0 
ID: 153, Data: 80 0 0 FF 0 FF 0 0 
ID: 316, Data: 85 24 C3 A 24 1A 6 7D 
ID: 43F, Data: 82 48 60 FF 77 8 6 0 
ID: 370, Data: 8FF DB F0 FF FF FF FF FF 
ID: 43F, Data: 82 48 60 FF 77 BC 5 0 
ID: 18F, Data: 8AA 35 0 0 0 0 0 0 
ID: 153, Data: 80 0 0 FF 0 FF 0 0 
ID: 2A0, Data: 880 0 65 18 31 0 10 0 
ID: 316, Data: 85 25 53 A 25 19 5 7D 
ID: 18F, Data: 8AA 35 0 0 0 0 0 0 
ID: 43F, Data: 82 48 60 FF 77 E4 4 0 
ID: 260, Data: 8B 25 25 30 0 FF 70 F 
ID: 43F, Data: 82 48 60 FF 77 98 4 0 
ID: 43F, Data: 82 48 60 FF 77 70 4 0 
ID: 43F, Data: 82 48 60 FF 77 48 4 0 
ID: 43F, Data: 82 48 60 FF 77 30 4 0 
ID: 2A0, Data: 840 0 65 18 31 0 10 0 
ID: 370, Data: 8FF DB F0 FF FF FF FF FF 
ID: 316, Data: 85 25 6A A 25 19 3 7D 
ID: 545, Data: 8E4 25 0 8D D7 0 D7 0 
ID: A0, Data: 837 7E 71 A 4 24 2 0 
ID: 1F0, Data: 8F0 3F F9 BF 0 0 0 0 
ID: 153, Data: 80 0 0 FF 0 FF 0 0 
ID: 316, Data: 85 26 67 A 25 19 3 7D 
ID: 18F, Data: 8AA 36 0 0 0 0 0 0 
ID: 316, Data: 85 25 75 A 25 19 3 7D 
ID: A1, Data: 880 7E 8D 7E 25 0 0 0 
ID: 370, Data: 8FF DB F0 FF FF FF FF FF 
ID: 43F, Data: 82 48 60 FF 77 AC 2 0 
ID: 545, Data: 8E4 25 0 8C DB 0 DB 0 
ID: 18F, Data: 8AA 36 0 0 0 0 0 0 
ID: 153, Data: 80 0 0 FF 0 FF 0 0 
ID: 260, Data: 8B 26 25 30 0 FF 6E 1 
ID: 280, Data: 830 0 84 B1 15 1B 65 4E 
ID: A1, Data: 880 7E 8D 7E 25 0 0 0 
ID: 316, Data: 85 25 90 A 23 19 2 7D 
ID: 316, Data: 85 25 89 A 23 19 2 7D 
ID: 153, Data: 80 0 0 FF 0 FF 0 0 
ID: 260, Data: 8B 26 24 30 0 FF 6B 32 
ID: 370, Data: 8FF DB F0 FF FF FF FF FF 
ID: 1F0, Data: 8F0 3F F9 BF 0 0 0 0 
ID: 316, Data: 85 25 54 A 24 19 1 7D 
ID: 153, Data: 80 0 0 FF 0 FF 0 0 
ID: 545, Data: 8E4 24 0 8D D4 0 D4 0 
ID: 316, Data: 85 25 57 A 24 19 1 7D 
ID: 545, Data: 8E4 24 0 8C D3 0 D3 0 
ID: 153, Data: 80 0 0 FF 0 FF 0 0 
ID: 153, Data: 80 0 0 FF 0 FF 0 0 
ID: 18F, Data: 8AA 36 0 0 0 0 0 0 
ID: 280, Data: 830 0 84 B1 14 1B 65 4D 
ID: 316, Data: 85 25 5E A 24 19 1 7D 
ID: 43F, Data: 89 48 60 FF 77 84 0 0 
ID: 370, Data: 8FF DB F0 FF FF FF FF FF 
ID: 316, Data: 85 25 51 A 24 19 0 7D 
ID: 5F0, Data: 20 0 
ID: 316, Data: 85 25 44 A 24 19 0 7D 
ID: 43F, Data: 89 48 60 FF 77 0 0 0 
ID: 43F, Data: 89 48 60 FF 77 0 0 0 
ID: 153, Data: 80 0 0 FF 0 FF 0 0 
ID: 316, Data: 85 24 4D A 24 19 0 7D 
ID: 153, Data: 80 0 0 FF 0 FF 0 0 
ID: 153, Data: 80 0 0 FF 0 FF 0 0 
ID: 1F1, Data: 80 58 2 20 0 2 10 0 
ID: 370, Data: 8FF DB F0 FF FF FF FF FF 
ID: A0, Data: 836 7E 44 A 1 23 2 0 
ID: 316, Data: 85 24 4B A 24 19 0 7D 
ID: 316, Data: 85 24 51 A 24 19 0 7D 
ID: 316, Data: 85 24 48 A 24 19 0 7D 
ID: 2A0, Data: 840 0 65 18 31 0 10 0 
ID: 153, Data: 80 0 0 FF 0 FF 0 0 
ID: 153, Data: 80 0 0 FF 0 FF 0 0 
ID: A0, Data: 835 7E 42 A 0 23 2 0 
ID: 545, Data: 8E4 23 0 8C C1 0 C1 0 
ID: 316, Data: 85 24 57 A 24 19 0 7D 
ID: A0, Data: 835 7E 57 A 0 23 2 0 
ID: 43F, Data: 81 48 60 FF 77 0 0 0 
ID: 43F, Data: 81 48 60 FF 77 0 0 0 
ID: 153, Data: 80 0 0 FF 0 FF 0 0 
ID: 153, Data: 80 0 0 FF 0 FF 0 0 
ID: A0, Data: 835 7E 63 A 0 23 2 0 
ID: 316, Data: 85 24 74 A 24 19 0 7D 
ID: 316, Data: 85 24 70 A 24 19 0 7D 
ID: 2A0, Data: 880 0 65 18 31 0 10 0 
ID: 43F, Data: 81 48 60 FF 77 0 0 0 
ID: 153, Data: 80 0 0 FF 0 FF 0 0 
ID: 43F, Data: 81 48 60 FF 77 0 0 0 
ID: 153, Data: 80 0 0 FF 0 FF 0 0 
ID: 153, Data: 80 0 0 FF 0 FF 0 0 
ID: A0, Data: 835 7E 69 A 0 23 2 0 
ID: 329, Data: 840 B2 80 8 11 2B 0 26 
ID: 370, Data: 8FF DB F0 FF FF FF FF FF 
ID: 18F, Data: 8AA 36 0 0 0 0 0 0 
ID: 153, Data: 80 0 0 FF 0 FF 0 0 
ID: 316, Data: 85 23 58 A 24 19 0 7D 
ID: 440, Data: 8B9 E1 0 A0 FF AA AA AA 
ID: 316, Data: 85 23 49 A 24 19 0 7D 
ID: 545, Data: 8E4 22 0 8D B2 0 B2 0 
ID: 153, Data: 80 0 0 FF 0 FF 0 0 
ID: 316, Data: 85 23 58 A 24 19 0 7D 
ID: 18F, Data: 8AA 36 0 0 0 0 0 0 
ID: 5F0, Data: 20 0 
ID: A1, Data: 880 7E 84 7E 24 0 0 0 
ID: 18F, Data: 8AA 36 0 0 0 0 0 0 
ID: A1, Data: 880 7C 84 7C 24 0 0 0 
ID: 329, Data: 8B B2 80 8 11 2B 0 26 
ID: 545, Data: 8E4 22 0 8D 28 1 28 1 
ID: 43F, Data: 81 48 60 FF 77 8 5 0 
ID: 440, Data: 8D7 41 2 A0 FF AA AA AA 
ID: 370, Data: 8FF DB F0 FF FF FF FF FF 
ID: 316, Data: 85 29 F8 A 30 1A 2 7D 
ID: 316, Data: 85 29 8 B 34 1A 2 7D 
ID: 153, Data: 80 0 0 FF 0 FF 0 0 
ID: 316, Data: 85 2A 27 B 36 1A 2 7D 
ID: 153, Data: 80 0 0 FF 0 FF 0 0 
ID: 316, Data: 85 2B 49 B 3F 23 2 7D 
ID: 1F1, Data: 80 69 1B A0 1 1B B0 1 
ID: 153, Data: 80 0 0 FF 0 FF 0 0 
ID: 316, Data: 85 2E 8F B 54 22 3 7D 
ID: 153, Data: 80 0 0 FF 0 FF 0 0 
ID: 316, Data: 85 34 E0 B 5B 22 3 7D 
ID: 43F, Data: 81 48 60 FF 77 F4 7 0 
ID: 153, Data: 80 0 0 FF 0 FF 0 0 
ID: 260, Data: 8B 3E 59 30 0 FF A2 18 
ID: 316, Data: 85 40 8A D 56 21 3 7D 
ID: 153, Data: 80 0 0 FF 0 FF 0 0 
ID: 43F, Data: 81 48 60 FF 78 C0 9 0 
ID: A1, Data: 88A 7F 80 80 30 0 0 0 
ID: 153, Data: 80 0 0 FF 0 FF 0 0 
ID: 153, Data: 80 0 0 FF 0 FF 0 0 
ID: A0, Data: 84F 7E 3F 10 5 2C 2 0 
ID: 545, Data: 8E4 68 0 8D 99 2 99 2 
ID: 440, Data: 8F8 31 5 A0 FF AA AA AA 
ID: 440, Data: 8FB 31 5 A0 FF AA AA AA 
ID: 153, Data: 80 0 0 FF 0 FF 0 0 
ID: A1, Data: 889 7F 85 80 32 0 0 0 
ID: 280, Data: 830 0 88 B2 25 2B 66 6A 
ID: 2A0, Data: 81 4 66 18 31 0 10 0 
ID: 153, Data: 80 0 0 FF 0 FF 0 0 
ID: 153, Data: 80 0 0 FF 0 FF 0 0 
ID: 316, Data: 845 46 B9 13 4E 1E 6 7D 
ID: 43F, Data: 81 48 60 FF 78 A4 F 0 
ID: 316, Data: 845 45 48 14 4D 1D 7 7D 
ID: 5F0, Data: 20 0 
ID: A0, Data: 853 7E FA 13 7 2F 2 0 
ID: A1, Data: 888 7F 85 80 35 0 0 0 
ID: A0, Data: 852 7E E6 14 8 2F 2 0 
ID: 153, Data: 80 0 0 FF 0 FF 0 0 
ID: 43F, Data: 81 48 60 FF 78 98 12 0 
ID: A0, Data: 854 7E A5 15 9 30 2 0 
ID: 153, Data: 80 0 0 FF 0 FF 0 0 
ID: 316, Data: 845 48 AC 16 5C 1D 9 7D 
ID: 153, Data: 80 0 0 FF 0 FF 0 0 
ID: 153, Data: 80 0 0 FF 0 FF 0 0 
ID: 316, Data: 845 4E 18 18 61 1C A 7D 
ID: 153, Data: 80 0 0 FF 0 FF 0 0 
ID: 5F0, Data: 20 0 
ID: 316, Data: 845 55 AC 19 62 1C A 7D 
ID: 316, Data: 845 56 1 1A 62 1C A 7D 
ID: 545, Data: 8E4 BC 0 8C C 4 C 4 
ID: 43F, Data: 81 48 60 FF 78 94 18 0 
ID: 153, Data: 80 0 0 FF 0 FF 0 0 
ID: 43F, Data: 81 48 60 FF 77 C4 19 0 
ID: 43F, Data: 81 48 60 FF 78 4C 1A 0 
ID: 316, Data: 845 5A CE 1D 60 1B C 7D 
ID: 280, Data: 830 0 88 B2 3C 37 66 8A 
ID: 316, Data: 845 57 1 1F 60 1C D 7D 
ID: 316, Data: 845 57 8B 1F 60 1C D 7D 
ID: A0, Data: 863 7E 65 1F E 3A 2 0 
ID: 43F, Data: 81 48 60 FF 77 24 1E 0 
ID: 153, Data: 80 0 0 FF 0 FF 0 0 
ID: 18F, Data: 8AA 3E 0 0 0 0 0 0 
ID: 316, Data: 845 57 4E 22 60 1C F 7D 
ID: 316, Data: 845 58 D7 22 5F 1C F 7D 
ID: A0, Data: 866 7E D7 22 10 3D 2 0 
ID: 370, Data: 8FF DE F0 FF FF FF FF FF 
ID: 316, Data: 845 57 F7 24 5E 1C 10 7D 
ID: 153, Data: 80 0 0 FF 0 FF 0 0 
ID: 153, Data: 80 0 0 FF 0 FF 0 0 
ID: 316, Data: 845 56 C2 26 5D 1D 11 7D 
ID: 153, Data: 80 0 0 FF 0 FF 0 0 
ID: A0, Data: 865 7E C2 26 12 3D 2 0 
ID: 316, Data: 845 56 3D 28 5B 1E 12 7D 
ID: 18F, Data: 8AA 3F 0 0 0 0 0 0 
ID: 316, Data: 845 56 68 29 5A 1E 13 7D 
ID: 153, Data: 80 0 0 FF 0 FF 0 0 
ID: 545, Data: 8E4 15 1 8C E1 3 E1 3 
ID: 316, Data: 845 56 4A 2B 59 1E 14 7D 
ID: 1F0, Data: 8F9 3F F9 BF 0 0 0 0 
ID: 316, Data: 845 56 58 2C 58 1F 14 7D 
ID: 440, Data: 8FE E1 15 A0 FF AA AA AA 
ID: 316, Data: 845 54 59 2D 57 1F 15 7D 
ID: 316, Data: 845 55 DF 2D 56 1F 15 7D 
ID: 153, Data: 80 0 0 FF 0 FF 0 0 
ID: 18F, Data: 8AA 40 0 0 0 0 0 0 
ID: 316, Data: 845 53 F6 2F 55 20 16 7D 
ID: 370, Data: 8FF D7 F0 FF FF FF FF FF 
ID: 153, Data: 80 0 0 FF 0 FF 0 0 
ID: 1F1, Data: 80 25 BE D0 B C4 30 C 
ID: 316, Data: 845 51 C0 31 53 20 17 7D 
ID: 316, Data: 845 51 20 32 52 20 18 7D 
ID: 43F, Data: 81 48 60 FF 78 4C 31 0 
ID: 2A0, Data: 8C1 18 65 18 31 0 10 0 
ID: 153, Data: 80 0 0 FF 0 FF 0 0 
ID: 316, Data: 845 4F 7E 34 51 21 19 7D 
ID: 153, Data: 80 0 0 FF 0 FF 0 0 
ID: 2A0, Data: 861 19 65 18 31 0 10 0 
ID: 316, Data: 845 4E C3 35 50 22 19 7D 
ID: A0, Data: 859 7F 9E 35 1A 40 2 0 
ID: 43F, Data: 8A 48 60 FF 78 5C 35 0 
ID: 316, Data: 845 4F 3F 37 4F 22 1A 7D 
ID: 18F, Data: 8AA 42 0 0 0 0 0 0 
ID: 316, Data: 845 50 2E 38 4E 22 1B 7D 
ID: 316, Data: 845 51 7F 38 4E 22 1B 7D 
ID: 43F, Data: 8A 48 60 FF 78 50 37 0 
ID: 370, Data: 8FF D2 F0 FF FF FF FF FF 
ID: 260, Data: 8B 53 4E 30 0 FF B8 7 
ID: 316, Data: 845 53 FA 38 4D 22 1C 7D 
ID: 280, Data: 830 0 88 B3 72 31 65 6C 
ID: 43F, Data: 8A 48 60 35 78 D4 36 0 
ID: 329, Data: 884 B3 80 8 11 48 1E 26 
ID: 153, Data: 80 0 0 FF 0 FF 0 0 
ID: 316, Data: 845 2D 0 32 3E 22 1D 7D 
ID: 316, Data: 845 29 31 30 3F 22 1D 7D 
ID: 2A0, Data: 861 1C 65 18 31 0 10 0 
ID: 440, Data: 8FE 41 1D A0 FF AA AA AA 
ID: 280, Data: 830 0 88 B3 55 29 65 62 
ID: 153, Data: 80 0 0 FF 0 FF 0 0 
ID: 2A0, Data: 8A1 1C 65 18 31 0 10 0 
ID: 316, Data: 845 43 9C 26 46 1F 1E 7D 
ID: 18F, Data: 8AA 44 0 0 0 0 0 0 
ID: 316, Data: 845 49 74 25 47 1F 1F 7D 
ID: 43F, Data: 8A 48 60 FF 78 14 23 0 
ID: 18F, Data: 8AA 44 0 0 0 0 0 0 
ID: 5F0, Data: 20 0 
ID: A0, Data: 850 7E 7F 24 20 37 2 0 
ID: 260, Data: 8B 4B 48 30 0 FF C7 6 
ID: 316, Data: 845 4A 3E 25 47 1F 20 7D 
ID: 1F1, Data: 80 3 FF F0 F 6 81 10 
ID: 18F, Data: 8AA 44 0 0 0 0 0 0 
ID: 153, Data: 80 0 0 FF 0 FF 0 0 
ID: 280, Data: 830 0 88 B3 4C 2A 65 68 
ID: 5F0, Data: 20 0 
ID: 153, Data: 80 0 0 FF 0 FF 0 0 
ID: A1, Data: 87D 7B 7E 7E 31 0 0 0 
ID: 329, Data: 840 B3 80 8 11 40 1D 26 
ID: 153, Data: 80 0 0 FF 0 FF 0 0 
ID: 43F, Data: 82 48 60 FF 78 4C 25 0 
ID: 153, Data: 80 0 0 FF 0 FF 0 0 
ID: 43F, Data: 82 48 60 FF 78 A0 25 0 
ID: 153, Data: 80 0 0 FF 0 FF 0 0 
ID: 316, Data: 845 43 37 27 46 1F 21 7D 
ID: 316, Data: 845 42 5E 27 46 1F 22 7D 
ID: 18F, Data: 8AA 44 0 0 0 0 0 0 
ID: 316, Data: 845 42 AE 27 46 1F 22 7D 
ID: 153, Data: 80 0 0 FF 0 FF 0 0 
ID: 2A0, Data: 8A1 1C 65 18 31 0 10 0 
ID: 43F, Data: 82 48 60 FF 78 A4 26 0 
ID: 18F, Data: 8AA 44 0 0 0 0 0 0 
ID: 316, Data: 845 42 29 28 45 1F 22 7D 
ID: 153, Data: 80 0 0 FF 0 FF 0 0 
ID: 316, Data: 845 43 91 28 45 1F 23 7D 
ID: 316, Data: 845 43 A6 28 45 20 23 7D 
ID: 153, Data: 80 0 0 FF 0 FF 0 0 
ID: 316, Data: 845 43 E6 28 45 20 23 7D 
ID: 316, Data: 845 42 11 29 45 20 23 7D 
ID: A1, Data: 87E 7B 80 7C 2F 0 0 0 
ID: 5F0, Data: 20 0 
ID: 316, Data: 845 42 68 29 44 20 24 7D 
ID: 316, Data: 845 42 68 29 44 20 24 7D 
ID: 43F, Data: 82 48 60 FF 78 68 28 0 
ID: 153, Data: 80 0 0 FF 0 FF 0 0 
ID: 153, Data: 80 0 0 FF 0 FF 0 0 
ID: 260, Data: 8B 42 44 30 0 FF C8 2 
ID: 316, Data: 845 42 31 2A 44 20 24 7D 
ID: A0, Data: 848 7D 48 2A 25 38 2 0 
ID: 316, Data: 845 42 76 2A 44 20 24 7D 
ID: 316, Data: 845 41 8D 2A 44 20 25 7D 
ID: 43F, Data: 82 48 60 FF 78 78 29 0 
ID: 18F, Data: 8AA 45 0 0 0 0 0 0 
ID: 153, Data: 80 0 0 FF 0 FF 0 0 
ID: 545, Data: 8E4 C9 0 8C 4F 2 4F 2 
ID: 545, Data: 8E4 CA 0 8C 51 2 51 2 
ID: 43F, Data: 82 48 60 FF 78 20 2A 0 
ID: 43F, Data: 82 48 60 FF 78 44 2A 0 
ID: 316, Data: 845 42 AB 2B 43 20 26 7D 
ID: 153, Data: 80 0 0 FF 0 FF 0 0 
ID: 316, Data: 845 42 DC 2B 43 20 26 7D 
ID: 153, Data: 80 0 0 FF 0 FF 0 0 
ID: 545, Data: 8E4 C3 0 8C 4C 2 4C 2 
ID: 316, Data: 845 41 3F 2C 43 21 26 7D 
ID: 1F0, Data: 8FA 3F F9 BF 0 0 0 0 
ID: 43F, Data: 82 48 60 FF 78 40 2B 0 
ID: 153, Data: 80 0 0 FF 0 FF 0 0 
ID: 280, Data: 830 0 88 B1 59 24 65 5C 
ID: 316, Data: 845 3C A4 2C 3B 18 27 7D 
ID: 370, Data: 8FF CC F0 FF FF FF FF FF 
ID: 316, Data: 845 3A BE 2C 3C 18 27 7D 
ID: 153, Data: 80 0 0 FF 0 FF 0 0 
ID: 153, Data: 80 0 0 FF 0 FF 0 0 
ID: 43F, Data: 82 48 60 FF 78 10 2C 0 
ID: 153, Data: 80 0 0 FF 0 FF 0 0 
ID: 316, Data: 85 39 A9 2D 3C 19 27 7D 
ID: 153, Data: 80 0 0 FF 0 FF 0 0 
ID: 18F, Data: 8AA 46 0 0 0 0 0 0 
ID: 316, Data: 85 39 FA 2D 3C 19 28 7D 
ID: 316, Data: 85 3A FA 2D 42 19 28 7D 
ID: 153, Data: 80 0 0 FF 0 FF 0 0 
ID: 153, Data: 80 0 0 FF 0 FF 0 0 
ID: 316, Data: 85 41 82 2E 4A 18 28 7D 
ID: 153, Data: 80 0 0 FF 0 FF 0 0 
ID: 153, Data: 80 0 0 FF 0 FF 0 0 
ID: 316, Data: 85 45 48 2F 49 18 29 7D 
ID: 440, Data: 8FE 82 29 A0 FF AA AA AA 
ID: 316, Data: 85 46 81 2F 48 18 29 7D 
ID: 153, Data: 80 0 0 FF 0 FF 0 0 
ID: 43F, Data: 82 48 60 FF 78 58 2E 0 
ID: 316, Data: 85 46 D8 2F 48 18 29 7D 
ID: 316, Data: 85 47 13 30 48 18 29 7D 
ID: 5F0, Data: 20 0 
ID: 316, Data: 85 47 4F 30 47 18 2A 7D 
ID: 316, Data: 85 46 8B 30 47 18 2A 7D 
ID: 43F, Data: 82 48 60 FF 78 44 2F 0 
ID: 153, Data: 80 0 0 FF 0 FF 0 0 
ID: 545, Data: 8E4 EC 0 8C 28 3 28 3 
ID: 440, Data: 8FE 82 2A A0 FF AA AA AA 
ID: 280, Data: 830 0 88 B0 62 2A 65 66 
ID: 316, Data: 85 46 61 31 47 19 2B 7D 
ID: 2A0, Data: 8A1 1F 65 18 31 0 10 0 
ID: 5F0, Data: 20 0 
ID: 316, Data: 85 45 C0 31 47 19 2B 7D 
ID: 316, Data: 85 46 0 32 47 19 2B 7D 
ID: 43F, Data: 82 48 60 FF 78 B8 30 0 
ID: 43F, Data: 82 48 60 FF 78 E4 30 0 
ID: 316, Data: 85 45 40 32 46 19 2C 7D 
ID: A1, Data: 885 7B 82 7C 30 0 0 0 
ID: 316, Data: 85 45 C2 32 46 19 2C 7D 
ID: 316, Data: 85 45 E3 32 46 19 2C 7D 
ID: 18F, Data: 8AA 40 0 0 0 0 0 0 
ID: 43F, Data: 82 48 60 FF 78 E4 31 0 
ID: 153, Data: 80 0 0 FF 0 FF 0 0 
ID: 43F, Data: 82 48 60 FF 78 20 32 0 
ID: 153, Data: 80 0 0 FF 0 FF 0 0 
ID: 153, Data: 80 0 0 FF 0 FF 0 0 
ID: 316, Data: 85 45 F2 33 45 19 2D 7D 
ID: 153, Data: 80 0 0 FF 0 FF 0 0 
ID: 316, Data: 85 45 5B 34 45 19 2D 7D 
ID: 316, Data: 85 45 5B 34 45 19 2D 7D 
ID: 2A0, Data: 861 21 65 18 31 0 10 0 
ID: 43F, Data: 82 48 60 FF 78 44 33 0 
ID: 316, Data: 85 45 A1 34 43 1A 2E 7D 
ID: 1F1, Data: 80 58 6F F1 16 79 91 17 
ID: 316, Data: 85 44 C 35 43 1A 2E 7D 
ID: A1, Data: 885 7B 83 7C 2F 0 0 0 
ID: 43F, Data: 82 48 60 FF 78 30 34 0 
ID: 153, Data: 80 0 0 FF 0 FF 0 0 
ID: 316, Data: 85 42 9E 35 43 1A 2F 7D 
ID: 316, Data: 85 42 9E 35 42 1A 2F 7D 
ID: 18F, Data: 8AA 3E 0 0 0 0 0 0 
ID: 316, Data: 85 42 E8 35 42 1A 2F 7D 
ID: 43F, Data: 82 48 60 FF 78 EC 34 0 
ID: 316, Data: 85 42 59 36 42 1A 2F 7D 
ID: A1, Data: 884 7B 85 7C 2D 0 0 0 
ID: 153, Data: 80 0 0 FF 0 FF 0 0 
ID: 316, Data: 85 41 A5 36 38 1A 30 7D 
ID: 5F0, Data: 20 0 
ID: 316, Data: 85 3D CB 36 38 1A 30 7D 
ID: 316, Data: 85 3D CB 36 38 1A 30 7D 
ID: 43F, Data: 82 48 60 FF 78 C8 35 0 
ID: 316, Data: 85 3A F1 36 37 1A 30 7D 
ID: 18F, Data: 8AA 3C 0 0 0 0 0 0 
ID: 43F, Data: 82 48 60 FF 78 2C 36 0 
ID: 153, Data: 80 0 0 FF 0 FF 0 0 
ID: 153, Data: 80 0 0 FF 0 FF 0 0 
ID: 316, Data: 85 38 3F 37 37 1B 31 7D 
ID: A1, Data: 883 7C 88 7A 27 0 0 0 
ID: 316, Data: 85 38 3F 37 37 1B 31 7D 
ID: 316, Data: 85 38 8E 37 37 1B 31 7D 
ID: 43F, Data: 82 48 60 FF 78 DC 36 0 
ID: 43F, Data: 82 48 60 FF 78 FC 36 0 
ID: 280, Data: 830 0 88 B0 70 21 65 50 
ID: 316, Data: 85 37 2E 38 37 1B 31 7D 
ID: 316, Data: 85 37 2E 38 37 1B 31 7D 
ID: 43F, Data: 82 48 60 FF 78 58 37 0 
ID: 316, Data: 85 37 56 38 36 1B 31 7D 
ID: 329, Data: 8ED B0 80 8 11 43 1E 26 
ID: 153, Data: 80 0 0 FF 0 FF 0 0 
ID: 329, Data: 8B B0 80 8 11 42 1D 26 
ID: 153, Data: 80 0 0 FF 0 FF 0 0 
ID: 2A0, Data: 8A1 21 65 18 31 0 10 0 
ID: 316, Data: 85 33 7F 38 2C 1B 32 7D 
ID: A1, Data: 883 7C 8C 79 24 0 0 0 
ID: 43F, Data: 82 48 60 FF 78 C8 37 0 
ID: 153, Data: 80 0 0 FF 0 FF 0 0 
ID: 545, Data: 8E4 90 0 8D D7 0 D7 0 
ID: 316, Data: 85 23 DD 37 B 1C 32 7D 
ID: 316, Data: 85 21 B5 37 B 1C 32 7D 
ID: 1F0, Data: 8F8 3F F9 BF 0 0 0 0 
ID: 153, Data: 80 0 0 FF 0 FF 0 0 
ID: 370, Data: 8FF D5 F0 FF FF FF FF FF 
ID: 153, Data: 80 0 0 FF 0 FF 0 0 
ID: 440, Data: 8FE 82 32 A0 FF AA AA AA 
ID: 316, Data: 85 1C 18 37 1A 1D 32 7D 
ID: 153, Data: 80 0 0 FF 0 FF 0 0 
ID: 316, Data: 85 1C 8E 37 22 1D 32 7D 
ID: 316, Data: 85 1D 8E 37 22 1D 32 7D 
ID: 18F, Data: 8AA 3A 0 0 0 0 0 0 
ID: 316, Data: 85 20 66 37 23 1D 32 7D 
ID: 153, Data: 80 0 0 FF 0 FF 0 0 
ID: 316, Data: 85 22 66 37 23 1C 32 7D 
ID: 316, Data: 85 23 66 37 23 1C 32 7D 
ID: 2A0, Data: 861 1C 65 18 31 0 10 0 
ID: 316, Data: 85 24 B5 37 25 1C 32 7D 
ID: 329, Data: 8B B0 80 8 11 3B 13 26 
ID: 153, Data: 80 0 0 FF 0 FF 0 0 
ID: 316, Data: 85 25 5 38 29 1C 32 7D 
ID: 153, Data: 80 0 0 FF 0 FF 0 0 
ID: 316, Data: 85 27 2E 38 2A 1C 32 7D 
ID: 153, Data: 80 0 0 FF 0 FF 0 0 
ID: 260, Data: 8B 28 2B 30 0 FF CB 15 
ID: 316, Data: 85 29 B5 37 2C 1C 32 7D 
ID: 153, Data: 80 0 0 FF 0 FF 0 0 
ID: 316, Data: 85 2B B5 37 2C 1C 32 7D 
ID: 153, Data: 80 0 0 FF 0 FF 0 0 
ID: 316, Data: 85 2B DD 37 2F 1C 32 7D 
ID: 316, Data: 85 2C 5 38 31 1C 32 7D 
ID: A1, Data: 884 7C 8C 79 1F 0 0 0 
ID: 43F, Data: 82 48 60 FF 78 9C 37 0 
ID: 153, Data: 80 0 0 FF 0 FF 0 0 
ID: 43F, Data: 82 48 60 FF 78 B0 37 0 
ID: 316, Data: 85 34 A8 38 34 1B 32 7D 
ID: 545, Data: 8E4 CA 0 8D B4 1 B4 1 
ID: 316, Data: 85 35 D1 38 34 1B 32 7D 
ID: 316, Data: 85 35 A8 38 34 1B 32 7D 
ID: 545, Data: 8E4 CE 0 8D D1 1 D1 1 
ID: 43F, Data: 82 48 60 FF 78 C 38 0 
ID: 316, Data: 85 36 FA 38 34 1B 32 7D 
ID: 329, Data: 8B B0 80 8 11 42 1E 26 
ID: 153, Data: 80 0 0 FF 0 FF 0 0 
ID: 153, Data: 80 0 0 FF 0 FF 0 0 
ID: 370, Data: 8FF D7 F0 FF FF FF FF FF 
ID: 43F, Data: 82 48 60 FF 78 5C 38 0 
ID: 316, Data: 85 3A 4E 39 43 1B 33 7D 
ID: A0, Data: 83C 7D 24 39 33 3B 2 0 
ID: 153, Data: 80 0 0 FF 0 FF 0 0 
ID: 316, Data: 85 45 4F 3A 43 1B 33 7D 
ID: 153, Data: 80 0 0 FF 0 FF 0 0 
ID: 1F1, Data: 80 E2 94 61 19 A1 1 1A 
ID: 316, Data: 85 49 7A 3A 43 1B 33 7D 
ID: 153, Data: 80 0 0 FF 0 FF 0 0 
ID: 43F, Data: 82 48 60 FF 78 78 39 0 
ID: 153, Data: 80 0 0 FF 0 FF 0 0 
ID: 316, Data: 85 49 FF 3A 44 1B 34 7D 
ID: 316, Data: 85 4A 2B 3B 46 1B 34 7D 
ID: 260, Data: 8B 4A 47 30 0 FF BB 32 
ID: 43F, Data: 82 48 60 FF 78 3C 3A 0 
ID: 316, Data: 85 4B 86 3B 48 1B 34 7D 
ID: A0, Data: 851 7D B3 3B 35 40 2 0 
ID: 316, Data: 85 4D F 3C 48 1B 34 7D 
ID: 316, Data: 85 4D F 3C 48 1B 34 7D 
ID: A0, Data: 853 7D 3D 3C 35 41 2 0 
ID: 153, Data: 80 0 0 FF 0 FF 0 0 
ID: 43F, Data: 82 48 60 FF 78 48 3B 0 
ID: 43F, Data: 82 48 60 FF 78 64 3B 0 
ID: 1F0, Data: 8FA 3F F9 BF 0 0 0 0 
ID: 18F, Data: 8AA 38 0 0 0 0 0 0 
ID: A1, Data: 886 7B 87 7C 2F 0 0 0 
ID: 280, Data: 830 0 88 B0 7A 30 65 62 
ID: 545, Data: 8E4 5E 1 8D A9 3 A9 3 
ID: 43F, Data: 82 48 60 FF 78 64 3C 0 
ID: 370, Data: 8FF D7 F0 FF FF FF FF FF 
ID: 280, Data: 830 0 88 B0 7C 30 65 62 
ID: 153, Data: 80 0 0 FF 0 FF 0 0 
ID: 2A0, Data: 861 21 65 18 31 0 10 0 
ID: 316, Data: 85 4F 80 3E 38 1C 37 7D 
ID: A0, Data: 84A 7D 80 3E 37 3F 2 0 
ID: 43F, Data: 82 48 60 FF 78 44 3D 0 
ID: 370, Data: 8FF D7 F0 FF FF FF FF FF 
ID: 260, Data: 8B 3F 39 30 0 FF BE 1C 
ID: 316, Data: 85 3D 4E 3E 39 1D 37 7D 
ID: 2A0, Data: 81 21 65 18 31 0 10 0 
ID: 43F, Data: 82 48 60 FF 78 C4 3D 0 
ID: 440, Data: 8FE 72 37 A0 FF AA AA AA 
ID: 329, Data: 884 B0 80 8 11 46 24 26 
ID: 316, Data: 85 3B E4 3E 38 1D 38 7D 
ID: 260, Data: 8B 3B 39 30 0 FF C0 3B 
ID: 316, Data: 85 3B 17 3F 38 1D 38 7D 
ID: 316, Data: 85 3B 17 3F 38 1D 38 7D 
ID: 153, Data: 80 0 0 FF 0 FF 0 0 
ID: 316, Data: 85 3B 17 3F 38 1D 38 7D 
ID: 153, Data: 80 0 0 FF 0 FF 0 0 
ID: 2A0, Data: 861 22 65 18 31 0 10 0 
ID: 316, Data: 85 3B 7D 3F 38 1D 38 7D 
ID: 2A0, Data: 8A1 22 65 18 31 0 10 0 
ID: 43F, Data: 82 48 60 FF 78 E0 3E 0 
ID: 316, Data: 85 3C E5 3F 38 1D 38 7D 
ID: 260, Data: 8B 3C 39 30 0 FF C0 1C 
ID: 316, Data: 85 3C B1 3F 38 1D 38 7D 
ID: 545, Data: 8E4 EA 0 8D 25 2 25 2 
ID: 43F, Data: 8B 48 60 FF 78 10 3F 0 
ID: 43F, Data: 8B 48 60 FF 78 20 3F 0 
ID: 1F0, Data: 8F9 3F F9 BF 0 0 0 0 
ID: 153, Data: 80 0 0 FF 0 FF 0 0 
ID: 153, Data: 80 0 0 FF 0 FF 0 0 
ID: 18F, Data: 8AA 36 0 0 0 0 0 0 
ID: 316, Data: 85 3C 1A 40 38 1D 39 7D 
ID: 316, Data: 85 3C 1A 40 38 1D 39 7D 
ID: 153, Data: 80 0 0 FF 0 FF 0 0 
ID: 370, Data: 8FF D7 F0 FF FF FF FF FF 
ID: 43F, Data: 8B 48 60 2C 78 B4 3D 0 
ID: 440, Data: 8FE 22 39 A0 FF AA AA AA 
ID: 153, Data: 80 0 0 FF 0 FF 0 0 
ID: 316, Data: 85 27 7E 36 39 1B 39 7D 
ID: 153, Data: 80 0 0 FF 0 FF 0 0 
ID: 1F1, Data: 80 C0 CB C1 1C D3 61 1D 
ID: 2A0, Data: 81 22 65 18 31 0 10 0 
ID: 43F, Data: 8B 48 60 45 78 34 2B 0 
ID: 316, Data: 85 44 DC 2B 3D 17 3A 7D 
ID: 2A0, Data: 81 22 65 18 31 0 10 0 
ID: 316, Data: 85 46 D3 2A 3E 17 3A 7D 
ID: 316, Data: 85 46 1A 2B 3E 17 3A 7D 
ID: 18F, Data: 8AA 36 0 0 0 0 0 0 
ID: 43F, Data: 8B 48 60 FF 78 3C 2A 0 
ID: 153, Data: 80 0 0 FF 0 FF 0 0 
ID: 316, Data: 85 46 C3 2B 3D 17 3A 7D 
ID: 153, Data: 80 0 0 FF 0 FF 0 0 
ID: 329, Data: 884 B0 80 8 11 40 1E 26 
ID: 316, Data: 85 46 92 2B 3D 18 3B 7D 
ID: 43F, Data: 83 48 60 FF 78 68 2A 0 
ID: 43F, Data: 83 48 60 FF 78 80 2A 0 
ID: 280, Data: 830 0 88 B0 57 29 65 5C 
ID: A1, Data: 87C 7B 7E 7C 2C 0 0 0 
ID: 316, Data: 85 44 DC 2B 40 18 3B 7D 
ID: 316, Data: 85 43 DC 2B 41 18 3B 7D 
ID: 43F, Data: 83 48 60 FF 78 AC 2A 0 
ID: 43F, Data: 83 48 60 FF 78 C0 2A 0 
ID: 545, Data: 8E4 9F 0 8D A 3 A 3 
ID: 316, Data: 85 44 26 2C 45 18 3B 7D 
ID: 153, Data: 80 0 0 FF 0 FF 0 0 
ID: 153, Data: 80 0 0 FF 0 FF 0 0 
ID: 5F0, Data: 20 0 
ID: 43F, Data: 83 48 60 FF 78 8 2B 0 
ID: 153, Data: 80 0 0 FF 0 FF 0 0 
ID: 5F0, Data: 20 0 
ID: 43F, Data: 83 48 60 FF 78 28 2B 0 
ID: A1, Data: 87C 7B 7A 7C 30 0 0 0 
ID: 316, Data: 85 47 BE 2C 48 17 3C 7D 
ID: 153, Data: 80 0 0 FF 0 FF 0 0 
ID: 280, Data: 830 0 88 B1 59 2A 64 66 
ID: 316, Data: 85 46 D7 2C 4A 17 3C 7D 
ID: 43F, Data: 83 48 60 FF 78 70 2B 0 
ID: 43F, Data: 83 48 60 FF 78 94 2B 0 
ID: 440, Data: 8FE 63 3C A0 FF AA AA AA 
ID: 316, Data: 85 45 F1 2C 4A 17 3C 7D 
ID: 545, Data: 8E4 B8 0 8D 35 3 35 3 
ID: 43F, Data: 83 48 60 FF 78 B4 2B 0 
ID: 43F, Data: 83 48 60 FF 78 BC 2B 0 
ID: 316, Data: 85 46 59 2D 4A 17 3C 7D 
ID: A0, Data: 84F 7D 74 2D 3D 3B 2 0 
ID: 316, Data: 85 46 74 2D 4A 17 3D 7D 
ID: 329, Data: 884 B1 80 8 11 45 27 26 
ID: 43F, Data: 843 48 60 FF 78 18 2C 0 
ID: 316, Data: 85 47 A9 2D 49 17 3D 7D 
ID: 153, Data: 80 0 0 FF 0 FF 0 0 
ID: 316, Data: 85 48 8E 2D 4A 17 3D 7D 
ID: 153, Data: 80 0 0 FF 0 FF 0 0 
ID: 1F1, Data: 80 14 E9 A1 1E FE A1 1F 
ID: 316, Data: 85 48 FA 2D 4A 17 3D 7D 
ID: 153, Data: 80 0 0 FF 0 FF 0 0 
ID: 43F, Data: 843 48 60 FF 78 C8 2C 0 
ID: 153, Data: 80 0 0 FF 0 FF 0 0 
ID: 280, Data: 830 0 88 B1 5B 2B 64 69 
ID: 316, Data: 85 47 8E 2D 4A 17 3E 7D 
ID: 43F, Data: 843 48 60 FF 78 B0 2C 0 
ID: 316, Data: 85 48 A9 2D 49 17 3E 7D 
ID: A1, Data: 887 7B 83 7C 32 0 0 0 
ID: 153, Data: 80 0 0 FF 0 FF 0 0 
ID: 316, Data: 85 47 DF 2D 42 17 3E 7D 
ID: 153, Data: 80 0 0 FF 0 FF 0 0 
ID: 316, Data: 85 45 DF 2D 41 17 3E 7D 
ID: 316, Data: 85 44 DF 2D 42 17 3E 7D 
ID: 18F, Data: 8AA 35 0 0 0 0 0 0 
ID: 43F, Data: 843 48 60 FF 78 40 2D 0 
ID: 153, Data: 80 0 0 FF 0 FF 0 0 
ID: 316, Data: 85 43 FA 2D 42 18 3F 7D 
ID: 5A1, Data: 880 3 90 23 30 30 30 0 
ID: 18F, Data: 8AA 35 0 0 0 0 0 0 
ID: 316, Data: 85 43 30 2E 48 18 3F 7D 
ID: 43F, Data: 843 48 60 FF 78 90 2D 0 
ID: 316, Data: 85 44 4B 2E 51 18 3F 7D 
ID: A1, Data: 888 7B 86 7C 2E 0 0 0 
ID: 153, Data: 80 0 0 FF 0 FF 0 0 
ID: 316, Data: 85 4F 9E 2E 54 17 3F 7D 
ID: 153, Data: 80 0 0 FF 0 FF 0 0 
ID: 329, Data: 884 B1 80 8 11 49 2E 26 
ID: 316, Data: 85 55 2B 2F 54 17 3F 7D 
ID: A0, Data: 85E 7D F 2F 40 3F 2 0 
ID: 43F, Data: 843 48 60 FF 78 40 2E 0 
ID: 1F1, Data: 80 9C FA 91 1F 8 92 20 
ID: 280, Data: 830 0 88 B1 5E 35 64 78 
ID: 316, Data: 85 59 F 2F 54 16 40 7D 
ID: 329, Data: 884 B1 80 8 11 49 2E 26 
ID: 43F, Data: 843 48 60 FF 78 9C 2E 0 
ID: 43F, Data: 843 48 60 FF 78 B8 2E 0 
ID: 2A0, Data: 861 25 64 18 31 0 10 0 
ID: 316, Data: 85 54 48 2F 54 16 41 7D 
ID: 280, Data: 830 0 88 B1 5E 32 64 75 
ID: 43F, Data: 843 48 60 FF 78 4 2F 0 
ID: 316, Data: 85 53 81 2F 50 17 41 7D 
ID: 5F0, Data: 20 0 
ID: 316, Data: 85 53 F6 2F 4C 17 41 7D 
ID: 153, Data: 80 0 0 FF 0 FF 0 0 
ID: 440, Data: 8FE C3 41 A0 FF AA AA AA 
ID: 316, Data: 85 4F F6 2F 43 17 41 7D 
ID: 153, Data: 80 0 0 FF 0 FF 0 0 
ID: 316, Data: 85 48 D8 2F 34 17 42 7D 
ID: 153, Data: 80 0 0 FF 0 FF 0 0 
ID: 18F, Data: 8AA 35 0 0 0 0 0 0 
ID: 329, Data: 884 B1 80 8 11 3D 13 26 
ID: 43F, Data: 843 48 60 FF 78 90 2F 0 
ID: A1, Data: 88A 7B 85 7C 27 0 0 0 
ID: 153, Data: 80 0 0 FF 0 FF 0 0 
ID: 316, Data: 85 2D 4F 30 2F 1A 42 7D 
ID: 153, Data: 80 0 0 FF 0 FF 0 0 
ID: 329, Data: 8B B1 80 8 11 3C 18 26 
ID: 316, Data: 85 2C 31 30 33 1A 42 7D 
ID: 260, Data: 8B 2D 33 30 0 FF CE 5 
ID: 316, Data: 85 2E 31 30 34 1A 42 7D 
ID: 316, Data: 85 2F 31 30 36 1A 42 7D 
ID: 18F, Data: 8AA 34 0 0 0 0 0 0 
ID: 316, Data: 85 32 6D 30 39 1A 42 7D 
ID: 43F, Data: 843 48 60 FF 78 C8 2F 0 
ID: 316, Data: 85 34 8B 30 3B 1A 42 7D 
ID: 153, Data: 80 0 0 FF 0 FF 0 0 
ID: 1F0, Data: 8F8 3F F9 BF 0 0 0 0 
ID: 316, Data: 85 39 A9 30 3E 1A 42 7D 
ID: 153, Data: 80 0 0 FF 0 FF 0 0 
ID: 2A0, Data: 8C1 22 64 18 31 0 10 0 
ID: 316, Data: 85 3C A9 30 3D 19 42 7D 
ID: 43F, Data: 843 48 60 FF 78 0 30 0 
ID: 43F, Data: 843 48 60 FF 78 F4 2F 0 
ID: 370, Data: 8FF DE F0 FF FF FF FF FF 
ID: 316, Data: 85 3D 8B 30 3D 19 43 7D 
ID: 260, Data: 8B 3E 3E 30 0 FF C6 2E 
ID: 43F, Data: 843 48 60 FF 78 24 30 0 
ID: 316, Data: 85 3D A9 30 3D 19 43 7D 
ID: 153, Data: 80 0 0 FF 0 FF 0 0 
ID: 153, Data: 80 0 0 FF 0 FF 0 0 
ID: 316, Data: 85 3D A9 30 3D 19 43 7D 
ID: 153, Data: 80 0 0 FF 0 FF 0 0 
ID: 316, Data: 85 3D C7 30 3D 19 43 7D 
ID: 440, Data: 8FE B3 43 A0 FF AA AA AA 
ID: 545, Data: 8E4 B9 0 8D 81 2 81 2 
ID: 316, Data: 85 3E E6 30 42 19 43 7D 
ID: 316, Data: 85 3D 5 31 43 19 43 7D 
ID: 370, Data: 8FF DE F0 FF FF FF FF FF 
ID: 316, Data: 85 3F E6 30 43 19 43 7D 
ID: A1, Data: 887 7B 89 7C 2D 0 0 0 
ID: 43F, Data: 843 48 60 FF 78 AC 30 0 
ID: 316, Data: 85 41 42 31 43 19 43 7D 
ID: A0, Data: 847 7E 42 31 44 3A 2 0 
ID: 316, Data: 85 42 42 31 43 19 43 7D 
ID: 316, Data: 85 42 42 31 43 19 43 7D 
ID: 43F, Data: 843 48 60 FF 79 D4 30 0 
ID: 43F, Data: 843 48 60 FF 78 D0 30 0 
ID: A0, Data: 848 7E 42 31 44 3B 2 0 
ID: 316, Data: 85 43 61 31 4E 19 44 7D 
ID: 316, Data: 85 46 61 31 4E 18 44 7D 
ID: 43F, Data: 843 48 60 FF 79 20 31 0 
ID: 440, Data: 8FE B3 44 A0 FF AA AA AA 
ID: 153, Data: 80 0 0 FF 0 FF 0 0 
ID: 153, Data: 80 0 0 FF 0 FF 0 0 
ID: 316, Data: 85 4F 20 32 4D 18 44 7D 
ID: 153, Data: 80 0 0 FF 0 FF 0 0 
ID: 316, Data: 85 4F 0 32 4D 18 44 7D 
ID: 5F0, Data: 20 0 
ID: 329, Data: 840 B2 80 8 11 48 2B 26 
ID: 329, Data: 884 B2 80 8 11 48 2B 26 
ID: 43F, Data: 843 48 60 FF 78 C0 31 0 
ID: 5F0, Data: 20 0 
ID: 153, Data: 80 0 0 FF 0 FF 0 0 
ID: 153, Data: 80 0 0 FF 0 FF 0 0 
ID: 2A0, Data: 81 24 64 18 31 0 10 0 
ID: 316, Data: 85 3F 20 32 1D 19 45 7D 
ID: 545, Data: 8E4 A8 0 8D DF 1 DF 1 
ID: 316, Data: 85 2C 0 32 1E 1A 45 7D 
ID: 316, Data: 85 29 E0 31 1E 1A 45 7D 
ID: 280, Data: 830 0 88 B2 63 17 64 41 
ID: 43F, Data: 843 48 60 FF 78 B0 31 0 
ID: 316, Data: 85 23 0 32 C 1B 45 7D 
ID: 153, Data: 80 0 0 FF 0 FF 0 0 
ID: 316, Data: 85 1F C0 31 D 1C 45 7D 
ID: 153, Data: 80 0 0 FF 0 FF 0 0 
ID: 316, Data: 85 1D 81 31 D 1C 45 7D 
ID: 153, Data: 80 0 0 FF 0 FF 0 0 
ID: 316, Data: 85 1C 42 31 D 1C 45 7D 
ID: 316, Data: 85 1C 23 31 D 1C 45 7D 
ID: 316, Data: 85 1C 5 31 17 1C 45 7D 
ID: 153, Data: 80 0 0 FF 0 FF 0 0 
ID: 153, Data: 80 0 0 FF 0 FF 0 0 
ID: 316, Data: 85 1C 23 31 27 1C 45 7D 
ID: A0, Data: 81B 7E 23 31 45 2C 2 0 
ID: 153, Data: 80 0 0 FF 0 FF 0 0 
ID: 316, Data: 85 24 81 31 39 1B 44 7D 
ID: 153, Data: 80 0 0 FF 0 FF 0 0 
ID: 2A0, Data: 861 1D 64 18 31 0 10 0 
ID: 316, Data: 85 33 60 32 38 1A 44 7D 
ID: A0, Data: 83D 7E 20 32 45 38 2 0 
ID: 5A0, Data: 80 0 0 90 0 0 0 0 
ID: 316, Data: 85 35 A2 32 38 1A 44 7D 
ID: 316, Data: 85 35 60 32 38 1A 44 7D 
ID: 316, Data: 85 35 60 32 39 1A 44 7D 
ID: 43F, Data: 843 48 60 FF 79 68 31 0 
ID: 440, Data: 8FE 63 44 A0 FF AA AA AA 
ID: 153, Data: 80 0 0 FF 0 FF 0 0 
ID: 153, Data: 80 0 0 FF 0 FF 0 0 
ID: 316, Data: 85 38 81 32 39 1A 45 7D 
ID: 153, Data: 80 0 0 FF 0 FF 0 0 
ID: 329, Data: 840 B2 80 8 11 42 1E 26 
ID: 316, Data: 85 38 A2 32 2A 1A 45 7D 
ID: 18F, Data: 8AA 34 0 0 0 0 0 0 
ID: 316, Data: 85 35 A2 32 28 1A 45 7D 
ID: 153, Data: 80 0 0 FF 0 FF 0 0 
ID: 316, Data: 85 2F 60 32 28 1A 45 7D 
ID: 316, Data: 85 2E 40 32 29 1A 45 7D 
ID: 18F, Data: 8AA 34 0 0 0 0 0 0 
ID: 43F, Data: 843 48 60 FF 79 94 31 0 
ID: 43F, Data: 843 48 60 FF 78 A0 31 0 
ID: 43F, Data: 843 48 60 FF 79 8C 31 0 
ID: 153, Data: 80 0 0 FF 0 FF 0 0 
ID: 153, Data: 80 0 0 FF 0 FF 0 0 
ID: 316, Data: 85 32 60 32 34 1A 45 7D 
ID: 370, Data: 8FF DE F0 FF FF FF FF FF 
ID: 316, Data: 85 33 81 32 B 1A 45 7D 
ID: 153, Data: 80 0 0 FF 0 FF 0 0 
ID: 153, Data: 80 0 0 FF 0 FF 0 0 
ID: 316, Data: 85 23 C0 31 C 1B 45 7D 
ID: 153, Data: 80 0 0 FF 0 FF 0 0 
ID: 316, Data: 85 1F 42 31 D 1B 45 7D 
ID: 153, Data: 80 0 0 FF 0 FF 0 0 
ID: 153, Data: 80 0 0 FF 0 FF 0 0 
ID: 316, Data: 85 1C C7 30 D 1C 45 7D 
ID: 43F, Data: 843 48 60 FF 79 10 31 0 
ID: 43F, Data: 843 48 60 FF 79 28 31 0 
ID: A0, Data: 81C 7E 8B 30 45 2C 2 0 
ID: 153, Data: 80 0 0 FF 0 FF 0 0 
ID: 316, Data: 85 17 6D 30 17 25 44 7D 
ID: 153, Data: 80 0 0 FF 0 FF 0 0 
ID: 545, Data: 8E4 56 0 8D E2 FE E2 FE 
ID: 316, Data: 85 19 F6 2F 20 25 44 7D 
ID: 43F, Data: 843 48 60 FF 79 D0 30 0 
ID: 316, Data: 85 1F A9 30 2E 25 44 7D 
ID: 545, Data: 8E4 6D 0 8D DD FF DD FF 
ID: 316, Data: 85 27 23 31 30 25 44 7D 
ID: 18F, Data: 8AA 34 0 0 0 0 0 0 
ID: 43F, Data: 843 48 60 FF 79 48 31 0 
ID: 43F, Data: 843 48 60 FF 79 C8 30 0 
ID: 316, Data: 845 2C C0 31 31 24 44 7D 
ID: A0, Data: 834 7E A0 31 44 35 2 0 
ID: 316, Data: 845 2F C7 30 31 24 44 7D 
ID: 280, Data: 830 0 88 B2 61 1C 64 49 
ID: 43F, Data: 843 48 60 FF 79 94 30 0 
ID: 18F, Data: 8AA 33 0 0 0 0 0 0 
ID: 153, Data: 80 0 0 FF 0 FF 0 0 
ID: 316, Data: 845 30 42 31 31 24 43 7D 
ID: A1, Data: 88B 7C 8B 79 24 0 0 0 
ID: 316, Data: 845 30 23 31 31 24 43 7D 
ID: 316, Data: 845 30 23 31 31 24 43 7D 
ID: 153, Data: 80 0 0 FF 0 FF 0 0 
ID: 440, Data: 8FE B3 43 A0 FF AA AA AA 
ID: 316, Data: 845 2E 5 31 1A 24 43 7D 
ID: 153, Data: 80 0 0 FF 0 FF 0 0 
ID: 316, Data: 845 27 A9 30 18 24 43 7D 
ID: 153, Data: 80 0 0 FF 0 FF 0 0 
ID: 43F, Data: 843 48 60 FF 79 38 30 0 
ID: 545, Data: 8E4 69 0 8D CE FF CE FF 
ID: 153, Data: 80 0 0 FF 0 FF 0 0 
ID: 316, Data: 845 24 D8 2F 2D 25 43 7D 
ID: 153, Data: 80 0 0 FF 0 FF 0 0 
ID: 43F, Data: 843 48 60 FF 79 18 30 0 
ID: 18F, Data: 8AA 38 0 0 0 0 0 0 
ID: 43F, Data: 843 48 60 FF 79 54 30 0 
ID: 153, Data: 80 0 0 FF 0 FF 0 0 
ID: 43F, Data: 843 48 60 FF 79 54 30 0 
ID: 316, Data: 845 2C C7 30 2D 24 43 7D 
ID: 260, Data: 8B 2D 2F 30 0 FF CE 19 
ID: 153, Data: 80 0 0 FF 0 FF 0 0 
ID: 280, Data: 830 0 88 B2 60 1B 64 45 
ID: 316, Data: 845 2D 6D 30 2F 24 43 7D 
ID: 43F, Data: 843 48 60 FF 79 0 30 0 
ID: 316, Data: 845 2D 6D 30 2F 24 43 7D 
ID: A0, Data: 832 7E 8B 30 43 34 2 0 
ID: 316, Data: 845 2E 8B 30 31 24 43 7D 
ID: 316, Data: 845 2E 6D 30 33 24 43 7D 
ID: 43F, Data: 843 48 60 FF 79 CC 2F 0 
ID: 2A0, Data: 861 12 64 18 31 0 10 0 
ID: 153, Data: 80 0 0 FF 0 FF 0 0 
ID: 153, Data: 80 0 0 FF 0 FF 0 0 
ID: 316, Data: 845 34 8B 30 38 23 42 7D 
ID: 153, Data: 80 0 0 FF 0 FF 0 0 
ID: 2A0, Data: 8A1 13 64 18 31 0 10 0 
ID: 316, Data: 845 36 C7 30 38 23 42 7D 
ID: A1, Data: 88A 7C 8A 79 26 0 0 0 
ID: 316, Data: 845 37 C7 30 38 23 42 7D 
ID: 153, Data: 80 0 0 FF 0 FF 0 0 
ID: 370, Data: 8FF E0 F0 FF FF FF FF FF 
ID: 43F, Data: 843 48 60 FF 79 C4 2F 0 
ID: 316, Data: 845 39 C7 30 38 23 42 7D 
ID: 153, Data: 80 0 0 FF 0 FF 0 0 
ID: 316, Data: 845 39 C7 30 38 23 42 7D 
ID: 316, Data: 845 39 C7 30 38 23 42 7D 
ID: 43F, Data: 843 48 60 FF 79 D0 2F 0 
ID: 153, Data: 80 0 0 FF 0 FF 0 0 
ID: 1F1, Data: 80 9C 9 A2 20 18 62 21 
ID: 260, Data: 8B 39 31 30 0 FF C8 3D 
ID: 316, Data: 845 39 C7 30 30 23 42 7D 
ID: 316, Data: 845 37 C7 30 2F 23 42 7D 
ID: 43F, Data: 843 48 60 FF 79 D4 2F 0 
ID: 316, Data: 845 35 A9 30 17 23 42 7D 
ID: 153, Data: 80 0 0 FF 0 FF 0 0 
ID: 329, Data: 884 B2 80 8 11 37 0 26 
ID: 316, Data: 845 29 13 30 16 24 42 7D 
ID: 260, Data: 8B 26 16 30 0 FF CF 28 
ID: 316, Data: 845 23 81 2F 17 25 42 7D 
ID: 280, Data: 830 0 84 B2 5E 13 64 33 
ID: 153, Data: 80 0 0 FF 0 FF 0 0 
ID: 260, Data: 8B 1E 23 30 0 FF C2 2 
ID: 316, Data: 845 1E BA 2E 29 25 42 7D 
ID: 329, Data: 884 B2 80 8 11 38 B 26 
ID: 316, Data: 845 22 F 2F 30 25 42 7D 
ID: 316, Data: 845 26 64 2F 32 24 42 7D 
ID: 316, Data: 845 2A 9E 2F 33 24 42 7D 
ID: 329, Data: 8B B2 80 8 11 3E 12 26 
ID: 153, Data: 80 0 0 FF 0 FF 0 0 
ID: 316, Data: 845 30 4F 30 36 24 42 7D 
ID: 316, Data: 845 31 4F 30 36 24 42 7D 
ID: 43F, Data: 843 48 60 FF 79 68 2F 0 
ID: 316, Data: 845 33 31 30 36 23 42 7D 
ID: 153, Data: 80 0 0 FF 0 FF 0 0 
ID: 329, Data: 8ED B2 80 8 11 40 14 26 
ID: 316, Data: 845 35 13 30 35 23 42 7D 
ID: 43F, Data: 843 48 60 FF 78 48 2F 0 
ID: 43F, Data: 843 48 60 FF 78 4C 2F 0 
ID: A0, Data: 83C 7E 13 30 42 36 2 0 
ID: 153, Data: 80 0 0 FF 0 FF 0 0 
ID: 316, Data: 845 36 31 30 36 23 42 7D 
ID: 153, Data: 80 0 0 FF 0 FF 0 0 
ID: 43F, Data: 843 48 60 FF 79 40 2F 0 
ID: 260, Data: 8B 37 36 30 0 FF C9 1B 
ID: 153, Data: 80 0 0 FF 0 FF 0 0 
ID: 316, Data: 845 36 31 30 37 23 42 7D 
ID: 153, Data: 80 0 0 FF 0 FF 0 0 
ID: 43F, Data: 843 48 60 FF 79 54 2F 0 
ID: 545, Data: 8E4 AD 0 8D 55 1 55 1 
ID: 43F, Data: 843 48 60 FF 79 58 2F 0 
ID: 43F, Data: 843 48 60 FF 79 5C 2F 0 
ID: A0, Data: 83B 7E 31 30 42 36 2 0 
ID: 153, Data: 80 0 0 FF 0 FF 0 0 
ID: 316, Data: 845 39 4F 30 3B 23 42 7D 
ID: 153, Data: 80 0 0 FF 0 FF 0 0 
ID: 18F, Data: 8AA 42 0 0 0 0 0 0 
ID: 329, Data: 840 B2 80 8 11 42 19 26 
ID: 316, Data: 845 3B 6D 30 3B 23 42 7D 
ID: 153, Data: 80 0 0 FF 0 FF 0 0 
ID: 153, Data: 80 0 0 FF 0 FF 0 0 
ID: 316, Data: 845 3B 8B 30 3B 23 42 7D 
ID: 153, Data: 80 0 0 FF 0 FF 0 0 
ID: 280, Data: 830 0 88 B2 60 23 64 5A 
ID: 316, Data: 845 3B 6D 30 3B 23 42 7D 
ID: A1, Data: 889 7B 89 7C 2B 0 0 0 
ID: 370, Data: 8FF E0 F0 FF FF FF FF FF 
ID: 43F, Data: 843 48 60 FF 79 78 2F 0 
ID: 153, Data: 80 0 0 FF 0 FF 0 0 
ID: 316, Data: 845 3B 8B 30 3B 23 42 7D 
ID: 153, Data: 80 0 0 FF 0 FF 0 0 
ID: 43F, Data: 843 48 60 FF 79 90 2F 0 
ID: 18F, Data: 8AA 42 0 0 0 0 0 0 
ID: 153, Data: 80 0 0 FF 0 FF 0 0 
ID: 153, Data: 80 0 0 FF 0 FF 0 0 
ID: 18F, Data: 8AA 42 0 0 0 0 0 0 
ID: 329, Data: 884 B2 80 8 11 41 19 26 
ID: 1F0, Data: 8F8 3F F9 BF 0 0 0 0 
ID: 545, Data: 8E4 B3 0 8D AD 1 AD 1 
ID: A1, Data: 887 7B 87 7C 2B 0 0 0 
ID: 43F, Data: 843 48 60 FF 79 A4 2F 0 
ID: 43F, Data: 843 48 60 FF 79 B8 2F 0 
ID: 329, Data: 840 B2 80 8 11 42 1C 26 
ID: 316, Data: 845 3D C7 30 3F 23 42 7D 
ID: 316, Data: 845 3D C7 30 3F 22 42 7D 
ID: 153, Data: 80 0 0 FF 0 FF 0 0 
ID: 2A0, Data: 81 14 64 18 31 0 10 0 
ID: 316, Data: 845 40 E6 30 3F 22 42 7D 
ID: 545, Data: 8E4 C5 0 8D D 2 D 2 
ID: 316, Data: 845 40 C7 30 3F 22 42 7D 
ID: 153, Data: 80 0 0 FF 0 FF 0 0 
ID: 545, Data: 8E4 BF 0 8D B 2 B 2 
ID: 316, Data: 845 40 A9 30 3F 22 42 7D 
ID: 316, Data: 845 3F A9 30 3F 22 42 7D 
ID: 43F, Data: 843 48 60 FF 79 F0 2F 0 
ID: 2A0, Data: 861 15 64 18 31 0 10 0 
ID: 316, Data: 845 3F C7 30 3E 22 42 7D 
ID: 316, Data: 845 3F E6 30 3D 22 43 7D 
ID: 43F, Data: 843 48 60 FF 79 4 30 0 
ID: 545, Data: 8E4 BE 0 8D DC 1 DC 1 
ID: 153, Data: 80 0 0 FF 0 FF 0 0 
ID: 153, Data: 80 0 0 FF 0 FF 0 0 
ID: 153, Data: 80 0 0 FF 0 FF 0 0 
ID: 18F, Data: 8AA 42 0 0 0 0 0 0 
ID: 316, Data: 845 2B 8B 30 1C 24 43 7D 
ID: 316, Data: 845 2A 4F 30 1D 24 43 7D 
ID: 43F, Data: 843 48 60 FF 79 E8 2F 0 
ID: 316, Data: 845 24 F6 2F 1C 1B 43 7D 
ID: 153, Data: 80 0 0 FF 0 FF 0 0 
ID: 316, Data: 845 21 BB 2F 23 1B 43 7D 
ID: 316, Data: 845 21 9E 2F 25 1B 42 7D 
ID: 43F, Data: 843 48 60 FF 79 5C 2F 0 
ID: 316, Data: 845 22 64 2F 25 1B 42 7D 
ID: 153, Data: 80 0 0 FF 0 FF 0 0 
ID: 1F0, Data: 8F9 3F F9 BF 0 0 0 0 
ID: 316, Data: 85 25 D8 2F 29 1B 42 7D 
ID: 153, Data: 80 0 0 FF 0 FF 0 0 
ID: 43F, Data: 843 48 60 FF 79 EC 2F 0 
ID: 2A0, Data: 81 13 64 18 31 0 10 0 
ID: 43F, Data: 843 48 60 FF 79 84 2F 0 
ID: 440, Data: 8FE 13 42 A0 FF AA AA AA 
ID: A1, Data: 886 7C 86 79 1E 0 0 0 
ID: 316, Data: 85 29 F6 2F 29 1B 42 7D 
ID: 316, Data: 85 29 F6 2F 29 1B 42 7D 
ID: 43F, Data: 843 48 60 FF 79 60 2F 0 
ID: 316, Data: 85 2A F6 2F 29 1A 42 7D 
ID: 153, Data: 80 0 0 FF 0 FF 0 0 
ID: 316, Data: 85 2A F6 2F 29 1A 42 7D 
ID: 316, Data: 85 2A D8 2F 29 1B 42 7D 
ID: 316, Data: 85 2A D8 2F 29 1A 42 7D 
ID: 43F, Data: 843 48 60 FF 79 54 2F 0 
ID: 316, Data: 85 29 BB 2F 29 1B 42 7D 
ID: 153, Data: 80 0 0 FF 0 FF 0 0 
ID: 316, Data: 85 29 D8 2F 29 1B 42 7D 
ID: 153, Data: 80 0 0 FF 0 FF 0 0 
ID: 316, Data: 85 29 BB 2F 2A 1B 42 7D 
ID: 316, Data: 85 29 BB 2F 2A 1B 42 7D 
ID: A0, Data: 82C 7E BB 2F 42 32 2 0 
ID: 43F, Data: 843 48 60 FF 79 30 2F 0 
ID: 316, Data: 85 29 9E 2F 25 1B 41 7D 
ID: A1, Data: 88B 7C 8D 79 1E 0 0 0 
ID: 316, Data: 85 29 9E 2F 25 1A 41 7D 
ID: 316, Data: 85 29 9E 2F 25 1A 41 7D 
ID: 1F1, Data: 80 68 4 2 20 11 32 21 
ID: 316, Data: 85 28 9E 2F 25 1B 41 7D 
ID: 1F1, Data: 80 7A 5 32 20 F 12 21 
ID: 316, Data: 85 27 64 2F 25 1B 41 7D 
ID: 5A0, Data: 80 0 0 90 0 0 0 0 
ID: 1F0, Data: 8F8 3F F9 BF 0 0 0 0 
ID: 316, Data: 85 26 64 2F 26 1B 41 7D 
ID: 153, Data: 80 0 0 FF 0 FF 0 0 
ID: 153, Data: 80 0 0 FF 0 FF 0 0 
ID: 2A0, Data: 81 12 64 18 31 0 10 0 
ID: 440, Data: 8FE 13 41 A0 FF AA AA AA 
ID: 440, Data: 8FE 13 41 A0 FF AA AA AA 
ID: 153, Data: 80 0 0 FF 0 FF 0 0 
ID: 153, Data: 80 0 0 FF 0 FF 0 0 
ID: 545, Data: 8E4 75 0 8D F3 0 F3 0 
ID: 316, Data: 85 29 2B 2F 2C 1A 41 7D 
ID: 316, Data: 85 2A 2B 2F 2C 1A 41 7D 
ID: 153, Data: 80 0 0 FF 0 FF 0 0 
ID: 316, Data: 85 2B 2B 2F 2C 1A 41 7D 
ID: 153, Data: 80 0 0 FF 0 FF 0 0 
ID: A1, Data: 88C 7C 8A 79 1F 0 0 0 
ID: 329, Data: 8B B2 80 8 11 3C 13 26 
ID: 280, Data: 830 0 88 B2 5E 1A 64 43 
ID: 153, Data: 80 0 0 FF 0 FF 0 0 
ID: 370, Data: 8FF E1 F0 FF FF FF FF FF 
ID: 43F, Data: 843 48 60 FF 79 8C 2E 0 
ID: 260, Data: 8B 2D 2E 30 0 FF CF A 
ID: 153, Data: 80 0 0 FF 0 FF 0 0 
ID: 316, Data: 85 2C 48 2F 2E 1A 41 7D 
ID: 153, Data: 80 0 0 FF 0 FF 0 0 
ID: 153, Data: 80 0 0 FF 0 FF 0 0 
ID: 316, Data: 85 2D 48 2F 2E 1A 41 7D 
ID: 43F, Data: 843 48 60 FF 79 84 2E 0 
ID: 18F, Data: 8AA 3A 0 0 0 0 0 0 
ID: 153, Data: 80 0 0 FF 0 FF 0 0 
ID: 316, Data: 85 2E 48 2F 2E 1A 41 7D 
ID: A1, Data: 88D 7C 8E 79 21 0 0 0 
ID: 153, Data: 80 0 0 FF 0 FF 0 0 
ID: 316, Data: 85 2E 48 2F 2E 1A 40 7D 
ID: 43F, Data: 843 48 60 FF 79 78 2E 0 
ID: 316, Data: 85 2E 48 2F 24 1A 40 7D 
ID: 153, Data: 80 0 0 FF 0 FF 0 0 
ID: 153, Data: 80 0 0 FF 0 FF 0 0 
ID: 316, Data: 85 29 F 2F 18 1A 40 7D 
ID: 153, Data: 80 0 0 FF 0 FF 0 0 
ID: 316, Data: 85 24 BA 2E 19 1B 40 7D 
ID: 153, Data: 80 0 0 FF 0 FF 0 0 
ID: 280, Data: 830 0 88 B2 5C 14 64 35 
ID: 316, Data: 85 21 67 2E 23 1B 40 7D 
ID: A1, Data: 890 7C 94 79 18 0 0 0 
ID: 316, Data: 85 21 67 2E 27 1B 40 7D 
ID: 316, Data: 85 22 67 2E 29 1B 40 7D 
ID: A1, Data: 890 7C 90 79 19 0 0 0 
ID: 316, Data: 85 26 9E 2E 2E 1B 40 7D 
ID: 1F0, Data: 8FA 3F F9 BF 0 0 0 0 
ID: A1, Data: 88B 7C 8D 79 1C 0 0 0 
ID: 153, Data: 80 0 0 FF 0 FF 0 0 
ID: 153, Data: 80 0 0 FF 0 FF 0 0 
ID: A0, Data: 832 7E F2 2E 41 34 2 0 
ID: 316, Data: 85 2E F 2F 2F 1A 40 7D 
ID: 18F, Data: 8AA 38 0 0 0 0 0 0 
ID: 43F, Data: 843 48 60 FF 79 4C 2E 0 
ID: A0, Data: 832 7E F2 2E 41 34 2 0 
ID: 43F, Data: 843 48 60 FF 79 50 2E 0 
ID: 43F, Data: 843 48 60 FF 79 50 2E 0 
ID: 260, Data: 8B 2F 2F 30 0 FF CE 17 
ID: 316, Data: 85 2F 2B 2F 2E 1A 40 7D 
ID: 2A0, Data: 81 12 64 18 31 0 10 0 
ID: 43F, Data: 843 48 60 FF 79 68 2E 0 
ID: 43F, Data: 843 48 60 FF 79 68 2E 0 
ID: 260, Data: 8B 2F 2F 30 0 FF CD 9 
ID: 316, Data: 85 2F 2B 2F 2B 1A 40 7D 
ID: 316, Data: 85 2F 2B 2F 2B 1A 40 7D 
ID: 43F, Data: 843 48 60 FF 79 54 2E 0 
ID: 316, Data: 85 2E 2B 2F 24 1A 40 7D 
ID: A1, Data: 887 7C 89 79 22 0 0 0 
ID: 316, Data: 85 2C F 2F 24 1A 40 7D 
ID: 316, Data: 85 2A 2B 2F 23 1A 40 7D 
ID: 1F0, Data: 8F9 3F F9 BF 0 0 0 0 
ID: 43F, Data: 843 48 60 FF 79 80 2E 0 
ID: 43F, Data: 843 48 60 FF 79 80 2E 0 
ID: 260, Data: 8B 27 23 30 0 FF D1 35 
ID: 153, Data: 80 0 0 FF 0 FF 0 0 
ID: 153, Data: 80 0 0 FF 0 FF 0 0 
ID: 316, Data: 85 25 BA 2E 23 1B 40 7D 
ID: 153, Data: 80 0 0 FF 0 FF 0 0 
ID: 316, Data: 85 24 9E 2E 23 1B 40 7D 
ID: 316, Data: 85 24 9E 2E 23 1B 40 7D 
ID: 260, Data: 8B 24 23 30 0 FF D2 37 
ID: 316, Data: 85 24 82 2E 23 1B 40 7D 
ID: 316, Data: 85 24 9E 2E 23 1B 40 7D 
ID: 316, Data: 85 23 82 2E 23 1B 40 7D 
ID: 316, Data: 85 23 82 2E 23 1B 40 7D 
ID: 43F, Data: 843 48 60 FF 79 48 2E 0 
ID: 43F, Data: 843 48 60 FF 79 40 2E 0 
ID: A0, Data: 825 7E 67 2E 41 2F 2 0 
ID: 153, Data: 80 0 0 FF 0 FF 0 0 
ID: 316, Data: 85 23 82 2E 23 1B 40 7D 
ID: 153, Data: 80 0 0 FF 0 FF 0 0 
ID: 18F, Data: 8AA 36 0 0 0 0 0 0 
ID: 316, Data: 85 23 67 2E 23 1B 40 7D 
ID: 43F, Data: 843 48 60 FF 79 40 2E 0 
ID: 260, Data: 8B 24 23 30 0 FF D2 19 
ID: 153, Data: 80 0 0 FF 0 FF 0 0 
ID: 329, Data: 8B B2 80 8 11 38 B 26 
ID: 316, Data: 85 23 4B 2E 23 1B 40 7D 
ID: 316, Data: 85 23 4B 2E 23 1B 40 7D 
ID: 43F, Data: 843 48 60 FF 79 24 2E 0 
ID: 43F, Data: 843 48 60 FF 79 20 2E 0 
ID: 316, Data: 85 23 4B 2E 23 1B 40 7D 
ID: 316, Data: 85 23 4B 2E 23 1B 40 7D 
ID: 43F, Data: 843 48 60 FF 79 C 2E 0 
ID: 440, Data: 8FE 63 40 A0 FF AA AA AA 
ID: 280, Data: 830 0 88 B2 5C 15 64 36 
ID: 153, Data: 80 0 0 FF 0 FF 0 0 
ID: 2A0, Data: 861 F 64 18 31 0 10 0 
ID: 316, Data: 85 23 30 2E 23 1B 40 7D 
ID: 2A0, Data: 8A1 F 64 18 31 0 10 0 
ID: 153, Data: 80 0 0 FF 0 FF 0 0 
ID: 43F, Data: 843 48 60 FF 79 EC 2D 0 
ID: 43F, Data: 843 48 60 FF 79 E4 2D 0 
ID: 316, Data: 85 23 15 2E 23 1B 40 7D 
ID: 316, Data: 85 23 15 2E 23 1B 40 7D 
ID: 316, Data: 85 23 15 2E 23 1B 40 7D 
ID: 43F, Data: 843 48 60 FF 79 F4 2D 0 
ID: 370, Data: 8FF E0 F0 FF FF FF FF FF 
ID: 153, Data: 80 0 0 FF 0 FF 0 0 
ID: 153, Data: 80 0 0 FF 0 FF 0 0 
ID: 316, Data: 85 23 30 2E 21 1B 40 7D 
ID: 153, Data: 80 0 0 FF 0 FF 0 0 
ID: 316, Data: 85 23 15 2E 16 1B 40 7D 
ID: 1F1, Data: 80 CE FB 71 1F 2 52 20 
ID: 545, Data: 8E4 5E 0 8D 7F 0 7F 0 
ID: 316, Data: 85 20 FA 2D D 1B 40 7D 
ID: 153, Data: 80 0 0 FF 0 FF 0 0 
ID: 329, Data: 8ED B2 80 8 11 34 0 26 
ID: 316, Data: 85 1E A9 2D E 1B 40 7D 
ID: 2A0, Data: 840 D 64 18 31 0 10 0 
ID: 43F, Data: 843 48 60 FF 79 6C 2D 0 
ID: 153, Data: 80 0 0 FF 0 FF 0 0 
ID: 2A0, Data: 840 D 64 18 31 0 10 0 
ID: 316, Data: 85 19 25 2D E 1B 3F 7D 
ID: 545, Data: 8E4 4E 0 8D C6 FF C6 FF 
ID: 316, Data: 85 17 B 2D E 1B 3F 7D 
ID: 316, Data: 85 16 F1 2C E 1B 3F 7D 
ID: 280, Data: 830 0 84 B2 59 F 64 2A 
ID: 153, Data: 80 0 0 FF 0 FF 0 0 
ID: 153, Data: 80 0 0 FF 0 FF 0 0 
ID: 316, Data: 85 11 F4 2B E 1B 3F 7D 
ID: A0, Data: 81E 7E F4 2B 3F 2D 2 0 
ID: 316, Data: 85 12 F4 2B E 1B 3F 7D 
ID: 5A1, Data: 880 3 90 23 30 30 30 0 
ID: 260, Data: 8B 14 E 30 0 FF 78 2 
ID: 43F, Data: 843 48 60 FF 79 FC 2C 0 
ID: 153, Data: 80 0 0 FF 0 FF 0 0 
ID: 316, Data: 85 17 26 2C E 1A 3F 7D 
ID: 316, Data: 85 17 26 2C E 1A 3E 7D 
ID: 2A0, Data: 840 A 64 18 31 0 10 0 
ID: 440, Data: 8FE 63 3E A0 FF AA AA AA 
ID: 153, Data: 80 0 0 FF 0 FF 0 0 
ID: 18F, Data: 8AA 35 0 0 0 0 0 0 
ID: 316, Data: 85 18 58 2C E 1A 3E 7D 
ID: 5F0, Data: 20 0 
ID: 440, Data: 8FE 63 3E A0 FF AA AA AA 
ID: 1F0, Data: 8F8 3F F9 BF 0 0 0 0 
ID: 43F, Data: 843 48 60 FF 79 70 2C 0 
ID: 153, Data: 80 0 0 FF 0 FF 0 0 
ID: 1F0, Data: 8F8 3F F9 BF 0 0 0 0 
ID: 316, Data: 8D 14 DC 2B E 1A 3E 7D 
ID: 316, Data: 8D 14 AB 2B E 1A 3E 7D 
ID: 153, Data: 80 0 0 FF 0 FF 0 0 
ID: 43F, Data: 843 48 60 FF 79 18 2C 0 
ID: 43F, Data: 843 48 60 FF 79 8 2C 0 
ID: 370, Data: 8FF E0 F0 FF FF FF FF FF 
ID: 260, Data: 80 8 E 30 0 FF 78 A 
ID: 316, Data: 8D 8 D3 2A E 1A 3D 7D 
ID: 5A0, Data: 80 0 0 90 0 0 0 0 
ID: 316, Data: 8D 4 A4 2A E 1A 3D 7D 
ID: 153, Data: 80 0 0 FF 0 FF 0 0 
ID: 153, Data: 80 0 0 FF 0 FF 0 0 
ID: 43F, Data: 843 48 60 FF 79 90 2B 0 
ID: 5F0, Data: 20 0 
ID: 43F, Data: 843 48 60 FF 79 6C 2B 0 
ID: 153, Data: 80 0 0 FF 0 FF 0 0 
ID: A0, Data: 827 7E 1A 2A 3D 2E 4 0 
ID: 329, Data: 884 B2 80 8 11 37 C 26 
ID: 18F, Data: 8AA 35 0 0 0 0 0 0 
ID: 316, Data: 85 24 D 2C 27 1A 3C 7D 
ID: 18F, Data: 8AA 35 0 0 0 0 0 0 
ID: 316, Data: 85 24 58 2C 27 1A 3C 7D 
ID: 153, Data: 80 0 0 FF 0 FF 0 0 
ID: 316, Data: 85 24 DC 2B 27 1A 3C 7D 
ID: 316, Data: 85 25 92 2B 27 1A 3C 7D 
ID: 18F, Data: 8AA 35 0 0 0 0 0 0 
ID: 316, Data: 85 26 92 2B 29 1A 3C 7D 
ID: 153, Data: 80 0 0 FF 0 FF 0 0 
ID: 316, Data: 85 27 AB 2B 29 1A 3C 7D 
ID: 316, Data: 85 27 C3 2B 29 1A 3C 7D 
ID: 2A0, Data: 8A1 8 64 18 31 0 10 0 
ID: 43F, Data: 843 48 60 FF 79 30 2B 0 
ID: 5F0, Data: 20 0 
ID: 2A0, Data: 8A1 8 64 18 31 0 10 0 
ID: 18F, Data: 8AA 35 0 0 0 0 0 0 
ID: 43F, Data: 843 48 60 FF 79 40 2B 0 
ID: 260, Data: 8B 28 20 30 0 FF D1 28 
ID: 153, Data: 80 0 0 FF 0 FF 0 0 
ID: 316, Data: 85 25 AB 2B 20 1A 3C 7D 
ID: 153, Data: 80 0 0 FF 0 FF 0 0 
ID: 1F0, Data: 8F8 3F F9 BF 0 0 0 0 
ID: 316, Data: 85 22 4A 2B 20 1A 3C 7D 
ID: 316, Data: 85 22 32 2B 20 1A 3C 7D 
ID: 43F, Data: 843 48 60 FF 79 14 2B 0 
ID: 316, Data: 85 21 32 2B 20 1A 3C 7D 
ID: 316, Data: 85 21 4A 2B 20 1A 3C 7D 
ID: 316, Data: 85 21 32 2B 20 1A 3C 7D 
ID: 5F0, Data: 20 0 
ID: 43F, Data: 843 48 60 FF 79 18 2B 0 
ID: 153, Data: 80 0 0 FF 0 FF 0 0 
ID: 260, Data: 8B 20 15 30 0 FF D2 2B 
ID: 316, Data: 85 1F 1A 2B 15 1A 3C 7D 
ID: 153, Data: 80 0 0 FF 0 FF 0 0 
ID: 316, Data: 85 1E EB 2A 14 1A 3C 7D 
ID: 153, Data: 80 0 0 FF 0 FF 0 0 
ID: 316, Data: 85 1C BC 2A 15 1B 3C 7D 
ID: 316, Data: 85 1B A4 2A 1A 1B 3C 7D 
ID: A0, Data: 81B 7E A4 2A 3C 2A 2 0 
ID: 43F, Data: 843 48 60 FF 79 C8 2A 0 
ID: 370, Data: 8FF E0 F0 FF FF FF FF FF 
ID: A1, Data: 88A 7C 98 79 15 0 0 0 
ID: 316, Data: 85 1E EB 2A 27 1A 3B 7D 
ID: 316, Data: 85 1F 2 2B 27 1A 3B 7D 
ID: 43F, Data: 843 48 60 FF 79 D0 2A 0 
ID: 370, Data: 8FF E0 F0 FF FF FF FF FF 
ID: A0, Data: 829 7E 1A 2B 3C 2F 2 0 
ID: 316, Data: 85 24 32 2B 27 1A 3B 7D 
ID: 329, Data: 840 B2 80 8 11 38 C 26 
ID: 43F, Data: 843 48 60 FF 79 B4 2A 0 
ID: 316, Data: 85 26 1A 2B 28 1A 3B 7D 
ID: 153, Data: 80 0 0 FF 0 FF 0 0 
ID: 316, Data: 85 26 1A 2B 2E 1A 3B 7D 
ID: 153, Data: 80 0 0 FF 0 FF 0 0 
ID: 153, Data: 80 0 0 FF 0 FF 0 0 
ID: 316, Data: 85 2A 32 2B 32 1A 3B 7D 
ID: 153, Data: 80 0 0 FF 0 FF 0 0 
ID: 329, Data: 884 B2 80 8 11 3C 15 26 
ID: 316, Data: 85 2F 92 2B 32 19 3B 7D 
ID: 316, Data: 85 30 AB 2B 32 19 3B 7D 
ID: 316, Data: 85 30 C3 2B 32 19 3B 7D 
ID: 18F, Data: 8AA 34 0 0 0 0 0 0 
ID: 316, Data: 85 31 AB 2B 33 19 3B 7D 
ID: 43F, Data: 843 48 60 FF 79 C4 2A 0 
ID: 316, Data: 85 31 C3 2B 33 19 3B 7D 
ID: 153, Data: 80 0 0 FF 0 FF 0 0 
ID: 316, Data: 85 31 DC 2B 33 19 3B 7D 
ID: 316, Data: 85 32 DC 2B 33 19 3B 7D 
ID: 280, Data: 830 0 88 B2 57 1D 64 4B 
ID: 370, Data: 8FF E0 F0 FF FF FF FF FF 
ID: 316, Data: 85 32 DC 2B 33 19 3B 7D 
ID: 153, Data: 80 0 0 FF 0 FF 0 0 
ID: 153, Data: 80 0 0 FF 0 FF 0 0 
ID: 316, Data: 85 32 DC 2B 33 19 3B 7D 
ID: 153, Data: 80 0 0 FF 0 FF 0 0 
ID: 280, Data: 830 0 88 B2 57 1E 64 4B 
ID: 316, Data: 85 32 D 2C 33 19 3C 7D 
ID: A1, Data: 885 7C 8E 79 24 0 0 0 
ID: 43F, Data: 843 48 60 FF 79 20 2B 0 
ID: 153, Data: 80 0 0 FF 0 FF 0 0 
ID: 18F, Data: 8AA 34 0 0 0 0 0 0 
ID: 316, Data: 85 31 D 2C 26 19 3C 7D 
ID: 316, Data: 85 2F D 2C 20 19 3C 7D 
ID: 545, Data: 8E4 7F 0 8D 75 1 75 1 
ID: 43F, Data: 843 48 60 FF 79 2C 2B 0 
ID: 43F, Data: 843 48 60 FF 79 28 2B 0 
ID: 280, Data: 830 0 88 B2 57 16 64 3A 
ID: 153, Data: 80 0 0 FF 0 FF 0 0 
ID: 316, Data: 85 22 4A 2B F 1A 3C 7D 
ID: 153, Data: 80 0 0 FF 0 FF 0 0 
ID: 545, Data: 8E4 50 0 8D 43 0 43 0 
ID: 316, Data: 85 1D 2 2B 10 1B 3C 7D 
ID: 153, Data: 80 0 0 FF 0 FF 0 0 
ID: 153, Data: 80 0 0 FF 0 FF 0 0 
ID: A0, Data: 81B 7E EB 2A 3C 2A 2 0 
ID: 316, Data: 85 1A 8D 2A 19 1B 3C 7D 
ID: 545, Data: 8E4 4A 0 8D F2 FF F2 FF 
ID: 316, Data: 85 1A A4 2A 1D 1B 3C 7D 
ID: 545, Data: 8E4 4A 0 8D EA FF EA FF 
ID: 43F, Data: 843 48 60 FF 79 F4 2A 0 
ID: 316, Data: 85 1C EB 2A 29 1B 3B 7D 
ID: 153, Data: 80 0 0 FF 0 FF 0 0 
ID: 153, Data: 80 0 0 FF 0 FF 0 0 
ID: 316, Data: 85 22 32 2B 2A 1A 3B 7D 
ID: 153, Data: 80 0 0 FF 0 FF 0 0 
ID: 316, Data: 85 26 4A 2B 2A 1A 3B 7D 
ID: 316, Data: 85 26 4A 2B 2A 1A 3B 7D 
ID: 2A0, Data: 81 B 64 18 31 0 10 0 
ID: 316, Data: 85 28 32 2B 2A 1A 3B 7D 
ID: 153, Data: 80 0 0 FF 0 FF 0 0 
ID: 1F0, Data: 8F9 3F F9 BF 0 0 0 0 
ID: 316, Data: 85 29 4A 2B 2C 1A 3B 7D 
ID: 329, Data: 8B B2 80 8 11 3A 10 26 
ID: 43F, Data: 843 48 60 FF 79 C4 2A 0 
ID: 440, Data: 8FE 63 3B A0 FF AA AA AA 
ID: A1, Data: 884 7C 88 79 1E 0 0 0 
ID: 316, Data: 85 2A 4A 2B 2C 1A 3B 7D 
ID: 316, Data: 85 2A 4A 2B 2C 1A 3B 7D 
ID: 43F, Data: 843 48 60 FF 79 AC 2A 0 
ID: 316, Data: 85 2A 4A 2B 2C 1A 3B 7D 
ID: 153, Data: 80 0 0 FF 0 FF 0 0 
ID: 316, Data: 85 2A 62 2B 2C 1A 3B 7D 
ID: 153, Data: 80 0 0 FF 0 FF 0 0 
ID: 329, Data: 840 B2 80 8 11 3A 10 26 
ID: 316, Data: 85 2B 4A 2B 2C 1A 3B 7D 
ID: A1, Data: 886 7C 8A 79 1E 0 0 0 
ID: 43F, Data: 843 48 60 FF 79 CC 2A 0 
ID: 43F, Data: 843 48 60 FF 79 C0 2A 0 
ID: 2A0, Data: 861 C 64 18 31 0 10 0 
ID: 316, Data: 85 2B 7A 2B 2C 1A 3B 7D 
ID: 316, Data: 85 2C 7A 2B 2C 1A 3B 7D 
ID: 43F, Data: 843 48 60 FF 79 E0 2A 0 
ID: 370, Data: 8FF E0 F0 FF FF FF FF FF 
ID: A1, Data: 888 7C 8A 79 1E 0 0 0 
ID: 316, Data: 85 2B AB 2B 2C 1A 3B 7D 
ID: 316, Data: 85 2B 92 2B 2C 1A 3B 7D 
ID: 43F, Data: 843 48 60 FF 79 DC 2A 0 
ID: 316, Data: 85 2B 92 2B 2C 1A 3B 7D 
ID: 153, Data: 80 0 0 FF 0 FF 0 0 
ID: 5F0, Data: 20 0 
ID: 153, Data: 80 0 0 FF 0 FF 0 0 
ID: 43F, Data: 843 48 60 FF 79 E8 2A 0 
ID: 153, Data: 80 0 0 FF 0 FF 0 0 
ID: 316, Data: 85 2B 7A 2B 2C 1A 3B 7D 
ID: 153, Data: 80 0 0 FF 0 FF 0 0 
ID: 1F1, Data: 80 D0 D5 71 1D E3 21 1E 
ID: 316, Data: 85 2B AB 2B 2C 1A 3B 7D 
ID: A1, Data: 888 7C 8A 79 1E 0 0 0 
ID: 43F, Data: 843 48 60 FF 79 F4 2A 0 
ID: 43F, Data: 843 48 60 FF 79 F4 2A 0 
ID: 18F, Data: 8AA 33 0 0 0 0 0 0 
ID: 316, Data: 85 2B 92 2B 2B 1A 3C 7D 
ID: 153, Data: 80 0 0 FF 0 FF 0 0 
ID: 316, Data: 85 2C AB 2B 2C 1A 3C 7D 
ID: 316, Data: 85 2C AB 2B 2B 1A 3C 7D 
ID: 260, Data: 8B 2C 2C 30 0 FF D0 38 
ID: 43F, Data: 843 48 60 FF 79 18 2B 0 
ID: 316, Data: 85 2C AB 2B 2B 1A 3C 7D 
ID: 153, Data: 80 0 0 FF 0 FF 0 0 
ID: 316, Data: 85 2B C3 2B 29 1A 3C 7D 
ID: 153, Data: 80 0 0 FF 0 FF 0 0 
ID: 280, Data: 830 0 88 B2 57 19 64 40 
ID: 316, Data: 85 2B AB 2B 28 1A 3C 7D 
ID: 153, Data: 80 0 0 FF 0 FF 0 0 
ID: 316, Data: 85 2A 92 2B 28 1A 3C 7D 
ID: 153, Data: 80 0 0 FF 0 FF 0 0 
ID: 280, Data: 830 0 88 B2 57 18 64 3D 
ID: 316, Data: 85 29 92 2B 28 1A 3C 7D 
ID: 43F, Data: 843 48 60 FF 79 24 2B 0 
ID: 43F, Data: 843 48 60 FF 79 1C 2B 0 
ID: A1, Data: 888 7C 8B 79 1D 0 0 0 
ID: 316, Data: 85 29 92 2B 2B 1A 3C 7D 
ID: 316, Data: 85 29 92 2B 2B 1A 3C 7D 
ID: A0, Data: 82B 7E AB 2B 3C 30 2 0 
ID: 43F, Data: 843 48 60 FF 79 1C 2B 0 
ID: 440, Data: 8FE C3 3B A0 FF AA AA AA 
ID: 153, Data: 80 0 0 FF 0 FF 0 0 
ID: 316, Data: 85 2A 92 2B 2D 1A 3C 7D 
ID: 153, Data: 80 0 0 FF 0 FF 0 0 
ID: 153, Data: 80 0 0 FF 0 FF 0 0 
ID: 316, Data: 85 2B C3 2B 2E 1A 3C 7D 
ID: 153, Data: 80 0 0 FF 0 FF 0 0 
ID: A0, Data: 82F 7E AB 2B 3C 32 2 0 
ID: 316, Data: 85 2D DC 2B 30 1A 3C 7D 
ID: 18F, Data: 8AA 33 0 0 0 0 0 0 
ID: 1F1, Data: 80 AC DB 91 1D E3 41 1E 
ID: 153, Data: 80 0 0 FF 0 FF 0 0 
ID: 316, Data: 85 2F 26 2C 30 1A 3C 7D 
ID: 153, Data: 80 0 0 FF 0 FF 0 0 
ID: 260, Data: 8B 30 30 30 0 FF CF 12 
ID: 316, Data: 85 30 D 2C 30 19 3C 7D 
ID: A1, Data: 887 7C 8B 79 21 0 0 0 
ID: 316, Data: 85 30 26 2C 30 19 3C 7D 
ID: 153, Data: 80 0 0 FF 0 FF 0 0 
ID: 2A0, Data: 861 F 64 1A 31 0 10 0 
ID: 316, Data: 85 30 3F 2C 30 19 3C 7D 
ID: 1F0, Data: 8F9 3F F9 BF 0 0 0 0 
ID: 43F, Data: 843 48 60 FF 79 64 2B 0 
ID: 153, Data: 80 0 0 FF 0 FF 0 0 
ID: 280, Data: 830 0 88 B2 58 1C 64 48 
ID: 316, Data: 85 30 58 2C 31 19 3C 7D 
ID: 43F, Data: 843 48 60 FF 79 88 2B 0 
ID: 316, Data: 85 30 58 2C 32 19 3C 7D 
ID: A0, Data: 833 7E 58 2C 3D 33 2 0 
ID: 43F, Data: 843 48 60 FF 79 94 2B 0 
ID: 43F, Data: 843 48 60 FF 79 98 2B 0 
ID: 153, Data: 80 0 0 FF 0 FF 0 0 
ID: 316, Data: 85 31 8B 2C 32 19 3C 7D 
ID: 153, Data: 80 0 0 FF 0 FF 0 0 
ID: 153, Data: 80 0 0 FF 0 FF 0 0 
ID: 316, Data: 85 32 8B 2C 32 19 3C 7D 
ID: 43F, Data: 843 48 60 FF 79 B0 2B 0 
ID: 545, Data: 8E4 86 0 8D BC 1 BC 1 
ID: 153, Data: 80 0 0 FF 0 FF 0 0 
ID: 153, Data: 80 0 0 FF 0 FF 0 0 
ID: 1F1, Data: 80 13 E1 D1 1D EA A1 1E 
ID: 370, Data: 8FF E0 F0 FF FF FF FF FF 
ID: 316, Data: 85 32 BE 2C 32 19 3D 7D 
ID: 153, Data: 80 0 0 FF 0 FF 0 0 
ID: 43F, Data: 843 48 60 FF 79 E8 2B 0 
ID: 316, Data: 85 32 BE 2C 32 19 3D 7D 
ID: 545, Data: 8E4 85 0 8D C2 1 C2 1 
ID: 316, Data: 85 32 D7 2C 32 19 3D 7D 
ID: 316, Data: 85 32 D7 2C 32 19 3D 7D 
ID: 18F, Data: 8AA 33 0 0 0 0 0 0 
ID: 43F, Data: 843 48 60 FF 79 10 2C 0 
ID: 153, Data: 80 0 0 FF 0 FF 0 0 
ID: 316, Data: 85 32 F1 2C 33 19 3D 7D 
ID: 316, Data: 85 33 B 2D 33 19 3D 7D 
ID: 280, Data: 830 0 88 B2 5A 1E 64 4C 
ID: 43F, Data: 843 48 60 FF 79 8 2C 0 
ID: 316, Data: 85 33 B 2D 34 19 3D 7D 
ID: 260, Data: 8B 33 34 30 0 FF CE 2B 
ID: 316, Data: 85 33 F1 2C 34 19 3D 7D 
ID: 316, Data: 85 33 B 2D 34 19 3D 7D 
ID: A1, Data: 885 7C 87 79 24 0 0 0 
ID: 316, Data: 85 34 B 2D 3A 23 3D 7D 
ID: 440, Data: 8FE 13 3D A0 FF AA AA AA 
ID: 316, Data: 85 38 59 2D 39 22 3D 7D 
ID: 153, Data: 80 0 0 FF 0 FF 0 0 
ID: 153, Data: 80 0 0 FF 0 FF 0 0 
ID: 316, Data: 85 3A 8E 2D 31 22 3D 7D 
ID: 153, Data: 80 0 0 FF 0 FF 0 0 
ID: 18F, Data: 8AA 33 0 0 0 0 0 0 
ID: 316, Data: 85 38 59 2D 31 22 3D 7D 
ID: 316, Data: 85 37 3F 2D 31 22 3E 7D 
ID: A0, Data: 83A 7E 3F 2D 3E 35 2 0 
ID: 153, Data: 80 0 0 FF 0 FF 0 0 
ID: 316, Data: 845 34 B 2D 36 23 3E 7D 
ID: 153, Data: 80 0 0 FF 0 FF 0 0 
ID: 545, Data: 8E4 80 0 8D 3A 1 3A 1 
ID: 316, Data: 845 34 BE 2C 39 23 3E 7D 
ID: 1F1, Data: 80 CE E5 B1 1E F4 41 1F 
ID: 43F, Data: 843 48 60 FF 79 8C 2C 0 
ID: 440, Data: 8FE 63 3D A0 FF AA AA AA 
ID: 316, Data: 845 38 3F 2D 3C 22 3E 7D 
ID: 18F, Data: 8AA 33 0 0 0 0 0 0 
ID: 153, Data: 80 0 0 FF 0 FF 0 0 
ID: 43F, Data: 843 48 60 FF 79 BC 2C 0 
ID: 153, Data: 80 0 0 FF 0 FF 0 0 
ID: 43F, Data: 843 48 60 FF 79 C4 2C 0 
ID: 316, Data: 845 3F 8E 2D 40 22 3E 7D 
ID: 545, Data: 8E4 B3 0 8D 15 2 15 2 
ID: 316, Data: 845 40 8E 2D 40 21 3E 7D 
ID: 316, Data: 845 41 A9 2D 42 21 3E 7D 
ID: 43F, Data: 843 48 60 FF 79 0 2D 0 
ID: 280, Data: 830 0 88 B2 5A 28 64 60 
ID: 440, Data: 8FE C3 3E A0 FF AA AA AA 
ID: 316, Data: 845 4B A9 2D 52 20 3E 7D 
ID: 153, Data: 80 0 0 FF 0 FF 0 0 
ID: 329, Data: 8ED B2 80 8 11 47 26 26 
ID: 43F, Data: 843 48 60 FF 79 88 2D 0 
ID: 260, Data: 8B 53 52 30 0 FF BF 1A 
ID: 153, Data: 80 0 0 FF 0 FF 0 0 
ID: 280, Data: 830 0 88 B2 5B 31 64 73 
ID: 316, Data: 845 53 FA 2D 52 20 3F 7D 
ID: 43F, Data: 843 48 60 FF 79 B4 2D 0 
ID: 43F, Data: 843 48 60 FF 79 D4 2D 0 
ID: 153, Data: 80 0 0 FF 0 FF 0 0 
ID: 316, Data: 845 52 4B 2E 51 20 3F 7D 
ID: 153, Data: 80 0 0 FF 0 FF 0 0 
ID: 260, Data: 8B 51 52 30 0 FF BF 1C 
ID: 316, Data: 845 50 82 2E 51 20 40 7D 
ID: A0, Data: 856 7E 82 2E 40 3D 2 0 
ID: 43F, Data: 843 48 60 FF 79 38 2E 0 
ID: 545, Data: 8E4 DC 0 8D 39 3 39 3 
ID: 153, Data: 80 0 0 FF 0 FF 0 0 
ID: 316, Data: 845 4B D6 2E 46 20 40 7D 
ID: 43F, Data: 843 48 60 FF 79 78 2E 0 
ID: 2A0, Data: 861 18 64 1A 31 0 10 0 
ID: 316, Data: 845 47 F2 2E 46 21 40 7D 
ID: 316, Data: 845 46 F 2F 46 21 40 7D 
ID: 316, Data: 845 46 2B 2F 46 21 41 7D 
ID: 316, Data: 845 45 2B 2F 46 21 41 7D 
ID: 43F, Data: 843 48 60 FF 79 C8 2E 0 
ID: 2A0, Data: 81 18 64 1A 31 0 10 0 
ID: 153, Data: 80 0 0 FF 0 FF 0 0 
ID: 316, Data: 845 45 81 2F 46 21 41 7D 
ID: 316, Data: 845 44 81 2F 46 21 41 7D 
ID: 18F, Data: 8AA 3B 0 0 0 0 0 0 
ID: 43F, Data: 843 48 60 FF 79 4 2F 0 
ID: 153, Data: 80 0 0 FF 0 FF 0 0 
ID: 316, Data: 845 44 9E 2F 48 21 41 7D 
ID: 316, Data: 845 45 9E 2F 4B 21 41 7D 
ID: 18F, Data: 8AA 3C 0 0 0 0 0 0 
ID: 316, Data: 845 46 BB 2F 50 21 41 7D 
ID: 153, Data: 80 0 0 FF 0 FF 0 0 
ID: 260, Data: 8B 4B 4F 30 0 FF C1 32 
ID: 280, Data: 830 0 88 B2 60 2E 64 6F 
ID: 153, Data: 80 0 0 FF 0 FF 0 0 
ID: 316, Data: 845 4E 6D 30 4B 21 42 7D 
ID: 153, Data: 80 0 0 FF 0 FF 0 0 
ID: 18F, Data: 8AA 3D 0 0 0 0 0 0 
ID: 316, Data: 845 4D 31 30 4A 21 42 7D 
ID: 153, Data: 80 0 0 FF 0 FF 0 0 
ID: 5F0, Data: 20 0 
ID: 260, Data: 8B 4B 4B 30 0 FF C0 19 
ID: 2A0, Data: 81 1A 64 1A 31 0 10 0 
ID: 5F0, Data: 20 0 
ID: 43F, Data: 843 48 60 FF 79 4 30 0 
ID: 153, Data: 80 0 0 FF 0 FF 0 0 
ID: 316, Data: 845 49 8B 30 4A 21 42 7D 
ID: 1F1, Data: 80 35 14 F2 20 1C D2 21 
ID: A0, Data: 84E 7E 6D 30 43 3C 2 0 
ID: 316, Data: 845 48 A9 30 4A 21 43 7D 
ID: 316, Data: 845 48 C7 30 4A 21 43 7D 
ID: 153, Data: 80 0 0 FF 0 FF 0 0 
ID: 316, Data: 845 48 5 31 4A 21 43 7D 
ID: 1F0, Data: 8F9 3F F9 BF 0 0 0 0 
ID: 1F1, Data: 80 8A 12 12 21 1A 2 22 
ID: 153, Data: 80 0 0 FF 0 FF 0 0 
ID: 153, Data: 80 0 0 FF 0 FF 0 0 
ID: 316, Data: 845 48 42 31 4A 21 43 7D 
ID: 43F, Data: 843 48 60 FF 79 C0 30 0 
ID: 316, Data: 845 48 61 31 34 22 43 7D 
ID: 153, Data: 80 0 0 FF 0 FF 0 0 
ID: 440, Data: 8FE 13 43 A0 FF AA AA AA 
ID: 43F, Data: 843 48 60 FF 79 BC 30 0 
ID: 260, Data: 8B 39 2C 30 0 FF C5 9 
ID: 316, Data: 845 35 5 31 2B 23 44 7D 
ID: 316, Data: 845 33 23 31 2B 23 44 7D 
ID: 43F, Data: 843 48 60 FF 79 D4 30 0 
ID: 316, Data: 845 2F 42 31 2C 24 44 7D 
ID: 153, Data: 80 0 0 FF 0 FF 0 0 
ID: 545, Data: 8E4 78 0 8D A0 0 A0 0 
ID: 316, Data: 845 2C 61 31 2C 24 44 7D 
ID: 280, Data: 830 0 88 B2 62 1A 64 45 
ID: 43F, Data: 843 48 60 FF 79 CC 30 0 
ID: 2A0, Data: 8C1 19 64 1A 31 0 10 0 
ID: 153, Data: 80 0 0 FF 0 FF 0 0 
ID: 316, Data: 845 2B 23 31 2C 24 44 7D 
ID: 153, Data: 80 0 0 FF 0 FF 0 0 
ID: A1, Data: 886 7C 84 79 20 0 0 0 
ID: 545, Data: 8E4 7C 0 8D A0 0 A0 0 
ID: 2A0, Data: 8A1 19 64 1A 31 0 10 0 
ID: 1F0, Data: 8F9 3F F9 BF 0 0 0 0 
ID: 153, Data: 80 0 0 FF 0 FF 0 0 
ID: 316, Data: 845 30 81 31 32 24 44 7D 
ID: 153, Data: 80 0 0 FF 0 FF 0 0 
ID: 545, Data: 8E4 92 0 8D E7 0 E7 0 
ID: 316, Data: 845 31 81 31 32 24 44 7D 
ID: 545, Data: 8E4 97 0 8D F6 0 F6 0 
ID: 43F, Data: 843 48 60 FF 79 CC 30 0 
ID: 43F, Data: 843 48 60 FF 79 C8 30 0 
ID: A0, Data: 837 7E 81 31 44 36 2 0 
ID: 316, Data: 845 33 A0 31 32 24 44 7D 
ID: 316, Data: 845 32 A0 31 32 24 44 7D 
ID: 43F, Data: 843 48 60 FF 79 D8 30 0 
ID: 260, Data: 8B 33 33 30 0 FF CA 3F 
ID: 153, Data: 80 0 0 FF 0 FF 0 0 
ID: 316, Data: 845 32 81 31 32 24 44 7D 
ID: 316, Data: 845 32 81 31 32 24 44 7D 
ID: 43F, Data: 843 48 60 FF 79 D4 30 0 
ID: 316, Data: 845 33 81 31 15 24 44 7D 
ID: 153, Data: 80 0 0 FF 0 FF 0 0 
ID: 316, Data: 845 2E 81 31 15 24 44 7D 
ID: 316, Data: 845 29 42 31 16 24 44 7D 
ID: 43F, Data: 843 48 60 FF 79 C4 30 0 
ID: 316, Data: 845 22 8B 30 16 25 44 7D 
ID: 153, Data: 80 0 0 FF 0 FF 0 0 
ID: 316, Data: 845 1F 31 30 17 25 44 7D 
ID: 316, Data: 845 1E D8 2F 17 25 44 7D 
ID: 43F, Data: 843 48 60 FF 79 80 30 0 
ID: 153, Data: 80 0 0 FF 0 FF 0 0 
ID: 43F, Data: 843 48 60 FF 79 6C 30 0 
ID: A0, Data: 81A 7E F6 2F 44 2B 2 0 
ID: 5F0, Data: 20 0 
ID: 316, Data: 845 1D 13 30 27 25 43 7D 
ID: 43F, Data: 843 48 60 FF 79 68 30 0 
ID: 153, Data: 80 0 0 FF 0 FF 0 0 
ID: 153, Data: 80 0 0 FF 0 FF 0 0 
ID: 316, Data: 845 28 8B 30 37 25 43 7D 
ID: 153, Data: 80 0 0 FF 0 FF 0 0 
ID: 316, Data: 845 30 5 31 3C 24 43 7D 
ID: 316, Data: 845 33 42 31 3B 24 43 7D 
ID: A0, Data: 83F 7E 81 31 44 38 2 0 
ID: 316, Data: 845 38 A0 31 3D 23 43 7D 
ID: 316, Data: 845 39 81 31 3D 23 43 7D 
ID: 153, Data: 80 0 0 FF 0 FF 0 0 
ID: A1, Data: 886 7C 86 79 29 0 0 0 
ID: 329, Data: 840 B2 80 8 11 42 1B 26 
ID: 316, Data: 845 3C A0 31 3E 23 43 7D 
ID: 153, Data: 80 0 0 FF 0 FF 0 0 
ID: 280, Data: 830 0 88 B2 63 24 64 5D 
ID: 316, Data: 845 3C A0 31 3E 23 43 7D 
ID: 43F, Data: 843 48 60 FF 79 98 30 0 
ID: 316, Data: 845 3D C0 31 1F 23 43 7D 
ID: 153, Data: 80 0 0 FF 0 FF 0 0 
ID: 316, Data: 845 33 C0 31 15 23 43 7D 
ID: 316, Data: 845 2E 61 31 15 24 43 7D 
ID: 153, Data: 80 0 0 FF 0 FF 0 0 
ID: 153, Data: 80 0 0 FF 0 FF 0 0 
ID: 316, Data: 845 21 4F 30 17 25 44 7D 
ID: 43F, Data: 843 48 60 FF 79 50 30 0 
ID: 18F, Data: 8AA 42 0 0 0 0 0 0 
ID: 316, Data: 845 1D 9E 2F 17 25 43 7D 
ID: 153, Data: 80 0 0 FF 0 FF 0 0 
ID: 316, Data: 845 1A 9E 2F 17 25 43 7D 
ID: 153, Data: 80 0 0 FF 0 FF 0 0 
ID: 43F, Data: 843 48 60 FF 79 20 30 0 
ID: 18F, Data: 8AA 42 0 0 0 0 0 0 
ID: 153, Data: 80 0 0 FF 0 FF 0 0 
ID: 153, Data: 80 0 0 FF 0 FF 0 0 
ID: A0, Data: 81B 7E F2 2E 43 2C 2 0 
ID: 43F, Data: 843 48 60 FF 79 EC 2F 0 
ID: A1, Data: 889 80 89 7D 16 0 0 0 
ID: 316, Data: 845 16 4B 2E E 1B 43 7D 
ID: 316, Data: 845 16 30 2E E 1B 43 7D 
ID: A0, Data: 821 7E 15 2E 43 2E 2 0 
ID: 43F, Data: 843 48 60 FF 79 B4 2F 0 
ID: 316, Data: 845 17 15 2E D 1B 42 7D 
ID: A1, Data: 885 80 88 7D 17 0 0 0 
ID: 316, Data: 85 17 4B 2E D 1B 42 7D 
ID: 316, Data: 85 18 67 2E D 1B 42 7D 
ID: 260, Data: 8B 18 D 30 0 FF 7B 1B 
ID: 153, Data: 80 0 0 FF 0 FF 0 0 
ID: 153, Data: 80 0 0 FF 0 FF 0 0 
ID: 1F1, Data: 80 23 7 82 20 10 12 21 
ID: 260, Data: 8B 18 D 30 0 FF 7B 1B 
ID: 316, Data: 85 18 30 2E D 1B 42 7D 
ID: 316, Data: 8D 18 4B 2E D 1B 41 7D 
ID: 280, Data: 830 0 A0 B2 5C 12 64 31 
ID: 43F, Data: 843 48 60 FF 79 D4 2E 0 
ID: 43F, Data: 843 48 60 FF 79 BC 2E 0 
ID: A0, Data: 821 7E 15 2E 42 2E 4 0 
ID: 316, Data: 8D 10 DF 2D D 1B 41 7D 
ID: 316, Data: 8D C C4 2D E 1B 41 7D 
ID: 43F, Data: 843 48 60 FF 79 90 2E 0 
ID: 153, Data: 80 0 0 FF 0 FF 0 0 
ID: 316, Data: 8D 8 74 2D E 1B 41 7D 
ID: 316, Data: 8D 8 3F 2D E 1B 41 7D 
ID: 316, Data: 8D 4 25 2D E 1B 41 7D 
ID: 545, Data: 8E4 D 0 8A 66 FE 66 FE 
ID: 43F, Data: 843 48 60 FF 79 10 2E 0 
ID: 153, Data: 80 0 0 FF 0 FF 0 0 
ID: 329, Data: 8ED B2 80 8 12 36 0 26 
ID: 1F1, Data: 80 2 FB 41 1F 0 32 20 
ID: A1, Data: 880 80 80 7D 18 0 0 0 
ID: 153, Data: 80 0 0 FF 0 FF 0 0 
ID: 153, Data: 80 0 0 FF 0 FF 0 0 
ID: 370, Data: 8FF DD F0 FF FF FF FF FF 
ID: 280, Data: 830 0 20 B2 59 14 64 37 
ID: 316, Data: 8D 0 A4 2C E 1A 3F 7D 
ID: 329, Data: 8ED B2 80 8 12 37 0 26 
ID: 153, Data: 80 0 0 FF 0 FF 0 0 
ID: 316, Data: 8D 0 D 2C E 1A 3F 7D 
ID: 153, Data: 80 0 0 FF 0 FF 0 0 
ID: 1F1, Data: 80 8A EE B1 1E F3 61 1F 
ID: 370, Data: 8FF DD F0 FF FF FF FF FF 
ID: 316, Data: 8D 0 92 2B E 1A 3E 7D 
ID: 153, Data: 80 0 0 FF 0 FF 0 0 
ID: 153, Data: 80 0 0 FF 0 FF 0 0 
ID: 153, Data: 80 0 0 FF 0 FF 0 0 
ID: 545, Data: 8E4 0 0 8A 2A FE 2A FE 
ID: 43F, Data: 843 48 60 FF 79 6C 2B 0 
ID: 2A0, Data: 820 8 64 1A 31 0 10 0 
ID: 153, Data: 80 0 0 FF 0 FF 0 0 
ID: 316, Data: 8D 0 48 2A E 1A 3C 7D 
ID: 153, Data: 80 0 0 FF 0 FF 0 0 
ID: 316, Data: 8D 0 D7 29 E 1A 3C 7D 
ID: 43F, Data: 843 48 60 FF 79 9C 2A 0 
ID: 153, Data: 80 0 0 FF 0 FF 0 0 
ID: 153, Data: 80 0 0 FF 0 FF 0 0 
ID: 280, Data: 830 0 20 B2 52 15 64 38 
ID: 316, Data: 8D 0 52 29 E 1A 3B 7D 
ID: 440, Data: 8FE 13 3A A0 FF AA AA AA 
ID: 153, Data: 80 0 0 FF 0 FF 0 0 
ID: 2A0, Data: 8E0 7 64 1A 31 0 10 0 
ID: 316, Data: 8D 0 7C 28 F 1A 3A 7D 
ID: 2A0, Data: 820 7 64 1A 31 0 10 0 
ID: 153, Data: 80 0 0 FF 0 FF 0 0 
ID: 5F0, Data: 20 0 
ID: 18F, Data: 8AA 3A 0 0 0 0 0 0 
ID: 18F, Data: 8AA 3A 0 0 0 0 0 0 
ID: 316, Data: 8D 0 72 27 F 19 38 7D 
ID: 43F, Data: 843 48 60 FF 79 EC 27 0 
ID: 43F, Data: 843 48 60 FF 79 EC 27 0 
ID: 153, Data: 80 0 0 FF 0 FF 0 0 
ID: 316, Data: 8D 0 AF 26 F 19 37 7D 
ID: 316, Data: 8D 0 89 26 F 19 37 7D 
ID: 153, Data: 80 0 0 FF 0 FF 0 0 
ID: 545, Data: 8E4 0 0 8D 3B FE 3B FE 
ID: 316, Data: 8D 0 E0 25 10 19 36 7D 
ID: 260, Data: 80 0 10 30 0 FF 74 21 
ID: 153, Data: 80 0 0 FF 0 FF 0 0 
ID: 153, Data: 80 0 0 FF 0 FF 0 0 
ID: 316, Data: 8D 0 1B 25 10 19 35 7D 
ID: 43F, Data: 84A 48 60 FF 79 B8 25 0 
ID: 316, Data: 8D 0 C3 24 10 19 35 7D 
ID: 545, Data: 8E4 0 0 8A 41 FE 41 FE 
ID: 153, Data: 80 0 0 FF 0 FF 0 0 
ID: 316, Data: 8D 0 D7 23 10 19 34 7D 
ID: 153, Data: 80 0 0 FF 0 FF 0 0 
ID: 316, Data: 8D 0 C8 22 10 19 33 7D 
ID: 153, Data: 80 0 0 FF 0 FF 0 0 
ID: 153, Data: 80 0 0 FF 0 FF 0 0 
ID: 316, Data: 8D 0 F7 22 10 19 32 7D 
ID: 43F, Data: 8A 48 60 FF 79 1C 2B 0 
ID: 316, Data: 8D 0 6E 24 10 19 31 7D 
ID: 545, Data: 8E4 0 0 8D 40 FE 40 FE 
ID: 153, Data: 80 0 0 FF 0 FF 0 0 
ID: 316, Data: 8D 0 F3 25 F 19 30 7D 
ID: 153, Data: 80 0 0 FF 0 FF 0 0 
ID: 316, Data: 8D 0 4A 27 F 19 2F 7D 
ID: 153, Data: 80 0 0 FF 0 FF 0 0 
ID: 153, Data: 80 0 0 FF 0 FF 0 0 
ID: 43F, Data: 8A 48 60 FF 79 34 32 0 
ID: 43F, Data: 8A 48 60 FF 79 14 32 0 
ID: 43F, Data: 8A 48 60 FF 79 A0 31 0 
ID: 329, Data: 840 B2 80 8 12 36 0 26 
ID: 2A0, Data: 880 4 64 1A 31 0 10 0 
ID: 316, Data: 8D 0 A4 2A E 1A 2D 7D 
ID: 153, Data: 80 0 0 FF 0 FF 0 0 
ID: 316, Data: 8D 0 D3 2A D 1A 2C 7D 
ID: 316, Data: 8D 0 2 2B D 1A 2C 7D 
ID: 545, Data: 8E4 0 0 8C 29 FE 29 FE 
ID: 2A0, Data: 8E0 4 64 1A 31 0 10 0 
ID: 153, Data: 80 0 0 FF 0 FF 0 0 
ID: 316, Data: 8D 0 EB 2A D 1A 2B 7D 
ID: 153, Data: 80 0 0 FF 0 FF 0 0 
ID: 316, Data: 8D 0 D3 2A D 1A 2B 7D 
ID: 370, Data: 8FF DD F0 FF FF FF FF FF 
ID: 153, Data: 80 0 0 FF 0 FF 0 0 
ID: 18F, Data: 8AA 37 0 0 0 0 0 0 
ID: 316, Data: 8D 0 31 2A D 1A 2A 7D 
ID: 43F, Data: 82 48 60 FF 79 B4 2D 0 
ID: 43F, Data: 82 48 60 FF 79 6C 2D 0 
ID: 370, Data: 8FF DD F0 FF FF FF FF FF 
ID: 316, Data: 8D 0 26 29 E 1A 29 7D 
ID: A1, Data: 880 80 80 7D 1A 0 0 0 
ID: 43F, Data: 82 48 60 FF 7A 34 2C 0 
ID: 153, Data: 80 0 0 FF 0 FF 0 0 
ID: 153, Data: 80 0 0 FF 0 FF 0 0 
ID: 316, Data: 8D 0 D7 27 E 19 28 7D 
ID: 153, Data: 80 0 0 FF 0 FF 0 0 
ID: 316, Data: 8D 0 23 27 E 19 27 7D 
ID: 153, Data: 80 0 0 FF 0 FF 0 0 
ID: 316, Data: 8D 0 89 26 F 19 27 7D 
ID: 43F, Data: 82 48 60 FF 79 F0 29 0 
ID: 43F, Data: 82 48 60 FF 79 84 29 0 
ID: 316, Data: 8D 0 86 25 F 19 26 7D 
ID: A0, Data: 828 7E F3 25 27 2D 4 0 
ID: 316, Data: 8D 0 A1 24 F 19 25 7D 
ID: 1F1, Data: 80 12 26 D1 11 25 21 12 
ID: 153, Data: 80 0 0 FF 0 FF 0 0 
ID: A1, Data: 880 80 80 7D 1C 0 0 0 
ID: 329, Data: 8ED B2 80 8 12 35 0 26 
ID: 280, Data: 830 0 20 B2 45 16 64 3D 
ID: 153, Data: 80 0 0 FF 0 FF 0 0 
ID: 153, Data: 80 0 0 FF 0 FF 0 0 
ID: 316, Data: 8D 0 63 21 10 18 23 7D 
ID: 153, Data: 80 0 0 FF 0 FF 0 0 
ID: 316, Data: 8D 0 92 20 10 18 22 7D 
ID: 153, Data: 80 0 0 FF 0 FF 0 0 
ID: 153, Data: 80 0 0 FF 0 FF 0 0 
ID: 316, Data: 8D 0 4C 1F 11 18 21 7D 
ID: 43F, Data: 82 48 60 FF 79 A8 23 0 
ID: 440, Data: 8FE 72 20 A0 FF AA AA AA 
ID: 2A0, Data: 840 2 64 1A 31 0 10 0 
ID: 5F0, Data: 20 0 
ID: 316, Data: 8D 0 F1 1C 12 18 20 7D 
ID: 43F, Data: 82 48 60 FF 79 F4 21 0 
ID: 440, Data: 8FE 22 1E A0 FF AA AA AA 
ID: 153, Data: 80 0 0 FF 0 FF 0 0 
ID: 545, Data: 8E4 0 0 8A 52 FE 52 FE 
ID: 316, Data: 8D 0 B3 1A 12 18 1E 7D 
ID: 18F, Data: 8AA 36 0 0 0 0 0 0 
ID: 43F, Data: 82 48 60 FF 79 10 20 0 
ID: 5F0, Data: 20 0 
ID: 316, Data: 8D 0 B0 18 14 18 1D 7D 
ID: 43F, Data: 82 48 60 FF 79 64 1F 0 
ID: 43F, Data: 82 48 60 FF 79 24 1F 0 
ID: 2A0, Data: 8E0 2 64 1A 31 0 10 0 
ID: 153, Data: 80 0 0 FF 0 FF 0 0 
ID: 316, Data: 8D 0 7F 16 15 18 1C 7D 
ID: 153, Data: 80 0 0 FF 0 FF 0 0 
ID: 316, Data: 85 4 A5 15 16 18 1B 7D 
ID: 153, Data: 80 0 0 FF 0 FF 0 0 
ID: 153, Data: 80 0 0 FF 0 FF 0 0 
ID: 43F, Data: 82 48 60 FF 79 D0 1C 0 
ID: 153, Data: 80 0 0 FF 0 FF 0 0 
ID: 316, Data: 85 16 6F 13 19 18 1A 7D 
ID: 153, Data: 80 0 0 FF 0 FF 0 0 
ID: 1F0, Data: 8FA 3F F9 BF 0 0 0 0 
ID: 316, Data: 85 1B 9F 12 1A 18 19 7D 
ID: 316, Data: 85 1B D5 12 19 18 19 7D 
ID: 43F, Data: 82 48 60 FF 7A E8 1A 0 
ID: 316, Data: 85 1A 7B 12 1A 18 18 7D 
ID: 18F, Data: 8AA 36 0 0 0 0 0 0 
ID: 316, Data: 85 1A 59 12 1A 18 18 7D 
ID: 153, Data: 80 0 0 FF 0 FF 0 0 
ID: 316, Data: 85 1A 2E 12 1A 18 17 7D 
ID: 316, Data: 85 1A 1D 12 1A 18 17 7D 
ID: 260, Data: 8B 1A 1A 30 0 FF 4F 38 
ID: 43F, Data: 82 48 60 FF 79 90 18 0 
ID: 316, Data: 85 1A D3 11 1B 18 16 7D 
ID: 370, Data: 8FF DD F0 FF FF FF FF FF 
ID: 316, Data: 85 1A 8B 11 1B 19 16 7D 
ID: 43F, Data: 82 48 60 FF 79 78 17 0 
ID: 43F, Data: 82 48 60 FF 79 34 17 0 
ID: 545, Data: 8E4 35 0 89 1D 0 1D 0 
ID: 153, Data: 80 0 0 FF 0 FF 0 0 
ID: 316, Data: 85 1B D5 10 1C 19 14 7D 
ID: 153, Data: 80 0 0 FF 0 FF 0 0 
ID: 316, Data: 85 1B 8E 10 1C 19 14 7D 
ID: 153, Data: 80 0 0 FF 0 FF 0 0 
ID: 1F1, Data: 80 56 95 60 9 99 90 9 
ID: 316, Data: 85 1B 68 10 1C 19 13 7D 
ID: 2A0, Data: 840 1 64 1A 31 0 10 0 
ID: 5F0, Data: 20 0 
ID: 316, Data: 85 1C F2 F 1C 19 12 7D 
ID: 43F, Data: 82 48 60 FF 79 A4 13 0 
ID: 329, Data: 840 B2 80 8 12 2D 0 26 
ID: 440, Data: 8FE 22 11 A0 FF AA AA AA 
ID: 316, Data: 85 1C 7A F 1D 1A 11 7D 
ID: 43F, Data: 82 48 60 FF 79 34 12 0 
ID: 43F, Data: 82 48 60 FF 79 E4 11 0 
ID: 316, Data: 85 1D 1D F 1D 1A 10 7D 
ID: A1, Data: 890 80 91 7D 1E 0 0 0 
ID: 316, Data: 85 1D EA E 1D 1A 10 7D 
ID: 153, Data: 80 0 0 FF 0 FF 0 0 
ID: 316, Data: 85 1C 96 E 1D 1A F 7D 
ID: 316, Data: 85 1C 6B E 1D 1A F 7D 
ID: 153, Data: 80 0 0 FF 0 FF 0 0 
ID: 260, Data: 8B 1D 1E 30 0 FF 54 E 
ID: 43F, Data: 82 48 60 FF 79 FC E 0 
ID: 370, Data: 8FF DD F0 FF FF FF FF FF 
ID: 43F, Data: 82 48 60 FF 79 54 E 0 
ID: 153, Data: 80 0 0 FF 0 FF 0 0 
ID: 545, Data: 8E4 2A 0 8C 34 0 34 0 
ID: 316, Data: 85 1D 85 D 1F 1A D 7D 
ID: 545, Data: 8E4 29 0 8C 3A 0 3A 0 
ID: 153, Data: 80 0 0 FF 0 FF 0 0 
ID: 153, Data: 80 0 0 FF 0 FF 0 0 
ID: 18F, Data: 8AA 35 0 0 0 0 0 0 
ID: 280, Data: 830 0 84 B2 19 17 64 43 
ID: 316, Data: 85 1F A4 C 1F 1A B 7D 
ID: 43F, Data: 82 48 60 FF 79 94 B 0 
ID: 43F, Data: 82 48 60 FF 7A 40 B 0 
ID: 370, Data: 8FF DD F0 FF FF FF FF FF 
ID: 153, Data: 80 0 0 FF 0 FF 0 0 
ID: 316, Data: 85 21 7B B 22 1A A 7D 
ID: 18F, Data: 8AA 35 0 0 0 0 0 0 
ID: 316, Data: 85 22 21 B 23 1A 9 7D 
ID: A1, Data: 88A 80 8A 7D 22 0 0 0 
ID: 440, Data: 8FE 72 8 A0 FF AA AA AA 
ID: 43F, Data: 82 48 60 FF 7A 64 9 0 
ID: 316, Data: 85 24 7B A 24 19 8 7D 
ID: 1F1, Data: 80 BC 3E E0 3 40 0 4 
ID: 153, Data: 80 0 0 FF 0 FF 0 0 
ID: 153, Data: 80 0 0 FF 0 FF 0 0 
ID: 18F, Data: 8AA 35 0 0 0 0 0 0 
ID: 316, Data: 85 26 20 A 25 19 7 7D 
ID: 5F0, Data: 20 0 
ID: 316, Data: 85 26 2 A 25 19 7 7D 
ID: 316, Data: 85 26 F9 9 25 19 7 7D 
ID: 316, Data: 85 26 EE 9 25 19 7 7D 
ID: 1F0, Data: 8FB 3F F9 BF 0 0 0 0 
ID: 43F, Data: 82 48 60 FF 79 F0 6 0 
ID: 43F, Data: 82 48 60 FF 79 B0 6 0 
ID: 43F, Data: 82 48 60 FF 7A 7C 6 0 
ID: 43F, Data: 82 48 60 FF 7A 54 6 0 
ID: 316, Data: 85 27 AA 9 26 19 6 7D 
ID: 545, Data: 8E4 23 0 89 FD 0 FD 0 
ID: 153, Data: 80 0 0 FF 0 FF 0 0 
ID: 316, Data: 85 27 7A 9 28 18 5 7D 
ID: 43F, Data: 82 48 60 FF 79 78 5 0 
ID: 440, Data: 8E2 D2 5 A0 FF AA AA AA 
ID: 316, Data: 85 27 FD 9 26 19 5 7D 
ID: 18F, Data: 8AA 35 0 0 0 0 0 0 
ID: 1F0, Data: 8FB 3F F9 BF 0 0 0 0 
ID: 2A0, Data: 840 0 65 1A 31 0 10 0 
ID: 545, Data: 8E4 24 0 8C F2 0 F2 0 
ID: 153, Data: 80 0 0 FF 0 FF 0 0 
ID: 153, Data: 80 0 0 FF 0 FF 0 0 
ID: 43F, Data: 82 48 60 FF 79 34 4 0 
ID: 18F, Data: 8AA 35 0 0 0 0 0 0 
ID: 43F, Data: 82 48 60 FF 7A E8 3 0 
ID: 18F, Data: 8AA 35 0 0 0 0 0 0 
ID: 43F, Data: 82 48 60 FF 79 A0 3 0 
ID: 260, Data: 8B 27 26 30 0 FF 6B 3F 
ID: 5F0, Data: 20 0 
ID: 316, Data: 85 27 F A 25 19 3 7D 
ID: 43F, Data: 82 48 60 FF 79 4C 3 0 
ID: 43F, Data: 82 48 60 FF 79 34 3 0 
ID: 316, Data: 85 27 2A A 25 19 3 7D 
ID: 280, Data: 830 0 84 B2 14 1C 65 4F 
ID: A1, Data: 883 7E 83 7E 25 0 0 0 
ID: 153, Data: 80 0 0 FF 0 FF 0 0 
ID: 316, Data: 85 26 18 A 25 19 2 7D 
ID: 43F, Data: 82 48 60 FF 79 CC 2 0 
ID: 43F, Data: 82 48 60 FF 79 B8 2 0 
ID: 43F, Data: 82 48 60 FF 79 B0 2 0 
ID: 43F, Data: 82 48 60 FF 7A 9C 2 0 
ID: 440, Data: 8BB 72 2 A0 FF AA AA AA 
ID: 153, Data: 80 0 0 FF 0 FF 0 0 
ID: 316, Data: 85 25 45 A 24 19 2 7D 
ID: 316, Data: 85 25 34 A 25 19 2 7D 
ID: 316, Data: 85 25 21 A 25 19 2 7D 
ID: 260, Data: 8B 26 25 30 0 FF 6B 31 
ID: 5F0, Data: 20 0 
ID: 316, Data: 85 25 19 A 25 19 2 7D 
ID: 153, Data: 80 0 0 FF 0 FF 0 0 
ID: 316, Data: 85 25 5 A 25 19 2 7D 
ID: 153, Data: 80 0 0 FF 0 FF 0 0 
ID: 153, Data: 80 0 0 FF 0 FF 0 0 
ID: 153, Data: 80 0 0 FF 0 FF 0 0 
ID: A0, Data: 836 7E FC 9 2 23 2 0 
ID: 329, Data: 840 B2 80 8 12 2B 0 26 
ID: 316, Data: 85 25 10 A 25 19 2 7D 
ID: 153, Data: 80 0 0 FF 0 FF 0 0 
ID: 153, Data: 80 0 0 FF 0 FF 0 0 
ID: A0, Data: 835 7E 25 A 2 23 2 0 
ID: 329, Data: 8ED B2 80 8 12 2B 0 26 
ID: 316, Data: 85 25 3A A 25 19 2 7D 
ID: 316, Data: 85 25 38 A 25 19 2 7D 
ID: 153, Data: 80 0 0 FF 0 FF 0 0 
ID: 5F0, Data: 20 0 
ID: 153, Data: 80 0 0 FF 0 FF 0 0 
ID: 316, Data: 85 25 28 A 25 19 2 7D 
ID: 260, Data: 8B 25 25 30 0 FF 72 D 
ID: 153, Data: 80 0 0 FF 0 FF 0 0 
ID: 316, Data: 85 25 17 A 25 19 1 7D 
ID: 440, Data: 8EE 22 1 A0 FF AA AA AA 
ID: 316, Data: 85 25 25 A 25 19 1 7D 
ID: 329, Data: 840 B2 80 8 12 2B 0 26 
ID: 18F, Data: 8AA 36 0 0 0 0 0 0 
ID: 316, Data: 85 25 A A 25 19 2 7D 
ID: 153, Data: 80 0 0 FF 0 FF 0 0 
ID: 1F0, Data: 8F5 3F F9 BF 0 0 0 0 
ID: 18F, Data: 8AA 36 0 0 0 0 0 0 
ID: A0, Data: 836 7E 21 A 2 23 2 0 
ID: 329, Data: 8B B2 80 8 12 2B 0 26 
ID: 153, Data: 80 0 0 FF 0 FF 0 0 
ID: 260, Data: 8B 25 25 30 0 FF 71 3B 
ID: 316, Data: 85 24 36 A 25 19 2 7D 
ID: 18F, Data: 8AA 36 0 0 0 0 0 0 
ID: 153, Data: 80 0 0 FF 0 FF 0 0 
ID: A0, Data: 835 7E 36 A 2 23 2 0 
ID: 329, Data: 8ED B2 80 8 12 2B 0 26 
ID: 316, Data: 85 24 F3 9 25 19 2 7D 
ID: 153, Data: 80 0 0 FF 0 FF 0 0 
ID: 153, Data: 80 0 0 FF 0 FF 0 0 
ID: 18F, Data: 8AA 36 0 0 0 0 0 0 
ID: 280, Data: 830 0 84 B2 14 1B 65 4E 
ID: 316, Data: 85 25 1F A 25 19 2 7D 
ID: 153, Data: 80 0 0 FF 0 FF 0 0 
ID: 153, Data: 80 0 0 FF 0 FF 0 0 
ID: 5F0, Data: 20 0 
ID: 545, Data: 8E4 20 0 8C CD 0 CD 0 
ID: 329, Data: 8B B2 80 8 12 2B 0 26 
ID: A0, Data: 835 7E 45 A 3 23 2 0 
ID: 43F, Data: 81 48 60 FF 7A A0 5 0 
ID: 153, Data: 80 0 0 FF 0 FF 0 0 
ID: 153, Data: 80 0 0 FF 0 FF 0 0 
ID: A1, Data: 87C 7E 7C 7E 25 0 0 0 
ID: 2A0, Data: 8E0 0 65 1A 31 0 10 0 
ID: 18F, Data: 8AA 36 0 0 0 0 0 0 
ID: 43F, Data: 81 48 60 FF 79 F8 5 0 
ID: 1F0, Data: 8F5 3F F9 BF 0 0 0 0 
ID: 5F0, Data: 20 0 
ID: 43F, Data: 81 48 60 FF 79 4C 6 0 
ID: 370, Data: 8FF DD F0 FF FF FF FF FF 
ID: 153, Data: 80 0 0 FF 0 FF 0 0 
ID: 2A0, Data: 840 0 65 1A 31 0 10 0 
ID: 316, Data: 85 24 57 A 24 19 3 7D 
ID: 545, Data: 8E4 20 0 8D C3 0 C3 0 
ID: 153, Data: 80 0 0 FF 0 FF 0 0 
ID: 153, Data: 80 0 0 FF 0 FF 0 0 
ID: 370, Data: 8FF DD F0 FF FF FF FF FF 
ID: 280, Data: 830 0 84 B2 14 1A 65 4D 
ID: 316, Data: 85 24 92 A 24 19 3 7D 
ID: 2A0, Data: 8E0 0 65 1A 31 0 10 0 
ID: A1, Data: 882 7E 7A 7E 24 0 0 0 
ID: 316, Data: 85 23 7A A 24 19 3 7D 
ID: 153, Data: 80 0 0 FF 0 FF 0 0 
ID: 316, Data: 85 23 83 A 23 19 3 7D 
ID: 153, Data: 80 0 0 FF 0 FF 0 0 
ID: 153, Data: 80 0 0 FF 0 FF 0 0 
ID: 316, Data: 85 23 9C A 27 19 3 7D 
ID: 43F, Data: 81 48 60 FF 7A FC 7 0 
ID: 43F, Data: 81 48 60 FF 7A 14 8 0 
ID: 1F0, Data: 8F5 3F F9 BF 0 0 0 0 
ID: 440, Data: 8FE 41 3 A0 FF AA AA AA 
ID: 43F, Data: 81 48 60 FF 7A 74 8 0 
ID: 153, Data: 80 0 0 FF 0 FF 0 0 
ID: 316, Data: 85 37 24 C 58 19 4 7D 
ID: 153, Data: 80 0 0 FF 0 FF 0 0 
ID: 316, Data: 85 3C FC C 56 18 4 7D 
ID: 153, Data: 80 0 0 FF 0 FF 0 0 
ID: 43F, Data: 81 48 60 FF 7A 9C 9 0 
ID: 153, Data: 80 0 0 FF 0 FF 0 0 
ID: 153, Data: 80 0 0 FF 0 FF 0 0 
ID: 5F0, Data: 20 0 
ID: 260, Data: 8B 45 63 30 0 FF A3 23 
ID: 545, Data: 8E4 5D 0 88 5A 3 5A 3 
ID: 153, Data: 80 0 0 FF 0 FF 0 0 
ID: 43F, Data: 81 48 60 FF 7A C8 B 0 
ID: 153, Data: 80 0 0 FF 0 FF 0 0 
ID: 153, Data: 80 0 0 FF 0 FF 0 0 
ID: 153, Data: 80 0 0 FF 0 FF 0 0 
ID: 43F, Data: 81 48 60 FF 7A C0 D 0 
ID: 316, Data: 85 5D B1 15 6B 12 6 7D 
ID: 2A0, Data: 8A1 8 65 1A 31 0 10 0 
ID: 43F, Data: 81 48 60 FF 7A BC F 0 
ID: 370, Data: 8FF DD F0 FF FF FF FF FF 
ID: 153, Data: 80 0 0 FF 0 FF 0 0 
ID: 316, Data: 85 60 B4 19 62 11 8 7D 
ID: 260, Data: 8B 61 62 30 0 FF 9F 3A 
ID: 153, Data: 80 0 0 FF 0 FF 0 0 
ID: 316, Data: 85 5E 52 1B 60 11 9 7D 
ID: 153, Data: 80 0 0 FF 0 FF 0 0 
ID: 316, Data: 85 5C 2B 1C 5F 12 A 7D 
ID: 316, Data: 85 5B 7D 1C 5F 12 A 7D 
ID: 153, Data: 80 0 0 FF 0 FF 0 0 
ID: 153, Data: 80 0 0 FF 0 FF 0 0 
ID: 18F, Data: 8AA 36 0 0 0 0 0 0 
ID: 329, Data: 8ED B3 80 8 11 42 2A 26 
ID: 1F0, Data: 88D 40 F9 BF 0 0 0 0 
ID: A1, Data: 888 7B 82 7E 40 0 0 0 
ID: 43F, Data: 81 48 60 FF 7A D4 1A 0 
ID: 43F, Data: 81 48 60 FF 7A 70 1B 0 
ID: 370, Data: 8FF DD F0 FF FF FF FF FF 
ID: 329, Data: 840 B3 80 8 11 42 2A 26 
ID: 316, Data: 85 52 BE 1F 57 12 F 7D 
ID: 545, Data: 8E4 C6 0 8D 66 4 66 4 
ID: 43F, Data: 81 48 60 FF 79 78 1E 0 
ID: 370, Data: 8FF DD F0 FF FF FF FF FF 
ID: 316, Data: 85 4F 12 22 55 13 10 7D 
ID: 153, Data: 80 0 0 FF 0 FF 0 0 
ID: 316, Data: 85 4D 16 23 54 13 11 7D 
ID: 153, Data: 80 0 0 FF 0 FF 0 0 
ID: A1, Data: 888 7B 81 7E 3A 0 0 0 
ID: 329, Data: 884 B3 80 8 11 43 24 26 
ID: 280, Data: 830 0 88 B3 49 2E 65 79 
ID: 43F, Data: 81 48 60 FF 7A 60 23 0 
ID: 316, Data: 85 49 BC 25 44 14 12 7D 
ID: A0, Data: 84E 7F 2A 26 13 38 2 0 
ID: 5F0, Data: 20 0 
ID: 316, Data: 85 41 D5 26 3D 15 13 7D 
ID: 316, Data: 85 3F FC 26 3A 15 13 7D 
ID: 153, Data: 80 0 0 FF 0 FF 0 0 
ID: 316, Data: 85 3B 5E 27 32 16 14 7D 
ID: 153, Data: 80 0 0 FF 0 FF 0 0 
ID: 280, Data: 830 0 88 B3 4F 20 65 59 
ID: 316, Data: 85 34 0 28 2F 17 15 7D 
ID: 153, Data: 80 0 0 FF 0 FF 0 0 
ID: 5F0, Data: 20 0 
ID: 153, Data: 80 0 0 FF 0 FF 0 0 
ID: 153, Data: 80 0 0 FF 0 FF 0 0 
ID: 18F, Data: 8AA 35 0 0 0 0 0 0 
ID: 440, Data: 8FE 41 14 A0 FF AA AA AA 
ID: 153, Data: 80 0 0 FF 0 FF 0 0 
ID: 43F, Data: 81 48 60 FF 79 4 29 0 
ID: 2A0, Data: 8A1 14 65 1A 31 0 10 0 
ID: 43F, Data: 81 48 60 FF 79 84 29 0 
ID: 316, Data: 85 2C 76 2A 2C 19 16 7D 
ID: 316, Data: 85 2B A4 2A 2C 19 16 7D 
ID: 316, Data: 85 2B D3 2A 2C 19 16 7D 
ID: 316, Data: 85 2A 2 2B 2C 19 16 7D 
ID: 440, Data: 8FE 91 15 A0 FF AA AA AA 
ID: 316, Data: 85 29 4A 2B 2C 1A 16 7D 
ID: 153, Data: 80 0 0 FF 0 FF 0 0 
ID: 153, Data: 80 0 0 FF 0 FF 0 0 
ID: 316, Data: 85 29 92 2B 2C 1A 16 7D 
ID: 153, Data: 80 0 0 FF 0 FF 0 0 
ID: 316, Data: 85 29 C3 2B 21 1A 17 7D 
ID: 153, Data: 80 0 0 FF 0 FF 0 0 
ID: 329, Data: 884 B3 80 8 11 36 0 26 
ID: 316, Data: 85 24 D 2C C 1A 17 7D 
ID: 260, Data: 8B 23 C 30 0 FF D2 13 
ID: 43F, Data: 8A 48 60 FF 79 94 2B 0 
ID: 153, Data: 80 0 0 FF 0 FF 0 0 
ID: 153, Data: 80 0 0 FF 0 FF 0 0 
ID: 316, Data: 85 1C 4A 2B D 1A 17 7D 
ID: 153, Data: 80 0 0 FF 0 FF 0 0 
ID: 5F0, Data: 20 0 
ID: 153, Data: 80 0 0 FF 0 FF 0 0 
ID: 316, Data: 85 1B 76 2A 2A 1A 17 7D 
ID: 18F, Data: 8AA 35 0 0 0 0 0 0 
ID: 316, Data: 85 1E 1A 2A 2A 1A 17 7D 
ID: 153, Data: 80 0 0 FF 0 FF 0 0 
ID: 316, Data: 85 21 E6 28 2C 1A 17 7D 
ID: 316, Data: 85 23 29 28 2C 1A 17 7D 
ID: A0, Data: 826 7F 7E 29 17 2F 2 0 
ID: 316, Data: 85 1D 18 26 34 19 17 7D 
ID: 316, Data: 85 1E 1B 25 3B 19 17 7D 
ID: 43F, Data: 8A 48 60 1D 79 AC 22 0 
ID: 316, Data: 85 20 8A 22 51 17 17 7D 
ID: 2A0, Data: 8A1 12 65 1A 31 0 10 0 
ID: 5A0, Data: 80 0 0 90 0 0 0 0 
ID: 316, Data: 85 36 CB 1F 69 14 17 7D 
ID: 153, Data: 80 0 0 FF 0 FF 0 0 
ID: 316, Data: 85 52 1 1F 69 12 18 7D 
ID: 316, Data: 85 64 E9 1E 69 12 18 7D 
ID: 545, Data: 8E4 4 1 8C F4 5 F4 5 
ID: 43F, Data: 8A 48 60 FF 79 D4 1B 0 
ID: 43F, Data: 8A 48 60 FF 79 24 1C 0 
ID: 316, Data: 85 6B 77 20 68 12 19 7D 
ID: A0, Data: 86C 7F E5 1F 19 3C 2 0 
ID: 153, Data: 80 0 0 FF 0 FF 0 0 
ID: 316, Data: 85 69 38 21 51 12 1A 7D 
ID: 153, Data: 80 0 0 FF 0 FF 0 0 
ID: 18F, Data: 8AA 35 0 0 0 0 0 0 
ID: 316, Data: 85 51 2A 21 A 13 1A 7D 
ID: 316, Data: 85 42 AE 20 C 15 1B 7D 
ID: 2A0, Data: 820 16 65 1A 31 0 10 0 
ID: 153, Data: 80 0 0 FF 0 FF 0 0 
ID: 316, Data: 85 28 E 1F 10 17 1B 7D 
ID: 153, Data: 80 0 0 FF 0 FF 0 0 
ID: 153, Data: 80 0 0 FF 0 FF 0 0 
ID: 316, Data: 85 1D 88 1E 11 18 1B 7D 
ID: 43F, Data: 82 48 60 FF 79 78 1E 0 
ID: 316, Data: 85 18 41 1E 11 18 1B 7D 
ID: 153, Data: 80 0 0 FF 0 FF 0 0 
ID: 153, Data: 80 0 0 FF 0 FF 0 0 
ID: 1F0, Data: 82 40 F9 BF 0 0 0 0 
ID: 43F, Data: 82 48 60 FF 79 18 1E 0 
ID: A1, Data: 880 80 86 7D 18 0 0 0 
ID: 153, Data: 80 0 0 FF 0 FF 0 0 
ID: 440, Data: 8FE D2 1B A0 FF AA AA AA 
ID: 153, Data: 80 0 0 FF 0 FF 0 0 
ID: 316, Data: 85 15 FC 1C 12 18 1B 7D 
ID: 43F, Data: 82 48 60 FF 7A 24 1E 0 
ID: 260, Data: 8B 16 12 30 0 FF 7D 15 
ID: 316, Data: 85 16 11 1D 11 18 1B 7D 
ID: 5F0, Data: 20 0 
ID: 43F, Data: 82 48 60 FF 7A F0 1D 0 
ID: A1, Data: 87D 80 82 7D 1A 0 0 0 
ID: 153, Data: 80 0 0 FF 0 FF 0 0 
ID: 316, Data: 85 23 F0 1D 2A 18 1B 7D 
ID: 43F, Data: 82 48 60 FF 7A BC 1D 0 
ID: 316, Data: 85 23 70 1E 34 18 1A 7D 
ID: A1, Data: 87D 7C 80 7C 1B 0 0 0 
ID: 153, Data: 80 0 0 FF 0 FF 0 0 
ID: 316, Data: 85 29 E9 1E 37 18 1A 7D 
ID: 153, Data: 80 0 0 FF 0 FF 0 0 
ID: 316, Data: 85 2E DD 1E 37 18 1A 7D 
ID: 316, Data: 85 30 E9 1E 37 17 1A 7D 
ID: 43F, Data: 82 48 60 FF 7A 4 1E 0 
ID: 5A1, Data: 880 3 90 23 30 30 30 0 
ID: 316, Data: 85 31 59 1F 36 17 1A 7D 
ID: 370, Data: 8FF D7 F0 FF FF FF FF FF 
ID: 316, Data: 85 31 8B 1F 35 16 1B 7D 
ID: 43F, Data: 82 48 60 FF 7A 30 1E 0 
ID: 43F, Data: 82 48 60 FF 7A 4C 1E 0 
ID: 280, Data: 830 0 88 B2 3F 20 65 5A 
ID: 5F0, Data: 20 0 
ID: 316, Data: 85 38 0 20 3E 1F 1B 7D 
ID: 153, Data: 80 0 0 FF 0 FF 0 0 
ID: 545, Data: 8E4 87 0 8D FD 1 FD 1 
ID: 316, Data: 85 3B 6A 20 1B 1F 1B 7D 
ID: 545, Data: 8E4 87 0 8C 7 2 7 2 
ID: 153, Data: 80 0 0 FF 0 FF 0 0 
ID: 43F, Data: 82 48 60 FF 7A 34 1F 0 
ID: 5F0, Data: 20 0 
ID: 153, Data: 80 0 0 FF 0 FF 0 0 
ID: 1F1, Data: 80 BA DF C0 D E5 50 E 
ID: 43F, Data: 82 48 60 FF 7A F4 1E 0 
ID: 43F, Data: 82 48 60 FF 7A C 1F 0 
ID: 370, Data: 8FF D7 F0 FF FF FF FF FF 
ID: 316, Data: 845 24 1 1F 1A 22 1C 7D 
ID: 316, Data: 845 22 1 1F 1A 22 1C 7D 
ID: 280, Data: 830 0 84 B2 3D 14 65 38 
ID: 43F, Data: 82 48 60 FF 7A E0 1E 0 
ID: 316, Data: 845 1E A0 1E 1B 22 1C 7D 
ID: 153, Data: 80 0 0 FF 0 FF 0 0 
ID: 316, Data: 845 1C 2A 1E 1B 22 1C 7D 
ID: 153, Data: 80 0 0 FF 0 FF 0 0 
ID: A1, Data: 882 80 7D 7D 18 0 0 0 
ID: 545, Data: 8E4 39 0 8C 4B FF 4B FF 
ID: 545, Data: 8E4 38 0 8C 3A FF 3A FF 
ID: 43F, Data: 82 48 60 FF 7A CC 1E 0 
ID: 329, Data: 8ED B2 80 8 11 32 0 26 
ID: 153, Data: 80 0 0 FF 0 FF 0 0 
ID: 316, Data: 845 18 F4 1A 1C 22 1B 7D 
ID: 153, Data: 80 0 0 FF 0 FF 0 0 
ID: 280, Data: 830 0 84 B2 33 16 65 39 
ID: 316, Data: 845 1C 69 19 1D 22 1B 7D 
ID: A1, Data: 880 80 7B 7D 1C 0 0 0 
ID: 316, Data: 845 1E B8 18 1D 21 1B 7D 
ID: 316, Data: 845 1F 6B 18 1D 21 1B 7D 
ID: 5F0, Data: 20 0 
ID: 260, Data: 8B 21 1E 30 0 FF 5F 1D 
ID: 545, Data: 8E4 45 0 8C EE FF EE FF 
ID: 440, Data: 8FE D2 1A A0 FF AA AA AA 
ID: 153, Data: 80 0 0 FF 0 FF 0 0 
ID: 43F, Data: 82 48 60 FF 7A 14 1D 0 
ID: 153, Data: 80 0 0 FF 0 FF 0 0 
ID: 153, Data: 80 0 0 FF 0 FF 0 0 
ID: 153, Data: 80 0 0 FF 0 FF 0 0 
ID: 545, Data: 8E4 3B 0 8C D4 FF D4 FF 
ID: 316, Data: 84D 1F 72 16 1F 21 1A 7D 
ID: 153, Data: 80 0 0 FF 0 FF 0 0 
ID: 329, Data: 840 B1 80 8 12 31 0 26 
ID: 316, Data: 845 1A 1E 15 20 21 19 7D 
ID: 2A0, Data: 840 9 65 1A 31 0 10 0 
ID: 316, Data: 845 1B 5 14 21 21 19 7D 
ID: 316, Data: 845 21 61 13 22 21 19 7D 
ID: 370, Data: 8FF D7 F0 FF FF FF FF FF 
ID: 316, Data: 845 23 73 12 2B 21 19 7D 
ID: 153, Data: 80 0 0 FF 0 FF 0 0 
ID: 440, Data: 8FE 72 18 A0 FF AA AA AA 
ID: 316, Data: 845 26 83 11 2D 21 18 7D 
ID: 153, Data: 80 0 0 FF 0 FF 0 0 
ID: 2A0, Data: 8E0 8 65 1A 31 0 10 0 
ID: 316, Data: 845 28 64 11 2C 21 18 7D 
ID: 545, Data: 8E4 39 0 8C 88 0 88 0 
ID: 43F, Data: 82 48 60 FF 7A AC 19 0 
ID: 316, Data: 845 2B 54 11 2C 21 18 7D 
ID: A0, Data: 83A 7D 36 11 18 29 2 0 
ID: 316, Data: 845 2B 60 11 2C 21 18 7D 
ID: 316, Data: 845 2C 7F 11 2B 21 18 7D 
ID: 43F, Data: 82 48 60 FF 7A B0 18 0 
ID: 545, Data: 8E4 42 0 8C C9 0 C9 0 
ID: 5F0, Data: 20 0 
ID: 316, Data: 845 2C EB 11 2A 21 17 7D 
ID: 316, Data: 845 2C 19 12 2A 20 17 7D 
ID: A0, Data: 837 7D 32 12 17 29 2 0 
ID: 153, Data: 80 0 0 FF 0 FF 0 0 
ID: 316, Data: 845 2B 32 12 29 20 16 7D 
ID: 316, Data: 845 2B 3F 12 29 20 16 7D 
ID: 153, Data: 80 0 0 FF 0 FF 0 0 
ID: 316, Data: 845 2B 11 12 29 20 16 7D 
ID: 153, Data: 80 0 0 FF 0 FF 0 0 
ID: 370, Data: 8FF D7 F0 FF FF FF FF FF 
ID: 260, Data: 8B 2B 2A 30 0 FF 4F 8 
ID: 153, Data: 80 0 0 FF 0 FF 0 0 
ID: 316, Data: 845 2B 87 11 2A 21 15 7D 
ID: 153, Data: 80 0 0 FF 0 FF 0 0 
ID: A0, Data: 83A 7D 6B 11 16 29 2 0 
ID: 43F, Data: 82 48 60 FF 7A AC 15 0 
ID: 370, Data: 8FF D7 F0 FF FF FF FF FF 
ID: 316, Data: 845 2C 14 11 2A 21 15 7D 
ID: A0, Data: 839 7D 14 11 15 29 2 0 
ID: 43F, Data: 82 48 60 FF 79 FC 14 0 
ID: 440, Data: 8FE 22 13 A0 FF AA AA AA 
ID: A1, Data: 87E 80 81 7D 25 0 0 0 
ID: 316, Data: 845 2C E7 10 2B 21 14 7D 
ID: 316, Data: 845 2C E4 10 2B 21 14 7D 
ID: 43F, Data: 82 48 60 FF 79 0 14 0 
ID: 260, Data: 8B 2C 22 30 0 FF 49 5 
ID: 5F0, Data: 20 0 
ID: 316, Data: 845 2A A6 F 23 22 13 7D 
ID: 153, Data: 80 0 0 FF 0 FF 0 0 
ID: 316, Data: 845 29 62 F 24 22 12 7D 
ID: 316, Data: 845 28 71 F 25 22 12 7D 
ID: 18F, Data: 8AA 42 0 0 0 0 0 0 
ID: 316, Data: 845 26 68 F 25 22 12 7D 
ID: 43F, Data: 82 48 60 FF 7A B0 11 0 
ID: 316, Data: 845 25 26 F 26 22 11 7D 
ID: A0, Data: 830 7D 5C F 12 26 2 0 
ID: 153, Data: 80 0 0 FF 0 FF 0 0 
ID: 316, Data: 845 25 BF E 27 22 10 7D 
ID: 153, Data: 80 0 0 FF 0 FF 0 0 
ID: 316, Data: 845 25 36 E 27 22 10 7D 
ID: 5F0, Data: 20 0 
ID: A0, Data: 834 7D 63 E 10 26 2 0 
ID: 260, Data: 8B 26 28 30 0 FF 59 4 
ID: 260, Data: 8B 26 29 30 0 FF 59 12 
ID: 1F1, Data: 80 85 63 E0 6 63 F0 6 
ID: 153, Data: 80 0 0 FF 0 FF 0 0 
ID: 316, Data: 845 28 E D 2A 23 E 7D 
ID: 43F, Data: 89 48 60 FF 7A 14 E 0 
ID: 153, Data: 80 0 0 FF 0 FF 0 0 
ID: 2A0, Data: 880 4 65 1A 31 0 10 0 
ID: 316, Data: 845 2B 80 C 2B 23 D 7D 
ID: 545, Data: 8E4 26 0 8C 9A 0 9A 0 
ID: 43F, Data: 89 48 60 FF 7A EC D 0 
ID: 43F, Data: 89 48 60 FF 7A F4 D 0 
ID: 43F, Data: 89 48 60 FF 7A D0 D 0 
ID: 316, Data: 845 2C CD C 2A 23 D 7D 
ID: 153, Data: 80 0 0 FF 0 FF 0 0 
ID: 153, Data: 80 0 0 FF 0 FF 0 0 
ID: 370, Data: 8FF D7 F0 FF FF FF FF FF 
ID: 2A0, Data: 8E0 4 65 1A 31 0 10 0 
ID: 153, Data: 80 0 0 FF 0 FF 0 0 
ID: 316, Data: 845 2B E7 C 27 23 D 7D 
ID: 43F, Data: 89 48 60 FF 7A 5C D 0 
ID: 316, Data: 845 2B 7C C 28 23 D 7D 
ID: 545, Data: 8E4 28 0 8C 97 0 97 0 
ID: 153, Data: 80 0 0 FF 0 FF 0 0 
ID: 316, Data: 845 2B 18 D 28 23 C 7D 
ID: 153, Data: 80 0 0 FF 0 FF 0 0 
ID: 153, Data: 80 0 0 FF 0 FF 0 0 
ID: 43F, Data: 89 48 60 FF 7A F0 F 0 
ID: 43F, Data: 89 48 60 FF 7A 6C 10 0 
ID: 43F, Data: 89 48 60 FF 7A 24 11 0 
ID: 43F, Data: 89 48 60 FF 7A D0 11 0 
ID: 2A0, Data: 861 3 65 1A 31 0 10 0 
ID: 5F0, Data: 20 0 
ID: 153, Data: 80 0 0 FF 0 FF 0 0 
ID: 316, Data: 845 2F C8 E 31 22 B 7D 
ID: 5F0, Data: 20 0 
ID: 316, Data: 845 2D 87 10 2F 21 B 7D 
ID: 43F, Data: 89 48 60 FF 7A 60 14 0 
ID: 2A0, Data: 861 3 65 1A 31 0 10 0 
ID: 153, Data: 80 0 0 FF 0 FF 0 0 
ID: 316, Data: 845 2F 74 13 4B 20 A 7D 
ID: 153, Data: 80 0 0 FF 0 FF 0 0 
ID: 1F0, Data: 84E 40 F9 BF 0 0 0 0 
ID: 316, Data: 845 35 13 15 48 20 A 7D 
ID: 153, Data: 80 0 0 FF 0 FF 0 0 
ID: A1, Data: 87E 7B 81 7C 28 0 0 0 
ID: 280, Data: 830 0 88 B1 2C 23 65 57 
ID: 545, Data: 8E4 5C 0 8C CD 1 CD 1 
ID: 316, Data: 845 3B C 16 46 1F A 7D 
ID: 153, Data: 80 0 0 FF 0 FF 0 0 
ID: 545, Data: 8E4 62 0 8C 26 2 26 2 
ID: 316, Data: 845 3E 81 15 47 1E A 7D 
ID: 1F1, Data: 80 EB 4D 70 5 4D 60 5 
ID: 316, Data: 845 40 D5 15 47 1E A 7D 
ID: 153, Data: 80 0 0 FF 0 FF 0 0 
ID: 1F0, Data: 846 40 F9 BF 0 0 0 0 
ID: 316, Data: 845 41 E2 16 45 1E A 7D 
ID: 329, Data: 840 B1 80 8 11 38 13 26 
ID: 43F, Data: 81 48 60 FF 7A 88 15 0 
ID: 316, Data: 845 40 B9 17 44 1D B 7D 
ID: 18F, Data: 8AA 46 0 0 0 0 0 0 
ID: 316, Data: 845 41 2 18 44 1D B 7D 
ID: 153, Data: 80 0 0 FF 0 FF 0 0 
ID: 316, Data: 845 40 54 18 44 1D B 7D 
ID: 153, Data: 80 0 0 FF 0 FF 0 0 
ID: 153, Data: 80 0 0 FF 0 FF 0 0 
ID: 316, Data: 845 40 B8 18 43 1E B 7D 
ID: 43F, Data: 81 48 60 FF 7A 4 17 0 
ID: 2A0, Data: 8C1 8 66 1A 31 0 10 0 
ID: A1, Data: 87E 7F 83 80 34 0 0 0 
ID: 5F0, Data: 20 0 
ID: 153, Data: 80 0 0 FF 0 FF 0 0 
ID: 316, Data: 845 3E 1C 1A 42 1E C 7D 
ID: A0, Data: 845 7E 50 1A D 30 2 0 
ID: 316, Data: 845 3C 98 1A 43 1E C 7D 
ID: 316, Data: 845 3C B3 1A 43 1E D 7D 
ID: 43F, Data: 81 48 60 FF 7A FC 18 0 
ID: 43F, Data: 81 48 60 FF 7A 24 19 0 
ID: 545, Data: 8E4 6C 0 8C 3 2 3 2 
ID: 5F0, Data: 20 0 
ID: 43F, Data: 81 48 60 FF 7A F4 19 0 
ID: A0, Data: 845 7E 35 1B E 30 2 0 
ID: 5A0, Data: 80 0 0 90 0 0 0 0 
ID: 153, Data: 80 0 0 FF 0 FF 0 0 
ID: 18F, Data: 8AA 47 0 0 0 0 0 0 
ID: 545, Data: 8E4 70 0 8C E5 1 E5 1 
ID: 316, Data: 845 37 B1 1C 2F 1F E 7D 
ID: 545, Data: 8E4 6A 0 8C 90 1 90 1 
ID: 43F, Data: 81 48 60 FF 7A 68 1B 0 
ID: 440, Data: 8FE 41 D A0 FF AA AA AA 
ID: 280, Data: 830 0 88 B2 39 1E 66 5B 
ID: 316, Data: 845 30 D1 1C 29 1F F 7D 
ID: 316, Data: 845 2F DC 1C 25 20 F 7D 
ID: 43F, Data: 81 48 60 FF 7A 18 1C 0 
ID: 316, Data: 845 2E FC 1C 1F 20 F 7D 
ID: A0, Data: 82E 7E 11 1D F 2C 2 0 
ID: 153, Data: 80 0 0 FF 0 FF 0 0 
ID: 316, Data: 845 2A 32 1D 1C 21 F 7D 
ID: 153, Data: 80 0 0 FF 0 FF 0 0 
ID: 316, Data: 845 26 3D 1D 10 18 F 7D 
ID: 316, Data: 845 25 1C 1D 11 18 F 7D 
ID: 260, Data: 8B 23 11 30 0 FF D1 1E 
ID: 43F, Data: 81 48 60 FF 7A 98 1C 0 
ID: 316, Data: 845 20 A7 1C 11 18 F 7D 
ID: 260, Data: 8B 1E 12 30 0 FF BE 18 
ID: 316, Data: 845 1D C 1C 12 19 F 7D 
ID: 2A0, Data: 880 8 66 1A 31 0 10 0 
ID: 43F, Data: 81 48 60 FF 7A 84 1B 0 
ID: 153, Data: 80 0 0 FF 0 FF 0 0 
ID: 440, Data: 8FE 31 E A0 FF AA AA AA 
ID: 316, Data: 85 18 D8 1A 13 19 F 7D 
ID: A0, Data: 81B 7E D8 1A 10 26 2 0 
ID: 316, Data: 85 15 BC 1A 13 19 F 7D 
ID: 316, Data: 85 14 6B 1A 13 19 F 7D 
ID: 329, Data: 8B B2 80 8 11 2E 0 26 
ID: 153, Data: 80 0 0 FF 0 FF 0 0 
ID: 153, Data: 80 0 0 FF 0 FF 0 0 
ID: 316, Data: 85 18 48 19 15 18 F 7D 
ID: 545, Data: 8E4 2E 0 8D 4C 0 4C 0 
ID: 153, Data: 80 0 0 FF 0 FF 0 0 
ID: 5F0, Data: 20 0 
ID: 153, Data: 80 0 0 FF 0 FF 0 0 
ID: 153, Data: 80 0 0 FF 0 FF 0 0 
ID: 440, Data: 8FE 91 D A0 FF AA AA AA 
ID: 316, Data: 85 1E 74 1A 1C 18 E 7D 
ID: 153, Data: 80 0 0 FF 0 FF 0 0 
ID: 316, Data: 85 1E 8F 1A 1E 18 E 7D 
ID: 370, Data: 8FF D7 F0 FF FF FF FF FF 
ID: 153, Data: 80 0 0 FF 0 FF 0 0 
ID: 316, Data: 85 1E 50 1A 24 18 E 7D 
ID: A1, Data: 87C 7B 82 7C 17 0 0 0 
ID: 316, Data: 85 1F 36 1A 27 18 E 7D 
ID: 1F1, Data: 80 C7 62 0 7 60 0 7 
ID: 153, Data: 80 0 0 FF 0 FF 0 0 
ID: 316, Data: 85 24 F0 19 2D 18 E 7D 
ID: 153, Data: 80 0 0 FF 0 FF 0 0 
ID: 329, Data: 884 B2 80 8 11 33 B 26 
ID: 316, Data: 85 27 1 1A 2E 18 E 7D 
ID: 545, Data: 8E4 42 0 8C 1B 1 1B 1 
ID: 153, Data: 80 0 0 FF 0 FF 0 0 
ID: 153, Data: 80 0 0 FF 0 FF 0 0 
ID: 153, Data: 80 0 0 FF 0 FF 0 0 
ID: 545, Data: 8E4 46 0 8C 2C 1 2C 1 
ID: 316, Data: 85 29 98 1A 2E 17 D 7D 
ID: 545, Data: 8E4 48 0 8D 3C 1 3C 1 
ID: 43F, Data: 81 48 60 FF 7A A4 19 0 
ID: 43F, Data: 81 48 60 FF 7A B0 19 0 
ID: 43F, Data: 81 48 60 FF 7A C0 19 0 
ID: 260, Data: 8B 2A 2E 30 0 FF CA 11 
ID: 316, Data: 85 2A CF 1A 2E 17 E 7D 
ID: 316, Data: 85 2A F4 1A 2E 17 E 7D 
ID: 18F, Data: 8AA 42 0 0 0 0 0 0 
ID: 153, Data: 80 0 0 FF 0 FF 0 0 
ID: A1, Data: 882 7B 82 7C 21 0 0 0 
ID: 260, Data: 8B 2A 30 30 0 FF CD C 
ID: 18F, Data: 8AA 41 0 0 0 0 0 0 
ID: 316, Data: 85 2A A9 1B 35 17 E 7D 
ID: 18F, Data: 8AA 41 0 0 0 0 0 0 
ID: 5F0, Data: 20 0 
ID: 43F, Data: 81 48 60 FF 7A FC 1A 0 
ID: A0, Data: 834 7E B3 1B E 2D 2 0 
ID: 153, Data: 80 0 0 FF 0 FF 0 0 
ID: 153, Data: 80 0 0 FF 0 FF 0 0 
ID: 153, Data: 80 0 0 FF 0 FF 0 0 
ID: 18F, Data: 8AA 40 0 0 0 0 0 0 
ID: 316, Data: 85 2E F1 1C 34 17 E 7D 
ID: 153, Data: 80 0 0 FF 0 FF 0 0 
ID: 2A0, Data: 861 9 66 1B 31 0 10 0 
ID: 316, Data: 85 2F 5E 1D 34 17 E 7D 
ID: 153, Data: 80 0 0 FF 0 FF 0 0 
ID: 153, Data: 80 0 0 FF 0 FF 0 0 
ID: 260, Data: 8B 30 33 30 0 FF D7 34 
ID: 316, Data: 85 31 E5 1D 33 17 F 7D 
ID: 43F, Data: 81 48 60 FF 7A C 1D 0 
ID: 316, Data: 85 30 4D 1E 32 17 F 7D 
ID: 5F0, Data: 20 0 
ID: 18F, Data: 8AA 40 0 0 0 0 0 0 
ID: 545, Data: 8E4 65 0 8C CB 1 CB 1 
ID: 153, Data: 80 0 0 FF 0 FF 0 0 
ID: 545, Data: 8E4 63 0 8C C0 1 C0 1 
ID: 1F0, Data: 835 40 F9 BF 0 0 0 0 
ID: 316, Data: 85 31 7E 1F 23 16 F 7D 
ID: 2A0, Data: 8A1 A 66 1B 31 0 10 0 
ID: 5A0, Data: 80 0 0 90 0 0 0 0 
ID: 316, Data: 85 2E 0 20 13 17 10 7D 
ID: 43F, Data: 81 48 60 FF 7A 24 1F 0 
ID: 316, Data: 85 2A 27 20 14 17 10 7D 
ID: 316, Data: 85 29 34 20 14 18 10 7D 
ID: 43F, Data: 81 48 60 FF 7A 7C 1F 0 
ID: 43F, Data: 81 48 60 FF 7A 84 1F 0 
ID: 545, Data: 8E4 46 0 8D AF 0 AF 0 
ID: 316, Data: 85 20 CB 1F 15 19 10 7D 
ID: 316, Data: 85 1F 98 1F 16 19 10 7D 
ID: 260, Data: 8B 1E 16 30 0 FF D3 3B 
ID: 43F, Data: 81 48 60 FF 7A 8C 1F 0 
ID: 440, Data: 8FE E1 F A0 FF AA AA AA 
ID: 260, Data: 8B 1C 16 30 0 FF D1 3F 
ID: 316, Data: 85 1B DD 1E 16 19 10 7D 
ID: 280, Data: 830 0 88 B2 3D 10 66 2F 
ID: 43F, Data: 81 48 60 FF 7A 3C 1F 0 
ID: 316, Data: 85 1B A0 1E 16 19 10 7D 
ID: 5F0, Data: 20 0 
ID: 316, Data: 85 1A AC 1E 16 19 10 7D 
ID: 43F, Data: 81 48 60 FF 7A 28 1F 0 
ID: 545, Data: 8E4 35 0 8D 14 0 14 0 
ID: 5F0, Data: 20 0 
ID: 316, Data: 85 1A 65 1E 16 19 10 7D 
ID: 153, Data: 80 0 0 FF 0 FF 0 0 
ID: 329, Data: 8ED B2 80 8 11 2E 2 26 
ID: 316, Data: 85 1A 7 1E 16 19 F 7D 
ID: 18F, Data: 8AA 3D 0 0 0 0 0 0 
ID: 43F, Data: 81 48 60 FF 7A 3C 1E 0 
ID: 260, Data: 8B 1A 16 30 0 FF CB 38 
ID: 43F, Data: 81 48 60 FF 7A F4 1D 0 
ID: 43F, Data: 81 48 60 FF 7B CC 1D 0 
ID: 43F, Data: 81 48 60 FF 7A B0 1D 0 
ID: 316, Data: 85 19 FC 1C 17 19 F 7D 
ID: 316, Data: 85 19 E6 1C 17 19 F 7D 
ID: 1F0, Data: 8DC 3F F9 BF 0 0 0 0 
ID: 153, Data: 80 0 0 FF 0 FF 0 0 
ID: 153, Data: 80 0 0 FF 0 FF 0 0 
ID: 153, Data: 80 0 0 FF 0 FF 0 0 
ID: 280, Data: 830 0 88 B2 38 F 66 2B 
ID: 43F, Data: 81 48 60 FF 7A BC 1C 0 
ID: 280, Data: 830 0 88 B2 37 F 66 2B 
ID: 153, Data: 80 0 0 FF 0 FF 0 0 
ID: 316, Data: 85 19 D1 1B 17 19 E 7D 
ID: 153, Data: 80 0 0 FF 0 FF 0 0 
ID: 316, Data: 85 19 96 1B 17 19 E 7D 
ID: 440, Data: 8FE 91 E A0 FF AA AA AA 
ID: 280, Data: 830 0 88 B2 36 F 66 2B 
ID: 316, Data: 85 19 35 1B 17 19 D 7D 
ID: 316, Data: 85 19 2C 1B 17 19 D 7D 
ID: 260, Data: 8B 19 18 30 0 FF C5 0 
ID: 43F, Data: 81 48 60 FF 7A 74 1B 0 
ID: 43F, Data: 81 48 60 FF 7A 5C 1B 0 
ID: 316, Data: 85 19 CF 1A 18 19 D 7D 
ID: 153, Data: 80 0 0 FF 0 FF 0 0 
ID: 153, Data: 80 0 0 FF 0 FF 0 0 
ID: 153, Data: 80 0 0 FF 0 FF 0 0 
ID: A0, Data: 81C 7E 50 1A D 26 2 0 
ID: 280, Data: 830 0 88 B2 34 F 66 2C 
ID: 2A0, Data: 8C1 6 66 1B 31 0 10 0 
ID: 43F, Data: 81 48 60 FF 7A 78 1A 0 
ID: 43F, Data: 81 48 60 FF 7A 50 1A 0 
ID: 370, Data: 8FF DB F0 FF FF FF FF FF 
ID: 18F, Data: 8AA 3B 0 0 0 0 0 0 
ID: 316, Data: 85 19 61 19 1D 19 C 7D 
ID: 316, Data: 85 19 48 19 1F 19 C 7D 
ID: 316, Data: 85 1A 30 19 21 19 C 7D 
ID: 43F, Data: 81 48 60 FF 7A 94 19 0 
ID: 43F, Data: 81 48 60 FF 7A 74 19 0 
ID: 316, Data: 85 1C F8 18 25 18 C 7D 
ID: A1, Data: 88C 7B 8C 7C 17 0 0 0 
ID: 316, Data: 85 1E 8 19 26 18 C 7D 
ID: 153, Data: 80 0 0 FF 0 FF 0 0 
ID: 5F0, Data: 20 0 
ID: 43F, Data: 81 48 60 FF 7A 1C 19 0 
ID: 316, Data: 85 22 82 19 26 18 C 7D 
ID: 316, Data: 85 22 A4 19 26 18 B 7D 
ID: 260, Data: 8B 23 26 30 0 FF C2 27 
ID: 43F, Data: 81 48 60 FF 7B B0 19 0 
ID: 1F1, Data: 80 2C 6E D0 5 6D D0 5 
ID: 153, Data: 80 0 0 FF 0 FF 0 0 
ID: 153, Data: 80 0 0 FF 0 FF 0 0 
ID: 545, Data: 8E4 3F 0 8C C9 0 C9 0 
ID: 316, Data: 85 23 AC 19 26 18 B 7D 
ID: 18F, Data: 8AA 3B 0 0 0 0 0 0 
ID: 43F, Data: 81 48 60 FF 7B A4 18 0 
ID: 153, Data: 80 0 0 FF 0 FF 0 0 
ID: 43F, Data: 81 48 60 FF 7A 94 18 0 
ID: 153, Data: 80 0 0 FF 0 FF 0 0 
ID: 153, Data: 80 0 0 FF 0 FF 0 0 
ID: 316, Data: 85 24 28 19 27 18 B 7D 
ID: 440, Data: 8FE 91 C A0 FF AA AA AA 
ID: 316, Data: 85 24 48 19 27 18 B 7D 
ID: 2A0, Data: 81 6 66 1B 31 0 10 0 
ID: 43F, Data: 81 48 60 FF 7A A4 18 0 
ID: 43F, Data: 81 48 60 FF 7A 94 18 0 
ID: 316, Data: 85 25 51 19 2F 18 B 7D 
ID: 153, Data: 80 0 0 FF 0 FF 0 0 
ID: 153, Data: 80 0 0 FF 0 FF 0 0 
ID: 18F, Data: 8AA 3B 0 0 0 0 0 0 
ID: 280, Data: 830 0 88 B1 32 18 66 41 
ID: 153, Data: 80 0 0 FF 0 FF 0 0 
ID: 43F, Data: 81 48 60 FF 7A 9C 18 0 
ID: 545, Data: 8E4 49 0 8C 43 1 43 1 
ID: 153, Data: 80 0 0 FF 0 FF 0 0 
ID: 316, Data: 85 2A B4 19 30 17 A 7D 
ID: 153, Data: 80 0 0 FF 0 FF 0 0 
ID: 316, Data: 85 2B A 1A 31 17 A 7D 
ID: 153, Data: 80 0 0 FF 0 FF 0 0 
ID: 316, Data: 85 2B 3F 1A 31 17 A 7D 
ID: 440, Data: 8FE 91 C A0 FF AA AA AA 
ID: 153, Data: 80 0 0 FF 0 FF 0 0 
ID: 153, Data: 80 0 0 FF 0 FF 0 0 
ID: 316, Data: 85 2B A1 1A 31 17 B 7D 
ID: 43F, Data: 81 48 60 FF 7B CC 19 0 
ID: 545, Data: 8E4 4F 0 8C 53 1 53 1 
ID: 5F0, Data: 20 0 
ID: 316, Data: 85 2C 23 1B 35 17 B 7D 
ID: 153, Data: 80 0 0 FF 0 FF 0 0 
ID: 316, Data: 85 2C 5C 1B 35 17 B 7D 
ID: 153, Data: 80 0 0 FF 0 FF 0 0 
ID: 545, Data: 8E4 54 0 8C 81 1 81 1 
ID: 316, Data: 85 2D EE 1B 38 17 B 7D 
ID: 153, Data: 80 0 0 FF 0 FF 0 0 
ID: 153, Data: 80 0 0 FF 0 FF 0 0 
ID: 18F, Data: 8AA 3B 0 0 0 0 0 0 
ID: 316, Data: 85 31 BC 1C 3A 17 C 7D 
ID: 153, Data: 80 0 0 FF 0 FF 0 0 
ID: 370, Data: 8FF DD F0 FF FF FF FF FF 
ID: 316, Data: 85 33 AC 1D 39 16 C 7D 
ID: 153, Data: 80 0 0 FF 0 FF 0 0 
ID: 316, Data: 85 33 4D 1E 38 16 C 7D 
ID: 440, Data: 8FE 31 E A0 FF AA AA AA 
ID: 316, Data: 85 34 C4 1E 37 16 D 7D 
ID: 153, Data: 80 0 0 FF 0 FF 0 0 
ID: 153, Data: 80 0 0 FF 0 FF 0 0 
ID: 316, Data: 85 35 72 1F 37 16 D 7D 
ID: 370, Data: 8FF DD F0 FF FF FF FF FF 
ID: 316, Data: 85 35 0 20 36 16 E 7D 
ID: A0, Data: 839 7D 0 20 E 30 2 0 
ID: 43F, Data: 81 48 60 FF 7A 88 1F 0 
ID: 153, Data: 80 0 0 FF 0 FF 0 0 
ID: 153, Data: 80 0 0 FF 0 FF 0 0 
ID: 316, Data: 85 35 80 21 35 16 F 7D 
ID: 260, Data: 8B 35 35 30 0 FF DA 2B 
ID: 153, Data: 80 0 0 FF 0 FF 0 0 
ID: 316, Data: 85 34 21 22 34 16 F 7D 
ID: 153, Data: 80 0 0 FF 0 FF 0 0 
ID: 316, Data: 85 34 7B 22 D 16 10 7D 
ID: 5F0, Data: 20 0 
ID: 1F1, Data: 80 C9 82 B0 8 89 C0 8 
ID: 329, Data: 840 B1 80 8 11 35 0 26 
ID: 260, Data: 8B 2E E 30 0 FF D8 10 
ID: 43F, Data: 81 48 60 FF 7A 1C 22 0 
ID: 153, Data: 80 0 0 FF 0 FF 0 0 
ID: 370, Data: 8FF DD F0 FF FF FF FF FF 
ID: 316, Data: 85 1F 12 22 F 19 11 7D 
ID: 153, Data: 80 0 0 FF 0 FF 0 0 
ID: 316, Data: 85 1D 71 21 10 19 12 7D 
ID: 153, Data: 80 0 0 FF 0 FF 0 0 
ID: 329, Data: 884 B1 80 8 11 2F 0 26 
ID: 316, Data: 85 19 AE 20 10 19 12 7D 
ID: 2A0, Data: 820 9 66 1B 31 0 10 0 
ID: 316, Data: 85 18 1A 20 11 19 12 7D 
ID: 153, Data: 80 0 0 FF 0 FF 0 0 
ID: 153, Data: 80 0 0 FF 0 FF 0 0 
ID: 280, Data: 830 0 84 B1 3E F 66 2D 
ID: 316, Data: 85 14 AC 1E 11 19 12 7D 
ID: 18F, Data: 8AA 3A 0 0 0 0 0 0 
ID: 153, Data: 80 0 0 FF 0 FF 0 0 
ID: 316, Data: 85 12 7F 1D 11 19 12 7D 
ID: 18F, Data: 8AA 3A 0 0 0 0 0 0 
ID: 316, Data: 85 13 87 1C 12 19 12 7D 
ID: 153, Data: 80 0 0 FF 0 FF 0 0 
ID: 316, Data: 85 15 A9 1B 12 19 11 7D 
ID: 316, Data: 85 16 5C 1B 12 19 11 7D 
ID: 18F, Data: 8AA 3A 0 0 0 0 0 0 
ID: 43F, Data: 81 48 60 FF 7A A8 1D 0 
ID: 153, Data: 80 0 0 FF 0 FF 0 0 
ID: 153, Data: 80 0 0 FF 0 FF 0 0 
ID: 316, Data: 85 18 38 19 13 18 11 7D 
ID: 440, Data: 8FE E1 E A0 FF AA AA AA 
ID: 316, Data: 85 18 54 18 14 18 10 7D 
ID: A1, Data: 882 80 8A 7D 19 0 0 0 
ID: 43F, Data: 81 48 60 FF 7A 64 1B 0 
ID: 43F, Data: 81 48 60 FF 7A 1C 1B 0 
ID: 370, Data: 8FF DE F0 FF FF FF FF FF 
ID: 153, Data: 80 0 0 FF 0 FF 0 0 
ID: 329, Data: 8ED B1 80 8 12 2D 0 26 
ID: 153, Data: 80 0 0 FF 0 FF 0 0 
ID: 2A0, Data: 840 7 66 1B 31 0 10 0 
ID: 316, Data: 85 19 8C 13 1F 18 F 7D 
ID: 1F0, Data: 8C0 40 F9 BF 0 0 0 0 
ID: 153, Data: 80 0 0 FF 0 FF 0 0 
ID: 153, Data: 80 0 0 FF 0 FF 0 0 
ID: 43F, Data: 81 48 60 FF 7A A8 18 0 
ID: 545, Data: 8E4 23 0 8C 38 0 38 0 
ID: 370, Data: 8FF DE F0 FF FF FF FF FF 
ID: 316, Data: 85 1D 24 10 1B 19 E 7D 
ID: A0, Data: 82D 7D 2E 10 E 26 2 0 
ID: 316, Data: 85 1D EF F 1C 1A E 7D 
ID: 153, Data: 80 0 0 FF 0 FF 0 0 
ID: 316, Data: 85 1D AF F 1D 1A D 7D 
ID: 1F1, Data: 80 71 5C 0 7 52 A0 6 
ID: 153, Data: 80 0 0 FF 0 FF 0 0 
ID: 316, Data: 85 1D 6E F 1E 1A D 7D 
ID: 153, Data: 80 0 0 FF 0 FF 0 0 
ID: 316, Data: 85 1D 20 F 1F 1A D 7D 
ID: 153, Data: 80 0 0 FF 0 FF 0 0 
ID: 43F, Data: 81 48 60 FF 7A 48 16 0 
ID: 43F, Data: 81 48 60 FF 7A 20 16 0 
ID: 1F1, Data: 80 82 54 50 6 50 30 6 
ID: A1, Data: 882 80 80 7D 1D 0 0 0 
ID: 153, Data: 80 0 0 FF 0 FF 0 0 
ID: 370, Data: 8FF DE F0 FF FF FF FF FF 
ID: 153, Data: 80 0 0 FF 0 FF 0 0 
ID: 316, Data: 85 1E 2C E 21 1A C 7D 
ID: 43F, Data: 81 48 60 FF 7A C0 14 0 
ID: 43F, Data: 81 48 60 FF 7A A4 14 0 
ID: 43F, Data: 81 48 60 FF 7A 78 14 0 
ID: 316, Data: 85 20 B2 D 21 1A B 7D 
ID: 316, Data: 85 20 88 D 21 1A B 7D 
ID: 329, Data: 8ED B1 80 8 12 2D 0 26 
ID: A0, Data: 831 7D 88 D B 25 2 0 
ID: 43F, Data: 81 48 60 FF 7B 60 13 0 
ID: 1F0, Data: 86C 40 F9 BF 0 0 0 0 
ID: 153, Data: 80 0 0 FF 0 FF 0 0 
ID: 316, Data: 85 21 33 D 20 1A A 7D 
ID: 153, Data: 80 0 0 FF 0 FF 0 0 
ID: 316, Data: 85 21 38 D 20 1A A 7D 
ID: 316, Data: 85 21 5 D 21 1A A 7D 
ID: 153, Data: 80 0 0 FF 0 FF 0 0 
ID: 316, Data: 85 21 23 D 20 1A 9 7D 
ID: 43F, Data: 81 48 60 FF 7B 88 10 0 
ID: 43F, Data: 81 48 60 FF 7A 10 10 0 
ID: 2A0, Data: 880 4 66 1B 31 0 10 0 
ID: 153, Data: 80 0 0 FF 0 FF 0 0 
ID: 316, Data: 85 21 26 D 1F 1A 8 7D 
ID: 153, Data: 80 0 0 FF 0 FF 0 0 
ID: 5F0, Data: 20 0 
ID: 43F, Data: 81 48 60 FF 7A 4C D 0 
ID: 316, Data: 85 20 E9 C 20 1B 7 7D 
ID: 153, Data: 80 0 0 FF 0 FF 0 0 
ID: 316, Data: 85 20 A0 C 2A 24 7 7D 
ID: 370, Data: 8FF DE F0 FF FF FF FF FF 
ID: 153, Data: 80 0 0 FF 0 FF 0 0 
ID: 316, Data: 85 22 6C C 2A 23 6 7D 
ID: 260, Data: 8B 23 2B 30 0 FF 57 33 
ID: A1, Data: 882 80 86 7D 20 0 0 0 
ID: 316, Data: 85 26 B5 B 2B 23 5 7D 
ID: 153, Data: 80 0 0 FF 0 FF 0 0 
ID: 316, Data: 85 28 14 B 2D 23 5 7D 
ID: 5F0, Data: 20 0 
ID: 316, Data: 845 2B B A 2F 22 5 7D 
ID: 316, Data: 845 2B A9 9 30 22 5 7D 
ID: 316, Data: 845 2C 63 9 31 21 4 7D 
ID: 153, Data: 80 0 0 FF 0 FF 0 0 
ID: 43F, Data: 81 48 60 FF 7B 48 7 0 
ID: 43F, Data: 81 48 60 FF 7A D8 6 0 
ID: 153, Data: 80 0 0 FF 0 FF 0 0 
ID: 316, Data: 845 30 87 9 30 21 3 7D 
ID: 316, Data: 845 30 8D 9 30 21 3 7D 
ID: 153, Data: 80 0 0 FF 0 FF 0 0 
ID: 153, Data: 80 0 0 FF 0 FF 0 0 
ID: 545, Data: 8E4 21 0 8B 11 1 11 1 
ID: 316, Data: 845 30 9F 9 30 21 3 7D 
ID: 280, Data: 830 0 84 B1 13 21 66 58 
ID: 153, Data: 80 0 0 FF 0 FF 0 0 
ID: 316, Data: 845 30 E1 9 2F 21 2 7D 
ID: 153, Data: 80 0 0 FF 0 FF 0 0 
ID: 316, Data: 845 30 E7 9 2F 21 2 7D 
ID: 316, Data: 845 30 F3 9 2F 21 1 7D 
ID: 280, Data: 830 0 84 B1 13 21 66 58 
ID: 153, Data: 80 0 0 FF 0 FF 0 0 
ID: 370, Data: 8FF DE F0 FF FF FF FF FF 
ID: 43F, Data: 81 48 60 FF 7A 54 0 0 
ID: 18F, Data: 8AA 3D 0 0 0 0 0 0 
ID: 153, Data: 80 0 0 FF 0 FF 0 0 
ID: A1, Data: 881 80 83 7F 29 0 0 0 
ID: 329, Data: 840 B1 80 8 12 2C 0 26 
ID: 545, Data: 8E4 22 0 8C F6 0 F6 0 
ID: 153, Data: 80 0 0 FF 0 FF 0 0 
ID: 43F, Data: 81 48 60 FF 7B 0 0 0 
ID: 153, Data: 80 0 0 FF 0 FF 0 0 
ID: 153, Data: 80 0 0 FF 0 FF 0 0 
ID: 260, Data: 8B 2F 2F 30 0 FF 68 31 
ID: 329, Data: 8B B1 80 8 12 2C 0 26 
ID: 370, Data: 8FF DE F0 FF FF FF FF FF 
ID: 153, Data: 80 0 0 FF 0 FF 0 0 
ID: 2A0, Data: 880 2 66 1B 31 0 10 0 
ID: 316, Data: 845 2E B A 2F 21 0 7D 
ID: 545, Data: 8E4 20 0 8B E6 0 E6 0 
ID: 43F, Data: 80 40 60 FF 7B 0 0 0 
ID: 153, Data: 80 0 0 FF 0 FF 0 0 
ID: 153, Data: 80 0 0 FF 0 FF 0 0 
ID: 153, Data: 80 0 0 FF 0 FF 0 0 
ID: 18F, Data: 8AA 3E 0 0 0 0 0 0 
ID: 316, Data: 845 2C 32 A 21 22 0 7D 
ID: 153, Data: 80 0 0 FF 0 FF 0 0 
ID: 545, Data: 8E4 20 0 8C 8D 0 8D 0 
ID: 316, Data: 845 29 8 B 20 22 0 7D 
ID: 280, Data: 830 0 84 B1 16 1C 66 4F 
ID: 18F, Data: 8AA 3E 0 0 0 0 0 0 
ID: 153, Data: 80 0 0 FF 0 FF 0 0 
ID: 316, Data: 845 25 A9 A 20 22 0 7D 
ID: A0, Data: 82B 7E 4 B 0 22 2 0 
ID: 153, Data: 80 0 0 FF 0 FF 0 0 
ID: 153, Data: 80 0 0 FF 0 FF 0 0 
ID: A0, Data: 82D 7E 88 A 0 22 2 0 
ID: 316, Data: 845 23 94 A 21 23 0 7D 
ID: 316, Data: 845 23 8C A 21 23 0 7D 
ID: A0, Data: 82E 7E 94 A 0 22 2 0 
ID: 1F0, Data: 82D 40 F9 BF 0 0 0 0 
ID: 153, Data: 80 0 0 FF 0 FF 0 0 
ID: 316, Data: 845 23 5B A 21 23 0 7D 
ID: 153, Data: 80 0 0 FF 0 FF 0 0 
ID: 316, Data: 845 23 4F A 21 22 0 7D 
ID: 153, Data: 80 0 0 FF 0 FF 0 0 
ID: 153, Data: 80 0 0 FF 0 FF 0 0 
ID: 440, Data: 8FE 50 0 A0 FF AA AA AA 
ID: 43F, Data: 80 40 60 FF 7A 38 A 0 
ID: 316, Data: 845 23 4B A 21 22 0 7D 
ID: 329, Data: 8B B2 80 8 12 29 0 26 
ID: 153, Data: 80 0 0 FF 0 FF 0 0 
ID: 316, Data: 845 22 6A A 21 23 0 7D 
ID: 440, Data: 8FE 50 0 A0 FF AA AA AA 
ID: 316, Data: 845 22 58 A 21 23 0 7D 
ID: 2A0, Data: 880 1 67 1B 31 0 10 0 
ID: 43F, Data: 80 40 60 FF 7A 4C A 0 
ID: 43F, Data: 80 40 60 FF 7B 40 A 0 
ID: 43F, Data: 80 40 60 FF 7A 30 A 0 
ID: 329, Data: 840 B2 80 8 12 2B 0 26 
ID: A0, Data: 832 7E 2D A 0 23 2 0 
ID: 153, Data: 80 0 0 FF 0 FF 0 0 
ID: 1F0, Data: 82D 40 F9 BF 0 0 0 0 
ID: 43F, Data: 80 40 60 FF 7B F8 9 0 
ID: 43F, Data: 80 40 60 FF 7A EC 9 0 
ID: 153, Data: 80 0 0 FF 0 FF 0 0 
ID: 43F, Data: 80 40 60 FF 7A E4 9 0 
ID: 153, Data: 80 0 0 FF 0 FF 0 0 
ID: 153, Data: 80 0 0 FF 0 FF 0 0 
ID: 316, Data: 845 23 E9 9 22 22 0 7D 
ID: 370, Data: 8FF DE F0 F0 FF FF FF FF 
ID: 316, Data: 845 23 C0 9 23 22 0 7D 
ID: 18F, Data: 8AA 44 0 0 0 0 0 0 
ID: 43F, Data: 80 40 60 FF 7A 94 9 0 
ID: 153, Data: 80 0 0 FF 0 FF 0 0 
ID: 153, Data: 80 0 0 FF 0 FF 0 0 
ID: 153, Data: 80 0 0 FF 0 FF 0 0 
ID: 370, Data: 8FF DE F0 F0 FF FF FF FF 
ID: 316, Data: 845 23 C5 9 23 22 0 7D 
ID: 1F0, Data: 82D 40 F9 BF 0 0 0 0 
ID: 153, Data: 80 0 0 FF 0 FF 0 0 
ID: 316, Data: 845 23 B9 9 23 22 0 7D 
ID: 43F, Data: 80 40 60 FF 7A A8 9 0 
ID: 316, Data: 845 24 C7 9 23 22 0 7D 
ID: 260, Data: 8B 24 23 30 0 FF 7B 7 
ID: 153, Data: 80 0 0 FF 0 FF 0 0 
ID: 316, Data: 845 24 D6 9 23 22 0 7D 
ID: 153, Data: 80 0 0 FF 0 FF 0 0 
ID: 316, Data: 845 24 E7 9 23 22 0 7D 
ID: 1F1, Data: 80 D6 0 0 0 0 0 0 
ID: 1F0, Data: 82D 40 F9 BF 0 0 0 0 
ID: 43F, Data: 80 40 60 FF 7A E8 9 0 
ID: 153, Data: 80 0 0 FF 0 FF 0 0 
ID: 43F, Data: 80 40 60 FF 7A F8 9 0 
ID: 153, Data: 80 0 0 FF 0 FF 0 0 
ID: 153, Data: 80 0 0 FF 0 FF 0 0 
ID: 316, Data: 845 23 F1 9 23 22 0 7D 
ID: 153, Data: 80 0 0 FF 0 FF 0 0 
ID: 316, Data: 845 23 EC 9 23 22 0 7D 
ID: 440, Data: 8FE 0 0 A0 FF AA AA AA 
ID: 316, Data: 845 23 EF 9 23 22 0 7D 
ID: 260, Data: 8B 23 23 30 0 FF 77 2A 
ID: 153, Data: 80 0 0 FF 0 FF 0 0 
ID: 316, Data: 845 23 2 A 22 22 0 7D 
ID: 153, Data: 80 0 0 FF 0 FF 0 0 
ID: 316, Data: 845 23 FC 9 23 22 0 7D 
ID: 1F1, Data: 80 D6 0 0 0 0 0 0 
ID: 153, Data: 80 0 0 FF 0 FF 0 0 
ID: 440, Data: 8FE 0 0 A0 FF AA AA AA 
ID: 43F, Data: 80 40 60 FF 7A D8 9 0 
ID: 43F, Data: 80 40 60 FF 7A D0 9 0 
ID: 43F, Data: 80 40 60 FF 7A C8 9 0 
ID: 316, Data: 845 23 E0 9 23 22 0 7D 
ID: 370, Data: 8FF DE F0 F0 FF FF FF FF 
ID: 153, Data: 80 0 0 FF 0 FF 0 0 
ID: 260, Data: 8B 23 23 30 0 FF 78 29 
ID: 316, Data: 845 23 E4 9 23 22 0 7D 
ID: A0, Data: 832 7E D6 9 0 22 2 0 
ID: 43F, Data: 80 40 60 FF 7A C8 9 0 
ID: 153, Data: 80 0 0 FF 0 FF 0 0 
ID: 316, Data: 845 23 D7 9 23 22 0 7D 
ID: 153, Data: 80 0 0 FF 0 FF 0 0 
ID: 153, Data: 80 0 0 FF 0 FF 0 0 
ID: 316, Data: 845 24 F1 9 23 22 0 7D 
ID: 43F, Data: 80 40 60 FF 7B DC 9 0 
ID: 316, Data: 845 23 F0 9 23 22 0 7D 
ID: 316, Data: 845 23 3 A 23 22 0 7D 
ID: 18F, Data: 8AA 48 0 0 0 0 0 0 
ID: 1F0, Data: 82D 40 F9 BF 0 0 0 0 
ID: 18F, Data: 8AA 48 0 0 0 0 0 0 
ID: 43F, Data: 80 40 60 FF 7A F0 9 0 
ID: 2A0, Data: 8E0 0 67 1B 31 0 10 0 
ID: 43F, Data: 80 40 60 FF 7B F4 9 0 
ID: 43F, Data: 80 40 60 FF 7A F4 9 0 
ID: 440, Data: 8FE 0 0 A0 FF AA AA AA 
ID: 5F0, Data: 20 0 
ID: A0, Data: 831 7E F9 9 0 22 2 0 
ID: 2A0, Data: 880 0 67 1B 31 0 10 0 
ID: 280, Data: 830 0 84 B2 14 1A 67 4A 
ID: A1, Data: 880 7F 80 7E 23 0 0 0 
ID: 316, Data: 845 23 1F A 23 22 0 7D 
ID: 153, Data: 80 0 0 FF 0 FF 0 0 
ID: 545, Data: 8E4 1C 0 8B 8 0 8 0 
ID: 316, Data: 845 22 5 A 23 22 0 7D 
ID: 316, Data: 845 23 A A 23 22 0 7D 
ID: 316, Data: 845 23 1F A 23 22 0 7D 
ID: 18F, Data: 8AA 48 0 0 0 0 0 0 
ID: 43F, Data: 80 40 60 FF 7A 18 A 0 
ID: 153, Data: 80 0 0 FF 0 FF 0 0 
ID: 316, Data: 845 22 24 A 23 22 0 7D 
ID: A0, Data: 832 7E 24 A 0 23 2 0 
ID: 316, Data: 845 22 0 A 23 22 0 7D 
ID: 316, Data: 845 22 F3 9 23 22 0 7D 
ID: 153, Data: 80 0 0 FF 0 FF 0 0 
ID: 280, Data: 830 0 84 B3 13 1A 67 4B 
ID: 316, Data: 845 23 D3 9 23 22 0 7D 
ID: 316, Data: 845 23 CC 9 24 22 0 7D 
ID: 316, Data: 845 23 E6 9 24 22 0 7D 
ID: 316, Data: 845 23 F8 9 23 22 0 7D 
ID: 43F, Data: 80 40 60 FF 7A C8 9 0 
ID: 316, Data: 845 22 2E A 23 22 0 7D 
ID: 153, Data: 80 0 0 FF 0 FF 0 0 
ID: 260, Data: 8B 22 23 30 0 FF 72 11 
ID: 370, Data: 8FF DE F0 F0 FF FF FF FF 
ID: 18F, Data: 8AA 49 0 0 0 0 0 0 
ID: 316, Data: 845 22 45 A 22 22 0 7D 
ID: 153, Data: 80 0 0 FF 0 FF 0 0 
ID: 316, Data: 845 22 2C A 23 22 0 7D 
ID: 153, Data: 80 0 0 FF 0 FF 0 0 
ID: 545, Data: 8E4 1C 0 8C 0 0 0 0 
ID: 316, Data: 845 22 24 A 23 22 0 7D 
ID: 43F, Data: 80 40 60 FF 7A C A 0 
ID: 545, Data: 8E4 1C 0 8C FF FF FF FF 
ID: 545, Data: 8E4 1D 0 8B FD FF FD FF 
ID: 316, Data: 845 22 5A A 22 22 0 7D 
ID: 545, Data: 8E4 1D 0 8C FC FF FC FF 
ID: 43F, Data: 80 40 60 FF 7A 48 A 0 
ID: 440, Data: 8FE 0 0 A0 FF AA AA AA 
ID: 316, Data: 845 22 47 A 22 22 0 7D 
ID: 43F, Data: 80 40 60 FF 7A 3C A 0 
ID: 5A0, Data: 80 0 0 10 0 0 0 0 
ID: 153, Data: 80 0 0 FF 0 FF 0 0 
ID: 316, Data: 845 22 63 A 22 22 0 7D 
ID: 43F, Data: 80 40 60 FF 7A 40 A 0 
ID: 370, Data: 8FF DE F0 F0 FF FF FF FF 
ID: 5F0, Data: 20 0 
ID: 153, Data: 80 0 0 FF 0 FF 0 0 
ID: 153, Data: 80 0 0 FF 0 FF 0 0 
ID: 18F, Data: 8AA 4B 0 0 0 0 0 0 
ID: 316, Data: 845 20 66 A 1A 19 0 7D 
ID: 43F, Data: 80 40 60 FF 7A 50 A 0 
ID: 440, Data: 8FE A0 0 A0 FF AA AA AA 
ID: A0, Data: 82C 7F 5C A 0 21 2 0 
ID: 316, Data: 845 1E 19 A 1A 19 0 7D 
ID: 316, Data: 85 1D 6 A 1B 19 0 7D 
ID: 316, Data: 85 1D 0 A 1B 19 0 7D 
ID: 280, Data: 830 0 84 B3 14 16 67 44 
ID: 2A0, Data: 8E0 0 67 1B 31 0 10 0 
ID: 316, Data: 85 1C E3 A 19 1A 0 7D 
ID: 316, Data: 85 1B F0 A 18 1A 0 7D 
ID: 316, Data: 85 1B F8 A 18 1A 0 7D 
ID: 260, Data: 8B 1B 18 30 0 FF 63 6 
ID: 43F, Data: 80 40 60 FF 7A E8 A 0 
ID: 43F, Data: 80 40 60 FF 7A C4 A 0 
ID: 43F, Data: 80 40 60 FF 7B 98 A 0 
ID: 1F1, Data: 80 D6 0 0 0 0 0 0 
ID: 43F, Data: 80 40 60 FF 7A 6C A 0 
ID: 316, Data: 85 1A 8D A 19 1A 0 7D 
ID: 316, Data: 85 1A 85 A 19 1A 0 7D 
ID: 18F, Data: 8AA 4A 0 0 0 0 0 0 
ID: 43F, Data: 80 40 60 FF 7A 54 A 0 
ID: 2A0, Data: 8E0 0 67 1B 31 0 10 0 
ID: 153, Data: 80 0 0 FF 0 FF 0 0 
ID: 43F, Data: 80 40 60 FF 7A 18 A 0 
ID: 153, Data: 80 0 0 FF 0 FF 0 0 
ID: 153, Data: 80 0 0 FF 0 FF 0 0 
ID: A1, Data: 885 7E 85 7E 1E 0 0 0 
ID: 43F, Data: 80 40 60 FF 7A 8 A 0 
ID: 260, Data: 8B 1A 1A 30 0 FF 71 24 
ID: A0, Data: 82C 7F 1C A 0 22 2 0 
ID: 316, Data: 85 1A 14 A 1A 1A 0 7D 
ID: 153, Data: 80 0 0 FF 0 FF 0 0 
ID: 43F, Data: 80 40 60 FF 7A F8 9 0 
ID: 43F, Data: 80 40 60 FF 7A F8 9 0 
ID: 153, Data: 80 0 0 FF 0 FF 0 0 
ID: 316, Data: 85 1B 29 A 1A 1A 0 7D 
ID: 316, Data: 85 1B F A 1A 1A 0 7D 
ID: 153, Data: 80 0 0 FF 0 FF 0 0 
ID: 316, Data: 85 1A B A 1A 1A 0 7D 
ID: 153, Data: 80 0 0 FF 0 FF 0 0 
ID: 316, Data: 85 1A A A 1A 1A 0 7D 
ID: 370, Data: 8FF DE F0 F0 FF FF FF FF 
ID: 43F, Data: 80 40 60 FF 7A EC 9 0 
ID: 18F, Data: 8AA 48 0 0 0 0 0 0 
ID: 153, Data: 80 0 0 FF 0 FF 0 0 
ID: 545, Data: 8E4 17 0 8C 6 0 6 0 
ID: 316, Data: 85 1A 25 A 1A 1A 0 7D 
ID: 316, Data: 85 1A 34 A 1A 1A 0 7D 
ID: 316, Data: 85 1A 3C A 1A 1A 0 7D 
ID: A1, Data: 882 7E 82 7E 1F 0 0 0 
ID: 43F, Data: 80 40 60 FF 7A 1C A 0 
ID: 43F, Data: 80 40 60 FF 7A 8 A 0 
ID: 43F, Data: 80 40 60 FF 7A F8 9 0 
ID: 43F, Data: 80 40 60 FF 7A E8 9 0 
ID: 153, Data: 80 0 0 FF 0 FF 0 0 
ID: 260, Data: 8B 1B 1A 30 0 FF 75 3E 
ID: 316, Data: 85 1B 34 A 1A 1A 0 7D 
ID: 153, Data: 80 0 0 FF 0 FF 0 0 
ID: 43F, Data: 80 40 60 FF 7A 1C A 0 
ID: A0, Data: 82B 7F 3D A 0 21 2 0 
ID: 153, Data: 80 0 0 FF 0 FF 0 0 
ID: 153, Data: 80 0 0 FF 0 FF 0 0 
ID: 545, Data: 8E4 18 0 8C B 0 B 0 
ID: 440, Data: 8FE 0 0 A0 FF AA AA AA 
ID: 43F, Data: 80 40 60 FF 7A 28 A 0 
ID: A0, Data: 82B 7F 3E A 0 21 2 0 
ID: 5F0, Data: 20 0 
ID: 43F, Data: 80 40 60 FF 7A 3C A 0 
ID: 18F, Data: 8AA 46 0 0 0 0 0 0 
ID: 153, Data: 80 0 0 FF 0 FF 0 0 
ID: A1, Data: 887 7E 84 7E 1F 0 0 0 
ID: 329, Data: 884 B4 80 8 12 29 0 26 
ID: 545, Data: 8E4 18 0 8C C 0 C 0 
ID: 43F, Data: 80 40 60 FF 7A 38 A 0 
ID: 153, Data: 80 0 0 FF 0 FF 0 0 
ID: 43F, Data: 80 40 60 FF 7A 34 A 0 
ID: 153, Data: 80 0 0 FF 0 FF 0 0 
ID: 153, Data: 80 0 0 FF 0 FF 0 0 
ID: 316, Data: 85 1B 63 A 19 1A 0 7D 
ID: 370, Data: 8FF DE F0 F0 FF FF FF FF 
ID: 545, Data: 8E4 18 0 8C 8 0 8 0 
ID: 316, Data: 85 1A 5F A 19 1A 0 7D 
ID: 153, Data: 80 0 0 FF 0 FF 0 0 
ID: 316, Data: 85 1A 53 A 1A 1A 0 7D 
ID: 316, Data: 85 1A 6D A 19 1A 0 7D 
ID: 316, Data: 85 1A 67 A 19 1A 0 7D 
ID: 18F, Data: 8AA 45 0 0 0 0 0 0 
ID: 153, Data: 80 0 0 FF 0 FF 0 0 
ID: 440, Data: 8FE 50 0 A0 FF AA AA AA 
ID: 316, Data: 85 1A 4F A 1A 1A 0 7D 
ID: 43F, Data: 80 40 60 FF 7A 2C A 0 
ID: 1F0, Data: 82D 40 F9 BF 0 0 0 0 
ID: 153, Data: 80 0 0 FF 0 FF 0 0 
ID: 316, Data: 85 1A 39 A 1A 1A 0 7D 
ID: 43F, Data: 80 40 60 FF 7A 20 A 0 
ID: 43F, Data: 80 40 60 FF 7A 2C A 0 
ID: 329, Data: 840 B4 80 8 12 29 0 26 
ID: 18F, Data: 8AA 45 0 0 0 0 0 0 
ID: 316, Data: 85 1A 4B A 1A 1A 0 7D 
ID: 43F, Data: 80 40 60 FF 7A 30 A 0 
ID: 370, Data: 8FF DE F0 F0 FF FF FF FF 
ID: 1F1, Data: 80 D6 0 0 0 0 0 0 
ID: A0, Data: 82B 7F 47 A 0 21 2 0 
ID: 5F0, Data: 20 0 
ID: 43F, Data: 80 40 60 FF 7A 2C A 0 
ID: 316, Data: 85 1A 2E A 1A 1A 0 7D 
ID: 329, Data: 884 B4 80 8 12 29 0 26 
ID: A0, Data: 82B 7F 2E A 0 21 2 0 
ID: 153, Data: 80 0 0 FF 0 FF 0 0 
ID: 316, Data: 85 1B 4D A 1A 1A 0 7D 
ID: A1, Data: 887 7E 87 7E 1F 0 0 0 
ID: 440, Data: 8FE F0 0 A0 FF AA AA AA 
ID: 370, Data: 8FF DE F0 F0 FF FF FF FF 
ID: 316, Data: 85 1B 1D A 1A 1A 0 7D 
ID: 43F, Data: 80 40 60 FF 7A 10 A 0 
ID: 316, Data: 85 1B 25 A 1A 1A 0 7D 
ID: 1F0, Data: 82D 40 F9 BF 0 0 0 0 
ID: 2A0, Data: 840 0 67 1B 31 0 10 0 
ID: 18F, Data: 8AA 44 0 0 0 0 0 0 
ID: 43F, Data: 80 40 60 FF 7A 28 A 0 
ID: 18F, Data: 8AA 44 0 0 0 0 0 0 
ID: 43F, Data: 80 40 60 FF 7A 30 A 0 
ID: 260, Data: 8B 1B 19 30 0 FF 6F 36 
ID: 153, Data: 80 0 0 FF 0 FF 0 0 
ID: 316, Data: 85 1B 1F A 1A 1A 0 7D 
ID: 153, Data: 80 0 0 FF 0 FF 0 0 
ID: 153, Data: 80 0 0 FF 0 FF 0 0 
ID: 153, Data: 80 0 0 FF 0 FF 0 0 
ID: A1, Data: 884 7E 87 7E 1F 0 0 0 
ID: 329, Data: 8B B4 80 8 12 29 0 26 
ID: 545, Data: 8E4 19 0 8C 9 0 9 0 
ID: A1, Data: 884 7E 87 7E 1F 0 0 0 
ID: A0, Data: 82A 80 66 A 0 21 2 0 
ID: A1, Data: 884 7E 87 7E 1F 0 0 0 
ID: 18F, Data: 8AA 43 0 0 0 0 0 0 
ID: 5F0, Data: 20 0 
ID: 329, Data: 8B B4 80 8 12 29 0 26 
ID: 316, Data: 85 1A 6A A 19 1A 0 7D 
ID: 18F, Data: 8AA 43 0 0 0 0 0 0 
ID: 153, Data: 80 0 0 FF 0 FF 0 0 
ID: 2A0, Data: 8E0 0 67 1B 31 0 10 0 
ID: 316, Data: 85 1A 67 A 19 1A 0 7D 
ID: 2A0, Data: 820 0 67 1B 31 0 10 0 
ID: 370, Data: 8FF DE F0 F0 FF FF FF FF 
ID: 153, Data: 80 0 0 FF 0 FF 0 0 
ID: 2A0, Data: 820 0 67 1B 31 0 10 0 
ID: 316, Data: 85 1A 55 A 19 1A 0 7D 
ID: 280, Data: 830 0 84 B4 14 15 67 40 
ID: 153, Data: 80 0 0 FF 0 FF 0 0 
ID: 153, Data: 80 0 0 FF 0 FF 0 0 
ID: 316, Data: 85 1A 36 A 1A 1A 0 7D 
ID: 440, Data: 8FE 0 0 A0 FF AA AA AA 
ID: 153, Data: 80 0 0 FF 0 FF 0 0 
ID: 316, Data: 85 1A 4D A 19 1A 0 7D 
ID: 43F, Data: 80 40 60 FF 7A 34 A 0 
ID: 316, Data: 85 1A 54 A 19 1A 0 7D 
ID: 329, Data: 840 B4 80 8 12 28 0 26 
ID: 2A0, Data: 840 0 67 1B 31 0 10 0 
ID: 316, Data: 85 1A E A 1A 1A 0 7D 
ID: 153, Data: 80 0 0 FF 0 FF 0 0 
ID: 316, Data: 85 1A 25 A 1A 1A 0 7D 
ID: 153, Data: 80 0 0 FF 0 FF 0 0 
ID: 316, Data: 85 1A 38 A 1A 1A 0 7D 
ID: 153, Data: 80 0 0 FF 0 FF 0 0 
ID: 43F, Data: 80 40 60 FF 7A 1C A 0 
ID: 43F, Data: 80 40 60 FF 7A 20 A 0 
ID: 153, Data: 80 0 0 FF 0 FF 0 0 
ID: 316, Data: 85 1A 0 A 1A 1A 0 7D 
ID: 316, Data: 85 1A 13 A 1A 1A 0 7D 
ID: 316, Data: 85 1A 15 A 1A 1A 0 7D 
ID: 316, Data: 85 1A 8 A 1A 1A 0 7D 
ID: 18F, Data: 8AA 42 0 0 0 0 0 0 
ID: A1, Data: 885 7E 87 7E 1F 0 0 0 
ID: 329, Data: 840 B4 80 8 12 28 0 26 
ID: 545, Data: 8E4 16 0 8C 3 0 3 0 
ID: 153, Data: 80 0 0 FF 0 FF 0 0 
ID: 18F, Data: 8AA 42 0 0 0 0 0 0 
ID: 2A0, Data: 8E0 0 67 1B 31 0 10 0 
ID: 316, Data: 85 1A B A 1A 1A 0 7D 
ID: 545, Data: 8E4 17 0 8C 4 0 4 0 
ID: 260, Data: 8B 1A 1A 30 0 FF 74 21 
ID: 280, Data: 830 0 84 B4 14 15 67 41 
ID: 153, Data: 80 0 0 FF 0 FF 0 0 
ID: 440, Data: 8FE F0 0 A0 FF AA AA AA 
ID: 43F, Data: 80 40 60 FF 7A 1C A 0 
ID: 43F, Data: 80 40 60 FF 7A 24 A 0 
ID: A0, Data: 82A 80 2D A 0 21 2 0 
ID: 316, Data: 85 1A 29 A 1A 1A 0 7D 
ID: 43F, Data: 80 40 60 FF 7A 18 A 0 
ID: 440, Data: 8FE F0 0 A0 FF AA AA AA 
ID: 316, Data: 85 1A 14 A 1A 1A 0 7D 
ID: A1, Data: 885 7E 85 7E 1F 0 0 0 
ID: 316, Data: 85 1A F8 9 1A 1A 0 7D 
ID: 153, Data: 80 0 0 FF 0 FF 0 0 
ID: 316, Data: 85 1A 21 A 1A 1A 0 7D 
ID: 153, Data: 80 0 0 FF 0 FF 0 0 
ID: 153, Data: 80 0 0 FF 0 FF 0 0 
ID: 1F0, Data: 82D 40 F9 BF 0 0 0 0 
ID: 43F, Data: 80 40 60 FF 7A 8 A 0 
ID: 153, Data: 80 0 0 FF 0 FF 0 0 
ID: 153, Data: 80 0 0 FF 0 FF 0 0 
ID: A0, Data: 82C 80 E1 9 0 21 2 0 
ID: 316, Data: 85 1A 7 A 1A 1A 0 7D 
ID: 43F, Data: 80 40 60 FF 7A E4 9 0 
ID: 316, Data: 85 1A 24 A 1A 1A 0 7D 
ID: 18F, Data: 8AA 42 0 0 0 0 0 0 
ID: 370, Data: 8FF DE F0 F0 FF FF FF FF 
ID: 260, Data: 8B 1A 1A 30 0 FF 72 32 
ID: 316, Data: 85 1A 28 A 1A 1A 0 7D 
ID: 280, Data: 830 0 84 B4 14 15 68 41 
ID: 153, Data: 80 0 0 FF 0 FF 0 0 
ID: 316, Data: 85 1A 2E A 1A 1A 0 7D 
ID: 153, Data: 80 0 0 FF 0 FF 0 0 
ID: 316, Data: 85 1A 26 A 1A 1A 0 7D 
ID: 153, Data: 80 0 0 FF 0 FF 0 0 
ID: 153, Data: 80 0 0 FF 0 FF 0 0 
ID: 43F, Data: 80 40 60 FF 7A 0 A 0 
ID: 43F, Data: 80 40 60 FF 7A F4 9 0 
ID: 43F, Data: 80 40 60 FF 7A E4 9 0 
ID: 153, Data: 80 0 0 FF 0 FF 0 0 
ID: 153, Data: 80 0 0 FF 0 FF 0 0 
ID: 1F1, Data: 80 D6 0 0 0 0 0 0 
ID: A1, Data: 882 7E 85 7E 1F 0 0 0 
ID: 316, Data: 85 1A 2A A 1A 1A 0 7D 
ID: 316, Data: 85 1A 2C A 1A 1A 0 7D 
ID: 18F, Data: 8AA 41 0 0 0 0 0 0 
ID: 43F, Data: 80 40 60 FF 7A 10 A 0 
ID: 545, Data: 8E4 17 0 8C 2 0 2 0 
ID: 153, Data: 80 0 0 FF 0 FF 0 0 
ID: 153, Data: 80 0 0 FF 0 FF 0 0 
ID: 545, Data: 8E4 17 0 8C 1 0 1 0 
ID: 316, Data: 85 1A 26 A 1A 1A 0 7D 
ID: 43F, Data: 80 40 60 FF 7A C A 0 
ID: 329, Data: 8B B5 80 8 12 28 0 26 
ID: 329, Data: 840 B5 80 8 12 28 0 26 
ID: 370, Data: 8FF DE F0 F0 FF FF FF FF 
ID: 153, Data: 80 0 0 FF 0 FF 0 0 
ID: 545, Data: 8E4 17 0 8C 1 0 1 0 
ID: 316, Data: 85 1A 40 A 1A 1A 0 7D 
ID: 153, Data: 80 0 0 FF 0 FF 0 0 
ID: 545, Data: 8E4 17 0 8C 0 0 0 0 
ID: 316, Data: 85 1A 1B A 1A 1A 0 7D 
ID: 316, Data: 85 1A 10 A 1A 1A 0 7D 
ID: 316, Data: 85 1A 20 A 1A 1A 0 7D 
ID: 545, Data: 8E4 16 0 8C 1 0 1 0 
ID: 153, Data: 80 0 0 FF 0 FF 0 0 
ID: 43F, Data: 80 40 60 FF 7A F8 9 0 
ID: 2A0, Data: 820 0 68 1B 31 0 10 0 
ID: 153, Data: 80 0 0 FF 0 FF 0 0 
ID: 43F, Data: 80 40 60 FF 7A F8 9 0 
ID: 153, Data: 80 0 0 FF 0 FF 0 0 
ID: 153, Data: 80 0 0 FF 0 FF 0 0 
ID: 18F, Data: 8AA 41 0 0 0 0 0 0 
ID: 280, Data: 830 0 84 B5 14 15 68 41 
ID: 316, Data: 85 1A A A 1A 1A 0 7D 
ID: 43F, Data: 80 40 60 FF 7A E8 9 0 
ID: 43F, Data: 80 40 60 FF 7A E8 9 0 
ID: 43F, Data: 80 40 60 FF 7A E0 9 0 
ID: 43F, Data: 80 40 60 FF 7A E0 9 0 
ID: 440, Data: 8FE F0 0 A0 FF AA AA AA 
ID: 440, Data: 8FE F0 0 A0 FF AA AA AA 
ID: 153, Data: 80 0 0 FF 0 FF 0 0 
ID: 280, Data: 830 0 84 B5 13 15 68 41 
ID: 1F1, Data: 80 D6 0 0 0 0 0 0 
ID: 1F0, Data: 82D 40 F9 BF 0 0 0 0 
ID: 316, Data: 85 1A E4 9 1B 1A 0 7D 
ID: 153, Data: 80 0 0 FF 0 FF 0 0 
ID: A0, Data: 82B 80 7 A 0 21 2 0 
ID: 316, Data: 85 1A 19 A 1A 1A 0 7D 
ID: 316, Data: 85 1A A A 1A 1A 0 7D 
ID: 316, Data: 85 1A E A 1A 1A 0 7D 
ID: 280, Data: 830 0 84 B5 14 15 68 41 
ID: 2A0, Data: 880 0 68 1B 31 0 10 0 
ID: 43F, Data: 80 40 60 FF 7A 10 A 0 
ID: 440, Data: 8FE F0 0 A0 FF AA AA AA 
ID: 316, Data: 85 1A 26 A 1A 1A 0 7D 
ID: 153, Data: 80 0 0 FF 0 FF 0 0 
ID: 316, Data: 85 1A 31 A 1A 1A 0 7D 
ID: 153, Data: 80 0 0 FF 0 FF 0 0 
ID: 316, Data: 85 1A 28 A 1A 1A 0 7D 
ID: 43F, Data: 80 40 60 FF 7A 10 A 0 
ID: 370, Data: 8FF DE F0 F0 FF FF FF FF 
ID: 316, Data: 85 1A 20 A 1A 1A 0 7D 
ID: 153, Data: 80 0 0 FF 0 FF 0 0 
ID: 316, Data: 85 1A 17 A 1A 1A 0 7D 
ID: A1, Data: 887 7E 85 7E 1F 0 0 0 
ID: 316, Data: 85 1A 3A A 1A 1A 0 7D 
ID: 316, Data: 85 1A 4D A 1A 1A 0 7D 
ID: 153, Data: 80 0 0 FF 0 FF 0 0 
ID: 316, Data: 85 1A 28 A 1A 1A 0 7D 
ID: 153, Data: 80 0 0 FF 0 FF 0 0 
ID: 316, Data: 85 1A 36 A 1A 1A 0 7D 
ID: 43F, Data: 80 40 60 FF 7A 20 A 0 
ID: 43F, Data: 80 40 60 FF 7A 24 A 0 
ID: 2A0, Data: 820 0 68 1B 31 0 10 0 
ID: 440, Data: 8FE F0 0 A0 FF AA AA AA 
ID: 316, Data: 85 1A 26 A 1A 1A 0 7D 
ID: 316, Data: 85 1A 1C A 1A 1A 0 7D 
ID: 260, Data: 8B 1A 1A 30 0 FF 71 24 
ID: 153, Data: 80 0 0 FF 0 FF 0 0 
ID: 153, Data: 80 0 0 FF 0 FF 0 0 
ID: 316, Data: 85 1A 28 A 1A 1A 0 7D 
ID: 18F, Data: 8AA 40 0 0 0 0 0 0 
ID: 5F0, Data: 20 0 
ID: A1, Data: 887 7E 85 7E 1F 0 0 0 
ID: 1F0, Data: 82D 40 F9 BF 0 0 0 0 
ID: 260, Data: 8B 1A 1A 30 0 FF 71 6 
ID: 370, Data: 8FF DE F0 F0 FF FF FF FF 
ID: 316, Data: 85 1A 1C A 1A 1A 0 7D 
ID: 545, Data: 8E4 17 0 8C 1 0 1 0 
ID: A1, Data: 887 7E 85 7E 1F 0 0 0 
ID: A0, Data: 82B 80 18 A 0 21 2 0 
ID: A1, Data: 887 7E 85 7E 1F 0 0 0 
ID: 545, Data: 8E4 17 0 8B 2 0 2 0 
ID: 18F, Data: 8AA 40 0 0 0 0 0 0 
ID: 440, Data: 8FE 50 0 A0 FF AA AA AA 
ID: 316, Data: 85 1A 2E A 1A 1A 0 7D 
ID: 153, Data: 80 0 0 FF 0 FF 0 0 
ID: 316, Data: 85 1A 48 A 1A 1A 0 7D 
ID: 43F, Data: 80 40 60 FF 7A 2C A 0 
ID: 43F, Data: 80 40 60 FF 7A 34 A 0 
ID: 5F0, Data: 20 0 
ID: 370, Data: 8FF DE F0 F0 FF FF FF FF 
ID: 316, Data: 85 1A 36 A 1A 1A 0 7D 
ID: 43F, Data: 80 40 60 FF 7A 20 A 0 
ID: 5F0, Data: 20 0 
ID: 153, Data: 80 0 0 FF 0 FF 0 0 
ID: 316, Data: 85 1A 36 A 1A 1A 0 7D 
ID: 5F0, Data: 20 0 
ID: 43F, Data: 80 40 60 FF 7A 24 A 0 
ID: 153, Data: 80 0 0 FF 0 FF 0 0 
ID: 316, Data: 85 1A 36 A 1A 1A 0 7D 
ID: 43F, Data: 80 40 60 FF 7A 20 A 0 
ID: 440, Data: 8FE 0 0 A0 FF AA AA AA 
ID: 280, Data: 830 0 84 B5 14 15 68 40 
ID: 153, Data: 80 0 0 FF 0 FF 0 0 
ID: 316, Data: 85 1A 2A A 1A 1A 0 7D 
ID: 153, Data: 80 0 0 FF 0 FF 0 0 
ID: 316, Data: 85 1A 32 A 1A 1A 0 7D 
ID: 440, Data: 8FE 0 0 A0 FF AA AA AA 
ID: 316, Data: 85 1A 26 A 1A 1A 0 7D 
ID: 18F, Data: 8AA 3F 0 0 0 0 0 0 
ID: A1, Data: 882 7E 82 7E 1E 0 0 0 
ID: 440, Data: 8FE 0 0 A0 FF AA AA AA 
ID: A0, Data: 82B 80 13 A 0 21 2 0 
ID: 316, Data: 85 1A F9 9 1A 1A 0 7D 
ID: 43F, Data: 80 40 60 FF 7A E4 9 0 
ID: 153, Data: 80 0 0 FF 0 FF 0 0 
ID: 316, Data: 85 1A FA 9 1A 1A 0 7D 
ID: 153, Data: 80 0 0 FF 0 FF 0 0 
ID: 43F, Data: 80 40 60 FF 7A E4 9 0 
ID: 153, Data: 80 0 0 FF 0 FF 0 0 
ID: 153, Data: 80 0 0 FF 0 FF 0 0 
ID: 316, Data: 85 1A FD 9 1A 1A 0 7D 
ID: 153, Data: 80 0 0 FF 0 FF 0 0 
ID: 316, Data: 85 1A EA 9 1B 1A 0 7D 
ID: 370, Data: 8FF DE F0 F0 FF FF FF FF 
ID: 316, Data: 85 1A 1C A 1A 1A 0 7D 
ID: 18F, Data: 8AA 40 0 0 0 0 0 0 
ID: 153, Data: 80 0 0 FF 0 FF 0 0 
ID: 260, Data: 8B 1B 1A 30 0 FF 73 12 
ID: 43F, Data: 80 40 60 FF 7A 14 A 0 
ID: 260, Data: 8B 1B 1A 30 0 FF 71 32 
ID: 153, Data: 80 0 0 FF 0 FF 0 0 
ID: 153, Data: 80 0 0 FF 0 FF 0 0 
ID: 316, Data: 85 1A 21 A 1A 1A 0 7D 
ID: 43F, Data: 80 40 60 FF 7A 28 A 0 
ID: 43F, Data: 80 40 60 FF 7A 18 A 0 
ID: 43F, Data: 80 40 60 FF 7A 14 A 0 
ID: 370, Data: 8FF DE F0 F0 FF FF FF FF 
ID: 43F, Data: 80 40 60 FF 7A 2C A 0 
ID: 153, Data: 80 0 0 FF 0 FF 0 0 
ID: 316, Data: 85 1A 47 A 23 23 0 7D 
ID: 316, Data: 85 1A 19 A 24 23 0 7D 
ID: 153, Data: 80 0 0 FF 0 FF 0 0 
ID: 545, Data: 8E4 17 0 8C 8D FF 8D FF 
ID: 316, Data: 85 1D 26 A 24 23 0 7D 
ID: 316, Data: 85 1E 5F A 23 23 0 7D 
ID: 153, Data: 80 0 0 FF 0 FF 0 0 
ID: 153, Data: 80 0 0 FF 0 FF 0 0 
ID: 1F1, Data: 80 D6 0 0 0 0 0 0 
ID: 43F, Data: 80 40 60 FF 7A A8 A 0 
ID: 316, Data: 85 1F B0 A 23 23 0 7D 
ID: 18F, Data: 8AA 3F 0 0 0 0 0 0 
ID: 43F, Data: 80 40 60 FF 7A A8 A 0 
ID: 260, Data: 8B 20 23 30 0 FF 68 F 
ID: A1, Data: 882 7E 84 7E 21 0 0 0 
ID: 316, Data: 845 20 6E A 23 22 0 7D 
ID: 153, Data: 80 0 0 FF 0 FF 0 0 
ID: 316, Data: 845 20 18 A 23 22 0 7D 
ID: 316, Data: 845 21 14 A 23 22 0 7D 
ID: 153, Data: 80 0 0 FF 0 FF 0 0 
ID: 153, Data: 80 0 0 FF 0 FF 0 0 
ID: 260, Data: 8B 21 23 30 0 FF 75 1F 
ID: 316, Data: 845 21 2A A 23 22 0 7D 
ID: 153, Data: 80 0 0 FF 0 FF 0 0 
ID: 153, Data: 80 0 0 FF 0 FF 0 0 
ID: 153, Data: 80 0 0 FF 0 FF 0 0 
ID: 18F, Data: 8AA 42 0 0 0 0 0 0 
ID: 316, Data: 845 22 5C A 23 22 0 7D 
ID: 153, Data: 80 0 0 FF 0 FF 0 0 
ID: 545, Data: 8E4 1D 0 8C F6 FF F6 FF 
ID: 316, Data: 845 22 74 A 22 22 0 7D 
ID: A1, Data: 884 7E 82 7E 23 0 0 0 
ID: 5F0, Data: 20 0 
ID: 153, Data: 80 0 0 FF 0 FF 0 0 
ID: 316, Data: 845 21 82 A 22 22 0 7D 
ID: 5F0, Data: 20 0 
ID: 43F, Data: 80 40 60 FF 7A 7C A 0 
ID: 153, Data: 80 0 0 FF 0 FF 0 0 
ID: 316, Data: 845 21 7C A 22 22 0 7D 
ID: 153, Data: 80 0 0 FF 0 FF 0 0 
ID: 329, Data: 884 B5 80 8 12 2A 0 26 
ID: 43F, Data: 80 40 60 FF 7A 54 A 0 
ID: 440, Data: 8FE A0 0 A0 FF AA AA AA 
ID: A0, Data: 831 80 74 A 0 23 2 0 
ID: 316, Data: 845 21 67 A 22 22 0 7D 
ID: 316, Data: 845 21 77 A 22 22 0 7D 
ID: 329, Data: 840 B5 80 8 12 2A 0 26 
ID: 43F, Data: 80 40 60 FF 7A 58 A 0 
ID: 43F, Data: 80 40 60 FF 7A 58 A 0 
ID: 5F0, Data: 20 0 
ID: 280, Data: 830 0 84 B5 14 19 68 48 
ID: 316, Data: 845 20 77 A 21 22 0 7D 
ID: 316, Data: 845 20 66 A 22 22 0 7D 
ID: 316, Data: 845 20 5F A 22 22 0 7D 
ID: 545, Data: 8E4 1B 0 8C E0 FF E0 FF 
ID: 43F, Data: 80 40 60 FF 7A 44 A 0 
ID: 316, Data: 845 21 32 A 22 22 0 7D 
ID: 153, Data: 80 0 0 FF 0 FF 0 0 
ID: 153, Data: 80 0 0 FF 0 FF 0 0 
ID: 2A0, Data: 840 0 68 1B 31 0 10 0 
ID: 316, Data: 845 21 36 A 22 22 0 7D 
ID: 18F, Data: 8AA 46 0 0 0 0 0 0 
ID: 316, Data: 845 21 21 A 22 22 0 7D 
ID: 5F0, Data: 20 0 
ID: 43F, Data: 80 40 60 FF 7A 10 A 0 
ID: 153, Data: 80 0 0 FF 0 FF 0 0 
ID: 153, Data: 80 0 0 FF 0 FF 0 0 
ID: 370, Data: 8FF DE F0 F0 FF FF FF FF 
ID: 43F, Data: 80 40 60 FF 7A 30 A 0 
ID: 316, Data: 845 21 44 A 22 22 0 7D 
ID: 2A0, Data: 880 0 68 1B 31 0 10 0 
ID: 153, Data: 80 0 0 FF 0 FF 0 0 
ID: 316, Data: 845 20 49 A 22 22 0 7D 
ID: 153, Data: 80 0 0 FF 0 FF 0 0 
ID: 316, Data: 845 20 3A A 22 22 0 7D 
ID: 153, Data: 80 0 0 FF 0 FF 0 0 
ID: 316, Data: 845 20 18 A 22 22 0 7D 
ID: 370, Data: 8FF DE F0 F0 FF FF FF FF 
ID: 316, Data: 845 20 25 A 22 22 0 7D 
ID: 316, Data: 845 20 18 A 22 22 0 7D 
ID: 316, Data: 845 21 10 A 22 22 0 7D 
ID: 2A0, Data: 820 0 68 1B 31 0 10 0 
ID: 43F, Data: 80 40 60 FF 7A F4 9 0 
ID: 153, Data: 80 0 0 FF 0 FF 0 0 
ID: 316, Data: 845 21 15 A 22 22 0 7D 
ID: 43F, Data: 80 40 60 FF 7A FC 9 0 
ID: 316, Data: 845 21 28 A 22 22 0 7D 
ID: A1, Data: 882 7E 82 7E 23 0 0 0 
ID: 153, Data: 80 0 0 FF 0 FF 0 0 
ID: 316, Data: 845 21 32 A 22 22 0 7D 
ID: 43F, Data: 80 40 60 FF 7A 24 A 0 
ID: 153, Data: 80 0 0 FF 0 FF 0 0 
ID: 316, Data: 845 21 3C A 22 22 0 7D 
ID: 43F, Data: 80 40 60 FF 7A 30 A 0 
ID: 280, Data: 830 0 84 B4 14 19 68 49 
ID: 260, Data: 8B 21 22 30 0 FF 6F 17 
ID: 153, Data: 80 0 0 FF 0 FF 0 0 
ID: 329, Data: 8B B4 80 8 12 2A 0 26 
ID: 153, Data: 80 0 0 FF 0 FF 0 0 
ID: 329, Data: 840 B4 80 8 12 2A 0 26 
ID: 316, Data: 845 21 34 A 22 22 0 7D 
ID: 545, Data: 8E4 1B 0 8B E7 FF E7 FF 
ID: 316, Data: 845 21 36 A 22 22 0 7D 
ID: 316, Data: 845 21 31 A 22 22 0 7D 
ID: A1, Data: 880 7E 84 7E 22 0 0 0 
ID: 153, Data: 80 0 0 FF 0 FF 0 0 
ID: 43F, Data: 80 40 60 FF 7A 2C A 0 
ID: 153, Data: 80 0 0 FF 0 FF 0 0 
ID: 153, Data: 80 0 0 FF 0 FF 0 0 
ID: 316, Data: 845 21 45 A 22 22 0 7D 
ID: 18F, Data: 8AA 48 0 0 0 0 0 0 
ID: 316, Data: 845 21 2C A 22 22 0 7D 
ID: 43F, Data: 80 40 60 FF 7A 18 A 0 
ID: 153, Data: 80 0 0 FF 0 FF 0 0 
ID: 316, Data: 845 21 32 A 22 22 0 7D 
ID: 153, Data: 80 0 0 FF 0 FF 0 0 
ID: 316, Data: 845 21 23 A 22 22 0 7D 
ID: 43F, Data: 80 40 60 FF 7A 10 A 0 
ID: 280, Data: 830 0 84 B4 14 19 68 49 
ID: 18F, Data: 8AA 49 0 0 0 0 0 0 
ID: 153, Data: 80 0 0 FF 0 FF 0 0 
ID: 316, Data: 845 21 2C A 22 22 0 7D 
ID: 43F, Data: 80 40 60 FF 7A 18 A 0 
ID: 153, Data: 80 0 0 FF 0 FF 0 0 
ID: 316, Data: 845 21 48 A 22 22 0 7D 
ID: 43F, Data: 80 40 60 FF 7A 2C A 0 
ID: 316, Data: 845 21 3A A 22 22 0 7D 
ID: 545, Data: 8E4 1B 0 8B E9 FF E9 FF 
ID: 153, Data: 80 0 0 FF 0 FF 0 0 
ID: 316, Data: 845 21 41 A 22 22 0 7D 
ID: 153, Data: 80 0 0 FF 0 FF 0 0 
ID: 329, Data: 8B B4 80 8 12 2A 0 26 
ID: 316, Data: 845 21 39 A 22 22 0 7D 
ID: 316, Data: 845 21 38 A 22 22 0 7D 
ID: 153, Data: 80 0 0 FF 0 FF 0 0 
ID: 153, Data: 80 0 0 FF 0 FF 0 0 
ID: 316, Data: 845 21 40 A 22 22 0 7D 
ID: A1, Data: 882 7E 82 7E 22 0 0 0 
ID: 316, Data: 845 21 41 A 22 22 0 7D 
ID: 316, Data: 845 21 30 A 22 22 0 7D 
ID: 316, Data: 845 21 2C A 22 22 0 7D 
ID: 153, Data: 80 0 0 FF 0 FF 0 0 
ID: 153, Data: 80 0 0 FF 0 FF 0 0 
ID: 316, Data: 845 21 31 A 22 22 0 7D 
ID: 545, Data: 8E4 1A 0 8B E6 FF E6 FF 
ID: 153, Data: 80 0 0 FF 0 FF 0 0 
ID: 316, Data: 845 21 12 A 22 22 0 7D 
ID: 1F1, Data: 80 D6 0 0 0 0 0 0 
ID: 153, Data: 80 0 0 FF 0 FF 0 0 
ID: 316, Data: 845 21 17 A 22 22 0 7D 
ID: 43F, Data: 80 40 60 FF 7A F8 9 0 
ID: 370, Data: 8FF DE F0 F0 FF FF FF FF 
ID: 329, Data: 884 B4 80 8 12 2A 0 26 
ID: 316, Data: 845 21 1D A 22 22 0 7D 
ID: 316, Data: 845 21 28 A 22 22 0 7D 
ID: 43F, Data: 80 40 60 FF 7A 14 A 0 
ID: 43F, Data: 80 40 60 FF 7A 20 A 0 
ID: 43F, Data: 80 40 60 FF 7A 30 A 0 
ID: 370, Data: 8FF DE F0 F0 FF FF FF FF 
ID: 545, Data: 8E4 1B 0 8B EA FF EA FF 
ID: 153, Data: 80 0 0 FF 0 FF 0 0 
ID: A0, Data: 832 7F 45 A 0 23 2 0 
ID: 329, Data: 8ED B4 80 8 12 2A 0 26 
ID: 316, Data: 845 21 30 A 22 22 0 7D 
ID: 153, Data: 80 0 0 FF 0 FF 0 0 
ID: 153, Data: 80 0 0 FF 0 FF 0 0 
ID: 316, Data: 845 21 4B A 22 22 0 7D 
ID: 2A0, Data: 8E0 0 68 1B 31 0 10 0 
ID: 316, Data: 845 21 55 A 22 22 0 7D 
ID: 316, Data: 845 21 55 A 22 22 0 7D 
ID: 329, Data: 884 B4 80 8 12 2A 0 26 
ID: 43F, Data: 80 40 60 FF 7A 3C A 0 
ID: 43F, Data: 80 40 60 FF 7A 34 A 0 
ID: 316, Data: 845 20 4D A 19 19 0 7D 
ID: 316, Data: 845 1F 57 A 19 19 0 7D 
ID: 153, Data: 80 0 0 FF 0 FF 0 0 
ID: 316, Data: 845 1E 42 A 19 19 0 7D 
ID: 43F, Data: 80 40 60 FF 7A 30 A 0 
ID: 153, Data: 80 0 0 FF 0 FF 0 0 
ID: 329, Data: 8ED B4 80 8 12 28 0 26 
ID: 153, Data: 80 0 0 FF 0 FF 0 0 
ID: 440, Data: 8FE F0 0 A0 FF AA AA AA 
ID: 316, Data: 85 1C 73 A 19 1A 0 7D 
ID: 153, Data: 80 0 0 FF 0 FF 0 0 
ID: 316, Data: 85 1B BC A 18 1A 0 7D 
ID: 43F, Data: 80 40 60 FF 7A AC A 0 
ID: 43F, Data: 80 40 60 FF 7A C8 A 0 
ID: 370, Data: 8FF DE F0 F0 FF FF FF FF 
ID: 316, Data: 85 1A A0 A 18 1A 0 7D 
ID: 316, Data: 85 1A 74 A 19 1A 0 7D 
ID: 153, Data: 80 0 0 FF 0 FF 0 0 
ID: 316, Data: 85 1A 90 A 19 1A 0 7D 
ID: 316, Data: 85 1A 88 A 19 1A 0 7D 
ID: 316, Data: 85 1A 7A A 19 1A 0 7D 
ID: 2A0, Data: 8E0 0 68 1B 31 0 10 0 
ID: 153, Data: 80 0 0 FF 0 FF 0 0 
ID: 316, Data: 85 1A 5A A 19 1A 0 7D 
ID: 153, Data: 80 0 0 FF 0 FF 0 0 
ID: A1, Data: 880 7E 85 7E 1E 0 0 0 
ID: 370, Data: 8FF DE F0 F0 FF FF FF FF 
ID: 370, Data: 8FF DE F0 F0 FF FF FF FF 
ID: 316, Data: 85 1A 20 A 1A 1A 0 7D 
ID: 153, Data: 80 0 0 FF 0 FF 0 0 
ID: 316, Data: 85 1A 17 A 1A 1A 0 7D 
ID: 153, Data: 80 0 0 FF 0 FF 0 0 
ID: 316, Data: 834 1A 25 A 1A F 0 7D 
ID: 316, Data: 834 1A C A 1A F 0 7D 
ID: 316, Data: 834 19 F7 9 1A F 0 7D 
ID: 316, Data: 834 19 5 A 1A F 0 7D 
ID: 316, Data: 834 17 56 9 19 E 0 7D 
ID: 316, Data: 834 17 72 8 19 E 0 7D 
ID: 18F, Data: 8AA 47 0 0 0 0 0 0 
ID: 316, Data: 834 16 76 6 19 E 0 7D 
ID: 260, Data: 8B 17 19 0 0 FF 6C 3 
ID: 316, Data: 834 17 2E 5 19 D 0 7D 
ID: 316, Data: 834 17 2E 5 19 D 0 7D 
ID: 316, Data: 834 18 47 3 19 C 0 7D 
ID: 316, Data: 834 18 47 3 19 C 0 7D 
ID: 316, Data: 830 18 47 3 19 C 0 7D 
ID: 18F, Data: 8AA 47 0 0 0 0 0 0 
ID: 316, Data: 830 18 47 3 19 C 0 7D 
ID: 260, Data: 8B 18 19 0 0 FF 6C 11 
ID: 316, Data: 830 18 47 3 19 C 0 7D 
ID: 316, Data: 830 18 47 3 19 C 0 7D 
ID: 316, Data: 830 18 47 3 19 C 0 7D 
ID: 316, Data: 830 18 47 3 19 C 0 7D 
ID: 2A0, Data: 8E0 0 69 1F 31 0 11 0 
ID: 316, Data: 830 18 47 3 19 C 0 7D 
ID: 316, Data: 830 18 47 3 19 C 0 7D 
ID: 316, Data: 830 0 0 0 19 B 0 7D 
ID: 316, Data: 830 0 0 0 19 B 0 7D 
ID: 316, Data: 830 0 0 0 19 B 0 7D 
ID: 316, Data: 830 0 0 0 19 B 0 7D 
ID: 316, Data: 830 0 0 0 19 B 0 7D 
ID: 316, Data: 830 0 0 0 19 B 0 7D 
ID: 316, Data: 830 0 0 0 19 B 0 7D 
ID: 316, Data: 830 0 0 0 19 B 0 7D 
ID: 316, Data: 830 0 0 0 19 B 0 7D 
ID: 316, Data: 830 0 0 0 19 B 0 7D 
ID: A0, Data: 80 7F 0 0 0 53 0 0 
ID: 260, Data: 8B 0 19 0 0 FF 6C 1A 
ID: 316, Data: 830 0 0 0 19 B 0 7D 
ID: 316, Data: 830 0 0 0 19 B 0 7D 
ID: 316, Data: 830 0 0 0 19 B 0 7D 
ID: 316, Data: 830 0 0 0 19 B 0 7D 
ID: 316, Data: 830 0 0 0 19 B 0 7D 
ID: 316, Data: 830 0 0 0 19 B 0 7D 
ID: 316, Data: 830 0 0 0 19 B 0 7D 
ID: 316, Data: 830 0 0 0 19 B 0 7D 
ID: 316, Data: 830 0 0 0 19 B 0 7D 
ID: 316, Data: 830 0 0 0 19 B 0 7D 
ID: A0, Data: 80 7F 0 0 0 71 0 0 
ID: 2A0, Data: 880 0 69 1F 31 0 11 0 
ID: 316, Data: 830 0 0 0 19 B 0 7D 
ID: 316, Data: 830 0 0 0 19 B 0 7D 
ID: 316, Data: 830 0 0 0 19 B 0 7D 
ID: 316, Data: 830 0 0 0 19 B 0 7C 
ID: 316, Data: 830 0 0 0 19 B 0 7C 
ID: 316, Data: 830 0 0 0 19 B 0 7C 
ID: 316, Data: 830 0 0 0 19 B 0 7C 
ID: 316, Data: 830 0 0 0 19 B 0 7C 
ID: 316, Data: 830 0 0 0 19 B 0 7C 
ID: 316, Data: 830 0 0 0 19 B 0 7C 
ID: 316, Data: 830 0 0 0 19 B 0 7C 
ID: A1, Data: 880 7E 80 7E 65 0 0 0 
ID: 260, Data: 8B 0 19 0 0 FF 6C B 
ID: A0, Data: 80 7F 0 0 0 27 0 0 
ID: 260, Data: 8B 0 19 0 0 FF 6C 29 
ID: 316, Data: 830 0 0 0 19 B 0 7C 
ID: 316, Data: 830 0 0 0 19 B 0 7C 
ID: 316, Data: 830 0 0 0 19 B 0 7C 
ID: 316, Data: 830 0 0 0 19 B 0 7C 
ID: 316, Data: 830 0 0 0 19 B 0 7C 
ID: 316, Data: 830 0 0 0 19 B 0 7C 
ID: 316, Data: 830 0 0 0 19 B 0 7C 
ID: 316, Data: 830 0 0 0 19 B 0 7C 
ID: 316, Data: 830 0 0 0 19 B 0 7C 
ID: 316, Data: 830 0 0 0 19 B 0 7C 
ID: 18F, Data: 8AA 44 0 0 0 0 0 0 
ID: 2A0, Data: 820 0 69 1F 31 0 11 0 
ID: 316, Data: 830 0 0 0 19 B 0 7C 
