=~=~=~=~=~=~=~=~=~=~=~= PuTTY log 2020.11.27 10:59:21 =~=~=~=~=~=~=~=~=~=~=~=
CAN Init ok
ID: 5F0, Data: 20 0 
ID: 5F0, Data: 20 0 
ID: 43F, Data: 80 40 0 FF 7A 0 0 0 
ID: 370, Data: 8FF C0 F0 F4 FF FF FF FF 
ID: 43F, Data: 80 40 0 FF 7A 0 0 0 
ID: 43F, Data: 80 40 0 FF 7A 0 0 0 
ID: 43F, Data: 80 40 0 FF 7A 0 0 0 
ID: 316, Data: 831 0 0 0 0 8 0 7A 
ID: 316, Data: 831 0 0 0 23 9 0 7A 
ID: 316, Data: 831 0 0 0 15 9 0 7A 
ID: 43F, Data: 80 40 60 FF 7A 0 0 0 
ID: 43F, Data: 80 40 60 FF 7A 0 0 0 
ID: 43F, Data: 80 40 60 FF 7A E0 1 0 
ID: 43F, Data: 80 40 60 FF 7A 2C 2 0 
ID: 316, Data: 831 0 0 0 17 9 0 7A 
ID: 316, Data: 85 0 0 0 17 9 0 7A 
ID: 316, Data: 85 0 F 3 17 B 0 7A 
ID: 153, Data: 80 0 0 FF 0 FF 0 0 
ID: 316, Data: 85 0 F 3 18 B 0 7A 
ID: A0, Data: 8FF 87 F 3 0 74 1 0 
ID: 329, Data: 880 BF 80 8 11 85 0 26 
ID: 316, Data: 85 0 AE 2 19 B 0 7A 
ID: 2A0, Data: 820 0 74 18 31 0 11 0 
ID: 280, Data: 830 0 82 BF 5 5B 74 D7 
ID: 153, Data: 80 0 0 FF 0 FF 0 0 
ID: 316, Data: 85 0 58 8 19 B 0 7A 
ID: 153, Data: 80 0 0 FF 0 FF 0 0 
ID: 1F0, Data: 80 40 0 0 0 0 0 0 
ID: 545, Data: 8E4 B4 0 6D 1A FF 1A FF 
ID: 153, Data: 80 0 0 FF 0 FF 0 0 
ID: A0, Data: 81D 87 29 15 0 25 1 0 
ID: 316, Data: 85 3C 32 16 15 12 0 7A 
ID: 280, Data: 830 0 84 BF 2E 24 74 60 
ID: 153, Data: 80 0 0 FF 0 FF 0 0 
ID: 153, Data: 80 0 0 FF 0 FF 0 0 
ID: 316, Data: 85 21 8C 16 17 14 0 7A 
ID: 153, Data: 80 0 0 FF 0 FF 0 0 
ID: 316, Data: 85 1D D5 15 19 15 0 7A 
ID: 153, Data: 80 0 0 FF 0 FF 0 0 
ID: 316, Data: 85 1C 58 15 1A 16 0 7A 
ID: 316, Data: 85 1B 1E 15 1A 16 0 7A 
ID: 316, Data: 85 1B E6 14 1A 16 0 7A 
ID: 153, Data: 80 0 0 FF 0 FF 0 0 
ID: 153, Data: 80 0 0 FF 0 FF 0 0 
ID: 316, Data: 85 1B 63 14 1B 16 0 7A 
ID: 2A0, Data: 820 0 74 18 31 0 11 0 
ID: 153, Data: 80 0 0 FF 0 FF 0 0 
ID: 316, Data: 85 1C A0 13 1D 16 0 7A 
ID: 153, Data: 80 0 0 FF 0 FF 0 0 
ID: 316, Data: 85 1D 1E 13 1E 16 0 7A 
ID: 43F, Data: 80 40 60 FF 7A F4 12 0 
ID: 316, Data: 85 1D 8D 12 1E 16 0 7A 
ID: 153, Data: 80 0 0 FF 0 FF 0 0 
ID: 153, Data: 80 0 0 FF 0 FF 0 0 
ID: 440, Data: 8FE F0 0 A0 FF AA AA AA 
ID: A0, Data: 82C 87 54 12 0 27 1 0 
ID: 153, Data: 80 0 0 FF 0 FF 0 0 
ID: 316, Data: 85 1E 9F 11 1F 16 0 7A 
ID: 43F, Data: 80 40 60 FF 7A 84 11 0 
ID: 316, Data: 85 1E 77 11 1F 17 0 7A 
ID: 18F, Data: 8AA 49 0 0 0 0 0 0 
ID: 153, Data: 80 0 0 FF 0 FF 0 0 
ID: 260, Data: 8B 1F 1F 30 5 FF 77 1 
ID: 280, Data: 830 0 84 BF 22 17 74 3E 
ID: 153, Data: 80 0 0 FF 0 FF 0 0 
ID: 1F1, Data: 8F 0 0 0 0 0 0 0 
ID: 43F, Data: 80 40 60 FF 7A F0 10 0 
ID: 280, Data: 830 0 84 BF 21 16 74 3E 
ID: 43F, Data: 80 40 60 FF 7A D4 10 0 
ID: 43F, Data: 80 40 60 FF 7A C0 10 0 
ID: 545, Data: 8E4 31 0 8A 7E 0 7E 0 
ID: 316, Data: 85 1E 9C 10 1E 17 0 7A 
ID: 316, Data: 85 1E A7 10 1E 17 0 7A 
ID: 316, Data: 85 1E 8E 10 1E 17 0 7A 
ID: 43F, Data: 80 40 60 FF 7A 80 10 0 
ID: 153, Data: 80 0 0 FF 0 FF 0 0 
ID: 316, Data: 85 1E 2B 10 1E 17 0 7A 
ID: 316, Data: 85 1E 24 10 1E 17 0 7A 
ID: 545, Data: 8E4 2E 0 8B 6E 0 6E 0 
ID: 43F, Data: 80 40 60 FF 7A F8 F 0 
ID: 370, Data: 8FF E0 F0 F0 FF FF FF FF 
ID: 316, Data: 85 1E 6 10 1E 18 0 7A 
ID: 153, Data: 80 0 0 FF 0 FF 0 0 
ID: 153, Data: 80 0 0 FF 0 FF 0 0 
ID: 316, Data: 85 1E B9 F 1E 18 0 7A 
ID: 18F, Data: 8AA 49 0 0 0 0 0 0 
ID: 440, Data: 8FE 0 0 A0 FF AA AA AA 
ID: 18F, Data: 8AA 49 0 0 0 0 0 0 
ID: 43F, Data: 80 40 60 FF 79 78 F 0 
ID: 153, Data: 80 0 0 FF 0 FF 0 0 
ID: 153, Data: 80 0 0 FF 0 FF 0 0 
ID: 153, Data: 80 0 0 FF 0 FF 0 0 
ID: 280, Data: 830 0 84 BF 1E 16 74 3E 
ID: 43F, Data: 80 40 60 FF 78 44 F 0 
ID: A1, Data: 880 7E 80 7E 1D 0 0 0 
ID: 153, Data: 80 0 0 FF 0 FF 0 0 
ID: 316, Data: 85 1D 15 F 1E 18 0 7A 
ID: 370, Data: 8FF E0 F0 F0 FF FF FF FF 
ID: 316, Data: 85 1D 0 F 1E 18 0 7A 
ID: 260, Data: 8B 1D 1F 30 5 FF 71 27 
ID: A0, Data: 82C 88 DE E 0 25 1 0 
ID: 5F0, Data: 20 0 
ID: 153, Data: 80 0 0 FF 0 FF 0 0 
ID: 43F, Data: 80 40 60 FF 77 8C E 0 
ID: 18F, Data: 8AA 48 0 0 0 0 0 0 
ID: 316, Data: 85 1D A6 E 1E 18 0 7A 
ID: 260, Data: 8B 1D 1E 30 5 FF 72 36 
ID: 18F, Data: 8AA 48 0 0 0 0 0 0 
ID: 316, Data: 85 1D 5E E 1D 19 0 7A 
ID: 153, Data: 80 0 0 FF 0 FF 0 0 
ID: 316, Data: 85 1D 4B E 1D 19 0 7A 
ID: 43F, Data: 80 40 60 FF 75 30 E 0 
ID: 440, Data: 8FE 50 0 A0 FF AA AA AA 
ID: 316, Data: 85 1D 43 E 1D 19 0 7A 
ID: 153, Data: 80 0 0 FF 0 FF 0 0 
ID: 316, Data: 85 1C F7 D 1E 19 0 7A 
ID: 18F, Data: 8AA 47 0 0 0 0 0 0 
ID: 316, Data: 85 1C FC D 1D 19 0 7A 
ID: A1, Data: 880 7E 80 7E 1D 0 0 0 
ID: 43F, Data: 80 40 60 FF 74 C4 D 0 
ID: 43F, Data: 80 40 60 FF 74 BC D 0 
ID: 370, Data: 8FF E0 F0 F0 FF FF FF FF 
ID: 316, Data: 85 1C B5 D 1D 19 0 7A 
ID: 316, Data: 85 1C A9 D 1D 19 0 7A 
ID: 153, Data: 80 0 0 FF 0 FF 0 0 
ID: 316, Data: 85 1C 8F D 1D 19 0 7A 
ID: 153, Data: 80 0 0 FF 0 FF 0 0 
ID: 316, Data: 85 1C 7C D 1E 19 0 7A 
ID: 1F1, Data: 80 0 0 0 0 0 0 0 
ID: 153, Data: 80 0 0 FF 0 FF 0 0 
ID: 153, Data: 80 0 0 FF 0 FF 0 0 
ID: 18F, Data: 8AA 47 0 0 0 0 0 0 
ID: 316, Data: 85 1C 28 D 1E 19 0 7A 
ID: 153, Data: 80 0 0 FF 0 FF 0 0 
ID: 43F, Data: 80 40 60 FF 74 0 D 0 
ID: 316, Data: 85 1D 28 D 1E 19 0 7A 
ID: 153, Data: 80 0 0 FF 0 FF 0 0 
ID: 316, Data: 85 1D 14 D 1E 19 0 7A 
ID: 153, Data: 80 0 0 FF 0 FF 0 0 
ID: 316, Data: 85 1D E2 C 1E 1A 0 7A 
ID: 1F1, Data: 80 0 0 0 0 0 0 0 
ID: 316, Data: 85 1D E2 C 1E 1A 0 7A 
ID: 153, Data: 80 0 0 FF 0 FF 0 0 
ID: 43F, Data: 80 40 60 FF 75 D4 C 0 
ID: 43F, Data: 80 40 60 FF 74 DC C 0 
ID: 153, Data: 80 0 0 FF 0 FF 0 0 
ID: 5F0, Data: 20 0 
ID: 153, Data: 80 0 0 FF 0 FF 0 0 
ID: 43F, Data: 80 40 60 FF 74 98 C 0 
ID: 153, Data: 80 0 0 FF 0 FF 0 0 
ID: 316, Data: 85 1D B0 C 1E 1A 0 7A 
ID: 153, Data: 80 0 0 FF 0 FF 0 0 
ID: 153, Data: 80 0 0 FF 0 FF 0 0 
ID: 43F, Data: 80 40 60 FF 74 80 C 0 
ID: 2A0, Data: 840 0 74 18 32 0 11 0 
ID: 1F0, Data: 80 40 0 0 0 0 0 0 
ID: 43F, Data: 80 40 60 FF 74 80 C 0 
ID: 260, Data: 8B 1C 1E 30 5 FF 70 1B 
ID: 153, Data: 80 0 0 FF 0 FF 0 0 
ID: 43F, Data: 80 40 60 FF 74 54 C 0 
ID: 43F, Data: 80 40 60 FF 74 3C C 0 
ID: 153, Data: 80 0 0 FF 0 FF 0 0 
ID: 316, Data: 85 1C 35 C 1E 1A 0 7A 
ID: 1F1, Data: 80 0 0 0 0 0 0 0 
ID: 153, Data: 80 0 0 FF 0 FF 0 0 
ID: 370, Data: 8FF E0 F0 F0 FF FF FF FF 
ID: 18F, Data: 8AA 45 0 0 0 0 0 0 
ID: 316, Data: 85 1C E0 B 1E 1A 0 7A 
ID: 43F, Data: 80 40 60 FF 75 CC B 0 
ID: 43F, Data: 80 40 60 FF 75 C4 B 0 
ID: 43F, Data: 80 40 60 FF 74 C0 B 0 
ID: 43F, Data: 80 40 60 FF 75 C4 B 0 
ID: 153, Data: 80 0 0 FF 0 FF 0 0 
ID: 153, Data: 80 0 0 FF 0 FF 0 0 
ID: 43F, Data: 80 40 60 FF 75 D0 B 0 
ID: 545, Data: 8E4 21 0 8B 3A 0 3A 0 
ID: 43F, Data: 80 40 60 FF 75 B8 B 0 
ID: 5F0, Data: 20 0 
ID: 153, Data: 80 0 0 FF 0 FF 0 0 
ID: 316, Data: 85 1D CA B 1E 1A 0 7A 
ID: 43F, Data: 80 40 60 FF 75 A8 B 0 
ID: 43F, Data: 80 40 60 FF 75 B4 B 0 
ID: 43F, Data: 80 40 60 FF 75 B8 B 0 
ID: 440, Data: 8FE 50 0 A0 FF AA AA AA 
ID: 440, Data: 8FE 50 0 A0 FF AA AA AA 
ID: 153, Data: 80 0 0 FF 0 FF 0 0 
ID: 545, Data: 8E4 21 0 8B 30 0 30 0 
ID: 316, Data: 85 1C CE B 1D 1A 0 7A 
ID: 153, Data: 80 0 0 FF 0 FF 0 0 
ID: A1, Data: 880 7E 80 7E 1E 0 0 0 
ID: 280, Data: 830 0 84 BE 17 16 74 40 
ID: 2A0, Data: 880 0 74 18 32 0 11 0 
ID: 153, Data: 80 0 0 FF 0 FF 0 0 
ID: 316, Data: 85 1C 99 B 1D 1A 0 7A 
ID: 1F1, Data: 80 0 0 0 0 0 0 0 
ID: 153, Data: 80 0 0 FF 0 FF 0 0 
ID: 153, Data: 80 0 0 FF 0 FF 0 0 
ID: 280, Data: 830 0 84 BE 16 16 74 40 
ID: 316, Data: 85 1C 59 B 1D 1A 0 7A 
ID: 153, Data: 80 0 0 FF 0 FF 0 0 
ID: 5F0, Data: 20 0 
ID: 153, Data: 80 0 0 FF 0 FF 0 0 
ID: 1F1, Data: 80 0 0 0 0 0 0 0 
ID: 329, Data: 840 BE 80 8 11 2A 0 26 
ID: 43F, Data: 80 40 60 FF 76 2C B 0 
ID: 316, Data: 85 1D 29 B 1D 1A 0 7A 
ID: 280, Data: 830 0 84 BE 16 16 74 41 
ID: A1, Data: 880 7E 80 7E 1F 0 0 0 
ID: 316, Data: 85 1D 24 B 1D 1A 0 7A 
ID: 153, Data: 80 0 0 FF 0 FF 0 0 
ID: 316, Data: 85 1D 27 B 1D 19 0 7A 
ID: 153, Data: 80 0 0 FF 0 FF 0 0 
ID: 316, Data: 85 1D 41 B 1D 1A 0 7A 
ID: 440, Data: 8FE A0 0 A0 FF AA AA AA 
ID: 316, Data: 85 1D 3A B 1D 19 0 7A 
ID: 153, Data: 80 0 0 FF 0 FF 0 0 
ID: 153, Data: 80 0 0 FF 0 FF 0 0 
ID: 18F, Data: 8AA 42 0 0 0 0 0 0 
ID: 18F, Data: 8AA 42 0 0 0 0 0 0 
ID: 316, Data: 85 1D DB A 1D 19 0 7A 
ID: 316, Data: 85 1D 0 B 1D 19 0 7A 
ID: 153, Data: 80 0 0 FF 0 FF 0 0 
ID: 316, Data: 85 1D 16 B 1D 19 0 7A 
ID: 153, Data: 80 0 0 FF 0 FF 0 0 
ID: 316, Data: 85 1D 14 B 1D 19 0 7A 
ID: 1F1, Data: 80 0 0 0 0 0 0 0 
ID: 440, Data: 8FE 50 0 A0 FF AA AA AA 
ID: 153, Data: 80 0 0 FF 0 FF 0 0 
ID: 316, Data: 85 1E 2A B 25 22 0 7A 
ID: 316, Data: 85 1F 47 B 25 22 0 7A 
ID: 316, Data: 85 1F 4C B 25 22 0 7A 
ID: 260, Data: 8B 20 25 30 5 FF 67 36 
ID: 153, Data: 80 0 0 FF 0 FF 0 0 
ID: 43F, Data: 80 40 60 FF 77 EC A 0 
ID: 1F0, Data: 80 40 0 0 0 0 0 0 
ID: 153, Data: 80 0 0 FF 0 FF 0 0 
ID: 5F0, Data: 20 0 
ID: 280, Data: 830 0 84 BC 15 1A 74 49 
ID: 329, Data: 840 BC 80 8 11 2C 0 26 
ID: 153, Data: 80 0 0 FF 0 FF 0 0 
ID: 316, Data: 845 24 63 A 25 21 0 7A 
ID: 316, Data: 845 24 47 A 25 21 0 7A 
ID: 153, Data: 80 0 0 FF 0 FF 0 0 
ID: A1, Data: 880 7E 80 7E 23 0 0 0 
ID: 329, Data: 8B BC 80 8 11 2B 0 26 
ID: 545, Data: 8E4 23 0 8B 45 0 45 0 
ID: 153, Data: 80 0 0 FF 0 FF 0 0 
ID: 153, Data: 80 0 0 FF 0 FF 0 0 
ID: 153, Data: 80 0 0 FF 0 FF 0 0 
ID: 280, Data: 830 0 84 BC 14 1B 74 4B 
ID: 43F, Data: 80 40 60 FF 77 58 A 0 
ID: A0, Data: 836 85 63 A 0 24 1 0 
ID: 316, Data: 845 24 63 A 25 21 0 7A 
ID: 153, Data: 80 0 0 FF 0 FF 0 0 
ID: 153, Data: 80 0 0 FF 0 FF 0 0 
ID: 43F, Data: 80 40 60 FF 77 50 A 0 
ID: 43F, Data: 80 40 60 FF 77 58 A 0 
ID: 43F, Data: 80 40 60 FF 77 64 A 0 
ID: 5F0, Data: 20 0 
ID: 153, Data: 80 0 0 FF 0 FF 0 0 
ID: 316, Data: 845 23 4B A 25 21 0 7A 
ID: 43F, Data: 80 40 60 FF 77 40 A 0 
ID: 316, Data: 845 23 3A A 25 21 0 7A 
ID: 545, Data: 8E4 22 0 8C 28 0 28 0 
ID: 316, Data: 845 24 36 A 25 21 0 7A 
ID: 1F1, Data: 80 0 0 0 0 0 0 0 
ID: 153, Data: 80 0 0 FF 0 FF 0 0 
ID: 370, Data: 8FF E0 F0 F0 FF FF FF FF 
ID: 43F, Data: 80 40 60 FF 77 18 A 0 
ID: 316, Data: 845 24 15 A 25 21 0 7A 
ID: 545, Data: 8E4 21 0 8B 33 0 33 0 
ID: 153, Data: 80 0 0 FF 0 FF 0 0 
ID: 316, Data: 845 24 1D A 25 21 0 7A 
ID: 153, Data: 80 0 0 FF 0 FF 0 0 
ID: 316, Data: 845 24 23 A 25 21 0 7A 
ID: 153, Data: 80 0 0 FF 0 FF 0 0 
ID: 316, Data: 845 24 17 A 25 21 0 7A 
ID: 43F, Data: 80 40 60 FF 77 8 A 0 
ID: 316, Data: 845 24 1B A 25 21 0 7A 
ID: 329, Data: 8B BB 80 8 11 2B 0 26 
ID: 153, Data: 80 0 0 FF 0 FF 0 0 
ID: 153, Data: 80 0 0 FF 0 FF 0 0 
ID: 440, Data: 8FE 0 0 A0 FF AA AA AA 
ID: 280, Data: 830 0 84 BA 14 1A 74 4A 
ID: 1F1, Data: 80 0 0 0 0 0 0 0 
ID: 316, Data: 845 23 7 A 25 21 0 7A 
ID: 5F0, Data: 20 0 
ID: 153, Data: 80 0 0 FF 0 FF 0 0 
ID: 316, Data: 845 23 F A 25 21 0 7A 
ID: 5F0, Data: 20 0 
ID: 43F, Data: 80 40 60 FF 77 F8 9 0 
ID: 153, Data: 80 0 0 FF 0 FF 0 0 
ID: 316, Data: 845 23 14 A 25 21 0 7A 
ID: 43F, Data: 80 40 60 FF 77 FC 9 0 
ID: 153, Data: 80 0 0 FF 0 FF 0 0 
ID: 316, Data: 845 23 F0 9 25 21 0 7A 
ID: 153, Data: 80 0 0 FF 0 FF 0 0 
ID: 440, Data: 8FE 0 0 A0 FF AA AA AA 
ID: 316, Data: 845 23 E9 9 26 21 0 7A 
ID: 18F, Data: 8AA 4E 0 0 0 0 0 0 
ID: 316, Data: 845 24 F0 9 25 21 0 7A 
ID: 43F, Data: 80 40 60 FF 77 CC 9 0 
ID: 316, Data: 845 24 E0 9 26 21 0 7A 
ID: 316, Data: 845 24 E1 9 26 21 0 7A 
ID: 260, Data: 8B 24 26 30 5 FF 77 21 
ID: 316, Data: 845 24 E4 9 26 21 0 7A 
ID: 316, Data: 845 24 EB 9 26 21 0 7A 
ID: 260, Data: 8B 24 26 30 5 FF 77 21 
ID: 153, Data: 80 0 0 FF 0 FF 0 0 
ID: 153, Data: 80 0 0 FF 0 FF 0 0 
ID: 43F, Data: 80 40 60 FF 77 D0 9 0 
ID: 153, Data: 80 0 0 FF 0 FF 0 0 
ID: 316, Data: 845 24 E4 9 26 21 0 7A 
ID: 153, Data: 80 0 0 FF 0 FF 0 0 
ID: 316, Data: 845 24 FA 9 25 21 0 7A 
ID: 153, Data: 80 0 0 FF 0 FF 0 0 
ID: 153, Data: 80 0 0 FF 0 FF 0 0 
ID: 316, Data: 845 25 7 A 25 21 0 7A 
ID: 43F, Data: 80 40 60 FF 77 EC 9 0 
ID: 43F, Data: 80 40 60 FF 77 FC 9 0 
ID: 370, Data: 8FF E0 F0 F0 FF FF FF FF 
ID: 316, Data: 845 24 20 A 25 21 0 7A 
ID: 316, Data: 845 25 12 A 25 21 0 7A 
ID: 316, Data: 845 24 1B A 25 21 0 7A 
ID: 18F, Data: 8AA 51 0 0 0 0 0 0 
ID: 43F, Data: 80 40 60 FF 77 C A 0 
ID: 43F, Data: 80 40 60 FF 77 14 A 0 
ID: 43F, Data: 80 40 60 FF 77 24 A 0 
ID: 153, Data: 80 0 0 FF 0 FF 0 0 
ID: 316, Data: 845 24 42 A 25 21 0 7A 
ID: 1F0, Data: 80 40 0 0 0 0 0 0 
ID: 153, Data: 80 0 0 FF 0 FF 0 0 
ID: 316, Data: 845 23 5A A 25 22 0 7A 
ID: 370, Data: 8FF E0 F0 F0 FF FF FF FF 
ID: 316, Data: 845 23 4C A 25 22 0 7A 
ID: 153, Data: 80 0 0 FF 0 FF 0 0 
ID: 153, Data: 80 0 0 FF 0 FF 0 0 
ID: 153, Data: 80 0 0 FF 0 FF 0 0 
ID: 2A0, Data: 880 0 74 18 32 0 11 0 
ID: 316, Data: 845 23 31 A 25 22 0 7A 
ID: 18F, Data: 8AA 53 0 0 0 0 0 0 
ID: 316, Data: 845 23 35 A 25 22 0 7A 
ID: A0, Data: 836 82 31 A 0 23 2 0 
ID: 153, Data: 80 0 0 FF 0 FF 0 0 
ID: 43F, Data: 80 40 60 FF 77 20 A 0 
ID: 153, Data: 80 0 0 FF 0 FF 0 0 
ID: 43F, Data: 80 40 60 FF 77 18 A 0 
ID: 153, Data: 80 0 0 FF 0 FF 0 0 
ID: 153, Data: 80 0 0 FF 0 FF 0 0 
ID: A0, Data: 837 81 A A 0 23 2 0 
ID: 370, Data: 8FF E0 F0 F0 FF FF FF FF 
ID: 5F0, Data: 20 0 
ID: 153, Data: 80 0 0 FF 0 FF 0 0 
ID: 316, Data: 845 23 2E A 25 22 0 7A 
ID: 2A0, Data: 840 0 74 18 32 0 11 0 
ID: A1, Data: 884 7E 82 7E 24 0 0 0 
ID: 316, Data: 845 23 40 A 25 22 0 7A 
ID: 153, Data: 80 0 0 FF 0 FF 0 0 
ID: 545, Data: 8E4 22 0 8B 1B 0 1B 0 
ID: 316, Data: 845 23 2C A 25 22 0 7A 
ID: 545, Data: 8E4 21 0 8B 1B 0 1B 0 
ID: 153, Data: 80 0 0 FF 0 FF 0 0 
ID: 153, Data: 80 0 0 FF 0 FF 0 0 
ID: 153, Data: 80 0 0 FF 0 FF 0 0 
ID: 18F, Data: 8AA 55 0 0 0 0 0 0 
ID: 316, Data: 845 23 3E A 25 22 0 7A 
ID: 316, Data: 845 23 31 A 25 22 0 7A 
ID: 545, Data: 8E4 21 0 8B 18 0 18 0 
ID: 153, Data: 80 0 0 FF 0 FF 0 0 
ID: 43F, Data: 80 40 60 FF 77 0 A 0 
ID: 43F, Data: 80 40 60 FF 77 FC 9 0 
ID: 153, Data: 80 0 0 FF 0 FF 0 0 
ID: 316, Data: 845 23 29 A 25 22 0 7A 
ID: 153, Data: 80 0 0 FF 0 FF 0 0 
ID: 153, Data: 80 0 0 FF 0 FF 0 0 
ID: 316, Data: 845 23 1B A 25 22 0 7A 
ID: 43F, Data: 80 40 60 FF 77 4 A 0 
ID: 316, Data: 845 23 17 A 25 22 0 7A 
ID: 316, Data: 845 23 21 A 25 22 0 7A 
ID: 153, Data: 80 0 0 FF 0 FF 0 0 
ID: 153, Data: 80 0 0 FF 0 FF 0 0 
ID: 545, Data: 8E4 22 0 8C 1A 0 1A 0 
ID: 316, Data: 845 23 2C A 25 22 0 7A 
ID: 260, Data: 8B 23 25 30 5 FF 71 1A 
ID: 316, Data: 845 23 47 A 24 22 0 7A 
ID: 316, Data: 845 23 42 A 24 22 0 7A 
ID: 260, Data: 8B 23 25 30 5 FF 70 1B 
ID: 43F, Data: 80 40 60 FF 77 38 A 0 
ID: 316, Data: 845 23 44 A 24 22 0 7A 
ID: 5F0, Data: 20 0 
ID: 43F, Data: 80 40 60 FF 77 2C A 0 
ID: A0, Data: 836 80 36 A 0 23 2 0 
ID: 153, Data: 80 0 0 FF 0 FF 0 0 
ID: 153, Data: 80 0 0 FF 0 FF 0 0 
ID: 260, Data: 8B 23 25 30 5 FF 70 C 
ID: 316, Data: 845 23 44 A 24 22 0 7A 
ID: 260, Data: 8B 23 25 30 5 FF 70 2A 
ID: 153, Data: 80 0 0 FF 0 FF 0 0 
ID: 370, Data: 8FF E0 F0 F0 FF FF FF FF 
ID: 43F, Data: 80 40 60 FF 77 30 A 0 
ID: 545, Data: 8E4 22 0 8B 10 0 10 0 
ID: 440, Data: 8FE F0 0 A0 FF AA AA AA 
ID: 316, Data: 845 23 31 A 25 22 0 7A 
ID: 329, Data: 840 B6 80 8 11 2B 0 26 
ID: 43F, Data: 80 40 60 FF 78 20 A 0 
ID: 153, Data: 80 0 0 FF 0 FF 0 0 
ID: 316, Data: 845 23 51 A 24 22 0 7A 
ID: 316, Data: 845 23 51 A 24 22 0 7A 
ID: 5F0, Data: 20 0 
ID: 43F, Data: 80 40 60 FF 77 3C A 0 
ID: 18F, Data: 8AA 59 0 0 0 0 0 0 
ID: 316, Data: 845 23 4F A 24 22 0 7A 
ID: A0, Data: 835 80 4D A 0 23 2 0 
ID: 316, Data: 845 22 5A A 24 22 0 7A 
ID: 440, Data: 8FE A0 0 A0 FF AA AA AA 
ID: 153, Data: 80 0 0 FF 0 FF 0 0 
ID: A1, Data: 886 7F 84 7F 23 0 0 0 
ID: 329, Data: 8ED B5 80 8 11 2B 0 26 
ID: 545, Data: 8E4 22 0 8C 8 0 8 0 
ID: 153, Data: 80 0 0 FF 0 FF 0 0 
ID: 440, Data: 8FE A0 0 A0 FF AA AA AA 
ID: 2A0, Data: 820 0 74 18 32 0 11 0 
ID: 153, Data: 80 0 0 FF 0 FF 0 0 
ID: 316, Data: 845 22 45 A 24 22 0 7A 
ID: 43F, Data: 80 40 60 FF 78 34 A 0 
ID: 316, Data: 845 22 41 A 24 22 0 7A 
ID: 2A0, Data: 8E0 0 74 18 32 0 11 0 
ID: 153, Data: 80 0 0 FF 0 FF 0 0 
ID: 316, Data: 845 22 45 A 24 22 0 7A 
ID: 153, Data: 80 0 0 FF 0 FF 0 0 
ID: 153, Data: 80 0 0 FF 0 FF 0 0 
ID: 370, Data: 8FF E0 F0 F0 FF FF FF FF 
ID: 43F, Data: 80 40 60 FF 78 34 A 0 
ID: 316, Data: 845 22 3C A 24 22 0 7A 
ID: 2A0, Data: 880 0 74 18 32 0 11 0 
ID: 153, Data: 80 0 0 FF 0 FF 0 0 
ID: 316, Data: 845 22 41 A 24 22 0 7A 
ID: 153, Data: 80 0 0 FF 0 FF 0 0 
ID: 316, Data: 845 22 44 A 24 22 0 7A 
ID: 153, Data: 80 0 0 FF 0 FF 0 0 
ID: 316, Data: 845 22 47 A 24 22 0 7A 
ID: 43F, Data: 80 40 60 FF 78 34 A 0 
ID: 316, Data: 845 22 3E A 24 22 0 7A 
ID: 18F, Data: 8AA 59 0 0 0 0 0 0 
ID: 153, Data: 80 0 0 FF 0 FF 0 0 
ID: 1F0, Data: 80 40 0 0 0 0 0 0 
ID: 280, Data: 830 0 84 B5 14 1A 74 4B 
ID: 316, Data: 845 22 3C A 24 22 0 7A 
ID: A0, Data: 835 80 3C A 0 23 2 0 
ID: 43F, Data: 80 40 60 FF 78 24 A 0 
ID: 43F, Data: 80 40 60 FF 78 28 A 0 
ID: 43F, Data: 80 40 60 FF 78 2C A 0 
ID: 43F, Data: 80 40 60 FF 78 30 A 0 
ID: 329, Data: 8B B4 80 8 11 2B 0 26 
ID: A0, Data: 836 7F 4D A 0 23 2 0 
ID: A0, Data: 836 7F 4D A 0 23 2 0 
ID: 43F, Data: 80 40 60 FF 78 38 A 0 
ID: A1, Data: 884 80 82 7F 23 0 0 0 
ID: 153, Data: 80 0 0 FF 0 FF 0 0 
ID: 43F, Data: 80 40 60 FF 78 34 A 0 
ID: 153, Data: 80 0 0 FF 0 FF 0 0 
ID: 153, Data: 80 0 0 FF 0 FF 0 0 
ID: A1, Data: 884 80 82 7F 23 0 0 0 
ID: 370, Data: 8FF E0 F0 F0 FF FF FF FF 
ID: 2A0, Data: 880 0 74 18 32 0 11 0 
ID: 316, Data: 845 24 1 A 25 22 0 7A 
ID: 316, Data: 845 25 B A 25 22 0 7A 
ID: 2A0, Data: 880 0 74 18 32 0 11 0 
ID: 153, Data: 80 0 0 FF 0 FF 0 0 
ID: 153, Data: 80 0 0 FF 0 FF 0 0 
ID: 153, Data: 80 0 0 FF 0 FF 0 0 
ID: 370, Data: 8FF E0 F0 FF FF FF FF FF 
ID: 316, Data: 845 24 45 A 24 22 0 7A 
ID: 153, Data: 80 0 0 FF 0 FF 0 0 
ID: 153, Data: 80 0 0 FF 0 FF 0 0 
ID: 440, Data: 877 9E 0 A0 FF AA AA AA 
ID: 43F, Data: 8F 47 60 FF 78 C A 0 
ID: 440, Data: 877 9E 0 A0 FF AA AA AA 
ID: 370, Data: 8FF E0 F0 FF FF FF FF FF 
ID: A1, Data: 883 80 80 7F 25 0 0 0 
ID: 316, Data: 845 29 18 A 39 21 0 7A 
ID: 316, Data: 845 2A 25 A 39 21 0 7A 
ID: 43F, Data: 8F 47 60 FF 78 B0 9 0 
ID: 43F, Data: 8F 47 60 FF 78 A4 9 0 
ID: 43F, Data: 8F 47 60 FF 78 84 9 0 
ID: 280, Data: 830 0 84 B4 14 22 74 5B 
ID: A0, Data: 84F 7F 2D A 0 27 2 0 
ID: 316, Data: 845 33 96 A 40 20 0 7A 
ID: 1F0, Data: 8B9 3F CD BF 0 0 0 0 
ID: 153, Data: 80 0 0 FF 0 FF 0 0 
ID: 316, Data: 845 35 96 A 40 20 0 7A 
ID: 440, Data: 886 EE 0 A0 FF AA AA AA 
ID: 2A0, Data: 820 0 74 18 32 0 11 0 
ID: 316, Data: 845 37 E7 A 40 20 0 7A 
ID: 153, Data: 80 0 0 FF 0 FF 0 0 
ID: 545, Data: 8E4 38 0 8A 90 1 90 1 
ID: 316, Data: 845 37 59 B 3F 20 0 7A 
ID: 545, Data: 8E4 39 0 8B 93 1 93 1 
ID: 153, Data: 80 0 0 FF 0 FF 0 0 
ID: 153, Data: 80 0 0 FF 0 FF 0 0 
ID: 153, Data: 80 0 0 FF 0 FF 0 0 
ID: 260, Data: 8B 37 3D 30 5 FF 6E 3E 
ID: 316, Data: 845 36 FB B 3C 21 0 7A 
ID: 43F, Data: 8F 47 60 FF 78 0 0 0 
ID: 153, Data: 80 0 0 FF 0 FF 0 0 
ID: 316, Data: 845 36 CC B 3D 21 0 7A 
ID: 43F, Data: 8F 47 60 FF 78 0 0 0 
ID: 316, Data: 845 36 DC B 3C 21 0 7A 
ID: 440, Data: 887 EE 0 A0 FF AA AA AA 
ID: 1F1, Data: 80 0 0 0 0 0 0 0 
ID: 316, Data: 845 36 CE B 3D 21 0 7A 
ID: 18F, Data: 8AA 56 0 0 0 0 0 0 
ID: 316, Data: 845 36 E9 B 3C 21 0 7A 
ID: 43F, Data: 8F 47 60 FF 78 6C 1 0 
ID: 316, Data: 845 36 E9 B 3C 21 0 7A 
ID: 316, Data: 845 36 E5 B 3C 21 0 7A 
ID: 2A0, Data: 880 0 74 18 32 0 11 0 
ID: 5F0, Data: 20 0 
ID: 153, Data: 80 0 0 FF 0 FF 0 0 
ID: 43F, Data: 8F 47 60 FF 78 40 2 0 
ID: 5F0, Data: 20 0 
ID: 316, Data: 845 36 10 C 3C 21 0 7A 
ID: 43F, Data: 8F 47 60 FF 78 AC 2 0 
ID: 316, Data: 845 36 F6 B 3C 21 1 7A 
ID: 316, Data: 845 36 F8 B 3C 21 1 7A 
ID: 18F, Data: 8AA 56 0 0 0 0 0 0 
ID: 316, Data: 845 36 19 C 3B 21 1 7A 
ID: 153, Data: 80 0 0 FF 0 FF 0 0 
ID: 316, Data: 845 36 8 C 3C 21 1 7A 
ID: 153, Data: 80 0 0 FF 0 FF 0 0 
ID: 316, Data: 845 36 FD B 3C 21 1 7A 
ID: 43F, Data: 87 47 60 FF 78 98 3 0 
ID: 440, Data: 87B 3E 2 A0 FF AA AA AA 
ID: 280, Data: 830 0 84 B4 18 24 74 63 
ID: 153, Data: 80 0 0 FF 0 FF 0 0 
ID: 153, Data: 80 0 0 FF 0 FF 0 0 
ID: 316, Data: 845 35 B7 B 2F 21 1 7A 
ID: 153, Data: 80 0 0 FF 0 FF 0 0 
ID: 316, Data: 845 33 E7 B 2F 21 2 7A 
ID: 370, Data: 8FF E0 F0 FF FF FF FF FF 
ID: 329, Data: 8B B4 80 8 12 2E 0 26 
ID: 316, Data: 845 30 47 C 30 21 2 7A 
ID: 153, Data: 80 0 0 FF 0 FF 0 0 
ID: 2A0, Data: 8E0 0 74 18 32 0 11 0 
ID: 316, Data: 845 2E F4 B 32 21 2 7A 
ID: 153, Data: 80 0 0 FF 0 FF 0 0 
ID: 153, Data: 80 0 0 FF 0 FF 0 0 
ID: 18F, Data: 8AA 58 0 0 0 0 0 0 
ID: 316, Data: 845 2D 91 B 40 21 2 7A 
ID: 153, Data: 80 0 0 FF 0 FF 0 0 
ID: 440, Data: 87D 3E 2 A0 FF AA AA AA 
ID: 316, Data: 845 31 68 B 40 21 2 7A 
ID: 153, Data: 80 0 0 FF 0 FF 0 0 
ID: 316, Data: 845 34 96 B 3F 21 2 7A 
ID: 370, Data: 8FF E0 F0 FF FF FF FF FF 
ID: 316, Data: 845 34 DC B 3E 21 2 7A 
ID: 153, Data: 80 0 0 FF 0 FF 0 0 
ID: 153, Data: 80 0 0 FF 0 FF 0 0 
ID: 316, Data: 845 35 C1 B 2F 21 2 7A 
ID: A1, Data: 888 80 87 80 2E 0 0 0 
ID: 316, Data: 845 34 60 B 41 21 2 7A 
ID: 316, Data: 845 34 B5 B 40 21 2 7A 
ID: 316, Data: 845 34 EE B 3E 21 2 7A 
ID: 153, Data: 80 0 0 FF 0 FF 0 0 
ID: 153, Data: 80 0 0 FF 0 FF 0 0 
ID: 316, Data: 845 34 E9 B 3E 21 2 7A 
ID: 153, Data: 80 0 0 FF 0 FF 0 0 
ID: 153, Data: 80 0 0 FF 0 FF 0 0 
ID: 153, Data: 80 0 0 FF 0 FF 0 0 
ID: 2A0, Data: 8E0 0 74 18 32 0 11 0 
ID: 316, Data: 845 35 D7 B 3D 21 2 7A 
ID: 18F, Data: 8AA 5B 0 0 0 0 0 0 
ID: 43F, Data: 87 47 60 FF 78 64 4 0 
ID: 5F0, Data: 20 0 
ID: 43F, Data: 87 47 60 FF 78 7C 4 0 
ID: 43F, Data: 87 47 60 FF 78 84 4 0 
ID: 440, Data: 880 9E 2 A0 FF AA AA AA 
ID: 316, Data: 845 36 E0 B 3D 21 2 7A 
ID: A1, Data: 889 81 88 80 2F 0 0 0 
ID: 316, Data: 845 36 ED B 3C 21 2 7A 
ID: 1F0, Data: 837 3F CD BF 0 0 0 0 
ID: 153, Data: 80 0 0 FF 0 FF 0 0 
ID: 329, Data: 8ED B4 80 8 12 30 0 26 
ID: 153, Data: 80 0 0 FF 0 FF 0 0 
ID: 260, Data: 8B 37 3C 30 5 FF 69 25 
ID: 316, Data: 845 36 ED B 3C 21 2 7A 
ID: A1, Data: 889 81 88 80 2F 0 0 0 
ID: 5F0, Data: 20 0 
ID: 153, Data: 80 0 0 FF 0 FF 0 0 
ID: 43F, Data: 87 47 60 FF 78 C4 5 0 
ID: 5F0, Data: 20 0 
ID: 316, Data: 845 36 1B C 3B 21 3 7A 
ID: 43F, Data: 87 47 60 FF 78 D4 5 0 
ID: 440, Data: 887 EE 3 A0 FF AA AA AA 
ID: 316, Data: 845 36 FB B 3C 21 3 7A 
ID: 316, Data: 845 36 E C 3B 21 3 7A 
ID: 316, Data: 845 36 17 C 3B 21 3 7A 
ID: 1F1, Data: 80 22 24 E0 1 23 C0 1 
ID: 153, Data: 80 0 0 FF 0 FF 0 0 
ID: 153, Data: 80 0 0 FF 0 FF 0 0 
ID: A1, Data: 889 81 89 80 2F 0 0 0 
ID: 545, Data: 8E4 3B 0 8B 70 1 70 1 
ID: 2A0, Data: 840 0 74 18 32 0 11 0 
ID: 153, Data: 80 0 0 FF 0 FF 0 0 
ID: 153, Data: 80 0 0 FF 0 FF 0 0 
ID: 1F0, Data: 82F 3F CD BF 0 0 0 0 
ID: 2A0, Data: 840 0 74 18 32 0 11 0 
ID: 260, Data: 8B 36 3C 30 5 FF 62 3C 
ID: 153, Data: 80 0 0 FF 0 FF 0 0 
ID: 43F, Data: 87 47 60 FF 78 A4 7 0 
ID: 43F, Data: 87 47 60 FF 78 D0 7 0 
ID: 153, Data: 80 0 0 FF 0 FF 0 0 
ID: 316, Data: 845 36 2A C 3B 21 4 7A 
ID: 5F0, Data: 20 0 
ID: 1F0, Data: 81D 3F CD BF 0 0 0 0 
ID: 370, Data: 8FF E0 F0 FF FF FF FF FF 
ID: 43F, Data: 87 47 60 FF 78 1C 8 0 
ID: 316, Data: 845 35 FB B 3C 21 4 7A 
ID: 153, Data: 80 0 0 FF 0 FF 0 0 
ID: 545, Data: 8E4 3D 0 8B 6E 1 6E 1 
ID: 316, Data: 845 35 28 C 3B 21 4 7A 
ID: 329, Data: 840 B4 80 8 11 30 0 26 
ID: 5F0, Data: 20 0 
ID: 153, Data: 80 0 0 FF 0 FF 0 0 
ID: 43F, Data: 87 47 60 FF 78 E0 8 0 
ID: 43F, Data: 87 47 60 FF 78 4 9 0 
ID: 43F, Data: 87 47 60 FF 78 18 9 0 
ID: 153, Data: 80 0 0 FF 0 FF 0 0 
ID: 153, Data: 80 0 0 FF 0 FF 0 0 
ID: 316, Data: 845 35 80 C 3A 21 4 7A 
ID: 153, Data: 80 0 0 FF 0 FF 0 0 
ID: 316, Data: 845 34 76 C 3A 21 4 7A 
ID: 153, Data: 80 0 0 FF 0 FF 0 0 
ID: 316, Data: 845 34 43 C 3B 21 5 7A 
ID: 440, Data: 8A1 EE 5 A0 FF AA AA AA 
ID: 316, Data: 845 34 30 C 3B 21 5 7A 
ID: 316, Data: 845 34 35 C 3B 21 5 7A 
ID: 316, Data: 845 35 33 C 3B 21 5 7A 
ID: 2A0, Data: 840 0 74 18 32 0 11 0 
ID: 43F, Data: 87 47 60 FF 78 FC 9 0 
ID: 370, Data: 8FF E0 F0 FF FF FF FF FF 
ID: 316, Data: 845 35 56 C 3A 21 5 7A 
ID: 153, Data: 80 0 0 FF 0 FF 0 0 
ID: 316, Data: 845 35 62 C 3A 21 5 7A 
ID: 1F1, Data: 80 45 3A F0 2 38 C0 2 
ID: 1F0, Data: 828 3F CD BF 0 0 0 0 
ID: 280, Data: 830 0 84 B4 18 23 74 62 
ID: 2A0, Data: 820 0 74 18 32 0 11 0 
ID: 43F, Data: 87 47 60 FF 78 F0 9 0 
ID: 43F, Data: 87 47 60 FF 78 F4 9 0 
ID: 316, Data: 845 35 98 C 39 21 5 7A 
ID: 260, Data: 8B 35 3A 30 5 FF 5C 27 
ID: 153, Data: 80 0 0 FF 0 FF 0 0 
ID: 153, Data: 80 0 0 FF 0 FF 0 0 
ID: 370, Data: 8FF E0 F0 FF FF FF FF FF 
ID: 43F, Data: 87 47 60 FF 78 8C 9 0 
ID: 316, Data: 845 34 66 C 3A 21 5 7A 
ID: 260, Data: 8B 35 3A 30 5 FF 5D 17 
ID: 153, Data: 80 0 0 FF 0 FF 0 0 
ID: 316, Data: 845 34 47 C 3A 21 5 7A 
ID: 153, Data: 80 0 0 FF 0 FF 0 0 
ID: 316, Data: 845 34 41 C 3A 21 5 7A 
ID: 316, Data: 845 34 3D C 3B 21 5 7A 
ID: 153, Data: 80 0 0 FF 0 FF 0 0 
ID: 153, Data: 80 0 0 FF 0 FF 0 0 
ID: 260, Data: 8B 35 3B 30 5 FF 5F 23 
ID: 316, Data: 845 34 2C C 3B 21 4 7A 
ID: 43F, Data: 87 47 60 FF 78 88 8 0 
ID: 316, Data: 845 34 3B C 3B 21 4 7A 
ID: 316, Data: 845 35 2A C 3B 21 4 7A 
ID: 260, Data: 8B 35 3B 30 5 FF 5F 5 
ID: 43F, Data: 87 47 60 FF 78 C 8 0 
ID: 1F0, Data: 842 3F CD BF 0 0 0 0 
ID: 316, Data: 845 35 19 C 2E 21 4 7A 
ID: 316, Data: 845 35 E2 B 2E 21 4 7A 
ID: 2A0, Data: 840 0 74 18 32 0 11 0 
ID: 43F, Data: 87 47 60 FF 78 34 7 0 
ID: 153, Data: 80 0 0 FF 0 FF 0 0 
ID: 440, Data: 88C 9E 4 A0 FF AA AA AA 
ID: 43F, Data: 87 47 60 FF 78 58 6 0 
ID: 280, Data: 830 0 84 B4 18 20 74 5B 
ID: 153, Data: 80 0 0 FF 0 FF 0 0 
ID: 316, Data: 845 2E E C 31 21 3 7A 
ID: 153, Data: 80 0 0 FF 0 FF 0 0 
ID: 316, Data: 845 2D DC B 31 22 3 7A 
ID: 43F, Data: 87 47 60 FF 78 A4 4 0 
ID: 316, Data: 845 2D 9F B 32 22 3 7A 
ID: 329, Data: 8B B4 80 8 12 2E 0 26 
ID: A0, Data: 83F 7F 9F B 3 26 2 0 
ID: 316, Data: 845 2D 74 B 32 21 2 7A 
ID: 153, Data: 80 0 0 FF 0 FF 0 0 
ID: 316, Data: 845 2D 5B B 33 21 2 7A 
ID: 153, Data: 80 0 0 FF 0 FF 0 0 
ID: 316, Data: 845 2D 29 B 2F 21 2 7A 
ID: 43F, Data: 89 45 60 FF 78 50 2 0 
ID: 316, Data: 845 2C 22 B 2F 21 1 7A 
ID: 18F, Data: 8AA 63 0 0 0 0 0 0 
ID: 153, Data: 80 0 0 FF 0 FF 0 0 
ID: 43F, Data: 89 48 60 FF 78 F0 B 0 
ID: 2A0, Data: 820 0 74 18 32 0 11 0 
ID: 43F, Data: 89 48 60 FF 78 64 C 0 
ID: 43F, Data: 89 48 60 FF 78 A8 C 0 
ID: 43F, Data: 89 48 60 FF 78 C4 C 0 
ID: 316, Data: 845 2C AC C 3A 22 1 7A 
ID: 316, Data: 845 2D 92 C 3A 22 1 7A 
ID: 153, Data: 80 0 0 FF 0 FF 0 0 
ID: 316, Data: 845 30 8A C 3A 22 1 7A 
ID: 153, Data: 80 0 0 FF 0 FF 0 0 
ID: 316, Data: 845 31 9A C 38 21 0 7A 
ID: 440, Data: 837 91 0 A0 FF AA AA AA 
ID: 316, Data: 845 31 6C C 38 21 0 7A 
ID: 316, Data: 845 32 A C 39 21 0 7A 
ID: 316, Data: 845 33 E9 B 39 21 0 7A 
ID: 316, Data: 845 33 AC B 3A 21 0 7A 
ID: 43F, Data: 89 48 60 FF 78 D8 7 0 
ID: 440, Data: 838 E1 0 A0 FF AA AA AA 
ID: 316, Data: 845 35 D2 B 3A 21 0 7A 
ID: A1, Data: 885 83 85 82 2E 0 0 0 
ID: 153, Data: 80 0 0 FF 0 FF 0 0 
ID: 5F0, Data: 20 0 
ID: 153, Data: 80 0 0 FF 0 FF 0 0 
ID: 153, Data: 80 0 0 FF 0 FF 0 0 
ID: 545, Data: 8E4 3E 0 8C D4 1 D4 1 
ID: 43F, Data: 89 48 60 FF 78 80 2 0 
ID: 43F, Data: 89 48 60 FF 78 0 3 0 
ID: 43F, Data: 89 48 60 FF 78 E0 3 0 
ID: 440, Data: 8FE 41 1 A0 FF AA AA AA 
ID: 153, Data: 80 0 0 FF 0 FF 0 0 
ID: 329, Data: 8ED B4 80 8 11 32 9 26 
ID: 153, Data: 80 0 0 FF 0 FF 0 0 
ID: 260, Data: 8B 40 4A 30 5 FF 9A 37 
ID: 440, Data: 8FE 41 2 A0 FF AA AA AA 
ID: 440, Data: 8FE 41 2 A0 FF AA AA AA 
ID: 316, Data: 845 3D 6B F 3F 1F 2 7A 
ID: 18F, Data: 8AA 61 0 0 0 0 0 0 
ID: 43F, Data: 81 48 60 FF 78 2C 7 0 
ID: 153, Data: 80 0 0 FF 0 FF 0 0 
ID: 43F, Data: 81 48 60 FF 78 E8 7 0 
ID: 153, Data: 80 0 0 FF 0 FF 0 0 
ID: 153, Data: 80 0 0 FF 0 FF 0 0 
ID: A0, Data: 847 7F 8A 10 4 2B 2 0 
ID: 280, Data: 830 0 88 B4 21 24 74 61 
ID: 2A0, Data: 81 2 74 18 32 0 11 0 
ID: 316, Data: 845 3A A0 10 46 1F 4 7A 
ID: 153, Data: 80 0 0 FF 0 FF 0 0 
ID: 545, Data: 8E4 4F 0 8C E4 1 E4 1 
ID: 316, Data: 845 3A C3 10 46 1F 5 7A 
ID: 545, Data: 8E4 51 0 8B EB 1 EB 1 
ID: 316, Data: 845 3B EF 10 4D 1F 5 7A 
ID: 153, Data: 80 0 0 FF 0 FF 0 0 
ID: 18F, Data: 8AA 61 0 0 0 0 0 0 
ID: 316, Data: 845 3D 39 11 53 1F 6 7A 
ID: 316, Data: 845 3F 58 11 52 1E 6 7A 
ID: A1, Data: 886 7F 85 80 30 0 0 0 
ID: 153, Data: 80 0 0 FF 0 FF 0 0 
ID: 316, Data: 845 42 2E 12 51 1E 7 7A 
ID: 153, Data: 80 0 0 FF 0 FF 0 0 
ID: 316, Data: 845 43 D0 12 50 1D 7 7A 
ID: 316, Data: 845 43 10 13 50 1D 7 7A 
ID: A1, Data: 887 7F 84 80 33 0 0 0 
ID: 370, Data: 8FF E0 F0 FF FF FF FF FF 
ID: 43F, Data: 81 48 60 FF 78 C 10 0 
ID: 153, Data: 80 0 0 FF 0 FF 0 0 
ID: 5F0, Data: 20 0 
ID: 440, Data: 8FE 91 8 A0 FF AA AA AA 
ID: 153, Data: 80 0 0 FF 0 FF 0 0 
ID: 153, Data: 80 0 0 FF 0 FF 0 0 
ID: 316, Data: 845 48 AB 15 57 1C 9 7A 
ID: 260, Data: 8B 48 58 30 5 FF C3 7 
ID: 316, Data: 845 4A 78 16 57 1C 9 7A 
ID: 316, Data: 845 4B E8 16 57 1C 9 7A 
ID: 43F, Data: 81 48 60 FF 78 2C 14 0 
ID: 440, Data: 8FE 41 9 A0 FF AA AA AA 
ID: 18F, Data: 8AA 62 0 0 0 0 0 0 
ID: 153, Data: 80 0 0 FF 0 FF 0 0 
ID: 153, Data: 80 0 0 FF 0 FF 0 0 
ID: A1, Data: 885 7B 87 7E 3D 0 0 0 
ID: 329, Data: 840 B4 80 8 11 3D 20 26 
ID: 545, Data: 8E4 A5 0 8C 84 3 84 3 
ID: 43F, Data: 81 48 60 FF 78 B4 17 0 
ID: 43F, Data: 81 48 60 FF 79 38 18 0 
ID: 316, Data: 845 4E 52 1B 55 1C C 7A 
ID: 5F0, Data: 20 0 
ID: 316, Data: 845 4C 3F 1C 54 1C C 7A 
ID: 43F, Data: 81 48 60 FF 78 28 1A 0 
ID: A1, Data: 884 7B 86 7E 3B 0 0 0 
ID: 316, Data: 845 4B 48 1D 53 1C D 7A 
ID: 316, Data: 845 4C B7 1D 53 1C D 7A 
ID: 545, Data: 8E4 B5 0 8C 43 3 43 3 
ID: 43F, Data: 81 48 60 FF 78 58 1C 0 
ID: 43F, Data: 81 48 60 FF 78 CC 1C 0 
ID: 329, Data: 8B B4 80 8 11 40 20 26 
ID: 153, Data: 80 0 0 FF 0 FF 0 0 
ID: 153, Data: 80 0 0 FF 0 FF 0 0 
ID: 370, Data: 8FF E0 F0 FF FF FF FF FF 
ID: 43F, Data: 81 48 60 FF 78 0 1F 0 
ID: 153, Data: 80 0 0 FF 0 FF 0 0 
ID: 545, Data: 8E4 C4 0 8C F 3 F 3 
ID: 43F, Data: 81 48 60 FF 78 1C 20 0 
ID: 316, Data: 845 49 3F 22 4E 1D 10 7A 
ID: 2A0, Data: 8A1 F 74 18 32 0 11 0 
ID: 153, Data: 80 0 0 FF 0 FF 0 0 
ID: 316, Data: 845 48 55 23 4D 1D 11 7A 
ID: 153, Data: 80 0 0 FF 0 FF 0 0 
ID: 18F, Data: 8AA 62 0 0 0 0 0 0 
ID: 280, Data: 830 0 88 B3 48 2B 74 74 
ID: 43F, Data: 81 48 60 FF 78 18 23 0 
ID: A0, Data: 853 7F 6E 24 12 39 2 0 
ID: 153, Data: 80 0 0 FF 0 FF 0 0 
ID: 316, Data: 845 48 AA 25 4C 1E 12 7A 
ID: 153, Data: 80 0 0 FF 0 FF 0 0 
ID: A0, Data: 854 7F 74 25 13 39 2 0 
ID: 329, Data: 884 B3 80 8 11 42 20 26 
ID: A0, Data: 852 7F 89 26 13 39 2 0 
ID: 316, Data: 845 45 37 27 4A 1E 13 7A 
ID: 316, Data: 845 45 86 27 4A 1F 14 7A 
ID: 440, Data: 8FE 91 12 A0 FF AA AA AA 
ID: 280, Data: 830 0 88 B3 50 29 74 6B 
ID: 153, Data: 80 0 0 FF 0 FF 0 0 
ID: 370, Data: 8FF DD F0 FF FF FF FF FF 
ID: 316, Data: 845 45 FB 28 2A 1F 15 7A 
ID: 153, Data: 80 0 0 FF 0 FF 0 0 
ID: 545, Data: 8E4 D0 0 8B 12 2 12 2 
ID: 316, Data: 845 34 AA 29 15 21 15 7A 
ID: 153, Data: 80 0 0 FF 0 FF 0 0 
ID: 316, Data: 845 29 11 29 17 22 15 7A 
ID: 153, Data: 80 0 0 FF 0 FF 0 0 
ID: 316, Data: 845 23 29 28 18 23 16 7A 
ID: 316, Data: 845 20 D7 27 18 23 16 7A 
ID: 43F, Data: 81 48 60 FF 78 F4 27 0 
ID: 329, Data: 884 B3 80 8 11 32 0 26 
ID: 153, Data: 80 0 0 FF 0 FF 0 0 
ID: 316, Data: 845 1A D5 26 19 23 16 7A 
ID: 153, Data: 80 0 0 FF 0 FF 0 0 
ID: 280, Data: 830 0 84 B3 4D 10 74 2E 
ID: 316, Data: 845 17 50 26 19 23 16 7A 
ID: 153, Data: 80 0 0 FF 0 FF 0 0 
ID: 316, Data: 845 14 AA 25 19 23 15 7A 
ID: 43F, Data: 81 48 60 FF 79 C 27 0 
ID: 18F, Data: 8AA 62 0 0 0 0 0 0 
ID: 316, Data: 845 12 2A 24 1A 23 15 7A 
ID: 43F, Data: 81 48 60 FF 79 18 26 0 
ID: 316, Data: 845 13 F7 22 1A 22 15 7A 
ID: 18F, Data: 8AA 62 0 0 0 0 0 0 
ID: 153, Data: 80 0 0 FF 0 FF 0 0 
ID: 316, Data: 845 16 AB 21 1A 22 14 7A 
ID: 5F0, Data: 20 0 
ID: 316, Data: 845 17 1C 21 1A 22 14 7A 
ID: 440, Data: 8FE 31 12 A0 FF AA AA AA 
ID: 153, Data: 80 0 0 FF 0 FF 0 0 
ID: 280, Data: 830 0 84 B3 40 19 74 42 
ID: 316, Data: 845 1A 34 20 1A 21 13 7A 
ID: 43F, Data: 81 48 60 FF 78 C 23 0 
ID: 316, Data: 845 1B 0 20 1A 21 13 7A 
ID: 545, Data: 8E4 6C 0 8C 8B FF 8B FF 
ID: 316, Data: 845 1B B2 1F 1A 21 12 7A 
ID: 316, Data: 84D 1A 59 1F 1A 21 12 7A 
ID: 153, Data: 80 0 0 FF 0 FF 0 0 
ID: 18F, Data: 8AA 61 0 0 0 0 0 0 
ID: 316, Data: 84D 16 B8 1E 1B 21 12 7A 
ID: 43F, Data: 81 48 60 FF 78 3C 21 0 
ID: 153, Data: 80 0 0 FF 0 FF 0 0 
ID: 5F0, Data: 20 0 
ID: 1F1, Data: 80 ED 7F A0 8 7E C0 8 
ID: 316, Data: 84D 13 C 1C 1C 21 11 7A 
ID: 5F0, Data: 20 0 
ID: 280, Data: 830 0 20 B3 35 19 74 41 
ID: 316, Data: 84D F AA 1A 1D 21 11 7A 
ID: 153, Data: 80 0 0 FF 0 FF 0 0 
ID: 316, Data: 84D 10 40 19 1D 21 11 7A 
ID: 1F0, Data: 819 40 CD BF 0 0 0 0 
ID: A0, Data: 833 7E 63 18 11 2B 4 0 
ID: 153, Data: 80 0 0 FF 0 FF 0 0 
ID: 153, Data: 80 0 0 FF 0 FF 0 0 
ID: 5F0, Data: 20 0 
ID: 260, Data: 80 5 20 38 5 FF 4E 9 
ID: 280, Data: 830 0 4 B2 2B 1A 74 42 
ID: 2A0, Data: 880 9 74 18 32 0 11 0 
ID: 43F, Data: 81 48 60 FF 79 E4 1C 0 
ID: 316, Data: 845 17 79 13 22 21 F 7A 
ID: 153, Data: 80 0 0 FF 0 FF 0 0 
ID: 316, Data: 845 26 48 12 24 21 F 7A 
ID: A1, Data: 880 80 80 7D 21 0 0 0 
ID: 316, Data: 845 2C DF 11 2E 21 F 7A 
ID: 440, Data: 8FE 91 D A0 FF AA AA AA 
ID: 260, Data: 8B 2E 33 30 5 FF A4 29 
ID: 316, Data: 845 2C 63 14 30 20 E 7A 
ID: 316, Data: 845 2B 8D 15 30 20 E 7A 
ID: 440, Data: 8FE E1 D A0 FF AA AA AA 
ID: 316, Data: 845 28 80 17 2E 21 E 7A 
ID: 153, Data: 80 0 0 FF 0 FF 0 0 
ID: 316, Data: 845 28 8 19 2D 21 E 7A 
ID: 1F0, Data: 8FA 3F CD BF 0 0 0 0 
ID: 153, Data: 80 0 0 FF 0 FF 0 0 
ID: 316, Data: 845 29 59 1A 2C 21 D 7A 
ID: 153, Data: 80 0 0 FF 0 FF 0 0 
ID: A1, Data: 882 7B 82 7C 1F 0 0 0 
ID: 329, Data: 840 B2 80 8 11 34 6 26 
ID: 280, Data: 830 0 88 B2 36 18 74 40 
ID: 5F0, Data: 20 0 
ID: 316, Data: 845 28 19 1B 2B 21 D 7A 
ID: 316, Data: 845 28 EA 1A 2B 21 D 7A 
ID: 153, Data: 80 0 0 FF 0 FF 0 0 
ID: 316, Data: 845 29 59 1A 2C 21 D 7A 
ID: 153, Data: 80 0 0 FF 0 FF 0 0 
ID: 316, Data: 845 29 1C 1A 2C 21 D 7A 
ID: 316, Data: 845 29 24 1A 2C 21 D 7A 
ID: A1, Data: 882 7B 82 7C 20 0 0 0 
ID: 43F, Data: 81 48 60 FF 79 34 1A 0 
ID: 43F, Data: 81 48 60 FF 79 4C 1A 0 
ID: 316, Data: 845 29 D8 1A 2B 21 D 7A 
ID: 1F0, Data: 8E9 3F CD BF 0 0 0 0 
ID: 316, Data: 845 29 10 1B 2B 21 D 7A 
ID: 316, Data: 845 29 19 1B 2B 21 D 7A 
ID: 153, Data: 80 0 0 FF 0 FF 0 0 
ID: 153, Data: 80 0 0 FF 0 FF 0 0 
ID: 316, Data: 845 28 23 1B 2B 21 D 7A 
ID: 5A0, Data: 80 0 0 90 0 0 0 0 
ID: 316, Data: 845 28 2C 1B 2B 21 D 7A 
ID: 153, Data: 80 0 0 FF 0 FF 0 0 
ID: 316, Data: 845 28 52 1B 2B 21 D 7A 
ID: 316, Data: 845 28 5C 1B 2B 21 D 7A 
ID: A1, Data: 884 7B 86 7C 1F 0 0 0 
ID: 43F, Data: 81 48 60 FF 79 F4 1A 0 
ID: 316, Data: 845 28 78 1B 2B 21 D 7A 
ID: 280, Data: 830 0 88 B1 37 18 74 42 
ID: 316, Data: 845 28 96 1B 2B 21 D 7A 
ID: 316, Data: 845 28 9F 1B 2B 21 E 7A 
ID: 43F, Data: 81 48 60 FF 79 44 1B 0 
ID: 43F, Data: 81 48 60 FF 79 54 1B 0 
ID: 260, Data: 8B 28 2B 30 5 FF CC 0 
ID: 5F0, Data: 20 0 
ID: 316, Data: 845 28 F8 1B 2B 21 E 7A 
ID: 316, Data: 845 28 2 1C 2B 21 E 7A 
ID: 260, Data: 8B 29 2B 30 5 FF CD 3B 
ID: 153, Data: 80 0 0 FF 0 FF 0 0 
ID: 316, Data: 845 28 2B 1C 1C 21 E 7A 
ID: 43F, Data: 81 48 60 FF 79 B0 1B 0 
ID: 280, Data: 830 0 88 B1 38 19 74 42 
ID: 153, Data: 80 0 0 FF 0 FF 0 0 
ID: 153, Data: 80 0 0 FF 0 FF 0 0 
ID: 316, Data: 845 28 5E 1C 1C 22 E 7A 
ID: 153, Data: 80 0 0 FF 0 FF 0 0 
ID: 316, Data: 845 25 3F 1C 1C 22 E 7A 
ID: 316, Data: 845 23 35 1C 1C 22 E 7A 
ID: 329, Data: 8B B1 80 8 11 31 0 26 
ID: 43F, Data: 81 48 60 FF 79 DC 1B 0 
ID: 316, Data: 845 1F BD 1B 1C 22 E 7A 
ID: 545, Data: 8E4 47 0 8B AC FF AC FF 
ID: 316, Data: 845 1C 52 1B 1D 22 E 7A 
ID: 329, Data: 884 B1 80 8 11 31 0 26 
ID: 43F, Data: 81 48 60 FF 79 C 1B 0 
ID: 43F, Data: 81 48 60 FF 79 30 1B 0 
ID: 153, Data: 80 0 0 FF 0 FF 0 0 
ID: 43F, Data: 81 48 60 FF 79 78 1B 0 
ID: 2A0, Data: 820 6 74 18 32 0 11 0 
ID: 43F, Data: 81 48 60 FF 79 64 1B 0 
ID: 1F0, Data: 899 3F CD BF 0 0 0 0 
ID: 153, Data: 80 0 0 FF 0 FF 0 0 
ID: 329, Data: 8ED B1 80 8 11 33 0 26 
ID: 153, Data: 80 0 0 FF 0 FF 0 0 
ID: 43F, Data: 81 48 60 FF 79 D0 1A 0 
ID: 316, Data: 845 1D 93 19 1D 22 D 7A 
ID: A0, Data: 82E 7D 71 19 D 2B 2 0 
ID: 316, Data: 845 1E BD 19 1D 22 D 7A 
ID: 153, Data: 80 0 0 FF 0 FF 0 0 
ID: A0, Data: 82D 7D B4 19 D 2B 2 0 
ID: 329, Data: 884 B1 80 8 11 33 0 26 
ID: 1F1, Data: 80 E 70 30 6 70 50 6 
ID: 153, Data: 80 0 0 FF 0 FF 0 0 
ID: 153, Data: 80 0 0 FF 0 FF 0 0 
ID: A1, Data: 882 80 89 7D 1D 0 0 0 
ID: 329, Data: 840 B1 80 8 11 33 0 26 
ID: 545, Data: 8E4 4B 0 8B BC FF BC FF 
ID: 153, Data: 80 0 0 FF 0 FF 0 0 
ID: 153, Data: 80 0 0 FF 0 FF 0 0 
ID: 43F, Data: 81 48 60 FF 79 98 19 0 
ID: 153, Data: 80 0 0 FF 0 FF 0 0 
ID: 316, Data: 845 1D 18 19 1D 21 C 7A 
ID: 153, Data: 80 0 0 FF 0 FF 0 0 
ID: 280, Data: 830 0 84 B1 31 17 74 3D 
ID: 316, Data: 845 1E D0 18 1D 21 C 7A 
ID: 43F, Data: 81 48 60 FF 79 50 19 0 
ID: 440, Data: 8FE 91 C A0 FF AA AA AA 
ID: 545, Data: 8E4 44 0 8B BE FF BE FF 
ID: 153, Data: 80 0 0 FF 0 FF 0 0 
ID: 316, Data: 845 1E 45 18 1D 21 B 7A 
ID: 5F0, Data: 20 0 
ID: A0, Data: 82C 7D 54 18 C 2A 2 0 
ID: 18F, Data: 8AA 5D 0 0 0 0 0 0 
ID: A0, Data: 82D 7D FB 17 C 2A 2 0 
ID: 329, Data: 840 B1 80 8 11 32 0 26 
ID: 316, Data: 845 1E DD 17 1D 21 B 7A 
ID: 1F1, Data: 80 43 71 E0 5 6E A0 5 
ID: 43F, Data: 81 48 60 FF 79 6C 18 0 
ID: 280, Data: 830 0 84 B1 2F 17 74 3D 
ID: 153, Data: 80 0 0 FF 0 FF 0 0 
ID: 153, Data: 80 0 0 FF 0 FF 0 0 
ID: 316, Data: 845 1D C7 17 1C 21 B 7A 
ID: 153, Data: 80 0 0 FF 0 FF 0 0 
ID: 316, Data: 845 1D 95 17 1D 21 B 7A 
ID: 440, Data: 8FE 41 C A0 FF AA AA AA 
ID: 2A0, Data: 820 3 74 18 32 0 11 0 
ID: 316, Data: 845 1D 33 17 1D 21 B 7A 
ID: 316, Data: 845 1D 11 17 1D 21 A 7A 
ID: A0, Data: 82B 7D 11 17 B 29 2 0 
ID: 316, Data: 845 1D D4 16 1D 21 A 7A 
ID: 153, Data: 80 0 0 FF 0 FF 0 0 
ID: 153, Data: 80 0 0 FF 0 FF 0 0 
ID: 329, Data: 884 B1 80 8 11 31 0 26 
ID: 43F, Data: 81 48 60 FF 79 48 17 0 
ID: 440, Data: 8FE 91 B A0 FF AA AA AA 
ID: 153, Data: 80 0 0 FF 0 FF 0 0 
ID: 316, Data: 845 1D 4B 16 1D 21 A 7A 
ID: 316, Data: 845 1D 38 16 1D 21 A 7A 
ID: 260, Data: 8B 1D 1E 30 5 FF 80 19 
ID: 43F, Data: 81 48 60 FF 79 B8 16 0 
ID: 316, Data: 845 1D 19 16 1D 21 A 7A 
ID: 440, Data: 8FE E1 B A0 FF AA AA AA 
ID: 316, Data: 845 1D D5 15 1E 21 A 7A 
ID: 545, Data: 8E4 3F 0 8C BE FF BE FF 
ID: 43F, Data: 81 48 60 FF 79 70 16 0 
ID: 329, Data: 8B B1 80 8 11 31 0 26 
ID: 153, Data: 80 0 0 FF 0 FF 0 0 
ID: 5F0, Data: 20 0 
ID: 153, Data: 80 0 0 FF 0 FF 0 0 
ID: 153, Data: 80 0 0 FF 0 FF 0 0 
ID: 43F, Data: 81 48 60 FF 79 10 16 0 
ID: 316, Data: 845 1E 9F 15 1E 21 A 7A 
ID: 18F, Data: 8AA 5D 0 0 0 0 0 0 
ID: 316, Data: 845 1E 9F 15 1E 21 A 7A 
ID: 370, Data: 8FF DD F0 FF FF FF FF FF 
ID: 1F0, Data: 84E 3F CD BF 0 0 0 0 
ID: 316, Data: 845 1E 99 15 1E 21 A 7A 
ID: 153, Data: 80 0 0 FF 0 FF 0 0 
ID: 545, Data: 8E4 3E 0 8B C7 FF C7 FF 
ID: 316, Data: 845 1E 69 15 1E 21 A 7A 
ID: 43F, Data: 81 48 60 FF 79 C0 15 0 
ID: 316, Data: 845 1E 52 15 1E 21 A 7A 
ID: 2A0, Data: 820 2 74 18 32 0 11 0 
ID: 153, Data: 80 0 0 FF 0 FF 0 0 
ID: 316, Data: 845 1C 3B 15 15 18 A 7A 
ID: 153, Data: 80 0 0 FF 0 FF 0 0 
ID: 316, Data: 845 1B F1 14 15 18 A 7A 
ID: 316, Data: 845 1A BF 14 15 18 A 7A 
ID: A1, Data: 882 80 88 7D 1B 0 0 0 
ID: 43F, Data: 81 48 60 FF 79 F0 14 0 
ID: 153, Data: 80 0 0 FF 0 FF 0 0 
ID: 2A0, Data: 880 2 74 18 32 0 11 0 
ID: 316, Data: 85 19 74 13 17 18 9 7A 
ID: 1F0, Data: 85E 3F CD BF 0 0 0 0 
ID: 153, Data: 80 0 0 FF 0 FF 0 0 
ID: 43F, Data: 81 48 60 FF 79 3C 14 0 
ID: 153, Data: 80 0 0 FF 0 FF 0 0 
ID: 153, Data: 80 0 0 FF 0 FF 0 0 
ID: 43F, Data: 81 48 60 FF 79 BC 13 0 
ID: 18F, Data: 8AA 5C 0 0 0 0 0 0 
ID: 153, Data: 80 0 0 FF 0 FF 0 0 
ID: A0, Data: 824 7E 28 13 9 25 2 0 
ID: 545, Data: 8E4 2D 0 8B 10 0 10 0 
ID: 260, Data: 8B 19 18 30 5 FF 7B A 
ID: 43F, Data: 81 48 60 FF 79 F4 12 0 
ID: 370, Data: 8FF DD F0 FF FF FF FF FF 
ID: 316, Data: 85 19 2E 12 19 19 9 7A 
ID: 153, Data: 80 0 0 FF 0 FF 0 0 
ID: 316, Data: 85 19 BF 11 19 19 8 7A 
ID: 5A1, Data: 880 3 90 23 30 30 30 0 
ID: 153, Data: 80 0 0 FF 0 FF 0 0 
ID: A1, Data: 880 80 85 7D 1A 0 0 0 
ID: 316, Data: 85 1A 49 11 1A 19 8 7A 
ID: 545, Data: 8E4 29 0 8B E 0 E 0 
ID: 153, Data: 80 0 0 FF 0 FF 0 0 
ID: 153, Data: 80 0 0 FF 0 FF 0 0 
ID: 2A0, Data: 8E0 2 74 18 32 0 11 0 
ID: 153, Data: 80 0 0 FF 0 FF 0 0 
ID: 43F, Data: 81 48 60 FF 79 44 11 0 
ID: 316, Data: 85 1B B5 10 1A 19 8 7A 
ID: 1F1, Data: 80 DE 4D 20 4 4C 10 4 
ID: 1F0, Data: 850 3F CD BF 0 0 0 0 
ID: 153, Data: 80 0 0 FF 0 FF 0 0 
ID: 316, Data: 85 1B B1 10 1A 19 8 7A 
ID: 153, Data: 80 0 0 FF 0 FF 0 0 
ID: 43F, Data: 81 48 60 FF 79 7C 11 0 
ID: 316, Data: 85 1B B5 10 1A 19 8 7A 
ID: 329, Data: 840 B2 80 8 11 2C 0 26 
ID: 153, Data: 80 0 0 FF 0 FF 0 0 
ID: 153, Data: 80 0 0 FF 0 FF 0 0 
ID: 43F, Data: 81 48 60 FF 79 94 11 0 
ID: 153, Data: 80 0 0 FF 0 FF 0 0 
ID: 43F, Data: 81 48 60 FF 79 80 11 0 
ID: 153, Data: 80 0 0 FF 0 FF 0 0 
ID: 153, Data: 80 0 0 FF 0 FF 0 0 
ID: 316, Data: 85 24 54 11 2D 19 8 7A 
ID: A1, Data: 87B 7C 80 7C 1D 0 0 0 
ID: 153, Data: 80 0 0 FF 0 FF 0 0 
ID: 316, Data: 85 26 43 12 2B 18 7 7A 
ID: 153, Data: 80 0 0 FF 0 FF 0 0 
ID: 316, Data: 85 27 9F 12 3C 17 7 7A 
ID: 370, Data: 8FF DD F0 FF FF FF FF FF 
ID: 316, Data: 85 2E 15 13 50 17 7 7A 
ID: 153, Data: 80 0 0 FF 0 FF 0 0 
ID: 153, Data: 80 0 0 FF 0 FF 0 0 
ID: 5F0, Data: 20 0 
ID: 153, Data: 80 0 0 FF 0 FF 0 0 
ID: 153, Data: 80 0 0 FF 0 FF 0 0 
ID: 545, Data: 8E4 5F 0 8B A5 2 A5 2 
ID: 43F, Data: 81 48 60 FF 79 80 12 0 
ID: 2A0, Data: 8A1 4 74 18 32 0 11 0 
ID: 316, Data: 85 3F 6F 15 4A 14 7 7A 
ID: 316, Data: 85 3E E1 15 49 14 8 7A 
ID: 316, Data: 85 3F 4B 16 48 14 8 7A 
ID: 43F, Data: 81 48 60 FF 79 90 13 0 
ID: 153, Data: 80 0 0 FF 0 FF 0 0 
ID: 153, Data: 80 0 0 FF 0 FF 0 0 
ID: 316, Data: 85 41 80 17 46 14 8 7A 
ID: 5F0, Data: 20 0 
ID: 316, Data: 85 40 9 18 45 14 8 7A 
ID: 153, Data: 80 0 0 FF 0 FF 0 0 
ID: 316, Data: 85 40 82 18 45 14 9 7A 
ID: 153, Data: 80 0 0 FF 0 FF 0 0 
ID: 545, Data: 8E4 81 0 8C 1 3 1 3 
ID: 316, Data: 85 3E 61 19 3E 14 9 7A 
ID: 316, Data: 85 3D B4 19 3E 14 9 7A 
ID: 260, Data: 8B 3E 3E 30 5 FF B7 1A 
ID: 153, Data: 80 0 0 FF 0 FF 0 0 
ID: 43F, Data: 81 48 60 FF 79 2C 18 0 
ID: 153, Data: 80 0 0 FF 0 FF 0 0 
ID: 153, Data: 80 0 0 FF 0 FF 0 0 
ID: 316, Data: 85 3B FD 1A 3E 14 A 7A 
ID: 153, Data: 80 0 0 FF 0 FF 0 0 
ID: 316, Data: 85 39 8C 1B 3E 15 B 7A 
ID: 153, Data: 80 0 0 FF 0 FF 0 0 
ID: 316, Data: 85 38 68 1C 3D 15 B 7A 
ID: 370, Data: 8FF DD F0 FF FF FF FF FF 
ID: 280, Data: 830 0 88 B2 3A 21 74 62 
ID: 316, Data: 85 36 48 1D 43 15 C 7A 
ID: 545, Data: 8E4 80 0 8C 6D 2 6D 2 
ID: 43F, Data: 81 48 60 FF 79 E0 1B 0 
ID: 440, Data: 8FE E1 D A0 FF AA AA AA 
ID: 316, Data: 85 3C 41 1E 43 15 C 7A 
ID: 43F, Data: 81 48 60 FF 79 2C 1D 0 
ID: 316, Data: 85 3C 27 1F 42 15 D 7A 
ID: 280, Data: 830 0 88 B2 3F 25 74 6A 
ID: 43F, Data: 81 48 60 FF 79 48 1E 0 
ID: 316, Data: 85 3C 42 20 45 15 D 7A 
ID: 2A0, Data: 81 C 74 18 32 0 11 0 
ID: 153, Data: 80 0 0 FF 0 FF 0 0 
ID: 153, Data: 80 0 0 FF 0 FF 0 0 
ID: 153, Data: 80 0 0 FF 0 FF 0 0 
ID: 260, Data: 8B 3F 47 30 5 FF D2 3 
ID: 316, Data: 85 3F 30 22 46 15 E 7A 
ID: 2A0, Data: 8C1 D 74 18 32 0 11 0 
ID: 43F, Data: 81 48 60 FF 79 8C 21 0 
ID: 43F, Data: 81 48 60 FF 79 F4 21 0 
ID: 316, Data: 85 40 9 24 44 15 F 7A 
ID: A1, Data: 884 7B 82 7E 33 0 0 0 
ID: 153, Data: 80 0 0 FF 0 FF 0 0 
ID: 153, Data: 80 0 0 FF 0 FF 0 0 
ID: 440, Data: 8FE 31 11 A0 FF AA AA AA 
ID: 2A0, Data: 861 F 74 18 32 0 11 0 
ID: 316, Data: 85 3E BC 25 43 15 11 7A 
ID: 316, Data: 85 3E 2A 26 40 16 11 7A 
ID: 153, Data: 80 0 0 FF 0 FF 0 0 
ID: 316, Data: 85 3D 37 27 39 16 11 7A 
ID: 153, Data: 80 0 0 FF 0 FF 0 0 
ID: 280, Data: 830 0 88 B2 4F 24 74 62 
ID: 316, Data: 85 3A 14 28 2E 16 12 7A 
ID: 43F, Data: 81 48 60 FF 79 18 27 0 
ID: 370, Data: 8FF DB F0 FF FF FF FF FF 
ID: 329, Data: 8B B2 80 8 11 39 5 26 
ID: 316, Data: 85 2A 91 28 17 18 13 7A 
ID: 316, Data: 85 28 7C 28 17 18 13 7A 
ID: 43F, Data: 81 48 60 FF 79 C8 27 0 
ID: 316, Data: 85 23 3D 28 E 19 13 7A 
ID: 2A0, Data: 8E0 F 74 18 32 0 11 0 
ID: 153, Data: 80 0 0 FF 0 FF 0 0 
ID: 316, Data: 85 1E 52 28 E 1A 14 7A 
ID: 5F0, Data: 20 0 
ID: 316, Data: 85 1C 29 28 F 1A 14 7A 
ID: 153, Data: 80 0 0 FF 0 FF 0 0 
ID: 329, Data: 840 B2 80 8 11 32 0 26 
ID: 316, Data: 85 1A AE 27 F 1A 14 7A 
ID: 1F1, Data: 80 D1 A5 0 A A6 50 A 
ID: 1F0, Data: 8C1 3F CD BF 0 0 0 0 
ID: 43F, Data: 81 48 60 FF 79 4 28 0 
ID: 43F, Data: 81 48 60 FF 79 FC 27 0 
ID: 43F, Data: 81 48 60 FF 79 E0 27 0 
ID: 280, Data: 830 0 84 B2 4D F 74 2C 
ID: 153, Data: 80 0 0 FF 0 FF 0 0 
ID: 153, Data: 80 0 0 FF 0 FF 0 0 
ID: 316, Data: 85 12 86 25 10 1A 14 7A 
ID: 43F, Data: 81 48 60 FF 79 BC 26 0 
ID: 316, Data: 85 12 B2 24 10 19 13 7A 
ID: 2A0, Data: 8E0 C 74 18 32 0 11 0 
ID: 153, Data: 80 0 0 FF 0 FF 0 0 
ID: 316, Data: 85 15 96 23 10 19 13 7A 
ID: 153, Data: 80 0 0 FF 0 FF 0 0 
ID: 1F0, Data: 8C8 3F CD BF 0 0 0 0 
ID: 316, Data: 85 16 26 23 10 19 13 7A 
ID: 316, Data: 85 17 F7 22 10 19 13 7A 
ID: 43F, Data: 81 48 60 FF 79 E8 24 0 
ID: 316, Data: 85 17 A9 22 10 19 12 7A 
ID: 545, Data: 8E4 5D 0 8C EB FF EB FF 
ID: 316, Data: 85 18 3F 22 10 19 12 7A 
ID: 316, Data: 85 18 3 22 10 19 12 7A 
ID: 43F, Data: 81 48 60 FF 79 C4 23 0 
ID: 43F, Data: 81 48 60 FF 79 88 23 0 
ID: 370, Data: 8FF D8 F0 FF FF FF FF FF 
ID: 5F0, Data: 20 0 
ID: 280, Data: 830 0 A0 B2 40 15 74 3A 
ID: 316, Data: 8D 14 27 20 11 19 12 7A 
ID: 153, Data: 80 0 0 FF 0 FF 0 0 
ID: 153, Data: 80 0 0 FF 0 FF 0 0 
ID: 316, Data: 8D 10 C4 1E 11 18 11 7A 
ID: 43F, Data: 81 48 60 FF 79 C0 21 0 
ID: 316, Data: 8D 10 CE 1D 12 18 11 7A 
ID: 153, Data: 80 0 0 FF 0 FF 0 0 
ID: 153, Data: 80 0 0 FF 0 FF 0 0 
ID: 316, Data: 8D C 49 1C 12 18 11 7A 
ID: 43F, Data: 81 48 60 FF 79 7C 20 0 
ID: 316, Data: 8D 8 48 1B 13 18 10 7A 
ID: 316, Data: 8D 8 B3 1A 13 18 10 7A 
ID: 18F, Data: 8AA 4B 0 0 0 0 0 0 
ID: 43F, Data: 81 48 60 FF 79 64 1F 0 
ID: 153, Data: 80 0 0 FF 0 FF 0 0 
ID: 316, Data: 8D 4 C8 18 14 18 10 7A 
ID: 153, Data: 80 0 0 FF 0 FF 0 0 
ID: 153, Data: 80 0 0 FF 0 FF 0 0 
ID: 316, Data: 8D 0 4F 17 16 18 F 7A 
ID: 440, Data: 8FE 91 F A0 FF AA AA AA 
ID: 316, Data: 8D 0 38 16 17 18 F 7A 
ID: 545, Data: 8E4 0 0 8C 51 FE 51 FE 
ID: 18F, Data: 8AA 4B 0 0 0 0 0 0 
ID: 316, Data: 85 9 A9 14 18 18 F 7A 
ID: 153, Data: 80 0 0 FF 0 FF 0 0 
ID: 316, Data: 85 13 A5 13 19 18 E 7A 
ID: 153, Data: 80 0 0 FF 0 FF 0 0 
ID: 5F0, Data: 20 0 
ID: 370, Data: 8FF D8 F0 FF FF FF FF FF 
ID: 316, Data: 85 1D 6A 12 1B 18 E 7A 
ID: 329, Data: 840 B2 80 8 11 2E 0 26 
ID: 43F, Data: 81 48 60 FF 79 C4 1A 0 
ID: 43F, Data: 81 48 60 FF 79 94 1A 0 
ID: 316, Data: 85 1C 91 12 1B 18 D 7A 
ID: 316, Data: 85 1C 84 12 1B 18 D 7A 
ID: 316, Data: 85 1C 77 12 1B 18 D 7A 
ID: 316, Data: 85 1B 84 12 1B 18 D 7A 
ID: 43F, Data: 81 48 60 FF 79 64 19 0 
ID: 153, Data: 80 0 0 FF 0 FF 0 0 
ID: 316, Data: 85 1B 54 12 1B 18 D 7A 
ID: 43F, Data: 81 48 60 FF 79 D4 18 0 
ID: 280, Data: 830 0 84 B2 24 14 74 39 
ID: 43F, Data: 81 48 60 FF 79 68 18 0 
ID: 316, Data: 85 1B 11 12 1C 18 C 7A 
ID: 545, Data: 8E4 35 0 8C 2B 0 2B 0 
ID: 43F, Data: 81 48 60 FF 79 BC 17 0 
ID: 153, Data: 80 0 0 FF 0 FF 0 0 
ID: 329, Data: 840 B2 80 8 11 2E 0 26 
ID: 316, Data: 85 1B BB 11 1C 19 C 7A 
ID: 260, Data: 8B 1B 1C 30 5 FF 4F 30 
ID: 440, Data: 8FE E1 B A0 FF AA AA AA 
ID: 316, Data: 85 1B 68 11 1D 19 B 7A 
ID: A0, Data: 829 7D 6B 11 C 26 2 0 
ID: 316, Data: 85 1C 2A 11 1D 19 B 7A 
ID: 153, Data: 80 0 0 FF 0 FF 0 0 
ID: 316, Data: 85 1C 10 11 1C 19 B 7A 
ID: 316, Data: 85 1C F2 10 1D 19 B 7A 
ID: 280, Data: 830 0 84 B2 21 15 74 3C 
ID: 153, Data: 80 0 0 FF 0 FF 0 0 
ID: 153, Data: 80 0 0 FF 0 FF 0 0 
ID: 43F, Data: 81 48 60 FF 79 3C 15 0 
ID: 153, Data: 80 0 0 FF 0 FF 0 0 
ID: 316, Data: 85 1D 6B 10 1C 19 A 7A 
ID: 316, Data: 85 1D 68 10 1C 19 A 7A 
ID: 153, Data: 80 0 0 FF 0 FF 0 0 
ID: A0, Data: 82A 7D 75 10 B 26 2 0 
ID: 316, Data: 85 1D 42 10 1C 19 A 7A 
ID: 280, Data: 830 0 84 B1 20 16 74 3D 
ID: 153, Data: 80 0 0 FF 0 FF 0 0 
ID: 153, Data: 80 0 0 FF 0 FF 0 0 
ID: 316, Data: 85 1D EF F 1C 19 A 7A 
ID: 153, Data: 80 0 0 FF 0 FF 0 0 
ID: 316, Data: 85 1D CC F 1C 19 A 7A 
ID: 153, Data: 80 0 0 FF 0 FF 0 0 
ID: 153, Data: 80 0 0 FF 0 FF 0 0 
ID: 43F, Data: 81 48 60 FF 79 C4 12 0 
ID: 260, Data: 8B 1D 1D 30 5 FF 56 17 
ID: 43F, Data: 81 48 60 FF 79 6C 12 0 
ID: 370, Data: 8FF D8 F0 FF FF FF FF FF 
ID: 1F1, Data: 80 3 48 80 4 4A 90 4 
ID: 316, Data: 85 1C 56 F 1D 1A 9 7A 
ID: 153, Data: 80 0 0 FF 0 FF 0 0 
ID: 329, Data: 884 B1 80 8 12 2C 0 26 
ID: 5F0, Data: 20 0 
ID: 545, Data: 8E4 2A 0 8B 1F 0 1F 0 
ID: 280, Data: 830 0 84 B1 1D 15 74 3D 
ID: A0, Data: 82C 7D C5 E 9 25 2 0 
ID: 316, Data: 85 1C C2 E 1E 1A 8 7A 
ID: 43F, Data: 81 48 60 FF 79 A8 10 0 
ID: 43F, Data: 81 48 60 FF 79 74 10 0 
ID: 545, Data: 8E4 29 0 8B 21 0 21 0 
ID: 153, Data: 80 0 0 FF 0 FF 0 0 
ID: 316, Data: 85 1C 3C E 1F 1A 8 7A 
ID: 153, Data: 80 0 0 FF 0 FF 0 0 
ID: 316, Data: 85 1C 46 E 1E 1A 8 7A 
ID: 43F, Data: 81 48 60 FF 79 5C F 0 
ID: 43F, Data: 81 48 60 FF 79 20 F 0 
ID: 370, Data: 8FF D8 F0 FF FF FF FF FF 
ID: 316, Data: 85 1D 13 E 1F 1A 7 7A 
ID: 316, Data: 85 1D 3 E 1F 1A 7 7A 
ID: 316, Data: 85 1D F7 D 1F 1A 7 7A 
ID: 316, Data: 85 1D CF D 1F 1A 7 7A 
ID: 280, Data: 830 0 84 B1 1B 16 74 40 
ID: A1, Data: 889 80 89 7D 1E 0 0 0 
ID: 43F, Data: 81 48 60 FF 79 54 D 0 
ID: 316, Data: 85 1E 5E D 20 1A 6 7A 
ID: 316, Data: 85 1E 45 D 20 1A 6 7A 
ID: 260, Data: 8B 1E 20 30 5 FF 5F A 
ID: 43F, Data: 81 48 60 FF 79 D8 C 0 
ID: 43F, Data: 81 48 60 FF 79 68 C 0 
ID: 1F0, Data: 8C7 3F CD BF 0 0 0 0 
ID: 316, Data: 85 1F E9 C 21 1B 6 7A 
ID: 316, Data: 85 1F 96 C 22 1B 6 7A 
ID: 545, Data: 8E4 25 0 8B 56 0 56 0 
ID: 440, Data: 8FE E1 5 A0 FF AA AA AA 
ID: 153, Data: 80 0 0 FF 0 FF 0 0 
ID: 316, Data: 85 20 D4 A 24 1A 5 7A 
ID: 316, Data: 85 22 4D A 27 1A 5 7A 
ID: 316, Data: 85 22 E5 9 29 19 5 7A 
ID: 2A0, Data: 840 2 74 18 32 0 11 0 
ID: 153, Data: 80 0 0 FF 0 FF 0 0 
ID: 316, Data: 85 24 EF 9 28 19 4 7A 
ID: 153, Data: 80 0 0 FF 0 FF 0 0 
ID: 5F0, Data: 20 0 
ID: 43F, Data: 81 48 60 FF 79 20 8 0 
ID: A1, Data: 885 7E 83 7E 24 0 0 0 
ID: 316, Data: 85 26 4C A 27 19 4 7A 
ID: 153, Data: 80 0 0 FF 0 FF 0 0 
ID: 316, Data: 85 26 5A A 27 19 4 7A 
ID: 153, Data: 80 0 0 FF 0 FF 0 0 
ID: 316, Data: 85 26 5B A 27 19 3 7A 
ID: 153, Data: 80 0 0 FF 0 FF 0 0 
ID: 43F, Data: 81 48 60 FF 79 D8 6 0 
ID: 43F, Data: 81 48 60 FF 7A DC 6 0 
ID: 153, Data: 80 0 0 FF 0 FF 0 0 
ID: 316, Data: 85 26 50 A 27 19 3 7A 
ID: 316, Data: 85 26 5B A 27 19 3 7A 
ID: 153, Data: 80 0 0 FF 0 FF 0 0 
ID: 280, Data: 830 0 84 B1 14 1C 74 4E 
ID: 1F0, Data: 8CC 3F CD BF 0 0 0 0 
ID: 1F0, Data: 8CC 3F CD BF 0 0 0 0 
ID: 153, Data: 80 0 0 FF 0 FF 0 0 
ID: 153, Data: 80 0 0 FF 0 FF 0 0 
ID: A0, Data: 835 7E 82 A 3 24 2 0 
ID: 316, Data: 85 26 7C A 30 22 3 7A 
ID: 316, Data: 85 27 6C A 30 22 3 7A 
ID: 2A0, Data: 880 2 74 18 32 0 11 0 
ID: A0, Data: 83A 7E 78 A 3 25 2 0 
ID: 153, Data: 80 0 0 FF 0 FF 0 0 
ID: 43F, Data: 81 48 60 FF 79 C 6 0 
ID: A0, Data: 83E 7E 6C A 3 25 2 0 
ID: 153, Data: 80 0 0 FF 0 FF 0 0 
ID: A0, Data: 83E 7E BA A 3 25 2 0 
ID: 316, Data: 845 2B E1 A 2E 22 2 7A 
ID: 316, Data: 845 2B F5 A 2E 22 2 7A 
ID: A0, Data: 83D 7E F5 A 3 25 2 0 
ID: 153, Data: 80 0 0 FF 0 FF 0 0 
ID: 5A0, Data: 80 0 0 90 0 0 0 0 
ID: 43F, Data: 81 48 60 FF 79 84 5 0 
ID: 316, Data: 845 2C F3 9 31 21 2 7A 
ID: 260, Data: 8B 2D 31 30 5 FF 73 20 
ID: 43F, Data: 81 48 60 FF 79 84 5 0 
ID: 43F, Data: 81 48 60 FF 79 5C 5 0 
ID: 440, Data: 8E5 E1 2 A0 FF AA AA AA 
ID: 1F0, Data: 8CD 3F CD BF 0 0 0 0 
ID: 316, Data: 845 2E 4B A 2F 21 2 7A 
ID: 153, Data: 80 0 0 FF 0 FF 0 0 
ID: 329, Data: 840 B2 80 8 12 2D 0 26 
ID: 316, Data: 845 2E 63 A 2E 21 2 7A 
ID: 2A0, Data: 820 1 74 18 32 0 11 0 
ID: 153, Data: 80 0 0 FF 0 FF 0 0 
ID: 153, Data: 80 0 0 FF 0 FF 0 0 
ID: 316, Data: 845 2D 83 A 2E 21 2 7A 
ID: A1, Data: 880 83 7E 82 29 0 0 0 
ID: 5F0, Data: 20 0 
ID: 1F0, Data: 8CD 3F CD BF 0 0 0 0 
ID: 316, Data: 845 2C 7C A 2E 22 2 7A 
ID: 153, Data: 80 0 0 FF 0 FF 0 0 
ID: 316, Data: 845 2C 66 A 2E 21 2 7A 
ID: 316, Data: 845 2C 66 A 2E 21 2 7A 
ID: 280, Data: 830 0 84 B2 14 1F 74 57 
ID: 43F, Data: 81 48 60 FF 7A 80 4 0 
ID: 43F, Data: 81 48 60 FF 79 7C 4 0 
ID: 153, Data: 80 0 0 FF 0 FF 0 0 
ID: A0, Data: 83F 7E 1F A 2 25 2 0 
ID: 329, Data: 840 B2 80 8 12 2D 0 26 
ID: 316, Data: 845 2C 2C A 2F 21 2 7A 
ID: A1, Data: 87E 83 7E 82 29 0 0 0 
ID: 43F, Data: 81 48 60 FF 79 1C 4 0 
ID: 43F, Data: 81 48 60 FF 79 10 4 0 
ID: 153, Data: 80 0 0 FF 0 FF 0 0 
ID: 329, Data: 8B B2 80 8 12 2D 0 26 
ID: 316, Data: 845 2C 2A A 2F 21 2 7A 
ID: 329, Data: 840 B2 80 8 12 2C 0 26 
ID: 43F, Data: 81 48 60 FF 79 BC 3 0 
ID: 153, Data: 80 0 0 FF 0 FF 0 0 
ID: 316, Data: 845 2C 1C A 2F 21 1 7A 
ID: 153, Data: 80 0 0 FF 0 FF 0 0 
ID: 316, Data: 845 2C 29 A 2F 21 1 7A 
ID: 43F, Data: 81 48 60 FF 7A 6C 3 0 
ID: 545, Data: 8E4 27 0 8B BF 0 BF 0 
ID: 153, Data: 80 0 0 FF 0 FF 0 0 
ID: 153, Data: 80 0 0 FF 0 FF 0 0 
ID: A1, Data: 883 83 7C 82 2A 0 0 0 
ID: 280, Data: 830 0 84 B2 14 1F 74 58 
ID: 545, Data: 8E4 29 0 8B B7 0 B7 0 
ID: 43F, Data: 81 48 60 FF 79 EC 2 0 
ID: 153, Data: 80 0 0 FF 0 FF 0 0 
ID: 316, Data: 845 2B 55 A 2E 21 1 7A 
ID: 316, Data: 845 2B 54 A 2E 21 1 7A 
ID: 316, Data: 845 2B 4D A 2E 21 1 7A 
ID: 1F0, Data: 8CC 3F CD BF 0 0 0 0 
ID: 153, Data: 80 0 0 FF 0 FF 0 0 
ID: 316, Data: 845 2B 5E A 2E 21 1 7A 
ID: 153, Data: 80 0 0 FF 0 FF 0 0 
ID: 43F, Data: 81 48 60 FF 79 58 2 0 
ID: 316, Data: 845 2B 40 A 2E 21 1 7A 
ID: 316, Data: 845 2B 3A A 2E 21 1 7A 
ID: A0, Data: 83E 7E 3A A 1 25 2 0 
ID: 153, Data: 80 0 0 FF 0 FF 0 0 
ID: 43F, Data: 81 48 60 FF 79 F8 1 0 
ID: 153, Data: 80 0 0 FF 0 FF 0 0 
ID: 43F, Data: 81 48 60 FF 79 C4 1 0 
ID: A1, Data: 884 83 83 82 29 0 0 0 
ID: 153, Data: 80 0 0 FF 0 FF 0 0 
ID: 316, Data: 845 2B 50 A 2E 21 1 7A 
ID: A1, Data: 884 83 83 82 29 0 0 0 
ID: 153, Data: 80 0 0 FF 0 FF 0 0 
ID: 316, Data: 845 2B 35 A 2E 21 0 7A 
ID: 153, Data: 80 0 0 FF 0 FF 0 0 
ID: 316, Data: 845 2B 38 A 2E 21 0 7A 
ID: 370, Data: 8FF D8 F0 FF FF FF FF FF 
ID: 153, Data: 80 0 0 FF 0 FF 0 0 
ID: 316, Data: 845 2B 34 A 2E 21 0 7A 
ID: 153, Data: 80 0 0 FF 0 FF 0 0 
ID: 316, Data: 845 2A 42 A 2E 21 0 7A 
ID: 153, Data: 80 0 0 FF 0 FF 0 0 
ID: 153, Data: 80 0 0 FF 0 FF 0 0 
ID: 1F1, Data: 80 69 2 20 0 2 20 0 
ID: 43F, Data: 81 48 60 FF 79 0 0 0 
ID: A1, Data: 883 83 81 82 29 0 0 0 
ID: 153, Data: 80 0 0 FF 0 FF 0 0 
ID: 43F, Data: 81 48 60 FF 79 0 0 0 
ID: 18F, Data: 8AA 52 0 0 0 0 0 0 
ID: 260, Data: 8B 2B 2F 30 5 FF 6F 1B 
ID: 316, Data: 845 2A 44 A 2E 21 0 7A 
ID: 440, Data: 8AD 31 0 A0 FF AA AA AA 
ID: 316, Data: 845 2A 3C A 2E 21 0 7A 
ID: 2A0, Data: 840 0 75 18 32 0 11 0 
ID: 43F, Data: 81 48 60 FF 79 0 0 0 
ID: 43F, Data: 81 48 60 FF 79 0 0 0 
ID: 153, Data: 80 0 0 FF 0 FF 0 0 
ID: 316, Data: 845 2A 3A A 2E 21 0 7A 
ID: 153, Data: 80 0 0 FF 0 FF 0 0 
ID: 316, Data: 845 2A 36 A 2E 21 0 7A 
ID: 316, Data: 845 2A 31 A 2E 21 0 7A 
ID: 316, Data: 845 2A 31 A 2E 21 0 7A 
ID: 1F1, Data: 80 69 1 10 0 1 0 0 
ID: 1F0, Data: 8CC 3F CD BF 0 0 0 0 
ID: 43F, Data: 81 48 60 FF 79 0 0 0 
ID: 316, Data: 845 2A 40 A 2E 21 0 7A 
ID: 153, Data: 80 0 0 FF 0 FF 0 0 
ID: 316, Data: 845 2A 40 A 2E 21 0 7A 
ID: 153, Data: 80 0 0 FF 0 FF 0 0 
ID: 316, Data: 845 2A 40 A 2E 21 0 7A 
ID: 316, Data: 845 2A 3A A 2E 21 0 7A 
ID: 545, Data: 8E4 29 0 8B 9F 0 9F 0 
ID: 43F, Data: 81 48 60 FF 79 0 0 0 
ID: 153, Data: 80 0 0 FF 0 FF 0 0 
ID: 316, Data: 845 2A 4C A 2E 21 0 7A 
ID: 153, Data: 80 0 0 FF 0 FF 0 0 
ID: 153, Data: 80 0 0 FF 0 FF 0 0 
ID: 316, Data: 845 2A 55 A 2E 21 0 7A 
ID: 370, Data: 8FF D8 F0 FF FF FF FF FF 
ID: 316, Data: 845 2A 58 A 2E 21 0 7A 
ID: 153, Data: 80 0 0 FF 0 FF 0 0 
ID: 153, Data: 80 0 0 FF 0 FF 0 0 
ID: 1F1, Data: 80 69 0 0 0 0 0 0 
ID: 18F, Data: 8AA 54 0 0 0 0 0 0 
ID: 316, Data: 845 2A 5E A 2E 21 0 7A 
ID: 153, Data: 80 0 0 FF 0 FF 0 0 
ID: 316, Data: 845 2A 63 A 2D 21 0 7A 
ID: 316, Data: 845 2A 63 A 2D 21 0 7A 
ID: 545, Data: 8E4 29 0 8B 9B 0 9B 0 
ID: 43F, Data: 81 48 60 FF 79 0 0 0 
ID: 153, Data: 80 0 0 FF 0 FF 0 0 
ID: 43F, Data: 81 48 60 FF 79 0 0 0 
ID: 153, Data: 80 0 0 FF 0 FF 0 0 
ID: 153, Data: 80 0 0 FF 0 FF 0 0 
ID: A1, Data: 886 83 86 82 29 0 0 0 
ID: 2A0, Data: 8E0 0 75 18 32 0 11 0 
ID: 2A0, Data: 880 0 75 18 32 0 11 0 
ID: 43F, Data: 81 48 60 FF 79 0 0 0 
ID: 316, Data: 845 2A 50 A 2D 21 0 7A 
ID: 370, Data: 8FF D8 F0 FF FF FF FF FF 
ID: 316, Data: 845 2A 4C A 2D 21 0 7A 
ID: 316, Data: 845 2A 4B A 2D 21 0 7A 
ID: 316, Data: 845 2A 54 A 2D 21 0 7A 
ID: 18F, Data: 8AA 55 0 0 0 0 0 0 
ID: 370, Data: 8FF D8 F0 FF FF FF FF FF 
ID: 43F, Data: 81 48 60 FF 79 0 0 0 
ID: 316, Data: 845 2A 54 A 2D 21 0 7A 
ID: 316, Data: 845 2A 5B A 2D 21 0 7A 
ID: 18F, Data: 8AA 55 0 0 0 0 0 0 
ID: 316, Data: 845 2A 54 A 2D 21 0 7A 
ID: 153, Data: 80 0 0 FF 0 FF 0 0 
ID: 316, Data: 845 2A 51 A 2D 21 0 7A 
ID: 440, Data: 8AD 31 0 A0 FF AA AA AA 
ID: 153, Data: 80 0 0 FF 0 FF 0 0 
ID: 153, Data: 80 0 0 FF 0 FF 0 0 
ID: 2A0, Data: 8E0 0 75 18 32 0 11 0 
ID: 43F, Data: 81 48 60 FF 79 0 0 0 
ID: 370, Data: 8FF D8 F0 FF FF FF FF FF 
ID: 2A0, Data: 840 0 75 18 32 0 11 0 
ID: 316, Data: 845 2A 54 A 2D 21 0 7A 
ID: 316, Data: 845 2A 50 A 2D 21 0 7A 
ID: 153, Data: 80 0 0 FF 0 FF 0 0 
ID: 43F, Data: 81 48 60 FF 79 0 0 0 
ID: 153, Data: 80 0 0 FF 0 FF 0 0 
ID: 1F0, Data: 8CC 3F CD BF 0 0 0 0 
ID: 260, Data: 8B 2A 2E 30 5 FF 6E 2D 
ID: 545, Data: 8E4 28 0 8A 94 0 94 0 
ID: 153, Data: 80 0 0 FF 0 FF 0 0 
ID: 316, Data: 845 29 55 A 2D 21 0 7A 
ID: 440, Data: 8AD 31 0 A0 FF AA AA AA 
ID: 316, Data: 845 29 62 A 2D 21 0 7A 
ID: 316, Data: 845 29 5C A 2D 21 0 7A 
ID: 316, Data: 845 29 53 A 2D 21 0 7A 
ID: 153, Data: 80 0 0 FF 0 FF 0 0 
ID: 153, Data: 80 0 0 FF 0 FF 0 0 
ID: 260, Data: 8B 2A 2D 30 5 FF 6E 2E 
ID: 316, Data: 845 29 5A A 2D 21 0 7A 
ID: 153, Data: 80 0 0 FF 0 FF 0 0 
ID: 43F, Data: 81 48 60 FF 79 0 0 0 
ID: 153, Data: 80 0 0 FF 0 FF 0 0 
ID: 153, Data: 80 0 0 FF 0 FF 0 0 
ID: 18F, Data: 8AA 55 0 0 0 0 0 0 
ID: 329, Data: 8B B3 80 8 12 2C 0 26 
ID: 316, Data: 845 29 60 A 2D 21 0 7A 
ID: 329, Data: 840 B3 80 8 12 2C 0 26 
ID: 43F, Data: 81 48 60 FF 79 0 0 0 
ID: 5F0, Data: 20 0 
ID: 370, Data: 8FF D8 F0 FF FF FF FF FF 
ID: 316, Data: 845 29 44 A 2D 21 0 7A 
ID: A1, Data: 888 83 83 82 29 0 0 0 
ID: 43F, Data: 81 48 60 FF 79 0 0 0 
ID: 43F, Data: 81 48 60 FF 79 0 0 0 
ID: 153, Data: 80 0 0 FF 0 FF 0 0 
ID: 316, Data: 845 29 58 A 2D 21 0 7A 
ID: 153, Data: 80 0 0 FF 0 FF 0 0 
ID: 316, Data: 845 29 47 A 2D 21 0 7A 
ID: 153, Data: 80 0 0 FF 0 FF 0 0 
ID: 316, Data: 845 29 3D A 2D 21 0 7A 
ID: 316, Data: 845 29 49 A 2D 21 0 7A 
ID: 2A0, Data: 840 0 75 18 32 0 11 0 
ID: 43F, Data: 81 48 60 FF 79 0 0 0 
ID: 153, Data: 80 0 0 FF 0 FF 0 0 
ID: 316, Data: 845 29 2E A 2D 21 0 7A 
ID: 153, Data: 80 0 0 FF 0 FF 0 0 
ID: 153, Data: 80 0 0 FF 0 FF 0 0 
ID: 316, Data: 845 29 2A A 2D 21 0 7A 
ID: 43F, Data: 81 48 60 FF 79 0 0 0 
ID: 316, Data: 845 29 3D A 2D 21 0 7A 
ID: 316, Data: 845 29 39 A 2D 21 0 7A 
ID: 280, Data: 830 0 84 B3 14 1E 75 57 
ID: 316, Data: 845 2A 38 A 2D 21 0 7A 
ID: 316, Data: 845 2A 2E A 2D 21 0 7A 
ID: 18F, Data: 8AA 55 0 0 0 0 0 0 
ID: 43F, Data: 81 48 60 FF 79 0 0 0 
ID: 43F, Data: 81 48 60 FF 79 0 0 0 
ID: 153, Data: 80 0 0 FF 0 FF 0 0 
ID: 153, Data: 80 0 0 FF 0 FF 0 0 
ID: A1, Data: 885 83 86 82 29 0 0 0 
ID: 329, Data: 8B B3 80 8 12 2C 0 26 
ID: 153, Data: 80 0 0 FF 0 FF 0 0 
ID: 370, Data: 8FF D8 F0 FF FF FF FF FF 
ID: 280, Data: 830 0 84 B4 14 1D 75 56 
ID: 316, Data: 845 29 4B A 2C 21 0 7A 
ID: 2A0, Data: 820 0 75 18 32 0 11 0 
ID: 43F, Data: 81 48 60 FF 79 0 0 0 
ID: 316, Data: 845 29 5F A 2C 21 0 7A 
ID: 153, Data: 80 0 0 FF 0 FF 0 0 
ID: 329, Data: 8B B4 80 8 12 2C 0 26 
ID: 316, Data: 845 29 5B A 2C 21 0 7A 
ID: 316, Data: 845 29 58 A 2C 21 0 7A 
ID: 153, Data: 80 0 0 FF 0 FF 0 0 
ID: 43F, Data: 81 48 60 FF 79 0 0 0 
ID: 43F, Data: 81 48 60 FF 79 0 0 0 
ID: 153, Data: 80 0 0 FF 0 FF 0 0 
ID: 316, Data: 845 29 5B A 2C 21 0 7A 
ID: 153, Data: 80 0 0 FF 0 FF 0 0 
ID: 153, Data: 80 0 0 FF 0 FF 0 0 
ID: 1F0, Data: 8CC 3F CD BF 0 0 0 0 
ID: 43F, Data: 81 48 60 FF 79 0 0 0 
ID: 43F, Data: 81 48 60 FF 79 0 0 0 
ID: 43F, Data: 81 48 60 FF 79 0 0 0 
ID: 43F, Data: 81 48 60 FF 79 0 0 0 
ID: 43F, Data: 81 48 60 FF 79 0 0 0 
ID: 153, Data: 80 0 0 FF 0 FF 0 0 
ID: 43F, Data: 81 48 60 FF 79 0 0 0 
ID: 153, Data: 80 0 0 FF 0 FF 0 0 
ID: 316, Data: 845 29 3E A 2C 21 0 7A 
ID: 370, Data: 8FF D8 F0 FF FF FF FF FF 
ID: 153, Data: 80 0 0 FF 0 FF 0 0 
ID: 18F, Data: 8AA 55 0 0 0 0 0 0 
ID: 316, Data: 845 29 24 A 2D 21 0 7A 
ID: 316, Data: 845 29 28 A 2D 21 0 7A 
ID: 545, Data: 8E4 27 0 8B 91 0 91 0 
ID: 153, Data: 80 0 0 FF 0 FF 0 0 
ID: 316, Data: 845 29 4B A 2C 21 0 7A 
ID: 153, Data: 80 0 0 FF 0 FF 0 0 
ID: 316, Data: 845 29 45 A 2C 21 0 7A 
ID: 153, Data: 80 0 0 FF 0 FF 0 0 
ID: 153, Data: 80 0 0 FF 0 FF 0 0 
ID: 316, Data: 845 29 58 A 2C 21 0 7A 
ID: 43F, Data: 81 48 60 FF 79 0 0 0 
ID: 43F, Data: 81 48 60 FF 79 0 0 0 
ID: 43F, Data: 81 48 60 FF 79 0 0 0 
ID: 316, Data: 845 29 4D A 2C 21 0 7A 
ID: 316, Data: 845 29 4B A 2C 21 0 7A 
ID: 43F, Data: 81 48 60 FF 79 D8 0 0 
ID: 316, Data: 845 29 47 A 2C 21 0 7A 
ID: 316, Data: 845 29 38 A 2C 21 0 7A 
ID: 280, Data: 830 0 84 B4 14 1D 75 56 
ID: 153, Data: 80 0 0 FF 0 FF 0 0 
ID: 316, Data: 845 29 44 A 2C 21 0 7A 
ID: 316, Data: 845 29 4F A 2C 21 0 7A 
ID: 316, Data: 845 29 45 A 2C 21 0 7A 
ID: 43F, Data: 81 48 60 FF 79 1C 2 0 
ID: 370, Data: 8FF D8 F0 FF FF FF FF FF 
ID: 440, Data: 8BF 91 0 A0 FF AA AA AA 
ID: 316, Data: 845 29 4B A 2C 21 0 7A 
ID: 316, Data: 845 29 4C A 2C 21 0 7A 
ID: A0, Data: 83D 7F 4D A 1 25 2 0 
ID: 370, Data: 8FF D8 F0 FF FF FF FF FF 
ID: 43F, Data: 81 48 60 FF 79 8 3 0 
ID: 153, Data: 80 0 0 FF 0 FF 0 0 
ID: 2A0, Data: 880 0 75 18 32 0 11 0 
ID: 1F0, Data: 8B9 3F CD BF 0 0 0 0 
ID: 280, Data: 830 0 84 B4 14 1E 75 57 
ID: 18F, Data: 8AA 54 0 0 0 0 0 0 
ID: 316, Data: 845 2A E1 9 3C 21 1 7A 
ID: 43F, Data: 81 48 60 FF 79 CC 3 0 
ID: 153, Data: 80 0 0 FF 0 FF 0 0 
ID: 316, Data: 845 2E D6 9 3C 20 1 7A 
ID: 153, Data: 80 0 0 FF 0 FF 0 0 
ID: 329, Data: 884 B4 80 8 12 2F 0 26 
ID: 316, Data: 845 32 7 A 3C 20 1 7A 
ID: 2A0, Data: 880 0 75 18 32 0 11 0 
ID: 153, Data: 80 0 0 FF 0 FF 0 0 
ID: 5F0, Data: 20 0 
ID: 43F, Data: 81 48 60 FF 79 D4 4 0 
ID: 370, Data: 8FF D8 F0 FF FF FF FF FF 
ID: 5F0, Data: 20 0 
ID: 280, Data: 830 0 84 B4 17 24 75 63 
ID: 316, Data: 845 35 4 C 36 21 2 7A 
ID: 153, Data: 80 0 0 FF 0 FF 0 0 
ID: 5F0, Data: 20 0 
ID: 153, Data: 80 0 0 FF 0 FF 0 0 
ID: 440, Data: 8DD 91 2 A0 FF AA AA AA 
ID: 260, Data: 8A 34 36 30 5 FF 5E 3A 
ID: 153, Data: 80 0 0 FF 0 FF 0 0 
ID: 316, Data: 845 34 1F C 35 21 2 7A 
ID: 153, Data: 80 0 0 FF 0 FF 0 0 
ID: 280, Data: 830 0 84 B4 18 23 75 5F 
ID: 43F, Data: 81 48 60 FF 79 B8 6 0 
ID: 260, Data: 8A 34 28 30 5 FF 5A 2E 
ID: 316, Data: 845 33 3B C 28 21 2 7A 
ID: 316, Data: 845 32 FD B 28 21 3 7A 
ID: 1F0, Data: 858 3F CD BF 0 0 0 0 
ID: 153, Data: 80 0 0 FF 0 FF 0 0 
ID: 43F, Data: 81 48 60 FF 79 DC 7 0 
ID: 153, Data: 80 0 0 FF 0 FF 0 0 
ID: 153, Data: 80 0 0 FF 0 FF 0 0 
ID: A1, Data: 886 83 87 82 2A 0 0 0 
ID: 370, Data: 8FF D8 F0 FF FF FF FF FF 
ID: 280, Data: 830 0 84 B4 18 1E 75 55 
ID: 316, Data: 845 2B FD B 2C 22 3 7A 
ID: 18F, Data: 8AA 54 0 0 0 0 0 0 
ID: 43F, Data: 81 48 60 FF 79 8C 8 0 
ID: 153, Data: 80 0 0 FF 0 FF 0 0 
ID: 153, Data: 80 0 0 FF 0 FF 0 0 
ID: 153, Data: 80 0 0 FF 0 FF 0 0 
ID: 370, Data: 8FF D8 F0 FF FF FF FF FF 
ID: 316, Data: 845 2A 87 B 2D 22 4 7A 
ID: 5F0, Data: 20 0 
ID: 316, Data: 845 2A 7C B 2D 22 4 7A 
ID: 316, Data: 845 2B 81 B 2D 22 4 7A 
ID: 280, Data: 830 0 84 B4 17 1E 75 55 
ID: 43F, Data: 81 48 60 FF 79 B0 8 0 
ID: 153, Data: 80 0 0 FF 0 FF 0 0 
ID: 329, Data: 8ED B4 80 8 12 2D 0 26 
ID: 43F, Data: 81 48 60 FF 79 94 8 0 
ID: 280, Data: 830 0 84 B4 16 1E 75 55 
ID: 5F0, Data: 20 0 
ID: 153, Data: 80 0 0 FF 0 FF 0 0 
ID: 316, Data: 845 2B 80 B 2B 22 4 7A 
ID: 153, Data: 80 0 0 FF 0 FF 0 0 
ID: 316, Data: 845 2B 92 B 2B 22 4 7A 
ID: 153, Data: 80 0 0 FF 0 FF 0 0 
ID: 316, Data: 845 2B 8D B 2A 22 4 7A 
ID: 316, Data: 845 2A 83 B 2B 22 4 7A 
ID: 545, Data: 8E4 2C 0 8B 8F 0 8F 0 
ID: 43F, Data: 81 48 60 FF 79 E8 8 0 
ID: 153, Data: 80 0 0 FF 0 FF 0 0 
ID: 316, Data: 845 2A 4E B 2B 22 4 7A 
ID: 153, Data: 80 0 0 FF 0 FF 0 0 
ID: 153, Data: 80 0 0 FF 0 FF 0 0 
ID: 316, Data: 845 29 4E B 2A 22 4 7A 
ID: 153, Data: 80 0 0 FF 0 FF 0 0 
ID: 316, Data: 845 29 31 B 2B 22 4 7A 
ID: 440, Data: 8FE E1 4 A0 FF AA AA AA 
ID: 316, Data: 845 29 32 B 2A 22 4 7A 
ID: 153, Data: 80 0 0 FF 0 FF 0 0 
ID: 153, Data: 80 0 0 FF 0 FF 0 0 
ID: 316, Data: 845 29 2C B 2A 22 4 7A 
ID: A1, Data: 881 83 85 82 28 0 0 0 
ID: 316, Data: 845 29 24 B 2A 22 4 7A 
ID: 316, Data: 845 29 1C B 2A 22 4 7A 
ID: 329, Data: 8ED B4 80 8 11 2D 0 26 
ID: 43F, Data: 81 48 60 FF 79 70 9 0 
ID: 316, Data: 845 28 16 B 29 22 4 7A 
ID: 316, Data: 845 28 11 B 29 22 4 7A 
ID: A0, Data: 83A 80 6 B 5 25 2 0 
ID: 153, Data: 80 0 0 FF 0 FF 0 0 
ID: 153, Data: 80 0 0 FF 0 FF 0 0 
ID: 2A0, Data: 840 0 75 18 32 0 11 0 
ID: 316, Data: 845 28 DD A 2A 22 4 7A 
ID: 545, Data: 8E4 27 0 8B 64 0 64 0 
ID: 153, Data: 80 0 0 FF 0 FF 0 0 
ID: 316, Data: 845 27 F7 A 29 22 4 7A 
ID: 153, Data: 80 0 0 FF 0 FF 0 0 
ID: 316, Data: 845 27 F3 A 28 22 4 7A 
ID: 153, Data: 80 0 0 FF 0 FF 0 0 
ID: 153, Data: 80 0 0 FF 0 FF 0 0 
ID: 5A1, Data: 880 3 90 23 30 30 30 0 
ID: 43F, Data: 81 48 60 FF 79 7C 9 0 
ID: 440, Data: 8FE E1 4 A0 FF AA AA AA 
ID: 316, Data: 845 27 BA A 28 22 4 7A 
ID: 153, Data: 80 0 0 FF 0 FF 0 0 
ID: 316, Data: 845 27 AC A 28 22 4 7A 
ID: 153, Data: 80 0 0 FF 0 FF 0 0 
ID: 316, Data: 845 27 9A A 28 22 4 7A 
ID: 153, Data: 80 0 0 FF 0 FF 0 0 
ID: 316, Data: 845 27 93 A 28 22 4 7A 
ID: 316, Data: 845 27 92 A 28 22 4 7A 
ID: 545, Data: 8E4 26 0 8B 65 0 65 0 
ID: 316, Data: 845 27 7B A 29 22 4 7A 
ID: 153, Data: 80 0 0 FF 0 FF 0 0 
ID: 153, Data: 80 0 0 FF 0 FF 0 0 
ID: 316, Data: 845 27 74 A 29 22 4 7A 
ID: 153, Data: 80 0 0 FF 0 FF 0 0 
ID: 316, Data: 845 27 7A A 29 22 4 7A 
ID: 43F, Data: 81 48 60 FF 79 C 9 0 
ID: 316, Data: 845 27 73 A 29 22 4 7A 
ID: 329, Data: 8B B4 80 8 12 2C 0 26 
ID: A0, Data: 838 80 73 A 4 24 2 0 
ID: 316, Data: 845 27 5B A 29 22 4 7A 
ID: 153, Data: 80 0 0 FF 0 FF 0 0 
ID: 316, Data: 845 27 5B A 29 22 4 7A 
ID: 153, Data: 80 0 0 FF 0 FF 0 0 
ID: 153, Data: 80 0 0 FF 0 FF 0 0 
ID: 43F, Data: 81 48 60 FF 79 18 8 0 
ID: 153, Data: 80 0 0 FF 0 FF 0 0 
ID: 43F, Data: 81 48 60 FF 79 F0 7 0 
ID: 153, Data: 80 0 0 FF 0 FF 0 0 
ID: 316, Data: 845 27 20 A 29 21 3 7A 
ID: 153, Data: 80 0 0 FF 0 FF 0 0 
ID: 153, Data: 80 0 0 FF 0 FF 0 0 
ID: 316, Data: 845 27 F A 2A 21 3 7A 
ID: 43F, Data: 81 48 60 FF 79 80 7 0 
ID: 370, Data: 8FF D8 F0 FF FF FF FF FF 
ID: 440, Data: 8FE 91 3 A0 FF AA AA AA 
ID: 153, Data: 80 0 0 FF 0 FF 0 0 
ID: 316, Data: 845 28 E5 9 2A 21 3 7A 
ID: 153, Data: 80 0 0 FF 0 FF 0 0 
ID: 316, Data: 845 28 DF 9 2A 21 3 7A 
ID: 316, Data: 845 28 E2 9 2A 21 3 7A 
ID: 329, Data: 8ED B4 80 8 12 2C 0 26 
ID: 43F, Data: 81 48 60 FF 79 B8 6 0 
ID: 153, Data: 80 0 0 FF 0 FF 0 0 
ID: 316, Data: 845 28 D0 9 2B 21 3 7A 
ID: 316, Data: 845 28 D8 9 2B 21 3 7A 
ID: 316, Data: 845 28 D3 9 2B 21 3 7A 
ID: 153, Data: 80 0 0 FF 0 FF 0 0 
ID: 153, Data: 80 0 0 FF 0 FF 0 0 
ID: 43F, Data: 81 48 60 FF 79 24 6 0 
ID: A1, Data: 885 83 83 82 28 0 0 0 
ID: 43F, Data: 81 48 60 FF 79 0 6 0 
ID: 43F, Data: 81 48 60 FF 79 EC 5 0 
ID: 153, Data: 80 0 0 FF 0 FF 0 0 
ID: 316, Data: 845 29 C7 9 2B 21 2 7A 
ID: 153, Data: 80 0 0 FF 0 FF 0 0 
ID: 316, Data: 845 29 B6 9 2C 21 2 7A 
ID: 316, Data: 845 29 B3 9 2C 21 2 7A 
ID: 316, Data: 845 29 AF 9 2C 21 2 7A 
ID: 1F0, Data: 898 3F CD BF 0 0 0 0 
ID: 153, Data: 80 0 0 FF 0 FF 0 0 
ID: 153, Data: 80 0 0 FF 0 FF 0 0 
ID: 153, Data: 80 0 0 FF 0 FF 0 0 
ID: 18F, Data: 8AA 58 0 0 0 0 0 0 
ID: 280, Data: 830 0 84 B4 13 1D 75 56 
ID: 1F1, Data: 80 D2 14 30 1 15 30 1 
ID: 1F0, Data: 898 3F CD BF 0 0 0 0 
ID: 43F, Data: 81 48 60 FF 79 D8 4 0 
ID: 43F, Data: 81 48 60 FF 79 D4 4 0 
ID: 43F, Data: 81 48 60 FF 79 DC 4 0 
ID: 440, Data: 8E2 91 2 A0 FF AA AA AA 
ID: 440, Data: 8E4 91 2 A0 FF AA AA AA 
ID: 316, Data: 845 29 E5 9 2C 21 2 7A 
ID: 280, Data: 830 0 84 B4 13 1D 75 56 
ID: 43F, Data: 81 48 60 FF 79 2C 5 0 
ID: 440, Data: 8E5 E1 2 A0 FF AA AA AA 
ID: 329, Data: 8ED B4 80 8 11 2C 0 26 
ID: 316, Data: 845 2A F4 9 2C 21 2 7A 
ID: 316, Data: 845 2A A A 2B 21 2 7A 
ID: 260, Data: 8A 2A 2C 30 5 FF 76 36 
ID: 153, Data: 80 0 0 FF 0 FF 0 0 
ID: 43F, Data: 81 48 60 FF 79 B0 5 0 
ID: 43F, Data: 81 48 60 FF 79 B4 5 0 
ID: 153, Data: 80 0 0 FF 0 FF 0 0 
ID: 316, Data: 845 2F 13 A 3C 21 2 7A 
ID: 153, Data: 80 0 0 FF 0 FF 0 0 
ID: 316, Data: 845 30 32 A 44 21 2 7A 
ID: 316, Data: 845 31 34 A 45 21 2 7A 
ID: 545, Data: 8E4 25 0 8B 1D 1 1D 1 
ID: 43F, Data: 81 48 60 FF 79 2C 6 0 
ID: 153, Data: 80 0 0 FF 0 FF 0 0 
ID: 43F, Data: 81 48 60 FF 79 60 6 0 
ID: 316, Data: 845 37 67 A 46 20 3 7A 
ID: 153, Data: 80 0 0 FF 0 FF 0 0 
ID: 545, Data: 8E4 2D 0 8B AF 1 AF 1 
ID: 316, Data: 845 39 E3 A 45 20 3 7A 
ID: 153, Data: 80 0 0 FF 0 FF 0 0 
ID: 153, Data: 80 0 0 FF 0 FF 0 0 
ID: 18F, Data: 8AA 59 0 0 0 0 0 0 
ID: 316, Data: 845 3B 26 C 5F 21 3 7A 
ID: 43F, Data: 81 48 60 FF 79 64 7 0 
ID: 2A0, Data: 861 2 75 18 32 0 11 0 
ID: A0, Data: 85E 7F 28 D 3 2D 2 0 
ID: 153, Data: 80 0 0 FF 0 FF 0 0 
ID: 153, Data: 80 0 0 FF 0 FF 0 0 
ID: A0, Data: 863 7F CA E 4 2E 2 0 
ID: 316, Data: 845 4A E2 F 5D 1E 3 7A 
ID: 316, Data: 845 4B A3 10 5C 1E 3 7A 
ID: A0, Data: 860 7F 41 11 4 30 2 0 
ID: 43F, Data: 81 48 60 FF 79 10 A 0 
ID: 153, Data: 80 0 0 FF 0 FF 0 0 
ID: 316, Data: 845 4C 5C 13 59 1C 4 7A 
ID: 1F0, Data: 887 3F CD BF 0 0 0 0 
ID: 2A0, Data: 81 6 75 18 32 0 11 0 
ID: 153, Data: 80 0 0 FF 0 FF 0 0 
ID: 43F, Data: 81 48 60 FF 79 E0 C 0 
ID: 2A0, Data: 861 7 75 18 32 0 11 0 
ID: 153, Data: 80 0 0 FF 0 FF 0 0 
ID: 43F, Data: 81 48 60 FF 79 94 E 0 
ID: 153, Data: 80 0 0 FF 0 FF 0 0 
ID: 153, Data: 80 0 0 FF 0 FF 0 0 
ID: 18F, Data: 8AA 5A 0 0 0 0 0 0 
ID: 280, Data: 830 0 88 B4 2C 2E 75 81 
ID: 316, Data: 845 4B A6 16 5A 1C 7 7A 
ID: 43F, Data: 81 48 60 FF 79 6C 11 0 
ID: 316, Data: 845 4C 33 17 5A 1B 7 7A 
ID: 545, Data: 8E4 91 0 8B 6D 3 6D 3 
ID: 153, Data: 80 0 0 FF 0 FF 0 0 
ID: 316, Data: 845 51 4D 18 5C 1B 8 7A 
ID: 153, Data: 80 0 0 FF 0 FF 0 0 
ID: 316, Data: 845 51 0 19 5F 1B 9 7A 
ID: 316, Data: 845 53 48 19 60 1B 9 7A 
ID: 2A0, Data: 8A1 C 75 18 32 0 11 0 
ID: 43F, Data: 81 48 60 FF 79 14 16 0 
ID: 43F, Data: 81 48 60 FF 79 AC 16 0 
ID: 329, Data: 8ED B4 80 8 11 43 27 26 
ID: 1F1, Data: 80 26 64 C0 5 67 90 5 
ID: 316, Data: 845 59 49 1C 64 1B A 7A 
ID: 545, Data: 8E4 CA 0 8C 43 4 43 4 
ID: 1F0, Data: 85C 3F CD BF 0 0 0 0 
ID: 153, Data: 80 0 0 FF 0 FF 0 0 
ID: 43F, Data: 81 48 60 FF 79 A4 1A 0 
ID: 153, Data: 80 0 0 FF 0 FF 0 0 
ID: 316, Data: 845 59 7C 1E 63 1B C 7A 
ID: 316, Data: 845 59 E9 1E 63 1B C 7A 
ID: 260, Data: 8A 5A 64 30 5 FF B9 12 
ID: 43F, Data: 81 48 60 FF 79 74 1D 0 
ID: 316, Data: 845 5A BB 20 62 1B D 7A 
ID: A1, Data: 886 7B 89 7E 42 0 0 0 
ID: 316, Data: 845 5A E5 21 64 1B E 7A 
ID: 153, Data: 80 0 0 FF 0 FF 0 0 
ID: A1, Data: 886 7B 88 7E 44 0 0 0 
ID: 329, Data: 8ED B4 80 8 11 4B 33 26 
ID: 153, Data: 80 0 0 FF 0 FF 0 0 
ID: 43F, Data: 81 48 60 FF 79 64 22 0 
ID: 153, Data: 80 0 0 FF 0 FF 0 0 
ID: 316, Data: 845 68 C2 26 68 1B 10 7A 
ID: 153, Data: 80 0 0 FF 0 FF 0 0 
ID: 329, Data: 840 B4 80 8 11 4C 34 26 
ID: 316, Data: 845 65 D0 28 67 1C 11 7A 
ID: 43F, Data: 81 48 60 FF 79 D0 26 0 
ID: 316, Data: 845 62 AA 29 66 1D 12 7A 
ID: A0, Data: 873 7F 7E 29 12 42 2 0 
ID: 153, Data: 80 0 0 FF 0 FF 0 0 
ID: 316, Data: 845 62 2 2B 69 1D 13 7A 
ID: 153, Data: 80 0 0 FF 0 FF 0 0 
ID: A1, Data: 885 7E 84 7D 41 0 0 0 
ID: 316, Data: 845 64 25 2D 6A 1E 14 7A 
ID: 1F1, Data: 80 8D B3 60 A B9 E0 A 
ID: 43F, Data: 81 48 60 FF 79 FC 2C 0 
ID: 316, Data: 845 67 D8 2F 6F 1F 15 7A 
ID: 18F, Data: 8AA 5B 0 0 0 0 0 0 
ID: 316, Data: 845 69 42 31 6F 1F 16 7A 
ID: 153, Data: 80 0 0 FF 0 FF 0 0 
ID: 18F, Data: 8AA 5B 0 0 0 0 0 0 
ID: 316, Data: 845 6D 26 33 70 1F 17 7A 
ID: 43F, Data: 81 48 60 FF 79 DC 31 0 
ID: 153, Data: 80 0 0 FF 0 FF 0 0 
ID: 153, Data: 80 0 0 FF 0 FF 0 0 
ID: 316, Data: 845 6C D 36 66 16 18 7A 
ID: A0, Data: 87D 7F C3 35 19 4A 2 0 
ID: 316, Data: 845 6C 66 37 68 17 19 7A 
ID: 316, Data: 845 6A 2E 38 68 17 1A 7A 
ID: 153, Data: 80 0 0 FF 0 FF 0 0 
ID: 370, Data: 8FF D7 F0 FF FF FF FF FF 
ID: 316, Data: 845 67 4F 3A 70 18 1B 7A 
ID: 316, Data: 845 68 FF 3A 77 18 1B 7A 
ID: 280, Data: 830 0 88 B4 77 42 75 90 
ID: 153, Data: 80 0 0 FF 0 FF 0 0 
ID: 2A0, Data: 81 23 75 18 32 0 11 0 
ID: 316, Data: 85 76 80 3E 7A 19 1D 7A 
ID: 329, Data: 840 B3 80 8 11 5C 50 26 
ID: 316, Data: 85 78 25 41 79 1A 1E 7A 
ID: 329, Data: 884 B3 80 8 11 5C 50 26 
ID: 43F, Data: 81 48 60 FF 79 A0 40 0 
ID: 370, Data: 8FF D5 F0 FF FF FF FF FF 
ID: 260, Data: 8A 77 7A 30 5 FF A6 10 
ID: 316, Data: 85 75 42 44 79 1B 20 7A 
ID: 18F, Data: 8AA 59 0 0 0 0 0 0 
ID: 43F, Data: 81 48 60 FF 79 64 44 0 
ID: 1F1, Data: 80 38 15 B1 10 1D 91 11 
ID: 153, Data: 80 0 0 FF 0 FF 0 0 
ID: 260, Data: 8A 75 7C 30 5 FF AC 1A 
ID: 329, Data: 8ED B3 80 8 11 5E 55 26 
ID: 370, Data: 8FF D4 F0 FF FF FF FF FF 
ID: 316, Data: 85 76 30 4B 7E 1D 23 7A 
ID: 153, Data: 80 0 0 FF 0 FF 0 0 
ID: 43F, Data: 8A 48 60 FF 79 38 4B 0 
ID: 316, Data: 85 80 20 4E 86 1E 25 7A 
ID: 316, Data: 85 84 BD 4E 89 1E 25 7A 
ID: 440, Data: 8FE E1 26 A0 FF AA AA AA 
ID: 316, Data: 85 8A 52 50 8D 1E 26 7A 
ID: 43F, Data: 8A 48 60 FF 79 B0 4E 0 
ID: 43F, Data: 8A 48 60 6D 79 E4 4E 0 
ID: 370, Data: 8FF D4 F0 FF FF FF FF FF 
ID: 153, Data: 80 0 0 FF 0 FF 0 0 
ID: 18F, Data: 8AA 55 0 0 0 0 0 0 
ID: 316, Data: 85 56 AB 46 9B 1B 29 7A 
ID: 316, Data: 85 56 57 43 9F 1A 29 7A 
ID: 260, Data: 8A 92 A3 30 5 FF 4B 36 
ID: 316, Data: 85 56 3D 3C A7 18 2A 7A 
ID: 316, Data: 85 85 78 39 AE 17 2B 7A 
ID: 153, Data: 80 0 0 FF 0 FF 0 0 
ID: 316, Data: 85 97 DD 37 B6 17 2C 7A 
ID: 316, Data: 85 A9 3F 37 B8 17 2C 7A 
ID: 260, Data: 8A AE B9 30 5 FF 97 31 
ID: 316, Data: 85 B1 DD 37 B9 17 2D 7A 
ID: 316, Data: 85 AF 7F 38 BB 17 2E 7A 
ID: 316, Data: 85 B0 4E 39 BC 17 2E 7A 
ID: 316, Data: 85 B0 78 39 C3 18 2F 7A 
ID: 153, Data: 80 0 0 FF 0 FF 0 0 
ID: 43F, Data: 8A 48 60 FF 79 E0 36 0 
ID: 153, Data: 80 0 0 FF 0 FF 0 0 
ID: 153, Data: 80 0 0 FF 0 FF 0 0 
ID: 316, Data: 85 BA 6C 3C D0 18 31 7A 
ID: 153, Data: 80 0 0 FF 0 FF 0 0 
ID: 316, Data: 85 C1 4E 3E D7 19 33 7A 
ID: 316, Data: 85 C5 B1 3F DC 19 33 7A 
ID: 260, Data: 8B CA E0 30 5 FF 92 3D 
ID: 43F, Data: 82 48 60 FF 79 6C 3C 0 
ID: 43F, Data: 82 48 60 FF 79 BC 3C 0 
ID: 370, Data: 8FF D4 F0 FF FF FF FF FF 
ID: 316, Data: 85 CC CA 41 DD 1A 36 7A 
ID: A1, Data: 880 80 82 7F 63 0 0 0 
ID: 43F, Data: 82 48 60 FF 79 AC 3F 0 
ID: 43F, Data: 82 48 60 FF 79 50 40 0 
ID: 280, Data: 830 0 88 B2 89 7D 75 D0 
ID: 153, Data: 80 0 0 FF 0 FF 0 0 
ID: 153, Data: 80 0 0 FF 0 FF 0 0 
ID: 316, Data: 85 D5 2C 47 DF 1C 3B 7A 
ID: 43F, Data: 82 48 60 FF 79 24 44 0 
ID: 316, Data: 85 D6 F1 47 E0 1C 3C 7A 
ID: 260, Data: 8B D9 E2 30 5 FF 8D 13 
ID: 153, Data: 80 0 0 FF 0 FF 0 0 
ID: 316, Data: 85 D9 12 4A DF 1D 3E 7A 
ID: 316, Data: 85 D9 A0 4A DF 1D 3E 7A 
ID: 260, Data: 8B DB E0 30 5 FF 8F 20 
ID: 370, Data: 8FF D2 F0 FF FF FF FF FF 
ID: 329, Data: 840 B1 80 8 11 C5 BB 26 
ID: 316, Data: 85 D9 84 4D DE 1E 41 7A 
ID: 316, Data: 85 D8 D2 4D DE 1E 42 7A 
ID: 153, Data: 80 0 0 FF 0 FF 0 0 
ID: 316, Data: 81 BF AE 4F E6 1F 44 7A 
ID: 370, Data: 8FF D2 F0 FF FF FF FF FF 
ID: 18F, Data: 8AA 4C 0 0 0 0 0 0 
ID: 316, Data: 81 B9 84 4D EC 1E 44 7A 
ID: 153, Data: 81 2 0 C4 0 D5 0 0 
ID: 329, Data: 884 B1 80 8 11 9D D1 26 
ID: 316, Data: 81 A1 B 4C EC 1D 45 7A 
ID: A1, Data: 880 80 80 80 5C 0 0 0 
ID: 43F, Data: 8B 48 60 94 79 58 43 0 
ID: 153, Data: 81 2 0 C9 0 DB 0 0 
ID: 280, Data: 830 0 C8 B1 7E 74 74 CF 
ID: 316, Data: 81 90 6C 3C DD 19 46 7A 
ID: 43F, Data: 8B 48 60 C3 79 4C 37 0 
ID: 316, Data: 81 C4 F8 39 DC 18 47 7A 
ID: 545, Data: 8E4 1B 4 8E 14 C 5E C 
ID: 5F0, Data: 20 0 
ID: 316, Data: 81 A9 2E 38 43 18 48 7A 
ID: 440, Data: 8FE D2 48 A0 FF AA AA AA 
ID: 2A0, Data: 8E0 75 73 18 32 0 11 0 
ID: 153, Data: 80 0 0 FF 0 FF 0 0 
ID: 329, Data: 840 B1 80 8 11 37 0 26 
ID: 316, Data: 81 1E 26 33 C 1B 49 7A 
ID: 545, Data: 8E4 72 0 8C 9D FF 9D FF 
ID: 153, Data: 80 0 0 FF 0 FF 0 0 
ID: 316, Data: 81 14 8B 33 C 1C 49 7A 
ID: 43F, Data: 83 48 60 FF 7A 58 34 0 
ID: 280, Data: 830 0 84 B1 67 16 73 3E 
ID: 260, Data: 8B 18 C 30 5 FF 7C 25 
ID: 316, Data: 81 19 8B 33 C 1B 49 7A 
ID: 280, Data: 830 0 84 B1 67 17 73 40 
ID: 1F1, Data: 80 49 41 D2 23 48 A2 24 
ID: 43F, Data: 83 48 60 FF 7A 2C 34 0 
ID: 260, Data: 8B 1A C 30 5 FF 7C 14 
ID: 316, Data: 81 1A D0 33 C 1B 48 7A 
ID: 1F1, Data: 80 7C 38 B2 23 43 82 24 
ID: 153, Data: 80 0 0 FF 0 FF 0 0 
ID: 5F0, Data: 20 0 
ID: 43F, Data: 83 48 60 FF 79 BC 33 0 
ID: 43F, Data: 83 48 60 FF 7A BC 33 0 
ID: 153, Data: 80 0 0 FF 0 FF 0 0 
ID: 316, Data: 81 1A 8B 33 C 1B 48 7A 
ID: 43F, Data: 83 48 60 FF 79 A0 33 0 
ID: 545, Data: 8E4 93 0 8C DD FF DD FF 
ID: 153, Data: 80 0 0 FF 0 FF 0 0 
ID: 153, Data: 80 0 0 FF 0 FF 0 0 
ID: 316, Data: 81 19 69 33 C 1B 47 7A 
ID: 440, Data: 8FE 63 47 A0 FF AA AA AA 
ID: 316, Data: 81 19 69 33 C 1C 48 7A 
ID: 153, Data: 80 0 0 FF 0 FF 0 0 
ID: 153, Data: 80 0 0 FF 0 FF 0 0 
ID: 316, Data: 89 19 E3 32 C 1C 47 7A 
ID: A0, Data: 82A 7D E3 32 48 32 4 0 
ID: 316, Data: 89 15 C2 32 C 1C 47 7A 
ID: 316, Data: 89 11 81 32 C 1C 47 7A 
ID: 545, Data: 8E4 5B 0 8C 3C FF 3C FF 
ID: 5F0, Data: 20 0 
ID: 370, Data: 8FF D1 F0 FF FF FF FF FF 
ID: 316, Data: 89 8 0 32 D 1B 47 7A 
ID: 153, Data: 80 0 0 FF 0 FF 0 0 
ID: 5F0, Data: 20 0 
ID: 153, Data: 80 0 0 FF 0 FF 0 0 
ID: A0, Data: 82A 7D A0 31 47 32 4 0 
ID: 316, Data: 89 0 61 31 D 1B 46 7A 
ID: 2A0, Data: 8E0 42 73 18 32 0 11 0 
ID: 153, Data: 80 0 0 FF 0 FF 0 0 
ID: 153, Data: 80 0 0 FF 0 FF 0 0 
ID: 316, Data: 89 0 C7 30 D 1B 46 7A 
ID: 2A0, Data: 8E0 3F 73 18 32 0 11 0 
ID: 316, Data: 89 0 8B 30 D 1B 46 7A 
ID: 316, Data: 89 0 8B 30 C 1B 46 7A 
ID: 316, Data: 89 0 8B 30 D 1B 46 7A 
ID: 18F, Data: 8AA 44 0 0 0 0 0 0 
ID: 153, Data: 80 0 0 FF 0 FF 0 0 
ID: 153, Data: 80 0 0 FF 0 FF 0 0 
ID: 370, Data: 8FF D1 F0 FF FF FF FF FF 
ID: 316, Data: 89 0 4F 30 D 1B 45 7A 
ID: 5F0, Data: 20 0 
ID: 153, Data: 80 0 0 FF 0 FF 0 0 
ID: 1F0, Data: 8CD 3F CD BF 0 0 0 0 
ID: A0, Data: 82C 7D 4F 30 45 31 4 0 
ID: A0, Data: 82C 7D 4F 30 45 31 4 0 
ID: 153, Data: 80 0 0 FF 0 FF 0 0 
ID: 316, Data: 89 0 31 30 D 1B 44 7A 
ID: 370, Data: 8FF D1 F0 FF FF FF FF FF 
ID: 153, Data: 80 0 0 FF 0 FF 0 0 
ID: 153, Data: 80 0 0 FF 0 FF 0 0 
ID: 545, Data: 8E4 0 0 8C 1F FE 1F FE 
ID: 43F, Data: 843 48 60 FF 7A 84 30 0 
ID: 2A0, Data: 880 31 73 18 32 0 11 0 
ID: 153, Data: 80 0 0 FF 0 FF 0 0 
ID: 316, Data: 89 0 81 2F D 1B 43 7A 
ID: 316, Data: 89 0 64 2F D 1B 43 7A 
ID: 316, Data: 89 0 64 2F D 1B 43 7A 
ID: 260, Data: 80 0 D 30 5 FF 7C 28 
ID: 153, Data: 80 0 0 FF 0 FF 0 0 
ID: 316, Data: 89 0 48 2F D 1B 43 7A 
ID: 545, Data: 8E4 0 0 8C 20 FE 20 FE 
ID: 2A0, Data: 840 2B 73 18 32 0 11 0 
ID: 316, Data: 89 0 F 2F D 1B 43 7A 
ID: 1F1, Data: 80 B1 9 92 20 15 62 21 
ID: 2A0, Data: 840 2A 73 18 32 0 11 0 
ID: 153, Data: 80 0 0 FF 0 FF 0 0 
ID: 316, Data: 89 0 BA 2E D 1A 42 7A 
ID: 153, Data: 80 0 0 FF 0 FF 0 0 
ID: 153, Data: 80 0 0 FF 0 FF 0 0 
ID: 316, Data: 89 0 82 2E D 1A 42 7A 
ID: 43F, Data: 843 48 60 FF 7A 18 2F 0 
ID: 316, Data: 89 0 4B 2E D 1A 42 7A 
ID: 316, Data: 89 0 30 2E D 1A 41 7A 
ID: 280, Data: 830 0 20 B1 5C 16 73 3E 
ID: 153, Data: 80 0 0 FF 0 FF 0 0 
ID: 1F0, Data: 8CC 3F CD BF 0 0 0 0 
ID: 316, Data: 89 0 DF 2D D 1A 41 7A 
ID: 316, Data: 89 0 C4 2D E 1A 41 7A 
ID: 153, Data: 80 0 0 FF 0 FF 0 0 
ID: 280, Data: 830 0 20 B2 5B 15 73 3C 
ID: 153, Data: 80 0 0 FF 0 FF 0 0 
ID: 153, Data: 80 0 0 FF 0 FF 0 0 
ID: 545, Data: 8E4 0 0 8C 25 FE 25 FE 
ID: 316, Data: 89 0 59 2D E 1A 40 7A 
ID: 260, Data: 80 0 E 30 5 FF 7A B 
ID: 153, Data: 80 0 0 FF 0 FF 0 0 
ID: 43F, Data: 843 48 60 FF 7A D0 2D 0 
ID: 280, Data: 830 0 20 B2 5A 16 73 3C 
ID: 316, Data: 89 0 F1 2C E 1A 40 7A 
ID: 316, Data: 89 0 F1 2C E 1A 40 7A 
ID: A0, Data: 829 7E F1 2C 40 30 4 0 
ID: 316, Data: 89 0 D7 2C E 1A 3F 7A 
ID: 153, Data: 80 0 0 FF 0 FF 0 0 
ID: 316, Data: 89 0 8B 2C E 1A 3F 7A 
ID: 1F0, Data: 8CD 3F CD BF 0 0 0 0 
ID: 153, Data: 80 0 0 FF 0 FF 0 0 
ID: 316, Data: 89 0 58 2C E 1A 3F 7A 
ID: 153, Data: 80 0 0 FF 0 FF 0 0 
ID: 316, Data: 89 0 26 2C E 1A 3F 7A 
ID: 153, Data: 80 0 0 FF 0 FF 0 0 
ID: 43F, Data: 843 48 60 FF 7A A8 2C 0 
ID: 43F, Data: 843 48 60 FF 7A CC 2C 0 
ID: 280, Data: 830 0 20 B2 57 15 73 3A 
ID: 440, Data: 8FE 13 3E A0 FF AA AA AA 
ID: 316, Data: 89 0 DC 2B E 1A 3E 7A 
ID: 43F, Data: 843 48 60 FF 7A 48 2C 0 
ID: 43F, Data: 843 48 60 FF 7A 20 2C 0 
ID: 2A0, Data: 8E0 18 73 18 32 0 11 0 
ID: 316, Data: 89 0 62 2B E 1A 3D 7A 
ID: 329, Data: 8ED B2 80 8 11 37 0 26 
ID: 18F, Data: 8AA 40 0 0 0 0 0 0 
ID: 43F, Data: 843 48 60 FF 7A D8 2B 0 
ID: 153, Data: 80 0 0 FF 0 FF 0 0 
ID: 43F, Data: 843 48 60 FF 7A C8 2B 0 
ID: 316, Data: 89 0 1A 2B E 1A 3D 7A 
ID: 329, Data: 840 B2 80 8 11 37 0 26 
ID: A1, Data: 880 80 80 7D 1C 0 0 0 
ID: 153, Data: 80 0 0 FF 0 FF 0 0 
ID: 370, Data: 8FF D1 F0 FF FF FF FF FF 
ID: 153, Data: 80 0 0 FF 0 FF 0 0 
ID: 316, Data: 89 0 8D 2A F 1A 3C 7A 
ID: 43F, Data: 843 48 60 FF 7A 10 2B 0 
ID: 316, Data: 89 0 48 2A F 1A 3C 7A 
ID: 153, Data: 80 0 0 FF 0 FF 0 0 
ID: 316, Data: 89 0 1A 2A F 1A 3C 7A 
ID: 43F, Data: 843 48 60 FF 7A B8 2A 0 
ID: 440, Data: 8FE B3 3B A0 FF AA AA AA 
ID: 316, Data: 89 0 D7 29 F 1A 3B 7A 
ID: 153, Data: 80 0 0 FF 0 FF 0 0 
ID: 316, Data: 89 0 7E 29 17 23 3B 7A 
ID: 153, Data: 80 0 0 FF 0 FF 0 0 
ID: 316, Data: 89 0 7E 29 17 23 3B 7A 
ID: 316, Data: 89 0 94 29 17 23 3A 7A 
ID: 545, Data: 8E4 0 0 8C 89 FD 89 FD 
ID: 153, Data: 80 0 0 FF 0 FF 0 0 
ID: 153, Data: 80 0 0 FF 0 FF 0 0 
ID: 5F0, Data: 20 0 
ID: 153, Data: 80 0 0 FF 0 FF 0 0 
ID: 153, Data: 80 0 0 FF 0 FF 0 0 
ID: 280, Data: 830 0 20 B2 51 15 73 3C 
ID: 316, Data: 849 0 3D 28 18 23 39 7A 
ID: A0, Data: 828 7E D0 28 3A 2F 4 0 
ID: 153, Data: 80 0 0 FF 0 FF 0 0 
ID: 316, Data: 849 0 10 27 18 23 39 7A 
ID: 153, Data: 80 0 0 FF 0 FF 0 0 
ID: 18F, Data: 8AA 3F 0 0 0 0 0 0 
ID: 316, Data: 849 0 D5 26 18 23 38 7A 
ID: 316, Data: 849 0 C2 26 18 23 38 7A 
ID: 18F, Data: 8AA 40 0 0 0 0 0 0 
ID: 153, Data: 80 0 0 FF 0 FF 0 0 
ID: 316, Data: 849 0 89 26 18 22 37 7A 
ID: A0, Data: 829 7E 76 26 38 2E 4 0 
ID: 316, Data: 849 0 50 26 18 22 37 7A 
ID: 316, Data: 849 0 2A 26 18 22 37 7A 
ID: 5F0, Data: 20 0 
ID: 316, Data: 849 0 F3 25 19 22 36 7A 
ID: 153, Data: 80 0 0 FF 0 FF 0 0 
ID: A1, Data: 880 80 80 7D 1E 0 0 0 
ID: 316, Data: 849 0 98 25 19 22 36 7A 
ID: 280, Data: 830 0 20 B2 4A 16 73 3F 
ID: 316, Data: 849 0 3E 25 19 22 35 7A 
ID: 316, Data: 849 0 2C 25 19 22 35 7A 
ID: 316, Data: 849 0 9 25 19 22 35 7A 
ID: 316, Data: 849 0 E6 24 19 22 35 7A 
ID: A1, Data: 880 80 80 7D 1E 0 0 0 
ID: 43F, Data: 843 48 60 FF 7A 70 25 0 
ID: 316, Data: 849 0 90 24 19 22 34 7A 
ID: 18F, Data: 8AA 44 0 0 0 0 0 0 
ID: 316, Data: 849 0 3B 24 19 22 34 7A 
ID: 370, Data: 8FF D1 F0 FF FF FF FF FF 
ID: 316, Data: 849 0 E8 23 19 22 33 7A 
ID: 153, Data: 80 0 0 FF 0 FF 0 0 
ID: 316, Data: 849 0 96 23 19 22 33 7A 
ID: 316, Data: 849 0 65 23 19 22 33 7A 
ID: 260, Data: 80 0 19 30 5 FF 67 30 
ID: 316, Data: 849 0 E7 22 19 22 32 7A 
ID: 316, Data: 849 0 B8 22 19 22 32 7A 
ID: 153, Data: 80 0 0 FF 0 FF 0 0 
ID: 316, Data: 849 0 21 22 19 22 31 7A 
ID: 153, Data: 80 0 0 FF 0 FF 0 0 
ID: 329, Data: 8B B2 80 8 12 35 0 26 
ID: 316, Data: 849 0 47 21 1A 22 30 7A 
ID: 280, Data: 830 0 20 B2 41 16 73 42 
ID: 43F, Data: 843 48 60 FF 7A 4C 21 0 
ID: 316, Data: 849 0 5C 20 1A 22 2F 7A 
ID: 153, Data: 80 0 0 FF 0 FF 0 0 
ID: 316, Data: 849 0 B2 1F 1A 22 2E 7A 
ID: 153, Data: 80 0 0 FF 0 FF 0 0 
ID: 260, Data: 80 0 1A 30 5 FF 50 19 
ID: 316, Data: 849 0 F5 1E 1A 21 2D 7A 
ID: 545, Data: 8E4 0 0 8C A8 FD A8 FD 
ID: 43F, Data: 843 48 60 FF 7A EC 1E 0 
ID: 5F0, Data: 20 0 
ID: 440, Data: 8FE 13 2B A0 FF AA AA AA 
ID: 153, Data: 80 0 0 FF 0 FF 0 0 
ID: 316, Data: 849 0 53 1D 1B 21 2B 7A 
ID: 316, Data: 849 0 FC 1C 1B 21 2A 7A 
ID: 545, Data: 8E4 0 0 8C AC FD AC FD 
ID: 440, Data: 8FE C3 29 A0 FF AA AA AA 
ID: 316, Data: 849 0 2B 1C 1B 21 29 7A 
ID: 153, Data: 80 0 0 FF 0 FF 0 0 
ID: 316, Data: 849 0 78 1B 1B 21 28 7A 
ID: 153, Data: 80 0 0 FF 0 FF 0 0 
ID: A0, Data: 82D 7E 6 1B 28 2B 4 0 
ID: 316, Data: 849 0 B3 1A 1C 21 27 7A 
ID: 280, Data: 830 0 20 B2 34 16 73 41 
ID: 1F0, Data: 8CC 3F CD BF 0 0 0 0 
ID: 370, Data: 8FF D1 F0 FF FF FF FF FF 
ID: 329, Data: 840 B2 80 8 12 32 0 26 
ID: 153, Data: 80 0 0 FF 0 FF 0 0 
ID: 153, Data: 80 0 0 FF 0 FF 0 0 
ID: 316, Data: 849 0 45 18 1D 21 24 7A 
ID: 440, Data: 8FE 13 23 A0 FF AA AA AA 
ID: 316, Data: 849 0 95 17 1E 21 23 7A 
ID: 153, Data: 80 0 0 FF 0 FF 0 0 
ID: 329, Data: 8B B2 80 8 12 32 0 26 
ID: 316, Data: 849 0 92 16 1E 20 21 7A 
ID: 316, Data: 849 0 32 16 1F 21 21 7A 
ID: 43F, Data: 843 48 60 FF 7A 8C 16 0 
ID: 316, Data: 849 0 69 15 1F 20 20 7A 
ID: 153, Data: 80 0 0 FF 0 FF 0 0 
ID: 316, Data: 849 0 B4 14 20 20 1F 7A 
ID: 153, Data: 80 0 0 FF 0 FF 0 0 
ID: 153, Data: 80 0 0 FF 0 FF 0 0 
ID: 316, Data: 849 0 A0 13 21 20 1E 7A 
ID: 153, Data: 80 0 0 FF 0 FF 0 0 
ID: 2A0, Data: 840 5 73 18 32 0 11 0 
ID: 316, Data: 849 0 A8 12 22 20 1C 7A 
ID: 260, Data: 80 0 22 30 5 FF 4E 4 
ID: 5F0, Data: 20 0 
ID: 153, Data: 80 0 0 FF 0 FF 0 0 
ID: 153, Data: 80 0 0 FF 0 FF 0 0 
ID: 5F0, Data: 20 0 
ID: 18F, Data: 8AA 51 0 0 0 0 0 0 
ID: 2A0, Data: 840 5 73 18 32 0 11 0 
ID: 316, Data: 849 0 91 10 24 21 19 7A 
ID: 1F1, Data: 80 5A BF D0 B C2 30 C 
ID: 43F, Data: 843 48 60 FF 7A 10 11 0 
ID: 153, Data: 80 0 0 FF 0 FF 0 0 
ID: 1F1, Data: 80 6B B4 40 B B9 90 B 
ID: 316, Data: 841 1A B2 F 25 21 17 7A 
ID: 260, Data: 8B 1B 25 30 5 FF 4F 27 
ID: 316, Data: 841 21 84 F 25 21 17 7A 
ID: 316, Data: 841 27 A6 E 27 22 16 7A 
ID: 316, Data: 841 27 FE E 26 21 16 7A 
ID: 316, Data: 841 27 6B F 25 21 15 7A 
ID: 440, Data: 8FE C3 15 A0 FF AA AA AA 
ID: 316, Data: 841 27 5E E 27 22 15 7A 
ID: 153, Data: 80 0 0 FF 0 FF 0 0 
ID: 153, Data: 80 0 0 FF 0 FF 0 0 
ID: 316, Data: 841 27 49 E 28 22 13 7A 
ID: 153, Data: 80 0 0 FF 0 FF 0 0 
ID: 316, Data: 841 27 FC D 28 22 12 7A 
ID: 316, Data: 841 27 F4 D 28 22 12 7A 
ID: 2A0, Data: 8E0 4 73 18 32 0 11 0 
ID: 43F, Data: 83 48 60 FF 7A 94 B 0 
ID: 370, Data: 8FF D1 F0 FF FF FF FF FF 
ID: 316, Data: 841 29 B6 C 2B 22 10 7A 
ID: 316, Data: 841 2A 41 C 2B 22 10 7A 
ID: 329, Data: 840 B2 80 8 12 2F 0 26 
ID: 43F, Data: 83 48 60 FF 7A 8 A 0 
ID: 316, Data: 841 2C 77 B 2C 22 E 7A 
ID: 316, Data: 841 2C 58 B 2C 22 E 7A 
ID: A0, Data: 842 7E 58 B F 26 2 0 
ID: 153, Data: 80 0 0 FF 0 FF 0 0 
ID: 316, Data: 841 2C B4 A 2D 22 D 7A 
ID: 370, Data: 8FF D1 F0 FF FF FF FF FF 
ID: 153, Data: 80 0 0 FF 0 FF 0 0 
ID: 18F, Data: 8AA 52 0 0 0 0 0 0 
ID: 316, Data: 841 2E 35 A 2E 21 B 7A 
ID: 43F, Data: 8A 48 60 FF 7A 10 7 0 
ID: 280, Data: 830 0 84 B2 13 20 73 58 
ID: 260, Data: 8B 2F 2E 30 5 FF 50 18 
ID: 316, Data: 841 2F C7 9 2E 21 A 7A 
ID: 280, Data: 830 0 84 B2 13 20 73 59 
ID: 43F, Data: 8A 48 60 FF 7A 24 6 0 
ID: 370, Data: 8FF D1 F0 FF FF FF FF FF 
ID: 329, Data: 840 B2 80 8 12 2C 0 26 
ID: 316, Data: 841 30 50 9 2F 20 8 7A 
ID: 316, Data: 841 30 48 9 2F 20 8 7A 
ID: A1, Data: 88C 80 8E 7D 2B 0 0 0 
ID: 43F, Data: 82 48 60 FF 7A 74 7 0 
ID: 43F, Data: 82 48 60 FF 7A 50 7 0 
ID: 43F, Data: 82 48 60 FF 7A D8 6 0 
ID: 280, Data: 830 0 84 B2 12 21 73 5B 
ID: 440, Data: 8FE 82 6 A0 FF AA AA AA 
ID: 316, Data: 841 30 37 9 2E 20 6 7A 
ID: 260, Data: 8B 30 2F 30 5 FF 55 10 
ID: 43F, Data: 82 48 60 FF 7A 34 6 0 
ID: 43F, Data: 82 48 60 FF 7A 10 6 0 
ID: 1F1, Data: 80 E3 2B A0 2 2B B0 2 
ID: 18F, Data: 8AA 53 0 0 0 0 0 0 
ID: 153, Data: 80 0 0 FF 0 FF 0 0 
ID: 153, Data: 80 0 0 FF 0 FF 0 0 
ID: 316, Data: 841 30 60 9 30 20 5 7A 
ID: 316, Data: 841 30 7A 9 2F 20 5 7A 
ID: 545, Data: 8E4 2D 0 84 9 1 9 1 
ID: 153, Data: 80 0 0 FF 0 FF 0 0 
ID: 1F1, Data: 80 E4 23 30 2 23 40 2 
ID: 2A0, Data: 840 2 73 18 32 0 11 0 
ID: 153, Data: 80 0 0 FF 0 FF 0 0 
ID: 316, Data: 841 2E AA 9 2F 21 4 7A 
ID: 43F, Data: 82 48 60 FF 7A 14 4 0 
ID: 316, Data: 841 2E 9B 9 2F 21 4 7A 
ID: 316, Data: 841 2E 86 9 30 20 3 7A 
ID: 2A0, Data: 820 2 73 18 32 0 11 0 
ID: 153, Data: 80 0 0 FF 0 FF 0 0 
ID: 153, Data: 80 0 0 FF 0 FF 0 0 
ID: 316, Data: 841 2F 6F 9 30 20 3 7A 
ID: 260, Data: 8B 2F 31 30 5 FF 84 1D 
ID: 316, Data: 841 2F 6F 9 30 20 2 7A 
ID: 316, Data: 841 2F 7C 9 30 20 2 7A 
ID: A1, Data: 889 83 8A 82 2B 0 0 0 
ID: 43F, Data: 89 48 60 FF 7A C0 1 0 
ID: 153, Data: 80 0 0 FF 0 FF 0 0 
ID: 316, Data: 841 2F B0 9 2F 20 2 7A 
ID: 5F0, Data: 20 0 
ID: 316, Data: 841 2F E0 9 2F 20 1 7A 
ID: 43F, Data: 89 48 60 FF 7A 0 1 0 
ID: 545, Data: 8E4 2C 0 8A FE 0 FE 0 
ID: A1, Data: 889 83 8A 82 2B 0 0 0 
ID: 153, Data: 80 0 0 FF 0 FF 0 0 
ID: 316, Data: 841 2E 10 A 2E 21 1 7A 
ID: 43F, Data: 89 48 60 FF 7A 74 0 0 
ID: 370, Data: 8FF D1 F0 FF FF FF FF FF 
ID: 316, Data: 841 2E 25 A 2E 21 1 7A 
ID: 153, Data: 80 0 0 FF 0 FF 0 0 
ID: 316, Data: 841 2D 40 A 2E 21 1 7A 
ID: 153, Data: 80 0 0 FF 0 FF 0 0 
ID: 153, Data: 80 0 0 FF 0 FF 0 0 
ID: 316, Data: 841 2D 40 A 2E 21 1 7A 
ID: 43F, Data: 89 48 60 FF 7A 0 0 0 
ID: 316, Data: 841 2D 2D A 2E 21 1 7A 
ID: 440, Data: 8AD 72 0 A0 FF AA AA AA 
ID: 329, Data: 8B B2 80 8 12 2D 0 26 
ID: 5F0, Data: 20 0 
ID: 153, Data: 80 0 0 FF 0 FF 0 0 
ID: 43F, Data: 89 48 60 FF 7A 0 0 0 
ID: 5F0, Data: 20 0 
ID: 316, Data: 841 2D 51 A 2D 21 0 7A 
ID: 43F, Data: 89 48 60 FF 7A 0 0 0 
ID: 370, Data: 8FF D1 F0 FF FF FF FF FF 
ID: 43F, Data: 89 48 60 FF 7A 0 0 0 
ID: 316, Data: 841 2D 60 A 2D 21 0 7A 
ID: 316, Data: 841 2C 58 A 2D 21 0 7A 
ID: 153, Data: 80 0 0 FF 0 FF 0 0 
ID: 18F, Data: 8AA 55 0 0 0 0 0 0 
ID: 316, Data: 841 2C 44 A 2D 21 0 7A 
ID: 316, Data: 841 2C 4B A 2D 21 0 7A 
ID: 545, Data: 8E4 2B 0 8C C1 0 C1 0 
ID: 153, Data: 80 0 0 FF 0 FF 0 0 
ID: 316, Data: 841 2C 69 A 2D 21 0 7A 
ID: 153, Data: 80 0 0 FF 0 FF 0 0 
ID: 316, Data: 841 2C 63 A 2D 21 0 7A 
ID: 153, Data: 80 0 0 FF 0 FF 0 0 
ID: 153, Data: 80 0 0 FF 0 FF 0 0 
ID: 440, Data: 8AD 41 0 A0 FF AA AA AA 
ID: 43F, Data: 81 48 60 FF 7A 0 0 0 
ID: 316, Data: 841 2B 58 A 2D 21 0 7A 
ID: 370, Data: 8FF D1 F0 FF FF FF FF FF 
ID: 440, Data: 8AD 41 0 A0 FF AA AA AA 
ID: 316, Data: 841 2B 54 A 2D 21 0 7A 
ID: 5F0, Data: 20 0 
ID: 43F, Data: 81 48 60 FF 7A 0 0 0 
ID: 153, Data: 80 0 0 FF 0 FF 0 0 
ID: 316, Data: 841 2B 5A A 2D 21 0 7A 
ID: 43F, Data: 81 48 60 FF 7A 0 0 0 
ID: 153, Data: 80 0 0 FF 0 FF 0 0 
ID: 440, Data: 8AD 31 0 A0 FF AA AA AA 
ID: 153, Data: 80 0 0 FF 0 FF 0 0 
ID: 280, Data: 830 0 84 B3 14 1E 74 58 
ID: 316, Data: 841 2B 47 A 2D 21 0 7A 
ID: 370, Data: 8FF D1 F0 FF FF FF FF FF 
ID: 316, Data: 841 2B 4B A 2D 21 0 7A 
ID: A0, Data: 83F 7E 50 A 0 25 2 0 
ID: 43F, Data: 81 48 60 FF 7A 0 0 0 
ID: 153, Data: 80 0 0 FF 0 FF 0 0 
ID: 153, Data: 80 0 0 FF 0 FF 0 0 
ID: 153, Data: 80 0 0 FF 0 FF 0 0 
ID: 43F, Data: 81 48 60 FF 7A 0 0 0 
ID: 5F0, Data: 20 0 
ID: 316, Data: 841 2B 4D A 2D 21 0 7A 
ID: 370, Data: 8FF D1 F0 FF FF FF FF FF 
ID: 260, Data: 8B 2B 2D 30 5 FF 6F 3B 
ID: 316, Data: 841 2B 3A A 2D 21 0 7A 
ID: 2A0, Data: 840 1 74 18 32 0 11 0 
ID: 43F, Data: 81 48 60 FF 7A 0 0 0 
ID: 43F, Data: 81 48 60 FF 7A 0 0 0 
ID: 153, Data: 80 0 0 FF 0 FF 0 0 
ID: 43F, Data: 81 48 60 FF 7A 0 0 0 
ID: 153, Data: 80 0 0 FF 0 FF 0 0 
ID: 153, Data: 80 0 0 FF 0 FF 0 0 
ID: 153, Data: 80 0 0 FF 0 FF 0 0 
ID: A0, Data: 83B 7E 41 A 0 24 2 0 
ID: 316, Data: 841 29 44 A 26 18 0 7A 
ID: 316, Data: 841 29 3C A 26 18 0 7A 
ID: 260, Data: 8B 29 27 30 5 FF 71 12 
ID: 1F1, Data: 80 4 0 0 0 0 0 0 
ID: 1F0, Data: 8CC 3F CD BF 0 0 0 0 
ID: 43F, Data: 81 48 60 FF 7A 0 0 0 
ID: 153, Data: 80 0 0 FF 0 FF 0 0 
ID: 316, Data: 81 27 3 B 23 19 0 7A 
ID: 153, Data: 80 0 0 FF 0 FF 0 0 
ID: 18F, Data: 8AA 56 0 0 0 0 0 0 
ID: 18F, Data: 8AA 56 0 0 0 0 0 0 
ID: 316, Data: 81 27 D2 A 23 19 0 7A 
ID: 316, Data: 81 27 CC A 23 19 0 7A 
ID: 316, Data: 81 27 B6 A 24 19 0 7A 
ID: 260, Data: 8B 27 24 30 5 FF 65 14 
ID: 153, Data: 80 0 0 FF 0 FF 0 0 
ID: 153, Data: 80 0 0 FF 0 FF 0 0 
ID: 316, Data: 81 26 E0 A 23 19 0 7A 
ID: A1, Data: 889 7E 81 7E 26 0 0 0 
ID: 316, Data: 81 26 D4 A 23 19 0 7A 
ID: 153, Data: 80 0 0 FF 0 FF 0 0 
ID: 153, Data: 80 0 0 FF 0 FF 0 0 
ID: 153, Data: 80 0 0 FF 0 FF 0 0 
ID: A1, Data: 889 7E 81 7E 25 0 0 0 
ID: 545, Data: 8E4 25 0 8C D2 0 D2 0 
ID: 260, Data: 8B 25 23 30 5 FF 67 6 
ID: 43F, Data: 81 48 60 FF 7A 6C 3 0 
ID: 153, Data: 80 0 0 FF 0 FF 0 0 
ID: 153, Data: 80 0 0 FF 0 FF 0 0 
ID: 316, Data: 81 24 A6 A 23 19 1 7A 
ID: 43F, Data: 81 48 60 FF 7A 4 4 0 
ID: 316, Data: 81 24 A1 A 23 19 1 7A 
ID: 153, Data: 80 0 0 FF 0 FF 0 0 
ID: 153, Data: 80 0 0 FF 0 FF 0 0 
ID: 43F, Data: 81 48 60 FF 7A B8 4 0 
ID: 43F, Data: 81 48 60 FF 7A E4 4 0 
ID: 5F0, Data: 20 0 
ID: 153, Data: 80 0 0 FF 0 FF 0 0 
ID: 316, Data: 81 24 85 A 23 19 2 7A 
ID: 43F, Data: 81 48 60 FF 7A 70 5 0 
ID: 43F, Data: 81 48 60 FF 7A 98 5 0 
ID: 43F, Data: 81 48 60 FF 7A B0 5 0 
ID: 316, Data: 81 2B D4 A 36 19 2 7A 
ID: A0, Data: 835 7F D4 A 3 25 2 0 
ID: 153, Data: 80 0 0 FF 0 FF 0 0 
ID: 43F, Data: 81 48 60 FF 7A 54 6 0 
ID: 2A0, Data: 81 0 74 18 32 0 11 0 
ID: 43F, Data: 81 48 60 FF 7A B0 6 0 
ID: 153, Data: 80 0 0 FF 0 FF 0 0 
ID: 43F, Data: 81 48 60 FF 7A 4 7 0 
ID: 153, Data: 80 0 0 FF 0 FF 0 0 
ID: 153, Data: 80 0 0 FF 0 FF 0 0 
ID: A0, Data: 840 7F 3B C 3 27 2 0 
ID: 316, Data: 81 30 76 C 37 19 3 7A 
ID: 316, Data: 81 31 98 C 3B 19 3 7A 
ID: 2A0, Data: 8A1 1 74 18 32 0 11 0 
ID: 43F, Data: 81 48 60 FF 7A 64 8 0 
ID: 43F, Data: 81 48 60 FF 7A 90 8 0 
ID: 153, Data: 80 0 0 FF 0 FF 0 0 
ID: 316, Data: 81 36 E8 D 3F 18 4 7A 
ID: 43F, Data: 81 48 60 FF 7A 54 9 0 
ID: 153, Data: 80 0 0 FF 0 FF 0 0 
ID: 280, Data: 830 0 88 B3 1D 22 74 5C 
ID: 5F0, Data: 20 0 
ID: 18F, Data: 8AA 52 0 0 0 0 0 0 
ID: A0, Data: 843 7F B5 F 5 2A 2 0 
ID: 329, Data: 840 B3 80 8 11 32 F 26 
ID: 316, Data: 81 37 87 10 3E 16 5 7A 
ID: A0, Data: 842 7F D5 10 5 2B 2 0 
ID: 316, Data: 81 37 27 11 3E 16 5 7A 
ID: 153, Data: 80 0 0 FF 0 FF 0 0 
ID: 316, Data: 81 37 AA 11 3F 16 5 7A 
ID: 370, Data: 8FF D1 F0 FF FF FF FF FF 
ID: 545, Data: 8E4 59 0 8C 4E 2 4E 2 
ID: 316, Data: 81 37 37 12 3E 15 6 7A 
ID: 316, Data: 81 37 50 12 3E 15 6 7A 
ID: A0, Data: 844 7F 37 12 6 2B 2 0 
ID: 153, Data: 80 0 0 FF 0 FF 0 0 
ID: 43F, Data: 81 48 60 FF 7A E8 E 0 
ID: 153, Data: 80 0 0 FF 0 FF 0 0 
ID: 153, Data: 80 0 0 FF 0 FF 0 0 
ID: 316, Data: 81 35 49 13 3C 15 7 7A 
ID: 2A0, Data: 8A1 5 74 18 32 0 11 0 
ID: 316, Data: 81 35 A0 13 44 15 7 7A 
ID: 316, Data: 81 35 C8 13 49 15 8 7A 
ID: 316, Data: 81 35 F5 13 4A 14 8 7A 
ID: 43F, Data: 81 48 60 FF 7A 84 11 0 
ID: 43F, Data: 81 48 60 FF 7A E4 11 0 
ID: 370, Data: 8FF D1 F0 FF FF FF FF FF 
ID: 43F, Data: 81 48 60 FF 7A 84 12 0 
ID: 316, Data: 81 3C 87 15 49 14 9 7A 
ID: 2A0, Data: 8A1 7 74 18 32 0 11 0 
ID: 43F, Data: 81 48 60 FF 7A CC 13 0 
ID: 43F, Data: 81 48 60 FF 7A 28 14 0 
ID: 329, Data: 884 B3 80 8 11 39 1B 26 
ID: A0, Data: 84F 7F 85 16 9 30 2 0 
ID: 316, Data: 81 3F CF 17 46 13 A 7A 
ID: 316, Data: 81 40 11 18 46 13 A 7A 
ID: A1, Data: 889 7F 8F 80 35 0 0 0 
ID: 43F, Data: 81 48 60 FF 7A 3C 16 0 
ID: 153, Data: 80 0 0 FF 0 FF 0 0 
ID: 316, Data: 81 40 48 19 45 13 B 7A 
ID: 316, Data: 81 3F 93 19 45 13 B 7A 
ID: 280, Data: 830 0 88 B3 33 27 74 70 
ID: 43F, Data: 81 48 60 FF 7A 38 18 0 
ID: 316, Data: 81 3D E1 1A 44 13 B 7A 
ID: 545, Data: 8E4 8E 0 8C D9 2 D9 2 
ID: 316, Data: 81 3D BD 1B 43 14 C 7A 
ID: 153, Data: 80 0 0 FF 0 FF 0 0 
ID: 329, Data: 840 B3 80 8 11 3B 1D 26 
ID: 316, Data: 81 3C A7 1C 46 14 C 7A 
ID: 43F, Data: 81 48 60 FF 7A 0 1B 0 
ID: 43F, Data: 81 48 60 FF 7A 4C 1B 0 
ID: 43F, Data: 81 48 60 FF 7A BC 1B 0 
ID: 153, Data: 80 0 0 FF 0 FF 0 0 
ID: 153, Data: 80 0 0 FF 0 FF 0 0 
ID: A1, Data: 888 7F 8D 80 34 0 0 0 
ID: 329, Data: 840 B3 80 8 11 3D 1F 26 
ID: 545, Data: 8E4 AC 0 8C 2 3 2 3 
ID: 43F, Data: 81 48 60 FF 7A 30 1E 0 
ID: 153, Data: 80 0 0 FF 0 FF 0 0 
ID: 43F, Data: 81 48 60 FF 7B E8 1E 0 
ID: 43F, Data: 81 48 60 FF 7A 4C 1F 0 
ID: 316, Data: 81 40 63 21 44 14 F 7A 
ID: A1, Data: 88F 7B 8A 7E 35 0 0 0 
ID: 153, Data: 80 0 0 FF 0 FF 0 0 
ID: 153, Data: 80 0 0 FF 0 FF 0 0 
ID: 153, Data: 80 0 0 FF 0 FF 0 0 
ID: A0, Data: 84A 7F 8A 22 10 35 2 0 
ID: 316, Data: 81 3F 86 23 43 14 10 7A 
ID: 18F, Data: 8AA 4B 0 0 0 0 0 0 
ID: 316, Data: 81 3F 5D 24 42 15 11 7A 
ID: 153, Data: 80 0 0 FF 0 FF 0 0 
ID: 153, Data: 80 0 0 FF 0 FF 0 0 
ID: 316, Data: 81 3E 3E 25 42 15 11 7A 
ID: 153, Data: 80 0 0 FF 0 FF 0 0 
ID: 316, Data: 81 3E F3 25 44 15 12 7A 
ID: 316, Data: 81 3E 50 26 45 15 12 7A 
ID: 545, Data: 8E4 B9 0 8C C9 2 C9 2 
ID: 316, Data: 81 3F FC 26 4A 15 12 7A 
ID: 316, Data: 81 40 5E 27 4C 15 12 7A 
ID: A0, Data: 84C 7F E9 26 13 38 2 0 
ID: 316, Data: 81 44 67 28 4D 15 13 7A 
ID: 316, Data: 81 45 E6 28 4D 15 13 7A 
ID: 43F, Data: 81 48 60 FF 7C 8 28 0 
ID: 43F, Data: 81 48 60 FF 7C 74 28 0 
ID: 1F1, Data: 80 D2 A1 30 A A5 70 A 
ID: 1F0, Data: 8D1 3F CD BF 0 0 0 0 
ID: 153, Data: 80 0 0 FF 0 FF 0 0 
ID: 316, Data: 81 47 7A 2B 4B 15 14 7A 
ID: 43F, Data: 81 48 60 FF 7C 58 2A 0 
ID: 153, Data: 80 0 0 FF 0 FF 0 0 
ID: A0, Data: 853 7F D 2C 15 3B 2 0 
ID: 440, Data: 8FE E1 15 A0 FF AA AA AA 
ID: 280, Data: 830 0 88 B4 5A 29 74 6A 
ID: 316, Data: 81 45 FA 2D 4A 16 16 7A 
ID: 329, Data: 8ED B4 80 8 11 46 2A 26 
ID: 43F, Data: 81 48 60 FF 7D 88 2D 0 
ID: 316, Data: 81 44 64 2F 49 17 16 7A 
ID: 153, Data: 80 0 0 FF 0 FF 0 0 
ID: 316, Data: 81 44 31 30 48 17 17 7A 
ID: 153, Data: 80 0 0 FF 0 FF 0 0 
ID: 280, Data: 830 0 88 B4 61 29 74 68 
ID: 316, Data: 81 44 42 31 48 17 17 7A 
ID: A1, Data: 891 7B 89 7C 31 0 0 0 
ID: 43F, Data: 81 48 60 FF 7C C0 30 0 
ID: 1F0, Data: 8CF 3F CD BF 0 0 0 0 
ID: 260, Data: 8B 46 4C 30 5 FF BF 1A 
ID: 2A0, Data: 8C1 19 74 18 32 0 11 0 
ID: 153, Data: 80 0 0 FF 0 FF 0 0 
ID: 316, Data: 81 4A 7E 34 4A 18 19 7A 
ID: 43F, Data: 81 48 60 FF 7C 60 33 0 
ID: 2A0, Data: 861 1A 74 18 32 0 11 0 
ID: 153, Data: 80 0 0 FF 0 FF 0 0 
ID: 153, Data: 80 0 0 FF 0 FF 0 0 
ID: 316, Data: 81 49 59 36 48 18 1A 7A 
ID: 153, Data: 80 0 0 FF 0 FF 0 0 
ID: 316, Data: 81 49 18 37 47 18 1A 7A 
ID: 153, Data: 80 0 0 FF 0 FF 0 0 
ID: 1F0, Data: 8CE 3F CD BF 0 0 0 0 
ID: 316, Data: 81 48 56 38 46 19 1B 7A 
ID: 43F, Data: 81 48 60 FF 7D 70 37 0 
ID: 316, Data: 81 48 4E 39 46 19 1B 7A 
ID: 316, Data: 81 48 A3 39 46 19 1C 7A 
ID: 2A0, Data: 8A1 1D 74 18 32 0 11 0 
ID: 43F, Data: 81 48 60 FF 7D 34 39 0 
ID: 316, Data: 81 48 A6 3A 45 1A 1C 7A 
ID: A1, Data: 88A 7B 88 7C 30 0 0 0 
ID: 316, Data: 81 49 2B 3B 45 1A 1D 7A 
ID: 153, Data: 80 0 0 FF 0 FF 0 0 
ID: A1, Data: 88B 7B 8B 7C 2F 0 0 0 
ID: 329, Data: 8B B4 80 8 11 4B 2D 26 
ID: 545, Data: 8E4 70 1 8C 2F 3 2F 3 
ID: 153, Data: 80 0 0 FF 0 FF 0 0 
ID: 153, Data: 80 0 0 FF 0 FF 0 0 
ID: 1F1, Data: 80 C2 EF E0 E F8 B0 F 
ID: 260, Data: 8B 48 44 30 5 FF BA 33 
ID: 316, Data: 81 47 B2 3E 43 1B 1E 7A 
ID: 316, Data: 81 47 E4 3E 43 1C 1E 7A 
ID: 18F, Data: 8AA 44 0 0 0 0 0 0 
ID: 43F, Data: 81 48 60 FF 7D 94 3E 0 
ID: 153, Data: 80 0 0 FF 0 FF 0 0 
ID: 43F, Data: 81 48 60 FF 7D 48 3F 0 
ID: 153, Data: 80 0 0 FF 0 FF 0 0 
ID: 153, Data: 80 0 0 FF 0 FF 0 0 
ID: 5F0, Data: 20 0 
ID: 153, Data: 80 0 0 FF 0 FF 0 0 
ID: 153, Data: 80 0 0 FF 0 FF 0 0 
ID: 18F, Data: 8AA 43 0 0 0 0 0 0 
ID: 43F, Data: 81 48 60 FF 7D F8 41 0 
ID: 153, Data: 80 0 0 FF 0 FF 0 0 
ID: 280, Data: 830 0 88 B3 87 2F 74 5E 
ID: 5F0, Data: 20 0 
ID: A1, Data: 888 7B 87 7C 2D 0 0 0 
ID: 18F, Data: 8AA 43 0 0 0 0 0 0 
ID: A1, Data: 885 7B 87 7C 2C 0 0 0 
ID: 2A0, Data: 81 22 74 18 32 0 11 0 
ID: 18F, Data: 8AA 43 0 0 0 0 0 0 
ID: 153, Data: 80 0 0 FF 0 FF 0 0 
ID: 18F, Data: 8AA 44 0 0 0 0 0 0 
ID: 316, Data: 841 48 34 45 40 27 22 7A 
ID: 1F0, Data: 8CB 3F CD BF 0 0 0 0 
ID: A1, Data: 883 7B 87 7C 28 0 0 0 
ID: 153, Data: 80 0 0 FF 0 FF 0 0 
ID: 153, Data: 80 0 0 FF 0 FF 0 0 
ID: A1, Data: 881 7B 87 7C 28 0 0 0 
ID: 316, Data: 841 27 29 3D 36 25 23 7A 
ID: 280, Data: 830 0 88 B3 75 25 74 53 
ID: 316, Data: 841 24 56 38 35 24 23 7A 
ID: 280, Data: 830 0 88 B3 6B 23 74 54 
ID: 43F, Data: 8A 48 60 1C 7D 0 33 0 
ID: 440, Data: 8FE 91 23 A0 FF AA AA AA 
ID: 440, Data: 8FE 91 24 A0 FF AA AA AA 
ID: 316, Data: 841 25 DF 2D 39 22 24 7A 
ID: 153, Data: 80 0 0 FF 0 FF 0 0 
ID: 2A0, Data: 861 21 74 18 32 0 11 0 
ID: 43F, Data: 8A 48 60 FF 7D 8 2A 0 
ID: 18F, Data: 8AA 4C 0 0 0 0 0 0 
ID: 316, Data: 841 31 4 2A 15 22 24 7A 
ID: 43F, Data: 8A 48 60 FF 7D 90 28 0 
ID: 316, Data: 841 26 91 28 17 23 24 7A 
ID: 280, Data: 830 0 84 B2 50 16 74 3A 
ID: 153, Data: 80 0 0 FF 0 FF 0 0 
ID: 545, Data: 8E4 66 0 8C 92 FF 92 FF 
ID: 316, Data: 841 1A 72 27 18 23 25 7A 
ID: A1, Data: 885 80 85 7D 18 0 0 0 
ID: 316, Data: 841 17 23 27 18 23 25 7A 
ID: 316, Data: 841 14 10 27 18 23 24 7A 
ID: 43F, Data: 8A 48 60 FF 7C 68 28 0 
ID: 545, Data: 8E4 59 0 8C DF FE DF FE 
ID: 153, Data: 80 0 0 FF 0 FF 0 0 
ID: 316, Data: 841 15 E0 25 18 23 24 7A 
ID: 316, Data: 841 15 BC 25 18 23 24 7A 
ID: 43F, Data: 82 48 60 FF 7C D8 27 0 
ID: 43F, Data: 82 48 60 FF 7C C4 27 0 
ID: 260, Data: 8B 18 18 30 5 FF 75 10 
ID: 316, Data: 841 18 74 25 18 22 24 7A 
ID: 316, Data: 841 19 86 25 18 22 24 7A 
ID: 43F, Data: 82 48 60 FF 7C 54 27 0 
ID: 2A0, Data: 8E0 18 74 18 32 0 11 0 
ID: 153, Data: 80 0 0 FF 0 FF 0 0 
ID: 153, Data: 80 0 0 FF 0 FF 0 0 
ID: 316, Data: 841 19 AA 25 18 22 23 7A 
ID: 43F, Data: 82 48 60 FF 7C E8 26 0 
ID: 316, Data: 841 18 74 25 18 22 23 7A 
ID: A1, Data: 880 80 80 7D 1E 0 0 0 
ID: 153, Data: 80 0 0 FF 0 FF 0 0 
ID: 316, Data: 841 19 F7 24 18 22 23 7A 
ID: 153, Data: 80 0 0 FF 0 FF 0 0 
ID: 43F, Data: 82 48 60 FF 7C 48 26 0 
ID: 545, Data: 8E4 6C 0 8C 5A FF 5A FF 
ID: 43F, Data: 82 48 60 FF 7C C 26 0 
ID: 316, Data: 849 15 2A 24 18 22 22 7A 
ID: 280, Data: 830 0 20 B2 47 18 74 3F 
ID: 316, Data: 849 11 96 23 18 22 22 7A 
ID: 329, Data: 8ED B2 80 8 11 37 0 26 
ID: 153, Data: 80 0 0 FF 0 FF 0 0 
ID: 329, Data: 8B B2 80 8 11 37 0 26 
ID: 316, Data: 849 D F4 21 19 22 22 7A 
ID: 153, Data: 80 0 0 FF 0 FF 0 0 
ID: 316, Data: 849 9 38 21 19 22 22 7A 
ID: 18F, Data: 8AA 4E 0 0 0 0 0 0 
ID: 316, Data: 849 4 D 20 1A 22 21 7A 
ID: 153, Data: 80 0 0 FF 0 FF 0 0 
ID: 316, Data: 849 4 1A 1F 1A 22 21 7A 
ID: 316, Data: 849 4 94 1E 1A 21 21 7A 
ID: 545, Data: 8E4 0 0 8C AA FD AA FD 
ID: 316, Data: 849 0 69 1D 1A 21 21 7A 
ID: 316, Data: 849 0 C6 1C 1B 21 21 7A 
ID: 43F, Data: 82 48 60 FF 7C F8 23 0 
ID: 316, Data: 849 0 6F 1B 1B 21 20 7A 
ID: 545, Data: 8E4 0 0 8C B0 FD B0 FD 
ID: 43F, Data: 82 48 60 FF 7C 84 23 0 
ID: 316, Data: 849 0 D6 19 1C 21 20 7A 
ID: 370, Data: 8FF D2 F0 FF FF FF FF FF 
ID: 316, Data: 849 0 C0 18 1C 21 20 7A 
ID: 153, Data: 80 0 0 FF 0 FF 0 0 
ID: 43F, Data: 82 48 60 FF 7C D4 22 0 
ID: 43F, Data: 82 48 60 FF 7C A0 22 0 
ID: 316, Data: 849 0 99 16 1E 20 1F 7A 
ID: 260, Data: 80 0 1F 38 5 FF 4F 3C 
ID: 316, Data: 841 0 9F 15 1F 21 1F 7A 
ID: 153, Data: 80 0 0 FF 0 FF 0 0 
ID: 43F, Data: 82 48 60 FF 7C E4 21 0 
ID: 545, Data: 8E4 18 0 8C F2 FE F2 FE 
ID: 153, Data: 80 0 0 FF 0 FF 0 0 
ID: 316, Data: 841 1E E6 13 20 20 1E 7A 
ID: 153, Data: 80 0 0 FF 0 FF 0 0 
ID: A1, Data: 880 80 80 7D 22 0 0 0 
ID: 329, Data: 8B B2 80 8 11 31 0 26 
ID: 153, Data: 80 0 0 FF 0 FF 0 0 
ID: 5F0, Data: 20 0 
ID: 545, Data: 8E4 4D 0 8C A3 0 A3 0 
ID: 316, Data: 841 29 33 17 3A 21 1D 7A 
ID: 18F, Data: 8AA 51 0 0 0 0 0 0 
ID: 440, Data: 8FE 22 1D A0 FF AA AA AA 
ID: 153, Data: 80 0 0 FF 0 FF 0 0 
ID: 545, Data: 8E4 6F 0 8C D3 0 D3 0 
ID: 316, Data: 841 2D A1 1D 36 21 1D 7A 
ID: 260, Data: 8B 2D 35 30 5 FF D3 35 
ID: 316, Data: 841 2E CB 1F 34 21 1D 7A 
ID: 545, Data: 8E4 82 0 8C B 1 B 1 
ID: 43F, Data: 82 48 60 FF 7C 74 20 0 
ID: 43F, Data: 82 48 60 FF 7C 18 21 0 
ID: 316, Data: 841 35 7B 22 3B 20 1C 7A 
ID: A1, Data: 889 7B 89 7C 2A 0 0 0 
ID: 316, Data: 841 37 3F 22 3A 1F 1C 7A 
ID: 316, Data: 841 38 D7 21 3D 1F 1C 7A 
ID: 43F, Data: 82 48 60 FF 7C 34 20 0 
ID: 280, Data: 830 0 88 B2 42 24 74 65 
ID: 316, Data: 841 3E 71 21 53 1F 1D 7A 
ID: 316, Data: 841 43 C8 21 53 1E 1D 7A 
ID: 43F, Data: 82 48 60 FF 7C DC 20 0 
ID: 280, Data: 830 0 88 B2 45 2F 74 79 
ID: 153, Data: 80 0 0 FF 0 FF 0 0 
ID: 153, Data: 80 0 0 FF 0 FF 0 0 
ID: 316, Data: 841 51 D7 23 50 1D 1D 7A 
ID: 153, Data: 80 0 0 FF 0 FF 0 0 
ID: 316, Data: 841 4F D7 23 50 1D 1E 7A 
ID: 316, Data: 841 4F E8 23 50 1D 1E 7A 
ID: 43F, Data: 82 48 60 FF 7C F4 21 0 
ID: 316, Data: 841 4E 19 24 50 1D 1E 7A 
ID: 43F, Data: 82 48 60 FF 7C 54 22 0 
ID: 316, Data: 841 4D 7F 24 4F 1D 1E 7A 
ID: A1, Data: 882 7B 82 7E 39 0 0 0 
ID: 370, Data: 8FF D2 F0 FF FF FF FF FF 
ID: 43F, Data: 82 48 60 FF 7C C 23 0 
ID: 153, Data: 80 0 0 FF 0 FF 0 0 
ID: 153, Data: 80 0 0 FF 0 FF 0 0 
ID: 316, Data: 841 4A 3E 25 4F 1E 1F 7A 
ID: A1, Data: 884 7B 80 7E 38 0 0 0 
ID: 316, Data: 841 4A BC 25 4F 1E 20 7A 
ID: 316, Data: 841 4A E0 25 4E 1E 20 7A 
ID: 153, Data: 80 0 0 FF 0 FF 0 0 
ID: 280, Data: 830 0 88 B2 4C 2C 74 75 
ID: 316, Data: 841 4A 2A 26 4E 1E 20 7A 
ID: 43F, Data: 82 48 60 FF 7C C4 24 0 
ID: 316, Data: 841 4A 89 26 4E 1E 20 7A 
ID: A1, Data: 884 7B 84 7E 37 0 0 0 
ID: 43F, Data: 82 48 60 FF 7C 34 25 0 
ID: 316, Data: 841 49 23 27 4E 1E 21 7A 
ID: 260, Data: 8B 4A 4E 30 5 FF C4 3C 
ID: 316, Data: 841 49 5E 27 4D 1E 21 7A 
ID: 260, Data: 8B 4A 4E 30 5 FF C4 2D 
ID: 43F, Data: 82 48 60 FF 7C F8 25 0 
ID: 329, Data: 8ED B2 80 8 11 44 22 26 
ID: 153, Data: 80 0 0 FF 0 FF 0 0 
ID: 316, Data: 841 49 0 28 4D 1E 22 7A 
ID: 316, Data: 841 49 3D 28 4D 1E 22 7A 
ID: 280, Data: 830 0 88 B2 50 2C 74 70 
ID: 43F, Data: 82 48 60 FF 7C 20 27 0 
ID: 440, Data: 8FE 72 23 A0 FF AA AA AA 
ID: A1, Data: 887 7B 87 7C 35 0 0 0 
ID: 280, Data: 830 0 88 B2 52 2C 74 71 
ID: 2A0, Data: 8A1 16 74 18 32 0 11 0 
ID: 43F, Data: 82 48 60 FF 7C B0 27 0 
ID: 43F, Data: 82 48 60 FF 7C DC 27 0 
ID: 2A0, Data: 8A1 16 74 18 32 0 11 0 
ID: 316, Data: 841 4A AA 29 4D 1F 24 7A 
ID: 316, Data: 841 4A D7 29 4D 1F 24 7A 
ID: 43F, Data: 82 48 60 FF 7C 8C 28 0 
ID: 280, Data: 830 0 88 B2 54 2D 74 71 
ID: 153, Data: 80 0 0 FF 0 FF 0 0 
ID: 316, Data: 841 4B A4 2A 4D 1F 24 7A 
ID: 153, Data: 80 0 0 FF 0 FF 0 0 
ID: 18F, Data: 8AA 4F 0 0 0 0 0 0 
ID: 316, Data: 841 4C EB 2A 5C 1F 25 7A 
ID: 153, Data: 80 0 0 FF 0 FF 0 0 
ID: 43F, Data: 82 48 60 FF 7C DC 29 0 
ID: A0, Data: 862 7E 2 2B 25 40 2 0 
ID: 153, Data: 80 0 0 FF 0 FF 0 0 
ID: 5F0, Data: 20 0 
ID: 153, Data: 80 0 0 FF 0 FF 0 0 
ID: 153, Data: 80 0 0 FF 0 FF 0 0 
ID: 280, Data: 830 0 88 B2 5A 38 74 82 
ID: 43F, Data: 8B 48 60 FF 7C 14 2B 0 
ID: 153, Data: 80 0 0 FF 0 FF 0 0 
ID: 316, Data: 841 5F 8E 2D 5E 1F 27 7A 
ID: 153, Data: 80 0 0 FF 0 FF 0 0 
ID: 329, Data: 8ED B2 80 8 11 4C 2F 26 
ID: 316, Data: 841 5E 4B 2E 5D 1F 27 7A 
ID: 153, Data: 80 0 0 FF 0 FF 0 0 
ID: 316, Data: 841 5E 15 2E 5D 1F 28 7A 
ID: 316, Data: 841 5E 30 2E 5D 1F 28 7A 
ID: A0, Data: 86B 7E 15 2E 28 42 2 0 
ID: 316, Data: 841 5E 82 2E 5D 1F 28 7A 
ID: 280, Data: 830 0 88 B3 5C 38 74 80 
ID: 43F, Data: 8B 48 60 50 7C C 2A 0 
ID: 370, Data: 8FF D2 F0 FF FF FF FF FF 
ID: 43F, Data: 8B 48 60 54 7C 34 27 0 
ID: 316, Data: 841 54 67 28 66 1D 29 7A 
ID: A0, Data: 875 7E 4 2A 29 42 2 0 
ID: 43F, Data: 8B 48 60 57 7C F8 22 0 
ID: 43F, Data: 8B 48 60 59 7C D8 21 0 
ID: 545, Data: 8E4 31 1 8C 31 4 BC 5 
ID: 316, Data: 841 6C 26 23 6C 1B 2A 7A 
ID: 316, Data: 841 6F 6 23 6C 1B 2A 7A 
ID: 43F, Data: 8B 48 60 FF 7C F8 1E 0 
ID: 43F, Data: 8B 48 60 FF 7C 4 1F 0 
ID: 440, Data: 8FE 72 2A A0 FF AA AA AA 
ID: 545, Data: 8E4 2B 1 8C EC 5 EC 5 
ID: 316, Data: 841 70 55 23 6F 1B 2B 7A 
ID: 280, Data: 830 0 88 B3 46 44 74 92 
ID: 43F, Data: 8B 48 60 FF 7C A8 1F 0 
ID: 329, Data: 8ED B3 80 8 11 4B 34 26 
ID: 153, Data: 80 0 0 FF 0 FF 0 0 
ID: 316, Data: 841 6E 55 23 70 1B 2C 7A 
ID: 1F1, Data: 80 E3 5D C1 15 6A D1 15 
ID: 18F, Data: 8AA 4D 0 0 0 0 0 0 
ID: 370, Data: 8FF D2 F0 FF FF FF FF FF 
ID: 153, Data: 80 0 0 FF 0 FF 0 0 
ID: 545, Data: 8E4 2C 1 8C D5 5 D5 5 
ID: 316, Data: 841 71 19 24 71 1B 2D 7A 
ID: 545, Data: 8E4 3D 1 8C B 6 B 6 
ID: 316, Data: 841 73 5D 24 71 1B 2D 7A 
ID: 153, Data: 80 0 0 FF 0 FF 0 0 
ID: 18F, Data: 8AA 4D 0 0 0 0 0 0 
ID: 316, Data: 841 73 6E 24 71 1B 2E 7A 
ID: 43F, Data: 83 48 60 FF 7C 98 21 0 
ID: 316, Data: 841 73 90 24 71 1B 2E 7A 
ID: 153, Data: 80 0 0 FF 0 FF 0 0 
ID: 43F, Data: 83 48 60 FF 7C 0 22 0 
ID: 2A0, Data: 8A1 25 74 18 32 0 11 0 
ID: A1, Data: 880 7B 7D 7E 48 0 0 0 
ID: 43F, Data: 83 48 60 FF 7B 70 22 0 
ID: 153, Data: 80 0 0 FF 0 FF 0 0 
ID: 316, Data: 841 70 9 25 71 1B 2F 7A 
ID: 316, Data: 841 70 1B 25 71 1B 30 7A 
ID: A1, Data: 881 7B 7D 7E 48 0 0 0 
ID: 316, Data: 841 70 2C 25 71 1B 30 7A 
ID: 316, Data: 841 70 50 25 71 1B 30 7A 
ID: 43F, Data: 83 48 60 FF 7C 68 23 0 
ID: 370, Data: 8FF D4 F0 FF FF FF FF FF 
ID: 153, Data: 80 0 0 FF 0 FF 0 0 
ID: 316, Data: 841 70 F3 25 72 1B 31 7A 
ID: 316, Data: 841 70 5 26 74 1B 31 7A 
ID: 43F, Data: 83 48 60 FF 7C 2C 24 0 
ID: 43F, Data: 83 48 60 FF 7C 38 24 0 
ID: 545, Data: 8E4 45 1 8C F1 5 F1 5 
ID: 153, Data: 80 0 0 FF 0 FF 0 0 
ID: 316, Data: 841 76 89 26 7A 1B 32 7A 
ID: 43F, Data: 843 48 60 FF 7C C0 24 0 
ID: 280, Data: 830 0 88 B3 4D 49 74 9F 
ID: 153, Data: 80 0 0 FF 0 FF 0 0 
ID: 316, Data: 841 7C 10 27 80 1B 33 7A 
ID: 316, Data: 841 7F 10 27 80 1B 33 7A 
ID: 370, Data: 8FF D5 F0 FF FF FF FF FF 
ID: 316, Data: 841 82 AE 27 80 1B 34 7A 
ID: 43F, Data: 843 48 60 FF 7C 28 26 0 
ID: 545, Data: 8E4 7F 1 8C 4 7 4 7 
ID: 5F0, Data: 20 0 
ID: 153, Data: 80 0 0 FF 0 FF 0 0 
ID: 316, Data: 841 81 AE 27 86 1B 35 7A 
ID: 5F0, Data: 20 0 
ID: 316, Data: 841 83 29 28 87 1C 35 7A 
ID: 43F, Data: 843 48 60 FF 7C 8 27 0 
ID: 153, Data: 80 0 0 FF 0 FF 0 0 
ID: 5F0, Data: 20 0 
ID: 153, Data: 80 0 0 FF 0 FF 0 0 
ID: 153, Data: 80 0 0 FF 0 FF 0 0 
ID: 260, Data: 8B 8E 90 30 5 FF A1 32 
ID: 316, Data: 841 8D 52 29 8F 1C 37 7A 
ID: 440, Data: 8FE 13 37 A0 FF AA AA AA 
ID: 316, Data: 841 8E 7E 29 92 1C 37 7A 
ID: 153, Data: 80 0 0 FF 0 FF 0 0 
ID: 280, Data: 830 0 88 B3 53 56 74 AC 
ID: 43F, Data: 84C 48 60 FF 7C 30 29 0 
ID: 153, Data: 80 0 0 FF 0 FF 0 0 
ID: 153, Data: 80 0 0 FF 0 FF 0 0 
ID: 316, Data: 841 91 8D 2A 92 1C 39 7A 
ID: 43F, Data: 84C 48 60 FF 7C E4 29 0 
ID: 316, Data: 841 91 2 2B 92 1C 39 7A 
ID: 153, Data: 80 0 0 FF 0 FF 0 0 
ID: 316, Data: 841 90 4A 2B 92 1C 3A 7A 
ID: 316, Data: 841 90 92 2B 92 1C 3A 7A 
ID: 43F, Data: 84C 48 60 FF 7C CC 2A 0 
ID: 316, Data: 841 8F F4 2B 91 1D 3B 7A 
ID: 153, Data: 80 0 0 FF 0 FF 0 0 
ID: 1F0, Data: 8CC 3F CD BF 0 0 0 0 
ID: 316, Data: 841 8F 62 2B 92 1C 3C 7A 
ID: 316, Data: 841 83 C0 29 93 1C 3C 7A 
ID: 440, Data: 8FE C3 3C A0 FF AA AA AA 
ID: 316, Data: 841 7F 3D 26 96 1A 3C 7A 
ID: 153, Data: 80 0 0 FF 0 FF 0 0 
ID: 153, Data: 80 0 0 FF 0 FF 0 0 
ID: 316, Data: 841 97 16 23 93 19 3D 7A 
ID: 153, Data: 80 0 0 FF 0 FF 0 0 
ID: 440, Data: 8FE 13 3E A0 FF AA AA AA 
ID: 2A0, Data: 861 37 73 18 32 0 11 0 
ID: 316, Data: 841 93 6 23 92 1A 3E 7A 
ID: 329, Data: 8ED B3 80 8 11 56 48 26 
ID: 153, Data: 80 0 0 FF 0 FF 0 0 
ID: 316, Data: 841 92 45 23 91 1A 3F 7A 
ID: 153, Data: 80 0 0 FF 0 FF 0 0 
ID: 43F, Data: 844 48 60 FF 7C 84 22 0 
ID: 2A0, Data: 81 38 73 18 32 0 11 0 
ID: 43F, Data: 844 48 60 FF 7C A0 22 0 
ID: 370, Data: 8FF D7 F0 FF FF FF FF FF 
ID: A0, Data: 8AA 7E E8 23 40 4B 2 0 
ID: 153, Data: 80 0 0 FF 0 FF 0 0 
ID: 329, Data: 8B B3 80 8 11 53 3D 26 
ID: 153, Data: 80 0 0 FF 0 FF 0 0 
ID: 2A0, Data: 8A1 39 73 18 32 0 11 0 
ID: 316, Data: 841 82 9 24 75 1A 41 7A 
ID: A0, Data: 895 7F F8 23 41 46 2 0 
ID: 316, Data: 841 7A 2A 24 72 1B 41 7A 
ID: 316, Data: 841 77 2A 24 6C 1B 41 7A 
ID: 316, Data: 841 72 3B 24 62 1B 41 7A 
ID: 545, Data: 8E4 1D 1 8C C2 5 C2 5 
ID: 43F, Data: 844 48 60 FF 7C C4 23 0 
ID: 43F, Data: 844 48 60 FF 7C D8 23 0 
ID: A1, Data: 880 7B 7D 7E 3F 0 0 0 
ID: 153, Data: 80 0 0 FF 0 FF 0 0 
ID: 316, Data: 841 55 19 24 56 1C 42 7A 
ID: 153, Data: 80 0 0 FF 0 FF 0 0 
ID: A1, Data: 881 7B 7B 7E 3D 0 0 0 
ID: 329, Data: 8B B3 80 8 11 49 2D 26 
ID: 280, Data: 830 0 88 B3 4B 38 73 8A 
ID: 153, Data: 80 0 0 FF 0 FF 0 0 
ID: 316, Data: 841 6B CE 25 6F 1B 43 7A 
ID: 316, Data: 841 6F BC 25 70 1B 43 7A 
ID: 43F, Data: 844 48 60 FF 7C 88 24 0 
ID: 153, Data: 80 0 0 FF 0 FF 0 0 
ID: 153, Data: 80 0 0 FF 0 FF 0 0 
ID: 316, Data: 841 72 E0 25 70 1B 43 7A 
ID: 43F, Data: 844 48 60 FF 7C BC 24 0 
ID: 153, Data: 80 0 0 FF 0 FF 0 0 
ID: 153, Data: 80 0 0 FF 0 FF 0 0 
ID: 5F0, Data: 20 0 
ID: 440, Data: 8FE 94 44 A0 FF AA AA AA 
ID: 153, Data: 80 0 0 FF 0 FF 0 0 
ID: 280, Data: 830 0 88 B3 4C 43 73 97 
ID: 316, Data: 841 6D 50 26 68 12 44 7A 
ID: 153, Data: 80 0 0 FF 0 FF 0 0 
ID: 153, Data: 80 0 0 FF 0 FF 0 0 
ID: 43F, Data: 844 48 60 FF 7C 54 25 0 
ID: 153, Data: 80 0 0 FF 0 FF 0 0 
ID: 316, Data: 841 6E 3D 26 77 12 45 7A 
ID: 1F0, Data: 8CD 3F CD BF 0 0 0 0 
ID: A0, Data: 87C 7F 5 26 45 43 2 0 
ID: 153, Data: 80 0 0 FF 0 FF 0 0 
ID: 43F, Data: 844 48 60 FF 7C F0 25 0 
ID: 260, Data: 8B 7B 78 30 5 FF A7 3A 
ID: 153, Data: 80 0 0 FF 0 FF 0 0 
ID: 370, Data: 8FF D8 F0 FF FF FF FF FF 
ID: 316, Data: 81 77 FC 26 78 12 46 7A 
ID: 153, Data: 80 0 0 FF 0 FF 0 0 
ID: 5F0, Data: 20 0 
ID: 153, Data: 80 0 0 FF 0 FF 0 0 
ID: 316, Data: 81 78 5E 27 76 12 46 7A 
ID: 153, Data: 80 0 0 FF 0 FF 0 0 
ID: 316, Data: 81 78 AE 27 76 12 47 7A 
ID: 1F0, Data: 8CD 3F CD BF 0 0 0 0 
ID: 329, Data: 840 B3 80 8 11 50 3C 26 
ID: 545, Data: 8E4 6C 1 8C 6 7 6 7 
ID: 153, Data: 80 0 0 FF 0 FF 0 0 
ID: 316, Data: 81 76 D7 27 70 12 48 7A 
ID: A0, Data: 888 7F D7 27 48 45 2 0 
ID: 153, Data: 80 0 0 FF 0 FF 0 0 
ID: 316, Data: 81 71 0 28 65 13 48 7A 
ID: 153, Data: 80 0 0 FF 0 FF 0 0 
ID: 316, Data: 81 6B 29 28 65 13 48 7A 
ID: 316, Data: 81 67 14 28 65 13 48 7A 
ID: A0, Data: 876 7F 14 28 49 41 2 0 
ID: 316, Data: 81 64 14 28 63 13 49 7A 
ID: 316, Data: 81 65 29 28 57 13 49 7A 
ID: 370, Data: 8FF DA F0 FF FF FF FF FF 
ID: 316, Data: 81 60 3D 28 52 13 49 7A 
ID: 153, Data: 80 0 0 FF 0 FF 0 0 
ID: 43F, Data: 844 48 60 FF 7C B8 27 0 
ID: 316, Data: 81 55 3D 28 52 14 49 7A 
ID: 2A0, Data: 81 36 73 18 32 0 11 0 
ID: 5F0, Data: 20 0 
ID: 1F1, Data: 80 8C 46 22 24 54 52 25 
ID: 316, Data: 81 51 52 28 52 14 49 7A 
ID: A0, Data: 85E 7F 3D 28 4A 3C 2 0 
ID: 316, Data: 81 50 7C 28 52 14 4A 7A 
ID: 316, Data: 81 50 91 28 52 14 4A 7A 
ID: 153, Data: 80 0 0 FF 0 FF 0 0 
ID: 316, Data: 81 50 D0 28 52 14 4A 7A 
ID: 153, Data: 80 0 0 FF 0 FF 0 0 
ID: 280, Data: 830 0 88 B3 51 30 73 77 
ID: 316, Data: 81 50 D0 28 49 14 4A 7A 
ID: A0, Data: 85A 7F E6 28 4B 3B 2 0 
ID: 43F, Data: 84D 48 60 FF 7C 48 28 0 
ID: 43F, Data: 84D 48 60 FF 7C 60 28 0 
ID: 153, Data: 80 0 0 FF 0 FF 0 0 
ID: 316, Data: 81 4A D0 28 48 15 4A 7A 
ID: 153, Data: 80 0 0 FF 0 FF 0 0 
ID: 2A0, Data: 8A1 32 73 18 32 0 11 0 
ID: 316, Data: 81 49 D0 28 48 15 4A 7A 
ID: A0, Data: 856 7F D0 28 4B 3A 2 0 
ID: 316, Data: 81 46 3D 28 48 15 4B 7A 
ID: 316, Data: 81 40 72 27 49 15 4B 7A 
ID: 370, Data: 8FF DB F0 FF FF FF FF FF 
ID: 316, Data: 81 3F D5 24 4B 14 4B 7A 
ID: 43F, Data: 84D 48 60 43 7C 94 22 0 
ID: 43F, Data: 84D 48 60 44 7C C0 21 0 
ID: 440, Data: 8E2 E4 4B A0 FF AA AA AA 
ID: 5F0, Data: 20 0 
ID: 153, Data: 80 0 0 FF 0 FF 0 0 
ID: 370, Data: 8FF DB F0 FF FF FF FF FF 
ID: 545, Data: 8E4 AE 0 8C 5A 3 5A 3 
ID: 153, Data: 80 0 0 FF 0 FF 0 0 
ID: 316, Data: 81 3C 33 1F 1A 15 4B 7A 
ID: 153, Data: 80 0 0 FF 0 FF 0 0 
ID: 545, Data: 8E4 7C 0 8C 36 2 36 2 
ID: 440, Data: 8E4 94 4B A0 FF AA AA AA 
ID: 370, Data: 8FF DB F0 FF FF FF FF FF 
ID: 316, Data: 81 2E F2 1F 11 17 4B 7A 
ID: 43F, Data: 84D 48 60 FF 7C CC 1E 0 
ID: 153, Data: 80 0 0 FF 0 FF 0 0 
ID: 2A0, Data: 820 2A 73 18 32 0 11 0 
ID: 316, Data: 81 21 E 1F 13 18 4B 7A 
ID: 18F, Data: 8AA 42 0 0 0 0 0 0 
ID: 316, Data: 81 1E E9 1E 13 18 4B 7A 
ID: 153, Data: 80 0 0 FF 0 FF 0 0 
ID: 316, Data: 81 1C C4 1E 13 18 4B 7A 
ID: 153, Data: 80 0 0 FF 0 FF 0 0 
ID: 153, Data: 80 0 0 FF 0 FF 0 0 
ID: 316, Data: 81 19 70 1E 13 18 4B 7A 
ID: 43F, Data: 845 48 60 FF 7C 9C 1E 0 
ID: 260, Data: 8B 18 13 30 5 FF 8E C 
ID: 153, Data: 80 0 0 FF 0 FF 0 0 
ID: 316, Data: 81 15 A1 1D 14 18 4B 7A 
ID: 1F0, Data: 8CD 3F CD BF 0 0 0 0 
ID: 329, Data: 8ED B4 80 8 11 32 0 26 
ID: 260, Data: 8B 15 14 30 5 FF 70 2B 
ID: 153, Data: 80 0 0 FF 0 FF 0 0 
ID: 316, Data: 81 17 7D 1C 14 18 4B 7A 
ID: 316, Data: 81 17 5E 1C 14 18 4B 7A 
ID: 280, Data: 830 0 84 B4 38 14 73 35 
ID: 316, Data: 81 18 7D 1C 14 18 4B 7A 
ID: 316, Data: 81 18 54 1C 14 18 4A 7A 
ID: 43F, Data: 845 48 60 FF 7C 6C 1E 0 
ID: 316, Data: 81 18 7D 1C 14 18 4A 7A 
ID: 153, Data: 80 0 0 FF 0 FF 0 0 
ID: 316, Data: 81 18 5E 1C 14 18 4A 7A 
ID: 316, Data: 81 18 3F 1C 14 18 4A 7A 
ID: 280, Data: 830 0 84 B4 38 14 73 36 
ID: 43F, Data: 845 48 60 FF 7C 50 1E 0 
ID: 316, Data: 89 18 2 1C 14 18 4A 7A 
ID: 5F0, Data: 20 0 
ID: 316, Data: 89 18 D1 1B 14 18 4A 7A 
ID: 316, Data: 89 18 B3 1B 14 18 4A 7A 
ID: 2A0, Data: 880 1B 73 18 32 0 11 0 
ID: 153, Data: 80 0 0 FF 0 FF 0 0 
ID: 316, Data: 89 14 78 1B 14 18 4A 7A 
ID: 43F, Data: 845 48 60 FF 7C 14 1E 0 
ID: 280, Data: 830 0 20 B4 37 13 73 35 
ID: 316, Data: 89 10 C7 1B 14 18 49 7A 
ID: 545, Data: 8E4 2B 0 8C 67 FF 67 FF 
ID: 5F0, Data: 20 0 
ID: 316, Data: 89 B 11 1D 14 18 49 7A 
ID: 316, Data: 89 B 27 1D 14 18 49 7A 
ID: 43F, Data: 845 48 60 FF 7C F0 1D 0 
ID: 43F, Data: 845 48 60 FF 7C F4 1D 0 
ID: 280, Data: 830 0 20 B4 3B 12 73 35 
ID: 153, Data: 80 0 0 FF 0 FF 0 0 
ID: 153, Data: 80 0 0 FF 0 FF 0 0 
ID: 316, Data: 89 3 AC 1D 13 18 49 7A 
ID: 5F0, Data: 20 0 
ID: 316, Data: 89 0 A1 1D 13 18 49 7A 
ID: 153, Data: 80 0 0 FF 0 FF 0 0 
ID: 2A0, Data: 880 15 73 18 32 0 11 0 
ID: 316, Data: 89 0 69 1D 13 18 49 7A 
ID: 18F, Data: 8AA 3E 0 0 0 0 0 0 
ID: 43F, Data: 845 48 60 FF 7C BC 1D 0 
ID: 43F, Data: 845 48 60 FF 7C A8 1D 0 
ID: 43F, Data: 845 48 60 FF 7C B4 1D 0 
ID: 18F, Data: 8AA 3E 0 0 0 0 0 0 
ID: 316, Data: 89 0 3D 1D 13 18 48 7A 
ID: 1F0, Data: 8CC 3F CD BF 0 0 0 0 
ID: 153, Data: 80 0 0 FF 0 FF 0 0 
ID: 316, Data: 89 0 32 1D 13 18 48 7A 
ID: 153, Data: 80 0 0 FF 0 FF 0 0 
ID: 316, Data: 89 0 27 1D 13 18 48 7A 
ID: 43F, Data: 845 48 60 FF 7C 88 1D 0 
ID: 440, Data: 8E7 75 48 A0 FF AA AA AA 
ID: 316, Data: 89 0 7 1D 13 18 48 7A 
ID: A0, Data: 82A 7F FC 1C 48 2B 4 0 
ID: 43F, Data: 845 48 60 FF 7C 6C 1D 0 
ID: 43F, Data: 845 48 60 FF 7C 5C 1D 0 
ID: 280, Data: 830 0 20 B4 39 16 73 3E 
ID: 316, Data: 89 0 C6 1C 13 18 48 7A 
ID: 316, Data: 89 0 C6 1C 13 18 48 7A 
ID: 43F, Data: 845 48 60 FF 7C 50 1D 0 
ID: 43F, Data: 845 48 60 FF 7C 4C 1D 0 
ID: 280, Data: 830 0 20 B4 39 16 73 3D 
ID: 153, Data: 80 0 0 FF 0 FF 0 0 
ID: 316, Data: 89 0 A7 1C 13 18 47 7A 
ID: 153, Data: 80 0 0 FF 0 FF 0 0 
ID: 2A0, Data: 8E0 F 73 18 32 0 11 0 
ID: 316, Data: 89 0 92 1C 14 18 47 7A 
ID: 545, Data: 8E4 0 0 8C 56 FE 56 FE 
ID: 153, Data: 80 0 0 FF 0 FF 0 0 
ID: 153, Data: 80 0 0 FF 0 FF 0 0 
ID: 316, Data: 89 0 68 1C 14 18 47 7A 
ID: 153, Data: 80 0 0 FF 0 FF 0 0 
ID: 316, Data: 89 0 73 1C 14 18 47 7A 
ID: 5A1, Data: 880 3 90 23 30 30 30 0 
ID: 153, Data: 80 0 0 FF 0 FF 0 0 
ID: 545, Data: 8E4 0 0 8C 56 FE 56 FE 
ID: 316, Data: 89 0 73 1C 14 18 47 7A 
ID: 1F0, Data: 8CE 3F CD BF 0 0 0 0 
ID: 153, Data: 80 0 0 FF 0 FF 0 0 
ID: 153, Data: 80 0 0 FF 0 FF 0 0 
ID: 153, Data: 80 0 0 FF 0 FF 0 0 
ID: 18F, Data: 8AA 3D 0 0 0 0 0 0 
ID: 316, Data: 89 0 2B 1C 14 18 46 7A 
ID: 1F1, Data: 80 15 2F E2 22 35 82 23 
ID: 545, Data: 8E4 0 0 8C 56 FE 56 FE 
ID: 1F1, Data: 80 27 2B C2 22 36 72 23 
ID: 153, Data: 80 0 0 FF 0 FF 0 0 
ID: 1F1, Data: 80 48 26 62 22 32 E2 22 
ID: 280, Data: 830 0 20 B4 38 15 73 3D 
ID: 153, Data: 80 0 0 FF 0 FF 0 0 
ID: 280, Data: 830 0 20 B4 37 15 73 3D 
ID: 153, Data: 80 0 0 FF 0 FF 0 0 
ID: 153, Data: 80 0 0 FF 0 FF 0 0 
ID: 545, Data: 8E4 0 0 8C 57 FE 57 FE 
ID: 316, Data: 89 0 BD 1B 14 17 46 7A 
ID: A0, Data: 829 80 DA 1B 46 2A 4 0 
ID: 153, Data: 80 0 0 FF 0 FF 0 0 
ID: 316, Data: 89 0 B3 1B 14 17 45 7A 
ID: 153, Data: 80 0 0 FF 0 FF 0 0 
ID: 316, Data: 89 0 A9 1B 14 17 45 7A 
ID: 5F0, Data: 20 0 
ID: 316, Data: 89 0 9F 1B 14 17 45 7A 
ID: 316, Data: 89 0 96 1B 14 17 45 7A 
ID: 260, Data: 80 0 14 30 5 FF 4E 30 
ID: 43F, Data: 845 48 60 FF 7C 48 1C 0 
ID: 43F, Data: 845 48 60 FF 7C 44 1C 0 
ID: 260, Data: 80 0 14 30 5 FF 4E 30 
ID: 316, Data: 89 0 8C 1B 14 17 45 7A 
ID: 153, Data: 80 0 0 FF 0 FF 0 0 
ID: 2A0, Data: 8E0 9 73 18 32 0 11 0 
ID: 316, Data: 89 0 8C 1B 14 17 45 7A 
ID: 2A0, Data: 820 8 73 18 32 0 11 0 
ID: 153, Data: 80 0 0 FF 0 FF 0 0 
ID: 153, Data: 80 0 0 FF 0 FF 0 0 
ID: 316, Data: 89 0 48 1B 14 17 44 7A 
ID: 18F, Data: 8AA 3C 0 0 0 0 0 0 
ID: 316, Data: 89 0 52 1B 14 17 44 7A 
ID: 153, Data: 80 0 0 FF 0 FF 0 0 
ID: 153, Data: 80 0 0 FF 0 FF 0 0 
ID: 43F, Data: 845 48 60 FF 7C E8 1B 0 
ID: 43F, Data: 845 48 60 FF 7C E0 1B 0 
ID: 370, Data: 8FF DD F0 FF FF FF FF FF 
ID: A0, Data: 829 80 48 1B 45 2A 4 0 
ID: 153, Data: 80 0 0 FF 0 FF 0 0 
ID: 316, Data: 89 0 19 1B 1A 18 44 7A 
ID: 153, Data: 80 0 0 FF 0 FF 0 0 
ID: 545, Data: 8E4 0 0 8C 55 FE 55 FE 
ID: 316, Data: 89 0 F4 1A 1C 18 44 7A 
ID: A0, Data: 823 80 F4 1A 44 28 4 0 
ID: 43F, Data: 845 48 60 FF 7C B0 1B 0 
ID: 153, Data: 80 0 0 FF 0 FF 0 0 
ID: 18F, Data: 8AA 3B 0 0 0 0 0 0 
ID: 316, Data: 81 14 F4 1A 27 18 43 7A 
ID: 153, Data: 80 0 0 FF 0 FF 0 0 
ID: 260, Data: 8B 21 2F 30 5 FF C6 36 
ID: 329, Data: 8ED B4 80 8 11 34 A 26 
ID: 43F, Data: 845 48 60 FF 7C E8 1B 0 
ID: 43F, Data: 845 48 60 FF 7C 8 1C 0 
ID: 370, Data: 8FF DD F0 FF FF FF FF FF 
ID: 316, Data: 81 28 BC 1C 2D 17 43 7A 
ID: 280, Data: 830 0 88 B4 39 18 73 43 
ID: 43F, Data: 845 48 60 FF 7C AC 1B 0 
ID: 316, Data: 81 29 B1 1C 2D 17 43 7A 
ID: 153, Data: 80 0 0 FF 0 FF 0 0 
ID: 316, Data: 81 29 92 1C 2D 17 43 7A 
ID: 316, Data: 81 29 92 1C 2D 17 43 7A 
ID: 280, Data: 830 0 88 B4 39 1A 73 47 
ID: 43F, Data: 845 48 60 FF 7C AC 1B 0 
ID: 280, Data: 830 0 88 B4 39 1A 73 48 
ID: 316, Data: 81 2A B1 1C 2C 17 43 7A 
ID: 316, Data: 81 2B A7 1C 2C 17 43 7A 
ID: 43F, Data: 845 48 60 FF 7C 9C 1B 0 
ID: 316, Data: 81 2A BC 1C 2C 17 43 7A 
ID: 153, Data: 80 0 0 FF 0 FF 0 0 
ID: 153, Data: 80 0 0 FF 0 FF 0 0 
ID: 316, Data: 81 2A A7 1C 2C 17 43 7A 
ID: 153, Data: 80 0 0 FF 0 FF 0 0 
ID: 316, Data: 81 29 BC 1C 2C 17 43 7A 
ID: 5F0, Data: 20 0 
ID: 316, Data: 81 2A B1 1C 2C 17 43 7A 
ID: 329, Data: 8ED B4 80 8 11 35 A 26 
ID: 153, Data: 80 0 0 FF 0 FF 0 0 
ID: 5F0, Data: 20 0 
ID: 43F, Data: 845 48 60 FF 7C B0 1B 0 
ID: 316, Data: 81 2A BC 1C 2C 17 43 7A 
ID: 316, Data: 81 2A C6 1C 2C 17 43 7A 
ID: 43F, Data: 845 48 60 FF 7C B0 1B 0 
ID: 316, Data: 81 2A B1 1C 2C 17 43 7A 
ID: 153, Data: 80 0 0 FF 0 FF 0 0 
ID: 316, Data: 81 2A C6 1C 2C 17 43 7A 
ID: 153, Data: 80 0 0 FF 0 FF 0 0 
ID: 545, Data: 8E4 6B 0 8C 5B 1 5B 1 
ID: 316, Data: 81 2A BC 1C 2C 17 43 7A 
ID: 280, Data: 830 0 88 B4 39 1A 73 49 
ID: 43F, Data: 845 48 60 FF 7C BC 1B 0 
ID: 316, Data: 81 2B C6 1C 2C 17 43 7A 
ID: 440, Data: 8E6 75 43 A0 FF AA AA AA 
ID: 316, Data: 81 2B D1 1C 29 17 43 7A 
ID: 43F, Data: 845 48 60 FF 7C C0 1B 0 
ID: 316, Data: 81 2B D1 1C 28 17 44 7A 
ID: 153, Data: 80 0 0 FF 0 FF 0 0 
ID: 153, Data: 80 0 0 FF 0 FF 0 0 
ID: 316, Data: 81 2A D1 1C 28 17 44 7A 
ID: 153, Data: 80 0 0 FF 0 FF 0 0 
ID: 153, Data: 80 0 0 FF 0 FF 0 0 
ID: 370, Data: 8FF DD F0 FF FF FF FF FF 
ID: 43F, Data: 845 48 60 FF 7C C8 1B 0 
ID: 545, Data: 8E4 64 0 8C 44 1 44 1 
ID: 153, Data: 80 0 0 FF 0 FF 0 0 
ID: 316, Data: 81 28 B1 1C 27 17 44 7A 
ID: 153, Data: 80 0 0 FF 0 FF 0 0 
ID: 316, Data: 81 28 BC 1C 25 17 44 7A 
ID: 316, Data: 81 28 C6 1C 24 17 44 7A 
ID: 260, Data: 8B 28 25 30 5 FF CF 21 
ID: 43F, Data: 845 48 60 FF 7C C0 1B 0 
ID: 329, Data: 8ED B4 80 8 11 34 6 26 
ID: 153, Data: 80 0 0 FF 0 FF 0 0 
ID: 316, Data: 81 27 A7 1C 25 17 44 7A 
ID: 153, Data: 80 0 0 FF 0 FF 0 0 
ID: 153, Data: 80 0 0 FF 0 FF 0 0 
ID: 316, Data: 81 26 B1 1C 24 17 44 7A 
ID: 43F, Data: 845 48 60 FF 7C E0 1B 0 
ID: 545, Data: 8E4 59 0 8C FF 0 FF 0 
ID: 153, Data: 80 0 0 FF 0 FF 0 0 
ID: 316, Data: 81 25 9C 1C 14 17 44 7A 
ID: 316, Data: 81 25 87 1C 13 17 44 7A 
ID: 316, Data: 81 24 87 1C 13 18 44 7A 
ID: 43F, Data: 845 48 60 FF 7C D4 1B 0 
ID: 440, Data: 8E7 25 43 A0 FF AA AA AA 
ID: A1, Data: 891 7B 91 7C 1D 0 0 0 
ID: 316, Data: 81 1E 21 1C 14 18 44 7A 
ID: 329, Data: 8ED B4 80 8 11 2E 0 26 
ID: 43F, Data: 845 48 60 FF 7C CC 1B 0 
ID: 440, Data: 8E7 75 43 A0 FF AA AA AA 
ID: 153, Data: 80 0 0 FF 0 FF 0 0 
ID: 316, Data: 81 19 78 1B 15 18 44 7A 
ID: 153, Data: 80 0 0 FF 0 FF 0 0 
ID: 545, Data: 8E4 3B 0 8C F3 FF F3 FF 
ID: 316, Data: 81 16 FD 1A 15 18 44 7A 
ID: 153, Data: 80 0 0 FF 0 FF 0 0 
ID: 43F, Data: 845 48 60 FF 7C AC 1B 0 
ID: 153, Data: 80 0 0 FF 0 FF 0 0 
ID: 280, Data: 830 0 84 B4 34 10 73 2E 
ID: 316, Data: 81 15 A 1A 16 18 43 7A 
ID: 43F, Data: 845 48 60 FF 7C A0 1B 0 
ID: 316, Data: 81 15 BD 19 16 18 43 7A 
ID: 2A0, Data: 880 6 73 18 32 0 11 0 
ID: 153, Data: 80 0 0 FF 0 FF 0 0 
ID: 316, Data: 81 16 93 19 16 18 43 7A 
ID: 153, Data: 80 0 0 FF 0 FF 0 0 
ID: 329, Data: 8B B4 80 8 11 30 0 26 
ID: 316, Data: 81 17 8A 19 16 18 43 7A 
ID: 316, Data: 81 17 8A 19 16 18 43 7A 
ID: 43F, Data: 845 48 60 FF 7C 94 1B 0 
ID: 370, Data: 8FF DD F0 FF FF FF FF FF 
ID: A1, Data: 88E 80 8B 7D 18 0 0 0 
ID: 316, Data: 81 17 30 19 16 18 43 7A 
ID: 329, Data: 8ED B4 80 8 11 30 0 26 
ID: 43F, Data: 845 48 60 FF 7C 70 1B 0 
ID: 440, Data: 8E7 25 43 A0 FF AA AA AA 
ID: A1, Data: 880 80 80 7D 18 0 0 0 
ID: 316, Data: 89 17 82 18 16 18 43 7A 
ID: 316, Data: 89 18 5C 18 17 18 43 7A 
ID: 43F, Data: 845 48 60 FF 7C 50 1B 0 
ID: 316, Data: 89 14 3E 18 17 18 43 7A 
ID: 153, Data: 80 0 0 FF 0 FF 0 0 
ID: 316, Data: 89 10 7A 18 16 18 43 7A 
ID: 153, Data: 80 0 0 FF 0 FF 0 0 
ID: 153, Data: 80 0 0 FF 0 FF 0 0 
ID: 316, Data: 89 10 48 19 16 18 42 7A 
ID: 5F0, Data: 20 0 
ID: 329, Data: 884 B4 80 8 11 2F 0 26 
ID: 316, Data: 89 B D6 19 15 18 42 7A 
ID: 153, Data: 80 0 0 FF 0 FF 0 0 
ID: 370, Data: 8FF DD F0 FF FF FF FF FF 
ID: 43F, Data: 845 48 60 FF 7C 4 1B 0 
ID: 316, Data: 89 7 6B 1A 15 18 42 7A 
ID: 153, Data: 80 0 0 FF 0 FF 0 0 
ID: 316, Data: 89 3 AA 1A 15 18 42 7A 
ID: 5F0, Data: 20 0 
ID: 153, Data: 80 0 0 FF 0 FF 0 0 
ID: 153, Data: 80 0 0 FF 0 FF 0 0 
ID: 316, Data: 89 0 D8 1A 15 18 42 7A 
ID: 43F, Data: 845 48 60 FF 7C CC 1A 0 
ID: 153, Data: 80 0 0 FF 0 FF 0 0 
ID: 545, Data: 8E4 0 0 8D 52 FE 52 FE 
ID: 316, Data: 89 0 98 1A 15 18 41 7A 
ID: 153, Data: 80 0 0 FF 0 FF 0 0 
ID: 153, Data: 80 0 0 FF 0 FF 0 0 
ID: A0, Data: 82A 7F 3F 1A 42 2A 4 0 
ID: 440, Data: 8E6 85 41 A0 FF AA AA AA 
ID: A0, Data: 82A 7F 3F 1A 42 2A 4 0 
ID: 316, Data: 89 0 C5 19 15 17 41 7A 
ID: 545, Data: 8E4 0 0 8C 59 FE 59 FE 
ID: 43F, Data: 845 48 60 FF 7C A0 1A 0 
ID: 43F, Data: 845 48 60 FF 7C 78 1A 0 
ID: 260, Data: 80 0 15 30 5 FF 4E 11 
ID: 316, Data: 89 0 9B 19 15 17 41 7A 
ID: 316, Data: 89 0 9B 19 1F 21 41 7A 
ID: 260, Data: 80 0 1F 30 5 FF 4E 17 
ID: 43F, Data: 845 48 60 FF 7C 54 1A 0 
ID: 43F, Data: 845 48 60 FF 7C 58 1A 0 
ID: 440, Data: 8EF 25 40 A0 FF AA AA AA 
ID: 316, Data: 89 0 62 1A 1F 21 40 7A 
ID: 18F, Data: 8AA 39 0 0 0 0 0 0 
ID: 43F, Data: 845 48 60 FF 7C 34 1A 0 
ID: 153, Data: 80 0 0 FF 0 FF 0 0 
ID: 43F, Data: 845 48 60 FF 7C 30 1A 0 
ID: 43F, Data: 845 48 60 FF 7C 2C 1A 0 
ID: 316, Data: 849 0 9B 19 1F 21 40 7A 
ID: 5F0, Data: 20 0 
ID: 316, Data: 849 0 A1 18 1F 20 40 7A 
ID: 316, Data: 849 0 8A 18 1F 20 40 7A 
ID: 370, Data: 8FF DD F0 FF FF FF FF FF 
ID: 5F0, Data: 20 0 
ID: 43F, Data: 845 48 60 FF 7C 0 1A 0 
ID: 43F, Data: 845 48 60 FF 7C F0 19 0 
ID: 316, Data: 849 0 DD 17 22 20 3F 7A 
ID: 545, Data: 8E4 0 0 8C C0 FD C0 FD 
ID: 153, Data: 80 0 0 FF 0 FF 0 0 
ID: 316, Data: 849 0 EC 17 25 20 3F 7A 
ID: 153, Data: 80 0 0 FF 0 FF 0 0 
ID: 2A0, Data: 861 2 73 18 32 0 11 0 
ID: 316, Data: 849 0 FB 17 27 20 3F 7A 
ID: 280, Data: 830 0 8 B3 30 18 73 45 
ID: 43F, Data: 845 48 60 FF 7C B4 19 0 
ID: 370, Data: 8FF DD F0 FF FF FF FF FF 
ID: A1, Data: 880 7B 80 7C 21 0 0 0 
ID: 316, Data: 841 28 B0 18 2D 20 3F 7A 
ID: 316, Data: 841 28 A4 19 2E 20 3E 7A 
ID: 43F, Data: 845 48 60 FF 7C C4 19 0 
ID: 18F, Data: 8AA 3B 0 0 0 0 0 0 
ID: 153, Data: 80 0 0 FF 0 FF 0 0 
ID: 153, Data: 80 0 0 FF 0 FF 0 0 
ID: 2A0, Data: 8C1 3 73 18 32 0 11 0 
ID: 316, Data: 841 2B 98 1A 40 20 3E 7A 
ID: A0, Data: 838 7E A1 1A 3F 2E 2 0 
ID: 316, Data: 841 31 A1 1A 42 20 3E 7A 
ID: 316, Data: 841 33 C6 1A 42 1F 3E 7A 
ID: 153, Data: 80 0 0 FF 0 FF 0 0 
ID: 153, Data: 80 0 0 FF 0 FF 0 0 
ID: 316, Data: 841 36 3F 1B 40 1E 3E 7A 
ID: 153, Data: 80 0 0 FF 0 FF 0 0 
ID: 153, Data: 80 0 0 FF 0 FF 0 0 
ID: 260, Data: 8B 38 40 30 5 FF D0 21 
ID: 316, Data: 841 3A 82 1B 40 1E 3E 7A 
ID: 18F, Data: 8AA 3E 0 0 0 0 0 0 
ID: 43F, Data: 845 48 60 FF 7C C0 19 0 
ID: 316, Data: 841 3B C7 1B 40 1E 3F 7A 
ID: 545, Data: 8E4 90 0 8C 27 2 27 2 
ID: 316, Data: 841 3D BD 1B 43 1E 3F 7A 
ID: 316, Data: 841 3D C7 1B 44 1E 3F 7A 
ID: 43F, Data: 845 48 60 FF 7C C0 19 0 
ID: 280, Data: 830 0 88 B3 37 26 73 6D 
ID: 153, Data: 80 0 0 FF 0 FF 0 0 
ID: 153, Data: 80 0 0 FF 0 FF 0 0 
ID: 316, Data: 841 42 2 1C 47 1D 3F 7A 
ID: 5F0, Data: 20 0 
ID: 316, Data: 841 43 21 1C 47 1D 3F 7A 
ID: 1F0, Data: 8CF 3F CD BF 0 0 0 0 
ID: 370, Data: 8FF DD F0 FF FF FF FF FF 
ID: 43F, Data: 845 48 60 FF 7C D4 19 0 
ID: 545, Data: 8E4 9B 0 8C B2 2 B2 2 
ID: 316, Data: 841 44 21 1C 46 1C 3F 7A 
ID: 1F1, Data: 80 15 FD 61 1F FE E1 1F 
ID: 370, Data: 8FF DD F0 FF FF FF FF FF 
ID: 316, Data: 841 45 54 1C 49 1C 3F 7A 
ID: 153, Data: 80 0 0 FF 0 FF 0 0 
ID: 280, Data: 830 0 88 B3 38 2B 73 76 
ID: 316, Data: 841 4B 49 1C 59 1C 3F 7A 
ID: A1, Data: 884 7F 84 80 38 0 0 0 
ID: 316, Data: 841 54 54 1C 5A 1C 3F 7A 
ID: 316, Data: 841 56 35 1C 5A 1C 3F 7A 
ID: 43F, Data: 845 48 60 FF 7C C 1A 0 
ID: 440, Data: 8E9 75 3F A0 FF AA AA AA 
ID: 153, Data: 80 0 0 FF 0 FF 0 0 
ID: 545, Data: 8E4 CA 0 8C 65 4 65 4 
ID: 316, Data: 841 5B B3 1B 5B 1B 3F 7A 
ID: 153, Data: 80 0 0 FF 0 FF 0 0 
ID: 43F, Data: 845 48 60 FF 7C 40 1A 0 
ID: 153, Data: 80 0 0 FF 0 FF 0 0 
ID: 316, Data: 841 5A 96 1B 5B 1B 40 7A 
ID: 316, Data: 841 5A 8C 1B 5B 1B 40 7A 
ID: A1, Data: 885 7B 81 7E 42 0 0 0 
ID: 316, Data: 841 5A 82 1B 5B 1B 40 7A 
ID: 316, Data: 841 5A 82 1B 5B 1B 40 7A 
ID: 43F, Data: 845 48 60 FF 7C 74 1A 0 
ID: 2A0, Data: 8A1 D 73 18 32 0 11 0 
ID: 153, Data: 80 0 0 FF 0 FF 0 0 
ID: 316, Data: 841 59 82 1B 5B 1B 40 7A 
ID: 370, Data: 8FF DD F0 FF FF FF FF FF 
ID: 2A0, Data: 8C1 E 73 18 32 0 11 0 
ID: 43F, Data: 845 48 60 FF 7C AC 1A 0 
ID: 316, Data: 841 59 9F 1B 5B 1B 41 7A 
ID: 316, Data: 841 59 9F 1B 5B 1B 41 7A 
ID: 316, Data: 841 5A B3 1B 58 1B 41 7A 
ID: 153, Data: 80 0 0 FF 0 FF 0 0 
ID: 260, Data: 8B 5A 58 30 5 FF B5 30 
ID: 316, Data: 841 5A A9 1B 55 1B 41 7A 
ID: 370, Data: 8FF DD F0 FF FF FF FF FF 
ID: 316, Data: 841 58 BD 1B 51 1B 41 7A 
ID: 153, Data: 80 0 0 FF 0 FF 0 0 
ID: 280, Data: 830 0 88 B3 37 34 73 86 
ID: 43F, Data: 845 48 60 FF 7C F0 1A 0 
ID: A1, Data: 885 7B 82 7E 40 0 0 0 
ID: 316, Data: 841 4E 78 1B 18 1C 42 7A 
ID: 316, Data: 841 4C 78 1B 18 1C 42 7A 
ID: 43F, Data: 845 48 60 FF 7C F8 1A 0 
ID: 329, Data: 8ED B3 80 8 11 35 0 26 
ID: 153, Data: 80 0 0 FF 0 FF 0 0 
ID: 316, Data: 841 39 2C 1B 1B 1F 42 7A 
ID: 316, Data: 841 33 F4 1A 1C 20 42 7A 
ID: 18F, Data: 8AA 43 0 0 0 0 0 0 
ID: 316, Data: 841 2B 19 1B 1D 20 42 7A 
ID: 153, Data: 80 0 0 FF 0 FF 0 0 
ID: 2A0, Data: 8E0 E 73 18 32 0 11 0 
ID: 316, Data: 841 22 65 1B 1E 21 42 7A 
ID: 260, Data: 8B 21 1E 30 5 FF A4 1E 
ID: 316, Data: 841 1E 3F 1B 1E 22 42 7A 
ID: 280, Data: 830 0 84 B2 36 14 73 39 
ID: 43F, Data: 845 48 60 FF 7C D0 1A 0 
ID: 440, Data: 8EF 75 41 A0 FF AA AA AA 
ID: 153, Data: 80 0 0 FF 0 FF 0 0 
ID: 2A0, Data: 840 C 73 18 32 0 11 0 
ID: 316, Data: 841 1B BD 19 1F 21 41 7A 
ID: 260, Data: 8B 1C 1F 30 5 FF 71 A 
ID: 43F, Data: 845 48 60 FF 7C CC 1A 0 
ID: 43F, Data: 845 48 60 FF 7C C8 1A 0 
ID: A0, Data: 82F 7E B4 19 42 2B 2 0 
ID: 316, Data: 841 1F A4 19 1F 21 41 7A 
ID: 316, Data: 841 1F C5 19 1F 21 41 7A 
ID: 43F, Data: 845 48 60 FF 7C B8 1A 0 
ID: A0, Data: 82F 7E C5 19 42 2B 2 0 
ID: 153, Data: 80 0 0 FF 0 FF 0 0 
ID: 316, Data: 841 1F E8 19 1F 21 41 7A 
ID: 153, Data: 80 0 0 FF 0 FF 0 0 
ID: A0, Data: 82F 7E E8 19 41 2B 2 0 
ID: 280, Data: 830 0 84 B2 33 18 73 3F 
ID: A1, Data: 884 80 8D 7D 1E 0 0 0 
ID: 43F, Data: 845 48 60 FF 7C 88 1A 0 
ID: 316, Data: 841 1F 93 19 1F 21 41 7A 
ID: 2A0, Data: 820 A 73 18 32 0 11 0 
ID: 316, Data: 849 20 69 19 1F 21 41 7A 
ID: 316, Data: 849 20 51 19 1F 21 41 7A 
ID: 43F, Data: 845 48 60 FF 7C 74 1A 0 
ID: 2A0, Data: 8E0 9 73 18 32 0 11 0 
ID: 153, Data: 80 0 0 FF 0 FF 0 0 
ID: 316, Data: 849 1B 5C 18 22 21 40 7A 
ID: 153, Data: 80 0 0 FF 0 FF 0 0 
ID: 545, Data: 8E4 3D 0 8C E 0 E 0 
ID: 316, Data: 841 22 0 19 32 21 40 7A 
ID: 316, Data: 841 28 CE 19 31 21 40 7A 
ID: 316, Data: 841 28 47 1A 31 21 40 7A 
ID: 316, Data: 841 28 3F 1A 31 21 40 7A 
ID: 153, Data: 80 0 0 FF 0 FF 0 0 
ID: 18F, Data: 8AA 44 0 0 0 0 0 0 
ID: 316, Data: 841 2C 6 1B 30 21 40 7A 
ID: 316, Data: 841 2C 2C 1B 30 21 40 7A 
ID: 2A0, Data: 861 9 73 18 32 0 11 0 
ID: 153, Data: 80 0 0 FF 0 FF 0 0 
ID: 316, Data: 841 2D 48 1B 2F 20 40 7A 
ID: 153, Data: 80 0 0 FF 0 FF 0 0 
ID: 43F, Data: 845 48 60 FF 7C 38 1A 0 
ID: 18F, Data: 8AA 44 0 0 0 0 0 0 
ID: 43F, Data: 845 48 60 FF 7C 38 1A 0 
ID: 1F0, Data: 8CB 3F CD BF 0 0 0 0 
ID: 316, Data: 841 2E 3F 1B 2E 20 40 7A 
ID: 316, Data: 841 2E 3F 1B 2E 20 40 7A 
ID: 1F0, Data: 8CC 3F CD BF 0 0 0 0 
ID: 2A0, Data: 8A1 8 73 18 32 0 11 0 
ID: 18F, Data: 8AA 44 0 0 0 0 0 0 
ID: 153, Data: 80 0 0 FF 0 FF 0 0 
ID: 260, Data: 8B 2F 2F 30 5 FF CD 4 
ID: 440, Data: 8EE D5 40 A0 FF AA AA AA 
ID: 440, Data: 8EE D5 40 A0 FF AA AA AA 
ID: 316, Data: 841 2E 35 1B 2E 20 40 7A 
ID: 43F, Data: 845 48 60 FF 7C 2C 1A 0 
ID: 153, Data: 80 0 0 FF 0 FF 0 0 
ID: 316, Data: 841 2E 2C 1B 2E 20 40 7A 
ID: 18F, Data: 8AA 43 0 0 0 0 0 0 
ID: 316, Data: 841 2E 23 1B 2E 20 40 7A 
ID: 153, Data: 80 0 0 FF 0 FF 0 0 
ID: 2A0, Data: 8A1 8 73 18 32 0 11 0 
ID: 316, Data: 841 30 2C 1B 2E 20 40 7A 
ID: 260, Data: 8B 2F 2F 30 5 FF CE 30 
ID: 43F, Data: 845 48 60 FF 7C 38 1A 0 
ID: 280, Data: 830 0 88 B2 36 1C 73 4F 
ID: 153, Data: 80 0 0 FF 0 FF 0 0 
ID: 316, Data: 841 2E 35 1B 30 20 40 7A 
ID: 1F0, Data: 8CC 3F CD BF 0 0 0 0 
ID: 43F, Data: 845 48 60 FF 7C 3C 1A 0 
ID: 153, Data: 80 0 0 FF 0 FF 0 0 
ID: 1F0, Data: 8CD 3F CD BF 0 0 0 0 
ID: 316, Data: 841 2D 35 1B 27 16 40 7A 
ID: 316, Data: 841 2D 23 1B 27 17 40 7A 
ID: 43F, Data: 845 48 60 FF 7C 30 1A 0 
ID: 316, Data: 841 2B 10 1B 27 17 40 7A 
ID: 153, Data: 80 0 0 FF 0 FF 0 0 
ID: 316, Data: 81 2B EA 1A 2C 17 40 7A 
ID: 316, Data: 81 2B EA 1A 2F 17 40 7A 
ID: A0, Data: 830 7E FD 1A 40 2C 2 0 
ID: 316, Data: 81 2A 65 1B 34 17 40 7A 
ID: 316, Data: 81 2B 65 1B 34 17 40 7A 
ID: 43F, Data: 845 48 60 FF 7C 30 1A 0 
ID: 316, Data: 81 2D 52 1B 34 17 40 7A 
ID: A1, Data: 883 7B 8F 7C 23 0 0 0 
ID: 316, Data: 81 2E 5C 1B 34 17 40 7A 
ID: 316, Data: 81 30 5C 1B 34 17 40 7A 
ID: A0, Data: 83B 7E 65 1B 40 2F 2 0 
ID: 43F, Data: 845 48 60 FF 7C 24 1A 0 
ID: 316, Data: 81 30 9F 1B 33 16 40 7A 
ID: 370, Data: 8FF E0 F0 FF FF FF FF FF 
ID: 316, Data: 81 32 9F 1B 33 16 40 7A 
ID: 43F, Data: 845 48 60 FF 7C 3C 1A 0 
ID: 43F, Data: 845 48 60 FF 7C 3C 1A 0 
ID: 5F0, Data: 20 0 
ID: 153, Data: 80 0 0 FF 0 FF 0 0 
ID: 43F, Data: 845 48 60 FF 7C 38 1A 0 
ID: 153, Data: 80 0 0 FF 0 FF 0 0 
ID: 316, Data: 81 32 C7 1B 27 16 40 7A 
ID: 153, Data: 80 0 0 FF 0 FF 0 0 
ID: 153, Data: 80 0 0 FF 0 FF 0 0 
ID: 316, Data: 81 31 BD 1B 21 16 40 7A 
ID: 316, Data: 81 30 BD 1B 21 16 40 7A 
ID: A0, Data: 835 7E B3 1B 40 2D 2 0 
ID: 153, Data: 80 0 0 FF 0 FF 0 0 
ID: 43F, Data: 845 48 60 FF 7C 30 1A 0 
ID: 1F0, Data: 8CD 3F CD BF 0 0 0 0 
ID: 329, Data: 8B B2 80 8 11 33 5 26 
ID: 18F, Data: 8AA 3F 0 0 0 0 0 0 
ID: 43F, Data: 845 48 60 FF 7C 2C 1A 0 
ID: 260, Data: 8B 29 23 30 5 FF CC 16 
ID: 153, Data: 80 0 0 FF 0 FF 0 0 
ID: 153, Data: 80 0 0 FF 0 FF 0 0 
ID: 43F, Data: 845 48 60 FF 7C 2C 1A 0 
ID: 153, Data: 80 0 0 FF 0 FF 0 0 
ID: 316, Data: 81 26 E1 1A 26 18 40 7A 
ID: 316, Data: 81 26 E1 1A 2E 18 40 7A 
ID: 260, Data: 8B 25 2F 30 5 FF C8 12 
ID: 5F0, Data: 20 0 
ID: 316, Data: 81 28 D8 1A 32 18 40 7A 
ID: 316, Data: 81 28 D8 1A 32 18 40 7A 
ID: 43F, Data: 845 48 60 FF 7C 20 1A 0 
ID: 316, Data: 81 2B 19 1B 31 17 40 7A 
ID: 153, Data: 80 0 0 FF 0 FF 0 0 
ID: 153, Data: 80 0 0 FF 0 FF 0 0 
ID: 316, Data: 81 2C 48 1B 31 17 40 7A 
ID: 153, Data: 80 0 0 FF 0 FF 0 0 
ID: 316, Data: 81 2E 5C 1B 32 17 40 7A 
ID: 153, Data: 80 0 0 FF 0 FF 0 0 
ID: 280, Data: 830 0 88 B2 36 1C 73 4E 
ID: 316, Data: 81 2E 52 1B 36 17 3F 7A 
ID: 153, Data: 80 0 0 FF 0 FF 0 0 
ID: 316, Data: 81 30 6F 1B 39 17 3F 7A 
ID: 153, Data: 80 0 0 FF 0 FF 0 0 
ID: 329, Data: 840 B2 80 8 11 39 F 26 
ID: 316, Data: 81 33 9F 1B 39 16 3F 7A 
ID: 260, Data: 8B 34 39 30 5 FF D1 2C 
ID: 43F, Data: 845 48 60 FF 7C 18 1A 0 
ID: 43F, Data: 845 48 60 FF 7C 14 1A 0 
ID: A1, Data: 884 7F 84 80 2D 0 0 0 
ID: 316, Data: 81 38 EE 1B 38 15 40 7A 
ID: 316, Data: 81 38 2 1C 38 15 40 7A 
ID: 43F, Data: 845 48 60 FF 7C 30 1A 0 
ID: 43F, Data: 845 48 60 FF 7C 34 1A 0 
ID: 545, Data: 8E4 7E 0 8C 69 2 69 2 
ID: 316, Data: 81 39 21 1C 38 15 40 7A 
ID: 316, Data: 81 39 21 1C 38 15 40 7A 
ID: A0, Data: 843 7D 17 1C 40 30 2 0 
ID: 43F, Data: 845 48 60 FF 7C 24 1A 0 
ID: 440, Data: 8E4 D5 3F A0 FF AA AA AA 
ID: A0, Data: 842 7D 17 1C 40 30 2 0 
ID: 316, Data: 81 39 21 1C 39 15 40 7A 
ID: 18F, Data: 8AA 3C 0 0 0 0 0 0 
ID: 43F, Data: 845 48 60 FF 7C 44 1A 0 
ID: 153, Data: 80 0 0 FF 0 FF 0 0 
ID: 43F, Data: 845 48 60 FF 7C 4C 1A 0 
ID: 43F, Data: 845 48 60 FF 7C 40 1A 0 
ID: 2A0, Data: 8C1 B 73 18 32 0 11 0 
ID: 316, Data: 81 3E BD 1B 41 15 40 7A 
ID: 316, Data: 81 40 82 1B 41 15 40 7A 
ID: A0, Data: 84D 7D 82 1B 40 32 2 0 
ID: 43F, Data: 845 48 60 FF 7C 54 1A 0 
ID: 43F, Data: 845 48 60 FF 7C 58 1A 0 
ID: 43F, Data: 845 48 60 FF 7C 68 1A 0 
ID: 316, Data: 81 43 35 1B 41 14 40 7A 
ID: A1, Data: 87E 7F 80 80 34 0 0 0 
ID: 43F, Data: 845 48 60 FF 7C 6C 1A 0 
ID: 43F, Data: 845 48 60 FF 7C 60 1A 0 
ID: 2A0, Data: 8A1 C 73 18 32 0 11 0 
ID: 316, Data: 81 43 48 1B 42 14 40 7A 
ID: 316, Data: 81 42 48 1B 42 14 40 7A 
ID: 43F, Data: 845 48 60 FF 7C 78 1A 0 
ID: 370, Data: 8FF E0 F0 FF FF FF FF FF 
ID: 153, Data: 80 0 0 FF 0 FF 0 0 
ID: 316, Data: 81 43 48 1B 42 14 40 7A 
ID: 316, Data: 81 42 48 1B 42 14 40 7A 
ID: 545, Data: 8E4 85 0 8C 34 3 34 3 
ID: 43F, Data: 845 48 60 FF 7C 74 1A 0 
ID: 153, Data: 80 0 0 FF 0 FF 0 0 
ID: 260, Data: 8B 43 43 30 5 FF CB A 
ID: 316, Data: 81 42 48 1B 42 14 40 7A 
ID: 370, Data: 8FF E1 F0 FF FF FF FF FF 
ID: 316, Data: 81 43 48 1B 42 14 40 7A 
ID: A1, Data: 87A 7F 7C 80 35 0 0 0 
ID: 43F, Data: 845 48 60 FF 7C 94 1A 0 
ID: 43F, Data: 845 48 60 FF 7C 9C 1A 0 
ID: 2A0, Data: 8A1 E 73 18 32 0 11 0 
ID: 316, Data: 81 42 52 1B 42 14 41 7A 
ID: 316, Data: 81 41 65 1B 42 14 41 7A 
ID: 43F, Data: 845 48 60 FF 7C 9C 1A 0 
ID: 43F, Data: 845 48 60 FF 7C A4 1A 0 
ID: A1, Data: 87A 7F 7C 80 35 0 0 0 
ID: 153, Data: 80 0 0 FF 0 FF 0 0 
ID: 316, Data: 81 40 52 1B 42 14 41 7A 
ID: 153, Data: 80 0 0 FF 0 FF 0 0 
ID: 316, Data: 81 42 48 1B 42 14 41 7A 
ID: 316, Data: 81 42 52 1B 42 14 41 7A 
ID: 2A0, Data: 861 F 73 18 32 0 11 0 
ID: 316, Data: 81 41 5C 1B 42 14 41 7A 
ID: 1F1, Data: 80 AD 1 F2 1F 10 E2 20 
ID: 18F, Data: 8AA 3A 0 0 0 0 0 0 
ID: 316, Data: 81 41 6F 1B 3F 14 41 7A 
ID: 43F, Data: 845 48 60 FF 7C C4 1A 0 
ID: 316, Data: 81 41 65 1B 31 14 41 7A 
ID: 153, Data: 80 0 0 FF 0 FF 0 0 
ID: 316, Data: 81 3E 6F 1B 2E 14 41 7A 
ID: 316, Data: 81 3D 6F 1B 2E 14 41 7A 
ID: 2A0, Data: 81 F 73 18 32 0 11 0 
ID: 440, Data: 8E4 25 41 A0 FF AA AA AA 
ID: 43F, Data: 845 48 60 FF 7C CC 1A 0 
ID: 18F, Data: 8AA 39 0 0 0 0 0 0 
ID: 316, Data: 81 35 23 1B 2F 15 41 7A 
ID: 153, Data: 80 0 0 FF 0 FF 0 0 
ID: 316, Data: 81 33 2C 1B 2F 15 41 7A 
ID: 316, Data: 81 33 2C 1B 2F 15 41 7A 
ID: 260, Data: 8B 32 30 30 5 FF D0 28 
ID: 43F, Data: 845 48 60 FF 7C C8 1A 0 
ID: 316, Data: 81 32 23 1B 30 16 41 7A 
ID: 316, Data: 81 30 2C 1B 30 16 41 7A 
ID: 316, Data: 81 30 35 1B 30 16 41 7A 
ID: 43F, Data: 845 48 60 FF 7C CC 1A 0 
ID: 5F0, Data: 20 0 
ID: A1, Data: 878 7F 7A 80 28 0 0 0 
ID: 18F, Data: 8AA 39 0 0 0 0 0 0 
ID: A1, Data: 878 7F 7A 80 28 0 0 0 
ID: 280, Data: 830 0 88 B1 36 1D 73 53 
ID: 545, Data: 8E4 60 0 8C AE 1 AE 1 
ID: 153, Data: 80 0 0 FF 0 FF 0 0 
ID: 316, Data: 81 2F 3F 1B 31 16 41 7A 
ID: 153, Data: 80 0 0 FF 0 FF 0 0 
ID: 316, Data: 81 2E 35 1B 30 16 41 7A 
ID: 316, Data: 81 2F 35 1B 30 16 41 7A 
ID: 18F, Data: 8AA 39 0 0 0 0 0 0 
ID: 43F, Data: 845 48 60 FF 7C BC 1A 0 
ID: 153, Data: 80 0 0 FF 0 FF 0 0 
ID: 316, Data: 81 2E 3F 1B 30 16 41 7A 
ID: 316, Data: 81 30 23 1B 31 16 41 7A 
ID: A0, Data: 839 7D 35 1B 42 2E 2 0 
ID: 316, Data: 81 2F 23 1B 31 16 41 7A 
ID: 316, Data: 81 2E 2C 1B 31 16 41 7A 
ID: 43F, Data: 845 48 60 FF 7C BC 1A 0 
ID: 316, Data: 81 30 23 1B 31 16 41 7A 
ID: 440, Data: 8E5 85 41 A0 FF AA AA AA 
ID: 316, Data: 81 2E 23 1B 31 16 41 7A 
ID: 153, Data: 80 0 0 FF 0 FF 0 0 
ID: 43F, Data: 845 48 60 FF 7C B4 1A 0 
ID: 43F, Data: 845 48 60 FF 7C B0 1A 0 
ID: 316, Data: 81 2F 6 1B 35 16 41 7A 
ID: 153, Data: 80 0 0 FF 0 FF 0 0 
ID: 316, Data: 81 31 6 1B 37 16 41 7A 
ID: 153, Data: 80 0 0 FF 0 FF 0 0 
ID: 316, Data: 81 33 19 1B 38 16 41 7A 
ID: 370, Data: 8FF E1 F0 FF FF FF FF FF 
ID: 1F1, Data: 80 58 1 C2 1F C B2 20 
ID: 316, Data: 81 35 35 1B 37 16 41 7A 
ID: 316, Data: 81 35 3F 1B 37 15 41 7A 
ID: 43F, Data: 845 48 60 FF 7C B0 1A 0 
ID: 316, Data: 81 36 23 1B 37 15 41 7A 
ID: A1, Data: 880 7F 83 80 2D 0 0 0 
ID: 316, Data: 81 38 23 1B 37 15 41 7A 
ID: 316, Data: 81 38 6 1B 37 15 41 7A 
ID: 18F, Data: 8AA 38 0 0 0 0 0 0 
ID: 316, Data: 81 39 E1 1A 37 15 41 7A 
ID: 43F, Data: 845 48 60 FF 7C A4 1A 0 
ID: 316, Data: 81 39 D8 1A 37 15 41 7A 
ID: 153, Data: 80 0 0 FF 0 FF 0 0 
ID: 153, Data: 80 0 0 FF 0 FF 0 0 
ID: 316, Data: 81 39 EA 1A 37 15 41 7A 
ID: 153, Data: 80 0 0 FF 0 FF 0 0 
ID: 316, Data: 81 38 FD 1A 37 15 41 7A 
ID: 153, Data: 80 0 0 FF 0 FF 0 0 
ID: 153, Data: 80 0 0 FF 0 FF 0 0 
ID: 316, Data: 81 39 19 1B 3D 15 41 7A 
ID: 43F, Data: 845 48 60 FF 7C A8 1A 0 
ID: 2A0, Data: 8C1 E 73 18 32 0 11 0 
ID: 153, Data: 80 0 0 FF 0 FF 0 0 
ID: 316, Data: 81 3B FD 1A 3E 15 41 7A 
ID: 316, Data: 81 3C 19 1B 3E 15 41 7A 
ID: 316, Data: 81 3C 2C 1B 3E 15 41 7A 
ID: 43F, Data: 845 48 60 FF 7C A0 1A 0 
ID: 440, Data: 8E4 85 41 A0 FF AA AA AA 
ID: 153, Data: 80 0 0 FF 0 FF 0 0 
ID: 316, Data: 81 3E 3F 1B 23 15 41 7A 
ID: 153, Data: 80 0 0 FF 0 FF 0 0 
ID: A0, Data: 849 7D 35 1B 41 31 2 0 
ID: 329, Data: 840 B1 80 8 11 35 5 26 
ID: 18F, Data: 8AA 37 0 0 0 0 0 0 
ID: 43F, Data: 845 48 60 FF 7C 98 1A 0 
ID: 153, Data: 80 0 0 FF 0 FF 0 0 
ID: 316, Data: 81 30 B3 1A 25 16 41 7A 
ID: 153, Data: 80 0 0 FF 0 FF 0 0 
ID: 1F1, Data: 80 36 0 2 20 9 D2 20 
ID: 316, Data: 81 2D FD 1A 25 17 41 7A 
ID: 316, Data: 81 2C 10 1B 25 17 41 7A 
ID: 43F, Data: 845 48 60 FF 7C A0 1A 0 
ID: 43F, Data: 845 48 60 FF 7C 9C 1A 0 
ID: 18F, Data: 8AA 37 0 0 0 0 0 0 
ID: 316, Data: 81 29 3F 1B 15 17 41 7A 
ID: 153, Data: 80 0 0 FF 0 FF 0 0 
ID: 316, Data: 81 28 19 1B 14 18 41 7A 
ID: 316, Data: 81 26 19 1B 14 18 41 7A 
ID: A1, Data: 879 7B 79 7C 1E 0 0 0 
ID: 316, Data: 81 22 F4 1A 15 18 41 7A 
ID: 316, Data: 81 20 CF 1A 15 18 41 7A 
ID: 18F, Data: 8AA 37 0 0 0 0 0 0 
ID: 316, Data: 81 1E AA 1A 15 19 41 7A 
ID: 43F, Data: 845 48 60 FF 7C 70 1A 0 
ID: 316, Data: 81 1B 50 1A 16 19 40 7A 
ID: 153, Data: 80 0 0 FF 0 FF 0 0 
ID: 153, Data: 80 0 0 FF 0 FF 0 0 
ID: 316, Data: 81 1A 1 1A 19 19 40 7A 
ID: 153, Data: 80 0 0 FF 0 FF 0 0 
ID: 316, Data: 81 1A F0 19 1C 19 40 7A 
ID: 153, Data: 80 0 0 FF 0 FF 0 0 
ID: 316, Data: 81 1A E8 19 1C 19 40 7A 
ID: 316, Data: 81 1B DF 19 1C 19 40 7A 
ID: A1, Data: 876 7B 76 7C 16 0 0 0 
ID: 316, Data: 81 1C CE 19 1B 19 40 7A 
ID: 316, Data: 81 1C D6 19 1B 19 40 7A 
ID: 18F, Data: 8AA 37 0 0 0 0 0 0 
ID: 316, Data: 81 1E E8 19 25 22 40 7A 
ID: 43F, Data: 845 48 60 FF 7C 18 1A 0 
ID: 316, Data: 81 21 D6 19 25 22 40 7A 
ID: 153, Data: 80 0 0 FF 0 FF 0 0 
ID: 153, Data: 80 0 0 FF 0 FF 0 0 
ID: 316, Data: 81 24 36 1A 29 22 3F 7A 
ID: 153, Data: 80 0 0 FF 0 FF 0 0 
ID: 316, Data: 81 25 98 1A 2E 22 3F 7A 
ID: 316, Data: 81 27 CF 1A 2E 22 3F 7A 
ID: 2A0, Data: 8A1 9 73 18 32 0 11 0 
ID: 316, Data: 841 29 F4 1A 2E 21 3F 7A 
ID: 316, Data: 841 2A B3 1A 2F 21 3F 7A 
ID: 440, Data: 8EF 85 3F A0 FF AA AA AA 
ID: 316, Data: 841 2C 59 1A 31 21 3F 7A 
ID: 43F, Data: 845 48 60 FF 7C D0 19 0 
ID: 260, Data: 8B 2E 32 30 5 FF CA 22 
ID: 316, Data: 841 2E B3 1A 33 20 3F 7A 
ID: 1F0, Data: 8CE 3F CD BF 0 0 0 0 
ID: 43F, Data: 845 48 60 FF 7C D0 19 0 
ID: 43F, Data: 845 48 60 FF 7C C8 19 0 
ID: 153, Data: 80 0 0 FF 0 FF 0 0 
ID: 316, Data: 841 32 C6 1A 39 20 3F 7A 
ID: A0, Data: 83B 7D CF 1A 3F 2E 2 0 
ID: 316, Data: 841 35 FD 1A 39 20 3F 7A 
ID: 545, Data: 8E4 72 0 8C 99 1 99 1 
ID: 43F, Data: 845 48 60 FF 7C BC 19 0 
ID: 440, Data: 8ED 75 3E A0 FF AA AA AA 
ID: 153, Data: 80 0 0 FF 0 FF 0 0 
ID: 316, Data: 841 3A 52 1B 39 1F 3F 7A 
ID: 316, Data: 841 3A 5C 1B 39 1F 3F 7A 
ID: 43F, Data: 845 48 60 FF 7C B0 19 0 
ID: 316, Data: 841 3A 48 1B 39 1F 3F 7A 
ID: 153, Data: 80 0 0 FF 0 FF 0 0 
ID: 153, Data: 80 0 0 FF 0 FF 0 0 
ID: 316, Data: 841 3A 48 1B 39 1F 3E 7A 
ID: 153, Data: 80 0 0 FF 0 FF 0 0 
ID: 2A0, Data: 8C1 A 73 18 32 0 11 0 
ID: 316, Data: 841 3B 48 1B 39 1E 3E 7A 
ID: 329, Data: 8B B1 80 8 11 38 B 26 
ID: 43F, Data: 845 48 60 FF 7C A4 19 0 
ID: 316, Data: 841 3B 3F 1B 39 1E 3E 7A 
ID: 440, Data: 8EC D5 3E A0 FF AA AA AA 
ID: 316, Data: 841 3A 65 1B 39 1E 3E 7A 
ID: 43F, Data: 845 48 60 FF 7C B4 19 0 
ID: 2A0, Data: 8A1 A 73 18 32 0 11 0 
ID: 316, Data: 841 3C 5C 1B 39 1E 3E 7A 
ID: 153, Data: 80 0 0 FF 0 FF 0 0 
ID: 43F, Data: 845 48 60 FF 7C B4 19 0 
ID: 260, Data: 8B 3B 3A 30 5 FF CE 28 
ID: 43F, Data: 845 48 60 FF 7C A4 19 0 
ID: 316, Data: 841 3A 52 1B 38 1E 3E 7A 
ID: 153, Data: 80 0 0 FF 0 FF 0 0 
ID: 316, Data: 841 3B 48 1B 39 1E 3E 7A 
ID: 316, Data: 841 3B 3F 1B 39 1E 3E 7A 
ID: 43F, Data: 845 48 60 FF 7C A0 19 0 
ID: 316, Data: 841 39 48 1B 39 1F 3E 7A 
ID: 153, Data: 80 0 0 FF 0 FF 0 0 
ID: 329, Data: 884 B1 80 8 11 38 B 26 
ID: 316, Data: 841 3A 5C 1B 38 1F 3E 7A 
ID: 2A0, Data: 8A1 A 73 18 32 0 11 0 
ID: 316, Data: 841 39 52 1B 39 1F 3E 7A 
ID: 316, Data: 841 3B 48 1B 38 1E 3E 7A 
ID: 153, Data: 80 0 0 FF 0 FF 0 0 
ID: 545, Data: 8E4 76 0 8C E6 1 E6 1 
ID: 316, Data: 841 3A 19 1B 39 1E 3E 7A 
ID: 545, Data: 8E4 71 0 8C E8 1 E8 1 
ID: 316, Data: 841 3A B3 1A 39 1E 3E 7A 
ID: 153, Data: 80 0 0 FF 0 FF 0 0 
ID: 316, Data: 841 3A 24 1A 3A 1E 3E 7A 
ID: A0, Data: 844 7D 59 1A 3F 2F 2 0 
ID: 316, Data: 841 3B 24 1A 3A 1E 3E 7A 
ID: 329, Data: 8B B1 80 8 11 38 B 26 
ID: 370, Data: 8FF E3 F0 FF FF FF FF FF 
ID: 316, Data: 841 3A 7D 1A 39 1E 3E 7A 
ID: 153, Data: 80 0 0 FF 0 FF 0 0 
ID: 316, Data: 841 3B 62 1A 39 1E 3E 7A 
ID: 316, Data: 841 3A 59 1A 39 1E 3E 7A 
ID: 43F, Data: 845 48 60 FF 7C 9C 19 0 
ID: 153, Data: 80 0 0 FF 0 FF 0 0 
ID: 153, Data: 80 0 0 FF 0 FF 0 0 
ID: A0, Data: 843 7D 47 1A 3F 2F 2 0 
ID: 329, Data: 840 B1 80 8 11 38 B 26 
ID: A0, Data: 843 7D 47 1A 3F 2F 2 0 
ID: 316, Data: 841 39 50 1A 39 1E 3E 7A 
ID: 316, Data: 841 3A 3F 1A 39 1E 3E 7A 
ID: 5A0, Data: 80 0 0 90 0 0 0 0 
ID: 316, Data: 841 3A 2D 1A 39 1E 3E 7A 
ID: 153, Data: 80 0 0 FF 0 FF 0 0 
ID: 440, Data: 8EC D5 3E A0 FF AA AA AA 
ID: 316, Data: 841 39 2D 1A 3A 1E 3E 7A 
ID: 153, Data: 80 0 0 FF 0 FF 0 0 
ID: 260, Data: 8B 3B 3A 30 5 FF CC 39 
ID: 316, Data: 841 3A 3F 1A 39 1E 3E 7A 
ID: A1, Data: 87B 7F 7B 80 30 0 0 0 
ID: 316, Data: 841 3A 24 1A 2D 1E 3E 7A 
ID: 316, Data: 841 3A 24 1A 28 1E 3E 7A 
ID: 316, Data: 841 38 2D 1A 27 1F 3E 7A 
ID: 545, Data: 8E4 6C 0 8C AE 1 AE 1 
ID: 153, Data: 80 0 0 FF 0 FF 0 0 
ID: 43F, Data: 845 48 60 FF 7C 90 19 0 
ID: 316, Data: 841 32 F0 19 28 1F 3E 7A 
ID: 545, Data: 8E4 60 0 8C 36 1 36 1 
ID: 316, Data: 841 30 D6 19 29 1F 3E 7A 
ID: 316, Data: 841 2F D6 19 29 20 3E 7A 
ID: 43F, Data: 845 48 60 FF 7C 94 19 0 
ID: 440, Data: 8EE 85 3E A0 FF AA AA AA 
ID: 153, Data: 80 0 0 FF 0 FF 0 0 
ID: 260, Data: 8B 2D 29 30 5 FF CB 1D 
ID: 316, Data: 841 2B C6 1A 29 20 3E 7A 
ID: A1, Data: 878 7D 7C 7E 26 0 0 0 
ID: 370, Data: 8FF E3 F0 FF FF FF FF FF 
ID: 43F, Data: 845 48 60 FF 7C 78 19 0 
ID: 316, Data: 841 2A 24 1A 2A 21 3E 7A 
ID: 316, Data: 841 2A A 1A 2A 21 3E 7A 
ID: 43F, Data: 845 48 60 FF 7C 70 19 0 
ID: 316, Data: 841 2A 13 1A 2A 21 3E 7A 
ID: 153, Data: 80 0 0 FF 0 FF 0 0 
ID: 280, Data: 830 0 88 B1 34 19 73 47 
ID: 316, Data: 841 29 13 1A 1E 21 3E 7A 
ID: 43F, Data: 845 48 60 FF 7C 64 19 0 
ID: 316, Data: 841 2A 1C 1A 1E 21 3E 7A 
ID: 153, Data: 80 0 0 FF 0 FF 0 0 
ID: 316, Data: 841 27 A 1A 1E 21 3E 7A 
ID: 316, Data: 841 26 F9 19 1E 21 3E 7A 
ID: A0, Data: 82C 7D 13 1A 3E 2A 2 0 
ID: 153, Data: 80 0 0 FF 0 FF 0 0 
ID: 316, Data: 841 22 9B 19 1F 22 3E 7A 
ID: 440, Data: 8EF 85 3D A0 FF AA AA AA 
ID: 316, Data: 841 1F 28 19 1F 22 3E 7A 
ID: 316, Data: 841 1E 18 19 1F 22 3E 7A 
ID: 153, Data: 80 0 0 FF 0 FF 0 0 
ID: 260, Data: 8B 1C 20 30 5 FF 7E 29 
ID: 316, Data: 841 1B 7A 18 20 22 3D 7A 
ID: A1, Data: 87A 80 7D 7D 1C 0 0 0 
ID: 316, Data: 841 1B E5 17 20 22 3D 7A 
ID: 316, Data: 841 1C B9 17 20 22 3D 7A 
ID: 316, Data: 841 1D 9C 17 21 21 3D 7A 
ID: 2A0, Data: 8C1 7 73 18 32 0 11 0 
ID: 153, Data: 80 0 0 FF 0 FF 0 0 
ID: 316, Data: 841 26 7A 18 22 21 3D 7A 
ID: 153, Data: 80 0 0 FF 0 FF 0 0 
ID: A1, Data: 87B 7C 7D 7C 1E 0 0 0 
ID: 280, Data: 830 0 88 B1 32 17 73 40 
ID: 2A0, Data: 8A1 7 73 18 32 0 11 0 
ID: 43F, Data: 845 48 60 FF 7C E0 18 0 
ID: 43F, Data: 845 48 60 FF 7C 8 19 0 
ID: 260, Data: 8B 25 23 30 5 FF 9F 1A 
ID: 316, Data: 841 24 10 19 24 22 3D 7A 
ID: 316, Data: 841 24 10 19 27 22 3D 7A 
ID: 43F, Data: 845 48 60 FF 7C DC 18 0 
ID: 280, Data: 830 0 88 B1 32 16 73 3E 
ID: 153, Data: 80 0 0 FF 0 FF 0 0 
ID: 316, Data: 841 25 30 19 2D 22 3D 7A 
ID: 316, Data: 841 25 38 19 2D 22 3D 7A 
ID: 43F, Data: 845 48 60 FF 7C E4 18 0 
ID: 316, Data: 841 28 59 19 30 21 3C 7A 
ID: 153, Data: 80 0 0 FF 0 FF 0 0 
ID: 316, Data: 841 2A 71 19 34 21 3C 7A 
ID: 316, Data: 841 2B 8A 19 38 21 3C 7A 
ID: 153, Data: 80 0 0 FF 0 FF 0 0 
ID: 316, Data: 841 2D A4 19 38 20 3C 7A 
ID: 316, Data: 841 2E B4 19 38 20 3C 7A 
ID: 43F, Data: 845 48 60 FF 7C C4 18 0 
ID: 43F, Data: 845 48 60 FF 7C C4 18 0 
ID: 153, Data: 80 0 0 FF 0 FF 0 0 
ID: 316, Data: 841 33 F0 19 41 20 3C 7A 
ID: 316, Data: 841 35 A 1A 43 1F 3C 7A 
ID: A1, Data: 881 7D 80 7E 2B 0 0 0 
ID: 43F, Data: 845 48 60 FF 7C BC 18 0 
ID: 316, Data: 841 3B 6B 1A 43 1F 3C 7A 
ID: 260, Data: 8B 3D 44 30 5 FF CC 2D 
ID: 316, Data: 841 3F AA 1A 44 1E 3C 7A 
ID: 260, Data: 8B 40 45 30 5 FF CC 19 
ID: 43F, Data: 845 48 60 FF 7C C4 18 0 
ID: 280, Data: 830 0 88 B1 35 29 73 6E 
ID: 153, Data: 80 0 0 FF 0 FF 0 0 
ID: 316, Data: 841 43 FD 1A 43 1E 3C 7A 
ID: 316, Data: 841 43 F4 1A 43 1D 3C 7A 
ID: A0, Data: 84E 7D FD 1A 3D 32 2 0 
ID: 316, Data: 841 45 6 1B 44 1D 3C 7A 
ID: 2A0, Data: 81 8 73 18 32 0 11 0 
ID: 316, Data: 841 43 2C 1B 45 1D 3C 7A 
ID: 316, Data: 841 44 23 1B 45 1D 3C 7A 
ID: A0, Data: 84D 7D 2C 1B 3D 32 2 0 
ID: 316, Data: 841 44 2C 1B 45 1D 3C 7A 
ID: 280, Data: 830 0 88 B1 36 2A 73 72 
ID: 153, Data: 80 0 0 FF 0 FF 0 0 
ID: 545, Data: 8E4 8A 0 8C AA 2 AA 2 
ID: 1F1, Data: 80 9D DF C1 1D EA A1 1E 
ID: 545, Data: 8E4 89 0 8C AF 2 AF 2 
ID: 153, Data: 80 0 0 FF 0 FF 0 0 
ID: 43F, Data: 845 48 60 FF 7C F8 18 0 
ID: 43F, Data: 845 48 60 FF 7C C 19 0 
ID: 316, Data: 841 45 52 1B 45 1D 3D 7A 
ID: 370, Data: 8FF E1 F0 FF FF FF FF FF 
ID: 316, Data: 841 45 2C 1B 45 1D 3D 7A 
ID: 43F, Data: 845 48 60 FF 7C 10 19 0 
ID: 545, Data: 8E4 88 0 8C D5 2 D5 2 
ID: 153, Data: 80 0 0 FF 0 FF 0 0 
ID: 153, Data: 80 0 0 FF 0 FF 0 0 
ID: 316, Data: 841 45 59 1A 46 1D 3D 7A 
ID: 43F, Data: 845 48 60 FF 7C 14 19 0 
ID: 316, Data: 841 44 62 1A 40 1D 3D 7A 
ID: 153, Data: 80 0 0 FF 0 FF 0 0 
ID: 153, Data: 80 0 0 FF 0 FF 0 0 
ID: 316, Data: 841 43 62 1A 40 1D 3D 7A 
ID: 153, Data: 80 0 0 FF 0 FF 0 0 
ID: 2A0, Data: 861 A 73 18 32 0 11 0 
ID: 316, Data: 841 42 59 1A 40 1D 3D 7A 
ID: 1F1, Data: 80 9C E4 41 1E EE 1 1F 
ID: 370, Data: 8FF E1 F0 FF FF FF FF FF 
ID: 329, Data: 8B B1 80 8 11 3A F 26 
ID: 316, Data: 841 41 59 1A 43 1D 3D 7A 
ID: 316, Data: 841 41 50 1A 44 1D 3D 7A 
ID: 5F0, Data: 20 0 
ID: 316, Data: 841 3F 3F 1A 47 1E 3D 7A 
ID: 316, Data: 841 40 36 1A 48 1E 3E 7A 
ID: 43F, Data: 845 48 60 FF 7C 60 19 0 
ID: 329, Data: 8B B1 80 8 11 3B 13 26 
ID: 153, Data: 80 0 0 FF 0 FF 0 0 
ID: 316, Data: 841 44 62 1A 49 1D 3E 7A 
ID: 153, Data: 80 0 0 FF 0 FF 0 0 
ID: A1, Data: 879 7F 7C 80 37 0 0 0 
ID: 280, Data: 830 0 88 B0 34 2B 73 78 
ID: 280, Data: 830 0 88 B0 34 2C 73 76 
ID: 43F, Data: 845 48 60 FF 7C 78 19 0 
ID: 280, Data: 830 0 88 B0 35 28 73 67 
ID: 316, Data: 841 3D 74 1A 1B 1F 3E 7A 
ID: 316, Data: 841 3A D6 19 1C 1F 3E 7A 
ID: 43F, Data: 845 48 60 FF 7C 64 19 0 
ID: 153, Data: 80 0 0 FF 0 FF 0 0 
ID: 316, Data: 841 2B CE 19 1E 21 3E 7A 
ID: 153, Data: 80 0 0 FF 0 FF 0 0 
ID: 316, Data: 841 25 1C 1A 1E 21 3E 7A 
ID: 1F0, Data: 8CD 3F CD BF 0 0 0 0 
ID: 43F, Data: 845 48 60 FF 7C 94 19 0 
ID: 153, Data: 80 0 0 FF 0 FF 0 0 
ID: 1F0, Data: 8CD 3F CD BF 0 0 0 0 
ID: 43F, Data: 845 48 60 FF 7C 74 19 0 
ID: 316, Data: 841 1B E0 18 1F 22 3E 7A 
ID: 18F, Data: 8AA 41 0 0 0 0 0 0 
ID: 316, Data: 841 1D FB 17 20 22 3E 7A 
ID: 153, Data: 80 0 0 FF 0 FF 0 0 
ID: 18F, Data: 8AA 41 0 0 0 0 0 0 
ID: 316, Data: 841 1E 6B 17 17 18 3E 7A 
ID: 43F, Data: 845 48 60 FF 7C 40 19 0 
ID: 153, Data: 80 0 0 FF 0 FF 0 0 
ID: 153, Data: 80 0 0 FF 0 FF 0 0 
ID: 316, Data: 841 1B 41 17 17 18 3E 7A 
ID: 153, Data: 80 0 0 FF 0 FF 0 0 
ID: 316, Data: 841 1A E8 16 18 18 3E 7A 
ID: 316, Data: 81 1A DB 16 18 18 3E 7A 
ID: 153, Data: 80 0 0 FF 0 FF 0 0 
ID: 43F, Data: 845 48 60 FF 7C 58 19 0 
ID: 153, Data: 80 0 0 FF 0 FF 0 0 
ID: 280, Data: 830 0 84 B0 2C 13 73 36 
ID: 316, Data: 81 19 58 16 18 18 3E 7A 
ID: 5F0, Data: 20 0 
ID: 316, Data: 81 18 4B 16 18 18 3E 7A 
ID: 153, Data: 80 0 0 FF 0 FF 0 0 
ID: 18F, Data: 8AA 41 0 0 0 0 0 0 
ID: 316, Data: 89 18 C 16 19 18 3E 7A 
ID: 316, Data: 89 19 DB 15 19 18 3D 7A 
ID: 545, Data: 8E4 31 0 8C 4 0 4 0 
ID: 153, Data: 80 0 0 FF 0 FF 0 0 
ID: 316, Data: 89 15 C3 15 19 18 3D 7A 
ID: 18F, Data: 8AA 40 0 0 0 0 0 0 
ID: 316, Data: 89 14 0 16 19 18 3D 7A 
ID: 153, Data: 80 0 0 FF 0 FF 0 0 
ID: 153, Data: 80 0 0 FF 0 FF 0 0 
ID: 316, Data: 89 10 A6 16 18 18 3D 7A 
ID: 43F, Data: 845 48 60 FF 7C 0 19 0 
ID: 316, Data: 89 10 5D 17 17 18 3D 7A 
ID: A0, Data: 825 7D A6 16 3E 27 4 0 
ID: 153, Data: 80 0 0 FF 0 FF 0 0 
ID: 316, Data: 89 B 6B 18 17 18 3D 7A 
ID: 153, Data: 80 0 0 FF 0 FF 0 0 
ID: 316, Data: 89 7 99 18 16 18 3D 7A 
ID: 316, Data: 89 7 A1 18 16 18 3D 7A 
ID: 280, Data: 830 0 20 B0 31 12 73 35 
ID: 43F, Data: 845 48 60 FF 7C DC 18 0 
ID: 316, Data: 89 3 C0 18 16 18 3D 7A 
ID: 43F, Data: 845 48 60 FF 7C CC 18 0 
ID: 316, Data: 89 3 A9 18 16 18 3C 7A 
ID: 2A0, Data: 840 5 73 18 32 0 11 0 
ID: 43F, Data: 845 48 60 FF 7C CC 18 0 
ID: 153, Data: 80 0 0 FF 0 FF 0 0 
ID: 280, Data: 830 0 20 B0 30 13 73 37 
ID: 316, Data: 89 0 54 18 16 18 3C 7A 
ID: 43F, Data: 845 48 60 FF 7C C4 18 0 
ID: 316, Data: 89 0 2F 18 16 18 3C 7A 
ID: 260, Data: 80 0 17 30 5 FF 4E 3D 
ID: 153, Data: 80 0 0 FF 0 FF 0 0 
ID: 316, Data: 89 0 9 18 16 18 3C 7A 
ID: 153, Data: 80 0 0 FF 0 FF 0 0 
ID: 316, Data: 89 0 2 18 16 18 3C 7A 
ID: 153, Data: 80 0 0 FF 0 FF 0 0 
ID: 153, Data: 80 0 0 FF 0 FF 0 0 
ID: 43F, Data: 845 48 60 FF 7C 88 18 0 
ID: A0, Data: 829 7D FB 17 3C 29 4 0 
ID: 43F, Data: 845 48 60 FF 7C 74 18 0 
ID: 440, Data: 8E7 25 3B A0 FF AA AA AA 
ID: 153, Data: 80 0 0 FF 0 FF 0 0 
ID: 316, Data: 89 0 E5 17 16 18 3C 7A 
ID: 153, Data: 80 0 0 FF 0 FF 0 0 
ID: 329, Data: 840 B0 80 8 11 30 0 26 
ID: 316, Data: 89 0 C0 17 17 18 3B 7A 
ID: 1F1, Data: 80 25 D6 31 1D DA D1 1D 
ID: 1F0, Data: 8CE 3F CD BF 0 0 0 0 
ID: 316, Data: 89 0 AB 17 17 18 3B 7A 
ID: 316, Data: 89 0 A4 17 17 18 3B 7A 
ID: A1, Data: 880 80 80 7D 1D 0 0 0 
ID: 153, Data: 80 0 0 FF 0 FF 0 0 
ID: 316, Data: 89 0 9C 17 17 18 3B 7A 
ID: 43F, Data: 845 48 60 FF 7C 40 18 0 
ID: 370, Data: 8FF E1 F0 FF FF FF FF FF 
ID: 153, Data: 80 0 0 FF 0 FF 0 0 
ID: 153, Data: 80 0 0 FF 0 FF 0 0 
ID: 316, Data: 89 0 8E 17 17 18 3B 7A 
ID: 153, Data: 80 0 0 FF 0 FF 0 0 
ID: 316, Data: 89 0 80 17 17 18 3B 7A 
ID: 153, Data: 80 0 0 FF 0 FF 0 0 
ID: 316, Data: 89 0 72 17 17 18 3B 7A 
ID: 43F, Data: 845 48 60 FF 7C F8 17 0 
ID: 316, Data: 89 0 56 17 17 18 3B 7A 
ID: 316, Data: 89 0 4F 17 17 18 3A 7A 
ID: 316, Data: 89 0 48 17 17 18 3A 7A 
ID: 545, Data: 8E4 0 0 8C 4F FE 4F FE 
ID: 43F, Data: 845 48 60 FF 7C 0 18 0 
ID: 153, Data: 80 0 0 FF 0 FF 0 0 
ID: 545, Data: 8E4 0 0 8C 4F FE 4F FE 
ID: 43F, Data: 845 48 60 FF 7C EC 17 0 
ID: 2A0, Data: 8E0 3 73 18 32 0 11 0 
ID: 316, Data: 89 0 41 17 17 18 3A 7A 
ID: 316, Data: 89 0 3A 17 17 18 3A 7A 
ID: 260, Data: 80 0 17 30 5 FF 4E 3D 
ID: 43F, Data: 845 48 60 FF 7C D0 17 0 
ID: 153, Data: 80 0 0 FF 0 FF 0 0 
ID: 18F, Data: 8AA 39 0 0 0 0 0 0 
ID: 316, Data: 89 0 18 17 17 18 3A 7A 
ID: 316, Data: 89 0 18 17 17 18 3A 7A 
ID: 280, Data: 830 0 20 B0 2E 15 73 3B 
ID: 43F, Data: 845 48 60 FF 7C B8 17 0 
ID: 316, Data: 89 0 A 17 17 18 3A 7A 
ID: 153, Data: 80 0 0 FF 0 FF 0 0 
ID: 153, Data: 80 0 0 FF 0 FF 0 0 
ID: 2A0, Data: 880 3 73 18 32 0 11 0 
ID: 545, Data: 8E4 0 0 8C 4E FE 4E FE 
ID: 43F, Data: 845 48 60 FF 7C 90 17 0 
ID: 153, Data: 80 0 0 FF 0 FF 0 0 
ID: 153, Data: 80 0 0 FF 0 FF 0 0 
ID: 316, Data: 89 0 E8 16 17 18 39 7A 
ID: 43F, Data: 845 48 60 FF 7C 78 17 0 
ID: 440, Data: 8E7 D5 39 A0 FF AA AA AA 
ID: 153, Data: 80 0 0 FF 0 FF 0 0 
ID: 329, Data: 8B B0 80 8 11 2F 0 26 
ID: 316, Data: 89 0 BA 16 18 18 39 7A 
ID: 316, Data: 89 0 AC 16 18 18 39 7A 
ID: 43F, Data: 845 48 60 FF 7C 5C 17 0 
ID: 153, Data: 80 0 0 FF 0 FF 0 0 
ID: 370, Data: 8FF E3 F0 FF FF FF FF FF 
ID: 316, Data: 89 0 9F 16 18 18 39 7A 
ID: 153, Data: 80 0 0 FF 0 FF 0 0 
ID: 316, Data: 89 0 99 16 18 18 39 7A 
ID: 153, Data: 80 0 0 FF 0 FF 0 0 
ID: 316, Data: 89 0 92 16 18 18 39 7A 
ID: 43F, Data: 845 48 60 FF 7C 34 17 0 
ID: 280, Data: 830 0 20 B0 2D 14 73 3B 
ID: 316, Data: 89 0 7F 16 18 18 38 7A 
ID: 316, Data: 89 0 78 16 18 18 38 7A 
ID: A0, Data: 828 7D 85 16 39 28 4 0 
ID: 43F, Data: 845 48 60 FF 7C 14 17 0 
ID: 1F1, Data: 80 E2 BF D1 1B C5 61 1C 
ID: 18F, Data: 8AA 38 0 0 0 0 0 0 
ID: 316, Data: 89 0 6B 16 18 18 38 7A 
ID: 153, Data: 80 0 0 FF 0 FF 0 0 
ID: 316, Data: 89 0 45 16 18 18 38 7A 
ID: 153, Data: 80 0 0 FF 0 FF 0 0 
ID: 316, Data: 89 0 25 16 18 18 38 7A 
ID: 316, Data: 89 0 19 16 18 18 38 7A 
ID: 545, Data: 8E4 0 0 89 4D FE 4D FE 
ID: 316, Data: 89 0 6 16 18 18 38 7A 
ID: 316, Data: 89 0 6 16 18 18 38 7A 
ID: 316, Data: 89 0 6 16 18 18 37 7A 
ID: 2A0, Data: 840 2 73 18 32 0 11 0 
ID: 43F, Data: 845 48 60 FF 7C 80 16 0 
ID: 43F, Data: 845 48 60 FF 7C 7C 16 0 
ID: 316, Data: 89 0 E7 15 18 18 37 7A 
ID: 153, Data: 80 0 0 FF 0 FF 0 0 
ID: 316, Data: 89 0 C3 15 19 18 37 7A 
ID: 153, Data: 80 0 0 FF 0 FF 0 0 
ID: 316, Data: 89 0 9F 15 19 18 36 7A 
ID: 153, Data: 80 0 0 FF 0 FF 0 0 
ID: 153, Data: 80 0 0 FF 0 FF 0 0 
ID: 316, Data: 89 0 63 15 19 18 36 7A 
ID: 43F, Data: 845 48 60 FF 7C EC 15 0 
ID: 43F, Data: 845 48 60 FF 7C E8 15 0 
ID: 153, Data: 80 0 0 FF 0 FF 0 0 
ID: 316, Data: 89 0 13 15 19 18 35 7A 
ID: 316, Data: 89 0 2 15 19 18 35 7A 
ID: 1F0, Data: 8D1 3F CD BF 0 0 0 0 
ID: 2A0, Data: 840 1 73 18 32 0 11 0 
ID: 18F, Data: 8AA 37 0 0 0 0 0 0 
ID: 316, Data: 89 0 C4 14 1A 18 35 7A 
ID: 18F, Data: 8AA 37 0 0 0 0 0 0 
ID: 153, Data: 80 0 0 FF 0 FF 0 0 
ID: 370, Data: 8FF E1 F0 FF FF FF FF FF 
ID: 545, Data: 8E4 0 0 8C 4C FE 4C FE 
ID: 316, Data: 89 0 93 14 1A 18 34 7A 
ID: 316, Data: 89 0 7D 14 1A 18 34 7A 
ID: 153, Data: 80 0 0 FF 0 FF 0 0 
ID: 316, Data: 89 0 4D 14 1A 18 33 7A 
ID: 153, Data: 80 0 0 FF 0 FF 0 0 
ID: 316, Data: 89 0 14 14 1A 18 33 7A 
ID: 153, Data: 80 0 0 FF 0 FF 0 0 
ID: 153, Data: 80 0 0 FF 0 FF 0 0 
ID: 316, Data: 89 0 B4 13 1B 18 32 7A 
ID: 43F, Data: 845 48 60 FF 7C 28 14 0 
ID: 316, Data: 89 0 6F 13 1B 18 32 7A 
ID: 153, Data: 80 0 0 FF 0 FF 0 0 
ID: 153, Data: 80 0 0 FF 0 FF 0 0 
ID: 153, Data: 80 0 0 FF 0 FF 0 0 
ID: 18F, Data: 8AA 37 0 0 0 0 0 0 
ID: 316, Data: 89 0 DE 12 1C 18 30 7A 
ID: 153, Data: 80 0 0 FF 0 FF 0 0 
ID: 545, Data: 8E4 0 0 8C 4C FE 4C FE 
ID: 316, Data: 89 0 9F 12 1C 18 30 7A 
ID: 2A0, Data: 840 1 74 18 32 0 11 0 
ID: 5F0, Data: 20 0 
ID: 153, Data: 80 0 0 FF 0 FF 0 0 
ID: 316, Data: 89 0 4C 12 1C 18 2F 7A 
ID: 5F0, Data: 20 0 
ID: 370, Data: 8FF E1 F0 FF FF FF FF FF 
ID: 153, Data: 80 0 0 FF 0 FF 0 0 
ID: 153, Data: 80 0 0 FF 0 FF 0 0 
ID: 545, Data: 8E4 0 0 89 45 FE 45 FE 
ID: 316, Data: 89 0 6F 11 1D 19 2D 7A 
ID: 18F, Data: 8AA 36 0 0 0 0 0 0 
ID: 153, Data: 80 0 0 FF 0 FF 0 0 
ID: A0, Data: 82D 7D 1F 11 2D 26 4 0 
ID: 545, Data: 8E4 0 0 8A 40 FE 40 FE 
ID: 153, Data: 80 0 0 FF 0 FF 0 0 
ID: 1F0, Data: 8C7 3F CD BF 0 0 0 0 
ID: 43F, Data: 84C 48 60 FF 7C C4 11 0 
ID: 5F0, Data: 20 0 
ID: 316, Data: 89 0 B8 10 1E 19 2A 7A 
ID: 316, Data: 89 0 C0 10 1E 19 29 7A 
ID: 18F, Data: 8AA 36 0 0 0 0 0 0 
ID: 5F0, Data: 20 0 
ID: 153, Data: 80 0 0 FF 0 FF 0 0 
ID: A1, Data: 880 80 80 7D 1F 0 0 0 
ID: 329, Data: 8B B0 80 8 12 2D 0 26 
ID: 545, Data: 8E4 0 0 8C 43 FE 43 FE 
ID: 153, Data: 80 0 0 FF 0 FF 0 0 
ID: 153, Data: 80 0 0 FF 0 FF 0 0 
ID: 153, Data: 80 0 0 FF 0 FF 0 0 
ID: 2A0, Data: 820 0 74 18 32 0 11 0 
ID: 316, Data: 89 0 6A 12 1C 18 25 7A 
ID: 18F, Data: 8AA 36 0 0 0 0 0 0 
ID: 316, Data: 89 0 9A 12 1B 18 25 7A 
ID: 5F0, Data: 20 0 
ID: 370, Data: 8FF E1 F0 FF FF FF FF FF 
ID: 153, Data: 80 0 0 FF 0 FF 0 0 
ID: 2A0, Data: 8E0 0 74 18 32 0 11 0 
ID: 316, Data: 89 0 37 12 1C 18 23 7A 
ID: 2A0, Data: 820 0 74 18 32 0 11 0 
ID: 43F, Data: 84C 48 60 FF 7C 3C 12 0 
ID: 316, Data: 89 0 83 11 1D 19 22 7A 
ID: 545, Data: 8E4 0 0 8C 3F FE 3F FE 
ID: 440, Data: 8E7 75 21 A0 FF AA AA AA 
ID: 316, Data: 81 0 A0 10 1E 19 21 7A 
ID: A1, Data: 880 80 80 7D 1E 0 0 0 
ID: 43F, Data: 84B 48 60 FF 7C F0 10 0 
ID: 153, Data: 80 0 0 FF 0 FF 0 0 
ID: 153, Data: 80 0 0 FF 0 FF 0 0 
ID: 316, Data: 81 14 FE E 20 1A 1F 7A 
ID: 316, Data: 81 15 46 E 21 1A 1F 7A 
ID: 545, Data: 8E4 20 0 86 10 0 10 0 
ID: 43F, Data: 84B 48 60 FF 7C BC F 0 
ID: 43F, Data: 84B 48 60 FF 7C A8 F 0 
ID: 440, Data: 8FE 44 1D A0 FF AA AA AA 
ID: 260, Data: 8B 23 24 30 5 FF 4F 10 
ID: 316, Data: 81 23 FC D 22 1A 1C 7A 
ID: 18F, Data: 8AA 36 0 0 0 0 0 0 
ID: 43F, Data: 8B 48 60 FF 7C B8 E 0 
ID: 153, Data: 80 0 0 FF 0 FF 0 0 
ID: 5F0, Data: 20 0 
ID: 153, Data: 80 0 0 FF 0 FF 0 0 
ID: 2A0, Data: 8E0 0 74 18 32 0 11 0 
ID: 316, Data: 81 20 93 E 1F 19 1A 7A 
ID: 18F, Data: 8AA 36 0 0 0 0 0 0 
ID: 43F, Data: 8B 48 60 FF 7C 84 10 0 
ID: 153, Data: 80 0 0 FF 0 FF 0 0 
ID: 316, Data: 81 1F BF E 1F 1A 19 7A 
ID: 153, Data: 80 0 0 FF 0 FF 0 0 
ID: 153, Data: 80 0 0 FF 0 FF 0 0 
ID: 316, Data: 81 1F 9B E 1F 1A 18 7A 
ID: 43F, Data: 8B 48 60 FF 7C C4 10 0 
ID: 316, Data: 81 1E 78 E 1F 1A 18 7A 
ID: 316, Data: 81 1E 73 E 20 1A 17 7A 
ID: 153, Data: 80 0 0 FF 0 FF 0 0 
ID: 316, Data: 81 1E 5E E 20 1A 17 7A 
ID: 153, Data: 80 0 0 FF 0 FF 0 0 
ID: 316, Data: 81 1E 6B E 20 1A 16 7A 
ID: 153, Data: 80 0 0 FF 0 FF 0 0 
ID: 153, Data: 80 0 0 FF 0 FF 0 0 
ID: 316, Data: 81 1E 4E E 1F 1A 15 7A 
ID: 43F, Data: 8B 48 60 FF 7C A8 E 0 
ID: 316, Data: 81 1E B E 1F 1A 15 7A 
ID: 316, Data: 81 1E 6 E 1F 1A 14 7A 
ID: 260, Data: 8B 1E 20 30 5 FF 51 35 
ID: 153, Data: 80 0 0 FF 0 FF 0 0 
ID: 153, Data: 80 0 0 FF 0 FF 0 0 
ID: 316, Data: 81 1F 8F D 1F 1A 13 7A 
ID: 43F, Data: 83 48 60 FF 7C 40 D 0 
ID: 316, Data: 81 1F 43 D 20 1A 12 7A 
ID: 316, Data: 81 1F 33 D 20 1A 12 7A 
ID: 2A0, Data: 8E0 0 74 18 32 0 11 0 
ID: 316, Data: 81 1F FA C 20 1A 12 7A 
ID: 153, Data: 80 0 0 FF 0 FF 0 0 
ID: 316, Data: 81 20 AC C 20 1A 11 7A 
ID: 316, Data: 81 20 84 C 21 1B 11 7A 
ID: 545, Data: 8E4 29 0 8C 5F 0 5F 0 
ID: 43F, Data: 83 48 60 FF 7C 2C B 0 
ID: 153, Data: 80 0 0 FF 0 FF 0 0 
ID: 153, Data: 80 0 0 FF 0 FF 0 0 
ID: 316, Data: 81 21 B3 B 22 1A F 7A 
ID: 153, Data: 80 0 0 FF 0 FF 0 0 
ID: 316, Data: 81 21 4E B 23 1A F 7A 
ID: 153, Data: 80 0 0 FF 0 FF 0 0 
ID: 316, Data: 81 22 FA A 23 1A E 7A 
ID: 43F, Data: 83 48 60 FF 7C A8 9 0 
ID: 43F, Data: 83 48 60 FF 7C 7C 9 0 
ID: 440, Data: 8FE 63 D A0 FF AA AA AA 
ID: 316, Data: 81 24 73 A 25 19 D 7A 
ID: 316, Data: 81 24 38 A 25 19 D 7A 
ID: 316, Data: 81 24 32 A 25 19 C 7A 
ID: 153, Data: 80 0 0 FF 0 FF 0 0 
ID: 316, Data: 81 25 DC 9 26 19 C 7A 
ID: 153, Data: 80 0 0 FF 0 FF 0 0 
ID: 316, Data: 81 26 CC 9 26 19 B 7A 
ID: 440, Data: 8FE 63 B A0 FF AA AA AA 
ID: 153, Data: 80 0 0 FF 0 FF 0 0 
ID: 153, Data: 80 0 0 FF 0 FF 0 0 
ID: 545, Data: 8E4 25 0 8C F6 0 F6 0 
ID: 316, Data: 81 27 EF 9 25 19 A 7A 
ID: 260, Data: 8B 27 26 30 5 FF 5C 3A 
ID: 43F, Data: 8A 48 60 FF 7C 94 6 0 
ID: 316, Data: 81 27 EE 9 25 19 9 7A 
ID: 1F0, Data: 8C8 3F CD BF 0 0 0 0 
ID: 280, Data: 830 0 84 B0 14 1C 74 4F 
ID: 2A0, Data: 820 0 74 18 32 0 11 0 
ID: 153, Data: 80 0 0 FF 0 FF 0 0 
ID: 316, Data: 81 26 CB 9 26 19 8 7A 
ID: 153, Data: 80 0 0 FF 0 FF 0 0 
ID: 316, Data: 81 26 E0 9 25 19 7 7A 
ID: 153, Data: 80 0 0 FF 0 FF 0 0 
ID: 316, Data: 81 25 F9 9 25 19 7 7A 
ID: 153, Data: 80 0 0 FF 0 FF 0 0 
ID: 43F, Data: 82 48 60 FF 7C E8 6 0 
ID: 43F, Data: 82 48 60 FF 7C BC 6 0 
ID: 153, Data: 80 0 0 FF 0 FF 0 0 
ID: 316, Data: 81 25 DC 9 25 19 6 7A 
ID: 316, Data: 81 25 E4 9 25 19 6 7A 
ID: 153, Data: 80 0 0 FF 0 FF 0 0 
ID: 545, Data: 8E4 23 0 8C D6 0 D6 0 
ID: 1F0, Data: 8C6 3F CD BF 0 0 0 0 
ID: 280, Data: 830 0 84 B0 13 1B 74 4E 
ID: 280, Data: 830 0 84 B0 14 1B 74 4E 
ID: 153, Data: 80 0 0 FF 0 FF 0 0 
ID: 329, Data: 8ED B0 80 8 12 2B 0 26 
ID: 316, Data: 81 25 1D A 24 19 4 7A 
ID: 260, Data: 8B 25 25 30 5 FF 68 3 
ID: 43F, Data: 82 48 60 FF 7B 60 4 0 
ID: 43F, Data: 82 48 60 FF 7C 40 4 0 
ID: 43F, Data: 82 48 60 FF 7C 24 4 0 
ID: 440, Data: 8CE 22 3 A0 FF AA AA AA 
ID: 370, Data: 8FF E1 F0 FF FF FF FF FF 
ID: 153, Data: 80 0 0 FF 0 FF 0 0 
ID: 18F, Data: 8AA 36 0 0 0 0 0 0 
ID: 316, Data: 81 25 1D A 25 19 3 7A 
ID: 153, Data: 80 0 0 FF 0 FF 0 0 
ID: 316, Data: 81 25 20 A 25 19 3 7A 
ID: 370, Data: 8FF E1 F0 FF FF FF FF FF 
ID: 316, Data: 81 25 35 A 24 19 3 7A 
ID: 316, Data: 81 25 26 A 25 19 3 7A 
ID: 153, Data: 80 0 0 FF 0 FF 0 0 
ID: 316, Data: 81 25 3A A 25 19 3 7A 
ID: 316, Data: 81 25 39 A 24 19 3 7A 
ID: 316, Data: 81 25 3C A 25 19 2 7A 
ID: 545, Data: 8E4 22 0 88 D1 0 D1 0 
ID: A1, Data: 883 7E 83 7E 25 0 0 0 
ID: 316, Data: 81 25 24 A 25 19 2 7A 
ID: 153, Data: 80 0 0 FF 0 FF 0 0 
ID: 153, Data: 80 0 0 FF 0 FF 0 0 
ID: 316, Data: 81 25 25 A 25 19 2 7A 
ID: 370, Data: 8FF E1 F0 FF FF FF FF FF 
ID: 316, Data: 81 25 2E A 2E 22 2 7A 
ID: 545, Data: 8E4 23 0 89 3D 0 3D 0 
ID: A1, Data: 883 82 83 82 25 0 0 0 
ID: 316, Data: 81 27 2D A 2E 22 2 7A 
ID: 153, Data: 80 0 0 FF 0 FF 0 0 
ID: 316, Data: 81 28 5A A 2D 22 1 7A 
ID: 153, Data: 80 0 0 FF 0 FF 0 0 
ID: 316, Data: 81 29 94 A 2D 22 1 7A 
ID: 153, Data: 80 0 0 FF 0 FF 0 0 
ID: 153, Data: 80 0 0 FF 0 FF 0 0 
ID: 43F, Data: 89 48 60 FF 7C 50 1 0 
ID: 5F0, Data: 20 0 
ID: 43F, Data: 89 48 60 FF 7C 28 1 0 
ID: 43F, Data: 89 48 60 FF 7B 20 1 0 
ID: 370, Data: 8FF E1 F0 FF FF FF FF FF 
ID: 370, Data: 8FF E1 F0 FF FF FF FF FF 
ID: 153, Data: 80 0 0 FF 0 FF 0 0 
ID: 316, Data: 841 2C 5 A 2D 21 1 7A 
ID: 153, Data: 80 0 0 FF 0 FF 0 0 
ID: 316, Data: 841 2C 13 A 2D 21 1 7A 
ID: 316, Data: 841 2C 17 A 2D 21 1 7A 
ID: 153, Data: 80 0 0 FF 0 FF 0 0 
ID: 153, Data: 80 0 0 FF 0 FF 0 0 
ID: 18F, Data: 8AA 38 0 0 0 0 0 0 
ID: 316, Data: 841 2C 67 A 2C 21 0 7A 
ID: 1F0, Data: 8C5 3F CD BF 0 0 0 0 
ID: 280, Data: 830 0 84 B0 14 1F 74 57 
ID: 260, Data: 8B 2C 2C 30 5 FF 6E F 
ID: 153, Data: 80 0 0 FF 0 FF 0 0 
ID: 316, Data: 841 2C 81 A 2C 22 0 7A 
ID: 153, Data: 80 0 0 FF 0 FF 0 0 
ID: 316, Data: 841 2B 7A A 2C 22 0 7A 
ID: 43F, Data: 89 48 60 FF 7B 0 0 0 
ID: 329, Data: 8ED B0 80 8 12 2C 0 26 
ID: 440, Data: 8AE 82 0 A0 FF AA AA AA 
ID: 153, Data: 80 0 0 FF 0 FF 0 0 
ID: 316, Data: 841 2B 4F A 2C 22 0 7A 
ID: 316, Data: 841 2B 48 A 2C 22 0 7A 
ID: 1F0, Data: 8C5 3F CD BF 0 0 0 0 
ID: A1, Data: 880 83 80 82 29 0 0 0 
ID: 5F0, Data: 20 0 
ID: 316, Data: 841 2B 3A A 2C 22 0 7A 
ID: 43F, Data: 81 48 60 FF 7C 0 0 0 
ID: 43F, Data: 81 48 60 FF 7B 0 0 0 
ID: 43F, Data: 81 48 60 FF 7B 0 0 0 
ID: 43F, Data: 81 48 60 FF 7B 0 0 0 
ID: 316, Data: 841 2B 6C A 2C 22 0 7A 
ID: 316, Data: 841 2B 67 A 2C 22 0 7A 
ID: A1, Data: 87E 83 7E 82 29 0 0 0 
ID: 153, Data: 80 0 0 FF 0 FF 0 0 
ID: 440, Data: 8AE 31 0 A0 FF AA AA AA 
ID: 153, Data: 80 0 0 FF 0 FF 0 0 
ID: 1F0, Data: 8C5 3F CD BF 0 0 0 0 
ID: 5F0, Data: 20 0 
ID: 316, Data: 841 2B 10 A 2C 22 0 7A 
ID: 440, Data: 8AD 91 0 A0 FF AA AA AA 
ID: 316, Data: 841 2B 1F A 2C 21 0 7A 
ID: 5F0, Data: 20 0 
ID: 316, Data: 841 2B 1C A 2C 21 0 7A 
ID: 43F, Data: 81 48 60 FF 7B 0 0 0 
ID: 329, Data: 8ED B0 80 8 12 2C 0 26 
ID: 370, Data: 8FF E1 F0 FF FF FF FF FF 
ID: 316, Data: 841 2B 30 A 2C 21 0 7A 
ID: 316, Data: 841 2B 3E A 2C 21 0 7A 
ID: 43F, Data: 81 48 60 FF 7B 0 0 0 
ID: 43F, Data: 81 48 60 FF 7B 0 0 0 
ID: 153, Data: 80 0 0 FF 0 FF 0 0 
ID: 316, Data: 841 2B 5A A 2C 22 0 7A 
ID: 153, Data: 80 0 0 FF 0 FF 0 0 
ID: 316, Data: 841 2B 58 A 2C 22 0 7A 
ID: 316, Data: 841 2B 4D A 2C 22 0 7A 
ID: 316, Data: 841 2B 49 A 2C 22 0 7A 
ID: 1F0, Data: 8C5 3F CD BF 0 0 0 0 
ID: 153, Data: 80 0 0 FF 0 FF 0 0 
ID: 43F, Data: 81 48 60 FF 7B 0 0 0 
ID: 153, Data: 80 0 0 FF 0 FF 0 0 
ID: 5F0, Data: 20 0 
ID: 153, Data: 80 0 0 FF 0 FF 0 0 
ID: 43F, Data: 81 48 60 FF 7B 0 0 0 
ID: 545, Data: 8E4 29 0 89 A2 0 A2 0 
ID: 2A0, Data: 880 0 74 18 32 0 11 0 
ID: 1F0, Data: 8C5 3F CD BF 0 0 0 0 
ID: 153, Data: 80 0 0 FF 0 FF 0 0 
ID: 316, Data: 841 2B 44 A 2C 22 0 7A 
ID: 153, Data: 80 0 0 FF 0 FF 0 0 
ID: 153, Data: 80 0 0 FF 0 FF 0 0 
ID: 43F, Data: 81 48 60 FF 7C 0 0 0 
ID: 43F, Data: 81 48 60 FF 7C 0 0 0 
ID: 5F0, Data: 20 0 
ID: 153, Data: 80 0 0 FF 0 FF 0 0 
ID: 1F0, Data: 8C5 3F CD BF 0 0 0 0 
ID: 260, Data: 8B 2B 2C 30 5 FF 6E 1F 
ID: 153, Data: 80 0 0 FF 0 FF 0 0 
ID: 153, Data: 80 0 0 FF 0 FF 0 0 
ID: 43F, Data: 81 48 60 FF 7B 0 0 0 
ID: 545, Data: 8E4 28 0 8A 9B 0 9B 0 
ID: 545, Data: 8E4 28 0 89 9B 0 9B 0 
ID: A1, Data: 883 83 83 82 29 0 0 0 
ID: 153, Data: 80 0 0 FF 0 FF 0 0 
ID: 316, Data: 841 2A 30 A 2C 22 0 7A 
ID: 370, Data: 8FF E1 F0 FF FF FF FF FF 
ID: 153, Data: 80 0 0 FF 0 FF 0 0 
ID: 43F, Data: 81 48 60 FF 7B 0 0 0 
ID: 2A0, Data: 840 0 74 18 32 0 11 0 
ID: 2A0, Data: 8E0 0 74 18 32 0 11 0 
ID: 153, Data: 80 0 0 FF 0 FF 0 0 
ID: 153, Data: 80 0 0 FF 0 FF 0 0 
ID: 153, Data: 80 0 0 FF 0 FF 0 0 
ID: 2A0, Data: 8E0 0 74 18 32 0 11 0 
ID: 316, Data: 841 2A 4D A 2C 22 0 7A 
ID: 545, Data: 8E4 27 0 87 97 0 97 0 
ID: 43F, Data: 81 48 60 FF 7B 0 0 0 
ID: 43F, Data: 81 48 60 FF 7B 0 0 0 
ID: 153, Data: 80 0 0 FF 0 FF 0 0 
ID: 316, Data: 841 2A 32 A 2C 22 0 7A 
ID: 153, Data: 80 0 0 FF 0 FF 0 0 
ID: 316, Data: 841 2A 2D A 2C 22 0 7A 
ID: 316, Data: 841 2A 2A A 2C 22 0 7A 
ID: 316, Data: 841 2A 23 A 2C 22 0 7A 
ID: 43F, Data: 81 48 60 FF 7B 0 0 0 
ID: 153, Data: 80 0 0 FF 0 FF 0 0 
ID: 43F, Data: 81 48 60 FF 7B 0 0 0 
ID: 153, Data: 80 0 0 FF 0 FF 0 0 
ID: 153, Data: 80 0 0 FF 0 FF 0 0 
ID: 153, Data: 80 0 0 FF 0 FF 0 0 
ID: 260, Data: 8B 2B 2C 30 5 FF 6F 1E 
ID: 316, Data: 841 2A 54 A 2B 22 0 7A 
ID: A1, Data: 880 83 80 82 29 0 0 0 
ID: 153, Data: 80 0 0 FF 0 FF 0 0 
ID: 440, Data: 8AE E1 0 A0 FF AA AA AA 
ID: 43F, Data: 81 48 60 FF 7B 0 0 0 
ID: 440, Data: 8AE E1 0 A0 FF AA AA AA 
ID: 43F, Data: 81 48 60 FF 7B 0 0 0 
ID: A0, Data: 840 7D 13 A 0 25 2 0 
ID: 1F1, Data: 80 9C 0 0 0 0 0 0 
ID: 440, Data: 8AD E1 0 A0 FF AA AA AA 
ID: 280, Data: 830 0 84 B1 14 1E 74 56 
ID: 43F, Data: 81 48 60 FF 7B 0 0 0 
ID: 316, Data: 841 2B 15 A 2C 21 0 7A 
ID: 329, Data: 8ED B1 80 8 12 2C 0 26 
ID: 153, Data: 80 0 0 FF 0 FF 0 0 
ID: 316, Data: 841 2B 2E A 2C 21 0 7A 
ID: 153, Data: 80 0 0 FF 0 FF 0 0 
ID: 316, Data: 841 2B 38 A 2C 21 0 7A 
ID: 316, Data: 841 2B 4B A 2C 22 0 7A 
ID: 1F1, Data: 80 9C 0 0 0 0 0 0 
ID: A1, Data: 87E 83 7E 82 29 0 0 0 
ID: 316, Data: 841 2A 3A A 2C 22 0 7A 
ID: 316, Data: 841 2A 35 A 2C 22 0 7A 
ID: 18F, Data: 8AA 48 0 0 0 0 0 0 
ID: 153, Data: 80 0 0 FF 0 FF 0 0 
ID: 316, Data: 841 2A 20 A 2C 21 0 7A 
ID: A0, Data: 83F 7D 20 A 0 25 2 0 
ID: 370, Data: 8FF E1 F0 FF FF FF FF FF 
ID: 153, Data: 80 0 0 FF 0 FF 0 0 
ID: 316, Data: 841 2B 1 A 2C 21 0 7A 
ID: 43F, Data: 81 48 60 FF 7B 0 0 0 
ID: 329, Data: 8B B1 80 8 12 2C 0 26 
ID: 43F, Data: 81 48 60 FF 7A 0 0 0 
ID: 370, Data: 8FF E1 F0 FF FF FF FF FF 
ID: 43F, Data: 81 48 60 FF 7B 0 0 0 
ID: 316, Data: 841 2B 25 A 2C 21 0 7A 
ID: 316, Data: 841 2B 29 A 2C 21 0 7A 
ID: 43F, Data: 81 48 60 FF 7A 0 0 0 
ID: 316, Data: 841 2B 49 A 2B 22 0 7A 
ID: 5F0, Data: 20 0 
ID: 316, Data: 841 2B 5F A 2B 22 0 7A 
ID: 370, Data: 8FF E1 F0 FF FF FF FF FF 
ID: 18F, Data: 8AA 48 0 0 0 0 0 0 
ID: 316, Data: 841 2A 55 A 2B 22 0 7A 
ID: 316, Data: 841 2A 4C A 2B 22 0 7A 
ID: 316, Data: 841 2A 4B A 2B 22 0 7A 
ID: 43F, Data: 81 48 60 FF 7B 0 0 0 
ID: 43F, Data: 81 48 60 FF 7B 0 0 0 
ID: 153, Data: 80 0 0 FF 0 FF 0 0 
ID: 316, Data: 841 2A 3E A 2C 22 0 7A 
ID: 153, Data: 80 0 0 FF 0 FF 0 0 
ID: 153, Data: 80 0 0 FF 0 FF 0 0 
ID: 316, Data: 841 2A 32 A 2C 22 0 7A 
ID: 153, Data: 80 0 0 FF 0 FF 0 0 
ID: 316, Data: 841 2A 40 A 2C 22 0 7A 
ID: 43F, Data: 81 48 60 FF 7B 0 0 0 
ID: 316, Data: 841 2A 53 A 2B 22 0 7A 
ID: 316, Data: 841 2A 54 A 2B 22 0 7A 
ID: A1, Data: 883 83 83 82 29 0 0 0 
ID: 316, Data: 841 2A 55 A 2B 22 0 7A 
ID: 316, Data: 841 2A 53 A 2B 22 0 7A 
ID: 316, Data: 841 2A 4C A 2B 22 0 7A 
ID: 153, Data: 80 0 0 FF 0 FF 0 0 
ID: 153, Data: 80 0 0 FF 0 FF 0 0 
ID: 43F, Data: 81 48 60 FF 7C 0 0 0 
ID: A0, Data: 83F 7D 23 A 0 25 2 0 
ID: 18F, Data: 8AA 49 0 0 0 0 0 0 
ID: 2A0, Data: 880 0 74 18 32 0 11 0 
ID: 316, Data: 841 2A 13 A 2C 21 0 7A 
ID: 18F, Data: 8AA 49 0 0 0 0 0 0 
ID: 153, Data: 80 0 0 FF 0 FF 0 0 
ID: 43F, Data: 81 48 60 FF 7A 0 0 0 
ID: 2A0, Data: 820 0 74 18 32 0 11 0 
ID: 280, Data: 830 0 84 B1 14 1E 74 57 
ID: 153, Data: 80 0 0 FF 0 FF 0 0 
ID: 1F0, Data: 8C5 3F CD BF 0 0 0 0 
ID: 316, Data: 841 2A 48 A 2B 22 0 7A 
ID: 5F0, Data: 20 0 
ID: 316, Data: 841 2A 4C A 2B 22 0 7A 
ID: 43F, Data: 81 48 60 FF 7B 0 0 0 
ID: 2A0, Data: 880 0 74 18 32 0 11 0 
ID: 43F, Data: 81 48 60 FF 7B 0 0 0 
ID: 153, Data: 80 0 0 FF 0 FF 0 0 
ID: 316, Data: 841 2A 31 A 2C 21 0 7A 
ID: 43F, Data: 81 48 60 FF 7B 0 0 0 
ID: 370, Data: 8FF E1 F0 FF FF FF FF FF 
ID: 43F, Data: 81 48 60 FF 7B 0 0 0 
ID: A1, Data: 880 83 81 82 29 0 0 0 
ID: 1F0, Data: 8C5 3F CD BF 0 0 0 0 
ID: 153, Data: 80 0 0 FF 0 FF 0 0 
ID: 316, Data: 841 2A 2C A 2C 21 0 7A 
ID: 43F, Data: 81 48 60 FF 7B 0 0 0 
ID: 153, Data: 80 0 0 FF 0 FF 0 0 
ID: 440, Data: 8AE 31 0 A0 FF AA AA AA 
ID: 43F, Data: 81 48 60 FF 7A 0 0 0 
ID: 316, Data: 841 2A 4C A 2B 22 0 7A 
ID: 370, Data: 8FF E1 F0 FF FF FF FF FF 
ID: 2A0, Data: 8E0 0 74 18 32 0 11 0 
ID: 316, Data: 841 2A 49 A 2B 22 0 7A 
ID: 545, Data: 8E4 27 0 87 98 0 98 0 
ID: 43F, Data: 81 48 60 FF 7A 0 0 0 
ID: 43F, Data: 81 48 60 FF 7A 0 0 0 
ID: 153, Data: 80 0 0 FF 0 FF 0 0 
ID: 316, Data: 841 2A 1F A 2C 21 0 7A 
ID: 153, Data: 80 0 0 FF 0 FF 0 0 
ID: 316, Data: 841 2A F A 24 18 0 7A 
ID: 316, Data: 841 2A 1F A 24 18 0 7A 
ID: 153, Data: 80 0 0 FF 0 FF 0 0 
ID: 260, Data: 8B 2A 25 30 5 FF 74 1 
ID: 316, Data: 841 29 E A 25 18 0 7A 
ID: 260, Data: 8B 29 25 30 5 FF 75 2F 
ID: 153, Data: 80 0 0 FF 0 FF 0 0 
ID: 153, Data: 80 0 0 FF 0 FF 0 0 
ID: 316, Data: 841 27 1B A 25 19 0 7A 
ID: A1, Data: 880 7E 80 7E 27 0 0 0 
ID: 316, Data: 81 27 3 A 25 19 0 7A 
ID: 153, Data: 80 0 0 FF 0 FF 0 0 
ID: 316, Data: 81 26 8F A 23 19 0 7A 
ID: 153, Data: 80 0 0 FF 0 FF 0 0 
ID: 43F, Data: 81 48 60 FF 7C 0 0 0 
ID: 5F0, Data: 20 0 
ID: 153, Data: 80 0 0 FF 0 FF 0 0 
ID: 43F, Data: 81 48 60 FF 7B 0 0 0 
ID: A1, Data: 885 7E 80 7E 25 0 0 0 
ID: 153, Data: 80 0 0 FF 0 FF 0 0 
ID: 153, Data: 80 0 0 FF 0 FF 0 0 
ID: 153, Data: 80 0 0 FF 0 FF 0 0 
ID: 440, Data: 8A6 41 0 A0 FF AA AA AA 
ID: 43F, Data: 81 48 60 FF 7B 0 0 0 
ID: A0, Data: 835 7D 71 A 0 23 2 0 
ID: A1, Data: 886 7E 80 7E 24 0 0 0 
ID: 18F, Data: 8AA 49 0 0 0 0 0 0 
ID: A1, Data: 886 7E 80 7E 24 0 0 0 
ID: 329, Data: 884 B1 80 8 12 2B 0 26 
ID: 545, Data: 8E4 21 0 8B 9E 0 9E 0 
ID: 153, Data: 80 0 0 FF 0 FF 0 0 
ID: 43F, Data: 81 48 60 FF 7C 0 0 0 
ID: 153, Data: 80 0 0 FF 0 FF 0 0 
ID: 316, Data: 81 22 3D A 24 19 0 7A 
ID: 260, Data: 8B 22 24 30 5 FF 6F 1F 
ID: 153, Data: 80 0 0 FF 0 FF 0 0 
ID: 316, Data: 81 22 24 A 24 19 0 7A 
ID: 153, Data: 80 0 0 FF 0 FF 0 0 
ID: 316, Data: 81 22 B A 24 19 0 7A 
ID: 153, Data: 80 0 0 FF 0 FF 0 0 
ID: 43F, Data: 81 48 60 FF 7B 0 0 0 
ID: 153, Data: 80 0 0 FF 0 FF 0 0 
ID: 153, Data: 80 0 0 FF 0 FF 0 0 
ID: A1, Data: 886 7E 80 7E 24 0 0 0 
ID: 329, Data: 884 B1 80 8 12 2B 0 26 
ID: 2A0, Data: 880 0 74 18 32 0 11 0 
ID: 153, Data: 80 0 0 FF 0 FF 0 0 
ID: 153, Data: 80 0 0 FF 0 FF 0 0 
ID: 153, Data: 80 0 0 FF 0 FF 0 0 
ID: 18F, Data: 8AA 47 0 0 0 0 0 0 
ID: 316, Data: 81 23 24 A 24 19 0 7A 
ID: 316, Data: 81 23 2E A 24 19 0 7A 
ID: 316, Data: 81 23 31 A 24 19 0 7A 
ID: 18F, Data: 8AA 47 0 0 0 0 0 0 
ID: 153, Data: 80 0 0 FF 0 FF 0 0 
ID: 440, Data: 8A6 91 0 A0 FF AA AA AA 
ID: 316, Data: 81 23 31 A 24 19 0 7A 
ID: 43F, Data: 81 48 60 FF 7C 0 0 0 
ID: 153, Data: 80 0 0 FF 0 FF 0 0 
ID: 153, Data: 80 0 0 FF 0 FF 0 0 
ID: 153, Data: 80 0 0 FF 0 FF 0 0 
ID: A1, Data: 884 7E 88 7E 24 0 0 0 
ID: 329, Data: 884 B1 80 8 12 2B 0 26 
ID: 545, Data: 8E4 22 0 8A AE 0 AE 0 
ID: 5F0, Data: 20 0 
ID: 1F1, Data: 80 9C 0 0 0 0 0 0 
ID: 43F, Data: 81 48 60 FF 7A 0 0 0 
ID: A0, Data: 837 7E 2C A 0 23 2 0 
ID: A1, Data: 884 7E 88 7E 24 0 0 0 
ID: 18F, Data: 8AA 46 0 0 0 0 0 0 
ID: 260, Data: 8B 23 23 30 5 FF 6E 3E 
ID: 280, Data: 830 0 84 B2 14 1A 74 4D 
ID: 153, Data: 80 0 0 FF 0 FF 0 0 
ID: 316, Data: 81 23 66 A 23 19 0 7A 
ID: 1F1, Data: 80 9C 0 0 0 0 0 0 
ID: 153, Data: 80 0 0 FF 0 FF 0 0 
ID: 43F, Data: 81 48 60 FF 7C 0 0 0 
ID: 18F, Data: 8AA 45 0 0 0 0 0 0 
ID: 43F, Data: 81 48 60 FF 7B 0 0 0 
ID: 2A0, Data: 880 0 74 18 32 0 11 0 
ID: 1F0, Data: 8C5 3F CD BF 0 0 0 0 
ID: 153, Data: 80 0 0 FF 0 FF 0 0 
ID: 153, Data: 80 0 0 FF 0 FF 0 0 
ID: A0, Data: 838 7E 26 A 0 23 2 0 
ID: 316, Data: 81 23 2A A 24 19 0 7A 
ID: 316, Data: 81 23 30 A 23 19 0 7A 
ID: 2A0, Data: 8E0 0 74 18 32 0 11 0 
ID: A0, Data: 837 7E 44 A 0 23 2 0 
ID: 1F1, Data: 80 9C 0 0 0 0 0 0 
ID: 153, Data: 80 0 0 FF 0 FF 0 0 
ID: 545, Data: 8E4 21 0 8C AD 0 AD 0 
ID: 43F, Data: 81 48 60 FF 7C 0 0 0 
ID: 370, Data: 8FF E1 F0 FF FF FF FF FF 
ID: 260, Data: 8B 23 24 30 5 FF 70 2B 
ID: 153, Data: 80 0 0 FF 0 FF 0 0 
ID: 280, Data: 830 0 84 B2 14 1A 74 4D 
ID: 1F1, Data: 80 9C 0 0 0 0 0 0 
ID: 1F0, Data: 8C5 3F CD BF 0 0 0 0 
ID: 316, Data: 81 23 31 A 23 19 0 7A 
ID: 153, Data: 80 0 0 FF 0 FF 0 0 
ID: 2A0, Data: 840 0 74 18 32 0 11 0 
ID: 329, Data: 8ED B2 80 8 12 2B 0 26 
ID: A0, Data: 837 7E 34 A 0 23 2 0 
ID: 153, Data: 80 0 0 FF 0 FF 0 0 
ID: 43F, Data: 81 48 60 FF 7C 0 0 0 
ID: A1, Data: 886 7E 88 7E 24 0 0 0 
ID: 43F, Data: 81 48 60 FF 7B 0 0 0 
ID: 43F, Data: 81 48 60 FF 7C 0 0 0 
ID: 153, Data: 80 0 0 FF 0 FF 0 0 
ID: 5F0, Data: 20 0 
ID: A0, Data: 836 7E 6C A 0 23 2 0 
ID: A0, Data: 836 7E 6C A 0 23 2 0 
ID: 2A0, Data: 880 0 75 18 32 0 11 0 
ID: 280, Data: 830 0 84 B2 14 1A 75 4D 
ID: A1, Data: 888 7E 86 7E 24 0 0 0 
ID: 153, Data: 80 0 0 FF 0 FF 0 0 
ID: 316, Data: 81 23 48 A 23 19 0 7A 
ID: 153, Data: 80 0 0 FF 0 FF 0 0 
ID: 316, Data: 81 23 3E A 23 19 0 7A 
ID: 440, Data: 8A6 91 0 A0 FF AA AA AA 
ID: 153, Data: 80 0 0 FF 0 FF 0 0 
ID: A0, Data: 836 7E 50 A 0 23 2 0 
ID: 316, Data: 81 23 60 A 23 19 0 7A 
ID: 316, Data: 81 23 5E A 23 19 0 7A 
ID: 2A0, Data: 820 0 74 18 32 0 11 0 
ID: 370, Data: 8FF E1 F0 FF FF FF FF FF 
ID: 316, Data: 81 23 69 A 22 19 0 7A 
ID: 545, Data: 8E4 22 0 8D B0 0 B0 0 
ID: A1, Data: 886 7E 84 7E 25 0 0 0 
ID: 153, Data: 80 0 0 FF 0 FF 0 0 
ID: 153, Data: 80 0 0 FF 0 FF 0 0 
ID: 153, Data: 80 0 0 FF 0 FF 0 0 
ID: 370, Data: 8FF E1 F0 FF FF FF FF FF 
ID: 316, Data: 81 23 30 A 23 19 0 7A 
ID: 153, Data: 80 0 0 FF 0 FF 0 0 
ID: 316, Data: 81 23 29 A 23 19 0 7A 
ID: 153, Data: 80 0 0 FF 0 FF 0 0 
ID: 43F, Data: 81 48 60 FF 7C 0 0 0 
ID: 43F, Data: 81 48 60 FF 7C 0 0 0 
ID: 153, Data: 80 0 0 FF 0 FF 0 0 
ID: 316, Data: 81 23 38 A 23 19 0 7A 
ID: 153, Data: 80 0 0 FF 0 FF 0 0 
ID: 153, Data: 80 0 0 FF 0 FF 0 0 
ID: 440, Data: 8A6 41 0 A0 FF AA AA AA 
ID: 260, Data: 8B 23 23 30 5 FF 70 2C 
ID: 316, Data: 81 23 48 A 23 19 0 7A 
ID: 316, Data: 81 23 5A A 23 19 0 7A 
ID: 545, Data: 8E4 21 0 8C AA 0 AA 0 
ID: 153, Data: 80 0 0 FF 0 FF 0 0 
ID: 153, Data: 80 0 0 FF 0 FF 0 0 
ID: A1, Data: 884 7E 82 7E 24 0 0 0 
ID: 370, Data: 8FF E1 F0 FF FF FF FF FF 
ID: 2A0, Data: 8E0 0 75 18 32 0 11 0 
ID: 316, Data: 81 22 29 A 23 19 0 7A 
ID: 316, Data: 81 22 23 A 23 19 0 7A 
ID: 2A0, Data: 8E0 0 75 18 32 0 11 0 
ID: 5F0, Data: 20 0 
ID: 153, Data: 80 0 0 FF 0 FF 0 0 
ID: 43F, Data: 81 48 60 FF 7C 0 0 0 
ID: A0, Data: 835 7E 18 A 0 23 2 0 
ID: 153, Data: 80 0 0 FF 0 FF 0 0 
ID: 2A0, Data: 8E0 0 75 18 32 0 11 0 
ID: 329, Data: 8ED B2 80 8 12 2B 0 26 
ID: 260, Data: 8B 23 24 30 5 FF 76 16 
ID: 5F0, Data: 20 0 
ID: 316, Data: 81 22 38 A 23 19 0 7A 
ID: 316, Data: 81 22 38 A 23 19 0 7A 
ID: 316, Data: 81 22 41 A 23 19 0 7A 
ID: 260, Data: 8B 23 23 30 5 FF 71 1C 
ID: 43F, Data: 81 48 60 FF 7C 0 0 0 
ID: 153, Data: 80 0 0 FF 0 FF 0 0 
ID: 316, Data: 81 22 28 A 23 19 0 7A 
ID: 153, Data: 80 0 0 FF 0 FF 0 0 
ID: 43F, Data: 81 48 60 FF 7C 0 0 0 
ID: 153, Data: 80 0 0 FF 0 FF 0 0 
ID: 153, Data: 80 0 0 FF 0 FF 0 0 
ID: 153, Data: 80 0 0 FF 0 FF 0 0 
ID: 18F, Data: 8AA 41 0 0 0 0 0 0 
ID: 316, Data: 81 22 E5 9 24 19 0 7A 
ID: 1F0, Data: 8C5 3F CD BF 0 0 0 0 
ID: 316, Data: 81 22 F7 9 24 19 0 7A 
ID: 316, Data: 81 22 F7 9 24 19 0 7A 
ID: 260, Data: 8B 23 24 30 5 FF 76 34 
ID: 43F, Data: 81 48 60 FF 7C 0 0 0 
ID: 153, Data: 80 0 0 FF 0 FF 0 0 
ID: 316, Data: 81 22 3C A 23 19 0 7A 
ID: 153, Data: 80 0 0 FF 0 FF 0 0 
ID: 153, Data: 80 0 0 FF 0 FF 0 0 
ID: 316, Data: 81 22 35 A 23 19 0 7A 
ID: 440, Data: 8A6 31 0 A0 FF AA AA AA 
ID: 316, Data: 81 22 31 A 23 19 0 7A 
ID: 316, Data: 81 22 38 A 23 19 0 7A 
ID: 260, Data: 8B 23 23 30 5 FF 70 2C 
ID: 153, Data: 80 0 0 FF 0 FF 0 0 
ID: 153, Data: 80 0 0 FF 0 FF 0 0 
ID: 316, Data: 81 23 3E A 23 19 0 7A 
ID: 43F, Data: 81 48 60 FF 7C 0 0 0 
ID: 316, Data: 81 23 41 A 23 19 0 7A 
ID: 1F0, Data: 8C5 3F CD BF 0 0 0 0 
ID: 153, Data: 80 0 0 FF 0 FF 0 0 
ID: 316, Data: 81 23 3D A 23 19 0 7A 
ID: 43F, Data: 81 48 60 FF 7C 0 0 0 
ID: 43F, Data: 81 48 60 FF 7C 0 0 0 
ID: 43F, Data: 81 48 60 FF 7C 0 0 0 
ID: 153, Data: 80 0 0 FF 0 FF 0 0 
ID: 316, Data: 81 23 5A A 23 19 0 7A 
ID: 153, Data: 80 0 0 FF 0 FF 0 0 
ID: 316, Data: 81 22 42 A 23 19 0 7A 
ID: 316, Data: 81 22 51 A 23 19 0 7A 
ID: 316, Data: 81 22 50 A 23 19 0 7A 
ID: 2A0, Data: 820 0 75 18 32 0 11 0 
ID: 153, Data: 80 0 0 FF 0 FF 0 0 
ID: 316, Data: 81 23 4B A 23 19 0 7A 
ID: 153, Data: 80 0 0 FF 0 FF 0 0 
ID: 316, Data: 81 22 45 A 23 19 0 7A 
ID: 370, Data: 8FF E1 F0 FF FF FF FF FF 
ID: 153, Data: 80 0 0 FF 0 FF 0 0 
ID: 280, Data: 830 0 84 B2 14 1A 75 4D 
ID: 316, Data: 81 23 3E A 23 19 0 7A 
ID: 43F, Data: 81 48 60 FF 7C 0 0 0 
ID: 153, Data: 80 0 0 FF 0 FF 0 0 
ID: 153, Data: 80 0 0 FF 0 FF 0 0 
ID: 153, Data: 80 0 0 FF 0 FF 0 0 
ID: 260, Data: 8B 23 23 30 5 FF 71 3A 
ID: 316, Data: 81 22 2D A 23 19 0 7A 
ID: 43F, Data: 81 48 60 FF 7C 0 0 0 
ID: 43F, Data: 81 48 60 FF 7C 0 0 0 
ID: 43F, Data: 81 48 60 FF 7C 0 0 0 
ID: 43F, Data: 81 48 60 FF 7C 0 0 0 
ID: 43F, Data: 81 48 60 FF 7C 0 0 0 
ID: 43F, Data: 81 48 60 FF 7C 0 0 0 
ID: 316, Data: 81 22 32 A 23 19 0 7A 
ID: 316, Data: 81 22 17 A 23 19 0 7A 
ID: 316, Data: 81 22 F A 23 19 0 7A 
ID: A0, Data: 836 7E 17 A 0 23 2 0 
ID: 43F, Data: 81 48 60 FF 7C 0 0 0 
ID: 260, Data: 8B 23 24 30 5 FF 73 19 
ID: A1, Data: 886 7E 82 7E 24 0 0 0 
ID: 153, Data: 80 0 0 FF 0 FF 0 0 
ID: 316, Data: 81 23 F9 9 23 19 0 7A 
ID: 153, Data: 80 0 0 FF 0 FF 0 0 
ID: 316, Data: 81 23 18 A 23 19 0 7A 
ID: 153, Data: 80 0 0 FF 0 FF 0 0 
ID: 153, Data: 80 0 0 FF 0 FF 0 0 
ID: 370, Data: 8FF E1 F0 FF FF FF FF FF 
ID: 18F, Data: 8AA 40 0 0 0 0 0 0 
ID: 316, Data: 81 24 47 A 2D 22 0 7A 
ID: 153, Data: 80 0 0 FF 0 FF 0 0 
ID: 43F, Data: 81 48 60 FF 7C 0 0 0 
ID: 153, Data: 80 0 0 FF 0 FF 0 0 
ID: 153, Data: 80 0 0 FF 0 FF 0 0 
ID: 153, Data: 80 0 0 FF 0 FF 0 0 
ID: 545, Data: 8E4 27 0 8A 5D 0 5D 0 
ID: 316, Data: 81 28 96 A 2C 22 0 7A 
ID: 18F, Data: 8AA 40 0 0 0 0 0 0 
ID: 43F, Data: 81 48 60 FF 7C 0 0 0 
ID: 260, Data: 8B 28 2B 30 5 FF 69 18 
ID: A0, Data: 83F 7E C3 A 0 25 2 0 
ID: 43F, Data: 81 48 60 FF 7C 0 0 0 
ID: 153, Data: 80 0 0 FF 0 FF 0 0 
ID: 43F, Data: 81 48 60 FF 7C 0 0 0 
ID: 153, Data: 80 0 0 FF 0 FF 0 0 
ID: A1, Data: 883 83 85 82 29 0 0 0 
ID: 545, Data: 8E4 29 0 8B A3 0 A3 0 
ID: A1, Data: 883 83 85 82 29 0 0 0 
ID: 316, Data: 841 2B 40 A 2C 21 0 7A 
ID: 440, Data: 8AD 31 0 A0 FF AA AA AA 
ID: 316, Data: 841 2B 6D A 2B 21 0 7A 
ID: 153, Data: 80 0 0 FF 0 FF 0 0 
ID: 153, Data: 80 0 0 FF 0 FF 0 0 
ID: 316, Data: 841 2A 6E A 2B 21 0 7A 
ID: 545, Data: 8E4 29 0 89 97 0 97 0 
ID: 5F0, Data: 20 0 
ID: 316, Data: 841 2A 63 A 2B 21 0 7A 
ID: 316, Data: 841 2A 5F A 2B 21 0 7A 
ID: 316, Data: 841 2A 63 A 2B 22 0 7A 
ID: A1, Data: 883 83 86 82 29 0 0 0 
ID: 316, Data: 841 2A 5E A 2B 22 0 7A 
ID: 440, Data: 8AE E1 0 A0 FF AA AA AA 
ID: 316, Data: 841 2A 54 A 2B 22 0 7A 
ID: 153, Data: 80 0 0 FF 0 FF 0 0 
ID: 153, Data: 80 0 0 FF 0 FF 0 0 
ID: 316, Data: 841 29 60 A 2B 22 0 7A 
ID: 153, Data: 80 0 0 FF 0 FF 0 0 
ID: 316, Data: 841 29 57 A 2B 22 0 7A 
ID: 370, Data: 8FF E1 F0 FF FF FF FF FF 
ID: 153, Data: 80 0 0 FF 0 FF 0 0 
ID: 43F, Data: 81 48 60 FF 7C 0 0 0 
ID: 18F, Data: 8AA 45 0 0 0 0 0 0 
ID: 2A0, Data: 880 0 75 18 32 0 11 0 
ID: 329, Data: 884 B2 80 8 12 2C 0 26 
ID: A0, Data: 83F 7E 2A A 0 25 2 0 
ID: 316, Data: 841 29 29 A 2C 21 0 7A 
ID: 440, Data: 8AD E1 0 A0 FF AA AA AA 
ID: 316, Data: 841 2A 23 A 2C 21 0 7A 
ID: 153, Data: 80 0 0 FF 0 FF 0 0 
ID: 153, Data: 80 0 0 FF 0 FF 0 0 
ID: 153, Data: 80 0 0 FF 0 FF 0 0 
ID: 545, Data: 8E4 27 0 8C 94 0 94 0 
ID: 316, Data: 841 2A 17 A 2C 21 0 7A 
ID: 260, Data: 8B 2A 2C 30 5 FF 72 C 
ID: 153, Data: 80 0 0 FF 0 FF 0 0 
ID: 316, Data: 841 2A 48 A 2B 21 0 7A 
ID: 43F, Data: 81 48 60 FF 7C 0 0 0 
ID: 440, Data: 8AE E1 0 A0 FF AA AA AA 
ID: 43F, Data: 81 48 60 FF 7C 0 0 0 
ID: A0, Data: 83E 7E 4F A 0 25 2 0 
ID: 153, Data: 80 0 0 FF 0 FF 0 0 
ID: 43F, Data: 81 48 60 FF 7C 0 0 0 
ID: 545, Data: 8E4 26 0 88 8E 0 8E 0 
ID: 260, Data: 8B 2A 2C 30 5 FF 70 3B 
ID: 43F, Data: 81 48 60 FF 7C 0 0 0 
ID: 43F, Data: 81 48 60 FF 7C 0 0 0 
ID: 43F, Data: 81 48 60 FF 7C 0 0 0 
ID: 43F, Data: 81 48 60 FF 7C 0 0 0 
ID: 316, Data: 841 2A 1B A 2B 21 0 7A 
ID: 316, Data: 841 2B 3A A 2B 21 0 7A 
ID: A0, Data: 840 7E 1B A 0 25 2 0 
ID: 153, Data: 80 0 0 FF 0 FF 0 0 
ID: 43F, Data: 81 48 60 FF 7C D8 0 0 
ID: 5F0, Data: 20 0 
ID: 43F, Data: 81 48 60 FF 7C 0 1 0 
ID: 370, Data: 8FF E1 F0 FF FF FF FF FF 
ID: 43F, Data: 81 48 60 FF 7C 60 1 0 
ID: 329, Data: 840 B2 80 8 11 32 13 26 
ID: A0, Data: 860 7E 4E B 0 2A 2 0 
ID: 316, Data: 841 3F B5 B 55 20 0 7A 
ID: 153, Data: 80 0 0 FF 0 FF 0 0 
ID: 316, Data: 841 40 8C C 56 21 0 7A 
ID: 5F0, Data: 20 0 
ID: 329, Data: 8B B2 80 8 11 34 1E 26 
ID: 316, Data: 841 43 2A E 61 20 0 7A 
ID: A0, Data: 858 7E 2A E 1 2D 2 0 
ID: 316, Data: 841 48 68 F 5E 1F 1 7A 
ID: 370, Data: 8FF E1 F0 FF FF FF FF FF 
ID: 316, Data: 841 4C A7 10 5C 1E 1 7A 
ID: 153, Data: 80 0 0 FF 0 FF 0 0 
ID: 153, Data: 80 0 0 FF 0 FF 0 0 
ID: 5F0, Data: 20 0 
ID: 153, Data: 80 0 0 FF 0 FF 0 0 
ID: 153, Data: 80 0 0 FF 0 FF 0 0 
ID: A1, Data: 882 7F 81 80 3A 0 0 0 
ID: 316, Data: 841 50 8E 14 57 1D 3 7A 
ID: 370, Data: 8FF E1 F0 FF FF FF FF FF 
ID: 316, Data: 841 50 29 15 57 1C 4 7A 
ID: 260, Data: 8B 50 57 30 5 FF B8 1A 
ID: 43F, Data: 81 48 60 FF 7C 10 C 0 
ID: 316, Data: 841 4F C 16 56 1C 5 7A 
ID: 545, Data: 8E4 86 0 89 76 3 76 3 
ID: 153, Data: 80 0 0 FF 0 FF 0 0 
ID: 316, Data: 841 4D 78 16 58 1C 6 7A 
ID: 153, Data: 80 0 0 FF 0 FF 0 0 
ID: 316, Data: 841 4E AC 16 5A 1C 7 7A 
ID: 153, Data: 80 0 0 FF 0 FF 0 0 
ID: 1F0, Data: 8F7 3F CD BF 0 0 0 0 
ID: 316, Data: 841 51 5D 17 5D 1C 8 7A 
ID: 440, Data: 8FE E1 8 A0 FF AA AA AA 
ID: 5F0, Data: 20 0 
ID: 316, Data: 841 58 C0 18 5D 1B 9 7A 
ID: 43F, Data: 81 48 60 FF 7C 48 14 0 
ID: 43F, Data: 81 48 60 FF 7C EC 14 0 
ID: 5F0, Data: 20 0 
ID: 316, Data: 841 58 98 1A 5E 1B A 7A 
ID: 316, Data: 841 58 E1 1A 5E 1B A 7A 
ID: A1, Data: 880 7B 80 7E 43 0 0 0 
ID: 153, Data: 80 0 0 FF 0 FF 0 0 
ID: 316, Data: 841 59 35 1C 5D 1B B 7A 
ID: 43F, Data: 81 48 60 FF 7C D0 18 0 
ID: 153, Data: 80 0 0 FF 0 FF 0 0 
ID: 153, Data: 80 0 0 FF 0 FF 0 0 
ID: 2A0, Data: 861 E 75 18 32 0 11 0 
ID: 316, Data: 841 58 FC 1D 5B 1B D 7A 
ID: A0, Data: 867 7E 5E 1D D 3A 2 0 
ID: 316, Data: 841 56 D1 1E 5A 1C E 7A 
ID: 440, Data: 8FE 41 D A0 FF AA AA AA 
ID: 260, Data: 8B 56 5A 30 5 FF BD 1C 
ID: 316, Data: 841 54 0 20 59 1C F 7A 
ID: 316, Data: 841 54 6A 20 58 1C F 7A 
ID: 260, Data: 8B 54 59 30 5 FF BE 1E 
ID: 316, Data: 841 52 38 21 58 1C 10 7A 
ID: 280, Data: 830 0 88 B2 43 33 75 83 
ID: 43F, Data: 8A 48 60 FF 7C 90 1F 0 
ID: 43F, Data: 8A 48 60 FF 7C CC 1F 0 
ID: 153, Data: 80 0 0 FF 0 FF 0 0 
ID: 316, Data: 841 53 A9 22 57 1C 11 7A 
ID: 153, Data: 80 0 0 FF 0 FF 0 0 
ID: 1F1, Data: 80 13 7F F0 8 81 10 9 
ID: 316, Data: 841 3E E7 22 58 1C 11 7A 
ID: 260, Data: 8B 54 59 30 5 FF 7A 25 
ID: 316, Data: 841 3C F4 21 59 1C 12 7A 
ID: 280, Data: 830 0 88 B2 43 35 75 85 
ID: 153, Data: 80 0 0 FF 0 FF 0 0 
ID: 545, Data: 8E4 D7 0 89 4D 2 4A 4 
ID: 316, Data: 841 3C 72 1F 5C 1C 12 7A 
ID: 280, Data: 830 0 88 B2 3D 39 75 8B 
ID: 316, Data: 841 40 D9 1D 5D 1B 13 7A 
ID: 2A0, Data: 8A1 15 75 18 32 0 11 0 
ID: 316, Data: 841 44 BC 1C 5F 1B 13 7A 
ID: 329, Data: 8B B2 80 8 11 44 28 26 
ID: 153, Data: 80 0 0 FF 0 FF 0 0 
ID: 316, Data: 841 5F 49 1C 5F 1B 13 7A 
ID: 153, Data: 80 0 0 FF 0 FF 0 0 
ID: 370, Data: 8FF E1 F0 FF FF FF FF FF 
ID: 260, Data: 8B 61 60 30 5 FF AF 27 
ID: 153, Data: 80 0 0 FF 0 FF 0 0 
ID: 280, Data: 830 0 88 B2 39 3A 74 8B 
ID: 370, Data: 8FF E1 F0 FF FF FF FF FF 
ID: 18F, Data: 8AA 52 0 0 0 0 0 0 
ID: 316, Data: 841 59 E6 1C 48 1C 15 7A 
ID: 153, Data: 80 0 0 FF 0 FF 0 0 
ID: 153, Data: 80 0 0 FF 0 FF 0 0 
ID: 545, Data: 8E4 A1 0 89 5F 3 5F 3 
ID: 316, Data: 841 4C EE 1B 49 1C 16 7A 
ID: 329, Data: 8ED B2 80 8 11 3E 1A 26 
ID: 153, Data: 80 0 0 FF 0 FF 0 0 
ID: 2A0, Data: 8A1 18 74 18 32 0 11 0 
ID: 316, Data: 841 4B 52 1B 4A 1C 17 7A 
ID: A0, Data: 856 7D 6F 1B 17 34 2 0 
ID: 316, Data: 841 49 48 1B 51 1D 17 7A 
ID: 329, Data: 884 B2 80 8 11 3D 22 26 
ID: 43F, Data: 82 48 60 FF 7C 2C 19 0 
ID: 280, Data: 830 0 88 B2 37 33 74 82 
ID: 43F, Data: 82 48 60 FF 7C AC 19 0 
ID: 316, Data: 841 5B FC 1C 60 1C 18 7A 
ID: 545, Data: 8E4 D1 0 89 7E 4 7E 4 
ID: 43F, Data: 82 48 60 FF 7C F0 1A 0 
ID: 316, Data: 841 5E B8 1E 5E 1C 19 7A 
ID: 43F, Data: 82 48 60 FF 7C 18 1B 0 
ID: 5F0, Data: 20 0 
ID: 18F, Data: 8AA 52 0 0 0 0 0 0 
ID: 2A0, Data: 861 1A 74 18 32 0 11 0 
ID: 316, Data: 841 67 E 1F 73 1B 19 7A 
ID: A0, Data: 877 7D 1 1F 19 40 2 0 
ID: 316, Data: 841 71 42 20 70 1A 1A 7A 
ID: 370, Data: 8FF E0 F0 FF FF FF FF FF 
ID: 316, Data: 841 77 E5 21 6C 1B 1B 7A 
ID: 316, Data: 841 76 6C 22 68 1B 1A 7A 
ID: 153, Data: 80 0 0 FF 0 FF 0 0 
ID: 2A0, Data: 8C1 1C 74 18 32 0 11 0 
ID: 316, Data: 841 6A F7 22 5F 1C 1B 7A 
ID: A0, Data: 872 7D B8 22 1C 3E 2 0 
ID: 316, Data: 841 61 3 22 60 1C 1C 7A 
ID: 329, Data: 840 B1 80 8 11 47 2B 26 
ID: 316, Data: 841 60 9D 21 61 1C 1C 7A 
ID: 316, Data: 841 61 C8 21 61 1C 1C 7A 
ID: 153, Data: 80 0 0 FF 0 FF 0 0 
ID: 43F, Data: 8B 48 60 FF 7C B0 1F 0 
ID: 316, Data: 841 61 C8 22 60 1C 1D 7A 
ID: A0, Data: 86E 7D 30 22 1D 3D 2 0 
ID: 316, Data: 841 5F 16 23 5F 1C 1D 7A 
ID: 329, Data: 840 B1 80 8 11 47 2B 26 
ID: 43F, Data: 8B 48 60 FF 7C B0 20 0 
ID: 370, Data: 8FF E1 F0 FF FF FF FF FF 
ID: 153, Data: 80 0 0 FF 0 FF 0 0 
ID: 316, Data: 841 5D B6 23 62 1C 1E 7A 
ID: 316, Data: 841 5E D7 23 62 1C 1E 7A 
ID: 43F, Data: 8B 48 60 FF 7C 3C 21 0 
ID: 440, Data: 8FE 82 1E A0 FF AA AA AA 
ID: A0, Data: 877 7C 9 24 1F 40 2 0 
ID: 316, Data: 841 5A C8 22 67 1C 1E 7A 
ID: 316, Data: 841 5B 3 22 69 1B 1F 7A 
ID: 43F, Data: 8B 48 60 5B 7C 6C 1C 0 
ID: 316, Data: 841 5A AE 20 6E 1B 1F 7A 
ID: 5F0, Data: 20 0 
ID: 316, Data: 841 61 E5 1F 71 1B 1F 7A 
ID: 43F, Data: 8B 48 60 61 7C 68 19 0 
ID: A1, Data: 880 7B 7A 7E 48 0 0 0 
ID: 316, Data: 841 71 59 1F 73 1B 20 7A 
ID: 153, Data: 80 0 0 FF 0 FF 0 0 
ID: 43F, Data: 8B 48 60 FF 7C 4 18 0 
ID: A0, Data: 882 7C D8 1F 21 40 2 0 
ID: 43F, Data: 8B 48 60 FF 7C 5C 18 0 
ID: 43F, Data: 8B 48 60 FF 7C 7C 18 0 
ID: 316, Data: 841 73 27 20 7C 1B 21 7A 
ID: A1, Data: 87F 7B 79 7E 48 0 0 0 
ID: 316, Data: 841 7A BB 20 7C 1B 22 7A 
ID: 153, Data: 80 0 0 FF 0 FF 0 0 
ID: 43F, Data: 83 48 60 FF 7C C0 19 0 
ID: 5F0, Data: 20 0 
ID: 316, Data: 841 7B BA 21 7B 1B 23 7A 
ID: 43F, Data: 83 48 60 FF 7C 38 1A 0 
ID: 2A0, Data: 861 26 74 18 32 0 11 0 
ID: 153, Data: 80 0 0 FF 0 FF 0 0 
ID: 153, Data: 80 0 0 FF 0 FF 0 0 
ID: 316, Data: 841 7B 9D 21 81 1B 24 7A 
ID: 440, Data: 8FE C3 25 A0 FF AA AA AA 
ID: 316, Data: 841 82 55 21 81 1A 25 7A 
ID: 43F, Data: 83 48 60 FF 7C D0 1B 0 
ID: 2A0, Data: 81 28 74 18 32 0 11 0 
ID: 316, Data: 841 82 AB 21 81 1A 26 7A 
ID: 153, Data: 80 0 0 FF 0 FF 0 0 
ID: A0, Data: 899 7C 71 21 26 45 2 0 
ID: 329, Data: 840 B0 80 8 11 4F 40 26 
ID: A1, Data: 880 7B 7A 7E 4C 0 0 0 
ID: 43F, Data: 83 48 60 FF 7C 48 1D 0 
ID: 316, Data: 841 81 38 21 83 1A 28 7A 
ID: 1F1, Data: 80 77 46 F1 13 4D F1 14 
ID: 316, Data: 841 81 71 21 85 1A 28 7A 
ID: 2A0, Data: 8A1 2B 74 18 32 0 11 0 
ID: 43F, Data: 83 48 60 FF 7C 5C 1E 0 
ID: 329, Data: 840 AF 80 8 11 51 42 26 
ID: 153, Data: 80 0 0 FF 0 FF 0 0 
ID: 316, Data: 841 84 12 22 86 1A 2A 7A 
ID: 153, Data: 80 0 0 FF 0 FF 0 0 
ID: 2A0, Data: 8A1 2D 74 18 32 0 11 0 
ID: 316, Data: 841 86 8A 22 90 1A 2B 7A 
ID: 153, Data: 80 0 0 FF 0 FF 0 0 
ID: 316, Data: 841 8F 55 23 91 1A 2C 7A 
ID: 316, Data: 841 91 C7 23 90 1A 2C 7A 
ID: 5A0, Data: 80 0 0 90 0 0 0 0 
ID: 316, Data: 841 90 9 24 90 1A 2C 7A 
ID: 43F, Data: 843 48 60 FF 7C 14 21 0 
ID: 316, Data: 841 8F 2A 24 91 1A 2D 7A 
ID: 153, Data: 80 0 0 FF 0 FF 0 0 
ID: 316, Data: 841 8F 5D 24 91 1A 2E 7A 
ID: 316, Data: 841 8F 6E 24 91 1A 2E 7A 
ID: 43F, Data: 843 48 60 FF 7C 40 22 0 
ID: 316, Data: 841 8C 90 24 87 11 2F 7A 
ID: 43F, Data: 843 48 60 FF 7C C4 22 0 
ID: 370, Data: 8FF E0 F0 FF FF FF FF FF 
ID: 153, Data: 80 0 0 FF 0 FF 0 0 
ID: 2A0, Data: 81 32 74 18 32 0 11 0 
ID: 316, Data: 841 87 D5 24 8D 11 30 7A 
ID: 545, Data: 8E4 67 1 8C 26 8 26 8 
ID: 43F, Data: 843 48 60 FF 7C 14 24 0 
ID: 153, Data: 80 0 0 FF 0 FF 0 0 
ID: 440, Data: 8FE B3 32 A0 FF AA AA AA 
ID: 260, Data: 8B 90 90 30 5 FF 98 39 
ID: 316, Data: 81 8F 9C 26 8E 12 32 7A 
ID: 280, Data: 830 0 88 AF 4C 56 73 AD 
ID: 153, Data: 80 0 0 FF 0 FF 0 0 
ID: 316, Data: 81 8E D5 26 8E 12 33 7A 
ID: 316, Data: 81 8E E9 26 8E 12 34 7A 
ID: A0, Data: 8A6 7B 89 26 33 4C 2 0 
ID: 316, Data: 81 8D 72 27 8E 12 34 7A 
ID: 153, Data: 80 0 0 FF 0 FF 0 0 
ID: 316, Data: 81 8C EB 27 8E 12 35 7A 
ID: 260, Data: 8B 8D 8F 30 5 FF 9B F 
ID: 316, Data: 81 8C 14 28 8E 12 35 7A 
ID: 316, Data: 81 8C 52 28 8C 12 36 7A 
ID: A1, Data: 880 80 7B 7F 50 0 0 0 
ID: 316, Data: 81 8C AE 27 83 12 36 7A 
ID: 43F, Data: 84C 48 60 80 7C B8 24 0 
ID: 260, Data: 8B 8B 79 30 5 FF 80 4 
ID: 316, Data: 81 77 65 23 74 11 37 7A 
ID: 316, Data: 81 73 D7 21 75 11 37 7A 
ID: A1, Data: 87E 7E 7A 7E 4C 0 0 0 
ID: 316, Data: 81 80 65 1F 77 11 38 7A 
ID: 153, Data: 80 0 0 FF 0 FF 0 0 
ID: 1F0, Data: 8CD 3F CD BF 0 0 0 0 
ID: 440, Data: 8FE 63 39 A0 FF AA AA AA 
ID: 43F, Data: 84C 48 60 FF 7C 2C 1F 0 
ID: 316, Data: 81 79 D8 1F 76 12 39 7A 
ID: A0, Data: 886 7B D8 1F 39 41 2 0 
ID: 43F, Data: 844 48 60 FF 7C 84 1F 0 
ID: 370, Data: 8FF DE F0 FF FF FF FF FF 
ID: A1, Data: 87C 7B 78 7E 47 0 0 0 
ID: 316, Data: 81 74 D7 20 73 12 3A 7A 
ID: 316, Data: 81 73 D7 20 73 12 3A 7A 
ID: 43F, Data: 844 48 60 FF 7C 8 20 0 
ID: 316, Data: 81 73 C9 20 73 12 3B 7A 
ID: A0, Data: 883 7B D7 20 3B 41 2 0 
ID: 316, Data: 81 72 F2 20 6D 12 3B 7A 
ID: 316, Data: 81 72 E 21 6D 12 3B 7A 
ID: 43F, Data: 844 48 60 FF 7C 88 20 0 
ID: 370, Data: 8FF DE F0 FF FF FF FF FF 
ID: 545, Data: 8E4 8 1 8C 50 6 50 6 
ID: 316, Data: 81 6C 71 21 68 12 3C 7A 
ID: 316, Data: 81 6B 80 21 68 12 3C 7A 
ID: A0, Data: 87D 7B 55 21 3C 40 2 0 
ID: 316, Data: 81 68 9D 21 67 12 3C 7A 
ID: 316, Data: 81 67 BA 21 67 12 3D 7A 
ID: 153, Data: 80 0 0 FF 0 FF 0 0 
ID: 316, Data: 81 66 D7 21 67 12 3D 7A 
ID: 153, Data: 80 0 0 FF 0 FF 0 0 
ID: 329, Data: 840 AE 80 8 11 48 31 26 
ID: 316, Data: 81 66 F4 21 66 12 3D 7A 
ID: 43F, Data: 844 48 60 FF 7C 8C 21 0 
ID: 43F, Data: 844 48 60 FF 7C A8 21 0 
ID: 18F, Data: 8AA 44 0 0 0 0 0 0 
ID: 153, Data: 80 0 0 FF 0 FF 0 0 
ID: 153, Data: 80 0 0 FF 0 FF 0 0 
ID: 18F, Data: 8AA 43 0 0 0 0 0 0 
ID: 329, Data: 840 AE 80 8 11 48 25 26 
ID: 153, Data: 80 0 0 FF 0 FF 0 0 
ID: 153, Data: 80 0 0 FF 0 FF 0 0 
ID: 545, Data: 8E4 DA 0 8C F2 4 F2 4 
ID: 316, Data: 81 55 A9 22 4E 13 3F 7A 
ID: 329, Data: 8ED AE 80 8 11 43 23 26 
ID: 153, Data: 80 0 0 FF 0 FF 0 0 
ID: 316, Data: 81 50 C8 22 52 14 3F 7A 
ID: 316, Data: 81 50 C8 22 53 14 3F 7A 
ID: 260, Data: 8B 50 53 30 5 FF C2 22 
ID: 316, Data: 81 50 26 23 52 14 3F 7A 
ID: 316, Data: 81 4F 55 23 52 14 3F 7A 
ID: 316, Data: 81 4F 55 23 53 14 40 7A 
ID: 316, Data: 81 4F 55 23 53 14 40 7A 
ID: 370, Data: 8FF DA F0 FF FF FF FF FF 
ID: 5F0, Data: 20 0 
ID: 153, Data: 80 0 0 FF 0 FF 0 0 
ID: 43F, Data: 844 48 60 FF 7C E0 22 0 
ID: 260, Data: 8B 52 53 30 5 FF C1 3 
ID: 43F, Data: 844 48 60 FF 7C 8 23 0 
ID: 440, Data: 8FE 34 40 A0 FF AA AA AA 
ID: 545, Data: 8E4 D9 0 8C 55 4 55 4 
ID: 316, Data: 81 52 F8 23 52 14 40 7A 
ID: 316, Data: 81 52 F8 23 52 14 41 7A 
ID: 43F, Data: 844 48 60 FF 7C 30 23 0 
ID: 316, Data: 81 53 F8 23 52 14 41 7A 
ID: 18F, Data: 8AA 41 0 0 0 0 0 0 
ID: 316, Data: 81 52 19 24 3A 14 41 7A 
ID: 1F1, Data: 80 67 6 12 20 11 12 21 
ID: 316, Data: 81 47 2A 24 2E 14 41 7A 
ID: 1F1, Data: 80 78 8 32 20 12 32 21 
ID: 440, Data: 8FE 94 41 A0 FF AA AA AA 
ID: 329, Data: 8B AE 80 8 11 3A 10 26 
ID: 316, Data: 81 35 F8 23 30 16 41 7A 
ID: 329, Data: 840 AE 80 8 11 3A 10 26 
ID: 153, Data: 80 0 0 FF 0 FF 0 0 
ID: 316, Data: 81 32 6E 24 30 17 42 7A 
ID: 153, Data: 80 0 0 FF 0 FF 0 0 
ID: 18F, Data: 8AA 40 0 0 0 0 0 0 
ID: 316, Data: 81 31 3B 24 38 17 42 7A 
ID: 316, Data: 81 31 3B 24 3B 17 42 7A 
ID: A1, Data: 87E 7B 77 7E 29 0 0 0 
ID: 5F0, Data: 20 0 
ID: 316, Data: 81 3B A1 24 46 16 42 7A 
ID: 153, Data: 80 0 0 FF 0 FF 0 0 
ID: 260, Data: 8B 41 46 30 5 FF CF 14 
ID: 316, Data: 81 43 D5 24 45 16 42 7A 
ID: A1, Data: 880 7B 7A 7E 33 0 0 0 
ID: 370, Data: 8FF D8 F0 FF FF FF FF FF 
ID: 43F, Data: 844 48 60 FF 7C DC 23 0 
ID: 316, Data: 81 48 A1 24 44 15 42 7A 
ID: 316, Data: 81 48 A1 24 3F 15 42 7A 
ID: A1, Data: 881 7B 7D 7E 36 0 0 0 
ID: 316, Data: 81 46 D5 24 2C 15 42 7A 
ID: 316, Data: 81 42 C3 24 27 15 42 7A 
ID: A1, Data: 881 7B 7D 7E 32 0 0 0 
ID: 316, Data: 81 37 6E 24 D 16 42 7A 
ID: 153, Data: 80 0 0 FF 0 FF 0 0 
ID: 2A0, Data: 840 28 72 18 32 0 11 0 
ID: 316, Data: 81 2C A1 24 E 18 43 7A 
ID: 1F1, Data: 80 0 10 22 21 1C E2 21 
ID: 1F0, Data: 8CE 3F CD BF 0 0 0 0 
ID: 153, Data: 80 0 0 FF 0 FF 0 0 
ID: 316, Data: 81 20 2A 24 10 1A 43 7A 
ID: 153, Data: 80 0 0 FF 0 FF 0 0 
ID: 260, Data: 8B 1E 10 30 5 FF CD 24 
ID: 316, Data: 81 1C 2A 24 10 1A 43 7A 
ID: 43F, Data: 844 48 60 FF 7C C 24 0 
ID: 316, Data: 81 1A D7 23 11 1A 43 7A 
ID: 545, Data: 8E4 40 0 8D F1 FF F1 FF 
ID: 153, Data: 80 0 0 FF 0 FF 0 0 
ID: 316, Data: 81 1B 76 23 16 1A 43 7A 
ID: 153, Data: 80 0 0 FF 0 FF 0 0 
ID: 153, Data: 80 0 0 FF 0 FF 0 0 
ID: 329, Data: 8B AF 80 8 11 31 4 26 
ID: 153, Data: 80 0 0 FF 0 FF 0 0 
ID: 329, Data: 840 AF 80 8 11 32 6 26 
ID: 153, Data: 80 0 0 FF 0 FF 0 0 
ID: 2A0, Data: 8A1 1F 72 18 32 0 11 0 
ID: 43F, Data: 844 48 60 FF 7C C8 23 0 
ID: 153, Data: 80 0 0 FF 0 FF 0 0 
ID: 316, Data: 81 23 C7 23 2E 19 42 7A 
ID: 153, Data: 80 0 0 FF 0 FF 0 0 
ID: 316, Data: 81 27 3B 24 2E 19 42 7A 
ID: 153, Data: 80 0 0 FF 0 FF 0 0 
ID: A0, Data: 832 7C B2 24 43 30 2 0 
ID: 329, Data: 840 AF 80 8 11 39 D 26 
ID: 260, Data: 8B 2A 2D 30 5 FF D5 3F 
ID: 5F0, Data: 20 0 
ID: 316, Data: 81 2A A1 24 2D 18 42 7A 
ID: 316, Data: 81 2B 90 24 2D 18 42 7A 
ID: A1, Data: 87B 7B 7B 7C 21 0 0 0 
ID: 5F0, Data: 20 0 
ID: 316, Data: 81 2B 90 24 2F 18 42 7A 
ID: 316, Data: 81 2C A1 24 2F 18 42 7A 
ID: 260, Data: 8B 2D 2F 30 5 FF D5 1C 
ID: 153, Data: 80 0 0 FF 0 FF 0 0 
ID: 316, Data: 81 2D A1 24 30 18 42 7A 
ID: 43F, Data: 844 48 60 FF 7C BC 23 0 
ID: 280, Data: 830 0 88 AF 49 1B 72 4C 
ID: 316, Data: 81 2E B2 24 32 18 42 7A 
ID: 329, Data: 8B B0 80 8 11 3A 12 26 
ID: 5F0, Data: 20 0 
ID: 316, Data: 81 30 C3 24 34 18 42 7A 
ID: 316, Data: 81 30 D5 24 34 18 42 7A 
ID: 43F, Data: 844 48 60 FF 7C D4 23 0 
ID: 440, Data: 8FE 94 42 A0 FF AA AA AA 
ID: 18F, Data: 8AA 3C 0 0 0 0 0 0 
ID: 1F0, Data: 8CD 3F CD BF 0 0 0 0 
ID: 316, Data: 81 33 9 25 36 17 42 7A 
ID: 316, Data: 81 34 9 25 37 17 42 7A 
ID: 153, Data: 80 0 0 FF 0 FF 0 0 
ID: 153, Data: 80 0 0 FF 0 FF 0 0 
ID: 280, Data: 830 0 88 B0 4A 21 72 5B 
ID: 316, Data: 81 37 2C 25 37 17 42 7A 
ID: 153, Data: 80 0 0 FF 0 FF 0 0 
ID: 153, Data: 80 0 0 FF 0 FF 0 0 
ID: 316, Data: 81 37 2C 25 38 17 42 7A 
ID: 153, Data: 80 0 0 FF 0 FF 0 0 
ID: 316, Data: 81 38 3E 25 39 16 42 7A 
ID: 153, Data: 80 0 0 FF 0 FF 0 0 
ID: 280, Data: 830 0 88 B0 4A 22 72 5D 
ID: 316, Data: 81 39 50 25 39 16 42 7A 
ID: 153, Data: 80 0 0 FF 0 FF 0 0 
ID: 316, Data: 81 39 50 25 39 16 42 7A 
ID: 153, Data: 80 0 0 FF 0 FF 0 0 
ID: 329, Data: 8B B0 80 8 11 3D 17 26 
ID: 316, Data: 81 3A 74 25 39 16 42 7A 
ID: 280, Data: 830 0 88 B0 4A 23 72 5F 
ID: 43F, Data: 844 48 60 FF 7C 18 24 0 
ID: 545, Data: 8E4 9C 0 8D 81 2 81 2 
ID: 153, Data: 80 0 0 FF 0 FF 0 0 
ID: 316, Data: 81 3B 50 25 3B 16 43 7A 
ID: 153, Data: 80 0 0 FF 0 FF 0 0 
ID: 316, Data: 81 3B 50 25 3B 16 43 7A 
ID: 316, Data: 81 3C 62 25 3B 16 43 7A 
ID: A0, Data: 845 7D 62 25 43 35 2 0 
ID: 316, Data: 81 3D 3E 25 3B 16 43 7A 
ID: 316, Data: 81 3D 2C 25 3B 16 43 7A 
ID: A0, Data: 846 7D 1B 25 43 35 2 0 
ID: 316, Data: 81 3D F7 24 3C 16 43 7A 
ID: 316, Data: 81 3E F7 24 3C 16 43 7A 
ID: 43F, Data: 84D 48 60 FF 7C 38 24 0 
ID: 316, Data: 81 3E D5 24 3C 16 43 7A 
ID: 440, Data: 8E5 44 43 A0 FF AA AA AA 
ID: 316, Data: 81 33 76 23 3D 16 43 7A 
ID: 153, Data: 80 0 0 FF 0 FF 0 0 
ID: 316, Data: 81 2F E 21 38 15 43 7A 
ID: 43F, Data: 84D 48 60 34 7C 84 1E 0 
ID: 316, Data: 81 33 98 1F 37 15 43 7A 
ID: 5F0, Data: 20 0 
ID: 316, Data: 81 3E 7 1E 30 15 43 7A 
ID: 316, Data: 81 3E CE 1D 2F 15 43 7A 
ID: 260, Data: 8B 3E 2F 30 5 FF BC 24 
ID: 5F0, Data: 20 0 
ID: 316, Data: 81 3C 17 1C 10 15 43 7A 
ID: 316, Data: 81 3A DA 1B 10 15 43 7A 
ID: 43F, Data: 84D 48 60 FF 7C B0 1B 0 
ID: 153, Data: 80 0 0 FF 0 FF 0 0 
ID: 545, Data: 8E4 67 0 8D D1 1 D1 1 
ID: 329, Data: 8B B0 80 8 11 2F 0 26 
ID: 260, Data: 8B 29 13 30 5 FF D3 2E 
ID: 316, Data: 81 24 B3 1B 13 18 43 7A 
ID: 153, Data: 80 0 0 FF 0 FF 0 0 
ID: 18F, Data: 8AA 3A 0 0 0 0 0 0 
ID: 316, Data: 81 1D DA 1B 14 19 43 7A 
ID: 153, Data: 80 0 0 FF 0 FF 0 0 
ID: A1, Data: 879 7F 79 7D 18 0 0 0 
ID: 280, Data: 830 0 84 B0 36 10 72 30 
ID: 2A0, Data: 8E0 14 72 18 32 0 11 0 
ID: 153, Data: 80 0 0 FF 0 FF 0 0 
ID: 153, Data: 80 0 0 FF 0 FF 0 0 
ID: 316, Data: 81 14 6B 1A 15 19 43 7A 
ID: 5F0, Data: 20 0 
ID: 316, Data: 81 12 1 1A 15 19 43 7A 
ID: 153, Data: 80 0 0 FF 0 FF 0 0 
ID: 18F, Data: 8AA 39 0 0 0 0 0 0 
ID: 316, Data: 81 13 0 19 16 19 43 7A 
ID: 316, Data: 81 14 A9 18 16 19 43 7A 
ID: 545, Data: 8E4 2E 0 8D B7 FF B7 FF 
ID: 43F, Data: 845 48 60 FF 7C 58 1B 0 
ID: 316, Data: 81 1E 2 18 1A 18 43 7A 
ID: 5F0, Data: 20 0 
ID: 316, Data: 81 1E CE 19 1A 18 43 7A 
ID: 153, Data: 80 0 0 FF 0 FF 0 0 
ID: 260, Data: 8B 1E 1A 30 5 FF A3 26 
ID: 316, Data: 81 1D 3F 1B 1B 19 42 7A 
ID: 43F, Data: 845 48 60 FF 7C 4C 1B 0 
ID: 316, Data: 81 1C 3F 1B 23 19 42 7A 
ID: A0, Data: 821 7D 48 1B 43 28 2 0 
ID: 153, Data: 80 0 0 FF 0 FF 0 0 
ID: 316, Data: 81 20 5C 1B 33 19 42 7A 
ID: 153, Data: 80 0 0 FF 0 FF 0 0 
ID: 2A0, Data: 81 10 72 18 32 0 11 0 
ID: 316, Data: 81 28 82 1B 37 18 42 7A 
ID: 280, Data: 830 0 88 B1 37 1A 72 44 
ID: 43F, Data: 845 48 60 FF 7C 24 1B 0 
ID: 329, Data: 840 B1 80 8 11 38 E 26 
ID: 316, Data: 81 2E 68 1C 36 17 42 7A 
ID: 316, Data: 81 2E 68 1C 35 17 42 7A 
ID: 43F, Data: 845 48 60 FF 7C 18 1B 0 
ID: 43F, Data: 845 48 60 FF 7C 14 1B 0 
ID: 18F, Data: 8AA 39 0 0 0 0 0 0 
ID: 153, Data: 80 0 0 FF 0 FF 0 0 
ID: 153, Data: 80 0 0 FF 0 FF 0 0 
ID: A0, Data: 82E 7D 5E 1C 42 2B 2 0 
ID: 329, Data: 840 B1 80 8 11 2F 0 26 
ID: A0, Data: 820 7D EE 1B 42 27 2 0 
ID: 43F, Data: 845 48 60 FF 7C 4 1B 0 
ID: 440, Data: 8E7 75 42 A0 FF AA AA AA 
ID: 280, Data: 830 0 88 B1 36 13 72 37 
ID: 316, Data: 81 21 6 1B 2C 18 42 7A 
ID: 545, Data: 8E4 44 0 8D BC 0 BC 0 
ID: 370, Data: 8FF DD F0 FF FF FF FF FF 
ID: 5F0, Data: 20 0 
ID: A0, Data: 82E 7D 65 1B 42 2C 2 0 
ID: 260, Data: 8B 26 16 30 5 FF CA 37 
ID: 43F, Data: 845 48 60 FF 7C FC 1A 0 
ID: 43F, Data: 845 48 60 FF 7C 4 1B 0 
ID: 2A0, Data: 8E0 D 72 18 32 0 11 0 
ID: 153, Data: 80 0 0 FF 0 FF 0 0 
ID: 316, Data: 81 22 C7 1B 13 18 42 7A 
ID: 153, Data: 80 0 0 FF 0 FF 0 0 
ID: 316, Data: 81 1E 65 1B 14 19 42 7A 
ID: 316, Data: 81 1D 35 1B 14 19 42 7A 
ID: 2A0, Data: 840 C 72 18 32 0 11 0 
ID: 43F, Data: 845 48 60 FF 7C D8 1A 0 
ID: 316, Data: 81 19 8F 1A 15 19 41 7A 
ID: A0, Data: 81C 7D E1 1A 42 26 2 0 
ID: 5F0, Data: 20 0 
ID: 316, Data: 81 16 13 1A 15 19 41 7A 
ID: 316, Data: 81 16 D6 19 15 19 41 7A 
ID: 43F, Data: 845 48 60 FF 7C C4 1A 0 
ID: 5F0, Data: 20 0 
ID: 18F, Data: 8AA 38 0 0 0 0 0 0 
ID: 2A0, Data: 8E0 B 72 18 32 0 11 0 
ID: 316, Data: 81 12 8A 18 16 19 41 7A 
ID: 153, Data: 80 0 0 FF 0 FF 0 0 
ID: 43F, Data: 845 48 60 FF 7C A0 1A 0 
ID: 153, Data: 80 0 0 FF 0 FF 0 0 
ID: 316, Data: 81 15 56 17 17 18 41 7A 
ID: 153, Data: 80 0 0 FF 0 FF 0 0 
ID: 329, Data: 884 B1 80 8 11 2F 0 26 
ID: 316, Data: 81 16 11 17 17 18 41 7A 
ID: 18F, Data: 8AA 38 0 0 0 0 0 0 
ID: 43F, Data: 845 48 60 FF 7C 68 1A 0 
ID: 153, Data: 80 0 0 FF 0 FF 0 0 
ID: 43F, Data: 845 48 60 FF 7C 60 1A 0 
ID: 316, Data: 81 17 EF 16 17 18 40 7A 
ID: 260, Data: 8B 18 17 30 5 FF 56 30 
ID: 316, Data: 81 17 1F 17 17 18 40 7A 
ID: 316, Data: 81 17 18 17 17 18 40 7A 
ID: 43F, Data: 845 48 60 FF 7C 44 1A 0 
ID: 43F, Data: 845 48 60 FF 7C 44 1A 0 
ID: 43F, Data: 845 48 60 FF 7C 30 1A 0 
ID: 316, Data: 89 18 FD 16 17 18 40 7A 
ID: A0, Data: 826 7D 11 17 41 27 4 0 
ID: 43F, Data: 845 48 60 FF 7C 18 1A 0 
ID: 43F, Data: 845 48 60 FF 7C 1C 1A 0 
ID: A1, Data: 880 80 80 7D 19 0 0 0 
ID: 153, Data: 80 0 0 FF 0 FF 0 0 
ID: 316, Data: 89 F C0 17 16 18 40 7A 
ID: 153, Data: 80 0 0 FF 0 FF 0 0 
ID: 316, Data: 89 13 3E 18 18 18 3F 7A 
ID: 5F0, Data: 20 0 
ID: 18F, Data: 8AA 37 0 0 0 0 0 0 
ID: 260, Data: 80 E 1A 30 5 FF 4F 3B 
ID: 316, Data: 89 E 8A 18 1A 18 3F 7A 
ID: 2A0, Data: 8A1 7 72 18 32 0 11 0 
ID: 153, Data: 80 0 0 FF 0 FF 0 0 
ID: 316, Data: 89 9 E8 18 1C 18 3F 7A 
ID: 153, Data: 80 0 0 FF 0 FF 0 0 
ID: 316, Data: 81 4 28 19 1E 19 3F 7A 
ID: 153, Data: 80 0 0 FF 0 FF 0 0 
ID: 153, Data: 80 0 0 FF 0 FF 0 0 
ID: 316, Data: 81 1C A4 19 20 19 3E 7A 
ID: 43F, Data: 845 48 60 FF 7C C0 19 0 
ID: 5F0, Data: 20 0 
ID: 153, Data: 80 0 0 FF 0 FF 0 0 
ID: 43F, Data: 845 48 60 FF 7C AC 19 0 
ID: 2A0, Data: 81 7 72 18 32 0 11 0 
ID: 43F, Data: 845 48 60 FF 7C B8 19 0 
ID: 43F, Data: 845 48 60 FF 7C 74 19 0 
ID: 370, Data: 8FF DD F0 FF FF FF FF FF 
ID: 316, Data: 81 22 13 1A 25 18 3E 7A 
ID: 260, Data: 8B 22 26 30 5 FF C3 31 
ID: 43F, Data: 845 48 60 FF 7C 68 19 0 
ID: 316, Data: 81 23 A 1A 25 18 3E 7A 
ID: 153, Data: 80 0 0 FF 0 FF 0 0 
ID: 153, Data: 80 0 0 FF 0 FF 0 0 
ID: 1F0, Data: 8D2 3F CD BF 0 0 0 0 
ID: 370, Data: 8FF DD F0 FF FF FF FF FF 
ID: 43F, Data: 845 48 60 FF 7C 58 19 0 
ID: 316, Data: 81 24 A 1A 29 18 3E 7A 
ID: 43F, Data: 845 48 60 FF 7C 4C 19 0 
ID: 316, Data: 81 24 1 1A 29 18 3E 7A 
ID: 18F, Data: 8AA 37 0 0 0 0 0 0 
ID: 316, Data: 81 25 A 1A 2B 18 3E 7A 
ID: 43F, Data: 845 48 60 FF 7C 3C 19 0 
ID: 153, Data: 80 0 0 FF 0 FF 0 0 
ID: 545, Data: 8E4 4E 0 8D 5 1 5 1 
ID: 316, Data: 81 27 1C 1A 32 18 3E 7A 
ID: 43F, Data: 845 48 60 FF 7C 4C 19 0 
ID: 18F, Data: 8AA 37 0 0 0 0 0 0 
ID: 153, Data: 80 0 0 FF 0 FF 0 0 
ID: 316, Data: 81 2D 62 1A 3B 17 3E 7A 
ID: 43F, Data: 845 48 60 FF 7C 34 19 0 
ID: 316, Data: 81 31 A1 1A 43 17 3E 7A 
ID: A0, Data: 841 7D 8F 1A 3E 2F 2 0 
ID: 153, Data: 80 0 0 FF 0 FF 0 0 
ID: 316, Data: 81 3B 10 1B 52 1F 3D 7A 
ID: 153, Data: 80 0 0 FF 0 FF 0 0 
ID: 329, Data: 884 B1 80 8 11 3F 19 26 
ID: 316, Data: 81 45 E4 1B 50 1D 3D 7A 
ID: 43F, Data: 845 48 60 FF 7C 68 19 0 
ID: 316, Data: 81 4B 35 1C 4F 1D 3E 7A 
ID: 153, Data: 80 0 0 FF 0 FF 0 0 
ID: 153, Data: 80 0 0 FF 0 FF 0 0 
ID: 153, Data: 80 0 0 FF 0 FF 0 0 
ID: A1, Data: 882 7D 84 7E 3B 0 0 0 
ID: 545, Data: 8E4 B1 0 8D 82 3 82 3 
ID: 18F, Data: 8AA 37 0 0 0 0 0 0 
ID: 5A1, Data: 880 3 90 23 30 30 30 0 
ID: 18F, Data: 8AA 37 0 0 0 0 0 0 
ID: 43F, Data: 845 48 60 FF 7C 60 19 0 
ID: 153, Data: 80 0 0 FF 0 FF 0 0 
ID: 153, Data: 80 0 0 FF 0 FF 0 0 
ID: 316, Data: 841 4E 52 1B 3D 1C 3E 7A 
ID: A0, Data: 85A 7D 65 1B 3E 35 2 0 
ID: 316, Data: 841 49 78 1B 3D 1D 3E 7A 
ID: 2A0, Data: 81 B 72 18 32 0 11 0 
ID: 370, Data: 8FF DD F0 FF FF FF FF FF 
ID: 43F, Data: 845 48 60 FF 7C 94 19 0 
ID: 153, Data: 80 0 0 FF 0 FF 0 0 
ID: 153, Data: 80 0 0 FF 0 FF 0 0 
ID: 316, Data: 841 3F CF 1A 3D 1D 3E 7A 
ID: 153, Data: 80 0 0 FF 0 FF 0 0 
ID: 316, Data: 841 3F C6 1A 36 1E 3E 7A 
ID: 316, Data: 841 3D BC 1A 35 1E 3E 7A 
ID: 43F, Data: 845 48 60 FF 7C 74 19 0 
ID: 316, Data: 841 3D BC 1A 36 1E 3E 7A 
ID: 153, Data: 80 0 0 FF 0 FF 0 0 
ID: 316, Data: 841 38 8F 1A 36 1E 3E 7A 
ID: 316, Data: 841 38 6B 1A 36 1E 3E 7A 
ID: 43F, Data: 845 48 60 FF 7C 70 19 0 
ID: 440, Data: 8EC 25 3E A0 FF AA AA AA 
ID: 153, Data: 80 0 0 FF 0 FF 0 0 
ID: 329, Data: 8ED B1 80 8 11 38 F 26 
ID: 316, Data: 841 39 59 1A 43 1E 3E 7A 
ID: 260, Data: 8B 3A 45 30 5 FF CD 1F 
ID: 43F, Data: 845 48 60 FF 7C 64 19 0 
ID: 280, Data: 830 0 88 B1 34 26 72 69 
ID: 153, Data: 80 0 0 FF 0 FF 0 0 
ID: 316, Data: 841 40 7D 1A 44 1E 3E 7A 
ID: 316, Data: 841 41 86 1A 44 1E 3E 7A 
ID: 43F, Data: 845 48 60 FF 7C 70 19 0 
ID: 316, Data: 841 43 50 1A 44 1D 3E 7A 
ID: 153, Data: 80 0 0 FF 0 FF 0 0 
ID: 316, Data: 841 44 13 1A 45 1D 3E 7A 
ID: 316, Data: 841 44 1 1A 46 1D 3E 7A 
ID: 43F, Data: 845 48 60 FF 7C 64 19 0 
ID: 316, Data: 841 45 1 1A 49 1D 3E 7A 
ID: 153, Data: 80 0 0 FF 0 FF 0 0 
ID: 153, Data: 80 0 0 FF 0 FF 0 0 
ID: 316, Data: 841 46 1C 1A 49 1D 3E 7A 
ID: 440, Data: 8EB D5 3D A0 FF AA AA AA 
ID: 316, Data: 841 45 13 1A 49 1D 3E 7A 
ID: 153, Data: 80 0 0 FF 0 FF 0 0 
ID: 260, Data: 8B 47 4A 30 5 FF C8 3F 
ID: 43F, Data: 845 48 60 FF 7C 70 19 0 
ID: 18F, Data: 8AA 41 0 0 0 0 0 0 
ID: 316, Data: 841 49 36 1A 49 1D 3E 7A 
ID: 153, Data: 80 0 0 FF 0 FF 0 0 
ID: 545, Data: 8E4 8C 0 8D 1F 3 1F 3 
ID: 316, Data: 841 49 36 1A 49 1C 3E 7A 
ID: 545, Data: 8E4 8A 0 8C 21 3 21 3 
ID: 316, Data: 841 49 F9 19 49 1C 3E 7A 
ID: 316, Data: 841 47 DF 19 49 1D 3E 7A 
ID: 153, Data: 80 0 0 FF 0 FF 0 0 
ID: 280, Data: 830 0 88 B1 33 2C 72 7A 
ID: 316, Data: 841 47 C5 19 4A 1D 3E 7A 
ID: 153, Data: 80 0 0 FF 0 FF 0 0 
ID: 316, Data: 841 47 E8 19 49 1D 3E 7A 
ID: 153, Data: 80 0 0 FF 0 FF 0 0 
ID: A1, Data: 87B 7B 7C 7E 3A 0 0 0 
ID: 280, Data: 830 0 88 B1 34 2C 72 79 
ID: 545, Data: 8E4 87 0 8D E9 2 E9 2 
ID: 43F, Data: 845 48 60 FF 7C 64 19 0 
ID: 153, Data: 80 0 0 FF 0 FF 0 0 
ID: 18F, Data: 8AA 44 0 0 0 0 0 0 
ID: 329, Data: 8B B1 80 8 11 3C 9 26 
ID: 316, Data: 841 47 A 1A 2C 1D 3E 7A 
ID: 316, Data: 841 46 13 1A 25 1D 3E 7A 
ID: 440, Data: 8EB 85 3E A0 FF AA AA AA 
ID: 280, Data: 830 0 88 B1 34 25 72 70 
ID: 43F, Data: 845 48 60 FF 7C 64 19 0 
ID: 43F, Data: 845 48 60 FF 7C 50 19 0 
ID: 316, Data: 841 3C 71 19 4A 1E 3E 7A 
ID: 329, Data: 8B B1 80 8 11 3B 13 26 
ID: 43F, Data: 845 48 60 FF 7C 68 19 0 
ID: 316, Data: 841 43 F9 19 52 1D 3E 7A 
ID: 153, Data: 80 0 0 FF 0 FF 0 0 
ID: 316, Data: 841 47 98 1A 55 1D 3E 7A 
ID: 316, Data: 841 4B AA 1A 57 1C 3E 7A 
ID: 43F, Data: 845 48 60 FF 7C 64 19 0 
ID: 5F0, Data: 20 0 
ID: 153, Data: 80 0 0 FF 0 FF 0 0 
ID: 43F, Data: 845 48 60 FF 7C 68 19 0 
ID: 260, Data: 8B 56 58 30 5 FF BC 0 
ID: 43F, Data: 845 48 60 FF 7C 68 19 0 
ID: 43F, Data: 845 48 60 FF 7C 6C 19 0 
ID: A1, Data: 87D 7B 7E 7E 42 0 0 0 
ID: 316, Data: 841 59 47 1A 58 1C 3E 7A 
ID: 316, Data: 841 5A 3F 1A 58 1C 3E 7A 
ID: 43F, Data: 845 48 60 FF 7C 70 19 0 
ID: 440, Data: 8E9 75 3E A0 FF AA AA AA 
ID: 153, Data: 80 0 0 FF 0 FF 0 0 
ID: 316, Data: 841 5A 24 1A 58 1C 3E 7A 
ID: 316, Data: 841 5A 1C 1A 58 1C 3E 7A 
ID: 43F, Data: 845 48 60 FF 7C 84 19 0 
ID: 316, Data: 841 59 1C 1A 58 1C 3E 7A 
ID: 153, Data: 80 0 0 FF 0 FF 0 0 
ID: 329, Data: 8ED B1 80 8 11 40 1D 26 
ID: 316, Data: 841 57 A 1A 59 1C 3E 7A 
ID: A0, Data: 865 7D 1 1A 3E 37 2 0 
ID: 316, Data: 841 58 A 1A 5A 1C 3E 7A 
ID: 43F, Data: 845 48 60 FF 7C 88 19 0 
ID: A0, Data: 866 7D A 1A 3F 37 2 0 
ID: 316, Data: 841 58 2D 1A 5E 1C 3E 7A 
ID: 316, Data: 841 57 2D 1A 5F 1C 3E 7A 
ID: 43F, Data: 845 48 60 FF 7C 9C 19 0 
ID: 316, Data: 841 5A 36 1A 64 1B 3E 7A 
ID: 153, Data: 80 0 0 FF 0 FF 0 0 
ID: 316, Data: 841 61 8F 1A 64 1B 3E 7A 
ID: 316, Data: 841 62 86 1A 65 1B 3E 7A 
ID: 43F, Data: 845 48 60 FF 7C B0 19 0 
ID: 316, Data: 841 63 47 1A 66 1B 3E 7A 
ID: 153, Data: 80 0 0 FF 0 FF 0 0 
ID: 329, Data: 8ED B1 80 8 11 44 24 26 
ID: 316, Data: 841 64 62 1A 66 1B 3E 7A 
ID: 43F, Data: 845 48 60 FF 7C C4 19 0 
ID: 316, Data: 841 64 7D 1A 69 1B 3F 7A 
ID: 153, Data: 80 0 0 FF 0 FF 0 0 
ID: 43F, Data: 845 48 60 FF 7C D8 19 0 
ID: 316, Data: 841 65 86 1A 6C 1B 3F 7A 
ID: 18F, Data: 8AA 46 0 0 0 0 0 0 
ID: 153, Data: 80 0 0 FF 0 FF 0 0 
ID: 316, Data: 841 6A 98 1A 6B 1A 3F 7A 
ID: 43F, Data: 845 48 60 FF 7C F8 19 0 
ID: 316, Data: 841 6B B3 1A 6B 1A 3F 7A 
ID: 153, Data: 80 0 0 FF 0 FF 0 0 
ID: 316, Data: 841 6C BC 1A 6B 1A 3F 7A 
ID: 316, Data: 841 6C AA 1A 6B 1A 3F 7A 
ID: 43F, Data: 845 48 60 FF 7C 20 1A 0 
ID: 153, Data: 80 0 0 FF 0 FF 0 0 
ID: 1F0, Data: 8C6 3F CD BF 0 0 0 0 
ID: 260, Data: 8B 6C 6C 30 5 FF A1 1F 
ID: 153, Data: 80 0 0 FF 0 FF 0 0 
ID: 153, Data: 80 0 0 FF 0 FF 0 0 
ID: A0, Data: 87B 7D BC 1A 40 3C 2 0 
ID: A0, Data: 87B 7D BC 1A 40 3C 2 0 
ID: 43F, Data: 845 48 60 FF 7C 38 1A 0 
ID: 440, Data: 8E9 25 40 A0 FF AA AA AA 
ID: 329, Data: 8ED B1 80 8 11 45 27 26 
ID: 153, Data: 80 0 0 FF 0 FF 0 0 
ID: 545, Data: 8E4 CC 0 8C 56 5 56 5 
ID: 1F0, Data: 8C5 3F CD BF 0 0 0 0 
ID: 280, Data: 830 0 88 B1 35 40 72 99 
ID: 2A0, Data: 861 1A 72 18 32 0 11 0 
ID: 43F, Data: 845 48 60 FF 7C 68 1A 0 
ID: 316, Data: 841 69 F4 1A 6B 1B 40 7A 
ID: 153, Data: 80 0 0 FF 0 FF 0 0 
ID: 316, Data: 841 68 EA 1A 6B 1B 40 7A 
ID: 316, Data: 841 69 F4 1A 6B 1B 40 7A 
ID: 43F, Data: 845 48 60 FF 7C 80 1A 0 
ID: 316, Data: 841 69 FD 1A 6B 1B 40 7A 
ID: 153, Data: 80 0 0 FF 0 FF 0 0 
ID: 1F0, Data: 8C6 3F CD BF 0 0 0 0 
ID: 316, Data: 841 69 10 1B 59 1B 40 7A 
ID: 153, Data: 80 0 0 FF 0 FF 0 0 
ID: 43F, Data: 845 48 60 FF 7C A4 1A 0 
ID: A0, Data: 86D 7D 23 1B 41 39 2 0 
ID: 43F, Data: 845 48 60 FF 7C 98 1A 0 
ID: 43F, Data: 845 48 60 FF 7C 9C 1A 0 
ID: A1, Data: 87C 7B 7E 7E 44 0 0 0 
ID: 316, Data: 841 5A D8 1A 59 1B 41 7A 
ID: 316, Data: 841 5B E1 1A 59 1B 41 7A 
ID: 43F, Data: 845 48 60 FF 7C A4 1A 0 
ID: 329, Data: 8ED B1 80 8 11 41 1D 26 
ID: 153, Data: 80 0 0 FF 0 FF 0 0 
ID: 153, Data: 80 0 0 FF 0 FF 0 0 
ID: 316, Data: 841 59 48 1B 58 1C 41 7A 
ID: 153, Data: 80 0 0 FF 0 FF 0 0 
ID: 2A0, Data: 81 1C 71 18 32 0 11 0 
ID: 316, Data: 841 58 48 1B 58 1C 41 7A 
ID: 1F1, Data: 80 0 6 E2 1F 10 D2 20 
ID: 316, Data: 841 59 48 1B 58 1C 41 7A 
ID: 316, Data: 841 59 52 1B 58 1C 41 7A 
ID: 43F, Data: 845 48 60 FF 7C D0 1A 0 
ID: 545, Data: 8E4 B3 0 8C D3 4 D3 4 
ID: 43F, Data: 845 48 60 FF 7C F4 1A 0 
ID: 43F, Data: 845 48 60 FF 7C D8 1A 0 
ID: 440, Data: 8E1 85 41 A0 FF AA AA AA 
ID: 153, Data: 80 0 0 FF 0 FF 0 0 
ID: A1, Data: 87B 7B 7D 7E 3F 0 0 0 
ID: 329, Data: 8ED B1 80 8 11 3F 21 26 
ID: 545, Data: 8E4 9C 0 8D 77 4 77 4 
ID: 153, Data: 80 0 0 FF 0 FF 0 0 
ID: 153, Data: 80 0 0 FF 0 FF 0 0 
ID: 316, Data: 81 53 D1 1B 56 12 41 7A 
ID: A1, Data: 87A 7B 7C 7E 3F 0 0 0 
ID: 316, Data: 81 55 2 1C 57 12 41 7A 
ID: 316, Data: 81 55 2 1C 57 12 41 7A 
ID: 2A0, Data: 8A1 1D 71 18 32 0 11 0 
ID: 43F, Data: 845 48 60 FF 7C F4 1A 0 
ID: 43F, Data: 845 48 60 FF 7C FC 1A 0 
ID: 260, Data: 8B 59 59 30 5 FF B8 1F 
ID: 316, Data: 81 58 C7 1B 58 12 41 7A 
ID: 280, Data: 830 0 88 B1 37 37 71 8B 
ID: 43F, Data: 845 48 60 FF 7C F4 1A 0 
ID: 5F0, Data: 20 0 
ID: 153, Data: 80 0 0 FF 0 FF 0 0 
ID: 153, Data: 80 0 0 FF 0 FF 0 0 
ID: 2A0, Data: 81 1D 71 18 32 0 11 0 
ID: 316, Data: 81 5B BD 1B 59 12 42 7A 
ID: 545, Data: 8E4 AE 0 8D F 5 F 5 
ID: 316, Data: 81 5B C7 1B 59 12 42 7A 
ID: 153, Data: 80 0 0 FF 0 FF 0 0 
ID: 316, Data: 81 5B BD 1B 59 12 42 7A 
ID: 316, Data: 81 5B C7 1B 59 12 42 7A 
ID: A1, Data: 87D 7B 7C 7E 42 0 0 0 
ID: 43F, Data: 845 48 60 FF 7C 2C 1B 0 
ID: 43F, Data: 845 48 60 FF 7C 44 1B 0 
ID: 545, Data: 8E4 B0 0 8D 94 4 94 4 
ID: 316, Data: 81 51 96 1B 4B 12 42 7A 
ID: 316, Data: 81 4F 82 1B 4B 13 42 7A 
ID: 43F, Data: 845 48 60 FF 7C 38 1B 0 
ID: 43F, Data: 845 48 60 FF 7C 34 1B 0 
ID: 18F, Data: 8AA 3E 0 0 0 0 0 0 
ID: 316, Data: 81 4C 8C 1B 4B 13 42 7A 
ID: 153, Data: 80 0 0 FF 0 FF 0 0 
ID: 316, Data: 81 4B 8C 1B 4B 13 42 7A 
ID: 316, Data: 81 4A 96 1B 4B 13 42 7A 
ID: 18F, Data: 8AA 3E 0 0 0 0 0 0 
ID: 43F, Data: 845 48 60 FF 7C 3C 1B 0 
ID: 153, Data: 80 0 0 FF 0 FF 0 0 
ID: 316, Data: 81 4A BD 1B 4B 13 42 7B 
ID: 316, Data: 81 49 C7 1B 4B 13 42 7B 
ID: 260, Data: 8B 4B 4B 30 5 FF C6 3C 
ID: 440, Data: 8E2 75 42 A0 FF AA AA AA 
ID: 316, Data: 81 49 DA 1B 4B 13 42 7B 
ID: 153, Data: 80 0 0 FF 0 FF 0 0 
ID: 316, Data: 81 49 C7 1B 4B 13 42 7B 
ID: 153, Data: 80 0 0 FF 0 FF 0 0 
ID: A0, Data: 855 7D D1 1B 43 34 2 0 
ID: 329, Data: 8ED B1 80 8 11 3D 1B 26 
ID: A0, Data: 855 7D DA 1B 43 34 2 0 
ID: 43F, Data: 845 48 60 FF 7C 58 1B 0 
ID: 43F, Data: 845 48 60 FF 7C 50 1B 0 
ID: A0, Data: 857 7D D1 1B 43 35 2 0 
ID: 316, Data: 81 4D BD 1B 53 13 42 7B 
ID: 316, Data: 81 4E BD 1B 54 13 42 7B 
ID: 43F, Data: 845 48 60 FF 7C 58 1B 0 
ID: 5F0, Data: 20 0 
ID: 153, Data: 80 0 0 FF 0 FF 0 0 
ID: 5A0, Data: 80 0 0 90 0 0 0 0 
ID: 545, Data: 8E4 A8 0 8D 62 4 62 4 
ID: 370, Data: 8FF E5 F0 FF FF FF FF FF 
ID: 440, Data: 8E1 75 42 A0 FF AA AA AA 
ID: 316, Data: 81 53 2 1C 4F 12 43 7B 
ID: 2A0, Data: 8A1 1D 71 18 32 0 11 0 
ID: 43F, Data: 845 48 60 FF 7C 60 1B 0 
ID: 5F0, Data: 20 0 
ID: A0, Data: 85B 7D F8 1B 43 35 2 0 
ID: 260, Data: 8B 51 50 30 5 FF BE B 
ID: 43F, Data: 845 48 60 FF 7C 70 1B 0 
ID: 43F, Data: 845 48 60 FF 7C 70 1B 0 
ID: 440, Data: 8E2 75 43 A0 FF AA AA AA 
ID: 153, Data: 80 0 0 FF 0 FF 0 0 
ID: 329, Data: 884 B1 80 8 11 3C 2 26 
ID: 316, Data: 81 47 EE 1B E 13 43 7B 
ID: 260, Data: 8B 45 E 30 5 FF C2 19 
ID: 153, Data: 80 0 0 FF 0 FF 0 0 
ID: 153, Data: 80 0 0 FF 0 FF 0 0 
ID: 316, Data: 81 34 96 1B 11 16 43 7B 
ID: 153, Data: 80 0 0 FF 0 FF 0 0 
ID: 316, Data: 81 28 52 1B 13 17 43 7B 
ID: 153, Data: 80 0 0 FF 0 FF 0 0 
ID: 153, Data: 80 0 0 FF 0 FF 0 0 
ID: 316, Data: 81 20 8C 1B 29 18 43 7B 
ID: 440, Data: 8E7 75 42 A0 FF AA AA AA 
ID: 329, Data: 8B B1 80 8 11 34 A 26 
ID: 153, Data: 80 0 0 FF 0 FF 0 0 
ID: 153, Data: 80 0 0 FF 0 FF 0 0 
ID: 316, Data: 81 2A 21 1C 35 18 42 7B 
ID: 153, Data: 80 0 0 FF 0 FF 0 0 
ID: 316, Data: 81 2D 3F 1C 3B 17 42 7B 
ID: 153, Data: 80 0 0 FF 0 FF 0 0 
ID: 280, Data: 830 0 88 B1 38 1F 71 50 
ID: 316, Data: 81 34 54 1C 48 17 42 7B 
ID: 153, Data: 80 0 0 FF 0 FF 0 0 
ID: 316, Data: 81 3C BC 1C 4C 15 42 7B 
ID: 153, Data: 80 0 0 FF 0 FF 0 0 
ID: 153, Data: 80 0 0 FF 0 FF 0 0 
ID: 316, Data: 81 42 5E 1D 4B 14 42 7B 
ID: 153, Data: 80 0 0 FF 0 FF 0 0 
ID: 545, Data: 8E4 9E 0 8D 8C 3 8C 3 
ID: 316, Data: 81 48 C3 1D 4A 13 42 7B 
ID: 545, Data: 8E4 A8 0 8D C8 3 C8 3 
ID: 316, Data: 81 4A FC 1D 4A 13 42 7B 
ID: 153, Data: 80 0 0 FF 0 FF 0 0 
ID: 18F, Data: 8AA 39 0 0 0 0 0 0 
ID: 316, Data: 81 4B F0 1D 4A 13 42 7B 
ID: 316, Data: 81 4B FC 1D 4A 13 42 7B 
ID: A1, Data: 880 7F 7C 80 3A 0 0 0 
ID: 43F, Data: 845 48 60 FF 7C 38 1B 0 
ID: 43F, Data: 845 48 60 FF 7C 40 1B 0 
ID: 2A0, Data: 8C1 19 71 18 32 0 11 0 
ID: 316, Data: 81 4B A1 1D 4E 13 42 7B 
ID: 316, Data: 81 4C 8A 1D 4E 13 42 7B 
ID: 43F, Data: 845 48 60 FF 7C 50 1B 0 
ID: 316, Data: 81 4C 32 1D 4F 13 42 7B 
ID: 153, Data: 80 0 0 FF 0 FF 0 0 
ID: 153, Data: 80 0 0 FF 0 FF 0 0 
ID: 316, Data: 81 4F 32 1D 4F 13 42 7B 
ID: 153, Data: 80 0 0 FF 0 FF 0 0 
ID: 316, Data: 81 50 27 1D 50 13 42 7B 
ID: 316, Data: 81 50 11 1D 50 13 42 7B 
ID: 2A0, Data: 81 1A 71 18 32 0 11 0 
ID: 316, Data: 81 50 FC 1C 50 13 43 7B 
ID: 316, Data: 81 51 FC 1C 50 13 43 7B 
ID: A0, Data: 85C 7D E6 1C 43 36 2 0 
ID: 316, Data: 81 51 DC 1C 51 13 43 7B 
ID: 316, Data: 81 51 DC 1C 51 13 43 7B 
ID: 43F, Data: 845 48 60 FF 7C 7C 1B 0 
ID: 316, Data: 81 51 B1 1C 51 12 43 7B 
ID: 370, Data: 8FF E5 F0 FF FF FF FF FF 
ID: 316, Data: 81 52 87 1C 51 12 43 7B 
ID: 153, Data: 80 0 0 FF 0 FF 0 0 
ID: 43F, Data: 845 48 60 FF 7C 94 1B 0 
ID: 43F, Data: 845 48 60 FF 7C 8C 1B 0 
ID: 43F, Data: 845 48 60 FF 7C 94 1B 0 
ID: 316, Data: 81 4D 87 1C E 13 43 7B 
ID: 316, Data: 81 4A D1 1C E 13 43 7B 
ID: A1, Data: 87D 7B 7B 7E 3A 0 0 0 
ID: 43F, Data: 845 48 60 FF 7C 98 1B 0 
ID: 153, Data: 80 0 0 FF 0 FF 0 0 
ID: 370, Data: 8FF E5 F0 FF FF FF FF FF 
ID: 316, Data: 81 27 96 1B 13 17 43 7B 
ID: 153, Data: 80 0 0 FF 0 FF 0 0 
ID: 316, Data: 81 20 EE 1B 13 18 43 7B 
ID: 153, Data: 80 0 0 FF 0 FF 0 0 
ID: 18F, Data: 8AA 38 0 0 0 0 0 0 
ID: 316, Data: 81 1A B3 1B 14 19 43 7B 
ID: 43F, Data: 845 48 60 FF 7C 64 1B 0 
ID: 260, Data: 8B 18 15 30 5 FF 9C 38 
ID: 153, Data: 80 0 0 FF 0 FF 0 0 
ID: 329, Data: 8ED B1 80 8 11 2E 0 26 
ID: 316, Data: 81 15 62 1A 15 19 43 7B 
ID: 329, Data: 8B B1 80 8 11 2E 0 26 
ID: 43F, Data: 845 48 60 FF 7C 54 1B 0 
ID: 316, Data: 81 13 BD 19 17 19 43 7B 
ID: A0, Data: 81D 7D D6 19 43 27 2 0 
ID: 316, Data: 81 1A 1 1A 20 19 42 7B 
ID: 316, Data: 81 1B 62 1A 20 19 42 7B 
ID: A1, Data: 879 7C 72 7C 17 0 0 0 
ID: 43F, Data: 845 48 60 FF 7C 30 1B 0 
ID: 153, Data: 80 0 0 FF 0 FF 0 0 
ID: A0, Data: 823 7D 35 1B 43 29 2 0 
ID: 316, Data: 81 1E 3F 1B 1F 19 42 7B 
ID: 18F, Data: 8AA 37 0 0 0 0 0 0 
ID: 440, Data: 8E7 75 42 A0 FF AA AA AA 
ID: 43F, Data: 845 48 60 FF 7C F8 1A 0 
ID: 329, Data: 8ED B1 80 8 11 31 5 26 
ID: 153, Data: 80 0 0 FF 0 FF 0 0 
ID: 316, Data: 81 20 FD 1A 26 18 42 7B 
ID: 316, Data: 81 20 3F 1B 27 18 42 7B 
ID: 280, Data: 830 0 88 B1 36 14 71 39 
ID: 43F, Data: 845 48 60 FF 7C 1C 1B 0 
ID: 316, Data: 81 24 65 1B 33 18 42 7B 
ID: 153, Data: 80 0 0 FF 0 FF 0 0 
ID: 316, Data: 81 28 A9 1B 33 18 42 7B 
ID: 153, Data: 80 0 0 FF 0 FF 0 0 
ID: 260, Data: 8B 2B 32 30 5 FF CC 32 
ID: 316, Data: 81 2C F8 1B 32 17 41 7B 
ID: A1, Data: 87E 7B 7A 7C 22 0 0 0 
ID: 43F, Data: 845 48 60 FF 7C EC 1A 0 
ID: 316, Data: 81 2E C 1C 37 17 41 7B 
ID: A0, Data: 83C 7D 17 1C 42 2F 2 0 
ID: 316, Data: 81 31 17 1C 37 17 41 7B 
ID: 153, Data: 80 0 0 FF 0 FF 0 0 
ID: 2A0, Data: 8A1 11 71 18 32 0 11 0 
ID: 316, Data: 81 34 54 1C 37 16 41 7B 
ID: 316, Data: 81 34 68 1C 39 16 41 7B 
ID: 316, Data: 81 35 87 1C 39 16 41 7B 
ID: A1, Data: 880 7D 7C 7E 2B 0 0 0 
ID: 316, Data: 81 36 87 1C 39 15 41 7B 
ID: 316, Data: 81 38 92 1C 39 15 41 7B 
ID: 18F, Data: 8AA 36 0 0 0 0 0 0 
ID: 316, Data: 81 38 A7 1C 3B 15 42 7B 
ID: 153, Data: 80 0 0 FF 0 FF 0 0 
ID: 316, Data: 81 39 BC 1C 3B 15 42 7B 
ID: 316, Data: 81 3A C6 1C 3B 15 42 7B 
ID: 545, Data: 8E4 79 0 8D 97 2 97 2 
ID: 370, Data: 8FF E4 F0 FF FF FF FF FF 
ID: 1F1, Data: 80 88 6 32 20 13 22 21 
ID: 316, Data: 81 3C C6 1C 3D 15 42 7B 
ID: 316, Data: 81 3C D1 1C 3E 15 42 7B 
ID: A0, Data: 843 7D C6 1C 42 31 2 0 
ID: 316, Data: 81 3C FC 1C 3D 15 42 7B 
ID: 316, Data: 81 3D F1 1C 3D 15 42 7B 
ID: A1, Data: 880 7F 7D 80 31 0 0 0 
ID: 316, Data: 81 3E 11 1D 3D 15 42 7B 
ID: 316, Data: 81 3E 11 1D 3D 15 42 7B 
ID: A0, Data: 847 7D 11 1D 42 32 2 0 
ID: 316, Data: 81 3F F1 1C 3D 14 42 7B 
ID: 1F1, Data: 80 22 C 82 20 14 42 21 
ID: 316, Data: 81 3F C6 1C 3D 14 42 7B 
ID: 316, Data: 81 3F 9C 1C 3D 14 42 7B 
ID: 545, Data: 8E4 78 0 8D FD 2 FD 2 
ID: 316, Data: 81 41 3F 1C 3E 14 42 7B 
ID: 316, Data: 81 41 35 1C 3E 14 42 7B 
ID: A0, Data: 848 7D 35 1C 42 32 2 0 
ID: 316, Data: 81 3F 35 1C 3E 14 42 7B 
ID: 1F1, Data: 80 88 B 52 20 16 62 21 
ID: 43F, Data: 845 48 60 FF 7C 1C 1B 0 
ID: 316, Data: 81 3F 17 1C 3E 14 42 7B 
ID: 545, Data: 8E4 76 0 8D E8 2 E8 2 
ID: 43F, Data: 845 48 60 FF 7C 30 1B 0 
ID: 1F1, Data: 80 CC B 82 20 17 52 21 
ID: 18F, Data: 8AA 36 0 0 0 0 0 0 
ID: 316, Data: 81 3E 21 1C 3E 14 42 7B 
ID: 43F, Data: 845 48 60 FF 7C 34 1B 0 
ID: 316, Data: 81 3E 21 1C 3E 14 42 7B 
ID: 153, Data: 80 0 0 FF 0 FF 0 0 
ID: 316, Data: 81 3D 2B 1C 3E 15 42 7B 
ID: 316, Data: 81 3E C 1C 3B 14 42 7B 
ID: 280, Data: 830 0 88 B1 38 26 71 6B 
ID: A1, Data: 87B 7F 7A 80 32 0 0 0 
ID: 316, Data: 81 3B 5E 1C 10 15 42 7B 
ID: 316, Data: 81 38 87 1C 10 15 42 7B 
ID: 153, Data: 80 0 0 FF 0 FF 0 0 
ID: 316, Data: 81 2F BD 1B 12 17 42 7B 
ID: 316, Data: 81 29 52 1B 13 17 42 7B 
ID: 280, Data: 830 0 88 B1 36 16 71 40 
ID: 43F, Data: 845 48 60 FF 7C 30 1B 0 
ID: 316, Data: 81 1F 65 1B 14 18 42 7B 
ID: 153, Data: 80 0 0 FF 0 FF 0 0 
ID: 316, Data: 81 1C 52 1B 14 19 42 7B 
ID: 316, Data: 81 1A 2C 1B 14 19 42 7B 
ID: 260, Data: 8B 19 15 30 5 FF 9E 35 
ID: 440, Data: 8E7 75 42 A0 FF AA AA AA 
ID: 316, Data: 81 16 6B 1A 15 19 42 7B 
ID: 153, Data: 80 0 0 FF 0 FF 0 0 
ID: 316, Data: 81 14 13 1A 15 19 42 7B 
ID: 153, Data: 80 0 0 FF 0 FF 0 0 
ID: 18F, Data: 8AA 36 0 0 0 0 0 0 
ID: 329, Data: 8ED B1 80 8 11 2E 0 26 
ID: 153, Data: 80 0 0 FF 0 FF 0 0 
ID: 260, Data: 8B 15 16 30 5 FF 6C 2E 
ID: 316, Data: 81 19 E0 18 17 19 42 7B 
ID: A1, Data: 876 7E 73 7C 17 0 0 0 
ID: 316, Data: 81 1B D6 19 19 19 42 7B 
ID: 153, Data: 80 0 0 FF 0 FF 0 0 
ID: A1, Data: 876 7C 73 7C 17 0 0 0 
ID: 329, Data: 8ED B1 80 8 11 2F 5 26 
ID: 545, Data: 8E4 2E 0 8D 32 0 32 0 
ID: 153, Data: 80 0 0 FF 0 FF 0 0 
ID: 43F, Data: 845 48 60 FF 7C E8 1A 0 
ID: 153, Data: 80 0 0 FF 0 FF 0 0 
ID: 1F0, Data: 8D0 3F CD BF 0 0 0 0 
ID: 316, Data: 81 2F 23 1B 44 17 41 7B 
ID: 316, Data: 81 32 5C 1B 45 17 41 7B 
ID: 2A0, Data: 8C1 D 71 18 32 0 11 0 
ID: 370, Data: 8FF E4 F0 FF FF FF FF FF 
ID: 153, Data: 80 0 0 FF 0 FF 0 0 
ID: 316, Data: 81 3C F1 1C 45 15 41 7B 
ID: 260, Data: 8B 3E 46 30 5 FF D3 31 
ID: 153, Data: 80 0 0 FF 0 FF 0 0 
ID: 316, Data: 81 41 7 1D 44 14 41 7B 
ID: 153, Data: 80 0 0 FF 0 FF 0 0 
ID: 545, Data: 8E4 93 0 8D 1E 3 1E 3 
ID: 316, Data: 81 42 27 1D 43 14 41 7B 
ID: 1F1, Data: 80 77 3 42 20 E 12 21 
ID: 316, Data: 81 43 3D 1D 43 14 41 7B 
ID: 153, Data: 80 0 0 FF 0 FF 0 0 
ID: 1F0, Data: 8D0 3F CD BF 0 0 0 0 
ID: 316, Data: 81 41 32 1D 44 14 41 7B 
ID: 329, Data: 884 B1 80 8 11 3C 18 26 
ID: 43F, Data: 845 48 60 FF 7C E8 1A 0 
ID: 316, Data: 81 43 3D 1D 44 14 41 7B 
ID: 316, Data: 81 42 32 1D 43 14 42 7B 
ID: 316, Data: 81 43 11 1D 43 13 42 7B 
ID: 43F, Data: 845 48 60 FF 7C F8 1A 0 
ID: 316, Data: 81 44 FC 1C 43 13 42 7B 
ID: A1, Data: 87C 7F 7D 80 37 0 0 0 
ID: 153, Data: 80 0 0 FF 0 FF 0 0 
ID: 316, Data: 81 48 F1 1C 4D 1D 42 7B 
ID: 153, Data: 80 0 0 FF 0 FF 0 0 
ID: 316, Data: 81 4A 48 1D 4D 1C 42 7B 
ID: 316, Data: 81 4C 32 1D 52 1C 42 7B 
ID: A1, Data: 87D 7D 7B 7E 3B 0 0 0 
ID: 43F, Data: 845 48 60 FF 7C 34 1B 0 
ID: 43F, Data: 845 48 60 FF 7C 2C 1B 0 
ID: 2A0, Data: 8A1 10 71 18 32 0 11 0 
ID: 316, Data: 841 56 DC 1C 56 1C 42 7B 
ID: 329, Data: 884 B1 80 8 11 42 1D 26 
ID: 43F, Data: 845 48 60 FF 7C 40 1B 0 
ID: 545, Data: 8E4 B4 0 8D 36 4 36 4 
ID: 153, Data: 80 0 0 FF 0 FF 0 0 
ID: 316, Data: 841 5A 54 1C 57 1C 43 7B 
ID: 153, Data: 80 0 0 FF 0 FF 0 0 
ID: 329, Data: 840 B1 80 8 11 41 21 26 
ID: 316, Data: 841 59 73 1C 5E 1C 43 7B 
ID: 43F, Data: 845 48 60 FF 7C 7C 1B 0 
ID: 43F, Data: 845 48 60 FF 7C 74 1B 0 
ID: 153, Data: 80 0 0 FF 0 FF 0 0 
ID: 316, Data: 841 63 73 1C 6B 1B 43 7B 
ID: 316, Data: 841 66 87 1C 6A 1B 43 7B 
ID: 43F, Data: 845 48 60 FF 7C 9C 1B 0 
ID: 43F, Data: 845 48 60 FF 7C A0 1B 0 
ID: 153, Data: 80 0 0 FF 0 FF 0 0 
ID: 153, Data: 80 0 0 FF 0 FF 0 0 
ID: 316, Data: 841 6D D1 1C 6A 1B 43 7B 
ID: 370, Data: 8FF E4 F0 FF FF FF FF FF 
ID: 316, Data: 841 6B A7 1C 6A 1B 43 7B 
ID: 1F0, Data: 8D3 3F CD BF 0 0 0 0 
ID: 545, Data: 8E4 D1 0 8C 74 5 74 5 
ID: 545, Data: 8E4 CB 0 8C 6A 5 6A 5 
ID: 153, Data: 80 0 0 FF 0 FF 0 0 
ID: 153, Data: 80 0 0 FF 0 FF 0 0 
ID: 43F, Data: 845 48 60 FF 7C 8 1C 0 
ID: 545, Data: 8E4 C6 0 8C 63 5 63 5 
ID: 43F, Data: 845 48 60 FF 7C 24 1C 0 
ID: 153, Data: 80 0 0 FF 0 FF 0 0 
ID: 545, Data: 8E4 D3 0 8C 5E 5 5E 5 
ID: 316, Data: 841 69 7 1D 6C 1B 44 7B 
ID: 545, Data: 8E4 D6 0 8C 6E 5 6E 5 
ID: 316, Data: 841 69 11 1D 6C 1B 45 7B 
ID: 1F1, Data: 80 55 1B C2 21 2D D2 22 
ID: 5F0, Data: 20 0 
ID: 43F, Data: 845 48 60 FF 7C 5C 1C 0 
ID: 153, Data: 80 0 0 FF 0 FF 0 0 
ID: 18F, Data: 8AA 39 0 0 0 0 0 0 
ID: 316, Data: 841 6B 1C 1D 6C 1B 45 7B 
ID: 43F, Data: 845 48 60 FF 7C 74 1C 0 
ID: 153, Data: 80 0 0 FF 0 FF 0 0 
ID: 316, Data: 841 6C 3D 1D 6B 1B 45 7B 
ID: 316, Data: 841 6C 48 1D 69 1B 45 7B 
ID: A0, Data: 87A 7D 27 1D 46 3D 2 0 
ID: 316, Data: 841 6D 69 1D 60 1B 45 7B 
ID: 316, Data: 841 6A 5E 1D 58 1B 46 7B 
ID: 153, Data: 80 0 0 FF 0 FF 0 0 
ID: 18F, Data: 8AA 3A 0 0 0 0 0 0 
ID: 316, Data: 841 5C 11 1D 51 1C 46 7B 
ID: 316, Data: 841 58 FC 1C 51 1C 46 7B 
ID: 153, Data: 80 0 0 FF 0 FF 0 0 
ID: 440, Data: 8EA 85 46 A0 FF AA AA AA 
ID: 43F, Data: 845 48 60 FF 7C D4 1C 0 
ID: A1, Data: 87D 7B 7C 7E 3F 0 0 0 
ID: 153, Data: 80 0 0 FF 0 FF 0 0 
ID: 316, Data: 841 52 32 1D 51 1C 46 7B 
ID: 153, Data: 80 0 0 FF 0 FF 0 0 
ID: A1, Data: 87C 7B 7B 7E 3E 0 0 0 
ID: 329, Data: 884 B1 80 8 11 40 1B 26 
ID: 153, Data: 80 0 0 FF 0 FF 0 0 
ID: 316, Data: 841 50 7F 1D 51 1C 47 7B 
ID: 153, Data: 80 0 0 FF 0 FF 0 0 
ID: 316, Data: 841 4F 8A 1D 51 1C 47 7B 
ID: 316, Data: 841 50 8A 1D 51 1C 47 7B 
ID: 43F, Data: 845 48 60 FF 7C 4 1D 0 
ID: 316, Data: 841 51 A1 1D 50 1C 47 7B 
ID: 18F, Data: 8AA 3C 0 0 0 0 0 0 
ID: 316, Data: 841 51 C3 1D 50 1C 47 7B 
ID: 316, Data: 841 52 C3 1D 50 1C 47 7B 
ID: A0, Data: 85D 7D C3 1D 47 37 2 0 
ID: 316, Data: 841 51 D9 1D 50 1C 47 7B 
ID: 316, Data: 841 52 E5 1D 50 1C 47 7B 
ID: 153, Data: 80 0 0 FF 0 FF 0 0 
ID: 18F, Data: 8AA 3D 0 0 0 0 0 0 
ID: 316, Data: 841 52 CE 1D 50 1C 47 7B 
ID: 316, Data: 841 52 C3 1D 50 1C 47 7B 
ID: 153, Data: 80 0 0 FF 0 FF 0 0 
ID: 153, Data: 80 0 0 FF 0 FF 0 0 
ID: 43F, Data: 845 48 60 FF 7C 40 1D 0 
ID: 153, Data: 80 0 0 FF 0 FF 0 0 
ID: 316, Data: 841 4E C3 1D 44 1C 47 7B 
ID: 316, Data: 841 4B B7 1D 44 1C 47 7B 
ID: 5F0, Data: 20 0 
ID: 316, Data: 841 48 8A 1D 44 1D 47 7B 
ID: 153, Data: 80 0 0 FF 0 FF 0 0 
ID: 43F, Data: 845 48 60 FF 7D 5C 1D 0 
ID: 5F0, Data: 20 0 
ID: 43F, Data: 845 48 60 FF 7C 5C 1D 0 
ID: 153, Data: 80 0 0 FF 0 FF 0 0 
ID: 2A0, Data: 8C1 1A 70 18 32 0 11 0 
ID: 316, Data: 841 43 7 1E 46 1D 48 7B 
ID: 260, Data: 8B 43 47 30 5 FF CF 2 
ID: 316, Data: 841 42 7 1E 46 1D 48 7B 
ID: 316, Data: 841 43 FC 1D 46 1D 48 7B 
ID: 1F1, Data: 80 98 33 22 23 40 52 24 
ID: 316, Data: 841 42 E5 1D 48 1D 48 7B 
ID: 5F0, Data: 20 0 
ID: 43F, Data: 845 48 60 FF 7D 74 1D 0 
ID: 153, Data: 80 0 0 FF 0 FF 0 0 
ID: 43F, Data: 845 48 60 FF 7C 74 1D 0 
ID: 18F, Data: 8AA 3F 0 0 0 0 0 0 
ID: 316, Data: 841 45 2A 1E 48 1D 48 7B 
ID: 153, Data: 80 0 0 FF 0 FF 0 0 
ID: 316, Data: 841 46 13 1E 48 1D 48 7B 
ID: 316, Data: 841 47 1E 1E 48 1D 48 7B 
ID: 5F0, Data: 20 0 
ID: 316, Data: 841 47 13 1E 48 1D 48 7B 
ID: 316, Data: 841 47 1E 1E 48 1D 48 7B 
ID: 43F, Data: 845 48 60 FF 7C 90 1D 0 
ID: 545, Data: 8E4 8E 0 8D 0 3 0 3 
ID: 153, Data: 80 0 0 FF 0 FF 0 0 
ID: 316, Data: 841 47 13 1E 48 1D 48 7B 
ID: 370, Data: 8FF E1 F0 FF FF FF FF FF 
ID: 153, Data: 80 0 0 FF 0 FF 0 0 
ID: 43F, Data: 845 48 60 FF 7C 9C 1D 0 
ID: A1, Data: 87E 7F 7B 80 39 0 0 0 
ID: 43F, Data: 845 48 60 FF 7C 8C 1D 0 
ID: 43F, Data: 845 48 60 FF 7C 9C 1D 0 
ID: A1, Data: 87E 7F 7B 80 39 0 0 0 
ID: 316, Data: 841 48 2A 1E 48 1D 48 7B 
ID: 316, Data: 841 48 2A 1E 48 1D 48 7B 
ID: 5F0, Data: 20 0 
ID: 43F, Data: 845 48 60 FF 7C B4 1D 0 
ID: 316, Data: 841 49 36 1E 48 1D 48 7B 
ID: 153, Data: 80 0 0 FF 0 FF 0 0 
ID: 316, Data: 841 48 1E 1E 48 1D 48 7B 
ID: 316, Data: 841 49 2A 1E 48 1D 48 7B 
ID: 43F, Data: 845 48 60 FF 7C BC 1D 0 
ID: 153, Data: 80 0 0 FF 0 FF 0 0 
ID: 1F1, Data: 80 76 35 D2 23 4A A2 24 
ID: 2A0, Data: 8A1 19 70 18 32 0 11 0 
ID: 5F0, Data: 20 0 
ID: 316, Data: 841 48 41 1E 48 1D 49 7B 
ID: 316, Data: 841 48 41 1E 48 1D 49 7B 
ID: 153, Data: 80 0 0 FF 0 FF 0 0 
ID: 329, Data: 884 B1 80 8 11 3E 16 26 
ID: 316, Data: 841 48 59 1E 48 1D 49 7B 
ID: A0, Data: 851 7D 4D 1E 49 35 2 0 
ID: 153, Data: 80 0 0 FF 0 FF 0 0 
ID: 280, Data: 830 0 88 B1 3C 2C 70 79 
ID: 43F, Data: 845 48 60 FF 7C E4 1D 0 
ID: 18F, Data: 8AA 40 0 0 0 0 0 0 
ID: 316, Data: 841 47 4D 1E 48 1D 49 7B 
ID: 153, Data: 80 0 0 FF 0 FF 0 0 
ID: 280, Data: 830 0 88 B1 3C 2C 70 79 
ID: 316, Data: 841 47 4D 1E 49 1D 49 7B 
ID: 5F0, Data: 20 0 
ID: 43F, Data: 845 48 60 FF 7C EC 1D 0 
ID: 316, Data: 841 48 59 1E 16 1D 49 7B 
ID: 153, Data: 80 0 0 FF 0 FF 0 0 
ID: 316, Data: 841 45 B8 1E 17 1D 49 7B 
ID: 316, Data: 841 3F E9 1E 18 1F 49 7B 
ID: 370, Data: 8FF E0 F0 FF FF FF FF FF 
ID: 153, Data: 80 0 0 FF 0 FF 0 0 
ID: 43F, Data: 845 48 60 FF 7C B4 1D 0 
ID: 153, Data: 80 0 0 FF 0 FF 0 0 
ID: 316, Data: 841 2A 7 1E 1B 21 49 7B 
ID: 153, Data: 80 0 0 FF 0 FF 0 0 
ID: 329, Data: 840 B1 80 8 11 31 0 26 
ID: 316, Data: 841 23 1E 1E 1C 22 49 7B 
ID: 18F, Data: 8AA 40 0 0 0 0 0 0 
ID: 316, Data: 841 1F D9 1D 1C 22 49 7B 
ID: 153, Data: 80 0 0 FF 0 FF 0 0 
ID: 280, Data: 830 0 84 B1 3B 13 70 37 
ID: 316, Data: 841 1C 53 1D 1D 22 49 7B 
ID: 153, Data: 80 0 0 FF 0 FF 0 0 
ID: 316, Data: 841 19 FC 1C 1D 22 49 7B 
ID: 316, Data: 841 17 92 1C 1D 22 49 7B 
ID: 43F, Data: 845 48 60 FF 7D A0 1D 0 
ID: 43F, Data: 845 48 60 FF 7C 8C 1D 0 
ID: 153, Data: 80 0 0 FF 0 FF 0 0 
ID: 316, Data: 841 1A 52 1B 1D 22 48 7B 
ID: 316, Data: 841 1B 19 1B 1D 22 48 7B 
ID: 5F0, Data: 20 0 
ID: 370, Data: 8FF E0 F0 FF FF FF FF FF 
ID: 153, Data: 80 0 0 FF 0 FF 0 0 
ID: 43F, Data: 845 48 60 FF 7D 6C 1D 0 
ID: 280, Data: 830 0 84 B1 36 17 70 3D 
ID: 153, Data: 80 0 0 FF 0 FF 0 0 
ID: 280, Data: 830 0 84 B1 36 17 70 3D 
ID: 316, Data: 841 1D 96 1B 1D 22 48 7B 
ID: 43F, Data: 845 48 60 FF 7D 3C 1D 0 
ID: 316, Data: 841 1D 8C 1B 1D 22 48 7B 
ID: 5F0, Data: 20 0 
ID: 316, Data: 841 1D 35 1B 1D 22 47 7B 
ID: 153, Data: 80 0 0 FF 0 FF 0 0 
ID: 43F, Data: 845 48 60 FF 7C 24 1D 0 
ID: 153, Data: 80 0 0 FF 0 FF 0 0 
ID: 316, Data: 849 1E F4 1A 1D 22 47 7B 
ID: 316, Data: 849 1E E1 1A 1D 22 47 7B 
ID: 2A0, Data: 840 E 70 18 32 0 11 0 
ID: 316, Data: 849 19 98 1A 1E 22 47 7B 
ID: 316, Data: 849 19 86 1A 1E 22 47 7B 
ID: 153, Data: 80 0 0 FF 0 FF 0 0 
ID: 545, Data: 8E4 2A 0 8D 50 FF 50 FF 
ID: 316, Data: 849 19 EA 1A 24 22 47 7B 
ID: A1, Data: 880 7E 80 7C 1D 0 0 0 
ID: 316, Data: 849 12 19 1B 24 22 47 7B 
ID: 316, Data: 849 12 2C 1B 24 22 46 7B 
ID: 316, Data: 849 12 3F 1B 24 22 46 7B 
ID: 18F, Data: 8AA 40 0 0 0 0 0 0 
ID: 153, Data: 80 0 0 FF 0 FF 0 0 
ID: 316, Data: 841 1F D1 1C 26 22 46 7B 
ID: 43F, Data: 845 48 60 FF 7C B4 1C 0 
ID: 316, Data: 841 25 1C 1D 1C 22 46 7B 
ID: 153, Data: 80 0 0 FF 0 FF 0 0 
ID: 316, Data: 841 22 DC 1C 13 18 46 7B 
ID: 316, Data: 841 21 C6 1C 13 18 46 7B 
ID: 43F, Data: 845 48 60 FF 7C 80 1C 0 
ID: 316, Data: 841 1D 5E 1C 14 19 46 7B 
ID: 43F, Data: 845 48 60 FF 7C 28 1C 0 
ID: 316, Data: 841 1B EE 1B 14 19 46 7B 
ID: 316, Data: 841 1A C7 1B 14 19 46 7B 
ID: 280, Data: 830 0 84 B1 37 10 70 2E 
ID: 43F, Data: 845 48 60 FF 7C 5C 1C 0 
ID: 2A0, Data: 820 A 70 18 32 0 11 0 
ID: 1F0, Data: 8D2 3F CD BF 0 0 0 0 
ID: 153, Data: 80 0 0 FF 0 FF 0 0 
ID: 316, Data: 81 14 48 1B 14 19 45 7B 
ID: 153, Data: 80 0 0 FF 0 FF 0 0 
ID: 545, Data: 8E4 2F 0 8D A5 FF A5 FF 
ID: 316, Data: 81 14 F4 1A 15 19 45 7B 
ID: 153, Data: 80 0 0 FF 0 FF 0 0 
ID: 316, Data: 81 15 D8 1A 15 19 45 7B 
ID: 153, Data: 80 0 0 FF 0 FF 0 0 
ID: 280, Data: 830 0 84 B1 35 12 70 30 
ID: 316, Data: 81 16 98 1A 15 19 45 7B 
ID: A0, Data: 822 7D BC 1A 45 28 2 0 
ID: 370, Data: 8FF E0 F0 FF FF FF FF FF 
ID: 316, Data: 81 17 13 1A 15 19 45 7B 
ID: 316, Data: 81 17 F9 19 15 19 44 7B 
ID: 316, Data: 81 17 CE 19 15 19 44 7B 
ID: 43F, Data: 845 48 60 FF 7C E4 1B 0 
ID: 316, Data: 81 18 51 19 15 18 44 7B 
ID: 153, Data: 80 0 0 FF 0 FF 0 0 
ID: 153, Data: 80 0 0 FF 0 FF 0 0 
ID: 316, Data: 81 19 D0 18 16 18 44 7B 
ID: 153, Data: 80 0 0 FF 0 FF 0 0 
ID: 316, Data: 89 19 D8 18 16 18 44 7B 
ID: 316, Data: 89 19 D0 18 16 18 44 7B 
ID: 2A0, Data: 880 8 70 18 32 0 11 0 
ID: 43F, Data: 845 48 60 FF 7C 9C 1B 0 
ID: 43F, Data: 845 48 60 FF 7C B4 1B 0 
ID: 18F, Data: 8AA 3C 0 0 0 0 0 0 
ID: 316, Data: 89 10 D0 18 16 18 43 7B 
ID: 153, Data: 80 0 0 FF 0 FF 0 0 
ID: 316, Data: 89 10 30 19 15 18 43 7B 
ID: 153, Data: 80 0 0 FF 0 FF 0 0 
ID: 545, Data: 8E4 17 0 8D 17 FF 17 FF 
ID: 316, Data: 89 B CE 19 15 19 43 7B 
ID: 153, Data: 80 0 0 FF 0 FF 0 0 
ID: 316, Data: 89 B 3F 1A 15 19 43 7B 
ID: 153, Data: 80 0 0 FF 0 FF 0 0 
ID: 316, Data: 89 7 BC 1A 15 19 43 7B 
ID: 316, Data: 89 7 EA 1A 14 19 43 7B 
ID: 316, Data: 89 3 10 1B 14 19 43 7B 
ID: 5F0, Data: 20 0 
ID: 153, Data: 80 0 0 FF 0 FF 0 0 
ID: 43F, Data: 845 48 60 FF 7C 20 1B 0 
ID: 5F0, Data: 20 0 
ID: 43F, Data: 845 48 60 FF 7C 1C 1B 0 
ID: 153, Data: 80 0 0 FF 0 FF 0 0 
ID: A0, Data: 821 7D FD 1A 43 28 4 0 
ID: 329, Data: 884 B1 80 8 11 31 0 26 
ID: 260, Data: 80 0 14 30 5 FF 4E 3 
ID: 316, Data: 89 0 6B 1A 14 18 42 7B 
ID: 153, Data: 80 0 0 FF 0 FF 0 0 
ID: 316, Data: 89 0 36 1A 14 18 42 7B 
ID: 1F1, Data: 80 CA 7 62 20 E 22 21 
ID: 153, Data: 80 0 0 FF 0 FF 0 0 
ID: A0, Data: 829 7D 24 1A 42 29 4 0 
ID: 329, Data: 884 B1 80 8 11 31 0 26 
ID: A0, Data: 829 7D 1C 1A 42 29 4 0 
ID: 153, Data: 80 0 0 FF 0 FF 0 0 
ID: 316, Data: 89 0 13 1A 14 18 41 7B 
ID: 316, Data: 89 0 13 1A 14 18 41 7B 
ID: 153, Data: 80 0 0 FF 0 FF 0 0 
ID: 18F, Data: 8AA 39 0 0 0 0 0 0 
ID: 316, Data: 89 0 1 1A 14 18 41 7B 
ID: 316, Data: 89 0 F0 19 14 18 41 7B 
ID: 316, Data: 89 0 E8 19 14 18 41 7B 
ID: 153, Data: 80 0 0 FF 0 FF 0 0 
ID: 316, Data: 89 0 DF 19 15 18 41 7B 
ID: 153, Data: 80 0 0 FF 0 FF 0 0 
ID: 316, Data: 89 0 C5 19 15 18 41 7B 
ID: 153, Data: 80 0 0 FF 0 FF 0 0 
ID: 153, Data: 80 0 0 FF 0 FF 0 0 
ID: 440, Data: 8E7 85 40 A0 FF AA AA AA 
ID: 43F, Data: 845 48 60 FF 7C 58 1A 0 
ID: 329, Data: 884 B1 80 8 11 31 0 26 
ID: 153, Data: 80 0 0 FF 0 FF 0 0 
ID: 153, Data: 80 0 0 FF 0 FF 0 0 
ID: 316, Data: 89 0 9B 19 15 18 40 7B 
ID: 440, Data: 8E7 85 40 A0 FF AA AA AA 
ID: 316, Data: 89 0 82 19 15 18 40 7B 
ID: 153, Data: 80 0 0 FF 0 FF 0 0 
ID: 153, Data: 80 0 0 FF 0 FF 0 0 
ID: 316, Data: 89 0 61 19 15 18 40 7B 
ID: 260, Data: 80 0 15 30 5 FF 4E 20 
ID: 316, Data: 89 0 59 19 15 18 3F 7B 
ID: 316, Data: 89 0 51 19 15 18 3F 7B 
ID: 1F0, Data: 8CD 3F CD BF 0 0 0 0 
ID: 153, Data: 80 0 0 FF 0 FF 0 0 
ID: 5F0, Data: 20 0 
ID: A0, Data: 827 7D 30 19 40 29 4 0 
ID: 260, Data: 80 0 15 30 5 FF 4E 2 
ID: 5F0, Data: 20 0 
ID: 153, Data: 80 0 0 FF 0 FF 0 0 
ID: 440, Data: 8E7 D5 3E A0 FF AA AA AA 
ID: 2A0, Data: 840 3 70 18 32 0 11 0 
ID: 316, Data: 89 0 D8 18 15 18 3E 7B 
ID: 316, Data: 89 0 C8 18 15 18 3E 7B 
ID: A0, Data: 827 7D D8 18 3F 28 4 0 
ID: 316, Data: 89 0 B8 18 15 18 3E 7B 
ID: 316, Data: 89 0 B0 18 15 18 3E 7B 
ID: 545, Data: 8E4 0 0 8C 4F FE 4F FE 
ID: 153, Data: 80 0 0 FF 0 FF 0 0 
ID: 153, Data: 80 0 0 FF 0 FF 0 0 
ID: 43F, Data: 845 48 60 FF 7C 8 19 0 
ID: 153, Data: 80 0 0 FF 0 FF 0 0 
ID: 5F0, Data: 20 0 
ID: 153, Data: 80 0 0 FF 0 FF 0 0 
ID: 43F, Data: 845 48 60 FF 7C C4 18 0 
ID: 260, Data: 80 0 16 30 5 FF 4E 1 
ID: 43F, Data: 845 48 60 FF 7C A8 18 0 
ID: 316, Data: 89 0 E5 17 16 18 3C 7B 
ID: 2A0, Data: 880 3 70 18 32 0 11 0 
ID: 316, Data: 89 0 CF 17 16 18 3C 7B 
ID: 316, Data: 89 0 C0 17 16 18 3C 7B 
ID: 153, Data: 80 0 0 FF 0 FF 0 0 
ID: 153, Data: 80 0 0 FF 0 FF 0 0 
ID: 545, Data: 8E4 0 0 8A 50 FE 50 FE 
ID: 43F, Data: 845 48 60 FF 7C 20 18 0 
ID: 2A0, Data: 880 3 71 18 32 0 11 0 
ID: 153, Data: 80 0 0 FF 0 FF 0 0 
ID: 316, Data: 89 0 64 17 16 18 3B 7B 
ID: 153, Data: 80 0 0 FF 0 FF 0 0 
ID: 316, Data: 89 0 33 17 17 18 3A 7B 
ID: 316, Data: 89 0 1F 17 17 18 3A 7B 
ID: 153, Data: 80 0 0 FF 0 FF 0 0 
ID: 153, Data: 80 0 0 FF 0 FF 0 0 
ID: 2A0, Data: 820 2 71 18 32 0 11 0 
ID: 316, Data: 89 0 CE 16 17 18 3A 7B 
ID: 18F, Data: 8AA 36 0 0 0 0 0 0 
ID: 316, Data: 89 0 B3 16 17 18 39 7B 
ID: 43F, Data: 845 48 60 FF 7C 48 17 0 
ID: 153, Data: 80 0 0 FF 0 FF 0 0 
ID: 545, Data: 8E4 0 0 8D 4F FE 4F FE 
ID: 440, Data: 8E7 85 38 A0 FF AA AA AA 
ID: 2A0, Data: 840 2 71 18 32 0 11 0 
ID: 316, Data: 89 0 58 16 17 18 38 7B 
ID: 316, Data: 89 0 3F 16 17 18 38 7B 
ID: 43F, Data: 845 48 60 FF 7C BC 16 0 
ID: 153, Data: 80 0 0 FF 0 FF 0 0 
ID: 329, Data: 8B B1 80 8 12 2F 0 26 
ID: 43F, Data: 845 48 60 FF 7C 90 16 0 
ID: 370, Data: 8FF E0 F0 FF FF FF FF FF 
ID: 316, Data: 89 0 BD 15 18 18 37 7B 
ID: 260, Data: 80 0 18 30 5 FF 4E 2D 
ID: 43F, Data: 845 48 60 FF 7C 3C 16 0 
ID: 43F, Data: 845 48 60 FF 7C 24 16 0 
ID: 545, Data: 8E4 0 0 8C 4D FE 4D FE 
ID: 316, Data: 89 0 58 15 18 18 36 7B 
ID: 316, Data: 89 0 52 15 18 18 36 7B 
ID: A0, Data: 827 7D 52 15 36 27 4 0 
ID: 43F, Data: 845 48 60 FF 7C AC 15 0 
ID: 43F, Data: 845 48 60 FF 7C A0 15 0 
ID: 440, Data: 8E7 75 34 A0 FF AA AA AA 
ID: 316, Data: 89 0 CF 14 19 18 35 7B 
ID: A1, Data: 880 80 80 7D 1B 0 0 0 
ID: 43F, Data: 845 48 60 FF 7C 48 15 0 
ID: 43F, Data: 845 48 60 FF 7C 2C 15 0 
ID: 545, Data: 8E4 0 0 8A 4C FE 4C FE 
ID: 316, Data: 89 0 53 14 19 18 34 7B 
ID: 316, Data: 89 0 38 14 1A 18 33 7B 
ID: 2A0, Data: 820 2 71 18 32 0 11 0 
ID: 43F, Data: 845 48 60 FF 7C B0 14 0 
ID: 43F, Data: 845 48 60 FF 7C 94 14 0 
ID: 1F0, Data: 8CC 3F CD BF 0 0 0 0 
ID: 316, Data: 89 0 AF 13 1A 18 32 7B 
ID: 153, Data: 80 0 0 FF 0 FF 0 0 
ID: 329, Data: 840 B1 80 8 12 2E 0 26 
ID: 316, Data: 89 0 6A 13 1A 18 31 7B 
ID: 153, Data: 80 0 0 FF 0 FF 0 0 
ID: 153, Data: 80 0 0 FF 0 FF 0 0 
ID: A1, Data: 880 80 80 7D 1C 0 0 0 
ID: 280, Data: 830 0 20 B1 25 14 71 3C 
ID: 545, Data: 8E4 0 0 89 4D FE 4D FE 
ID: 316, Data: 89 0 A3 12 1B 18 2F 7B 
ID: 316, Data: 89 0 6A 12 1B 18 2F 7B 
ID: 18F, Data: 8AA 35 0 0 0 0 0 0 
ID: 43F, Data: 845 48 60 FF 7C B4 12 0 
ID: 153, Data: 80 0 0 FF 0 FF 0 0 
ID: 43F, Data: 84C 48 60 FF 7C 60 12 0 
ID: 5F0, Data: 20 0 
ID: 329, Data: 8B B1 80 8 12 2D 0 26 
ID: 316, Data: 89 0 54 11 1D 19 2D 7B 
ID: 2A0, Data: 820 1 71 18 32 0 11 0 
ID: 316, Data: 89 0 5 11 1D 19 2C 7B 
ID: 153, Data: 80 0 0 FF 0 FF 0 0 
ID: 316, Data: 89 0 5 11 1D 19 2B 7B 
ID: 316, Data: 89 0 FA 10 1D 19 2B 7B 
ID: 153, Data: 80 0 0 FF 0 FF 0 0 
ID: 18F, Data: 8AA 35 0 0 0 0 0 0 
ID: 316, Data: 89 0 5 11 1D 19 2A 7B 
ID: 43F, Data: 84C 48 60 FF 7C 58 13 0 
ID: 316, Data: 89 0 27 11 1C 19 29 7B 
ID: 153, Data: 80 0 0 FF 0 FF 0 0 
ID: 316, Data: 89 0 58 11 1C 19 29 7B 
ID: 153, Data: 80 0 0 FF 0 FF 0 0 
ID: 316, Data: 89 0 B2 11 1B 19 28 7B 
ID: 440, Data: 8E7 85 27 A0 FF AA AA AA 
ID: 316, Data: 89 0 4 12 1B 18 27 7B 
ID: 5F0, Data: 20 0 
ID: 153, Data: 80 0 0 FF 0 FF 0 0 
ID: 43F, Data: 84C 48 60 FF 7C B0 14 0 
ID: 5F0, Data: 20 0 
ID: 316, Data: 89 0 F5 12 1A 18 26 7B 
ID: 153, Data: 80 0 0 FF 0 FF 0 0 
ID: A0, Data: 826 7D CC 12 27 26 4 0 
ID: 316, Data: 89 0 10 13 1A 18 26 7B 
ID: 153, Data: 80 0 0 FF 0 FF 0 0 
ID: 153, Data: 80 0 0 FF 0 FF 0 0 
ID: 370, Data: 8FF E0 F0 FF FF FF FF FF 
ID: 545, Data: 8E4 0 0 8C 4C FE 4C FE 
ID: 153, Data: 80 0 0 FF 0 FF 0 0 
ID: 316, Data: 89 0 66 12 1B 18 24 7B 
ID: 316, Data: 89 0 3B 12 1B 18 24 7B 
ID: 2A0, Data: 880 1 71 18 32 0 11 0 
ID: 316, Data: 89 0 AA 11 1C 19 23 7B 
ID: 153, Data: 80 0 0 FF 0 FF 0 0 
ID: 316, Data: 89 0 39 11 1C 19 23 7B 
ID: 316, Data: 89 0 14 11 1C 19 22 7B 
ID: 1F1, Data: 80 43 B 61 10 13 1 11 
ID: 1F0, Data: 8C3 3F CD BF 0 0 0 0 
ID: 5F0, Data: 20 0 
ID: 316, Data: 81 4 9C 10 1D 19 21 7B 
ID: 43F, Data: 84B 48 60 FF 7C B0 11 0 
ID: 316, Data: 81 9 8E 10 1D 19 21 7B 
ID: 153, Data: 80 0 0 FF 0 FF 0 0 
ID: 153, Data: 80 0 0 FF 0 FF 0 0 
ID: 316, Data: 81 13 D5 F 1E 19 20 7B 
ID: 43F, Data: 84B 48 60 FF 7C F4 10 0 
ID: 316, Data: 81 18 AF E 20 1A 1F 7B 
ID: 545, Data: 8E4 1E 0 8A 47 0 47 0 
ID: 43F, Data: 84B 48 60 FF 7C A0 10 0 
ID: 43F, Data: 84B 48 60 FF 7C 88 10 0 
ID: 329, Data: 8B B1 80 8 12 2D 0 26 
ID: 316, Data: 81 1F 3 E 21 1A 1E 7B 
ID: 316, Data: 81 1F 53 E 20 1A 1E 7B 
ID: 153, Data: 80 0 0 FF 0 FF 0 0 
ID: A0, Data: 830 7D 96 E 1E 25 2 0 
ID: 329, Data: 884 B1 80 8 12 2D 0 26 
ID: 280, Data: 830 0 84 B1 1D 17 71 43 
ID: 153, Data: 80 0 0 FF 0 FF 0 0 
ID: 153, Data: 80 0 0 FF 0 FF 0 0 
ID: 316, Data: 81 1D A9 F 1E 19 1C 7B 
ID: 153, Data: 80 0 0 FF 0 FF 0 0 
ID: 316, Data: 81 1C 1A 10 1D 19 1C 7B 
ID: 440, Data: 8FE 94 1C A0 FF AA AA AA 
ID: 316, Data: 81 1B 9C 10 1C 19 1B 7B 
ID: 316, Data: 81 1B EB 10 1C 19 1B 7B 
ID: 545, Data: 8E4 37 0 8C 16 0 16 0 
ID: 316, Data: 81 1A 60 11 1B 19 1B 7B 
ID: 316, Data: 81 1A 4D 11 1B 19 1A 7B 
ID: 18F, Data: 8AA 35 0 0 0 0 0 0 
ID: 5F0, Data: 20 0 
ID: 153, Data: 80 0 0 FF 0 FF 0 0 
ID: 43F, Data: 8B 48 60 FF 7C 54 12 0 
ID: 260, Data: 8B 1A 1D 30 5 FF 4F 12 
ID: 43F, Data: 8B 48 60 FF 7C 30 12 0 
ID: 43F, Data: 83 48 60 FF 7C F0 11 0 
ID: 43F, Data: 83 48 60 FF 7C E0 11 0 
ID: 316, Data: 81 1B F2 E 1D 1A 18 7B 
ID: 316, Data: 81 1B CD E 1D 1A 18 7B 
ID: 1F0, Data: 8AA 3F CD BF 0 0 0 0 
ID: 153, Data: 80 0 0 FF 0 FF 0 0 
ID: 153, Data: 80 0 0 FF 0 FF 0 0 
ID: 153, Data: 80 0 0 FF 0 FF 0 0 
ID: 545, Data: 8E4 2B 0 8C 19 0 19 0 
ID: 316, Data: 81 1C 6 E 1E 1A 17 7B 
ID: 280, Data: 830 0 84 B1 1B 16 71 41 
ID: 18F, Data: 8AA 35 0 0 0 0 0 0 
ID: 316, Data: 81 1C AE D 1E 1A 16 7B 
ID: 43F, Data: 83 48 60 FF 7C DC F 0 
ID: 316, Data: 81 1C 8F D 1E 1A 16 7B 
ID: 329, Data: 884 B1 80 8 12 2C 0 26 
ID: 153, Data: 80 0 0 FF 0 FF 0 0 
ID: 316, Data: 81 1D 63 D 1E 1A 15 7B 
ID: 153, Data: 80 0 0 FF 0 FF 0 0 
ID: 316, Data: 81 1D 2C D 1F 1B 14 7B 
ID: 153, Data: 80 0 0 FF 0 FF 0 0 
ID: 153, Data: 80 0 0 FF 0 FF 0 0 
ID: 316, Data: 81 1D F4 C 1F 1B 14 7B 
ID: 43F, Data: 83 48 60 FF 7C 34 E 0 
ID: 43F, Data: 83 48 60 FF 7B 14 E 0 
ID: 316, Data: 81 1E DA C 1F 1B 13 7B 
ID: 440, Data: 8FE 13 13 A0 FF AA AA AA 
ID: 316, Data: 81 1E EB C 1F 1B 13 7B 
ID: 2A0, Data: 880 0 71 18 32 0 11 0 
ID: 5F0, Data: 20 0 
ID: 43F, Data: 83 48 60 FF 7C 30 D 0 
ID: 316, Data: 81 1D FA C 1E 1B 12 7B 
ID: 316, Data: 81 1D C5 C 1F 1B 12 7B 
ID: 545, Data: 8E4 27 0 88 2C 0 2C 0 
ID: 316, Data: 81 1D AC C 1F 1B 11 7B 
ID: 153, Data: 80 0 0 FF 0 FF 0 0 
ID: 316, Data: 81 1D 76 C 1F 1B 11 7B 
ID: 316, Data: 81 1D 8C C 1F 1B 11 7B 
ID: 329, Data: 8B B1 80 8 12 2B 0 26 
ID: 43F, Data: 83 48 60 FF 7B 14 C 0 
ID: 153, Data: 80 0 0 FF 0 FF 0 0 
ID: 43F, Data: 83 48 60 FF 7C D8 B 0 
ID: 153, Data: 80 0 0 FF 0 FF 0 0 
ID: 5F0, Data: 20 0 
ID: 316, Data: 81 1E 11 C 20 1B F 7B 
ID: 43F, Data: 83 48 60 FF 7C 3C B 0 
ID: 43F, Data: 83 48 60 FF 7C C B 0 
ID: 153, Data: 80 0 0 FF 0 FF 0 0 
ID: 316, Data: 81 1E 7E B 21 1A F 7B 
ID: 153, Data: 80 0 0 FF 0 FF 0 0 
ID: 316, Data: 81 1F 3E B 22 1A E 7B 
ID: 316, Data: 81 1F 1A B 22 1A E 7B 
ID: 153, Data: 80 0 0 FF 0 FF 0 0 
ID: 280, Data: 830 0 84 B1 15 18 71 48 
ID: 316, Data: 81 20 C0 A 23 1A D 7B 
ID: 43F, Data: 83 48 60 FF 7B 80 9 0 
ID: 153, Data: 80 0 0 FF 0 FF 0 0 
ID: 153, Data: 80 0 0 FF 0 FF 0 0 
ID: 316, Data: 81 22 51 A 23 19 C 7B 
ID: 370, Data: 8FF E0 F0 FF FF FF FF FF 
ID: 316, Data: 81 22 3C A 24 19 C 7B 
ID: 280, Data: 830 0 84 B1 14 1A 71 4B 
ID: 18F, Data: 8AA 34 0 0 0 0 0 0 
ID: 43F, Data: 83 48 60 FF 7B 20 8 0 
ID: 153, Data: 80 0 0 FF 0 FF 0 0 
ID: 316, Data: 81 23 5 A 24 19 B 7B 
ID: 153, Data: 80 0 0 FF 0 FF 0 0 
ID: 153, Data: 80 0 0 FF 0 FF 0 0 
ID: 440, Data: 8FE 63 A A0 FF AA AA AA 
ID: 545, Data: 8E4 21 0 8C BC 0 BC 0 
ID: 370, Data: 8FF E0 F0 FF FF FF FF FF 
ID: 1F1, Data: 80 E 4E 80 4 4E A0 4 
ID: 153, Data: 80 0 0 FF 0 FF 0 0 
ID: 153, Data: 80 0 0 FF 0 FF 0 0 
ID: 260, Data: 8B 24 25 30 5 FF 67 32 
ID: 329, Data: 840 B1 80 8 12 2A 0 26 
ID: A1, Data: 885 80 86 7D 25 0 0 0 
ID: 316, Data: 81 24 BB 9 25 19 8 7B 
ID: 316, Data: 81 24 C1 9 25 19 8 7B 
ID: 153, Data: 80 0 0 FF 0 FF 0 0 
ID: 2A0, Data: 840 0 71 18 32 0 11 0 
ID: 43F, Data: 82 48 60 FF 7B 48 8 0 
ID: 370, Data: 8FF E0 F0 FF FF FF FF FF 
ID: 43F, Data: 82 48 60 FF 7A FC 7 0 
ID: 153, Data: 80 0 0 FF 0 FF 0 0 
ID: 545, Data: 8E4 22 0 8C BA 0 BA 0 
ID: 316, Data: 81 23 70 A 23 19 7 7B 
ID: 280, Data: 830 0 84 B1 14 1A 71 4C 
ID: 153, Data: 80 0 0 FF 0 FF 0 0 
ID: 153, Data: 80 0 0 FF 0 FF 0 0 
ID: 316, Data: 81 23 7A A 23 19 6 7B 
ID: A0, Data: 833 7D 7A A 6 23 2 0 
ID: 316, Data: 81 22 39 A 23 19 6 7B 
ID: 153, Data: 80 0 0 FF 0 FF 0 0 
ID: 153, Data: 80 0 0 FF 0 FF 0 0 
ID: 153, Data: 80 0 0 FF 0 FF 0 0 
ID: 18F, Data: 8AA 35 0 0 0 0 0 0 
ID: 316, Data: 81 23 F A 24 19 5 7B 
ID: 153, Data: 80 0 0 FF 0 FF 0 0 
ID: 440, Data: 8E1 D2 5 A0 FF AA AA AA 
ID: 153, Data: 80 0 0 FF 0 FF 0 0 
ID: 329, Data: 840 B1 80 8 12 2A 0 26 
ID: 316, Data: 81 23 1F A 24 19 4 7B 
ID: A0, Data: 835 7D 20 A 5 23 2 0 
ID: 370, Data: 8FF E0 F0 FF FF FF FF FF 
ID: 43F, Data: 82 48 60 FF 7B 88 4 0 
ID: 316, Data: 81 23 23 A 24 19 4 7A 
ID: 2A0, Data: 8E0 0 71 18 32 0 11 0 
ID: 153, Data: 80 0 0 FF 0 FF 0 0 
ID: 316, Data: 81 23 1F A 24 19 3 7A 
ID: 18F, Data: 8AA 35 0 0 0 0 0 0 
ID: 153, Data: 80 0 0 FF 0 FF 0 0 
ID: 43F, Data: 82 48 60 FF 7B B8 3 0 
ID: 280, Data: 830 0 84 B1 13 1A 71 4D 
ID: A1, Data: 880 7E 80 7E 24 0 0 0 
ID: 153, Data: 80 0 0 FF 0 FF 0 0 
ID: 43F, Data: 82 48 60 FF 7B B8 3 0 
ID: 1F0, Data: 89C 3F CD BF 0 0 0 0 
ID: 153, Data: 80 0 0 FF 0 FF 0 0 
ID: 5F0, Data: 20 0 
ID: 153, Data: 80 0 0 FF 0 FF 0 0 
ID: 43F, Data: 82 48 60 FF 7B A4 3 0 
ID: 5F0, Data: 20 0 
ID: 316, Data: 81 24 FC 9 24 19 3 7A 
ID: 43F, Data: 82 48 60 FF 7A 9C 3 0 
ID: 43F, Data: 82 48 60 FF 7B 98 3 0 
ID: 43F, Data: 82 48 60 FF 7B 8C 3 0 
ID: 329, Data: 840 B1 80 8 12 2B 0 26 
ID: A0, Data: 839 7D 14 A 3 23 2 0 
ID: 153, Data: 80 0 0 FF 0 FF 0 0 
ID: 370, Data: 8FF E0 F0 FF FF FF FF FF 
ID: 43F, Data: 82 48 60 FF 7B 70 3 0 
ID: 316, Data: 81 24 F A 24 19 3 7A 
ID: 280, Data: 830 0 84 B1 14 1A 71 4E 
ID: 545, Data: 8E4 22 0 89 C5 0 C5 0 
ID: 316, Data: 81 24 28 A 24 19 2 7A 
ID: 316, Data: 81 24 36 A 24 19 2 7A 
ID: 316, Data: 81 24 32 A 24 19 2 7A 
ID: 260, Data: 8B 24 24 30 5 FF 72 19 
ID: 43F, Data: 82 48 60 FF 7A 50 3 0 
ID: 43F, Data: 82 48 60 FF 7A 48 3 0 
ID: 43F, Data: 82 48 60 FF 7B 58 3 0 
ID: 153, Data: 80 0 0 FF 0 FF 0 0 
ID: A1, Data: 888 7E 84 7E 24 0 0 0 
ID: 316, Data: 81 24 4F A 2C 22 2 7A 
ID: 545, Data: 8E4 24 0 8C 26 0 26 0 
ID: 43F, Data: 82 48 60 FF 7A 54 3 0 
ID: 43F, Data: 82 48 60 FF 7A 64 3 0 
ID: 43F, Data: 82 48 60 FF 7B 70 3 0 
ID: 153, Data: 80 0 0 FF 0 FF 0 0 
ID: 280, Data: 830 0 84 B1 14 1C 71 51 
ID: 5F0, Data: 20 0 
ID: 43F, Data: 82 48 60 FF 7A FC 3 0 
ID: A1, Data: 887 83 85 82 26 0 0 0 
ID: 316, Data: 841 27 B6 A 2B 22 3 7A 
ID: 153, Data: 80 0 0 FF 0 FF 0 0 
ID: 153, Data: 80 0 0 FF 0 FF 0 0 
ID: 316, Data: 841 28 2A A 2C 22 3 7A 
ID: 43F, Data: 82 48 60 FF 7B 80 4 0 
ID: 316, Data: 841 29 0 A 2D 22 3 7A 
ID: 316, Data: 841 2A E A 2C 22 3 7A 
ID: 280, Data: 830 0 84 B1 14 1E 71 55 
ID: A1, Data: 886 83 85 82 28 0 0 0 
ID: 153, Data: 80 0 0 FF 0 FF 0 0 
ID: 316, Data: 841 2A 5E A 2B 22 4 7A 
ID: 153, Data: 80 0 0 FF 0 FF 0 0 
ID: 316, Data: 841 2E 82 A 39 22 4 7A 
ID: 316, Data: 841 30 85 A 40 22 4 7A 
ID: 329, Data: 8B B1 80 8 11 2D 8 26 
ID: 1F1, Data: 80 44 2C B0 2 2E B0 2 
ID: 153, Data: 80 0 0 FF 0 FF 0 0 
ID: 316, Data: 841 33 ED A 41 22 5 7A 
ID: 316, Data: 841 33 4 B 42 22 5 7A 
ID: 153, Data: 80 0 0 FF 0 FF 0 0 
ID: 280, Data: 830 0 88 B1 16 21 71 5B 
ID: 316, Data: 841 36 83 B 4C 21 5 7A 
ID: 43F, Data: 82 48 60 FF 7A 5C 7 0 
ID: 316, Data: 841 3C E7 B 58 21 6 7A 
ID: 153, Data: 80 0 0 FF 0 FF 0 0 
ID: 260, Data: 8B 40 62 30 5 FF 9E 2A 
ID: 316, Data: 841 43 B6 C 6E 21 6 7A 
ID: 18F, Data: 8AA 3A 0 0 0 0 0 0 
ID: 43F, Data: 82 48 60 FF 7B 5C 8 0 
ID: 43F, Data: 82 48 60 FF 7B 8C 8 0 
ID: 43F, Data: 82 48 60 FF 7A CC 8 0 
ID: 316, Data: 841 5E 35 10 70 1D 6 7A 
ID: 316, Data: 841 61 77 11 6D 1D 7 7A 
ID: 153, Data: 80 0 0 FF 0 FF 0 0 
ID: 316, Data: 841 62 7D 14 69 1B 7 7A 
ID: 316, Data: 841 64 EE 15 67 1B 7 7A 
ID: 2A0, Data: 861 6 71 18 32 0 11 0 
ID: 5F0, Data: 20 0 
ID: 316, Data: 841 63 0 19 65 1B 8 7A 
ID: 43F, Data: 82 48 60 FF 7A 8C B 0 
ID: 329, Data: 8B B1 80 8 11 43 25 26 
ID: A0, Data: 873 7D D6 19 9 3A 2 0 
ID: 316, Data: 841 62 3F 1A 5D 1B 9 7A 
ID: 153, Data: 80 0 0 FF 0 FF 0 0 
ID: 316, Data: 841 5F 98 1A 5C 1B A 7A 
ID: 316, Data: 841 5D A1 1A 5D 1B A 7A 
ID: 5F0, Data: 20 0 
ID: 43F, Data: 82 48 60 FF 7B F0 E 0 
ID: 153, Data: 80 0 0 FF 0 FF 0 0 
ID: 316, Data: 841 5C 7D 1A 5E 1B B 7A 
ID: 153, Data: 80 0 0 FF 0 FF 0 0 
ID: 1F1, Data: 80 88 84 E0 6 7D D0 6 
ID: 43F, Data: 82 48 60 FF 7B 98 10 0 
ID: 260, Data: 8B 5E 5F 30 5 FF B0 3A 
ID: 316, Data: 841 5E 50 1A 5F 1B D 7A 
ID: 316, Data: 841 5E 62 1A 5F 1B D 7A 
ID: A0, Data: 86D 7D 50 1A D 39 2 0 
ID: 43F, Data: 82 48 60 FF 7C 7C 12 0 
ID: 153, Data: 80 0 0 FF 0 FF 0 0 
ID: 545, Data: 8E4 C5 0 89 89 4 89 4 
ID: 316, Data: 841 5C 2C 1B 5E 1B F 7A 
ID: 280, Data: 830 0 88 B1 36 39 71 8E 
ID: 440, Data: 8FE 82 11 A0 FF AA AA AA 
ID: 316, Data: 841 5D 96 1B 61 1B 10 7A 
ID: 43F, Data: 82 48 60 FF 7C F8 14 0 
ID: 18F, Data: 8AA 3E 0 0 0 0 0 0 
ID: 153, Data: 80 0 0 FF 0 FF 0 0 
ID: 153, Data: 80 0 0 FF 0 FF 0 0 
ID: 316, Data: 841 5D 9C 1C 61 1C 11 7A 
ID: 316, Data: 841 5D C6 1C 61 1C 12 7A 
ID: 153, Data: 80 0 0 FF 0 FF 0 0 
ID: 329, Data: 8ED B1 80 8 11 44 28 26 
ID: 43F, Data: 82 48 60 FF 7C C4 17 0 
ID: A0, Data: 86D 7D 27 1D 13 3A 2 0 
ID: 316, Data: 841 5E A1 1D 62 1B 13 7B 
ID: 316, Data: 841 5E D9 1D 66 1B 14 7B 
ID: 43F, Data: 82 48 60 FF 7C 1C 19 0 
ID: 316, Data: 841 65 36 1E 72 1B 14 7B 
ID: 153, Data: 80 0 0 FF 0 FF 0 0 
ID: 153, Data: 80 0 0 FF 0 FF 0 0 
ID: 316, Data: 841 75 D8 1F 72 1A 15 7B 
ID: 153, Data: 80 0 0 FF 0 FF 0 0 
ID: 2A0, Data: 81 15 71 18 32 0 11 0 
ID: 316, Data: 841 77 E5 21 71 1B 17 7B 
ID: 280, Data: 830 0 88 B1 44 47 71 95 
ID: 316, Data: 841 74 6C 22 70 1B 17 7B 
ID: 260, Data: 8B 74 71 30 5 FF A6 1B 
ID: 153, Data: 80 0 0 FF 0 FF 0 0 
ID: 329, Data: 8ED B1 80 8 11 4B 35 26 
ID: 153, Data: 80 0 0 FF 0 FF 0 0 
ID: A0, Data: 87F 7D D7 22 1A 41 2 0 
ID: 545, Data: 8E4 24 1 8C D4 5 D4 5 
ID: 18F, Data: 8AA 41 0 0 0 0 0 0 
ID: 153, Data: 80 0 0 FF 0 FF 0 0 
ID: 370, Data: 8FF DB F0 FF FF FF FF FF 
ID: 280, Data: 830 0 88 B1 4B 5B 71 B3 
ID: 153, Data: 80 0 0 FF 0 FF 0 0 
ID: 153, Data: 80 0 0 FF 0 FF 0 0 
ID: 316, Data: 841 98 91 28 94 1B 1D 7B 
ID: 43F, Data: 82 48 60 FF 7C E8 22 0 
ID: 153, Data: 80 0 0 FF 0 FF 0 0 
ID: 153, Data: 80 0 0 FF 0 FF 0 0 
ID: 43F, Data: 82 48 60 FF 7C 48 24 0 
ID: 18F, Data: 8AA 42 0 0 0 0 0 0 
ID: 153, Data: 80 0 0 FF 0 FF 0 0 
ID: 153, Data: 80 0 0 FF 0 FF 0 0 
ID: 2A0, Data: 861 22 71 18 32 0 11 0 
ID: 316, Data: 841 91 BC 2A 97 1C 21 7B 
ID: A1, Data: 881 80 80 7F 4F 0 0 0 
ID: 43F, Data: 82 48 60 FF 7C C0 27 0 
ID: 316, Data: 841 9E 26 2C A3 1D 23 7B 
ID: A0, Data: 8A5 7D 4A 2B 23 4E 2 0 
ID: 316, Data: 841 A4 FA 2D A2 1D 24 7B 
ID: 316, Data: 841 A4 9E 2E A1 1D 24 7B 
ID: 43F, Data: 8B 48 60 FF 7C D0 2A 0 
ID: 545, Data: 8E4 3C 2 8C 33 9 33 9 
ID: 153, Data: 80 0 0 FF 0 FF 0 0 
ID: 316, Data: 841 A0 D8 2F A1 1E 26 7B 
ID: 153, Data: 80 0 0 FF 0 FF 0 0 
ID: 280, Data: 830 0 88 B1 61 5F 71 B5 
ID: 316, Data: 841 9F 61 31 A4 1E 28 7B 
ID: A1, Data: 87E 80 7E 7F 57 0 0 0 
ID: 316, Data: 841 A6 40 32 A5 1F 29 7B 
ID: 316, Data: 841 A7 C2 32 A5 1F 29 7B 
ID: 153, Data: 80 0 0 FF 0 FF 0 0 
ID: 260, Data: 8B A9 A6 30 5 FF 96 D 
ID: 316, Data: 841 A7 AD 33 A5 1F 2A 7B 
ID: 2A0, Data: 8C1 2F 71 18 32 0 11 0 
ID: 316, Data: 841 8B 81 32 A8 1F 2B 7B 
ID: 280, Data: 830 0 88 B1 61 66 71 BA 
ID: 316, Data: 841 85 D6 2E AF 1D 2C 7B 
ID: 2A0, Data: 81 32 71 18 32 0 11 0 
ID: 153, Data: 80 0 0 FF 0 FF 0 0 
ID: 316, Data: 841 8F 8D 2A B2 1C 2D 7B 
ID: 316, Data: 841 AC 31 2A B2 1B 2D 7B 
ID: A1, Data: 87F 80 7E 7F 5B 0 0 0 
ID: 316, Data: 841 B2 4A 2B B4 1C 2E 7B 
ID: 316, Data: 841 B3 92 2B B4 1C 2E 7B 
ID: 43F, Data: 8B 48 60 FF 7C D0 22 0 
ID: 43F, Data: 8B 48 60 FF 7C 2C 23 0 
ID: 153, Data: 80 0 0 FF 0 FF 0 0 
ID: 316, Data: 841 A7 C3 2B 64 1D 30 7B 
ID: 153, Data: 80 0 0 FF 0 FF 0 0 
ID: 2A0, Data: 81 37 70 18 32 0 11 0 
ID: 316, Data: 841 6F D7 29 11 1D 31 7B 
ID: 329, Data: 884 B1 80 8 11 3C 0 26 
ID: 316, Data: 841 3D 9C 26 15 1F 32 7B 
ID: 280, Data: 830 0 84 B1 4A 1F 70 54 
ID: 153, Data: 80 0 0 FF 0 FF 0 0 
ID: 545, Data: 8E4 5B 0 8C 30 0 30 0 
ID: 316, Data: 841 21 7F 24 19 22 33 7B 
ID: 545, Data: 8E4 4A 0 8C 96 FF 96 FF 
ID: 316, Data: 841 19 4C 24 19 23 33 7B 
ID: 2A0, Data: 820 31 70 18 32 0 11 0 
ID: 316, Data: 841 15 76 23 1A 23 33 7B 
ID: 329, Data: 8ED B1 80 8 11 34 0 26 
ID: 43F, Data: 83 48 60 FF 7C 60 24 0 
ID: 316, Data: 841 14 3 22 1A 22 33 7B 
ID: 43F, Data: 83 48 60 FF 7C 74 24 0 
ID: 153, Data: 80 0 0 FF 0 FF 0 0 
ID: 280, Data: 830 0 84 B1 40 18 70 40 
ID: 153, Data: 80 0 0 FF 0 FF 0 0 
ID: 5F0, Data: 20 0 
ID: 545, Data: 8E4 5C 0 8C 69 FF 69 FF 
ID: 329, Data: 8ED B1 80 8 11 37 0 26 
ID: 43F, Data: 83 48 60 FF 7C 50 24 0 
ID: 43F, Data: 83 48 60 FF 7C 34 24 0 
ID: 280, Data: 830 0 84 B1 43 1A 70 45 
ID: 153, Data: 80 0 0 FF 0 FF 0 0 
ID: 316, Data: 841 1A 12 22 19 22 32 7B 
ID: 1F0, Data: 8CB 3F CD BF 0 0 0 0 
ID: A1, Data: 873 80 79 7D 20 0 0 0 
ID: 153, Data: 80 0 0 FF 0 FF 0 0 
ID: 153, Data: 80 0 0 FF 0 FF 0 0 
ID: A1, Data: 875 80 7B 7D 20 0 0 0 
ID: 329, Data: 8B B1 80 8 11 36 0 26 
ID: 370, Data: 8FF D5 F0 FF FF FF FF FF 
ID: 370, Data: 8FF D5 F0 FF FF FF FF FF 
ID: 153, Data: 80 0 0 FF 0 FF 0 0 
ID: 43F, Data: 83 48 60 FF 7C 94 23 0 
ID: 153, Data: 80 0 0 FF 0 FF 0 0 
ID: 43F, Data: 83 48 60 FF 7C 78 23 0 
ID: 153, Data: 80 0 0 FF 0 FF 0 0 
ID: 153, Data: 80 0 0 FF 0 FF 0 0 
ID: 316, Data: 849 11 D8 1F 1A 22 31 7B 
ID: 370, Data: 8FF D5 F0 FF FF FF FF FF 
ID: 316, Data: 849 D A5 1F 1B 22 31 7B 
ID: 153, Data: 80 0 0 FF 0 FF 0 0 
ID: 316, Data: 849 9 7E 1F 1B 22 31 7B 
ID: 43F, Data: 843 48 60 FF 7C 4 23 0 
ID: 440, Data: 8FE B3 30 A0 FF AA AA AA 
ID: 316, Data: 849 4 27 1F 11 18 31 7B 
ID: 545, Data: 8E4 E 0 8D 9C FE 9C FE 
ID: 43F, Data: 843 48 60 FF 7C 9C 22 0 
ID: 316, Data: 849 0 94 1E 12 18 30 7B 
ID: 153, Data: 80 0 0 FF 0 FF 0 0 
ID: 153, Data: 80 0 0 FF 0 FF 0 0 
ID: 316, Data: 849 0 4D 1E 12 18 30 7B 
ID: 153, Data: 80 0 0 FF 0 FF 0 0 
ID: 316, Data: 849 0 41 1E 12 18 30 7B 
ID: 1F0, Data: 8CD 3F CD BF 0 0 0 0 
ID: 316, Data: 89 0 59 1E 12 18 30 7B 
ID: 260, Data: 80 0 12 30 5 FF 4F 31 
ID: 5F0, Data: 20 0 
ID: 316, Data: 89 0 27 1F 12 18 2F 7B 
ID: 153, Data: 80 0 0 FF 0 FF 0 0 
ID: 43F, Data: 843 48 60 FF 7C E0 21 0 
ID: 316, Data: 89 0 40 1F 12 18 2F 7B 
ID: 2A0, Data: 880 18 70 18 32 0 11 0 
ID: 316, Data: 89 0 E 1F 12 18 2F 7B 
ID: 316, Data: 89 0 F5 1E 12 18 2F 7B 
ID: 316, Data: 89 0 E9 1E 12 18 2F 7B 
ID: 5F0, Data: 20 0 
ID: 153, Data: 80 0 0 FF 0 FF 0 0 
ID: 153, Data: 80 0 0 FF 0 FF 0 0 
ID: 43F, Data: 843 48 60 FF 7C 28 21 0 
ID: 260, Data: 80 0 12 30 5 FF 4F 31 
ID: 153, Data: 80 0 0 FF 0 FF 0 0 
ID: 316, Data: 89 0 65 1E 12 18 2E 7B 
ID: 153, Data: 80 0 0 FF 0 FF 0 0 
ID: 316, Data: 89 0 65 1E 12 18 2E 7B 
ID: 316, Data: 89 0 4D 1E 12 18 2E 7B 
ID: 280, Data: 830 0 20 B0 3C 17 70 40 
ID: 43F, Data: 843 48 60 FF 7C 94 20 0 
ID: 43F, Data: 843 48 60 FF 7C 7C 20 0 
ID: A0, Data: 82B 7C 41 1E 2E 2C 4 0 
ID: 5F0, Data: 20 0 
ID: 316, Data: 89 0 7 1E 12 18 2D 7B 
ID: 316, Data: 89 0 7 1E 12 18 2D 7B 
ID: 545, Data: 8E4 0 0 8D 47 FE 47 FE 
ID: 153, Data: 80 0 0 FF 0 FF 0 0 
ID: 153, Data: 80 0 0 FF 0 FF 0 0 
ID: 43F, Data: 843 48 60 FF 7C D8 1F 0 
ID: 18F, Data: 8AA 41 0 0 0 0 0 0 
ID: 43F, Data: 843 48 60 FF 7C B8 1F 0 
ID: 43F, Data: 843 48 60 FF 7C B4 1F 0 
ID: 316, Data: 89 0 B7 1D 12 19 2C 7B 
ID: 18F, Data: 8AA 41 0 0 0 0 0 0 
ID: 316, Data: 89 0 C3 1D 12 19 2C 7B 
ID: 153, Data: 80 0 0 FF 0 FF 0 0 
ID: 316, Data: 89 0 AC 1D 12 19 2C 7B 
ID: 43F, Data: 843 48 60 FF 7C 20 1F 0 
ID: 316, Data: 89 0 A1 1D 12 19 2B 7B 
ID: 153, Data: 80 0 0 FF 0 FF 0 0 
ID: 153, Data: 80 0 0 FF 0 FF 0 0 
ID: 5F0, Data: 20 0 
ID: 370, Data: 8FF D5 F0 FF FF FF FF FF 
ID: A0, Data: 828 7C 74 1D 2B 2B 4 0 
ID: 316, Data: 89 0 32 1D 12 19 2A 7B 
ID: 316, Data: 89 0 11 1D 12 19 2A 7B 
ID: 43F, Data: 843 48 60 FF 7C 18 1E 0 
ID: 153, Data: 80 0 0 FF 0 FF 0 0 
ID: 545, Data: 8E4 0 0 8C 44 FE 44 FE 
ID: 316, Data: 89 0 9C 1C 12 19 2A 7B 
ID: 2A0, Data: 880 E 70 18 32 0 11 0 
ID: 1F1, Data: 80 9B 41 31 14 4A 81 14 
ID: 153, Data: 80 0 0 FF 0 FF 0 0 
ID: 18F, Data: 8AA 3F 0 0 0 0 0 0 
ID: 316, Data: 89 0 C 1C 12 19 29 7B 
ID: 316, Data: 89 0 EE 1B 12 19 28 7B 
ID: 316, Data: 89 0 DA 1B 12 19 28 7B 
ID: 153, Data: 80 0 0 FF 0 FF 0 0 
ID: 316, Data: 89 0 9F 1B 12 19 28 7B 
ID: 153, Data: 80 0 0 FF 0 FF 0 0 
ID: 5F0, Data: 20 0 
ID: 153, Data: 80 0 0 FF 0 FF 0 0 
ID: 316, Data: 89 0 35 1B 13 19 27 7B 
ID: A1, Data: 880 80 80 7D 1C 0 0 0 
ID: 153, Data: 80 0 0 FF 0 FF 0 0 
ID: 316, Data: 89 0 CF 1A 14 19 27 7B 
ID: 153, Data: 80 0 0 FF 0 FF 0 0 
ID: 316, Data: 89 0 8F 1A 14 19 26 7B 
ID: 370, Data: 8FF D5 F0 FF FF FF FF FF 
ID: 316, Data: 89 0 47 1A 14 19 26 7B 
ID: 153, Data: 80 0 0 FF 0 FF 0 0 
ID: 153, Data: 80 0 0 FF 0 FF 0 0 
ID: 316, Data: 89 0 BD 19 14 19 25 7B 
ID: 153, Data: 80 0 0 FF 0 FF 0 0 
ID: 316, Data: 89 0 7A 19 14 19 25 7B 
ID: 153, Data: 80 0 0 FF 0 FF 0 0 
ID: 153, Data: 80 0 0 FF 0 FF 0 0 
ID: 43F, Data: 843 48 60 FF 7C D4 19 0 
ID: 43F, Data: 843 48 60 FF 7C AC 19 0 
ID: 43F, Data: 843 48 60 FF 7C 84 19 0 
ID: 153, Data: 80 0 0 FF 0 FF 0 0 
ID: 153, Data: 80 0 0 FF 0 FF 0 0 
ID: 316, Data: 89 0 4D 18 15 18 23 7B 
ID: 370, Data: 8FF D5 F0 FF FF FF FF FF 
ID: 316, Data: 89 0 9 18 15 18 23 7B 
ID: 153, Data: 80 0 0 FF 0 FF 0 0 
ID: 153, Data: 80 0 0 FF 0 FF 0 0 
ID: 153, Data: 80 0 0 FF 0 FF 0 0 
ID: 316, Data: 89 0 72 17 15 18 22 7B 
ID: 316, Data: 89 0 64 17 15 18 22 7B 
ID: 18F, Data: 8AA 3C 0 0 0 0 0 0 
ID: 153, Data: 80 0 0 FF 0 FF 0 0 
ID: 43F, Data: 843 48 60 FF 7C 94 17 0 
ID: 545, Data: 8E4 0 0 8C 47 FE 47 FE 
ID: 43F, Data: 843 48 60 FF 7C 54 17 0 
ID: 316, Data: 89 0 99 16 16 18 21 7B 
ID: 153, Data: 80 0 0 FF 0 FF 0 0 
ID: 316, Data: 89 0 3F 16 16 18 20 7B 
ID: 153, Data: 80 0 0 FF 0 FF 0 0 
ID: 316, Data: 89 0 E1 15 16 18 20 7B 
ID: 153, Data: 80 0 0 FF 0 FF 0 0 
ID: 316, Data: 89 0 99 15 16 19 1F 7B 
ID: 440, Data: 8FE 63 1F A0 FF AA AA AA 
ID: 316, Data: 89 0 46 15 17 19 1F 7B 
ID: 316, Data: 89 0 18 15 17 19 1F 7B 
ID: 316, Data: 89 0 FC 14 17 19 1E 7B 
ID: 260, Data: 80 0 17 30 5 FF 4F 1E 
ID: 440, Data: 8FE B3 1D A0 FF AA AA AA 
ID: 153, Data: 80 0 0 FF 0 FF 0 0 
ID: 5F0, Data: 20 0 
ID: 260, Data: 80 0 18 30 5 FF 4F 2C 
ID: 545, Data: 8E4 0 0 8C 45 FE 45 FE 
ID: 5F0, Data: 20 0 
ID: 43F, Data: 843 48 60 FF 7C 6C 14 0 
ID: 43F, Data: 843 48 60 FF 7C 58 14 0 
ID: 316, Data: 89 0 A5 13 18 19 1C 7B 
ID: 1F0, Data: 8CF 3F CD BF 0 0 0 0 
ID: 153, Data: 80 0 0 FF 0 FF 0 0 
ID: 316, Data: 89 0 36 13 19 19 1C 7B 
ID: 153, Data: 80 0 0 FF 0 FF 0 0 
ID: 316, Data: 89 0 D9 12 19 19 1B 7B 
ID: 316, Data: 89 0 A8 12 19 19 1B 7B 
ID: 280, Data: 830 0 20 AF 25 14 70 3B 
ID: 43F, Data: 843 48 60 FF 7C E4 12 0 
ID: 316, Data: 89 0 26 12 1A 19 1A 7B 
ID: 370, Data: 8FF D5 F0 FF FF FF FF FF 
ID: 316, Data: 89 0 BF 11 1A 19 1A 7B 
ID: A0, Data: 828 7C D3 11 1B 26 4 0 
ID: 43F, Data: 843 48 60 FF 7C 1C 12 0 
ID: 43F, Data: 843 48 60 FF 7C F8 11 0 
ID: 545, Data: 8E4 0 0 8C 38 FE 38 FE 
ID: 316, Data: 89 0 F6 10 1C 19 19 7B 
ID: 316, Data: 89 0 C3 10 1C 19 19 7B 
ID: 5F0, Data: 20 0 
ID: 43F, Data: 843 48 60 FF 7C 20 11 0 
ID: 153, Data: 80 0 0 FF 0 FF 0 0 
ID: 329, Data: 8B AF 80 8 12 2D 0 26 
ID: 153, Data: 80 0 0 FF 0 FF 0 0 
ID: 316, Data: 81 E E5 F 1D 1A 17 7B 
ID: 43F, Data: 843 48 60 FF 7C 88 10 0 
ID: 316, Data: 81 18 EF F 1D 1A 17 7B 
ID: 1F0, Data: 8CF 3F CD BF 0 0 0 0 
ID: 153, Data: 80 0 0 FF 0 FF 0 0 
ID: 316, Data: 81 1D 23 F 1E 1A 16 7B 
ID: 153, Data: 80 0 0 FF 0 FF 0 0 
ID: 316, Data: 81 1D 56 E 20 1A 16 7B 
ID: 316, Data: 81 1D 46 E 20 1A 16 7B 
ID: 545, Data: 8E4 2D 0 8C 36 0 36 0 
ID: 316, Data: 81 1D 86 E 1F 1A 15 7B 
ID: 153, Data: 80 0 0 FF 0 FF 0 0 
ID: 316, Data: 81 1D 2C E 20 1A 15 7B 
ID: 316, Data: 81 1E 39 E 20 1A 15 7B 
ID: 329, Data: 8B AF 80 8 12 2D 0 26 
ID: 43F, Data: 83 48 60 FF 7C B4 E 0 
ID: 153, Data: 80 0 0 FF 0 FF 0 0 
ID: 316, Data: 81 1E FE D 20 1A 14 7B 
ID: 316, Data: 81 1E E8 D 21 1A 14 7B 
ID: 153, Data: 80 0 0 FF 0 FF 0 0 
ID: 18F, Data: 8AA 39 0 0 0 0 0 0 
ID: 316, Data: 81 1E 7A D 22 1A 13 7B 
ID: 316, Data: 81 1F 70 D 22 1A 13 7B 
ID: 545, Data: 8E4 30 0 8C 4E 0 4E 0 
ID: 43F, Data: 83 48 60 FF 7C 64 D 0 
ID: 43F, Data: 83 48 60 FF 7C 40 D 0 
ID: 316, Data: 81 20 FE C 22 1B 12 7B 
ID: 316, Data: 81 20 FE C 21 1A 12 7B 
ID: 43F, Data: 83 48 60 FF 7C C4 C 0 
ID: 153, Data: 80 0 0 FF 0 FF 0 0 
ID: 316, Data: 81 21 C1 C 21 1B 12 7B 
ID: 153, Data: 80 0 0 FF 0 FF 0 0 
ID: 316, Data: 81 21 A2 C 21 1B 11 7B 
ID: 43F, Data: 83 48 60 FF 7C 2C C 0 
ID: 280, Data: 830 0 84 AF 19 18 70 46 
ID: 370, Data: 8FF D5 F0 FF FF FF FF FF 
ID: 316, Data: 81 21 4C C 21 1A 10 7B 
ID: 43F, Data: 83 48 60 FF 7C 20 B 0 
ID: 43F, Data: 83 48 60 FF 7C 8 B 0 
ID: 43F, Data: 83 48 60 FF 7C C0 A 0 
ID: 316, Data: 81 21 7E B 23 1A F 7B 
ID: 545, Data: 8E4 28 0 8C 83 0 83 0 
ID: 260, Data: 8B 22 24 30 5 FF 53 D 
ID: 1F1, Data: 80 45 6D D0 6 70 10 7 
ID: 153, Data: 80 0 0 FF 0 FF 0 0 
ID: 316, Data: 81 23 BA A 24 1A E 7B 
ID: 43F, Data: 83 48 60 FF 7C 80 9 0 
ID: 43F, Data: 83 48 60 FF 7C 50 9 0 
ID: 329, Data: 8B AF 80 8 12 2B 0 26 
ID: A0, Data: 839 7C 93 A E 24 2 0 
ID: 316, Data: 81 24 2D A 25 19 D 7B 
ID: 43F, Data: 83 48 60 FF 7C 98 8 0 
ID: 370, Data: 8FF D5 F0 FF FF FF FF FF 
ID: 316, Data: 81 25 1 A 26 19 C 7B 
ID: 153, Data: 80 0 0 FF 0 FF 0 0 
ID: 316, Data: 81 26 DF 9 26 19 B 7B 
ID: 545, Data: 8E4 25 0 8C E4 0 E4 0 
ID: A1, Data: 88B 80 8D 7D 25 0 0 0 
ID: 316, Data: 81 26 BC 9 26 19 B 7B 
ID: 153, Data: 80 0 0 FF 0 FF 0 0 
ID: 316, Data: 81 26 C6 9 26 19 A 7B 
ID: 43F, Data: 8A 48 60 FF 7C D8 6 0 
ID: 370, Data: 8FF D5 F0 FF FF FF FF FF 
ID: 316, Data: 81 26 9E 9 26 19 9 7B 
ID: 153, Data: 80 0 0 FF 0 FF 0 0 
ID: 316, Data: 81 26 AA 9 26 19 9 7B 
ID: 153, Data: 80 0 0 FF 0 FF 0 0 
ID: 316, Data: 81 26 8D 9 26 19 9 7B 
ID: 153, Data: 80 0 0 FF 0 FF 0 0 
ID: 153, Data: 80 0 0 FF 0 FF 0 0 
ID: 43F, Data: 8A 48 60 FF 7C 88 8 0 
ID: 153, Data: 80 0 0 FF 0 FF 0 0 
ID: 43F, Data: 82 48 60 FF 7C 3C 8 0 
ID: 153, Data: 80 0 0 FF 0 FF 0 0 
ID: 153, Data: 80 0 0 FF 0 FF 0 0 
ID: A0, Data: 836 7C E4 9 8 23 2 0 
ID: 545, Data: 8E4 24 0 8B D9 0 D9 0 
ID: 316, Data: 81 25 6 A 25 19 7 7B 
ID: A0, Data: 836 7C F1 9 7 23 2 0 
ID: A0, Data: 835 7C 20 A 7 23 2 0 
ID: 18F, Data: 8AA 39 0 0 0 0 0 0 
ID: 545, Data: 8E4 24 0 8C CA 0 CA 0 
ID: 316, Data: 81 25 1 A 25 19 6 7B 
ID: 545, Data: 8E4 23 0 8B C8 0 C8 0 
ID: 260, Data: 8B 25 25 30 5 FF 60 1A 
ID: 153, Data: 80 0 0 FF 0 FF 0 0 
ID: 316, Data: 81 25 E2 9 25 19 6 7B 
ID: 153, Data: 80 0 0 FF 0 FF 0 0 
ID: 153, Data: 80 0 0 FF 0 FF 0 0 
ID: 370, Data: 8FF D5 F0 FF FF FF FF FF 
ID: A1, Data: 887 7E 87 7E 25 0 0 0 
ID: 316, Data: 81 25 2C A 24 19 5 7B 
ID: 316, Data: 81 25 26 A 24 19 5 7B 
ID: 280, Data: 830 0 84 B0 14 1B 70 4D 
ID: 18F, Data: 8AA 39 0 0 0 0 0 0 
ID: 316, Data: 81 25 1C A 25 19 5 7B 
ID: 316, Data: 81 25 13 A 25 19 4 7B 
ID: 316, Data: 81 25 C A 25 19 4 7B 
ID: 153, Data: 80 0 0 FF 0 FF 0 0 
ID: 316, Data: 81 24 28 A 24 19 4 7B 
ID: 43F, Data: 82 48 60 FF 7C 98 4 0 
ID: 316, Data: 81 24 1B A 25 19 4 7B 
ID: 440, Data: 8D1 D2 3 A0 FF AA AA AA 
ID: A0, Data: 836 7C 10 A 5 23 2 0 
ID: 5F0, Data: 20 0 
ID: 153, Data: 80 0 0 FF 0 FF 0 0 
ID: 316, Data: 81 24 B A 25 19 3 7B 
ID: 5F0, Data: 20 0 
ID: 316, Data: 81 24 14 A 25 19 3 7B 
ID: 153, Data: 80 0 0 FF 0 FF 0 0 
ID: 316, Data: 81 24 5 A 25 19 3 7B 
ID: 153, Data: 80 0 0 FF 0 FF 0 0 
ID: 316, Data: 81 24 FC 9 25 19 3 7B 
ID: 370, Data: 8FF D5 F0 FF FF FF FF FF 
ID: 153, Data: 80 0 0 FF 0 FF 0 0 
ID: 280, Data: 830 0 84 B0 14 1A 70 4D 
ID: 153, Data: 80 0 0 FF 0 FF 0 0 
ID: 43F, Data: 82 48 60 FF 7C 9C 2 0 
ID: 545, Data: 8E4 21 0 8C C0 0 C0 0 
ID: 18F, Data: 8AA 39 0 0 0 0 0 0 
ID: 1F0, Data: 8CE 3F CD BF 0 0 0 0 
ID: 370, Data: 8FF D5 F0 FF FF FF FF FF 
ID: 43F, Data: 89 48 60 FF 7C C 2 0 
ID: 316, Data: 81 24 14 A 25 19 2 7B 
ID: 316, Data: 81 24 3 A 25 19 2 7B 
ID: 18F, Data: 8AA 39 0 0 0 0 0 0 
ID: A0, Data: 836 7C 14 A 2 23 2 0 
ID: 329, Data: 8B B0 80 8 12 2B 0 26 
ID: 316, Data: 81 24 C A 25 19 1 7B 
ID: 153, Data: 80 0 0 FF 0 FF 0 0 
ID: A0, Data: 837 7C F7 9 2 23 2 0 
ID: 153, Data: 80 0 0 FF 0 FF 0 0 
ID: 316, Data: 81 24 B A 25 19 1 7B 
ID: 153, Data: 80 0 0 FF 0 FF 0 0 
ID: 316, Data: 81 24 17 A 25 19 1 7B 
ID: 43F, Data: 89 48 60 FF 7C D0 0 0 
ID: 370, Data: 8FF D5 F0 FF FF FF FF FF 
ID: 316, Data: 81 24 18 A 25 19 1 7B 
ID: 153, Data: 80 0 0 FF 0 FF 0 0 
ID: 316, Data: 81 24 8 A 25 19 0 7B 
ID: 153, Data: 80 0 0 FF 0 FF 0 0 
ID: 316, Data: 81 24 B A 25 19 0 7B 
ID: 43F, Data: 89 48 60 FF 7C 5C 0 0 
ID: 43F, Data: 89 48 60 FF 7C 5C 0 0 
ID: 43F, Data: 89 48 60 FF 7C 5C 0 0 
ID: 1F1, Data: 80 AB 2 20 0 3 20 0 
ID: 316, Data: 81 24 24 A 25 19 0 7B 
ID: 316, Data: 81 24 1D A 25 19 0 7B 
ID: 545, Data: 8E4 21 0 8B C5 0 C5 0 
ID: 440, Data: 8A6 82 0 A0 FF AA AA AA 
ID: 153, Data: 80 0 0 FF 0 FF 0 0 
ID: 316, Data: 81 24 2A A 24 19 0 7B 
ID: 316, Data: 81 24 31 A 24 19 0 7B 
ID: 153, Data: 80 0 0 FF 0 FF 0 0 
ID: 260, Data: 8B 25 25 30 5 FF 71 18 
ID: 43F, Data: 89 48 60 FF 7C 4C 0 0 
ID: 153, Data: 80 0 0 FF 0 FF 0 0 
ID: 153, Data: 80 0 0 FF 0 FF 0 0 
ID: A0, Data: 837 7D 28 A 0 23 2 0 
ID: 280, Data: 830 0 84 B0 14 1A 70 4D 
ID: 316, Data: 81 24 23 A 25 19 0 7B 
ID: 43F, Data: 81 48 60 FF 7C B0 0 0 
ID: 153, Data: 80 0 0 FF 0 FF 0 0 
ID: 43F, Data: 81 48 60 FF 7C C4 0 0 
ID: 1F1, Data: 80 AB 1 10 0 1 10 0 
ID: 153, Data: 80 0 0 FF 0 FF 0 0 
ID: 316, Data: 81 24 62 A 24 19 0 7B 
ID: 153, Data: 80 0 0 FF 0 FF 0 0 
ID: 5F0, Data: 20 0 
ID: 153, Data: 80 0 0 FF 0 FF 0 0 
ID: 316, Data: 81 23 6E A 24 19 0 7B 
ID: 2A0, Data: 880 0 70 18 32 0 11 0 
ID: 440, Data: 8AD 91 0 A0 FF AA AA AA 
ID: 1F1, Data: 80 AB 3 30 0 3 30 0 
ID: 280, Data: 830 0 84 B0 14 1A 70 4C 
ID: 316, Data: 81 23 47 A 24 19 0 7B 
ID: 153, Data: 80 0 0 FF 0 FF 0 0 
ID: 316, Data: 81 23 49 A 24 19 0 7B 
ID: 153, Data: 80 0 0 FF 0 FF 0 0 
ID: 153, Data: 80 0 0 FF 0 FF 0 0 
ID: 316, Data: 81 23 47 A 24 19 0 7B 
ID: A0, Data: 836 7D 47 A 0 23 2 0 
ID: 43F, Data: 81 48 60 FF 7C 70 0 0 
ID: 43F, Data: 81 48 60 FF 7C 28 0 0 
ID: 43F, Data: 81 48 60 FF 7C 0 0 0 
ID: 43F, Data: 81 48 60 FF 7C 0 0 0 
ID: 153, Data: 80 0 0 FF 0 FF 0 0 
ID: 316, Data: 81 23 55 A 24 19 0 7B 
ID: 153, Data: 80 0 0 FF 0 FF 0 0 
ID: 316, Data: 81 23 42 A 24 19 0 7B 
ID: 1F1, Data: 80 AB 1 10 0 1 10 0 
ID: 153, Data: 80 0 0 FF 0 FF 0 0 
ID: 316, Data: 81 23 3E A 24 19 0 7B 
ID: 153, Data: 80 0 0 FF 0 FF 0 0 
ID: 316, Data: 81 23 29 A 24 19 0 7B 
ID: 153, Data: 80 0 0 FF 0 FF 0 0 
ID: 43F, Data: 81 48 60 FF 7C 0 0 0 
ID: 153, Data: 80 0 0 FF 0 FF 0 0 
ID: 153, Data: 80 0 0 FF 0 FF 0 0 
ID: 153, Data: 80 0 0 FF 0 FF 0 0 
ID: 440, Data: 8A6 31 0 A0 FF AA AA AA 
ID: 316, Data: 81 23 2E A 24 19 0 7B 
ID: 153, Data: 80 0 0 FF 0 FF 0 0 
ID: 153, Data: 80 0 0 FF 0 FF 0 0 
ID: 153, Data: 80 0 0 FF 0 FF 0 0 
ID: 260, Data: 8B 23 25 30 5 FF 71 38 
ID: 316, Data: 81 23 30 A 24 19 0 7B 
ID: 153, Data: 80 0 0 FF 0 FF 0 0 
ID: 43F, Data: 81 48 60 FF 7C 0 0 0 
ID: 18F, Data: 8AA 3B 0 0 0 0 0 0 
ID: A0, Data: 836 7D 28 A 0 23 2 0 
ID: 370, Data: 8FF D5 F0 FF FF FF FF FF 
ID: 280, Data: 830 0 84 B1 14 1A 71 4D 
ID: 5F0, Data: 20 0 
ID: 545, Data: 8E4 21 0 8C B4 0 B4 0 
ID: 329, Data: 8B B1 80 8 12 2B 0 26 
ID: A0, Data: 835 7D 42 A 0 23 2 0 
ID: 43F, Data: 81 48 60 FF 7C 0 0 0 
ID: 153, Data: 80 0 0 FF 0 FF 0 0 
ID: 43F, Data: 81 48 60 FF 7C 0 0 0 
ID: 18F, Data: 8AA 3B 0 0 0 0 0 0 
ID: A1, Data: 88A 7E 84 7E 24 0 0 0 
ID: 329, Data: 8ED B1 80 8 12 2B 0 26 
ID: 545, Data: 8E4 21 0 8C B4 0 B4 0 
ID: 153, Data: 80 0 0 FF 0 FF 0 0 
ID: 316, Data: 81 23 3E A 24 19 0 7B 
ID: 153, Data: 80 0 0 FF 0 FF 0 0 
ID: 316, Data: 81 23 31 A 24 19 0 7B 
ID: 43F, Data: 81 48 60 FF 7C 0 0 0 
ID: 43F, Data: 81 48 60 FF 7C 0 0 0 
ID: 43F, Data: 81 48 60 FF 7C 0 0 0 
ID: 153, Data: 80 0 0 FF 0 FF 0 0 
ID: 316, Data: 81 24 6A A 2C 22 0 7B 
ID: 153, Data: 80 0 0 FF 0 FF 0 0 
ID: 153, Data: 80 0 0 FF 0 FF 0 0 
ID: 153, Data: 80 0 0 FF 0 FF 0 0 
ID: A0, Data: 83B 7D 7F A 0 25 2 0 
ID: 2A0, Data: 840 0 71 18 32 0 11 0 
ID: 316, Data: 81 26 9F A 2B 22 0 7B 
ID: A1, Data: 88A 83 88 82 26 0 0 0 
ID: 153, Data: 80 0 0 FF 0 FF 0 0 
ID: 43F, Data: 81 48 60 FF 7C 0 0 0 
ID: 153, Data: 80 0 0 FF 0 FF 0 0 
ID: 153, Data: 80 0 0 FF 0 FF 0 0 
ID: 2A0, Data: 820 0 71 18 32 0 11 0 
ID: 316, Data: 841 28 2A A 2C 22 0 7B 
ID: 2A0, Data: 8E0 0 71 18 32 0 11 0 
ID: 153, Data: 80 0 0 FF 0 FF 0 0 
ID: 153, Data: 80 0 0 FF 0 FF 0 0 
ID: 153, Data: 80 0 0 FF 0 FF 0 0 
ID: A0, Data: 842 7D FA 9 0 25 2 0 
ID: 316, Data: 841 2A F A 2C 21 0 7B 
ID: 316, Data: 841 2B 26 A 2C 21 0 7B 
ID: 2A0, Data: 840 0 71 18 32 0 11 0 
ID: 153, Data: 80 0 0 FF 0 FF 0 0 
ID: 153, Data: 80 0 0 FF 0 FF 0 0 
ID: 316, Data: 841 2B 55 A 2B 22 0 7B 
ID: A0, Data: 83F 7D 50 A 0 25 2 0 
ID: 5F0, Data: 20 0 
ID: 43F, Data: 81 48 60 FF 7C 0 0 0 
ID: 1F1, Data: 80 AB 0 0 0 0 0 0 
ID: 153, Data: 80 0 0 FF 0 FF 0 0 
ID: 2A0, Data: 820 0 71 18 32 0 11 0 
ID: 316, Data: 841 2A 7F A 2B 22 0 7B 
ID: 545, Data: 8E4 29 0 8B 8C 0 8C 0 
ID: 43F, Data: 81 48 60 FF 7C 0 0 0 
ID: 43F, Data: 81 48 60 FF 7C 0 0 0 
ID: 43F, Data: 81 48 60 FF 7C 0 0 0 
ID: 43F, Data: 81 48 60 FF 7C 0 0 0 
ID: 316, Data: 841 29 57 A 2B 22 0 7B 
ID: 316, Data: 841 29 3D A 2B 22 0 7B 
ID: A0, Data: 83D 7E 3D A 0 24 2 0 
ID: 440, Data: 8AE 31 0 A0 FF AA AA AA 
ID: 43F, Data: 81 48 60 FF 7C 0 0 0 
ID: 153, Data: 80 0 0 FF 0 FF 0 0 
ID: 316, Data: 841 29 47 A 2B 22 0 7B 
ID: 153, Data: 80 0 0 FF 0 FF 0 0 
ID: 370, Data: 8FF D5 F0 FF FF FF FF FF 
ID: 316, Data: 841 29 36 A 2B 22 0 7B 
ID: 153, Data: 80 0 0 FF 0 FF 0 0 
ID: 316, Data: 841 29 34 A 2B 22 0 7B 
ID: 370, Data: 8FF D5 F0 FF FF FF FF FF 
ID: 316, Data: 841 29 38 A 2B 22 0 7B 
ID: 153, Data: 80 0 0 FF 0 FF 0 0 
ID: 153, Data: 80 0 0 FF 0 FF 0 0 
ID: 316, Data: 841 29 36 A 2B 22 0 7B 
ID: 5F0, Data: 20 0 
ID: 316, Data: 841 29 28 A 2B 22 0 7B 
ID: 153, Data: 80 0 0 FF 0 FF 0 0 
ID: 316, Data: 841 2A 1F A 2C 22 0 7B 
ID: 316, Data: 841 29 1C A 2C 22 0 7B 
ID: 153, Data: 80 0 0 FF 0 FF 0 0 
ID: 153, Data: 80 0 0 FF 0 FF 0 0 
ID: 18F, Data: 8AA 45 0 0 0 0 0 0 
ID: 329, Data: 8B B1 80 8 12 2C 0 26 
ID: 153, Data: 80 0 0 FF 0 FF 0 0 
ID: 316, Data: 841 29 36 A 2B 22 0 7B 
ID: 43F, Data: 81 48 60 FF 7C 0 0 0 
ID: 370, Data: 8FF D5 F0 FF FF FF FF FF 
ID: 18F, Data: 8AA 45 0 0 0 0 0 0 
ID: 153, Data: 80 0 0 FF 0 FF 0 0 
ID: 316, Data: 841 2A 35 A 2B 22 0 7B 
ID: 43F, Data: 81 48 60 FF 7C 0 0 0 
ID: 440, Data: 8AE 91 0 A0 FF AA AA AA 
ID: 43F, Data: 81 48 60 FF 7C 0 0 0 
ID: A0, Data: 83C 7E 35 A 0 24 2 0 
ID: 153, Data: 80 0 0 FF 0 FF 0 0 
ID: 18F, Data: 8AA 46 0 0 0 0 0 0 
ID: 316, Data: 841 29 21 A 2B 22 0 7B 
ID: 316, Data: 841 29 28 A 2B 22 0 7B 
ID: 329, Data: 8ED B2 80 8 12 2C 0 26 
ID: 1F1, Data: 80 AB 0 0 0 0 0 0 
ID: 153, Data: 80 0 0 FF 0 FF 0 0 
ID: 43F, Data: 81 48 60 FF 7C 0 0 0 
ID: A0, Data: 83D 7E 1C A 0 24 2 0 
ID: 260, Data: 8B 2A 2C 30 5 FF 72 1B 
ID: 18F, Data: 8AA 47 0 0 0 0 0 0 
ID: 153, Data: 80 0 0 FF 0 FF 0 0 
ID: 153, Data: 80 0 0 FF 0 FF 0 0 
ID: 545, Data: 8E4 25 0 8B 8B 0 8B 0 
ID: 316, Data: 841 2A 23 A 2B 22 0 7B 
ID: 545, Data: 8E4 24 0 8C 8C 0 8C 0 
ID: 43F, Data: 81 48 60 FF 7C 0 0 0 
ID: 43F, Data: 81 48 60 FF 7C 0 0 0 
ID: 153, Data: 80 0 0 FF 0 FF 0 0 
ID: 316, Data: 841 29 1F A 2B 22 0 7B 
ID: 153, Data: 80 0 0 FF 0 FF 0 0 
ID: 153, Data: 80 0 0 FF 0 FF 0 0 
ID: 316, Data: 841 29 1F A 2B 22 0 7B 
ID: 153, Data: 80 0 0 FF 0 FF 0 0 
ID: 316, Data: 841 29 17 A 2C 22 0 7B 
ID: 153, Data: 80 0 0 FF 0 FF 0 0 
ID: 316, Data: 841 29 18 A 2B 22 0 7B 
ID: 43F, Data: 81 48 60 FF 7C 0 0 0 
ID: 1F0, Data: 8CE 3F CD BF 0 0 0 0 
ID: 329, Data: 8ED B2 80 8 12 2C 0 26 
ID: 370, Data: 8FF D5 F0 FF FF FF FF FF 
ID: 5F0, Data: 20 0 
ID: 316, Data: 841 2A 17 A 2C 22 0 7B 
ID: 316, Data: 841 2A 13 A 2C 22 0 7B 
ID: 370, Data: 8FF D5 F0 FF FF FF FF FF 
ID: 153, Data: 80 0 0 FF 0 FF 0 0 
ID: 18F, Data: 8AA 49 0 0 0 0 0 0 
ID: 316, Data: 841 2A 12 A 2C 21 0 7B 
ID: 370, Data: 8FF D5 F0 FF FF FF FF FF 
ID: 545, Data: 8E4 24 0 8B 8F 0 8F 0 
ID: 153, Data: 80 0 0 FF 0 FF 0 0 
ID: 316, Data: 841 2A 19 A 2B 21 0 7B 
ID: 153, Data: 80 0 0 FF 0 FF 0 0 
ID: 316, Data: 841 2A 13 A 2C 21 0 7B 
ID: 316, Data: 841 2A F A 2C 21 0 7B 
ID: 280, Data: 830 0 84 B2 14 1E 71 55 
ID: 153, Data: 80 0 0 FF 0 FF 0 0 
ID: 1F1, Data: 80 AB 0 0 0 0 0 0 
ID: 316, Data: 841 2A A A 2C 21 0 7B 
ID: 2A0, Data: 8E0 0 71 18 32 0 11 0 
ID: 5F0, Data: 20 0 
ID: 316, Data: 841 2A F3 9 2C 21 0 7B 
ID: 316, Data: 841 2A F7 9 2C 21 0 7B 
ID: 316, Data: 841 2A F5 9 2C 21 0 7B 
ID: 18F, Data: 8AA 4B 0 0 0 0 0 0 
ID: 43F, Data: 81 48 60 FF 7C 0 0 0 
ID: 153, Data: 80 0 0 FF 0 FF 0 0 
ID: 43F, Data: 81 48 60 FF 7C 0 0 0 
ID: 260, Data: 8B 2A 2C 30 5 FF 74 37 
ID: A0, Data: 83C 7E B A 0 24 2 0 
ID: 316, Data: 841 2A 1C A 2C 21 0 7B 
ID: 153, Data: 80 0 0 FF 0 FF 0 0 
ID: 316, Data: 841 2A 6 A 2C 21 0 7B 
ID: 153, Data: 80 0 0 FF 0 FF 0 0 
ID: 153, Data: 80 0 0 FF 0 FF 0 0 
ID: 153, Data: 80 0 0 FF 0 FF 0 0 
ID: 260, Data: 8B 2A 2C 30 5 FF 74 37 
ID: 329, Data: 8B B2 80 8 12 2C 0 26 
ID: 153, Data: 80 0 0 FF 0 FF 0 0 
ID: 43F, Data: 81 48 60 FF 7C 0 0 0 
ID: A1, Data: 87C 83 7C 82 28 0 0 0 
ID: 153, Data: 80 0 0 FF 0 FF 0 0 
ID: 5F0, Data: 20 0 
ID: A0, Data: 83D 7E 2 A 0 24 2 0 
ID: 260, Data: 8B 2A 2C 30 5 FF 74 19 
ID: 316, Data: 841 2A A A 2C 21 0 7B 
ID: A1, Data: 87C 83 7C 82 28 0 0 0 
ID: 153, Data: 80 0 0 FF 0 FF 0 0 
ID: 316, Data: 841 2A E6 9 2C 21 0 7B 
ID: 370, Data: 8FF D5 F0 FF FF FF FF FF 
ID: 153, Data: 80 0 0 FF 0 FF 0 0 
ID: A1, Data: 87C 83 7A 82 28 0 0 0 
ID: 329, Data: 8ED B2 80 8 12 2C 0 26 
ID: 545, Data: 8E4 23 0 8B 99 0 99 0 
ID: 153, Data: 80 0 0 FF 0 FF 0 0 
ID: 153, Data: 80 0 0 FF 0 FF 0 0 
ID: 316, Data: 841 2A 15 A 2C 21 0 7B 
ID: 2A0, Data: 8E0 0 71 18 32 0 11 0 
ID: 316, Data: 841 2A 1D A 2C 21 0 7B 
ID: 316, Data: 841 2A 26 A 2C 21 0 7B 
ID: 329, Data: 884 B2 80 8 12 2C 0 26 
ID: 316, Data: 841 2A 18 A 2C 21 0 7B 
ID: 153, Data: 80 0 0 FF 0 FF 0 0 
ID: 329, Data: 8B B2 80 8 12 2C 0 26 
ID: 316, Data: 841 2A 10 A 2C 21 0 7B 
ID: 1F1, Data: 80 AB 0 0 0 0 0 0 
ID: 153, Data: 80 0 0 FF 0 FF 0 0 
ID: 316, Data: 841 2A 21 A 2C 21 0 7B 
ID: 316, Data: 841 2A 2C A 2C 22 0 7B 
ID: 545, Data: 8E4 25 0 8C 8D 0 8D 0 
ID: 153, Data: 80 0 0 FF 0 FF 0 0 
ID: 316, Data: 841 29 1D A 2C 22 0 7B 
ID: 153, Data: 80 0 0 FF 0 FF 0 0 
ID: 316, Data: 841 29 24 A 2C 22 0 7B 
ID: 153, Data: 80 0 0 FF 0 FF 0 0 
ID: 5F0, Data: 20 0 
ID: 316, Data: 841 29 24 A 2C 22 0 7B 
ID: 316, Data: 841 29 23 A 2C 21 0 7B 
ID: 316, Data: 841 29 26 A 2C 22 0 7B 
ID: A1, Data: 880 83 81 82 28 0 0 0 
ID: 43F, Data: 81 48 60 FF 7C 0 0 0 
ID: 153, Data: 80 0 0 FF 0 FF 0 0 
ID: 43F, Data: 81 48 60 FF 7C 0 0 0 
ID: 153, Data: 80 0 0 FF 0 FF 0 0 
ID: 153, Data: 80 0 0 FF 0 FF 0 0 
ID: A0, Data: 83C 7E 25 A 0 24 2 0 
ID: 2A0, Data: 820 0 71 18 32 0 11 0 
ID: 329, Data: 8ED B2 80 8 12 2C 0 26 
ID: A0, Data: 83C 7E 1C A 0 24 2 0 
ID: 43F, Data: 81 48 60 FF 7C 0 0 0 
ID: 153, Data: 80 0 0 FF 0 FF 0 0 
ID: 43F, Data: 81 48 60 FF 7C 0 0 0 
ID: 153, Data: 80 0 0 FF 0 FF 0 0 
ID: 153, Data: 80 0 0 FF 0 FF 0 0 
ID: 260, Data: 8B 2A 2C 30 5 FF 73 1A 
ID: 43F, Data: 81 48 60 FF 7C 0 0 0 
ID: 18F, Data: 8AA 4E 0 0 0 0 0 0 
ID: 153, Data: 80 0 0 FF 0 FF 0 0 
ID: 260, Data: 8B 2A 2C 30 5 FF 72 1B 
ID: 316, Data: 841 29 19 A 2C 21 0 7B 
ID: 43F, Data: 81 48 60 FF 7C 0 0 0 
ID: 43F, Data: 81 48 60 FF 7C 0 0 0 
ID: 43F, Data: 81 48 60 FF 7C 0 0 0 
ID: 153, Data: 80 0 0 FF 0 FF 0 0 
ID: 316, Data: 841 2A F A 2C 21 0 7B 
ID: 153, Data: 80 0 0 FF 0 FF 0 0 
ID: 316, Data: 841 2A 1D A 2C 21 0 7B 
ID: 153, Data: 80 0 0 FF 0 FF 0 0 
ID: 153, Data: 80 0 0 FF 0 FF 0 0 
ID: 316, Data: 841 2A 15 A 2C 21 0 7B 
ID: 43F, Data: 81 48 60 FF 7C 0 0 0 
ID: 316, Data: 841 2A 20 A 2C 21 0 7B 
ID: 440, Data: 8AD 91 0 A0 FF AA AA AA 
ID: 260, Data: 8B 2A 2C 30 5 FF 72 1B 
ID: 316, Data: 841 2A 1B A 2C 21 0 7B 
ID: 316, Data: 841 2A 24 A 2C 21 0 7B 
ID: 153, Data: 80 0 0 FF 0 FF 0 0 
ID: 43F, Data: 81 48 60 FF 7C 0 0 0 
ID: 43F, Data: 81 48 60 FF 7D 0 0 0 
ID: 1F0, Data: 8CC 3F CD BF 0 0 0 0 
ID: 153, Data: 80 0 0 FF 0 FF 0 0 
ID: 316, Data: 841 2A 19 A 2C 21 0 7B 
ID: 153, Data: 80 0 0 FF 0 FF 0 0 
ID: 316, Data: 841 2A 8 A 2C 21 0 7B 
ID: 153, Data: 80 0 0 FF 0 FF 0 0 
ID: 153, Data: 80 0 0 FF 0 FF 0 0 
ID: 370, Data: 8FF D5 F0 FF FF FF FF FF 
ID: 43F, Data: 81 48 60 FF 7D 0 0 0 
ID: 316, Data: 841 2A B A 2C 21 0 7B 
ID: 316, Data: 841 2A A A 2C 21 0 7B 
ID: 280, Data: 830 0 84 B3 14 1E 71 55 
ID: A0, Data: 83D 7F A A 0 24 2 0 
ID: 316, Data: 841 2A 15 A 2C 21 0 7B 
ID: 316, Data: 841 2A 8 A 2C 21 0 7B 
ID: 316, Data: 841 2A 15 A 2C 21 0 7B 
ID: 280, Data: 830 0 84 B3 14 1E 71 55 
ID: 153, Data: 80 0 0 FF 0 FF 0 0 
ID: 316, Data: 841 2A 2D A 2C 21 0 7B 
ID: 316, Data: 841 2A 38 A 2C 21 0 7B 
ID: 316, Data: 841 2A 3E A 2B 21 0 7B 
ID: A1, Data: 87A 83 7A 82 28 0 0 0 
ID: 440, Data: 8B4 E1 0 A0 FF AA AA AA 
ID: 43F, Data: 81 48 60 FF 7D 2C 1 0 
ID: 1F0, Data: 8CC 3F CD BF 0 0 0 0 
ID: 153, Data: 80 0 0 FF 0 FF 0 0 
ID: 153, Data: 80 0 0 FF 0 FF 0 0 
ID: 18F, Data: 8AA 4E 0 0 0 0 0 0 
ID: 316, Data: 841 2A 24 A 2C 21 0 7B 
ID: 316, Data: 841 2A 31 A 2C 21 0 7B 
ID: 545, Data: 8E4 22 0 8B 8E 0 8E 0 
ID: 43F, Data: 81 48 60 FF 7C 28 2 0 
ID: 43F, Data: 81 48 60 FF 7D 40 2 0 
ID: 1F0, Data: 8CC 3F CD BF 0 0 0 0 
ID: 316, Data: 841 32 51 A 5C 21 0 7B 
ID: 280, Data: 830 0 88 B3 14 20 71 58 
ID: 440, Data: 8BD E1 1 A0 FF AA AA AA 
ID: 316, Data: 841 39 A1 A 57 17 1 7B 
ID: 153, Data: 80 0 0 FF 0 FF 0 0 
ID: 43F, Data: 81 48 60 FF 7D 98 3 0 
ID: 153, Data: 80 0 0 FF 0 FF 0 0 
ID: 153, Data: 80 0 0 FF 0 FF 0 0 
ID: 316, Data: 841 42 C7 C 55 17 1 7B 
ID: 18F, Data: 8AA 4E 0 0 0 0 0 0 
ID: 316, Data: 81 43 CD D 51 17 1 7B 
ID: 43F, Data: 81 48 60 FF 7C 30 5 0 
ID: 370, Data: 8FF D5 F0 FF FF FF FF FF 
ID: 316, Data: 81 42 6B 10 4E 15 2 7B 
ID: 5F0, Data: 20 0 
ID: 316, Data: 81 42 8 12 50 15 2 7B 
ID: 43F, Data: 81 48 60 FF 7D 3C 7 0 
ID: 43F, Data: 81 48 60 FF 7D AC 7 0 
ID: 43F, Data: 81 48 60 FF 7C 2C 8 0 
ID: 280, Data: 830 0 88 B3 26 29 71 6A 
ID: 43F, Data: 81 48 60 FF 7C 2C 9 0 
ID: 153, Data: 80 0 0 FF 0 FF 0 0 
ID: 316, Data: 81 43 0 14 4D 14 4 7B 
ID: 5F0, Data: 20 0 
ID: 316, Data: 81 43 78 14 4C 14 4 7B 
ID: 316, Data: 81 43 98 14 4C 14 5 7B 
ID: 260, Data: 8B 43 4D 30 5 FF C4 16 
ID: 43F, Data: 81 48 60 FF 7D 30 D 0 
ID: 153, Data: 80 0 0 FF 0 FF 0 0 
ID: 316, Data: 81 41 81 15 4C 13 6 7B 
ID: 316, Data: 81 42 AB 15 4D 13 6 7B 
ID: 1F1, Data: 80 CD 3D D0 3 3F F0 3 
ID: 1F0, Data: 8CC 3F CD BF 0 0 0 0 
ID: 153, Data: 80 0 0 FF 0 FF 0 0 
ID: 316, Data: 81 45 92 16 57 13 7 7B 
ID: 153, Data: 80 0 0 FF 0 FF 0 0 
ID: 440, Data: 8FE 41 8 A0 FF AA AA AA 
ID: 43F, Data: 81 48 60 FF 7C CC 12 0 
ID: 370, Data: 8FF D5 F0 FF FF FF FF FF 
ID: 316, Data: 81 52 E0 18 59 12 9 7B 
ID: 316, Data: 81 53 7A 19 58 12 9 7B 
ID: 43F, Data: 81 48 60 FF 7C 74 15 0 
ID: 43F, Data: 81 48 60 FF 7C C 16 0 
ID: 440, Data: 8FE 91 A A0 FF AA AA AA 
ID: 153, Data: 80 0 0 FF 0 FF 0 0 
ID: 316, Data: 81 53 68 1C 55 12 B 7B 
ID: 43F, Data: 81 48 60 FF 7C 8C 18 0 
ID: 316, Data: 81 52 3D 1D 54 12 B 7B 
ID: 280, Data: 830 0 88 B3 3A 33 71 84 
ID: 43F, Data: 81 48 60 FF 7C 60 1A 0 
ID: 316, Data: 81 52 13 1E 55 12 C 7B 
ID: 18F, Data: 8AA 49 0 0 0 0 0 0 
ID: 316, Data: 81 52 1 1F 57 12 D 7B 
ID: 43F, Data: 81 48 60 FF 7C D4 1C 0 
ID: 43F, Data: 81 48 60 FF 7C 7C 1D 0 
ID: 316, Data: 81 55 C9 20 5D 12 E 7B 
ID: 260, Data: 8B 56 5F 30 5 FF BE 25 
ID: 316, Data: 81 58 12 22 5E 12 F 7B 
ID: 316, Data: 81 59 B8 22 5E 12 F 7B 
ID: 545, Data: 8E4 EB 0 8C 5 5 5 5 
ID: 43F, Data: 81 48 60 FF 7C 88 21 0 
ID: 43F, Data: 81 48 60 FF 7D 30 22 0 
ID: 43F, Data: 81 48 60 FF 7D C8 22 0 
ID: 316, Data: 81 5A E0 25 5C 13 10 7B 
ID: A0, Data: 866 7F AA 25 11 3D 2 0 
ID: 316, Data: 81 59 FC 26 5B 13 11 7B 
ID: 316, Data: 81 59 72 27 5B 13 11 7B 
ID: 43F, Data: 81 48 60 FF 7D DC 25 0 
ID: 316, Data: 81 58 A6 28 5A 14 12 7B 
ID: A1, Data: 881 7D 81 7D 3C 0 0 0 
ID: 316, Data: 81 58 ED 29 59 14 13 7B 
ID: 316, Data: 81 57 76 2A 58 14 13 7B 
ID: 18F, Data: 8AA 46 0 0 0 0 0 0 
ID: 43F, Data: 8A 48 60 FF 7D CC 29 0 
ID: 153, Data: 80 0 0 FF 0 FF 0 0 
ID: 43F, Data: 8A 48 60 FF 7D C8 2A 0 
ID: 153, Data: 80 0 0 FF 0 FF 0 0 
ID: 153, Data: 80 0 0 FF 0 FF 0 0 
ID: 316, Data: 81 55 FA 2D 55 15 15 7B 
ID: 153, Data: 80 0 0 FF 0 FF 0 0 
ID: 316, Data: 81 54 F2 2E 54 16 16 7B 
ID: 316, Data: 81 55 48 2F 54 16 16 7B 
ID: 18F, Data: 8AA 45 0 0 0 0 0 0 
ID: 43F, Data: 8A 48 60 FF 7D E0 2D 0 
ID: 153, Data: 80 0 0 FF 0 FF 0 0 
ID: 316, Data: 81 54 F6 2F 53 16 17 7B 
ID: 153, Data: 80 0 0 FF 0 FF 0 0 
ID: 316, Data: 81 39 D6 2E 54 16 17 7B 
ID: 316, Data: 81 37 74 2D 52 15 18 7B 
ID: 43F, Data: 8A 48 60 38 7D 84 2A 0 
ID: 43F, Data: 8A 48 60 3B 7D D0 28 0 
ID: 329, Data: 8B B3 80 8 11 49 2E 26 
ID: 153, Data: 80 0 0 FF 0 FF 0 0 
ID: 316, Data: 81 3D 89 26 58 14 19 7B 
ID: 153, Data: 80 0 0 FF 0 FF 0 0 
ID: 316, Data: 81 3E 19 24 59 13 19 7B 
ID: 316, Data: 81 56 16 23 5A 12 19 7B 
ID: 18F, Data: 8AA 44 0 0 0 0 0 0 
ID: 43F, Data: 8A 48 60 FF 7D 50 1E 0 
ID: 153, Data: 80 0 0 FF 0 FF 0 0 
ID: 316, Data: 81 61 9D 21 5B 12 1A 7B 
ID: 153, Data: 80 0 0 FF 0 FF 0 0 
ID: 329, Data: 840 B3 80 8 11 45 2D 26 
ID: 316, Data: 81 5F 12 22 5A 12 1B 7B 
ID: 43F, Data: 8A 48 60 FF 7D 5C 1F 0 
ID: 43F, Data: 8A 48 60 FF 7D A0 1F 0 
ID: 280, Data: 830 0 88 B3 45 38 71 84 
ID: 153, Data: 80 0 0 FF 0 FF 0 0 
ID: 316, Data: 81 5A 6 23 5A 13 1C 7B 
ID: 153, Data: 80 0 0 FF 0 FF 0 0 
ID: 316, Data: 81 59 65 23 59 13 1D 7B 
ID: 316, Data: 81 59 96 23 59 13 1D 7B 
ID: A0, Data: 861 7E A6 23 1D 3B 2 0 
ID: 316, Data: 81 58 E8 23 59 13 1D 7B 
ID: 316, Data: 81 57 2A 24 59 13 1D 7B 
ID: 43F, Data: 82 48 60 FF 7D B8 21 0 
ID: 316, Data: 81 57 7F 24 59 13 1E 7B 
ID: 2A0, Data: 8A1 21 71 18 32 0 11 0 
ID: 43F, Data: 82 48 60 FF 7D 6C 22 0 
ID: 316, Data: 81 57 2C 25 58 13 1E 7B 
ID: 18F, Data: 8AA 42 0 0 0 0 0 0 
ID: 316, Data: 81 58 AA 25 58 13 1F 7B 
ID: 153, Data: 80 0 0 FF 0 FF 0 0 
ID: 316, Data: 81 57 F3 25 57 13 1F 7B 
ID: 43F, Data: 82 48 60 FF 7D A0 23 0 
ID: 2A0, Data: 861 22 71 18 32 0 11 0 
ID: 316, Data: 81 57 76 26 57 14 20 7B 
ID: 316, Data: 81 56 9C 26 57 14 20 7B 
ID: A0, Data: 860 7E 9C 26 20 3C 2 0 
ID: 316, Data: 81 56 10 27 57 14 20 7B 
ID: 316, Data: 81 56 37 27 57 14 20 7B 
ID: 316, Data: 81 56 86 27 56 14 21 7B 
ID: 316, Data: 81 56 C2 27 56 14 21 7B 
ID: A1, Data: 878 7D 75 7D 3B 0 0 0 
ID: 316, Data: 81 56 14 28 56 14 21 7B 
ID: 316, Data: 81 56 29 28 56 14 21 7B 
ID: 18F, Data: 8AA 41 0 0 0 0 0 0 
ID: 316, Data: 81 55 7C 28 55 14 22 7B 
ID: 153, Data: 80 0 0 FF 0 FF 0 0 
ID: 316, Data: 81 55 BB 28 55 14 22 7B 
ID: 316, Data: 81 55 11 29 55 14 22 7B 
ID: A0, Data: 85F 7D D0 28 23 3D 2 0 
ID: 440, Data: 8FE 72 23 A0 FF AA AA AA 
ID: 316, Data: 81 54 AA 29 55 15 23 7B 
ID: 316, Data: 81 54 D7 29 54 15 23 7B 
ID: 316, Data: 81 54 D7 29 54 15 23 7B 
ID: 43F, Data: 82 48 60 FF 7D 18 28 0 
ID: 316, Data: 81 54 48 2A 54 15 24 7B 
ID: A0, Data: 85F 7D 5F 2A 24 3D 2 0 
ID: 316, Data: 81 54 A4 2A 54 15 24 7B 
ID: 316, Data: 81 53 EB 2A 54 15 24 7B 
ID: 43F, Data: 82 48 60 FF 7D 2C 29 0 
ID: 316, Data: 81 54 4A 2B 57 15 24 7B 
ID: 545, Data: 8E4 EB 0 8C 4D 4 4D 4 
ID: 153, Data: 80 0 0 FF 0 FF 0 0 
ID: 316, Data: 81 55 AB 2B 59 15 25 7B 
ID: 153, Data: 80 0 0 FF 0 FF 0 0 
ID: 316, Data: 81 59 D 2C 5A 15 25 7B 
ID: 316, Data: 81 5A 58 2C 5A 15 25 7B 
ID: 545, Data: 8E4 15 1 8C CF 4 CF 4 
ID: 43F, Data: 82 48 60 FF 7D F0 2A 0 
ID: 43F, Data: 8B 48 60 FF 7D 18 2B 0 
ID: 440, Data: 8FE 22 26 A0 FF AA AA AA 
ID: A1, Data: 87A 7E 7A 7D 3B 0 0 0 
ID: 316, Data: 81 5B 74 2D 5C 16 26 7B 
ID: 280, Data: 830 0 88 B1 5B 36 70 7C 
ID: 153, Data: 80 0 0 FF 0 FF 0 0 
ID: 153, Data: 80 0 0 FF 0 FF 0 0 
ID: 43F, Data: 8B 48 60 FF 7D C 2C 0 
ID: 153, Data: 80 0 0 FF 0 FF 0 0 
ID: 316, Data: 81 5C 30 2E 5C 16 27 7B 
ID: 153, Data: 80 0 0 FF 0 FF 0 0 
ID: 153, Data: 80 0 0 FF 0 FF 0 0 
ID: 316, Data: 81 5E BA 2E 5C 16 28 7B 
ID: 153, Data: 80 0 0 FF 0 FF 0 0 
ID: 280, Data: 830 0 88 B1 5A 39 70 80 
ID: 1F1, Data: 80 BC 3F F1 13 4C C1 14 
ID: 1F0, Data: 8CD 3F CD BF 0 0 0 0 
ID: 316, Data: 81 50 A6 28 62 14 29 7B 
ID: 153, Data: 80 0 0 FF 0 FF 0 0 
ID: 153, Data: 80 0 0 FF 0 FF 0 0 
ID: 545, Data: 8E4 13 1 8C BA 4 11 6 
ID: 316, Data: 81 56 2A 24 66 12 29 7B 
ID: 280, Data: 830 0 88 B0 46 43 70 91 
ID: 43F, Data: 8B 48 60 6D 7D 94 1E 0 
ID: 43F, Data: 8B 48 60 FF 7D C8 1E 0 
ID: A0, Data: 877 7C 6 23 2A 3F 2 0 
ID: 316, Data: 81 6B 36 23 68 12 2A 7B 
ID: 316, Data: 81 6A 36 23 67 12 2A 7B 
ID: 260, Data: 8B 6A 68 30 5 FF AE 9 
ID: 43F, Data: 8B 48 60 FF 7D 68 1F 0 
ID: 43F, Data: 8B 48 60 FF 7D 8C 1F 0 
ID: 370, Data: 8FF D4 F0 FF FF FF FF FF 
ID: 5F0, Data: 20 0 
ID: 329, Data: 840 B0 80 8 11 49 35 26 
ID: 316, Data: 81 67 45 23 67 12 2C 7B 
ID: 153, Data: 80 0 0 FF 0 FF 0 0 
ID: 153, Data: 80 0 0 FF 0 FF 0 0 
ID: 316, Data: 81 68 A6 23 67 12 2C 7B 
ID: 43F, Data: 83 48 60 FF 7D 70 20 0 
ID: 316, Data: 81 68 D7 23 66 12 2C 7B 
ID: 153, Data: 80 0 0 FF 0 FF 0 0 
ID: 316, Data: 81 68 F8 23 66 12 2D 7B 
ID: 153, Data: 80 0 0 FF 0 FF 0 0 
ID: 1F0, Data: 8CD 3F CD BF 0 0 0 0 
ID: 316, Data: 81 66 9 24 59 12 2D 7B 
ID: 316, Data: 81 63 F8 23 55 12 2D 7B 
ID: 260, Data: 8B 63 54 30 5 FF B2 0 
ID: 316, Data: 81 5C D7 23 54 13 2E 7B 
ID: 153, Data: 80 0 0 FF 0 FF 0 0 
ID: 260, Data: 8B 59 55 30 5 FF BA 2 
ID: 329, Data: 840 B0 80 8 11 44 29 26 
ID: A0, Data: 860 7C B6 23 2F 3B 2 0 
ID: 440, Data: 8FE C3 2E A0 FF AA AA AA 
ID: 153, Data: 80 0 0 FF 0 FF 0 0 
ID: 316, Data: 81 53 D7 23 54 14 2F 7B 
ID: 18F, Data: 8AA 3C 0 0 0 0 0 0 
ID: 153, Data: 80 0 0 FF 0 FF 0 0 
ID: 153, Data: 80 0 0 FF 0 FF 0 0 
ID: 43F, Data: 83 48 60 FF 7D 88 22 0 
ID: 545, Data: 8E4 C7 0 8C 5E 4 5E 4 
ID: 43F, Data: 83 48 60 FF 7D AC 22 0 
ID: 43F, Data: 83 48 60 FF 7D C4 22 0 
ID: 316, Data: 81 52 6E 24 53 14 30 7B 
ID: 18F, Data: 8AA 3C 0 0 0 0 0 0 
ID: 316, Data: 81 52 90 24 53 14 30 7B 
ID: 153, Data: 80 0 0 FF 0 FF 0 0 
ID: 316, Data: 81 52 A1 24 53 14 30 7B 
ID: 316, Data: 81 52 B2 24 53 14 30 7B 
ID: 18F, Data: 8AA 3C 0 0 0 0 0 0 
ID: 43F, Data: 843 48 60 FF 7D 6C 23 0 
ID: 153, Data: 80 0 0 FF 0 FF 0 0 
ID: 316, Data: 81 52 D5 24 53 14 31 7B 
ID: 316, Data: 81 52 D5 24 53 14 31 7B 
ID: 18F, Data: 8AA 3B 0 0 0 0 0 0 
ID: 440, Data: 8FE 13 31 A0 FF AA AA AA 
ID: 153, Data: 80 0 0 FF 0 FF 0 0 
ID: 329, Data: 840 AF 80 8 11 44 28 26 
ID: 43F, Data: 843 48 60 FF 7D 20 24 0 
ID: 18F, Data: 8AA 3B 0 0 0 0 0 0 
ID: 316, Data: 81 52 2C 25 53 14 32 7B 
ID: 153, Data: 80 0 0 FF 0 FF 0 0 
ID: 316, Data: 81 52 50 25 53 14 32 7B 
ID: 316, Data: 81 52 62 25 53 14 32 7B 
ID: A0, Data: 85B 7B 62 25 33 3B 2 0 
ID: 316, Data: 81 52 62 25 53 14 32 7B 
ID: 316, Data: 81 52 98 25 53 14 32 7B 
ID: 370, Data: 8FF D8 F0 FF FF FF FF FF 
ID: 316, Data: 81 52 BC 25 52 14 33 7B 
ID: 5A1, Data: 880 3 90 23 30 30 30 0 
ID: 43F, Data: 843 48 60 FF 7E 20 25 0 
ID: 545, Data: 8E4 D0 0 8D 3E 4 3E 4 
ID: 153, Data: 80 0 0 FF 0 FF 0 0 
ID: 316, Data: 81 52 18 26 53 15 33 7B 
ID: 153, Data: 80 0 0 FF 0 FF 0 0 
ID: 1F0, Data: 8CC 3F CD BF 0 0 0 0 
ID: 5F0, Data: 20 0 
ID: 316, Data: 81 52 63 26 52 15 34 7B 
ID: 316, Data: 81 52 76 26 52 15 34 7B 
ID: 43F, Data: 843 48 60 FF 7D D8 25 0 
ID: 43F, Data: 843 48 60 FF 7D E8 25 0 
ID: 260, Data: 8B 53 53 30 5 FF C0 3 
ID: 316, Data: 81 52 D5 26 52 15 34 7B 
ID: 316, Data: 81 52 10 27 52 15 34 7B 
ID: 43F, Data: 843 48 60 FF 7D 50 26 0 
ID: 370, Data: 8FF DA F0 FF FF FF FF FF 
ID: 5F0, Data: 20 0 
ID: 153, Data: 80 0 0 FF 0 FF 0 0 
ID: 43F, Data: 843 48 60 FF 7E 90 26 0 
ID: 153, Data: 80 0 0 FF 0 FF 0 0 
ID: 329, Data: 840 AF 80 8 11 45 28 26 
ID: 316, Data: 81 52 86 27 51 15 35 7B 
ID: 43F, Data: 843 48 60 FF 7E EC 26 0 
ID: 316, Data: 81 52 AE 27 51 15 36 7B 
ID: 2A0, Data: 861 2A 70 18 32 0 11 0 
ID: 43F, Data: 843 48 60 FF 7E 34 27 0 
ID: 316, Data: 81 54 0 28 5A 1F 36 7B 
ID: 153, Data: 80 0 0 FF 0 FF 0 0 
ID: 316, Data: 81 58 67 28 5A 1E 36 7B 
ID: 153, Data: 80 0 0 FF 0 FF 0 0 
ID: 316, Data: 81 59 D0 28 57 1E 36 7B 
ID: 5F0, Data: 20 0 
ID: A1, Data: 87C 7E 7B 7D 3C 0 0 0 
ID: A0, Data: 863 7C D0 28 37 3E 2 0 
ID: A1, Data: 87D 7E 7C 7D 3B 0 0 0 
ID: 153, Data: 80 0 0 FF 0 FF 0 0 
ID: 153, Data: 80 0 0 FF 0 FF 0 0 
ID: 153, Data: 80 0 0 FF 0 FF 0 0 
ID: 370, Data: 8FF DA F0 FF FF FF FF FF 
ID: 316, Data: 841 53 3D 28 52 1F 38 7B 
ID: 153, Data: 80 0 0 FF 0 FF 0 0 
ID: 545, Data: 8E4 DF 0 8C 98 3 98 3 
ID: 316, Data: 841 52 52 29 51 1F 38 7B 
ID: 280, Data: 830 0 88 AF 52 31 6F 75 
ID: 316, Data: 841 50 AA 29 47 1F 38 7B 
ID: 2A0, Data: 8C1 29 6F 18 32 0 11 0 
ID: 153, Data: 80 0 0 FF 0 FF 0 0 
ID: 329, Data: 840 AF 80 8 11 43 1C 26 
ID: 316, Data: 841 3D 76 2A 44 20 38 7B 
ID: 5A0, Data: 80 0 0 90 0 0 0 0 
ID: 316, Data: 841 44 94 29 44 20 38 7B 
ID: 153, Data: 80 0 0 FF 0 FF 0 0 
ID: 2A0, Data: 861 28 6F 18 32 0 11 0 
ID: 316, Data: 841 3D 3E 25 39 1F 39 7B 
ID: 260, Data: 8B 48 3B 30 5 FF 90 1B 
ID: 316, Data: 841 41 21 22 3C 1F 39 7B 
ID: 260, Data: 8B 47 3D 30 5 FF 9F C 
ID: 316, Data: 841 44 6A 20 3D 1E 39 7B 
ID: 316, Data: 841 46 4F 20 3D 1E 39 7B 
ID: 153, Data: 80 0 0 FF 0 FF 0 0 
ID: 2A0, Data: 8C1 26 6F 18 32 0 11 0 
ID: 316, Data: 841 44 34 20 3E 1F 39 7B 
ID: 260, Data: 8B 44 40 30 5 FF CF 8 
ID: 316, Data: 841 44 33 1F 40 1F 3A 7B 
ID: 329, Data: 884 AF 80 8 11 3C 13 26 
ID: 316, Data: 841 45 A5 1F 3F 1F 3A 7B 
ID: 545, Data: 8E4 87 0 8D AA 2 AA 2 
ID: 153, Data: 80 0 0 FF 0 FF 0 0 
ID: 316, Data: 841 44 A0 20 3E 1F 3A 7B 
ID: 153, Data: 80 0 0 FF 0 FF 0 0 
ID: 260, Data: 8B 44 3F 30 5 FF CF 37 
ID: 329, Data: 840 AF 80 8 11 3C 13 26 
ID: 43F, Data: 844 48 60 FF 7D 74 1F 0 
ID: 316, Data: 841 43 D 20 3F 1E 3A 7B 
ID: 153, Data: 80 0 0 FF 0 FF 0 0 
ID: 153, Data: 80 0 0 FF 0 FF 0 0 
ID: 316, Data: 841 42 85 20 3F 1E 3A 7B 
ID: 440, Data: 8FE E4 3A A0 FF AA AA AA 
ID: 316, Data: 841 40 4F 20 42 1F 3A 7B 
ID: 153, Data: 80 0 0 FF 0 FF 0 0 
ID: 545, Data: 8E4 7B 0 8C 3B 2 3B 2 
ID: 370, Data: 8FF DA F0 FF FF FF FF FF 
ID: 280, Data: 830 0 88 AF 40 27 6F 6C 
ID: 316, Data: 841 40 92 20 43 1F 3A 7B 
ID: 260, Data: 8B 40 46 30 5 FF D2 11 
ID: 153, Data: 80 0 0 FF 0 FF 0 0 
ID: 280, Data: 830 0 88 AF 41 28 6F 6F 
ID: 43F, Data: 844 48 60 FF 7D DC 1F 0 
ID: 18F, Data: 8AA 40 0 0 0 0 0 0 
ID: 316, Data: 841 47 BB 20 4E 1D 3B 7B 
ID: 153, Data: 80 0 0 FF 0 FF 0 0 
ID: 260, Data: 8B 4A 4F 30 5 FF CC 24 
ID: 316, Data: 841 4C C9 20 4F 1D 3B 7B 
ID: 260, Data: 8B 4E 50 30 5 FF C8 4 
ID: 316, Data: 841 4F C9 20 4F 1D 3B 7B 
ID: 43F, Data: 844 48 60 FF 7D 3C 20 0 
ID: 316, Data: 841 50 C9 20 50 1D 3B 7B 
ID: 316, Data: 841 50 D7 20 50 1D 3B 7B 
ID: 43F, Data: 844 48 60 FF 7D 60 20 0 
ID: 18F, Data: 8AA 41 0 0 0 0 0 0 
ID: 316, Data: 841 50 F2 20 50 1D 3C 7B 
ID: 153, Data: 80 0 0 FF 0 FF 0 0 
ID: 2A0, Data: 8A1 20 6F 18 32 0 11 0 
ID: 316, Data: 841 51 0 21 51 1D 3C 7B 
ID: A0, Data: 85B 7C 0 21 3C 39 2 0 
ID: 43F, Data: 844 48 60 FF 7D 9C 20 0 
ID: 153, Data: 80 0 0 FF 0 FF 0 0 
ID: A0, Data: 85A 7D 47 21 3D 38 2 0 
ID: 316, Data: 841 50 63 21 49 1D 3C 7B 
ID: 545, Data: 8E4 B2 0 8C 76 3 76 3 
ID: 316, Data: 841 4E 47 21 4A 1D 3C 7B 
ID: 316, Data: 841 4D 47 21 4C 1D 3C 7B 
ID: 43F, Data: 844 48 60 FF 7D EC 20 0 
ID: 18F, Data: 8AA 42 0 0 0 0 0 0 
ID: 153, Data: 80 0 0 FF 0 FF 0 0 
ID: 370, Data: 8FF DA F0 FF FF FF FF FF 
ID: A0, Data: 854 7D 71 21 3D 37 2 0 
ID: 316, Data: 841 4D 80 21 52 1D 3D 7B 
ID: 316, Data: 841 4E AB 21 52 1D 3D 7B 
ID: 153, Data: 80 0 0 FF 0 FF 0 0 
ID: 18F, Data: 8AA 42 0 0 0 0 0 0 
ID: 316, Data: 841 52 12 22 52 1D 3D 7B 
ID: 316, Data: 841 52 21 22 52 1D 3D 7B 
ID: 153, Data: 80 0 0 FF 0 FF 0 0 
ID: 316, Data: 841 53 3F 22 53 1D 3D 7B 
ID: 43F, Data: 844 48 60 FF 7D 80 21 0 
ID: 153, Data: 80 0 0 FF 0 FF 0 0 
ID: 316, Data: 841 53 3F 22 53 1D 3E 7B 
ID: 316, Data: 841 53 4E 22 54 1D 3E 7B 
ID: 18F, Data: 8AA 42 0 0 0 0 0 0 
ID: 370, Data: 8FF DA F0 FF FF FF FF FF 
ID: 153, Data: 80 0 0 FF 0 FF 0 0 
ID: 280, Data: 830 0 88 B0 44 33 6F 81 
ID: 316, Data: 841 53 6C 22 54 1D 3E 7B 
ID: 153, Data: 80 0 0 FF 0 FF 0 0 
ID: 316, Data: 841 54 9A 22 55 1D 3E 7B 
ID: 316, Data: 841 54 A9 22 55 1D 3E 7B 
ID: 43F, Data: 844 48 60 FF 7D 8 22 0 
ID: 43F, Data: 844 48 60 FF 7D 20 22 0 
ID: 43F, Data: 844 48 60 FF 7D 2C 22 0 
ID: 153, Data: 80 0 0 FF 0 FF 0 0 
ID: A0, Data: 85E 7D D7 22 3F 3A 2 0 
ID: 316, Data: 841 55 E7 22 56 1D 3F 7B 
ID: 18F, Data: 8AA 43 0 0 0 0 0 0 
ID: 43F, Data: 844 48 60 FF 7D 64 22 0 
ID: 153, Data: 80 0 0 FF 0 FF 0 0 
ID: 329, Data: 840 B0 80 8 11 44 22 26 
ID: 153, Data: 80 0 0 FF 0 FF 0 0 
ID: 153, Data: 80 0 0 FF 0 FF 0 0 
ID: 545, Data: 8E4 CC 0 8C 3 4 3 4 
ID: 316, Data: 841 57 55 23 56 1D 40 7B 
ID: 316, Data: 841 57 55 23 57 1D 40 7B 
ID: 153, Data: 80 0 0 FF 0 FF 0 0 
ID: 316, Data: 841 57 76 23 57 1D 40 7B 
ID: 316, Data: 841 57 76 23 56 1D 40 7B 
ID: 43F, Data: 844 48 60 FF 7D F0 22 0 
ID: 316, Data: 841 56 96 23 56 1D 40 7B 
ID: 153, Data: 80 0 0 FF 0 FF 0 0 
ID: 316, Data: 841 56 B6 23 56 1D 40 7B 
ID: 316, Data: 841 56 B6 23 56 1D 40 7B 
ID: 153, Data: 80 0 0 FF 0 FF 0 0 
ID: 316, Data: 841 56 C7 23 56 1D 41 7B 
ID: 316, Data: 841 56 E8 23 56 1D 41 7B 
ID: 43F, Data: 844 48 60 FF 7D 4C 23 0 
ID: 43F, Data: 844 48 60 FF 7D 60 23 0 
ID: 153, Data: 80 0 0 FF 0 FF 0 0 
ID: 316, Data: 841 56 9 24 56 1D 41 7B 
ID: 316, Data: 841 56 19 24 56 1D 41 7B 
ID: 2A0, Data: 8A1 21 6F 18 32 0 11 0 
ID: 43F, Data: 844 48 60 FF 7D A4 23 0 
ID: 316, Data: 841 56 3B 24 56 1D 41 7B 
ID: 153, Data: 80 0 0 FF 0 FF 0 0 
ID: 545, Data: 8E4 CE 0 8D EC 3 EC 3 
ID: 316, Data: 841 56 5D 24 56 1D 42 7B 
ID: 545, Data: 8E4 D4 0 8C F5 3 F5 3 
ID: 43F, Data: 844 48 60 FF 7D F0 23 0 
ID: 153, Data: 80 0 0 FF 0 FF 0 0 
ID: A0, Data: 860 7D 90 24 42 3B 2 0 
ID: 2A0, Data: 8C1 21 6F 18 32 0 11 0 
ID: 43F, Data: 844 48 60 FF 7D 20 24 0 
ID: 316, Data: 841 55 B2 24 53 1D 42 7B 
ID: 545, Data: 8E4 CA 0 8D E6 3 E6 3 
ID: 43F, Data: 844 48 60 FF 7D 38 24 0 
ID: 316, Data: 841 55 D5 24 53 1D 43 7B 
ID: 43F, Data: 844 48 60 FF 7D 48 24 0 
ID: 316, Data: 841 54 E6 24 53 1D 43 7B 
ID: 153, Data: 80 0 0 FF 0 FF 0 0 
ID: 316, Data: 841 53 F7 24 53 1D 43 7B 
ID: 43F, Data: 844 48 60 FF 7D 94 24 0 
ID: 153, Data: 80 0 0 FF 0 FF 0 0 
ID: 316, Data: 841 53 2C 25 53 1D 43 7B 
ID: 153, Data: 80 0 0 FF 0 FF 0 0 
ID: 545, Data: 8E4 C6 0 8C B3 3 B3 3 
ID: 316, Data: 841 53 3E 25 53 1D 44 7B 
ID: 18F, Data: 8AA 43 0 0 0 0 0 0 
ID: 316, Data: 841 53 3E 25 53 1D 44 7B 
ID: 153, Data: 80 0 0 FF 0 FF 0 0 
ID: 280, Data: 830 0 88 B1 4A 32 6F 7D 
ID: 316, Data: 841 53 74 25 53 1D 44 7B 
ID: 43F, Data: 844 48 60 FF 7D 0 25 0 
ID: 316, Data: 841 53 AA 25 53 1E 44 7B 
ID: 153, Data: 80 0 0 FF 0 FF 0 0 
ID: 153, Data: 80 0 0 FF 0 FF 0 0 
ID: 316, Data: 841 52 BC 25 53 1E 44 7B 
ID: 153, Data: 80 0 0 FF 0 FF 0 0 
ID: 545, Data: 8E4 C6 0 8C A4 3 A4 3 
ID: 316, Data: 841 52 CE 25 53 1E 44 7B 
ID: 280, Data: 830 0 88 B1 4B 32 6F 7A 
ID: 43F, Data: 844 48 60 FF 7D 5C 25 0 
ID: 43F, Data: 844 48 60 FF 7D 74 25 0 
ID: 316, Data: 841 52 5 26 53 1E 45 7B 
ID: 316, Data: 841 52 18 26 53 1E 45 7B 
ID: 43F, Data: 844 48 60 FF 7D 88 25 0 
ID: 545, Data: 8E4 D4 0 8D 99 3 99 3 
ID: 153, Data: 80 0 0 FF 0 FF 0 0 
ID: 153, Data: 80 0 0 FF 0 FF 0 0 
ID: 316, Data: 841 52 2A 26 53 1E 45 7B 
ID: 370, Data: 8FF DA F0 FF FF FF FF FF 
ID: 316, Data: 841 52 50 26 52 1E 45 7B 
ID: 153, Data: 80 0 0 FF 0 FF 0 0 
ID: 440, Data: 8FE E4 45 A0 FF AA AA AA 
ID: 316, Data: 841 52 89 26 52 1E 46 7B 
ID: 153, Data: 80 0 0 FF 0 FF 0 0 
ID: 280, Data: 830 0 88 B1 4D 31 6F 79 
ID: 316, Data: 841 52 89 26 52 1E 46 7B 
ID: 153, Data: 80 0 0 FF 0 FF 0 0 
ID: 43F, Data: 844 48 60 FF 7D C 26 0 
ID: 1F1, Data: 80 1 2C F2 22 39 92 23 
ID: 153, Data: 80 0 0 FF 0 FF 0 0 
ID: 440, Data: 8FE 34 46 A0 FF AA AA AA 
ID: 280, Data: 830 0 88 B1 4D 29 6F 6C 
ID: 316, Data: 841 40 9C 26 15 20 46 7B 
ID: A0, Data: 839 7D 89 26 47 31 2 0 
ID: 153, Data: 80 0 0 FF 0 FF 0 0 
ID: 316, Data: 841 2C 3D 26 18 22 46 7B 
ID: 316, Data: 841 28 18 26 18 22 46 7B 
ID: 43F, Data: 844 48 60 FF 7D F8 25 0 
ID: 316, Data: 841 22 2A 26 19 23 46 7B 
ID: 153, Data: 80 0 0 FF 0 FF 0 0 
ID: 329, Data: 884 B1 80 8 11 32 0 26 
ID: 316, Data: 841 1D E0 25 19 23 46 7B 
ID: 2A0, Data: 880 1C 6F 18 32 0 11 0 
ID: 316, Data: 841 1B 50 25 1A 23 46 7B 
ID: 280, Data: 830 0 84 B1 4A 11 6E 31 
ID: 43F, Data: 844 48 60 FF 7D D8 25 0 
ID: 545, Data: 8E4 3F 0 8D 2F FF 2F FF 
ID: 153, Data: 80 0 0 FF 0 FF 0 0 
ID: 329, Data: 884 B1 80 8 11 33 0 26 
ID: 316, Data: 841 14 D7 23 1A 23 46 7B 
ID: 545, Data: 8E4 3E 0 8D F4 FE F4 FE 
ID: 43F, Data: 844 48 60 FF 7D A0 25 0 
ID: 18F, Data: 8AA 44 0 0 0 0 0 0 
ID: 316, Data: 841 27 C7 23 30 22 46 7B 
ID: 153, Data: 80 0 0 FF 0 FF 0 0 
ID: 329, Data: 840 B1 80 8 11 39 A 26 
ID: 316, Data: 841 2A AA 25 25 18 45 7B 
ID: 260, Data: 8B 2B 25 30 5 FF D5 9 
ID: 316, Data: 841 2B 50 26 26 18 45 7B 
ID: 316, Data: 841 29 63 26 27 19 45 7B 
ID: 153, Data: 80 0 0 FF 0 FF 0 0 
ID: 2A0, Data: 8C1 17 6E 18 32 0 11 0 
ID: 316, Data: 841 28 E0 25 2E 19 45 7B 
ID: 18F, Data: 8AA 43 0 0 0 0 0 0 
ID: 316, Data: 841 2A AA 25 31 18 45 7B 
ID: 153, Data: 80 0 0 FF 0 FF 0 0 
ID: 18F, Data: 8AA 43 0 0 0 0 0 0 
ID: 316, Data: 81 2D 50 26 31 18 45 7B 
ID: 153, Data: 80 0 0 FF 0 FF 0 0 
ID: A1, Data: 87E 7B 7A 7C 22 0 0 0 
ID: 329, Data: 8B B1 80 8 11 3A 11 26 
ID: 545, Data: 8E4 7A 0 8C 97 1 97 1 
ID: 153, Data: 80 0 0 FF 0 FF 0 0 
ID: 153, Data: 80 0 0 FF 0 FF 0 0 
ID: 153, Data: 80 0 0 FF 0 FF 0 0 
ID: 18F, Data: 8AA 42 0 0 0 0 0 0 
ID: 316, Data: 81 31 76 26 35 18 45 7B 
ID: 153, Data: 80 0 0 FF 0 FF 0 0 
ID: A0, Data: 838 7E 63 26 46 32 2 0 
ID: 329, Data: 8B B1 80 8 11 3D 16 26 
ID: A0, Data: 838 7E 63 26 46 32 2 0 
ID: 43F, Data: 844 48 60 FF 7D 78 25 0 
ID: 153, Data: 80 0 0 FF 0 FF 0 0 
ID: 18F, Data: 8AA 41 0 0 0 0 0 0 
ID: 316, Data: 81 37 AF 26 37 17 45 7B 
ID: 153, Data: 80 0 0 FF 0 FF 0 0 
ID: A1, Data: 883 7B 80 7C 2A 0 0 0 
ID: 329, Data: 8B B2 80 8 11 3D 16 26 
ID: 545, Data: 8E4 94 0 8D 4F 2 4F 2 
ID: 153, Data: 80 0 0 FF 0 FF 0 0 
ID: 43F, Data: 844 48 60 FF 7D 9C 25 0 
ID: 153, Data: 80 0 0 FF 0 FF 0 0 
ID: 316, Data: 81 39 C2 26 39 17 45 7B 
ID: 316, Data: 81 39 D5 26 39 17 45 7B 
ID: 2A0, Data: 8C1 16 6E 18 32 0 11 0 
ID: 370, Data: 8FF DB F0 FF FF FF FF FF 
ID: 316, Data: 81 3A E9 26 35 17 45 7B 
ID: 153, Data: 80 0 0 FF 0 FF 0 0 
ID: 316, Data: 81 39 E9 26 34 17 46 7B 
ID: 316, Data: 81 39 E9 26 34 17 46 7B 
ID: 260, Data: 8B 3A 35 30 5 FF CF 2D 
ID: 316, Data: 81 38 E9 26 35 17 46 7B 
ID: 316, Data: 81 38 E9 26 35 17 46 7B 
ID: 153, Data: 80 0 0 FF 0 FF 0 0 
ID: 316, Data: 81 38 D5 26 35 17 46 7B 
ID: 153, Data: 80 0 0 FF 0 FF 0 0 
ID: 260, Data: 8B 37 35 30 5 FF D0 2E 
ID: 316, Data: 81 36 D5 26 35 17 46 7B 
ID: A1, Data: 880 7B 83 7C 29 0 0 0 
ID: 43F, Data: 844 48 60 FF 7D C0 25 0 
ID: 153, Data: 80 0 0 FF 0 FF 0 0 
ID: 440, Data: 8FE E4 45 A0 FF AA AA AA 
ID: 280, Data: 830 0 88 B2 4D 20 6E 55 
ID: 153, Data: 80 0 0 FF 0 FF 0 0 
ID: 545, Data: 8E4 86 0 8D 17 2 17 2 
ID: 316, Data: 81 36 D5 26 35 17 46 7B 
ID: 280, Data: 830 0 88 B2 4D 20 6E 55 
ID: 153, Data: 80 0 0 FF 0 FF 0 0 
ID: 316, Data: 81 35 D5 26 35 17 46 7B 
ID: 316, Data: 81 35 AF 26 29 17 46 7B 
ID: A1, Data: 87E 7B 88 7C 28 0 0 0 
ID: 316, Data: 81 34 AF 26 E 17 46 7B 
ID: 316, Data: 81 31 D5 26 E 18 46 7B 
ID: 316, Data: 81 2E AF 26 E 18 46 7B 
ID: 316, Data: 81 29 76 26 F 19 46 7B 
ID: 316, Data: 81 25 3D 26 10 19 46 7B 
ID: 153, Data: 80 0 0 FF 0 FF 0 0 
ID: 43F, Data: 844 48 60 FF 7D C4 25 0 
ID: 43F, Data: 844 48 60 FF 7D C4 25 0 
ID: 43F, Data: 844 48 60 FF 7D C4 25 0 
ID: A1, Data: 880 7C 8F 79 17 0 0 0 
ID: 153, Data: 80 0 0 FF 0 FF 0 0 
ID: 316, Data: 81 1F AA 25 23 19 46 7B 
ID: 153, Data: 80 0 0 FF 0 FF 0 0 
ID: 316, Data: 81 20 CE 25 23 19 46 7B 
ID: 316, Data: 81 21 E0 25 22 19 46 7B 
ID: A1, Data: 880 7C 8D 79 19 0 0 0 
ID: 43F, Data: 844 48 60 FF 7D D8 25 0 
ID: 153, Data: 80 0 0 FF 0 FF 0 0 
ID: A0, Data: 827 7E 2A 26 46 2E 2 0 
ID: 329, Data: 840 B2 80 8 11 38 10 26 
ID: 2A0, Data: 8A1 12 6E 18 32 0 11 0 
ID: 370, Data: 8FF DB F0 FF FF FF FF FF 
ID: 316, Data: 81 30 3D 26 36 18 46 7B 
ID: 316, Data: 81 32 9C 26 35 18 46 7B 
ID: 280, Data: 830 0 88 B2 4D 1E 6E 4E 
ID: 153, Data: 80 0 0 FF 0 FF 0 0 
ID: 316, Data: 81 34 FC 26 37 17 46 7B 
ID: 43F, Data: 844 48 60 FF 7D AC 25 0 
ID: 2A0, Data: 81 12 6E 18 32 0 11 0 
ID: 316, Data: 81 35 C2 26 3B 17 46 7B 
ID: 316, Data: 81 35 AF 26 3C 17 46 7B 
ID: A1, Data: 880 7C 86 79 28 0 0 0 
ID: 316, Data: 81 39 D5 26 3D 17 46 7B 
ID: 153, Data: 80 0 0 FF 0 FF 0 0 
ID: 1F0, Data: 8D1 3F CD BF 0 0 0 0 
ID: 545, Data: 8E4 A6 0 8D AD 2 AD 2 
ID: 43F, Data: 844 48 60 FF 7D CC 25 0 
ID: 440, Data: 8FE 34 45 A0 FF AA AA AA 
ID: 153, Data: 80 0 0 FF 0 FF 0 0 
ID: 43F, Data: 844 48 60 FF 7D D4 25 0 
ID: 18F, Data: 8AA 3A 0 0 0 0 0 0 
ID: 43F, Data: 844 48 60 FF 7D E4 25 0 
ID: 153, Data: 80 0 0 FF 0 FF 0 0 
ID: 316, Data: 81 49 C2 27 46 15 46 7B 
ID: 316, Data: 81 49 C2 27 46 15 46 7B 
ID: 260, Data: 8B 4A 47 30 5 FF C5 14 
ID: 153, Data: 80 0 0 FF 0 FF 0 0 
ID: 316, Data: 81 4A D7 27 47 15 46 7B 
ID: 43F, Data: 844 48 60 FF 7D 14 26 0 
ID: 18F, Data: 8AA 3A 0 0 0 0 0 0 
ID: 1F1, Data: 80 99 2A E2 22 3B A2 23 
ID: 153, Data: 80 0 0 FF 0 FF 0 0 
ID: 316, Data: 81 4C EB 27 51 15 46 7B 
ID: 153, Data: 80 0 0 FF 0 FF 0 0 
ID: 260, Data: 8B 50 51 30 5 FF C3 5 
ID: 316, Data: 81 51 0 28 51 15 47 7B 
ID: 545, Data: 8E4 DB 0 8D 3F 4 3F 4 
ID: 153, Data: 80 0 0 FF 0 FF 0 0 
ID: 153, Data: 80 0 0 FF 0 FF 0 0 
ID: 440, Data: 8E3 44 47 A0 FF AA AA AA 
ID: A1, Data: 880 7B 82 7C 37 0 0 0 
ID: 316, Data: 81 54 5E 27 52 14 47 7B 
ID: 316, Data: 81 54 5E 27 54 14 47 7B 
ID: 153, Data: 80 0 0 FF 0 FF 0 0 
ID: 5F0, Data: 20 0 
ID: 153, Data: 80 0 0 FF 0 FF 0 0 
ID: 43F, Data: 84D 48 60 FF 7D D8 25 0 
ID: 153, Data: 80 0 0 FF 0 FF 0 0 
ID: 43F, Data: 84D 48 60 49 7D 68 23 0 
ID: 153, Data: 80 0 0 FF 0 FF 0 0 
ID: 316, Data: 81 48 16 23 59 13 47 7B 
ID: 316, Data: 81 4B 6C 22 59 13 48 7B 
ID: 18F, Data: 8AA 39 0 0 0 0 0 0 
ID: 153, Data: 80 0 0 FF 0 FF 0 0 
ID: 153, Data: 80 0 0 FF 0 FF 0 0 
ID: 43F, Data: 84D 48 60 61 7D A8 1D 0 
ID: 545, Data: 8E4 D9 0 8D 9B 5 9B 5 
ID: 153, Data: 80 0 0 FF 0 FF 0 0 
ID: 316, Data: 81 62 DD 1E 5D 12 48 7B 
ID: 153, Data: 80 0 0 FF 0 FF 0 0 
ID: 316, Data: 81 62 7C 1E 5E 12 48 7B 
ID: 316, Data: 81 61 7C 1E 5E 12 48 7B 
ID: 5F0, Data: 20 0 
ID: 370, Data: 8FF DD F0 FF FF FF FF FF 
ID: 153, Data: 80 0 0 FF 0 FF 0 0 
ID: A1, Data: 87E 7B 82 7E 42 0 0 0 
ID: 329, Data: 840 B2 80 8 11 44 29 26 
ID: 1F0, Data: 8D0 3F CD BF 0 0 0 0 
ID: 43F, Data: 845 48 60 FF 7D 0 1E 0 
ID: 153, Data: 80 0 0 FF 0 FF 0 0 
ID: 316, Data: 81 5D 1A 1F 5E 12 49 7B 
ID: 316, Data: 81 5C F5 1E 5E 12 49 7B 
ID: 260, Data: 8B 5D 5F 30 5 FF B8 33 
ID: 370, Data: 8FF DD F0 FF FF FF FF FF 
ID: 316, Data: 81 5D F5 1E 5E 12 49 7B 
ID: 316, Data: 81 5C 1A 1F 5E 12 49 7B 
ID: 329, Data: 840 B2 80 8 11 44 29 26 
ID: 153, Data: 80 0 0 FF 0 FF 0 0 
ID: 316, Data: 81 5D 1A 1F 5E 12 4A 7B 
ID: 316, Data: 81 5E 1A 1F 5E 12 4A 7B 
ID: 260, Data: 8B 5F 5F 30 5 FF B8 22 
ID: 316, Data: 81 5E 40 1F 5E 12 4A 7B 
ID: 316, Data: 81 5E 40 1F 5E 12 4A 7B 
ID: 440, Data: 8E1 85 4A A0 FF AA AA AA 
ID: 316, Data: 81 5E 59 1F 5E 12 4A 7B 
ID: 153, Data: 80 0 0 FF 0 FF 0 0 
ID: 316, Data: 81 5E 4C 1F 5E 12 4A 7B 
ID: 316, Data: 81 5E 4C 1F 5F 12 4A 7B 
ID: 260, Data: 8B 5F 5F 30 5 FF B8 13 
ID: 316, Data: 81 5E 59 1F 5F 12 4A 7B 
ID: 316, Data: 81 5E 65 1F 5F 12 4B 7B 
ID: 43F, Data: 845 48 60 FF 7D C0 1E 0 
ID: 316, Data: 81 5E 72 1F 5F 12 4B 7B 
ID: 440, Data: 8E1 25 4B A0 FF AA AA AA 
ID: 316, Data: 81 5D 7E 1F 4F 12 4B 7B 
ID: 153, Data: 80 0 0 FF 0 FF 0 0 
ID: 440, Data: 8E1 75 4B A0 FF AA AA AA 
ID: 43F, Data: 845 48 60 FF 7D E8 1E 0 
ID: 260, Data: 8B 4B 3B 30 5 FF C0 33 
ID: 316, Data: 81 42 1 1F 3B 13 4B 7B 
ID: 329, Data: 840 B2 80 8 11 3A 14 26 
ID: 43F, Data: 845 48 60 FF 7D F8 1E 0 
ID: 43F, Data: 845 48 60 FF 7D F0 1E 0 
ID: 153, Data: 80 0 0 FF 0 FF 0 0 
ID: 153, Data: 80 0 0 FF 0 FF 0 0 
ID: 316, Data: 81 3A F2 1F 3C 15 4B 7B 
ID: 370, Data: 8FF DE F0 FF FF FF FF FF 
ID: 316, Data: 81 38 BE 1F 3C 15 4C 7B 
ID: 153, Data: 80 0 0 FF 0 FF 0 0 
ID: 43F, Data: 845 48 60 FF 7D 4 1F 0 
ID: 316, Data: 81 38 98 1F 3C 15 4C 7B 
ID: 316, Data: 81 38 98 1F 3C 15 4C 7B 
ID: 316, Data: 81 38 B2 1F 3C 15 4C 7B 
ID: 316, Data: 81 38 D8 1F 3C 15 4C 7B 
ID: 5F0, Data: 20 0 
ID: 43F, Data: 845 48 60 FF 7D 28 1F 0 
ID: 153, Data: 80 0 0 FF 0 FF 0 0 
ID: 280, Data: 830 0 88 B2 3F 23 6E 68 
ID: 316, Data: 81 39 B2 1F 41 15 4C 7B 
ID: 316, Data: 81 39 BE 1F 41 15 4C 7B 
ID: 316, Data: 81 3C B2 1F 43 15 4C 7B 
ID: 43F, Data: 845 48 60 FF 7D 2C 1F 0 
ID: 316, Data: 81 3D E5 1F 45 14 4C 7B 
ID: A1, Data: 882 7B 7D 7E 33 0 0 0 
ID: 153, Data: 80 0 0 FF 0 FF 0 0 
ID: 316, Data: 81 40 D8 1F 46 14 4C 7B 
ID: 153, Data: 80 0 0 FF 0 FF 0 0 
ID: 316, Data: 81 41 D8 1F 46 14 4C 7B 
ID: 316, Data: 81 42 D8 1F 47 13 4C 7B 
ID: 18F, Data: 8AA 36 0 0 0 0 0 0 
ID: 43F, Data: 845 48 60 FF 7D 58 1F 0 
ID: 153, Data: 80 0 0 FF 0 FF 0 0 
ID: 43F, Data: 845 48 60 FF 7D 64 1F 0 
ID: 316, Data: 81 45 F2 1F 43 13 4C 7B 
ID: A0, Data: 84D 7E F2 1F 4D 35 2 0 
ID: 316, Data: 81 45 E5 1F D 13 4C 7B 
ID: 316, Data: 81 40 E5 1F D 14 4C 7B 
ID: 260, Data: 8B 3F E 30 5 FF CF 31 
ID: 43F, Data: 845 48 60 FF 7D 54 1F 0 
ID: 153, Data: 80 0 0 FF 0 FF 0 0 
ID: 18F, Data: 8AA 36 0 0 0 0 0 0 
ID: 316, Data: 81 28 33 1F 12 18 4C 7B 
ID: 316, Data: 81 25 72 1F 12 18 4C 7B 
ID: 260, Data: 8B 23 12 30 5 FF D9 2F 
ID: 43F, Data: 845 48 60 FF 7D 4C 1F 0 
ID: 316, Data: 81 1E 72 1F 13 19 4C 7B 
ID: 153, Data: 80 0 0 FF 0 FF 0 0 
ID: 153, Data: 80 0 0 FF 0 FF 0 0 
ID: 316, Data: 81 1B 1 1F 1D 19 4C 7B 
ID: 153, Data: 80 0 0 FF 0 FF 0 0 
ID: 316, Data: 81 1C E9 1E 20 19 4C 7B 
ID: 440, Data: 8E7 75 4C A0 FF AA AA AA 
ID: 153, Data: 80 0 0 FF 0 FF 0 0 
ID: 316, Data: 81 1F 65 1F 26 19 4C 7B 
ID: 153, Data: 80 0 0 FF 0 FF 0 0 
ID: 316, Data: 81 22 7E 1F 2B 19 4C 7B 
ID: 316, Data: 81 23 A5 1F 30 18 4C 7B 
ID: 260, Data: 8B 26 32 30 5 FF D4 3E 
ID: 43F, Data: 845 48 60 FF 7D 34 1F 0 
ID: 316, Data: 81 2A D8 1F 37 18 4C 7B 
ID: 316, Data: 81 2E 0 20 3A 18 4C 7B 
ID: 316, Data: 81 2E 27 20 3D 18 4C 7B 
ID: 18F, Data: 8AA 36 0 0 0 0 0 0 
ID: 316, Data: 81 35 77 20 3E 17 4C 7B 
ID: 43F, Data: 845 48 60 FF 7D 28 1F 0 
ID: 316, Data: 81 37 92 20 3D 16 4C 7B 
ID: 153, Data: 80 0 0 FF 0 FF 0 0 
ID: 153, Data: 80 0 0 FF 0 FF 0 0 
ID: 316, Data: 81 3C D7 20 3F 15 4C 7B 
ID: 43F, Data: 845 48 60 FF 7D 2C 1F 0 
ID: 316, Data: 81 3B E5 20 3F 15 4C 7B 
ID: 153, Data: 80 0 0 FF 0 FF 0 0 
ID: 153, Data: 80 0 0 FF 0 FF 0 0 
ID: 5F0, Data: 20 0 
ID: 153, Data: 80 0 0 FF 0 FF 0 0 
ID: 153, Data: 80 0 0 FF 0 FF 0 0 
ID: 316, Data: 81 3E 0 21 3F 15 4C 7B 
ID: 316, Data: 81 3F 1C 21 3F 15 4C 7B 
ID: A0, Data: 846 7E 0 21 4D 33 2 0 
ID: 153, Data: 80 0 0 FF 0 FF 0 0 
ID: 316, Data: 81 3F E 21 3F 15 4C 7B 
ID: 153, Data: 80 0 0 FF 0 FF 0 0 
ID: 316, Data: 81 3F 1C 21 3F 14 4C 7B 
ID: 153, Data: 80 0 0 FF 0 FF 0 0 
ID: 280, Data: 830 0 88 B2 42 27 6E 6C 
ID: 316, Data: 81 40 2A 21 3F 14 4C 7B 
ID: 153, Data: 80 0 0 FF 0 FF 0 0 
ID: 316, Data: 81 40 38 21 3F 15 4C 7B 
ID: 153, Data: 80 0 0 FF 0 FF 0 0 
ID: 329, Data: 8ED B2 80 8 11 3C 18 26 
ID: 316, Data: 81 40 38 21 3F 15 4D 7B 
ID: 5F0, Data: 20 0 
ID: 43F, Data: 845 48 60 FF 7D 80 1F 0 
ID: 153, Data: 80 0 0 FF 0 FF 0 0 
ID: 260, Data: 8B 40 3F 30 5 FF D1 38 
ID: 316, Data: 81 40 47 21 3F 14 4D 7B 
ID: 260, Data: 8B 40 20 30 5 FF D2 19 
ID: 316, Data: 81 40 1C 21 E 15 4D 7B 
ID: 280, Data: 830 0 88 B2 42 25 6E 64 
ID: 370, Data: 8FF DE F0 FF FF FF FF FF 
ID: 316, Data: 81 35 C9 20 F 16 4D 7B 
ID: 5F0, Data: 20 0 
ID: 43F, Data: 845 48 60 FF 7D 80 1F 0 
ID: 153, Data: 80 0 0 FF 0 FF 0 0 
ID: 260, Data: 8B 25 12 30 5 FF D9 2D 
ID: 316, Data: 81 21 B2 1F 12 18 4D 7B 
ID: 545, Data: 8E4 39 0 8D 76 0 76 0 
ID: 316, Data: 81 20 7E 1F 29 19 4D 7B 
ID: 1F0, Data: 8CC 3F CD BF 0 0 0 0 
ID: 43F, Data: 845 48 60 FF 7D 70 1F 0 
ID: 5F0, Data: 20 0 
ID: 316, Data: 81 26 F2 1F 32 18 4D 7B 
ID: 316, Data: 81 27 D 20 32 18 4D 7B 
ID: 18F, Data: 8AA 35 0 0 0 0 0 0 
ID: 5F0, Data: 20 0 
ID: 153, Data: 80 0 0 FF 0 FF 0 0 
ID: 153, Data: 80 0 0 FF 0 FF 0 0 
ID: 545, Data: 8E4 5C 0 8D 8C 1 8C 1 
ID: 316, Data: 81 30 4F 20 3C 17 4C 7B 
ID: 545, Data: 8E4 69 0 8D D8 1 D8 1 
ID: 316, Data: 81 33 92 20 3D 16 4C 7B 
ID: 316, Data: 81 35 BB 20 3C 16 4C 7B 
ID: 18F, Data: 8AA 35 0 0 0 0 0 0 
ID: 316, Data: 81 38 E5 20 3D 15 4C 7B 
ID: 43F, Data: 845 48 60 FF 7D 74 1F 0 
ID: 316, Data: 81 3B 0 21 3D 15 4C 7B 
ID: 153, Data: 80 0 0 FF 0 FF 0 0 
ID: 153, Data: 80 0 0 FF 0 FF 0 0 
ID: 316, Data: 81 3D 38 21 3C 15 4C 7B 
ID: 370, Data: 8FF E0 F0 FF FF FF FF FF 
ID: 316, Data: 81 3D 38 21 3C 15 4D 7B 
ID: 153, Data: 80 0 0 FF 0 FF 0 0 
ID: 43F, Data: 845 48 60 FF 7D 84 1F 0 
ID: 5F0, Data: 20 0 
ID: 316, Data: 81 3A 38 21 E 15 4D 7B 
ID: 316, Data: 81 3B 2A 21 E 15 4D 7B 
ID: 153, Data: 80 0 0 FF 0 FF 0 0 
ID: 5F0, Data: 20 0 
ID: 153, Data: 80 0 0 FF 0 FF 0 0 
ID: 43F, Data: 845 48 60 FF 7D 74 1F 0 
ID: 260, Data: 8B 2A 11 30 5 FF DC 8 
ID: 153, Data: 80 0 0 FF 0 FF 0 0 
ID: 316, Data: 81 21 B2 1F 12 18 4D 7B 
ID: 153, Data: 80 0 0 FF 0 FF 0 0 
ID: 329, Data: 8B B2 80 8 11 2F 5 26 
ID: 316, Data: 81 1D 65 1F 28 19 4D 7B 
ID: 329, Data: 840 B2 80 8 11 33 B 26 
ID: 1F1, Data: 80 BB 61 72 25 6A A2 26 
ID: 1F0, Data: 8CC 3F CD BF 0 0 0 0 
ID: 1F1, Data: 80 DD 61 A2 25 67 B2 26 
ID: 440, Data: 8E7 25 4C A0 FF AA AA AA 
ID: 153, Data: 80 0 0 FF 0 FF 0 0 
ID: 1F1, Data: 80 11 64 B2 25 69 92 26 
ID: 260, Data: 8B 33 3D 30 5 FF D9 3 
ID: 43F, Data: 845 48 60 FF 7D 74 1F 0 
ID: 43F, Data: 845 48 60 FF 7D 64 1F 0 
ID: 370, Data: 8FF DE F0 FF FF FF FF FF 
ID: 316, Data: 81 3A D7 20 3E 15 4C 7B 
ID: 153, Data: 80 0 0 FF 0 FF 0 0 
ID: 370, Data: 8FF E0 F0 FF FF FF FF FF 
ID: 43F, Data: 845 48 60 FF 7D 78 1F 0 
ID: 545, Data: 8E4 90 0 8D B9 2 B9 2 
ID: 316, Data: 81 3B 2A 21 3D 15 4C 7B 
ID: 316, Data: 81 3C 1C 21 3D 15 4D 7B 
ID: 43F, Data: 845 48 60 FF 7D 6C 1F 0 
ID: 43F, Data: 845 48 60 FF 7D 7C 1F 0 
ID: 18F, Data: 8AA 34 0 0 0 0 0 0 
ID: 153, Data: 80 0 0 FF 0 FF 0 0 
ID: 316, Data: 81 3C 2A 21 3D 15 4D 7B 
ID: A1, Data: 880 7B 7E 7E 32 0 0 0 
ID: 316, Data: 81 3B 2A 21 3D 15 4D 7B 
ID: 316, Data: 81 3C 38 21 1F 15 4D 7B 
ID: 18F, Data: 8AA 34 0 0 0 0 0 0 
ID: 43F, Data: 845 48 60 FF 7D 90 1F 0 
ID: 153, Data: 80 0 0 FF 0 FF 0 0 
ID: 316, Data: 81 34 E 21 F 16 4D 7B 
ID: 316, Data: 81 30 C9 20 10 17 4D 7B 
ID: 153, Data: 80 0 0 FF 0 FF 0 0 
ID: 153, Data: 80 0 0 FF 0 FF 0 0 
ID: 260, Data: 8B 25 12 30 5 FF D9 1E 
ID: 316, Data: 81 21 BE 1F 12 18 4D 7B 
ID: 153, Data: 80 0 0 FF 0 FF 0 0 
ID: 153, Data: 80 0 0 FF 0 FF 0 0 
ID: 316, Data: 81 1D 72 1F 13 19 4D 7B 
ID: 18F, Data: 8AA 34 0 0 0 0 0 0 
ID: 316, Data: 81 1A 40 1F 13 19 4D 7B 
ID: 153, Data: 80 0 0 FF 0 FF 0 0 
ID: 329, Data: 8B B2 80 8 11 2F 0 26 
ID: 316, Data: 81 18 DD 1E 13 19 4D 7B 
ID: 316, Data: 81 16 AC 1E 13 19 4D 7B 
ID: 43F, Data: 845 48 60 FF 7D 54 1F 0 
ID: 316, Data: 81 14 94 1E 13 19 4D 7B 
ID: 153, Data: 80 0 0 FF 0 FF 0 0 
ID: 316, Data: 81 12 1E 1E 14 19 4C 7B 
ID: 153, Data: 80 0 0 FF 0 FF 0 0 
ID: 545, Data: 8E4 34 0 8D 94 FF 94 FF 
ID: 316, Data: 81 13 A1 1D 14 19 4C 7B 
ID: 153, Data: 80 0 0 FF 0 FF 0 0 
ID: 316, Data: 81 15 FC 1C 14 18 4C 7B 
ID: 153, Data: 80 0 0 FF 0 FF 0 0 
ID: 280, Data: 830 0 84 B2 39 15 6E 38 
ID: 316, Data: 81 17 A7 1C 14 18 4C 7B 
ID: A0, Data: 829 7E B1 1C 4C 2A 2 0 
ID: 43F, Data: 845 48 60 FF 7D 20 1F 0 
ID: 43F, Data: 845 48 60 FF 7D 4 1F 0 
ID: 440, Data: 8EF 75 4B A0 FF AA AA AA 
ID: 316, Data: 81 18 92 1C 1D 22 4C 7B 
ID: 43F, Data: 845 48 60 FF 7D F8 1E 0 
ID: 43F, Data: 845 48 60 FF 7D F0 1E 0 
ID: A1, Data: 880 80 7D 7D 1B 0 0 0 
ID: 153, Data: 80 0 0 FF 0 FF 0 0 
ID: 316, Data: 89 1A 7 1D 1D 22 4B 7B 
ID: 153, Data: 80 0 0 FF 0 FF 0 0 
ID: 316, Data: 89 17 FC 1C 1D 22 4B 7B 
ID: 316, Data: 89 17 E6 1C 1D 21 4B 7B 
ID: 2A0, Data: 820 A 6E 18 32 0 11 0 
ID: 316, Data: 849 13 F1 1C 1D 21 4B 7B 
ID: 5F0, Data: 20 0 
ID: 440, Data: 8EF D5 4B A0 FF AA AA AA 
ID: A0, Data: 82F 7E E6 1C 4B 2C 4 0 
ID: 316, Data: 849 F 7D 1C 1D 21 4B 7B 
ID: 545, Data: 8E4 27 0 8D B5 FE B5 FE 
ID: 440, Data: 8EF 85 4A A0 FF AA AA AA 
ID: 316, Data: 849 9 11 1D 1C 21 4B 7B 
ID: 153, Data: 80 0 0 FF 0 FF 0 0 
ID: 1F1, Data: 80 44 4D 72 24 54 72 25 
ID: 316, Data: 849 4 D9 1D 1C 22 4A 7B 
ID: 43F, Data: 845 48 60 FF 7D 54 1E 0 
ID: 316, Data: 849 4 41 1E 1C 22 4A 7B 
ID: A0, Data: 82C 7E 36 1E 4A 2C 4 0 
ID: 153, Data: 80 0 0 FF 0 FF 0 0 
ID: 316, Data: 849 0 1E 1E 1C 22 4A 7B 
ID: 153, Data: 80 0 0 FF 0 FF 0 0 
ID: 545, Data: 8E4 0 0 8D A7 FD A7 FD 
ID: 316, Data: 849 0 D9 1D 1C 21 4A 7B 
ID: A1, Data: 880 80 80 7D 1F 0 0 0 
ID: 43F, Data: 845 48 60 FF 7D 0 1E 0 
ID: 43F, Data: 845 48 60 FF 7D 8 1E 0 
ID: 280, Data: 830 0 20 B2 3A 19 6E 42 
ID: 153, Data: 80 0 0 FF 0 FF 0 0 
ID: 316, Data: 849 0 E6 1C 1C 21 49 7B 
ID: 316, Data: 849 0 DC 1C 1C 21 49 7B 
ID: 2A0, Data: 840 7 6E 18 32 0 11 0 
ID: 43F, Data: 845 48 60 FF 7D D4 1D 0 
ID: 5F0, Data: 20 0 
ID: 2A0, Data: 840 7 6E 18 32 0 11 0 
ID: 2A0, Data: 820 7 6E 18 32 0 11 0 
ID: 153, Data: 80 0 0 FF 0 FF 0 0 
ID: 5F0, Data: 20 0 
ID: A1, Data: 880 80 80 7D 1E 0 0 0 
ID: A1, Data: 880 80 80 7D 1E 0 0 0 
ID: 153, Data: 80 0 0 FF 0 FF 0 0 
ID: 316, Data: 849 0 D1 1C 1C 21 48 7B 
ID: 260, Data: 80 0 1D 30 5 FF 4F 27 
ID: 153, Data: 80 0 0 FF 0 FF 0 0 
ID: 316, Data: 849 0 B1 1C 1C 21 48 7B 
ID: 153, Data: 80 0 0 FF 0 FF 0 0 
ID: 545, Data: 8E4 0 0 8D A6 FD A6 FD 
ID: 316, Data: 849 0 B1 1C 1D 22 48 7B 
ID: 545, Data: 8E4 0 0 8D A6 FD A6 FD 
ID: 316, Data: 849 0 9C 1C 1D 22 48 7B 
ID: 5F0, Data: 20 0 
ID: 43F, Data: 845 48 60 FF 7D 2C 1D 0 
ID: 153, Data: 80 0 0 FF 0 FF 0 0 
ID: 316, Data: 849 0 7D 1C 1D 21 47 7B 
ID: 1F0, Data: 8CB 3F CD BF 0 0 0 0 
ID: 329, Data: 840 B2 80 8 11 33 0 26 
ID: 260, Data: 80 0 1D 30 5 FF 4F 18 
ID: 153, Data: 80 0 0 FF 0 FF 0 0 
ID: 43F, Data: 845 48 60 FF 7D 0 1D 0 
ID: 153, Data: 80 0 0 FF 0 FF 0 0 
ID: 153, Data: 80 0 0 FF 0 FF 0 0 
ID: 316, Data: 849 0 35 1C 1D 22 47 7B 
ID: 5A0, Data: 80 0 0 90 0 0 0 0 
ID: 316, Data: 849 0 17 1C 1D 21 46 7B 
ID: 153, Data: 80 0 0 FF 0 FF 0 0 
ID: 316, Data: 849 0 C 1C 1D 21 46 7B 
ID: 316, Data: 849 0 17 1C 1D 21 46 7B 
ID: 329, Data: 8ED B2 80 8 11 33 0 26 
ID: 316, Data: 849 0 C 1C 1D 21 46 7B 
ID: 5F0, Data: 20 0 
ID: 2A0, Data: 820 4 6E 18 32 0 11 0 
ID: 545, Data: 8E4 0 0 8D A7 FD A7 FD 
ID: 260, Data: 80 0 1D 30 5 FF 4F 18 
ID: 316, Data: 849 0 D1 1B 1D 21 46 7B 
ID: 153, Data: 80 0 0 FF 0 FF 0 0 
ID: 153, Data: 80 0 0 FF 0 FF 0 0 
ID: 280, Data: 830 0 20 B2 37 17 6E 3F 
ID: 316, Data: 849 0 B3 1B 1D 21 45 7B 
ID: 153, Data: 80 0 0 FF 0 FF 0 0 
ID: 153, Data: 80 0 0 FF 0 FF 0 0 
ID: 316, Data: 849 0 A9 1B 27 21 45 7B 
ID: 440, Data: 8EF D5 45 A0 FF AA AA AA 
ID: 316, Data: 841 12 E4 1B 31 21 45 7B 
ID: 153, Data: 80 0 0 FF 0 FF 0 0 
ID: 316, Data: 841 27 5E 1C 35 21 45 7B 
ID: 43F, Data: 845 48 60 FF 7D 44 1C 0 
ID: 153, Data: 80 0 0 FF 0 FF 0 0 
ID: 153, Data: 80 0 0 FF 0 FF 0 0 
ID: 316, Data: 841 2C 11 1D 35 21 45 7B 
ID: 440, Data: 8EF 25 45 A0 FF AA AA AA 
ID: 316, Data: 841 2E 3D 1D 35 21 45 7B 
ID: 43F, Data: 845 48 60 FF 7D 44 1C 0 
ID: 260, Data: 8B 30 36 30 5 FF D5 2F 
ID: 316, Data: 841 30 3D 1D 35 20 45 7B 
ID: 316, Data: 841 31 32 1D 35 20 45 7B 
ID: 43F, Data: 845 48 60 FF 7D 28 1C 0 
ID: 260, Data: 8B 32 35 30 5 FF D6 F 
ID: 153, Data: 80 0 0 FF 0 FF 0 0 
ID: 316, Data: 841 33 3D 1D 35 1F 45 7B 
ID: 316, Data: 841 33 3D 1D 34 1F 45 7B 
ID: 18F, Data: 8AA 42 0 0 0 0 0 0 
ID: 316, Data: 841 35 48 1D 35 1F 45 7B 
ID: 153, Data: 80 0 0 FF 0 FF 0 0 
ID: 2A0, Data: 8A1 5 6E 18 32 0 11 0 
ID: 43F, Data: 845 48 60 FF 7D 30 1C 0 
ID: 260, Data: 8B 36 37 30 5 FF D7 35 
ID: 316, Data: 841 36 5E 1D 36 1F 45 7B 
ID: 316, Data: 841 35 5E 1D 36 1F 45 7B 
ID: 43F, Data: 845 48 60 FF 7D 3C 1C 0 
ID: 329, Data: 8ED B2 80 8 11 38 B 26 
ID: 153, Data: 80 0 0 FF 0 FF 0 0 
ID: 316, Data: 841 36 69 1D 36 1F 45 7B 
ID: 316, Data: 841 36 69 1D 37 1F 45 7B 
ID: 5F0, Data: 20 0 
ID: 316, Data: 841 36 74 1D 37 1F 45 7B 
ID: 153, Data: 80 0 0 FF 0 FF 0 0 
ID: 43F, Data: 845 48 60 FF 7D 3C 1C 0 
ID: 18F, Data: 8AA 43 0 0 0 0 0 0 
ID: 43F, Data: 845 48 60 FF 7D 40 1C 0 
ID: 153, Data: 80 0 0 FF 0 FF 0 0 
ID: 316, Data: 841 36 69 1D 37 1F 45 7B 
ID: 316, Data: 841 35 69 1D 37 1F 45 7B 
ID: 5F0, Data: 20 0 
ID: 153, Data: 80 0 0 FF 0 FF 0 0 
ID: 316, Data: 841 36 7F 1D 37 1F 45 7B 
ID: 316, Data: 841 35 74 1D 37 1F 45 7B 
ID: 18F, Data: 8AA 44 0 0 0 0 0 0 
ID: 370, Data: 8FF E0 F0 FF FF FF FF FF 
ID: 43F, Data: 845 48 60 FF 7D 40 1C 0 
ID: 545, Data: 8E4 6B 0 8D 88 1 88 1 
ID: 153, Data: 80 0 0 FF 0 FF 0 0 
ID: 316, Data: 841 35 74 1D 26 1F 45 7B 
ID: 153, Data: 80 0 0 FF 0 FF 0 0 
ID: 153, Data: 80 0 0 FF 0 FF 0 0 
ID: 316, Data: 841 36 7F 1D 11 16 45 7B 
ID: 440, Data: 8E5 D5 45 A0 FF AA AA AA 
ID: 153, Data: 80 0 0 FF 0 FF 0 0 
ID: 5F0, Data: 20 0 
ID: 316, Data: 841 26 DC 1C 13 18 45 7B 
ID: 153, Data: 80 0 0 FF 0 FF 0 0 
ID: 260, Data: 8B 22 14 30 5 FF CB 1E 
ID: 316, Data: 841 1F 17 1C 14 18 45 7B 
ID: 153, Data: 80 0 0 FF 0 FF 0 0 
ID: 316, Data: 81 1C 96 1B 14 18 45 7B 
ID: 153, Data: 80 0 0 FF 0 FF 0 0 
ID: A1, Data: 883 7F 80 7D 18 0 0 0 
ID: 329, Data: 8B B2 80 8 11 2D 0 26 
ID: 1F0, Data: 8CC 3F CD BF 0 0 0 0 
ID: 18F, Data: 8AA 44 0 0 0 0 0 0 
ID: 440, Data: 8E7 85 44 A0 FF AA AA AA 
ID: 2A0, Data: 880 5 6E 18 32 0 11 0 
ID: 316, Data: 81 13 EA 1A 15 19 45 7B 
ID: 153, Data: 80 0 0 FF 0 FF 0 0 
ID: 153, Data: 80 0 0 FF 0 FF 0 0 
ID: 260, Data: 8B 14 16 30 5 FF 6E 1E 
ID: 316, Data: 81 15 59 1A 15 19 44 7B 
ID: A0, Data: 821 7D 47 1A 45 28 2 0 
ID: 316, Data: 81 15 DF 19 16 19 44 7B 
ID: 316, Data: 81 16 B4 19 16 18 44 7B 
ID: 43F, Data: 845 48 60 FF 7D E8 1B 0 
ID: 316, Data: 81 16 40 19 16 18 44 7B 
ID: 153, Data: 80 0 0 FF 0 FF 0 0 
ID: 153, Data: 80 0 0 FF 0 FF 0 0 
ID: 316, Data: 81 17 E8 18 16 18 44 7B 
ID: 153, Data: 80 0 0 FF 0 FF 0 0 
ID: 316, Data: 81 17 C8 18 16 18 44 7B 
ID: 153, Data: 80 0 0 FF 0 FF 0 0 
ID: 280, Data: 830 0 84 B2 31 12 6E 35 
ID: 316, Data: 89 18 A1 18 16 18 44 7B 
ID: 153, Data: 80 0 0 FF 0 FF 0 0 
ID: 316, Data: 89 18 C0 18 16 18 43 7B 
ID: 153, Data: 80 0 0 FF 0 FF 0 0 
ID: 329, Data: 8B B1 80 8 11 2F 0 26 
ID: 316, Data: 89 13 8A 18 16 18 43 7B 
ID: 316, Data: 89 13 6B 18 17 18 43 7B 
ID: 43F, Data: 845 48 60 FF 7D 58 1B 0 
ID: 43F, Data: 845 48 60 FF 7D 40 1B 0 
ID: A1, Data: 880 80 80 7D 19 0 0 0 
ID: 316, Data: 89 F E8 18 16 18 43 7B 
ID: 316, Data: 89 F 30 19 16 18 43 7B 
ID: 2A0, Data: 820 4 6E 18 32 0 11 0 
ID: 43F, Data: 845 48 60 FF 7D 40 1B 0 
ID: 153, Data: 80 0 0 FF 0 FF 0 0 
ID: 280, Data: 830 0 20 B1 34 12 6E 33 
ID: 316, Data: 89 7 47 1A 15 18 42 7B 
ID: 153, Data: 80 0 0 FF 0 FF 0 0 
ID: 316, Data: 89 7 8F 1A 15 18 42 7B 
ID: 370, Data: 8FF E0 F0 FF FF FF FF FF 
ID: 316, Data: 89 3 AA 1A 15 19 42 7B 
ID: 153, Data: 80 0 0 FF 0 FF 0 0 
ID: 153, Data: 80 0 0 FF 0 FF 0 0 
ID: 316, Data: 89 0 CF 1A 15 19 42 7B 
ID: 153, Data: 80 0 0 FF 0 FF 0 0 
ID: 316, Data: 89 0 B3 1A 15 18 41 7B 
ID: 153, Data: 80 0 0 FF 0 FF 0 0 
ID: 316, Data: 89 0 86 1A 15 18 41 7B 
ID: 43F, Data: 845 48 60 FF 7D AC 1A 0 
ID: 316, Data: 89 0 36 1A 15 18 41 7B 
ID: 316, Data: 89 0 1 1A 15 18 41 7B 
ID: 5F0, Data: 20 0 
ID: 316, Data: 89 0 A4 19 15 18 41 7B 
ID: 43F, Data: 845 48 60 FF 7D AC 1A 0 
ID: 440, Data: 8E7 25 41 A0 FF AA AA AA 
ID: 316, Data: 89 0 8A 19 15 18 41 7B 
ID: A1, Data: 880 80 80 7D 1D 0 0 0 
ID: 43F, Data: 845 48 60 FF 7D 84 1A 0 
ID: 43F, Data: 845 48 60 FF 7D 7C 1A 0 
ID: 280, Data: 830 0 20 B1 33 15 6E 3D 
ID: 316, Data: 89 0 B4 19 15 18 40 7B 
ID: 316, Data: 89 0 AC 19 15 18 40 7B 
ID: 43F, Data: 845 48 60 FF 7D 48 1A 0 
ID: 43F, Data: 845 48 60 FF 7D 40 1A 0 
ID: 2A0, Data: 8E0 3 6E 18 32 0 11 0 
ID: 316, Data: 89 0 71 19 15 18 40 7B 
ID: 316, Data: 89 0 69 19 15 18 40 7B 
ID: 316, Data: 89 0 69 19 15 18 40 7B 
ID: 43F, Data: 845 48 60 FF 7D 14 1A 0 
ID: 43F, Data: 845 48 60 FF 7D 1C 1A 0 
ID: 260, Data: 80 0 16 30 5 FF 4E 3E 
ID: 316, Data: 89 0 59 19 16 18 40 7B 
ID: 153, Data: 80 0 0 FF 0 FF 0 0 
ID: 18F, Data: 8AA 3A 0 0 0 0 0 0 
ID: 316, Data: 89 0 40 19 16 18 3F 7B 
ID: 316, Data: 89 0 38 19 16 18 3F 7B 
ID: 545, Data: 8E4 0 0 8D 4F FE 4F FE 
ID: 153, Data: 80 0 0 FF 0 FF 0 0 
ID: 5F0, Data: 20 0 
ID: 153, Data: 80 0 0 FF 0 FF 0 0 
ID: 1F1, Data: 80 22 F3 1 1F FD D1 1F 
ID: A1, Data: 880 80 80 7D 1C 0 0 0 
ID: 316, Data: 89 0 8 19 16 18 3F 7B 
ID: 316, Data: 89 0 10 19 16 18 3F 7B 
ID: 153, Data: 80 0 0 FF 0 FF 0 0 
ID: 260, Data: 80 0 16 30 5 FF 4E 2F 
ID: 316, Data: 89 0 F8 18 16 18 3F 7B 
ID: 2A0, Data: 880 2 6E 18 32 0 11 0 
ID: 153, Data: 80 0 0 FF 0 FF 0 0 
ID: 43F, Data: 845 48 60 FF 7D 8C 19 0 
ID: 153, Data: 80 0 0 FF 0 FF 0 0 
ID: 1F1, Data: 80 AA ED 81 1E F5 51 1F 
ID: 316, Data: 89 0 C8 18 16 18 3E 7B 
ID: 260, Data: 80 0 16 30 5 FF 4E 3E 
ID: 43F, Data: 845 48 60 FF 7D 58 19 0 
ID: 316, Data: 89 0 B8 18 16 18 3E 7B 
ID: 2A0, Data: 8E0 2 6E 18 32 0 11 0 
ID: 5F0, Data: 20 0 
ID: 316, Data: 89 0 91 18 16 18 3E 7B 
ID: 43F, Data: 845 48 60 FF 7D 40 19 0 
ID: 43F, Data: 845 48 60 FF 7D 30 19 0 
ID: A1, Data: 880 80 80 7D 1C 0 0 0 
ID: 316, Data: 89 0 82 18 16 18 3D 7B 
ID: 316, Data: 89 0 7A 18 16 18 3D 7B 
ID: 18F, Data: 8AA 38 0 0 0 0 0 0 
ID: 43F, Data: 845 48 60 FF 7D E4 18 0 
ID: 5F0, Data: 20 0 
ID: 316, Data: 89 0 4D 18 16 18 3D 7B 
ID: 153, Data: 80 0 0 FF 0 FF 0 0 
ID: 329, Data: 8B B1 80 8 12 30 0 26 
ID: 153, Data: 80 0 0 FF 0 FF 0 0 
ID: 370, Data: 8FF E0 F0 FF FF FF FF FF 
ID: 316, Data: 89 0 F3 17 17 18 3C 7B 
ID: 43F, Data: 845 48 60 FF 7D 7C 18 0 
ID: 316, Data: 89 0 CF 17 17 18 3C 7B 
ID: 18F, Data: 8AA 37 0 0 0 0 0 0 
ID: 43F, Data: 845 48 60 FF 7D 30 18 0 
ID: 153, Data: 80 0 0 FF 0 FF 0 0 
ID: 153, Data: 80 0 0 FF 0 FF 0 0 
ID: 316, Data: 89 0 79 17 17 18 3B 7B 
ID: A1, Data: 880 80 80 7D 1C 0 0 0 
ID: 316, Data: 89 0 5D 17 17 18 3B 7B 
ID: 316, Data: 89 0 4F 17 17 18 3A 7B 
ID: 329, Data: 884 B1 80 8 12 2F 0 26 
ID: 153, Data: 80 0 0 FF 0 FF 0 0 
ID: 153, Data: 80 0 0 FF 0 FF 0 0 
ID: 316, Data: 89 0 A 17 17 18 3A 7B 
ID: 153, Data: 80 0 0 FF 0 FF 0 0 
ID: 153, Data: 80 0 0 FF 0 FF 0 0 
ID: 370, Data: 8FF E0 F0 FF FF FF FF FF 
ID: 280, Data: 830 0 20 B1 2D 14 6E 3A 
ID: 316, Data: 89 0 8C 16 18 18 39 7B 
ID: 2A0, Data: 820 1 6E 18 32 0 11 0 
ID: 43F, Data: 845 48 60 FF 7D FC 16 0 
ID: 316, Data: 89 0 45 16 18 18 38 7B 
ID: 545, Data: 8E4 0 0 8A 4F FE 4F FE 
ID: 316, Data: 89 0 C 16 18 18 38 7B 
ID: 316, Data: 89 0 F4 15 19 18 37 7B 
ID: 153, Data: 80 0 0 FF 0 FF 0 0 
ID: 153, Data: 80 0 0 FF 0 FF 0 0 
ID: 329, Data: 884 B1 80 8 12 2F 0 26 
ID: 43F, Data: 845 48 60 FF 7D 20 16 0 
ID: 280, Data: 830 0 20 B1 2A 14 6E 39 
ID: 153, Data: 80 0 0 FF 0 FF 0 0 
ID: 545, Data: 8E4 0 0 8D 4D FE 4D FE 
ID: 316, Data: 89 0 29 15 19 18 35 7B 
ID: 18F, Data: 8AA 36 0 0 0 0 0 0 
ID: 153, Data: 80 0 0 FF 0 FF 0 0 
ID: 153, Data: 80 0 0 FF 0 FF 0 0 
ID: 2A0, Data: 820 1 6E 18 32 0 11 0 
ID: 1F0, Data: 8CC 3F CD BF 0 0 0 0 
ID: 329, Data: 8ED B1 80 8 12 2E 0 26 
ID: 260, Data: 80 0 1B 30 5 FF 4E C 
ID: 440, Data: 8E7 75 33 A0 FF AA AA AA 
ID: 316, Data: 89 0 C8 13 1B 18 33 7B 
ID: 260, Data: 80 0 1B 30 5 FF 4E C 
ID: 5F0, Data: 20 0 
ID: 153, Data: 80 0 0 FF 0 FF 0 0 
ID: 43F, Data: 845 48 60 FF 7D 0 14 0 
ID: A1, Data: 880 80 80 7D 1D 0 0 0 
ID: 43F, Data: 845 48 60 FF 7D BC 13 0 
ID: 43F, Data: 845 48 60 FF 7D A8 13 0 
ID: 545, Data: 8E4 0 0 8D 4F FE 4F FE 
ID: 316, Data: 89 0 C7 12 1C 18 30 7B 
ID: 316, Data: 89 0 9F 12 1C 18 30 7B 
ID: 260, Data: 80 0 1C 30 5 FF 4E 29 
ID: 43F, Data: 845 48 60 FF 7D EC 12 0 
ID: 153, Data: 80 0 0 FF 0 FF 0 0 
ID: 18F, Data: 8AA 36 0 0 0 0 0 0 
ID: 316, Data: 89 0 E3 11 1D 18 2E 7B 
ID: 5F0, Data: 20 0 
ID: 280, Data: 830 0 20 B1 23 16 6E 3F 
ID: 316, Data: 89 0 83 11 1D 19 2D 7B 
ID: 153, Data: 80 0 0 FF 0 FF 0 0 
ID: 153, Data: 80 0 0 FF 0 FF 0 0 
ID: 316, Data: 89 0 E0 10 1E 19 2C 7B 
ID: 43F, Data: 84C 48 60 FF 7D B4 11 0 
ID: 43F, Data: 84C 48 60 FF 7D 8C 11 0 
ID: 260, Data: 80 0 1F 38 5 FF 4E 3D 
ID: 5F0, Data: 20 0 
ID: 316, Data: 89 0 BC 10 1E 19 2A 7B 
ID: 153, Data: 80 0 0 FF 0 FF 0 0 
ID: 280, Data: 830 0 20 B1 21 16 6E 41 
ID: 316, Data: 89 0 E7 10 1D 19 29 7B 
ID: 370, Data: 8FF E0 F0 FF FE FF FF FF 
ID: 316, Data: 89 0 2E 11 1D 19 29 7B 
ID: A1, Data: 880 80 80 7D 1E 0 0 0 
ID: 43F, Data: 84C 48 60 FF 7D 20 13 0 
ID: 153, Data: 80 0 0 FF 0 FF 0 0 
ID: 329, Data: 840 B1 80 8 12 2D 0 26 
ID: 316, Data: 89 0 D3 11 1D 18 27 7B 
ID: 18F, Data: 8AA 35 0 0 0 0 0 0 
ID: 370, Data: 8FF E0 F0 FF FF FF FF FF 
ID: 43F, Data: 84C 48 60 FF 7D 4 14 0 
ID: 153, Data: 80 0 0 FF 0 FF 0 0 
ID: A0, Data: 828 7D 66 12 26 26 4 0 
ID: 316, Data: 89 0 7B 12 1C 18 25 7B 
ID: 2A0, Data: 880 0 6F 18 32 0 11 0 
ID: 153, Data: 80 0 0 FF 0 FF 0 0 
ID: 153, Data: 80 0 0 FF 0 FF 0 0 
ID: 440, Data: 8E7 D5 23 A0 FF AA AA AA 
ID: 43F, Data: 84C 48 60 FF 7D E4 12 0 
ID: 316, Data: 89 0 0 12 1C 18 23 7B 
ID: 153, Data: 80 0 0 FF 0 FF 0 0 
ID: 5F0, Data: 20 0 
ID: A1, Data: 880 80 80 7D 1D 0 0 0 
ID: 18F, Data: 8AA 35 0 0 0 0 0 0 
ID: 153, Data: 80 0 0 FF 0 FF 0 0 
ID: 2A0, Data: 840 0 6F 18 32 0 11 0 
ID: 43F, Data: 84B 48 60 FF 7D 18 12 0 
ID: 2A0, Data: 880 0 6F 18 32 0 11 0 
ID: 316, Data: 81 0 98 10 1E 19 21 7B 
ID: 316, Data: 81 4 64 10 1E 19 21 7B 
ID: 329, Data: 8B B1 80 8 12 2E 0 26 
ID: 43F, Data: 84B 48 60 FF 7D 98 11 0 
ID: 153, Data: 80 0 0 FF 0 FF 0 0 
ID: 280, Data: 830 0 4 B1 1F 17 6F 42 
ID: 316, Data: 81 14 50 F 1F 19 20 7B 
ID: 260, Data: 8B 1A 20 30 5 FF 4F 2D 
ID: 370, Data: 8FF E0 F0 FF FE FF FF FF 
ID: 316, Data: 81 1F EA E 20 19 20 7B 
ID: 153, Data: 80 0 0 FF 0 FF 0 0 
ID: 316, Data: 81 1F 63 E 21 1A 1F 7B 
ID: 5F0, Data: 20 0 
ID: 316, Data: 81 20 E1 E 20 19 1F 7B 
ID: 153, Data: 80 0 0 FF 0 FF 0 0 
ID: 43F, Data: 84B 48 60 FF 7D 8 11 0 
ID: 316, Data: 81 1F 4A F 1F 19 1F 7B 
ID: A0, Data: 82F 7D 4A F 1F 26 2 0 
ID: 316, Data: 81 1D A6 F 1F 19 1E 7B 
ID: 153, Data: 80 0 0 FF 0 FF 0 0 
ID: 316, Data: 81 1D F2 F 1E 19 1E 7B 
ID: 153, Data: 80 0 0 FF 0 FF 0 0 
ID: 280, Data: 830 0 84 B1 20 16 6F 41 
ID: 316, Data: 81 1C 42 10 1E 19 1D 7B 
ID: 18F, Data: 8AA 35 0 0 0 0 0 0 
ID: 316, Data: 81 1C 9C 10 1D 19 1D 7B 
ID: 153, Data: 80 0 0 FF 0 FF 0 0 
ID: 329, Data: 8B B1 80 8 12 2D 0 26 
ID: 316, Data: 81 1B DD 10 1C 19 1C 7B 
ID: 329, Data: 8B B1 80 8 12 2D 0 26 
ID: 316, Data: 81 1B CE 10 1D 19 1C 7B 
ID: 153, Data: 80 0 0 FF 0 FF 0 0 
ID: 545, Data: 8E4 30 0 87 1A 0 1A 0 
ID: 316, Data: 81 1B AE 10 1D 19 1C 7B 
ID: 329, Data: 8ED B1 80 8 12 2D 0 26 
ID: 43F, Data: 843 48 60 FF 7D 8 13 0 
ID: 316, Data: 81 1B 87 10 25 19 1B 7B 
ID: 260, Data: 8B 1C 25 30 5 FF 50 6 
ID: 316, Data: 81 1C F6 F 24 19 1B 7B 
ID: 316, Data: 81 1E F9 F 24 19 1B 7B 
ID: 18F, Data: 8AA 35 0 0 0 0 0 0 
ID: 153, Data: 80 0 0 FF 0 FF 0 0 
ID: A0, Data: 836 7D D9 F 1B 27 2 0 
ID: 2A0, Data: 8E0 0 6F 18 32 0 11 0 
ID: 18F, Data: 8AA 35 0 0 0 0 0 0 
ID: 316, Data: 81 22 49 10 22 19 1A 7B 
ID: 280, Data: 830 0 84 B1 21 19 6F 46 
ID: 5F0, Data: 20 0 
ID: 280, Data: 830 0 84 B1 21 19 6F 46 
ID: 316, Data: 81 22 CA 10 21 18 1A 7B 
ID: 153, Data: 80 0 0 FF 0 FF 0 0 
ID: 316, Data: 81 21 27 11 20 18 19 7B 
ID: 316, Data: 81 21 32 11 20 18 19 7B 
ID: 260, Data: 8B 21 20 30 5 FF 55 1F 
ID: 153, Data: 80 0 0 FF 0 FF 0 0 
ID: 316, Data: 81 20 36 11 20 18 19 7B 
ID: 5F0, Data: 20 0 
ID: 18F, Data: 8AA 35 0 0 0 0 0 0 
ID: 2A0, Data: 820 0 6F 18 32 0 11 0 
ID: 316, Data: 81 1F 1B 11 20 19 19 7B 
ID: 2A0, Data: 8E0 0 6F 18 32 0 11 0 
ID: 316, Data: 81 1F B5 10 21 19 19 7B 
ID: 316, Data: 81 1F A3 10 21 19 19 7B 
ID: A0, Data: 830 7D 95 10 19 27 2 0 
ID: 43F, Data: 843 48 60 FF 7D D0 10 0 
ID: 316, Data: 81 1F 72 10 22 19 18 7B 
ID: 260, Data: 8B 20 22 30 5 FF 59 38 
ID: 316, Data: 81 1F 95 10 22 19 18 7B 
ID: 2A0, Data: 840 0 6F 18 32 0 11 0 
ID: 43F, Data: 843 48 60 FF 7D A0 10 0 
ID: 43F, Data: 843 48 60 FF 7D 98 10 0 
ID: 2A0, Data: 840 0 6F 18 32 0 11 0 
ID: 5F0, Data: 20 0 
ID: 316, Data: 81 20 50 10 22 19 18 7B 
ID: 316, Data: 81 20 5D 10 22 19 18 7B 
ID: 370, Data: 8FF E0 F0 FF FF FF FF FF 
ID: 153, Data: 80 0 0 FF 0 FF 0 0 
ID: 153, Data: 80 0 0 FF 0 FF 0 0 
ID: 545, Data: 8E4 33 0 89 7D 0 7D 0 
ID: 316, Data: 81 20 50 10 22 19 18 7B 
ID: 329, Data: 8B B1 80 8 12 2E 0 26 
ID: 5F0, Data: 20 0 
ID: 316, Data: 81 20 2B 10 22 19 18 7B 
ID: 43F, Data: 843 48 60 FF 7D 44 10 0 
ID: 43F, Data: 843 48 60 FF 7D 38 10 0 
ID: 153, Data: 80 0 0 FF 0 FF 0 0 
ID: 329, Data: 8ED B1 80 8 11 2E 0 26 
ID: 316, Data: 81 20 53 10 22 19 17 7B 
ID: 2A0, Data: 8E0 0 6F 18 32 0 11 0 
ID: 43F, Data: 843 48 60 FF 7D 4C 10 0 
ID: 316, Data: 81 20 49 10 19 19 17 7B 
ID: A1, Data: 888 80 86 7E 20 0 0 0 
ID: 316, Data: 81 1F 99 F 1A 19 17 7B 
ID: 153, Data: 80 0 0 FF 0 FF 0 0 
ID: 329, Data: 8ED B1 80 8 11 2C 0 26 
ID: 316, Data: 81 1E 62 F 1B 1A 17 7B 
ID: A0, Data: 82E 7D 5C F 18 25 2 0 
ID: 316, Data: 81 1D DF F 1B 19 17 7B 
ID: 153, Data: 80 0 0 FF 0 FF 0 0 
ID: 316, Data: 81 1C 1A 10 1C 19 17 7B 
ID: 153, Data: 80 0 0 FF 0 FF 0 0 
ID: 1F1, Data: 80 D AA 70 B AA E0 B 
ID: 316, Data: 81 21 6 10 20 1A 17 7B 
ID: 329, Data: 8ED B1 80 8 11 2C 1 26 
ID: 316, Data: 81 21 AA 10 22 19 17 7B 
ID: 153, Data: 80 0 0 FF 0 FF 0 0 
ID: 545, Data: 8E4 2A 0 8D 84 0 84 0 
ID: 316, Data: 81 21 FE 10 29 19 17 7B 
ID: 2A0, Data: 861 0 6F 18 32 0 11 0 
ID: 43F, Data: 843 48 60 FF 7D D8 F 0 
ID: 370, Data: 8FF E0 F0 FF FF FF FF FF 
ID: 545, Data: 8E4 2B 0 88 BE 0 BE 0 
ID: 5F0, Data: 20 0 
ID: 316, Data: 81 27 8A 10 35 19 17 7B 
ID: 43F, Data: 843 48 60 FF 7D CC F 0 
ID: 18F, Data: 8AA 34 0 0 0 0 0 0 
ID: 316, Data: 81 2C FE 10 36 18 16 7B 
ID: 153, Data: 80 0 0 FF 0 FF 0 0 
ID: 316, Data: 81 2D 60 11 39 17 16 7B 
ID: 440, Data: 8FE B3 15 A0 FF AA AA AA 
ID: 545, Data: 8E4 46 0 8C A4 1 A4 1 
ID: 316, Data: 81 31 EB 11 46 17 16 7B 
ID: 316, Data: 81 33 FC 11 47 17 16 7B 
ID: 370, Data: 8FF E0 F0 FF FF FF FF FF 
ID: 316, Data: 81 37 59 12 46 16 16 7B 
ID: 153, Data: 80 0 0 FF 0 FF 0 0 
ID: 43F, Data: 843 48 60 FF 7D C 10 0 
ID: 316, Data: 81 3A 1E 13 44 15 16 7B 
ID: 316, Data: 81 3A 4E 13 43 15 16 7B 
ID: 440, Data: 8FE 13 16 A0 FF AA AA AA 
ID: 316, Data: 81 3B C8 13 43 15 16 7B 
ID: 43F, Data: 843 48 60 FF 7D 44 10 0 
ID: 43F, Data: 843 48 60 FF 7D 54 10 0 
ID: 153, Data: 80 0 0 FF 0 FF 0 0 
ID: 316, Data: 81 3C 4D 14 43 15 16 7B 
ID: 316, Data: 81 3B F 14 43 15 16 7B 
ID: 545, Data: 8E4 63 0 8C AC 2 AC 2 
ID: 43F, Data: 843 48 60 FF 7D 9C 10 0 
ID: 153, Data: 80 0 0 FF 0 FF 0 0 
ID: 316, Data: 81 3E 37 12 46 15 17 7B 
ID: 316, Data: 81 41 0 12 47 15 17 7B 
ID: 43F, Data: 843 48 60 FF 7D C8 10 0 
ID: 316, Data: 81 45 2E 12 4E 14 17 7B 
ID: 2A0, Data: 861 6 6F 18 32 0 11 0 
ID: 153, Data: 80 0 0 FF 0 FF 0 0 
ID: 316, Data: 81 45 91 12 4E 14 17 7B 
ID: 153, Data: 80 0 0 FF 0 FF 0 0 
ID: 329, Data: 8B B1 80 8 11 37 1B 26 
ID: 316, Data: 81 47 77 12 4E 14 17 7B 
ID: 2A0, Data: 8C1 8 6F 18 32 0 11 0 
ID: 43F, Data: 843 48 60 FF 7D 7C 11 0 
ID: 43F, Data: 843 48 60 FF 7D 98 11 0 
ID: 18F, Data: 8AA 34 0 0 0 0 0 0 
ID: 316, Data: 81 49 15 13 4D 13 18 7B 
ID: 153, Data: 80 0 0 FF 0 FF 0 0 
ID: 316, Data: 81 49 44 13 4D 13 18 7B 
ID: 1F0, Data: 8CC 3F CD BF 0 0 0 0 
ID: 2A0, Data: 81 9 6F 18 32 0 11 0 
ID: A1, Data: 886 7B 85 7E 3D 0 0 0 
ID: 153, Data: 80 0 0 FF 0 FF 0 0 
ID: 316, Data: 81 4A 8C 13 50 13 19 7B 
ID: 545, Data: 8E4 71 0 8C C4 3 C4 3 
ID: 316, Data: 81 4A BE 13 51 13 19 7B 
ID: 316, Data: 81 4A CD 13 52 13 19 7B 
ID: 43F, Data: 843 48 60 FF 7D A8 12 0 
ID: 43F, Data: 843 48 60 FF 7D C0 12 0 
ID: A0, Data: 859 7D CD 13 1A 30 2 0 
ID: 5F0, Data: 20 0 
ID: 316, Data: 81 4C 14 14 52 13 1A 7B 
ID: 43F, Data: 843 48 60 FF 7D 10 13 0 
ID: A1, Data: 884 7B 84 7E 3E 0 0 0 
ID: 153, Data: 80 0 0 FF 0 FF 0 0 
ID: 316, Data: 81 4B 53 14 52 13 1A 7B 
ID: 153, Data: 80 0 0 FF 0 FF 0 0 
ID: 153, Data: 80 0 0 FF 0 FF 0 0 
ID: 316, Data: 81 4D 98 14 52 13 1A 7B 
ID: 43F, Data: 843 48 60 FF 7D C4 13 0 
ID: 329, Data: 884 B1 80 8 11 3A 1F 26 
ID: 153, Data: 80 0 0 FF 0 FF 0 0 
ID: 153, Data: 80 0 0 FF 0 FF 0 0 
ID: 316, Data: 81 4D 24 15 53 13 1B 7B 
ID: 153, Data: 80 0 0 FF 0 FF 0 0 
ID: 316, Data: 81 4D 52 15 52 13 1B 7B 
ID: 316, Data: 81 4D 63 15 52 13 1C 7B 
ID: 260, Data: 8B 4D 53 30 5 FF BC 2D 
ID: 316, Data: 81 4D 99 15 52 13 1C 7B 
ID: 329, Data: 884 B1 80 8 11 3A 20 26 
ID: 440, Data: 8FE 13 1C A0 FF AA AA AA 
ID: 316, Data: 81 4D EE 15 52 13 1C 7B 
ID: 153, Data: 80 0 0 FF 0 FF 0 0 
ID: 43F, Data: 843 48 60 FF 7D 30 15 0 
ID: 316, Data: 81 4D 3F 16 51 13 1D 7B 
ID: A1, Data: 887 7B 88 7E 3F 0 0 0 
ID: 316, Data: 81 4E 78 16 51 13 1D 7B 
ID: 153, Data: 80 0 0 FF 0 FF 0 0 
ID: A1, Data: 886 7B 88 7E 3F 0 0 0 
ID: 329, Data: 8ED B1 80 8 11 3B 20 26 
ID: 153, Data: 80 0 0 FF 0 FF 0 0 
ID: 5F0, Data: 20 0 
ID: 260, Data: 8B 4D 55 30 5 FF BF 19 
ID: 153, Data: 80 0 0 FF 0 FF 0 0 
ID: 5F0, Data: 20 0 
ID: 316, Data: 81 4F 25 17 55 12 1E 7B 
ID: 43F, Data: 843 48 60 FF 7D 6C 16 0 
ID: 43F, Data: 843 48 60 FF 7D 98 16 0 
ID: 260, Data: 8B 51 55 30 5 FF BC 8 
ID: 316, Data: 81 50 B9 17 54 12 1F 7B 
ID: 316, Data: 81 50 CF 17 55 12 1F 7B 
ID: 43F, Data: 843 48 60 FF 7D 4 17 0 
ID: 43F, Data: 843 48 60 FF 7D C 17 0 
ID: 545, Data: 8E4 97 0 8C 4D 4 4D 4 
ID: 5F0, Data: 20 0 
ID: 316, Data: 81 52 36 18 5E 1C 20 7B 
ID: 316, Data: 81 54 54 18 5E 1C 20 7B 
ID: 329, Data: 8ED B1 80 8 11 40 23 26 
ID: 153, Data: 80 0 0 FF 0 FF 0 0 
ID: 316, Data: 81 59 69 19 5D 1C 20 7B 
ID: 316, Data: 81 5A AC 19 5D 1B 20 7B 
ID: 18F, Data: 8AA 33 0 0 0 0 0 0 
ID: 316, Data: 81 5A D6 19 5D 1B 21 7B 
ID: 5F0, Data: 20 0 
ID: 316, Data: 81 5B E8 19 58 1B 21 7B 
ID: 370, Data: 8FF E0 F0 FF FF FF FF FF 
ID: A1, Data: 887 7B 86 7E 44 0 0 0 
ID: 316, Data: 841 5B A 1A 55 1C 22 7B 
ID: 153, Data: 80 0 0 FF 0 FF 0 0 
ID: 43F, Data: 843 48 60 FF 7D 14 19 0 
ID: 18F, Data: 8AA 33 0 0 0 0 0 0 
ID: 43F, Data: 843 48 60 FF 7D 54 19 0 
ID: 153, Data: 80 0 0 FF 0 FF 0 0 
ID: 153, Data: 80 0 0 FF 0 FF 0 0 
ID: 316, Data: 841 4E 13 1A 4D 1C 23 7B 
ID: 153, Data: 80 0 0 FF 0 FF 0 0 
ID: 545, Data: 8E4 9B 0 8C 6E 3 6E 3 
ID: 5F0, Data: 20 0 
ID: 329, Data: 840 B1 80 8 11 3D 19 26 
ID: 316, Data: 841 4B A1 1A 4B 1C 24 7B 
ID: 153, Data: 80 0 0 FF 0 FF 0 0 
ID: 329, Data: 884 B1 80 8 11 3C 18 26 
ID: 316, Data: 841 4A EA 1A 48 1C 24 7B 
ID: 43F, Data: 843 48 60 FF 7D 80 1A 0 
ID: 316, Data: 841 48 2C 1B 47 1D 24 7B 
ID: 440, Data: 8FE 63 24 A0 FF AA AA AA 
ID: 316, Data: 841 46 52 1B 47 1D 24 7B 
ID: 153, Data: 80 0 0 FF 0 FF 0 0 
ID: 280, Data: 830 0 88 B1 37 29 6F 76 
ID: 316, Data: 841 43 9F 1B 44 1D 25 7B 
ID: 153, Data: 80 0 0 FF 0 FF 0 0 
ID: 316, Data: 841 42 C7 1B 42 1D 25 7B 
ID: 316, Data: 841 42 2 1C 42 1D 25 7B 
ID: 43F, Data: 843 48 60 FF 7D 54 1B 0 
ID: 43F, Data: 843 48 60 FF 7D 60 1B 0 
ID: 18F, Data: 8AA 39 0 0 0 0 0 0 
ID: 153, Data: 80 0 0 FF 0 FF 0 0 
ID: 316, Data: 841 41 21 1C 41 1D 26 7B 
ID: 43F, Data: 843 48 60 FF 7D A4 1B 0 
ID: 316, Data: 841 41 49 1C 3E 1D 26 7B 
ID: 153, Data: 80 0 0 FF 0 FF 0 0 
ID: 153, Data: 80 0 0 FF 0 FF 0 0 
ID: 316, Data: 841 3E 92 1C 29 1E 26 7B 
ID: 153, Data: 80 0 0 FF 0 FF 0 0 
ID: 2A0, Data: 8A1 16 6F 18 32 0 11 0 
ID: 316, Data: 841 37 BC 1C 29 1F 26 7B 
ID: 260, Data: 8B 35 29 30 5 FF D3 39 
ID: 316, Data: 841 32 92 1C 29 1F 27 7B 
ID: 260, Data: 8B 32 2A 30 5 FF D5 2A 
ID: 153, Data: 80 0 0 FF 0 FF 0 0 
ID: 280, Data: 830 0 88 B1 39 1D 6E 56 
ID: 153, Data: 80 0 0 FF 0 FF 0 0 
ID: 1F0, Data: 8CD 3F CD BF 0 0 0 0 
ID: 2A0, Data: 81 14 6E 18 32 0 11 0 
ID: 153, Data: 80 0 0 FF 0 FF 0 0 
ID: 5F0, Data: 20 0 
ID: 2A0, Data: 861 13 6E 18 32 0 11 0 
ID: 545, Data: 8E4 58 0 8D A0 0 A0 0 
ID: 43F, Data: 843 48 60 FF 7D 74 1C 0 
ID: 43F, Data: 843 48 60 FF 7D 78 1C 0 
ID: 280, Data: 830 0 88 B1 3A 19 6E 48 
ID: 316, Data: 841 29 7 1D 2B 21 27 7B 
ID: 316, Data: 841 29 11 1D 2B 21 27 7B 
ID: 43F, Data: 843 48 60 FF 7D 8C 1C 0 
ID: 329, Data: 884 B1 80 8 11 35 7 26 
ID: 153, Data: 80 0 0 FF 0 FF 0 0 
ID: 153, Data: 80 0 0 FF 0 FF 0 0 
ID: 316, Data: 841 29 32 1D 2B 21 27 7B 
ID: 153, Data: 80 0 0 FF 0 FF 0 0 
ID: 316, Data: 841 29 3D 1D 2B 21 27 7B 
ID: 316, Data: 841 29 3D 1D 2B 21 27 7B 
ID: 43F, Data: 843 48 60 FF 7D A0 1C 0 
ID: 316, Data: 841 29 3D 1D 2B 21 27 7B 
ID: 153, Data: 80 0 0 FF 0 FF 0 0 
ID: 329, Data: 8ED B1 80 8 11 35 7 26 
ID: 316, Data: 841 29 53 1D 2D 21 28 7B 
ID: 545, Data: 8E4 59 0 8C 84 0 84 0 
ID: 43F, Data: 843 48 60 FF 7D BC 1C 0 
ID: 316, Data: 841 29 53 1D 30 21 28 7B 
ID: A0, Data: 831 7D 53 1D 28 2D 2 0 
ID: 316, Data: 841 2A 69 1D 31 21 28 7B 
ID: 545, Data: 8E4 58 0 8C AB 0 AB 0 
ID: 43F, Data: 843 48 60 FF 7C D0 1C 0 
ID: 440, Data: 8FE C3 28 A0 FF AA AA AA 
ID: 153, Data: 80 0 0 FF 0 FF 0 0 
ID: 316, Data: 841 2D A1 1D 31 21 28 7B 
ID: 316, Data: 841 2D B7 1D 31 21 28 7B 
ID: 43F, Data: 843 48 60 FF 7D F0 1C 0 
ID: 316, Data: 841 2F D9 1D 31 21 28 7B 
ID: 5F0, Data: 20 0 
ID: 329, Data: 8ED B1 80 8 11 37 A 26 
ID: 316, Data: 841 2F E5 1D 31 21 28 7B 
ID: 18F, Data: 8AA 3E 0 0 0 0 0 0 
ID: 316, Data: 841 30 F0 1D 31 20 28 7B 
ID: 153, Data: 80 0 0 FF 0 FF 0 0 
ID: A1, Data: 887 7B 87 7C 27 0 0 0 
ID: 316, Data: 841 30 13 1E 30 20 28 7B 
ID: 2A0, Data: 8A1 F 6E 18 32 0 11 0 
ID: 316, Data: 841 32 7 1E 30 20 28 7B 
ID: 153, Data: 80 0 0 FF 0 FF 0 0 
ID: 1F0, Data: 8CD 3F CD BF 0 0 0 0 
ID: 260, Data: 8B 31 30 30 5 FF D9 20 
ID: 18F, Data: 8AA 3F 0 0 0 0 0 0 
ID: 153, Data: 80 0 0 FF 0 FF 0 0 
ID: 43F, Data: 843 48 60 FF 7D 4C 1D 0 
ID: 545, Data: 8E4 65 0 8C 1C 1 1C 1 
ID: 153, Data: 80 0 0 FF 0 FF 0 0 
ID: 316, Data: 841 32 36 1E 2F 20 28 7B 
ID: 153, Data: 80 0 0 FF 0 FF 0 0 
ID: 280, Data: 830 0 88 B1 3C 1E 6E 55 
ID: 316, Data: 841 30 4D 1E 1D 20 29 7B 
ID: 43F, Data: 843 48 60 FF 7D 60 1D 0 
ID: 316, Data: 841 32 41 1E 19 20 29 7B 
ID: 153, Data: 80 0 0 FF 0 FF 0 0 
ID: 316, Data: 841 30 4D 1E 1A 21 29 7B 
ID: 316, Data: 841 2E 41 1E 1A 21 29 7B 
ID: 43F, Data: 843 48 60 FF 7D 84 1D 0 
ID: 1F0, Data: 8CC 3F CD BF 0 0 0 0 
ID: 43F, Data: 843 48 60 FF 7D 70 1D 0 
ID: 153, Data: 80 0 0 FF 0 FF 0 0 
ID: 316, Data: 841 20 74 1D 1B 22 29 7B 
ID: 316, Data: 841 1F 48 1D 1B 22 29 7B 
ID: 43F, Data: 843 48 60 FF 7D 44 1D 0 
ID: 316, Data: 841 1C FC 1C 1C 22 29 7B 
ID: 153, Data: 80 0 0 FF 0 FF 0 0 
ID: 1F0, Data: 8CB 3F CD BF 0 0 0 0 
ID: 316, Data: 841 18 5E 1C 1C 22 29 7B 
ID: 153, Data: 80 0 0 FF 0 FF 0 0 
ID: 43F, Data: 843 48 60 FF 7D 4C 1D 0 
ID: A1, Data: 885 80 82 7E 19 0 0 0 
ID: 43F, Data: 843 48 60 FF 7D 38 1D 0 
ID: 43F, Data: 843 48 60 FF 7D 30 1D 0 
ID: 18F, Data: 8AA 40 0 0 0 0 0 0 
ID: 316, Data: 841 24 35 1C 22 18 28 7B 
ID: 153, Data: 80 0 0 FF 0 FF 0 0 
ID: 280, Data: 830 0 88 B0 3A 17 6E 3C 
ID: 316, Data: 841 26 5E 1D 2C 18 28 7B 
ID: 153, Data: 80 0 0 FF 0 FF 0 0 
ID: 43F, Data: 843 48 60 FF 7C 8C 1D 0 
ID: 316, Data: 841 29 CE 1D 33 18 28 7B 
ID: 280, Data: 830 0 88 B0 3B 1A 6E 42 
ID: 316, Data: 841 2C D9 1D 34 18 28 7B 
ID: A0, Data: 837 7C E5 1D 29 2F 2 0 
ID: 43F, Data: 843 48 60 FF 7D 34 1D 0 
ID: 370, Data: 8FF DA F0 FF FF FF FF FF 
ID: 153, Data: 80 0 0 FF 0 FF 0 0 
ID: 280, Data: 830 0 88 B0 3D 1D 6E 50 
ID: 316, Data: 81 31 88 1E 32 17 28 7B 
ID: A1, Data: 883 7B 83 7C 27 0 0 0 
ID: 43F, Data: 843 48 60 FF 7C 48 1D 0 
ID: 43F, Data: 843 48 60 FF 7D 4C 1D 0 
ID: 440, Data: 8FE B3 28 A0 FF AA AA AA 
ID: 316, Data: 81 34 B8 1E 31 16 28 7B 
ID: 43F, Data: 843 48 60 FF 7D 6C 1D 0 
ID: 370, Data: 8FF DA F0 FF FF FF FF FF 
ID: A1, Data: 884 7B 83 7E 2B 0 0 0 
ID: 153, Data: 80 0 0 FF 0 FF 0 0 
ID: 316, Data: 81 31 D1 1E 1A 16 29 7B 
ID: 153, Data: 80 0 0 FF 0 FF 0 0 
ID: 153, Data: 80 0 0 FF 0 FF 0 0 
ID: 316, Data: 81 2D A0 1E 1B 17 29 7B 
ID: 153, Data: 80 0 0 FF 0 FF 0 0 
ID: 18F, Data: 8AA 3E 0 0 0 0 0 0 
ID: 316, Data: 81 27 88 1E 1D 18 29 7B 
ID: 43F, Data: 843 48 60 FF 7D D0 1D 0 
ID: 2A0, Data: 861 B 6E 18 32 0 11 0 
ID: 5F0, Data: 20 0 
ID: 316, Data: 81 22 41 1E 22 19 29 7B 
ID: 316, Data: 81 22 41 1E 22 19 29 7B 
ID: 260, Data: 8B 22 22 30 5 FF D1 27 
ID: 153, Data: 80 0 0 FF 0 FF 0 0 
ID: 280, Data: 830 0 88 B0 3C 14 6E 37 
ID: 316, Data: 81 20 13 1E 27 19 29 7B 
ID: A0, Data: 824 7C 13 1E 2A 2A 2 0 
ID: 316, Data: 81 22 7 1E 2D 19 29 7B 
ID: 316, Data: 81 25 2A 1E 2F 19 29 7B 
ID: 18F, Data: 8AA 3C 0 0 0 0 0 0 
ID: 316, Data: 81 28 59 1E 30 18 29 7B 
ID: 43F, Data: 843 48 60 FF 7D B8 1D 0 
ID: 316, Data: 81 2B 88 1E 2F 18 29 7B 
ID: 153, Data: 80 0 0 FF 0 FF 0 0 
ID: 153, Data: 80 0 0 FF 0 FF 0 0 
ID: 316, Data: 81 2C C4 1E 2F 18 29 7B 
ID: 153, Data: 80 0 0 FF 0 FF 0 0 
ID: 316, Data: 81 2E DD 1E 2F 18 29 7B 
ID: 316, Data: 81 2E F5 1E 2F 18 29 7B 
ID: 260, Data: 8B 2F 2F 30 5 FF DA 33 
ID: 316, Data: 81 2F 27 1F 2F 18 29 7B 
ID: 316, Data: 81 30 27 1F 2E 17 29 7B 
ID: 316, Data: 81 2F 27 1F 2E 17 29 7B 
ID: 316, Data: 81 2F 40 1F 2E 17 29 7B 
ID: 43F, Data: 843 48 60 FF 7C 24 1E 0 
ID: 43F, Data: 843 48 60 FF 7C 24 1E 0 
ID: 18F, Data: 8AA 3A 0 0 0 0 0 0 
ID: 153, Data: 80 0 0 FF 0 FF 0 0 
ID: 316, Data: 81 31 59 1F 2E 17 2A 7B 
ID: A0, Data: 835 7C 40 1F 2A 2E 2 0 
ID: 316, Data: 81 30 4C 1F 2E 17 2A 7B 
ID: 316, Data: 81 2F 59 1F 2E 17 2A 7B 
ID: 153, Data: 80 0 0 FF 0 FF 0 0 
ID: 316, Data: 81 30 65 1F 2E 17 2A 7B 
ID: 153, Data: 80 0 0 FF 0 FF 0 0 
ID: 280, Data: 830 0 88 B0 3E 1E 6E 52 
ID: 316, Data: 81 31 59 1F 28 17 2A 7B 
ID: 43F, Data: 843 48 60 FF 7C 6C 1E 0 
ID: 316, Data: 81 2E 65 1F 10 17 2A 7B 
ID: 153, Data: 80 0 0 FF 0 FF 0 0 
ID: 316, Data: 81 2F 65 1F 10 18 2A 7B 
ID: 153, Data: 80 0 0 FF 0 FF 0 0 
ID: 316, Data: 81 27 40 1F 11 18 2A 7B 
ID: 316, Data: 81 24 27 1F 11 19 2A 7B 
ID: 153, Data: 80 0 0 FF 0 FF 0 0 
ID: 43F, Data: 843 48 60 FF 7C 80 1E 0 
ID: 153, Data: 80 0 0 FF 0 FF 0 0 
ID: 316, Data: 81 1C 7C 1E 12 19 2A 7B 
ID: 316, Data: 81 1B 70 1E 14 19 2A 7B 
ID: A0, Data: 81A 7C 59 1E 2B 27 2 0 
ID: 316, Data: 81 1A 2A 1E 18 19 2A 7B 
ID: 316, Data: 81 1A 13 1E 1D 19 2A 7B 
ID: 153, Data: 80 0 0 FF 0 FF 0 0 
ID: 316, Data: 81 1B FC 1D 2C 19 2A 7B 
ID: 153, Data: 80 0 0 FF 0 FF 0 0 
ID: 329, Data: 884 B0 80 8 11 36 C 26 
ID: 316, Data: 81 26 B8 1E 2F 19 2A 7B 
ID: 260, Data: 8B 28 2F 30 5 FF D2 32 
ID: 43F, Data: 843 48 60 FF 7D F0 1E 0 
ID: 316, Data: 81 2A 59 1F 2E 18 2A 7B 
ID: 153, Data: 80 0 0 FF 0 FF 0 0 
ID: 316, Data: 81 2C 65 1F 2F 18 2A 7B 
ID: 153, Data: 80 0 0 FF 0 FF 0 0 
ID: 2A0, Data: 861 A 6E 18 32 0 11 0 
ID: 316, Data: 81 2E 72 1F 2E 18 2A 7B 
ID: 280, Data: 830 0 88 AF 3F 1C 6E 4B 
ID: 43F, Data: 843 48 60 FF 7C 88 1E 0 
ID: 316, Data: 81 2F 8B 1F 2E 18 2A 7B 
ID: 316, Data: 81 2F 98 1F 2E 18 2A 7B 
ID: 316, Data: 81 2F 98 1F 2E 17 2A 7B 
ID: 43F, Data: 843 48 60 FF 7C A4 1E 0 
ID: 43F, Data: 843 48 60 FF 7C AC 1E 0 
ID: 153, Data: 80 0 0 FF 0 FF 0 0 
ID: 153, Data: 80 0 0 FF 0 FF 0 0 
ID: 316, Data: 81 2F D8 1F 2E 17 2A 7B 
ID: 370, Data: 8FF DB F0 FF FF FF FF FF 
ID: 5F0, Data: 20 0 
ID: 153, Data: 80 0 0 FF 0 FF 0 0 
ID: 43F, Data: 843 48 60 FF 7C C8 1E 0 
ID: 2A0, Data: 8A1 A 6E 18 32 0 11 0 
ID: 43F, Data: 843 48 60 FF 7C D0 1E 0 
ID: 43F, Data: 843 48 60 FF 7C E4 1E 0 
ID: 2A0, Data: 8A1 A 6E 18 32 0 11 0 
ID: 316, Data: 81 30 E5 1F 2E 17 2B 7B 
ID: 316, Data: 81 2F F2 1F 1E 17 2B 7B 
ID: 43F, Data: 843 48 60 FF 7C EC 1E 0 
ID: 316, Data: 81 2F 0 20 10 17 2B 7B 
ID: A1, Data: 880 7B 7E 7C 26 0 0 0 
ID: 153, Data: 80 0 0 FF 0 FF 0 0 
ID: 316, Data: 81 28 BE 1F 11 18 2B 7B 
ID: 153, Data: 80 0 0 FF 0 FF 0 0 
ID: 316, Data: 81 22 65 1F 11 19 2B 7B 
ID: 316, Data: 81 20 27 1F 21 19 2B 7B 
ID: 2A0, Data: 861 9 6E 18 32 0 11 0 
ID: 43F, Data: 843 48 60 FF 7C F8 1E 0 
ID: 153, Data: 80 0 0 FF 0 FF 0 0 
ID: A0, Data: 829 7C F5 1E 2B 2C 2 0 
ID: 329, Data: 884 AF 80 8 11 37 E 26 
ID: A0, Data: 832 7C A5 1F 2B 2E 2 0 
ID: 440, Data: 8FE C3 2B A0 FF AA AA AA 
ID: 153, Data: 80 0 0 FF 0 FF 0 0 
ID: 316, Data: 81 2D D 20 30 18 2B 7B 
ID: 260, Data: 8B 2E 30 30 5 FF D9 24 
ID: 153, Data: 80 0 0 FF 0 FF 0 0 
ID: 316, Data: 81 2F 1A 20 30 18 2B 7B 
ID: 153, Data: 80 0 0 FF 0 FF 0 0 
ID: 316, Data: 81 30 34 20 30 17 2B 7B 
ID: 5F0, Data: 20 0 
ID: A0, Data: 837 7C 4F 20 2C 2F 2 0 
ID: A0, Data: 837 7C 4F 20 2C 2F 2 0 
ID: 43F, Data: 843 48 60 FF 7C 50 1F 0 
ID: 43F, Data: 843 48 60 FF 7C 54 1F 0 
ID: 280, Data: 830 0 88 AF 40 1F 6E 57 
ID: 316, Data: 81 32 92 20 35 17 2B 7B 
ID: 316, Data: 81 33 A0 20 35 17 2B 7B 
ID: 43F, Data: 843 48 60 FF 7C 78 1F 0 
ID: 316, Data: 81 35 BB 20 35 16 2B 7B 
ID: 153, Data: 80 0 0 FF 0 FF 0 0 
ID: 153, Data: 80 0 0 FF 0 FF 0 0 
ID: 316, Data: 81 36 F2 20 34 16 2C 7B 
ID: 153, Data: 80 0 0 FF 0 FF 0 0 
ID: 316, Data: 81 36 1C 21 34 16 2C 7B 
ID: 153, Data: 80 0 0 FF 0 FF 0 0 
ID: 316, Data: 81 37 1C 21 34 16 2C 7B 
ID: 316, Data: 81 37 E 21 34 16 2C 7B 
ID: 153, Data: 80 0 0 FF 0 FF 0 0 
ID: 316, Data: 81 37 38 21 34 16 2C 7B 
ID: 153, Data: 80 0 0 FF 0 FF 0 0 
ID: 316, Data: 81 37 55 21 34 16 2C 7B 
ID: 316, Data: 81 37 63 21 34 16 2C 7B 
ID: 280, Data: 830 0 88 AF 43 21 6E 5F 
ID: 43F, Data: 843 48 60 FF 7C 54 20 0 
ID: 545, Data: 8E4 77 0 8C 53 2 53 2 
ID: 153, Data: 80 0 0 FF 0 FF 0 0 
ID: 316, Data: 81 33 9D 21 F 17 2C 7B 
ID: 153, Data: 80 0 0 FF 0 FF 0 0 
ID: 316, Data: 81 2B 2A 21 10 18 2D 7B 
ID: 316, Data: 81 28 E5 20 10 18 2D 7B 
ID: 316, Data: 81 24 AE 20 11 19 2D 7B 
ID: 43F, Data: 843 48 60 FF 7C 40 20 0 
ID: 329, Data: 884 AF 80 8 11 2F 0 26 
ID: 316, Data: 81 1D 27 20 12 19 2D 7B 
ID: 316, Data: 81 1C D 20 12 19 2D 7B 
ID: 43F, Data: 843 48 60 FF 7C 0 20 0 
ID: 43F, Data: 843 48 60 FF 7C C0 1F 0 
ID: 370, Data: 8FF DE F0 FF FF FF FF FF 
ID: 153, Data: 80 0 0 FF 0 FF 0 0 
ID: 316, Data: 81 17 F5 1E 12 1A 2C 7B 
ID: 153, Data: 80 0 0 FF 0 FF 0 0 
ID: 18F, Data: 8AA 35 0 0 0 0 0 0 
ID: 329, Data: 8ED AF 80 8 11 2F 0 26 
ID: 316, Data: 81 13 B8 1E 12 1A 2C 7B 
ID: 260, Data: 8B 12 13 30 5 FF 77 28 
ID: 153, Data: 80 0 0 FF 0 FF 0 0 
ID: 316, Data: 81 14 2A 1E 13 19 2C 7B 
ID: 316, Data: 81 15 FC 1D 15 19 2C 7B 
ID: 545, Data: 8E4 37 0 8C 24 0 24 0 
ID: 370, Data: 8FF DE F0 FF FF FF FF FF 
ID: 440, Data: 8FE C3 2B A0 FF AA AA AA 
ID: 153, Data: 80 0 0 FF 0 FF 0 0 
ID: 316, Data: 81 21 7E 1F 26 19 2C 7B 
ID: 153, Data: 80 0 0 FF 0 FF 0 0 
ID: 153, Data: 80 0 0 FF 0 FF 0 0 
ID: 280, Data: 830 0 88 AF 3F 16 6E 3A 
ID: 316, Data: 81 25 D 20 2B 19 2B 7B 
ID: 153, Data: 80 0 0 FF 0 FF 0 0 
ID: 153, Data: 80 0 0 FF 0 FF 0 0 
ID: 316, Data: 81 27 4F 20 2B 19 2B 7B 
ID: 2A0, Data: 8A1 9 6E 18 32 0 11 0 
ID: 316, Data: 81 28 4F 20 2C 19 2B 7B 
ID: 316, Data: 81 28 42 20 2D 19 2C 7B 
ID: 43F, Data: 843 48 60 FF 7C 70 1F 0 
ID: 316, Data: 81 2A 34 20 2D 18 2C 7B 
ID: A1, Data: 880 7B 7D 7C 20 0 0 0 
ID: 153, Data: 80 0 0 FF 0 FF 0 0 
ID: 316, Data: 81 2B 5C 20 2D 18 2C 7B 
ID: 153, Data: 80 0 0 FF 0 FF 0 0 
ID: 316, Data: 81 2B 77 20 2F 18 2C 7B 
ID: 316, Data: 81 2C 85 20 30 18 2C 7B 
ID: A1, Data: 882 7B 80 7C 22 0 0 0 
ID: 43F, Data: 843 48 60 FF 7C 90 1F 0 
ID: 153, Data: 80 0 0 FF 0 FF 0 0 
ID: A1, Data: 881 7B 80 7C 23 0 0 0 
ID: 316, Data: 81 2E A0 20 30 18 2C 7B 
ID: 1F1, Data: 80 41 59 A1 15 62 41 16 
ID: 43F, Data: 843 48 60 FF 7C 98 1F 0 
ID: 316, Data: 81 30 A0 20 30 17 2C 7B 
ID: 316, Data: 81 30 AE 20 2F 17 2C 7B 
ID: 316, Data: 81 31 A0 20 2F 17 2C 7B 
ID: 370, Data: 8FF DE F0 FF FF FF FF FF 
ID: 316, Data: 81 31 AE 20 2F 17 2C 7B 
ID: 153, Data: 80 0 0 FF 0 FF 0 0 
ID: 153, Data: 80 0 0 FF 0 FF 0 0 
ID: 43F, Data: 843 48 60 FF 7C BC 1F 0 
ID: 153, Data: 80 0 0 FF 0 FF 0 0 
ID: 316, Data: 81 30 D7 20 2F 17 2C 7B 
ID: 316, Data: 81 30 E5 20 2F 17 2C 7B 
ID: 260, Data: 8B 31 2F 30 5 FF DA 21 
ID: 43F, Data: 843 48 60 FF 7D DC 1F 0 
ID: 316, Data: 81 30 F2 20 2F 17 2C 7B 
ID: 5F0, Data: 20 0 
ID: 316, Data: 81 31 F2 20 2F 17 2C 7B 
ID: 43F, Data: 843 48 60 FF 7C FC 1F 0 
ID: 18F, Data: 8AA 34 0 0 0 0 0 0 
ID: 153, Data: 80 0 0 FF 0 FF 0 0 
ID: 316, Data: 81 30 0 21 2F 17 2C 7B 
ID: 43F, Data: 843 48 60 FF 7C 4 20 0 
ID: 316, Data: 81 30 E 21 30 17 2C 7B 
ID: 316, Data: 81 30 0 21 30 17 2C 7B 
ID: 153, Data: 80 0 0 FF 0 FF 0 0 
ID: 316, Data: 81 2F E 21 30 17 2C 7B 
ID: 153, Data: 80 0 0 FF 0 FF 0 0 
ID: 316, Data: 81 30 E 21 30 17 2C 7B 
ID: 153, Data: 80 0 0 FF 0 FF 0 0 
ID: 153, Data: 80 0 0 FF 0 FF 0 0 
ID: 316, Data: 81 30 1C 21 30 17 2C 7B 
ID: 43F, Data: 843 48 60 FF 7D 18 20 0 
ID: 316, Data: 81 30 2A 21 2F 17 2C 7B 
ID: 153, Data: 80 0 0 FF 0 FF 0 0 
ID: 153, Data: 80 0 0 FF 0 FF 0 0 
ID: 316, Data: 81 30 38 21 2F 17 2C 7B 
ID: 153, Data: 80 0 0 FF 0 FF 0 0 
ID: 316, Data: 81 30 2A 21 2F 17 2C 7B 
ID: 153, Data: 80 0 0 FF 0 FF 0 0 
ID: 1F1, Data: 80 96 64 1 16 68 91 16 
ID: 316, Data: 81 30 47 21 29 17 2C 7B 
ID: A0, Data: 835 7C 38 21 2D 2F 2 0 
ID: 316, Data: 81 30 47 21 26 17 2D 7B 
ID: 316, Data: 81 2F 47 21 26 17 2D 7B 
ID: 43F, Data: 843 48 60 FF 7C 50 20 0 
ID: 5F0, Data: 20 0 
ID: A1, Data: 880 7B 83 7C 26 0 0 0 
ID: 260, Data: 8B 2E 27 30 5 FF D9 0 
ID: A1, Data: 880 7B 81 7C 24 0 0 0 
ID: 43F, Data: 843 48 60 FF 7C 58 20 0 
ID: 153, Data: 80 0 0 FF 0 FF 0 0 
ID: 153, Data: 80 0 0 FF 0 FF 0 0 
ID: 316, Data: 81 2A 0 21 27 18 2D 7B 
ID: 153, Data: 80 0 0 FF 0 FF 0 0 
ID: 316, Data: 81 28 0 21 27 18 2D 7B 
ID: 153, Data: 80 0 0 FF 0 FF 0 0 
ID: 316, Data: 81 28 0 21 27 19 2D 7B 
ID: 316, Data: 81 28 F2 20 27 19 2D 7B 
ID: 545, Data: 8E4 51 0 8D 7 1 7 1 
ID: 43F, Data: 843 48 60 FF 7C 60 20 0 
ID: 153, Data: 80 0 0 FF 0 FF 0 0 
ID: 316, Data: 81 27 E 21 27 19 2D 7B 
ID: 316, Data: 81 27 E 21 27 19 2D 7B 
ID: 280, Data: 830 0 88 AF 42 18 6E 40 
ID: 43F, Data: 843 48 60 FF 7C 7C 20 0 
ID: 316, Data: 81 26 2A 21 27 19 2D 7B 
ID: 153, Data: 80 0 0 FF 0 FF 0 0 
ID: 316, Data: 81 26 E 21 27 19 2D 7B 
ID: 153, Data: 80 0 0 FF 0 FF 0 0 
ID: 316, Data: 81 26 0 21 27 19 2D 7B 
ID: 1F1, Data: 80 A7 63 11 16 6B C1 16 
ID: 153, Data: 80 0 0 FF 0 FF 0 0 
ID: 43F, Data: 843 48 60 FF 7C 5C 20 0 
ID: A1, Data: 87D 7B 80 7C 1E 0 0 0 
ID: 316, Data: 81 26 0 21 27 19 2D 7B 
ID: 316, Data: 81 26 F2 20 27 19 2D 7B 
ID: 545, Data: 8E4 4F 0 8D E9 0 E9 0 
ID: 316, Data: 81 26 E5 20 27 19 2D 7B 
ID: 316, Data: 81 26 E5 20 27 19 2D 7B 
ID: 260, Data: 8B 26 23 30 5 FF D6 2D 
ID: 316, Data: 81 26 E5 20 11 19 2D 7B 
ID: 316, Data: 81 26 0 21 11 19 2D 7B 
ID: 316, Data: 81 25 F2 20 11 19 2D 7B 
ID: 316, Data: 81 23 0 21 11 19 2D 7B 
ID: A0, Data: 828 7C 0 21 2D 2C 2 0 
ID: 43F, Data: 843 48 60 FF 7C 48 20 0 
ID: 153, Data: 80 0 0 FF 0 FF 0 0 
ID: 280, Data: 830 0 84 AF 40 11 6E 33 
ID: 316, Data: 81 1B 1A 20 12 19 2D 7B 
ID: 43F, Data: 843 48 60 FF 7C 8 20 0 
ID: 316, Data: 81 1A E5 1F 12 1A 2D 7B 
ID: 545, Data: 8E4 36 0 8D F2 FF F2 FF 
ID: 153, Data: 80 0 0 FF 0 FF 0 0 
ID: 316, Data: 81 17 72 1F 12 1A 2C 7B 
ID: 153, Data: 80 0 0 FF 0 FF 0 0 
ID: 260, Data: 8B 15 12 30 5 FF 93 37 
ID: 329, Data: 840 AF 80 8 11 2F 0 26 
ID: 43F, Data: 843 48 60 FF 7C F8 1F 0 
ID: 43F, Data: 843 48 60 FF 7C D8 1F 0 
ID: 260, Data: 8B 12 13 30 5 FF 78 9 
ID: 316, Data: 81 13 A0 1E 12 19 2C 7B 
ID: 316, Data: 81 14 7C 1E 12 19 2C 7B 
ID: A1, Data: 883 80 83 7E 16 0 0 0 
ID: 440, Data: 8FE C3 2C A0 FF AA AA AA 
ID: 43F, Data: 843 48 60 FF 7C 98 1F 0 
ID: 153, Data: 80 0 0 FF 0 FF 0 0 
ID: 316, Data: 81 16 53 1D 13 19 2C 7B 
ID: 153, Data: 80 0 0 FF 0 FF 0 0 
ID: 545, Data: 8E4 3B 0 8D DD FF DD FF 
ID: 316, Data: 81 17 BC 1C 13 19 2C 7B 
ID: 43F, Data: 843 48 60 FF 7C 48 1F 0 
ID: 43F, Data: 843 48 60 FF 7C 30 1F 0 
ID: 260, Data: 8B 17 13 30 5 FF 60 1C 
ID: 316, Data: 81 17 68 1C 13 19 2B 7B 
ID: 316, Data: 81 16 68 1C 13 19 2B 7B 
ID: 43F, Data: 843 48 60 FF 7C EC 1E 0 
ID: 316, Data: 89 16 C 1C 13 19 2B 7B 
ID: 153, Data: 80 0 0 FF 0 FF 0 0 
ID: 153, Data: 80 0 0 FF 0 FF 0 0 
ID: 316, Data: 89 13 6F 1B 13 19 2B 7B 
ID: 370, Data: 8FF E0 F0 FF FF FF FF FF 
ID: 5F0, Data: 20 0 
ID: 153, Data: 80 0 0 FF 0 FF 0 0 
ID: A0, Data: 824 7C 19 1B 2B 28 4 0 
ID: 545, Data: 8E4 22 0 8D 54 FF 54 FF 
ID: 43F, Data: 843 48 60 FF 7C 40 1E 0 
ID: 370, Data: 8FF E0 F0 FF FF FF FF FF 
ID: A0, Data: 822 7C 19 1B 2B 28 4 0 
ID: 316, Data: 89 B E4 1B 13 19 2A 7B 
ID: 316, Data: 89 7 35 1C 13 19 2A 7B 
ID: 43F, Data: 843 48 60 FF 7C F0 1D 0 
ID: 370, Data: 8FF E0 F0 FF FF FF FF FF 
ID: 545, Data: 8E4 8 0 8D 7B FE 7B FE 
ID: 316, Data: 89 3 FC 1C 13 19 29 7B 
ID: 329, Data: 8ED AF 80 8 11 30 0 26 
ID: 43F, Data: 843 48 60 FF 7C 64 1D 0 
ID: 316, Data: 89 0 27 1D 13 19 29 7B 
ID: 545, Data: 8E4 0 0 8D 3D FE 3D FE 
ID: 153, Data: 80 0 0 FF 0 FF 0 0 
ID: 316, Data: 89 0 FC 1C 12 19 29 7B 
ID: 153, Data: 80 0 0 FF 0 FF 0 0 
ID: 316, Data: 89 0 DC 1C 12 19 28 7B 
ID: 5F0, Data: 20 0 
ID: 1F0, Data: 8CD 3F CD BF 0 0 0 0 
ID: 316, Data: 89 0 49 1C 12 19 28 7B 
ID: 153, Data: 80 0 0 FF 0 FF 0 0 
ID: 43F, Data: 843 48 60 FF 7C BC 1C 0 
ID: 2A0, Data: 820 4 6E 18 32 0 11 0 
ID: 43F, Data: 843 48 60 FF 7C A4 1C 0 
ID: 43F, Data: 843 48 60 FF 7C 84 1C 0 
ID: 18F, Data: 8AA 33 0 0 0 0 0 0 
ID: 316, Data: 89 0 23 1B 13 19 27 7B 
ID: 153, Data: 80 0 0 FF 0 FF 0 0 
ID: 316, Data: 89 0 19 1B 14 18 27 7B 
ID: 153, Data: 80 0 0 FF 0 FF 0 0 
ID: 316, Data: 89 0 23 1B 14 19 27 7B 
ID: 316, Data: 89 0 19 1B 14 19 27 7B 
ID: 329, Data: 840 AF 80 8 11 31 0 26 
ID: 1F1, Data: 80 74 30 21 13 38 91 13 
ID: 1F1, Data: 80 85 31 D1 12 38 71 13 
ID: 280, Data: 830 0 20 AF 35 15 6E 3A 
ID: 316, Data: 89 0 B3 1A 14 19 26 7B 
ID: 280, Data: 830 0 20 AF 35 15 6E 3A 
ID: 316, Data: 89 0 86 1A 14 19 26 7B 
ID: 316, Data: 89 0 7D 1A 14 19 26 7B 
ID: 280, Data: 830 0 20 AF 34 15 6E 3A 
ID: 316, Data: 89 0 6B 1A 1D 22 26 7B 
ID: 316, Data: 89 0 74 1A 1D 22 26 7B 
ID: 18F, Data: 8AA 33 0 0 0 0 0 0 
ID: 316, Data: 89 0 D8 1A 1D 22 26 7B 
ID: 153, Data: 80 0 0 FF 0 FF 0 0 
ID: 316, Data: 89 0 10 1B 1D 22 25 7B 
ID: 153, Data: 80 0 0 FF 0 FF 0 0 
ID: 153, Data: 80 0 0 FF 0 FF 0 0 
ID: 316, Data: 89 0 8F 1A 1D 22 25 7B 
ID: 43F, Data: 843 48 60 FF 7C A8 1A 0 
ID: 316, Data: 849 0 59 1A 1D 22 25 7B 
ID: A0, Data: 82B 7C 24 1A 25 2A 4 0 
ID: 153, Data: 80 0 0 FF 0 FF 0 0 
ID: 316, Data: 849 0 C0 18 1D 22 25 7B 
ID: 153, Data: 80 0 0 FF 0 FF 0 0 
ID: 2A0, Data: 8E0 3 6E 18 32 0 11 0 
ID: 316, Data: 849 0 E5 17 1E 21 24 7B 
ID: 280, Data: 830 0 20 AF 2F 19 6E 43 
ID: 43F, Data: 843 48 60 FF 7C E8 19 0 
ID: 440, Data: 8FE 13 24 A0 FF AA AA AA 
ID: 316, Data: 849 0 A4 17 1E 21 24 7B 
ID: 280, Data: 830 0 20 AF 2F 19 6E 43 
ID: 43F, Data: 843 48 60 FF 7C A0 19 0 
ID: 316, Data: 849 0 C7 17 1E 21 23 7B 
ID: 153, Data: 80 0 0 FF 0 FF 0 0 
ID: 153, Data: 80 0 0 FF 0 FF 0 0 
ID: 316, Data: 849 0 DD 17 1E 22 23 7B 
ID: 153, Data: 80 0 0 FF 0 FF 0 0 
ID: 316, Data: 849 0 DD 17 1D 22 23 7B 
ID: 5F0, Data: 20 0 
ID: 260, Data: 80 0 1E 30 5 FF 4F 26 
ID: 2A0, Data: 820 2 6E 18 32 0 11 0 
ID: 43F, Data: 843 48 60 FF 7C BC 18 0 
ID: 153, Data: 80 0 0 FF 0 FF 0 0 
ID: 316, Data: 849 0 DD 17 1D 22 22 7B 
ID: 43F, Data: 843 48 60 FF 7C 78 18 0 
ID: 2A0, Data: 8E0 2 6E 18 32 0 11 0 
ID: 153, Data: 80 0 0 FF 0 FF 0 0 
ID: 316, Data: 849 0 C0 17 1E 22 22 7B 
ID: 153, Data: 80 0 0 FF 0 FF 0 0 
ID: 2A0, Data: 880 2 6E 18 32 0 11 0 
ID: 316, Data: 849 0 80 17 1E 22 21 7B 
ID: 153, Data: 80 0 0 FF 0 FF 0 0 
ID: 316, Data: 841 14 41 17 45 21 21 7B 
ID: 153, Data: 80 0 0 FF 0 FF 0 0 
ID: 316, Data: 841 24 4F 17 47 21 21 7B 
ID: 316, Data: 841 2D DB 16 47 21 21 7B 
ID: 43F, Data: 843 48 60 FF 7C DC 17 0 
ID: 316, Data: 841 31 54 18 45 20 21 7B 
ID: 153, Data: 80 0 0 FF 0 FF 0 0 
ID: 316, Data: 841 36 7A 19 44 20 21 7B 
ID: 316, Data: 841 37 B4 19 36 1F 21 7B 
ID: 43F, Data: 843 48 60 FF 7C D4 17 0 
ID: 316, Data: 841 38 C5 19 19 1F 21 7B 
ID: 153, Data: 80 0 0 FF 0 FF 0 0 
ID: 316, Data: 841 38 93 19 19 1F 21 7B 
ID: 316, Data: 841 37 8A 19 1A 20 21 7B 
ID: 43F, Data: 843 48 60 FF 7C CC 17 0 
ID: 316, Data: 841 30 38 19 1B 21 21 7B 
ID: 153, Data: 80 0 0 FF 0 FF 0 0 
ID: 316, Data: 841 28 82 18 1C 21 21 7B 
ID: 316, Data: 841 25 45 18 1D 21 21 7B 
ID: 153, Data: 80 0 0 FF 0 FF 0 0 
ID: 316, Data: 841 21 C7 17 1D 22 21 7B 
ID: 316, Data: 841 1F 9C 17 1D 22 21 7B 
ID: 153, Data: 80 0 0 FF 0 FF 0 0 
ID: 316, Data: 841 1C 56 17 1E 22 21 7B 
ID: 316, Data: 841 1A 18 17 1E 22 21 7B 
ID: 5F0, Data: 20 0 
ID: 316, Data: 841 1A 99 16 1F 22 21 7B 
ID: 153, Data: 80 0 0 FF 0 FF 0 0 
ID: 316, Data: 841 1A 52 16 1F 22 21 7B 
ID: 43F, Data: 843 48 60 FF 7C A0 17 0 
ID: 316, Data: 841 1B 32 16 1F 22 21 7B 
ID: 153, Data: 80 0 0 FF 0 FF 0 0 
ID: 316, Data: 841 1D E1 15 1F 22 20 7B 
ID: 316, Data: 841 1E BD 15 1F 22 20 7B 
ID: 43F, Data: 843 48 60 FF 7C 60 17 0 
ID: 153, Data: 80 0 0 FF 0 FF 0 0 
ID: 43F, Data: 843 48 60 FF 7C 4C 17 0 
ID: 2A0, Data: 8E0 3 6E 18 32 0 11 0 
ID: 316, Data: 841 20 99 15 1F 22 20 7B 
ID: 316, Data: 841 20 81 15 1F 22 20 7B 
ID: 43F, Data: 843 48 60 FF 7C 1C 17 0 
ID: 316, Data: 841 1F 93 15 1F 22 20 7B 
ID: 153, Data: 80 0 0 FF 0 FF 0 0 
ID: 316, Data: 841 1F 18 15 20 22 20 7B 
ID: 316, Data: 841 1F 7 15 20 22 20 7B 
ID: 153, Data: 80 0 0 FF 0 FF 0 0 
ID: 316, Data: 841 1F 98 14 20 22 20 7B 
ID: 5F0, Data: 20 0 
ID: A1, Data: 880 80 80 7E 1E 0 0 0 
ID: 18F, Data: 8AA 3E 0 0 0 0 0 0 
ID: A0, Data: 82F 7C 63 14 20 28 4 0 
ID: 329, Data: 884 AF 80 8 11 30 0 26 
ID: A0, Data: 831 7C 9B 13 20 28 4 0 
ID: 43F, Data: 843 48 60 FF 7C 90 16 0 
ID: 316, Data: 849 1C 3F 12 23 22 1F 7B 
ID: 2A0, Data: 880 2 6E 18 32 0 11 0 
ID: 316, Data: 849 1D E7 11 23 22 1F 7B 
ID: 316, Data: 849 17 CF 11 23 22 1F 7B 
ID: 43F, Data: 843 48 60 FF 7C 2C 16 0 
ID: 2A0, Data: 840 2 6E 18 32 0 11 0 
ID: 153, Data: 80 0 0 FF 0 FF 0 0 
ID: 316, Data: 849 17 E2 12 21 21 1F 7B 
ID: 153, Data: 80 0 0 FF 0 FF 0 0 
ID: 2A0, Data: 8E0 2 6E 18 32 0 11 0 
ID: 316, Data: 849 10 19 14 20 21 1E 7B 
ID: 18F, Data: 8AA 3E 0 0 0 0 0 0 
ID: 316, Data: 849 10 E0 14 20 22 1E 7B 
ID: 153, Data: 80 0 0 FF 0 FF 0 0 
ID: 260, Data: 80 A 1F 30 5 FF 4E 1D 
ID: 316, Data: 849 A 41 15 1F 22 1E 7B 
ID: 260, Data: 80 A 20 30 5 FF 4E 39 
ID: 43F, Data: 843 48 60 FF 7C 4 15 0 
ID: 43F, Data: 843 48 60 FF 7C 14 15 0 
ID: 440, Data: 8FE 13 1D A0 FF AA AA AA 
ID: 316, Data: 849 5 B4 14 20 22 1D 7B 
ID: 260, Data: 80 5 20 30 5 FF 4E 2F 
ID: 440, Data: 8FE 63 1C A0 FF AA AA AA 
ID: 316, Data: 849 0 43 14 20 22 1D 7B 
ID: 153, Data: 80 0 0 FF 0 FF 0 0 
ID: 316, Data: 849 0 0 14 20 22 1C 7B 
ID: 316, Data: 849 0 E1 13 20 22 1C 7B 
ID: 316, Data: 849 0 C8 13 21 21 1C 7B 
ID: 43F, Data: 843 48 60 FF 7C 34 14 0 
ID: 316, Data: 849 0 A5 13 21 21 1C 7B 
ID: 153, Data: 80 0 0 FF 0 FF 0 0 
ID: 316, Data: 849 0 8C 13 21 21 1C 7B 
ID: 153, Data: 80 0 0 FF 0 FF 0 0 
ID: 280, Data: 830 0 20 AF 26 1A 6E 45 
ID: 316, Data: 849 0 66 13 21 21 1B 7B 
ID: A0, Data: 830 7C 74 13 1C 28 4 0 
ID: 43F, Data: 843 48 60 FF 7C 88 13 0 
ID: 370, Data: 8FF DE F0 FF FF FF FF FF 
ID: A1, Data: 880 80 80 7E 21 0 0 0 
ID: 316, Data: 849 0 D9 12 21 21 1B 7B 
ID: 329, Data: 8ED AF 80 8 11 2F 0 26 
ID: 43F, Data: 843 48 60 FF 7C 14 13 0 
ID: 440, Data: 8FE 13 1A A0 FF AA AA AA 
ID: A0, Data: 831 7C 7B 12 1B 28 4 0 
ID: 316, Data: 849 0 2E 12 22 21 1A 7B 
ID: 545, Data: 8E4 0 0 8C AA FD AA FD 
ID: 43F, Data: 843 48 60 FF 7C B4 12 0 
ID: 316, Data: 849 0 CF 11 22 21 1A 7B 
ID: 153, Data: 80 0 0 FF 0 FF 0 0 
ID: 316, Data: 849 0 97 11 22 21 1A 7B 
ID: 153, Data: 80 0 0 FF 0 FF 0 0 
ID: 280, Data: 830 0 20 AF 22 1B 6E 48 
ID: 316, Data: 849 0 50 11 23 21 1A 7B 
ID: 43F, Data: 843 48 60 FF 7C 1C 12 0 
ID: 43F, Data: 843 48 60 FF 7C FC 11 0 
ID: 18F, Data: 8AA 3F 0 0 0 0 0 0 
ID: 153, Data: 80 0 0 FF 0 FF 0 0 
ID: 316, Data: 849 0 E7 10 23 22 19 7B 
ID: 43F, Data: 843 48 60 FF 7C B8 11 0 
ID: 316, Data: 849 0 CE 10 24 22 19 7B 
ID: 18F, Data: 8AA 3E 0 0 0 0 0 0 
ID: 153, Data: 80 0 0 FF 0 FF 0 0 
ID: 153, Data: 80 0 0 FF 0 FF 0 0 
ID: 260, Data: 80 0 24 38 5 FF 4E A 
ID: 329, Data: 8ED AF 80 8 11 2E 0 26 
ID: 280, Data: 830 0 4 AF 21 1B 6E 49 
ID: 316, Data: 841 12 64 10 24 22 18 7B 
ID: 316, Data: 841 12 3F 10 24 22 18 7B 
ID: 153, Data: 80 0 0 FF 0 FF 0 0 
ID: 43F, Data: 843 48 60 FF 7C EC 10 0 
ID: 316, Data: 841 20 BF E 26 22 18 7B 
ID: 2A0, Data: 840 1 6E 18 32 0 11 0 
ID: 316, Data: 841 27 3E F 26 22 18 7B 
ID: 316, Data: 841 27 5E E 27 22 17 7B 
ID: A1, Data: 880 80 80 7E 23 0 0 0 
ID: 43F, Data: 843 48 60 FF 7C 90 10 0 
ID: 153, Data: 80 0 0 FF 0 FF 0 0 
ID: A1, Data: 880 80 80 7E 24 0 0 0 
ID: 329, Data: 840 B0 80 8 11 2E 0 26 
ID: 545, Data: 8E4 36 0 8C 3D 0 3D 0 
ID: 153, Data: 80 0 0 FF 0 FF 0 0 
ID: 43F, Data: 843 48 60 FF 7C 60 10 0 
ID: 1F0, Data: 8F2 3F CD BF 0 0 0 0 
ID: 43F, Data: 843 48 60 FF 7C 3C 10 0 
ID: 43F, Data: 843 48 60 FF 7C 34 10 0 
ID: 153, Data: 80 0 0 FF 0 FF 0 0 
ID: 153, Data: 80 0 0 FF 0 FF 0 0 
ID: 5F0, Data: 20 0 
ID: 43F, Data: 843 48 60 FF 7C 8 10 0 
ID: A1, Data: 881 80 8F 7E 22 0 0 0 
ID: 153, Data: 80 0 0 FF 0 FF 0 0 
ID: 316, Data: 841 24 E1 E 1E 19 17 7B 
ID: 153, Data: 80 0 0 FF 0 FF 0 0 
ID: 316, Data: 841 23 CA E 1F 19 16 7B 
ID: 316, Data: 841 22 A6 E 1F 1A 16 7B 
ID: A1, Data: 882 80 90 7E 21 0 0 0 
ID: 316, Data: 841 21 41 E 20 1A 16 7B 
ID: 316, Data: 841 21 13 E 20 1A 16 7B 
ID: 2A0, Data: 880 0 6E 18 32 0 11 0 
ID: 316, Data: 81 20 DE D 20 1A 16 7B 
ID: 316, Data: 81 20 10 E 1F 1A 16 7B 
ID: 1F0, Data: 8A 40 CD BF 0 0 0 0 
ID: 153, Data: 80 0 0 FF 0 FF 0 0 
ID: 153, Data: 80 0 0 FF 0 FF 0 0 
ID: A1, Data: 882 80 91 7E 20 0 0 0 
ID: 329, Data: 884 B0 80 8 11 2C 0 26 
ID: 545, Data: 8E4 25 0 8C 51 0 51 0 
ID: 43F, Data: 83 48 60 FF 7C 64 F 0 
ID: 43F, Data: 83 48 60 FF 7C 3C F 0 
ID: 316, Data: 81 1E 88 D 20 1B 16 7B 
ID: 316, Data: 81 1F 38 D 2A 1B 16 7B 
ID: A1, Data: 880 80 8F 7E 1F 0 0 0 
ID: 1F1, Data: 80 62 A1 F0 A A1 10 B 
ID: 153, Data: 80 0 0 FF 0 FF 0 0 
ID: 316, Data: 81 22 BB C 2C 1B 16 7B 
ID: 153, Data: 80 0 0 FF 0 FF 0 0 
ID: 316, Data: 81 24 B8 C 2C 1A 16 7B 
ID: 316, Data: 81 25 C7 C 2C 1A 15 7B 
ID: 545, Data: 8E4 2A 0 8C C6 0 C6 0 
ID: 316, Data: 81 26 B D 2B 1A 15 7B 
ID: 153, Data: 80 0 0 FF 0 FF 0 0 
ID: 316, Data: 81 26 88 D 29 1A 15 7B 
ID: 153, Data: 80 0 0 FF 0 FF 0 0 
ID: 316, Data: 81 26 F4 D 28 19 15 7B 
ID: 316, Data: 81 26 41 E 27 19 15 7B 
ID: 545, Data: 8E4 34 0 8C E2 0 E2 0 
ID: 316, Data: 81 26 BA E 26 19 15 7B 
ID: 153, Data: 80 0 0 FF 0 FF 0 0 
ID: 153, Data: 80 0 0 FF 0 FF 0 0 
ID: 316, Data: 81 24 18 F 24 19 15 7B 
ID: 153, Data: 80 0 0 FF 0 FF 0 0 
ID: 316, Data: 81 24 3B F 24 19 15 7B 
ID: 153, Data: 80 0 0 FF 0 FF 0 0 
ID: 316, Data: 81 23 6 F 24 19 14 7B 
ID: 370, Data: 8FF DE F0 FF FF FF FF FF 
ID: 153, Data: 80 0 0 FF 0 FF 0 0 
ID: 316, Data: 81 24 A6 E 25 19 14 7B 
ID: A0, Data: 833 7C E7 E 15 26 2 0 
ID: 153, Data: 80 0 0 FF 0 FF 0 0 
ID: 316, Data: 81 24 46 E 26 19 14 7B 
ID: 370, Data: 8FF DE F0 FF FF FF FF FF 
ID: 5F0, Data: 20 0 
ID: 153, Data: 80 0 0 FF 0 FF 0 0 
ID: 153, Data: 80 0 0 FF 0 FF 0 0 
ID: 2A0, Data: 840 0 6E 18 32 0 11 0 
ID: 316, Data: 81 25 10 E 27 19 14 7B 
ID: 2A0, Data: 880 0 6E 18 32 0 11 0 
ID: 153, Data: 80 0 0 FF 0 FF 0 0 
ID: 316, Data: 81 25 2F E 26 19 13 7B 
ID: 153, Data: 80 0 0 FF 0 FF 0 0 
ID: 316, Data: 81 25 1A E 26 19 13 7B 
ID: 153, Data: 80 0 0 FF 0 FF 0 0 
ID: 316, Data: 81 25 3 E 26 19 13 7B 
ID: 316, Data: 81 25 CD D 27 1A 13 7B 
ID: 5F0, Data: 20 0 
ID: 260, Data: 8B 26 28 30 5 FF 61 24 
ID: 329, Data: 840 B0 80 8 12 2E 0 26 
ID: 1F1, Data: 80 1B 82 30 9 83 50 9 
ID: 153, Data: 80 0 0 FF 0 FF 0 0 
ID: 440, Data: 8FE 13 11 A0 FF AA AA AA 
ID: 316, Data: 81 27 8F D 28 1A 12 7B 
ID: 440, Data: 8FE 13 10 A0 FF AA AA AA 
ID: 316, Data: 81 27 8C D 28 1A 12 7B 
ID: A1, Data: 88C 80 85 7E 24 0 0 0 
ID: 43F, Data: 83 48 60 FF 7D B0 B 0 
ID: 43F, Data: 83 48 60 FF 7D 70 B 0 
ID: 153, Data: 80 0 0 FF 0 FF 0 0 
ID: 316, Data: 81 28 F8 C 29 1A 11 7B 
ID: 316, Data: 81 28 FA C 2A 1A 11 7B 
ID: 545, Data: 8E4 2C 0 8C F8 0 F8 0 
ID: 153, Data: 80 0 0 FF 0 FF 0 0 
ID: 370, Data: 8FF DE F0 FF FF FF FF FF 
ID: 43F, Data: 83 48 60 FF 7D 2C A 0 
ID: 329, Data: 840 B0 80 8 12 2B 0 26 
ID: 440, Data: 8FE 63 E A0 FF AA AA AA 
ID: 316, Data: 81 25 41 C 22 1A F 7B 
ID: 316, Data: 81 24 2C C 22 1A E 7B 
ID: A0, Data: 831 7C 2C C F 24 2 0 
ID: 153, Data: 80 0 0 FF 0 FF 0 0 
ID: 43F, Data: 83 48 60 FF 7C C4 8 0 
ID: 2A0, Data: 840 0 6E 18 32 0 11 0 
ID: 153, Data: 80 0 0 FF 0 FF 0 0 
ID: 316, Data: 81 23 AC B 24 1A D 7B 
ID: 260, Data: 8B 23 25 30 5 FF 6A 12 
ID: 5F0, Data: 20 0 
ID: 316, Data: 81 23 4B B 25 1A C 7B 
ID: 316, Data: 81 23 4B B 25 1A C 7B 
ID: 316, Data: 81 24 29 B 25 1A B 7B 
ID: 545, Data: 8E4 24 0 8C B7 0 B7 0 
ID: 153, Data: 80 0 0 FF 0 FF 0 0 
ID: 153, Data: 80 0 0 FF 0 FF 0 0 
ID: 43F, Data: 8A 48 60 FF 7C 90 6 0 
ID: 545, Data: 8E4 23 0 8C C3 0 C3 0 
ID: A1, Data: 887 80 95 7E 24 0 0 0 
ID: 316, Data: 81 25 E6 A 26 1A 9 7B 
ID: 153, Data: 80 0 0 FF 0 FF 0 0 
ID: 316, Data: 81 25 F5 A 26 1A 9 7B 
ID: 153, Data: 80 0 0 FF 0 FF 0 0 
ID: 316, Data: 81 25 4B B 24 1A 8 7B 
ID: 153, Data: 80 0 0 FF 0 FF 0 0 
ID: 153, Data: 80 0 0 FF 0 FF 0 0 
ID: 43F, Data: 82 48 60 FF 7C 28 9 0 
ID: 153, Data: 80 0 0 FF 0 FF 0 0 
ID: 43F, Data: 82 48 60 FF 7C 30 9 0 
ID: 153, Data: 80 0 0 FF 0 FF 0 0 
ID: 153, Data: 80 0 0 FF 0 FF 0 0 
ID: 260, Data: 8B 24 22 30 5 FF 71 3A 
ID: 280, Data: 830 0 84 B0 17 1A 6F 4A 
ID: 440, Data: 8FE 72 8 A0 FF AA AA AA 
ID: 316, Data: 81 23 F4 B 22 1A 8 7B 
ID: A1, Data: 885 80 94 7E 23 0 0 0 
ID: 43F, Data: 82 48 60 FF 7C 10 9 0 
ID: 153, Data: 80 0 0 FF 0 FF 0 0 
ID: 316, Data: 81 2A D3 B 4A 1A 8 7B 
ID: 153, Data: 80 0 0 FF 0 FF 0 0 
ID: 316, Data: 81 30 17 C 4B 1A 8 7B 
ID: 153, Data: 80 0 0 FF 0 FF 0 0 
ID: 153, Data: 80 0 0 FF 0 FF 0 0 
ID: 370, Data: 8FF DE F0 FF FF FF FF FF 
ID: 43F, Data: 82 48 60 FF 7C E8 8 0 
ID: 316, Data: 81 38 57 D 49 19 8 7B 
ID: 280, Data: 830 0 88 B0 1B 24 6F 5C 
ID: 2A0, Data: 8A1 2 6F 18 32 0 11 0 
ID: 316, Data: 81 3B B4 E 46 17 8 7B 
ID: 316, Data: 81 3C F8 E 45 17 8 7B 
ID: 153, Data: 80 0 0 FF 0 FF 0 0 
ID: 153, Data: 80 0 0 FF 0 FF 0 0 
ID: 545, Data: 8E4 4C 0 8D 94 2 94 2 
ID: 316, Data: 81 3C 98 10 42 16 8 7B 
ID: 545, Data: 8E4 51 0 8D 94 2 94 2 
ID: 316, Data: 81 3B 60 11 41 16 8 7B 
ID: 316, Data: 81 3A 8B 11 40 16 8 7B 
ID: 153, Data: 80 0 0 FF 0 FF 0 0 
ID: A1, Data: 88A 7F 89 80 2C 0 0 0 
ID: 329, Data: 840 B0 80 8 11 33 11 26 
ID: 545, Data: 8E4 55 0 8C 75 2 75 2 
ID: 153, Data: 80 0 0 FF 0 FF 0 0 
ID: 153, Data: 80 0 0 FF 0 FF 0 0 
ID: 316, Data: 81 39 11 12 40 16 9 7B 
ID: A1, Data: 88B 7F 8A 80 2C 0 0 0 
ID: 316, Data: 81 38 19 12 3F 16 9 7B 
ID: 316, Data: 81 38 C 12 3F 16 9 7B 
ID: 153, Data: 80 0 0 FF 0 FF 0 0 
ID: A0, Data: 847 7D C 12 A 2C 2 0 
ID: 316, Data: 81 39 26 12 3F 15 A 7B 
ID: 316, Data: 81 39 3B 12 3F 15 A 7B 
ID: 5F0, Data: 20 0 
ID: 153, Data: 80 0 0 FF 0 FF 0 0 
ID: 153, Data: 80 0 0 FF 0 FF 0 0 
ID: 43F, Data: 82 48 60 FF 7C F8 A 0 
ID: 2A0, Data: 8C1 6 6F 18 32 0 11 0 
ID: 153, Data: 80 0 0 FF 0 FF 0 0 
ID: 316, Data: 81 39 C3 12 3E 15 A 7B 
ID: 370, Data: 8FF DE F0 FF FF FF FF FF 
ID: 316, Data: 81 39 E7 12 3E 15 A 7B 
ID: A0, Data: 846 7D C3 12 A 2C 2 0 
ID: 43F, Data: 82 48 60 FF 7C A4 B 0 
ID: 43F, Data: 82 48 60 FF 7C B8 B 0 
ID: 1F0, Data: 8FE 3F CD BF 0 0 0 0 
ID: 316, Data: 81 39 28 13 3E 15 A 7B 
ID: 329, Data: 840 B0 80 8 11 34 11 26 
ID: 43F, Data: 82 48 60 FF 7C 3C C 0 
ID: 316, Data: 81 39 4E 13 3D 15 B 7B 
ID: 316, Data: 81 39 57 13 3D 15 B 7B 
ID: 316, Data: 81 38 61 13 3D 15 B 7B 
ID: 316, Data: 81 3A 61 13 3D 15 B 7B 
ID: 316, Data: 81 39 61 13 3D 15 B 7B 
ID: 153, Data: 80 0 0 FF 0 FF 0 0 
ID: 316, Data: 81 39 66 13 3D 15 B 7B 
ID: 43F, Data: 82 48 60 FF 7C 9C C 0 
ID: 43F, Data: 82 48 60 FF 7C BC C 0 
ID: 440, Data: 8EF 72 B A0 FF AA AA AA 
ID: 440, Data: 8F1 72 B A0 FF AA AA AA 
ID: 153, Data: 80 0 0 FF 0 FF 0 0 
ID: 329, Data: 8B B0 80 8 11 35 F 26 
ID: 316, Data: 81 3C 52 13 3F 15 C 7B 
ID: 329, Data: 840 B0 80 8 11 35 E 26 
ID: 43F, Data: 82 48 60 FF 7C 50 D 0 
ID: 43F, Data: 82 48 60 FF 7C 58 D 0 
ID: 153, Data: 80 0 0 FF 0 FF 0 0 
ID: 280, Data: 830 0 88 B1 27 26 6F 6C 
ID: 316, Data: 81 3D DC 13 3E 14 C 7B 
ID: 43F, Data: 82 48 60 FF 7C A4 D 0 
ID: 440, Data: 8F2 82 C A0 FF AA AA AA 
ID: 153, Data: 80 0 0 FF 0 FF 0 0 
ID: 153, Data: 80 0 0 FF 0 FF 0 0 
ID: 280, Data: 830 0 88 B1 28 25 6F 6A 
ID: 316, Data: 81 3C F 14 1F 14 D 7B 
ID: 440, Data: 8F7 82 C A0 FF AA AA AA 
ID: 153, Data: 80 0 0 FF 0 FF 0 0 
ID: 316, Data: 81 38 0 14 1A 15 D 7B 
ID: 153, Data: 80 0 0 FF 0 FF 0 0 
ID: 316, Data: 81 33 B9 13 1B 16 E 7B 
ID: 43F, Data: 82 48 60 FF 7C 34 E 0 
ID: 280, Data: 830 0 84 B1 26 1C 6F 4D 
ID: 260, Data: 8B 2D 1D 30 5 FF B4 3 
ID: 153, Data: 80 0 0 FF 0 FF 0 0 
ID: 316, Data: 81 27 C3 11 20 18 E 7B 
ID: 316, Data: 81 25 1B 11 21 18 E 7B 
ID: 329, Data: 8B B1 80 8 11 2C 0 26 
ID: 153, Data: 80 0 0 FF 0 FF 0 0 
ID: 153, Data: 80 0 0 FF 0 FF 0 0 
ID: 316, Data: 81 20 7A F 25 19 E 7B 
ID: 440, Data: 8FE 82 C A0 FF AA AA AA 
ID: 440, Data: 8FE 82 C A0 FF AA AA AA 
ID: 316, Data: 81 22 D9 E 26 19 E 7B 
ID: 18F, Data: 8AA 37 0 0 0 0 0 0 
ID: 43F, Data: 82 48 60 FF 7C C4 D 0 
ID: 153, Data: 80 0 0 FF 0 FF 0 0 
ID: 153, Data: 80 0 0 FF 0 FF 0 0 
ID: A1, Data: 884 80 8E 7E 21 0 0 0 
ID: 316, Data: 81 24 FB E 25 19 E 7B 
ID: 545, Data: 8E4 2E 0 8C D0 0 D0 0 
ID: A1, Data: 883 80 8D 7E 22 0 0 0 
ID: 316, Data: 81 25 E4 E 25 19 D 7B 
ID: 153, Data: 80 0 0 FF 0 FF 0 0 
ID: 153, Data: 80 0 0 FF 0 FF 0 0 
ID: 43F, Data: 82 48 60 FF 7C 40 D 0 
ID: 153, Data: 80 0 0 FF 0 FF 0 0 
ID: 43F, Data: 82 48 60 FF 7C 24 D 0 
ID: A0, Data: 834 7D C5 E E 26 2 0 
ID: 316, Data: 81 27 C5 E 26 19 D 7B 
ID: 153, Data: 80 0 0 FF 0 FF 0 0 
ID: 153, Data: 80 0 0 FF 0 FF 0 0 
ID: 316, Data: 81 26 34 E 1D 19 D 7B 
ID: 2A0, Data: 880 6 6F 18 32 0 11 0 
ID: 43F, Data: 82 48 60 FF 7C 5C C 0 
ID: 153, Data: 80 0 0 FF 0 FF 0 0 
ID: 370, Data: 8FF DE F0 FF FF FF FF FF 
ID: 43F, Data: 82 48 60 FF 7C C C 0 
ID: 440, Data: 8FE 72 A A0 FF AA AA AA 
ID: A0, Data: 82C 7D F4 D D 24 2 0 
ID: 316, Data: 81 21 BA D 1F 1A C 7B 
ID: 153, Data: 80 0 0 FF 0 FF 0 0 
ID: 316, Data: 81 21 59 D 1F 1A C 7B 
ID: 43F, Data: 82 48 60 FF 7C 44 B 0 
ID: 440, Data: 8FE 72 A A0 FF AA AA AA 
ID: 316, Data: 81 21 DA C 21 1A B 7B 
ID: 153, Data: 80 0 0 FF 0 FF 0 0 
ID: 316, Data: 81 21 9C C 21 1A B 7B 
ID: 153, Data: 80 0 0 FF 0 FF 0 0 
ID: 316, Data: 81 21 35 C 22 1A A 7B 
ID: 43F, Data: 82 48 60 FF 7C B4 9 0 
ID: 440, Data: 8FE 72 8 A0 FF AA AA AA 
ID: 316, Data: 81 22 9D B 23 1A 9 7B 
ID: A1, Data: 87D 80 88 7E 21 0 0 0 
ID: 316, Data: 81 22 4F B 23 1A 9 7B 
ID: 153, Data: 80 0 0 FF 0 FF 0 0 
ID: 153, Data: 80 0 0 FF 0 FF 0 0 
ID: 153, Data: 80 0 0 FF 0 FF 0 0 
ID: 43F, Data: 82 48 60 FF 7C C0 7 0 
ID: 280, Data: 830 0 84 B1 15 1A 6F 4A 
ID: A1, Data: 87E 80 87 7E 23 0 0 0 
ID: 43F, Data: 82 48 60 FF 7C 1C 7 0 
ID: 43F, Data: 82 48 60 FF 7C 0 7 0 
ID: 316, Data: 81 25 7F A 24 19 7 7B 
ID: 329, Data: 884 B1 80 8 12 2B 0 26 
ID: A0, Data: 837 7D 7F A 7 23 2 0 
ID: 316, Data: 81 25 3C A 25 19 6 7B 
ID: 43F, Data: 82 48 60 FF 7C 24 6 0 
ID: 440, Data: 8E5 72 5 A0 FF AA AA AA 
ID: 5F0, Data: 20 0 
ID: 153, Data: 80 0 0 FF 0 FF 0 0 
ID: A1, Data: 88B 80 85 7E 24 0 0 0 
ID: 329, Data: 884 B1 80 8 12 2B 0 26 
ID: 545, Data: 8E4 22 0 8B DC 0 DC 0 
ID: 153, Data: 80 0 0 FF 0 FF 0 0 
ID: 153, Data: 80 0 0 FF 0 FF 0 0 
ID: 153, Data: 80 0 0 FF 0 FF 0 0 
ID: 18F, Data: 8AA 37 0 0 0 0 0 0 
ID: 316, Data: 81 26 7E A 24 19 4 7B 
ID: 153, Data: 80 0 0 FF 0 FF 0 0 
ID: 316, Data: 81 25 93 A 24 19 4 7B 
ID: 316, Data: 81 25 94 A 24 19 4 7B 
ID: 153, Data: 80 0 0 FF 0 FF 0 0 
ID: 260, Data: 8B 25 24 30 5 FF 6C 1F 
ID: 316, Data: 81 25 83 A 24 19 3 7B 
ID: 153, Data: 80 0 0 FF 0 FF 0 0 
ID: 153, Data: 80 0 0 FF 0 FF 0 0 
ID: 2A0, Data: 820 3 6F 18 32 0 11 0 
ID: 329, Data: 840 B1 80 8 12 2A 0 26 
ID: 18F, Data: 8AA 37 0 0 0 0 0 0 
ID: 316, Data: 81 25 50 A 24 19 3 7B 
ID: 43F, Data: 82 48 60 FF 7C C 3 0 
ID: 43F, Data: 82 48 60 FF 7C FC 2 0 
ID: 1F1, Data: 80 D4 14 50 1 15 50 1 
ID: 43F, Data: 82 48 60 FF 7C C8 2 0 
ID: 316, Data: 81 25 6D A 24 19 2 7B 
ID: 18F, Data: 8AA 37 0 0 0 0 0 0 
ID: 440, Data: 8BA 82 2 A0 FF AA AA AA 
ID: 260, Data: 8B 25 24 30 5 FF 6F 1C 
ID: 153, Data: 80 0 0 FF 0 FF 0 0 
ID: 316, Data: 81 25 60 A 24 19 2 7B 
ID: 153, Data: 80 0 0 FF 0 FF 0 0 
ID: 440, Data: 8B6 82 1 A0 FF AA AA AA 
ID: 316, Data: 81 25 49 A 24 19 2 7B 
ID: 370, Data: 8FF DE F0 FF FF FF FF FF 
ID: 153, Data: 80 0 0 FF 0 FF 0 0 
ID: 316, Data: 81 25 4F A 24 19 2 7B 
ID: 316, Data: 81 25 51 A 24 19 1 7B 
ID: 316, Data: 81 25 4D A 24 19 1 7B 
ID: 260, Data: 8B 25 24 30 5 FF 70 29 
ID: 153, Data: 80 0 0 FF 0 FF 0 0 
ID: 153, Data: 80 0 0 FF 0 FF 0 0 
ID: 316, Data: 81 25 38 A 24 19 1 7B 
ID: A1, Data: 88D 7E 80 7E 24 0 0 0 
ID: 440, Data: 8AA 82 0 A0 FF AA AA AA 
ID: 1F1, Data: 80 D4 6 50 0 6 50 0 
ID: 316, Data: 81 25 2C A 24 19 1 7B 
ID: 316, Data: 81 25 2A A 24 19 1 7B 
ID: 280, Data: 830 0 84 B1 14 1B 6F 4C 
ID: 18F, Data: 8AA 37 0 0 0 0 0 0 
ID: 316, Data: 81 25 40 A 24 19 1 7B 
ID: 153, Data: 80 0 0 FF 0 FF 0 0 
ID: 316, Data: 81 25 25 A 24 19 1 7B 
ID: 153, Data: 80 0 0 FF 0 FF 0 0 
ID: 316, Data: 81 25 39 A 24 19 0 7B 
ID: 153, Data: 80 0 0 FF 0 FF 0 0 
ID: 43F, Data: 89 45 60 FF 7C 0 0 0 
ID: 43F, Data: 81 45 60 FF 7C 0 0 0 
ID: 153, Data: 80 0 0 FF 0 FF 0 0 
ID: 316, Data: 81 25 42 A 24 19 0 7B 
ID: 153, Data: 80 0 0 FF 0 FF 0 0 
ID: 153, Data: 80 0 0 FF 0 FF 0 0 
ID: 153, Data: 80 0 0 FF 0 FF 0 0 
ID: 260, Data: 8B 25 19 30 5 FF 72 32 
ID: 316, Data: 81 24 69 A 18 19 0 7B 
ID: 43F, Data: 80 40 60 FF 7D E8 A 0 
ID: 43F, Data: 80 40 60 FF 7D 68 B 0 
ID: 43F, Data: 80 40 60 FF 7D 88 B 0 
ID: 153, Data: 80 0 0 FF 0 FF 0 0 
ID: 329, Data: 8B B1 80 8 12 28 0 26 
ID: 1F1, Data: 80 D4 1 10 0 1 10 0 
ID: 329, Data: 840 B1 80 8 12 28 0 26 
ID: 316, Data: 81 1D AC B 17 1A 0 7B 
ID: A1, Data: 88B 7E 80 7E 20 0 0 0 
ID: 43F, Data: 80 40 60 FF 7C A0 B 0 
ID: 153, Data: 80 0 0 FF 0 FF 0 0 
ID: 43F, Data: 80 40 60 FF 7D 6C B 0 
ID: 153, Data: 80 0 0 FF 0 FF 0 0 
ID: 153, Data: 80 0 0 FF 0 FF 0 0 
ID: 1F0, Data: 8CC 3F CD BF 0 0 0 0 
ID: 43F, Data: 80 40 60 FF 7D 0 B 0 
ID: 440, Data: 8FE A0 0 A0 FF AA AA AA 
ID: 153, Data: 80 0 0 FF 0 FF 0 0 
ID: 316, Data: 81 1B C2 A 19 1A 0 7B 
ID: 440, Data: 8FE A0 0 A0 FF AA AA AA 
ID: 153, Data: 80 0 0 FF 0 FF 0 0 
ID: 153, Data: 80 0 0 FF 0 FF 0 0 
ID: 440, Data: 8FE A0 0 A0 FF AA AA AA 
ID: 316, Data: 81 1C C2 A 19 1B 0 7B 
ID: 5F0, Data: 20 0 
ID: 153, Data: 80 0 0 FF 0 FF 0 0 
ID: 153, Data: 80 0 0 FF 0 FF 0 0 
ID: 260, Data: 8B 1C 19 30 5 FF 69 9 
ID: 280, Data: 830 0 84 B1 15 16 6F 40 
ID: A1, Data: 889 7E 80 7E 1F 0 0 0 
ID: 316, Data: 81 1C B4 A 19 1A 0 7B 
ID: 316, Data: 81 1C 8C A 19 1A 0 7B 
ID: 316, Data: 81 1C A4 A 19 1A 0 7B 
ID: 260, Data: 8B 1C 1A 30 5 FF 67 37 
ID: 316, Data: 830 1C 7C A 2B F 0 7B 
ID: 316, Data: 830 1B 63 A 1A F 0 7B 
ID: 316, Data: 830 1B 4B A 1A F 0 7B 
ID: 280, Data: 830 0 1 B1 14 14 6F 3C 
ID: A1, Data: 880 7E 80 7E 1E 0 0 0 
ID: 316, Data: 830 17 D9 8 1A F 0 7B 
ID: 316, Data: 830 17 F7 7 1A F 0 7B 
ID: 316, Data: 830 16 F7 7 19 E 0 7B 
ID: 316, Data: 830 16 3 7 19 E 0 7B 
ID: A0, Data: 81F 7E 3 7 0 1B 0 0 
ID: 316, Data: 830 17 E0 5 19 E 0 7B 
ID: 280, Data: 830 0 1 B1 8 12 6F 3A 
ID: A1, Data: 880 7E 80 7E 1C 0 0 0 
ID: 316, Data: 830 17 70 4 19 D 0 7B 
ID: 316, Data: 830 17 70 4 19 D 0 7B 
ID: 316, Data: 830 17 70 4 19 D 0 7B 
ID: 316, Data: 830 17 70 4 19 D 0 7B 
ID: 545, Data: 8E4 0 0 0 B0 0 B0 0 
ID: 316, Data: 830 17 70 4 19 D 0 7B 
ID: 18F, Data: 8AA 37 0 0 0 0 0 0 
ID: 316, Data: 830 17 70 4 19 D 0 7B 
ID: 18F, Data: 8AA 37 0 0 0 0 0 0 
ID: 316, Data: 830 17 70 4 19 D 0 7B 
ID: 260, Data: 8B 18 1A 0 5 FF 64 22 
ID: 316, Data: 830 0 0 0 19 B 0 7B 
ID: 316, Data: 830 0 0 0 19 B 0 7B 
ID: 316, Data: 830 0 0 0 19 B 0 7B 
ID: 316, Data: 830 0 0 0 19 B 0 7B 
ID: 316, Data: 830 0 0 0 19 B 0 7B 
ID: A1, Data: 880 7E 80 7E 38 0 0 0 
ID: 18F, Data: 8AA 37 0 0 0 0 0 0 
ID: A1, Data: 880 7E 80 7E 61 0 0 0 
ID: 329, Data: 880 B1 80 A 12 58 0 26 
ID: 545, Data: 8E4 0 0 0 2D FF 2D FF 
ID: 316, Data: 830 0 0 0 19 B 0 7B 
ID: 316, Data: 830 0 0 0 19 B 0 7B 
ID: 316, Data: 830 0 0 0 19 B 0 7B 
ID: 316, Data: 830 0 0 0 19 B 0 7B 
ID: 316, Data: 830 0 0 0 19 B 0 7B 
ID: 316, Data: 830 0 0 0 19 B 0 7B 
ID: A1, Data: 880 7E 80 7E 65 0 0 0 
ID: 260, Data: 8B 0 1A 0 5 FF 64 D 
ID: A0, Data: 80 7E 0 0 0 70 0 0 
ID: 260, Data: 8B 0 1A 0 5 FF 64 2B 
ID: 316, Data: 830 0 0 0 19 B 0 7B 
ID: 316, Data: 830 0 0 0 19 B 0 7B 
ID: 316, Data: 830 0 0 0 19 B 0 7B 
ID: 316, Data: 830 0 0 0 19 B 0 7B 
ID: 316, Data: 830 0 0 0 19 B 0 7B 
ID: 316, Data: 830 0 0 0 19 B 0 7B 
ID: 316, Data: 830 0 0 0 19 B 0 7B 
ID: 316, Data: 830 0 0 0 19 B 0 7B 
ID: 316, Data: 830 0 0 0 19 B 0 7B 
ID: 316, Data: 830 0 0 0 19 B 0 7B 
ID: A0, Data: 80 7E 0 0 0 27 0 0 
ID: 2A0, Data: 820 0 6F 18 32 0 11 0 
ID: 316, Data: 830 0 0 0 19 B 0 7B 
ID: 316, Data: 830 0 0 0 19 B 0 7B 
ID: 316, Data: 830 0 0 0 19 B 0 7B 
ID: 316, Data: 830 0 0 0 19 B 0 7B 
ID: 316, Data: 830 0 0 0 19 B 0 7B 
ID: 316, Data: 830 0 0 0 19 B 0 7B 
ID: 316, Data: 830 0 0 0 19 B 0 7B 
ID: 316, Data: 830 0 0 0 19 B 0 7B 
ID: 316, Data: 830 0 0 0 19 B 0 7B 
ID: 316, Data: 830 0 0 0 19 B 0 7B 
ID: 316, Data: 830 0 0 0 19 B 0 7B 
ID: A1, Data: 880 7E 80 7E 65 0 0 0 
ID: 260, Data: 8B 0 1A 0 5 FF 64 1C 
ID: A0, Data: 80 7E 0 0 0 27 0 0 
ID: 316, Data: 830 0 0 0 19 B 0 7B 
ID: 316, Data: 830 0 0 0 19 B 0 7B 
ID: 316, Data: 830 0 0 0 19 B 0 7B 
ID: 316, Data: 830 0 0 0 19 B 0 7B 
ID: 316, Data: 830 0 0 0 19 B 0 7B 
ID: 316, Data: 830 0 0 0 19 B 0 7B 
