ID: 5F0, Data: 20 0
ID: 5F0, Data: 20 0
ID: 43F, Data: 80 40 0 FF 59 0 0 0
ID: 370, Data: 8FF C0 F0 F4 FF FF FF FF
ID: 43F, Data: 80 40 0 FF 59 0 0 0
ID: 43F, Data: 80 40 0 FF 59 0 0 0
ID: 43F, Data: 80 40 0 FF 59 0 0 0
ID: 43F, Data: 80 40 0 FF 59 0 0 0
ID: A0, Data: 80 62 0 0 0 30 0 0
ID: 440, Data: 80 F0 0 A0 FF AA AA AA
ID: 316, Data: 831 0 0 0 1E 18 0 79
ID: 2A0, Data: 880 0 7A 18 2F 0 F 0
ID: 18F, Data: 8AA 3B 0 0 0 0 0 0
ID: A1, Data: 880 7E 80 7E 66 0 0 0
ID: 329, Data: 8ED 8D 80 A 11 85 0 26
ID: 545, Data: 8E4 0 0 67 56 FE 56 FE
ID: 153, Data: 80 0 0 FF 0 FF 0 0
ID: 316, Data: 85 0 0 0 21 18 0 79
ID: 1F0, Data: 8FE 3F 0 0 0 0 0 0
ID: 153, Data: 80 0 0 FF 0 FF 0 0
ID: A1, Data: 880 7E 80 7E 65 0 0 0
ID: 280, Data: 830 0 82 8D 6 5C 7A D7
ID: 2A0, Data: 8E0 0 7A 18 2F 0 F 0
ID: 43F, Data: 80 40 60 FF 59 3C 3 0
ID: 43F, Data: 80 40 60 FF 59 98 2 0
ID: 43F, Data: 80 40 60 FF 59 10 3 0
ID: 1F0, Data: 8FE 3F 0 0 0 0 0 0
ID: 43F, Data: 80 40 60 FF 59 8C 2 0
ID: 316, Data: 85 0 C2 8 22 11 0 79
ID: 280, Data: 830 0 82 8E 17 56 7A BF
ID: 2A0, Data: 880 0 7A 18 2F 0 F 0
ID: 43F, Data: 80 40 60 FF 59 4C 11 0
ID: 43F, Data: 80 40 60 FF 59 CC 12 0
ID: 316, Data: 85 48 27 18 1A 1F 0 79
ID: 18F, Data: 8AA 3B 0 0 0 0 0 0
ID: 316, Data: 85 34 74 1A 19 22 0 79
ID: 43F, Data: 80 40 60 FF 59 34 1B 0
ID: 316, Data: 85 24 78 1B 19 24 0 79
ID: 280, Data: 830 0 84 8E 35 18 7A 44
ID: 43F, Data: 80 40 60 FF 59 84 1A 0
ID: 43F, Data: 80 40 60 FF 59 74 19 0
ID: 260, Data: 8A 1D 1D 30 58 FF 54 21
ID: 316, Data: 85 1E CF 17 1D 24 0 79
ID: 316, Data: 85 1F A4 17 1E 24 0 79
ID: 18F, Data: 8AA 3B 0 0 0 0 0 0
ID: 43F, Data: 80 40 60 FF 59 44 17 0
ID: 153, Data: 80 0 0 FF 0 FF 0 0
ID: 316, Data: 85 20 2C 17 1D 24 0 79
ID: 153, Data: 80 0 0 FF 0 FF 0 0
ID: 153, Data: 80 0 0 FF 0 FF 0 0
ID: 316, Data: 85 20 B3 16 1E 24 0 79
ID: 153, Data: 80 0 0 FF 0 FF 0 0
ID: 316, Data: 85 1F 78 16 1E 24 0 79
ID: 43F, Data: 80 40 60 FF 59 54 16 0
ID: 153, Data: 80 0 0 FF 0 FF 0 0
ID: 18F, Data: 8AA 3B 0 0 0 0 0 0
ID: 370, Data: 8FF E0 F0 F0 FF FF FF FF
ID: 316, Data: 85 1E A5 15 1F 23 0 79
ID: 153, Data: 80 0 0 FF 0 FF 0 0
ID: 153, Data: 80 0 0 FF 0 FF 0 0
ID: 153, Data: 80 0 0 FF 0 FF 0 0
ID: A1, Data: 880 7E 80 7E 1C 0 0 0
ID: 280, Data: 830 0 84 8E 29 16 7A 3C
ID: 2A0, Data: 840 0 7A 18 2F 0 F 0
ID: 43F, Data: 80 40 60 FF 59 44 14 0
ID: 316, Data: 85 1F D2 13 21 23 0 79
ID: 316, Data: 85 1F A5 13 21 23 0 79
ID: 153, Data: 80 0 0 FF 0 FF 0 0
ID: 153, Data: 80 0 0 FF 0 FF 0 0
ID: 43F, Data: 80 40 60 FF 59 0 13 0
ID: A0, Data: 82E 63 F5 12 0 28 1 0
ID: 43F, Data: 80 40 60 FF 59 C4 12 0
ID: 1F1, Data: 8F 0 0 0 0 0 0 0
ID: 1F0, Data: 8FE 3F 0 0 0 0 0 0
ID: 316, Data: 85 20 A3 12 21 23 0 79
ID: 440, Data: 8FE A0 0 A0 FF AA AA AA
ID: 153, Data: 80 0 0 FF 0 FF 0 0
ID: 316, Data: 85 20 80 12 21 22 0 79
ID: 153, Data: 80 0 0 FF 0 FF 0 0
ID: 316, Data: 85 20 91 12 21 23 0 79
ID: 316, Data: 85 1F 9A 12 21 22 0 79
ID: 1F0, Data: 8FE 3F 0 0 0 0 0 0
ID: 153, Data: 80 0 0 FF 0 FF 0 0
ID: A0, Data: 82D 63 61 12 0 28 1 0
ID: 329, Data: 8B 8E 80 8 11 2F 0 26
ID: 545, Data: 8E4 36 0 8C C3 FF C3 FF
ID: A0, Data: 82D 63 11 12 0 27 1 0
ID: 316, Data: 85 1F E7 11 21 22 0 79
ID: 153, Data: 80 0 0 FF 0 FF 0 0
ID: 2A0, Data: 8E0 0 7A 18 30 0 F 0
ID: 440, Data: 8FE A0 0 A0 FF AA AA AA
ID: 316, Data: 85 1F BB 11 22 22 0 79
ID: 153, Data: 80 0 0 FF 0 FF 0 0
ID: 153, Data: 80 0 0 FF 0 FF 0 0
ID: 316, Data: 85 1F 6B 11 22 22 0 79
ID: 43F, Data: 80 40 60 FF 59 58 11 0
ID: 316, Data: 85 1F 49 11 22 22 0 79
ID: 316, Data: 85 1F 49 11 22 22 0 79
ID: 5F0, Data: 20 0
ID: 316, Data: 85 20 1F 11 23 22 0 79
ID: 43F, Data: 80 40 60 FF 59 C 11 0
ID: 316, Data: 85 20 5 11 22 22 0 79
ID: 545, Data: 8E4 34 0 8B E9 FF E9 FF
ID: 260, Data: 8A 21 22 30 58 FF 7D 1C
ID: 316, Data: 85 21 EB 10 22 21 0 79
ID: A0, Data: 82F 63 EB 10 0 27 1 0
ID: 43F, Data: 80 40 60 FF 59 C4 10 0
ID: 153, Data: 80 0 0 FF 0 FF 0 0
ID: 43F, Data: 80 40 60 FF 59 D8 10 0
ID: 43F, Data: 80 40 60 FF 59 DC 10 0
ID: 329, Data: 8B 8E 80 8 12 2F 0 26
ID: 1F1, Data: 80 0 0 0 0 0 0 0
ID: 153, Data: 80 0 0 FF 0 FF 0 0
ID: 280, Data: 830 0 84 8E 21 17 7A 3F
ID: 316, Data: 85 1F 9C 10 23 21 0 79
ID: 43F, Data: 80 46 60 FF 59 70 10 0
ID: 43F, Data: 89 45 60 FF 59 64 10 0
ID: 316, Data: 85 1F 42 10 23 21 0 79
ID: 370, Data: 8FF E0 F0 F0 FF FF FF FF
ID: 316, Data: 85 1F 31 10 23 21 0 79
ID: A0, Data: 82E 63 38 10 0 27 1 0
ID: 43F, Data: 89 45 60 FF 58 8 10 0
ID: 153, Data: 80 0 0 FF 0 FF 0 0
ID: 153, Data: 80 0 0 FF 0 FF 0 0
ID: 316, Data: 85 1F F6 F 23 21 0 79
ID: 153, Data: 80 0 0 FF 0 FF 0 0
ID: 316, Data: 85 1F C9 F 23 21 0 79
ID: 153, Data: 80 0 0 FF 0 FF 0 0
ID: 316, Data: 85 1F C9 F 23 21 0 79
ID: 43F, Data: 89 45 60 FF 56 3C F 0
ID: 43F, Data: 89 45 60 FF 56 1C F 0
ID: 43F, Data: 89 45 60 FF 56 E0 E 0
ID: 370, Data: 8FF E0 F0 F0 FF FF FF FF
ID: 440, Data: 839 E1 0 A0 FF AA AA AA
ID: 316, Data: 85 20 2F F 24 21 0 79
ID: 2A0, Data: 8E0 0 7A 18 30 0 F 0
ID: 1F0, Data: 8FE 3F 0 0 0 0 0 0
ID: 153, Data: 80 0 0 FF 0 FF 0 0
ID: 18F, Data: 8AA 3A 0 0 0 0 0 0
ID: 316, Data: 85 21 5 D 29 1F 0 79
ID: 43F, Data: 89 45 60 FF 55 6C 8 0
ID: 43F, Data: 89 45 60 FF 55 7C 7 0
ID: 329, Data: 8ED 8E 80 8 12 32 0 26
ID: A1, Data: 880 7E 80 7E 21 0 0 0
ID: 153, Data: 80 0 0 FF 0 FF 0 0
ID: 153, Data: 80 0 0 FF 0 FF 0 0
ID: 153, Data: 80 0 0 FF 0 FF 0 0
ID: A0, Data: 851 63 A9 A 0 28 1 0
ID: 316, Data: 85 30 73 A 35 1C 0 79
ID: 316, Data: 85 31 7C A 35 1C 0 79
ID: 2A0, Data: 840 0 7A 18 30 0 F 0
ID: 153, Data: 80 0 0 FF 0 FF 0 0
ID: 5F0, Data: 20 0
ID: 440, Data: 8FE 91 0 A0 FF AA AA AA
ID: 545, Data: 8E4 34 0 8C 56 1 56 1
ID: 5F0, Data: 20 0
ID: 153, Data: 80 0 0 FF 0 FF 0 0
ID: 43F, Data: 89 45 60 FF 55 0 0 0
ID: 43F, Data: 89 45 60 FF 55 0 0 0
ID: 43F, Data: 89 45 60 FF 55 0 0 0
ID: 153, Data: 80 0 0 FF 0 FF 0 0
ID: 316, Data: 85 2B 30 C 2E 1D 0 79
ID: 153, Data: 80 0 0 FF 0 FF 0 0
ID: 316, Data: 85 2A 6 C 2E 1D 0 79
ID: 153, Data: 80 0 0 FF 0 FF 0 0
ID: 153, Data: 80 0 0 FF 0 FF 0 0
ID: 153, Data: 80 0 0 FF 0 FF 0 0
ID: 280, Data: 830 0 84 8E 17 1D 7A 4D
ID: 316, Data: 85 29 A5 B 30 1D 0 79
ID: 153, Data: 80 0 0 FF 0 FF 0 0
ID: 153, Data: 80 0 0 FF 0 FF 0 0
ID: 153, Data: 80 0 0 FF 0 FF 0 0
ID: 280, Data: 830 0 84 8E 17 1D 7A 4E
ID: 316, Data: 85 2A 88 B 30 1D 0 79
ID: 440, Data: 8A9 41 0 A0 FF AA AA AA
ID: 316, Data: 85 2A 6A B 31 1D 0 79
ID: 316, Data: 85 2A 63 B 31 1D 0 79
ID: 18F, Data: 8AA 3A 0 0 0 0 0 0
ID: 43F, Data: 81 45 60 FF 55 0 0 0
ID: 18F, Data: 8AA 3A 0 0 0 0 0 0
ID: 18F, Data: 8AA 3A 0 0 0 0 0 0
ID: 43F, Data: 81 45 60 FF 55 0 0 0
ID: 153, Data: 80 0 0 FF 0 FF 0 0
ID: 316, Data: 85 2B 53 B 32 1D 0 79
ID: 153, Data: 80 0 0 FF 0 FF 0 0
ID: 316, Data: 85 2B 62 B 32 1D 0 79
ID: 153, Data: 80 0 0 FF 0 FF 0 0
ID: 316, Data: 85 2B 80 B 32 1D 0 79
ID: 43F, Data: 81 45 60 FF 55 0 0 0
ID: 153, Data: 80 0 0 FF 0 FF 0 0
ID: 370, Data: 8FF E0 F0 F0 FF FF FF FF
ID: 153, Data: 80 0 0 FF 0 FF 0 0
ID: 545, Data: 8E4 2C 0 8C F0 0 F0 0
ID: 280, Data: 830 0 84 8E 16 1E 7A 4F
ID: A0, Data: 83D 63 7B B 0 26 1 0
ID: 316, Data: 85 2B 72 B 32 1D 0 79
ID: 440, Data: 8A9 31 0 A0 FF AA AA AA
ID: 316, Data: 85 2B 71 B 32 1D 0 79
ID: 153, Data: 80 0 0 FF 0 FF 0 0
ID: 153, Data: 80 0 0 FF 0 FF 0 0
ID: 18F, Data: 8AA 3A 0 0 0 0 0 0
ID: 280, Data: 830 0 84 8E 16 1E 7A 50
ID: 316, Data: 85 2C 67 B 33 1D 0 79
ID: 43F, Data: 81 45 60 FF 56 0 0 0
ID: 370, Data: 8FF E0 F0 F0 FF FF FF FF
ID: 43F, Data: 81 45 60 FF 56 0 0 0
ID: 260, Data: 8A 2C 32 30 58 FF 7F 1E
ID: A0, Data: 83E 63 A7 B 0 27 1 0
ID: 316, Data: 85 2C 92 B 32 1D 0 79
ID: 153, Data: 80 0 0 FF 0 FF 0 0
ID: 316, Data: 85 2C 92 B 32 1D 0 79
ID: 153, Data: 80 0 0 FF 0 FF 0 0
ID: 316, Data: 85 2C 56 B 33 1D 0 79
ID: 370, Data: 8FF E0 F0 F0 FF FF FF FF
ID: 316, Data: 85 2C 7B B 33 1D 0 79
ID: 153, Data: 80 0 0 FF 0 FF 0 0
ID: 5F0, Data: 20 0
ID: A1, Data: 880 7E 80 7E 27 0 0 0
ID: A1, Data: 880 7E 80 7E 27 0 0 0
ID: 153, Data: 80 0 0 FF 0 FF 0 0
ID: 153, Data: 80 0 0 FF 0 FF 0 0
ID: 2A0, Data: 8E0 0 7A 18 30 0 F 0
ID: 316, Data: 85 2C 67 B 34 1D 0 79
ID: 329, Data: 8ED 8E 80 8 12 2E 0 26
ID: A0, Data: 840 63 67 B 0 27 1 0
ID: 153, Data: 80 0 0 FF 0 FF 0 0
ID: 43F, Data: 81 45 60 FF 57 0 0 0
ID: 153, Data: 80 0 0 FF 0 FF 0 0
ID: 5F0, Data: 20 0
ID: 2A0, Data: 8E0 0 7A 18 30 0 F 0
ID: 329, Data: 884 8E 80 8 12 30 0 26
ID: 545, Data: 8E4 32 0 8C F8 0 F8 0
ID: 43F, Data: 81 45 60 FF 58 0 0 0
ID: 43F, Data: 81 45 60 FF 58 0 0 0
ID: 153, Data: 80 0 0 FF 0 FF 0 0
ID: 5A0, Data: 80 0 0 90 0 0 0 0
ID: 153, Data: 80 0 0 FF 0 FF 0 0
ID: 153, Data: 80 0 0 FF 0 FF 0 0
ID: 316, Data: 845 35 3C B 3B 25 0 79
ID: 316, Data: 845 36 1C B 3B 24 0 79
ID: 545, Data: 8E4 34 0 8B 3C 1 3C 1
ID: 43F, Data: 81 45 60 FF 58 0 0 0
ID: 43F, Data: 81 45 60 FF 58 0 0 0
ID: 43F, Data: 81 45 60 FF 58 0 0 0
ID: 43F, Data: 81 45 60 FF 58 0 0 0
ID: 43F, Data: 81 45 60 FF 58 0 0 0
ID: 153, Data: 80 0 0 FF 0 FF 0 0
ID: 316, Data: 845 36 27 B 38 24 0 79
ID: 153, Data: 80 0 0 FF 0 FF 0 0
ID: 329, Data: 8ED 8E 80 8 12 2F 0 26
ID: 316, Data: 845 35 51 B 38 25 0 79
ID: 260, Data: 8A 35 38 30 58 FF 72 C
ID: 43F, Data: 81 45 60 FF 58 0 0 0
ID: 43F, Data: 81 45 60 FF 58 0 0 0
ID: 316, Data: 845 33 29 B 38 25 0 79
ID: 316, Data: 845 33 1A B 38 25 0 79
ID: A1, Data: 880 7F 80 7E 2B 0 0 0
ID: 316, Data: 845 32 14 B 38 25 0 79
ID: 440, Data: 8B1 E1 0 A0 FF AA AA AA
ID: 316, Data: 845 32 C8 A 39 25 0 79
ID: 153, Data: 80 0 0 FF 0 FF 0 0
ID: 5F0, Data: 20 0
ID: 316, Data: 845 32 C9 A 38 25 0 79
ID: 153, Data: 80 0 0 FF 0 FF 0 0
ID: 316, Data: 845 32 A7 A 39 25 0 79
ID: 153, Data: 80 0 0 FF 0 FF 0 0
ID: 316, Data: 845 32 7C A 3A 24 0 79
ID: 316, Data: 845 32 81 A 39 24 0 79
ID: 329, Data: 8B 8E 80 8 12 2F 0 26
ID: 153, Data: 80 0 0 FF 0 FF 0 0
ID: 153, Data: 80 0 0 FF 0 FF 0 0
ID: 43F, Data: 81 45 60 FF 58 0 0 0
ID: 2A0, Data: 840 0 7A 18 30 0 F 0
ID: 545, Data: 8E4 2D 0 8C FA 0 FA 0
ID: 18F, Data: 8AA 4A 0 0 0 0 0 0
ID: 153, Data: 80 0 0 FF 0 FF 0 0
ID: A0, Data: 847 63 67 A 0 27 1 0
ID: 329, Data: 8B 8E 80 8 12 2E 0 26
ID: 316, Data: 845 32 71 A 3A 24 0 79
ID: 2A0, Data: 820 0 7A 18 30 0 F 0
ID: 43F, Data: 81 45 60 FF 58 0 0 0
ID: 43F, Data: 81 45 60 FF 59 0 0 0
ID: 153, Data: 80 0 0 FF 0 FF 0 0
ID: 316, Data: 845 32 73 A 3A 24 0 79
ID: 153, Data: 80 0 0 FF 0 FF 0 0
ID: 153, Data: 80 0 0 FF 0 FF 0 0
ID: 316, Data: 845 32 6D A 3A 24 0 79
ID: 370, Data: 8FF E0 F0 F0 FF FF FF FF
ID: 316, Data: 845 32 75 A 3A 24 0 79
ID: A1, Data: 880 7F 80 7E 2B 0 0 0
ID: 43F, Data: 81 45 60 FF 59 0 0 0
ID: 43F, Data: 81 45 60 FF 59 0 0 0
ID: 153, Data: 80 0 0 FF 0 FF 0 0
ID: 5F0, Data: 20 0
ID: 153, Data: 80 0 0 FF 0 FF 0 0
ID: 43F, Data: 81 45 60 FF 59 0 0 0
ID: 5F0, Data: 20 0
ID: 316, Data: 845 32 74 A 3B 24 0 79
ID: 43F, Data: 81 45 60 FF 59 0 0 0
ID: 43F, Data: 81 45 60 FF 59 0 0 0
ID: 153, Data: 80 0 0 FF 0 FF 0 0
ID: 316, Data: 845 32 7F A 3B 24 0 79
ID: 153, Data: 80 0 0 FF 0 FF 0 0
ID: 153, Data: 80 0 0 FF 0 FF 0 0
ID: 316, Data: 845 32 82 A 3B 24 0 79
ID: 153, Data: 80 0 0 FF 0 FF 0 0
ID: 316, Data: 845 33 6A A 3B 24 0 79
ID: 43F, Data: 81 45 60 FF 59 0 0 0
ID: 153, Data: 80 0 0 FF 0 FF 0 0
ID: 316, Data: 845 33 73 A 3B 24 0 79
ID: 153, Data: 80 0 0 FF 0 FF 0 0
ID: 370, Data: 8FF E0 F0 F0 FF FF FF FF
ID: 5A0, Data: 80 0 0 90 0 0 0 0
ID: 153, Data: 80 0 0 FF 0 FF 0 0
ID: 280, Data: 830 0 84 8E 14 23 7A 5D
ID: 153, Data: 80 0 0 FF 0 FF 0 0
ID: 153, Data: 80 0 0 FF 0 FF 0 0
ID: 2A0, Data: 820 0 7A 18 30 0 F 0
ID: 316, Data: 845 33 99 A 3B 24 0 79
ID: 316, Data: 845 33 9F A 3B 24 0 79
ID: 153, Data: 80 0 0 FF 0 FF 0 0
ID: 316, Data: 845 33 B3 A 3B 24 0 79
ID: 153, Data: 80 0 0 FF 0 FF 0 0
ID: 316, Data: 845 33 88 A 3B 24 0 79
ID: 153, Data: 80 0 0 FF 0 FF 0 0
ID: 153, Data: 80 0 0 FF 0 FF 0 0
ID: 440, Data: 8BD E1 0 A0 FF AA AA AA
ID: 43F, Data: 81 45 60 FF 59 4 2 0
ID: 316, Data: 845 33 9A A 3C 24 0 79
ID: 440, Data: 8BE E1 0 A0 FF AA AA AA
ID: 260, Data: 8A 34 3C 30 58 FF 7B 3D
ID: 316, Data: 845 33 B3 A 3B 24 0 79
ID: A0, Data: 848 62 B3 A 1 27 1 0
ID: 43F, Data: 81 45 60 FF 59 40 2 0
ID: 153, Data: 80 0 0 FF 0 FF 0 0
ID: 43F, Data: 81 45 60 FF 59 8C 2 0
ID: 153, Data: 80 0 0 FF 0 FF 0 0
ID: 153, Data: 80 0 0 FF 0 FF 0 0
ID: 1F1, Data: 80 0 A A0 0 A A0 0
ID: 2A0, Data: 820 0 7A 18 30 0 F 0
ID: 316, Data: 845 34 A9 A 3C 24 1 79
ID: 280, Data: 830 0 84 8D 15 23 7A 5E
ID: 43F, Data: 81 45 60 FF 59 F4 2 0
ID: 316, Data: 845 34 CB A 3B 24 1 79
ID: 329, Data: 884 8D 80 8 12 2F 0 26
ID: 316, Data: 845 34 BA A 3C 24 1 79
ID: 316, Data: 845 34 B6 A 3C 24 1 79
ID: 329, Data: 8B 8D 80 8 12 2F 0 26
ID: 43F, Data: 81 45 60 FF 59 7C 3 0
ID: 43F, Data: 81 45 60 FF 59 88 3 0
ID: 43F, Data: 81 45 60 FF 59 88 3 0
ID: 316, Data: 845 34 CC A 3B 24 1 79
ID: 43F, Data: 81 45 60 FF 59 B4 3 0
ID: 1F1, Data: 80 0 E E0 0 F F0 0
ID: 153, Data: 80 0 0 FF 0 FF 0 0
ID: 316, Data: 845 34 D8 A 3C 24 1 79
ID: A0, Data: 848 63 E6 A 2 27 2 0
ID: 43F, Data: 81 45 60 FF 59 8 4 0
ID: 43F, Data: 81 45 60 FF 59 C 4 0
ID: 153, Data: 80 0 0 FF 0 FF 0 0
ID: 43F, Data: 81 45 60 FF 59 28 4 0
ID: 153, Data: 80 0 0 FF 0 FF 0 0
ID: 5A0, Data: 80 0 0 90 0 0 0 0
ID: 153, Data: 80 0 0 FF 0 FF 0 0
ID: 316, Data: 845 34 C2 A 3C 24 2 79
ID: 316, Data: 845 34 DB A 3C 24 2 79
ID: 260, Data: 8A 34 3C 30 58 FF 78 30
ID: 43F, Data: 81 45 60 FF 5A 9C 4 0
ID: 316, Data: 845 34 EC A 3B 24 2 79
ID: 2A0, Data: 8E0 0 7A 18 30 0 F 0
ID: 316, Data: 845 34 E9 A 3B 24 2 79
ID: 153, Data: 80 0 0 FF 0 FF 0 0
ID: 316, Data: 845 34 E0 A 3C 24 2 79
ID: 316, Data: 845 34 E4 A 3C 24 2 79
ID: 316, Data: 845 34 B B 3B 24 2 79
ID: 153, Data: 80 0 0 FF 0 FF 0 0
ID: 153, Data: 80 0 0 FF 0 FF 0 0
ID: A0, Data: 848 63 11 B 2 27 2 0
ID: 329, Data: 884 8E 80 8 11 2F 0 26
ID: 153, Data: 80 0 0 FF 0 FF 0 0
ID: A0, Data: 847 63 44 B 3 27 2 0
ID: 545, Data: 8E4 33 0 8C 2 1 2 1
ID: 316, Data: 845 33 47 B 3A 25 2 79
ID: 316, Data: 845 33 42 B 3A 25 2 79
ID: A1, Data: 882 7F 83 7E 2C 0 0 0
ID: 43F, Data: 81 45 60 FF 5A A8 5 0
ID: 43F, Data: 81 45 60 FF 5A D4 5 0
ID: 43F, Data: 81 45 60 FF 5A 8 6 0
ID: 329, Data: 8ED 8E 80 8 11 31 0 26
ID: 1F0, Data: 820 40 FD BF 0 0 0 0
ID: 153, Data: 80 0 0 FF 0 FF 0 0
ID: 153, Data: 80 0 0 FF 0 FF 0 0
ID: 5F0, Data: 20 0
ID: 329, Data: 840 8E 80 8 11 32 0 26
ID: 316, Data: 845 3B AC B 46 24 3 79
ID: 370, Data: 8FF E0 F0 F0 FF FF FF FF
ID: 316, Data: 845 3C FB B 45 25 3 79
ID: A0, Data: 855 63 AC B 3 2A 2 0
ID: 153, Data: 80 0 0 FF 0 FF 0 0
ID: 316, Data: 845 3D 52 C 43 25 3 79
ID: 153, Data: 80 0 0 FF 0 FF 0 0
ID: 5F0, Data: 20 0
ID: 153, Data: 80 0 0 FF 0 FF 0 0
ID: 1F0, Data: 840 40 FD BF 0 0 0 0
ID: 2A0, Data: 820 0 7A 18 30 0 F 0
ID: 545, Data: 8E4 42 0 8D 90 1 90 1
ID: 260, Data: 8A 3C 42 30 58 FF 64 36
ID: 153, Data: 80 0 0 FF 0 FF 0 0
ID: 316, Data: 845 3B 72 C 41 25 4 79
ID: 153, Data: 80 0 0 FF 0 FF 0 0
ID: 316, Data: 845 3B 82 C 41 25 4 79
ID: 316, Data: 845 3B 8C C 41 25 4 79
ID: 545, Data: 8E4 42 0 8D 81 1 81 1
ID: 5A0, Data: 80 0 0 90 0 0 0 0
ID: 153, Data: 80 0 0 FF 0 FF 0 0
ID: A1, Data: 885 80 85 7F 30 0 0 0
ID: 545, Data: 8E4 41 0 8C 80 1 80 1
ID: 2A0, Data: 8E0 0 7A 18 30 0 F 0
ID: 153, Data: 80 0 0 FF 0 FF 0 0
ID: 43F, Data: 81 45 60 FF 5A C4 8 0
ID: 18F, Data: 8AA 63 0 0 0 0 0 0
ID: 153, Data: 80 0 0 FF 0 FF 0 0
ID: 260, Data: 8A 3B 42 30 58 FF 64 A
ID: 316, Data: 845 3A 88 C 41 25 4 79
ID: A0, Data: 84F 63 88 C 5 29 2 0
ID: 316, Data: 845 3D 5E C 46 25 4 79
ID: 153, Data: 80 0 0 FF 0 FF 0 0
ID: 316, Data: 845 3D DE C 4D 25 4 79
ID: 316, Data: 845 3D 49 D 4C 25 4 79
ID: 1F0, Data: 8A3 40 FD BF 0 0 0 0
ID: 153, Data: 80 0 0 FF 0 FF 0 0
ID: 153, Data: 80 0 0 FF 0 FF 0 0
ID: 260, Data: 8A 3C 4C 30 58 FF 9F 3E
ID: 316, Data: 845 3C 58 E 4C 26 5 79
ID: 153, Data: 80 0 0 FF 0 FF 0 0
ID: 316, Data: 845 3D 91 E 4B 26 5 79
ID: 153, Data: 80 0 0 FF 0 FF 0 0
ID: 316, Data: 845 3E C8 E 4A 26 5 79
ID: 43F, Data: 81 45 60 FF 5A 30 A 0
ID: 316, Data: 845 3E 18 F 49 27 5 79
ID: 18F, Data: 8AA 65 0 0 0 0 0 0
ID: 153, Data: 80 0 0 FF 0 FF 0 0
ID: 153, Data: 80 0 0 FF 0 FF 0 0
ID: 545, Data: 8E4 54 0 8C A2 1 A2 1
ID: 316, Data: 845 3F C5 F 43 27 6 79
ID: 280, Data: 830 0 88 8E 1F 27 7A 65
ID: 43F, Data: 81 45 60 FF 5A 64 B 0
ID: 316, Data: 845 3E 27 10 3C 27 6 79
ID: 329, Data: 884 8E 80 8 11 34 1 26
ID: 153, Data: 80 0 0 FF 0 FF 0 0
ID: 316, Data: 845 3D 87 10 3D 28 6 79
ID: 153, Data: 80 0 0 FF 0 FF 0 0
ID: 545, Data: 8E4 58 0 8A 6D 1 6D 1
ID: 316, Data: 845 3C AE 10 3C 28 7 79
ID: 280, Data: 830 0 88 8E 21 25 79 60
ID: 43F, Data: 81 45 60 FF 5A CC C 0
ID: 316, Data: 845 3A CA 10 3C 28 7 79
ID: 18F, Data: 8AA 66 0 0 0 0 0 0
ID: 316, Data: 845 39 A7 10 3C 28 7 79
ID: 43F, Data: 81 45 60 FF 5A 40 D 0
ID: 316, Data: 845 38 9C 10 3D 28 7 79
ID: 280, Data: 830 0 88 8E 21 23 79 5B
ID: 316, Data: 845 38 80 10 33 28 7 79
ID: 316, Data: 845 36 80 10 32 28 7 79
ID: 153, Data: 80 0 0 FF 0 FF 0 0
ID: 316, Data: 845 34 5D 10 33 29 8 79
ID: 153, Data: 80 0 0 FF 0 FF 0 0
ID: 2A0, Data: 8A1 1 79 18 30 0 F 0
ID: 316, Data: 845 32 1A 10 35 29 8 79
ID: 1F1, Data: 80 65 39 A0 4 31 40 4
ID: 5F0, Data: 20 0
ID: 153, Data: 80 0 0 FF 0 FF 0 0
ID: 316, Data: 845 31 EF F 36 29 8 79
ID: 5F0, Data: 20 0
ID: 316, Data: 845 31 F2 F 36 29 8 79
ID: 153, Data: 80 0 0 FF 0 FF 0 0
ID: 43F, Data: 81 45 60 FF 5A 9C E 0
ID: 316, Data: 845 31 17 10 38 29 8 79
ID: 316, Data: 845 30 17 10 3A 29 8 79
ID: 153, Data: 80 0 0 FF 0 FF 0 0
ID: 316, Data: 845 30 2B 10 3A 29 8 79
ID: 316, Data: 845 30 31 10 3A 29 8 79
ID: 2A0, Data: 8C1 1 79 18 30 0 F 0
ID: 153, Data: 80 0 0 FF 0 FF 0 0
ID: 316, Data: 845 31 49 10 3A 29 8 79
ID: 153, Data: 80 0 0 FF 0 FF 0 0
ID: 316, Data: 845 31 57 10 3A 29 8 79
ID: 1F0, Data: 8BA 40 FD BF 0 0 0 0
ID: 329, Data: 840 8E 80 8 11 33 3 26
ID: 2A0, Data: 8C1 1 79 18 30 0 F 0
ID: 153, Data: 80 0 0 FF 0 FF 0 0
ID: 316, Data: 845 33 FA 10 3E 29 8 79
ID: 153, Data: 80 0 0 FF 0 FF 0 0
ID: 153, Data: 80 0 0 FF 0 FF 0 0
ID: 316, Data: 845 34 49 11 41 29 9 79
ID: 153, Data: 80 0 0 FF 0 FF 0 0
ID: 316, Data: 845 35 60 11 42 29 9 79
ID: 153, Data: 80 0 0 FF 0 FF 0 0
ID: 153, Data: 80 0 0 FF 0 FF 0 0
ID: 316, Data: 845 36 DB 11 45 29 9 79
ID: 43F, Data: 81 45 60 FF 5A 54 10 0
ID: 2A0, Data: 861 2 79 18 30 0 F 0
ID: 153, Data: 80 0 0 FF 0 FF 0 0
ID: 316, Data: 845 3A 9F 12 48 29 9 79
ID: 370, Data: 8FF E0 F0 F0 FF FF FF FF
ID: 153, Data: 80 0 0 FF 0 FF 0 0
ID: 43F, Data: 81 45 60 FF 5A 6C 11 0
ID: 18F, Data: 8AA 69 0 0 0 0 0 0
ID: 316, Data: 845 40 E1 13 4A 29 9 79
ID: 153, Data: 80 0 0 FF 0 FF 0 0
ID: 153, Data: 80 0 0 FF 0 FF 0 0
ID: 316, Data: 845 43 9E 14 49 29 9 79
ID: 440, Data: 8FE 41 9 A0 FF AA AA AA
ID: 316, Data: 845 44 81 15 48 29 A 79
ID: 153, Data: 80 0 0 FF 0 FF 0 0
ID: 153, Data: 80 0 0 FF 0 FF 0 0
ID: 316, Data: 845 41 5F 16 46 2A A 79
ID: 5F0, Data: 20 0
ID: 316, Data: 845 41 AC 16 46 2A A 79
ID: 153, Data: 80 0 0 FF 0 FF 0 0
ID: 545, Data: 8E4 88 0 8C 8A 1 8A 1
ID: 43F, Data: 81 45 60 FF 5A C 15 0
ID: 1F1, Data: 80 C9 53 E0 5 51 F0 5
ID: 43F, Data: 81 45 60 FF 5A AC 15 0
ID: 440, Data: 8FE 31 A A0 FF AA AA AA
ID: 316, Data: 845 40 27 18 44 2A B 79
ID: 5F0, Data: 20 0
ID: 153, Data: 80 0 0 FF 0 FF 0 0
ID: 1F1, Data: 80 CA 58 0 6 5A 30 6
ID: 43F, Data: 8A 45 60 FF 5A 6C 17 0
ID: 43F, Data: 8A 45 60 FF 5A 9C 17 0
ID: 316, Data: 845 3F 82 19 41 2B C 79
ID: 18F, Data: 8AA 6A 0 0 0 0 0 0
ID: 316, Data: 845 3F CE 19 40 2B C 79
ID: 370, Data: 8FF E0 F0 F0 FF FF FF FF
ID: 316, Data: 845 3F 36 1A 40 2B C 79
ID: 153, Data: 80 0 0 FF 0 FF 0 0
ID: 316, Data: 845 3E A1 1A 3F 2B C 79
ID: 316, Data: 845 3D CF 1A 3F 2B C 79
ID: 18F, Data: 8AA 6B 0 0 0 0 0 0
ID: 316, Data: 845 3D 23 1B 3F 2C D 79
ID: 43F, Data: 8A 45 60 FF 5A D8 19 0
ID: 316, Data: 845 3C 65 1B 3F 2C D 79
ID: A1, Data: 891 7D 8C 80 2C 0 0 0
ID: 153, Data: 80 0 0 FF 0 FF 0 0
ID: 316, Data: 845 3C E4 1B 3E 2C D 79
ID: 153, Data: 80 0 0 FF 0 FF 0 0
ID: 316, Data: 845 37 3F 1C 3E 2C D 79
ID: 316, Data: 845 38 54 1C 3E 2C D 79
ID: A1, Data: 891 7D 8D 80 2C 0 0 0
ID: 43F, Data: 8A 45 60 38 5A 2C 1B 0
ID: 43F, Data: 8A 45 60 38 5A 70 1B 0
ID: 280, Data: 830 0 88 8F 39 25 79 5D
ID: 153, Data: 80 0 0 FF 0 FF 0 0
ID: 316, Data: 845 37 7 1D 3D 2C D 7A
ID: 316, Data: 845 37 32 1D 3D 2C E 7A
ID: 316, Data: 845 37 27 1D 3D 2C E 7A
ID: 153, Data: 80 0 0 FF 0 FF 0 0
ID: 316, Data: 845 37 C6 1C 3D 2C E 7A
ID: 153, Data: 80 0 0 FF 0 FF 0 0
ID: 260, Data: 8A 3C 3E 30 58 FF A2 2A
ID: 316, Data: 845 37 DA 1B 3E 2C E 7A
ID: 43F, Data: 8A 45 60 38 5A 2C 19 0
ID: 316, Data: 845 37 FD 1A 40 2B E 7A
ID: A0, Data: 84D 64 BC 1A F 32 2 0
ID: 316, Data: 845 3A DF 19 42 2B F 7A
ID: 316, Data: 845 3B 69 19 42 2B F 7A
ID: 18F, Data: 8AA 6C 0 0 0 0 0 0
ID: 43F, Data: 8A 45 60 3B 5B 50 15 0
ID: 153, Data: 80 0 0 FF 0 FF 0 0
ID: 43F, Data: 8A 45 60 FF 5A 58 13 0
ID: 43F, Data: 8A 45 60 FF 5A A0 12 0
ID: 153, Data: 80 0 0 FF 0 FF 0 0
ID: 18F, Data: 8AA 6C 0 0 0 0 0 0
ID: 316, Data: 845 48 78 16 46 29 10 7A
ID: 316, Data: 845 48 5F 16 46 29 10 7A
ID: 153, Data: 80 0 0 FF 0 FF 0 0
ID: 316, Data: 845 48 72 16 46 29 10 7A
ID: 43F, Data: 8A 45 60 FF 5B 28 13 0
ID: 5F0, Data: 20 0
ID: 316, Data: 845 47 A6 16 45 29 11 7A
ID: 153, Data: 80 0 0 FF 0 FF 0 0
ID: 440, Data: 8FE 91 11 A0 FF AA AA AA
ID: 316, Data: 845 45 AC 16 46 2A 11 7A
ID: 153, Data: 80 0 0 FF 0 FF 0 0
ID: 545, Data: 8E4 81 0 8C DA 1 DA 1
ID: 316, Data: 845 44 BA 16 46 2A 11 7A
ID: 280, Data: 830 0 88 8F 2D 2A 79 67
ID: 316, Data: 845 44 EF 16 45 2A 12 7A
ID: 370, Data: 8FF E0 F0 F0 FF FF FF FF
ID: 316, Data: 845 45 3A 17 45 2A 12 7A
ID: 153, Data: 80 0 0 FF 0 FF 0 0
ID: 316, Data: 845 46 79 17 45 2A 12 7A
ID: 43F, Data: 82 45 60 FF 5A 14 15 0
ID: 153, Data: 80 0 0 FF 0 FF 0 0
ID: 5F0, Data: 20 0
ID: 1F0, Data: 8FC 3F FD BF 0 0 0 0
ID: 316, Data: 845 45 2 18 44 2A 13 7A
ID: 153, Data: 80 0 0 FF 0 FF 0 0
ID: 1F0, Data: 8FD 3F FD BF 0 0 0 0
ID: 316, Data: 845 44 54 18 44 2A 13 7A
ID: 316, Data: 845 44 6B 18 44 2A 13 7A
ID: 43F, Data: 82 45 60 FF 5A 1C 16 0
ID: 316, Data: 845 43 91 18 44 2A 13 7A
ID: A1, Data: 887 7E 84 80 31 0 0 0
ID: 316, Data: 845 43 B8 18 43 2A 14 7A
ID: 316, Data: 845 43 D0 18 43 2A 14 7A
ID: 43F, Data: 82 45 60 FF 5A B4 16 0
ID: 2A0, Data: 861 9 79 18 30 0 F 0
ID: 153, Data: 80 0 0 FF 0 FF 0 0
ID: 5F0, Data: 20 0
ID: 18F, Data: 8AA 68 0 0 0 0 0 0
ID: 2A0, Data: 8A1 9 79 18 30 0 F 0
ID: 329, Data: 8ED 8F 80 8 11 3A D 26
ID: 153, Data: 80 0 0 FF 0 FF 0 0
ID: 153, Data: 80 0 0 FF 0 FF 0 0
ID: 18F, Data: 8AA 68 0 0 0 0 0 0
ID: 316, Data: 845 41 CE 19 42 2B 15 7A
ID: 316, Data: 845 41 DF 19 42 2B 15 7A
ID: 43F, Data: 82 45 60 FF 5A E8 17 0
ID: 316, Data: 845 41 13 1A 41 2B 15 7A
ID: 153, Data: 80 0 0 FF 0 FF 0 0
ID: 316, Data: 845 41 47 1A 3A 2B 15 7A
ID: 316, Data: 845 40 59 1A 39 2B 15 7A
ID: A1, Data: 886 7F 85 80 2F 0 0 0
ID: 316, Data: 845 40 86 1A 36 2B 16 7A
ID: 316, Data: 845 40 A1 1A 36 2B 16 7A
ID: 43F, Data: 82 45 60 FF 5A C4 18 0
ID: 545, Data: 8E4 87 0 8C 41 1 41 1
ID: 153, Data: 80 0 0 FF 0 FF 0 0
ID: 316, Data: 845 39 A1 1A 2D 2B 16 7A
ID: 43F, Data: 82 45 60 FF 5A 4 19 0
ID: 316, Data: 845 36 8F 1A 24 2C 16 7A
ID: 18F, Data: 8AA 66 0 0 0 0 0 0
ID: 153, Data: 80 0 0 FF 0 FF 0 0
ID: 5F0, Data: 20 0
ID: A1, Data: 88A 7F 86 80 27 0 0 0
ID: 153, Data: 80 0 0 FF 0 FF 0 0
ID: 5F0, Data: 20 0
ID: 260, Data: 8A 2E 23 30 58 FF C8 3C
ID: 280, Data: 830 0 84 8F 34 1C 79 4A
ID: 43F, Data: 82 45 60 FF 5A 74 19 0
ID: 370, Data: 8FF DA F0 F0 FF FF FF FF
ID: 260, Data: 8A 29 23 30 58 FF B6 25
ID: 316, Data: 845 25 1 1A 23 2D 17 7A
ID: 43F, Data: 82 45 60 FF 5A 7C 19 0
ID: 153, Data: 80 0 0 FF 0 FF 0 0
ID: 260, Data: 8A 21 24 30 58 FF 99 D
ID: 43F, Data: 82 45 60 FF 5A 64 19 0
ID: 1F0, Data: 8FD 3F FD BF 0 0 0 0
ID: 153, Data: 80 0 0 FF 0 FF 0 0
ID: 153, Data: 80 0 0 FF 0 FF 0 0
ID: 43F, Data: 82 45 60 FF 5A E8 18 0
ID: A1, Data: 88C 7A 8C 79 1E 0 0 0
ID: 43F, Data: 82 45 60 FF 5A 48 19 0
ID: 153, Data: 80 0 0 FF 0 FF 0 0
ID: 370, Data: 8FF DA F0 F0 FF FF FF FF
ID: 316, Data: 845 22 2F 18 25 2C 16 7A
ID: 43F, Data: 82 45 60 FF 5A 24 19 0
ID: 316, Data: 845 23 A1 18 24 2C 16 7A
ID: A1, Data: 887 7A 87 79 22 0 0 0
ID: 370, Data: 8FF DA F0 F0 FF FF FF FF
ID: 43F, Data: 82 45 60 FF 5A F8 18 0
ID: 153, Data: 80 0 0 FF 0 FF 0 0
ID: 5F0, Data: 20 0
ID: 1F0, Data: 8FB 3F FD BF 0 0 0 0
ID: 316, Data: 845 22 CE 19 23 2D 16 7A
ID: 153, Data: 80 0 0 FF 0 FF 0 0
ID: 545, Data: 8E4 5F 0 8C 44 FF 44 FF
ID: 316, Data: 845 22 9B 19 23 2D 16 7A
ID: 43F, Data: 82 45 60 FF 5A C0 18 0
ID: 316, Data: 845 23 51 19 23 2D 16 7A
ID: 153, Data: 80 0 0 FF 0 FF 0 0
ID: 1F1, Data: 80 DA B1 30 B B6 50 B
ID: 316, Data: 845 24 40 19 23 2C 16 7A
ID: 316, Data: 845 24 51 19 23 2C 16 7A
ID: 43F, Data: 82 45 60 FF 5A E0 18 0
ID: 2A0, Data: 8E0 5 79 18 30 0 F 0
ID: 153, Data: 80 0 0 FF 0 FF 0 0
ID: 5F0, Data: 20 0
ID: 370, Data: 8FF DA F0 F0 FF FF FF FF
ID: A0, Data: 835 65 7A 19 17 2D 2 0
ID: 316, Data: 845 23 48 19 22 2D 16 7A
ID: 316, Data: 845 23 40 19 22 2D 16 7A
ID: 316, Data: 845 22 30 19 22 2D 16 7A
ID: 18F, Data: 8AA 60 0 0 0 0 0 0
ID: 43F, Data: 82 45 60 FF 5A C4 18 0
ID: 153, Data: 80 0 0 FF 0 FF 0 0
ID: 153, Data: 80 0 0 FF 0 FF 0 0
ID: 316, Data: 845 22 F8 18 22 2D 16 7A
ID: 153, Data: 80 0 0 FF 0 FF 0 0
ID: 280, Data: 830 0 84 90 31 1A 79 44
ID: 316, Data: 845 22 8 19 22 2D 16 7A
ID: A1, Data: 88A 7B 8C 7A 20 0 0 0
ID: 43F, Data: 82 45 60 FF 5A B4 18 0
ID: 1F1, Data: 80 41 B1 F0 A B3 40 B
ID: 153, Data: 80 0 0 FF 0 FF 0 0
ID: 153, Data: 80 0 0 FF 0 FF 0 0
ID: 2A0, Data: 840 4 79 18 30 0 F 0
ID: 316, Data: 845 21 C0 18 22 2D 16 7A
ID: 316, Data: 845 21 B8 18 22 2D 16 7A
ID: 43F, Data: 82 45 60 FF 5A 70 18 0
ID: 18F, Data: 8AA 5D 0 0 0 0 0 0
ID: 153, Data: 80 0 0 FF 0 FF 0 0
ID: A0, Data: 832 65 3E 18 16 2C 2 0
ID: 545, Data: 8E4 4D 0 8D 35 FF 35 FF
ID: 153, Data: 80 0 0 FF 0 FF 0 0
ID: 316, Data: 845 21 27 18 22 2D 16 7A
ID: 440, Data: 8FE 22 16 A0 FF AA AA AA
ID: 545, Data: 8E4 50 0 8D 39 FF 39 FF
ID: 153, Data: 80 0 0 FF 0 FF 0 0
ID: 1F1, Data: 80 85 AE D0 A B2 10 B
ID: 316, Data: 845 21 4D 18 22 2D 16 7A
ID: 18F, Data: 8AA 5C 0 0 0 0 0 0
ID: 316, Data: 845 21 3E 18 22 2D 15 7A
ID: 43F, Data: 82 45 60 FF 5B 2C 18 0
ID: 545, Data: 8E4 51 0 8D 2F FF 2F FF
ID: 153, Data: 80 0 0 FF 0 FF 0 0
ID: 316, Data: 845 28 73 18 26 2D 15 7A
ID: 316, Data: 845 28 99 18 26 2D 15 7A
ID: 43F, Data: 82 45 60 FF 5B 54 18 0
ID: 153, Data: 80 0 0 FF 0 FF 0 0
ID: A1, Data: 88B 7A 88 7B 1F 0 0 0
ID: 329, Data: 8ED 91 80 8 11 33 2 26
ID: 370, Data: 8FF DA F0 F0 FF FF FF FF
ID: 153, Data: 80 0 0 FF 0 FF 0 0
ID: 316, Data: 845 27 2F 18 2C 2D 15 7A
ID: 316, Data: 845 27 20 18 2D 2D 15 7A
ID: 153, Data: 80 0 0 FF 0 FF 0 0
ID: 316, Data: 845 27 FB 17 30 2D 15 7A
ID: 43F, Data: 82 45 60 FF 5B 8C 17 0
ID: A1, Data: 88B 7A 88 7B 1F 0 0 0
ID: 5F0, Data: 20 0
ID: 1F0, Data: 8FB 3F FD BF 0 0 0 0
ID: 316, Data: 845 2B 27 18 2F 2C 15 7A
ID: 153, Data: 80 0 0 FF 0 FF 0 0
ID: A1, Data: 888 7A 86 7B 21 0 0 0
ID: 2A0, Data: 880 3 78 18 30 0 F 0
ID: 260, Data: 8A 2E 24 30 58 FF C2 13
ID: A1, Data: 887 7A 85 7B 22 0 0 0
ID: 153, Data: 80 0 0 FF 0 FF 0 0
ID: 43F, Data: 82 45 60 FF 5A 84 17 0
ID: 153, Data: 80 0 0 FF 0 FF 0 0
ID: 153, Data: 80 0 0 FF 0 FF 0 0
ID: 316, Data: 845 2A 3E 18 24 2C 15 7A
ID: 153, Data: 80 0 0 FF 0 FF 0 0
ID: 329, Data: 840 91 80 8 11 33 0 26
ID: 316, Data: 845 25 DD 17 25 2C 15 7A
ID: 2A0, Data: 880 3 78 18 30 0 F 0
ID: 43F, Data: 82 45 60 FF 5B 48 17 0
ID: 153, Data: 80 0 0 FF 0 FF 0 0
ID: 2A0, Data: 880 3 78 18 30 0 F 0
ID: 316, Data: 845 20 18 17 26 2C 15 7A
ID: 316, Data: 845 20 FD 16 26 2C 15 7A
ID: 43F, Data: 82 45 60 FF 5B CC 16 0
ID: 260, Data: 8A 21 27 30 58 FF 84 1F
ID: 316, Data: 845 23 92 16 27 2C 14 7A
ID: 316, Data: 845 23 6B 16 27 2C 14 7A
ID: 153, Data: 80 0 0 FF 0 FF 0 0
ID: 2A0, Data: 8E0 2 78 18 30 0 F 0
ID: 316, Data: 845 25 E2 16 26 2C 14 7A
ID: 316, Data: 845 25 A 17 26 2C 14 7A
ID: 316, Data: 845 26 33 17 25 2C 14 7A
ID: 316, Data: 845 26 56 17 25 2C 14 7A
ID: 316, Data: 845 26 80 17 25 2C 14 7A
ID: A0, Data: 836 65 33 17 15 2C 2 0
ID: 153, Data: 80 0 0 FF 0 FF 0 0
ID: 370, Data: 8FF D8 F0 F0 FF FF FF FF
ID: 316, Data: 845 25 72 17 25 2C 14 7A
ID: 5F0, Data: 20 0
ID: 316, Data: 845 25 FD 16 26 2C 14 7A
ID: 153, Data: 80 0 0 FF 0 FF 0 0
ID: 316, Data: 845 26 EF 16 26 2B 14 7A
ID: 43F, Data: 82 45 60 FF 5B 4C 16 0
ID: 316, Data: 845 26 F6 16 25 2B 14 7A
ID: 260, Data: 8A 26 25 30 58 FF 88 27
ID: 153, Data: 80 0 0 FF 0 FF 0 0
ID: 153, Data: 80 0 0 FF 0 FF 0 0
ID: 280, Data: 830 0 84 91 2D 1C 78 47
ID: 316, Data: 845 26 C0 16 25 2B 14 7A
ID: 153, Data: 80 0 0 FF 0 FF 0 0
ID: 153, Data: 80 0 0 FF 0 FF 0 0
ID: 43F, Data: 82 45 60 FF 5B 4 16 0
ID: 153, Data: 80 0 0 FF 0 FF 0 0
ID: 316, Data: 845 26 85 16 24 2B 13 7A
ID: 153, Data: 80 0 0 FF 0 FF 0 0
ID: 280, Data: 830 0 84 91 2C 1C 78 46
ID: 5A0, Data: 80 0 0 90 0 0 0 0
ID: A0, Data: 835 66 7F 16 14 2B 2 0
ID: 316, Data: 845 25 85 16 24 2B 13 7A
ID: 260, Data: 8A 25 24 30 58 FF 87 39
ID: 43F, Data: 82 45 60 FF 5B BC 15 0
ID: 2A0, Data: 840 2 78 18 30 0 F 0
ID: 153, Data: 80 0 0 FF 0 FF 0 0
ID: 5F0, Data: 20 0
ID: 43F, Data: 82 45 60 FF 5B 98 15 0
ID: 1F0, Data: 8FD 3F FD BF 0 0 0 0
ID: 1F0, Data: 8FD 3F FD BF 0 0 0 0
ID: 153, Data: 80 0 0 FF 0 FF 0 0
ID: 316, Data: 845 23 E7 15 24 2C 13 7A
ID: 153, Data: 80 0 0 FF 0 FF 0 0
ID: 260, Data: 8A 24 25 30 58 FF 85 2C
ID: 316, Data: 845 24 B7 15 24 2B 13 7A
ID: 153, Data: 80 0 0 FF 0 FF 0 0
ID: 316, Data: 845 24 87 15 25 2B 13 7A
ID: 153, Data: 80 0 0 FF 0 FF 0 0
ID: A1, Data: 88A 7D 88 7C 20 0 0 0
ID: 2A0, Data: 820 2 78 18 30 0 F 0
ID: 2A0, Data: 840 2 78 18 30 0 F 0
ID: 18F, Data: 8AA 56 0 0 0 0 0 0
ID: 153, Data: 80 0 0 FF 0 FF 0 0
ID: 2A0, Data: 820 1 78 18 30 0 F 0
ID: 440, Data: 8FE D2 12 A0 FF AA AA AA
ID: 43F, Data: 82 45 60 FF 5B B4 14 0
ID: 316, Data: 845 24 29 15 25 2B 12 7A
ID: 153, Data: 80 0 0 FF 0 FF 0 0
ID: 43F, Data: 82 45 60 FF 5B 94 14 0
ID: 153, Data: 80 0 0 FF 0 FF 0 0
ID: 43F, Data: 82 45 60 FF 5B 78 14 0
ID: 153, Data: 80 0 0 FF 0 FF 0 0
ID: 153, Data: 80 0 0 FF 0 FF 0 0
ID: 316, Data: 845 24 DA 14 25 2B 12 7A
ID: A0, Data: 835 66 CF 14 13 2B 2 0
ID: 316, Data: 845 24 B9 14 25 2B 12 7A
ID: 545, Data: 8E4 49 0 8D 8A FF 8A FF
ID: 43F, Data: 82 45 60 FF 5B 2C 14 0
ID: 260, Data: 8A 25 25 30 58 FF 84 3B
ID: 153, Data: 80 0 0 FF 0 FF 0 0
ID: 316, Data: 845 25 7D 14 25 2B 12 7A
ID: 316, Data: 845 25 78 14 25 2B 12 7A
ID: 43F, Data: 82 45 60 FF 5B DC 13 0
ID: 316, Data: 845 25 6D 14 25 2B 12 7A
ID: A1, Data: 887 7E 87 7C 21 0 0 0
ID: 153, Data: 80 0 0 FF 0 FF 0 0
ID: 316, Data: 845 25 43 14 25 2B 12 7A
ID: 153, Data: 80 0 0 FF 0 FF 0 0
ID: A1, Data: 885 7E 87 7C 21 0 0 0
ID: 280, Data: 830 0 84 92 28 1B 78 47
ID: 329, Data: 8B 92 80 8 11 32 0 26
ID: 43F, Data: 82 45 60 FF 5B 68 13 0
ID: 1F0, Data: 80 40 FD BF 0 0 0 0
ID: 280, Data: 830 0 84 92 27 1C 78 47
ID: 316, Data: 845 26 E6 13 26 2B 11 7A
ID: 370, Data: 8FF DA F0 F0 FF FF FF FF
ID: 280, Data: 830 0 84 92 27 1C 78 48
ID: 1F0, Data: 80 40 FD BF 0 0 0 0
ID: 329, Data: 8B 92 80 8 11 32 0 26
ID: 316, Data: 845 26 B4 13 26 2B 11 7A
ID: A1, Data: 885 7E 85 7C 22 0 0 0
ID: 316, Data: 845 26 A5 13 26 2B 11 7A
ID: 316, Data: 845 26 88 13 26 2B 11 7A
ID: 153, Data: 80 0 0 FF 0 FF 0 0
ID: 280, Data: 830 0 84 92 27 1C 78 48
ID: 316, Data: 845 26 96 13 26 2A 11 7A
ID: 43F, Data: 82 45 60 FF 5B E4 12 0
ID: 316, Data: 845 26 57 13 27 2A 11 7A
ID: A1, Data: 885 7E 87 7C 22 0 0 0
ID: 43F, Data: 82 45 60 FF 5B C0 12 0
ID: 316, Data: 845 26 61 13 26 2A 11 7A
ID: A0, Data: 837 66 61 13 11 2A 2 0
ID: 316, Data: 845 26 49 13 26 2A 11 7A
ID: 316, Data: 845 26 2C 13 27 2A 11 7A
ID: 43F, Data: 82 45 60 FF 5B 78 12 0
ID: 2A0, Data: 880 0 78 18 30 0 F 0
ID: 5F0, Data: 20 0
ID: 316, Data: 845 26 3F 13 27 2A 10 7A
ID: 153, Data: 80 0 0 FF 0 FF 0 0
ID: 545, Data: 8E4 47 0 8D BA FF BA FF
ID: 316, Data: 845 26 23 13 27 2A 10 7A
ID: 43F, Data: 82 45 60 FF 5B 50 12 0
ID: 316, Data: 845 27 1E 13 27 2A 10 7A
ID: A1, Data: 887 7E 89 7C 23 0 0 0
ID: 316, Data: 845 26 15 13 27 2A 10 7A
ID: 316, Data: 845 26 F5 12 27 2A 10 7A
ID: 153, Data: 80 0 0 FF 0 FF 0 0
ID: 545, Data: 8E4 45 0 8D BF FF BF FF
ID: 316, Data: 845 26 E7 12 27 2A 10 7A
ID: 43F, Data: 82 45 60 FF 5B 20 12 0
ID: 316, Data: 845 27 D9 12 27 2A 10 7A
ID: A1, Data: 887 7E 89 7C 23 0 0 0
ID: 5F0, Data: 20 0
ID: 316, Data: 845 26 C7 12 27 2A 10 7A
ID: 316, Data: 845 27 C3 12 27 2A 10 7A
ID: 370, Data: 8FF DB F0 F0 FF FF FF FF
ID: 316, Data: 845 27 B5 12 27 2A 10 7A
ID: 43F, Data: 82 45 60 FF 5B D4 11 0
ID: 2A0, Data: 8E0 0 78 18 30 0 F 0
ID: 153, Data: 80 0 0 FF 0 FF 0 0
ID: 316, Data: 845 27 B1 12 27 2A 10 7A
ID: 43F, Data: 82 45 60 FF 5B C8 11 0
ID: 316, Data: 845 27 96 12 27 2A 10 7A
ID: 153, Data: 80 0 0 FF 0 FF 0 0
ID: 153, Data: 80 0 0 FF 0 FF 0 0
ID: 316, Data: 845 27 89 12 28 2A 10 7A
ID: 153, Data: 80 0 0 FF 0 FF 0 0
ID: 280, Data: 830 0 84 93 24 1D 78 4A
ID: 316, Data: 845 27 6A 12 28 2A 10 7A
ID: 43F, Data: 82 45 60 FF 5B 84 11 0
ID: 316, Data: 845 27 66 12 28 2A 10 7A
ID: A0, Data: 838 67 6E 12 10 2A 2 0
ID: 316, Data: 845 28 6A 12 28 2A F 7A
ID: 316, Data: 845 28 59 12 28 2A F 7A
ID: 43F, Data: 82 45 60 FF 5B 5C 11 0
ID: 316, Data: 845 28 3B 12 28 2A F 7A
ID: A1, Data: 887 7E 85 7C 24 0 0 0
ID: 153, Data: 80 0 0 FF 0 FF 0 0
ID: 316, Data: 845 28 26 12 28 2A F 7A
ID: 5F0, Data: 20 0
ID: 329, Data: 884 93 80 8 12 32 0 26
ID: 316, Data: 845 28 EB 11 28 2A F 7A
ID: 153, Data: 80 0 0 FF 0 FF 0 0
ID: 5F0, Data: 20 0
ID: 153, Data: 80 0 0 FF 0 FF 0 0
ID: 153, Data: 80 0 0 FF 0 FF 0 0
ID: 260, Data: 8A 29 29 30 58 FF 83 16
ID: 329, Data: 840 93 80 8 12 32 0 26
ID: 153, Data: 80 0 0 FF 0 FF 0 0
ID: 316, Data: 845 29 BB 11 28 29 F 7A
ID: 370, Data: 8FF DB F0 F0 FF FF FF FF
ID: 280, Data: 830 0 84 93 23 1D 78 4D
ID: 316, Data: 845 29 9B 11 29 29 F 7A
ID: 2A0, Data: 840 0 78 18 30 0 F 0
ID: 316, Data: 845 29 39 11 29 29 F 7A
ID: 316, Data: 845 29 36 11 29 29 E 7A
ID: 545, Data: 8E4 41 0 8D 5 0 5 0
ID: 316, Data: 845 29 2A 11 29 29 E 7A
ID: 153, Data: 80 0 0 FF 0 FF 0 0
ID: 316, Data: 845 29 1F 11 2A 29 E 7A
ID: 316, Data: 845 29 2A 11 2A 29 E 7A
ID: 18F, Data: 8AA 53 0 0 0 0 0 0
ID: 370, Data: 8FF DB F0 F0 FF FF FF FF
ID: 153, Data: 80 0 0 FF 0 FF 0 0
ID: 329, Data: 840 93 80 8 11 31 0 26
ID: 43F, Data: 82 45 60 FF 5B CC F 0
ID: 43F, Data: 82 45 60 FF 5B D4 F 0
ID: 1F0, Data: 8FA 3F FD BF 0 0 0 0
ID: 153, Data: 80 0 0 FF 0 FF 0 0
ID: 316, Data: 845 29 C 11 2A 29 E 7A
ID: 153, Data: 80 0 0 FF 0 FF 0 0
ID: 370, Data: 8FF DB F0 F0 FF FF FF FF
ID: 43F, Data: 82 45 60 FF 5B C0 F 0
ID: 545, Data: 8E4 40 0 8D 1 0 1 0
ID: 18F, Data: 8AA 53 0 0 0 0 0 0
ID: A0, Data: 839 67 C 11 E 29 2 0
ID: 316, Data: 845 2F 9 11 3D 29 E 7A
ID: 316, Data: 845 2F 1B 11 41 29 E 7A
ID: 43F, Data: 82 45 60 FF 5B B8 F 0
ID: 440, Data: 8FE 22 E A0 FF AA AA AA
ID: 316, Data: 845 37 39 11 5E 29 E 7A
ID: 153, Data: 80 0 0 FF 0 FF 0 0
ID: 316, Data: 845 41 9F 11 69 28 E 7A
ID: 5F0, Data: 20 0
ID: 280, Data: 830 0 88 93 24 31 78 78
ID: 316, Data: 845 50 DE 12 6E 27 E 7A
ID: 316, Data: 845 57 CD 13 6E 26 E 7A
ID: 316, Data: 845 5B 93 14 71 26 E 7A
ID: 43F, Data: 82 45 60 FF 5B 84 10 0
ID: 43F, Data: 82 45 60 FF 5B B8 10 0
ID: 545, Data: 8E4 EE 0 8D B6 4 B6 4
ID: 153, Data: 80 0 0 FF 0 FF 0 0
ID: 5A0, Data: 80 0 0 90 0 0 0 0
ID: 153, Data: 80 0 0 FF 0 FF 0 0
ID: 260, Data: 8A 6B 6D 30 58 FF A0 19
ID: 316, Data: 845 69 52 1B 6C 26 F 7A
ID: 43F, Data: 82 45 60 FF 5B 10 12 0
ID: 370, Data: 8FF DB F0 F0 FF FF FF FF
ID: 440, Data: 8FE 22 10 A0 FF AA AA AA
ID: 316, Data: 845 67 EE 1B 64 27 10 7A
ID: 43F, Data: 82 45 60 FF 5B 54 13 0
ID: 153, Data: 80 0 0 FF 0 FF 0 0
ID: 153, Data: 80 0 0 FF 0 FF 0 0
ID: 329, Data: 8ED 94 80 8 11 43 21 26
ID: 43F, Data: 82 45 60 FF 5B 68 14 0
ID: A0, Data: 86D 67 C 1C 11 3A 2 0
ID: 153, Data: 80 0 0 FF 0 FF 0 0
ID: 316, Data: 845 5D C7 1B 5F 27 11 7A
ID: 440, Data: 8FE 72 12 A0 FF AA AA AA
ID: 545, Data: 8E4 CA 0 8D B6 3 B6 3
ID: 43F, Data: 82 45 60 FF 5B 4 16 0
ID: 153, Data: 80 0 0 FF 0 FF 0 0
ID: 280, Data: 830 0 88 94 37 38 78 85
ID: 316, Data: 845 5B 17 1C 5E 27 12 7A
ID: 43F, Data: 82 45 60 FF 5B EC 16 0
ID: 316, Data: 845 5A 3F 1C 5F 27 13 7A
ID: A0, Data: 86B 67 2B 1C 13 39 2 0
ID: 316, Data: 845 5A 54 1C 6A 28 13 7A
ID: 316, Data: 845 5C 68 1C 6E 27 13 7A
ID: 153, Data: 80 0 0 FF 0 FF 0 0
ID: A0, Data: 87B 67 BC 1C 14 3D 2 0
ID: 316, Data: 845 65 27 1D 6C 27 14 7A
ID: 153, Data: 80 0 0 FF 0 FF 0 0
ID: 316, Data: 845 68 13 1E 6B 27 15 7A
ID: 153, Data: 80 0 0 FF 0 FF 0 0
ID: 260, Data: 8A 68 6C 30 58 FF AB 12
ID: 316, Data: 845 68 DD 1E 6C 27 15 7A
ID: 43F, Data: 82 45 60 FF 5B 24 1A 0
ID: 316, Data: 845 68 40 1F 74 27 16 7A
ID: A1, Data: 884 7B 83 7E 46 0 0 0
ID: 316, Data: 845 77 A5 1F 81 26 16 7A
ID: 316, Data: 845 7B 1A 20 81 26 17 7A
ID: 153, Data: 80 0 0 FF 0 FF 0 0
ID: 260, Data: 8A 80 82 30 58 FF 9D 0
ID: 316, Data: 845 7E 4E 22 80 26 17 7A
ID: A1, Data: 883 7B 81 7E 51 0 0 0
ID: 316, Data: 845 7C F7 22 7F 26 18 7A
ID: 153, Data: 80 0 0 FF 0 FF 0 0
ID: 440, Data: 8FE 82 1A A0 FF AA AA AA
ID: 43F, Data: 82 45 60 FF 5B 38 1E 0
ID: 316, Data: 845 7C C7 23 7E 26 1A 7A
ID: A0, Data: 894 68 F8 23 1A 48 2 0
ID: 1F0, Data: 8D3 3F FD BF 0 0 0 0
ID: 316, Data: 845 7C 90 24 7E 26 1B 7A
ID: 280, Data: 830 0 88 94 49 4B 78 AD
ID: 370, Data: 8FF DB F0 F0 FF FF FF FF
ID: 2A0, Data: 8A1 19 78 18 30 0 F 0
ID: 1F0, Data: 8D9 3F FD BF 0 0 0 0
ID: 316, Data: 845 7C 86 25 7F 26 1C 7A
ID: 316, Data: 845 7B E0 25 81 26 1D 7A
ID: 440, Data: 8FE 22 1E A0 FF AA AA AA
ID: 260, Data: 8A 80 88 30 58 FF A5 1
ID: 316, Data: 845 85 4A 27 88 27 1E 7A
ID: 329, Data: 8ED 94 80 8 11 59 41 26
ID: 316, Data: 845 86 52 28 87 27 1F 7A
ID: 2A0, Data: 8C1 1D 78 18 30 0 F 0
ID: 43F, Data: 8B 45 60 FF 5B 9C 24 0
ID: 43F, Data: 8B 45 60 FF 5A 0 25 0
ID: 2A0, Data: 8C1 1E 78 18 30 0 F 0
ID: 440, Data: 8FE 82 21 A0 FF AA AA AA
ID: 1F0, Data: 8E6 3F FD BF 0 0 0 0
ID: 18F, Data: 8AA 53 0 0 0 0 0 0
ID: 260, Data: 8A 6D 14 30 58 FF A2 31
ID: 280, Data: 830 0 84 94 52 32 78 7B
ID: 316, Data: 845 3E D5 26 19 2B 22 7A
ID: 316, Data: 845 32 E6 24 1A 2C 22 7A
ID: 153, Data: 80 0 0 FF 0 FF 0 0
ID: 260, Data: 8A 22 1F 30 58 FF 94 25
ID: 316, Data: 845 1E 59 1E 20 2D 22 7A
ID: 43F, Data: 8B 45 60 FF 5B 8 1D 0
ID: 316, Data: 845 20 C 1C 21 2C 22 7A
ID: 18F, Data: 8AA 53 0 0 0 0 0 0
ID: 316, Data: 845 23 24 1A 22 2C 22 7A
ID: 440, Data: 8FE 22 23 A0 FF AA AA AA
ID: 329, Data: 884 94 80 8 11 36 0 26
ID: 43F, Data: 8B 45 60 FF 5B E0 18 0
ID: 316, Data: 845 28 B0 18 23 2B 23 7A
ID: A1, Data: 880 7E 7A 7C 24 0 0 0
ID: 316, Data: 845 28 38 19 23 2B 22 7A
ID: 316, Data: 845 28 61 19 23 2B 22 7A
ID: 43F, Data: 8B 45 60 FF 5B 2C 19 0
ID: 545, Data: 8E4 55 0 8D A3 FF A3 FF
ID: 5F0, Data: 20 0
ID: 316, Data: 845 25 93 19 23 2B 22 7A
ID: 153, Data: 80 0 0 FF 0 FF 0 0
ID: 1F0, Data: 8F9 3F FD BF 0 0 0 0
ID: A0, Data: 834 68 82 19 23 2D 2 0
ID: A0, Data: 834 68 82 19 23 2D 2 0
ID: 43F, Data: 83 45 60 FF 5B D0 18 0
ID: 153, Data: 80 0 0 FF 0 FF 0 0
ID: 316, Data: 845 25 8 19 23 2B 22 7A
ID: 43F, Data: 83 45 60 FF 5B C4 18 0
ID: 18F, Data: 8AA 52 0 0 0 0 0 0
ID: 316, Data: 845 24 20 19 23 2B 22 7A
ID: 370, Data: 8FF DB F0 FF FF FF FF FF
ID: 316, Data: 845 24 20 19 23 2B 22 7A
ID: 153, Data: 80 0 0 FF 0 FF 0 0
ID: 545, Data: 8E4 55 0 8D 82 FF 82 FF
ID: 43F, Data: 83 48 60 FF 5B 80 18 0
ID: 153, Data: 80 0 0 FF 0 FF 0 0
ID: 316, Data: 845 24 F0 18 23 2B 22 7A
ID: 153, Data: 80 0 0 FF 0 FF 0 0
ID: 316, Data: 845 24 C0 18 22 2B 22 7A
ID: 316, Data: 845 24 A1 18 22 2B 22 7A
ID: 153, Data: 80 0 0 FF 0 FF 0 0
ID: 280, Data: 830 0 84 95 31 1B 77 46
ID: 316, Data: 845 24 A1 18 22 2B 22 7A
ID: 43F, Data: 83 48 60 FF 5B 60 18 0
ID: 5F0, Data: 20 0
ID: A0, Data: 833 68 B0 18 22 2C 2 0
ID: 260, Data: 8A 24 22 30 58 FF 88 1D
ID: 43F, Data: 83 48 60 FF 5B 30 18 0
ID: 316, Data: 845 23 A1 18 22 2B 21 7A
ID: 2A0, Data: 820 10 77 18 30 0 F 0
ID: 153, Data: 80 0 0 FF 0 FF 0 0
ID: 316, Data: 845 22 2F 18 22 2B 21 7A
ID: 316, Data: 845 22 18 18 22 2B 21 7A
ID: A1, Data: 884 7E 84 7C 20 0 0 0
ID: 316, Data: 845 22 F3 17 22 2B 21 7A
ID: 316, Data: 845 22 F3 17 22 2B 21 7A
ID: 316, Data: 845 22 DD 17 22 2B 21 7A
ID: 2A0, Data: 880 E 77 18 30 0 F 0
ID: 153, Data: 80 0 0 FF 0 FF 0 0
ID: 316, Data: 845 23 80 17 22 2B 20 7A
ID: 43F, Data: 843 48 60 FF 5B 44 17 0
ID: 2A0, Data: 820 E 77 18 30 0 F 0
ID: 316, Data: 845 22 41 17 22 2B 20 7A
ID: 153, Data: 80 0 0 FF 0 FF 0 0
ID: A1, Data: 884 7E 84 7C 20 0 0 0
ID: 280, Data: 830 0 84 95 2D 19 77 43
ID: 280, Data: 830 0 84 95 2C 1A 77 44
ID: 43F, Data: 843 48 60 FF 5B 30 16 0
ID: 329, Data: 840 95 80 8 12 33 0 26
ID: 316, Data: 845 23 C9 15 24 2B 1F 7A
ID: 316, Data: 845 23 AB 15 24 2B 1F 7A
ID: 43F, Data: 843 48 60 FF 5B C8 15 0
ID: 5F0, Data: 20 0
ID: 153, Data: 80 0 0 FF 0 FF 0 0
ID: 43F, Data: 843 48 60 FF 5B 68 15 0
ID: 18F, Data: 8AA 51 0 0 0 0 0 0
ID: 43F, Data: 843 48 60 FF 5B C 15 0
ID: 153, Data: 80 0 0 FF 0 FF 0 0
ID: 153, Data: 80 0 0 FF 0 FF 0 0
ID: 316, Data: 845 1F 14 14 1B 21 1D 7A
ID: A1, Data: 886 7E 86 7C 1F 0 0 0
ID: 316, Data: 845 1E 36 13 1C 21 1C 7A
ID: 316, Data: 845 1E B5 12 1D 21 1C 7A
ID: 43F, Data: 843 48 60 FF 5B 90 13 0
ID: 18F, Data: 8AA 51 0 0 0 0 0 0
ID: 1F1, Data: 80 43 D5 D0 C D8 20 D
ID: 5F0, Data: 20 0
ID: 316, Data: 85 1E E7 12 1D 21 1A 7A
ID: 316, Data: 85 1D F5 12 1D 21 1A 7A
ID: 316, Data: 85 1D D0 12 1D 21 1A 7A
ID: 5F0, Data: 20 0
ID: 316, Data: 85 1D 6E 12 1D 21 19 7A
ID: 1F0, Data: 8DD 3F FD BF 0 0 0 0
ID: 1F0, Data: 8DD 3F FD BF 0 0 0 0
ID: 43F, Data: 843 48 60 FF 5B 30 11 0
ID: 43F, Data: 843 48 60 FF 5C 18 11 0
ID: 316, Data: 85 1D 64 11 1F 21 17 7A
ID: 153, Data: 80 0 0 FF 0 FF 0 0
ID: 316, Data: 85 1E E4 10 20 20 17 7A
ID: 316, Data: 85 1E C3 10 20 20 16 7A
ID: 329, Data: 8B 96 80 8 12 2F 0 26
ID: 43F, Data: 843 48 60 FF 5C B0 F 0
ID: 153, Data: 80 0 0 FF 0 FF 0 0
ID: 329, Data: 840 96 80 8 12 2F 0 26
ID: 43F, Data: 83 48 60 FF 5B 1C F 0
ID: 440, Data: 8FE 63 15 A0 FF AA AA AA
ID: 153, Data: 80 0 0 FF 0 FF 0 0
ID: 316, Data: 85 20 B5 F 22 20 14 7A
ID: 316, Data: 85 20 7A F 22 20 14 7A
ID: 280, Data: 830 0 84 96 1E 18 77 43
ID: 153, Data: 80 0 0 FF 0 FF 0 0
ID: 316, Data: 85 21 EC E 23 1F 13 7A
ID: 153, Data: 80 0 0 FF 0 FF 0 0
ID: 316, Data: 85 21 8B E 24 1F 12 7A
ID: 316, Data: 85 21 63 E 24 1F 12 7A
ID: 280, Data: 830 0 84 96 1C 19 77 45
ID: 43F, Data: 83 48 60 FF 5B 88 C 0
ID: 316, Data: 85 22 AE D 26 1F 11 7A
ID: 329, Data: 8B 96 80 8 12 2E 0 26
ID: 153, Data: 80 0 0 FF 0 FF 0 0
ID: 153, Data: 80 0 0 FF 0 FF 0 0
ID: 440, Data: 8FE B3 10 A0 FF AA AA AA
ID: 260, Data: 8A 25 27 30 58 FF 75 2A
ID: 316, Data: 85 25 5 D 27 1E 10 7A
ID: A0, Data: 838 69 EF C 10 26 2 0
ID: 153, Data: 80 0 0 FF 0 FF 0 0
ID: 316, Data: 85 26 A2 C 28 1E F 7A
ID: 260, Data: 8A 26 29 30 58 FF 75 9
ID: 153, Data: 80 0 0 FF 0 FF 0 0
ID: 316, Data: 85 26 6E C 29 1E E 7A
ID: 153, Data: 80 0 0 FF 0 FF 0 0
ID: 5F0, Data: 20 0
ID: 43F, Data: 83 48 60 FF 5C 3C A 0
ID: 316, Data: 85 27 31 C 29 1D E 7A
ID: 5F0, Data: 20 0
ID: 316, Data: 85 27 31 C 2A 1D E 7A
ID: 153, Data: 80 0 0 FF 0 FF 0 0
ID: 316, Data: 85 27 24 C 2A 1D E 7A
ID: 316, Data: 85 27 31 C 2A 1D E 7A
ID: 316, Data: 85 27 35 C 29 1D E 7A
ID: 260, Data: 8A 28 2A 30 58 FF 74 25
ID: 153, Data: 80 0 0 FF 0 FF 0 0
ID: 43F, Data: 83 48 60 FF 5C 4C A 0
ID: 153, Data: 80 0 0 FF 0 FF 0 0
ID: 316, Data: 85 27 4E C 29 1D E 7A
ID: 316, Data: 85 27 4C C 29 1D E 7A
ID: 153, Data: 80 0 0 FF 0 FF 0 0
ID: 316, Data: 85 2D 6C C 52 1D E 7A
ID: 153, Data: 80 0 0 FF 0 FF 0 0
ID: 316, Data: 85 30 DC C 54 1E E 7A
ID: 316, Data: 85 32 12 D 54 1D E 7A
ID: 153, Data: 80 0 0 FF 0 FF 0 0
ID: 2A0, Data: 861 6 77 18 30 0 F 0
ID: 316, Data: 85 3C C8 D 5C 1D E 7A
ID: 316, Data: 85 3E FE D 61 1C E 7A
ID: 260, Data: 8A 42 64 30 58 FF 9F 2E
ID: 370, Data: 8FF DB F0 FF FF FF FF FF
ID: 5F0, Data: 20 0
ID: 153, Data: 80 0 0 FF 0 FF 0 0
ID: 153, Data: 80 0 0 FF 0 FF 0 0
ID: 2A0, Data: 8C1 8 77 18 30 0 F 0
ID: 316, Data: 85 4E 36 13 5A 1D E 7A
ID: 316, Data: 85 4F D7 13 58 1D E 7A
ID: 43F, Data: 83 48 60 FF 5C 3C B 0
ID: 316, Data: 85 4F 46 15 56 1D F 7A
ID: 153, Data: 80 0 0 FF 0 FF 0 0
ID: 260, Data: 8A 4F 56 30 58 FF B5 19
ID: 316, Data: 85 4E 9F 16 54 1D F 7A
ID: 43F, Data: 83 48 60 FF 5C C0 B 0
ID: 316, Data: 85 4F 18 17 54 1D F 7A
ID: 316, Data: 85 4F 41 17 54 1D 10 7A
ID: A1, Data: 881 7B 81 7E 3C 0 0 0
ID: 316, Data: 85 4E 80 17 54 1D 10 7A
ID: 153, Data: 80 0 0 FF 0 FF 0 0
ID: 18F, Data: 8AA 45 0 0 0 0 0 0
ID: 316, Data: 85 4F 8E 17 3D 1D 10 7A
ID: 5F0, Data: 20 0
ID: A1, Data: 881 7B 81 7E 3C 0 0 0
ID: 18F, Data: 8AA 45 0 0 0 0 0 0
ID: A1, Data: 881 7B 80 7E 3B 0 0 0
ID: 329, Data: 840 97 80 8 11 36 0 26
ID: 545, Data: 8E4 7A 0 8B 69 2 69 2
ID: 153, Data: 80 0 0 FF 0 FF 0 0
ID: 316, Data: 85 39 4B 16 19 1E 12 7A
ID: 153, Data: 80 0 0 FF 0 FF 0 0
ID: 316, Data: 85 30 E0 14 22 1F 13 7A
ID: 1F1, Data: 80 98 95 D0 9 97 20 A
ID: 329, Data: 8B 97 80 8 11 2F 0 26
ID: 153, Data: 80 0 0 FF 0 FF 0 0
ID: 153, Data: 80 0 0 FF 0 FF 0 0
ID: 43F, Data: 83 48 60 FF 5C 1C E 0
ID: 280, Data: 830 0 88 97 22 1E 77 4D
ID: A1, Data: 881 7B 7E 7C 25 0 0 0
ID: 316, Data: 85 34 9C 10 40 1F 14 7A
ID: 153, Data: 80 0 0 FF 0 FF 0 0
ID: A1, Data: 881 7A 7E 7B 2A 0 0 0
ID: 280, Data: 830 0 88 97 21 23 77 5B
ID: 1F1, Data: 80 BA 99 90 A 98 A0 A
ID: 43F, Data: 83 48 60 FF 5B 6C E 0
ID: 153, Data: 80 0 0 FF 0 FF 0 0
ID: 316, Data: 85 3A 93 11 3C 1E 15 7A
ID: 316, Data: 85 3A EF 11 3C 1E 15 7A
ID: 18F, Data: 8AA 43 0 0 0 0 0 0
ID: 316, Data: 85 39 77 12 33 1E 15 7A
ID: 43F, Data: 83 48 60 FF 5C 94 E 0
ID: 316, Data: 85 38 C7 12 33 1E 15 7A
ID: 2A0, Data: 8A1 A 77 18 30 0 F 0
ID: 153, Data: 80 0 0 FF 0 FF 0 0
ID: 316, Data: 85 37 C 13 33 1E 15 7A
ID: 153, Data: 80 0 0 FF 0 FF 0 0
ID: 316, Data: 85 37 15 13 33 1E 15 7A
ID: 153, Data: 80 0 0 FF 0 FF 0 0
ID: 153, Data: 80 0 0 FF 0 FF 0 0
ID: 316, Data: 85 36 7 13 22 1E 15 7A
ID: 43F, Data: 83 48 60 FF 5B 8 F 0
ID: 43F, Data: 83 48 60 FF 5C 8 F 0
ID: 316, Data: 85 35 D0 12 25 1F 15 7A
ID: 316, Data: 85 34 BE 12 25 1F 16 7A
ID: 153, Data: 80 0 0 FF 0 FF 0 0
ID: 316, Data: 85 31 84 12 26 1F 16 7A
ID: 5F0, Data: 20 0
ID: 18F, Data: 8AA 42 0 0 0 0 0 0
ID: 2A0, Data: 820 8 77 18 30 0 F 0
ID: 316, Data: 85 2B D7 11 27 1F 16 7A
ID: 316, Data: 85 29 97 11 28 1F 16 7A
ID: 153, Data: 80 0 0 FF 0 FF 0 0
ID: 153, Data: 80 0 0 FF 0 FF 0 0
ID: 316, Data: 85 24 EB 10 29 1F 16 7A
ID: 153, Data: 80 0 0 FF 0 FF 0 0
ID: 316, Data: 85 24 61 10 2A 1F 16 7A
ID: 316, Data: 85 25 50 10 2B 1F 16 7A
ID: 18F, Data: 8AA 41 0 0 0 0 0 0
ID: 43F, Data: 83 48 60 FF 5B 2C F 0
ID: 153, Data: 80 0 0 FF 0 FF 0 0
ID: 43F, Data: 83 48 60 FF 5B 28 F 0
ID: 153, Data: 80 0 0 FF 0 FF 0 0
ID: 153, Data: 80 0 0 FF 0 FF 0 0
ID: 153, Data: 80 0 0 FF 0 FF 0 0
ID: 18F, Data: 8AA 41 0 0 0 0 0 0
ID: 316, Data: 85 2A F6 10 28 1F 16 7A
ID: 153, Data: 80 0 0 FF 0 FF 0 0
ID: 260, Data: 8A 2A 28 30 58 FF 81 18
ID: 329, Data: 840 98 80 8 11 31 0 26
ID: 43F, Data: 83 48 60 FF 5B 2C F 0
ID: 43F, Data: 83 48 60 FF 5B 2C F 0
ID: 370, Data: 8FF DE F0 FF FF FF FF FF
ID: 260, Data: 8A 29 28 30 58 FF 82 36
ID: 316, Data: 85 29 27 11 28 1F 16 7A
ID: A1, Data: 883 7E 81 7C 25 0 0 0
ID: 43F, Data: 83 48 60 FF 5B 10 F 0
ID: 43F, Data: 83 48 60 FF 5B 0 F 0
ID: 43F, Data: 83 48 60 FF 5B 8 F 0
ID: 316, Data: 85 25 80 10 20 1F 16 7A
ID: 280, Data: 830 0 84 98 21 1A 77 48
ID: 5F0, Data: 20 0
ID: 316, Data: 85 23 7C 10 20 1F 16 7A
ID: 316, Data: 85 22 64 10 21 1F 16 7A
ID: 43F, Data: 83 48 60 FF 5B D0 E 0
ID: 5F0, Data: 20 0
ID: 329, Data: 840 98 80 8 11 2E 0 26
ID: 316, Data: 85 21 3 10 22 1F 15 7A
ID: 153, Data: 80 0 0 FF 0 FF 0 0
ID: 43F, Data: 83 48 60 FF 5B B4 E 0
ID: 43F, Data: 83 48 60 FF 5B AC E 0
ID: 153, Data: 80 0 0 FF 0 FF 0 0
ID: 316, Data: 85 21 CF F 22 1F 15 7A
ID: 316, Data: 85 21 CF F 22 1F 15 7A
ID: 1F0, Data: 847 40 FD BF 0 0 0 0
ID: A1, Data: 884 7E 84 7C 21 0 0 0
ID: 43F, Data: 83 48 60 FF 5B 7C E 0
ID: 43F, Data: 83 48 60 FF 5B 70 E 0
ID: 43F, Data: 83 48 60 FF 5B 6C E 0
ID: 153, Data: 80 0 0 FF 0 FF 0 0
ID: 316, Data: 85 21 44 F 22 1F 15 7A
ID: 153, Data: 80 0 0 FF 0 FF 0 0
ID: 329, Data: 8B 98 80 8 11 2E 0 26
ID: 316, Data: 85 21 38 F 22 1F 15 7A
ID: 316, Data: 85 21 23 F 22 1F 15 7A
ID: 1F0, Data: 83B 40 FD BF 0 0 0 0
ID: 153, Data: 80 0 0 FF 0 FF 0 0
ID: 43F, Data: 83 48 60 FF 5B 28 E 0
ID: 153, Data: 80 0 0 FF 0 FF 0 0
ID: 153, Data: 80 0 0 FF 0 FF 0 0
ID: 316, Data: 85 21 20 F 22 1F 14 7A
ID: 43F, Data: 83 48 60 FF 5B 4 E 0
ID: 316, Data: 85 21 18 F 22 1F 14 7A
ID: 1F1, Data: 80 2E 94 E0 9 96 20 A
ID: 1F0, Data: 835 40 FD BF 0 0 0 0
ID: A0, Data: 831 6B 15 F 14 27 2 0
ID: 153, Data: 80 0 0 FF 0 FF 0 0
ID: 316, Data: 85 21 9 F 22 1F 14 7A
ID: 440, Data: 8FE 13 13 A0 FF AA AA AA
ID: 18F, Data: 8AA 3F 0 0 0 0 0 0
ID: 316, Data: 85 20 DE E 22 1F 14 7A
ID: 153, Data: 80 0 0 FF 0 FF 0 0
ID: 329, Data: 884 98 80 8 11 2E 0 26
ID: 5F0, Data: 20 0
ID: 1F0, Data: 82C 40 FD BF 0 0 0 0
ID: 280, Data: 830 0 84 98 1D 18 77 45
ID: 329, Data: 8ED 98 80 8 11 2E 0 26
ID: 1F1, Data: 80 52 91 B0 9 94 D0 9
ID: 153, Data: 80 0 0 FF 0 FF 0 0
ID: 43F, Data: 83 48 60 FF 5B 88 D 0
ID: 316, Data: 85 20 9B E 23 1F 13 7A
ID: 545, Data: 8E4 2C 0 8D 19 0 19 0
ID: 440, Data: 8FE C3 12 A0 FF AA AA AA
ID: 153, Data: 80 0 0 FF 0 FF 0 0
ID: A0, Data: 833 6B 73 E 14 26 2 0
ID: 316, Data: 85 23 53 E 2F 28 13 7A
ID: 280, Data: 830 0 84 98 1C 1B 77 4A
ID: 153, Data: 80 0 0 FF 0 FF 0 0
ID: 153, Data: 80 0 0 FF 0 FF 0 0
ID: 316, Data: 85 29 56 E 2E 27 13 7A
ID: 153, Data: 80 0 0 FF 0 FF 0 0
ID: 316, Data: 85 2B 6B E 2E 27 13 7A
ID: 153, Data: 80 0 0 FF 0 FF 0 0
ID: 153, Data: 80 0 0 FF 0 FF 0 0
ID: 43F, Data: 83 48 60 FF 5B 38 D 0
ID: 153, Data: 80 0 0 FF 0 FF 0 0
ID: 316, Data: 845 2C 1D F 2C 27 13 7A
ID: 153, Data: 80 0 0 FF 0 FF 0 0
ID: 316, Data: 845 2C EC E 2C 27 12 7A
ID: 316, Data: 845 2C EA E 2C 27 12 7A
ID: 329, Data: 8ED 99 80 8 11 30 0 26
ID: 43F, Data: 83 48 60 FF 5C 8 D 0
ID: 316, Data: 845 2C B7 E 2C 27 12 7A
ID: 316, Data: 845 2C 9E E 2D 27 12 7A
ID: 316, Data: 845 2C 91 E 2D 27 12 7A
ID: 316, Data: 845 2C A6 E 2D 27 12 7A
ID: 43F, Data: 83 48 60 FF 5C 0 D 0
ID: 316, Data: 845 2C 80 E 2D 27 12 7A
ID: 153, Data: 80 0 0 FF 0 FF 0 0
ID: 316, Data: 845 2C 83 E 2D 27 12 7A
ID: 43F, Data: 83 48 60 FF 5C DC C 0
ID: 316, Data: 845 2C 76 E 2D 27 12 7A
ID: 316, Data: 845 2C 66 E 2D 27 12 7A
ID: A1, Data: 886 7E 85 7C 28 0 0 0
ID: 43F, Data: 83 48 60 FF 5C C8 C 0
ID: 43F, Data: 83 48 60 FF 5C CC C 0
ID: 316, Data: 845 2C 3E E 2E 27 12 7A
ID: 2A0, Data: 8E0 2 77 18 30 0 F 0
ID: 153, Data: 80 0 0 FF 0 FF 0 0
ID: 5F0, Data: 20 0
ID: 43F, Data: 83 48 60 FF 5C C4 C 0
ID: 1F0, Data: 810 40 FD BF 0 0 0 0
ID: 153, Data: 80 0 0 FF 0 FF 0 0
ID: 316, Data: 845 2C 63 E 2D 27 12 7A
ID: 43F, Data: 83 48 60 FF 5C B4 C 0
ID: 153, Data: 80 0 0 FF 0 FF 0 0
ID: 545, Data: 8E4 3A 0 8D 51 0 51 0
ID: 440, Data: 8FE C3 11 A0 FF AA AA AA
ID: 316, Data: 845 2B 41 E 2D 27 11 7A
ID: 316, Data: 845 2B 43 E 2E 27 11 7A
ID: 2A0, Data: 880 2 77 18 30 0 F 0
ID: 43F, Data: 83 48 60 FF 5C 7C C 0
ID: 153, Data: 80 0 0 FF 0 FF 0 0
ID: 43F, Data: 83 48 60 FF 5C 58 C 0
ID: 43F, Data: 83 48 60 FF 5C 58 C 0
ID: 153, Data: 80 0 0 FF 0 FF 0 0
ID: 316, Data: 845 2C DC D 2E 27 11 7A
ID: 316, Data: 845 2C C1 D 2F 26 11 7A
ID: A0, Data: 841 6B BA D 11 28 2 0
ID: 316, Data: 845 2D AE D 2F 26 10 7A
ID: 153, Data: 80 0 0 FF 0 FF 0 0
ID: A0, Data: 840 6B BC D 11 28 2 0
ID: 316, Data: 845 2D 9F D 2F 26 10 7A
ID: 280, Data: 830 0 84 99 1B 20 77 56
ID: 316, Data: 845 2E 93 D 2F 26 10 7A
ID: 316, Data: 845 2E 8F D 2F 26 10 7A
ID: 43F, Data: 83 48 60 FF 5C 4C B 0
ID: 316, Data: 845 2E 6C D 2F 26 F 7A
ID: 545, Data: 8E4 39 0 8D 8A 0 8A 0
ID: 316, Data: 845 2E 7C D 2F 26 F 7A
ID: 153, Data: 80 0 0 FF 0 FF 0 0
ID: 316, Data: 845 2E 77 D 2F 26 F 7A
ID: 316, Data: 845 2E 5C D 2F 26 F 7A
ID: 316, Data: 845 2E 4C D 30 26 E 7A
ID: 1F0, Data: 8E1 3F FD BF 0 0 0 0
ID: 153, Data: 80 0 0 FF 0 FF 0 0
ID: 316, Data: 845 2E 3A D 30 26 E 7A
ID: 153, Data: 80 0 0 FF 0 FF 0 0
ID: 153, Data: 80 0 0 FF 0 FF 0 0
ID: 316, Data: 845 2E 1B D 30 26 D 7A
ID: 153, Data: 80 0 0 FF 0 FF 0 0
ID: 316, Data: 845 2F 5 D 30 26 D 7A
ID: 43F, Data: 83 48 60 FF 5C 24 9 0
ID: 316, Data: 845 2F ED C 30 26 D 7A
ID: 316, Data: 845 2F D6 C 31 26 C 7A
ID: 153, Data: 80 0 0 FF 0 FF 0 0
ID: 316, Data: 845 2F C9 C 31 26 C 7A
ID: A1, Data: 888 7E 89 7C 2A 0 0 0
ID: 316, Data: 845 2F B4 C 31 26 B 7A
ID: 316, Data: 845 2F A8 C 31 26 B 7A
ID: 2A0, Data: 8E0 1 77 18 30 0 F 0
ID: 43F, Data: 83 48 60 FF 5C B8 7 0
ID: 153, Data: 80 0 0 FF 0 FF 0 0
ID: 316, Data: 845 30 60 C 32 25 A 7A
ID: 1F0, Data: 8D2 3F FD BF 0 0 0 0
ID: 153, Data: 80 0 0 FF 0 FF 0 0
ID: 316, Data: 845 30 31 C 32 25 A 7A
ID: 153, Data: 80 0 0 FF 0 FF 0 0
ID: 316, Data: 845 31 19 C 32 25 A 7A
ID: 5F0, Data: 20 0
ID: 2A0, Data: 840 1 77 18 30 0 F 0
ID: 329, Data: 8B 99 80 8 12 2F 0 26
ID: 545, Data: 8E4 34 0 8C CE 0 CE 0
ID: 153, Data: 80 0 0 FF 0 FF 0 0
ID: 153, Data: 80 0 0 FF 0 FF 0 0
ID: 153, Data: 80 0 0 FF 0 FF 0 0
ID: 280, Data: 830 0 84 99 18 21 77 5B
ID: 316, Data: 845 31 4 C 33 25 9 7A
ID: 43F, Data: 8A 48 60 FF 5C 48 9 0
ID: 153, Data: 80 0 0 FF 0 FF 0 0
ID: 316, Data: 845 31 76 C 31 25 9 7A
ID: 43F, Data: 8A 48 60 FF 5C D8 9 0
ID: 5F0, Data: 20 0
ID: 316, Data: 845 30 CD C 30 25 8 7A
ID: 316, Data: 845 30 E5 C 30 25 8 7A
ID: A0, Data: 83E 6C 0 D 9 27 2 0
ID: 43F, Data: 82 48 60 FF 5C 74 A 0
ID: 1F0, Data: 8CC 3F FD BF 0 0 0 0
ID: 153, Data: 80 0 0 FF 0 FF 0 0
ID: 316, Data: 845 33 7E D 4D 26 9 7A
ID: 153, Data: 80 0 0 FF 0 FF 0 0
ID: 153, Data: 80 0 0 FF 0 FF 0 0
ID: 316, Data: 845 3A EA D 54 26 9 7A
ID: 43F, Data: 82 48 60 FF 5C 14 B 0
ID: 5A0, Data: 80 0 0 90 0 0 0 0
ID: 5F0, Data: 20 0
ID: 43F, Data: 82 48 60 FF 5C 7C B 0
ID: 153, Data: 80 0 0 FF 0 FF 0 0
ID: 5F0, Data: 20 0
ID: 43F, Data: 82 48 60 FF 5C D8 B 0
ID: 440, Data: 8FE 22 A A0 FF AA AA AA
ID: 153, Data: 80 0 0 FF 0 FF 0 0
ID: 316, Data: 845 44 BB 11 4D 26 A 7A
ID: 316, Data: 845 44 19 12 4D 26 A 7A
ID: 153, Data: 80 0 0 FF 0 FF 0 0
ID: 316, Data: 845 44 A3 12 4C 26 A 7A
ID: 153, Data: 80 0 0 FF 0 FF 0 0
ID: 316, Data: 845 43 FE 12 4B 26 A 7A
ID: 316, Data: 845 43 23 13 4B 26 B 7A
ID: A0, Data: 856 6C C 13 B 2F 2 0
ID: 370, Data: 8FF E0 F0 FF FF FF FF FF
ID: 153, Data: 80 0 0 FF 0 FF 0 0
ID: 545, Data: 8E4 76 0 8D 59 2 59 2
ID: 316, Data: 845 49 5 14 50 26 B 7A
ID: 18F, Data: 8AA 49 0 0 0 0 0 0
ID: 316, Data: 845 4B D 15 51 26 C 7A
ID: 43F, Data: 89 48 60 FF 5C 60 12 0
ID: 5F0, Data: 20 0
ID: 316, Data: 845 57 3 17 6C 25 C 7A
ID: 316, Data: 845 5D E5 17 6A 25 C 7A
ID: A0, Data: 85B 6C E7 15 C 37 2 0
ID: 43F, Data: 89 48 60 59 5C 60 19 0
ID: 43F, Data: 89 48 60 57 5C 78 1B 0
ID: 329, Data: 8B 9A 80 8 11 44 22 26
ID: A1, Data: 886 7B 84 7E 41 0 0 0
ID: 316, Data: 845 56 AE 20 58 26 C 7A
ID: 153, Data: 80 0 0 FF 0 FF 0 0
ID: A0, Data: 863 6C E 21 D 3A 2 0
ID: 316, Data: 845 54 E5 20 59 27 D 7A
ID: 153, Data: 80 0 0 FF 0 FF 0 0
ID: 153, Data: 80 0 0 FF 0 FF 0 0
ID: 18F, Data: 8AA 4A 0 0 0 0 0 0
ID: 43F, Data: 89 48 60 55 5C 48 1F 0
ID: 316, Data: 845 54 3 22 58 27 E 7A
ID: 545, Data: 8E4 DF 0 8D C 3 28 3
ID: 440, Data: 8FE 22 10 A0 FF AA AA AA
ID: 370, Data: 8FF E0 F0 FF FF FF FF FF
ID: 280, Data: 830 0 88 9A 48 31 77 7D
ID: 43F, Data: 81 48 60 51 5C 30 22 0
ID: 370, Data: 8FF E0 F0 FF FF FF FF FF
ID: 316, Data: 845 53 E6 24 55 28 10 7A
ID: 329, Data: 8B 9A 80 8 11 46 22 26
ID: 43F, Data: 81 48 60 FF 5C 54 24 0
ID: 316, Data: 845 52 C2 26 53 28 10 7A
ID: A0, Data: 860 6C E0 25 11 3C 2 0
ID: 316, Data: 845 50 29 28 57 29 11 7A
ID: 280, Data: 830 0 88 9A 51 30 77 76
ID: 370, Data: 8FF E0 F0 FF FF FF FF FF
ID: 2A0, Data: 861 E 77 18 30 0 F 0
ID: 316, Data: 845 53 94 29 58 29 12 7A
ID: 316, Data: 845 54 D7 29 5B 29 12 7A
ID: 43F, Data: 81 48 60 FF 5C B8 28 0
ID: 316, Data: 845 57 32 2B 65 29 13 7A
ID: A1, Data: 886 7C 82 7C 39 0 0 0
ID: 316, Data: 845 60 D7 2C 67 29 13 7A
ID: 153, Data: 80 0 0 FF 0 FF 0 0
ID: 316, Data: 845 62 9E 2E 66 29 14 7A
ID: 43F, Data: 81 48 60 FF 5C D4 2C 0
ID: 316, Data: 845 61 64 2F 67 29 14 7A
ID: A0, Data: 86E 6C BA 2E 15 43 2 0
ID: 316, Data: 845 62 4F 30 6C 2A 15 7A
ID: 316, Data: 845 65 A9 30 6C 2A 16 7A
ID: 316, Data: 845 67 81 31 6B 2A 16 7A
ID: 18F, Data: 8AA 4A 0 0 0 0 0 0
ID: 43F, Data: 81 48 60 FF 5C 44 31 0
ID: 153, Data: 80 0 0 FF 0 FF 0 0
ID: 316, Data: 845 66 C5 34 6C 2A 17 7A
ID: 316, Data: 845 67 55 35 6C 2A 18 7A
ID: 43F, Data: 81 48 60 FF 5C F8 33 0
ID: 316, Data: 845 69 7E 36 6B 2B 19 7A
ID: 18F, Data: 8AA 49 0 0 0 0 0 0
ID: 43F, Data: 81 48 60 FF 5C F8 35 0
ID: 43F, Data: 81 48 60 FF 5C A8 36 0
ID: 316, Data: 845 67 24 39 6A 2B 1A 7A
ID: A0, Data: 878 6C 5 38 1A 49 2 0
ID: 316, Data: 845 67 4F 3A 71 2B 1B 7A
ID: 153, Data: 80 0 0 FF 0 FF 0 0
ID: 43F, Data: 81 48 60 FF 5C D0 39 0
ID: A1, Data: 885 7E 84 7D 44 0 0 0
ID: 316, Data: 845 80 BA 3D 8A 2B 1C 7A
ID: 316, Data: 845 86 7D 3F 8B 2B 1D 7A
ID: A0, Data: 89D 6C 4F 40 1D 59 2 0
ID: 316, Data: 845 8A AA 42 89 2D 1E 7A
ID: 329, Data: 840 9A 80 8 11 67 50 26
ID: 153, Data: 80 0 0 FF 0 FF 0 0
ID: 545, Data: 8E4 DA 2 8D 41 6 41 6
ID: 316, Data: 845 89 AF 45 88 2F 20 7A
ID: 280, Data: 830 0 88 9A 8B 52 76 9D
ID: 43F, Data: 8A 48 60 FF 5C 84 44 0
ID: 280, Data: 830 0 88 9A 8E 52 76 97
ID: 316, Data: 845 88 33 48 86 31 22 7A
ID: 316, Data: 845 87 FE 48 96 31 23 7A
ID: 5F0, Data: 20 0
ID: 316, Data: 845 9B CC 49 AC 32 23 7A
ID: 153, Data: 80 0 0 FF 0 FF 0 0
ID: 316, Data: 845 83 12 4A AC 32 24 7A
ID: 43F, Data: 8A 48 60 71 5C F0 45 0
ID: 316, Data: 845 6B BA 44 B0 2F 25 7A
ID: 153, Data: 80 0 0 FF 0 FF 0 0
ID: 153, Data: 80 0 0 FF 0 FF 0 0
ID: 316, Data: 845 65 F8 39 BC 2A 27 7A
ID: 153, Data: 80 0 0 FF 0 FF 0 0
ID: 545, Data: 8E4 CA 2 8D A4 7 72 8
ID: 316, Data: 845 A0 AD 33 C3 28 28 7A
ID: 280, Data: 830 0 88 9B 65 65 76 D2
ID: 43F, Data: 8A 48 60 FF 5C 18 2F 0
ID: 43F, Data: 8A 48 60 FF 5C C0 2F 0
ID: 153, Data: 80 0 0 FF 0 FF 0 0
ID: 316, Data: 845 AA C 35 D1 28 2B 7A
ID: 153, Data: 80 0 0 FF 0 FF 0 0
ID: 316, Data: 845 AC E8 35 D1 29 2C 7A
ID: 316, Data: 845 AB 33 36 D1 29 2C 7A
ID: 153, Data: 80 0 0 FF 0 FF 0 0
ID: 316, Data: 845 AC 3F 37 D0 29 2D 7A
ID: 153, Data: 80 0 0 FF 0 FF 0 0
ID: 370, Data: 8FF E0 F0 FF FF FF FF FF
ID: 260, Data: 8B AB D2 30 58 FF 97 21
ID: 5A0, Data: 80 0 0 90 0 0 0 0
ID: A0, Data: 8C0 6D 24 39 30 96 2 0
ID: 1F1, Data: 80 10 82 1 18 8F 1 19
ID: 316, Data: 845 A5 7A 3A DA 2A 30 7A
ID: 260, Data: 8B A6 E0 30 58 FF 97 9
ID: 153, Data: 80 0 0 FF 0 FF 0 0
ID: 260, Data: 8B A6 E3 30 58 FF 97 33
ID: 316, Data: 845 A7 9B 3C E0 2A 32 7A
ID: 43F, Data: 82 48 60 FF 5C C8 39 0
ID: 440, Data: 8FE 72 33 A0 FF AA AA AA
ID: A1, Data: 881 80 83 7F 62 0 0 0
ID: 316, Data: 845 AA 4A 3F DD 2B 34 7A
ID: 316, Data: 845 AD 1A 40 DC 2C 35 7A
ID: 43F, Data: 82 48 60 FF 5C F0 3C 0
ID: 18F, Data: 8AA 48 0 0 0 0 0 0
ID: 153, Data: 80 0 0 FF 0 FF 0 0
ID: 18F, Data: 8AA 47 0 0 0 0 0 0
ID: 316, Data: 845 AF CA 41 DB 2D 37 7A
ID: 316, Data: 845 AF 71 42 DA 2D 37 7A
ID: 43F, Data: 82 48 60 FF 5C C 40 0
ID: 280, Data: 830 0 88 9B 87 6A 75 D0
ID: A0, Data: 8CA 6D E3 42 38 96 2 0
ID: 316, Data: 845 B5 71 45 D3 2F 3A 7A
ID: 153, Data: 80 0 0 FF 0 FF 0 0
ID: 316, Data: 845 B7 6C 46 D3 30 3B 7A
ID: 18F, Data: 8AA 47 0 0 0 0 0 0
ID: 316, Data: 845 B9 AF 47 CF 30 3C 7A
ID: 43F, Data: 8B 48 60 FF 5C 4 45 0
ID: A1, Data: 882 80 86 7F 62 0 0 0
ID: 316, Data: 845 C0 42 49 C8 31 3E 7A
ID: 153, Data: 80 0 0 FF 0 FF 0 0
ID: 316, Data: 845 C3 59 4A C5 32 3F 7A
ID: 316, Data: 845 C4 A0 4A C5 32 3F 7A
ID: 43F, Data: 8B 48 60 FF 5C 98 47 0
ID: 545, Data: 8E4 96 4 8D 3A A 3A A
ID: 153, Data: 80 0 0 FF 0 FF 0 0
ID: 153, Data: 80 0 0 FF 0 FF 0 0
ID: 153, Data: 80 0 0 FF 0 FF 0 0
ID: 18F, Data: 8AA 47 0 0 0 0 0 0
ID: 316, Data: 845 B8 B 4C C3 32 42 7A
ID: 1F0, Data: 8FB 3F FD BF 0 0 0 0
ID: 2A0, Data: 8C1 5E 74 18 30 0 F 0
ID: A1, Data: 883 80 87 7F 60 0 0 0
ID: 153, Data: 80 0 0 FF 0 FF 0 0
ID: 316, Data: 845 79 86 3B C7 2A 44 7A
ID: 153, Data: 80 0 0 FF 0 FF 0 0
ID: 316, Data: 845 9C C3 35 C7 28 44 7A
ID: 316, Data: 845 9D 31 35 C0 28 45 7A
ID: 43F, Data: 8B 48 60 FF 5D 60 32 0
ID: 5A1, Data: 880 3 90 23 30 30 30 0
ID: A1, Data: 884 80 89 7F 64 0 0 0
ID: 153, Data: 80 0 0 FF 0 FF 0 0
ID: 316, Data: 845 A6 18 37 A8 29 46 7A
ID: 153, Data: 80 0 0 FF 0 FF 0 0
ID: 316, Data: 845 A6 8E 37 99 29 47 7A
ID: 316, Data: 845 A4 DD 37 97 29 47 7A
ID: 43F, Data: 83 48 60 FF 5D 4C 34 0
ID: 316, Data: 845 9A DD 37 91 29 48 7A
ID: A0, Data: 8B1 6E DD 37 48 75 2 0
ID: 316, Data: 845 93 B5 37 91 29 48 7A
ID: 545, Data: 8E4 7E 2 8D 44 7 44 7
ID: 440, Data: 8FE C3 49 A0 FF AA AA AA
ID: 5F0, Data: 20 0
ID: 153, Data: 80 0 0 FF 0 FF 0 0
ID: 43F, Data: 83 48 60 FF 5D B0 35 0
ID: 18F, Data: 8AA 46 0 0 0 0 0 0
ID: 43F, Data: 83 48 60 FF 5D 8 36 0
ID: 153, Data: 80 0 0 FF 0 FF 0 0
ID: 153, Data: 80 0 0 FF 0 FF 0 0
ID: 18F, Data: 8AA 45 0 0 0 0 0 0
ID: 316, Data: 845 8F CD 39 86 2A 4B 7B
ID: 316, Data: 845 8A A3 39 84 2A 4B 7B
ID: 440, Data: 8FE 63 4C A0 FF AA AA AA
ID: 316, Data: 845 84 78 39 84 2A 4C 7B
ID: 43F, Data: 83 48 60 FF 5E 4C 37 0
ID: 260, Data: 8B 83 85 30 58 FF A2 21
ID: 153, Data: 80 0 0 FF 0 FF 0 0
ID: 329, Data: 840 9C 80 8 11 5E 48 26
ID: 153, Data: 80 0 0 FF 0 FF 0 0
ID: 153, Data: 80 0 0 FF 0 FF 0 0
ID: 280, Data: 830 0 88 9D 75 4D 72 A2
ID: 370, Data: 8FF DB F0 FF FF FF FF FF
ID: 153, Data: 80 0 0 FF 0 FF 0 0
ID: 1F1, Data: 80 31 68 D2 26 80 E2 27
ID: 316, Data: 845 80 58 3B 83 2A 4E 7B
ID: 280, Data: 830 0 88 9D 77 4D 71 A2
ID: 440, Data: 8FE C3 4F A0 FF AA AA AA
ID: A0, Data: 894 6F 86 3B 4F 52 2 0
ID: 316, Data: 845 80 B3 3B 83 2A 4F 7B
ID: 316, Data: 845 80 E1 3B 82 2A 4F 7B
ID: 370, Data: 8FF DB F0 FF FF FF FF FF
ID: 260, Data: 8B 7F 75 30 58 FF A2 36
ID: 43F, Data: 8C 48 60 57 5E D8 3B 0
ID: 440, Data: 8FE 63 50 A0 FF AA AA AA
ID: 153, Data: 80 0 0 FF 0 FF 0 0
ID: 329, Data: 884 9D 80 8 11 40 0 26
ID: 316, Data: 845 33 15 34 17 2C 50 7B
ID: 260, Data: 8B 2D 18 30 58 FF C1 3F
ID: 43F, Data: 8C 48 60 2A 5E B4 2D 0
ID: A0, Data: 825 6F D6 2E 51 2E 2 0
ID: 316, Data: 845 20 32 2B 1B 2C 51 7B
ID: 316, Data: 845 1F A4 2A 1B 2C 51 7B
ID: 43F, Data: 8C 48 60 FF 5E 18 2B 0
ID: 316, Data: 845 1B 5F 2A 1C 2C 51 7B
ID: 153, Data: 80 0 0 FF 0 FF 0 0
ID: 153, Data: 80 0 0 FF 0 FF 0 0
ID: 316, Data: 845 16 ED 29 1C 2C 51 7B
ID: 153, Data: 80 0 0 FF 0 FF 0 0
ID: 545, Data: 8E4 73 0 8D 70 FE 70 FE
ID: 316, Data: 845 17 3C 29 1C 2C 50 7B
ID: 43F, Data: 84 48 60 FF 5E 5C 2B 0
ID: 43F, Data: 84 48 60 FF 5E 34 2B 0
ID: 370, Data: 8FF DB F0 FF FF FF FF FF
ID: 316, Data: 845 1D 4 2A 1B 2B 50 7B
ID: 18F, Data: 8AA 44 0 0 0 0 0 0
ID: 43F, Data: 84 48 60 FF 5E 20 2B 0
ID: 43F, Data: 84 48 60 FF 5E 8 2B 0
ID: 316, Data: 845 1C 5F 2A 1B 2B 50 7B
ID: 316, Data: 845 1C 5F 2A 1B 2B 50 7B
ID: 316, Data: 845 1B 48 2A 1B 2B 50 7B
ID: 2A0, Data: 840 3D 71 18 30 0 F 0
ID: 43F, Data: 84 48 60 FF 5E F0 2A 0
ID: 43F, Data: 84 48 60 FF 5E E4 2A 0
ID: 260, Data: 8B 1C 1B 30 58 FF 76 2F
ID: 316, Data: 845 1C D7 29 1B 2B 4F 7B
ID: 329, Data: 840 9E 80 8 11 3A 0 26
ID: 43F, Data: 84 48 60 FF 5E B8 2A 0
ID: 316, Data: 84D 18 7E 29 1B 2B 4F 7B
ID: A1, Data: 880 7E 80 7C 1E 0 0 0
ID: 316, Data: 84D 18 52 29 1C 2B 4F 7B
ID: 316, Data: 84D 13 FB 28 1C 2B 4F 7B
ID: 43F, Data: 84 48 60 FF 5E 80 2A 0
ID: 329, Data: 8B 9E 80 8 11 3A 0 26
ID: 153, Data: 80 0 0 FF 0 FF 0 0
ID: 316, Data: 84D A 91 28 1C 2B 4F 7B
ID: 153, Data: 80 0 0 FF 0 FF 0 0
ID: 153, Data: 80 0 0 FF 0 FF 0 0
ID: 316, Data: 84D 5 D7 27 1C 2A 4E 7B
ID: 370, Data: 8FF DB F0 FF FF FF FF FF
ID: 316, Data: 84D 0 37 27 1C 2A 4E 7B
ID: 43F, Data: 84 48 60 FF 5E 8 2A 0
ID: 316, Data: 84D 0 9C 26 1C 2A 4E 7B
ID: 260, Data: 80 0 1D 30 58 FF 74 36
ID: 153, Data: 80 0 0 FF 0 FF 0 0
ID: 153, Data: 80 0 0 FF 0 FF 0 0
ID: 316, Data: 84D 0 BC 25 1D 29 4D 7B
ID: 43F, Data: 844 48 60 FF 5E 94 29 0
ID: 316, Data: 84D 0 CE 25 1C 29 4D 7B
ID: 153, Data: 80 0 0 FF 0 FF 0 0
ID: 153, Data: 80 0 0 FF 0 FF 0 0
ID: 316, Data: 84D 0 BC 25 12 1F 4D 7B
ID: 153, Data: 80 0 0 FF 0 FF 0 0
ID: 316, Data: 84D 0 98 25 12 20 4D 7B
ID: 316, Data: 84D 0 86 25 12 20 4D 7B
ID: 260, Data: 80 0 13 30 58 FF 74 12
ID: 316, Data: 84D 0 62 25 12 20 4C 7B
ID: 316, Data: 84D 0 2C 25 12 20 4C 7B
ID: 316, Data: 8D 0 1B 25 13 20 4C 7B
ID: 316, Data: 8D 0 3E 25 13 20 4C 7B
ID: A0, Data: 82D 71 3E 25 4C 2F 4 0
ID: 43F, Data: 844 48 60 FF 5E CC 28 0
ID: 316, Data: 8D 0 AA 25 12 20 4C 7B
ID: 18F, Data: 8AA 46 0 0 0 0 0 0
ID: 316, Data: 8D 0 AA 25 12 20 4B 7B
ID: 43F, Data: 844 48 60 FF 5E 98 28 0
ID: 316, Data: 8D 0 98 25 12 20 4B 7B
ID: 545, Data: 8E4 0 0 8E C8 FD C8 FD
ID: 153, Data: 80 0 0 FF 0 FF 0 0
ID: 316, Data: 8D 0 50 25 12 20 4B 7B
ID: 153, Data: 80 0 0 FF 0 FF 0 0
ID: 316, Data: 8D 0 2C 25 13 20 4B 7B
ID: 316, Data: 8D 0 9 25 13 1F 4B 7B
ID: 316, Data: 8D 0 9 25 13 1F 4B 7B
ID: 18F, Data: 8AA 44 0 0 0 0 0 0
ID: A1, Data: 880 7E 80 7C 1F 0 0 0
ID: 260, Data: 80 0 13 30 58 FF 70 34
ID: A0, Data: 82B 71 9 25 4B 2E 4 0
ID: 316, Data: 8D 0 D5 24 13 1F 4A 7B
ID: 316, Data: 8D 0 C3 24 13 1F 4A 7B
ID: 1F1, Data: 80 EC 43 52 24 57 42 25
ID: A1, Data: 880 7E 80 7C 1F 0 0 0
ID: 43F, Data: 844 48 60 FF 5E BC 27 0
ID: 43F, Data: 844 48 60 FF 5E A8 27 0
ID: 260, Data: 80 0 13 30 58 FF 6F 18
ID: 153, Data: 80 0 0 FF 0 FF 0 0
ID: 316, Data: 8D 0 5D 24 13 1F 49 7B
ID: 316, Data: 8D 0 5D 24 13 1F 49 7B
ID: 2A0, Data: 840 19 71 18 30 0 F 0
ID: 43F, Data: 844 48 60 FF 5E 50 27 0
ID: 153, Data: 80 0 0 FF 0 FF 0 0
ID: 545, Data: 8E4 0 0 8D D0 FD D0 FD
ID: 316, Data: 8D 0 2A 24 13 1F 49 7B
ID: A0, Data: 82A 71 3B 24 49 2E 4 0
ID: 440, Data: 8FE E4 48 A0 FF AA AA AA
ID: 316, Data: 8D 0 E8 23 13 1F 48 7B
ID: 153, Data: 80 0 0 FF 0 FF 0 0
ID: 316, Data: 8D 0 E8 23 13 1F 48 7B
ID: 153, Data: 80 0 0 FF 0 FF 0 0
ID: 316, Data: 8D 0 C7 23 13 1F 48 7B
ID: 153, Data: 80 0 0 FF 0 FF 0 0
ID: 316, Data: 8D 0 A6 23 13 1F 48 7B
ID: 316, Data: 8D 0 96 23 13 1F 48 7B
ID: 329, Data: 840 A1 80 8 11 36 0 26
ID: 43F, Data: 844 48 60 FF 5E 9C 26 0
ID: 153, Data: 80 0 0 FF 0 FF 0 0
ID: 545, Data: 8E4 0 0 8E D4 FD D4 FD
ID: 316, Data: 8D 0 65 23 14 1F 47 7B
ID: A1, Data: 880 7E 80 7C 1F 0 0 0
ID: 43F, Data: 844 48 60 FF 5E 64 26 0
ID: 153, Data: 80 0 0 FF 0 FF 0 0
ID: 280, Data: 830 0 20 A1 46 16 71 42
ID: 43F, Data: 844 48 60 FF 5E 40 26 0
ID: A1, Data: 880 7E 80 7C 1F 0 0 0
ID: 316, Data: 8D 0 65 23 14 1F 47 7B
ID: 316, Data: 8D 0 55 23 14 1F 47 7B
ID: 545, Data: 8E4 0 0 8E D7 FD D7 FD
ID: 43F, Data: 844 48 60 FF 5E F0 25 0
ID: 1F1, Data: 80 D 2B 72 22 38 52 23
ID: 545, Data: 8E4 0 0 8E D9 FD D9 FD
ID: 316, Data: 8D 0 55 23 14 1F 46 7B
ID: 1F0, Data: 8FB 3F FD BF 0 0 0 0
ID: A1, Data: 880 7E 80 7C 1F 0 0 0
ID: 153, Data: 80 0 0 FF 0 FF 0 0
ID: 43F, Data: 844 48 60 FF 5E 88 25 0
ID: 18F, Data: 8AA 3E 0 0 0 0 0 0
ID: 153, Data: 80 0 0 FF 0 FF 0 0
ID: 316, Data: 8D 0 96 23 13 1F 45 7B
ID: A0, Data: 82A 72 86 23 46 2E 4 0
ID: 316, Data: 8D 0 B6 23 13 1F 45 7B
ID: 316, Data: 8D 0 B6 23 13 1F 45 7B
ID: 316, Data: 8D 0 C7 23 13 1F 45 7B
ID: 1F0, Data: 8F8 3F FD BF 0 0 0 0
ID: 153, Data: 80 0 0 FF 0 FF 0 0
ID: 316, Data: 8D 0 C7 23 13 1F 45 7B
ID: 153, Data: 80 0 0 FF 0 FF 0 0
ID: 153, Data: 80 0 0 FF 0 FF 0 0
ID: 316, Data: 8D 0 C7 23 13 1E 44 7B
ID: 153, Data: 80 0 0 FF 0 FF 0 0
ID: 316, Data: 8D 0 D7 23 13 1E 44 7B
ID: 43F, Data: 844 48 60 FF 5E F0 24 0
ID: 153, Data: 80 0 0 FF 0 FF 0 0
ID: 153, Data: 80 0 0 FF 0 FF 0 0
ID: 545, Data: 8E4 0 0 8E DD FD DD FD
ID: 316, Data: 8D 0 B6 23 13 1E 44 7B
ID: 370, Data: 8FF D7 F0 FF FF FF FF FF
ID: 316, Data: 8D 0 96 23 13 1E 44 7B
ID: A0, Data: 82A 72 96 23 44 2E 4 0
ID: 153, Data: 80 0 0 FF 0 FF 0 0
ID: 43F, Data: 844 48 60 FF 5E 34 24 0
ID: 153, Data: 80 0 0 FF 0 FF 0 0
ID: 153, Data: 80 0 0 FF 0 FF 0 0
ID: 316, Data: 8D 0 26 23 14 1E 43 7B
ID: 153, Data: 80 0 0 FF 0 FF 0 0
ID: 316, Data: 8D 0 16 23 14 1E 42 7B
ID: 153, Data: 80 0 0 FF 0 FF 0 0
ID: 316, Data: 8D 0 16 23 14 1E 42 7B
ID: 316, Data: 8D 0 16 23 14 1E 42 7B
ID: 2A0, Data: 880 A 71 18 30 0 F 0
ID: 316, Data: 8D 0 16 23 14 1E 42 7B
ID: 153, Data: 80 0 0 FF 0 FF 0 0
ID: 316, Data: 8D 0 26 23 14 1E 42 7B
ID: 1F1, Data: 80 31 10 92 20 19 72 21
ID: 153, Data: 80 0 0 FF 0 FF 0 0
ID: 43F, Data: 844 48 60 FF 5F B8 23 0
ID: 18F, Data: 8AA 3B 0 0 0 0 0 0
ID: 316, Data: 8D 0 6 23 14 1E 42 7B
ID: 153, Data: 80 0 0 FF 0 FF 0 0
ID: 153, Data: 80 0 0 FF 0 FF 0 0
ID: 316, Data: 8D 0 D7 22 14 1E 42 7B
ID: A0, Data: 82B 72 6 23 42 2E 4 0
ID: 316, Data: 8D 0 B8 22 14 1E 41 7B
ID: 153, Data: 80 0 0 FF 0 FF 0 0
ID: 316, Data: 8D 0 8A 22 14 1E 41 7B
ID: 370, Data: 8FF D8 F0 FF FF FF FF FF
ID: 280, Data: 830 0 20 A2 44 16 71 43
ID: 316, Data: 8D 0 5D 22 14 1E 41 7B
ID: 545, Data: 8E4 0 0 8E E8 FD E8 FD
ID: 43F, Data: 844 48 60 FF 5E 10 23 0
ID: 316, Data: 8D 0 4E 22 14 1E 41 7B
ID: A0, Data: 82B 73 4E 22 41 2D 4 0
ID: 153, Data: 80 0 0 FF 0 FF 0 0
ID: 316, Data: 8D 0 3F 22 14 1E 40 7B
ID: 153, Data: 80 0 0 FF 0 FF 0 0
ID: 316, Data: 8D 0 21 22 14 1E 40 7B
ID: 153, Data: 80 0 0 FF 0 FF 0 0
ID: 316, Data: 8D 0 3 22 14 1E 40 7B
ID: 316, Data: 8D 0 3 22 14 1E 40 7B
ID: 153, Data: 80 0 0 FF 0 FF 0 0
ID: 2A0, Data: 880 7 71 18 30 0 F 0
ID: 370, Data: 8FF DA F0 FF FF FF FF FF
ID: 316, Data: 8D 0 C8 21 14 1E 40 7B
ID: 316, Data: 8D 0 BA 21 14 1E 40 7B
ID: 153, Data: 80 0 0 FF 0 FF 0 0
ID: 260, Data: 80 0 14 30 58 FF 5C 2A
ID: 329, Data: 840 A3 80 8 11 35 0 26
ID: 43F, Data: 844 48 60 FF 5E 50 22 0
ID: 316, Data: 8D 0 9D 21 14 1E 3F 7B
ID: 2A0, Data: 8E0 6 71 18 30 0 F 0
ID: 316, Data: 8D 0 80 21 14 1E 3F 7B
ID: 153, Data: 80 0 0 FF 0 FF 0 0
ID: 316, Data: 8D 0 71 21 14 1E 3F 7B
ID: 43F, Data: 844 48 60 FF 5E 4 22 0
ID: 1F1, Data: 80 31 F1 1 1F FB A1 1F
ID: 153, Data: 80 0 0 FF 0 FF 0 0
ID: 153, Data: 80 0 0 FF 0 FF 0 0
ID: 316, Data: 8D 0 1C 21 14 1D 3F 7B
ID: 545, Data: 8E4 0 0 8D ED FD ED FD
ID: 153, Data: 80 0 0 FF 0 FF 0 0
ID: 316, Data: 8D 0 0 21 15 1D 3E 7B
ID: 440, Data: 8FE E4 3E A0 FF AA AA AA
ID: 316, Data: 8D 0 E5 20 15 1D 3E 7B
ID: 153, Data: 80 0 0 FF 0 FF 0 0
ID: 153, Data: 80 0 0 FF 0 FF 0 0
ID: 316, Data: 8D 0 D7 20 15 1D 3E 7B
ID: 440, Data: 8FE E4 3E A0 FF AA AA AA
ID: 316, Data: 8D 0 BB 20 15 1D 3E 7B
ID: 153, Data: 80 0 0 FF 0 FF 0 0
ID: 43F, Data: 844 48 60 FF 5F 38 21 0
ID: 43F, Data: 844 48 60 FF 5E 30 21 0
ID: 316, Data: 8D 0 85 20 15 1D 3D 7B
ID: 370, Data: 8FF DB F0 FF FF FF FF FF
ID: 316, Data: 8D 0 6A 20 15 1D 3D 7B
ID: A0, Data: 82B 73 5C 20 3E 2D 4 0
ID: 43F, Data: 844 48 60 FF 5E F0 20 0
ID: 43F, Data: 844 48 60 FF 5F EC 20 0
ID: 440, Data: 8FE 44 3D A0 FF AA AA AA
ID: 316, Data: 8D 0 1A 20 15 1D 3D 7B
ID: A1, Data: 880 7E 80 7C 20 0 0 0
ID: 5F0, Data: 20 0
ID: 43F, Data: 844 48 60 FF 5E 84 20 0
ID: 316, Data: 8D 0 D8 1F 15 1D 3C 7B
ID: 316, Data: 8D 0 D8 1F 15 1D 3C 7B
ID: 153, Data: 80 0 0 FF 0 FF 0 0
ID: 316, Data: 8D 0 BE 1F 15 1D 3C 7B
ID: 153, Data: 80 0 0 FF 0 FF 0 0
ID: 316, Data: 8D 0 A5 1F 15 1D 3C 7B
ID: 316, Data: 8D 0 B2 1F 15 1D 3C 7B
ID: 153, Data: 80 0 0 FF 0 FF 0 0
ID: 18F, Data: 8AA 39 0 0 0 0 0 0
ID: 316, Data: 8D 0 98 1F 15 1D 3C 7B
ID: 316, Data: 8D 0 98 1F 15 1D 3C 7B
ID: 2A0, Data: 840 4 71 18 30 0 F 0
ID: 153, Data: 80 0 0 FF 0 FF 0 0
ID: 316, Data: 8D 0 59 1F 15 1D 3B 7B
ID: A0, Data: 82C 73 59 1F 3C 2D 4 0
ID: 316, Data: 8D 0 4C 1F 16 1D 3B 7B
ID: 316, Data: 8D 0 40 1F 16 1D 3B 7B
ID: 2A0, Data: 820 3 71 18 30 0 F 0
ID: 43F, Data: 844 48 60 FF 5E D0 1F 0
ID: 153, Data: 80 0 0 FF 0 FF 0 0
ID: 316, Data: 8D 0 E 1F 16 1D 3B 7B
ID: 316, Data: 8D 0 E 1F 16 1D 3B 7B
ID: 1F0, Data: 8F6 3F FD BF 0 0 0 0
ID: 18F, Data: 8AA 39 0 0 0 0 0 0
ID: 260, Data: 80 0 16 30 58 FF 4F 17
ID: 329, Data: 840 A3 80 8 11 34 0 26
ID: 153, Data: 80 0 0 FF 0 FF 0 0
ID: 5F0, Data: 20 0
ID: 316, Data: 8D 0 7C 1E 16 1D 3A 7B
ID: 43F, Data: 844 48 60 FF 5E 4 1F 0
ID: 43F, Data: 844 48 60 FF 5E FC 1E 0
ID: 316, Data: 8D 0 36 1E 16 1D 39 7B
ID: 316, Data: 8D 0 1E 1E 16 1D 39 7B
ID: 316, Data: 8D 0 F0 1D 16 1D 39 7B
ID: 280, Data: 830 0 20 A3 3B 16 71 42
ID: 43F, Data: 844 48 60 FF 5F 3C 1E 0
ID: 316, Data: 8D 0 7F 1D 16 1D 38 7B
ID: 153, Data: 80 0 0 FF 0 FF 0 0
ID: 316, Data: 8D 0 3D 1D 17 1D 37 7B
ID: 153, Data: 80 0 0 FF 0 FF 0 0
ID: 316, Data: 8D 0 E6 1C 17 1D 37 7B
ID: 153, Data: 80 0 0 FF 0 FF 0 0
ID: 316, Data: 8D 0 87 1C 17 1D 36 7B
ID: 316, Data: 8D 0 5E 1C 17 1D 36 7B
ID: 280, Data: 830 0 20 A4 38 16 71 41
ID: 316, Data: 8D 0 F8 1B 17 1D 35 7B
ID: 316, Data: 8D 0 D1 1B 17 1D 35 7B
ID: 260, Data: 80 0 18 30 58 FF 4F 33
ID: 43F, Data: 844 48 60 FF 5F 14 1C 0
ID: 153, Data: 80 0 0 FF 0 FF 0 0
ID: 153, Data: 80 0 0 FF 0 FF 0 0
ID: 280, Data: 830 0 20 A4 35 15 71 3E
ID: 5F0, Data: 20 0
ID: 440, Data: 8FE 44 33 A0 FF AA AA AA
ID: A1, Data: 880 7E 80 7C 1E 0 0 0
ID: 316, Data: 8D 0 47 1A 18 1D 32 7B
ID: 153, Data: 80 0 0 FF 0 FF 0 0
ID: A1, Data: 880 7E 80 7C 1D 0 0 0
ID: 329, Data: 8B A4 80 8 12 32 0 26
ID: 545, Data: 8E4 0 0 8D FC FD FC FD
ID: 153, Data: 80 0 0 FF 0 FF 0 0
ID: 5F0, Data: 20 0
ID: 43F, Data: 844 48 60 FF 5F 98 19 0
ID: 43F, Data: 844 48 60 FF 5F 80 19 0
ID: 316, Data: 8D 0 D0 18 19 1D 2F 7B
ID: A1, Data: 880 7E 80 7C 1D 0 0 0
ID: 316, Data: 8D 0 54 18 1A 1C 2E 7B
ID: 316, Data: 8D 0 20 18 1A 1C 2E 7B
ID: 316, Data: 8D 0 F3 17 1A 1C 2E 7B
ID: 153, Data: 80 0 0 FF 0 FF 0 0
ID: 370, Data: 8FF DD F0 FF FF FF FF FF
ID: 43F, Data: 844 48 60 FF 5F C 18 0
ID: 316, Data: 8D 0 41 17 1A 1C 2C 7B
ID: 153, Data: 80 0 0 FF 0 FF 0 0
ID: 316, Data: 8D 0 BA 16 1B 1C 2C 7B
ID: 153, Data: 80 0 0 FF 0 FF 0 0
ID: 316, Data: 8D 0 6B 16 1B 1C 2B 7B
ID: 1F0, Data: 8E5 3F FD BF 0 0 0 0
ID: 153, Data: 80 0 0 FF 0 FF 0 0
ID: 316, Data: 8D 0 DB 15 1B 1C 2A 7B
ID: 153, Data: 80 0 0 FF 0 FF 0 0
ID: 329, Data: 8ED A4 80 8 12 30 0 26
ID: 316, Data: 8D 0 75 15 1C 1C 29 7B
ID: 260, Data: 80 0 1C 30 58 FF 4F 11
ID: 316, Data: 8D 0 29 15 1C 1C 28 7B
ID: 316, Data: 8D 0 2 15 1C 1C 28 7B
ID: 2A0, Data: 820 2 71 18 30 0 F 0
ID: 153, Data: 80 0 0 FF 0 FF 0 0
ID: 153, Data: 80 0 0 FF 0 FF 0 0
ID: 2A0, Data: 880 2 71 18 30 0 F 0
ID: 43F, Data: 844 48 60 FF 5F 38 15 0
ID: 280, Data: 830 0 20 A4 28 16 71 41
ID: 153, Data: 80 0 0 FF 0 FF 0 0
ID: 316, Data: 8D 0 F 14 1E 1C 26 7B
ID: 316, Data: 8D 0 E1 13 1E 1C 26 7B
ID: 316, Data: 8D 0 C3 13 1F 1C 26 7B
ID: 18F, Data: 8AA 38 0 0 0 0 0 0
ID: 316, Data: 8D 0 88 13 1F 1C 25 7B
ID: A1, Data: 880 7E 80 7C 1F 0 0 0
ID: 316, Data: 8D 0 44 13 1F 1C 25 7B
ID: 153, Data: 80 0 0 FF 0 FF 0 0
ID: 545, Data: 8E4 0 0 8D D FE D FE
ID: 316, Data: 8D 0 C 13 1F 1C 24 7B
ID: 316, Data: 8D 0 F0 12 1F 1C 24 7B
ID: 260, Data: 80 0 20 30 58 FF 4F 1C
ID: 153, Data: 80 0 0 FF 0 FF 0 0
ID: 316, Data: 8D 0 A8 12 1F 1C 24 7B
ID: 153, Data: 80 0 0 FF 0 FF 0 0
ID: 316, Data: 8D 0 89 12 1F 1C 23 7B
ID: 316, Data: 8D 0 77 12 20 1C 23 7B
ID: 329, Data: 840 A4 80 8 12 30 0 26
ID: 5F0, Data: 20 0
ID: 1F1, Data: 80 77 1C 11 11 23 71 11
ID: 316, Data: 8D 0 43 12 20 1C 23 7B
ID: 280, Data: 830 0 20 A4 24 18 71 45
ID: A1, Data: 880 7E 80 7C 21 0 0 0
ID: 316, Data: 8D 0 1D 12 20 1C 22 7B
ID: 316, Data: 8D 0 4 12 20 1C 22 7B
ID: A0, Data: 831 73 8 12 22 28 4 0
ID: 153, Data: 80 0 0 FF 0 FF 0 0
ID: 5F0, Data: 20 0
ID: 153, Data: 80 0 0 FF 0 FF 0 0
ID: 18F, Data: 8AA 38 0 0 0 0 0 0
ID: 316, Data: 8D 0 9F 11 21 1C 21 7B
ID: 153, Data: 80 0 0 FF 0 FF 0 0
ID: 2A0, Data: 820 1 71 18 30 0 F 0
ID: 316, Data: 8D 0 77 11 21 1C 21 7B
ID: 316, Data: 8D 0 73 11 21 1C 21 7B
ID: 153, Data: 80 0 0 FF 0 FF 0 0
ID: 153, Data: 80 0 0 FF 0 FF 0 0
ID: 153, Data: 80 0 0 FF 0 FF 0 0
ID: A0, Data: 831 73 4D 11 21 27 4 0
ID: 316, Data: 85 0 9 11 21 1C 21 7B
ID: 18F, Data: 8AA 38 0 0 0 0 0 0
ID: 43F, Data: 84B 48 60 FF 5F 6C 11 0
ID: 18F, Data: 8AA 37 0 0 0 0 0 0
ID: 43F, Data: 84B 48 60 FF 5F 74 12 0
ID: 5F0, Data: 20 0
ID: 43F, Data: 84B 48 60 FF 5F 3C 14 0
ID: 316, Data: 85 1D 45 10 23 1C 20 7B
ID: 260, Data: 8B 23 23 30 58 FF 4F 37
ID: 5F0, Data: 20 0
ID: 18F, Data: 8AA 37 0 0 0 0 0 0
ID: 2A0, Data: 820 1 71 18 30 0 F 0
ID: 370, Data: 8FF DD F0 FF FE FF FF FF
ID: 153, Data: 80 0 0 FF 0 FF 0 0
ID: 316, Data: 85 21 7F 11 21 1C 1F 7B
ID: 153, Data: 80 0 0 FF 0 FF 0 0
ID: 316, Data: 85 20 F8 11 20 1C 1F 7B
ID: 153, Data: 80 0 0 FF 0 FF 0 0
ID: 280, Data: 830 0 84 A4 24 17 71 42
ID: 316, Data: 85 1E 3F 12 1F 1C 1F 7B
ID: 153, Data: 80 0 0 FF 0 FF 0 0
ID: 316, Data: 85 1E 80 12 1F 1C 1F 7B
ID: 153, Data: 80 0 0 FF 0 FF 0 0
ID: 1F1, Data: 80 77 FC 20 F FF 70 F
ID: 316, Data: 85 1E F4 11 20 1C 1E 7B
ID: 316, Data: 85 1E E3 11 20 1C 1E 7B
ID: 43F, Data: 84B 48 60 FF 5F 48 16 0
ID: 43F, Data: 84B 48 60 FF 5F 24 16 0
ID: 153, Data: 80 0 0 FF 0 FF 0 0
ID: 316, Data: 85 1E 1B 11 21 1C 1E 7B
ID: 153, Data: 80 0 0 FF 0 FF 0 0
ID: 153, Data: 80 0 0 FF 0 FF 0 0
ID: 316, Data: 85 1F 95 10 22 1C 1E 7B
ID: 370, Data: 8FF DD F0 FF FF FF FF FF
ID: 260, Data: 8B 20 22 30 58 FF 4F E
ID: 316, Data: 85 20 72 10 21 1C 1E 7B
ID: 153, Data: 80 0 0 FF 0 FF 0 0
ID: 316, Data: 85 20 5A 10 21 1C 1D 7B
ID: 43F, Data: 843 48 60 FF 5F 98 15 0
ID: 316, Data: 85 21 8A 10 20 1C 1D 7B
ID: A1, Data: 884 7E 84 7C 20 0 0 0
ID: 153, Data: 80 0 0 FF 0 FF 0 0
ID: 316, Data: 85 21 B8 10 1F 1C 1D 7B
ID: 153, Data: 80 0 0 FF 0 FF 0 0
ID: 316, Data: 85 21 FA 10 1F 1C 1D 7B
ID: 316, Data: 85 21 F2 10 1F 1C 1D 7B
ID: A0, Data: 830 73 18 11 1D 27 2 0
ID: 43F, Data: 843 48 60 FF 5F 14 15 0
ID: 316, Data: 85 20 58 11 1E 1C 1D 7B
ID: 440, Data: 8FE B3 1D A0 FF AA AA AA
ID: 316, Data: 85 1F 7B 11 1D 1C 1C 7B
ID: 5F0, Data: 20 0
ID: 316, Data: 85 1F 87 11 1D 1C 1C 7B
ID: 153, Data: 80 0 0 FF 0 FF 0 0
ID: A0, Data: 82C 73 83 11 1D 27 2 0
ID: 329, Data: 8B A4 80 8 12 2E 0 26
ID: A0, Data: 82B 73 A6 11 1C 26 2 0
ID: 153, Data: 80 0 0 FF 0 FF 0 0
ID: 153, Data: 80 0 0 FF 0 FF 0 0
ID: 316, Data: 85 1D 9F 11 1D 1C 1A 7B
ID: A0, Data: 82A 73 93 11 1B 26 2 0
ID: 316, Data: 85 1D C7 11 1C 1C 1A 7B
ID: 316, Data: 85 1C CB 11 1D 1C 1A 7B
ID: 43F, Data: 843 48 60 FF 5F 24 12 0
ID: 43F, Data: 843 48 60 FF 5F E8 11 0
ID: 2A0, Data: 820 0 71 18 30 0 F 0
ID: 153, Data: 80 0 0 FF 0 FF 0 0
ID: 316, Data: 85 1C 36 11 1D 1D 18 7B
ID: 153, Data: 80 0 0 FF 0 FF 0 0
ID: 316, Data: 85 1C C0 10 1E 1D 18 7B
ID: 316, Data: 85 1C C7 10 1E 1D 17 7B
ID: A0, Data: 82D 73 C7 10 18 26 2 0
ID: 316, Data: 85 1C 6 10 1F 1D 17 7B
ID: 316, Data: 85 1D E2 F 1F 1D 16 7B
ID: 18F, Data: 8AA 37 0 0 0 0 0 0
ID: 153, Data: 80 0 0 FF 0 FF 0 0
ID: 5F0, Data: 20 0
ID: 2A0, Data: 8E0 0 71 18 30 0 F 0
ID: 280, Data: 830 0 84 A4 1D 17 71 40
ID: 2A0, Data: 8E0 0 71 18 30 0 F 0
ID: 43F, Data: 83 48 60 FF 5F DC E 0
ID: 43F, Data: 83 48 60 FF 5F B0 E 0
ID: 370, Data: 8FF DD F0 FF FF FF FF FF
ID: 153, Data: 80 0 0 FF 0 FF 0 0
ID: 316, Data: 85 20 F9 D 22 1C 14 7B
ID: 153, Data: 80 0 0 FF 0 FF 0 0
ID: 316, Data: 85 20 C8 D 23 1C 13 7B
ID: 153, Data: 80 0 0 FF 0 FF 0 0
ID: 316, Data: 85 21 8A D 23 1C 13 7B
ID: 43F, Data: 83 48 60 FF 5F 8C D 0
ID: 316, Data: 85 21 8C D 23 1C 13 7B
ID: 260, Data: 8B 22 23 30 58 FF 61 16
ID: 153, Data: 80 0 0 FF 0 FF 0 0
ID: 316, Data: 85 22 73 D 23 1C 12 7B
ID: 316, Data: 85 22 83 D 23 1C 12 7B
ID: 280, Data: 830 0 84 A4 1A 19 71 47
ID: 43F, Data: 83 48 60 FF 5E C4 C 0
ID: 43F, Data: 83 48 60 FF 5F C0 C 0
ID: 153, Data: 80 0 0 FF 0 FF 0 0
ID: A1, Data: 88A 7F 8A 7D 22 0 0 0
ID: 329, Data: 840 A4 80 8 11 2D 0 26
ID: 545, Data: 8E4 30 0 8D 75 0 75 0
ID: 43F, Data: 83 48 60 FF 5F A0 C 0
ID: 43F, Data: 83 48 60 FF 5E C4 C 0
ID: 440, Data: 8FE B3 11 A0 FF AA AA AA
ID: 316, Data: 85 29 AE D 2A 1C 11 7B
ID: 316, Data: 85 29 AE D 3D 1C 11 7B
ID: 316, Data: 85 29 8 E 41 1C 11 7B
ID: A0, Data: 833 74 39 E 12 29 2 0
ID: 43F, Data: 83 48 60 FF 5E B4 C 0
ID: 43F, Data: 83 48 60 FF 5E CC C 0
ID: 5F0, Data: 20 0
ID: 43F, Data: 83 48 60 FF 5E C8 C 0
ID: 316, Data: 85 3C 53 F 58 1A 11 7B
ID: 316, Data: 85 3D 99 F 5D 1A 11 7B
ID: A0, Data: 85E 74 99 F 11 2E 2 0
ID: 316, Data: 85 47 98 10 63 19 11 7B
ID: 153, Data: 80 0 0 FF 0 FF 0 0
ID: 280, Data: 830 0 88 A4 24 31 72 74
ID: 316, Data: 85 51 D0 12 60 18 11 7B
ID: 5F0, Data: 20 0
ID: 440, Data: 8F4 B3 12 A0 FF AA AA AA
ID: 153, Data: 80 0 0 FF 0 FF 0 0
ID: 1F0, Data: 8DA 3F FD BF 0 0 0 0
ID: 545, Data: 8E4 B1 0 8D A1 4 A1 4
ID: A1, Data: 885 7B 85 7E 40 0 0 0
ID: 153, Data: 80 0 0 FF 0 FF 0 0
ID: 153, Data: 80 0 0 FF 0 FF 0 0
ID: 18F, Data: 8AA 36 0 0 0 0 0 0
ID: 280, Data: 830 0 88 A4 34 41 72 A0
ID: 316, Data: 85 69 EA 1A 71 15 12 7B
ID: 43F, Data: 83 48 60 FF 5E 50 E 0
ID: 316, Data: 85 6C 3F 1C 6F 15 13 7B
ID: 316, Data: 85 6D B1 1C 71 15 13 7B
ID: 153, Data: 80 0 0 FF 0 FF 0 0
ID: 316, Data: 85 6E 69 1D 70 15 13 7B
ID: 316, Data: 85 6E 8A 1D 73 15 13 7B
ID: 2A0, Data: 81 C 72 18 30 0 F 0
ID: 370, Data: 8FF E0 F0 FF FF FF FF FF
ID: 5F0, Data: 20 0
ID: 2A0, Data: 81 E 72 18 30 0 F 0
ID: 329, Data: 8B A4 80 8 11 4D 3D 26
ID: 316, Data: 85 7C C4 1E 7C 15 15 7B
ID: 153, Data: 80 0 0 FF 0 FF 0 0
ID: 153, Data: 80 0 0 FF 0 FF 0 0
ID: 316, Data: 85 7D CB 1F 7C 15 16 7B
ID: A0, Data: 892 74 27 1F 16 43 2 0
ID: 316, Data: 85 7B E5 1F 7C 15 17 7B
ID: 316, Data: 85 7A 0 20 7C 15 17 7B
ID: 43F, Data: 83 48 60 FF 5E 18 12 0
ID: 370, Data: 8FF E0 F0 FF FF FF FF FF
ID: 545, Data: 8E4 26 1 8D E4 6 E4 6
ID: 316, Data: 85 78 98 1F 7D 15 19 7B
ID: 316, Data: 85 78 98 1F 7D 15 19 7B
ID: 5F0, Data: 20 0
ID: 316, Data: 85 78 B2 1F 7D 15 1A 7B
ID: 153, Data: 80 0 0 FF 0 FF 0 0
ID: 18F, Data: 8AA 36 0 0 0 0 0 0
ID: 316, Data: 85 79 CB 1F 7D 15 1A 7B
ID: 316, Data: 85 79 CB 1F 7D 15 1B 7B
ID: A0, Data: 88F 74 E5 1F 1B 42 2 0
ID: 153, Data: 80 0 0 FF 0 FF 0 0
ID: 316, Data: 85 7A 1A 20 7D 15 1C 7B
ID: 153, Data: 80 0 0 FF 0 FF 0 0
ID: 153, Data: 80 0 0 FF 0 FF 0 0
ID: 316, Data: 85 7A 4F 20 7E 15 1D 7B
ID: 153, Data: 80 0 0 FF 0 FF 0 0
ID: 260, Data: 8B 7B 7F 30 58 FF 9F 7
ID: 316, Data: 85 7A 77 20 7E 15 1D 7B
ID: 153, Data: 80 0 0 FF 0 FF 0 0
ID: 316, Data: 85 7A BB 20 81 15 1E 7B
ID: 153, Data: 80 0 0 FF 0 FF 0 0
ID: 316, Data: 85 7B D7 20 81 15 1F 7B
ID: 153, Data: 80 0 0 FF 0 FF 0 0
ID: A1, Data: 887 7B 84 7E 4A 0 0 0
ID: 329, Data: 8B A4 80 8 11 4E 40 26
ID: 316, Data: 85 7E 55 21 81 15 20 7B
ID: 153, Data: 80 0 0 FF 0 FF 0 0
ID: 5F0, Data: 20 0
ID: 316, Data: 85 7D BA 21 87 15 21 7B
ID: 43F, Data: 83 48 60 FF 5E A0 18 0
ID: 280, Data: 830 0 88 A4 43 50 71 A5
ID: 153, Data: 80 0 0 FF 0 FF 0 0
ID: 316, Data: 85 8A 9A 22 8C 15 22 7B
ID: 316, Data: 85 8B 6 23 8E 15 22 7B
ID: 545, Data: 8E4 94 1 8D 31 8 31 8
ID: 43F, Data: 83 48 60 FF 5E 38 1A 0
ID: 153, Data: 80 0 0 FF 0 FF 0 0
ID: 153, Data: 80 0 0 FF 0 FF 0 0
ID: 316, Data: 85 92 7F 24 98 15 24 7B
ID: 153, Data: 80 0 0 FF 0 FF 0 0
ID: 316, Data: 85 94 E6 24 99 15 24 7B
ID: 316, Data: 85 94 3E 25 9A 15 25 7B
ID: A0, Data: 8AD 74 A1 24 25 4D 2 0
ID: 43F, Data: 83 48 60 FF 5E 10 1C 0
ID: 370, Data: 8FF E0 F0 FF FF FF FF FF
ID: 153, Data: 80 0 0 FF 0 FF 0 0
ID: 316, Data: 85 A1 9C 26 A7 15 27 7B
ID: 153, Data: 80 0 0 FF 0 FF 0 0
ID: 329, Data: 8ED A5 80 8 11 6D 65 26
ID: 1F0, Data: 8FC 3F FD BF 0 0 0 0
ID: A1, Data: 885 7D 82 7F 5D 0 0 0
ID: 153, Data: 80 0 0 FF 0 FF 0 0
ID: 153, Data: 80 0 0 FF 0 FF 0 0
ID: 18F, Data: 8AA 36 0 0 0 0 0 0
ID: 43F, Data: 83 48 60 FF 5E 24 1F 0
ID: 316, Data: 85 B1 94 29 B7 16 2A 7B
ID: 2A0, Data: 81 31 71 18 30 0 F 0
ID: 316, Data: 85 B6 31 2A BC 16 2B 7B
ID: 440, Data: 8FE C3 2C A0 FF AA AA AA
ID: 545, Data: 8E4 A2 2 8D 59 B 59 B
ID: 316, Data: 85 BC 4A 2B BE 16 2D 7B
ID: 316, Data: 85 BC 92 2B BF 16 2D 7B
ID: A1, Data: 882 80 82 7F 64 0 0 0
ID: 316, Data: 85 BF 26 2C C4 16 2E 7B
ID: 316, Data: 85 C0 3F 2C C6 16 2E 7B
ID: A0, Data: 8DC 74 3F 2C 2F 98 2 0
ID: 43F, Data: 83 48 60 FF 5E 38 23 0
ID: 316, Data: 85 C0 A4 2C C9 16 30 7B
ID: 1F0, Data: 8FE 3F FD BF 0 0 0 0
ID: 316, Data: 85 C0 3F 2D CB 17 31 7B
ID: 316, Data: 85 C1 3F 2D CB 17 31 7B
ID: 153, Data: 80 0 0 FF 0 FF 0 0
ID: 153, Data: 80 0 0 FF 0 FF 0 0
ID: 316, Data: 85 C2 DF 2D CC 17 33 7B
ID: A0, Data: 8E1 74 DF 2D 33 97 2 0
ID: 153, Data: 80 0 0 FF 0 FF 0 0
ID: 316, Data: 85 C1 4B 2E CD 17 34 7B
ID: 153, Data: 80 0 0 FF 0 FF 0 0
ID: A0, Data: 8DE 74 4B 2E 34 97 2 0
ID: 316, Data: 85 C1 D6 2E D0 17 35 7B
ID: 545, Data: 8E4 E8 2 8D 25 B 25 B
ID: 316, Data: 85 C3 81 2F DC 21 36 7B
ID: 1F0, Data: 80 40 FD BF 0 0 0 0
ID: 1F0, Data: 80 40 FD BF 0 0 0 0
ID: A1, Data: 883 80 83 7F 64 0 0 0
ID: 2A0, Data: 81 4A 71 18 30 0 F 0
ID: A0, Data: 8E4 74 F6 2F 38 96 2 0
ID: 153, Data: 80 0 0 FF 0 FF 0 0
ID: 316, Data: 85 C4 A9 30 DD 22 39 7B
ID: 153, Data: 80 0 0 FF 0 FF 0 0
ID: 153, Data: 80 0 0 FF 0 FF 0 0
ID: 153, Data: 80 0 0 FF 0 FF 0 0
ID: 370, Data: 8FF D8 F0 FF FF FF FF FF
ID: 2A0, Data: 81 50 71 18 30 0 F 0
ID: 153, Data: 80 0 0 FF 0 FF 0 0
ID: 316, Data: 845 C5 61 31 D1 22 3C 7B
ID: 153, Data: 80 0 0 FF 0 FF 0 0
ID: 545, Data: 8E4 6 3 8D 41 B 41 B
ID: 43F, Data: 83 48 60 FF 5E 78 2E 0
ID: 316, Data: 845 C5 26 33 C4 23 3E 7B
ID: 1F0, Data: 81 40 FD BF 0 0 0 0
ID: 316, Data: 845 C4 A2 32 C5 23 3F 7B
ID: 153, Data: 80 0 0 FF 0 FF 0 0
ID: 1F1, Data: 80 1 FA 81 1F A F2 20
ID: 2A0, Data: 8A1 54 70 18 30 0 F 0
ID: 316, Data: 845 C6 D0 33 C4 23 40 7B
ID: 316, Data: 845 C5 15 34 C4 23 41 7B
ID: 18F, Data: 8AA 38 0 0 0 0 0 0
ID: 316, Data: 845 C2 A1 34 C3 23 41 7B
ID: 370, Data: 8FF D5 F0 FF FF FF FF FF
ID: 260, Data: 8B C4 C3 30 58 FF 92 1C
ID: 316, Data: 845 C4 79 35 C1 24 43 7B
ID: A0, Data: 8DE 74 31 35 43 89 2 0
ID: 316, Data: 845 C0 E8 35 C0 24 43 7B
ID: 316, Data: 845 C0 59 36 BE 24 44 7B
ID: 153, Data: 80 0 0 FF 0 FF 0 0
ID: 545, Data: 8E4 23 3 8D 8D A 8D A
ID: 316, Data: 845 B9 CB 36 AF 24 45 7B
ID: 280, Data: 830 0 88 A5 6D 6A 70 C0
ID: 316, Data: 845 AE CB 36 A6 24 46 7B
ID: 18F, Data: 8AA 3C 0 0 0 0 0 0
ID: 43F, Data: 8C 48 60 FF 5E 28 33 0
ID: 153, Data: 80 0 0 FF 0 FF 0 0
ID: 153, Data: 80 0 0 FF 0 FF 0 0
ID: 316, Data: 845 A1 33 36 A2 24 47 7B
ID: 153, Data: 80 0 0 FF 0 FF 0 0
ID: 545, Data: 8E4 69 2 8D 71 7 99 8
ID: 316, Data: 845 8D BB 2F 60 22 48 7B
ID: 1F0, Data: 82 40 FD BF 0 0 0 0
ID: 43F, Data: 8C 48 60 7E 5F 6C 27 0
ID: 153, Data: 80 0 0 FF 0 FF 0 0
ID: 316, Data: 845 54 D7 29 16 22 49 7B
ID: 5F0, Data: 20 0
ID: A1, Data: 886 7E 88 7D 36 0 0 0
ID: A1, Data: 886 7E 88 7D 36 0 0 0
ID: A0, Data: 82B 75 7C 28 4A 2E 2 0
ID: 153, Data: 80 0 0 FF 0 FF 0 0
ID: 153, Data: 80 0 0 FF 0 FF 0 0
ID: 43F, Data: 8C 48 60 FF 5F AC 27 0
ID: 2A0, Data: 840 4C 6F 18 30 0 F 0
ID: 43F, Data: 84 48 60 FF 5F 70 27 0
ID: 43F, Data: 84 48 60 FF 5F 98 27 0
ID: 1F0, Data: 82 40 FD BF 0 0 0 0
ID: 153, Data: 80 0 0 FF 0 FF 0 0
ID: 260, Data: 8B 18 1D 30 58 FF 8B D
ID: 329, Data: 8B A6 80 8 11 37 0 26
ID: 440, Data: 8FE 44 49 A0 FF AA AA AA
ID: 153, Data: 80 0 0 FF 0 FF 0 0
ID: 260, Data: 8B 19 1D 30 58 FF 74 13
ID: 316, Data: 845 1D 2C 25 1D 26 49 7B
ID: 316, Data: 845 1F 3E 25 1C 25 49 7B
ID: 316, Data: 845 20 74 25 1C 25 49 7B
ID: 153, Data: 80 0 0 FF 0 FF 0 0
ID: 260, Data: 8B 21 1C 30 58 FF 71 F
ID: 316, Data: 845 21 9C 26 1C 25 49 7B
ID: A1, Data: 885 7F 87 7D 22 0 0 0
ID: 43F, Data: 84 48 60 FF 5F 4C 27 0
ID: 5F0, Data: 20 0
ID: A0, Data: 82F 75 E9 26 49 30 2 0
ID: 18F, Data: 8AA 41 0 0 0 0 0 0
ID: 316, Data: 845 1C 76 26 1C 26 49 7B
ID: 18F, Data: 8AA 41 0 0 0 0 0 0
ID: 316, Data: 845 1D 5 26 1C 26 49 7B
ID: 316, Data: 845 1D 5 26 1C 26 49 7B
ID: 316, Data: 845 1D 18 26 1C 26 49 7B
ID: 43F, Data: 84 48 60 FF 5F E4 26 0
ID: 329, Data: 884 A6 80 8 11 39 0 26
ID: A1, Data: 880 7F 80 7D 20 0 0 0
ID: 316, Data: 84D 19 E0 25 1C 25 48 7B
ID: 1F1, Data: 80 89 39 F2 23 42 62 24
ID: 43F, Data: 84 48 60 FF 5F E0 26 0
ID: 43F, Data: 84 48 60 FF 5F E0 26 0
ID: 440, Data: 8FE E4 48 A0 FF AA AA AA
ID: 316, Data: 84D F 62 25 1C 25 48 7B
ID: 280, Data: 830 0 20 A6 49 1B 6F 45
ID: 43F, Data: 844 48 60 FF 5F B0 26 0
ID: 316, Data: 84D A C3 24 1D 25 48 7B
ID: 153, Data: 80 0 0 FF 0 FF 0 0
ID: 153, Data: 80 0 0 FF 0 FF 0 0
ID: 316, Data: 84D 5 C7 23 1D 25 48 7B
ID: 153, Data: 80 0 0 FF 0 FF 0 0
ID: 316, Data: 84D 0 55 23 1D 25 47 7B
ID: 316, Data: 84D 0 16 23 1D 25 47 7B
ID: 260, Data: 80 0 1E 30 58 FF 6D 0
ID: 5F0, Data: 20 0
ID: 153, Data: 80 0 0 FF 0 FF 0 0
ID: 316, Data: 84D 0 B6 23 1D 25 47 7B
ID: 43F, Data: 844 48 60 FF 5F 1C 26 0
ID: 316, Data: 84D 0 7F 24 1D 25 47 7B
ID: 153, Data: 80 0 0 FF 0 FF 0 0
ID: 153, Data: 80 0 0 FF 0 FF 0 0
ID: 316, Data: 84D 0 A1 24 1D 25 46 7B
ID: 153, Data: 80 0 0 FF 0 FF 0 0
ID: 316, Data: 84D 0 90 24 1D 25 46 7B
ID: 1F0, Data: 8FE 3F FD BF 0 0 0 0
ID: 260, Data: 80 0 1D 30 58 FF 68 6
ID: 153, Data: 80 0 0 FF 0 FF 0 0
ID: 153, Data: 80 0 0 FF 0 FF 0 0
ID: 370, Data: 8FF D5 F0 FF FF FF FF FF
ID: 280, Data: 830 0 20 A7 48 1A 6F 46
ID: 316, Data: 84D 0 5D 24 1D 25 46 7B
ID: 2A0, Data: 8E0 22 6F 18 30 0 F 0
ID: 153, Data: 80 0 0 FF 0 FF 0 0
ID: 316, Data: 84D 0 5D 24 1D 25 45 7B
ID: 153, Data: 80 0 0 FF 0 FF 0 0
ID: 329, Data: 840 A7 80 8 11 37 0 26
ID: 316, Data: 84D 0 4C 24 1D 25 45 7B
ID: 545, Data: 8E4 0 0 8E 6F FD 6F FD
ID: 43F, Data: 844 48 60 FF 5F DC 24 0
ID: 316, Data: 84D 0 2A 24 1D 25 45 7B
ID: 153, Data: 80 0 0 FF 0 FF 0 0
ID: 316, Data: 84D 0 19 24 1D 25 44 7B
ID: 153, Data: 80 0 0 FF 0 FF 0 0
ID: 545, Data: 8E4 0 0 8D 6E FD 6E FD
ID: 316, Data: 84D 0 F8 23 1D 25 44 7B
ID: 18F, Data: 8AA 43 0 0 0 0 0 0
ID: 43F, Data: 844 48 60 FF 5F C8 24 0
ID: 153, Data: 80 0 0 FF 0 FF 0 0
ID: 316, Data: 84D 0 F8 23 1D 25 44 7B
ID: 5F0, Data: 20 0
ID: 2A0, Data: 840 1B 6F 18 30 0 F 0
ID: 545, Data: 8E4 0 0 8E 70 FD 70 FD
ID: 260, Data: 80 0 1D 30 58 FF 68 24
ID: 316, Data: 84D 0 C7 23 13 1B 44 7B
ID: 316, Data: 84D 0 96 23 13 1B 44 7B
ID: 43F, Data: 844 48 60 FF 5F 54 24 0
ID: 440, Data: 8FE 34 43 A0 FF AA AA AA
ID: 153, Data: 80 0 0 FF 0 FF 0 0
ID: 316, Data: 84D 0 C8 22 13 1B 43 7B
ID: 153, Data: 80 0 0 FF 0 FF 0 0
ID: 153, Data: 80 0 0 FF 0 FF 0 0
ID: 316, Data: 8D 0 6C 22 13 1B 43 7B
ID: 153, Data: 80 0 0 FF 0 FF 0 0
ID: 280, Data: 830 0 20 A8 45 17 6F 42
ID: 440, Data: 8FE 34 42 A0 FF AA AA AA
ID: A0, Data: 82A 77 D7 22 43 2D 4 0
ID: 316, Data: 8D 0 26 23 13 1B 43 7B
ID: 545, Data: 8E4 0 0 8E 1A FE 1A FE
ID: 43F, Data: 844 48 60 FF 5F C0 23 0
ID: 440, Data: 8FE 44 42 A0 FF AA AA AA
ID: 260, Data: 80 0 13 30 58 FF 61 16
ID: 316, Data: 8D 0 F7 22 13 1B 42 7B
ID: 2A0, Data: 880 14 6F 18 30 0 F 0
ID: 440, Data: 8FE 94 42 A0 FF AA AA AA
ID: 316, Data: 8D 0 E7 22 13 1B 42 7B
ID: A1, Data: 880 7F 80 7D 1F 0 0 0
ID: 5F0, Data: 20 0
ID: 153, Data: 80 0 0 FF 0 FF 0 0
ID: 43F, Data: 844 48 60 FF 5F 6C 23 0
ID: 5F0, Data: 20 0
ID: 316, Data: 8D 0 A9 22 13 1B 41 7B
ID: 153, Data: 80 0 0 FF 0 FF 0 0
ID: 316, Data: 8D 0 8A 22 14 1B 41 7B
ID: 440, Data: 8FE E4 41 A0 FF AA AA AA
ID: 2A0, Data: 8C1 12 6F 18 30 0 F 0
ID: 316, Data: 8D 0 5D 22 1E 1B 41 7B
ID: 316, Data: 85 6 5D 22 21 1B 41 7B
ID: 43F, Data: 844 48 60 FF 5F 0 23 0
ID: 43F, Data: 844 48 60 FF 5F 4 23 0
ID: 153, Data: 80 0 0 FF 0 FF 0 0
ID: 153, Data: 80 0 0 FF 0 FF 0 0
ID: 280, Data: 830 0 88 A8 47 15 6F 3C
ID: 316, Data: 85 22 A6 23 25 1B 41 7B
ID: 43F, Data: 844 48 60 FF 5F DC 22 0
ID: 153, Data: 80 0 0 FF 0 FF 0 0
ID: A0, Data: 826 77 A6 23 41 2D 2 0
ID: 329, Data: 840 A9 80 8 11 36 A 26
ID: 280, Data: 830 0 88 A9 46 16 6F 3E
ID: 153, Data: 80 0 0 FF 0 FF 0 0
ID: 316, Data: 85 27 36 23 2C 1B 41 7B
ID: 316, Data: 85 28 65 23 2C 1A 41 7B
ID: A1, Data: 882 7A 82 7B 1E 0 0 0
ID: 316, Data: 85 29 F8 23 2B 1A 41 7B
ID: 440, Data: 8FE 44 41 A0 FF AA AA AA
ID: A0, Data: 833 77 C7 23 41 30 2 0
ID: 5F0, Data: 20 0
ID: 316, Data: 85 2B F8 23 2B 1A 41 7B
ID: 43F, Data: 844 48 60 FF 5F 20 23 0
ID: A1, Data: 884 7A 86 7B 22 0 0 0
ID: 153, Data: 80 0 0 FF 0 FF 0 0
ID: 316, Data: 85 2B F8 23 2B 1A 41 7B
ID: 153, Data: 80 0 0 FF 0 FF 0 0
ID: 260, Data: 8B 2C 12 30 58 FF D6 30
ID: 316, Data: 85 2A F8 23 12 1A 41 7B
ID: 5F0, Data: 20 0
ID: 316, Data: 85 26 D7 23 13 1A 41 7B
ID: 440, Data: 8FE E4 41 A0 FF AA AA AA
ID: 153, Data: 80 0 0 FF 0 FF 0 0
ID: 5F0, Data: 20 0
ID: 316, Data: 85 1F 55 23 14 1B 41 7B
ID: 153, Data: 80 0 0 FF 0 FF 0 0
ID: 316, Data: 85 1D 6 23 14 1B 41 7B
ID: 316, Data: 85 1C E7 22 18 1B 41 7B
ID: 1F0, Data: 8F7 3F FD BF 0 0 0 0
ID: 440, Data: 8FE 94 40 A0 FF AA AA AA
ID: 153, Data: 80 0 0 FF 0 FF 0 0
ID: A1, Data: 88D 7A 8D 7B 18 0 0 0
ID: 316, Data: 85 1C 7B 22 28 1B 41 7B
ID: 280, Data: 830 0 88 A9 45 13 6F 36
ID: 316, Data: 85 21 C8 22 2D 1B 41 7B
ID: 329, Data: 840 A9 80 8 11 37 C 26
ID: 43F, Data: 844 48 60 FF 60 24 23 0
ID: 316, Data: 85 29 36 23 33 1A 41 7B
ID: 18F, Data: 8AA 3B 0 0 0 0 0 0
ID: 316, Data: 85 2C F8 23 31 1A 41 7B
ID: 153, Data: 80 0 0 FF 0 FF 0 0
ID: 316, Data: 85 2E B2 24 30 19 41 7B
ID: 316, Data: 85 2F A1 24 2A 19 41 7B
ID: A0, Data: 83A 78 B2 24 41 32 2 0
ID: 43F, Data: 844 48 60 FF 60 20 23 0
ID: 43F, Data: 844 48 60 FF 60 24 23 0
ID: A0, Data: 83A 78 4C 24 41 32 2 0
ID: 316, Data: 85 2F 19 24 2A 19 41 7B
ID: 316, Data: 85 2E 2A 24 32 19 41 7B
ID: 43F, Data: 844 48 60 FF 5F 3C 23 0
ID: 316, Data: 85 2E 2A 24 3B 19 41 7B
ID: 153, Data: 80 0 0 FF 0 FF 0 0
ID: 316, Data: 85 35 6E 24 3F 18 41 7B
ID: 153, Data: 80 0 0 FF 0 FF 0 0
ID: 280, Data: 830 0 88 A9 49 22 6F 61
ID: 316, Data: 85 3B 9 25 3E 17 41 7B
ID: 43F, Data: 844 48 60 FF 5F 78 23 0
ID: 43F, Data: 844 48 60 FF 60 7C 23 0
ID: 370, Data: 8FF D1 F0 FF FF FF FF FF
ID: 153, Data: 80 0 0 FF 0 FF 0 0
ID: 260, Data: 8B 3F 3E 30 58 FF CD 29
ID: 316, Data: 85 3F 50 25 3E 17 41 7B
ID: A1, Data: 888 7B 88 7E 31 0 0 0
ID: 43F, Data: 844 48 60 FF 60 AC 23 0
ID: 153, Data: 80 0 0 FF 0 FF 0 0
ID: 1F0, Data: 8F7 3F FD BF 0 0 0 0
ID: 18F, Data: 8AA 39 0 0 0 0 0 0
ID: A0, Data: 847 78 50 25 42 36 2 0
ID: 316, Data: 85 40 74 25 3E 17 42 7B
ID: 260, Data: 8B 41 3E 30 58 FF CC 9
ID: 43F, Data: 844 48 60 FF 5F EC 23 0
ID: 316, Data: 85 40 98 25 3F 17 42 7B
ID: 5F0, Data: 20 0
ID: 316, Data: 85 40 98 25 40 17 42 7B
ID: 43F, Data: 844 48 60 FF 5F 18 24 0
ID: 43F, Data: 844 48 60 FF 60 1C 24 0
ID: 153, Data: 80 0 0 FF 0 FF 0 0
ID: A0, Data: 848 78 AA 25 43 36 2 0
ID: 316, Data: 85 41 BC 25 43 17 42 7B
ID: 18F, Data: 8AA 39 0 0 0 0 0 0
ID: 316, Data: 85 42 98 25 44 17 43 7B
ID: 5F0, Data: 20 0
ID: 316, Data: 85 44 86 25 44 17 43 7B
ID: 440, Data: 8FE 44 43 A0 FF AA AA AA
ID: 153, Data: 80 0 0 FF 0 FF 0 0
ID: 5F0, Data: 20 0
ID: 316, Data: 85 46 74 25 46 16 43 7B
ID: 153, Data: 80 0 0 FF 0 FF 0 0
ID: 280, Data: 830 0 88 AA 4A 2A 6F 6F
ID: 316, Data: 85 47 62 25 48 16 43 7B
ID: 43F, Data: 844 48 60 FF 60 B8 24 0
ID: 316, Data: 85 48 86 25 47 16 43 7B
ID: A1, Data: 887 7B 86 7E 35 0 0 0
ID: 153, Data: 80 0 0 FF 0 FF 0 0
ID: 316, Data: 85 48 98 25 48 16 44 7B
ID: 153, Data: 80 0 0 FF 0 FF 0 0
ID: 329, Data: 840 AA 80 8 11 42 20 26
ID: 316, Data: 85 49 CE 25 4A 16 44 7B
ID: A0, Data: 853 78 BC 25 44 39 2 0
ID: 43F, Data: 844 48 60 FF 60 28 25 0
ID: 440, Data: 8FE 44 44 A0 FF AA AA AA
ID: 316, Data: 85 4A 5 26 4A 16 44 7B
ID: 316, Data: 85 4B 18 26 4A 16 44 7B
ID: 43F, Data: 844 48 60 FF 5F 50 25 0
ID: 316, Data: 85 4B 2A 26 49 16 45 7B
ID: A0, Data: 854 78 2A 26 45 3A 2 0
ID: 5F0, Data: 20 0
ID: 316, Data: 85 4C 63 26 49 16 45 7B
ID: 43F, Data: 844 48 60 FF 5F 8C 25 0
ID: 260, Data: 8B 4C 46 30 58 FF C4 3A
ID: 153, Data: 80 0 0 FF 0 FF 0 0
ID: 260, Data: 8B 4A 41 30 58 FF C5 21
ID: 316, Data: 85 48 63 26 35 16 45 7B
ID: 43F, Data: 844 48 60 FF 5F C8 25 0
ID: 440, Data: 8FE 94 45 A0 FF AA AA AA
ID: 153, Data: 80 0 0 FF 0 FF 0 0
ID: 5F0, Data: 20 0
ID: 316, Data: 85 2D 50 26 11 19 46 7B
ID: 316, Data: 85 2B 2A 26 11 19 46 7B
ID: 545, Data: 8E4 69 0 8E D9 0 D9 0
ID: 153, Data: 80 0 0 FF 0 FF 0 0
ID: 316, Data: 85 20 BC 25 13 1B 46 7B
ID: 153, Data: 80 0 0 FF 0 FF 0 0
ID: 316, Data: 85 1D 98 25 13 1B 46 7B
ID: 440, Data: 8FE 44 45 A0 FF AA AA AA
ID: 18F, Data: 8AA 37 0 0 0 0 0 0
ID: 316, Data: 85 19 9 25 13 1B 46 7B
ID: 153, Data: 80 0 0 FF 0 FF 0 0
ID: 316, Data: 85 18 A1 24 13 1B 46 7B
ID: 316, Data: 85 17 6E 24 14 1B 46 7B
ID: 18F, Data: 8AA 37 0 0 0 0 0 0
ID: 43F, Data: 844 48 60 FF 5F B0 25 0
ID: 153, Data: 80 0 0 FF 0 FF 0 0
ID: 316, Data: 85 13 36 23 14 1B 45 7B
ID: 316, Data: 85 14 F7 22 14 1B 45 7B
ID: 18F, Data: 8AA 37 0 0 0 0 0 0
ID: 316, Data: 85 15 8A 22 14 1A 45 7B
ID: 43F, Data: 844 48 60 FF 5F 6C 25 0
ID: 316, Data: 85 16 6C 22 14 1A 45 7B
ID: 153, Data: 80 0 0 FF 0 FF 0 0
ID: 153, Data: 80 0 0 FF 0 FF 0 0
ID: 5F0, Data: 20 0
ID: 153, Data: 80 0 0 FF 0 FF 0 0
ID: 153, Data: 80 0 0 FF 0 FF 0 0
ID: 2A0, Data: 8A1 E 6F 18 30 0 F 0
ID: 43F, Data: 844 48 60 FF 60 70 25 0
ID: 316, Data: 85 27 CE 25 2D 1A 45 7B
ID: 153, Data: 80 0 0 FF 0 FF 0 0
ID: 316, Data: 85 29 2A 26 12 1A 45 7B
ID: 153, Data: 80 0 0 FF 0 FF 0 0
ID: 2A0, Data: 880 E 6F 18 30 0 F 0
ID: 316, Data: 85 28 18 26 12 1A 45 7B
ID: 153, Data: 80 0 0 FF 0 FF 0 0
ID: 153, Data: 80 0 0 FF 0 FF 0 0
ID: 260, Data: 8B 23 13 30 58 FF D6 B
ID: 329, Data: 840 AA 80 8 11 33 0 26
ID: 440, Data: 8FE 34 45 A0 FF AA AA AA
ID: 316, Data: 85 1D 1B 25 13 1B 45 7B
ID: 18F, Data: 8AA 37 0 0 0 0 0 0
ID: 153, Data: 80 0 0 FF 0 FF 0 0
ID: 43F, Data: 844 48 60 FF 60 64 25 0
ID: 153, Data: 80 0 0 FF 0 FF 0 0
ID: 153, Data: 80 0 0 FF 0 FF 0 0
ID: 316, Data: 85 17 E8 23 14 1B 45 7B
ID: 43F, Data: 844 48 60 FF 5F 1C 25 0
ID: 316, Data: 85 15 65 23 14 1B 44 7B
ID: 153, Data: 80 0 0 FF 0 FF 0 0
ID: 43F, Data: 844 48 60 FF 60 4 25 0
ID: 1F1, Data: 80 CD 21 A2 21 2A 82 22
ID: 153, Data: 80 0 0 FF 0 FF 0 0
ID: 2A0, Data: 8E0 B 6F 18 30 0 F 0
ID: 545, Data: 8E4 4C 0 8E B0 FF B0 FF
ID: 2A0, Data: 820 A 6F 18 30 0 F 0
ID: 43F, Data: 844 48 60 FF 5F D4 24 0
ID: 43F, Data: 844 48 60 FF 60 C4 24 0
ID: 2A0, Data: 820 A 6F 18 30 0 F 0
ID: 153, Data: 80 0 0 FF 0 FF 0 0
ID: 153, Data: 80 0 0 FF 0 FF 0 0
ID: 153, Data: 80 0 0 FF 0 FF 0 0
ID: 2A0, Data: 820 A 6F 18 30 0 F 0
ID: 329, Data: 8B AB 80 8 11 34 0 26
ID: 280, Data: 830 0 84 AB 44 14 6F 36
ID: A1, Data: 88A 7F 8D 7D 1A 0 0 0
ID: 43F, Data: 844 48 60 FF 5F 7C 24 0
ID: 153, Data: 80 0 0 FF 0 FF 0 0
ID: A1, Data: 88D 7D 8D 7B 1A 0 0 0
ID: 280, Data: 830 0 88 AB 46 17 6F 3D
ID: 2A0, Data: 8C1 9 6F 18 30 0 F 0
ID: 440, Data: 8FE 44 43 A0 FF AA AA AA
ID: 370, Data: 8FF D5 F0 FF FF FF FF FF
ID: 18F, Data: 8AA 36 0 0 0 0 0 0
ID: 316, Data: 85 38 2A 26 3F 18 43 7B
ID: 316, Data: 85 39 3D 26 3E 17 43 7B
ID: 280, Data: 830 0 88 AB 4C 23 6F 61
ID: 370, Data: 8FF D5 F0 FF FF FF FF FF
ID: 316, Data: 85 3F 5 26 46 17 43 7B
ID: 43F, Data: 844 48 60 FF 5F 84 24 0
ID: 153, Data: 80 0 0 FF 0 FF 0 0
ID: 370, Data: 8FF D5 F0 FF FF FF FF FF
ID: 260, Data: 8B 45 47 30 58 FF C9 2C
ID: 316, Data: 85 46 63 26 46 16 43 7B
ID: 18F, Data: 8AA 36 0 0 0 0 0 0
ID: 153, Data: 80 0 0 FF 0 FF 0 0
ID: 316, Data: 85 48 AF 26 46 16 43 7B
ID: 18F, Data: 8AA 36 0 0 0 0 0 0
ID: 153, Data: 80 0 0 FF 0 FF 0 0
ID: 153, Data: 80 0 0 FF 0 FF 0 0
ID: 43F, Data: 844 48 60 FF 60 E0 24 0
ID: 280, Data: 830 0 88 AB 4D 2C 6F 6F
ID: 43F, Data: 844 48 60 FF 60 E8 24 0
ID: 316, Data: 85 4B D5 26 4B 16 44 7B
ID: 153, Data: 80 0 0 FF 0 FF 0 0
ID: 316, Data: 85 4B FC 26 55 1F 44 7B
ID: 316, Data: 85 4C FC 26 56 20 44 7B
ID: 260, Data: 8B 50 56 30 58 FF C4 7
ID: 440, Data: 8FE 34 44 A0 FF AA AA AA
ID: 316, Data: 85 55 86 27 55 1F 44 7B
ID: 153, Data: 80 0 0 FF 0 FF 0 0
ID: 316, Data: 85 56 9A 27 51 1F 44 7B
ID: 316, Data: 85 57 AE 27 51 1F 44 7B
ID: 18F, Data: 8AA 36 0 0 0 0 0 0
ID: 316, Data: 85 56 86 27 51 1F 45 7B
ID: 43F, Data: 844 48 60 FF 5F 74 25 0
ID: 316, Data: 845 54 72 27 51 1F 45 7B
ID: 153, Data: 80 0 0 FF 0 FF 0 0
ID: 316, Data: 845 54 C2 26 51 1F 45 7B
ID: 316, Data: 845 54 9C 26 52 1F 45 7B
ID: 43F, Data: 844 48 60 FF 5F A4 25 0
ID: 153, Data: 80 0 0 FF 0 FF 0 0
ID: 316, Data: 845 54 D5 26 51 1F 45 7B
ID: A0, Data: 85C 79 D5 26 46 3B 2 0
ID: 316, Data: 845 53 C2 26 51 1F 45 7B
ID: 316, Data: 845 53 C2 26 51 1F 45 7B
ID: 370, Data: 8FF D5 F0 FF FF FF FF FF
ID: 545, Data: 8E4 E7 0 8E 95 3 95 3
ID: 316, Data: 845 53 D5 26 4F 1F 46 7B
ID: 153, Data: 80 0 0 FF 0 FF 0 0
ID: 316, Data: 845 4F 10 27 2F 1F 46 7B
ID: 43F, Data: 844 48 60 FF 5F FC 25 0
ID: 316, Data: 845 46 FC 26 18 20 46 7B
ID: 153, Data: 80 0 0 FF 0 FF 0 0
ID: 43F, Data: 844 48 60 FF 5F 10 26 0
ID: 316, Data: 845 32 D5 26 1B 22 46 7B
ID: A1, Data: 886 7C 88 7C 26 0 0 0
ID: 153, Data: 80 0 0 FF 0 FF 0 0
ID: 316, Data: 845 28 2A 26 1C 23 46 7B
ID: 370, Data: 8FF D5 F0 FF FF FF FF FF
ID: 153, Data: 80 0 0 FF 0 FF 0 0
ID: 316, Data: 845 22 CE 25 1D 24 46 7B
ID: 153, Data: 80 0 0 FF 0 FF 0 0
ID: 153, Data: 80 0 0 FF 0 FF 0 0
ID: 280, Data: 830 0 84 AC 4A 14 6F 36
ID: 316, Data: 845 1E 1B 25 1D 24 46 7B
ID: 5F0, Data: 20 0
ID: 43F, Data: 844 48 60 FF 60 C4 25 0
ID: 316, Data: 845 1A B2 24 1E 24 46 7B
ID: A1, Data: 888 7F 8A 7D 19 0 0 0
ID: 316, Data: 845 18 3B 24 1E 24 46 7B
ID: 316, Data: 845 19 F8 23 1E 24 46 7B
ID: 316, Data: 845 1A C7 23 1E 24 46 7B
ID: 545, Data: 8E4 5F 0 8E 5D FF 5D FF
ID: 43F, Data: 844 48 60 FF 60 84 25 0
ID: 153, Data: 80 0 0 FF 0 FF 0 0
ID: 5A0, Data: 80 0 0 90 0 0 0 0
ID: 153, Data: 80 0 0 FF 0 FF 0 0
ID: 280, Data: 830 0 88 AC 4B 19 6F 43
ID: 153, Data: 80 0 0 FF 0 FF 0 0
ID: 1F1, Data: 80 E1 25 82 22 32 2 23
ID: 2A0, Data: 81 E 6F 18 30 0 F 0
ID: 43F, Data: 844 48 60 FF 60 78 25 0
ID: 153, Data: 80 0 0 FF 0 FF 0 0
ID: 153, Data: 80 0 0 FF 0 FF 0 0
ID: 316, Data: 845 2C F3 25 1C 23 45 7B
ID: 153, Data: 80 0 0 FF 0 FF 0 0
ID: 316, Data: 845 29 E0 25 1D 23 45 7B
ID: 316, Data: 845 27 AA 25 1D 23 45 7B
ID: 43F, Data: 844 48 60 FF 60 5C 25 0
ID: 316, Data: 845 25 62 25 1D 24 45 7B
ID: 153, Data: 80 0 0 FF 0 FF 0 0
ID: 329, Data: 8B AC 80 8 11 34 0 26
ID: 316, Data: 845 21 E6 24 1D 24 45 7B
ID: 329, Data: 840 AC 80 8 11 34 0 26
ID: 43F, Data: 844 48 60 FF 60 34 25 0
ID: 316, Data: 845 1D 4C 24 1E 24 45 7B
ID: 153, Data: 80 0 0 FF 0 FF 0 0
ID: 316, Data: 845 1A 19 24 1E 24 45 7B
ID: 316, Data: 845 19 E8 23 1E 24 45 7B
ID: 43F, Data: 844 48 60 FF 60 FC 24 0
ID: 316, Data: 845 1A 86 23 1E 23 45 7B
ID: 153, Data: 80 0 0 FF 0 FF 0 0
ID: 329, Data: 840 AC 80 8 11 36 0 26
ID: 316, Data: 845 1C 36 23 1E 23 44 7B
ID: 545, Data: 8E4 64 0 8D 8E FF 8E FF
ID: 316, Data: 845 1E 16 23 1E 23 44 7B
ID: 18F, Data: 8AA 3D 0 0 0 0 0 0
ID: 153, Data: 80 0 0 FF 0 FF 0 0
ID: 316, Data: 845 1F 26 23 1E 23 44 7B
ID: 5F0, Data: 20 0
ID: 316, Data: 845 1F 96 23 1D 23 44 7B
ID: 153, Data: 80 0 0 FF 0 FF 0 0
ID: 316, Data: 845 1F 86 23 1E 23 44 7B
ID: 370, Data: 8FF D5 F0 FF FF FF FF FF
ID: 316, Data: 845 1F 86 23 1E 23 44 7B
ID: 1F0, Data: 8FD 3F FD BF 0 0 0 0
ID: 316, Data: 84D 1F 26 23 1E 23 43 7B
ID: 545, Data: 8E4 60 0 8D BD FF BD FF
ID: 316, Data: 84D 1F 9A 22 1E 23 43 7B
ID: 260, Data: 80 1A 1E 30 58 FF 64 1D
ID: 316, Data: 84D 1A C8 21 1E 23 43 7B
ID: A0, Data: 82E 7A 9A 22 44 2E 4 0
ID: 153, Data: 80 0 0 FF 0 FF 0 0
ID: 316, Data: 84D 15 AE 20 1F 23 43 7B
ID: 153, Data: 80 0 0 FF 0 FF 0 0
ID: 43F, Data: 844 48 60 FF 60 E4 23 0
ID: 18F, Data: 8AA 3D 0 0 0 0 0 0
ID: 43F, Data: 844 48 60 FF 60 D8 23 0
ID: 153, Data: 80 0 0 FF 0 FF 0 0
ID: 43F, Data: 844 48 60 FF 60 B4 23 0
ID: 316, Data: 84D 6 B8 22 1F 23 42 7B
ID: 2A0, Data: 81 7 6F 18 30 0 F 0
ID: 153, Data: 80 0 0 FF 0 FF 0 0
ID: 316, Data: 84D 0 A9 22 25 23 42 7B
ID: 43F, Data: 844 48 60 FF 60 74 23 0
ID: 316, Data: 845 6 9A 22 2B 23 42 7B
ID: A0, Data: 825 7A A9 22 42 2C 4 0
ID: 153, Data: 80 0 0 FF 0 FF 0 0
ID: 316, Data: 845 27 45 23 2E 23 41 7B
ID: 153, Data: 80 0 0 FF 0 FF 0 0
ID: 260, Data: 8B 2B 2D 30 58 FF D6 35
ID: 329, Data: 8B AD 80 8 11 39 0 26
ID: 43F, Data: 844 48 60 FF 5F 48 23 0
ID: 43F, Data: 844 48 60 FF 60 40 23 0
ID: 440, Data: 8FE 34 41 A0 FF AA AA AA
ID: 153, Data: 80 0 0 FF 0 FF 0 0
ID: A0, Data: 82B 7A B6 23 42 2D 2 0
ID: 316, Data: 845 28 96 23 1D 23 41 7B
ID: 18F, Data: 8AA 3E 0 0 0 0 0 0
ID: 43F, Data: 844 48 60 FF 60 1C 23 0
ID: 153, Data: 80 0 0 FF 0 FF 0 0
ID: 329, Data: 8B AD 80 8 11 34 0 26
ID: 153, Data: 80 0 0 FF 0 FF 0 0
ID: 316, Data: 845 21 9A 22 1E 23 41 7B
ID: 316, Data: 845 1F 5D 22 1F 23 41 7B
ID: 43F, Data: 844 48 60 FF 60 0 23 0
ID: 316, Data: 845 1D 30 22 1F 23 41 7B
ID: A1, Data: 885 7F 85 7D 1B 0 0 0
ID: 316, Data: 845 19 D7 21 1F 23 41 7B
ID: 316, Data: 845 18 8E 21 1F 23 41 7B
ID: 370, Data: 8FF D5 F0 FF FF FF FF FF
ID: 2A0, Data: 840 5 6F 18 30 0 F 0
ID: 316, Data: 845 1C 38 21 1F 23 40 7B
ID: 153, Data: 80 0 0 FF 0 FF 0 0
ID: 153, Data: 80 0 0 FF 0 FF 0 0
ID: 18F, Data: 8AA 3E 0 0 0 0 0 0
ID: 316, Data: 845 1E 8E 21 1F 23 40 7B
ID: 316, Data: 845 1E 8E 21 1F 23 40 7B
ID: 43F, Data: 844 48 60 FF 60 90 22 0
ID: 440, Data: 8FE E4 40 A0 FF AA AA AA
ID: 153, Data: 80 0 0 FF 0 FF 0 0
ID: 316, Data: 845 1F 9D 21 1E 23 40 7B
ID: 316, Data: 845 1F 8E 21 1E 23 40 7B
ID: 43F, Data: 844 48 60 FF 60 64 22 0
ID: 316, Data: 845 1F 55 21 1E 22 40 7B
ID: 153, Data: 80 0 0 FF 0 FF 0 0
ID: 1F1, Data: 80 DE FA 41 1F 2 2 20
ID: 316, Data: 84D 1F A0 20 1F 22 3F 7B
ID: 316, Data: 84D 1F A0 20 1F 22 3F 7B
ID: 43F, Data: 844 48 60 FF 60 20 22 0
ID: 18F, Data: 8AA 3E 0 0 0 0 0 0
ID: 153, Data: 80 0 0 FF 0 FF 0 0
ID: 5F0, Data: 20 0
ID: A1, Data: 880 7F 80 7D 20 0 0 0
ID: 18F, Data: 8AA 3E 0 0 0 0 0 0
ID: 260, Data: 80 15 20 30 58 FF 5B 28
ID: 316, Data: 84D 10 88 1E 20 22 3F 7B
ID: 153, Data: 80 0 0 FF 0 FF 0 0
ID: 329, Data: 885 AD 80 8 11 36 0 26
ID: 316, Data: 84D A 27 1F 20 22 3F 7B
ID: 260, Data: 80 A 20 30 58 FF 53 E
ID: 43F, Data: 844 48 60 FF 60 84 21 0
ID: 43F, Data: 844 48 60 FF 60 84 21 0
ID: 2A0, Data: 880 4 6F 18 30 0 F 0
ID: 316, Data: 84D 0 C9 20 1F 22 3E 7B
ID: 316, Data: 84D 0 E5 20 1F 22 3E 7B
ID: 280, Data: 830 0 20 AD 42 1A 6F 45
ID: 43F, Data: 844 48 60 FF 60 34 21 0
ID: 260, Data: 80 0 1F 30 58 FF 51 39
ID: 316, Data: 84D 0 0 21 1E 22 3D 7B
ID: 316, Data: 84D 0 F2 20 1E 22 3D 7B
ID: A0, Data: 82F 7B D7 20 3E 2E 4 0
ID: 440, Data: 8FE 94 3D A0 FF AA AA AA
ID: 316, Data: 845 1D 4F 20 32 22 3D 7B
ID: 153, Data: 80 0 0 FF 0 FF 0 0
ID: 2A0, Data: 8A1 3 6F 18 30 0 F 0
ID: 1F1, Data: 80 45 E4 1 1E E8 C1 1E
ID: 316, Data: 845 30 9D 21 32 21 3D 7B
ID: 153, Data: 80 0 0 FF 0 FF 0 0
ID: 153, Data: 80 0 0 FF 0 FF 0 0
ID: 43F, Data: 844 48 60 FF 60 DC 20 0
ID: 153, Data: 80 0 0 FF 0 FF 0 0
ID: 316, Data: 845 33 AB 21 3C 21 3D 7B
ID: 153, Data: 80 0 0 FF 0 FF 0 0
ID: 43F, Data: 844 48 60 FF 60 C8 20 0
ID: 329, Data: 8ED AE 80 8 11 3E 16 26
ID: 43F, Data: 844 48 60 FF 60 D4 20 0
ID: 329, Data: 8B AE 80 8 11 40 18 26
ID: 153, Data: 80 0 0 FF 0 FF 0 0
ID: 153, Data: 80 0 0 FF 0 FF 0 0
ID: 316, Data: 845 48 D7 22 49 1E 3D 7B
ID: 153, Data: 80 0 0 FF 0 FF 0 0
ID: 316, Data: 845 4A 6 23 49 1E 3D 7B
ID: 316, Data: 845 4B 6 23 49 1E 3D 7B
ID: A0, Data: 854 7B 6 23 3D 38 2 0
ID: 316, Data: 845 4B 26 23 49 1E 3D 7B
ID: 153, Data: 80 0 0 FF 0 FF 0 0
ID: 440, Data: 8FE 34 3D A0 FF AA AA AA
ID: 260, Data: 8B 4C 4C 30 58 FF C7 4
ID: 153, Data: 80 0 0 FF 0 FF 0 0
ID: 280, Data: 830 0 88 AE 46 2E 6F 78
ID: 440, Data: 8FE 34 3D A0 FF AA AA AA
ID: 316, Data: 845 4C 36 23 4D 1E 3D 7B
ID: 316, Data: 845 4C 36 23 4D 1E 3D 7B
ID: 153, Data: 80 0 0 FF 0 FF 0 0
ID: 545, Data: 8E4 C1 0 8D 3C 3 3C 3
ID: 316, Data: 845 4D 76 23 4E 1E 3D 7B
ID: 153, Data: 80 0 0 FF 0 FF 0 0
ID: 316, Data: 845 4F 96 23 51 1E 3D 7B
ID: 153, Data: 80 0 0 FF 0 FF 0 0
ID: 280, Data: 830 0 88 AE 47 31 6F 7C
ID: 5F0, Data: 20 0
ID: A0, Data: 85B 7B B6 23 3E 3A 2 0
ID: A1, Data: 886 7B 86 7E 3B 0 0 0
ID: 440, Data: 8FE 34 3E A0 FF AA AA AA
ID: 153, Data: 80 0 0 FF 0 FF 0 0
ID: 280, Data: 830 0 88 AE 47 33 6F 7F
ID: 316, Data: 845 54 F8 23 56 1E 3E 7B
ID: 153, Data: 80 0 0 FF 0 FF 0 0
ID: 153, Data: 80 0 0 FF 0 FF 0 0
ID: 5F0, Data: 20 0
ID: 153, Data: 80 0 0 FF 0 FF 0 0
ID: 153, Data: 80 0 0 FF 0 FF 0 0
ID: A0, Data: 860 7B 9 24 3F 3B 2 0
ID: 316, Data: 845 57 E8 23 57 1D 3E 7B
ID: 280, Data: 830 0 88 AE 47 35 6F 83
ID: 316, Data: 845 58 76 23 58 1D 3E 7B
ID: 2A0, Data: 861 E 6F 18 30 0 F 0
ID: 43F, Data: 844 48 60 FF 60 10 22 0
ID: 43F, Data: 844 48 60 FF 60 18 22 0
ID: 18F, Data: 8AA 3F 0 0 0 0 0 0
ID: 316, Data: 845 5A 55 23 58 1D 3F 7B
ID: 153, Data: 80 0 0 FF 0 FF 0 0
ID: 545, Data: 8E4 E8 0 8D 36 4 36 4
ID: 316, Data: 845 5A 76 23 58 1D 3F 7B
ID: 280, Data: 830 0 88 AE 46 36 6E 85
ID: 43F, Data: 844 48 60 FF 60 60 22 0
ID: 329, Data: 8ED AE 80 8 11 45 21 26
ID: 153, Data: 80 0 0 FF 0 FF 0 0
ID: 329, Data: 8B AE 80 8 11 45 21 26
ID: 316, Data: 845 59 65 23 58 1D 3F 7B
ID: 260, Data: 8B 5A 59 30 58 FF BC 12
ID: 43F, Data: 844 48 60 FF 60 A0 22 0
ID: A0, Data: 863 7B 86 23 40 3C 2 0
ID: 153, Data: 80 0 0 FF 0 FF 0 0
ID: 316, Data: 845 59 B6 23 5A 1D 40 7B
ID: 153, Data: 80 0 0 FF 0 FF 0 0
ID: A0, Data: 862 7B A6 23 40 3C 2 0
ID: 329, Data: 8B AE 80 8 11 45 23 26
ID: 2A0, Data: 861 13 6E 18 30 0 F 0
ID: 316, Data: 845 59 D7 23 61 1D 40 7B
ID: 5F0, Data: 20 0
ID: 43F, Data: 844 48 60 FF 60 C 23 0
ID: 2A0, Data: 8C1 14 6E 18 30 0 F 0
ID: 316, Data: 845 65 2A 24 69 1C 41 7B
ID: 5F0, Data: 20 0
ID: 43F, Data: 844 48 60 FF 60 50 23 0
ID: 43F, Data: 844 48 60 FF 60 50 23 0
ID: 153, Data: 80 0 0 FF 0 FF 0 0
ID: A0, Data: 87F 7B 5D 24 41 43 2 0
ID: 316, Data: 845 73 90 24 77 1C 41 7B
ID: A0, Data: 884 7B B2 24 42 43 2 0
ID: 316, Data: 845 77 E6 24 6F 12 41 7B
ID: 153, Data: 80 0 0 FF 0 FF 0 0
ID: 316, Data: 845 76 7F 24 7C 12 42 7B
ID: 43F, Data: 844 48 60 FF 60 CC 23 0
ID: 316, Data: 845 78 5D 24 89 12 42 7B
ID: 153, Data: 80 0 0 FF 0 FF 0 0
ID: 316, Data: 845 8E 1B 25 96 11 42 7B
ID: 316, Data: 845 94 AA 25 97 11 42 7B
ID: 370, Data: 8FF D7 F0 FF FF FF FF FF
ID: 153, Data: 80 0 0 FF 0 FF 0 0
ID: 43F, Data: 844 48 60 FF 60 AC 24 0
ID: 153, Data: 80 0 0 FF 0 FF 0 0
ID: 316, Data: 85 97 2A 26 98 11 43 7B
ID: 1F0, Data: 8FC 3F FD BF 0 0 0 0
ID: 329, Data: 885 AF 80 8 11 59 4F 26
ID: 260, Data: 8B 98 99 30 58 FF 94 34
ID: 43F, Data: 844 48 60 FF 60 54 25 0
ID: 280, Data: 830 0 88 AF 4D 5B 6E B0
ID: 1F0, Data: 8FD 3F FD BF 0 0 0 0
ID: 316, Data: 85 97 D5 26 98 12 45 7B
ID: 316, Data: 85 97 10 27 98 12 45 7B
ID: 43F, Data: 844 48 60 FF 60 EC 25 0
ID: 153, Data: 80 0 0 FF 0 FF 0 0
ID: 1F0, Data: 8FC 3F FD BF 0 0 0 0
ID: 18F, Data: 8AA 3E 0 0 0 0 0 0
ID: 260, Data: 8B 97 99 30 58 FF 97 5
ID: 280, Data: 830 0 88 AF 4E 5B 6E AD
ID: 440, Data: 8FE E4 47 A0 FF AA AA AA
ID: 316, Data: 85 95 D7 27 8D 12 47 7B
ID: 153, Data: 80 0 0 FF 0 FF 0 0
ID: 370, Data: 8FF DB F0 FF FF FF FF FF
ID: 43F, Data: 844 48 60 FF 60 18 27 0
ID: 260, Data: 8B 88 85 30 58 FF 9F 11
ID: 316, Data: 85 85 0 28 84 13 48 7B
ID: 260, Data: 8B 85 85 30 58 FF A2 1
ID: 43F, Data: 844 48 60 FF 60 78 27 0
ID: 43F, Data: 844 48 60 FF 60 90 27 0
ID: A0, Data: 895 7C 0 28 49 47 2 0
ID: 5F0, Data: 20 0
ID: 316, Data: 85 82 91 28 6B 13 49 7B
ID: 316, Data: 85 7F A6 28 15 13 49 7B
ID: 18F, Data: 8AA 3C 0 0 0 0 0 0
ID: 153, Data: 80 0 0 FF 0 FF 0 0
ID: 43F, Data: 844 48 60 FF 5F BC 27 0
ID: A1, Data: 888 7E 85 7D 3D 0 0 0
ID: 370, Data: 8FF DD F0 FF FF FF FF FF
ID: 43F, Data: 844 48 60 FF 60 D0 27 0
ID: 5F0, Data: 20 0
ID: 316, Data: 85 20 D7 27 11 1A 4A 7B
ID: 43F, Data: 844 48 60 FF 5F C4 27 0
ID: 2A0, Data: 880 26 6E 18 30 0 F 0
ID: 153, Data: 80 0 0 FF 0 FF 0 0
ID: 316, Data: 85 1A 5E 27 12 1A 4A 7B
ID: 1F1, Data: 80 23 49 52 24 52 32 25
ID: 280, Data: 830 0 84 AF 4E F 6E 2C
ID: 43F, Data: 844 48 60 FF 60 90 27 0
ID: 43F, Data: 844 48 60 FF 60 9C 27 0
ID: 260, Data: 8B 15 13 30 58 FF 91 12
ID: 316, Data: 85 14 18 26 13 1A 49 7B
ID: 260, Data: 8B 13 13 30 58 FF 83 4
ID: 43F, Data: 844 48 60 FF 60 54 27 0
ID: 329, Data: 8B AF 80 8 11 34 0 26
ID: 153, Data: 80 0 0 FF 0 FF 0 0
ID: 5F0, Data: 20 0
ID: 153, Data: 80 0 0 FF 0 FF 0 0
ID: 1F0, Data: 8FD 3F FD BF 0 0 0 0
ID: 18F, Data: 8AA 39 0 0 0 0 0 0
ID: 260, Data: 8B 17 13 30 58 FF 78 39
ID: 280, Data: 830 0 84 AF 4A 13 6E 33
ID: 153, Data: 80 0 0 FF 0 FF 0 0
ID: 316, Data: 85 17 62 25 13 1A 48 7B
ID: 153, Data: 80 0 0 FF 0 FF 0 0
ID: A0, Data: 824 7C 50 25 49 2C 2 0
ID: 329, Data: 840 AF 80 8 11 34 0 26
ID: 2A0, Data: 8E0 1C 6E 18 30 0 F 0
ID: 316, Data: 85 17 1B 25 13 1A 48 7B
ID: 5F0, Data: 20 0
ID: 260, Data: 8B 17 13 30 58 FF 71 30
ID: 370, Data: 8FF DD F0 FF FF FF FF FF
ID: 5A0, Data: 80 0 0 90 0 0 0 0
ID: 260, Data: 80 17 13 30 58 FF 70 1E
ID: 153, Data: 80 0 0 FF 0 FF 0 0
ID: 153, Data: 80 0 0 FF 0 FF 0 0
ID: 280, Data: 830 0 20 AF 48 14 6E 38
ID: 370, Data: 8FF DD F0 FF FF FF FF FF
ID: 5F0, Data: 20 0
ID: 316, Data: 8D C 7F 24 13 19 46 7B
ID: 43F, Data: 844 48 60 FF 60 BC 25 0
ID: 280, Data: 830 0 20 AF 49 14 6E 38
ID: 5F0, Data: 20 0
ID: 280, Data: 830 0 20 B0 49 14 6E 38
ID: 329, Data: 840 B0 80 8 12 34 0 26
ID: 153, Data: 80 0 0 FF 0 FF 0 0
ID: 5F0, Data: 20 0
ID: 153, Data: 80 0 0 FF 0 FF 0 0
ID: 316, Data: 8D 0 B2 24 13 19 45 7B
ID: 43F, Data: 844 48 60 FF 60 EC 24 0
ID: 316, Data: 8D 0 A1 24 13 19 45 7B
ID: 316, Data: 8D 0 A1 24 13 19 44 7B
ID: 43F, Data: 844 48 60 FF 60 94 24 0
ID: 43F, Data: 844 48 60 FF 60 78 24 0
ID: 2A0, Data: 880 14 6E 18 30 0 F 0
ID: 5F0, Data: 20 0
ID: 316, Data: 8D 0 D7 23 13 19 43 7B
ID: 316, Data: 8D 0 A6 23 13 19 43 7B
ID: 545, Data: 8E4 0 0 8E 40 FE 40 FE
ID: 440, Data: 8FE 94 42 A0 FF AA AA AA
ID: 316, Data: 8D 0 E7 22 13 19 43 7B
ID: 153, Data: 80 0 0 FF 0 FF 0 0
ID: 153, Data: 80 0 0 FF 0 FF 0 0
ID: 316, Data: 8D 0 B8 22 13 19 42 7B
ID: A0, Data: 82A 7C C8 22 43 2D 4 0
ID: 316, Data: 8D 0 B8 22 13 19 42 7B
ID: 316, Data: 8D 0 9A 22 13 19 41 7B
ID: 329, Data: 8B B0 80 8 12 35 0 26
ID: 1F1, Data: 80 45 0 12 20 9 B2 20
ID: 153, Data: 80 0 0 FF 0 FF 0 0
ID: 43F, Data: 844 48 60 FF 60 B4 22 0
ID: 153, Data: 80 0 0 FF 0 FF 0 0
ID: 280, Data: 830 0 20 B0 43 17 6E 41
ID: 316, Data: 8D 0 BA 21 14 19 40 7B
ID: A1, Data: 880 7F 80 7D 1F 0 0 0
ID: 316, Data: 8D 0 80 21 14 19 40 7B
ID: 370, Data: 8FF DD F0 FF FF FF FF FF
ID: 329, Data: 8B B0 80 8 12 35 0 26
ID: 316, Data: 8D 0 E 21 14 18 3F 7B
ID: 316, Data: 8D 0 F2 20 14 18 3F 7B
ID: 316, Data: 8D 0 E5 20 14 18 3E 7B
ID: 153, Data: 80 0 0 FF 0 FF 0 0
ID: 43F, Data: 844 48 60 FF 60 1C 21 0
ID: 43F, Data: 844 48 60 FF 60 F8 20 0
ID: 43F, Data: 844 48 60 FF 60 CC 20 0
ID: 18F, Data: 8AA 36 0 0 0 0 0 0
ID: 316, Data: 8D 0 CB 1F 15 18 3D 7B
ID: 153, Data: 80 0 0 FF 0 FF 0 0
ID: 316, Data: 8D 0 7E 1F 15 18 3C 7B
ID: 316, Data: 8D 0 65 1F 15 18 3C 7B
ID: 153, Data: 80 0 0 FF 0 FF 0 0
ID: 5F0, Data: 20 0
ID: 260, Data: 80 0 15 30 58 FF 4E A
ID: 545, Data: 8E4 0 0 8D 49 FE 49 FE
ID: 43F, Data: 844 48 60 FF 60 78 1F 0
ID: 43F, Data: 844 48 60 FF 60 58 1F 0
ID: 280, Data: 830 0 20 B0 3D 16 6E 41
ID: 316, Data: 8D 0 65 1E 15 18 3A 7B
ID: 316, Data: 8D 0 4D 1E 15 18 3A 7B
ID: 43F, Data: 844 48 60 FF 60 A4 1E 0
ID: 43F, Data: 844 48 60 FF 60 84 1E 0
ID: 370, Data: 8FF DD F0 FF FF FF FF FF
ID: 153, Data: 80 0 0 FF 0 FF 0 0
ID: 545, Data: 8E4 0 0 8D 4A FE 4A FE
ID: 316, Data: 8D 0 5E 1D 16 18 38 7B
ID: A1, Data: 880 7F 80 7D 1E 0 0 0
ID: 43F, Data: 844 48 60 FF 60 A4 1D 0
ID: 153, Data: 80 0 0 FF 0 FF 0 0
ID: 370, Data: 8FF DD F0 FF FF FF FF FF
ID: 316, Data: 8D 0 9C 1C 16 18 37 7B
ID: 316, Data: 8D 0 73 1C 16 18 36 7B
ID: 316, Data: 8D 0 54 1C 16 18 36 7B
ID: 260, Data: 80 0 17 30 58 FF 4E 8
ID: 43F, Data: 844 48 60 FF 60 A0 1C 0
ID: 1F1, Data: 80 56 A4 31 1A AB A1 1A
ID: 329, Data: 885 B1 80 8 12 32 0 26
ID: 316, Data: 8D 0 8C 1B 17 18 35 7B
ID: 316, Data: 8D 0 6F 1B 17 18 35 7B
ID: 280, Data: 830 0 20 B1 36 15 6E 3C
ID: 1F1, Data: 80 89 97 41 19 9D 1 1A
ID: 329, Data: 840 B1 80 8 12 32 0 26
ID: 1F1, Data: 80 9A 90 E1 18 9B B1 19
ID: 1F1, Data: 80 9A 8F E1 18 96 81 19
ID: 280, Data: 830 0 20 B1 35 15 6E 3C
ID: 43F, Data: 844 48 60 FF 60 18 1B 0
ID: 329, Data: 8ED B1 80 8 12 31 0 26
ID: 316, Data: 8D 0 36 1A 18 18 32 7B
ID: 316, Data: 8D 0 1C 1A 18 18 32 7B
ID: 260, Data: 80 0 18 30 58 FF 4E 25
ID: 43F, Data: 844 48 60 FF 60 A8 1A 0
ID: 43F, Data: 844 48 60 FF 60 88 1A 0
ID: 545, Data: 8E4 0 0 8D 4D FE 4D FE
ID: 316, Data: 8D 0 9B 19 18 18 31 7B
ID: 280, Data: 830 0 20 B1 33 14 6E 3C
ID: 43F, Data: 844 48 60 FF 60 38 1A 0
ID: 316, Data: 8D 0 61 19 18 18 31 7B
ID: A1, Data: 880 7F 80 7D 1C 0 0 0
ID: 316, Data: 8D 0 51 19 18 18 30 7B
ID: 1F0, Data: 8FE 3F FD BF 0 0 0 0
ID: 153, Data: 80 0 0 FF 0 FF 0 0
ID: 280, Data: 830 0 20 B1 32 14 6E 3C
ID: 153, Data: 80 0 0 FF 0 FF 0 0
ID: 5F0, Data: 20 0
ID: 329, Data: 8B B1 80 8 12 31 0 26
ID: 329, Data: 8B B1 80 8 12 31 0 26
ID: 2A0, Data: 820 6 6E 18 30 0 F 0
ID: 43F, Data: 844 48 60 FF 60 64 19 0
ID: 153, Data: 80 0 0 FF 0 FF 0 0
ID: 316, Data: 8D 0 91 18 19 18 2F 7B
ID: 316, Data: 8D 0 8A 18 19 18 2F 7B
ID: 280, Data: 830 0 20 B1 30 14 6E 3C
ID: A0, Data: 827 7D 6B 18 2F 29 4 0
ID: 316, Data: 8D 0 54 18 19 18 2E 7B
ID: 329, Data: 840 B1 80 8 12 30 0 26
ID: 316, Data: 8D 0 18 18 19 18 2E 7B
ID: 1F0, Data: 8FD 3F FD BF 0 0 0 0
ID: 316, Data: 8D 0 FB 17 19 18 2E 7B
ID: 280, Data: 830 0 20 B1 2F 14 6E 3C
ID: 43F, Data: 84B 48 60 FF 60 74 18 0
ID: 316, Data: 8D 0 B9 17 19 18 2D 7B
ID: 153, Data: 80 0 0 FF 0 FF 0 0
ID: 153, Data: 80 0 0 FF 0 FF 0 0
ID: 5F0, Data: 20 0
ID: A0, Data: 826 7E 6B 18 2D 28 4 0
ID: 260, Data: 80 0 18 30 58 FF 4E 25
ID: 5F0, Data: 20 0
ID: 316, Data: 8D 0 62 1A 17 18 2C 7B
ID: 43F, Data: 84B 48 60 FF 60 94 1F 0
ID: 43F, Data: 84B 48 60 FF 60 70 1F 0
ID: 5F0, Data: 20 0
ID: 153, Data: 80 0 0 FF 0 FF 0 0
ID: 43F, Data: 84B 48 60 FF 60 28 1F 0
ID: 316, Data: 8D 0 27 1D 15 18 2B 7B
ID: 316, Data: 8D 0 53 1D 15 18 2B 7B
ID: 43F, Data: 84B 48 60 FF 60 DC 1E 0
ID: 316, Data: 8D 0 74 1D 15 18 2B 7B
ID: 2A0, Data: 820 4 6E 18 30 0 F 0
ID: 153, Data: 80 0 0 FF 0 FF 0 0
ID: 316, Data: 8D 0 1C 1D 15 18 2A 7B
ID: A0, Data: 828 7E 53 1D 2B 2B 4 0
ID: 316, Data: 8D 0 DC 1C 15 18 2A 7B
ID: 316, Data: 8D 0 C6 1C 15 18 2A 7B
ID: 280, Data: 830 0 20 B1 39 15 6E 3D
ID: 1F0, Data: 8FE 3F FD BF 0 0 0 0
ID: 43F, Data: 843 48 60 FF 60 90 1D 0
ID: 370, Data: 8FF DD F0 FF FF FF FF FF
ID: 153, Data: 80 0 0 FF 0 FF 0 0
ID: 329, Data: 8B B2 80 8 12 33 0 26
ID: 316, Data: 8D 0 B1 1C 15 18 29 7B
ID: 316, Data: 8D 0 92 1C 15 18 28 7B
ID: 43F, Data: 843 48 60 FF 60 D8 1C 0
ID: 43F, Data: 843 48 60 FF 60 BC 1C 0
ID: 43F, Data: 843 48 60 FF 60 98 1C 0
ID: 316, Data: 8D 0 F8 1B 15 18 28 7B
ID: 280, Data: 830 0 20 B2 37 15 6E 3D
ID: 43F, Data: 843 48 60 FF 60 54 1C 0
ID: 43F, Data: 843 48 60 FF 60 20 1C 0
ID: A1, Data: 880 7F 80 7D 1D 0 0 0
ID: 316, Data: 8D 0 5C 1B 16 18 27 7B
ID: 316, Data: 8D 0 48 1B 17 18 27 7B
ID: 2A0, Data: 880 3 6E 18 30 0 F 0
ID: 43F, Data: 843 48 60 FF 60 A4 1B 0
ID: 153, Data: 80 0 0 FF 0 FF 0 0
ID: 370, Data: 8FF DD F0 FF FF FF FF FF
ID: 316, Data: 8D 0 B3 1A 17 18 26 7B
ID: 440, Data: 8FE 13 26 A0 FF AA AA AA
ID: 5A0, Data: 80 0 0 90 0 0 0 0
ID: A1, Data: 880 7F 80 7D 1C 0 0 0
ID: 316, Data: 8D 0 36 1A 17 18 26 7B
ID: 316, Data: 8D 0 13 1A 17 18 25 7B
ID: 153, Data: 80 0 0 FF 0 FF 0 0
ID: 316, Data: 8D 0 CE 19 17 18 25 7B
ID: 5F0, Data: 20 0
ID: 153, Data: 80 0 0 FF 0 FF 0 0
ID: 153, Data: 80 0 0 FF 0 FF 0 0
ID: 316, Data: 8D 0 40 19 17 18 24 7B
ID: A0, Data: 829 7E 93 19 25 29 4 0
ID: 153, Data: 80 0 0 FF 0 FF 0 0
ID: 316, Data: 8D 0 D8 18 17 18 24 7B
ID: 153, Data: 80 0 0 FF 0 FF 0 0
ID: 5F0, Data: 20 0
ID: 1F0, Data: 8FC 3F FD BF 0 0 0 0
ID: 316, Data: 8D 0 63 18 18 18 23 7B
ID: 153, Data: 80 0 0 FF 0 FF 0 0
ID: 316, Data: 8D 0 2F 18 18 18 23 7B
ID: 316, Data: 8D 0 11 18 18 18 23 7B
ID: 2A0, Data: 820 2 6E 18 30 0 F 0
ID: 316, Data: 8D 0 DD 17 18 18 22 7B
ID: 153, Data: 80 0 0 FF 0 FF 0 0
ID: 316, Data: 8D 0 AB 17 18 18 22 7B
ID: 316, Data: 8D 0 87 17 18 18 22 7B
ID: 316, Data: 8D 0 72 17 18 18 22 7B
ID: 153, Data: 80 0 0 FF 0 FF 0 0
ID: 153, Data: 80 0 0 FF 0 FF 0 0
ID: 43F, Data: 843 48 60 FF 61 B0 17 0
ID: A0, Data: 828 7E 56 17 22 28 4 0
ID: 153, Data: 80 0 0 FF 0 FF 0 0
ID: 316, Data: 8D 0 C0 16 19 18 21 7B
ID: 153, Data: 80 0 0 FF 0 FF 0 0
ID: 316, Data: 8D 0 78 16 19 18 20 7B
ID: 316, Data: 8D 0 58 16 19 18 20 7B
ID: 316, Data: 8D 0 38 16 19 18 20 7B
ID: 43F, Data: 843 48 60 FF 60 D0 16 0
ID: 153, Data: 80 0 0 FF 0 FF 0 0
ID: 440, Data: 8FE 63 1F A0 FF AA AA AA
ID: 316, Data: 8D 0 C9 15 1A 18 1F 7B
ID: 153, Data: 80 0 0 FF 0 FF 0 0
ID: 316, Data: 8D 0 8D 15 1A 18 1F 7B
ID: 153, Data: 80 0 0 FF 0 FF 0 0
ID: 329, Data: 840 B2 80 8 12 2F 0 26
ID: 370, Data: 8FF DD F0 FF FF FF FF FF
ID: 2A0, Data: 840 2 6E 18 30 0 F 0
ID: 316, Data: 8D 0 D 15 1A 18 1E 7B
ID: 316, Data: 8D 0 F1 14 1B 18 1E 7B
ID: 316, Data: 8D 0 DA 14 1B 18 1E 7B
ID: 153, Data: 80 0 0 FF 0 FF 0 0
ID: 43F, Data: 843 48 60 FF 60 38 15 0
ID: 43F, Data: 843 48 60 FF 60 24 15 0
ID: 316, Data: 8D 0 6D 14 1B 18 1D 7B
ID: 43F, Data: 843 48 60 FF 60 E4 14 0
ID: 5F0, Data: 20 0
ID: 2A0, Data: 8E0 2 6E 18 30 0 F 0
ID: 280, Data: 830 0 20 B2 28 15 6E 3C
ID: 2A0, Data: 8E0 2 6E 18 30 0 F 0
ID: 316, Data: 8D 0 E6 13 1B 18 1C 7B
ID: 370, Data: 8FF DD F0 FF FF FF FF FF
ID: 316, Data: 8D 0 B4 13 1C 18 1C 7B
ID: 316, Data: 8D 0 96 13 1C 18 1C 7B
ID: 316, Data: 8D 0 79 13 1C 18 1C 7B
ID: 18F, Data: 8AA 34 0 0 0 0 0 0
ID: 153, Data: 80 0 0 FF 0 FF 0 0
ID: A1, Data: 880 7F 80 7D 1D 0 0 0
ID: 2A0, Data: 840 2 6E 18 30 0 F 0
ID: 18F, Data: 8AA 33 0 0 0 0 0 0
ID: A1, Data: 880 7F 80 7D 1E 0 0 0
ID: 329, Data: 840 B2 80 8 12 2F 0 26
ID: 280, Data: 830 0 20 B2 25 16 6E 3F
ID: 153, Data: 80 0 0 FF 0 FF 0 0
ID: 316, Data: 8D 0 6A 12 1D 18 1A 7B
ID: 5F0, Data: 20 0
ID: 316, Data: 8D 0 32 12 1E 18 1A 7B
ID: 316, Data: 8D 0 26 12 1E 18 1A 7B
ID: 260, Data: 80 0 1E 30 58 FF 4E 3E
ID: 316, Data: 8D 0 E7 11 1E 18 1A 7B
ID: 316, Data: 8D 0 D7 11 1E 18 1A 7B
ID: A0, Data: 82D 7E 4 12 1A 27 4 0
ID: 316, Data: 8D 0 93 11 1F 18 19 7B
ID: 153, Data: 80 0 0 FF 0 FF 0 0
ID: 316, Data: 8D 0 60 11 1F 18 19 7B
ID: 316, Data: 8D 0 50 11 1F 18 19 7B
ID: 329, Data: 8B B2 80 8 12 2E 0 26
ID: 43F, Data: 843 48 60 FF 60 A0 11 0
ID: 153, Data: 80 0 0 FF 0 FF 0 0
ID: 316, Data: 8D 0 DD 10 1F 18 18 7B
ID: 316, Data: 8D 0 B8 10 20 18 18 7B
ID: 2A0, Data: 8E0 1 6E 18 30 0 F 0
ID: 316, Data: 85 5 8A 10 20 18 18 7B
ID: 440, Data: 8FE 63 17 A0 FF AA AA AA
ID: 153, Data: 80 0 0 FF 0 FF 0 0
ID: 43F, Data: 843 48 60 FF 60 9C 10 0
ID: A0, Data: 831 7E 49 10 18 27 2 0
ID: 316, Data: 85 16 96 F 22 19 17 7B
ID: 316, Data: 85 1C 99 F 22 19 17 7B
ID: 260, Data: 8B 22 23 30 58 FF 4F 1A
ID: 43F, Data: 843 48 60 FF 60 14 10 0
ID: 316, Data: 85 22 CA E 23 19 16 7B
ID: 153, Data: 80 0 0 FF 0 FF 0 0
ID: 316, Data: 85 22 B1 E 23 19 16 7B
ID: 153, Data: 80 0 0 FF 0 FF 0 0
ID: 316, Data: 85 22 A4 E 24 19 16 7B
ID: 153, Data: 80 0 0 FF 0 FF 0 0
ID: 316, Data: 85 22 A9 E 24 19 15 7B
ID: 316, Data: 85 21 83 E 24 19 15 7B
ID: 2A0, Data: 820 1 6E 18 30 0 F 0
ID: 316, Data: 85 22 58 E 24 19 15 7B
ID: 153, Data: 80 0 0 FF 0 FF 0 0
ID: 316, Data: 85 22 13 E 25 19 15 7B
ID: 316, Data: 85 22 CB D 26 1A 14 7B
ID: 1F0, Data: 8FD 3F FD BF 0 0 0 0
ID: 153, Data: 80 0 0 FF 0 FF 0 0
ID: 153, Data: 80 0 0 FF 0 FF 0 0
ID: 2A0, Data: 840 1 6E 18 30 0 F 0
ID: 316, Data: 85 25 7 D 27 1A 14 7B
ID: 153, Data: 80 0 0 FF 0 FF 0 0
ID: 2A0, Data: 820 0 6E 18 30 0 F 0
ID: 316, Data: 85 26 C5 C 27 1A 13 7B
ID: 329, Data: 840 B2 80 8 12 2E 0 26
ID: 370, Data: 8FF DD F0 FF FF FF FF FF
ID: 153, Data: 80 0 0 FF 0 FF 0 0
ID: 153, Data: 80 0 0 FF 0 FF 0 0
ID: 280, Data: 830 0 84 B2 19 1C 6E 4D
ID: 370, Data: 8FF DD F0 FF FF FF FF FF
ID: 153, Data: 80 0 0 FF 0 FF 0 0
ID: 153, Data: 80 0 0 FF 0 FF 0 0
ID: 316, Data: 85 26 3 D 25 1A 12 7B
ID: 5F0, Data: 20 0
ID: 316, Data: 85 26 E9 C 25 1A 11 7B
ID: 153, Data: 80 0 0 FF 0 FF 0 0
ID: 316, Data: 85 25 9 D 25 1A 11 7B
ID: 153, Data: 80 0 0 FF 0 FF 0 0
ID: 316, Data: 85 25 E2 C 25 1A 11 7B
ID: 316, Data: 85 25 BD C 25 1A 11 7B
ID: 329, Data: 8B B2 80 8 12 2D 0 26
ID: 153, Data: 80 0 0 FF 0 FF 0 0
ID: 153, Data: 80 0 0 FF 0 FF 0 0
ID: 316, Data: 85 25 70 C 26 1A 10 7B
ID: 440, Data: 8FE 13 10 A0 FF AA AA AA
ID: 153, Data: 80 0 0 FF 0 FF 0 0
ID: 280, Data: 830 0 84 B2 17 1B 6E 4C
ID: 1F0, Data: 8FE 3F FD BF 0 0 0 0
ID: 1F0, Data: 8FE 3F FD BF 0 0 0 0
ID: 153, Data: 80 0 0 FF 0 FF 0 0
ID: 153, Data: 80 0 0 FF 0 FF 0 0
ID: A0, Data: 83B 7E 7B B 10 25 2 0
ID: 329, Data: 885 B2 80 8 12 2D 0 26
ID: 280, Data: 830 0 84 B2 16 1C 6E 4F
ID: 153, Data: 80 0 0 FF 0 FF 0 0
ID: 316, Data: 85 27 22 B 28 19 E 7B
ID: 440, Data: 8FE 13 E A0 FF AA AA AA
ID: 153, Data: 80 0 0 FF 0 FF 0 0
ID: 1F0, Data: 8FE 3F FD BF 0 0 0 0
ID: 545, Data: 8E4 28 0 8D F5 0 F5 0
ID: 440, Data: 8FE 13 D A0 FF AA AA AA
ID: 440, Data: 8FE 13 D A0 FF AA AA AA
ID: 153, Data: 80 0 0 FF 0 FF 0 0
ID: A1, Data: 881 7F 83 7D 26 0 0 0
ID: 329, Data: 8ED B2 80 8 12 2C 0 26
ID: 153, Data: 80 0 0 FF 0 FF 0 0
ID: 153, Data: 80 0 0 FF 0 FF 0 0
ID: 18F, Data: 8AA 33 0 0 0 0 0 0
ID: 316, Data: 85 28 92 A 29 19 C 7B
ID: 153, Data: 80 0 0 FF 0 FF 0 0
ID: 316, Data: 85 28 97 A 29 19 C 7B
ID: 316, Data: 85 29 75 A 29 19 C 7B
ID: 316, Data: 85 29 7A A 2A 19 B 7B
ID: 18F, Data: 8AA 33 0 0 0 0 0 0
ID: 43F, Data: 83 48 60 FF 60 F8 7 0
ID: 18F, Data: 8AA 33 0 0 0 0 0 0
ID: 153, Data: 80 0 0 FF 0 FF 0 0
ID: 153, Data: 80 0 0 FF 0 FF 0 0
ID: 440, Data: 8FE C3 A A0 FF AA AA AA
ID: 153, Data: 80 0 0 FF 0 FF 0 0
ID: 18F, Data: 8AA 33 0 0 0 0 0 0
ID: 316, Data: 85 29 A6 A 29 19 A 7B
ID: 316, Data: 85 29 B6 A 29 19 A 7B
ID: 316, Data: 85 29 BF A 28 19 A 7B
ID: 2A0, Data: 840 0 6E 18 30 0 F 0
ID: 153, Data: 80 0 0 FF 0 FF 0 0
ID: 153, Data: 80 0 0 FF 0 FF 0 0
ID: A0, Data: 83A 7D C9 A A 25 2 0
ID: 316, Data: 85 29 C5 A 29 19 9 7B
ID: 43F, Data: 8A 48 60 FF 60 24 7 0
ID: 370, Data: 8FF DD F0 FF FF FF FF FF
ID: 370, Data: 8FF DD F0 FF FF FF FF FF
ID: 316, Data: 85 28 8 B 28 19 9 7B
ID: 153, Data: 80 0 0 FF 0 FF 0 0
ID: 43F, Data: 8A 48 60 FF 5F 78 9 0
ID: 153, Data: 80 0 0 FF 0 FF 0 0
ID: 153, Data: 80 0 0 FF 0 FF 0 0
ID: 153, Data: 80 0 0 FF 0 FF 0 0
ID: 329, Data: 8ED B2 80 8 12 2C 0 26
ID: 316, Data: 85 26 71 B 26 19 8 7B
ID: A1, Data: 885 7F 87 7D 25 0 0 0
ID: 440, Data: 8FE 72 7 A0 FF AA AA AA
ID: 43F, Data: 82 48 60 FF 60 AC 8 0
ID: 316, Data: 85 26 27 B 27 19 8 7B
ID: 260, Data: 8B 27 27 30 58 FF 67 8
ID: 153, Data: 80 0 0 FF 0 FF 0 0
ID: 153, Data: 80 0 0 FF 0 FF 0 0
ID: 153, Data: 80 0 0 FF 0 FF 0 0
ID: A1, Data: 885 7F 85 7D 26 0 0 0
ID: 329, Data: 8B B1 80 8 12 2C 0 26
ID: 545, Data: 8E4 26 0 8D EE 0 EE 0
ID: 43F, Data: 82 48 60 FF 60 18 8 0
ID: 153, Data: 80 0 0 FF 0 FF 0 0
ID: 43F, Data: 82 48 60 FF 60 4 8 0
ID: 43F, Data: 82 48 60 FF 60 DC 7 0
ID: 153, Data: 80 0 0 FF 0 FF 0 0
ID: 316, Data: 85 28 E4 A 28 19 7 7B
ID: 153, Data: 80 0 0 FF 0 FF 0 0
ID: 153, Data: 80 0 0 FF 0 FF 0 0
ID: 316, Data: 85 28 9 B 28 19 7 7B
ID: 43F, Data: 82 48 60 FF 60 94 7 0
ID: 43F, Data: 82 48 60 FF 5F 88 7 0
ID: 43F, Data: 82 48 60 FF 60 7C 7 0
ID: 43F, Data: 82 48 60 FF 60 5C 7 0
ID: 440, Data: 8F1 22 6 A0 FF AA AA AA
ID: 370, Data: 8FF DD F0 FF FF FF FF FF
ID: 316, Data: 85 27 59 B 27 19 6 7B
ID: 18F, Data: 8AA 33 0 0 0 0 0 0
ID: 43F, Data: 82 48 60 FF 60 14 7 0
ID: 260, Data: 8B 27 27 30 58 FF 6F 3D
ID: 153, Data: 80 0 0 FF 0 FF 0 0
ID: 43F, Data: 82 48 60 FF 60 EC 6 0
ID: 153, Data: 80 0 0 FF 0 FF 0 0
ID: 316, Data: 85 27 56 B 27 19 6 7B
ID: 316, Data: 85 27 5E B 26 19 6 7B
ID: 153, Data: 80 0 0 FF 0 FF 0 0
ID: 316, Data: 85 27 58 B 30 22 6 7B
ID: 153, Data: 80 0 0 FF 0 FF 0 0
ID: 316, Data: 85 27 6C B 32 22 6 7B
ID: 316, Data: 85 28 67 B 32 22 6 7B
ID: 153, Data: 80 0 0 FF 0 FF 0 0
ID: 2A0, Data: 880 0 6E 18 30 0 F 0
ID: 316, Data: 85 2A 67 B 32 22 6 7B
ID: 316, Data: 85 2B 6F B 32 22 6 7B
ID: 260, Data: 8B 2C 32 30 58 FF 6B 30
ID: A0, Data: 841 7D 6F B 6 27 2 0
ID: 316, Data: 85 2D 79 B 32 22 5 7B
ID: 153, Data: 80 0 0 FF 0 FF 0 0
ID: 316, Data: 845 2E 1A B 32 22 5 7B
ID: 43F, Data: 82 48 60 FF 60 10 6 0
ID: 329, Data: 8ED B1 80 8 12 2F 0 26
ID: A1, Data: 886 80 87 7F 2A 0 0 0
ID: 153, Data: 80 0 0 FF 0 FF 0 0
ID: 5F0, Data: 20 0
ID: 43F, Data: 82 48 60 FF 60 CC 5 0
ID: 153, Data: 80 0 0 FF 0 FF 0 0
ID: 5F0, Data: 20 0
ID: 1F0, Data: 8FA 3F FD BF 0 0 0 0
ID: A1, Data: 887 80 89 7F 2C 0 0 0
ID: 153, Data: 80 0 0 FF 0 FF 0 0
ID: 153, Data: 80 0 0 FF 0 FF 0 0
ID: 260, Data: 8B 32 32 30 58 FF 5F 18
ID: 316, Data: 845 31 27 B 32 21 5 7B
ID: 43F, Data: 82 48 60 FF 60 50 5 0
ID: 316, Data: 845 31 29 B 32 21 5 7B
ID: 316, Data: 845 30 1E B 32 21 4 7B
ID: A1, Data: 887 80 89 7F 2C 0 0 0
ID: 316, Data: 845 30 EA A 32 21 4 7B
ID: 153, Data: 80 0 0 FF 0 FF 0 0
ID: 316, Data: 845 30 0 B 32 21 4 7B
ID: 1F1, Data: 80 E0 23 30 2 24 40 2
ID: 316, Data: 845 30 E4 A 31 21 4 7B
ID: 260, Data: 8B 31 32 30 58 FF 62 24
ID: 153, Data: 80 0 0 FF 0 FF 0 0
ID: 316, Data: 845 30 CC A 31 21 4 7B
ID: 316, Data: 845 30 B6 A 32 21 4 7B
ID: 280, Data: 830 0 84 B1 15 21 6F 5C
ID: 43F, Data: 82 48 60 FF 60 94 4 0
ID: 316, Data: 845 30 DB A 31 21 4 7B
ID: 329, Data: 8B B1 80 8 12 2D 0 26
ID: 153, Data: 80 0 0 FF 0 FF 0 0
ID: 153, Data: 80 0 0 FF 0 FF 0 0
ID: A1, Data: 887 80 89 7F 2B 0 0 0
ID: 2A0, Data: 8E0 0 6F 18 30 0 F 0
ID: 18F, Data: 8AA 3A 0 0 0 0 0 0
ID: A1, Data: 887 80 89 7F 2B 0 0 0
ID: 280, Data: 830 0 84 B1 15 21 6F 5B
ID: 545, Data: 8E4 2C 0 8D 1 1 1 1
ID: 43F, Data: 82 48 60 FF 60 A0 3 0
ID: 43F, Data: 82 48 60 FF 60 88 3 0
ID: 153, Data: 80 0 0 FF 0 FF 0 0
ID: 316, Data: 845 30 B1 A 30 21 3 7B
ID: 1F1, Data: 80 1 17 70 1 18 70 1
ID: 1F0, Data: 8FB 3F FD BF 0 0 0 0
ID: 280, Data: 830 0 84 B1 15 21 6F 5B
ID: 2A0, Data: 880 0 6F 18 30 0 F 0
ID: 43F, Data: 82 48 60 FF 60 D4 2 0
ID: 43F, Data: 82 48 60 FF 60 B8 2 0
ID: 43F, Data: 82 48 60 FF 60 AC 2 0
ID: 316, Data: 845 2F A9 A 30 21 2 7B
ID: 18F, Data: 8AA 3C 0 0 0 0 0 0
ID: 316, Data: 845 2F A7 A 30 21 2 7B
ID: 43F, Data: 82 48 60 FF 60 44 2 0
ID: 153, Data: 80 0 0 FF 0 FF 0 0
ID: 316, Data: 845 2F BD A 2F 21 2 7B
ID: 153, Data: 80 0 0 FF 0 FF 0 0
ID: 43F, Data: 89 48 60 FF 60 F8 1 0
ID: 43F, Data: 89 48 60 FF 60 E4 1 0
ID: 316, Data: 845 2F 97 A 2F 21 2 7B
ID: 2A0, Data: 880 0 6F 18 30 0 F 0
ID: 370, Data: 8FF DD F0 FF FF FF FF FF
ID: 43F, Data: 89 48 60 FF 60 B0 1 0
ID: 2A0, Data: 880 0 6F 18 30 0 F 0
ID: 153, Data: 80 0 0 FF 0 FF 0 0
ID: 153, Data: 80 0 0 FF 0 FF 0 0
ID: 440, Data: 8B9 72 1 A0 FF AA AA AA
ID: 316, Data: 845 2F 82 A 30 21 1 7B
ID: 153, Data: 80 0 0 FF 0 FF 0 0
ID: 153, Data: 80 0 0 FF 0 FF 0 0
ID: 43F, Data: 89 48 60 FF 60 4C 1 0
ID: 43F, Data: 89 48 60 FF 60 44 1 0
ID: 43F, Data: 89 48 60 FF 60 40 1 0
ID: 153, Data: 80 0 0 FF 0 FF 0 0
ID: 316, Data: 845 2F 65 A 30 21 1 7B
ID: 316, Data: 845 2F 5B A 30 21 1 7B
ID: 1F1, Data: 80 1 7 80 0 8 80 0
ID: 1F0, Data: 8FB 3F FD BF 0 0 0 0
ID: 2A0, Data: 880 0 6F 18 30 0 F 0
ID: 153, Data: 80 0 0 FF 0 FF 0 0
ID: A1, Data: 889 80 88 7F 2B 0 0 0
ID: 153, Data: 80 0 0 FF 0 FF 0 0
ID: 545, Data: 8E4 2A 0 8C F1 0 F1 0
ID: 153, Data: 80 0 0 FF 0 FF 0 0
ID: 545, Data: 8E4 2A 0 8E F0 0 F0 0
ID: 316, Data: 845 2F 83 A 2F 21 0 7B
ID: 280, Data: 830 0 84 B1 15 20 6F 5A
ID: 153, Data: 80 0 0 FF 0 FF 0 0
ID: 153, Data: 80 0 0 FF 0 FF 0 0
ID: 316, Data: 845 2E 60 A 30 21 0 7B
ID: 43F, Data: 89 48 60 FF 60 BC 0 0
ID: 43F, Data: 89 48 60 FF 60 BC 0 0
ID: 316, Data: 845 2E 81 A 2F 21 0 7B
ID: 370, Data: 8FF DD F0 FF FF FF FF FF
ID: 316, Data: 845 2E AA A 2E 21 0 7B
ID: 280, Data: 830 0 84 B1 15 20 6F 59
ID: 43F, Data: 89 48 60 FF 60 C0 0 0
ID: 316, Data: 845 2E 63 A 2F 21 0 7B
ID: 329, Data: 8B B1 80 8 12 2D 0 26
ID: 18F, Data: 8AA 3F 0 0 0 0 0 0
ID: 153, Data: 80 0 0 FF 0 FF 0 0
ID: 43F, Data: 81 48 60 FF 60 D4 0 0
ID: 260, Data: 8B 2E 2F 30 58 FF 6D 30
ID: 43F, Data: 81 48 60 FF 60 A8 0 0
ID: 316, Data: 845 2E 8F A 2D 21 0 7B
ID: 316, Data: 845 2E 8A A 2D 21 0 7B
ID: 153, Data: 80 0 0 FF 0 FF 0 0
ID: 316, Data: 845 2D 8F A 2E 21 0 7B
ID: 153, Data: 80 0 0 FF 0 FF 0 0
ID: 316, Data: 845 2D 92 A 2D 21 0 7B
ID: 153, Data: 80 0 0 FF 0 FF 0 0
ID: 316, Data: 845 2D 7C A 2E 21 0 7B
ID: 316, Data: 845 2D 8C A 2E 21 0 7B
ID: 316, Data: 845 2D 85 A 2D 21 0 7B
ID: 316, Data: 845 2C 66 A 2E 21 0 7B
ID: 153, Data: 80 0 0 FF 0 FF 0 0
ID: 316, Data: 845 2C 67 A 2E 21 0 7B
ID: 316, Data: 845 2C 60 A 2E 21 0 7B
ID: 545, Data: 8E4 28 0 8D C3 0 C3 0
ID: 43F, Data: 81 48 60 FF 60 0 0 0
ID: 153, Data: 80 0 0 FF 0 FF 0 0
ID: 43F, Data: 81 48 60 FF 60 0 0 0
ID: 153, Data: 80 0 0 FF 0 FF 0 0
ID: 153, Data: 80 0 0 FF 0 FF 0 0
ID: A0, Data: 83F 7D 4F A 0 25 2 0
ID: 545, Data: 8E4 28 0 8D C4 0 C4 0
ID: 316, Data: 845 2C 5B A 2E 21 0 7B
ID: A0, Data: 83F 7D 5B A 0 25 2 0
ID: 440, Data: 8AD 31 0 A0 FF AA AA AA
ID: 1F0, Data: 8FB 3F FD BF 0 0 0 0
ID: 316, Data: 845 2D 57 A 2E 21 0 7B
ID: 316, Data: 845 2D 53 A 2E 21 0 7B
ID: A0, Data: 83F 7D 48 A 0 25 2 0
ID: 153, Data: 80 0 0 FF 0 FF 0 0
ID: 316, Data: 845 2D 4F A 2E 21 0 7B
ID: 370, Data: 8FF DD F0 FF FF FF FF FF
ID: 5F0, Data: 20 0
ID: 153, Data: 80 0 0 FF 0 FF 0 0
ID: 18F, Data: 8AA 40 0 0 0 0 0 0
ID: 316, Data: 845 2D 4B A 2E 21 0 7B
ID: 316, Data: 845 2D 5F A 2E 21 0 7B
ID: 545, Data: 8E4 28 0 8D C8 0 C8 0
ID: 153, Data: 80 0 0 FF 0 FF 0 0
ID: 43F, Data: 81 48 60 FF 61 0 0 0
ID: 153, Data: 80 0 0 FF 0 FF 0 0
ID: 316, Data: 845 2D 6A A 2E 21 0 7B
ID: 18F, Data: 8AA 40 0 0 0 0 0 0
ID: 153, Data: 80 0 0 FF 0 FF 0 0
ID: 440, Data: 8AD 91 0 A0 FF AA AA AA
ID: 18F, Data: 8AA 40 0 0 0 0 0 0
ID: 316, Data: 845 2D 6E A 2E 21 0 7B
ID: 153, Data: 80 0 0 FF 0 FF 0 0
ID: 43F, Data: 81 48 60 FF 60 0 0 0
ID: 43F, Data: 81 48 60 FF 60 0 0 0
ID: 153, Data: 80 0 0 FF 0 FF 0 0
ID: 316, Data: 845 2C 4B A 2E 21 0 7B
ID: 153, Data: 80 0 0 FF 0 FF 0 0
ID: 316, Data: 845 2D 42 A 2E 21 0 7B
ID: 153, Data: 80 0 0 FF 0 FF 0 0
ID: 153, Data: 80 0 0 FF 0 FF 0 0
ID: 316, Data: 845 2D 5A A 2E 21 0 7B
ID: 43F, Data: 81 48 60 FF 61 0 0 0
ID: 316, Data: 845 2D 63 A 2D 21 0 7B
ID: 370, Data: 8FF DD F0 FF FF FF FF FF
ID: 2A0, Data: 820 0 6F 18 30 0 F 0
ID: 316, Data: 845 2D 38 A 2E 21 0 7B
ID: 316, Data: 845 2D 3E A 2E 21 0 7B
ID: 153, Data: 80 0 0 FF 0 FF 0 0
ID: 153, Data: 80 0 0 FF 0 FF 0 0
ID: A0, Data: 83F 7D 53 A 0 25 2 0
ID: 545, Data: 8E4 27 0 8D CB 0 CB 0
ID: 329, Data: 840 B1 80 8 12 2C 0 26
ID: 18F, Data: 8AA 40 0 0 0 0 0 0
ID: 153, Data: 80 0 0 FF 0 FF 0 0
ID: 43F, Data: 81 48 60 FF 61 0 0 0
ID: 2A0, Data: 820 0 6F 18 30 0 F 0
ID: 2A0, Data: 840 0 6F 18 30 0 F 0
ID: A1, Data: 889 80 8B 7F 2A 0 0 0
ID: 43F, Data: 81 48 60 FF 60 0 0 0
ID: 43F, Data: 81 48 60 FF 61 0 0 0
ID: 153, Data: 80 0 0 FF 0 FF 0 0
ID: 153, Data: 80 0 0 FF 0 FF 0 0
ID: 5F0, Data: 20 0
ID: 329, Data: 8ED B1 80 8 12 2C 0 26
ID: 316, Data: 845 2D 6C A 2D 21 0 7B
ID: A1, Data: 88B 80 8B 7F 2A 0 0 0
ID: 316, Data: 845 2D 5A A 2D 21 0 7B
ID: 153, Data: 80 0 0 FF 0 FF 0 0
ID: 329, Data: 840 B1 80 8 12 2C 0 26
ID: 316, Data: 845 2D 45 A 2D 21 0 7B
ID: 260, Data: 8B 2D 2E 30 58 FF 6F 30
ID: 43F, Data: 81 48 60 FF 60 0 0 0
ID: 316, Data: 845 2D 65 A 2D 21 0 7B
ID: 440, Data: 8AD E1 0 A0 FF AA AA AA
ID: A0, Data: 83E 7D 66 A 0 25 2 0
ID: 153, Data: 80 0 0 FF 0 FF 0 0
ID: 316, Data: 845 2C 5C A 2D 21 0 7B
ID: 153, Data: 80 0 0 FF 0 FF 0 0
ID: 316, Data: 845 2D 5C A 28 18 0 7B
ID: 1F1, Data: 80 1 0 0 0 0 0 0
ID: 153, Data: 80 0 0 FF 0 FF 0 0
ID: 43F, Data: 81 48 60 FF 61 0 0 0
ID: A1, Data: 88D 7E 8D 7E 29 0 0 0
ID: 316, Data: 845 2B 69 A 28 19 0 7B
ID: 153, Data: 80 0 0 FF 0 FF 0 0
ID: 316, Data: 845 2A 5A A 29 19 0 7B
ID: 153, Data: 80 0 0 FF 0 FF 0 0
ID: 153, Data: 80 0 0 FF 0 FF 0 0
ID: 316, Data: 85 29 3A A 29 19 0 7B
ID: 43F, Data: 81 48 60 FF 61 0 0 0
ID: 43F, Data: 81 48 60 FF 61 0 0 0
ID: 43F, Data: 81 48 60 FF 61 0 0 0
ID: 43F, Data: 81 48 60 FF 61 0 0 0
ID: 316, Data: 85 27 FD A 25 19 0 7B
ID: 153, Data: 80 0 0 FF 0 FF 0 0
ID: 316, Data: 85 27 A7 A 26 19 0 7B
ID: 316, Data: 85 27 90 A 27 19 0 7B
ID: 316, Data: 85 27 92 A 27 19 0 7B
ID: 18F, Data: 8AA 41 0 0 0 0 0 0
ID: 43F, Data: 81 48 60 FF 61 0 0 0
ID: 18F, Data: 8AA 40 0 0 0 0 0 0
ID: A1, Data: 88F 7E 8F 7E 26 0 0 0
ID: 329, Data: 840 B1 80 8 12 2B 0 26
ID: 370, Data: 8FF DD F0 FF FF FF FF FF
ID: 5F0, Data: 20 0
ID: 316, Data: 85 26 83 A 27 19 0 7B
ID: 153, Data: 80 0 0 FF 0 FF 0 0
ID: 2A0, Data: 820 0 6F 18 30 0 F 0
ID: 316, Data: 85 26 71 A 27 19 0 7B
ID: 316, Data: 85 26 5F A 27 19 0 7B
ID: 18F, Data: 8AA 3F 0 0 0 0 0 0
ID: 43F, Data: 81 48 60 FF 61 0 0 0
ID: 260, Data: 8B 26 27 30 58 FF 6D 21
ID: A0, Data: 838 7D 7A A 0 24 2 0
ID: 316, Data: 85 26 7A A 27 19 0 7B
ID: 153, Data: 80 0 0 FF 0 FF 0 0
ID: 316, Data: 85 26 8F A 26 19 0 7B
ID: 316, Data: 85 26 7E A 27 19 0 7B
ID: 153, Data: 80 0 0 FF 0 FF 0 0
ID: 316, Data: 85 26 73 A 27 19 0 7B
ID: 316, Data: 85 26 81 A 27 19 0 7B
ID: 316, Data: 85 26 74 A 27 19 0 7B
ID: 260, Data: 8B 26 27 30 58 FF 6C 13
ID: 153, Data: 80 0 0 FF 0 FF 0 0
ID: 316, Data: 85 26 58 A 27 19 0 7B
ID: 153, Data: 80 0 0 FF 0 FF 0 0
ID: 316, Data: 85 26 7A A 26 19 0 7B
ID: 153, Data: 80 0 0 FF 0 FF 0 0
ID: 153, Data: 80 0 0 FF 0 FF 0 0
ID: 43F, Data: 81 48 60 FF 61 0 0 0
ID: 43F, Data: 81 48 60 FF 61 0 0 0
ID: 43F, Data: 81 48 60 FF 61 0 0 0
ID: 153, Data: 80 0 0 FF 0 FF 0 0
ID: 316, Data: 85 26 4B A 27 19 0 7B
ID: 153, Data: 80 0 0 FF 0 FF 0 0
ID: 153, Data: 80 0 0 FF 0 FF 0 0
ID: 43F, Data: 81 48 60 FF 61 0 0 0
ID: 545, Data: 8E4 22 0 8C E0 0 E0 0
ID: 260, Data: 8B 26 27 30 58 FF 70 1E
ID: 43F, Data: 81 48 60 FF 61 0 0 0
ID: 153, Data: 80 0 0 FF 0 FF 0 0
ID: 316, Data: 85 26 5C A 26 19 0 7B
ID: 153, Data: 80 0 0 FF 0 FF 0 0
ID: 43F, Data: 81 48 60 FF 61 0 0 0
ID: 153, Data: 80 0 0 FF 0 FF 0 0
ID: 316, Data: 85 26 75 A 26 19 0 7B
ID: 153, Data: 80 0 0 FF 0 FF 0 0
ID: 153, Data: 80 0 0 FF 0 FF 0 0
ID: 316, Data: 85 26 74 A 26 19 0 7B
ID: 43F, Data: 81 48 60 FF 60 0 0 0
ID: 43F, Data: 81 48 60 FF 61 0 0 0
ID: 43F, Data: 81 48 60 FF 60 0 0 0
ID: 43F, Data: 81 48 60 FF 61 0 0 0
ID: 43F, Data: 81 48 60 FF 61 0 0 0
ID: 153, Data: 80 0 0 FF 0 FF 0 0
ID: 316, Data: 85 25 6C A 26 19 0 7B
ID: 153, Data: 80 0 0 FF 0 FF 0 0
ID: 316, Data: 85 25 74 A 26 19 0 7B
ID: 153, Data: 80 0 0 FF 0 FF 0 0
ID: 153, Data: 80 0 0 FF 0 FF 0 0
ID: 370, Data: 8FF DD F0 FF FF FF FF FF
ID: 43F, Data: 81 48 60 FF 61 0 0 0
ID: 316, Data: 85 25 57 A 26 19 0 7B
ID: 316, Data: 85 25 5B A 26 19 0 7B
ID: 545, Data: 8E4 22 0 8D D4 0 D4 0
ID: A1, Data: 891 7E 8F 7E 25 0 0 0
ID: 153, Data: 80 0 0 FF 0 FF 0 0
ID: 316, Data: 85 25 69 A 26 19 0 7B
ID: 43F, Data: 81 48 60 FF 61 0 0 0
ID: 440, Data: 8AB 31 0 A0 FF AA AA AA
ID: 43F, Data: 81 48 60 FF 61 BC 0 0
ID: 545, Data: 8E4 22 0 8D D2 0 D2 0
ID: 1F0, Data: 8FA 3F FD BF 0 0 0 0
ID: 153, Data: 80 0 0 FF 0 FF 0 0
ID: 316, Data: 85 25 53 A 26 19 0 7B
ID: 440, Data: 8AF 31 0 A0 FF AA AA AA
ID: 153, Data: 80 0 0 FF 0 FF 0 0
ID: 316, Data: 85 25 5F A 26 19 0 7B
ID: 316, Data: 85 25 5A A 26 19 0 7B
ID: 316, Data: 85 25 4D A 26 19 0 7B
ID: 260, Data: 8B 25 26 30 58 FF 6E 22
ID: A0, Data: 836 7D 5A A 0 24 2 0
ID: 316, Data: 85 25 48 A 26 19 0 7B
ID: 1F0, Data: 8FA 3F FD BF 0 0 0 0
ID: 316, Data: 85 25 49 A 26 19 0 7B
ID: 316, Data: 85 25 44 A 26 19 0 7B
ID: 18F, Data: 8AA 3B 0 0 0 0 0 0
ID: 43F, Data: 81 48 60 FF 61 90 2 0
ID: 18F, Data: 8AA 3B 0 0 0 0 0 0
ID: 316, Data: 85 25 5A A 26 19 1 7B
ID: 440, Data: 8BE 31 1 A0 FF AA AA AA
ID: 260, Data: 8B 25 26 30 58 FF 6F 21
ID: 316, Data: 85 25 3D A 26 19 1 7B
ID: 153, Data: 80 0 0 FF 0 FF 0 0
ID: 43F, Data: 81 48 60 FF 61 50 3 0
ID: A1, Data: 88F 7E 8F 7E 25 0 0 0
ID: 153, Data: 80 0 0 FF 0 FF 0 0
ID: 316, Data: 85 25 4F A 26 19 1 7B
ID: A0, Data: 836 7D 4F A 1 24 2 0
ID: 316, Data: 85 25 5B A 26 19 1 7B
ID: 153, Data: 80 0 0 FF 0 FF 0 0
ID: 153, Data: 80 0 0 FF 0 FF 0 0
ID: 153, Data: 80 0 0 FF 0 FF 0 0
ID: 18F, Data: 8AA 3B 0 0 0 0 0 0
ID: 316, Data: 85 25 48 A 26 19 1 7B
ID: 153, Data: 80 0 0 FF 0 FF 0 0
ID: 316, Data: 85 25 38 A 26 19 1 7B
ID: 43F, Data: 81 48 60 FF 61 34 4 0
ID: 43F, Data: 81 48 60 FF 61 5C 4 0
ID: 43F, Data: 81 48 60 FF 61 70 4 0
ID: 440, Data: 8D0 E1 1 A0 FF AA AA AA
ID: 316, Data: 85 25 49 A 26 19 2 7B
ID: 316, Data: 85 25 5B A 25 19 2 7B
ID: 260, Data: 8B 25 26 30 58 FF 6F 21
ID: 153, Data: 80 0 0 FF 0 FF 0 0
ID: 316, Data: 85 25 39 A 26 19 2 7B
ID: 316, Data: 85 25 63 A 26 19 2 7B
ID: 316, Data: 85 25 65 A 25 19 2 7B
ID: 316, Data: 85 25 69 A 25 19 2 7B
ID: A0, Data: 836 7D 63 A 2 24 2 0
ID: 43F, Data: 81 48 60 FF 61 C 5 0
ID: 1F0, Data: 8FA 3F FD BF 0 0 0 0
ID: 153, Data: 80 0 0 FF 0 FF 0 0
ID: 153, Data: 80 0 0 FF 0 FF 0 0
ID: A1, Data: 88F 7E 8B 7E 25 0 0 0
ID: 329, Data: 840 B1 80 8 12 2B 0 26
ID: 545, Data: 8E4 22 0 8C D4 0 D4 0
ID: 153, Data: 80 0 0 FF 0 FF 0 0
ID: 5F0, Data: 20 0
ID: 43F, Data: 81 48 60 FF 60 A8 5 0
ID: 18F, Data: 8AA 3A 0 0 0 0 0 0
ID: 153, Data: 80 0 0 FF 0 FF 0 0
ID: 370, Data: 8FF DD F0 FF FF FF FF FF
ID: 545, Data: 8E4 22 0 8D D3 0 D3 0
ID: 153, Data: 80 0 0 FF 0 FF 0 0
ID: 316, Data: 85 25 6D A 25 19 3 7B
ID: 153, Data: 80 0 0 FF 0 FF 0 0
ID: 43F, Data: 81 48 60 FF 61 50 6 0
ID: 316, Data: 85 25 57 A 25 19 3 7B
ID: 153, Data: 80 0 0 FF 0 FF 0 0
ID: 329, Data: 8B B1 80 8 12 2B 0 26
ID: 316, Data: 85 25 81 A 25 19 3 7B
ID: 316, Data: 85 25 7E A 25 19 3 7B
ID: A0, Data: 835 7D 81 A 3 24 2 0
ID: 43F, Data: 81 48 60 FF 61 0 7 0
ID: 153, Data: 80 0 0 FF 0 FF 0 0
ID: 153, Data: 80 0 0 FF 0 FF 0 0
ID: 18F, Data: 8AA 3A 0 0 0 0 0 0
ID: 440, Data: 8FA 31 3 A0 FF AA AA AA
ID: 316, Data: 85 24 B9 A 23 19 3 7B
ID: A1, Data: 88D 7E 8D 7E 25 0 0 0
ID: 153, Data: 80 0 0 FF 0 FF 0 0
ID: 440, Data: 8FE 31 3 A0 FF AA AA AA
ID: 43F, Data: 81 48 60 FF 61 C 8 0
ID: 440, Data: 8FE 31 3 A0 FF AA AA AA
ID: 43F, Data: 81 48 60 FF 61 3C 8 0
ID: 260, Data: 8B 24 23 30 58 FF 64 20
ID: 316, Data: 85 23 B0 A 23 19 4 7B
ID: 316, Data: 85 23 99 A 23 19 4 7B
ID: 545, Data: 8E4 22 0 8D A6 0 A6 0
ID: 153, Data: 80 0 0 FF 0 FF 0 0
ID: 43F, Data: 81 48 60 FF 61 E0 8 0
ID: 153, Data: 80 0 0 FF 0 FF 0 0
ID: 153, Data: 80 0 0 FF 0 FF 0 0
ID: A1, Data: 88E 7E 8E 7E 24 0 0 0
ID: 329, Data: 8B B1 80 8 11 2A 0 26
ID: 1F1, Data: 80 34 25 40 2 25 50 2
ID: 43F, Data: 81 48 60 FF 61 3C 9 0
ID: 153, Data: 80 0 0 FF 0 FF 0 0
ID: 316, Data: 85 22 7C A 23 19 4 7B
ID: 43F, Data: 81 48 60 FF 60 54 9 0
ID: 43F, Data: 81 48 60 FF 61 70 9 0
ID: 370, Data: 8FF DD F0 FF FF FF FF FF
ID: 329, Data: 8ED B1 80 8 11 2A 0 26
ID: 316, Data: 85 21 BF A 22 1A 4 7B
ID: 316, Data: 85 21 D2 A 21 1A 4 7B
ID: 2A0, Data: 820 0 6F 18 30 0 F 0
ID: 153, Data: 80 0 0 FF 0 FF 0 0
ID: 153, Data: 80 0 0 FF 0 FF 0 0
ID: A0, Data: 831 7D BC A 5 23 2 0
ID: 316, Data: 85 21 B0 A 22 1A 5 7B
ID: 43F, Data: 81 48 60 FF 61 F8 9 0
ID: 43F, Data: 81 48 60 FF 61 F4 9 0
ID: 43F, Data: 81 48 60 FF 60 E8 9 0
ID: 316, Data: 85 21 F2 A 20 1A 5 7B
ID: 153, Data: 80 0 0 FF 0 FF 0 0
ID: 316, Data: 85 21 B4 A 21 1A 5 7B
ID: 370, Data: 8FF DD F0 FF FF FF FF FF
ID: 153, Data: 80 0 0 FF 0 FF 0 0
ID: 316, Data: 85 21 BD A 20 1A 5 7B
ID: 260, Data: 8B 22 20 30 58 FF 67 4
ID: 316, Data: 85 21 C3 A 20 1A 5 7B
ID: 316, Data: 85 21 D2 A 20 1A 5 7B
ID: 316, Data: 85 21 D2 A 20 1A 5 7B
ID: 260, Data: 8B 21 20 30 58 FF 65 16
ID: 153, Data: 80 0 0 FF 0 FF 0 0
ID: 316, Data: 85 20 DB A 1F 1A 5 7B
ID: 316, Data: 85 20 F0 A 1F 1A 5 7B
ID: 153, Data: 80 0 0 FF 0 FF 0 0
ID: 316, Data: 85 20 C2 A 1F 1A 5 7B
ID: 1F0, Data: 8FF 3F FD BF 0 0 0 0
ID: 316, Data: 85 20 C2 A 20 1A 5 7B
ID: 329, Data: 840 B1 80 8 11 2A 0 26
ID: A0, Data: 82E 7D C2 A 5 22 2 0
ID: 43F, Data: 81 48 60 FF 61 20 A 0
ID: 153, Data: 80 0 0 FF 0 FF 0 0
ID: 316, Data: 85 1F D5 A 1F 1A 5 7B
ID: 153, Data: 80 0 0 FF 0 FF 0 0
ID: 153, Data: 80 0 0 FF 0 FF 0 0
ID: 153, Data: 80 0 0 FF 0 FF 0 0
ID: A1, Data: 88F 7E 8D 7E 22 0 0 0
ID: 329, Data: 840 B1 80 8 11 2E E 26
ID: 545, Data: 8E4 22 0 8D 32 1 32 1
ID: 43F, Data: 81 48 60 FF 60 88 A 0
ID: 43F, Data: 81 48 60 FF 61 8C A 0
ID: 153, Data: 80 0 0 FF 0 FF 0 0
ID: 316, Data: 85 30 C7 C 41 19 5 7B
ID: 153, Data: 80 0 0 FF 0 FF 0 0
ID: 316, Data: 85 32 83 D 40 19 5 7B
ID: 316, Data: 85 33 B0 D 3F 19 5 7B
ID: 316, Data: 85 34 6 E 3F 18 5 7B
ID: 260, Data: 8B 35 3F 30 58 FF A6 2B
ID: A0, Data: 845 7D 6 E 5 29 2 0
ID: 43F, Data: 81 48 60 FF 60 F8 B 0
ID: 153, Data: 80 0 0 FF 0 FF 0 0
ID: 316, Data: 85 39 17 10 50 17 5 7B
ID: 153, Data: 80 0 0 FF 0 FF 0 0
ID: 153, Data: 80 0 0 FF 0 FF 0 0
ID: 316, Data: 85 3F 49 11 53 16 6 7B
ID: 43F, Data: 81 48 60 FF 61 A8 D 0
ID: 316, Data: 85 41 6A 12 56 15 6 7B
ID: 316, Data: 85 42 E7 12 57 15 6 7B
ID: 18F, Data: 8AA 38 0 0 0 0 0 0
ID: 316, Data: 85 46 19 14 5D 14 7 7B
ID: A0, Data: 85C 7D A0 13 7 31 2 0
ID: 316, Data: 85 4C 3B 15 5C 14 7 7B
ID: 316, Data: 85 4D 0 16 5B 13 7 7B
ID: 316, Data: 85 4E 7F 16 5B 13 7 7B
ID: A0, Data: 869 7D 87 15 8 34 2 0
ID: 153, Data: 80 0 0 FF 0 FF 0 0
ID: 316, Data: 85 55 82 18 59 12 8 7B
ID: 153, Data: 80 0 0 FF 0 FF 0 0
ID: 153, Data: 80 0 0 FF 0 FF 0 0
ID: 316, Data: 85 56 36 1A 55 12 9 7B
ID: 43F, Data: 81 48 60 FF 61 CC 15 0
ID: 316, Data: 85 55 65 1B 55 12 A 7B
ID: 316, Data: 85 54 D1 1B 54 12 A 7B
ID: 18F, Data: 8AA 38 0 0 0 0 0 0
ID: 316, Data: 85 52 68 1C 54 13 B 7B
ID: 153, Data: 80 0 0 FF 0 FF 0 0
ID: 316, Data: 85 52 1C 1D 53 13 C 7B
ID: 153, Data: 80 0 0 FF 0 FF 0 0
ID: 153, Data: 80 0 0 FF 0 FF 0 0
ID: 316, Data: 85 50 59 1E 52 13 D 7B
ID: 43F, Data: 81 48 60 FF 61 24 1C 0
ID: 316, Data: 85 4F 72 1F 51 13 D 7B
ID: 280, Data: 830 0 88 B1 3F 30 6F 7E
ID: A1, Data: 886 7B 87 7E 3C 0 0 0
ID: 316, Data: 85 4E E 21 5E 1D E 7B
ID: 316, Data: 85 52 BA 21 5E 1D F 7B
ID: 545, Data: 8E4 E0 0 8D 1B 4 1B 4
ID: 43F, Data: 81 48 60 FF 61 94 20 0
ID: 43F, Data: 81 48 60 FF 60 60 21 0
ID: 316, Data: 85 5C C3 24 5C 1C 10 7B
ID: A1, Data: 886 7B 84 7E 40 0 0 0
ID: 153, Data: 80 0 0 FF 0 FF 0 0
ID: 316, Data: 85 59 9C 26 5B 1D 11 7B
ID: 153, Data: 80 0 0 FF 0 FF 0 0
ID: 329, Data: 8B B0 80 8 11 47 2A 26
ID: 316, Data: 845 57 C2 27 5A 1E 12 7B
ID: 260, Data: 8B 58 5B 30 58 FF BC 21
ID: 316, Data: 845 57 67 28 5A 1E 12 7B
ID: 18F, Data: 8AA 37 0 0 0 0 0 0
ID: 316, Data: 845 56 68 29 59 1E 13 7B
ID: 153, Data: 80 0 0 FF 0 FF 0 0
ID: 260, Data: 8B 56 58 30 58 FF BD 16
ID: 316, Data: 845 54 AB 2B 57 1F 14 7B
ID: 153, Data: 80 0 0 FF 0 FF 0 0
ID: 316, Data: 845 52 D7 2C 56 1F 14 7B
ID: 316, Data: 845 52 25 2D 55 1F 15 7B
ID: 43F, Data: 81 48 60 FF 61 B4 2B 0
ID: 316, Data: 845 52 A9 2D 55 20 15 7B
ID: 153, Data: 80 0 0 FF 0 FF 0 0
ID: 316, Data: 845 52 9E 2E 54 20 16 7B
ID: 316, Data: 845 52 2B 2F 54 20 16 7B
ID: 43F, Data: 81 48 60 FF 61 34 2E 0
ID: 316, Data: 845 52 4F 30 53 20 17 7B
ID: A0, Data: 85F 7D 9E 2F 17 40 2 0
ID: 153, Data: 80 0 0 FF 0 FF 0 0
ID: 316, Data: 845 51 C0 31 51 21 17 7B
ID: 153, Data: 80 0 0 FF 0 FF 0 0
ID: 43F, Data: 8A 48 60 FF 61 D8 30 0
ID: 18F, Data: 8AA 3A 0 0 0 0 0 0
ID: 43F, Data: 8A 48 60 FF 61 98 31 0
ID: A0, Data: 859 7C 48 33 19 40 2 0
ID: 153, Data: 80 0 0 FF 0 FF 0 0
ID: 43F, Data: 8A 48 60 FF 61 68 32 0
ID: 153, Data: 80 0 0 FF 0 FF 0 0
ID: 316, Data: 845 4F 15 34 50 22 19 7B
ID: 316, Data: 845 4F 15 34 50 22 19 7B
ID: 43F, Data: 8A 48 60 3A 61 64 31 0
ID: 316, Data: 845 35 61 31 52 21 1A 7B
ID: A1, Data: 888 7C 86 7C 35 0 0 0
ID: 153, Data: 80 0 0 FF 0 FF 0 0
ID: 316, Data: 845 38 D 2C 56 1F 1A 7B
ID: 153, Data: 80 0 0 FF 0 FF 0 0
ID: 153, Data: 80 0 0 FF 0 FF 0 0
ID: 316, Data: 845 3C 23 27 5B 1E 1B 7B
ID: 153, Data: 80 0 0 FF 0 FF 0 0
ID: 153, Data: 80 0 0 FF 0 FF 0 0
ID: 2A0, Data: 81 1C 6E 18 30 0 F 0
ID: 316, Data: 845 67 A6 23 5E 1C 1C 7B
ID: 316, Data: 845 66 45 23 5E 1C 1C 7B
ID: 153, Data: 80 0 0 FF 0 FF 0 0
ID: 2A0, Data: 8A1 1D 6E 18 30 0 F 0
ID: 316, Data: 845 66 C7 23 5E 1C 1D 7B
ID: 2A0, Data: 861 1D 6E 18 30 0 F 0
ID: 43F, Data: 8A 48 60 FF 61 B0 21 0
ID: 440, Data: 8FE 41 1E A0 FF AA AA AA
ID: 260, Data: 8B 65 5E 30 58 FF B3 38
ID: 316, Data: 845 63 F7 24 5D 1D 1E 7B
ID: 18F, Data: 8AA 3E 0 0 0 0 0 0
ID: 316, Data: 845 61 50 25 5D 1D 1E 7B
ID: 43F, Data: 82 48 60 FF 61 F4 22 0
ID: 153, Data: 80 0 0 FF 0 FF 0 0
ID: 153, Data: 80 0 0 FF 0 FF 0 0
ID: 5F0, Data: 20 0
ID: 18F, Data: 8AA 3F 0 0 0 0 0 0
ID: 316, Data: 845 5B 63 26 5C 1E 1F 7B
ID: 43F, Data: 82 48 60 FF 61 10 24 0
ID: 153, Data: 80 0 0 FF 0 FF 0 0
ID: 316, Data: 845 5A D5 26 5C 1E 20 7B
ID: 153, Data: 80 0 0 FF 0 FF 0 0
ID: 18F, Data: 8AA 3F 0 0 0 0 0 0
ID: 316, Data: 845 5B 72 27 5C 1E 21 7B
ID: 153, Data: 80 0 0 FF 0 FF 0 0
ID: 153, Data: 80 0 0 FF 0 FF 0 0
ID: 280, Data: 830 0 88 B0 50 36 6E 81
ID: 43F, Data: 82 48 60 FF 61 D4 25 0
ID: A1, Data: 882 7E 80 7D 3C 0 0 0
ID: 153, Data: 80 0 0 FF 0 FF 0 0
ID: 316, Data: 845 5A A6 28 5A 1E 22 7B
ID: 153, Data: 80 0 0 FF 0 FF 0 0
ID: 18F, Data: 8AA 40 0 0 0 0 0 0
ID: 316, Data: 845 5A 26 29 5A 1E 22 7B
ID: 43F, Data: 82 48 60 FF 61 18 27 0
ID: 153, Data: 80 0 0 FF 0 FF 0 0
ID: 153, Data: 80 0 0 FF 0 FF 0 0
ID: 316, Data: 845 59 D7 29 5A 1E 23 7B
ID: A1, Data: 880 7E 80 7D 3C 0 0 0
ID: 316, Data: 845 59 4 2A 59 1F 23 7B
ID: 316, Data: 845 59 1A 2A 59 1F 23 7B
ID: 153, Data: 80 0 0 FF 0 FF 0 0
ID: 316, Data: 845 59 8D 2A 59 1F 24 7B
ID: 316, Data: 845 59 D3 2A 59 1F 24 7B
ID: 370, Data: 8FF D5 F0 FF FF FF FF FF
ID: 316, Data: 845 59 1A 2B 59 1F 24 7B
ID: 153, Data: 80 0 0 FF 0 FF 0 0
ID: 440, Data: 8FE D2 25 A0 FF AA AA AA
ID: 316, Data: 845 58 AB 2B 58 1F 25 7B
ID: 153, Data: 80 0 0 FF 0 FF 0 0
ID: 2A0, Data: 81 23 6E 18 30 0 F 0
ID: 316, Data: 845 59 F4 2B 58 1F 25 7B
ID: 316, Data: 845 59 26 2C 58 1F 25 7B
ID: 43F, Data: 82 48 60 FF 61 78 2A 0
ID: 43F, Data: 82 48 60 FF 61 AC 2A 0
ID: 153, Data: 80 0 0 FF 0 FF 0 0
ID: 316, Data: 845 58 F1 2C 57 20 26 7B
ID: 153, Data: 80 0 0 FF 0 FF 0 0
ID: 18F, Data: 8AA 42 0 0 0 0 0 0
ID: 316, Data: 845 57 3F 2D 57 20 26 7B
ID: 43F, Data: 82 48 60 FF 61 98 2B 0
ID: 153, Data: 80 0 0 FF 0 FF 0 0
ID: 153, Data: 80 0 0 FF 0 FF 0 0
ID: 316, Data: 845 57 FA 2D 56 20 27 7B
ID: A1, Data: 883 7E 7E 7D 39 0 0 0
ID: 316, Data: 845 56 4B 2E 56 20 27 7B
ID: 316, Data: 845 56 67 2E 56 20 27 7B
ID: 153, Data: 80 0 0 FF 0 FF 0 0
ID: 370, Data: 8FF D7 F0 FF FF FF FF FF
ID: 316, Data: 845 57 9E 2E 56 20 28 7B
ID: 153, Data: 80 0 0 FF 0 FF 0 0
ID: 280, Data: 830 0 88 AF 5D 34 6E 79
ID: 153, Data: 80 0 0 FF 0 FF 0 0
ID: A0, Data: 861 7B 2B 2F 29 40 2 0
ID: 329, Data: 8ED AE 80 8 11 49 26 26
ID: A0, Data: 861 7B 2B 2F 29 40 2 0
ID: 316, Data: 845 53 9E 2F 4F 21 29 7B
ID: 316, Data: 845 52 BB 2F 4F 21 29 7B
ID: 370, Data: 8FF D8 F0 FF FF FF FF FF
ID: 545, Data: 8E4 4 1 8D 46 3 46 3
ID: 153, Data: 80 0 0 FF 0 FF 0 0
ID: 316, Data: 845 4F 13 30 4E 21 29 7B
ID: 153, Data: 80 0 0 FF 0 FF 0 0
ID: 1F1, Data: 80 DE 51 A1 14 54 61 15
ID: 316, Data: 845 4F 6D 30 4E 21 2A 7B
ID: 43F, Data: 82 48 60 FF 61 E8 2E 0
ID: 329, Data: 840 AE 80 8 11 48 26 26
ID: 153, Data: 80 0 0 FF 0 FF 0 0
ID: 153, Data: 80 0 0 FF 0 FF 0 0
ID: 316, Data: 845 4D A9 30 55 22 2A 7B
ID: 43F, Data: 82 48 60 FF 61 50 2F 0
ID: 316, Data: 845 53 E6 30 68 21 2A 7B
ID: 153, Data: 80 0 0 FF 0 FF 0 0
ID: 43F, Data: 82 48 60 FF 61 C0 2F 0
ID: 43F, Data: 82 48 60 FF 61 18 30 0
ID: 329, Data: 840 AE 80 8 11 54 40 26
ID: 43F, Data: 82 48 60 FF 61 94 30 0
ID: 316, Data: 845 74 48 33 76 21 2B 7B
ID: 2A0, Data: 81 27 6E 18 30 0 F 0
ID: 43F, Data: 82 48 60 FF 61 D4 30 0
ID: 43F, Data: 82 48 60 FF 61 2C 31 0
ID: 153, Data: 80 0 0 FF 0 FF 0 0
ID: 153, Data: 80 0 0 FF 0 FF 0 0
ID: 2A0, Data: 8C1 2A 6E 18 30 0 F 0
ID: 316, Data: 845 A8 DD 37 A3 22 2D 7B
ID: 2A0, Data: 81 2B 6E 18 30 0 F 0
ID: 370, Data: 8FF DB F0 FF FF FF FF FF
ID: 43F, Data: 82 48 60 FF 61 2C 34 0
ID: 153, Data: 80 0 0 FF 0 FF 0 0
ID: 316, Data: 845 A4 7F 38 9D 18 2F 7B
ID: 153, Data: 80 0 0 FF 0 FF 0 0
ID: 2A0, Data: 81 2F 6E 18 30 0 F 0
ID: 316, Data: 845 9E A3 39 9D 19 30 7B
ID: 316, Data: 845 9C CD 39 A2 19 30 7B
ID: 43F, Data: 82 48 60 FF 61 34 37 0
ID: 18F, Data: 8AA 43 0 0 0 0 0 0
ID: 153, Data: 80 0 0 FF 0 FF 0 0
ID: A0, Data: 8BB 7A A6 3A 32 5F 2 0
ID: 545, Data: 8E4 5 3 8A 6C 9 6C 9
ID: 18F, Data: 8AA 43 0 0 0 0 0 0
ID: 153, Data: 80 0 0 FF 0 FF 0 0
ID: 2A0, Data: 861 36 6D 18 30 0 F 0
ID: 316, Data: 85 AA 4E 3E AF 1A 34 7B
ID: 2A0, Data: 8A1 38 6D 18 30 0 F 0
ID: 316, Data: 85 AB 80 3E AE 1A 34 7B
ID: 316, Data: 85 AB 4E 3E AF 1A 35 7B
ID: A0, Data: 8C5 7A 4E 3E 35 66 2 0
ID: 5F0, Data: 20 0
ID: 316, Data: 85 AD B1 3F B2 1A 36 7B
ID: 316, Data: 85 AD E5 3F B2 1A 36 7B
ID: 43F, Data: 8B 48 60 FF 61 A8 3C 0
ID: 43F, Data: 8B 48 60 FF 61 94 3C 0
ID: 280, Data: 830 0 88 AD 7E 67 6D B6
ID: A0, Data: 8C9 7A 1A 40 37 67 2 0
ID: 316, Data: 85 7D A8 38 BA 18 37 7B
ID: 329, Data: 8B AD 80 8 11 79 80 26
ID: 43F, Data: 8B 48 60 9B 61 90 2E 0
ID: 370, Data: 8FF DD F0 FF FF FF FF FF
ID: 545, Data: 8E4 AC 2 8D 22 B 55 B
ID: 316, Data: 85 B1 64 2F 95 15 39 7B
ID: 316, Data: 85 A4 64 2F 8A 15 39 7B
ID: 43F, Data: 8B 48 60 FF 61 3C 2A 0
ID: 316, Data: 85 8C 67 2E 44 15 3A 7B
ID: 260, Data: 8B 7C 6 30 58 FF A2 20
ID: 316, Data: 85 4D F1 2C 8 17 3B 7B
ID: 316, Data: 85 39 AB 2B 9 18 3B 7B
ID: 43F, Data: 83 48 60 FF 61 44 2A 0
ID: 316, Data: 85 21 76 2A C 1A 3B 7B
ID: 316, Data: 85 1D 48 2A D 1B 3B 7B
ID: A0, Data: 823 79 31 2A 3C 2D 2 0
ID: 316, Data: 85 15 4 2A D 1B 3B 7B
ID: 153, Data: 80 0 0 FF 0 FF 0 0
ID: 316, Data: 85 1B FB 28 18 1B 3B 7B
ID: 316, Data: 85 20 26 29 1B 1B 3B 7B
ID: 2A0, Data: 81 3B 6D 18 30 0 F 0
ID: 43F, Data: 83 48 60 FF 61 AC 2A 0
ID: 153, Data: 80 0 0 FF 0 FF 0 0
ID: 316, Data: 85 23 D3 2A 28 1B 3B 7B
ID: 316, Data: 85 25 D3 2A 28 1B 3B 7B
ID: 370, Data: 8FF DE F0 FF FF FF FF FF
ID: 316, Data: 85 27 2 2B 29 1B 3B 7B
ID: 153, Data: 80 0 0 FF 0 FF 0 0
ID: 43F, Data: 83 48 60 FF 62 7C 2A 0
ID: 153, Data: 80 0 0 FF 0 FF 0 0
ID: 153, Data: 80 0 0 FF 0 FF 0 0
ID: 316, Data: 85 29 EB 2A 2B 1B 3B 7B
ID: 153, Data: 80 0 0 FF 0 FF 0 0
ID: 316, Data: 85 2A EB 2A 2A 1B 3B 7B
ID: 1F0, Data: 8F8 3F FD BF 0 0 0 0
ID: 316, Data: 85 2B 1A 2B 2A 1B 3B 7B
ID: 260, Data: 8B 2B 2B 30 58 FF D1 3C
ID: 153, Data: 80 0 0 FF 0 FF 0 0
ID: 280, Data: 830 0 88 AC 56 1A 6C 42
ID: 316, Data: 85 2C 32 2B 2B 1B 3B 7B
ID: A1, Data: 882 79 8A 78 20 0 0 0
ID: 316, Data: 85 2C 32 2B 2B 1B 3B 7B
ID: 316, Data: 85 2C 4A 2B 29 1B 3B 7B
ID: 316, Data: 85 2C 32 2B 16 1B 3B 7B
ID: 316, Data: 85 2C 32 2B 16 1B 3B 7B
ID: A0, Data: 831 79 32 2B 3B 32 2 0
ID: 316, Data: 85 27 1A 2B 16 1B 3B 7B
ID: 316, Data: 85 24 EB 2A 16 1B 3B 7B
ID: 153, Data: 80 0 0 FF 0 FF 0 0
ID: 316, Data: 85 21 8D 2A 17 1B 3B 7B
ID: 153, Data: 80 0 0 FF 0 FF 0 0
ID: 329, Data: 8B AC 80 8 11 33 0 26
ID: 316, Data: 85 1D 5F 2A D 1B 3B 7B
ID: 329, Data: 840 AC 80 8 11 32 0 26
ID: 153, Data: 80 0 0 FF 0 FF 0 0
ID: 153, Data: 80 0 0 FF 0 FF 0 0
ID: 43F, Data: 843 48 60 FF 61 64 2A 0
ID: 153, Data: 80 0 0 FF 0 FF 0 0
ID: 153, Data: 80 0 0 FF 0 FF 0 0
ID: 316, Data: 85 19 AA 29 E 1C 3B 7B
ID: A0, Data: 81A 79 D7 29 3B 2A 2 0
ID: 316, Data: 85 18 68 29 E 1C 3B 7B
ID: 316, Data: 85 17 52 29 E 1C 3B 7B
ID: 2A0, Data: 880 25 6C 18 30 0 F 0
ID: 43F, Data: 843 48 60 FF 61 24 2A 0
ID: 153, Data: 80 0 0 FF 0 FF 0 0
ID: 43F, Data: 843 48 60 FF 61 28 2A 0
ID: 316, Data: 85 1B 52 29 18 1C 3A 7B
ID: 370, Data: 8FF DE F0 FF FF FF FF FF
ID: 316, Data: 85 1C 94 29 2A 1C 3A 7B
ID: 153, Data: 80 0 0 FF 0 FF 0 0
ID: 43F, Data: 843 48 60 FF 61 C 2A 0
ID: 316, Data: 85 29 1A 2A 36 1B 3A 7B
ID: 316, Data: 85 2C 48 2A 37 1B 3A 7B
ID: 316, Data: 85 30 EB 2A 37 1A 3A 7B
ID: 316, Data: 85 32 4A 2B 37 1A 3A 7B
ID: 43F, Data: 843 48 60 FF 61 48 2A 0
ID: 43F, Data: 843 48 60 FF 61 54 2A 0
ID: 18F, Data: 8AA 3A 0 0 0 0 0 0
ID: 316, Data: 85 37 4A 2B 37 19 3A 7B
ID: 153, Data: 80 0 0 FF 0 FF 0 0
ID: 316, Data: 85 38 62 2B 37 19 3A 7B
ID: 316, Data: 85 39 92 2B 37 19 3A 7B
ID: A1, Data: 886 79 89 78 29 0 0 0
ID: 316, Data: 85 39 C3 2B 37 19 3B 7B
ID: 316, Data: 85 39 C3 2B 38 19 3B 7B
ID: A1, Data: 887 7B 89 7A 2A 0 0 0
ID: 316, Data: 85 3A C3 2B 38 19 3B 7B
ID: 316, Data: 85 3A C3 2B 38 19 3B 7B
ID: 260, Data: 8B 3A 39 30 58 FF CA 26
ID: 316, Data: 85 3A DC 2B 38 19 3B 7B
ID: 2A0, Data: 8A1 21 6C 18 30 0 F 0
ID: 316, Data: 85 3A F4 2B 38 19 3B 7B
ID: 316, Data: 85 3A F4 2B 38 19 3B 7B
ID: A1, Data: 887 7C 87 7C 29 0 0 0
ID: 43F, Data: 843 48 60 FF 62 E8 2A 0
ID: 43F, Data: 843 48 60 FF 61 F4 2A 0
ID: 260, Data: 8B 3B 38 30 58 FF CA 17
ID: 316, Data: 85 3A 3F 2C 38 19 3B 7B
ID: 2A0, Data: 81 20 6C 18 30 0 F 0
ID: 5F0, Data: 20 0
ID: 43F, Data: 843 48 60 FF 61 28 2B 0
ID: 370, Data: 8FF DE F0 FF FF FF FF FF
ID: 316, Data: 85 3B 58 2C 38 19 3C 7B
ID: 153, Data: 80 0 0 FF 0 FF 0 0
ID: 329, Data: 885 AC 80 8 11 40 1C 26
ID: 316, Data: 85 3A A4 2C 38 19 3C 7B
ID: 43F, Data: 843 48 60 FF 61 78 2B 0
ID: 316, Data: 85 3A BE 2C 29 19 3C 7B
ID: A1, Data: 886 7C 86 7C 2A 0 0 0
ID: 316, Data: 85 37 BE 2C 26 19 3C 7B
ID: 316, Data: 85 34 A4 2C 27 1A 3C 7B
ID: A0, Data: 83A 79 D7 2C 3D 35 2 0
ID: 316, Data: 85 30 71 2C 27 1A 3C 7B
ID: 316, Data: 85 2E 58 2C 28 1B 3C 7B
ID: A0, Data: 832 79 8B 2C 3D 32 2 0
ID: 316, Data: 85 2C 3F 2C 10 1B 3D 7B
ID: 316, Data: 85 29 58 2C C 1B 3D 7B
ID: 316, Data: 85 26 3F 2C C 1B 3D 7B
ID: 316, Data: 85 24 D 2C C 1B 3D 7B
ID: 545, Data: 8E4 66 0 8D 69 0 69 0
ID: 153, Data: 80 0 0 FF 0 FF 0 0
ID: 153, Data: 80 0 0 FF 0 FF 0 0
ID: 153, Data: 80 0 0 FF 0 FF 0 0
ID: 329, Data: 8ED AC 80 8 11 33 0 26
ID: 316, Data: 85 1C 32 2B D 1C 3D 7B
ID: 18F, Data: 8AA 38 0 0 0 0 0 0
ID: 153, Data: 80 0 0 FF 0 FF 0 0
ID: A0, Data: 81B 79 2 2B 3D 2B 2 0
ID: 545, Data: 8E4 4E 0 8D BC FF BC FF
ID: 260, Data: 8B 17 E 30 58 FF 97 1
ID: 5F0, Data: 20 0
ID: 153, Data: 80 0 0 FF 0 FF 0 0
ID: 316, Data: 85 1B EB 2A 25 1C 3C 7B
ID: 5F0, Data: 20 0
ID: 316, Data: 85 1E 1A 2B 2D 1C 3C 7B
ID: 316, Data: 85 1F 1A 2B 2E 1C 3C 7B
ID: 153, Data: 80 0 0 FF 0 FF 0 0
ID: 5F0, Data: 20 0
ID: 43F, Data: 843 48 60 FF 61 64 2B 0
ID: 43F, Data: 843 48 60 FF 62 68 2B 0
ID: 316, Data: 85 2E 26 2C 34 1B 3C 7B
ID: 153, Data: 80 0 0 FF 0 FF 0 0
ID: 153, Data: 80 0 0 FF 0 FF 0 0
ID: 316, Data: 85 33 BE 2C 34 1A 3C 7B
ID: 153, Data: 80 0 0 FF 0 FF 0 0
ID: 316, Data: 85 35 8B 2C 35 1A 3C 7B
ID: 316, Data: 85 36 8B 2C 36 1A 3C 7B
ID: 18F, Data: 8AA 38 0 0 0 0 0 0
ID: 43F, Data: 843 48 60 FF 61 8C 2B 0
ID: 153, Data: 80 0 0 FF 0 FF 0 0
ID: 316, Data: 85 38 BE 2C 38 1A 3C 7B
ID: 316, Data: 85 39 BE 2C 38 19 3C 7B
ID: 260, Data: 8B 3A 38 30 58 FF CA 18
ID: 316, Data: 85 3A D7 2C 38 19 3C 7B
ID: 280, Data: 830 0 88 AC 59 22 6C 57
ID: 316, Data: 85 3A F1 2C 34 19 3D 7B
ID: 316, Data: 85 3A F1 2C 33 19 3D 7B
ID: 153, Data: 80 0 0 FF 0 FF 0 0
ID: 316, Data: 85 3A B 2D 33 19 3D 7B
ID: 316, Data: 85 3A 25 2D 33 19 3D 7B
ID: 329, Data: 8B AC 80 8 11 3E 17 26
ID: 43F, Data: 843 48 60 FF 62 4 2C 0
ID: 153, Data: 80 0 0 FF 0 FF 0 0
ID: 260, Data: 8B 37 2E 30 58 FF CA 7
ID: 316, Data: 85 35 25 2D 2D 1A 3D 7B
ID: 260, Data: 8B 35 2E 30 58 FF CC 25
ID: 440, Data: 8FE B3 3D A0 FF AA AA AA
ID: 18F, Data: 8AA 37 0 0 0 0 0 0
ID: 316, Data: 85 31 B 2D 2E 1A 3D 7B
ID: 1F0, Data: 8FD 3F FD BF 0 0 0 0
ID: 153, Data: 80 0 0 FF 0 FF 0 0
ID: 316, Data: 85 30 B 2D 2E 1B 3D 7B
ID: 153, Data: 80 0 0 FF 0 FF 0 0
ID: 280, Data: 830 0 88 AC 5A 1C 6C 4A
ID: 316, Data: 85 30 3F 2D 2A 1B 3D 7B
ID: 153, Data: 80 0 0 FF 0 FF 0 0
ID: 316, Data: 85 2E 25 2D 22 1B 3D 7B
ID: 153, Data: 80 0 0 FF 0 FF 0 0
ID: 316, Data: 85 2C B 2D 21 1B 3D 7B
ID: 316, Data: 85 2B D7 2C 21 1B 3D 7B
ID: 280, Data: 830 0 88 AC 59 18 6C 40
ID: 43F, Data: 843 48 60 FF 62 44 2C 0
ID: 280, Data: 830 0 88 AC 59 17 6C 3C
ID: 316, Data: 85 26 A4 2C 21 1B 3D 7B
ID: 316, Data: 85 25 8B 2C 1D 1B 3D 7B
ID: 5F0, Data: 20 0
ID: 316, Data: 85 24 8B 2C 1D 1B 3D 7B
ID: 153, Data: 80 0 0 FF 0 FF 0 0
ID: 260, Data: 8B 23 1E 30 58 FF D2 13
ID: 280, Data: 830 0 88 AC 58 14 6C 35
ID: 43F, Data: 843 48 60 FF 62 2C 2C 0
ID: 440, Data: 8FE C3 3D A0 FF AA AA AA
ID: 153, Data: 80 0 0 FF 0 FF 0 0
ID: 280, Data: 830 0 88 AC 58 13 6C 32
ID: 316, Data: 85 20 F4 2B 20 1C 3D 7B
ID: A1, Data: 88E 79 8E 78 18 0 0 0
ID: 43F, Data: 843 48 60 FF 61 4 2C 0
ID: 43F, Data: 843 48 60 FF 61 0 2C 0
ID: 1F1, Data: 80 BC E4 31 1E EB D1 1E
ID: 153, Data: 80 0 0 FF 0 FF 0 0
ID: 316, Data: 85 29 26 2C 30 1B 3D 7B
ID: 316, Data: 85 2C 71 2C 30 1B 3D 7B
ID: 260, Data: 8B 2D 30 30 58 FF D0 35
ID: 43F, Data: 843 48 60 FF 61 8C 2C 0
ID: 43F, Data: 843 48 60 FF 61 8 2C 0
ID: 153, Data: 80 0 0 FF 0 FF 0 0
ID: 316, Data: 85 30 F1 2C 2F 1B 3D 7B
ID: 316, Data: 85 30 D7 2C 2F 1B 3D 7B
ID: 2A0, Data: 861 15 6C 18 30 0 F 0
ID: 43F, Data: 843 48 60 FF 62 0 2C 0
ID: 316, Data: 85 31 B 2D 34 1A 3D 7B
ID: 280, Data: 830 0 88 AC 5A 1D 6C 4B
ID: 153, Data: 80 0 0 FF 0 FF 0 0
ID: 316, Data: 85 35 B 2D 36 1A 3D 7B
ID: 316, Data: 85 36 3F 2D 36 1A 3D 7B
ID: 316, Data: 85 37 3F 2D 36 1A 3D 7B
ID: 153, Data: 80 0 0 FF 0 FF 0 0
ID: 316, Data: 85 39 59 2D 36 1A 3D 7B
ID: 153, Data: 80 0 0 FF 0 FF 0 0
ID: 18F, Data: 8AA 36 0 0 0 0 0 0
ID: 316, Data: 85 39 3F 2D 36 19 3D 7B
ID: 316, Data: 85 3A 59 2D 36 19 3D 7B
ID: A0, Data: 83E 7A 59 2D 3E 36 2 0
ID: 153, Data: 80 0 0 FF 0 FF 0 0
ID: 316, Data: 85 3A 59 2D 36 19 3D 7B
ID: 153, Data: 80 0 0 FF 0 FF 0 0
ID: 280, Data: 830 0 88 AD 5A 23 6C 56
ID: 316, Data: 85 3A 59 2D 2E 19 3D 7B
ID: 5F0, Data: 20 0
ID: 316, Data: 85 39 74 2D 2D 19 3D 7B
ID: 153, Data: 80 0 0 FF 0 FF 0 0
ID: A0, Data: 83C 7A 74 2D 3E 35 2 0
ID: 316, Data: 85 35 74 2D 2D 1A 3D 7B
ID: 18F, Data: 8AA 36 0 0 0 0 0 0
ID: 43F, Data: 843 48 60 FF 61 5C 2C 0
ID: 153, Data: 80 0 0 FF 0 FF 0 0
ID: 316, Data: 85 32 59 2D 2D 1A 3D 7B
ID: 1F0, Data: 8F9 3F FD BF 0 0 0 0
ID: 280, Data: 830 0 88 AD 5A 1D 6C 4B
ID: A0, Data: 832 7A 3F 2D 3E 33 2 0
ID: 43F, Data: 843 48 60 FF 62 6C 2C 0
ID: 440, Data: 8FE B3 3D A0 FF AA AA AA
ID: 153, Data: 80 0 0 FF 0 FF 0 0
ID: 153, Data: 80 0 0 FF 0 FF 0 0
ID: 316, Data: 85 31 74 2D 31 1B 3D 7B
ID: 153, Data: 80 0 0 FF 0 FF 0 0
ID: 316, Data: 85 32 74 2D 32 1A 3E 7C
ID: 316, Data: 85 33 74 2D 32 1A 3E 7C
ID: 18F, Data: 8AA 36 0 0 0 0 0 0
ID: 316, Data: 85 33 8E 2D 33 1A 3E 7C
ID: 153, Data: 80 0 0 FF 0 FF 0 0
ID: 316, Data: 85 34 8E 2D 33 1A 3E 7C
ID: 316, Data: 85 35 8E 2D 33 1A 3E 7C
ID: 280, Data: 830 0 88 AD 5B 20 6C 51
ID: 43F, Data: 843 48 60 FF 61 94 2C 0
ID: 545, Data: 8E4 A8 0 8D F7 1 F7 1
ID: 316, Data: 85 37 C4 2D 39 1A 3E 7C
ID: 316, Data: 85 38 C4 2D 3A 1A 3E 7C
ID: 2A0, Data: 8C1 16 6C 18 30 0 F 0
ID: 316, Data: 85 3A FA 2D 39 1A 3E 7C
ID: 316, Data: 85 3B FA 2D 39 1A 3E 7C
ID: A0, Data: 840 7A FA 2D 3E 37 2 0
ID: 316, Data: 85 40 15 2E 45 23 3E 7C
ID: 316, Data: 85 43 30 2E 44 22 3E 7C
ID: 43F, Data: 843 48 60 FF 61 E8 2C 0
ID: 316, Data: 85 45 4B 2E 43 22 3E 7C
ID: 153, Data: 80 0 0 FF 0 FF 0 0
ID: 316, Data: 85 46 FA 2D 43 22 3E 7C
ID: 153, Data: 80 0 0 FF 0 FF 0 0
ID: 153, Data: 80 0 0 FF 0 FF 0 0
ID: 316, Data: 85 46 FA 2D 43 21 3E 7C
ID: 153, Data: 80 0 0 FF 0 FF 0 0
ID: 545, Data: 8E4 DC 0 8D 89 2 89 2
ID: 316, Data: 845 46 A9 2D 44 21 3E 7C
ID: 280, Data: 830 0 88 AD 5A 2A 6B 68
ID: 316, Data: 845 46 8E 2D 44 21 3F 7C
ID: 329, Data: 8ED AD 80 8 11 43 1E 26
ID: 316, Data: 845 45 DF 2D 44 21 3F 7C
ID: 18F, Data: 8AA 35 0 0 0 0 0 0
ID: 43F, Data: 843 48 60 FF 61 8C 2D 0
ID: 43F, Data: 843 48 60 FF 61 80 2D 0
ID: 43F, Data: 843 48 60 FF 62 88 2D 0
ID: 153, Data: 80 0 0 FF 0 FF 0 0
ID: 316, Data: 845 45 15 2E 43 22 3F 7C
ID: 153, Data: 80 0 0 FF 0 FF 0 0
ID: 43F, Data: 843 48 60 FF 62 B0 2D 0
ID: 329, Data: 8ED AD 80 8 11 44 1E 26
ID: 5A0, Data: 80 0 0 90 0 0 0 0
ID: 329, Data: 8B AD 80 8 11 44 1E 26
ID: 153, Data: 80 0 0 FF 0 FF 0 0
ID: 316, Data: 845 45 67 2E 43 22 3F 7C
ID: 316, Data: 845 45 4B 2E 43 22 3F 7C
ID: 43F, Data: 843 48 60 FF 62 E8 2D 0
ID: 316, Data: 845 45 67 2E 43 22 3F 7C
ID: 153, Data: 80 0 0 FF 0 FF 0 0
ID: 329, Data: 8B AD 80 8 11 44 1E 26
ID: 316, Data: 845 45 82 2E 43 22 40 7C
ID: 2A0, Data: 81 19 6B 18 30 0 F 0
ID: 440, Data: 8FE 63 40 A0 FF AA AA AA
ID: 43F, Data: 843 48 60 FF 62 1C 2E 0
ID: 153, Data: 80 0 0 FF 0 FF 0 0
ID: 316, Data: 845 45 82 2E 43 22 40 7C
ID: 153, Data: 80 0 0 FF 0 FF 0 0
ID: A1, Data: 886 7C 7D 7C 30 0 0 0
ID: 329, Data: 8B AD 80 8 11 44 1E 26
ID: 153, Data: 80 0 0 FF 0 FF 0 0
ID: 153, Data: 80 0 0 FF 0 FF 0 0
ID: 18F, Data: 8AA 3B 0 0 0 0 0 0
ID: 316, Data: 845 45 F2 2E 43 22 40 7C
ID: 153, Data: 80 0 0 FF 0 FF 0 0
ID: 316, Data: 845 45 F2 2E 43 22 40 7C
ID: 260, Data: 8B 45 43 30 58 FF C3 8
ID: 153, Data: 80 0 0 FF 0 FF 0 0
ID: 545, Data: 8E4 DD 0 8D 5C 2 5C 2
ID: 316, Data: 845 44 F 2F 43 22 40 7C
ID: 545, Data: 8E4 DC 0 8D 54 2 54 2
ID: 153, Data: 80 0 0 FF 0 FF 0 0
ID: 153, Data: 80 0 0 FF 0 FF 0 0
ID: 316, Data: 845 44 48 2F 43 22 41 7C
ID: 43F, Data: 843 48 60 FF 62 CC 2E 0
ID: 316, Data: 845 43 48 2F 43 22 41 7C
ID: 153, Data: 80 0 0 FF 0 FF 0 0
ID: 1F1, Data: 80 9A 5 12 20 D E2 20
ID: 43F, Data: 843 48 60 FF 62 EC 2E 0
ID: 316, Data: 845 44 48 2F 43 22 41 7C
ID: 5F0, Data: 20 0
ID: 316, Data: 845 44 81 2F 43 22 41 7C
ID: 153, Data: 80 0 0 FF 0 FF 0 0
ID: 1F1, Data: 80 DE 5 32 20 10 F2 20
ID: 43F, Data: 843 48 60 FF 62 20 2F 0
ID: 316, Data: 845 43 9E 2F 43 22 41 7C
ID: 316, Data: 845 44 9E 2F 42 22 41 7C
ID: 153, Data: 80 0 0 FF 0 FF 0 0
ID: 545, Data: 8E4 DA 0 8D 4C 2 4C 2
ID: 316, Data: 845 43 BB 2F 43 22 41 7C
ID: 2A0, Data: 81 1A 6B 18 30 0 F 0
ID: 316, Data: 845 43 BB 2F 42 22 41 7C
ID: 153, Data: 80 0 0 FF 0 FF 0 0
ID: 316, Data: 845 43 BB 2F 42 22 41 7C
ID: A0, Data: 849 7B BB 2F 42 3A 2 0
ID: 316, Data: 845 43 D8 2F 41 22 41 7C
ID: 280, Data: 830 0 88 AE 5F 28 6B 65
ID: 153, Data: 80 0 0 FF 0 FF 0 0
ID: 2A0, Data: 861 1B 6B 18 30 0 F 0
ID: 316, Data: 845 42 F6 2F 41 22 42 7C
ID: 280, Data: 830 0 88 AE 5F 27 6B 64
ID: 316, Data: 845 42 D8 2F 42 23 42 7C
ID: 260, Data: 8B 42 42 30 58 FF C3 C
ID: 316, Data: 845 41 F6 2F 42 23 42 7C
ID: 280, Data: 830 0 88 AE 5F 27 6B 63
ID: 153, Data: 80 0 0 FF 0 FF 0 0
ID: 2A0, Data: 8C1 1B 6B 18 30 0 F 0
ID: 316, Data: 845 41 6D 30 41 23 42 7C
ID: 280, Data: 830 0 88 AE 60 27 6B 63
ID: 316, Data: 845 41 4F 30 41 23 42 7C
ID: 260, Data: 8B 42 41 30 58 FF C3 3A
ID: 316, Data: 845 41 31 30 41 23 42 7C
ID: A0, Data: 847 7B 4F 30 42 3A 2 0
ID: 153, Data: 80 0 0 FF 0 FF 0 0
ID: 316, Data: 845 41 4F 30 41 23 42 7C
ID: 316, Data: 845 41 4F 30 41 23 42 7C
ID: 43F, Data: 843 48 60 FF 62 F0 2F 0
ID: 43F, Data: 843 48 60 FF 62 0 30 0
ID: 440, Data: 8FE C3 42 A0 FF AA AA AA
ID: 316, Data: 845 41 6D 30 41 23 42 7C
ID: 153, Data: 80 0 0 FF 0 FF 0 0
ID: 440, Data: 8FE 13 42 A0 FF AA AA AA
ID: 43F, Data: 843 48 60 FF 62 20 30 0
ID: A1, Data: 884 7C 7E 7C 2F 0 0 0
ID: 153, Data: 80 0 0 FF 0 FF 0 0
ID: 316, Data: 845 3C 6D 30 36 23 43 7C
ID: 153, Data: 80 0 0 FF 0 FF 0 0
ID: A0, Data: 83F 7B 8B 30 43 38 2 0
ID: 316, Data: 845 39 6D 30 36 24 43 7C
ID: 2A0, Data: 81 1B 6B 18 30 0 F 0
ID: 316, Data: 845 38 8B 30 36 24 43 7C
ID: 1F0, Data: 8F7 3F FD BF 0 0 0 0
ID: 370, Data: 8FF DE F0 FF FF FF FF FF
ID: 43F, Data: 843 48 60 FF 62 28 30 0
ID: 316, Data: 845 38 8B 30 36 24 43 7C
ID: 316, Data: 845 38 8B 30 36 24 43 7C
ID: 260, Data: 8B 38 37 30 58 FF C8 2C
ID: 153, Data: 80 0 0 FF 0 FF 0 0
ID: A0, Data: 83B 7B 8B 30 43 36 2 0
ID: 316, Data: 845 36 C7 30 36 24 43 7C
ID: 18F, Data: 8AA 40 0 0 0 0 0 0
ID: 316, Data: 845 36 A9 30 36 24 43 7C
ID: 153, Data: 80 0 0 FF 0 FF 0 0
ID: 260, Data: 8B 37 37 30 58 FF C8 3C
ID: 316, Data: 845 37 A9 30 41 24 43 7C
ID: 43F, Data: 843 48 60 FF 62 4C 30 0
ID: 316, Data: 845 42 A9 30 C7 23 43 7C
ID: 153, Data: 80 0 0 FF 0 FF 0 0
ID: 329, Data: 8ED AE 80 8 11 5D BA 26
ID: 316, Data: 845 8D 42 31 DD 20 43 7C
ID: 5F0, Data: 20 0
ID: 316, Data: 845 A6 48 33 DD 1F 43 7C
ID: 153, Data: 80 0 0 FF 0 FF 0 0
ID: 153, Data: 80 0 0 FF 0 FF 0 0
ID: 2A0, Data: 861 2A 6B 18 30 0 F 0
ID: 316, Data: 845 CA A1 34 DE 20 44 7C
ID: 18F, Data: 8AA 40 0 0 0 0 0 0
ID: 153, Data: 80 0 0 FF 0 FF 0 0
ID: 316, Data: 845 D1 E8 35 DE 20 46 7C
ID: A0, Data: 8EE 7B E8 35 46 B9 2 0
ID: 316, Data: 845 D0 F1 36 DE 21 46 7C
ID: 260, Data: 8B D2 E0 30 58 FF 93 3B
ID: 153, Data: 80 0 0 FF 0 FF 0 0
ID: A0, Data: 8F2 7B 8E 37 47 BA 2 0
ID: 440, Data: 8FE C3 48 A0 FF AA AA AA
ID: 260, Data: 8B D3 E1 30 58 FF 93 C
ID: 316, Data: 85 D1 23 3A DF 18 49 7C
ID: 280, Data: 830 0 88 AE 74 7D 6B D5
ID: 43F, Data: 843 48 60 FF 62 F4 35 0
ID: 329, Data: 8B AE 80 8 11 D6 CF 26
ID: 153, Data: 80 0 0 FF 0 FF 0 0
ID: 316, Data: 85 D1 E1 3B DF 19 4B 7C
ID: 153, Data: 80 0 0 FF 0 FF 0 0
ID: 280, Data: 830 0 88 AE 78 7E 6B D3
ID: 316, Data: 85 D1 3D 3C DF 19 4C 7C
ID: 43F, Data: 83 48 60 FF 61 18 38 0
ID: 43F, Data: 83 48 60 FF 61 84 38 0
ID: 280, Data: 830 0 88 AE 7A 7E 6B D1
ID: A0, Data: 8F6 7B 29 3D 4E BE 2 0
ID: 316, Data: 85 D3 EB 3D E0 1A 4E 7C
ID: 316, Data: 85 D3 1C 3E E0 1A 4F 7C
ID: 43F, Data: 83 48 60 FF 61 F4 39 0
ID: 316, Data: 85 D4 80 3E E0 1A 50 7C
ID: 18F, Data: 8AA 3E 0 0 0 0 0 0
ID: 316, Data: 85 D4 4A 3F E1 1A 50 7C
ID: 153, Data: 80 0 0 FF 0 FF 0 0
ID: 316, Data: 85 D6 B1 3F E1 1A 51 7C
ID: 316, Data: 85 D4 4F 40 E2 1A 52 7C
ID: A0, Data: 8F0 7B B1 3F 52 BB 2 0
ID: 43F, Data: 83 48 60 FF 61 68 3C 0
ID: 316, Data: 85 D6 EF 40 E2 1A 53 7C
ID: A1, Data: 881 80 82 7F 62 0 0 0
ID: 316, Data: 85 D8 CA 41 E3 1B 54 7C
ID: 153, Data: 80 0 0 FF 0 FF 0 0
ID: A0, Data: 8F9 7B 5C 41 54 A7 2 0
ID: 316, Data: 85 D8 71 42 E3 1B 55 7C
ID: 153, Data: 80 0 0 FF 0 FF 0 0
ID: 316, Data: 85 D8 E3 42 E0 1B 56 7C
ID: 153, Data: 80 0 0 FF 0 FF 0 0
ID: 316, Data: 85 DA 91 43 D7 1B 57 7C
ID: 153, Data: 80 0 0 FF 0 FF 0 0
ID: 260, Data: 8B DC CC 30 58 FF 8D 2F
ID: 316, Data: 85 D7 42 44 C3 1B 58 7C
ID: 153, Data: 80 0 0 FF 0 FF 0 0
ID: 5F0, Data: 20 0
ID: 153, Data: 80 0 0 FF 0 FF 0 0
ID: 43F, Data: 83 48 60 FF 62 30 41 0
ID: 5F0, Data: 20 0
ID: 43F, Data: 83 48 60 FF 61 98 41 0
ID: 153, Data: 80 0 0 FF 0 FF 0 0
ID: 316, Data: 85 A4 BA 44 71 1B 5B 7C
ID: 153, Data: 80 0 0 FF 0 FF 0 0
ID: 1F1, Data: 80 12 D4 2 2D E7 82 2E
ID: 43F, Data: 83 48 60 FF 61 70 41 0
ID: 370, Data: 8FF DE F0 FF FF FF FF FF
ID: 316, Data: 85 2A 5C 41 A 1E 5C 7C
ID: 18F, Data: 8AA 3A 0 0 0 0 0 0
ID: 43F, Data: 83 48 60 FF 61 34 41 0
ID: 153, Data: 80 0 0 FF 0 FF 0 0
ID: 153, Data: 80 0 0 FF 0 FF 0 0
ID: 316, Data: 85 1D EF 40 A 1F 5B 7C
ID: 18F, Data: 8AA 39 0 0 0 0 0 0
ID: 316, Data: 85 1C EF 40 A 1F 5B 7C
ID: 153, Data: 80 0 0 FF 0 FF 0 0
ID: 153, Data: 80 0 0 FF 0 FF 0 0
ID: 370, Data: 8FF DE F0 FF FF FF FF FF
ID: A0, Data: 81F 7B EF 40 5C 31 2 0
ID: 316, Data: 85 19 1A 40 A 1F 5B 7C
ID: 545, Data: 8E4 9A 0 8D 9B FF 9B FF
ID: 153, Data: 80 0 0 FF 0 FF 0 0
ID: 316, Data: 85 1A E5 3F A 1E 5A 7C
ID: 153, Data: 80 0 0 FF 0 FF 0 0
ID: 316, Data: 85 1B 4F 40 A 1E 5A 7C
ID: 316, Data: 85 1C 4F 40 A 1E 5A 7C
ID: 329, Data: 8ED AF 80 8 11 3E 0 26
ID: 1F0, Data: 8FD 3F FD BF 0 0 0 0
ID: 153, Data: 80 0 0 FF 0 FF 0 0
ID: 316, Data: 85 1C 1A 40 A 1E 5A 7C
ID: 153, Data: 80 0 0 FF 0 FF 0 0
ID: 153, Data: 80 0 0 FF 0 FF 0 0
ID: 316, Data: 85 1D 1A 40 A 1E 5A 7C
ID: 153, Data: 80 0 0 FF 0 FF 0 0
ID: 316, Data: 85 1D 1A 40 A 1E 59 7C
ID: 43F, Data: 83 48 60 FF 62 18 40 0
ID: 316, Data: 85 1D B1 3F A 1E 59 7C
ID: 153, Data: 80 0 0 FF 0 FF 0 0
ID: 153, Data: 80 0 0 FF 0 FF 0 0
ID: 316, Data: 8D 1A 7D 3F A 1E 59 7C
ID: A0, Data: 827 7B 7D 3F 5A 34 4 0
ID: 153, Data: 80 0 0 FF 0 FF 0 0
ID: 316, Data: 8D 11 4E 3E A 1E 59 7C
ID: 43F, Data: 83 48 60 FF 62 60 3F 0
ID: 316, Data: 8D B 80 3E A 1E 58 7C
ID: 260, Data: 80 5 A 30 58 FF 7E E
ID: 18F, Data: 8AA 37 0 0 0 0 0 0
ID: 153, Data: 80 0 0 FF 0 FF 0 0
ID: 260, Data: 80 0 A 30 58 FF 7E 30
ID: 316, Data: 8D 0 89 3D A 1E 58 7C
ID: 18F, Data: 8AA 37 0 0 0 0 0 0
ID: 43F, Data: 843 48 60 FF 62 A4 3E 0
ID: 18F, Data: 8AA 37 0 0 0 0 0 0
ID: 43F, Data: 843 48 60 FF 62 7C 3E 0
ID: 153, Data: 80 0 0 FF 0 FF 0 0
ID: 1F0, Data: 8FC 3F FD BF 0 0 0 0
ID: 316, Data: 8D 0 29 3D A 1E 57 7C
ID: 316, Data: 8D 0 F9 3C A 1E 57 7C
ID: 316, Data: 8D 0 F9 3C A 1E 57 7C
ID: 280, Data: 830 0 20 AF 79 18 68 3C
ID: 43F, Data: 843 48 60 FF 62 D0 3D 0
ID: 43F, Data: 843 48 60 FF 62 B8 3D 0
ID: A0, Data: 82B 7B CA 3C 57 35 4 0
ID: 153, Data: 80 0 0 FF 0 FF 0 0
ID: 316, Data: 8D 0 3D 3C A 1D 56 7C
ID: 153, Data: 80 0 0 FF 0 FF 0 0
ID: 316, Data: 8D 0 F 3C A 1D 55 7C
ID: 153, Data: 80 0 0 FF 0 FF 0 0
ID: 440, Data: 8FE 13 55 A0 FF AA AA AA
ID: 153, Data: 80 0 0 FF 0 FF 0 0
ID: 545, Data: 8E4 0 0 8D F2 FD F2 FD
ID: 43F, Data: 843 48 60 FF 62 AC 3C 0
ID: 18F, Data: 8AA 37 0 0 0 0 0 0
ID: 316, Data: 8D 0 86 3B A 1D 54 7C
ID: 153, Data: 80 0 0 FF 0 FF 0 0
ID: 153, Data: 80 0 0 FF 0 FF 0 0
ID: 1F1, Data: 80 BC 98 52 29 A4 42 2A
ID: A1, Data: 880 7F 80 7D 1C 0 0 0
ID: 43F, Data: 843 48 60 FF 63 DC 3B 0
ID: 43F, Data: 843 48 60 FF 62 D0 3B 0
ID: 2A0, Data: 8E0 29 68 18 30 0 F 0
ID: 316, Data: 8D 0 D2 3A A 1D 53 7C
ID: 316, Data: 8D 0 A6 3A A 1D 53 7C
ID: 280, Data: 830 0 20 AF 75 17 68 3C
ID: A0, Data: 82A 7B D2 3A 54 34 4 0
ID: 153, Data: 80 0 0 FF 0 FF 0 0
ID: 316, Data: 8D 0 7A 3A A 1D 53 7C
ID: 153, Data: 80 0 0 FF 0 FF 0 0
ID: 316, Data: 8D 0 23 3A A 1D 52 7C
ID: 316, Data: 8D 0 F8 39 A 1D 52 7C
ID: 153, Data: 80 0 0 FF 0 FF 0 0
ID: 280, Data: 830 0 20 AF 73 16 68 3B
ID: 316, Data: 8D 0 78 39 18 1D 52 7C
ID: 5F0, Data: 20 0
ID: 316, Data: 85 22 CD 39 25 1D 51 7C
ID: 43F, Data: 843 48 60 FF 63 94 3A 0
ID: 316, Data: 85 22 2B 3B 27 1E 51 7C
ID: 5F0, Data: 20 0
ID: 316, Data: 85 24 2B 3B 27 1D 51 7C
ID: 440, Data: 8FE B3 51 A0 FF AA AA AA
ID: 153, Data: 80 0 0 FF 0 FF 0 0
ID: 5F0, Data: 20 0
ID: 316, Data: 85 28 7A 3A 27 1D 51 7C
ID: 153, Data: 80 0 0 FF 0 FF 0 0
ID: 2A0, Data: 8C1 22 68 18 30 0 F 0
ID: 316, Data: 85 29 7A 3A 27 1D 51 7C
ID: 280, Data: 830 0 88 AE 75 18 68 3C
ID: 440, Data: 8FE 63 51 A0 FF AA AA AA
ID: 316, Data: 85 29 7A 3A 27 1D 51 7C
ID: 316, Data: 85 28 7A 3A 27 1D 51 7C
ID: 280, Data: 830 0 88 AE 74 18 68 3B
ID: 153, Data: 80 0 0 FF 0 FF 0 0
ID: 316, Data: 85 28 4F 3A 22 1D 51 7C
ID: 316, Data: 85 27 23 3A 21 1D 51 7C
ID: 18F, Data: 8AA 36 0 0 0 0 0 0
ID: 43F, Data: 843 48 60 FF 63 E0 39 0
ID: 153, Data: 80 0 0 FF 0 FF 0 0
ID: 316, Data: 85 24 F8 39 21 1D 50 7C
ID: 316, Data: 85 24 F8 39 21 1D 50 7C
ID: 260, Data: 8B 24 21 30 58 FF CA 17
ID: 370, Data: 8FF DE F0 FF FF FF FF FF
ID: 2A0, Data: 81 1E 68 18 30 0 F 0
ID: 5F0, Data: 20 0
ID: 316, Data: 85 23 CD 39 22 1D 50 7C
ID: 43F, Data: 843 48 60 FF 63 80 39 0
ID: 2A0, Data: 861 1E 68 18 30 0 F 0
ID: 153, Data: 80 0 0 FF 0 FF 0 0
ID: 316, Data: 85 23 A3 39 24 1D 50 7C
ID: 153, Data: 80 0 0 FF 0 FF 0 0
ID: 280, Data: 830 0 88 AE 73 15 68 35
ID: 316, Data: 85 24 A3 39 25 1D 50 7C
ID: 5F0, Data: 20 0
ID: 316, Data: 85 25 A3 39 26 1D 50 7C
ID: 440, Data: 8FE 63 4F A0 FF AA AA AA
ID: 260, Data: 8B 26 28 30 58 FF CA F
ID: 5F0, Data: 20 0
ID: 153, Data: 80 0 0 FF 0 FF 0 0
ID: 316, Data: 85 27 A3 39 29 1D 50 7C
ID: 43F, Data: 843 48 60 FF 63 38 39 0
ID: 260, Data: 8B 29 29 30 58 FF C9 C
ID: 153, Data: 80 0 0 FF 0 FF 0 0
ID: 329, Data: 8B AE 80 8 11 3F 17 26
ID: 316, Data: 85 29 78 39 29 1D 4F 7C
ID: 1F1, Data: 80 BB 75 12 27 82 22 28
ID: 5F0, Data: 20 0
ID: 280, Data: 830 0 88 AE 72 19 68 3D
ID: 316, Data: 85 2A 78 39 2A 1D 4F 7C
ID: 153, Data: 80 0 0 FF 0 FF 0 0
ID: 316, Data: 85 2A A3 39 2A 1D 4F 7C
ID: 1F1, Data: 80 11 71 F2 26 7C F2 27
ID: 280, Data: 830 0 88 AE 72 19 68 3E
ID: 316, Data: 85 2A 78 39 2A 1D 4F 7C
ID: 280, Data: 830 0 88 AE 72 19 68 3E
ID: 316, Data: 85 2A 78 39 2A 1D 4F 7C
ID: 316, Data: 85 2B 4E 39 2A 1D 4F 7C
ID: 153, Data: 80 0 0 FF 0 FF 0 0
ID: 316, Data: 85 2B 4E 39 2A 1D 4F 7C
ID: 1F0, Data: 8FE 3F FD BF 0 0 0 0
ID: 280, Data: 830 0 88 AE 72 1A 68 3E
ID: A0, Data: 82F 7B 4E 39 50 36 2 0
ID: 153, Data: 80 0 0 FF 0 FF 0 0
ID: 316, Data: 85 2D 78 39 34 1C 4F 7C
ID: 316, Data: 85 30 78 39 36 1C 4F 7C
ID: 545, Data: 8E4 D8 0 8D 93 1 93 1
ID: 43F, Data: 843 48 60 FF 63 F0 38 0
ID: 153, Data: 80 0 0 FF 0 FF 0 0
ID: A0, Data: 83C 7B CD 39 50 3A 2 0
ID: 43F, Data: 843 48 60 FF 63 F4 38 0
ID: 18F, Data: 8AA 35 0 0 0 0 0 0
ID: 316, Data: 85 37 CD 39 35 1C 4F 7C
ID: 440, Data: 8FE B3 4F A0 FF AA AA AA
ID: 316, Data: 85 37 CD 39 35 1C 4F 7C
ID: 153, Data: 80 0 0 FF 0 FF 0 0
ID: 316, Data: 85 37 CD 39 35 1C 4F 7C
ID: 316, Data: 85 37 CD 39 35 1C 4F 7C
ID: A0, Data: 83C 7A CD 39 50 3A 2 0
ID: 316, Data: 85 38 F8 39 35 1C 4F 7C
ID: 316, Data: 85 38 F8 39 35 1C 4F 7C
ID: 153, Data: 80 0 0 FF 0 FF 0 0
ID: 316, Data: 85 38 F8 39 35 1C 4F 7C
ID: 153, Data: 80 0 0 FF 0 FF 0 0
ID: 1F0, Data: 8FD 3F FD BF 0 0 0 0
ID: 316, Data: 85 38 23 3A 35 1C 4F 7C
ID: 316, Data: 85 38 F8 39 35 1C 4F 7C
ID: 43F, Data: 843 48 60 FF 63 3C 39 0
ID: 370, Data: 8FF DE F0 FF FF FF FF FF
ID: A1, Data: 883 79 86 78 25 0 0 0
ID: 316, Data: 85 37 23 3A 34 1C 4F 7C
ID: 316, Data: 85 37 F8 39 34 1C 4F 7C
ID: 43F, Data: 843 48 60 FF 63 44 39 0
ID: 316, Data: 85 37 F8 39 34 1C 50 7C
ID: 153, Data: 80 0 0 FF 0 FF 0 0
ID: 316, Data: 85 37 23 3A 34 1C 50 7C
ID: 153, Data: 80 0 0 FF 0 FF 0 0
ID: 316, Data: 85 36 23 3A 34 1C 50 7C
ID: 316, Data: 85 36 23 3A 34 1C 50 7C
ID: A1, Data: 885 79 8D 78 24 0 0 0
ID: 43F, Data: 843 48 60 FF 63 5C 39 0
ID: 43F, Data: 843 48 60 FF 63 5C 39 0
ID: 2A0, Data: 861 1D 68 18 30 0 F 0
ID: 316, Data: 85 36 23 3A 3F 26 50 7C
ID: 316, Data: 85 38 23 3A 3F 26 50 7C
ID: A0, Data: 83A 7A 23 3A 50 39 2 0
ID: 370, Data: 8FF DE F0 FF FF FF FF FF
ID: 316, Data: 85 40 A6 3A 40 26 50 7C
ID: 5A0, Data: 80 0 0 90 0 0 0 0
ID: 316, Data: 85 41 D2 3A 41 26 50 7C
ID: 153, Data: 80 0 0 FF 0 FF 0 0
ID: 260, Data: 8B 43 44 30 58 FF BE 3C
ID: 316, Data: 85 43 D2 3A 45 25 50 7C
ID: 43F, Data: 843 48 60 FF 63 B8 39 0
ID: 316, Data: 845 47 FF 3A 48 25 50 7C
ID: 370, Data: 8FF DE F0 FF FF FF FF FF
ID: 316, Data: 845 4A D2 3A 48 25 50 7C
ID: 153, Data: 80 0 0 FF 0 FF 0 0
ID: 280, Data: 830 0 88 AD 76 2C 68 63
ID: 43F, Data: 843 48 60 FF 63 C 3A 0
ID: A1, Data: 888 7C 88 7C 2F 0 0 0
ID: 316, Data: 845 4C 58 3B 48 25 51 7C
ID: 316, Data: 845 4D 58 3B 48 25 51 7C
ID: 43F, Data: 843 48 60 FF 63 28 3A 0
ID: 316, Data: 845 4E 58 3B 4F 25 51 7C
ID: 153, Data: 80 0 0 FF 0 FF 0 0
ID: 153, Data: 80 0 0 FF 0 FF 0 0
ID: 316, Data: 845 5C B3 3B 69 25 51 7C
ID: 153, Data: 80 0 0 FF 0 FF 0 0
ID: 2A0, Data: 861 20 68 18 30 0 F 0
ID: 316, Data: 845 6D F 3C 6B 24 51 7C
ID: 545, Data: 8E4 2B 2 8D 21 5 21 5
ID: 5F0, Data: 20 0
ID: 153, Data: 80 0 0 FF 0 FF 0 0
ID: 43F, Data: 843 48 60 FF 63 C 3B 0
ID: 5F0, Data: 20 0
ID: 43F, Data: 843 48 60 FF 63 54 3B 0
ID: 153, Data: 80 0 0 FF 0 FF 0 0
ID: A0, Data: 87E 7A F 3C 53 4B 2 0
ID: 316, Data: 845 83 CA 3C 8C 24 52 7C
ID: 316, Data: 845 86 29 3D 8D 24 53 7C
ID: 316, Data: 845 8B 29 3D 8E 24 53 7C
ID: A1, Data: 885 7E 86 7D 48 0 0 0
ID: 316, Data: 845 8C F9 3C 8E 23 53 7C
ID: 316, Data: 845 8C 29 3D 8E 23 53 7C
ID: 5F0, Data: 20 0
ID: 280, Data: 830 0 88 AD 7B 56 68 A4
ID: 153, Data: 80 0 0 FF 0 FF 0 0
ID: 316, Data: 845 9A 4E 3E 9B 24 54 7C
ID: A0, Data: 8AF 7A B2 3E 55 5F 2 0
ID: 316, Data: 845 9E 17 3F 9B 24 55 7C
ID: 329, Data: 885 AD 80 8 11 6B 59 26
ID: 370, Data: 8FF DB F0 FF FF FF FF FF
ID: 545, Data: 8E4 F5 2 8D 64 8 64 8
ID: 316, Data: 845 9C E5 3F 9B 24 56 7C
ID: 5F0, Data: 20 0
ID: 440, Data: 8FE 63 56 A0 FF AA AA AA
ID: 153, Data: 80 0 0 FF 0 FF 0 0
ID: 316, Data: 845 9B EF 40 9A 24 57 7C
ID: 153, Data: 80 0 0 FF 0 FF 0 0
ID: 43F, Data: 843 48 60 FF 63 7C 3F 0
ID: 280, Data: 830 0 88 AD 84 5C 68 A9
ID: 43F, Data: 843 48 60 FF 62 C4 3F 0
ID: 280, Data: 830 0 88 AD 85 5C 68 A8
ID: 153, Data: 80 0 0 FF 0 FF 0 0
ID: 316, Data: 845 99 1D 43 98 24 59 7C
ID: 316, Data: 845 9A 1D 43 98 24 59 7C
ID: 43F, Data: 843 48 60 FF 62 D4 40 0
ID: 316, Data: 845 9A CB 43 98 24 5A 7C
ID: 153, Data: 80 0 0 FF 0 FF 0 0
ID: 316, Data: 845 9A CB 43 97 24 5A 7C
ID: 316, Data: 845 9A 42 44 97 24 5A 7C
ID: 43F, Data: 83 48 60 FF 62 EC 41 0
ID: 316, Data: 845 9A BA 44 97 24 5B 7C
ID: 153, Data: 80 0 0 FF 0 FF 0 0
ID: 316, Data: 845 99 F7 44 97 24 5B 7C
ID: 316, Data: 845 99 F7 44 97 25 5C 7C
ID: 43F, Data: 83 48 60 FF 63 E0 42 0
ID: 153, Data: 80 0 0 FF 0 FF 0 0
ID: A0, Data: 8B0 7A 34 45 5C 5E 2 0
ID: 316, Data: 845 7D 34 45 12 25 5D 7C
ID: 18F, Data: 8AA 3C 0 0 0 0 0 0
ID: 316, Data: 845 3C E3 42 14 27 5D 7C
ID: 153, Data: 80 0 0 FF 0 FF 0 0
ID: 260, Data: 8B 2B 14 30 58 FF BE 2A
ID: 316, Data: 845 23 71 42 15 28 5D 7C
ID: A1, Data: 86A 7C 93 7C 15 0 0 0
ID: 316, Data: 845 1E 1 42 15 28 5D 7C
ID: 329, Data: 8B AD 80 8 11 39 0 26
ID: 316, Data: 845 1D CA 41 15 29 5D 7C
ID: 153, Data: 80 0 0 FF 0 FF 0 0
ID: A0, Data: 81E 7A 1 42 5E 31 2 0
ID: 545, Data: 8E4 86 0 8D FB FE FB FE
ID: 260, Data: 8B 19 15 30 58 FF 7E 11
ID: 5F0, Data: 20 0
ID: 329, Data: 8B AD 80 8 11 3C 0 26
ID: 316, Data: 845 1B B9 40 15 28 5D 7C
ID: 18F, Data: 8AA 3D 0 0 0 0 0 0
ID: 5F0, Data: 20 0
ID: 316, Data: 845 1D 84 40 15 28 5C 7C
ID: 43F, Data: 83 48 60 FF 63 10 42 0
ID: 370, Data: 8FF DB F0 FF FF FF FF FF
ID: 153, Data: 80 0 0 FF 0 FF 0 0
ID: 329, Data: 8ED AD 80 8 11 3B 0 26
ID: 316, Data: 845 1C 84 40 15 28 5C 7C
ID: 329, Data: 8B AD 80 8 11 3B 0 26
ID: 43F, Data: 83 48 60 FF 63 90 41 0
ID: 316, Data: 845 1C 1A 40 15 28 5B 7C
ID: A1, Data: 86C 7D 85 80 15 0 0 0
ID: 316, Data: 845 1B E5 3F 15 28 5B 7C
ID: 153, Data: 80 0 0 FF 0 FF 0 0
ID: 43F, Data: 83 48 60 FF 63 30 41 0
ID: A0, Data: 821 7A E5 3F 5C 32 2 0
ID: 5F0, Data: 20 0
ID: 316, Data: 84D 18 7D 3F 15 28 5B 7C
ID: 43F, Data: 83 48 60 FF 63 D8 40 0
ID: 153, Data: 80 0 0 FF 0 FF 0 0
ID: 153, Data: 80 0 0 FF 0 FF 0 0
ID: 153, Data: 80 0 0 FF 0 FF 0 0
ID: 260, Data: 80 E 15 30 58 FF 7D 37
ID: 329, Data: 8ED AD 80 8 11 3B 0 26
ID: 43F, Data: 83 48 60 FF 63 40 40 0
ID: 153, Data: 80 0 0 FF 0 FF 0 0
ID: 316, Data: 84D 0 4E 3E 15 28 5A 7C
ID: 43F, Data: 83 48 60 FF 63 F8 3F 0
ID: A1, Data: 880 7D 80 80 16 0 0 0
ID: 153, Data: 80 0 0 FF 0 FF 0 0
ID: 153, Data: 80 0 0 FF 0 FF 0 0
ID: 153, Data: 80 0 0 FF 0 FF 0 0
ID: A0, Data: 826 7A EB 3D 5A 33 4 0
ID: 329, Data: 8ED AD 80 8 11 3C 0 26
ID: A0, Data: 826 7A 89 3D 59 34 4 0
ID: 43F, Data: 83 48 60 FF 63 44 3F 0
ID: 43F, Data: 83 48 60 FF 63 34 3F 0
ID: 370, Data: 8FF DB F0 FF FF FF FF FF
ID: 440, Data: 8FE B3 58 A0 FF AA AA AA
ID: 316, Data: 84D 0 F9 3C 15 28 58 7C
ID: 43F, Data: 843 48 60 FF 63 D0 3E 0
ID: 316, Data: 84D 0 CA 3C 15 28 57 7C
ID: 153, Data: 80 0 0 FF 0 FF 0 0
ID: 316, Data: 84D 0 9B 3C 15 28 57 7C
ID: 316, Data: 84D 0 9B 3C 15 28 57 7C
ID: 18F, Data: 8AA 3E 0 0 0 0 0 0
ID: 43F, Data: 843 48 60 FF 63 2C 3E 0
ID: 153, Data: 80 0 0 FF 0 FF 0 0
ID: 43F, Data: 843 48 60 FF 63 F4 3D 0
ID: 316, Data: 84D 0 F 3C 15 28 56 7C
ID: 260, Data: 80 0 15 30 58 FF 7D 17
ID: 316, Data: 84D 0 E1 3B 15 27 56 7C
ID: 316, Data: 84D 0 B3 3B 15 27 56 7C
ID: A1, Data: 880 7F 80 7D 1A 0 0 0
ID: 43F, Data: 843 48 60 FF 63 6C 3D 0
ID: 153, Data: 80 0 0 FF 0 FF 0 0
ID: 43F, Data: 843 48 60 FF 63 2C 3D 0
ID: 316, Data: 84D 0 58 3B 15 27 55 7C
ID: 440, Data: 8FE 63 55 A0 FF AA AA AA
ID: 316, Data: 84D 0 2B 3B 15 27 55 7C
ID: 153, Data: 80 0 0 FF 0 FF 0 0
ID: 316, Data: 84D 0 FF 3A 15 27 55 7C
ID: 316, Data: 84D 0 A6 3A 15 27 54 7C
ID: A0, Data: 826 7B A6 3A 55 33 4 0
ID: 316, Data: 84D 0 A6 3A 15 27 54 7C
ID: 316, Data: 84D 0 7A 3A 15 27 54 7C
ID: A1, Data: 880 7F 80 7D 1B 0 0 0
ID: 316, Data: 84D 0 4F 3A 15 27 54 7C
ID: 316, Data: 84D 0 4F 3A 15 27 54 7C
ID: 1F1, Data: 80 CC 94 22 29 A0 2 2A
ID: 316, Data: 84D 0 23 3A 15 27 53 7C
ID: 2A0, Data: 820 12 67 18 30 0 F 0
ID: 43F, Data: 843 48 60 FF 63 7C 3B 0
ID: 316, Data: 84D 0 23 3A 15 27 53 7C
ID: 370, Data: 8FF DB F0 FF FF FF FF FF
ID: 316, Data: 84D 0 F8 39 15 27 53 7C
ID: 5F0, Data: 20 0
ID: 43F, Data: 843 48 60 FF 63 F0 3A 0
ID: 153, Data: 80 0 0 FF 0 FF 0 0
ID: 2A0, Data: 840 10 67 18 30 0 F 0
ID: 316, Data: 84D 0 CD 39 15 27 52 7C
ID: 316, Data: 84D 0 78 39 15 27 52 7C
ID: 316, Data: 84D 0 78 39 15 27 52 7C
ID: 329, Data: 8ED AD 80 8 11 3B 0 26
ID: 440, Data: 8FE 13 51 A0 FF AA AA AA
ID: 316, Data: 84D 0 24 39 15 26 51 7C
ID: 5F0, Data: 20 0
ID: 316, Data: 84D 0 D1 38 14 26 51 7C
ID: 153, Data: 80 0 0 FF 0 FF 0 0
ID: A0, Data: 826 7B FA 38 51 32 4 0
ID: 329, Data: 8ED AE 80 8 11 3B 0 26
ID: 440, Data: 8FE C3 50 A0 FF AA AA AA
ID: 316, Data: 84D 0 7F 38 14 26 50 7C
ID: 260, Data: 80 0 15 30 58 FF 7D 26
ID: 43F, Data: 843 48 60 FF 63 40 39 0
ID: 316, Data: 84D 0 56 38 15 26 50 7C
ID: 5F0, Data: 20 0
ID: 316, Data: 84D 0 5 38 15 26 4F 7C
ID: 43F, Data: 843 48 60 FF 63 D4 38 0
ID: 545, Data: 8E4 0 0 8D 55 FD 55 FD
ID: 153, Data: 80 0 0 FF 0 FF 0 0
ID: 153, Data: 80 0 0 FF 0 FF 0 0
ID: 316, Data: 84D 0 8E 37 A 1C 4F 7C
ID: 440, Data: 8FE C3 4E A0 FF AA AA AA
ID: 316, Data: 84D 0 3F 37 A 1C 4F 7C
ID: 5F0, Data: 20 0
ID: 153, Data: 80 0 0 FF 0 FF 0 0
ID: 370, Data: 8FF D8 F0 FF FF FF FF FF
ID: 43F, Data: 843 48 60 FF 63 D8 37 0
ID: 329, Data: 8ED AE 80 8 11 3B 0 26
ID: 153, Data: 80 0 0 FF 0 FF 0 0
ID: 316, Data: 8D 0 7E 36 A 1C 4D 7C
ID: 153, Data: 80 0 0 FF 0 FF 0 0
ID: 316, Data: 8D 0 7E 36 A 1C 4D 7C
ID: 316, Data: 8D 0 7E 36 A 1C 4D 7C
ID: 153, Data: 80 0 0 FF 0 FF 0 0
ID: 316, Data: 8D 0 59 36 A 1C 4D 7C
ID: 153, Data: 80 0 0 FF 0 FF 0 0
ID: 43F, Data: 843 48 60 FF 63 EC 36 0
ID: 316, Data: 8D 0 D 36 A 1C 4C 7C
ID: 18F, Data: 8AA 3F 0 0 0 0 0 0
ID: A1, Data: 880 7F 80 7D 1B 0 0 0
ID: 280, Data: 830 0 20 AE 6B 14 67 39
ID: 2A0, Data: 820 9 67 18 30 0 F 0
ID: 153, Data: 80 0 0 FF 0 FF 0 0
ID: 43F, Data: 843 48 60 FF 63 44 36 0
ID: 153, Data: 80 0 0 FF 0 FF 0 0
ID: 1F0, Data: 8FE 3F FD BF 0 0 0 0
ID: 5F0, Data: 20 0
ID: 316, Data: 8D 0 31 35 A 1C 4B 7C
ID: 43F, Data: 843 48 60 FF 63 D8 35 0
ID: 43F, Data: 843 48 60 FF 63 C0 35 0
ID: 18F, Data: 8AA 3E 0 0 0 0 0 0
ID: 316, Data: 8D 0 E8 34 A 1C 4B 7C
ID: 153, Data: 80 0 0 FF 0 FF 0 0
ID: 316, Data: 8D 0 A1 34 A 1C 4B 7C
ID: 43F, Data: 843 48 60 FF 63 4C 35 0
ID: 370, Data: 8FF DA F0 FF FF FF FF FF
ID: 18F, Data: 8AA 3D 0 0 0 0 0 0
ID: 153, Data: 80 0 0 FF 0 FF 0 0
ID: 316, Data: 8D 0 38 34 B 1C 4A 7C
ID: 153, Data: 80 0 0 FF 0 FF 0 0
ID: 316, Data: 8D 0 F2 33 B 1C 4A 7C
ID: 43F, Data: 843 48 60 FF 63 AC 34 0
ID: 370, Data: 8FF DB F0 FF FF FF FF FF
ID: 316, Data: 85 5 D0 33 18 1C 49 7C
ID: 153, Data: 80 0 0 FF 0 FF 0 0
ID: 316, Data: 85 20 8B 33 1F 1C 49 7C
ID: 316, Data: 85 1F C5 34 22 1D 49 7C
ID: 18F, Data: 8AA 3B 0 0 0 0 0 0
ID: 316, Data: 85 1E E8 34 23 1D 49 7C
ID: 43F, Data: 843 48 60 FF 63 A0 34 0
ID: 316, Data: 85 1F 7E 34 24 1D 49 7C
ID: 153, Data: 80 0 0 FF 0 FF 0 0
ID: 153, Data: 80 0 0 FF 0 FF 0 0
ID: 316, Data: 85 21 38 34 26 1C 49 7C
ID: 43F, Data: 843 48 60 FF 63 0 34 0
ID: 316, Data: 85 23 5B 34 26 1C 48 7C
ID: 18F, Data: 8AA 3B 0 0 0 0 0 0
ID: 153, Data: 80 0 0 FF 0 FF 0 0
ID: 316, Data: 85 24 A1 34 1C 1C 48 7C
ID: 545, Data: 8E4 97 0 8D 84 0 84 0
ID: 316, Data: 85 23 7E 34 1B 1C 48 7C
ID: 5F0, Data: 20 0
ID: 18F, Data: 8AA 3A 0 0 0 0 0 0
ID: 260, Data: 8B 20 20 30 58 FF D1 23
ID: 329, Data: 885 AE 80 8 11 38 11 26
ID: 316, Data: 85 1F AD 33 2B 1D 48 7C
ID: 316, Data: 85 23 8B 33 2F 1D 48 7C
ID: 43F, Data: 843 48 60 FF 63 B8 33 0
ID: 43F, Data: 843 48 60 FF 63 DC 33 0
ID: A1, Data: 88C 79 8E 78 1D 0 0 0
ID: 316, Data: 85 2E E8 34 34 1C 48 7C
ID: 316, Data: 85 30 31 35 34 1C 48 7C
ID: 43F, Data: 843 48 60 FF 63 E4 33 0
ID: 43F, Data: 843 48 60 FF 63 DC 33 0
ID: 260, Data: 8B 32 34 30 58 FF C9 15
ID: 153, Data: 80 0 0 FF 0 FF 0 0
ID: 260, Data: 8B 33 34 30 58 FF C8 6
ID: 316, Data: 85 33 C5 34 34 1B 48 7C
ID: A1, Data: 890 7A 90 78 25 0 0 0
ID: 43F, Data: 843 48 60 FF 63 DC 33 0
ID: 43F, Data: 843 48 60 FF 63 D8 33 0
ID: 260, Data: 8B 34 34 30 58 FF C8 23
ID: 153, Data: 80 0 0 FF 0 FF 0 0
ID: 545, Data: 8E4 D4 0 8D AE 1 AE 1
ID: 316, Data: 85 33 E8 34 33 1B 48 7C
ID: 545, Data: 8E4 D2 0 8D AC 1 AC 1
ID: 43F, Data: 843 48 60 FF 63 EC 33 0
ID: 1F1, Data: 80 88 37 82 23 49 82 24
ID: 440, Data: 8FE 13 48 A0 FF AA AA AA
ID: 316, Data: 85 33 E8 34 33 1B 48 7C
ID: 18F, Data: 8AA 38 0 0 0 0 0 0
ID: 43F, Data: 843 48 60 FF 63 0 34 0
ID: 153, Data: 80 0 0 FF 0 FF 0 0
ID: 153, Data: 80 0 0 FF 0 FF 0 0
ID: 5F0, Data: 20 0
ID: 153, Data: 80 0 0 FF 0 FF 0 0
ID: 153, Data: 80 0 0 FF 0 FF 0 0
ID: 260, Data: 8B 33 34 30 58 FF C8 33
ID: 316, Data: 85 33 E8 34 34 1B 48 7C
ID: 153, Data: 80 0 0 FF 0 FF 0 0
ID: 316, Data: 85 33 E8 34 33 1B 48 7C
ID: 316, Data: 85 33 E8 34 34 1B 48 7C
ID: 280, Data: 830 0 88 AE 6A 1E 67 4F
ID: 43F, Data: 843 48 60 FF 63 20 34 0
ID: 280, Data: 830 0 88 AE 6A 1E 67 4F
ID: 153, Data: 80 0 0 FF 0 FF 0 0
ID: 316, Data: 85 33 C 35 36 1B 48 7C
ID: 153, Data: 80 0 0 FF 0 FF 0 0
ID: 545, Data: 8E4 D3 0 8D A4 1 A4 1
ID: 316, Data: 85 33 C 35 37 1B 48 7C
ID: 280, Data: 830 0 88 AE 6A 1E 67 4F
ID: 153, Data: 80 0 0 FF 0 FF 0 0
ID: 43F, Data: 843 48 60 FF 63 24 34 0
ID: 5F0, Data: 20 0
ID: 545, Data: 8E4 B1 0 8D 10 1 10 1
ID: 329, Data: 885 AE 80 8 11 37 0 26
ID: 260, Data: 8B 26 A 30 58 FF CC D
ID: 5F0, Data: 20 0
ID: 316, Data: 85 20 D0 33 B 1D 48 7C
ID: 43F, Data: 843 48 60 FF 63 D4 33 0
ID: 316, Data: 85 1E 8B 33 B 1D 48 7C
ID: 153, Data: 80 0 0 FF 0 FF 0 0
ID: 316, Data: 85 1C E3 32 C 1D 48 7C
ID: 43F, Data: 843 48 60 FF 63 A8 33 0
ID: 316, Data: 85 1A C2 32 F 1D 48 7C
ID: 153, Data: 80 0 0 FF 0 FF 0 0
ID: 5F0, Data: 20 0
ID: 316, Data: 85 21 8B 33 38 1D 48 7C
ID: 43F, Data: 843 48 60 FF 63 A8 33 0
ID: 43F, Data: 843 48 60 FF 63 AC 33 0
ID: 440, Data: 8FE 13 47 A0 FF AA AA AA
ID: 316, Data: 85 38 C 35 3F 1B 48 7C
ID: 153, Data: 80 0 0 FF 0 FF 0 0
ID: 43F, Data: 843 48 60 FF 63 DC 33 0
ID: 43F, Data: 843 48 60 FF 63 94 33 0
ID: 43F, Data: 843 48 60 FF 63 94 33 0
ID: A1, Data: 880 7C 80 7A 2B 0 0 0
ID: 316, Data: 85 41 C5 34 3F 1B 48 7C
ID: 316, Data: 85 41 C 35 3E 1B 48 7C
ID: 18F, Data: 8AA 36 0 0 0 0 0 0
ID: 43F, Data: 843 48 60 FF 63 C4 33 0
ID: 5F0, Data: 20 0
ID: 316, Data: 85 40 E8 34 3F 1B 48 7C
ID: 153, Data: 80 0 0 FF 0 FF 0 0
ID: 1F0, Data: 8FF 3F FD BF 0 0 0 0
ID: 545, Data: 8E4 EC 0 8D 95 2 95 2
ID: 370, Data: 8FF DB F0 FF FF FF FF FF
ID: 153, Data: 80 0 0 FF 0 FF 0 0
ID: 316, Data: 85 4B 79 35 52 1A 48 7C
ID: 316, Data: 85 4E 9E 35 52 19 48 7C
ID: 260, Data: 8B 50 53 30 58 FF BC 3
ID: 43F, Data: 843 48 60 FF 63 58 34 0
ID: 329, Data: 8ED AE 80 8 11 4B 32 26
ID: 153, Data: 80 0 0 FF 0 FF 0 0
ID: 316, Data: 85 54 D 36 52 19 49 7C
ID: 316, Data: 85 54 D 36 52 19 49 7C
ID: 153, Data: 80 0 0 FF 0 FF 0 0
ID: 153, Data: 80 0 0 FF 0 FF 0 0
ID: 18F, Data: 8AA 36 0 0 0 0 0 0
ID: 370, Data: 8FF DB F0 FF FF FF FF FF
ID: 153, Data: 80 0 0 FF 0 FF 0 0
ID: 370, Data: 8FF DB F0 FF FF FF FF FF
ID: 260, Data: 8B 54 3E 30 58 FF B9 27
ID: 153, Data: 80 0 0 FF 0 FF 0 0
ID: 18F, Data: 8AA 36 0 0 0 0 0 0
ID: 316, Data: 85 3D D 36 33 1B 49 7C
ID: 370, Data: 8FF DB F0 FF FF FF FF FF
ID: 329, Data: 885 AE 80 8 11 41 1D 26
ID: 153, Data: 80 0 0 FF 0 FF 0 0
ID: 260, Data: 8B 35 34 30 58 FF C6 33
ID: 316, Data: 85 34 E8 35 37 1B 4A 7C
ID: 43F, Data: 843 48 60 FF 63 18 35 0
ID: 316, Data: 85 33 C3 35 3A 1B 4A 7C
ID: 153, Data: 80 0 0 FF 0 FF 0 0
ID: 316, Data: 85 36 E8 35 3E 1B 4A 7C
ID: 153, Data: 80 0 0 FF 0 FF 0 0
ID: 1F1, Data: 80 55 47 82 24 53 72 25
ID: 316, Data: 85 3C 59 36 42 1B 4A 7C
ID: 153, Data: 80 0 0 FF 0 FF 0 0
ID: 43F, Data: 843 48 60 FF 63 3C 35 0
ID: 153, Data: 80 0 0 FF 0 FF 0 0
ID: 316, Data: 85 41 7E 36 42 1B 4A 7C
ID: 316, Data: 85 42 7E 36 42 1A 4A 7C
ID: A0, Data: 848 7B 7E 36 4B 3C 2 0
ID: 316, Data: 85 42 A5 36 42 1A 4A 7C
ID: 316, Data: 85 42 A5 36 3E 1A 4A 7C
ID: 153, Data: 80 0 0 FF 0 FF 0 0
ID: 316, Data: 85 40 A5 36 37 1A 4A 7C
ID: 153, Data: 80 0 0 FF 0 FF 0 0
ID: 280, Data: 830 0 88 AE 6C 24 67 5A
ID: 316, Data: 85 3C A5 36 37 1B 4A 7C
ID: 43F, Data: 843 48 60 FF 63 78 35 0
ID: 370, Data: 8FF DB F0 FF FF FF FF FF
ID: A0, Data: 83E 7B 7E 36 4B 39 2 0
ID: 153, Data: 80 0 0 FF 0 FF 0 0
ID: 316, Data: 85 38 7E 36 3A 1B 4B 7C
ID: 153, Data: 80 0 0 FF 0 FF 0 0
ID: 153, Data: 80 0 0 FF 0 FF 0 0
ID: 329, Data: 840 AE 80 8 11 43 25 26
ID: 153, Data: 80 0 0 FF 0 FF 0 0
ID: 153, Data: 80 0 0 FF 0 FF 0 0
ID: 545, Data: 8E4 E9 0 8D 60 2 60 2
ID: 43F, Data: 843 48 60 FF 63 CC 35 0
ID: 370, Data: 8FF DB F0 FF FF FF FF FF
ID: 5F0, Data: 20 0
ID: 2A0, Data: 861 1D 67 18 30 0 F 0
ID: 329, Data: 8B AE 80 8 11 46 27 26
ID: A1, Data: 877 7C 79 7C 2C 0 0 0
ID: 153, Data: 80 0 0 FF 0 FF 0 0
ID: 316, Data: 85 42 A5 36 42 1A 4B 7C
ID: 43F, Data: 843 48 60 FF 63 0 36 0
ID: 153, Data: 80 0 0 FF 0 FF 0 0
ID: A0, Data: 848 7B A5 36 4B 3C 2 0
ID: 370, Data: 8FF DB F0 FF FF FF FF FF
ID: 18F, Data: 8AA 35 0 0 0 0 0 0
ID: 316, Data: 85 43 CB 36 3D 1A 4B 7C
ID: 316, Data: 85 42 CB 36 3A 1A 4B 7C
ID: 329, Data: 840 AE 80 8 11 45 22 26
ID: 153, Data: 80 0 0 FF 0 FF 0 0
ID: 43F, Data: 843 48 60 FF 63 38 36 0
ID: 316, Data: 85 3D CB 36 3A 1B 4B 7C
ID: 2A0, Data: 81 1E 67 18 30 0 F 0
ID: 316, Data: 85 3C F1 36 3A 1B 4C 7C
ID: 153, Data: 80 0 0 FF 0 FF 0 0
ID: 153, Data: 80 0 0 FF 0 FF 0 0
ID: 316, Data: 85 3B F1 36 3B 1B 4C 7C
ID: 43F, Data: 843 48 60 FF 63 60 36 0
ID: 18F, Data: 8AA 35 0 0 0 0 0 0
ID: 153, Data: 80 0 0 FF 0 FF 0 0
ID: 5F0, Data: 20 0
ID: A1, Data: 873 7C 76 7C 29 0 0 0
ID: 18F, Data: 8AA 35 0 0 0 0 0 0
ID: 18F, Data: 8AA 35 0 0 0 0 0 0
ID: 316, Data: 85 3C 18 37 41 1B 4C 7C
ID: 316, Data: 85 3D 18 37 42 1B 4C 7C
ID: A0, Data: 842 7B 18 37 4C 3B 2 0
ID: 316, Data: 85 40 3F 37 44 1B 4C 7C
ID: 316, Data: 85 41 66 37 44 1B 4C 7C
ID: A0, Data: 845 7B 3F 37 4C 3D 2 0
ID: 316, Data: 85 43 8E 37 44 1A 4C 7C
ID: 280, Data: 830 0 88 AE 6E 28 67 60
ID: 316, Data: 85 44 66 37 44 1A 4C 7C
ID: 316, Data: 85 44 3F 37 44 1A 4C 7C
ID: 43F, Data: 843 48 60 FF 63 A4 36 0
ID: 43F, Data: 843 48 60 FF 63 B8 36 0
ID: 153, Data: 80 0 0 FF 0 FF 0 0
ID: 316, Data: 85 46 3F 37 44 1A 4C 7C
ID: 1F1, Data: 80 54 56 A2 25 65 A2 26
ID: 329, Data: 8B AE 80 8 11 47 29 26
ID: 43F, Data: 843 48 60 FF 63 E4 36 0
ID: 316, Data: 85 46 66 37 3B 1A 4C 7C
ID: 2A0, Data: 861 21 67 18 30 0 F 0
ID: 316, Data: 85 41 3F 37 36 1A 4C 7C
ID: 316, Data: 85 3E 3F 37 35 1B 4C 7C
ID: 43F, Data: 843 48 60 FF 63 E8 36 0
ID: 43F, Data: 843 48 60 FF 63 F0 36 0
ID: A0, Data: 83E 7B 18 37 4D 39 2 0
ID: 316, Data: 85 37 66 37 36 1B 4D 7C
ID: 316, Data: 85 36 8E 37 35 1B 4D 7C
ID: 43F, Data: 843 48 60 FF 63 F8 36 0
ID: 316, Data: 85 36 8E 37 36 1B 4D 7C
ID: 153, Data: 80 0 0 FF 0 FF 0 0
ID: 316, Data: 85 36 8E 37 39 1B 4D 7C
ID: 1F0, Data: 82 40 FD BF 0 0 0 0
ID: 329, Data: 8B AE 80 8 11 42 23 26
ID: 316, Data: 85 37 B5 37 3C 1B 4D 7C
ID: 153, Data: 80 0 0 FF 0 FF 0 0
ID: 43F, Data: 843 48 60 FF 63 0 37 0
ID: 316, Data: 85 3B B5 37 3D 1B 4C 7C
ID: 153, Data: 80 0 0 FF 0 FF 0 0
ID: 43F, Data: 843 48 60 FF 63 C 37 0
ID: 2A0, Data: 8A1 21 67 18 30 0 F 0
ID: 43F, Data: 843 48 60 FF 63 10 37 0
ID: 43F, Data: 843 48 60 FF 63 C 37 0
ID: 2A0, Data: 8A1 21 67 18 30 0 F 0
ID: 316, Data: 85 3F 8E 37 3F 1B 4D 7C
ID: 153, Data: 80 0 0 FF 0 FF 0 0
ID: 316, Data: 85 3F 8E 37 3F 1B 4D 7C
ID: 5F0, Data: 20 0
ID: 43F, Data: 843 48 60 FF 63 24 37 0
ID: 18F, Data: 8AA 34 0 0 0 0 0 0
ID: 153, Data: 80 0 0 FF 0 FF 0 0
ID: 440, Data: 8FE C3 4C A0 FF AA AA AA
ID: 43F, Data: 843 48 60 FF 63 2C 37 0
ID: 316, Data: 85 40 B5 37 40 1B 4D 7C
ID: 153, Data: 80 0 0 FF 0 FF 0 0
ID: 153, Data: 80 0 0 FF 0 FF 0 0
ID: 5F0, Data: 20 0
ID: A0, Data: 847 7B B5 37 4D 3C 2 0
ID: 153, Data: 80 0 0 FF 0 FF 0 0
ID: 5F0, Data: 20 0
ID: 153, Data: 80 0 0 FF 0 FF 0 0
ID: A1, Data: 87A 7C 82 7C 2C 0 0 0
ID: 329, Data: 840 AE 80 8 11 46 26 26
ID: 545, Data: 8E4 3 1 8D A9 2 A9 2
ID: 316, Data: 85 41 DD 37 40 1B 4D 7C
ID: 316, Data: 85 41 B5 37 40 1B 4D 7C
ID: 280, Data: 830 0 88 AE 6F 27 67 5D
ID: 370, Data: 8FF E1 F0 FF FF FF FF FF
ID: 316, Data: 85 41 B5 37 40 1B 4D 7C
ID: 153, Data: 80 0 0 FF 0 FF 0 0
ID: 316, Data: 85 40 B5 37 40 1B 4D 7C
ID: 1F1, Data: 80 76 61 E2 25 6B 22 27
ID: 2A0, Data: 8A1 22 67 18 30 0 F 0
ID: 316, Data: 85 3F DD 37 49 24 4D 7C
ID: 1F0, Data: 82 40 FD BF 0 0 0 0
ID: 316, Data: 85 47 5 38 4A 24 4D 7C
ID: 153, Data: 80 0 0 FF 0 FF 0 0
ID: 316, Data: 85 4B A8 38 49 24 4D 7C
ID: 153, Data: 80 0 0 FF 0 FF 0 0
ID: 153, Data: 80 0 0 FF 0 FF 0 0
ID: 316, Data: 85 4D 7F 38 49 24 4D 7C
ID: 43F, Data: 843 48 60 FF 63 B4 37 0
ID: 316, Data: 85 4D 56 38 49 23 4D 7C
ID: 153, Data: 80 0 0 FF 0 FF 0 0
ID: 153, Data: 80 0 0 FF 0 FF 0 0
ID: 316, Data: 845 4D 56 38 49 24 4E 7C
ID: 153, Data: 80 0 0 FF 0 FF 0 0
ID: 329, Data: 840 AE 80 8 11 4A 26 26
ID: 316, Data: 845 4E 2E 38 49 23 4E 7C
ID: 43F, Data: 843 48 60 FF 63 10 38 0
ID: 370, Data: 8FF E3 F0 FF FF FF FF FF
ID: A1, Data: 880 7C 81 7C 32 0 0 0
ID: 153, Data: 80 0 0 FF 0 FF 0 0
ID: 316, Data: 845 4D 7F 38 49 23 4E 7C
ID: 153, Data: 80 0 0 FF 0 FF 0 0
ID: 43F, Data: 843 48 60 FF 63 18 38 0
ID: 260, Data: 8B 4D 4A 30 58 FF BA 21
ID: 153, Data: 80 0 0 FF 0 FF 0 0
ID: 545, Data: 8E4 35 1 8D D2 2 D2 2
ID: 316, Data: 845 4C A8 38 3C 24 4E 7C
ID: 280, Data: 830 0 88 AE 71 2C 67 65
ID: 316, Data: 845 45 A8 38 3A 24 4E 7C
ID: 329, Data: 8B AE 80 8 11 45 1C 26
ID: 43F, Data: 843 48 60 FF 63 24 38 0
ID: 329, Data: 840 AE 80 8 11 44 1C 26
ID: 153, Data: 80 0 0 FF 0 FF 0 0
ID: 316, Data: 845 3C 7F 38 3B 25 4E 7C
ID: 153, Data: 80 0 0 FF 0 FF 0 0
ID: 43F, Data: 843 48 60 FF 63 24 38 0
ID: 2A0, Data: 861 22 67 18 30 0 F 0
ID: 153, Data: 80 0 0 FF 0 FF 0 0
ID: 316, Data: 845 3B 7F 38 3E 25 4E 7C
ID: 5F0, Data: 20 0
ID: 260, Data: 8B 3B 40 30 58 FF C2 7
ID: 280, Data: 830 0 88 AE 71 23 67 54
ID: 43F, Data: 843 48 60 FF 63 1C 38 0
ID: 5F0, Data: 20 0
ID: A1, Data: 87B 7C 80 7C 29 0 0 0
ID: 18F, Data: 8AA 39 0 0 0 0 0 0
ID: 260, Data: 8B 40 41 30 58 FF C0 3F
ID: 545, Data: 8E4 1 1 8D EA 1 EA 1
ID: 43F, Data: 843 48 60 FF 63 20 38 0
ID: 43F, Data: 843 48 60 FF 63 20 38 0
ID: 545, Data: 8E4 10 1 8D FC 1 FC 1
ID: 153, Data: 80 0 0 FF 0 FF 0 0
ID: 316, Data: 845 41 A8 38 42 24 4E 7C
ID: 153, Data: 80 0 0 FF 0 FF 0 0
ID: 2A0, Data: 8A1 22 67 18 30 0 F 0
ID: 316, Data: 845 42 7F 38 42 24 4E 7C
ID: 280, Data: 830 0 88 AE 70 27 67 5D
ID: 43F, Data: 843 48 60 FF 63 20 38 0
ID: 43F, Data: 843 48 60 FF 63 24 38 0
ID: 316, Data: 845 43 7F 38 42 24 4E 7C
ID: 280, Data: 830 0 88 AE 71 28 67 5E
ID: 43F, Data: 843 48 60 FF 63 30 38 0
ID: 2A0, Data: 81 22 67 18 30 0 F 0
ID: 153, Data: 80 0 0 FF 0 FF 0 0
ID: 5F0, Data: 20 0
ID: 153, Data: 80 0 0 FF 0 FF 0 0
ID: 153, Data: 80 0 0 FF 0 FF 0 0
ID: 260, Data: 8B 44 43 30 58 FF BE 3C
ID: 153, Data: 80 0 0 FF 0 FF 0 0
ID: 1F0, Data: 82 40 FD BF 0 0 0 0
ID: 18F, Data: 8AA 3D 0 0 0 0 0 0
ID: 329, Data: 8ED AE 80 8 11 47 22 26
ID: 316, Data: 845 43 A8 38 45 24 4E 7C
ID: 43F, Data: 843 48 60 FF 63 3C 38 0
ID: 316, Data: 845 43 A8 38 46 24 4E 7C
ID: 153, Data: 80 0 0 FF 0 FF 0 0
ID: 316, Data: 845 45 A8 38 4A 24 4E 7C
ID: 316, Data: 845 46 A8 38 4C 24 4E 7C
ID: 43F, Data: 843 48 60 FF 63 5C 38 0
ID: 316, Data: 845 4C FA 38 4D 24 4E 7C
ID: 153, Data: 80 0 0 FF 0 FF 0 0
ID: 329, Data: 8B AE 80 8 11 4B 29 26
ID: 316, Data: 845 4E FA 38 4D 24 4E 7C
ID: 260, Data: 8B 4F 4E 30 58 FF B9 3B
ID: 316, Data: 845 4F D1 38 4D 23 4F 7C
ID: A0, Data: 856 7B D1 38 4F 41 2 0
ID: 153, Data: 80 0 0 FF 0 FF 0 0
ID: 316, Data: 845 50 FA 38 4D 23 4F 7C
ID: 316, Data: 845 50 FA 38 4D 24 4F 7C
ID: 43F, Data: 843 48 60 FF 63 A0 38 0
ID: 316, Data: 845 51 FA 38 4D 24 4F 7C
ID: 153, Data: 80 0 0 FF 0 FF 0 0
ID: 329, Data: 840 AE 80 8 11 4B 29 26
ID: 316, Data: 845 51 24 39 4E 24 4F 7C
ID: 370, Data: 8FF E1 F0 FF FF FF FF FF
ID: 316, Data: 845 51 24 39 4E 24 4F 7C
ID: 153, Data: 80 0 0 FF 0 FF 0 0
ID: 316, Data: 845 52 24 39 4F 24 4F 7C
ID: 43F, Data: 84C 48 60 FF 63 F0 38 0
ID: 153, Data: 80 0 0 FF 0 FF 0 0
ID: 316, Data: 845 52 4E 39 53 24 4F 7C
ID: 316, Data: 845 52 78 39 53 24 4F 7C
ID: A1, Data: 87E 7C 7D 7C 33 0 0 0
ID: 43F, Data: 84C 48 60 FF 63 24 39 0
ID: 43F, Data: 84C 48 60 FF 63 28 39 0
ID: 440, Data: 8FE 13 4F A0 FF AA AA AA
ID: 316, Data: 845 55 CD 39 53 24 4F 7C
ID: 43F, Data: 84C 48 60 FF 63 48 39 0
ID: 316, Data: 845 55 F8 39 53 24 50 7C
ID: 153, Data: 80 0 0 FF 0 FF 0 0
ID: 280, Data: 830 0 88 AE 74 33 67 6F
ID: 316, Data: 845 4A A6 3A 53 24 50 7C
ID: 43F, Data: 84C 48 60 49 63 48 38 0
ID: 153, Data: 80 0 0 FF 0 FF 0 0
ID: 153, Data: 80 0 0 FF 0 FF 0 0
ID: 2A0, Data: 861 25 67 18 30 0 F 0
ID: 43F, Data: 84C 48 60 4D 63 D0 2E 0
ID: 329, Data: 840 AE 80 8 11 4C 2D 26
ID: 153, Data: 80 0 0 FF 0 FF 0 0
ID: 280, Data: 830 0 88 AE 59 3D 67 80
ID: 1F0, Data: 80 40 FD BF 0 0 0 0
ID: 1F0, Data: 80 40 FD BF 0 0 0 0
ID: A1, Data: 880 7E 7F 7D 3D 0 0 0
ID: 260, Data: 8B 62 4B 30 58 FF B7 E
ID: 260, Data: 8B 5D 49 30 58 FF B9 13
ID: 5F0, Data: 20 0
ID: 316, Data: 845 50 DC 2B 48 20 51 7C
ID: 316, Data: 845 4F F4 2B 48 20 51 7C
ID: 316, Data: 845 4D 26 2C 48 20 51 7C
ID: 2A0, Data: 8C1 25 66 18 30 0 F 0
ID: 43F, Data: 844 48 60 FF 64 C0 2B 0
ID: 440, Data: 8FE 34 50 A0 FF AA AA AA
ID: 153, Data: 80 0 0 FF 0 FF 0 0
ID: 316, Data: 845 46 A4 2C 48 21 51 7C
ID: 316, Data: 845 46 A4 2C 48 21 51 7C
ID: 43F, Data: 844 48 60 FF 63 B4 2B 0
ID: 316, Data: 845 45 A4 2C 48 21 51 7C
ID: 153, Data: 80 0 0 FF 0 FF 0 0
ID: 1F1, Data: 80 CB 7F C2 27 8D F2 28
ID: 316, Data: 845 44 A4 2C 48 21 51 7C
ID: A0, Data: 84A 7B A4 2C 51 3A 2 0
ID: 316, Data: 845 44 BE 2C 48 21 51 7C
ID: 329, Data: 840 AE 80 8 11 43 1F 26
ID: 153, Data: 80 0 0 FF 0 FF 0 0
ID: 280, Data: 830 0 88 AE 59 28 66 69
ID: 316, Data: 845 44 A4 2C 49 21 51 7C
ID: 43F, Data: 844 48 60 FF 63 C0 2B 0
ID: 316, Data: 845 44 8B 2C 49 20 51 7C
ID: 153, Data: 80 0 0 FF 0 FF 0 0
ID: 316, Data: 845 44 71 2C 49 20 51 7C
ID: 316, Data: 845 44 71 2C 49 20 51 7C
ID: 43F, Data: 844 48 60 FF 63 BC 2B 0
ID: 316, Data: 845 45 71 2C 49 20 51 7C
ID: 153, Data: 80 0 0 FF 0 FF 0 0
ID: 1F1, Data: 80 DB 7E C2 27 8A 12 29
ID: 316, Data: 845 45 58 2C 49 20 51 7C
ID: A1, Data: 87E 7C 7A 7C 32 0 0 0
ID: 316, Data: 845 45 58 2C 49 20 51 7C
ID: 316, Data: 845 45 58 2C 49 20 51 7C
ID: 153, Data: 80 0 0 FF 0 FF 0 0
ID: 280, Data: 830 0 88 AF 58 29 66 6A
ID: 316, Data: 845 46 71 2C 49 20 51 7C
ID: 370, Data: 8FF E3 F0 FF FF FF FF FF
ID: 316, Data: 845 46 58 2C 41 20 51 7C
ID: 153, Data: 80 0 0 FF 0 FF 0 0
ID: 1F0, Data: 8FE 3F FD BF 0 0 0 0
ID: 316, Data: 845 44 3F 2C 3A 20 51 7C
ID: 316, Data: 845 42 26 2C 3A 21 51 7C
ID: 316, Data: 845 3F 26 2C 3B 21 51 7C
ID: 2A0, Data: 8A1 22 66 18 30 0 F 0
ID: 43F, Data: 844 48 60 FF 63 C8 2B 0
ID: 43F, Data: 844 48 60 FF 64 C8 2B 0
ID: 153, Data: 80 0 0 FF 0 FF 0 0
ID: 316, Data: 845 3B D 2C 3B 22 51 7C
ID: 316, Data: 845 3B D 2C 30 18 51 7C
ID: 545, Data: 8E4 A6 0 8D 60 2 60 2
ID: 43F, Data: 844 48 60 FF 64 C0 2B 0
ID: 43F, Data: 844 48 60 FF 64 A8 2B 0
ID: 440, Data: 8FE 44 51 A0 FF AA AA AA
ID: 5F0, Data: 20 0
ID: A1, Data: 87A 7C 75 7C 27 0 0 0
ID: 18F, Data: 8AA 41 0 0 0 0 0 0
ID: A1, Data: 87A 7C 75 7C 27 0 0 0
ID: 316, Data: 85 32 D 2C 31 19 51 7C
ID: 280, Data: 830 0 88 AF 58 1D 66 4E
ID: 43F, Data: 844 48 60 FF 63 AC 2B 0
ID: 316, Data: 85 31 8B 2C 31 1A 51 7C
ID: 153, Data: 80 0 0 FF 0 FF 0 0
ID: 316, Data: 85 30 8B 2C 35 1A 51 7C
ID: 153, Data: 80 0 0 FF 0 FF 0 0
ID: 316, Data: 85 32 58 2C 3A 1A 51 7C
ID: 316, Data: 85 33 3F 2C 3B 1A 51 7C
ID: 43F, Data: 844 48 60 FF 63 88 2B 0
ID: 43F, Data: 844 48 60 FF 64 80 2B 0
ID: 545, Data: 8E4 AD 0 8D 2A 2 2A 2
ID: 153, Data: 80 0 0 FF 0 FF 0 0
ID: 316, Data: 85 39 71 2C 1F 19 50 7C
ID: 153, Data: 80 0 0 FF 0 FF 0 0
ID: 153, Data: 80 0 0 FF 0 FF 0 0
ID: 316, Data: 85 2E DC 2B 20 1A 50 7C
ID: 43F, Data: 844 48 60 FF 63 5C 2B 0
ID: 2A0, Data: 861 1E 66 18 30 0 F 0
ID: 153, Data: 80 0 0 FF 0 FF 0 0
ID: 316, Data: 85 26 7A 2B 21 1A 50 7C
ID: 153, Data: 80 0 0 FF 0 FF 0 0
ID: 329, Data: 8B AF 80 8 11 36 B 26
ID: 316, Data: 85 23 92 2B 27 1B 50 7C
ID: 329, Data: 8B AF 80 8 11 36 D 26
ID: 43F, Data: 844 48 60 FF 64 40 2B 0
ID: 316, Data: 85 24 7A 2B 29 1B 50 7C
ID: 2A0, Data: 8C1 1C 66 18 30 0 F 0
ID: 316, Data: 85 25 7A 2B 29 1B 50 7C
ID: 316, Data: 85 26 7A 2B 29 1B 50 7C
ID: 545, Data: 8E4 6F 0 8D DA 0 DA 0
ID: 43F, Data: 844 48 60 FF 63 14 2B 0
ID: 43F, Data: 844 48 60 FF 64 18 2B 0
ID: 1F1, Data: 80 98 7B 32 27 83 22 28
ID: 316, Data: 85 28 92 2B 29 1A 50 7C
ID: A1, Data: 87D 7A 7B 78 1D 0 0 0
ID: 43F, Data: 844 48 60 FF 64 FC 2A 0
ID: 43F, Data: 844 48 60 FF 64 F0 2A 0
ID: 440, Data: 8FE 34 4F A0 FF AA AA AA
ID: 5F0, Data: 20 0
ID: 43F, Data: 844 48 60 FF 64 E4 2A 0
ID: 43F, Data: 844 48 60 FF 64 E0 2A 0
ID: 153, Data: 80 0 0 FF 0 FF 0 0
ID: 260, Data: 8B 29 2B 30 58 FF D1 2F
ID: 316, Data: 85 29 62 2B 2B 1A 4F 7C
ID: 43F, Data: 844 48 60 FF 64 D0 2A 0
ID: 316, Data: 85 29 62 2B 2B 1A 4F 7C
ID: 43F, Data: 844 48 60 FF 64 C4 2A 0
ID: 316, Data: 85 29 62 2B 2B 1A 4F 7C
ID: A0, Data: 82B 7C 4A 2B 50 30 2 0
ID: 43F, Data: 844 48 60 FF 64 BC 2A 0
ID: 43F, Data: 844 48 60 FF 64 A8 2A 0
ID: A1, Data: 882 7A 82 78 1E 0 0 0
ID: 153, Data: 80 0 0 FF 0 FF 0 0
ID: 316, Data: 85 2A 4A 2B 2C 1A 4F 7C
ID: 153, Data: 80 0 0 FF 0 FF 0 0
ID: 545, Data: 8E4 7A 0 8D 27 1 27 1
ID: 316, Data: 85 2B 62 2B 2C 1A 4F 7C
ID: 280, Data: 830 0 88 AF 56 1A 66 42
ID: 316, Data: 85 2B 4A 2B 2B 1A 4F 7C
ID: 316, Data: 85 2B 4A 2B 2B 1A 4F 7C
ID: 440, Data: 8FE 94 4F A0 FF AA AA AA
ID: 316, Data: 85 2C 4A 2B 2B 1A 4F 7C
ID: 153, Data: 80 0 0 FF 0 FF 0 0
ID: 43F, Data: 844 48 60 FF 64 80 2A 0
ID: 316, Data: 85 2C 32 2B 2C 1A 4F 7C
ID: 18F, Data: 8AA 39 0 0 0 0 0 0
ID: 5F0, Data: 20 0
ID: 43F, Data: 844 48 60 FF 64 88 2A 0
ID: 153, Data: 80 0 0 FF 0 FF 0 0
ID: 316, Data: 85 2C 32 2B 2D 1A 4F 7C
ID: 316, Data: 85 2C 1A 2B 2D 1A 4F 7C
ID: 545, Data: 8E4 7C 0 8D 3C 1 3C 1
ID: 43F, Data: 844 48 60 FF 64 74 2A 0
ID: 43F, Data: 844 48 60 FF 64 5C 2A 0
ID: A0, Data: 82E 7C 1A 2B 4F 31 2 0
ID: 5F0, Data: 20 0
ID: 316, Data: 85 2C 1A 2B 2D 1A 4E 7C
ID: 316, Data: 85 2C 1A 2B 2D 1A 4E 7C
ID: A1, Data: 87D 7A 82 78 20 0 0 0
ID: 153, Data: 80 0 0 FF 0 FF 0 0
ID: 316, Data: 85 2C 32 2B 30 1A 4E 7C
ID: 43F, Data: 844 48 60 FF 64 64 2A 0
ID: 316, Data: 85 2E 32 2B 32 1A 4E 7C
ID: 153, Data: 80 0 0 FF 0 FF 0 0
ID: 316, Data: 85 30 4A 2B 32 1A 4E 7C
ID: 316, Data: 85 31 62 2B 32 1A 4E 7C
ID: 18F, Data: 8AA 38 0 0 0 0 0 0
ID: 43F, Data: 844 48 60 FF 64 58 2A 0
ID: 153, Data: 80 0 0 FF 0 FF 0 0
ID: 1F0, Data: 8FC 3F FD BF 0 0 0 0
ID: 316, Data: 85 33 4A 2B 33 19 4E 7C
ID: 316, Data: 85 33 62 2B 34 19 4E 7C
ID: 260, Data: 8B 34 34 30 58 FF CF 1D
ID: 316, Data: 85 33 62 2B 36 19 4E 7C
ID: 2A0, Data: 81 16 66 18 30 0 F 0
ID: 43F, Data: 844 48 60 FF 64 68 2A 0
ID: 316, Data: 85 36 7A 2B 39 19 4E 7C
ID: 316, Data: 85 37 7A 2B 3A 19 4E 7C
ID: 316, Data: 85 39 92 2B 3A 19 4E 7C
ID: 316, Data: 85 39 AB 2B 3A 18 4E 7C
ID: 43F, Data: 844 48 60 FF 64 78 2A 0
ID: 370, Data: 8FF E0 F0 FF FF FF FF FF
ID: 5F0, Data: 20 0
ID: 316, Data: 85 3A 7A 2B 3A 18 4E 7C
ID: 43F, Data: 844 48 60 FF 64 84 2A 0
ID: 1F1, Data: 80 EC 6D A2 26 7B A2 27
ID: 316, Data: 85 3B 32 2B 3B 18 4E 7C
ID: 43F, Data: 844 48 60 FF 64 8C 2A 0
ID: 43F, Data: 844 48 60 FF 64 84 2A 0
ID: 18F, Data: 8AA 37 0 0 0 0 0 0
ID: 153, Data: 80 0 0 FF 0 FF 0 0
ID: 153, Data: 80 0 0 FF 0 FF 0 0
ID: A1, Data: 87B 7C 7B 7C 2B 0 0 0
ID: 329, Data: 8ED B0 80 8 11 3F 1C 26
ID: 545, Data: 8E4 B0 0 8D 83 2 83 2
ID: 43F, Data: 844 48 60 FF 64 8C 2A 0
ID: 370, Data: 8FF E0 F0 FF FF FF FF FF
ID: 18F, Data: 8AA 36 0 0 0 0 0 0
ID: 316, Data: 85 3C 62 2B 3B 18 4F 7C
ID: 153, Data: 80 0 0 FF 0 FF 0 0
ID: 153, Data: 80 0 0 FF 0 FF 0 0
ID: 316, Data: 85 3C 4A 2B 3B 18 4F 7C
ID: 153, Data: 80 0 0 FF 0 FF 0 0
ID: 545, Data: 8E4 AD 0 8D 88 2 88 2
ID: 316, Data: 85 3C 4A 2B 3B 18 4F 7C
ID: 280, Data: 830 0 88 B0 56 24 66 5B
ID: 316, Data: 85 3C 4A 2B 3B 18 4F 7C
ID: 316, Data: 85 3C 4A 2B 3B 18 4F 7C
ID: 43F, Data: 844 48 60 FF 64 C4 2A 0
ID: 316, Data: 85 3C 4A 2B 3B 18 4F 7C
ID: 153, Data: 80 0 0 FF 0 FF 0 0
ID: 316, Data: 85 3C 62 2B 3B 18 4F 7C
ID: 153, Data: 80 0 0 FF 0 FF 0 0
ID: 280, Data: 830 0 88 B0 56 23 66 5B
ID: 316, Data: 85 3C 4A 2B 3B 18 4F 7C
ID: 43F, Data: 844 48 60 FF 64 D0 2A 0
ID: 316, Data: 85 3B 62 2B 3B 18 4F 7C
ID: A1, Data: 87A 7C 7A 7C 2B 0 0 0
ID: 153, Data: 80 0 0 FF 0 FF 0 0
ID: 316, Data: 85 3B 7A 2B 3B 18 4F 7C
ID: 153, Data: 80 0 0 FF 0 FF 0 0
ID: 316, Data: 85 3B 7A 2B 3B 18 4F 7C
ID: 316, Data: 85 3C 7A 2B 3B 18 4F 7C
ID: 18F, Data: 8AA 36 0 0 0 0 0 0
ID: 43F, Data: 84D 48 60 FF 64 EC 2A 0
ID: 153, Data: 80 0 0 FF 0 FF 0 0
ID: 316, Data: 85 3B 62 2B 3B 18 4F 7C
ID: 316, Data: 85 3B 7A 2B 3B 18 4F 7C
ID: 260, Data: 8B 3C 3B 30 58 FF CA 22
ID: 316, Data: 85 3B 7A 2B 3B 18 4F 7C
ID: 280, Data: 830 0 88 B0 56 23 66 5B
ID: 316, Data: 85 3B 4A 2B 3E 18 4F 7C
ID: 280, Data: 830 0 88 B0 56 23 66 5B
ID: 153, Data: 80 0 0 FF 0 FF 0 0
ID: 316, Data: 85 33 D7 29 46 17 4F 7C
ID: 316, Data: 85 31 91 28 4F 17 4F 7C
ID: 18F, Data: 8AA 36 0 0 0 0 0 0
ID: 316, Data: 85 36 74 25 56 16 4F 7C
ID: 153, Data: 80 0 0 FF 0 FF 0 0
ID: 316, Data: 85 43 86 23 57 14 4F 7C
ID: 316, Data: 85 4E E7 22 58 14 4F 7C
ID: 260, Data: 8B 57 59 30 58 FF 97 3A
ID: 43F, Data: 84D 48 60 FF 64 C0 20 0
ID: 545, Data: 8E4 EA 0 8D F6 4 F6 4
ID: 316, Data: 85 5B 55 21 5B 13 50 7C
ID: 316, Data: 85 5C 0 21 5B 13 50 7C
ID: A0, Data: 861 7C 38 21 50 3A 2 0
ID: 43F, Data: 84D 48 60 FF 64 DC 20 0
ID: 153, Data: 80 0 0 FF 0 FF 0 0
ID: 280, Data: 830 0 88 B0 42 39 66 89
ID: 440, Data: 8E1 D5 50 A0 FF AA AA AA
ID: 153, Data: 80 0 0 FF 0 FF 0 0
ID: 329, Data: 8ED B0 80 8 11 48 32 26
ID: 316, Data: 85 66 9A 22 6A 12 50 7C
ID: 18F, Data: 8AA 35 0 0 0 0 0 0
ID: 43F, Data: 845 48 60 FF 64 24 21 0
ID: 153, Data: 80 0 0 FF 0 FF 0 0
ID: 316, Data: 85 6B 12 22 6B 12 50 7C
ID: 316, Data: 85 6B 30 22 6B 12 51 7C
ID: A0, Data: 874 7C F4 21 51 3F 2 0
ID: 316, Data: 85 63 5D 22 25 12 51 7C
ID: 316, Data: 85 5B 3F 22 9 12 51 7C
ID: A1, Data: 87E 7B 7B 7E 46 0 0 0
ID: 316, Data: 85 44 E5 21 C 15 51 7C
ID: 153, Data: 80 0 0 FF 0 FF 0 0
ID: 280, Data: 830 0 88 B0 43 20 66 54
ID: 316, Data: 85 2F 2A 21 E 17 51 7C
ID: 43F, Data: 845 48 60 FF 64 14 21 0
ID: 43F, Data: 845 48 60 FF 64 3C 21 0
ID: 316, Data: 85 22 55 21 10 19 51 7C
ID: 316, Data: 85 20 38 21 10 19 51 7C
ID: 316, Data: 85 1E 38 21 10 19 51 7C
ID: 153, Data: 80 0 0 FF 0 FF 0 0
ID: 316, Data: 85 1B AE 20 11 19 51 7C
ID: 440, Data: 8E7 85 50 A0 FF AA AA AA
ID: 153, Data: 80 0 0 FF 0 FF 0 0
ID: 316, Data: 85 18 1A 20 11 19 50 7C
ID: 153, Data: 80 0 0 FF 0 FF 0 0
ID: 316, Data: 85 16 B2 1F 11 19 50 7C
ID: 1F0, Data: 8F6 3F FD BF 0 0 0 0
ID: 18F, Data: 8AA 35 0 0 0 0 0 0
ID: 153, Data: 80 0 0 FF 0 FF 0 0
ID: 545, Data: 8E4 37 0 8D 5E 0 5E 0
ID: 316, Data: 85 23 A5 1F 2D 19 50 7C
ID: 545, Data: 8E4 43 0 8D C8 0 C8 0
ID: 316, Data: 85 27 77 20 2C 19 50 7C
ID: 316, Data: 85 28 D7 20 2C 19 50 7C
ID: 18F, Data: 8AA 35 0 0 0 0 0 0
ID: 370, Data: 8FF E1 F0 FF FF FF FF FF
ID: 43F, Data: 845 48 60 FF 64 E8 20 0
ID: 329, Data: 840 B0 80 8 11 36 0 26
ID: 153, Data: 80 0 0 FF 0 FF 0 0
ID: 153, Data: 80 0 0 FF 0 FF 0 0
ID: 316, Data: 85 28 71 21 10 18 4F 7C
ID: 440, Data: 8E7 D5 4F A0 FF AA AA AA
ID: 316, Data: 85 24 E 21 10 19 4F 7C
ID: 153, Data: 80 0 0 FF 0 FF 0 0
ID: 153, Data: 80 0 0 FF 0 FF 0 0
ID: 316, Data: 85 1E 77 20 11 19 4F 7C
ID: 153, Data: 80 0 0 FF 0 FF 0 0
ID: 316, Data: 85 1C F2 1F 11 19 4F 7C
ID: 316, Data: 85 1B D8 1F 11 19 4F 7C
ID: 545, Data: 8E4 37 0 8D 12 0 12 0
ID: 43F, Data: 845 48 60 FF 64 48 20 0
ID: 43F, Data: 845 48 60 FF 64 54 20 0
ID: 2A0, Data: 8E0 12 66 18 30 0 F 0
ID: 316, Data: 85 16 88 1E 12 19 4F 7C
ID: 316, Data: 85 14 65 1E 12 19 4F 7C
ID: 43F, Data: 845 48 60 FF 64 18 20 0
ID: 440, Data: 8E7 75 4E A0 FF AA AA AA
ID: A0, Data: 81D 7D E5 1D 4F 28 2 0
ID: 316, Data: 85 15 1C 1D 12 19 4E 7C
ID: 316, Data: 85 16 27 1D 12 19 4E 7C
ID: 43F, Data: 845 48 60 FF 64 F4 1F 0
ID: 316, Data: 85 17 27 1D 12 19 4E 7C
ID: 153, Data: 80 0 0 FF 0 FF 0 0
ID: 316, Data: 85 17 32 1D 12 19 4E 7C
ID: 316, Data: 85 17 32 1D 12 19 4E 7C
ID: 545, Data: 8E4 3F 0 8D DF FF DF FF
ID: 440, Data: 8E7 D5 4D A0 FF AA AA AA
ID: 316, Data: 85 17 F1 1C 12 19 4D 7C
ID: 153, Data: 80 0 0 FF 0 FF 0 0
ID: 280, Data: 830 0 84 B0 39 13 66 35
ID: 153, Data: 80 0 0 FF 0 FF 0 0
ID: 43F, Data: 845 48 60 FF 64 80 1F 0
ID: 545, Data: 8E4 41 0 8D E7 FF E7 FF
ID: 43F, Data: 845 48 60 FF 64 70 1F 0
ID: 329, Data: 8ED B0 80 8 11 31 0 26
ID: 153, Data: 80 0 0 FF 0 FF 0 0
ID: 316, Data: 8D 13 7D 1C 12 19 4C 7C
ID: 1F0, Data: 8F6 3F FD BF 0 0 0 0
ID: 329, Data: 840 B0 80 8 11 31 0 26
ID: 2A0, Data: 8E0 D 66 18 30 0 F 0
ID: 153, Data: 80 0 0 FF 0 FF 0 0
ID: 43F, Data: 845 48 60 FF 64 20 1F 0
ID: 153, Data: 80 0 0 FF 0 FF 0 0
ID: 153, Data: 80 0 0 FF 0 FF 0 0
ID: 316, Data: 8D B 13 1E 11 19 4C 7C
ID: 18F, Data: 8AA 34 0 0 0 0 0 0
ID: 316, Data: 8D 7 7C 1E 11 19 4B 7C
ID: 153, Data: 80 0 0 FF 0 FF 0 0
ID: 316, Data: 8D 3 A0 1E 11 19 4B 7C
ID: 370, Data: 8FF E4 F0 FF FF FF FF FF
ID: 316, Data: 8D 3 88 1E 11 19 4B 7C
ID: 316, Data: 8D 0 70 1E 11 19 4B 7C
ID: 316, Data: 8D 0 41 1E 11 19 4A 7C
ID: 280, Data: 830 0 20 B0 3C 14 66 38
ID: 440, Data: 8E7 75 4A A0 FF AA AA AA
ID: 5F0, Data: 20 0
ID: 43F, Data: 845 48 60 FF 64 AC 1D 0
ID: 43F, Data: 845 48 60 FF 64 88 1D 0
ID: 316, Data: 8D 0 F1 1C 12 18 48 7C
ID: A1, Data: 880 7F 80 7D 1D 0 0 0
ID: 153, Data: 80 0 0 FF 0 FF 0 0
ID: 316, Data: 8D 0 E4 1B 12 18 47 7C
ID: 153, Data: 80 0 0 FF 0 FF 0 0
ID: 316, Data: 8D 0 65 1B 12 18 46 7C
ID: 5F0, Data: 20 0
ID: 316, Data: 8D 0 10 1B 12 18 45 7C
ID: 316, Data: 8D 0 EA 1A 12 18 45 7C
ID: A0, Data: 82B 7D 19 1B 46 2B 4 0
ID: 43F, Data: 845 48 60 FF 64 5C 1B 0
ID: 440, Data: 8E7 D5 43 A0 FF AA AA AA
ID: 18F, Data: 8AA 34 0 0 0 0 0 0
ID: 316, Data: 8D 0 13 1A 13 18 42 7C
ID: 153, Data: 80 0 0 FF 0 FF 0 0
ID: 316, Data: 8D 0 B4 19 13 18 41 7C
ID: 153, Data: 80 0 0 FF 0 FF 0 0
ID: 329, Data: 885 B0 80 8 12 31 0 26
ID: 316, Data: 8D 0 0 19 13 18 40 7C
ID: 260, Data: 80 0 14 30 58 FF 4F A
ID: 153, Data: 80 0 0 FF 0 FF 0 0
ID: 153, Data: 80 0 0 FF 0 FF 0 0
ID: 18F, Data: 8AA 34 0 0 0 0 0 0
ID: 2A0, Data: 880 7 66 18 30 0 F 0
ID: 316, Data: 8D 0 27 18 21 22 3D 7C
ID: 316, Data: 8D 0 2F 18 21 21 3C 7C
ID: 43F, Data: 845 48 60 FF 64 4 18 0
ID: 370, Data: 8FF E4 F0 FF FF FF FF FF
ID: 316, Data: 8D 0 6B 17 21 21 3B 7C
ID: 153, Data: 80 0 0 FF 0 FF 0 0
ID: 316, Data: 84D 0 A 17 21 21 39 7C
ID: 153, Data: 80 0 0 FF 0 FF 0 0
ID: 316, Data: 84D 0 4B 16 22 21 39 7C
ID: 316, Data: 84D 0 E7 15 22 21 38 7C
ID: 18F, Data: 8AA 34 0 0 0 0 0 0
ID: 43F, Data: 845 48 60 FF 64 30 16 0
ID: 153, Data: 80 0 0 FF 0 FF 0 0
ID: 316, Data: 84D 0 5 14 24 21 36 7C
ID: 316, Data: 84D 0 B4 13 24 20 36 7C
ID: 1F1, Data: 80 A8 9B 41 1A A7 41 1A
ID: 43F, Data: 845 48 60 FF 64 58 15 0
ID: 5F0, Data: 20 0
ID: 43F, Data: 845 48 60 FF 64 F4 14 0
ID: 43F, Data: 845 48 60 FF 64 E0 14 0
ID: 316, Data: 84D 0 CC 12 25 20 33 7C
ID: 153, Data: 80 0 0 FF 0 FF 0 0
ID: 153, Data: 80 0 0 FF 0 FF 0 0
ID: 316, Data: 84D 0 6A 12 26 20 32 7C
ID: 43F, Data: 845 48 60 FF 64 FC 13 0
ID: 316, Data: 84D 0 19 12 26 21 31 7C
ID: A1, Data: 880 7F 80 7D 24 0 0 0
ID: 43F, Data: 845 48 60 FF 64 80 13 0
ID: 43F, Data: 845 48 60 FF 64 54 13 0
ID: 2A0, Data: 8E0 5 67 18 30 0 F 0
ID: 153, Data: 80 0 0 FF 0 FF 0 0
ID: 316, Data: 84D 0 83 11 27 21 2F 7C
ID: 5F0, Data: 20 0
ID: 316, Data: 84D 0 64 11 27 21 2E 7C
ID: 316, Data: 84D 0 64 11 27 21 2E 7C
ID: 43F, Data: 84C 48 60 FF 64 8C 12 0
ID: 5F0, Data: 20 0
ID: A1, Data: 880 7F 80 7D 26 0 0 0
ID: A0, Data: 838 7D 4D 11 2E 29 4 0
ID: A1, Data: 880 7F 80 7D 26 0 0 0
ID: 43F, Data: 84C 48 60 FF 64 DC 11 0
ID: 153, Data: 80 0 0 FF 0 FF 0 0
ID: 316, Data: 84D 0 9C 10 27 21 2B 7C
ID: 316, Data: 845 7 98 10 27 21 2B 7C
ID: 18F, Data: 8AA 39 0 0 0 0 0 0
ID: 5F0, Data: 20 0
ID: 43F, Data: 84C 48 60 FF 64 4 13 0
ID: 153, Data: 80 0 0 FF 0 FF 0 0
ID: 153, Data: 80 0 0 FF 0 FF 0 0
ID: 316, Data: 845 23 A9 F 28 21 29 7C
ID: 43F, Data: 84C 48 60 FF 64 84 14 0
ID: 316, Data: 845 2A 6B 11 25 21 28 7C
ID: A1, Data: 880 7F 80 7D 26 0 0 0
ID: 153, Data: 80 0 0 FF 0 FF 0 0
ID: 316, Data: 845 27 BE 12 24 20 27 7C
ID: 153, Data: 80 0 0 FF 0 FF 0 0
ID: A1, Data: 880 7F 80 7D 23 0 0 0
ID: 280, Data: 830 0 84 B1 27 1A 67 48
ID: 2A0, Data: 8E0 4 67 18 30 0 F 0
ID: 43F, Data: 84C 48 60 FF 64 FC 14 0
ID: 153, Data: 80 0 0 FF 0 FF 0 0
ID: 153, Data: 80 0 0 FF 0 FF 0 0
ID: 316, Data: 845 30 36 13 63 21 26 7C
ID: 153, Data: 80 0 0 FF 0 FF 0 0
ID: 153, Data: 80 0 0 FF 0 FF 0 0
ID: 280, Data: 830 0 88 B1 2B 31 67 70
ID: 316, Data: 845 5C 3A 17 7C 1D 26 7C
ID: 153, Data: 80 0 0 FF 0 FF 0 0
ID: 153, Data: 80 0 0 FF 0 FF 0 0
ID: 43F, Data: 844 48 60 FF 64 48 15 0
ID: 153, Data: 80 0 0 FF 0 FF 0 0
ID: 316, Data: 845 90 7D 1A A5 19 26 7C
ID: 316, Data: 845 98 9B 19 A5 18 27 7C
ID: A1, Data: 884 7B 85 7E 59 0 0 0
ID: 5F0, Data: 20 0
ID: 316, Data: 845 A4 71 19 A5 18 27 7C
ID: 316, Data: 845 A6 93 19 A5 18 27 7C
ID: 43F, Data: 844 48 60 FF 64 F8 15 0
ID: 545, Data: 8E4 96 1 8A E5 9 E5 9
ID: 316, Data: 845 A8 F9 19 A5 18 28 7C
ID: 153, Data: 80 0 0 FF 0 FF 0 0
ID: 43F, Data: 844 48 60 FF 64 74 16 0
ID: 260, Data: 8B A8 A7 30 58 FF 72 29
ID: 43F, Data: 844 48 60 FF 64 AC 16 0
ID: 280, Data: 830 0 88 B1 33 6D 67 C2
ID: 153, Data: 80 0 0 FF 0 FF 0 0
ID: 316, Data: 845 A3 DF 19 A6 18 2A 7C
ID: 316, Data: 845 A2 E8 19 A7 18 2A 7C
ID: 43F, Data: 844 48 60 FF 64 4C 17 0
ID: 316, Data: 845 A0 2D 1A A8 18 2A 7C
ID: 153, Data: 80 0 0 FF 0 FF 0 0
ID: 316, Data: 845 A2 6B 1A A7 18 2B 7C
ID: 316, Data: 845 A1 A1 1A A8 18 2B 7C
ID: 43F, Data: 844 48 60 FF 64 FC 17 0
ID: 316, Data: 845 A2 7D 1A A8 18 2C 7C
ID: 153, Data: 80 0 0 FF 0 FF 0 0
ID: 329, Data: 885 B1 80 8 11 5E 55 26
ID: 316, Data: 845 A4 10 1B A8 18 2C 7C
ID: 43F, Data: 844 48 60 FF 64 98 18 0
ID: 153, Data: 80 0 0 FF 0 FF 0 0
ID: 153, Data: 80 0 0 FF 0 FF 0 0
ID: 2A0, Data: 81 21 67 18 30 0 F 0
ID: 316, Data: 845 A3 48 1B A8 18 2D 7C
ID: 370, Data: 8FF E4 F0 FF FF FF FF FF
ID: 153, Data: 80 0 0 FF 0 FF 0 0
ID: 280, Data: 830 0 88 B1 36 69 67 C6
ID: 316, Data: 845 9E 9F 1B 8D 18 2E 7C
ID: 43F, Data: 844 48 60 FF 64 AC 19 0
ID: 316, Data: 845 92 B3 1B 8E 19 2F 7C
ID: 153, Data: 80 0 0 FF 0 FF 0 0
ID: 329, Data: 840 B1 80 8 11 50 3D 26
ID: 316, Data: 845 8E 82 1B 8E 19 30 7C
ID: A1, Data: 882 7B 81 7E 54 0 0 0
ID: 316, Data: 845 8D C7 1B 8D 19 30 7C
ID: 316, Data: 845 8D D1 1B 8D 19 30 7C
ID: 316, Data: 845 8D EE 1B 8D 19 30 7C
ID: 2A0, Data: 81 26 67 18 30 0 F 0
ID: 153, Data: 80 0 0 FF 0 FF 0 0
ID: 316, Data: 845 8D 21 1C 89 19 31 7C
ID: 153, Data: 80 0 0 FF 0 FF 0 0
ID: 2A0, Data: 8A1 27 67 18 30 0 F 0
ID: 43F, Data: 844 48 60 FF 64 34 1B 0
ID: 440, Data: 8FE 94 32 A0 FF AA AA AA
ID: 316, Data: 845 88 68 1C 87 19 32 7C
ID: 18F, Data: 8AA 41 0 0 0 0 0 0
ID: 440, Data: 8FE E4 32 A0 FF AA AA AA
ID: 43F, Data: 844 48 60 FF 64 B4 1B 0
ID: 2A0, Data: 8C1 29 66 18 30 0 F 0
ID: 316, Data: 845 84 E6 1C 86 1A 33 7C
ID: 316, Data: 845 84 7 1D 83 1A 33 7C
ID: 43F, Data: 844 48 60 FF 64 28 1C 0
ID: 316, Data: 845 83 48 1D 7D 1A 33 7C
ID: 153, Data: 80 0 0 FF 0 FF 0 0
ID: 153, Data: 80 0 0 FF 0 FF 0 0
ID: 316, Data: 845 7C 5E 1D 74 1A 34 7C
ID: 153, Data: 80 0 0 FF 0 FF 0 0
ID: 545, Data: 8E4 7 1 8A 67 6 67 6
ID: 316, Data: 845 75 48 1D 67 1B 34 7C
ID: 316, Data: 845 6F 48 1D 59 1B 35 7C
ID: 43F, Data: 844 48 60 FF 64 CC 1C 0
ID: 370, Data: 8FF E4 F0 FF FF FF FF FF
ID: 316, Data: 845 55 32 1D 2D 1C 35 7C
ID: 18F, Data: 8AA 41 0 0 0 0 0 0
ID: 370, Data: 8FF E4 F0 FF FF FF FF FF
ID: 43F, Data: 844 48 60 FF 64 EC 1C 0
ID: 545, Data: 8E4 8C 0 8D 33 2 33 2
ID: 153, Data: 80 0 0 FF 0 FF 0 0
ID: 316, Data: 845 35 48 1D 1B 20 35 7C
ID: 153, Data: 80 0 0 FF 0 FF 0 0
ID: 18F, Data: 8AA 41 0 0 0 0 0 0
ID: 316, Data: 845 28 FC 1C 1D 21 35 7C
ID: 316, Data: 845 26 1C 1D 1D 21 36 7C
ID: 153, Data: 80 0 0 FF 0 FF 0 0
ID: 316, Data: 845 22 32 1D 1D 22 35 7C
ID: 316, Data: 845 20 1C 1D 1D 22 35 7C
ID: A1, Data: 882 7F 7B 7D 1D 0 0 0
ID: 153, Data: 80 0 0 FF 0 FF 0 0
ID: 316, Data: 845 1C B1 1C 1E 22 35 7C
ID: 153, Data: 80 0 0 FF 0 FF 0 0
ID: A1, Data: 880 7F 77 7D 1B 0 0 0
ID: 440, Data: 8FE E4 35 A0 FF AA AA AA
ID: 370, Data: 8FF E5 F0 FF FF FF FF FF
ID: 316, Data: 845 19 10 1B 1E 22 35 7C
ID: 153, Data: 80 0 0 FF 0 FF 0 0
ID: 316, Data: 845 1B 62 1A 1F 22 35 7C
ID: 43F, Data: 844 48 60 FF 64 98 1C 0
ID: 5F0, Data: 20 0
ID: 316, Data: 845 1D 24 1A 1F 22 35 7C
ID: 153, Data: 80 0 0 FF 0 FF 0 0
ID: 260, Data: 8B 1E 1F 30 58 FF 6A 26
ID: 260, Data: 8B 1F 1F 30 58 FF 69 35
ID: 153, Data: 80 0 0 FF 0 FF 0 0
ID: 280, Data: 830 0 84 B1 34 18 66 40
ID: 1F0, Data: 8FF 3F FD BF 0 0 0 0
ID: 1F0, Data: 80 40 FD BF 0 0 0 0
ID: 153, Data: 80 0 0 FF 0 FF 0 0
ID: 18F, Data: 8AA 41 0 0 0 0 0 0
ID: 43F, Data: 844 48 60 FF 64 34 1C 0
ID: 153, Data: 80 0 0 FF 0 FF 0 0
ID: 43F, Data: 844 48 60 FF 64 1C 1C 0
ID: 2A0, Data: 840 19 66 18 30 0 F 0
ID: 43F, Data: 844 48 60 FF 64 4 1C 0
ID: 440, Data: 8FE E4 33 A0 FF AA AA AA
ID: 2A0, Data: 840 18 66 18 30 0 F 0
ID: 316, Data: 84D 18 C0 18 20 21 34 7C
ID: 316, Data: 84D 18 B0 18 20 21 34 7C
ID: 43F, Data: 844 48 60 FF 64 C4 1B 0
ID: 545, Data: 8E4 2D 0 89 C FF C FF
ID: 153, Data: 80 0 0 FF 0 FF 0 0
ID: 316, Data: 84D 13 40 19 1F 21 33 7C
ID: 153, Data: 80 0 0 FF 0 FF 0 0
ID: 2A0, Data: 820 15 66 18 30 0 F 0
ID: 316, Data: 84D E 3F 1A 1F 22 33 7C
ID: 545, Data: 8E4 23 0 8A A1 FE A1 FE
ID: 43F, Data: 844 48 60 FF 64 4C 1B 0
ID: 316, Data: 84D 9 EA 1A 1E 22 33 7C
ID: 153, Data: 80 0 0 FF 0 FF 0 0
ID: 316, Data: 84D 4 10 1B 12 18 32 7C
ID: 316, Data: 84D 4 FD 1A 12 18 32 7C
ID: 260, Data: 80 4 12 30 58 FF 4E 36
ID: 43F, Data: 844 48 60 FF 64 FC 1A 0
ID: 316, Data: 84D 0 13 1A 13 18 32 7C
ID: 316, Data: 84D 0 AC 19 13 18 32 7C
ID: 316, Data: 84D 0 69 19 13 18 32 7C
ID: 43F, Data: 844 48 60 FF 64 B4 1A 0
ID: 316, Data: 8D 0 61 19 13 18 32 7C
ID: A1, Data: 880 7F 80 7D 1C 0 0 0
ID: 153, Data: 80 0 0 FF 0 FF 0 0
ID: 316, Data: 8D 0 62 1A 12 18 31 7C
ID: 5F0, Data: 20 0
ID: 316, Data: 8D 0 86 1A 12 18 31 7C
ID: 153, Data: 80 0 0 FF 0 FF 0 0
ID: 329, Data: 885 B1 80 8 11 30 0 26
ID: 316, Data: 8D 0 1C 1A 13 18 31 7C
ID: 545, Data: 8E4 0 0 8A 4D FE 4D FE
ID: 153, Data: 80 0 0 FF 0 FF 0 0
ID: 153, Data: 80 0 0 FF 0 FF 0 0
ID: 43F, Data: 844 48 60 FF 64 14 1A 0
ID: 153, Data: 80 0 0 FF 0 FF 0 0
ID: 316, Data: 8D 0 20 19 13 18 30 7C
ID: 316, Data: 8D 0 8 19 13 18 30 7C
ID: 316, Data: 8D 0 F0 18 13 18 30 7C
ID: 2A0, Data: 820 E 66 18 30 0 F 0
ID: 43F, Data: 844 48 60 FF 64 9C 19 0
ID: 43F, Data: 844 48 60 FF 64 88 19 0
ID: 316, Data: 8D 0 C8 18 13 18 2F 7C
ID: 153, Data: 80 0 0 FF 0 FF 0 0
ID: 316, Data: 8D 0 A9 18 13 18 2F 7C
ID: 153, Data: 80 0 0 FF 0 FF 0 0
ID: 316, Data: 8D 0 8A 18 13 18 2F 7C
ID: 316, Data: 8D 0 7A 18 13 18 2F 7C
ID: 316, Data: 8D 0 5C 18 13 18 2E 7C
ID: 1F0, Data: 81 40 FD BF 0 0 0 0
ID: 153, Data: 80 0 0 FF 0 FF 0 0
ID: 316, Data: 8D 0 11 18 13 18 2E 7C
ID: 153, Data: 80 0 0 FF 0 FF 0 0
ID: 153, Data: 80 0 0 FF 0 FF 0 0
ID: 316, Data: 8D 0 C0 17 14 18 2E 7C
ID: 43F, Data: 844 48 60 FF 64 48 18 0
ID: 316, Data: 8D 0 87 17 14 18 2D 7C
ID: 329, Data: 8ED B1 80 8 12 2F 0 26
ID: 153, Data: 80 0 0 FF 0 FF 0 0
ID: 316, Data: 8D 0 41 17 14 18 2D 7C
ID: 153, Data: 80 0 0 FF 0 FF 0 0
ID: 316, Data: 8D 0 A 17 14 18 2C 7C
ID: 316, Data: 8D 0 EF 16 14 18 2C 7C
ID: 153, Data: 80 0 0 FF 0 FF 0 0
ID: 2A0, Data: 840 B 66 18 30 0 F 0
ID: 316, Data: 8D 0 8C 16 14 18 2B 7C
ID: 316, Data: 8D 0 78 16 14 18 2B 7C
ID: 153, Data: 80 0 0 FF 0 FF 0 0
ID: 153, Data: 80 0 0 FF 0 FF 0 0
ID: 1F0, Data: 8FD 3F FD BF 0 0 0 0
ID: A0, Data: 826 7D 45 16 2B 27 4 0
ID: 153, Data: 80 0 0 FF 0 FF 0 0
ID: 440, Data: 8FE 94 29 A0 FF AA AA AA
ID: A1, Data: 880 7F 80 7D 1C 0 0 0
ID: 316, Data: 8D 0 25 16 15 18 29 7C
ID: 5F0, Data: 20 0
ID: A0, Data: 825 7D 6B 16 29 27 4 0
ID: 18F, Data: 8AA 3C 0 0 0 0 0 0
ID: 5A0, Data: 80 0 0 90 0 0 0 0
ID: 260, Data: 80 0 13 30 58 FF 4E C
ID: 370, Data: 8FF E5 F0 FF FE FF FF FF
ID: 316, Data: 8D 0 30 19 12 18 27 7C
ID: 153, Data: 80 0 0 FF 0 FF 0 0
ID: 316, Data: 8D 0 B4 19 13 18 26 7C
ID: 153, Data: 80 0 0 FF 0 FF 0 0
ID: 316, Data: 8D 0 7A 19 13 18 26 7C
ID: 316, Data: 8D 0 40 19 13 18 26 7C
ID: 2A0, Data: 820 8 66 18 30 0 F 0
ID: 43F, Data: 84B 48 60 FF 64 F0 1A 0
ID: 153, Data: 80 0 0 FF 0 FF 0 0
ID: 316, Data: 8D 0 82 18 13 18 25 7C
ID: 316, Data: 8D 0 7A 18 13 18 25 7C
ID: 329, Data: 8ED B1 80 8 11 30 0 26
ID: 1F1, Data: 80 BA 28 A1 11 30 41 12
ID: 1F0, Data: 8DE 3F FD BF 0 0 0 0
ID: 2A0, Data: 8E0 7 66 18 30 0 F 0
ID: A1, Data: 880 7F 80 7D 1C 0 0 0
ID: A1, Data: 880 7F 80 7D 1C 0 0 0
ID: 316, Data: 8D 0 B0 18 13 18 24 7C
ID: 5F0, Data: 20 0
ID: 316, Data: 8D 0 C8 18 13 18 23 7C
ID: 153, Data: 80 0 0 FF 0 FF 0 0
ID: 329, Data: 8ED B1 80 8 11 30 0 26
ID: 316, Data: 85 5 D8 18 2F 18 23 7C
ID: 2A0, Data: 861 7 67 18 30 0 F 0
ID: 43F, Data: 843 48 60 FF 64 78 19 0
ID: 153, Data: 80 0 0 FF 0 FF 0 0
ID: 316, Data: 85 27 61 19 42 18 22 7C
ID: 316, Data: 85 2A 93 19 42 17 22 7C
ID: 260, Data: 8B 2B 41 30 58 FF C5 13
ID: 316, Data: 85 2C AA 1A 40 17 22 7C
ID: 545, Data: 8E4 70 0 8D B8 1 B8 1
ID: 43F, Data: 843 48 60 FF 64 BC 19 0
ID: 316, Data: 85 32 3F 1B 3E 16 22 7C
ID: 370, Data: 8FF E5 F0 FF FF FF FF FF
ID: 316, Data: 85 34 2C 1B 3D 15 22 7C
ID: 153, Data: 80 0 0 FF 0 FF 0 0
ID: 43F, Data: 843 48 60 FF 64 50 19 0
ID: 43F, Data: 843 48 60 FF 64 6C 19 0
ID: 329, Data: 8ED B1 80 8 11 39 1C 26
ID: 316, Data: 85 38 78 1B 57 15 22 7C
ID: 316, Data: 85 3F 8C 1B 5E 15 22 7C
ID: 43F, Data: 843 48 60 FF 64 94 19 0
ID: 440, Data: 8FE 63 23 A0 FF AA AA AA
ID: 153, Data: 80 0 0 FF 0 FF 0 0
ID: 153, Data: 80 0 0 FF 0 FF 0 0
ID: 316, Data: 85 5A 74 1D 62 12 22 7C
ID: 153, Data: 80 0 0 FF 0 FF 0 0
ID: 316, Data: 85 5B 48 1D 66 12 22 7C
ID: 316, Data: 85 5B BC 1C 67 12 23 7C
ID: 18F, Data: 8AA 3A 0 0 0 0 0 0
ID: 316, Data: 85 5E 54 1C 68 12 23 7C
ID: 153, Data: 80 0 0 FF 0 FF 0 0
ID: 316, Data: 85 60 B1 1C 67 12 23 7C
ID: 316, Data: 85 60 E6 1C 67 12 23 7C
ID: 260, Data: 8B 62 68 30 58 FF B3 30
ID: 43F, Data: 843 48 60 FF 64 FC 1A 0
ID: 545, Data: 8E4 DD 0 89 88 5 88 5
ID: 316, Data: 85 62 11 1D 67 12 24 7C
ID: 316, Data: 85 62 1C 1D 67 12 24 7C
ID: A0, Data: 871 7D 32 1D 25 3C 2 0
ID: 316, Data: 85 62 3D 1D 67 12 24 7C
ID: 316, Data: 85 62 53 1D 6A 12 24 7C
ID: 153, Data: 80 0 0 FF 0 FF 0 0
ID: 316, Data: 85 65 7F 1D 76 11 25 7C
ID: 153, Data: 80 0 0 FF 0 FF 0 0
ID: 316, Data: 85 71 D9 1D 83 10 25 7C
ID: 316, Data: 85 7B 13 1E 86 10 25 7C
ID: 18F, Data: 8AA 39 0 0 0 0 0 0
ID: 43F, Data: 843 48 60 FF 64 C8 1C 0
ID: 153, Data: 80 0 0 FF 0 FF 0 0
ID: 43F, Data: 843 48 60 FF 64 B4 1D 0
ID: 316, Data: 85 92 7E 1F 94 10 27 7C
ID: A0, Data: 8A6 7D 7E 1F 27 49 2 0
ID: 316, Data: 85 93 6A 20 9B 10 27 7C
ID: 316, Data: 85 92 55 21 9E 10 27 7C
ID: 43F, Data: 843 48 60 FF 64 4 1E 0
ID: 316, Data: 85 9A D7 22 A6 10 28 7C
ID: 545, Data: 8E4 C4 1 8A 8E 9 8E 9
ID: 316, Data: 85 9E F7 24 AC 10 29 7C
ID: 316, Data: 85 A5 F3 25 AE 10 29 7C
ID: 18F, Data: 8AA 38 0 0 0 0 0 0
ID: 43F, Data: 843 48 60 FF 64 AC 1F 0
ID: 153, Data: 80 0 0 FF 0 FF 0 0
ID: 316, Data: 85 B2 68 29 B2 11 2A 7C
ID: 316, Data: 85 B3 C0 29 B3 11 2B 7C
ID: 18F, Data: 8AA 38 0 0 0 0 0 0
ID: 316, Data: 85 B2 76 2A B4 12 2C 7C
ID: 43F, Data: 843 48 60 FF 64 38 21 0
ID: 316, Data: 85 B2 EB 2A B5 12 2D 7C
ID: 153, Data: 80 0 0 FF 0 FF 0 0
ID: 153, Data: 80 0 0 FF 0 FF 0 0
ID: 316, Data: 85 B3 92 2B B6 12 2E 7C
ID: 153, Data: 80 0 0 FF 0 FF 0 0
ID: 153, Data: 80 0 0 FF 0 FF 0 0
ID: 316, Data: 85 B3 F4 2B B7 13 2F 7C
ID: 43F, Data: 83 48 60 FF 64 90 23 0
ID: 316, Data: 85 B4 3F 2C B7 13 30 7C
ID: 2A0, Data: 8A1 30 66 18 30 0 F 0
ID: 316, Data: 85 B3 A4 2C B7 13 31 7C
ID: 316, Data: 85 B4 BE 2C B7 13 32 7C
ID: 43F, Data: 83 48 60 FF 64 10 25 0
ID: 5F0, Data: 20 0
ID: 2A0, Data: 81 34 66 18 30 0 F 0
ID: 329, Data: 885 B1 80 8 11 71 6F 26
ID: 545, Data: 8E4 7E 2 8D 14 B 14 B
ID: 43F, Data: 83 48 60 FF 64 78 26 0
ID: 43F, Data: 83 48 60 FF 64 C8 26 0
ID: 280, Data: 830 0 88 B1 5C 6D 66 C2
ID: 316, Data: 85 B5 4B 2E BA 13 35 7C
ID: 316, Data: 85 B4 82 2E BA 13 36 7C
ID: 43F, Data: 83 48 60 FF 64 4 28 0
ID: 370, Data: 8FF E4 F0 FF FF FF FF FF
ID: 370, Data: 8FF E5 F0 FF FF FF FF FF
ID: 153, Data: 80 0 0 FF 0 FF 0 0
ID: 280, Data: 830 0 88 B1 5E 6E 66 C4
ID: 316, Data: 85 B7 9E 2F BA 14 38 7C
ID: 43F, Data: 8C 48 60 FF 64 A8 29 0
ID: 370, Data: 8FF E5 F0 FF FF FF FF FF
ID: 545, Data: 8E4 A1 2 8D 4D B 4D B
ID: 316, Data: 85 B8 13 30 BA 14 3A 7C
ID: 316, Data: 85 B8 4F 30 BA 14 3A 7C
ID: 43F, Data: 8C 48 60 FF 64 28 2B 0
ID: 316, Data: 85 B6 A9 30 BA 14 3B 7C
ID: A0, Data: 8D1 7D 5 31 3C 66 2 0
ID: 316, Data: 85 B7 C7 30 BA 14 3C 7C
ID: 316, Data: 85 B7 C7 30 BA 14 3C 7C
ID: 260, Data: 8B B8 BC 30 58 FF 93 2F
ID: 440, Data: 8FE B3 3D A0 FF AA AA AA
ID: 316, Data: 85 A1 74 2D BA 13 3D 7C
ID: 153, Data: 80 0 0 FF 0 FF 0 0
ID: 260, Data: 8B BC BB 30 58 FF 79 A
ID: 316, Data: 85 B8 7A 2B BA 12 3E 7C
ID: 153, Data: 80 0 0 FF 0 FF 0 0
ID: 316, Data: 85 B9 F4 2B B2 13 3F 7C
ID: 43F, Data: 84 48 60 FF 64 CC 22 0
ID: 5F0, Data: 20 0
ID: A1, Data: 880 80 81 7F 5A 0 0 0
ID: A0, Data: 8CC 7D D 2C 40 5F 2 0
ID: 153, Data: 80 0 0 FF 0 FF 0 0
ID: 1F0, Data: 8FC 3F FD BF 0 0 0 0
ID: 2A0, Data: 8A1 4B 66 18 30 0 F 0
ID: 2A0, Data: 8C1 4B 66 18 30 0 F 0
ID: 153, Data: 80 0 0 FF 0 FF 0 0
ID: 153, Data: 80 0 0 FF 0 FF 0 0
ID: 440, Data: 8FE E4 42 A0 FF AA AA AA
ID: 545, Data: 8E4 E4 1 8D 20 9 20 9
ID: 316, Data: 85 96 A4 2A 98 13 43 7C
ID: 316, Data: 85 96 76 2A 98 13 43 7C
ID: 153, Data: 80 0 0 FF 0 FF 0 0
ID: 316, Data: 85 97 C0 29 96 12 43 7C
ID: 153, Data: 80 0 0 FF 0 FF 0 0
ID: 2A0, Data: 8C1 4C 66 18 30 0 F 0
ID: 316, Data: 85 95 3C 29 8D 12 44 7C
ID: 545, Data: 8E4 CD 1 8D CE 8 CE 8
ID: 43F, Data: 84 48 60 FF 64 70 25 0
ID: 43F, Data: 84 48 60 FF 64 98 25 0
ID: 280, Data: 830 0 88 B1 52 51 66 A2
ID: 153, Data: 80 0 0 FF 0 FF 0 0
ID: 153, Data: 80 0 0 FF 0 FF 0 0
ID: 316, Data: 85 7A D0 28 6D 13 45 7C
ID: 43F, Data: 84 48 60 FF 64 FC 25 0
ID: 316, Data: 85 72 91 28 6D 13 46 7C
ID: A1, Data: 87D 7E 7F 7D 45 0 0 0
ID: 153, Data: 80 0 0 FF 0 FF 0 0
ID: 316, Data: 85 69 3D 28 6D 13 46 7C
ID: 153, Data: 80 0 0 FF 0 FF 0 0
ID: 153, Data: 80 0 0 FF 0 FF 0 0
ID: 316, Data: 85 69 52 28 6D 13 47 7C
ID: 153, Data: 80 0 0 FF 0 FF 0 0
ID: 280, Data: 830 0 88 B1 51 3F 65 8C
ID: 316, Data: 85 69 91 28 6C 13 47 7C
ID: A1, Data: 87B 7E 7D 7D 43 0 0 0
ID: 316, Data: 85 69 91 28 6B 14 47 7C
ID: 153, Data: 80 0 0 FF 0 FF 0 0
ID: 153, Data: 80 0 0 FF 0 FF 0 0
ID: 280, Data: 830 0 88 B0 51 3F 65 8D
ID: 316, Data: 85 68 A6 28 67 14 48 7C
ID: 153, Data: 80 0 0 FF 0 FF 0 0
ID: 153, Data: 80 0 0 FF 0 FF 0 0
ID: 316, Data: 85 66 A6 28 64 14 48 7C
ID: 153, Data: 80 0 0 FF 0 FF 0 0
ID: 316, Data: 85 64 BB 28 4F 14 48 7C
ID: 153, Data: 80 0 0 FF 0 FF 0 0
ID: 280, Data: 830 0 88 B0 50 34 65 7B
ID: 316, Data: 85 50 3D 28 3D 15 49 7C
ID: 153, Data: 80 0 0 FF 0 FF 0 0
ID: 43F, Data: 844 48 60 FF 64 7C 27 0
ID: 153, Data: 80 0 0 FF 0 FF 0 0
ID: 1F1, Data: 80 AA 40 F2 23 51 12 25
ID: 316, Data: 85 40 0 28 3F 16 49 7C
ID: 43F, Data: 844 48 60 FF 64 98 27 0
ID: 370, Data: 8FF E4 F0 FF FF FF FF FF
ID: 280, Data: 830 0 88 B0 50 25 65 61
ID: 153, Data: 80 0 0 FF 0 FF 0 0
ID: 2A0, Data: 8A1 3F 65 18 30 0 F 0
ID: 316, Data: 85 3E 91 28 3E 17 49 7C
ID: 153, Data: 80 0 0 FF 0 FF 0 0
ID: 43F, Data: 844 48 60 FF 64 D4 27 0
ID: 43F, Data: 844 48 60 FF 64 E0 27 0
ID: 43F, Data: 844 48 60 FF 64 E4 27 0
ID: A1, Data: 874 7C 7B 7C 2D 0 0 0
ID: 153, Data: 80 0 0 FF 0 FF 0 0
ID: 316, Data: 85 3E A6 28 4B 17 4A 7C
ID: 153, Data: 80 0 0 FF 0 FF 0 0
ID: 329, Data: 885 B0 80 8 11 43 23 26
ID: 316, Data: 85 44 BB 28 4A 16 4A 7C
ID: 18F, Data: 8AA 34 0 0 0 0 0 0
ID: 316, Data: 85 46 E6 28 4A 16 4A 7C
ID: 153, Data: 80 0 0 FF 0 FF 0 0
ID: 316, Data: 85 47 FB 28 4A 16 4A 7C
ID: 316, Data: 85 47 E6 28 4A 16 4A 7C
ID: A0, Data: 84E 7C E6 28 4A 39 2 0
ID: 370, Data: 8FF E1 F0 FF FF FF FF FF
ID: 316, Data: 85 48 E6 28 4A 16 4A 7C
ID: 316, Data: 85 48 E6 28 4A 16 4A 7C
ID: 316, Data: 85 48 E6 28 4A 16 4A 7C
ID: 43F, Data: 844 48 60 FF 64 58 28 0
ID: 316, Data: 85 49 E6 28 3D 16 4A 7C
ID: 5A0, Data: 80 0 0 90 0 0 0 0
ID: 153, Data: 80 0 0 FF 0 FF 0 0
ID: 316, Data: 85 43 D0 28 3D 16 4B 7C
ID: 2A0, Data: 8C1 37 65 18 30 0 F 0
ID: 316, Data: 85 40 A6 28 3C 16 4B 7C
ID: 316, Data: 85 3F BB 28 32 16 4B 7C
ID: 43F, Data: 844 48 60 FF 64 80 28 0
ID: 43F, Data: 844 48 60 FF 64 84 28 0
ID: A1, Data: 87A 7C 7D 7C 2C 0 0 0
ID: 316, Data: 85 2C 52 29 C 19 4B 7C
ID: 316, Data: 85 28 3C 29 D 1A 4B 7C
ID: 329, Data: 885 B0 80 8 11 33 0 26
ID: 43F, Data: 844 48 60 FF 64 5C 28 0
ID: 43F, Data: 844 48 60 FF 64 4C 28 0
ID: 260, Data: 8B 1E E 30 58 FF CE 1F
ID: 316, Data: 85 1C EB 27 E 1A 4B 7C
ID: 316, Data: 85 1A AE 27 E 1A 4B 7C
ID: 43F, Data: 844 48 60 FF 64 6C 28 0
ID: 43F, Data: 844 48 60 FF 64 40 28 0
ID: 316, Data: 85 1A AE 27 2B 24 4B 7C
ID: 316, Data: 85 1D D7 27 2C 24 4B 7C
ID: 316, Data: 85 1F C2 27 2D 24 4B 7C
ID: 370, Data: 8FF E0 F0 FF FF FF FF FF
ID: 316, Data: 85 25 14 28 2E 24 4A 7D
ID: 5A1, Data: 880 3 90 23 30 30 30 0
ID: 153, Data: 80 0 0 FF 0 FF 0 0
ID: 43F, Data: 844 48 60 FF 64 48 28 0
ID: 545, Data: 8E4 7B 0 8D 9A 0 9A 0
ID: 316, Data: 85 2F 68 29 37 23 4A 7D
ID: 316, Data: 845 31 68 29 39 23 4A 7D
ID: 18F, Data: 8AA 33 0 0 0 0 0 0
ID: 316, Data: 845 34 E6 28 39 22 4A 7D
ID: 153, Data: 80 0 0 FF 0 FF 0 0
ID: 153, Data: 80 0 0 FF 0 FF 0 0
ID: 316, Data: 845 38 11 29 39 21 4A 7D
ID: 316, Data: 845 38 3C 29 39 21 4A 7D
ID: 153, Data: 80 0 0 FF 0 FF 0 0
ID: 440, Data: 8FE 94 4A A0 FF AA AA AA
ID: 43F, Data: 844 48 60 FF 64 38 28 0
ID: 18F, Data: 8AA 35 0 0 0 0 0 0
ID: 153, Data: 80 0 0 FF 0 FF 0 0
ID: 316, Data: 845 37 26 29 32 22 4A 7D
ID: 43F, Data: 844 48 60 FF 64 28 28 0
ID: 316, Data: 845 37 26 29 32 22 4A 7D
ID: 153, Data: 80 0 0 FF 0 FF 0 0
ID: 43F, Data: 844 48 60 FF 65 38 28 0
ID: 316, Data: 845 35 11 29 32 22 4A 7D
ID: 43F, Data: 844 48 60 FF 64 34 28 0
ID: 316, Data: 845 33 26 29 33 22 4A 7D
ID: 153, Data: 80 0 0 FF 0 FF 0 0
ID: 43F, Data: 844 48 60 FF 65 44 28 0
ID: 316, Data: 845 32 11 29 33 22 4A 7D
ID: 260, Data: 8B 33 33 30 58 FF D2 39
ID: 153, Data: 80 0 0 FF 0 FF 0 0
ID: A0, Data: 837 7C 11 29 4B 33 2 0
ID: 316, Data: 845 33 E6 28 33 22 4A 7D
ID: 260, Data: 8B 33 33 30 58 FF D2 C
ID: 316, Data: 845 33 11 29 33 22 4A 7D
ID: 2A0, Data: 861 20 65 18 30 0 F 0
ID: 316, Data: 845 32 11 29 33 22 4A 7D
ID: 316, Data: 845 33 11 29 33 22 4A 7D
ID: 43F, Data: 844 48 60 FF 64 2C 28 0
ID: 280, Data: 830 0 88 AF 51 1E 65 4F
ID: 153, Data: 80 0 0 FF 0 FF 0 0
ID: 316, Data: 845 33 11 29 33 22 4A 7D
ID: 316, Data: 845 33 11 29 2C 22 4A 7D
ID: 43F, Data: 844 48 60 FF 65 28 28 0
ID: 316, Data: 845 33 11 29 17 22 4A 7D
ID: 153, Data: 80 0 0 FF 0 FF 0 0
ID: 316, Data: 845 2D E6 28 18 23 4A 7D
ID: 316, Data: 845 29 A6 28 18 23 4A 7D
ID: 43F, Data: 844 48 60 FF 65 24 28 0
ID: 316, Data: 845 25 29 28 19 24 4A 7D
ID: 316, Data: 845 22 EB 27 19 24 4A 7D
ID: 329, Data: 840 AF 80 8 11 33 0 26
ID: 316, Data: 845 1E 72 27 1A 24 4A 7D
ID: 316, Data: 845 1D 23 27 1A 24 4A 7D
ID: 153, Data: 80 0 0 FF 0 FF 0 0
ID: 440, Data: 8FE 94 4A A0 FF AA AA AA
ID: 316, Data: 845 1C 10 27 22 24 4A 7D
ID: 153, Data: 80 0 0 FF 0 FF 0 0
ID: 2A0, Data: 81 19 65 18 30 0 F 0
ID: 316, Data: 845 1E FC 26 25 24 4A 7D
ID: 316, Data: 845 20 10 27 25 24 4A 7D
ID: 153, Data: 80 0 0 FF 0 FF 0 0
ID: 316, Data: 845 22 4A 27 2C 24 4A 7D
ID: 316, Data: 845 24 5E 27 2C 24 49 7D
ID: 153, Data: 80 0 0 FF 0 FF 0 0
ID: 545, Data: 8E4 6A 0 8D 48 0 48 0
ID: 316, Data: 845 28 EB 27 32 23 49 7D
ID: 2A0, Data: 861 17 65 18 30 0 F 0
ID: 316, Data: 845 2E 29 28 3F 23 49 7D
ID: 316, Data: 845 33 7C 28 44 22 49 7D
ID: 153, Data: 80 0 0 FF 0 FF 0 0
ID: 316, Data: 845 3B 26 29 4D 21 49 7D
ID: 316, Data: 845 41 26 29 4C 21 49 7D
ID: 5A0, Data: 80 0 0 90 0 0 0 0
ID: 280, Data: 830 0 88 AF 52 2A 65 69
ID: 153, Data: 80 0 0 FF 0 FF 0 0
ID: 18F, Data: 8AA 3E 0 0 0 0 0 0
ID: 316, Data: 845 4A 52 29 4C 1F 49 7D
ID: 316, Data: 845 4A 68 29 46 20 49 7D
ID: 153, Data: 80 0 0 FF 0 FF 0 0
ID: 1F0, Data: 8FC 3F FD BF 0 0 0 0
ID: 43F, Data: 844 48 60 FF 65 DC 27 0
ID: 316, Data: 845 45 68 29 3E 20 4A 7D
ID: 18F, Data: 8AA 3F 0 0 0 0 0 0
ID: 316, Data: 845 41 26 29 3F 20 4A 7D
ID: 153, Data: 80 0 0 FF 0 FF 0 0
ID: A0, Data: 846 7C 3C 29 4A 37 2 0
ID: 316, Data: 845 40 26 29 3F 20 4A 7D
ID: 18F, Data: 8AA 3F 0 0 0 0 0 0
ID: 316, Data: 845 3E 3C 29 34 21 4A 7D
ID: 153, Data: 80 0 0 FF 0 FF 0 0
ID: 18F, Data: 8AA 40 0 0 0 0 0 0
ID: 316, Data: 845 3B 26 29 30 21 4A 7D
ID: 316, Data: 845 39 26 29 30 21 4A 7D
ID: 153, Data: 80 0 0 FF 0 FF 0 0
ID: 43F, Data: 844 48 60 FF 65 0 28 0
ID: 43F, Data: 844 48 60 FF 65 4 28 0
ID: 329, Data: 8ED AF 80 8 11 3B C 26
ID: 153, Data: 80 0 0 FF 0 FF 0 0
ID: 316, Data: 845 34 D0 28 30 22 4A 7D
ID: 43F, Data: 844 48 60 FF 65 4 28 0
ID: 545, Data: 8E4 86 0 8D 3 1 3 1
ID: 153, Data: 80 0 0 FF 0 FF 0 0
ID: 153, Data: 80 0 0 FF 0 FF 0 0
ID: 440, Data: 8FE 94 4A A0 FF AA AA AA
ID: 153, Data: 80 0 0 FF 0 FF 0 0
ID: 316, Data: 845 30 A6 28 32 22 4A 7D
ID: A0, Data: 833 7C 91 28 4A 32 2 0
ID: 153, Data: 80 0 0 FF 0 FF 0 0
ID: 2A0, Data: 8C1 15 65 18 30 0 F 0
ID: 153, Data: 80 0 0 FF 0 FF 0 0
ID: 545, Data: 8E4 8B 0 8D 4 1 4 1
ID: 43F, Data: 844 48 60 FF 65 F8 27 0
ID: 316, Data: 845 32 D0 28 33 22 4A 7D
ID: 370, Data: 8FF E0 F0 FF FF FF FF FF
ID: 153, Data: 80 0 0 FF 0 FF 0 0
ID: 43F, Data: 844 48 60 FF 65 E8 27 0
ID: A1, Data: 87C 7A 81 78 26 0 0 0
ID: 316, Data: 845 33 BB 28 36 22 4A 7D
ID: 316, Data: 845 33 D0 28 37 22 4A 7D
ID: 440, Data: 8FE E4 49 A0 FF AA AA AA
ID: 316, Data: 845 34 BB 28 3A 22 4A 7D
ID: 153, Data: 80 0 0 FF 0 FF 0 0
ID: 2A0, Data: 81 14 65 18 30 0 F 0
ID: 43F, Data: 844 48 60 FF 65 E8 27 0
ID: 316, Data: 845 38 FB 28 2E 22 4A 7D
ID: 440, Data: 8FE 34 49 A0 FF AA AA AA
ID: 329, Data: 840 AF 80 8 11 3B 0 26
ID: 43F, Data: 844 48 60 FF 65 DC 27 0
ID: 440, Data: 8FE 44 49 A0 FF AA AA AA
ID: 153, Data: 80 0 0 FF 0 FF 0 0
ID: 316, Data: 845 2A 3D 28 19 23 4A 7D
ID: 316, Data: 845 27 EB 27 19 23 4A 7D
ID: 43F, Data: 844 48 60 FF 65 BC 27 0
ID: 316, Data: 845 22 9A 27 19 24 4A 7D
ID: 153, Data: 80 0 0 FF 0 FF 0 0
ID: 316, Data: 845 20 10 27 39 24 49 7D
ID: 316, Data: 845 23 FC 26 3D 24 49 7D
ID: 43F, Data: 844 48 60 FF 65 A8 27 0
ID: 316, Data: 845 2C AE 27 3F 23 49 7D
ID: 316, Data: 845 30 29 28 3F 23 49 7D
ID: 329, Data: 8B AF 80 8 11 3E 14 26
ID: 153, Data: 80 0 0 FF 0 FF 0 0
ID: 316, Data: 845 38 26 29 17 22 49 7D
ID: 153, Data: 80 0 0 FF 0 FF 0 0
ID: 43F, Data: 844 48 60 FF 65 9C 27 0
ID: 260, Data: 8B 30 18 30 58 FF D0 3B
ID: 153, Data: 80 0 0 FF 0 FF 0 0
ID: 280, Data: 830 0 88 AF 4F 17 65 3C
ID: 1F1, Data: 80 22 40 E2 23 50 E2 24
ID: 1F0, Data: 8FC 3F FD BF 0 0 0 0
ID: 316, Data: 845 21 4A 27 1A 24 49 7D
ID: 370, Data: 8FF E0 F0 FF FF FF FF FF
ID: 316, Data: 845 1D D5 26 1A 24 49 7D
ID: 316, Data: 845 1C 89 26 1A 24 49 7D
ID: 153, Data: 80 0 0 FF 0 FF 0 0
ID: 2A0, Data: 820 E 65 18 30 0 F 0
ID: 316, Data: 845 18 BC 25 1B 24 49 7D
ID: 329, Data: 8B AF 80 8 11 32 0 26
ID: 1F1, Data: 80 BA 3F D2 23 4B A2 24
ID: 153, Data: 80 0 0 FF 0 FF 0 0
ID: 153, Data: 80 0 0 FF 0 FF 0 0
ID: 545, Data: 8E4 48 0 8D 24 FF 24 FF
ID: 316, Data: 845 18 E8 23 1B 23 48 7D
ID: 153, Data: 80 0 0 FF 0 FF 0 0
ID: 153, Data: 80 0 0 FF 0 FF 0 0
ID: 316, Data: 845 1A 4C 24 F 19 48 7D
ID: 153, Data: 80 0 0 FF 0 FF 0 0
ID: 316, Data: 845 1A 6E 24 F 19 48 7D
ID: 316, Data: 845 1A 90 24 F 19 48 7D
ID: 2A0, Data: 820 C 65 18 30 0 F 0
ID: 370, Data: 8FF E0 F0 FF FF FF FF FF
ID: 43F, Data: 844 48 60 FF 65 90 26 0
ID: A0, Data: 824 7C 90 24 48 2C 2 0
ID: 316, Data: 85 19 2A 24 F 1A 47 7D
ID: 316, Data: 85 18 2A 24 F 1A 47 7D
ID: 1F0, Data: 8FC 3F FD BF 0 0 0 0
ID: 153, Data: 80 0 0 FF 0 FF 0 0
ID: 43F, Data: 844 48 60 FF 65 5C 26 0
ID: 153, Data: 80 0 0 FF 0 FF 0 0
ID: 43F, Data: 844 48 60 FF 65 44 26 0
ID: 316, Data: 8D 14 2A 24 F 1A 47 7D
ID: 18F, Data: 8AA 42 0 0 0 0 0 0
ID: 153, Data: 80 0 0 FF 0 FF 0 0
ID: 153, Data: 80 0 0 FF 0 FF 0 0
ID: 329, Data: 840 AF 80 8 12 33 0 26
ID: 316, Data: 8D B 2A 24 F 1A 46 7D
ID: 18F, Data: 8AA 41 0 0 0 0 0 0
ID: 43F, Data: 844 48 60 FF 65 C0 25 0
ID: 18F, Data: 8AA 41 0 0 0 0 0 0
ID: 153, Data: 80 0 0 FF 0 FF 0 0
ID: 153, Data: 80 0 0 FF 0 FF 0 0
ID: A1, Data: 880 7F 80 7D 19 0 0 0
ID: 329, Data: 840 AF 80 8 12 33 0 26
ID: 280, Data: 830 0 20 AF 4A 13 65 35
ID: 43F, Data: 844 48 60 FF 65 34 25 0
ID: 316, Data: 8D 0 1B 25 F 1A 45 7D
ID: 153, Data: 80 0 0 FF 0 FF 0 0
ID: 316, Data: 8D 0 F7 24 F 1A 45 7D
ID: A0, Data: 824 7C E6 24 45 2C 4 0
ID: 153, Data: 80 0 0 FF 0 FF 0 0
ID: 316, Data: 8D 0 7F 24 F 19 44 7D
ID: 153, Data: 80 0 0 FF 0 FF 0 0
ID: 316, Data: 8D 0 9 24 F 19 44 7D
ID: 43F, Data: 844 48 60 FF 65 A8 24 0
ID: 43F, Data: 844 48 60 FF 65 94 24 0
ID: 316, Data: 8D 0 76 23 F 19 44 7D
ID: 153, Data: 80 0 0 FF 0 FF 0 0
ID: 316, Data: 8D 0 55 23 F 19 44 7D
ID: 153, Data: 80 0 0 FF 0 FF 0 0
ID: 316, Data: 8D 0 45 23 F 19 43 7D
ID: 43F, Data: 844 48 60 FF 65 1C 24 0
ID: 370, Data: 8FF E0 F0 FF FF FF FF FF
ID: 280, Data: 830 0 20 AF 46 17 65 3F
ID: 153, Data: 80 0 0 FF 0 FF 0 0
ID: 545, Data: 8E4 0 0 8D 3E FE 3E FE
ID: 316, Data: 8D 0 16 23 F 19 42 7D
ID: A1, Data: 880 7F 80 7D 1E 0 0 0
ID: 43F, Data: 844 48 60 FF 65 90 23 0
ID: 153, Data: 80 0 0 FF 0 FF 0 0
ID: 316, Data: 8D 0 B8 22 F 19 42 7D
ID: 43F, Data: 844 48 60 FF 65 48 23 0
ID: 316, Data: 8D 0 8A 22 F 19 41 7D
ID: 440, Data: 8FE 34 41 A0 FF AA AA AA
ID: 153, Data: 80 0 0 FF 0 FF 0 0
ID: 2A0, Data: 820 6 65 18 30 0 F 0
ID: 316, Data: 8D 0 30 22 F 19 41 7D
ID: 316, Data: 8D 0 21 22 F 19 41 7D
ID: A0, Data: 826 7C 21 22 41 2C 4 0
ID: 153, Data: 80 0 0 FF 0 FF 0 0
ID: 153, Data: 80 0 0 FF 0 FF 0 0
ID: A0, Data: 826 7C D7 21 41 2C 4 0
ID: 18F, Data: 8AA 3B 0 0 0 0 0 0
ID: 43F, Data: 844 48 60 FF 65 54 22 0
ID: 260, Data: 80 0 10 30 58 FF 5D 2D
ID: 5F0, Data: 20 0
ID: 316, Data: 8D 0 71 21 10 19 3F 7D
ID: 316, Data: 8D 0 63 21 10 19 3F 7D
ID: A0, Data: 826 7C 71 21 40 2C 4 0
ID: 5F0, Data: 20 0
ID: 43F, Data: 844 48 60 FF 65 DC 21 0
ID: 153, Data: 80 0 0 FF 0 FF 0 0
ID: 2A0, Data: 880 5 65 18 30 0 F 0
ID: 316, Data: 8D 0 0 21 10 19 3F 7D
ID: 440, Data: 8FE 44 3E A0 FF AA AA AA
ID: 440, Data: 8FE 44 3E A0 FF AA AA AA
ID: 153, Data: 80 0 0 FF 0 FF 0 0
ID: 153, Data: 80 0 0 FF 0 FF 0 0
ID: 2A0, Data: 8E0 5 65 18 30 0 F 0
ID: 316, Data: 8D 0 BB 20 10 19 3E 7D
ID: 316, Data: 8D 0 A0 20 10 19 3E 7D
ID: 18F, Data: 8AA 3A 0 0 0 0 0 0
ID: 316, Data: 8D 0 92 20 10 19 3E 7D
ID: 153, Data: 80 0 0 FF 0 FF 0 0
ID: 316, Data: 8D 0 6A 20 10 19 3D 7D
ID: 153, Data: 80 0 0 FF 0 FF 0 0
ID: 153, Data: 80 0 0 FF 0 FF 0 0
ID: 316, Data: 8D 0 42 20 10 19 3D 7D
ID: 43F, Data: 844 48 60 FF 65 DC 20 0
ID: 316, Data: 8D 0 27 20 10 19 3D 7D
ID: A1, Data: 880 7F 80 7D 1E 0 0 0
ID: 316, Data: 8D 0 0 20 10 19 3D 7D
ID: 316, Data: 8D 0 D 20 10 19 3C 7D
ID: 153, Data: 80 0 0 FF 0 FF 0 0
ID: 316, Data: 8D 0 D8 1F 10 19 3C 7D
ID: 316, Data: 8D 0 D8 1F 10 19 3C 7D
ID: 2A0, Data: 8E0 4 65 18 30 0 F 0
ID: 153, Data: 80 0 0 FF 0 FF 0 0
ID: 153, Data: 80 0 0 FF 0 FF 0 0
ID: 153, Data: 80 0 0 FF 0 FF 0 0
ID: 280, Data: 830 0 20 B0 3E 16 65 3F
ID: 316, Data: 8D 0 59 1F 10 19 3B 7D
ID: 440, Data: 8FE 44 3B A0 FF AA AA AA
ID: 153, Data: 80 0 0 FF 0 FF 0 0
ID: 18F, Data: 8AA 38 0 0 0 0 0 0
ID: 280, Data: 830 0 20 B0 3D 16 65 3F
ID: 316, Data: 8D 0 DD 1E 11 19 3B 7D
ID: 153, Data: 80 0 0 FF 0 FF 0 0
ID: 153, Data: 80 0 0 FF 0 FF 0 0
ID: 153, Data: 80 0 0 FF 0 FF 0 0
ID: 2A0, Data: 840 3 65 18 30 0 F 0
ID: 316, Data: 8D 0 70 1E 11 19 3A 7D
ID: 329, Data: 885 B0 80 8 12 33 0 26
ID: 43F, Data: 844 48 60 FF 65 AC 1E 0
ID: 370, Data: 8FF E0 F0 FF FF FF FF FF
ID: 260, Data: 80 0 11 30 58 FF 4E E
ID: 316, Data: 8D 0 C3 1D 11 19 39 7D
ID: 316, Data: 8D 0 AC 1D 11 19 38 7D
ID: A1, Data: 880 7F 80 7D 1D 0 0 0
ID: 370, Data: 8FF E0 F0 FF FF FF FF FF
ID: 43F, Data: 844 48 60 FF 65 DC 1D 0
ID: A0, Data: 829 7C 48 1D 38 2B 4 0
ID: 316, Data: 8D 0 7 1D 11 19 37 7D
ID: 153, Data: 80 0 0 FF 0 FF 0 0
ID: 545, Data: 8E4 0 0 8D 45 FE 45 FE
ID: 316, Data: 8D 0 C6 1C 11 19 37 7D
ID: 1F1, Data: 80 43 AD A1 1A B4 51 1B
ID: 1F0, Data: 8FD 3F FD BF 0 0 0 0
ID: 43F, Data: 844 48 60 FF 65 F8 1C 0
ID: 280, Data: 830 0 20 B0 38 15 65 3C
ID: 153, Data: 80 0 0 FF 0 FF 0 0
ID: 153, Data: 80 0 0 FF 0 FF 0 0
ID: 316, Data: 8D 0 C 1C 12 19 35 7D
ID: 43F, Data: 844 48 60 FF 65 80 1C 0
ID: 440, Data: 8FE E4 35 A0 FF AA AA AA
ID: 2A0, Data: 820 2 65 18 30 0 F 0
ID: 153, Data: 80 0 0 FF 0 FF 0 0
ID: 316, Data: 8D 0 8C 1B 12 19 34 7D
ID: 153, Data: 80 0 0 FF 0 FF 0 0
ID: 316, Data: 8D 0 48 1B 12 19 34 7D
ID: 1F1, Data: 80 CC 96 51 19 9E E1 19
ID: 153, Data: 80 0 0 FF 0 FF 0 0
ID: 43F, Data: 844 48 60 FF 65 98 1B 0
ID: 153, Data: 80 0 0 FF 0 FF 0 0
ID: 316, Data: 8D 0 C6 1A 12 18 33 7D
ID: 153, Data: 80 0 0 FF 0 FF 0 0
ID: 316, Data: 8D 0 86 1A 12 18 33 7D
ID: 316, Data: 8D 0 6B 1A 12 18 32 7D
ID: 329, Data: 8ED B0 80 8 12 31 0 26
ID: 43F, Data: 844 48 60 FF 65 D4 1A 0
ID: 153, Data: 80 0 0 FF 0 FF 0 0
ID: 370, Data: 8FF E0 F0 FF FF FF FF FF
ID: 316, Data: 8D 0 DF 19 13 18 31 7C
ID: 153, Data: 80 0 0 FF 0 FF 0 0
ID: 316, Data: 8D 0 A4 19 13 18 31 7C
ID: 153, Data: 80 0 0 FF 0 FF 0 0
ID: 316, Data: 8D 0 71 19 13 18 31 7C
ID: 370, Data: 8FF E0 F0 FF FF FF FF FF
ID: 545, Data: 8E4 0 0 8D 47 FE 47 FE
ID: 316, Data: 8D 0 28 19 13 18 30 7C
ID: 316, Data: 8D 0 8 19 13 18 30 7C
ID: 5F0, Data: 20 0
ID: 43F, Data: 844 48 60 FF 65 54 19 0
ID: 153, Data: 80 0 0 FF 0 FF 0 0
ID: 316, Data: 8D 0 99 18 13 18 2F 7C
ID: 153, Data: 80 0 0 FF 0 FF 0 0
ID: 329, Data: 8ED B0 80 8 12 30 0 26
ID: 316, Data: 8D 0 3E 18 13 18 2E 7C
ID: 2A0, Data: 840 2 65 18 30 0 F 0
ID: 316, Data: 8D 0 F3 17 14 18 2E 7C
ID: 153, Data: 80 0 0 FF 0 FF 0 0
ID: 316, Data: 8D 0 B9 17 14 18 2D 7C
ID: 153, Data: 80 0 0 FF 0 FF 0 0
ID: 316, Data: 8D 0 95 17 14 18 2D 7C
ID: 316, Data: 8D 0 79 17 14 18 2D 7C
ID: 545, Data: 8E4 0 0 8D 4B FE 4B FE
ID: 316, Data: 8D 0 25 17 14 18 2C 7C
ID: 316, Data: 8D 0 A 17 14 18 2C 7C
ID: 329, Data: 840 B0 80 8 12 30 0 26
ID: A1, Data: 880 7F 80 7D 1C 0 0 0
ID: 153, Data: 80 0 0 FF 0 FF 0 0
ID: 370, Data: 8FF E0 F0 FF FF FF FF FF
ID: 153, Data: 80 0 0 FF 0 FF 0 0
ID: 153, Data: 80 0 0 FF 0 FF 0 0
ID: 43F, Data: 844 48 60 FF 65 BC 16 0
ID: 153, Data: 80 0 0 FF 0 FF 0 0
ID: 280, Data: 830 0 20 B0 2B 14 65 3B
ID: 316, Data: 8D 0 D5 15 15 18 2A 7C
ID: 43F, Data: 844 48 60 FF 65 3C 16 0
ID: 440, Data: 8FE 34 29 A0 FF AA AA AA
ID: 545, Data: 8E4 0 0 8D 49 FE 49 FE
ID: 316, Data: 8D 0 4C 15 15 18 29 7C
ID: 329, Data: 8ED B0 80 8 12 2F 0 26
ID: 43F, Data: 844 48 60 FF 65 90 15 0
ID: 316, Data: 8D 0 E6 14 16 18 28 7C
ID: 2A0, Data: 8E0 1 65 18 30 0 F 0
ID: 43F, Data: 844 48 60 FF 65 24 15 0
ID: 316, Data: 8D 0 78 14 16 18 27 7C
ID: 316, Data: 8D 0 63 14 17 18 27 7C
ID: 43F, Data: 844 48 60 FF 65 C8 14 0
ID: 316, Data: 8D 0 14 14 18 18 27 7C
ID: 280, Data: 830 0 20 B0 27 14 65 3B
ID: 43F, Data: 844 48 60 FF 65 50 14 0
ID: 316, Data: 8D 0 7E 13 18 18 26 7C
ID: 370, Data: 8FF E0 F0 FF FF FF FF FF
ID: 316, Data: 8D 0 1E 13 18 18 25 7C
ID: A1, Data: 880 7F 80 7D 1C 0 0 0
ID: 43F, Data: 844 48 60 FF 65 A0 13 0
ID: 153, Data: 80 0 0 FF 0 FF 0 0
ID: 280, Data: 830 0 20 B0 24 14 65 3B
ID: 316, Data: 8D 0 54 12 19 19 24 7C
ID: 43F, Data: 844 48 60 FF 65 14 13 0
ID: 316, Data: 8D 0 11 12 19 19 24 7C
ID: 2A0, Data: 8E0 1 65 18 30 0 F 0
ID: 153, Data: 80 0 0 FF 0 FF 0 0
ID: 316, Data: 8D 0 B6 11 1A 19 23 7C
ID: A0, Data: 828 7C B6 11 23 26 4 0
ID: 153, Data: 80 0 0 FF 0 FF 0 0
ID: 316, Data: 8D 0 49 11 1A 19 22 7C
ID: 153, Data: 80 0 0 FF 0 FF 0 0
ID: 316, Data: 8D 0 14 11 1A 19 22 7C
ID: 153, Data: 80 0 0 FF 0 FF 0 0
ID: 329, Data: 885 AF 80 8 12 2D 0 26
ID: 43F, Data: 84B 48 60 FF 65 7C 11 0
ID: 440, Data: 8FE 34 20 A0 FF AA AA AA
ID: 316, Data: 85 4 6B 10 1B 19 20 7C
ID: A0, Data: 82A 7C 91 10 21 25 2 0
ID: 43F, Data: 84B 48 60 FF 65 E0 10 0
ID: 43F, Data: 84B 48 60 FF 65 C8 10 0
ID: 18F, Data: 8AA 36 0 0 0 0 0 0
ID: 316, Data: 85 18 62 F 1C 1A 1F 7C
ID: 153, Data: 80 0 0 FF 0 FF 0 0
ID: 316, Data: 85 1D B9 F 1C 1A 1E 7C
ID: 1F0, Data: 8FB 3F FD BF 0 0 0 0
ID: 153, Data: 80 0 0 FF 0 FF 0 0
ID: 316, Data: 85 1D 6 F 1D 1A 1E 7C
ID: 370, Data: 8FF E0 F0 FF FE FF FF FF
ID: 440, Data: 8FE 44 1D A0 FF AA AA AA
ID: 153, Data: 80 0 0 FF 0 FF 0 0
ID: 2A0, Data: 840 0 65 18 30 0 F 0
ID: 316, Data: 85 1C 10 10 1B 1A 1D 7C
ID: 316, Data: 85 1C 3 10 1B 1A 1D 7C
ID: 43F, Data: 84B 48 60 FF 65 C4 13 0
ID: 43F, Data: 84B 48 60 FF 65 F8 13 0
ID: 2A0, Data: 880 0 65 18 30 0 F 0
ID: 316, Data: 85 1B 79 10 1A 1A 1C 7C
ID: 316, Data: 85 1B 7C 10 1A 1A 1C 7C
ID: 260, Data: 8B 1B 1B 30 58 FF 4F C
ID: 43F, Data: 84B 48 60 FF 65 2C 14 0
ID: 316, Data: 85 1A AA 10 1A 1A 1C 7C
ID: 153, Data: 80 0 0 FF 0 FF 0 0
ID: 316, Data: 85 1A 8E 10 1A 1A 1C 7C
ID: 153, Data: 80 0 0 FF 0 FF 0 0
ID: 2A0, Data: 880 0 65 18 30 0 F 0
ID: 316, Data: 85 1A 6F 10 1A 1A 1B 7C
ID: 316, Data: 85 1A 75 10 1A 1A 1B 7C
ID: 153, Data: 80 0 0 FF 0 FF 0 0
ID: 1F0, Data: 8FC 3F FD BF 0 0 0 0
ID: 316, Data: 85 1A 49 10 1A 1A 1B 7C
ID: 316, Data: 85 1A 45 10 1A 1A 1B 7C
ID: 18F, Data: 8AA 35 0 0 0 0 0 0
ID: 316, Data: 85 1A 50 10 19 1A 1B 7C
ID: 43F, Data: 843 48 60 FF 65 8 13 0
ID: 316, Data: 85 1A 1D 10 19 1A 1A 7C
ID: A1, Data: 895 7F 95 7D 1C 0 0 0
ID: 153, Data: 80 0 0 FF 0 FF 0 0
ID: 316, Data: 85 1A F2 F 19 1A 1A 7C
ID: 153, Data: 80 0 0 FF 0 FF 0 0
ID: 316, Data: 85 1A E9 F 19 1A 1A 7C
ID: 153, Data: 80 0 0 FF 0 FF 0 0
ID: 316, Data: 85 1A C2 F 19 1A 1A 7C
ID: 370, Data: 8FF E0 F0 FF FF FF FF FF
ID: 2A0, Data: 840 0 65 18 30 0 F 0
ID: 316, Data: 85 1A 9C F 19 1A 19 7C
ID: 316, Data: 85 1A 90 F 19 1A 19 7C
ID: 280, Data: 830 0 84 AF 1E 14 65 3B
ID: 153, Data: 80 0 0 FF 0 FF 0 0
ID: 316, Data: 85 1A 44 F 19 1A 18 7C
ID: 43F, Data: 843 48 60 FF 65 3C 11 0
ID: 370, Data: 8FF E0 F0 FF FF FF FF FF
ID: 153, Data: 80 0 0 FF 0 FF 0 0
ID: 316, Data: 85 19 3 F 1A 1A 18 7C
ID: 316, Data: 85 19 15 F 19 1A 17 7C
ID: 316, Data: 85 19 F5 E 1A 1A 17 7C
ID: 153, Data: 80 0 0 FF 0 FF 0 0
ID: 5F0, Data: 20 0
ID: 1F1, Data: 80 BB AE D0 A B0 10 B
ID: 43F, Data: 843 48 60 FF 65 AC F 0
ID: 5F0, Data: 20 0
ID: 1F1, Data: 80 CB A8 80 A AB B0 A
ID: 316, Data: 85 19 7E E 1A 1B 16 7C
ID: 329, Data: 885 AF 80 8 12 2C 0 26
ID: 5F0, Data: 20 0
ID: 1F0, Data: 80 40 FD BF 0 0 0 0
ID: 43F, Data: 83 48 60 FF 65 7C E 0
ID: 5F0, Data: 20 0
ID: 43F, Data: 83 48 60 FF 65 38 E 0
ID: 153, Data: 80 0 0 FF 0 FF 0 0
ID: 316, Data: 85 1A 26 D 1C 1B 14 7C
ID: 153, Data: 80 0 0 FF 0 FF 0 0
ID: 153, Data: 80 0 0 FF 0 FF 0 0
ID: 43F, Data: 83 48 60 FF 65 30 D 0
ID: 153, Data: 80 0 0 FF 0 FF 0 0
ID: 316, Data: 85 1C 19 C 1E 1B 12 7C
ID: 153, Data: 80 0 0 FF 0 FF 0 0
ID: 316, Data: 85 1D F8 B 1E 1B 12 7C
ID: 316, Data: 85 1D D2 B 1F 1B 11 7C
ID: 316, Data: 85 1E C1 B 1F 1B 11 7C
ID: 153, Data: 80 0 0 FF 0 FF 0 0
ID: 153, Data: 80 0 0 FF 0 FF 0 0
ID: 316, Data: 85 1E 80 B 1F 1B 10 7C
ID: A0, Data: 833 7C A7 B 11 24 2 0
ID: 153, Data: 80 0 0 FF 0 FF 0 0
ID: 316, Data: 85 1F 63 B 1F 1B F 7C
ID: 153, Data: 80 0 0 FF 0 FF 0 0
ID: 316, Data: 85 1F 68 B 1F 1B F 7C
ID: 43F, Data: 83 48 60 FF 65 2C A 0
ID: 43F, Data: 83 48 60 FF 65 EC 9 0
ID: 440, Data: 8FE 13 E A0 FF AA AA AA
ID: 316, Data: 85 1F 1 B 20 1A E 7C
ID: 316, Data: 85 1F E7 A 20 1A D 7C
ID: 153, Data: 80 0 0 FF 0 FF 0 0
ID: 153, Data: 80 0 0 FF 0 FF 0 0
ID: 153, Data: 80 0 0 FF 0 FF 0 0
ID: A1, Data: 886 7F 86 7D 21 0 0 0
ID: 329, Data: 840 AF 80 8 12 2A 0 26
ID: 545, Data: 8E4 20 0 8D EB FF EB FF
ID: 5F0, Data: 20 0
ID: 43F, Data: 83 48 60 FF 65 C0 7 0
ID: 316, Data: 85 24 A8 9 31 22 B 7C
ID: 316, Data: 85 25 A9 9 31 22 B 7C
ID: 260, Data: 8B 26 32 30 58 FF 66 2C
ID: 153, Data: 80 0 0 FF 0 FF 0 0
ID: 316, Data: 85 29 AE 9 31 22 A 7C
ID: 316, Data: 85 2B AF 9 31 22 A 7C
ID: 316, Data: 85 2B DA 9 30 22 A 7C
ID: 1F0, Data: 8FD 3F FD BF 0 0 0 0
ID: A0, Data: 846 7C AF 9 A 25 2 0
ID: 153, Data: 80 0 0 FF 0 FF 0 0
ID: 18F, Data: 8AA 34 0 0 0 0 0 0
ID: 316, Data: 845 2D 4C A 2E 22 9 7C
ID: 43F, Data: 8A 48 60 FF 65 18 8 0
ID: 370, Data: 8FF E0 F0 FF FF FF FF FF
ID: 370, Data: 8FF E0 F0 FF FF FF FF FF
ID: 316, Data: 845 2E 9D A 2D 22 8 7C
ID: 153, Data: 80 0 0 FF 0 FF 0 0
ID: 43F, Data: 82 48 60 FF 65 98 8 0
ID: 43F, Data: 82 48 60 FF 65 54 8 0
ID: 153, Data: 80 0 0 FF 0 FF 0 0
ID: 316, Data: 845 2E 24 B 2C 22 7 7C
ID: 316, Data: 845 2E 35 B 2B 22 7 7C
ID: 280, Data: 830 0 84 AF 16 1F 66 56
ID: 153, Data: 80 0 0 FF 0 FF 0 0
ID: 316, Data: 845 2D 3F B 2B 22 7 7C
ID: 43F, Data: 82 48 60 FF 65 6C 7 0
ID: 316, Data: 845 2C 32 B 2C 22 7 7C
ID: 440, Data: 8F9 82 6 A0 FF AA AA AA
ID: 316, Data: 845 2C 24 B 2C 22 6 7C
ID: 316, Data: 845 2C 25 B 2C 22 6 7C
ID: 43F, Data: 82 48 60 FF 65 D8 6 0
ID: 43F, Data: 82 48 60 FF 65 C8 6 0
ID: 43F, Data: 82 48 60 FF 65 A8 6 0
ID: 316, Data: 845 2C E7 A 2C 22 6 7C
ID: A0, Data: 83D 7C E7 A 6 25 2 0
ID: 316, Data: 845 2C AD A 2D 22 6 7C
ID: 153, Data: 80 0 0 FF 0 FF 0 0
ID: 153, Data: 80 0 0 FF 0 FF 0 0
ID: 43F, Data: 82 48 60 FF 64 4 6 0
ID: 43F, Data: 82 48 60 FF 64 F8 5 0
ID: 43F, Data: 82 48 60 FF 64 D8 5 0
ID: 153, Data: 80 0 0 FF 0 FF 0 0
ID: 153, Data: 80 0 0 FF 0 FF 0 0
ID: 316, Data: 845 2D 65 A 2E 22 5 7C
ID: 153, Data: 80 0 0 FF 0 FF 0 0
ID: 316, Data: 845 2D 77 A 2D 22 5 7C
ID: 153, Data: 80 0 0 FF 0 FF 0 0
ID: 316, Data: 845 2E 7E A 2D 22 5 7C
ID: 440, Data: 8DF 82 4 A0 FF AA AA AA
ID: 316, Data: 845 2E 81 A 2D 22 4 7C
ID: 316, Data: 845 2E 8F A 2D 22 4 7C
ID: 316, Data: 845 2E 8F A 2D 22 4 7C
ID: 316, Data: 845 2E 89 A 2D 22 4 7C
ID: 153, Data: 80 0 0 FF 0 FF 0 0
ID: 153, Data: 80 0 0 FF 0 FF 0 0
ID: 43F, Data: 82 48 60 FF 65 8C 4 0
ID: 153, Data: 80 0 0 FF 0 FF 0 0
ID: 43F, Data: 82 48 60 FF 65 7C 4 0
ID: 153, Data: 80 0 0 FF 0 FF 0 0
ID: 153, Data: 80 0 0 FF 0 FF 0 0
ID: 18F, Data: 8AA 3C 0 0 0 0 0 0
ID: 280, Data: 830 0 84 B0 15 20 66 58
ID: 316, Data: 845 2D 7C A 2D 22 4 7C
ID: 43F, Data: 82 48 60 FF 64 48 4 0
ID: 153, Data: 80 0 0 FF 0 FF 0 0
ID: 316, Data: 845 2D 8C A 2D 22 4 7C
ID: 43F, Data: 82 48 60 FF 64 2C 4 0
ID: 316, Data: 845 2D A3 A 2D 22 3 7C
ID: 545, Data: 8E4 2A 0 8C C6 0 C6 0
ID: 153, Data: 80 0 0 FF 0 FF 0 0
ID: 316, Data: 845 2D 92 A 2C 22 3 7C
ID: 153, Data: 80 0 0 FF 0 FF 0 0
ID: 316, Data: 845 2D 96 A 2C 22 3 7C
ID: 43F, Data: 82 48 60 FF 64 EC 3 0
ID: 316, Data: 845 2D 82 A 2C 22 3 7C
ID: 280, Data: 830 0 84 B0 14 1F 66 57
ID: 153, Data: 80 0 0 FF 0 FF 0 0
ID: 316, Data: 845 2D 77 A 2C 22 3 7C
ID: 316, Data: 845 2D 66 A 2D 22 3 7C
ID: 316, Data: 845 2D 60 A 2D 22 3 7C
ID: 153, Data: 80 0 0 FF 0 FF 0 0
ID: 153, Data: 80 0 0 FF 0 FF 0 0
ID: 43F, Data: 82 48 60 FF 65 70 3 0
ID: A0, Data: 83F 7C 74 A 3 25 2 0
ID: 153, Data: 80 0 0 FF 0 FF 0 0
ID: A1, Data: 87E 80 81 7F 29 0 0 0
ID: 2A0, Data: 820 0 66 18 30 0 F 0
ID: 18F, Data: 8AA 3D 0 0 0 0 0 0
ID: A1, Data: 87E 80 81 7F 29 0 0 0
ID: 329, Data: 840 B0 80 8 12 2C 0 26
ID: 545, Data: 8E4 29 0 8D BF 0 BF 0
ID: 43F, Data: 82 48 60 FF 65 40 3 0
ID: 5F0, Data: 20 0
ID: 153, Data: 80 0 0 FF 0 FF 0 0
ID: 316, Data: 845 2C 96 A 2B 22 3 7C
ID: 43F, Data: 82 48 60 FF 65 84 3 0
ID: 316, Data: 845 2C 81 A 35 22 3 7C
ID: 329, Data: 8B B0 80 8 11 2C 9 26
ID: A1, Data: 883 7F 81 80 29 0 0 0
ID: 316, Data: 845 33 B6 A 60 22 3 7C
ID: 153, Data: 80 0 0 FF 0 FF 0 0
ID: 316, Data: 845 3D 1C B 61 21 3 7C
ID: 316, Data: 845 40 47 B 60 21 3 7C
ID: 280, Data: 830 0 88 B0 17 2A 66 69
ID: 153, Data: 80 0 0 FF 0 FF 0 0
ID: 153, Data: 80 0 0 FF 0 FF 0 0
ID: 316, Data: 845 4A 8C D 71 20 3 7C
ID: 153, Data: 80 0 0 FF 0 FF 0 0
ID: 316, Data: 845 54 47 F 73 1F 4 7C
ID: 316, Data: 845 5A 31 10 72 1E 4 7C
ID: 153, Data: 80 0 0 FF 0 FF 0 0
ID: 5F0, Data: 20 0
ID: 2A0, Data: 81 5 66 18 30 0 F 0
ID: 329, Data: 8ED B0 80 8 11 3F 2B 26
ID: 316, Data: 845 63 8D 15 6D 1C 4 7C
ID: 43F, Data: 82 48 60 FF 65 1C 7 0
ID: 43F, Data: 82 48 60 FF 65 68 7 0
ID: 370, Data: 8FF E0 F0 FF FF FF FF FF
ID: 370, Data: 8FF E0 F0 FF FF FF FF FF
ID: 316, Data: 845 63 48 19 6B 1C 6 7C
ID: 5F0, Data: 20 0
ID: 316, Data: 845 64 E8 19 6A 1B 7 7C
ID: 316, Data: 845 66 1 1A 6A 1B 7 7C
ID: 153, Data: 80 0 0 FF 0 FF 0 0
ID: 5F0, Data: 20 0
ID: 43F, Data: 82 48 60 FF 65 2C B 0
ID: 43F, Data: 82 48 60 FF 65 6C B 0
ID: 43F, Data: 82 48 60 FF 65 DC B 0
ID: 153, Data: 80 0 0 FF 0 FF 0 0
ID: 43F, Data: 82 48 60 FF 65 CC C 0
ID: 316, Data: 845 62 FD 1A 69 1C A 7C
ID: 153, Data: 80 0 0 FF 0 FF 0 0
ID: 1F0, Data: 8FC 3F FD BF 0 0 0 0
ID: 260, Data: 8B 63 6A 30 58 FF AD 34
ID: A0, Data: 872 7C FD 1A C 3A 2 0
ID: 440, Data: 8E7 72 C A0 FF AA AA AA
ID: 43F, Data: 82 48 60 FF 65 FC F 0
ID: 18F, Data: 8AA 40 0 0 0 0 0 0
ID: 153, Data: 80 0 0 FF 0 FF 0 0
ID: 18F, Data: 8AA 41 0 0 0 0 0 0
ID: 316, Data: 845 62 96 1B 61 1C E 7C
ID: 316, Data: 845 62 B3 1B 60 1C F 7C
ID: A0, Data: 870 7C B3 1B F 3A 2 0
ID: 153, Data: 80 0 0 FF 0 FF 0 0
ID: 370, Data: 8FF E0 F0 FF FF FF FF FF
ID: 153, Data: 80 0 0 FF 0 FF 0 0
ID: 440, Data: 8FE 72 11 A0 FF AA AA AA
ID: 316, Data: 845 5B EE 1B 60 1C 11 7C
ID: 153, Data: 80 0 0 FF 0 FF 0 0
ID: 545, Data: 8E4 C5 0 8D 5B 4 5B 4
ID: 316, Data: 845 5A EE 1B 60 1C 12 7C
ID: 329, Data: 840 B0 80 8 11 42 27 26
ID: 43F, Data: 82 48 60 FF 65 24 16 0
ID: 370, Data: 8FF DE F0 FF FF FF FF FF
ID: 316, Data: 845 5A 73 1C 60 1C 13 7C
ID: 329, Data: 8ED B0 80 8 11 42 27 26
ID: 43F, Data: 82 48 60 FF 65 78 17 0
ID: 316, Data: 845 5A DC 1C 5F 1C 14 7C
ID: 153, Data: 80 0 0 FF 0 FF 0 0
ID: 316, Data: 845 5A 7 1D 60 1C 15 7C
ID: 316, Data: 845 5A 27 1D 61 1C 15 7C
ID: A1, Data: 885 7B 82 7E 41 0 0 0
ID: 316, Data: 845 5A 7F 1D 61 1C 16 7C
ID: 440, Data: 8FE 22 16 A0 FF AA AA AA
ID: 153, Data: 80 0 0 FF 0 FF 0 0
ID: 545, Data: 8E4 CE 0 8D 64 4 64 4
ID: 316, Data: 845 5B 2A 1E 60 1C 17 7C
ID: 280, Data: 830 0 88 B0 3C 37 66 8A
ID: 43F, Data: 82 48 60 FF 65 4 1B 0
ID: 2A0, Data: 8A1 17 66 18 30 0 F 0
ID: A0, Data: 866 7C 94 1E 18 3A 2 0
ID: 153, Data: 80 0 0 FF 0 FF 0 0
ID: 153, Data: 80 0 0 FF 0 FF 0 0
ID: 1F1, Data: 80 66 CA 80 C CE E0 C
ID: A0, Data: 865 7D 1A 1F 19 3A 2 0
ID: 43F, Data: 82 48 60 FF 65 D4 1C 0
ID: 43F, Data: 82 48 60 FF 65 28 1D 0
ID: 316, Data: 845 59 5C 20 5E 1C 19 7C
ID: 153, Data: 80 0 0 FF 0 FF 0 0
ID: 316, Data: 845 58 D7 20 60 1C 1A 7C
ID: 316, Data: 845 58 0 21 66 1C 1A 7C
ID: A1, Data: 882 7B 7F 7E 40 0 0 0
ID: 440, Data: 8FE 82 1B A0 FF AA AA AA
ID: 43F, Data: 82 48 60 FF 66 4 1F 0
ID: 153, Data: 80 0 0 FF 0 FF 0 0
ID: 316, Data: 845 76 C7 23 78 1B 1B 7C
ID: 153, Data: 80 0 0 FF 0 FF 0 0
ID: 316, Data: 845 79 D5 24 79 1B 1C 7C
ID: 316, Data: 845 79 1B 25 7C 1B 1C 7C
ID: 153, Data: 80 0 0 FF 0 FF 0 0
ID: 43F, Data: 82 48 60 FF 65 94 21 0
ID: 316, Data: 845 82 AA 25 91 1B 1D 7C
ID: 280, Data: 830 0 88 B0 4C 55 66 AA
ID: 316, Data: 845 95 37 27 9C 1B 1E 7C
ID: 2A0, Data: 81 20 66 18 30 0 F 0
ID: 43F, Data: 82 48 60 FF 65 B8 24 0
ID: 43F, Data: 82 48 60 FF 65 8 25 0
ID: 370, Data: 8FF D7 F0 FF FF FF FF FF
ID: 18F, Data: 8AA 42 0 0 0 0 0 0
ID: 316, Data: 845 9C 4A 2B 9E 1D 21 7C
ID: 153, Data: 80 0 0 FF 0 FF 0 0
ID: 153, Data: 80 0 0 FF 0 FF 0 0
ID: 280, Data: 830 0 88 B0 57 5B 66 AE
ID: 440, Data: 8FE 22 23 A0 FF AA AA AA
ID: 153, Data: 80 0 0 FF 0 FF 0 0
ID: 5F0, Data: 20 0
ID: 316, Data: 845 A4 67 2E A4 1D 24 7C
ID: 153, Data: 80 0 0 FF 0 FF 0 0
ID: A0, Data: 8C6 7D 74 2D 24 5B 2 0
ID: 316, Data: 845 A6 F6 2F A3 1E 25 7C
ID: 18F, Data: 8AA 43 0 0 0 0 0 0
ID: 316, Data: 845 A5 8B 30 A3 1E 26 7C
ID: 43F, Data: 8B 48 60 FF 65 F8 2C 0
ID: 18F, Data: 8AA 43 0 0 0 0 0 0
ID: 153, Data: 80 0 0 FF 0 FF 0 0
ID: 2A0, Data: 861 2D 66 18 30 0 F 0
ID: 280, Data: 830 0 88 B0 64 55 66 A2
ID: 370, Data: 8FF D4 F0 FF FF FF FF FF
ID: 316, Data: 845 87 C0 31 8B 1F 2A 7C
ID: 5F0, Data: 20 0
ID: 370, Data: 8FF D4 F0 FF FF FF FF FF
ID: 316, Data: 845 86 26 33 89 20 2B 7C
ID: 43F, Data: 8B 48 60 FF 65 88 30 0
ID: 440, Data: 8FE D2 2B A0 FF AA AA AA
ID: 153, Data: 80 0 0 FF 0 FF 0 0
ID: 316, Data: 845 70 23 31 8A 1F 2C 7C
ID: 316, Data: 845 68 D6 2E 8B 1E 2C 7C
ID: 43F, Data: 8B 48 60 6D 65 EC 28 0
ID: 440, Data: 8FE 22 2D A0 FF AA AA AA
ID: A0, Data: 8A7 7C A4 2C 2D 4F 2 0
ID: 153, Data: 80 0 0 FF 0 FF 0 0
ID: 329, Data: 8ED B0 80 8 11 56 48 26
ID: 153, Data: 80 0 0 FF 0 FF 0 0
ID: 153, Data: 80 0 0 FF 0 FF 0 0
ID: 280, Data: 830 0 88 B0 50 52 65 A1
ID: 316, Data: 845 85 D7 27 7B 1C 2F 7C
ID: 153, Data: 80 0 0 FF 0 FF 0 0
ID: 316, Data: 845 7C 5E 27 6E 1C 30 7C
ID: 316, Data: 845 79 37 27 61 1C 30 7C
ID: 43F, Data: 8B 48 60 FF 66 48 23 0
ID: 153, Data: 80 0 0 FF 0 FF 0 0
ID: A0, Data: 86F 7C FC 26 31 40 2 0
ID: 316, Data: 845 5A 50 26 56 1E 31 7C
ID: 153, Data: 80 0 0 FF 0 FF 0 0
ID: 316, Data: 845 56 2A 26 56 1E 31 7C
ID: 153, Data: 80 0 0 FF 0 FF 0 0
ID: 260, Data: 8B 55 57 30 58 FF BF 16
ID: 316, Data: 845 54 63 26 56 1E 32 7C
ID: 43F, Data: 83 48 60 FF 66 58 24 0
ID: 316, Data: 845 54 89 26 56 1E 32 7C
ID: A1, Data: 879 7E 78 7D 3A 0 0 0
ID: 316, Data: 845 53 C2 26 56 1E 32 7C
ID: 316, Data: 845 53 E9 26 56 1E 32 7C
ID: 43F, Data: 83 48 60 FF 66 E8 24 0
ID: 18F, Data: 8AA 42 0 0 0 0 0 0
ID: 153, Data: 80 0 0 FF 0 FF 0 0
ID: 2A0, Data: 8C1 31 65 18 30 0 F 0
ID: 545, Data: 8E4 E5 0 8D A5 3 A5 3
ID: A1, Data: 878 7E 7A 7D 39 0 0 0
ID: 43F, Data: 83 48 60 FF 66 58 25 0
ID: 43F, Data: 83 48 60 FF 66 80 25 0
ID: 316, Data: 845 53 86 27 55 1E 34 7C
ID: 260, Data: 8B 54 55 30 58 FF C0 17
ID: 5F0, Data: 20 0
ID: 2A0, Data: 81 2F 65 18 30 0 F 0
ID: 280, Data: 830 0 88 B0 4F 2E 65 73
ID: 2A0, Data: 880 2E 65 18 30 0 F 0
ID: 153, Data: 80 0 0 FF 0 FF 0 0
ID: 316, Data: 845 36 10 27 16 21 34 7C
ID: 316, Data: 845 2F AF 26 17 22 34 7C
ID: A1, Data: 871 7A 75 7A 20 0 0 0
ID: 43F, Data: 83 48 60 FF 66 F0 25 0
ID: 43F, Data: 83 48 60 FF 66 E8 25 0
ID: 545, Data: 8E4 4B 0 8D F6 FF F6 FF
ID: 316, Data: 845 20 CE 25 1A 23 35 7C
ID: 316, Data: 845 1E 86 25 1A 23 35 7C
ID: 43F, Data: 83 48 60 FF 66 64 25 0
ID: 18F, Data: 8AA 42 0 0 0 0 0 0
ID: 153, Data: 80 0 0 FF 0 FF 0 0
ID: 43F, Data: 843 48 60 FF 66 C4 25 0
ID: 329, Data: 885 B0 80 8 11 34 8 26
ID: 316, Data: 845 20 D5 24 24 1A 34 7C
ID: 316, Data: 845 20 9 25 24 1A 34 7C
ID: 153, Data: 80 0 0 FF 0 FF 0 0
ID: 43F, Data: 843 48 60 FF 66 C0 25 0
ID: 1F0, Data: 8FC 3F FD BF 0 0 0 0
ID: 280, Data: 830 0 88 B0 4B 15 65 37
ID: A1, Data: 870 7A 75 7B 1A 0 0 0
ID: 153, Data: 80 0 0 FF 0 FF 0 0
ID: 316, Data: 85 23 AA 25 31 19 34 7C
ID: 153, Data: 80 0 0 FF 0 FF 0 0
ID: 316, Data: 85 27 F3 25 34 19 34 7C
ID: 43F, Data: 843 48 60 FF 66 E4 25 0
ID: 18F, Data: 8AA 42 0 0 0 0 0 0
ID: 316, Data: 85 2D E9 26 33 19 34 7C
ID: 153, Data: 80 0 0 FF 0 FF 0 0
ID: 316, Data: 85 2E E9 26 32 18 34 7C
ID: 316, Data: 85 2F C2 26 32 18 34 7C
ID: 18F, Data: 8AA 41 0 0 0 0 0 0
ID: 316, Data: 85 30 C2 26 34 18 34 7C
ID: 153, Data: 80 0 0 FF 0 FF 0 0
ID: 316, Data: 85 31 C2 26 36 18 34 7C
ID: 316, Data: 85 31 D5 26 36 18 34 7C
ID: 18F, Data: 8AA 41 0 0 0 0 0 0
ID: 43F, Data: 843 48 60 FF 66 D4 25 0
ID: 5F0, Data: 20 0
ID: 43F, Data: 843 48 60 FF 66 E8 25 0
ID: 316, Data: 85 33 10 27 37 18 34 7C
ID: A1, Data: 87C 7A 7E 7B 27 0 0 0
ID: 316, Data: 85 35 10 27 3D 18 34 7C
ID: 153, Data: 80 0 0 FF 0 FF 0 0
ID: A1, Data: 87C 7A 7E 7B 28 0 0 0
ID: 280, Data: 830 0 88 B0 4E 24 65 5D
ID: 316, Data: 85 3D 72 27 41 17 35 7C
ID: 43F, Data: 843 48 60 FF 66 38 26 0
ID: 329, Data: 8ED B0 80 8 11 40 1F 26
ID: 316, Data: 85 3F D7 27 41 17 35 7C
ID: 316, Data: 85 3F D7 27 41 16 35 7C
ID: 43F, Data: 843 48 60 FF 66 48 26 0
ID: 316, Data: 85 40 D7 27 41 16 35 7C
ID: 153, Data: 80 0 0 FF 0 FF 0 0
ID: 153, Data: 80 0 0 FF 0 FF 0 0
ID: 316, Data: 85 41 29 28 41 16 35 7C
ID: A1, Data: 87E 7C 80 7C 30 0 0 0
ID: 316, Data: 85 42 29 28 42 16 35 7C
ID: 316, Data: 85 42 3D 28 42 16 35 7C
ID: A1, Data: 87E 7C 80 7C 30 0 0 0
ID: 440, Data: 8FE 13 35 A0 FF AA AA AA
ID: 1F0, Data: 8FB 3F FD BF 0 0 0 0
ID: A1, Data: 87E 7C 80 7C 30 0 0 0
ID: 153, Data: 80 0 0 FF 0 FF 0 0
ID: 153, Data: 80 0 0 FF 0 FF 0 0
ID: 43F, Data: 843 48 60 FF 66 4 27 0
ID: 2A0, Data: 8A1 20 65 18 30 0 F 0
ID: 43F, Data: 843 48 60 FF 66 28 27 0
ID: 153, Data: 80 0 0 FF 0 FF 0 0
ID: 545, Data: 8E4 CB 0 8D 58 3 58 3
ID: 43F, Data: 843 48 60 FF 66 54 27 0
ID: 545, Data: 8E4 D0 0 8D 8E 3 8E 3
ID: 316, Data: 85 4A 67 28 49 16 36 7D
ID: 316, Data: 85 4A 7C 28 49 16 36 7D
ID: 2A0, Data: 861 21 65 18 30 0 F 0
ID: 43F, Data: 843 48 60 FF 66 9C 27 0
ID: 43F, Data: 843 48 60 FF 66 94 27 0
ID: 260, Data: 8B 4A 4A 30 58 FF C5 37
ID: 316, Data: 85 4A 7C 28 49 16 37 7D
ID: 18F, Data: 8AA 3C 0 0 0 0 0 0
ID: 43F, Data: 843 48 60 FF 66 28 28 0
ID: 153, Data: 80 0 0 FF 0 FF 0 0
ID: 43F, Data: 843 48 60 FF 66 24 28 0
ID: 316, Data: 85 4A E6 28 49 16 37 7D
ID: 18F, Data: 8AA 3C 0 0 0 0 0 0
ID: 316, Data: 85 4A FB 28 4A 16 37 7D
ID: 43F, Data: 843 48 60 FF 66 28 28 0
ID: 153, Data: 80 0 0 FF 0 FF 0 0
ID: 153, Data: 80 0 0 FF 0 FF 0 0
ID: 260, Data: 8B 4A 4F 30 58 FF C4 24
ID: 370, Data: 8FF DB F0 FF FF FF FF FF
ID: 153, Data: 80 0 0 FF 0 FF 0 0
ID: 316, Data: 85 4B 68 29 51 16 38 7D
ID: 316, Data: 85 4B 7E 29 51 16 38 7D
ID: A1, Data: 87C 7C 80 7C 33 0 0 0
ID: 43F, Data: 843 48 60 FF 66 CC 28 0
ID: 43F, Data: 843 48 60 FF 66 DC 28 0
ID: 545, Data: 8E4 F9 0 8D 15 4 15 4
ID: 316, Data: 85 50 D7 29 51 16 38 7D
ID: 316, Data: 85 50 D7 29 51 16 38 7D
ID: A1, Data: 87D 7C 7E 7C 36 0 0 0
ID: 43F, Data: 843 48 60 FF 66 30 29 0
ID: 1F0, Data: 8FD 3F FD BF 0 0 0 0
ID: 2A0, Data: 81 23 65 18 30 0 F 0
ID: 153, Data: 80 0 0 FF 0 FF 0 0
ID: 153, Data: 80 0 0 FF 0 FF 0 0
ID: A0, Data: 856 7C D7 29 39 3C 2 0
ID: 316, Data: 85 50 1A 2A 53 16 39 7D
ID: 18F, Data: 8AA 3A 0 0 0 0 0 0
ID: 153, Data: 80 0 0 FF 0 FF 0 0
ID: 43F, Data: 843 48 60 FF 66 C4 29 0
ID: A1, Data: 87C 7C 7D 7C 36 0 0 0
ID: 153, Data: 80 0 0 FF 0 FF 0 0
ID: 5F0, Data: 20 0
ID: 153, Data: 80 0 0 FF 0 FF 0 0
ID: 43F, Data: 843 48 60 FF 66 1C 2A 0
ID: 5F0, Data: 20 0
ID: 316, Data: 85 53 EB 2A 53 16 3A 7D
ID: 43F, Data: 843 48 60 FF 66 44 2A 0
ID: 2A0, Data: 8A1 24 65 18 30 0 F 0
ID: 153, Data: 80 0 0 FF 0 FF 0 0
ID: 316, Data: 85 52 1A 2B 49 16 3A 7D
ID: 316, Data: 85 50 1A 2B 48 16 3B 7D
ID: 329, Data: 885 AF 80 8 11 44 24 26
ID: 43F, Data: 843 48 60 FF 66 A8 2A 0
ID: 440, Data: 8FE 63 3B A0 FF AA AA AA
ID: 5F0, Data: 20 0
ID: 316, Data: 85 49 1A 2B 45 16 3B 7D
ID: 153, Data: 80 0 0 FF 0 FF 0 0
ID: 153, Data: 80 0 0 FF 0 FF 0 0
ID: 260, Data: 8B 47 46 30 58 FF C4 11
ID: 316, Data: 85 46 62 2B 44 16 3B 7D
ID: 43F, Data: 843 48 60 FF 66 F4 2A 0
ID: 153, Data: 80 0 0 FF 0 FF 0 0
ID: 153, Data: 80 0 0 FF 0 FF 0 0
ID: 2A0, Data: 861 24 65 18 30 0 F 0
ID: 43F, Data: 84C 48 60 FF 66 18 2B 0
ID: 370, Data: 8FF E0 F0 FF FF FF FF FF
ID: 153, Data: 80 0 0 FF 0 FF 0 0
ID: 260, Data: 8B 46 45 30 58 FF C4 4
ID: 316, Data: 85 45 F4 2B 44 17 3C 7D
ID: A1, Data: 878 7C 79 7C 31 0 0 0
ID: 43F, Data: 84C 48 60 FF 66 64 2B 0
ID: 153, Data: 80 0 0 FF 0 FF 0 0
ID: A1, Data: 879 7C 78 7C 30 0 0 0
ID: 280, Data: 830 0 88 AF 58 27 65 63
ID: 545, Data: 8E4 C0 0 8D D7 2 D7 2
ID: 43F, Data: 84C 48 60 36 66 88 2C 0
ID: 440, Data: 8FE 63 3C A0 FF AA AA AA
ID: A0, Data: 840 7C 3F 2C 3D 36 2 0
ID: 316, Data: 85 33 52 29 3C 17 3C 7D
ID: 153, Data: 80 0 0 FF 0 FF 0 0
ID: 370, Data: 8FF E0 F0 FF FF FF FF FF
ID: A1, Data: 877 7C 78 7C 2D 0 0 0
ID: 316, Data: 85 3B 5D 22 41 16 3D 7D
ID: 316, Data: 85 3D 12 22 42 16 3D 7D
ID: A1, Data: 877 7B 77 7E 31 0 0 0
ID: 5F0, Data: 20 0
ID: 316, Data: 85 44 A9 22 41 15 3D 7D
ID: 43F, Data: 84C 48 60 FF 66 3C 21 0
ID: A1, Data: 879 7B 78 7E 34 0 0 0
ID: 316, Data: 85 43 F2 20 42 15 3D 7D
ID: 316, Data: 85 42 E 21 42 15 3D 7D
ID: 18F, Data: 8AA 38 0 0 0 0 0 0
ID: 43F, Data: 844 48 60 FF 66 C 21 0
ID: 153, Data: 80 0 0 FF 0 FF 0 0
ID: 316, Data: 85 42 3F 22 49 15 3D 7D
ID: 153, Data: 80 0 0 FF 0 FF 0 0
ID: 153, Data: 80 0 0 FF 0 FF 0 0
ID: 316, Data: 85 44 E5 21 4A 15 3D 7D
ID: 153, Data: 80 0 0 FF 0 FF 0 0
ID: 316, Data: 85 46 F4 21 4A 14 3D 7D
ID: 316, Data: 85 47 F4 21 4A 14 3D 7D
ID: 260, Data: 8B 49 4A 30 58 FF CC 31
ID: 43F, Data: 844 48 60 FF 66 4C 21 0
ID: 260, Data: 8B 49 4A 30 58 FF CB 23
ID: 316, Data: 85 49 21 22 4A 14 3D 7D
ID: 280, Data: 830 0 88 AF 44 2C 65 76
ID: 153, Data: 80 0 0 FF 0 FF 0 0
ID: 370, Data: 8FF E0 F0 FF FF FF FF FF
ID: 316, Data: 85 49 21 22 4A 14 3D 7D
ID: 18F, Data: 8AA 37 0 0 0 0 0 0
ID: 316, Data: 85 49 12 22 4A 14 3E 7D
ID: 153, Data: 80 0 0 FF 0 FF 0 0
ID: 280, Data: 830 0 88 AF 44 2C 65 77
ID: 316, Data: 85 49 12 22 4A 14 3E 7D
ID: 153, Data: 80 0 0 FF 0 FF 0 0
ID: 316, Data: 85 49 21 22 3F 14 3E 7D
ID: 153, Data: 80 0 0 FF 0 FF 0 0
ID: 329, Data: 840 AF 80 8 11 3D 19 26
ID: 316, Data: 85 45 21 22 38 14 3E 7D
ID: A1, Data: 87A 7B 77 7E 38 0 0 0
ID: 43F, Data: 844 48 60 FF 66 9C 21 0
ID: 43F, Data: 844 48 60 FF 66 B4 21 0
ID: 2A0, Data: 840 20 65 18 30 0 F 0
ID: 316, Data: 85 37 4E 22 D 16 3E 7D
ID: 316, Data: 85 34 8A 22 D 17 3E 7D
ID: A0, Data: 832 7B 12 22 3F 2E 2 0
ID: 153, Data: 80 0 0 FF 0 FF 0 0
ID: 43F, Data: 844 48 60 FF 66 88 21 0
ID: 1F1, Data: 80 ED EE 71 1E F5 51 1F
ID: 316, Data: 85 20 71 21 1D 19 3E 7D
ID: 370, Data: 8FF E0 F0 FF FF FF FF FF
ID: 316, Data: 85 1E 8E 21 2B 19 3E 7D
ID: 43F, Data: 844 48 60 FF 66 6C 21 0
ID: 440, Data: 8FE 34 3D A0 FF AA AA AA
ID: 153, Data: 80 0 0 FF 0 FF 0 0
ID: 316, Data: 85 26 BA 21 37 19 3E 7D
ID: 316, Data: 85 28 D7 21 38 19 3E 7D
ID: A1, Data: 873 7A 71 7B 1D 0 0 0
ID: 43F, Data: 844 48 60 FF 66 60 21 0
ID: 43F, Data: 844 48 60 FF 66 60 21 0
ID: 440, Data: 8FE 44 3D A0 FF AA AA AA
ID: 316, Data: 85 33 C8 22 3B 17 3E 7D
ID: 43F, Data: 844 48 60 FF 66 60 21 0
ID: 440, Data: 8FE 94 3D A0 FF AA AA AA
ID: A0, Data: 841 7B B8 22 3E 33 2 0
ID: 153, Data: 80 0 0 FF 0 FF 0 0
ID: 316, Data: 85 38 D7 22 3D 16 3E 7D
ID: 316, Data: 85 39 D7 22 3F 16 3E 7D
ID: 260, Data: 8B 39 40 30 58 FF D5 14
ID: 43F, Data: 844 48 60 FF 66 64 21 0
ID: 260, Data: 8B 3B 3F 30 58 FF D5 5
ID: 316, Data: 85 3B F7 22 3F 16 3E 7D
ID: 316, Data: 85 3B F7 22 3F 16 3E 7D
ID: 43F, Data: 844 48 60 FF 66 64 21 0
ID: 316, Data: 85 3C 16 23 3F 16 3E 7D
ID: 153, Data: 80 0 0 FF 0 FF 0 0
ID: 153, Data: 80 0 0 FF 0 FF 0 0
ID: 316, Data: 85 3D 16 23 3F 16 3E 7D
ID: 153, Data: 80 0 0 FF 0 FF 0 0
ID: 316, Data: 85 3D 16 23 3F 16 3E 7D
ID: 153, Data: 80 0 0 FF 0 FF 0 0
ID: 329, Data: 885 AF 80 8 11 3D 19 26
ID: 316, Data: 85 3E 36 23 2B 16 3E 7D
ID: 5F0, Data: 20 0
ID: 316, Data: 85 39 36 23 C 16 3E 7D
ID: 153, Data: 80 0 0 FF 0 FF 0 0
ID: 329, Data: 8B AF 80 8 11 34 0 26
ID: 43F, Data: 844 48 60 FF 66 7C 21 0
ID: 370, Data: 8FF E0 F0 FF FF FF FF FF
ID: 316, Data: 85 26 12 22 F 19 3E 7D
ID: 280, Data: 830 0 88 AF 43 15 65 3C
ID: 43F, Data: 844 48 60 FF 66 60 21 0
ID: 316, Data: 85 1F 80 21 10 19 3E 7D
ID: 5F0, Data: 20 0
ID: 316, Data: 85 1C 38 21 19 1A 3E 7D
ID: 43F, Data: 844 48 60 FF 66 24 21 0
ID: 2A0, Data: 8A1 17 65 18 30 0 F 0
ID: 153, Data: 80 0 0 FF 0 FF 0 0
ID: 153, Data: 80 0 0 FF 0 FF 0 0
ID: 316, Data: 85 1A 92 20 1A 1A 3D 7D
ID: 43F, Data: 844 48 60 FF 66 18 21 0
ID: 316, Data: 85 1A 77 20 1F 1A 3D 7D
ID: 5F0, Data: 20 0
ID: 153, Data: 80 0 0 FF 0 FF 0 0
ID: 153, Data: 80 0 0 FF 0 FF 0 0
ID: 43F, Data: 844 48 60 FF 66 FC 20 0
ID: 153, Data: 80 0 0 FF 0 FF 0 0
ID: 153, Data: 80 0 0 FF 0 FF 0 0
ID: 316, Data: 85 26 0 21 31 19 3D 7D
ID: 153, Data: 80 0 0 FF 0 FF 0 0
ID: 5F0, Data: 20 0
ID: 153, Data: 80 0 0 FF 0 FF 0 0
ID: 316, Data: 85 2B 12 22 1F 18 3D 7D
ID: 260, Data: 8B 2B F 30 58 FF D8 33
ID: 153, Data: 80 0 0 FF 0 FF 0 0
ID: 316, Data: 85 2B F4 21 F 18 3D 7D
ID: 153, Data: 80 0 0 FF 0 FF 0 0
ID: 280, Data: 830 0 88 AF 43 18 65 41
ID: 316, Data: 85 25 71 21 10 19 3D 7D
ID: 18F, Data: 8AA 35 0 0 0 0 0 0
ID: 43F, Data: 844 48 60 FF 66 9C 20 0
ID: 153, Data: 80 0 0 FF 0 FF 0 0
ID: 316, Data: 85 1D 92 20 1E 19 3C 7D
ID: 5F0, Data: 20 0
ID: A0, Data: 81D 7C 6A 20 3D 28 2 0
ID: 545, Data: 8E4 3D 0 8D 32 0 32 0
ID: 316, Data: 85 1C D 20 27 19 3C 7D
ID: 153, Data: 80 0 0 FF 0 FF 0 0
ID: 153, Data: 80 0 0 FF 0 FF 0 0
ID: 316, Data: 85 24 27 20 33 19 3C 7D
ID: 43F, Data: 844 48 60 FF 66 70 20 0
ID: 316, Data: 85 2A AE 20 32 19 3C 7D
ID: 153, Data: 80 0 0 FF 0 FF 0 0
ID: 153, Data: 80 0 0 FF 0 FF 0 0
ID: 316, Data: 85 2D E5 21 31 18 3C 7D
ID: 153, Data: 80 0 0 FF 0 FF 0 0
ID: 316, Data: 85 2D BA 21 31 18 3C 7D
ID: 316, Data: 85 2E 80 21 31 18 3C 7D
ID: 2A0, Data: 8C1 12 65 18 30 0 F 0
ID: 316, Data: 85 2F 63 21 31 18 3C 7D
ID: 316, Data: 85 2F 63 21 31 17 3C 7D
ID: 18F, Data: 8AA 35 0 0 0 0 0 0
ID: 316, Data: 85 2F 8E 21 31 17 3C 7D
ID: 370, Data: 8FF E1 F0 FF FF FF FF FF
ID: 316, Data: 85 31 80 21 33 17 3C 7D
ID: 153, Data: 80 0 0 FF 0 FF 0 0
ID: 329, Data: 8B AF 80 8 11 38 12 26
ID: 316, Data: 85 31 80 21 35 17 3C 7D
ID: 280, Data: 830 0 88 AF 43 1E 65 55
ID: 316, Data: 85 30 80 21 36 17 3C 7D
ID: 280, Data: 830 0 88 AF 43 1E 65 56
ID: 153, Data: 80 0 0 FF 0 FF 0 0
ID: 316, Data: 85 31 9D 21 36 17 3C 7D
ID: 153, Data: 80 0 0 FF 0 FF 0 0
ID: 1F1, Data: 80 BA DA 71 1D E6 61 1E
ID: 316, Data: 85 33 BA 21 36 16 3C 7D
ID: 43F, Data: 844 48 60 FF 66 64 20 0
ID: 316, Data: 85 34 BA 21 37 16 3C 7D
ID: 153, Data: 80 0 0 FF 0 FF 0 0
ID: 316, Data: 85 35 C8 21 3D 16 3C 7D
ID: 5F0, Data: 20 0
ID: 316, Data: 85 37 E5 21 3F 16 3C 7D
ID: 329, Data: 8ED AF 80 8 11 3C 19 26
ID: 153, Data: 80 0 0 FF 0 FF 0 0
ID: 316, Data: 85 3B 12 22 40 16 3C 7D
ID: 316, Data: 85 3C 21 22 40 16 3C 7D
ID: 260, Data: 8B 3D 40 30 58 FF D4 2
ID: 43F, Data: 844 48 60 FF 66 8C 20 0
ID: 316, Data: 85 3E 30 22 40 15 3C 7D
ID: 316, Data: 85 3E 30 22 40 15 3C 7D
ID: 316, Data: 85 3F 30 22 40 15 3C 7D
ID: 43F, Data: 844 48 60 FF 66 9C 20 0
ID: 43F, Data: 844 48 60 FF 66 A8 20 0
ID: A1, Data: 87E 7B 7D 7E 33 0 0 0
ID: 153, Data: 80 0 0 FF 0 FF 0 0
ID: 316, Data: 85 40 80 21 41 15 3C 7D
ID: 153, Data: 80 0 0 FF 0 FF 0 0
ID: 329, Data: 8ED AF 80 8 11 3D 1A 26
ID: 316, Data: 85 41 71 21 41 15 3C 7D
ID: 43F, Data: 844 48 60 FF 66 C4 20 0
ID: 316, Data: 85 41 9D 21 40 15 3C 7D
ID: 18F, Data: 8AA 34 0 0 0 0 0 0
ID: 316, Data: 85 40 BA 21 40 15 3C 7D
ID: 43F, Data: 844 48 60 FF 66 D8 20 0
ID: 153, Data: 80 0 0 FF 0 FF 0 0
ID: 43F, Data: 844 48 60 FF 66 E8 20 0
ID: 18F, Data: 8AA 34 0 0 0 0 0 0
ID: 5F0, Data: 20 0
ID: 153, Data: 80 0 0 FF 0 FF 0 0
ID: 1F1, Data: 80 54 E0 1 1E EA D1 1E
ID: 260, Data: 8B 3F 42 30 58 FF D2 0
ID: 153, Data: 80 0 0 FF 0 FF 0 0
ID: 316, Data: 85 3F D7 21 43 15 3D 7D
ID: 153, Data: 80 0 0 FF 0 FF 0 0
ID: 329, Data: 8ED AF 80 8 11 3D 1D 26
ID: 316, Data: 85 40 E5 21 46 15 3D 7D
ID: 43F, Data: 844 48 60 FF 66 28 21 0
ID: 43F, Data: 844 48 60 FF 66 30 21 0
ID: 2A0, Data: 8C1 15 64 18 30 0 F 0
ID: 316, Data: 85 44 12 22 4A 14 3D 7D
ID: 316, Data: 85 44 12 22 4C 14 3D 7D
ID: 43F, Data: 844 48 60 FF 66 48 21 0
ID: 370, Data: 8FF E0 F0 FF FF FF FF FF
ID: A0, Data: 84E 7C 12 22 3E 37 2 0
ID: 153, Data: 80 0 0 FF 0 FF 0 0
ID: 316, Data: 85 4E 3F 22 51 14 3D 7D
ID: 153, Data: 80 0 0 FF 0 FF 0 0
ID: A1, Data: 87E 7B 7C 7E 3B 0 0 0
ID: 280, Data: 830 0 88 AF 44 31 64 7E
ID: 1F0, Data: 8FC 3F FD BF 0 0 0 0
ID: 43F, Data: 844 48 60 FF 66 9C 21 0
ID: 153, Data: 80 0 0 FF 0 FF 0 0
ID: 545, Data: 8E4 C3 0 8D 39 4 39 4
ID: 316, Data: 85 51 4E 22 51 13 3E 7D
ID: 153, Data: 80 0 0 FF 0 FF 0 0
ID: 43F, Data: 844 48 60 FF 66 C8 21 0
ID: 43F, Data: 844 48 60 FF 66 D4 21 0
ID: 43F, Data: 844 48 60 FF 66 DC 21 0
ID: A0, Data: 858 7C 6C 22 3F 39 2 0
ID: 153, Data: 80 0 0 FF 0 FF 0 0
ID: 316, Data: 85 50 7B 22 51 14 3E 7D
ID: 153, Data: 80 0 0 FF 0 FF 0 0
ID: 260, Data: 8B 50 51 30 58 FF C4 C
ID: 316, Data: 85 4F A9 22 51 14 3F 7D
ID: 18F, Data: 8AA 34 0 0 0 0 0 0
ID: 316, Data: 85 4F C8 22 51 14 3F 7D
ID: 153, Data: 80 0 0 FF 0 FF 0 0
ID: 316, Data: 85 4F F7 22 50 14 3F 7D
ID: 5F0, Data: 20 0
ID: 18F, Data: 8AA 34 0 0 0 0 0 0
ID: 260, Data: 8B 4F 51 30 58 FF C4 3B
ID: 316, Data: 85 4F 6 23 51 14 3F 7D
ID: 440, Data: 8FE E4 3F A0 FF AA AA AA
ID: 153, Data: 80 0 0 FF 0 FF 0 0
ID: 43F, Data: 844 48 60 FF 66 7C 22 0
ID: 545, Data: 8E4 C1 0 8D D 4 D 4
ID: 153, Data: 80 0 0 FF 0 FF 0 0
ID: 5F0, Data: 20 0
ID: 18F, Data: 8AA 34 0 0 0 0 0 0
ID: 260, Data: 8B 4F 51 30 58 FF C5 3A
ID: 1F0, Data: 8FB 3F FD BF 0 0 0 0
ID: 316, Data: 85 4E 55 23 50 14 40 7D
ID: 153, Data: 80 0 0 FF 0 FF 0 0
ID: 316, Data: 85 4E 65 23 50 14 40 7D
ID: 316, Data: 85 4E 76 23 50 14 40 7D
ID: A1, Data: 87C 7B 78 7E 3A 0 0 0
ID: 43F, Data: 844 48 60 FF 66 E4 22 0
ID: 43F, Data: 844 48 60 FF 66 F4 22 0
ID: 545, Data: 8E4 C1 0 8D C 4 C 4
ID: 316, Data: 85 4E A6 23 50 14 40 7D
ID: 153, Data: 80 0 0 FF 0 FF 0 0
ID: 280, Data: 830 0 88 B0 47 2F 64 7A
ID: 316, Data: 85 4F B6 23 50 14 41 7D
ID: 43F, Data: 844 48 60 FF 66 24 23 0
ID: 316, Data: 85 4E D7 23 50 14 41 7D
ID: A0, Data: 856 7C D7 23 41 39 2 0
ID: 316, Data: 85 4E E8 23 50 14 41 7D
ID: 316, Data: 85 4F E8 23 50 14 41 7D
ID: 43F, Data: 844 48 60 FF 66 58 23 0
ID: 43F, Data: 844 48 60 FF 66 54 23 0
ID: 2A0, Data: 8C1 1D 64 18 30 0 F 0
ID: 153, Data: 80 0 0 FF 0 FF 0 0
ID: 316, Data: 85 4F 9 24 50 14 41 7D
ID: 153, Data: 80 0 0 FF 0 FF 0 0
ID: 316, Data: 85 4E 19 24 50 14 41 7D
ID: 316, Data: 85 4F 2A 24 50 14 41 7D
ID: 260, Data: 8B 50 50 30 58 FF C4 1C
ID: 316, Data: 85 4F 3B 24 50 14 41 7D
ID: 260, Data: 8B 4F 50 30 58 FF C4 F
ID: 316, Data: 85 4F 4C 24 4F 14 42 7D
ID: 316, Data: 85 4F 4C 24 43 14 42 7D
ID: 153, Data: 80 0 0 FF 0 FF 0 0
ID: 316, Data: 85 45 4C 24 A 14 42 7D
ID: 153, Data: 80 0 0 FF 0 FF 0 0
ID: 316, Data: 85 3B 19 24 C 16 42 7D
ID: 316, Data: 85 35 3B 24 D 17 42 7D
ID: 545, Data: 8E4 77 0 8D AE 1 AE 1
ID: 43F, Data: 844 48 60 FF 66 B4 23 0
ID: 153, Data: 80 0 0 FF 0 FF 0 0
ID: 280, Data: 830 0 88 B0 47 14 64 3A
ID: 43F, Data: 844 48 60 FF 66 88 23 0
ID: A1, Data: 874 7A 6F 7C 1D 0 0 0
ID: 316, Data: 85 1C 96 23 10 1A 42 7D
ID: 316, Data: 85 1B 65 23 10 1A 42 7D
ID: 43F, Data: 844 48 60 FF 66 34 23 0
ID: 43F, Data: 844 48 60 FF 66 4C 23 0
ID: 260, Data: 8B 1A 15 30 58 FF B2 36
ID: 316, Data: 85 19 C8 22 1C 1A 42 7D
ID: 260, Data: 8B 1A 2D 30 58 FF CF 20
ID: 43F, Data: 844 48 60 FF 66 58 23 0
ID: 316, Data: 85 21 36 23 32 23 41 7D
ID: 153, Data: 80 0 0 FF 0 FF 0 0
ID: 316, Data: 85 29 76 23 3A 22 41 7D
ID: 316, Data: 85 2B 96 23 3C 22 41 7D
ID: A0, Data: 838 7C 86 23 42 32 2 0
ID: 316, Data: 85 32 6E 24 41 21 41 7D
ID: 316, Data: 85 34 D5 24 43 21 41 7D
ID: 153, Data: 80 0 0 FF 0 FF 0 0
ID: 316, Data: 845 3B E6 24 44 20 41 7D
ID: 153, Data: 80 0 0 FF 0 FF 0 0
ID: 545, Data: 8E4 A7 0 8D 28 2 28 2
ID: 316, Data: 845 40 3B 24 44 1F 41 7D
ID: 545, Data: 8E4 B1 0 8D 6D 2 6D 2
ID: 43F, Data: 844 48 60 FF 66 34 23 0
ID: 43F, Data: 844 48 60 FF 66 3C 23 0
ID: A0, Data: 84B 7D 7F 24 42 37 2 0
ID: 316, Data: 845 41 D5 24 16 1F 41 7D
ID: 280, Data: 830 0 88 B0 49 24 64 5F
ID: 43F, Data: 844 48 60 FF 66 38 23 0
ID: 545, Data: 8E4 82 0 8D 21 1 21 1
ID: 5F0, Data: 20 0
ID: 316, Data: 845 2A 76 23 1A 22 41 7D
ID: 153, Data: 80 0 0 FF 0 FF 0 0
ID: 153, Data: 80 0 0 FF 0 FF 0 0
ID: 280, Data: 830 0 84 B0 45 15 64 3C
ID: 316, Data: 845 21 C8 22 1B 23 41 7D
ID: 43F, Data: 844 48 60 FF 66 B8 22 0
ID: 1F1, Data: 80 87 2 D2 1F 8 C2 20
ID: 43F, Data: 844 48 60 FF 66 FC 22 0
ID: 153, Data: 80 0 0 FF 0 FF 0 0
ID: 1F0, Data: 82 40 FD BF 0 0 0 0
ID: 316, Data: 845 22 3 22 31 23 41 7D
ID: 153, Data: 80 0 0 FF 0 FF 0 0
ID: 18F, Data: 8AA 3A 0 0 0 0 0 0
ID: 316, Data: 845 2B A9 22 3B 22 41 7D
ID: 316, Data: 845 2D 6 23 3E 22 40 7D
ID: 153, Data: 80 0 0 FF 0 FF 0 0
ID: 153, Data: 80 0 0 FF 0 FF 0 0
ID: 316, Data: 845 35 2A 24 3F 21 40 7D
ID: 153, Data: 80 0 0 FF 0 FF 0 0
ID: 316, Data: 845 38 9 24 3E 20 40 7D
ID: 316, Data: 845 3A F8 23 3F 20 40 7D
ID: A1, Data: 87B 7B 7C 7D 2C 0 0 0
ID: 440, Data: 8FE E4 40 A0 FF AA AA AA
ID: 43F, Data: 844 48 60 FF 66 D4 22 0
ID: 5F0, Data: 20 0
ID: 316, Data: 845 3F 3B 24 3F 1F 40 7D
ID: 43F, Data: 844 48 60 FF 66 D4 22 0
ID: 316, Data: 845 3F 4C 24 3F 1F 40 7D
ID: 316, Data: 845 3F 2A 24 3F 1F 40 7D
ID: 43F, Data: 844 48 60 FF 66 C4 22 0
ID: 2A0, Data: 8C1 13 64 18 30 0 F 0
ID: 153, Data: 80 0 0 FF 0 FF 0 0
ID: 316, Data: 845 3F 3B 24 16 1F 41 7D
ID: 153, Data: 80 0 0 FF 0 FF 0 0
ID: 280, Data: 830 0 88 B0 48 24 64 5C
ID: 316, Data: 845 37 19 24 18 20 41 7D
ID: 43F, Data: 844 48 60 FF 66 D4 22 0
ID: 316, Data: 845 2E 86 23 19 21 41 7D
ID: 153, Data: 80 0 0 FF 0 FF 0 0
ID: 329, Data: 8B B0 80 8 11 33 0 26
ID: 5F0, Data: 20 0
ID: 329, Data: 840 B0 80 8 11 31 2 26
ID: 316, Data: 845 22 A9 22 28 23 41 7D
ID: 43F, Data: 844 48 60 FF 66 9C 22 0
ID: 316, Data: 845 22 5D 22 31 23 40 7D
ID: 153, Data: 80 0 0 FF 0 FF 0 0
ID: 43F, Data: 844 48 60 FF 66 C4 22 0
ID: 316, Data: 845 29 7B 22 3B 22 40 7D
ID: 18F, Data: 8AA 3D 0 0 0 0 0 0
ID: 153, Data: 80 0 0 FF 0 FF 0 0
ID: 316, Data: 845 32 96 23 3C 21 40 7D
ID: 43F, Data: 844 48 60 FF 66 8 23 0
ID: 316, Data: 845 34 19 24 3B 21 40 7D
ID: 153, Data: 80 0 0 FF 0 FF 0 0
ID: 153, Data: 80 0 0 FF 0 FF 0 0
ID: 5F0, Data: 20 0
ID: 153, Data: 80 0 0 FF 0 FF 0 0
ID: 153, Data: 80 0 0 FF 0 FF 0 0
ID: 545, Data: 8E4 97 0 8D BB 1 BB 1
ID: 43F, Data: 844 48 60 FF 67 9C 22 0
ID: 43F, Data: 844 48 60 FF 66 A4 22 0
ID: 316, Data: 845 3A E8 23 3F 1F 40 7D
ID: 316, Data: 845 3A F8 23 40 1F 40 7D
ID: 43F, Data: 844 48 60 FF 66 AC 22 0
ID: A1, Data: 87C 7B 80 7E 2F 0 0 0
ID: 316, Data: 845 3C F8 23 41 1F 40 7D
ID: 153, Data: 80 0 0 FF 0 FF 0 0
ID: 153, Data: 80 0 0 FF 0 FF 0 0
ID: 260, Data: 8B 3F 41 30 58 FF D1 11
ID: 316, Data: 845 3E 2A 24 41 1F 40 7D
ID: 153, Data: 80 0 0 FF 0 FF 0 0
ID: 153, Data: 80 0 0 FF 0 FF 0 0
ID: 316, Data: 845 40 3B 24 45 1F 40 7D
ID: 153, Data: 80 0 0 FF 0 FF 0 0
ID: 18F, Data: 8AA 40 0 0 0 0 0 0
ID: 316, Data: 845 42 4C 24 47 1F 40 7D
ID: 316, Data: 845 43 5D 24 47 1F 40 7D
ID: 153, Data: 80 0 0 FF 0 FF 0 0
ID: 43F, Data: 844 48 60 FF 66 EC 22 0
ID: 43F, Data: 844 48 60 FF 66 E0 22 0
ID: 440, Data: 8FE 34 40 A0 FF AA AA AA
ID: 153, Data: 80 0 0 FF 0 FF 0 0
ID: A1, Data: 87E 7B 80 7E 35 0 0 0
ID: 329, Data: 840 B0 80 8 11 41 1A 26
ID: 545, Data: 8E4 BE 0 8D CA 2 CA 2
ID: 153, Data: 80 0 0 FF 0 FF 0 0
ID: 153, Data: 80 0 0 FF 0 FF 0 0
ID: 316, Data: 845 47 D5 24 46 1E 41 7D
ID: A0, Data: 84E 7D D5 24 41 37 2 0
ID: 316, Data: 845 47 B2 24 47 1E 41 7D
ID: 2A0, Data: 861 12 64 18 30 0 F 0
ID: 370, Data: 8FF E0 F0 FF FF FF FF FF
ID: 316, Data: 845 47 5D 24 47 1E 41 7D
ID: 153, Data: 80 0 0 FF 0 FF 0 0
ID: 280, Data: 830 0 88 B0 48 2A 64 6F
ID: 316, Data: 845 46 19 24 47 1E 41 7D
ID: 43F, Data: 844 48 60 FF 66 50 23 0
ID: 316, Data: 845 46 2A 24 47 1E 41 7D
ID: 153, Data: 80 0 0 FF 0 FF 0 0
ID: 316, Data: 845 46 5D 24 47 1E 41 7D
ID: 316, Data: 845 47 5D 24 47 1E 41 7D
ID: 43F, Data: 844 48 60 FF 66 74 23 0
ID: 316, Data: 845 46 5D 24 47 1E 41 7D
ID: 153, Data: 80 0 0 FF 0 FF 0 0
ID: 316, Data: 845 46 6E 24 47 1E 41 7D
ID: 316, Data: 845 46 6E 24 47 1E 42 7D
ID: 440, Data: 8FE 34 41 A0 FF AA AA AA
ID: 316, Data: 845 47 90 24 34 1E 42 7D
ID: 43F, Data: 844 48 60 FF 66 A0 23 0
ID: 545, Data: 8E4 B3 0 8D 64 2 64 2
ID: 5F0, Data: 20 0
ID: 316, Data: 845 37 6E 24 18 20 42 7D
ID: 153, Data: 80 0 0 FF 0 FF 0 0
ID: 43F, Data: 844 48 60 FF 66 90 23 0
ID: 329, Data: 8B B1 80 8 11 34 0 26
ID: 316, Data: 845 28 96 23 1A 22 42 7D
ID: 316, Data: 845 26 A6 23 1A 22 42 7D
ID: 153, Data: 80 0 0 FF 0 FF 0 0
ID: 316, Data: 845 20 B6 23 1A 23 42 7D
ID: 153, Data: 80 0 0 FF 0 FF 0 0
ID: 43F, Data: 844 48 60 FF 66 48 23 0
ID: 2A0, Data: 8E0 10 64 18 30 0 F 0
ID: 440, Data: 8FE 44 41 A0 FF AA AA AA
ID: 316, Data: 845 1A 7B 22 1B 23 42 7D
ID: 153, Data: 80 0 0 FF 0 FF 0 0
ID: 316, Data: 845 18 3 22 1B 23 41 7D
ID: 316, Data: 845 17 BA 21 1B 23 41 7D
ID: 18F, Data: 8AA 41 0 0 0 0 0 0
ID: 316, Data: 845 15 F2 20 1C 23 41 7D
ID: 153, Data: 80 0 0 FF 0 FF 0 0
ID: 2A0, Data: 8E0 F 64 18 30 0 F 0
ID: 316, Data: 845 15 72 1F 1C 22 41 7D
ID: 329, Data: 8B B1 80 8 11 36 0 26
ID: 316, Data: 845 18 7E 1F 1C 22 41 7D
ID: 316, Data: 845 19 CB 1F 1C 22 41 7D
ID: 43F, Data: 844 48 60 FF 66 F4 22 0
ID: 316, Data: 845 1A 0 21 1B 22 41 7D
ID: 5F0, Data: 20 0
ID: 153, Data: 80 0 0 FF 0 FF 0 0
ID: 43F, Data: 844 48 60 FF 66 D4 22 0
ID: 43F, Data: 844 48 60 FF 66 BC 22 0
ID: 316, Data: 845 1B BA 21 1B 22 40 7D
ID: 153, Data: 80 0 0 FF 0 FF 0 0
ID: 260, Data: 8B 1B 1B 30 58 FF 61 26
ID: 316, Data: 845 1B 2A 21 1B 22 40 7D
ID: 43F, Data: 844 48 60 FF 66 7C 22 0
ID: 43F, Data: 844 48 60 FF 66 70 22 0
ID: 153, Data: 80 0 0 FF 0 FF 0 0
ID: 316, Data: 84D 17 5C 20 1C 22 40 7D
ID: 316, Data: 84D 20 85 20 11 18 40 7D
ID: 43F, Data: 844 48 60 FF 67 50 22 0
ID: 43F, Data: 844 48 60 FF 66 50 22 0
ID: A1, Data: 880 7B 80 7B 1E 0 0 0
ID: 153, Data: 80 0 0 FF 0 FF 0 0
ID: 316, Data: 84D F 38 21 11 19 3F 7D
ID: 153, Data: 80 0 0 FF 0 FF 0 0
ID: 316, Data: 84D 9 42 20 12 19 3F 7D
ID: 316, Data: 84D 9 1A 20 12 19 3F 7D
ID: A1, Data: 880 7A 80 7B 18 0 0 0
ID: 316, Data: 8D 4 BE 1F 12 19 3F 7D
ID: 316, Data: 8D 4 1A 20 13 19 3F 7D
ID: 153, Data: 80 0 0 FF 0 FF 0 0
ID: 440, Data: 8FE 44 3E A0 FF AA AA AA
ID: A0, Data: 81A 7D 34 20 3F 27 4 0
ID: 316, Data: 8D 0 9D 21 10 19 3E 7D
ID: 545, Data: 8E4 0 0 8D 34 FE 34 FE
ID: 316, Data: 8D 0 80 21 10 19 3E 7D
ID: 316, Data: 8D 0 63 21 10 19 3E 7D
ID: 280, Data: 830 0 20 B1 42 11 64 31
ID: 43F, Data: 844 48 60 FF 66 5C 21 0
ID: 316, Data: 8D 0 C9 20 11 19 3E 7D
ID: A0, Data: 81D 7D 0 21 3E 29 4 0
ID: 316, Data: 8D 0 42 20 11 19 3E 7D
ID: 153, Data: 80 0 0 FF 0 FF 0 0
ID: 316, Data: 8D 0 1A 20 11 19 3D 7D
ID: 5F0, Data: 20 0
ID: 545, Data: 8E4 0 0 8A 3E FE 3E FE
ID: 316, Data: 8D 0 0 20 11 19 3D 7D
ID: 43F, Data: 844 48 60 FF 66 DC 20 0
ID: 440, Data: 8FE 44 3C A0 FF AA AA AA
ID: 329, Data: 8ED B1 80 8 11 34 0 26
ID: 316, Data: 8D 0 1A 20 10 19 3D 7D
ID: 316, Data: 8D 0 1A 20 10 19 3D 7D
ID: 43F, Data: 844 48 60 FF 66 8C 20 0
ID: 316, Data: 8D 0 D 20 10 18 3C 7D
ID: 280, Data: 830 0 20 B1 40 17 64 40
ID: A0, Data: 82A 7D 0 20 3D 2C 4 0
ID: 316, Data: 8D 0 CB 1F 10 18 3C 7D
ID: 153, Data: 80 0 0 FF 0 FF 0 0
ID: 545, Data: 8E4 0 0 8D 4A FE 4A FE
ID: 316, Data: 8D 0 8B 1F 10 18 3C 7D
ID: 2A0, Data: 820 7 64 18 30 0 F 0
ID: 43F, Data: 844 48 60 FF 66 8 20 0
ID: 43F, Data: 844 48 60 FF 66 1C 20 0
ID: 370, Data: 8FF E0 F0 FF FF FF FF FF
ID: 153, Data: 80 0 0 FF 0 FF 0 0
ID: 316, Data: 8D 0 33 1F 10 18 3B 7D
ID: 316, Data: 8D 0 27 1F 10 18 3B 7D
ID: 545, Data: 8E4 0 0 8A 4A FE 4A FE
ID: 43F, Data: 844 48 60 FF 66 C4 1F 0
ID: 43F, Data: 844 48 60 FF 67 C4 1F 0
ID: 545, Data: 8E4 0 0 8D 49 FE 49 FE
ID: 5F0, Data: 20 0
ID: 316, Data: 8D 0 1 1F 11 18 3B 7D
ID: 316, Data: 8D 0 F5 1E 11 18 3A 7D
ID: 329, Data: 8ED B1 80 8 11 33 0 26
ID: 440, Data: 8FE E4 3A A0 FF AA AA AA
ID: 316, Data: 8D 0 B8 1E 11 18 3A 7D
ID: 153, Data: 80 0 0 FF 0 FF 0 0
ID: 43F, Data: 844 48 60 FF 67 3C 1F 0
ID: 153, Data: 80 0 0 FF 0 FF 0 0
ID: 153, Data: 80 0 0 FF 0 FF 0 0
ID: 316, Data: 8D 0 59 1E 11 18 3A 7D
ID: 153, Data: 80 0 0 FF 0 FF 0 0
ID: 316, Data: 8D 0 36 1E 11 18 39 7D
ID: 153, Data: 80 0 0 FF 0 FF 0 0
ID: 316, Data: 8D 0 7 1E 11 18 39 7D
ID: 316, Data: 8D 0 F0 1D 11 18 39 7D
ID: 153, Data: 80 0 0 FF 0 FF 0 0
ID: A1, Data: 880 7F 80 7D 1D 0 0 0
ID: 329, Data: 885 B1 80 8 12 33 0 26
ID: 329, Data: 885 B1 80 8 12 33 0 26
ID: 153, Data: 80 0 0 FF 0 FF 0 0
ID: 153, Data: 80 0 0 FF 0 FF 0 0
ID: 370, Data: 8FF E0 F0 FF FF FF FF FF
ID: 43F, Data: 844 48 60 FF 66 B0 1D 0
ID: 316, Data: 8D 0 FC 1C 11 18 37 7D
ID: 153, Data: 80 0 0 FF 0 FF 0 0
ID: 153, Data: 80 0 0 FF 0 FF 0 0
ID: 316, Data: 8D 0 92 1C 12 18 37 7D
ID: 43F, Data: 844 48 60 FF 67 24 1D 0
ID: 5F0, Data: 20 0
ID: 545, Data: 8E4 0 0 8A 49 FE 49 FE
ID: 316, Data: 8D 0 3F 1C 12 18 36 7D
ID: 43F, Data: 844 48 60 FF 66 C0 1C 0
ID: 153, Data: 80 0 0 FF 0 FF 0 0
ID: 2A0, Data: 8E0 4 64 18 30 0 F 0
ID: 316, Data: 8D 0 C7 1B 12 18 35 7D
ID: 440, Data: 8FE 94 34 A0 FF AA AA AA
ID: A0, Data: 828 7D A9 1B 35 2A 4 0
ID: 153, Data: 80 0 0 FF 0 FF 0 0
ID: 545, Data: 8E4 0 0 8D 49 FE 49 FE
ID: 316, Data: 8D 0 3F 1B 12 18 34 7D
ID: A0, Data: 828 7D 5C 1B 35 2A 4 0
ID: 153, Data: 80 0 0 FF 0 FF 0 0
ID: 153, Data: 80 0 0 FF 0 FF 0 0
ID: 316, Data: 8D 0 C6 1A 12 18 33 7D
ID: A0, Data: 828 7D FD 1A 34 2A 4 0
ID: 316, Data: 8D 0 7D 1A 12 18 32 7D
ID: 316, Data: 8D 0 59 1A 12 18 32 7D
ID: 2A0, Data: 8E0 3 64 18 30 0 F 0
ID: 43F, Data: 844 48 60 FF 66 98 1A 0
ID: 153, Data: 80 0 0 FF 0 FF 0 0
ID: 316, Data: 8D 0 AC 19 13 18 31 7D
ID: 316, Data: 8D 0 93 19 13 18 31 7D
ID: 545, Data: 8E4 0 0 8A 4C FE 4C FE
ID: 370, Data: 8FF E0 F0 FF FF FF FF FF
ID: 153, Data: 80 0 0 FF 0 FF 0 0
ID: 43F, Data: 844 48 60 FF 66 98 19 0
ID: 2A0, Data: 840 3 64 18 30 0 F 0
ID: 153, Data: 80 0 0 FF 0 FF 0 0
ID: 316, Data: 8D 0 B8 18 13 18 2F 7D
ID: 153, Data: 80 0 0 FF 0 FF 0 0
ID: 316, Data: 8D 0 6B 18 13 18 2F 7D
ID: 153, Data: 80 0 0 FF 0 FF 0 0
ID: 153, Data: 80 0 0 FF 0 FF 0 0
ID: 316, Data: 8D 0 9 18 13 18 2E 7D
ID: 43F, Data: 844 48 60 FF 66 78 18 0
ID: 43F, Data: 844 48 60 FF 66 50 18 0
ID: 329, Data: 840 B0 80 8 12 30 0 26
ID: 153, Data: 80 0 0 FF 0 FF 0 0
ID: 316, Data: 8D 0 56 17 14 18 2D 7D
ID: 153, Data: 80 0 0 FF 0 FF 0 0
ID: 329, Data: 8ED B0 80 8 12 30 0 26
ID: 316, Data: 8D 0 E8 16 14 18 2C 7D
ID: 2A0, Data: 880 3 64 18 30 0 F 0
ID: 316, Data: 8D 0 A6 16 14 18 2C 7D
ID: 153, Data: 80 0 0 FF 0 FF 0 0
ID: 316, Data: 8D 0 78 16 14 18 2B 7D
ID: 153, Data: 80 0 0 FF 0 FF 0 0
ID: 316, Data: 8D 0 38 16 15 18 2B 7D
ID: 5F0, Data: 20 0
ID: 329, Data: 8ED B0 80 8 12 2F 0 26
ID: 329, Data: 8ED B0 80 8 12 2F 0 26
ID: 43F, Data: 844 48 60 FF 66 40 16 0
ID: 316, Data: 8D 0 9F 15 15 18 29 7D
ID: 2A0, Data: 8E0 2 64 18 30 0 F 0
ID: 153, Data: 80 0 0 FF 0 FF 0 0
ID: 1F1, Data: 80 20 3B 61 13 43 51 14
ID: A0, Data: 828 7D 35 15 29 27 4 0
ID: 316, Data: 8D 0 E0 14 16 18 28 7D
ID: 316, Data: 8D 0 B4 14 16 18 28 7D
ID: A1, Data: 880 7F 80 7D 1C 0 0 0
ID: 43F, Data: 844 48 60 FF 66 4 15 0
ID: 153, Data: 80 0 0 FF 0 FF 0 0
ID: 316, Data: 8D 0 F 14 18 18 27 7D
ID: 316, Data: 8D 0 E6 13 18 18 27 7D
ID: 316, Data: 8D 0 CD 13 18 18 26 7D
ID: 153, Data: 80 0 0 FF 0 FF 0 0
ID: 440, Data: 8FE E4 25 A0 FF AA AA AA
ID: 43F, Data: 844 48 60 FF 66 E8 13 0
ID: 316, Data: 8D 0 C 13 18 18 25 7D
ID: 153, Data: 80 0 0 FF 0 FF 0 0
ID: 316, Data: 8D 0 B1 12 19 18 25 7D
ID: 153, Data: 80 0 0 FF 0 FF 0 0
ID: 316, Data: 8D 0 4C 12 19 18 24 7D
ID: 153, Data: 80 0 0 FF 0 FF 0 0
ID: 316, Data: 8D 0 E7 11 19 19 23 7D
ID: 370, Data: 8FF E0 F0 FF FF FF FF FF
ID: 316, Data: 8D 0 97 11 1A 19 23 7D
ID: 316, Data: 8D 0 58 11 1A 19 22 7D
ID: 316, Data: 8D 0 2E 11 1A 19 22 7D
ID: A0, Data: 829 7D 87 11 23 26 4 0
ID: 43F, Data: 84B 48 60 FF 67 A4 11 0
ID: 153, Data: 80 0 0 FF 0 FF 0 0
ID: 18F, Data: 8AA 37 0 0 0 0 0 0
ID: 329, Data: 8ED B0 80 8 12 2D 0 26
ID: 153, Data: 80 0 0 FF 0 FF 0 0
ID: 2A0, Data: 820 2 64 18 30 0 F 0
ID: 316, Data: 85 E F6 F 1C 1A 1F 7D
ID: 316, Data: 85 13 8A F 1C 1A 1F 7D
ID: 18F, Data: 8AA 37 0 0 0 0 0 0
ID: 43F, Data: 84B 48 60 FF 66 60 10 0
ID: 153, Data: 80 0 0 FF 0 FF 0 0
ID: 153, Data: 80 0 0 FF 0 FF 0 0
ID: 316, Data: 85 1E B5 D 1F 1A 1D 7D
ID: 153, Data: 80 0 0 FF 0 FF 0 0
ID: 316, Data: 85 1F 73 E 1E 1A 1D 7D
ID: 153, Data: 80 0 0 FF 0 FF 0 0
ID: 153, Data: 80 0 0 FF 0 FF 0 0
ID: 316, Data: 85 1F 6B E 1E 1A 1C 7D
ID: 43F, Data: 84B 48 60 FF 66 40 12 0
ID: 316, Data: 85 1E F2 E 1D 1A 1B 7D
ID: 260, Data: 8B 1E 1D 30 58 FF 4F 16
ID: 153, Data: 80 0 0 FF 0 FF 0 0
ID: 316, Data: 85 1D 74 F 1C 1A 1A 7D
ID: 153, Data: 80 0 0 FF 0 FF 0 0
ID: 280, Data: 830 0 84 B0 1F 16 64 40
ID: 316, Data: 85 1D B9 F 1B 1A 19 7D
ID: 43F, Data: 8B 48 60 FF 66 14 12 0
ID: 43F, Data: 8B 48 60 FF 66 F4 11 0
ID: 440, Data: 8FE 34 19 A0 FF AA AA AA
ID: 260, Data: 8B 1C 1C 30 58 FF 4F A
ID: 316, Data: 85 1C 29 F 1C 1A 18 7D
ID: A0, Data: 82C 7C C F 19 25 2 0
ID: 43F, Data: 8B 48 60 FF 66 6C 11 0
ID: 153, Data: 80 0 0 FF 0 FF 0 0
ID: 43F, Data: 8B 48 60 FF 67 40 11 0
ID: 316, Data: 85 1E 1F E 26 1A 17 7D
ID: 316, Data: 85 1E 6 E 27 1A 17 7D
ID: A0, Data: 835 7C D4 D 18 26 2 0
ID: 370, Data: 8FF E0 F0 FF FF FF FF FF
ID: 43F, Data: 83 48 60 FF 66 E8 10 0
ID: 280, Data: 830 0 84 B0 1B 1A 64 47
ID: 153, Data: 80 0 0 FF 0 FF 0 0
ID: 316, Data: 85 24 E E 25 19 16 7D
ID: 1F1, Data: 80 A9 C4 20 B C5 30 B
ID: 153, Data: 80 0 0 FF 0 FF 0 0
ID: 329, Data: 885 B0 80 8 11 2F 0 26
ID: 153, Data: 80 0 0 FF 0 FF 0 0
ID: 329, Data: 8ED B0 80 8 11 2E 0 26
ID: 316, Data: 85 25 C F 22 19 16 7D
ID: A0, Data: 836 7C DB E 16 27 2 0
ID: 316, Data: 85 24 74 F 21 19 16 7D
ID: 153, Data: 80 0 0 FF 0 FF 0 0
ID: 316, Data: 85 23 BC F 20 19 15 7D
ID: 153, Data: 80 0 0 FF 0 FF 0 0
ID: 153, Data: 80 0 0 FF 0 FF 0 0
ID: 5F0, Data: 20 0
ID: 43F, Data: 83 48 60 FF 66 44 10 0
ID: 153, Data: 80 0 0 FF 0 FF 0 0
ID: 153, Data: 80 0 0 FF 0 FF 0 0
ID: 316, Data: 85 20 A9 F 20 19 15 7D
ID: 43F, Data: 83 48 60 FF 66 28 10 0
ID: 316, Data: 85 20 A6 F 20 19 15 7D
ID: 329, Data: 885 B0 80 8 11 2E 0 26
ID: A1, Data: 88D 7F 8D 7D 20 0 0 0
ID: 316, Data: 85 20 96 F 21 19 15 7D
ID: 153, Data: 80 0 0 FF 0 FF 0 0
ID: 329, Data: 8B B0 80 8 11 2E 0 26
ID: 316, Data: 85 20 80 F 21 19 14 7D
ID: 316, Data: 85 20 8A F 21 19 14 7D
ID: 153, Data: 80 0 0 FF 0 FF 0 0
ID: 153, Data: 80 0 0 FF 0 FF 0 0
ID: 316, Data: 85 20 71 F 21 19 14 7D
ID: 153, Data: 80 0 0 FF 0 FF 0 0
ID: 153, Data: 80 0 0 FF 0 FF 0 0
ID: 153, Data: 80 0 0 FF 0 FF 0 0
ID: 18F, Data: 8AA 36 0 0 0 0 0 0
ID: 316, Data: 85 20 5C F 21 19 14 7D
ID: 153, Data: 80 0 0 FF 0 FF 0 0
ID: 545, Data: 8E4 30 0 8A 74 0 74 0
ID: 316, Data: 85 20 23 F 22 1A 13 7D
ID: 1F1, Data: 80 43 B7 E0 9 B6 D0 9
ID: 153, Data: 80 0 0 FF 0 FF 0 0
ID: 153, Data: 80 0 0 FF 0 FF 0 0
ID: 316, Data: 85 27 0 10 33 19 13 7D
ID: 545, Data: 8E4 32 0 8D F6 0 F6 0
ID: 316, Data: 85 28 D9 10 3A 19 13 7D
ID: 316, Data: 85 2B 23 11 3C 18 13 7D
ID: 260, Data: 8B 2C 34 30 58 FF B1 33
ID: 43F, Data: 83 48 60 FF 66 2C F 0
ID: 280, Data: 830 0 88 B0 22 1E 65 4E
ID: 260, Data: 8B 31 33 30 58 FF A2 3E
ID: 316, Data: 85 32 58 11 34 17 13 7D
ID: 18F, Data: 8AA 36 0 0 0 0 0 0
ID: 43F, Data: 83 48 60 FF 67 1C F 0
ID: 153, Data: 80 0 0 FF 0 FF 0 0
ID: 153, Data: 80 0 0 FF 0 FF 0 0
ID: 1F1, Data: 80 77 B4 10 A B5 0 A
ID: 18F, Data: 8AA 36 0 0 0 0 0 0
ID: 260, Data: 8B 34 43 30 58 FF BC 2
ID: 280, Data: 830 0 88 B0 24 21 65 5A
ID: 153, Data: 80 0 0 FF 0 FF 0 0
ID: 316, Data: 85 36 6E 12 42 16 13 7D
ID: 153, Data: 80 0 0 FF 0 FF 0 0
ID: 545, Data: 8E4 52 0 8D 59 2 59 2
ID: 316, Data: 85 37 7 13 41 15 14 7D
ID: 153, Data: 80 0 0 FF 0 FF 0 0
ID: 153, Data: 80 0 0 FF 0 FF 0 0
ID: 18F, Data: 8AA 36 0 0 0 0 0 0
ID: 316, Data: 85 39 B9 13 40 15 14 7D
ID: 153, Data: 80 0 0 FF 0 FF 0 0
ID: 18F, Data: 8AA 35 0 0 0 0 0 0
ID: 329, Data: 840 B0 80 8 11 36 18 26
ID: 5F0, Data: 20 0
ID: 153, Data: 80 0 0 FF 0 FF 0 0
ID: 2A0, Data: 861 6 65 18 30 0 F 0
ID: 316, Data: 85 3C 8E 14 47 15 15 7D
ID: 280, Data: 830 0 88 B0 29 25 65 6B
ID: 43F, Data: 83 48 60 FF 67 1C 10 0
ID: 316, Data: 85 3D F6 14 46 14 15 7D
ID: 18F, Data: 8AA 35 0 0 0 0 0 0
ID: 316, Data: 85 3F 4C 15 46 14 15 7D
ID: 5F0, Data: 20 0
ID: 316, Data: 85 40 8D 15 46 14 15 7D
ID: 316, Data: 85 3F B1 15 45 14 16 7D
ID: 440, Data: 8FE B3 16 A0 FF AA AA AA
ID: 5F0, Data: 20 0
ID: 43F, Data: 83 48 60 FF 66 C0 10 0
ID: 43F, Data: 83 48 60 FF 66 C8 10 0
ID: 153, Data: 80 0 0 FF 0 FF 0 0
ID: 329, Data: 840 B0 80 8 11 38 1C 26
ID: 153, Data: 80 0 0 FF 0 FF 0 0
ID: A1, Data: 87E 7F 7E 80 35 0 0 0
ID: 280, Data: 830 0 88 B0 2C 2A 65 75
ID: 329, Data: 8ED B0 80 8 11 3A 1F 26
ID: 5F0, Data: 20 0
ID: 329, Data: 8B B0 80 8 11 3A 1F 26
ID: 316, Data: 85 47 D4 16 4E 13 17 7D
ID: 43F, Data: 83 48 60 FF 66 94 11 0
ID: 5F0, Data: 20 0
ID: 280, Data: 830 0 88 B0 2E 2D 65 7D
ID: 316, Data: 85 49 79 17 4E 13 18 7D
ID: 153, Data: 80 0 0 FF 0 FF 0 0
ID: 153, Data: 80 0 0 FF 0 FF 0 0
ID: 43F, Data: 83 48 60 FF 66 1C 12 0
ID: 153, Data: 80 0 0 FF 0 FF 0 0
ID: 316, Data: 85 4A 11 18 4E 13 19 7D
ID: 153, Data: 80 0 0 FF 0 FF 0 0
ID: 1F1, Data: 80 55 C8 90 C CF 0 D
ID: 316, Data: 85 49 3E 18 4F 13 19 7D
ID: 316, Data: 85 4A 4D 18 50 13 19 7D
ID: 43F, Data: 83 48 60 FF 67 D0 12 0
ID: 316, Data: 85 49 5C 18 50 13 19 7D
ID: 260, Data: 8B 4A 51 30 58 FF C6 10
ID: 316, Data: 85 4B 54 18 51 13 1A 7D
ID: 545, Data: 8E4 92 0 8D EE 3 EE 3
ID: 370, Data: 8FF E0 F0 FF FF FF FF FF
ID: 316, Data: 85 4C 2F 18 56 13 1A 7D
ID: 153, Data: 80 0 0 FF 0 FF 0 0
ID: 316, Data: 85 51 DD 17 63 13 1B 7D
ID: 153, Data: 80 0 0 FF 0 FF 0 0
ID: 329, Data: 8ED B0 80 8 11 43 2F 26
ID: 316, Data: 85 60 D6 17 68 12 1B 7D
ID: 43F, Data: 83 48 60 FF 67 8C 14 0
ID: 43F, Data: 83 48 60 FF 66 9C 14 0
ID: 545, Data: 8E4 C4 0 8D 2 6 2 6
ID: 153, Data: 80 0 0 FF 0 FF 0 0
ID: 440, Data: 8FE 63 1C A0 FF AA AA AA
ID: 2A0, Data: 81 13 65 18 30 0 F 0
ID: 316, Data: 85 69 79 17 68 11 1C 7D
ID: 5F0, Data: 20 0
ID: 260, Data: 8B 68 6A 30 58 FF A0 F
ID: 260, Data: 8B 67 6A 30 58 FF A1 3C
ID: 43F, Data: 843 48 60 FF 66 B4 15 0
ID: 316, Data: 85 63 DD 17 6A 11 1D 7D
ID: 153, Data: 80 0 0 FF 0 FF 0 0
ID: 316, Data: 85 63 FB 17 6A 11 1E 7D
ID: 316, Data: 85 64 9 18 6A 11 1E 7D
ID: 545, Data: 8E4 B7 0 8D D4 5 D4 5
ID: 43F, Data: 843 48 60 FF 66 A4 16 0
ID: 153, Data: 80 0 0 FF 0 FF 0 0
ID: 153, Data: 80 0 0 FF 0 FF 0 0
ID: 43F, Data: 843 48 60 FF 66 28 17 0
ID: 153, Data: 80 0 0 FF 0 FF 0 0
ID: 2A0, Data: 8C1 19 65 18 30 0 F 0
ID: 316, Data: 85 6C 51 19 70 11 20 7D
ID: 2A0, Data: 81 19 65 18 30 0 F 0
ID: 43F, Data: 843 48 60 FF 67 FC 17 0
ID: 43F, Data: 843 48 60 FF 67 20 18 0
ID: 545, Data: 8E4 D9 0 8D 55 6 55 6
ID: 153, Data: 80 0 0 FF 0 FF 0 0
ID: 316, Data: 85 6D 24 1A 73 11 21 7D
ID: 153, Data: 80 0 0 FF 0 FF 0 0
ID: 316, Data: 85 6E 74 1A 74 11 22 7D
ID: 316, Data: 85 6E 8F 1A 74 11 22 7D
ID: A1, Data: 884 7B 80 7E 4A 0 0 0
ID: 43F, Data: 843 48 60 FF 66 90 19 0
ID: 316, Data: 85 6F 3F 1B 74 11 23 7D
ID: A0, Data: 87F 7D E1 1A 23 3D 2 0
ID: 316, Data: 85 6F 6F 1B 74 11 23 7D
ID: 316, Data: 85 6F 9F 1B 74 11 23 7D
ID: 43F, Data: 843 48 60 FF 66 84 1A 0
ID: 43F, Data: 843 48 60 FF 66 A4 1A 0
ID: 260, Data: 8B 6F 75 30 58 FF A3 27
ID: 316, Data: 85 6F 17 1C 74 11 24 7D
ID: 260, Data: 8B 70 75 30 58 FF A3 16
ID: 43F, Data: 843 48 60 FF 66 78 1B 0
ID: 316, Data: 85 70 A7 1C 74 11 25 7D
ID: 153, Data: 80 0 0 FF 0 FF 0 0
ID: 316, Data: 85 6F F1 1C 73 11 26 7D
ID: 316, Data: 85 6F 1C 1D 73 11 26 7D
ID: A1, Data: 885 7B 84 7E 47 0 0 0
ID: 43F, Data: 843 48 60 FF 67 84 1C 0
ID: 43F, Data: 843 48 60 FF 67 A0 1C 0
ID: 2A0, Data: 8A1 22 65 18 30 0 F 0
ID: 316, Data: 85 6F F0 1D 70 11 27 7D
ID: 316, Data: 85 6F 7 1E 6C 11 28 7D
ID: A1, Data: 884 7B 83 7E 47 0 0 0
ID: 43F, Data: 843 48 60 FF 67 90 1D 0
ID: 153, Data: 80 0 0 FF 0 FF 0 0
ID: 153, Data: 80 0 0 FF 0 FF 0 0
ID: 316, Data: 85 6B DD 1E 71 1B 29 7D
ID: 316, Data: 85 6A F5 1E 71 1B 29 7D
ID: A0, Data: 877 7D E 1F 2A 3E 2 0
ID: 153, Data: 80 0 0 FF 0 FF 0 0
ID: 5F0, Data: 20 0
ID: 153, Data: 80 0 0 FF 0 FF 0 0
ID: 370, Data: 8FF DA F0 FF FF FF FF FF
ID: 18F, Data: 8AA 34 0 0 0 0 0 0
ID: 316, Data: 85 6B 4F 20 68 1B 2A 7D
ID: 43F, Data: 843 48 60 FF 66 64 1F 0
ID: 545, Data: 8E4 2 1 8D 84 5 84 5
ID: 316, Data: 845 6A 85 20 68 1B 2B 7D
ID: 153, Data: 80 0 0 FF 0 FF 0 0
ID: 260, Data: 8B 69 69 30 58 FF B0 3B
ID: 316, Data: 845 67 4F 20 68 1B 2C 7D
ID: 43F, Data: 843 48 60 FF 67 4C 20 0
ID: 329, Data: 8ED B0 80 8 11 47 2C 26
ID: 153, Data: 80 0 0 FF 0 FF 0 0
ID: 316, Data: 845 65 38 21 62 1C 2D 7D
ID: 316, Data: 845 64 63 21 5F 1C 2D 7D
ID: 43F, Data: 843 48 60 FF 67 FC 20 0
ID: 316, Data: 845 62 AB 21 5B 1C 2D 7D
ID: 153, Data: 80 0 0 FF 0 FF 0 0
ID: 316, Data: 845 5E E5 21 57 1C 2E 7D
ID: 316, Data: 845 5C E5 21 55 1C 2E 7D
ID: 43F, Data: 843 48 60 FF 66 88 21 0
ID: 316, Data: 845 58 3 22 53 1C 2E 7D
ID: 43F, Data: 843 48 60 FF 66 C0 21 0
ID: 316, Data: 845 55 3F 22 52 1D 2E 7D
ID: 370, Data: 8FF D7 F0 FF FF FF FF FF
ID: 316, Data: 845 53 9A 22 52 1D 2F 7D
ID: 43F, Data: 843 48 60 FF 66 34 22 0
ID: 153, Data: 80 0 0 FF 0 FF 0 0
ID: 316, Data: 845 51 F7 22 4F 1D 2F 7D
ID: A1, Data: 87E 7B 7A 7E 3C 0 0 0
ID: 316, Data: 845 50 36 23 4C 1D 2F 7D
ID: 316, Data: 845 4F 55 23 4A 1D 2F 7D
ID: 43F, Data: 843 48 60 FF 67 C8 22 0
ID: 18F, Data: 8AA 38 0 0 0 0 0 0
ID: 153, Data: 80 0 0 FF 0 FF 0 0
ID: 316, Data: 845 43 76 23 15 1E 30 7D
ID: A0, Data: 837 7D 96 23 31 30 2 0
ID: 153, Data: 80 0 0 FF 0 FF 0 0
ID: 316, Data: 845 35 F8 23 18 21 30 7D
ID: 153, Data: 80 0 0 FF 0 FF 0 0
ID: 43F, Data: 843 48 60 FF 67 8 23 0
ID: 18F, Data: 8AA 39 0 0 0 0 0 0
ID: 153, Data: 80 0 0 FF 0 FF 0 0
ID: A1, Data: 876 7A 6C 7B 1D 0 0 0
ID: 43F, Data: 843 48 60 FF 67 4 23 0
ID: 260, Data: 8B 20 1A 30 58 FF CB 30
ID: 153, Data: 80 0 0 FF 0 FF 0 0
ID: 316, Data: 845 1E 7B 22 1C 23 31 7D
ID: 5F0, Data: 20 0
ID: 153, Data: 80 0 0 FF 0 FF 0 0
ID: A1, Data: 873 7A 67 7B 18 0 0 0
ID: 329, Data: 885 B0 80 8 11 33 5 26
ID: 329, Data: 8ED B0 80 8 11 34 6 26
ID: 153, Data: 80 0 0 FF 0 FF 0 0
ID: 316, Data: 845 23 12 22 32 23 30 7D
ID: 153, Data: 80 0 0 FF 0 FF 0 0
ID: 280, Data: 830 0 88 B0 44 18 64 40
ID: 316, Data: 845 2A B8 22 39 22 30 7D
ID: 43F, Data: 843 48 60 FF 67 F0 22 0
ID: 153, Data: 80 0 0 FF 0 FF 0 0
ID: 1F0, Data: 8FC 3F FD BF 0 0 0 0
ID: 260, Data: 8B 31 3B 30 58 FF D7 1
ID: 18F, Data: 8AA 3C 0 0 0 0 0 0
ID: 153, Data: 80 0 0 FF 0 FF 0 0
ID: 153, Data: 80 0 0 FF 0 FF 0 0
ID: 18F, Data: 8AA 3C 0 0 0 0 0 0
ID: 153, Data: 80 0 0 FF 0 FF 0 0
ID: 316, Data: 845 37 2A 24 3A 20 30 7D
ID: 153, Data: 80 0 0 FF 0 FF 0 0
ID: 260, Data: 8B 3A 3B 30 58 FF D3 C
ID: 316, Data: 845 39 4C 24 3A 20 30 7D
ID: A1, Data: 87B 7B 78 7E 2D 0 0 0
ID: 316, Data: 845 39 3B 24 3B 20 30 7D
ID: 316, Data: 845 3A 4C 24 3A 20 31 7D
ID: 316, Data: 845 3A 5D 24 3B 20 31 7D
ID: 545, Data: 8E4 94 0 8D D1 1 D1 1
ID: 153, Data: 80 0 0 FF 0 FF 0 0
ID: 316, Data: 845 3A 90 24 3B 20 31 7D
ID: 153, Data: 80 0 0 FF 0 FF 0 0
ID: A1, Data: 87B 7B 78 7E 2D 0 0 0
ID: 280, Data: 830 0 88 B0 49 23 64 60
ID: 2A0, Data: 861 19 64 18 30 0 F 0
ID: 43F, Data: 843 48 60 FF 67 88 23 0
ID: 43F, Data: 843 48 60 FF 67 98 23 0
ID: 2A0, Data: 861 19 64 18 30 0 F 0
ID: 316, Data: 845 3A D5 24 3B 20 31 7D
ID: 316, Data: 845 3A E6 24 3B 20 31 7D
ID: 43F, Data: 843 48 60 FF 67 BC 23 0
ID: 280, Data: 830 0 88 B0 49 23 64 5E
ID: 153, Data: 80 0 0 FF 0 FF 0 0
ID: 316, Data: 845 3A F7 24 3A 20 31 7D
ID: 316, Data: 845 3A F7 24 3B 20 31 7D
ID: 43F, Data: 843 48 60 FF 67 D8 23 0
ID: 316, Data: 845 39 9 25 3B 20 32 7D
ID: 153, Data: 80 0 0 FF 0 FF 0 0
ID: 316, Data: 845 3A 9 25 3A 20 32 7D
ID: 316, Data: 845 3A 2C 25 3A 20 32 7D
ID: 545, Data: 8E4 94 0 8D C5 1 C5 1
ID: 316, Data: 845 39 2C 25 3A 20 32 7D
ID: 316, Data: 845 39 50 25 3A 20 32 7D
ID: 153, Data: 80 0 0 FF 0 FF 0 0
ID: 545, Data: 8E4 95 0 8D C3 1 C3 1
ID: 1F1, Data: 80 1 8D C1 18 97 71 19
ID: 280, Data: 830 0 88 B0 4A 23 64 5D
ID: 43F, Data: 843 48 60 FF 67 58 24 0
ID: 153, Data: 80 0 0 FF 0 FF 0 0
ID: 153, Data: 80 0 0 FF 0 FF 0 0
ID: 2A0, Data: 8C1 18 64 18 30 0 F 0
ID: 43F, Data: 843 48 60 FF 67 7C 24 0
ID: 43F, Data: 843 48 60 FF 67 80 24 0
ID: 153, Data: 80 0 0 FF 0 FF 0 0
ID: 316, Data: 845 3A BC 25 16 20 32 7D
ID: 153, Data: 80 0 0 FF 0 FF 0 0
ID: 43F, Data: 843 48 60 FF 67 A8 24 0
ID: 18F, Data: 8AA 40 0 0 0 0 0 0
ID: 153, Data: 80 0 0 FF 0 FF 0 0
ID: 1F0, Data: 8FD 3F FD BF 0 0 0 0
ID: 2A0, Data: 820 15 64 18 30 0 F 0
ID: 370, Data: 8FF D5 F0 FF FF FF FF FF
ID: 153, Data: 80 0 0 FF 0 FF 0 0
ID: 280, Data: 830 0 88 B0 48 13 64 34
ID: 316, Data: 845 20 F8 23 2A 23 32 7D
ID: 153, Data: 80 0 0 FF 0 FF 0 0
ID: 43F, Data: 843 48 60 FF 67 6C 24 0
ID: 316, Data: 845 24 D7 23 2A 23 32 7D
ID: 260, Data: 8B 25 2B 30 58 FF D5 3E
ID: 316, Data: 845 25 4C 24 2A 23 32 7D
ID: A0, Data: 829 7D 19 24 33 2E 2 0
ID: 43F, Data: 843 48 60 FF 67 94 24 0
ID: 43F, Data: 843 48 60 FF 67 98 24 0
ID: 153, Data: 80 0 0 FF 0 FF 0 0
ID: 316, Data: 845 28 E6 24 2D 23 32 7D
ID: 316, Data: 845 29 F7 24 2E 22 32 7D
ID: 43F, Data: 843 48 60 FF 67 68 24 0
ID: 43F, Data: 843 48 60 FF 67 54 24 0
ID: 5F0, Data: 20 0
ID: 153, Data: 80 0 0 FF 0 FF 0 0
ID: 316, Data: 845 2C E6 24 2E 22 32 7D
ID: 316, Data: 845 2C E6 24 2F 22 32 7D
ID: 329, Data: 8B B0 80 8 11 38 A 26
ID: 153, Data: 80 0 0 FF 0 FF 0 0
ID: 316, Data: 845 2C F7 24 31 22 32 7D
ID: 153, Data: 80 0 0 FF 0 FF 0 0
ID: 153, Data: 80 0 0 FF 0 FF 0 0
ID: 316, Data: 845 2D 1B 25 33 22 32 7D
ID: 153, Data: 80 0 0 FF 0 FF 0 0
ID: 316, Data: 845 2E 2C 25 35 21 32 7D
ID: 440, Data: 8FE 13 32 A0 FF AA AA AA
ID: 316, Data: 845 31 50 25 35 21 32 7D
ID: 153, Data: 80 0 0 FF 0 FF 0 0
ID: 329, Data: 840 B0 80 8 11 3B E 26
ID: 43F, Data: 843 48 60 FF 67 7C 24 0
ID: 440, Data: 8FE 63 32 A0 FF AA AA AA
ID: 153, Data: 80 0 0 FF 0 FF 0 0
ID: A0, Data: 839 7D 86 25 33 32 2 0
ID: 316, Data: 845 35 AA 25 17 21 32 7D
ID: 153, Data: 80 0 0 FF 0 FF 0 0
ID: 43F, Data: 843 48 60 FF 67 9C 24 0
ID: 153, Data: 80 0 0 FF 0 FF 0 0
ID: 329, Data: 840 B0 80 8 11 35 0 26
ID: 316, Data: 845 2B 50 25 E 19 33 7D
ID: 260, Data: 8B 2A E 30 58 FF D6 37
ID: 370, Data: 8FF D5 F0 FF FF FF FF FF
ID: 316, Data: 845 22 B2 24 F 19 33 7D
ID: 316, Data: 845 1F 5D 24 10 19 33 7D
ID: 316, Data: 845 1E 2A 24 15 1A 33 7D
ID: 153, Data: 80 0 0 FF 0 FF 0 0
ID: 260, Data: 8B 1D 25 30 58 FF D3 2
ID: 316, Data: 85 1D 96 23 25 1A 33 7D
ID: A0, Data: 81D 7C 96 23 33 2B 2 0
ID: 316, Data: 85 20 9 24 28 19 32 7D
ID: 153, Data: 80 0 0 FF 0 FF 0 0
ID: A1, Data: 87A 7A 7A 7B 19 0 0 0
ID: 329, Data: 8B B0 80 8 11 38 11 26
ID: 545, Data: 8E4 5B 0 8D 4 1 4 1
ID: 153, Data: 80 0 0 FF 0 FF 0 0
ID: 43F, Data: 843 48 60 FF 67 B0 24 0
ID: 2A0, Data: 861 F 64 18 30 0 F 0
ID: 153, Data: 80 0 0 FF 0 FF 0 0
ID: 316, Data: 85 2C 74 25 30 18 32 7D
ID: 153, Data: 80 0 0 FF 0 FF 0 0
ID: 153, Data: 80 0 0 FF 0 FF 0 0
ID: 316, Data: 85 2D 50 25 30 18 32 7D
ID: 153, Data: 80 0 0 FF 0 FF 0 0
ID: 316, Data: 85 2E 62 25 2F 18 32 7D
ID: 440, Data: 8FE C3 32 A0 FF AA AA AA
ID: 18F, Data: 8AA 3E 0 0 0 0 0 0
ID: 316, Data: 85 2E 98 25 2F 18 32 7D
ID: 153, Data: 80 0 0 FF 0 FF 0 0
ID: 329, Data: 8B B0 80 8 11 39 12 26
ID: 316, Data: 85 2E BC 25 2F 18 33 7D
ID: 2A0, Data: 861 F 64 18 30 0 F 0
ID: 43F, Data: 843 48 60 FF 67 A0 24 0
ID: 153, Data: 80 0 0 FF 0 FF 0 0
ID: 440, Data: 8FE 13 32 A0 FF AA AA AA
ID: 316, Data: 85 2D 98 25 2F 18 33 7D
ID: 153, Data: 80 0 0 FF 0 FF 0 0
ID: 316, Data: 85 2D 98 25 2F 18 33 7D
ID: 153, Data: 80 0 0 FF 0 FF 0 0
ID: A0, Data: 831 7C AA 25 33 30 2 0
ID: 329, Data: 840 B0 80 8 11 39 2 26
ID: 18F, Data: 8AA 3D 0 0 0 0 0 0
ID: 316, Data: 85 2D CE 25 D 18 33 7D
ID: 440, Data: 8FE 13 33 A0 FF AA AA AA
ID: 316, Data: 85 28 98 25 E 19 33 7D
ID: A1, Data: 880 7A 80 7B 21 0 0 0
ID: 43F, Data: 843 48 60 FF 67 CC 24 0
ID: 43F, Data: 843 48 60 FF 67 D0 24 0
ID: 440, Data: 8FE 63 33 A0 FF AA AA AA
ID: 153, Data: 80 0 0 FF 0 FF 0 0
ID: 260, Data: 8B 1D 20 30 58 FF D3 34
ID: 316, Data: 85 1C 7F 24 21 1A 33 7D
ID: 43F, Data: 843 48 60 FF 66 74 24 0
ID: 43F, Data: 843 48 60 FF 67 B0 24 0
ID: A0, Data: 81B 7C 7F 24 33 29 2 0
ID: 316, Data: 85 23 C3 24 2F 19 33 7D
ID: 316, Data: 85 25 F7 24 2F 19 33 7D
ID: 43F, Data: 843 48 60 FF 67 18 25 0
ID: 316, Data: 85 29 BC 25 2E 19 33 7D
ID: 153, Data: 80 0 0 FF 0 FF 0 0
ID: 316, Data: 85 2A 2A 26 2D 19 33 7D
ID: 153, Data: 80 0 0 FF 0 FF 0 0
ID: 153, Data: 80 0 0 FF 0 FF 0 0
ID: 316, Data: 85 2C AA 25 2E 18 33 7D
ID: 153, Data: 80 0 0 FF 0 FF 0 0
ID: 329, Data: 840 B0 80 8 11 39 10 26
ID: 5F0, Data: 20 0
ID: 316, Data: 85 2D AA 25 2D 18 33 7D
ID: 43F, Data: 843 48 60 FF 67 CC 24 0
ID: 43F, Data: 843 48 60 FF 67 BC 24 0
ID: 18F, Data: 8AA 3A 0 0 0 0 0 0
ID: 153, Data: 80 0 0 FF 0 FF 0 0
ID: 316, Data: 85 2C 98 25 2E 18 33 7D
ID: A1, Data: 880 7A 82 7B 21 0 0 0
ID: 316, Data: 85 2C 86 25 2E 18 33 7D
ID: 5F0, Data: 20 0
ID: A0, Data: 830 7C 98 25 33 30 2 0
ID: 2A0, Data: 81 E 64 18 30 0 F 0
ID: 43F, Data: 843 48 60 FF 67 BC 24 0
ID: 260, Data: 8B 2D 2F 30 58 FF D5 23
ID: 153, Data: 80 0 0 FF 0 FF 0 0
ID: 545, Data: 8E4 7A 0 8D 6D 1 6D 1
ID: 316, Data: 85 2D BC 25 2F 18 33 7D
ID: 545, Data: 8E4 7C 0 8D 78 1 78 1
ID: 316, Data: 85 2D E0 25 2F 18 33 7D
ID: 316, Data: 85 2E BC 25 30 18 33 7D
ID: 18F, Data: 8AA 38 0 0 0 0 0 0
ID: 43F, Data: 843 48 60 FF 67 F4 24 0
ID: 153, Data: 80 0 0 FF 0 FF 0 0
ID: 316, Data: 85 2E 5 26 30 18 33 7D
ID: 316, Data: 85 2E 5 26 30 18 33 7D
ID: 153, Data: 80 0 0 FF 0 FF 0 0
ID: 153, Data: 80 0 0 FF 0 FF 0 0
ID: 2A0, Data: 861 E 64 18 30 0 F 0
ID: 316, Data: 85 2F F3 25 30 18 33 7D
ID: 280, Data: 830 0 88 B0 4B 1C 64 4B
ID: 316, Data: 85 2F 5 26 30 18 33 7D
ID: 316, Data: 85 2F 2A 26 30 18 33 7D
ID: 43F, Data: 843 48 60 FF 67 14 25 0
ID: 316, Data: 85 30 18 26 30 18 33 7D
ID: A0, Data: 833 7C 2A 26 34 31 2 0
ID: 43F, Data: 843 48 60 FF 67 18 25 0
ID: 316, Data: 85 30 18 26 30 18 33 7D
ID: 440, Data: 8FE C3 33 A0 FF AA AA AA
ID: 316, Data: 85 30 18 26 1D 18 33 7D
ID: 153, Data: 80 0 0 FF 0 FF 0 0
ID: 153, Data: 80 0 0 FF 0 FF 0 0
ID: 43F, Data: 843 48 60 FF 67 28 25 0
ID: 153, Data: 80 0 0 FF 0 FF 0 0
ID: 316, Data: 85 28 CE 25 E 19 33 7D
ID: 316, Data: 85 25 AA 25 E 19 33 7D
ID: 316, Data: 85 22 62 25 F 1A 33 7D
ID: 43F, Data: 843 48 60 FF 67 FC 24 0
ID: 43F, Data: 843 48 60 FF 67 F8 24 0
ID: 329, Data: 8B B0 80 8 11 30 0 26
ID: 316, Data: 85 1C 90 24 F 1A 33 7D
ID: 153, Data: 80 0 0 FF 0 FF 0 0
ID: 280, Data: 830 0 84 B0 48 10 64 2D
ID: 316, Data: 85 19 19 24 F 1A 33 7D
ID: 43F, Data: 843 48 60 FF 67 D8 24 0
ID: 43F, Data: 843 48 60 FF 67 D8 24 0
ID: 545, Data: 8E4 3F 0 8D 3 0 3 0
ID: 153, Data: 80 0 0 FF 0 FF 0 0
ID: 153, Data: 80 0 0 FF 0 FF 0 0
ID: A0, Data: 81A 7C 5D 24 34 28 2 0
ID: 545, Data: 8E4 41 0 8D 2A 0 2A 0
ID: 43F, Data: 843 48 60 FF 67 9C 24 0
ID: 43F, Data: 843 48 60 FF 67 94 24 0
ID: 5F0, Data: 20 0
ID: 153, Data: 80 0 0 FF 0 FF 0 0
ID: 153, Data: 80 0 0 FF 0 FF 0 0
ID: 280, Data: 830 0 88 AF 49 14 64 36
ID: 316, Data: 85 22 B2 24 26 1A 33 7D
ID: 153, Data: 80 0 0 FF 0 FF 0 0
ID: 316, Data: 85 23 C3 24 26 19 32 7D
ID: 153, Data: 80 0 0 FF 0 FF 0 0
ID: 153, Data: 80 0 0 FF 0 FF 0 0
ID: 316, Data: 85 24 C3 24 25 19 32 7D
ID: 153, Data: 80 0 0 FF 0 FF 0 0
ID: 2A0, Data: 8A1 C 64 18 30 0 F 0
ID: 316, Data: 85 25 90 24 27 19 32 7D
ID: 5F0, Data: 20 0
ID: 153, Data: 80 0 0 FF 0 FF 0 0
ID: 43F, Data: 843 48 60 FF 67 2C 24 0
ID: 2A0, Data: 81 C 64 18 30 0 F 0
ID: 153, Data: 80 0 0 FF 0 FF 0 0
ID: 316, Data: 85 26 B2 24 29 19 32 7D
ID: A1, Data: 87D 7A 80 7B 1C 0 0 0
ID: 316, Data: 85 27 C3 24 29 19 32 7D
ID: 316, Data: 85 27 C3 24 29 19 32 7D
ID: 18F, Data: 8AA 36 0 0 0 0 0 0
ID: 316, Data: 85 27 B2 24 29 19 32 7D
ID: 153, Data: 80 0 0 FF 0 FF 0 0
ID: 316, Data: 85 27 A1 24 2B 19 32 7D
ID: 316, Data: 85 28 C3 24 2C 19 32 7D
ID: A0, Data: 82B 7C B2 24 32 2E 2 0
ID: 316, Data: 85 28 C3 24 2D 19 32 7D
ID: 316, Data: 85 29 D5 24 2D 19 32 7D
ID: 43F, Data: 843 48 60 FF 67 24 24 0
ID: 43F, Data: 843 48 60 FF 67 28 24 0
ID: 2A0, Data: 81 C 64 18 30 0 F 0
ID: 316, Data: 85 2B F7 24 2C 19 32 7D
ID: 316, Data: 85 2B 9 25 2C 19 32 7D
ID: 545, Data: 8E4 75 0 8D 45 1 45 1
ID: 43F, Data: 843 48 60 FF 67 24 24 0
ID: 153, Data: 80 0 0 FF 0 FF 0 0
ID: 370, Data: 8FF E0 F0 FF FF FF FF FF
ID: 316, Data: 85 2C F7 24 2C 18 32 7D
ID: 153, Data: 80 0 0 FF 0 FF 0 0
ID: 316, Data: 85 2C F7 24 2C 18 32 7D
ID: 153, Data: 80 0 0 FF 0 FF 0 0
ID: 260, Data: 8B 2C 2D 30 58 FF D6 25
ID: 316, Data: 85 2C F7 24 2D 18 32 7D
ID: 153, Data: 80 0 0 FF 0 FF 0 0
ID: 316, Data: 85 2C E6 24 2D 18 32 7D
ID: 153, Data: 80 0 0 FF 0 FF 0 0
ID: 1F0, Data: 8FC 3F FD BF 0 0 0 0
ID: 316, Data: 85 2C 9 25 2D 18 32 7D
ID: 316, Data: 85 2C 9 25 2D 18 32 7D
ID: 153, Data: 80 0 0 FF 0 FF 0 0
ID: 153, Data: 80 0 0 FF 0 FF 0 0
ID: 316, Data: 85 2C 9 25 2D 18 32 7D
ID: 260, Data: 8B 2D 2D 30 58 FF D6 24
ID: 153, Data: 80 0 0 FF 0 FF 0 0
ID: 316, Data: 85 2D 2C 25 2D 18 32 7D
ID: 153, Data: 80 0 0 FF 0 FF 0 0
ID: 153, Data: 80 0 0 FF 0 FF 0 0
ID: 280, Data: 830 0 88 AF 4A 1B 64 47
ID: 316, Data: 85 2C 1B 25 2D 18 32 7D
ID: 153, Data: 80 0 0 FF 0 FF 0 0
ID: 153, Data: 80 0 0 FF 0 FF 0 0
ID: 316, Data: 85 2D 1B 25 D 18 32 7D
ID: 440, Data: 8FE 13 32 A0 FF AA AA AA
ID: 316, Data: 85 29 9 25 E 19 32 7D
ID: 153, Data: 80 0 0 FF 0 FF 0 0
ID: 153, Data: 80 0 0 FF 0 FF 0 0
ID: A0, Data: 821 7C E6 24 33 2A 2 0
ID: 329, Data: 885 AF 80 8 11 30 0 26
ID: A0, Data: 81A 7C 4C 24 33 28 2 0
ID: 316, Data: 85 1D 9 24 F 1A 32 7D
ID: 153, Data: 80 0 0 FF 0 FF 0 0
ID: 316, Data: 85 1B A6 23 F 1A 32 7D
ID: 153, Data: 80 0 0 FF 0 FF 0 0
ID: 280, Data: 830 0 84 AF 46 10 64 2D
ID: 316, Data: 85 19 16 23 10 1A 32 7D
ID: 153, Data: 80 0 0 FF 0 FF 0 0
ID: 316, Data: 85 16 C8 22 10 1A 32 7D
ID: 153, Data: 80 0 0 FF 0 FF 0 0
ID: 153, Data: 80 0 0 FF 0 FF 0 0
ID: 316, Data: 85 13 3F 22 10 1A 32 7D
ID: 153, Data: 80 0 0 FF 0 FF 0 0
ID: 280, Data: 830 0 84 AF 43 12 64 2F
ID: 316, Data: 85 13 71 21 10 1A 32 7D
ID: A0, Data: 824 7B 38 21 32 2B 2 0
ID: 316, Data: 85 15 0 21 10 19 31 7D
ID: 316, Data: 85 16 F2 20 10 19 31 7D
ID: 153, Data: 80 0 0 FF 0 FF 0 0
ID: 316, Data: 85 16 E 21 10 19 31 7D
ID: 43F, Data: 843 48 60 FF 67 34 23 0
ID: 316, Data: 85 17 E 21 10 19 31 7D
ID: 153, Data: 80 0 0 FF 0 FF 0 0
ID: 316, Data: 85 17 F2 20 10 19 31 7D
ID: 153, Data: 80 0 0 FF 0 FF 0 0
ID: 316, Data: 85 18 AE 20 10 19 31 7D
ID: 316, Data: 85 18 92 20 10 19 30 7D
ID: 260, Data: 8B 18 10 30 58 FF 63 4
ID: 43F, Data: 843 48 60 FF 67 90 22 0
ID: 43F, Data: 843 48 60 FF 67 90 22 0
ID: 153, Data: 80 0 0 FF 0 FF 0 0
ID: 316, Data: 8D 18 D8 1F 10 19 30 7D
ID: 153, Data: 80 0 0 FF 0 FF 0 0
ID: 545, Data: 8E4 3F 0 8D 9A FF 9A FF
ID: 316, Data: 8D 13 98 1F 10 19 30 7D
ID: 153, Data: 80 0 0 FF 0 FF 0 0
ID: 316, Data: 8D F 59 1F 10 19 2F 7D
ID: 153, Data: 80 0 0 FF 0 FF 0 0
ID: 316, Data: 8D B 7E 1F 10 19 2F 7D
ID: 316, Data: 8D B A5 1F 10 19 2F 7D
ID: 1F1, Data: 80 44 73 51 17 7B A1 17
ID: 153, Data: 80 0 0 FF 0 FF 0 0
ID: 370, Data: 8FF E1 F0 FF FF FF FF FF
ID: 43F, Data: 843 48 60 FF 67 74 21 0
ID: 2A0, Data: 820 6 64 18 30 0 F 0
ID: 153, Data: 80 0 0 FF 0 FF 0 0
ID: 316, Data: 8D 0 38 21 10 19 2E 7D
ID: 5F0, Data: 20 0
ID: 316, Data: 8D 0 F2 20 10 19 2E 7D
ID: 153, Data: 80 0 0 FF 0 FF 0 0
ID: 545, Data: 8E4 0 0 8D 3B FE 3B FE
ID: 316, Data: 8D 0 A0 20 10 19 2E 7D
ID: 18F, Data: 8AA 34 0 0 0 0 0 0
ID: 43F, Data: 843 48 60 FF 67 C8 20 0
ID: 153, Data: 80 0 0 FF 0 FF 0 0
ID: 316, Data: 8D 0 CB 1F 10 19 2D 7D
ID: 153, Data: 80 0 0 FF 0 FF 0 0
ID: 153, Data: 80 0 0 FF 0 FF 0 0
ID: 316, Data: 8D 0 8B 1F 10 19 2D 7D
ID: 153, Data: 80 0 0 FF 0 FF 0 0
ID: 316, Data: 8D 0 7E 1F 10 19 2D 7D
ID: 440, Data: 8FE 63 2C A0 FF AA AA AA
ID: 316, Data: 8D 0 65 1F 10 19 2D 7D
ID: 316, Data: 8D 0 65 1F 10 19 2D 7D
ID: 153, Data: 80 0 0 FF 0 FF 0 0
ID: 18F, Data: 8AA 34 0 0 0 0 0 0
ID: 316, Data: 8D 0 33 1F 10 19 2C 7D
ID: 316, Data: 8D 0 1A 1F 10 19 2C 7D
ID: 545, Data: 8E4 0 0 8D 42 FE 42 FE
ID: 43F, Data: 843 48 60 FF 67 90 1F 0
ID: 43F, Data: 843 48 60 FF 67 84 1F 0
ID: 2A0, Data: 840 5 64 18 30 0 F 0
ID: 153, Data: 80 0 0 FF 0 FF 0 0
ID: 316, Data: 8D 0 88 1E 10 19 2C 7D
ID: 153, Data: 80 0 0 FF 0 FF 0 0
ID: 316, Data: 8D 0 7C 1E 10 19 2B 7D
ID: 43F, Data: 843 48 60 FF 67 4 1F 0
ID: 316, Data: 8D 0 41 1E 10 19 2B 7D
ID: 153, Data: 80 0 0 FF 0 FF 0 0
ID: 153, Data: 80 0 0 FF 0 FF 0 0
ID: 370, Data: 8FF E1 F0 FF FF FF FF FF
ID: 260, Data: 80 0 10 30 58 FF 4E 1E
ID: 316, Data: 8D 0 F0 1D 10 19 2B 7D
ID: 545, Data: 8E4 0 0 8D 42 FE 42 FE
ID: 153, Data: 80 0 0 FF 0 FF 0 0
ID: 316, Data: 8D 0 AC 1D 10 19 2A 7D
ID: 153, Data: 80 0 0 FF 0 FF 0 0
ID: 316, Data: 8D 0 74 1D 10 19 2A 7D
ID: 316, Data: 8D 0 69 1D 10 19 2A 7D
ID: 316, Data: 8D 0 53 1D 10 19 2A 7D
ID: 43F, Data: 843 48 60 FF 67 F4 1D 0
ID: 153, Data: 80 0 0 FF 0 FF 0 0
ID: 280, Data: 830 0 20 AF 3A 15 64 3C
ID: 43F, Data: 843 48 60 FF 67 B8 1D 0
ID: A1, Data: 880 7F 80 7D 1C 0 0 0
ID: 316, Data: 8D 0 E6 1C 10 19 29 7D
ID: 316, Data: 8D 0 D1 1C 11 19 29 7D
ID: 2A0, Data: 820 3 64 18 30 0 F 0
ID: 43F, Data: 843 48 60 FF 67 54 1D 0
ID: 153, Data: 80 0 0 FF 0 FF 0 0
ID: 329, Data: 885 AF 80 8 11 32 0 26
ID: 316, Data: 8D 0 5E 1C 11 19 28 7D
ID: 260, Data: 80 0 11 30 58 FF 4E 3B
ID: 43F, Data: 843 48 60 FF 67 E8 1C 0
ID: 316, Data: 8D 0 21 1C 11 19 28 7D
ID: A0, Data: 827 7C 2 1C 29 2A 4 0
ID: 316, Data: 8D 0 EE 1B 11 19 28 7D
ID: 153, Data: 80 0 0 FF 0 FF 0 0
ID: 316, Data: 8D 0 C7 1B 11 19 28 7D
ID: 316, Data: 8D 0 C7 1B 11 19 28 7D
ID: 153, Data: 80 0 0 FF 0 FF 0 0
ID: 153, Data: 80 0 0 FF 0 FF 0 0
ID: 18F, Data: 8AA 33 0 0 0 0 0 0
ID: 316, Data: 8D 0 8C 1B 12 19 27 7D
ID: 153, Data: 80 0 0 FF 0 FF 0 0
ID: 545, Data: 8E4 0 0 8C 42 FE 42 FE
ID: 316, Data: 8D 0 52 1B 12 19 27 7D
ID: 18F, Data: 8AA 33 0 0 0 0 0 0
ID: 316, Data: 8D 0 19 1B 12 19 27 7D
ID: 43F, Data: 843 48 60 FF 67 C0 1B 0
ID: 316, Data: 8D 0 E1 1A 12 19 26 7D
ID: 2A0, Data: 820 3 64 18 30 0 F 0
ID: 153, Data: 80 0 0 FF 0 FF 0 0
ID: 316, Data: 8D 0 A1 1A 12 19 26 7D
ID: A0, Data: 826 7C A1 1A 27 29 4 0
ID: 316, Data: 8D 0 74 1A 12 19 26 7D
ID: 316, Data: 8D 0 62 1A 12 19 26 7D
ID: 260, Data: 80 0 12 30 58 FF 4E D
ID: 43F, Data: 843 48 60 FF 67 8 1B 0
ID: 153, Data: 80 0 0 FF 0 FF 0 0
ID: 43F, Data: 843 48 60 FF 67 D8 1A 0
ID: 316, Data: 8D 0 A 1A 12 19 25 7D
ID: A1, Data: 880 7F 80 7D 1B 0 0 0
ID: 440, Data: 8FE 63 25 A0 FF AA AA AA
ID: 43F, Data: 843 48 60 FF 67 94 1A 0
ID: 545, Data: 8E4 0 0 8D 43 FE 43 FE
ID: 43F, Data: 843 48 60 FF 67 64 1A 0
ID: 316, Data: 8D 0 9B 19 12 19 25 7D
ID: A0, Data: 826 7C BD 19 25 29 4 0
ID: 316, Data: 8D 0 69 19 12 19 24 7D
ID: 153, Data: 80 0 0 FF 0 FF 0 0
ID: 260, Data: 80 0 12 30 58 FF 4E 2B
ID: 316, Data: 8D 0 28 19 12 19 24 7D
ID: 153, Data: 80 0 0 FF 0 FF 0 0
ID: 1F0, Data: 80 40 FD BF 0 0 0 0
ID: 5F0, Data: 20 0
ID: 43F, Data: 843 48 60 FF 67 6C 19 0
ID: A0, Data: 827 7C F8 18 24 29 4 0
ID: 316, Data: 8D 0 A9 18 12 19 23 7D
ID: 316, Data: 8D 0 99 18 12 19 23 7D
ID: A0, Data: 827 7C A9 18 24 29 4 0
ID: 370, Data: 8FF E3 F0 FF FF FF FF FF
ID: 316, Data: 8D 0 3E 18 13 19 23 7D
ID: 153, Data: 80 0 0 FF 0 FF 0 0
ID: 153, Data: 80 0 0 FF 0 FF 0 0
ID: 316, Data: 8D 0 CF 17 13 18 22 7D
ID: A1, Data: 880 7F 80 7D 1C 0 0 0
ID: 153, Data: 80 0 0 FF 0 FF 0 0
ID: 316, Data: 8D 0 5D 17 13 18 22 7D
ID: 43F, Data: 843 48 60 FF 67 D0 17 0
ID: 316, Data: 8D 0 18 17 13 18 21 7D
ID: A0, Data: 828 7C 3 17 22 28 4 0
ID: 153, Data: 80 0 0 FF 0 FF 0 0
ID: 316, Data: 8D 0 AC 16 14 18 21 7D
ID: 153, Data: 80 0 0 FF 0 FF 0 0
ID: 316, Data: 8D 0 6B 16 14 18 20 7D
ID: 153, Data: 80 0 0 FF 0 FF 0 0
ID: 316, Data: 8D 0 19 16 14 18 20 7D
ID: 370, Data: 8FF E3 F0 FF FF FF FF FF
ID: 1F0, Data: 84 40 FD BF 0 0 0 0
ID: 316, Data: 8D 0 8D 15 14 18 1F 7D
ID: 153, Data: 80 0 0 FF 0 FF 0 0
ID: 316, Data: 8D 0 41 15 14 18 1F 7D
ID: 316, Data: 8D 0 D 15 14 18 1E 7D
ID: 153, Data: 80 0 0 FF 0 FF 0 0
ID: 545, Data: 8E4 0 0 8D 45 FE 45 FE
ID: 316, Data: 8D 0 88 14 15 19 1E 7D
ID: 18F, Data: 8AA 33 0 0 0 0 0 0
ID: 316, Data: 8D 0 2E 14 15 19 1D 7D
ID: A1, Data: 880 7F 80 7D 1C 0 0 0
ID: 316, Data: 8D 0 D2 13 22 22 1D 7D
ID: 153, Data: 80 0 0 FF 0 FF 0 0
ID: 329, Data: 8B AF 80 8 12 30 0 26
ID: 316, Data: 8D 0 6F 13 22 22 1C 7D
ID: 329, Data: 840 AF 80 8 12 30 0 26
ID: 153, Data: 80 0 0 FF 0 FF 0 0
ID: 153, Data: 80 0 0 FF 0 FF 0 0
ID: 316, Data: 8D 0 C 13 22 22 1B 7D
ID: 260, Data: 80 0 23 30 58 FF 4E 1A
ID: 5F0, Data: 20 0
ID: 316, Data: 8D 0 77 12 23 21 1A 7D
ID: 316, Data: 84D 0 73 12 23 21 1A 7D
ID: 329, Data: 840 AF 80 8 12 30 0 26
ID: 153, Data: 80 0 0 FF 0 FF 0 0
ID: 316, Data: 84D 0 50 11 24 22 1A 7D
ID: 370, Data: 8FF E3 F0 FF FF FF FF FF
ID: 1F1, Data: 80 99 BB 50 C BF 70 C
ID: 316, Data: 845 6 D9 F 25 22 19 7D
ID: 316, Data: 845 D 6E F 26 22 18 7D
ID: 1F0, Data: 81F 40 FD BF 0 0 0 0
ID: 153, Data: 80 0 0 FF 0 FF 0 0
ID: 43F, Data: 843 48 60 FF 67 64 10 0
ID: 153, Data: 80 0 0 FF 0 FF 0 0
ID: 43F, Data: 843 48 60 FF 67 10 10 0
ID: 43F, Data: 843 48 60 FF 67 EC F 0
ID: 280, Data: 830 0 84 AF 18 1F 64 52
ID: 153, Data: 80 0 0 FF 0 FF 0 0
ID: 316, Data: 845 2E 98 D 35 22 16 7D
ID: 153, Data: 80 0 0 FF 0 FF 0 0
ID: 545, Data: 8E4 3B 0 8C DB 0 DB 0
ID: 316, Data: 845 2F C1 D 33 22 16 7D
ID: 329, Data: 885 AF 80 8 12 30 0 26
ID: 316, Data: 845 2E 99 E 30 22 15 7D
ID: 316, Data: 845 2E 9E E 30 22 15 7D
ID: 260, Data: 8B 2F 30 30 58 FF 4F 3D
ID: 316, Data: 845 2E D3 E 2F 22 14 7D
ID: A1, Data: 889 7F 8B 7D 28 0 0 0
ID: 316, Data: 845 2F BA E 30 22 14 7D
ID: 316, Data: 845 2F A9 E 2F 22 14 7D
ID: 260, Data: 8B 2F 30 30 58 FF 4F 2E
ID: 316, Data: 845 2F 4E E 30 22 13 7D
ID: 2A0, Data: 820 1 64 18 30 0 F 0
ID: 43F, Data: 83 48 60 FF 67 0 D 0
ID: 316, Data: 845 31 BC D 31 22 13 7D
ID: 153, Data: 80 0 0 FF 0 FF 0 0
ID: 545, Data: 8E4 42 0 8C 12 1 12 1
ID: 316, Data: 845 32 91 D 31 22 12 7D
ID: 2A0, Data: 880 0 64 18 30 0 F 0
ID: 43F, Data: 83 48 60 FF 67 58 C 0
ID: 43F, Data: 83 48 60 FF 67 40 C 0
ID: 43F, Data: 83 48 60 FF 67 24 C 0
ID: 280, Data: 830 0 84 AF 1A 23 64 5B
ID: 440, Data: 8FE 13 10 A0 FF AA AA AA
ID: 316, Data: 845 34 2A D 32 22 11 7D
ID: 43F, Data: 83 48 60 FF 67 B0 B 0
ID: 43F, Data: 83 48 60 FF 67 98 B 0
ID: 440, Data: 8FE 63 10 A0 FF AA AA AA
ID: 43F, Data: 83 48 60 FF 67 6C B 0
ID: 316, Data: 845 34 CD C 34 22 11 7D
ID: 316, Data: 845 34 A4 C 34 22 10 7D
ID: 43F, Data: 83 48 60 FF 67 18 B 0
ID: 440, Data: 8FE B3 F A0 FF AA AA AA
ID: 329, Data: 840 AF 80 8 12 2F 0 26
ID: 316, Data: 845 34 5A C 35 22 10 7D
ID: 316, Data: 845 34 41 C 35 22 10 7D
ID: 43F, Data: 83 48 60 FF 67 88 A 0
ID: 440, Data: 8FE C3 E A0 FF AA AA AA
ID: 316, Data: 845 34 20 C 36 22 F 7D
ID: 153, Data: 80 0 0 FF 0 FF 0 0
ID: 316, Data: 845 34 C C 36 22 F 7D
ID: 153, Data: 80 0 0 FF 0 FF 0 0
ID: 316, Data: 845 35 F9 B 36 22 F 7D
ID: 153, Data: 80 0 0 FF 0 FF 0 0
ID: 316, Data: 845 35 F8 B 36 22 E 7D
ID: 43F, Data: 83 48 60 FF 67 9C 9 0
ID: 153, Data: 80 0 0 FF 0 FF 0 0
ID: 2A0, Data: 820 0 64 18 30 0 F 0
ID: 43F, Data: 83 48 60 FF 67 48 9 0
ID: 316, Data: 845 34 5E B 2A 22 E 7D
ID: 260, Data: 8B 33 2B 30 58 FF 4C 4
ID: 153, Data: 80 0 0 FF 0 FF 0 0
ID: 316, Data: 845 32 22 B 2D 22 D 7D
ID: 370, Data: 8FF E3 F0 FF FF FF FF FF
ID: 316, Data: 845 31 44 B 2C 22 D 7D
ID: 153, Data: 80 0 0 FF 0 FF 0 0
ID: 153, Data: 80 0 0 FF 0 FF 0 0
ID: 316, Data: 845 2F 2F B 2D 22 C 7D
ID: 153, Data: 80 0 0 FF 0 FF 0 0
ID: 316, Data: 845 2F 9 B 2E 22 C 7D
ID: 153, Data: 80 0 0 FF 0 FF 0 0
ID: 153, Data: 80 0 0 FF 0 FF 0 0
ID: 43F, Data: 83 48 60 FF 67 4C 7 0
ID: 43F, Data: 83 48 60 FF 67 2C 7 0
ID: 43F, Data: 8A 48 60 FF 67 0 7 0
ID: 316, Data: 845 2E 8F A 2F 22 A 7D
ID: 316, Data: 845 2F 4D A 30 22 A 7D
ID: 545, Data: 8E4 2A 0 8C E9 0 E9 0
ID: 43F, Data: 8A 48 60 FF 67 6C 6 0
ID: 440, Data: 8F3 C3 8 A0 FF AA AA AA
ID: 316, Data: 845 2F 21 A 30 21 9 7D
ID: A0, Data: 842 7C 38 A A 25 2 0
ID: 316, Data: 845 30 45 A 2F 21 9 7D
ID: 153, Data: 80 0 0 FF 0 FF 0 0
ID: 316, Data: 845 30 6E A 2F 21 8 7D
ID: 153, Data: 80 0 0 FF 0 FF 0 0
ID: 316, Data: 845 30 AD A 2E 22 8 7D
ID: 316, Data: 845 2F B9 A 2E 22 8 7D
ID: 280, Data: 830 0 84 AF 15 21 64 59
ID: 43F, Data: 82 48 60 FF 67 68 7 0
ID: 316, Data: 845 2F CC A 2E 22 7 7D
ID: 329, Data: 8ED AF 80 8 12 2D 0 26
ID: 43F, Data: 82 48 60 FF 67 C0 6 0
ID: 153, Data: 80 0 0 FF 0 FF 0 0
ID: 316, Data: 845 2E CC A 2D 22 6 7D
ID: 43F, Data: 82 48 60 FF 67 28 6 0
ID: 153, Data: 80 0 0 FF 0 FF 0 0
ID: 2A0, Data: 8E0 0 64 18 30 0 F 0
ID: 316, Data: 845 2E BC A 2D 22 5 7D
ID: 329, Data: 8ED AF 80 8 12 2D 0 26
ID: 370, Data: 8FF E3 F0 FF FF FF FF FF
ID: 153, Data: 80 0 0 FF 0 FF 0 0
ID: 153, Data: 80 0 0 FF 0 FF 0 0
ID: 280, Data: 830 0 84 AF 15 20 64 57
ID: 440, Data: 8D7 D2 4 A0 FF AA AA AA
ID: 153, Data: 80 0 0 FF 0 FF 0 0
ID: 153, Data: 80 0 0 FF 0 FF 0 0
ID: 316, Data: 845 2E AC A 2D 22 4 7D
ID: 440, Data: 8CD D2 3 A0 FF AA AA AA
ID: 316, Data: 845 2D 99 A 2D 22 3 7D
ID: 260, Data: 8B 2E 2D 30 58 FF 6A 26
ID: 153, Data: 80 0 0 FF 0 FF 0 0
ID: 316, Data: 845 2D B0 A 2D 22 3 7D
ID: 153, Data: 80 0 0 FF 0 FF 0 0
ID: 280, Data: 830 0 84 AF 15 1F 64 57
ID: 316, Data: 845 2D A4 A 2D 22 2 7D
ID: 43F, Data: 82 48 60 FF 67 28 2 0
ID: 43F, Data: 89 48 60 FF 67 4 2 0
ID: 43F, Data: 89 48 60 FF 67 D4 1 0
ID: 43F, Data: 89 48 60 FF 67 A4 1 0
ID: 280, Data: 830 0 84 AF 15 1F 64 57
ID: A1, Data: 881 80 83 7F 29 0 0 0
ID: 316, Data: 845 2D 8C A 2C 22 1 7D
ID: 316, Data: 845 2D 7E A 2C 22 1 7D
ID: 545, Data: 8E4 28 0 8C BF 0 BF 0
ID: 153, Data: 80 0 0 FF 0 FF 0 0
ID: 153, Data: 80 0 0 FF 0 FF 0 0
ID: 1F1, Data: 80 CB 5 50 0 4 60 0
ID: 545, Data: 8E4 27 0 8C BF 0 BF 0
ID: 2A0, Data: 880 0 64 18 30 0 F 0
ID: 440, Data: 8AE 22 0 A0 FF AA AA AA
ID: 43F, Data: 89 48 60 FF 67 0 0 0
ID: 316, Data: 845 2D 66 A 2C 22 1 7D
ID: 316, Data: 845 2D 5B A 2C 22 1 7D
ID: 18F, Data: 8AA 3E 0 0 0 0 0 0
ID: 153, Data: 80 0 0 FF 0 FF 0 0
ID: 18F, Data: 8AA 3E 0 0 0 0 0 0
ID: 2A0, Data: 820 0 64 18 30 0 F 0
ID: 316, Data: 845 2D 4D A 2C 22 1 7D
ID: 316, Data: 845 2D 50 A 2C 22 0 7D
ID: 43F, Data: 89 48 60 FF 67 0 0 0
ID: 440, Data: 8AE 22 0 A0 FF AA AA AA
ID: 43F, Data: 89 48 60 FF 67 0 0 0
ID: 260, Data: 8B 2D 2D 30 58 FF 6F 4
ID: 18F, Data: 8AA 3F 0 0 0 0 0 0
ID: 153, Data: 80 0 0 FF 0 FF 0 0
ID: A1, Data: 87E 80 80 7F 29 0 0 0
ID: 2A0, Data: 880 0 64 18 30 0 F 0
ID: 18F, Data: 8AA 3F 0 0 0 0 0 0
ID: A1, Data: 87E 80 80 7F 29 0 0 0
ID: 329, Data: 8ED B0 80 8 12 2C 0 26
ID: 545, Data: 8E4 27 0 8D C1 0 C1 0
ID: 153, Data: 80 0 0 FF 0 FF 0 0
ID: 153, Data: 80 0 0 FF 0 FF 0 0
ID: 153, Data: 80 0 0 FF 0 FF 0 0
ID: 260, Data: 8B 2D 2C 30 58 FF 6E 6
ID: 316, Data: 845 2C 57 A 2C 22 0 7D
ID: 43F, Data: 81 48 60 FF 67 0 0 0
ID: 316, Data: 845 2C 62 A 2C 22 0 7D
ID: 316, Data: 845 2C 5C A 2C 22 0 7D
ID: 316, Data: 845 2C 5F A 2C 22 0 7D
ID: 43F, Data: 81 48 60 FF 67 0 0 0
ID: 316, Data: 845 2C 70 A 2C 22 0 7D
ID: 316, Data: 845 2C 7B A 2C 22 0 7D
ID: 280, Data: 830 0 84 B0 14 1F 65 56
ID: 43F, Data: 81 48 60 FF 67 0 0 0
ID: 316, Data: 845 2C 71 A 2B 22 0 7D
ID: 316, Data: 845 2C 6C A 2C 22 0 7D
ID: 2A0, Data: 880 0 65 18 30 0 F 0
ID: 316, Data: 845 2C 65 A 2C 22 0 7D
ID: 153, Data: 80 0 0 FF 0 FF 0 0
ID: 316, Data: 845 2C 57 A 2C 22 0 7D
ID: 316, Data: 845 2C 58 A 2C 22 0 7D
ID: 329, Data: 885 B0 80 8 12 2C 0 26
ID: 5F0, Data: 20 0
ID: 153, Data: 80 0 0 FF 0 FF 0 0
ID: 316, Data: 845 2C 65 A 2B 22 0 7D
ID: 5F0, Data: 20 0
ID: 43F, Data: 81 48 60 FF 67 0 0 0
ID: 153, Data: 80 0 0 FF 0 FF 0 0
ID: 316, Data: 845 2C 5E A 2B 22 0 7D
ID: 43F, Data: 81 48 60 FF 67 0 0 0
ID: 316, Data: 845 2B 67 A 2B 22 0 7D
ID: 316, Data: 845 2C 5B A 2B 22 0 7D
ID: 260, Data: 8B 2C 2C 30 58 FF 6D 26
ID: 316, Data: 845 2B 4F A 2B 22 0 7D
ID: 329, Data: 8ED B0 80 8 12 2C 0 26
ID: A1, Data: 881 80 83 7F 29 0 0 0
ID: 43F, Data: 81 48 60 FF 67 0 0 0
ID: 43F, Data: 81 48 60 FF 67 0 0 0
ID: 43F, Data: 81 48 60 FF 67 0 0 0
ID: 5F0, Data: 20 0
ID: 316, Data: 845 2A 58 A 20 19 0 7D
ID: 316, Data: 845 29 57 A 20 19 0 7D
ID: 153, Data: 80 0 0 FF 0 FF 0 0
ID: 153, Data: 80 0 0 FF 0 FF 0 0
ID: 260, Data: 8B 27 21 30 58 FF 70 22
ID: 280, Data: 830 0 84 B0 14 1B 65 4F
ID: 153, Data: 80 0 0 FF 0 FF 0 0
ID: 316, Data: 85 25 D8 9 22 19 0 7D
ID: 316, Data: 85 24 E4 9 22 19 0 7D
ID: 153, Data: 80 0 0 FF 0 FF 0 0
ID: 260, Data: 8B 24 21 30 58 FF 79 1D
ID: 370, Data: 8FF E3 F0 FF FF FF FF FF
ID: 5A0, Data: 80 0 0 90 0 0 0 0
ID: 316, Data: 85 22 36 A 21 19 0 7D
ID: 153, Data: 80 0 0 FF 0 FF 0 0
ID: 316, Data: 85 22 1B A 21 19 0 7D
ID: 153, Data: 80 0 0 FF 0 FF 0 0
ID: 316, Data: 85 22 E A 21 19 0 7D
ID: 153, Data: 80 0 0 FF 0 FF 0 0
ID: 43F, Data: 81 48 60 FF 67 0 0 0
ID: 153, Data: 80 0 0 FF 0 FF 0 0
ID: 153, Data: 80 0 0 FF 0 FF 0 0
ID: 153, Data: 80 0 0 FF 0 FF 0 0
ID: 370, Data: 8FF E3 F0 FF FF FF FF FF
ID: 316, Data: 85 21 BB 9 23 19 0 7D
ID: 153, Data: 80 0 0 FF 0 FF 0 0
ID: 153, Data: 80 0 0 FF 0 FF 0 0
ID: 43F, Data: 81 48 60 FF 67 0 0 0
ID: 43F, Data: 81 48 60 FF 67 0 0 0
ID: 43F, Data: 81 48 60 FF 67 0 0 0
ID: 153, Data: 80 0 0 FF 0 FF 0 0
ID: 316, Data: 85 23 9B 9 24 19 0 7D
ID: A1, Data: 87D 7E 80 7E 24 0 0 0
ID: 153, Data: 80 0 0 FF 0 FF 0 0
ID: 316, Data: 85 23 C6 9 23 19 0 7D
ID: 43F, Data: 89 48 60 FF 67 0 0 0
ID: 316, Data: 85 23 D1 9 23 19 0 7D
ID: 440, Data: 8A6 41 0 A0 FF AA AA AA
ID: 316, Data: 85 23 E5 9 23 19 0 7D
ID: 18F, Data: 8AA 40 0 0 0 0 0 0
ID: 153, Data: 80 0 0 FF 0 FF 0 0
ID: 2A0, Data: 820 0 65 18 30 0 F 0
ID: 316, Data: 85 23 E9 9 23 19 0 7D
ID: 329, Data: 885 B0 80 8 12 2A 0 26
ID: A0, Data: 833 7D E2 9 0 22 2 0
ID: 153, Data: 80 0 0 FF 0 FF 0 0
ID: 43F, Data: 81 48 60 FF 67 0 0 0
ID: A1, Data: 882 7E 7D 7E 24 0 0 0
ID: 1F1, Data: 80 CB 0 0 0 0 0 0
ID: 153, Data: 80 0 0 FF 0 FF 0 0
ID: 329, Data: 840 B0 80 8 12 2A 0 26
ID: 43F, Data: 81 48 60 FF 67 0 0 0
ID: 440, Data: 8A6 31 0 A0 FF AA AA AA
ID: A0, Data: 833 7D DB 9 0 22 2 0
ID: 316, Data: 85 22 EF 9 23 19 0 7D
ID: 316, Data: 85 22 F3 9 23 19 0 7D
ID: 316, Data: 85 23 F0 9 23 19 0 7D
ID: 316, Data: 85 23 F3 9 23 19 0 7D
ID: 18F, Data: 8AA 3E 0 0 0 0 0 0
ID: 153, Data: 80 0 0 FF 0 FF 0 0
ID: 440, Data: 8A6 31 0 A0 FF AA AA AA
ID: 316, Data: 85 23 F5 9 23 19 0 7D
ID: 153, Data: 80 0 0 FF 0 FF 0 0
ID: 316, Data: 85 23 C A 23 19 0 7D
ID: 5F0, Data: 20 0
ID: 43F, Data: 81 48 60 FF 67 0 0 0
ID: 153, Data: 80 0 0 FF 0 FF 0 0
ID: 5F0, Data: 20 0
ID: A0, Data: 832 7D 30 A 0 23 2 0
ID: 2A0, Data: 840 0 65 18 30 0 F 0
ID: 280, Data: 830 0 84 B0 14 1A 65 4B
ID: 260, Data: 8B 23 23 30 58 FF 71 5
ID: 316, Data: 85 23 17 A 23 19 0 7D
ID: 153, Data: 80 0 0 FF 0 FF 0 0
ID: 2A0, Data: 880 0 65 18 30 0 F 0
ID: 316, Data: 85 23 F A 23 19 0 7D
ID: 316, Data: 85 23 10 A 23 19 0 7D
ID: 329, Data: 840 B0 80 8 12 2A 0 26
ID: 43F, Data: 81 48 60 FF 67 0 0 0
ID: 316, Data: 85 23 14 A 23 19 0 7D
ID: 153, Data: 80 0 0 FF 0 FF 0 0
ID: 316, Data: 85 23 1F A 23 19 0 7D
ID: 153, Data: 80 0 0 FF 0 FF 0 0
ID: 316, Data: 85 23 1D A 23 19 0 7D
ID: 43F, Data: 81 48 60 FF 67 0 0 0
ID: 5F0, Data: 20 0
ID: 316, Data: 85 23 C A 23 19 0 7D
ID: 153, Data: 80 0 0 FF 0 FF 0 0
ID: 316, Data: 85 23 3 A 23 19 0 7D
ID: 153, Data: 80 0 0 FF 0 FF 0 0
ID: 43F, Data: 81 48 60 FF 68 0 0 0
ID: 153, Data: 80 0 0 FF 0 FF 0 0
ID: 316, Data: 85 22 EF 9 23 19 0 7D
ID: A0, Data: 833 7D E0 9 0 23 2 0
ID: 153, Data: 80 0 0 FF 0 FF 0 0
ID: 1F1, Data: 80 CB 0 0 0 0 0 0
ID: A0, Data: 833 7D E0 9 0 23 2 0
ID: 316, Data: 85 23 EF 9 24 19 0 7D
ID: 316, Data: 85 23 EA 9 24 19 0 7D
ID: 316, Data: 85 23 E7 9 24 19 0 7D
ID: 18F, Data: 8AA 3D 0 0 0 0 0 0
ID: 153, Data: 80 0 0 FF 0 FF 0 0
ID: 18F, Data: 8AA 3D 0 0 0 0 0 0
ID: 370, Data: 8FF E3 F0 FF FF FF FF FF
ID: 316, Data: 85 23 F0 9 24 19 0 7D
ID: 153, Data: 80 0 0 FF 0 FF 0 0
ID: 153, Data: 80 0 0 FF 0 FF 0 0
ID: 153, Data: 80 0 0 FF 0 FF 0 0
ID: 2A0, Data: 880 0 65 18 30 0 F 0
ID: 316, Data: 85 23 C A 24 19 0 7D
ID: 316, Data: 85 23 15 A 23 19 0 7D
ID: 329, Data: 8B B1 80 8 12 2A 0 26
ID: A1, Data: 882 7E 82 7E 24 0 0 0
ID: 153, Data: 80 0 0 FF 0 FF 0 0
ID: 316, Data: 85 23 6 A 24 19 0 7D
ID: 370, Data: 8FF E3 F0 FF FF FF FF FF
ID: 1F1, Data: 80 CB 0 0 0 0 0 0
ID: 316, Data: 85 23 5 A 24 19 0 7D
ID: 153, Data: 80 0 0 FF 0 FF 0 0
ID: 440, Data: 8A6 E1 0 A0 FF AA AA AA
ID: 5F0, Data: 20 0
ID: 440, Data: 8A6 E1 0 A0 FF AA AA AA
ID: 153, Data: 80 0 0 FF 0 FF 0 0
ID: 153, Data: 80 0 0 FF 0 FF 0 0
ID: 280, Data: 830 0 84 B1 13 1A 65 4D
ID: 316, Data: 85 23 E9 9 24 19 0 7D
ID: 153, Data: 80 0 0 FF 0 FF 0 0
ID: 153, Data: 80 0 0 FF 0 FF 0 0
ID: 43F, Data: 81 48 60 FF 67 0 0 0
ID: 545, Data: 8E4 1F 0 8C BA 0 BA 0
ID: 260, Data: 8B 24 24 30 58 FF 77 1C
ID: 43F, Data: 81 48 60 FF 68 0 0 0
ID: 153, Data: 80 0 0 FF 0 FF 0 0
ID: 316, Data: 85 24 1B A 24 19 0 7D
ID: 153, Data: 80 0 0 FF 0 FF 0 0
ID: 43F, Data: 81 48 60 FF 67 0 0 0
ID: 153, Data: 80 0 0 FF 0 FF 0 0
ID: 153, Data: 80 0 0 FF 0 FF 0 0
ID: 153, Data: 80 0 0 FF 0 FF 0 0
ID: 370, Data: 8FF E3 F0 FF FF FF FF FF
ID: 545, Data: 8E4 20 0 8D B5 0 B5 0
ID: 153, Data: 80 0 0 FF 0 FF 0 0
ID: 316, Data: 85 23 29 A 23 19 0 7D
ID: 1F1, Data: 80 CB 0 0 0 0 0 0
ID: 153, Data: 80 0 0 FF 0 FF 0 0
ID: 43F, Data: 81 48 60 FF 68 0 0 0
ID: 153, Data: 80 0 0 FF 0 FF 0 0
ID: 316, Data: 85 23 B A 24 19 0 7D
ID: 2A0, Data: 8E0 0 65 18 30 0 F 0
ID: 1F1, Data: 80 CB 0 0 0 0 0 0
ID: 370, Data: 8FF E3 F0 FF FF FF FF FF
ID: 316, Data: 85 23 2 A 24 19 0 7D
ID: 440, Data: 8A6 E1 0 A0 FF AA AA AA
ID: 370, Data: 8FF E3 F0 FF FF FF FF FF
ID: 329, Data: 8B B1 80 8 12 2A 0 26
ID: 316, Data: 85 23 E A 24 19 0 7D
ID: 153, Data: 80 0 0 FF 0 FF 0 0
ID: 316, Data: 85 23 1D A 24 19 0 7D
ID: 153, Data: 80 0 0 FF 0 FF 0 0
ID: 316, Data: 85 23 2E A 24 19 0 7D
ID: 1F1, Data: 80 CB 0 0 0 0 0 0
ID: 153, Data: 80 0 0 FF 0 FF 0 0
ID: 43F, Data: 81 48 60 FF 68 0 0 0
ID: 43F, Data: 81 48 60 FF 68 0 0 0
ID: 43F, Data: 81 48 60 FF 68 0 0 0
ID: 153, Data: 80 0 0 FF 0 FF 0 0
ID: 316, Data: 85 23 17 A 24 19 0 7D
ID: A0, Data: 833 7D 14 A 0 23 2 0
ID: 153, Data: 80 0 0 FF 0 FF 0 0
ID: 153, Data: 80 0 0 FF 0 FF 0 0
ID: 18F, Data: 8AA 3B 0 0 0 0 0 0
ID: 316, Data: 85 23 1B A 24 19 0 7D
ID: 1F0, Data: 83E 40 FD BF 0 0 0 0
ID: 316, Data: 85 23 13 A 24 19 0 7D
ID: 329, Data: 840 B1 80 8 12 2A 0 26
ID: A0, Data: 833 7D 13 A 0 23 2 0
ID: 316, Data: 85 23 20 A 24 19 0 7D
ID: 153, Data: 80 0 0 FF 0 FF 0 0
ID: 316, Data: 85 23 20 A 24 19 0 7D
ID: 153, Data: 80 0 0 FF 0 FF 0 0
ID: 153, Data: 80 0 0 FF 0 FF 0 0
ID: 370, Data: 8FF E3 F0 FF FF FF FF FF
ID: A0, Data: 833 7D 19 A 0 23 2 0
ID: 316, Data: 85 23 1C A 24 19 0 7D
ID: 43F, Data: 81 48 60 FF 68 0 0 0
ID: 440, Data: 8A6 41 0 A0 FF AA AA AA
ID: 43F, Data: 81 48 60 FF 68 0 0 0
ID: 153, Data: 80 0 0 FF 0 FF 0 0
ID: 316, Data: 85 23 15 A 24 19 0 7D
ID: 43F, Data: 81 48 60 FF 68 0 0 0
ID: 43F, Data: 81 48 60 FF 68 0 0 0
ID: 1F0, Data: 83E 40 FD BF 0 0 0 0
ID: 43F, Data: 81 48 60 FF 68 0 0 0
ID: 43F, Data: 81 48 60 FF 69 0 0 0
ID: 153, Data: 80 0 0 FF 0 FF 0 0
ID: 316, Data: 85 23 18 A 24 19 0 7D
ID: 153, Data: 80 0 0 FF 0 FF 0 0
ID: 153, Data: 80 0 0 FF 0 FF 0 0
ID: 316, Data: 85 23 6 A 24 19 0 7D
ID: 440, Data: 8A6 31 0 A0 FF AA AA AA
ID: 43F, Data: 81 48 60 FF 68 0 0 0
ID: 316, Data: 85 23 15 A 24 19 0 7D
ID: 316, Data: 85 23 1C A 24 19 0 7D
ID: 2A0, Data: 820 0 65 18 30 0 F 0
ID: 153, Data: 80 0 0 FF 0 FF 0 0
ID: 153, Data: 80 0 0 FF 0 FF 0 0
ID: 260, Data: 8B 24 24 30 58 FF 72 2
ID: 316, Data: 85 23 1C A 24 19 0 7D
ID: 43F, Data: 81 48 60 FF 68 0 0 0
ID: 43F, Data: 81 48 60 FF 68 0 0 0
ID: 43F, Data: 81 48 60 FF 68 0 0 0
ID: 43F, Data: 81 48 60 FF 68 0 0 0
ID: 43F, Data: 81 48 60 FF 68 0 0 0
ID: 5F0, Data: 20 0
ID: 153, Data: 80 0 0 FF 0 FF 0 0
ID: 370, Data: 8FF E3 F0 FF FF FF FF FF
ID: 5F0, Data: 20 0
ID: 280, Data: 830 0 84 B1 13 1A 65 4D
ID: 316, Data: 85 24 F5 9 24 19 0 7D
ID: 153, Data: 80 0 0 FF 0 FF 0 0
ID: 5F0, Data: 20 0
ID: 316, Data: 85 23 E A 24 19 0 7D
ID: 43F, Data: 81 48 60 FF 68 0 0 0
ID: 1F0, Data: 83E 40 FD BF 0 0 0 0
ID: 153, Data: 80 0 0 FF 0 FF 0 0
ID: 316, Data: 85 23 28 A 24 19 0 7D
ID: 153, Data: 80 0 0 FF 0 FF 0 0
ID: 316, Data: 85 23 2E A 24 19 0 7D
ID: A1, Data: 884 7E 80 7E 24 0 0 0
ID: 153, Data: 80 0 0 FF 0 FF 0 0
ID: 316, Data: 85 23 18 A 24 19 0 7D
ID: 43F, Data: 81 48 60 FF 68 0 0 0
ID: 43F, Data: 81 48 60 FF 68 0 0 0
ID: 43F, Data: 81 48 60 FF 68 0 0 0
ID: 43F, Data: 81 48 60 FF 68 0 0 0
ID: 43F, Data: 81 48 60 FF 68 0 0 0
ID: 153, Data: 80 0 0 FF 0 FF 0 0
ID: 316, Data: 85 24 14 A 24 19 0 7D
ID: 153, Data: 80 0 0 FF 0 FF 0 0
ID: 316, Data: 85 24 20 A 24 19 0 7D
ID: 316, Data: 85 24 10 A 24 19 0 7D
ID: 153, Data: 80 0 0 FF 0 FF 0 0
ID: 329, Data: 8B B1 80 8 12 2A 0 26
ID: 316, Data: 85 23 23 A 24 19 0 7C
ID: 316, Data: 85 23 2E A 24 19 0 7C
ID: A0, Data: 832 7D 2E A 0 23 2 0
ID: A0, Data: 832 7D 2E A 0 23 2 0
ID: 43F, Data: 81 48 60 FF 69 0 0 0
ID: A1, Data: 886 7E 86 7E 24 0 0 0
ID: 43F, Data: 81 48 60 FF 68 0 0 0
ID: 43F, Data: 81 48 60 FF 68 0 0 0
ID: 43F, Data: 81 48 60 FF 68 0 0 0
ID: 43F, Data: 81 48 60 FF 68 0 0 0
ID: 43F, Data: 81 48 60 FF 68 0 0 0
ID: 43F, Data: 81 48 60 FF 68 0 0 0
ID: 153, Data: 80 0 0 FF 0 FF 0 0
ID: 316, Data: 85 23 44 A 23 19 0 7C
ID: 153, Data: 80 0 0 FF 0 FF 0 0
ID: 153, Data: 80 0 0 FF 0 FF 0 0
ID: 316, Data: 85 23 2C A 24 19 0 7C
ID: 43F, Data: 81 48 60 FF 68 0 0 0
ID: 43F, Data: 81 48 60 FF 68 0 0 0
ID: 153, Data: 80 0 0 FF 0 FF 0 0
ID: 43F, Data: 81 48 60 FF 68 0 0 0
ID: 153, Data: 80 0 0 FF 0 FF 0 0
ID: 5F0, Data: 20 0
ID: A1, Data: 884 7E 86 7E 24 0 0 0
ID: 260, Data: 8B 23 24 30 58 FF 72 30
ID: A1, Data: 884 7E 84 7E 24 0 0 0
ID: 153, Data: 80 0 0 FF 0 FF 0 0
ID: 316, Data: 85 23 18 A 24 19 0 7C
ID: 153, Data: 80 0 0 FF 0 FF 0 0
ID: 316, Data: 85 23 21 A 24 19 0 7C
ID: 316, Data: 85 23 21 A 24 19 0 7C
ID: 153, Data: 80 0 0 FF 0 FF 0 0
ID: 316, Data: 85 23 2D A 24 19 0 7C
ID: 153, Data: 80 0 0 FF 0 FF 0 0
ID: 316, Data: 85 23 30 A 24 19 0 7C
ID: 43F, Data: 81 48 60 FF 68 0 0 0
ID: 370, Data: 8FF E3 F0 FF FF FF FF FF
ID: 43F, Data: 81 48 60 FF 68 0 0 0
ID: 153, Data: 80 0 0 FF 0 FF 0 0
ID: 316, Data: 85 23 E A 24 19 0 7C
ID: 370, Data: 8FF E3 F0 FF FF FF FF FF
ID: 43F, Data: 81 48 60 FF 68 0 0 0
ID: 329, Data: 8ED B2 80 8 12 2A 0 26
ID: 545, Data: 8E4 1E 0 8D B8 0 B8 0
ID: 316, Data: 85 23 18 A 24 19 0 7C
ID: 316, Data: 85 23 1F A 24 19 0 7C
ID: 153, Data: 80 0 0 FF 0 FF 0 0
ID: 316, Data: 85 24 12 A 24 19 0 7C
ID: 153, Data: 80 0 0 FF 0 FF 0 0
ID: 316, Data: 85 23 F A 24 19 0 7C
ID: 316, Data: 85 23 13 A 24 19 0 7C
ID: 316, Data: 85 23 8 A 24 19 0 7C
ID: 316, Data: 85 24 E A 24 19 0 7C
ID: 280, Data: 830 0 84 B2 14 1A 65 4C
ID: 43F, Data: 81 48 60 FF 68 0 0 0
ID: 153, Data: 80 0 0 FF 0 FF 0 0
ID: 153, Data: 80 0 0 FF 0 FF 0 0
ID: 440, Data: 8A6 41 0 A0 FF AA AA AA
ID: A1, Data: 880 7E 82 7E 24 0 0 0
ID: 440, Data: 8A6 41 0 A0 FF AA AA AA
ID: 43F, Data: 81 48 60 FF 68 0 0 0
ID: 18F, Data: 8AA 38 0 0 0 0 0 0
ID: 18F, Data: 8AA 38 0 0 0 0 0 0
ID: 280, Data: 830 0 84 B2 14 1A 65 4C
ID: 316, Data: 85 23 12 A 24 19 0 7C
ID: 43F, Data: 81 48 60 FF 68 0 0 0
ID: 370, Data: 8FF E3 F0 FF FF FF FF FF
ID: 153, Data: 80 0 0 FF 0 FF 0 0
ID: 260, Data: 8B 24 24 30 58 FF 72 2
ID: 316, Data: 85 23 7 A 24 19 0 7C
ID: A0, Data: 833 7E 18 A 0 23 2 0
ID: A0, Data: 832 7E 1F A 0 23 2 0
ID: 18F, Data: 8AA 38 0 0 0 0 0 0
ID: 260, Data: 8B 24 24 30 58 FF 72 11
ID: 316, Data: 85 23 19 A 24 19 0 7C
ID: 43F, Data: 81 48 60 FF 68 0 0 0
ID: 43F, Data: 81 48 60 FF 69 0 0 0
ID: 1F1, Data: 80 CB 0 0 0 0 0 0
ID: 43F, Data: 81 48 60 FF 68 0 0 0
ID: 153, Data: 80 0 0 FF 0 FF 0 0
ID: 153, Data: 80 0 0 FF 0 FF 0 0
ID: 18F, Data: 8AA 38 0 0 0 0 0 0
ID: 329, Data: 885 B2 80 8 12 2A 0 26
ID: 316, Data: 85 23 34 A 24 19 0 7C
ID: 260, Data: 8B 23 24 30 58 FF 71 4
ID: 43F, Data: 81 48 60 FF 68 0 0 0
ID: 440, Data: 8A6 31 0 A0 FF AA AA AA
ID: 370, Data: 8FF E3 F0 FF FF FF FF FF
ID: 153, Data: 80 0 0 FF 0 FF 0 0
ID: 316, Data: 85 23 2A A 24 19 0 7C
ID: 153, Data: 80 0 0 FF 0 FF 0 0
ID: 316, Data: 85 23 20 A 24 19 0 7C
ID: 153, Data: 80 0 0 FF 0 FF 0 0
ID: 316, Data: 85 23 24 A 24 19 0 7C
ID: 43F, Data: 81 48 60 FF 68 0 0 0
ID: 440, Data: 8A6 31 0 A0 FF AA AA AA
ID: 43F, Data: 81 48 60 FF 68 0 0 0
ID: A1, Data: 884 7E 86 7E 24 0 0 0
ID: 18F, Data: 8AA 38 0 0 0 0 0 0
ID: 153, Data: 80 0 0 FF 0 FF 0 0
ID: 280, Data: 830 0 84 B2 14 1A 65 4C
ID: 316, Data: 85 23 14 A 24 19 0 7C
ID: 43F, Data: 81 48 60 FF 68 0 0 0
ID: 43F, Data: 81 48 60 FF 68 0 0 0
ID: 153, Data: 80 0 0 FF 0 FF 0 0
ID: 43F, Data: 81 48 60 FF 68 0 0 0
ID: 153, Data: 80 0 0 FF 0 FF 0 0
ID: 153, Data: 80 0 0 FF 0 FF 0 0
ID: 153, Data: 80 0 0 FF 0 FF 0 0
ID: 440, Data: 8A6 E1 0 A0 FF AA AA AA
ID: 316, Data: 85 23 F A 24 19 0 7C
ID: 440, Data: 8A6 E1 0 A0 FF AA AA AA
ID: 370, Data: 8FF E3 F0 FF FF FF FF FF
ID: 316, Data: 85 23 1C A 24 19 0 7C
ID: 153, Data: 80 0 0 FF 0 FF 0 0
ID: 316, Data: 85 23 17 A 2D 22 0 7C
ID: 153, Data: 80 0 0 FF 0 FF 0 0
ID: 316, Data: 85 24 14 A 2D 22 0 7C
ID: 153, Data: 80 0 0 FF 0 FF 0 0
ID: 153, Data: 80 0 0 FF 0 FF 0 0
ID: 43F, Data: 81 48 60 FF 68 0 0 0
ID: 43F, Data: 81 48 60 FF 68 0 0 0
ID: 5F0, Data: 20 0
ID: 153, Data: 80 0 0 FF 0 FF 0 0
ID: 43F, Data: 81 48 60 FF 68 0 0 0
ID: 2A0, Data: 840 0 65 18 30 0 F 0
ID: 260, Data: 8B 29 2C 30 58 FF 6D 38
ID: A1, Data: 880 80 81 7F 27 0 0 0
ID: 43F, Data: 81 48 60 FF 68 0 0 0
ID: 43F, Data: 81 48 60 FF 68 0 0 0
ID: 1F1, Data: 80 CB 0 0 0 0 0 0
ID: 316, Data: 845 2A 42 A 2C 22 0 7C
ID: 153, Data: 80 0 0 FF 0 FF 0 0
ID: 153, Data: 80 0 0 FF 0 FF 0 0
ID: 316, Data: 845 2B 8 A 2C 21 0 7C
ID: 370, Data: 8FF E3 F0 FF FF FF FF FF
ID: 316, Data: 845 2C 2A A 2C 21 0 7C
ID: A0, Data: 840 7E 8 A 0 25 2 0
ID: 153, Data: 80 0 0 FF 0 FF 0 0
ID: 153, Data: 80 0 0 FF 0 FF 0 0
ID: 370, Data: 8FF E3 F0 FF FF FF FF FF
ID: 316, Data: 845 2C 83 A 2B 21 0 7C
ID: 153, Data: 80 0 0 FF 0 FF 0 0
ID: 316, Data: 845 2B 99 A 2A 22 0 7C
ID: 316, Data: 845 2B 8C A 2A 22 0 7C
ID: 316, Data: 845 2B 85 A 2A 22 0 7C
ID: 153, Data: 80 0 0 FF 0 FF 0 0
ID: 153, Data: 80 0 0 FF 0 FF 0 0
ID: A1, Data: 886 80 86 7F 28 0 0 0
ID: 545, Data: 8E4 27 0 8C 96 0 96 0
ID: A1, Data: 886 80 86 7F 28 0 0 0
ID: 316, Data: 845 2A 50 A 2B 22 0 7C
ID: 440, Data: 8AE 31 0 A0 FF AA AA AA
ID: 316, Data: 845 2A 44 A 2B 22 0 7C
ID: 153, Data: 80 0 0 FF 0 FF 0 0
ID: 5F0, Data: 20 0
ID: 316, Data: 845 2A 49 A 2B 22 0 7C
ID: 43F, Data: 81 48 60 FF 68 0 0 0
ID: 43F, Data: 81 48 60 FF 69 0 0 0
ID: 153, Data: 80 0 0 FF 0 FF 0 0
ID: 316, Data: 845 2A 4F A 2B 22 0 7C
ID: 153, Data: 80 0 0 FF 0 FF 0 0
ID: 153, Data: 80 0 0 FF 0 FF 0 0
ID: 316, Data: 845 2A 53 A 2B 22 0 7C
ID: 153, Data: 80 0 0 FF 0 FF 0 0
ID: 316, Data: 845 2A 53 A 2B 22 0 7C
ID: 370, Data: 8FF E3 F0 FF FF FF FF FF
ID: 316, Data: 845 2A 3D A 2B 22 0 7C
ID: 5F0, Data: 20 0
ID: 153, Data: 80 0 0 FF 0 FF 0 0
ID: 43F, Data: 81 48 60 FF 69 0 0 0
ID: 5F0, Data: 20 0
ID: 316, Data: 845 2A 2A A 2B 22 0 7C
ID: 43F, Data: 81 48 60 FF 69 0 0 0
ID: 316, Data: 845 2A 34 A 2B 22 0 7C
ID: 1F1, Data: 80 CB 0 0 0 0 0 0
ID: 18F, Data: 8AA 3E 0 0 0 0 0 0
ID: 316, Data: 845 2B 36 A 2B 22 0 7C
ID: 316, Data: 845 2B 3A A 2B 22 0 7C
ID: 329, Data: 885 B2 80 8 12 2C 0 26
ID: 43F, Data: 81 48 60 FF 69 0 0 0
ID: 316, Data: 845 2B 3C A 2B 22 0 7C
ID: 370, Data: 8FF E3 F0 FF FF FF FF FF
ID: 153, Data: 80 0 0 FF 0 FF 0 0
ID: 316, Data: 845 2B 31 A 2B 22 0 7C
ID: 153, Data: 80 0 0 FF 0 FF 0 0
ID: 316, Data: 845 2B 34 A 2B 21 0 7C
ID: 153, Data: 80 0 0 FF 0 FF 0 0
ID: 316, Data: 845 2B 3D A 2B 22 0 7C
ID: 316, Data: 845 2B 41 A 2B 22 0 7C
ID: 316, Data: 845 2B 40 A 2B 22 0 7C
ID: 316, Data: 845 2B 34 A 2B 21 0 7C
ID: 153, Data: 80 0 0 FF 0 FF 0 0
ID: 316, Data: 845 2B 3D A 2B 22 0 7C
ID: 316, Data: 845 2A 38 A 2B 22 0 7C
ID: 545, Data: 8E4 24 0 8B 9D 0 9D 0
ID: 43F, Data: 81 48 60 FF 68 0 0 0
ID: 153, Data: 80 0 0 FF 0 FF 0 0
ID: 43F, Data: 81 48 60 FF 68 0 0 0
ID: 153, Data: 80 0 0 FF 0 FF 0 0
ID: 5F0, Data: 20 0
ID: 153, Data: 80 0 0 FF 0 FF 0 0
ID: A0, Data: 83A 7E 25 A 0 24 2 0
ID: 329, Data: 840 B2 80 8 12 2B 0 26
ID: 316, Data: 845 2A 32 A 2B 22 0 7C
ID: 153, Data: 80 0 0 FF 0 FF 0 0
ID: 153, Data: 80 0 0 FF 0 FF 0 0
ID: 43F, Data: 81 48 60 FF 68 0 0 0
ID: 18F, Data: 8AA 3F 0 0 0 0 0 0
ID: A1, Data: 881 80 81 7F 28 0 0 0
ID: 280, Data: 830 0 84 B2 14 1E 65 55
ID: 2A0, Data: 880 0 65 18 30 0 F 0
ID: 43F, Data: 81 48 60 FF 69 0 0 0
ID: 43F, Data: 81 48 60 FF 69 0 0 0
ID: 153, Data: 80 0 0 FF 0 FF 0 0
ID: 316, Data: 845 2B 30 A 2B 22 0 7C
ID: 153, Data: 80 0 0 FF 0 FF 0 0
ID: 316, Data: 845 2A 35 A 2B 22 0 7C
ID: 153, Data: 80 0 0 FF 0 FF 0 0
ID: 316, Data: 845 2B 26 A 2B 21 0 7C
ID: 316, Data: 845 2A 2A A 2B 21 0 7C
ID: 545, Data: 8E4 23 0 8B 9D 0 9D 0
ID: 5F0, Data: 20 0
ID: 153, Data: 80 0 0 FF 0 FF 0 0
ID: 43F, Data: 81 48 60 FF 68 0 0 0
ID: 5F0, Data: 20 0
ID: 43F, Data: 81 48 60 FF 69 0 0 0
ID: 43F, Data: 81 48 60 FF 69 0 0 0
ID: 43F, Data: 81 48 60 FF 68 0 0 0
ID: 153, Data: 80 0 0 FF 0 FF 0 0
ID: 43F, Data: 81 48 60 FF 68 0 0 0
ID: 153, Data: 80 0 0 FF 0 FF 0 0
ID: 153, Data: 80 0 0 FF 0 FF 0 0
ID: 260, Data: 8B 2B 2C 30 58 FF 73 3F
ID: 43F, Data: 81 48 60 FF 68 0 0 0
ID: A0, Data: 83A 7E C A 0 24 2 0
ID: 153, Data: 80 0 0 FF 0 FF 0 0
ID: A0, Data: 83A 7E C A 0 24 2 0
ID: 329, Data: 8B B2 80 8 12 2B 0 26
ID: 153, Data: 80 0 0 FF 0 FF 0 0
ID: 329, Data: 840 B2 80 8 12 2B 0 26
ID: 1F0, Data: 83E 40 FD BF 0 0 0 0
ID: 2A0, Data: 880 0 65 18 30 0 F 0
ID: 18F, Data: 8AA 42 0 0 0 0 0 0
ID: A0, Data: 83A 7E 1D A 0 24 2 0
ID: 329, Data: 8ED B2 80 8 12 2B 0 26
ID: 316, Data: 845 2B 26 A 2B 21 0 7C
ID: 370, Data: 8FF E3 F0 FF FF FF FF FF
ID: 153, Data: 80 0 0 FF 0 FF 0 0
ID: 18F, Data: 8AA 42 0 0 0 0 0 0
ID: 316, Data: 845 2B 2A A 2B 22 0 7C
ID: 440, Data: 8AD E1 0 A0 FF AA AA AA
ID: 2A0, Data: 8E0 0 65 18 30 0 F 0
ID: 153, Data: 80 0 0 FF 0 FF 0 0
ID: 153, Data: 80 0 0 FF 0 FF 0 0
ID: 153, Data: 80 0 0 FF 0 FF 0 0
ID: A0, Data: 839 7E 24 A 0 24 2 0
ID: 329, Data: 840 B2 80 8 12 2B 0 26
ID: 316, Data: 845 2B 39 A 2B 21 0 7C
ID: A1, Data: 87C 80 80 7F 28 0 0 0
ID: 1F1, Data: 80 CB 0 0 0 0 0 0
ID: 153, Data: 80 0 0 FF 0 FF 0 0
ID: 153, Data: 80 0 0 FF 0 FF 0 0
ID: 545, Data: 8E4 23 0 8C 9E 0 9E 0
ID: 316, Data: 845 2A 31 A 2B 22 0 7C
ID: 545, Data: 8E4 23 0 8B 9E 0 9E 0
ID: 440, Data: 8AE 91 0 A0 FF AA AA AA
ID: 316, Data: 845 2A 31 A 2B 22 0 7C
ID: 280, Data: 830 0 84 B2 14 1E 65 55
ID: 43F, Data: 81 48 60 FF 68 0 0 0
ID: 316, Data: 845 2A 34 A 2B 22 0 7C
ID: 153, Data: 80 0 0 FF 0 FF 0 0
ID: A1, Data: 87C 80 81 7F 28 0 0 0
ID: 329, Data: 8B B2 80 8 12 2B 0 26
ID: 545, Data: 8E4 22 0 8B 9C 0 9C 0
ID: 153, Data: 80 0 0 FF 0 FF 0 0
ID: 43F, Data: 81 48 60 FF 68 0 0 0
ID: 153, Data: 80 0 0 FF 0 FF 0 0
ID: A1, Data: 87C 80 81 7F 28 0 0 0
ID: 2A0, Data: 880 0 65 18 30 0 F 0
ID: 2A0, Data: 820 0 65 18 30 0 F 0
ID: 2A0, Data: 840 0 65 18 30 0 F 0
ID: 370, Data: 8FF E3 F0 FF FF FF FF FF
ID: 370, Data: 8FF E3 F0 FF FF FF FF FF
ID: 316, Data: 845 2B 19 A 2C 21 0 7C
ID: 153, Data: 80 0 0 FF 0 FF 0 0
ID: 43F, Data: 81 48 60 FF 68 0 0 0
ID: 316, Data: 845 2B 25 A 2B 21 0 7C
ID: 153, Data: 80 0 0 FF 0 FF 0 0
ID: 329, Data: 8B B2 80 8 12 2B 0 26
ID: 1F1, Data: 80 CB 0 0 0 0 0 0
ID: 329, Data: 840 B2 80 8 12 2B 0 26
ID: 316, Data: 845 2B 1F A 2C 21 0 7C
ID: 316, Data: 845 2B 1B A 2C 21 0 7C
ID: 153, Data: 80 0 0 FF 0 FF 0 0
ID: 153, Data: 80 0 0 FF 0 FF 0 0
ID: 5F0, Data: 20 0
ID: 2A0, Data: 880 0 65 18 30 0 F 0
ID: 18F, Data: 8AA 43 0 0 0 0 0 0
ID: A0, Data: 839 7E 39 A 0 24 2 0
ID: 329, Data: 840 B2 80 8 12 2B 0 26
ID: 43F, Data: 81 48 60 FF 68 0 0 0
ID: 260, Data: 8B 29 24 30 58 FF 72 3A
ID: 440, Data: 8A6 31 0 A0 FF AA AA AA
ID: 316, Data: 845 28 25 A 24 19 0 7C
ID: A0, Data: 832 7E 34 A 0 22 2 0
ID: 43F, Data: 81 48 60 FF 69 0 0 0
ID: 153, Data: 80 0 0 FF 0 FF 0 0
ID: 316, Data: 85 26 DD 9 25 19 0 7C
ID: 153, Data: 80 0 0 FF 0 FF 0 0
ID: 316, Data: 85 26 58 A 24 19 0 7C
ID: 440, Data: 8A6 31 0 A0 FF AA AA AA
ID: 153, Data: 80 0 0 FF 0 FF 0 0
ID: 316, Data: 85 24 A1 A 22 19 0 7C
ID: 153, Data: 80 0 0 FF 0 FF 0 0
ID: 316, Data: 85 23 9A A 22 19 0 7C
ID: 43F, Data: 81 48 60 FF 69 0 0 0
ID: 316, Data: 85 23 71 A 23 19 0 7C
ID: 316, Data: 85 23 51 A 23 19 0 7C
ID: 18F, Data: 8AA 42 0 0 0 0 0 0
ID: 43F, Data: 81 48 60 FF 69 0 0 0
ID: 18F, Data: 8AA 42 0 0 0 0 0 0
ID: A0, Data: 82F 7E 3E A 0 22 2 0
ID: 329, Data: 8ED B2 80 8 12 2A 0 26
ID: 153, Data: 80 0 0 FF 0 FF 0 0
ID: 153, Data: 80 0 0 FF 0 FF 0 0
ID: 545, Data: 8E4 1B 0 8C AF 0 AF 0
ID: 316, Data: 85 23 F7 9 24 19 0 7C
ID: 280, Data: 830 0 84 B2 13 1A 65 4C
ID: 2A0, Data: 880 0 65 18 30 0 F 0
ID: 316, Data: 85 23 FD 9 24 19 0 7C
ID: 153, Data: 80 0 0 FF 0 FF 0 0
ID: 316, Data: 85 24 A A 24 19 0 7C
ID: 316, Data: 85 23 13 A 24 19 0 7C
ID: 316, Data: 85 24 13 A 24 19 0 7C
ID: 316, Data: 85 23 18 A 24 19 0 7C
ID: 2A0, Data: 880 0 65 18 30 0 F 0
ID: 1F0, Data: 83E 40 FD BF 0 0 0 0
ID: 153, Data: 80 0 0 FF 0 FF 0 0
ID: 316, Data: 85 23 0 A 24 19 0 7C
ID: 43F, Data: 81 48 60 FF 69 0 0 0
ID: 43F, Data: 81 48 60 FF 69 0 0 0
ID: 43F, Data: 81 48 60 FF 69 0 0 0
ID: 43F, Data: 81 48 60 FF 69 0 0 0
ID: 43F, Data: 81 48 60 FF 69 0 0 0
ID: 153, Data: 80 0 0 FF 0 FF 0 0
ID: 153, Data: 80 0 0 FF 0 FF 0 0
ID: 153, Data: 80 0 0 FF 0 FF 0 0
ID: 260, Data: 8B 24 24 30 58 FF 74 0
ID: 329, Data: 8ED B2 80 8 12 2A 0 26
ID: 440, Data: 8A6 91 0 A0 FF AA AA AA
ID: 316, Data: 85 23 2C A 24 19 0 7C
ID: 260, Data: 8B 24 24 30 58 FF 72 11
ID: 153, Data: 80 0 0 FF 0 FF 0 0
ID: 316, Data: 85 23 1C A 24 19 0 7C
ID: 153, Data: 80 0 0 FF 0 FF 0 0
ID: 316, Data: 85 23 15 A 24 19 0 7C
ID: 316, Data: 85 23 13 A 24 19 0 7C
ID: 153, Data: 80 0 0 FF 0 FF 0 0
ID: 316, Data: 85 23 10 A 24 19 0 7C
ID: 153, Data: 80 0 0 FF 0 FF 0 0
ID: 316, Data: 85 23 B A 24 19 0 7C
ID: 43F, Data: 81 48 60 FF 69 0 0 0
ID: 43F, Data: 81 48 60 FF 69 0 0 0
ID: 43F, Data: 81 48 60 FF 69 0 0 0
ID: 316, Data: 85 23 7 A 24 19 0 7C
ID: 316, Data: 85 23 FC 9 24 19 0 7C
ID: 316, Data: 85 23 FE 9 24 19 0 7C
ID: 18F, Data: 8AA 3E 0 0 0 0 0 0
ID: 153, Data: 80 0 0 FF 0 FF 0 0
ID: 260, Data: 8B 24 24 30 58 FF 74 0
ID: 316, Data: 85 23 7 A 24 19 0 7C
ID: 153, Data: 80 0 0 FF 0 FF 0 0
ID: 316, Data: 85 23 F A 24 19 0 7C
ID: 260, Data: 8B 24 24 30 58 FF 74 0
ID: 545, Data: 8E4 1C 0 8B B8 0 B8 0
ID: 316, Data: 85 23 1C A 24 19 0 7C
ID: 153, Data: 80 0 0 FF 0 FF 0 0
ID: 316, Data: 85 23 21 A 24 19 0 7C
ID: 316, Data: 85 23 1B A 24 19 0 7C
ID: 316, Data: 85 23 19 A 24 19 0 7C
ID: 2A0, Data: 880 0 66 18 30 0 F 0
ID: 153, Data: 80 0 0 FF 0 FF 0 0
ID: A1, Data: 87B 7E 80 7E 24 0 0 0
ID: 260, Data: 8B 23 24 30 58 FF 72 30
ID: 18F, Data: 8AA 3D 0 0 0 0 0 0
ID: 316, Data: 85 23 1F A 24 19 0 7C
ID: 43F, Data: 81 48 60 FF 69 0 0 0
ID: 440, Data: 8A6 41 0 A0 FF AA AA AA
ID: 43F, Data: 81 48 60 FF 69 0 0 0
ID: 1F1, Data: 80 CB 0 0 0 0 0 0
ID: 18F, Data: 8AA 3D 0 0 0 0 0 0
ID: 153, Data: 80 0 0 FF 0 FF 0 0
ID: 316, Data: 85 23 5 A 24 19 0 7C
ID: 153, Data: 80 0 0 FF 0 FF 0 0
ID: 316, Data: 85 23 19 A 24 19 0 7C
ID: 370, Data: 8FF E3 F0 FF FF FF FF FF
ID: 316, Data: 85 23 20 A 24 19 0 7C
ID: 545, Data: 8E4 1B 0 8D B5 0 B5 0
ID: 153, Data: 80 0 0 FF 0 FF 0 0
ID: 5F0, Data: 20 0
ID: 153, Data: 80 0 0 FF 0 FF 0 0
ID: A0, Data: 830 7E 1F A 0 22 2 0
ID: 316, Data: 85 23 8 A 24 19 0 7C
ID: 316, Data: 85 23 3 A 24 19 0 7C
ID: 316, Data: 85 23 7 A 24 19 0 7C
ID: 153, Data: 80 0 0 FF 0 FF 0 0
ID: 370, Data: 8FF E3 F0 FF FF FF FF FF
ID: 153, Data: 80 0 0 FF 0 FF 0 0
ID: 316, Data: 85 23 F0 9 25 19 0 7C
ID: 43F, Data: 81 48 60 FF 69 0 0 0
ID: 43F, Data: 81 48 60 FF 69 0 0 0
ID: 43F, Data: 81 48 60 FF 69 0 0 0
ID: 43F, Data: 81 48 60 FF 69 0 0 0
ID: 43F, Data: 81 48 60 FF 69 0 0 0
ID: 153, Data: 80 0 0 FF 0 FF 0 0
ID: 316, Data: 85 23 FA 9 24 19 0 7C
ID: 153, Data: 80 0 0 FF 0 FF 0 0
ID: 153, Data: 80 0 0 FF 0 FF 0 0
ID: 316, Data: 85 23 1C A 24 19 0 7C
ID: 370, Data: 8FF E3 F0 FF FF FF FF FF
ID: 440, Data: 8A6 41 0 A0 FF AA AA AA
ID: 2A0, Data: 820 0 66 18 30 0 F 0
ID: 153, Data: 80 0 0 FF 0 FF 0 0
ID: 316, Data: 85 23 23 A 24 19 0 7C
ID: 153, Data: 80 0 0 FF 0 FF 0 0
ID: 316, Data: 85 23 1F A 24 19 0 7C
ID: 153, Data: 80 0 0 FF 0 FF 0 0
ID: 316, Data: 85 23 17 A 24 19 0 7C
ID: 43F, Data: 81 48 60 FF 69 0 0 0
ID: 440, Data: 8A6 41 0 A0 FF AA AA AA
ID: 43F, Data: 81 48 60 FF 69 0 0 0
ID: 2A0, Data: 880 0 66 18 30 0 F 0
ID: 153, Data: 80 0 0 FF 0 FF 0 0
ID: 2A0, Data: 840 0 66 18 30 0 F 0
ID: 316, Data: 85 23 1C A 24 19 0 7C
ID: 545, Data: 8E4 1C 0 8C B6 0 B6 0
ID: 43F, Data: 81 48 60 FF 69 0 0 0
ID: 43F, Data: 81 48 60 FF 69 0 0 0
ID: 153, Data: 80 0 0 FF 0 FF 0 0
ID: 43F, Data: 81 48 60 FF 69 0 0 0
ID: 5F0, Data: 20 0
ID: 153, Data: 80 0 0 FF 0 FF 0 0
ID: 153, Data: 80 0 0 FF 0 FF 0 0
ID: 2A0, Data: 840 0 66 18 30 0 F 0
ID: 316, Data: 85 23 10 A 24 19 0 7C
ID: 316, Data: 85 23 12 A 24 19 0 7C
ID: A0, Data: 831 7E 13 A 0 22 2 0
ID: 153, Data: 80 0 0 FF 0 FF 0 0
ID: 2A0, Data: 8E0 0 66 18 30 0 F 0
ID: 2A0, Data: 880 0 66 18 30 0 F 0
ID: 18F, Data: 8AA 3B 0 0 0 0 0 0
ID: A0, Data: 831 7E 3 A 0 22 2 0
ID: 329, Data: 8ED B3 80 8 12 2A 0 26
ID: 316, Data: 85 23 1 A 24 19 0 7C
ID: 2A0, Data: 820 0 66 18 30 0 F 0
ID: 545, Data: 8E4 1B 0 8B BC 0 BC 0
ID: 153, Data: 80 0 0 FF 0 FF 0 0
ID: 5F0, Data: 20 0
ID: A0, Data: 830 7E 13 A 0 22 2 0
ID: 260, Data: 8B 24 25 30 58 FF 73 0
ID: 545, Data: 8E4 1B 0 8C BC 0 BC 0
ID: 153, Data: 80 0 0 FF 0 FF 0 0
ID: 316, Data: 85 23 15 A 24 19 0 7C
ID: 153, Data: 80 0 0 FF 0 FF 0 0
ID: 153, Data: 80 0 0 FF 0 FF 0 0
ID: 153, Data: 80 0 0 FF 0 FF 0 0
ID: 18F, Data: 8AA 3B 0 0 0 0 0 0
ID: 316, Data: 85 23 24 A 24 19 0 7C
ID: 153, Data: 80 0 0 FF 0 FF 0 0
ID: 316, Data: 85 23 EA 9 25 19 0 7C
ID: 316, Data: 85 23 DF 9 25 19 0 7C
ID: 153, Data: 80 0 0 FF 0 FF 0 0
ID: 2A0, Data: 820 0 66 1C 30 0 F 0
ID: 370, Data: 8FF E3 F0 FF FF FF FF FF
ID: 316, Data: 85 24 A A 25 19 0 7C
ID: 153, Data: 80 0 0 FF 0 FF 0 0
ID: 153, Data: 80 0 0 FF 0 FF 0 0
ID: 440, Data: 8A6 91 0 A0 FF AA AA AA
ID: A0, Data: 830 7E 14 A 0 22 2 0
ID: 440, Data: 8A6 91 0 A0 FF AA AA AA
ID: 153, Data: 80 0 0 FF 0 FF 0 0
ID: 153, Data: 80 0 0 FF 0 FF 0 0
ID: 43F, Data: 81 48 60 FF 69 0 0 0
ID: 5F0, Data: 20 0
ID: 316, Data: 85 23 19 A 24 19 0 7C
ID: 43F, Data: 81 48 60 FF 69 0 0 0
ID: 43F, Data: 81 48 60 FF 69 0 0 0
ID: 316, Data: 85 23 F A 25 19 0 7C
ID: 316, Data: 85 23 19 A 24 19 0 7C
ID: 316, Data: 85 23 1C A 24 19 0 7C
ID: 545, Data: 8E4 1B 0 8C BA 0 BA 0
ID: 153, Data: 80 0 0 FF 0 FF 0 0
ID: 43F, Data: 81 48 60 FF 69 0 0 0
ID: 43F, Data: 81 48 60 FF 69 0 0 0
ID: 153, Data: 80 0 0 FF 0 FF 0 0
ID: 43F, Data: 81 48 60 FF 69 0 0 0
ID: 153, Data: 80 0 0 FF 0 FF 0 0
ID: A0, Data: 831 7E FD 9 0 22 2 0
ID: 43F, Data: 81 48 60 FF 69 0 0 0
ID: 280, Data: 830 0 84 B3 14 1A 66 4C
ID: 2A0, Data: 880 0 66 1C 30 0 F 0
ID: 153, Data: 80 0 0 FF 0 FF 0 0
ID: 153, Data: 80 0 0 FF 0 FF 0 0
ID: 153, Data: 80 0 0 FF 0 FF 0 0
ID: 18F, Data: 8AA 3A 0 0 0 0 0 0
ID: 316, Data: 85 24 2A A 24 19 0 7C
ID: 153, Data: 80 0 0 FF 0 FF 0 0
ID: 316, Data: 85 23 1D A 24 19 0 7C
ID: 43F, Data: 81 48 60 FF 69 0 0 0
ID: 316, Data: 85 23 13 A 24 19 0 7C
ID: 329, Data: 840 B3 80 8 12 2A 0 26
ID: A1, Data: 880 7E 7D 7E 24 0 0 0
ID: 440, Data: 8A6 91 0 A0 FF AA AA AA
ID: 43F, Data: 81 48 60 FF 69 0 0 0
ID: 1F0, Data: 83E 40 FD BF 0 0 0 0
ID: 2A0, Data: 880 0 66 1C 30 0 F 0
ID: 260, Data: 8B 24 25 30 58 FF 71 11
ID: 153, Data: 80 0 0 FF 0 FF 0 0
ID: 316, Data: 85 24 2A A 24 19 0 7C
ID: 153, Data: 80 0 0 FF 0 FF 0 0
ID: 316, Data: 85 23 28 A 24 19 0 7C
ID: 43F, Data: 81 48 60 FF 69 0 0 0
ID: 43F, Data: 81 48 60 FF 69 0 0 0
ID: 1F0, Data: 83E 40 FD BF 0 0 0 0
ID: 43F, Data: 81 48 60 FF 69 0 0 0
ID: 316, Data: 85 24 C A 25 19 0 7C
ID: 153, Data: 80 0 0 FF 0 FF 0 0
ID: 316, Data: 85 23 20 A 24 19 0 7C
ID: 153, Data: 80 0 0 FF 0 FF 0 0
ID: 316, Data: 85 23 14 A 24 19 0 7C
ID: 316, Data: 85 24 14 A 24 19 0 7C
ID: 316, Data: 85 24 F A 25 19 0 7C
ID: 2A0, Data: 840 0 66 1C 30 0 F 0
ID: 18F, Data: 8AA 3A 0 0 0 0 0 0
ID: A1, Data: 880 7E 80 7E 24 0 0 0
ID: 329, Data: 8B B3 80 8 12 2A 0 26
ID: 43F, Data: 81 48 60 FF 69 0 0 0
ID: 370, Data: 8FF E3 F0 FF FF FF FF FF
ID: 43F, Data: 81 48 60 FF 69 0 0 0
ID: 316, Data: 85 23 10 A 24 19 0 7C
ID: 316, Data: 85 23 14 A 24 19 0 7C
ID: 1F1, Data: 80 CB 0 0 0 0 0 0
ID: 153, Data: 80 0 0 FF 0 FF 0 0
ID: 329, Data: 8B B3 80 8 12 2A 0 26
ID: 316, Data: 85 24 12 A 25 19 0 7C
ID: 329, Data: 840 B3 80 8 12 2A 0 26
ID: A0, Data: 831 7E A A 0 23 2 0
ID: 153, Data: 80 0 0 FF 0 FF 0 0
ID: A1, Data: 880 7E 80 7E 24 0 0 0
ID: 2A0, Data: 880 0 66 1C 30 0 F 0
ID: 18F, Data: 8AA 39 0 0 0 0 0 0
ID: A1, Data: 87E 7E 80 7E 24 0 0 0
ID: 329, Data: 8B B3 80 8 12 2A 0 26
ID: 545, Data: 8E4 1B 0 8D BF 0 BF 0
ID: A0, Data: 831 7E E A 0 22 2 0
ID: 153, Data: 80 0 0 FF 0 FF 0 0
ID: 370, Data: 8FF E3 F0 FF FF FF FF FF
ID: 280, Data: 830 0 84 B3 14 1A 66 4C
ID: 316, Data: 85 24 10 A 25 19 0 7C
ID: 2A0, Data: 8E0 0 66 1C 30 0 F 0
ID: 153, Data: 80 0 0 FF 0 FF 0 0
ID: 316, Data: 85 24 19 A 24 19 0 7C
ID: 2A0, Data: 840 0 66 1C 30 0 F 0
ID: A0, Data: 831 7E 15 A 0 22 2 0
ID: 153, Data: 80 0 0 FF 0 FF 0 0
ID: A1, Data: 87E 7E 80 7E 24 0 0 0
ID: 2A0, Data: 840 0 66 1C 30 0 F 0
ID: 18F, Data: 8AA 39 0 0 0 0 0 0
ID: A1, Data: 87E 7E 80 7E 24 0 0 0
ID: 316, Data: 85 24 30 A 24 19 0 7C
ID: 545, Data: 8E4 1D 0 8C BD 0 BD 0
ID: 153, Data: 80 0 0 FF 0 FF 0 0
ID: 5F0, Data: 20 0
ID: 18F, Data: 8AA 39 0 0 0 0 0 0
ID: 2A0, Data: 880 0 66 1C 30 0 F 0
ID: 316, Data: 85 24 35 A 24 19 0 7C
ID: 280, Data: 830 0 84 B3 14 1A 66 4C
ID: A1, Data: 87D 7E 82 7E 24 0 0 0
ID: 316, Data: 85 23 28 A 24 19 0 7C
ID: 316, Data: 85 23 29 A 24 19 0 7C
ID: 316, Data: 85 23 2E A 24 19 0 7C
ID: 260, Data: 8B 24 24 30 58 FF 71 3
ID: 43F, Data: 81 48 60 FF 69 0 0 0
ID: 153, Data: 80 0 0 FF 0 FF 0 0
ID: 316, Data: 85 23 E A 25 19 0 7C
ID: 153, Data: 80 0 0 FF 0 FF 0 0
ID: 153, Data: 80 0 0 FF 0 FF 0 0
ID: 153, Data: 80 0 0 FF 0 FF 0 0
ID: 260, Data: 8B 24 25 30 58 FF 73 3D
ID: 316, Data: 85 24 1 A 25 19 0 7C
ID: 43F, Data: 81 48 60 FF 69 0 0 0
ID: 43F, Data: 81 48 60 FF 69 0 0 0
ID: 1F1, Data: 80 CB 0 0 0 0 0 0
ID: 153, Data: 80 0 0 FF 0 FF 0 0
ID: A1, Data: 880 7E 80 7E 24 0 0 0
ID: 329, Data: 8B B3 80 8 12 2A 0 26
ID: 545, Data: 8E4 1C 0 8C BE 0 BE 0
ID: 18F, Data: 8AA 39 0 0 0 0 0 0
ID: 153, Data: 80 0 0 FF 0 FF 0 0
ID: 43F, Data: 81 48 60 FF 69 0 0 0
ID: 316, Data: 85 24 2D A 24 19 0 7C
ID: 2A0, Data: 880 0 66 1C 30 0 F 0
ID: 153, Data: 80 0 0 FF 0 FF 0 0
ID: 43F, Data: 81 48 60 FF 69 0 0 0
ID: 18F, Data: 8AA 39 0 0 0 0 0 0
ID: 260, Data: 8B 24 25 30 58 FF 73 0
ID: 316, Data: 85 24 A A 25 19 0 7C
ID: 153, Data: 80 0 0 FF 0 FF 0 0
ID: 5F0, Data: 20 0
ID: 18F, Data: 8AA 39 0 0 0 0 0 0
ID: 2A0, Data: 8E0 0 66 1C 30 0 F 0
ID: 43F, Data: 81 48 60 FF 69 0 0 0
ID: 316, Data: 85 24 26 A 24 19 0 7C
ID: 329, Data: 8B B2 80 8 12 2A 0 26
ID: 260, Data: 8B 24 25 30 58 FF 71 3F
ID: 1F1, Data: 80 CB 0 0 0 0 0 0
ID: 316, Data: 85 24 1C A 24 19 0 7C
ID: 43F, Data: 81 48 60 FF 69 0 0 0
ID: 43F, Data: 81 48 60 FF 69 0 0 0
ID: 43F, Data: 81 48 60 FF 69 0 0 0
ID: 43F, Data: 81 48 60 FF 69 0 0 0
ID: 316, Data: 85 24 E A 25 19 0 7C
ID: 316, Data: 85 24 18 A 24 19 0 7C
ID: 329, Data: 8B B2 80 8 12 2B 0 26
ID: 280, Data: 830 0 84 B2 14 1B 66 4C
ID: 153, Data: 80 0 0 FF 0 FF 0 0
ID: 1F1, Data: 80 CB 0 0 0 0 0 0
ID: 43F, Data: 81 48 60 FF 69 0 0 0
ID: 153, Data: 80 0 0 FF 0 FF 0 0
ID: 316, Data: 85 27 62 A 2C 22 0 7C
ID: 260, Data: 8B 28 2C 30 58 FF 72 6
ID: 18F, Data: 8AA 39 0 0 0 0 0 0
ID: 316, Data: 85 28 A6 A 2B 22 0 7C
ID: 153, Data: 80 0 0 FF 0 FF 0 0
ID: 316, Data: 845 28 D2 A 2B 22 0 7C
ID: 43F, Data: 81 48 60 FF 69 0 0 0
ID: 153, Data: 80 0 0 FF 0 FF 0 0
ID: 316, Data: 845 29 45 A 2C 22 0 7C
ID: 153, Data: 80 0 0 FF 0 FF 0 0
ID: 43F, Data: 81 48 60 FF 69 0 0 0
ID: 1F1, Data: 80 CB 0 0 0 0 0 0
ID: 316, Data: 845 2B F9 9 2C 21 0 7C
ID: 153, Data: 80 0 0 FF 0 FF 0 0
ID: 153, Data: 80 0 0 FF 0 FF 0 0
ID: 316, Data: 845 2C 1F A 2C 21 0 7C
ID: 43F, Data: 81 48 60 FF 69 0 0 0
ID: 316, Data: 845 2C 3E A 2B 21 0 7C
ID: 43F, Data: 81 48 60 FF 69 0 0 0
ID: 1F1, Data: 80 CB 0 0 0 0 0 0
ID: 2A0, Data: 880 0 66 1C 30 0 F 0
ID: 153, Data: 80 0 0 FF 0 FF 0 0
ID: 316, Data: 845 2B 82 A 2B 22 0 7C
ID: 153, Data: 80 0 0 FF 0 FF 0 0
ID: 316, Data: 845 2B 70 A 2B 22 0 7C
ID: 316, Data: 845 2B 6C A 2B 22 0 7C
ID: 280, Data: 830 0 84 B2 14 1E 66 55
ID: 43F, Data: 81 48 60 FF 69 0 0 0
ID: 43F, Data: 81 48 60 FF 69 0 0 0
ID: 316, Data: 845 2A 44 A 2B 22 0 7C
ID: 316, Data: 845 2A 44 A 2B 22 0 7C
ID: A1, Data: 881 80 81 7F 28 0 0 0
ID: 316, Data: 845 2A 42 A 2B 22 0 7C
ID: 316, Data: 845 2A 47 A 2B 22 0 7C
ID: 329, Data: 8ED B2 80 8 12 2B 0 26
ID: 153, Data: 80 0 0 FF 0 FF 0 0
ID: 153, Data: 80 0 0 FF 0 FF 0 0
ID: 316, Data: 845 2A 36 A 2B 22 0 7C
ID: 370, Data: 8FF E3 F0 FF FF FF FF FF
ID: 316, Data: 845 2B 2C A 2B 22 0 7C
ID: 2A0, Data: 8E0 0 66 1C 30 0 F 0
ID: 43F, Data: 81 48 60 FF 69 0 0 0
ID: 43F, Data: 81 48 60 FF 69 0 0 0
ID: 153, Data: 80 0 0 FF 0 FF 0 0
ID: 316, Data: 845 2A 1D A 2B 22 0 7C
ID: 153, Data: 80 0 0 FF 0 FF 0 0
ID: 153, Data: 80 0 0 FF 0 FF 0 0
ID: 316, Data: 845 2B 1F A 2B 22 0 7C
ID: 153, Data: 80 0 0 FF 0 FF 0 0
ID: 316, Data: 845 2A 1B A 2B 22 0 7C
ID: 43F, Data: 81 48 60 FF 69 0 0 0
ID: 153, Data: 80 0 0 FF 0 FF 0 0
ID: 316, Data: 845 2B 21 A 2B 22 0 7C
ID: 153, Data: 80 0 0 FF 0 FF 0 0
ID: 43F, Data: 81 48 60 FF 69 0 0 0
ID: 316, Data: 845 2A 1F A 2B 22 0 7C
ID: 316, Data: 845 2A 19 A 2B 22 0 7C
ID: 18F, Data: 8AA 3E 0 0 0 0 0 0
ID: 370, Data: 8FF E3 F0 FF FF FF FF FF
ID: 153, Data: 80 0 0 FF 0 FF 0 0
ID: 316, Data: 845 2A 1C A 2B 22 0 7C
ID: 43F, Data: 81 48 60 FF 69 0 0 0
ID: 316, Data: 845 2A 1C A 2B 22 0 7C
ID: 280, Data: 830 0 84 B2 14 1E 66 54
ID: 316, Data: 845 2A 21 A 2B 22 0 7C
ID: 316, Data: 845 2A 24 A 2B 22 0 7C
ID: 260, Data: 8B 2B 2C 30 58 FF 72 3
ID: 43F, Data: 81 48 60 FF 69 0 0 0
ID: 43F, Data: 81 48 60 FF 69 0 0 0
ID: 316, Data: 845 2A 10 A 2C 22 0 7C
ID: 316, Data: 845 2A 18 A 2B 22 0 7C
ID: A1, Data: 880 80 7E 7F 28 0 0 0
ID: 316, Data: 845 2A 10 A 2C 22 0 7C
ID: 440, Data: 8AD 31 0 A0 FF AA AA AA
ID: 316, Data: 845 2A 1C A 2B 22 0 7C
ID: 153, Data: 80 0 0 FF 0 FF 0 0
ID: 153, Data: 80 0 0 FF 0 FF 0 0
ID: 316, Data: 845 2A 15 A 2C 22 0 7C
ID: 153, Data: 80 0 0 FF 0 FF 0 0
ID: 316, Data: 845 2A 10 A 2C 21 0 7C
ID: 370, Data: 8FF E3 F0 FF FF FF FF FF
ID: 153, Data: 80 0 0 FF 0 FF 0 0
ID: 43F, Data: 81 48 60 FF 69 0 0 0
ID: 18F, Data: 8AA 40 0 0 0 0 0 0
ID: A0, Data: 839 7E 2 A 0 24 2 0
ID: 329, Data: 8ED B2 80 8 12 2B 0 26
ID: 316, Data: 845 2B FD 9 2C 21 0 7C
ID: 260, Data: 8B 2B 2C 30 58 FF 75 0
ID: 440, Data: 8AD 31 0 A0 FF AA AA AA
ID: 316, Data: 845 2B 5 A 2C 21 0 7C
ID: 153, Data: 80 0 0 FF 0 FF 0 0
ID: 5F0, Data: 20 0
ID: A1, Data: 87E 80 7E 7F 28 0 0 0
ID: 260, Data: 8B 2B 2C 30 58 FF 73 11
ID: A1, Data: 87E 80 7E 7F 28 0 0 0
ID: 153, Data: 80 0 0 FF 0 FF 0 0
ID: 316, Data: 845 2B 30 A 2B 22 0 7C
ID: 153, Data: 80 0 0 FF 0 FF 0 0
ID: 316, Data: 845 2B 30 A 2B 22 0 7C
ID: 1F1, Data: 80 CB 0 0 0 0 0 0
ID: 1F0, Data: 83E 40 FD BF 0 0 0 0
ID: 316, Data: 845 2A 3D A 2B 22 0 7C
ID: 153, Data: 80 0 0 FF 0 FF 0 0
ID: 329, Data: 8ED B2 80 8 12 2B 0 26
ID: 440, Data: 8AE 91 0 A0 FF AA AA AA
ID: 2A0, Data: 840 0 66 1C 30 0 F 0
ID: 316, Data: 845 2B 23 A 2B 21 0 7C
ID: 153, Data: 80 0 0 FF 0 FF 0 0
ID: 316, Data: 845 2B 19 A 2B 21 0 7C
ID: 316, Data: 845 2B 10 A 2C 21 0 7C
ID: 1F0, Data: 83E 40 FD BF 0 0 0 0
ID: 1F0, Data: 83E 40 FD BF 0 0 0 0
ID: 153, Data: 80 0 0 FF 0 FF 0 0
ID: 316, Data: 845 2B 2E A 2B 22 0 7C
ID: 153, Data: 80 0 0 FF 0 FF 0 0
ID: 316, Data: 845 2B 36 A 2B 22 0 7C
ID: 153, Data: 80 0 0 FF 0 FF 0 0
ID: 153, Data: 80 0 0 FF 0 FF 0 0
ID: 316, Data: 845 2B 2E A 2B 22 0 7C
ID: 43F, Data: 81 48 60 FF 69 0 0 0
ID: 43F, Data: 81 48 60 FF 69 0 0 0
ID: 43F, Data: 81 48 60 FF 69 0 0 0
ID: 43F, Data: 81 48 60 FF 69 0 0 0
ID: 316, Data: 845 2B 1B A 2C 21 0 7C
ID: 316, Data: 845 2B 26 A 2B 21 0 7C
ID: A1, Data: 87C 80 7E 7F 28 0 0 0
ID: 153, Data: 80 0 0 FF 0 FF 0 0
ID: 440, Data: 8AD 91 0 A0 FF AA AA AA
ID: 153, Data: 80 0 0 FF 0 FF 0 0
ID: 370, Data: 8FF E3 F0 FF FF FF FF FF
ID: 43F, Data: 81 48 60 FF 69 0 0 0
ID: 18F, Data: 8AA 42 0 0 0 0 0 0
ID: 370, Data: 8FF E3 F0 FF FF FF FF FF
ID: 2A0, Data: 820 0 66 1C 30 0 F 0
ID: 153, Data: 80 0 0 FF 0 FF 0 0
ID: 316, Data: 845 2B 12 A 2C 21 0 7C
ID: 43F, Data: 81 48 60 FF 69 0 0 0
ID: 316, Data: 845 2B 28 A 2B 21 0 7C
ID: 440, Data: 8AD 91 0 A0 FF AA AA AA
ID: 18F, Data: 8AA 42 0 0 0 0 0 0
ID: 316, Data: 845 2B 41 A 2B 22 0 7C
ID: 153, Data: 80 0 0 FF 0 FF 0 0
ID: 316, Data: 845 2B 42 A 2B 22 0 7C
ID: 316, Data: 845 2B 31 A 2B 22 0 7C
ID: 316, Data: 845 2B 30 A 2B 22 0 7C
ID: 316, Data: 845 2B 26 A 2B 22 0 7C
ID: 153, Data: 80 0 0 FF 0 FF 0 0
ID: 153, Data: 80 0 0 FF 0 FF 0 0
ID: 316, Data: 845 2B 2C A 2B 22 0 7C
ID: 153, Data: 80 0 0 FF 0 FF 0 0
ID: 316, Data: 845 2B 38 A 2B 22 0 7C
ID: 153, Data: 80 0 0 FF 0 FF 0 0
ID: 316, Data: 845 2B 42 A 24 19 0 7C
ID: 440, Data: 8A6 91 0 A0 FF AA AA AA
ID: 545, Data: 8E4 21 0 8C 34 1 34 1
ID: 316, Data: 845 29 24 A 24 19 0 7C
ID: 316, Data: 845 29 28 A 24 19 0 7C
ID: 153, Data: 80 0 0 FF 0 FF 0 0
ID: 153, Data: 80 0 0 FF 0 FF 0 0
ID: 18F, Data: 8AA 43 0 0 0 0 0 0
ID: 316, Data: 85 27 F3 9 25 19 0 7C
ID: 153, Data: 80 0 0 FF 0 FF 0 0
ID: 316, Data: 85 26 24 A 25 19 0 7C
ID: 43F, Data: 81 48 60 FF 69 0 0 0
ID: 316, Data: 85 26 99 A 23 19 0 7C
ID: 316, Data: 85 25 AD A 22 19 0 7C
ID: 18F, Data: 8AA 43 0 0 0 0 0 0
ID: 43F, Data: 81 48 60 FF 69 0 0 0
ID: 260, Data: 8B 24 22 30 58 FF 68 F
ID: 260, Data: 8B 24 23 30 58 FF 68 1D
ID: 43F, Data: 81 48 60 FF 69 0 0 0
ID: 316, Data: 85 23 4D A 24 19 0 7C
ID: 280, Data: 830 0 84 B2 14 1A 66 4B
ID: 370, Data: 8FF E3 F0 FF FF FF FF FF
ID: 5F0, Data: 20 0
ID: 153, Data: 80 0 0 FF 0 FF 0 0
ID: 440, Data: 8A6 41 0 A0 FF AA AA AA
ID: 329, Data: 840 B2 80 8 12 2A 0 26
ID: 440, Data: 8A6 41 0 A0 FF AA AA AA
ID: 316, Data: 85 24 F8 9 25 19 0 7C
ID: 153, Data: 80 0 0 FF 0 FF 0 0
ID: 153, Data: 80 0 0 FF 0 FF 0 0
ID: A1, Data: 87E 7E 7E 7E 24 0 0 0
ID: 280, Data: 830 0 84 B2 14 1A 66 4D
ID: 2A0, Data: 820 0 66 1C 30 0 F 0
ID: 153, Data: 80 0 0 FF 0 FF 0 0
ID: 316, Data: 85 24 25 A 24 19 0 7C
ID: 153, Data: 80 0 0 FF 0 FF 0 0
ID: 43F, Data: 81 48 60 FF 69 0 0 0
ID: 43F, Data: 81 48 60 FF 69 0 0 0
ID: 153, Data: 80 0 0 FF 0 FF 0 0
ID: 43F, Data: 81 48 60 FF 69 0 0 0
ID: 5F0, Data: 20 0
ID: A1, Data: 87C 7E 7C 7E 24 0 0 0
ID: 153, Data: 80 0 0 FF 0 FF 0 0
ID: 5F0, Data: 20 0
ID: 260, Data: 8B 24 25 30 58 FF 73 3D
ID: 545, Data: 8E4 1C 0 8D C3 0 C3 0
ID: 153, Data: 80 0 0 FF 0 FF 0 0
ID: 43F, Data: 81 48 60 FF 69 0 0 0
ID: 43F, Data: 81 48 60 FF 69 0 0 0
ID: 153, Data: 80 0 0 FF 0 FF 0 0
ID: 316, Data: 85 24 14 A 24 19 0 7C
ID: 153, Data: 80 0 0 FF 0 FF 0 0
ID: 316, Data: 85 24 14 A 24 19 0 7C
ID: 153, Data: 80 0 0 FF 0 FF 0 0
ID: 153, Data: 80 0 0 FF 0 FF 0 0
ID: 43F, Data: 81 48 60 FF 69 0 0 0
ID: A0, Data: 831 7E 1B A 0 22 2 0
ID: 153, Data: 80 0 0 FF 0 FF 0 0
ID: 18F, Data: 8AA 3F 0 0 0 0 0 0
ID: 316, Data: 85 24 5 A 25 19 0 7C
ID: 43F, Data: 81 48 60 FF 69 0 0 0
ID: 153, Data: 80 0 0 FF 0 FF 0 0
ID: 316, Data: 85 24 13 A 24 19 0 7C
ID: 153, Data: 80 0 0 FF 0 FF 0 0
ID: 316, Data: 85 24 12 A 24 19 0 7C
ID: 1F0, Data: 83E 40 FD BF 0 0 0 0
ID: 153, Data: 80 0 0 FF 0 FF 0 0
ID: 316, Data: 85 24 25 A 24 19 0 7C
ID: 153, Data: 80 0 0 FF 0 FF 0 0
ID: 316, Data: 85 24 2C A 24 19 0 7C
ID: 153, Data: 80 0 0 FF 0 FF 0 0
ID: 43F, Data: 81 48 60 FF 69 0 0 0
ID: 316, Data: 85 24 35 A 24 19 0 7C
ID: 153, Data: 80 0 0 FF 0 FF 0 0
ID: 316, Data: 85 23 28 A 24 19 0 7C
ID: 153, Data: 80 0 0 FF 0 FF 0 0
ID: 316, Data: 85 23 21 A 24 19 0 7C
ID: 316, Data: 85 23 F A 24 19 0 7C
ID: 316, Data: 85 23 E A 24 19 0 7C
ID: 316, Data: 85 24 6 A 25 19 0 7C
ID: 329, Data: 885 B2 80 8 12 2A 0 26
ID: 316, Data: 85 23 14 A 24 19 0 7C
ID: 153, Data: 80 0 0 FF 0 FF 0 0
ID: 5F0, Data: 20 0
ID: 153, Data: 80 0 0 FF 0 FF 0 0
ID: 316, Data: 85 23 15 A 24 19 0 7C
ID: 2A0, Data: 820 0 66 1C 30 0 F 0
ID: 18F, Data: 8AA 3E 0 0 0 0 0 0
ID: 153, Data: 80 0 0 FF 0 FF 0 0
ID: 260, Data: 8B 24 25 30 58 FF 73 0
ID: 316, Data: 85 24 A A 24 19 0 7C
ID: 43F, Data: 81 48 60 FF 69 0 0 0
ID: 43F, Data: 81 48 60 FF 69 0 0 0
ID: 153, Data: 80 0 0 FF 0 FF 0 0
ID: 43F, Data: 81 48 60 FF 69 0 0 0
ID: A1, Data: 87E 7E 80 7E 24 0 0 0
ID: 153, Data: 80 0 0 FF 0 FF 0 0
ID: 1F1, Data: 80 CB 0 0 0 0 0 0
ID: 440, Data: 8A6 91 0 A0 FF AA AA AA
ID: 316, Data: 85 24 E A 24 19 0 7C
ID: 43F, Data: 81 48 60 FF 69 0 0 0
ID: 43F, Data: 81 48 60 FF 69 0 0 0
ID: 43F, Data: 81 48 60 FF 69 0 0 0
ID: 43F, Data: 81 48 60 FF 69 0 0 0
ID: 43F, Data: 81 48 60 FF 69 0 0 0
ID: 1F0, Data: 83E 40 FD BF 0 0 0 0
ID: 153, Data: 80 0 0 FF 0 FF 0 0
ID: 316, Data: 85 24 24 A 24 19 0 7C
ID: 153, Data: 80 0 0 FF 0 FF 0 0
ID: 5F0, Data: 20 0
ID: 153, Data: 80 0 0 FF 0 FF 0 0
ID: 316, Data: 85 23 1D A 24 19 0 7C
ID: 18F, Data: 8AA 3D 0 0 0 0 0 0
ID: 18F, Data: 8AA 3D 0 0 0 0 0 0
ID: 260, Data: 8B 24 25 30 58 FF 72 3E
ID: 316, Data: 85 24 2D A 24 19 0 7C
ID: 370, Data: 8FF E3 F0 FF FF FF FF FF
ID: 153, Data: 80 0 0 FF 0 FF 0 0
ID: 153, Data: 80 0 0 FF 0 FF 0 0
ID: 316, Data: 85 23 26 A 24 19 0 7C
ID: 43F, Data: 81 48 60 FF 69 0 0 0
ID: 43F, Data: 81 48 60 FF 69 0 0 0
ID: 329, Data: 840 B2 80 8 12 2A 0 26
ID: 545, Data: 8E4 1C 0 8C BA 0 BA 0
ID: 153, Data: 80 0 0 FF 0 FF 0 0
ID: 153, Data: 80 0 0 FF 0 FF 0 0
ID: 153, Data: 80 0 0 FF 0 FF 0 0
ID: 18F, Data: 8AA 3D 0 0 0 0 0 0
ID: 316, Data: 85 23 21 A 24 19 0 7C
ID: 153, Data: 80 0 0 FF 0 FF 0 0
ID: 316, Data: 85 24 1F A 24 19 0 7C
ID: 43F, Data: 81 48 60 FF 69 0 0 0
ID: 316, Data: 85 24 7 A 25 19 0 7C
ID: 316, Data: 85 23 1 A 25 19 0 7C
ID: 280, Data: 830 0 84 B2 14 1A 66 4C
ID: 2A0, Data: 820 0 66 1C 30 0 F 0
ID: 153, Data: 80 0 0 FF 0 FF 0 0
ID: 370, Data: 8FF E3 F0 FF FF FF FF FF
ID: 153, Data: 80 0 0 FF 0 FF 0 0
ID: 316, Data: 85 24 1F A 24 19 0 7C
ID: 43F, Data: 81 48 60 FF 69 0 0 0
ID: 329, Data: 840 B2 80 8 12 2A 0 26
ID: 545, Data: 8E4 1D 0 8D BC 0 BC 0
ID: 440, Data: 8A6 91 0 A0 FF AA AA AA
ID: 153, Data: 80 0 0 FF 0 FF 0 0
ID: 280, Data: 830 0 84 B2 14 1A 66 4C
ID: 316, Data: 85 24 21 A 24 19 0 7C
ID: 153, Data: 80 0 0 FF 0 FF 0 0
ID: 153, Data: 80 0 0 FF 0 FF 0 0
ID: 260, Data: 8B 24 24 30 58 FF 71 12
ID: 545, Data: 8E4 1C 0 8C BA 0 BA 0
ID: 153, Data: 80 0 0 FF 0 FF 0 0
ID: 316, Data: 85 24 20 A 24 19 0 7C
ID: 43F, Data: 81 48 60 FF 69 0 0 0
ID: 370, Data: 8FF E3 F0 FF FF FF FF FF
ID: 43F, Data: 81 48 60 FF 69 0 0 0
ID: 5F0, Data: 20 0
ID: 316, Data: 85 24 17 A 24 19 0 7C
ID: 153, Data: 80 0 0 FF 0 FF 0 0
ID: 43F, Data: 81 48 60 FF 69 0 0 0
ID: 153, Data: 80 0 0 FF 0 FF 0 0
ID: A1, Data: 880 7E 80 7E 24 0 0 0
ID: 545, Data: 8E4 1C 0 8C BD 0 BD 0
ID: A1, Data: 880 7E 80 7E 24 0 0 0
ID: 5F0, Data: 20 0
ID: 370, Data: 8FF E3 F0 FF FF FF FF FF
ID: 316, Data: 85 24 6 A 25 19 0 7C
ID: 316, Data: 85 24 17 A 24 19 0 7C
ID: 316, Data: 85 24 26 A 24 19 0 7C
ID: 153, Data: 80 0 0 FF 0 FF 0 0
ID: 43F, Data: 81 48 60 FF 69 0 0 0
ID: A1, Data: 87E 7E 80 7E 24 0 0 0
ID: 153, Data: 80 0 0 FF 0 FF 0 0
ID: 316, Data: 85 24 20 A 24 19 0 7C
ID: 2A0, Data: 880 0 66 1C 30 0 F 0
ID: A1, Data: 87E 7E 80 7E 24 0 0 0
ID: 153, Data: 80 0 0 FF 0 FF 0 0
ID: 153, Data: 80 0 0 FF 0 FF 0 0
ID: 153, Data: 80 0 0 FF 0 FF 0 0
ID: 280, Data: 830 0 84 B2 14 1A 66 4C
ID: 316, Data: 85 24 30 A 24 19 0 7C
ID: 153, Data: 80 0 0 FF 0 FF 0 0
ID: 43F, Data: 81 48 60 FF 69 0 0 0
ID: 153, Data: 80 0 0 FF 0 FF 0 0
ID: 153, Data: 80 0 0 FF 0 FF 0 0
ID: 43F, Data: 81 48 60 FF 69 0 0 0
ID: 316, Data: 85 23 2C A 24 19 0 7C
ID: 316, Data: 85 24 20 A 24 19 0 7C
ID: 18F, Data: 8AA 3B 0 0 0 0 0 0
ID: 43F, Data: 81 48 60 FF 69 0 0 0
ID: 18F, Data: 8AA 3B 0 0 0 0 0 0
ID: A0, Data: 832 7E 28 A 0 23 2 0
ID: 329, Data: 8B B2 80 8 12 2A 0 26
ID: 316, Data: 85 24 1F A 24 19 0 7C
ID: 1F1, Data: 80 CB 0 0 0 0 0 0
ID: 153, Data: 80 0 0 FF 0 FF 0 0
ID: 316, Data: 85 24 15 A 24 19 0 7C
ID: 316, Data: 85 24 1D A 24 19 0 7C
ID: 316, Data: 85 24 17 A 24 19 0 7C
ID: 153, Data: 80 0 0 FF 0 FF 0 0
ID: 153, Data: 80 0 0 FF 0 FF 0 0
ID: 280, Data: 830 0 84 B2 14 1B 66 4C
ID: 316, Data: 85 24 3E A 24 19 0 7C
ID: 153, Data: 80 0 0 FF 0 FF 0 0
ID: 316, Data: 85 24 45 A 24 19 0 7C
ID: 153, Data: 80 0 0 FF 0 FF 0 0
ID: 153, Data: 80 0 0 FF 0 FF 0 0
ID: 153, Data: 80 0 0 FF 0 FF 0 0
ID: 2A0, Data: 840 0 66 1C 30 0 F 0
ID: 316, Data: 85 24 24 A 24 19 0 7C
ID: 329, Data: 840 B2 80 8 12 2A 0 26
ID: 153, Data: 80 0 0 FF 0 FF 0 0
ID: 153, Data: 80 0 0 FF 0 FF 0 0
ID: 5F0, Data: 20 0
ID: 2A0, Data: 880 0 66 1C 30 0 F 0
ID: 329, Data: 8ED B2 80 8 12 2A 0 26
ID: 545, Data: 8E4 1C 0 8C BD 0 BD 0
ID: 43F, Data: 81 48 60 FF 69 0 0 0
ID: 43F, Data: 81 48 60 FF 69 0 0 0
ID: 153, Data: 80 0 0 FF 0 FF 0 0
ID: 316, Data: 85 24 6 A 25 19 0 7C
ID: 153, Data: 80 0 0 FF 0 FF 0 0
ID: 153, Data: 80 0 0 FF 0 FF 0 0
ID: 153, Data: 80 0 0 FF 0 FF 0 0
ID: 260, Data: 8B 24 25 30 58 FF 73 0
ID: 316, Data: 85 24 24 A 24 19 0 7C
ID: A0, Data: 831 7E 1C A 0 22 2 0
ID: 43F, Data: 81 48 60 FF 69 0 0 0
ID: 153, Data: 80 0 0 FF 0 FF 0 0
ID: 153, Data: 80 0 0 FF 0 FF 0 0
ID: 5F0, Data: 20 0
ID: 329, Data: 885 B2 80 8 12 2A 0 26
ID: 316, Data: 85 24 1F A 24 19 0 7C
ID: 153, Data: 80 0 0 FF 0 FF 0 0
ID: 43F, Data: 81 48 60 FF 69 0 0 0
ID: 153, Data: 80 0 0 FF 0 FF 0 0
ID: 316, Data: 85 24 25 A 24 19 0 7C
ID: 440, Data: 8A6 41 0 A0 FF AA AA AA
ID: 43F, Data: 81 48 60 FF 69 0 0 0
ID: 316, Data: 85 24 24 A 24 19 0 7C
ID: 316, Data: 85 24 2C A 24 19 0 7C
ID: 280, Data: 830 0 84 B2 14 1A 66 4C
ID: A1, Data: 880 7E 82 7E 24 0 0 0
ID: 153, Data: 80 0 0 FF 0 FF 0 0
ID: 316, Data: 85 24 2E A 24 19 0 7C
ID: 153, Data: 80 0 0 FF 0 FF 0 0
ID: 316, Data: 85 24 1D A 24 19 0 7C
ID: 153, Data: 80 0 0 FF 0 FF 0 0
ID: 5F0, Data: 20 0
ID: 370, Data: 8FF E3 F0 FF FF FF FF FF
ID: 316, Data: 85 24 7 A 25 19 0 7C
ID: 329, Data: 8ED B2 80 8 12 2A 0 26
ID: 545, Data: 8E4 1C 0 8D BE 0 BE 0
ID: 43F, Data: 81 48 60 FF 69 0 0 0
ID: 153, Data: 80 0 0 FF 0 FF 0 0
ID: 43F, Data: 81 48 60 FF 69 0 0 0
ID: 153, Data: 80 0 0 FF 0 FF 0 0
ID: 153, Data: 80 0 0 FF 0 FF 0 0
ID: A0, Data: 831 7D 21 A 0 22 2 0
ID: 545, Data: 8E4 1C 0 8C B9 0 B9 0
ID: 329, Data: 8ED B2 80 8 12 2A 0 26
ID: A0, Data: 831 7E 2D A 0 22 2 0
ID: 440, Data: 8A6 E1 0 A0 FF AA AA AA
ID: 1F0, Data: 83E 40 FD BF 0 0 0 0
ID: 316, Data: 85 24 29 A 24 19 0 7C
ID: 316, Data: 85 24 20 A 24 19 0 7C
ID: 2A0, Data: 820 0 66 1C 30 0 F 0
ID: A1, Data: 880 7E 80 7E 24 0 0 0
ID: 153, Data: 80 0 0 FF 0 FF 0 0
ID: 153, Data: 80 0 0 FF 0 FF 0 0
ID: 153, Data: 80 0 0 FF 0 FF 0 0
ID: 280, Data: 830 0 84 B2 14 1A 66 4C
ID: 316, Data: 85 24 18 A 24 19 0 7C
ID: 153, Data: 80 0 0 FF 0 FF 0 0
ID: 153, Data: 80 0 0 FF 0 FF 0 0
ID: 153, Data: 80 0 0 FF 0 FF 0 0
ID: 280, Data: 830 0 84 B1 14 1A 66 4C
ID: 316, Data: 85 24 2E A 24 19 0 7C
ID: 153, Data: 80 0 0 FF 0 FF 0 0
ID: 153, Data: 80 0 0 FF 0 FF 0 0
ID: 43F, Data: 81 48 60 FF 69 0 0 0
ID: 2A0, Data: 880 0 66 1C 30 0 F 0
ID: 18F, Data: 8AA 3B 0 0 0 0 0 0
ID: A1, Data: 880 7E 7E 7E 24 0 0 0
ID: 329, Data: 885 B1 80 8 12 2A 0 26
ID: 545, Data: 8E4 1C 0 8C BE 0 BE 0
ID: 153, Data: 80 0 0 FF 0 FF 0 0
ID: 316, Data: 85 24 20 A 25 19 0 7C
ID: 153, Data: 80 0 0 FF 0 FF 0 0
ID: 5F0, Data: 20 0
ID: 440, Data: 8A6 41 0 A0 FF AA AA AA
ID: 153, Data: 80 0 0 FF 0 FF 0 0
ID: 316, Data: 85 24 25 A 24 19 0 7C
ID: 316, Data: 85 24 1D A 24 19 0 7C
ID: 316, Data: 85 24 26 A 24 19 0 7C
ID: 316, Data: 85 24 2D A 24 19 0 7C
ID: 260, Data: 8B 24 24 30 58 FF 71 21
ID: 153, Data: 80 0 0 FF 0 FF 0 0
ID: 43F, Data: 81 48 60 FF 69 0 0 0
ID: 1F1, Data: 80 CB 0 0 0 0 0 0
ID: 153, Data: 80 0 0 FF 0 FF 0 0
ID: 43F, Data: 81 48 60 FF 69 0 0 0
ID: 545, Data: 8E4 1C 0 8C 17 0 17 0
ID: 260, Data: 8B 25 2D 30 58 FF 72 17
ID: 43F, Data: 81 48 60 FF 69 0 0 0
ID: 316, Data: 85 25 32 A 2C 22 0 7C
ID: 316, Data: 85 26 49 A 2C 22 0 7C
ID: 280, Data: 830 0 84 B1 14 1D 66 50
ID: A1, Data: 880 80 80 7F 26 0 0 0
ID: 316, Data: 85 28 7E A 2C 22 0 7C
ID: 153, Data: 80 0 0 FF 0 FF 0 0
ID: 316, Data: 85 29 90 A 2B 22 0 7C
ID: 153, Data: 80 0 0 FF 0 FF 0 0
ID: 316, Data: 845 29 E0 A 2A 22 0 7C
ID: 440, Data: 8AE E1 0 A0 FF AA AA AA
ID: 280, Data: 830 0 84 B1 14 1E 66 53
ID: 316, Data: 845 2A 2C A 2C 22 0 7C
ID: 316, Data: 845 2A F1 9 2D 22 0 7C
ID: 43F, Data: 81 48 60 FF 69 0 0 0
ID: 440, Data: 8AD 31 0 A0 FF AA AA AA
ID: 370, Data: 8FF E3 F0 FF FF FF FF FF
ID: 260, Data: 8B 2C 2D 30 58 FF 78 38
ID: 316, Data: 845 2C F8 9 2C 21 0 7C
ID: 545, Data: 8E4 24 0 8B C2 0 C2 0
ID: 5F0, Data: 20 0
ID: 153, Data: 80 0 0 FF 0 FF 0 0
ID: 316, Data: 845 2C 65 A 2B 22 0 7C
ID: 5F0, Data: 20 0
ID: 316, Data: 845 2C 71 A 2B 22 0 7C
ID: 153, Data: 80 0 0 FF 0 FF 0 0
ID: 329, Data: 8ED B1 80 8 12 2B 0 26
ID: 153, Data: 80 0 0 FF 0 FF 0 0
ID: 2A0, Data: 880 0 66 1C 30 0 F 0
ID: 316, Data: 845 2B 45 A 2B 22 0 7C
ID: 316, Data: 845 2B 44 A 2B 22 0 7C
ID: 153, Data: 80 0 0 FF 0 FF 0 0
ID: 153, Data: 80 0 0 FF 0 FF 0 0
ID: 316, Data: 845 2B 45 A 2B 22 0 7C
ID: 2A0, Data: 840 0 66 1C 30 0 F 0
ID: 316, Data: 845 2B 40 A 2B 22 0 7C
ID: 5F0, Data: 20 0
ID: 1F0, Data: 83E 40 FD BF 0 0 0 0
ID: 316, Data: 845 2B 3E A 2B 22 0 7C
ID: 153, Data: 80 0 0 FF 0 FF 0 0
ID: A1, Data: 881 80 81 7F 28 0 0 0
ID: 329, Data: 885 B1 80 8 12 2B 0 26
ID: 545, Data: 8E4 22 0 8C A0 0 A0 0
ID: 153, Data: 80 0 0 FF 0 FF 0 0
ID: 43F, Data: 81 48 60 FF 69 0 0 0
ID: 153, Data: 80 0 0 FF 0 FF 0 0
ID: 153, Data: 80 0 0 FF 0 FF 0 0
ID: 18F, Data: 8AA 40 0 0 0 0 0 0
ID: 280, Data: 830 0 84 B1 14 1E 66 55
ID: 316, Data: 845 2B 1C A 2C 22 0 7C
ID: 43F, Data: 81 48 60 FF 69 0 0 0
ID: 153, Data: 80 0 0 FF 0 FF 0 0
ID: 440, Data: 8AE E1 0 A0 FF AA AA AA
ID: 43F, Data: 81 48 60 FF 69 0 0 0
ID: 316, Data: 845 2B 23 A 2B 22 0 7C
ID: 370, Data: 8FF E3 F0 FF FF FF FF FF
ID: 18F, Data: 8AA 40 0 0 0 0 0 0
ID: 316, Data: 845 2B 1F A 2B 22 0 7C
ID: 153, Data: 80 0 0 FF 0 FF 0 0
ID: 316, Data: 845 2B 17 A 2C 22 0 7C
ID: 316, Data: 845 2B 1C A 2B 22 0 7C
ID: 260, Data: 8B 2C 2C 30 58 FF 72 20
ID: 316, Data: 845 2B 23 A 2B 22 0 7C
ID: 316, Data: 845 2B 29 A 2B 22 0 7C
ID: A0, Data: 838 7D 29 A 0 24 2 0
ID: 5F0, Data: 20 0
ID: 43F, Data: 81 48 60 FF 69 0 0 0
ID: 153, Data: 80 0 0 FF 0 FF 0 0
ID: 5F0, Data: 20 0
ID: 43F, Data: 81 48 60 FF 69 0 0 0
ID: 260, Data: 8B 2C 2C 30 58 FF 73 1
ID: 18F, Data: 8AA 42 0 0 0 0 0 0
ID: 153, Data: 80 0 0 FF 0 FF 0 0
ID: 370, Data: 8FF E3 F0 FF FF FF FF FF
ID: 18F, Data: 8AA 42 0 0 0 0 0 0
ID: 316, Data: 845 2B 25 A 2B 22 0 7C
ID: 43F, Data: 81 48 60 FF 69 0 0 0
ID: 153, Data: 80 0 0 FF 0 FF 0 0
ID: 440, Data: 8AE 31 0 A0 FF AA AA AA
ID: 153, Data: 80 0 0 FF 0 FF 0 0
ID: 260, Data: 8B 2C 2C 30 58 FF 73 3E
ID: 316, Data: 845 2B E A 2C 22 0 7C
ID: 440, Data: 8AE 31 0 A0 FF AA AA AA
ID: 316, Data: 845 2B 1F A 2B 22 0 7C
ID: 545, Data: 8E4 23 0 8B AF 0 AF 0
ID: 316, Data: 845 2B 3A A 2B 22 0 7C
ID: 316, Data: 845 2B 3A A 2B 22 0 7C
ID: 1F1, Data: 80 CB 0 0 0 0 0 0
ID: 153, Data: 80 0 0 FF 0 FF 0 0
ID: 316, Data: 845 2B 41 A 2B 22 0 7C
ID: 316, Data: 845 2B 3D A 2B 22 0 7C
ID: 280, Data: 830 0 84 B1 14 1E 66 55
ID: 153, Data: 80 0 0 FF 0 FF 0 0
ID: 43F, Data: 81 48 60 FF 69 0 0 0
ID: 153, Data: 80 0 0 FF 0 FF 0 0
ID: 316, Data: 845 2B 1F A 2B 22 0 7C
ID: 5F0, Data: 20 0
ID: 153, Data: 80 0 0 FF 0 FF 0 0
ID: 316, Data: 845 2B 17 A 2C 22 0 7C
ID: 316, Data: 845 2B 13 A 2C 22 0 7C
ID: 316, Data: 845 2B 21 A 2B 22 0 7C
ID: 18F, Data: 8AA 44 0 0 0 0 0 0
ID: 43F, Data: 81 48 60 FF 6A 0 0 0
ID: 153, Data: 80 0 0 FF 0 FF 0 0
ID: 43F, Data: 81 48 60 FF 6A 0 0 0
ID: 260, Data: 8B 2B 2C 30 58 FF 72 12
ID: 260, Data: 8B 2B 2C 30 58 FF 71 22
ID: 316, Data: 845 2B 3C A 2B 22 0 7C
ID: 2A0, Data: 820 0 66 1C 30 0 F 0
ID: 440, Data: 8AE E1 0 A0 FF AA AA AA
ID: 1F1, Data: 80 CB 0 0 0 0 0 0
ID: 316, Data: 845 2B 5A A 2B 22 0 7C
ID: 43F, Data: 81 48 60 FF 69 0 1 0
ID: 316, Data: 845 2B 55 A 2B 22 0 7C
ID: 370, Data: 8FF E3 F0 FF FF FF FF FF
ID: A1, Data: 87C 80 80 7F 28 0 0 0
ID: 316, Data: 845 2B 35 A 2B 22 0 7C
ID: 316, Data: 845 2B 2E A 2B 22 0 7C
ID: 153, Data: 80 0 0 FF 0 FF 0 0
ID: 43F, Data: 81 48 60 FF 69 48 2 0
ID: 153, Data: 80 0 0 FF 0 FF 0 0
ID: 153, Data: 80 0 0 FF 0 FF 0 0
ID: 316, Data: 845 2B 30 A 2B 22 0 7C
ID: 545, Data: 8E4 21 0 8C A0 0 A0 0
ID: 316, Data: 845 2B 1B A 2D 22 1 7C
ID: 5F0, Data: 20 0
ID: 329, Data: 840 B1 80 8 11 2B 2 26
ID: 316, Data: 845 31 17 A 32 22 1 7C
ID: 43F, Data: 81 48 60 FF 69 A8 3 0
ID: 5F0, Data: 20 0
ID: 316, Data: 845 32 F3 9 44 21 1 7C
ID: 316, Data: 845 34 F3 9 45 21 1 7C
ID: 280, Data: 830 0 88 B1 13 21 66 58
ID: 43F, Data: 81 48 60 FF 69 54 4 0
ID: 370, Data: 8FF E3 F0 FF FF FF FF FF
ID: 316, Data: 845 37 23 A 4F 21 2 7C
ID: 316, Data: 845 3A 35 A 50 20 2 7C
ID: 316, Data: 845 3B 5A A 52 20 2 7C
ID: A1, Data: 87D 7F 7E 80 2D 0 0 0
ID: 43F, Data: 81 48 60 FF 69 58 5 0
ID: 153, Data: 80 0 0 FF 0 FF 0 0
ID: 43F, Data: 81 48 60 FF 69 D4 5 0
ID: 153, Data: 80 0 0 FF 0 FF 0 0
ID: 316, Data: 845 41 21 D 41 21 2 7C
ID: 316, Data: 845 41 7A D 40 20 2 7C
ID: 316, Data: 845 40 1D E 3F 20 2 7C
ID: 153, Data: 80 0 0 FF 0 FF 0 0
ID: 153, Data: 80 0 0 FF 0 FF 0 0
ID: 43F, Data: 81 48 60 FF 69 C8 7 0
ID: 18F, Data: 8AA 46 0 0 0 0 0 0
ID: 153, Data: 80 0 0 FF 0 FF 0 0
ID: 18F, Data: 8AA 46 0 0 0 0 0 0
ID: 43F, Data: 81 48 60 FF 69 FC 8 0
ID: 316, Data: 845 3A 5A 10 36 17 4 7C
ID: 316, Data: 845 39 57 10 36 17 4 7C
ID: 440, Data: 8E7 41 4 A0 FF AA AA AA
ID: 316, Data: 845 38 4C 10 36 17 4 7C
ID: 153, Data: 80 0 0 FF 0 FF 0 0
ID: 43F, Data: 81 48 60 FF 69 18 B 0
ID: 316, Data: 85 37 3B 10 36 17 5 7C
ID: 153, Data: 80 0 0 FF 0 FF 0 0
ID: 545, Data: 8E4 42 0 8D 2A 2 2A 2
ID: 316, Data: 85 35 1 11 35 17 5 7C
ID: 545, Data: 8E4 42 0 8D 18 2 18 2
ID: 153, Data: 80 0 0 FF 0 FF 0 0
ID: 43F, Data: 81 48 60 FF 69 5C D 0
ID: A1, Data: 880 7F 7E 80 28 0 0 0
ID: 153, Data: 80 0 0 FF 0 FF 0 0
ID: 316, Data: 85 32 C3 11 34 17 6 7C
ID: A0, Data: 837 7D BF 11 7 29 2 0
ID: 153, Data: 80 0 0 FF 0 FF 0 0
ID: 316, Data: 85 30 D3 11 34 17 7 7C
ID: 440, Data: 8FE 41 7 A0 FF AA AA AA
ID: 5F0, Data: 20 0
ID: A1, Data: 87E 7F 7E 80 27 0 0 0
ID: 18F, Data: 8AA 45 0 0 0 0 0 0
ID: A1, Data: 87E 7F 7E 80 27 0 0 0
ID: 329, Data: 8B B1 80 8 11 32 B 26
ID: 545, Data: 8E4 3E 0 8C E6 1 E6 1
ID: A1, Data: 87E 7F 7C 80 28 0 0 0
ID: 316, Data: 85 33 5D 12 3A 16 7 7C
ID: 153, Data: 80 0 0 FF 0 FF 0 0
ID: 316, Data: 85 33 D0 12 39 16 7 7C
ID: 316, Data: 85 32 FE 12 39 16 7 7C
ID: 153, Data: 80 0 0 FF 0 FF 0 0
ID: 153, Data: 80 0 0 FF 0 FF 0 0
ID: 545, Data: 8E4 49 0 8D 17 2 17 2
ID: 316, Data: 85 34 AF 13 37 15 8 7C
ID: 545, Data: 8E4 4B 0 8D FC 1 FC 1
ID: 153, Data: 80 0 0 FF 0 FF 0 0
ID: 316, Data: 85 33 1E 14 36 15 8 7C
ID: 5F0, Data: 20 0
ID: 316, Data: 85 32 68 14 36 15 8 7C
ID: 153, Data: 80 0 0 FF 0 FF 0 0
ID: 316, Data: 85 32 98 14 35 16 8 7C
ID: 153, Data: 80 0 0 FF 0 FF 0 0
ID: 545, Data: 8E4 4E 0 8D E4 1 E4 1
ID: 316, Data: 85 31 FC 14 35 16 8 7C
ID: 316, Data: 85 30 1E 15 35 16 8 7C
ID: 1F0, Data: 853 3F FD BF 0 0 0 0
ID: 153, Data: 80 0 0 FF 0 FF 0 0
ID: 316, Data: 85 30 7B 15 35 16 8 7C
ID: 153, Data: 80 0 0 FF 0 FF 0 0
ID: 153, Data: 80 0 0 FF 0 FF 0 0
ID: 316, Data: 85 30 9F 15 34 16 8 7C
ID: 153, Data: 80 0 0 FF 0 FF 0 0
ID: 316, Data: 85 2F CF 15 33 16 8 7C
ID: 153, Data: 80 0 0 FF 0 FF 0 0
ID: 316, Data: 85 2F 6 16 32 16 8 7C
ID: 43F, Data: 81 48 60 FF 69 78 14 0
ID: 370, Data: 8FF E3 F0 FF FF FF FF FF
ID: 260, Data: 8B 30 32 30 58 FF C3 1F
ID: 316, Data: 85 2F 65 16 32 16 9 7C
ID: 18F, Data: 8AA 42 0 0 0 0 0 0
ID: 43F, Data: 81 48 60 FF 69 8 15 0
ID: 43F, Data: 81 48 60 FF 69 1C 15 0
ID: 43F, Data: 81 48 60 FF 69 30 15 0
ID: 43F, Data: 81 48 60 FF 69 3C 15 0
ID: 2A0, Data: 8C1 6 66 1C 30 0 F 0
ID: 316, Data: 85 2E E2 16 31 16 9 7C
ID: 5F0, Data: 20 0
ID: 316, Data: 85 2E 11 17 31 16 9 7C
ID: 316, Data: 85 2E A 17 31 16 9 7C
ID: 18F, Data: 8AA 41 0 0 0 0 0 0
ID: 43F, Data: 81 48 60 FF 69 C8 15 0
ID: 545, Data: 8E4 49 0 8D 9A 1 9A 1
ID: 1F1, Data: 80 54 70 80 5 67 B0 4
ID: 153, Data: 80 0 0 FF 0 FF 0 0
ID: 316, Data: 85 2D 80 17 1E 16 9 7C
ID: 153, Data: 80 0 0 FF 0 FF 0 0
ID: 316, Data: 85 2C 9C 17 17 16 9 7C
ID: 316, Data: 85 2A AB 17 17 16 9 7C
ID: 2A0, Data: 880 6 66 1C 30 0 F 0
ID: 43F, Data: 81 48 60 FF 69 68 16 0
ID: 153, Data: 80 0 0 FF 0 FF 0 0
ID: 43F, Data: 81 48 60 FF 69 68 16 0
ID: 316, Data: 85 22 3A 17 19 18 9 7C
ID: 1F1, Data: 80 66 76 A0 5 6C D0 4
ID: 1F0, Data: 81B 3F FD BF 0 0 0 0
ID: 153, Data: 80 0 0 FF 0 FF 0 0
ID: 440, Data: 8FE 41 B A0 FF AA AA AA
ID: A1, Data: 885 7F 80 7D 1A 0 0 0
ID: 440, Data: 8FE 41 B A0 FF AA AA AA
ID: 43F, Data: 81 48 60 FF 69 C 16 0
ID: A1, Data: 885 7F 80 7D 19 0 0 0
ID: 153, Data: 80 0 0 FF 0 FF 0 0
ID: 316, Data: 85 16 41 15 1B 18 9 7C
ID: 43F, Data: 81 48 60 FF 69 10 15 0
ID: 316, Data: 85 18 AE 14 1C 18 9 7C
ID: 316, Data: 85 18 2E 14 1D 18 9 7C
ID: A1, Data: 882 7F 80 7D 1B 0 0 0
ID: 316, Data: 85 1A 5 14 1D 18 9 7C
ID: 153, Data: 80 0 0 FF 0 FF 0 0
ID: 316, Data: 85 1B 4E 13 1E 18 8 7C
ID: 153, Data: 80 0 0 FF 0 FF 0 0
ID: 316, Data: 85 1C 7 13 1E 18 8 7C
ID: 316, Data: 85 1C 2 13 1E 18 8 7C
ID: 316, Data: 85 1D D9 12 1E 18 8 7C
ID: 18F, Data: 8AA 3F 0 0 0 0 0 0
ID: 153, Data: 80 0 0 FF 0 FF 0 0
ID: 1F0, Data: 8B 3F FD BF 0 0 0 0
ID: 43F, Data: 81 48 60 FF 69 A0 13 0
ID: 153, Data: 80 0 0 FF 0 FF 0 0
ID: 153, Data: 80 0 0 FF 0 FF 0 0
ID: 260, Data: 8B 24 22 30 58 FF B6 C
ID: 316, Data: 85 23 49 13 22 18 8 7C
ID: 43F, Data: 81 48 60 FF 69 58 13 0
ID: 43F, Data: 81 48 60 FF 69 30 13 0
ID: 370, Data: 8FF E3 F0 FF FF FF FF FF
ID: 260, Data: 8B 22 22 30 58 FF B6 2C
ID: 316, Data: 85 22 15 13 22 18 8 7C
ID: 153, Data: 80 0 0 FF 0 FF 0 0
ID: 43F, Data: 81 48 60 FF 69 B8 12 0
ID: 1F0, Data: 8A 3F FD BF 0 0 0 0
ID: 153, Data: 80 0 0 FF 0 FF 0 0
ID: 43F, Data: 81 48 60 FF 69 44 12 0
ID: 153, Data: 80 0 0 FF 0 FF 0 0
ID: 153, Data: 80 0 0 FF 0 FF 0 0
ID: 316, Data: 85 24 4 12 2D 18 7 7C
ID: 440, Data: 8FE 41 9 A0 FF AA AA AA
ID: 316, Data: 85 26 D3 11 2D 18 7 7C
ID: 316, Data: 85 27 C7 11 2D 18 7 7C
ID: A1, Data: 87D 7A 80 7B 20 0 0 0
ID: 43F, Data: 81 48 60 FF 69 A4 11 0
ID: 153, Data: 80 0 0 FF 0 FF 0 0
ID: 316, Data: 85 29 1D 12 2D 18 7 7C
ID: 316, Data: 85 29 2E 12 2D 18 7 7C
ID: 2A0, Data: 861 4 66 1C 30 0 F 0
ID: 43F, Data: 81 48 60 FF 69 14 12 0
ID: 43F, Data: 81 48 60 FF 69 20 12 0
ID: 316, Data: 85 29 15 13 2B 17 7 7C
ID: 18F, Data: 8AA 3E 0 0 0 0 0 0
ID: 153, Data: 80 0 0 FF 0 FF 0 0
ID: 43F, Data: 81 48 60 FF 69 AC 11 0
ID: 545, Data: 8E4 32 0 8C 41 1 41 1
ID: 370, Data: 8FF E3 F0 FF FF FF FF FF
ID: 153, Data: 80 0 0 FF 0 FF 0 0
ID: 2A0, Data: 861 5 66 1C 30 0 F 0
ID: 316, Data: 85 2B 8D 12 2C 17 7 7C
ID: 280, Data: 830 0 88 B0 25 1A 66 49
ID: 5F0, Data: 20 0
ID: 316, Data: 85 2B F5 12 50 17 7 7C
ID: 43F, Data: 81 48 60 FF 69 E0 11 0
ID: 43F, Data: 81 48 60 FF 69 EC 11 0
ID: 5F0, Data: 20 0
ID: 316, Data: 85 4F F5 13 83 15 7 7C
ID: 316, Data: 85 5B 48 14 82 14 7 7C
ID: 316, Data: 85 68 9F 15 82 12 7 7C
ID: 43F, Data: 81 48 60 FF 69 24 14 0
ID: 316, Data: 85 7B CE 19 80 10 7 7C
ID: 316, Data: 85 7E 8C 1B 7A 10 7 7C
ID: A0, Data: 899 7C 6B 1A 8 43 2 0
ID: 316, Data: 85 82 7E 1F 7C 10 8 7C
ID: 153, Data: 80 0 0 FF 0 FF 0 0
ID: 316, Data: 85 7C E5 21 8C 11 B 7C
ID: 316, Data: 85 77 16 23 9D 12 C 7C
ID: 2A0, Data: 8C1 F 66 1C 30 0 F 0
ID: 43F, Data: 81 48 60 FF 69 28 21 0
ID: 153, Data: 80 0 0 FF 0 FF 0 0
ID: 316, Data: 85 9B 29 28 C4 12 10 7C
ID: 1F0, Data: 82C 3F FD BF 0 0 0 0
ID: 316, Data: 81 97 3F 2C C9 13 14 7C
ID: 2A0, Data: 8A1 19 66 1C 30 0 F 0
ID: 153, Data: 81 2 0 84 0 96 0 0
ID: 5F0, Data: 20 0
ID: 153, Data: 81 2 0 75 0 86 0 0
ID: 316, Data: 821 7B 33 36 CF 17 1D 7C
ID: 43F, Data: 81 48 60 FF 69 48 35 0
ID: 316, Data: 821 6B B5 37 CF 18 1F 7C
ID: A0, Data: 885 7C DD 37 20 4B 4 0
ID: 43F, Data: 81 48 60 FF 69 84 36 0
ID: 316, Data: 821 68 5 38 CF 18 20 7C
ID: A1, Data: 880 7E 80 7D 45 0 0 0
ID: 153, Data: 81 2 0 6E 0 80 0 0
ID: 316, Data: 81 71 A5 36 CF 17 1F 7C
ID: 43F, Data: 81 48 60 FF 69 8C 33 0
ID: 545, Data: 8E4 8 2 8D C3 6 7E 7
ID: 153, Data: 81 2 0 80 0 92 0 0
ID: 153, Data: 81 2 0 86 0 97 0 0
ID: 370, Data: 8FF E0 F0 FF FF FF FF FF
ID: 280, Data: 830 0 88 B0 69 5C 66 AF
ID: 316, Data: 821 8F C 35 CF 17 1A 7C
ID: 2A0, Data: 861 35 66 1C 30 0 F 0
ID: 153, Data: 81 2 0 8A 0 9C 0 0
ID: 316, Data: 81 8A 7E 36 CD 17 1A 7C
ID: 153, Data: 81 2 0 8B 0 9D 0 0
ID: 316, Data: 821 8E 5 38 CC 18 19 7C
ID: 316, Data: 821 8F A8 38 CB 18 19 7C
ID: 43F, Data: 81 48 60 FF 69 2C 37 0
ID: 5F0, Data: 20 0
ID: 18F, Data: 8AA 3B 0 0 0 0 0 0
ID: 2A0, Data: 81 3E 66 1C 30 0 F 0
ID: 316, Data: 821 96 29 3D B1 19 1B 7C
ID: 316, Data: 821 94 89 3D AC 19 1B 7C
ID: 153, Data: 81 2 0 91 0 9F 0 0
ID: 440, Data: 8FE 31 1E A0 FF AA AA AA
ID: 316, Data: 81 95 84 40 93 1A 1D 7C
ID: 153, Data: 81 2 0 97 0 97 0 0
ID: 316, Data: 81 94 42 44 90 1A 1E 7C
ID: 316, Data: 81 86 34 45 8E 1B 1F 7C
ID: A1, Data: 87E 7E 7E 7D 46 0 0 0
ID: 316, Data: 81 88 EE 45 82 1B 20 7C
ID: 316, Data: 81 80 AB 46 7A 1C 20 7C
ID: 2A0, Data: 861 44 66 1C 30 0 F 0
ID: 5F0, Data: 20 0
ID: 316, Data: 81 73 BA 48 68 1D 22 7C
ID: 316, Data: 81 72 FE 48 68 1D 22 7C
ID: A1, Data: 879 7E 80 7D 3A 0 0 0
ID: 440, Data: 8FE 31 24 A0 FF AA AA AA
ID: 43F, Data: 81 48 60 FF 69 B0 49 0
ID: 153, Data: 81 2 0 99 0 99 0 0
ID: 316, Data: 81 51 B 4C 32 1F 24 7C
ID: 153, Data: 81 2 0 9C 0 9C 0 0
ID: 316, Data: 81 39 30 4B 2F 1F 25 7C
ID: 316, Data: 81 37 E8 4A 2F 20 25 7C
ID: 329, Data: 8B AF 80 8 11 48 22 26
ID: 43F, Data: 8A 48 60 FF 69 8C 4A 0
ID: 316, Data: 81 32 30 4B 17 29 26 7C
ID: 545, Data: 8E4 13 1 8C B7 0 B7 0
ID: 316, Data: 81 2B B 4C 12 29 26 7C
ID: 153, Data: 80 0 0 FF 0 FF 0 0
ID: 2A0, Data: 880 3D 66 1C 30 0 F 0
ID: 316, Data: 81 20 C1 4B 13 2A 26 7C
ID: 545, Data: 8E4 AA 0 8D 35 FF 35 FF
ID: 316, Data: 81 1E A0 4A 13 2A 26 7C
ID: 329, Data: 840 AF 80 8 11 3D 0 26
ID: 316, Data: 841 1C BA 48 13 29 26 7C
ID: 316, Data: 841 1C 2C 47 13 29 26 7C
ID: 153, Data: 80 0 0 FF 0 FF 0 0
ID: 316, Data: 841 1B AA 42 14 28 26 7C
ID: 316, Data: 841 1A 84 40 14 28 26 7C
ID: 5F0, Data: 20 0
ID: 316, Data: 841 19 86 3B 14 27 26 7C
ID: 153, Data: 80 0 0 FF 0 FF 0 0
ID: 316, Data: 841 19 B5 37 14 26 27 7C
ID: A0, Data: 829 7B D1 38 27 34 2 0
ID: 316, Data: 841 1B D0 33 14 26 27 7C
ID: 545, Data: 8E4 92 0 8C 41 FF 41 FF
ID: 153, Data: 80 0 0 FF 0 FF 0 0
ID: 545, Data: 8E4 8D 0 8D 5D FF 5D FF
ID: 316, Data: 841 1C 71 2C 15 25 27 7C
ID: 43F, Data: 8A 48 60 FF 69 F0 2A 0
ID: 316, Data: 841 1B 4 2A 16 24 27 7C
ID: 153, Data: 80 0 0 FF 0 FF 0 0
ID: 316, Data: 841 1A BB 28 17 24 27 7C
ID: 153, Data: 80 0 0 FF 0 FF 0 0
ID: 2A0, Data: 8E0 2C 66 1C 30 0 F 0
ID: 316, Data: 841 19 91 28 17 24 27 7C
ID: 2A0, Data: 820 2B 66 1C 30 0 F 0
ID: 43F, Data: 8A 48 60 FF 69 F8 2A 0
ID: 440, Data: 8FE 31 26 A0 FF AA AA AA
ID: 545, Data: 8E4 6B 0 8C 3A FF 3A FF
ID: 316, Data: 849 14 AE 27 17 24 27 7C
ID: 43F, Data: 8A 48 60 FF 69 70 2A 0
ID: 316, Data: 849 10 4A 27 17 24 26 7C
ID: 2A0, Data: 8E0 27 66 1C 30 0 F 0
ID: 153, Data: 80 0 0 FF 0 FF 0 0
ID: 316, Data: 849 C AF 26 18 24 26 7C
ID: 316, Data: 849 C 50 26 18 24 26 7C
ID: 260, Data: 80 8 18 30 58 FF 6F C
ID: 316, Data: 849 8 BC 25 18 23 26 7C
ID: 440, Data: 8FE D2 25 A0 FF AA AA AA
ID: 1F1, Data: 80 9A 25 61 12 2C D1 12
ID: 316, Data: 849 4 4C 24 18 23 25 7C
ID: 370, Data: 8FF E0 F0 FF FF FF FF FF
ID: 316, Data: 849 0 36 23 18 23 25 7C
ID: 153, Data: 80 0 0 FF 0 FF 0 0
ID: 153, Data: 80 0 0 FF 0 FF 0 0
ID: 316, Data: 849 0 9D 21 19 23 25 7C
ID: 153, Data: 80 0 0 FF 0 FF 0 0
ID: 316, Data: 849 0 BB 20 19 22 24 7C
ID: 316, Data: 849 0 5C 20 19 22 24 7C
ID: 18F, Data: 8AA 3F 0 0 0 0 0 0
ID: 43F, Data: 82 48 60 FF 69 C0 27 0
ID: 153, Data: 80 0 0 FF 0 FF 0 0
ID: 43F, Data: 82 48 60 FF 69 78 27 0
ID: 153, Data: 80 0 0 FF 0 FF 0 0
ID: 153, Data: 80 0 0 FF 0 FF 0 0
ID: 316, Data: 849 0 95 1D 1A 22 23 7C
ID: 153, Data: 80 0 0 FF 0 FF 0 0
ID: 316, Data: 849 0 E6 1C 1A 22 23 7C
ID: 316, Data: 849 0 92 1C 1E 22 23 7C
ID: 260, Data: 80 0 20 30 58 FF 77 2
ID: 43F, Data: 82 48 60 FF 69 68 26 0
ID: 153, Data: 80 0 0 FF 0 FF 0 0
ID: 260, Data: 8B 12 26 30 58 FF CB 5
ID: 316, Data: 841 1D 3F 1B 26 23 22 7C
ID: A1, Data: 880 7B 80 7B 1D 0 0 0
ID: 316, Data: 841 24 73 1C 2A 23 22 7C
ID: 316, Data: 841 23 CE 1D 2D 23 22 7C
ID: 316, Data: 841 23 33 1F 2D 23 22 7C
ID: 329, Data: 8B AD 80 8 11 35 8 26
ID: 153, Data: 80 0 0 FF 0 FF 0 0
ID: 316, Data: 841 25 12 22 2B 23 22 7C
ID: 153, Data: 80 0 0 FF 0 FF 0 0
ID: A1, Data: 88C 7A 8E 7B 1D 0 0 0
ID: 280, Data: 830 0 88 AD 48 16 66 3D
ID: 329, Data: 8ED AD 80 8 11 36 8 26
ID: 316, Data: 841 25 1B 25 29 23 21 7C
ID: 316, Data: 841 25 62 25 29 23 21 7C
ID: 43F, Data: 82 48 60 FF 69 18 25 0
ID: 545, Data: 8E4 6E 0 8C 1F 0 1F 0
ID: 153, Data: 80 0 0 FF 0 FF 0 0
ID: 316, Data: 841 26 98 25 29 23 21 7C
ID: 153, Data: 80 0 0 FF 0 FF 0 0
ID: 1F1, Data: 80 BC 2 41 10 B D1 10
ID: 316, Data: 841 27 3E 25 29 23 21 7C
ID: 316, Data: 841 27 2C 25 2A 23 21 7C
ID: 43F, Data: 82 48 60 FF 69 C0 24 0
ID: 260, Data: 8B 28 2A 30 58 FF D6 3B
ID: 153, Data: 80 0 0 FF 0 FF 0 0
ID: 316, Data: 841 28 3E 25 29 23 21 7C
ID: 316, Data: 841 28 50 25 29 23 21 7C
ID: 43F, Data: 82 48 60 FF 69 D4 24 0
ID: 316, Data: 841 28 50 25 29 23 21 7C
ID: A0, Data: 82E 79 50 25 21 2F 2 0
ID: 316, Data: 841 28 3E 25 29 23 21 7C
ID: 329, Data: 840 AC 80 8 11 38 8 26
ID: 440, Data: 8FE 82 21 A0 FF AA AA AA
ID: 316, Data: 841 28 50 25 29 23 21 7C
ID: 153, Data: 80 0 0 FF 0 FF 0 0
ID: 545, Data: 8E4 78 0 8D 5D 0 5D 0
ID: 316, Data: 841 28 50 25 29 23 21 7C
ID: 545, Data: 8E4 77 0 8C 60 0 60 0
ID: 316, Data: 841 28 50 25 29 23 21 7C
ID: 316, Data: 841 29 74 25 29 23 21 7C
ID: 153, Data: 80 0 0 FF 0 FF 0 0
ID: 329, Data: 885 AC 80 8 11 38 8 26
ID: 316, Data: 841 29 74 25 29 23 21 7C
ID: 18F, Data: 8AA 42 0 0 0 0 0 0
ID: 316, Data: 841 29 62 25 29 23 21 7C
ID: 43F, Data: 82 48 60 FF 6A E0 24 0
ID: 260, Data: 8B 29 2A 30 58 FF D6 2B
ID: 153, Data: 80 0 0 FF 0 FF 0 0
ID: 153, Data: 80 0 0 FF 0 FF 0 0
ID: 316, Data: 841 29 62 25 29 23 21 7C
ID: 153, Data: 80 0 0 FF 0 FF 0 0
ID: 2A0, Data: 81 12 66 1C 30 0 F 0
ID: 316, Data: 841 29 86 25 29 23 21 7C
ID: 153, Data: 80 0 0 FF 0 FF 0 0
ID: 316, Data: 841 29 86 25 29 23 21 7C
ID: 153, Data: 80 0 0 FF 0 FF 0 0
ID: 316, Data: 841 29 98 25 29 23 21 7C
ID: 316, Data: 841 29 86 25 29 23 21 7C
ID: 43F, Data: 82 48 60 FF 6A 10 25 0
ID: 316, Data: 841 29 98 25 29 23 21 7C
ID: A1, Data: 88B 7A 8A 7B 1E 0 0 0
ID: 316, Data: 841 29 98 25 29 23 21 7C
ID: 316, Data: 841 29 AA 25 29 23 21 7C
ID: 440, Data: 8FE 82 21 A0 FF AA AA AA
ID: 545, Data: 8E4 77 0 8C 67 0 67 0
ID: 43F, Data: 82 48 60 FF 6A 40 25 0
ID: 153, Data: 80 0 0 FF 0 FF 0 0
ID: 18F, Data: 8AA 42 0 0 0 0 0 0
ID: 316, Data: 841 29 BC 25 29 23 21 7C
ID: 316, Data: 841 29 BC 25 29 23 21 7C
ID: 153, Data: 80 0 0 FF 0 FF 0 0
ID: 316, Data: 841 29 BC 25 29 23 21 7C
ID: 43F, Data: 82 48 60 FF 69 34 25 0
ID: 153, Data: 80 0 0 FF 0 FF 0 0
ID: 316, Data: 841 29 AA 25 29 23 21 7C
ID: 153, Data: 80 0 0 FF 0 FF 0 0
ID: 280, Data: 830 0 88 AC 4B 19 66 40
ID: 316, Data: 841 29 AA 25 29 23 21 7C
ID: 153, Data: 80 0 0 FF 0 FF 0 0
ID: 43F, Data: 82 48 60 FF 69 3C 25 0
ID: 316, Data: 841 29 AA 25 29 23 21 7C
ID: 316, Data: 841 29 BC 25 29 23 21 7C
ID: 316, Data: 841 29 CE 25 29 23 21 7C
ID: 18F, Data: 8AA 43 0 0 0 0 0 0
ID: 43F, Data: 82 48 60 FF 69 38 25 0
ID: 43F, Data: 82 48 60 FF 69 38 25 0
ID: 316, Data: 841 29 AA 25 26 23 21 7C
ID: 260, Data: 8B 2A 26 30 58 FF D6 2E
ID: 316, Data: 841 29 BC 25 26 23 21 7C
ID: 43F, Data: 82 48 60 FF 69 40 25 0
ID: 440, Data: 8FE 82 21 A0 FF AA AA AA
ID: 2A0, Data: 81 E 66 1C 30 0 F 0
ID: 153, Data: 80 0 0 FF 0 FF 0 0
ID: 316, Data: 841 25 74 25 1D 1A 21 7C
ID: 153, Data: 80 0 0 FF 0 FF 0 0
ID: 545, Data: 8E4 65 0 8C A1 0 A1 0
ID: 316, Data: 841 22 1B 25 1D 1A 21 7C
ID: 280, Data: 830 0 88 AC 49 14 66 35
ID: 316, Data: 841 21 D5 24 1D 1A 21 7C
ID: 280, Data: 830 0 88 AC 49 14 66 34
ID: 316, Data: 81 20 B2 24 1D 1A 21 7C
ID: 18F, Data: 8AA 42 0 0 0 0 0 0
ID: 153, Data: 80 0 0 FF 0 FF 0 0
ID: 43F, Data: 82 48 60 FF 69 0 25 0
ID: A1, Data: 88E 7A 80 7B 18 0 0 0
ID: 153, Data: 80 0 0 FF 0 FF 0 0
ID: 153, Data: 80 0 0 FF 0 FF 0 0
ID: 2A0, Data: 861 D 66 1C 30 0 F 0
ID: 280, Data: 830 0 88 AC 49 12 66 31
ID: 316, Data: 81 1E D5 24 1D 1A 21 7C
ID: 316, Data: 81 1E B2 24 1D 1A 21 7C
ID: 316, Data: 81 1E A1 24 1E 1A 21 7C
ID: 153, Data: 80 0 0 FF 0 FF 0 0
ID: 316, Data: 81 1E 7F 24 1E 1A 21 7C
ID: 316, Data: 81 1E 90 24 1E 1A 21 7C
ID: 18F, Data: 8AA 40 0 0 0 0 0 0
ID: 316, Data: 81 1E 7F 24 1E 1A 21 7C
ID: 43F, Data: 82 48 60 FF 69 84 24 0
ID: 316, Data: 81 1E 5D 24 1E 1A 21 7C
ID: A1, Data: 889 7A 79 7B 17 0 0 0
ID: 153, Data: 80 0 0 FF 0 FF 0 0
ID: 316, Data: 81 1E 3B 24 22 1A 21 7C
ID: 153, Data: 80 0 0 FF 0 FF 0 0
ID: 316, Data: 81 1E 3B 24 23 1A 21 7C
ID: 316, Data: 81 1E 2A 24 24 1A 21 7C
ID: 18F, Data: 8AA 3F 0 0 0 0 0 0
ID: 43F, Data: 82 48 60 FF 69 54 24 0
ID: 153, Data: 80 0 0 FF 0 FF 0 0
ID: 316, Data: 81 20 7F 24 24 1A 20 7C
ID: 153, Data: 80 0 0 FF 0 FF 0 0
ID: 280, Data: 830 0 88 AC 49 14 66 36
ID: 316, Data: 81 22 C3 24 24 1A 20 7C
ID: 43F, Data: 82 48 60 FF 69 A8 24 0
ID: 43F, Data: 82 48 60 FF 69 9C 24 0
ID: 545, Data: 8E4 5D 0 8D 94 0 94 0
ID: 153, Data: 80 0 0 FF 0 FF 0 0
ID: 316, Data: 81 23 C3 24 24 1A 20 7C
ID: 153, Data: 80 0 0 FF 0 FF 0 0
ID: 316, Data: 81 23 A1 24 24 1A 20 7C
ID: 1F1, Data: 80 CD 4 21 10 8 91 10
ID: 280, Data: 830 0 88 AD 49 15 66 39
ID: 153, Data: 80 0 0 FF 0 FF 0 0
ID: 1F1, Data: 80 DE 4 21 10 8 91 10
ID: 316, Data: 81 23 B2 24 25 1A 20 7C
ID: 316, Data: 81 24 B2 24 25 1A 20 7C
ID: A1, Data: 87D 7A 82 7B 1B 0 0 0
ID: 43F, Data: 82 48 60 FF 69 4C 24 0
ID: 43F, Data: 82 48 60 FF 69 48 24 0
ID: 280, Data: 830 0 88 AD 49 16 66 3A
ID: 153, Data: 80 0 0 FF 0 FF 0 0
ID: 153, Data: 80 0 0 FF 0 FF 0 0
ID: 316, Data: 81 24 D5 24 26 1A 20 7C
ID: 370, Data: 8FF D8 F0 FF FF FF FF FF
ID: 316, Data: 81 24 C3 24 26 1A 20 7C
ID: 43F, Data: 82 48 60 FF 69 48 24 0
ID: 316, Data: 81 25 D5 24 26 1A 20 7C
ID: 43F, Data: 82 48 60 FF 6A 54 24 0
ID: 316, Data: 81 25 D5 24 27 1A 20 7C
ID: 280, Data: 830 0 88 AD 49 16 66 3B
ID: 43F, Data: 82 48 60 FF 6A 5C 24 0
ID: 370, Data: 8FF DA F0 FF FF FF FF FF
ID: 18F, Data: 8AA 3A 0 0 0 0 0 0
ID: 316, Data: 81 26 1B 25 27 1A 21 7C
ID: 153, Data: 80 0 0 FF 0 FF 0 0
ID: 260, Data: 8B 26 27 30 58 FF D6 21
ID: 316, Data: 81 26 1B 25 27 1A 21 7C
ID: A1, Data: 889 7A 80 7B 1D 0 0 0
ID: 316, Data: 81 26 3E 25 27 1A 21 7C
ID: 316, Data: 81 27 3E 25 27 1A 21 7C
ID: 370, Data: 8FF DB F0 FF FF FF FF FF
ID: 316, Data: 81 27 50 25 27 1A 21 7C
ID: 43F, Data: 82 48 60 FF 6A 88 24 0
ID: 43F, Data: 82 48 60 FF 6A 94 24 0
ID: 2A0, Data: 8C1 B 66 1C 30 0 F 0
ID: 153, Data: 80 0 0 FF 0 FF 0 0
ID: 316, Data: 81 27 3E 25 27 1A 21 7C
ID: 43F, Data: 82 48 60 FF 6A C4 24 0
ID: 316, Data: 81 27 62 25 27 1A 21 7C
ID: 260, Data: 8B 27 27 30 58 FF D6 2
ID: 153, Data: 80 0 0 FF 0 FF 0 0
ID: 316, Data: 81 27 86 25 27 1A 21 7C
ID: 153, Data: 80 0 0 FF 0 FF 0 0
ID: A0, Data: 82A 7B 86 25 21 2E 2 0
ID: 316, Data: 81 27 86 25 27 1A 21 7C
ID: 260, Data: 8B 27 27 30 58 FF D6 3F
ID: 43F, Data: 82 48 60 FF 6A E8 24 0
ID: 545, Data: 8E4 63 0 8D EC 0 EC 0
ID: 5F0, Data: 20 0
ID: 316, Data: 81 27 86 25 27 1A 21 7C
ID: 43F, Data: 82 48 60 FF 6A F0 24 0
ID: 316, Data: 81 27 98 25 27 1A 21 7C
ID: 43F, Data: 82 48 60 FF 6A F0 24 0
ID: 316, Data: 81 27 98 25 27 1A 21 7C
ID: 2A0, Data: 8A1 B 66 1C 30 0 F 0
ID: 43F, Data: 82 48 60 FF 6A FC 24 0
ID: 43F, Data: 82 48 60 FF 6A 8 25 0
ID: 316, Data: 81 27 AA 25 27 1A 21 7C
ID: 2A0, Data: 8C1 B 66 1C 30 0 F 0
ID: 153, Data: 80 0 0 FF 0 FF 0 0
ID: 316, Data: 81 27 BC 25 28 1A 21 7C
ID: 153, Data: 80 0 0 FF 0 FF 0 0
ID: 1F0, Data: 8FD 3F FD BF 0 0 0 0
ID: 43F, Data: 82 48 60 FF 6A 34 25 0
ID: 43F, Data: 82 48 60 FF 6A 3C 25 0
ID: 370, Data: 8FF DD F0 FF FF FF FF FF
ID: 153, Data: 80 0 0 FF 0 FF 0 0
ID: 316, Data: 81 27 E0 25 28 1A 21 7C
ID: 316, Data: 81 27 F3 25 28 1A 21 7C
ID: A1, Data: 879 7A 72 7B 1D 0 0 0
ID: 153, Data: 80 0 0 FF 0 FF 0 0
ID: 316, Data: 81 27 F3 25 E 1A 21 7C
ID: 153, Data: 80 0 0 FF 0 FF 0 0
ID: 316, Data: 81 25 F3 25 E 1A 21 7C
ID: 153, Data: 80 0 0 FF 0 FF 0 0
ID: 316, Data: 81 22 CE 25 F 1A 21 7C
ID: 316, Data: 81 1F AA 25 F 1A 21 7C
ID: 2A0, Data: 880 A 66 1C 30 0 F 0
ID: 43F, Data: 82 48 60 FF 6A 4C 25 0
ID: 153, Data: 80 0 0 FF 0 FF 0 0
ID: 316, Data: 81 1B D5 24 F 1A 22 7C
ID: 316, Data: 81 1A 90 24 F 1A 22 7C
ID: 316, Data: 81 1A 19 24 10 1A 21 7C
ID: 153, Data: 80 0 0 FF 0 FF 0 0
ID: 440, Data: 8FE 22 21 A0 FF AA AA AA
ID: 43F, Data: 82 48 60 FF 6A C 25 0
ID: 2A0, Data: 8E0 9 66 1C 30 0 F 0
ID: A0, Data: 819 7B C7 23 22 28 2 0
ID: 370, Data: 8FF DE F0 FF FF FF FF FF
ID: 153, Data: 80 0 0 FF 0 FF 0 0
ID: 280, Data: 830 0 88 AE 47 11 66 2E
ID: 316, Data: 81 1C E8 23 28 1A 21 7C
ID: 153, Data: 80 0 0 FF 0 FF 0 0
ID: 316, Data: 81 22 3B 24 2F 1A 21 7C
ID: 316, Data: 81 24 7F 24 30 1A 21 7C
ID: 280, Data: 830 0 88 AE 49 18 66 3D
ID: 316, Data: 81 2A 1B 25 30 19 21 7C
ID: 329, Data: 8ED AE 80 8 11 39 11 26
ID: 43F, Data: 82 48 60 FF 6A 74 25 0
ID: 316, Data: 81 2B 50 26 30 19 21 7C
ID: 370, Data: 8FF DE F0 FF FF FF FF FF
ID: 316, Data: 81 2C F3 25 30 19 21 7C
ID: 153, Data: 80 0 0 FF 0 FF 0 0
ID: 43F, Data: 82 48 60 FF 69 90 24 0
ID: 43F, Data: 82 48 60 FF 6A 98 24 0
ID: 316, Data: 81 2F 74 25 31 18 21 7C
ID: 18F, Data: 8AA 36 0 0 0 0 0 0
ID: 316, Data: 81 2F CE 25 30 18 21 7C
ID: 153, Data: 80 0 0 FF 0 FF 0 0
ID: 316, Data: 81 2F 5 26 30 18 21 7C
ID: 153, Data: 80 0 0 FF 0 FF 0 0
ID: 280, Data: 830 0 88 AE 4C 1D 66 4D
ID: 43F, Data: 82 48 60 FF 6A 3C 25 0
ID: 260, Data: 8B 30 30 30 58 FF D5 1E
ID: 316, Data: 81 30 63 26 30 18 21 7C
ID: 545, Data: 8E4 80 0 8D 9F 1 9F 1
ID: 43F, Data: 82 48 60 FF 6A 7C 25 0
ID: 43F, Data: 82 48 60 FF 6A 80 25 0
ID: 280, Data: 830 0 88 AE 4D 1D 66 4D
ID: 18F, Data: 8AA 35 0 0 0 0 0 0
ID: 316, Data: 81 30 AF 26 37 18 22 7C
ID: 153, Data: 80 0 0 FF 0 FF 0 0
ID: 280, Data: 830 0 88 AE 4D 1F 65 50
ID: 316, Data: 81 34 FC 26 39 18 22 7C
ID: 43F, Data: 82 48 60 FF 6A C 26 0
ID: 43F, Data: 82 48 60 FF 6A 18 26 0
ID: 316, Data: 81 37 72 27 38 18 22 7C
ID: 43F, Data: 82 48 60 FF 6A 4C 26 0
ID: 316, Data: 81 37 9A 27 38 18 22 7C
ID: 153, Data: 80 0 0 FF 0 FF 0 0
ID: 43F, Data: 82 48 60 FF 6B 94 26 0
ID: 153, Data: 80 0 0 FF 0 FF 0 0
ID: 316, Data: 81 38 0 28 38 18 22 7C
ID: 153, Data: 80 0 0 FF 0 FF 0 0
ID: 316, Data: 81 38 52 28 39 18 23 7C
ID: 1F0, Data: 8FC 3F FD BF 0 0 0 0
ID: 329, Data: 840 AF 80 8 11 3E 1B 26
ID: 545, Data: 8E4 A2 0 8D 36 2 36 2
ID: 153, Data: 80 0 0 FF 0 FF 0 0
ID: 43F, Data: 82 48 60 FF 6A AC 27 0
ID: 153, Data: 80 0 0 FF 0 FF 0 0
ID: 153, Data: 80 0 0 FF 0 FF 0 0
ID: 316, Data: 81 39 26 29 39 18 23 7C
ID: 153, Data: 80 0 0 FF 0 FF 0 0
ID: 316, Data: 81 3A 68 29 39 18 24 7C
ID: 1F1, Data: 80 78 20 E1 11 26 61 12
ID: 280, Data: 830 0 88 AF 53 23 65 58
ID: 43F, Data: 82 48 60 FF 6A 90 28 0
ID: 370, Data: 8FF DE F0 FF FF FF FF FF
ID: 43F, Data: 82 48 60 FF 6A BC 28 0
ID: 316, Data: 81 3A 4 2A 38 18 24 7C
ID: 43F, Data: 82 48 60 FF 6B DC 28 0
ID: 43F, Data: 82 48 60 FF 6A F0 28 0
ID: 370, Data: 8FF DE F0 FF FF FF FF FF
ID: 545, Data: 8E4 AC 0 8D 2C 2 2C 2
ID: 316, Data: 81 38 76 2A 38 19 25 7C
ID: 280, Data: 830 0 88 AF 54 21 65 54
ID: 43F, Data: 82 48 60 FF 6A 8C 29 0
ID: 316, Data: 81 38 D3 2A 38 19 25 7C
ID: A1, Data: 878 7C 80 7C 28 0 0 0
ID: 316, Data: 81 38 EB 2A 38 19 25 7C
ID: 316, Data: 81 38 2 2B 38 19 25 7C
ID: 18F, Data: 8AA 34 0 0 0 0 0 0
ID: 43F, Data: 82 48 60 FF 6A 8 2A 0
ID: 153, Data: 80 0 0 FF 0 FF 0 0
ID: 43F, Data: 82 48 60 FF 6A 40 2A 0
ID: 153, Data: 80 0 0 FF 0 FF 0 0
ID: 153, Data: 80 0 0 FF 0 FF 0 0
ID: 316, Data: 81 38 92 2B 37 19 26 7C
ID: A1, Data: 879 7C 81 7C 28 0 0 0
ID: 316, Data: 81 38 DC 2B 37 19 26 7C
ID: 316, Data: 81 38 F4 2B 37 19 26 7C
ID: 18F, Data: 8AA 34 0 0 0 0 0 0
ID: 43F, Data: 82 48 60 FF 6A 0 2B 0
ID: 153, Data: 80 0 0 FF 0 FF 0 0
ID: 316, Data: 81 38 58 2C 37 19 26 7C
ID: 153, Data: 80 0 0 FF 0 FF 0 0
ID: 316, Data: 81 37 8B 2C 37 19 27 7C
ID: 316, Data: 81 37 A4 2C 37 19 27 7C
ID: A1, Data: 87B 7C 80 7C 27 0 0 0
ID: 43F, Data: 8B 48 60 FF 6A AC 2B 0
ID: 43F, Data: 8B 48 60 FF 6A BC 2B 0
ID: 153, Data: 80 0 0 FF 0 FF 0 0
ID: 153, Data: 80 0 0 FF 0 FF 0 0
ID: 18F, Data: 8AA 34 0 0 0 0 0 0
ID: 316, Data: 81 37 B 2D 36 19 27 7C
ID: 153, Data: 80 0 0 FF 0 FF 0 0
ID: 545, Data: 8E4 B5 0 8D C 2 C 2
ID: 316, Data: 81 37 D7 2C 37 19 27 7C
ID: 316, Data: 81 37 D7 2C 37 19 27 7C
ID: 153, Data: 80 0 0 FF 0 FF 0 0
ID: 153, Data: 80 0 0 FF 0 FF 0 0
ID: 316, Data: 81 2D FB 28 39 18 28 7C
ID: 440, Data: 8FE 22 28 A0 FF AA AA AA
ID: 153, Data: 80 0 0 FF 0 FF 0 0
ID: 153, Data: 80 0 0 FF 0 FF 0 0
ID: 260, Data: 8B 3C 40 30 58 FF 94 16
ID: 316, Data: 81 39 92 20 41 16 28 7C
ID: 153, Data: 80 0 0 FF 0 FF 0 0
ID: 153, Data: 80 0 0 FF 0 FF 0 0
ID: 316, Data: 81 42 59 1F 41 15 29 7C
ID: 153, Data: 80 0 0 FF 0 FF 0 0
ID: 316, Data: 81 41 A5 1F 41 15 29 7C
ID: 1F0, Data: 8FE 3F FD BF 0 0 0 0
ID: 1F1, Data: 80 34 47 61 14 4D E1 14
ID: A0, Data: 846 7C A5 1F 29 33 2 0
ID: 153, Data: 80 0 0 FF 0 FF 0 0
ID: 316, Data: 81 42 D 20 41 15 29 7C
ID: 153, Data: 80 0 0 FF 0 FF 0 0
ID: 316, Data: 81 41 1A 20 41 15 29 7C
ID: 316, Data: 81 40 34 20 41 15 29 7C
ID: A1, Data: 87C 7B 7C 7E 34 0 0 0
ID: 440, Data: 8FE B3 29 A0 FF AA AA AA
ID: 43F, Data: 83 48 60 FF 6A 4C 1E 0
ID: 153, Data: 80 0 0 FF 0 FF 0 0
ID: 316, Data: 81 3F 5C 20 41 15 2A 7C
ID: 153, Data: 80 0 0 FF 0 FF 0 0
ID: 316, Data: 81 3F 92 20 40 15 2A 7C
ID: 316, Data: 81 40 A0 20 40 15 2A 7C
ID: 545, Data: 8E4 92 0 8D FC 2 FC 2
ID: 43F, Data: 83 48 60 FF 6B D8 1E 0
ID: 1F1, Data: 80 BC 53 E1 14 5B A1 15
ID: 153, Data: 80 0 0 FF 0 FF 0 0
ID: 316, Data: 81 3F E5 20 40 15 2A 7C
ID: 370, Data: 8FF DD F0 FF FF FF FF FF
ID: 316, Data: 81 40 0 21 40 15 2B 7C
ID: 153, Data: 80 0 0 FF 0 FF 0 0
ID: 43F, Data: 83 48 60 FF 6A 28 1F 0
ID: 316, Data: 81 3E 1C 21 40 15 2B 7C
ID: 316, Data: 81 3D 1C 21 40 15 2B 7C
ID: 43F, Data: 83 48 60 FF 6A 5C 1F 0
ID: 316, Data: 81 3D 38 21 40 15 2B 7C
ID: 2A0, Data: 8A1 17 65 1C 30 0 F 0
ID: 316, Data: 81 3D 71 21 40 15 2B 7C
ID: 316, Data: 81 3D 80 21 40 15 2B 7C
ID: A0, Data: 843 7C 63 21 2C 33 2 0
ID: 316, Data: 81 3E 8E 21 40 15 2B 7C
ID: 153, Data: 80 0 0 FF 0 FF 0 0
ID: 43F, Data: 83 48 60 FF 6B A0 1F 0
ID: 260, Data: 8B 3F 40 30 58 FF D3 2F
ID: 316, Data: 81 3E 80 21 40 15 2C 7C
ID: 316, Data: 81 3E 9D 21 40 15 2C 7C
ID: 43F, Data: 843 48 60 FF 6A CC 1F 0
ID: 316, Data: 81 3E BA 21 3F 15 2C 7C
ID: 153, Data: 80 0 0 FF 0 FF 0 0
ID: 153, Data: 80 0 0 FF 0 FF 0 0
ID: 316, Data: 81 3E C8 21 40 15 2C 7C
ID: A1, Data: 872 7B 71 7E 32 0 0 0
ID: 316, Data: 81 3E D7 21 40 15 2C 7C
ID: 316, Data: 81 3E E5 21 40 15 2C 7C
ID: A1, Data: 871 7B 6F 7E 32 0 0 0
ID: 370, Data: 8FF DE F0 FF FF FF FF FF
ID: 43F, Data: 843 48 60 FF 6A 54 20 0
ID: A1, Data: 871 7B 6F 7E 32 0 0 0
ID: 316, Data: 81 3E 63 21 4A 1F 2D 7C
ID: 316, Data: 81 3E 47 21 49 1F 2D 7C
ID: 43F, Data: 843 48 60 FF 6A 7C 20 0
ID: 316, Data: 81 42 63 21 49 1E 2D 7C
ID: A1, Data: 871 7B 71 7E 34 0 0 0
ID: 316, Data: 81 45 E5 21 48 1E 2D 7C
ID: 316, Data: 81 45 E5 21 48 1E 2D 7C
ID: A0, Data: 84C 7C F4 21 2D 36 2 0
ID: 316, Data: 81 45 9D 21 48 1E 2D 7C
ID: 316, Data: 81 45 8E 21 48 1E 2D 7C
ID: 316, Data: 81 45 80 21 48 1E 2D 7C
ID: 316, Data: 841 45 8E 21 48 1E 2D 7C
ID: A1, Data: 873 7B 73 7E 36 0 0 0
ID: 316, Data: 841 46 1C 21 48 1D 2D 7C
ID: 316, Data: 841 46 E 21 48 1D 2E 7C
ID: 316, Data: 841 46 63 21 48 1D 2E 7C
ID: 329, Data: 840 B0 80 8 11 40 1B 26
ID: 153, Data: 80 0 0 FF 0 FF 0 0
ID: 280, Data: 830 0 88 B0 44 2B 65 74
ID: 316, Data: 841 46 9A 22 47 1E 2E 7C
ID: A1, Data: 874 7B 75 7E 37 0 0 0
ID: 43F, Data: 843 48 60 FF 6A 90 21 0
ID: 316, Data: 841 45 8A 22 47 1E 2E 7C
ID: 440, Data: 8FE 13 2E A0 FF AA AA AA
ID: 329, Data: 840 B0 80 8 11 40 1B 26
ID: 5F0, Data: 20 0
ID: 280, Data: 830 0 88 B0 45 2A 65 72
ID: 316, Data: 841 45 A9 22 47 1E 2E 7C
ID: 43F, Data: 843 48 60 FF 6A E0 21 0
ID: 280, Data: 830 0 88 B0 45 2A 65 71
ID: 153, Data: 80 0 0 FF 0 FF 0 0
ID: 316, Data: 841 45 A9 22 3A 1E 2F 7C
ID: 316, Data: 841 44 B8 22 1B 1E 2F 7C
ID: 43F, Data: 843 48 60 FF 6B 14 22 0
ID: 370, Data: 8FF DE F0 FF FF FF FF FF
ID: 153, Data: 80 0 0 FF 0 FF 0 0
ID: 316, Data: 841 34 F7 22 17 21 2F 7C
ID: 316, Data: 841 32 A9 22 18 21 2F 7C
ID: 43F, Data: 843 48 60 FF 6A 10 22 0
ID: 316, Data: 841 2A 3 22 19 22 2F 7C
ID: 153, Data: 80 0 0 FF 0 FF 0 0
ID: 153, Data: 80 0 0 FF 0 FF 0 0
ID: 316, Data: 841 22 30 22 1A 23 2F 7C
ID: 153, Data: 80 0 0 FF 0 FF 0 0
ID: 280, Data: 830 0 84 B0 43 13 65 35
ID: 316, Data: 841 1E 8E 21 1A 23 2F 7C
ID: A0, Data: 81F 7D 8E 21 30 29 2 0
ID: 5F0, Data: 20 0
ID: 545, Data: 8E4 3E 0 8D 6E FF 6E FF
ID: 329, Data: 840 B0 80 8 11 31 0 26
ID: 153, Data: 80 0 0 FF 0 FF 0 0
ID: 316, Data: 841 17 72 1F 1B 23 2F 7C
ID: 153, Data: 80 0 0 FF 0 FF 0 0
ID: 545, Data: 8E4 3D 0 8D 18 FF 18 FF
ID: 316, Data: 841 17 FC 1D 1C 22 2F 7C
ID: 43F, Data: 843 48 60 FF 6B 68 21 0
ID: 316, Data: 841 18 95 1D 1C 22 2F 7C
ID: 153, Data: 80 0 0 FF 0 FF 0 0
ID: 280, Data: 830 0 84 B0 3B 15 65 39
ID: 316, Data: 841 19 F0 1D 1B 22 2E 7C
ID: 43F, Data: 843 48 60 FF 6A FC 20 0
ID: 316, Data: 841 19 7C 1E 1B 22 2E 7C
ID: 153, Data: 80 0 0 FF 0 FF 0 0
ID: 316, Data: 841 19 B8 1E 1B 22 2E 7C
ID: 316, Data: 841 19 C4 1E 1B 22 2E 7C
ID: 43F, Data: 843 48 60 FF 6A AC 20 0
ID: 1F0, Data: 8FC 3F FD BF 0 0 0 0
ID: 43F, Data: 843 48 60 FF 6A 7C 20 0
ID: 153, Data: 80 0 0 FF 0 FF 0 0
ID: 316, Data: 849 1A F0 1D 1B 22 2D 7C
ID: 316, Data: 849 1A D9 1D 1B 22 2D 7C
ID: 43F, Data: 843 48 60 FF 6A 28 20 0
ID: 316, Data: 849 1B 95 1D 1B 22 2D 7C
ID: A1, Data: 880 7F 80 7D 1C 0 0 0
ID: 153, Data: 80 0 0 FF 0 FF 0 0
ID: 316, Data: 849 17 53 1D 1B 22 2C 7C
ID: 316, Data: 849 12 48 1D 1B 22 2C 7C
ID: 43F, Data: 843 48 60 FF 6A B0 1F 0
ID: 316, Data: 849 12 53 1D 1B 22 2C 7C
ID: 153, Data: 80 0 0 FF 0 FF 0 0
ID: 329, Data: 8B B0 80 8 11 34 0 26
ID: 316, Data: 849 D 7 1E 1B 22 2C 7C
ID: 316, Data: 849 9 36 1E 1B 22 2B 7C
ID: 153, Data: 80 0 0 FF 0 FF 0 0
ID: 153, Data: 80 0 0 FF 0 FF 0 0
ID: 43F, Data: 843 48 60 FF 6A C0 1E 0
ID: 153, Data: 80 0 0 FF 0 FF 0 0
ID: 43F, Data: 843 48 60 FF 6B B0 1E 0
ID: 316, Data: 849 0 88 1E 1B 22 2B 7C
ID: 545, Data: 8E4 0 0 8D 9C FD 9C FD
ID: 316, Data: 849 0 2A 1E 1B 22 2A 7C
ID: 316, Data: 849 0 FC 1D 1B 22 2A 7C
ID: A1, Data: 880 7F 80 7D 1D 0 0 0
ID: 43F, Data: 843 48 60 FF 6A 1C 1E 0
ID: 316, Data: 849 0 7F 1D 1B 22 2A 7C
ID: A0, Data: 82B 7D AC 1D 2A 2C 4 0
ID: 316, Data: 849 0 1C 1D 1B 22 2A 7C
ID: 1F1, Data: 80 45 47 81 14 4D C1 14
ID: 5F0, Data: 20 0
ID: 43F, Data: 843 48 60 FF 6A 7C 1D 0
ID: 316, Data: 849 0 B1 1C 1B 22 29 7C
ID: 153, Data: 80 0 0 FF 0 FF 0 0
ID: 5F0, Data: 20 0
ID: 1F1, Data: 80 67 42 1 14 46 71 14
ID: 43F, Data: 843 48 60 FF 6A 1C 1D 0
ID: 5F0, Data: 20 0
ID: 260, Data: 80 0 1B 30 58 FF 4E 22
ID: 260, Data: 80 0 1B 30 58 FF 4E 13
ID: 153, Data: 80 0 0 FF 0 FF 0 0
ID: 5F0, Data: 20 0
ID: 153, Data: 80 0 0 FF 0 FF 0 0
ID: 43F, Data: 843 48 60 FF 6B 74 1C 0
ID: 153, Data: 80 0 0 FF 0 FF 0 0
ID: 316, Data: 849 0 A9 1B 1B 22 27 7C
ID: 153, Data: 80 0 0 FF 0 FF 0 0
ID: 316, Data: 849 0 5C 1B 1D 22 27 7C
ID: 316, Data: 849 0 48 1B 1D 22 27 7C
ID: 5F0, Data: 20 0
ID: 316, Data: 849 0 23 1B 1C 22 27 7C
ID: 153, Data: 80 0 0 FF 0 FF 0 0
ID: 316, Data: 849 0 F4 1A 1D 22 27 7C
ID: 316, Data: 849 0 D8 1A 22 22 26 7C
ID: 43F, Data: 843 48 60 FF 6A 7C 1B 0
ID: 43F, Data: 843 48 60 FF 6A 70 1B 0
ID: 260, Data: 80 0 24 30 58 FF 4E 19
ID: 153, Data: 80 0 0 FF 0 FF 0 0
ID: 280, Data: 830 0 20 B0 34 17 65 3F
ID: 153, Data: 80 0 0 FF 0 FF 0 0
ID: 153, Data: 80 0 0 FF 0 FF 0 0
ID: 2A0, Data: 861 7 65 1C 30 0 F 0
ID: 316, Data: 841 C 24 1A 29 22 25 7C
ID: 316, Data: 841 12 24 1A 2F 22 25 7C
ID: 153, Data: 80 0 0 FF 0 FF 0 0
ID: 329, Data: 8B B0 80 8 11 34 9 26
ID: 316, Data: 841 27 F4 1A 32 22 25 7C
ID: 316, Data: 841 29 6 1B 32 21 25 7C
ID: 43F, Data: 843 48 60 FF 6A 18 1B 0
ID: 329, Data: 885 B0 80 8 11 36 9 26
ID: 316, Data: 841 2B A9 1B 32 21 25 7C
ID: 316, Data: 841 2B A9 1B 32 21 25 7C
ID: 43F, Data: 843 48 60 FF 6A 6C 1A 0
ID: 329, Data: 8B B0 80 8 11 36 9 26
ID: 153, Data: 80 0 0 FF 0 FF 0 0
ID: 316, Data: 841 2E 65 1B 32 21 25 7C
ID: 153, Data: 80 0 0 FF 0 FF 0 0
ID: 329, Data: 885 B0 80 8 11 37 9 26
ID: 316, Data: 841 2F 82 1B 32 20 24 7C
ID: 260, Data: 8B 30 32 30 58 FF D1 2F
ID: 370, Data: 8FF DE F0 FF FF FF FF FF
ID: A0, Data: 83A 7D 96 1B 25 2E 2 0
ID: 316, Data: 841 30 9F 1B 31 20 25 7C
ID: 316, Data: 841 30 A9 1B 2F 20 25 7C
ID: 370, Data: 8FF DE F0 FF FF FF FF FF
ID: 18F, Data: 8AA 43 0 0 0 0 0 0
ID: 316, Data: 841 31 B3 1B 2D 20 25 7C
ID: 153, Data: 80 0 0 FF 0 FF 0 0
ID: 2A0, Data: 861 8 65 1C 30 0 F 0
ID: 316, Data: 841 30 D1 1B 24 17 25 7C
ID: 316, Data: 841 2F D1 1B 24 17 25 7C
ID: 43F, Data: 843 48 60 FF 6B B4 1A 0
ID: 545, Data: 8E4 63 0 8D 8E 1 8E 1
ID: 153, Data: 80 0 0 FF 0 FF 0 0
ID: 316, Data: 841 2C 82 1B 12 17 25 7C
ID: 153, Data: 80 0 0 FF 0 FF 0 0
ID: A0, Data: 828 7D 82 1B 25 29 2 0
ID: 329, Data: 8ED B0 80 8 11 2F 0 26
ID: 2A0, Data: 8E0 7 65 1C 30 0 F 0
ID: 5F0, Data: 20 0
ID: 153, Data: 80 0 0 FF 0 FF 0 0
ID: 1F1, Data: 80 45 24 21 12 2A A1 12
ID: 5F0, Data: 20 0
ID: 43F, Data: 843 48 60 FF 6A 80 1A 0
ID: 153, Data: 80 0 0 FF 0 FF 0 0
ID: 260, Data: 8B 19 14 30 58 FF 9F 3D
ID: 316, Data: 81 18 D6 19 14 19 25 7C
ID: 316, Data: 81 16 71 19 14 19 25 7C
ID: 316, Data: 81 16 38 19 14 19 24 7C
ID: 370, Data: 8FF DE F0 FF FF FF FF FF
ID: 316, Data: 81 14 8A 18 15 19 24 7C
ID: 153, Data: 80 0 0 FF 0 FF 0 0
ID: 153, Data: 80 0 0 FF 0 FF 0 0
ID: 43F, Data: 843 48 60 FF 6A 14 1A 0
ID: 153, Data: 80 0 0 FF 0 FF 0 0
ID: 316, Data: 81 15 11 17 16 19 24 7C
ID: 316, Data: 81 16 DB 16 16 19 24 7C
ID: 2A0, Data: 840 6 65 1C 30 0 F 0
ID: 43F, Data: 843 48 60 FF 6A CC 19 0
ID: 153, Data: 80 0 0 FF 0 FF 0 0
ID: 545, Data: 8E4 30 0 8D D3 FF D3 FF
ID: 316, Data: 81 16 58 16 16 19 24 7C
ID: A0, Data: 821 7D 78 16 24 26 2 0
ID: 316, Data: 81 16 EE 15 17 19 23 7C
ID: 316, Data: 81 17 B1 15 17 19 23 7C
ID: 43F, Data: 843 48 60 FF 6A 58 19 0
ID: 370, Data: 8FF DE F0 FF FF FF FF FF
ID: 153, Data: 80 0 0 FF 0 FF 0 0
ID: 316, Data: 89 17 FC 14 18 19 23 7C
ID: 316, Data: 89 18 B9 14 18 19 23 7C
ID: 260, Data: 80 18 18 30 58 FF 4F 3A
ID: 43F, Data: 843 48 60 FF 6B DC 18 0
ID: 260, Data: 80 18 19 30 58 FF 4F 2A
ID: 153, Data: 80 0 0 FF 0 FF 0 0
ID: 280, Data: 830 0 20 B0 28 13 65 34
ID: 153, Data: 80 0 0 FF 0 FF 0 0
ID: 1F0, Data: 8FD 3F FD BF 0 0 0 0
ID: 545, Data: 8E4 27 0 8D BA FF BA FF
ID: 2A0, Data: 820 4 65 1C 30 0 F 0
ID: 316, Data: 89 10 F1 14 18 18 22 7C
ID: 153, Data: 80 0 0 FF 0 FF 0 0
ID: 2A0, Data: 820 4 65 1C 30 0 F 0
ID: 316, Data: 89 C 0 16 16 18 21 7C
ID: 316, Data: 89 C 58 16 16 18 21 7C
ID: 18F, Data: 8AA 3D 0 0 0 0 0 0
ID: 5F0, Data: 20 0
ID: 153, Data: 80 0 0 FF 0 FF 0 0
ID: 260, Data: 80 7 16 30 58 FF 4F 10
ID: 329, Data: 8ED B0 80 8 11 2E 0 26
ID: 43F, Data: 843 48 60 FF 6A 74 17 0
ID: 43F, Data: 843 48 60 FF 6B 68 17 0
ID: 2A0, Data: 8C1 4 65 1C 30 0 F 0
ID: 153, Data: 80 0 0 FF 0 FF 0 0
ID: 316, Data: 89 4 A 17 16 19 20 7C
ID: 153, Data: 80 0 0 FF 0 FF 0 0
ID: 316, Data: 89 0 DB 16 16 19 20 7C
ID: 43F, Data: 843 48 60 FF 6B DC 16 0
ID: 153, Data: 80 0 0 FF 0 FF 0 0
ID: A0, Data: 81D 7D 92 16 20 25 4 0
ID: 316, Data: 89 0 45 16 1D 19 1F 7C
ID: 153, Data: 80 0 0 FF 0 FF 0 0
ID: 153, Data: 80 0 0 FF 0 FF 0 0
ID: 370, Data: 8FF DE F0 FF FF FF FF FF
ID: 545, Data: 8E4 0 0 8D 43 FE 43 FE
ID: 153, Data: 80 0 0 FF 0 FF 0 0
ID: 316, Data: 89 0 9F 15 1E 19 1F 7C
ID: 316, Data: 89 0 8D 15 1E 19 1F 7C
ID: 545, Data: 8E4 0 0 8D 46 FE 46 FE
ID: 316, Data: 89 0 69 15 1E 18 1E 7C
ID: 153, Data: 80 0 0 FF 0 FF 0 0
ID: 2A0, Data: 81 3 65 1C 30 0 F 0
ID: 316, Data: 89 0 2F 15 1E 18 1E 7C
ID: 316, Data: 89 0 13 15 1E 18 1E 7C
ID: 260, Data: 80 0 1F 30 58 FF 4F 3C
ID: 153, Data: 80 0 0 FF 0 FF 0 0
ID: 316, Data: 89 0 BF 14 1F 18 1E 7C
ID: 153, Data: 80 0 0 FF 0 FF 0 0
ID: 153, Data: 80 0 0 FF 0 FF 0 0
ID: 316, Data: 89 0 58 14 1F 18 1D 7C
ID: 153, Data: 80 0 0 FF 0 FF 0 0
ID: 316, Data: 89 0 24 14 1F 18 1D 7C
ID: 153, Data: 80 0 0 FF 0 FF 0 0
ID: 316, Data: 89 0 FA 13 1F 18 1D 7C
ID: 43F, Data: 843 48 60 FF 6A 90 14 0
ID: 329, Data: 8B B0 80 8 11 2E 2 26
ID: 316, Data: 89 0 B9 13 20 18 1C 7C
ID: 316, Data: 81 5 AF 13 20 18 1C 7C
ID: 329, Data: 840 B0 80 8 11 2E 2 26
ID: 153, Data: 80 0 0 FF 0 FF 0 0
ID: 43F, Data: 843 48 60 FF 6A 38 14 0
ID: 43F, Data: 843 48 60 FF 6A 34 14 0
ID: 316, Data: 81 20 F 14 1F 18 1C 7C
ID: 153, Data: 80 0 0 FF 0 FF 0 0
ID: 316, Data: 81 20 5D 14 1F 18 1C 7C
ID: 153, Data: 80 0 0 FF 0 FF 0 0
ID: 316, Data: 81 20 A3 14 1F 18 1C 7C
ID: 440, Data: 8FE 13 1B A0 FF AA AA AA
ID: 2A0, Data: 861 3 65 1C 30 0 F 0
ID: 316, Data: 81 1F 83 14 1F 18 1B 7C
ID: 316, Data: 81 1F 6D 14 1F 18 1B 7C
ID: 1F1, Data: 80 AB D9 90 D DE E0 D
ID: 316, Data: 81 1F 3E 14 1F 18 1B 7C
ID: 1F1, Data: 80 AB D8 70 D DD D0 D
ID: 316, Data: 81 1F A 14 1F 18 1B 7C
ID: 153, Data: 80 0 0 FF 0 FF 0 0
ID: 316, Data: 81 1F 0 14 1F 18 1B 7C
ID: 316, Data: 81 1F FA 13 1F 18 1B 7C
ID: 545, Data: 8E4 38 0 8D 70 0 70 0
ID: 43F, Data: 843 48 60 FF 6A 98 13 0
ID: 43F, Data: 843 48 60 FF 6A 8C 13 0
ID: 260, Data: 8B 1F 20 30 58 FF B6 4
ID: 316, Data: 81 1F E1 13 18 18 1B 7C
ID: 316, Data: 81 1F D7 13 18 18 1B 7C
ID: 43F, Data: 843 48 60 FF 6B 6C 13 0
ID: 316, Data: 81 1F D2 13 18 18 1B 7C
ID: 153, Data: 80 0 0 FF 0 FF 0 0
ID: 316, Data: 81 1E CD 13 18 18 1B 7C
ID: 153, Data: 80 0 0 FF 0 FF 0 0
ID: 153, Data: 80 0 0 FF 0 FF 0 0
ID: 316, Data: 81 1B 6F 13 19 19 1B 7C
ID: 153, Data: 80 0 0 FF 0 FF 0 0
ID: 545, Data: 8E4 2F 0 8D 13 0 13 0
ID: 316, Data: 81 19 C7 12 1A 19 1A 7C
ID: 545, Data: 8E4 2D 0 8D F0 FF F0 FF
ID: 1F0, Data: 8FE 3F FD BF 0 0 0 0
ID: 316, Data: 81 17 E7 11 1B 19 1A 7C
ID: 280, Data: 830 0 84 B0 23 11 65 34
ID: 370, Data: 8FF DE F0 FF FF FF FF FF
ID: 153, Data: 80 0 0 FF 0 FF 0 0
ID: 5F0, Data: 20 0
ID: 153, Data: 80 0 0 FF 0 FF 0 0
ID: 153, Data: 80 0 0 FF 0 FF 0 0
ID: 545, Data: 8E4 2C 0 8D 0 0 0 0
ID: 316, Data: 81 1A C0 10 1D 19 1A 7C
ID: 370, Data: 8FF DE F0 FF FF FF FF FF
ID: A0, Data: 829 7D D9 10 1A 26 2 0
ID: 316, Data: 81 1B C7 10 1C 19 1A 7C
ID: 329, Data: 840 B0 80 8 11 2D 0 26
ID: 43F, Data: 843 48 60 FF 6A 7C 12 0
ID: 316, Data: 81 1B A7 10 1D 19 1A 7C
ID: A1, Data: 88F 7F 8F 7D 1C 0 0 0
ID: 316, Data: 81 1B EF 10 1D 19 19 7C
ID: 153, Data: 80 0 0 FF 0 FF 0 0
ID: A0, Data: 82A 7D A7 10 1A 26 2 0
ID: 329, Data: 8B B0 80 8 11 2D 0 26
ID: 260, Data: 8B 1B 1A 30 58 FF 7B 1D
ID: 1F0, Data: 8FE 3F FD BF 0 0 0 0
ID: 43F, Data: 843 48 60 FF 6B 44 12 0
ID: 316, Data: 81 1B 43 12 19 19 19 7C
ID: 153, Data: 80 0 0 FF 0 FF 0 0
ID: 153, Data: 80 0 0 FF 0 FF 0 0
ID: 316, Data: 81 1A 4 12 19 19 19 7C
ID: 43F, Data: 843 48 60 FF 6B F4 11 0
ID: 316, Data: 81 1A D3 11 1A 19 19 7C
ID: A1, Data: 88D 7F 8D 7D 1B 0 0 0
ID: 153, Data: 80 0 0 FF 0 FF 0 0
ID: 316, Data: 81 1A B2 11 1A 19 19 7C
ID: 153, Data: 80 0 0 FF 0 FF 0 0
ID: 316, Data: 81 1A D3 11 19 19 19 7C
ID: 316, Data: 81 1A CF 11 19 19 19 7C
ID: 18F, Data: 8AA 35 0 0 0 0 0 0
ID: 43F, Data: 843 48 60 FF 6A CC 11 0
ID: 153, Data: 80 0 0 FF 0 FF 0 0
ID: 316, Data: 81 1A A6 11 19 19 18 7C
ID: 5F0, Data: 20 0
ID: 18F, Data: 8AA 35 0 0 0 0 0 0
ID: 260, Data: 8B 1A 19 30 58 FF 7A 1
ID: 153, Data: 80 0 0 FF 0 FF 0 0
ID: A1, Data: 88A 7F 8B 7D 1B 0 0 0
ID: 280, Data: 830 0 84 B0 22 13 65 38
ID: 2A0, Data: 880 1 65 1C 30 0 F 0
ID: 440, Data: 8FE C3 18 A0 FF AA AA AA
ID: 43F, Data: 843 48 60 FF 6A 64 11 0
ID: A0, Data: 825 7D 4D 11 19 25 2 0
ID: 153, Data: 80 0 0 FF 0 FF 0 0
ID: 316, Data: 81 19 9 11 19 19 18 7C
ID: 1F0, Data: 8FD 3F FD BF 0 0 0 0
ID: 153, Data: 80 0 0 FF 0 FF 0 0
ID: 329, Data: 8B B0 80 8 12 2C 0 26
ID: 153, Data: 80 0 0 FF 0 FF 0 0
ID: 329, Data: 840 B0 80 8 12 2C 0 26
ID: 440, Data: 8FE C3 17 A0 FF AA AA AA
ID: 2A0, Data: 840 1 65 1C 30 0 F 0
ID: 5F0, Data: 20 0
ID: 153, Data: 80 0 0 FF 0 FF 0 0
ID: 43F, Data: 843 48 60 FF 6A 54 10 0
ID: 5F0, Data: 20 0
ID: 316, Data: 81 1A 1D 10 1A 1A 17 7C
ID: 153, Data: 80 0 0 FF 0 FF 0 0
ID: 153, Data: 80 0 0 FF 0 FF 0 0
ID: 280, Data: 830 0 84 B0 20 13 66 39
ID: 316, Data: 81 1A 3B 10 1A 1A 16 7C
ID: 153, Data: 80 0 0 FF 0 FF 0 0
ID: 153, Data: 80 0 0 FF 0 FF 0 0
ID: 316, Data: 81 1A DF F 1A 1A 15 7C
ID: 43F, Data: 83 48 60 FF 6B 14 F 0
ID: 316, Data: 81 1A 6B F 1B 1A 15 7C
ID: 316, Data: 81 1A 4D F 1B 1A 15 7C
ID: A1, Data: 882 7F 82 7D 1C 0 0 0
ID: 316, Data: 81 1A EF E 1C 1A 14 7C
ID: 153, Data: 80 0 0 FF 0 FF 0 0
ID: 316, Data: 81 1A C8 E 1C 1A 14 7C
ID: 316, Data: 81 1A BF E 1C 1A 14 7C
ID: 329, Data: 8ED B0 80 8 12 2C 0 26
ID: 1F1, Data: 80 89 94 30 9 97 60 9
ID: 153, Data: 80 0 0 FF 0 FF 0 0
ID: 316, Data: 81 1A 3 E 1D 1B 13 7C
ID: 316, Data: 81 1B CB D 1E 1B 12 7C
ID: 316, Data: 81 1B A4 D 1E 1B 12 7C
ID: 153, Data: 80 0 0 FF 0 FF 0 0
ID: 43F, Data: 83 48 60 FF 6B 40 C 0
ID: 43F, Data: 83 48 60 FF 6B 1C C 0
ID: 153, Data: 80 0 0 FF 0 FF 0 0
ID: 153, Data: 80 0 0 FF 0 FF 0 0
ID: 316, Data: 81 1E 8E C 20 1B 11 7C
ID: 153, Data: 80 0 0 FF 0 FF 0 0
ID: 316, Data: 81 1E 64 C 21 1B 10 7C
ID: 153, Data: 80 0 0 FF 0 FF 0 0
ID: 153, Data: 80 0 0 FF 0 FF 0 0
ID: 316, Data: 81 20 19 C 21 1B F 7C
ID: 43F, Data: 83 48 60 FF 6A 90 A 0
ID: 43F, Data: 83 48 60 FF 6B 6C A 0
ID: 153, Data: 80 0 0 FF 0 FF 0 0
ID: 370, Data: 8FF DE F0 FF FF FF FF FF
ID: 5F0, Data: 20 0
ID: 43F, Data: 83 48 60 FF 6B 80 9 0
ID: A0, Data: 836 7D 3C B E 24 2 0
ID: 153, Data: 80 0 0 FF 0 FF 0 0
ID: 153, Data: 80 0 0 FF 0 FF 0 0
ID: 18F, Data: 8AA 34 0 0 0 0 0 0
ID: 316, Data: 81 23 CF A 24 1A D 7C
ID: 153, Data: 80 0 0 FF 0 FF 0 0
ID: 316, Data: 81 23 92 A 24 1A C 7C
ID: 316, Data: 81 23 83 A 24 1A C 7C
ID: 316, Data: 81 23 73 A 24 19 C 7C
ID: 260, Data: 8B 24 25 30 58 FF 71 20
ID: 153, Data: 80 0 0 FF 0 FF 0 0
ID: 5F0, Data: 20 0
ID: 153, Data: 80 0 0 FF 0 FF 0 0
ID: 43F, Data: 83 48 60 FF 6A 88 7 0
ID: 5F0, Data: 20 0
ID: 43F, Data: 83 48 60 FF 6A 34 7 0
ID: 43F, Data: 8A 48 60 FF 6A 1C 7 0
ID: 43F, Data: 8A 48 60 FF 6A F0 6 0
ID: 43F, Data: 8A 48 60 FF 6A CC 6 0
ID: 153, Data: 80 0 0 FF 0 FF 0 0
ID: 545, Data: 8E4 23 0 8B EC 0 EC 0
ID: 316, Data: 81 26 EC 9 26 19 9 7C
ID: 18F, Data: 8AA 34 0 0 0 0 0 0
ID: 43F, Data: 8A 48 60 FF 6A 34 7 0
ID: 2A0, Data: 840 0 66 1C 30 0 F 0
ID: 153, Data: 80 0 0 FF 0 FF 0 0
ID: 43F, Data: 8A 48 60 FF 6A 9C 8 0
ID: A0, Data: 835 7D 24 A 8 23 2 0
ID: 153, Data: 80 0 0 FF 0 FF 0 0
ID: 316, Data: 81 25 54 A 24 19 7 7C
ID: 440, Data: 8FE 22 7 A0 FF AA AA AA
ID: 18F, Data: 8AA 34 0 0 0 0 0 0
ID: 316, Data: 81 25 6E A 24 19 7 7C
ID: 153, Data: 80 0 0 FF 0 FF 0 0
ID: 316, Data: 81 24 65 A 24 19 6 7C
ID: 43F, Data: 82 48 60 FF 6A 38 6 0
ID: 440, Data: 8E5 22 5 A0 FF AA AA AA
ID: 316, Data: 81 24 42 A 25 19 6 7C
ID: 153, Data: 80 0 0 FF 0 FF 0 0
ID: 316, Data: 81 24 23 A 25 19 5 7C
ID: 153, Data: 80 0 0 FF 0 FF 0 0
ID: 153, Data: 80 0 0 FF 0 FF 0 0
ID: 43F, Data: 82 48 60 FF 6A EC 4 0
ID: 2A0, Data: 840 0 66 1C 30 0 F 0
ID: 1F0, Data: 81A 40 FD BF 0 0 0 0
ID: 153, Data: 80 0 0 FF 0 FF 0 0
ID: 5F0, Data: 20 0
ID: A0, Data: 836 7D 1 A 5 23 2 0
ID: 18F, Data: 8AA 34 0 0 0 0 0 0
ID: 316, Data: 81 25 FD 9 25 19 4 7C
ID: 316, Data: 81 25 1 A 25 19 4 7C
ID: 316, Data: 81 25 B A 25 19 3 7C
ID: 316, Data: 81 25 14 A 25 19 3 7C
ID: 280, Data: 830 0 84 B1 14 1B 66 4D
ID: 260, Data: 8B 25 25 30 58 FF 75 3A
ID: 316, Data: 81 25 1F A 25 19 3 7C
ID: 18F, Data: 8AA 34 0 0 0 0 0 0
ID: 43F, Data: 82 48 60 FF 6B D4 2 0
ID: 260, Data: 8B 25 26 30 58 FF 74 D
ID: 5F0, Data: 20 0
ID: 43F, Data: 82 48 60 FF 6A 84 2 0
ID: 370, Data: 8FF DE F0 FF FF FF FF FF
ID: 316, Data: 81 25 F A 25 19 2 7C
ID: 153, Data: 80 0 0 FF 0 FF 0 0
ID: 153, Data: 80 0 0 FF 0 FF 0 0
ID: 260, Data: 8B 25 26 30 58 FF 75 2A
ID: 329, Data: 8ED B1 80 8 12 2B 0 26
ID: 316, Data: 81 25 19 A 25 19 2 7C
ID: 316, Data: 81 25 19 A 25 19 2 7C
ID: 1F1, Data: 80 22 C D0 0 D E0 0
ID: 18F, Data: 8AA 34 0 0 0 0 0 0
ID: 2A0, Data: 820 0 66 1C 30 0 F 0
ID: 43F, Data: 89 48 60 FF 6A 8C 1 0
ID: 316, Data: 81 24 E A 25 19 1 7C
ID: 2A0, Data: 880 0 66 1C 30 0 F 0
ID: A0, Data: 835 7D A A 2 23 2 0
ID: 43F, Data: 89 48 60 FF 6A 30 1 0
ID: 545, Data: 8E4 21 0 8C CB 0 CB 0
ID: 153, Data: 80 0 0 FF 0 FF 0 0
ID: 43F, Data: 89 48 60 FF 6A F8 0 0
ID: A1, Data: 87E 7E 87 7E 24 0 0 0
ID: 153, Data: 80 0 0 FF 0 FF 0 0
ID: 5F0, Data: 20 0
ID: A0, Data: 835 7D 1D A 1 23 2 0
ID: A0, Data: 835 7D 1D A 1 23 2 0
ID: 260, Data: 8B 25 25 30 58 FF 72 1F
ID: 280, Data: 830 0 84 B1 14 1B 66 4C
ID: 153, Data: 80 0 0 FF 0 FF 0 0
ID: 316, Data: 81 24 19 A 25 19 0 7C
ID: 316, Data: 81 24 E A 25 19 0 7C
ID: 316, Data: 81 24 6 A 25 19 0 7C
ID: 329, Data: 8ED B1 80 8 12 2B 0 26
ID: 545, Data: 8E4 21 0 8C C6 0 C6 0
ID: 43F, Data: 89 48 60 FF 6A 0 0 0
ID: 43F, Data: 89 48 60 FF 6A 0 0 0
ID: 5F0, Data: 20 0
ID: 316, Data: 81 24 FC 9 26 19 0 7C
ID: 43F, Data: 89 48 60 FF 6A 0 0 0
ID: 43F, Data: 89 48 60 FF 6A 0 0 0
ID: 316, Data: 81 25 7 A 26 19 0 7C
ID: 316, Data: 81 24 C A 25 19 0 7C
ID: 316, Data: 81 24 F A 25 19 0 7C
ID: 280, Data: 830 0 84 B1 14 1B 66 4D
ID: 260, Data: 8B 25 26 30 58 FF 74 3A
ID: 43F, Data: 89 48 60 FF 6A 0 0 0
ID: 280, Data: 830 0 84 B1 14 1B 66 4D
ID: 2A0, Data: 8E0 0 66 1C 30 0 F 0
ID: 153, Data: 80 0 0 FF 0 FF 0 0
ID: 316, Data: 81 24 B A 25 19 0 7C
ID: 153, Data: 80 0 0 FF 0 FF 0 0
ID: 316, Data: 81 24 1F A 25 19 0 7C
ID: 43F, Data: 81 48 60 FF 6A 0 0 0
ID: 43F, Data: 81 48 60 FF 6A 0 0 0
ID: 43F, Data: 81 48 60 FF 6A 0 0 0
ID: 43F, Data: 81 48 60 FF 6B 0 0 0
ID: 43F, Data: 81 48 60 FF 6B 0 0 0
ID: 316, Data: 81 24 2A A 25 19 0 7C
ID: 316, Data: 81 24 34 A 25 19 0 7C
ID: 316, Data: 81 24 36 A 25 19 0 7C
ID: 260, Data: 8B 24 25 30 58 FF 71 11
ID: 1F0, Data: 819 40 FD BF 0 0 0 0
ID: 370, Data: 8FF DE F0 FF FF FF FF FF
ID: 440, Data: 8A6 E1 0 A0 FF AA AA AA
ID: 1F0, Data: 819 40 FD BF 0 0 0 0
ID: 316, Data: 81 24 39 A 25 19 0 7C
ID: 316, Data: 81 24 23 A 25 19 0 7C
ID: 260, Data: 8B 25 25 30 58 FF 70 20
ID: 43F, Data: 81 48 60 FF 6A 0 0 0
ID: 370, Data: 8FF DE F0 FF FF FF FF FF
ID: 43F, Data: 81 48 60 FF 6B 0 0 0
ID: 316, Data: 81 25 41 A 25 19 0 7C
ID: 153, Data: 80 0 0 FF 0 FF 0 0
ID: 153, Data: 80 0 0 FF 0 FF 0 0
ID: 316, Data: 81 24 57 A 25 19 0 7C
ID: 43F, Data: 81 48 60 FF 6B 0 0 0
ID: 43F, Data: 81 48 60 FF 6B 0 0 0
ID: 153, Data: 80 0 0 FF 0 FF 0 0
ID: 43F, Data: 81 48 60 FF 6A 0 0 0
ID: 153, Data: 80 0 0 FF 0 FF 0 0
ID: 5F0, Data: 20 0
ID: 18F, Data: 8AA 35 0 0 0 0 0 0
ID: 260, Data: 8B 24 25 30 58 FF 71 2
ID: 316, Data: 81 24 3C A 25 19 0 7C
ID: 153, Data: 80 0 0 FF 0 FF 0 0
ID: 316, Data: 81 24 3D A 25 19 0 7C
ID: 18F, Data: 8AA 35 0 0 0 0 0 0
ID: 316, Data: 81 24 32 A 2E 22 0 7C
ID: 370, Data: 8FF DE F0 FF FF FF FF FF
ID: 153, Data: 80 0 0 FF 0 FF 0 0
ID: 329, Data: 840 B1 80 8 12 2C 0 26
ID: 316, Data: 81 25 20 A 2C 22 0 7C
ID: 2A0, Data: 8E0 0 66 1C 30 0 F 0
ID: 153, Data: 80 0 0 FF 0 FF 0 0
ID: 153, Data: 80 0 0 FF 0 FF 0 0
ID: A0, Data: 83C 7D 51 A 0 25 2 0
ID: 316, Data: 81 27 5F A 2C 22 0 7C
ID: 316, Data: 81 27 75 A 2B 22 0 7C
ID: 329, Data: 840 B1 80 8 12 2C 0 26
ID: 43F, Data: 81 48 60 FF 6A 0 0 0
ID: 43F, Data: 81 48 60 FF 6B 0 0 0
ID: 153, Data: 80 0 0 FF 0 FF 0 0
ID: 43F, Data: 81 48 60 FF 6A 0 0 0
ID: 153, Data: 80 0 0 FF 0 FF 0 0
ID: 316, Data: 841 2A 3 A 2C 22 0 7C
ID: 153, Data: 80 0 0 FF 0 FF 0 0
ID: 153, Data: 80 0 0 FF 0 FF 0 0
ID: 153, Data: 80 0 0 FF 0 FF 0 0
ID: 18F, Data: 8AA 36 0 0 0 0 0 0
ID: 316, Data: 841 2B F4 9 2C 21 0 7C
ID: 316, Data: 841 2B A A 2C 21 0 7C
ID: 153, Data: 80 0 0 FF 0 FF 0 0
ID: 153, Data: 80 0 0 FF 0 FF 0 0
ID: 280, Data: 830 0 84 B1 14 1E 66 56
ID: 370, Data: 8FF DE F0 FF FF FF FF FF
ID: 153, Data: 80 0 0 FF 0 FF 0 0
ID: 316, Data: 841 2B 38 A 2B 22 0 7C
ID: 316, Data: 841 2A 3C A 2B 22 0 7C
ID: 329, Data: 885 B1 80 8 12 2C 0 26
ID: 1F1, Data: 80 23 0 0 0 0 0 0
ID: 153, Data: 80 0 0 FF 0 FF 0 0
ID: 5F0, Data: 20 0
ID: 2A0, Data: 840 0 66 1C 30 0 F 0
ID: 280, Data: 830 0 84 B1 14 1E 66 54
ID: 2A0, Data: 840 0 66 1C 30 0 F 0
ID: 43F, Data: 81 48 60 FF 6B 0 0 0
ID: 43F, Data: 81 48 60 FF 6A 0 0 0
ID: 153, Data: 80 0 0 FF 0 FF 0 0
ID: 316, Data: 841 2A 13 A 2C 22 0 7C
ID: 153, Data: 80 0 0 FF 0 FF 0 0
ID: 316, Data: 841 2A A A 2C 22 0 7C
ID: 316, Data: 841 2A 3 A 2C 22 0 7C
ID: 153, Data: 80 0 0 FF 0 FF 0 0
ID: 280, Data: 830 0 84 B1 14 1E 66 54
ID: 316, Data: 841 2A FE 9 2C 22 0 7C
ID: 316, Data: 841 2A 2 A 2C 22 0 7C
ID: 316, Data: 841 2A 6 A 2C 22 0 7C
ID: 153, Data: 80 0 0 FF 0 FF 0 0
ID: 316, Data: 841 2A FC 9 2C 22 0 7C
ID: 1F1, Data: 80 23 0 0 0 0 0 0
ID: 153, Data: 80 0 0 FF 0 FF 0 0
ID: 316, Data: 841 2A F5 9 2C 22 0 7C
ID: 43F, Data: 81 48 60 FF 6B 0 0 0
ID: 316, Data: 841 2A EF 9 2C 22 0 7C
ID: 440, Data: 8AE 41 0 A0 FF AA AA AA
ID: 260, Data: 8B 2A 2D 30 58 FF 76 1E
ID: 316, Data: 841 2A F7 9 2C 22 0 7C
ID: A0, Data: 83C 7D F7 9 0 24 2 0
ID: 43F, Data: 81 48 60 FF 6B 0 0 0
ID: 153, Data: 80 0 0 FF 0 FF 0 0
ID: 43F, Data: 81 48 60 FF 6A 0 0 0
ID: 153, Data: 80 0 0 FF 0 FF 0 0
ID: 153, Data: 80 0 0 FF 0 FF 0 0
ID: 545, Data: 8E4 24 0 8C 99 0 99 0
ID: 316, Data: 841 2A FE 9 2C 22 0 7C
ID: 260, Data: 8B 2B 2D 30 58 FF 75 F
ID: 153, Data: 80 0 0 FF 0 FF 0 0
ID: 316, Data: 841 2A E1 9 2D 21 0 7C
ID: 1F1, Data: 80 23 0 0 0 0 0 0
ID: 1F0, Data: 819 40 FD BF 0 0 0 0
ID: 43F, Data: 81 48 60 FF 6A 0 0 0
ID: 153, Data: 80 0 0 FF 0 FF 0 0
ID: 316, Data: 841 2A 10 A 2C 22 0 7C
ID: 153, Data: 80 0 0 FF 0 FF 0 0
ID: 153, Data: 80 0 0 FF 0 FF 0 0
ID: 316, Data: 841 2A 1C A 2C 22 0 7C
ID: 153, Data: 80 0 0 FF 0 FF 0 0
ID: 316, Data: 841 2A 26 A 2C 22 0 7C
ID: 43F, Data: 81 48 60 FF 6B 0 0 0
ID: 316, Data: 841 2A 2E A 2C 22 0 7C
ID: 316, Data: 841 2A 2D A 2C 22 0 7C
ID: A0, Data: 83A 7D 29 A 0 25 2 0
ID: 316, Data: 841 2A 2C A 2C 22 0 7C
ID: 153, Data: 80 0 0 FF 0 FF 0 0
ID: 316, Data: 841 2A 2A A 2C 22 0 7C
ID: 1F1, Data: 80 23 0 0 0 0 0 0
ID: 153, Data: 80 0 0 FF 0 FF 0 0
ID: 43F, Data: 81 48 60 FF 6B 0 0 0
ID: 43F, Data: 81 48 60 FF 6B 0 0 0
ID: 43F, Data: 81 48 60 FF 6B 0 0 0
ID: 153, Data: 80 0 0 FF 0 FF 0 0
ID: 153, Data: 80 0 0 FF 0 FF 0 0
ID: 153, Data: 80 0 0 FF 0 FF 0 0
ID: 43F, Data: 81 48 60 FF 6B 0 0 0
ID: 316, Data: 841 2B 28 A 2C 22 0 7C
ID: 316, Data: 841 2B 29 A 2C 22 0 7C
ID: 5F0, Data: 20 0
ID: 440, Data: 8AE E1 0 A0 FF AA AA AA
ID: 316, Data: 841 2A F A 2C 22 0 7C
ID: 316, Data: 841 2A 12 A 2C 22 0 7C
ID: 18F, Data: 8AA 3F 0 0 0 0 0 0
ID: 43F, Data: 81 48 60 FF 6B 0 0 0
ID: 153, Data: 80 0 0 FF 0 FF 0 0
ID: 43F, Data: 81 48 60 FF 6B 0 0 0
ID: 18F, Data: 8AA 40 0 0 0 0 0 0
ID: 18F, Data: 8AA 40 0 0 0 0 0 0
ID: 329, Data: 885 B1 80 8 12 2C 0 26
ID: 153, Data: 80 0 0 FF 0 FF 0 0
ID: 2A0, Data: 8E0 0 66 1C 30 0 F 0
ID: 316, Data: 841 2B 12 A 2C 21 0 7C
ID: 316, Data: 841 2B 17 A 2C 22 0 7C
ID: 153, Data: 80 0 0 FF 0 FF 0 0
ID: 43F, Data: 81 48 60 FF 6A 0 0 0
ID: 43F, Data: 81 48 60 FF 6B 0 0 0
ID: 5F0, Data: 20 0
ID: 316, Data: 841 2B 17 A 2C 22 0 7C
ID: 43F, Data: 81 48 60 FF 6B 0 0 0
ID: 43F, Data: 81 48 60 FF 6B 0 0 0
ID: 43F, Data: 81 48 60 FF 6B 0 0 0
ID: 316, Data: 841 2B 23 A 2C 22 0 7C
ID: 316, Data: 841 2B 21 A 2C 22 0 7C
ID: 370, Data: 8FF DE F0 FF FF FF FF FF
ID: 316, Data: 841 2A 1F A 2C 22 0 7C
ID: A0, Data: 83C 7E 1D A 0 24 2 0
ID: 43F, Data: 81 48 60 FF 6B 0 0 0
ID: 1F0, Data: 819 40 FD BF 0 0 0 0
ID: 153, Data: 80 0 0 FF 0 FF 0 0
ID: 316, Data: 841 2A 14 A 2C 22 0 7C
ID: 153, Data: 80 0 0 FF 0 FF 0 0
ID: 316, Data: 841 2B F7 9 2C 21 0 7C
ID: 153, Data: 80 0 0 FF 0 FF 0 0
ID: 153, Data: 80 0 0 FF 0 FF 0 0
ID: 43F, Data: 81 48 60 FF 6B 0 0 0
ID: 43F, Data: 81 48 60 FF 6B 0 0 0
ID: 43F, Data: 81 48 60 FF 6B 0 0 0
ID: 153, Data: 80 0 0 FF 0 FF 0 0
ID: 153, Data: 80 0 0 FF 0 FF 0 0
ID: 153, Data: 80 0 0 FF 0 FF 0 0
ID: 43F, Data: 81 48 60 FF 6B 0 0 0
ID: 316, Data: 841 2B 8 A 2C 21 0 7C
ID: 329, Data: 840 B2 80 8 12 2C 0 26
ID: A0, Data: 83D 7E 8 A 0 24 2 0
ID: 43F, Data: 81 48 60 FF 6B 0 0 0
ID: 43F, Data: 81 48 60 FF 6B 0 0 0
ID: 153, Data: 80 0 0 FF 0 FF 0 0
ID: 153, Data: 80 0 0 FF 0 FF 0 0
ID: A1, Data: 881 80 7A 7F 29 0 0 0
ID: 329, Data: 8B B2 80 8 12 2C 0 26
ID: 370, Data: 8FF DE F0 FF FF FF FF FF
ID: 370, Data: 8FF DE F0 FF FF FF FF FF
ID: 153, Data: 80 0 0 FF 0 FF 0 0
ID: 43F, Data: 81 48 60 FF 6B 0 0 0
ID: 153, Data: 80 0 0 FF 0 FF 0 0
ID: 43F, Data: 81 48 60 FF 6B 0 0 0
ID: 2A0, Data: 840 0 66 1C 30 0 F 0
ID: 2A0, Data: 8E0 0 66 1C 30 0 F 0
ID: 18F, Data: 8AA 43 0 0 0 0 0 0
ID: A0, Data: 83C 7E 18 A 0 24 2 0
ID: 545, Data: 8E4 25 0 8C A0 0 A0 0
ID: 316, Data: 841 2B 1B A 2C 22 0 7C
ID: 18F, Data: 8AA 43 0 0 0 0 0 0
ID: 43F, Data: 81 48 60 FF 6B 0 0 0
ID: 43F, Data: 81 48 60 FF 6B 0 0 0
ID: 43F, Data: 81 48 60 FF 6B 0 0 0
ID: 153, Data: 80 0 0 FF 0 FF 0 0
ID: 5F0, Data: 20 0
ID: 153, Data: 80 0 0 FF 0 FF 0 0
ID: A0, Data: 83B 7E 20 A 0 24 2 0
ID: 316, Data: 841 2A 18 A 2C 22 0 7C
ID: 316, Data: 841 2A E A 2C 22 0 7C
ID: A1, Data: 880 80 7C 7F 28 0 0 0
ID: 153, Data: 80 0 0 FF 0 FF 0 0
ID: 316, Data: 841 2A F A 2C 22 0 7C
ID: 43F, Data: 81 48 60 FF 6B 0 0 0
ID: 316, Data: 841 2A 10 A 2C 21 0 7C
ID: 316, Data: 841 2A 1B A 2C 22 0 7C
ID: 153, Data: 80 0 0 FF 0 FF 0 0
ID: A0, Data: 83C 7E 10 A 0 24 2 0
ID: 316, Data: 841 2A 20 A 2C 22 0 7C
ID: 370, Data: 8FF DE F0 FF FF FF FF FF
ID: 260, Data: 8B 2B 2D 30 58 FF 72 3F
ID: 153, Data: 80 0 0 FF 0 FF 0 0
ID: 153, Data: 80 0 0 FF 0 FF 0 0
ID: 545, Data: 8E4 24 0 8C 9B 0 9B 0
ID: 316, Data: 841 2A C A 2D 22 0 7C
ID: 280, Data: 830 0 84 B2 14 1E 66 55
ID: A1, Data: 87E 80 7C 7F 28 0 0 0
ID: 316, Data: 841 2A 3 A 2D 21 0 7C
ID: 5F0, Data: 20 0
ID: 316, Data: 841 2A FA 9 2D 21 0 7C
ID: 43F, Data: 81 48 60 FF 6B 0 0 0
ID: 545, Data: 8E4 23 0 8B A0 0 A0 0
ID: 370, Data: 8FF DE F0 FF FF FF FF FF
ID: 153, Data: 80 0 0 FF 0 FF 0 0
ID: 280, Data: 830 0 84 B2 14 1E 66 56
ID: 316, Data: 841 2B E A 2D 21 0 7C
ID: 43F, Data: 81 48 60 FF 6B 0 0 0
ID: 153, Data: 80 0 0 FF 0 FF 0 0
ID: 153, Data: 80 0 0 FF 0 FF 0 0
ID: 153, Data: 80 0 0 FF 0 FF 0 0
ID: 260, Data: 8B 2B 2D 30 58 FF 74 0
ID: 316, Data: 841 2B 7 A 2D 21 0 7C
ID: 43F, Data: 81 48 60 FF 6B 0 0 0
ID: 43F, Data: 81 48 60 FF 6B 0 0 0
ID: 43F, Data: 81 48 60 FF 6B 0 0 0
ID: 43F, Data: 81 48 60 FF 6B 0 0 0
ID: 43F, Data: 81 48 60 FF 6B 0 0 0
ID: 153, Data: 80 0 0 FF 0 FF 0 0
ID: 316, Data: 841 2A 2E A 2C 22 0 7C
ID: 153, Data: 80 0 0 FF 0 FF 0 0
ID: 153, Data: 80 0 0 FF 0 FF 0 0
ID: 316, Data: 841 2A 2A A 2C 22 0 7C
ID: 153, Data: 80 0 0 FF 0 FF 0 0
ID: 316, Data: 841 2A 1B A 2C 22 0 7C
ID: 370, Data: 8FF DE F0 FF FF FF FF FF
ID: 316, Data: 841 2A 1B A 2C 22 0 7C
ID: 5F0, Data: 20 0
ID: 1F0, Data: 819 40 FD BF 0 0 0 0
ID: 43F, Data: 81 48 60 FF 6B 0 0 0
ID: 153, Data: 80 0 0 FF 0 FF 0 0
ID: 43F, Data: 81 48 60 FF 6B 0 0 0
ID: 153, Data: 80 0 0 FF 0 FF 0 0
ID: 316, Data: 841 2A 14 A 2C 21 0 7C
ID: 153, Data: 80 0 0 FF 0 FF 0 0
ID: 153, Data: 80 0 0 FF 0 FF 0 0
ID: 316, Data: 841 2A F A 2D 21 0 7C
ID: 43F, Data: 81 48 60 FF 6B 0 0 0
ID: 440, Data: 8AD 91 0 A0 FF AA AA AA
ID: 43F, Data: 81 48 60 FF 6B 0 0 0
ID: 545, Data: 8E4 24 0 8B A2 0 A2 0
ID: 260, Data: 8B 2B 2D 30 58 FF 74 2E
ID: 153, Data: 80 0 0 FF 0 FF 0 0
ID: 316, Data: 841 2B A A 25 18 0 7C
ID: 316, Data: 841 2B E A 25 18 0 7C
ID: 153, Data: 80 0 0 FF 0 FF 0 0
ID: 329, Data: 840 B2 80 8 12 2B 0 26
ID: 153, Data: 80 0 0 FF 0 FF 0 0
ID: 260, Data: 8B 29 25 30 58 FF 75 27
ID: 440, Data: 8A6 91 0 A0 FF AA AA AA
ID: 5F0, Data: 20 0
ID: 316, Data: 841 28 F A 25 19 0 7C
ID: 43F, Data: 81 48 60 FF 6B 0 0 0
ID: 316, Data: 81 27 FD 9 26 19 0 7C
ID: 329, Data: 8B B2 80 8 12 2A 0 26
ID: A0, Data: 835 7E 7 A 0 23 2 0
ID: 43F, Data: 81 48 60 FF 6B 0 0 0
ID: 260, Data: 8B 26 24 30 58 FF 70 20
ID: A1, Data: 880 7E 80 7E 26 0 0 0
ID: 43F, Data: 81 48 60 FF 6B 0 0 0
ID: 43F, Data: 81 48 60 FF 6B 0 0 0
ID: 316, Data: 81 24 9D A 23 19 0 7C
ID: 316, Data: 81 23 9A A 23 19 0 7C
ID: 545, Data: 8E4 20 0 8C B2 0 B2 0
ID: 43F, Data: 81 48 60 FF 6B 0 0 0
ID: 43F, Data: 81 48 60 FF 6B 0 0 0
ID: 43F, Data: 81 48 60 FF 6B 0 0 0
ID: 43F, Data: 81 48 60 FF 6B 0 0 0
ID: 43F, Data: 81 48 60 FF 6B 0 0 0
ID: 153, Data: 80 0 0 FF 0 FF 0 0
ID: 316, Data: 81 23 30 A 25 19 0 7C
ID: 153, Data: 80 0 0 FF 0 FF 0 0
ID: 316, Data: 81 23 18 A 25 19 0 7C
ID: 153, Data: 80 0 0 FF 0 FF 0 0
ID: 316, Data: 81 23 13 A 25 19 0 7C
ID: 153, Data: 80 0 0 FF 0 FF 0 0
ID: 153, Data: 80 0 0 FF 0 FF 0 0
ID: 43F, Data: 81 48 60 FF 6B 0 0 0
ID: 153, Data: 80 0 0 FF 0 FF 0 0
ID: 43F, Data: 81 48 60 FF 6B 0 0 0
ID: 260, Data: 8B 23 25 30 58 FF 74 2E
ID: 18F, Data: 8AA 43 0 0 0 0 0 0
ID: 5F0, Data: 20 0
ID: 153, Data: 80 0 0 FF 0 FF 0 0
ID: 153, Data: 80 0 0 FF 0 FF 0 0
ID: 545, Data: 8E4 1E 0 8C B4 0 B4 0
ID: 43F, Data: 81 48 60 FF 6B 0 0 0
ID: 545, Data: 8E4 1E 0 8B B4 0 B4 0
ID: A0, Data: 834 7E 13 A 0 23 2 0
ID: 153, Data: 80 0 0 FF 0 FF 0 0
ID: 43F, Data: 81 48 60 FF 6B 0 0 0
ID: 260, Data: 8B 23 25 30 58 FF 73 3E
ID: 260, Data: 8B 24 25 30 58 FF 73 0
ID: 43F, Data: 81 48 60 FF 6B 0 0 0
ID: 440, Data: 8A6 41 0 A0 FF AA AA AA
ID: 329, Data: 8ED B2 80 8 12 2A 0 26
ID: 1F0, Data: 819 40 FD BF 0 0 0 0
ID: 153, Data: 80 0 0 FF 0 FF 0 0
ID: 316, Data: 81 23 F3 9 25 19 0 7C
ID: 153, Data: 80 0 0 FF 0 FF 0 0
ID: 316, Data: 81 23 17 A 25 19 0 7C
ID: 43F, Data: 81 48 60 FF 6B 0 0 0
ID: 43F, Data: 81 48 60 FF 6B 0 0 0
ID: 316, Data: 81 23 39 A 25 19 0 7C
ID: 316, Data: 81 23 42 A 25 19 0 7C
ID: 260, Data: 8B 24 25 30 58 FF 70 30
ID: 43F, Data: 81 48 60 FF 6B 0 0 0
ID: 153, Data: 80 0 0 FF 0 FF 0 0
ID: 316, Data: 81 23 30 A 25 19 0 7C
ID: 43F, Data: 81 48 60 FF 6B 0 0 0
ID: 43F, Data: 81 48 60 FF 6B 0 0 0
ID: 43F, Data: 81 48 60 FF 6B 0 0 0
ID: 153, Data: 80 0 0 FF 0 FF 0 0
ID: 329, Data: 8ED B2 80 8 12 2A 0 26
ID: 5F0, Data: 20 0
ID: 2A0, Data: 840 0 66 1C 30 0 F 0
ID: 280, Data: 830 0 84 B2 14 1A 66 4C
ID: 2A0, Data: 840 0 66 1C 30 0 F 0
ID: 153, Data: 80 0 0 FF 0 FF 0 0
ID: 316, Data: 81 23 31 A 25 19 0 7C
ID: 43F, Data: 81 48 60 FF 6B 0 0 0
ID: 43F, Data: 81 48 60 FF 6B 0 0 0
ID: 43F, Data: 81 48 60 FF 6B 0 0 0
ID: 153, Data: 80 0 0 FF 0 FF 0 0
ID: 43F, Data: 81 48 60 FF 6B 0 0 0
ID: 153, Data: 80 0 0 FF 0 FF 0 0
ID: 153, Data: 80 0 0 FF 0 FF 0 0
ID: 153, Data: 80 0 0 FF 0 FF 0 0
ID: A1, Data: 884 7E 7B 7E 24 0 0 0
ID: 329, Data: 885 B2 80 8 12 2A 0 26
ID: 545, Data: 8E4 1F 0 8C B2 0 B2 0
ID: 43F, Data: 81 48 60 FF 6B 0 0 0
ID: 1F1, Data: 80 23 0 0 0 0 0 0
ID: 43F, Data: 81 48 60 FF 6B 0 0 0
ID: 153, Data: 80 0 0 FF 0 FF 0 0
ID: 153, Data: 80 0 0 FF 0 FF 0 0
ID: 18F, Data: 8AA 3F 0 0 0 0 0 0
ID: 43F, Data: 81 48 60 FF 6B 0 0 0
ID: 316, Data: 81 23 32 A 25 19 0 7C
ID: 316, Data: 81 23 29 A 25 19 0 7C
ID: 316, Data: 81 23 29 A 25 19 0 7C
ID: A0, Data: 833 7E 34 A 0 23 2 0
ID: 43F, Data: 81 48 60 FF 6B 0 0 0
ID: 43F, Data: 81 48 60 FF 6B 0 0 0
ID: 153, Data: 80 0 0 FF 0 FF 0 0
ID: 43F, Data: 81 48 60 FF 6B 0 0 0
ID: A1, Data: 882 7E 79 7E 24 0 0 0
ID: A1, Data: 882 7E 79 7E 24 0 0 0
ID: 153, Data: 80 0 0 FF 0 FF 0 0
ID: 153, Data: 80 0 0 FF 0 FF 0 0
ID: 18F, Data: 8AA 3E 0 0 0 0 0 0
ID: 316, Data: 81 23 2A A 25 19 0 7C
ID: 153, Data: 80 0 0 FF 0 FF 0 0
ID: 316, Data: 81 23 20 A 25 19 0 7C
ID: 153, Data: 80 0 0 FF 0 FF 0 0
ID: 316, Data: 81 23 21 A 25 19 0 7C
ID: 370, Data: 8FF DE F0 FF FF FF FF FF
ID: 316, Data: 81 23 26 A 25 19 0 7C
ID: 316, Data: 81 23 1B A 25 19 0 7C
ID: 5F0, Data: 20 0
ID: 316, Data: 81 23 18 A 25 19 0 7C
ID: 153, Data: 80 0 0 FF 0 FF 0 0
ID: 280, Data: 830 0 84 B2 14 1A 66 4D
ID: 1F1, Data: 80 23 0 0 0 0 0 0
ID: A0, Data: 834 7E 18 A 0 23 2 0
ID: 316, Data: 81 23 15 A 25 19 0 7C
ID: 316, Data: 81 23 23 A 25 19 0 7C
ID: 545, Data: 8E4 1F 0 8C B9 0 B9 0
ID: 153, Data: 80 0 0 FF 0 FF 0 0
ID: 316, Data: 81 23 47 A 24 19 0 7C
ID: A1, Data: 87D 7E 7B 7E 24 0 0 0
ID: 153, Data: 80 0 0 FF 0 FF 0 0
ID: 1F0, Data: 819 40 FD BF 0 0 0 0
ID: 43F, Data: 81 48 60 FF 6B 0 0 0
ID: 370, Data: 8FF DE F0 FF FF FF FF FF
ID: 43F, Data: 81 48 60 FF 6B 0 0 0
ID: 316, Data: 81 23 30 A 25 19 0 7C
ID: 280, Data: 830 0 84 B2 14 1A 66 4C
ID: 153, Data: 80 0 0 FF 0 FF 0 0
ID: 316, Data: 81 23 18 A 25 19 0 7C
ID: 153, Data: 80 0 0 FF 0 FF 0 0
ID: 316, Data: 81 23 1B A 25 19 0 7C
ID: 153, Data: 80 0 0 FF 0 FF 0 0
ID: 153, Data: 80 0 0 FF 0 FF 0 0
ID: 43F, Data: 81 48 60 FF 6B 0 0 0
ID: 43F, Data: 81 48 60 FF 6B 0 0 0
ID: 43F, Data: 81 48 60 FF 6B 0 0 0
ID: 153, Data: 80 0 0 FF 0 FF 0 0
ID: 153, Data: 80 0 0 FF 0 FF 0 0
ID: A1, Data: 87B 7E 7B 7E 24 0 0 0
ID: 316, Data: 81 23 19 A 25 19 0 7C
ID: 545, Data: 8E4 1D 0 8C BA 0 BA 0
ID: 370, Data: 8FF DE F0 FF FF FF FF FF
ID: 316, Data: 81 23 1C A 25 19 0 7C
ID: 280, Data: 830 0 84 B2 14 1A 66 4D
ID: 153, Data: 80 0 0 FF 0 FF 0 0
ID: 43F, Data: 81 48 60 FF 6B 0 0 0
ID: 153, Data: 80 0 0 FF 0 FF 0 0
ID: 316, Data: 81 23 34 A 25 19 0 7C
ID: 153, Data: 80 0 0 FF 0 FF 0 0
ID: 153, Data: 80 0 0 FF 0 FF 0 0
ID: 370, Data: 8FF DE F0 FF FF FF FF FF
ID: 260, Data: 8B 24 25 30 58 FF 70 3
ID: 316, Data: 81 23 30 A 25 19 0 7C
ID: 280, Data: 830 0 84 B2 14 1A 66 4D
ID: A0, Data: 834 7E 30 A 0 23 2 0
ID: 316, Data: 81 23 29 A 25 19 0 7C
ID: 153, Data: 80 0 0 FF 0 FF 0 0
ID: 316, Data: 81 24 34 A 25 19 0 7C
ID: 153, Data: 80 0 0 FF 0 FF 0 0
ID: 153, Data: 80 0 0 FF 0 FF 0 0
ID: 440, Data: 8A6 31 0 A0 FF AA AA AA
ID: 43F, Data: 81 48 60 FF 6B 0 0 0
ID: 316, Data: 81 23 38 A 25 19 0 7C
ID: 370, Data: 8FF DE F0 FF FF FF FF FF
ID: 153, Data: 80 0 0 FF 0 FF 0 0
ID: 5F0, Data: 20 0
ID: 153, Data: 80 0 0 FF 0 FF 0 0
ID: 153, Data: 80 0 0 FF 0 FF 0 0
ID: 545, Data: 8E4 1E 0 8B B9 0 B9 0
ID: 316, Data: 81 23 2D A 25 19 0 7C
ID: 18F, Data: 8AA 3D 0 0 0 0 0 0
ID: 316, Data: 81 23 2E A 25 19 0 7C
ID: 18F, Data: 8AA 3C 0 0 0 0 0 0
ID: 43F, Data: 81 48 60 FF 6B 0 0 0
ID: 260, Data: 8B 24 25 30 58 FF 71 3F
ID: 18F, Data: 8AA 3C 0 0 0 0 0 0
ID: 43F, Data: 81 48 60 FF 6B 0 0 0
ID: 153, Data: 80 0 0 FF 0 FF 0 0
ID: 316, Data: 81 23 28 A 25 19 0 7C
ID: A1, Data: 879 7E 7B 7E 24 0 0 0
ID: 153, Data: 80 0 0 FF 0 FF 0 0
ID: 316, Data: 81 23 1F A 25 19 0 7C
ID: 370, Data: 8FF DE F0 FF FF FF FF FF
ID: 316, Data: 81 23 25 A 25 19 0 7C
ID: 260, Data: 8B 24 25 30 58 FF 72 2F
ID: A1, Data: 879 7E 7B 7E 24 0 0 0
ID: 316, Data: 81 23 1C A 25 19 0 7C
ID: 316, Data: 81 24 1B A 25 19 0 7C
ID: 280, Data: 830 0 84 B2 14 1A 66 4D
ID: A1, Data: 87A 7E 7C 7E 24 0 0 0
ID: 153, Data: 80 0 0 FF 0 FF 0 0
ID: 440, Data: 8A6 91 0 A0 FF AA AA AA
ID: 153, Data: 80 0 0 FF 0 FF 0 0
ID: 316, Data: 81 23 23 A 25 19 0 7C
ID: 316, Data: 81 24 29 A 25 19 0 7C
ID: 153, Data: 80 0 0 FF 0 FF 0 0
ID: 18F, Data: 8AA 3C 0 0 0 0 0 0
ID: 316, Data: 81 23 24 A 25 19 0 7C
ID: 316, Data: 81 23 28 A 25 19 0 7C
ID: 316, Data: 81 24 34 A 25 19 0 7C
ID: 545, Data: 8E4 1E 0 8C BD 0 BD 0
ID: 153, Data: 80 0 0 FF 0 FF 0 0
ID: 153, Data: 80 0 0 FF 0 FF 0 0
ID: 316, Data: 81 24 24 A 25 19 0 7C
ID: 370, Data: 8FF DE F0 FF FF FF FF FF
ID: 1F0, Data: 819 40 FD BF 0 0 0 0
ID: 316, Data: 81 24 2D A 25 19 0 7C
ID: 1F1, Data: 80 23 0 0 0 0 0 0
ID: 260, Data: 8B 24 25 30 58 FF 71 11
ID: 316, Data: 81 24 3C A 24 19 0 7C
ID: A1, Data: 87C 7E 78 7E 24 0 0 0
ID: 153, Data: 80 0 0 FF 0 FF 0 0
ID: 5F0, Data: 20 0
ID: A0, Data: 833 7E 38 A 0 23 2 0
ID: A0, Data: 833 7E 38 A 0 23 2 0
ID: 18F, Data: 8AA 3C 0 0 0 0 0 0
ID: 280, Data: 830 0 84 B2 14 1A 66 4D
ID: 316, Data: 81 23 2E A 25 19 0 7C
ID: 440, Data: 8A6 E1 0 A0 FF AA AA AA
ID: 316, Data: 81 24 3D A 24 19 0 7C
ID: 316, Data: 81 24 32 A 25 19 0 7C
ID: 18F, Data: 8AA 3B 0 0 0 0 0 0
ID: 43F, Data: 81 48 60 FF 6B 0 0 0
ID: 18F, Data: 8AA 3B 0 0 0 0 0 0
ID: A0, Data: 833 7E 31 A 0 23 2 0
ID: 316, Data: 81 23 21 A 25 19 0 7C
ID: 153, Data: 80 0 0 FF 0 FF 0 0
ID: 260, Data: 8B 24 25 30 58 FF 72 3E
ID: 316, Data: 81 24 1C A 25 19 0 7C
ID: 43F, Data: 81 48 60 FF 6B 0 0 0
ID: 370, Data: 8FF DE F0 FF FF FF FF FF
ID: 43F, Data: 81 48 60 FF 6B 0 0 0
ID: A1, Data: 87A 7E 7A 7E 24 0 0 0
ID: 153, Data: 80 0 0 FF 0 FF 0 0
ID: A0, Data: 834 7E 25 A 0 23 2 0
ID: 260, Data: 8B 24 25 30 58 FF 71 2
ID: 153, Data: 80 0 0 FF 0 FF 0 0
ID: 43F, Data: 81 48 60 FF 6B 0 0 0
ID: 18F, Data: 8AA 3B 0 0 0 0 0 0
ID: A1, Data: 87A 7E 7A 7E 24 0 0 0
ID: 329, Data: 8B B2 80 8 12 2A 0 26
ID: 545, Data: 8E4 1D 0 8C BA 0 BA 0
ID: 153, Data: 80 0 0 FF 0 FF 0 0
ID: 153, Data: 80 0 0 FF 0 FF 0 0
ID: A0, Data: 833 7E 3A A 0 23 2 0
ID: 280, Data: 830 0 84 B2 14 1A 66 4D
ID: 316, Data: 81 24 39 A 24 19 0 7C
ID: 153, Data: 80 0 0 FF 0 FF 0 0
ID: 153, Data: 80 0 0 FF 0 FF 0 0
ID: 153, Data: 80 0 0 FF 0 FF 0 0
ID: 18F, Data: 8AA 3B 0 0 0 0 0 0
ID: 316, Data: 81 23 3A A 25 19 0 7C
ID: 153, Data: 80 0 0 FF 0 FF 0 0
ID: 316, Data: 81 23 3C A 25 19 0 7C
ID: 43F, Data: 81 48 60 FF 6B 0 0 0
ID: 316, Data: 81 23 3E A 24 19 0 7C
ID: 316, Data: 81 23 31 A 25 19 0 7C
ID: A1, Data: 87A 7E 7A 7E 24 0 0 0
ID: 370, Data: 8FF DE F0 FF FF FF FF FF
ID: 43F, Data: 81 48 60 FF 6B 0 0 0
ID: 1F1, Data: 80 23 0 0 0 0 0 0
ID: 2A0, Data: 8E0 0 66 1C 30 0 F 0
ID: 43F, Data: 81 48 60 FF 6B 0 0 0
ID: 43F, Data: 81 48 60 FF 6B 0 0 0
ID: 316, Data: 81 24 14 A 25 19 0 7C
ID: 316, Data: 81 24 5 A 25 19 0 7C
ID: 18F, Data: 8AA 3B 0 0 0 0 0 0
ID: 18F, Data: 8AA 3B 0 0 0 0 0 0
ID: 329, Data: 840 B2 80 8 12 2A 0 26
ID: 153, Data: 80 0 0 FF 0 FF 0 0
ID: 260, Data: 8B 25 25 30 58 FF 74 E
ID: 316, Data: 81 25 47 A 24 19 0 7C
ID: A0, Data: 832 7E 48 A 0 23 2 0
ID: 316, Data: 81 25 4F A 24 19 0 7C
ID: 153, Data: 80 0 0 FF 0 FF 0 0
ID: 316, Data: 81 25 5B A 24 19 0 7C
ID: 153, Data: 80 0 0 FF 0 FF 0 0
ID: 316, Data: 81 25 83 A 28 19 0 7C
ID: 153, Data: 80 0 0 FF 0 FF 0 0
ID: 43F, Data: 81 48 60 FF 6B 34 2 0
ID: 153, Data: 80 0 0 FF 0 FF 0 0
ID: 153, Data: 80 0 0 FF 0 FF 0 0
ID: 1F0, Data: 818 40 FD BF 0 0 0 0
ID: 2A0, Data: 8A1 0 67 1C 30 0 F 0
ID: 440, Data: 8BF E1 1 A0 FF AA AA AA
ID: 2A0, Data: 861 1 67 1C 30 0 F 0
ID: 153, Data: 80 0 0 FF 0 FF 0 0
ID: 316, Data: 81 35 26 C 56 19 1 7C
ID: 153, Data: 80 0 0 FF 0 FF 0 0
ID: 316, Data: 81 3A C3 C 57 18 1 7C
ID: 153, Data: 80 0 0 FF 0 FF 0 0
ID: 43F, Data: 81 48 60 FF 6B 8C 5 0
ID: 43F, Data: 81 48 60 FF 6B E8 5 0
ID: 153, Data: 80 0 0 FF 0 FF 0 0
ID: 316, Data: 81 43 56 F 63 16 2 7C
ID: 316, Data: 81 46 EC F 68 16 2 7C
ID: 316, Data: 81 47 87 10 6A 15 2 7C
ID: 280, Data: 830 0 88 B2 22 30 67 72
ID: 43F, Data: 81 48 60 FF 6B C4 8 0
ID: 440, Data: 8D4 E1 4 A0 FF AA AA AA
ID: 316, Data: 81 58 D7 13 67 13 3 7C
ID: 5F0, Data: 20 0
ID: 316, Data: 81 5C 81 15 65 12 4 7C
ID: 153, Data: 80 0 0 FF 0 FF 0 0
ID: 280, Data: 830 0 88 B2 2D 38 67 85
ID: 1F0, Data: 868 40 FD BF 0 0 0 0
ID: 1F1, Data: 80 34 33 B0 3 35 C0 3
ID: 43F, Data: 81 48 60 FF 6B 8 F 0
ID: 43F, Data: 81 48 60 FF 6B CC F 0
ID: 43F, Data: 81 48 60 FF 6B 84 10 0
ID: 153, Data: 80 0 0 FF 0 FF 0 0
ID: 545, Data: 8E4 AB 0 8D E2 4 E2 4
ID: 316, Data: 81 58 1C 1A 5A 12 9 7C
ID: 545, Data: 8E4 AE 0 8C EA 4 EA 4
ID: 316, Data: 81 58 19 1B 5A 12 A 7C
ID: 153, Data: 80 0 0 FF 0 FF 0 0
ID: 316, Data: 81 56 DA 1B 59 12 A 7C
ID: 1F1, Data: 80 45 56 40 6 58 60 6
ID: 1F0, Data: 87A 40 FD BF 0 0 0 0
ID: 153, Data: 80 0 0 FF 0 FF 0 0
ID: A1, Data: 87E 7B 7D 7E 3E 0 0 0
ID: 260, Data: 8B 52 59 30 58 FF C1 23
ID: 18F, Data: 8AA 3A 0 0 0 0 0 0
ID: 316, Data: 81 53 2A 1E 5C 12 D 7C
ID: 153, Data: 80 0 0 FF 0 FF 0 0
ID: 153, Data: 80 0 0 FF 0 FF 0 0
ID: 43F, Data: 81 48 60 FF 6B C 1D 0
ID: 153, Data: 80 0 0 FF 0 FF 0 0
ID: 43F, Data: 81 48 60 FF 6A 88 1E 0
ID: 5F0, Data: 20 0
ID: 153, Data: 80 0 0 FF 0 FF 0 0
ID: 153, Data: 80 0 0 FF 0 FF 0 0
ID: 43F, Data: 81 48 60 FF 6A B0 20 0
ID: 18F, Data: 8AA 3A 0 0 0 0 0 0
ID: 153, Data: 80 0 0 FF 0 FF 0 0
ID: 18F, Data: 8AA 3A 0 0 0 0 0 0
ID: 545, Data: 8E4 E4 0 8D C8 3 C8 3
ID: 316, Data: 81 56 74 25 60 1D 12 7C
ID: 280, Data: 830 0 88 B2 4B 35 66 83
ID: 43F, Data: 8A 48 60 FF 6A 68 24 0
ID: 316, Data: 81 5C 72 27 5E 1D 13 7C
ID: 153, Data: 80 0 0 FF 0 FF 0 0
ID: 316, Data: 81 5B E6 28 5D 1D 13 7C
ID: 153, Data: 80 0 0 FF 0 FF 0 0
ID: 316, Data: 81 5A ED 29 5C 1E 14 7C
ID: 316, Data: 81 59 5F 2A 5C 1E 14 7C
ID: 43F, Data: 8A 48 60 FF 6A 7C 28 0
ID: 43F, Data: 8A 48 60 FF 6B D0 28 0
ID: 329, Data: 885 B2 80 8 11 49 2D 26
ID: A1, Data: 87D 7E 7C 7D 3A 0 0 0
ID: 316, Data: 841 58 EB 2A 5C 1E 16 7C
ID: 316, Data: 841 5A 32 2B 5C 1E 16 7C
ID: 43F, Data: 8A 48 60 52 6A BC 29 0
ID: 280, Data: 830 0 88 B2 57 36 66 7B
ID: 5F0, Data: 20 0
ID: 316, Data: 841 3C 52 29 5D 1E 17 7C
ID: 153, Data: 80 0 0 FF 0 FF 0 0
ID: 316, Data: 841 3E 23 27 65 1D 17 7C
ID: 440, Data: 8FE 31 16 A0 FF AA AA AA
ID: 153, Data: 80 0 0 FF 0 FF 0 0
ID: 43F, Data: 8A 48 60 47 6A FC 20 0
ID: 260, Data: 8B 6C 75 30 58 FF 61 11
ID: 43F, Data: 8A 48 60 68 6B 10 1E 0
ID: 43F, Data: 8A 48 60 70 6A D0 1C 0
ID: 260, Data: 8B 78 78 30 58 FF 80 10
ID: 316, Data: 841 7A D7 20 77 1B 19 7C
ID: 329, Data: 885 B2 80 8 11 4A 39 26
ID: 43F, Data: 8A 48 60 FF 6A B8 1C 0
ID: 545, Data: 8E4 2E 1 8C 95 6 95 6
ID: 153, Data: 80 0 0 FF 0 FF 0 0
ID: 5F0, Data: 20 0
ID: 153, Data: 80 0 0 FF 0 FF 0 0
ID: 1F1, Data: 80 21 D0 F0 D D5 50 E
ID: 329, Data: 885 B2 80 8 11 4C 40 26
ID: 18F, Data: 8AA 3E 0 0 0 0 0 0
ID: 316, Data: 841 7D 55 23 83 1B 1C 7C
ID: 153, Data: 80 0 0 FF 0 FF 0 0
ID: 260, Data: 8B 7E 84 30 58 FF A3 36
ID: 316, Data: 841 7D 5D 24 83 1B 1D 7C
ID: 43F, Data: 82 48 60 FF 6B AC 20 0
ID: 43F, Data: 82 48 60 FF 6B 4 21 0
ID: 440, Data: 8FE 82 1D A0 FF AA AA AA
ID: 316, Data: 841 80 CE 25 83 1B 1E 7C
ID: 2A0, Data: 861 23 66 1C 30 0 F 0
ID: 43F, Data: 82 48 60 FF 6A AC 22 0
ID: 43F, Data: 82 48 60 FF 6B 8 23 0
ID: 2A0, Data: 861 24 66 1C 30 0 F 0
ID: 153, Data: 80 0 0 FF 0 FF 0 0
ID: 316, Data: 841 7E D7 27 83 1C 20 7C
ID: 370, Data: 8FF DE F0 FF FF FF FF FF
ID: 316, Data: 841 7E 91 28 83 1C 21 7C
ID: 153, Data: 80 0 0 FF 0 FF 0 0
ID: 545, Data: 8E4 71 1 8C B9 6 B9 6
ID: 316, Data: 841 7E 7E 29 82 1D 22 7C
ID: 260, Data: 8B 7F 83 30 58 FF A9 12
ID: 316, Data: 841 7F 48 2A 82 1D 22 7C
ID: 18F, Data: 8AA 3F 0 0 0 0 0 0
ID: 153, Data: 80 0 0 FF 0 FF 0 0
ID: 43F, Data: 82 48 60 FF 6A 10 28 0
ID: 153, Data: 80 0 0 FF 0 FF 0 0
ID: 316, Data: 841 7D F4 2B 80 1E 24 7C
ID: 153, Data: 80 0 0 FF 0 FF 0 0
ID: 545, Data: 8E4 78 1 8C 76 6 76 6
ID: 316, Data: 841 7B BE 2C 7F 1E 25 7C
ID: 280, Data: 830 0 88 B2 59 49 66 96
ID: 43F, Data: 82 48 60 FF 6A 8C 2A 0
ID: 440, Data: 8FE 72 26 A0 FF AA AA AA
ID: 5F0, Data: 20 0
ID: 329, Data: 885 B2 80 8 11 55 48 26
ID: 316, Data: 841 7B D6 2E 84 1E 27 7C
ID: 316, Data: 841 7F 48 2F 84 1E 27 7C
ID: 316, Data: 841 81 9E 2F 83 1E 27 7C
ID: 43F, Data: 82 48 60 FF 6B 20 2D 0
ID: 18F, Data: 8AA 41 0 0 0 0 0 0
ID: 153, Data: 80 0 0 FF 0 FF 0 0
ID: 18F, Data: 8AA 41 0 0 0 0 0 0
ID: 545, Data: 8E4 C3 1 8C 90 6 90 6
ID: 153, Data: 80 0 0 FF 0 FF 0 0
ID: 545, Data: 8E4 B2 1 8C 78 6 78 6
ID: 1F1, Data: 80 65 50 51 15 5A E1 15
ID: 329, Data: 8B B1 80 8 11 57 48 26
ID: 153, Data: 80 0 0 FF 0 FF 0 0
ID: 43F, Data: 8B 48 60 FF 6B D4 30 0
ID: 316, Data: 841 7C D0 33 80 20 2B 7C
ID: 316, Data: 841 7C F2 33 80 20 2C 7C
ID: 316, Data: 841 7C 38 34 7F 20 2C 7C
ID: 260, Data: 8B 7D 80 30 58 FF A9 35
ID: 43F, Data: 8B 48 60 FF 6B 44 32 0
ID: 18F, Data: 8AA 42 0 0 0 0 0 0
ID: 153, Data: 80 0 0 FF 0 FF 0 0
ID: 43F, Data: 8B 48 60 FF 6B DC 32 0
ID: 329, Data: 840 B1 80 8 11 58 48 26
ID: 370, Data: 8FF DD F0 FF FF FF FF FF
ID: 316, Data: 841 7B E8 35 7E 20 2E 7C
ID: 153, Data: 80 0 0 FF 0 FF 0 0
ID: 280, Data: 830 0 88 B1 67 4B 66 9B
ID: 316, Data: 841 63 C0 31 82 1F 2F 7C
ID: 370, Data: 8FF DD F0 FF FF FF FF FF
ID: 316, Data: 841 62 8E 2D 86 1E 2F 7C
ID: 43F, Data: 8B 48 60 68 6B 4C 28 0
ID: 545, Data: 8E4 C2 1 8C 56 5 C8 7
ID: 316, Data: 841 8A E6 28 8A 1C 30 7C
ID: 316, Data: 841 8D A6 28 8B 1C 30 7C
ID: 2A0, Data: 8C1 36 66 1C 30 0 F 0
ID: 316, Data: 841 8B BB 28 8B 1C 31 7C
ID: 316, Data: 841 8B BB 28 8A 1C 31 7C
ID: 153, Data: 80 0 0 FF 0 FF 0 0
ID: 18F, Data: 8AA 42 0 0 0 0 0 0
ID: 316, Data: 841 87 BB 28 7F 1C 32 7C
ID: 316, Data: 841 82 E6 28 75 1D 32 7C
ID: 153, Data: 80 0 0 FF 0 FF 0 0
ID: 153, Data: 80 0 0 FF 0 FF 0 0
ID: 43F, Data: 83 48 60 FF 6B 68 25 0
ID: 153, Data: 80 0 0 FF 0 FF 0 0
ID: 316, Data: 841 70 D0 28 6E 1D 34 7C
ID: 153, Data: 80 0 0 FF 0 FF 0 0
ID: 260, Data: 8B 6D 6F 30 58 FF B1 21
ID: 329, Data: 885 B0 80 8 11 4D 36 26
ID: 43F, Data: 83 48 60 FF 6B 3C 26 0
ID: 316, Data: 841 6A 52 29 5D 1D 35 7C
ID: 153, Data: 80 0 0 FF 0 FF 0 0
ID: 153, Data: 80 0 0 FF 0 FF 0 0
ID: 316, Data: 841 54 26 29 22 1F 35 7C
ID: 153, Data: 80 0 0 FF 0 FF 0 0
ID: 280, Data: 830 0 88 B0 50 26 66 62
ID: 316, Data: 841 3A D7 27 15 21 35 7C
ID: 43F, Data: 83 48 60 FF 6B C4 26 0
ID: 316, Data: 841 2B 4A 27 18 22 36 7C
ID: A0, Data: 824 7B 37 27 36 2C 2 0
ID: 153, Data: 80 0 0 FF 0 FF 0 0
ID: 316, Data: 841 22 D5 26 19 23 36 7C
ID: 153, Data: 80 0 0 FF 0 FF 0 0
ID: 43F, Data: 83 48 60 FF 6B A4 26 0
ID: 18F, Data: 8AA 41 0 0 0 0 0 0
ID: 153, Data: 80 0 0 FF 0 FF 0 0
ID: A0, Data: 81B 7B 3D 26 36 29 2 0
ID: 280, Data: 830 0 84 AF 4B 10 66 2E
ID: 370, Data: 8FF DB F0 FF FF FF FF FF
ID: 153, Data: 80 0 0 FF 0 FF 0 0
ID: 43F, Data: 83 48 60 FF 6B AC 26 0
ID: 545, Data: 8E4 3F 0 8D 1 FF 1 FF
ID: 153, Data: 80 0 0 FF 0 FF 0 0
ID: 316, Data: 841 14 B6 23 1A 23 36 7C
ID: 5F0, Data: 20 0
ID: 329, Data: 885 AF 80 8 11 36 0 26
ID: 370, Data: 8FF DB F0 FF FF FF FF FF
ID: 260, Data: 8B 15 1B 30 58 FF 6A 5
ID: 316, Data: 841 17 30 22 1A 23 35 7C
ID: 18F, Data: 8AA 41 0 0 0 0 0 0
ID: 316, Data: 841 19 B8 22 1A 22 35 7C
ID: 153, Data: 80 0 0 FF 0 FF 0 0
ID: 280, Data: 830 0 84 AF 46 19 66 43
ID: 316, Data: 841 1A 26 23 19 22 35 7C
ID: 5F0, Data: 20 0
ID: 316, Data: 841 1A 55 23 19 22 35 7C
ID: 316, Data: 841 1A 65 23 19 22 34 7C
ID: 316, Data: 841 1A 36 23 19 22 34 7C
ID: 2A0, Data: 820 22 66 1C 30 0 F 0
ID: 43F, Data: 843 48 60 FF 6B 80 25 0
ID: 43F, Data: 843 48 60 FF 6B 78 25 0
ID: A1, Data: 86F 7F 75 7D 1F 0 0 0
ID: 316, Data: 849 1A 45 23 1A 23 34 7C
ID: 316, Data: 849 16 36 23 1A 23 34 7C
ID: 43F, Data: 843 48 60 FF 6B 40 25 0
ID: 280, Data: 830 0 20 AE 46 19 66 41
ID: 153, Data: 80 0 0 FF 0 FF 0 0
ID: 316, Data: 849 11 16 23 1A 23 34 7C
ID: 316, Data: 849 D F7 22 1A 23 34 7C
ID: 43F, Data: 843 48 60 FF 6B F0 24 0
ID: 316, Data: 849 D 4E 22 1A 23 33 7C
ID: 5F0, Data: 20 0
ID: 153, Data: 80 0 0 FF 0 FF 0 0
ID: 43F, Data: 843 48 60 FF 6B B4 24 0
ID: 153, Data: 80 0 0 FF 0 FF 0 0
ID: 43F, Data: 843 48 60 FF 6B 8C 24 0
ID: 153, Data: 80 0 0 FF 0 FF 0 0
ID: 260, Data: 80 0 1A 30 58 FF 5D 5
ID: 316, Data: 849 0 E5 21 1A 22 33 7C
ID: 2A0, Data: 840 1A 66 1C 30 0 F 0
ID: 43F, Data: 843 48 60 FF 6B 24 24 0
ID: 43F, Data: 843 48 60 FF 6B 14 24 0
ID: 260, Data: 80 0 1A 30 58 FF 5D 23
ID: 316, Data: 849 0 B8 22 1A 22 32 7C
ID: 316, Data: 849 0 B8 22 1A 23 32 7C
ID: 370, Data: 8FF DB F0 FF FF FF FF FF
ID: 316, Data: 849 0 8A 22 1A 23 32 7C
ID: 153, Data: 80 0 0 FF 0 FF 0 0
ID: 316, Data: 849 0 5D 22 1A 23 31 7C
ID: 316, Data: 849 0 3F 22 1A 23 31 7C
ID: 260, Data: 80 0 1A 30 58 FF 5D 14
ID: 316, Data: 849 0 3 22 11 19 31 7C
ID: 280, Data: 830 0 20 AE 43 18 66 42
ID: 1F1, Data: 80 CA 82 F1 17 8A B1 18
ID: 316, Data: 849 0 55 21 11 19 31 7C
ID: A1, Data: 880 7F 80 7D 1F 0 0 0
ID: 316, Data: 849 0 A0 20 11 19 31 7C
ID: 316, Data: 849 0 6A 20 11 19 30 7C
ID: 18F, Data: 8AA 41 0 0 0 0 0 0
ID: 43F, Data: 843 48 60 FF 6B A0 22 0
ID: 153, Data: 80 0 0 FF 0 FF 0 0
ID: 316, Data: 89 0 1A 20 11 19 30 7C
ID: 316, Data: 89 0 34 20 11 19 30 7C
ID: 153, Data: 80 0 0 FF 0 FF 0 0
ID: 153, Data: 80 0 0 FF 0 FF 0 0
ID: A0, Data: 82B 7A 34 20 30 2C 4 0
ID: 316, Data: 89 0 92 20 11 19 30 7C
ID: 18F, Data: 8AA 41 0 0 0 0 0 0
ID: 316, Data: 89 0 A0 20 11 19 2F 7C
ID: 153, Data: 80 0 0 FF 0 FF 0 0
ID: 153, Data: 80 0 0 FF 0 FF 0 0
ID: 316, Data: 89 0 A0 20 11 19 2F 7C
ID: A0, Data: 82A 7A A0 20 30 2C 4 0
ID: 5F0, Data: 20 0
ID: 316, Data: 89 0 85 20 11 19 2F 7C
ID: 316, Data: 89 0 85 20 11 19 2F 7C
ID: 316, Data: 89 0 77 20 11 19 2F 7C
ID: 43F, Data: 843 48 60 FF 6B 74 21 0
ID: 43F, Data: 843 48 60 FF 6B 54 21 0
ID: 545, Data: 8E4 0 0 8D 3D FE 3D FE
ID: 316, Data: 89 0 5C 20 11 19 2E 7C
ID: 316, Data: 89 0 42 20 11 19 2E 7C
ID: 2A0, Data: 840 F 66 1C 30 0 F 0
ID: 43F, Data: 843 48 60 FF 6B 8 21 0
ID: 153, Data: 80 0 0 FF 0 FF 0 0
ID: 440, Data: 8FE 13 2D A0 FF AA AA AA
ID: 43F, Data: 843 48 60 FF 6B C8 20 0
ID: 43F, Data: 843 48 60 FF 6B C0 20 0
ID: 316, Data: 89 0 D8 1F 11 19 2D 7C
ID: 18F, Data: 8AA 3E 0 0 0 0 0 0
ID: 43F, Data: 843 48 60 FF 6C 90 20 0
ID: 153, Data: 80 0 0 FF 0 FF 0 0
ID: 153, Data: 80 0 0 FF 0 FF 0 0
ID: 316, Data: 89 0 7E 1F 12 19 2D 7C
ID: 153, Data: 80 0 0 FF 0 FF 0 0
ID: 153, Data: 80 0 0 FF 0 FF 0 0
ID: 153, Data: 80 0 0 FF 0 FF 0 0
ID: A0, Data: 82A 7A 33 1F 2D 2C 4 0
ID: 545, Data: 8E4 0 0 8D 3E FE 3E FE
ID: 43F, Data: 843 48 60 FF 6B 94 1F 0
ID: 43F, Data: 843 48 60 FF 6C 60 1F 0
ID: 329, Data: 8B AD 80 8 12 34 0 26
ID: 153, Data: 80 0 0 FF 0 FF 0 0
ID: 316, Data: 89 0 65 1E 12 19 2B 7C
ID: 153, Data: 80 0 0 FF 0 FF 0 0
ID: 316, Data: 89 0 13 1E 12 19 2B 7C
ID: 316, Data: 89 0 F0 1D 12 19 2B 7C
ID: 153, Data: 80 0 0 FF 0 FF 0 0
ID: A1, Data: 880 7F 80 7D 1E 0 0 0
ID: 316, Data: 89 0 5E 1D 12 19 2A 7C
ID: 545, Data: 8E4 0 0 8A 3D FE 3D FE
ID: 153, Data: 80 0 0 FF 0 FF 0 0
ID: 153, Data: 80 0 0 FF 0 FF 0 0
ID: 5F0, Data: 20 0
ID: 43F, Data: 843 48 60 FF 6B 40 1D 0
ID: 153, Data: 80 0 0 FF 0 FF 0 0
ID: 153, Data: 80 0 0 FF 0 FF 0 0
ID: 316, Data: 89 0 21 1C 13 19 28 7C
ID: 370, Data: 8FF DB F0 FF FF FF FF FF
ID: 316, Data: 89 0 DA 1B 13 19 28 7C
ID: A0, Data: 828 7A DA 1B 29 2A 4 0
ID: 153, Data: 80 0 0 FF 0 FF 0 0
ID: 316, Data: 89 0 6F 1B 13 19 27 7C
ID: 153, Data: 80 0 0 FF 0 FF 0 0
ID: 316, Data: 89 0 19 1B 14 19 27 7C
ID: 316, Data: 89 0 E1 1A 14 19 27 7C
ID: 316, Data: 89 0 BC 1A 14 19 26 7C
ID: 153, Data: 80 0 0 FF 0 FF 0 0
ID: 153, Data: 80 0 0 FF 0 FF 0 0
ID: 43F, Data: 843 48 60 FF 6C C8 1A 0
ID: A0, Data: 828 7A 59 1A 26 29 4 0
ID: 153, Data: 80 0 0 FF 0 FF 0 0
ID: 316, Data: 89 0 8A 19 15 19 25 7C
ID: 153, Data: 80 0 0 FF 0 FF 0 0
ID: 316, Data: 89 0 38 19 15 19 24 7C
ID: 316, Data: 89 0 0 19 15 19 24 7C
ID: 545, Data: 8E4 0 0 8B 3E FE 3E FE
ID: 153, Data: 80 0 0 FF 0 FF 0 0
ID: 153, Data: 80 0 0 FF 0 FF 0 0
ID: 316, Data: 89 0 4D 18 15 19 23 7C
ID: 18F, Data: 8AA 3A 0 0 0 0 0 0
ID: 153, Data: 80 0 0 FF 0 FF 0 0
ID: 440, Data: 8FE B3 22 A0 FF AA AA AA
ID: 2A0, Data: 880 7 66 1C 30 0 F 0
ID: 316, Data: 89 0 48 17 16 19 22 7C
ID: 316, Data: 89 0 11 17 16 19 21 7C
ID: 153, Data: 80 0 0 FF 0 FF 0 0
ID: 153, Data: 80 0 0 FF 0 FF 0 0
ID: A0, Data: 828 7B 8C 16 21 28 4 0
ID: 316, Data: 89 0 13 16 17 19 20 7C
ID: 18F, Data: 8AA 3A 0 0 0 0 0 0
ID: 5F0, Data: 20 0
ID: 43F, Data: 843 48 60 FF 6C F0 15 0
ID: A1, Data: 880 7F 80 7D 1C 0 0 0
ID: 316, Data: 89 0 E0 14 18 19 1E 7C
ID: 153, Data: 80 0 0 FF 0 FF 0 0
ID: 545, Data: 8E4 0 0 8C 3E FE 3E FE
ID: 316, Data: 89 0 2E 14 19 19 1D 7C
ID: A0, Data: 828 7B 4D 14 1E 27 4 0
ID: 153, Data: 80 0 0 FF 0 FF 0 0
ID: 153, Data: 80 0 0 FF 0 FF 0 0
ID: 316, Data: 89 0 4E 13 1A 19 1C 7C
ID: A0, Data: 827 7B 91 13 1D 26 4 0
ID: 316, Data: 89 0 D9 12 1A 19 1B 7C
ID: 316, Data: 89 0 AC 12 1A 19 1B 7C
ID: 280, Data: 830 0 20 AE 24 14 66 3B
ID: 1F0, Data: 8CE 3F FD BF 0 0 0 0
ID: 370, Data: 8FF DB F0 FF FF FF FF FF
ID: 316, Data: 89 0 97 11 23 19 19 7C
ID: 1F0, Data: 8C7 3F FD BF 0 0 0 0
ID: 153, Data: 80 0 0 FF 0 FF 0 0
ID: 316, Data: 89 0 C0 10 24 1A 18 7C
ID: 153, Data: 80 0 0 FF 0 FF 0 0
ID: 545, Data: 8E4 0 0 8A 91 FE 91 FE
ID: 316, Data: 81 B 13 10 25 19 17 7C
ID: 18F, Data: 8AA 39 0 0 0 0 0 0
ID: 316, Data: 81 11 BC F 26 19 17 7C
ID: 43F, Data: 843 48 60 FF 6B 94 10 0
ID: 316, Data: 81 18 1B F 26 19 16 7C
ID: 2A0, Data: 880 5 66 1C 30 0 F 0
ID: 43F, Data: 843 48 60 FF 6B 14 10 0
ID: 43F, Data: 843 48 60 FF 6B 0 10 0
ID: 43F, Data: 843 48 60 FF 6B D8 F 0
ID: 18F, Data: 8AA 39 0 0 0 0 0 0
ID: 316, Data: 81 26 5C F 25 19 15 7C
ID: 370, Data: 8FF DB F0 FF FF FF FF FF
ID: 5F0, Data: 20 0
ID: 153, Data: 80 0 0 FF 0 FF 0 0
ID: A1, Data: 88D 7F 8D 7D 23 0 0 0
ID: 329, Data: 8B AE 80 8 12 2E 0 26
ID: 545, Data: 8E4 3F 0 8A D2 0 D2 0
ID: 153, Data: 80 0 0 FF 0 FF 0 0
ID: 43F, Data: 83 48 60 FF 6C C F 0
ID: 153, Data: 80 0 0 FF 0 FF 0 0
ID: 5F0, Data: 20 0
ID: 440, Data: 8FE 13 14 A0 FF AA AA AA
ID: 316, Data: 81 24 3 F 26 19 13 7C
ID: 43F, Data: 83 48 60 FF 6B F0 E 0
ID: 316, Data: 81 24 CD E 26 1A 13 7C
ID: 153, Data: 80 0 0 FF 0 FF 0 0
ID: 370, Data: 8FF DB F0 FF FF FF FF FF
ID: 2A0, Data: 820 4 66 1C 30 0 F 0
ID: 316, Data: 81 24 A6 E 27 1A 13 7C
ID: 316, Data: 81 24 B7 E 27 1A 13 7C
ID: 545, Data: 8E4 37 0 88 B7 0 B7 0
ID: 153, Data: 80 0 0 FF 0 FF 0 0
ID: 153, Data: 80 0 0 FF 0 FF 0 0
ID: 316, Data: 81 24 B4 E 26 1A 13 7C
ID: A0, Data: 835 7B B4 E 13 27 2 0
ID: 316, Data: 81 24 BF E 26 1A 12 7C
ID: 370, Data: 8FF DB F0 FF FF FF FF FF
ID: 1F0, Data: 885 3F FD BF 0 0 0 0
ID: 316, Data: 81 24 73 E 26 1A 12 7C
ID: 153, Data: 80 0 0 FF 0 FF 0 0
ID: 316, Data: 81 2A 86 E 30 1A 12 7C
ID: 316, Data: 81 2A 4D F 2F 19 12 7C
ID: 329, Data: 840 AE 80 8 11 2E 3 26
ID: 43F, Data: 83 48 60 FF 6B E4 D 0
ID: 43F, Data: 83 48 60 FF 6B 0 E 0
ID: 43F, Data: 83 48 60 FF 6B E8 D 0
ID: 43F, Data: 83 48 60 FF 6B D8 D 0
ID: 329, Data: 8ED AE 80 8 11 2E 6 26
ID: 18F, Data: 8AA 38 0 0 0 0 0 0
ID: 153, Data: 80 0 0 FF 0 FF 0 0
ID: 43F, Data: 83 48 60 FF 6B D4 D 0
ID: A0, Data: 830 7B E5 F 12 26 2 0
ID: 43F, Data: 83 48 60 FF 6B D8 D 0
ID: 43F, Data: 83 48 60 FF 6B D0 D 0
ID: 153, Data: 80 0 0 FF 0 FF 0 0
ID: 316, Data: 81 29 6E F 3B 19 12 7C
ID: 316, Data: 81 2A 6E F 3B 19 12 7C
ID: 316, Data: 81 2B 7A F 3B 19 12 7C
ID: 153, Data: 80 0 0 FF 0 FF 0 0
ID: 370, Data: 8FF DB F0 FF FF FF FF FF
ID: 43F, Data: 83 48 60 FF 6B D4 D 0
ID: 316, Data: 81 33 13 10 47 18 12 7C
ID: 545, Data: 8E4 44 0 8D FF 1 FF 1
ID: 316, Data: 81 37 8E 10 4F 18 12 7C
ID: 316, Data: 81 39 DD 10 4E 17 12 7C
ID: A0, Data: 84E 7B DD 10 12 2D 2 0
ID: 440, Data: 8FE 63 13 A0 FF AA AA AA
ID: 440, Data: 8FE 63 13 A0 FF AA AA AA
ID: 316, Data: 81 41 A8 12 51 16 12 7C
ID: 545, Data: 8E4 68 0 89 14 3 14 3
ID: 153, Data: 80 0 0 FF 0 FF 0 0
ID: 316, Data: 81 46 BE 13 54 15 12 7C
ID: 153, Data: 80 0 0 FF 0 FF 0 0
ID: 329, Data: 8ED AE 80 8 11 3A 20 26
ID: 43F, Data: 83 48 60 FF 6B 5C E 0
ID: 18F, Data: 8AA 37 0 0 0 0 0 0
ID: 316, Data: 81 49 7B 15 53 14 13 7C
ID: 43F, Data: 83 48 60 FF 6B 98 E 0
ID: 316, Data: 81 4C C 16 53 14 13 7C
ID: 316, Data: 81 4C 5F 16 54 14 13 7C
ID: A1, Data: 883 7D 83 7E 3C 0 0 0
ID: 316, Data: 81 4D C7 16 57 13 13 7C
ID: 316, Data: 81 50 FD 16 58 13 13 7C
ID: 18F, Data: 8AA 37 0 0 0 0 0 0
ID: 316, Data: 81 52 79 17 5B 13 14 7C
ID: 43F, Data: 83 48 60 FF 6B 5C F 0
ID: 316, Data: 81 55 EC 17 5D 13 14 7C
ID: 2A0, Data: 8C1 C 66 1C 30 0 F 0
ID: 153, Data: 80 0 0 FF 0 FF 0 0
ID: 316, Data: 81 58 C0 18 5F 13 14 7C
ID: 153, Data: 80 0 0 FF 0 FF 0 0
ID: 316, Data: 81 5A 59 19 60 13 15 7C
ID: 316, Data: 81 5A 93 19 60 13 15 7C
ID: 280, Data: 830 0 88 AE 33 38 66 8D
ID: 43F, Data: 83 48 60 FF 6B 98 10 0
ID: 280, Data: 830 0 88 AE 34 38 66 8B
ID: 440, Data: 8EC 13 16 A0 FF AA AA AA
ID: 316, Data: 81 5A A1 1A 5F 13 16 7C
ID: 43F, Data: 83 48 60 FF 6B 34 11 0
ID: 316, Data: 81 5A CF 1A 5F 13 16 7C
ID: A0, Data: 868 7B A1 1A 16 38 2 0
ID: 153, Data: 80 0 0 FF 0 FF 0 0
ID: 316, Data: 81 5A 6 1B 5E 13 17 7C
ID: 153, Data: 80 0 0 FF 0 FF 0 0
ID: 316, Data: 81 5A 10 1B 62 13 17 7C
ID: 5F0, Data: 20 0
ID: A0, Data: 868 7B 6 1B 18 38 2 0
ID: 260, Data: 8B 5D 62 30 58 FF B5 1C
ID: 18F, Data: 8AA 37 0 0 0 0 0 0
ID: 43F, Data: 83 48 60 FF 6B D8 12 0
ID: 153, Data: 80 0 0 FF 0 FF 0 0
ID: 43F, Data: 83 48 60 FF 6B 0 13 0
ID: 153, Data: 80 0 0 FF 0 FF 0 0
ID: 316, Data: 81 62 D6 19 62 12 19 7C
ID: 316, Data: 81 63 7A 19 62 12 19 7C
ID: 329, Data: 8ED AF 80 8 11 42 29 26
ID: 43F, Data: 83 48 60 FF 6B D0 13 0
ID: 316, Data: 81 62 61 19 59 12 1A 7C
ID: A1, Data: 880 7B 81 7E 45 0 0 0
ID: 316, Data: 81 5D 48 19 5A 13 1A 7C
ID: 153, Data: 80 0 0 FF 0 FF 0 0
ID: A0, Data: 864 7C 48 19 1B 36 2 0
ID: 329, Data: 885 AF 80 8 11 3E 25 26
ID: 18F, Data: 8AA 36 0 0 0 0 0 0
ID: 43F, Data: 83 48 60 FF 6B C4 14 0
ID: 153, Data: 80 0 0 FF 0 FF 0 0
ID: 316, Data: 81 57 80 17 5B 13 1C 7C
ID: 153, Data: 80 0 0 FF 0 FF 0 0
ID: 1F1, Data: 80 46 EC 50 E F1 B0 E
ID: 316, Data: 81 5A 95 17 5C 13 1C 7C
ID: 329, Data: 885 AF 80 8 11 3E 27 26
ID: 43F, Data: 83 48 60 FF 6B 7C 15 0
ID: 316, Data: 81 59 AB 17 5C 13 1D 7C
ID: A1, Data: 880 7B 7F 7E 43 0 0 0
ID: 316, Data: 81 59 B9 17 5C 13 1D 7C
ID: 316, Data: 81 59 C7 17 5C 12 1D 7C
ID: A0, Data: 862 7C C7 17 1E 35 2 0
ID: 43F, Data: 843 48 60 FF 6B 68 16 0
ID: 440, Data: 8FE B3 1E A0 FF AA AA AA
ID: 316, Data: 81 58 36 18 62 13 1E 7C
ID: 316, Data: 81 59 3E 18 6A 12 1E 7C
ID: 43F, Data: 843 48 60 FF 6B 9C 16 0
ID: 5F0, Data: 20 0
ID: 153, Data: 80 0 0 FF 0 FF 0 0
ID: 153, Data: 80 0 0 FF 0 FF 0 0
ID: 280, Data: 830 0 88 AF 31 40 66 99
ID: 316, Data: 81 68 E8 18 6A 11 1F 7C
ID: 153, Data: 80 0 0 FF 0 FF 0 0
ID: 153, Data: 80 0 0 FF 0 FF 0 0
ID: 316, Data: 81 66 38 19 5F 12 20 7C
ID: 5F0, Data: 20 0
ID: 316, Data: 81 60 20 19 60 12 20 7C
ID: 153, Data: 80 0 0 FF 0 FF 0 0
ID: 545, Data: 8E4 B3 0 8D 44 5 44 5
ID: 316, Data: 81 5E 8 19 5D 12 20 7C
ID: 545, Data: 8E4 AD 0 8C 33 5 33 5
ID: 153, Data: 80 0 0 FF 0 FF 0 0
ID: 153, Data: 80 0 0 FF 0 FF 0 0
ID: 43F, Data: 843 48 60 FF 6B 84 18 0
ID: 153, Data: 80 0 0 FF 0 FF 0 0
ID: 43F, Data: 843 48 60 FF 6B B8 18 0
ID: 153, Data: 80 0 0 FF 0 FF 0 0
ID: 316, Data: 81 55 A4 19 54 13 22 7C
ID: 316, Data: 81 53 BD 19 53 13 22 7C
ID: A1, Data: 880 7B 7E 7E 40 0 0 0
ID: 316, Data: 81 50 F9 19 54 13 22 7C
ID: 316, Data: 81 50 1 1A 53 13 22 7C
ID: A0, Data: 859 7C 1 1A 23 35 2 0
ID: 316, Data: 81 4E 47 1A 53 13 23 7C
ID: 153, Data: 80 0 0 FF 0 FF 0 0
ID: 153, Data: 80 0 0 FF 0 FF 0 0
ID: 316, Data: 81 4E 86 1A 53 13 23 7C
ID: 153, Data: 80 0 0 FF 0 FF 0 0
ID: 545, Data: 8E4 92 0 8D 13 4 13 4
ID: 5F0, Data: 20 0
ID: 280, Data: 830 0 88 AF 35 30 66 81
ID: 316, Data: 81 4F FD 1A 52 13 24 7C
ID: 43F, Data: 843 48 60 FF 6B 54 1A 0
ID: 316, Data: 81 4F 2C 1B 4B 13 24 7C
ID: 153, Data: 80 0 0 FF 0 FF 0 0
ID: 316, Data: 81 4E 82 1B 46 13 24 7C
ID: 153, Data: 80 0 0 FF 0 FF 0 0
ID: 280, Data: 830 0 88 AF 36 2D 66 7C
ID: 316, Data: 81 48 78 1B 3A 13 25 7C
ID: 43F, Data: 843 48 60 FF 6B E0 1A 0
ID: 43F, Data: 843 48 60 FF 6B D8 1A 0
ID: 260, Data: 8B 43 37 30 58 FF CC 2C
ID: 153, Data: 80 0 0 FF 0 FF 0 0
ID: 18F, Data: 8AA 35 0 0 0 0 0 0
ID: 316, Data: 81 3C 2 1C 36 15 25 7C
ID: 316, Data: 81 3A 21 1C 36 15 25 7C
ID: 545, Data: 8E4 6F 0 8C 76 2 76 2
ID: 153, Data: 80 0 0 FF 0 FF 0 0
ID: 316, Data: 81 38 E4 1B 38 15 25 7C
ID: 153, Data: 80 0 0 FF 0 FF 0 0
ID: 316, Data: 81 37 17 1C 39 15 26 7C
ID: 316, Data: 81 36 35 1C 39 15 26 7C
ID: A0, Data: 83C 7C 2 1C 26 2F 2 0
ID: 43F, Data: 843 48 60 FF 6B 88 1B 0
ID: 153, Data: 80 0 0 FF 0 FF 0 0
ID: 545, Data: 8E4 69 0 8C 53 2 53 2
ID: 316, Data: 81 38 5E 1C 46 1F 26 7C
ID: 2A0, Data: 8A1 1B 66 1C 30 0 F 0
ID: 316, Data: 81 3B C6 1C 49 1F 26 7C
ID: 316, Data: 81 3F 7 1D 4E 1F 26 7C
ID: A0, Data: 84E 7C D1 1C 27 34 2 0
ID: 316, Data: 81 45 8A 1D 4E 1E 26 7C
ID: 153, Data: 80 0 0 FF 0 FF 0 0
ID: 153, Data: 80 0 0 FF 0 FF 0 0
ID: 280, Data: 830 0 88 B0 3A 2E 66 78
ID: 316, Data: 81 4D 1C 1D 4E 1D 27 7C
ID: 153, Data: 80 0 0 FF 0 FF 0 0
ID: 370, Data: 8FF DB F0 FF FF FF FF FF
ID: 43F, Data: 843 48 60 FF 6B 88 1C 0
ID: 545, Data: 8E4 A1 0 8C 6E 3 6E 3
ID: 153, Data: 80 0 0 FF 0 FF 0 0
ID: 316, Data: 841 4D 7 1D 48 1D 27 7C
ID: 153, Data: 80 0 0 FF 0 FF 0 0
ID: 316, Data: 841 4B 53 1D 48 1D 28 7C
ID: 316, Data: 841 4B 74 1D 47 1D 28 7C
ID: 153, Data: 80 0 0 FF 0 FF 0 0
ID: 280, Data: 830 0 88 B0 3B 2C 66 77
ID: 153, Data: 80 0 0 FF 0 FF 0 0
ID: 1F0, Data: 8FD 3F FD BF 0 0 0 0
ID: 545, Data: 8E4 87 0 8D 9C 2 9C 2
ID: 2A0, Data: 820 1A 65 1C 30 0 F 0
ID: 153, Data: 80 0 0 FF 0 FF 0 0
ID: 153, Data: 80 0 0 FF 0 FF 0 0
ID: 153, Data: 80 0 0 FF 0 FF 0 0
ID: 2A0, Data: 820 19 65 1C 30 0 F 0
ID: 43F, Data: 843 48 60 FF 6B 24 1D 0
ID: 316, Data: 841 26 32 1D 3B 22 28 7C
ID: 153, Data: 80 0 0 FF 0 FF 0 0
ID: 2A0, Data: 8C1 18 65 1C 30 0 F 0
ID: 316, Data: 841 2B AC 1D 47 22 28 7C
ID: 2A0, Data: 81 18 65 1C 30 0 F 0
ID: 43F, Data: 843 48 60 FF 6B 84 1D 0
ID: 153, Data: 80 0 0 FF 0 FF 0 0
ID: A1, Data: 870 7A 6E 7B 2A 0 0 0
ID: 329, Data: 840 B0 80 8 11 3D 16 26
ID: 545, Data: 8E4 79 0 8C FC 1 FC 1
ID: 370, Data: 8FF DA F0 FF FF FF FF FF
ID: 153, Data: 80 0 0 FF 0 FF 0 0
ID: 316, Data: 841 41 E 1F 43 1E 29 7C
ID: 2A0, Data: 861 18 65 1C 30 0 F 0
ID: 153, Data: 80 0 0 FF 0 FF 0 0
ID: 316, Data: 841 43 7E 1F 40 1E 29 7C
ID: 153, Data: 80 0 0 FF 0 FF 0 0
ID: 260, Data: 8B 44 41 30 58 FF D1 C
ID: 316, Data: 841 43 B2 1F 40 1E 29 7C
ID: 18F, Data: 8AA 3A 0 0 0 0 0 0
ID: 316, Data: 841 42 BE 1F 16 1E 29 7C
ID: 153, Data: 80 0 0 FF 0 FF 0 0
ID: A1, Data: 876 7B 72 7E 30 0 0 0
ID: 280, Data: 830 0 88 B0 3F 24 65 5C
ID: 280, Data: 830 0 88 B0 3E 21 65 56
ID: 43F, Data: 843 48 60 FF 6C 0 1E 0
ID: 316, Data: 841 2F D1 1E 1A 21 29 7C
ID: 316, Data: 841 2A 7C 1E 1F 22 29 7C
ID: 316, Data: 841 25 4D 1E 28 22 29 7C
ID: 153, Data: 80 0 0 FF 0 FF 0 0
ID: 2A0, Data: 8A1 15 65 1C 30 0 F 0
ID: 316, Data: 841 28 AC 1D 3C 22 29 7C
ID: 280, Data: 830 0 88 B0 3B 1A 65 43
ID: 316, Data: 841 2D AC 1D 3C 21 29 7C
ID: 260, Data: 8B 2F 3D 30 58 FF D4 23
ID: 316, Data: 841 32 65 1E 3C 21 29 7C
ID: A0, Data: 83F 7D E5 1D 2A 31 2 0
ID: 153, Data: 80 0 0 FF 0 FF 0 0
ID: 316, Data: 841 35 B2 1F 3A 20 29 7C
ID: 316, Data: 841 35 A5 1F 39 1F 29 7C
ID: 440, Data: 8FE C3 29 A0 FF AA AA AA
ID: 316, Data: 841 37 65 1F 3A 1F 29 7C
ID: 153, Data: 80 0 0 FF 0 FF 0 0
ID: 2A0, Data: 861 14 65 1C 30 0 F 0
ID: 316, Data: 841 3A 98 1F 39 1F 2A 7C
ID: 2A0, Data: 8A1 14 65 1C 30 0 F 0
ID: 316, Data: 841 3A D8 1F 39 1F 2A 7C
ID: 316, Data: 841 3A CB 1F 39 1F 2A 7C
ID: 43F, Data: 843 48 60 FF 6B 58 1E 0
ID: 316, Data: 841 3A CB 1F 39 1F 2A 7C
ID: 153, Data: 80 0 0 FF 0 FF 0 0
ID: 2A0, Data: 8C1 14 65 1C 30 0 F 0
ID: 316, Data: 841 3A D8 1F 39 1F 2A 7C
ID: 2A0, Data: 81 14 65 1C 30 0 F 0
ID: 43F, Data: 843 48 60 FF 6B 8C 1E 0
ID: 43F, Data: 843 48 60 FF 6B 90 1E 0
ID: 2A0, Data: 880 13 65 1C 30 0 F 0
ID: 316, Data: 841 37 E5 1F 18 20 2A 7C
ID: 316, Data: 841 34 D8 1F 18 20 2A 7C
ID: 43F, Data: 843 48 60 FF 6B 9C 1E 0
ID: 280, Data: 830 0 88 B0 3E 1C 65 4A
ID: 153, Data: 80 0 0 FF 0 FF 0 0
ID: 316, Data: 841 27 DD 1E 35 22 2A 7C
ID: 316, Data: 841 27 B8 1E 3E 22 2A 7C
ID: 43F, Data: 843 48 60 FF 6B 94 1E 0
ID: 316, Data: 841 2A AC 1E 42 22 2A 7C
ID: 153, Data: 80 0 0 FF 0 FF 0 0
ID: 316, Data: 841 32 27 1F 40 21 2A 7C
ID: 316, Data: 841 35 98 1F 40 21 2A 7C
ID: 43F, Data: 843 48 60 FF 6B C4 1E 0
ID: 316, Data: 841 38 34 20 3F 1F 2A 7C
ID: 153, Data: 80 0 0 FF 0 FF 0 0
ID: 153, Data: 80 0 0 FF 0 FF 0 0
ID: 316, Data: 841 3C 85 20 47 1F 2A 7C
ID: 153, Data: 80 0 0 FF 0 FF 0 0
ID: 2A0, Data: 8C1 12 65 1C 30 0 F 0
ID: 316, Data: 841 44 AE 20 4C 1E 2B 7C
ID: 545, Data: 8E4 AF 0 8C CB 2 CB 2
ID: 43F, Data: 843 48 60 FF 6C 1C 1F 0
ID: 43F, Data: 843 48 60 FF 6C 34 1F 0
ID: A1, Data: 87D 7B 7A 7E 37 0 0 0
ID: 316, Data: 841 4A 71 21 4D 1D 2B 7C
ID: 153, Data: 80 0 0 FF 0 FF 0 0
ID: 43F, Data: 843 48 60 FF 6B 84 1F 0
ID: A1, Data: 87D 7B 7A 7E 38 0 0 0
ID: 43F, Data: 843 48 60 FF 6B A0 1F 0
ID: 316, Data: 841 4B E5 21 4D 1D 2B 7C
ID: 43F, Data: 843 48 60 FF 6B D0 1F 0
ID: 316, Data: 841 4C 21 22 4D 1D 2C 7C
ID: 153, Data: 80 0 0 FF 0 FF 0 0
ID: 153, Data: 80 0 0 FF 0 FF 0 0
ID: 43F, Data: 843 48 60 FF 6C 20 20 0
ID: 153, Data: 80 0 0 FF 0 FF 0 0
ID: 316, Data: 841 4E 6C 22 4D 1D 2C 7C
ID: 316, Data: 841 4E 8A 22 3E 1D 2C 7C
ID: 43F, Data: 843 48 60 FF 6B 74 20 0
ID: 316, Data: 841 4A 9A 22 3C 1D 2D 7C
ID: 153, Data: 80 0 0 FF 0 FF 0 0
ID: 316, Data: 841 44 6C 22 3D 1E 2D 7C
ID: 316, Data: 841 43 5D 22 3D 1E 2D 7C
ID: 5F0, Data: 20 0
ID: 316, Data: 841 40 4E 22 40 1F 2D 7C
ID: 153, Data: 80 0 0 FF 0 FF 0 0
ID: 316, Data: 841 40 4E 22 41 1F 2D 7C
ID: A1, Data: 87E 7B 79 7E 32 0 0 0
ID: 316, Data: 841 3F 6C 22 45 1F 2D 7C
ID: 316, Data: 841 3F 6C 22 46 1F 2D 7C
ID: 153, Data: 80 0 0 FF 0 FF 0 0
ID: 329, Data: 840 B1 80 8 11 3F 1A 26
ID: 316, Data: 841 43 8A 22 48 1E 2E 7C
ID: 43F, Data: 843 48 60 FF 6B 28 21 0
ID: 316, Data: 841 45 B8 22 47 1E 2E 7C
ID: 153, Data: 80 0 0 FF 0 FF 0 0
ID: 329, Data: 8B B1 80 8 11 40 1B 26
ID: 316, Data: 841 47 B8 22 3E 14 2E 7C
ID: 280, Data: 830 0 88 B1 44 2A 65 70
ID: 316, Data: 841 43 12 22 3F 15 2E 7C
ID: A0, Data: 848 7D 7B 22 2F 35 2 0
ID: 153, Data: 80 0 0 FF 0 FF 0 0
ID: 316, Data: 841 42 3 22 3F 15 2E 7C
ID: 153, Data: 80 0 0 FF 0 FF 0 0
ID: A0, Data: 849 7D C8 21 2F 35 2 0
ID: 329, Data: 8B B1 80 8 11 3D 1B 26
ID: 2A0, Data: 8C1 15 65 1C 30 0 F 0
ID: 43F, Data: 843 48 60 FF 6B 4 22 0
ID: 153, Data: 80 0 0 FF 0 FF 0 0
ID: 370, Data: 8FF DD F0 FF FF FF FF FF
ID: 316, Data: 81 3E D7 22 3F 15 2F 7C
ID: 153, Data: 80 0 0 FF 0 FF 0 0
ID: 316, Data: 81 3E 16 23 3F 15 2F 7C
ID: 153, Data: 80 0 0 FF 0 FF 0 0
ID: 153, Data: 80 0 0 FF 0 FF 0 0
ID: 316, Data: 81 3E 45 23 3F 15 2F 7C
ID: 43F, Data: 843 48 60 FF 6B 64 22 0
ID: 545, Data: 8E4 9E 0 8D CE 2 CE 2
ID: 153, Data: 80 0 0 FF 0 FF 0 0
ID: 316, Data: 81 3E 55 23 40 15 30 7C
ID: 1F1, Data: 80 9B 7D B1 17 86 61 18
ID: 329, Data: 8B B1 80 8 11 3D 1C 26
ID: 43F, Data: 843 48 60 FF 6B B8 22 0
ID: 43F, Data: 843 48 60 FF 6B CC 22 0
ID: 260, Data: 8B 40 41 30 58 FF D0 1
ID: 316, Data: 81 3F C7 23 48 15 30 7C
ID: 2A0, Data: 861 17 65 1C 30 0 F 0
ID: 43F, Data: 843 48 60 FF 6B 14 23 0
ID: 43F, Data: 843 48 60 FF 6B 48 23 0
ID: 545, Data: 8E4 BA 0 8D 55 3 55 3
ID: 316, Data: 81 46 19 24 48 15 30 7C
ID: 316, Data: 81 48 F8 23 48 14 31 7C
ID: A1, Data: 87D 7B 80 7E 36 0 0 0
ID: 440, Data: 8FE B3 31 A0 FF AA AA AA
ID: 43F, Data: 843 48 60 FF 6B 7C 23 0
ID: 316, Data: 81 49 3B 24 48 14 31 7C
ID: 316, Data: 81 49 4C 24 48 14 31 7C
ID: 43F, Data: 843 48 60 FF 6B C8 23 0
ID: 316, Data: 81 49 6E 24 48 14 31 7C
ID: 153, Data: 80 0 0 FF 0 FF 0 0
ID: 316, Data: 81 49 7F 24 48 15 31 7C
ID: 1F0, Data: 8FD 3F FD BF 0 0 0 0
ID: 316, Data: 81 49 90 24 48 14 32 7C
ID: 316, Data: 81 49 C3 24 48 14 32 7C
ID: 43F, Data: 843 48 60 FF 6B 48 24 0
ID: 153, Data: 80 0 0 FF 0 FF 0 0
ID: 1F1, Data: 80 9B 8B B1 18 98 91 19
ID: 260, Data: 8B 44 2F 30 58 FF C9 36
ID: 316, Data: 81 41 F7 24 2E 16 32 7C
ID: 2A0, Data: 8C1 19 65 1C 30 0 F 0
ID: 43F, Data: 843 48 60 FF 6B 80 24 0
ID: 370, Data: 8FF DD F0 FF FF FF FF FF
ID: A1, Data: 878 7B 7A 7E 2E 0 0 0
ID: 153, Data: 80 0 0 FF 0 FF 0 0
ID: 316, Data: 81 32 1B 25 35 17 33 7C
ID: 153, Data: 80 0 0 FF 0 FF 0 0
ID: 260, Data: 8B 31 39 30 58 FF D6 31
ID: 316, Data: 81 33 F7 24 39 17 33 7C
ID: 43F, Data: 843 48 60 FF 6B AC 24 0
ID: 43F, Data: 843 48 60 FF 6B B8 24 0
ID: 43F, Data: 843 48 60 FF 6B D0 24 0
ID: 316, Data: 81 39 86 25 3E 16 33 7C
ID: A0, Data: 841 7D 98 25 33 35 2 0
ID: 43F, Data: 843 48 60 FF 6B F0 24 0
ID: 43F, Data: 843 48 60 FF 6B F4 24 0
ID: A1, Data: 875 7B 78 7E 2E 0 0 0
ID: 316, Data: 81 40 CE 25 48 16 33 7C
ID: 316, Data: 81 42 CE 25 49 16 33 7C
ID: 43F, Data: 843 48 60 FF 6B 30 25 0
ID: 43F, Data: 843 48 60 FF 6B 40 25 0
ID: A0, Data: 84F 7D E0 25 34 38 2 0
ID: 153, Data: 80 0 0 FF 0 FF 0 0
ID: 316, Data: 81 4B 3D 26 4B 15 33 7C
ID: 153, Data: 80 0 0 FF 0 FF 0 0
ID: 153, Data: 80 0 0 FF 0 FF 0 0
ID: 316, Data: 81 4D 18 26 58 15 34 7C
ID: 153, Data: 80 0 0 FF 0 FF 0 0
ID: 18F, Data: 8AA 39 0 0 0 0 0 0
ID: 316, Data: 81 55 63 26 58 14 34 7C
ID: 43F, Data: 843 48 60 FF 6B 8 26 0
ID: 2A0, Data: 8A1 1B 65 1C 30 0 F 0
ID: 153, Data: 80 0 0 FF 0 FF 0 0
ID: 316, Data: 81 58 FC 26 54 14 34 7C
ID: 440, Data: 8FE 13 35 A0 FF AA AA AA
ID: 316, Data: 81 58 FC 26 53 14 35 7C
ID: 43F, Data: 843 48 60 FF 6B 80 26 0
ID: 329, Data: 8ED B1 80 8 11 45 29 26
ID: 316, Data: 81 57 23 27 53 14 35 7C
ID: 316, Data: 81 56 37 27 53 14 35 7C
ID: 43F, Data: 843 48 60 FF 6B D4 26 0
ID: 43F, Data: 843 48 60 FF 6B FC 26 0
ID: A1, Data: 87A 7E 7C 7D 39 0 0 0
ID: 316, Data: 81 45 5E 27 30 16 36 7C
ID: 316, Data: 81 41 4A 27 31 16 36 7C
ID: 43F, Data: 843 48 60 FF 6B 2C 27 0
ID: 43F, Data: 843 48 60 FF 6B 3C 27 0
ID: A0, Data: 835 7D 86 27 37 32 2 0
ID: 153, Data: 80 0 0 FF 0 FF 0 0
ID: 316, Data: 81 33 EB 27 31 18 36 7C
ID: 153, Data: 80 0 0 FF 0 FF 0 0
ID: 545, Data: 8E4 78 0 8D CC 1 CC 1
ID: 316, Data: 81 32 EB 27 31 18 36 7C
ID: 1F0, Data: 8FD 3F FD BF 0 0 0 0
ID: 43F, Data: 843 48 60 FF 6B 4C 27 0
ID: 153, Data: 80 0 0 FF 0 FF 0 0
ID: 316, Data: 81 32 14 28 3B 18 36 7C
ID: 316, Data: 81 33 14 28 3C 18 36 7C
ID: A1, Data: 873 7A 74 78 25 0 0 0
ID: 316, Data: 81 38 3D 28 3C 18 36 7C
ID: 316, Data: 81 3A 52 28 3B 17 36 7C
ID: 316, Data: 81 3B 7C 28 3B 17 37 7C
ID: 316, Data: 81 3C 7C 28 39 17 37 7C
ID: A0, Data: 843 7D 67 28 37 36 2 0
ID: 316, Data: 81 3D 52 28 39 17 37 7C
ID: 316, Data: 81 3D 3D 28 39 17 37 7C
ID: 153, Data: 80 0 0 FF 0 FF 0 0
ID: 316, Data: 81 3C 14 28 39 17 37 7C
ID: 153, Data: 80 0 0 FF 0 FF 0 0
ID: 329, Data: 885 B1 80 8 11 3E 19 26
ID: 316, Data: 81 3C 14 28 39 17 37 7C
ID: A1, Data: 87A 7C 7D 7C 2B 0 0 0
ID: 370, Data: 8FF DE F0 FF FF FF FF FF
ID: 43F, Data: 843 48 60 FF 6B D0 27 0
ID: 316, Data: 81 3A 29 28 39 17 37 7C
ID: 316, Data: 81 3A 3D 28 39 17 37 7C
ID: 43F, Data: 843 48 60 FF 6B E0 27 0
ID: 316, Data: 81 3A 52 28 39 17 37 7C
ID: A0, Data: 83E 7D 3D 28 38 34 2 0
ID: 153, Data: 80 0 0 FF 0 FF 0 0
ID: 316, Data: 81 3A 67 28 39 17 37 7C
ID: 153, Data: 80 0 0 FF 0 FF 0 0
ID: 2A0, Data: 81 1A 65 1C 30 0 F 0
ID: 316, Data: 81 3A 7C 28 38 17 37 7C
ID: 316, Data: 81 3A 91 28 38 17 37 7C
ID: 1F0, Data: 8FC 3F FD BF 0 0 0 0
ID: 43F, Data: 843 48 60 FF 6B 28 28 0
ID: 316, Data: 81 3A 91 28 39 17 38 7C
ID: 153, Data: 80 0 0 FF 0 FF 0 0
ID: 153, Data: 80 0 0 FF 0 FF 0 0
ID: 316, Data: 81 3A D0 28 46 17 38 7C
ID: 43F, Data: 843 48 60 FF 6B 50 28 0
ID: 316, Data: 81 41 E6 28 4B 17 38 7C
ID: 153, Data: 80 0 0 FF 0 FF 0 0
ID: 153, Data: 80 0 0 FF 0 FF 0 0
ID: 316, Data: 81 48 68 29 4B 16 38 7D
ID: 153, Data: 80 0 0 FF 0 FF 0 0
ID: 316, Data: 81 4B 7E 29 4A 16 38 7D
ID: 1F1, Data: 80 BD BD E1 1B C8 81 1C
ID: 280, Data: 830 0 88 B0 52 2D 65 6D
ID: 43F, Data: 843 48 60 FF 6B D8 28 0
ID: 316, Data: 81 4C 68 29 43 16 38 7D
ID: 153, Data: 80 0 0 FF 0 FF 0 0
ID: 316, Data: 81 4A 68 29 41 16 38 7D
ID: 153, Data: 80 0 0 FF 0 FF 0 0
ID: A0, Data: 84A 7C 68 29 39 38 2 0
ID: 316, Data: 81 45 52 29 41 16 39 7D
ID: 260, Data: 8B 45 42 30 58 FF C6 24
ID: 316, Data: 81 44 7E 29 41 16 39 7D
ID: 545, Data: 8E4 B9 0 8D 23 3 23 3
ID: 316, Data: 81 43 ED 29 45 17 39 7D
ID: 316, Data: 81 43 1A 2A 48 17 39 7D
ID: A0, Data: 849 7C C0 29 3A 38 2 0
ID: 316, Data: 81 43 48 2A 48 17 39 7D
ID: 316, Data: 81 45 48 2A 48 16 39 7D
ID: 43F, Data: 843 48 60 FF 6B A8 29 0
ID: 316, Data: 81 48 76 2A 4A 16 39 7D
ID: A1, Data: 879 7C 7E 7C 31 0 0 0
ID: 43F, Data: 843 48 60 FF 6B DC 29 0
ID: 316, Data: 81 4D BC 2A 5F 16 3A 7D
ID: A0, Data: 857 7C BC 2A 3A 3D 2 0
ID: 316, Data: 81 5E 1A 2B 63 15 3A 7D
ID: 316, Data: 81 61 4A 2B 63 15 3A 7D
ID: 43F, Data: 843 48 60 FF 6B 68 2A 0
ID: 43F, Data: 843 48 60 FF 6B 78 2A 0
ID: 2A0, Data: 861 1F 65 1C 30 0 F 0
ID: 316, Data: 81 65 32 2B 63 15 3A 7D
ID: 316, Data: 81 65 4A 2B 63 15 3B 7D
ID: 43F, Data: 843 48 60 FF 6C C4 2A 0
ID: 43F, Data: 843 48 60 FF 6B E0 2A 0
ID: A0, Data: 86D 7C 62 2B 3B 41 2 0
ID: 153, Data: 80 0 0 FF 0 FF 0 0
ID: 316, Data: 81 64 C3 2B 63 15 3B 7D
ID: 153, Data: 80 0 0 FF 0 FF 0 0
ID: 18F, Data: 8AA 34 0 0 0 0 0 0
ID: 316, Data: 81 63 D 2C 63 15 3C 7D
ID: 440, Data: 8FE B3 3C A0 FF AA AA AA
ID: 545, Data: 8E4 44 1 8D 5E 5 5E 5
ID: 153, Data: 80 0 0 FF 0 FF 0 0
ID: 316, Data: 81 62 71 2C 62 15 3C 7D
ID: 153, Data: 80 0 0 FF 0 FF 0 0
ID: 1F0, Data: 8FA 3F FD BF 0 0 0 0
ID: 316, Data: 81 61 D7 2C 60 15 3D 7D
ID: 316, Data: 81 61 F1 2C 5D 15 3D 7D
ID: 43F, Data: 843 48 60 FF 6B 70 2C 0
ID: 316, Data: 81 61 25 2D 52 15 3D 7D
ID: 43F, Data: 843 48 60 FF 6C 90 2C 0
ID: 316, Data: 81 59 25 2D 3A 16 3D 7D
ID: A1, Data: 87E 7E 7E 7D 3D 0 0 0
ID: 43F, Data: 843 48 60 FF 6B 7C 2C 0
ID: 43F, Data: 843 48 60 FF 6B 6C 2C 0
ID: 2A0, Data: 81 23 65 1C 30 0 F 0
ID: 316, Data: 81 3D B 2D 39 18 3E 7D
ID: 316, Data: 81 3C 59 2D 39 18 3E 7D
ID: 280, Data: 830 0 88 B0 5B 23 65 5A
ID: 43F, Data: 843 48 60 FF 6B C8 2C 0
ID: 370, Data: 8FF E0 F0 FF FF FF FF FF
ID: 5F0, Data: 20 0
ID: 329, Data: 840 B0 80 8 11 3D 8 26
ID: 316, Data: 81 37 A9 2D C 19 3E 7D
ID: 2A0, Data: 840 22 65 1C 30 0 F 0
ID: 153, Data: 80 0 0 FF 0 FF 0 0
ID: 316, Data: 81 28 3F 2D D 1A 3E 7D
ID: 153, Data: 80 0 0 FF 0 FF 0 0
ID: 316, Data: 81 22 D7 2C E 1B 3E 7D
ID: 43F, Data: 843 48 60 FF 6B 9C 2C 0
ID: 329, Data: 840 B0 80 8 11 33 0 26
ID: 316, Data: 81 1C 71 2C E 1B 3E 7D
ID: 316, Data: 81 1B 3F 2C E 1B 3E 7D
ID: 153, Data: 80 0 0 FF 0 FF 0 0
ID: 153, Data: 80 0 0 FF 0 FF 0 0
ID: A0, Data: 81A 7C D 2C 3F 2B 2 0
ID: 316, Data: 81 1B 26 2C 25 1B 3E 7D
ID: 2A0, Data: 8A1 1D 65 1C 30 0 F 0
ID: 316, Data: 81 1D 3F 2C 2A 1B 3E 7D
ID: 316, Data: 81 20 26 2C 2B 1B 3E 7D
ID: A0, Data: 822 7C 3F 2C 3E 2E 2 0
ID: 316, Data: 81 24 26 2C 2E 1B 3E 7D
ID: 316, Data: 81 27 58 2C 2F 1B 3E 7D
ID: 153, Data: 80 0 0 FF 0 FF 0 0
ID: 316, Data: 81 2B B 2D 2E 1B 3D 7D
ID: 153, Data: 80 0 0 FF 0 FF 0 0
ID: 316, Data: 81 2D 8E 2D 2E 1A 3D 7D
ID: 153, Data: 80 0 0 FF 0 FF 0 0
ID: 2A0, Data: 861 1C 65 1C 30 0 F 0
ID: 316, Data: 81 2E B 2D 2E 1A 3D 7D
ID: 2A0, Data: 8A1 1B 65 1C 30 0 F 0
ID: 43F, Data: 843 48 60 FF 6B 48 2C 0
ID: 153, Data: 80 0 0 FF 0 FF 0 0
ID: 1F1, Data: 80 E1 E9 81 1E F2 21 1F
ID: 316, Data: 81 2F 3F 2D 2F 1A 3D 7D
ID: 43F, Data: 843 48 60 FF 6B 68 2C 0
ID: 316, Data: 81 2F 3F 2D 2F 1A 3D 7D
ID: 153, Data: 80 0 0 FF 0 FF 0 0
ID: 153, Data: 80 0 0 FF 0 FF 0 0
ID: 316, Data: 81 2F 3F 2D 2F 1A 3D 7D
ID: A1, Data: 881 7A 81 78 22 0 0 0
ID: 316, Data: 81 30 3F 2D D 1A 3D 7D
ID: 316, Data: 81 2C 59 2D D 1A 3E 7D
ID: 260, Data: 8B 2A D 30 58 FF CF 12
ID: 43F, Data: 843 48 60 FF 6B 58 2C 0
ID: 43F, Data: 843 48 60 FF 6B 50 2C 0
ID: 260, Data: 8B 21 E 30 58 FF D2 16
ID: 316, Data: 81 1F 26 2C E 1B 3D 7D
ID: 280, Data: 830 0 84 AF 58 11 65 2F
ID: 43F, Data: 843 48 60 FF 6B E0 2B 0
ID: 370, Data: 8FF E0 F0 FF FF FF FF FF
ID: A1, Data: 883 7C 83 7A 16 0 0 0
ID: 316, Data: 81 19 62 2B F 1B 3D 7D
ID: 316, Data: 81 18 4A 2B F 1B 3D 7D
ID: A1, Data: 883 7F 83 7D 15 0 0 0
ID: 43F, Data: 843 48 60 FF 6B E4 2B 0
ID: 43F, Data: 843 48 60 FF 6C D4 2B 0
ID: 545, Data: 8E4 4B 0 8D 74 FF 74 FF
ID: 153, Data: 80 0 0 FF 0 FF 0 0
ID: 329, Data: 8B AF 80 8 11 36 0 26
ID: 316, Data: 81 12 AA 29 F 1B 3D 7D
ID: 329, Data: 840 AF 80 8 11 37 0 26
ID: 1F1, Data: 80 56 DF E1 1D E9 91 1E
ID: 1F0, Data: 8FE 3F FD BF 0 0 0 0
ID: 329, Data: 8ED AF 80 8 11 38 0 26
ID: 18F, Data: 8AA 33 0 0 0 0 0 0
ID: 153, Data: 80 0 0 FF 0 FF 0 0
ID: 43F, Data: 843 48 60 FF 6B 4C 2B 0
ID: 316, Data: 81 23 76 2A 16 1B 3C 7D
ID: 43F, Data: 843 48 60 FF 6B 48 2B 0
ID: 329, Data: 840 AF 80 8 11 34 4 26
ID: 153, Data: 80 0 0 FF 0 FF 0 0
ID: 316, Data: 81 1D 31 2A 18 1B 3C 7D
ID: 153, Data: 80 0 0 FF 0 FF 0 0
ID: 329, Data: 8ED AF 80 8 11 33 8 26
ID: 316, Data: 81 1B D3 2A 24 1B 3C 7D
ID: 18F, Data: 8AA 33 0 0 0 0 0 0
ID: 43F, Data: 843 48 60 FF 6B DC 2A 0
ID: 153, Data: 80 0 0 FF 0 FF 0 0
ID: 153, Data: 80 0 0 FF 0 FF 0 0
ID: 316, Data: 81 23 D3 2A 27 1B 3B 7D
ID: 153, Data: 80 0 0 FF 0 FF 0 0
ID: 316, Data: 81 26 1A 2B 27 1B 3B 7D
ID: 316, Data: 81 26 4A 2B 26 1B 3B 7D
ID: 2A0, Data: 81 11 65 1C 30 0 F 0
ID: 43F, Data: 843 48 60 FF 6B B0 2A 0
ID: 153, Data: 80 0 0 FF 0 FF 0 0
ID: 260, Data: 8B 28 26 30 58 FF D1 7
ID: 316, Data: 81 28 32 2B 26 1A 3B 7D
ID: 260, Data: 8B 28 27 30 58 FF D1 24
ID: 316, Data: 81 28 32 2B 26 1A 3B 7D
ID: 18F, Data: 8AA 33 0 0 0 0 0 0
ID: 43F, Data: 843 48 60 FF 6B A4 2A 0
ID: 153, Data: 80 0 0 FF 0 FF 0 0
ID: 153, Data: 80 0 0 FF 0 FF 0 0
ID: 316, Data: 81 23 EB 2A E 1B 3B 7D
ID: 153, Data: 80 0 0 FF 0 FF 0 0
ID: 316, Data: 81 20 A4 2A F 1B 3B 7D
ID: 153, Data: 80 0 0 FF 0 FF 0 0
ID: 316, Data: 81 1D 5F 2A F 1B 3B 7D
ID: 370, Data: 8FF E0 F0 FF FF FF FF FF
ID: 316, Data: 81 1B ED 29 F 1B 3B 7D
ID: 316, Data: 81 19 AA 29 F 1B 3B 7D
ID: 316, Data: 81 19 94 29 F 1B 3B 7D
ID: 18F, Data: 8AA 33 0 0 0 0 0 0
ID: 370, Data: 8FF E0 F0 FF FF FF FF FF
ID: 43F, Data: 843 48 60 FF 6B 40 2A 0
ID: 316, Data: 81 14 E6 28 10 1B 3B 7D
ID: 153, Data: 80 0 0 FF 0 FF 0 0
ID: 1F0, Data: 8FD 3F FD BF 0 0 0 0
ID: 316, Data: 81 12 3D 28 10 1B 3A 7D
ID: 316, Data: 81 13 EB 27 10 1B 3A 7D
ID: 18F, Data: 8AA 33 0 0 0 0 0 0
ID: 43F, Data: 843 48 60 FF 6B CC 29 0
ID: 153, Data: 80 0 0 FF 0 FF 0 0
ID: 316, Data: 81 16 0 28 F 1A 3A 7D
ID: 153, Data: 80 0 0 FF 0 FF 0 0
ID: 316, Data: 81 17 67 28 F 1A 3A 7D
ID: 316, Data: 81 17 52 28 F 1A 3A 7D
ID: 1F1, Data: 80 DE C7 71 1C D2 11 1D
ID: 1F0, Data: 8FC 3F FD BF 0 0 0 0
ID: 370, Data: 8FF E0 F0 FF FF FF FF FF
ID: 43F, Data: 843 48 60 FF 6B 48 29 0
ID: 153, Data: 80 0 0 FF 0 FF 0 0
ID: 316, Data: 81 18 91 28 F 1A 39 7D
ID: 316, Data: 81 19 A6 28 F 1A 39 7D
ID: 329, Data: 8B AF 80 8 11 36 0 26
ID: 43F, Data: 843 48 60 FF 6B 10 29 0
ID: 43F, Data: 843 48 60 FF 6C C 29 0
ID: 43F, Data: 843 48 60 FF 6C EC 28 0
ID: 2A0, Data: 880 A 65 1C 30 0 F 0
ID: 316, Data: 89 11 0 28 F 1A 39 7D
ID: 153, Data: 80 0 0 FF 0 FF 0 0
ID: 316, Data: 89 11 D7 27 F 1A 39 7D
ID: 316, Data: 89 C AE 27 F 1A 38 7D
ID: 260, Data: 80 C 10 30 58 FF 74 28
ID: 153, Data: 80 0 0 FF 0 FF 0 0
ID: 153, Data: 80 0 0 FF 0 FF 0 0
ID: 1F1, Data: 80 AB BC B1 1B C5 51 1C
ID: A1, Data: 880 7F 80 7D 1A 0 0 0
ID: 316, Data: 89 4 23 27 10 1A 38 7D
ID: 316, Data: 89 0 37 27 10 1A 38 7D
ID: 280, Data: 830 0 20 AF 4E 16 65 38
ID: 43F, Data: 843 48 60 FF 6C C 28 0
ID: 316, Data: 89 0 4A 27 F 1A 38 7D
ID: 18F, Data: 8AA 32 0 0 0 0 0 0
ID: 370, Data: 8FF E0 F0 FF FF FF FF FF
ID: 18F, Data: 8AA 32 0 0 0 0 0 0
ID: 316, Data: 89 0 37 27 13 1A 37 7D
ID: 43F, Data: 843 48 60 FF 6B 9C 27 0
ID: 440, Data: 8FE C3 37 A0 FF AA AA AA
ID: 153, Data: 80 0 0 FF 0 FF 0 0
ID: 316, Data: 81 23 9A 27 1F 1A 37 7D
ID: 316, Data: 81 21 29 28 1E 1A 37 7D
ID: 18F, Data: 8AA 32 0 0 0 0 0 0
ID: 43F, Data: 843 48 60 FF 6C 2C 28 0
ID: 153, Data: 80 0 0 FF 0 FF 0 0
ID: 1F1, Data: 80 78 AC D1 1A B9 91 1B
ID: 316, Data: 81 1E 5E 27 20 1A 37 7D
ID: 545, Data: 8E4 5C 0 8D 41 0 41 0
ID: 153, Data: 80 0 0 FF 0 FF 0 0
ID: 316, Data: 81 1E 23 27 20 1A 37 7D
ID: 370, Data: 8FF E0 F0 FF FF FF FF FF
ID: 280, Data: 830 0 88 AF 4E 12 65 30
ID: 316, Data: 81 1F 23 27 20 1A 36 7D
ID: 2A0, Data: 8E0 8 65 1C 30 0 F 0
ID: 316, Data: 81 1F 72 27 10 1A 36 7D
ID: 153, Data: 80 0 0 FF 0 FF 0 0
ID: 316, Data: 81 1F 72 27 10 1A 36 7D
ID: 316, Data: 81 1E 72 27 10 1A 36 7D
ID: 153, Data: 80 0 0 FF 0 FF 0 0
ID: 316, Data: 81 1C 37 27 10 1A 36 7D
ID: 153, Data: 80 0 0 FF 0 FF 0 0
ID: 280, Data: 830 0 84 AF 4D 10 65 2B
ID: 316, Data: 81 1A 76 26 10 1A 36 7D
ID: A1, Data: 88D 7E 91 7C 14 0 0 0
ID: 43F, Data: 843 48 60 FF 6B F4 26 0
ID: 43F, Data: 843 48 60 FF 6C E4 26 0
ID: 545, Data: 8E4 47 0 8D 14 FF 14 FF
ID: 316, Data: 81 16 F3 25 1A 24 36 7D
ID: 18F, Data: 8AA 32 0 0 0 0 0 0
ID: 43F, Data: 843 48 60 FF 6B A4 26 0
ID: 153, Data: 80 0 0 FF 0 FF 0 0
ID: 153, Data: 80 0 0 FF 0 FF 0 0
ID: 316, Data: 81 16 62 25 1A 24 36 7D
ID: 153, Data: 80 0 0 FF 0 FF 0 0
ID: 316, Data: 81 17 98 25 1A 23 35 7D
ID: 316, Data: 81 18 AA 25 1A 23 35 7D
ID: 18F, Data: 8AA 32 0 0 0 0 0 0
ID: 43F, Data: 843 48 60 FF 6C 74 26 0
ID: 5F0, Data: 20 0
ID: 43F, Data: 843 48 60 FF 6B 2C 26 0
ID: 153, Data: 80 0 0 FF 0 FF 0 0
ID: 43F, Data: 843 48 60 FF 6B 10 26 0
ID: 545, Data: 8E4 5C 0 8D 4D FF 4D FF
ID: 153, Data: 80 0 0 FF 0 FF 0 0
ID: 316, Data: 841 20 6E 24 20 23 35 7D
ID: 153, Data: 80 0 0 FF 0 FF 0 0
ID: 43F, Data: 843 48 60 FF 6B 4 26 0
ID: 18F, Data: 8AA 32 0 0 0 0 0 0
ID: 43F, Data: 843 48 60 FF 6C 4 26 0
ID: 153, Data: 80 0 0 FF 0 FF 0 0
ID: 153, Data: 80 0 0 FF 0 FF 0 0
ID: 316, Data: 849 1B 98 25 19 23 34 7D
ID: 18F, Data: 8AA 34 0 0 0 0 0 0
ID: 316, Data: 849 14 F7 24 1A 23 34 7D
ID: 1F1, Data: 80 68 A3 F1 19 A8 51 1A
ID: 18F, Data: 8AA 35 0 0 0 0 0 0
ID: 43F, Data: 843 48 60 FF 6C 84 25 0
ID: 153, Data: 80 0 0 FF 0 FF 0 0
ID: 43F, Data: 843 48 60 FF 6B 48 25 0
ID: 316, Data: 849 8 21 22 1B 23 34 7D
ID: 280, Data: 830 0 20 AF 43 12 65 32
ID: 316, Data: 849 3 E5 21 1B 23 34 7D
ID: 329, Data: 840 AF 80 8 11 32 0 26
ID: 5F0, Data: 20 0
ID: 43F, Data: 843 48 60 FF 6B C0 24 0
ID: 153, Data: 80 0 0 FF 0 FF 0 0
ID: A1, Data: 880 7F 80 7D 1A 0 0 0
ID: 316, Data: 849 0 86 23 1A 23 33 7D
ID: 280, Data: 830 0 20 AF 47 15 65 3A
ID: 153, Data: 80 0 0 FF 0 FF 0 0
ID: 316, Data: 849 0 C7 23 1A 23 33 7D
ID: 316, Data: 849 0 C7 23 1A 23 32 7D
ID: A1, Data: 880 7F 80 7D 1C 0 0 0
ID: 43F, Data: 843 48 60 FF 6B 0 24 0
ID: 43F, Data: 843 48 60 FF 6C F4 23 0
ID: 280, Data: 830 0 20 AF 46 16 65 3D
ID: 316, Data: 849 0 55 23 1A 23 32 7D
ID: 316, Data: 849 0 26 23 1A 23 32 7D
ID: 5F0, Data: 20 0
ID: 316, Data: 849 0 E7 22 1A 23 32 7D
ID: 316, Data: 849 0 E7 22 1A 23 31 7D
ID: 18F, Data: 8AA 39 0 0 0 0 0 0
ID: 153, Data: 80 0 0 FF 0 FF 0 0
ID: 43F, Data: 843 48 60 FF 6B 40 23 0
ID: 153, Data: 80 0 0 FF 0 FF 0 0
ID: 316, Data: 849 0 A9 22 1A 22 31 7D
ID: 316, Data: 849 0 7B 22 1A 23 31 7D
ID: 280, Data: 830 0 20 AF 44 16 65 3E
ID: 43F, Data: 843 48 60 FF 6C B8 22 0
ID: 316, Data: 849 0 12 22 1A 22 30 7D
ID: 153, Data: 80 0 0 FF 0 FF 0 0
ID: 316, Data: 849 0 E5 21 1A 22 30 7D
ID: 153, Data: 80 0 0 FF 0 FF 0 0
ID: 153, Data: 80 0 0 FF 0 FF 0 0
ID: 316, Data: 849 0 9D 21 1A 22 30 7D
ID: 153, Data: 80 0 0 FF 0 FF 0 0
ID: 260, Data: 80 0 1A 30 58 FF 57 29
ID: 316, Data: 849 0 80 21 1A 22 30 7D
ID: 5F0, Data: 20 0
ID: 316, Data: 849 0 47 21 1A 22 2F 7D
ID: 43F, Data: 843 48 60 FF 6C E0 21 0
ID: 260, Data: 80 0 1A 30 58 FF 57 29
ID: 153, Data: 80 0 0 FF 0 FF 0 0
ID: 316, Data: 849 0 0 21 1A 22 2F 7D
ID: 153, Data: 80 0 0 FF 0 FF 0 0
ID: 280, Data: 830 0 20 AF 41 16 65 3F
ID: 316, Data: 849 0 C9 20 1A 22 2E 7D
ID: A0, Data: 828 7C C9 20 2F 2C 4 0
ID: 43F, Data: 843 48 60 FF 6B C 21 0
ID: 316, Data: 849 0 77 20 1A 22 2E 7D
ID: 370, Data: 8FF E0 F0 FF FF FF FF FF
ID: 316, Data: 849 0 42 20 1B 22 2E 7D
ID: 43F, Data: 843 48 60 FF 6C D8 20 0
ID: 43F, Data: 843 48 60 FF 6C D4 20 0
ID: 18F, Data: 8AA 3D 0 0 0 0 0 0
ID: 153, Data: 80 0 0 FF 0 FF 0 0
ID: 316, Data: 849 0 F2 1F 1B 22 2D 7D
ID: 43F, Data: 843 48 60 FF 6B 74 20 0
ID: 316, Data: 849 0 D8 1F 1B 22 2D 7D
ID: A0, Data: 829 7C CB 1F 2E 2C 4 0
ID: 153, Data: 80 0 0 FF 0 FF 0 0
ID: 316, Data: 849 0 8B 1F 1B 22 2D 7D
ID: 153, Data: 80 0 0 FF 0 FF 0 0
ID: 545, Data: 8E4 0 0 8D 99 FD 99 FD
ID: 316, Data: 849 0 59 1F 20 22 2C 7D
ID: A0, Data: 829 7C 40 1F 2D 2C 4 0
ID: 43F, Data: 843 48 60 FF 6C B0 1F 0
ID: 440, Data: 8FE 13 2C A0 FF AA AA AA
ID: 316, Data: 849 0 C4 1E 23 22 2C 7D
ID: 316, Data: 849 0 C4 1E 23 22 2C 7D
ID: 43F, Data: 843 48 60 FF 6B 68 1F 0
ID: 316, Data: 849 0 A0 1E 23 22 2C 7D
ID: A0, Data: 827 7C A0 1E 2C 2B 4 0
ID: 153, Data: 80 0 0 FF 0 FF 0 0
ID: 316, Data: 849 0 65 1E 23 22 2B 7D
ID: 153, Data: 80 0 0 FF 0 FF 0 0
ID: 18F, Data: 8AA 3E 0 0 0 0 0 0
ID: 316, Data: 841 17 13 1E 2A 22 2B 7D
ID: 153, Data: 80 0 0 FF 0 FF 0 0
ID: 153, Data: 80 0 0 FF 0 FF 0 0
ID: 18F, Data: 8AA 3E 0 0 0 0 0 0
ID: 316, Data: 841 25 65 1F 38 22 2B 7D
ID: 43F, Data: 843 48 60 FF 6B 28 1F 0
ID: A0, Data: 839 7C 8B 1F 2B 31 2 0
ID: 316, Data: 841 2E B2 1F 3B 22 2A 7D
ID: 316, Data: 841 30 BE 1F 3B 21 2A 7D
ID: 43F, Data: 843 48 60 FF 6C C0 1E 0
ID: 18F, Data: 8AA 3F 0 0 0 0 0 0
ID: 153, Data: 80 0 0 FF 0 FF 0 0
ID: 316, Data: 841 35 27 20 39 20 2B 7D
ID: A0, Data: 843 7C 27 20 2B 32 2 0
ID: 316, Data: 841 37 4F 20 39 1F 2B 7D
ID: 316, Data: 841 38 4F 20 37 1F 2B 7D
ID: 43F, Data: 843 48 60 FF 6C C 1F 0
ID: 18F, Data: 8AA 3F 0 0 0 0 0 0
ID: 153, Data: 80 0 0 FF 0 FF 0 0
ID: 2A0, Data: 861 5 65 1C 30 0 F 0
ID: 545, Data: 8E4 92 0 8D BD 1 BD 1
ID: 260, Data: 8B 38 35 30 58 FF D8 1E
ID: 43F, Data: 843 48 60 FF 6B 30 1F 0
ID: 316, Data: 841 36 77 20 33 1F 2B 7D
ID: A1, Data: 888 7B 83 7E 2E 0 0 0
ID: 316, Data: 841 36 77 20 24 1F 2B 7D
ID: 316, Data: 841 36 92 20 1F 1F 2B 7D
ID: 316, Data: 841 32 85 20 1C 20 2B 7D
ID: 545, Data: 8E4 79 0 8D 32 1 32 1
ID: 153, Data: 80 0 0 FF 0 FF 0 0
ID: 316, Data: 841 2F 42 20 19 21 2B 7D
ID: 153, Data: 80 0 0 FF 0 FF 0 0
ID: A1, Data: 887 7B 81 7E 27 0 0 0
ID: 280, Data: 830 0 88 B0 40 19 65 45
ID: 2A0, Data: 840 5 65 1C 30 0 F 0
ID: 43F, Data: 843 48 60 FF 6B 68 1F 0
ID: 153, Data: 80 0 0 FF 0 FF 0 0
ID: 280, Data: 830 0 84 B0 3E 14 65 38
ID: 316, Data: 841 1F 27 1F 1B 23 2B 7D
ID: 440, Data: 8FE 63 2B A0 FF AA AA AA
ID: 316, Data: 841 1C 94 1E 1C 23 2B 7D
ID: 153, Data: 80 0 0 FF 0 FF 0 0
ID: 545, Data: 8E4 41 0 8D 64 FF 64 FF
ID: 370, Data: 8FF DE F0 FF FF FF FF FF
ID: A1, Data: 888 7F 7D 7D 18 0 0 0
ID: 316, Data: 841 16 48 1D 1C 23 2B 7D
ID: 316, Data: 841 16 BC 1C 13 19 2B 7D
ID: 43F, Data: 843 48 60 FF 6C C 1F 0
ID: 153, Data: 80 0 0 FF 0 FF 0 0
ID: 153, Data: 80 0 0 FF 0 FF 0 0
ID: 2A0, Data: 8E0 4 65 1C 30 0 F 0
ID: 545, Data: 8E4 3E 0 8D E5 FF E5 FF
ID: 260, Data: 8B 17 14 30 58 FF 6B 18
ID: 316, Data: 841 17 2C 1B 14 19 2B 7D
ID: 329, Data: 885 B0 80 8 11 30 0 26
ID: 5F0, Data: 20 0
ID: 316, Data: 81 1B 10 1B 18 19 2A 7D
ID: 153, Data: 80 0 0 FF 0 FF 0 0
ID: 1F0, Data: 8FD 3F FD BF 0 0 0 0
ID: 18F, Data: 8AA 40 0 0 0 0 0 0
ID: A0, Data: 81F 7C 21 1C 2B 27 2 0
ID: 329, Data: 885 B0 80 8 11 33 A 26
ID: 260, Data: 8B 20 2B 30 58 FF CE 3B
ID: 316, Data: 81 21 AC 1E 2B 19 2A 7D
ID: 316, Data: 81 24 B8 1E 2B 19 2A 7D
ID: 43F, Data: 843 48 60 FF 6B 9C 1E 0
ID: 43F, Data: 843 48 60 FF 6B 30 1E 0
ID: 153, Data: 80 0 0 FF 0 FF 0 0
ID: 316, Data: 81 27 40 1F 2B 18 2A 7D
ID: 153, Data: 80 0 0 FF 0 FF 0 0
ID: 153, Data: 80 0 0 FF 0 FF 0 0
ID: 316, Data: 81 28 27 1F 2A 18 2A 7D
ID: 43F, Data: 843 48 60 FF 6C 38 1E 0
ID: 280, Data: 830 0 88 B0 3E 19 65 44
ID: 153, Data: 80 0 0 FF 0 FF 0 0
ID: 329, Data: 8B B0 80 8 11 36 D 26
ID: 316, Data: 81 29 27 1F 31 18 2A 7D
ID: 329, Data: 840 B0 80 8 11 36 F 26
ID: 43F, Data: 843 48 60 FF 6C 4C 1E 0
ID: 370, Data: 8FF DE F0 FF FF FF FF FF
ID: A1, Data: 88D 7A 89 7B 23 0 0 0
ID: 316, Data: 81 2F 8B 1F 31 17 2A 7D
ID: 316, Data: 81 30 B2 1F 31 17 2A 7D
ID: 43F, Data: 843 48 60 FF 6C 74 1E 0
ID: 316, Data: 81 30 BE 1F 31 17 2A 7D
ID: 153, Data: 80 0 0 FF 0 FF 0 0
ID: 316, Data: 81 32 BE 1F 30 17 2A 7D
ID: 153, Data: 80 0 0 FF 0 FF 0 0
ID: 316, Data: 81 30 BE 1F 30 17 2A 7D
ID: 316, Data: 81 31 B2 1F 30 17 2A 7D
ID: A1, Data: 88B 7A 85 7B 29 0 0 0
ID: 43F, Data: 843 48 60 FF 6B A4 1E 0
ID: 43F, Data: 843 48 60 FF 6C B4 1E 0
ID: 545, Data: 8E4 74 0 8D D4 1 D4 1
ID: 316, Data: 81 2E E5 1F 16 17 2A 7D
ID: 316, Data: 81 2B CB 1F 17 17 2A 7D
ID: 43F, Data: 843 48 60 FF 6C BC 1E 0
ID: 43F, Data: 843 48 60 FF 6B B4 1E 0
ID: A1, Data: 888 7A 84 7B 22 0 0 0
ID: 316, Data: 81 23 4C 1F 18 19 2A 7D
ID: 316, Data: 81 22 27 1F 18 19 2A 7D
ID: A0, Data: 81C 7C 27 1F 2B 28 2 0
ID: 370, Data: 8FF DE F0 FF FF FF FF FF
ID: 440, Data: 8FE 13 2A A0 FF AA AA AA
ID: 316, Data: 81 1C A0 1E 12 19 2A 7D
ID: 280, Data: 830 0 88 B0 3C 11 65 31
ID: 153, Data: 80 0 0 FF 0 FF 0 0
ID: 316, Data: 81 1A 4D 1E 13 19 2A 7D
ID: 316, Data: 81 1A F0 1D 13 19 2A 7D
ID: A0, Data: 81A 7C CE 1D 2B 26 2 0
ID: 316, Data: 81 19 CE 1D 13 19 2A 7D
ID: 316, Data: 81 18 95 1D 13 19 2A 7D
ID: 43F, Data: 843 48 60 FF 6C 58 1E 0
ID: 316, Data: 81 17 48 1D 13 19 2A 7D
ID: 18F, Data: 8AA 3A 0 0 0 0 0 0
ID: 316, Data: 81 15 C6 1C 13 19 2A 7D
ID: 153, Data: 80 0 0 FF 0 FF 0 0
ID: 316, Data: 81 13 3F 1C 14 19 2A 7D
ID: 316, Data: 81 12 2 1C 14 19 2A 7D
ID: A0, Data: 81B 7C 2 1C 2A 27 2 0
ID: 43F, Data: 843 48 60 FF 6B 18 1E 0
ID: 153, Data: 80 0 0 FF 0 FF 0 0
ID: 153, Data: 80 0 0 FF 0 FF 0 0
ID: 316, Data: 81 14 A1 1A 14 19 2A 7D
ID: 153, Data: 80 0 0 FF 0 FF 0 0
ID: 545, Data: 8E4 32 0 8D B2 FF B2 FF
ID: 316, Data: 81 15 86 1A 14 19 29 7D
ID: 5F0, Data: 20 0
ID: 316, Data: 81 15 7D 1A 14 19 29 7D
ID: 316, Data: 81 15 98 1A 14 19 29 7D
ID: 18F, Data: 8AA 39 0 0 0 0 0 0
ID: 43F, Data: 843 48 60 FF 6C 50 1D 0
ID: 43F, Data: 843 48 60 FF 6C 38 1D 0
ID: 43F, Data: 843 48 60 FF 6B 34 1D 0
ID: A1, Data: 883 7D 93 7B 17 0 0 0
ID: 316, Data: 81 1C 2B 1C 1C 19 28 7D
ID: 316, Data: 81 1C 9C 1C 1E 19 28 7D
ID: 5F0, Data: 20 0
ID: 43F, Data: 843 48 60 FF 6B 30 1D 0
ID: 316, Data: 81 1B 27 1D 20 19 28 7D
ID: 18F, Data: 8AA 38 0 0 0 0 0 0
ID: 5F0, Data: 20 0
ID: 316, Data: 81 1D F1 1C 20 19 28 7D
ID: 43F, Data: 843 48 60 FF 6C E0 1C 0
ID: 440, Data: 8FE 13 28 A0 FF AA AA AA
ID: A1, Data: 895 7A 94 7B 18 0 0 0
ID: 316, Data: 81 1F 1C 1D 20 19 28 7D
ID: 316, Data: 81 1F 32 1D 20 19 28 7D
ID: 43F, Data: 843 48 60 FF 6B 0 1D 0
ID: 316, Data: 81 1F 32 1D 20 19 28 7D
ID: 18F, Data: 8AA 38 0 0 0 0 0 0
ID: 5F0, Data: 20 0
ID: 153, Data: 80 0 0 FF 0 FF 0 0
ID: 43F, Data: 843 48 60 FF 6B C8 1C 0
ID: 260, Data: 8B 20 20 30 58 FF CC 1A
ID: 153, Data: 80 0 0 FF 0 FF 0 0
ID: 280, Data: 830 0 88 B0 3A 13 65 36
ID: 316, Data: 81 20 1C 1D 20 19 28 7D
ID: A0, Data: 824 7C 27 1D 28 2A 2 0
ID: 316, Data: 81 20 11 1D 20 19 28 7D
ID: 1F1, Data: 80 78 3D A1 13 41 31 14
ID: 316, Data: 81 20 11 1D 20 19 28 7D
ID: 316, Data: 81 20 7 1D 20 19 28 7D
ID: A1, Data: 88E 7A 8D 7B 1A 0 0 0
ID: 316, Data: 81 20 FC 1C 20 19 28 7D
ID: 153, Data: 80 0 0 FF 0 FF 0 0
ID: 1F0, Data: 8F9 3F FD BF 0 0 0 0
ID: 316, Data: 81 20 F1 1C 20 19 28 7D
ID: 153, Data: 80 0 0 FF 0 FF 0 0
ID: 316, Data: 81 20 E6 1C 20 19 27 7D
ID: 370, Data: 8FF DE F0 FF FF FF FF FF
ID: 316, Data: 81 20 E6 1C 20 19 27 7D
ID: 153, Data: 80 0 0 FF 0 FF 0 0
ID: 43F, Data: 843 48 60 FF 6B 8C 1C 0
ID: 43F, Data: 843 48 60 FF 6C 90 1C 0
ID: 329, Data: 8B B0 80 8 11 31 6 26
ID: 316, Data: 81 20 BC 1C 27 19 27 7D
ID: 316, Data: 81 20 BC 1C 29 19 27 7D
ID: 260, Data: 8B 22 2A 30 58 FF CB 0
ID: 43F, Data: 843 48 60 FF 6C 70 1C 0
ID: 43F, Data: 843 48 60 FF 6C 6C 1C 0
ID: 153, Data: 80 0 0 FF 0 FF 0 0
ID: 316, Data: 81 27 1C 1D 2D 18 27 7D
ID: 153, Data: 80 0 0 FF 0 FF 0 0
ID: 329, Data: 8B B0 80 8 11 35 B 26
ID: 316, Data: 81 28 5E 1D 2C 18 27 7D
ID: 329, Data: 840 B0 80 8 11 36 B 26
ID: 316, Data: 81 2A 7F 1D 2C 18 27 7D
ID: 5F0, Data: 20 0
ID: A0, Data: 832 7C 74 1D 28 2D 2 0
ID: A1, Data: 886 7A 86 7B 21 0 0 0
ID: A1, Data: 886 7A 86 7B 21 0 0 0
ID: 153, Data: 80 0 0 FF 0 FF 0 0
ID: 153, Data: 80 0 0 FF 0 FF 0 0
ID: 43F, Data: 843 48 60 FF 6C 70 1C 0
ID: 260, Data: 8B 2C 2C 30 58 FF D5 27
ID: 43F, Data: 843 48 60 FF 6B 7C 1C 0
ID: 280, Data: 830 0 88 B0 3A 1B 65 49
ID: 153, Data: 80 0 0 FF 0 FF 0 0
ID: 316, Data: 81 2B 8A 1D 2C 18 27 7D
ID: 316, Data: 81 2C 7F 1D 2B 18 27 7D
ID: 18F, Data: 8AA 36 0 0 0 0 0 0
ID: 316, Data: 81 2C 95 1D 2B 18 27 7D
ID: 43F, Data: 843 48 60 FF 6B 94 1C 0
ID: 316, Data: 81 2C A1 1D 2B 18 27 7D
ID: 153, Data: 80 0 0 FF 0 FF 0 0
ID: 316, Data: 81 2C CE 1D 2B 18 27 7D
ID: 316, Data: 81 2C B7 1D 2B 18 27 7D
ID: 2A0, Data: 861 6 65 1C 30 0 F 0
ID: 43F, Data: 843 48 60 FF 6C A8 1C 0
ID: 153, Data: 80 0 0 FF 0 FF 0 0
ID: 1F1, Data: 80 1 3A 61 13 40 51 14
ID: 316, Data: 81 2C 95 1D 2B 18 28 7D
ID: 2A0, Data: 8A1 7 65 1C 30 0 F 0
ID: 316, Data: 81 2C 7F 1D 2B 18 28 7D
ID: 316, Data: 81 2C 8A 1D 2B 18 28 7D
ID: 260, Data: 8B 2C 2C 30 58 FF D5 18
ID: 43F, Data: 843 48 60 FF 6B 94 1C 0
ID: 43F, Data: 843 48 60 FF 6B 9C 1C 0
ID: 316, Data: 81 2C A1 1D 2B 18 27 7D
ID: 316, Data: 81 2B 95 1D 2B 18 27 7D
ID: 43F, Data: 843 48 60 FF 6B 8C 1C 0
ID: 440, Data: 8FE B3 27 A0 FF AA AA AA
ID: 153, Data: 80 0 0 FF 0 FF 0 0
ID: 316, Data: 81 2B A1 1D 2B 18 27 7D
ID: 316, Data: 81 2B 95 1D 2B 18 27 7D
ID: A0, Data: 830 7C A1 1D 28 2D 2 0
ID: 43F, Data: 843 48 60 FF 6B A0 1C 0
ID: 370, Data: 8FF DE F0 FF FF FF FF FF
ID: 153, Data: 80 0 0 FF 0 FF 0 0
ID: 316, Data: 81 2C 95 1D 2B 18 27 7D
ID: 316, Data: 81 2C A1 1D 2A 18 27 7D
ID: 260, Data: 8B 2C 29 30 58 FF D5 39
ID: 43F, Data: 843 48 60 FF 6C A8 1C 0
ID: 545, Data: 8E4 5C 0 8C 5C 1 5C 1
ID: 316, Data: 81 2B A1 1D 29 18 28 7D
ID: 316, Data: 81 2A 95 1D 29 18 27 7D
ID: 18F, Data: 8AA 35 0 0 0 0 0 0
ID: 370, Data: 8FF DE F0 FF FF FF FF FF
ID: 153, Data: 80 0 0 FF 0 FF 0 0
ID: 316, Data: 81 2A A1 1D 29 18 28 7D
ID: 43F, Data: 843 48 60 FF 6B A4 1C 0
ID: 370, Data: 8FF DE F0 FF FF FF FF FF
ID: 316, Data: 81 29 7F 1D 29 18 28 7D
ID: 5F0, Data: 20 0
ID: 370, Data: 8FF DE F0 FF FF FF FF FF
ID: 316, Data: 81 29 74 1D 29 18 28 7D
ID: A1, Data: 882 7A 7D 7B 20 0 0 0
ID: 43F, Data: 843 48 60 FF 6C A8 1C 0
ID: 43F, Data: 843 48 60 FF 6B B8 1C 0
ID: 18F, Data: 8AA 35 0 0 0 0 0 0
ID: 316, Data: 81 28 74 1D 29 18 28 7D
ID: 153, Data: 80 0 0 FF 0 FF 0 0
ID: 316, Data: 81 29 48 1D 28 18 28 7D
ID: 316, Data: 81 29 3D 1D 26 18 28 7D
ID: A0, Data: 82D 7C 3D 1D 28 2C 2 0
ID: 316, Data: 81 29 27 1D 18 18 28 7D
ID: 316, Data: 81 28 1C 1D 12 18 28 7D
ID: 370, Data: 8FF E0 F0 FF FF FF FF FF
ID: 316, Data: 81 26 1C 1D 12 18 28 7D
ID: 5F0, Data: 20 0
ID: 43F, Data: 843 48 60 FF 6C 84 1C 0
ID: 153, Data: 80 0 0 FF 0 FF 0 0
ID: A1, Data: 882 7A 80 7B 1C 0 0 0
ID: 316, Data: 81 1D 87 1C 13 19 27 7D
ID: 545, Data: 8E4 38 0 8C 31 0 31 0
ID: 316, Data: 81 1B 49 1C 1A 19 27 7D
ID: 153, Data: 80 0 0 FF 0 FF 0 0
ID: A0, Data: 819 7C 3F 1C 28 26 2 0
ID: 316, Data: 81 1B E4 1B 23 19 27 7D
ID: 2A0, Data: 81 7 65 1C 30 0 F 0
ID: 43F, Data: 843 48 60 FF 6C 40 1C 0
ID: 153, Data: 80 0 0 FF 0 FF 0 0
ID: 316, Data: 81 21 54 1C 25 19 27 7D
ID: 5F0, Data: 20 0
ID: A1, Data: 880 7A 80 7B 19 0 0 0
ID: A0, Data: 829 7C B1 1C 27 2B 2 0
ID: 260, Data: 8B 24 27 30 58 FF CC 2E
ID: 153, Data: 80 0 0 FF 0 FF 0 0
ID: 153, Data: 80 0 0 FF 0 FF 0 0
ID: 316, Data: 81 24 D1 1C 2B 19 27 7D
ID: 43F, Data: 843 48 60 FF 6B C 1C 0
ID: 316, Data: 81 25 B1 1C 2C 18 27 7D
ID: 153, Data: 80 0 0 FF 0 FF 0 0
ID: 153, Data: 80 0 0 FF 0 FF 0 0
ID: 316, Data: 81 28 E6 1C 2F 18 27 7D
ID: 440, Data: 8FE 13 27 A0 FF AA AA AA
ID: 316, Data: 81 2A 7 1D 30 18 27 7D
ID: 153, Data: 80 0 0 FF 0 FF 0 0
ID: 43F, Data: 843 48 60 FF 6C 30 1C 0
ID: 43F, Data: 843 48 60 FF 6B 20 1C 0
ID: 316, Data: 81 2C 32 1D 2F 18 27 7D
ID: 153, Data: 80 0 0 FF 0 FF 0 0
ID: 316, Data: 81 2D 3D 1D 2F 18 27 7D
ID: 153, Data: 80 0 0 FF 0 FF 0 0
ID: 2A0, Data: 81 8 65 1C 30 0 F 0
ID: 316, Data: 81 2E 53 1D 2F 17 27 7D
ID: 316, Data: 81 2E 48 1D 2F 17 27 7D
ID: 153, Data: 80 0 0 FF 0 FF 0 0
ID: 153, Data: 80 0 0 FF 0 FF 0 0
ID: 316, Data: 81 2F 53 1D 2F 17 27 7D
ID: 440, Data: 8FE 63 27 A0 FF AA AA AA
ID: 316, Data: 81 2E 69 1D 2F 17 27 7D
ID: 153, Data: 80 0 0 FF 0 FF 0 0
ID: 1F0, Data: 8FD 3F FD BF 0 0 0 0
ID: 43F, Data: 843 48 60 FF 6B 74 1C 0
ID: 153, Data: 80 0 0 FF 0 FF 0 0
ID: 260, Data: 8B 30 2F 30 58 FF D7 2D
ID: 316, Data: 81 2F 95 1D 2E 17 27 7D
ID: 43F, Data: 843 48 60 FF 6C 5C 1C 0
ID: 316, Data: 81 30 95 1D 2A 17 27 7D
ID: 153, Data: 80 0 0 FF 0 FF 0 0
ID: 153, Data: 80 0 0 FF 0 FF 0 0
ID: 316, Data: 81 2F A1 1D 11 17 27 7D
ID: 153, Data: 80 0 0 FF 0 FF 0 0
ID: 316, Data: 81 2E A1 1D 11 18 27 7D
ID: 153, Data: 80 0 0 FF 0 FF 0 0
ID: 1F1, Data: 80 23 38 71 13 3F 1 14
ID: 316, Data: 81 24 48 1D 12 18 27 7D
ID: A0, Data: 823 7C 8A 1D 28 28 2 0
ID: 5F0, Data: 20 0
ID: 316, Data: 81 1E 87 1C 13 19 27 7D
ID: 440, Data: 8FE 63 27 A0 FF AA AA AA
ID: A1, Data: 880 7E 79 7D 17 0 0 0
ID: 153, Data: 80 0 0 FF 0 FF 0 0
ID: 316, Data: 81 19 EE 1B 13 19 27 7D
ID: 153, Data: 80 0 0 FF 0 FF 0 0
ID: 260, Data: 8B 18 14 30 58 FF 98 8
ID: 316, Data: 81 17 3F 1B 14 19 27 7D
ID: A1, Data: 880 7F 79 7D 15 0 0 0
ID: 316, Data: 81 14 C6 1A 14 19 27 7D
ID: 153, Data: 80 0 0 FF 0 FF 0 0
ID: A1, Data: 880 7F 79 7D 15 0 0 0
ID: 316, Data: 81 14 B4 19 15 19 27 7D
ID: 1F0, Data: 8FE 3F FD BF 0 0 0 0
ID: 43F, Data: 843 48 60 FF 6B 8 1C 0
ID: 43F, Data: 843 48 60 FF 6C 14 1C 0
ID: 440, Data: 8FE B3 26 A0 FF AA AA AA
ID: 153, Data: 80 0 0 FF 0 FF 0 0
ID: 1F1, Data: 80 CD 32 21 13 37 A1 13
ID: 316, Data: 81 1C 23 1B 1C 19 27 7D
ID: A1, Data: 880 7A 79 7B 16 0 0 0
ID: 43F, Data: 843 48 60 FF 6C D4 1B 0
ID: 43F, Data: 843 48 60 FF 6C D0 1B 0
ID: 260, Data: 8B 1C 1E 30 58 FF C6 18
ID: 316, Data: 81 1C A9 1B 1F 19 26 7C
ID: 2A0, Data: 81 6 65 1C 30 0 F 0
ID: 43F, Data: 843 48 60 FF 6B A4 1B 0
ID: 43F, Data: 843 48 60 FF 6B 90 1B 0
ID: 316, Data: 81 1F 6F 1B 23 19 26 7D
ID: 316, Data: 81 20 9F 1B 24 19 26 7D
ID: 316, Data: 81 20 A9 1B 26 19 26 7C
ID: 43F, Data: 843 48 60 FF 6B 74 1B 0
ID: 316, Data: 81 22 B3 1B 25 19 26 7C
ID: 153, Data: 80 0 0 FF 0 FF 0 0
ID: 153, Data: 80 0 0 FF 0 FF 0 0
ID: 316, Data: 81 23 C 1C 25 19 26 7C
ID: A0, Data: 828 7C C 1C 26 2A 2 0
ID: 316, Data: 81 24 2 1C 25 19 26 7C
ID: 316, Data: 81 24 C 1C 25 19 26 7C
ID: 316, Data: 81 24 2 1C 25 19 26 7C
ID: 153, Data: 80 0 0 FF 0 FF 0 0
ID: 153, Data: 80 0 0 FF 0 FF 0 0
ID: 5F0, Data: 20 0
ID: A0, Data: 82A 7C E4 1B 26 2B 2 0
ID: 260, Data: 8B 25 26 30 58 FF CB 10
ID: 5F0, Data: 20 0
ID: 316, Data: 81 25 C 1C 25 18 26 7C
ID: 153, Data: 80 0 0 FF 0 FF 0 0
ID: 280, Data: 830 0 88 B0 38 17 65 3C
ID: 440, Data: 8FE B3 26 A0 FF AA AA AA
ID: 153, Data: 80 0 0 FF 0 FF 0 0
ID: 316, Data: 81 25 F8 1B 26 18 26 7C
ID: 153, Data: 80 0 0 FF 0 FF 0 0
ID: 260, Data: 8B 26 27 30 58 FF CC 2C
ID: 316, Data: 81 25 C 1C 27 18 26 7C
ID: 43F, Data: 843 48 60 FF 6B 58 1B 0
ID: 43F, Data: 843 48 60 FF 6B 50 1B 0
ID: 2A0, Data: 861 6 65 1C 30 0 F 0
ID: 316, Data: 81 25 F8 1B 27 18 26 7C
ID: 316, Data: 81 25 EE 1B 27 18 26 7C
ID: 260, Data: 8B 26 28 30 58 FF CC 3A
ID: 43F, Data: 843 48 60 FF 6B 44 1B 0
ID: 440, Data: 8FE 13 25 A0 FF AA AA AA
ID: 153, Data: 80 0 0 FF 0 FF 0 0
ID: 260, Data: 8B 26 2D 30 58 FF CC 17
ID: 316, Data: 81 26 F8 1B 31 18 26 7C
ID: 43F, Data: 843 48 60 FF 6C 48 1B 0
ID: 370, Data: 8FF E1 F0 FF FF FF FF FF
ID: 153, Data: 80 0 0 FF 0 FF 0 0
ID: 316, Data: 81 2C 49 1C 36 18 26 7C
ID: 316, Data: 81 2C 68 1C 37 18 26 7C
ID: 2A0, Data: 8C1 7 65 1C 30 0 F 0
ID: 43F, Data: 843 48 60 FF 6C 64 1B 0
ID: 153, Data: 80 0 0 FF 0 FF 0 0
ID: 440, Data: 8FE B3 25 A0 FF AA AA AA
ID: 316, Data: 81 32 F1 1C 37 17 26 7C
ID: 153, Data: 80 0 0 FF 0 FF 0 0
ID: 316, Data: 81 34 11 1D 38 16 26 7C
ID: 1F0, Data: 8F9 3F FD BF 0 0 0 0
ID: 2A0, Data: 81 8 65 1C 30 0 F 0
ID: 153, Data: 80 0 0 FF 0 FF 0 0
ID: 18F, Data: 8AA 32 0 0 0 0 0 0
ID: 316, Data: 81 36 53 1D 37 16 26 7C
ID: 153, Data: 80 0 0 FF 0 FF 0 0
ID: A1, Data: 881 7F 83 80 2D 0 0 0
ID: 329, Data: 8B B0 80 8 11 38 12 26
ID: 1F0, Data: 8F9 3F FD BF 0 0 0 0
ID: 153, Data: 80 0 0 FF 0 FF 0 0
ID: 43F, Data: 843 48 60 FF 6B DC 1B 0
ID: A1, Data: 880 7F 82 80 2E 0 0 0
ID: 43F, Data: 843 48 60 FF 6B EC 1B 0
ID: 316, Data: 81 38 AC 1D 36 15 26 7C
ID: A1, Data: 880 7F 81 80 2E 0 0 0
ID: 153, Data: 80 0 0 FF 0 FF 0 0
ID: 316, Data: 81 38 C3 1D 33 15 26 7C
ID: 440, Data: 8FE B3 26 A0 FF AA AA AA
ID: 153, Data: 80 0 0 FF 0 FF 0 0
ID: 316, Data: 81 37 E5 1D 2F 15 27 7C
ID: 153, Data: 80 0 0 FF 0 FF 0 0
ID: 316, Data: 81 36 FC 1D 2F 16 27 7C
ID: 1F0, Data: 8FA 3F FD BF 0 0 0 0
ID: 329, Data: 8B B0 80 8 11 37 E 26
ID: 18F, Data: 8AA 32 0 0 0 0 0 0
ID: 5F0, Data: 20 0
ID: 260, Data: 8B 33 30 30 58 FF DA 7
ID: 545, Data: 8E4 6A 0 8D 3 2 3 2
ID: 43F, Data: 843 48 60 FF 6B 78 1C 0
ID: 43F, Data: 843 48 60 FF 6B 8C 1C 0
ID: 43F, Data: 843 48 60 FF 6C 94 1C 0
ID: A1, Data: 87A 7F 7E 80 2B 0 0 0
ID: 153, Data: 80 0 0 FF 0 FF 0 0
ID: 316, Data: 81 31 D9 1D 30 16 27 7C
ID: 153, Data: 80 0 0 FF 0 FF 0 0
ID: 329, Data: 840 B0 80 8 11 36 E 26
ID: 316, Data: 81 30 E5 1D 30 17 27 7C
ID: 2A0, Data: 861 B 65 1C 30 0 F 0
ID: 316, Data: 81 31 C3 1D 30 17 28 7C
ID: 153, Data: 80 0 0 FF 0 FF 0 0
ID: 1F1, Data: 80 AB 40 C1 13 44 51 14
ID: 316, Data: 81 31 C3 1D 30 17 28 7C
ID: 43F, Data: 843 48 60 FF 6C FC 1C 0
ID: 316, Data: 81 2F AC 1D 30 17 28 7C
ID: 153, Data: 80 0 0 FF 0 FF 0 0
ID: 5F0, Data: 20 0
ID: 316, Data: 81 2F D9 1D 2F 17 28 7C
ID: 43F, Data: 843 48 60 FF 6C 3C 1D 0
ID: 43F, Data: 843 48 60 FF 6C 4C 1D 0
ID: 153, Data: 80 0 0 FF 0 FF 0 0
ID: 316, Data: 81 2F 2A 1E 11 17 28 7C
ID: 316, Data: 81 2C 2A 1E 11 18 28 7C
ID: 545, Data: 8E4 4E 0 8D 20 1 20 1
ID: 43F, Data: 843 48 60 FF 6C 2C 1D 0
ID: 43F, Data: 843 48 60 FF 6B 14 1D 0
ID: 440, Data: 8FE B3 28 A0 FF AA AA AA
ID: 316, Data: 81 1E 7 1D 13 19 28 7C
ID: A1, Data: 874 7C 71 7D 18 0 0 0
ID: 43F, Data: 843 48 60 FF 6C F8 1C 0
ID: 43F, Data: 843 48 60 FF 6C D8 1C 0
ID: 280, Data: 830 0 84 B0 39 10 65 2E
ID: 5F0, Data: 20 0
ID: 316, Data: 81 17 35 1C 13 19 28 7C
ID: 316, Data: 81 17 C 1C 13 19 28 7C
ID: 153, Data: 80 0 0 FF 0 FF 0 0
ID: 316, Data: 81 15 B3 1B 14 19 28 7C
ID: 153, Data: 80 0 0 FF 0 FF 0 0
ID: 316, Data: 81 1A 52 1B 20 23 28 7C
ID: 316, Data: 81 1B 9F 1B 20 23 28 7C
ID: A0, Data: 81B 7C 5C 1B 28 26 2 0
ID: 5F0, Data: 20 0
ID: 316, Data: 81 1D 5E 1C 20 23 28 7C
ID: 43F, Data: 843 48 60 FF 6B A8 1C 0
ID: 18F, Data: 8AA 32 0 0 0 0 0 0
ID: 153, Data: 80 0 0 FF 0 FF 0 0
ID: 316, Data: 81 1F 92 1C 20 23 28 7C
ID: 43F, Data: 843 48 60 FF 6C 78 1C 0
ID: 316, Data: 81 21 73 1C 3A 22 27 7C
ID: A0, Data: 822 7C 7D 1C 28 29 2 0
ID: 153, Data: 80 0 0 FF 0 FF 0 0
ID: 316, Data: 841 2F 73 1C 3D 22 27 7C
ID: 153, Data: 80 0 0 FF 0 FF 0 0
ID: 260, Data: 8B 33 3C 30 58 FF D2 21
ID: 329, Data: 8B B0 80 8 11 39 E 26
ID: 43F, Data: 843 48 60 FF 6B 38 1D 0
ID: 43F, Data: 843 48 60 FF 6C C4 1C 0
ID: 260, Data: 8B 35 3A 30 58 FF DB 37
ID: 153, Data: 80 0 0 FF 0 FF 0 0
ID: 280, Data: 830 0 88 B0 3C 21 65 5F
ID: 316, Data: 841 37 E5 1D 39 1F 28 7C
ID: 43F, Data: 843 48 60 FF 6B 78 1C 0
ID: 316, Data: 841 3A CE 1D 39 1F 27 7C
ID: 153, Data: 80 0 0 FF 0 FF 0 0
ID: 316, Data: 841 3A 7 1E 39 1F 28 7C
ID: 316, Data: 841 3A 13 1E 39 1F 28 7C
ID: 18F, Data: 8AA 35 0 0 0 0 0 0
ID: 316, Data: 841 3B 41 1E 39 1F 28 7C
ID: 43F, Data: 843 48 60 FF 6C DC 1C 0
ID: 18F, Data: 8AA 37 0 0 0 0 0 0
ID: 316, Data: 841 3A 65 1E 38 1F 28 7C
ID: 153, Data: 80 0 0 FF 0 FF 0 0
ID: 316, Data: 841 3A 59 1E 39 1F 28 7C
ID: 316, Data: 841 3A 65 1E 39 1F 28 7C
ID: 43F, Data: 843 48 60 FF 6C 8 1D 0
ID: 316, Data: 841 3A 70 1E 39 1F 28 7C
ID: A1, Data: 87A 7F 7A 80 30 0 0 0
ID: 316, Data: 841 39 88 1E 39 1F 28 7C
ID: 316, Data: 841 39 A0 1E 39 1F 28 7C
ID: 43F, Data: 843 48 60 FF 6C 30 1D 0
ID: 260, Data: 8B 39 39 30 58 FF D8 28
ID: 153, Data: 80 0 0 FF 0 FF 0 0
ID: 280, Data: 830 0 88 B0 3D 23 65 64
ID: 316, Data: 841 39 B8 1E 38 1F 28 7C
ID: 43F, Data: 843 48 60 FF 6B 60 1D 0
ID: 316, Data: 841 39 B8 1E 38 1F 28 7C
ID: 153, Data: 80 0 0 FF 0 FF 0 0
ID: 153, Data: 80 0 0 FF 0 FF 0 0
ID: 316, Data: 841 39 C4 1E 34 1F 29 7C
ID: 153, Data: 80 0 0 FF 0 FF 0 0
ID: 2A0, Data: 861 A 65 1C 30 0 F 0
ID: 316, Data: 841 39 DD 1E 33 1F 29 7C
ID: 316, Data: 841 37 D1 1E 33 1F 29 7C
ID: 43F, Data: 843 48 60 FF 6B A4 1D 0
ID: 545, Data: 8E4 73 0 8D 8B 1 8B 1
ID: 316, Data: 841 35 88 1E 33 1F 29 7C
ID: 316, Data: 841 35 65 1E 33 1F 29 7C
ID: 43F, Data: 843 48 60 FF 6C B0 1D 0
ID: 316, Data: 841 35 4D 1E 34 1F 29 7C
ID: 153, Data: 80 0 0 FF 0 FF 0 0
ID: 329, Data: 885 B0 80 8 11 38 B 26
ID: 316, Data: 841 35 59 1E 33 1F 29 7C
ID: 18F, Data: 8AA 3A 0 0 0 0 0 0
ID: 316, Data: 841 34 70 1E 34 1F 29 7C
ID: 153, Data: 80 0 0 FF 0 FF 0 0
ID: 545, Data: 8E4 6A 0 8D 57 1 57 1
ID: 43F, Data: 843 48 60 FF 6C D4 1D 0
ID: 2A0, Data: 820 A 65 1C 30 0 F 0
ID: 316, Data: 841 34 65 1E 18 20 29 7C
ID: 316, Data: 841 34 A0 1E 19 20 29 7C
ID: A1, Data: 877 7F 74 80 27 0 0 0
ID: 43F, Data: 843 48 60 FF 6B F8 1D 0
ID: 43F, Data: 843 48 60 FF 6C F0 1D 0
ID: A0, Data: 822 7C 4D 1E 2A 29 2 0
ID: 316, Data: 841 27 F0 1D 1B 22 29 7D
ID: 316, Data: 841 24 E5 1D 1B 22 29 7D
ID: 43F, Data: 843 48 60 FF 6B D0 1D 0
ID: 18F, Data: 8AA 3C 0 0 0 0 0 0
ID: 153, Data: 80 0 0 FF 0 FF 0 0
ID: 316, Data: 841 1E 53 1D 1C 22 29 7C
ID: A0, Data: 81D 7C 69 1D 2A 28 2 0
ID: 316, Data: 841 1B BC 1C 1C 23 29 7C
ID: 316, Data: 841 1B 3F 1C 1C 23 29 7C
ID: 153, Data: 80 0 0 FF 0 FF 0 0
ID: 153, Data: 80 0 0 FF 0 FF 0 0
ID: 316, Data: 841 17 6 1B 1D 22 29 7C
ID: 5F0, Data: 20 0
ID: A0, Data: 823 7C 6 1B 2A 29 2 0
ID: 280, Data: 830 0 84 B0 33 15 65 37
ID: 2A0, Data: 8E0 8 65 1C 30 0 F 0
ID: 153, Data: 80 0 0 FF 0 FF 0 0
ID: 316, Data: 841 1D 20 19 1E 22 29 7C
ID: 153, Data: 80 0 0 FF 0 FF 0 0
ID: 1F0, Data: 8FD 3F FD BF 0 0 0 0
ID: 316, Data: 841 1E B4 19 1D 22 28 7C
ID: 316, Data: 841 1E 1 1A 1D 22 28 7C
ID: 316, Data: 841 1E 47 1A 1D 22 28 7C
ID: 316, Data: 841 1D 8F 1A 1D 22 28 7C
ID: 153, Data: 80 0 0 FF 0 FF 0 0
ID: 18F, Data: 8AA 3E 0 0 0 0 0 0
ID: 316, Data: 841 1C B3 1A 1D 22 28 7C
ID: 43F, Data: 843 48 60 FF 6C 94 1C 0
ID: 153, Data: 80 0 0 FF 0 FF 0 0
ID: 153, Data: 80 0 0 FF 0 FF 0 0
ID: 316, Data: 849 23 82 1B 24 22 28 7C
ID: 153, Data: 80 0 0 FF 0 FF 0 0
ID: 329, Data: 8B B0 80 8 11 31 3 26
ID: 316, Data: 841 22 BC 1C 24 22 27 7C
ID: 316, Data: 841 22 9C 1C 24 22 27 7C
ID: 316, Data: 841 22 92 1C 24 22 27 7C
ID: 18F, Data: 8AA 3F 0 0 0 0 0 0
ID: 316, Data: 841 22 3F 1C 25 22 27 7C
ID: 1F0, Data: 8FD 3F FD BF 0 0 0 0
ID: 260, Data: 8B 23 25 30 58 FF CA 14
ID: A0, Data: 827 7C 21 1C 28 2A 2 0
ID: 1F0, Data: 8FD 3F FD BF 0 0 0 0
ID: 316, Data: 841 24 C 1C 2F 22 27 7C
ID: 316, Data: 841 26 21 1C 30 22 27 7C
ID: 43F, Data: 843 48 60 FF 6C 2C 1C 0
ID: 316, Data: 841 29 68 1C 32 22 27 7C
ID: 153, Data: 80 0 0 FF 0 FF 0 0
ID: 316, Data: 841 2B DC 1C 31 21 27 7C
ID: 316, Data: 841 2C E6 1C 31 21 27 7C
ID: 153, Data: 80 0 0 FF 0 FF 0 0
ID: 316, Data: 841 2D 7 1D 31 21 27 7C
ID: 316, Data: 841 2D 7 1D 32 21 27 7C
ID: A1, Data: 880 7A 81 7B 23 0 0 0
ID: 316, Data: 841 2F E6 1C 32 21 27 7C
ID: 316, Data: 841 30 FC 1C 32 21 27 7C
ID: 440, Data: 8FE 13 27 A0 FF AA AA AA
ID: 316, Data: 841 30 F1 1C 33 21 27 7C
ID: 153, Data: 80 0 0 FF 0 FF 0 0
ID: 1F1, Data: 80 9A 37 31 13 39 C1 13
ID: 316, Data: 841 31 7 1D 33 20 27 7C
ID: 153, Data: 80 0 0 FF 0 FF 0 0
ID: 316, Data: 841 32 1C 1D 1F 20 27 7C
ID: 153, Data: 80 0 0 FF 0 FF 0 0
ID: 18F, Data: 8AA 3F 0 0 0 0 0 0
ID: 316, Data: 841 31 27 1D 19 20 27 7C
ID: 440, Data: 8FE 63 27 A0 FF AA AA AA
ID: 316, Data: 841 31 11 1D 1A 21 27 7C
ID: 316, Data: 841 2C FC 1C 1A 21 27 7C
ID: 153, Data: 80 0 0 FF 0 FF 0 0
ID: 18F, Data: 8AA 3F 0 0 0 0 0 0
ID: 316, Data: 841 24 5E 1C 1C 22 27 7C
ID: 43F, Data: 843 48 60 FF 6B 4 1C 0
ID: 153, Data: 80 0 0 FF 0 FF 0 0
ID: 5F0, Data: 20 0
ID: 316, Data: 841 1D A9 1B 1C 22 27 7C
ID: 153, Data: 80 0 0 FF 0 FF 0 0
ID: 316, Data: 841 1C 10 1B 1D 22 27 7C
ID: 153, Data: 80 0 0 FF 0 FF 0 0
ID: 370, Data: 8FF E1 F0 FF FF FF FF FF
ID: 545, Data: 8E4 35 0 8C 47 FF 47 FF
ID: 153, Data: 80 0 0 FF 0 FF 0 0
ID: A0, Data: 822 7C 36 1A 27 28 2 0
ID: 316, Data: 841 1A 10 19 1E 22 26 7C
ID: 153, Data: 80 0 0 FF 0 FF 0 0
ID: 316, Data: 841 23 0 19 23 22 26 7C
ID: 153, Data: 80 0 0 FF 0 FF 0 0
ID: 329, Data: 885 B0 80 8 11 32 2 26
ID: 316, Data: 841 24 8F 1A 24 22 26 7C
ID: 260, Data: 8B 24 25 30 58 FF AB 14
ID: 43F, Data: 843 48 60 FF 6B 78 1B 0
ID: 2A0, Data: 81 5 65 1C 30 0 F 0
ID: 316, Data: 841 24 BD 1B 25 19 26 7C
ID: 153, Data: 80 0 0 FF 0 FF 0 0
ID: 260, Data: 8B 25 27 30 58 FF CA 1
ID: 316, Data: 841 25 9F 1B 29 18 26 7C
ID: 153, Data: 80 0 0 FF 0 FF 0 0
ID: 316, Data: 841 26 78 1B 29 18 26 7C
ID: 1F0, Data: 8FC 3F FD BF 0 0 0 0
ID: 18F, Data: 8AA 40 0 0 0 0 0 0
ID: 153, Data: 80 0 0 FF 0 FF 0 0
ID: 2A0, Data: 81 5 65 1C 30 0 F 0
ID: 316, Data: 81 27 9F 1B 29 18 26 7C
ID: 316, Data: 81 27 DA 1B 29 18 26 7C
ID: 5A0, Data: 80 0 0 90 0 0 0 0
ID: 316, Data: 81 27 49 1C 29 18 26 7C
ID: 153, Data: 80 0 0 FF 0 FF 0 0
ID: 316, Data: 81 28 2B 1C 29 18 26 7C
ID: 153, Data: 80 0 0 FF 0 FF 0 0
ID: 1F0, Data: 8FC 3F FD BF 0 0 0 0
ID: 316, Data: 81 27 C 1C 2C 18 26 7C
ID: 316, Data: 81 28 17 1C 2C 18 26 7C
ID: 153, Data: 80 0 0 FF 0 FF 0 0
ID: 43F, Data: 843 48 60 FF 6B 58 1B 0
ID: 5F0, Data: 20 0
ID: 316, Data: 81 29 3F 1C 2E 18 26 7C
ID: 316, Data: 81 29 35 1C 2E 18 26 7C
ID: 153, Data: 80 0 0 FF 0 FF 0 0
ID: 153, Data: 80 0 0 FF 0 FF 0 0
ID: 316, Data: 81 2B 54 1C 2D 18 26 7C
ID: 153, Data: 80 0 0 FF 0 FF 0 0
ID: 316, Data: 81 2C 73 1C 2D 18 26 7C
ID: 316, Data: 81 2C 87 1C 2C 18 26 7C
ID: 545, Data: 8E4 5A 0 8D 68 1 68 1
ID: 316, Data: 81 2C 92 1C 2C 18 26 7C
ID: 1F1, Data: 80 78 32 1 13 36 51 13
ID: 18F, Data: 8AA 3D 0 0 0 0 0 0
ID: 316, Data: 81 2D 9C 1C 2C 18 26 7C
ID: 43F, Data: 843 48 60 FF 6B 94 1B 0
ID: 316, Data: 81 2C 9C 1C 25 17 26 7C
ID: 153, Data: 80 0 0 FF 0 FF 0 0
ID: 153, Data: 80 0 0 FF 0 FF 0 0
ID: 316, Data: 81 2D B1 1C 11 18 26 7C
ID: 440, Data: 8FE B3 26 A0 FF AA AA AA
ID: 5F0, Data: 20 0
ID: 153, Data: 80 0 0 FF 0 FF 0 0
ID: 43F, Data: 843 48 60 FF 6C 94 1B 0
ID: 2A0, Data: 840 6 65 1C 30 0 F 0
ID: 316, Data: 81 1E C7 1B 13 19 26 7C
ID: 316, Data: 81 1E 8C 1B 16 19 26 7C
ID: 545, Data: 8E4 36 0 8D 40 0 40 0
ID: 316, Data: 81 1C 65 1B 17 19 26 7C
ID: 316, Data: 81 1B 5C 1B 18 19 26 7C
ID: 260, Data: 8B 1B 18 30 58 FF C0 24
ID: 316, Data: 81 1A FD 1A 18 19 26 7C
ID: 2A0, Data: 8A1 6 65 1C 30 0 F 0
ID: 43F, Data: 843 48 60 FF 6B 60 1B 0
ID: 316, Data: 81 1A CF 1A 18 19 26 7C
ID: 545, Data: 8E4 2E 0 8D E 0 E 0
ID: 316, Data: 81 1A E1 1A 18 19 26 7C
ID: 43F, Data: 843 48 60 FF 6C 38 1B 0
ID: 316, Data: 81 1A EA 1A 18 19 26 7C
ID: 153, Data: 80 0 0 FF 0 FF 0 0
ID: 316, Data: 81 1A D8 1A 19 19 26 7C
ID: 316, Data: 81 1A D8 1A 19 19 26 7C
ID: 545, Data: 8E4 2E 0 8D F 0 F 0
ID: 153, Data: 80 0 0 FF 0 FF 0 0
ID: 43F, Data: 843 48 60 FF 6C FC 1A 0
ID: 43F, Data: 843 48 60 FF 6C FC 1A 0
ID: 43F, Data: 843 48 60 FF 6C F8 1A 0
ID: 260, Data: 8B 1F 30 30 58 FF C4 4
ID: 5F0, Data: 20 0
ID: 316, Data: 81 25 3F 1B 3D 19 25 7C
ID: 153, Data: 80 0 0 FF 0 FF 0 0
ID: 1F0, Data: 8FF 3F FD BF 0 0 0 0
ID: 280, Data: 830 0 88 B0 37 1C 65 43
ID: A0, Data: 835 7C 5C 1B 26 2E 2 0
ID: 316, Data: 81 32 54 1C 3B 17 25 7C
ID: 153, Data: 80 0 0 FF 0 FF 0 0
ID: 153, Data: 80 0 0 FF 0 FF 0 0
ID: 545, Data: 8E4 71 0 8C 22 2 22 2
ID: 43F, Data: 843 48 60 FF 6B 0 1B 0
ID: 545, Data: 8E4 78 0 8C 2A 2 2A 2
ID: 440, Data: 8FE C3 25 A0 FF AA AA AA
ID: 316, Data: 81 37 DC 1C 3A 15 25 7C
ID: 18F, Data: 8AA 38 0 0 0 0 0 0
ID: 43F, Data: 843 48 60 FF 6C 70 1B 0
ID: 153, Data: 80 0 0 FF 0 FF 0 0
ID: 153, Data: 80 0 0 FF 0 FF 0 0
ID: 316, Data: 81 39 27 1D 34 15 25 7C
ID: 153, Data: 80 0 0 FF 0 FF 0 0
ID: 316, Data: 81 3B 1C 1D 31 15 26 7C
ID: 316, Data: 81 3B 3D 1D 31 15 26 7C
ID: 18F, Data: 8AA 37 0 0 0 0 0 0
ID: 43F, Data: 843 48 60 FF 6C 70 1B 0
ID: 153, Data: 80 0 0 FF 0 FF 0 0
ID: 316, Data: 81 38 48 1D 31 15 26 7C
ID: 316, Data: 81 37 1C 1D 31 15 26 7C
ID: 545, Data: 8E4 72 0 8D 3F 2 3F 2
ID: 316, Data: 81 34 F1 1C 32 16 26 7C
ID: 316, Data: 81 34 C6 1C 1F 16 26 7C
ID: 18F, Data: 8AA 37 0 0 0 0 0 0
ID: 316, Data: 81 34 C6 1C 10 16 26 7C
ID: 153, Data: 80 0 0 FF 0 FF 0 0
ID: 316, Data: 81 31 FC 1C 11 17 26 7C
ID: 316, Data: 81 2C F1 1C 11 18 26 7C
ID: A0, Data: 826 7C FC 1C 27 29 2 0
ID: 43F, Data: 843 48 60 FF 6C B0 1B 0
ID: 153, Data: 80 0 0 FF 0 FF 0 0
ID: 316, Data: 81 1F A9 1B 13 19 26 7C
ID: 280, Data: 830 0 84 B0 37 13 65 34
ID: 153, Data: 80 0 0 FF 0 FF 0 0
ID: 329, Data: 8B B0 80 8 11 2D 0 26
ID: 316, Data: 81 1A 3F 1B 14 19 26 7C
ID: 329, Data: 840 B0 80 8 11 2D 0 26
ID: 153, Data: 80 0 0 FF 0 FF 0 0
ID: 153, Data: 80 0 0 FF 0 FF 0 0
ID: 5F0, Data: 20 0
ID: 153, Data: 80 0 0 FF 0 FF 0 0
ID: 153, Data: 80 0 0 FF 0 FF 0 0
ID: 2A0, Data: 8E0 7 65 1C 30 0 F 0
ID: 316, Data: 81 14 40 19 15 19 26 7C
ID: 370, Data: 8FF E1 F0 FF FF FF FF FF
ID: 316, Data: 81 19 7A 18 17 19 26 7C
ID: 329, Data: 840 B0 80 8 11 2E 1 26
ID: 43F, Data: 843 48 60 FF 6B 24 1B 0
ID: 316, Data: 81 1B A4 19 1A 19 26 7C
ID: 18F, Data: 8AA 35 0 0 0 0 0 0
ID: 153, Data: 80 0 0 FF 0 FF 0 0
ID: 316, Data: 81 1B 50 1A 20 19 25 7C
ID: 370, Data: 8FF E1 F0 FF FF FF FF FF
ID: 316, Data: 81 1C A1 1A 21 19 25 7C
ID: 153, Data: 80 0 0 FF 0 FF 0 0
ID: 43F, Data: 843 48 60 FF 6C B8 1A 0
ID: 43F, Data: 843 48 60 FF 6C 98 1A 0
ID: 280, Data: 830 0 88 B0 35 13 65 33
ID: 316, Data: 81 1F A1 1A 20 19 25 7C
ID: 316, Data: 81 20 98 1A 20 19 25 7C
ID: 43F, Data: 843 48 60 FF 6C 7C 1A 0
ID: 440, Data: 8FE B3 24 A0 FF AA AA AA
ID: 153, Data: 80 0 0 FF 0 FF 0 0
ID: 153, Data: 80 0 0 FF 0 FF 0 0
ID: 316, Data: 81 21 D8 1A 20 19 25 7C
ID: 153, Data: 80 0 0 FF 0 FF 0 0
ID: 316, Data: 81 21 B3 1A 20 19 24 7C
ID: 316, Data: 81 21 86 1A 20 19 24 7C
ID: A0, Data: 825 7C A1 1A 25 29 2 0
ID: 316, Data: 81 22 74 1A 20 19 24 7C
ID: 316, Data: 81 22 7D 1A 20 19 24 7C
ID: 370, Data: 8FF E1 F0 FF FF FF FF FF
ID: 316, Data: 81 22 7D 1A 20 19 24 7C
ID: 153, Data: 80 0 0 FF 0 FF 0 0
ID: 43F, Data: 843 48 60 FF 6C 18 1A 0
ID: 153, Data: 80 0 0 FF 0 FF 0 0
ID: 153, Data: 80 0 0 FF 0 FF 0 0
ID: 316, Data: 81 21 7D 1A 20 19 24 7C
ID: 153, Data: 80 0 0 FF 0 FF 0 0
ID: 260, Data: 8B 22 21 30 58 FF C4 2E
ID: 316, Data: 81 21 74 1A 20 19 24 7C
ID: 43F, Data: 843 48 60 FF 6C 8 1A 0
ID: 43F, Data: 843 48 60 FF 6C 4 1A 0
ID: 545, Data: 8E4 3E 0 8D 9A 0 9A 0
ID: A1, Data: 87D 7A 80 7B 1A 0 0 0
ID: 1F0, Data: 8FD 3F FD BF 0 0 0 0
ID: 316, Data: 81 21 59 1A 15 19 24 7C
ID: 316, Data: 81 21 59 1A 13 19 24 7C
ID: 153, Data: 80 0 0 FF 0 FF 0 0
ID: 316, Data: 81 20 50 1A 14 19 24 7C
ID: 153, Data: 80 0 0 FF 0 FF 0 0
ID: 316, Data: 81 1E 2D 1A 14 19 24 7C
ID: 5F0, Data: 20 0
ID: A1, Data: 880 7A 82 7B 18 0 0 0
ID: 18F, Data: 8AA 34 0 0 0 0 0 0
ID: 18F, Data: 8AA 34 0 0 0 0 0 0
ID: 329, Data: 840 B0 80 8 11 2C 0 26
ID: 153, Data: 80 0 0 FF 0 FF 0 0
ID: 2A0, Data: 840 5 65 1C 30 0 F 0
ID: 316, Data: 81 18 99 18 15 19 24 7C
ID: 316, Data: 81 17 6B 18 15 19 24 7C
ID: 43F, Data: 843 48 60 FF 6C 94 19 0
ID: 316, Data: 81 15 C0 17 16 19 23 7C
ID: 440, Data: 8FE C3 23 A0 FF AA AA AA
ID: 316, Data: 81 14 3 17 16 19 23 7C
ID: 43F, Data: 843 48 60 FF 6C 48 19 0
ID: 43F, Data: 843 48 60 FF 6C 48 19 0
ID: 18F, Data: 8AA 34 0 0 0 0 0 0
ID: 153, Data: 80 0 0 FF 0 FF 0 0
ID: 153, Data: 80 0 0 FF 0 FF 0 0
ID: A1, Data: 880 7F 80 7D 17 0 0 0
ID: 329, Data: 8B B0 80 8 11 2D 0 26
ID: 545, Data: 8E4 28 0 8C DE FF DE FF
ID: 18F, Data: 8AA 33 0 0 0 0 0 0
ID: 43F, Data: 843 48 60 FF 6C E0 18 0
ID: 153, Data: 80 0 0 FF 0 FF 0 0
ID: 316, Data: 81 18 33 14 19 19 22 7C
ID: 316, Data: 81 18 A 14 19 19 22 7C
ID: A0, Data: 823 7C 29 14 23 26 2 0
ID: 316, Data: 81 19 A0 13 19 19 22 7C
ID: 153, Data: 80 0 0 FF 0 FF 0 0
ID: A0, Data: 824 7C A0 13 23 26 2 0
ID: 316, Data: 89 19 2C 13 1A 19 22 7C
ID: 18F, Data: 8AA 33 0 0 0 0 0 0
ID: 316, Data: 89 1A FE 12 1A 19 22 7C
ID: A1, Data: 880 7F 80 7D 19 0 0 0
ID: 316, Data: 89 1A F5 12 1A 19 22 7C
ID: 5F0, Data: 20 0
ID: 43F, Data: 843 48 60 FF 6C EC 17 0
ID: A1, Data: 880 7F 80 7D 1A 0 0 0
ID: 316, Data: 89 16 10 13 1A 19 21 7C
ID: 316, Data: 89 16 3F 13 1A 19 21 7C
ID: 153, Data: 80 0 0 FF 0 FF 0 0
ID: 316, Data: 89 11 C3 13 19 19 21 7C
ID: 153, Data: 80 0 0 FF 0 FF 0 0
ID: 153, Data: 80 0 0 FF 0 FF 0 0
ID: 316, Data: 89 C EB 14 18 19 21 7C
ID: 153, Data: 80 0 0 FF 0 FF 0 0
ID: 316, Data: 89 C B1 15 17 19 20 7C
ID: 153, Data: 80 0 0 FF 0 FF 0 0
ID: 280, Data: 830 0 20 B0 2C 12 65 34
ID: 316, Data: 89 8 92 16 16 19 20 7C
ID: A1, Data: 880 7F 80 7D 18 0 0 0
ID: 316, Data: 89 7 C0 16 16 19 20 7C
ID: 153, Data: 80 0 0 FF 0 FF 0 0
ID: 329, Data: 8B B0 80 8 11 2D 0 26
ID: 316, Data: 89 3 92 16 16 19 1F 7C
ID: 316, Data: 89 3 78 16 16 19 1F 7C
ID: 153, Data: 80 0 0 FF 0 FF 0 0
ID: 153, Data: 80 0 0 FF 0 FF 0 0
ID: 316, Data: 89 0 32 16 16 19 1F 7C
ID: 18F, Data: 8AA 33 0 0 0 0 0 0
ID: 153, Data: 80 0 0 FF 0 FF 0 0
ID: 153, Data: 80 0 0 FF 0 FF 0 0
ID: 260, Data: 80 0 17 30 58 FF 4E 17
ID: 316, Data: 89 0 BD 15 17 19 1F 7C
ID: 43F, Data: 843 48 60 FF 6C F0 15 0
ID: 43F, Data: 843 48 60 FF 6B DC 15 0
ID: 280, Data: 830 0 20 B0 2A 13 65 36
ID: 153, Data: 80 0 0 FF 0 FF 0 0
ID: 316, Data: 89 0 18 15 17 19 1E 7C
ID: 5F0, Data: 20 0
ID: 280, Data: 830 0 20 B0 29 14 65 36
ID: 329, Data: 8B B0 80 8 11 2E 0 26
ID: 153, Data: 80 0 0 FF 0 FF 0 0
ID: 316, Data: 89 0 CA 14 17 19 1E 7C
ID: 43F, Data: 843 48 60 FF 6B 48 15 0
ID: 316, Data: 89 0 AE 14 18 18 1D 7C
ID: A1, Data: 880 7F 80 7D 1A 0 0 0
ID: 153, Data: 80 0 0 FF 0 FF 0 0
ID: 316, Data: 89 0 78 14 18 19 1D 7C
ID: 153, Data: 80 0 0 FF 0 FF 0 0
ID: 316, Data: 89 0 5D 14 18 18 1D 7C
ID: 153, Data: 80 0 0 FF 0 FF 0 0
ID: 316, Data: 89 0 38 14 18 18 1D 7C
ID: 316, Data: 89 0 2E 14 18 18 1D 7C
ID: 316, Data: 89 0 14 14 18 18 1D 7C
ID: 316, Data: 89 0 FA 13 18 19 1C 7C
ID: 153, Data: 80 0 0 FF 0 FF 0 0
ID: 316, Data: 89 0 D7 13 18 18 1C 7C
ID: 5F0, Data: 20 0
ID: 280, Data: 830 0 20 B0 27 14 65 38
ID: 316, Data: 89 0 AA 13 19 18 1C 7C
ID: 153, Data: 80 0 0 FF 0 FF 0 0
ID: 316, Data: 89 0 8C 13 19 19 1C 7C
ID: 440, Data: 8FE 63 1B A0 FF AA AA AA
ID: 316, Data: 89 0 66 13 19 18 1C 7C
ID: 1F1, Data: 80 89 D7 90 D E0 F0 D
ID: 153, Data: 80 0 0 FF 0 FF 0 0
ID: 316, Data: 89 0 15 13 19 18 1B 7C
ID: 316, Data: 89 0 F9 12 19 18 1B 7C
ID: 545, Data: 8E4 0 0 8D 45 FE 45 FE
ID: 43F, Data: 843 48 60 FF 6B 84 13 0
ID: 370, Data: 8FF E1 F0 FF FF FF FF FF
ID: A1, Data: 880 7F 80 7D 1B 0 0 0
ID: 316, Data: 89 0 80 12 1A 19 1B 7C
ID: 153, Data: 80 0 0 FF 0 FF 0 0
ID: A0, Data: 825 7C 80 12 1B 25 4 0
ID: 316, Data: 89 0 59 12 1A 19 1A 7C
ID: 153, Data: 80 0 0 FF 0 FF 0 0
ID: 153, Data: 80 0 0 FF 0 FF 0 0
ID: A0, Data: 825 7C 37 12 1B 25 4 0
ID: 2A0, Data: 840 2 65 1C 30 0 F 0
ID: A1, Data: 880 7F 80 7D 1C 0 0 0
ID: 260, Data: 80 0 1B 30 58 FF 4E 4
ID: 153, Data: 80 0 0 FF 0 FF 0 0
ID: 316, Data: 89 0 E7 11 1B 19 1A 7C
ID: 43F, Data: 843 48 60 FF 6B 6C 12 0
ID: 153, Data: 80 0 0 FF 0 FF 0 0
ID: 18F, Data: 8AA 32 0 0 0 0 0 0
ID: 316, Data: 89 0 9B 11 1B 19 19 7C
ID: 43F, Data: 843 48 60 FF 6B 30 12 0
ID: 370, Data: 8FF E1 F0 FF FF FF FF FF
ID: 153, Data: 80 0 0 FF 0 FF 0 0
ID: 260, Data: 80 0 1C 38 58 FF 4E B
ID: 316, Data: 89 0 27 11 1C 19 19 7C
ID: 545, Data: 8E4 0 0 8D 39 FE 39 FE
ID: 153, Data: 80 0 0 FF 0 FF 0 0
ID: 153, Data: 80 0 0 FF 0 FF 0 0
ID: 316, Data: 89 0 CE 10 1C 19 19 7C
ID: 5F0, Data: 20 0
ID: 316, Data: 81 0 91 10 1D 19 18 7C
ID: 153, Data: 80 0 0 FF 0 FF 0 0
ID: 316, Data: 81 9 72 10 1D 19 18 7C
ID: 316, Data: 81 9 61 10 1D 19 18 7C
ID: 316, Data: 81 E 50 10 1F 19 18 7C
ID: 1F0, Data: 81E 40 FD BF 0 0 0 0
ID: 153, Data: 80 0 0 FF 0 FF 0 0
ID: 316, Data: 81 25 50 11 44 19 18 7C
ID: 153, Data: 80 0 0 FF 0 FF 0 0
ID: 316, Data: 81 27 4D 11 45 19 18 7C
ID: 316, Data: 81 29 A2 11 44 18 18 7C
ID: 370, Data: 8FF E1 F0 FF FF FF FF FF
ID: 316, Data: 81 30 5D 12 42 17 18 7C
ID: 153, Data: 80 0 0 FF 0 FF 0 0
ID: 43F, Data: 843 48 60 FF 6C D8 10 0
ID: 43F, Data: 843 48 60 FF 6C 8 11 0
ID: 329, Data: 885 B0 80 8 11 36 12 26
ID: 260, Data: 8B 38 48 30 58 FF BF 24
ID: 316, Data: 81 39 74 13 46 15 18 7C
ID: 5F0, Data: 20 0
ID: 43F, Data: 843 48 60 FF 6C C 11 0
ID: 153, Data: 80 0 0 FF 0 FF 0 0
ID: 316, Data: 81 3C 29 14 45 15 18 7C
ID: 316, Data: 81 3E 58 14 44 15 18 7C
ID: A0, Data: 84B 7C 78 14 19 2E 2 0
ID: 316, Data: 81 3F 93 14 45 15 18 7C
ID: 316, Data: 81 3F 8E 14 49 14 18 7C
ID: 43F, Data: 843 48 60 FF 6B 50 11 0
ID: 316, Data: 81 41 0 14 4B 14 18 7C
ID: A1, Data: 889 7F 89 80 34 0 0 0
ID: 43F, Data: 843 48 60 FF 6C 60 11 0
ID: 153, Data: 80 0 0 FF 0 FF 0 0
ID: 280, Data: 830 0 88 B0 25 2D 65 7B
ID: 316, Data: 81 4A 84 12 4D 14 19 7C
ID: 43F, Data: 843 48 60 FF 6C A8 11 0
ID: 316, Data: 81 4D D5 12 4C 14 19 7C
ID: 153, Data: 80 0 0 FF 0 FF 0 0
ID: 153, Data: 80 0 0 FF 0 FF 0 0
ID: 316, Data: 81 4C 52 13 41 14 19 7C
ID: 43F, Data: 843 48 60 FF 6C F4 11 0
ID: 5F0, Data: 20 0
ID: 18F, Data: 8AA 31 0 0 0 0 0 0
ID: 260, Data: 8B 48 3B 30 58 FF BE 22
ID: 316, Data: 81 47 3B 13 3B 14 1A 7C
ID: 43F, Data: 843 48 60 FF 6C 68 12 0
ID: 316, Data: 81 44 61 13 3B 14 1A 7C
ID: 153, Data: 80 0 0 FF 0 FF 0 0
ID: 316, Data: 81 43 91 13 3E 14 1A 7C
ID: 153, Data: 80 0 0 FF 0 FF 0 0
ID: 329, Data: 885 B0 80 8 11 34 12 26
ID: 316, Data: 81 40 C8 13 3E 14 1A 7C
ID: 43F, Data: 843 48 60 FF 6C E8 12 0
ID: 440, Data: 8FE C3 1A A0 FF AA AA AA
ID: A0, Data: 841 7C F5 13 1B 2C 2 0
ID: 153, Data: 80 0 0 FF 0 FF 0 0
ID: 316, Data: 81 3D 29 14 3E 15 1B 7C
ID: 316, Data: 81 3C 48 14 3E 15 1B 7C
ID: 18F, Data: 8AA 31 0 0 0 0 0 0
ID: 43F, Data: 843 48 60 FF 6C 40 13 0
ID: 153, Data: 80 0 0 FF 0 FF 0 0
ID: 43F, Data: 843 48 60 FF 6C 5C 13 0
ID: 1F1, Data: 80 65 CF C0 D D1 30 E
ID: 545, Data: 8E4 5C 0 8D AB 2 AB 2
ID: 153, Data: 80 0 0 FF 0 FF 0 0
ID: 153, Data: 80 0 0 FF 0 FF 0 0
ID: 43F, Data: 843 48 60 FF 6B B4 13 0
ID: 260, Data: 8B 42 53 30 58 FF C4 36
ID: 43F, Data: 843 48 60 FF 6C E0 13 0
ID: 280, Data: 830 0 88 B0 2A 2B 65 79
ID: 153, Data: 80 0 0 FF 0 FF 0 0
ID: 316, Data: 81 49 63 15 52 13 1C 7C
ID: 5F0, Data: 20 0
ID: A0, Data: 85B 7C 63 15 1D 31 2 0
ID: 18F, Data: 8AA 31 0 0 0 0 0 0
ID: 370, Data: 8FF E1 F0 FF FF FF FF FF
ID: 260, Data: 8B 4D 45 30 58 FF C0 1
ID: 153, Data: 80 0 0 FF 0 FF 0 0
ID: 545, Data: 8E4 88 0 8C FA 3 FA 3
ID: 370, Data: 8FF E1 F0 FF FF FF FF FF
ID: 329, Data: 8B B0 80 8 11 38 17 26
ID: 316, Data: 81 49 93 15 44 13 1D 7C
ID: 316, Data: 81 47 87 15 44 13 1D 7C
ID: 43F, Data: 843 48 60 FF 6C 14 15 0
ID: 316, Data: 81 44 6F 15 45 14 1E 7C
ID: 153, Data: 80 0 0 FF 0 FF 0 0
ID: 316, Data: 81 43 B7 15 44 14 1E 7C
ID: 5F0, Data: 20 0
ID: 280, Data: 830 0 88 B0 2C 28 65 77
ID: 316, Data: 81 42 5F 16 44 14 1E 7C
ID: 316, Data: 81 42 A6 16 43 14 1E 7C
ID: 316, Data: 81 40 CE 16 43 14 1E 7C
ID: 43F, Data: 843 48 60 FF 6C CC 15 0
ID: 43F, Data: 843 48 60 FF 6C B4 15 0
ID: 153, Data: 80 0 0 FF 0 FF 0 0
ID: 153, Data: 80 0 0 FF 0 FF 0 0
ID: 316, Data: 81 41 7F 16 43 14 1F 7C
ID: 370, Data: 8FF E1 F0 FF FF FF FF FF
ID: 316, Data: 81 41 B3 16 43 14 1F 7C
ID: 153, Data: 80 0 0 FF 0 FF 0 0
ID: 153, Data: 80 0 0 FF 0 FF 0 0
ID: 316, Data: 81 41 FD 16 43 14 1F 7C
ID: 5F0, Data: 20 0
ID: 316, Data: 81 41 11 17 43 14 1F 7C
ID: 153, Data: 80 0 0 FF 0 FF 0 0
ID: 18F, Data: 8AA 31 0 0 0 0 0 0
ID: 280, Data: 830 0 88 B0 2E 28 65 74
ID: 316, Data: 81 41 41 17 43 14 20 7C
ID: A0, Data: 849 7C 25 17 20 2F 2 0
ID: 153, Data: 80 0 0 FF 0 FF 0 0
ID: 316, Data: 81 41 6B 17 4A 14 20 7C
ID: 370, Data: 8FF E1 F0 FF FF FF FF FF
ID: 2A0, Data: 8A1 10 65 1C 30 0 F 0
ID: 316, Data: 81 43 9C 17 4D 13 20 7C
ID: 316, Data: 81 45 B9 17 4F 13 20 7C
ID: 43F, Data: 843 48 60 FF 6C 1C 17 0
ID: 316, Data: 81 47 11 18 4F 13 20 7C
ID: 153, Data: 80 0 0 FF 0 FF 0 0
ID: 316, Data: 81 4B 4D 18 4F 13 20 7C
ID: 153, Data: 80 0 0 FF 0 FF 0 0
ID: 153, Data: 80 0 0 FF 0 FF 0 0
ID: 316, Data: 81 4C 6B 18 4F 13 21 7C
ID: 5F0, Data: 20 0
ID: 2A0, Data: 861 12 65 1C 30 0 F 0
ID: 329, Data: 8B B0 80 8 11 3B 1F 26
ID: A1, Data: 881 7B 81 7E 3D 0 0 0
ID: 370, Data: 8FF E1 F0 FF FF FF FF FF
ID: 43F, Data: 843 48 60 FF 6C F8 17 0
ID: 2A0, Data: 861 13 65 1C 30 0 F 0
ID: 153, Data: 80 0 0 FF 0 FF 0 0
ID: 316, Data: 81 5A 40 19 61 12 21 7C
ID: 153, Data: 80 0 0 FF 0 FF 0 0
ID: 280, Data: 830 0 88 B0 33 3A 65 8F
ID: 316, Data: 81 5F D6 19 61 12 22 7C
ID: 43F, Data: 843 48 60 FF 6C E0 18 0
ID: 43F, Data: 843 48 60 FF 6C E8 18 0
ID: 18F, Data: 8AA 31 0 0 0 0 0 0
ID: 153, Data: 80 0 0 FF 0 FF 0 0
ID: 316, Data: 81 5F 1C 1A 61 12 23 7C
ID: 43F, Data: 843 48 60 FF 6C 60 19 0
ID: 316, Data: 81 5E 59 1A 6A 1C 23 7C
ID: A1, Data: 880 7B 82 7E 43 0 0 0
ID: 153, Data: 80 0 0 FF 0 FF 0 0
ID: 316, Data: 81 65 23 1B 69 1B 23 7C
ID: 153, Data: 80 0 0 FF 0 FF 0 0
ID: 316, Data: 81 65 E4 1B 68 1B 24 7C
ID: 316, Data: 81 65 EE 1B 68 1B 24 7C
ID: A1, Data: 87F 7B 81 7E 46 0 0 0
ID: 43F, Data: 843 48 60 FF 6C 94 1A 0
ID: 153, Data: 80 0 0 FF 0 FF 0 0
ID: 260, Data: 8B 66 69 30 58 FF AC 24
ID: 329, Data: 840 B0 80 8 11 45 2A 26
ID: 153, Data: 80 0 0 FF 0 FF 0 0
ID: 316, Data: 841 66 C 1C 68 1B 25 7C
ID: 153, Data: 80 0 0 FF 0 FF 0 0
ID: 1F0, Data: 84 40 FD BF 0 0 0 0
ID: 316, Data: 841 67 54 1C 68 1B 26 7C
ID: 153, Data: 80 0 0 FF 0 FF 0 0
ID: 316, Data: 841 66 92 1C 67 1B 26 7C
ID: A0, Data: 872 7C 9C 1C 27 3B 2 0
ID: 316, Data: 841 65 F1 1C 6A 1B 26 7C
ID: 545, Data: 8E4 E0 0 8D 1A 5 1A 5
ID: 43F, Data: 843 48 60 FF 6C 8C 1C 0
ID: 370, Data: 8FF E0 F0 FF FF FF FF FF
ID: 5A1, Data: 880 3 90 23 30 30 30 0
ID: 153, Data: 80 0 0 FF 0 FF 0 0
ID: A1, Data: 880 7B 7F 7E 45 0 0 0
ID: 329, Data: 840 B0 80 8 11 46 2C 26
ID: 545, Data: 8E4 DD 0 8C 33 5 33 5
ID: 153, Data: 80 0 0 FF 0 FF 0 0
ID: 43F, Data: 843 48 60 FF 6C 8C 1D 0
ID: 1F1, Data: 80 20 45 21 14 4C D1 14
ID: 316, Data: 841 67 88 1E 63 1B 29 7C
ID: 316, Data: 841 66 B8 1E 62 1B 29 7C
ID: 329, Data: 8B B0 80 8 11 45 28 26
ID: 43F, Data: 843 48 60 FF 6C 1C 1E 0
ID: 43F, Data: 843 48 60 FF 6C 54 1E 0
ID: 153, Data: 80 0 0 FF 0 FF 0 0
ID: 153, Data: 80 0 0 FF 0 FF 0 0
ID: 316, Data: 841 60 40 1F 61 1C 2A 7C
ID: 370, Data: 8FF E0 F0 FF FF FF FF FF
ID: 280, Data: 830 0 88 B0 3F 3A 65 8C
ID: 1F1, Data: 80 75 53 21 15 5E C1 15
ID: 329, Data: 8B B0 80 8 11 43 1C 26
ID: 316, Data: 841 59 CB 1F 48 1C 2B 7C
ID: 316, Data: 841 56 D8 1F 49 1C 2B 7C
ID: 43F, Data: 843 48 60 FF 6C 54 1F 0
ID: 280, Data: 830 0 88 B0 3F 2E 65 7B
ID: 153, Data: 80 0 0 FF 0 FF 0 0
ID: 316, Data: 841 47 CB 1F 49 1D 2B 7C
ID: 316, Data: 841 46 1A 20 49 1D 2B 7C
ID: 43F, Data: 843 48 60 FF 6C B8 1F 0
ID: 316, Data: 841 47 E5 20 49 1D 2C 7C
ID: 153, Data: 80 0 0 FF 0 FF 0 0
ID: 153, Data: 80 0 0 FF 0 FF 0 0
ID: 316, Data: 841 47 0 21 4E 1D 2C 7C
ID: 153, Data: 80 0 0 FF 0 FF 0 0
ID: 329, Data: 8ED B0 80 8 11 40 1E 26
ID: 316, Data: 841 4A F2 20 4E 1D 2C 7C
ID: 5F0, Data: 20 0
ID: 43F, Data: 843 48 60 FF 6C 58 20 0
ID: 316, Data: 841 4C 55 21 4E 1D 2C 7C
ID: 153, Data: 80 0 0 FF 0 FF 0 0
ID: 1F1, Data: 80 31 66 31 16 6D B1 16
ID: 316, Data: 841 4D 71 21 4D 1D 2D 7C
ID: 2A0, Data: 861 1E 65 1C 30 0 F 0
ID: 153, Data: 80 0 0 FF 0 FF 0 0
ID: 316, Data: 841 4C 8E 21 4D 1D 2D 7C
ID: 440, Data: 8FE C3 2D A0 FF AA AA AA
ID: A1, Data: 87D 7B 78 7E 3A 0 0 0
ID: 316, Data: 841 4D AB 21 4D 1D 2D 7C
ID: 316, Data: 841 4D BA 21 4D 1D 2D 7C
ID: 316, Data: 841 4C BA 21 49 1D 2D 7C
ID: 2A0, Data: 8C1 1E 65 1C 30 0 F 0
ID: 43F, Data: 843 48 60 FF 6D 38 21 0
ID: 316, Data: 841 4A 3 22 44 1D 2E 7D
ID: 5F0, Data: 20 0
ID: 316, Data: 841 46 F4 21 43 1E 2E 7D
ID: 153, Data: 80 0 0 FF 0 FF 0 0
ID: A1, Data: 87C 7B 77 7E 37 0 0 0
ID: 2A0, Data: 8A1 1D 65 1C 30 0 F 0
ID: 18F, Data: 8AA 3C 0 0 0 0 0 0
ID: 43F, Data: 843 48 60 FF 6C A8 21 0
ID: 18F, Data: 8AA 3C 0 0 0 0 0 0
ID: 43F, Data: 843 48 60 FF 6C D0 21 0
ID: 153, Data: 80 0 0 FF 0 FF 0 0
ID: 153, Data: 80 0 0 FF 0 FF 0 0
ID: 316, Data: 841 42 8A 22 43 1F 2F 7D
ID: 153, Data: 80 0 0 FF 0 FF 0 0
ID: 280, Data: 830 0 88 B0 45 28 65 6E
ID: 316, Data: 841 42 A9 22 43 1F 2F 7D
ID: 43F, Data: 843 48 60 FF 6C 2C 22 0
ID: 440, Data: 8FE 13 2F A0 FF AA AA AA
ID: 153, Data: 80 0 0 FF 0 FF 0 0
ID: 316, Data: 841 42 E7 22 43 1F 2F 7D
ID: 316, Data: 841 41 F7 22 43 1F 2F 7D
ID: 43F, Data: 843 48 60 FF 6C 6C 22 0
ID: 316, Data: 841 41 16 23 43 1F 2F 7D
ID: 153, Data: 80 0 0 FF 0 FF 0 0
ID: 1F0, Data: 8FF 3F FD BF 0 0 0 0
ID: 316, Data: 841 41 26 23 43 1F 30 7D
ID: 153, Data: 80 0 0 FF 0 FF 0 0
ID: 43F, Data: 843 48 60 FF 6C AC 22 0
ID: A0, Data: 847 7C 26 23 30 35 2 0
ID: 43F, Data: 843 48 60 FF 6B C0 22 0
ID: 43F, Data: 843 48 60 FF 6B C0 22 0
ID: A1, Data: 877 7B 76 7E 32 0 0 0
ID: 316, Data: 841 41 65 23 42 1F 30 7D
ID: 316, Data: 841 41 65 23 42 1F 30 7D
ID: 43F, Data: 843 48 60 FF 6C FC 22 0
ID: 329, Data: 8B B0 80 8 11 3E 17 26
ID: 153, Data: 80 0 0 FF 0 FF 0 0
ID: 153, Data: 80 0 0 FF 0 FF 0 0
ID: 5F0, Data: 20 0
ID: 440, Data: 8FE C3 30 A0 FF AA AA AA
ID: 153, Data: 80 0 0 FF 0 FF 0 0
ID: 316, Data: 841 42 D7 23 42 1F 31 7D
ID: 316, Data: 841 42 E8 23 42 1F 31 7D
ID: 43F, Data: 843 48 60 FF 6C 64 23 0
ID: 153, Data: 80 0 0 FF 0 FF 0 0
ID: 153, Data: 80 0 0 FF 0 FF 0 0
ID: 545, Data: 8E4 A4 0 8D 69 2 69 2
ID: 43F, Data: 843 48 60 FF 6B 84 23 0
ID: 2A0, Data: 81 1B 65 1C 30 0 F 0
ID: 153, Data: 80 0 0 FF 0 FF 0 0
ID: 316, Data: 841 43 19 24 44 1F 31 7D
ID: 43F, Data: 843 48 60 FF 6C 9C 23 0
ID: 316, Data: 841 44 19 24 44 1F 31 7D
ID: 153, Data: 80 0 0 FF 0 FF 0 0
ID: 280, Data: 830 0 88 B0 48 29 65 6C
ID: 316, Data: 841 44 3B 24 44 1F 31 7D
ID: 43F, Data: 843 48 60 FF 6C DC 23 0
ID: 316, Data: 841 44 6E 24 44 1F 31 7D
ID: 153, Data: 80 0 0 FF 0 FF 0 0
ID: 43F, Data: 843 48 60 FF 6C 8 24 0
ID: 316, Data: 841 44 90 24 3E 1F 32 7D
ID: 280, Data: 830 0 88 B0 49 29 65 6C
ID: 153, Data: 80 0 0 FF 0 FF 0 0
ID: 2A0, Data: 81 1A 65 1C 30 0 F 0
ID: 316, Data: 841 3E A1 24 3B 1F 32 7D
ID: 316, Data: 841 3A 90 24 3D 20 32 7D
ID: 153, Data: 80 0 0 FF 0 FF 0 0
ID: 260, Data: 8B 3A 40 30 58 FF D3 15
ID: 316, Data: 841 3B 6E 24 42 20 32 7D
ID: 43F, Data: 843 48 60 FF 6C 64 24 0
ID: 5F0, Data: 20 0
ID: 153, Data: 80 0 0 FF 0 FF 0 0
ID: 43F, Data: 843 48 60 FF 6C 80 24 0
ID: 18F, Data: 8AA 40 0 0 0 0 0 0
ID: 43F, Data: 843 48 60 FF 6B A0 24 0
ID: 1F0, Data: 8FC 3F FD BF 0 0 0 0
ID: 316, Data: 841 49 BC 25 4B 1F 33 7D
ID: 316, Data: 841 4A AA 25 49 1F 33 7D
ID: 1F0, Data: 8FC 3F FD BF 0 0 0 0
ID: 2A0, Data: 8C1 1A 65 1C 30 0 F 0
ID: 18F, Data: 8AA 40 0 0 0 0 0 0
ID: 153, Data: 80 0 0 FF 0 FF 0 0
ID: 260, Data: 8B 46 40 30 58 FF C7 15
ID: 440, Data: 8FE 13 33 A0 FF AA AA AA
ID: 5F0, Data: 20 0
ID: 316, Data: 841 42 50 25 40 1F 33 7D
ID: 153, Data: 80 0 0 FF 0 FF 0 0
ID: 316, Data: 841 41 62 25 40 1F 33 7D
ID: 440, Data: 8FE C3 33 A0 FF AA AA AA
ID: 316, Data: 841 40 98 25 3F 1F 33 7D
ID: 43F, Data: 843 48 60 FF 6B 68 25 0
ID: 545, Data: 8E4 A0 0 8D DD 2 DD 2
ID: 316, Data: 841 3F 18 26 33 16 34 7D
ID: 316, Data: 841 3C 18 26 33 16 34 7D
ID: 43F, Data: 843 48 60 FF 6C 80 25 0
ID: 316, Data: 841 38 AA 25 33 17 34 7D
ID: 153, Data: 80 0 0 FF 0 FF 0 0
ID: 1F0, Data: 8FC 3F FD BF 0 0 0 0
ID: 316, Data: 841 36 BC 25 34 17 34 7D
ID: 153, Data: 80 0 0 FF 0 FF 0 0
ID: 43F, Data: 843 48 60 FF 6B 9C 25 0
ID: A0, Data: 838 7C E0 25 34 32 2 0
ID: 43F, Data: 843 48 60 FF 6B B8 25 0
ID: 43F, Data: 843 48 60 FF 6B C8 25 0
ID: A0, Data: 83E 7C 9C 26 34 34 2 0
ID: 316, Data: 81 3B E9 26 3E 17 34 7D
ID: 316, Data: 81 3C E9 26 3D 17 34 7D
ID: 43F, Data: 843 48 60 FF 6C E4 25 0
ID: 316, Data: 81 3D D5 26 3D 17 34 7D
ID: 153, Data: 80 0 0 FF 0 FF 0 0
ID: 153, Data: 80 0 0 FF 0 FF 0 0
ID: 316, Data: 81 3E E9 26 3D 16 34 7D
ID: 5F0, Data: 20 0
ID: 316, Data: 81 3E E9 26 3D 16 35 7D
ID: 153, Data: 80 0 0 FF 0 FF 0 0
ID: A1, Data: 87B 7B 7E 7E 2E 0 0 0
ID: 316, Data: 81 3F E9 26 2F 16 35 7D
ID: 329, Data: 8ED B0 80 8 11 3D 2 26
ID: 1F1, Data: 80 1D A4 31 1A AE 1 1B
ID: 153, Data: 80 0 0 FF 0 FF 0 0
ID: 18F, Data: 8AA 3F 0 0 0 0 0 0
ID: 5A0, Data: 80 0 0 90 0 0 0 0
ID: 316, Data: 81 28 76 26 F 19 35 7D
ID: 153, Data: 80 0 0 FF 0 FF 0 0
ID: 153, Data: 80 0 0 FF 0 FF 0 0
ID: 5F0, Data: 20 0
ID: 43F, Data: 843 48 60 FF 6C 28 26 0
ID: 153, Data: 80 0 0 FF 0 FF 0 0
ID: 153, Data: 80 0 0 FF 0 FF 0 0
ID: 316, Data: 81 1B BC 25 11 1A 35 7D
ID: 370, Data: 8FF DD F0 FF FF FF FF FF
ID: 316, Data: 81 19 62 25 11 1A 35 7D
ID: 153, Data: 80 0 0 FF 0 FF 0 0
ID: 153, Data: 80 0 0 FF 0 FF 0 0
ID: 43F, Data: 843 48 60 FF 6B F0 25 0
ID: 153, Data: 80 0 0 FF 0 FF 0 0
ID: 316, Data: 81 1A 3E 25 1F 1A 35 7D
ID: 316, Data: 81 1B 62 25 23 1A 35 7D
ID: 545, Data: 8E4 44 0 8D 25 0 25 0
ID: 43F, Data: 843 48 60 FF 6C C4 25 0
ID: 43F, Data: 843 48 60 FF 6B C0 25 0
ID: 2A0, Data: 861 14 65 1C 30 0 F 0
ID: 316, Data: 81 22 AA 25 26 1A 34 7D
ID: 1F1, Data: 80 D 9D A1 19 A6 71 1A
ID: 1F1, Data: 80 1E A2 B1 19 A6 71 1A
ID: 43F, Data: 843 48 60 FF 6C EC 25 0
ID: 545, Data: 8E4 62 0 8D B2 0 B2 0
ID: 316, Data: 81 24 50 26 2C 1A 34 7D
ID: 316, Data: 81 25 2A 26 2E 19 34 7D
ID: 260, Data: 8B 27 2F 30 58 FF D5 29
ID: 316, Data: 81 29 3D 26 30 19 34 7D
ID: 280, Data: 830 0 88 B0 4C 1A 65 42
ID: 316, Data: 81 2C 76 26 32 19 34 7D
ID: 280, Data: 830 0 88 AF 4D 1B 65 47
ID: 153, Data: 80 0 0 FF 0 FF 0 0
ID: 316, Data: 81 2F AF 26 33 18 34 7D
ID: 1F1, Data: 80 86 9C A1 19 A4 81 1A
ID: 260, Data: 8B 30 33 30 58 FF D4 1C
ID: 316, Data: 81 31 9C 26 33 18 34 7D
ID: 260, Data: 8B 32 33 30 58 FF D4 B
ID: 316, Data: 81 31 C2 26 33 18 34 7D
ID: 316, Data: 81 32 D5 26 2C 18 34 7D
ID: 43F, Data: 843 48 60 FF 6C C4 25 0
ID: 43F, Data: 843 48 60 FF 6C C4 25 0
ID: A0, Data: 839 7C D5 26 35 33 2 0
ID: 153, Data: 80 0 0 FF 0 FF 0 0
ID: 316, Data: 81 2B 9C 26 21 18 34 7D
ID: 153, Data: 80 0 0 FF 0 FF 0 0
ID: A0, Data: 82A 7C 63 26 35 2E 2 0
ID: 316, Data: 81 28 3D 26 23 19 34 7D
ID: 260, Data: 8B 28 24 30 58 FF D5 23
ID: 316, Data: 81 26 63 26 24 19 34 7D
ID: 329, Data: 840 AF 80 8 11 36 8 26
ID: 316, Data: 81 25 3D 26 10 1A 34 7D
ID: 316, Data: 81 24 3D 26 10 1A 34 7D
ID: 153, Data: 80 0 0 FF 0 FF 0 0
ID: 43F, Data: 843 48 60 FF 6C C0 25 0
ID: 153, Data: 80 0 0 FF 0 FF 0 0
ID: 280, Data: 830 0 88 AF 4B 12 64 32
ID: 316, Data: 81 1E BC 25 10 1A 34 7D
ID: 43F, Data: 843 48 60 FF 6C 94 25 0
ID: 316, Data: 81 1C 50 25 11 1A 34 7D
ID: A1, Data: 880 7C 83 7D 16 0 0 0
ID: 153, Data: 80 0 0 FF 0 FF 0 0
ID: 316, Data: 81 1A A1 24 11 1A 34 7D
ID: 153, Data: 80 0 0 FF 0 FF 0 0
ID: 316, Data: 81 18 5D 24 11 1A 34 7D
ID: 316, Data: 81 17 4C 24 11 1A 34 7D
ID: 2A0, Data: 820 E 64 1C 30 0 F 0
ID: 43F, Data: 843 48 60 FF 6B 38 25 0
ID: 153, Data: 80 0 0 FF 0 FF 0 0
ID: 18F, Data: 8AA 37 0 0 0 0 0 0
ID: 316, Data: 81 21 7F 24 37 1A 34 7D
ID: 316, Data: 81 22 D5 24 39 1A 34 7D
ID: 153, Data: 80 0 0 FF 0 FF 0 0
ID: 153, Data: 80 0 0 FF 0 FF 0 0
ID: 43F, Data: 843 48 60 FF 6B 80 25 0
ID: 153, Data: 80 0 0 FF 0 FF 0 0
ID: 153, Data: 80 0 0 FF 0 FF 0 0
ID: 1F1, Data: 80 41 98 61 19 A0 11 1A
ID: A1, Data: 87C 7A 7E 7B 25 0 0 0
ID: 316, Data: 81 35 50 26 3A 18 33 7D
ID: 316, Data: 81 36 3D 26 3A 18 33 7D
ID: 43F, Data: 843 48 60 FF 6C 24 25 0
ID: 370, Data: 8FF E0 F0 FF FF FF FF FF
ID: 18F, Data: 8AA 36 0 0 0 0 0 0
ID: 316, Data: 81 39 9C 26 39 17 33 7D
ID: 153, Data: 80 0 0 FF 0 FF 0 0
ID: 280, Data: 830 0 88 AF 4D 22 64 5A
ID: 316, Data: 81 39 AF 26 39 17 34 7D
ID: 153, Data: 80 0 0 FF 0 FF 0 0
ID: 43F, Data: 843 48 60 FF 6C 6C 25 0
ID: 153, Data: 80 0 0 FF 0 FF 0 0
ID: 329, Data: 8B AF 80 8 11 3D 1A 26
ID: 316, Data: 81 3A C2 26 3C 17 34 7D
ID: 260, Data: 8B 3A 3D 30 58 FF D0 1C
ID: 316, Data: 81 3A FC 26 3C 17 34 7D
ID: 316, Data: 81 3B FC 26 3C 17 34 7D
ID: 153, Data: 80 0 0 FF 0 FF 0 0
ID: 5A0, Data: 80 0 0 90 0 0 0 0
ID: 316, Data: 81 3C 37 27 3C 17 34 7D
ID: 316, Data: 81 3C 37 27 3C 17 34 7D
ID: 316, Data: 81 3C 4A 27 3C 17 34 7D
ID: 43F, Data: 843 48 60 FF 6C E0 25 0
ID: 316, Data: 81 3D 37 27 3C 17 34 7D
ID: 153, Data: 80 0 0 FF 0 FF 0 0
ID: 153, Data: 80 0 0 FF 0 FF 0 0
ID: 316, Data: 81 3D 72 27 3C 17 34 7D
ID: 440, Data: 8FE B3 34 A0 FF AA AA AA
ID: 316, Data: 81 3D 9A 27 2E 17 35 7D
ID: 153, Data: 80 0 0 FF 0 FF 0 0
ID: 43F, Data: 843 48 60 FF 6C 34 26 0
ID: 43F, Data: 843 48 60 FF 6C 34 26 0
ID: 280, Data: 830 0 88 AF 4E 1E 64 53
ID: 316, Data: 81 2F 23 27 31 18 35 7D
ID: 316, Data: 81 2E FC 26 33 18 35 7D
ID: 43F, Data: 843 48 60 FF 6C 40 26 0
ID: 440, Data: 8FE 13 35 A0 FF AA AA AA
ID: 153, Data: 80 0 0 FF 0 FF 0 0
ID: 153, Data: 80 0 0 FF 0 FF 0 0
ID: 316, Data: 81 3A D7 27 3E 17 35 7D
ID: 5F0, Data: 20 0
ID: 316, Data: 81 3D 0 28 2C 17 35 7D
ID: 316, Data: 81 3D EB 27 2A 17 35 7D
ID: A1, Data: 87B 7C 7E 7A 2B 0 0 0
ID: 5F0, Data: 20 0
ID: 153, Data: 80 0 0 FF 0 FF 0 0
ID: 316, Data: 81 2E 72 27 E 18 35 7D
ID: 5F0, Data: 20 0
ID: 316, Data: 81 28 E9 26 F 1A 35 7D
ID: 316, Data: 81 27 D5 26 F 1A 35 7D
ID: 329, Data: 885 AF 80 8 11 32 0 26
ID: 43F, Data: 843 48 60 FF 6C 60 26 0
ID: 316, Data: 81 1F 63 26 2C 1A 35 7D
ID: 18F, Data: 8AA 35 0 0 0 0 0 0
ID: 316, Data: 81 22 18 26 2D 1A 35 7D
ID: 153, Data: 80 0 0 FF 0 FF 0 0
ID: 1F0, Data: 8F8 3F FD BF 0 0 0 0
ID: 316, Data: 81 25 50 26 2C 1A 35 7D
ID: 316, Data: 81 27 AF 26 2C 1A 35 7D
ID: 2A0, Data: 861 10 64 1C 30 0 F 0
ID: 43F, Data: 843 48 60 FF 6C D8 26 0
ID: 153, Data: 80 0 0 FF 0 FF 0 0
ID: 153, Data: 80 0 0 FF 0 FF 0 0
ID: 545, Data: 8E4 7B 0 8D 38 1 38 1
ID: 316, Data: 81 2B 23 27 2B 19 35 7D
ID: 545, Data: 8E4 7E 0 8D 44 1 44 1
ID: 43F, Data: 843 48 60 FF 6C 48 26 0
ID: 43F, Data: 843 48 60 FF 6C 50 26 0
ID: 18F, Data: 8AA 34 0 0 0 0 0 0
ID: 153, Data: 80 0 0 FF 0 FF 0 0
ID: 153, Data: 80 0 0 FF 0 FF 0 0
ID: A1, Data: 87D 7A 82 78 21 0 0 0
ID: 329, Data: 8B AF 80 8 11 3A D 26
ID: 545, Data: 8E4 84 0 8D 52 1 52 1
ID: A1, Data: 87D 7A 84 78 21 0 0 0
ID: 153, Data: 80 0 0 FF 0 FF 0 0
ID: 43F, Data: 843 48 60 FF 6C 50 26 0
ID: 153, Data: 80 0 0 FF 0 FF 0 0
ID: 1F0, Data: 8FB 3F FD BF 0 0 0 0
ID: 316, Data: 81 29 FC 26 F 19 35 7D
ID: 153, Data: 80 0 0 FF 0 FF 0 0
ID: 153, Data: 80 0 0 FF 0 FF 0 0
ID: 316, Data: 81 23 AF 26 10 1A 35 7D
ID: 153, Data: 80 0 0 FF 0 FF 0 0
ID: 316, Data: 81 20 3D 26 10 1A 35 7D
ID: 316, Data: 81 1E 2A 26 10 1A 35 7D
ID: 260, Data: 8B 1D 11 30 58 FF CD 1D
ID: 316, Data: 81 1C BC 25 11 1A 35 7D
ID: 18F, Data: 8AA 34 0 0 0 0 0 0
ID: 316, Data: 81 1A 62 25 11 1A 35 7D
ID: 43F, Data: 843 48 60 FF 6B 4 26 0
ID: 153, Data: 80 0 0 FF 0 FF 0 0
ID: A0, Data: 81C 7B 50 25 35 29 2 0
ID: 316, Data: 81 1B 62 25 1A 1A 35 7D
ID: 545, Data: 8E4 47 0 8D 5 0 5 0
ID: 316, Data: 81 1B 74 25 1A 1A 35 7D
ID: 153, Data: 80 0 0 FF 0 FF 0 0
ID: 329, Data: 8B AF 80 8 11 31 4 26
ID: 316, Data: 81 1A 86 25 1A 1A 34 7D
ID: 329, Data: 840 AF 80 8 11 32 4 26
ID: 153, Data: 80 0 0 FF 0 FF 0 0
ID: 153, Data: 80 0 0 FF 0 FF 0 0
ID: 316, Data: 81 1B 3E 25 1B 1A 34 7D
ID: 153, Data: 80 0 0 FF 0 FF 0 0
ID: 316, Data: 81 1C 50 25 1C 1A 34 7D
ID: 153, Data: 80 0 0 FF 0 FF 0 0
ID: 329, Data: 8B AF 80 8 11 33 6 26
ID: 316, Data: 81 1D 1B 25 24 1A 34 7D
ID: 280, Data: 830 0 88 AF 4A 12 64 30
ID: 316, Data: 81 1F 2C 25 24 1A 34 7D
ID: 316, Data: 81 20 2C 25 24 1A 34 7D
ID: 153, Data: 80 0 0 FF 0 FF 0 0
ID: 316, Data: 81 21 62 25 24 1A 34 7D
ID: 153, Data: 80 0 0 FF 0 FF 0 0
ID: 153, Data: 80 0 0 FF 0 FF 0 0
ID: 316, Data: 81 23 98 25 30 1A 33 7D
ID: 43F, Data: 843 48 60 FF 6C 60 25 0
ID: 2A0, Data: 8C1 C 64 1C 30 0 F 0
ID: 153, Data: 80 0 0 FF 0 FF 0 0
ID: 316, Data: 81 2D 5 26 32 19 33 7D
ID: 440, Data: 8FE B3 33 A0 FF AA AA AA
ID: 153, Data: 80 0 0 FF 0 FF 0 0
ID: 43F, Data: 843 48 60 FF 6C 28 25 0
ID: A0, Data: 838 7B 63 26 34 32 2 0
ID: 316, Data: 81 30 2A 26 32 18 33 7D
ID: 316, Data: 81 31 3D 26 31 18 33 7D
ID: 43F, Data: 843 48 60 FF 6B 30 25 0
ID: 316, Data: 81 31 3D 26 33 18 33 7D
ID: A1, Data: 87E 7A 81 7B 26 0 0 0
ID: 153, Data: 80 0 0 FF 0 FF 0 0
ID: 316, Data: 81 32 63 26 3B 18 33 7D
ID: 153, Data: 80 0 0 FF 0 FF 0 0
ID: 316, Data: 81 35 76 26 3E 18 33 7D
ID: 316, Data: 81 38 89 26 3F 18 34 7D
ID: 260, Data: 8B 3A 40 30 58 FF D2 34
ID: 43F, Data: 843 48 60 FF 6C 78 25 0
ID: 18F, Data: 8AA 33 0 0 0 0 0 0
ID: 316, Data: 81 3E 10 27 41 17 34 7D
ID: 153, Data: 80 0 0 FF 0 FF 0 0
ID: 153, Data: 80 0 0 FF 0 FF 0 0
ID: 316, Data: 81 3F 10 27 41 17 34 7D
ID: 43F, Data: 843 48 60 FF 6C 9C 25 0
ID: 316, Data: 81 40 23 27 42 17 34 7D
ID: 153, Data: 80 0 0 FF 0 FF 0 0
ID: 153, Data: 80 0 0 FF 0 FF 0 0
ID: 316, Data: 81 41 5E 27 44 17 34 7D
ID: 153, Data: 80 0 0 FF 0 FF 0 0
ID: 316, Data: 81 43 86 27 43 16 34 7D
ID: 1F0, Data: 8FA 3F FD BF 0 0 0 0
ID: 329, Data: 8B AF 80 8 11 42 20 26
ID: A0, Data: 84D 7B AE 27 35 38 2 0
ID: 153, Data: 80 0 0 FF 0 FF 0 0
ID: 316, Data: 81 44 C2 27 43 16 35 7D
ID: 153, Data: 80 0 0 FF 0 FF 0 0
ID: 316, Data: 81 45 AE 27 43 16 35 7D
ID: 316, Data: 81 45 AE 27 43 16 35 7D
ID: 2A0, Data: 8A1 12 64 1C 30 0 F 0
ID: 43F, Data: 843 48 60 FF 6C 74 26 0
ID: 43F, Data: 843 48 60 FF 6C 78 26 0
ID: A1, Data: 87D 7C 7E 7C 31 0 0 0
ID: 316, Data: 81 45 AE 27 44 16 35 7D
ID: 316, Data: 81 45 AE 27 44 16 35 7D
ID: 43F, Data: 843 48 60 FF 6B C0 26 0
ID: 43F, Data: 843 48 60 FF 6C D4 26 0
ID: A0, Data: 84E 7B AE 27 36 38 2 0
ID: 316, Data: 81 43 EB 27 3B 16 36 7D
ID: 316, Data: 81 42 EB 27 3B 17 36 7D
ID: 43F, Data: 843 48 60 FF 6C 8 27 0
ID: 5F0, Data: 20 0
ID: 545, Data: 8E4 B3 0 8D C1 2 C1 2
ID: 329, Data: 885 AF 80 8 11 3F 1B 26
ID: A1, Data: 87E 7C 7E 7C 2D 0 0 0
ID: 43F, Data: 843 48 60 FF 6C 48 27 0
ID: 43F, Data: 843 48 60 FF 6C 64 27 0
ID: 2A0, Data: 861 14 64 1C 30 0 F 0
ID: 316, Data: 81 3D 52 28 3F 17 36 7D
ID: 316, Data: 81 3D 52 28 40 17 36 7D
ID: 43F, Data: 843 48 60 FF 6C 74 27 0
ID: 43F, Data: 843 48 60 FF 6C 70 27 0
ID: 18F, Data: 8AA 33 0 0 0 0 0 0
ID: 316, Data: 81 3F 7C 28 40 17 37 7D
ID: 153, Data: 80 0 0 FF 0 FF 0 0
ID: 153, Data: 80 0 0 FF 0 FF 0 0
ID: 316, Data: 81 40 A6 28 3F 17 37 7D
ID: 43F, Data: 843 48 60 FF 6C D0 27 0
ID: 316, Data: 81 40 A6 28 3F 17 37 7D
ID: 153, Data: 80 0 0 FF 0 FF 0 0
ID: 153, Data: 80 0 0 FF 0 FF 0 0
ID: 316, Data: 81 41 BB 28 3F 17 37 7D
ID: 153, Data: 80 0 0 FF 0 FF 0 0
ID: 316, Data: 81 41 E6 28 3F 17 37 7D
ID: 316, Data: 81 41 E6 28 3E 17 37 7D
ID: 260, Data: 8B 41 3F 30 58 FF C9 1A
ID: 43F, Data: 843 48 60 FF 6C 4C 28 0
ID: 43F, Data: 843 48 60 FF 6C 50 28 0
ID: 316, Data: 81 41 11 29 3E 17 38 7D
ID: 329, Data: 8ED AF 80 8 11 40 1D 26
ID: 43F, Data: 843 48 60 FF 6C 7C 28 0
ID: 316, Data: 81 3F 11 29 3E 17 38 7D
ID: 153, Data: 80 0 0 FF 0 FF 0 0
ID: 153, Data: 80 0 0 FF 0 FF 0 0
ID: 316, Data: 81 3E 3C 29 3E 17 38 7D
ID: 153, Data: 80 0 0 FF 0 FF 0 0
ID: 316, Data: 81 3E 52 29 3E 17 38 7D
ID: 1F1, Data: 80 75 BE B1 1B CB 91 1C
ID: 280, Data: 830 0 88 AF 52 25 64 5E
ID: 43F, Data: 843 48 60 FF 6C EC 28 0
ID: 280, Data: 830 0 88 AF 53 25 64 5E
ID: 316, Data: 81 3E 94 29 3E 17 38 7D
ID: 316, Data: 81 3E 94 29 3E 17 39 7D
ID: 153, Data: 80 0 0 FF 0 FF 0 0
ID: 43F, Data: 843 48 60 FF 6D 28 29 0
ID: 1F1, Data: 80 CA C4 1 1C CF E1 1C
ID: 280, Data: 830 0 88 AF 53 25 64 5E
ID: 316, Data: 81 3E D7 29 3E 17 39 7D
ID: 316, Data: 81 3E ED 29 3E 17 39 7D
ID: 43F, Data: 843 48 60 FF 6C 5C 29 0
ID: 43F, Data: 843 48 60 FF 6C 68 29 0
ID: A0, Data: 845 7B ED 29 39 37 2 0
ID: 316, Data: 81 42 5F 2A 46 21 39 7D
ID: 316, Data: 81 43 BC 2A 46 21 39 7D
ID: 43F, Data: 843 48 60 FF 6C C8 29 0
ID: 440, Data: 8FE 63 3A A0 FF AA AA AA
ID: 153, Data: 80 0 0 FF 0 FF 0 0
ID: 153, Data: 80 0 0 FF 0 FF 0 0
ID: 316, Data: 81 43 BC 2A 14 20 3A 7D
ID: 153, Data: 80 0 0 FF 0 FF 0 0
ID: 316, Data: 841 34 A4 2A 16 22 3A 7D
ID: 153, Data: 80 0 0 FF 0 FF 0 0
ID: 43F, Data: 843 48 60 FF 6C A0 29 0
ID: 260, Data: 8B 26 18 30 58 FF D2 34
ID: 153, Data: 80 0 0 FF 0 FF 0 0
ID: 316, Data: 841 21 7E 29 18 24 3A 7D
ID: 316, Data: 841 1F 68 29 18 24 3A 7D
ID: 43F, Data: 843 48 60 FF 6C D4 29 0
ID: 329, Data: 885 AF 80 8 11 33 0 26
ID: 153, Data: 80 0 0 FF 0 FF 0 0
ID: 316, Data: 841 19 BB 28 19 24 3A 7D
ID: 153, Data: 80 0 0 FF 0 FF 0 0
ID: 18F, Data: 8AA 35 0 0 0 0 0 0
ID: 316, Data: 841 15 EB 27 19 24 3A 7D
ID: 153, Data: 80 0 0 FF 0 FF 0 0
ID: 43F, Data: 843 48 60 FF 6C 5C 29 0
ID: 18F, Data: 8AA 36 0 0 0 0 0 0
ID: 153, Data: 80 0 0 FF 0 FF 0 0
ID: 153, Data: 80 0 0 FF 0 FF 0 0
ID: 2A0, Data: 8C1 12 64 1C 30 0 F 0
ID: 316, Data: 841 23 AF 26 3A 24 39 7D
ID: A0, Data: 82A 7C 63 26 3A 32 2 0
ID: 316, Data: 841 32 D0 28 37 23 39 7D
ID: 316, Data: 841 32 ED 29 37 23 39 7D
ID: 153, Data: 80 0 0 FF 0 FF 0 0
ID: 545, Data: 8E4 A0 0 8D FD 0 FD 0
ID: 316, Data: 841 31 76 2A 36 23 39 7D
ID: 280, Data: 830 0 88 AF 54 1E 64 4D
ID: 316, Data: 841 33 D7 29 36 22 39 7D
ID: A0, Data: 83B 7C D7 29 39 34 2 0
ID: 43F, Data: 843 48 60 FF 6C C 29 0
ID: 316, Data: 841 34 ED 29 32 22 39 7D
ID: 370, Data: 8FF E0 F0 FF FF FF FF FF
ID: 316, Data: 841 35 4 2A 31 22 39 7D
ID: 153, Data: 80 0 0 FF 0 FF 0 0
ID: 153, Data: 80 0 0 FF 0 FF 0 0
ID: 43F, Data: 843 48 60 FF 6B 2C 29 0
ID: 153, Data: 80 0 0 FF 0 FF 0 0
ID: 316, Data: 841 32 4 2A 31 22 39 7D
ID: 316, Data: 841 33 1A 2A 31 22 39 7D
ID: A0, Data: 838 7C 4 2A 39 33 2 0
ID: 316, Data: 841 31 1A 2A 31 23 39 7D
ID: 316, Data: 841 31 31 2A 31 23 39 7D
ID: 43F, Data: 843 48 60 FF 6C 44 29 0
ID: 545, Data: 8E4 99 0 8D EE 0 EE 0
ID: 153, Data: 80 0 0 FF 0 FF 0 0
ID: 316, Data: 841 2F 4 2A 17 23 39 7D
ID: 440, Data: 8FE B3 39 A0 FF AA AA AA
ID: 316, Data: 841 28 D7 29 17 24 39 7D
ID: 43F, Data: 843 48 60 FF 6C 3C 29 0
ID: 260, Data: 8B 24 18 30 58 FF D3 35
ID: 316, Data: 841 22 26 29 18 24 39 7D
ID: 280, Data: 830 0 84 AF 51 13 64 32
ID: 43F, Data: 843 48 60 FF 6C C0 28 0
ID: 545, Data: 8E4 5B 0 8D 80 FF 80 FF
ID: 153, Data: 80 0 0 FF 0 FF 0 0
ID: 316, Data: 841 1A 29 28 19 24 39 7D
ID: 316, Data: 841 19 0 28 19 24 39 7D
ID: 43F, Data: 843 48 60 FF 6B E8 28 0
ID: 316, Data: 841 16 86 27 19 24 39 7D
ID: 153, Data: 80 0 0 FF 0 FF 0 0
ID: 5A0, Data: 80 0 0 90 0 0 0 0
ID: 316, Data: 841 15 76 26 1A 24 39 7D
ID: 153, Data: 80 0 0 FF 0 FF 0 0
ID: 316, Data: 841 17 5 26 1A 24 39 7D
ID: 316, Data: 841 17 E0 25 1A 24 39 7D
ID: A1, Data: 880 7F 82 7D 18 0 0 0
ID: 43F, Data: 843 48 60 FF 6C 88 28 0
ID: 316, Data: 841 19 5 26 19 23 38 7D
ID: 43F, Data: 843 48 60 FF 6C 84 28 0
ID: 316, Data: 841 1A 89 26 19 23 38 7D
ID: A1, Data: 880 7F 80 7D 1A 0 0 0
ID: 43F, Data: 843 48 60 FF 6C 44 28 0
ID: 316, Data: 841 1A D5 26 19 24 38 7D
ID: 153, Data: 80 0 0 FF 0 FF 0 0
ID: 316, Data: 841 23 10 27 19 24 38 7D
ID: 316, Data: 841 26 EB 27 18 24 38 7D
ID: 43F, Data: 843 48 60 FF 6C 70 28 0
ID: 43F, Data: 843 48 60 FF 6C 7C 28 0
ID: 153, Data: 80 0 0 FF 0 FF 0 0
ID: 316, Data: 841 22 A6 28 18 24 38 7D
ID: 316, Data: 841 21 52 28 18 24 38 7D
ID: A1, Data: 880 7A 82 78 1A 0 0 0
ID: 43F, Data: 843 48 60 FF 6C D4 27 0
ID: 43F, Data: 843 48 60 FF 6C 94 27 0
ID: 18F, Data: 8AA 3E 0 0 0 0 0 0
ID: 316, Data: 841 1B 23 27 19 24 37 7D
ID: 153, Data: 80 0 0 FF 0 FF 0 0
ID: 18F, Data: 8AA 3F 0 0 0 0 0 0
ID: 316, Data: 841 18 C2 26 19 24 37 7D
ID: 153, Data: 80 0 0 FF 0 FF 0 0
ID: 153, Data: 80 0 0 FF 0 FF 0 0
ID: 2A0, Data: 840 9 64 1C 30 0 F 0
ID: 43F, Data: 843 48 60 FF 6C AC 27 0
ID: 316, Data: 841 16 AA 25 1A 24 37 7D
ID: 316, Data: 841 17 BC 25 1A 24 37 7D
ID: 329, Data: 8B AF 80 8 11 35 0 26
ID: 43F, Data: 843 48 60 FF 6C 7C 27 0
ID: 43F, Data: 843 48 60 FF 6C 78 27 0
ID: 18F, Data: 8AA 3F 0 0 0 0 0 0
ID: 153, Data: 80 0 0 FF 0 FF 0 0
ID: 316, Data: 841 1A 18 26 19 23 37 7D
ID: 43F, Data: 843 48 60 FF 6C 3C 27 0
ID: 316, Data: 841 1A 18 26 19 23 37 7D
ID: 153, Data: 80 0 0 FF 0 FF 0 0
ID: 316, Data: 841 1A 18 26 19 23 36 7D
ID: 316, Data: 841 1A 18 26 19 23 36 7D
ID: 153, Data: 80 0 0 FF 0 FF 0 0
ID: 153, Data: 80 0 0 FF 0 FF 0 0
ID: 316, Data: 849 23 F3 25 22 23 36 7D
ID: 43F, Data: 843 48 60 FF 6B F4 26 0
ID: 2A0, Data: 8C1 8 64 1C 30 0 F 0
ID: 153, Data: 80 0 0 FF 0 FF 0 0
ID: 153, Data: 80 0 0 FF 0 FF 0 0
ID: A1, Data: 880 7A 80 7B 1A 0 0 0
ID: A0, Data: 827 7C 4A 27 36 2E 2 0
ID: 153, Data: 80 0 0 FF 0 FF 0 0
ID: 43F, Data: 843 48 60 FF 6C F4 26 0
ID: 153, Data: 80 0 0 FF 0 FF 0 0
ID: 370, Data: 8FF E0 F0 FF FF FF FF FF
ID: 43F, Data: 843 48 60 FF 6C D0 26 0
ID: 440, Data: 8FE C3 36 A0 FF AA AA AA
ID: 153, Data: 80 0 0 FF 0 FF 0 0
ID: 1F1, Data: 80 C9 A9 C1 1A B4 41 1B
ID: 316, Data: 841 28 37 27 27 23 36 7D
ID: 43F, Data: 843 48 60 FF 6B EC 26 0
ID: 316, Data: 841 29 4A 27 27 23 36 7D
ID: 153, Data: 80 0 0 FF 0 FF 0 0
ID: 316, Data: 841 29 4A 27 27 23 36 7D
ID: 316, Data: 841 29 4A 27 27 23 36 7D
ID: 43F, Data: 843 48 60 FF 6C F0 26 0
ID: 316, Data: 841 28 4A 27 28 23 36 7D
ID: 1F0, Data: 81 40 FD BF 0 0 0 0
ID: 545, Data: 8E4 6F 0 8D 4E 0 4E 0
ID: 316, Data: 841 28 37 27 28 23 36 7D
ID: 18F, Data: 8AA 40 0 0 0 0 0 0
ID: 153, Data: 80 0 0 FF 0 FF 0 0
ID: 43F, Data: 843 48 60 FF 6C 8 27 0
ID: 153, Data: 80 0 0 FF 0 FF 0 0
ID: 43F, Data: 843 48 60 FF 6C FC 26 0
ID: 153, Data: 80 0 0 FF 0 FF 0 0
ID: 153, Data: 80 0 0 FF 0 FF 0 0
ID: 316, Data: 841 29 4A 27 29 23 36 7D
ID: 153, Data: 80 0 0 FF 0 FF 0 0
ID: 2A0, Data: 8C1 7 64 1C 30 0 F 0
ID: 316, Data: 841 29 72 27 28 23 36 7D
ID: 316, Data: 841 29 72 27 28 23 36 7D
ID: 43F, Data: 843 48 60 FF 6C 20 27 0
ID: 440, Data: 8FE B3 36 A0 FF AA AA AA
ID: 316, Data: 841 29 86 27 28 23 36 7D
ID: A0, Data: 82D 7C 9A 27 37 30 2 0
ID: 153, Data: 80 0 0 FF 0 FF 0 0
ID: 316, Data: 841 2A 9A 27 28 23 36 7D
ID: 153, Data: 80 0 0 FF 0 FF 0 0
ID: A1, Data: 884 7A 86 78 1E 0 0 0
ID: 2A0, Data: 81 7 64 1C 30 0 F 0
ID: 260, Data: 8B 2A 29 30 58 FF D4 1E
ID: 280, Data: 830 0 88 AF 4F 19 64 40
ID: 440, Data: 8FE C3 36 A0 FF AA AA AA
ID: 280, Data: 830 0 88 AF 4F 19 64 3F
ID: 316, Data: 841 2A AE 27 28 23 37 7D
ID: 2A0, Data: 81 7 64 1C 30 0 F 0
ID: 316, Data: 841 2A C2 27 28 23 37 7D
ID: 153, Data: 80 0 0 FF 0 FF 0 0
ID: 18F, Data: 8AA 42 0 0 0 0 0 0
ID: 316, Data: 841 29 C2 27 27 23 37 7D
ID: 370, Data: 8FF DE F0 FF FF FF FF FF
ID: 316, Data: 841 29 C2 27 18 23 37 7D
ID: 316, Data: 841 28 AE 27 18 23 37 7D
ID: 153, Data: 80 0 0 FF 0 FF 0 0
ID: 18F, Data: 8AA 42 0 0 0 0 0 0
ID: 316, Data: 841 23 72 27 19 24 37 7D
ID: 43F, Data: 843 48 60 FF 6C 50 27 0
ID: 153, Data: 80 0 0 FF 0 FF 0 0
ID: 153, Data: 80 0 0 FF 0 FF 0 0
ID: 316, Data: 841 1D C2 26 19 24 37 7D
ID: 153, Data: 80 0 0 FF 0 FF 0 0
ID: 316, Data: 841 1B 76 26 1A 24 37 7D
ID: 316, Data: 841 1A 50 26 1A 24 37 7D
ID: 153, Data: 80 0 0 FF 0 FF 0 0
ID: 316, Data: 841 17 2A 26 1A 24 37 7D
ID: 316, Data: 841 16 CE 25 1A 24 37 7D
ID: 43F, Data: 843 48 60 FF 6C 2C 27 0
ID: 316, Data: 841 16 62 25 1A 24 37 7D
ID: 153, Data: 80 0 0 FF 0 FF 0 0
ID: 316, Data: 841 17 D5 24 1A 23 36 7D
ID: 316, Data: 841 18 D5 24 1A 23 36 7D
ID: 153, Data: 80 0 0 FF 0 FF 0 0
ID: 316, Data: 841 19 7F 24 1A 23 36 7D
ID: 316, Data: 841 1A C3 24 1A 23 36 7D
ID: 43F, Data: 843 48 60 FF 6C F8 26 0
ID: 43F, Data: 843 48 60 FF 6C DC 26 0
ID: 153, Data: 80 0 0 FF 0 FF 0 0
ID: 316, Data: 841 1A 90 24 11 1A 36 7D
ID: 316, Data: 841 1A B2 24 11 1A 36 7D
ID: A0, Data: 827 7C B2 24 37 2D 2 0
ID: 43F, Data: 843 48 60 FF 6C A0 26 0
ID: 316, Data: 841 19 2A 24 11 1A 36 7D
ID: 316, Data: 81 19 F8 23 11 1A 36 7D
ID: 280, Data: 830 0 84 B0 47 14 64 35
ID: 43F, Data: 843 48 60 FF 6C 8C 26 0
ID: 316, Data: 89 18 D7 23 11 1A 36 7D
ID: 153, Data: 80 0 0 FF 0 FF 0 0
ID: 153, Data: 80 0 0 FF 0 FF 0 0
ID: 316, Data: 89 14 3B 24 11 1A 36 7D
ID: 153, Data: 80 0 0 FF 0 FF 0 0
ID: 316, Data: 89 F 3B 24 11 1A 35 7D
ID: 316, Data: 89 F 3B 24 11 1A 35 7D
ID: 316, Data: 89 B 4C 24 11 1A 35 7D
ID: 1F0, Data: 84 40 FD BF 0 0 0 0
ID: 153, Data: 80 0 0 FF 0 FF 0 0
ID: 316, Data: 89 8 B2 24 11 1A 35 7D
ID: 153, Data: 80 0 0 FF 0 FF 0 0
ID: 153, Data: 80 0 0 FF 0 FF 0 0
ID: 316, Data: 89 3 2C 25 10 1A 35 7D
ID: 43F, Data: 843 48 60 FF 6C D0 25 0
ID: 316, Data: 89 0 86 25 10 1A 35 7D
ID: 2A0, Data: 8E0 4 64 1D 30 0 F 0
ID: 153, Data: 80 0 0 FF 0 FF 0 0
ID: 316, Data: 89 0 AA 25 10 1A 35 7D
ID: A0, Data: 823 7C AA 25 35 2C 4 0
ID: 316, Data: 89 0 86 25 10 1A 34 7D
ID: 316, Data: 89 0 62 25 10 19 34 7D
ID: 2A0, Data: 840 4 64 1D 30 0 F 0
ID: 43F, Data: 843 48 60 FF 6C 88 25 0
ID: 153, Data: 80 0 0 FF 0 FF 0 0
ID: 370, Data: 8FF DE F0 FF FF FF FF FF
ID: 316, Data: 89 0 4C 24 10 19 34 7D
ID: 440, Data: 8FE C3 34 A0 FF AA AA AA
ID: 316, Data: 89 0 4C 24 10 19 34 7D
ID: 153, Data: 80 0 0 FF 0 FF 0 0
ID: 43F, Data: 843 48 60 FF 6C 2C 25 0
ID: 153, Data: 80 0 0 FF 0 FF 0 0
ID: 153, Data: 80 0 0 FF 0 FF 0 0
ID: 316, Data: 89 0 3B 24 10 19 34 7D
ID: 153, Data: 80 0 0 FF 0 FF 0 0
ID: 316, Data: 89 0 4C 24 10 19 33 7D
ID: 153, Data: 80 0 0 FF 0 FF 0 0
ID: 153, Data: 80 0 0 FF 0 FF 0 0
ID: 316, Data: 89 0 19 24 10 19 33 7D
ID: 43F, Data: 843 48 60 FF 6C BC 24 0
ID: 43F, Data: 843 48 60 FF 6C B4 24 0
ID: A0, Data: 827 7C 9 24 34 2C 4 0
ID: 153, Data: 80 0 0 FF 0 FF 0 0
ID: 316, Data: 89 0 F8 23 10 19 33 7D
ID: 153, Data: 80 0 0 FF 0 FF 0 0
ID: 316, Data: 89 0 D7 23 10 19 33 7D
ID: 153, Data: 80 0 0 FF 0 FF 0 0
ID: 316, Data: 89 0 B6 23 10 19 33 7D
ID: 370, Data: 8FF DE F0 FF FF FF FF FF
ID: 2A0, Data: 820 3 64 1D 30 0 F 0
ID: 316, Data: 89 0 96 23 10 19 32 7D
ID: 316, Data: 89 0 86 23 10 19 32 7D
ID: 280, Data: 830 0 20 B0 47 16 64 3D
ID: 43F, Data: 843 48 60 FF 6C 14 24 0
ID: 316, Data: 89 0 76 23 10 19 32 7D
ID: 153, Data: 80 0 0 FF 0 FF 0 0
ID: 316, Data: 89 0 45 23 10 19 32 7D
ID: 153, Data: 80 0 0 FF 0 FF 0 0
ID: 316, Data: 89 0 26 23 10 19 32 7D
ID: 153, Data: 80 0 0 FF 0 FF 0 0
ID: 316, Data: 89 0 26 23 11 19 32 7D
ID: 316, Data: 89 0 6 23 11 19 32 7D
ID: 153, Data: 80 0 0 FF 0 FF 0 0
ID: A0, Data: 827 7C 16 23 32 2C 4 0
ID: 316, Data: 89 0 16 23 11 19 32 7D
ID: A0, Data: 827 7C 16 23 32 2C 4 0
ID: 153, Data: 80 0 0 FF 0 FF 0 0
ID: 153, Data: 80 0 0 FF 0 FF 0 0
ID: 1F0, Data: 8FE 3F FD BF 0 0 0 0
ID: 43F, Data: 843 48 60 FF 6C 50 23 0
ID: 43F, Data: 843 48 60 FF 6C 48 23 0
ID: 43F, Data: 843 48 60 FF 6C 40 23 0
ID: A0, Data: 827 7C A9 22 32 2C 4 0
ID: 316, Data: 89 0 7B 22 11 19 31 7D
ID: 316, Data: 89 0 7B 22 11 19 31 7D
ID: A1, Data: 880 7F 80 7D 1D 0 0 0
ID: 153, Data: 80 0 0 FF 0 FF 0 0
ID: 43F, Data: 843 48 60 FF 6B E8 22 0
ID: 153, Data: 80 0 0 FF 0 FF 0 0
ID: 316, Data: 89 0 21 22 11 19 30 7D
ID: 316, Data: 89 0 30 22 11 19 30 7D
ID: 316, Data: 89 0 12 22 11 19 30 7D
ID: A0, Data: 827 7C 12 22 31 2C 4 0
ID: 316, Data: 89 0 3 22 11 19 30 7D
ID: 1F1, Data: 80 31 7B B1 17 84 51 18
ID: 329, Data: 885 B0 80 8 11 34 0 26
ID: 153, Data: 80 0 0 FF 0 FF 0 0
ID: 153, Data: 80 0 0 FF 0 FF 0 0
ID: 316, Data: 89 0 AB 21 11 19 30 7D
ID: 440, Data: 8FE 63 2F A0 FF AA AA AA
ID: 316, Data: 89 0 8E 21 11 19 30 7D
ID: 153, Data: 80 0 0 FF 0 FF 0 0
ID: 43F, Data: 843 48 60 FF 6C 38 22 0
ID: 316, Data: 89 0 8E 21 11 19 30 7D
ID: 316, Data: 89 0 80 21 11 19 2F 7D
ID: 18F, Data: 8AA 39 0 0 0 0 0 0
ID: 316, Data: 89 0 63 21 11 19 2F 7D
ID: A1, Data: 880 7F 80 7D 1E 0 0 0
ID: 370, Data: 8FF DA F0 FF FF FF FF FF
ID: 153, Data: 80 0 0 FF 0 FF 0 0
ID: A0, Data: 828 7C 2A 21 30 2C 4 0
ID: 370, Data: 8FF DA F0 FF FF FF FF FF
ID: 370, Data: 8FF DA F0 FF FF FF FF FF
ID: 316, Data: 89 0 F2 20 11 19 2F 7D
ID: 153, Data: 80 0 0 FF 0 FF 0 0
ID: 370, Data: 8FF DA F0 FF FF FF FF FF
ID: 5F0, Data: 20 0
ID: 545, Data: 8E4 0 0 8D 42 FE 42 FE
ID: 2A0, Data: 840 1 64 1D 30 0 F 0
ID: 153, Data: 80 0 0 FF 0 FF 0 0
ID: 316, Data: 89 0 AE 20 11 19 2E 7D
ID: 153, Data: 80 0 0 FF 0 FF 0 0
ID: 316, Data: 89 0 85 20 11 19 2E 7D
ID: 153, Data: 80 0 0 FF 0 FF 0 0
ID: 153, Data: 80 0 0 FF 0 FF 0 0
ID: 440, Data: 8FE 63 2D A0 FF AA AA AA
ID: 43F, Data: 843 48 60 FF 6C E0 20 0
ID: 316, Data: 89 0 34 20 11 19 2E 7D
ID: 153, Data: 80 0 0 FF 0 FF 0 0
ID: 153, Data: 80 0 0 FF 0 FF 0 0
ID: 316, Data: 89 0 0 20 11 19 2E 7D
ID: 370, Data: 8FF DA F0 FF FF FF FF FF
ID: 316, Data: 89 0 E5 1F 11 19 2D 7D
ID: 280, Data: 830 0 20 B0 3F 16 64 3E
ID: 43F, Data: 843 48 60 FF 6C 64 20 0
ID: 5F0, Data: 20 0
ID: A0, Data: 829 7C CB 1F 2E 2C 4 0
ID: A0, Data: 829 7C CB 1F 2E 2C 4 0
ID: 153, Data: 80 0 0 FF 0 FF 0 0
ID: 316, Data: 89 0 7E 1F 12 19 2D 7D
ID: 153, Data: 80 0 0 FF 0 FF 0 0
ID: 153, Data: 80 0 0 FF 0 FF 0 0
ID: 316, Data: 89 0 4C 1F 12 19 2D 7D
ID: 370, Data: 8FF DB F0 FF FF FF FF FF
ID: 316, Data: 89 0 33 1F 12 19 2C 7D
ID: A0, Data: 829 7C 27 1F 2D 2C 4 0
ID: 153, Data: 80 0 0 FF 0 FF 0 0
ID: 316, Data: 89 0 1 1F 12 19 2C 7D
ID: 153, Data: 80 0 0 FF 0 FF 0 0
ID: 316, Data: 89 0 DD 1E 12 19 2C 7D
ID: 153, Data: 80 0 0 FF 0 FF 0 0
ID: 153, Data: 80 0 0 FF 0 FF 0 0
ID: 316, Data: 89 0 A0 1E 12 19 2C 7D
ID: 5F0, Data: 20 0
ID: 316, Data: 89 0 7C 1E 12 19 2B 7D
ID: 153, Data: 80 0 0 FF 0 FF 0 0
ID: 329, Data: 885 B0 80 8 11 33 0 26
ID: 316, Data: 89 0 4D 1E 12 19 2B 7D
ID: 2A0, Data: 8E0 1 64 1D 30 0 F 0
ID: 153, Data: 80 0 0 FF 0 FF 0 0
ID: 153, Data: 80 0 0 FF 0 FF 0 0
ID: 153, Data: 80 0 0 FF 0 FF 0 0
ID: 43F, Data: 843 48 60 FF 6C C0 1E 0
ID: 316, Data: 89 0 13 1E 12 19 2B 7D
ID: 153, Data: 80 0 0 FF 0 FF 0 0
ID: 153, Data: 80 0 0 FF 0 FF 0 0
ID: 153, Data: 80 0 0 FF 0 FF 0 0
ID: A1, Data: 880 7F 80 7D 1C 0 0 0
ID: 280, Data: 830 0 20 B0 3B 15 64 3C
ID: 280, Data: 830 0 20 B0 3B 15 64 3C
ID: 43F, Data: 843 48 60 FF 6C 48 1E 0
ID: 329, Data: 840 B0 80 8 11 33 0 26
ID: 153, Data: 80 0 0 FF 0 FF 0 0
ID: 316, Data: 89 0 7F 1D 12 19 2A 7D
ID: 153, Data: 80 0 0 FF 0 FF 0 0
ID: 316, Data: 89 0 53 1D 12 19 2A 7D
ID: 43F, Data: 843 48 60 FF 6C F0 1D 0
ID: 280, Data: 830 0 20 B0 3A 14 64 3B
ID: 316, Data: 89 0 11 1D 12 19 2A 7D
ID: 316, Data: 89 0 11 1D 12 19 29 7D
ID: 43F, Data: 843 48 60 FF 6C AC 1D 0
ID: 43F, Data: 843 48 60 FF 6C 90 1D 0
ID: 280, Data: 830 0 20 B0 39 14 64 3B
ID: 316, Data: 89 0 C6 1C 12 19 29 7D
ID: 316, Data: 89 0 C6 1C 12 19 29 7D
ID: A1, Data: 880 7F 80 7D 1C 0 0 0
ID: 316, Data: 89 0 92 1C 13 19 29 7D
ID: 316, Data: 89 0 87 1C 13 19 29 7D
ID: 329, Data: 840 B0 80 8 12 32 0 26
ID: 153, Data: 80 0 0 FF 0 FF 0 0
ID: 153, Data: 80 0 0 FF 0 FF 0 0
ID: 316, Data: 89 0 54 1C 13 19 28 7D
ID: A1, Data: 880 7F 80 7D 1C 0 0 0
ID: 316, Data: 89 0 2B 1C 13 19 28 7D
ID: 316, Data: 89 0 F8 1B 13 19 28 7D
ID: 316, Data: 89 0 E4 1B 13 19 28 7D
ID: 1F0, Data: 8FE 3F FD BF 0 0 0 0
ID: 153, Data: 80 0 0 FF 0 FF 0 0
ID: 316, Data: 89 0 6F 1B 14 19 27 7D
ID: 153, Data: 80 0 0 FF 0 FF 0 0
ID: 153, Data: 80 0 0 FF 0 FF 0 0
ID: 316, Data: 89 0 CF 1A 14 18 26 7D
ID: 43F, Data: 843 48 60 FF 6C 20 1B 0
ID: 316, Data: 89 0 59 1A 14 18 26 7D
ID: 18F, Data: 8AA 36 0 0 0 0 0 0
ID: 153, Data: 80 0 0 FF 0 FF 0 0
ID: 153, Data: 80 0 0 FF 0 FF 0 0
ID: 280, Data: 830 0 20 B0 33 14 64 3B
ID: 316, Data: 89 0 71 19 15 18 25 7D
ID: 440, Data: 8FE 13 24 A0 FF AA AA AA
ID: 153, Data: 80 0 0 FF 0 FF 0 0
ID: A1, Data: 880 7F 80 7D 1C 0 0 0
ID: 329, Data: 8B B0 80 8 12 30 0 26
ID: 545, Data: 8E4 0 0 8C 49 FE 49 FE
ID: 153, Data: 80 0 0 FF 0 FF 0 0
ID: 153, Data: 80 0 0 FF 0 FF 0 0
ID: 153, Data: 80 0 0 FF 0 FF 0 0
ID: 18F, Data: 8AA 36 0 0 0 0 0 0
ID: 316, Data: 89 0 E2 16 16 18 21 7D
ID: 316, Data: 89 0 99 16 16 18 21 7D
ID: 153, Data: 80 0 0 FF 0 FF 0 0
ID: 153, Data: 80 0 0 FF 0 FF 0 0
ID: 260, Data: 80 0 17 30 58 FF 4E 8
ID: 329, Data: 840 B0 80 8 12 2F 0 26
ID: A0, Data: 827 7C CF 15 20 27 4 0
ID: 316, Data: 89 0 C4 14 18 18 1E 7D
ID: 316, Data: 89 0 78 14 18 18 1E 7D
ID: 280, Data: 830 0 20 B0 28 14 64 3A
ID: 5F0, Data: 20 0
ID: 316, Data: 89 0 74 13 19 18 1D 7D
ID: 316, Data: 89 0 36 13 1A 18 1C 7D
ID: 545, Data: 8E4 0 0 8C 47 FE 47 FE
ID: 5F0, Data: 20 0
ID: 43F, Data: 843 48 60 FF 6C A4 12 0
ID: 316, Data: 89 0 F8 11 1B 19 1B 7D
ID: 2A0, Data: 880 0 64 1D 30 0 F 0
ID: 153, Data: 80 0 0 FF 0 FF 0 0
ID: 316, Data: 89 0 DD 10 1D 19 19 7D
ID: 153, Data: 80 0 0 FF 0 FF 0 0
ID: 316, Data: 81 4 38 10 1E 1A 18 7D
ID: 153, Data: 80 0 0 FF 0 FF 0 0
ID: 153, Data: 80 0 0 FF 0 FF 0 0
ID: 440, Data: 8FE 63 16 A0 FF AA AA AA
ID: 43F, Data: 843 48 60 FF 6C 94 F 0
ID: 316, Data: 81 14 BA E 20 1A 16 7D
ID: A1, Data: 880 7F 80 7D 1F 0 0 0
ID: 153, Data: 80 0 0 FF 0 FF 0 0
ID: 316, Data: 81 20 43 D 23 1A 15 7D
ID: 153, Data: 80 0 0 FF 0 FF 0 0
ID: 316, Data: 81 21 BC D 22 1A 14 7D
ID: 153, Data: 80 0 0 FF 0 FF 0 0
ID: 316, Data: 81 22 8E C 24 1B 14 7D
ID: 440, Data: 8FE 63 13 A0 FF AA AA AA
ID: 316, Data: 81 23 70 C 24 1A 13 7D
ID: 316, Data: 81 23 C1 C 23 1A 13 7D
ID: 316, Data: 81 23 AE C 23 1A 12 7D
ID: 2A0, Data: 880 0 64 1D 30 0 F 0
ID: 440, Data: 8FE B3 12 A0 FF AA AA AA
ID: 370, Data: 8FF DD F0 FF FF FF FF FF
ID: 1F1, Data: 80 DA 89 40 8 8C 60 8
ID: 316, Data: 81 23 94 C 22 1A 11 7D
ID: 316, Data: 81 23 84 C 22 1A 11 7D
ID: 1F0, Data: 8DC 3F FD BF 0 0 0 0
ID: 153, Data: 80 0 0 FF 0 FF 0 0
ID: 316, Data: 81 22 3B C 22 1A 10 7D
ID: 153, Data: 80 0 0 FF 0 FF 0 0
ID: 43F, Data: 83 48 60 FF 6C 0 B 0
ID: 5F0, Data: 20 0
ID: 153, Data: 80 0 0 FF 0 FF 0 0
ID: 43F, Data: 83 48 60 FF 6C 88 A 0
ID: 5F0, Data: 20 0
ID: 43F, Data: 83 48 60 FF 6C 34 A 0
ID: 440, Data: 8FE C3 E A0 FF AA AA AA
ID: 316, Data: 81 23 C9 A 25 1A E 7D
ID: 280, Data: 830 0 84 B0 15 1A 64 4A
ID: 153, Data: 80 0 0 FF 0 FF 0 0
ID: 316, Data: 81 24 58 A 26 19 D 7D
ID: 153, Data: 80 0 0 FF 0 FF 0 0
ID: 316, Data: 81 25 14 A 27 19 D 7D
ID: 153, Data: 80 0 0 FF 0 FF 0 0
ID: 316, Data: 81 26 E7 9 27 19 C 7D
ID: 153, Data: 80 0 0 FF 0 FF 0 0
ID: 153, Data: 80 0 0 FF 0 FF 0 0
ID: 5F0, Data: 20 0
ID: 153, Data: 80 0 0 FF 0 FF 0 0
ID: 43F, Data: 83 48 60 FF 6C B8 7 0
ID: 280, Data: 830 0 84 AF 12 1D 64 50
ID: 153, Data: 80 0 0 FF 0 FF 0 0
ID: 153, Data: 80 0 0 FF 0 FF 0 0
ID: 43F, Data: 8A 48 60 FF 6B 8 7 0
ID: 153, Data: 80 0 0 FF 0 FF 0 0
ID: A1, Data: 88C 7F 8E 7D 26 0 0 0
ID: 440, Data: 8FE 13 9 A0 FF AA AA AA
ID: A0, Data: 83C 7C 27 9 A 23 2 0
ID: 316, Data: 81 29 30 9 28 18 9 7D
ID: 153, Data: 80 0 0 FF 0 FF 0 0
ID: 316, Data: 81 29 36 9 28 18 8 7D
ID: 43F, Data: 8A 48 60 FF 6C 24 7 0
ID: 43F, Data: 8A 48 60 FF 6C 98 7 0
ID: 440, Data: 8FE 13 7 A0 FF AA AA AA
ID: 440, Data: 8FE 13 7 A0 FF AA AA AA
ID: 153, Data: 80 0 0 FF 0 FF 0 0
ID: 280, Data: 830 0 84 AF 13 1D 64 51
ID: 153, Data: 80 0 0 FF 0 FF 0 0
ID: 1F1, Data: 80 31 35 10 3 36 30 3
ID: 2A0, Data: 880 0 64 1D 30 0 F 0
ID: 5F0, Data: 20 0
ID: 153, Data: 80 0 0 FF 0 FF 0 0
ID: 43F, Data: 82 48 60 FF 6C 74 6 0
ID: 545, Data: 8E4 25 0 8C F9 0 F9 0
ID: A1, Data: 88B 7F 8B 7D 26 0 0 0
ID: 316, Data: 81 27 B9 9 27 19 5 7D
ID: 153, Data: 80 0 0 FF 0 FF 0 0
ID: 316, Data: 81 26 CF 9 27 19 5 7D
ID: 153, Data: 80 0 0 FF 0 FF 0 0
ID: 153, Data: 80 0 0 FF 0 FF 0 0
ID: 316, Data: 81 26 42 A 25 19 5 7D
ID: 43F, Data: 82 48 60 FF 6C 50 6 0
ID: 5F0, Data: 20 0
ID: 153, Data: 80 0 0 FF 0 FF 0 0
ID: 316, Data: 81 26 F0 9 26 19 5 7D
ID: 43F, Data: 82 48 60 FF 6C 58 6 0
ID: 440, Data: 8F1 D2 5 A0 FF AA AA AA
ID: 316, Data: 81 2B FC 9 31 19 5 7D
ID: 260, Data: 8B 2D 35 30 58 FF 7A F
ID: 1F1, Data: 80 52 30 D0 2 30 E0 2
ID: 153, Data: 80 0 0 FF 0 FF 0 0
ID: 316, Data: 81 2E 92 A 53 19 5 7D
ID: 316, Data: 81 2F D5 A 57 19 5 7D
ID: 153, Data: 80 0 0 FF 0 FF 0 0
ID: 2A0, Data: 861 1 64 1D 30 0 F 0
ID: 316, Data: 81 3A 85 B 57 19 5 7D
ID: 316, Data: 81 3C C3 B 57 18 5 7D
ID: 260, Data: 8B 3E 59 30 58 FF A3 29
ID: A0, Data: 85C 7C 85 B 6 2A 2 0
ID: 316, Data: 81 41 DE D 5C 18 6 7D
ID: 153, Data: 80 0 0 FF 0 FF 0 0
ID: 316, Data: 81 45 12 F 5E 17 6 7D
ID: 316, Data: 81 47 D5 F 5E 16 6 7D
ID: 316, Data: 81 48 E0 10 5D 16 6 7D
ID: 2A0, Data: 8C1 4 64 1D 30 0 F 0
ID: 153, Data: 80 0 0 FF 0 FF 0 0
ID: 316, Data: 81 4D C 13 5C 14 6 7D
ID: 18F, Data: 8AA 35 0 0 0 0 0 0
ID: 316, Data: 81 55 43 14 6B 1D 6 7D
ID: 43F, Data: 82 48 60 FF 6B EC 8 0
ID: 153, Data: 80 0 0 FF 0 FF 0 0
ID: 316, Data: 81 61 78 16 6F 1C 7 7D
ID: 43F, Data: 82 48 60 FF 6C DC 9 0
ID: 316, Data: 81 66 18 18 6E 1C 7 7D
ID: 545, Data: 8E4 C8 0 8D 20 5 20 5
ID: 153, Data: 80 0 0 FF 0 FF 0 0
ID: 316, Data: 81 66 3F 1A 6C 1B 8 7D
ID: 153, Data: 80 0 0 FF 0 FF 0 0
ID: 316, Data: 841 67 2C 1B 6B 1B 9 7D
ID: 370, Data: 8FF DD F0 FF FF FF FF FF
ID: 1F0, Data: 88D 3F FD BF 0 0 0 0
ID: 5F0, Data: 20 0
ID: 153, Data: 80 0 0 FF 0 FF 0 0
ID: 43F, Data: 82 48 60 FF 6C E8 D 0
ID: 5F0, Data: 20 0
ID: 43F, Data: 82 48 60 FF 6C C0 E 0
ID: 43F, Data: 82 48 60 FF 6C FC E 0
ID: 370, Data: 8FF DD F0 FF FF FF FF FF
ID: 316, Data: 841 68 C 1C 6A 1B C 7D
ID: 153, Data: 80 0 0 FF 0 FF 0 0
ID: 316, Data: 841 69 49 1C 6A 1B D 7D
ID: 153, Data: 80 0 0 FF 0 FF 0 0
ID: 329, Data: 8ED AF 80 8 11 46 2D 26
ID: 5A0, Data: 80 0 0 90 0 0 0 0
ID: A0, Data: 878 7C 68 1C E 3C 2 0
ID: 316, Data: 841 68 92 1C 6A 1C F 7D
ID: 1F1, Data: 80 97 95 20 8 96 60 8
ID: 316, Data: 841 68 B1 1C 6A 1C F 7D
ID: 153, Data: 80 0 0 FF 0 FF 0 0
ID: 1F0, Data: 896 3F FD BF 0 0 0 0
ID: 316, Data: 841 68 11 1D 6A 1C 10 7D
ID: 316, Data: 841 68 32 1D 69 1C 11 7D
ID: 43F, Data: 82 48 60 FF 6C 88 15 0
ID: 2A0, Data: 861 13 64 1D 30 0 F 0
ID: 153, Data: 80 0 0 FF 0 FF 0 0
ID: 316, Data: 841 67 AC 1D 69 1C 12 7D
ID: 153, Data: 80 0 0 FF 0 FF 0 0
ID: 329, Data: 885 AF 80 8 11 46 2D 26
ID: 316, Data: 841 66 FC 1D 69 1C 13 7D
ID: A1, Data: 885 7B 84 7E 44 0 0 0
ID: 43F, Data: 82 48 60 FF 6C 34 18 0
ID: 316, Data: 841 66 59 1E 68 1C 14 7D
ID: A0, Data: 872 7C 88 1E 14 3D 2 0
ID: 316, Data: 841 66 C4 1E 68 1C 14 7D
ID: 280, Data: 830 0 88 B0 3D 3F 64 92
ID: 5F0, Data: 20 0
ID: 280, Data: 830 0 88 B0 3E 3E 64 91
ID: 329, Data: 8ED B0 80 8 11 47 2D 26
ID: 153, Data: 80 0 0 FF 0 FF 0 0
ID: 153, Data: 80 0 0 FF 0 FF 0 0
ID: 316, Data: 841 65 BE 1F 67 1C 16 7D
ID: 153, Data: 80 0 0 FF 0 FF 0 0
ID: 545, Data: 8E4 F3 0 8C 1A 5 1A 5
ID: 316, Data: 841 66 27 20 6D 1C 17 7D
ID: 153, Data: 80 0 0 FF 0 FF 0 0
ID: 43F, Data: 82 48 60 FF 6C 98 1C 0
ID: 153, Data: 80 0 0 FF 0 FF 0 0
ID: 316, Data: 841 6C 38 21 6B 1B 18 7D
ID: 153, Data: 80 0 0 FF 0 FF 0 0
ID: 260, Data: 8B 6D 6C 30 58 FF AD 1A
ID: 316, Data: 841 6B 30 22 6B 1C 19 7D
ID: 43F, Data: 82 48 60 FF 6C 88 1E 0
ID: 316, Data: 841 6A 9A 22 6D 1C 1A 7D
ID: 153, Data: 80 0 0 FF 0 FF 0 0
ID: 153, Data: 80 0 0 FF 0 FF 0 0
ID: 316, Data: 841 69 6 23 6D 1C 1B 7D
ID: 153, Data: 80 0 0 FF 0 FF 0 0
ID: 316, Data: 841 68 B6 23 6C 1C 1B 7D
ID: 316, Data: 841 68 9 24 6C 1C 1C 7D
ID: 43F, Data: 82 48 60 FF 6C 2C 21 0
ID: 43F, Data: 82 48 60 FF 6C 74 21 0
ID: 545, Data: 8E4 1B 1 8C 37 5 37 5
ID: 316, Data: 841 67 2C 25 6B 1C 1D 7D
ID: 316, Data: 841 67 74 25 6E 1C 1D 7D
ID: 43F, Data: 82 48 60 FF 6C 98 22 0
ID: 316, Data: 841 6E E0 25 76 1C 1E 7D
ID: 18F, Data: 8AA 3F 0 0 0 0 0 0
ID: 153, Data: 80 0 0 FF 0 FF 0 0
ID: 316, Data: 841 75 86 27 75 1C 1F 7D
ID: 153, Data: 80 0 0 FF 0 FF 0 0
ID: 316, Data: 841 75 52 28 75 1D 1F 7D
ID: 316, Data: 841 74 7C 28 75 1D 20 7D
ID: A1, Data: 887 7E 80 7D 46 0 0 0
ID: 43F, Data: 82 48 60 FF 6C AC 25 0
ID: 316, Data: 841 73 3C 29 74 1D 21 7D
ID: 370, Data: 8FF DA F0 FF FF FF FF FF
ID: 316, Data: 841 71 D7 29 73 1E 21 7D
ID: 43F, Data: 82 48 60 FF 6C 50 27 0
ID: 280, Data: 830 0 88 B0 55 43 64 8E
ID: 153, Data: 80 0 0 FF 0 FF 0 0
ID: 153, Data: 80 0 0 FF 0 FF 0 0
ID: 316, Data: 841 6F 62 2B 72 1E 23 7D
ID: 153, Data: 80 0 0 FF 0 FF 0 0
ID: 329, Data: 840 B0 80 8 11 4F 3A 26
ID: 316, Data: 841 6D D 2C 72 1E 24 7D
ID: A1, Data: 883 7E 82 7D 42 0 0 0
ID: 316, Data: 841 6D D7 2C 6F 1E 25 7D
ID: 316, Data: 841 6D B 2D 6E 1F 25 7D
ID: 370, Data: 8FF D7 F0 FF FF FF FF FF
ID: 316, Data: 841 6C C4 2D 6C 1F 26 7D
ID: 5F0, Data: 20 0
ID: 329, Data: 840 B0 80 8 11 4F 38 26
ID: 316, Data: 841 6B 67 2E 6B 1F 27 7D
ID: 43F, Data: 82 48 60 FF 6C 58 2C 0
ID: 329, Data: 885 B0 80 8 11 4F 38 26
ID: 43F, Data: 82 48 60 FF 6C DC 2C 0
ID: 316, Data: 841 69 81 2F 6A 20 28 7D
ID: 2A0, Data: 8C1 28 64 1D 30 0 F 0
ID: 43F, Data: 82 48 60 FF 6D D8 2D 0
ID: 43F, Data: 82 48 60 FF 6D 2C 2E 0
ID: 260, Data: 8B 68 66 30 58 FF B5 2B
ID: 316, Data: 841 66 C7 30 61 20 29 7D
ID: 329, Data: 885 B0 80 8 11 4E 32 26
ID: 43F, Data: 82 48 60 FF 6C 80 2F 0
ID: 280, Data: 830 0 88 B0 63 3A 64 83
ID: 153, Data: 80 0 0 FF 0 FF 0 0
ID: 153, Data: 80 0 0 FF 0 FF 0 0
ID: 316, Data: 841 5F E0 31 60 21 2B 7D
ID: 153, Data: 80 0 0 FF 0 FF 0 0
ID: 329, Data: 885 B0 80 8 11 4D 32 26
ID: 316, Data: 841 5E A2 32 5F 21 2B 7D
ID: A1, Data: 880 7E 7F 7D 3C 0 0 0
ID: 5F0, Data: 20 0
ID: 316, Data: 841 5D 8B 33 5F 21 2C 7D
ID: 316, Data: 841 5D 8B 33 5E 21 2C 7D
ID: 153, Data: 80 0 0 FF 0 FF 0 0
ID: 329, Data: 840 B0 80 8 11 4D 32 26
ID: 316, Data: 841 5C 15 34 5E 22 2D 7D
ID: A1, Data: 880 7E 80 7D 3B 0 0 0
ID: 316, Data: 841 5C C5 34 5D 22 2D 7D
ID: 316, Data: 841 5C E8 34 5D 22 2D 7D
ID: 153, Data: 80 0 0 FF 0 FF 0 0
ID: 2A0, Data: 8A1 2B 64 1D 30 0 F 0
ID: 153, Data: 80 0 0 FF 0 FF 0 0
ID: 329, Data: 840 B0 80 8 11 4E 32 26
ID: 316, Data: 841 5C C3 35 5C 22 2E 7D
ID: 43F, Data: 82 48 60 FF 6D 8C 34 0
ID: 440, Data: 8FE 82 2F A0 FF AA AA AA
ID: 18F, Data: 8AA 43 0 0 0 0 0 0
ID: 316, Data: 841 5C CB 36 5C 22 2F 7D
ID: 153, Data: 80 0 0 FF 0 FF 0 0
ID: 260, Data: 8B 5D 5C 30 58 FF B5 4
ID: 329, Data: 8B B0 80 8 11 4E 37 26
ID: 5F0, Data: 20 0
ID: 316, Data: 841 65 5 38 6D 22 30 7D
ID: 43F, Data: 8B 48 60 FF 6D 7C 36 0
ID: 545, Data: 8E4 B1 1 8A 4 5 4 5
ID: 153, Data: 80 0 0 FF 0 FF 0 0
ID: A0, Data: 879 7C A8 38 31 49 2 0
ID: 2A0, Data: 861 2D 64 1D 30 0 F 0
ID: 43F, Data: 8B 48 60 FF 6D 10 37 0
ID: 316, Data: 841 6D FA 38 7C 22 32 7D
ID: 316, Data: 841 6F 24 39 81 22 32 7D
ID: 43F, Data: 8B 48 60 FF 6D CC 37 0
ID: 316, Data: 841 8B 4F 3A 9B 22 32 7D
ID: 440, Data: 8FE 82 33 A0 FF AA AA AA
ID: 316, Data: 841 7A 4E 39 A2 22 33 7D
ID: 43F, Data: 8B 48 60 82 6D 30 33 0
ID: 2A0, Data: 81 31 64 1D 30 0 F 0
ID: 5F0, Data: 20 0
ID: 153, Data: 80 0 0 FF 0 FF 0 0
ID: 43F, Data: 8B 48 60 AF 6D D0 28 0
ID: A0, Data: 8BA 7C D7 2C 35 54 2 0
ID: 316, Data: 841 B7 A4 2C BF 1D 35 7D
ID: 316, Data: 841 BB D7 2C C2 1D 35 7D
ID: 370, Data: 8FF D1 F0 FF FF FF FF FF
ID: 316, Data: 841 C1 30 2E C8 1D 36 7D
ID: 153, Data: 80 0 0 FF 0 FF 0 0
ID: 440, Data: 8FE D2 37 A0 FF AA AA AA
ID: 316, Data: 841 C2 F 2F CA 1D 37 7D
ID: 153, Data: 80 0 0 FF 0 FF 0 0
ID: 316, Data: 841 C3 81 2F CA 1D 38 7D
ID: 316, Data: 841 C5 BB 2F CB 1D 38 7D
ID: 153, Data: 80 0 0 FF 0 FF 0 0
ID: 43F, Data: 83 48 60 FF 6D 48 2A 0
ID: 316, Data: 841 C5 E6 30 C1 1E 3A 7D
ID: 153, Data: 80 0 0 FF 0 FF 0 0
ID: 316, Data: 841 C0 A9 30 BC 1E 3A 7D
ID: 43F, Data: 83 48 60 FF 6D 38 2B 0
ID: 316, Data: 841 B9 C7 30 B2 1E 3B 7D
ID: 153, Data: 80 0 0 FF 0 FF 0 0
ID: 316, Data: 841 B0 5 31 9F 1E 3C 7D
ID: 316, Data: 841 A8 E6 30 98 1E 3C 7D
ID: 18F, Data: 8AA 44 0 0 0 0 0 0
ID: 316, Data: 841 97 8B 30 8F 1F 3D 7D
ID: 1F0, Data: 8F9 3F FD BF 0 0 0 0
ID: 280, Data: 830 0 88 B0 60 53 63 A2
ID: 260, Data: 8B 8C 8F 30 58 FF A4 3B
ID: 1F0, Data: 8F9 3F FD BF 0 0 0 0
ID: 1F1, Data: 80 98 F3 11 1F 1 32 20
ID: 18F, Data: 8AA 43 0 0 0 0 0 0
ID: 43F, Data: 8C 48 60 FF 6D 30 2E 0
ID: 18F, Data: 8AA 43 0 0 0 0 0 0
ID: 153, Data: 80 0 0 FF 0 FF 0 0
ID: 43F, Data: 8C 48 60 FF 6D C8 2E 0
ID: A0, Data: 89C 7C 81 31 40 4E 2 0
ID: 153, Data: 80 0 0 FF 0 FF 0 0
ID: 316, Data: 841 87 A2 32 89 1F 41 7D
ID: 153, Data: 80 0 0 FF 0 FF 0 0
ID: 153, Data: 80 0 0 FF 0 FF 0 0
ID: 316, Data: 841 78 82 2E 10 1F 41 7D
ID: 153, Data: 80 0 0 FF 0 FF 0 0
ID: 153, Data: 80 0 0 FF 0 FF 0 0
ID: 545, Data: 8E4 C0 0 8A 4F 2 4F 2
ID: 370, Data: 8FF D1 F0 FF FF FF FF FF
ID: 329, Data: 885 B0 80 8 11 34 0 26
ID: 153, Data: 80 0 0 FF 0 FF 0 0
ID: 316, Data: 841 27 C7 23 1A 22 42 7D
ID: 153, Data: 80 0 0 FF 0 FF 0 0
ID: 18F, Data: 8AA 42 0 0 0 0 0 0
ID: 18F, Data: 8AA 42 0 0 0 0 0 0
ID: 316, Data: 841 1C 55 23 1A 23 42 7D
ID: 43F, Data: 8C 48 60 FF 6D FC 23 0
ID: 153, Data: 80 0 0 FF 0 FF 0 0
ID: 316, Data: 841 18 21 22 1B 23 42 7D
ID: 153, Data: 80 0 0 FF 0 FF 0 0
ID: 329, Data: 8ED B0 80 8 11 32 0 26
ID: 316, Data: 841 16 E 21 1B 23 42 7D
ID: 18F, Data: 8AA 42 0 0 0 0 0 0
ID: 43F, Data: 84 48 60 FF 6D B0 23 0
ID: 153, Data: 80 0 0 FF 0 FF 0 0
ID: 5F0, Data: 20 0
ID: 316, Data: 841 16 E 1F 1C 22 42 7D
ID: 43F, Data: 84 48 60 FF 6D 8C 23 0
ID: 43F, Data: 84 48 60 FF 6D 84 23 0
ID: 2A0, Data: 880 31 63 1D 30 0 F 0
ID: 316, Data: 841 19 BE 1F 1B 22 42 7D
ID: 316, Data: 841 19 D 20 1B 22 42 7D
ID: 43F, Data: 84 48 60 FF 6D 68 23 0
ID: 43F, Data: 84 48 60 FF 6D 50 23 0
ID: 545, Data: 8E4 60 0 8D 73 FF 73 FF
ID: 316, Data: 841 1A A0 20 1B 22 41 7D
ID: 316, Data: 841 1A A0 20 1B 22 41 7D
ID: 43F, Data: 84 48 60 FF 6D C 23 0
ID: 2A0, Data: 820 2B 63 1D 30 0 F 0
ID: 153, Data: 80 0 0 FF 0 FF 0 0
ID: 153, Data: 80 0 0 FF 0 FF 0 0
ID: 370, Data: 8FF D1 F0 FF FF FF FF FF
ID: 280, Data: 830 0 A0 B0 3F 1A 63 44
ID: 316, Data: 849 17 D8 1F 1B 22 41 7D
ID: 2A0, Data: 880 28 63 1D 30 0 F 0
ID: 43F, Data: 84 48 60 FF 6D C0 22 0
ID: 43F, Data: 84 48 60 FF 6D B8 22 0
ID: A1, Data: 880 7F 80 7D 21 0 0 0
ID: 316, Data: 849 12 40 1F 1B 22 40 7D
ID: 316, Data: 849 E F5 1E 1B 22 40 7D
ID: 18F, Data: 8AA 42 0 0 0 0 0 0
ID: 43F, Data: 84 48 60 FF 6D 60 22 0
ID: 153, Data: 80 0 0 FF 0 FF 0 0
ID: 316, Data: 849 9 7C 1E 1C 22 40 7D
ID: 1F1, Data: 80 87 F6 41 1F 0 12 20
ID: 329, Data: 8B AF 80 8 11 35 0 26
ID: 1F1, Data: 80 A9 F7 51 1F FC F1 1F
ID: 43F, Data: 844 48 60 FF 6D 20 22 0
ID: 316, Data: 849 0 C3 1D 13 18 3F 7D
ID: 1F1, Data: 80 CB F4 11 1F FD C1 1F
ID: 316, Data: 849 0 74 1D 13 18 3F 7D
ID: A1, Data: 880 7F 80 7D 1F 0 0 0
ID: 316, Data: 849 0 F1 1C 14 18 3F 7D
ID: 153, Data: 80 0 0 FF 0 FF 0 0
ID: 1F1, Data: 80 10 F0 C1 1E F6 51 1F
ID: 260, Data: 80 0 14 30 58 FF 4E 38
ID: 316, Data: 89 0 49 1C 14 18 3E 7D
ID: 316, Data: 89 0 68 1C 14 18 3E 7D
ID: A1, Data: 880 7F 80 7D 1E 0 0 0
ID: 43F, Data: 844 48 60 FF 6D 64 21 0
ID: 153, Data: 80 0 0 FF 0 FF 0 0
ID: 280, Data: 830 0 20 AF 3B 16 63 3C
ID: 43F, Data: 844 48 60 FF 6D 30 21 0
ID: 153, Data: 80 0 0 FF 0 FF 0 0
ID: 316, Data: 89 0 70 1E 13 19 3D 7D
ID: 153, Data: 80 0 0 FF 0 FF 0 0
ID: 153, Data: 80 0 0 FF 0 FF 0 0
ID: 316, Data: 89 0 2A 1E 13 19 3D 7D
ID: 43F, Data: 844 48 60 FF 6D A4 20 0
ID: 43F, Data: 844 48 60 FF 6D 90 20 0
ID: 153, Data: 80 0 0 FF 0 FF 0 0
ID: 153, Data: 80 0 0 FF 0 FF 0 0
ID: 316, Data: 89 0 5E 1D 14 19 3C 7D
ID: 370, Data: 8FF D1 F0 FF FF FF FF FF
ID: 316, Data: 89 0 32 1D 14 19 3C 7D
ID: 260, Data: 80 0 14 30 58 FF 4E 38
ID: 43F, Data: 844 48 60 FF 6D B8 1F 0
ID: 316, Data: 89 0 E6 1C 14 18 3B 7D
ID: 440, Data: 8FE 94 3A A0 FF AA AA AA
ID: 316, Data: 89 0 BC 1C 14 18 3B 7D
ID: 153, Data: 80 0 0 FF 0 FF 0 0
ID: 43F, Data: 844 48 60 FF 6D 14 1F 0
ID: 43F, Data: 844 48 60 FF 6D F0 1E 0
ID: 316, Data: 89 0 5E 1C 14 19 3A 7D
ID: 370, Data: 8FF D1 F0 FF FF FF FF FF
ID: 316, Data: 89 0 2 1C 14 19 39 7D
ID: 2A0, Data: 840 14 63 1F 30 0 10 0
ID: 5F0, Data: 20 0
ID: 43F, Data: 844 48 60 FF 6D F4 1D 0
ID: 316, Data: 89 0 96 1B 15 19 38 7D
ID: 2A0, Data: 820 13 63 1F 30 0 10 0
ID: 5F0, Data: 20 0
ID: 316, Data: 89 0 35 1B 15 19 37 7D
ID: 43F, Data: 844 48 60 FF 6D 7C 1D 0
ID: 316, Data: 89 0 FD 1A 15 19 37 7D
ID: 153, Data: 80 0 0 FF 0 FF 0 0
ID: 316, Data: 89 0 BC 1A 15 19 36 7D
ID: 316, Data: 89 0 A1 1A 15 19 36 7D
ID: 153, Data: 80 0 0 FF 0 FF 0 0
ID: 153, Data: 80 0 0 FF 0 FF 0 0
ID: 280, Data: 830 0 20 AF 34 14 63 3A
ID: 316, Data: 89 0 3F 1A 15 19 35 7D
ID: 153, Data: 80 0 0 FF 0 FF 0 0
ID: 153, Data: 80 0 0 FF 0 FF 0 0
ID: 153, Data: 80 0 0 FF 0 FF 0 0
ID: A0, Data: 826 7C 1C 1A 35 29 4 0
ID: 316, Data: 89 0 E8 19 15 19 33 7D
ID: A0, Data: 826 7C C5 19 34 29 4 0
ID: 43F, Data: 844 48 60 FF 6D D4 1A 0
ID: 440, Data: 8FE 44 32 A0 FF AA AA AA
ID: 260, Data: 80 0 16 30 58 FF 4E 27
ID: 316, Data: 89 0 10 19 16 18 31 7D
ID: 545, Data: 8E4 0 0 8D 47 FE 47 FE
ID: 43F, Data: 844 48 60 FF 6D 0 1A 0
ID: 316, Data: 89 0 99 18 16 18 31 7D
ID: 280, Data: 830 0 20 B0 30 14 63 3A
ID: 5F0, Data: 20 0
ID: 316, Data: 89 0 20 18 16 18 2F 7D
ID: 370, Data: 8FF D1 F0 FF FF FF FF FF
ID: 545, Data: 8E4 0 0 8D 4A FE 4A FE
ID: 153, Data: 80 0 0 FF 0 FF 0 0
ID: 329, Data: 8ED B0 80 8 12 30 0 26
ID: 316, Data: 89 0 56 17 17 18 2E 7D
ID: 1F0, Data: 8FD 3F FD BF 0 0 0 0
ID: 153, Data: 80 0 0 FF 0 FF 0 0
ID: 5F0, Data: 20 0
ID: 153, Data: 80 0 0 FF 0 FF 0 0
ID: A0, Data: 827 7C D4 16 2D 28 4 0
ID: 329, Data: 885 B0 80 8 12 2F 0 26
ID: A0, Data: 826 7C 3F 16 2C 27 4 0
ID: 43F, Data: 844 48 60 FF 6D F8 16 0
ID: 316, Data: 89 0 DB 15 18 18 2B 7D
ID: 18F, Data: 8AA 3C 0 0 0 0 0 0
ID: 316, Data: 89 0 7B 15 18 18 2A 7D
ID: A0, Data: 826 7C AB 15 2B 27 4 0
ID: 316, Data: 89 0 1E 15 18 18 29 7D
ID: 316, Data: 89 0 F6 14 19 18 29 7D
ID: 545, Data: 8E4 0 0 8D 48 FE 48 FE
ID: 316, Data: 89 0 98 14 19 18 28 7D
ID: 1F1, Data: 80 54 39 31 13 3D D1 13
ID: 153, Data: 80 0 0 FF 0 FF 0 0
ID: 43F, Data: 844 48 60 FF 6D D0 14 0
ID: 43F, Data: 844 48 60 FF 6D 88 14 0
ID: 316, Data: 89 0 91 13 1B 18 26 7D
ID: 153, Data: 80 0 0 FF 0 FF 0 0
ID: 5F0, Data: 20 0
ID: 153, Data: 80 0 0 FF 0 FF 0 0
ID: 43F, Data: 844 48 60 FF 6E 78 13 0
ID: 260, Data: 80 0 1D 30 58 FF 4E 20
ID: 153, Data: 80 0 0 FF 0 FF 0 0
ID: 316, Data: 89 0 CB 11 1D 19 24 7D
ID: 153, Data: 80 0 0 FF 0 FF 0 0
ID: 329, Data: 885 B0 80 8 12 2E 0 26
ID: 316, Data: 89 0 2E 11 1E 19 23 7D
ID: 280, Data: 830 0 20 B0 21 16 63 3E
ID: 43F, Data: 84B 48 60 FF 6D 8C 11 0
ID: 316, Data: 81 5 80 10 1F 19 21 7D
ID: 43F, Data: 84B 48 60 FF 6D 28 11 0
ID: 316, Data: 81 A 35 10 1F 19 20 7D
ID: 18F, Data: 8AA 3A 0 0 0 0 0 0
ID: 43F, Data: 84B 48 60 FF 6D 7C 10 0
ID: 153, Data: 80 0 0 FF 0 FF 0 0
ID: 153, Data: 80 0 0 FF 0 FF 0 0
ID: 316, Data: 81 1B F9 D 23 1A 1E 7D
ID: A1, Data: 880 7F 80 7D 21 0 0 0
ID: 316, Data: 81 21 50 E 21 1A 1D 7D
ID: 316, Data: 81 21 83 D 23 1A 1D 7D
ID: 280, Data: 830 0 84 B0 1B 19 63 46
ID: 153, Data: 80 0 0 FF 0 FF 0 0
ID: 153, Data: 80 0 0 FF 0 FF 0 0
ID: 316, Data: 81 21 E1 E 21 19 1B 7D
ID: 153, Data: 80 0 0 FF 0 FF 0 0
ID: 316, Data: 81 21 44 F 20 19 1A 7D
ID: 153, Data: 80 0 0 FF 0 FF 0 0
ID: 153, Data: 80 0 0 FF 0 FF 0 0
ID: 316, Data: 81 1F E2 F 1F 19 19 7D
ID: 43F, Data: 84B 48 60 FF 6D D8 10 0
ID: 316, Data: 81 1F FC F 1E 19 18 7D
ID: A1, Data: 88F 7F 8F 7D 20 0 0 0
ID: 5F0, Data: 20 0
ID: 316, Data: 81 1E C9 F 1F 19 17 7D
ID: 43F, Data: 84B 48 60 FF 6D E0 F 0
ID: 43F, Data: 84B 48 60 FF 6D B0 F 0
ID: 2A0, Data: 820 6 63 1F 30 0 10 0
ID: 316, Data: 81 1E 44 F 20 1A 16 7D
ID: 316, Data: 81 1E 3 F 20 1A 15 7D
ID: 1F1, Data: 80 55 9F F0 9 A4 50 A
ID: A1, Data: 892 7F 92 7D 1F 0 0 0
ID: 5F0, Data: 20 0
ID: 316, Data: 81 1F 1 E 21 1A 14 7D
ID: 43F, Data: 8B 48 60 FF 6D EC D 0
ID: 43F, Data: 83 48 60 FF 6D AC D 0
ID: 43F, Data: 83 48 60 FF 6D 7C D 0
ID: 440, Data: 8FE 13 12 A0 FF AA AA AA
ID: 545, Data: 8E4 2E 0 8C 6F 0 6F 0
ID: 153, Data: 80 0 0 FF 0 FF 0 0
ID: 316, Data: 81 21 E D 22 1A 12 7D
ID: 316, Data: 81 22 F6 C 22 1A 12 7D
ID: 153, Data: 80 0 0 FF 0 FF 0 0
ID: 153, Data: 80 0 0 FF 0 FF 0 0
ID: 280, Data: 830 0 84 B0 19 19 63 47
ID: 43F, Data: 83 48 60 FF 6D 70 B 0
ID: A0, Data: 835 7D 96 C 11 25 2 0
ID: 153, Data: 80 0 0 FF 0 FF 0 0
ID: 316, Data: 81 23 ED B 23 1A F 7D
ID: 43F, Data: 83 48 60 FF 6D 90 A 0
ID: 440, Data: 8FE 13 E A0 FF AA AA AA
ID: 316, Data: 81 23 7C B 24 1A F 7D
ID: 18F, Data: 8AA 39 0 0 0 0 0 0
ID: 153, Data: 80 0 0 FF 0 FF 0 0
ID: 545, Data: 8E4 28 0 8C B5 0 B5 0
ID: 316, Data: 81 24 BF A 25 1A D 7D
ID: 18F, Data: 8AA 39 0 0 0 0 0 0
ID: 370, Data: 8FF D1 F0 FF FF FF FF FF
ID: 260, Data: 8B 26 26 30 58 FF 56 2A
ID: 153, Data: 80 0 0 FF 0 FF 0 0
ID: A0, Data: 83C 7D 62 A D 24 2 0
ID: 316, Data: 81 27 13 A 27 19 C 7D
ID: 43F, Data: 83 48 60 FF 6D D4 7 0
ID: 43F, Data: 83 48 60 FF 6D A8 7 0
ID: A1, Data: 88A 7F 8B 7D 25 0 0 0
ID: 316, Data: 81 28 F5 9 27 19 A 7D
ID: 153, Data: 80 0 0 FF 0 FF 0 0
ID: 316, Data: 81 28 EC 9 27 19 A 7D
ID: 153, Data: 80 0 0 FF 0 FF 0 0
ID: 43F, Data: 8A 48 60 FF 6D 98 6 0
ID: 5F0, Data: 20 0
ID: 153, Data: 80 0 0 FF 0 FF 0 0
ID: 43F, Data: 8A 48 60 FF 6D 38 6 0
ID: 43F, Data: 8A 48 60 FF 6D 88 6 0
ID: 43F, Data: 8A 48 60 FF 6D 40 7 0
ID: 43F, Data: 8A 48 60 FF 6D 4 8 0
ID: 329, Data: 885 B0 80 8 12 2B 0 26
ID: 280, Data: 830 0 84 B0 13 1D 63 50
ID: 440, Data: 8FE B3 7 A0 FF AA AA AA
ID: 316, Data: 81 28 FE 9 26 19 7 7D
ID: 153, Data: 80 0 0 FF 0 FF 0 0
ID: 43F, Data: 82 48 60 FF 6D 10 7 0
ID: 153, Data: 80 0 0 FF 0 FF 0 0
ID: 153, Data: 80 0 0 FF 0 FF 0 0
ID: 18F, Data: 8AA 39 0 0 0 0 0 0
ID: 316, Data: 81 27 5 A 26 19 6 7D
ID: 316, Data: 81 27 3 A 26 19 6 7D
ID: 316, Data: 81 27 F7 9 26 19 5 7D
ID: 316, Data: 81 27 F0 9 27 19 5 7D
ID: 18F, Data: 8AA 39 0 0 0 0 0 0
ID: 43F, Data: 82 48 60 FF 6D 18 5 0
ID: 260, Data: 8B 27 27 30 58 FF 67 8
ID: 153, Data: 80 0 0 FF 0 FF 0 0
ID: 5F0, Data: 20 0
ID: 153, Data: 80 0 0 FF 0 FF 0 0
ID: 43F, Data: 82 48 60 FF 6D 9C 4 0
ID: 18F, Data: 8AA 39 0 0 0 0 0 0
ID: 153, Data: 80 0 0 FF 0 FF 0 0
ID: 18F, Data: 8AA 39 0 0 0 0 0 0
ID: 316, Data: 81 26 12 A 26 19 4 7D
ID: 316, Data: 81 26 12 A 26 19 4 7D
ID: 316, Data: 81 26 1B A 26 19 4 7D
ID: 1F0, Data: 8FD 3F FD BF 0 0 0 0
ID: 43F, Data: 82 48 60 FF 6D F0 3 0
ID: 43F, Data: 82 48 60 FF 6D D8 3 0
ID: 43F, Data: 82 48 60 FF 6D BC 3 0
ID: 43F, Data: 82 48 60 FF 6D A0 3 0
ID: 316, Data: 81 26 FC 9 26 19 3 7D
ID: 260, Data: 8B 26 27 30 58 FF 6B 5
ID: 153, Data: 80 0 0 FF 0 FF 0 0
ID: 316, Data: 81 26 5 A 26 19 3 7D
ID: 370, Data: 8FF D1 F0 FF FF FF FF FF
ID: 43F, Data: 82 48 60 FF 6D 0 3 0
ID: 2A0, Data: 840 2 63 1F 30 0 10 0
ID: 260, Data: 8B 26 27 30 58 FF 6C 31
ID: 1F1, Data: 80 ED 13 40 1 14 40 1
ID: 5F0, Data: 20 0
ID: 316, Data: 81 26 5 A 26 19 2 7D
ID: 316, Data: 81 26 C A 26 19 2 7D
ID: 316, Data: 81 26 8 A 26 19 2 7D
ID: 280, Data: 830 0 84 B1 14 1B 63 4E
ID: 2A0, Data: 820 2 63 1F 30 0 10 0
ID: 43F, Data: 89 48 60 FF 6D 14 2 0
ID: 316, Data: 81 25 23 A 26 19 2 7D
ID: 316, Data: 81 25 28 A 26 19 2 7D
ID: 260, Data: 8B 26 26 30 58 FF 6D 22
ID: 153, Data: 80 0 0 FF 0 FF 0 0
ID: 316, Data: 81 25 2C A 26 19 1 7D
ID: 153, Data: 80 0 0 FF 0 FF 0 0
ID: 316, Data: 81 25 25 A 26 19 1 7D
ID: 153, Data: 80 0 0 FF 0 FF 0 0
ID: 153, Data: 80 0 0 FF 0 FF 0 0
ID: 43F, Data: 89 48 60 FF 6D 20 1 0
ID: 153, Data: 80 0 0 FF 0 FF 0 0
ID: 5F0, Data: 20 0
ID: 153, Data: 80 0 0 FF 0 FF 0 0
ID: 153, Data: 80 0 0 FF 0 FF 0 0
ID: 280, Data: 830 0 84 B1 14 1B 63 4E
ID: 316, Data: 81 25 38 A 25 19 1 7D
ID: 153, Data: 80 0 0 FF 0 FF 0 0
ID: 153, Data: 80 0 0 FF 0 FF 0 0
ID: A0, Data: 835 7D 38 A 1 23 2 0
ID: 545, Data: 8E4 21 0 8C D7 0 D7 0
ID: 329, Data: 840 B1 80 8 12 2B 0 26
ID: A0, Data: 836 7D 18 A 1 23 2 0
ID: 316, Data: 81 25 38 A 26 19 0 7D
ID: 153, Data: 80 0 0 FF 0 FF 0 0
ID: 43F, Data: 89 48 60 FF 6D 0 0 0
ID: 43F, Data: 89 48 60 FF 6D 0 0 0
ID: 153, Data: 80 0 0 FF 0 FF 0 0
ID: 316, Data: 81 26 3A A 26 19 0 7D
ID: 153, Data: 80 0 0 FF 0 FF 0 0
ID: 153, Data: 80 0 0 FF 0 FF 0 0
ID: 440, Data: 8A6 72 0 A0 FF AA AA AA
ID: 2A0, Data: 820 2 64 1F 30 0 10 0
ID: 316, Data: 81 25 2E A 26 19 0 7D
ID: 316, Data: 81 25 29 A 26 19 0 7D
ID: 316, Data: 81 25 2D A 26 19 0 7D
ID: 18F, Data: 8AA 38 0 0 0 0 0 0
ID: 153, Data: 80 0 0 FF 0 FF 0 0
ID: 2A0, Data: 880 1 64 1F 30 0 10 0
ID: 316, Data: 81 25 28 A 26 19 0 7D
ID: 280, Data: 830 0 84 B1 14 1B 64 4E
ID: 43F, Data: 81 48 60 FF 6D 0 0 0
ID: 153, Data: 80 0 0 FF 0 FF 0 0
ID: 316, Data: 81 25 34 A 26 19 0 7D
ID: 43F, Data: 81 48 60 FF 6D 0 0 0
ID: 370, Data: 8FF D1 F0 FF FF FF FF FF
ID: 43F, Data: 81 48 60 FF 6D 0 0 0
ID: 153, Data: 80 0 0 FF 0 FF 0 0
ID: 316, Data: 81 25 36 A 26 19 0 7D
ID: 440, Data: 8A6 31 0 A0 FF AA AA AA
ID: 316, Data: 81 25 18 A 26 19 0 7D
ID: 316, Data: 81 25 25 A 26 19 0 7D
ID: 545, Data: 8E4 21 0 8C DC 0 DC 0
ID: 153, Data: 80 0 0 FF 0 FF 0 0
ID: 153, Data: 80 0 0 FF 0 FF 0 0
ID: A0, Data: 836 7D 29 A 0 23 2 0
ID: 260, Data: 8B 25 26 30 58 FF 71 0
ID: 280, Data: 830 0 84 B1 14 1B 64 4D
ID: 370, Data: 8FF D1 F0 FF FF FF FF FF
ID: 316, Data: 81 24 4C A 25 19 0 7D
ID: 43F, Data: 81 48 60 FF 6D 0 0 0
ID: 316, Data: 81 24 38 A 26 19 0 7D
ID: 153, Data: 80 0 0 FF 0 FF 0 0
ID: 316, Data: 81 24 4C A 25 19 0 7D
ID: 153, Data: 80 0 0 FF 0 FF 0 0
ID: 316, Data: 81 24 5B A 25 19 0 7D
ID: 153, Data: 80 0 0 FF 0 FF 0 0
ID: 316, Data: 81 25 53 A 25 19 0 7D
ID: 440, Data: 8A6 31 0 A0 FF AA AA AA
ID: 153, Data: 80 0 0 FF 0 FF 0 0
ID: 316, Data: 81 25 51 A 25 19 0 7D
ID: 440, Data: 8A6 31 0 A0 FF AA AA AA
ID: 440, Data: 8A6 31 0 A0 FF AA AA AA
ID: 316, Data: 81 25 5B A 25 19 0 7D
ID: A0, Data: 836 7D 5A A 0 24 2 0
ID: 43F, Data: 81 48 60 FF 6D 0 0 0
ID: 153, Data: 80 0 0 FF 0 FF 0 0
ID: 43F, Data: 81 48 60 FF 6D 0 0 0
ID: 545, Data: 8E4 23 0 8B CB 0 CB 0
ID: A0, Data: 836 7E 4C A 0 24 2 0
ID: 316, Data: 81 25 5B A 25 19 0 7D
ID: 440, Data: 8A6 31 0 A0 FF AA AA AA
ID: 316, Data: 81 25 6A A 25 19 0 7D
ID: 316, Data: 81 25 71 A 25 19 0 7D
ID: 260, Data: 8B 25 25 30 58 FF 6C 7
ID: 1F0, Data: 8FD 3F FD BF 0 0 0 0
ID: 153, Data: 80 0 0 FF 0 FF 0 0
ID: 316, Data: 81 24 55 A 25 19 0 7D
ID: 153, Data: 80 0 0 FF 0 FF 0 0
ID: 153, Data: 80 0 0 FF 0 FF 0 0
ID: 316, Data: 81 24 58 A 25 19 0 7D
ID: 43F, Data: 81 48 60 FF 6D 0 0 0
ID: 370, Data: 8FF D1 F0 FF FF FF FF FF
ID: 43F, Data: 81 48 60 FF 6D 0 0 0
ID: 545, Data: 8E4 23 0 8C C7 0 C7 0
ID: A1, Data: 885 7E 85 7E 25 0 0 0
ID: 153, Data: 80 0 0 FF 0 FF 0 0
ID: 316, Data: 81 24 4F A 25 19 0 7D
ID: 370, Data: 8FF D1 F0 FF FF FF FF FF
ID: 316, Data: 81 24 3C A 25 19 0 7D
ID: 280, Data: 830 0 84 B1 14 1A 64 4D
ID: A1, Data: 883 7E 85 7E 24 0 0 0
ID: 43F, Data: 81 48 60 FF 6D 0 0 0
ID: 316, Data: 81 24 51 A 25 19 0 7D
ID: 153, Data: 80 0 0 FF 0 FF 0 0
ID: 316, Data: 81 24 49 A 25 19 0 7D
ID: 153, Data: 80 0 0 FF 0 FF 0 0
ID: 316, Data: 81 24 47 A 25 19 0 7D
ID: 316, Data: 81 24 3C A 25 19 0 7D
ID: 316, Data: 81 23 29 A 25 19 0 7D
ID: 18F, Data: 8AA 38 0 0 0 0 0 0
ID: 153, Data: 80 0 0 FF 0 FF 0 0
ID: 18F, Data: 8AA 38 0 0 0 0 0 0
ID: 316, Data: 81 24 2D A 25 19 0 7D
ID: 316, Data: 81 24 35 A 25 19 0 7D
ID: 316, Data: 81 24 40 A 25 19 0 7D
ID: 2A0, Data: 8E0 0 64 1F 30 0 10 0
ID: 153, Data: 80 0 0 FF 0 FF 0 0
ID: 43F, Data: 81 48 60 FF 6D 0 0 0
ID: 43F, Data: 81 48 60 FF 6D 0 0 0
ID: 153, Data: 80 0 0 FF 0 FF 0 0
ID: 43F, Data: 81 48 60 FF 6D 0 0 0
ID: A0, Data: 835 7E 3A A 0 23 2 0
ID: A0, Data: 838 7E F A 0 24 2 0
ID: 2A0, Data: 8E0 0 64 1F 30 0 10 0
ID: 316, Data: 81 25 1C A 25 19 0 7D
ID: 18F, Data: 8AA 38 0 0 0 0 0 0
ID: 43F, Data: 81 48 60 FF 6D 0 0 0
ID: 545, Data: 8E4 21 0 8C CD 0 CD 0
ID: A1, Data: 881 7E 83 7E 25 0 0 0
ID: 43F, Data: 81 48 60 FF 6E 0 0 0
ID: 43F, Data: 81 48 60 FF 6D 0 0 0
ID: 5F0, Data: 20 0
ID: 316, Data: 81 24 42 A 25 19 0 7D
ID: 43F, Data: 81 48 60 FF 6D 0 0 0
ID: 43F, Data: 81 48 60 FF 6D 0 0 0
ID: 43F, Data: 81 48 60 FF 6D 0 0 0
ID: 153, Data: 80 0 0 FF 0 FF 0 0
ID: 316, Data: 81 24 28 A 25 19 0 7D
ID: 153, Data: 80 0 0 FF 0 FF 0 0
ID: 5F0, Data: 20 0
ID: 153, Data: 80 0 0 FF 0 FF 0 0
ID: 316, Data: 81 24 1D A 25 19 0 7D
ID: 153, Data: 80 0 0 FF 0 FF 0 0
ID: 316, Data: 81 24 24 A 25 19 0 7D
ID: 153, Data: 80 0 0 FF 0 FF 0 0
ID: 153, Data: 80 0 0 FF 0 FF 0 0
ID: 43F, Data: 81 48 60 FF 6E 0 0 0
ID: 260, Data: 8B 24 25 30 58 FF 71 3F
ID: 260, Data: 8B 24 25 30 58 FF 71 2
ID: 153, Data: 80 0 0 FF 0 FF 0 0
ID: 440, Data: 8A6 91 0 A0 FF AA AA AA
ID: 316, Data: 81 24 2A A 25 19 0 7D
ID: A1, Data: 886 7E 80 7E 24 0 0 0
ID: 316, Data: 81 24 3D A 25 19 0 7D
ID: 153, Data: 80 0 0 FF 0 FF 0 0
ID: 316, Data: 81 24 2C A 25 19 0 7D
ID: 153, Data: 80 0 0 FF 0 FF 0 0
ID: 43F, Data: 81 48 60 FF 6E 0 0 0
ID: 43F, Data: 81 48 60 FF 6D 0 0 0
ID: 153, Data: 80 0 0 FF 0 FF 0 0
ID: 316, Data: 81 24 1F A 25 19 0 7D
ID: 153, Data: 80 0 0 FF 0 FF 0 0
ID: 153, Data: 80 0 0 FF 0 FF 0 0
ID: 153, Data: 80 0 0 FF 0 FF 0 0
ID: 260, Data: 8B 24 25 30 58 FF 71 11
ID: 5F0, Data: 20 0
ID: 43F, Data: 81 48 60 FF 6E 0 0 0
ID: 440, Data: 8A6 E1 0 A0 FF AA AA AA
ID: 153, Data: 80 0 0 FF 0 FF 0 0
ID: 316, Data: 81 24 1B A 25 19 0 7D
ID: 316, Data: 81 24 19 A 25 19 0 7D
ID: 153, Data: 80 0 0 FF 0 FF 0 0
ID: 329, Data: 885 B2 80 8 12 2B 0 26
ID: 43F, Data: 81 48 60 FF 6E 0 0 0
ID: 545, Data: 8E4 21 0 8B C9 0 C9 0
ID: A0, Data: 835 7E 3C A 0 23 2 0
ID: 153, Data: 80 0 0 FF 0 FF 0 0
ID: 43F, Data: 81 48 60 FF 6E 0 0 0
ID: 2A0, Data: 840 0 64 1F 30 0 10 0
ID: 18F, Data: 8AA 38 0 0 0 0 0 0
ID: 153, Data: 80 0 0 FF 0 FF 0 0
ID: 260, Data: 8B 24 25 30 58 FF 6E 15
ID: 316, Data: 81 24 35 A 25 19 0 7D
ID: 5F0, Data: 20 0
ID: 316, Data: 81 24 29 A 2D 22 0 7D
ID: 43F, Data: 81 48 60 FF 6E 0 0 0
ID: 43F, Data: 81 48 60 FF 6E 0 0 0
ID: 153, Data: 80 0 0 FF 0 FF 0 0
ID: 316, Data: 81 26 4D A 2D 22 0 7D
ID: 153, Data: 80 0 0 FF 0 FF 0 0
ID: 316, Data: 81 26 74 A 2D 22 0 7D
ID: 1F1, Data: 80 E 0 0 0 0 0 0
ID: 153, Data: 80 0 0 FF 0 FF 0 0
ID: 153, Data: 80 0 0 FF 0 FF 0 0
ID: 2A0, Data: 880 0 64 1F 30 0 10 0
ID: 316, Data: 841 29 C2 A 2C 22 0 7D
ID: 2A0, Data: 840 0 64 1F 30 0 10 0
ID: 43F, Data: 81 48 60 FF 6E 0 0 0
ID: 316, Data: 841 29 50 A 2C 22 0 7D
ID: 153, Data: 80 0 0 FF 0 FF 0 0
ID: 316, Data: 841 2A A A 2D 22 0 7D
ID: 316, Data: 841 2A FA 9 2D 21 0 7D
ID: 316, Data: 841 2A F4 9 2D 21 0 7D
ID: 153, Data: 80 0 0 FF 0 FF 0 0
ID: 43F, Data: 81 48 60 FF 6E 0 0 0
ID: 43F, Data: 81 48 60 FF 6E 0 0 0
ID: 153, Data: 80 0 0 FF 0 FF 0 0
ID: 316, Data: 841 2B 1F A 2D 21 0 7D
ID: 153, Data: 80 0 0 FF 0 FF 0 0
ID: 153, Data: 80 0 0 FF 0 FF 0 0
ID: 5F0, Data: 20 0
ID: A1, Data: 881 80 85 7F 29 0 0 0
ID: 18F, Data: 8AA 3B 0 0 0 0 0 0
ID: 260, Data: 8B 2C 2C 30 58 FF 71 21
ID: 329, Data: 840 B2 80 8 12 2C 0 26
ID: 153, Data: 80 0 0 FF 0 FF 0 0
ID: 316, Data: 841 2B 4C A 2C 21 0 7D
ID: 1F0, Data: 8FD 3F FD BF 0 0 0 0
ID: 153, Data: 80 0 0 FF 0 FF 0 0
ID: 316, Data: 841 2B 41 A 2C 21 0 7D
ID: 153, Data: 80 0 0 FF 0 FF 0 0
ID: 440, Data: 8AE 41 0 A0 FF AA AA AA
ID: 316, Data: 841 2A 48 A 2C 22 0 7D
ID: 440, Data: 8AE 41 0 A0 FF AA AA AA
ID: 316, Data: 841 2A 5B A 2C 22 0 7D
ID: 260, Data: 8B 2B 2C 30 58 FF 6F 7
ID: 43F, Data: 81 48 60 FF 6E 0 0 0
ID: 43F, Data: 81 48 60 FF 6E 0 0 0
ID: 153, Data: 80 0 0 FF 0 FF 0 0
ID: 316, Data: 841 2A 4C A 2C 22 0 7D
ID: 153, Data: 80 0 0 FF 0 FF 0 0
ID: 329, Data: 840 B3 80 8 12 2C 0 26
ID: 316, Data: 841 2A 29 A 2C 22 0 7D
ID: 2A0, Data: 820 0 64 1F 30 0 10 0
ID: 43F, Data: 81 48 60 FF 6E 0 0 0
ID: 153, Data: 80 0 0 FF 0 FF 0 0
ID: 43F, Data: 81 48 60 FF 6E 0 0 0
ID: 153, Data: 80 0 0 FF 0 FF 0 0
ID: 5F0, Data: 20 0
ID: 153, Data: 80 0 0 FF 0 FF 0 0
ID: 1F0, Data: 8FD 3F FD BF 0 0 0 0
ID: 545, Data: 8E4 25 0 8C A0 0 A0 0
ID: 545, Data: 8E4 25 0 8B A0 0 A0 0
ID: A1, Data: 885 80 83 7F 28 0 0 0
ID: 153, Data: 80 0 0 FF 0 FF 0 0
ID: 316, Data: 841 2A 2D A 2C 21 0 7D
ID: 43F, Data: 81 48 60 FF 6E 0 0 0
ID: 153, Data: 80 0 0 FF 0 FF 0 0
ID: 316, Data: 841 2B 24 A 2C 21 0 7D
ID: 43F, Data: 81 48 60 FF 6E 0 0 0
ID: 43F, Data: 81 48 60 FF 6E 0 0 0
ID: 316, Data: 841 2B 14 A 2C 21 0 7D
ID: 316, Data: 841 2B 10 A 2C 21 0 7D
ID: 43F, Data: 81 48 60 FF 6E 0 0 0
ID: 153, Data: 80 0 0 FF 0 FF 0 0
ID: 316, Data: 841 2B 21 A 2C 21 0 7D
ID: 43F, Data: 81 48 60 FF 6E 0 0 0
ID: 316, Data: 841 2B 1C A 2C 21 0 7D
ID: 370, Data: 8FF D1 F0 FF FF FF FF FF
ID: 2A0, Data: 8E0 0 64 1F 30 0 10 0
ID: 316, Data: 841 2B 1C A 2C 21 0 7D
ID: 316, Data: 841 2B 21 A 2C 21 0 7D
ID: A1, Data: 883 80 81 7F 29 0 0 0
ID: 43F, Data: 81 48 60 FF 6E 0 0 0
ID: 153, Data: 80 0 0 FF 0 FF 0 0
ID: 43F, Data: 81 48 60 FF 6E 0 0 0
ID: 5F0, Data: 20 0
ID: 316, Data: 841 2C 23 A 2C 21 0 7D
ID: 153, Data: 80 0 0 FF 0 FF 0 0
ID: 43F, Data: 81 48 60 FF 6E 0 0 0
ID: 316, Data: 841 2C 44 A 2C 21 0 7D
ID: 153, Data: 80 0 0 FF 0 FF 0 0
ID: 280, Data: 830 0 84 B3 14 1F 64 58
ID: 1F0, Data: 8FD 3F FD BF 0 0 0 0
ID: 1F0, Data: 8FD 3F FD BF 0 0 0 0
ID: 153, Data: 80 0 0 FF 0 FF 0 0
ID: 43F, Data: 81 48 60 FF 6E 0 0 0
ID: A0, Data: 839 7F 81 A 0 24 2 0
ID: 153, Data: 80 0 0 FF 0 FF 0 0
ID: 18F, Data: 8AA 42 0 0 0 0 0 0
ID: 370, Data: 8FF D1 F0 FF FF FF FF FF
ID: 316, Data: 841 2A 3E A 2C 21 0 7D
ID: 153, Data: 80 0 0 FF 0 FF 0 0
ID: 153, Data: 80 0 0 FF 0 FF 0 0
ID: 370, Data: 8FF D1 F0 FF FF FF FF FF
ID: 43F, Data: 81 48 60 FF 6E 0 0 0
ID: 316, Data: 841 2A 49 A 2B 21 0 7D
ID: 316, Data: 841 2B 48 A 2B 21 0 7D
ID: A0, Data: 83A 7F 49 A 0 24 2 0
ID: 5F0, Data: 20 0
ID: 153, Data: 80 0 0 FF 0 FF 0 0
ID: 316, Data: 841 2A 5B A 2B 21 0 7D
ID: 260, Data: 8B 2B 2C 30 58 FF 6E 35
ID: 316, Data: 841 2A 60 A 2B 21 0 7D
ID: 316, Data: 841 2A 5A A 2B 21 0 7D
ID: A1, Data: 886 80 88 7F 29 0 0 0
ID: 440, Data: 8AD 31 0 A0 FF AA AA AA
ID: 43F, Data: 81 48 60 FF 6E 0 0 0
ID: 153, Data: 80 0 0 FF 0 FF 0 0
ID: 260, Data: 8B 2A 2C 30 58 FF 6D A
ID: 153, Data: 80 0 0 FF 0 FF 0 0
ID: 153, Data: 80 0 0 FF 0 FF 0 0
ID: 260, Data: 8B 2A 2C 30 58 FF 70 33
ID: 316, Data: 841 2A 40 A 2B 21 0 7D
ID: 43F, Data: 81 48 60 FF 6E 0 0 0
ID: 370, Data: 8FF D1 F0 FF FF FF FF FF
ID: 43F, Data: 81 48 60 FF 6E 0 0 0
ID: 153, Data: 80 0 0 FF 0 FF 0 0
ID: A1, Data: 885 80 88 7F 29 0 0 0
ID: A0, Data: 83A 7F 42 A 0 24 2 0
ID: A1, Data: 885 80 88 7F 29 0 0 0
ID: A0, Data: 839 7F 5B A 0 24 2 0
ID: 43F, Data: 81 48 60 FF 6E 0 0 0
ID: 18F, Data: 8AA 45 0 0 0 0 0 0
ID: A1, Data: 885 80 88 7F 29 0 0 0
ID: 280, Data: 830 0 84 B3 14 1E 64 56
ID: 2A0, Data: 840 0 64 1F 30 0 10 0
ID: 5F0, Data: 20 0
ID: 316, Data: 841 2A 6A A 2B 21 0 7D
ID: 43F, Data: 81 48 60 FF 6E 0 0 0
ID: 316, Data: 841 2A 5E A 2B 21 0 7D
ID: 280, Data: 830 0 84 B3 14 1E 64 56
ID: 316, Data: 841 2A 57 A 2B 21 0 7D
ID: 316, Data: 841 2A 50 A 2B 21 0 7D
ID: 18F, Data: 8AA 45 0 0 0 0 0 0
ID: 43F, Data: 81 48 60 FF 6E 0 0 0
ID: 5F0, Data: 20 0
ID: 316, Data: 841 2A 3C A 2B 21 0 7D
ID: 43F, Data: 81 48 60 FF 6E 0 0 0
ID: 43F, Data: 81 48 60 FF 6E 0 0 0
ID: 43F, Data: 81 48 60 FF 6E 0 0 0
ID: 43F, Data: 81 48 60 FF 6E 0 0 0
ID: 316, Data: 841 2A 44 A 2B 21 0 7D
ID: 153, Data: 80 0 0 FF 0 FF 0 0
ID: 260, Data: 8B 2A 2B 30 58 FF 6F 36
ID: 316, Data: 841 2A 5A A 2B 21 0 7D
ID: 43F, Data: 81 48 60 FF 6E 0 0 0
ID: 370, Data: 8FF D1 F0 FF FF FF FF FF
ID: 43F, Data: 81 48 60 FF 6E 0 0 0
ID: 316, Data: 841 2A 4B A 2B 21 0 7D
ID: 153, Data: 80 0 0 FF 0 FF 0 0
ID: 153, Data: 80 0 0 FF 0 FF 0 0
ID: 316, Data: 841 2A 57 A 2B 21 0 7D
ID: 43F, Data: 81 48 60 FF 6E 0 0 0
ID: 316, Data: 841 2A 4F A 2B 21 0 7D
ID: 1F0, Data: 8FD 3F FD BF 0 0 0 0
ID: 280, Data: 830 0 84 B3 14 1E 64 56
ID: 545, Data: 8E4 27 0 8C 99 0 99 0
ID: 153, Data: 80 0 0 FF 0 FF 0 0
ID: 316, Data: 841 2A 48 A 2B 21 0 7D
ID: 153, Data: 80 0 0 FF 0 FF 0 0
ID: 316, Data: 841 2A 5C A 2B 21 0 7D
ID: 316, Data: 841 2A 54 A 2B 21 0 7D
ID: 316, Data: 841 2A 58 A 2B 21 0 7D
ID: 316, Data: 841 2A 5A A 2B 21 0 7D
ID: 153, Data: 80 0 0 FF 0 FF 0 0
ID: 316, Data: 841 2A 4C A 2B 21 0 7D
ID: 316, Data: 841 2A 4B A 2B 21 0 7D
ID: 545, Data: 8E4 26 0 8C 94 0 94 0
ID: 43F, Data: 81 48 60 FF 6E 0 0 0
ID: 153, Data: 80 0 0 FF 0 FF 0 0
ID: 43F, Data: 81 48 60 FF 6E 0 0 0
ID: 153, Data: 80 0 0 FF 0 FF 0 0
ID: 153, Data: 80 0 0 FF 0 FF 0 0
ID: A1, Data: 888 80 83 7F 29 0 0 0
ID: 370, Data: 8FF D1 F0 FF FF FF FF FF
ID: 18F, Data: 8AA 46 0 0 0 0 0 0
ID: 316, Data: 841 2A 54 A 2B 21 0 7D
ID: 153, Data: 80 0 0 FF 0 FF 0 0
ID: 316, Data: 841 2A 55 A 2B 21 0 7D
ID: 43F, Data: 81 48 60 FF 6E 0 0 0
ID: 316, Data: 841 2A 70 A 2A 21 0 7D
ID: 280, Data: 830 0 84 B3 14 1E 64 56
ID: 153, Data: 80 0 0 FF 0 FF 0 0
ID: 316, Data: 841 2A 6D A 2A 21 0 7D
ID: 153, Data: 80 0 0 FF 0 FF 0 0
ID: 316, Data: 841 2A 5A A 2A 21 0 7D
ID: 316, Data: 841 2A 5C A 2A 21 0 7D
ID: 1F0, Data: 8FD 3F FD BF 0 0 0 0
ID: 153, Data: 80 0 0 FF 0 FF 0 0
ID: 5F0, Data: 20 0
ID: 260, Data: 8B 2A 2B 30 58 FF 6D B
ID: 18F, Data: 8AA 46 0 0 0 0 0 0
ID: 43F, Data: 81 48 60 FF 6E 0 0 0
ID: 153, Data: 80 0 0 FF 0 FF 0 0
ID: 316, Data: 841 2A 7F A 29 22 0 7D
ID: 440, Data: 8AD E1 0 A0 FF AA AA AA
ID: 153, Data: 80 0 0 FF 0 FF 0 0
ID: 5F0, Data: 20 0
ID: 153, Data: 80 0 0 FF 0 FF 0 0
ID: 316, Data: 841 29 69 A 2A 22 0 7D
ID: 5F0, Data: 20 0
ID: 316, Data: 841 29 6C A 2A 22 0 7D
ID: 153, Data: 80 0 0 FF 0 FF 0 0
ID: 329, Data: 8B B3 80 8 12 2B 0 26
ID: 316, Data: 841 29 4D A 2A 21 0 7D
ID: 329, Data: 8B B3 80 8 12 2C 0 26
ID: 153, Data: 80 0 0 FF 0 FF 0 0
ID: 43F, Data: 81 48 60 FF 6E 0 0 0
ID: 153, Data: 80 0 0 FF 0 FF 0 0
ID: 153, Data: 80 0 0 FF 0 FF 0 0
ID: 260, Data: 8B 29 2A 30 58 FF 6E 39
ID: 440, Data: 8AE E1 0 A0 FF AA AA AA
ID: 316, Data: 841 28 45 A 2A 22 0 7D
ID: 316, Data: 841 28 41 A 2A 22 0 7D
ID: A0, Data: 83A 7F 41 A 0 24 2 0
ID: 43F, Data: 81 48 60 FF 6E 0 0 0
ID: 153, Data: 80 0 0 FF 0 FF 0 0
ID: 43F, Data: 81 48 60 FF 6E 0 0 0
ID: 5F0, Data: 20 0
ID: 153, Data: 80 0 0 FF 0 FF 0 0
ID: 153, Data: 80 0 0 FF 0 FF 0 0
ID: 1F1, Data: 80 E 0 0 0 0 0 0
ID: 316, Data: 841 29 15 A 2B 21 0 7D
ID: 43F, Data: 81 48 60 FF 6E 0 0 0
ID: 43F, Data: 81 48 60 FF 6E 0 0 0
ID: 316, Data: 841 29 24 A 2B 21 0 7D
ID: 316, Data: 841 29 24 A 2B 21 0 7D
ID: 18F, Data: 8AA 45 0 0 0 0 0 0
ID: 153, Data: 80 0 0 FF 0 FF 0 0
ID: 153, Data: 80 0 0 FF 0 FF 0 0
ID: 545, Data: 8E4 24 0 8C 7D 0 7D 0
ID: 316, Data: 841 28 1B A 2B 21 0 7D
ID: 280, Data: 830 0 84 B4 14 1D 64 54
ID: 153, Data: 80 0 0 FF 0 FF 0 0
ID: 316, Data: 841 28 18 A 2B 21 0 7D
ID: 153, Data: 80 0 0 FF 0 FF 0 0
ID: 316, Data: 841 29 1C A 25 18 0 7D
ID: 316, Data: 841 28 1F A 25 18 0 7D
ID: 1F1, Data: 80 E 0 0 0 0 0 0
ID: 153, Data: 80 0 0 FF 0 FF 0 0
ID: 316, Data: 841 28 13 A 25 18 0 7D
ID: 440, Data: 8A5 31 0 A0 FF AA AA AA
ID: 316, Data: 841 27 2 A 25 18 0 7D
ID: 316, Data: 841 27 FE 9 26 18 0 7D
ID: 316, Data: 841 27 F9 9 26 18 0 7D
ID: 329, Data: 8ED B4 80 8 12 2A 0 26
ID: 43F, Data: 81 48 60 FF 6E 0 0 0
ID: 370, Data: 8FF D1 F0 FF FF FF FF FF
ID: 43F, Data: 81 48 60 FF 6E 0 0 0
ID: 153, Data: 80 0 0 FF 0 FF 0 0
ID: 153, Data: 80 0 0 FF 0 FF 0 0
ID: 18F, Data: 8AA 45 0 0 0 0 0 0
ID: 316, Data: 81 24 CE A 22 19 0 7D
ID: 316, Data: 81 24 C6 A 22 19 0 7D
ID: 316, Data: 81 24 A7 A 23 19 0 7D
ID: 260, Data: 8B 24 23 30 58 FF 65 2F
ID: 43F, Data: 81 48 60 FF 6E 0 0 0
ID: 43F, Data: 81 48 60 FF 6E 0 0 0
ID: 316, Data: 81 23 63 A 24 19 0 7D
ID: 316, Data: 81 23 5F A 24 19 0 7D
ID: 545, Data: 8E4 20 0 8B AD 0 AD 0
ID: 153, Data: 80 0 0 FF 0 FF 0 0
ID: 370, Data: 8FF D1 F0 FF FF FF FF FF
ID: 43F, Data: 81 48 60 FF 6E 0 0 0
ID: 316, Data: 81 22 62 A 24 19 0 7D
ID: 440, Data: 8A6 41 0 A0 FF AA AA AA
ID: 545, Data: 8E4 20 0 8C A6 0 A6 0
ID: 153, Data: 80 0 0 FF 0 FF 0 0
ID: 316, Data: 81 22 53 A 24 19 0 7D
ID: 316, Data: 81 22 4B A 24 19 0 7D
ID: 153, Data: 80 0 0 FF 0 FF 0 0
ID: 316, Data: 81 22 4B A 24 19 0 7D
ID: 153, Data: 80 0 0 FF 0 FF 0 0
ID: 316, Data: 81 22 45 A 24 19 0 7D
ID: 43F, Data: 81 48 60 FF 6E 0 0 0
ID: 153, Data: 80 0 0 FF 0 FF 0 0
ID: 316, Data: 81 22 3D A 24 19 0 7D
ID: 153, Data: 80 0 0 FF 0 FF 0 0
ID: 316, Data: 81 22 3E A 24 19 0 7D
ID: 316, Data: 81 22 39 A 24 19 0 7D
ID: 5F0, Data: 20 0
ID: 260, Data: 8B 23 25 30 58 FF 70 31
ID: 545, Data: 8E4 1F 0 8D AF 0 AF 0
ID: 1F0, Data: 8FD 3F FD BF 0 0 0 0
ID: 153, Data: 80 0 0 FF 0 FF 0 0
ID: 316, Data: 81 23 4F A 24 19 0 7D
ID: 153, Data: 80 0 0 FF 0 FF 0 0
ID: 43F, Data: 81 48 60 FF 6E 0 0 0
ID: 153, Data: 80 0 0 FF 0 FF 0 0
ID: 153, Data: 80 0 0 FF 0 FF 0 0
ID: 153, Data: 80 0 0 FF 0 FF 0 0
ID: A0, Data: 833 7F 55 A 0 23 2 0
ID: 316, Data: 81 23 47 A 24 19 0 7D
ID: 316, Data: 81 23 42 A 24 19 0 7D
ID: 2A0, Data: 840 0 65 1F 30 0 10 0
ID: 153, Data: 80 0 0 FF 0 FF 0 0
ID: 43F, Data: 81 48 60 FF 6E 0 0 0
ID: 153, Data: 80 0 0 FF 0 FF 0 0
ID: 153, Data: 80 0 0 FF 0 FF 0 0
ID: 260, Data: 8B 23 25 30 58 FF 6F 33
ID: 43F, Data: 81 48 60 FF 6E 0 0 0
ID: 153, Data: 80 0 0 FF 0 FF 0 0
ID: 153, Data: 80 0 0 FF 0 FF 0 0
ID: A0, Data: 833 7F 30 A 0 23 2 0
ID: 329, Data: 885 B4 80 8 12 2A 0 26
ID: 316, Data: 81 23 28 A 24 19 0 7D
ID: A1, Data: 886 7E 86 7E 24 0 0 0
ID: 153, Data: 80 0 0 FF 0 FF 0 0
ID: 43F, Data: 81 48 60 FF 6E 0 0 0
ID: A1, Data: 884 7E 86 7E 24 0 0 0
ID: 153, Data: 80 0 0 FF 0 FF 0 0
ID: 5F0, Data: 20 0
ID: A1, Data: 884 7E 86 7E 24 0 0 0
ID: 18F, Data: 8AA 40 0 0 0 0 0 0
ID: A1, Data: 884 7E 86 7E 24 0 0 0
ID: 316, Data: 81 23 4C A 24 19 0 7D
ID: 370, Data: 8FF D1 F0 FF FF FF FF FF
ID: A1, Data: 884 7E 88 7E 24 0 0 0
ID: 316, Data: 81 23 6E A 24 19 0 7D
ID: 5F0, Data: 20 0
ID: 2A0, Data: 8E0 0 65 1F 30 0 10 0
ID: 280, Data: 830 0 84 B4 14 1A 65 4D
ID: 260, Data: 8B 23 24 30 58 FF 6C 37
ID: 440, Data: 8A6 41 0 A0 FF AA AA AA
ID: 2A0, Data: 840 0 65 1F 30 0 10 0
ID: 316, Data: 81 23 49 A 24 19 0 7D
ID: 316, Data: 81 23 4D A 24 19 0 7D
ID: 316, Data: 81 23 55 A 24 19 0 7D
ID: 18F, Data: 8AA 40 0 0 0 0 0 0
ID: 43F, Data: 81 48 60 FF 6E 0 0 0
ID: 18F, Data: 8AA 40 0 0 0 0 0 0
ID: A1, Data: 882 7E 88 7E 24 0 0 0
ID: 329, Data: 885 B4 80 8 12 2A 0 26
ID: 545, Data: 8E4 1F 0 8C A9 0 A9 0
ID: 153, Data: 80 0 0 FF 0 FF 0 0
ID: 316, Data: 81 22 44 A 24 19 0 7D
ID: 153, Data: 80 0 0 FF 0 FF 0 0
ID: 316, Data: 81 22 36 A 24 19 0 7D
ID: 43F, Data: 81 48 60 FF 6E 0 0 0
ID: 370, Data: 8FF D1 F0 FF FF FF FF FF
ID: 43F, Data: 81 48 60 FF 6E 0 0 0
ID: A0, Data: 833 7F 3D A 0 23 2 0
ID: 153, Data: 80 0 0 FF 0 FF 0 0
ID: 2A0, Data: 8E0 0 65 1F 30 0 10 0
ID: 316, Data: 81 22 35 A 24 19 0 7D
ID: 18F, Data: 8AA 3F 0 0 0 0 0 0
ID: 43F, Data: 81 48 60 FF 6E 0 0 0
ID: 18F, Data: 8AA 3F 0 0 0 0 0 0
ID: A1, Data: 880 7E 86 7E 24 0 0 0
ID: 329, Data: 885 B4 80 8 12 2A 0 26
ID: 545, Data: 8E4 1E 0 8C B2 0 B2 0
ID: 153, Data: 80 0 0 FF 0 FF 0 0
ID: 316, Data: 81 23 32 A 24 19 0 7D
ID: 153, Data: 80 0 0 FF 0 FF 0 0
ID: 316, Data: 81 23 2E A 24 19 0 7D
ID: 440, Data: 8A6 31 0 A0 FF AA AA AA
ID: 316, Data: 81 23 32 A 24 19 0 7D
ID: 329, Data: 885 B4 80 8 12 2A 0 26
ID: A0, Data: 832 7F 32 A 0 23 2 0
ID: 43F, Data: 81 48 60 FF 6E 0 0 0
ID: 153, Data: 80 0 0 FF 0 FF 0 0
ID: 316, Data: 81 23 23 A 24 19 0 7D
ID: A1, Data: 880 7E 84 7E 24 0 0 0
ID: 153, Data: 80 0 0 FF 0 FF 0 0
ID: 316, Data: 81 23 39 A 24 19 0 7D
ID: 43F, Data: 81 48 60 FF 6E 0 0 0
ID: 370, Data: 8FF D1 F0 FF FF FF FF FF
ID: 153, Data: 80 0 0 FF 0 FF 0 0
ID: 18F, Data: 8AA 3E 0 0 0 0 0 0
ID: 316, Data: 81 23 4F A 24 19 0 7D
ID: 153, Data: 80 0 0 FF 0 FF 0 0
ID: 316, Data: 81 23 47 A 24 19 0 7D
ID: 1F1, Data: 80 E 0 0 0 0 0 0
ID: 316, Data: 81 23 45 A 24 19 0 7D
ID: 153, Data: 80 0 0 FF 0 FF 0 0
ID: 153, Data: 80 0 0 FF 0 FF 0 0
ID: 43F, Data: 81 48 60 FF 6E 0 0 0
ID: 43F, Data: 81 48 60 FF 6E 0 0 0
ID: 1F1, Data: 80 E 0 0 0 0 0 0
ID: 153, Data: 80 0 0 FF 0 FF 0 0
ID: 316, Data: 81 23 18 A 24 19 0 7D
ID: 43F, Data: 81 48 60 FF 6E 0 0 0
ID: 370, Data: 8FF D1 F0 FF FF FF FF FF
ID: 43F, Data: 81 48 60 FF 6E 0 0 0
ID: 153, Data: 80 0 0 FF 0 FF 0 0
ID: 5F0, Data: 20 0
ID: 43F, Data: 81 48 60 FF 6E 0 0 0
ID: 1F0, Data: 8FD 3F FD BF 0 0 0 0
ID: 5F0, Data: 20 0
ID: 316, Data: 81 23 2A A 24 19 0 7D
ID: 153, Data: 80 0 0 FF 0 FF 0 0
ID: 316, Data: 81 23 3C A 24 19 0 7D
ID: 153, Data: 80 0 0 FF 0 FF 0 0
ID: 153, Data: 80 0 0 FF 0 FF 0 0
ID: 370, Data: 8FF D1 F0 FF FF FF FF FF
ID: 2A0, Data: 880 0 65 1F 30 0 10 0
ID: 316, Data: 81 23 20 A 24 19 0 7D
ID: 316, Data: 81 23 23 A 24 19 0 7D
ID: 1F1, Data: 80 E 0 0 0 0 0 0
ID: 153, Data: 80 0 0 FF 0 FF 0 0
ID: 153, Data: 80 0 0 FF 0 FF 0 0
ID: 316, Data: 81 23 24 A 24 19 0 7D
ID: 153, Data: 80 0 0 FF 0 FF 0 0
ID: 316, Data: 81 23 20 A 24 19 0 7D
ID: 153, Data: 80 0 0 FF 0 FF 0 0
ID: 5F0, Data: 20 0
ID: 43F, Data: 81 48 60 FF 6E 0 0 0
ID: A0, Data: 833 7F 2C A 0 23 2 0
ID: 153, Data: 80 0 0 FF 0 FF 0 0
ID: 370, Data: 8FF D1 F0 FF FF FF FF FF
ID: 545, Data: 8E4 1E 0 8C B7 0 B7 0
ID: 153, Data: 80 0 0 FF 0 FF 0 0
ID: 316, Data: 81 23 42 A 24 19 0 7D
ID: 1F0, Data: 8FD 3F FD BF 0 0 0 0
ID: 440, Data: 8A6 E1 0 A0 FF AA AA AA
ID: 43F, Data: 81 48 60 FF 6E 0 0 0
ID: 153, Data: 80 0 0 FF 0 FF 0 0
ID: 316, Data: 81 23 1C A 24 19 0 7D
ID: A0, Data: 833 7F 1C A 0 23 2 0
ID: 370, Data: 8FF D1 F0 FF FF FF FF FF
ID: 153, Data: 80 0 0 FF 0 FF 0 0
ID: 316, Data: 81 23 2E A 24 19 0 7D
ID: 43F, Data: 81 48 60 FF 6E 0 0 0
ID: 370, Data: 8FF D1 F0 FF FF FF FF FF
ID: 43F, Data: 81 48 60 FF 6E 0 0 0
ID: 316, Data: 81 23 36 A 24 19 0 7D
ID: 153, Data: 80 0 0 FF 0 FF 0 0
ID: 316, Data: 81 23 3C A 24 19 0 7D
ID: 153, Data: 80 0 0 FF 0 FF 0 0
ID: 316, Data: 81 23 40 A 24 19 0 7D
ID: 43F, Data: 81 48 60 FF 6E 0 0 0
ID: 43F, Data: 81 48 60 FF 6E 0 0 0
ID: 43F, Data: 81 48 60 FF 6E 0 0 0
ID: 5A0, Data: 80 0 0 90 0 0 0 0
ID: 316, Data: 81 23 28 A 24 19 0 7D
ID: 153, Data: 80 0 0 FF 0 FF 0 0
ID: 153, Data: 80 0 0 FF 0 FF 0 0
ID: 5F0, Data: 20 0
ID: 43F, Data: 81 48 60 FF 6E 0 0 0
ID: 153, Data: 80 0 0 FF 0 FF 0 0
ID: A0, Data: 832 7F 28 A 0 23 2 0
ID: 18F, Data: 8AA 3D 0 0 0 0 0 0
ID: 545, Data: 8E4 1D 0 8C B3 0 B3 0
ID: 316, Data: 81 23 28 A 24 19 0 7D
ID: 545, Data: 8E4 1D 0 8C B2 0 B2 0
ID: A1, Data: 87D 7E 82 7E 24 0 0 0
ID: 153, Data: 80 0 0 FF 0 FF 0 0
ID: 153, Data: 80 0 0 FF 0 FF 0 0
ID: 153, Data: 80 0 0 FF 0 FF 0 0
ID: 2A0, Data: 880 0 65 1F 30 0 10 0
ID: 316, Data: 81 23 2E A 24 19 0 7D
ID: 545, Data: 8E4 1D 0 8B B3 0 B3 0
ID: 370, Data: 8FF D1 F0 FF FF FF FF FF
ID: 316, Data: 81 23 2A A 24 19 0 7D
ID: 545, Data: 8E4 1D 0 8B B5 0 B5 0
ID: A1, Data: 880 7E 82 7E 24 0 0 0
ID: 153, Data: 80 0 0 FF 0 FF 0 0
ID: 153, Data: 80 0 0 FF 0 FF 0 0
ID: A1, Data: 880 7E 82 7E 24 0 0 0
ID: 370, Data: 8FF D1 F0 FF FF FF FF FF
ID: 260, Data: 8B 23 24 30 58 FF 71 4
ID: 316, Data: 81 23 3A A 24 19 0 7D
ID: 280, Data: 830 0 84 B4 14 1A 65 4C
ID: 153, Data: 80 0 0 FF 0 FF 0 0
ID: 153, Data: 80 0 0 FF 0 FF 0 0
ID: 316, Data: 81 23 31 A 24 19 0 7D
ID: 153, Data: 80 0 0 FF 0 FF 0 0
ID: 153, Data: 80 0 0 FF 0 FF 0 0
ID: 43F, Data: 81 48 60 FF 6E 0 0 0
ID: 280, Data: 830 0 84 B4 14 1A 65 4C
ID: 260, Data: 8B 23 24 30 58 FF 70 32
ID: 440, Data: 8A6 E1 0 A0 FF AA AA AA
ID: 280, Data: 830 0 84 B4 14 1A 65 4C
ID: 316, Data: 81 23 3D A 24 19 0 7D
ID: 316, Data: 81 23 44 A 24 19 0 7D
ID: 18F, Data: 8AA 3D 0 0 0 0 0 0
ID: 43F, Data: 81 48 60 FF 6E 0 0 0
ID: 2A0, Data: 880 0 65 1F 30 0 10 0
ID: 18F, Data: 8AA 3D 0 0 0 0 0 0
ID: 43F, Data: 81 48 60 FF 6E 0 0 0
ID: A0, Data: 832 7F 34 A 0 23 2 0
ID: 153, Data: 80 0 0 FF 0 FF 0 0
ID: 153, Data: 80 0 0 FF 0 FF 0 0
ID: 43F, Data: 81 48 60 FF 6E 0 0 0
ID: 5A0, Data: 80 0 0 90 0 0 0 0
ID: 316, Data: 81 23 13 A 24 19 0 7D
ID: 153, Data: 80 0 0 FF 0 FF 0 0
ID: 316, Data: 81 23 E A 24 19 0 7D
ID: 153, Data: 80 0 0 FF 0 FF 0 0
ID: 316, Data: 81 24 8 A 24 19 0 7D
ID: 43F, Data: 81 48 60 FF 6E 0 0 0
ID: 43F, Data: 81 48 60 FF 6E 0 0 0
ID: 153, Data: 80 0 0 FF 0 FF 0 0
ID: 153, Data: 80 0 0 FF 0 FF 0 0
ID: 153, Data: 80 0 0 FF 0 FF 0 0
ID: 545, Data: 8E4 1D 0 8C 1D 0 1D 0
ID: 43F, Data: 81 48 60 FF 6E 0 0 0
ID: 280, Data: 830 0 84 B4 14 1B 65 4D
ID: 329, Data: 885 B4 80 8 12 2B 0 26
ID: 316, Data: 81 24 50 A 2B 22 0 7D
ID: 316, Data: 81 25 48 A 2B 22 0 7D
ID: 545, Data: 8E4 1F 0 8C 42 0 42 0
ID: 153, Data: 80 0 0 FF 0 FF 0 0
ID: 153, Data: 80 0 0 FF 0 FF 0 0
ID: A0, Data: 839 7F 73 A 0 24 2 0
ID: 43F, Data: 81 48 60 FF 6E 0 0 0
ID: 316, Data: 841 27 BA A 2A 22 0 7D
ID: 280, Data: 830 0 84 B4 15 1C 65 50
ID: 43F, Data: 81 48 60 FF 6F 0 0 0
ID: 316, Data: 841 27 31 A 2B 22 0 7D
ID: 1F1, Data: 80 E 0 0 0 0 0 0
ID: A0, Data: 83B 7F C A 0 24 2 0
ID: 43F, Data: 81 48 60 FF 6E 0 0 0
ID: 316, Data: 841 29 B5 9 2C 21 0 7D
ID: 316, Data: 841 29 AE 9 2C 21 0 7D
ID: 153, Data: 80 0 0 FF 0 FF 0 0
ID: A1, Data: 87E 80 80 7F 27 0 0 0
ID: 329, Data: 8ED B4 80 8 12 2C 0 26
ID: 2A0, Data: 840 0 65 1F 30 0 10 0
ID: 153, Data: 80 0 0 FF 0 FF 0 0
ID: 43F, Data: 81 48 60 FF 6E 0 0 0
ID: 316, Data: 841 2B A A 2B 21 0 7D
ID: 153, Data: 80 0 0 FF 0 FF 0 0
ID: 316, Data: 841 2A 26 A 2B 21 0 7D
ID: 153, Data: 80 0 0 FF 0 FF 0 0
ID: 153, Data: 80 0 0 FF 0 FF 0 0
ID: 5F0, Data: 20 0
ID: 43F, Data: 81 48 60 FF 6E 0 0 0
ID: A0, Data: 837 7F 3C A 0 24 2 0
ID: 440, Data: 8AD 91 0 A0 FF AA AA AA
ID: 43F, Data: 81 48 60 FF 6F 0 0 0
ID: 153, Data: 80 0 0 FF 0 FF 0 0
ID: 316, Data: 841 29 3C A 2B 21 0 7D
ID: 153, Data: 80 0 0 FF 0 FF 0 0
ID: 153, Data: 80 0 0 FF 0 FF 0 0
ID: 43F, Data: 81 48 60 FF 6F 0 0 0
ID: 153, Data: 80 0 0 FF 0 FF 0 0
ID: 316, Data: 841 29 30 A 2B 21 0 7D
ID: 5F0, Data: 20 0
ID: 316, Data: 841 29 1F A 2B 21 0 7D
ID: 153, Data: 80 0 0 FF 0 FF 0 0
ID: 316, Data: 841 29 12 A 2B 21 0 7D
ID: 316, Data: 841 29 1 A 2B 21 0 7D
ID: 329, Data: 885 B4 80 8 12 2B 0 26
ID: A1, Data: 87E 80 80 7F 27 0 0 0
ID: 370, Data: 8FF D1 F0 FF FF FF FF FF
ID: 43F, Data: 81 48 60 FF 6F 0 0 0
ID: A0, Data: 839 7F 6 A 0 24 2 0
ID: 18F, Data: 8AA 40 0 0 0 0 0 0
ID: 329, Data: 840 B4 80 8 12 2B 0 26
ID: 153, Data: 80 0 0 FF 0 FF 0 0
ID: 18F, Data: 8AA 40 0 0 0 0 0 0
ID: 316, Data: 841 2A C A 2B 21 0 7D
ID: 316, Data: 841 2A 14 A 2B 21 0 7D
ID: 316, Data: 841 2A 18 A 2B 21 0 7D
ID: A1, Data: 87C 80 80 7F 28 0 0 0
ID: 43F, Data: 81 48 60 FF 6E 0 0 0
ID: 153, Data: 80 0 0 FF 0 FF 0 0
ID: 316, Data: 841 2A 13 A 2B 21 0 7C
ID: 153, Data: 80 0 0 FF 0 FF 0 0
ID: 153, Data: 80 0 0 FF 0 FF 0 0
ID: 316, Data: 841 2A 12 A 2B 21 0 7D
ID: 153, Data: 80 0 0 FF 0 FF 0 0
ID: 316, Data: 841 2A A A 2B 21 0 7D
ID: 370, Data: 8FF D1 F0 FF FF FF FF FF
ID: 153, Data: 80 0 0 FF 0 FF 0 0
ID: 153, Data: 80 0 0 FF 0 FF 0 0
ID: 280, Data: 830 0 84 B4 14 1E 65 54
ID: 316, Data: 841 2A 12 A 2B 21 0 7D
ID: 153, Data: 80 0 0 FF 0 FF 0 0
ID: 153, Data: 80 0 0 FF 0 FF 0 0
ID: 5F0, Data: 20 0
ID: A1, Data: 87A 80 7E 7F 28 0 0 0
ID: 2A0, Data: 840 0 65 1F 30 0 10 0
ID: 545, Data: 8E4 1F 0 8C 96 0 96 0
ID: 1F1, Data: 80 E 0 0 0 0 0 0
ID: 153, Data: 80 0 0 FF 0 FF 0 0
ID: 18F, Data: 8AA 41 0 0 0 0 0 0
ID: 316, Data: 841 2A 14 A 2B 21 0 7C
ID: 316, Data: 841 2A 12 A 2B 21 0 7C
ID: 545, Data: 8E4 20 0 8B 96 0 96 0
ID: 153, Data: 80 0 0 FF 0 FF 0 0
ID: 316, Data: 841 2A 15 A 2B 21 0 7C
ID: 5F0, Data: 20 0
ID: 316, Data: 841 2A 3 A 2B 21 0 7C
ID: 153, Data: 80 0 0 FF 0 FF 0 0
ID: 316, Data: 841 2A 7 A 2B 21 0 7C
ID: 153, Data: 80 0 0 FF 0 FF 0 0
ID: 316, Data: 841 2A F A 2B 21 0 7C
ID: 316, Data: 841 2A 15 A 2B 21 0 7C
ID: 153, Data: 80 0 0 FF 0 FF 0 0
ID: 260, Data: 8B 2A 2C 30 58 FF 73 30
ID: 316, Data: 841 2A 20 A 2B 21 0 7C
ID: 43F, Data: 81 48 60 FF 6E 0 0 0
ID: 316, Data: 841 2A 17 A 2B 21 0 7C
ID: 153, Data: 80 0 0 FF 0 FF 0 0
ID: 545, Data: 8E4 20 0 8B 93 0 93 0
ID: 316, Data: 841 2A 24 A 2B 21 0 7C
ID: 153, Data: 80 0 0 FF 0 FF 0 0
ID: 153, Data: 80 0 0 FF 0 FF 0 0
ID: A0, Data: 838 7F 1B A 0 24 2 0
ID: 316, Data: 841 2A 21 A 2B 21 0 7C
ID: 316, Data: 841 2A 1D A 2B 21 0 7C
ID: A0, Data: 838 7F 1B A 0 24 2 0
ID: 1F0, Data: 8FD 3F FD BF 0 0 0 0
ID: 153, Data: 80 0 0 FF 0 FF 0 0
ID: 5F0, Data: 20 0
ID: 43F, Data: 81 48 60 FF 6F 0 0 0
ID: 153, Data: 80 0 0 FF 0 FF 0 0
ID: A1, Data: 87C 80 7C 7F 28 0 0 0
ID: 2A0, Data: 820 0 65 1F 30 0 10 0
ID: 18F, Data: 8AA 42 0 0 0 0 0 0
ID: 370, Data: 8FF D1 F0 FF FF FF FF FF
ID: 18F, Data: 8AA 42 0 0 0 0 0 0
ID: 153, Data: 80 0 0 FF 0 FF 0 0
ID: 43F, Data: 81 48 60 FF 6E 0 0 0
ID: 153, Data: 80 0 0 FF 0 FF 0 0
ID: 43F, Data: 81 48 60 FF 6F 0 0 0
ID: A0, Data: 838 7F F A 0 24 2 0
ID: 260, Data: 8B 2A 2C 30 58 FF 73 21
ID: 280, Data: 830 0 84 B4 14 1E 65 54
ID: 153, Data: 80 0 0 FF 0 FF 0 0
ID: 316, Data: 841 2A 12 A 2B 21 0 7C
ID: 5F0, Data: 20 0
ID: 545, Data: 8E4 1F 0 8B 98 0 98 0
ID: 329, Data: 8ED B4 80 8 12 2B 0 26
ID: 18F, Data: 8AA 43 0 0 0 0 0 0
ID: 153, Data: 80 0 0 FF 0 FF 0 0
ID: 43F, Data: 81 48 60 FF 6F 0 0 0
ID: 2A0, Data: 8E0 0 65 1F 30 0 10 0
ID: 18F, Data: 8AA 43 0 0 0 0 0 0
ID: 5F0, Data: 20 0
ID: 2A0, Data: 840 0 65 1F 30 0 10 0
ID: 545, Data: 8E4 20 0 8C 98 0 98 0
ID: 153, Data: 80 0 0 FF 0 FF 0 0
ID: 316, Data: 841 2A 1B A 2B 21 0 7C
ID: 153, Data: 80 0 0 FF 0 FF 0 0
ID: 153, Data: 80 0 0 FF 0 FF 0 0
ID: 153, Data: 80 0 0 FF 0 FF 0 0
ID: 18F, Data: 8AA 43 0 0 0 0 0 0
ID: 316, Data: 841 2A 34 A 2B 21 0 7C
ID: 316, Data: 841 2A 34 A 2B 21 0 7C
ID: 545, Data: 8E4 20 0 8B 93 0 93 0
ID: 153, Data: 80 0 0 FF 0 FF 0 0
ID: 43F, Data: 81 48 60 FF 6F 0 0 0
ID: 43F, Data: 81 48 60 FF 6F 0 0 0
ID: 153, Data: 80 0 0 FF 0 FF 0 0
ID: 316, Data: 841 2A 23 A 2B 21 0 7C
ID: A0, Data: 838 7F 1C A 0 24 2 0
ID: 153, Data: 80 0 0 FF 0 FF 0 0
ID: 316, Data: 841 2A 28 A 2B 21 0 7C
ID: 43F, Data: 81 48 60 FF 6F 0 0 0
ID: 316, Data: 841 2A 24 A 2B 21 0 7C
ID: 440, Data: 8AD 91 0 A0 FF AA AA AA
ID: 153, Data: 80 0 0 FF 0 FF 0 0
ID: 316, Data: 841 2A 2C A 2B 21 0 7C
ID: A0, Data: 838 7F 2C A 0 24 2 0
ID: 316, Data: 841 2A 2A A 2B 21 0 7C
ID: 5F0, Data: 20 0
ID: 316, Data: 841 2A 25 A 2B 21 0 7C
ID: 316, Data: 841 2A 28 A 2B 21 0 7C
ID: 1F0, Data: 8FD 3F FD BF 0 0 0 0
ID: 370, Data: 8FF D1 F0 FF FF FF FF FF
ID: 43F, Data: 81 48 60 FF 6F 0 0 0
ID: 2A0, Data: 820 0 65 1F 30 0 10 0
ID: 18F, Data: 8AA 44 0 0 0 0 0 0
ID: 153, Data: 80 0 0 FF 0 FF 0 0
ID: 440, Data: 8AD 41 0 A0 FF AA AA AA
ID: 316, Data: 841 2A FE 9 2C 21 0 7C
ID: 316, Data: 841 2A 6 A 2C 21 0 7C
ID: 316, Data: 841 2A 6 A 2C 21 0 7C
ID: 153, Data: 80 0 0 FF 0 FF 0 0
ID: 2A0, Data: 840 0 65 1F 30 0 10 0
ID: 153, Data: 80 0 0 FF 0 FF 0 0
ID: 545, Data: 8E4 1F 0 8C 9B 0 9B 0
ID: 43F, Data: 81 48 60 FF 6F 0 0 0
ID: 545, Data: 8E4 1F 0 8C 9B 0 9B 0
ID: 260, Data: 8B 2A 2C 30 58 FF 72 31
ID: 43F, Data: 81 48 60 FF 6F 0 0 0
ID: 316, Data: 841 2A E A 2B 21 0 7C
ID: 316, Data: 841 2A 8 A 2C 21 0 7C
ID: 329, Data: 840 B3 80 8 12 2B 0 26
ID: A1, Data: 87A 80 7E 7F 28 0 0 0
ID: 153, Data: 80 0 0 FF 0 FF 0 0
ID: 316, Data: 841 2A 1B A 2B 21 0 7C
ID: 153, Data: 80 0 0 FF 0 FF 0 0
ID: 316, Data: 841 2A 30 A 2B 21 0 7C
ID: 153, Data: 80 0 0 FF 0 FF 0 0
ID: 153, Data: 80 0 0 FF 0 FF 0 0
ID: 43F, Data: 81 48 60 FF 6F 0 0 0
ID: 43F, Data: 81 48 60 FF 6F 0 0 0
ID: 43F, Data: 81 48 60 FF 6F 0 0 0
ID: 153, Data: 80 0 0 FF 0 FF 0 0
ID: 316, Data: 841 2A 28 A 2B 21 0 7C
ID: 153, Data: 80 0 0 FF 0 FF 0 0
ID: 153, Data: 80 0 0 FF 0 FF 0 0
ID: 5F0, Data: 20 0
ID: 43F, Data: 81 48 60 FF 6F 0 0 0
ID: A0, Data: 838 7F 32 A 0 24 2 0
ID: 18F, Data: 8AA 44 0 0 0 0 0 0
ID: A0, Data: 838 7F 2E A 0 24 2 0
ID: 329, Data: 885 B3 80 8 12 2B 0 26
ID: 316, Data: 841 2A 32 A 2B 21 0 7C
ID: 43F, Data: 81 48 60 FF 6F 0 0 0
ID: 43F, Data: 81 48 60 FF 6F 0 0 0
ID: 43F, Data: 81 48 60 FF 6F 0 0 0
ID: 153, Data: 80 0 0 FF 0 FF 0 0
ID: 316, Data: 841 2A 20 A 2B 21 0 7C
ID: 153, Data: 80 0 0 FF 0 FF 0 0
ID: 316, Data: 841 2A C A 2B 21 0 7C
ID: 316, Data: 841 2A 7 A 2B 21 0 7C
ID: 153, Data: 80 0 0 FF 0 FF 0 0
ID: 280, Data: 830 0 84 B3 14 1E 65 55
ID: 316, Data: 841 2A 8 A 2B 21 0 7C
ID: 43F, Data: 81 48 60 FF 6F 0 0 0
ID: 43F, Data: 81 48 60 FF 6F 0 0 0
ID: 153, Data: 80 0 0 FF 0 FF 0 0
ID: 316, Data: 841 2A F A 2B 21 0 7C
ID: 5F0, Data: 20 0
ID: 153, Data: 80 0 0 FF 0 FF 0 0
ID: 153, Data: 80 0 0 FF 0 FF 0 0
ID: 316, Data: 841 2A 18 A 2B 21 0 7C
ID: 440, Data: 8AD E1 0 A0 FF AA AA AA
ID: 316, Data: 841 2A 2 A 2C 21 0 7C
ID: 316, Data: 841 2A B A 2B 21 0 7C
ID: 545, Data: 8E4 20 0 8B 9C 0 9C 0
ID: 43F, Data: 81 48 60 FF 6F 0 0 0
ID: 153, Data: 80 0 0 FF 0 FF 0 0
ID: 153, Data: 80 0 0 FF 0 FF 0 0
ID: 153, Data: 80 0 0 FF 0 FF 0 0
ID: 440, Data: 8AD E1 0 A0 FF AA AA AA
ID: 316, Data: 841 2A 29 A 2B 21 0 7C
ID: 153, Data: 80 0 0 FF 0 FF 0 0
ID: 316, Data: 841 2A 31 A 2B 22 0 7C
ID: 440, Data: 8AD E1 0 A0 FF AA AA AA
ID: 153, Data: 80 0 0 FF 0 FF 0 0
ID: 153, Data: 80 0 0 FF 0 FF 0 0
ID: 545, Data: 8E4 1F 0 8C 99 0 99 0
ID: 43F, Data: 81 48 60 FF 6F 0 0 0
ID: 280, Data: 830 0 84 B3 14 1E 65 54
ID: 545, Data: 8E4 1F 0 8C 99 0 99 0
ID: 5F0, Data: 20 0
ID: 153, Data: 80 0 0 FF 0 FF 0 0
ID: 316, Data: 841 2A 2C A 2B 21 0 7C
ID: 153, Data: 80 0 0 FF 0 FF 0 0
ID: 316, Data: 841 2A 24 A 2B 21 0 7C
ID: 153, Data: 80 0 0 FF 0 FF 0 0
ID: 316, Data: 841 2A 1D A 2B 21 0 7C
ID: 316, Data: 841 2A 1F A 2B 21 0 7C
ID: 329, Data: 8ED B3 80 8 12 2B 0 26
ID: 316, Data: 841 2A 15 A 2B 21 0 7C
ID: 1F0, Data: 8FD 3F FD BF 0 0 0 0
ID: 316, Data: 841 2A 1B A 2B 21 0 7C
ID: 545, Data: 8E4 20 0 8C 9A 0 9A 0
ID: 43F, Data: 81 48 60 FF 6F 0 0 0
ID: 43F, Data: 81 48 60 FF 6F 0 0 0
ID: 153, Data: 80 0 0 FF 0 FF 0 0
ID: 43F, Data: 81 48 60 FF 6F 0 0 0
ID: 153, Data: 80 0 0 FF 0 FF 0 0
ID: 153, Data: 80 0 0 FF 0 FF 0 0
ID: 153, Data: 80 0 0 FF 0 FF 0 0
ID: 260, Data: 8B 2A 2C 30 58 FF 70 33
ID: 316, Data: 841 2A 26 A 2B 21 0 7C
ID: 370, Data: 8FF D1 F0 FF FF FF FF FF
ID: 5F0, Data: 20 0
ID: 153, Data: 80 0 0 FF 0 FF 0 0
ID: 18F, Data: 8AA 45 0 0 0 0 0 0
ID: 280, Data: 830 0 84 B3 14 1E 65 54
ID: 153, Data: 80 0 0 FF 0 FF 0 0
ID: 43F, Data: 81 48 60 FF 6F 0 0 0
ID: 545, Data: 8E4 1F 0 8B 9B 0 9B 0
ID: 153, Data: 80 0 0 FF 0 FF 0 0
ID: 153, Data: 80 0 0 FF 0 FF 0 0
ID: 43F, Data: 81 48 60 FF 6F 0 0 0
ID: 316, Data: 841 2A C A 2B 21 0 7C
ID: 316, Data: 841 2A 7 A 2C 21 0 7C
ID: 18F, Data: 8AA 45 0 0 0 0 0 0
ID: 43F, Data: 81 48 60 FF 6F 0 0 0
ID: 1F1, Data: 80 E 0 0 0 0 0 0
ID: A0, Data: 838 7E F A 0 24 2 0
ID: 153, Data: 80 0 0 FF 0 FF 0 0
ID: 43F, Data: 81 48 60 FF 6F 0 0 0
ID: 153, Data: 80 0 0 FF 0 FF 0 0
ID: 43F, Data: 81 48 60 FF 6F 0 0 0
ID: 260, Data: 8B 2B 2B 30 58 FF 71 5
ID: A0, Data: 838 7E 29 A 0 24 2 0
ID: 316, Data: 841 2A 23 A 2B 22 0 7C
ID: 153, Data: 80 0 0 FF 0 FF 0 0
ID: 316, Data: 841 2A 1F A 2B 21 0 7C
ID: 153, Data: 80 0 0 FF 0 FF 0 0
ID: 316, Data: 841 2A 8 A 2B 21 0 7C
ID: 43F, Data: 81 48 60 FF 6F 0 0 0
ID: 153, Data: 80 0 0 FF 0 FF 0 0
ID: 316, Data: 841 2A 15 A 2B 21 0 7C
ID: 153, Data: 80 0 0 FF 0 FF 0 0
ID: 545, Data: 8E4 1F 0 8C 9C 0 9C 0
ID: 316, Data: 841 2A 14 A 2B 21 0 7C
ID: 280, Data: 830 0 84 B3 14 1E 65 55
ID: 153, Data: 80 0 0 FF 0 FF 0 0
ID: 316, Data: 841 2A 12 A 2B 21 0 7C
ID: 43F, Data: 81 48 60 FF 6F 0 0 0
ID: 316, Data: 841 2A C A 2B 21 0 7C
ID: 153, Data: 80 0 0 FF 0 FF 0 0
ID: A1, Data: 87C 80 7C 7F 28 0 0 0
ID: 329, Data: 8B B3 80 8 12 2B 0 26
ID: 545, Data: 8E4 20 0 8D 9F 0 9F 0
ID: 43F, Data: 81 48 60 FF 6F 0 0 0
ID: 43F, Data: 81 48 60 FF 6F 0 0 0
ID: 43F, Data: 81 48 60 FF 6F 0 0 0
ID: 43F, Data: 81 48 60 FF 6F 0 0 0
ID: 43F, Data: 81 48 60 FF 6F 0 0 0
ID: 153, Data: 80 0 0 FF 0 FF 0 0
ID: 316, Data: 841 29 28 A 24 19 0 7C
ID: 153, Data: 80 0 0 FF 0 FF 0 0
ID: 153, Data: 80 0 0 FF 0 FF 0 0
ID: 316, Data: 81 27 19 A 24 19 0 7C
ID: 153, Data: 80 0 0 FF 0 FF 0 0
ID: 316, Data: 81 27 2C A 24 19 0 7C
ID: 43F, Data: 81 48 60 FF 6F 0 0 0
ID: 43F, Data: 81 48 60 FF 6F 0 0 0
ID: 43F, Data: 81 48 60 FF 6F 0 0 0
ID: 153, Data: 80 0 0 FF 0 FF 0 0
ID: 316, Data: 81 24 CB A 21 19 0 7C
ID: 153, Data: 80 0 0 FF 0 FF 0 0
ID: 316, Data: 81 23 97 A 22 19 0 7C
ID: 153, Data: 80 0 0 FF 0 FF 0 0
ID: 153, Data: 80 0 0 FF 0 FF 0 0
ID: 316, Data: 81 22 5C A 23 19 0 7C
ID: 43F, Data: 81 48 60 FF 6F 0 0 0
ID: 43F, Data: 81 48 60 FF 6F 0 0 0
ID: 153, Data: 80 0 0 FF 0 FF 0 0
ID: 43F, Data: 81 48 60 FF 6F 0 0 0
ID: 153, Data: 80 0 0 FF 0 FF 0 0
ID: 153, Data: 80 0 0 FF 0 FF 0 0
ID: A1, Data: 880 7E 7D 7E 23 0 0 0
ID: 2A0, Data: 820 0 65 1F 30 0 10 0
ID: 18F, Data: 8AA 44 0 0 0 0 0 0
ID: 370, Data: 8FF D1 F0 FF FF FF FF FF
ID: 153, Data: 80 0 0 FF 0 FF 0 0
ID: 316, Data: 81 24 28 A 24 19 0 7C
ID: 43F, Data: 81 48 60 FF 6F 0 0 0
ID: 43F, Data: 81 48 60 FF 6F 0 0 0
ID: 43F, Data: 81 48 60 FF 6F 0 0 0
ID: 316, Data: 81 24 35 A 23 19 0 7C
ID: 316, Data: 81 24 2D A 24 19 0 7C
ID: 329, Data: 8ED B3 80 8 12 2A 0 26
ID: 153, Data: 80 0 0 FF 0 FF 0 0
ID: 440, Data: 8A6 91 0 A0 FF AA AA AA
ID: 43F, Data: 81 48 60 FF 6F 0 0 0
ID: 316, Data: 81 25 51 A 23 19 0 7C
ID: 43F, Data: 81 48 60 FF 6F 0 0 0
ID: 43F, Data: 81 48 60 FF 6F 8C 0 0
ID: 18F, Data: 8AA 43 0 0 0 0 0 0
ID: 440, Data: 8AB 91 0 A0 FF AA AA AA
ID: 260, Data: 8B 25 23 30 58 FF 6D 26
ID: 153, Data: 80 0 0 FF 0 FF 0 0
ID: 280, Data: 830 0 84 B3 14 1A 65 4D
ID: 440, Data: 8AF 91 0 A0 FF AA AA AA
ID: 316, Data: 81 24 45 A 23 19 0 7C
ID: 316, Data: 81 24 3E A 23 19 0 7C
ID: 316, Data: 81 24 50 A 23 19 0 7C
ID: 18F, Data: 8AA 42 0 0 0 0 0 0
ID: 43F, Data: 81 48 60 FF 6F 14 2 0
ID: 280, Data: 830 0 84 B3 14 1A 65 4C
ID: 153, Data: 80 0 0 FF 0 FF 0 0
ID: 153, Data: 80 0 0 FF 0 FF 0 0
ID: 316, Data: 81 23 40 A 23 19 0 7C
ID: 153, Data: 80 0 0 FF 0 FF 0 0
ID: 5A0, Data: 80 0 0 90 0 0 0 0
ID: 153, Data: 80 0 0 FF 0 FF 0 0
ID: 329, Data: 8ED B3 80 8 11 2A 0 26
ID: 316, Data: 81 23 2A A 23 19 1 7C
ID: 260, Data: 8B 23 24 30 58 FF 70 23
ID: 153, Data: 80 0 0 FF 0 FF 0 0
ID: 43F, Data: 81 48 60 FF 6F 78 3 0
ID: 43F, Data: 81 48 60 FF 6F 98 3 0
ID: 316, Data: 81 23 32 A 23 19 1 7C
ID: 316, Data: 81 23 21 A 24 19 1 7C
ID: 18F, Data: 8AA 41 0 0 0 0 0 0
ID: 43F, Data: 81 48 60 FF 6F 8 4 0
ID: 260, Data: 8B 23 24 30 58 FF 72 30
ID: A0, Data: 830 7E 2A A 2 22 2 0
ID: 43F, Data: 81 48 60 FF 6F 40 4 0
ID: 43F, Data: 81 48 60 FF 6F 60 4 0
ID: 153, Data: 80 0 0 FF 0 FF 0 0
ID: 316, Data: 81 23 25 A 24 19 2 7C
ID: 316, Data: 81 23 26 A 24 19 2 7C
ID: 316, Data: 81 23 2D A 24 19 2 7C
ID: 260, Data: 8B 23 24 30 58 FF 71 4
ID: 43F, Data: 81 48 60 FF 6F 0 5 0
ID: 43F, Data: 81 48 60 FF 6F 8 5 0
ID: 43F, Data: 81 48 60 FF 6F 20 5 0
ID: 153, Data: 80 0 0 FF 0 FF 0 0
ID: 316, Data: 81 23 30 A 23 19 2 7C
ID: 153, Data: 80 0 0 FF 0 FF 0 0
ID: 316, Data: 81 26 35 A 32 19 2 7C
ID: 316, Data: 81 29 3A A 47 19 2 7C
ID: 316, Data: 81 2D 69 A 4E 19 2 7C
ID: 260, Data: 8B 2E 4F 30 58 FF 89 30
ID: 153, Data: 80 0 0 FF 0 FF 0 0
ID: 43F, Data: 81 48 60 FF 6F 4 6 0
ID: 153, Data: 80 0 0 FF 0 FF 0 0
ID: 316, Data: 81 35 7B B 28 19 2 7C
ID: 153, Data: 80 0 0 FF 0 FF 0 0
ID: 153, Data: 80 0 0 FF 0 FF 0 0
ID: 316, Data: 81 34 7A C 21 19 3 7C
ID: A0, Data: 849 7E B5 B 3 28 2 0
ID: 43F, Data: 81 48 60 FF 6F 60 7 0
ID: 153, Data: 80 0 0 FF 0 FF 0 0
ID: 43F, Data: 81 48 60 FF 6F A4 7 0
ID: 153, Data: 80 0 0 FF 0 FF 0 0
ID: 153, Data: 80 0 0 FF 0 FF 0 0
ID: 153, Data: 80 0 0 FF 0 FF 0 0
ID: 280, Data: 830 0 84 B2 1A 18 65 48
ID: 316, Data: 81 20 C9 C 21 1A 3 7C
ID: 440, Data: 8F4 31 3 A0 FF AA AA AA
ID: 153, Data: 80 0 0 FF 0 FF 0 0
ID: 316, Data: 81 21 A0 B 23 1A 4 7C
ID: 153, Data: 80 0 0 FF 0 FF 0 0
ID: 316, Data: 81 21 54 B 24 1A 4 7C
ID: 43F, Data: 81 48 60 FF 6F C 9 0
ID: 370, Data: 8FF D1 F0 FF FF FF FF FF
ID: 316, Data: 81 22 74 B 23 1A 4 7C
ID: 153, Data: 80 0 0 FF 0 FF 0 0
ID: 316, Data: 81 22 77 B 23 1A 4 7C
ID: 153, Data: 80 0 0 FF 0 FF 0 0
ID: 316, Data: 81 22 3E B 23 1A 4 7C
ID: 43F, Data: 81 48 60 FF 6F 50 9 0
ID: 43F, Data: 81 48 60 FF 6F 5C 9 0
ID: 440, Data: 8FE 31 4 A0 FF AA AA AA
ID: 440, Data: 8FE 31 4 A0 FF AA AA AA
ID: 316, Data: 81 23 14 B 23 1A 4 7C
ID: 545, Data: 8E4 1E 0 8C A2 0 A2 0
ID: 43F, Data: 81 48 60 FF 6F 88 9 0
ID: 43F, Data: 81 48 60 FF 6F 8C 9 0
ID: 43F, Data: 81 48 60 FF 6F 9C 9 0
ID: 153, Data: 80 0 0 FF 0 FF 0 0
ID: 329, Data: 885 B2 80 8 11 2C 9 26
ID: 153, Data: 80 0 0 FF 0 FF 0 0
ID: 260, Data: 8B 2C 3C 30 58 FF AA 6
ID: 316, Data: 81 2C 6A C 43 1A 4 7C
ID: A1, Data: 880 7A 81 7B 25 0 0 0
ID: 153, Data: 80 0 0 FF 0 FF 0 0
ID: 153, Data: 80 0 0 FF 0 FF 0 0
ID: 153, Data: 80 0 0 FF 0 FF 0 0
ID: 2A0, Data: 8C1 2 66 1F 30 0 10 0
ID: 43F, Data: 81 48 60 FF 6F 90 A 0
ID: 370, Data: 8FF D1 F0 FF FF FF FF FF
ID: A1, Data: 880 7C 81 7D 2B 0 0 0
ID: 316, Data: 81 3D 1D F 4D 17 5 7C
ID: 316, Data: 81 3E AF F 4C 16 5 7C
ID: 2A0, Data: 8A1 3 66 1F 30 0 10 0
ID: 153, Data: 80 0 0 FF 0 FF 0 0
ID: 153, Data: 80 0 0 FF 0 FF 0 0
ID: 153, Data: 80 0 0 FF 0 FF 0 0
ID: 370, Data: 8FF D1 F0 FF FF FF FF FF
ID: 316, Data: 81 3F A3 12 45 15 6 7C
ID: 153, Data: 80 0 0 FF 0 FF 0 0
ID: 153, Data: 80 0 0 FF 0 FF 0 0
ID: 440, Data: 8FD 31 6 A0 FF AA AA AA
ID: 43F, Data: 81 48 60 FF 6F B4 E 0
ID: 316, Data: 81 3D F0 13 40 14 7 7C
ID: 329, Data: 840 B2 80 8 11 35 14 26
ID: A1, Data: 882 7F 82 80 2E 0 0 0
ID: 316, Data: 81 3A 93 14 40 14 7 7C
ID: 316, Data: 81 39 BF 14 40 14 7 7C
ID: A0, Data: 843 7E DA 14 8 2D 2 0
ID: 153, Data: 80 0 0 FF 0 FF 0 0
ID: 43F, Data: 81 48 60 FF 6F D8 11 0
ID: 153, Data: 80 0 0 FF 0 FF 0 0
ID: 153, Data: 80 0 0 FF 0 FF 0 0
ID: 316, Data: 81 3A BD 15 3E 14 9 7C
ID: 2A0, Data: 81 7 66 1F 30 0 10 0
ID: 316, Data: 81 3A 25 16 3E 14 9 7C
ID: 316, Data: 81 39 58 16 3E 14 9 7C
ID: 316, Data: 81 39 8C 16 3D 14 9 7C
ID: 43F, Data: 81 48 60 FF 6F 88 14 0
ID: 153, Data: 80 0 0 FF 0 FF 0 0
ID: 316, Data: 81 3A 41 17 45 14 A 7C
ID: 316, Data: 81 39 87 17 4B 14 A 7C
ID: 316, Data: 81 3B D6 17 51 14 A 7C
ID: 1F1, Data: 80 65 58 70 5 5A A0 5
ID: 316, Data: 81 41 91 18 52 14 A 7C
ID: 316, Data: 81 44 10 19 52 14 B 7C
ID: 260, Data: 8B 46 51 30 58 FF CB 3D
ID: 153, Data: 80 0 0 FF 0 FF 0 0
ID: 329, Data: 840 B2 80 8 11 3C 22 26
ID: 316, Data: 81 48 5C 1B 4F 13 B 7C
ID: 43F, Data: 81 48 60 FF 6F 14 19 0
ID: 43F, Data: 81 48 60 FF 6E 78 19 0
ID: 316, Data: 81 47 7D 1C 4D 13 C 7C
ID: A0, Data: 84F 7E 9C 1C D 34 2 0
ID: 316, Data: 81 46 11 1D 53 13 C 7C
ID: 5A0, Data: 80 0 0 90 0 0 0 0
ID: 316, Data: 81 49 E5 1D 5F 13 D 7C
ID: 153, Data: 80 0 0 FF 0 FF 0 0
ID: 316, Data: 81 54 E9 1E 66 12 D 7C
ID: 440, Data: 8FE 91 E A0 FF AA AA AA
ID: 316, Data: 81 60 AE 20 68 12 E 7C
ID: 316, Data: 81 63 E5 21 67 12 E 7C
ID: 316, Data: 81 64 F7 22 67 12 E 7C
ID: 1F0, Data: 8FC 3F FD BF 0 0 0 0
ID: 153, Data: 80 0 0 FF 0 FF 0 0
ID: 43F, Data: 81 48 60 FF 6F A4 21 0
ID: 153, Data: 80 0 0 FF 0 FF 0 0
ID: 153, Data: 80 0 0 FF 0 FF 0 0
ID: 316, Data: 81 63 5 26 66 12 10 7C
ID: 5F0, Data: 20 0
ID: 153, Data: 80 0 0 FF 0 FF 0 0
ID: 153, Data: 80 0 0 FF 0 FF 0 0
ID: A0, Data: 86E 7E 14 28 12 40 2 0
ID: 2A0, Data: 81 15 66 1F 30 0 10 0
ID: 153, Data: 80 0 0 FF 0 FF 0 0
ID: 316, Data: 81 68 1A 2B 6E 14 13 7C
ID: 370, Data: 8FF D7 F0 FF FF FF FF FF
ID: 316, Data: 81 69 A4 2C 6E 14 14 7C
ID: 153, Data: 80 0 0 FF 0 FF 0 0
ID: 43F, Data: 81 48 60 FF 6F 98 2B 0
ID: 43F, Data: 81 48 60 FF 6F 48 2C 0
ID: 316, Data: 81 6C 48 2F 72 15 15 7C
ID: A0, Data: 87D 7E 2B 2F 16 46 2 0
ID: 316, Data: 81 6D 5 31 74 16 16 7C
ID: 316, Data: 81 6D C0 31 76 16 16 7C
ID: 2A0, Data: 861 1C 65 1F 30 0 10 0
ID: 43F, Data: 81 48 60 FF 6F 64 31 0
ID: 316, Data: 81 71 7E 34 77 16 18 7C
ID: 43F, Data: 81 48 60 FF 6F 30 33 0
ID: 316, Data: 81 74 33 36 90 17 19 7C
ID: 545, Data: 8E4 F3 1 8C 73 6 73 6
ID: 43F, Data: 81 48 60 FF 6F D4 35 0
ID: 153, Data: 80 0 0 FF 0 FF 0 0
ID: 280, Data: 830 0 88 B2 78 64 65 B9
ID: 316, Data: 81 A8 4E 3E 9B 22 1B 7C
ID: A0, Data: 8B5 7E B3 3B 1B 65 2 0
ID: 316, Data: 81 A0 B9 40 98 23 1C 7C
ID: 316, Data: 81 9E 25 41 98 23 1D 7C
ID: 43F, Data: 81 48 60 FF 6F 5C 3F 0
ID: 43F, Data: 81 48 60 FF 6F F4 3F 0
ID: 260, Data: 8B 98 F 30 58 FF 97 34
ID: 316, Data: 841 6D 91 43 10 25 20 7C
ID: 316, Data: 841 4C AA 42 12 26 20 7C
ID: 43F, Data: 8A 48 60 FF 6F 38 40 0
ID: 329, Data: 8ED B2 80 8 11 3B 0 26
ID: 153, Data: 80 0 0 FF 0 FF 0 0
ID: 316, Data: 841 20 4E 3E 14 27 22 7C
ID: 153, Data: 80 0 0 FF 0 FF 0 0
ID: 316, Data: 841 1C 80 3E 13 27 22 7C
ID: 316, Data: 841 1C BA 3D 14 27 22 7C
ID: 153, Data: 80 0 0 FF 0 FF 0 0
ID: 280, Data: 830 0 84 B2 77 10 65 2B
ID: 316, Data: 841 19 F8 39 14 27 22 7C
ID: 43F, Data: 8A 48 60 FF 6F CC 37 0
ID: 316, Data: 841 17 E8 35 14 26 22 7C
ID: 2A0, Data: 8E0 1F 65 1F 30 0 10 0
ID: 43F, Data: 8A 48 60 FF 6F 84 31 0
ID: 43F, Data: 8A 48 60 FF 6E B4 2F 0
ID: 153, Data: 80 0 0 FF 0 FF 0 0
ID: 316, Data: 841 17 C3 2B 15 24 22 7C
ID: 153, Data: 80 0 0 FF 0 FF 0 0
ID: 18F, Data: 8AA 40 0 0 0 0 0 0
ID: 316, Data: 841 1B 10 27 17 23 22 7C
ID: 43F, Data: 8A 48 60 FF 6E 80 25 0
ID: A1, Data: 87A 7F 7E 7D 1E 0 0 0
ID: 316, Data: 841 1B E8 23 18 22 22 7C
ID: 153, Data: 80 0 0 FF 0 FF 0 0
ID: 153, Data: 80 0 0 FF 0 FF 0 0
ID: 2A0, Data: 8E0 1A 65 1F 30 0 10 0
ID: 316, Data: 841 1B 45 23 18 22 22 7C
ID: A0, Data: 82C 7D 45 23 22 2E 2 0
ID: 153, Data: 80 0 0 FF 0 FF 0 0
ID: 329, Data: 840 B1 80 8 11 36 0 26
ID: 153, Data: 80 0 0 FF 0 FF 0 0
ID: 260, Data: 80 1B 18 30 58 FF 63 22
ID: 316, Data: 849 1B 21 22 18 22 21 7C
ID: 43F, Data: 8A 48 60 FF 6F B4 24 0
ID: 316, Data: 849 16 71 21 19 22 21 7C
ID: 153, Data: 80 0 0 FF 0 FF 0 0
ID: 316, Data: 849 16 E5 20 19 22 21 7C
ID: 316, Data: 849 12 92 20 19 22 21 7C
ID: A1, Data: 880 7F 80 7D 1D 0 0 0
ID: 316, Data: 849 D B2 1F 19 22 21 7C
ID: 316, Data: 849 E 4C 1F 19 22 20 7C
ID: 153, Data: 80 0 0 FF 0 FF 0 0
ID: 316, Data: 849 9 4D 1E 1A 22 20 7C
ID: 153, Data: 80 0 0 FF 0 FF 0 0
ID: 545, Data: 8E4 1E 0 8C 52 FE 52 FE
ID: 316, Data: 849 5 1C 1D 1A 22 20 7C
ID: A1, Data: 880 7F 80 7D 1F 0 0 0
ID: 43F, Data: 82 48 60 FF 6E DC 22 0
ID: 43F, Data: 82 48 60 FF 6E C0 22 0
ID: 1F0, Data: 8FD 3F FD BF 0 0 0 0
ID: 153, Data: 80 0 0 FF 0 FF 0 0
ID: 153, Data: 80 0 0 FF 0 FF 0 0
ID: 153, Data: 80 0 0 FF 0 FF 0 0
ID: 260, Data: 80 0 1C 30 58 FF 4E 12
ID: 316, Data: 849 0 2 18 1C 21 1F 7C
ID: 153, Data: 80 0 0 FF 0 FF 0 0
ID: 43F, Data: 82 48 60 FF 6E A4 21 0
ID: 153, Data: 80 0 0 FF 0 FF 0 0
ID: 153, Data: 80 0 0 FF 0 FF 0 0
ID: 316, Data: 841 5 75 15 1F 21 1E 7C
ID: 43F, Data: 82 48 60 FF 6E 24 21 0
ID: 153, Data: 80 0 0 FF 0 FF 0 0
ID: 545, Data: 8E4 15 0 8C DF FE DF FE
ID: 153, Data: 80 0 0 FF 0 FF 0 0
ID: 43F, Data: 82 48 60 FF 6F 84 20 0
ID: 260, Data: 8B 24 21 30 58 FF 4F 29
ID: 316, Data: 841 24 8C 13 20 21 1D 7C
ID: 316, Data: 841 23 A5 13 20 21 1D 7C
ID: 153, Data: 80 0 0 FF 0 FF 0 0
ID: 545, Data: 8E4 42 0 8C B 0 B 0
ID: 316, Data: 841 21 78 14 20 22 1D 7C
ID: 370, Data: 8FF D4 F0 FF FF FF FF FF
ID: 153, Data: 80 0 0 FF 0 FF 0 0
ID: 316, Data: 841 20 AE 14 20 22 1D 7C
ID: 316, Data: 841 1F C4 14 1F 22 1C 7C
ID: 43F, Data: 82 48 60 FF 6E 0 1F 0
ID: 1F0, Data: 820 40 FD BF 0 0 0 0
ID: 18F, Data: 8AA 45 0 0 0 0 0 0
ID: A1, Data: 88D 7F 8F 7D 1D 0 0 0
ID: 316, Data: 841 1E B9 14 20 22 1C 7C
ID: 545, Data: 8E4 40 0 8C BC FF BC FF
ID: 153, Data: 80 0 0 FF 0 FF 0 0
ID: 2A0, Data: 880 D 65 1F 30 0 10 0
ID: 316, Data: 841 1E 68 14 20 22 1C 7C
ID: 2A0, Data: 840 C 65 1F 30 0 10 0
ID: 316, Data: 841 1E 2E 14 20 22 1C 7C
ID: 153, Data: 80 0 0 FF 0 FF 0 0
ID: 316, Data: 841 1F F5 13 28 22 1B 7C
ID: 43F, Data: 82 48 60 FF 6E 64 1D 0
ID: 316, Data: 841 21 F0 13 1F 22 1B 7C
ID: A0, Data: 82E 7B FA 13 1C 28 2 0
ID: 153, Data: 80 0 0 FF 0 FF 0 0
ID: 316, Data: 841 2B 2 13 2D 22 1B 7C
ID: 316, Data: 841 2B F0 13 2C 22 1B 7C
ID: 260, Data: 8B 2B 2D 30 58 FF B9 34
ID: 316, Data: 841 29 3F 16 2B 22 1B 7C
ID: 153, Data: 80 0 0 FF 0 FF 0 0
ID: 316, Data: 841 26 2 18 2B 22 1B 7C
ID: 316, Data: 841 25 E0 18 2C 22 1A 7C
ID: 2A0, Data: 8C1 B 65 1F 30 0 10 0
ID: 316, Data: 841 29 47 1A 3D 22 1A 7C
ID: 316, Data: 841 2B CF 1A 3C 22 1A 7C
ID: 153, Data: 80 0 0 FF 0 FF 0 0
ID: 316, Data: 841 2F 35 1C 3B 22 1A 7C
ID: 316, Data: 841 30 A7 1C 3A 21 1A 7C
ID: 316, Data: 841 31 48 1D 39 21 1A 7C
ID: 280, Data: 830 0 88 AE 3B 1E 65 53
ID: 153, Data: 80 0 0 FF 0 FF 0 0
ID: 545, Data: 8E4 73 0 8C 3E 1 3E 1
ID: 316, Data: 841 33 8A 1D 38 20 1A 7C
ID: 1F1, Data: 80 EC C0 E0 C C3 20 D
ID: 316, Data: 841 34 C6 1C 38 20 1A 7C
ID: 316, Data: 841 36 92 1C 38 20 1A 7C
ID: 43F, Data: 82 48 60 FF 6E 80 1B 0
ID: 329, Data: 840 AE 80 8 11 39 10 26
ID: 153, Data: 80 0 0 FF 0 FF 0 0
ID: 316, Data: 841 38 27 1D 3B 1F 1A 7C
ID: 153, Data: 80 0 0 FF 0 FF 0 0
ID: 2A0, Data: 81 B 65 1F 30 0 10 0
ID: 316, Data: 841 38 8A 1D 3B 1F 1A 7C
ID: 280, Data: 830 0 88 AE 3B 23 65 62
ID: 316, Data: 841 38 CE 1D 3B 1F 1A 7C
ID: 2A0, Data: 8A1 C 65 1F 30 0 10 0
ID: 5A0, Data: 80 0 0 90 0 0 0 0
ID: 316, Data: 841 3A CE 1D 3B 1F 1A 7C
ID: 370, Data: 8FF D4 F0 FF FF FF FF FF
ID: 153, Data: 80 0 0 FF 0 FF 0 0
ID: 43F, Data: 82 48 60 FF 6E 64 1C 0
ID: 153, Data: 80 0 0 FF 0 FF 0 0
ID: 316, Data: 841 3A FC 1D 3A 1F 1B 7C
ID: 153, Data: 80 0 0 FF 0 FF 0 0
ID: A0, Data: 840 7A 7 1E 1B 31 2 0
ID: 280, Data: 830 0 88 AE 3C 24 65 64
ID: 329, Data: 885 AD 80 8 11 3A 10 26
ID: 43F, Data: 82 48 60 FF 6E F8 1C 0
ID: 329, Data: 8ED AD 80 8 11 3A 10 26
ID: A1, Data: 87D 7F 80 80 2F 0 0 0
ID: 316, Data: 841 39 7C 1E 3A 1F 1B 7C
ID: 153, Data: 80 0 0 FF 0 FF 0 0
ID: 43F, Data: 82 48 60 FF 6E 5C 1D 0
ID: A1, Data: 87D 7F 80 80 2F 0 0 0
ID: 153, Data: 80 0 0 FF 0 FF 0 0
ID: 316, Data: 841 39 DD 1E 34 16 1B 7C
ID: 153, Data: 80 0 0 FF 0 FF 0 0
ID: 329, Data: 8B AD 80 8 11 3A 13 26
ID: 316, Data: 841 39 E 1F D 16 1B 7C
ID: 545, Data: 8E4 7D 0 8C 5B 2 5B 2
ID: 153, Data: 80 0 0 FF 0 FF 0 0
ID: 153, Data: 80 0 0 FF 0 FF 0 0
ID: 43F, Data: 82 48 60 FF 6E 14 1E 0
ID: A1, Data: 879 7F 7C 80 28 0 0 0
ID: 316, Data: 841 28 D1 1E 10 19 1C 7C
ID: 316, Data: 81 25 70 1E 10 19 1C 7C
ID: A0, Data: 81E 7A AC 1E 1C 28 2 0
ID: 440, Data: 8FE 72 1B A0 FF AA AA AA
ID: 316, Data: 81 1E 4D 1E 11 19 1C 7C
ID: 153, Data: 80 0 0 FF 0 FF 0 0
ID: 316, Data: 81 1B 1E 1E 11 1A 1C 7C
ID: 153, Data: 80 0 0 FF 0 FF 0 0
ID: 260, Data: 8B 1A 11 30 58 FF B3 2A
ID: 316, Data: 81 19 7F 1D 11 1A 1C 7C
ID: 43F, Data: 82 48 60 FF 6E 18 1E 0
ID: 370, Data: 8FF D4 F0 FF FF FF FF FF
ID: 2A0, Data: 8E0 A 65 1F 30 0 10 0
ID: 316, Data: 81 15 87 1C 12 1A 1C 7C
ID: 316, Data: 81 14 49 1C 12 1A 1C 7C
ID: 43F, Data: 82 48 60 FF 6E D4 1D 0
ID: 316, Data: 81 14 BD 1B 12 1A 1B 7C
ID: A0, Data: 81D 7A EE 1B 1C 28 2 0
ID: 153, Data: 80 0 0 FF 0 FF 0 0
ID: 316, Data: 81 16 F4 1A 12 1A 1B 7C
ID: 153, Data: 80 0 0 FF 0 FF 0 0
ID: 2A0, Data: 8E0 9 65 1F 30 0 10 0
ID: 316, Data: 81 17 59 1A 13 19 1B 7C
ID: 1F1, Data: 80 30 CF D0 C D3 20 D
ID: 43F, Data: 82 48 60 FF 6F C4 1C 0
ID: 153, Data: 80 0 0 FF 0 FF 0 0
ID: 316, Data: 81 18 F9 19 13 19 1A 7C
ID: 316, Data: 81 18 BD 19 13 19 1A 7C
ID: 43F, Data: 82 48 60 FF 6F B8 1B 0
ID: 316, Data: 81 18 B4 19 13 19 19 7C
ID: 2A0, Data: 840 8 65 1F 30 0 10 0
ID: 316, Data: 81 18 C5 19 13 19 19 7C
ID: 316, Data: 81 18 A4 19 13 19 18 7C
ID: A1, Data: 885 7F 74 7D 18 0 0 0
ID: 316, Data: 81 18 40 19 13 19 18 7C
ID: 316, Data: 81 18 28 19 13 19 17 7C
ID: 18F, Data: 8AA 45 0 0 0 0 0 0
ID: 316, Data: 81 18 4D 18 13 19 16 7C
ID: 153, Data: 80 0 0 FF 0 FF 0 0
ID: 316, Data: 81 18 72 17 13 19 16 7C
ID: 316, Data: 81 18 25 17 13 19 15 7C
ID: 260, Data: 8B 19 14 30 58 FF 7E 3
ID: 43F, Data: 82 48 60 FF 6F FC 15 0
ID: 316, Data: 81 19 CF 15 14 19 14 7C
ID: 18F, Data: 8AA 43 0 0 0 0 0 0
ID: 316, Data: 81 19 FC 14 1B 19 13 7C
ID: 153, Data: 80 0 0 FF 0 FF 0 0
ID: 316, Data: 81 1A 38 14 1D 19 12 7C
ID: 1F0, Data: 8B3 3F FD BF 0 0 0 0
ID: 2A0, Data: 840 6 65 1F 30 0 10 0
ID: 153, Data: 80 0 0 FF 0 FF 0 0
ID: 153, Data: 80 0 0 FF 0 FF 0 0
ID: 153, Data: 80 0 0 FF 0 FF 0 0
ID: 280, Data: 830 0 84 AE 24 15 65 39
ID: 316, Data: 81 1C 80 12 1F 19 11 7C
ID: 370, Data: 8FF D4 F0 FF FF FF FF FF
ID: 153, Data: 80 0 0 FF 0 FF 0 0
ID: 43F, Data: 82 48 60 FF 6F 8 13 0
ID: 2A0, Data: 880 6 65 1F 30 0 10 0
ID: 1F1, Data: 80 C9 9B 80 8 98 30 8
ID: 153, Data: 80 0 0 FF 0 FF 0 0
ID: 153, Data: 80 0 0 FF 0 FF 0 0
ID: 316, Data: 81 1E E3 11 20 19 10 7C
ID: 43F, Data: 82 48 60 FF 6F 8C 13 0
ID: 316, Data: 81 1E 26 12 17 19 10 7C
ID: 545, Data: 8E4 2E 0 8A 4D 0 4D 0
ID: 43F, Data: 82 48 60 FF 70 2C 13 0
ID: 316, Data: 81 1D 0 12 20 19 F 7C
ID: 280, Data: 830 0 84 AE 24 16 65 3C
ID: 260, Data: 8B 1E 20 30 58 FF 7C 12
ID: 5A0, Data: 80 0 0 90 0 0 0 0
ID: 18F, Data: 8AA 40 0 0 0 0 0 0
ID: 316, Data: 81 1E EB 11 20 19 F 7C
ID: 43F, Data: 82 48 60 FF 70 94 11 0
ID: 316, Data: 81 21 F4 11 28 19 E 7C
ID: A0, Data: 82C 7B F4 11 F 27 2 0
ID: 153, Data: 80 0 0 FF 0 FF 0 0
ID: 316, Data: 81 2C 96 12 3A 19 E 7C
ID: 153, Data: 80 0 0 FF 0 FF 0 0
ID: 316, Data: 81 2F 1A 13 39 18 E 7C
ID: 43F, Data: 82 48 60 FF 70 78 11 0
ID: 153, Data: 80 0 0 FF 0 FF 0 0
ID: 260, Data: 8B 32 39 30 58 FF BA 1
ID: 329, Data: 885 AE 80 8 11 33 F 26
ID: 260, Data: 8B 33 3A 30 58 FF BE 29
ID: 316, Data: 81 33 6A 13 3A 17 E 7C
ID: 545, Data: 8E4 47 0 8C F4 1 F4 1
ID: 43F, Data: 82 48 60 FF 70 38 11 0
ID: 153, Data: 80 0 0 FF 0 FF 0 0
ID: 370, Data: 8FF D1 F0 FF FF FF FF FF
ID: 316, Data: 81 35 AA 13 39 16 E 7C
ID: 153, Data: 80 0 0 FF 0 FF 0 0
ID: 316, Data: 81 35 E1 13 39 16 E 7C
ID: 370, Data: 8FF D1 F0 FF FF FF FF FF
ID: 316, Data: 81 36 A 14 39 16 E 7C
ID: 153, Data: 80 0 0 FF 0 FF 0 0
ID: 153, Data: 80 0 0 FF 0 FF 0 0
ID: 316, Data: 81 35 48 14 24 16 E 7C
ID: 280, Data: 830 0 88 AE 28 21 65 5C
ID: 316, Data: 81 36 73 14 14 16 F 7C
ID: 316, Data: 81 35 83 14 14 16 F 7C
ID: 5F0, Data: 20 0
ID: 43F, Data: 82 48 60 FF 70 F0 11 0
ID: 153, Data: 80 0 0 FF 0 FF 0 0
ID: 316, Data: 81 29 1E 14 16 18 F 7C
ID: 440, Data: 8FE D2 F A0 FF AA AA AA
ID: 316, Data: 81 24 74 13 17 19 F 7C
ID: 153, Data: 80 0 0 FF 0 FF 0 0
ID: 153, Data: 80 0 0 FF 0 FF 0 0
ID: 316, Data: 81 1E 91 12 19 19 F 7C
ID: 440, Data: 8FE D2 10 A0 FF AA AA AA
ID: 316, Data: 81 1C 4 12 19 19 F 7C
ID: 153, Data: 80 0 0 FF 0 FF 0 0
ID: 153, Data: 80 0 0 FF 0 FF 0 0
ID: A1, Data: 888 7F 7A 7D 1A 0 0 0
ID: 316, Data: 81 1A 5 11 1B 1A 10 7C
ID: 545, Data: 8E4 26 0 8C 7 0 7 0
ID: 153, Data: 80 0 0 FF 0 FF 0 0
ID: 43F, Data: 82 48 60 FF 70 18 12 0
ID: 2A0, Data: 8A1 5 65 1F 30 0 10 0
ID: 440, Data: 8FE D2 F A0 FF AA AA AA
ID: 316, Data: 81 22 83 11 23 19 F 7C
ID: 2A0, Data: 8A1 5 65 1F 30 0 10 0
ID: 153, Data: 80 0 0 FF 0 FF 0 0
ID: 316, Data: 81 22 3F 12 2B 19 F 7C
ID: 153, Data: 80 0 0 FF 0 FF 0 0
ID: 316, Data: 81 23 9A 12 2D 19 F 7C
ID: 153, Data: 80 0 0 FF 0 FF 0 0
ID: 153, Data: 80 0 0 FF 0 FF 0 0
ID: 316, Data: 81 26 2 13 2D 19 F 7C
ID: 43F, Data: 82 48 60 FF 70 E8 11 0
ID: 43F, Data: 82 48 60 FF 70 B4 11 0
ID: 316, Data: 81 2A 2 13 33 18 F 7C
ID: 18F, Data: 8AA 3C 0 0 0 0 0 0
ID: 316, Data: 81 2C C 13 35 18 F 7C
ID: A1, Data: 884 7A 77 7B 21 0 0 0
ID: 440, Data: 8FE D2 F A0 FF AA AA AA
ID: 440, Data: 8FE D2 F A0 FF AA AA AA
ID: 316, Data: 81 2E 8C 13 34 17 10 7C
ID: 153, Data: 80 0 0 FF 0 FF 0 0
ID: 316, Data: 81 2F C3 13 34 17 10 7C
ID: 316, Data: 81 2F E1 13 34 17 10 7C
ID: 260, Data: 8B 2F 34 30 58 FF BE 6
ID: 153, Data: 80 0 0 FF 0 FF 0 0
ID: 316, Data: 81 30 14 14 33 17 10 7C
ID: 370, Data: 8FF D7 F0 FF FF FF FF FF
ID: 2A0, Data: 8A1 6 65 1F 30 0 10 0
ID: 316, Data: 81 30 53 14 33 17 10 7C
ID: 316, Data: 81 31 5D 14 33 17 10 7C
ID: 43F, Data: 82 48 60 FF 70 9C 12 0
ID: 316, Data: 81 30 8E 14 33 17 10 7C
ID: 18F, Data: 8AA 3B 0 0 0 0 0 0
ID: 316, Data: 81 31 A9 14 20 17 10 7C
ID: 153, Data: 80 0 0 FF 0 FF 0 0
ID: 316, Data: 81 2F D5 14 1F 17 11 7C
ID: 316, Data: 81 2E F1 14 1F 17 11 7C
ID: 260, Data: 8B 2D 1E 30 58 FF C1 2A
ID: 5F0, Data: 20 0
ID: 545, Data: 8E4 3E 0 8C 37 1 37 1
ID: 316, Data: 81 29 BF 14 15 17 11 7C
ID: A0, Data: 82A 7C E6 14 11 27 2 0
ID: 5F0, Data: 20 0
ID: 316, Data: 81 24 68 14 16 18 11 7C
ID: 316, Data: 81 23 43 14 17 18 11 7C
ID: A1, Data: 87D 7A 7D 7B 1F 0 0 0
ID: 153, Data: 80 0 0 FF 0 FF 0 0
ID: 316, Data: 81 1E A5 13 1F 19 11 7C
ID: 153, Data: 80 0 0 FF 0 FF 0 0
ID: 316, Data: 81 1C 2C 13 1F 19 12 7C
ID: 316, Data: 81 1C D9 12 20 19 12 7C
ID: 18F, Data: 8AA 3B 0 0 0 0 0 0
ID: 43F, Data: 82 48 60 FF 70 B4 12 0
ID: 153, Data: 80 0 0 FF 0 FF 0 0
ID: 316, Data: 81 1B CB 11 21 19 12 7C
ID: 153, Data: 80 0 0 FF 0 FF 0 0
ID: 280, Data: 830 0 84 AF 23 16 65 3B
ID: 316, Data: 81 1E E7 11 21 19 12 7C
ID: A1, Data: 87B 7F 7D 7D 1D 0 0 0
ID: 316, Data: 81 1F C 12 20 19 12 7C
ID: 440, Data: 8FE 22 11 A0 FF AA AA AA
ID: 2A0, Data: 8E0 5 65 1F 30 0 10 0
ID: 316, Data: 81 1F 9A 12 1F 18 12 7C
ID: 316, Data: 81 1F BA 12 1F 18 12 7C
ID: 43F, Data: 82 48 60 FF 6F C0 12 0
ID: 316, Data: 81 1F DE 12 1F 18 12 7C
ID: A0, Data: 82C 7C C7 12 12 27 2 0
ID: 316, Data: 81 26 7E 13 26 18 12 7C
ID: 316, Data: 81 25 EB 13 25 18 12 7C
ID: 43F, Data: 82 48 60 FF 70 68 13 0
ID: 316, Data: 81 24 53 14 24 18 11 7C
ID: 545, Data: 8E4 2E 0 8D CE 0 CE 0
ID: 316, Data: 81 24 D7 13 28 18 11 7C
ID: 316, Data: 81 24 91 13 2A 18 11 7C
ID: 18F, Data: 8AA 3A 0 0 0 0 0 0
ID: 5A0, Data: 80 0 0 90 0 0 0 0
ID: 43F, Data: 82 48 60 FF 6F 78 12 0
ID: 153, Data: 80 0 0 FF 0 FF 0 0
ID: 153, Data: 80 0 0 FF 0 FF 0 0
ID: A0, Data: 837 7C 4E 13 12 2A 2 0
ID: 329, Data: 840 AF 80 8 11 32 8 26
ID: A0, Data: 837 7C 4E 13 12 2A 2 0
ID: 316, Data: 81 2B 29 14 26 17 12 7C
ID: 316, Data: 81 2B 58 14 22 17 12 7C
ID: 18F, Data: 8AA 3A 0 0 0 0 0 0
ID: 43F, Data: 82 48 60 FF 70 8 13 0
ID: 153, Data: 80 0 0 FF 0 FF 0 0
ID: 43F, Data: 82 48 60 FF 6F 4 13 0
ID: 153, Data: 80 0 0 FF 0 FF 0 0
ID: 153, Data: 80 0 0 FF 0 FF 0 0
ID: 153, Data: 80 0 0 FF 0 FF 0 0
ID: 18F, Data: 8AA 3A 0 0 0 0 0 0
ID: 316, Data: 81 25 1E 14 23 18 12 7C
ID: 1F0, Data: 856 40 FD BF 0 0 0 0
ID: 260, Data: 8B 25 23 30 58 FF B9 25
ID: 153, Data: 80 0 0 FF 0 FF 0 0
ID: 440, Data: 8FE 82 11 A0 FF AA AA AA
ID: 43F, Data: 82 48 60 FF 6F 54 13 0
ID: 545, Data: 8E4 2F 0 8C D8 0 D8 0
ID: 316, Data: 81 23 19 14 17 18 12 7C
ID: 316, Data: 81 22 14 14 17 18 12 7C
ID: 2A0, Data: 8E0 4 65 1F 30 0 10 0
ID: 43F, Data: 82 48 60 FF 6F 64 13 0
ID: 43F, Data: 82 48 60 FF 6F 68 13 0
ID: 280, Data: 830 0 84 B0 27 13 66 35
ID: 316, Data: 81 1D 4E 13 18 19 12 7C
ID: 316, Data: 81 1B 3B 13 18 19 12 7C
ID: 43F, Data: 82 48 60 FF 6F 34 13 0
ID: 316, Data: 81 19 C3 12 19 19 12 7C
ID: 2A0, Data: 840 4 65 1F 30 0 10 0
ID: 316, Data: 81 18 8 12 1A 19 12 7C
ID: 316, Data: 81 19 B6 11 1A 19 12 7C
ID: 280, Data: 830 0 84 B0 22 13 65 36
ID: 43F, Data: 82 48 60 FF 6F 14 13 0
ID: 329, Data: 840 B0 80 8 11 2C 0 26
ID: 316, Data: 81 1A 2E 11 1B 19 12 7C
ID: 316, Data: 81 1A 18 11 1B 19 12 7C
ID: 2A0, Data: 820 4 65 1F 30 0 10 0
ID: 316, Data: 81 1B E7 10 1B 19 12 7C
ID: 316, Data: 81 1B EB 10 1B 19 12 7C
ID: A0, Data: 828 7D E7 10 12 25 2 0
ID: 316, Data: 81 1C C 11 1B 19 12 7C
ID: 316, Data: 81 1C EF 10 1B 19 12 7C
ID: 18F, Data: 8AA 39 0 0 0 0 0 0
ID: 5A0, Data: 80 0 0 90 0 0 0 0
ID: 43F, Data: 82 48 60 FF 6F D0 12 0
ID: 2A0, Data: 880 3 66 1F 30 0 10 0
ID: 153, Data: 80 0 0 FF 0 FF 0 0
ID: 5F0, Data: 20 0
ID: 153, Data: 80 0 0 FF 0 FF 0 0
ID: 1F1, Data: 80 3E 7F F0 8 7F 0 9
ID: 260, Data: 8B 1D 23 30 58 FF 7E 3C
ID: 260, Data: 8B 1D 22 30 58 FF 7B 3
ID: 316, Data: 81 1D 83 11 21 19 11 7C
ID: 316, Data: 81 1D B6 11 21 19 11 7C
ID: 316, Data: 81 1E BB 11 20 19 11 7C
ID: 316, Data: 81 1F BB 11 20 19 11 7C
ID: 5F0, Data: 20 0
ID: 43F, Data: 82 48 60 FF 6F 60 12 0
ID: 153, Data: 80 0 0 FF 0 FF 0 0
ID: 280, Data: 830 0 84 B0 24 17 66 3F
ID: 316, Data: 81 1F 61 12 1F 18 11 7C
ID: 316, Data: 81 1F 96 12 1E 18 11 7C
ID: 316, Data: 81 1F 9A 12 1E 18 11 7C
ID: A1, Data: 877 7F 79 7D 1E 0 0 0
ID: 316, Data: 81 1F A8 12 1E 18 11 7C
ID: 316, Data: 81 1F BE 12 1E 18 11 7C
ID: 18F, Data: 8AA 38 0 0 0 0 0 0
ID: 316, Data: 81 1F C3 12 1D 18 11 7C
ID: 153, Data: 80 0 0 FF 0 FF 0 0
ID: 316, Data: 81 1F D0 12 1D 18 11 7C
ID: 316, Data: 81 1F B5 12 1D 18 11 7C
ID: 260, Data: 8B 1F 1E 30 58 FF 7E 3
ID: 43F, Data: 82 48 60 FF 6F 14 12 0
ID: 316, Data: 81 1F 6E 12 1E 18 11 7C
ID: A0, Data: 82A 7D 89 12 12 27 2 0
ID: 316, Data: 81 1F 26 12 1E 18 11 7C
ID: 153, Data: 80 0 0 FF 0 FF 0 0
ID: 5F0, Data: 20 0
ID: 18F, Data: 8AA 38 0 0 0 0 0 0
ID: 2A0, Data: 880 2 66 1F 30 0 10 0
ID: 1F0, Data: 877 40 FD BF 0 0 0 0
ID: 316, Data: 81 1C C7 11 21 19 11 7C
ID: 260, Data: 8B 1D 21 30 58 FF 7F 3D
ID: 43F, Data: 82 48 60 FF 6F 1C 12 0
ID: 545, Data: 8E4 28 0 8D 4C 0 4C 0
ID: 153, Data: 80 0 0 FF 0 FF 0 0
ID: 316, Data: 81 1D DF 11 20 19 11 7C
ID: 153, Data: 80 0 0 FF 0 FF 0 0
ID: 153, Data: 80 0 0 FF 0 FF 0 0
ID: 316, Data: 81 1E DF 11 20 19 11 7C
ID: 5F0, Data: 20 0
ID: 316, Data: 81 1F DB 11 20 19 11 7C
ID: 153, Data: 80 0 0 FF 0 FF 0 0
ID: 153, Data: 80 0 0 FF 0 FF 0 0
ID: 316, Data: 81 1F FC 11 1F 18 11 7C
ID: 316, Data: 81 1F 15 12 20 22 11 7C
ID: 153, Data: 80 0 0 FF 0 FF 0 0
ID: 153, Data: 80 0 0 FF 0 FF 0 0
ID: 316, Data: 81 20 1B 11 2B 22 11 7C
ID: 153, Data: 80 0 0 FF 0 FF 0 0
ID: 316, Data: 81 21 39 11 2A 22 11 7C
ID: 153, Data: 80 0 0 FF 0 FF 0 0
ID: 280, Data: 830 0 84 B1 22 1A 66 45
ID: 316, Data: 81 24 BB 11 29 21 11 7C
ID: 153, Data: 80 0 0 FF 0 FF 0 0
ID: 316, Data: 81 27 48 12 28 21 11 7C
ID: 153, Data: 80 0 0 FF 0 FF 0 0
ID: 1F1, Data: 80 E9 72 90 8 6B 60 8
ID: 316, Data: 841 29 15 12 27 21 10 7C
ID: 316, Data: 841 2A A6 11 28 21 10 7C
ID: 43F, Data: 82 48 60 FF 6F 38 10 0
ID: A0, Data: 838 7D 73 11 11 29 2 0
ID: 153, Data: 80 0 0 FF 0 FF 0 0
ID: 316, Data: 841 2A 27 11 20 21 10 7C
ID: 153, Data: 80 0 0 FF 0 FF 0 0
ID: 153, Data: 80 0 0 FF 0 FF 0 0
ID: 316, Data: 841 28 A3 10 20 21 10 7C
ID: 153, Data: 80 0 0 FF 0 FF 0 0
ID: 18F, Data: 8AA 39 0 0 0 0 0 0
ID: 329, Data: 840 B1 80 8 12 2E 0 26
ID: 43F, Data: 82 48 60 FF 6F 8 F 0
ID: 545, Data: 8E4 2D 0 8B 2C 0 2C 0
ID: 260, Data: 8B 24 2E 30 58 FF 87 3F
ID: 316, Data: 841 24 74 F 2E 22 E 7C
ID: 316, Data: 841 26 1B F 23 22 E 7C
ID: 18F, Data: 8AA 3B 0 0 0 0 0 0
ID: 153, Data: 80 0 0 FF 0 FF 0 0
ID: 153, Data: 80 0 0 FF 0 FF 0 0
ID: 2A0, Data: 840 1 66 1F 30 0 10 0
ID: 1F1, Data: 80 3C 56 90 6 52 70 6
ID: 2A0, Data: 880 1 66 1F 30 0 10 0
ID: 370, Data: 8FF DE F0 FF FF FF FF FF
ID: 153, Data: 80 0 0 FF 0 FF 0 0
ID: 545, Data: 8E4 28 0 8C 6C 0 6C 0
ID: 316, Data: 841 28 7C D 27 22 C 7C
ID: 280, Data: 830 0 84 B1 1A 1D 66 4D
ID: 153, Data: 80 0 0 FF 0 FF 0 0
ID: 153, Data: 80 0 0 FF 0 FF 0 0
ID: 316, Data: 841 2A B0 C 29 23 B 7C
ID: 5F0, Data: 20 0
ID: 316, Data: 841 2A 4A C 2A 23 A 7C
ID: 153, Data: 80 0 0 FF 0 FF 0 0
ID: 329, Data: 8ED B1 80 8 12 2D 0 26
ID: 1F1, Data: 80 4D 3B 70 4 39 60 4
ID: 1F0, Data: 899 40 FD BF 0 0 0 0
ID: 153, Data: 80 0 0 FF 0 FF 0 0
ID: 43F, Data: 82 48 60 FF 6F AC 7 0
ID: 18F, Data: 8AA 3D 0 0 0 0 0 0
ID: 153, Data: 80 0 0 FF 0 FF 0 0
ID: 18F, Data: 8AA 3D 0 0 0 0 0 0
ID: 316, Data: 841 32 94 A 3B 21 7 7C
ID: 316, Data: 841 33 96 A 3B 21 7 7C
ID: 545, Data: 8E4 25 0 8C 59 1 59 1
ID: 370, Data: 8FF DE F0 FF FF FF FF FF
ID: 316, Data: 841 36 E3 A 2A 21 6 7C
ID: 18F, Data: 8AA 3E 0 0 0 0 0 0
ID: 153, Data: 80 0 0 FF 0 FF 0 0
ID: 153, Data: 80 0 0 FF 0 FF 0 0
ID: 370, Data: 8FF DE F0 FF FF FF FF FF
ID: 316, Data: 841 33 96 B 2A 21 5 7C
ID: 153, Data: 80 0 0 FF 0 FF 0 0
ID: 316, Data: 841 31 13 C 2A 22 5 7C
ID: 440, Data: 8D6 82 4 A0 FF AA AA AA
ID: 1F1, Data: 80 6E 21 80 2 20 70 2
ID: 43F, Data: 82 48 60 FF 70 D0 4 0
ID: 153, Data: 80 0 0 FF 0 FF 0 0
ID: 153, Data: 80 0 0 FF 0 FF 0 0
ID: 316, Data: 841 2D 81 B 2C 22 4 7C
ID: 440, Data: 8D7 82 4 A0 FF AA AA AA
ID: 316, Data: 841 2D 3A B 2C 22 4 7C
ID: 2A0, Data: 8E0 0 66 1F 30 0 10 0
ID: 43F, Data: 82 48 60 FF 70 94 4 0
ID: 43F, Data: 82 48 60 FF 70 B0 4 0
ID: 153, Data: 80 0 0 FF 0 FF 0 0
ID: 329, Data: 885 B1 80 8 12 2C 0 26
ID: 316, Data: 841 2E B6 A 3B 22 4 7C
ID: 1F1, Data: 80 60 1E 20 2 1E 10 2
ID: 1F0, Data: 850 40 FD BF 0 0 0 0
ID: 43F, Data: 82 48 60 FF 70 2C 4 0
ID: 43F, Data: 82 48 60 FF 70 18 4 0
ID: 370, Data: 8FF DE F0 FF FF FF FF FF
ID: 370, Data: 8FF DE F0 FF FF FF FF FF
ID: 316, Data: 841 35 C3 A 3A 21 4 7C
ID: 43F, Data: 82 48 60 FF 70 F0 3 0
ID: 43F, Data: 82 48 60 FF 70 EC 3 0
ID: 370, Data: 8FF DE F0 FF FF FF FF FF
ID: 440, Data: 8CC 22 3 A0 FF AA AA AA
ID: 316, Data: 841 36 C C 28 21 3 7C
ID: 280, Data: 830 0 84 B2 18 24 66 5E
ID: A0, Data: 83E 7E 1D C 4 26 2 0
ID: 370, Data: 8FF DE F0 FF FF FF FF FF
ID: 43F, Data: 82 48 60 FF 70 A4 3 0
ID: A0, Data: 83C 7E DA B 4 25 2 0
ID: 153, Data: 80 0 0 FF 0 FF 0 0
ID: 43F, Data: 82 48 60 FF 70 40 3 0
ID: 2A0, Data: 840 0 66 1F 30 0 10 0
ID: 43F, Data: 82 48 60 FF 70 D4 2 0
ID: 43F, Data: 82 48 60 FF 70 90 2 0
ID: 1F0, Data: 81B 40 FD BF 0 0 0 0
ID: 316, Data: 841 2D B5 B 2B 22 2 7C
ID: 370, Data: 8FF DE F0 FF FF FF FF FF
ID: 18F, Data: 8AA 44 0 0 0 0 0 0
ID: 316, Data: 841 2C 5B B 2C 22 2 7C
ID: 316, Data: 841 2C 47 B 2C 22 2 7C
ID: 316, Data: 841 2D 27 B 2C 22 1 7C
ID: 153, Data: 80 0 0 FF 0 FF 0 0
ID: 5F0, Data: 20 0
ID: 316, Data: 841 2E F8 A 2D 22 1 7C
ID: 43F, Data: 89 48 60 FF 70 8 1 0
ID: 43F, Data: 89 48 60 FF 70 8 1 0
ID: 43F, Data: 89 48 60 FF 70 18 1 0
ID: 43F, Data: 89 48 60 FF 70 18 1 0
ID: 316, Data: 841 2F CB A 3B 22 1 7C
ID: 18F, Data: 8AA 44 0 0 0 0 0 0
ID: 316, Data: 841 31 B7 A 3C 21 1 7C
ID: 43F, Data: 89 48 60 FF 70 30 1 0
ID: 440, Data: 8B5 22 0 A0 FF AA AA AA
ID: 316, Data: 841 33 B0 A 3B 21 1 7C
ID: 153, Data: 80 0 0 FF 0 FF 0 0
ID: 316, Data: 841 35 D7 A 3A 21 1 7C
ID: 153, Data: 80 0 0 FF 0 FF 0 0
ID: 316, Data: 841 36 1E B 39 21 1 7C
ID: 153, Data: 80 0 0 FF 0 FF 0 0
ID: 153, Data: 80 0 0 FF 0 FF 0 0
ID: 316, Data: 841 36 E9 B 28 21 1 7C
ID: 43F, Data: 89 48 60 FF 70 38 2 0
ID: 43F, Data: 89 48 60 FF 70 A8 2 0
ID: 440, Data: 8C1 22 1 A0 FF AA AA AA
ID: 43F, Data: 89 48 60 FF 70 E4 2 0
ID: 316, Data: 841 32 F8 B 29 22 1 7C
ID: 316, Data: 841 31 2A C 29 22 1 7C
ID: 545, Data: 8E4 2A 0 8C FB 0 FB 0
ID: 153, Data: 80 0 0 FF 0 FF 0 0
ID: 153, Data: 80 0 0 FF 0 FF 0 0
ID: 316, Data: 841 2E B9 B 2B 22 1 7C
ID: A0, Data: 836 7E A4 B 1 25 2 0
ID: 316, Data: 841 2D 71 B 2C 22 1 7C
ID: 153, Data: 80 0 0 FF 0 FF 0 0
ID: 153, Data: 80 0 0 FF 0 FF 0 0
ID: 316, Data: 841 2F 25 B 3B 22 1 7C
ID: 43F, Data: 81 48 60 FF 70 30 3 0
ID: 316, Data: 841 30 25 B 3A 22 1 7C
ID: 316, Data: 841 31 39 B 2A 22 1 7C
ID: 18F, Data: 8AA 46 0 0 0 0 0 0
ID: 316, Data: 841 33 4C B 29 21 1 7C
ID: A1, Data: 878 80 78 7F 2B 0 0 0
ID: 316, Data: 841 33 5D B 29 21 1 7C
ID: 316, Data: 841 32 9D B 29 21 1 7C
ID: 153, Data: 80 0 0 FF 0 FF 0 0
ID: 153, Data: 80 0 0 FF 0 FF 0 0
ID: 260, Data: 8B 30 2A 30 58 FF 70 3E
ID: 316, Data: 841 2F EE B 2A 22 1 7C
ID: 153, Data: 80 0 0 FF 0 FF 0 0
ID: 153, Data: 80 0 0 FF 0 FF 0 0
ID: 316, Data: 841 2D AE B 2C 22 1 7C
ID: 370, Data: 8FF DE F0 FF FF FF FF FF
ID: 316, Data: 841 2D 85 B 2C 22 1 7C
ID: A1, Data: 876 80 76 7F 28 0 0 0
ID: 43F, Data: 81 48 60 FF 70 20 1 0
ID: 316, Data: 841 2D 63 B 2C 22 1 7C
ID: 153, Data: 80 0 0 FF 0 FF 0 0
ID: 260, Data: 8B 2D 2D 30 58 FF 73 F
ID: 316, Data: 841 2C 3E B 2C 22 1 7C
ID: A0, Data: 839 7E 31 B 1 25 2 0
ID: 43F, Data: 81 48 60 FF 70 8 0 0
ID: 5F0, Data: 20 0
ID: 43F, Data: 81 45 60 FF 70 0 0 0
ID: 153, Data: 80 0 0 FF 0 FF 0 0
ID: 43F, Data: 88 46 60 FF 70 0 0 0
ID: 43F, Data: 8F 47 60 FF 70 0 0 0
ID: 43F, Data: 8F 47 60 FF 70 0 0 0
ID: 153, Data: 80 0 0 FF 0 FF 0 0
ID: 153, Data: 80 0 0 FF 0 FF 0 0
ID: 153, Data: 80 0 0 FF 0 FF 0 0
ID: 440, Data: 8FE 0 0 A0 FF AA AA AA
ID: 316, Data: 841 2D 3F B 1F 22 0 7C
ID: A0, Data: 82F 7E C7 B 0 23 2 0
ID: 316, Data: 841 2B 50 C 1E 22 0 7C
ID: 370, Data: 8FF DE F0 F0 FF FF FF FF
ID: 153, Data: 80 0 0 FF 0 FF 0 0
ID: 43F, Data: 80 40 60 FF 70 E4 C 0
ID: 18F, Data: 8AA 48 0 0 0 0 0 0
ID: 316, Data: 841 25 BB C 1F 23 0 7C
ID: 440, Data: 8FE 0 0 A0 FF AA AA AA
ID: 153, Data: 80 0 0 FF 0 FF 0 0
ID: 316, Data: 841 23 7C C 1F 23 0 7C
ID: 153, Data: 80 0 0 FF 0 FF 0 0
ID: 316, Data: 841 23 26 C 1F 23 0 7C
ID: 43F, Data: 80 40 60 FF 70 4 C 0
ID: 1F1, Data: 80 81 0 0 0 0 0 0
ID: 545, Data: 8E4 1F 0 8C FB FF FB FF
ID: 153, Data: 80 0 0 FF 0 FF 0 0
ID: A1, Data: 87D 7E 80 7E 22 0 0 0
ID: 316, Data: 841 23 B0 B 20 23 0 7C
ID: 153, Data: 80 0 0 FF 0 FF 0 0
ID: 153, Data: 80 0 0 FF 0 FF 0 0
ID: 18F, Data: 8AA 49 0 0 0 0 0 0
ID: 316, Data: 841 23 54 B 20 23 0 7C
ID: 153, Data: 80 0 0 FF 0 FF 0 0
ID: 545, Data: 8E4 1C 0 8C FB FF FB FF
ID: 440, Data: 8FE F0 0 A0 FF AA AA AA
ID: 153, Data: 80 0 0 FF 0 FF 0 0
ID: 316, Data: 841 23 11 B 21 23 0 7C
ID: 153, Data: 80 0 0 FF 0 FF 0 0
ID: 316, Data: 841 23 4 B 21 23 0 7C
ID: 316, Data: 841 23 C B 21 23 0 7C
ID: 153, Data: 80 0 0 FF 0 FF 0 0
ID: 2A0, Data: 8E0 0 66 1F 30 0 10 0
ID: 316, Data: 841 23 E4 A 21 23 0 7C
ID: 545, Data: 8E4 1C 0 8D FF FF FF FF
ID: 153, Data: 80 0 0 FF 0 FF 0 0
ID: 153, Data: 80 0 0 FF 0 FF 0 0
ID: 316, Data: 841 22 E9 A 19 1A 0 7C
ID: 316, Data: 841 21 ED A 19 1A 0 7C
ID: 316, Data: 830 21 DE A 2B F 0 7C
ID: 329, Data: 8ED B3 80 8 12 23 0 26
ID: 316, Data: 830 1C 3E B 1B 10 0 7C
ID: 316, Data: 830 1C 9F B 1B 10 0 7C
ID: 316, Data: 830 1A 3 B 1B 10 0 7C
ID: 316, Data: 830 18 35 A 1B F 0 7C
ID: 316, Data: 830 18 8C 8 1B F 0 7C
ID: 316, Data: 830 17 8C 8 1A E 0 7C
ID: 316, Data: 830 17 9C 7 1A E 0 7C
ID: 329, Data: 8ED B3 80 8 12 22 0 26
ID: A1, Data: 880 7E 80 7E 1C 0 0 0
ID: 316, Data: 830 18 6B 5 1A E 0 7C
ID: 316, Data: 830 19 CD 3 1A D 0 7C
ID: 316, Data: 830 19 CD 3 1A D 0 7C
ID: 316, Data: 830 19 CD 3 1A D 0 7C
ID: 18F, Data: 8AA 47 0 0 0 0 0 0
ID: 316, Data: 830 19 CD 3 1A D 0 7C
ID: 18F, Data: 8AA 47 0 0 0 0 0 0
ID: 316, Data: 830 19 CD 3 1A D 0 7C
ID: 260, Data: 8B 19 1B 0 58 FF 63 1A
ID: 316, Data: 830 19 CD 3 1A D 0 7C
ID: 316, Data: 830 19 CD 3 1A D 0 7C
ID: 316, Data: 830 19 CD 3 1A D 0 7C
ID: 280, Data: 830 0 1 B3 7 13 66 3D
ID: A1, Data: 880 7E 80 7E 1D 0 0 0
ID: 316, Data: 830 0 0 0 1A B 0 7C
ID: 316, Data: 830 0 0 0 1A B 0 7C
ID: 316, Data: 830 0 0 0 1A B 0 7C
ID: 316, Data: 830 0 0 0 1A B 0 7C
ID: 316, Data: 830 0 0 0 1A B 0 7C
ID: A0, Data: 80 7F 0 0 0 2E 0 0
ID: 2A0, Data: 840 0 66 1F 30 0 10 0
ID: 316, Data: 830 0 0 0 1A B 0 7C
ID: 316, Data: 830 0 0 0 1A B 0 7C
ID: 316, Data: 830 0 0 0 1A B 0 7C
ID: 316, Data: 830 0 0 0 1A B 0 7C
ID: 316, Data: 830 0 0 0 1A B 0 7C
ID: 316, Data: 830 0 0 0 1A B 0 7C
ID: 316, Data: 830 0 0 0 1A B 0 7C
ID: 316, Data: 830 0 0 0 1A B 0 7C
ID: 316, Data: 830 0 0 0 1A B 0 7C
ID: 316, Data: 830 0 0 0 1A B 0 7C
ID: 316, Data: 830 0 0 0 1A B 0 7C
ID: A1, Data: 880 7E 80 7E 65 0 0 0
ID: 18F, Data: 8AA 44 0 0 0 0 0 0
ID: A0, Data: 80 7F 0 0 0 7C 0 0
ID: 329, Data: 8ED B3 80 A 12 35 0 26
ID: 316, Data: 830 0 0 0 1A B 0 7C
ID: 316, Data: 830 0 0 0 1A B 0 7C
ID: 316, Data: 830 0 0 0 1A B 0 7C
ID: 316, Data: 830 0 0 0 1A B 0 7C
ID: 316, Data: 830 0 0 0 1A B 0 7C
ID: 316, Data: 830 0 0 0 1A B 0 7C
ID: 316, Data: 830 0 0 0 1A B 0 7C
ID: 316, Data: 830 0 0 0 1A B 0 7C
ID: 316, Data: 830 0 0 0 1A B 0 7C
ID: 316, Data: 830 0 0 0 1A B 0 7C
ID: 316, Data: 830 0 0 0 1A B 0 7C
ID: 316, Data: 830 0 0 0 1A B 0 7C
ID: 18F, Data: 8AA 44 0 0 0 0 0 0
ID: 2A0, Data: 820 0 66 1F 30 0 10 0
ID: 316, Data: 830 0 0 0 1A B 0 7C
ID: 545, Data: 8DC 0 0 0 33 FF 33 FF
ID: 329, Data: 8ED B3 80 A 12 2F 0 26
ID: A0, Data: 80 7F 0 0 0 27 0 0
ID: 316, Data: 830 0 0 0 1A B 0 7C
ID: A0, Data: 80 7F 0 0 0 27 0 0
ID: 2A0, Data: 880 0 66 1F 30 0 10 0
ID: 316, Data: 830 0 0 0 1A B 0 7C
ID: 316, Data: 830 0 0 0 1A B 0 7C
ID: 316, Data: 830 0 0 0 1A B 0 7C
ID: 316, Data: 830 0 0 0 1A B 0 7C
ID: 316, Data: 830 0 0 0 1A B 0 7C
ID: 316, Data: 830 0 0 0 1A B 0 7C
ID: 316, Data: 830 0 0 0 1A B 0 7C
ID: 316, Data: 830 0 0 0 1A B 0 7C
ID: 5F0, Data: 20 0
ID: 5F0, Data: 20 0
ID: 43F, Data: 80 40 0 FF 6F 0 0 0
ID: 370, Data: 8FF C0 F0 F4 FF FF FF FF
ID: 43F, Data: 80 40 0 FF 6F 0 0 0
ID: 440, Data: 8FA F0 0 A0 FF AA AA AA
ID: 43F, Data: 80 40 0 FF 6F 0 0 0
ID: 5A0, Data: 80 0 0 10 0 0 0 0
ID: 43F, Data: 80 40 0 FF 6F 0 0 0
ID: 316, Data: 831 0 0 0 17 B 0 7C
ID: 316, Data: 831 0 0 0 17 B 0 7C
ID: 316, Data: 831 0 0 0 17 B 0 7C
ID: 43F, Data: 80 40 60 FF 6F 0 0 0
ID: 43F, Data: 80 40 60 FF 6F 0 0 0
ID: 316, Data: 831 0 0 0 19 B 0 7C
ID: 316, Data: 81 0 0 0 19 B 0 7C
ID: 153, Data: 80 0 0 FF 0 FF 0 0
ID: 316, Data: 85 0 0 0 19 B 0 7C
ID: 370, Data: 8FF E0 F0 F0 FF FF FF FF
ID: 280, Data: 810 0 1 B5 0 0 69 D7
ID: 316, Data: 85 0 0 0 1A B 0 7C
ID: 153, Data: 80 0 0 FF 0 FF 0 0
ID: 43F, Data: 80 40 60 FF 6F 0 0 0
ID: 153, Data: 80 0 0 FF 0 FF 0 0
ID: 43F, Data: 80 40 60 FF 6F 0 0 0
ID: 260, Data: 8B 0 1A 0 0 FF 69 D
ID: 18F, Data: 8AA 40 0 0 0 0 0 0
ID: 440, Data: 8FE 0 0 A0 FF AA AA AA
ID: 153, Data: 80 0 0 FF 0 FF 0 0
ID: 370, Data: 8FF E0 F0 F0 FF FF FF FF
ID: 280, Data: 810 0 1 B5 0 0 69 D7
ID: 440, Data: 8FE 0 0 A0 FF AA AA AA
ID: 43F, Data: 80 40 60 FF 6F 0 0 0
ID: 1F1, Data: 8F 0 0 0 0 0 0 0
ID: 440, Data: 8FE 0 0 A0 FF AA AA AA
ID: 153, Data: 80 0 0 FF 0 FF 0 0
ID: 316, Data: 85 0 0 0 1A B 0 7C
ID: 316, Data: 85 0 0 0 1A B 0 7C
ID: 316, Data: 85 0 0 0 1A B 0 7C
ID: 43F, Data: 80 40 60 FF 6F 0 0 0
ID: 545, Data: 8DC 0 0 7A 3A FF 3A FF
ID: 18F, Data: 8AA 40 0 0 0 0 0 0
ID: 43F, Data: 80 40 60 FF 6F 0 0 0
ID: 153, Data: 80 0 0 FF 0 FF 0 0
ID: 153, Data: 80 0 0 FF 0 FF 0 0
ID: 1F0, Data: 8FE 3F 0 0 0 0 0 0
ID: 316, Data: 85 0 0 0 1A B 0 7C
ID: 153, Data: 80 0 0 FF 0 FF 0 0
ID: 316, Data: 85 0 0 0 1A B 0 7C
ID: A0, Data: 80 80 0 0 0 30 0 0
ID: 370, Data: 8FF E0 F0 F0 FF FF FF FF
ID: 153, Data: 80 0 0 FF 0 FF 0 0
ID: 43F, Data: 80 40 60 FF 6F 0 0 0
ID: 260, Data: 8B 0 1A 0 0 FF 69 3A
ID: 18F, Data: 8AA 40 0 0 0 0 0 0
ID: 153, Data: 80 0 0 FF 0 FF 0 0
ID: 280, Data: 810 0 1 B5 0 0 69 D7
ID: 316, Data: 85 0 0 0 1A B 0 7C
ID: 316, Data: 85 0 0 0 1A B 0 7C
ID: 43F, Data: 80 40 60 FF 6F 0 0 0
ID: 153, Data: 80 0 0 FF 0 FF 0 0
ID: 153, Data: 80 0 0 FF 0 FF 0 0
ID: 153, Data: 80 0 0 FF 0 FF 0 0
ID: 43F, Data: 80 40 60 FF 6F 0 0 0
ID: 316, Data: 85 0 0 0 1A B 0 7C
ID: 316, Data: 85 0 0 0 1A B 0 7C
ID: 316, Data: 85 0 0 0 1A B 0 7C
ID: 153, Data: 80 0 0 FF 0 FF 0 0
ID: 43F, Data: 80 40 60 FF 6F 0 0 0
ID: 260, Data: 8B 0 1A 0 0 FF 69 1C
ID: A0, Data: 80 80 0 0 0 30 0 0
ID: 153, Data: 80 0 0 FF 0 FF 0 0
ID: 316, Data: 85 0 0 0 1A B 0 7C
ID: 370, Data: 8FF E0 F0 F0 FF FF FF FF
ID: 153, Data: 80 0 0 FF 0 FF 0 0
ID: 280, Data: 810 0 1 B5 0 0 69 D7
ID: 316, Data: 85 0 0 0 1A B 0 7C
ID: 316, Data: 85 0 0 0 1A B 0 7C
ID: 316, Data: 85 0 0 0 1A B 0 7C
ID: 153, Data: 80 0 0 FF 0 FF 0 0
ID: 43F, Data: 80 40 60 FF 6F 0 0 0
ID: 2A0, Data: 880 0 69 18 30 0 10 0
ID: 260, Data: 8B 0 1A 0 0 FF 69 1C
ID: 153, Data: 80 0 0 FF 0 FF 0 0
ID: 43F, Data: 80 40 60 FF 6F 0 0 0
ID: A1, Data: 880 7E 80 7E 65 0 0 0
ID: 153, Data: 80 0 0 FF 0 FF 0 0
ID: 316, Data: 85 0 0 0 1A B 0 7C
ID: 2A0, Data: 8E0 0 69 18 30 0 10 0
ID: 316, Data: 85 0 0 0 1A B 0 7C
ID: 2A0, Data: 820 0 69 18 30 0 10 0
ID: 1F0, Data: 8FE 3F 0 0 0 0 0 0
ID: 2A0, Data: 8E0 0 69 18 30 0 10 0
ID: 316, Data: 85 0 0 0 1A B 0 7C
ID: 545, Data: 8DC 0 0 7A 3B FF 3B FF
ID: 316, Data: 85 0 0 0 1A B 0 7C
ID: A0, Data: 80 80 0 0 0 30 0 0
ID: 316, Data: 85 0 0 0 1A B 0 7C
ID: 153, Data: 80 0 0 FF 0 FF 0 0
ID: 43F, Data: 80 40 60 FF 6F 0 0 0
ID: A1, Data: 880 7E 80 7E 65 0 0 0
ID: A1, Data: 880 7E 80 7E 65 0 0 0
ID: 153, Data: 80 0 0 FF 0 FF 0 0
ID: A1, Data: 880 7E 80 7E 65 0 0 0
ID: A0, Data: 80 80 0 0 0 30 0 0
ID: 5F0, Data: 20 0
ID: 316, Data: 85 0 0 0 1A B 0 7C
ID: 153, Data: 80 0 0 FF 0 FF 0 0
ID: 316, Data: 85 0 0 0 1A B 0 7C
ID: 153, Data: 80 0 0 FF 0 FF 0 0
ID: A1, Data: 880 7E 80 7E 65 0 0 0
ID: 329, Data: 880 B5 80 A 11 38 0 26
ID: 545, Data: 8E4 0 0 79 3B FF 3B FF
ID: 153, Data: 80 0 0 FF 0 FF 0 0
ID: 440, Data: 8FE A0 0 A0 FF AA AA AA
ID: 43F, Data: 80 40 60 FF 6F 0 0 0
ID: 316, Data: 85 0 0 0 1A B 0 7C
ID: 280, Data: 810 0 1 B5 0 0 69 D7
ID: 316, Data: 85 0 0 0 1A B 0 7C
ID: 153, Data: 80 0 0 FF 0 FF 0 0
ID: 316, Data: 85 0 0 0 1A B 0 7C
ID: 153, Data: 80 0 0 FF 0 FF 0 0
ID: 153, Data: 80 0 0 FF 0 FF 0 0
ID: 545, Data: 8DC 0 0 79 3C FF 3C FF
ID: 316, Data: 85 0 0 0 1A B 0 7C
ID: 18F, Data: 8AA 40 0 0 0 0 0 0
ID: 316, Data: 85 0 0 0 1A B 0 7C
ID: 316, Data: 85 0 0 0 1A B 0 7C
ID: 43F, Data: 80 40 60 FF 6F 0 0 0
ID: 153, Data: 80 0 0 FF 0 FF 0 0
ID: 153, Data: 80 0 0 FF 0 FF 0 0
ID: A0, Data: 80 80 0 0 0 30 0 0
ID: 316, Data: 85 0 0 0 1A B 0 7C
ID: 316, Data: 85 0 0 0 1A B 0 7C
ID: 153, Data: 80 0 0 FF 0 FF 0 0
ID: 2A0, Data: 880 0 69 18 30 0 10 0
ID: 280, Data: 810 0 1 B5 0 0 69 D7
ID: A1, Data: 880 7E 80 7E 65 0 0 0
ID: 5F0, Data: 20 0
ID: 43F, Data: 80 40 60 FF 6F 0 0 0
ID: 370, Data: 8FF E0 F0 F0 FF FF FF FF
ID: 440, Data: 8FE 0 0 A0 FF AA AA AA
ID: 316, Data: 85 0 0 0 1A B 0 7C
ID: 153, Data: 80 0 0 FF 0 FF 0 0
ID: 329, Data: 840 B5 80 A 11 33 0 26
ID: 316, Data: 85 0 0 0 1A B 0 7C
ID: 18F, Data: 8AA 40 0 0 0 0 0 0
ID: 43F, Data: 80 40 60 FF 6F 0 0 0
ID: 316, Data: 85 0 0 0 1A B 0 7C
ID: 316, Data: 85 0 0 0 1A B 0 7C
ID: 316, Data: 85 0 0 0 1A B 0 7C
ID: 153, Data: 80 0 0 FF 0 FF 0 0
ID: 18F, Data: 8AA 40 0 0 0 0 0 0
ID: 316, Data: 85 0 0 0 1A B 0 7C
ID: 316, Data: 85 0 0 0 1A B 0 7C
ID: 153, Data: 80 0 0 FF 0 FF 0 0
ID: 43F, Data: 80 40 60 FF 6F 0 0 0
ID: 260, Data: 8B 0 1A 0 0 FF 69 3A
ID: 18F, Data: 8AA 40 0 0 0 0 0 0
ID: 153, Data: 80 0 0 FF 0 FF 0 0
ID: 280, Data: 810 0 1 B5 0 0 69 D7
ID: 370, Data: 8FF E0 F0 F0 FF FF FF FF
ID: 43F, Data: 80 40 60 FF 6F 0 0 0
ID: 316, Data: 85 0 0 0 1A B 0 7C
ID: 316, Data: 85 0 0 0 1A B 0 7C
ID: 440, Data: 8FE 50 0 A0 FF AA AA AA
ID: 260, Data: 8B 0 1A 0 0 FF 69 D
ID: 440, Data: 8FE 50 0 A0 FF AA AA AA
ID: 5F0, Data: 20 0
ID: 316, Data: 85 0 0 0 1A B 0 7C
ID: 316, Data: 85 0 0 0 1A B 0 7C
ID: 1F1, Data: 80 0 0 0 0 0 0 0
ID: 43F, Data: 80 40 60 FF 6F 0 0 0
ID: 329, Data: 880 B5 80 A 11 33 0 26
ID: 545, Data: 8E4 0 0 79 3C FF 3C FF
ID: 43F, Data: 80 40 60 FF 6F 0 0 0
ID: 153, Data: 80 0 0 FF 0 FF 0 0
ID: 316, Data: 85 0 0 0 1A B 0 7C
ID: 153, Data: 80 0 0 FF 0 FF 0 0
ID: 153, Data: 80 0 0 FF 0 FF 0 0
ID: 18F, Data: 8AA 40 0 0 0 0 0 0
ID: 316, Data: 85 0 0 0 1A B 0 7C
ID: 316, Data: 85 0 0 0 1A B 0 7C
ID: 153, Data: 80 0 0 FF 0 FF 0 0
ID: 5F0, Data: 20 0
ID: 260, Data: 8B 0 1A 0 0 FF 69 D
ID: 545, Data: 8E4 0 0 79 3C FF 3C FF
ID: 316, Data: 85 0 0 0 1A B 0 7C
ID: 43F, Data: 80 40 60 FF 6F 0 0 0
ID: 2A0, Data: 840 0 69 18 30 0 10 0
ID: 545, Data: 8DC 0 0 79 3C FF 3C FF
ID: 153, Data: 80 0 0 FF 0 FF 0 0
ID: 5F0, Data: 20 0
ID: 43F, Data: 80 40 60 FF 6F 0 0 0
ID: 43F, Data: 80 40 60 FF 6F 0 0 0
ID: 5F0, Data: 20 0
ID: 153, Data: 80 0 0 FF 0 FF 0 0
ID: 440, Data: 8FE F0 0 A0 FF AA AA AA
ID: A1, Data: 880 7E 80 7E 65 0 0 0
ID: 316, Data: 85 0 0 0 1A B 0 7C
ID: 370, Data: 8FF E0 F0 F0 FF FF FF FF
ID: 43F, Data: 80 40 60 FF 6F 0 0 0
ID: 545, Data: 8DC 0 0 79 3C FF 3C FF
ID: 2A0, Data: 820 0 69 18 30 0 10 0
ID: 316, Data: 85 0 0 0 1A B 0 7C
ID: 316, Data: 85 0 0 0 1A B 0 7C
ID: 440, Data: 8FE F0 0 A0 FF AA AA AA
ID: 153, Data: 80 0 0 FF 0 FF 0 0
ID: 153, Data: 80 0 0 FF 0 FF 0 0
ID: 43F, Data: 80 40 60 FF 6F 0 0 0
ID: 153, Data: 80 0 0 FF 0 FF 0 0
ID: 43F, Data: 80 40 60 FF 6F 0 0 0
ID: A0, Data: 80 80 0 0 0 2A 0 0
ID: 18F, Data: 8AA 40 0 0 0 0 0 0
ID: 316, Data: 85 0 0 0 1A B 0 7C
ID: 153, Data: 80 0 0 FF 0 FF 0 0
ID: 316, Data: 85 0 0 0 1A B 0 7C
ID: 43F, Data: 80 40 60 FF 6F 0 0 0
ID: 545, Data: 8DC 0 0 79 3C FF 3C FF
ID: 260, Data: 8B 0 1A 0 0 FF 69 D
ID: 43F, Data: 80 40 60 FF 6F 0 0 0
ID: 153, Data: 80 0 0 FF 0 FF 0 0
ID: 43F, Data: 80 40 60 FF 6F 0 0 0
ID: 153, Data: 80 0 0 FF 0 FF 0 0
ID: 153, Data: 80 0 0 FF 0 FF 0 0
ID: 2A0, Data: 840 0 69 18 30 0 10 0
ID: 43F, Data: 80 40 60 FF 6F 0 0 0
ID: 280, Data: 810 0 1 B5 0 0 69 D7
ID: 260, Data: 8B 0 1A 0 0 FF 69 1C
ID: A0, Data: 80 80 0 0 0 2B 0 0
ID: 153, Data: 80 0 0 FF 0 FF 0 0
ID: 316, Data: 85 0 0 0 1A B 0 7C
ID: 316, Data: 85 0 0 0 1A B 0 7C
ID: 43F, Data: 80 40 60 FF 6F 0 0 0
ID: A0, Data: 80 80 0 0 0 2B 0 0
ID: 153, Data: 80 0 0 FF 0 FF 0 0
ID: 329, Data: 880 B5 80 A 11 32 0 26
ID: 316, Data: 85 0 0 0 1A B 0 7C
ID: 260, Data: 8B 0 1A 0 0 FF 69 2B
ID: 43F, Data: 80 40 60 FF 6F 0 0 0
ID: 316, Data: 85 0 0 0 1A B 0 7C
ID: 1F0, Data: 8FE 3F 0 0 0 0 0 0
ID: 316, Data: 85 0 0 0 1A B 0 7C
ID: 153, Data: 80 0 0 FF 0 FF 0 0
ID: 316, Data: 85 0 0 0 1A B 0 7C
ID: A0, Data: 80 80 0 0 0 2B 0 0
ID: 329, Data: 880 B5 80 A 11 33 0 26
ID: 153, Data: 80 0 0 FF 0 FF 0 0
ID: 316, Data: 85 0 0 0 1A B 0 7C
ID: 316, Data: 85 0 0 0 1A B 0 7C
ID: 43F, Data: 80 40 60 FF 6F 0 0 0
ID: 153, Data: 80 0 0 FF 0 FF 0 0
ID: 153, Data: 80 0 0 FF 0 FF 0 0
ID: A1, Data: 880 7E 80 7E 65 0 0 0
ID: 316, Data: 85 0 0 0 1A B 0 7C
ID: 370, Data: 8FF E0 F0 F0 FF FF FF FF
ID: 316, Data: 85 0 0 0 1A B 0 7C
ID: 153, Data: 80 0 0 FF 0 FF 0 0
ID: 153, Data: 80 0 0 FF 0 FF 0 0
ID: 280, Data: 810 0 1 B5 0 0 69 D7
ID: 316, Data: 85 0 0 0 1A B 0 7C
ID: 316, Data: 85 0 0 0 1A B 0 7C
ID: 440, Data: 8FE A0 0 A0 FF AA AA AA
ID: 153, Data: 80 0 0 FF 0 FF 0 0
ID: 1F0, Data: 8FE 3F 0 0 0 0 0 0
ID: 43F, Data: 80 40 60 FF 6F 0 0 0
ID: 153, Data: 80 0 0 FF 0 FF 0 0
ID: 316, Data: 85 0 0 0 1A B 0 7C
ID: 153, Data: 80 0 0 FF 0 FF 0 0
ID: 1F1, Data: 80 0 0 0 0 0 0 0
ID: 316, Data: 85 0 0 0 1A B 0 7C
ID: 153, Data: 80 0 0 FF 0 FF 0 0
ID: 370, Data: 8FF E0 F0 F0 FF FF FF FF
ID: 280, Data: 810 0 1 B5 0 0 69 D7
ID: 316, Data: 85 0 0 0 1A B 0 7C
ID: 1F0, Data: 8FE 3F 0 0 0 0 0 0
ID: 43F, Data: 80 40 60 FF 6F 0 0 0
ID: 153, Data: 80 0 0 FF 0 FF 0 0
ID: 153, Data: 80 0 0 FF 0 FF 0 0
ID: 18F, Data: 8AA 40 0 0 0 0 0 0
ID: 43F, Data: 80 40 60 FF 6F 0 0 0
ID: 5F0, Data: 20 0
ID: 316, Data: 85 0 0 0 1A B 0 7C
ID: 43F, Data: 80 40 60 FF 6F 0 0 0
ID: 5F0, Data: 20 0
ID: 316, Data: 85 0 0 0 1A B 0 7C
ID: 43F, Data: 80 40 60 FF 6F 0 0 0
ID: 153, Data: 80 0 0 FF 0 FF 0 0
ID: 153, Data: 80 0 0 FF 0 FF 0 0
ID: 18F, Data: 8AA 40 0 0 0 0 0 0
ID: 316, Data: 85 0 0 0 1A B 0 7C
ID: 5F0, Data: 20 0
ID: 153, Data: 80 0 0 FF 0 FF 0 0
ID: 43F, Data: 80 40 60 FF 6F 0 0 0
ID: 5F0, Data: 20 0
ID: A0, Data: 80 80 0 0 0 2A 0 0
ID: A1, Data: 880 7E 80 7E 65 0 0 0
ID: 316, Data: 85 0 0 0 1A B 0 7C
ID: 316, Data: 85 0 0 0 1A B 0 7C
ID: 153, Data: 80 0 0 FF 0 FF 0 0
ID: 43F, Data: 80 40 60 FF 6F 0 0 0
ID: 5F0, Data: 20 0
ID: 1F1, Data: 80 0 0 0 0 0 0 0
ID: A1, Data: 880 7E 80 7E 65 0 0 0
ID: 316, Data: 85 0 0 0 1A B 0 7C
ID: 316, Data: 85 0 0 0 1A B 0 7C
ID: 316, Data: 85 0 0 0 1A B 0 7C
ID: 43F, Data: 80 40 60 FF 6F 0 0 0
ID: 1F0, Data: 8FE 3F 0 0 0 0 0 0
ID: 153, Data: 80 0 0 FF 0 FF 0 0
ID: 2A0, Data: 880 0 69 18 30 0 10 0
ID: 316, Data: 85 0 0 0 1A B 0 7C
ID: 2A0, Data: 840 0 69 18 30 0 10 0
ID: 316, Data: 85 0 0 0 1A B 0 7C
ID: 2A0, Data: 880 0 69 18 30 0 10 0
ID: 316, Data: 85 0 0 0 1A B 0 7C
ID: 2A0, Data: 840 0 69 18 30 0 10 0
ID: 316, Data: 85 0 0 0 1A B 0 7C
ID: 545, Data: 8DC 0 0 78 3D FF 3D FF
ID: 316, Data: 85 0 0 0 1A B 0 7C
ID: A0, Data: 80 80 0 0 0 2A 0 0
ID: 316, Data: 85 0 0 0 1A B 0 7C
ID: 43F, Data: 80 40 60 FF 6F 0 0 0
ID: 153, Data: 80 0 0 FF 0 FF 0 0
ID: 153, Data: 80 0 0 FF 0 FF 0 0
ID: 153, Data: 80 0 0 FF 0 FF 0 0
ID: 370, Data: 8FF E0 F0 F0 FF FF FF FF
ID: 316, Data: 85 0 0 0 1A B 0 7C
ID: 153, Data: 80 0 0 FF 0 FF 0 0
ID: A1, Data: 880 7E 80 7E 65 0 0 0
ID: 280, Data: 810 0 1 B5 0 0 69 D7
ID: 545, Data: 8DC 0 0 78 3D FF 3D FF
ID: 18F, Data: 8AA 40 0 0 0 0 0 0
ID: 153, Data: 80 0 0 FF 0 FF 0 0
ID: 1F0, Data: 8FE 3F 0 0 0 0 0 0
ID: 545, Data: 8DC 0 0 78 3D FF 3D FF
ID: 43F, Data: 80 40 60 FF 6F 0 0 0
ID: 2A0, Data: 840 0 69 18 30 0 10 0
ID: 370, Data: 8FF E0 F0 F0 FF FF FF FF
ID: 316, Data: 85 0 0 0 1A B 0 7C
ID: 280, Data: 810 0 1 B5 0 0 69 D7
ID: 316, Data: 85 0 0 0 1A B 0 7C
ID: 316, Data: 85 0 0 0 1A B 0 7C
ID: 43F, Data: 80 40 60 FF 6F 0 0 0
ID: 5F0, Data: 20 0
ID: 153, Data: 80 0 0 FF 0 FF 0 0
ID: 153, Data: 80 0 0 FF 0 FF 0 0
ID: 5F0, Data: 20 0
ID: 280, Data: 810 0 1 B5 0 0 69 D7
ID: 316, Data: 85 0 0 0 1A B 0 7C
ID: 280, Data: 810 0 1 B5 0 0 69 D7
ID: 153, Data: 80 0 0 FF 0 FF 0 0
ID: 316, Data: 85 0 0 0 1A B 0 7C
ID: 153, Data: 80 0 0 FF 0 FF 0 0
ID: 5F0, Data: 20 0
ID: 153, Data: 80 0 0 FF 0 FF 0 0
ID: A0, Data: 80 80 0 0 0 2B 0 0
ID: 316, Data: 85 0 0 0 1A B 0 7C
ID: 316, Data: 85 0 0 0 1A B 0 7C
ID: 43F, Data: 80 40 60 FF 6F 0 0 0
ID: A0, Data: 80 80 0 0 0 2B 0 0
ID: 153, Data: 80 0 0 FF 0 FF 0 0
ID: 1F0, Data: 8FE 3F 0 0 0 0 0 0
ID: 440, Data: 8FE 50 0 A0 FF AA AA AA
ID: 153, Data: 80 0 0 FF 0 FF 0 0
ID: 316, Data: 85 0 0 0 1A B 0 7C
ID: 316, Data: 85 0 0 0 1A B 0 7C
ID: 316, Data: 85 0 0 0 1A B 0 7C
ID: 153, Data: 80 0 0 FF 0 FF 0 0
ID: 260, Data: 8B 0 1A 0 0 FF 69 1C
ID: 316, Data: 85 0 0 0 1A B 0 7C
ID: 329, Data: 840 B5 80 A 11 33 0 26
ID: 316, Data: 85 0 0 0 1A B 0 7C
ID: 260, Data: 8B 0 1A 0 0 FF 69 1C
ID: 316, Data: 85 0 0 0 1A B 0 7C
ID: 316, Data: 85 0 0 0 1A B 0 7C
ID: 153, Data: 80 0 0 FF 0 FF 0 0
ID: 43F, Data: 80 40 60 FF 6F 0 0 0
ID: 5F0, Data: 20 0
ID: 316, Data: 85 0 0 0 1A B 0 7C
ID: 43F, Data: 80 40 60 FF 6F 0 0 0
ID: 260, Data: 8B 0 1A 0 0 FF 69 2B
ID: A0, Data: 80 81 0 0 0 2A 0 0
ID: 153, Data: 80 0 0 FF 0 FF 0 0
ID: 316, Data: 85 0 0 0 1A A 0 7C
ID: 5F0, Data: 20 0
ID: 153, Data: 80 0 0 FF 0 FF 0 0
ID: 43F, Data: 80 40 60 FF 6F 0 0 0
ID: A1, Data: 880 7E 80 7E 65 0 0 0
ID: 43F, Data: 80 40 60 FF 6F 0 0 0
ID: 153, Data: 80 0 0 FF 0 FF 0 0
ID: 153, Data: 80 0 0 FF 0 FF 0 0
ID: 260, Data: 8B 0 1A 0 0 FF 69 2B
ID: 316, Data: 85 0 0 0 1A A 0 7C
ID: 280, Data: 810 0 1 B6 0 0 69 D7
ID: 316, Data: 85 0 0 0 1A A 0 7C
ID: 316, Data: 85 0 0 0 1A A 0 7C
ID: 316, Data: 85 0 0 0 1A A 0 7C
ID: 153, Data: 80 0 0 FF 0 FF 0 0
ID: 153, Data: 80 0 0 FF 0 FF 0 0
ID: 545, Data: 8DC 0 0 78 3E FF 3E FF
ID: 316, Data: 85 0 0 0 1A A 0 7C
ID: 18F, Data: 8AA 40 0 0 0 0 0 0
ID: 316, Data: 85 0 0 0 1A A 0 7C
ID: 43F, Data: 80 40 60 FF 6F 0 0 0
ID: 5F0, Data: 20 0
ID: 316, Data: 85 0 0 0 1A A 0 7C
ID: 43F, Data: 80 40 60 FF 6F 0 0 0
ID: 153, Data: 80 0 0 FF 0 FF 0 0
ID: 153, Data: 80 0 0 FF 0 FF 0 0
ID: A0, Data: 80 81 0 0 0 2A 0 0
ID: 316, Data: 85 0 0 0 1A A 0 7C
ID: 5F0, Data: 20 0
ID: 153, Data: 80 0 0 FF 0 FF 0 0
ID: 43F, Data: 80 40 60 FF 6F 0 0 0
ID: 18F, Data: 8AA 40 0 0 0 0 0 0
ID: A0, Data: 80 81 0 0 0 2A 0 0
ID: 329, Data: 8B B6 80 A 11 33 0 26
ID: 43F, Data: 80 40 60 FF 6F 0 0 0
ID: 43F, Data: 80 40 60 FF 6F 0 0 0
ID: 316, Data: 85 0 0 0 1A A 0 7C
ID: 316, Data: 85 0 0 0 1A A 0 7C
ID: 316, Data: 85 0 0 0 1A A 0 7C
ID: 316, Data: 85 0 0 0 1A A 0 7C
ID: 440, Data: 8FE 0 0 A0 FF AA AA AA
ID: 2A0, Data: 8E0 0 69 18 30 0 10 0
ID: 153, Data: 80 0 0 FF 0 FF 0 0
ID: 370, Data: 8FF E0 F0 F0 FF FF FF FF
ID: 5F0, Data: 20 0
ID: 280, Data: 810 0 1 B6 0 0 69 D7
ID: 316, Data: 85 0 0 0 1A A 0 7C
ID: 280, Data: 810 0 1 B6 0 0 69 D7
ID: 316, Data: 85 0 0 0 1A A 0 7C
ID: 316, Data: 85 0 0 0 1A A 0 7C
ID: 43F, Data: 80 40 60 FF 6F 0 0 0
ID: 153, Data: 80 0 0 FF 0 FF 0 0
ID: 153, Data: 80 0 0 FF 0 FF 0 0
ID: A1, Data: 880 7E 80 7E 65 0 0 0
ID: 2A0, Data: 840 0 69 18 30 0 10 0
ID: 18F, Data: 8AA 40 0 0 0 0 0 0
ID: 43F, Data: 80 40 60 FF 6F 0 0 0
ID: 260, Data: 8B 0 1A 0 0 FF 69 1C
ID: A1, Data: 880 7E 80 7E 65 0 0 0
ID: 43F, Data: 80 40 60 FF 6F 0 0 0
ID: 43F, Data: 80 40 60 FF 6F 0 0 0
ID: 153, Data: 80 0 0 FF 0 FF 0 0
ID: 316, Data: 85 0 0 0 1A A 0 7C
ID: A0, Data: 80 81 0 0 0 2B 0 0
ID: 329, Data: 880 B6 80 A 11 32 0 26
ID: 5F0, Data: 20 0
ID: 329, Data: 8ED B6 80 A 11 33 0 26
ID: 316, Data: 85 0 0 0 1A A 0 7C
ID: A0, Data: 80 81 0 0 0 2B 0 0
ID: 545, Data: 8DC 0 0 78 3F FF 3F FF
ID: 153, Data: 80 0 0 FF 0 FF 0 0
ID: 280, Data: 810 0 1 B6 0 0 69 D7
ID: 316, Data: 85 0 0 0 1A A 0 7C
ID: 316, Data: 85 0 0 0 1A A 0 7C
ID: 316, Data: 85 0 0 0 1A A 0 7C
ID: 43F, Data: 80 40 60 FF 6F 0 0 0
ID: 153, Data: 80 0 0 FF 0 FF 0 0
ID: 5F0, Data: 20 0
ID: 260, Data: 8B 0 1A 0 0 FF 69 3A
ID: 545, Data: 8DC 0 0 78 3F FF 3F FF
ID: 260, Data: 8B 0 1A 0 0 FF 69 3A
ID: 153, Data: 80 0 0 FF 0 FF 0 0
ID: 43F, Data: 80 40 60 FF 6F 0 0 0
ID: 153, Data: 80 0 0 FF 0 FF 0 0
ID: 153, Data: 80 0 0 FF 0 FF 0 0
ID: 260, Data: 8B 0 1A 0 0 FF 69 D
ID: 316, Data: 85 0 0 0 1A A 0 7C
ID: 316, Data: 85 0 0 0 1A A 0 7C
ID: 153, Data: 80 0 0 FF 0 FF 0 0
ID: 316, Data: 85 0 0 0 1A A 0 7C
ID: 370, Data: 8FF E0 F0 F0 FF FF FF FF
ID: 329, Data: 880 B6 80 A 11 32 0 26
ID: 316, Data: 85 0 0 0 1A A 0 7C
ID: 316, Data: 85 0 0 0 1A A 0 7C
ID: 370, Data: 8FF E0 F0 F0 FF FF FF FF
ID: 153, Data: 80 0 0 FF 0 FF 0 0
ID: 440, Data: 8FE 50 0 A0 FF AA AA AA
ID: 316, Data: 85 0 0 0 1A A 0 7C
ID: 153, Data: 80 0 0 FF 0 FF 0 0
ID: 18F, Data: 8AA 40 0 0 0 0 0 0
ID: 316, Data: 85 0 0 0 1A A 0 7C
ID: 316, Data: 85 0 0 0 1A A 0 7C
ID: 153, Data: 80 0 0 FF 0 FF 0 0
ID: 43F, Data: 80 40 60 FF 6F 0 0 0
ID: 260, Data: 8B 0 1A 0 0 FF 69 2B
ID: A0, Data: 80 81 0 0 0 2A 0 0
ID: 153, Data: 80 0 0 FF 0 FF 0 0
ID: 316, Data: 85 0 0 0 1A A 0 7C
ID: 43F, Data: 80 40 60 FF 6F 0 0 0
ID: 153, Data: 80 0 0 FF 0 FF 0 0
ID: 153, Data: 80 0 0 FF 0 FF 0 0
ID: 153, Data: 80 0 0 FF 0 FF 0 0
ID: 440, Data: 8FE A0 0 A0 FF AA AA AA
ID: 316, Data: 85 0 0 0 1A A 0 7C
ID: 153, Data: 80 0 0 FF 0 FF 0 0
ID: A0, Data: 80 81 0 0 0 2B 0 0
ID: 316, Data: 85 0 0 0 1A A 0 7C
ID: 316, Data: 85 0 0 0 1A A 0 7C
ID: 43F, Data: 80 40 60 FF 6F 0 0 0
ID: 260, Data: 8B 0 1A 0 0 FF 69 3A
ID: 153, Data: 80 0 0 FF 0 FF 0 0
ID: 153, Data: 80 0 0 FF 0 FF 0 0
ID: 260, Data: 8B 0 1A 0 0 FF 69 2B
ID: 316, Data: 85 0 0 0 1A A 0 7C
ID: 316, Data: 85 0 0 0 1A A 0 7C
ID: 316, Data: 85 0 0 0 1A A 0 7C
ID: 153, Data: 80 0 0 FF 0 FF 0 0
ID: 153, Data: 80 0 0 FF 0 FF 0 0
ID: 18F, Data: 8AA 40 0 0 0 0 0 0
ID: 316, Data: 85 0 0 0 1A A 0 7C
ID: 153, Data: 80 0 0 FF 0 FF 0 0
ID: 316, Data: 85 0 0 0 1A A 0 7C
ID: 43F, Data: 80 40 60 FF 6F 0 0 0
ID: 2A0, Data: 8E0 0 69 18 30 0 10 0
ID: 18F, Data: 8AA 40 0 0 0 0 0 0
ID: 43F, Data: 80 40 60 FF 6F 0 0 0
ID: 18F, Data: 8AA 40 0 0 0 0 0 0
ID: A1, Data: 880 7E 80 7E 65 0 0 0
ID: 329, Data: 8ED B6 80 A 11 32 0 26
ID: 545, Data: 8DC 0 0 78 3F FF 3F FF
ID: 153, Data: 80 0 0 FF 0 FF 0 0
ID: 316, Data: 85 0 0 0 1A A 0 7C
ID: 153, Data: 80 0 0 FF 0 FF 0 0
ID: 1F1, Data: 80 0 0 0 0 0 0 0
ID: 2A0, Data: 840 0 69 18 30 0 10 0
ID: 316, Data: 85 0 0 0 1A A 0 7C
ID: 316, Data: 85 0 0 0 1A A 0 7C
ID: 370, Data: 8FF E0 F0 F0 FF FF FF FF
ID: 153, Data: 80 0 0 FF 0 FF 0 0
ID: 316, Data: 85 0 0 0 1A A 0 7C
ID: 43F, Data: 80 40 60 FF 6F 0 0 0
ID: 153, Data: 80 0 0 FF 0 FF 0 0
ID: 316, Data: 85 0 0 0 1A A 0 7C
ID: 153, Data: 80 0 0 FF 0 FF 0 0
ID: 440, Data: 8FE F0 0 A0 FF AA AA AA
ID: 329, Data: 880 B6 80 A 11 33 0 26
ID: 153, Data: 80 0 0 FF 0 FF 0 0
ID: 316, Data: 85 0 0 0 1A A 0 7C
ID: 153, Data: 80 0 0 FF 0 FF 0 0
ID: 43F, Data: 80 40 60 FF 6F 0 0 0
ID: 18F, Data: 8AA 40 0 0 0 0 0 0
ID: 18F, Data: 8AA 40 0 0 0 0 0 0
ID: 280, Data: 810 0 1 B6 0 0 6A D7
ID: 153, Data: 80 0 0 FF 0 FF 0 0
ID: 316, Data: 85 0 0 0 1A A 0 7C
ID: 153, Data: 80 0 0 FF 0 FF 0 0
ID: 316, Data: 85 0 0 0 1A A 0 7C
ID: 370, Data: 8FF E0 F0 F0 FF FF FF FF
ID: 329, Data: 8B B6 80 A 11 32 0 26
ID: 316, Data: 85 0 0 0 1A A 0 7C
ID: 316, Data: 85 0 0 0 1A A 0 7C
ID: 43F, Data: 80 40 60 FF 6F 0 0 0
ID: 153, Data: 80 0 0 FF 0 FF 0 0
ID: 43F, Data: 80 40 60 FF 6F 0 0 0
ID: 153, Data: 80 0 0 FF 0 FF 0 0
ID: 153, Data: 80 0 0 FF 0 FF 0 0
ID: 440, Data: 8FE 0 0 A0 FF AA AA AA
ID: 316, Data: 85 0 0 0 1A A 0 7C
ID: A1, Data: 880 7E 80 7E 65 0 0 0
ID: 329, Data: 840 B6 80 A 11 32 0 26
ID: 1F1, Data: 80 0 0 0 0 0 0 0
ID: 153, Data: 80 0 0 FF 0 FF 0 0
ID: 316, Data: 85 0 0 0 1A A 0 7C
ID: 316, Data: 85 0 0 0 1A A 0 7C
ID: 43F, Data: 80 40 60 FF 6F 0 0 0
ID: 1F1, Data: 80 0 0 0 0 0 0 0
ID: 153, Data: 80 0 0 FF 0 FF 0 0
ID: 316, Data: 85 0 0 0 1A A 0 7C
ID: 43F, Data: 80 40 60 FF 6F 0 0 0
ID: 153, Data: 80 0 0 FF 0 FF 0 0
ID: 316, Data: 85 0 0 0 1A A 0 7C
ID: 153, Data: 80 0 0 FF 0 FF 0 0
ID: 440, Data: 8FE 50 0 A0 FF AA AA AA
ID: 316, Data: 85 0 0 0 1A A 0 7C
ID: 316, Data: 85 0 0 0 1A A 0 7C
ID: 18F, Data: 8AA 40 0 0 0 0 0 0
ID: 316, Data: 85 0 0 0 1A A 0 7C
ID: 316, Data: 85 0 0 0 1A A 0 7C
ID: 440, Data: 8FE 0 0 A0 FF AA AA AA
ID: 43F, Data: 80 40 60 FF 6F 0 0 0
ID: 153, Data: 80 0 0 FF 0 FF 0 0
ID: 43F, Data: 80 40 60 FF 6F 0 0 0
ID: 153, Data: 80 0 0 FF 0 FF 0 0
ID: 153, Data: 80 0 0 FF 0 FF 0 0
ID: 153, Data: 80 0 0 FF 0 FF 0 0
ID: 545, Data: 8DC 0 0 78 40 FF 40 FF
ID: 316, Data: 85 0 0 0 1A A 0 7C
ID: 43F, Data: 80 40 60 FF 6F 0 0 0
ID: 545, Data: 8E4 0 0 78 40 FF 40 FF
ID: 260, Data: 8B 0 1A 0 0 FF 69 2B
ID: 43F, Data: 80 40 60 FF 6F 0 0 0
ID: 43F, Data: 80 40 60 FF 6F 0 0 0
ID: 153, Data: 80 0 0 FF 0 FF 0 0
ID: 316, Data: 85 0 0 0 1A A 0 7C
ID: 153, Data: 80 0 0 FF 0 FF 0 0
ID: 440, Data: 8FE A0 0 A0 FF AA AA AA
ID: 329, Data: 880 B6 80 A 11 33 0 26
ID: 153, Data: 80 0 0 FF 0 FF 0 0
ID: 316, Data: 85 0 0 0 1A A 0 7C
ID: 153, Data: 80 0 0 FF 0 FF 0 0
ID: 43F, Data: 80 40 60 FF 6F 0 0 0
ID: A0, Data: 80 81 0 0 0 2A 0 0
ID: 260, Data: 8B 0 1A 0 0 FF 69 3A
ID: 316, Data: 85 0 0 0 1A A 0 7C
ID: 316, Data: 85 0 0 0 1A A 0 7C
ID: 43F, Data: 80 40 60 FF 6F 0 0 0
ID: 153, Data: 80 0 0 FF 0 FF 0 0
ID: 316, Data: 85 0 0 0 1A A 0 7C
ID: 153, Data: 80 0 0 FF 0 FF 0 0
ID: 18F, Data: 8AA 40 0 0 0 0 0 0
ID: 316, Data: 85 0 0 0 1A A 0 7C
ID: 153, Data: 80 0 0 FF 0 FF 0 0
ID: 316, Data: 85 0 0 0 1A A 0 7C
ID: 370, Data: 8FF E0 F0 F0 FF FF FF FF
ID: 18F, Data: 8AA 40 0 0 0 0 0 0
ID: 316, Data: 85 0 0 0 1A A 0 7C
ID: 43F, Data: 80 40 60 FF 6F 0 0 0
ID: 153, Data: 80 0 0 FF 0 FF 0 0
ID: 153, Data: 80 0 0 FF 0 FF 0 0
ID: 18F, Data: 8AA 40 0 0 0 0 0 0
ID: 316, Data: 85 0 0 0 1A A 0 7C
ID: 316, Data: 85 0 0 0 1A A 0 7C
ID: 153, Data: 80 0 0 FF 0 FF 0 0
ID: 18F, Data: 8AA 40 0 0 0 0 0 0
ID: 260, Data: 8B 0 1A 0 0 FF 69 2B
ID: 316, Data: 85 0 0 0 1A A 0 7C
ID: 316, Data: 85 0 0 0 1A A 0 7C
ID: 153, Data: 80 0 0 FF 0 FF 0 0
ID: 316, Data: 85 0 0 0 1A A 0 7C
ID: 43F, Data: 80 40 60 FF 6F 0 0 0
ID: 18F, Data: 8AA 40 0 0 0 0 0 0
ID: A0, Data: 80 81 0 0 0 2A 0 0
ID: 329, Data: 880 B6 80 A 11 33 0 26
ID: 43F, Data: 80 40 60 FF 6F 0 0 0
ID: 1F1, Data: 80 0 0 0 0 0 0 0
ID: 545, Data: 8DC 0 0 78 40 FF 40 FF
ID: 153, Data: 80 0 0 FF 0 FF 0 0
ID: 316, Data: 85 0 0 0 1A A 0 7C
ID: 316, Data: 85 0 0 0 1A A 0 7C
ID: 316, Data: 85 0 0 0 1A A 0 7C
ID: 43F, Data: 80 40 60 FF 6F 0 0 0
ID: 545, Data: 8E4 0 0 78 40 FF 40 FF
ID: 260, Data: 8B 0 1A 0 0 FF 69 2B
ID: 43F, Data: 80 40 60 FF 6F 0 0 0
ID: 43F, Data: 80 40 60 FF 6F 0 0 0
ID: 153, Data: 80 0 0 FF 0 FF 0 0
ID: 43F, Data: 80 40 60 FF 6F 0 0 0
ID: 153, Data: 80 0 0 FF 0 FF 0 0
ID: 153, Data: 80 0 0 FF 0 FF 0 0
ID: A0, Data: 80 81 0 0 0 2B 0 0
ID: 545, Data: 8E4 0 0 77 40 FF 40 FF
ID: 316, Data: 85 0 0 0 1A A 0 7C
ID: 545, Data: 8DC 0 0 78 40 FF 40 FF
ID: 316, Data: 85 0 0 0 1A A 0 7C
ID: 18F, Data: 8AA 41 0 0 0 0 0 0
ID: 316, Data: 85 0 0 0 1A A 0 7C
ID: 316, Data: 85 0 0 0 1A A 0 7C
ID: 43F, Data: 80 40 60 FF 6F 0 0 0
ID: 43F, Data: 80 40 60 FF 6F 0 0 0
ID: 153, Data: 80 0 0 FF 0 FF 0 0
ID: 153, Data: 80 0 0 FF 0 FF 0 0
ID: 153, Data: 80 0 0 FF 0 FF 0 0
ID: 280, Data: 810 0 1 B6 0 0 6A D7
ID: 316, Data: 85 0 0 0 1A A 0 7C
ID: 316, Data: 85 0 0 0 1A A 0 7C
ID: 316, Data: 85 0 0 0 1A A 0 7C
ID: 153, Data: 80 0 0 FF 0 FF 0 0
ID: A1, Data: 880 7E 80 7E 65 0 0 0
ID: 545, Data: 8DC 0 0 77 40 FF 40 FF
ID: 545, Data: 8E4 0 0 77 40 FF 40 FF
ID: 43F, Data: 80 40 60 FF 6F 0 0 0
ID: 1F1, Data: 80 0 0 0 0 0 0 0
ID: 43F, Data: 80 40 60 FF 6F 0 0 0
ID: 153, Data: 80 0 0 FF 0 FF 0 0
ID: 153, Data: 80 0 0 FF 0 FF 0 0
ID: 260, Data: 8B 0 1A 0 0 FF 69 1C
ID: 329, Data: 880 B6 80 A 11 32 0 26
ID: 545, Data: 8E4 0 0 77 40 FF 40 FF
ID: 370, Data: 8FF E0 F0 F0 FF FF FF FF
ID: 316, Data: 85 0 0 0 1A A 0 7C
ID: 153, Data: 80 0 0 FF 0 FF 0 0
ID: 2A0, Data: 880 0 6A 18 30 0 10 0
ID: 440, Data: 8FE 50 0 A0 FF AA AA AA
ID: 370, Data: 8FF E0 F0 F0 FF FF FF FF
ID: 316, Data: 85 0 0 0 1A A 0 7C
ID: 260, Data: 8B 0 1A 0 0 FF 69 1C
ID: 316, Data: 85 0 0 0 1A A 0 7C
ID: 316, Data: 85 0 0 0 1A A 0 7C
ID: 1F1, Data: 80 0 0 0 0 0 0 0
ID: 43F, Data: 80 40 60 FF 6F 0 0 0
ID: 2A0, Data: 820 0 6A 18 30 0 10 0
ID: 260, Data: 8B 0 1A 0 0 FF 69 2B
ID: 153, Data: 80 0 0 FF 0 FF 0 0
ID: 153, Data: 80 0 0 FF 0 FF 0 0
ID: 2A0, Data: 820 0 6A 18 30 0 10 0
ID: 329, Data: 880 B6 80 A 11 33 0 26
ID: 18F, Data: 8AA 41 0 0 0 0 0 0
ID: 153, Data: 80 0 0 FF 0 FF 0 0
ID: 43F, Data: 80 40 60 FF 6F 0 0 0
ID: 2A0, Data: 840 0 6A 18 30 0 10 0
ID: 18F, Data: 8AA 41 0 0 0 0 0 0
ID: 43F, Data: 80 40 60 FF 6F 0 0 0
ID: 260, Data: 8B 0 1A 0 0 FF 69 1C
ID: 18F, Data: 8AA 41 0 0 0 0 0 0
ID: A0, Data: 80 81 0 0 0 2B 0 0
ID: 280, Data: 810 0 1 B6 0 0 6A D7
ID: 316, Data: 85 0 0 0 1A A 0 7C
ID: 153, Data: 80 0 0 FF 0 FF 0 0
ID: 316, Data: 85 0 0 0 1A A 0 7C
ID: 153, Data: 80 0 0 FF 0 FF 0 0
ID: 153, Data: 80 0 0 FF 0 FF 0 0
ID: 316, Data: 85 0 0 0 1A A 0 7C
ID: 316, Data: 85 0 0 0 1A A 0 7C
ID: 370, Data: 8FF E0 F0 F0 FF FF FF FF
ID: 43F, Data: 80 40 60 FF 6F 0 0 0
ID: 316, Data: 85 0 0 0 1A A 0 7C
ID: 316, Data: 85 0 0 0 1A A 0 7C
ID: 43F, Data: 80 40 60 FF 6F 0 0 0
ID: 153, Data: 80 0 0 FF 0 FF 0 0
ID: 153, Data: 80 0 0 FF 0 FF 0 0
ID: 153, Data: 80 0 0 FF 0 FF 0 0
ID: A0, Data: 80 81 0 0 0 2A 0 0
ID: 316, Data: 85 0 0 0 1A A 0 7C
ID: 153, Data: 80 0 0 FF 0 FF 0 0
ID: 316, Data: 85 0 0 0 1A A 0 7C
ID: A1, Data: 880 7E 80 7E 65 0 0 0
ID: 280, Data: 810 0 1 B6 0 0 6A D7
ID: 545, Data: 8DC 0 0 77 40 FF 40 FF
ID: 2A0, Data: 880 0 6A 18 30 0 10 0
ID: 43F, Data: 80 40 60 FF 6F 0 0 0
ID: 153, Data: 80 0 0 FF 0 FF 0 0
ID: 316, Data: 85 0 0 0 1A A 0 7C
ID: 153, Data: 80 0 0 FF 0 FF 0 0
ID: A0, Data: 80 81 0 0 0 2A 0 0
ID: 2A0, Data: 840 0 6A 18 30 0 10 0
ID: 153, Data: 80 0 0 FF 0 FF 0 0
ID: 316, Data: 85 0 0 0 1A A 0 7C
ID: 153, Data: 80 0 0 FF 0 FF 0 0
ID: 316, Data: 85 0 0 0 1A A 0 7C
ID: 43F, Data: 80 40 60 FF 6F 0 0 0
ID: 1F0, Data: 8FE 3F 0 0 0 0 0 0
ID: 18F, Data: 8AA 41 0 0 0 0 0 0
ID: 316, Data: 85 0 0 0 1A A 0 7C
ID: 316, Data: 85 0 0 0 1A A 0 7C
ID: 153, Data: 80 0 0 FF 0 FF 0 0
ID: 43F, Data: 80 40 60 FF 6F 0 0 0
ID: 260, Data: 8B 0 1A 0 0 FF 69 D
ID: 18F, Data: 8AA 41 0 0 0 0 0 0
ID: 440, Data: 8FE F0 0 A0 FF AA AA AA
ID: 316, Data: 85 0 0 0 1A A 0 7C
ID: 316, Data: 85 0 0 0 1A A 0 7C
ID: 18F, Data: 8AA 41 0 0 0 0 0 0
ID: 316, Data: 85 0 0 0 1A A 0 7C
ID: 316, Data: 85 0 0 0 1A A 0 7C
ID: 316, Data: 85 0 0 0 1A A 0 7C
ID: 153, Data: 80 0 0 FF 0 FF 0 0
ID: 280, Data: 810 0 1 B6 0 0 6A D7
ID: 316, Data: 85 0 0 0 1A A 0 7C
ID: 316, Data: 85 0 0 0 1A A 0 7C
ID: 43F, Data: 80 40 60 FF 6F 0 0 0
ID: 153, Data: 80 0 0 FF 0 FF 0 0
ID: 316, Data: 85 0 0 0 1A A 0 7C
ID: 153, Data: 80 0 0 FF 0 FF 0 0
ID: 2A0, Data: 8E0 0 6A 18 30 0 10 0
ID: 329, Data: 840 B6 80 A 11 32 0 26
ID: A0, Data: 80 81 0 0 0 2B 0 0
ID: 316, Data: 85 0 0 0 1A A 0 7C
ID: A0, Data: 80 81 0 0 0 2B 0 0
ID: 316, Data: 85 0 0 0 1A A 0 7C
ID: 153, Data: 80 0 0 FF 0 FF 0 0
ID: 43F, Data: 80 40 60 FF 6F 0 0 0
ID: A1, Data: 880 7E 80 7E 65 0 0 0
ID: A0, Data: 80 81 0 0 0 2B 0 0
ID: 153, Data: 80 0 0 FF 0 FF 0 0
ID: 329, Data: 840 B6 80 A 11 32 0 26
ID: 43F, Data: 80 40 60 FF 6F 0 0 0
ID: 43F, Data: 80 40 60 FF 6F 0 0 0
ID: 440, Data: 8FE A0 0 A0 FF AA AA AA
ID: A1, Data: 880 7E 80 7E 65 0 0 0
ID: 153, Data: 80 0 0 FF 0 FF 0 0
ID: 316, Data: 85 0 0 0 1A A 0 7C
ID: 43F, Data: 80 40 60 FF 6F 0 0 0
ID: 43F, Data: 80 40 60 FF 6F 0 0 0
ID: 153, Data: 80 0 0 FF 0 FF 0 0
ID: 153, Data: 80 0 0 FF 0 FF 0 0
ID: 153, Data: 80 0 0 FF 0 FF 0 0
ID: 329, Data: 8ED B6 80 A 11 32 0 26
ID: 316, Data: 85 0 0 0 1A A 0 7C
ID: 18F, Data: 8AA 41 0 0 0 0 0 0
ID: 316, Data: 85 0 0 0 1A A 0 7C
ID: 316, Data: 85 0 0 0 1A A 0 7C
ID: 153, Data: 80 0 0 FF 0 FF 0 0
ID: 43F, Data: 80 40 60 FF 6F 0 0 0
ID: 2A0, Data: 8E0 0 6A 18 30 0 10 0
ID: 18F, Data: 8AA 41 0 0 0 0 0 0
ID: 153, Data: 80 0 0 FF 0 FF 0 0
ID: 153, Data: 80 0 0 FF 0 FF 0 0
ID: 316, Data: 85 0 0 0 1A A 0 7C
ID: 43F, Data: 80 40 60 FF 6F 0 0 0
ID: 43F, Data: 80 40 60 FF 6F 0 0 0
ID: 153, Data: 80 0 0 FF 0 FF 0 0
ID: 316, Data: 85 0 0 0 1A A 0 7C
ID: 153, Data: 80 0 0 FF 0 FF 0 0
ID: A1, Data: 880 7E 80 7E 65 0 0 0
ID: 280, Data: 810 0 1 B6 0 0 6A D7
ID: 545, Data: 8E4 0 0 77 41 FF 41 FF
ID: 18F, Data: 8AA 41 0 0 0 0 0 0
ID: 43F, Data: 80 40 60 FF 6F 0 0 0
ID: 153, Data: 80 0 0 FF 0 FF 0 0
ID: 153, Data: 80 0 0 FF 0 FF 0 0
ID: 260, Data: 8B 0 1A 0 0 FF 69 3A
ID: 316, Data: 85 0 0 0 1A A 0 7C
ID: 370, Data: 8FF E0 F0 F0 FF FF FF FF
ID: 316, Data: 85 0 0 0 1A A 0 7C
ID: 153, Data: 80 0 0 FF 0 FF 0 0
ID: 260, Data: 8B 0 1A 0 0 FF 69 D
ID: 316, Data: 85 0 0 0 1A A 0 7C
ID: 316, Data: 85 0 0 0 1A A 0 7C
ID: 316, Data: 85 0 0 0 1A A 0 7C
ID: 43F, Data: 80 40 60 FF 6F 0 0 0
ID: 5F0, Data: 20 0
ID: 43F, Data: 80 40 60 FF 6F 0 0 0
ID: A1, Data: 880 7E 80 7E 65 0 0 0
ID: A1, Data: 880 7E 80 7E 65 0 0 0
ID: 153, Data: 80 0 0 FF 0 FF 0 0
ID: 43F, Data: 80 40 60 FF 6F 0 0 0
ID: A0, Data: 80 81 0 0 0 2A 0 0
ID: 153, Data: 80 0 0 FF 0 FF 0 0
ID: 316, Data: 85 0 0 0 1A A 0 7C
ID: 43F, Data: 80 40 60 FF 6F 0 0 0
ID: 153, Data: 80 0 0 FF 0 FF 0 0
ID: 316, Data: 85 0 0 0 1A A 0 7C
ID: 153, Data: 80 0 0 FF 0 FF 0 0
ID: 440, Data: 8FE 0 0 A0 FF AA AA AA
ID: 316, Data: 85 0 0 0 1A A 0 7C
ID: 18F, Data: 8AA 41 0 0 0 0 0 0
ID: 545, Data: 8E4 0 0 77 41 FF 41 FF
ID: 153, Data: 80 0 0 FF 0 FF 0 0
ID: 18F, Data: 8AA 41 0 0 0 0 0 0
ID: 316, Data: 85 0 0 0 1A A 0 7C
ID: 316, Data: 85 0 0 0 1A A 0 7C
ID: 153, Data: 80 0 0 FF 0 FF 0 0
ID: 43F, Data: 80 40 60 FF 6F 0 0 0
ID: 260, Data: 8B 0 1A 0 0 FF 69 3A
ID: 18F, Data: 8AA 41 0 0 0 0 0 0
ID: A0, Data: 80 81 0 0 0 2A 0 0
ID: 280, Data: 810 0 1 B6 0 0 6A D7
ID: 316, Data: 85 0 0 0 1A A 0 7C
ID: 316, Data: 85 0 0 0 1A A 0 7C
ID: 316, Data: 85 0 0 0 1A A 0 7C
ID: 153, Data: 80 0 0 FF 0 FF 0 0
ID: 1F1, Data: 80 0 0 0 0 0 0 0
ID: 316, Data: 85 0 0 0 1A A 0 7C
ID: 153, Data: 80 0 0 FF 0 FF 0 0
ID: 153, Data: 80 0 0 FF 0 FF 0 0
ID: 280, Data: 810 0 1 B6 0 0 6A D7
ID: 316, Data: 85 0 0 0 1A A 0 7C
ID: 316, Data: 85 0 0 0 1A A 0 7C
ID: 370, Data: 8FF E0 F0 F0 FF FF FF FF
ID: 153, Data: 80 0 0 FF 0 FF 0 0
ID: 280, Data: 810 0 1 B6 0 0 6A D7
ID: 316, Data: 85 0 0 0 1A A 0 7C
ID: 316, Data: 85 0 0 0 1A A 0 7C
ID: 316, Data: 85 0 0 0 1A A 0 7C
ID: 153, Data: 80 0 0 FF 0 FF 0 0
ID: 43F, Data: 80 40 60 FF 6F 0 0 0
ID: 2A0, Data: 8E0 0 6A 18 30 0 10 0
ID: 545, Data: 8E4 0 0 77 42 FF 42 FF
ID: 153, Data: 80 0 0 FF 0 FF 0 0
ID: 43F, Data: 80 40 60 FF 6F 0 0 0
ID: 43F, Data: 80 40 60 FF 6F 0 0 0
ID: 153, Data: 80 0 0 FF 0 FF 0 0
ID: 316, Data: 85 0 0 0 1A A 0 7C
ID: 153, Data: 80 0 0 FF 0 FF 0 0
ID: 43F, Data: 80 40 60 FF 6F 0 0 0
ID: 316, Data: 85 0 0 0 1A A 0 7C
ID: 329, Data: 8ED B6 80 A 11 32 0 26
ID: 316, Data: 85 0 0 0 1A A 0 7C
ID: 260, Data: 8B 0 1A 0 0 FF 69 3A
ID: 316, Data: 85 0 0 0 1A A 0 7C
ID: 316, Data: 85 0 0 0 1A A 0 7C
ID: 153, Data: 80 0 0 FF 0 FF 0 0
ID: 43F, Data: 80 40 60 FF 6F 0 0 0
ID: 5F0, Data: 20 0
ID: 43F, Data: 80 40 60 FF 6F 0 0 0
ID: 43F, Data: 80 40 60 FF 6F 0 0 0
ID: 43F, Data: 8
