ID: 5F0, Data: 20 0
ID: 5F0, Data: 20 0
ID: 43F, Data: 80 40 0 FF 50 0 0 0
ID: 370, Data: 8FF C0 F0 F4 FF FF FF FF
ID: 43F, Data: 80 40 0 FF 51 0 0 0
ID: 43F, Data: 80 40 0 FF 50 0 0 0
ID: 316, Data: 81 0 0 0 0 0 0 7F
ID: 43F, Data: 80 40 0 FF 50 0 0 0
ID: 329, Data: 8B AC 80 A 11 3C 0 26
ID: 316, Data: 831 0 0 0 1A D 0 7D
ID: 260, Data: 8B 0 1A 0 0 FF 69 3A
ID: 545, Data: 8E4 0 0 78 16 FF 16 FF
ID: 43F, Data: 80 40 60 FF 50 0 0 0
ID: 5F0, Data: 20 0
ID: 316, Data: 85 0 0 0 1B D 0 7D
ID: 153, Data: 80 0 0 FF 0 FF 0 0
ID: A0, Data: 80 7A 0 0 0 19 0 0
ID: 329, Data: 8B AC 80 A 11 30 0 26
ID: 316, Data: 85 0 0 0 1C D 0 7D
ID: 316, Data: 85 0 0 0 1C D 0 7D
ID: 316, Data: 85 0 0 0 1D D 0 7D
ID: 153, Data: 80 0 0 FF 0 FF 0 0
ID: A1, Data: 880 7B 80 7C 66 0 0 0
ID: 280, Data: 810 0 1 AC 0 0 64 D7
ID: 545, Data: 8E4 0 0 77 16 FF 16 FF
ID: 18F, Data: 8AA 30 0 0 0 0 0 0
ID: 153, Data: 80 0 0 FF 0 FF 0 0
ID: 316, Data: 85 0 0 0 1D D 0 7D
ID: 545, Data: 8E4 0 0 78 16 FF 16 FF
ID: 43F, Data: 80 40 60 FF 51 0 0 0
ID: 2A0, Data: 880 0 64 18 3C 0 17 0
ID: 43F, Data: 80 40 60 FF 50 0 0 0
ID: 440, Data: 8FE F0 0 A0 FF AA AA AA
ID: 43F, Data: 80 40 60 FF 50 0 0 0
ID: 316, Data: 85 0 0 0 1D D 0 7D
ID: 329, Data: 8B AC 80 A 11 3A 0 26
ID: 153, Data: 80 0 0 FF 0 FF 0 0
ID: 316, Data: 85 0 0 0 1D D 0 7D
ID: 316, Data: 85 0 0 0 1D D 0 7D
ID: 316, Data: 85 0 0 0 1D D 0 7D
ID: 153, Data: 80 0 0 FF 0 FF 0 0
ID: 260, Data: 8B 0 1D 0 0 FF 69 37
ID: 316, Data: 85 0 0 0 1D D 0 7D
ID: 329, Data: 8B AC 80 A 11 3A 0 26
ID: 316, Data: 85 0 0 0 1D D 0 7D
ID: 329, Data: 840 AC 80 A 11 3A 0 26
ID: 316, Data: 85 0 0 0 1D D 0 7D
ID: 260, Data: 8B 0 1D 0 0 FF 69 19
ID: 316, Data: 85 0 0 0 1D D 0 7C
ID: 440, Data: 8FE 50 0 A0 FF AA AA AA
ID: 153, Data: 80 0 0 FF 0 FF 0 0
ID: A1, Data: 880 7B 80 7C 64 0 0 0
ID: 329, Data: 8B AC 7F A 11 36 0 26
ID: 545, Data: 8DC 8 0 67 15 FF 15 FF
ID: 153, Data: 80 0 0 FF 0 FF 0 0
ID: 43F, Data: 80 40 60 FF 51 48 2 0
ID: 43F, Data: 80 40 60 FF 51 10 3 0
ID: 153, Data: 80 0 0 FF 0 FF 0 0
ID: 316, Data: 85 0 A4 B 1E 10 0 7C
ID: 316, Data: 85 0 BB C 25 11 0 7C
ID: 153, Data: 80 0 0 FF 0 FF 0 0
ID: 316, Data: 85 63 88 D 28 15 0 7C
ID: 153, Data: 80 0 0 FF 0 FF 0 0
ID: 316, Data: 85 4E B1 10 20 15 0 7C
ID: 43F, Data: 80 40 60 FF 51 4 11 0
ID: 316, Data: 85 37 D9 12 1E 16 0 7C
ID: 316, Data: 85 35 7E 13 1D 16 0 7C
ID: 153, Data: 80 0 0 FF 0 FF 0 0
ID: 316, Data: 85 2B 2E 14 1D 17 0 7C
ID: 153, Data: 80 0 0 FF 0 FF 0 0
ID: 316, Data: 85 25 4D 14 1D 18 0 7C
ID: 1F1, Data: 8F 0 0 0 0 0 0 0
ID: 1F0, Data: 80 40 0 0 0 0 0 0
ID: 43F, Data: 80 40 60 FF 51 5C 14 0
ID: 545, Data: 8DC 42 0 85 91 0 91 0
ID: 43F, Data: 80 40 60 FF 51 0 14 0
ID: 153, Data: 80 0 0 FF 0 FF 0 0
ID: 153, Data: 80 0 0 FF 0 FF 0 0
ID: 316, Data: 85 20 91 13 1E 19 0 7C
ID: 153, Data: 80 0 0 FF 0 FF 0 0
ID: 316, Data: 85 20 31 13 1E 19 0 7C
ID: 153, Data: 80 0 0 FF 0 FF 0 0
ID: 316, Data: 85 20 C 13 1F 19 0 7C
ID: 440, Data: 8FE F0 0 A0 FF AA AA AA
ID: 153, Data: 80 0 0 FF 0 FF 0 0
ID: A1, Data: 880 7B 80 7C 1F 0 0 0
ID: 329, Data: 8B AC 7F 8 11 30 0 26
ID: 370, Data: 8FF E0 F0 F0 FF FF FF FF
ID: 43F, Data: 80 40 60 FF 51 60 12 0
ID: 153, Data: 80 0 0 FF 0 FF 0 0
ID: A0, Data: 82F 7A 89 12 0 28 1 0
ID: 316, Data: 85 22 26 12 1F 19 0 7C
ID: 280, Data: 830 0 84 AC 24 19 64 41
ID: 153, Data: 80 0 0 FF 0 FF 0 0
ID: 153, Data: 80 0 0 FF 0 FF 0 0
ID: 316, Data: 85 22 F4 11 1F 19 0 7C
ID: 153, Data: 80 0 0 FF 0 FF 0 0
ID: 316, Data: 85 21 E3 11 1F 19 0 7C
ID: 153, Data: 80 0 0 FF 0 FF 0 0
ID: 153, Data: 80 0 0 FF 0 FF 0 0
ID: 5F0, Data: 20 0
ID: 43F, Data: 80 40 60 FF 50 84 11 0
ID: 153, Data: 80 0 0 FF 0 FF 0 0
ID: 153, Data: 80 0 0 FF 0 FF 0 0
ID: 370, Data: 8FF E0 F0 F0 FF FF FF FF
ID: 43F, Data: 80 40 60 FF 50 4 11 0
ID: 316, Data: 85 1F CA 10 1D 1A 0 7C
ID: 545, Data: 8DC 30 0 8C 5A 0 5A 0
ID: 5F0, Data: 20 0
ID: 316, Data: 85 1F 95 10 1D 1A 0 7C
ID: 153, Data: 80 0 0 FF 0 FF 0 0
ID: 316, Data: 85 1F 68 10 1E 1A 0 7C
ID: 153, Data: 80 0 0 FF 0 FF 0 0
ID: 316, Data: 85 1F 10 10 1E 1A 0 7C
ID: 316, Data: 85 1E E5 F 1F 1A 0 7C
ID: 280, Data: 830 0 84 AD 1F 17 64 3D
ID: 153, Data: 80 0 0 FF 0 FF 0 0
ID: 153, Data: 80 0 0 FF 0 FF 0 0
ID: 43F, Data: 80 40 60 FF 50 D4 F 0
ID: 153, Data: 80 0 0 FF 0 FF 0 0
ID: 153, Data: 80 0 0 FF 0 FF 0 0
ID: A1, Data: 880 7B 80 7C 1D 0 0 0
ID: 2A0, Data: 820 0 64 18 3D 0 17 0
ID: 18F, Data: 8AA 30 0 0 0 0 0 0
ID: 370, Data: 8FF E0 F0 F0 FF FF FF FF
ID: 260, Data: 8B 1F 1E 30 0 FF 6C 3
ID: 316, Data: 85 1E 3 F 1F 1B 0 7C
ID: 153, Data: 80 0 0 FF 0 FF 0 0
ID: 316, Data: 85 1E 1B F 1E 1B 0 7C
ID: 153, Data: 80 0 0 FF 0 FF 0 0
ID: 43F, Data: 80 40 60 FF 50 EC E 0
ID: 316, Data: 85 1E 0 F 1E 1B 0 7C
ID: 316, Data: 85 1E B7 E 1F 1B 0 7C
ID: 329, Data: 840 AD 7F 8 11 2D 0 26
ID: A0, Data: 82D 7A B7 E 0 26 1 0
ID: 5A0, Data: 80 0 0 10 0 0 0 0
ID: 153, Data: 80 0 0 FF 0 FF 0 0
ID: 153, Data: 80 0 0 FF 0 FF 0 0
ID: 316, Data: 85 1E A1 E 1E 1B 0 7C
ID: 43F, Data: 80 40 60 FF 4F 80 E 0
ID: 43F, Data: 80 40 60 FF 4F 78 E 0
ID: 545, Data: 8DC 28 0 8C 31 0 31 0
ID: 370, Data: 8FF E0 F0 F0 FF FF FF FF
ID: 153, Data: 80 0 0 FF 0 FF 0 0
ID: 280, Data: 830 0 84 AC 1C 16 64 3E
ID: 316, Data: 85 1D 24 E 1E 1B 0 7C
ID: 153, Data: 80 0 0 FF 0 FF 0 0
ID: 316, Data: 85 1E 18 E 1E 1B 0 7C
ID: 153, Data: 80 0 0 FF 0 FF 0 0
ID: 153, Data: 80 0 0 FF 0 FF 0 0
ID: 43F, Data: 80 40 60 FF 4E C8 D 0
ID: 545, Data: 8DC 27 0 8C 2B 0 2B 0
ID: 153, Data: 80 0 0 FF 0 FF 0 0
ID: 43F, Data: 80 40 60 FF 4F E4 D 0
ID: 18F, Data: 8AA 30 0 0 0 0 0 0
ID: 153, Data: 80 0 0 FF 0 FF 0 0
ID: A1, Data: 880 7B 80 7C 1E 0 0 0
ID: 329, Data: 8B AC 7F 8 11 2C 0 26
ID: 545, Data: 8DC 25 0 8C 2B 0 2B 0
ID: 260, Data: 8B 1E 1F 30 0 FF 72 C
ID: 153, Data: 80 0 0 FF 0 FF 0 0
ID: 153, Data: 80 0 0 FF 0 FF 0 0
ID: 1F0, Data: 80 40 0 0 0 0 0 0
ID: 43F, Data: 80 40 60 FF 4E 70 D 0
ID: 316, Data: 85 1E 59 D 1E 1B 0 7C
ID: 316, Data: 85 1E 53 D 1E 1B 0 7C
ID: 43F, Data: 80 40 60 FF 4E 28 D 0
ID: 153, Data: 80 0 0 FF 0 FF 0 0
ID: 153, Data: 80 0 0 FF 0 FF 0 0
ID: 316, Data: 85 1E 26 D 1E 1B 0 7C
ID: 18F, Data: 8AA 30 0 0 0 0 0 0
ID: 316, Data: 85 1E 16 D 1E 1B 0 7C
ID: A1, Data: 880 7B 80 7C 1E 0 0 0
ID: 440, Data: 8FE 0 0 A0 FF AA AA AA
ID: 43F, Data: 80 40 60 FF 4E D4 C 0
ID: 153, Data: 80 0 0 FF 0 FF 0 0
ID: 329, Data: 840 AC 7F 8 11 2C 0 26
ID: 43F, Data: 80 40 60 FF 4E E0 C 0
ID: 1F1, Data: 80 0 0 0 0 0 0 0
ID: 440, Data: 8FE 0 0 A0 FF AA AA AA
ID: 153, Data: 80 0 0 FF 0 FF 0 0
ID: 18F, Data: 8AA 30 0 0 0 0 0 0
ID: 316, Data: 85 1E E9 C 1D 1B 0 7C
ID: 316, Data: 85 1D E5 C 1D 1C 0 7C
ID: 316, Data: 85 1D 8E C 1E 1C 0 7C
ID: 280, Data: 830 0 84 AC 19 16 64 3F
ID: 153, Data: 80 0 0 FF 0 FF 0 0
ID: 1F0, Data: 80 40 0 0 0 0 0 0
ID: 316, Data: 85 1D 9E C 1E 1C 0 7C
ID: 260, Data: 8B 1E 1E 30 0 FF 6F 3E
ID: 316, Data: 85 1D 80 C 1E 1C 0 7C
ID: 316, Data: 85 1D 78 C 1E 1C 0 7C
ID: 316, Data: 85 1D 70 C 1E 1C 0 7C
ID: 260, Data: 8B 1E 1E 30 0 FF 70 F
ID: 153, Data: 80 0 0 FF 0 FF 0 0
ID: 153, Data: 80 0 0 FF 0 FF 0 0
ID: 153, Data: 80 0 0 FF 0 FF 0 0
ID: 43F, Data: 80 40 60 FF 4F 28 C 0
ID: 316, Data: 85 1D 54 C 1D 1C 0 7C
ID: 2A0, Data: 840 0 64 18 3D 0 17 0
ID: 43F, Data: 80 40 60 FF 4F 14 C 0
ID: 43F, Data: 80 40 60 FF 4F 4 C 0
ID: 440, Data: 8FE F0 0 A0 FF AA AA AA
ID: 440, Data: 8FE F0 0 A0 FF AA AA AA
ID: A0, Data: 82D 79 6 C 0 24 1 0
ID: 316, Data: 85 1D E C 1E 1C 0 7C
ID: 153, Data: 80 0 0 FF 0 FF 0 0
ID: 153, Data: 80 0 0 FF 0 FF 0 0
ID: 370, Data: 8FF E0 F0 F0 FF FF FF FF
ID: 545, Data: 8DC 1F 0 8C 17 0 17 0
ID: 316, Data: 85 1D AC B 1E 1C 0 7C
ID: 316, Data: 85 1D 9D B 1E 1C 0 7C
ID: 280, Data: 830 0 84 AC 17 16 64 3F
ID: 153, Data: 80 0 0 FF 0 FF 0 0
ID: 153, Data: 80 0 0 FF 0 FF 0 0
ID: 316, Data: 85 1D C0 B 1E 1C 0 7C
ID: 43F, Data: 80 40 60 FF 4F 90 B 0
ID: 5F0, Data: 20 0
ID: 316, Data: 85 1E BA B 1E 1B 0 7C
ID: 316, Data: 85 1E 9D B 1E 1B 0 7C
ID: 316, Data: 85 1E A4 B 1E 1B 0 7C
ID: 329, Data: 840 AC 7F 8 11 2B 0 26
ID: A0, Data: 82E 79 AB B 0 24 1 0
ID: 153, Data: 80 0 0 FF 0 FF 0 0
ID: 43F, Data: 80 40 60 FF 50 4C B 0
ID: A1, Data: 880 7B 80 7C 1E 0 0 0
ID: 153, Data: 80 0 0 FF 0 FF 0 0
ID: 316, Data: 85 1E 76 B 1E 1B 0 7C
ID: 43F, Data: 80 40 60 FF 50 38 B 0
ID: 316, Data: 85 1E AC B 1D 1B 0 7C
ID: 316, Data: 85 1E A4 B 1D 1B 0 7C
ID: 153, Data: 80 0 0 FF 0 FF 0 0
ID: 280, Data: 830 0 84 AC 16 16 64 3F
ID: 153, Data: 80 0 0 FF 0 FF 0 0
ID: 316, Data: 85 1D 54 B 1E 1B 0 7C
ID: 370, Data: 8FF E0 F0 F0 FF FF FF FF
ID: 2A0, Data: 820 0 64 18 3D 0 17 0
ID: 316, Data: 85 1D 68 B 1E 1B 0 7C
ID: 545, Data: 8DC 1F 0 8D 19 0 19 0
ID: 153, Data: 80 0 0 FF 0 FF 0 0
ID: 153, Data: 80 0 0 FF 0 FF 0 0
ID: A1, Data: 880 7B 80 7C 1E 0 0 0
ID: 280, Data: 830 0 84 AB 16 16 64 40
ID: 280, Data: 830 0 84 AB 16 16 64 40
ID: 316, Data: 85 1D 22 B 1E 1B 0 7C
ID: 329, Data: 840 AB 7F 8 11 2A 0 26
ID: 18F, Data: 8AA 30 0 0 0 0 0 0
ID: 43F, Data: 80 40 60 FF 50 F8 A 0
ID: 153, Data: 80 0 0 FF 0 FF 0 0
ID: 43F, Data: 80 40 60 FF 50 DC A 0
ID: 153, Data: 80 0 0 FF 0 FF 0 0
ID: 316, Data: 85 1D E9 A 27 24 0 7C
ID: A0, Data: 82F 79 E1 A 0 23 1 0
ID: 153, Data: 80 0 0 FF 0 FF 0 0
ID: 43F, Data: 80 40 60 FF 50 BC A 0
ID: A0, Data: 832 79 EC A 0 24 1 0
ID: 43F, Data: 80 40 60 FF 50 4 B 0
ID: 153, Data: 80 0 0 FF 0 FF 0 0
ID: 43F, Data: 80 40 60 FF 50 9C A 0
ID: 18F, Data: 8AA 30 0 0 0 0 0 0
ID: 153, Data: 80 0 0 FF 0 FF 0 0
ID: 18F, Data: 8AA 30 0 0 0 0 0 0
ID: 370, Data: 8FF E0 F0 F0 FF FF FF FF
ID: 316, Data: 845 23 C B 22 24 0 7C
ID: 5F0, Data: 20 0
ID: 153, Data: 80 0 0 FF 0 FF 0 0
ID: 153, Data: 80 0 0 FF 0 FF 0 0
ID: 260, Data: 8B 24 23 30 0 FF 66 D
ID: 280, Data: 830 0 84 AB 14 1A 64 48
ID: A1, Data: 880 7B 80 7C 22 0 0 0
ID: 316, Data: 845 24 83 A 22 23 0 7C
ID: 316, Data: 845 24 86 A 22 23 0 7C
ID: 153, Data: 80 0 0 FF 0 FF 0 0
ID: 153, Data: 80 0 0 FF 0 FF 0 0
ID: 18F, Data: 8AA 32 0 0 0 0 0 0
ID: 316, Data: 845 23 57 A 22 23 0 7C
ID: 316, Data: 845 23 63 A 23 23 0 7C
ID: 2A0, Data: 8E0 0 64 18 3D 0 17 0
ID: 153, Data: 80 0 0 FF 0 FF 0 0
ID: 153, Data: 80 0 0 FF 0 FF 0 0
ID: 43F, Data: 80 40 60 FF 50 2C A 0
ID: A1, Data: 880 7B 80 7C 22 0 0 0
ID: 43F, Data: 80 40 60 FF 50 0 A 0
ID: 153, Data: 80 0 0 FF 0 FF 0 0
ID: 153, Data: 80 0 0 FF 0 FF 0 0
ID: 153, Data: 80 0 0 FF 0 FF 0 0
ID: 43F, Data: 80 40 60 FF 50 0 A 0
ID: 316, Data: 845 22 65 A 22 23 0 7C
ID: 316, Data: 845 22 5E A 22 23 0 7C
ID: A1, Data: 880 7B 80 7C 22 0 0 0
ID: 1F0, Data: 80 40 0 0 0 0 0 0
ID: 5F0, Data: 20 0
ID: 153, Data: 80 0 0 FF 0 FF 0 0
ID: A1, Data: 880 7B 80 7C 21 0 0 0
ID: 280, Data: 830 0 84 AB 14 19 64 47
ID: 2A0, Data: 8E0 0 64 18 3D 0 17 0
ID: 43F, Data: 80 40 60 FF 51 CC 9 0
ID: 43F, Data: 80 40 60 FF 51 C8 9 0
ID: 440, Data: 8FE F0 0 A0 FF AA AA AA
ID: 440, Data: 8FE F0 0 A0 FF AA AA AA
ID: 153, Data: 80 0 0 FF 0 FF 0 0
ID: 280, Data: 830 0 84 AB 14 19 64 47
ID: 316, Data: 845 22 15 A 23 23 0 7C
ID: A0, Data: 833 78 2D A 0 23 1 0
ID: 43F, Data: 80 40 60 FF 51 C0 9 0
ID: 153, Data: 80 0 0 FF 0 FF 0 0
ID: 316, Data: 845 22 21 A 25 23 0 7C
ID: 153, Data: 80 0 0 FF 0 FF 0 0
ID: 153, Data: 80 0 0 FF 0 FF 0 0
ID: 316, Data: 845 22 12 A 25 23 0 7C
ID: 153, Data: 80 0 0 FF 0 FF 0 0
ID: 316, Data: 845 23 FE 9 25 23 0 7C
ID: 370, Data: 8FF E0 F0 F0 FF FF FF FF
ID: 316, Data: 845 23 EF 9 25 23 0 7C
ID: 153, Data: 80 0 0 FF 0 FF 0 0
ID: 153, Data: 80 0 0 FF 0 FF 0 0
ID: 316, Data: 845 24 DC 9 25 23 0 7C
ID: 153, Data: 80 0 0 FF 0 FF 0 0
ID: 316, Data: 845 24 C4 9 25 23 0 7C
ID: 153, Data: 80 0 0 FF 0 FF 0 0
ID: 153, Data: 80 0 0 FF 0 FF 0 0
ID: 43F, Data: 80 40 60 FF 52 64 9 0
ID: 43F, Data: 80 40 60 FF 52 58 9 0
ID: 43F, Data: 80 40 60 FF 51 48 9 0
ID: 316, Data: 845 25 A5 9 25 23 0 7C
ID: 329, Data: 840 AB 7F 8 11 2B 0 26
ID: 43F, Data: 80 40 60 FF 52 60 9 0
ID: 153, Data: 80 0 0 FF 0 FF 0 0
ID: 316, Data: 845 25 EC 9 25 23 0 7C
ID: 370, Data: 8FF E0 F0 F0 FF FF FF FF
ID: 316, Data: 845 25 3 A 24 23 0 7C
ID: 316, Data: 845 25 F8 9 24 23 0 7C
ID: 153, Data: 80 0 0 FF 0 FF 0 0
ID: 545, Data: 8DC 21 0 8C 1A 0 1A 0
ID: 316, Data: 845 24 24 A 24 23 0 7C
ID: 153, Data: 80 0 0 FF 0 FF 0 0
ID: 153, Data: 80 0 0 FF 0 FF 0 0
ID: 18F, Data: 8AA 3A 0 0 0 0 0 0
ID: 316, Data: 845 24 1C A 24 23 0 7C
ID: 43F, Data: 80 40 60 FF 52 D4 9 0
ID: 440, Data: 8FE F0 0 A0 FF AA AA AA
ID: A0, Data: 834 78 20 A 0 23 1 0
ID: 153, Data: 80 0 0 FF 0 FF 0 0
ID: 316, Data: 845 23 A A 24 23 0 7C
ID: 370, Data: 8FF E0 F0 F0 FF FF FF FF
ID: 316, Data: 845 23 E A 24 23 0 7C
ID: A1, Data: 880 7B 80 7C 23 0 0 0
ID: 153, Data: 80 0 0 FF 0 FF 0 0
ID: 316, Data: 845 23 1 A 24 23 0 7C
ID: A0, Data: 834 78 1 A 0 23 1 0
ID: 316, Data: 845 23 F4 9 24 23 0 7C
ID: 43F, Data: 80 40 60 FF 52 A4 9 0
ID: 153, Data: 80 0 0 FF 0 FF 0 0
ID: 316, Data: 845 23 F5 9 24 23 0 7C
ID: 43F, Data: 80 40 60 FF 52 A0 9 0
ID: 316, Data: 845 23 FA 9 24 23 0 7C
ID: 2A0, Data: 880 0 64 18 3D 0 17 0
ID: 153, Data: 80 0 0 FF 0 FF 0 0
ID: 316, Data: 845 23 2 A 24 23 0 7C
ID: 153, Data: 80 0 0 FF 0 FF 0 0
ID: 316, Data: 845 23 3 A 24 23 0 7C
ID: 43F, Data: 80 40 60 FF 52 B4 9 0
ID: 43F, Data: 80 40 60 FF 52 BC 9 0
ID: 440, Data: 8FE F0 0 A0 FF AA AA AA
ID: 1F1, Data: 80 0 0 0 0 0 0 0
ID: 316, Data: 845 23 F9 9 23 23 0 7C
ID: 316, Data: 845 23 F9 9 24 23 0 7C
ID: 370, Data: 8FF E0 F0 F0 FF FF FF FF
ID: 316, Data: 845 23 14 A 23 23 0 7C
ID: A0, Data: 834 78 6 A 0 23 2 0
ID: 43F, Data: 80 40 60 FF 52 B8 9 0
ID: 153, Data: 80 0 0 FF 0 FF 0 0
ID: 153, Data: 80 0 0 FF 0 FF 0 0
ID: 153, Data: 80 0 0 FF 0 FF 0 0
ID: 316, Data: 845 23 E2 9 24 23 0 7C
ID: 316, Data: 845 23 DF 9 24 23 0 7C
ID: A0, Data: 834 78 EE 9 0 23 2 0
ID: 316, Data: 845 23 F3 9 24 23 0 7C
ID: 43F, Data: 80 40 60 FF 52 90 9 0
ID: 153, Data: 80 0 0 FF 0 FF 0 0
ID: 316, Data: 845 23 E7 9 24 23 0 7C
ID: 153, Data: 80 0 0 FF 0 FF 0 0
ID: 43F, Data: 80 40 60 FF 52 9C 9 0
ID: 316, Data: 845 23 0 A 24 23 0 7C
ID: 1F1, Data: 80 0 0 0 0 0 0 0
ID: 43F, Data: 80 40 60 FF 52 B0 9 0
ID: 153, Data: 80 0 0 FF 0 FF 0 0
ID: 316, Data: 845 23 F1 9 24 23 0 7C
ID: 316, Data: 845 23 E7 9 24 23 0 7C
ID: 153, Data: 80 0 0 FF 0 FF 0 0
ID: 153, Data: 80 0 0 FF 0 FF 0 0
ID: 18F, Data: 8AA 3B 0 0 0 0 0 0
ID: 329, Data: 8B AA 7F 8 11 2B 0 26
ID: 153, Data: 80 0 0 FF 0 FF 0 0
ID: 316, Data: 845 23 E5 9 24 23 0 7C
ID: 316, Data: 845 23 F3 9 24 23 0 7C
ID: 545, Data: 8DC 20 0 8C FD FF FD FF
ID: 43F, Data: 80 40 60 FF 52 9C 9 0
ID: 316, Data: 845 23 14 A 23 23 0 7C
ID: 545, Data: 8DC 20 0 8D FB FF FB FF
ID: 153, Data: 80 0 0 FF 0 FF 0 0
ID: 153, Data: 80 0 0 FF 0 FF 0 0
ID: 316, Data: 845 22 1C A 23 23 0 7C
ID: 153, Data: 80 0 0 FF 0 FF 0 0
ID: 316, Data: 845 22 31 A 23 23 0 7C
ID: 153, Data: 80 0 0 FF 0 FF 0 0
ID: 316, Data: 845 22 38 A 23 23 0 7C
ID: 43F, Data: 80 40 60 FF 52 DC 9 0
ID: 329, Data: 8B AA 7F 8 11 2B 0 26
ID: 260, Data: 8B 22 24 30 0 FF 71 20
ID: 153, Data: 80 0 0 FF 0 FF 0 0
ID: 316, Data: 845 22 E A 23 23 0 7C
ID: 1F1, Data: 80 0 0 0 0 0 0 0
ID: 153, Data: 80 0 0 FF 0 FF 0 0
ID: 153, Data: 80 0 0 FF 0 FF 0 0
ID: 280, Data: 830 0 84 AA 14 19 64 49
ID: 316, Data: 845 22 E A 23 23 0 7C
ID: 153, Data: 80 0 0 FF 0 FF 0 0
ID: 153, Data: 80 0 0 FF 0 FF 0 0
ID: 153, Data: 80 0 0 FF 0 FF 0 0
ID: 370, Data: 8FF E0 F0 F0 FF FF FF FF
ID: 316, Data: 845 22 14 A 23 23 0 7C
ID: 153, Data: 80 0 0 FF 0 FF 0 0
ID: 316, Data: 845 22 1B A 23 23 0 7C
ID: 370, Data: 8FF E0 F0 F0 FF FF FF FF
ID: 316, Data: 845 22 14 A 23 23 0 7C
ID: 316, Data: 845 22 10 A 23 23 0 7C
ID: 316, Data: 845 22 15 A 23 23 0 7C
ID: 2A0, Data: 8E0 0 64 18 3D 0 17 0
ID: 440, Data: 8FE A0 0 A0 FF AA AA AA
ID: 153, Data: 80 0 0 FF 0 FF 0 0
ID: 2A0, Data: 8E0 0 64 18 3D 0 17 0
ID: 316, Data: 845 22 35 A 23 23 0 7C
ID: 329, Data: 8ED AA 7F 8 11 2B 0 26
ID: 1F1, Data: 80 0 0 0 0 0 0 0
ID: 153, Data: 80 0 0 FF 0 FF 0 0
ID: 370, Data: 8FF E0 F0 F0 FF FF FF FF
ID: 545, Data: 8DC 21 0 8C EB FF EB FF
ID: 153, Data: 80 0 0 FF 0 FF 0 0
ID: 2A0, Data: 880 0 64 18 3D 0 17 0
ID: 316, Data: 845 22 34 A 23 23 0 7C
ID: 545, Data: 8DC 21 0 8B EA FF EA FF
ID: 153, Data: 80 0 0 FF 0 FF 0 0
ID: 153, Data: 80 0 0 FF 0 FF 0 0
ID: 316, Data: 845 22 49 A 23 23 0 7C
ID: 153, Data: 80 0 0 FF 0 FF 0 0
ID: 316, Data: 845 22 51 A 23 23 0 7C
ID: 370, Data: 8FF E0 F0 F0 FF FF FF FF
ID: 316, Data: 845 22 39 A 23 23 0 7C
ID: 316, Data: 845 21 35 A 23 23 0 7C
ID: 316, Data: 845 21 34 A 23 23 0 7C
ID: 18F, Data: 8AA 39 0 0 0 0 0 0
ID: 440, Data: 8FE F0 0 A0 FF AA AA AA
ID: 43F, Data: 80 40 60 FF 52 C8 9 0
ID: 370, Data: 8FF E0 F0 F0 FF FF FF FF
ID: 316, Data: 845 22 36 A 23 23 0 7C
ID: 316, Data: 845 22 36 A 23 23 0 7C
ID: 316, Data: 845 22 1D A 23 23 0 7C
ID: 18F, Data: 8AA 39 0 0 0 0 0 0
ID: 43F, Data: 80 40 60 FF 52 C8 9 0
ID: 153, Data: 80 0 0 FF 0 FF 0 0
ID: 43F, Data: 80 40 60 FF 52 DC 9 0
ID: 153, Data: 80 0 0 FF 0 FF 0 0
ID: 153, Data: 80 0 0 FF 0 FF 0 0
ID: 153, Data: 80 0 0 FF 0 FF 0 0
ID: 280, Data: 830 0 84 AB 14 19 64 49
ID: 316, Data: 845 22 36 A 23 23 0 7C
ID: 43F, Data: 80 40 60 FF 52 DC 9 0
ID: 153, Data: 80 0 0 FF 0 FF 0 0
ID: 316, Data: 845 22 32 A 23 23 0 7C
ID: 43F, Data: 80 40 60 FF 52 CC 9 0
ID: 316, Data: 845 22 32 A 23 23 0 7C
ID: 260, Data: 8B 22 23 30 0 FF 71 21
ID: 153, Data: 80 0 0 FF 0 FF 0 0
ID: 316, Data: 845 22 5B A 22 23 0 7C
ID: 153, Data: 80 0 0 FF 0 FF 0 0
ID: 316, Data: 845 22 2C A 23 23 0 7C
ID: 153, Data: 80 0 0 FF 0 FF 0 0
ID: 329, Data: 8B AB 7F 8 11 2B 0 26
ID: 316, Data: 845 22 42 A 23 23 0 7C
ID: 316, Data: 845 22 4B A 23 23 0 7C
ID: 1F0, Data: 80 40 0 0 0 0 0 0
ID: 153, Data: 80 0 0 FF 0 FF 0 0
ID: 43F, Data: 80 40 60 FF 52 0 A 0
ID: 2A0, Data: 8E0 0 64 18 3D 0 17 0
ID: 260, Data: 8B 22 23 30 0 FF 6E 7
ID: 153, Data: 80 0 0 FF 0 FF 0 0
ID: 43F, Data: 80 40 60 FF 52 D4 9 0
ID: 1F1, Data: 80 0 0 0 0 0 0 0
ID: 153, Data: 80 0 0 FF 0 FF 0 0
ID: 280, Data: 830 0 84 AB 14 19 64 48
ID: 43F, Data: 80 40 60 FF 52 EC 9 0
ID: A1, Data: 884 7D 82 7C 22 0 0 0
ID: 316, Data: 845 22 49 A 23 23 0 7C
ID: 153, Data: 80 0 0 FF 0 FF 0 0
ID: 316, Data: 845 22 51 A 23 23 0 7C
ID: 316, Data: 845 21 55 A 23 23 0 7C
ID: 1F1, Data: 80 0 0 0 0 0 0 0
ID: 1F0, Data: 80 40 0 0 0 0 0 0
ID: 370, Data: 8FF E0 F0 F0 FF FF FF FF
ID: 43F, Data: 80 40 60 FF 52 DC 9 0
ID: 43F, Data: 80 40 60 FF 52 CC 9 0
ID: 370, Data: 8FF E0 F0 F0 FF FF FF FF
ID: 316, Data: 845 21 3D A 23 23 0 7C
ID: 545, Data: 8DC 21 0 8C E5 FF E5 FF
ID: 43F, Data: 80 40 60 FF 52 F0 9 0
ID: 43F, Data: 80 40 60 FF 52 F8 9 0
ID: 280, Data: 830 0 84 AB 14 19 64 48
ID: 18F, Data: 8AA 39 0 0 0 0 0 0
ID: 316, Data: 845 21 45 A 23 23 0 7C
ID: 440, Data: 8FE F0 0 A0 FF AA AA AA
ID: 316, Data: 845 21 4C A 23 23 0 7C
ID: 153, Data: 80 0 0 FF 0 FF 0 0
ID: 316, Data: 845 21 3C A 23 23 0 7C
ID: 153, Data: 80 0 0 FF 0 FF 0 0
ID: 316, Data: 845 21 55 A 22 23 0 7C
ID: 316, Data: 845 21 5C A 22 23 0 7C
ID: 153, Data: 80 0 0 FF 0 FF 0 0
ID: 18F, Data: 8AA 39 0 0 0 0 0 0
ID: 316, Data: 845 21 40 A 23 23 0 7C
ID: 316, Data: 845 21 45 A 23 23 0 7C
ID: 545, Data: 8DC 21 0 8C E1 FF E1 FF
ID: 153, Data: 80 0 0 FF 0 FF 0 0
ID: 316, Data: 845 21 62 A 22 23 0 7C
ID: 153, Data: 80 0 0 FF 0 FF 0 0
ID: 316, Data: 845 21 6C A 22 23 0 7C
ID: 316, Data: 845 21 62 A 22 23 0 7C
ID: 2A0, Data: 880 0 64 18 3D 0 17 0
ID: 43F, Data: 80 40 60 FF 52 10 A 0
ID: 153, Data: 80 0 0 FF 0 FF 0 0
ID: 316, Data: 845 21 49 A 23 23 0 7C
ID: 316, Data: 845 21 48 A 23 23 0 7C
ID: 153, Data: 80 0 0 FF 0 FF 0 0
ID: 153, Data: 80 0 0 FF 0 FF 0 0
ID: 280, Data: 830 0 84 AB 14 19 64 48
ID: 316, Data: 845 21 42 A 23 23 0 7C
ID: 153, Data: 80 0 0 FF 0 FF 0 0
ID: 153, Data: 80 0 0 FF 0 FF 0 0
ID: 316, Data: 845 21 1D A 23 23 0 7C
ID: 18F, Data: 8AA 39 0 0 0 0 0 0
ID: 316, Data: 845 22 29 A 23 23 0 7C
ID: 440, Data: 8FE F0 0 A0 FF AA AA AA
ID: 153, Data: 80 0 0 FF 0 FF 0 0
ID: 2A0, Data: 840 0 64 18 3D 0 17 0
ID: 1F1, Data: 80 0 0 0 0 0 0 0
ID: 545, Data: 8DC 21 0 8C E5 FF E5 FF
ID: 153, Data: 80 0 0 FF 0 FF 0 0
ID: 153, Data: 80 0 0 FF 0 FF 0 0
ID: 316, Data: 845 21 49 A 23 23 0 7C
ID: 153, Data: 80 0 0 FF 0 FF 0 0
ID: 316, Data: 845 21 48 A 23 23 0 7C
ID: 153, Data: 80 0 0 FF 0 FF 0 0
ID: 2A0, Data: 8E0 0 64 18 3D 0 17 0
ID: 316, Data: 845 21 57 A 22 23 0 7C
ID: 545, Data: 8DC 21 0 8C E2 FF E2 FF
ID: 43F, Data: 80 40 60 FF 52 8 A 0
ID: 43F, Data: 80 40 60 FF 52 0 A 0
ID: 316, Data: 845 21 4F A 22 23 0 7C
ID: 316, Data: 845 21 3D A 23 23 0 7C
ID: 5F0, Data: 20 0
ID: 316, Data: 845 21 2C A 23 23 0 7C
ID: 153, Data: 80 0 0 FF 0 FF 0 0
ID: 316, Data: 845 22 18 A 23 23 0 7C
ID: 153, Data: 80 0 0 FF 0 FF 0 0
ID: 329, Data: 8B AB 7F 8 12 2B 0 26
ID: 316, Data: 845 22 E A 23 23 0 7C
ID: 316, Data: 845 23 15 A 23 23 0 7C
ID: 2A0, Data: 840 0 64 18 3D 0 17 0
ID: 153, Data: 80 0 0 FF 0 FF 0 0
ID: 316, Data: 845 23 19 A 23 23 0 7C
ID: 153, Data: 80 0 0 FF 0 FF 0 0
ID: 316, Data: 845 23 2A A 22 23 0 7C
ID: 316, Data: 845 23 7 A 23 23 0 7C
ID: 316, Data: 845 23 3 A 23 23 0 7C
ID: 260, Data: 8B 23 23 30 0 FF 73 2E
ID: 153, Data: 80 0 0 FF 0 FF 0 0
ID: 316, Data: 845 23 28 A 23 23 0 7C
ID: 153, Data: 80 0 0 FF 0 FF 0 0
ID: 153, Data: 80 0 0 FF 0 FF 0 0
ID: 316, Data: 845 22 58 A 22 23 0 7C
ID: 440, Data: 8FE 50 0 A0 FF AA AA AA
ID: 316, Data: 845 22 4B A 22 23 0 7C
ID: 260, Data: 8B 22 23 30 0 FF 6E 34
ID: 153, Data: 80 0 0 FF 0 FF 0 0
ID: 316, Data: 845 22 4D A 22 23 0 7C
ID: 153, Data: 80 0 0 FF 0 FF 0 0
ID: 316, Data: 845 21 2D A 22 23 0 7C
ID: 316, Data: 845 21 32 A 23 23 0 7C
ID: 316, Data: 845 21 40 A 22 23 0 7C
ID: 1F0, Data: 80 40 0 0 0 0 0 0
ID: 153, Data: 80 0 0 FF 0 FF 0 0
ID: 43F, Data: 80 40 60 FF 52 E4 9 0
ID: 260, Data: 8B 22 23 30 0 FF 70 22
ID: 153, Data: 80 0 0 FF 0 FF 0 0
ID: 316, Data: 845 21 36 A 23 23 0 7C
ID: 153, Data: 80 0 0 FF 0 FF 0 0
ID: 316, Data: 845 21 32 A 23 23 0 7C
ID: 153, Data: 80 0 0 FF 0 FF 0 0
ID: 316, Data: 845 21 34 A 22 23 0 7C
ID: 440, Data: 8FE 50 0 A0 FF AA AA AA
ID: 329, Data: 840 AB 7F 8 12 2B 0 26
ID: 316, Data: 845 22 29 A 23 23 0 7C
ID: 316, Data: 845 22 30 A 22 23 0 7C
ID: 545, Data: 8DC 21 0 8B EB FF EB FF
ID: 43F, Data: 80 40 60 FF 52 D8 9 0
ID: 316, Data: 845 22 1B A 23 23 0 7C
ID: 545, Data: 8DC 20 0 8B EC FF EC FF
ID: 153, Data: 80 0 0 FF 0 FF 0 0
ID: 153, Data: 80 0 0 FF 0 FF 0 0
ID: 316, Data: 845 22 18 A 23 23 0 7C
ID: 153, Data: 80 0 0 FF 0 FF 0 0
ID: 316, Data: 845 22 2A A 23 23 0 7C
ID: 153, Data: 80 0 0 FF 0 FF 0 0
ID: 153, Data: 80 0 0 FF 0 FF 0 0
ID: 43F, Data: 80 40 60 FF 52 CC 9 0
ID: 43F, Data: 80 40 60 FF 52 D0 9 0
ID: 43F, Data: 80 40 60 FF 52 CC 9 0
ID: 316, Data: 845 22 C A 23 23 0 7C
ID: 153, Data: 80 0 0 FF 0 FF 0 0
ID: 43F, Data: 80 40 60 FF 52 AC 9 0
ID: 329, Data: 884 AB 7F 8 12 2A 0 26
ID: A1, Data: 884 7F 84 7E 23 0 0 0
ID: 43F, Data: 80 40 60 FF 52 B0 9 0
ID: 5F0, Data: 20 0
ID: 43F, Data: 80 40 60 FF 52 C4 9 0
ID: 316, Data: 845 22 20 A 23 23 0 7C
ID: 316, Data: 845 22 20 A 23 23 0 7C
ID: 153, Data: 80 0 0 FF 0 FF 0 0
ID: 316, Data: 845 22 E A 23 23 0 7C
ID: 153, Data: 80 0 0 FF 0 FF 0 0
ID: 316, Data: 845 22 17 A 23 23 0 7C
ID: 153, Data: 80 0 0 FF 0 FF 0 0
ID: 153, Data: 80 0 0 FF 0 FF 0 0
ID: 1F1, Data: 80 0 0 0 0 0 0 0
ID: 43F, Data: 80 40 60 FF 52 A4 9 0
ID: 316, Data: 845 22 0 A 23 23 0 7C
ID: 316, Data: 845 22 2 A 23 23 0 7C
ID: 153, Data: 80 0 0 FF 0 FF 0 0
ID: 153, Data: 80 0 0 FF 0 FF 0 0
ID: 545, Data: 8DC 20 0 8C EE FF EE FF
ID: 43F, Data: 80 40 60 FF 52 B4 9 0
ID: 153, Data: 80 0 0 FF 0 FF 0 0
ID: 316, Data: 845 22 1C A 23 23 0 7C
ID: 440, Data: 8FE F0 0 A0 FF AA AA AA
ID: 153, Data: 80 0 0 FF 0 FF 0 0
ID: A0, Data: 834 79 1C A 0 23 2 0
ID: 316, Data: 845 22 E A 23 23 0 7C
ID: 440, Data: 8FE F0 0 A0 FF AA AA AA
ID: 440, Data: 8FE F0 0 A0 FF AA AA AA
ID: 153, Data: 80 0 0 FF 0 FF 0 0
ID: 329, Data: 8B AB 7F 8 12 2A 0 26
ID: 153, Data: 80 0 0 FF 0 FF 0 0
ID: 329, Data: 840 AB 7F 8 12 2A 0 26
ID: 316, Data: 845 22 F7 9 23 23 0 7C
ID: 545, Data: 8DC 1F 0 8B EB FF EB FF
ID: 316, Data: 845 22 3 A 23 23 0 7C
ID: 316, Data: 845 22 7 A 23 23 0 7C
ID: 2A0, Data: 820 0 64 18 3D 0 17 0
ID: 43F, Data: 80 40 60 FF 52 B4 9 0
ID: 43F, Data: 80 40 60 FF 52 C4 9 0
ID: 43F, Data: 80 40 60 FF 52 D0 9 0
ID: 370, Data: 8FF E0 F0 F0 FF FF FF FF
ID: 329, Data: 884 AB 7F 8 12 2A 0 26
ID: 316, Data: 845 22 F4 9 23 23 0 7C
ID: 316, Data: 845 22 2 A 23 23 0 7C
ID: 153, Data: 80 0 0 FF 0 FF 0 0
ID: 153, Data: 80 0 0 FF 0 FF 0 0
ID: 18F, Data: 8AA 3B 0 0 0 0 0 0
ID: 545, Data: 8DC 20 0 8C EC FF EC FF
ID: 316, Data: 845 22 29 A 23 23 0 7C
ID: A1, Data: 882 7F 80 7E 23 0 0 0
ID: 153, Data: 80 0 0 FF 0 FF 0 0
ID: 316, Data: 845 22 31 A 23 23 0 7C
ID: 153, Data: 80 0 0 FF 0 FF 0 0
ID: 153, Data: 80 0 0 FF 0 FF 0 0
ID: 440, Data: 8FE 0 0 A0 FF AA AA AA
ID: 5F0, Data: 20 0
ID: 43F, Data: 80 40 60 FF 52 D4 9 0
ID: 153, Data: 80 0 0 FF 0 FF 0 0
ID: 316, Data: 845 21 25 A 23 23 0 7C
ID: 153, Data: 80 0 0 FF 0 FF 0 0
ID: 316, Data: 845 21 14 A 23 23 0 7C
ID: 43F, Data: 80 40 60 FF 52 C0 9 0
ID: 280, Data: 830 0 84 AB 14 19 64 49
ID: 18F, Data: 8AA 3B 0 0 0 0 0 0
ID: 153, Data: 80 0 0 FF 0 FF 0 0
ID: 316, Data: 845 21 29 A 23 23 0 7C
ID: 43F, Data: 80 40 60 FF 52 CC 9 0
ID: 153, Data: 80 0 0 FF 0 FF 0 0
ID: 316, Data: 845 21 A A 23 23 0 7C
ID: 43F, Data: 80 40 60 FF 52 BC 9 0
ID: 43F, Data: 80 40 60 FF 52 B8 9 0
ID: 316, Data: 845 21 23 A 23 23 0 7C
ID: 545, Data: 8DC 20 0 8B E7 FF E7 FF
ID: 316, Data: 845 21 14 A 23 23 0 7C
ID: 316, Data: 845 21 10 A 23 23 0 7C
ID: 43F, Data: 80 40 60 FF 52 BC 9 0
ID: 43F, Data: 80 40 60 FF 52 B8 9 0
ID: 153, Data: 80 0 0 FF 0 FF 0 0
ID: 329, Data: 8ED AB 7F 8 12 2A 0 26
ID: 1F0, Data: 80 40 0 0 0 0 0 0
ID: 260, Data: 8B 22 23 30 0 FF 74 1F
ID: 316, Data: 845 22 2C A 23 23 0 7C
ID: 2A0, Data: 8E0 0 64 18 3D 0 17 0
ID: 43F, Data: 80 40 60 FF 52 C8 9 0
ID: 5F0, Data: 20 0
ID: 43F, Data: 80 40 60 FF 52 BC 9 0
ID: 153, Data: 80 0 0 FF 0 FF 0 0
ID: 316, Data: 845 22 C A 23 23 0 7C
ID: 43F, Data: 80 40 60 FF 52 B0 9 0
ID: 316, Data: 845 22 2E A 23 23 0 7C
ID: 440, Data: 8FE 50 0 A0 FF AA AA AA
ID: 153, Data: 80 0 0 FF 0 FF 0 0
ID: 316, Data: 845 22 21 A 23 23 0 7C
ID: 1F0, Data: 80 40 0 0 0 0 0 0
ID: 280, Data: 830 0 84 AC 14 19 64 49
ID: 316, Data: 845 21 13 A 23 23 0 7C
ID: 18F, Data: 8AA 3B 0 0 0 0 0 0
ID: 316, Data: 845 22 10 A 23 23 0 7C
ID: A1, Data: 884 80 82 7E 23 0 0 0
ID: 316, Data: 845 22 19 A 23 23 0 7C
ID: 316, Data: 845 22 15 A 23 23 0 7C
ID: 316, Data: 845 22 20 A 23 23 0 7C
ID: 43F, Data: 80 40 60 FF 52 C8 9 0
ID: 153, Data: 80 0 0 FF 0 FF 0 0
ID: 43F, Data: 80 40 60 FF 52 D4 9 0
ID: 316, Data: 845 21 28 A 23 23 0 7C
ID: 153, Data: 80 0 0 FF 0 FF 0 0
ID: 260, Data: 8B 22 23 30 0 FF 71 21
ID: 316, Data: 845 21 32 A 23 23 0 7C
ID: A1, Data: 884 80 82 7E 23 0 0 0
ID: 43F, Data: 80 40 60 FF 52 E0 9 0
ID: 43F, Data: 80 40 60 FF 52 E0 9 0
ID: 43F, Data: 80 40 60 FF 52 E0 9 0
ID: 329, Data: 8ED AC 7F 8 12 2A 0 26
ID: 18F, Data: 8AA 3B 0 0 0 0 0 0
ID: 316, Data: 845 21 36 A 23 23 0 7C
ID: 43F, Data: 80 40 60 FF 52 D8 9 0
ID: 316, Data: 845 21 31 A 23 23 0 7C
ID: 316, Data: 845 21 2D A 23 23 0 7C
ID: 545, Data: 8DC 20 0 8B E4 FF E4 FF
ID: 1F1, Data: 80 0 0 0 0 0 0 0
ID: 316, Data: 845 21 38 A 23 23 0 7C
ID: 316, Data: 845 21 35 A 22 23 0 7C
ID: 316, Data: 845 21 20 A 23 23 0 7C
ID: 2A0, Data: 840 0 64 18 3D 0 17 0
ID: 43F, Data: 80 40 60 FF 52 C0 9 0
ID: 153, Data: 80 0 0 FF 0 FF 0 0
ID: 316, Data: 845 21 1D A 23 23 0 7C
ID: 153, Data: 80 0 0 FF 0 FF 0 0
ID: 316, Data: 845 21 7 A 23 23 0 7C
ID: 316, Data: 845 21 12 A 23 23 0 7C
ID: 1F1, Data: 80 0 0 0 0 0 0 0
ID: A0, Data: 835 79 5 A 0 23 2 0
ID: 316, Data: 845 22 E A 23 23 0 7C
ID: 43F, Data: 80 40 60 FF 52 B0 9 0
ID: 316, Data: 845 22 2C A 23 23 0 7C
ID: 316, Data: 845 22 2C A 23 23 0 7C
ID: 153, Data: 80 0 0 FF 0 FF 0 0
ID: 153, Data: 80 0 0 FF 0 FF 0 0
ID: 440, Data: 8FE A0 0 A0 FF AA AA AA
ID: A1, Data: 882 80 84 7F 23 0 0 0
ID: 153, Data: 80 0 0 FF 0 FF 0 0
ID: 316, Data: 845 22 25 A 23 23 0 7C
ID: 5F0, Data: 20 0
ID: 370, Data: 8FF E0 F0 F0 FF FF FF FF
ID: 153, Data: 80 0 0 FF 0 FF 0 0
ID: 43F, Data: 80 40 60 FF 52 B8 9 0
ID: 18F, Data: 8AA 3C 0 0 0 0 0 0
ID: 316, Data: 845 22 E A 23 23 0 7C
ID: 260, Data: 8B 22 23 30 0 FF 74 3D
ID: A0, Data: 835 79 1 A 0 23 2 0
ID: 316, Data: 845 22 34 A 22 23 0 7C
ID: 153, Data: 80 0 0 FF 0 FF 0 0
ID: 316, Data: 845 22 21 A 23 23 0 7C
ID: 153, Data: 80 0 0 FF 0 FF 0 0
ID: 153, Data: 80 0 0 FF 0 FF 0 0
ID: 370, Data: 8FF E0 F0 F0 FF FF FF FF
ID: 43F, Data: 80 40 60 FF 52 BC 9 0
ID: 280, Data: 830 0 84 AC 14 19 64 4A
ID: 18F, Data: 8AA 3D 0 0 0 0 0 0
ID: 153, Data: 80 0 0 FF 0 FF 0 0
ID: 316, Data: 845 22 2E A 23 23 0 7C
ID: 43F, Data: 80 40 60 FF 52 D8 9 0
ID: 316, Data: 845 22 35 A 22 23 0 7C
ID: 316, Data: 845 21 2C A 23 23 0 7C
ID: 2A0, Data: 820 0 64 18 3D 0 17 0
ID: 316, Data: 845 22 FC 9 23 23 0 7C
ID: 153, Data: 80 0 0 FF 0 FF 0 0
ID: 329, Data: 8B AC 7F 8 12 2A 0 26
ID: 316, Data: 845 22 20 A 23 23 0 7C
ID: 316, Data: 845 22 25 A 23 23 0 7C
ID: 153, Data: 80 0 0 FF 0 FF 0 0
ID: 5F0, Data: 20 0
ID: 316, Data: 845 22 1B A 23 23 0 7C
ID: 43F, Data: 80 40 60 FF 52 D0 9 0
ID: 43F, Data: 80 40 60 FF 52 D0 9 0
ID: 316, Data: 845 22 13 A 23 23 0 7C
ID: 153, Data: 80 0 0 FF 0 FF 0 0
ID: 153, Data: 80 0 0 FF 0 FF 0 0
ID: A0, Data: 834 79 A A 0 23 2 0
ID: 316, Data: 845 22 F3 9 23 23 0 7C
ID: 153, Data: 80 0 0 FF 0 FF 0 0
ID: 2A0, Data: 840 0 64 18 3D 0 17 0
ID: 316, Data: 845 22 1B A 23 23 0 7C
ID: 1F1, Data: 80 0 0 0 0 0 0 0
ID: 1F0, Data: 80 40 0 0 0 0 0 0
ID: 316, Data: 845 22 20 A 23 23 0 7C
ID: 43F, Data: 80 40 60 FF 53 D0 9 0
ID: 43F, Data: 80 40 60 FF 52 D4 9 0
ID: 153, Data: 80 0 0 FF 0 FF 0 0
ID: 43F, Data: 80 40 60 FF 52 D8 9 0
ID: 280, Data: 830 0 84 AC 14 19 64 4A
ID: 153, Data: 80 0 0 FF 0 FF 0 0
ID: 1F0, Data: 80 40 0 0 0 0 0 0
ID: 5F0, Data: 20 0
ID: A0, Data: 82D 79 54 A 0 22 2 0
ID: 260, Data: 8B 20 1C 30 0 FF 70 2C
ID: 280, Data: 830 0 84 AC 14 17 64 47
ID: 43F, Data: 80 40 60 FF 52 F8 9 0
ID: 316, Data: 85 1E 1B A 1D 1A 0 7C
ID: 329, Data: 8ED AC 7F 8 12 29 0 26
ID: 260, Data: 8B 1E 1D 30 0 FF 73 D
ID: 153, Data: 80 0 0 FF 0 FF 0 0
ID: 316, Data: 85 1D BC A 1B 1B 0 7C
ID: 1F1, Data: 80 0 0 0 0 0 0 0
ID: 153, Data: 80 0 0 FF 0 FF 0 0
ID: 153, Data: 80 0 0 FF 0 FF 0 0
ID: 280, Data: 830 0 84 AC 15 16 64 43
ID: 316, Data: 85 1C 65 A 1C 1B 0 7C
ID: 153, Data: 80 0 0 FF 0 FF 0 0
ID: 153, Data: 80 0 0 FF 0 FF 0 0
ID: A1, Data: 882 7B 82 7C 1F 0 0 0
ID: 370, Data: 8FF E0 F0 FF FF FF FF FF
ID: 260, Data: 8B 1C 1C 30 0 FF 71 2
ID: 316, Data: 85 1B B A 1D 1B 0 7C
ID: 316, Data: 85 1B E A 1D 1B 0 7C
ID: 316, Data: 85 1C E1 9 31 1A 0 7C
ID: 329, Data: 8ED AC 7F 8 12 2D 0 26
ID: A0, Data: 836 79 BB 9 0 25 2 0
ID: 153, Data: 80 0 0 FF 0 FF 0 0
ID: 316, Data: 85 22 5F 9 31 19 0 7C
ID: 370, Data: 8FF E0 F0 FF FF FF FF FF
ID: 153, Data: 80 0 0 FF 0 FF 0 0
ID: 280, Data: 830 0 84 AC 11 1D 64 51
ID: 316, Data: 85 29 CB 8 2D 19 0 7C
ID: 43F, Data: 8F 47 60 FF 52 80 2 0
ID: 316, Data: 85 2B D7 8 2D 18 0 7C
ID: 153, Data: 80 0 0 FF 0 FF 0 0
ID: 316, Data: 85 2C 18 9 2B 18 0 7C
ID: 153, Data: 80 0 0 FF 0 FF 0 0
ID: 316, Data: 85 2B 94 9 29 18 0 7C
ID: 316, Data: 85 2B D3 9 28 19 0 7C
ID: 153, Data: 80 0 0 FF 0 FF 0 0
ID: 280, Data: 830 0 84 AC 14 1E 64 55
ID: 316, Data: 85 2A 96 A 26 19 0 7C
ID: 316, Data: 85 29 D5 A 26 1A 0 7C
ID: 153, Data: 80 0 0 FF 0 FF 0 0
ID: 153, Data: 80 0 0 FF 0 FF 0 0
ID: 316, Data: 85 27 AD A 26 1A 0 7C
ID: 43F, Data: 8F 47 60 FF 53 0 0 0
ID: 440, Data: 880 3E 0 A0 FF AA AA AA
ID: 43F, Data: 8F 47 60 FF 53 0 0 0
ID: 316, Data: 85 27 63 A 27 19 0 7C
ID: 329, Data: 8ED AC 7F 8 12 2B 0 26
ID: A1, Data: 883 7B 83 7C 26 0 0 0
ID: 316, Data: 85 27 5C A 27 1A 0 7C
ID: 153, Data: 80 0 0 FF 0 FF 0 0
ID: 153, Data: 80 0 0 FF 0 FF 0 0
ID: 316, Data: 85 27 66 A 27 1A 0 7C
ID: 43F, Data: 87 47 60 FF 53 0 0 0
ID: 43F, Data: 87 47 60 FF 52 0 0 0
ID: 153, Data: 80 0 0 FF 0 FF 0 0
ID: 43F, Data: 87 47 60 FF 52 0 0 0
ID: 153, Data: 80 0 0 FF 0 FF 0 0
ID: 153, Data: 80 0 0 FF 0 FF 0 0
ID: 153, Data: 80 0 0 FF 0 FF 0 0
ID: 440, Data: 865 EE 0 A0 FF AA AA AA
ID: 316, Data: 85 26 7A A 27 1A 0 7C
ID: 153, Data: 80 0 0 FF 0 FF 0 0
ID: 316, Data: 85 26 6C A 27 1A 0 7C
ID: 153, Data: 80 0 0 FF 0 FF 0 0
ID: 43F, Data: 87 47 60 FF 52 0 0 0
ID: 153, Data: 80 0 0 FF 0 FF 0 0
ID: 153, Data: 80 0 0 FF 0 FF 0 0
ID: A0, Data: 838 7A 7B A 0 24 2 0
ID: 316, Data: 85 26 5F A 27 1A 0 7C
ID: 43F, Data: 87 47 60 FF 53 64 0 0
ID: 2A0, Data: 840 0 64 1C 3D 0 17 0
ID: 43F, Data: 87 47 60 FF 52 9C 0 0
ID: 316, Data: 85 26 69 A 26 1A 0 7C
ID: 316, Data: 85 26 65 A 26 1A 0 7C
ID: 316, Data: 85 26 66 A 26 1A 0 7C
ID: 545, Data: 8DC 25 0 8B DA 0 DA 0
ID: 153, Data: 80 0 0 FF 0 FF 0 0
ID: 316, Data: 85 26 4B A 27 19 0 7C
ID: 18F, Data: 8AA 36 0 0 0 0 0 0
ID: 316, Data: 85 26 58 A 26 1A 0 7C
ID: A1, Data: 887 7B 87 7C 26 0 0 0
ID: 43F, Data: 87 47 60 FF 53 44 1 0
ID: 43F, Data: 87 47 60 FF 53 54 1 0
ID: 370, Data: 8FF E0 F0 FF FF FF FF FF
ID: 316, Data: 85 26 1D A 34 19 0 7C
ID: 153, Data: 80 0 0 FF 0 FF 0 0
ID: 153, Data: 80 0 0 FF 0 FF 0 0
ID: 316, Data: 85 29 C5 9 36 19 0 7C
ID: A1, Data: 889 7B 87 7C 27 0 0 0
ID: 440, Data: 86D 9E 0 A0 FF AA AA AA
ID: 43F, Data: 87 47 60 FF 53 FC 1 0
ID: 316, Data: 835 2D FC 9 35 19 0 7C
ID: 260, Data: 8B 2D 35 30 0 FF 8B 37
ID: 5F0, Data: 20 0
ID: 316, Data: 835 2E 90 A 34 19 0 7C
ID: 43F, Data: 87 47 60 FF 53 78 2 0
ID: 329, Data: 884 AC 7F 8 12 2E 0 26
ID: 260, Data: 8B 2E 32 30 0 FF 87 3D
ID: 316, Data: 835 2E 80 B 31 19 0 7C
ID: 316, Data: 85 2E A0 B 31 19 0 7C
ID: A0, Data: 840 7A A0 B 1 27 2 0
ID: 43F, Data: 87 47 60 FF 52 2C 3 0
ID: 153, Data: 80 0 0 FF 0 FF 0 0
ID: 153, Data: 80 0 0 FF 0 FF 0 0
ID: 1F0, Data: 819 40 0 0 0 0 0 0
ID: 43F, Data: 87 47 60 FF 53 60 3 0
ID: 5F0, Data: 20 0
ID: 545, Data: 8DC 31 0 8D 67 1 67 1
ID: 329, Data: 8ED AC 7F 8 12 2F 0 26
ID: 260, Data: 8B 2E 30 30 0 FF 71 27
ID: 153, Data: 80 0 0 FF 0 FF 0 0
ID: 316, Data: 85 2E 15 C 2E 19 2 7C
ID: 153, Data: 80 0 0 FF 0 FF 0 0
ID: 316, Data: 85 2D 11 C 2F 19 2 7C
ID: 153, Data: 80 0 0 FF 0 FF 0 0
ID: 316, Data: 85 2D 17 C 23 19 2 7C
ID: 43F, Data: 87 47 60 FF 53 10 4 0
ID: 153, Data: 80 0 0 FF 0 FF 0 0
ID: 329, Data: 8B AC 7F 8 12 2C 0 26
ID: 5F0, Data: 20 0
ID: 316, Data: 85 28 1 C 25 1A 2 7C
ID: 316, Data: 85 28 13 C 25 1A 2 7C
ID: 316, Data: 85 27 33 C 24 1A 2 7C
ID: 18F, Data: 8AA 34 0 0 0 0 0 0
ID: 370, Data: 8FF E0 F0 FF FF FF FF FF
ID: 18F, Data: 8AA 34 0 0 0 0 0 0
ID: 153, Data: 80 0 0 FF 0 FF 0 0
ID: 43F, Data: 87 47 60 FF 53 80 4 0
ID: 153, Data: 80 0 0 FF 0 FF 0 0
ID: 43F, Data: 87 47 60 FF 53 78 4 0
ID: 153, Data: 80 0 0 FF 0 FF 0 0
ID: 153, Data: 80 0 0 FF 0 FF 0 0
ID: 153, Data: 80 0 0 FF 0 FF 0 0
ID: 370, Data: 8FF E0 F0 FF FF FF FF FF
ID: 316, Data: 85 25 4F B 27 1A 2 7C
ID: 153, Data: 80 0 0 FF 0 FF 0 0
ID: 153, Data: 80 0 0 FF 0 FF 0 0
ID: 43F, Data: 87 47 60 FF 53 8C 4 0
ID: A1, Data: 88F 7B 8D 7C 26 0 0 0
ID: 43F, Data: 87 47 60 FF 53 90 4 0
ID: 153, Data: 80 0 0 FF 0 FF 0 0
ID: 5F0, Data: 20 0
ID: 153, Data: 80 0 0 FF 0 FF 0 0
ID: 43F, Data: 87 47 60 FF 52 8C 4 0
ID: A1, Data: 88F 7B 8D 7C 26 0 0 0
ID: 43F, Data: 87 47 60 FF 53 8C 4 0
ID: 316, Data: 85 26 11 B 27 1A 2 7C
ID: 153, Data: 80 0 0 FF 0 FF 0 0
ID: 316, Data: 85 26 17 B 27 1A 2 7C
ID: 153, Data: 80 0 0 FF 0 FF 0 0
ID: 316, Data: 85 26 3 B 27 1A 2 7C
ID: 316, Data: 85 26 E B 27 1A 2 7C
ID: 153, Data: 80 0 0 FF 0 FF 0 0
ID: 316, Data: 85 26 1E B 27 1A 2 7C
ID: 43F, Data: 87 47 60 FF 53 A4 4 0
ID: 43F, Data: 87 47 60 FF 53 A8 4 0
ID: 43F, Data: 87 47 60 FF 52 C0 4 0
ID: 329, Data: 840 AD 7F 8 12 2C 0 26
ID: 440, Data: 87D 4E 2 A0 FF AA AA AA
ID: 153, Data: 80 0 0 FF 0 FF 0 0
ID: 2A0, Data: 880 0 64 1C 3D 0 17 0
ID: 316, Data: 85 25 2D B 25 1A 3 7C
ID: 545, Data: 8DC 29 0 8D CC 0 CC 0
ID: 153, Data: 80 0 0 FF 0 FF 0 0
ID: 153, Data: 80 0 0 FF 0 FF 0 0
ID: 260, Data: 8B 25 25 30 0 FF 6B 14
ID: 280, Data: 830 0 84 AD 16 1B 64 4F
ID: 43F, Data: 87 47 60 FF 53 44 5 0
ID: 316, Data: 85 25 FE A 25 1A 3 7C
ID: 329, Data: 8ED AD 7F 8 12 2C 0 26
ID: 153, Data: 80 0 0 FF 0 FF 0 0
ID: 153, Data: 80 0 0 FF 0 FF 0 0
ID: 153, Data: 80 0 0 FF 0 FF 0 0
ID: 280, Data: 830 0 84 AD 15 1B 64 4F
ID: 153, Data: 80 0 0 FF 0 FF 0 0
ID: 440, Data: 880 4E 3 A0 FF AA AA AA
ID: 18F, Data: 8AA 32 0 0 0 0 0 0
ID: 316, Data: 85 28 F3 A 32 1A 3 7C
ID: 153, Data: 80 0 0 FF 0 FF 0 0
ID: 43F, Data: 87 47 60 FF 53 40 5 0
ID: 43F, Data: 87 47 60 FF 52 4C 5 0
ID: 153, Data: 80 0 0 FF 0 FF 0 0
ID: 316, Data: 85 2B 91 B 31 1A 3 7C
ID: 153, Data: 80 0 0 FF 0 FF 0 0
ID: 153, Data: 80 0 0 FF 0 FF 0 0
ID: 316, Data: 85 2D 8 C 2F 19 3 7C
ID: 153, Data: 80 0 0 FF 0 FF 0 0
ID: 370, Data: 8FF E0 F0 FF FF FF FF FF
ID: A1, Data: 88F 7B 8B 7C 29 0 0 0
ID: 316, Data: 85 2E D2 B 2F 19 3 7C
ID: 316, Data: 85 2E C1 B 2F 19 3 7C
ID: 280, Data: 830 0 84 AD 17 20 64 59
ID: 18F, Data: 8AA 32 0 0 0 0 0 0
ID: 316, Data: 85 2D C C 2E 19 3 7C
ID: 316, Data: 85 2D 3 C 2E 19 3 7C
ID: 1F0, Data: 8E0 3F 0 0 0 0 0 0
ID: 153, Data: 80 0 0 FF 0 FF 0 0
ID: 43F, Data: 87 47 60 FF 52 88 5 0
ID: A0, Data: 840 7A FF B 3 27 2 0
ID: 43F, Data: 87 47 60 FF 52 90 5 0
ID: 153, Data: 80 0 0 FF 0 FF 0 0
ID: 5A0, Data: 80 0 0 90 0 0 0 0
ID: 153, Data: 80 0 0 FF 0 FF 0 0
ID: 316, Data: 85 2C 1 C 2E 1A 3 7C
ID: 316, Data: 85 2C FD B 2E 1A 3 7C
ID: 153, Data: 80 0 0 FF 0 FF 0 0
ID: 329, Data: 8B AD 7F 8 12 2E 0 26
ID: 316, Data: 85 2C D7 B 2F 1A 3 7C
ID: 316, Data: 85 2C DA B 2F 1A 3 7C
ID: A0, Data: 840 7A DA B 3 26 2 0
ID: 153, Data: 80 0 0 FF 0 FF 0 0
ID: 5F0, Data: 20 0
ID: 545, Data: 8DC 31 0 8C 3B 1 3B 1
ID: 329, Data: 8ED AD 7F 8 12 2E 0 26
ID: A1, Data: 891 7B 8E 7C 29 0 0 0
ID: 43F, Data: 87 47 60 FF 52 AC 5 0
ID: 316, Data: 85 2B B7 B 2F 1A 3 7C
ID: 153, Data: 80 0 0 FF 0 FF 0 0
ID: 316, Data: 85 2B CE B 2F 1A 3 7C
ID: 153, Data: 80 0 0 FF 0 FF 0 0
ID: 316, Data: 85 2B D5 B 2F 1A 3 7C
ID: 316, Data: 85 2B CE B 2F 1A 3 7C
ID: 316, Data: 85 2B D7 B 2F 1A 3 7C
ID: 260, Data: 8B 2C 2F 30 0 FF 6E 1
ID: 5F0, Data: 20 0
ID: 316, Data: 85 2C BC B 2F 19 3 7C
ID: 43F, Data: 87 47 60 FF 53 84 5 0
ID: 43F, Data: 87 47 60 FF 52 90 5 0
ID: 43F, Data: 87 47 60 FF 52 8C 5 0
ID: 280, Data: 830 0 84 AD 17 1F 64 57
ID: A1, Data: 891 7B 8F 7C 29 0 0 0
ID: 153, Data: 80 0 0 FF 0 FF 0 0
ID: 316, Data: 85 2C 91 B 30 19 2 7C
ID: 43F, Data: 87 47 60 FF 52 60 5 0
ID: 440, Data: 87E EE 3 A0 FF AA AA AA
ID: 316, Data: 85 2C 83 B 30 19 2 7C
ID: 153, Data: 80 0 0 FF 0 FF 0 0
ID: 316, Data: 85 2C 72 B 30 19 2 7C
ID: 153, Data: 80 0 0 FF 0 FF 0 0
ID: 316, Data: 85 2D 8C B 30 19 2 7C
ID: 43F, Data: 87 47 60 FF 52 4C 5 0
ID: 370, Data: 8FF E0 F0 FF FF FF FF FF
ID: 316, Data: 85 2D F2 B 2E 19 2 7C
ID: 153, Data: 80 0 0 FF 0 FF 0 0
ID: 316, Data: 85 2C CA B 2E 19 2 7C
ID: A1, Data: 891 7B 8F 7C 29 0 0 0
ID: 153, Data: 80 0 0 FF 0 FF 0 0
ID: 316, Data: 85 2C 8F B 2F 19 2 7C
ID: 43F, Data: 87 47 60 FF 53 1C 5 0
ID: 440, Data: 87C EE 3 A0 FF AA AA AA
ID: 316, Data: 85 2C 37 B 30 19 2 7C
ID: 18F, Data: 8AA 31 0 0 0 0 0 0
ID: 5A0, Data: 80 0 0 90 0 0 0 0
ID: 260, Data: 8B 2E 31 30 0 FF 86 2
ID: 316, Data: 85 2D 1E B 31 19 2 7C
ID: 280, Data: 830 0 84 AD 16 20 64 5A
ID: A0, Data: 844 7A 1C B 3 26 2 0
ID: 316, Data: 85 2E 1F B 30 19 2 7C
ID: 440, Data: 87D EE 3 A0 FF AA AA AA
ID: 316, Data: 85 2E 31 B 30 19 2 7C
ID: 153, Data: 80 0 0 FF 0 FF 0 0
ID: 153, Data: 80 0 0 FF 0 FF 0 0
ID: 18F, Data: 8AA 31 0 0 0 0 0 0
ID: 329, Data: 884 AD 7F 8 12 2E 0 26
ID: 316, Data: 85 2E 2E C 2D 19 2 7C
ID: 18F, Data: 8AA 31 0 0 0 0 0 0
ID: 43F, Data: 87 47 60 FF 53 28 5 0
ID: 260, Data: 8B 2D 2E 30 0 FF 62 3A
ID: 43F, Data: 87 47 60 FF 53 54 5 0
ID: 43F, Data: 87 47 60 FF 53 5C 5 0
ID: 316, Data: 85 2C D7 B 2E 19 2 7C
ID: 280, Data: 830 0 84 AD 17 1F 64 57
ID: A1, Data: 88D 7B 8F 7C 29 0 0 0
ID: 153, Data: 80 0 0 FF 0 FF 0 0
ID: 316, Data: 85 2C DA B 2E 19 2 7C
ID: 43F, Data: 87 47 60 FF 52 98 5 0
ID: 370, Data: 8FF E0 F0 FF FF FF FF FF
ID: 440, Data: 880 EE 3 A0 FF AA AA AA
ID: 153, Data: 80 0 0 FF 0 FF 0 0
ID: 316, Data: 85 2B C3 B 2E 19 2 7C
ID: 316, Data: 85 2B C5 B 2E 19 2 7C
ID: 316, Data: 85 2B C3 B 2E 19 2 7C
ID: 18F, Data: 8AA 31 0 0 0 0 0 0
ID: 5F0, Data: 20 0
ID: 260, Data: 8B 2C 2F 30 0 FF 6E 3E
ID: 280, Data: 830 0 84 AD 17 1E 64 56
ID: 153, Data: 80 0 0 FF 0 FF 0 0
ID: 440, Data: 87E 9E 3 A0 FF AA AA AA
ID: 43F, Data: 87 47 60 FF 53 78 5 0
ID: 43F, Data: 87 47 60 FF 53 6C 5 0
ID: 2A0, Data: 880 0 64 1C 3D 0 17 0
ID: 316, Data: 85 2C C7 B 2E 19 2 7C
ID: 153, Data: 80 0 0 FF 0 FF 0 0
ID: 316, Data: 85 2C E5 B 2E 19 2 7C
ID: 43F, Data: 87 47 60 FF 53 38 5 0
ID: 153, Data: 80 0 0 FF 0 FF 0 0
ID: 280, Data: 830 0 84 AD 17 1E 64 56
ID: 153, Data: 80 0 0 FF 0 FF 0 0
ID: 18F, Data: 8AA 30 0 0 0 0 0 0
ID: 2A0, Data: 840 0 64 1C 3D 0 17 0
ID: 316, Data: 85 2B DA B 2E 1A 2 7C
ID: 545, Data: 8DC 31 0 8D 3F 1 3F 1
ID: 43F, Data: 87 47 60 FF 53 AC 4 0
ID: 43F, Data: 87 47 60 FF 53 88 4 0
ID: 153, Data: 80 0 0 FF 0 FF 0 0
ID: 43F, Data: 87 47 60 FF 53 64 4 0
ID: 5F0, Data: 20 0
ID: 153, Data: 80 0 0 FF 0 FF 0 0
ID: 370, Data: 8FF E0 F0 FF FF FF FF FF
ID: 5F0, Data: 20 0
ID: 440, Data: 875 3E 2 A0 FF AA AA AA
ID: 316, Data: 85 2B F8 B 22 1A 2 7C
ID: 43F, Data: 87 47 60 FF 53 C0 3 0
ID: 5F0, Data: 20 0
ID: 316, Data: 85 2A B5 B 23 1A 2 7C
ID: 153, Data: 80 0 0 FF 0 FF 0 0
ID: 280, Data: 830 0 84 AD 17 1D 64 54
ID: 43F, Data: 87 47 60 FF 53 7C 3 0
ID: A0, Data: 836 7A C9 B 2 25 2 0
ID: 1F0, Data: 8D7 3F B5 BF 0 0 0 0
ID: 440, Data: 870 4E 1 A0 FF AA AA AA
ID: 43F, Data: 87 47 60 FF 53 D4 2 0
ID: 316, Data: 85 25 CE B 25 1A 1 7C
ID: 545, Data: 8DC 2B 0 8D BD 0 BD 0
ID: 153, Data: 80 0 0 FF 0 FF 0 0
ID: 153, Data: 80 0 0 FF 0 FF 0 0
ID: A0, Data: 835 7A 7B B 2 25 2 0
ID: 545, Data: 8DC 29 0 8D B3 0 B3 0
ID: 329, Data: 8ED AD 7F 8 12 2C 0 26
ID: A0, Data: 839 7A 41 B 1 25 2 0
ID: 43F, Data: 89 45 60 FF 53 D8 1 0
ID: 43F, Data: 89 45 60 FF 53 E0 3 0
ID: 153, Data: 80 0 0 FF 0 FF 0 0
ID: 43F, Data: 89 45 60 FF 53 FC 9 0
ID: 316, Data: 85 29 96 B 32 1A 1 7C
ID: 153, Data: 80 0 0 FF 0 FF 0 0
ID: 329, Data: 8ED AD 7F 8 12 2F 0 26
ID: 153, Data: 80 0 0 FF 0 FF 0 0
ID: 260, Data: 8B 2C 2D 30 0 FF 5D 32
ID: 316, Data: 85 2C 26 D 2C 19 0 7C
ID: A1, Data: 88F 7B 8D 7C 28 0 0 0
ID: 153, Data: 80 0 0 FF 0 FF 0 0
ID: 153, Data: 80 0 0 FF 0 FF 0 0
ID: 153, Data: 80 0 0 FF 0 FF 0 0
ID: 370, Data: 8FF E0 F0 FF FF FF FF FF
ID: 316, Data: 85 2B 85 D 2A 19 0 7C
ID: 153, Data: 80 0 0 FF 0 FF 0 0
ID: 153, Data: 80 0 0 FF 0 FF 0 0
ID: 43F, Data: 89 48 60 FF 53 64 B 0
ID: 43F, Data: 89 48 60 FF 53 E4 A 0
ID: 43F, Data: 89 48 60 FF 53 64 A 0
ID: 153, Data: 80 0 0 FF 0 FF 0 0
ID: 43F, Data: 89 48 60 FF 53 30 9 0
ID: 316, Data: 85 2A 37 C 2E 1A 0 7C
ID: 153, Data: 80 0 0 FF 0 FF 0 0
ID: 316, Data: 85 2B C9 B 2F 1A 0 7C
ID: 316, Data: 85 2B 94 B 30 19 0 7C
ID: 316, Data: 85 2C 6F B 30 19 0 7C
ID: 18F, Data: 8AA 30 0 0 0 0 0 0
ID: 43F, Data: 89 48 60 FF 53 D8 3 0
ID: 18F, Data: 8AA 30 0 0 0 0 0 0
ID: 153, Data: 80 0 0 FF 0 FF 0 0
ID: 260, Data: 8B 2E 30 30 0 FF 79 1
ID: 316, Data: 85 2E E9 B 2F 19 1 7C
ID: 43F, Data: 89 48 60 FF 53 90 3 0
ID: 440, Data: 8FE E1 1 A0 FF AA AA AA
ID: 153, Data: 80 0 0 FF 0 FF 0 0
ID: 316, Data: 85 32 88 C 31 1A 1 7C
ID: 316, Data: 85 32 B2 C 31 1A 1 7C
ID: 316, Data: 85 31 FC C 30 19 2 7C
ID: 18F, Data: 8AA 30 0 0 0 0 0 0
ID: 153, Data: 80 0 0 FF 0 FF 0 0
ID: 440, Data: 8CE E1 2 A0 FF AA AA AA
ID: 316, Data: 85 2E EA D 24 19 2 7C
ID: 43F, Data: 81 48 60 FF 53 30 6 0
ID: 316, Data: 85 2C 10 E 25 19 2 7C
ID: 153, Data: 80 0 0 FF 0 FF 0 0
ID: 316, Data: 85 2B FE D 26 1A 3 7C
ID: 43F, Data: 81 48 60 FF 53 28 7 0
ID: 370, Data: 8FF E0 F0 FF FF FF FF FF
ID: 440, Data: 8E2 E1 3 A0 FF AA AA AA
ID: 153, Data: 80 0 0 FF 0 FF 0 0
ID: A0, Data: 830 7B D9 D 4 25 2 0
ID: 316, Data: 85 29 85 D 2C 1A 4 7C
ID: 316, Data: 85 29 73 D 2E 1A 4 7C
ID: 2A0, Data: 8C1 0 64 1C 3D 0 17 0
ID: 153, Data: 80 0 0 FF 0 FF 0 0
ID: 316, Data: 85 29 49 D 33 1A 4 7C
ID: A0, Data: 833 7B 59 D 5 26 2 0
ID: 316, Data: 85 2A 57 D 35 1A 4 7C
ID: 153, Data: 80 0 0 FF 0 FF 0 0
ID: 153, Data: 80 0 0 FF 0 FF 0 0
ID: 153, Data: 80 0 0 FF 0 FF 0 0
ID: 260, Data: 8B 2D 3B 30 0 FF AB 20
ID: 316, Data: 85 2E CD D 3C 1A 5 7C
ID: 153, Data: 80 0 0 FF 0 FF 0 0
ID: 43F, Data: 81 48 60 FF 53 E0 A 0
ID: 153, Data: 80 0 0 FF 0 FF 0 0
ID: 153, Data: 80 0 0 FF 0 FF 0 0
ID: 18F, Data: 8AA 2F 0 0 0 0 0 0
ID: 280, Data: 830 0 88 AE 1E 21 64 59
ID: 316, Data: 85 36 9C F 41 18 5 7C
ID: 43F, Data: 81 48 60 FF 53 C C 0
ID: 43F, Data: 81 48 60 FF 53 50 C 0
ID: 43F, Data: 81 48 60 FF 53 98 C 0
ID: 43F, Data: 81 48 60 FF 53 DC C 0
ID: 440, Data: 8FE 91 6 A0 FF AA AA AA
ID: 440, Data: 8FE 91 6 A0 FF AA AA AA
ID: 153, Data: 80 0 0 FF 0 FF 0 0
ID: 280, Data: 830 0 88 AE 24 22 64 5A
ID: 1F1, Data: 80 9A 36 C0 3 36 D0 3
ID: 1F0, Data: 8B6 40 B5 BF 0 0 0 0
ID: 153, Data: 80 0 0 FF 0 FF 0 0
ID: 153, Data: 80 0 0 FF 0 FF 0 0
ID: 153, Data: 80 0 0 FF 0 FF 0 0
ID: 440, Data: 8FE 91 7 A0 FF AA AA AA
ID: 316, Data: 85 36 6A 13 44 1F 8 7C
ID: 153, Data: 80 0 0 FF 0 FF 0 0
ID: 316, Data: 85 37 0 14 44 1F 8 7C
ID: 1F0, Data: 8A2 40 B5 BF 0 0 0 0
ID: 153, Data: 80 0 0 FF 0 FF 0 0
ID: 440, Data: 8FE 91 8 A0 FF AA AA AA
ID: 153, Data: 80 0 0 FF 0 FF 0 0
ID: 316, Data: 845 3A 6F 15 42 1F 9 7C
ID: 316, Data: 845 3B 81 15 42 1F 9 7C
ID: 370, Data: 8FF E0 F0 FF FF FF FF FF
ID: 316, Data: 845 3B 93 15 42 1F 9 7C
ID: A1, Data: 88B 7A 88 7C 32 0 0 0
ID: 43F, Data: 81 48 60 FF 53 B0 13 0
ID: 43F, Data: 81 48 60 FF 53 C 14 0
ID: 440, Data: 8FE E1 9 A0 FF AA AA AA
ID: 440, Data: 8FE E1 9 A0 FF AA AA AA
ID: 316, Data: 845 3C 41 17 40 1F A 7C
ID: 43F, Data: 81 48 60 FF 53 3C 15 0
ID: 43F, Data: 81 48 60 FF 53 80 15 0
ID: 280, Data: 830 0 88 AE 2F 25 64 6B
ID: A1, Data: 88B 7A 89 7C 33 0 0 0
ID: 316, Data: 845 3D 82 18 3E 1F B 7C
ID: 316, Data: 845 3D B8 18 3E 1F B 7C
ID: 43F, Data: 81 48 60 FF 53 E8 16 0
ID: 43F, Data: 81 48 60 FF 53 38 17 0
ID: 440, Data: 8FE 41 B A0 FF AA AA AA
ID: 5F0, Data: 20 0
ID: 316, Data: 845 3B 1C 1A 3D 1F B 7C
ID: 316, Data: 845 3B 24 1A 3D 1F C 7C
ID: 43F, Data: 81 48 60 FF 53 68 18 0
ID: 316, Data: 845 3A 8F 1A 3D 1F C 7C
ID: 545, Data: 8DC 7A 0 8D DB 1 DB 1
ID: 43F, Data: 81 48 60 FF 53 40 19 0
ID: 43F, Data: 81 48 60 FF 53 84 19 0
ID: 280, Data: 830 0 88 AE 37 23 64 64
ID: 153, Data: 80 0 0 FF 0 FF 0 0
ID: 316, Data: 845 39 F8 1B 3C 1F C 7C
ID: 153, Data: 80 0 0 FF 0 FF 0 0
ID: 2A0, Data: 8C1 8 64 1C 3D 0 17 0
ID: 316, Data: 845 39 BC 1C 3B 1F D 7C
ID: 1F0, Data: 858 40 B5 BF 0 0 0 0
ID: 5F0, Data: 20 0
ID: 153, Data: 80 0 0 FF 0 FF 0 0
ID: 1F1, Data: 80 1 70 E0 6 73 10 7
ID: 5F0, Data: 20 0
ID: 316, Data: 845 39 FC 1D 3F 1F D 7C
ID: 43F, Data: 81 48 60 FF 53 94 1C 0
ID: 43F, Data: 81 48 60 FF 53 D4 1C 0
ID: 545, Data: 8DC 96 0 8D 1 2 1 2
ID: 316, Data: 845 3E E 1F 3F 1F E 7C
ID: 153, Data: 80 0 0 FF 0 FF 0 0
ID: 153, Data: 80 0 0 FF 0 FF 0 0
ID: 316, Data: 845 3F D 20 3E 1F E 7C
ID: 43F, Data: 81 48 60 FF 53 90 1E 0
ID: 43F, Data: 81 48 60 FF 53 D0 1E 0
ID: 316, Data: 845 3E BB 20 3D 1F F 7C
ID: 260, Data: 8B 3F 3D 30 0 FF D3 20
ID: 316, Data: 845 3E 38 21 3D 1F F 7C
ID: 316, Data: 845 3E 55 21 3D 1F F 7C
ID: 43F, Data: 81 48 60 FF 53 30 20 0
ID: 316, Data: 845 3D E5 21 3D 1F F 7C
ID: 153, Data: 80 0 0 FF 0 FF 0 0
ID: 316, Data: 845 3C 8A 22 3C 1F 10 7C
ID: 5A1, Data: 880 3 90 23 30 30 30 0
ID: 316, Data: 845 3C F7 22 3C 20 10 7C
ID: 1F1, Data: 80 45 89 40 8 8C 90 8
ID: 329, Data: 8ED AE 7F 8 11 3D 14 26
ID: 1F1, Data: 80 45 8E 80 8 8E B0 8
ID: 316, Data: 845 3B 19 24 3B 20 11 7C
ID: 153, Data: 80 0 0 FF 0 FF 0 0
ID: 316, Data: 845 3A B2 24 3B 20 11 7C
ID: A1, Data: 884 77 84 7C 2F 0 0 0
ID: 316, Data: 845 3A 1B 25 3A 20 11 7C
ID: 316, Data: 845 3A 62 25 3A 20 11 7C
ID: 153, Data: 80 0 0 FF 0 FF 0 0
ID: 545, Data: 8DC A3 0 8D C3 1 C3 1
ID: 5F0, Data: 20 0
ID: 316, Data: 845 39 3D 26 3A 20 12 7C
ID: 316, Data: 845 39 50 26 3A 21 12 7C
ID: 153, Data: 80 0 0 FF 0 FF 0 0
ID: 18F, Data: 8AA 3F 0 0 0 0 0 0
ID: 316, Data: 845 39 23 27 39 21 12 7C
ID: 316, Data: 845 39 5E 27 39 21 12 7C
ID: 153, Data: 80 0 0 FF 0 FF 0 0
ID: 316, Data: 845 39 D7 27 39 21 13 7C
ID: 5F0, Data: 20 0
ID: 43F, Data: 81 48 60 FF 53 20 27 0
ID: A1, Data: 884 79 83 7A 2B 0 0 0
ID: 153, Data: 80 0 0 FF 0 FF 0 0
ID: 316, Data: 845 39 11 29 3A 21 13 7C
ID: 153, Data: 80 0 0 FF 0 FF 0 0
ID: 316, Data: 845 39 7E 29 3D 22 13 7C
ID: 316, Data: 845 3A C0 29 3D 22 14 7C
ID: 153, Data: 80 0 0 FF 0 FF 0 0
ID: 43F, Data: 81 48 60 FF 53 18 29 0
ID: 316, Data: 845 3B 76 2A 3C 22 14 7C
ID: 280, Data: 830 0 88 AE 55 23 63 5A
ID: 316, Data: 845 3C 2 2B 3C 22 14 7C
ID: 18F, Data: 8AA 42 0 0 0 0 0 0
ID: 43F, Data: 81 48 60 FF 53 64 2A 0
ID: 153, Data: 80 0 0 FF 0 FF 0 0
ID: 153, Data: 80 0 0 FF 0 FF 0 0
ID: 316, Data: 845 35 3F 2C 14 23 15 7C
ID: 440, Data: 8FE 31 15 A0 FF AA AA AA
ID: 316, Data: 845 29 C3 2B 16 24 15 7C
ID: 43F, Data: 8A 48 60 FF 53 CC 2A 0
ID: 2A0, Data: 840 D 63 1C 3D 0 17 0
ID: 316, Data: 845 1F 5F 2A 17 24 15 7C
ID: 316, Data: 845 1E ED 29 17 24 15 7C
ID: A0, Data: 81F 7B 8D 2A 16 2C 2 0
ID: 316, Data: 845 1A 11 29 18 24 15 7C
ID: 316, Data: 845 1A 3D 28 18 24 15 7C
ID: 5F0, Data: 20 0
ID: 18F, Data: 8AA 44 0 0 0 0 0 0
ID: 1F1, Data: 80 1 B3 F0 A B7 40 B
ID: 440, Data: 8FE 41 16 A0 FF AA AA AA
ID: 43F, Data: 8A 48 60 FF 53 4C 20 0
ID: 316, Data: 845 15 27 1F 1B 23 16 7C
ID: 316, Data: 845 14 5E 1D 1C 23 16 7C
ID: 43F, Data: 8A 48 60 FF 53 C0 1A 0
ID: 280, Data: 830 0 84 AE 34 16 63 3A
ID: 153, Data: 80 0 0 FF 0 FF 0 0
ID: 316, Data: 845 1E 6B 17 1F 22 16 7C
ID: 316, Data: 845 20 D4 16 1F 22 16 7C
ID: 2A0, Data: 880 A 63 1C 3D 0 17 0
ID: 316, Data: 845 23 6B 16 1F 21 16 7C
ID: 329, Data: 8ED AF 7F 8 11 33 0 26
ID: 153, Data: 80 0 0 FF 0 FF 0 0
ID: 316, Data: 845 22 BA 16 1F 21 16 7C
ID: 153, Data: 80 0 0 FF 0 FF 0 0
ID: A1, Data: 888 76 8A 75 21 0 0 0
ID: 2A0, Data: 820 A 63 1C 3D 0 17 0
ID: 260, Data: 8B 1F 1F 30 0 FF 5A 23
ID: 5F0, Data: 20 0
ID: 153, Data: 80 0 0 FF 0 FF 0 0
ID: 316, Data: 84D 1F E1 15 20 22 16 7C
ID: 43F, Data: 82 48 60 FF 53 E4 18 0
ID: 316, Data: 845 1F 7 15 21 22 16 7C
ID: 153, Data: 80 0 0 FF 0 FF 0 0
ID: 153, Data: 80 0 0 FF 0 FF 0 0
ID: 316, Data: 845 29 B9 13 30 21 16 7C
ID: 153, Data: 80 0 0 FF 0 FF 0 0
ID: 316, Data: 845 28 75 15 31 21 16 7C
ID: 316, Data: 845 28 FA 15 30 21 16 7C
ID: 43F, Data: 82 48 60 FF 53 AC 18 0
ID: 43F, Data: 82 48 60 FF 53 B4 18 0
ID: 370, Data: 8FF D5 F0 FF FF FF FF FF
ID: 316, Data: 845 28 7A 18 2E 21 16 7C
ID: 18F, Data: 8AA 43 0 0 0 0 0 0
ID: 370, Data: 8FF D5 F0 FF FF FF FF FF
ID: 43F, Data: 82 48 60 FF 53 8 19 0
ID: 545, Data: 8DC 51 0 8D 87 0 87 0
ID: A1, Data: 880 78 80 7B 21 0 0 0
ID: 316, Data: 845 29 13 1A 2F 21 16 7C
ID: 153, Data: 80 0 0 FF 0 FF 0 0
ID: A0, Data: 831 7C 2D 1A 16 2C 2 0
ID: 316, Data: 845 2A B4 19 2F 21 16 7C
ID: 260, Data: 8B 2B 2F 30 0 FF C7 30
ID: 316, Data: 845 2B AC 19 2F 21 16 7C
ID: 545, Data: 8DC 58 0 8D B9 0 B9 0
ID: 316, Data: 845 2C DF 19 2F 21 16 7C
ID: 316, Data: 845 2C F9 19 2E 21 16 7C
ID: 153, Data: 80 0 0 FF 0 FF 0 0
ID: 329, Data: 840 AF 7F 8 11 35 7 26
ID: 316, Data: 845 2C 62 1A 2E 21 16 7C
ID: 260, Data: 8B 2D 2F 30 0 FF CB 2B
ID: 316, Data: 845 2C 62 1A 1C 21 16 7C
ID: 545, Data: 8DC 5E 0 8D D4 0 D4 0
ID: 43F, Data: 82 48 60 FF 53 6C 19 0
ID: 316, Data: 845 2E 8F 1A 1C 21 16 7C
ID: 43F, Data: 82 48 60 FF 53 94 19 0
ID: 316, Data: 845 2B 98 1A 1C 21 16 7C
ID: 2A0, Data: 880 7 63 1C 3D 0 17 0
ID: 43F, Data: 82 48 60 FF 53 A4 19 0
ID: 43F, Data: 82 48 60 FF 53 A0 19 0
ID: 260, Data: 8B 21 13 30 0 FF B2 0
ID: 316, Data: 845 1E D6 19 14 19 17 7C
ID: 316, Data: 845 1C A4 19 14 19 17 7C
ID: 43F, Data: 82 48 60 FF 53 80 19 0
ID: 316, Data: 845 19 E0 18 15 19 17 7C
ID: 153, Data: 80 0 0 FF 0 FF 0 0
ID: 153, Data: 80 0 0 FF 0 FF 0 0
ID: 316, Data: 85 16 5D 17 16 19 17 7C
ID: 153, Data: 80 0 0 FF 0 FF 0 0
ID: 316, Data: 85 16 DB 16 16 19 17 7C
ID: 153, Data: 80 0 0 FF 0 FF 0 0
ID: 280, Data: 830 0 84 AF 2D 12 63 32
ID: 316, Data: 85 17 38 16 17 19 16 7C
ID: 153, Data: 80 0 0 FF 0 FF 0 0
ID: 316, Data: 85 17 0 16 17 19 16 7C
ID: 153, Data: 80 0 0 FF 0 FF 0 0
ID: 316, Data: 85 18 B7 15 17 19 16 7C
ID: 316, Data: 85 18 99 15 17 19 16 7C
ID: A0, Data: 825 7C 99 15 17 27 2 0
ID: 43F, Data: 82 48 60 FF 53 1C 19 0
ID: 43F, Data: 82 48 60 FF 53 C 19 0
ID: 440, Data: 8FE D2 16 A0 FF AA AA AA
ID: 153, Data: 80 0 0 FF 0 FF 0 0
ID: 316, Data: 85 18 87 15 17 19 16 7C
ID: 316, Data: 85 18 7B 15 17 19 16 7C
ID: A1, Data: 886 76 89 75 18 0 0 0
ID: 153, Data: 80 0 0 FF 0 FF 0 0
ID: 316, Data: 85 18 87 15 17 19 16 7C
ID: 153, Data: 80 0 0 FF 0 FF 0 0
ID: 316, Data: 85 18 46 15 17 19 16 7C
ID: 316, Data: 85 18 35 15 17 19 16 7C
ID: A0, Data: 825 7C 58 15 16 27 2 0
ID: 43F, Data: 82 48 60 FF 53 64 18 0
ID: 440, Data: 8FE 22 16 A0 FF AA AA AA
ID: 260, Data: 8B 19 17 30 0 FF 7D 2C
ID: 316, Data: 85 18 46 15 16 19 15 7C
ID: 260, Data: 8B 19 16 30 0 FF 7D 1E
ID: 370, Data: 8FF D5 F0 FF FF FF FF FF
ID: 316, Data: 85 18 58 15 16 19 15 7C
ID: 153, Data: 80 0 0 FF 0 FF 0 0
ID: 316, Data: 85 18 2F 15 16 19 15 7C
ID: 153, Data: 80 0 0 FF 0 FF 0 0
ID: 18F, Data: 8AA 3C 0 0 0 0 0 0
ID: 329, Data: 8ED B0 7F 8 11 2E 0 26
ID: 316, Data: 85 18 13 15 16 19 15 7C
ID: 260, Data: 8B 19 16 30 0 FF 7D F
ID: 153, Data: 80 0 0 FF 0 FF 0 0
ID: 316, Data: 85 18 E6 14 16 19 15 7C
ID: 153, Data: 80 0 0 FF 0 FF 0 0
ID: 1F1, Data: 80 D0 AA 30 A AE 70 A
ID: 316, Data: 85 18 B4 14 16 19 14 7C
ID: 329, Data: 8ED B0 7F 8 11 2D 0 26
ID: 43F, Data: 82 48 60 FF 53 44 17 0
ID: 370, Data: 8FF D5 F0 FF FF FF FF FF
ID: 545, Data: 8DC 2D 0 8D EC FF EC FF
ID: 316, Data: 85 18 14 14 17 19 14 7C
ID: 18F, Data: 8AA 3B 0 0 0 0 0 0
ID: 440, Data: 8FE D2 14 A0 FF AA AA AA
ID: 153, Data: 80 0 0 FF 0 FF 0 0
ID: 329, Data: 8ED B0 7F 8 11 2D 0 26
ID: 43F, Data: 82 48 60 FF 53 B4 16 0
ID: 440, Data: 8FE D2 14 A0 FF AA AA AA
ID: 153, Data: 80 0 0 FF 0 FF 0 0
ID: 316, Data: 85 19 2 13 17 19 14 7C
ID: 316, Data: 85 19 E7 12 18 19 14 7C
ID: 18F, Data: 8AA 3A 0 0 0 0 0 0
ID: 43F, Data: 82 48 60 FF 53 58 16 0
ID: 153, Data: 80 0 0 FF 0 FF 0 0
ID: 316, Data: 85 19 AC 12 18 19 13 7C
ID: 153, Data: 80 0 0 FF 0 FF 0 0
ID: 316, Data: 85 19 A8 12 18 19 13 7C
ID: 316, Data: 85 19 80 12 1F 19 13 7C
ID: A1, Data: 885 76 85 75 1A 0 0 0
ID: 43F, Data: 82 48 60 FF 53 C8 15 0
ID: 153, Data: 80 0 0 FF 0 FF 0 0
ID: 370, Data: 8FF D5 F0 FF FF FF FF FF
ID: 316, Data: 85 1C 4C 12 20 19 12 7C
ID: 153, Data: 80 0 0 FF 0 FF 0 0
ID: 316, Data: 85 1D 59 12 1F 18 12 7C
ID: 153, Data: 80 0 0 FF 0 FF 0 0
ID: 153, Data: 80 0 0 FF 0 FF 0 0
ID: 316, Data: 85 1E E2 12 1F 18 12 7C
ID: 43F, Data: 82 48 60 FF 53 1C 15 0
ID: 260, Data: 8B 1F 1F 30 0 FF 7D 2E
ID: 153, Data: 80 0 0 FF 0 FF 0 0
ID: 316, Data: 85 1F C3 13 1E 18 12 7C
ID: 316, Data: 85 1F DC 13 1E 18 12 7C
ID: 2A0, Data: 8E0 2 63 1C 3D 0 17 0
ID: 43F, Data: 82 48 60 FF 53 C8 14 0
ID: 43F, Data: 82 48 60 FF 53 C0 14 0
ID: 153, Data: 80 0 0 FF 0 FF 0 0
ID: 153, Data: 80 0 0 FF 0 FF 0 0
ID: A0, Data: 82C 7D 93 14 12 28 2 0
ID: 329, Data: 8ED B0 7F 8 11 30 0 26
ID: A0, Data: 82C 7D EB 14 12 28 2 0
ID: 43F, Data: 82 48 60 FF 53 B0 14 0
ID: 43F, Data: 82 48 60 FF 53 9C 14 0
ID: 1F1, Data: 80 8B 9A C0 8 9D C0 8
ID: 1F0, Data: 813 40 B5 BF 0 0 0 0
ID: 153, Data: 80 0 0 FF 0 FF 0 0
ID: 316, Data: 85 1D 7D 14 1D 18 11 7C
ID: 43F, Data: 82 48 60 FF 53 34 14 0
ID: 153, Data: 80 0 0 FF 0 FF 0 0
ID: A0, Data: 82D 7D 4D 14 11 28 2 0
ID: 316, Data: 85 1E 29 14 1D 18 11 7C
ID: 18F, Data: 8AA 36 0 0 0 0 0 0
ID: 5F0, Data: 20 0
ID: 153, Data: 80 0 0 FF 0 FF 0 0
ID: 153, Data: 80 0 0 FF 0 FF 0 0
ID: 1F1, Data: 80 BD 98 80 8 97 60 8
ID: 370, Data: 8FF D8 F0 FF FF FF FF FF
ID: 43F, Data: 82 48 60 FF 53 78 13 0
ID: 316, Data: 85 1F 28 13 17 18 10 7C
ID: 280, Data: 830 0 84 B0 26 17 63 3E
ID: 43F, Data: 82 48 60 FF 53 4 13 0
ID: 316, Data: 85 1D 83 13 18 18 10 7C
ID: 2A0, Data: 8E0 2 63 1C 3D 0 17 0
ID: 316, Data: 85 1C 91 13 18 18 10 7C
ID: 316, Data: 85 1B 79 13 18 18 10 7C
ID: 43F, Data: 82 48 60 FF 53 74 12 0
ID: 370, Data: 8FF D8 F0 FF FF FF FF FF
ID: 280, Data: 830 0 84 B0 25 15 63 3A
ID: 153, Data: 80 0 0 FF 0 FF 0 0
ID: 2A0, Data: 820 2 63 1C 3D 0 17 0
ID: 316, Data: 85 1B 1D 12 1A 19 F 7C
ID: 545, Data: 8DC 2F 0 8D 2E 0 2E 0
ID: 153, Data: 80 0 0 FF 0 FF 0 0
ID: 43F, Data: 82 48 60 FF 53 50 11 0
ID: 153, Data: 80 0 0 FF 0 FF 0 0
ID: 153, Data: 80 0 0 FF 0 FF 0 0
ID: 316, Data: 85 1C 3D 11 1B 19 F 7C
ID: A1, Data: 88D 76 90 75 1C 0 0 0
ID: 316, Data: 85 1C 10 11 1B 19 E 7C
ID: 316, Data: 85 1D FE 10 1B 19 E 7C
ID: 329, Data: 884 B1 7F 8 12 2D 0 26
ID: 43F, Data: 82 48 60 FF 53 4C 10 0
ID: 43F, Data: 82 48 60 FF 53 20 10 0
ID: 316, Data: 85 1D 95 10 1C 19 E 7C
ID: 440, Data: 8FE 82 E A0 FF AA AA AA
ID: 153, Data: 80 0 0 FF 0 FF 0 0
ID: 2A0, Data: 820 1 63 1C 3D 0 17 0
ID: 316, Data: 85 1E 3B 10 1C 19 D 7C
ID: 545, Data: 8DC 2C 0 8B 4E 0 4E 0
ID: 316, Data: 85 1E CF F 1D 1A D 7C
ID: 153, Data: 80 0 0 FF 0 FF 0 0
ID: 316, Data: 85 1E A9 F 1D 1A D 7C
ID: 153, Data: 80 0 0 FF 0 FF 0 0
ID: 316, Data: 85 1F 6E F 1D 1A D 7C
ID: 316, Data: 85 1F 41 F 1D 1A C 7C
ID: 153, Data: 80 0 0 FF 0 FF 0 0
ID: 316, Data: 85 1F 2C F 1D 1A C 7C
ID: 43F, Data: 82 48 60 FF 53 D0 D 0
ID: 316, Data: 85 1F F8 E 1E 1A C 7C
ID: 545, Data: 8DC 2A 0 8C 58 0 58 0
ID: A1, Data: 887 76 8C 75 1F 0 0 0
ID: 316, Data: 85 1F 9B E 1E 1A C 7C
ID: 153, Data: 80 0 0 FF 0 FF 0 0
ID: 316, Data: 85 1F 60 E 1E 1A C 7C
ID: 43F, Data: 82 48 60 FF 53 8C D 0
ID: 440, Data: 8FE 82 C A0 FF AA AA AA
ID: 316, Data: 85 1F 53 E 1E 1A B 7C
ID: 153, Data: 80 0 0 FF 0 FF 0 0
ID: 5F0, Data: 20 0
ID: 153, Data: 80 0 0 FF 0 FF 0 0
ID: 316, Data: 85 20 41 E 1E 1A B 7C
ID: 2A0, Data: 840 1 63 1C 3D 0 17 0
ID: 260, Data: 8B 20 1E 30 0 FF 74 35
ID: 1F1, Data: 80 48 64 E0 5 66 F0 5
ID: 1F0, Data: 83A 40 B5 BF 0 0 0 0
ID: 329, Data: 884 B1 7F 8 12 2D 0 26
ID: 545, Data: 8DC 2A 0 8D 6A 0 6A 0
ID: 43F, Data: 82 48 60 FF 53 84 D 0
ID: 43F, Data: 82 48 60 FF 53 7C D 0
ID: 153, Data: 80 0 0 FF 0 FF 0 0
ID: 316, Data: 85 20 70 E 1D 1A B 7C
ID: 5F0, Data: 20 0
ID: 316, Data: 85 1F 63 E 1E 1A B 7C
ID: 316, Data: 85 1F 4E E 1E 1A B 7C
ID: 545, Data: 8DC 29 0 8C 5D 0 5D 0
ID: 370, Data: 8FF D8 F0 FF FF FF FF FF
ID: 153, Data: 80 0 0 FF 0 FF 0 0
ID: 545, Data: 8DC 28 0 8C 5F 0 5F 0
ID: 316, Data: 85 1F F9 D 1E 1A B 7C
ID: 280, Data: 830 0 84 B1 1B 18 63 43
ID: 153, Data: 80 0 0 FF 0 FF 0 0
ID: 153, Data: 80 0 0 FF 0 FF 0 0
ID: 316, Data: 85 20 83 D 1F 1A B 7C
ID: 43F, Data: 82 48 60 FF 53 E4 B 0
ID: 316, Data: 85 20 47 D 20 1A A 7C
ID: 316, Data: 85 21 1D D 20 1A A 7C
ID: 153, Data: 80 0 0 FF 0 FF 0 0
ID: 280, Data: 830 0 84 B1 19 19 63 45
ID: 1F1, Data: 80 8B 4C B0 4 4E C0 4
ID: 18F, Data: 8AA 33 0 0 0 0 0 0
ID: 153, Data: 80 0 0 FF 0 FF 0 0
ID: A0, Data: 834 7D 74 C A 25 2 0
ID: 545, Data: 8DC 25 0 8D 91 0 91 0
ID: 329, Data: 8ED B1 7F 8 12 2C 0 26
ID: A0, Data: 837 7D C7 B 9 25 2 0
ID: 153, Data: 80 0 0 FF 0 FF 0 0
ID: 43F, Data: 82 48 60 FF 53 B8 8 0
ID: 153, Data: 80 0 0 FF 0 FF 0 0
ID: 153, Data: 80 0 0 FF 0 FF 0 0
ID: A1, Data: 888 76 88 75 23 0 0 0
ID: 329, Data: 884 B1 7F 8 12 2C 0 26
ID: 545, Data: 8DC 25 0 8C CD 0 CD 0
ID: 153, Data: 80 0 0 FF 0 FF 0 0
ID: 153, Data: 80 0 0 FF 0 FF 0 0
ID: 153, Data: 80 0 0 FF 0 FF 0 0
ID: A0, Data: 837 7D F B 7 24 2 0
ID: 316, Data: 85 26 E B 24 1A 6 7C
ID: 153, Data: 80 0 0 FF 0 FF 0 0
ID: 316, Data: 85 26 F B 24 1A 6 7C
ID: 1F0, Data: 86B 40 B5 BF 0 0 0 0
ID: 43F, Data: 82 48 60 FF 53 E4 5 0
ID: 316, Data: 85 26 11 B 24 1A 5 7C
ID: 316, Data: 85 26 0 B 24 1A 5 7C
ID: 2A0, Data: 880 0 63 1C 3D 0 17 0
ID: 18F, Data: 8AA 32 0 0 0 0 0 0
ID: 43F, Data: 82 48 60 FF 53 B4 4 0
ID: 18F, Data: 8AA 32 0 0 0 0 0 0
ID: 43F, Data: 82 48 60 FF 53 3C 4 0
ID: 260, Data: 8B 27 26 30 0 FF 6E 1E
ID: 153, Data: 80 0 0 FF 0 FF 0 0
ID: 316, Data: 85 27 99 A 25 19 4 7C
ID: 153, Data: 80 0 0 FF 0 FF 0 0
ID: 5F0, Data: 20 0
ID: 316, Data: 85 27 8A A 25 19 3 7C
ID: 153, Data: 80 0 0 FF 0 FF 0 0
ID: 5F0, Data: 20 0
ID: 153, Data: 80 0 0 FF 0 FF 0 0
ID: 153, Data: 80 0 0 FF 0 FF 0 0
ID: 329, Data: 884 B1 7F 8 12 2B 0 26
ID: 440, Data: 8B2 22 1 A0 FF AA AA AA
ID: 260, Data: 8B 27 25 30 0 FF 6C 11
ID: 316, Data: 85 27 92 A 25 19 2 7C
ID: 316, Data: 85 27 7F A 25 19 1 7C
ID: 18F, Data: 8AA 32 0 0 0 0 0 0
ID: 43F, Data: 89 48 60 FF 53 CC 0 0
ID: 18F, Data: 8AA 32 0 0 0 0 0 0
ID: 43F, Data: 89 48 60 FF 53 7C 0 0
ID: 260, Data: 8B 27 26 30 0 FF 6F 1D
ID: A1, Data: 887 7B 89 7C 25 0 0 0
ID: 316, Data: 85 26 4D A 25 19 1 7C
ID: 153, Data: 80 0 0 FF 0 FF 0 0
ID: 316, Data: 85 26 4C A 25 19 1 7C
ID: 316, Data: 85 26 41 A 26 19 1 7C
ID: 316, Data: 85 26 3C A 26 19 1 7C
ID: 545, Data: 8DC 24 0 8C EC 0 EC 0
ID: 153, Data: 80 0 0 FF 0 FF 0 0
ID: 316, Data: 85 27 23 A 26 19 0 7C
ID: 18F, Data: 8AA 33 0 0 0 0 0 0
ID: 5F0, Data: 20 0
ID: A1, Data: 887 7B 89 7C 25 0 0 0
ID: 18F, Data: 8AA 33 0 0 0 0 0 0
ID: A1, Data: 887 7B 89 7C 25 0 0 0
ID: 153, Data: 80 0 0 FF 0 FF 0 0
ID: 545, Data: 8DC 23 0 8C F5 0 F5 0
ID: 153, Data: 80 0 0 FF 0 FF 0 0
ID: 545, Data: 8DC 23 0 8C F6 0 F6 0
ID: 316, Data: 85 27 36 A 25 19 0 7C
ID: 280, Data: 830 0 84 B2 14 1C 63 4F
ID: 153, Data: 80 0 0 FF 0 FF 0 0
ID: 43F, Data: 81 48 60 FF 53 0 0 0
ID: 43F, Data: 81 48 60 FF 53 0 0 0
ID: 153, Data: 80 0 0 FF 0 FF 0 0
ID: 316, Data: 85 27 40 A 25 19 0 7C
ID: 153, Data: 80 0 0 FF 0 FF 0 0
ID: 153, Data: 80 0 0 FF 0 FF 0 0
ID: 153, Data: 80 0 0 FF 0 FF 0 0
ID: A0, Data: 837 7E 49 A 0 24 2 0
ID: 316, Data: 85 26 4C A 25 19 0 7C
ID: 316, Data: 85 26 53 A 25 19 0 7C
ID: 2A0, Data: 880 0 63 1C 3D 0 17 0
ID: 153, Data: 80 0 0 FF 0 FF 0 0
ID: 153, Data: 80 0 0 FF 0 FF 0 0
ID: 153, Data: 80 0 0 FF 0 FF 0 0
ID: 370, Data: 8FF D8 F0 FF FF FF FF FF
ID: 316, Data: 85 26 3E A 25 19 0 7C
ID: 153, Data: 80 0 0 FF 0 FF 0 0
ID: 316, Data: 85 26 32 A 25 19 0 7C
ID: 43F, Data: 81 48 60 FF 53 0 0 0
ID: 370, Data: 8FF D8 F0 FF FF FF FF FF
ID: 43F, Data: 81 48 60 FF 53 0 0 0
ID: 153, Data: 80 0 0 FF 0 FF 0 0
ID: A0, Data: 838 7E 34 A 0 24 2 0
ID: 440, Data: 8A6 E1 0 A0 FF AA AA AA
ID: 545, Data: 8DC 22 0 8C EA 0 EA 0
ID: 316, Data: 85 26 25 A 26 19 0 7C
ID: 316, Data: 85 26 29 A 25 19 0 7C
ID: 316, Data: 85 26 32 A 25 19 0 7C
ID: 545, Data: 8DC 22 0 8C E7 0 E7 0
ID: 153, Data: 80 0 0 FF 0 FF 0 0
ID: 5F0, Data: 20 0
ID: 18F, Data: 8AA 32 0 0 0 0 0 0
ID: A0, Data: 837 7E 20 A 0 24 2 0
ID: 316, Data: 85 26 26 A 26 19 0 7C
ID: 316, Data: 85 26 23 A 26 19 0 7C
ID: 440, Data: 8A6 41 0 A0 FF AA AA AA
ID: 18F, Data: 8AA 32 0 0 0 0 0 0
ID: 316, Data: 85 26 2C A 25 19 0 7C
ID: 153, Data: 80 0 0 FF 0 FF 0 0
ID: 316, Data: 85 26 20 A 26 19 0 7C
ID: 43F, Data: 81 48 60 FF 53 0 0 0
ID: 440, Data: 8A6 41 0 A0 FF AA AA AA
ID: 43F, Data: 81 48 60 FF 54 0 0 0
ID: 260, Data: 8B 26 26 30 0 FF 71 2A
ID: A1, Data: 881 7B 81 7C 25 0 0 0
ID: 153, Data: 80 0 0 FF 0 FF 0 0
ID: 316, Data: 85 26 3D A 25 19 0 7C
ID: 440, Data: 8A6 41 0 A0 FF AA AA AA
ID: 153, Data: 80 0 0 FF 0 FF 0 0
ID: 260, Data: 8B 26 26 30 0 FF 71 1B
ID: 316, Data: 85 26 18 A 26 19 0 7C
ID: A1, Data: 883 7B 81 7C 25 0 0 0
ID: 153, Data: 80 0 0 FF 0 FF 0 0
ID: 5F0, Data: 20 0
ID: 43F, Data: 81 48 60 FF 54 0 0 0
ID: 260, Data: 8B 26 26 30 0 FF 73 19
ID: 153, Data: 80 0 0 FF 0 FF 0 0
ID: 153, Data: 80 0 0 FF 0 FF 0 0
ID: 316, Data: 85 26 20 A 26 19 0 7C
ID: A0, Data: 838 7E 29 A 0 24 2 0
ID: 43F, Data: 81 48 60 FF 53 0 0 0
ID: 153, Data: 80 0 0 FF 0 FF 0 0
ID: 43F, Data: 81 48 60 FF 54 0 0 0
ID: 18F, Data: 8AA 32 0 0 0 0 0 0
ID: A1, Data: 885 7B 80 7C 25 0 0 0
ID: 329, Data: 884 B2 7F 8 12 2B 0 26
ID: 545, Data: 8DC 22 0 8D ED 0 ED 0
ID: 153, Data: 80 0 0 FF 0 FF 0 0
ID: 316, Data: 85 26 15 A 26 19 0 7C
ID: 153, Data: 80 0 0 FF 0 FF 0 0
ID: 316, Data: 85 27 17 A 32 19 0 7C
ID: 43F, Data: 81 48 60 FF 54 D8 1 0
ID: 43F, Data: 81 48 60 FF 54 50 2 0
ID: 370, Data: 8FF D8 F0 FF FF FF FF FF
ID: 316, Data: 85 2A 63 A 31 19 0 7C
ID: 5F0, Data: 20 0
ID: 316, Data: 85 31 BF A 5E 19 0 7C
ID: 43F, Data: 81 48 60 FF 54 98 3 0
ID: 316, Data: 85 35 D7 A 66 18 1 7C
ID: 280, Data: 830 0 88 B2 16 25 63 5F
ID: A1, Data: 884 7A 81 7C 2D 0 0 0
ID: 153, Data: 80 0 0 FF 0 FF 0 0
ID: 316, Data: 85 45 64 C 64 17 1 7C
ID: 43F, Data: 81 48 60 FF 54 B0 5 0
ID: 43F, Data: 81 48 60 FF 54 38 6 0
ID: 440, Data: 8D3 41 2 A0 FF AA AA AA
ID: 370, Data: 8FF D8 F0 FF FF FF FF FF
ID: 316, Data: 85 4B C0 10 58 14 2 7C
ID: 18F, Data: 8AA 32 0 0 0 0 0 0
ID: 43F, Data: 81 48 60 FF 53 30 9 0
ID: 153, Data: 80 0 0 FF 0 FF 0 0
ID: 153, Data: 80 0 0 FF 0 FF 0 0
ID: 153, Data: 80 0 0 FF 0 FF 0 0
ID: 280, Data: 830 0 88 B2 29 2E 63 75
ID: 43F, Data: 81 48 60 FF 53 14 C 0
ID: A1, Data: 884 7A 83 7D 36 0 0 0
ID: 153, Data: 80 0 0 FF 0 FF 0 0
ID: 316, Data: 85 43 F4 15 3E 13 6 7C
ID: 43F, Data: 81 48 60 FF 53 C0 E 0
ID: 316, Data: 85 3E 6 16 3E 14 7 7C
ID: 316, Data: 85 3D 6 16 3E 14 7 7C
ID: 329, Data: 8ED B2 7F 8 11 37 10 26
ID: A1, Data: 885 7A 84 7C 35 0 0 0
ID: 153, Data: 80 0 0 FF 0 FF 0 0
ID: 5F0, Data: 20 0
ID: 153, Data: 80 0 0 FF 0 FF 0 0
ID: 316, Data: 85 3D 78 16 31 14 9 7C
ID: A1, Data: 885 7A 84 7C 34 0 0 0
ID: 316, Data: 85 3A CE 16 30 14 A 7C
ID: 316, Data: 85 39 E2 16 30 14 A 7C
ID: 316, Data: 85 38 F6 16 21 14 A 7C
ID: 1F0, Data: 8DD 40 B5 BF 0 0 0 0
ID: 153, Data: 80 0 0 FF 0 FF 0 0
ID: 43F, Data: 81 48 60 FF 53 B4 15 0
ID: 153, Data: 80 0 0 FF 0 FF 0 0
ID: 153, Data: 80 0 0 FF 0 FF 0 0
ID: 316, Data: 85 2C 5C 18 17 16 B 7C
ID: 153, Data: 80 0 0 FF 0 FF 0 0
ID: 316, Data: 85 25 F3 17 18 17 C 7C
ID: 153, Data: 80 0 0 FF 0 FF 0 0
ID: 316, Data: 85 22 72 17 19 17 C 7C
ID: 43F, Data: 81 48 60 FF 53 A0 16 0
ID: 316, Data: 85 1F 11 17 1A 18 C 7C
ID: 316, Data: 85 1D DB 16 1A 18 C 7C
ID: 316, Data: 85 1C 9F 16 1A 18 C 7C
ID: 153, Data: 80 0 0 FF 0 FF 0 0
ID: 153, Data: 80 0 0 FF 0 FF 0 0
ID: 545, Data: 8DC 31 0 8D 5 0 5 0
ID: 316, Data: 85 17 9F 15 1C 18 C 7C
ID: 316, Data: 85 18 4C 15 27 18 C 7C
ID: 1F0, Data: 8F9 40 B5 BF 0 0 0 0
ID: 153, Data: 80 0 0 FF 0 FF 0 0
ID: 5F0, Data: 20 0
ID: 43F, Data: 81 48 60 FF 53 3C 16 0
ID: A0, Data: 84A 7E 41 15 D 2F 2 0
ID: 43F, Data: 81 48 60 FF 53 4C 16 0
ID: 153, Data: 80 0 0 FF 0 FF 0 0
ID: 316, Data: 85 36 28 19 43 15 C 7C
ID: 316, Data: 85 36 A 1A 3C 15 C 7C
ID: 329, Data: 8B B2 7F 8 11 39 15 26
ID: 260, Data: 8B 37 3B 30 0 FF BD 13
ID: 153, Data: 80 0 0 FF 0 FF 0 0
ID: 43F, Data: 81 48 60 FF 53 54 17 0
ID: 316, Data: 85 38 2D 1A 39 15 C 7C
ID: 1F1, Data: 80 25 5D C0 6 5A A0 6
ID: 153, Data: 80 0 0 FF 0 FF 0 0
ID: 153, Data: 80 0 0 FF 0 FF 0 0
ID: 43F, Data: 81 48 60 FF 53 70 18 0
ID: 2A0, Data: 8C1 8 63 1C 3D 0 17 0
ID: 43F, Data: 81 48 60 FF 53 2C 19 0
ID: 43F, Data: 81 48 60 FF 53 78 19 0
ID: 43F, Data: 81 48 60 FF 53 A8 19 0
ID: 370, Data: 8FF D8 F0 FF FF FF FF FF
ID: 316, Data: 85 36 21 1C 38 15 E 7C
ID: A0, Data: 841 7E DA 1B E 30 2 0
ID: 43F, Data: 81 48 60 FF 53 AC 1A 0
ID: 153, Data: 80 0 0 FF 0 FF 0 0
ID: 316, Data: 85 35 E6 1C 37 15 E 7C
ID: 316, Data: 85 35 32 1D 37 15 E 7C
ID: 329, Data: 840 B2 7F 8 11 39 14 26
ID: 1F1, Data: 80 57 6A E0 7 67 B0 7
ID: 316, Data: 85 35 E5 1D 36 15 F 7C
ID: 316, Data: 85 35 13 1E 36 15 F 7C
ID: 153, Data: 80 0 0 FF 0 FF 0 0
ID: 153, Data: 80 0 0 FF 0 FF 0 0
ID: 316, Data: 85 36 E 1F 35 15 F 7C
ID: 260, Data: 8B 36 35 30 0 FF DB B
ID: 5F0, Data: 20 0
ID: 316, Data: 85 36 BE 1F 34 15 10 7C
ID: 316, Data: 85 36 E5 1F 34 15 10 7C
ID: 329, Data: 884 B2 7F 8 11 3A 14 26
ID: 440, Data: 8FE 91 F A0 FF AA AA AA
ID: 316, Data: 85 36 4F 20 34 15 10 7C
ID: 153, Data: 80 0 0 FF 0 FF 0 0
ID: 153, Data: 80 0 0 FF 0 FF 0 0
ID: 316, Data: 85 36 C9 20 34 15 10 7C
ID: 5F0, Data: 20 0
ID: 316, Data: 85 36 47 21 33 15 11 7C
ID: 153, Data: 80 0 0 FF 0 FF 0 0
ID: 18F, Data: 8AA 31 0 0 0 0 0 0
ID: 280, Data: 830 0 88 B2 44 20 63 5D
ID: 316, Data: 85 35 30 22 33 16 11 7C
ID: 43F, Data: 81 48 60 FF 53 8 21 0
ID: 153, Data: 80 0 0 FF 0 FF 0 0
ID: 316, Data: 85 34 D7 22 32 16 11 7C
ID: 43F, Data: 81 48 60 FF 53 A8 21 0
ID: 260, Data: 8B 34 32 30 0 FF D8 3
ID: 316, Data: 85 33 55 23 32 16 11 7C
ID: 153, Data: 80 0 0 FF 0 FF 0 0
ID: A0, Data: 839 7E 36 23 12 31 2 0
ID: 316, Data: 85 32 E8 23 32 16 12 7C
ID: 260, Data: 8B 33 32 30 0 FF D8 22
ID: 43F, Data: 81 48 60 FF 53 2C 23 0
ID: 316, Data: 85 32 A1 24 31 17 12 7C
ID: 370, Data: 8FF D8 F0 FF FF FF FF FF
ID: 316, Data: 85 32 1B 25 31 17 12 7C
ID: 43F, Data: 81 48 60 FF 53 F8 23 0
ID: 43F, Data: 81 48 60 FF 53 20 24 0
ID: 545, Data: 8DC 8C 0 8D D6 1 D6 1
ID: 153, Data: 80 0 0 FF 0 FF 0 0
ID: 316, Data: 85 31 CE 25 31 17 12 7C
ID: 5A0, Data: 80 0 0 90 0 0 0 0
ID: 316, Data: 85 31 2A 26 30 17 12 7C
ID: 43F, Data: 81 48 60 FF 53 2C 25 0
ID: 329, Data: 884 B2 7F 8 11 3B 14 26
ID: 153, Data: 80 0 0 FF 0 FF 0 0
ID: 153, Data: 80 0 0 FF 0 FF 0 0
ID: 5F0, Data: 20 0
ID: 153, Data: 80 0 0 FF 0 FF 0 0
ID: 153, Data: 80 0 0 FF 0 FF 0 0
ID: 2A0, Data: 861 E 63 1C 3D 0 17 0
ID: 43F, Data: 81 48 60 FF 53 58 26 0
ID: 316, Data: 85 30 86 27 31 18 13 7C
ID: A0, Data: 836 7E 72 27 14 32 2 0
ID: 316, Data: 85 30 EB 27 31 18 13 7C
ID: 280, Data: 830 0 88 B2 50 1D 63 4D
ID: 43F, Data: 81 48 60 FF 53 50 27 0
ID: 370, Data: 8FF D8 F0 FF FF FF FF FF
ID: 260, Data: 8B 31 31 30 0 FF D2 1C
ID: 316, Data: 85 30 FB 28 31 18 14 7C
ID: A1, Data: 887 79 87 77 24 0 0 0
ID: 43F, Data: 81 48 60 FF 53 C 28 0
ID: 43F, Data: 81 48 60 FF 53 34 28 0
ID: 43F, Data: 81 48 60 FF 53 58 28 0
ID: 153, Data: 80 0 0 FF 0 FF 0 0
ID: 153, Data: 80 0 0 FF 0 FF 0 0
ID: 440, Data: 8FE E1 14 A0 FF AA AA AA
ID: 260, Data: 8B 31 35 30 0 FF D1 A
ID: 153, Data: 80 0 0 FF 0 FF 0 0
ID: 316, Data: 85 31 5F 2A 35 19 14 7C
ID: 43F, Data: 81 48 60 FF 53 74 29 0
ID: 260, Data: 8B 33 35 30 0 FF D0 18
ID: 5F0, Data: 20 0
ID: 153, Data: 80 0 0 FF 0 FF 0 0
ID: 316, Data: 85 33 32 2B 34 19 15 7C
ID: 153, Data: 80 0 0 FF 0 FF 0 0
ID: 329, Data: 840 B2 7F 8 11 3E 1C 26
ID: 316, Data: 85 35 C3 2B 38 19 15 7C
ID: 18F, Data: 8AA 30 0 0 0 0 0 0
ID: 316, Data: 85 37 3F 2C 3A 19 15 7C
ID: 43F, Data: 81 48 60 FF 53 50 2B 0
ID: 316, Data: 85 38 D7 2C 3B 18 15 7C
ID: A1, Data: 889 79 8D 77 27 0 0 0
ID: 316, Data: 85 3A 59 2D 3B 18 16 7C
ID: 316, Data: 85 3A A9 2D 3A 18 16 7C
ID: 43F, Data: 81 48 60 FF 53 84 2C 0
ID: 370, Data: 8FF DA F0 FF FF FF FF FF
ID: 545, Data: 8DC DC 0 8D 5C 2 5C 2
ID: 153, Data: 80 0 0 FF 0 FF 0 0
ID: 316, Data: 85 3B BA 2E 39 19 16 7C
ID: 153, Data: 80 0 0 FF 0 FF 0 0
ID: 153, Data: 80 0 0 FF 0 FF 0 0
ID: 316, Data: 85 3C 64 2F 39 19 17 7C
ID: 153, Data: 80 0 0 FF 0 FF 0 0
ID: 18F, Data: 8AA 30 0 0 0 0 0 0
ID: 440, Data: 8FE E1 17 A0 FF AA AA AA
ID: 43F, Data: 81 48 60 FF 53 44 2F 0
ID: A1, Data: 88A 7D 8C 79 2A 0 0 0
ID: 153, Data: 80 0 0 FF 0 FF 0 0
ID: 316, Data: 85 3B 61 31 37 1A 18 7C
ID: 153, Data: 80 0 0 FF 0 FF 0 0
ID: 316, Data: 85 3A E0 31 37 1A 18 7C
ID: 440, Data: 8FE E1 18 A0 FF AA AA AA
ID: 18F, Data: 8AA 30 0 0 0 0 0 0
ID: 316, Data: 85 3A 40 32 37 1A 18 7C
ID: 153, Data: 80 0 0 FF 0 FF 0 0
ID: 316, Data: 85 3A C2 32 37 1A 18 7C
ID: 316, Data: 85 3A E3 32 37 1A 19 7C
ID: A0, Data: 840 7C C2 32 19 39 2 0
ID: 43F, Data: 81 48 60 FF 53 20 32 0
ID: 43F, Data: 8A 48 60 FF 53 64 32 0
ID: 545, Data: 8DC E4 0 8D 1D 2 1D 2
ID: 316, Data: 85 38 F2 33 36 1A 19 7C
ID: 5F0, Data: 20 0
ID: 260, Data: 8B 38 36 30 0 FF C6 3B
ID: 2A0, Data: 8C1 16 63 1C 3D 0 17 0
ID: 5A0, Data: 80 0 0 90 0 0 0 0
ID: 316, Data: 85 38 A1 34 35 1A 1A 7C
ID: 43F, Data: 8A 48 60 FF 53 8C 33 0
ID: 316, Data: 85 37 A1 34 35 1A 1A 7C
ID: A0, Data: 83E 7C C5 34 1A 39 2 0
ID: 316, Data: 85 2F 7E 34 35 1A 1A 7C
ID: 316, Data: 85 23 5 33 36 1A 1A 7C
ID: 43F, Data: 8A 48 60 1D 53 8 30 0
ID: 316, Data: 85 23 F 2F 39 19 1A 7C
ID: 316, Data: 85 25 D7 2C 3A 19 1A 7C
ID: A1, Data: 884 7D 8A 79 2A 0 0 0
ID: 316, Data: 85 26 11 29 3E 17 1B 7C
ID: 153, Data: 80 0 0 FF 0 FF 0 0
ID: 2A0, Data: 81 17 63 1C 3D 0 17 0
ID: 316, Data: 85 28 9 25 41 16 1B 7C
ID: A0, Data: 84D 7B 37 27 1B 37 2 0
ID: 153, Data: 80 0 0 FF 0 FF 0 0
ID: 153, Data: 80 0 0 FF 0 FF 0 0
ID: 316, Data: 85 4A E5 21 44 15 1C 7C
ID: 153, Data: 80 0 0 FF 0 FF 0 0
ID: 316, Data: 85 4B D7 21 43 14 1C 7C
ID: 153, Data: 80 0 0 FF 0 FF 0 0
ID: 316, Data: 85 4B 6C 22 43 15 1C 7C
ID: 316, Data: 85 4B B8 22 43 15 1C 7C
ID: 153, Data: 80 0 0 FF 0 FF 0 0
ID: 43F, Data: 8A 48 60 FF 53 C0 20 0
ID: 153, Data: 80 0 0 FF 0 FF 0 0
ID: 316, Data: 85 49 6 23 43 15 1D 7C
ID: 316, Data: 85 49 16 23 43 15 1D 7C
ID: 316, Data: 85 49 45 23 43 15 1D 7C
ID: 43F, Data: 82 48 60 FF 53 78 21 0
ID: 316, Data: 85 49 A6 23 43 16 1E 7C
ID: 2A0, Data: 8C1 18 63 1C 3D 0 17 0
ID: 316, Data: 85 47 D7 23 42 16 1E 7C
ID: 316, Data: 85 47 E8 23 42 16 1E 7C
ID: 370, Data: 8FF DB F0 FF FF FF FF FF
ID: 316, Data: 85 46 4C 24 42 16 1E 7C
ID: 153, Data: 80 0 0 FF 0 FF 0 0
ID: 316, Data: 85 46 7F 24 42 16 1F 7C
ID: 316, Data: 85 45 A1 24 42 16 1F 7C
ID: 2A0, Data: 8A1 19 63 1C 3D 0 17 0
ID: 316, Data: 85 44 E6 24 41 16 1F 7C
ID: 316, Data: 85 43 9 25 2E 16 1F 7C
ID: 43F, Data: 82 48 60 FF 53 40 23 0
ID: 316, Data: 85 3E 3E 25 B 16 1F 7C
ID: 545, Data: 8DC 93 0 8D 23 2 23 2
ID: 440, Data: 8FE 72 1F A0 FF AA AA AA
ID: 153, Data: 80 0 0 FF 0 FF 0 0
ID: 545, Data: 8DC 63 0 8D FA 0 FA 0
ID: 316, Data: 85 24 9 24 F 19 20 7C
ID: 18F, Data: 8AA 2F 0 0 0 0 0 0
ID: 5F0, Data: 20 0
ID: 440, Data: 8FE 72 1F A0 FF AA AA AA
ID: 545, Data: 8DC 44 0 8B 3D 0 3D 0
ID: 153, Data: 80 0 0 FF 0 FF 0 0
ID: 316, Data: 85 1B F7 22 10 1A 20 7C
ID: 316, Data: 85 1B B8 22 10 1A 20 7C
ID: 545, Data: 8DC 3B 0 8B FE FF FE FF
ID: 316, Data: 85 19 21 22 10 1A 20 7C
ID: 280, Data: 830 0 84 AD 43 10 63 31
ID: 153, Data: 80 0 0 FF 0 FF 0 0
ID: 316, Data: 85 16 38 21 11 1A 20 7C
ID: 153, Data: 80 0 0 FF 0 FF 0 0
ID: A1, Data: 87C 76 7C 75 17 0 0 0
ID: 329, Data: 884 AD 7F 8 11 31 0 26
ID: 1F0, Data: 86F 40 B5 BF 0 0 0 0
ID: 153, Data: 80 0 0 FF 0 FF 0 0
ID: 153, Data: 80 0 0 FF 0 FF 0 0
ID: A1, Data: 880 76 7D 75 1B 0 0 0
ID: 280, Data: 830 0 84 AD 3B 14 62 39
ID: 545, Data: 8DC 46 0 8A 19 FF 19 FF
ID: 316, Data: 85 17 32 1D 1C 23 1F 7C
ID: 316, Data: 85 19 1C 1D 1C 23 1F 7C
ID: 43F, Data: 82 48 60 FF 53 30 22 0
ID: 316, Data: 85 1A E6 1C 1C 22 1F 7C
ID: A1, Data: 880 76 80 75 1E 0 0 0
ID: 316, Data: 85 1B E6 1C 1B 22 1F 7C
ID: 316, Data: 85 1C DC 1C 1B 22 1F 7C
ID: A0, Data: 832 79 E6 1C 1F 2D 2 0
ID: 316, Data: 845 1C BC 1C 1C 22 1E 7C
ID: 153, Data: 80 0 0 FF 0 FF 0 0
ID: 316, Data: 84D 1C 2 1C 1C 22 1E 7C
ID: A1, Data: 882 76 82 75 1F 0 0 0
ID: 153, Data: 80 0 0 FF 0 FF 0 0
ID: 316, Data: 84D 19 6B 1A 1D 22 1E 7C
ID: 153, Data: 80 0 0 FF 0 FF 0 0
ID: 18F, Data: 8AA 2F 0 0 0 0 0 0
ID: 316, Data: 84D 1B A1 18 1D 22 1E 7C
ID: 316, Data: 84D 16 20 18 1E 22 1D 7C
ID: 153, Data: 80 0 0 FF 0 FF 0 0
ID: 316, Data: 84D 16 2C 17 1E 22 1D 7C
ID: 316, Data: 84D 17 B3 16 1F 22 1D 7C
ID: 43F, Data: 82 48 60 FF 53 C0 1F 0
ID: 153, Data: 80 0 0 FF 0 FF 0 0
ID: A1, Data: 880 76 80 75 20 0 0 0
ID: 329, Data: 840 AC 7F 8 12 31 0 26
ID: 545, Data: 8DC 28 0 8B AB FF AB FF
ID: 153, Data: 80 0 0 FF 0 FF 0 0
ID: 153, Data: 80 0 0 FF 0 FF 0 0
ID: 316, Data: 845 25 61 13 22 22 1C 7C
ID: 153, Data: 80 0 0 FF 0 FF 0 0
ID: 280, Data: 830 0 84 AC 25 1C 62 47
ID: 316, Data: 845 26 1A 13 22 22 1C 7C
ID: 153, Data: 80 0 0 FF 0 FF 0 0
ID: 316, Data: 845 26 31 13 22 22 1B 7C
ID: 153, Data: 80 0 0 FF 0 FF 0 0
ID: 43F, Data: 82 48 60 FF 53 A4 1D 0
ID: 545, Data: 8DC 41 0 8A 40 0 40 0
ID: 43F, Data: 82 48 60 FF 53 40 1D 0
ID: 43F, Data: 82 48 60 FF 53 10 1D 0
ID: 440, Data: 8FE 22 1A A0 FF AA AA AA
ID: 260, Data: 8B 25 22 30 0 FF 4F 24
ID: 316, Data: 845 24 BE 13 22 22 1A 7C
ID: 18F, Data: 8AA 33 0 0 0 0 0 0
ID: 316, Data: 845 24 B9 13 22 22 1A 7C
ID: 153, Data: 80 0 0 FF 0 FF 0 0
ID: 2A0, Data: 820 A 62 1C 3D 0 17 0
ID: 43F, Data: 82 48 60 FF 53 88 1B 0
ID: 2A0, Data: 8E0 A 62 1C 3D 0 17 0
ID: 316, Data: 845 24 3B 13 22 22 19 7C
ID: 153, Data: 80 0 0 FF 0 FF 0 0
ID: 260, Data: 8B 25 23 30 0 FF 4F 32
ID: 329, Data: 884 AB 7F 8 12 31 0 26
ID: 153, Data: 80 0 0 FF 0 FF 0 0
ID: 316, Data: 845 25 BA 12 23 22 18 7C
ID: 5F0, Data: 20 0
ID: 329, Data: 8B AB 7F 8 12 31 0 26
ID: 316, Data: 845 26 37 12 23 22 17 7C
ID: 440, Data: 8FE 22 17 A0 FF AA AA AA
ID: 316, Data: 845 27 C3 11 23 22 17 7C
ID: 43F, Data: 82 48 60 FF 54 1C 19 0
ID: 316, Data: 845 27 CB 11 23 22 17 7C
ID: 153, Data: 80 0 0 FF 0 FF 0 0
ID: 1F0, Data: 868 40 B5 BF 0 0 0 0
ID: 316, Data: 845 28 AE 11 22 22 16 7C
ID: 316, Data: 845 27 CB 11 22 22 16 7C
ID: 43F, Data: 82 48 60 FF 54 E0 17 0
ID: 316, Data: 845 27 D3 11 22 22 16 7C
ID: A1, Data: 881 76 8C 75 23 0 0 0
ID: 316, Data: 845 26 BF 11 22 22 15 7C
ID: 316, Data: 845 26 BB 11 22 22 15 7C
ID: 370, Data: 8FF DE F0 FF FF FF FF FF
ID: 280, Data: 830 0 84 AB 23 1B 62 48
ID: 1F1, Data: 80 23 A0 E0 9 A2 20 A
ID: 329, Data: 8B AB 7F 8 12 2F 0 26
ID: 43F, Data: 82 48 60 FF 54 F8 15 0
ID: 153, Data: 80 0 0 FF 0 FF 0 0
ID: 316, Data: 845 25 45 11 22 23 14 7C
ID: 370, Data: 8FF DE F0 FF FF FF FF FF
ID: A0, Data: 833 78 45 11 14 28 2 0
ID: 316, Data: 845 25 F6 10 22 23 13 7C
ID: 316, Data: 845 25 D5 10 22 23 13 7C
ID: 153, Data: 80 0 0 FF 0 FF 0 0
ID: 18F, Data: 8AA 36 0 0 0 0 0 0
ID: 316, Data: 845 25 53 10 23 23 12 7C
ID: 316, Data: 845 26 42 10 23 23 12 7C
ID: 153, Data: 80 0 0 FF 0 FF 0 0
ID: 153, Data: 80 0 0 FF 0 FF 0 0
ID: 316, Data: 845 26 DC F 24 23 11 7C
ID: 5F0, Data: 20 0
ID: 316, Data: 845 26 77 F 24 23 11 7C
ID: 316, Data: 845 26 5C F 24 23 11 7C
ID: 440, Data: 8FE 22 10 A0 FF AA AA AA
ID: 5F0, Data: 20 0
ID: 43F, Data: 82 48 60 FF 54 6C 11 0
ID: 370, Data: 8FF DE F0 FF FF FF FF FF
ID: 153, Data: 80 0 0 FF 0 FF 0 0
ID: 153, Data: 80 0 0 FF 0 FF 0 0
ID: 280, Data: 830 0 84 AB 1C 1C 62 4A
ID: 370, Data: 8FF DE F0 FF FF FF FF FF
ID: 153, Data: 80 0 0 FF 0 FF 0 0
ID: 153, Data: 80 0 0 FF 0 FF 0 0
ID: 316, Data: 845 27 58 E 26 23 E 7C
ID: 153, Data: 80 0 0 FF 0 FF 0 0
ID: 316, Data: 845 27 5E E 26 23 E 7C
ID: 153, Data: 80 0 0 FF 0 FF 0 0
ID: 316, Data: 845 27 5E E 26 23 D 7C
ID: 43F, Data: 82 48 60 FF 54 48 E 0
ID: 329, Data: 8B AB 7F 8 12 2E 0 26
ID: 260, Data: 8B 27 26 30 0 FF 60 2B
ID: 153, Data: 80 0 0 FF 0 FF 0 0
ID: 316, Data: 845 27 2F E 26 23 C 7C
ID: 1F0, Data: 854 40 B5 BF 0 0 0 0
ID: 153, Data: 80 0 0 FF 0 FF 0 0
ID: 316, Data: 845 27 C3 D 27 23 B 7C
ID: 153, Data: 80 0 0 FF 0 FF 0 0
ID: 280, Data: 830 0 84 AB 1A 1D 63 4C
ID: 43F, Data: 82 48 60 FF 54 9C B 0
ID: A0, Data: 839 79 8A D C 26 2 0
ID: 316, Data: 845 2A 96 C 29 23 A 7C
ID: 153, Data: 80 0 0 FF 0 FF 0 0
ID: 316, Data: 845 2B 22 C 2A 23 A 7C
ID: 153, Data: 80 0 0 FF 0 FF 0 0
ID: 153, Data: 80 0 0 FF 0 FF 0 0
ID: 43F, Data: 82 48 60 FF 54 E8 9 0
ID: 153, Data: 80 0 0 FF 0 FF 0 0
ID: 316, Data: 845 2D 72 B 2C 23 9 7C
ID: 153, Data: 80 0 0 FF 0 FF 0 0
ID: 316, Data: 845 2E 2D B 2C 23 8 7C
ID: 1F0, Data: 83E 40 B5 BF 0 0 0 0
ID: 153, Data: 80 0 0 FF 0 FF 0 0
ID: 316, Data: 845 2F 1C B 2C 23 8 7C
ID: 153, Data: 80 0 0 FF 0 FF 0 0
ID: 280, Data: 830 0 84 AB 15 21 63 56
ID: 316, Data: 845 2F EA A 2D 22 7 7C
ID: 153, Data: 80 0 0 FF 0 FF 0 0
ID: 316, Data: 845 2F F7 A 2D 22 7 7C
ID: 153, Data: 80 0 0 FF 0 FF 0 0
ID: 316, Data: 845 30 CC A 2D 22 6 7C
ID: 153, Data: 80 0 0 FF 0 FF 0 0
ID: 153, Data: 80 0 0 FF 0 FF 0 0
ID: 440, Data: 8ED 82 5 A0 FF AA AA AA
ID: 43F, Data: 82 48 60 FF 54 0 6 0
ID: 316, Data: 845 2F EF A 2D 22 5 7C
ID: 370, Data: 8FF DE F0 FF FF FF FF FF
ID: 260, Data: 8B 30 2D 30 0 FF 61 1A
ID: 316, Data: 845 2F 96 A 2D 22 5 7C
ID: A0, Data: 841 79 78 A 5 25 2 0
ID: 43F, Data: 82 48 60 FF 54 8 5 0
ID: 153, Data: 80 0 0 FF 0 FF 0 0
ID: 153, Data: 80 0 0 FF 0 FF 0 0
ID: 153, Data: 80 0 0 FF 0 FF 0 0
ID: 545, Data: 8DC 2B 0 8B F5 0 F5 0
ID: 316, Data: 845 30 86 A 2D 22 4 7C
ID: 545, Data: 8DC 2C 0 89 F4 0 F4 0
ID: 153, Data: 80 0 0 FF 0 FF 0 0
ID: 5F0, Data: 20 0
ID: 43F, Data: 82 48 60 FF 55 D4 3 0
ID: 440, Data: 8D0 22 3 A0 FF AA AA AA
ID: 5F0, Data: 20 0
ID: 316, Data: 845 2F A3 A 2D 22 3 7C
ID: 153, Data: 80 0 0 FF 0 FF 0 0
ID: A1, Data: 886 80 86 80 2A 0 0 0
ID: 329, Data: 840 AB 7F 8 12 2D 0 26
ID: 545, Data: 8DC 2C 0 8D DE 0 DE 0
ID: 153, Data: 80 0 0 FF 0 FF 0 0
ID: 43F, Data: 82 48 60 FF 54 C8 2 0
ID: 153, Data: 80 0 0 FF 0 FF 0 0
ID: 153, Data: 80 0 0 FF 0 FF 0 0
ID: 316, Data: 845 2E CB A 2C 22 2 7C
ID: 2A0, Data: 880 2 63 1C 3D 0 17 0
ID: 316, Data: 845 2E C6 A 2C 22 2 7C
ID: 316, Data: 845 2E A4 A 2C 22 2 7C
ID: 329, Data: 884 AB 7F 8 12 2D 0 26
ID: 1F1, Data: 80 DE E D0 0 E D0 0
ID: 1F0, Data: 830 40 B5 BF 0 0 0 0
ID: 316, Data: 845 2E 7F A 2D 22 1 7C
ID: 316, Data: 845 2E 7A A 2D 22 1 7C
ID: 316, Data: 845 2E 66 A 2D 22 1 7C
ID: 43F, Data: 89 48 60 FF 55 40 1 0
ID: 153, Data: 80 0 0 FF 0 FF 0 0
ID: 316, Data: 845 2E 63 A 2D 22 1 7C
ID: 43F, Data: 89 48 60 FF 54 38 1 0
ID: 440, Data: 8B7 D2 1 A0 FF AA AA AA
ID: 440, Data: 8B7 D2 1 A0 FF AA AA AA
ID: 153, Data: 80 0 0 FF 0 FF 0 0
ID: 329, Data: 8B AB 7F 8 12 2C 0 26
ID: 316, Data: 845 2E 7E A 2C 22 1 7C
ID: 329, Data: 840 AB 7F 8 12 2C 0 26
ID: 43F, Data: 89 48 60 FF 54 30 1 0
ID: 1F1, Data: 80 DE 9 80 0 9 80 0
ID: 153, Data: 80 0 0 FF 0 FF 0 0
ID: 316, Data: 845 2E 4D A 2D 22 1 7C
ID: 153, Data: 80 0 0 FF 0 FF 0 0
ID: 316, Data: 845 2E 55 A 2D 22 1 7C
ID: 153, Data: 80 0 0 FF 0 FF 0 0
ID: 280, Data: 830 0 84 AC 14 20 63 58
ID: 316, Data: 845 2E 57 A 2D 22 1 7C
ID: 5F0, Data: 20 0
ID: 316, Data: 845 2E 60 A 2D 22 0 7C
ID: 43F, Data: 89 48 60 FF 54 34 2 0
ID: 316, Data: 845 2E 5F A 2D 22 0 7C
ID: 280, Data: 830 0 84 AC 14 20 63 58
ID: A1, Data: 881 80 84 80 2A 0 0 0
ID: 316, Data: 845 2D 71 A 2C 22 0 7C
ID: 1F0, Data: 831 40 B5 BF 0 0 0 0
ID: A1, Data: 881 80 84 80 2A 0 0 0
ID: 153, Data: 80 0 0 FF 0 FF 0 0
ID: 43F, Data: 89 48 60 FF 55 78 2 0
ID: 260, Data: 8B 2D 2D 30 0 FF 6D 3
ID: 153, Data: 80 0 0 FF 0 FF 0 0
ID: 316, Data: 845 2D 49 A 2D 22 1 7C
ID: A1, Data: 881 80 83 80 2A 0 0 0
ID: 316, Data: 845 2D 4F A 2C 22 1 7C
ID: 316, Data: 845 2D 49 A 2D 22 1 7C
ID: 316, Data: 845 2D 47 A 2D 22 1 7C
ID: 1F0, Data: 831 40 B5 BF 0 0 0 0
ID: 153, Data: 80 0 0 FF 0 FF 0 0
ID: 316, Data: 845 2D 69 A 2C 22 1 7C
ID: 153, Data: 80 0 0 FF 0 FF 0 0
ID: 153, Data: 80 0 0 FF 0 FF 0 0
ID: 316, Data: 845 2D 83 A 2B 22 1 7C
ID: 5F0, Data: 20 0
ID: 316, Data: 845 2C 74 A 2C 22 1 7C
ID: 153, Data: 80 0 0 FF 0 FF 0 0
ID: 329, Data: 884 AC 7F 8 12 2C 0 26
ID: 316, Data: 845 2C 82 A 2B 22 1 7C
ID: 1F0, Data: 831 40 B5 BF 0 0 0 0
ID: 153, Data: 80 0 0 FF 0 FF 0 0
ID: 43F, Data: 81 48 60 FF 54 38 3 0
ID: 153, Data: 80 0 0 FF 0 FF 0 0
ID: 153, Data: 80 0 0 FF 0 FF 0 0
ID: 316, Data: 845 2C 4B A 2C 22 1 7C
ID: 370, Data: 8FF DE F0 FF FF FF FF FF
ID: A1, Data: 880 80 81 80 29 0 0 0
ID: 316, Data: 845 2C 5A A 2C 22 1 7C
ID: 280, Data: 830 0 84 AC 14 1F 63 58
ID: 43F, Data: 81 48 60 FF 55 90 2 0
ID: 43F, Data: 81 48 60 FF 55 64 2 0
ID: 329, Data: 8B AC 7F 8 12 2C 0 26
ID: A0, Data: 83F 7A 4F A 1 25 2 0
ID: 153, Data: 80 0 0 FF 0 FF 0 0
ID: 43F, Data: 81 48 60 FF 55 EC 1 0
ID: 260, Data: 8B 2D 2C 30 0 FF 6D 4
ID: 43F, Data: 81 48 60 FF 55 A8 1 0
ID: 43F, Data: 81 48 60 FF 55 94 1 0
ID: 153, Data: 80 0 0 FF 0 FF 0 0
ID: 43F, Data: 81 48 60 FF 55 50 1 0
ID: 316, Data: 845 2C 58 A 2C 22 0 7C
ID: 153, Data: 80 0 0 FF 0 FF 0 0
ID: A1, Data: 881 80 80 80 29 0 0 0
ID: 316, Data: 845 2C 3D A 2C 22 0 7C
ID: 545, Data: 8DC 27 0 8A B5 0 B5 0
ID: 153, Data: 80 0 0 FF 0 FF 0 0
ID: 43F, Data: 81 48 60 FF 55 9C 0 0
ID: 153, Data: 80 0 0 FF 0 FF 0 0
ID: 153, Data: 80 0 0 FF 0 FF 0 0
ID: 1F1, Data: 80 E0 3 30 0 3 30 0
ID: 545, Data: 8DC 26 0 8C 48 1 48 1
ID: 545, Data: 8DC 25 0 8C 3E 1 3E 1
ID: 370, Data: 8FF DE F0 FF FF FF FF FF
ID: 153, Data: 80 0 0 FF 0 FF 0 0
ID: 280, Data: 830 0 84 AC 14 1D 63 54
ID: 316, Data: 845 28 26 A 26 19 0 7C
ID: 316, Data: 85 28 6 A 26 19 0 7C
ID: 316, Data: 85 28 FE 9 26 19 0 7C
ID: 153, Data: 80 0 0 FF 0 FF 0 0
ID: 316, Data: 85 27 4C A 25 19 0 7C
ID: 153, Data: 80 0 0 FF 0 FF 0 0
ID: 316, Data: 85 26 6D A 25 1A 0 7C
ID: 5F0, Data: 20 0
ID: 153, Data: 80 0 0 FF 0 FF 0 0
ID: 316, Data: 85 26 75 A 25 1A 0 7C
ID: 5F0, Data: 20 0
ID: 316, Data: 85 25 4D A 25 1A 0 7C
ID: 316, Data: 85 25 45 A 25 1A 0 7C
ID: 316, Data: 85 25 42 A 25 19 0 7C
ID: 545, Data: 8DC 21 0 8C D0 0 D0 0
ID: 153, Data: 80 0 0 FF 0 FF 0 0
ID: 43F, Data: 81 48 60 FF 55 0 0 0
ID: 153, Data: 80 0 0 FF 0 FF 0 0
ID: 153, Data: 80 0 0 FF 0 FF 0 0
ID: 545, Data: 8DC 22 0 8D D9 0 D9 0
ID: 43F, Data: 81 48 60 FF 55 0 0 0
ID: 43F, Data: 81 48 60 FF 55 0 0 0
ID: 260, Data: 8B 26 26 30 0 FF 70 1C
ID: A0, Data: 837 7A 4C A 0 24 2 0
ID: 316, Data: 85 25 34 A 25 19 0 7C
ID: 43F, Data: 81 48 60 FF 55 0 0 0
ID: 370, Data: 8FF DE F0 FF FF FF FF FF
ID: 43F, Data: 81 48 60 FF 55 0 0 0
ID: 153, Data: 80 0 0 FF 0 FF 0 0
ID: A1, Data: 883 7B 81 7C 26 0 0 0
ID: 18F, Data: 8AA 38 0 0 0 0 0 0
ID: A0, Data: 837 7A F A 0 24 2 0
ID: 329, Data: 884 AD 7F 8 12 2B 0 26
ID: 153, Data: 80 0 0 FF 0 FF 0 0
ID: 2A0, Data: 840 0 63 1C 3D 0 17 0
ID: 316, Data: 85 25 1F A 26 19 0 7C
ID: 545, Data: 8DC 21 0 8C D7 0 D7 0
ID: 153, Data: 80 0 0 FF 0 FF 0 0
ID: 153, Data: 80 0 0 FF 0 FF 0 0
ID: 153, Data: 80 0 0 FF 0 FF 0 0
ID: 370, Data: 8FF DE F0 FF FF FF FF FF
ID: 316, Data: 85 25 29 A 25 19 0 7C
ID: 153, Data: 80 0 0 FF 0 FF 0 0
ID: 153, Data: 80 0 0 FF 0 FF 0 0
ID: 43F, Data: 81 48 60 FF 55 0 0 0
ID: A1, Data: 885 7B 81 7C 26 0 0 0
ID: 43F, Data: 81 48 60 FF 55 0 0 0
ID: 153, Data: 80 0 0 FF 0 FF 0 0
ID: 153, Data: 80 0 0 FF 0 FF 0 0
ID: A0, Data: 837 7A F A 0 24 2 0
ID: 316, Data: 85 25 6 A 26 19 0 7C
ID: 316, Data: 85 25 17 A 26 19 0 7C
ID: 316, Data: 85 25 19 A 26 19 0 7C
ID: 280, Data: 830 0 84 AD 14 1B 63 4F
ID: A1, Data: 885 7B 83 7C 26 0 0 0
ID: 153, Data: 80 0 0 FF 0 FF 0 0
ID: 316, Data: 85 25 3D A 25 19 0 7C
ID: 153, Data: 80 0 0 FF 0 FF 0 0
ID: 43F, Data: 81 48 60 FF 55 0 0 0
ID: 153, Data: 80 0 0 FF 0 FF 0 0
ID: 316, Data: 85 25 44 A 25 19 0 7C
ID: 153, Data: 80 0 0 FF 0 FF 0 0
ID: 153, Data: 80 0 0 FF 0 FF 0 0
ID: 1F0, Data: 832 40 B5 BF 0 0 0 0
ID: 18F, Data: 8AA 36 0 0 0 0 0 0
ID: A1, Data: 887 7B 85 7C 26 0 0 0
ID: 329, Data: 840 AD 7F 8 12 2B 0 26
ID: 153, Data: 80 0 0 FF 0 FF 0 0
ID: 153, Data: 80 0 0 FF 0 FF 0 0
ID: 18F, Data: 8AA 36 0 0 0 0 0 0
ID: 316, Data: 85 25 40 A 25 19 0 7C
ID: 153, Data: 80 0 0 FF 0 FF 0 0
ID: 316, Data: 85 25 36 A 25 19 0 7C
ID: 316, Data: 85 25 35 A 25 19 0 7C
ID: 316, Data: 85 25 34 A 25 19 0 7C
ID: 260, Data: 8B 25 25 30 0 FF 70 3C
ID: 43F, Data: 81 48 60 FF 55 10 1 0
ID: 370, Data: 8FF DE F0 FF FF FF FF FF
ID: 440, Data: 8AF E1 0 A0 FF AA AA AA
ID: 153, Data: 80 0 0 FF 0 FF 0 0
ID: 316, Data: 85 25 21 A 25 19 0 7C
ID: 153, Data: 80 0 0 FF 0 FF 0 0
ID: 316, Data: 85 25 1F A 25 19 0 7C
ID: 316, Data: 85 25 21 A 25 19 0 7C
ID: 5F0, Data: 20 0
ID: 545, Data: 8DC 22 0 8A D2 0 D2 0
ID: 316, Data: 85 25 58 A 25 19 0 7C
ID: A0, Data: 837 7B 3A A 0 24 2 0
ID: 43F, Data: 81 48 60 FF 55 84 3 0
ID: 43F, Data: 81 48 60 FF 55 C0 3 0
ID: 153, Data: 80 0 0 FF 0 FF 0 0
ID: 316, Data: 85 25 3D A 25 19 1 7C
ID: 153, Data: 80 0 0 FF 0 FF 0 0
ID: 153, Data: 80 0 0 FF 0 FF 0 0
ID: 316, Data: 85 25 77 A 25 19 1 7C
ID: 43F, Data: 81 48 60 FF 55 14 5 0
ID: 440, Data: 8D9 41 2 A0 FF AA AA AA
ID: 5F0, Data: 20 0
ID: 545, Data: 8DC 23 0 8D C0 0 C0 0
ID: 280, Data: 830 0 84 AE 15 1B 63 4F
ID: A0, Data: 836 7B 82 A 2 24 2 0
ID: 43F, Data: 81 48 60 FF 55 20 6 0
ID: 153, Data: 80 0 0 FF 0 FF 0 0
ID: 43F, Data: 81 48 60 FF 55 70 6 0
ID: 153, Data: 80 0 0 FF 0 FF 0 0
ID: 316, Data: 85 24 7A A 27 1A 2 7C
ID: 316, Data: 85 2A 77 A 32 1A 3 7C
ID: 153, Data: 80 0 0 FF 0 FF 0 0
ID: 316, Data: 85 2B B9 A 35 1A 3 7C
ID: 316, Data: 85 2B DD A 36 1A 3 7C
ID: 316, Data: 85 2C B B 39 1A 3 7C
ID: 260, Data: 8B 2D 3A 30 0 FF A9 32
ID: 260, Data: 8B 2E 3C 30 0 FF A9 2
ID: 316, Data: 85 2E 6C B 4E 1A 3 7C
ID: 153, Data: 80 0 0 FF 0 FF 0 0
ID: 316, Data: 85 32 BE B 53 19 3 7C
ID: 316, Data: 85 34 13 C 54 19 3 7C
ID: 153, Data: 80 0 0 FF 0 FF 0 0
ID: 2A0, Data: 861 1 63 1C 3D 0 17 0
ID: 316, Data: 85 3C DE C 50 18 4 7C
ID: 545, Data: 8DC 40 0 89 90 2 90 2
ID: 153, Data: 80 0 0 FF 0 FF 0 0
ID: 153, Data: 80 0 0 FF 0 FF 0 0
ID: 370, Data: 8FF DE F0 FF FF FF FF FF
ID: 280, Data: 830 0 88 AE 1F 27 63 67
ID: 5F0, Data: 20 0
ID: 545, Data: 8DC 57 0 8B C4 2 C4 2
ID: 329, Data: 840 AE 7F 8 11 34 10 26
ID: A1, Data: 885 7A 85 7C 30 0 0 0
ID: 5F0, Data: 20 0
ID: 440, Data: 8F6 91 5 A0 FF AA AA AA
ID: 316, Data: 85 3C 80 12 43 16 5 7C
ID: 2A0, Data: 861 3 63 1C 3D 0 17 0
ID: 43F, Data: 81 48 60 FF 55 B0 D 0
ID: 43F, Data: 81 48 60 FF 55 10 E 0
ID: 43F, Data: 81 48 60 FF 55 6C E 0
ID: 329, Data: 840 AE 7F 8 11 35 10 26
ID: A0, Data: 848 7B 52 13 6 2D 2 0
ID: 5F0, Data: 20 0
ID: 316, Data: 85 38 FA 13 38 15 6 7C
ID: 153, Data: 80 0 0 FF 0 FF 0 0
ID: 316, Data: 85 36 33 14 38 15 7 7C
ID: 316, Data: 85 36 6D 14 38 15 7 7C
ID: 153, Data: 80 0 0 FF 0 FF 0 0
ID: 153, Data: 80 0 0 FF 0 FF 0 0
ID: 18F, Data: 8AA 34 0 0 0 0 0 0
ID: 329, Data: 840 AE 7F 8 11 35 13 26
ID: 43F, Data: 81 48 60 FF 55 80 12 0
ID: 18F, Data: 8AA 34 0 0 0 0 0 0
ID: 316, Data: 85 36 BD 15 3D 15 8 7C
ID: 153, Data: 80 0 0 FF 0 FF 0 0
ID: 316, Data: 85 36 2C 16 3D 15 8 7C
ID: 370, Data: 8FF DE F0 FF FF FF FF FF
ID: 316, Data: 85 35 BA 16 3D 15 8 7C
ID: 153, Data: 80 0 0 FF 0 FF 0 0
ID: 153, Data: 80 0 0 FF 0 FF 0 0
ID: 316, Data: 85 35 80 17 3C 15 9 7C
ID: A1, Data: 889 7A 89 7C 2E 0 0 0
ID: 316, Data: 85 36 2 18 3C 15 9 7C
ID: 316, Data: 85 36 36 18 3E 15 9 7C
ID: 153, Data: 80 0 0 FF 0 FF 0 0
ID: A1, Data: 889 7A 8B 7C 2F 0 0 0
ID: 316, Data: 85 38 18 19 40 15 A 7C
ID: 545, Data: 8DC 76 0 8B 7D 2 7D 2
ID: 153, Data: 80 0 0 FF 0 FF 0 0
ID: 153, Data: 80 0 0 FF 0 FF 0 0
ID: 153, Data: 80 0 0 FF 0 FF 0 0
ID: A0, Data: 847 7B CE 19 A 30 2 0
ID: 316, Data: 85 3A 19 1B 3E 15 A 7C
ID: 329, Data: 8B AE 7F 8 11 39 17 26
ID: 5A0, Data: 80 0 0 90 0 0 0 0
ID: 43F, Data: 81 48 60 FF 55 80 19 0
ID: 43F, Data: 81 48 60 FF 55 BC 19 0
ID: 43F, Data: 81 48 60 FF 55 4 1A 0
ID: 316, Data: 85 3D 7D 1C 45 15 B 7C
ID: 18F, Data: 8AA 33 0 0 0 0 0 0
ID: 153, Data: 80 0 0 FF 0 FF 0 0
ID: 43F, Data: 81 48 60 FF 55 6C 1B 0
ID: 2A0, Data: 81 B 63 1C 3D 0 17 0
ID: 43F, Data: 81 48 60 FF 55 50 1C 0
ID: 43F, Data: 81 48 60 FF 55 B8 1C 0
ID: 43F, Data: 81 48 60 FF 55 C 1D 0
ID: 280, Data: 830 0 88 AE 3F 27 63 6D
ID: A1, Data: 88B 78 8A 7C 33 0 0 0
ID: 153, Data: 80 0 0 FF 0 FF 0 0
ID: 316, Data: 85 3F 85 20 42 15 E 7C
ID: 153, Data: 80 0 0 FF 0 FF 0 0
ID: 153, Data: 80 0 0 FF 0 FF 0 0
ID: 43F, Data: 81 48 60 FF 55 48 1F 0
ID: 153, Data: 80 0 0 FF 0 FF 0 0
ID: 316, Data: 85 3F E5 21 46 15 E 7C
ID: 153, Data: 80 0 0 FF 0 FF 0 0
ID: 316, Data: 85 41 A9 22 45 15 F 7C
ID: 316, Data: 85 42 F7 22 45 15 F 7C
ID: 545, Data: 8DC AB 0 8D 15 3 15 3
ID: 5A1, Data: 880 3 90 23 30 30 30 0
ID: 153, Data: 80 0 0 FF 0 FF 0 0
ID: 440, Data: 8FE E1 11 A0 FF AA AA AA
ID: 43F, Data: 81 48 60 FF 55 48 23 0
ID: 440, Data: 8FE E1 11 A0 FF AA AA AA
ID: 316, Data: 85 49 3D 26 4B 15 10 7C
ID: 153, Data: 80 0 0 FF 0 FF 0 0
ID: 43F, Data: 81 48 60 FF 55 50 25 0
ID: 43F, Data: 81 48 60 FF 55 C8 25 0
ID: 43F, Data: 81 48 60 FF 55 2C 26 0
ID: 260, Data: 8B 48 4A 30 0 FF C6 8
ID: 153, Data: 80 0 0 FF 0 FF 0 0
ID: 5F0, Data: 20 0
ID: 43F, Data: 81 48 60 FF 55 C4 27 0
ID: 316, Data: 85 45 C0 29 49 16 13 7C
ID: 316, Data: 85 45 1A 2A 48 16 13 7C
ID: 18F, Data: 8AA 32 0 0 0 0 0 0
ID: 43F, Data: 81 48 60 FF 55 78 29 0
ID: 153, Data: 80 0 0 FF 0 FF 0 0
ID: 43F, Data: 8A 48 60 FF 55 54 2A 0
ID: 316, Data: 85 43 58 2C 47 17 14 7C
ID: 1F0, Data: 846 40 B5 BF 0 0 0 0
ID: 1F1, Data: 80 D2 B1 A0 A B5 E0 A
ID: 43F, Data: 8A 48 60 FF 55 BC 2B 0
ID: 43F, Data: 8A 48 60 FF 55 0 2C 0
ID: 316, Data: 85 42 DF 2D 46 18 15 7C
ID: 329, Data: 8B AF 7F 8 11 44 26 26
ID: 316, Data: 85 42 82 2E 45 18 16 7C
ID: 316, Data: 85 42 82 2E 45 18 16 7C
ID: 43F, Data: 8A 48 60 FF 55 8 2D 0
ID: 316, Data: 85 43 BA 2E 45 18 16 7C
ID: 316, Data: 85 3B 82 2E 45 18 16 7C
ID: 153, Data: 80 0 0 FF 0 FF 0 0
ID: 316, Data: 85 2B D 2C 47 17 17 7C
ID: 153, Data: 80 0 0 FF 0 FF 0 0
ID: 329, Data: 840 AF 7F 8 11 44 26 26
ID: 316, Data: 85 2D 9A 27 4B 16 17 7C
ID: A1, Data: 887 7D 8C 79 31 0 0 0
ID: 43F, Data: 8A 48 60 30 54 58 22 0
ID: 153, Data: 80 0 0 FF 0 FF 0 0
ID: 43F, Data: 8A 48 60 32 55 C4 1F 0
ID: 316, Data: 85 48 AB 21 50 14 18 7C
ID: 545, Data: 8DC D1 0 8D 2E 4 84 4
ID: 5F0, Data: 20 0
ID: 316, Data: 85 54 34 20 51 13 19 7C
ID: 316, Data: 85 55 D 20 51 13 19 7C
ID: 43F, Data: 8A 48 60 FF 54 34 1D 0
ID: 43F, Data: 8A 48 60 FF 55 9C 1D 0
ID: 316, Data: 85 55 D7 20 50 13 1A 7C
ID: 18F, Data: 8AA 32 0 0 0 0 0 0
ID: 316, Data: 85 53 80 21 50 14 1A 7C
ID: 153, Data: 80 0 0 FF 0 FF 0 0
ID: 316, Data: 85 52 BA 21 50 14 1B 7C
ID: 316, Data: 85 51 D7 21 50 14 1B 7C
ID: A0, Data: 857 7C BA 21 1B 38 2 0
ID: 43F, Data: 82 48 60 FF 55 5C 1F 0
ID: 43F, Data: 82 48 60 FF 54 88 1F 0
ID: 440, Data: 8FE 82 1C A0 FF AA AA AA
ID: 316, Data: 85 4E A9 22 4F 14 1C 7C
ID: 2A0, Data: 8A1 1B 62 1C 3D 0 17 0
ID: 43F, Data: 82 48 60 FF 54 5C 20 0
ID: 370, Data: 8FF DE F0 FF FF FF FF FF
ID: 2A0, Data: 8A1 1B 62 1C 3D 0 17 0
ID: 316, Data: 85 4C 86 23 4E 14 1D 7C
ID: 2A0, Data: 81 1B 62 1C 3D 0 17 0
ID: 43F, Data: 82 48 60 FF 55 6C 21 0
ID: 370, Data: 8FF DE F0 FF FF FF FF FF
ID: 2A0, Data: 81 1C 62 1C 3D 0 17 0
ID: 316, Data: 85 4D A1 24 4E 14 1E 7C
ID: 316, Data: 85 4D D5 24 4E 14 1E 7C
ID: 43F, Data: 82 48 60 FF 55 64 22 0
ID: 5F0, Data: 20 0
ID: 2A0, Data: 861 1C 62 1C 3D 0 17 0
ID: 280, Data: 830 0 88 AF 4A 2D 62 75
ID: 5A0, Data: 80 0 0 90 0 0 0 0
ID: 43F, Data: 8B 48 60 FF 54 40 23 0
ID: 153, Data: 80 0 0 FF 0 FF 0 0
ID: 153, Data: 80 0 0 FF 0 FF 0 0
ID: 316, Data: 85 4A 5 26 4C 15 1F 7C
ID: 153, Data: 80 0 0 FF 0 FF 0 0
ID: 316, Data: 85 4A 50 26 47 15 20 7C
ID: 153, Data: 80 0 0 FF 0 FF 0 0
ID: 153, Data: 80 0 0 FF 0 FF 0 0
ID: 316, Data: 85 48 C2 26 37 15 20 7C
ID: 43F, Data: 8B 48 60 FF 54 AC 24 0
ID: 329, Data: 8B AF 7F 8 11 39 1 26
ID: 153, Data: 80 0 0 FF 0 FF 0 0
ID: 153, Data: 80 0 0 FF 0 FF 0 0
ID: 153, Data: 80 0 0 FF 0 FF 0 0
ID: 545, Data: 8DC 69 0 8D FF 0 FF 0
ID: 316, Data: 85 24 B6 23 F 19 21 7C
ID: 2A0, Data: 820 1B 62 1C 3D 0 17 0
ID: 43F, Data: 8B 48 60 FF 54 C 1E 0
ID: 370, Data: 8FF DD F0 FF FF FF FF FF
ID: 153, Data: 80 0 0 FF 0 FF 0 0
ID: 316, Data: 85 1B 82 1B 13 19 21 7C
ID: 153, Data: 80 0 0 FF 0 FF 0 0
ID: 316, Data: 85 1A 71 19 14 19 22 7C
ID: 316, Data: 85 19 91 18 14 19 22 7C
ID: 280, Data: 830 0 84 AF 2F 15 62 39
ID: 43F, Data: 8B 48 60 FF 54 F0 17 0
ID: 43F, Data: 8B 48 60 FF 54 18 18 0
ID: 18F, Data: 8AA 31 0 0 0 0 0 0
ID: 316, Data: 85 1A D5 15 17 18 22 7C
ID: 153, Data: 80 0 0 FF 0 FF 0 0
ID: 316, Data: 85 1A D5 15 17 18 22 7C
ID: 153, Data: 80 0 0 FF 0 FF 0 0
ID: 1F1, Data: 80 B0 13 D1 10 12 41 11
ID: 316, Data: 85 1A 78 16 16 18 22 7C
ID: 153, Data: 80 0 0 FF 0 FF 0 0
ID: 316, Data: 85 19 DB 16 16 18 22 7C
ID: 153, Data: 80 0 0 FF 0 FF 0 0
ID: 280, Data: 830 0 84 AF 2E 14 62 38
ID: 316, Data: 85 18 2C 17 16 19 22 7C
ID: 153, Data: 80 0 0 FF 0 FF 0 0
ID: 43F, Data: 83 48 60 FF 55 58 18 0
ID: 153, Data: 80 0 0 FF 0 FF 0 0
ID: 316, Data: 85 18 5D 17 15 19 22 7C
ID: 316, Data: 85 18 5D 17 15 19 22 7C
ID: 18F, Data: 8AA 31 0 0 0 0 0 0
ID: 316, Data: 85 18 25 17 15 19 22 7C
ID: 153, Data: 80 0 0 FF 0 FF 0 0
ID: 153, Data: 80 0 0 FF 0 FF 0 0
ID: 43F, Data: 83 48 60 FF 55 44 18 0
ID: 153, Data: 80 0 0 FF 0 FF 0 0
ID: 316, Data: 85 18 A 17 15 19 21 7C
ID: 153, Data: 80 0 0 FF 0 FF 0 0
ID: 316, Data: 85 18 F6 16 15 19 21 7C
ID: 316, Data: 85 18 F6 16 15 19 21 7C
ID: 2A0, Data: 840 10 62 1C 3D 0 17 0
ID: 43F, Data: 83 48 60 FF 55 2C 18 0
ID: 316, Data: 85 18 DB 16 14 19 21 7C
ID: 545, Data: 8DC 34 0 8D FB FF FB FF
ID: 316, Data: 85 18 FD 16 14 19 21 7C
ID: 260, Data: 8B 18 14 30 0 FF 7B 13
ID: 370, Data: 8FF DD F0 FF FF FF FF FF
ID: 316, Data: 85 18 E2 16 14 19 21 7C
ID: 153, Data: 80 0 0 FF 0 FF 0 0
ID: 329, Data: 840 AF 7F 8 12 2E 0 26
ID: 316, Data: 85 18 E8 16 14 19 21 7C
ID: 1F0, Data: 868 40 B5 BF 0 0 0 0
ID: 43F, Data: 83 48 60 FF 55 74 17 0
ID: 43F, Data: 83 48 60 FF 55 60 17 0
ID: 316, Data: 85 18 99 16 14 19 20 7C
ID: A0, Data: 823 7C 9F 16 21 27 2 0
ID: 153, Data: 80 0 0 FF 0 FF 0 0
ID: 316, Data: 85 18 38 16 14 19 20 7C
ID: 153, Data: 80 0 0 FF 0 FF 0 0
ID: A0, Data: 823 7C 3F 16 21 27 2 0
ID: 316, Data: 85 18 A5 15 15 19 20 7C
ID: 18F, Data: 8AA 30 0 0 0 0 0 0
ID: 316, Data: 85 18 7B 15 15 19 1F 7C
ID: 153, Data: 80 0 0 FF 0 FF 0 0
ID: 316, Data: 85 18 18 15 15 19 1F 7C
ID: 1F0, Data: 857 40 B5 BF 0 0 0 0
ID: 280, Data: 830 0 84 AF 29 12 62 34
ID: A0, Data: 823 7C CA 14 1F 26 2 0
ID: 153, Data: 80 0 0 FF 0 FF 0 0
ID: 43F, Data: 843 48 60 FF 55 10 15 0
ID: 153, Data: 80 0 0 FF 0 FF 0 0
ID: 545, Data: 8DC 2B 0 8D FB FF FB FF
ID: 316, Data: 85 19 E7 12 17 19 1D 7C
ID: 43F, Data: 843 48 60 FF 55 54 14 0
ID: 316, Data: 85 19 3B 12 18 19 1C 7C
ID: 153, Data: 80 0 0 FF 0 FF 0 0
ID: 153, Data: 80 0 0 FF 0 FF 0 0
ID: 316, Data: 85 1A 9 11 19 19 1B 7C
ID: A1, Data: 88B 76 8B 75 1B 0 0 0
ID: 316, Data: 85 1A 50 10 1A 1A 1B 7C
ID: 316, Data: 85 1B 1A 10 1B 1A 1B 7C
ID: 545, Data: 8DC 27 0 8D 12 0 12 0
ID: 43F, Data: 843 48 60 FF 55 9C 12 0
ID: 43F, Data: 843 48 60 FF 55 70 12 0
ID: 545, Data: 8DC 2A 0 8D 21 0 21 0
ID: 316, Data: 85 1B 8B 11 19 19 19 7C
ID: 1F1, Data: 80 69 C7 20 C CA 50 C
ID: 43F, Data: 843 48 60 FF 55 B4 11 0
ID: 153, Data: 80 0 0 FF 0 FF 0 0
ID: 1F0, Data: 84E 40 B5 BF 0 0 0 0
ID: 316, Data: 85 1B 54 11 19 19 18 7C
ID: 316, Data: 85 1B 10 11 19 19 18 7C
ID: 370, Data: 8FF DD F0 FF FF FF FF FF
ID: 316, Data: 85 1B A3 10 1A 1A 17 7C
ID: 43F, Data: 843 48 60 FF 55 74 10 0
ID: 43F, Data: 843 48 60 FF 55 3C 10 0
ID: A0, Data: 829 7C 27 10 17 25 2 0
ID: 316, Data: 85 1C E2 F 1B 1A 16 7C
ID: 316, Data: 85 1C A9 F 1B 1A 16 7C
ID: 43F, Data: 843 48 60 FF 55 50 F 0
ID: 43F, Data: 83 48 60 FF 55 18 F 0
ID: 43F, Data: 83 48 60 FF 55 F0 E 0
ID: 43F, Data: 83 48 60 FF 55 C4 E 0
ID: 440, Data: 8FE 63 14 A0 FF AA AA AA
ID: 5F0, Data: 20 0
ID: 153, Data: 80 0 0 FF 0 FF 0 0
ID: 280, Data: 830 0 84 AF 1C 16 62 3F
ID: 316, Data: 85 1D 34 E 1D 1A 14 7C
ID: 43F, Data: 83 48 60 FF 55 44 E 0
ID: 43F, Data: 83 48 60 FF 55 38 E 0
ID: 316, Data: 85 1E 22 E 1D 1A 13 7C
ID: 316, Data: 85 1E 2C E 1D 1A 13 7C
ID: A0, Data: 82E 7C 3E E 13 25 2 0
ID: 316, Data: 85 1F 2C E 1D 1A 13 7C
ID: 153, Data: 80 0 0 FF 0 FF 0 0
ID: 329, Data: 840 AF 7F 8 12 2C 0 26
ID: 1F1, Data: 80 D1 9B 40 9 9F 60 9
ID: 153, Data: 80 0 0 FF 0 FF 0 0
ID: 153, Data: 80 0 0 FF 0 FF 0 0
ID: 2A0, Data: 8E0 6 62 1C 3D 0 17 0
ID: 43F, Data: 83 48 60 FF 55 D8 D 0
ID: 43F, Data: 83 48 60 FF 55 90 D 0
ID: A0, Data: 82D 7C 80 E 13 25 2 0
ID: 5F0, Data: 20 0
ID: 153, Data: 80 0 0 FF 0 FF 0 0
ID: 153, Data: 80 0 0 FF 0 FF 0 0
ID: 18F, Data: 8AA 30 0 0 0 0 0 0
ID: 545, Data: 8DC 28 0 8D 4C 0 4C 0
ID: 153, Data: 80 0 0 FF 0 FF 0 0
ID: 280, Data: 830 0 84 AF 1C 17 62 42
ID: 153, Data: 80 0 0 FF 0 FF 0 0
ID: 43F, Data: 83 48 60 FF 55 A4 D 0
ID: 2A0, Data: 840 5 62 1C 3D 0 17 0
ID: A0, Data: 82C 7C 43 E 12 25 2 0
ID: 1F0, Data: 831 40 B5 BF 0 0 0 0
ID: 153, Data: 80 0 0 FF 0 FF 0 0
ID: 316, Data: 85 1F 73 E 1D 1A 12 7C
ID: 153, Data: 80 0 0 FF 0 FF 0 0
ID: 316, Data: 85 1E 7B E 1D 1A 12 7C
ID: 153, Data: 80 0 0 FF 0 FF 0 0
ID: 153, Data: 80 0 0 FF 0 FF 0 0
ID: 43F, Data: 83 48 60 FF 55 F0 D 0
ID: 43F, Data: 83 48 60 FF 55 DC D 0
ID: 43F, Data: 83 48 60 FF 55 C4 D 0
ID: 43F, Data: 83 48 60 FF 55 D0 D 0
ID: 153, Data: 80 0 0 FF 0 FF 0 0
ID: A0, Data: 82C 7C 60 E 13 25 2 0
ID: 316, Data: 85 1E 18 E 1D 1A 12 7C
ID: 280, Data: 830 0 84 B0 1C 17 62 41
ID: 43F, Data: 83 48 60 FF 55 78 D 0
ID: 5F0, Data: 20 0
ID: 329, Data: 840 B0 7F 8 11 2D 0 26
ID: 316, Data: 85 1F C6 D 27 1A 11 7C
ID: 153, Data: 80 0 0 FF 0 FF 0 0
ID: 153, Data: 80 0 0 FF 0 FF 0 0
ID: 316, Data: 85 22 8A D 28 1A 11 7C
ID: A0, Data: 835 7C 9F D 12 26 2 0
ID: 316, Data: 85 23 73 D 29 1A 11 7C
ID: 316, Data: 85 24 93 D 29 1A 11 7C
ID: 153, Data: 80 0 0 FF 0 FF 0 0
ID: A1, Data: 888 76 88 75 23 0 0 0
ID: 329, Data: 840 B0 7F 8 11 2F 0 26
ID: 545, Data: 8DC 30 0 8D FD 0 FD 0
ID: 153, Data: 80 0 0 FF 0 FF 0 0
ID: 153, Data: 80 0 0 FF 0 FF 0 0
ID: 1F0, Data: 8F1 3F B5 BF 0 0 0 0
ID: 545, Data: 8DC 34 0 8D 14 1 14 1
ID: A1, Data: 889 76 87 75 25 0 0 0
ID: 5F0, Data: 20 0
ID: 370, Data: 8FF DD F0 FF FF FF FF FF
ID: 153, Data: 80 0 0 FF 0 FF 0 0
ID: 329, Data: 884 B0 7F 8 11 2C 0 26
ID: 316, Data: 85 23 66 E 1E 19 10 7C
ID: 2A0, Data: 8E0 3 62 1C 3D 0 17 0
ID: 43F, Data: 83 48 60 FF 55 60 C 0
ID: 153, Data: 80 0 0 FF 0 FF 0 0
ID: 316, Data: 85 21 FE D 1F 1A 10 7C
ID: 316, Data: 85 21 DE D 20 1A 10 7C
ID: 316, Data: 85 20 D4 D 22 1A 10 7C
ID: 1F0, Data: 8FA 3F B5 BF 0 0 0 0
ID: 153, Data: 80 0 0 FF 0 FF 0 0
ID: 440, Data: 8FE B3 11 A0 FF AA AA AA
ID: 153, Data: 80 0 0 FF 0 FF 0 0
ID: 280, Data: 830 0 88 B0 1C 19 62 45
ID: 43F, Data: 83 48 60 FF 55 1C C 0
ID: 43F, Data: 83 48 60 FF 55 20 C 0
ID: 153, Data: 80 0 0 FF 0 FF 0 0
ID: 316, Data: 85 2C 39 E 34 19 F 7C
ID: 370, Data: 8FF DE F0 FF FF FF FF FF
ID: 316, Data: 85 2E 58 E 36 19 10 7C
ID: 153, Data: 80 0 0 FF 0 FF 0 0
ID: 153, Data: 80 0 0 FF 0 FF 0 0
ID: 153, Data: 80 0 0 FF 0 FF 0 0
ID: 545, Data: 8DC 36 0 8D B8 1 B8 1
ID: 316, Data: 85 32 C F 3B 19 10 7C
ID: 260, Data: 8B 33 3E 30 0 FF AB 8
ID: 43F, Data: 83 48 60 FF 55 20 C 0
ID: 43F, Data: 83 48 60 FF 55 20 C 0
ID: 153, Data: 80 0 0 FF 0 FF 0 0
ID: 316, Data: 85 38 31 10 42 17 10 7C
ID: 153, Data: 80 0 0 FF 0 FF 0 0
ID: 1F0, Data: 83D 40 B5 BF 0 0 0 0
ID: 316, Data: 85 3A FE 10 41 17 10 7C
ID: 316, Data: 85 3A 39 11 41 16 10 7C
ID: 316, Data: 85 3B 83 11 4B 20 10 7C
ID: 316, Data: 85 3C B2 11 4D 20 10 7C
ID: 43F, Data: 83 48 60 FF 55 48 C 0
ID: 316, Data: 85 3E 8 12 52 1F 10 7C
ID: 280, Data: 830 0 88 B0 24 27 62 66
ID: 316, Data: 85 41 89 12 51 1E 10 7C
ID: 316, Data: 85 41 D5 12 50 1E 10 7C
ID: 43F, Data: 83 48 60 FF 55 7C C 0
ID: 43F, Data: 83 48 60 FF 55 8C C 0
ID: 316, Data: 85 42 EB 13 4F 1E 11 7C
ID: 153, Data: 80 0 0 FF 0 FF 0 0
ID: 316, Data: 845 43 A3 14 4D 1D 11 7C
ID: 43F, Data: 83 48 60 FF 55 BC C 0
ID: 316, Data: 845 46 8E 14 4D 1D 11 7C
ID: 18F, Data: 8AA 30 0 0 0 0 0 0
ID: 316, Data: 845 46 88 14 4D 1D 11 7C
ID: 316, Data: 845 47 9E 14 4D 1D 11 7C
ID: 260, Data: 8B 49 4D 30 0 FF C3 16
ID: 316, Data: 845 4A 2 15 4C 1D 12 7C
ID: 280, Data: 830 0 88 B0 2A 2E 62 83
ID: 153, Data: 80 0 0 FF 0 FF 0 0
ID: 316, Data: 845 4A 63 15 4C 1D 12 7C
ID: 316, Data: 845 4A 81 15 4C 1D 12 7C
ID: 440, Data: 8F3 B3 12 A0 FF AA AA AA
ID: 316, Data: 845 4A AB 15 4B 1D 12 7C
ID: 153, Data: 80 0 0 FF 0 FF 0 0
ID: 2A0, Data: 8C1 A 62 1C 3D 0 17 0
ID: 316, Data: 845 4A C3 15 4B 1D 13 7C
ID: 545, Data: 8DC 7D 0 8A 1E 3 1E 3
ID: 316, Data: 845 49 CF 15 4B 1D 13 7C
ID: 316, Data: 845 4A DB 15 47 1D 13 7C
ID: 43F, Data: 83 48 60 FF 55 14 E 0
ID: 545, Data: 8DC 7A 0 8D 25 3 25 3
ID: 18F, Data: 8AA 35 0 0 0 0 0 0
ID: 316, Data: 845 46 DB 15 1A 1D 13 7C
ID: 18F, Data: 8AA 35 0 0 0 0 0 0
ID: 153, Data: 80 0 0 FF 0 FF 0 0
ID: 440, Data: 8FE 13 13 A0 FF AA AA AA
ID: 43F, Data: 83 48 60 FF 55 70 E 0
ID: 329, Data: 8B B0 7F 8 11 2E 0 26
ID: A1, Data: 88C 78 88 7A 27 0 0 0
ID: 153, Data: 80 0 0 FF 0 FF 0 0
ID: 153, Data: 80 0 0 FF 0 FF 0 0
ID: 43F, Data: 83 48 60 FF 55 A4 E 0
ID: 280, Data: 830 0 84 B0 22 1A 62 48
ID: A1, Data: 88E 76 8A 76 23 0 0 0
ID: 316, Data: 845 23 31 10 25 22 14 7C
ID: 440, Data: 8FE 13 14 A0 FF AA AA AA
ID: 153, Data: 80 0 0 FF 0 FF 0 0
ID: 316, Data: 845 24 5F F 26 22 14 7C
ID: 1F1, Data: 80 A0 A0 F0 9 A3 40 A
ID: 2A0, Data: 880 8 62 1C 3D 0 17 0
ID: 153, Data: 80 0 0 FF 0 FF 0 0
ID: 43F, Data: 83 48 60 FF 55 98 E 0
ID: 5A1, Data: 880 3 90 23 30 30 30 0
ID: 153, Data: 80 0 0 FF 0 FF 0 0
ID: 316, Data: 845 28 90 F 26 22 14 7C
ID: 316, Data: 845 28 B2 F 25 22 14 7C
ID: 260, Data: 8B 28 26 30 0 FF 81 9
ID: 316, Data: 845 28 DF F 25 22 14 7C
ID: 316, Data: 845 28 CF F 25 22 14 7C
ID: A1, Data: 88B 76 85 75 24 0 0 0
ID: 316, Data: 845 28 E2 F 25 22 14 7C
ID: 153, Data: 80 0 0 FF 0 FF 0 0
ID: A1, Data: 88B 76 85 75 24 0 0 0
ID: 329, Data: 8B B0 7F 8 11 2F 0 26
ID: 1F1, Data: 80 D4 9E B0 9 A2 F0 9
ID: 153, Data: 80 0 0 FF 0 FF 0 0
ID: 153, Data: 80 0 0 FF 0 FF 0 0
ID: 153, Data: 80 0 0 FF 0 FF 0 0
ID: 280, Data: 830 0 84 B0 1F 1C 62 4C
ID: 43F, Data: 83 48 60 FF 55 44 E 0
ID: A0, Data: 836 7D BC F 14 27 2 0
ID: 153, Data: 80 0 0 FF 0 FF 0 0
ID: 316, Data: 845 28 AF F 24 22 13 7C
ID: 43F, Data: 83 48 60 FF 55 3C E 0
ID: 316, Data: 845 27 AC F 24 22 13 7C
ID: 316, Data: 845 27 B9 F 24 22 13 7C
ID: 153, Data: 80 0 0 FF 0 FF 0 0
ID: 316, Data: 845 26 A9 F 24 22 13 7C
ID: 316, Data: 845 26 A6 F 24 22 13 7C
ID: 260, Data: 8B 26 24 30 0 FF 81 3A
ID: 316, Data: 845 26 87 F 24 22 13 7C
ID: 316, Data: 845 26 8A F 24 22 13 7C
ID: 316, Data: 845 26 71 F 24 22 13 7C
ID: 316, Data: 845 26 62 F 24 22 13 7C
ID: 440, Data: 8FE C3 13 A0 FF AA AA AA
ID: 316, Data: 845 25 4A F 24 22 13 7C
ID: 153, Data: 80 0 0 FF 0 FF 0 0
ID: 43F, Data: 83 48 60 FF 55 8 E 0
ID: 316, Data: 845 25 35 F 24 22 13 7C
ID: 153, Data: 80 0 0 FF 0 FF 0 0
ID: 260, Data: 8B 25 24 30 0 FF 7F 2F
ID: 316, Data: 845 25 32 F 24 22 13 7C
ID: A1, Data: 88E 76 8C 75 23 0 0 0
ID: 316, Data: 845 25 2F F 24 22 13 7C
ID: 370, Data: 8FF E0 F0 FF FF FF FF FF
ID: A1, Data: 88C 76 8C 75 23 0 0 0
ID: 316, Data: 845 25 12 F 24 22 13 7C
ID: 153, Data: 80 0 0 FF 0 FF 0 0
ID: 43F, Data: 83 48 60 FF 55 CC D 0
ID: 260, Data: 8B 25 24 30 0 FF 7E 11
ID: 1F1, Data: 80 6C 97 40 9 9C 80 9
ID: 43F, Data: 83 48 60 FF 55 BC D 0
ID: 153, Data: 80 0 0 FF 0 FF 0 0
ID: 280, Data: 830 0 84 B0 1D 1B 62 4A
ID: 316, Data: 845 25 E4 E 24 22 12 7C
ID: 43F, Data: 83 48 60 FF 55 B8 D 0
ID: 316, Data: 845 25 EC E 24 22 12 7C
ID: 316, Data: 845 25 E4 E 24 22 12 7C
ID: 316, Data: 845 25 E7 E 23 22 12 7C
ID: 316, Data: 845 25 CA E 24 22 12 7C
ID: 43F, Data: 83 48 60 FF 55 A0 D 0
ID: 316, Data: 845 25 D3 E 24 22 12 7C
ID: 316, Data: 845 25 B4 E 24 22 12 7C
ID: 43F, Data: 83 48 60 FF 55 90 D 0
ID: 316, Data: 845 25 A4 E 24 22 12 7C
ID: 545, Data: 8DC 31 0 8D 2D 0 2D 0
ID: 316, Data: 845 25 AC E 24 22 12 7C
ID: 316, Data: 845 25 B7 E 24 22 12 7C
ID: 18F, Data: 8AA 39 0 0 0 0 0 0
ID: 43F, Data: 83 48 60 FF 55 6C D 0
ID: 153, Data: 80 0 0 FF 0 FF 0 0
ID: 316, Data: 845 24 A1 E 24 22 12 7C
ID: 153, Data: 80 0 0 FF 0 FF 0 0
ID: 316, Data: 845 24 88 E 24 22 12 7C
ID: 316, Data: 845 24 88 E 24 22 12 7C
ID: 260, Data: 8B 25 24 30 0 FF 75 29
ID: 43F, Data: 83 48 60 FF 55 60 D 0
ID: 316, Data: 845 24 70 E 24 22 12 7C
ID: 1F1, Data: 80 C3 91 0 9 96 40 9
ID: 316, Data: 845 24 4E E 25 22 12 7C
ID: 153, Data: 80 0 0 FF 0 FF 0 0
ID: 545, Data: 8DC 2F 0 8D 25 0 25 0
ID: 316, Data: 845 24 46 E 25 22 12 7C
ID: 280, Data: 830 0 84 B1 1C 1B 62 4B
ID: 43F, Data: 83 48 60 FF 55 28 D 0
ID: 316, Data: 845 25 24 E 25 22 12 7C
ID: 260, Data: 8B 25 25 30 0 FF 74 B
ID: 316, Data: 845 25 27 E 25 22 12 7C
ID: 153, Data: 80 0 0 FF 0 FF 0 0
ID: 43F, Data: 83 48 60 FF 55 EC C 0
ID: 545, Data: 8DC 2E 0 8D 2B 0 2B 0
ID: 153, Data: 80 0 0 FF 0 FF 0 0
ID: 153, Data: 80 0 0 FF 0 FF 0 0
ID: 2A0, Data: 880 3 62 1C 3D 0 17 0
ID: 280, Data: 830 0 84 B1 1B 1B 62 4C
ID: 43F, Data: 83 48 60 FF 55 A8 C 0
ID: 316, Data: 845 25 EF D 25 22 11 7C
ID: 316, Data: 845 25 D9 D 25 22 11 7C
ID: 153, Data: 80 0 0 FF 0 FF 0 0
ID: 316, Data: 845 26 CD D 25 22 11 7C
ID: 153, Data: 80 0 0 FF 0 FF 0 0
ID: 153, Data: 80 0 0 FF 0 FF 0 0
ID: 316, Data: 845 26 B0 D 25 22 11 7C
ID: 153, Data: 80 0 0 FF 0 FF 0 0
ID: 2A0, Data: 820 2 62 1C 3D 0 17 0
ID: 316, Data: 845 26 6E D 26 22 10 7C
ID: 2A0, Data: 8E0 2 62 1C 3D 0 17 0
ID: 153, Data: 80 0 0 FF 0 FF 0 0
ID: 153, Data: 80 0 0 FF 0 FF 0 0
ID: 316, Data: 845 27 2C D 26 23 10 7C
ID: 440, Data: 8FE 63 F A0 FF AA AA AA
ID: 316, Data: 845 27 FC C 27 23 10 7C
ID: A1, Data: 890 76 90 75 25 0 0 0
ID: 43F, Data: 83 48 60 FF 55 CC A 0
ID: 43F, Data: 83 48 60 FF 55 B0 A 0
ID: 43F, Data: 83 48 60 FF 55 8C A 0
ID: 153, Data: 80 0 0 FF 0 FF 0 0
ID: 5F0, Data: 20 0
ID: 280, Data: 830 0 84 B1 18 1C 62 50
ID: 280, Data: 830 0 84 B1 18 1D 62 50
ID: 153, Data: 80 0 0 FF 0 FF 0 0
ID: 316, Data: 845 29 1F C 29 23 E 7C
ID: 153, Data: 80 0 0 FF 0 FF 0 0
ID: 2A0, Data: 820 2 62 1C 3D 0 17 0
ID: 316, Data: 845 29 F4 B 29 23 D 7C
ID: 280, Data: 830 0 84 B1 17 1D 62 51
ID: 153, Data: 80 0 0 FF 0 FF 0 0
ID: 316, Data: 845 29 CA B 29 22 C 7C
ID: 316, Data: 845 29 BC B 29 22 C 7C
ID: 316, Data: 845 2A A0 B 2A 22 C 7C
ID: 43F, Data: 83 48 60 FF 55 3C 8 0
ID: 43F, Data: 83 48 60 FF 55 C 8 0
ID: 370, Data: 8FF E0 F0 FF FF FF FF FF
ID: 43F, Data: 83 48 60 FF 55 B8 7 0
ID: 153, Data: 80 0 0 FF 0 FF 0 0
ID: 153, Data: 80 0 0 FF 0 FF 0 0
ID: 316, Data: 845 2A 47 B 2A 22 A 7C
ID: 43F, Data: 8A 48 60 FF 55 10 7 0
ID: 370, Data: 8FF E0 F0 FF FF FF FF FF
ID: 316, Data: 845 2A 39 B 2A 22 A 7C
ID: 153, Data: 80 0 0 FF 0 FF 0 0
ID: 316, Data: 845 2B 24 B 2B 22 9 7C
ID: 153, Data: 80 0 0 FF 0 FF 0 0
ID: 316, Data: 845 2B 17 B 2B 22 9 7C
ID: 153, Data: 80 0 0 FF 0 FF 0 0
ID: 153, Data: 80 0 0 FF 0 FF 0 0
ID: 316, Data: 845 2B 2F B 2A 22 8 7C
ID: 43F, Data: 8A 48 60 FF 55 80 8 0
ID: 316, Data: 845 2B 58 B 2A 22 8 7C
ID: 329, Data: 840 B1 7F 8 12 2D 0 26
ID: 153, Data: 80 0 0 FF 0 FF 0 0
ID: 316, Data: 845 2B 72 B 2A 22 7 7C
ID: 153, Data: 80 0 0 FF 0 FF 0 0
ID: 316, Data: 845 2A 5E B 2A 22 7 7C
ID: 153, Data: 80 0 0 FF 0 FF 0 0
ID: 316, Data: 845 2A 4C B 2A 22 6 7C
ID: 370, Data: 8FF E0 F0 FF FF FF FF FF
ID: 329, Data: 8B B1 7F 8 12 2D 0 26
ID: 316, Data: 845 2A 0 B 2B 22 5 7C
ID: 316, Data: 845 2A E6 A 2B 22 5 7C
ID: 153, Data: 80 0 0 FF 0 FF 0 0
ID: 153, Data: 80 0 0 FF 0 FF 0 0
ID: 2A0, Data: 840 1 62 1C 3D 0 17 0
ID: 316, Data: 845 2B 6D A 2C 22 5 7C
ID: 2A0, Data: 880 1 62 1C 3D 0 17 0
ID: 153, Data: 80 0 0 FF 0 FF 0 0
ID: 316, Data: 845 2C 67 A 2C 22 5 7C
ID: 153, Data: 80 0 0 FF 0 FF 0 0
ID: 316, Data: 845 2C 77 A 2C 22 5 7C
ID: 153, Data: 80 0 0 FF 0 FF 0 0
ID: 316, Data: 845 2C 85 A 2C 22 5 7C
ID: 316, Data: 845 2C 8A A 2C 22 5 7C
ID: 316, Data: 845 2C 99 A 2B 22 4 7C
ID: 153, Data: 80 0 0 FF 0 FF 0 0
ID: 153, Data: 80 0 0 FF 0 FF 0 0
ID: 316, Data: 845 2C A4 A 2B 22 4 7C
ID: 2A0, Data: 820 1 62 1C 3D 0 17 0
ID: 153, Data: 80 0 0 FF 0 FF 0 0
ID: 316, Data: 845 2B B4 A 2B 22 4 7C
ID: 153, Data: 80 0 0 FF 0 FF 0 0
ID: 316, Data: 845 2B AD A 2B 22 4 7C
ID: 43F, Data: 82 48 60 FF 55 44 5 0
ID: 153, Data: 80 0 0 FF 0 FF 0 0
ID: 260, Data: 8B 2C 2C 30 0 FF 6A 17
ID: 316, Data: 845 2B A3 A 2B 22 4 7C
ID: 153, Data: 80 0 0 FF 0 FF 0 0
ID: 153, Data: 80 0 0 FF 0 FF 0 0
ID: 43F, Data: 82 48 60 FF 55 4C 5 0
ID: A0, Data: 83D 7D 9C A 5 25 2 0
ID: 43F, Data: 82 48 60 FF 55 44 5 0
ID: 153, Data: 80 0 0 FF 0 FF 0 0
ID: 153, Data: 80 0 0 FF 0 FF 0 0
ID: 316, Data: 845 2A 93 A 24 19 4 7C
ID: 545, Data: 8DC 28 0 8C 2D 1 2D 1
ID: 153, Data: 80 0 0 FF 0 FF 0 0
ID: 316, Data: 845 29 6E A 24 19 4 7C
ID: 153, Data: 80 0 0 FF 0 FF 0 0
ID: 316, Data: 845 28 54 A 25 19 4 7C
ID: 440, Data: 8D1 D2 4 A0 FF AA AA AA
ID: 316, Data: 85 27 54 A 25 19 4 7C
ID: 5A0, Data: 80 0 0 90 0 0 0 0
ID: 153, Data: 80 0 0 FF 0 FF 0 0
ID: 2A0, Data: 820 0 62 1C 3D 0 17 0
ID: 316, Data: 85 26 E3 A 22 19 4 7C
ID: 1F0, Data: 864 40 B5 BF 0 0 0 0
ID: 370, Data: 8FF E0 F0 FF FF FF FF FF
ID: 43F, Data: 82 48 60 FF 55 AC 3 0
ID: 316, Data: 85 25 90 A 23 19 3 7C
ID: 18F, Data: 8AA 3A 0 0 0 0 0 0
ID: 153, Data: 80 0 0 FF 0 FF 0 0
ID: 260, Data: 8B 25 23 30 0 FF 6A 26
ID: 153, Data: 80 0 0 FF 0 FF 0 0
ID: 370, Data: 8FF E0 F0 FF FF FF FF FF
ID: 545, Data: 8DC 23 0 8C C3 0 C3 0
ID: 316, Data: 85 24 86 A 23 19 3 7C
ID: 316, Data: 85 24 66 A 23 19 3 7C
ID: 329, Data: 8B B1 7F 8 12 2A 0 26
ID: A1, Data: 88E 7B 90 7C 25 0 0 0
ID: 153, Data: 80 0 0 FF 0 FF 0 0
ID: 316, Data: 85 24 53 A 24 19 3 7C
ID: 370, Data: 8FF E0 F0 FF FF FF FF FF
ID: 153, Data: 80 0 0 FF 0 FF 0 0
ID: 280, Data: 830 0 84 B1 14 1A 62 4D
ID: 316, Data: 85 24 45 A 24 19 2 7C
ID: 43F, Data: 82 48 60 FF 55 CC 2 0
ID: 153, Data: 80 0 0 FF 0 FF 0 0
ID: 153, Data: 80 0 0 FF 0 FF 0 0
ID: 316, Data: 85 24 32 A 24 19 2 7C
ID: A0, Data: 834 7D 3C A 3 23 2 0
ID: 316, Data: 85 24 29 A 24 19 2 7C
ID: 5F0, Data: 20 0
ID: 153, Data: 80 0 0 FF 0 FF 0 0
ID: 153, Data: 80 0 0 FF 0 FF 0 0
ID: 370, Data: 8FF E0 F0 FF FF FF FF FF
ID: 2A0, Data: 840 0 62 1C 3D 0 17 0
ID: 153, Data: 80 0 0 FF 0 FF 0 0
ID: 316, Data: 85 24 2D A 24 19 2 7C
ID: 153, Data: 80 0 0 FF 0 FF 0 0
ID: 316, Data: 85 24 29 A 24 19 2 7C
ID: 43F, Data: 82 48 60 FF 56 8 3 0
ID: 43F, Data: 82 48 60 FF 55 8 3 0
ID: 316, Data: 85 24 2E A 24 19 2 7C
ID: 316, Data: 85 24 2D A 24 19 2 7C
ID: 18F, Data: 8AA 38 0 0 0 0 0 0
ID: 43F, Data: 82 48 60 FF 56 F0 2 0
ID: 1F1, Data: 80 D4 15 40 1 15 50 1
ID: 153, Data: 80 0 0 FF 0 FF 0 0
ID: 43F, Data: 82 48 60 FF 56 CC 2 0
ID: 43F, Data: 82 48 60 FF 56 C8 2 0
ID: 153, Data: 80 0 0 FF 0 FF 0 0
ID: 316, Data: 85 24 2A A 24 19 2 7C
ID: 153, Data: 80 0 0 FF 0 FF 0 0
ID: 153, Data: 80 0 0 FF 0 FF 0 0
ID: 316, Data: 85 24 21 A 24 19 2 7C
ID: 43F, Data: 82 48 60 FF 55 80 2 0
ID: 43F, Data: 82 48 60 FF 56 7C 2 0
ID: 370, Data: 8FF E0 F0 FF FF FF FF FF
ID: 153, Data: 80 0 0 FF 0 FF 0 0
ID: 316, Data: 85 23 25 A 24 19 2 7C
ID: 18F, Data: 8AA 37 0 0 0 0 0 0
ID: 316, Data: 85 23 14 A 24 19 2 7C
ID: A1, Data: 88C 7B 8A 7C 25 0 0 0
ID: 43F, Data: 89 48 60 FF 55 1C 2 0
ID: 1F0, Data: 864 40 B5 BF 0 0 0 0
ID: 440, Data: 8B5 22 1 A0 FF AA AA AA
ID: 43F, Data: 89 48 60 FF 56 F0 1 0
ID: A0, Data: 835 7D 28 A 2 23 2 0
ID: 153, Data: 80 0 0 FF 0 FF 0 0
ID: 43F, Data: 89 48 60 FF 56 C4 1 0
ID: 2A0, Data: 880 0 62 1C 3D 0 17 0
ID: 153, Data: 80 0 0 FF 0 FF 0 0
ID: 370, Data: 8FF E0 F0 FF FF FF FF FF
ID: A1, Data: 88C 7B 8A 7C 25 0 0 0
ID: 316, Data: 85 24 FC 9 25 19 1 7C
ID: 1F0, Data: 864 40 B5 BF 0 0 0 0
ID: 2A0, Data: 8E0 0 62 1C 3D 0 17 0
ID: 545, Data: 8DC 20 0 8C BE 0 BE 0
ID: 5F0, Data: 20 0
ID: 316, Data: 85 24 F5 9 25 19 1 7C
ID: 316, Data: 85 24 F9 9 25 19 1 7C
ID: 316, Data: 85 24 F9 9 25 19 1 7C
ID: 153, Data: 80 0 0 FF 0 FF 0 0
ID: 545, Data: 8DC 20 0 8D BF 0 BF 0
ID: 316, Data: 85 24 F9 9 25 19 1 7C
ID: 280, Data: 830 0 84 B1 13 1A 62 4E
ID: A1, Data: 88C 7B 88 7C 25 0 0 0
ID: 153, Data: 80 0 0 FF 0 FF 0 0
ID: 316, Data: 85 24 E A 24 19 0 7C
ID: 153, Data: 80 0 0 FF 0 FF 0 0
ID: 316, Data: 85 24 1B A 24 19 0 7C
ID: 153, Data: 80 0 0 FF 0 FF 0 0
ID: 316, Data: 85 24 15 A 24 19 0 7C
ID: 43F, Data: 89 48 60 FF 56 5C 0 0
ID: 440, Data: 8A9 82 0 A0 FF AA AA AA
ID: 316, Data: 85 24 13 A 24 19 0 7C
ID: A1, Data: 88C 7B 88 7C 25 0 0 0
ID: 316, Data: 85 24 21 A 24 19 0 7C
ID: 153, Data: 80 0 0 FF 0 FF 0 0
ID: 153, Data: 80 0 0 FF 0 FF 0 0
ID: 316, Data: 85 23 24 A 24 19 0 7C
ID: 5F0, Data: 20 0
ID: 43F, Data: 89 48 60 FF 56 0 0 0
ID: 153, Data: 80 0 0 FF 0 FF 0 0
ID: 316, Data: 85 24 5 A 24 19 0 7C
ID: A1, Data: 88E 7B 8A 7C 25 0 0 0
ID: A0, Data: 836 7D A A 0 23 2 0
ID: 153, Data: 80 0 0 FF 0 FF 0 0
ID: 260, Data: 8B 24 25 30 0 FF 75 1A
ID: 316, Data: 85 24 14 A 24 19 0 7C
ID: 153, Data: 80 0 0 FF 0 FF 0 0
ID: 43F, Data: 81 48 60 FF 56 0 0 0
ID: 153, Data: 80 0 0 FF 0 FF 0 0
ID: 18F, Data: 8AA 36 0 0 0 0 0 0
ID: 43F, Data: 81 48 60 FF 55 0 0 0
ID: 153, Data: 80 0 0 FF 0 FF 0 0
ID: 316, Data: 85 24 1B A 24 19 0 7C
ID: 153, Data: 80 0 0 FF 0 FF 0 0
ID: 316, Data: 85 23 32 A 24 19 0 7C
ID: 316, Data: 85 23 39 A 24 19 0 7C
ID: 316, Data: 85 23 3A A 24 19 0 7C
ID: 280, Data: 830 0 84 B1 14 1A 62 4E
ID: 153, Data: 80 0 0 FF 0 FF 0 0
ID: 316, Data: 85 23 24 A 24 19 0 7C
ID: 153, Data: 80 0 0 FF 0 FF 0 0
ID: 153, Data: 80 0 0 FF 0 FF 0 0
ID: 316, Data: 85 23 14 A 24 19 0 7C
ID: 43F, Data: 81 48 60 FF 56 0 0 0
ID: 370, Data: 8FF E0 F0 FF FF FF FF FF
ID: 43F, Data: 81 48 60 FF 56 0 0 0
ID: 545, Data: 8DC 1F 0 8D B9 0 B9 0
ID: A1, Data: 88C 7B 88 7C 25 0 0 0
ID: 153, Data: 80 0 0 FF 0 FF 0 0
ID: 316, Data: 85 23 C A 24 19 0 7C
ID: 370, Data: 8FF E0 F0 FF FF FF FF FF
ID: 43F, Data: 81 48 60 FF 56 0 0 0
ID: 316, Data: 85 23 7 A 24 19 0 7C
ID: 316, Data: 85 23 E A 24 19 0 7C
ID: 280, Data: 830 0 84 B1 14 1A 62 4E
ID: 2A0, Data: 840 0 62 1C 3D 0 17 0
ID: 316, Data: 85 23 20 A 24 19 0 7C
ID: 316, Data: 85 23 10 A 24 19 0 7C
ID: 1F1, Data: 80 E4 0 0 0 0 0 0
ID: 260, Data: 8B 24 25 30 0 FF 73 3A
ID: 316, Data: 85 23 1 A 24 19 0 7C
ID: 2A0, Data: 820 0 62 1C 3D 0 17 0
ID: A0, Data: 836 7E 1 A 0 23 2 0
ID: 153, Data: 80 0 0 FF 0 FF 0 0
ID: 18F, Data: 8AA 35 0 0 0 0 0 0
ID: 316, Data: 85 24 FA 9 25 19 0 7C
ID: 316, Data: 85 24 1B A 24 19 0 7C
ID: 316, Data: 85 24 24 A 24 19 0 7C
ID: 2A0, Data: 880 0 62 1C 3D 0 17 0
ID: 153, Data: 80 0 0 FF 0 FF 0 0
ID: 43F, Data: 81 48 60 FF 56 0 0 0
ID: 153, Data: 80 0 0 FF 0 FF 0 0
ID: 153, Data: 80 0 0 FF 0 FF 0 0
ID: 153, Data: 80 0 0 FF 0 FF 0 0
ID: 316, Data: 85 23 29 A 24 19 0 7C
ID: 43F, Data: 81 48 60 FF 56 0 0 0
ID: 316, Data: 85 23 36 A 24 19 0 7C
ID: 329, Data: 840 B2 7F 8 12 2A 0 26
ID: A0, Data: 834 7E 3D A 0 23 2 0
ID: 153, Data: 80 0 0 FF 0 FF 0 0
ID: 43F, Data: 81 48 60 FF 56 0 0 0
ID: A1, Data: 88C 7B 88 7C 25 0 0 0
ID: 5F0, Data: 20 0
ID: 43F, Data: 81 48 60 FF 56 0 0 0
ID: 43F, Data: 81 48 60 FF 56 0 0 0
ID: 153, Data: 80 0 0 FF 0 FF 0 0
ID: 43F, Data: 81 48 60 FF 56 0 0 0
ID: A0, Data: 835 7E 17 A 0 23 2 0
ID: 153, Data: 80 0 0 FF 0 FF 0 0
ID: 1F0, Data: 864 40 B5 BF 0 0 0 0
ID: 440, Data: 8A6 41 0 A0 FF AA AA AA
ID: 329, Data: 8B B2 7F 8 12 2A 0 26
ID: 316, Data: 85 23 17 A 24 19 0 7C
ID: 153, Data: 80 0 0 FF 0 FF 0 0
ID: 316, Data: 85 23 28 A 24 19 0 7C
ID: 316, Data: 85 23 2A A 24 19 0 7C
ID: 153, Data: 80 0 0 FF 0 FF 0 0
ID: 280, Data: 830 0 84 B2 14 1A 62 4E
ID: 1F0, Data: 864 40 B5 BF 0 0 0 0
ID: 2A0, Data: 840 0 62 1C 3D 0 17 0
ID: 153, Data: 80 0 0 FF 0 FF 0 0
ID: 153, Data: 80 0 0 FF 0 FF 0 0
ID: 43F, Data: 81 48 60 FF 56 0 0 0
ID: 260, Data: 8B 24 24 30 0 FF 71 2E
ID: A0, Data: 835 7E 34 A 0 23 2 0
ID: 153, Data: 80 0 0 FF 0 FF 0 0
ID: 43F, Data: 81 48 60 FF 56 0 0 0
ID: 153, Data: 80 0 0 FF 0 FF 0 0
ID: 153, Data: 80 0 0 FF 0 FF 0 0
ID: 545, Data: 8DC 20 0 8D B4 0 B4 0
ID: 316, Data: 85 23 24 A 24 19 0 7C
ID: 545, Data: 8DC 20 0 8C B4 0 B4 0
ID: 43F, Data: 81 48 60 FF 56 0 0 0
ID: 440, Data: 8A6 31 0 A0 FF AA AA AA
ID: 1F1, Data: 80 E4 0 0 0 0 0 0
ID: 316, Data: 85 23 F A 24 19 0 7C
ID: 43F, Data: 81 48 60 FF 56 0 0 0
ID: 43F, Data: 81 48 60 FF 56 0 0 0
ID: 5F0, Data: 20 0
ID: 316, Data: 85 23 20 A 24 19 0 7C
ID: 316, Data: 85 23 13 A 24 19 0 7C
ID: 316, Data: 85 23 10 A 24 19 0 7C
ID: 545, Data: 8DC 20 0 8D B7 0 B7 0
ID: A1, Data: 88A 7B 8A 7C 25 0 0 0
ID: 153, Data: 80 0 0 FF 0 FF 0 0
ID: 316, Data: 85 23 1F A 24 19 0 7C
ID: 43F, Data: 81 48 60 FF 56 0 0 0
ID: 43F, Data: 81 48 60 FF 55 0 0 0
ID: 43F, Data: 81 48 60 FF 56 0 0 0
ID: 43F, Data: 81 48 60 FF 56 0 0 0
ID: 43F, Data: 81 48 60 FF 56 0 0 0
ID: 5F0, Data: 20 0
ID: 316, Data: 85 23 26 A 24 19 0 7C
ID: 316, Data: 85 23 25 A 24 19 0 7C
ID: 316, Data: 85 23 28 A 24 19 0 7C
ID: 260, Data: 8B 24 24 30 0 FF 72 F
ID: A0, Data: 835 7E 28 A 0 23 2 0
ID: 316, Data: 85 23 1D A 24 19 0 7C
ID: 153, Data: 80 0 0 FF 0 FF 0 0
ID: 316, Data: 85 23 24 A 24 19 0 7C
ID: 43F, Data: 81 48 60 FF 56 0 0 0
ID: 43F, Data: 81 48 60 FF 56 0 0 0
ID: 43F, Data: 81 48 60 FF 56 0 0 0
ID: 153, Data: 80 0 0 FF 0 FF 0 0
ID: 5F0, Data: 20 0
ID: 153, Data: 80 0 0 FF 0 FF 0 0
ID: 43F, Data: 81 48 60 FF 56 0 0 0
ID: 153, Data: 80 0 0 FF 0 FF 0 0
ID: 43F, Data: 81 48 60 FF 56 0 0 0
ID: A0, Data: 835 7E 21 A 0 23 2 0
ID: A1, Data: 88A 7B 88 7C 25 0 0 0
ID: 545, Data: 8DC 20 0 8D B7 0 B7 0
ID: A1, Data: 88A 7B 88 7C 25 0 0 0
ID: 316, Data: 85 23 1F A 24 19 0 7C
ID: 153, Data: 80 0 0 FF 0 FF 0 0
ID: 316, Data: 85 23 15 A 24 19 0 7C
ID: 153, Data: 80 0 0 FF 0 FF 0 0
ID: 43F, Data: 81 48 60 FF 56 0 0 0
ID: 43F, Data: 81 48 60 FF 56 0 0 0
ID: 153, Data: 80 0 0 FF 0 FF 0 0
ID: 316, Data: 85 23 1F A 24 19 0 7C
ID: 153, Data: 80 0 0 FF 0 FF 0 0
ID: 316, Data: 85 23 25 A 24 19 0 7C
ID: 153, Data: 80 0 0 FF 0 FF 0 0
ID: 153, Data: 80 0 0 FF 0 FF 0 0
ID: 153, Data: 80 0 0 FF 0 FF 0 0
ID: 260, Data: 8B 23 24 30 0 FF 72 1F
ID: 316, Data: 85 23 1F A 24 19 0 7C
ID: 153, Data: 80 0 0 FF 0 FF 0 0
ID: 43F, Data: 81 48 60 FF 56 0 0 0
ID: A1, Data: 888 7B 86 7C 25 0 0 0
ID: 153, Data: 80 0 0 FF 0 FF 0 0
ID: 153, Data: 80 0 0 FF 0 FF 0 0
ID: 260, Data: 8B 24 25 30 0 FF 73 D
ID: 316, Data: 85 23 0 A 24 19 0 7C
ID: 260, Data: 8B 23 25 30 0 FF 74 2B
ID: 18F, Data: 8AA 35 0 0 0 0 0 0
ID: 43F, Data: 81 48 60 FF 56 0 0 0
ID: 43F, Data: 81 48 60 FF 56 0 0 0
ID: 5F0, Data: 20 0
ID: 153, Data: 80 0 0 FF 0 FF 0 0
ID: 43F, Data: 81 48 60 FF 56 0 0 0
ID: 260, Data: 8B 23 24 30 0 FF 72 3D
ID: 1F1, Data: 80 E4 0 0 0 0 0 0
ID: 1F0, Data: 864 40 B5 BF 0 0 0 0
ID: 18F, Data: 8AA 34 0 0 0 0 0 0
ID: 153, Data: 80 0 0 FF 0 FF 0 0
ID: 329, Data: 8ED B2 7F 8 12 2A 0 26
ID: 316, Data: 85 23 1B A 24 19 0 7C
ID: 18F, Data: 8AA 34 0 0 0 0 0 0
ID: 370, Data: 8FF E0 F0 FF FF FF FF FF
ID: 18F, Data: 8AA 34 0 0 0 0 0 0
ID: 153, Data: 80 0 0 FF 0 FF 0 0
ID: 43F, Data: 81 48 60 FF 56 0 0 0
ID: 153, Data: 80 0 0 FF 0 FF 0 0
ID: 43F, Data: 81 48 60 FF 56 0 0 0
ID: 18F, Data: 8AA 34 0 0 0 0 0 0
ID: 260, Data: 8B 23 24 30 0 FF 73 2D
ID: 329, Data: 8B B2 7F 8 12 2A 0 26
ID: 153, Data: 80 0 0 FF 0 FF 0 0
ID: 316, Data: 85 23 17 A 24 19 0 7C
ID: 43F, Data: 81 48 60 FF 56 0 0 0
ID: 440, Data: 8A6 E1 0 A0 FF AA AA AA
ID: 43F, Data: 81 48 60 FF 56 0 0 0
ID: 280, Data: 830 0 84 B2 14 1A 63 4D
ID: 2A0, Data: 8E0 0 63 1C 3D 0 17 0
ID: 153, Data: 80 0 0 FF 0 FF 0 0
ID: 316, Data: 85 23 14 A 24 19 0 7C
ID: 316, Data: 85 23 1B A 24 19 0 7C
ID: 153, Data: 80 0 0 FF 0 FF 0 0
ID: 316, Data: 85 23 21 A 24 19 0 7C
ID: 316, Data: 85 23 15 A 24 19 0 7C
ID: 316, Data: 85 23 13 A 24 19 0 7C
ID: 2A0, Data: 880 0 63 1C 3D 0 17 0
ID: 153, Data: 80 0 0 FF 0 FF 0 0
ID: 316, Data: 85 23 2C A 24 19 0 7C
ID: 43F, Data: 81 48 60 FF 56 0 0 0
ID: 316, Data: 85 23 1B A 24 19 0 7C
ID: 153, Data: 80 0 0 FF 0 FF 0 0
ID: 153, Data: 80 0 0 FF 0 FF 0 0
ID: 5F0, Data: 20 0
ID: A1, Data: 88A 7B 88 7C 25 0 0 0
ID: 43F, Data: 81 48 60 FF 56 0 0 0
ID: 5F0, Data: 20 0
ID: 43F, Data: 81 48 60 FF 56 0 0 0
ID: 370, Data: 8FF E0 F0 FF FF FF FF FF
ID: 153, Data: 80 0 0 FF 0 FF 0 0
ID: 316, Data: 85 23 1D A 24 19 0 7C
ID: 316, Data: 85 23 21 A 24 19 0 7C
ID: 316, Data: 85 23 1D A 24 19 0 7C
ID: 280, Data: 830 0 84 B2 14 1A 63 4D
ID: 153, Data: 80 0 0 FF 0 FF 0 0
ID: 1F0, Data: 864 40 B5 BF 0 0 0 0
ID: 316, Data: 85 23 1F A 24 19 0 7C
ID: 316, Data: 85 23 10 A 24 19 0 7C
ID: 153, Data: 80 0 0 FF 0 FF 0 0
ID: 329, Data: 840 B2 7F 8 12 2A 0 26
ID: 153, Data: 80 0 0 FF 0 FF 0 0
ID: 260, Data: 8B 23 24 30 0 FF 73 3C
ID: 316, Data: 85 23 1F A 24 19 0 7C
ID: 2A0, Data: 820 0 63 1C 3D 0 17 0
ID: 153, Data: 80 0 0 FF 0 FF 0 0
ID: 153, Data: 80 0 0 FF 0 FF 0 0
ID: 316, Data: 85 23 2D A 24 19 0 7C
ID: A0, Data: 834 7E 2C A 0 23 2 0
ID: 43F, Data: 81 48 60 FF 56 0 0 0
ID: 153, Data: 80 0 0 FF 0 FF 0 0
ID: 43F, Data: 81 48 60 FF 56 0 0 0
ID: A0, Data: 834 7E 24 A 0 23 2 0
ID: 153, Data: 80 0 0 FF 0 FF 0 0
ID: 18F, Data: 8AA 34 0 0 0 0 0 0
ID: 316, Data: 85 23 C A 24 19 0 7C
ID: 316, Data: 85 23 13 A 24 19 0 7C
ID: 316, Data: 85 23 10 A 24 19 0 7C
ID: 1F1, Data: 80 E4 0 0 0 0 0 0
ID: A0, Data: 834 7E 18 A 0 23 2 0
ID: 316, Data: 85 23 1 A 24 19 0 7C
ID: 316, Data: 85 23 C A 24 19 0 7C
ID: 316, Data: 85 23 14 A 24 19 0 7C
ID: 316, Data: 85 23 B A 24 19 0 7C
ID: 2A0, Data: 820 0 63 1C 3D 0 17 0
ID: 545, Data: 8DC 1F 0 8C B7 0 B7 0
ID: 153, Data: 80 0 0 FF 0 FF 0 0
ID: 153, Data: 80 0 0 FF 0 FF 0 0
ID: 43F, Data: 81 48 60 FF 56 0 0 0
ID: 2A0, Data: 840 0 63 1C 3D 0 17 0
ID: 18F, Data: 8AA 34 0 0 0 0 0 0
ID: 43F, Data: 81 48 60 FF 56 0 0 0
ID: 18F, Data: 8AA 34 0 0 0 0 0 0
ID: A1, Data: 888 7B 86 7C 25 0 0 0
ID: 329, Data: 840 B2 7F 8 12 2A 0 26
ID: 153, Data: 80 0 0 FF 0 FF 0 0
ID: 153, Data: 80 0 0 FF 0 FF 0 0
ID: 2A0, Data: 840 0 63 1C 3D 0 17 0
ID: 316, Data: 85 23 19 A 24 19 0 7C
ID: 18F, Data: 8AA 34 0 0 0 0 0 0
ID: 43F, Data: 81 48 60 FF 56 0 0 0
ID: 18F, Data: 8AA 34 0 0 0 0 0 0
ID: A0, Data: 835 7E 1D A 0 23 2 0
ID: 329, Data: 840 B2 7F 8 12 2A 0 26
ID: 316, Data: 85 23 20 A 24 19 0 7C
ID: 153, Data: 80 0 0 FF 0 FF 0 0
ID: 153, Data: 80 0 0 FF 0 FF 0 0
ID: 545, Data: 8DC 1F 0 8C B5 0 B5 0
ID: 280, Data: 830 0 84 B2 14 1A 63 4E
ID: A1, Data: 888 7B 88 7C 25 0 0 0
ID: 316, Data: 85 23 E A 24 19 0 7C
ID: 316, Data: 85 23 0 A 24 19 0 7C
ID: 316, Data: 85 23 3 A 24 19 0 7C
ID: 316, Data: 85 23 7 A 24 19 0 7C
ID: 440, Data: 8A6 E1 0 A0 FF AA AA AA
ID: 316, Data: 85 23 25 A 24 19 0 7C
ID: 153, Data: 80 0 0 FF 0 FF 0 0
ID: 316, Data: 85 23 1C A 24 19 0 7C
ID: 153, Data: 80 0 0 FF 0 FF 0 0
ID: 153, Data: 80 0 0 FF 0 FF 0 0
ID: 43F, Data: 81 48 60 FF 56 0 0 0
ID: A1, Data: 888 7B 88 7C 25 0 0 0
ID: 153, Data: 80 0 0 FF 0 FF 0 0
ID: 153, Data: 80 0 0 FF 0 FF 0 0
ID: 153, Data: 80 0 0 FF 0 FF 0 0
ID: 370, Data: 8FF E0 F0 FF FF FF FF FF
ID: 153, Data: 80 0 0 FF 0 FF 0 0
ID: 43F, Data: 81 48 60 FF 56 0 0 0
ID: 545, Data: 8DC 1F 0 8D B9 0 B9 0
ID: 260, Data: 8B 24 24 30 0 FF 72 3C
ID: 5F0, Data: 20 0
ID: 440, Data: 8A6 91 0 A0 FF AA AA AA
ID: 153, Data: 80 0 0 FF 0 FF 0 0
ID: 153, Data: 80 0 0 FF 0 FF 0 0
ID: 316, Data: 85 23 32 A 24 19 0 7C
ID: 153, Data: 80 0 0 FF 0 FF 0 0
ID: 316, Data: 85 23 32 A 24 19 0 7C
ID: 153, Data: 80 0 0 FF 0 FF 0 0
ID: 43F, Data: 81 48 60 FF 56 0 0 0
ID: 316, Data: 85 23 29 A 24 19 0 7C
ID: 153, Data: 80 0 0 FF 0 FF 0 0
ID: 316, Data: 85 23 28 A 24 19 0 7C
ID: 153, Data: 80 0 0 FF 0 FF 0 0
ID: 316, Data: 85 23 21 A 24 19 0 7C
ID: 153, Data: 80 0 0 FF 0 FF 0 0
ID: 316, Data: 85 23 F A 24 19 0 7C
ID: 370, Data: 8FF E0 F0 FF FF FF FF FF
ID: 43F, Data: 81 48 60 FF 56 0 0 0
ID: 153, Data: 80 0 0 FF 0 FF 0 0
ID: 153, Data: 80 0 0 FF 0 FF 0 0
ID: 153, Data: 80 0 0 FF 0 FF 0 0
ID: 316, Data: 85 23 C A 24 19 0 7C
ID: 153, Data: 80 0 0 FF 0 FF 0 0
ID: 316, Data: 85 23 14 A 24 19 0 7C
ID: 153, Data: 80 0 0 FF 0 FF 0 0
ID: 316, Data: 85 23 1B A 24 19 0 7C
ID: 370, Data: 8FF E0 F0 FF FF FF FF FF
ID: 440, Data: 8A6 91 0 A0 FF AA AA AA
ID: 153, Data: 80 0 0 FF 0 FF 0 0
ID: 153, Data: 80 0 0 FF 0 FF 0 0
ID: 316, Data: 85 24 26 A 2D 22 0 7C
ID: 153, Data: 80 0 0 FF 0 FF 0 0
ID: 316, Data: 85 25 35 A 2D 22 0 7C
ID: 43F, Data: 81 48 60 FF 56 0 0 0
ID: 440, Data: 8AE 91 0 A0 FF AA AA AA
ID: 370, Data: 8FF E0 F0 FF FF FF FF FF
ID: 545, Data: 8DC 25 0 8C 63 0 63 0
ID: 5F0, Data: 20 0
ID: 316, Data: 85 28 BA A 2C 22 0 7C
ID: 43F, Data: 81 48 60 FF 56 0 0 0
ID: 370, Data: 8FF E0 F0 FF FF FF FF FF
ID: 1F1, Data: 80 E4 0 0 0 0 0 0
ID: 316, Data: 845 29 97 A 2C 22 0 7C
ID: 43F, Data: 81 48 60 FF 56 0 0 0
ID: 316, Data: 845 29 34 A 2D 21 0 7C
ID: 316, Data: 845 2A 39 A 2D 21 0 7C
ID: 316, Data: 845 2A 34 A 2C 21 0 7C
ID: 153, Data: 80 0 0 FF 0 FF 0 0
ID: 153, Data: 80 0 0 FF 0 FF 0 0
ID: 316, Data: 845 2B 57 A 2C 21 0 7C
ID: A1, Data: 886 80 86 80 2A 0 0 0
ID: 153, Data: 80 0 0 FF 0 FF 0 0
ID: 316, Data: 845 2B 73 A 2B 21 0 7C
ID: 43F, Data: 81 48 60 FF 56 0 0 0
ID: 316, Data: 845 2B 86 A 2B 21 0 7C
ID: 440, Data: 8AD 41 0 A0 FF AA AA AA
ID: 545, Data: 8DC 27 0 8C AA 0 AA 0
ID: 316, Data: 845 2B 7E A 2B 21 0 7C
ID: 153, Data: 80 0 0 FF 0 FF 0 0
ID: 2A0, Data: 820 0 63 1C 3D 0 17 0
ID: 316, Data: 845 2A 88 A 2B 22 0 7C
ID: 280, Data: 830 0 84 B2 15 1E 63 57
ID: 43F, Data: 81 48 60 FF 56 0 0 0
ID: 43F, Data: 81 48 60 FF 56 0 0 0
ID: 316, Data: 845 2A 85 A 2A 22 0 7C
ID: 316, Data: 845 2A 7E A 2B 22 0 7C
ID: A1, Data: 885 80 85 80 29 0 0 0
ID: 316, Data: 845 2A 6A A 2B 22 0 7C
ID: 153, Data: 80 0 0 FF 0 FF 0 0
ID: 329, Data: 840 B2 7F 8 12 2C 0 26
ID: 43F, Data: 81 48 60 FF 56 0 0 0
ID: 440, Data: 8AD 91 0 A0 FF AA AA AA
ID: 2A0, Data: 880 0 63 1C 3D 0 17 0
ID: 153, Data: 80 0 0 FF 0 FF 0 0
ID: 316, Data: 845 2A 44 A 2B 21 0 7C
ID: 316, Data: 845 2A 40 A 2B 21 0 7C
ID: 153, Data: 80 0 0 FF 0 FF 0 0
ID: 153, Data: 80 0 0 FF 0 FF 0 0
ID: 545, Data: 8DC 25 0 8C 96 0 96 0
ID: 43F, Data: 81 48 60 FF 56 0 0 0
ID: 370, Data: 8FF E0 F0 FF FF FF FF FF
ID: 545, Data: 8DC 24 0 8D 94 0 94 0
ID: 316, Data: 845 2A 44 A 2B 21 0 7C
ID: 316, Data: 845 2A 44 A 2B 21 0 7C
ID: A0, Data: 83C 7E 42 A 0 24 2 0
ID: 43F, Data: 81 48 60 FF 56 74 1 0
ID: 153, Data: 80 0 0 FF 0 FF 0 0
ID: 5F0, Data: 20 0
ID: 153, Data: 80 0 0 FF 0 FF 0 0
ID: 153, Data: 80 0 0 FF 0 FF 0 0
ID: 260, Data: 8B 2A 2C 30 0 FF 70 21
ID: 316, Data: 845 2A 36 A 2B 21 0 7C
ID: 153, Data: 80 0 0 FF 0 FF 0 0
ID: 316, Data: 845 2A 42 A 2B 21 0 7C
ID: 153, Data: 80 0 0 FF 0 FF 0 0
ID: 153, Data: 80 0 0 FF 0 FF 0 0
ID: 316, Data: 845 2A 4C A 2B 21 0 7C
ID: 43F, Data: 81 48 60 FF 56 F4 2 0
ID: 370, Data: 8FF E0 F0 FF FF FF FF FF
ID: 316, Data: 845 2A 2D A 2B 21 1 7C
ID: 153, Data: 80 0 0 FF 0 FF 0 0
ID: 316, Data: 845 2A 3A A 2B 21 1 7C
ID: 153, Data: 80 0 0 FF 0 FF 0 0
ID: 316, Data: 845 2A 42 A 2B 21 1 7C
ID: 316, Data: 845 2A 4F A 2B 21 1 7C
ID: 153, Data: 80 0 0 FF 0 FF 0 0
ID: A1, Data: 883 80 81 80 29 0 0 0
ID: 260, Data: 8B 2A 2B 30 0 FF 6E 16
ID: 18F, Data: 8AA 3A 0 0 0 0 0 0
ID: 153, Data: 80 0 0 FF 0 FF 0 0
ID: A0, Data: 83B 7E 5F A 2 24 2 0
ID: 2A0, Data: 820 0 63 1C 3D 0 17 0
ID: 329, Data: 8B B2 7F 8 12 2C 0 26
ID: A0, Data: 83B 7E 49 A 2 24 2 0
ID: 43F, Data: 81 48 60 FF 56 84 4 0
ID: 43F, Data: 81 48 60 FF 56 88 4 0
ID: 153, Data: 80 0 0 FF 0 FF 0 0
ID: 153, Data: 80 0 0 FF 0 FF 0 0
ID: 316, Data: 845 29 5A A 2B 22 2 7C
ID: 153, Data: 80 0 0 FF 0 FF 0 0
ID: 316, Data: 845 2A 45 A 2B 22 2 7C
ID: 153, Data: 80 0 0 FF 0 FF 0 0
ID: 316, Data: 845 29 3D A 2B 22 2 7C
ID: 316, Data: 845 29 3A A 2B 22 2 7C
ID: 153, Data: 80 0 0 FF 0 FF 0 0
ID: A0, Data: 83B 7E 3D A 2 24 2 0
ID: 316, Data: 845 2A 2D A 2B 21 2 7C
ID: 370, Data: 8FF E0 F0 FF FF FF FF FF
ID: 260, Data: 8B 2A 2C 30 0 FF 71 3F
ID: 153, Data: 80 0 0 FF 0 FF 0 0
ID: 260, Data: 8B 2A 2C 30 0 FF 71 20
ID: 316, Data: 845 2A 21 A 2B 21 2 7C
ID: A1, Data: 881 80 83 80 29 0 0 0
ID: 43F, Data: 81 48 60 FF 56 D0 4 0
ID: 5F0, Data: 20 0
ID: 316, Data: 845 2A 42 A 2B 21 2 7C
ID: 153, Data: 80 0 0 FF 0 FF 0 0
ID: 2A0, Data: 880 0 63 1C 3D 0 17 0
ID: 43F, Data: 81 48 60 FF 56 C0 4 0
ID: 370, Data: 8FF E0 F0 FF FF FF FF FF
ID: 370, Data: 8FF E0 F0 FF FF FF FF FF
ID: 153, Data: 80 0 0 FF 0 FF 0 0
ID: 43F, Data: 81 48 60 FF 56 94 4 0
ID: A1, Data: 881 80 83 80 29 0 0 0
ID: 43F, Data: 81 48 60 FF 56 78 4 0
ID: 153, Data: 80 0 0 FF 0 FF 0 0
ID: 153, Data: 80 0 0 FF 0 FF 0 0
ID: 316, Data: 845 2A 48 A 2B 22 2 7C
ID: 43F, Data: 81 48 60 FF 56 40 4 0
ID: 316, Data: 845 2A 44 A 2B 21 2 7C
ID: 316, Data: 845 2A 4D A 2B 21 2 7C
ID: 2A0, Data: 880 0 63 1C 3D 0 17 0
ID: 43F, Data: 81 48 60 FF 56 FC 3 0
ID: 153, Data: 80 0 0 FF 0 FF 0 0
ID: 316, Data: 845 2A 32 A 2B 21 2 7C
ID: 1F1, Data: 80 6 F F0 0 F F0 0
ID: 153, Data: 80 0 0 FF 0 FF 0 0
ID: 316, Data: 845 2A 32 A 2B 21 1 7C
ID: 153, Data: 80 0 0 FF 0 FF 0 0
ID: 316, Data: 845 2A 35 A 2B 21 1 7C
ID: 153, Data: 80 0 0 FF 0 FF 0 0
ID: 316, Data: 845 2A 29 A 2B 21 1 7C
ID: 43F, Data: 81 48 60 FF 56 1C 3 0
ID: 43F, Data: 81 48 60 FF 56 FC 2 0
ID: A0, Data: 83B 7D 19 A 2 24 2 0
ID: 153, Data: 80 0 0 FF 0 FF 0 0
ID: 316, Data: 845 2A E A 2B 21 1 7C
ID: A0, Data: 83C 7D E A 2 24 2 0
ID: 43F, Data: 81 48 60 FF 56 60 2 0
ID: A0, Data: 83C 7D E A 2 24 2 0
ID: 153, Data: 80 0 0 FF 0 FF 0 0
ID: 18F, Data: 8AA 3D 0 0 0 0 0 0
ID: 316, Data: 845 2A 36 A 2B 21 1 7C
ID: 43F, Data: 81 48 60 FF 56 D4 1 0
ID: 280, Data: 830 0 84 B1 14 1E 63 56
ID: 18F, Data: 8AA 3E 0 0 0 0 0 0
ID: 316, Data: 845 2A 44 A 2B 21 1 7C
ID: 153, Data: 80 0 0 FF 0 FF 0 0
ID: 316, Data: 845 2A 40 A 2B 21 1 7C
ID: 43F, Data: 81 48 60 FF 56 44 1 0
ID: 1F1, Data: 80 6 5 50 0 5 60 0
ID: 18F, Data: 8AA 3E 0 0 0 0 0 0
ID: 370, Data: 8FF E0 F0 FF FF FF FF FF
ID: 316, Data: 845 2A 4C A 2B 22 0 7C
ID: 440, Data: 8B4 41 0 A0 FF AA AA AA
ID: 153, Data: 80 0 0 FF 0 FF 0 0
ID: 2A0, Data: 840 0 63 1C 3D 0 17 0
ID: 316, Data: 845 2A 57 A 2B 21 0 7C
ID: 2A0, Data: 880 0 63 1C 3D 0 17 0
ID: 153, Data: 80 0 0 FF 0 FF 0 0
ID: 153, Data: 80 0 0 FF 0 FF 0 0
ID: 1F1, Data: 80 16 3 30 0 3 30 0
ID: A0, Data: 83A 7D 55 A 1 24 2 0
ID: 260, Data: 8B 2A 2B 30 0 FF 6E 16
ID: 280, Data: 830 0 84 B1 14 1E 63 56
ID: 43F, Data: 81 48 60 FF 56 3C 1 0
ID: 316, Data: 845 2A 42 A 2B 22 0 7C
ID: 280, Data: 830 0 84 B1 14 1E 63 56
ID: 316, Data: 845 2A 38 A 2B 22 0 7C
ID: 316, Data: 845 2A 2C A 2B 21 0 7C
ID: 260, Data: 8B 2A 2C 30 0 FF 70 21
ID: 43F, Data: 81 48 60 FF 56 64 1 0
ID: 316, Data: 845 2A E A 2B 21 0 7C
ID: 316, Data: 845 2A E A 2B 21 0 7C
ID: 18F, Data: 8AA 3E 0 0 0 0 0 0
ID: 153, Data: 80 0 0 FF 0 FF 0 0
ID: 18F, Data: 8AA 3E 0 0 0 0 0 0
ID: 316, Data: 845 2A 20 A 2B 21 0 7C
ID: 316, Data: 845 2A 23 A 2B 21 0 7C
ID: 545, Data: 8DC 24 0 8C 98 0 98 0
ID: 43F, Data: 81 48 60 FF 56 88 1 0
ID: 43F, Data: 81 48 60 FF 56 8C 1 0
ID: 153, Data: 80 0 0 FF 0 FF 0 0
ID: 370, Data: 8FF E0 F0 FF FF FF FF FF
ID: 316, Data: 845 29 2E A 24 19 0 7C
ID: 370, Data: 8FF E0 F0 FF FF FF FF FF
ID: 316, Data: 845 28 35 A 24 19 0 7C
ID: 153, Data: 80 0 0 FF 0 FF 0 0
ID: 43F, Data: 81 48 60 FF 56 94 1 0
ID: 153, Data: 80 0 0 FF 0 FF 0 0
ID: 153, Data: 80 0 0 FF 0 FF 0 0
ID: 316, Data: 85 27 3E A 24 19 0 7C
ID: 545, Data: 8DC 21 0 8C F4 0 F4 0
ID: 440, Data: 8B2 91 0 A0 FF AA AA AA
ID: 153, Data: 80 0 0 FF 0 FF 0 0
ID: 329, Data: 840 B1 7F 8 12 29 0 26
ID: 316, Data: 85 24 D1 A 21 19 0 7C
ID: 260, Data: 8B 24 22 30 0 FF 66 1D
ID: 1F1, Data: 80 17 5 50 0 6 60 0
ID: 316, Data: 85 23 81 A 23 19 0 7C
ID: 153, Data: 80 0 0 FF 0 FF 0 0
ID: 316, Data: 85 23 5C A 23 19 0 7C
ID: 153, Data: 80 0 0 FF 0 FF 0 0
ID: 316, Data: 85 22 53 A 23 19 0 7C
ID: 440, Data: 8AE 91 0 A0 FF AA AA AA
ID: 316, Data: 85 22 47 A 23 19 0 7C
ID: A0, Data: 832 7D 47 A 1 23 2 0
ID: 153, Data: 80 0 0 FF 0 FF 0 0
ID: A1, Data: 882 7B 82 7C 25 0 0 0
ID: 2A0, Data: 840 0 63 1C 3D 0 17 0
ID: 260, Data: 8B 23 24 30 0 FF 72 3D
ID: 370, Data: 8FF E0 F0 FF FF FF FF FF
ID: 153, Data: 80 0 0 FF 0 FF 0 0
ID: 153, Data: 80 0 0 FF 0 FF 0 0
ID: 545, Data: 8DC 1C 0 8D B3 0 B3 0
ID: 370, Data: 8FF E0 F0 FF FF FF FF FF
ID: 329, Data: 8ED B1 7F 8 12 2A 0 26
ID: 153, Data: 80 0 0 FF 0 FF 0 0
ID: 316, Data: 85 23 14 A 24 19 0 7C
ID: 1F1, Data: 80 17 2 20 0 2 10 0
ID: 316, Data: 85 23 8 A 24 19 0 7C
ID: 316, Data: 85 23 10 A 24 19 0 7C
ID: 153, Data: 80 0 0 FF 0 FF 0 0
ID: 260, Data: 8B 24 24 30 0 FF 74 2B
ID: 370, Data: 8FF E0 F0 FF FF FF FF FF
ID: 260, Data: 8B 24 24 30 0 FF 74 D
ID: 316, Data: 85 23 12 A 24 19 0 7C
ID: 329, Data: 8B B1 7F 8 12 2A 0 26
ID: A1, Data: 882 7B 80 7C 25 0 0 0
ID: 153, Data: 80 0 0 FF 0 FF 0 0
ID: 43F, Data: 81 48 60 FF 56 0 0 0
ID: 153, Data: 80 0 0 FF 0 FF 0 0
ID: 153, Data: 80 0 0 FF 0 FF 0 0
ID: 370, Data: 8FF E0 F0 FF FF FF FF FF
ID: 316, Data: 85 23 2C A 24 19 0 7C
ID: 316, Data: 85 23 35 A 23 19 0 7C
ID: 316, Data: 85 23 2A A 24 19 0 7C
ID: 316, Data: 85 23 20 A 24 19 0 7C
ID: 545, Data: 8DC 1D 0 8D B4 0 B4 0
ID: 153, Data: 80 0 0 FF 0 FF 0 0
ID: 316, Data: 85 23 1F A 24 19 0 7C
ID: A1, Data: 884 7B 80 7C 25 0 0 0
ID: 5A1, Data: 880 3 90 23 30 30 30 0
ID: 316, Data: 85 23 29 A 24 19 0 7C
ID: 153, Data: 80 0 0 FF 0 FF 0 0
ID: 316, Data: 85 23 1F A 24 19 0 7C
ID: 316, Data: 85 23 1C A 24 19 0 7C
ID: 316, Data: 85 23 17 A 24 19 0 7C
ID: A0, Data: 832 7D 1F A 0 23 2 0
ID: 153, Data: 80 0 0 FF 0 FF 0 0
ID: A1, Data: 884 7B 82 7C 25 0 0 0
ID: 2A0, Data: 820 0 63 1C 3D 0 17 0
ID: 153, Data: 80 0 0 FF 0 FF 0 0
ID: 43F, Data: 81 48 60 FF 56 0 0 0
ID: 260, Data: 8B 23 24 30 0 FF 73 F
ID: A1, Data: 884 7B 82 7C 25 0 0 0
ID: 43F, Data: 81 48 60 FF 56 0 0 0
ID: 5F0, Data: 20 0
ID: 153, Data: 80 0 0 FF 0 FF 0 0
ID: 43F, Data: 81 48 60 FF 56 0 0 0
ID: 5F0, Data: 20 0
ID: 43F, Data: 81 48 60 FF 56 0 0 0
ID: A1, Data: 884 7B 82 7C 25 0 0 0
ID: 43F, Data: 81 48 60 FF 56 0 0 0
ID: 43F, Data: 81 48 60 FF 56 0 0 0
ID: 43F, Data: 81 48 60 FF 56 0 0 0
ID: 153, Data: 80 0 0 FF 0 FF 0 0
ID: 153, Data: 80 0 0 FF 0 FF 0 0
ID: 153, Data: 80 0 0 FF 0 FF 0 0
ID: 2A0, Data: 8E0 0 63 1C 3D 0 17 0
ID: 316, Data: 85 23 19 A 24 19 0 7C
ID: 2A0, Data: 820 0 63 1C 3D 0 17 0
ID: 370, Data: 8FF E0 F0 FF FF FF FF FF
ID: 440, Data: 8A6 41 0 A0 FF AA AA AA
ID: 545, Data: 8DC 1D 0 8D B4 0 B4 0
ID: 43F, Data: 81 48 60 FF 56 0 0 0
ID: 316, Data: 85 23 19 A 24 19 0 7C
ID: 153, Data: 80 0 0 FF 0 FF 0 0
ID: 316, Data: 85 23 23 A 24 19 0 7C
ID: 153, Data: 80 0 0 FF 0 FF 0 0
ID: 316, Data: 85 23 19 A 24 19 0 7C
ID: 316, Data: 85 23 18 A 24 19 0 7C
ID: 316, Data: 85 23 17 A 24 19 0 7C
ID: 260, Data: 8B 23 24 30 0 FF 72 3D
ID: 153, Data: 80 0 0 FF 0 FF 0 0
ID: 316, Data: 85 23 14 A 24 19 0 7C
ID: 153, Data: 80 0 0 FF 0 FF 0 0
ID: 316, Data: 85 22 15 A 24 19 0 7C
ID: 153, Data: 80 0 0 FF 0 FF 0 0
ID: 153, Data: 80 0 0 FF 0 FF 0 0
ID: 43F, Data: 81 48 60 FF 56 0 0 0
ID: A0, Data: 832 7D F A 0 23 2 0
ID: 153, Data: 80 0 0 FF 0 FF 0 0
ID: 545, Data: 8DC 1C 0 8D B0 0 B0 0
ID: 316, Data: 85 23 15 A 24 19 0 7C
ID: 280, Data: 830 0 84 B1 14 1A 63 4D
ID: A1, Data: 884 7B 84 7C 25 0 0 0
ID: 316, Data: 85 23 1C A 24 19 0 7C
ID: 316, Data: 85 23 1C A 24 19 0 7C
ID: 316, Data: 85 23 19 A 24 19 0 7C
ID: 260, Data: 8B 23 24 30 0 FF 72 1F
ID: 153, Data: 80 0 0 FF 0 FF 0 0
ID: 43F, Data: 81 48 60 FF 56 0 0 0
ID: 153, Data: 80 0 0 FF 0 FF 0 0
ID: 316, Data: 85 23 21 A 24 19 0 7C
ID: A1, Data: 884 7B 84 7C 25 0 0 0
ID: 153, Data: 80 0 0 FF 0 FF 0 0
ID: 316, Data: 85 23 24 A 24 19 0 7C
ID: 43F, Data: 81 48 60 FF 56 0 0 0
ID: 316, Data: 85 23 25 A 24 19 0 7C
ID: 370, Data: 8FF E0 F0 FF FF FF FF FF
ID: 153, Data: 80 0 0 FF 0 FF 0 0
ID: 5F0, Data: 20 0
ID: 2A0, Data: 8E0 0 63 1C 3D 0 17 0
ID: 2A0, Data: 840 0 63 1C 3D 0 17 0
ID: 5F0, Data: 20 0
ID: 316, Data: 85 22 14 A 24 19 0 7C
ID: 43F, Data: 81 48 60 FF 56 0 0 0
ID: 43F, Data: 81 48 60 FF 56 0 0 0
ID: 153, Data: 80 0 0 FF 0 FF 0 0
ID: 43F, Data: 81 48 60 FF 56 0 0 0
ID: 153, Data: 80 0 0 FF 0 FF 0 0
ID: 153, Data: 80 0 0 FF 0 FF 0 0
ID: 153, Data: 80 0 0 FF 0 FF 0 0
ID: 18F, Data: 8AA 39 0 0 0 0 0 0
ID: 316, Data: 85 23 1C A 24 19 0 7C
ID: 316, Data: 85 23 23 A 24 19 0 7C
ID: 316, Data: 85 23 1F A 24 19 0 7C
ID: 260, Data: 8B 23 24 30 0 FF 72 2E
ID: 43F, Data: 81 48 60 FF 56 0 0 0
ID: 43F, Data: 81 48 60 FF 56 0 0 0
ID: 153, Data: 80 0 0 FF 0 FF 0 0
ID: 5F0, Data: 20 0
ID: 153, Data: 80 0 0 FF 0 FF 0 0
ID: 43F, Data: 81 48 60 FF 56 0 0 0
ID: 5F0, Data: 20 0
ID: 316, Data: 85 23 28 A 24 19 0 7C
ID: 43F, Data: 81 48 60 FF 56 0 0 0
ID: 43F, Data: 81 48 60 FF 56 0 0 0
ID: 153, Data: 80 0 0 FF 0 FF 0 0
ID: 153, Data: 80 0 0 FF 0 FF 0 0
ID: 153, Data: 80 0 0 FF 0 FF 0 0
ID: 2A0, Data: 880 0 63 1C 3D 0 17 0
ID: 316, Data: 85 23 2A A 23 19 0 7C
ID: 18F, Data: 8AA 39 0 0 0 0 0 0
ID: 440, Data: 8A6 E1 0 A0 FF AA AA AA
ID: 260, Data: 8B 23 24 30 0 FF 71 1
ID: 440, Data: 8A6 E1 0 A0 FF AA AA AA
ID: 316, Data: 85 23 2A A 23 19 0 7C
ID: 153, Data: 80 0 0 FF 0 FF 0 0
ID: 316, Data: 85 23 2A A 24 19 0 7C
ID: 260, Data: 8B 23 24 30 0 FF 71 2F
ID: 153, Data: 80 0 0 FF 0 FF 0 0
ID: 316, Data: 85 23 F A 24 19 0 7C
ID: 153, Data: 80 0 0 FF 0 FF 0 0
ID: 316, Data: 85 23 E A 24 19 0 7C
ID: 153, Data: 80 0 0 FF 0 FF 0 0
ID: 43F, Data: 81 48 60 FF 56 0 0 0
ID: 153, Data: 80 0 0 FF 0 FF 0 0
ID: 153, Data: 80 0 0 FF 0 FF 0 0
ID: 316, Data: 85 22 14 A 24 19 0 7C
ID: 43F, Data: 81 48 60 FF 56 0 0 0
ID: 545, Data: 8DC 1C 0 8D AA 0 AA 0
ID: 260, Data: 8B 23 24 30 0 FF 73 2D
ID: A1, Data: 884 7B 84 7C 24 0 0 0
ID: 316, Data: 85 23 F4 9 24 19 0 7C
ID: 153, Data: 80 0 0 FF 0 FF 0 0
ID: 316, Data: 85 23 A A 24 19 0 7C
ID: 43F, Data: 81 48 60 FF 56 0 0 0
ID: 43F, Data: 81 48 60 FF 56 0 0 0
ID: 316, Data: 85 23 15 A 24 19 0 7C
ID: 316, Data: 85 23 19 A 24 19 0 7C
ID: 545, Data: 8DC 1C 0 8D B5 0 B5 0
ID: 43F, Data: 81 48 60 FF 56 0 0 0
ID: 43F, Data: 81 48 60 FF 56 0 0 0
ID: 43F, Data: 81 48 60 FF 56 0 0 0
ID: 43F, Data: 81 48 60 FF 56 0 0 0
ID: 43F, Data: 81 48 60 FF 56 0 0 0
ID: 1F0, Data: 864 40 B5 BF 0 0 0 0
ID: 316, Data: 85 23 17 A 24 19 0 7C
ID: 316, Data: 85 23 1B A 24 19 0 7C
ID: 329, Data: 884 B1 7F 8 12 2A 0 26
ID: A0, Data: 832 7D 12 A 0 23 2 0
ID: 43F, Data: 81 48 60 FF 56 0 0 0
ID: 43F, Data: 81 48 60 FF 56 0 0 0
ID: 153, Data: 80 0 0 FF 0 FF 0 0
ID: 5F0, Data: 20 0
ID: 153, Data: 80 0 0 FF 0 FF 0 0
ID: A0, Data: 832 7D F A 0 23 2 0
ID: 545, Data: 8DC 1C 0 8D B5 0 B5 0
ID: 153, Data: 80 0 0 FF 0 FF 0 0
ID: 280, Data: 830 0 84 B1 14 1A 63 4D
ID: 370, Data: 8FF E0 F0 FF FF FF FF FF
ID: A1, Data: 882 7B 80 7C 25 0 0 0
ID: 316, Data: 85 23 17 A 24 19 0 7C
ID: 316, Data: 85 23 A A 24 19 0 7C
ID: 18F, Data: 8AA 37 0 0 0 0 0 0
ID: A1, Data: 882 7B 80 7C 25 0 0 0
ID: 329, Data: 840 B1 7F 8 12 2A 0 26
ID: 545, Data: 8DC 1C 0 8D B4 0 B4 0
ID: 153, Data: 80 0 0 FF 0 FF 0 0
ID: 316, Data: 85 23 1B A 24 19 0 7C
ID: 153, Data: 80 0 0 FF 0 FF 0 0
ID: 316, Data: 85 23 1C A 24 19 0 7C
ID: 153, Data: 80 0 0 FF 0 FF 0 0
ID: 153, Data: 80 0 0 FF 0 FF 0 0
ID: 153, Data: 80 0 0 FF 0 FF 0 0
ID: 260, Data: 8B 23 24 30 0 FF 72 3D
ID: 316, Data: 85 23 17 A 24 19 0 7C
ID: 153, Data: 80 0 0 FF 0 FF 0 0
ID: 43F, Data: 81 48 60 FF 56 0 0 0
ID: 153, Data: 80 0 0 FF 0 FF 0 0
ID: 260, Data: 8B 23 24 30 0 FF 72 0
ID: 2A0, Data: 820 0 63 1C 3D 0 17 0
ID: 43F, Data: 81 48 60 FF 56 0 0 0
ID: 316, Data: 85 23 10 A 24 19 0 7C
ID: 153, Data: 80 0 0 FF 0 FF 0 0
ID: 316, Data: 85 23 A A 24 19 0 7C
ID: 43F, Data: 81 48 60 FF 56 0 0 0
ID: 43F, Data: 81 48 60 FF 56 0 0 0
ID: 43F, Data: 81 48 60 FF 56 0 0 0
ID: 153, Data: 80 0 0 FF 0 FF 0 0
ID: 5F0, Data: 20 0
ID: 153, Data: 80 0 0 FF 0 FF 0 0
ID: 43F, Data: 81 48 60 FF 56 0 0 0
ID: 5F0, Data: 20 0
ID: 316, Data: 85 23 1B A 24 19 0 7C
ID: 43F, Data: 81 48 60 FF 56 0 0 0
ID: 43F, Data: 81 48 60 FF 56 0 0 0
ID: 153, Data: 80 0 0 FF 0 FF 0 0
ID: 153, Data: 80 0 0 FF 0 FF 0 0
ID: 153, Data: 80 0 0 FF 0 FF 0 0
ID: 545, Data: 8DC 1B 0 8C AA 0 AA 0
ID: 316, Data: 85 23 7 A 24 19 0 7C
ID: 260, Data: 8B 23 24 30 0 FF 73 2D
ID: 18F, Data: 8AA 37 0 0 0 0 0 0
ID: 440, Data: 8A6 41 0 A0 FF AA AA AA
ID: 5F0, Data: 20 0
ID: 440, Data: 8A6 41 0 A0 FF AA AA AA
ID: 153, Data: 80 0 0 FF 0 FF 0 0
ID: 18F, Data: 8AA 37 0 0 0 0 0 0
ID: 316, Data: 85 23 5 A 24 19 0 7C
ID: 316, Data: 85 23 E A 24 19 0 7C
ID: 440, Data: 8A6 E1 0 A0 FF AA AA AA
ID: 43F, Data: 81 48 60 FF 56 0 0 0
ID: 153, Data: 80 0 0 FF 0 FF 0 0
ID: 153, Data: 80 0 0 FF 0 FF 0 0
ID: 18F, Data: 8AA 36 0 0 0 0 0 0
ID: 316, Data: 85 23 1B A 24 19 0 7C
ID: 316, Data: 85 23 14 A 24 19 0 7C
ID: 316, Data: 85 23 14 A 24 19 0 7C
ID: 260, Data: 8B 23 24 30 0 FF 73 2D
ID: 153, Data: 80 0 0 FF 0 FF 0 0
ID: 153, Data: 80 0 0 FF 0 FF 0 0
ID: 316, Data: 85 23 14 A 24 19 0 7C
ID: A1, Data: 880 7B 82 7C 25 0 0 0
ID: 153, Data: 80 0 0 FF 0 FF 0 0
ID: 316, Data: 85 23 1D A 24 19 0 7C
ID: 370, Data: 8FF E0 F0 FF FF FF FF FF
ID: 316, Data: 85 23 1C A 24 19 0 7C
ID: 545, Data: 8DC 1C 0 8C AE 0 AE 0
ID: A1, Data: 880 7B 82 7C 24 0 0 0
ID: 316, Data: 85 23 14 A 24 19 0 7C
ID: 153, Data: 80 0 0 FF 0 FF 0 0
ID: 316, Data: 85 23 E A 24 19 0 7C
ID: 153, Data: 80 0 0 FF 0 FF 0 0
ID: 316, Data: 85 23 19 A 24 19 0 7C
ID: 370, Data: 8FF E0 F0 FF FF FF FF FF
ID: 153, Data: 80 0 0 FF 0 FF 0 0
ID: 260, Data: 8B 23 24 30 0 FF 73 2D
ID: 316, Data: 85 23 E A 24 19 0 7C
ID: A1, Data: 880 7B 82 7C 25 0 0 0
ID: 153, Data: 80 0 0 FF 0 FF 0 0
ID: 153, Data: 80 0 0 FF 0 FF 0 0
ID: 260, Data: 8B 23 24 30 0 FF 73 3C
ID: 316, Data: 85 23 14 A 24 19 0 7C
ID: 1F0, Data: 864 40 B5 BF 0 0 0 0
ID: 43F, Data: 81 48 60 FF 56 0 0 0
ID: 43F, Data: 81 48 60 FF 56 0 0 0
ID: 43F, Data: 81 48 60 FF 57 0 0 0
ID: 153, Data: 80 0 0 FF 0 FF 0 0
ID: 43F, Data: 81 48 60 FF 56 0 0 0
ID: 153, Data: 80 0 0 FF 0 FF 0 0
ID: 316, Data: 85 23 E A 24 19 0 7C
ID: 153, Data: 80 0 0 FF 0 FF 0 0
ID: 153, Data: 80 0 0 FF 0 FF 0 0
ID: A1, Data: 882 7B 82 7C 25 0 0 0
ID: 329, Data: 840 B1 7F 8 12 2A 0 26
ID: 280, Data: 830 0 84 B1 14 1A 63 4D
ID: 153, Data: 80 0 0 FF 0 FF 0 0
ID: 43F, Data: 81 48 60 FF 56 0 0 0
ID: 43F, Data: 81 48 60 FF 56 0 0 0
ID: 153, Data: 80 0 0 FF 0 FF 0 0
ID: 5F0, Data: 20 0
ID: 153, Data: 80 0 0 FF 0 FF 0 0
ID: 43F, Data: 81 48 60 FF 56 0 0 0
ID: 5F0, Data: 20 0
ID: 316, Data: 85 23 1B A 24 19 0 7C
ID: A1, Data: 882 7B 82 7C 24 0 0 0
ID: 43F, Data: 81 48 60 FF 56 0 0 0
ID: 153, Data: 80 0 0 FF 0 FF 0 0
ID: 316, Data: 85 23 26 A 24 19 0 7C
ID: 153, Data: 80 0 0 FF 0 FF 0 0
ID: 153, Data: 80 0 0 FF 0 FF 0 0
ID: 153, Data: 80 0 0 FF 0 FF 0 0
ID: 260, Data: 8B 23 24 30 0 FF 71 2F
ID: 316, Data: 85 23 29 A 24 19 0 7C
ID: 43F, Data: 81 48 60 FF 56 0 0 0
ID: 43F, Data: 81 48 60 FF 56 0 0 0
ID: 1F0, Data: 864 40 B5 BF 0 0 0 0
ID: 153, Data: 80 0 0 FF 0 FF 0 0
ID: 43F, Data: 81 48 60 FF 56 0 0 0
ID: 153, Data: 80 0 0 FF 0 FF 0 0
ID: 5F0, Data: 20 0
ID: 18F, Data: 8AA 36 0 0 0 0 0 0
ID: A0, Data: 831 7D F A 0 22 2 0
ID: 316, Data: 85 23 1 A 24 19 0 7C
ID: 43F, Data: 81 48 60 FF 57 0 0 0
ID: 43F, Data: 81 48 60 FF 56 0 0 0
ID: 153, Data: 80 0 0 FF 0 FF 0 0
ID: 316, Data: 85 24 5 A 24 19 0 7C
ID: 153, Data: 80 0 0 FF 0 FF 0 0
ID: 316, Data: 85 24 6 A 24 19 0 7C
ID: 153, Data: 80 0 0 FF 0 FF 0 0
ID: 316, Data: 85 23 20 A 24 19 0 7C
ID: 153, Data: 80 0 0 FF 0 FF 0 0
ID: 43F, Data: 81 48 60 FF 56 0 0 0
ID: 43F, Data: 81 48 60 FF 56 0 0 0
ID: 153, Data: 80 0 0 FF 0 FF 0 0
ID: 5F0, Data: 20 0
ID: 153, Data: 80 0 0 FF 0 FF 0 0
ID: 153, Data: 80 0 0 FF 0 FF 0 0
ID: 545, Data: 8DC 1B 0 8C B9 0 B9 0
ID: 316, Data: 85 23 1C A 24 19 0 7C
ID: 545, Data: 8DC 1C 0 8D B5 0 B5 0
ID: A0, Data: 831 7D 1C A 0 23 2 0
ID: 316, Data: 85 23 1D A 24 19 0 7C
ID: 153, Data: 80 0 0 FF 0 FF 0 0
ID: 316, Data: 85 23 20 A 24 19 0 7C
ID: 43F, Data: 81 48 60 FF 56 0 0 0
ID: 440, Data: 8A6 41 0 A0 FF AA AA AA
ID: 43F, Data: 81 48 60 FF 57 0 0 0
ID: 545, Data: 8DC 1C 0 8D B5 0 B5 0
ID: 260, Data: 8B 24 24 30 0 FF 71 0
ID: A1, Data: 882 7B 80 7C 25 0 0 0
ID: 153, Data: 80 0 0 FF 0 FF 0 0
ID: 316, Data: 85 23 1F A 24 19 0 7C
ID: 43F, Data: 81 48 60 FF 56 0 0 0
ID: 316, Data: 85 23 2C A 23 19 0 7C
ID: 370, Data: 8FF E0 F0 FF FF FF FF FF
ID: 316, Data: 85 23 34 A 23 19 0 7C
ID: 153, Data: 80 0 0 FF 0 FF 0 0
ID: 153, Data: 80 0 0 FF 0 FF 0 0
ID: 316, Data: 85 23 18 A 24 19 0 7C
ID: 18F, Data: 8AA 36 0 0 0 0 0 0
ID: 440, Data: 8A6 41 0 A0 FF AA AA AA
ID: 18F, Data: 8AA 36 0 0 0 0 0 0
ID: 440, Data: 8A6 41 0 A0 FF AA AA AA
ID: 1F0, Data: 864 40 B5 BF 0 0 0 0
ID: 43F, Data: 81 48 60 FF 56 0 0 0
ID: 43F, Data: 81 48 60 FF 56 0 0 0
ID: 316, Data: 85 23 24 A 24 19 0 7C
ID: 329, Data: 8ED B0 7F 8 12 2A 0 26
ID: A1, Data: 882 7B 82 7C 25 0 0 0
ID: 153, Data: 80 0 0 FF 0 FF 0 0
ID: 316, Data: 85 23 20 A 24 19 0 7C
ID: 153, Data: 80 0 0 FF 0 FF 0 0
ID: 43F, Data: 81 48 60 FF 56 0 0 0
ID: 153, Data: 80 0 0 FF 0 FF 0 0
ID: 153, Data: 80 0 0 FF 0 FF 0 0
ID: 153, Data: 80 0 0 FF 0 FF 0 0
ID: 280, Data: 830 0 84 B0 14 1A 63 4D
ID: 316, Data: 85 23 8 A 24 19 0 7C
ID: 43F, Data: 81 48 60 FF 56 0 0 0
ID: 370, Data: 8FF E0 F0 FF FF FF FF FF
ID: 1F0, Data: 864 40 B5 BF 0 0 0 0
ID: 329, Data: 840 B0 7F 8 12 29 0 26
ID: 545, Data: 8DC 1C 0 8C B4 0 B4 0
ID: 153, Data: 80 0 0 FF 0 FF 0 0
ID: 153, Data: 80 0 0 FF 0 FF 0 0
ID: 153, Data: 80 0 0 FF 0 FF 0 0
ID: 18F, Data: 8AA 36 0 0 0 0 0 0
ID: 316, Data: 85 23 20 A 24 19 0 7C
ID: 1F0, Data: 864 40 B5 BF 0 0 0 0
ID: 316, Data: 85 23 23 A 24 19 0 7C
ID: 329, Data: 840 B0 7F 8 12 29 0 26
ID: A0, Data: 830 7D 23 A 0 22 2 0
ID: 43F, Data: 81 48 60 FF 56 0 0 0
ID: 153, Data: 80 0 0 FF 0 FF 0 0
ID: 316, Data: 85 23 19 A 24 19 0 7C
ID: A0, Data: 830 7D 17 A 0 22 2 0
ID: 153, Data: 80 0 0 FF 0 FF 0 0
ID: 153, Data: 80 0 0 FF 0 FF 0 0
ID: A0, Data: 830 7D 13 A 0 22 2 0
ID: 329, Data: 884 B0 7F 8 12 2A 0 26
ID: 316, Data: 85 23 2A A 24 19 0 7C
ID: A1, Data: 884 7B 82 7C 25 0 0 0
ID: 153, Data: 80 0 0 FF 0 FF 0 0
ID: 153, Data: 80 0 0 FF 0 FF 0 0
ID: 153, Data: 80 0 0 FF 0 FF 0 0
ID: 545, Data: 8DC 1C 0 8C B4 0 B4 0
ID: 316, Data: 85 23 2E A 23 19 0 7C
ID: 545, Data: 8DC 1C 0 8C B2 0 B2 0
ID: A1, Data: 884 7B 82 7C 24 0 0 0
ID: 153, Data: 80 0 0 FF 0 FF 0 0
ID: 43F, Data: 81 48 60 FF 56 AC 1 0
ID: 153, Data: 80 0 0 FF 0 FF 0 0
ID: 153, Data: 80 0 0 FF 0 FF 0 0
ID: 5F0, Data: 20 0
ID: 545, Data: 8DC 1B 0 8C B7 0 B7 0
ID: 329, Data: 840 B0 7F 8 12 2A 0 26
ID: A0, Data: 830 7D F A 1 22 2 0
ID: 43F, Data: 81 48 60 FF 57 C 2 0
ID: 153, Data: 80 0 0 FF 0 FF 0 0
ID: 153, Data: 80 0 0 FF 0 FF 0 0
ID: A0, Data: 830 7D 1F A 1 22 2 0
ID: 316, Data: 85 23 25 A 24 19 0 7C
ID: 316, Data: 85 23 14 A 24 19 0 7C
ID: 545, Data: 8DC 1B 0 8C B4 0 B4 0
ID: 43F, Data: 81 48 60 FF 56 60 2 0
ID: 43F, Data: 81 48 60 FF 56 84 2 0
ID: 440, Data: 8BC E1 0 A0 FF AA AA AA
ID: 316, Data: 85 23 F3 9 24 19 1 7C
ID: 153, Data: 80 0 0 FF 0 FF 0 0
ID: 153, Data: 80 0 0 FF 0 FF 0 0
ID: 43F, Data: 81 48 60 FF 56 94 2 0
ID: 2A0, Data: 820 0 63 1C 3D 0 17 0
ID: 43F, Data: 81 48 60 FF 56 94 2 0
ID: 370, Data: 8FF E0 F0 FF FF FF FF FF
ID: 316, Data: 85 23 30 A 24 19 1 7C
ID: 153, Data: 80 0 0 FF 0 FF 0 0
ID: 5F0, Data: 20 0
ID: A0, Data: 830 7D 30 A 1 22 2 0
ID: 18F, Data: 8AA 36 0 0 0 0 0 0
ID: 2A0, Data: 880 0 63 1C 3D 0 17 0
ID: 316, Data: 85 24 34 A 23 19 1 7C
ID: 2A0, Data: 840 0 63 1C 3D 0 17 0
ID: A0, Data: 831 7D 26 A 1 23 2 0
ID: 153, Data: 80 0 0 FF 0 FF 0 0
ID: 316, Data: 85 23 2C A 2D 22 1 7C
ID: A0, Data: 831 7D 2C A 1 22 2 0
ID: 43F, Data: 81 48 60 FF 56 90 2 0
ID: 43F, Data: 81 48 60 FF 56 90 2 0
ID: 43F, Data: 81 48 60 FF 57 98 2 0
ID: 43F, Data: 81 48 60 FF 57 A0 2 0
ID: 1F1, Data: 80 27 A A0 0 A A0 0
ID: 370, Data: 8FF E0 F0 FF FF FF FF FF
ID: 316, Data: 85 27 6A A 2C 22 1 7C
ID: 153, Data: 80 0 0 FF 0 FF 0 0
ID: 316, Data: 85 28 86 A 2B 22 1 7C
ID: 440, Data: 8C3 41 1 A0 FF AA AA AA
ID: 316, Data: 845 29 AC A 2B 22 1 7C
ID: A1, Data: 881 80 83 80 27 0 0 0
ID: 153, Data: 80 0 0 FF 0 FF 0 0
ID: 5F0, Data: 20 0
ID: 153, Data: 80 0 0 FF 0 FF 0 0
ID: 153, Data: 80 0 0 FF 0 FF 0 0
ID: 280, Data: 830 0 84 B0 14 1E 63 56
ID: 43F, Data: 81 48 60 FF 56 D8 2 0
ID: 153, Data: 80 0 0 FF 0 FF 0 0
ID: 316, Data: 845 2B 1 A 2C 21 1 7C
ID: 440, Data: 8C4 E1 1 A0 FF AA AA AA
ID: 153, Data: 80 0 0 FF 0 FF 0 0
ID: 329, Data: 840 B0 7F 8 12 2B 0 26
ID: 153, Data: 80 0 0 FF 0 FF 0 0
ID: 260, Data: 8B 2C 2C 30 0 FF 74 D
ID: 370, Data: 8FF E0 F0 FF FF FF FF FF
ID: 1F1, Data: 80 28 B A0 0 B B0 0
ID: 316, Data: 845 2B 60 A 2B 22 1 7C
ID: 153, Data: 80 0 0 FF 0 FF 0 0
ID: 316, Data: 845 2B 5F A 2B 22 1 7C
ID: 316, Data: 845 2B 5A A 2B 22 1 7C
ID: 280, Data: 830 0 84 B0 14 1E 63 56
ID: 153, Data: 80 0 0 FF 0 FF 0 0
ID: 316, Data: 845 2A 58 A 2B 22 1 7C
ID: 316, Data: 845 2A 4D A 2B 22 1 7C
ID: 316, Data: 845 2A 49 A 2B 22 1 7C
ID: 43F, Data: 81 48 60 FF 56 AC 2 0
ID: 43F, Data: 81 48 60 FF 56 AC 2 0
ID: 370, Data: 8FF E0 F0 FF FF FF FF FF
ID: 329, Data: 840 B0 7F 8 12 2B 0 26
ID: 316, Data: 845 2A 3C A 2B 22 1 7C
ID: 316, Data: 845 2A 36 A 2B 22 1 7C
ID: 5F0, Data: 20 0
ID: 153, Data: 80 0 0 FF 0 FF 0 0
ID: 316, Data: 845 2A 39 A 2B 22 1 7C
ID: 43F, Data: 81 48 60 FF 56 4C 2 0
ID: 316, Data: 845 2A 2E A 2B 22 1 7C
ID: 316, Data: 845 2A 36 A 2B 22 1 7C
ID: 2A0, Data: 8E0 0 63 1C 3D 0 17 0
ID: 316, Data: 845 2A 24 A 2B 22 1 7C
ID: 153, Data: 80 0 0 FF 0 FF 0 0
ID: 316, Data: 845 2A 25 A 2B 22 1 7C
ID: 316, Data: 845 2A 2C A 2B 22 1 7C
ID: 2A0, Data: 820 0 63 1C 3D 0 17 0
ID: 43F, Data: 81 48 60 FF 56 C8 1 0
ID: 153, Data: 80 0 0 FF 0 FF 0 0
ID: 43F, Data: 81 48 60 FF 56 98 1 0
ID: 316, Data: 845 2A 19 A 2B 22 0 7C
ID: 153, Data: 80 0 0 FF 0 FF 0 0
ID: 260, Data: 8B 2B 2C 30 0 FF 72 0
ID: 316, Data: 845 2A 1F A 2B 22 0 7C
ID: 2A0, Data: 840 0 63 1C 3D 0 17 0
ID: 153, Data: 80 0 0 FF 0 FF 0 0
ID: 43F, Data: 81 48 60 FF 56 2C 1 0
ID: 43F, Data: 81 48 60 FF 56 18 1 0
ID: 153, Data: 80 0 0 FF 0 FF 0 0
ID: 316, Data: 845 2A FD 9 2C 22 0 7C
ID: 153, Data: 80 0 0 FF 0 FF 0 0
ID: 153, Data: 80 0 0 FF 0 FF 0 0
ID: 316, Data: 845 2B 13 A 2B 22 0 7C
ID: 153, Data: 80 0 0 FF 0 FF 0 0
ID: 316, Data: 845 2B 13 A 2B 22 0 7C
ID: 440, Data: 8B2 E1 0 A0 FF AA AA AA
ID: 316, Data: 845 2B 20 A 2B 22 0 7C
ID: 153, Data: 80 0 0 FF 0 FF 0 0
ID: 153, Data: 80 0 0 FF 0 FF 0 0
ID: 5F0, Data: 20 0
ID: 440, Data: 8B1 E1 0 A0 FF AA AA AA
ID: 153, Data: 80 0 0 FF 0 FF 0 0
ID: 153, Data: 80 0 0 FF 0 FF 0 0
ID: 316, Data: 845 2B 2A A 2B 22 0 7C
ID: 43F, Data: 81 48 60 FF 56 54 0 0
ID: 153, Data: 80 0 0 FF 0 FF 0 0
ID: 316, Data: 845 2A 1F A 2B 22 0 7C
ID: 153, Data: 80 0 0 FF 0 FF 0 0
ID: 316, Data: 845 2A 20 A 2B 22 0 7C
ID: 370, Data: 8FF E0 F0 FF FF FF FF FF
ID: 280, Data: 830 0 84 B0 14 1E 63 56
ID: 316, Data: 845 2A 24 A 2B 22 0 7C
ID: 2A0, Data: 8E0 0 63 1C 3D 0 17 0
ID: 43F, Data: 81 48 60 FF 57 0 0 0
ID: 43F, Data: 81 48 60 FF 57 0 0 0
ID: 43F, Data: 81 48 60 FF 57 0 0 0
ID: 43F, Data: 81 48 60 FF 57 0 0 0
ID: 153, Data: 80 0 0 FF 0 FF 0 0
ID: 316, Data: 845 2A 14 A 2B 22 0 7C
ID: 153, Data: 80 0 0 FF 0 FF 0 0
ID: 316, Data: 845 2A C A 2C 22 0 7C
ID: 316, Data: 845 2A 6 A 2C 22 0 7C
ID: 316, Data: 845 2A F0 9 2C 22 0 7C
ID: 260, Data: 8B 2B 2C 30 0 FF 74 3B
ID: 153, Data: 80 0 0 FF 0 FF 0 0
ID: 43F, Data: 81 48 60 FF 56 0 0 0
ID: 316, Data: 845 2A C2 9 3A 21 0 7C
ID: 153, Data: 80 0 0 FF 0 FF 0 0
ID: 316, Data: 845 2C D6 9 29 21 0 7C
ID: 316, Data: 845 2D CD 9 29 21 0 7C
ID: 545, Data: 8DC 22 0 8C DA 0 DA 0
ID: 153, Data: 80 0 0 FF 0 FF 0 0
ID: 43F, Data: 81 48 60 FF 56 0 0 0
ID: 43F, Data: 81 48 60 FF 56 0 0 0
ID: 153, Data: 80 0 0 FF 0 FF 0 0
ID: 316, Data: 845 2C 4F A 2A 21 0 7C
ID: 153, Data: 80 0 0 FF 0 FF 0 0
ID: 5F0, Data: 20 0
ID: 153, Data: 80 0 0 FF 0 FF 0 0
ID: 316, Data: 845 2A 5F A 2B 22 0 7C
ID: 18F, Data: 8AA 3F 0 0 0 0 0 0
ID: 153, Data: 80 0 0 FF 0 FF 0 0
ID: 2A0, Data: 820 0 63 1C 3D 0 17 0
ID: 545, Data: 8DC 22 0 8C 88 0 88 0
ID: 153, Data: 80 0 0 FF 0 FF 0 0
ID: 43F, Data: 81 48 60 FF 56 0 0 0
ID: A0, Data: 838 7C 2C A 0 24 2 0
ID: 153, Data: 80 0 0 FF 0 FF 0 0
ID: A1, Data: 881 80 7E 80 28 0 0 0
ID: 329, Data: 840 B0 7F 8 12 2B 0 26
ID: 545, Data: 8DC 21 0 8B 99 0 99 0
ID: 316, Data: 845 2A D6 9 3A 21 0 7C
ID: 316, Data: 845 2C E7 9 3A 21 0 7C
ID: 1F0, Data: 86F 40 B5 BF 0 0 0 0
ID: 5F0, Data: 20 0
ID: 153, Data: 80 0 0 FF 0 FF 0 0
ID: A1, Data: 881 80 80 80 2A 0 0 0
ID: 329, Data: 8B B0 7F 8 12 2B 0 26
ID: 545, Data: 8DC 23 0 8D DF 0 DF 0
ID: A0, Data: 83F 7C E7 9 0 24 2 0
ID: 43F, Data: 81 48 60 FF 57 0 0 0
ID: 153, Data: 80 0 0 FF 0 FF 0 0
ID: 153, Data: 80 0 0 FF 0 FF 0 0
ID: 153, Data: 80 0 0 FF 0 FF 0 0
ID: 329, Data: 8ED B0 7F 8 12 2B 0 26
ID: 316, Data: 845 2A 71 A 2B 22 0 7C
ID: 18F, Data: 8AA 3F 0 0 0 0 0 0
ID: 153, Data: 80 0 0 FF 0 FF 0 0
ID: 153, Data: 80 0 0 FF 0 FF 0 0
ID: 545, Data: 8DC 23 0 8C 85 0 85 0
ID: 316, Data: 845 29 24 A 2C 22 0 7C
ID: 280, Data: 830 0 84 B0 14 1E 63 55
ID: 43F, Data: 81 48 60 FF 57 0 0 0
ID: 316, Data: 845 2A C A 2C 22 0 7C
ID: 316, Data: 845 2A 14 A 2C 22 0 7C
ID: 2A0, Data: 840 0 63 1C 3D 0 17 0
ID: 370, Data: 8FF E0 F0 FF FF FF FF FF
ID: 153, Data: 80 0 0 FF 0 FF 0 0
ID: A0, Data: 840 7C C A 0 25 2 0
ID: 316, Data: 845 2B 1 A 2C 21 0 7C
ID: 43F, Data: 81 48 60 FF 57 0 0 0
ID: 43F, Data: 81 48 60 FF 56 0 0 0
ID: 153, Data: 80 0 0 FF 0 FF 0 0
ID: 2A0, Data: 8E0 0 63 1C 3D 0 17 0
ID: 153, Data: 80 0 0 FF 0 FF 0 0
ID: 545, Data: 8DC 27 0 8D B1 0 B1 0
ID: 316, Data: 845 2B 3D A 2B 21 0 7C
ID: 280, Data: 830 0 84 B0 14 1E 63 57
ID: 153, Data: 80 0 0 FF 0 FF 0 0
ID: 153, Data: 80 0 0 FF 0 FF 0 0
ID: 316, Data: 845 2B 45 A 2B 22 0 7C
ID: 5F0, Data: 20 0
ID: 316, Data: 845 2B 4B A 2B 22 0 7C
ID: 153, Data: 80 0 0 FF 0 FF 0 0
ID: 329, Data: 840 B0 7F 8 12 2C 0 26
ID: 316, Data: 845 2B 3C A 2B 22 0 7C
ID: 2A0, Data: 8E0 0 63 1C 3D 0 17 0
ID: 440, Data: 8AE 91 0 A0 FF AA AA AA
ID: 153, Data: 80 0 0 FF 0 FF 0 0
ID: 2A0, Data: 8E0 0 63 1C 3D 0 17 0
ID: 316, Data: 845 2B 3C A 23 19 0 7C
ID: 545, Data: 8DC 27 0 8C 3F 1 3F 1
ID: 316, Data: 845 2A 44 A 23 19 0 7C
ID: 153, Data: 80 0 0 FF 0 FF 0 0
ID: 316, Data: 845 29 2D A 24 19 0 7C
ID: 316, Data: 845 28 23 A 24 19 0 7C
ID: 1F0, Data: 86E 40 B5 BF 0 0 0 0
ID: 153, Data: 80 0 0 FF 0 FF 0 0
ID: 153, Data: 80 0 0 FF 0 FF 0 0
ID: A1, Data: 881 7B 80 7C 27 0 0 0
ID: 329, Data: 840 B0 7F 8 12 2A 0 26
ID: 370, Data: 8FF E0 F0 FF FF FF FF FF
ID: 153, Data: 80 0 0 FF 0 FF 0 0
ID: 316, Data: 85 25 69 A 23 19 0 7C
ID: 316, Data: 85 25 74 A 23 19 0 7C
ID: 316, Data: 85 25 7E A 23 19 0 7C
ID: 545, Data: 8DC 23 0 8D C4 0 C4 0
ID: 153, Data: 80 0 0 FF 0 FF 0 0
ID: 153, Data: 80 0 0 FF 0 FF 0 0
ID: 153, Data: 80 0 0 FF 0 FF 0 0
ID: 260, Data: 8B 24 23 30 0 FF 6E 23
ID: 316, Data: 85 24 48 A 23 19 0 7C
ID: A1, Data: 882 7B 82 7C 25 0 0 0
ID: 43F, Data: 81 48 60 FF 57 0 0 0
ID: 43F, Data: 81 48 60 FF 57 0 0 0
ID: 43F, Data: 81 48 60 FF 57 0 0 0
ID: 43F, Data: 81 48 60 FF 57 0 0 0
ID: 43F, Data: 81 48 60 FF 57 0 0 0
ID: 316, Data: 85 23 A A 24 19 0 7C
ID: 316, Data: 85 23 C A 24 19 0 7C
ID: 153, Data: 80 0 0 FF 0 FF 0 0
ID: 316, Data: 85 23 A A 24 19 0 7C
ID: 153, Data: 80 0 0 FF 0 FF 0 0
ID: 316, Data: 85 23 FC 9 24 19 0 7C
ID: 153, Data: 80 0 0 FF 0 FF 0 0
ID: 153, Data: 80 0 0 FF 0 FF 0 0
ID: 43F, Data: 81 48 60 FF 57 0 0 0
ID: 153, Data: 80 0 0 FF 0 FF 0 0
ID: 5F0, Data: 20 0
ID: A0, Data: 836 7C F3 9 0 23 2 0
ID: 260, Data: 8B 24 25 30 0 FF 76 A
ID: 280, Data: 830 0 84 B0 14 1A 63 4E
ID: 260, Data: 8B 24 24 30 0 FF 75 2A
ID: 316, Data: 85 24 E A 24 19 0 7C
ID: 280, Data: 830 0 84 B0 14 1A 63 4E
ID: 545, Data: 8DC 22 0 8C C1 0 C1 0
ID: 153, Data: 80 0 0 FF 0 FF 0 0
ID: 316, Data: 85 24 23 A 24 19 0 7C
ID: 153, Data: 80 0 0 FF 0 FF 0 0
ID: 43F, Data: 81 48 60 FF 57 0 0 0
ID: 43F, Data: 81 48 60 FF 57 0 0 0
ID: 153, Data: 80 0 0 FF 0 FF 0 0
ID: 316, Data: 85 24 F A 24 19 0 7C
ID: 153, Data: 80 0 0 FF 0 FF 0 0
ID: 316, Data: 85 24 24 A 24 19 0 7C
ID: 43F, Data: 81 48 60 FF 57 0 0 0
ID: 153, Data: 80 0 0 FF 0 FF 0 0
ID: 440, Data: 8A6 91 0 A0 FF AA AA AA
ID: 43F, Data: 81 48 60 FF 57 0 0 0
ID: 316, Data: 85 24 1F A 23 19 0 7C
ID: 370, Data: 8FF E0 F0 FF FF FF FF FF
ID: 329, Data: 8B B0 7F 8 12 2B 0 26
ID: 316, Data: 85 24 21 A 24 19 0 7C
ID: 316, Data: 85 24 2C A 23 19 0 7C
ID: 329, Data: 840 B0 7F 8 12 2B 0 26
ID: A0, Data: 836 7C 20 A 0 23 2 0
ID: 43F, Data: 81 48 60 FF 57 0 0 0
ID: 43F, Data: 81 48 60 FF 57 0 0 0
ID: 153, Data: 80 0 0 FF 0 FF 0 0
ID: 316, Data: 85 23 32 A 23 19 0 7C
ID: 153, Data: 80 0 0 FF 0 FF 0 0
ID: 5F0, Data: 20 0
ID: 440, Data: 8A6 91 0 A0 FF AA AA AA
ID: 316, Data: 85 23 25 A 24 19 0 7C
ID: 316, Data: 85 23 21 A 24 19 0 7C
ID: 316, Data: 85 23 24 A 24 19 0 7C
ID: 2A0, Data: 840 0 63 1C 3D 0 17 0
ID: 153, Data: 80 0 0 FF 0 FF 0 0
ID: 43F, Data: 81 48 60 FF 57 0 0 0
ID: 153, Data: 80 0 0 FF 0 FF 0 0
ID: 153, Data: 80 0 0 FF 0 FF 0 0
ID: 260, Data: 8B 24 24 30 0 FF 72 3C
ID: 370, Data: 8FF E0 F0 FF FF FF FF FF
ID: 260, Data: 8B 24 24 30 0 FF 73 1D
ID: 316, Data: 85 23 18 A 24 19 0 7C
ID: A0, Data: 836 7C 13 A 0 23 2 0
ID: 43F, Data: 81 48 60 FF 57 0 0 0
ID: 153, Data: 80 0 0 FF 0 FF 0 0
ID: 43F, Data: 81 48 60 FF 57 0 0 0
ID: 18F, Data: 8AA 3A 0 0 0 0 0 0
ID: 2A0, Data: 820 0 63 1C 3D 0 17 0
ID: 329, Data: 884 B0 7F 8 12 2B 0 26
ID: 18F, Data: 8AA 39 0 0 0 0 0 0
ID: 316, Data: 85 23 20 A 24 19 0 7C
ID: 43F, Data: 81 48 60 FF 57 0 0 0
ID: 370, Data: 8FF E0 F0 FF FF FF FF FF
ID: 43F, Data: 81 48 60 FF 57 0 0 0
ID: 18F, Data: 8AA 39 0 0 0 0 0 0
ID: A1, Data: 886 7D 86 7D 25 0 0 0
ID: 316, Data: 85 23 1B A 24 19 0 7C
ID: 545, Data: 8DC 22 0 8D B4 0 B4 0
ID: 370, Data: 8FF E0 F0 FF FF FF FF FF
ID: 153, Data: 80 0 0 FF 0 FF 0 0
ID: 280, Data: 830 0 84 B0 14 1A 63 4D
ID: 316, Data: 85 23 B A 24 19 0 7C
ID: 153, Data: 80 0 0 FF 0 FF 0 0
ID: 153, Data: 80 0 0 FF 0 FF 0 0
ID: 545, Data: 8DC 22 0 8D B4 0 B4 0
ID: 316, Data: 85 23 2D A 23 19 0 7C
ID: 545, Data: 8DC 22 0 8C B5 0 B5 0
ID: 1F1, Data: 80 28 0 0 0 0 0 0
ID: 153, Data: 80 0 0 FF 0 FF 0 0
ID: 260, Data: 8B 24 24 30 0 FF 70 10
ID: 316, Data: 85 23 29 A 23 19 0 7C
ID: 153, Data: 80 0 0 FF 0 FF 0 0
ID: 43F, Data: 81 48 60 FF 57 0 0 0
ID: 153, Data: 80 0 0 FF 0 FF 0 0
ID: 316, Data: 85 23 19 A 24 19 0 7C
ID: 440, Data: 8A6 E1 0 A0 FF AA AA AA
ID: 440, Data: 8A6 E1 0 A0 FF AA AA AA
ID: 316, Data: 85 23 14 A 24 19 0 7C
ID: A1, Data: 888 7D 86 7D 25 0 0 0
ID: 43F, Data: 81 48 60 FF 57 0 0 0
ID: 43F, Data: 81 48 60 FF 57 0 0 0
ID: 153, Data: 80 0 0 FF 0 FF 0 0
ID: 316, Data: 85 23 1B A 24 19 0 7C
ID: 153, Data: 80 0 0 FF 0 FF 0 0
ID: 316, Data: 85 23 29 A 24 19 0 7C
ID: 153, Data: 80 0 0 FF 0 FF 0 0
ID: 153, Data: 80 0 0 FF 0 FF 0 0
ID: 153, Data: 80 0 0 FF 0 FF 0 0
ID: 18F, Data: 8AA 38 0 0 0 0 0 0
ID: 316, Data: 85 23 36 A 23 19 0 7C
ID: 153, Data: 80 0 0 FF 0 FF 0 0
ID: 316, Data: 85 23 41 A 23 19 0 7C
ID: 43F, Data: 81 48 60 FF 57 0 0 0
ID: 440, Data: 8A6 91 0 A0 FF AA AA AA
ID: 316, Data: 85 23 20 A 24 19 0 7C
ID: 153, Data: 80 0 0 FF 0 FF 0 0
ID: 316, Data: 85 23 1B A 24 19 0 7C
ID: 440, Data: 8A6 91 0 A0 FF AA AA AA
ID: 153, Data: 80 0 0 FF 0 FF 0 0
ID: 545, Data: 8DC 22 0 8D AF 0 AF 0
ID: 1F1, Data: 80 28 0 0 0 0 0 0
ID: 545, Data: 8DC 22 0 8C AD 0 AD 0
ID: 43F, Data: 81 48 60 FF 57 0 0 0
ID: 316, Data: 85 23 29 A 24 19 0 7C
ID: 316, Data: 85 23 2D A 23 19 0 7C
ID: 18F, Data: 8AA 38 0 0 0 0 0 0
ID: 43F, Data: 81 48 60 FF 57 0 0 0
ID: 260, Data: 8B 23 24 30 0 FF 71 10
ID: 1F1, Data: 80 28 0 0 0 0 0 0
ID: 1F0, Data: 86D 40 B5 BF 0 0 0 0
ID: 18F, Data: 8AA 38 0 0 0 0 0 0
ID: 153, Data: 80 0 0 FF 0 FF 0 0
ID: 280, Data: 830 0 84 B0 14 1A 63 4D
ID: 316, Data: 85 23 F A 24 19 0 7C
ID: 43F, Data: 81 48 60 FF 57 0 0 0
ID: 370, Data: 8FF E0 F0 FF FF FF FF FF
ID: 440, Data: 8A6 41 0 A0 FF AA AA AA
ID: 329, Data: 840 B0 7F 8 12 2B 0 26
ID: 43F, Data: 81 48 60 FF 57 0 0 0
ID: 316, Data: 85 23 1D A 24 19 0 7C
ID: 153, Data: 80 0 0 FF 0 FF 0 0
ID: 280, Data: 830 0 84 B0 14 1A 63 4D
ID: 316, Data: 85 23 1B A 24 19 0 7C
ID: 5A0, Data: 80 0 0 90 0 0 0 0
ID: 153, Data: 80 0 0 FF 0 FF 0 0
ID: 2A0, Data: 820 0 63 1C 3D 0 17 0
ID: 316, Data: 85 23 19 A 24 19 0 7C
ID: 260, Data: 8B 23 24 30 0 FF 72 3D
ID: 1F1, Data: 80 28 0 0 0 0 0 0
ID: 153, Data: 80 0 0 FF 0 FF 0 0
ID: 260, Data: 8B 23 24 30 0 FF 72 2E
ID: 2A0, Data: 8E0 0 63 1C 3D 0 17 0
ID: 153, Data: 80 0 0 FF 0 FF 0 0
ID: 316, Data: 85 23 F A 24 19 0 7C
ID: 43F, Data: 81 48 60 FF 57 0 0 0
ID: 43F, Data: 81 48 60 FF 57 0 0 0
ID: 153, Data: 80 0 0 FF 0 FF 0 0
ID: 43F, Data: 81 48 60 FF 58 0 0 0
ID: 153, Data: 80 0 0 FF 0 FF 0 0
ID: 153, Data: 80 0 0 FF 0 FF 0 0
ID: 260, Data: 8B 24 24 30 0 FF 73 E
ID: 329, Data: 8B B0 7F 8 12 2B 0 26
ID: A0, Data: 836 7C A A 0 23 2 0
ID: 153, Data: 80 0 0 FF 0 FF 0 0
ID: 18F, Data: 8AA 38 0 0 0 0 0 0
ID: 316, Data: 85 23 2A A 23 19 0 7C
ID: 153, Data: 80 0 0 FF 0 FF 0 0
ID: 316, Data: 85 23 34 A 23 19 0 7C
ID: 1F0, Data: 86C 40 B5 BF 0 0 0 0
ID: 316, Data: 85 23 2D A 23 19 0 7C
ID: 329, Data: 8B B0 7F 8 12 2B 0 26
ID: 260, Data: 8B 23 24 30 0 FF 71 3E
ID: 316, Data: 85 23 26 A 23 19 0 7C
ID: 316, Data: 85 23 2C A 23 19 0 7C
ID: 316, Data: 85 23 28 A 24 19 0 7C
ID: 260, Data: 8B 23 24 30 0 FF 71 1
ID: 153, Data: 80 0 0 FF 0 FF 0 0
ID: 316, Data: 85 23 25 A 24 19 0 7C
ID: 153, Data: 80 0 0 FF 0 FF 0 0
ID: 316, Data: 85 23 1B A 24 19 0 7C
ID: 43F, Data: 81 48 60 FF 58 0 0 0
ID: 5F0, Data: 20 0
ID: 316, Data: 85 23 25 A 24 19 0 7C
ID: 153, Data: 80 0 0 FF 0 FF 0 0
ID: 5F0, Data: 20 0
ID: 153, Data: 80 0 0 FF 0 FF 0 0
ID: 153, Data: 80 0 0 FF 0 FF 0 0
ID: 260, Data: 8B 23 24 30 0 FF 71 1
ID: 43F, Data: 81 48 60 FF 58 0 0 0
ID: 440, Data: 8A6 E1 0 A0 FF AA AA AA
ID: A0, Data: 836 7C 13 A 0 23 2 0
ID: 1F1, Data: 80 28 0 0 0 0 0 0
ID: 316, Data: 85 23 B A 24 19 0 7C
ID: 153, Data: 80 0 0 FF 0 FF 0 0
ID: 43F, Data: 81 48 60 FF 57 0 0 0
ID: 2A0, Data: 880 0 63 1C 3D 0 17 0
ID: 18F, Data: 8AA 37 0 0 0 0 0 0
ID: 316, Data: 85 23 19 A 24 19 0 7C
ID: 18F, Data: 8AA 37 0 0 0 0 0 0
ID: A1, Data: 884 7E 84 7F 25 0 0 0
ID: 260, Data: 8B 24 24 30 0 FF 73 1D
ID: A0, Data: 837 7C C A 0 23 2 0
ID: 316, Data: 85 23 17 A 24 19 0 7C
ID: 43F, Data: 81 48 60 FF 57 0 0 0
ID: 43F, Data: 81 48 60 FF 58 0 0 0
ID: 1F1, Data: 80 28 0 0 0 0 0 0
ID: 43F, Data: 81 48 60 FF 57 0 0 0
ID: 153, Data: 80 0 0 FF 0 FF 0 0
ID: 153, Data: 80 0 0 FF 0 FF 0 0
ID: 2A0, Data: 840 0 63 1C 3D 0 17 0
ID: 43F, Data: 81 48 60 FF 57 0 0 0
ID: 1F0, Data: 86D 40 B5 BF 0 0 0 0
ID: 18F, Data: 8AA 37 0 0 0 0 0 0
ID: A1, Data: 884 7F 84 7F 25 0 0 0
ID: 280, Data: 830 0 84 B0 14 1A 63 4D
ID: 2A0, Data: 880 0 63 1C 3D 0 17 0
ID: 43F, Data: 81 48 60 FF 57 0 0 0
ID: 43F, Data: 81 48 60 FF 57 0 0 0
ID: 153, Data: 80 0 0 FF 0 FF 0 0
ID: 316, Data: 85 23 10 A 24 19 0 7C
ID: 153, Data: 80 0 0 FF 0 FF 0 0
ID: 316, Data: 85 23 17 A 24 19 0 7C
ID: 153, Data: 80 0 0 FF 0 FF 0 0
ID: 316, Data: 85 23 24 A 24 19 0 7C
ID: 316, Data: 85 23 29 A 24 19 0 7C
ID: 153, Data: 80 0 0 FF 0 FF 0 0
ID: 329, Data: 884 B0 7F 8 12 2B 0 26
ID: 43F, Data: 81 48 60 FF 58 0 0 0
ID: 153, Data: 80 0 0 FF 0 FF 0 0
ID: 545, Data: 8DC 21 0 8C B3 0 B3 0
ID: 316, Data: 85 23 6 A 24 19 0 7C
ID: 18F, Data: 8AA 36 0 0 0 0 0 0
ID: A1, Data: 886 7F 84 7F 25 0 0 0
ID: 329, Data: 840 B0 7F 8 12 2B 0 26
ID: 545, Data: 8DC 21 0 8D B6 0 B6 0
ID: 43F, Data: 81 48 60 FF 58 0 0 0
ID: 43F, Data: 81 48 60 FF 58 0 0 0
ID: 153, Data: 80 0 0 FF 0 FF 0 0
ID: 316, Data: 85 23 13 A 24 19 0 7C
ID: 153, Data: 80 0 0 FF 0 FF 0 0
ID: 316, Data: 85 23 1 A 24 19 0 7C
ID: 153, Data: 80 0 0 FF 0 FF 0 0
ID: 153, Data: 80 0 0 FF 0 FF 0 0
ID: 153, Data: 80 0 0 FF 0 FF 0 0
ID: 260, Data: 8B 24 24 30 0 FF 75 2A
ID: 316, Data: 85 23 3 A 24 19 0 7C
ID: A1, Data: 885 7F 81 7F 25 0 0 0
ID: 43F, Data: 81 48 60 FF 57 0 0 0
ID: 153, Data: 80 0 0 FF 0 FF 0 0
ID: 153, Data: 80 0 0 FF 0 FF 0 0
ID: 260, Data: 8B 24 24 30 0 FF 74 D
ID: 329, Data: 840 B0 7F 8 12 2B 0 26
ID: 18F, Data: 8AA 36 0 0 0 0 0 0
ID: 153, Data: 80 0 0 FF 0 FF 0 0
ID: 43F, Data: 81 48 60 FF 57 0 0 0
ID: 2A0, Data: 820 0 63 1C 3D 0 17 0
ID: 18F, Data: 8AA 36 0 0 0 0 0 0
ID: 43F, Data: 81 48 60 FF 58 0 0 0
ID: 18F, Data: 8AA 36 0 0 0 0 0 0
ID: A0, Data: 836 7C 1D A 0 23 2 0
ID: 316, Data: 85 23 2C A 23 19 0 7C
ID: 153, Data: 80 0 0 FF 0 FF 0 0
ID: 260, Data: 8B 24 24 30 0 FF 72 F
ID: 316, Data: 85 23 32 A 23 19 0 7C
ID: 2A0, Data: 840 0 63 1C 3D 0 17 0
ID: 43F, Data: 81 48 60 FF 57 0 0 0
ID: 43F, Data: 81 48 60 FF 58 0 0 0
ID: 43F, Data: 81 48 60 FF 57 0 0 0
ID: 153, Data: 80 0 0 FF 0 FF 0 0
ID: 316, Data: 85 23 20 A 24 19 0 7C
ID: 5F0, Data: 20 0
ID: 316, Data: 85 23 13 A 24 19 0 7C
ID: 153, Data: 80 0 0 FF 0 FF 0 0
ID: 43F, Data: 81 48 60 FF 58 0 0 0
ID: 1F0, Data: 86F 40 B5 BF 0 0 0 0
ID: 153, Data: 80 0 0 FF 0 FF 0 0
ID: 316, Data: 85 23 1 A 24 19 0 7C
ID: 153, Data: 80 0 0 FF 0 FF 0 0
ID: 5F0, Data: 20 0
ID: 43F, Data: 81 48 60 FF 58 0 0 0
ID: A0, Data: 837 7C 6 A 0 23 2 0
ID: 440, Data: 8A6 31 0 A0 FF AA AA AA
ID: 260, Data: 8B 24 24 30 0 FF 74 D
ID: 153, Data: 80 0 0 FF 0 FF 0 0
ID: 153, Data: 80 0 0 FF 0 FF 0 0
ID: 43F, Data: 81 48 60 FF 58 0 0 0
ID: 43F, Data: 81 48 60 FF 58 0 0 0
ID: 43F, Data: 81 48 60 FF 58 0 0 0
ID: 153, Data: 80 0 0 FF 0 FF 0 0
ID: 316, Data: 85 23 7 A 24 19 0 7C
ID: 5F0, Data: 20 0
ID: 153, Data: 80 0 0 FF 0 FF 0 0
ID: 153, Data: 80 0 0 FF 0 FF 0 0
ID: 545, Data: 8DC 21 0 8C B6 0 B6 0
ID: 316, Data: 85 23 F5 9 24 19 0 7C
ID: 440, Data: 8A6 41 0 A0 FF AA AA AA
ID: A0, Data: 837 7C F4 9 0 23 2 0
ID: 316, Data: 85 23 0 A 24 19 0 7C
ID: 5F0, Data: 20 0
ID: 316, Data: 85 24 7 A 24 19 0 7C
ID: 316, Data: 85 24 8 A 24 19 0 7C
ID: 316, Data: 85 24 A A 24 19 0 7C
ID: 153, Data: 80 0 0 FF 0 FF 0 0
ID: 316, Data: 85 24 B A 24 19 0 7C
ID: 153, Data: 80 0 0 FF 0 FF 0 0
ID: 316, Data: 85 24 3 A 24 19 0 7C
ID: 153, Data: 80 0 0 FF 0 FF 0 0
ID: 43F, Data: 81 48 60 FF 58 0 0 0
ID: 153, Data: 80 0 0 FF 0 FF 0 0
ID: 153, Data: 80 0 0 FF 0 FF 0 0
ID: 18F, Data: 8AA 35 0 0 0 0 0 0
ID: 316, Data: 85 24 B A 24 19 0 7C
ID: 316, Data: 85 24 15 A 24 19 0 7C
ID: 316, Data: 85 24 F A 24 19 0 7C
ID: 329, Data: 840 B0 7F 8 12 2B 0 26
ID: 545, Data: 8DC 22 0 8C BA 0 BA 0
ID: 43F, Data: 81 48 60 FF 58 0 0 0
ID: 43F, Data: 81 48 60 FF 58 0 0 0
ID: 153, Data: 80 0 0 FF 0 FF 0 0
ID: 43F, Data: 81 48 60 FF 58 0 0 0
ID: 153, Data: 80 0 0 FF 0 FF 0 0
ID: 153, Data: 80 0 0 FF 0 FF 0 0
ID: 153, Data: 80 0 0 FF 0 FF 0 0
ID: 18F, Data: 8AA 35 0 0 0 0 0 0
ID: 316, Data: 85 23 17 A 24 19 0 7C
ID: 153, Data: 80 0 0 FF 0 FF 0 0
ID: 316, Data: 85 23 14 A 24 19 0 7C
ID: 316, Data: 85 23 F A 24 19 0 7C
ID: 153, Data: 80 0 0 FF 0 FF 0 0
ID: 316, Data: 85 23 13 A 24 19 0 7C
ID: 370, Data: 8FF E0 F0 FF FF FF FF FF
ID: 316, Data: 85 23 13 A 24 19 0 7C
ID: 153, Data: 80 0 0 FF 0 FF 0 0
ID: 153, Data: 80 0 0 FF 0 FF 0 0
ID: 316, Data: 85 23 8 A 24 19 0 7C
ID: 43F, Data: 81 48 60 FF 58 0 0 0
ID: 1F1, Data: 80 28 0 0 0 0 0 0
ID: 43F, Data: 81 48 60 FF 58 0 0 0
ID: 2A0, Data: 880 0 63 1C 3D 0 17 0
ID: 18F, Data: 8AA 35 0 0 0 0 0 0
ID: 153, Data: 80 0 0 FF 0 FF 0 0
ID: 18F, Data: 8AA 35 0 0 0 0 0 0
ID: 1F1, Data: 80 28 0 0 0 0 0 0
ID: 316, Data: 85 23 FA 9 24 19 0 7C
ID: 153, Data: 80 0 0 FF 0 FF 0 0
ID: 316, Data: 85 23 FA 9 24 19 0 7C
ID: 153, Data: 80 0 0 FF 0 FF 0 0
ID: 153, Data: 80 0 0 FF 0 FF 0 0
ID: 43F, Data: 81 48 60 FF 58 0 0 0
ID: 18F, Data: 8AA 35 0 0 0 0 0 0
ID: A1, Data: 884 7F 80 80 25 0 0 0
ID: 329, Data: 884 B0 7F 8 12 2B 0 26
ID: 545, Data: 8DC 22 0 8D B3 0 B3 0
ID: 153, Data: 80 0 0 FF 0 FF 0 0
ID: 153, Data: 80 0 0 FF 0 FF 0 0
ID: 153, Data: 80 0 0 FF 0 FF 0 0
ID: 545, Data: 8DC 22 0 8D AF 0 AF 0
ID: 316, Data: 85 23 1D A 24 19 0 7C
ID: 18F, Data: 8AA 35 0 0 0 0 0 0
ID: 43F, Data: 81 48 60 FF 58 0 0 0
ID: 260, Data: 8B 23 24 30 0 FF 72 1F
ID: 260, Data: 8B 23 24 30 0 FF 72 2E
ID: 43F, Data: 81 48 60 FF 58 0 0 0
ID: 43F, Data: 81 48 60 FF 58 0 0 0
ID: 316, Data: 85 23 24 A 24 19 0 7C
ID: 316, Data: 85 23 26 A 24 19 0 7C
ID: 18F, Data: 8AA 35 0 0 0 0 0 0
ID: 43F, Data: 81 48 60 FF 58 0 0 0
ID: 260, Data: 8B 23 24 30 0 FF 72 2E
ID: A0, Data: 835 7C 24 A 0 23 2 0
ID: 153, Data: 80 0 0 FF 0 FF 0 0
ID: 43F, Data: 81 48 60 FF 58 0 0 0
ID: 18F, Data: 8AA 35 0 0 0 0 0 0
ID: 153, Data: 80 0 0 FF 0 FF 0 0
ID: 440, Data: 8A6 31 0 A0 FF AA AA AA
ID: 316, Data: 85 23 F A 24 19 0 7C
ID: 370, Data: 8FF E0 F0 FF FF FF FF FF
ID: 153, Data: 80 0 0 FF 0 FF 0 0
ID: 329, Data: 884 B0 7F 8 12 2B 0 26
ID: 316, Data: 85 24 8 A 2D 22 0 7C
ID: 2A0, Data: 8E0 0 63 1C 3D 0 17 0
ID: 1F1, Data: 80 28 0 0 0 0 0 0
ID: 153, Data: 80 0 0 FF 0 FF 0 0
ID: 329, Data: 8B B0 7F 8 12 2C 0 26
ID: 316, Data: 85 27 39 A 2C 22 0 7C
ID: 329, Data: 840 B0 7F 8 12 2C 0 26
ID: A0, Data: 83E 7C 4D A 0 25 2 0
ID: 370, Data: 8FF E0 F0 FF FF FF FF FF
ID: 43F, Data: 81 48 60 FF 58 0 0 0
ID: 280, Data: 830 0 84 B0 15 1D 63 53
ID: 2A0, Data: 840 0 63 1C 3D 0 17 0
ID: 316, Data: 845 29 1F A 2C 22 0 7C
ID: 316, Data: 845 29 F8 9 2C 22 0 7C
ID: 280, Data: 830 0 84 B0 13 1E 63 55
ID: 43F, Data: 81 48 60 FF 58 0 0 0
ID: 316, Data: 845 2A D3 9 2C 21 0 7C
ID: 440, Data: 8AD 41 0 A0 FF AA AA AA
ID: 18F, Data: 8AA 36 0 0 0 0 0 0
ID: 153, Data: 80 0 0 FF 0 FF 0 0
ID: 316, Data: 845 2C 19 A 2C 21 0 7C
ID: 43F, Data: 81 48 60 FF 58 0 0 0
ID: 316, Data: 845 2C 36 A 2B 21 0 7C
ID: 316, Data: 845 2B 50 A 2B 22 0 7C
ID: 316, Data: 845 2B 5B A 2B 22 0 7C
ID: 316, Data: 845 2B 67 A 2B 22 0 7C
ID: 153, Data: 80 0 0 FF 0 FF 0 0
ID: 316, Data: 845 2B 7A A 2B 22 0 7C
ID: 316, Data: 845 2B 7C A 2B 22 0 7C
ID: 2A0, Data: 880 0 63 1C 3D 0 17 0
ID: 43F, Data: 81 48 60 FF 58 0 0 0
ID: 153, Data: 80 0 0 FF 0 FF 0 0
ID: 43F, Data: 81 48 60 FF 58 0 0 0
ID: 153, Data: 80 0 0 FF 0 FF 0 0
ID: 153, Data: 80 0 0 FF 0 FF 0 0
ID: A1, Data: 883 80 83 80 28 0 0 0
ID: 2A0, Data: 8E0 0 63 1C 3D 0 17 0
ID: 18F, Data: 8AA 39 0 0 0 0 0 0
ID: 43F, Data: 81 48 60 FF 58 0 0 0
ID: 260, Data: 8B 2A 2B 30 0 FF 6F 24
ID: A1, Data: 883 80 83 80 28 0 0 0
ID: 43F, Data: 81 48 60 FF 58 0 0 0
ID: 43F, Data: 81 48 60 FF 58 0 0 0
ID: 153, Data: 80 0 0 FF 0 FF 0 0
ID: 316, Data: 845 2A 28 A 2B 22 0 7C
ID: 153, Data: 80 0 0 FF 0 FF 0 0
ID: 153, Data: 80 0 0 FF 0 FF 0 0
ID: 316, Data: 845 2A 31 A 2B 22 0 7C
ID: 153, Data: 80 0 0 FF 0 FF 0 0
ID: 316, Data: 845 2A 2D A 2B 22 0 7C
ID: 43F, Data: 81 48 60 FF 58 0 0 0
ID: 153, Data: 80 0 0 FF 0 FF 0 0
ID: 316, Data: 845 2A 21 A 2B 22 0 7C
ID: 153, Data: 80 0 0 FF 0 FF 0 0
ID: 280, Data: 830 0 84 B0 14 1E 63 56
ID: 316, Data: 845 2A 29 A 2B 22 0 7C
ID: 43F, Data: 81 48 60 FF 58 0 0 0
ID: 316, Data: 845 2A 2C A 2B 22 0 7C
ID: 153, Data: 80 0 0 FF 0 FF 0 0
ID: 329, Data: 884 B0 7F 8 12 2C 0 26
ID: 370, Data: 8FF E0 F0 FF FF FF FF FF
ID: 545, Data: 8DC 27 0 8C 98 0 98 0
ID: 316, Data: 845 2A 28 A 2B 22 0 7C
ID: 316, Data: 845 2A 2A A 2B 22 0 7C
ID: A1, Data: 883 80 83 80 29 0 0 0
ID: 153, Data: 80 0 0 FF 0 FF 0 0
ID: 43F, Data: 81 48 60 FF 58 0 0 0
ID: 153, Data: 80 0 0 FF 0 FF 0 0
ID: 153, Data: 80 0 0 FF 0 FF 0 0
ID: 153, Data: 80 0 0 FF 0 FF 0 0
ID: 280, Data: 830 0 84 B0 14 1E 63 56
ID: 316, Data: 845 2A 41 A 2B 22 0 7C
ID: 440, Data: 8AE 31 0 A0 FF AA AA AA
ID: 153, Data: 80 0 0 FF 0 FF 0 0
ID: 545, Data: 8DC 28 0 8C 92 0 92 0
ID: 316, Data: 845 2A 32 A 2B 22 0 7C
ID: 545, Data: 8DC 27 0 8D 92 0 92 0
ID: 153, Data: 80 0 0 FF 0 FF 0 0
ID: 153, Data: 80 0 0 FF 0 FF 0 0
ID: 316, Data: 845 2A 41 A 2B 22 0 7C
ID: 18F, Data: 8AA 3B 0 0 0 0 0 0
ID: 316, Data: 845 2A 3E A 2B 22 0 7C
ID: 43F, Data: 81 48 60 FF 58 0 0 0
ID: 440, Data: 8AE 31 0 A0 FF AA AA AA
ID: 43F, Data: 81 48 60 FF 58 0 0 0
ID: 260, Data: 8B 2A 2B 30 0 FF 70 13
ID: 153, Data: 80 0 0 FF 0 FF 0 0
ID: 153, Data: 80 0 0 FF 0 FF 0 0
ID: 260, Data: 8B 2A 2B 30 0 FF 70 4
ID: 2A0, Data: 820 0 63 1C 3D 0 17 0
ID: 43F, Data: 81 48 60 FF 58 0 0 0
ID: 43F, Data: 81 48 60 FF 58 0 0 0
ID: 43F, Data: 81 48 60 FF 58 0 0 0
ID: 43F, Data: 81 48 60 FF 58 0 0 0
ID: 43F, Data: 81 48 60 FF 58 0 0 0
ID: 153, Data: 80 0 0 FF 0 FF 0 0
ID: 316, Data: 845 2A 40 A 2B 22 0 7C
ID: 153, Data: 80 0 0 FF 0 FF 0 0
ID: 316, Data: 845 2A 39 A 2B 22 0 7C
ID: 5F0, Data: 20 0
ID: 329, Data: 840 B0 7F 8 12 2C 0 26
ID: 316, Data: 845 2A 35 A 2B 22 0 7C
ID: A1, Data: 885 80 85 80 28 0 0 0
ID: 5F0, Data: 20 0
ID: 153, Data: 80 0 0 FF 0 FF 0 0
ID: 316, Data: 845 2A 34 A 2B 22 0 7C
ID: 5F0, Data: 20 0
ID: 316, Data: 845 2A 32 A 2B 22 0 7C
ID: 153, Data: 80 0 0 FF 0 FF 0 0
ID: 316, Data: 845 2A 2C A 2B 22 0 7C
ID: 153, Data: 80 0 0 FF 0 FF 0 0
ID: 545, Data: 8DC 27 0 8C 9A 0 9A 0
ID: 316, Data: 845 2A 3A A 2B 22 0 7C
ID: 280, Data: 830 0 84 B0 14 1E 63 56
ID: 43F, Data: 81 48 60 FF 58 EC 0 0
ID: 316, Data: 845 2A 50 A 2B 22 0 7C
ID: 329, Data: 8B B0 7F 8 12 2C 0 26
ID: 153, Data: 80 0 0 FF 0 FF 0 0
ID: 153, Data: 80 0 0 FF 0 FF 0 0
ID: 153, Data: 80 0 0 FF 0 FF 0 0
ID: 260, Data: 8B 2B 2B 30 0 FF 6E 15
ID: 316, Data: 845 2A 5A A 2B 22 0 7C
ID: 153, Data: 80 0 0 FF 0 FF 0 0
ID: 153, Data: 80 0 0 FF 0 FF 0 0
ID: 153, Data: 80 0 0 FF 0 FF 0 0
ID: 2A0, Data: 840 0 63 1C 3D 0 17 0
ID: 316, Data: 845 2A 51 A 2B 22 0 7C
ID: 18F, Data: 8AA 3E 0 0 0 0 0 0
ID: 316, Data: 845 2A 53 A 2B 22 0 7C
ID: 43F, Data: 81 48 60 FF 58 CC 2 0
ID: 440, Data: 8C6 91 1 A0 FF AA AA AA
ID: 316, Data: 845 2A 5F A 2A 22 1 7C
ID: 153, Data: 80 0 0 FF 0 FF 0 0
ID: 316, Data: 845 2A 5A A 2A 22 1 7C
ID: 5F0, Data: 20 0
ID: 153, Data: 80 0 0 FF 0 FF 0 0
ID: 316, Data: 845 2A 4F A 2B 22 1 7C
ID: 153, Data: 80 0 0 FF 0 FF 0 0
ID: 316, Data: 845 2A 34 A 2B 22 1 7C
ID: 153, Data: 80 0 0 FF 0 FF 0 0
ID: 316, Data: 845 2A 39 A 2B 22 1 7C
ID: 153, Data: 80 0 0 FF 0 FF 0 0
ID: 316, Data: 845 2A 39 A 2B 22 1 7C
ID: 316, Data: 845 2A 3E A 2B 22 1 7C
ID: 2A0, Data: 820 0 63 1C 3D 0 17 0
ID: 316, Data: 845 2A 41 A 2B 22 1 7C
ID: 153, Data: 80 0 0 FF 0 FF 0 0
ID: 316, Data: 845 2A 5E A 2A 22 1 7C
ID: 316, Data: 845 2A 70 A 2A 22 1 7C
ID: 280, Data: 830 0 84 B0 14 1E 63 56
ID: 43F, Data: 81 48 60 FF 58 BC 4 0
ID: 440, Data: 8DD 41 2 A0 FF AA AA AA
ID: 316, Data: 845 2A 7C A 2A 22 2 7C
ID: 5F0, Data: 20 0
ID: 316, Data: 845 2A 88 A 29 22 2 7C
ID: 43F, Data: 81 48 60 FF 58 54 5 0
ID: 316, Data: 845 29 75 A 2A 22 2 7C
ID: 153, Data: 80 0 0 FF 0 FF 0 0
ID: 153, Data: 80 0 0 FF 0 FF 0 0
ID: 43F, Data: 81 48 60 FF 58 D4 5 0
ID: 18F, Data: 8AA 3E 0 0 0 0 0 0
ID: 43F, Data: 81 48 60 FF 57 4 6 0
ID: 18F, Data: 8AA 3E 0 0 0 0 0 0
ID: A1, Data: 883 7C 80 7C 28 0 0 0
ID: 329, Data: 884 B0 7F 8 11 2D 5 26
ID: 316, Data: 845 30 F3 A 3A 22 3 7C
ID: A0, Data: 83D 7C E7 A 3 26 2 0
ID: 316, Data: 845 31 17 B 42 22 3 7C
ID: 153, Data: 80 0 0 FF 0 FF 0 0
ID: 316, Data: 845 32 3A B 47 22 3 7C
ID: 316, Data: 845 34 65 B 47 22 3 7C
ID: 545, Data: 8DC 2D 0 8D 6D 1 6D 1
ID: 316, Data: 845 39 B9 B 4E 21 3 7C
ID: 153, Data: 80 0 0 FF 0 FF 0 0
ID: 316, Data: 845 3C 47 C 51 21 3 7C
ID: 316, Data: 845 3E BD C 51 21 3 7C
ID: 280, Data: 830 0 88 B0 1A 27 63 67
ID: 43F, Data: 81 48 60 FF 57 78 8 0
ID: 440, Data: 8F2 31 4 A0 FF AA AA AA
ID: 329, Data: 840 B0 7F 8 11 33 12 26
ID: 153, Data: 80 0 0 FF 0 FF 0 0
ID: 316, Data: 845 42 D5 F 4A 20 4 7C
ID: 316, Data: 845 42 50 10 4A 1F 4 7C
ID: 280, Data: 830 0 88 B0 21 28 63 69
ID: 43F, Data: 81 48 60 FF 57 7C A 0
ID: 316, Data: 845 40 7F 11 4B 1F 4 7C
ID: 545, Data: 8DC 5C 0 8D 4E 2 4E 2
ID: 316, Data: 845 41 0 12 56 1F 5 7C
ID: 316, Data: 845 41 21 12 57 1F 5 7C
ID: 545, Data: 8DC 62 0 8D 74 2 74 2
ID: 43F, Data: 81 48 60 FF 57 B0 C 0
ID: 43F, Data: 81 48 60 FF 58 24 D 0
ID: 316, Data: 845 46 3F 13 4D 14 6 7C
ID: 370, Data: 8FF E0 F0 FF FF FF FF FF
ID: 5F0, Data: 20 0
ID: A1, Data: 883 7A 80 7C 39 0 0 0
ID: 260, Data: 8B 42 4C 30 0 FF C5 D
ID: A0, Data: 853 7C 73 14 7 2F 2 0
ID: 43F, Data: 81 48 60 FF 57 E4 F 0
ID: 43F, Data: 81 48 60 FF 57 48 10 0
ID: 43F, Data: 81 48 60 FF 57 C0 10 0
ID: 316, Data: 85 43 58 16 51 14 8 7C
ID: 153, Data: 80 0 0 FF 0 FF 0 0
ID: 153, Data: 80 0 0 FF 0 FF 0 0
ID: 316, Data: 85 48 95 17 58 13 8 7C
ID: A0, Data: 85C 7C A4 17 9 34 2 0
ID: 153, Data: 80 0 0 FF 0 FF 0 0
ID: 440, Data: 8FE 41 9 A0 FF AA AA AA
ID: 43F, Data: 81 48 60 FF 57 D4 14 0
ID: 440, Data: 8FE 41 A A0 FF AA AA AA
ID: 18F, Data: 8AA 3E 0 0 0 0 0 0
ID: 153, Data: 80 0 0 FF 0 FF 0 0
ID: 316, Data: 85 4F 23 1B 54 13 A 7C
ID: A1, Data: 884 7C 81 7F 3E 0 0 0
ID: 316, Data: 85 4E F8 1B 54 13 B 7C
ID: 153, Data: 80 0 0 FF 0 FF 0 0
ID: 153, Data: 80 0 0 FF 0 FF 0 0
ID: 43F, Data: 81 48 60 FF 56 84 19 0
ID: 153, Data: 80 0 0 FF 0 FF 0 0
ID: 43F, Data: 81 48 60 FF 56 88 1A 0
ID: 153, Data: 80 0 0 FF 0 FF 0 0
ID: 316, Data: 85 4D 7C 1E 52 13 D 7C
ID: 316, Data: 85 4C F5 1E 51 13 D 7C
ID: 545, Data: 8DC C0 0 8D EB 3 EB 3
ID: 43F, Data: 81 48 60 FF 56 44 1D 0
ID: 153, Data: 80 0 0 FF 0 FF 0 0
ID: 316, Data: 85 4B D7 20 4F 13 E 7C
ID: 43F, Data: 81 48 60 FF 57 9C 1E 0
ID: 280, Data: 830 0 88 B0 43 2E 63 7A
ID: 153, Data: 80 0 0 FF 0 FF 0 0
ID: 316, Data: 85 4A 7B 22 53 14 F 7C
ID: 316, Data: 85 4B E7 22 54 14 F 7C
ID: 316, Data: 85 4D 55 23 55 14 10 7C
ID: 5F0, Data: 20 0
ID: 316, Data: 85 4F 6E 24 55 14 10 7C
ID: 43F, Data: 81 48 60 FF 57 78 22 0
ID: 2A0, Data: 81 13 63 1C 3D 0 17 0
ID: 153, Data: 80 0 0 FF 0 FF 0 0
ID: 153, Data: 80 0 0 FF 0 FF 0 0
ID: 153, Data: 80 0 0 FF 0 FF 0 0
ID: A1, Data: 882 7C 7D 7E 38 0 0 0
ID: 316, Data: 85 4D 5E 27 53 15 12 7C
ID: 545, Data: 8DC DE 0 8D DD 3 DD 3
ID: 43F, Data: 8A 45 60 FF 57 C 26 0
ID: 43F, Data: 8A 45 60 FF 57 7C 26 0
ID: 153, Data: 80 0 0 FF 0 FF 0 0
ID: 260, Data: 8B 4D 52 30 0 FF C3 3A
ID: 329, Data: 840 B0 7F 8 11 45 2B 26
ID: 440, Data: 8FE 31 13 A0 FF AA AA AA
ID: 316, Data: 85 4C 8D 2A 50 16 14 7C
ID: 43F, Data: 8A 45 60 FF 56 C 29 0
ID: 43F, Data: 8A 45 60 FF 56 64 29 0
ID: 280, Data: 830 0 88 B0 57 2D 63 6E
ID: 5F0, Data: 20 0
ID: 316, Data: 85 4B D 2C 4F 16 15 7C
ID: 153, Data: 80 0 0 FF 0 FF 0 0
ID: 2A0, Data: 8C1 18 63 1C 3D 0 17 0
ID: 316, Data: 85 4A A4 2C 4F 16 15 7C
ID: A0, Data: 853 7C 3F 2C 15 3C 2 0
ID: 440, Data: 8FE 31 15 A0 FF AA AA AA
ID: 153, Data: 80 0 0 FF 0 FF 0 0
ID: 316, Data: 85 36 D7 2C 4E 17 16 7C
ID: A0, Data: 853 7C D7 2C 16 3C 2 0
ID: 316, Data: 85 35 8D 2A 50 16 16 7C
ID: 316, Data: 85 36 7E 29 52 16 16 7C
ID: 43F, Data: 8A 45 60 37 56 4 26 0
ID: 316, Data: 85 38 FC 26 54 15 16 7C
ID: 316, Data: 85 38 BC 25 55 14 17 7C
ID: 153, Data: 80 0 0 FF 0 FF 0 0
ID: 316, Data: 85 3D C7 23 56 14 17 7C
ID: 153, Data: 80 0 0 FF 0 FF 0 0
ID: 18F, Data: 8AA 38 0 0 0 0 0 0
ID: 316, Data: 85 41 1C 21 59 13 18 7C
ID: 5F0, Data: 20 0
ID: A0, Data: 865 7C 42 20 18 3A 2 0
ID: 153, Data: 80 0 0 FF 0 FF 0 0
ID: 153, Data: 80 0 0 FF 0 FF 0 0
ID: 2A0, Data: 8A1 1C 63 1C 3D 0 17 0
ID: 316, Data: 85 56 E5 1F A 13 19 7C
ID: A1, Data: 87F 7C 82 7E 3F 0 0 0
ID: 316, Data: 85 40 BE 1F C 15 19 7C
ID: 316, Data: 85 37 40 1F D 16 19 7C
ID: 153, Data: 80 0 0 FF 0 FF 0 0
ID: A0, Data: 829 7C BE 1F 1A 2B 2 0
ID: 545, Data: 8DC 53 0 8D D7 0 D7 0
ID: 153, Data: 80 0 0 FF 0 FF 0 0
ID: 153, Data: 80 0 0 FF 0 FF 0 0
ID: A1, Data: 87A 76 85 76 1C 0 0 0
ID: 280, Data: 830 0 84 AF 3A 13 63 38
ID: 440, Data: 8FE 22 1A A0 FF AA AA AA
ID: 316, Data: 85 13 9C 1C 11 19 1A 7C
ID: 18F, Data: 8AA 37 0 0 0 0 0 0
ID: 440, Data: 8FE 72 19 A0 FF AA AA AA
ID: 153, Data: 80 0 0 FF 0 FF 0 0
ID: 316, Data: 85 16 2 1C 11 19 1A 7C
ID: 43F, Data: 8B 45 60 FF 56 DC 1C 0
ID: 43F, Data: 8B 45 60 FF 56 CC 1C 0
ID: 5F0, Data: 20 0
ID: 316, Data: 85 17 54 1C 11 19 1A 7C
ID: 153, Data: 80 0 0 FF 0 FF 0 0
ID: 260, Data: 8B 18 11 30 0 FF 7D 23
ID: 316, Data: 85 17 68 1C 11 19 19 7C
ID: 153, Data: 80 0 0 FF 0 FF 0 0
ID: 440, Data: 8FE 22 19 A0 FF AA AA AA
ID: 43F, Data: 8B 45 60 FF 57 EC 1B 0
ID: 2A0, Data: 880 14 63 1C 3D 0 17 0
ID: 153, Data: 80 0 0 FF 0 FF 0 0
ID: 316, Data: 85 18 F8 1B 11 19 19 7C
ID: 153, Data: 80 0 0 FF 0 FF 0 0
ID: 329, Data: 840 AF 7F 8 12 31 0 26
ID: 316, Data: 85 18 5C 1B 11 19 18 7C
ID: 260, Data: 8B 18 12 30 0 FF 7E 30
ID: 43F, Data: 8B 45 60 FF 56 B4 1A 0
ID: 316, Data: 85 18 CF 1A 11 19 18 7C
ID: 370, Data: 8FF DE F0 F0 FF FF FF FF
ID: 316, Data: 85 18 74 1A 12 19 18 7C
ID: 153, Data: 80 0 0 FF 0 FF 0 0
ID: 43F, Data: 8B 45 60 FF 56 B4 19 0
ID: 43F, Data: 8B 45 60 FF 57 6C 19 0
ID: 316, Data: 85 19 A4 19 11 19 17 7C
ID: A0, Data: 825 7B DF 19 18 29 2 0
ID: 316, Data: 85 19 8 19 12 19 17 7C
ID: 153, Data: 80 0 0 FF 0 FF 0 0
ID: 18F, Data: 8AA 36 0 0 0 0 0 0
ID: 316, Data: 85 19 3E 18 12 19 16 7C
ID: 43F, Data: 8B 45 60 FF 57 18 17 0
ID: A0, Data: 822 7B 6B 18 17 27 2 0
ID: 153, Data: 80 0 0 FF 0 FF 0 0
ID: 316, Data: 85 1A 0 16 13 19 16 7C
ID: 153, Data: 80 0 0 FF 0 FF 0 0
ID: 316, Data: 85 1A 19 14 15 19 16 7C
ID: 153, Data: 80 0 0 FF 0 FF 0 0
ID: 545, Data: 8DC 23 0 8D 23 0 23 0
ID: 316, Data: 85 1B FE 10 19 1A 15 7C
ID: 43F, Data: 8B 45 60 FF 57 FC E 0
ID: 316, Data: 85 1C 96 F 1B 1A 15 7C
ID: 316, Data: 85 1C 44 F 1B 1A 15 7C
ID: 1F1, Data: 80 7D A2 20 A A5 60 A
ID: 153, Data: 80 0 0 FF 0 FF 0 0
ID: 153, Data: 80 0 0 FF 0 FF 0 0
ID: 43F, Data: 8B 45 60 FF 56 50 E 0
ID: 18F, Data: 8AA 36 0 0 0 0 0 0
ID: 153, Data: 80 0 0 FF 0 FF 0 0
ID: 2A0, Data: 820 C 63 1C 3D 0 17 0
ID: 153, Data: 80 0 0 FF 0 FF 0 0
ID: 260, Data: 8B 1D 1C 30 0 FF 76 39
ID: 316, Data: 85 1D 96 E 1C 1B 13 7C
ID: 153, Data: 80 0 0 FF 0 FF 0 0
ID: 370, Data: 8FF DE F0 F0 FF FF FF FF
ID: 43F, Data: 83 45 60 FF 57 48 D 0
ID: 316, Data: 85 1D 13 E 1D 1B 12 7C
ID: 260, Data: 8B 1E 1D 30 0 FF 74 2A
ID: 316, Data: 85 1E 3 E 1D 1B 12 7C
ID: 316, Data: 85 1E E1 D 1D 1B 12 7C
ID: 329, Data: 8ED AE 7F 8 12 2B 0 26
ID: 43F, Data: 83 45 60 FF 57 A0 C 0
ID: 153, Data: 80 0 0 FF 0 FF 0 0
ID: 43F, Data: 83 45 60 FF 57 70 C 0
ID: 316, Data: 85 1F 8F D 1D 1B 11 7C
ID: 153, Data: 80 0 0 FF 0 FF 0 0
ID: 18F, Data: 8AA 35 0 0 0 0 0 0
ID: 316, Data: 85 1F 59 D 1E 1B 11 7C
ID: 316, Data: 85 1F 28 D 1E 1B 11 7C
ID: 545, Data: 8DC 1C 0 8D 4E 0 4E 0
ID: 43F, Data: 83 45 60 FF 57 0 C 0
ID: 43F, Data: 83 45 60 FF 57 F0 B 0
ID: 153, Data: 80 0 0 FF 0 FF 0 0
ID: 316, Data: 85 20 CD C 1F 1B 10 7C
ID: 1F0, Data: 869 40 B5 BF 0 0 0 0
ID: 153, Data: 80 0 0 FF 0 FF 0 0
ID: 329, Data: 884 AE 7F 8 12 2B 0 26
ID: 153, Data: 80 0 0 FF 0 FF 0 0
ID: 260, Data: 8B 20 1F 30 0 FF 74 25
ID: 316, Data: 85 20 74 C 1F 1B 10 7C
ID: A1, Data: 86F 76 6F 75 20 0 0 0
ID: 316, Data: 85 20 58 C 20 1B 10 7C
ID: 153, Data: 80 0 0 FF 0 FF 0 0
ID: 316, Data: 85 20 31 C 20 1B 10 7C
ID: 316, Data: 85 21 A C 20 1B 10 7C
ID: 1F0, Data: 86A 40 B5 BF 0 0 0 0
ID: 153, Data: 80 0 0 FF 0 FF 0 0
ID: 153, Data: 80 0 0 FF 0 FF 0 0
ID: 2A0, Data: 820 8 63 1C 3D 0 17 0
ID: 316, Data: 85 21 1B C 20 1B F 7C
ID: 2A0, Data: 8E0 7 63 1C 3D 0 17 0
ID: A0, Data: 82D 7B 1B C 10 23 2 0
ID: 153, Data: 80 0 0 FF 0 FF 0 0
ID: 316, Data: 85 21 CC B 21 1B F 7C
ID: 43F, Data: 83 45 60 FF 58 D8 A 0
ID: 370, Data: 8FF DE F0 F0 FF FF FF FF
ID: 316, Data: 85 22 BA B 21 1B F 7C
ID: 153, Data: 80 0 0 FF 0 FF 0 0
ID: 316, Data: 85 22 C0 B 21 1A F 7C
ID: A1, Data: 870 76 6E 75 21 0 0 0
ID: 316, Data: 85 22 CC B 21 1B E 7C
ID: 153, Data: 80 0 0 FF 0 FF 0 0
ID: 153, Data: 80 0 0 FF 0 FF 0 0
ID: 43F, Data: 83 45 60 FF 58 3C A 0
ID: 43F, Data: 83 45 60 FF 58 28 A 0
ID: 43F, Data: 83 45 60 FF 58 14 A 0
ID: 43F, Data: 83 45 60 FF 58 F8 9 0
ID: 43F, Data: 83 45 60 FF 57 EC 9 0
ID: 43F, Data: 83 45 60 FF 58 D4 9 0
ID: 43F, Data: 83 45 60 FF 58 BC 9 0
ID: 316, Data: 85 22 37 B 22 1A D 7C
ID: 316, Data: 85 22 17 B 22 1A D 7C
ID: 316, Data: 85 22 FD A 23 1A D 7C
ID: 280, Data: 830 0 84 AE 15 1A 63 48
ID: 5F0, Data: 20 0
ID: 316, Data: 85 23 CE A 23 1A D 7C
ID: 43F, Data: 83 45 60 FF 57 24 9 0
ID: 43F, Data: 83 45 60 FF 57 C 9 0
ID: 316, Data: 85 23 C0 A 23 1A C 7C
ID: 153, Data: 80 0 0 FF 0 FF 0 0
ID: 370, Data: 8FF DE F0 F0 FF FF FF FF
ID: 280, Data: 830 0 84 AE 14 1A 63 4A
ID: 316, Data: 85 24 77 A 24 1A C 7C
ID: 2A0, Data: 8E0 5 63 1C 3D 0 17 0
ID: 153, Data: 80 0 0 FF 0 FF 0 0
ID: 316, Data: 85 25 5C A 24 1A C 7C
ID: A1, Data: 873 76 73 75 23 0 0 0
ID: 316, Data: 85 25 7C A 24 1A B 7C
ID: 153, Data: 80 0 0 FF 0 FF 0 0
ID: 316, Data: 85 25 6C A 24 1A B 7C
ID: 153, Data: 80 0 0 FF 0 FF 0 0
ID: 153, Data: 80 0 0 FF 0 FF 0 0
ID: 43F, Data: 83 45 60 FF 58 B0 7 0
ID: 153, Data: 80 0 0 FF 0 FF 0 0
ID: 43F, Data: 83 45 60 FF 58 84 7 0
ID: 153, Data: 80 0 0 FF 0 FF 0 0
ID: 153, Data: 80 0 0 FF 0 FF 0 0
ID: A0, Data: 832 7B 88 A B 23 2 0
ID: 545, Data: 8DC 1D 0 8C CB 0 CB 0
ID: 316, Data: 85 25 65 A 23 1A A 7C
ID: 18F, Data: 8AA 35 0 0 0 0 0 0
ID: 43F, Data: 83 45 60 FF 58 10 7 0
ID: 18F, Data: 8AA 35 0 0 0 0 0 0
ID: 43F, Data: 8A 45 60 FF 58 EC 6 0
ID: 18F, Data: 8AA 35 0 0 0 0 0 0
ID: 153, Data: 80 0 0 FF 0 FF 0 0
ID: 260, Data: 8B 26 24 30 0 FF 71 2C
ID: 43F, Data: 8A 45 60 FF 58 C8 6 0
ID: A1, Data: 877 76 77 75 24 0 0 0
ID: 153, Data: 80 0 0 FF 0 FF 0 0
ID: 153, Data: 80 0 0 FF 0 FF 0 0
ID: 153, Data: 80 0 0 FF 0 FF 0 0
ID: 2A0, Data: 880 4 63 1C 3D 0 17 0
ID: 316, Data: 85 25 A7 A 23 1A 8 7C
ID: 545, Data: 8DC 1F 0 8D C9 0 C9 0
ID: 5A0, Data: 80 0 0 90 0 0 0 0
ID: 316, Data: 85 24 1C B 22 1A 8 7C
ID: 545, Data: 8DC 20 0 8D B5 0 B5 0
ID: A1, Data: 879 76 79 75 24 0 0 0
ID: 153, Data: 80 0 0 FF 0 FF 0 0
ID: 316, Data: 85 23 8 B 22 1A 7 7C
ID: 370, Data: 8FF DE F0 F0 FF FF FF FF
ID: 43F, Data: 82 45 60 FF 58 C8 7 0
ID: 329, Data: 884 AE 7F 8 12 2A 0 26
ID: A0, Data: 82F 7B E1 A 8 23 2 0
ID: 316, Data: 85 23 A1 A 23 1A 7 7C
ID: 153, Data: 80 0 0 FF 0 FF 0 0
ID: 153, Data: 80 0 0 FF 0 FF 0 0
ID: 316, Data: 85 23 62 A 24 1A 6 7C
ID: A1, Data: 879 76 7B 75 23 0 0 0
ID: 370, Data: 8FF DE F0 F0 FF FF FF FF
ID: 43F, Data: 82 45 60 FF 58 0 6 0
ID: 545, Data: 8DC 1D 0 8C B9 0 B9 0
ID: 260, Data: 8B 24 25 30 0 FF 73 3A
ID: 153, Data: 80 0 0 FF 0 FF 0 0
ID: 316, Data: 85 25 DB 9 25 19 5 7C
ID: 153, Data: 80 0 0 FF 0 FF 0 0
ID: 153, Data: 80 0 0 FF 0 FF 0 0
ID: 1F0, Data: 88A 40 B5 BF 0 0 0 0
ID: A1, Data: 880 7C 80 7B 24 0 0 0
ID: 43F, Data: 82 45 60 FF 58 98 4 0
ID: 153, Data: 80 0 0 FF 0 FF 0 0
ID: 43F, Data: 82 45 60 FF 58 9C 4 0
ID: 153, Data: 80 0 0 FF 0 FF 0 0
ID: 153, Data: 80 0 0 FF 0 FF 0 0
ID: 153, Data: 80 0 0 FF 0 FF 0 0
ID: 43F, Data: 82 45 60 FF 58 AC 4 0
ID: 316, Data: 85 2B B7 A 30 19 4 7C
ID: 545, Data: 8DC 29 0 8A 4D 1 4D 1
ID: 43F, Data: 82 45 60 FF 58 C4 4 0
ID: 43F, Data: 82 45 60 FF 58 C8 4 0
ID: 43F, Data: 82 45 60 FF 58 D0 4 0
ID: 440, Data: 8CF 72 4 A0 FF AA AA AA
ID: 280, Data: 830 0 84 AE 17 1F 63 56
ID: 153, Data: 80 0 0 FF 0 FF 0 0
ID: 316, Data: 85 30 F2 B 2E 1A 4 7C
ID: 153, Data: 80 0 0 FF 0 FF 0 0
ID: 316, Data: 85 31 47 C 2C 1A 4 7C
ID: 316, Data: 85 31 5A C 2C 1A 4 7C
ID: 316, Data: 85 30 7E C 2D 1A 4 7C
ID: 260, Data: 8B 30 30 30 0 FF A6 E
ID: 153, Data: 80 0 0 FF 0 FF 0 0
ID: 316, Data: 85 30 CF C 33 1A 5 7C
ID: 43F, Data: 82 45 60 FF 57 44 5 0
ID: 5F0, Data: 20 0
ID: 316, Data: 85 2F 5 D 33 1A 5 7C
ID: 316, Data: 85 2F E D 33 1A 5 7C
ID: 316, Data: 85 2F B D 33 1A 5 7C
ID: 153, Data: 80 0 0 FF 0 FF 0 0
ID: 316, Data: 85 2F 16 D 35 1A 5 7C
ID: 153, Data: 80 0 0 FF 0 FF 0 0
ID: 316, Data: 85 30 1F D 3A 1A 5 7C
ID: 43F, Data: 82 45 60 FF 58 A0 5 0
ID: 43F, Data: 82 45 60 FF 57 B4 5 0
ID: 440, Data: 8D1 D2 4 A0 FF AA AA AA
ID: 440, Data: 8D1 D2 5 A0 FF AA AA AA
ID: 316, Data: 85 34 AB D 37 19 5 7C
ID: 545, Data: 8DC 35 0 8B F1 1 F1 1
ID: 18F, Data: 8AA 34 0 0 0 0 0 0
ID: 1F1, Data: 80 D4 29 10 3 27 10 3
ID: 153, Data: 80 0 0 FF 0 FF 0 0
ID: 316, Data: 85 35 D3 E 40 18 5 7C
ID: A1, Data: 880 7A 80 7C 2B 0 0 0
ID: 153, Data: 80 0 0 FF 0 FF 0 0
ID: 153, Data: 80 0 0 FF 0 FF 0 0
ID: A1, Data: 880 7A 80 7C 2C 0 0 0
ID: 545, Data: 8DC 44 0 8D 47 2 47 2
ID: 2A0, Data: 861 4 63 1C 3D 0 17 0
ID: 43F, Data: 82 45 60 FF 58 EC 6 0
ID: 153, Data: 80 0 0 FF 0 FF 0 0
ID: 43F, Data: 82 45 60 FF 58 34 7 0
ID: 43F, Data: 82 45 60 FF 58 4C 7 0
ID: 153, Data: 80 0 0 FF 0 FF 0 0
ID: 316, Data: 85 3A EB 10 4B 17 6 7C
ID: 1F0, Data: 8BD 40 B5 BF 0 0 0 0
ID: 316, Data: 85 3C 1B 11 4C 16 7 7C
ID: 280, Data: 830 0 88 AE 22 26 63 63
ID: 43F, Data: 82 45 60 FF 58 34 8 0
ID: 440, Data: 8D3 D2 7 A0 FF AA AA AA
ID: 329, Data: 840 AE 7F 8 11 35 14 26
ID: 153, Data: 80 0 0 FF 0 FF 0 0
ID: 316, Data: 85 41 80 12 4E 15 7 7C
ID: 153, Data: 80 0 0 FF 0 FF 0 0
ID: 545, Data: 8DC 62 0 8D FC 2 FC 2
ID: 316, Data: 85 3F 44 13 48 15 8 7C
ID: 329, Data: 8B AE 7F 8 11 36 19 26
ID: 153, Data: 80 0 0 FF 0 FF 0 0
ID: 153, Data: 80 0 0 FF 0 FF 0 0
ID: 316, Data: 85 40 B4 13 4C 15 8 7C
ID: 43F, Data: 82 45 60 FF 58 24 A 0
ID: 153, Data: 80 0 0 FF 0 FF 0 0
ID: 316, Data: 85 45 FA 13 4C 14 9 7C
ID: 5F0, Data: 20 0
ID: 316, Data: 85 47 58 14 51 14 9 7C
ID: 153, Data: 80 0 0 FF 0 FF 0 0
ID: 18F, Data: 8AA 34 0 0 0 0 0 0
ID: 316, Data: 85 4D FC 14 58 14 9 7C
ID: 316, Data: 85 4F 5E 15 58 13 9 7C
ID: 545, Data: 8DC 91 0 8D 44 4 44 4
ID: 153, Data: 80 0 0 FF 0 FF 0 0
ID: 316, Data: 85 52 C7 16 56 13 A 7C
ID: 153, Data: 80 0 0 FF 0 FF 0 0
ID: 316, Data: 85 52 6B 17 56 13 A 7C
ID: 153, Data: 80 0 0 FF 0 FF 0 0
ID: 153, Data: 80 0 0 FF 0 FF 0 0
ID: 5F0, Data: 20 0
ID: 43F, Data: 82 45 60 FF 58 C4 D 0
ID: 153, Data: 80 0 0 FF 0 FF 0 0
ID: 153, Data: 80 0 0 FF 0 FF 0 0
ID: 153, Data: 80 0 0 FF 0 FF 0 0
ID: 260, Data: 8B 51 56 30 0 FF BE 28
ID: 316, Data: 85 51 4D 18 55 13 C 7C
ID: 153, Data: 80 0 0 FF 0 FF 0 0
ID: 43F, Data: 82 45 60 FF 58 78 F 0
ID: 153, Data: 80 0 0 FF 0 FF 0 0
ID: 153, Data: 80 0 0 FF 0 FF 0 0
ID: 1F0, Data: 82C 40 B5 BF 0 0 0 0
ID: 440, Data: 8EC 82 E A0 FF AA AA AA
ID: A0, Data: 85A 7B E8 18 E 34 2 0
ID: 316, Data: 85 50 38 19 4F 13 E 7C
ID: 153, Data: 80 0 0 FF 0 FF 0 0
ID: 280, Data: 830 0 88 AE 32 31 63 86
ID: 5F0, Data: 20 0
ID: 316, Data: 85 4F 9B 19 4E 13 F 7C
ID: A1, Data: 880 7C 81 7F 3F 0 0 0
ID: 43F, Data: 82 45 60 FF 57 64 12 0
ID: 153, Data: 80 0 0 FF 0 FF 0 0
ID: 153, Data: 80 0 0 FF 0 FF 0 0
ID: 316, Data: 85 4B DF 19 4F 13 10 7C
ID: 153, Data: 80 0 0 FF 0 FF 0 0
ID: 316, Data: 85 4B D6 19 50 13 10 7C
ID: 316, Data: 85 4A D6 19 50 13 10 7C
ID: A0, Data: 853 7B DF 19 10 33 2 0
ID: 43F, Data: 82 45 60 FF 57 44 14 0
ID: 370, Data: 8FF DE F0 F0 FF FF FF FF
ID: 153, Data: 80 0 0 FF 0 FF 0 0
ID: 316, Data: 85 4B 3F 1A 58 1D 11 7C
ID: 153, Data: 80 0 0 FF 0 FF 0 0
ID: 280, Data: 830 0 88 AE 35 31 63 84
ID: 316, Data: 85 51 BC 1A 57 1D 12 7C
ID: 43F, Data: 82 45 60 FF 56 E4 15 0
ID: 43F, Data: 82 45 60 FF 57 1C 16 0
ID: 545, Data: 8DC A7 0 8D AE 3 AE 3
ID: 316, Data: 85 52 C7 1B 57 1D 13 7C
ID: 153, Data: 80 0 0 FF 0 FF 0 0
ID: 153, Data: 80 0 0 FF 0 FF 0 0
ID: 316, Data: 845 52 54 1C 56 1D 14 7C
ID: 43F, Data: 82 45 60 FF 57 74 17 0
ID: A1, Data: 87D 7C 7D 7F 3E 0 0 0
ID: 153, Data: 80 0 0 FF 0 FF 0 0
ID: 316, Data: 845 53 C 1C 56 1D 14 7C
ID: 153, Data: 80 0 0 FF 0 FF 0 0
ID: 153, Data: 80 0 0 FF 0 FF 0 0
ID: 316, Data: 845 53 54 1C 56 1D 15 7C
ID: 43F, Data: 82 45 60 FF 57 D8 18 0
ID: 316, Data: 845 53 A7 1C 4D 1C 15 7C
ID: 153, Data: 80 0 0 FF 0 FF 0 0
ID: 316, Data: 845 53 DC 1C 4C 1D 16 7C
ID: 316, Data: 845 4F FC 1C 4C 1D 16 7C
ID: 43F, Data: 82 45 60 FF 57 C8 19 0
ID: 316, Data: 845 4C 1C 1D 4C 1D 16 7C
ID: 153, Data: 80 0 0 FF 0 FF 0 0
ID: 316, Data: 845 4A 3D 1D 4B 1D 17 7C
ID: 316, Data: 845 4A 5E 1D 4A 1D 17 7C
ID: 43F, Data: 82 45 60 FF 57 A4 1A 0
ID: 153, Data: 80 0 0 FF 0 FF 0 0
ID: 545, Data: 8DC 9C 0 8D E2 2 E2 2
ID: 316, Data: 845 46 AC 1D 3E 1D 18 7C
ID: 153, Data: 80 0 0 FF 0 FF 0 0
ID: 316, Data: 845 43 CE 1D 3E 1D 18 7C
ID: 153, Data: 80 0 0 FF 0 FF 0 0
ID: 2A0, Data: 8A1 16 63 1C 3D 0 17 0
ID: 316, Data: 845 40 E5 1D 3E 1E 18 7C
ID: A0, Data: 847 7B CE 1D 19 33 2 0
ID: 43F, Data: 8B 45 60 FF 57 E4 1B 0
ID: 440, Data: 8FE 72 19 A0 FF AA AA AA
ID: 440, Data: 8FE 72 19 A0 FF AA AA AA
ID: 316, Data: 845 3C 13 1E 3F 1F 19 7C
ID: 43F, Data: 8B 45 60 FF 57 38 1C 0
ID: 2A0, Data: 81 16 63 1C 3D 0 17 0
ID: 153, Data: 80 0 0 FF 0 FF 0 0
ID: 316, Data: 845 3B 65 1E 3F 1F 19 7C
ID: 153, Data: 80 0 0 FF 0 FF 0 0
ID: 329, Data: 840 AF 7F 8 11 3B 13 26
ID: 316, Data: 845 3C B8 1E 3E 1F 19 7C
ID: 153, Data: 80 0 0 FF 0 FF 0 0
ID: 370, Data: 8FF DB F0 F0 FF FF FF FF
ID: 43F, Data: 8B 45 60 36 57 84 1D 0
ID: 370, Data: 8FF DB F0 F0 FF FF FF FF
ID: 316, Data: 845 34 4C 1F 15 1F 1A 7C
ID: 18F, Data: 8AA 38 0 0 0 0 0 0
ID: 370, Data: 8FF DB F0 F0 FF FF FF FF
ID: 43F, Data: 8B 45 60 30 57 10 1B 0
ID: 545, Data: 8DC 55 0 8D A4 0 A4 0
ID: 316, Data: 845 26 6 1B 1A 22 1A 7C
ID: 316, Data: 845 24 CE 19 1A 22 1A 7C
ID: 2A0, Data: 840 13 63 1C 3D 0 17 0
ID: 43F, Data: 8B 45 60 FF 57 A0 15 0
ID: 316, Data: 845 20 2C 16 1D 22 1A 7C
ID: 153, Data: 80 0 0 FF 0 FF 0 0
ID: 316, Data: 845 1E C4 14 1F 22 1A 7C
ID: 153, Data: 80 0 0 FF 0 FF 0 0
ID: 43F, Data: 8B 45 60 FF 57 2C 13 0
ID: 260, Data: 8B 1D 21 30 0 FF 78 31
ID: 43F, Data: 8B 45 60 FF 56 0 13 0
ID: 43F, Data: 8B 45 60 FF 57 B0 12 0
ID: 316, Data: 845 1F 2E 12 21 22 1A 7C
ID: A0, Data: 82D 7B 43 12 1B 28 2 0
ID: 316, Data: 845 20 4C 12 21 22 1A 7C
ID: 545, Data: 8DC 2B 0 8D E4 FF E4 FF
ID: 43F, Data: 83 45 60 FF 57 34 13 0
ID: 2A0, Data: 840 10 63 1C 3D 0 17 0
ID: 153, Data: 80 0 0 FF 0 FF 0 0
ID: 316, Data: 845 20 F9 12 20 21 1A 7C
ID: 153, Data: 80 0 0 FF 0 FF 0 0
ID: 1F0, Data: 86A 40 B5 BF 0 0 0 0
ID: 316, Data: 845 20 3F 13 20 21 1A 7C
ID: 329, Data: 884 AF 7F 8 11 2F 0 26
ID: 316, Data: 845 20 31 13 20 21 1A 7C
ID: 316, Data: 845 20 28 13 20 21 1A 7C
ID: 153, Data: 80 0 0 FF 0 FF 0 0
ID: 260, Data: 8B 21 20 30 0 FF 7E 37
ID: 316, Data: 845 21 FE 12 20 21 1A 7C
ID: A1, Data: 876 76 74 75 21 0 0 0
ID: 316, Data: 845 21 F0 12 20 21 1A 7C
ID: 153, Data: 80 0 0 FF 0 FF 0 0
ID: 316, Data: 845 21 F0 12 1F 21 1A 7C
ID: 43F, Data: 83 45 60 FF 57 E4 12 0
ID: 316, Data: 845 21 F0 12 1F 21 1A 7C
ID: A0, Data: 82E 7B F0 12 1A 28 2 0
ID: 153, Data: 80 0 0 FF 0 FF 0 0
ID: 316, Data: 845 22 E7 12 1F 21 1A 7C
ID: 316, Data: 845 22 FE 12 1F 21 1A 7C
ID: 43F, Data: 83 45 60 FF 57 0 13 0
ID: 316, Data: 845 21 2 13 1F 21 1A 7C
ID: 260, Data: 8B 22 1F 30 0 FF 81 16
ID: 316, Data: 845 21 DE 12 1F 21 1A 7C
ID: 316, Data: 845 20 D5 12 1F 22 1A 7C
ID: 153, Data: 80 0 0 FF 0 FF 0 0
ID: 2A0, Data: 8E0 B 63 1C 3D 0 17 0
ID: 316, Data: 845 20 BE 12 1F 22 1A 7C
ID: 153, Data: 80 0 0 FF 0 FF 0 0
ID: 316, Data: 845 20 BA 12 1F 22 1A 7C
ID: 153, Data: 80 0 0 FF 0 FF 0 0
ID: 545, Data: 8DC 31 0 8D D8 FF D8 FF
ID: 316, Data: 845 1F 9F 12 1F 22 1A 7C
ID: A1, Data: 87B 76 78 75 1F 0 0 0
ID: 316, Data: 845 1F BE 12 1F 22 1A 7C
ID: 440, Data: 8FE 63 19 A0 FF AA AA AA
ID: 316, Data: 845 1F 89 12 1F 22 19 7C
ID: 18F, Data: 8AA 3C 0 0 0 0 0 0
ID: 153, Data: 80 0 0 FF 0 FF 0 0
ID: 43F, Data: 843 45 60 FF 58 A0 12 0
ID: 43F, Data: 843 45 60 FF 58 88 12 0
ID: 43F, Data: 843 45 60 FF 58 8C 12 0
ID: A0, Data: 82A 7B 80 12 1A 27 2 0
ID: 153, Data: 80 0 0 FF 0 FF 0 0
ID: 316, Data: 845 1F A8 12 1E 22 19 7C
ID: 153, Data: 80 0 0 FF 0 FF 0 0
ID: 43F, Data: 843 45 60 FF 58 78 12 0
ID: 545, Data: 8DC 31 0 8D CE FF CE FF
ID: 153, Data: 80 0 0 FF 0 FF 0 0
ID: 316, Data: 845 1F 5D 12 1F 22 19 7C
ID: 316, Data: 845 1F 54 12 1F 22 19 7C
ID: 440, Data: 8FE C3 19 A0 FF AA AA AA
ID: 316, Data: 845 1F 80 12 1E 22 19 7C
ID: 153, Data: 80 0 0 FF 0 FF 0 0
ID: 440, Data: 8FE 13 19 A0 FF AA AA AA
ID: 316, Data: 845 1F 4C 12 1F 22 19 7C
ID: 153, Data: 80 0 0 FF 0 FF 0 0
ID: 260, Data: 8B 20 1F 30 0 FF 7E 3A
ID: 316, Data: 845 1F 1D 12 1F 22 19 7C
ID: A0, Data: 82A 7B 15 12 19 27 2 0
ID: 43F, Data: 843 45 60 FF 58 0 12 0
ID: 43F, Data: 843 45 60 FF 58 FC 11 0
ID: 440, Data: 8FE 63 18 A0 FF AA AA AA
ID: 316, Data: 845 1F EB 11 1F 22 19 7C
ID: 43F, Data: 843 45 60 FF 58 C0 11 0
ID: 316, Data: 845 20 DB 11 1F 22 19 7C
ID: 153, Data: 80 0 0 FF 0 FF 0 0
ID: 280, Data: 830 0 84 AF 23 18 63 42
ID: 316, Data: 845 20 BB 11 1F 22 18 7C
ID: 43F, Data: 843 45 60 FF 58 94 11 0
ID: 316, Data: 845 20 93 11 1F 22 18 7C
ID: 153, Data: 80 0 0 FF 0 FF 0 0
ID: 316, Data: 845 20 7B 11 1F 22 18 7C
ID: 316, Data: 845 20 58 11 20 22 18 7C
ID: 43F, Data: 843 45 60 FF 58 20 11 0
ID: 153, Data: 80 0 0 FF 0 FF 0 0
ID: 316, Data: 845 20 2A 11 20 22 18 7C
ID: 18F, Data: 8AA 3D 0 0 0 0 0 0
ID: 316, Data: 845 20 F6 10 20 22 17 7C
ID: 153, Data: 80 0 0 FF 0 FF 0 0
ID: 260, Data: 8B 21 20 30 0 FF 7E 28
ID: 316, Data: 845 20 E7 10 20 22 17 7C
ID: 153, Data: 80 0 0 FF 0 FF 0 0
ID: 43F, Data: 843 45 60 FF 58 60 10 0
ID: 43F, Data: 843 45 60 FF 58 44 10 0
ID: 280, Data: 830 0 84 AF 21 17 63 42
ID: 316, Data: 845 1E 75 10 19 19 16 7C
ID: 316, Data: 845 1E 5D 10 19 19 16 7C
ID: 43F, Data: 843 45 60 FF 58 E4 F 0
ID: A0, Data: 823 7C 35 10 17 23 2 0
ID: 153, Data: 80 0 0 FF 0 FF 0 0
ID: 316, Data: 85 1C A6 F 1A 1A 16 7C
ID: 153, Data: 80 0 0 FF 0 FF 0 0
ID: 153, Data: 80 0 0 FF 0 FF 0 0
ID: 316, Data: 85 1B 6E F 1B 1A 15 7C
ID: 43F, Data: 83 45 60 FF 58 3C F 0
ID: 440, Data: 8FE B3 15 A0 FF AA AA AA
ID: 5F0, Data: 20 0
ID: 153, Data: 80 0 0 FF 0 FF 0 0
ID: 153, Data: 80 0 0 FF 0 FF 0 0
ID: A1, Data: 882 76 82 75 1D 0 0 0
ID: 280, Data: 830 0 84 AF 1E 14 63 3D
ID: 280, Data: 830 0 84 AF 1D 14 63 3D
ID: 316, Data: 85 1B E1 E 1C 1A 14 7C
ID: 329, Data: 884 AF 7F 8 12 2B 0 26
ID: 43F, Data: 83 45 60 FF 58 4 E 0
ID: 440, Data: 8FE 63 13 A0 FF AA AA AA
ID: 43F, Data: 83 45 60 FF 58 CC D 0
ID: 1F1, Data: 80 5 96 50 9 9A 90 9
ID: 153, Data: 80 0 0 FF 0 FF 0 0
ID: 153, Data: 80 0 0 FF 0 FF 0 0
ID: 153, Data: 80 0 0 FF 0 FF 0 0
ID: 18F, Data: 8AA 3B 0 0 0 0 0 0
ID: 316, Data: 85 1C CB D 1D 1B 12 7C
ID: 153, Data: 80 0 0 FF 0 FF 0 0
ID: 545, Data: 8DC 1F 0 8D 28 0 28 0
ID: 316, Data: 85 1D 75 D 1E 1B 12 7C
ID: 280, Data: 830 0 84 AF 1A 16 63 42
ID: 153, Data: 80 0 0 FF 0 FF 0 0
ID: 316, Data: 85 1E 3A D 1E 1B 11 7C
ID: 316, Data: 85 1E 33 D 1E 1B 11 7C
ID: 316, Data: 85 1E 7 D 1F 1B 11 7C
ID: 43F, Data: 83 45 60 FF 58 C C 0
ID: 43F, Data: 83 45 60 FF 58 E0 B 0
ID: 153, Data: 80 0 0 FF 0 FF 0 0
ID: 43F, Data: 83 45 60 FF 58 A8 B 0
ID: 153, Data: 80 0 0 FF 0 FF 0 0
ID: 153, Data: 80 0 0 FF 0 FF 0 0
ID: 316, Data: 85 1F BD C 1F 1B 10 7C
ID: 43F, Data: 83 45 60 FF 58 1C B 0
ID: 316, Data: 85 1F 92 C 1F 1B F 7C
ID: 316, Data: 85 1F 7E C 1F 1B F 7C
ID: 329, Data: 8ED AF 7F 8 12 2A 0 26
ID: A0, Data: 82B 7C 4A C 10 23 2 0
ID: 153, Data: 80 0 0 FF 0 FF 0 0
ID: 316, Data: 85 20 FF B 21 1B E 7C
ID: 153, Data: 80 0 0 FF 0 FF 0 0
ID: 316, Data: 85 20 C9 B 21 1B E 7C
ID: 153, Data: 80 0 0 FF 0 FF 0 0
ID: 153, Data: 80 0 0 FF 0 FF 0 0
ID: 153, Data: 80 0 0 FF 0 FF 0 0
ID: 260, Data: 8B 21 22 30 0 FF 72 13
ID: 316, Data: 85 21 67 B 22 1A D 7C
ID: 153, Data: 80 0 0 FF 0 FF 0 0
ID: 43F, Data: 83 45 60 FF 58 F4 8 0
ID: 153, Data: 80 0 0 FF 0 FF 0 0
ID: 153, Data: 80 0 0 FF 0 FF 0 0
ID: 260, Data: 8B 22 23 30 0 FF 72 3F
ID: 329, Data: 884 AF 7F 8 12 29 0 26
ID: 370, Data: 8FF DB F0 F0 FF FF FF FF
ID: 316, Data: 85 22 FD A 23 1A B 7C
ID: A1, Data: 882 76 82 75 22 0 0 0
ID: 43F, Data: 83 45 60 FF 58 A0 7 0
ID: 153, Data: 80 0 0 FF 0 FF 0 0
ID: 316, Data: 85 22 C8 A 23 1A A 7C
ID: 153, Data: 80 0 0 FF 0 FF 0 0
ID: 153, Data: 80 0 0 FF 0 FF 0 0
ID: 316, Data: 85 23 AF A 23 1A A 7C
ID: 43F, Data: 8A 45 60 FF 58 9C 6 0
ID: 43F, Data: 8A 45 60 FF 58 B8 6 0
ID: 1F0, Data: 865 40 B5 BF 0 0 0 0
ID: 153, Data: 80 0 0 FF 0 FF 0 0
ID: 316, Data: 85 23 5A A 24 1A 9 7C
ID: 153, Data: 80 0 0 FF 0 FF 0 0
ID: 316, Data: 85 24 7E A 24 1A 8 7C
ID: 153, Data: 80 0 0 FF 0 FF 0 0
ID: 316, Data: 85 24 A7 A 23 1A 8 7C
ID: 316, Data: 85 24 A9 A 23 1A 7 7C
ID: 153, Data: 80 0 0 FF 0 FF 0 0
ID: 280, Data: 830 0 84 AF 15 1A 63 4B
ID: 316, Data: 85 24 A3 A 23 1A 7 7C
ID: 43F, Data: 82 45 60 FF 58 B0 6 0
ID: 153, Data: 80 0 0 FF 0 FF 0 0
ID: 153, Data: 80 0 0 FF 0 FF 0 0
ID: 316, Data: 85 24 73 A 24 19 6 7C
ID: 18F, Data: 8AA 37 0 0 0 0 0 0
ID: 316, Data: 85 24 55 A 24 19 5 7C
ID: 43F, Data: 82 45 60 FF 58 3C 5 0
ID: 43F, Data: 82 45 60 FF 58 F4 4 0
ID: 316, Data: 85 24 49 A 24 19 5 7C
ID: 153, Data: 80 0 0 FF 0 FF 0 0
ID: 280, Data: 830 0 84 AF 14 1B 63 4C
ID: 43F, Data: 82 45 60 FF 58 EC 3 0
ID: 18F, Data: 8AA 37 0 0 0 0 0 0
ID: 316, Data: 85 24 4B A 24 19 3 7C
ID: A1, Data: 880 7E 7E 7D 24 0 0 0
ID: 440, Data: 8BF 72 2 A0 FF AA AA AA
ID: 43F, Data: 82 45 60 FF 58 9C 2 0
ID: 316, Data: 85 24 12 A 25 19 3 7C
ID: 18F, Data: 8AA 37 0 0 0 0 0 0
ID: 153, Data: 80 0 0 FF 0 FF 0 0
ID: 545, Data: 8DC 1F 0 8A CB 0 CB 0
ID: 316, Data: 85 25 0 A 25 19 2 7C
ID: 260, Data: 8B 25 25 30 0 FF 76 18
ID: A0, Data: 831 7C 0 A 2 23 2 0
ID: 43F, Data: 89 45 60 FF 58 DC 0 0
ID: 153, Data: 80 0 0 FF 0 FF 0 0
ID: 153, Data: 80 0 0 FF 0 FF 0 0
ID: 43F, Data: 89 45 60 FF 58 84 0 0
ID: 2A0, Data: 8E0 1 63 1C 3D 0 17 0
ID: 153, Data: 80 0 0 FF 0 FF 0 0
ID: 153, Data: 80 0 0 FF 0 FF 0 0
ID: 260, Data: 8B 25 24 30 0 FF 73 2B
ID: 280, Data: 830 0 84 AF 14 1B 63 4D
ID: 153, Data: 80 0 0 FF 0 FF 0 0
ID: 316, Data: 85 25 2D A 24 19 1 7C
ID: 440, Data: 8A6 22 0 A0 FF AA AA AA
ID: 153, Data: 80 0 0 FF 0 FF 0 0
ID: 153, Data: 80 0 0 FF 0 FF 0 0
ID: 440, Data: 8A6 22 0 A0 FF AA AA AA
ID: 316, Data: 85 25 FE 9 25 19 0 7C
ID: 153, Data: 80 0 0 FF 0 FF 0 0
ID: 153, Data: 80 0 0 FF 0 FF 0 0
ID: 153, Data: 80 0 0 FF 0 FF 0 0
ID: 2A0, Data: 8E0 1 63 1C 3D 0 17 0
ID: 316, Data: 85 25 FE 9 25 19 0 7C
ID: 2A0, Data: 820 1 63 1C 3D 0 17 0
ID: 43F, Data: 81 45 60 FF 58 0 0 0
ID: 153, Data: 80 0 0 FF 0 FF 0 0
ID: 153, Data: 80 0 0 FF 0 FF 0 0
ID: 153, Data: 80 0 0 FF 0 FF 0 0
ID: 440, Data: 8A6 91 0 A0 FF AA AA AA
ID: 316, Data: 85 25 31 A 24 19 0 7C
ID: 153, Data: 80 0 0 FF 0 FF 0 0
ID: 153, Data: 80 0 0 FF 0 FF 0 0
ID: 153, Data: 80 0 0 FF 0 FF 0 0
ID: 18F, Data: 8AA 37 0 0 0 0 0 0
ID: 316, Data: 85 24 E A 24 19 0 7C
ID: 153, Data: 80 0 0 FF 0 FF 0 0
ID: 370, Data: 8FF DB F0 F0 FF FF FF FF
ID: 153, Data: 80 0 0 FF 0 FF 0 0
ID: 545, Data: 8DC 1D 0 89 C8 0 C8 0
ID: 316, Data: 85 24 EE 9 25 19 0 7C
ID: 18F, Data: 8AA 37 0 0 0 0 0 0
ID: 43F, Data: 81 45 60 FF 58 0 0 0
ID: 260, Data: 8B 25 25 30 0 FF 76 9
ID: A0, Data: 831 7C F4 9 0 22 2 0
ID: 153, Data: 80 0 0 FF 0 FF 0 0
ID: 153, Data: 80 0 0 FF 0 FF 0 0
ID: 260, Data: 8B 25 25 30 0 FF 73 C
ID: 43F, Data: 81 45 60 FF 58 0 0 0
ID: 2A0, Data: 840 1 63 1C 3D 0 17 0
ID: 545, Data: 8DC 1E 0 8C C7 0 C7 0
ID: 440, Data: 8A6 31 0 A0 FF AA AA AA
ID: 316, Data: 85 24 2D A 24 19 0 7C
ID: 329, Data: 8ED B0 7F 8 12 2A 0 26
ID: 18F, Data: 8AA 37 0 0 0 0 0 0
ID: 43F, Data: 81 45 60 FF 58 0 0 0
ID: 153, Data: 80 0 0 FF 0 FF 0 0
ID: 153, Data: 80 0 0 FF 0 FF 0 0
ID: 545, Data: 8DC 1D 0 89 CC 0 CC 0
ID: 316, Data: 85 25 DA 9 25 19 0 7C
ID: 18F, Data: 8AA 36 0 0 0 0 0 0
ID: 43F, Data: 81 45 60 FF 58 0 0 0
ID: 260, Data: 8B 25 26 30 0 FF 77 7
ID: A0, Data: 831 7C DB 9 0 22 2 0
ID: 43F, Data: 81 45 60 FF 58 0 0 0
ID: 153, Data: 80 0 0 FF 0 FF 0 0
ID: 43F, Data: 81 45 60 FF 58 0 0 0
ID: 18F, Data: 8AA 36 0 0 0 0 0 0
ID: 18F, Data: 8AA 36 0 0 0 0 0 0
ID: 329, Data: 884 B0 7F 8 12 2A 0 26
ID: 153, Data: 80 0 0 FF 0 FF 0 0
ID: 260, Data: 8B 25 25 30 0 FF 74 1A
ID: 316, Data: 85 25 8 A 25 19 0 7C
ID: 18F, Data: 8AA 36 0 0 0 0 0 0
ID: 153, Data: 80 0 0 FF 0 FF 0 0
ID: 2A0, Data: 820 0 63 1C 3D 0 17 0
ID: 316, Data: 85 25 DC 9 26 19 0 7C
ID: 2A0, Data: 8E0 0 63 1C 3D 0 17 0
ID: 316, Data: 85 25 F1 9 26 19 0 7C
ID: 153, Data: 80 0 0 FF 0 FF 0 0
ID: 153, Data: 80 0 0 FF 0 FF 0 0
ID: 1F0, Data: 865 40 B5 BF 0 0 0 0
ID: 43F, Data: 81 45 60 FF 58 0 0 0
ID: 43F, Data: 81 45 60 FF 58 0 0 0
ID: 43F, Data: 81 45 60 FF 58 0 0 0
ID: 43F, Data: 81 45 60 FF 58 0 0 0
ID: 153, Data: 80 0 0 FF 0 FF 0 0
ID: 153, Data: 80 0 0 FF 0 FF 0 0
ID: 153, Data: 80 0 0 FF 0 FF 0 0
ID: 260, Data: 8B 26 25 30 0 FF 72 39
ID: 316, Data: 85 25 29 A 25 19 0 7C
ID: 370, Data: 8FF DB F0 F0 FF FF FF FF
ID: 153, Data: 80 0 0 FF 0 FF 0 0
ID: 280, Data: 830 0 84 B0 14 1B 63 4F
ID: 153, Data: 80 0 0 FF 0 FF 0 0
ID: 43F, Data: 81 45 60 FF 58 0 0 0
ID: 545, Data: 8DC 1E 0 89 D4 0 D4 0
ID: 1F0, Data: 865 40 B5 BF 0 0 0 0
ID: A1, Data: 876 7F 74 80 25 0 0 0
ID: 153, Data: 80 0 0 FF 0 FF 0 0
ID: 440, Data: 8A6 41 0 A0 FF AA AA AA
ID: 43F, Data: 81 45 60 FF 58 0 0 0
ID: 316, Data: 85 25 12 A 25 19 0 7C
ID: 316, Data: 85 25 1C A 25 19 0 7C
ID: 316, Data: 85 25 2C A 25 19 0 7C
ID: 260, Data: 8B 25 25 30 0 FF 72 1C
ID: 153, Data: 80 0 0 FF 0 FF 0 0
ID: 316, Data: 85 24 10 A 25 19 0 7C
ID: 153, Data: 80 0 0 FF 0 FF 0 0
ID: 153, Data: 80 0 0 FF 0 FF 0 0
ID: 43F, Data: 81 45 60 FF 58 0 0 0
ID: A1, Data: 878 7F 76 80 25 0 0 0
ID: 43F, Data: 81 45 60 FF 58 0 0 0
ID: 153, Data: 80 0 0 FF 0 FF 0 0
ID: 43F, Data: 81 45 60 FF 58 0 0 0
ID: A0, Data: 832 7C 13 A 0 23 2 0
ID: 153, Data: 80 0 0 FF 0 FF 0 0
ID: 2A0, Data: 820 0 63 1C 3D 0 17 0
ID: 316, Data: 85 25 12 A 25 19 0 7C
ID: 18F, Data: 8AA 36 0 0 0 0 0 0
ID: 43F, Data: 81 45 60 FF 58 0 0 0
ID: 545, Data: 8DC 1E 0 8D CE 0 CE 0
ID: A1, Data: 878 7F 76 80 25 0 0 0
ID: 43F, Data: 81 45 60 FF 58 0 0 0
ID: 43F, Data: 81 45 60 FF 58 0 0 0
ID: 153, Data: 80 0 0 FF 0 FF 0 0
ID: 316, Data: 85 24 2A A 25 19 0 7C
ID: 153, Data: 80 0 0 FF 0 FF 0 0
ID: 153, Data: 80 0 0 FF 0 FF 0 0
ID: 153, Data: 80 0 0 FF 0 FF 0 0
ID: 18F, Data: 8AA 36 0 0 0 0 0 0
ID: 316, Data: 85 24 2D A 25 19 0 7C
ID: 316, Data: 85 24 12 A 25 19 0 7C
ID: 316, Data: 85 24 5 A 25 19 0 7C
ID: 260, Data: 8B 24 26 30 0 FF 72 2B
ID: 18F, Data: 8AA 36 0 0 0 0 0 0
ID: 43F, Data: 81 45 60 FF 58 0 0 0
ID: A1, Data: 876 7F 78 80 25 0 0 0
ID: 316, Data: 85 25 12 A 25 19 0 7C
ID: 153, Data: 80 0 0 FF 0 FF 0 0
ID: 153, Data: 80 0 0 FF 0 FF 0 0
ID: 153, Data: 80 0 0 FF 0 FF 0 0
ID: A0, Data: 832 7D 12 A 0 23 2 0
ID: 316, Data: 85 25 28 A 25 19 0 7C
ID: 316, Data: 85 25 24 A 25 19 0 7C
ID: 153, Data: 80 0 0 FF 0 FF 0 0
ID: 153, Data: 80 0 0 FF 0 FF 0 0
ID: 2A0, Data: 8E0 0 63 1C 3D 0 17 0
ID: 43F, Data: 81 45 60 FF 58 0 0 0
ID: 370, Data: 8FF DB F0 F0 FF FF FF FF
ID: 260, Data: 8B 25 25 30 0 FF 72 2B
ID: 316, Data: 85 25 14 A 25 19 0 7C
ID: 329, Data: 8B B0 7F 8 12 2A 0 26
ID: 153, Data: 80 0 0 FF 0 FF 0 0
ID: 153, Data: 80 0 0 FF 0 FF 0 0
ID: A1, Data: 878 7F 78 80 25 0 0 0
ID: 280, Data: 830 0 84 B0 13 1B 63 4E
ID: 280, Data: 830 0 84 B0 13 1B 63 4F
ID: 316, Data: 85 25 FC 9 26 19 0 7C
ID: 329, Data: 8ED B0 7F 8 12 2A 0 26
ID: 18F, Data: 8AA 36 0 0 0 0 0 0
ID: 153, Data: 80 0 0 FF 0 FF 0 0
ID: A1, Data: 878 7F 78 80 25 0 0 0
ID: 2A0, Data: 820 0 63 1C 3D 0 17 0
ID: 18F, Data: 8AA 36 0 0 0 0 0 0
ID: 5A0, Data: 80 0 0 90 0 0 0 0
ID: 545, Data: 8DC 1E 0 8C BE 0 BE 0
ID: 316, Data: 85 24 39 A 25 19 0 7C
ID: 329, Data: 8ED B0 7F 8 12 2A 0 26
ID: 260, Data: 8B 25 25 30 0 FF 70 3C
ID: 43F, Data: 81 45 60 FF 58 0 0 0
ID: 316, Data: 85 24 E A 25 19 0 7C
ID: 316, Data: 85 25 F A 25 19 0 7C
ID: 316, Data: 85 25 0 A 26 19 0 7C
ID: 329, Data: 884 B0 7F 8 12 2A 0 26
ID: 545, Data: 8DC 1F 0 8A D0 0 D0 0
ID: 153, Data: 80 0 0 FF 0 FF 0 0
ID: 316, Data: 85 25 18 A 25 19 0 7C
ID: 43F, Data: 81 45 60 FF 58 0 0 0
ID: 43F, Data: 81 45 60 FF 58 0 0 0
ID: 43F, Data: 81 45 60 FF 58 0 0 0
ID: 153, Data: 80 0 0 FF 0 FF 0 0
ID: 316, Data: 85 25 4D A 25 19 0 7C
ID: 153, Data: 80 0 0 FF 0 FF 0 0
ID: 316, Data: 85 25 54 A 25 19 0 7C
ID: 316, Data: 85 25 48 A 25 19 0 7C
ID: 153, Data: 80 0 0 FF 0 FF 0 0
ID: 316, Data: 85 24 42 A 25 19 0 7C
ID: 153, Data: 80 0 0 FF 0 FF 0 0
ID: 316, Data: 85 24 34 A 25 19 0 7C
ID: 370, Data: 8FF DB F0 F0 FF FF FF FF
ID: 153, Data: 80 0 0 FF 0 FF 0 0
ID: 316, Data: 85 24 14 A 25 19 0 7C
ID: A0, Data: 832 7D 1B A 0 23 2 0
ID: 316, Data: 85 25 25 A 25 19 0 7C
ID: 153, Data: 80 0 0 FF 0 FF 0 0
ID: 153, Data: 80 0 0 FF 0 FF 0 0
ID: 153, Data: 80 0 0 FF 0 FF 0 0
ID: 18F, Data: 8AA 36 0 0 0 0 0 0
ID: 316, Data: 85 25 32 A 25 19 0 7C
ID: 153, Data: 80 0 0 FF 0 FF 0 0
ID: 316, Data: 85 24 34 A 25 19 0 7C
ID: 43F, Data: 81 45 60 FF 58 0 0 0
ID: 43F, Data: 81 45 60 FF 58 0 0 0
ID: 316, Data: 85 24 3C A 25 19 0 7C
ID: 280, Data: 830 0 84 B0 14 1B 63 4E
ID: 153, Data: 80 0 0 FF 0 FF 0 0
ID: 316, Data: 85 24 36 A 25 19 0 7C
ID: 5F0, Data: 20 0
ID: 43F, Data: 81 45 60 FF 58 0 0 0
ID: 316, Data: 85 24 18 A 25 19 0 7C
ID: 316, Data: 85 24 15 A 25 19 0 7C
ID: 153, Data: 80 0 0 FF 0 FF 0 0
ID: 545, Data: 8DC 1E 0 8A CA 0 CA 0
ID: 370, Data: 8FF DB F0 F0 FF FF FF FF
ID: 280, Data: 830 0 84 B0 14 1B 63 4E
ID: 316, Data: 85 25 17 A 25 19 0 7C
ID: 2A0, Data: 820 0 63 1C 3D 0 17 0
ID: 1F0, Data: 865 40 B5 BF 0 0 0 0
ID: 43F, Data: 81 45 60 FF 58 0 0 0
ID: 43F, Data: 81 45 60 FF 58 0 0 0
ID: 43F, Data: 81 45 60 FF 58 0 0 0
ID: 153, Data: 80 0 0 FF 0 FF 0 0
ID: 316, Data: 85 24 3C A 25 19 0 7C
ID: 153, Data: 80 0 0 FF 0 FF 0 0
ID: 316, Data: 85 25 32 A 25 19 0 7C
ID: 153, Data: 80 0 0 FF 0 FF 0 0
ID: 153, Data: 80 0 0 FF 0 FF 0 0
ID: 43F, Data: 81 45 60 FF 58 0 0 0
ID: 43F, Data: 81 45 60 FF 58 0 0 0
ID: 43F, Data: 81 45 60 FF 58 0 0 0
ID: 153, Data: 80 0 0 FF 0 FF 0 0
ID: 43F, Data: 81 45 60 FF 58 0 0 0
ID: 153, Data: 80 0 0 FF 0 FF 0 0
ID: 153, Data: 80 0 0 FF 0 FF 0 0
ID: 370, Data: 8FF DB F0 F0 FF FF FF FF
ID: 316, Data: 85 24 31 A 25 19 0 7C
ID: 316, Data: 85 24 24 A 25 19 0 7C
ID: 316, Data: 85 24 1C A 25 19 0 7C
ID: 153, Data: 80 0 0 FF 0 FF 0 0
ID: 280, Data: 830 0 84 B0 14 1B 63 4E
ID: 1F0, Data: 865 40 B5 BF 0 0 0 0
ID: 1F1, Data: 80 A0 0 0 0 0 0 0
ID: 153, Data: 80 0 0 FF 0 FF 0 0
ID: 280, Data: 830 0 84 B0 14 1B 63 4E
ID: 316, Data: 85 24 58 A 25 19 0 7C
ID: 43F, Data: 81 45 60 FF 58 0 0 0
ID: 370, Data: 8FF DB F0 F0 FF FF FF FF
ID: 43F, Data: 81 45 60 FF 58 0 0 0
ID: 545, Data: 8DC 1F 0 8A C2 0 C2 0
ID: A0, Data: 831 7D 39 A 0 23 2 0
ID: 153, Data: 80 0 0 FF 0 FF 0 0
ID: A0, Data: 831 7D 2A A 0 23 2 0
ID: 2A0, Data: 8E0 0 63 1C 3D 0 17 0
ID: 329, Data: 8ED B1 7F 8 12 2A 0 26
ID: A1, Data: 880 7F 7E 80 25 0 0 0
ID: 43F, Data: 81 45 60 FF 58 0 0 0
ID: 43F, Data: 81 45 60 FF 58 0 0 0
ID: 153, Data: 80 0 0 FF 0 FF 0 0
ID: 43F, Data: 81 45 60 FF 58 0 0 0
ID: 153, Data: 80 0 0 FF 0 FF 0 0
ID: 153, Data: 80 0 0 FF 0 FF 0 0
ID: 153, Data: 80 0 0 FF 0 FF 0 0
ID: 18F, Data: 8AA 36 0 0 0 0 0 0
ID: 316, Data: 85 25 30 A 25 19 0 7C
ID: 153, Data: 80 0 0 FF 0 FF 0 0
ID: 316, Data: 85 24 2C A 25 19 0 7C
ID: 316, Data: 85 24 2C A 25 19 0 7C
ID: 316, Data: 85 24 23 A 25 19 0 7C
ID: 2A0, Data: 8E0 0 63 1C 3D 0 17 0
ID: 153, Data: 80 0 0 FF 0 FF 0 0
ID: 316, Data: 85 24 20 A 25 19 0 7C
ID: 153, Data: 80 0 0 FF 0 FF 0 0
ID: 316, Data: 85 24 34 A 25 19 0 7C
ID: 370, Data: 8FF DB F0 F0 FF FF FF FF
ID: 153, Data: 80 0 0 FF 0 FF 0 0
ID: 280, Data: 830 0 84 B1 14 1B 63 4E
ID: 316, Data: 85 24 4C A 25 19 0 7C
ID: 43F, Data: 81 45 60 FF 58 0 0 0
ID: 5F0, Data: 20 0
ID: 153, Data: 80 0 0 FF 0 FF 0 0
ID: 153, Data: 80 0 0 FF 0 FF 0 0
ID: A1, Data: 880 7F 7E 80 25 0 0 0
ID: 545, Data: 8DC 20 0 8C BE 0 BE 0
ID: 260, Data: 8B 24 25 30 0 FF 6E 12
ID: 1F1, Data: 80 A0 0 0 0 0 0 0
ID: 1F0, Data: 865 40 B5 BF 0 0 0 0
ID: 370, Data: 8FF DB F0 F0 FF FF FF FF
ID: 153, Data: 80 0 0 FF 0 FF 0 0
ID: 316, Data: 85 24 1D A 25 19 0 7C
ID: 316, Data: 85 24 1F A 25 19 0 7C
ID: 316, Data: 85 24 25 A 25 19 0 7C
ID: 2A0, Data: 840 0 63 1C 3D 0 17 0
ID: 153, Data: 80 0 0 FF 0 FF 0 0
ID: 153, Data: 80 0 0 FF 0 FF 0 0
ID: 153, Data: 80 0 0 FF 0 FF 0 0
ID: 2A0, Data: 840 0 63 1C 3D 0 17 0
ID: 316, Data: 85 24 35 A 25 19 0 7C
ID: 545, Data: 8DC 1E 0 8C C2 0 C2 0
ID: 43F, Data: 81 45 60 FF 58 0 0 0
ID: 43F, Data: 81 45 60 FF 58 0 0 0
ID: 5F0, Data: 20 0
ID: 43F, Data: 81 45 60 FF 59 0 0 0
ID: 370, Data: 8FF DB F0 F0 FF FF FF FF
ID: 5F0, Data: 20 0
ID: 18F, Data: 8AA 36 0 0 0 0 0 0
ID: 2A0, Data: 820 0 63 1C 3D 0 17 0
ID: 316, Data: 85 24 17 A 25 19 0 7C
ID: 545, Data: 8DC 1E 0 89 C3 0 C3 0
ID: 153, Data: 80 0 0 FF 0 FF 0 0
ID: 153, Data: 80 0 0 FF 0 FF 0 0
ID: A1, Data: 87E 7F 7C 80 25 0 0 0
ID: 280, Data: 830 0 84 B1 14 1B 63 4E
ID: 2A0, Data: 880 0 63 1C 3D 0 17 0
ID: 153, Data: 80 0 0 FF 0 FF 0 0
ID: 153, Data: 80 0 0 FF 0 FF 0 0
ID: 370, Data: 8FF DB F0 F0 FF FF FF FF
ID: 5F0, Data: 20 0
ID: 316, Data: 85 24 35 A 25 19 0 7C
ID: 153, Data: 80 0 0 FF 0 FF 0 0
ID: 316, Data: 85 24 45 A 25 19 0 7C
ID: 316, Data: 85 24 4D A 25 19 0 7C
ID: 280, Data: 830 0 84 B1 14 1A 63 4E
ID: A1, Data: 87E 7F 7C 80 25 0 0 0
ID: 153, Data: 80 0 0 FF 0 FF 0 0
ID: 316, Data: 85 24 51 A 25 19 0 7C
ID: 153, Data: 80 0 0 FF 0 FF 0 0
ID: 316, Data: 85 24 2E A 25 19 0 7C
ID: 153, Data: 80 0 0 FF 0 FF 0 0
ID: 153, Data: 80 0 0 FF 0 FF 0 0
ID: 5F0, Data: 20 0
ID: 43F, Data: 81 45 60 FF 59 0 0 0
ID: A1, Data: 87E 7F 7C 80 25 0 0 0
ID: 5F0, Data: 20 0
ID: 153, Data: 80 0 0 FF 0 FF 0 0
ID: 370, Data: 8FF DB F0 F0 FF FF FF FF
ID: 545, Data: 8DC 1F 0 8D C7 0 C7 0
ID: 153, Data: 80 0 0 FF 0 FF 0 0
ID: 316, Data: 85 24 1C A 25 19 0 7C
ID: 440, Data: 8A6 91 0 A0 FF AA AA AA
ID: 316, Data: 85 24 30 A 25 19 0 7C
ID: 153, Data: 80 0 0 FF 0 FF 0 0
ID: 153, Data: 80 0 0 FF 0 FF 0 0
ID: 153, Data: 80 0 0 FF 0 FF 0 0
ID: 545, Data: 8DC 1F 0 8C C2 0 C2 0
ID: 316, Data: 85 24 3D A 25 19 0 7C
ID: 545, Data: 8DC 1F 0 89 BF 0 BF 0
ID: 18F, Data: 8AA 36 0 0 0 0 0 0
ID: 43F, Data: 81 45 60 FF 58 0 0 0
ID: 153, Data: 80 0 0 FF 0 FF 0 0
ID: 43F, Data: 81 45 60 FF 58 0 0 0
ID: 545, Data: 8DC 1E 0 8B C5 0 C5 0
ID: 260, Data: 8B 25 26 30 0 FF 74 37
ID: 153, Data: 80 0 0 FF 0 FF 0 0
ID: 153, Data: 80 0 0 FF 0 FF 0 0
ID: 316, Data: 85 24 21 A 25 19 0 7C
ID: 43F, Data: 81 45 60 FF 59 0 0 0
ID: 43F, Data: 81 45 60 FF 59 0 0 0
ID: 153, Data: 80 0 0 FF 0 FF 0 0
ID: 43F, Data: 81 45 60 FF 59 0 0 0
ID: 153, Data: 80 0 0 FF 0 FF 0 0
ID: 153, Data: 80 0 0 FF 0 FF 0 0
ID: A0, Data: 831 7D 3E A 0 23 2 0
ID: 316, Data: 85 24 35 A 25 19 0 7C
ID: 5F0, Data: 20 0
ID: 2A0, Data: 880 0 63 1C 3D 0 17 0
ID: 280, Data: 830 0 84 B1 14 1A 63 4E
ID: 153, Data: 80 0 0 FF 0 FF 0 0
ID: 153, Data: 80 0 0 FF 0 FF 0 0
ID: 316, Data: 85 24 7 A 26 19 0 7C
ID: 43F, Data: 81 45 60 FF 59 0 0 0
ID: 370, Data: 8FF DB F0 F0 FF FF FF FF
ID: 43F, Data: 81 45 60 FF 59 0 0 0
ID: 153, Data: 80 0 0 FF 0 FF 0 0
ID: 545, Data: 8DC 20 0 8A 38 0 38 0
ID: 370, Data: 8FF DB F0 F0 FF FF FF FF
ID: 280, Data: 830 0 84 B1 14 1C 63 50
ID: 316, Data: 85 26 53 A 2B 22 0 7C
ID: 545, Data: 8DC 22 0 8C 50 0 50 0
ID: 153, Data: 80 0 0 FF 0 FF 0 0
ID: 43F, Data: 81 45 60 FF 59 0 0 0
ID: 153, Data: 80 0 0 FF 0 FF 0 0
ID: 153, Data: 80 0 0 FF 0 FF 0 0
ID: 1F0, Data: 865 40 B5 BF 0 0 0 0
ID: 370, Data: 8FF DB F0 F0 FF FF FF FF
ID: 316, Data: 845 28 74 A 2A 22 0 7C
ID: 316, Data: 845 29 4B A 2B 22 0 7C
ID: 316, Data: 845 29 1F A 2B 22 0 7C
ID: A0, Data: 83B 7D 1F A 0 24 2 0
ID: 43F, Data: 81 45 60 FF 59 0 0 0
ID: 153, Data: 80 0 0 FF 0 FF 0 0
ID: 43F, Data: 81 45 60 FF 59 0 0 0
ID: A1, Data: 881 80 81 80 29 0 0 0
ID: A0, Data: 83B 7D E4 9 0 24 2 0
ID: 153, Data: 80 0 0 FF 0 FF 0 0
ID: 440, Data: 8AD 91 0 A0 FF AA AA AA
ID: 545, Data: 8DC 26 0 8B AB 0 AB 0
ID: 153, Data: 80 0 0 FF 0 FF 0 0
ID: 316, Data: 845 2B 3E A 2B 22 0 7C
ID: 153, Data: 80 0 0 FF 0 FF 0 0
ID: 316, Data: 845 2A 4D A 2A 22 0 7C
ID: 43F, Data: 81 45 60 FF 59 0 0 0
ID: 280, Data: 830 0 84 B1 14 1E 63 55
ID: 2A0, Data: 880 0 63 1C 3D 0 17 0
ID: 153, Data: 80 0 0 FF 0 FF 0 0
ID: 153, Data: 80 0 0 FF 0 FF 0 0
ID: 43F, Data: 81 45 60 FF 59 0 0 0
ID: 5F0, Data: 20 0
ID: 43F, Data: 81 45 60 FF 59 0 0 0
ID: 43F, Data: 81 45 60 FF 59 0 0 0
ID: 153, Data: 80 0 0 FF 0 FF 0 0
ID: 43F, Data: 81 45 60 FF 59 0 0 0
ID: A1, Data: 881 80 81 80 28 0 0 0
ID: 153, Data: 80 0 0 FF 0 FF 0 0
ID: 43F, Data: 81 45 60 FF 59 0 0 0
ID: 260, Data: 8B 2A 2C 30 0 FF 76 2B
ID: 2A0, Data: 8E0 0 63 1C 3D 0 17 0
ID: 316, Data: 845 2A C A 2B 22 0 7C
ID: 316, Data: 845 2A F A 2B 22 0 7C
ID: 316, Data: 845 2A 8 A 2B 21 0 7C
ID: 2A0, Data: 880 0 63 1C 3D 0 17 0
ID: 43F, Data: 81 45 60 FF 59 0 0 0
ID: 43F, Data: 81 45 60 FF 59 0 0 0
ID: 153, Data: 80 0 0 FF 0 FF 0 0
ID: 316, Data: 845 2B B A 2B 21 0 7C
ID: 153, Data: 80 0 0 FF 0 FF 0 0
ID: 153, Data: 80 0 0 FF 0 FF 0 0
ID: 153, Data: 80 0 0 FF 0 FF 0 0
ID: A0, Data: 839 7D 1 A 0 24 2 0
ID: 316, Data: 845 2B 3 A 2B 21 0 7C
ID: 316, Data: 845 2B A A 2B 21 0 7C
ID: 316, Data: 845 2B A A 2B 21 0 7C
ID: 260, Data: 8B 2B 2C 30 0 FF 74 E
ID: 153, Data: 80 0 0 FF 0 FF 0 0
ID: 316, Data: 845 2A FD 9 2C 21 0 7C
ID: 153, Data: 80 0 0 FF 0 FF 0 0
ID: 316, Data: 845 2A 12 A 2B 21 0 7C
ID: 153, Data: 80 0 0 FF 0 FF 0 0
ID: 153, Data: 80 0 0 FF 0 FF 0 0
ID: 316, Data: 845 2A C A 2B 21 0 7C
ID: 43F, Data: 81 45 60 FF 59 0 0 0
ID: 43F, Data: 81 45 60 FF 59 0 0 0
ID: 153, Data: 80 0 0 FF 0 FF 0 0
ID: 5F0, Data: 20 0
ID: 153, Data: 80 0 0 FF 0 FF 0 0
ID: 43F, Data: 81 45 60 FF 59 0 0 0
ID: A0, Data: 837 7D 7 A 0 24 2 0
ID: A0, Data: 837 7D 7 A 0 24 2 0
ID: 280, Data: 830 0 84 B1 13 1E 63 56
ID: 370, Data: 8FF DB F0 F0 FF FF FF FF
ID: 153, Data: 80 0 0 FF 0 FF 0 0
ID: 316, Data: 845 2A DC 9 2C 21 0 7C
ID: 153, Data: 80 0 0 FF 0 FF 0 0
ID: 316, Data: 845 2B DD 9 2C 21 0 7C
ID: 153, Data: 80 0 0 FF 0 FF 0 0
ID: 2A0, Data: 840 0 63 1C 3D 0 17 0
ID: 316, Data: 845 2B 15 A 2C 21 0 7C
ID: 2A0, Data: 880 0 63 1C 3D 0 17 0
ID: 153, Data: 80 0 0 FF 0 FF 0 0
ID: 153, Data: 80 0 0 FF 0 FF 0 0
ID: 316, Data: 845 2B 42 A 2B 21 0 7C
ID: A0, Data: 838 7D 42 A 0 24 2 0
ID: 316, Data: 845 2B 3C A 2B 21 0 7C
ID: 43F, Data: 81 45 60 FF 59 0 0 0
ID: 153, Data: 80 0 0 FF 0 FF 0 0
ID: 316, Data: 845 2A 19 A 2B 21 0 7C
ID: 153, Data: 80 0 0 FF 0 FF 0 0
ID: 43F, Data: 81 45 60 FF 59 0 0 0
ID: 316, Data: 845 2A 13 A 2C 21 0 7C
ID: 316, Data: 845 2A 12 A 2C 21 0 7C
ID: 280, Data: 830 0 84 B1 14 1E 63 56
ID: 370, Data: 8FF DB F0 F0 FF FF FF FF
ID: 316, Data: 845 2A FD 9 2C 21 0 7C
ID: 153, Data: 80 0 0 FF 0 FF 0 0
ID: 153, Data: 80 0 0 FF 0 FF 0 0
ID: 316, Data: 845 2B 0 A 2C 21 0 7C
ID: 153, Data: 80 0 0 FF 0 FF 0 0
ID: 316, Data: 845 2B 5 A 2C 21 0 7C
ID: 153, Data: 80 0 0 FF 0 FF 0 0
ID: 316, Data: 845 2B 12 A 2C 21 0 7C
ID: 5F0, Data: 20 0
ID: 440, Data: 8AD E1 0 A0 FF AA AA AA
ID: 316, Data: 845 2B 14 A 2C 21 0 7C
ID: 2A0, Data: 8E0 0 63 1C 3D 0 17 0
ID: 5F0, Data: 20 0
ID: 153, Data: 80 0 0 FF 0 FF 0 0
ID: 316, Data: 845 2B E7 9 2C 21 0 7C
ID: 5F0, Data: 20 0
ID: 43F, Data: 81 45 60 FF 59 0 0 0
ID: 153, Data: 80 0 0 FF 0 FF 0 0
ID: 316, Data: 845 2B E6 9 2C 21 0 7C
ID: 43F, Data: 81 45 60 FF 59 0 0 0
ID: 316, Data: 845 2B EF 9 2C 21 0 7C
ID: 316, Data: 845 2B F7 9 2C 21 0 7C
ID: 18F, Data: 8AA 41 0 0 0 0 0 0
ID: 316, Data: 845 2B 1C A 2C 21 0 7C
ID: A0, Data: 838 7D 26 A 0 24 2 0
ID: 316, Data: 845 2B 32 A 2C 21 0 7C
ID: 153, Data: 80 0 0 FF 0 FF 0 0
ID: 153, Data: 80 0 0 FF 0 FF 0 0
ID: 316, Data: 845 2A 29 A 2C 22 0 7C
ID: 43F, Data: 81 45 60 FF 59 0 0 0
ID: 43F, Data: 81 45 60 FF 59 0 0 0
ID: 43F, Data: 81 45 60 FF 59 0 0 0
ID: 153, Data: 80 0 0 FF 0 FF 0 0
ID: 316, Data: 845 2A 1 A 2C 21 0 7C
ID: 153, Data: 80 0 0 FF 0 FF 0 0
ID: 316, Data: 845 2A F3 9 2C 21 0 7C
ID: 1F0, Data: 865 40 B5 BF 0 0 0 0
ID: 280, Data: 830 0 84 B1 13 1E 63 56
ID: 545, Data: 8DC 24 0 8A A3 0 A3 0
ID: 153, Data: 80 0 0 FF 0 FF 0 0
ID: 316, Data: 845 2B C A 2C 21 0 7C
ID: 153, Data: 80 0 0 FF 0 FF 0 0
ID: 316, Data: 845 2B 17 A 2C 21 0 7C
ID: 153, Data: 80 0 0 FF 0 FF 0 0
ID: 153, Data: 80 0 0 FF 0 FF 0 0
ID: 316, Data: 845 2B 39 A 2C 22 0 7C
ID: 370, Data: 8FF DB F0 F0 FF FF FF FF
ID: 316, Data: 845 2A 3D A 2C 22 0 7C
ID: 153, Data: 80 0 0 FF 0 FF 0 0
ID: 153, Data: 80 0 0 FF 0 FF 0 0
ID: 316, Data: 845 2A 28 A 2C 21 0 7C
ID: 18F, Data: 8AA 41 0 0 0 0 0 0
ID: 316, Data: 845 2A 1 A 2C 21 0 7C
ID: 153, Data: 80 0 0 FF 0 FF 0 0
ID: 153, Data: 80 0 0 FF 0 FF 0 0
ID: 153, Data: 80 0 0 FF 0 FF 0 0
ID: 260, Data: 8B 2B 2D 30 0 FF 76 38
ID: 316, Data: 845 2B EB 9 2D 21 0 7C
ID: 153, Data: 80 0 0 FF 0 FF 0 0
ID: 316, Data: 845 2B EB 9 2D 21 0 7C
ID: 153, Data: 80 0 0 FF 0 FF 0 0
ID: 153, Data: 80 0 0 FF 0 FF 0 0
ID: 316, Data: 845 2B FD 9 2C 21 0 7C
ID: 440, Data: 8AD 31 0 A0 FF AA AA AA
ID: 316, Data: 845 2B 1D A 2C 21 0 7C
ID: 2A0, Data: 820 0 63 1C 3D 0 17 0
ID: 43F, Data: 81 45 60 FF 59 0 0 0
ID: 5F0, Data: 20 0
ID: 153, Data: 80 0 0 FF 0 FF 0 0
ID: 43F, Data: 81 45 60 FF 59 0 0 0
ID: 5F0, Data: 20 0
ID: 43F, Data: 81 45 60 FF 59 0 0 0
ID: 43F, Data: 81 45 60 FF 59 0 0 0
ID: 43F, Data: 81 45 60 FF 59 0 0 0
ID: 43F, Data: 81 45 60 FF 59 0 0 0
ID: 43F, Data: 81 45 60 FF 59 0 0 0
ID: 1F0, Data: 865 40 B5 BF 0 0 0 0
ID: 153, Data: 80 0 0 FF 0 FF 0 0
ID: 316, Data: 845 2C 10 A 2C 21 0 7C
ID: 153, Data: 80 0 0 FF 0 FF 0 0
ID: 316, Data: 845 2C 26 A 2C 21 0 7C
ID: 153, Data: 80 0 0 FF 0 FF 0 0
ID: 316, Data: 845 2B 41 A 2C 21 0 7C
ID: 316, Data: 845 2B 5B A 2B 21 0 7C
ID: 545, Data: 8DC 26 0 8D AA 0 AA 0
ID: 43F, Data: 81 45 60 FF 59 0 0 0
ID: 153, Data: 80 0 0 FF 0 FF 0 0
ID: 316, Data: 845 2B 45 A 2C 21 0 7C
ID: 153, Data: 80 0 0 FF 0 FF 0 0
ID: 153, Data: 80 0 0 FF 0 FF 0 0
ID: 316, Data: 845 2B 29 A 2C 21 0 7C
ID: 43F, Data: 81 45 60 FF 59 0 0 0
ID: 316, Data: 845 2B 12 A 2C 21 0 7C
ID: 43F, Data: 81 45 60 FF 59 0 0 0
ID: 1F1, Data: 80 A0 0 0 0 0 0 0
ID: 2A0, Data: 820 0 63 1C 3D 0 17 0
ID: 153, Data: 80 0 0 FF 0 FF 0 0
ID: 316, Data: 845 2B 7 A 2D 21 0 7C
ID: 316, Data: 845 2B 7 A 2C 21 0 7C
ID: 316, Data: 845 2B 13 A 2C 21 0 7C
ID: 18F, Data: 8AA 43 0 0 0 0 0 0
ID: 43F, Data: 81 45 60 FF 59 0 0 0
ID: 153, Data: 80 0 0 FF 0 FF 0 0
ID: 153, Data: 80 0 0 FF 0 FF 0 0
ID: 260, Data: 8B 2B 2C 30 0 FF 71 2F
ID: 440, Data: 8AD E1 0 A0 FF AA AA AA
ID: 260, Data: 8B 2B 2C 30 0 FF 71 1
ID: 316, Data: 845 2B 26 A 2C 21 0 7C
ID: 316, Data: 845 2B 2A A 2C 21 0 7C
ID: A0, Data: 838 7D 29 A 0 24 2 0
ID: 43F, Data: 81 45 60 FF 59 0 0 0
ID: 43F, Data: 81 45 60 FF 59 0 0 0
ID: 5F0, Data: 20 0
ID: 153, Data: 80 0 0 FF 0 FF 0 0
ID: 43F, Data: 81 45 60 FF 59 0 0 0
ID: 5F0, Data: 20 0
ID: 43F, Data: 81 45 60 FF 59 0 0 0
ID: 43F, Data: 81 45 60 FF 59 0 0 0
ID: 153, Data: 80 0 0 FF 0 FF 0 0
ID: 43F, Data: 81 45 60 FF 59 0 0 0
ID: A1, Data: 880 80 80 80 29 0 0 0
ID: 153, Data: 80 0 0 FF 0 FF 0 0
ID: 153, Data: 80 0 0 FF 0 FF 0 0
ID: 2A0, Data: 840 0 63 1C 3D 0 17 0
ID: 153, Data: 80 0 0 FF 0 FF 0 0
ID: 2A0, Data: 880 0 63 1C 3D 0 17 0
ID: 316, Data: 845 2B 3C A 2C 21 0 7C
ID: 545, Data: 8DC 24 0 8D A2 0 A2 0
ID: 43F, Data: 81 45 60 FF 59 0 0 0
ID: 43F, Data: 81 45 60 FF 59 0 0 0
ID: 43F, Data: 81 45 60 FF 59 0 0 0
ID: 153, Data: 80 0 0 FF 0 FF 0 0
ID: 5F0, Data: 20 0
ID: 153, Data: 80 0 0 FF 0 FF 0 0
ID: 43F, Data: 81 45 60 FF 59 0 0 0
ID: 5F0, Data: 20 0
ID: 43F, Data: 81 45 60 FF 59 0 0 0
ID: 43F, Data: 81 45 60 FF 59 0 0 0
ID: 5F0, Data: 20 0
ID: 153, Data: 80 0 0 FF 0 FF 0 0
ID: 153, Data: 80 0 0 FF 0 FF 0 0
ID: 260, Data: 8B 2A 25 30 0 FF 74 24
ID: 316, Data: 845 29 2C A 25 19 0 7C
ID: 153, Data: 80 0 0 FF 0 FF 0 0
ID: 43F, Data: 81 45 60 FF 59 0 0 0
ID: 153, Data: 80 0 0 FF 0 FF 0 0
ID: 153, Data: 80 0 0 FF 0 FF 0 0
ID: A1, Data: 880 7F 80 80 27 0 0 0
ID: 329, Data: 8B B1 7F 8 12 2A 0 26
ID: 329, Data: 8B B1 7F 8 12 2A 0 26
ID: 370, Data: 8FF DB F0 F0 FF FF FF FF
ID: 153, Data: 80 0 0 FF 0 FF 0 0
ID: 280, Data: 830 0 84 B1 15 1A 63 4D
ID: 316, Data: 85 24 65 A 24 19 0 7C
ID: 43F, Data: 81 45 60 FF 59 0 0 0
ID: 316, Data: 85 24 49 A 25 19 0 7C
ID: 153, Data: 80 0 0 FF 0 FF 0 0
ID: 316, Data: 85 24 4D A 24 19 0 7C
ID: 153, Data: 80 0 0 FF 0 FF 0 0
ID: 316, Data: 85 24 4C A 24 19 0 7C
ID: 153, Data: 80 0 0 FF 0 FF 0 0
ID: 153, Data: 80 0 0 FF 0 FF 0 0
ID: 43F, Data: 81 45 60 FF 59 0 0 0
ID: 153, Data: 80 0 0 FF 0 FF 0 0
ID: 43F, Data: 81 45 60 FF 59 0 0 0
ID: 18F, Data: 8AA 42 0 0 0 0 0 0
ID: 1F1, Data: 80 A0 0 0 0 0 0 0
ID: 316, Data: 85 24 66 A 24 19 0 7C
ID: 153, Data: 80 0 0 FF 0 FF 0 0
ID: 316, Data: 85 24 55 A 24 19 0 7C
ID: 153, Data: 80 0 0 FF 0 FF 0 0
ID: 316, Data: 85 24 2D A 25 19 0 7C
ID: 153, Data: 80 0 0 FF 0 FF 0 0
ID: 316, Data: 85 24 13 A 25 19 0 7C
ID: 440, Data: 8A6 91 0 A0 FF AA AA AA
ID: 153, Data: 80 0 0 FF 0 FF 0 0
ID: 153, Data: 80 0 0 FF 0 FF 0 0
ID: 280, Data: 830 0 84 B1 14 1B 63 4E
ID: 316, Data: 85 24 25 A 25 19 0 7C
ID: 440, Data: 8A6 91 0 A0 FF AA AA AA
ID: 153, Data: 80 0 0 FF 0 FF 0 0
ID: 316, Data: 85 24 32 A 24 19 0 7C
ID: 153, Data: 80 0 0 FF 0 FF 0 0
ID: 316, Data: 85 24 4B A 24 19 0 7C
ID: 43F, Data: 81 45 60 FF 59 0 0 0
ID: 440, Data: 8A6 91 0 A0 FF AA AA AA
ID: 316, Data: 85 24 42 A 24 19 0 7C
ID: 153, Data: 80 0 0 FF 0 FF 0 0
ID: 316, Data: 85 24 4B A 24 19 0 7C
ID: 153, Data: 80 0 0 FF 0 FF 0 0
ID: 153, Data: 80 0 0 FF 0 FF 0 0
ID: 153, Data: 80 0 0 FF 0 FF 0 0
ID: A1, Data: 87E 7F 7E 80 25 0 0 0
ID: 316, Data: 85 24 F A 25 19 0 7C
ID: 545, Data: 8DC 1F 0 8A C6 0 C6 0
ID: 2A0, Data: 840 0 63 1C 3D 0 17 0
ID: 153, Data: 80 0 0 FF 0 FF 0 0
ID: 153, Data: 80 0 0 FF 0 FF 0 0
ID: 43F, Data: 81 45 60 FF 59 0 0 0
ID: 2A0, Data: 840 0 63 1C 3D 0 17 0
ID: 260, Data: 8B 24 25 30 0 FF 71 3C
ID: 43F, Data: 81 45 60 FF 59 0 0 0
ID: 370, Data: 8FF DB F0 F0 FF FF FF FF
ID: 43F, Data: 81 45 60 FF 59 0 0 0
ID: 153, Data: 80 0 0 FF 0 FF 0 0
ID: 316, Data: 85 24 40 A 24 19 0 7C
ID: 18F, Data: 8AA 3F 0 0 0 0 0 0
ID: 370, Data: 8FF DB F0 F0 FF FF FF FF
ID: 18F, Data: 8AA 3F 0 0 0 0 0 0
ID: 153, Data: 80 0 0 FF 0 FF 0 0
ID: 43F, Data: 81 45 60 FF 59 0 0 0
ID: 153, Data: 80 0 0 FF 0 FF 0 0
ID: 5F0, Data: 20 0
ID: A0, Data: 832 7D F A 0 23 2 0
ID: 2A0, Data: 880 0 63 1C 3D 0 17 0
ID: 316, Data: 85 24 26 A 25 19 0 7C
ID: 153, Data: 80 0 0 FF 0 FF 0 0
ID: 153, Data: 80 0 0 FF 0 FF 0 0
ID: 545, Data: 8DC 1F 0 8D C2 0 C2 0
ID: 370, Data: 8FF DB F0 F0 FF FF FF FF
ID: 370, Data: 8FF DB F0 F0 FF FF FF FF
ID: 316, Data: 85 24 2E A 25 19 0 7C
ID: 153, Data: 80 0 0 FF 0 FF 0 0
ID: 43F, Data: 81 45 60 FF 59 0 0 0
ID: A1, Data: 87E 7F 80 80 25 0 0 0
ID: 5F0, Data: 20 0
ID: A0, Data: 831 7D 24 A 0 23 2 0
ID: 43F, Data: 81 45 60 FF 59 0 0 0
ID: A1, Data: 87E 7F 80 80 25 0 0 0
ID: 153, Data: 80 0 0 FF 0 FF 0 0
ID: 43F, Data: 81 45 60 FF 59 0 0 0
ID: 260, Data: 8B 24 25 30 0 FF 71 F
ID: A0, Data: 832 7D 13 A 0 23 2 0
ID: 316, Data: 85 24 E A 25 19 0 7C
ID: 43F, Data: 81 45 60 FF 59 0 0 0
ID: 370, Data: 8FF DB F0 F0 FF FF FF FF
ID: 153, Data: 80 0 0 FF 0 FF 0 0
ID: 316, Data: 85 24 21 A 25 19 0 7C
ID: 316, Data: 85 24 2D A 25 19 0 7C
ID: 316, Data: 85 24 3D A 24 19 0 7C
ID: 260, Data: 8B 24 25 30 0 FF 71 2D
ID: 153, Data: 80 0 0 FF 0 FF 0 0
ID: 153, Data: 80 0 0 FF 0 FF 0 0
ID: 316, Data: 85 24 3D A 24 19 0 7C
ID: 43F, Data: 81 45 60 FF 59 0 0 0
ID: 440, Data: 8A6 31 0 A0 FF AA AA AA
ID: 43F, Data: 81 45 60 FF 59 0 0 0
ID: 153, Data: 80 0 0 FF 0 FF 0 0
ID: 316, Data: 85 24 25 A 25 19 0 7C
ID: 153, Data: 80 0 0 FF 0 FF 0 0
ID: 280, Data: 830 0 84 B1 14 1A 63 4D
ID: 316, Data: 85 24 1C A 25 19 0 7C
ID: 370, Data: 8FF DB F0 F0 FF FF FF FF
ID: 153, Data: 80 0 0 FF 0 FF 0 0
ID: 545, Data: 8DC 1F 0 8A C1 0 C1 0
ID: 316, Data: 85 24 2D A 25 19 0 7C
ID: 545, Data: 8DC 1F 0 8D C1 0 C1 0
ID: 18F, Data: 8AA 3D 0 0 0 0 0 0
ID: 153, Data: 80 0 0 FF 0 FF 0 0
ID: A1, Data: 880 7F 7E 80 25 0 0 0
ID: 280, Data: 830 0 84 B1 14 1A 63 4E
ID: 2A0, Data: 820 0 63 1C 3D 0 17 0
ID: 316, Data: 85 24 15 A 25 19 0 7C
ID: 316, Data: 85 24 24 A 25 19 0 7C
ID: 316, Data: 85 24 26 A 25 19 0 7C
ID: 260, Data: 8B 24 25 30 0 FF 72 2C
ID: 153, Data: 80 0 0 FF 0 FF 0 0
ID: 316, Data: 85 24 19 A 25 19 0 7C
ID: 153, Data: 80 0 0 FF 0 FF 0 0
ID: 153, Data: 80 0 0 FF 0 FF 0 0
ID: 43F, Data: 81 45 60 FF 59 0 0 0
ID: A0, Data: 831 7D 1B A 0 23 2 0
ID: 5F0, Data: 20 0
ID: A0, Data: 832 7D 2 A 0 23 2 0
ID: 260, Data: 8B 24 25 30 0 FF 74 1B
ID: 316, Data: 85 24 F5 9 25 19 0 7C
ID: A1, Data: 880 7F 7C 80 25 0 0 0
ID: 153, Data: 80 0 0 FF 0 FF 0 0
ID: 43F, Data: 81 45 60 FF 59 0 0 0
ID: 153, Data: 80 0 0 FF 0 FF 0 0
ID: 153, Data: 80 0 0 FF 0 FF 0 0
ID: 260, Data: 8B 25 25 30 0 FF 73 C
ID: 316, Data: 85 24 41 A 24 19 0 7C
ID: 1F0, Data: 865 40 B5 BF 0 0 0 0
ID: 370, Data: 8FF DB F0 F0 FF FF FF FF
ID: 43F, Data: 81 45 60 FF 59 0 0 0
ID: 316, Data: 85 24 28 A 25 19 0 7C
ID: 280, Data: 830 0 84 B1 14 1A 63 4E
ID: A0, Data: 831 7D 20 A 0 23 2 0
ID: 316, Data: 85 24 1B A 25 19 0 7C
ID: 153, Data: 80 0 0 FF 0 FF 0 0
ID: 316, Data: 85 24 13 A 25 19 0 7C
ID: 153, Data: 80 0 0 FF 0 FF 0 0
ID: 316, Data: 85 24 1D A 25 19 0 7C
ID: 1F0, Data: 865 40 B5 BF 0 0 0 0
ID: 153, Data: 80 0 0 FF 0 FF 0 0
ID: 316, Data: 85 24 3C A 25 19 0 7C
ID: 153, Data: 80 0 0 FF 0 FF 0 0
ID: 43F, Data: 81 45 60 FF 59 0 0 0
ID: 153, Data: 80 0 0 FF 0 FF 0 0
ID: 316, Data: 85 24 3C A 24 19 0 7C
ID: 153, Data: 80 0 0 FF 0 FF 0 0
ID: 153, Data: 80 0 0 FF 0 FF 0 0
ID: 316, Data: 85 24 48 A 24 19 0 7C
ID: A1, Data: 881 7F 80 80 25 0 0 0
ID: 43F, Data: 81 45 60 FF 59 0 0 0
ID: 153, Data: 80 0 0 FF 0 FF 0 0
ID: 43F, Data: 81 45 60 FF 59 0 0 0
ID: 153, Data: 80 0 0 FF 0 FF 0 0
ID: 153, Data: 80 0 0 FF 0 FF 0 0
ID: A0, Data: 831 7D 1C A 0 23 2 0
ID: 43F, Data: 81 45 60 FF 59 0 0 0
ID: 316, Data: 85 24 1C A 25 19 0 7C
ID: 316, Data: 85 24 1D A 25 19 0 7C
ID: 545, Data: 8DC 1F 0 89 BF 0 BF 0
ID: 153, Data: 80 0 0 FF 0 FF 0 0
ID: 43F, Data: 81 45 60 FF 59 0 0 0
ID: 5F0, Data: 20 0
ID: 153, Data: 80 0 0 FF 0 FF 0 0
ID: 43F, Data: 81 45 60 FF 59 0 0 0
ID: 329, Data: 884 B1 7F 8 12 2A 0 26
ID: 153, Data: 80 0 0 FF 0 FF 0 0
ID: 153, Data: 80 0 0 FF 0 FF 0 0
ID: A0, Data: 831 7D 2C A 0 23 2 0
ID: 545, Data: 8DC 1F 0 8C C0 0 C0 0
ID: 329, Data: 8B B1 7F 8 12 2A 0 26
ID: 260, Data: 8B 24 25 30 0 FF 70 0
ID: 153, Data: 80 0 0 FF 0 FF 0 0
ID: 153, Data: 80 0 0 FF 0 FF 0 0
ID: 440, Data: 8A6 31 0 A0 FF AA AA AA
ID: 260, Data: 8B 24 25 30 0 FF 73 D
ID: 316, Data: 85 24 1F A 25 19 0 7C
ID: 440, Data: 8A6 31 0 A0 FF AA AA AA
ID: 329, Data: 8B B1 7F 8 12 2A 0 26
ID: 1F0, Data: 865 40 B5 BF 0 0 0 0
ID: 153, Data: 80 0 0 FF 0 FF 0 0
ID: 316, Data: 85 24 1D A 25 19 0 7C
ID: 153, Data: 80 0 0 FF 0 FF 0 0
ID: 316, Data: 85 24 26 A 25 19 0 7C
ID: 43F, Data: 81 45 60 FF 59 0 0 0
ID: 440, Data: 8A6 31 0 A0 FF AA AA AA
ID: 43F, Data: 81 45 60 FF 59 0 0 0
ID: A1, Data: 87E 7F 80 80 25 0 0 0
ID: 545, Data: 8DC 20 0 8D C1 0 C1 0
ID: 153, Data: 80 0 0 FF 0 FF 0 0
ID: 153, Data: 80 0 0 FF 0 FF 0 0
ID: 43F, Data: 81 45 60 FF 59 0 0 0
ID: 2A0, Data: 8E0 0 63 1C 3D 0 17 0
ID: 545, Data: 8DC 1F 0 89 BF 0 BF 0
ID: 5F0, Data: 20 0
ID: 43F, Data: 81 45 60 FF 59 0 0 0
ID: 153, Data: 80 0 0 FF 0 FF 0 0
ID: 43F, Data: 81 45 60 FF 59 0 0 0
ID: 153, Data: 80 0 0 FF 0 FF 0 0
ID: 43F, Data: 81 45 60 FF 59 0 0 0
ID: A0, Data: 830 7D 35 A 0 23 2 0
ID: 153, Data: 80 0 0 FF 0 FF 0 0
ID: 18F, Data: 8AA 3A 0 0 0 0 0 0
ID: 43F, Data: 81 45 60 FF 59 0 0 0
ID: 316, Data: 85 24 53 A 24 19 0 7C
ID: 316, Data: 85 24 51 A 24 19 0 7C
ID: 329, Data: 840 B1 7F 8 12 2A 0 26
ID: A0, Data: 830 7D 49 A 0 23 2 0
ID: 43F, Data: 81 45 60 FF 59 0 0 0
ID: 43F, Data: 81 45 60 FF 59 0 0 0
ID: 153, Data: 80 0 0 FF 0 FF 0 0
ID: 5F0, Data: 20 0
ID: 153, Data: 80 0 0 FF 0 FF 0 0
ID: 18F, Data: 8AA 3A 0 0 0 0 0 0
ID: 545, Data: 8DC 1E 0 8A BC 0 BC 0
ID: 153, Data: 80 0 0 FF 0 FF 0 0
ID: 545, Data: 8DC 1E 0 8A C1 0 C1 0
ID: 370, Data: 8FF DB F0 F0 FF FF FF FF
ID: 280, Data: 830 0 84 B1 14 1A 63 4E
ID: 316, Data: 85 24 A A 25 19 0 7C
ID: 2A0, Data: 880 0 63 1C 3D 0 17 0
ID: 18F, Data: 8AA 39 0 0 0 0 0 0
ID: 43F, Data: 81 45 60 FF 59 0 0 0
ID: 18F, Data: 8AA 39 0 0 0 0 0 0
ID: A0, Data: 831 7D 1F A 0 23 2 0
ID: 329, Data: 840 B1 7F 8 12 2A 0 26
ID: 370, Data: 8FF DB F0 F0 FF FF FF FF
ID: 18F, Data: 8AA 39 0 0 0 0 0 0
ID: 316, Data: 85 24 36 A 24 19 0 7C
ID: 153, Data: 80 0 0 FF 0 FF 0 0
ID: 316, Data: 85 24 1C A 25 19 0 7C
ID: 43F, Data: 81 45 60 FF 59 0 0 0
ID: 153, Data: 80 0 0 FF 0 FF 0 0
ID: 316, Data: 85 24 12 A 25 19 0 7C
ID: 153, Data: 80 0 0 FF 0 FF 0 0
ID: 43F, Data: 81 45 60 FF 59 0 0 0
ID: 316, Data: 85 24 2A A 25 19 0 7C
ID: 153, Data: 80 0 0 FF 0 FF 0 0
ID: 316, Data: 85 24 31 A 25 19 0 7C
ID: 153, Data: 80 0 0 FF 0 FF 0 0
ID: 316, Data: 85 24 2D A 25 19 0 7C
ID: 153, Data: 80 0 0 FF 0 FF 0 0
ID: 316, Data: 85 24 3E A 24 19 0 7C
ID: 43F, Data: 81 45 60 FF 59 0 0 0
ID: 440, Data: 8A6 41 0 A0 FF AA AA AA
ID: 43F, Data: 81 45 60 FF 59 0 0 0
ID: 153, Data: 80 0 0 FF 0 FF 0 0
ID: 316, Data: 85 24 39 A 24 19 0 7C
ID: A1, Data: 881 7F 7E 80 25 0 0 0
ID: 370, Data: 8FF DB F0 F0 FF FF FF FF
ID: 43F, Data: 81 45 60 FF 59 0 0 0
ID: 545, Data: 8DC 1F 0 8A BF 0 BF 0
ID: 153, Data: 80 0 0 FF 0 FF 0 0
ID: 153, Data: 80 0 0 FF 0 FF 0 0
ID: 43F, Data: 81 45 60 FF 59 0 0 0
ID: 316, Data: 85 24 17 A 25 19 0 7C
ID: 316, Data: 85 24 1C A 25 19 0 7C
ID: 18F, Data: 8AA 39 0 0 0 0 0 0
ID: 43F, Data: 81 45 60 FF 59 0 0 0
ID: 2A0, Data: 820 0 63 1C 3D 0 17 0
ID: A0, Data: 831 7D 24 A 0 23 2 0
ID: 153, Data: 80 0 0 FF 0 FF 0 0
ID: 5F0, Data: 20 0
ID: 2A0, Data: 820 0 63 1C 3D 0 17 0
ID: 280, Data: 830 0 84 B1 14 1A 63 4E
ID: A1, Data: 880 7F 80 80 25 0 0 0
ID: 43F, Data: 81 45 60 FF 59 0 0 0
ID: 316, Data: 85 24 31 A 24 19 0 7C
ID: 153, Data: 80 0 0 FF 0 FF 0 0
ID: 316, Data: 85 24 23 A 25 19 0 7C
ID: 153, Data: 80 0 0 FF 0 FF 0 0
ID: 316, Data: 85 24 10 A 25 19 0 7C
ID: 316, Data: 85 24 7 A 25 19 0 7C
ID: 316, Data: 85 24 C A 25 19 0 7C
ID: 280, Data: 830 0 84 B1 14 1A 63 4D
ID: 545, Data: 8DC 1F 0 8B C1 0 C1 0
ID: 316, Data: 85 24 1F A 25 19 0 7C
ID: 316, Data: 85 24 1D A 25 19 0 7C
ID: 316, Data: 85 24 21 A 25 19 0 7C
ID: 260, Data: 8B 24 25 30 0 FF 72 1D
ID: 43F, Data: 81 45 60 FF 59 0 0 0
ID: 43F, Data: 81 45 60 FF 59 0 0 0
ID: 43F, Data: 81 45 60 FF 59 0 0 0
ID: 43F, Data: 81 45 60 FF 59 0 0 0
ID: 316, Data: 85 24 18 A 25 19 0 7C
ID: 153, Data: 80 0 0 FF 0 FF 0 0
ID: 316, Data: 85 24 10 A 25 19 0 7C
ID: 316, Data: 85 24 14 A 25 19 0 7C
ID: 280, Data: 830 0 84 B1 14 1A 63 4D
ID: 153, Data: 80 0 0 FF 0 FF 0 0
ID: 43F, Data: 81 45 60 FF 59 0 0 0
ID: 43F, Data: 81 45 60 FF 59 0 0 0
ID: 153, Data: 80 0 0 FF 0 FF 0 0
ID: 316, Data: 85 24 18 A 25 19 0 7C
ID: 153, Data: 80 0 0 FF 0 FF 0 0
ID: 153, Data: 80 0 0 FF 0 FF 0 0
ID: 153, Data: 80 0 0 FF 0 FF 0 0
ID: A0, Data: 831 7D 13 A 0 23 2 0
ID: 316, Data: 85 24 24 A 25 19 0 7C
ID: 316, Data: 85 24 31 A 24 19 0 7C
ID: 2A0, Data: 8E0 0 63 1C 3D 0 17 0
ID: 153, Data: 80 0 0 FF 0 FF 0 0
ID: 153, Data: 80 0 0 FF 0 FF 0 0
ID: 153, Data: 80 0 0 FF 0 FF 0 0
ID: 280, Data: 830 0 84 B1 14 1A 63 4D
ID: 316, Data: 85 24 35 A 24 19 0 7C
ID: 440, Data: 8A6 41 0 A0 FF AA AA AA
ID: 153, Data: 80 0 0 FF 0 FF 0 0
ID: 316, Data: 85 24 35 A 24 19 0 7C
ID: 153, Data: 80 0 0 FF 0 FF 0 0
ID: 316, Data: 85 24 20 A 25 19 0 7C
ID: 1F1, Data: 80 A0 0 0 0 0 0 0
ID: 316, Data: 85 24 1F A 25 19 0 7C
ID: 5F0, Data: 20 0
ID: 153, Data: 80 0 0 FF 0 FF 0 0
ID: 370, Data: 8FF DB F0 F0 FF FF FF FF
ID: 43F, Data: 81 45 60 FF 59 0 0 0
ID: 545, Data: 8DC 1F 0 8C BF 0 BF 0
ID: 545, Data: 8DC 1F 0 8C BF 0 BF 0
ID: 440, Data: 8A6 E1 0 A0 FF AA AA AA
ID: 153, Data: 80 0 0 FF 0 FF 0 0
ID: 316, Data: 85 24 4B A 24 19 0 7C
ID: 316, Data: 85 24 45 A 24 19 0 7C
ID: 316, Data: 85 24 3E A 24 19 0 7C
ID: A0, Data: 830 7D 4B A 0 23 2 0
ID: 153, Data: 80 0 0 FF 0 FF 0 0
ID: 18F, Data: 8AA 38 0 0 0 0 0 0
ID: 2A0, Data: 840 0 63 1C 3D 0 17 0
ID: 153, Data: 80 0 0 FF 0 FF 0 0
ID: 545, Data: 8DC 1E 0 8A BE 0 BE 0
ID: 316, Data: 85 24 2 A 25 19 0 7C
ID: 545, Data: 8DC 1F 0 89 C0 0 C0 0
ID: 2A0, Data: 8E0 0 63 1C 3D 0 17 0
ID: 43F, Data: 81 45 60 FF 59 0 0 0
ID: 43F, Data: 81 45 60 FF 59 0 0 0
ID: 153, Data: 80 0 0 FF 0 FF 0 0
ID: 5F0, Data: 20 0
ID: 153, Data: 80 0 0 FF 0 FF 0 0
ID: 43F, Data: 81 45 60 FF 59 0 0 0
ID: 260, Data: 8B 24 25 30 0 FF 72 E
ID: 18F, Data: 8AA 38 0 0 0 0 0 0
ID: 153, Data: 80 0 0 FF 0 FF 0 0
ID: 545, Data: 8DC 20 0 8D C1 0 C1 0
ID: 316, Data: 85 24 3D A 24 19 0 7C
ID: 18F, Data: 8AA 37 0 0 0 0 0 0
ID: 43F, Data: 81 45 60 FF 59 0 0 0
ID: 260, Data: 8B 24 25 30 0 FF 70 3D
ID: 260, Data: 8B 24 25 30 0 FF 71 F
ID: 1F1, Data: 80 A0 0 0 0 0 0 0
ID: 153, Data: 80 0 0 FF 0 FF 0 0
ID: 316, Data: 85 24 B A 25 19 0 7C
ID: A0, Data: 832 7D E A 0 23 2 0
ID: 2A0, Data: 820 0 63 1C 3D 0 17 0
ID: 280, Data: 830 0 84 B1 14 1A 63 4E
ID: 260, Data: 8B 24 25 30 0 FF 73 3A
ID: 316, Data: 85 24 0 A 25 19 0 7C
ID: 329, Data: 840 B1 7F 8 12 2A 0 26
ID: 280, Data: 830 0 84 B1 14 1B 63 4E
ID: 153, Data: 80 0 0 FF 0 FF 0 0
ID: 153, Data: 80 0 0 FF 0 FF 0 0
ID: 316, Data: 85 24 34 A 24 19 0 7C
ID: 153, Data: 80 0 0 FF 0 FF 0 0
ID: 316, Data: 85 24 29 A 24 19 0 7C
ID: 153, Data: 80 0 0 FF 0 FF 0 0
ID: 316, Data: 85 24 3A A 24 19 0 7C
ID: 153, Data: 80 0 0 FF 0 FF 0 0
ID: 43F, Data: 81 45 60 FF 59 0 0 0
ID: 5F0, Data: 20 0
ID: 153, Data: 80 0 0 FF 0 FF 0 0
ID: 153, Data: 80 0 0 FF 0 FF 0 0
ID: 18F, Data: 8AA 37 0 0 0 0 0 0
ID: 316, Data: 85 24 15 A 25 19 0 7C
ID: 1F0, Data: 865 40 B5 BF 0 0 0 0
ID: 316, Data: 85 24 13 A 25 19 0 7C
ID: 329, Data: 840 B1 7F 8 12 2A 0 26
ID: 260, Data: 8B 24 25 30 0 FF 73 3A
ID: 316, Data: 85 24 32 A 25 19 0 7C
ID: 316, Data: 85 24 32 A 25 19 0 7C
ID: 280, Data: 830 0 84 B1 14 1A 63 4E
ID: A1, Data: 880 7F 80 80 25 0 0 0
ID: 43F, Data: 81 45 60 FF 59 0 0 0
ID: 43F, Data: 81 45 60 FF 59 0 0 0
ID: 316, Data: 85 24 42 A 24 19 0 7C
ID: 316, Data: 85 24 47 A 24 19 0 7C
ID: 545, Data: 8DC 20 0 8C BA 0 BA 0
ID: A0, Data: 830 7D 42 A 0 23 2 0
ID: 43F, Data: 81 45 60 FF 59 0 0 0
ID: 43F, Data: 81 45 60 FF 59 0 0 0
ID: 43F, Data: 81 45 60 FF 59 0 0 0
ID: 153, Data: 80 0 0 FF 0 FF 0 0
ID: 5F0, Data: 20 0
ID: 153, Data: 80 0 0 FF 0 FF 0 0
ID: 43F, Data: 81 45 60 FF 59 0 0 0
ID: 545, Data: 8DC 1E 0 89 C3 0 C3 0
ID: 545, Data: 8DC 1E 0 8A C4 0 C4 0
ID: 153, Data: 80 0 0 FF 0 FF 0 0
ID: 153, Data: 80 0 0 FF 0 FF 0 0
ID: 18F, Data: 8AA 37 0 0 0 0 0 0
ID: 2A0, Data: 840 0 63 1C 3D 0 17 0
ID: 316, Data: 85 24 30 A 25 19 0 7C
ID: 545, Data: 8DC 1F 0 8C C3 0 C3 0
ID: 43F, Data: 81 45 60 FF 59 0 0 0
ID: 43F, Data: 81 45 60 FF 59 0 0 0
ID: 153, Data: 80 0 0 FF 0 FF 0 0
ID: 43F, Data: 81 45 60 FF 59 0 0 0
ID: 153, Data: 80 0 0 FF 0 FF 0 0
ID: 153, Data: 80 0 0 FF 0 FF 0 0
ID: 18F, Data: 8AA 37 0 0 0 0 0 0
ID: 329, Data: 8B B1 7F 8 12 2A 0 26
ID: 316, Data: 85 24 FC 9 25 19 0 7C
ID: 329, Data: 840 B1 7F 8 12 2A 0 26
ID: 18F, Data: 8AA 37 0 0 0 0 0 0
ID: 43F, Data: 81 45 60 FF 59 0 0 0
ID: 43F, Data: 81 45 60 FF 59 0 0 0
ID: 43F, Data: 81 45 60 FF 59 0 0 0
ID: 153, Data: 80 0 0 FF 0 FF 0 0
ID: 5F0, Data: 20 0
ID: 153, Data: 80 0 0 FF 0 FF 0 0
ID: A1, Data: 87E 7F 80 80 26 0 0 0
ID: 329, Data: 840 B1 7F 8 11 2B C 26
ID: 545, Data: 8DC 22 0 8D 52 1 52 1
ID: 153, Data: 80 0 0 FF 0 FF 0 0
ID: 153, Data: 80 0 0 FF 0 FF 0 0
ID: 316, Data: 85 38 37 B 59 19 0 7C
ID: 18F, Data: 8AA 37 0 0 0 0 0 0
ID: 370, Data: 8FF DB F0 F0 FF FF FF FF
ID: 18F, Data: 8AA 37 0 0 0 0 0 0
ID: 153, Data: 80 0 0 FF 0 FF 0 0
ID: 43F, Data: 81 45 60 FF 59 AC 3 0
ID: 153, Data: 80 0 0 FF 0 FF 0 0
ID: 43F, Data: 81 45 60 FF 59 84 4 0
ID: 153, Data: 80 0 0 FF 0 FF 0 0
ID: 316, Data: 85 47 61 10 58 16 1 7C
ID: A1, Data: 881 7A 81 7C 33 0 0 0
ID: 153, Data: 80 0 0 FF 0 FF 0 0
ID: 316, Data: 85 49 77 12 55 14 2 7C
ID: 153, Data: 80 0 0 FF 0 FF 0 0
ID: 316, Data: 85 4C 5C 13 54 14 2 7C
ID: 370, Data: 8FF DB F0 FF FF FF FF FF
ID: 153, Data: 80 0 0 FF 0 FF 0 0
ID: 316, Data: 85 4D D5 14 52 14 3 7C
ID: 153, Data: 80 0 0 FF 0 FF 0 0
ID: 316, Data: 85 4B 7B 15 51 14 4 7C
ID: 153, Data: 80 0 0 FF 0 FF 0 0
ID: 153, Data: 80 0 0 FF 0 FF 0 0
ID: 316, Data: 85 4A 2C 16 54 13 5 7C
ID: 43F, Data: 81 48 60 FF 59 9C D 0
ID: 43F, Data: 81 48 60 FF 59 44 E 0
ID: 440, Data: 8EC 41 6 A0 FF AA AA AA
ID: 153, Data: 80 0 0 FF 0 FF 0 0
ID: 316, Data: 85 4E 33 17 5B 13 7 7C
ID: 43F, Data: 81 48 60 FF 59 EC 10 0
ID: 316, Data: 85 51 9 18 5C 12 7 7C
ID: 316, Data: 85 52 82 18 5D 12 8 7C
ID: 280, Data: 830 0 88 B1 31 34 63 8A
ID: 43F, Data: 81 48 60 FF 59 DC 13 0
ID: 316, Data: 85 55 2D 1A 5C 12 9 7C
ID: A1, Data: 882 7C 80 7F 41 0 0 0
ID: 1F1, Data: 80 C2 57 60 5 59 90 5
ID: 153, Data: 80 0 0 FF 0 FF 0 0
ID: 316, Data: 85 54 21 1C 5A 12 A 7C
ID: 43F, Data: 81 48 60 FF 59 B4 17 0
ID: 316, Data: 85 54 B1 1C 59 12 B 7C
ID: 153, Data: 80 0 0 FF 0 FF 0 0
ID: 5F0, Data: 20 0
ID: 153, Data: 80 0 0 FF 0 FF 0 0
ID: 153, Data: 80 0 0 FF 0 FF 0 0
ID: 329, Data: 8ED B1 7F 8 11 44 29 26
ID: 153, Data: 80 0 0 FF 0 FF 0 0
ID: 153, Data: 80 0 0 FF 0 FF 0 0
ID: 280, Data: 830 0 88 B1 41 37 63 89
ID: 316, Data: 85 59 47 21 5E 1C E 7C
ID: 43F, Data: 81 48 60 FF 59 94 1E 0
ID: 153, Data: 80 0 0 FF 0 FF 0 0
ID: 280, Data: 830 0 88 B1 45 35 63 85
ID: 370, Data: 8FF DB F0 FF FF FF FF FF
ID: 316, Data: 845 56 16 23 5C 1C F 7C
ID: 316, Data: 845 56 55 23 5C 1D 10 7C
ID: 43F, Data: 81 48 60 FF 59 A8 21 0
ID: 316, Data: 845 56 6E 24 5D 1D 10 7C
ID: 153, Data: 80 0 0 FF 0 FF 0 0
ID: 153, Data: 80 0 0 FF 0 FF 0 0
ID: 316, Data: 845 54 63 26 5B 1D 11 7C
ID: 153, Data: 80 0 0 FF 0 FF 0 0
ID: 280, Data: 830 0 88 B1 4E 33 63 7E
ID: 316, Data: 845 54 C2 27 5A 1E 12 7C
ID: A0, Data: 85F 7D 4A 27 12 3D 2 0
ID: 316, Data: 845 54 67 28 5A 1E 13 7C
ID: 545, Data: 8DC F6 0 8A B1 3 B1 3
ID: 5F0, Data: 20 0
ID: 316, Data: 845 53 7E 29 59 1E 13 7C
ID: 43F, Data: 81 48 60 FF 59 F4 27 0
ID: 153, Data: 80 0 0 FF 0 FF 0 0
ID: 153, Data: 80 0 0 FF 0 FF 0 0
ID: 316, Data: 845 52 1A 2B 58 1F 14 7C
ID: 43F, Data: 81 48 60 FF 59 B8 29 0
ID: 316, Data: 845 51 C3 2B 57 1F 15 7C
ID: A0, Data: 85A 7D F4 2B 15 3D 2 0
ID: 153, Data: 80 0 0 FF 0 FF 0 0
ID: 316, Data: 845 51 BE 2C 58 1F 16 7C
ID: 316, Data: 845 50 25 2D 5A 20 16 7C
ID: 43F, Data: 81 48 60 FF 59 EC 2B 0
ID: 316, Data: 845 53 FA 2D 60 20 16 7C
ID: 153, Data: 80 0 0 FF 0 FF 0 0
ID: 316, Data: 845 57 F2 2E 5F 20 17 7C
ID: 316, Data: 845 58 81 2F 5F 20 17 7C
ID: 43F, Data: 81 48 60 FF 59 3C 2E 0
ID: 316, Data: 845 5A 8B 30 5E 20 17 7C
ID: 18F, Data: 8AA 3A 0 0 0 0 0 0
ID: 153, Data: 80 0 0 FF 0 FF 0 0
ID: 5F0, Data: 20 0
ID: 153, Data: 80 0 0 FF 0 FF 0 0
ID: 153, Data: 80 0 0 FF 0 FF 0 0
ID: 280, Data: 830 0 88 B1 64 34 63 7A
ID: 316, Data: 845 57 C2 32 5C 21 19 7C
ID: 153, Data: 80 0 0 FF 0 FF 0 0
ID: 316, Data: 845 56 AD 33 5B 21 1A 7C
ID: 316, Data: 845 56 38 34 5B 21 1A 7C
ID: A1, Data: 87D 7D 81 7D 39 0 0 0
ID: 316, Data: 845 55 31 35 5A 22 1A 7C
ID: 316, Data: 845 55 79 35 5A 22 1A 7C
ID: 316, Data: 845 55 C3 35 59 22 1B 7C
ID: 280, Data: 830 0 88 B1 6C 33 63 76
ID: 153, Data: 80 0 0 FF 0 FF 0 0
ID: 545, Data: 8DC 5E 1 8A 86 3 86 3
ID: 316, Data: 845 54 3F 37 58 22 1C 7C
ID: 2A0, Data: 8C1 1F 63 1C 3D 0 17 0
ID: 316, Data: 845 54 7F 38 57 22 1C 7C
ID: 545, Data: 8DC 5D 1 8A 73 3 73 3
ID: 316, Data: 845 54 24 39 57 23 1D 7C
ID: 316, Data: 845 54 4E 39 56 23 1D 7C
ID: 153, Data: 80 0 0 FF 0 FF 0 0
ID: 370, Data: 8FF DA F0 FF FF FF FF FF
ID: 316, Data: 845 55 7A 3A 56 23 1D 7C
ID: 153, Data: 80 0 0 FF 0 FF 0 0
ID: 329, Data: 8ED B1 7F 8 11 4D 31 26
ID: 316, Data: 845 54 B3 3B 55 24 1E 7C
ID: 18F, Data: 8AA 3F 0 0 0 0 0 0
ID: 316, Data: 845 53 F 3C 55 24 1E 7C
ID: 153, Data: 80 0 0 FF 0 FF 0 0
ID: 260, Data: 8B 55 55 30 0 FF B8 1C
ID: 316, Data: 845 54 F9 3C 55 25 1F 7C
ID: A1, Data: 881 7D 86 79 33 0 0 0
ID: 316, Data: 845 54 29 3D 54 25 1F 7C
ID: 440, Data: 8FE 91 1E A0 FF AA AA AA
ID: 316, Data: 845 55 59 3D 54 25 20 7C
ID: 316, Data: 845 55 29 3D 54 25 20 7C
ID: 153, Data: 80 0 0 FF 0 FF 0 0
ID: 153, Data: 80 0 0 FF 0 FF 0 0
ID: 280, Data: 830 0 88 B0 6C 36 63 73
ID: 370, Data: 8FF DA F0 FF FF FF FF FF
ID: A1, Data: 883 7D 8A 79 36 0 0 0
ID: 316, Data: 845 3C D6 2E 5F 20 21 7C
ID: 316, Data: 845 3D 3F 2D 61 1F 21 7C
ID: 43F, Data: 8A 48 60 65 59 F0 28 0
ID: 2A0, Data: 8A1 25 63 1C 3D 0 17 0
ID: 316, Data: 845 67 68 29 65 1E 21 7C
ID: 316, Data: 845 69 BB 28 65 1E 22 7C
ID: 440, Data: 8FE 41 21 A0 FF AA AA AA
ID: 316, Data: 845 68 14 28 66 1D 22 7C
ID: 153, Data: 80 0 0 FF 0 FF 0 0
ID: 1F0, Data: 8A0 40 B5 BF 0 0 0 0
ID: 316, Data: 845 65 3C 29 65 1E 23 7C
ID: 153, Data: 80 0 0 FF 0 FF 0 0
ID: 316, Data: 845 63 AA 29 64 1E 23 7C
ID: 43F, Data: 8A 48 60 FF 59 64 27 0
ID: 316, Data: 845 61 1A 2A 64 1E 24 7C
ID: 5F0, Data: 20 0
ID: 316, Data: 845 60 76 2A 6C 1E 24 7C
ID: 316, Data: 845 60 76 2A 73 1E 24 7C
ID: 153, Data: 80 0 0 FF 0 FF 0 0
ID: 316, Data: 845 7D 1A 2B 9D 1E 25 7C
ID: 316, Data: 845 8F 26 2C AD 1D 25 7C
ID: 43F, Data: 82 48 60 FF 59 80 2A 0
ID: 316, Data: 845 AF C7 30 AE 1E 26 7C
ID: 153, Data: 80 0 0 FF 0 FF 0 0
ID: 316, Data: 845 B9 20 32 AF 1F 27 7C
ID: 316, Data: 845 B8 C0 31 B1 1F 27 7C
ID: 370, Data: 8FF DA F0 FF FF FF FF FF
ID: 316, Data: 845 B2 42 31 BC 1F 28 7C
ID: 153, Data: 80 0 0 FF 0 FF 0 0
ID: 316, Data: 845 B4 F2 33 C7 20 29 7C
ID: 316, Data: 845 BD E8 34 CF 20 2A 7C
ID: 153, Data: 80 0 0 FF 0 FF 0 0
ID: 280, Data: 830 0 88 AF 6C 77 63 CE
ID: 316, Data: 845 CB A5 36 D6 20 2B 7C
ID: 43F, Data: 82 48 60 FF 59 1C 32 0
ID: 43F, Data: 82 48 60 FF 59 E0 32 0
ID: 2A0, Data: 81 38 63 1C 3D 0 17 0
ID: 153, Data: 80 0 0 FF 0 FF 0 0
ID: 316, Data: 845 CE F8 39 DD 22 2E 7C
ID: 153, Data: 80 0 0 FF 0 FF 0 0
ID: 2A0, Data: 8A1 3D 63 1C 3D 0 17 0
ID: 316, Data: 845 CD B3 3B DC 22 30 7C
ID: 2A0, Data: 861 3F 63 1C 3D 0 17 0
ID: 316, Data: 845 CE 29 3D DA 23 31 7C
ID: 260, Data: 8B CF DC 30 0 FF 96 2F
ID: 316, Data: 845 CE 1C 3E D9 23 32 7C
ID: 545, Data: 8DC 5 4 8A D8 B D8 B
ID: 153, Data: 80 0 0 FF 0 FF 0 0
ID: 316, Data: 845 D0 B1 3F D7 24 34 7C
ID: 5F0, Data: 20 0
ID: 153, Data: 80 0 0 FF 0 FF 0 0
ID: 280, Data: 830 0 88 AE 82 7E 63 CE
ID: 316, Data: 845 D4 5C 41 D6 24 36 7C
ID: 43F, Data: 8B 48 60 FF 59 94 3D 0
ID: 153, Data: 80 0 0 FF 0 FF 0 0
ID: A0, Data: 8F5 7A CA 41 37 9A 2 0
ID: 316, Data: 845 D8 AA 42 E4 24 38 7C
ID: 1F1, Data: 80 69 B9 1 1C CE 21 1D
ID: 43F, Data: 8B 48 60 A9 59 40 3D 0
ID: 2A0, Data: 861 52 63 1C 3D 0 17 0
ID: 440, Data: 8FE D2 39 A0 FF AA AA AA
ID: 316, Data: 845 98 66 37 DF 21 3A 7C
ID: A1, Data: 882 7F 85 7D 63 0 0 0
ID: 440, Data: 8FE 22 3A A0 FF AA AA AA
ID: 316, Data: 845 CB E0 31 DE 1F 3B 7C
ID: 5F0, Data: 20 0
ID: 18F, Data: 8AA 41 0 0 0 0 0 0
ID: 153, Data: 80 0 0 FF 0 FF 0 0
ID: 316, Data: 845 D2 C2 32 DE 1F 3C 7C
ID: 153, Data: 80 0 0 FF 0 FF 0 0
ID: 153, Data: 80 0 0 FF 0 FF 0 0
ID: 280, Data: 830 0 88 AE 66 7D 62 D5
ID: 316, Data: 845 D1 8B 33 DF 1F 3E 7C
ID: 153, Data: 80 0 0 FF 0 FF 0 0
ID: 153, Data: 80 0 0 FF 0 FF 0 0
ID: 316, Data: 845 D3 38 34 DF 20 3F 7C
ID: 153, Data: 80 0 0 FF 0 FF 0 0
ID: 316, Data: 845 D2 C5 34 DF 20 40 7C
ID: 316, Data: 845 D0 E8 34 DF 20 41 7C
ID: 43F, Data: 83 48 60 FF 59 D8 2F 0
ID: 545, Data: 8DC 91 3 8D 3D C 3D C
ID: 153, Data: 80 0 0 FF 0 FF 0 0
ID: 153, Data: 80 0 0 FF 0 FF 0 0
ID: 153, Data: 80 0 0 FF 0 FF 0 0
ID: 440, Data: 8FE 13 43 A0 FF AA AA AA
ID: 316, Data: 845 D1 CB 36 DF 21 44 7C
ID: 153, Data: 80 0 0 FF 0 FF 0 0
ID: 260, Data: 8B D3 E1 30 0 FF 94 35
ID: 316, Data: 845 D1 B5 37 DF 21 45 7C
ID: A1, Data: 884 7F 87 7E 64 0 0 0
ID: 316, Data: 845 D0 2E 38 DF 21 46 7C
ID: 316, Data: 845 D1 A8 38 DF 22 46 7C
ID: 153, Data: 80 0 0 FF 0 FF 0 0
ID: 2A0, Data: 861 77 62 1C 3D 0 17 0
ID: 316, Data: 845 D1 78 39 E0 22 48 7C
ID: A1, Data: 885 7F 87 7E 64 0 0 0
ID: 316, Data: 845 D1 F8 39 E0 22 48 7C
ID: 316, Data: 845 D1 23 3A E0 22 49 7C
ID: 316, Data: 85 D1 A6 3A E0 22 49 7C
ID: 280, Data: 830 0 88 AD 76 7E 61 D2
ID: 43F, Data: 83 48 60 FF 59 A4 36 0
ID: 43F, Data: 83 48 60 FF 59 D0 36 0
ID: 43F, Data: 83 48 60 FF 59 10 37 0
ID: 316, Data: 85 CF F 3C E0 23 4C 7C
ID: 316, Data: 85 D4 6C 3C E0 23 4C 7C
ID: A1, Data: 884 7F 86 7E 65 0 0 0
ID: 43F, Data: 83 48 60 FF 59 88 38 0
ID: 316, Data: 85 D2 59 3D E1 24 4D 7C
ID: 329, Data: 8ED AC 7F 8 11 D6 CF 26
ID: 316, Data: 85 D2 EB 3D E1 24 4E 7D
ID: 316, Data: 85 D2 4E 3E E1 24 4F 7D
ID: 43F, Data: 83 48 60 FF 59 24 3A 0
ID: 440, Data: 8FE 63 50 A0 FF AA AA AA
ID: 260, Data: 8B D5 E3 30 0 FF 94 22
ID: 316, Data: 85 D4 7D 3F E2 1B 51 7D
ID: A0, Data: 8F0 79 7D 3F 52 BF 2 0
ID: 43F, Data: 8C 48 60 FF 59 DC 3B 0
ID: 370, Data: 8FF D4 F0 FF FF FF FF FF
ID: 545, Data: 8DC 55 4 8D F0 C F0 C
ID: 316, Data: 85 D8 4F 40 E3 1B 53 7D
ID: 316, Data: 85 D7 B9 40 E4 1B 53 7D
ID: 43F, Data: 8C 48 60 FF 59 50 3D 0
ID: 316, Data: 85 D7 25 41 E4 1B 54 7D
ID: A0, Data: 8F7 79 B9 40 54 BF 2 0
ID: 316, Data: 85 D9 92 41 E5 1B 55 7D
ID: 316, Data: 85 DA 92 41 E5 1B 56 7D
ID: 43F, Data: 8C 48 60 FF 59 68 3E 0
ID: 316, Data: 85 D8 EF 40 E4 1B 56 7D
ID: 545, Data: 8E4 23 4 8D 33 C 34 D
ID: 153, Data: 80 0 0 FF 0 FF 0 0
ID: 316, Data: 85 B4 5 38 E0 18 58 7D
ID: 153, Data: 80 0 0 FF 0 FF 0 0
ID: 5F0, Data: 20 0
ID: 1F0, Data: 869 40 B5 BF 0 0 0 0
ID: 316, Data: 85 CD 5B 34 E0 16 59 7D
ID: 5F0, Data: 20 0
ID: 153, Data: 80 0 0 FF 0 FF 0 0
ID: 329, Data: 840 AC 80 8 11 CB BF 26
ID: 316, Data: 85 D2 8B 33 E0 16 5A 7D
ID: 370, Data: 8FF D4 F0 FF FF FF FF FF
ID: 153, Data: 80 0 0 FF 0 FF 0 0
ID: A0, Data: 8EE 79 15 34 5B B2 2 0
ID: 2A0, Data: 861 9E 60 1C 3D 0 17 0
ID: A0, Data: 8EE 79 15 34 5B B2 2 0
ID: 316, Data: 85 D1 F2 33 E0 16 5C 7D
ID: 153, Data: 80 0 0 FF 0 FF 0 0
ID: 43F, Data: 844 48 60 FF 5A AC 32 0
ID: 545, Data: 8E4 81 3 8D F2 C F2 C
ID: 43F, Data: 844 48 60 FF 5A 4 33 0
ID: 440, Data: 8FE 34 5E A0 FF AA AA AA
ID: 280, Data: 830 0 88 AC 68 7D 60 D2
ID: 316, Data: 85 D1 7E 34 E0 17 5E 7D
ID: 2A0, Data: 81 9E 60 1C 3D 0 17 0
ID: 153, Data: 80 0 0 FF 0 FF 0 0
ID: 316, Data: 85 D1 C 35 DF 17 5F 7D
ID: 43F, Data: 844 48 60 FF 5A 3C 34 0
ID: 316, Data: 85 CF E8 34 C7 17 60 7D
ID: 153, Data: 80 0 0 FF 0 FF 0 0
ID: 153, Data: 80 0 0 FF 0 FF 0 0
ID: 316, Data: 85 C7 9E 35 BF 17 61 7D
ID: 440, Data: 8FE 44 61 A0 FF AA AA AA
ID: 316, Data: 85 BF 55 35 BF 17 61 7D
ID: 153, Data: 80 0 0 FF 0 FF 0 0
ID: 1F1, Data: 80 B0 A 73 30 1D 23 32
ID: 316, Data: 85 B9 E8 35 BF 18 62 7D
ID: 329, Data: 884 AC 80 8 11 78 6F 26
ID: 153, Data: 80 0 0 FF 0 FF 0 0
ID: 316, Data: 85 BA 33 36 BA 18 63 7D
ID: 153, Data: 80 0 0 FF 0 FF 0 0
ID: 18F, Data: 8AA 35 0 0 0 0 0 0
ID: 316, Data: 85 B5 CB 36 B7 18 64 7D
ID: 43F, Data: 884 48 60 FF 5A C0 36 0
ID: 260, Data: 8B B5 B3 30 0 FF 95 8
ID: 153, Data: 80 0 0 FF 0 FF 0 0
ID: 316, Data: 85 AB 3F 37 8C 18 65 7E
ID: 153, Data: 80 0 0 FF 0 FF 0 0
ID: 1F1, Data: 80 BE 24 3 32 38 D3 33
ID: 316, Data: 85 83 3F 37 77 18 66 7E
ID: 260, Data: 8B 7E 78 30 0 FF A2 31
ID: 316, Data: 85 77 8E 37 77 18 66 7E
ID: 329, Data: 840 AC 80 8 11 56 44 26
ID: 440, Data: 8E7 E4 66 A0 FF AA AA AA
ID: 316, Data: 85 72 B5 37 77 18 66 7E
ID: 153, Data: 80 0 0 FF 0 FF 0 0
ID: 316, Data: 85 74 DD 37 77 19 67 7E
ID: 316, Data: 85 74 DD 37 77 19 67 7E
ID: A1, Data: 87F 7D 81 7D 48 0 0 0
ID: 316, Data: 85 74 DD 37 77 19 67 7E
ID: 316, Data: 85 75 B5 37 77 18 67 7E
ID: A0, Data: 883 79 5 38 68 4C 2 0
ID: 316, Data: 85 75 56 38 82 19 67 7E
ID: 153, Data: 80 0 0 FF 0 FF 0 0
ID: 18F, Data: 8AA 34 0 0 0 0 0 0
ID: 316, Data: 85 7F 56 38 85 19 68 7E
ID: 5F0, Data: 20 0
ID: A1, Data: 87E 7F 81 7F 4F 0 0 0
ID: 2A0, Data: 81 80 5F 1C 3D 0 17 0
ID: A1, Data: 87E 7F 81 7F 4F 0 0 0
ID: 43F, Data: 84D 48 60 7A 5B 14 2E 0
ID: 43F, Data: 84D 48 60 92 5B 98 2C 0
ID: 316, Data: 85 91 F1 2C 90 15 69 7E
ID: 153, Data: 80 0 0 FF 0 FF 0 0
ID: 316, Data: 85 93 3F 2C 91 14 69 7E
ID: 5F0, Data: 20 0
ID: 2A0, Data: 8C1 7B 5F 1C 3D 0 17 0
ID: 329, Data: 840 AC 80 8 11 59 50 26
ID: 1F1, Data: 80 14 42 F3 33 53 93 35
ID: 5F0, Data: 20 0
ID: 18F, Data: 8AA 33 0 0 0 0 0 0
ID: A0, Data: 8A8 7A A4 2C 6A 50 2 0
ID: 316, Data: 85 97 BE 2C 9A 14 6A 7E
ID: A0, Data: 8A8 7A A4 2C 6A 50 2 0
ID: 153, Data: 80 0 0 FF 0 FF 0 0
ID: 316, Data: 85 99 BE 2C 9A 14 6A 7E
ID: 153, Data: 80 0 0 FF 0 FF 0 0
ID: 280, Data: 830 0 88 AC 59 5B 5F AF
ID: 43F, Data: 845 48 60 FF 5A EC 2B 0
ID: 153, Data: 80 0 0 FF 0 FF 0 0
ID: 316, Data: 85 92 25 2D 7C 15 6B 7E
ID: 153, Data: 80 0 0 FF 0 FF 0 0
ID: 153, Data: 80 0 0 FF 0 FF 0 0
ID: 316, Data: 85 6D 71 2C 19 15 6B 7E
ID: 43F, Data: 845 48 60 FF 5A FC 2B 0
ID: 2A0, Data: 880 6F 5F 1C 3D 0 17 0
ID: 153, Data: 80 0 0 FF 0 FF 0 0
ID: 316, Data: 85 2C D 2C D 1A 6B 7E
ID: 5F0, Data: 20 0
ID: 153, Data: 80 0 0 FF 0 FF 0 0
ID: 316, Data: 85 20 F4 2B E 1B 6B 7E
ID: 5F0, Data: 20 0
ID: 316, Data: 85 1D C3 2B 2D 1B 6B 7E
ID: 43F, Data: 885 48 60 FF 5A B4 2B 0
ID: 43F, Data: 885 48 60 FF 5A D4 2B 0
ID: 153, Data: 80 0 0 FF 0 FF 0 0
ID: 18F, Data: 8AA 33 0 0 0 0 0 0
ID: 316, Data: 85 32 3F 2C 4E 1A 6B 7E
ID: 316, Data: 85 37 BE 2C 51 1A 6B 7E
ID: 18F, Data: 8AA 33 0 0 0 0 0 0
ID: 153, Data: 80 0 0 FF 0 FF 0 0
ID: 316, Data: 85 43 DF 2D 4F 18 6B 7E
ID: A0, Data: 855 7A 74 2D 6C 3D 2 0
ID: 153, Data: 80 0 0 FF 0 FF 0 0
ID: 316, Data: 85 48 3F 2D 51 17 6B 7E
ID: 153, Data: 80 0 0 FF 0 FF 0 0
ID: A0, Data: 858 7A 3F 2D 6C 3D 2 0
ID: 316, Data: 85 4C 25 2D 56 17 6B 7E
ID: 18F, Data: 8AA 32 0 0 0 0 0 0
ID: 316, Data: 85 50 F1 2C 5B 17 6B 7E
ID: 5F0, Data: 20 0
ID: 316, Data: 85 55 F1 2C 5C 16 6B 7E
ID: 153, Data: 80 0 0 FF 0 FF 0 0
ID: 153, Data: 80 0 0 FF 0 FF 0 0
ID: 280, Data: 830 0 88 AD 59 35 5F 7C
ID: 316, Data: 85 5A A4 2C 53 16 6B 7E
ID: 153, Data: 80 0 0 FF 0 FF 0 0
ID: 153, Data: 80 0 0 FF 0 FF 0 0
ID: 43F, Data: 885 48 60 FF 5A 0 2C 0
ID: 153, Data: 80 0 0 FF 0 FF 0 0
ID: 43F, Data: 885 48 60 FF 5A 0 2C 0
ID: 153, Data: 80 0 0 FF 0 FF 0 0
ID: 153, Data: 80 0 0 FF 0 FF 0 0
ID: 5F0, Data: 20 0
ID: A0, Data: 850 7B D 2C 6C 3B 2 0
ID: 153, Data: 80 0 0 FF 0 FF 0 0
ID: 5F0, Data: 20 0
ID: 2A0, Data: 8C1 4F 5F 1C 3D 0 17 0
ID: 545, Data: 8E4 D2 0 8D CB 2 CB 2
ID: 43F, Data: 885 48 60 FF 5A D8 2B 0
ID: 153, Data: 80 0 0 FF 0 FF 0 0
ID: 545, Data: 8E4 82 0 8D 22 1 22 1
ID: 316, Data: 85 26 D 2C D 1B 6B 7E
ID: 280, Data: 830 0 88 AD 57 15 5F 3A
ID: 153, Data: 80 0 0 FF 0 FF 0 0
ID: 440, Data: 8E9 85 6A A0 FF AA AA AA
ID: 43F, Data: 885 48 60 FF 5A 88 2B 0
ID: 545, Data: 8E4 54 0 8D 27 0 27 0
ID: 153, Data: 80 0 0 FF 0 FF 0 0
ID: 316, Data: 85 1B 7A 2B F 1B 6B 7E
ID: 153, Data: 80 0 0 FF 0 FF 0 0
ID: 316, Data: 85 19 32 2B F 1B 6B 7E
ID: 316, Data: 85 18 D3 2A F 1B 6A 7E
ID: 153, Data: 80 0 0 FF 0 FF 0 0
ID: 153, Data: 80 0 0 FF 0 FF 0 0
ID: 2A0, Data: 820 3F 5F 1C 3D 0 17 0
ID: 43F, Data: 885 48 60 FF 5A 3C 2B 0
ID: A1, Data: 878 76 78 75 15 0 0 0
ID: 153, Data: 80 0 0 FF 0 FF 0 0
ID: 316, Data: 85 13 D3 2A F 1B 6A 7E
ID: 153, Data: 80 0 0 FF 0 FF 0 0
ID: 316, Data: 85 15 4A 2B E 1B 6A 7E
ID: 153, Data: 80 0 0 FF 0 FF 0 0
ID: 153, Data: 80 0 0 FF 0 FF 0 0
ID: 43F, Data: 885 48 60 FF 5A 10 2B 0
ID: 153, Data: 80 0 0 FF 0 FF 0 0
ID: 329, Data: 840 AE 80 8 11 39 0 26
ID: 1F1, Data: 80 E1 3E 93 33 48 13 35
ID: 260, Data: 8B 19 E 30 0 FF 75 3D
ID: 370, Data: 8FF DA F0 FF FF FF FF FF
ID: 153, Data: 80 0 0 FF 0 FF 0 0
ID: 1F0, Data: 868 40 B5 BF 0 0 0 0
ID: 18F, Data: 8AA 32 0 0 0 0 0 0
ID: 2A0, Data: 820 32 5F 1C 3D 0 17 0
ID: 316, Data: 8D 19 76 2A E 1A 68 7E
ID: 440, Data: 8E8 85 68 A0 FF AA AA AA
ID: 316, Data: 8D 15 BC 2A E 1B 68 7E
ID: A0, Data: 829 7B BC 2A 69 2F 4 0
ID: 43F, Data: 885 48 60 FF 5A 80 2A 0
ID: 316, Data: 8D 11 48 2A E 1A 68 7E
ID: 545, Data: 8E4 4D 0 8D 55 FF 55 FF
ID: 5F0, Data: 20 0
ID: 329, Data: 840 AE 80 8 11 38 0 26
ID: 316, Data: 8D 8 5F 2A E 1A 68 7E
ID: 43F, Data: 885 48 60 FF 5A 3C 2A 0
ID: 370, Data: 8FF DA F0 FF FF FF FF FF
ID: 316, Data: 8D 6 31 2A 12 1A 67 7E
ID: 153, Data: 80 0 0 FF 0 FF 0 0
ID: 316, Data: 8D 0 1A 2A 13 1B 67 7E
ID: 316, Data: 8D 0 4 2A 13 1B 67 7E
ID: 316, Data: 8D 0 ED 29 13 1B 67 7E
ID: 545, Data: 8E4 0 0 8D 1F FE 1F FE
ID: 43F, Data: 885 48 60 FF 5A E4 29 0
ID: 316, Data: 8D 0 D7 29 13 1B 66 7E
ID: 153, Data: 80 0 0 FF 0 FF 0 0
ID: 153, Data: 80 0 0 FF 0 FF 0 0
ID: 1F1, Data: 80 25 25 E3 31 35 63 33
ID: A0, Data: 81E 7C C0 29 67 2B 4 0
ID: 316, Data: 8D 0 C0 29 13 1B 66 7E
ID: 316, Data: 8D 0 94 29 13 1B 66 7E
ID: 545, Data: 8E4 0 0 8D 1F FE 1F FE
ID: 43F, Data: 885 48 60 FF 5A 70 29 0
ID: 316, Data: 8D 0 68 29 13 1B 65 7E
ID: A1, Data: 880 79 80 77 18 0 0 0
ID: 316, Data: 8D 0 68 29 17 1B 65 7E
ID: 153, Data: 80 0 0 FF 0 FF 0 0
ID: 316, Data: 85 A 3C 29 1B 1B 65 7E
ID: 316, Data: 85 1E AA 29 1C 1B 65 7E
ID: 545, Data: 8E4 5E 0 8D 35 0 35 0
ID: 316, Data: 85 1D 68 29 1E 1B 65 7E
ID: 153, Data: 80 0 0 FF 0 FF 0 0
ID: 2A0, Data: 861 1F 5F 1C 3D 0 17 0
ID: 316, Data: 85 1D 11 29 1F 1B 65 7E
ID: A1, Data: 890 79 90 77 16 0 0 0
ID: 43F, Data: 885 48 60 FF 5A 0 29 0
ID: 43F, Data: 885 48 60 FF 5B 10 29 0
ID: 1F0, Data: 868 40 B5 BF 0 0 0 0
ID: 316, Data: 85 1D 11 29 20 1B 64 7E
ID: 5F0, Data: 20 0
ID: 545, Data: 8E4 65 0 8D 3D 0 3D 0
ID: 329, Data: 884 AF 80 8 11 34 7 26
ID: 153, Data: 80 0 0 FF 0 FF 0 0
ID: 153, Data: 80 0 0 FF 0 FF 0 0
ID: 43F, Data: 885 48 60 FF 5B F8 28 0
ID: 18F, Data: 8AA 31 0 0 0 0 0 0
ID: 43F, Data: 885 48 60 FF 5B CC 28 0
ID: 153, Data: 80 0 0 FF 0 FF 0 0
ID: 316, Data: 85 20 E6 28 29 1A 64 7E
ID: 316, Data: 85 20 FB 28 29 1A 64 7E
ID: 2A0, Data: 8C1 1B 5F 1C 3D 0 17 0
ID: 153, Data: 80 0 0 FF 0 FF 0 0
ID: 316, Data: 85 26 11 29 20 1A 64 7E
ID: 43F, Data: 885 48 60 FF 5B C8 28 0
ID: 153, Data: 80 0 0 FF 0 FF 0 0
ID: 316, Data: 85 25 3C 29 F 1A 63 7E
ID: 153, Data: 80 0 0 FF 0 FF 0 0
ID: 316, Data: 85 22 11 29 F 1A 63 7E
ID: 153, Data: 80 0 0 FF 0 FF 0 0
ID: 316, Data: 85 1F BB 28 F 1A 63 7E
ID: 316, Data: 85 1D A6 28 F 1A 63 7E
ID: 153, Data: 80 0 0 FF 0 FF 0 0
ID: 153, Data: 80 0 0 FF 0 FF 0 0
ID: 545, Data: 8E4 4D 0 8D FC FF FC FF
ID: 316, Data: 85 19 0 28 10 1B 63 7E
ID: 153, Data: 80 0 0 FF 0 FF 0 0
ID: 153, Data: 80 0 0 FF 0 FF 0 0
ID: 153, Data: 80 0 0 FF 0 FF 0 0
ID: 43F, Data: 885 48 60 FF 5B 68 28 0
ID: 545, Data: 8E4 4A 0 8D A0 FF A0 FF
ID: 153, Data: 80 0 0 FF 0 FF 0 0
ID: 316, Data: 85 13 72 27 10 1A 63 7E
ID: 316, Data: 85 12 86 27 10 1A 63 7E
ID: 2A0, Data: 880 14 5F 1C 3D 0 17 0
ID: 316, Data: 85 14 0 28 10 1A 62 7E
ID: 316, Data: 85 14 52 28 F 1A 62 7E
ID: A1, Data: 883 76 86 75 18 0 0 0
ID: 43F, Data: 885 48 60 FF 5A 38 28 0
ID: 153, Data: 80 0 0 FF 0 FF 0 0
ID: 153, Data: 80 0 0 FF 0 FF 0 0
ID: 316, Data: 85 17 0 28 F 1A 62 7E
ID: 316, Data: 85 17 D7 27 F 1A 62 7E
ID: 316, Data: 85 17 EB 27 F 1A 62 7E
ID: A1, Data: 880 76 82 75 19 0 0 0
ID: 43F, Data: 885 48 60 FF 5B E4 27 0
ID: 43F, Data: 885 48 60 FF 5B F0 27 0
ID: 329, Data: 8B B0 80 8 11 36 0 26
ID: 316, Data: 85 18 D7 27 F 1A 61 7E
ID: 153, Data: 80 0 0 FF 0 FF 0 0
ID: 2A0, Data: 880 11 5F 1C 3D 0 17 0
ID: 316, Data: 8D 18 AE 27 F 1A 61 7E
ID: 260, Data: 80 14 10 30 0 FF 74 2C
ID: 43F, Data: 885 48 60 FF 5B AC 27 0
ID: 316, Data: 8D 10 4A 27 10 1A 61 7E
ID: A1, Data: 880 76 80 75 1A 0 0 0
ID: 5F0, Data: 20 0
ID: 153, Data: 80 0 0 FF 0 FF 0 0
ID: 316, Data: 8D C 86 27 10 1A 61 7E
ID: 5F0, Data: 20 0
ID: 316, Data: 8D 8 5E 27 10 1A 61 7E
ID: 316, Data: 8D 8 72 27 10 1A 60 7E
ID: 2A0, Data: 840 E 5F 1C 3D 0 17 0
ID: 153, Data: 80 0 0 FF 0 FF 0 0
ID: 316, Data: 8D 0 4A 27 10 1A 60 7E
ID: 43F, Data: 885 48 60 FF 5B 50 27 0
ID: 153, Data: 80 0 0 FF 0 FF 0 0
ID: A1, Data: 880 76 80 75 1A 0 0 0
ID: 316, Data: 8D 0 37 27 10 1A 60 7E
ID: 43F, Data: 885 48 60 FF 5B 18 27 0
ID: 153, Data: 80 0 0 FF 0 FF 0 0
ID: 153, Data: 80 0 0 FF 0 FF 0 0
ID: 316, Data: 8D 0 FC 26 10 1A 5F 7E
ID: 43F, Data: 885 48 60 FF 5A E8 26 0
ID: 316, Data: 8D 0 E9 26 11 1A 5F 7E
ID: A1, Data: 880 7C 80 7B C 0 0 0
ID: 153, Data: 80 0 0 FF 0 FF 0 0
ID: 316, Data: 8D 0 C2 26 10 1A 5F 7E
ID: 370, Data: 8FF DA F0 FF FF FF FF FF
ID: 316, Data: 8D 0 9C 26 10 1A 5F 7E
ID: A0, Data: 824 7D 9C 26 5F 2D 4 0
ID: 43F, Data: 885 48 60 FF 5B 8C 26 0
ID: 43F, Data: 885 48 60 FF 5B 80 26 0
ID: 545, Data: 8E4 0 0 8D 36 FE 36 FE
ID: 5F0, Data: 20 0
ID: 316, Data: 8D 0 76 26 10 19 5E 7E
ID: 316, Data: 8D 0 63 26 10 19 5E 7E
ID: A1, Data: 880 76 80 79 1D 0 0 0
ID: 153, Data: 80 0 0 FF 0 FF 0 0
ID: 316, Data: 8D 0 2A 26 10 19 5E 7E
ID: 43F, Data: 885 48 60 FF 5B 20 26 0
ID: 43F, Data: 885 48 60 FF 5B 18 26 0
ID: 18F, Data: 8AA 31 0 0 0 0 0 0
ID: 153, Data: 80 0 0 FF 0 FF 0 0
ID: 316, Data: 8D 0 BC 25 10 19 5D 7E
ID: A1, Data: 880 76 80 75 1D 0 0 0
ID: 316, Data: 8D 0 74 25 10 19 5D 7E
ID: 316, Data: 8D 0 62 25 10 19 5D 7E
ID: 153, Data: 80 0 0 FF 0 FF 0 0
ID: 153, Data: 80 0 0 FF 0 FF 0 0
ID: 280, Data: 830 0 20 B1 4A 16 5F 3C
ID: 43F, Data: 845 48 60 FF 5B B0 25 0
ID: A1, Data: 880 76 80 75 1C 0 0 0
ID: 153, Data: 80 0 0 FF 0 FF 0 0
ID: 316, Data: 8D 0 2C 25 10 19 5C 7E
ID: 153, Data: 80 0 0 FF 0 FF 0 0
ID: 316, Data: 8D 0 1B 25 10 19 5C 7E
ID: 440, Data: 8E7 D5 5B A0 FF AA AA AA
ID: 329, Data: 8B B1 80 8 11 35 0 26
ID: 316, Data: 8D 0 E6 24 10 19 5B 7E
ID: 316, Data: 8D 0 D5 24 10 19 5B 7E
ID: 153, Data: 80 0 0 FF 0 FF 0 0
ID: 43F, Data: 845 48 60 FF 5B 2C 25 0
ID: A1, Data: 880 76 80 75 1D 0 0 0
ID: 43F, Data: 845 48 60 FF 5B 14 25 0
ID: 43F, Data: 845 48 60 FF 5B 14 25 0
ID: 260, Data: 80 0 10 30 0 FF 6E A
ID: 316, Data: 8D 0 A1 24 10 19 5B 7E
ID: 153, Data: 80 0 0 FF 0 FF 0 0
ID: 2A0, Data: 880 7 5F 1C 3D 0 17 0
ID: 316, Data: 8D 0 5D 24 10 19 5A 7E
ID: 2A0, Data: 840 7 5F 1C 3D 0 17 0
ID: 153, Data: 80 0 0 FF 0 FF 0 0
ID: 153, Data: 80 0 0 FF 0 FF 0 0
ID: 5F0, Data: 20 0
ID: 43F, Data: 845 48 60 FF 5B B8 24 0
ID: 2A0, Data: 820 6 5F 1C 3D 0 17 0
ID: 153, Data: 80 0 0 FF 0 FF 0 0
ID: 316, Data: 8D 0 9 24 11 19 59 7E
ID: 153, Data: 80 0 0 FF 0 FF 0 0
ID: 316, Data: 8D 0 F8 23 11 19 59 7E
ID: 1F1, Data: 80 3 BE E2 2B CC F2 2C
ID: 153, Data: 80 0 0 FF 0 FF 0 0
ID: 2A0, Data: 820 6 5F 1C 3D 0 17 0
ID: 316, Data: 8D 0 D7 23 11 19 59 7E
ID: 280, Data: 830 0 20 B1 47 15 5F 3D
ID: 316, Data: 8D 0 B6 23 11 19 59 7E
ID: 316, Data: 8D 0 A6 23 11 19 59 7E
ID: 43F, Data: 845 48 60 FF 5B 20 24 0
ID: 316, Data: 8D 0 86 23 11 19 58 7E
ID: 316, Data: 8D 0 86 23 11 19 58 7E
ID: 316, Data: 8D 0 65 23 11 19 58 7E
ID: 153, Data: 80 0 0 FF 0 FF 0 0
ID: 280, Data: 830 0 20 B1 46 15 5F 3D
ID: 316, Data: 8D 0 55 23 11 19 58 7E
ID: A1, Data: 880 76 80 75 1D 0 0 0
ID: 370, Data: 8FF DE F0 FF FF FF FF FF
ID: 153, Data: 80 0 0 FF 0 FF 0 0
ID: A1, Data: 880 76 80 75 1D 0 0 0
ID: 280, Data: 830 0 20 B1 46 15 5F 3D
ID: 370, Data: 8FF DE F0 FF FF FF FF FF
ID: 316, Data: 8D 0 6 23 15 19 57 7E
ID: A0, Data: 826 7D 6 23 58 2C 4 0
ID: 43F, Data: 845 48 60 FF 5B 70 23 0
ID: 153, Data: 80 0 0 FF 0 FF 0 0
ID: 1F1, Data: 80 9C AA 72 2A B9 72 2B
ID: 316, Data: 85 26 D7 23 31 19 57 7E
ID: 260, Data: 8B 28 31 30 0 FF D6 30
ID: 153, Data: 80 0 0 FF 0 FF 0 0
ID: 316, Data: 85 2A 90 24 31 18 56 7E
ID: 153, Data: 80 0 0 FF 0 FF 0 0
ID: 18F, Data: 8AA 30 0 0 0 0 0 0
ID: 316, Data: 85 2B 5D 24 30 18 56 7E
ID: 43F, Data: 845 48 60 FF 5B 5C 23 0
ID: 2A0, Data: 861 6 5F 1C 3D 0 17 0
ID: 5F0, Data: 20 0
ID: 316, Data: 85 2D 5D 24 30 18 56 7E
ID: 153, Data: 80 0 0 FF 0 FF 0 0
ID: 153, Data: 80 0 0 FF 0 FF 0 0
ID: 316, Data: 85 2E 5D 24 30 17 56 7E
ID: 316, Data: 85 2E 5D 24 30 17 56 7E
ID: 153, Data: 80 0 0 FF 0 FF 0 0
ID: 370, Data: 8FF DE F0 FF FF FF FF FF
ID: 43F, Data: 845 48 60 FF 5B 30 23 0
ID: 440, Data: 8E6 25 56 A0 FF AA AA AA
ID: 153, Data: 80 0 0 FF 0 FF 0 0
ID: A0, Data: 836 7D 4C 24 56 31 2 0
ID: 316, Data: 85 30 4C 24 30 17 56 7E
ID: 18F, Data: 8AA 30 0 0 0 0 0 0
ID: 43F, Data: 845 48 60 FF 5B 1C 23 0
ID: 153, Data: 80 0 0 FF 0 FF 0 0
ID: 316, Data: 85 30 3B 24 19 17 56 7E
ID: 153, Data: 80 0 0 FF 0 FF 0 0
ID: 260, Data: 8B 2F F 30 0 FF D7 0
ID: 316, Data: 85 2D 2A 24 F 18 56 7E
ID: 316, Data: 85 2B 9 24 10 18 56 7E
ID: 153, Data: 80 0 0 FF 0 FF 0 0
ID: 153, Data: 80 0 0 FF 0 FF 0 0
ID: 43F, Data: 845 48 60 FF 5B FC 22 0
ID: 260, Data: 8B 21 11 30 0 FF D6 2A
ID: 316, Data: 85 1E 16 23 1B 23 55 7E
ID: 329, Data: 8ED B1 80 8 11 31 0 26
ID: 370, Data: 8FF DE F0 FF FF FF FF FF
ID: 316, Data: 85 1C 6C 22 1B 23 55 7E
ID: 153, Data: 80 0 0 FF 0 FF 0 0
ID: 153, Data: 80 0 0 FF 0 FF 0 0
ID: 316, Data: 85 19 3 22 1B 23 55 7E
ID: 153, Data: 80 0 0 FF 0 FF 0 0
ID: 316, Data: 85 18 BA 21 1B 23 55 7E
ID: 153, Data: 80 0 0 FF 0 FF 0 0
ID: 153, Data: 80 0 0 FF 0 FF 0 0
ID: 316, Data: 845 16 47 21 1C 23 55 7E
ID: 43F, Data: 845 48 60 FF 5B A4 22 0
ID: A0, Data: 822 7D 47 21 55 2B 2 0
ID: 316, Data: 845 17 E5 1F 1C 22 55 7E
ID: 153, Data: 80 0 0 FF 0 FF 0 0
ID: 370, Data: 8FF DE F0 FF FF FF FF FF
ID: A1, Data: 882 76 82 75 1A 0 0 0
ID: 316, Data: 845 1A CB 1F 1C 22 54 7E
ID: 316, Data: 845 1D E5 1F 1D 22 54 7E
ID: 153, Data: 80 0 0 FF 0 FF 0 0
ID: 545, Data: 8E4 63 0 8D 19 0 19 0
ID: 316, Data: 845 24 3F 22 1E 22 54 7E
ID: 280, Data: 830 0 88 B1 45 15 5F 3B
ID: 43F, Data: 845 48 60 FF 5B 64 22 0
ID: 2A0, Data: 861 5 5F 1C 3D 0 17 0
ID: 316, Data: 845 20 21 22 1E 23 54 7E
ID: 316, Data: 845 20 3 22 1F 23 54 7E
ID: A1, Data: 891 78 93 7B 1A 0 0 0
ID: 316, Data: 84D 1F C8 21 20 23 53 7E
ID: 316, Data: 84D 1F C8 21 20 23 53 7E
ID: 153, Data: 80 0 0 FF 0 FF 0 0
ID: 329, Data: 840 B1 80 8 11 32 2 26
ID: 153, Data: 80 0 0 FF 0 FF 0 0
ID: 18F, Data: 8AA 34 0 0 0 0 0 0
ID: 316, Data: 84D 14 E 21 21 23 53 7E
ID: 316, Data: 84D 15 A0 20 21 23 53 7E
ID: 18F, Data: 8AA 35 0 0 0 0 0 0
ID: 153, Data: 80 0 0 FF 0 FF 0 0
ID: 43F, Data: 845 48 60 FF 5B DC 21 0
ID: 153, Data: 80 0 0 FF 0 FF 0 0
ID: 316, Data: 84D A 7E 1F 22 22 53 7E
ID: 316, Data: 84D A 4C 1F 22 22 53 7E
ID: 545, Data: 8E4 C 0 8D F8 FD F8 FD
ID: 43F, Data: 845 48 60 FF 5B AC 21 0
ID: 316, Data: 845 1D E 1F 33 22 52 7E
ID: 153, Data: 80 0 0 FF 0 FF 0 0
ID: 316, Data: 845 28 6A 20 39 22 52 7E
ID: 153, Data: 80 0 0 FF 0 FF 0 0
ID: 18F, Data: 8AA 36 0 0 0 0 0 0
ID: 316, Data: 845 2F 6C 22 38 21 52 7E
ID: 316, Data: 845 2F 9A 22 3A 21 52 7E
ID: 153, Data: 80 0 0 FF 0 FF 0 0
ID: 316, Data: 845 33 B8 22 3C 21 52 7E
ID: 316, Data: 845 33 C8 22 3C 20 52 7E
ID: 43F, Data: 845 48 60 FF 5B 84 21 0
ID: 153, Data: 80 0 0 FF 0 FF 0 0
ID: 43F, Data: 845 48 60 FF 5B 80 21 0
ID: 545, Data: 8E4 9D 0 8B CF 1 CF 1
ID: 316, Data: 845 3B E7 22 3B 1F 52 7E
ID: 316, Data: 845 3B E7 22 3A 1F 52 7E
ID: 440, Data: 8ED D5 51 A0 FF AA AA AA
ID: 329, Data: 8B B0 80 8 11 3C F 26
ID: 1F0, Data: 868 40 B5 BF 0 0 0 0
ID: 43F, Data: 845 48 60 FF 5B 78 21 0
ID: 316, Data: 845 39 B8 22 3B 1F 52 7E
ID: 43F, Data: 845 48 60 FF 5B 74 21 0
ID: 316, Data: 845 3A B8 22 3B 1F 52 7E
ID: 153, Data: 80 0 0 FF 0 FF 0 0
ID: 316, Data: 845 3A C8 22 3B 1F 51 7E
ID: 43F, Data: 845 48 60 FF 5B 74 21 0
ID: A1, Data: 880 77 80 7C 2F 0 0 0
ID: 153, Data: 80 0 0 FF 0 FF 0 0
ID: 316, Data: 845 3A B8 22 17 1F 51 7E
ID: 153, Data: 80 0 0 FF 0 FF 0 0
ID: A0, Data: 835 7C C8 22 52 2F 2 0
ID: 329, Data: 884 B0 80 8 11 36 0 26
ID: A0, Data: 835 7C C8 22 52 2F 2 0
ID: 316, Data: 845 2F 4E 22 19 21 51 7E
ID: 153, Data: 80 0 0 FF 0 FF 0 0
ID: 43F, Data: 845 48 60 FF 5B 50 21 0
ID: 2A0, Data: 840 7 5F 1C 3D 0 17 0
ID: 43F, Data: 845 48 60 FF 5B 44 21 0
ID: 440, Data: 8EF 85 51 A0 FF AA AA AA
ID: A1, Data: 87D 76 7A 77 1B 0 0 0
ID: 316, Data: 845 1E C9 20 1B 23 51 7E
ID: 316, Data: 845 1D 92 20 1B 23 51 7E
ID: 43F, Data: 845 48 60 FF 5B 30 21 0
ID: 545, Data: 8E4 3E 0 8D 6D FF 6D FF
ID: 153, Data: 80 0 0 FF 0 FF 0 0
ID: 316, Data: 845 18 98 1F 1C 23 51 7E
ID: 316, Data: 845 17 59 1F 1C 23 51 7E
ID: 43F, Data: 845 48 60 FF 5B 10 21 0
ID: 316, Data: 845 16 65 1E 1C 23 51 7E
ID: 153, Data: 80 0 0 FF 0 FF 0 0
ID: 316, Data: 845 18 13 1E 1D 22 51 7E
ID: 316, Data: 845 19 41 1E 1C 22 51 7E
ID: 153, Data: 80 0 0 FF 0 FF 0 0
ID: 316, Data: 845 1A C4 1E 1C 22 50 7E
ID: 316, Data: 845 1A 1A 1F 1C 22 50 7E
ID: 153, Data: 80 0 0 FF 0 FF 0 0
ID: 316, Data: 845 1A A5 1F 1C 22 50 7E
ID: 316, Data: 845 1A F2 1F 1C 22 50 7E
ID: 440, Data: 8EF 85 50 A0 FF AA AA AA
ID: 316, Data: 845 1A D 20 1B 22 50 7E
ID: 153, Data: 80 0 0 FF 0 FF 0 0
ID: 370, Data: 8FF DE F0 FF FF FF FF FF
ID: 316, Data: 845 1A F2 1F 1C 22 50 7E
ID: 153, Data: 80 0 0 FF 0 FF 0 0
ID: 316, Data: 84D 1A 98 1F 1C 22 50 7E
ID: 316, Data: 84D 1A 65 1F 1C 22 50 7E
ID: 43F, Data: 845 48 60 FF 5B 8C 20 0
ID: 43F, Data: 845 48 60 FF 5B 80 20 0
ID: 153, Data: 80 0 0 FF 0 FF 0 0
ID: 153, Data: 80 0 0 FF 0 FF 0 0
ID: 5F0, Data: 20 0
ID: 370, Data: 8FF DE F0 FF FF FF FF FF
ID: 153, Data: 80 0 0 FF 0 FF 0 0
ID: 316, Data: 84D 12 65 1E 1C 22 4F 7E
ID: 316, Data: 84D E 65 1E 1C 22 4F 7E
ID: 43F, Data: 845 48 60 FF 5B 40 20 0
ID: 440, Data: 8EF D5 4E A0 FF AA AA AA
ID: 153, Data: 80 0 0 FF 0 FF 0 0
ID: 316, Data: 84D 9 33 1F 1C 22 4F 7E
ID: 316, Data: 84D 9 72 1F 1C 22 4F 7E
ID: 2A0, Data: 8E0 4 60 1C 3D 0 17 0
ID: 43F, Data: 845 48 60 FF 5B 1C 20 0
ID: 370, Data: 8FF DE F0 FF FF FF FF FF
ID: 18F, Data: 8AA 3B 0 0 0 0 0 0
ID: 153, Data: 80 0 0 FF 0 FF 0 0
ID: 316, Data: 84D 0 E5 1F 1B 22 4E 7E
ID: 440, Data: 8EF 25 4E A0 FF AA AA AA
ID: 316, Data: 84D 0 D8 1F 1B 22 4E 7E
ID: 153, Data: 80 0 0 FF 0 FF 0 0
ID: 440, Data: 8EF 75 4D A0 FF AA AA AA
ID: 43F, Data: 845 48 60 FF 5B CC 1F 0
ID: 43F, Data: 845 48 60 FF 5B D0 1F 0
ID: 316, Data: 84D 0 1 1F 1C 22 4E 7E
ID: A0, Data: 827 7C 4C 1F 4E 2B 4 0
ID: 43F, Data: 845 48 60 FF 5B A4 1F 0
ID: 43F, Data: 845 48 60 FF 5B 8C 1F 0
ID: 545, Data: 8E4 0 0 8D 9D FD 9D FD
ID: 153, Data: 80 0 0 FF 0 FF 0 0
ID: 316, Data: 84D 0 D1 1E 1C 22 4D 7E
ID: 153, Data: 80 0 0 FF 0 FF 0 0
ID: A0, Data: 827 7C D1 1E 4D 2B 4 0
ID: 329, Data: 8B AF 80 8 12 33 0 26
ID: 329, Data: 840 AF 80 8 12 33 0 26
ID: 153, Data: 80 0 0 FF 0 FF 0 0
ID: 153, Data: 80 0 0 FF 0 FF 0 0
ID: 316, Data: 84D 0 4D 1E 1C 22 4C 7E
ID: 43F, Data: 845 48 60 FF 5B F4 1E 0
ID: 316, Data: 84D 0 41 1E 1C 22 4C 7E
ID: A0, Data: 827 7C 59 1E 4C 2B 4 0
ID: 153, Data: 80 0 0 FF 0 FF 0 0
ID: 43F, Data: 845 48 60 FF 5B C0 1E 0
ID: 153, Data: 80 0 0 FF 0 FF 0 0
ID: 545, Data: 8E4 0 0 8B 9D FD 9D FD
ID: 316, Data: 84D 0 FC 1D 1C 22 4B 7E
ID: A1, Data: 880 76 80 75 1F 0 0 0
ID: 316, Data: 84D 0 D9 1D 1C 22 4B 7E
ID: 370, Data: 8FF DE F0 FF FF FF FF FF
ID: 2A0, Data: 820 2 60 1C 3D 0 17 0
ID: 316, Data: 84D 0 B7 1D 1C 22 4A 7E
ID: 316, Data: 84D 0 AC 1D 1C 22 4A 7E
ID: 370, Data: 8FF DE F0 FF FF FF FF FF
ID: 316, Data: 84D 0 95 1D 1C 22 4A 7E
ID: 153, Data: 80 0 0 FF 0 FF 0 0
ID: 316, Data: 84D 0 74 1D 1C 22 4A 7E
ID: 316, Data: 84D 0 69 1D 1C 22 4A 7E
ID: 2A0, Data: 880 2 60 1C 3D 0 17 0
ID: 316, Data: 84D 0 48 1D 1C 22 4A 7E
ID: 316, Data: 84D 0 3D 1D 1C 22 49 7E
ID: 1F1, Data: 80 79 42 12 24 4B E2 24
ID: 316, Data: 84D 0 32 1D 1C 22 49 7E
ID: A1, Data: 880 76 80 75 1E 0 0 0
ID: 5F0, Data: 20 0
ID: 316, Data: 84D 0 1C 1D 1D 22 49 7E
ID: 316, Data: 84D 0 7 1D 1D 22 49 7E
ID: 260, Data: 80 0 1D 30 0 FF 4E 2D
ID: 43F, Data: 845 48 60 FF 5B 6C 1D 0
ID: 370, Data: 8FF DE F0 FF FF FF FF FF
ID: 2A0, Data: 840 2 60 1C 3D 0 17 0
ID: 316, Data: 84D 0 9C 1C 1D 22 48 7D
ID: 316, Data: 84D 0 73 1C 1D 22 48 7D
ID: 43F, Data: 845 48 60 FF 5B F4 1C 0
ID: 5F0, Data: 20 0
ID: 153, Data: 80 0 0 FF 0 FF 0 0
ID: A0, Data: 829 7B 35 1C 47 2A 4 0
ID: 316, Data: 84D 0 17 1C 1D 22 47 7D
ID: A0, Data: 829 7B 35 1C 47 2A 4 0
ID: 43F, Data: 845 48 60 FF 5B 80 1C 0
ID: 153, Data: 80 0 0 FF 0 FF 0 0
ID: 43F, Data: 845 48 60 FF 5B 6C 1C 0
ID: 2A0, Data: 8E0 2 60 1C 3D 0 17 0
ID: 5F0, Data: 20 0
ID: 316, Data: 84D 0 CF 1A 15 19 45 7D
ID: 316, Data: 84D 0 AA 1A 15 19 45 7D
ID: 280, Data: 830 0 20 AF 34 15 60 3C
ID: 440, Data: 8E7 25 44 A0 FF AA AA AA
ID: 280, Data: 830 0 20 AF 33 15 60 3D
ID: 1F0, Data: 86B 40 B5 BF 0 0 0 0
ID: 329, Data: 884 AF 80 8 12 31 0 26
ID: 260, Data: 80 0 15 30 0 FF 4E 16
ID: 440, Data: 8E7 75 44 A0 FF AA AA AA
ID: 5F0, Data: 20 0
ID: 153, Data: 80 0 0 FF 0 FF 0 0
ID: A0, Data: 824 7B B3 1A 44 29 4 0
ID: 316, Data: 8D 0 D8 1A 15 19 44 7D
ID: 260, Data: 80 0 15 30 0 FF 4E 25
ID: 43F, Data: 845 48 60 FF 5B 94 1B 0
ID: 153, Data: 80 0 0 FF 0 FF 0 0
ID: 18F, Data: 8AA 39 0 0 0 0 0 0
ID: 316, Data: 8D 0 C6 1A 15 19 43 7D
ID: 316, Data: 8D 0 B3 1A 15 19 43 7D
ID: 545, Data: 8E4 0 0 8D 42 FE 42 FE
ID: 43F, Data: 845 48 60 FF 5B 50 1B 0
ID: 370, Data: 8FF DE F0 FF FF FF FF FF
ID: 18F, Data: 8AA 39 0 0 0 0 0 0
ID: 153, Data: 80 0 0 FF 0 FF 0 0
ID: 316, Data: 8D 0 86 1A 15 19 42 7D
ID: 153, Data: 80 0 0 FF 0 FF 0 0
ID: 316, Data: 8D 0 6B 1A 15 19 42 7D
ID: 440, Data: 8E7 25 42 A0 FF AA AA AA
ID: 5F0, Data: 20 0
ID: 153, Data: 80 0 0 FF 0 FF 0 0
ID: 43F, Data: 845 48 60 FF 5B F8 1A 0
ID: 2A0, Data: 820 1 60 1C 3D 0 17 0
ID: 43F, Data: 845 48 60 FF 5B DC 1A 0
ID: 43F, Data: 845 48 60 FF 5B DC 1A 0
ID: 260, Data: 80 0 15 30 0 FF 4E 16
ID: 153, Data: 80 0 0 FF 0 FF 0 0
ID: 316, Data: 8D 0 A 1A 15 19 41 7D
ID: 5F0, Data: 20 0
ID: 316, Data: 8D 0 A 1A 15 19 41 7D
ID: 153, Data: 80 0 0 FF 0 FF 0 0
ID: 316, Data: 8D 0 F9 19 15 19 41 7D
ID: 1F1, Data: 80 AB FF F1 1F 8 B2 20
ID: 153, Data: 80 0 0 FF 0 FF 0 0
ID: 153, Data: 80 0 0 FF 0 FF 0 0
ID: A0, Data: 825 7B E8 19 41 29 4 0
ID: 329, Data: 8B AE 80 8 12 31 0 26
ID: A0, Data: 825 7B D6 19 41 28 4 0
ID: 153, Data: 80 0 0 FF 0 FF 0 0
ID: 316, Data: 8D 0 C5 19 15 19 41 7D
ID: 43F, Data: 845 48 60 FF 5B 64 1A 0
ID: 5F0, Data: 20 0
ID: 18F, Data: 8AA 36 0 0 0 0 0 0
ID: 545, Data: 8E4 0 0 8B 42 FE 42 FE
ID: 1F0, Data: 86A 40 B5 BF 0 0 0 0
ID: A0, Data: 824 7B B4 19 41 28 4 0
ID: 153, Data: 80 0 0 FF 0 FF 0 0
ID: 43F, Data: 845 48 60 FF 5B 3C 1A 0
ID: 153, Data: 80 0 0 FF 0 FF 0 0
ID: 153, Data: 80 0 0 FF 0 FF 0 0
ID: 316, Data: 8D 0 82 19 16 19 40 7D
ID: A0, Data: 823 7B 93 19 40 28 4 0
ID: 316, Data: 8D 0 7A 19 16 19 40 7D
ID: 316, Data: 8D 0 69 19 16 19 40 7D
ID: 2A0, Data: 820 1 60 1C 3D 0 17 0
ID: 43F, Data: 845 48 60 FF 5B CC 19 0
ID: 153, Data: 80 0 0 FF 0 FF 0 0
ID: 1F1, Data: 80 CE EF A1 1E F9 A1 1F
ID: 316, Data: 8D 0 18 19 16 19 3F 7D
ID: 153, Data: 80 0 0 FF 0 FF 0 0
ID: 5F0, Data: 20 0
ID: 43F, Data: 845 48 60 FF 5B 48 19 0
ID: 316, Data: 8D 0 B0 18 16 19 3E 7D
ID: 316, Data: 8D 0 91 18 16 19 3E 7D
ID: 18F, Data: 8AA 34 0 0 0 0 0 0
ID: 43F, Data: 845 48 60 FF 5B E8 18 0
ID: 43F, Data: 845 48 60 FF 5B D4 18 0
ID: 43F, Data: 845 48 60 FF 5B B4 18 0
ID: 260, Data: 80 0 17 30 0 FF 4E 5
ID: 153, Data: 80 0 0 FF 0 FF 0 0
ID: 316, Data: 8D 0 DD 17 17 19 3C 7D
ID: 153, Data: 80 0 0 FF 0 FF 0 0
ID: 316, Data: 8D 0 AB 17 17 19 3C 7D
ID: 43F, Data: 845 48 60 FF 5B C 18 0
ID: 316, Data: 8D 0 79 17 17 19 3B 7D
ID: 153, Data: 80 0 0 FF 0 FF 0 0
ID: 153, Data: 80 0 0 FF 0 FF 0 0
ID: 316, Data: 8D 0 1F 17 18 19 3A 7D
ID: A1, Data: 880 76 80 75 1C 0 0 0
ID: 5F0, Data: 20 0
ID: 440, Data: 8E7 D5 39 A0 FF AA AA AA
ID: 316, Data: 8D 0 B3 16 18 19 39 7D
ID: 260, Data: 80 0 18 30 0 FF 4E 22
ID: 43F, Data: 845 48 60 FF 5B 34 17 0
ID: 43F, Data: 845 48 60 FF 5B 24 17 0
ID: 2A0, Data: 840 0 60 1C 3D 0 17 0
ID: 153, Data: 80 0 0 FF 0 FF 0 0
ID: 316, Data: 8D 0 5F 16 18 19 38 7D
ID: 153, Data: 80 0 0 FF 0 FF 0 0
ID: 316, Data: 8D 0 5F 16 18 19 38 7D
ID: 153, Data: 80 0 0 FF 0 FF 0 0
ID: 316, Data: 8D 0 52 16 18 19 38 7D
ID: 316, Data: 8D 0 4B 16 18 19 38 7D
ID: 2A0, Data: 8E0 0 60 1C 3D 0 17 0
ID: 316, Data: 8D 0 2C 16 19 19 38 7D
ID: 153, Data: 80 0 0 FF 0 FF 0 0
ID: 316, Data: 8D 0 13 16 19 19 38 7D
ID: 316, Data: 8D 0 6 16 19 19 37 7D
ID: 545, Data: 8E4 0 0 8A 40 FE 40 FE
ID: 153, Data: 80 0 0 FF 0 FF 0 0
ID: 153, Data: 80 0 0 FF 0 FF 0 0
ID: 316, Data: 8D 0 D5 15 19 19 37 7D
ID: 18F, Data: 8AA 33 0 0 0 0 0 0
ID: 153, Data: 80 0 0 FF 0 FF 0 0
ID: 43F, Data: 845 48 60 FF 5B 6C 16 0
ID: 545, Data: 8E4 0 0 8B 40 FE 40 FE
ID: 316, Data: 8D 0 AB 15 19 19 37 7D
ID: 316, Data: 8D 0 9F 15 19 19 37 7D
ID: 18F, Data: 8AA 32 0 0 0 0 0 0
ID: 316, Data: 8D 0 99 15 19 19 36 7D
ID: 153, Data: 80 0 0 FF 0 FF 0 0
ID: 316, Data: 8D 0 8D 15 19 19 36 7D
ID: 153, Data: 80 0 0 FF 0 FF 0 0
ID: 153, Data: 80 0 0 FF 0 FF 0 0
ID: 316, Data: 8D 0 81 15 19 19 36 7D
ID: 43F, Data: 845 48 60 FF 5B 1C 16 0
ID: 316, Data: 8D 0 75 15 19 19 36 7D
ID: 2A0, Data: 840 0 60 1C 3D 0 17 0
ID: 153, Data: 80 0 0 FF 0 FF 0 0
ID: 316, Data: 8D 0 4C 15 1A 19 36 7D
ID: 153, Data: 80 0 0 FF 0 FF 0 0
ID: 316, Data: 8D 0 3B 15 1A 19 35 7D
ID: 153, Data: 80 0 0 FF 0 FF 0 0
ID: 316, Data: 8D 0 29 15 1A 19 35 7D
ID: 316, Data: 8D 0 1E 15 1A 19 35 7D
ID: 316, Data: 8D 0 18 15 1A 19 35 7D
ID: 316, Data: 8D 0 13 15 1A 19 35 7D
ID: 153, Data: 80 0 0 FF 0 FF 0 0
ID: 316, Data: 8D 0 7 15 1A 19 35 7D
ID: 316, Data: 8D 0 D 15 1A 19 35 7D
ID: 316, Data: 8D 0 7 15 1A 19 35 7D
ID: 260, Data: 80 0 1A 30 0 FF 4E 20
ID: 153, Data: 80 0 0 FF 0 FF 0 0
ID: 43F, Data: 845 48 60 FF 5B A4 15 0
ID: 153, Data: 80 0 0 FF 0 FF 0 0
ID: 153, Data: 80 0 0 FF 0 FF 0 0
ID: 316, Data: 8D 0 EB 14 1A 19 35 7D
ID: 153, Data: 80 0 0 FF 0 FF 0 0
ID: 316, Data: 8D 0 EB 14 1A 19 34 7D
ID: 153, Data: 80 0 0 FF 0 FF 0 0
ID: 153, Data: 80 0 0 FF 0 FF 0 0
ID: 370, Data: 8FF DE F0 FF FF FF FF FF
ID: 43F, Data: 845 48 60 FF 5B 74 15 0
ID: 316, Data: 8D 0 C4 14 1A 19 34 7D
ID: 153, Data: 80 0 0 FF 0 FF 0 0
ID: 153, Data: 80 0 0 FF 0 FF 0 0
ID: 316, Data: 8D 0 C4 14 1A 19 34 7D
ID: 440, Data: 8E7 85 34 A0 FF AA AA AA
ID: 5F0, Data: 20 0
ID: 153, Data: 80 0 0 FF 0 FF 0 0
ID: A0, Data: 823 7B D5 14 35 26 4 0
ID: 316, Data: 8D 0 CF 14 1A 19 34 7D
ID: 260, Data: 80 0 1A 30 0 FF 4E 3F
ID: 43F, Data: 845 48 60 FF 5B 50 15 0
ID: 153, Data: 80 0 0 FF 0 FF 0 0
ID: 545, Data: 8E4 0 0 8A 3E FE 3E FE
ID: 316, Data: 8D 0 A3 14 1A 19 34 7D
ID: A0, Data: 823 7A A3 14 34 26 4 0
ID: 316, Data: 8D 0 93 14 1A 19 34 7D
ID: 153, Data: 80 0 0 FF 0 FF 0 0
ID: 260, Data: 80 0 1A 30 0 FF 4E 11
ID: 316, Data: 8D 0 88 14 1A 19 34 7D
ID: 545, Data: 8E4 0 0 8B 3E FE 3E FE
ID: 153, Data: 80 0 0 FF 0 FF 0 0
ID: 153, Data: 80 0 0 FF 0 FF 0 0
ID: 316, Data: 8D 0 73 14 1A 19 33 7D
ID: 370, Data: 8FF E0 F0 FF FF FF FF FF
ID: 5F0, Data: 20 0
ID: 153, Data: 80 0 0 FF 0 FF 0 0
ID: 18F, Data: 8AA 31 0 0 0 0 0 0
ID: 316, Data: 8D 0 6D 14 1A 19 33 7D
ID: 153, Data: 80 0 0 FF 0 FF 0 0
ID: 2A0, Data: 880 0 60 1C 3D 0 17 0
ID: 316, Data: 8D 0 63 14 1A 19 33 7D
ID: 545, Data: 8E4 0 0 89 3E FE 3E FE
ID: 153, Data: 80 0 0 FF 0 FF 0 0
ID: 153, Data: 80 0 0 FF 0 FF 0 0
ID: 316, Data: 8D 0 4D 14 1B 19 33 7D
ID: 440, Data: 8E7 D5 33 A0 FF AA AA AA
ID: 316, Data: 8D 0 43 14 1B 19 33 7D
ID: A1, Data: 880 76 80 75 1B 0 0 0
ID: 43F, Data: 845 48 60 FF 5B DC 14 0
ID: 43F, Data: 845 48 60 FF 5B D8 14 0
ID: 545, Data: 8E4 0 0 8B 3E FE 3E FE
ID: 316, Data: 8D 0 33 14 1B 19 33 7D
ID: 316, Data: 8D 0 29 14 1B 19 33 7D
ID: 18F, Data: 8AA 31 0 0 0 0 0 0
ID: 43F, Data: 845 48 60 FF 5B C4 14 0
ID: 153, Data: 80 0 0 FF 0 FF 0 0
ID: 316, Data: 8D 0 38 14 1B 19 33 7D
ID: 316, Data: 8D 0 2E 14 1B 19 32 7D
ID: 153, Data: 80 0 0 FF 0 FF 0 0
ID: A1, Data: 880 76 80 75 1C 0 0 0
ID: 316, Data: 8D 0 1E 14 1B 19 32 7D
ID: 280, Data: 830 0 20 AD 28 14 60 3A
ID: 153, Data: 80 0 0 FF 0 FF 0 0
ID: 153, Data: 80 0 0 FF 0 FF 0 0
ID: 316, Data: 8D 0 F0 13 1B 19 32 7D
ID: 153, Data: 80 0 0 FF 0 FF 0 0
ID: 316, Data: 8D 0 E6 13 1B 19 32 7D
ID: 153, Data: 80 0 0 FF 0 FF 0 0
ID: 153, Data: 80 0 0 FF 0 FF 0 0
ID: 316, Data: 8D 0 D2 13 1B 19 32 7D
ID: 43F, Data: 845 48 60 FF 5B 88 14 0
ID: 316, Data: 8D 0 D2 13 1B 19 32 7D
ID: 260, Data: 80 0 1B 30 0 FF 4E 2F
ID: 153, Data: 80 0 0 FF 0 FF 0 0
ID: 316, Data: 8D 0 DC 13 1B 19 32 7D
ID: 153, Data: 80 0 0 FF 0 FF 0 0
ID: 316, Data: 8D 0 DC 13 1B 19 32 7D
ID: 316, Data: 8D 0 E1 13 1B 19 32 7D
ID: 329, Data: 840 AD 80 8 11 2E 0 26
ID: 153, Data: 80 0 0 FF 0 FF 0 0
ID: 153, Data: 80 0 0 FF 0 FF 0 0
ID: 316, Data: 8D 0 B4 13 1B 19 32 7D
ID: A0, Data: 825 7A C8 13 32 26 4 0
ID: 316, Data: 8D 0 A5 13 1B 19 31 7D
ID: 316, Data: 8D 0 AA 13 1B 19 31 7D
ID: 545, Data: 8E4 0 0 8B 3D FE 3D FE
ID: 43F, Data: 845 48 60 FF 5B 3C 14 0
ID: 43F, Data: 845 48 60 FF 5B 34 14 0
ID: 440, Data: 8E7 75 31 A0 FF AA AA AA
ID: 316, Data: 8D 0 88 13 1B 19 31 7D
ID: A1, Data: 880 76 80 75 1C 0 0 0
ID: 43F, Data: 845 48 60 FF 5B 24 14 0
ID: 43F, Data: 845 48 60 FF 5B 34 14 0
ID: 440, Data: 8E7 85 31 A0 FF AA AA AA
ID: 316, Data: 8D 0 96 13 1B 19 31 7D
ID: 2A0, Data: 8E0 0 60 1C 3D 0 17 0
ID: 43F, Data: 845 48 60 FF 5B 10 14 0
ID: 440, Data: 8E7 D5 31 A0 FF AA AA AA
ID: 2A0, Data: 8E0 0 60 1C 3D 0 17 0
ID: 316, Data: 8D 0 66 13 1B 19 31 7D
ID: 316, Data: 8D 0 66 13 1B 19 31 7D
ID: A0, Data: 825 7A 5C 13 31 26 4 0
ID: 440, Data: 8E7 25 30 A0 FF AA AA AA
ID: 1F1, Data: 80 DE 83 1 18 89 91 18
ID: A1, Data: 880 76 80 75 1D 0 0 0
ID: 316, Data: 8D 0 3B 13 1C 19 31 7D
ID: 153, Data: 80 0 0 FF 0 FF 0 0
ID: 280, Data: 830 0 20 AD 26 15 60 3C
ID: 316, Data: 8D 0 36 13 1C 19 30 7D
ID: 43F, Data: 845 48 60 FF 5B DC 13 0
ID: 43F, Data: 845 48 60 FF 5C D8 13 0
ID: 545, Data: 8E4 0 0 8D 3E FE 3E FE
ID: 316, Data: 8D 0 44 13 1C 19 30 7D
ID: 316, Data: 8D 0 44 13 1C 19 30 7D
ID: 18F, Data: 8AA 30 0 0 0 0 0 0
ID: 43F, Data: 845 48 60 FF 5B C4 13 0
ID: A1, Data: 880 76 80 75 1D 0 0 0
ID: 43F, Data: 845 48 60 FF 5B BC 13 0
ID: 43F, Data: 845 48 60 FF 5B B4 13 0
ID: 18F, Data: 8AA 30 0 0 0 0 0 0
ID: 316, Data: 8D 0 2 13 1C 19 30 7D
ID: 153, Data: 80 0 0 FF 0 FF 0 0
ID: 316, Data: 8D 0 F0 12 1C 19 30 7D
ID: 1F0, Data: 869 40 B5 BF 0 0 0 0
ID: 153, Data: 80 0 0 FF 0 FF 0 0
ID: 316, Data: 8D 0 F9 12 1C 19 30 7D
ID: 153, Data: 80 0 0 FF 0 FF 0 0
ID: 329, Data: 840 AD 80 8 11 2E 0 26
ID: 316, Data: 8D 0 F5 12 1C 19 30 7D
ID: 260, Data: 80 0 1C 30 0 FF 4E 1F
ID: 440, Data: 8E7 85 2F A0 FF AA AA AA
ID: 153, Data: 80 0 0 FF 0 FF 0 0
ID: A0, Data: 827 7A F5 12 30 26 4 0
ID: 280, Data: 830 0 20 AD 25 15 60 3E
ID: 260, Data: 80 0 1C 30 0 FF 4E 3D
ID: 316, Data: 8D 0 DE 12 1C 19 2F 7D
ID: 316, Data: 8D 0 D0 12 1C 19 2F 7D
ID: 2A0, Data: 8E0 0 60 1C 3D 0 17 0
ID: 43F, Data: 845 48 60 FF 5B 60 13 0
ID: 43F, Data: 845 48 60 FF 5C 54 13 0
ID: 18F, Data: 8AA 30 0 0 0 0 0 0
ID: 316, Data: 8D 0 9F 12 1C 19 2F 7D
ID: 153, Data: 80 0 0 FF 0 FF 0 0
ID: 316, Data: 8D 0 8D 12 1C 19 2F 7D
ID: 153, Data: 80 0 0 FF 0 FF 0 0
ID: 316, Data: 8D 0 84 12 1C 19 2F 7D
ID: 153, Data: 80 0 0 FF 0 FF 0 0
ID: 316, Data: 8D 0 80 12 1C 19 2F 7D
ID: 43F, Data: 845 48 60 FF 5B 28 13 0
ID: 43F, Data: 845 48 60 FF 5B 1C 13 0
ID: 316, Data: 8D 0 7B 12 1C 19 2F 7D
ID: 329, Data: 8B AD 80 8 11 2E 0 26
ID: 43F, Data: 845 48 60 FF 5B 18 13 0
ID: 43F, Data: 845 48 60 FF 5B C 13 0
ID: 316, Data: 8D 0 77 12 1C 19 2E 7D
ID: 260, Data: 80 0 1D 30 0 FF 4E 1E
ID: 316, Data: 8D 0 66 12 1C 19 2E 7D
ID: 153, Data: 80 0 0 FF 0 FF 0 0
ID: 18F, Data: 8AA 30 0 0 0 0 0 0
ID: 316, Data: 8D 0 4C 12 1D 19 2E 7D
ID: 316, Data: 8D 0 3F 12 1D 19 2E 7D
ID: 545, Data: 8E4 0 0 8B 3B FE 3B FE
ID: 153, Data: 80 0 0 FF 0 FF 0 0
ID: 316, Data: 8D 0 2E 12 1D 19 2E 7D
ID: 153, Data: 80 0 0 FF 0 FF 0 0
ID: 316, Data: 8D 0 2A 12 1D 19 2E 7D
ID: 1F1, Data: 80 23 6A A1 16 72 31 17
ID: 153, Data: 80 0 0 FF 0 FF 0 0
ID: 43F, Data: 845 48 60 FF 5C BC 12 0
ID: 260, Data: 80 0 1D 30 0 FF 4E 1E
ID: 316, Data: 8D 0 26 12 1D 19 2E 7D
ID: 316, Data: 8D 0 21 12 1D 19 2E 7D
ID: A0, Data: 829 7A 26 12 2E 26 4 0
ID: 316, Data: 8D 0 1D 12 1D 19 2D 7D
ID: 316, Data: 8D 0 15 12 1D 19 2D 7D
ID: 280, Data: 830 0 20 AD 24 16 61 3F
ID: 153, Data: 80 0 0 FF 0 FF 0 0
ID: 153, Data: 80 0 0 FF 0 FF 0 0
ID: 316, Data: 8D 0 EB 11 1D 19 2D 7D
ID: 153, Data: 80 0 0 FF 0 FF 0 0
ID: 316, Data: 8D 0 DB 11 1D 19 2D 7D
ID: 153, Data: 80 0 0 FF 0 FF 0 0
ID: 153, Data: 80 0 0 FF 0 FF 0 0
ID: 43F, Data: 84C 48 60 FF 5B 80 12 0
ID: 153, Data: 80 0 0 FF 0 FF 0 0
ID: 43F, Data: 84C 48 60 FF 5C 98 12 0
ID: 316, Data: 8D 0 15 12 1D 19 2D 7D
ID: 2A0, Data: 840 0 61 1C 3D 0 17 0
ID: 316, Data: 8D 0 AC 12 1C 19 2C 7D
ID: 153, Data: 80 0 0 FF 0 FF 0 0
ID: 316, Data: 8D 0 28 13 1B 19 2C 7D
ID: 316, Data: 8D 0 66 13 1B 19 2C 7D
ID: 329, Data: 8ED AD 80 8 11 2E 0 26
ID: 1F1, Data: 80 2 5E 91 15 61 21 16
ID: 1F0, Data: 869 40 B5 BF 0 0 0 0
ID: 545, Data: 8E4 0 0 8B 3D FE 3D FE
ID: 260, Data: 80 0 19 30 0 FF 4E 12
ID: 43F, Data: 84C 48 60 FF 5B 84 17 0
ID: 43F, Data: 84C 48 60 FF 5C 88 17 0
ID: 2A0, Data: 820 0 61 1C 3D 0 17 0
ID: 153, Data: 80 0 0 FF 0 FF 0 0
ID: 316, Data: 8D 0 85 16 17 19 2B 7D
ID: 153, Data: 80 0 0 FF 0 FF 0 0
ID: 316, Data: 8D 0 7F 16 17 19 2B 7D
ID: 153, Data: 80 0 0 FF 0 FF 0 0
ID: 329, Data: 840 AD 80 8 11 2E 0 26
ID: 316, Data: 8D 0 5F 16 17 19 2B 7D
ID: 545, Data: 8E4 0 0 8D 3A FE 3A FE
ID: 316, Data: 8D 0 45 16 17 19 2B 7D
ID: 316, Data: 8D 0 38 16 17 19 2B 7D
ID: 1F0, Data: 869 40 B5 BF 0 0 0 0
ID: 153, Data: 80 0 0 FF 0 FF 0 0
ID: 43F, Data: 844 48 60 FF 5B F8 16 0
ID: A1, Data: 880 76 80 75 1B 0 0 0
ID: 43F, Data: 844 48 60 FF 5B D8 16 0
ID: 316, Data: 8D 0 C9 15 18 19 2A 7D
ID: 370, Data: 8FF DD F0 FF FF FF FF FF
ID: 153, Data: 80 0 0 FF 0 FF 0 0
ID: 153, Data: 80 0 0 FF 0 FF 0 0
ID: 316, Data: 8D 0 CF 15 18 19 2A 7D
ID: 316, Data: 8D 0 D5 15 18 19 2A 7D
ID: 545, Data: 8E4 0 0 8D 3C FE 3C FE
ID: 153, Data: 80 0 0 FF 0 FF 0 0
ID: 316, Data: 8D 0 E7 15 17 19 2A 7D
ID: 153, Data: 80 0 0 FF 0 FF 0 0
ID: 316, Data: 8D 0 EE 15 17 19 29 7D
ID: 316, Data: 8D 0 EE 15 17 19 29 7D
ID: 316, Data: 8D 0 E7 15 17 19 29 7D
ID: 43F, Data: 844 48 60 FF 5B 50 16 0
ID: 153, Data: 80 0 0 FF 0 FF 0 0
ID: 280, Data: 830 0 20 AD 2B 13 61 39
ID: 316, Data: 8D 0 B1 15 18 19 29 7D
ID: 43F, Data: 844 48 60 FF 5B 24 16 0
ID: 316, Data: 8D 0 93 15 18 19 29 7D
ID: 329, Data: 8ED AD 80 8 11 2F 0 26
ID: 153, Data: 80 0 0 FF 0 FF 0 0
ID: 316, Data: 8D 0 69 15 18 19 29 7D
ID: 153, Data: 80 0 0 FF 0 FF 0 0
ID: 316, Data: 8D 0 4C 15 18 19 29 7D
ID: 316, Data: 8D 0 3B 15 18 19 28 7D
ID: 1F0, Data: 869 40 B5 BF 0 0 0 0
ID: 153, Data: 80 0 0 FF 0 FF 0 0
ID: 153, Data: 80 0 0 FF 0 FF 0 0
ID: 18F, Data: 8AA 30 0 0 0 0 0 0
ID: 316, Data: 85 1A 7 15 2B 19 28 7D
ID: 43F, Data: 844 48 60 FF 5B C0 15 0
ID: 545, Data: 8E4 38 0 8D 91 0 91 0
ID: 153, Data: 80 0 0 FF 0 FF 0 0
ID: 316, Data: 85 23 38 16 29 19 28 7D
ID: 153, Data: 80 0 0 FF 0 FF 0 0
ID: 316, Data: 85 24 85 16 21 19 28 7D
ID: 316, Data: 85 25 AC 16 1E 19 28 7D
ID: A1, Data: 88E 78 8E 7B 1E 0 0 0
ID: 316, Data: 85 25 DB 16 16 19 28 7D
ID: 316, Data: 85 24 DB 16 16 19 28 7D
ID: A0, Data: 826 7A D4 16 28 27 2 0
ID: 5F0, Data: 20 0
ID: 316, Data: 85 20 7F 16 17 19 28 7D
ID: 316, Data: 85 1F 5F 16 17 19 28 7D
ID: 43F, Data: 844 48 60 FF 5B 9C 15 0
ID: 43F, Data: 844 48 60 FF 5C A0 15 0
ID: 18F, Data: 8AA 30 0 0 0 0 0 0
ID: 153, Data: 80 0 0 FF 0 FF 0 0
ID: 316, Data: 85 19 58 15 18 1A 28 7D
ID: A1, Data: 896 76 97 75 18 0 0 0
ID: 316, Data: 85 17 D 15 19 1A 28 7D
ID: 316, Data: 85 16 88 14 19 1A 28 7D
ID: 280, Data: 830 0 84 AD 28 10 61 31
ID: 316, Data: 85 16 2E 14 1A 1A 28 7D
ID: 316, Data: 85 16 CD 13 1A 1A 28 7D
ID: 153, Data: 80 0 0 FF 0 FF 0 0
ID: 316, Data: 85 17 36 13 1B 1A 28 7D
ID: 153, Data: 80 0 0 FF 0 FF 0 0
ID: 260, Data: 8B 18 1C 30 0 FF 65 3
ID: 316, Data: 85 18 32 12 1D 1A 28 7D
ID: 1F1, Data: 80 8A 39 A1 13 3F 11 14
ID: 316, Data: 85 19 BF 11 1E 1A 27 7D
ID: 280, Data: 830 0 84 AD 23 13 61 37
ID: 43F, Data: 844 48 60 FF 5B 4C 15 0
ID: 316, Data: 85 1C 45 11 28 23 27 7D
ID: 153, Data: 80 0 0 FF 0 FF 0 0
ID: 316, Data: 85 1E 14 11 27 23 27 7D
ID: 153, Data: 80 0 0 FF 0 FF 0 0
ID: 1F1, Data: 80 CD 36 61 13 3C E1 13
ID: 316, Data: 85 22 6F 11 26 23 27 7D
ID: 43F, Data: 844 48 60 FF 5B 14 15 0
ID: 316, Data: 8D 22 3B 12 25 22 27 7D
ID: 18F, Data: 8AA 30 0 0 0 0 0 0
ID: 153, Data: 80 0 0 FF 0 FF 0 0
ID: 316, Data: 84D 22 F9 12 23 22 27 7D
ID: 153, Data: 80 0 0 FF 0 FF 0 0
ID: 316, Data: 84D 1D 4C 12 25 22 27 7D
ID: 316, Data: 84D 1D BF 11 25 22 27 7D
ID: 43F, Data: 844 48 60 FF 5B C8 14 0
ID: 316, Data: 84D 1E F6 10 26 22 26 7D
ID: 153, Data: 80 0 0 FF 0 FF 0 0
ID: 316, Data: 845 20 95 10 26 22 26 7D
ID: 316, Data: 845 20 35 10 27 22 26 7D
ID: 43F, Data: 844 48 60 FF 5B 80 14 0
ID: 440, Data: 8FE 34 25 A0 FF AA AA AA
ID: 5A1, Data: 880 3 90 23 30 30 30 0
ID: 316, Data: 845 29 75 10 27 22 26 7D
ID: 153, Data: 80 0 0 FF 0 FF 0 0
ID: 316, Data: 845 28 87 10 26 22 26 7D
ID: 43F, Data: 844 48 60 FF 5B 40 14 0
ID: 153, Data: 80 0 0 FF 0 FF 0 0
ID: 153, Data: 80 0 0 FF 0 FF 0 0
ID: 316, Data: 845 26 18 11 25 22 25 7D
ID: 440, Data: 8FE 44 25 A0 FF AA AA AA
ID: 316, Data: 845 25 A2 11 25 22 25 7D
ID: 43F, Data: 844 48 60 FF 5B E0 13 0
ID: 329, Data: 8B AD 80 8 12 30 0 26
ID: 316, Data: 845 23 26 12 24 22 25 7D
ID: 316, Data: 845 23 59 12 24 22 25 7D
ID: 43F, Data: 844 48 60 FF 5B B4 13 0
ID: 316, Data: 845 22 91 12 24 22 24 7D
ID: 153, Data: 80 0 0 FF 0 FF 0 0
ID: 316, Data: 845 21 B5 12 23 22 24 7D
ID: 316, Data: 845 21 D0 12 23 22 24 7D
ID: 43F, Data: 844 48 60 FF 5B 7C 13 0
ID: 316, Data: 845 21 F0 12 23 22 24 7D
ID: 153, Data: 80 0 0 FF 0 FF 0 0
ID: 43F, Data: 844 48 60 FF 5B 54 13 0
ID: 316, Data: 845 21 DE 12 23 22 24 7D
ID: 43F, Data: 844 48 60 FF 5B 3C 13 0
ID: 153, Data: 80 0 0 FF 0 FF 0 0
ID: 153, Data: 80 0 0 FF 0 FF 0 0
ID: 2A0, Data: 880 0 61 1C 3D 0 17 0
ID: 316, Data: 845 23 84 12 23 22 23 7D
ID: 545, Data: 8E4 3D 0 8A C 0 C 0
ID: 153, Data: 80 0 0 FF 0 FF 0 0
ID: 316, Data: 845 23 77 12 22 22 23 7D
ID: 153, Data: 80 0 0 FF 0 FF 0 0
ID: 316, Data: 845 23 61 12 22 22 23 7D
ID: 316, Data: 845 23 48 12 22 22 22 7D
ID: 153, Data: 80 0 0 FF 0 FF 0 0
ID: 316, Data: 845 24 32 12 22 22 22 7D
ID: 153, Data: 80 0 0 FF 0 FF 0 0
ID: 440, Data: 8FE 94 22 A0 FF AA AA AA
ID: 260, Data: 8B 24 22 30 0 FF 53 20
ID: 153, Data: 80 0 0 FF 0 FF 0 0
ID: 280, Data: 830 0 84 AD 23 1A 61 45
ID: 440, Data: 8FE 94 21 A0 FF AA AA AA
ID: 316, Data: 845 23 B6 11 21 22 21 7D
ID: 316, Data: 845 23 97 11 22 22 21 7D
ID: 440, Data: 8FE E4 21 A0 FF AA AA AA
ID: 2A0, Data: 880 0 61 1C 3D 0 17 0
ID: 43F, Data: 84B 48 60 FF 5B A8 11 0
ID: 153, Data: 80 0 0 FF 0 FF 0 0
ID: 43F, Data: 84B 48 60 FF 5B 7C 11 0
ID: 260, Data: 8B 22 22 30 0 FF 56 10
ID: 316, Data: 845 21 1F 11 22 23 20 7D
ID: 316, Data: 845 22 C 11 22 23 20 7D
ID: 153, Data: 80 0 0 FF 0 FF 0 0
ID: 316, Data: 845 22 FE 10 22 23 20 7D
ID: 316, Data: 845 22 D2 10 22 23 20 7D
ID: 370, Data: 8FF DD F0 FF FE FF FF FF
ID: 316, Data: 845 21 F6 10 22 23 1F 7D
ID: 153, Data: 80 0 0 FF 0 FF 0 0
ID: 440, Data: 8FE 94 1F A0 FF AA AA AA
ID: 316, Data: 845 21 9B 11 21 23 1F 7D
ID: 153, Data: 80 0 0 FF 0 FF 0 0
ID: 545, Data: 8E4 39 0 8A D6 FF D6 FF
ID: 316, Data: 845 20 3F 12 20 22 1F 7D
ID: 43F, Data: 84B 48 60 FF 5B D4 15 0
ID: 43F, Data: 84B 48 60 FF 5B A8 15 0
ID: 153, Data: 80 0 0 FF 0 FF 0 0
ID: 316, Data: 845 1F B1 12 20 23 1E 7D
ID: 316, Data: 845 1F D5 12 20 23 1E 7D
ID: A1, Data: 89A 76 8C 75 1E 0 0 0
ID: 43F, Data: 84B 48 60 FF 5B 2C 15 0
ID: 43F, Data: 84B 48 60 FF 5C 20 15 0
ID: A1, Data: 89A 76 8C 75 1E 0 0 0
ID: 316, Data: 845 1F D5 12 20 23 1D 7D
ID: 316, Data: 845 1F 7 13 1F 22 1D 7D
ID: 43F, Data: 843 48 60 FF 5C BC 14 0
ID: 316, Data: 845 1F 6F 13 1F 22 1D 7D
ID: 153, Data: 80 0 0 FF 0 FF 0 0
ID: 316, Data: 845 1E A5 13 1F 23 1D 7D
ID: 316, Data: 845 1E 9B 13 1F 23 1C 7D
ID: 43F, Data: 843 48 60 FF 5B 48 14 0
ID: 316, Data: 845 1E D7 13 1E 22 1C 7D
ID: 153, Data: 80 0 0 FF 0 FF 0 0
ID: 316, Data: 845 1E B9 13 1F 23 1C 7D
ID: 316, Data: 845 1E AF 13 1F 23 1C 7D
ID: 43F, Data: 843 48 60 FF 5B D8 13 0
ID: 316, Data: 845 1E 88 13 1F 23 1B 7D
ID: 153, Data: 80 0 0 FF 0 FF 0 0
ID: 329, Data: 840 AD 80 8 12 30 0 26
ID: 316, Data: 845 1E 5C 13 1F 22 1B 7D
ID: 260, Data: 8B 1F 1F 30 0 FF 64 A
ID: 316, Data: 845 1F 6F 13 1F 22 1B 7D
ID: 316, Data: 845 1F 74 13 1F 22 1B 7D
ID: 153, Data: 80 0 0 FF 0 FF 0 0
ID: 2A0, Data: 840 0 61 1C 3D 0 17 0
ID: 316, Data: 845 1F 36 13 1F 22 1B 7D
ID: 153, Data: 80 0 0 FF 0 FF 0 0
ID: 316, Data: 845 1F FE 12 1F 22 1B 7D
ID: 43F, Data: 843 48 60 FF 5B 40 13 0
ID: 280, Data: 830 0 84 AD 25 18 61 40
ID: 153, Data: 80 0 0 FF 0 FF 0 0
ID: 316, Data: 845 1F D9 12 1F 22 1A 7D
ID: 316, Data: 845 20 E2 12 1F 22 1A 7D
ID: 43F, Data: 843 48 60 FF 5B 10 13 0
ID: 316, Data: 845 20 BA 12 1F 22 1A 7D
ID: 153, Data: 80 0 0 FF 0 FF 0 0
ID: 316, Data: 845 20 B5 12 1F 22 1A 7D
ID: 316, Data: 845 20 AC 12 1F 22 1A 7D
ID: 370, Data: 8FF DD F0 FF FF FF FF FF
ID: 316, Data: 845 20 B5 12 1F 22 1A 7D
ID: 43F, Data: 843 48 60 FF 5B D8 12 0
ID: 545, Data: 8E4 3B 0 8D D8 FF D8 FF
ID: 153, Data: 80 0 0 FF 0 FF 0 0
ID: 329, Data: 840 AD 80 8 11 30 0 26
ID: 316, Data: 845 20 73 12 20 22 1A 7D
ID: A0, Data: 82F 7A 73 12 1A 27 2 0
ID: 43F, Data: 843 48 60 FF 5B B8 12 0
ID: 316, Data: 845 20 6A 12 20 22 1A 7D
ID: 316, Data: 845 20 77 12 20 22 1A 7D
ID: 329, Data: 8B AD 80 8 11 2F 0 26
ID: 43F, Data: 843 48 60 FF 5B AC 12 0
ID: 440, Data: 8FE 13 19 A0 FF AA AA AA
ID: 153, Data: 80 0 0 FF 0 FF 0 0
ID: 316, Data: 845 1F 73 12 20 23 1A 7D
ID: 316, Data: 845 1F 37 12 20 23 19 7D
ID: A1, Data: 88E 76 93 76 1F 0 0 0
ID: 316, Data: 845 20 1D 12 20 23 19 7D
ID: 316, Data: 845 20 26 12 20 23 19 7D
ID: 316, Data: 845 20 3B 12 20 23 19 7D
ID: 545, Data: 8E4 37 0 8D CC FF CC FF
ID: 153, Data: 80 0 0 FF 0 FF 0 0
ID: 153, Data: 80 0 0 FF 0 FF 0 0
ID: 316, Data: 845 20 26 12 20 23 19 7D
ID: 43F, Data: 843 48 60 FF 5B 64 12 0
ID: 153, Data: 80 0 0 FF 0 FF 0 0
ID: 316, Data: 845 20 3B 12 20 23 19 7D
ID: 316, Data: 845 20 11 12 20 23 19 7D
ID: 260, Data: 8B 20 20 30 0 FF 73 6
ID: 153, Data: 80 0 0 FF 0 FF 0 0
ID: 316, Data: 845 20 8 12 20 23 19 7D
ID: 1F0, Data: 85C 40 B5 BF 0 0 0 0
ID: 329, Data: 8ED AD 80 8 11 2F 0 26
ID: 370, Data: 8FF DD F0 FF FF FF FF FF
ID: 153, Data: 80 0 0 FF 0 FF 0 0
ID: 18F, Data: 8AA 3B 0 0 0 0 0 0
ID: 316, Data: 845 20 19 12 20 23 19 7D
ID: 316, Data: 845 20 2A 12 20 23 19 7D
ID: 153, Data: 80 0 0 FF 0 FF 0 0
ID: 316, Data: 845 20 37 12 20 23 19 7D
ID: 316, Data: 845 20 4 12 20 23 19 7D
ID: 43F, Data: 843 48 60 FF 5B 30 12 0
ID: 153, Data: 80 0 0 FF 0 FF 0 0
ID: A1, Data: 89A 77 8B 76 1F 0 0 0
ID: 329, Data: 840 AD 80 8 11 2F 0 26
ID: 2A0, Data: 820 0 61 1C 3D 0 17 0
ID: 153, Data: 80 0 0 FF 0 FF 0 0
ID: 153, Data: 80 0 0 FF 0 FF 0 0
ID: 153, Data: 80 0 0 FF 0 FF 0 0
ID: A0, Data: 82E 7A 26 12 19 27 2 0
ID: 316, Data: 845 20 2E 12 20 22 19 7D
ID: 18F, Data: 8AA 3C 0 0 0 0 0 0
ID: 440, Data: 8FE 13 19 A0 FF AA AA AA
ID: 43F, Data: 843 48 60 FF 5B 34 12 0
ID: 2A0, Data: 861 0 61 1C 3D 0 17 0
ID: 316, Data: 845 26 B5 12 3D 22 19 7D
ID: 316, Data: 845 28 CC 12 40 22 19 7D
ID: 43F, Data: 843 48 60 FF 5B 24 12 0
ID: 316, Data: 845 2F F9 12 4A 21 19 7D
ID: 153, Data: 80 0 0 FF 0 FF 0 0
ID: 329, Data: 8B AD 80 8 11 36 13 26
ID: 316, Data: 845 35 A0 13 4B 21 19 7D
ID: 18F, Data: 8AA 3C 0 0 0 0 0 0
ID: 316, Data: 845 38 43 14 4A 20 19 7D
ID: 153, Data: 80 0 0 FF 0 FF 0 0
ID: 545, Data: 8E4 65 0 8A EA 1 EA 1
ID: 43F, Data: 843 48 60 FF 5B 50 12 0
ID: 2A0, Data: 81 2 61 1C 3D 0 17 0
ID: 316, Data: 845 3E 52 15 48 1F 19 7D
ID: 153, Data: 80 0 0 FF 0 FF 0 0
ID: 260, Data: 8B 40 41 30 0 FF C5 A
ID: 316, Data: 845 41 B1 15 2D 1E 19 7D
ID: A0, Data: 84F 7A CF 15 1A 30 2 0
ID: 316, Data: 845 3D 6 16 2A 1E 19 7D
ID: 316, Data: 845 3C 6 16 2A 1E 19 7D
ID: 153, Data: 80 0 0 FF 0 FF 0 0
ID: 316, Data: 845 39 E1 15 22 15 1A 7D
ID: 153, Data: 80 0 0 FF 0 FF 0 0
ID: 43F, Data: 843 48 60 FF 5B E0 12 0
ID: 545, Data: 8E4 5B 0 8A DC 1 DC 1
ID: 153, Data: 80 0 0 FF 0 FF 0 0
ID: 316, Data: 845 2E CF 14 25 17 1A 7D
ID: 153, Data: 80 0 0 FF 0 FF 0 0
ID: 153, Data: 80 0 0 FF 0 FF 0 0
ID: 316, Data: 85 2B 73 14 29 17 1A 7D
ID: 153, Data: 80 0 0 FF 0 FF 0 0
ID: 18F, Data: 8AA 3D 0 0 0 0 0 0
ID: 316, Data: 85 29 C4 14 2F 18 1A 7D
ID: 43F, Data: 843 48 60 FF 5B 2C 13 0
ID: 2A0, Data: 8C1 3 61 1C 3D 0 17 0
ID: 153, Data: 80 0 0 FF 0 FF 0 0
ID: 316, Data: 85 2B D5 14 3A 18 1A 7D
ID: 153, Data: 80 0 0 FF 0 FF 0 0
ID: 2A0, Data: 861 4 61 1C 3D 0 17 0
ID: 316, Data: 85 2F 2 15 3A 17 1A 7D
ID: 1F1, Data: 80 CE D4 20 D D7 A0 D
ID: 1F0, Data: 871 40 B5 BF 0 0 0 0
ID: 153, Data: 80 0 0 FF 0 FF 0 0
ID: 316, Data: 85 30 7B 15 39 17 1B 7D
ID: 153, Data: 80 0 0 FF 0 FF 0 0
ID: 316, Data: 85 31 99 15 39 17 1B 7D
ID: 316, Data: 85 32 9F 15 39 17 1B 7D
ID: 18F, Data: 8AA 3B 0 0 0 0 0 0
ID: 43F, Data: 843 48 60 FF 5B A4 13 0
ID: 153, Data: 80 0 0 FF 0 FF 0 0
ID: 153, Data: 80 0 0 FF 0 FF 0 0
ID: 316, Data: 85 32 D5 15 3A 17 1B 7D
ID: 153, Data: 80 0 0 FF 0 FF 0 0
ID: 316, Data: 85 34 CF 15 3B 16 1B 7D
ID: 316, Data: 85 34 BD 15 3B 16 1B 7D
ID: 260, Data: 8B 34 3C 30 0 FF C5 2B
ID: 43F, Data: 843 48 60 FF 5B 8 14 0
ID: 316, Data: 85 36 29 15 3C 16 1B 7D
ID: 370, Data: 8FF DD F0 FF FF FF FF FF
ID: 316, Data: 85 37 BF 14 31 16 1B 7D
ID: 43F, Data: 843 48 60 FF 5C 30 14 0
ID: 43F, Data: 843 48 60 FF 5C 48 14 0
ID: 18F, Data: 8AA 39 0 0 0 0 0 0
ID: 153, Data: 80 0 0 FF 0 FF 0 0
ID: 316, Data: 85 36 CF 14 31 16 1C 7D
ID: 43F, Data: 843 48 60 FF 5C A0 14 0
ID: 316, Data: 85 36 D 15 31 16 1C 7D
ID: A1, Data: 890 7A 88 7C 2C 0 0 0
ID: 43F, Data: 843 48 60 FF 5B A0 14 0
ID: 316, Data: 85 33 69 15 14 16 1C 7D
ID: 545, Data: 8E4 58 0 8B C5 1 C5 1
ID: 316, Data: 85 2C 81 15 15 17 1C 7D
ID: 316, Data: 85 2B 6F 15 15 17 1C 7D
ID: 18F, Data: 8AA 38 0 0 0 0 0 0
ID: 43F, Data: 843 48 60 FF 5B 78 14 0
ID: 153, Data: 80 0 0 FF 0 FF 0 0
ID: 316, Data: 85 20 98 14 17 19 1C 7D
ID: 316, Data: 85 1E 78 14 18 19 1C 7D
ID: 2A0, Data: 880 6 61 1C 3D 0 17 0
ID: 440, Data: 8FE C3 1C A0 FF AA AA AA
ID: 370, Data: 8FF DD F0 FF FF FF FF FF
ID: 153, Data: 80 0 0 FF 0 FF 0 0
ID: 316, Data: 85 17 D2 13 19 19 1C 7D
ID: 153, Data: 80 0 0 FF 0 FF 0 0
ID: A1, Data: 89C 77 8C 76 19 0 0 0
ID: 329, Data: 884 AD 80 8 11 2E 0 26
ID: 280, Data: 830 0 84 AD 25 12 61 34
ID: 153, Data: 80 0 0 FF 0 FF 0 0
ID: 43F, Data: 843 48 60 FF 5B 38 14 0
ID: 316, Data: 85 19 5D 12 1A 19 1C 7D
ID: 2A0, Data: 8E0 5 61 1C 3D 0 17 0
ID: 153, Data: 80 0 0 FF 0 FF 0 0
ID: 316, Data: 85 1A 9F 11 1C 1A 1C 7D
ID: 370, Data: 8FF DE F0 FF FF FF FF FF
ID: 329, Data: 884 AE 80 8 11 2E 0 26
ID: 316, Data: 85 1A C 11 1C 1A 1C 7D
ID: 316, Data: 85 1B 5 11 1C 1A 1C 7D
ID: A1, Data: 896 77 85 76 1B 0 0 0
ID: 153, Data: 80 0 0 FF 0 FF 0 0
ID: 316, Data: 85 1B 68 10 1D 1A 1C 7D
ID: 153, Data: 80 0 0 FF 0 FF 0 0
ID: 153, Data: 80 0 0 FF 0 FF 0 0
ID: 43F, Data: 843 48 60 FF 5B B4 13 0
ID: 153, Data: 80 0 0 FF 0 FF 0 0
ID: 316, Data: 85 1B 9F 12 1A 19 1B 7D
ID: 316, Data: 85 1B E7 12 1A 19 1B 7D
ID: 18F, Data: 8AA 36 0 0 0 0 0 0
ID: 316, Data: 85 1A 88 13 18 19 1B 7D
ID: 43F, Data: 843 48 60 FF 5B B8 13 0
ID: 316, Data: 85 1A B9 13 18 19 1B 7D
ID: 153, Data: 80 0 0 FF 0 FF 0 0
ID: 153, Data: 80 0 0 FF 0 FF 0 0
ID: 316, Data: 85 19 8C 13 17 19 1B 7D
ID: 153, Data: 80 0 0 FF 0 FF 0 0
ID: 316, Data: 85 19 74 13 18 19 1B 7D
ID: 316, Data: 85 19 74 13 17 19 1B 7D
ID: 2A0, Data: 840 4 61 1C 3D 0 17 0
ID: 43F, Data: 843 48 60 FF 5B 78 13 0
ID: 316, Data: 85 19 52 13 17 19 1B 7D
ID: 18F, Data: 8AA 35 0 0 0 0 0 0
ID: 316, Data: 85 19 1E 13 17 19 1B 7D
ID: 43F, Data: 843 48 60 FF 5B 4C 13 0
ID: 316, Data: 85 19 C3 12 18 19 1B 7D
ID: 153, Data: 80 0 0 FF 0 FF 0 0
ID: 153, Data: 80 0 0 FF 0 FF 0 0
ID: 316, Data: 85 19 50 12 18 19 1B 7D
ID: 153, Data: 80 0 0 FF 0 FF 0 0
ID: 316, Data: 85 19 2E 12 18 19 1A 7D
ID: 153, Data: 80 0 0 FF 0 FF 0 0
ID: 280, Data: 830 0 88 AE 24 13 61 37
ID: 316, Data: 85 1F 4C 12 1E 19 1A 7D
ID: 153, Data: 80 0 0 FF 0 FF 0 0
ID: 316, Data: 85 1F 7 13 20 19 1A 7D
ID: 153, Data: 80 0 0 FF 0 FF 0 0
ID: 316, Data: 85 1E 57 13 21 19 1A 7D
ID: 316, Data: 85 1E 49 13 22 19 1A 7D
ID: A1, Data: 88B 79 99 7B 19 0 0 0
ID: 43F, Data: 843 48 60 FF 5B 3C 13 0
ID: 5F0, Data: 20 0
ID: 260, Data: 8B 20 29 30 0 FF B5 25
ID: 2A0, Data: 8A1 3 61 1C 3D 0 17 0
ID: 43F, Data: 843 48 60 FF 5B FC 12 0
ID: 5F0, Data: 20 0
ID: 545, Data: 8E4 38 0 8A BA 0 BA 0
ID: 329, Data: 884 AE 80 8 11 30 6 26
ID: A1, Data: 88A 79 93 7B 1D 0 0 0
ID: 316, Data: 85 24 F5 13 29 19 1A 7D
ID: 153, Data: 80 0 0 FF 0 FF 0 0
ID: 329, Data: 8B AE 80 8 11 31 7 26
ID: 316, Data: 85 25 19 14 2A 19 1A 7D
ID: 280, Data: 830 0 88 AE 28 18 61 41
ID: 43F, Data: 843 48 60 FF 5B C 13 0
ID: 440, Data: 8FE 63 1A A0 FF AA AA AA
ID: 2A0, Data: 861 4 61 1C 3D 0 17 0
ID: 316, Data: 85 28 48 14 2C 18 1A 7D
ID: 545, Data: 8E4 44 0 8D 22 1 22 1
ID: 43F, Data: 843 48 60 FF 5B 24 13 0
ID: 5F0, Data: 20 0
ID: 2A0, Data: 8C1 4 61 1C 3D 0 17 0
ID: 2A0, Data: 8A1 4 61 1C 3D 0 17 0
ID: 153, Data: 80 0 0 FF 0 FF 0 0
ID: 5F0, Data: 20 0
ID: 153, Data: 80 0 0 FF 0 FF 0 0
ID: A0, Data: 837 7B B4 14 1B 2B 2 0
ID: 316, Data: 85 2D D5 14 33 17 1A 7D
ID: 2A0, Data: 8A1 4 61 1C 3D 0 17 0
ID: 316, Data: 85 2D 7 15 32 17 1A 7D
ID: 153, Data: 80 0 0 FF 0 FF 0 0
ID: 18F, Data: 8AA 34 0 0 0 0 0 0
ID: 316, Data: 85 2F 3B 15 32 17 1B 7D
ID: 316, Data: 85 2E 52 15 32 17 1B 7D
ID: A1, Data: 885 79 89 7B 25 0 0 0
ID: 43F, Data: 843 48 60 FF 5B 88 13 0
ID: 43F, Data: 843 48 60 FF 5B 88 13 0
ID: 545, Data: 8E4 4F 0 8D 9D 1 9D 1
ID: 316, Data: 85 2E 69 15 35 17 1B 7D
ID: 316, Data: 85 2E 63 15 37 17 1B 7D
ID: A1, Data: 885 79 89 7B 25 0 0 0
ID: 43F, Data: 843 48 60 FF 5B A8 13 0
ID: 43F, Data: 843 48 60 FF 5B AC 13 0
ID: 545, Data: 8E4 51 0 8A CC 1 CC 1
ID: 316, Data: 85 30 A5 15 39 17 1B 7D
ID: 316, Data: 85 30 C9 15 39 17 1B 7D
ID: 43F, Data: 843 48 60 FF 5C D8 13 0
ID: 440, Data: 8FE 63 1B A0 FF AA AA AA
ID: A0, Data: 83D 7B E1 15 1C 2C 2 0
ID: 316, Data: 85 32 C 16 38 17 1B 7D
ID: 545, Data: 8E4 57 0 8D EA 1 EA 1
ID: 43F, Data: 843 48 60 FF 5B 4 14 0
ID: 43F, Data: 843 48 60 FF 5B FC 13 0
ID: 440, Data: 8FE B3 1B A0 FF AA AA AA
ID: 316, Data: 85 33 45 16 38 16 1B 7D
ID: 316, Data: 85 35 45 16 38 16 1B 7D
ID: 43F, Data: 843 48 60 FF 5C 2C 14 0
ID: 316, Data: 85 34 6B 16 38 16 1C 7D
ID: 153, Data: 80 0 0 FF 0 FF 0 0
ID: 316, Data: 85 35 65 16 38 16 1C 7D
ID: 316, Data: 85 34 65 16 38 16 1C 7D
ID: 545, Data: 8E4 5A 0 8A 1B 2 1B 2
ID: 316, Data: 85 35 58 16 38 16 1C 7D
ID: 316, Data: 85 35 4B 16 38 16 1C 7D
ID: 545, Data: 8E4 5A 0 8A 24 2 24 2
ID: 316, Data: 85 36 C 16 38 16 1C 7D
ID: 316, Data: 85 35 EE 15 13 16 1C 7D
ID: 153, Data: 80 0 0 FF 0 FF 0 0
ID: 316, Data: 85 37 9F 15 14 16 1C 7D
ID: 43F, Data: 843 48 60 FF 5B B4 14 0
ID: 316, Data: 85 32 87 15 14 17 1C 7D
ID: 153, Data: 80 0 0 FF 0 FF 0 0
ID: 153, Data: 80 0 0 FF 0 FF 0 0
ID: 316, Data: 85 27 F1 14 16 18 1D 7D
ID: 153, Data: 80 0 0 FF 0 FF 0 0
ID: 316, Data: 85 21 CF 14 17 19 1D 7D
ID: 153, Data: 80 0 0 FF 0 FF 0 0
ID: 316, Data: 85 1D E6 14 17 19 1D 7D
ID: 316, Data: 85 1B CA 14 17 19 1D 7D
ID: 153, Data: 80 0 0 FF 0 FF 0 0
ID: 316, Data: 85 18 29 14 18 19 1D 7D
ID: 153, Data: 80 0 0 FF 0 FF 0 0
ID: 280, Data: 830 0 84 AE 26 11 61 32
ID: 316, Data: 85 17 31 13 1A 19 1D 7D
ID: 5F0, Data: 20 0
ID: 43F, Data: 843 48 60 FF 5B A4 14 0
ID: 153, Data: 80 0 0 FF 0 FF 0 0
ID: 260, Data: 8B 19 1B 30 0 FF 6A 3B
ID: 316, Data: 85 19 C3 11 1B 1A 1C 7D
ID: A1, Data: 883 77 7C 77 19 0 0 0
ID: 316, Data: 85 1A FE 10 1C 1A 1C 7D
ID: 153, Data: 80 0 0 FF 0 FF 0 0
ID: A1, Data: 882 77 7D 77 1A 0 0 0
ID: 329, Data: 884 AE 80 8 11 2E 0 26
ID: 545, Data: 8E4 26 0 8D 13 0 13 0
ID: 153, Data: 80 0 0 FF 0 FF 0 0
ID: 43F, Data: 843 48 60 FF 5B 54 14 0
ID: 1F1, Data: 80 DE E0 E0 D E4 30 E
ID: 316, Data: 85 1B BF 11 1B 19 1C 7D
ID: 280, Data: 830 0 84 AE 23 15 61 3A
ID: 1F1, Data: 80 E0 DE D0 D E2 40 E
ID: 316, Data: 85 1B E7 12 1A 19 1C 7D
ID: 260, Data: 8B 1B 1A 30 0 FF 7B 1A
ID: 1F0, Data: 868 40 B5 BF 0 0 0 0
ID: 153, Data: 80 0 0 FF 0 FF 0 0
ID: 316, Data: 85 1A 83 13 18 19 1C 7D
ID: 153, Data: 80 0 0 FF 0 FF 0 0
ID: A1, Data: 880 77 7D 77 1B 0 0 0
ID: 329, Data: 840 AE 80 8 12 2E 0 26
ID: 280, Data: 830 0 84 AE 26 13 61 37
ID: 153, Data: 80 0 0 FF 0 FF 0 0
ID: 43F, Data: 843 48 60 FF 5B 68 13 0
ID: 316, Data: 85 19 28 13 18 19 1B 7D
ID: 280, Data: 830 0 84 AE 26 13 61 38
ID: 153, Data: 80 0 0 FF 0 FF 0 0
ID: 280, Data: 830 0 84 AE 25 14 61 37
ID: 1F1, Data: 80 45 CF C0 C CD 30 D
ID: 1F0, Data: 868 40 B5 BF 0 0 0 0
ID: 153, Data: 80 0 0 FF 0 FF 0 0
ID: 153, Data: 80 0 0 FF 0 FF 0 0
ID: 153, Data: 80 0 0 FF 0 FF 0 0
ID: 260, Data: 8B 1A 19 30 0 FF 7B 3A
ID: 316, Data: 85 1A D7 11 19 19 19 7D
ID: 43F, Data: 843 48 60 FF 5B D4 11 0
ID: 316, Data: 85 1A C3 11 19 19 19 7D
ID: 18F, Data: 8AA 31 0 0 0 0 0 0
ID: 153, Data: 80 0 0 FF 0 FF 0 0
ID: 316, Data: 85 1A 50 11 19 1A 18 7D
ID: 18F, Data: 8AA 31 0 0 0 0 0 0
ID: 153, Data: 80 0 0 FF 0 FF 0 0
ID: 153, Data: 80 0 0 FF 0 FF 0 0
ID: 43F, Data: 843 48 60 FF 5B D8 10 0
ID: 280, Data: 830 0 84 AF 21 14 61 39
ID: 43F, Data: 843 48 60 FF 5B 9C 10 0
ID: 316, Data: 85 1A 50 10 1A 1A 17 7D
ID: 153, Data: 80 0 0 FF 0 FF 0 0
ID: 316, Data: 85 1A F6 F 1B 1A 17 7D
ID: 316, Data: 85 1A E9 F 1B 1A 16 7D
ID: 329, Data: 8ED AF 80 8 12 2D 0 26
ID: A1, Data: 885 77 85 77 1B 0 0 0
ID: 43F, Data: 83 48 60 FF 5B 70 F 0
ID: 43F, Data: 83 48 60 FF 5B 5C F 0
ID: 370, Data: 8FF E0 F0 FF FF FF FF FF
ID: 43F, Data: 83 48 60 FF 5B F8 E 0
ID: 153, Data: 80 0 0 FF 0 FF 0 0
ID: 316, Data: 85 1B BD E 1C 1B 15 7D
ID: 153, Data: 80 0 0 FF 0 FF 0 0
ID: 316, Data: 85 1B 9E E 1D 1B 14 7D
ID: 316, Data: 85 1B 9E E 1D 1B 14 7D
ID: 545, Data: 8E4 25 0 8D F 0 F 0
ID: 316, Data: 85 1C 2F E 1D 1B 13 7D
ID: 153, Data: 80 0 0 FF 0 FF 0 0
ID: 316, Data: 85 1C B7 D 1E 1B 13 7D
ID: 153, Data: 80 0 0 FF 0 FF 0 0
ID: 153, Data: 80 0 0 FF 0 FF 0 0
ID: 316, Data: 85 1D 81 D 1F 1B 12 7D
ID: 43F, Data: 83 48 60 FF 5B A0 C 0
ID: 370, Data: 8FF E0 F0 FF FF FF FF FF
ID: 316, Data: 85 1E 40 D 1F 1B 11 7D
ID: 153, Data: 80 0 0 FF 0 FF 0 0
ID: 316, Data: 85 1F FA C 1F 1B 11 7D
ID: 153, Data: 80 0 0 FF 0 FF 0 0
ID: 316, Data: 85 1F C3 C 20 1B 10 7D
ID: 1F1, Data: 80 1 79 B0 7 7F E0 7
ID: 153, Data: 80 0 0 FF 0 FF 0 0
ID: 260, Data: 8B 20 20 30 0 FF 74 23
ID: 153, Data: 80 0 0 FF 0 FF 0 0
ID: A1, Data: 884 78 84 78 20 0 0 0
ID: 280, Data: 830 0 84 AF 18 18 61 45
ID: 2A0, Data: 840 2 61 1C 3D 0 17 0
ID: 316, Data: 85 21 E0 B 22 1B E 7D
ID: 153, Data: 80 0 0 FF 0 FF 0 0
ID: 316, Data: 85 21 9D B 22 1A E 7D
ID: 153, Data: 80 0 0 FF 0 FF 0 0
ID: 316, Data: 85 22 68 B 23 1A E 7D
ID: 5F0, Data: 20 0
ID: 316, Data: 85 22 29 B 23 1A D 7D
ID: 316, Data: 85 22 32 B 23 1A D 7D
ID: 280, Data: 830 0 84 AF 16 1A 61 48
ID: A1, Data: 884 78 86 78 22 0 0 0
ID: 153, Data: 80 0 0 FF 0 FF 0 0
ID: 316, Data: 85 23 16 B 23 1A C 7D
ID: 153, Data: 80 0 0 FF 0 FF 0 0
ID: 316, Data: 85 23 1C B 23 1A C 7D
ID: 153, Data: 80 0 0 FF 0 FF 0 0
ID: 153, Data: 80 0 0 FF 0 FF 0 0
ID: 43F, Data: 83 48 60 FF 5B 50 8 0
ID: 153, Data: 80 0 0 FF 0 FF 0 0
ID: 5F0, Data: 20 0
ID: 153, Data: 80 0 0 FF 0 FF 0 0
ID: A0, Data: 833 7C 17 B C 24 2 0
ID: 329, Data: 8B AF 80 8 12 2B 0 26
ID: 316, Data: 85 23 0 B 23 1A B 7D
ID: 2A0, Data: 8E0 2 61 1C 3D 0 17 0
ID: 260, Data: 8B 23 24 30 0 FF 71 1
ID: 153, Data: 80 0 0 FF 0 FF 0 0
ID: 153, Data: 80 0 0 FF 0 FF 0 0
ID: 440, Data: 8FD B3 A A0 FF AA AA AA
ID: 18F, Data: 8AA 31 0 0 0 0 0 0
ID: 316, Data: 85 24 AD A 24 1A A 7D
ID: 5F0, Data: 20 0
ID: 43F, Data: 8A 48 60 FF 5B 18 7 0
ID: 153, Data: 80 0 0 FF 0 FF 0 0
ID: 153, Data: 80 0 0 FF 0 FF 0 0
ID: 440, Data: 8F2 13 9 A0 FF AA AA AA
ID: 43F, Data: 8A 48 60 FF 5B D0 6 0
ID: 440, Data: 8F0 13 9 A0 FF AA AA AA
ID: 316, Data: 85 24 71 A 25 1A 9 7D
ID: 153, Data: 80 0 0 FF 0 FF 0 0
ID: 316, Data: 85 25 81 A 24 1A 9 7D
ID: 153, Data: 80 0 0 FF 0 FF 0 0
ID: 316, Data: 85 25 C5 A 24 1A 9 7D
ID: 43F, Data: 8A 48 60 FF 5B 8C 9 0
ID: 440, Data: 8FE 13 8 A0 FF AA AA AA
ID: 316, Data: 85 24 2D B 23 1A 8 7D
ID: A1, Data: 884 78 86 78 24 0 0 0
ID: 316, Data: 85 24 22 B 23 1A 8 7D
ID: 153, Data: 80 0 0 FF 0 FF 0 0
ID: 153, Data: 80 0 0 FF 0 FF 0 0
ID: 153, Data: 80 0 0 FF 0 FF 0 0
ID: A1, Data: 884 78 86 78 23 0 0 0
ID: 280, Data: 830 0 84 AF 16 1A 61 49
ID: 2A0, Data: 880 1 61 1C 3D 0 17 0
ID: 5F0, Data: 20 0
ID: 43F, Data: 82 48 60 FF 5B FC 7 0
ID: 316, Data: 85 23 E0 A 23 1A 7 7D
ID: 316, Data: 85 23 E0 A 24 1A 7 7D
ID: 280, Data: 830 0 84 AF 15 1A 61 4A
ID: 153, Data: 80 0 0 FF 0 FF 0 0
ID: 153, Data: 80 0 0 FF 0 FF 0 0
ID: 316, Data: 85 23 8D A 24 1A 7 7D
ID: 440, Data: 8F6 72 6 A0 FF AA AA AA
ID: 153, Data: 80 0 0 FF 0 FF 0 0
ID: 316, Data: 85 24 4C A 25 1A 6 7D
ID: 153, Data: 80 0 0 FF 0 FF 0 0
ID: 316, Data: 85 24 23 A 25 19 6 7D
ID: 370, Data: 8FF E0 F0 FF FF FF FF FF
ID: 316, Data: 85 25 F9 9 26 19 6 7D
ID: 316, Data: 85 25 D2 9 26 19 5 7D
ID: 153, Data: 80 0 0 FF 0 FF 0 0
ID: 316, Data: 85 26 EB 9 26 19 5 7D
ID: 316, Data: 85 26 F8 9 26 19 5 7D
ID: 153, Data: 80 0 0 FF 0 FF 0 0
ID: 545, Data: 8E4 22 0 8C E5 0 E5 0
ID: 153, Data: 80 0 0 FF 0 FF 0 0
ID: 280, Data: 830 0 84 AF 14 1C 61 4D
ID: 43F, Data: 82 48 60 FF 5B F4 4 0
ID: A0, Data: 837 7C 48 A 5 24 2 0
ID: 316, Data: 85 26 41 A 25 19 4 7D
ID: 440, Data: 8D5 72 4 A0 FF AA AA AA
ID: 316, Data: 85 25 5B A 25 19 4 7D
ID: 545, Data: 8E4 24 0 89 D3 0 D3 0
ID: A1, Data: 880 7F 81 80 24 0 0 0
ID: 153, Data: 80 0 0 FF 0 FF 0 0
ID: 153, Data: 80 0 0 FF 0 FF 0 0
ID: A1, Data: 881 7F 81 80 24 0 0 0
ID: 2A0, Data: 880 1 61 1C 3D 0 17 0
ID: 153, Data: 80 0 0 FF 0 FF 0 0
ID: 43F, Data: 82 48 60 FF 5B 8 4 0
ID: 2A0, Data: 8E0 1 61 1C 3D 0 17 0
ID: A0, Data: 834 7C 4D A 4 23 2 0
ID: 5F0, Data: 20 0
ID: 1F1, Data: 80 9A 1B B0 1 1C C0 1
ID: A1, Data: 881 7F 81 80 24 0 0 0
ID: 43F, Data: 82 48 60 FF 5B D4 3 0
ID: 43F, Data: 82 48 60 FF 5B CC 3 0
ID: 43F, Data: 82 48 60 FF 5B BC 3 0
ID: 43F, Data: 82 48 60 FF 5B C0 3 0
ID: 370, Data: 8FF E0 F0 FF FF FF FF FF
ID: 370, Data: 8FF E0 F0 FF FF FF FF FF
ID: 316, Data: 85 24 28 A 25 19 3 7D
ID: 43F, Data: 82 48 60 FF 5B 98 3 0
ID: 43F, Data: 82 48 60 FF 5B 90 3 0
ID: 43F, Data: 82 48 60 FF 5B 88 3 0
ID: 329, Data: 884 AF 80 8 12 2B 0 26
ID: A1, Data: 880 7F 80 80 24 0 0 0
ID: 153, Data: 80 0 0 FF 0 FF 0 0
ID: 316, Data: 85 25 1B A 25 19 3 7D
ID: 43F, Data: 82 48 60 FF 5B 50 3 0
ID: 43F, Data: 82 48 60 FF 5B 44 3 0
ID: 440, Data: 8C2 22 2 A0 FF AA AA AA
ID: 316, Data: 85 25 26 A 25 19 3 7D
ID: 1F1, Data: 80 AB 16 60 1 16 60 1
ID: 153, Data: 80 0 0 FF 0 FF 0 0
ID: 316, Data: 85 25 15 A 25 19 2 7D
ID: 153, Data: 80 0 0 FF 0 FF 0 0
ID: 316, Data: 85 25 36 A 25 19 2 7D
ID: 370, Data: 8FF E0 F0 FF FF FF FF FF
ID: 153, Data: 80 0 0 FF 0 FF 0 0
ID: 316, Data: 85 25 25 A 25 19 2 7D
ID: 260, Data: 8B 25 25 30 0 FF 72 1C
ID: A0, Data: 837 7C 29 A 3 23 2 0
ID: 316, Data: 85 25 15 A 25 19 2 7D
ID: 153, Data: 80 0 0 FF 0 FF 0 0
ID: 316, Data: 85 25 B A 25 19 2 7D
ID: 440, Data: 8BA 22 2 A0 FF AA AA AA
ID: 43F, Data: 82 48 60 FF 5B 5C 2 0
ID: 260, Data: 8B 25 26 30 0 FF 73 1A
ID: 153, Data: 80 0 0 FF 0 FF 0 0
ID: 316, Data: 85 25 5 A 26 19 2 7D
ID: 153, Data: 80 0 0 FF 0 FF 0 0
ID: 316, Data: 85 25 24 A 25 19 2 7D
ID: 43F, Data: 89 48 60 FF 5B 10 2 0
ID: 43F, Data: 89 48 60 FF 5B FC 1 0
ID: 370, Data: 8FF E0 F0 FF FF FF FF FF
ID: 440, Data: 8B6 22 1 A0 FF AA AA AA
ID: 316, Data: 85 25 25 A 25 19 1 7D
ID: 316, Data: 85 25 17 A 25 19 1 7D
ID: 2A0, Data: 840 0 61 1C 3D 0 17 0
ID: 43F, Data: 89 48 60 FF 5B BC 1 0
ID: 153, Data: 80 0 0 FF 0 FF 0 0
ID: 43F, Data: 89 48 60 FF 5C A8 1 0
ID: 153, Data: 80 0 0 FF 0 FF 0 0
ID: 153, Data: 80 0 0 FF 0 FF 0 0
ID: 316, Data: 85 25 DB 9 27 19 1 7D
ID: 18F, Data: 8AA 31 0 0 0 0 0 0
ID: 316, Data: 85 25 D8 9 26 19 1 7D
ID: A1, Data: 87C 7F 7C 80 25 0 0 0
ID: 153, Data: 80 0 0 FF 0 FF 0 0
ID: 43F, Data: 89 48 60 FF 5C 44 1 0
ID: 5F0, Data: 20 0
ID: 43F, Data: 89 48 60 FF 5B 1C 1 0
ID: 440, Data: 8AE 82 0 A0 FF AA AA AA
ID: 316, Data: 85 25 A A 26 19 1 7D
ID: 280, Data: 830 0 84 AF 14 1B 61 4E
ID: 2A0, Data: 840 0 61 1C 3D 0 17 0
ID: 316, Data: 85 25 14 A 26 19 1 7D
ID: 153, Data: 80 0 0 FF 0 FF 0 0
ID: 316, Data: 85 25 FE 9 26 19 1 7D
ID: 316, Data: 85 25 8 A 26 19 0 7D
ID: 316, Data: 85 25 FE 9 26 19 0 7D
ID: 316, Data: 85 25 D8 9 26 19 0 7D
ID: A0, Data: 837 7C FE 9 1 23 2 0
ID: 43F, Data: 89 48 60 FF 5B EC 0 0
ID: 153, Data: 80 0 0 FF 0 FF 0 0
ID: 316, Data: 85 25 F3 9 26 19 0 7D
ID: 153, Data: 80 0 0 FF 0 FF 0 0
ID: 153, Data: 80 0 0 FF 0 FF 0 0
ID: 43F, Data: 89 48 60 FF 5B 98 0 0
ID: 545, Data: 8E4 22 0 8C D0 0 D0 0
ID: 153, Data: 80 0 0 FF 0 FF 0 0
ID: 43F, Data: 81 48 60 FF 5C A4 0 0
ID: 18F, Data: 8AA 32 0 0 0 0 0 0
ID: 153, Data: 80 0 0 FF 0 FF 0 0
ID: A0, Data: 839 7C A A 1 24 2 0
ID: 329, Data: 884 B0 80 8 12 2B 0 26
ID: 153, Data: 80 0 0 FF 0 FF 0 0
ID: 545, Data: 8E4 22 0 88 D9 0 D9 0
ID: 316, Data: 85 25 3A A 25 19 0 7D
ID: 1F1, Data: 80 BC 2 20 0 2 20 0
ID: 43F, Data: 81 48 60 FF 5B 60 0 0
ID: 43F, Data: 81 48 60 FF 5C 60 0 0
ID: 43F, Data: 81 48 60 FF 5C 28 0 0
ID: 153, Data: 80 0 0 FF 0 FF 0 0
ID: 370, Data: 8FF E0 F0 FF FF FF FF FF
ID: 43F, Data: 81 48 60 FF 5B 0 0 0
ID: 2A0, Data: 8E0 0 61 1C 3D 0 17 0
ID: 370, Data: 8FF E0 F0 FF FF FF FF FF
ID: 153, Data: 80 0 0 FF 0 FF 0 0
ID: 153, Data: 80 0 0 FF 0 FF 0 0
ID: 316, Data: 85 25 2C A 26 19 0 7D
ID: 43F, Data: 81 48 60 FF 5C 0 0 0
ID: 440, Data: 8A6 31 0 A0 FF AA AA AA
ID: 43F, Data: 81 48 60 FF 5C 0 0 0
ID: A1, Data: 880 7F 7C 7F 25 0 0 0
ID: 153, Data: 80 0 0 FF 0 FF 0 0
ID: 153, Data: 80 0 0 FF 0 FF 0 0
ID: 5A0, Data: 80 0 0 90 0 0 0 0
ID: 280, Data: 830 0 84 B0 14 1B 61 4D
ID: 316, Data: 85 25 A A 26 19 0 7D
ID: 18F, Data: 8AA 32 0 0 0 0 0 0
ID: A0, Data: 837 7C 10 A 0 23 2 0
ID: 329, Data: 8ED B0 80 8 12 2B 0 26
ID: 316, Data: 85 25 1C A 26 19 0 7D
ID: A1, Data: 880 7F 7E 7F 25 0 0 0
ID: 153, Data: 80 0 0 FF 0 FF 0 0
ID: 316, Data: 85 25 32 A 26 19 0 7D
ID: 370, Data: 8FF E0 F0 FF FF FF FF FF
ID: 153, Data: 80 0 0 FF 0 FF 0 0
ID: 2A0, Data: 880 0 61 1C 3D 0 17 0
ID: 316, Data: 85 25 19 A 26 19 0 7D
ID: 545, Data: 8E4 22 0 8C 29 0 29 0
ID: 153, Data: 80 0 0 FF 0 FF 0 0
ID: 153, Data: 80 0 0 FF 0 FF 0 0
ID: 370, Data: 8FF E0 F0 FF FF FF FF FF
ID: 280, Data: 830 0 84 B0 14 1C 61 4F
ID: 316, Data: 85 27 4B A 2D 22 0 7D
ID: 329, Data: 884 B0 80 8 12 2D 0 26
ID: A0, Data: 83D 7C 4B A 0 25 2 0
ID: 316, Data: 85 28 38 A 2D 22 0 7D
ID: 153, Data: 80 0 0 FF 0 FF 0 0
ID: 316, Data: 845 29 81 A 2C 22 0 7D
ID: 153, Data: 80 0 0 FF 0 FF 0 0
ID: 153, Data: 80 0 0 FF 0 FF 0 0
ID: 316, Data: 845 29 69 A 2C 22 0 7D
ID: 43F, Data: 81 48 60 FF 5C 0 0 0
ID: 316, Data: 845 2A 1C A 2D 22 0 7D
ID: 440, Data: 8AE E1 0 A0 FF AA AA AA
ID: 545, Data: 8E4 25 0 8D 9B 0 9B 0
ID: 316, Data: 845 2B E6 9 2D 22 0 7D
ID: 153, Data: 80 0 0 FF 0 FF 0 0
ID: 260, Data: 8B 2C 2E 30 0 FF 79 15
ID: 316, Data: 845 2C F7 9 2D 21 0 7D
ID: A1, Data: 87E 80 80 80 29 0 0 0
ID: 43F, Data: 81 48 60 FF 5C 0 0 0
ID: 153, Data: 80 0 0 FF 0 FF 0 0
ID: 316, Data: 845 2C 23 A 2C 21 0 7D
ID: 153, Data: 80 0 0 FF 0 FF 0 0
ID: 316, Data: 845 2C 25 A 2C 21 0 7D
ID: 316, Data: 845 2C 2C A 2C 22 0 7D
ID: 1F1, Data: 80 BC 0 0 0 0 0 0
ID: 153, Data: 80 0 0 FF 0 FF 0 0
ID: 316, Data: 845 2C 49 A 2C 22 0 7D
ID: 440, Data: 8AE E1 0 A0 FF AA AA AA
ID: 280, Data: 830 0 84 B0 14 1E 61 56
ID: 153, Data: 80 0 0 FF 0 FF 0 0
ID: 316, Data: 845 2B 55 A 2C 22 0 7D
ID: 316, Data: 845 2B 60 A 2C 22 0 7D
ID: 545, Data: 8E4 29 0 8D 9D 0 9D 0
ID: 153, Data: 80 0 0 FF 0 FF 0 0
ID: 43F, Data: 81 48 60 FF 5C 0 0 0
ID: 1F1, Data: 80 BC 0 0 0 0 0 0
ID: 153, Data: 80 0 0 FF 0 FF 0 0
ID: 2A0, Data: 820 0 61 1C 3D 0 17 0
ID: 43F, Data: 81 48 60 FF 5C 0 0 0
ID: 280, Data: 830 0 84 B0 14 1E 61 55
ID: 260, Data: 8B 2B 2D 30 0 FF 71 0
ID: 153, Data: 80 0 0 FF 0 FF 0 0
ID: 316, Data: 845 2B E A 2D 22 0 7D
ID: 43F, Data: 81 48 60 FF 5C 0 0 0
ID: 316, Data: 845 2B FC 9 2D 22 0 7D
ID: 370, Data: 8FF E0 F0 FF FF FF FF FF
ID: 2A0, Data: 8E0 0 61 1C 3D 0 17 0
ID: 316, Data: 845 2B 17 A 2D 22 0 7D
ID: 316, Data: 845 2B 1B A 2C 22 0 7D
ID: A1, Data: 880 80 81 80 29 0 0 0
ID: 43F, Data: 81 48 60 FF 5C DC 1 0
ID: 153, Data: 80 0 0 FF 0 FF 0 0
ID: 43F, Data: 81 48 60 FF 5C 18 2 0
ID: 316, Data: 845 2B 54 A 2C 22 0 7D
ID: 153, Data: 80 0 0 FF 0 FF 0 0
ID: 18F, Data: 8AA 3A 0 0 0 0 0 0
ID: 316, Data: 845 30 63 A 44 22 0 7D
ID: 316, Data: 845 31 65 A 47 22 0 7D
ID: 545, Data: 8E4 28 0 8A 16 1 16 1
ID: 43F, Data: 81 48 60 FF 5C 84 3 0
ID: 43F, Data: 81 48 60 FF 5C B0 3 0
ID: 5F0, Data: 20 0
ID: 316, Data: 845 37 A0 A 50 21 1 7D
ID: 153, Data: 80 0 0 FF 0 FF 0 0
ID: A1, Data: 880 7A 7E 7C 2D 0 0 0
ID: 329, Data: 8ED B0 80 8 11 31 11 26
ID: 329, Data: 8B B0 80 8 11 32 14 26
ID: 316, Data: 845 3E A4 B 5B 21 2 7D
ID: 153, Data: 80 0 0 FF 0 FF 0 0
ID: A0, Data: 856 7D 6F B 2 2A 2 0
ID: 316, Data: 845 44 1D D 5F 21 2 7D
ID: 316, Data: 845 46 D4 D 5E 20 2 7D
ID: A1, Data: 880 7A 7E 7C 32 0 0 0
ID: 153, Data: 80 0 0 FF 0 FF 0 0
ID: 316, Data: 845 49 F6 F 5A 1F 2 7D
ID: 153, Data: 80 0 0 FF 0 FF 0 0
ID: 316, Data: 845 49 23 11 58 1F 3 7D
ID: 153, Data: 80 0 0 FF 0 FF 0 0
ID: 316, Data: 845 4C 19 12 57 1E 3 7D
ID: 316, Data: 845 4C BE 12 57 1E 3 7D
ID: A1, Data: 881 7A 80 7C 38 0 0 0
ID: 316, Data: 845 4C A0 13 55 1D 4 7D
ID: 316, Data: 845 4C 14 14 55 1D 4 7D
ID: 18F, Data: 8AA 3B 0 0 0 0 0 0
ID: 316, Data: 845 4B A3 14 54 1D 5 7D
ID: 43F, Data: 81 48 60 FF 5C 18 D 0
ID: 153, Data: 80 0 0 FF 0 FF 0 0
ID: 2A0, Data: 8A1 7 61 1C 3D 0 17 0
ID: 153, Data: 80 0 0 FF 0 FF 0 0
ID: 280, Data: 830 0 88 B0 2B 2C 61 7B
ID: 316, Data: 845 49 B7 15 59 1D 7 7D
ID: 43F, Data: 81 48 60 FF 5C 54 10 0
ID: 316, Data: 845 4E 25 16 5D 1D 7 7D
ID: 260, Data: 8B 50 5F 30 0 FF C1 E
ID: 316, Data: 845 51 33 17 5E 1C 8 7D
ID: 316, Data: 845 51 B9 17 5D 1C 8 7D
ID: 18F, Data: 8AA 3C 0 0 0 0 0 0
ID: 316, Data: 845 54 B0 18 5D 1C 9 7D
ID: 43F, Data: 81 48 60 FF 5C B4 14 0
ID: 316, Data: 845 55 DF 19 5C 1C 9 7D
ID: 153, Data: 80 0 0 FF 0 FF 0 0
ID: 153, Data: 80 0 0 FF 0 FF 0 0
ID: 316, Data: 845 54 23 1B 5A 1C A 7D
ID: 440, Data: 8FE 31 B A0 FF AA AA AA
ID: 316, Data: 845 53 D1 1B 59 1C B 7D
ID: A1, Data: 883 7C 81 7F 3F 0 0 0
ID: 43F, Data: 81 48 60 FF 5C 5C 19 0
ID: 43F, Data: 81 48 60 FF 5C DC 19 0
ID: 280, Data: 830 0 88 B0 3A 32 61 84
ID: 316, Data: 845 52 D9 1D 57 1C C 7D
ID: 316, Data: 845 52 41 1E 57 1C D 7D
ID: 43F, Data: 81 48 60 FF 5C 58 1C 0
ID: 370, Data: 8FF E0 F0 FF FF FF FF FF
ID: 2A0, Data: 8C1 F 61 1C 3D 0 17 0
ID: 153, Data: 80 0 0 FF 0 FF 0 0
ID: 316, Data: 845 4F E5 20 54 1D E 7D
ID: 153, Data: 80 0 0 FF 0 FF 0 0
ID: 260, Data: 8B 50 54 30 0 FF C5 32
ID: 316, Data: 845 4F 12 22 54 1D F 7D
ID: A1, Data: 883 7C 82 7E 3B 0 0 0
ID: 316, Data: 845 4F 16 23 53 1D F 7D
ID: 153, Data: 80 0 0 FF 0 FF 0 0
ID: A0, Data: 859 7D 86 23 10 39 2 0
ID: 329, Data: 8ED B0 80 8 11 43 23 26
ID: 260, Data: 8B 4D 52 30 0 FF C5 38
ID: 316, Data: 845 4C 1B 25 51 1E 11 7D
ID: 316, Data: 845 4B 86 25 4F 1E 11 7D
ID: 316, Data: 845 4B 5 26 4E 1E 11 7D
ID: 260, Data: 8B 4B 4E 30 0 FF C6 10
ID: 153, Data: 80 0 0 FF 0 FF 0 0
ID: 316, Data: 845 49 23 27 4D 1F 12 7D
ID: 370, Data: 8FF DD F0 FF FF FF FF FF
ID: 153, Data: 80 0 0 FF 0 FF 0 0
ID: 316, Data: 845 47 52 28 4C 1F 13 7D
ID: 153, Data: 80 0 0 FF 0 FF 0 0
ID: 1F1, Data: 80 56 9E D0 9 A3 20 A
ID: 329, Data: 840 B0 80 8 11 44 22 26
ID: 43F, Data: 8A 48 60 FF 5C 4C 28 0
ID: 43F, Data: 8A 48 60 FF 5C 9C 28 0
ID: 2A0, Data: 861 14 61 1C 3D 0 17 0
ID: 316, Data: 845 45 A4 2A 4A 20 14 7D
ID: 316, Data: 845 46 2 2B 48 20 14 7D
ID: 43F, Data: 8A 48 60 FF 5C E8 29 0
ID: 316, Data: 845 46 92 2B 3D 20 14 7D
ID: 260, Data: 8B 46 3C 30 0 FF C4 29
ID: 153, Data: 80 0 0 FF 0 FF 0 0
ID: 329, Data: 884 B0 80 8 11 42 1A 26
ID: 316, Data: 845 3F C3 2B 3C 21 15 7D
ID: 43F, Data: 8A 48 60 2E 5C 8C 29 0
ID: 316, Data: 845 2A 1A 2A 3D 21 15 7D
ID: A0, Data: 847 7D 4A 2B 15 38 2 0
ID: 316, Data: 845 25 5E 27 40 20 15 7D
ID: 316, Data: 845 26 BC 25 41 20 15 7D
ID: 153, Data: 80 0 0 FF 0 FF 0 0
ID: 18F, Data: 8AA 3F 0 0 0 0 0 0
ID: 316, Data: 845 29 F4 21 44 1F 16 7D
ID: 43F, Data: 8A 48 60 2C 5C 14 1F 0
ID: 153, Data: 80 0 0 FF 0 FF 0 0
ID: 153, Data: 80 0 0 FF 0 FF 0 0
ID: 316, Data: 845 46 65 1E 43 1D 16 7D
ID: 370, Data: 8FF DD F0 FF FF FF FF FF
ID: 316, Data: 845 4B 69 1D 3D 1D 17 7D
ID: 153, Data: 80 0 0 FF 0 FF 0 0
ID: 329, Data: 884 B0 80 8 11 3C 12 26
ID: 316, Data: 845 47 F1 1C 3E 1E 17 7D
ID: 43F, Data: 8A 48 60 FF 5D 28 1B 0
ID: 316, Data: 845 44 53 1D 3D 1E 17 7D
ID: A1, Data: 881 7A 85 7C 33 0 0 0
ID: 370, Data: 8FF DD F0 FF FF FF FF FF
ID: 43F, Data: 8A 48 60 FF 5C 9C 1B 0
ID: 153, Data: 80 0 0 FF 0 FF 0 0
ID: 153, Data: 80 0 0 FF 0 FF 0 0
ID: 316, Data: 845 3B A1 1D 3D 1F 18 7D
ID: 370, Data: 8FF DD F0 FF FF FF FF FF
ID: 316, Data: 845 3A E5 1D 3D 1F 18 7D
ID: 1F0, Data: 821 40 B5 BF 0 0 0 0
ID: 440, Data: 8FE 22 19 A0 FF AA AA AA
ID: 18F, Data: 8AA 40 0 0 0 0 0 0
ID: 5A0, Data: 80 0 0 90 0 0 0 0
ID: 316, Data: 845 39 7 1E 3D 1F 18 7D
ID: A1, Data: 880 7A 83 7C 30 0 0 0
ID: 153, Data: 80 0 0 FF 0 FF 0 0
ID: 440, Data: 8FE 22 19 A0 FF AA AA AA
ID: 153, Data: 80 0 0 FF 0 FF 0 0
ID: 440, Data: 8FE 22 19 A0 FF AA AA AA
ID: 43F, Data: 82 48 60 FF 5C 4 1D 0
ID: 153, Data: 80 0 0 FF 0 FF 0 0
ID: 316, Data: 845 3A E9 1E 3C 1F 19 7D
ID: 440, Data: 8FE 22 1A A0 FF AA AA AA
ID: 153, Data: 80 0 0 FF 0 FF 0 0
ID: 43F, Data: 82 48 60 FF 5C 98 1D 0
ID: 153, Data: 80 0 0 FF 0 FF 0 0
ID: 316, Data: 845 3B 4C 1F 3C 1F 19 7D
ID: 153, Data: 80 0 0 FF 0 FF 0 0
ID: 18F, Data: 8AA 41 0 0 0 0 0 0
ID: 316, Data: 845 3A 7E 1F 3C 1F 19 7D
ID: 153, Data: 80 0 0 FF 0 FF 0 0
ID: 43F, Data: 82 48 60 FF 5C 24 1E 0
ID: 18F, Data: 8AA 41 0 0 0 0 0 0
ID: 316, Data: 845 3A D8 1F 3B 1F 1A 7D
ID: 153, Data: 80 0 0 FF 0 FF 0 0
ID: 153, Data: 80 0 0 FF 0 FF 0 0
ID: 316, Data: 845 3A 1A 20 3B 1F 1A 7D
ID: 153, Data: 80 0 0 FF 0 FF 0 0
ID: 280, Data: 830 0 88 B0 40 23 61 65
ID: 316, Data: 845 39 5C 20 3F 1F 1A 7D
ID: 153, Data: 80 0 0 FF 0 FF 0 0
ID: 43F, Data: 82 48 60 FF 5C 10 1F 0
ID: 153, Data: 80 0 0 FF 0 FF 0 0
ID: 329, Data: 8B B0 80 8 11 44 26 26
ID: 316, Data: 845 4E 63 21 54 14 1A 7D
ID: 280, Data: 830 0 88 B0 43 32 61 7E
ID: 316, Data: 845 54 5D 22 55 13 1B 7D
ID: 260, Data: 8B 54 56 30 0 FF C1 30
ID: 5F0, Data: 20 0
ID: 545, Data: 8E4 EE 0 8A 6B 4 6B 4
ID: 329, Data: 8ED B0 80 8 11 44 2C 26
ID: 18F, Data: 8AA 41 0 0 0 0 0 0
ID: 153, Data: 80 0 0 FF 0 FF 0 0
ID: 316, Data: 85 54 36 23 64 14 1C 7D
ID: 43F, Data: 82 48 60 FF 5C E0 20 0
ID: 316, Data: 85 59 F8 23 65 13 1C 7D
ID: 280, Data: 830 0 88 B0 48 37 61 86
ID: 5F0, Data: 20 0
ID: 316, Data: 85 5D 1B 25 63 13 1D 7D
ID: 1F0, Data: 83E 40 B5 BF 0 0 0 0
ID: 1F1, Data: 80 13 F8 D0 E 0 51 F
ID: 153, Data: 80 0 0 FF 0 FF 0 0
ID: 153, Data: 80 0 0 FF 0 FF 0 0
ID: 370, Data: 8FF DA F0 FF FF FF FF FF
ID: 280, Data: 830 0 88 B0 4C 38 61 86
ID: 316, Data: 85 5D 89 26 62 14 1E 7D
ID: 2A0, Data: 8C1 1B 61 1C 3D 0 17 0
ID: 43F, Data: 82 48 60 FF 5C D4 23 0
ID: 43F, Data: 82 48 60 FF 5C C 24 0
ID: A0, Data: 869 7C 10 27 20 3F 2 0
ID: 316, Data: 85 5C 72 27 67 14 20 7D
ID: 153, Data: 80 0 0 FF 0 FF 0 0
ID: 316, Data: 85 5F EB 27 66 14 20 7D
ID: 316, Data: 85 5F 52 28 66 14 20 7D
ID: 153, Data: 80 0 0 FF 0 FF 0 0
ID: 316, Data: 85 5F E6 28 66 14 21 7D
ID: 153, Data: 80 0 0 FF 0 FF 0 0
ID: 316, Data: 85 5F 52 29 65 14 21 7D
ID: 316, Data: 85 5F 68 29 65 14 21 7D
ID: 43F, Data: 82 48 60 FF 5C DC 26 0
ID: 370, Data: 8FF DD F0 FF FF FF FF FF
ID: 280, Data: 830 0 88 B0 54 38 61 82
ID: 153, Data: 80 0 0 FF 0 FF 0 0
ID: 316, Data: 85 5E 8D 2A 69 15 23 7D
ID: 316, Data: 85 5F D3 2A 6A 15 23 7D
ID: 43F, Data: 82 48 60 FF 5C 64 28 0
ID: 316, Data: 85 61 62 2B 6D 15 23 7D
ID: 260, Data: 8B 64 71 30 0 FF B9 1D
ID: 316, Data: 85 66 D 2C 73 15 24 7D
ID: 316, Data: 85 69 58 2C 73 15 24 7D
ID: 43F, Data: 82 48 60 FF 5C D8 29 0
ID: 316, Data: 85 6F 3F 2D 73 15 25 7D
ID: 329, Data: 8ED AF 80 8 11 51 41 26
ID: 153, Data: 80 0 0 FF 0 FF 0 0
ID: 316, Data: 85 6E 15 2E 73 15 26 7D
ID: 153, Data: 80 0 0 FF 0 FF 0 0
ID: A0, Data: 87C 7C 4B 2E 27 45 2 0
ID: 316, Data: 85 6D 82 2E 72 16 26 7D
ID: 260, Data: 8B 6D 73 30 0 FF B2 37
ID: 43F, Data: 82 48 60 FF 5C 5C 2C 0
ID: 43F, Data: 82 48 60 FF 5C B0 2C 0
ID: 370, Data: 8FF DD F0 FF FF FF FF FF
ID: 316, Data: 85 6B D8 2F 71 16 28 7D
ID: A0, Data: 87B 7C D8 2F 28 46 2 0
ID: 43F, Data: 82 48 60 FF 5C D4 2D 0
ID: 43F, Data: 82 48 60 FF 5C 8 2E 0
ID: 545, Data: 8E4 8C 1 8D D0 5 D0 5
ID: 18F, Data: 8AA 39 0 0 0 0 0 0
ID: 153, Data: 80 0 0 FF 0 FF 0 0
ID: 43F, Data: 8B 48 60 FF 5C 1C 2F 0
ID: 260, Data: 8B 6B 71 30 0 FF B2 2C
ID: 43F, Data: 8B 48 60 FF 5C 88 2F 0
ID: 440, Data: 8FE 72 2A A0 FF AA AA AA
ID: 2A0, Data: 8C1 2B 61 1C 3D 0 17 0
ID: 316, Data: 85 6B 81 32 71 17 2B 7D
ID: 280, Data: 830 0 88 AF 65 40 61 8C
ID: 43F, Data: 8B 48 60 FF 5C 24 30 0
ID: 316, Data: 85 6D E3 32 71 17 2B 7D
ID: 5F0, Data: 20 0
ID: 316, Data: 85 6D A2 32 71 17 2C 7D
ID: 43F, Data: 8B 48 60 5B 5C 68 2E 0
ID: 1F0, Data: 86A 40 B5 BF 0 0 0 0
ID: 153, Data: 80 0 0 FF 0 FF 0 0
ID: 153, Data: 80 0 0 FF 0 FF 0 0
ID: 43F, Data: 8B 48 60 60 5C CC 26 0
ID: 2A0, Data: 861 2E 61 1C 3D 0 17 0
ID: 370, Data: 8FF DD F0 FF FF FF FF FF
ID: 316, Data: 85 7F AF 26 7C 13 2D 7D
ID: 153, Data: 80 0 0 FF 0 FF 0 0
ID: 316, Data: 85 7E 76 26 7D 13 2E 7D
ID: 153, Data: 80 0 0 FF 0 FF 0 0
ID: 280, Data: 830 0 88 AF 4C 4A 60 97
ID: 316, Data: 85 7A 76 26 7D 13 2E 7D
ID: 43F, Data: 8B 48 60 FF 5C C 22 0
ID: 316, Data: 85 79 50 26 7D 13 2F 7D
ID: 316, Data: 85 79 76 26 7D 13 2F 7D
ID: 153, Data: 80 0 0 FF 0 FF 0 0
ID: 316, Data: 85 79 C2 26 7D 13 2F 7D
ID: 153, Data: 80 0 0 FF 0 FF 0 0
ID: 260, Data: 8B 79 7E 30 0 FF AA 1A
ID: 316, Data: 85 77 23 27 7D 13 30 7D
ID: A1, Data: 880 7D 80 7D 46 0 0 0
ID: 43F, Data: 83 48 60 FF 5D 58 23 0
ID: 153, Data: 80 0 0 FF 0 FF 0 0
ID: 545, Data: 8E4 68 1 8D F2 6 F2 6
ID: 316, Data: 85 7A C2 27 7D 13 31 7D
ID: 280, Data: 830 0 88 AF 50 49 60 98
ID: 440, Data: 8FE 13 31 A0 FF AA AA AA
ID: 316, Data: 85 7B 52 28 7C 13 31 7D
ID: 5F0, Data: 20 0
ID: 316, Data: 85 7A 91 28 7D 13 32 7D
ID: 316, Data: 85 79 91 28 7D 14 32 7D
ID: 153, Data: 80 0 0 FF 0 FF 0 0
ID: 316, Data: 85 78 BB 28 7D 14 32 7D
ID: 316, Data: 85 78 E6 28 7C 14 33 7D
ID: 260, Data: 8B 79 7D 30 0 FF AB 38
ID: 440, Data: 8FE 13 33 A0 FF AA AA AA
ID: 316, Data: 85 78 52 29 7C 14 33 7D
ID: 153, Data: 80 0 0 FF 0 FF 0 0
ID: 316, Data: 85 78 94 29 7C 14 34 7D
ID: 316, Data: 85 78 94 29 7C 14 34 7D
ID: A0, Data: 889 7B AA 29 34 46 2 0
ID: 316, Data: 85 78 ED 29 7C 14 34 7D
ID: 316, Data: 85 79 1A 2A 7C 14 34 7D
ID: 316, Data: 85 78 48 2A 7C 14 35 7D
ID: 5F0, Data: 20 0
ID: 260, Data: 8B 7A 7D 30 0 FF AC 27
ID: 18F, Data: 8AA 35 0 0 0 0 0 0
ID: 153, Data: 80 0 0 FF 0 FF 0 0
ID: 153, Data: 80 0 0 FF 0 FF 0 0
ID: 545, Data: 8E4 88 1 8D FC 6 FC 6
ID: 316, Data: 85 7A 1A 2B 81 14 36 7D
ID: 280, Data: 830 0 88 AE 56 4A 60 97
ID: 43F, Data: 83 48 60 FF 5E BC 27 0
ID: 316, Data: 85 7E AB 2B 82 14 36 7D
ID: 153, Data: 80 0 0 FF 0 FF 0 0
ID: 316, Data: 85 80 F4 2B 81 15 37 7D
ID: 316, Data: 85 80 26 2C 81 15 37 7D
ID: 316, Data: 85 80 3F 2C 81 15 37 7D
ID: 43F, Data: 83 48 60 FF 5E 8C 28 0
ID: 316, Data: 85 7F 71 2C 81 15 38 7D
ID: A1, Data: 880 7D 7F 7D 4A 0 0 0
ID: 316, Data: 85 7F D7 2C 81 15 38 7D
ID: 316, Data: 85 7E F1 2C 81 15 38 7D
ID: A0, Data: 890 7B F1 2C 39 49 2 0
ID: 316, Data: 85 7E 25 2D 81 15 39 7D
ID: 153, Data: 80 0 0 FF 0 FF 0 0
ID: 316, Data: 85 7E 74 2D 80 15 39 7D
ID: 440, Data: 8FE B3 3A A0 FF AA AA AA
ID: 153, Data: 80 0 0 FF 0 FF 0 0
ID: 2A0, Data: 8C1 3B 60 1C 3D 0 17 0
ID: 316, Data: 85 7E FA 2D 80 15 3A 7D
ID: 43F, Data: 83 48 60 FF 5E 84 2A 0
ID: 43F, Data: 83 48 60 FF 5E BC 2A 0
ID: 280, Data: 830 0 88 AE 5C 4C 60 9A
ID: A1, Data: 880 7D 7F 7D 49 0 0 0
ID: 316, Data: 85 7B D6 2E 6F 16 3B 7D
ID: 316, Data: 85 78 BA 2E 6E 16 3B 7D
ID: 153, Data: 80 0 0 FF 0 FF 0 0
ID: 43F, Data: 83 48 60 FF 5E 68 2B 0
ID: 43F, Data: 83 48 60 FF 5E 94 2B 0
ID: 316, Data: 85 6E 9E 2E 6E 16 3C 7D
ID: 18F, Data: 8AA 33 0 0 0 0 0 0
ID: 316, Data: 85 6C F2 2E 69 16 3C 7D
ID: 153, Data: 80 0 0 FF 0 FF 0 0
ID: 329, Data: 840 AE 80 8 11 4F 38 26
ID: 316, Data: 85 67 48 2F 66 17 3D 7D
ID: A1, Data: 880 7D 82 7D 40 0 0 0
ID: 5F0, Data: 20 0
ID: 153, Data: 80 0 0 FF 0 FF 0 0
ID: 43F, Data: 83 48 60 FF 5E D4 2C 0
ID: 5F0, Data: 20 0
ID: 316, Data: 85 65 81 2F 66 17 3E 7D
ID: 440, Data: 8FE 63 3E A0 FF AA AA AA
ID: A0, Data: 873 7A 81 2F 3F 44 2 0
ID: 5F0, Data: 20 0
ID: 316, Data: 85 64 D8 2F 64 17 3E 7D
ID: 370, Data: 8FF DD F0 FF FF FF FF FF
ID: 316, Data: 85 63 F6 2F 64 17 3F 7D
ID: 316, Data: 85 62 13 30 64 17 3F 7D
ID: 43F, Data: 83 48 60 FF 5E D0 2D 0
ID: 316, Data: 85 62 4F 30 63 17 3F 7D
ID: A1, Data: 881 7D 83 7D 3F 0 0 0
ID: 153, Data: 80 0 0 FF 0 FF 0 0
ID: 316, Data: 85 61 8B 30 5E 17 40 7D
ID: 153, Data: 80 0 0 FF 0 FF 0 0
ID: 316, Data: 85 5F A9 30 53 17 40 7D
ID: 316, Data: 85 5B A9 30 4E 18 40 7D
ID: A0, Data: 869 7A A9 30 40 42 2 0
ID: 43F, Data: 83 48 60 FF 5E 98 2E 0
ID: 316, Data: 85 50 8B 30 4D 18 40 7D
ID: A0, Data: 85D 7A 8B 30 41 3F 2 0
ID: 316, Data: 85 4D 4F 30 4D 18 41 7D
ID: 153, Data: 80 0 0 FF 0 FF 0 0
ID: A1, Data: 882 7D 83 7B 35 0 0 0
ID: 545, Data: 8E4 1B 1 8D 7C 3 7C 3
ID: 153, Data: 80 0 0 FF 0 FF 0 0
ID: 153, Data: 80 0 0 FF 0 FF 0 0
ID: 440, Data: 8FE B3 41 A0 FF AA AA AA
ID: 316, Data: 85 49 C7 30 3F 19 41 7E
ID: 153, Data: 80 0 0 FF 0 FF 0 0
ID: 329, Data: 840 AD 80 8 11 44 21 26
ID: 316, Data: 85 42 C7 30 40 19 41 7E
ID: A0, Data: 849 7A E6 30 42 3B 2 0
ID: 316, Data: 85 41 C7 30 40 1A 42 7E
ID: 316, Data: 85 41 E6 30 40 1A 42 7E
ID: 440, Data: 8FE C3 42 A0 FF AA AA AA
ID: 316, Data: 85 40 5 31 40 1A 42 7E
ID: 153, Data: 80 0 0 FF 0 FF 0 0
ID: 43F, Data: 83 48 60 FF 5E B0 2F 0
ID: 153, Data: 80 0 0 FF 0 FF 0 0
ID: 153, Data: 80 0 0 FF 0 FF 0 0
ID: 5F0, Data: 20 0
ID: 153, Data: 80 0 0 FF 0 FF 0 0
ID: 153, Data: 80 0 0 FF 0 FF 0 0
ID: 260, Data: 8B 3F 40 30 0 FF C4 1D
ID: 370, Data: 8FF DD F0 FF FF FF FF FF
ID: A0, Data: 846 7A 61 31 43 3A 2 0
ID: 316, Data: 85 3F 61 31 3F 1A 42 7E
ID: 545, Data: 8E4 E7 0 8D 8C 2 8C 2
ID: 43F, Data: 843 48 60 FF 5E 10 30 0
ID: 43F, Data: 843 48 60 FF 5D 18 30 0
ID: 18F, Data: 8AA 32 0 0 0 0 0 0
ID: 316, Data: 85 3F 81 31 3F 1A 43 7E
ID: 153, Data: 80 0 0 FF 0 FF 0 0
ID: 153, Data: 80 0 0 FF 0 FF 0 0
ID: 316, Data: 85 3F A0 31 3F 1A 43 7E
ID: 43F, Data: 843 48 60 FF 5E 74 30 0
ID: 316, Data: 85 3F C0 31 3F 1A 43 7E
ID: 153, Data: 80 0 0 FF 0 FF 0 0
ID: 153, Data: 80 0 0 FF 0 FF 0 0
ID: 5F0, Data: 20 0
ID: 153, Data: 80 0 0 FF 0 FF 0 0
ID: 153, Data: 80 0 0 FF 0 FF 0 0
ID: 260, Data: 8B 3F 3F 30 0 FF C4 1F
ID: 43F, Data: 843 48 60 FF 5D A8 30 0
ID: 43F, Data: 84C 48 60 FF 5D AC 30 0
ID: 316, Data: 85 3E C0 31 3F 1A 44 7E
ID: 18F, Data: 8AA 32 0 0 0 0 0 0
ID: 43F, Data: 84C 48 60 FF 5D E0 30 0
ID: 43F, Data: 84C 48 60 FF 5D C0 30 0
ID: 43F, Data: 84C 48 60 FF 5D BC 30 0
ID: 18F, Data: 8AA 31 0 0 0 0 0 0
ID: 316, Data: 85 23 E6 30 D 1C 44 7E
ID: 153, Data: 80 0 0 FF 0 FF 0 0
ID: 5A0, Data: 80 0 0 90 0 0 0 0
ID: 316, Data: 85 1D 6D 30 D 1D 44 7E
ID: 43F, Data: 84C 48 60 FF 5D 3C 30 0
ID: 43F, Data: 84C 48 60 FF 5E 30 30 0
ID: 545, Data: 8E4 5C 0 8D E9 FF E9 FF
ID: 5F0, Data: 20 0
ID: 545, Data: 8E4 57 0 8D C6 FF C6 FF
ID: 329, Data: 840 AD 80 8 11 35 0 26
ID: 153, Data: 80 0 0 FF 0 FF 0 0
ID: 153, Data: 80 0 0 FF 0 FF 0 0
ID: 316, Data: 85 15 4 2A F 1B 43 7E
ID: 43F, Data: 84C 48 60 FF 5D 8C 28 0
ID: 43F, Data: 84C 48 60 FF 5D 14 27 0
ID: 280, Data: 830 0 84 AD 4B 13 5F 31
ID: 5F0, Data: 20 0
ID: 316, Data: 85 14 36 23 12 1A 43 7E
ID: 440, Data: 8FE C3 43 A0 FF AA AA AA
ID: 153, Data: 80 0 0 FF 0 FF 0 0
ID: 316, Data: 85 16 21 22 12 1A 43 7E
ID: 316, Data: 85 17 21 22 12 19 43 7E
ID: 18F, Data: 8AA 31 0 0 0 0 0 0
ID: 43F, Data: 84C 45 60 FF 5D 1C 24 0
ID: 43F, Data: 84C 45 60 FF 5D 24 24 0
ID: 43F, Data: 84C 45 60 FF 5D 8 24 0
ID: 18F, Data: 8AA 31 0 0 0 0 0 0
ID: 316, Data: 85 18 C8 22 11 19 43 7E
ID: 153, Data: 80 0 0 FF 0 FF 0 0
ID: 316, Data: 85 18 D7 22 11 19 43 7E
ID: 316, Data: 85 17 C8 22 11 19 43 7E
ID: 260, Data: 80 18 12 30 0 FF 63 28
ID: 316, Data: 8D 17 A9 22 12 19 42 7E
ID: 316, Data: 8D 13 6C 22 12 1A 42 7E
ID: 316, Data: 8D 13 4E 22 12 19 42 7E
ID: 316, Data: 8D 13 3F 22 12 19 42 7E
ID: 153, Data: 80 0 0 FF 0 FF 0 0
ID: 43F, Data: 84D 45 60 FF 5E A0 23 0
ID: 153, Data: 80 0 0 FF 0 FF 0 0
ID: 280, Data: 830 0 20 AD 42 17 5F 3C
ID: 316, Data: 8D C 55 21 12 19 42 7E
ID: 43F, Data: 84D 45 60 FF 5E 50 23 0
ID: 440, Data: 8E7 34 41 A0 FF AA AA AA
ID: 545, Data: 8E4 1D 0 8D C9 FE C9 FE
ID: 153, Data: 80 0 0 FF 0 FF 0 0
ID: 260, Data: 80 4 13 30 0 FF 56 1B
ID: 316, Data: 8D 4 27 20 13 19 41 7E
ID: 2A0, Data: 8E0 18 5F 1C 3D 0 17 0
ID: 153, Data: 80 0 0 FF 0 FF 0 0
ID: 153, Data: 80 0 0 FF 0 FF 0 0
ID: 43F, Data: 84D 45 60 FF 5E 90 1B 0
ID: 153, Data: 80 0 0 FF 0 FF 0 0
ID: 316, Data: 8D 0 B4 19 16 19 41 7E
ID: 153, Data: 80 0 0 FF 0 FF 0 0
ID: 316, Data: 8D 0 82 19 16 19 41 7E
ID: 316, Data: 8D 0 9B 19 16 19 41 7E
ID: 280, Data: 830 0 20 AD 33 17 5F 40
ID: 43F, Data: 84D 45 60 FF 5E 58 1A 0
ID: 316, Data: 8D 0 1C 1A 16 19 40 7E
ID: 5F0, Data: 20 0
ID: 316, Data: 8D 0 47 1A 16 19 40 7E
ID: 43F, Data: 84E 45 60 FF 5E 28 1A 0
ID: 43F, Data: 84E 45 60 FF 5E 24 1A 0
ID: 440, Data: 8E7 75 40 A0 FF AA AA AA
ID: 316, Data: 8D 0 B4 19 16 19 40 7E
ID: 153, Data: 80 0 0 FF 0 FF 0 0
ID: 43F, Data: 84E 45 60 FF 5E C 1A 0
ID: 43F, Data: 84E 45 60 FF 5E 8 1A 0
ID: 43F, Data: 84E 45 60 FF 5E F0 19 0
ID: 2A0, Data: 880 12 5F 1C 3D 0 17 0
ID: 316, Data: 8D 0 27 18 17 19 3F 7E
ID: 316, Data: 8D 0 9 18 17 19 3F 7E
ID: 153, Data: 80 0 0 FF 0 FF 0 0
ID: 153, Data: 80 0 0 FF 0 FF 0 0
ID: 18F, Data: 8AA 30 0 0 0 0 0 0
ID: 280, Data: 830 0 20 AD 2D 17 5F 3D
ID: 153, Data: 80 0 0 FF 0 FF 0 0
ID: A0, Data: 82B 7A 8D 15 3F 28 4 0
ID: 545, Data: 8E4 0 0 8D 40 FE 40 FE
ID: 43F, Data: 84E 45 60 FF 5E 50 14 0
ID: 316, Data: 8D 0 7E 13 1C 19 3F 7E
ID: 280, Data: 830 0 20 AD 26 18 5F 40
ID: 43F, Data: 84E 45 60 FF 5E 4C 14 0
ID: 316, Data: 8D 0 91 12 1E 19 3E 7E
ID: A1, Data: 880 78 80 78 1F 0 0 0
ID: 316, Data: 8D 0 32 12 1F 19 3E 7E
ID: 153, Data: 80 0 0 FF 0 FF 0 0
ID: 329, Data: 884 AD 80 8 12 2F 0 26
ID: 316, Data: 8D 0 21 12 1E 19 3D 7E
ID: 280, Data: 830 0 20 AD 24 19 5F 42
ID: 1F1, Data: 80 58 DF D1 1D EA 91 1E
ID: 316, Data: 8D 0 2A 12 1E 19 3D 7E
ID: 43F, Data: 846 45 60 FF 5E B4 13 0
ID: 316, Data: 8D 0 2E 12 1E 19 3D 7E
ID: 260, Data: 80 0 1F 30 0 FF 4D 3B
ID: 316, Data: 8D 0 3B 12 1E 19 3C 7E
ID: 1F0, Data: 868 40 B5 BF 0 0 0 0
ID: 316, Data: 8D 0 3F 12 1E 19 3C 7E
ID: 280, Data: 830 0 20 AD 24 18 5F 42
ID: 43F, Data: 84D 45 60 FF 5E 44 13 0
ID: 316, Data: 8D 0 80 12 1E 19 3B 7E
ID: A0, Data: 82B 7A 43 12 3C 27 4 0
ID: 5F0, Data: 20 0
ID: 316, Data: 8D 0 C7 12 1D 19 3B 7E
ID: 43F, Data: 84D 45 60 FF 5E 1C 13 0
ID: 370, Data: 8FF DB F0 F0 FE FF FF FF
ID: 153, Data: 80 0 0 FF 0 FF 0 0
ID: 1F0, Data: 868 40 B5 BF 0 0 0 0
ID: 316, Data: 8D 0 6A 12 1E 19 3A 7E
ID: 316, Data: 8D 0 5D 12 1E 19 3A 7E
ID: 153, Data: 80 0 0 FF 0 FF 0 0
ID: 153, Data: 80 0 0 FF 0 FF 0 0
ID: 316, Data: 8D 0 2A 12 1E 19 39 7E
ID: 260, Data: 80 0 1F 30 0 FF 4D E
ID: 153, Data: 80 0 0 FF 0 FF 0 0
ID: 316, Data: 8D 0 26 12 1E 19 39 7E
ID: 370, Data: 8FF DB F0 F0 FE FF FF FF
ID: 316, Data: 8D 0 6E 12 1E 19 39 7E
ID: 153, Data: 80 0 0 FF 0 FF 0 0
ID: 153, Data: 80 0 0 FF 0 FF 0 0
ID: 316, Data: 8D 0 10 13 1D 19 38 7E
ID: A0, Data: 82A 7B 10 13 39 27 4 0
ID: 316, Data: 8D 0 C8 13 1C 19 38 7E
ID: 316, Data: 8D 0 43 14 1B 19 38 7E
ID: 153, Data: 80 0 0 FF 0 FF 0 0
ID: 153, Data: 80 0 0 FF 0 FF 0 0
ID: 18F, Data: 8AA 30 0 0 0 0 0 0
ID: 316, Data: 8D 0 8D 15 1A 19 37 7E
ID: 43F, Data: 84D 45 60 FF 5E 80 16 0
ID: 545, Data: 8E4 0 0 8D 40 FE 40 FE
ID: 316, Data: 8D 0 E7 15 19 19 37 7E
ID: 5F0, Data: 20 0
ID: 2A0, Data: 840 8 5F 1C 3D 0 17 0
ID: 43F, Data: 845 45 60 FF 5E 54 16 0
ID: 43F, Data: 845 45 60 FF 5E 48 16 0
ID: 316, Data: 8D 0 63 15 1A 19 36 7E
ID: A0, Data: 827 7B 41 15 37 27 4 0
ID: 43F, Data: 845 45 60 FF 5E 28 16 0
ID: 153, Data: 80 0 0 FF 0 FF 0 0
ID: 545, Data: 8E4 0 0 8D 40 FE 40 FE
ID: 316, Data: 8D 0 EB 14 1B 19 36 7E
ID: 370, Data: 8FF DB F0 F0 FF FF FF FF
ID: 316, Data: 8D 0 EB 14 1B 19 36 7E
ID: 153, Data: 80 0 0 FF 0 FF 0 0
ID: 43F, Data: 845 45 60 FF 5E C0 15 0
ID: 153, Data: 80 0 0 FF 0 FF 0 0
ID: 153, Data: 80 0 0 FF 0 FF 0 0
ID: 316, Data: 8D 0 E6 14 1B 19 35 7E
ID: 153, Data: 80 0 0 FF 0 FF 0 0
ID: 316, Data: 8D 0 C4 14 1B 19 35 7E
ID: 153, Data: 80 0 0 FF 0 FF 0 0
ID: 5A0, Data: 80 0 0 90 0 0 0 0
ID: 43F, Data: 845 45 60 FF 5E 50 15 0
ID: 43F, Data: 845 45 60 FF 5E 4C 15 0
ID: 43F, Data: 845 45 60 FF 5E 38 15 0
ID: 260, Data: 80 0 1B 30 0 FF 4D 3F
ID: 5F0, Data: 20 0
ID: 316, Data: 8D 0 48 14 1B 19 34 7E
ID: 316, Data: 8D 0 3E 14 1B 19 34 7E
ID: 260, Data: 80 0 1B 30 0 FF 4D 20
ID: 153, Data: 80 0 0 FF 0 FF 0 0
ID: 316, Data: 8D 0 1E 14 1B 19 33 7E
ID: 43F, Data: 845 45 60 FF 5E D0 14 0
ID: 440, Data: 8E7 D5 32 A0 FF AA AA AA
ID: A1, Data: 880 78 80 78 1D 0 0 0
ID: 1F0, Data: 86A 40 B5 BF 0 0 0 0
ID: 316, Data: 8D 0 E1 13 1C 19 32 7E
ID: 316, Data: 8D 0 DC 13 1C 19 32 7E
ID: A1, Data: 880 78 80 78 1D 0 0 0
ID: 43F, Data: 845 45 60 FF 5E 7C 14 0
ID: 153, Data: 80 0 0 FF 0 FF 0 0
ID: 545, Data: 8E4 0 0 8D 42 FE 42 FE
ID: 316, Data: 8D 0 B9 13 1C 19 32 7E
ID: A0, Data: 829 7B CD 13 32 27 4 0
ID: 316, Data: 8D 0 96 13 1C 19 31 7E
ID: 153, Data: 80 0 0 FF 0 FF 0 0
ID: 280, Data: 830 0 20 AE 26 16 5F 3E
ID: 316, Data: 8D 0 5C 13 1C 19 31 7E
ID: A1, Data: 880 78 80 78 1E 0 0 0
ID: 316, Data: 8D 0 3B 13 1C 19 31 7E
ID: 153, Data: 80 0 0 FF 0 FF 0 0
ID: 329, Data: 840 AE 80 8 12 2F 0 26
ID: 316, Data: 8D 0 1E 13 1C 19 30 7E
ID: 260, Data: 80 0 1D 30 0 FF 4D 3D
ID: 43F, Data: 845 45 60 FF 5E BC 13 0
ID: 153, Data: 80 0 0 FF 0 FF 0 0
ID: 153, Data: 80 0 0 FF 0 FF 0 0
ID: 316, Data: 8D 0 F5 12 1D 19 30 7E
ID: 153, Data: 80 0 0 FF 0 FF 0 0
ID: 329, Data: 840 AE 80 8 12 2F 0 26
ID: 1F0, Data: 86A 40 B5 BF 0 0 0 0
ID: 2A0, Data: 880 4 60 1C 3D 0 17 0
ID: A0, Data: 82B 7B B5 12 30 27 4 0
ID: 43F, Data: 845 45 60 FF 5E 58 13 0
ID: 43F, Data: 845 45 60 FF 5E 4C 13 0
ID: 280, Data: 830 0 20 AE 25 16 60 40
ID: 316, Data: 8D 0 89 12 1D 19 2F 7E
ID: 316, Data: 8D 0 89 12 1D 19 2F 7E
ID: 43F, Data: 845 45 60 FF 5E 2C 13 0
ID: 43F, Data: 845 45 60 FF 5E 28 13 0
ID: 280, Data: 830 0 20 AE 24 17 60 41
ID: 153, Data: 80 0 0 FF 0 FF 0 0
ID: 316, Data: 8D 0 5D 12 1D 19 2E 7E
ID: 153, Data: 80 0 0 FF 0 FF 0 0
ID: 2A0, Data: 820 3 60 1C 3D 0 17 0
ID: 316, Data: 8D 0 3F 12 1D 19 2E 7E
ID: 329, Data: 840 AE 80 8 12 2F 0 26
ID: 153, Data: 80 0 0 FF 0 FF 0 0
ID: 153, Data: 80 0 0 FF 0 FF 0 0
ID: 316, Data: 8D 0 1D 12 1D 19 2E 7E
ID: 440, Data: 8E7 85 2D A0 FF AA AA AA
ID: 316, Data: 8D 0 15 12 1D 19 2E 7E
ID: A1, Data: 880 78 80 78 1F 0 0 0
ID: 153, Data: 80 0 0 FF 0 FF 0 0
ID: 316, Data: 8D 0 E7 11 1E 19 2D 7E
ID: 153, Data: 80 0 0 FF 0 FF 0 0
ID: 153, Data: 80 0 0 FF 0 FF 0 0
ID: 316, Data: 8D 0 BB 11 1E 19 2D 7E
ID: 43F, Data: 84C 45 60 FF 5E 70 12 0
ID: 316, Data: 8D 0 D7 11 1E 19 2D 7E
ID: 2A0, Data: 8E0 3 60 1C 3D 0 17 0
ID: 43F, Data: 84C 45 60 FF 5E CC 14 0
ID: 43F, Data: 84C 45 60 FF 5E 64 15 0
ID: 370, Data: 8FF DB F0 F0 FE FF FF FF
ID: 5F0, Data: 20 0
ID: 260, Data: 80 0 1C 30 0 FF 4D 2F
ID: 545, Data: 8E4 0 0 8D 48 FE 48 FE
ID: 43F, Data: 84C 45 60 FF 5E F4 16 0
ID: 153, Data: 80 0 0 FF 0 FF 0 0
ID: 280, Data: 830 0 20 AF 28 15 60 3E
ID: 1F1, Data: 80 AD 58 51 15 60 1 16
ID: 1F0, Data: 866 40 B5 BF 0 0 0 0
ID: 316, Data: 8D 0 6F 15 19 19 2B 7E
ID: 153, Data: 80 0 0 FF 0 FF 0 0
ID: 329, Data: 884 AF 80 8 11 2F 0 26
ID: 316, Data: 8D 0 38 16 18 19 2B 7E
ID: 153, Data: 80 0 0 FF 0 FF 0 0
ID: 153, Data: 80 0 0 FF 0 FF 0 0
ID: A0, Data: 823 7B 4B 16 2C 27 4 0
ID: 280, Data: 830 0 20 AF 2C 13 60 39
ID: A0, Data: 824 7B 72 16 2B 27 4 0
ID: 316, Data: 8D 0 45 16 18 19 2B 7E
ID: 316, Data: 8D 0 38 16 18 19 2A 7E
ID: 260, Data: 80 0 18 30 0 FF 4D 14
ID: 43F, Data: 844 45 60 FF 5E E0 16 0
ID: 370, Data: 8FF DB F0 F0 FF FF FF FF
ID: 1F1, Data: 80 36 4D E1 14 56 41 15
ID: 316, Data: 8D 0 F4 15 18 19 2A 7E
ID: A1, Data: 880 78 80 78 1B 0 0 0
ID: 316, Data: 8D 0 D5 15 18 19 2A 7E
ID: 370, Data: 8FF DB F0 F0 FF FF FF FF
ID: 153, Data: 80 0 0 FF 0 FF 0 0
ID: 316, Data: 8D 0 AB 15 18 19 2A 7E
ID: 153, Data: 80 0 0 FF 0 FF 0 0
ID: 316, Data: 8D 0 A5 15 18 19 2A 7E
ID: 153, Data: 80 0 0 FF 0 FF 0 0
ID: 153, Data: 80 0 0 FF 0 FF 0 0
ID: 316, Data: 8D 0 81 15 18 19 29 7E
ID: 43F, Data: 844 45 60 FF 5E 40 16 0
ID: 370, Data: 8FF DB F0 F0 FF FF FF FF
ID: 260, Data: 80 0 19 30 0 FF 4D 22
ID: 153, Data: 80 0 0 FF 0 FF 0 0
ID: 316, Data: 8D 0 5E 15 19 19 29 7E
ID: 153, Data: 80 0 0 FF 0 FF 0 0
ID: 280, Data: 830 0 20 AF 2A 14 60 39
ID: 316, Data: 8D 0 5E 15 19 19 29 7E
ID: 43F, Data: 844 45 60 FF 5E FC 15 0
ID: 43F, Data: 844 45 60 FF 5E F8 15 0
ID: 370, Data: 8FF DB F0 F0 FF FF FF FF
ID: 316, Data: 8D 0 41 15 19 19 28 7E
ID: 260, Data: 80 0 19 30 0 FF 4D 31
ID: 43F, Data: 844 45 60 FF 5E C4 15 0
ID: 43F, Data: 844 45 60 FF 5E BC 15 0
ID: 545, Data: 8E4 0 0 8D 42 FE 42 FE
ID: 153, Data: 80 0 0 FF 0 FF 0 0
ID: 316, Data: 8D 0 13 15 19 19 28 7E
ID: 153, Data: 80 0 0 FF 0 FF 0 0
ID: 316, Data: 8D 0 FC 14 19 19 28 7E
ID: 316, Data: 8D 0 F6 14 19 19 28 7E
ID: 545, Data: 8E4 0 0 8D 43 FE 43 FE
ID: 316, Data: 8D 0 E0 14 19 19 28 7E
ID: 153, Data: 80 0 0 FF 0 FF 0 0
ID: 2A0, Data: 840 1 60 1C 3D 0 17 0
ID: 316, Data: 8D 0 B4 14 19 19 27 7E
ID: 1F1, Data: 80 68 38 61 13 3D F1 13
ID: 1F0, Data: 869 40 B5 BF 0 0 0 0
ID: 370, Data: 8FF DB F0 F0 FF FF FF FF
ID: 370, Data: 8FF DB F0 F0 FF FF FF FF
ID: 153, Data: 80 0 0 FF 0 FF 0 0
ID: 2A0, Data: 8E0 1 60 1C 3D 0 17 0
ID: 316, Data: 8D 0 53 14 1B 19 27 7E
ID: 545, Data: 8E4 0 0 8D 43 FE 43 FE
ID: 43F, Data: 844 45 60 FF 5E 4 15 0
ID: 43F, Data: 844 45 60 FF 5E F4 14 0
ID: 370, Data: 8FF DB F0 F0 FF FF FF FF
ID: 316, Data: 8D 0 0 14 23 22 27 7D
ID: 2A0, Data: 880 1 60 1C 3D 0 17 0
ID: 43F, Data: 844 45 60 FF 5E B8 14 0
ID: 43F, Data: 844 45 60 FF 5E B4 14 0
ID: 440, Data: 8FE 34 26 A0 FF AA AA AA
ID: 5F0, Data: 20 0
ID: 329, Data: 884 AF 80 8 11 32 5 26
ID: 43F, Data: 844 45 60 FF 5E 88 14 0
ID: 370, Data: 8FF DB F0 F0 FF FF FF FF
ID: 153, Data: 80 0 0 FF 0 FF 0 0
ID: 1F1, Data: 80 2 2A 81 12 31 11 13
ID: 2A0, Data: 861 1 60 1C 3D 0 17 0
ID: 43F, Data: 844 45 60 FF 5E 54 14 0
ID: 43F, Data: 844 45 60 FF 5E 74 14 0
ID: 370, Data: 8FF DB F0 F0 FF FF FF FF
ID: 5F0, Data: 20 0
ID: 260, Data: 8B 2D 35 30 0 FF C0 2F
ID: 280, Data: 830 0 88 AF 2B 1B 60 4C
ID: 153, Data: 80 0 0 FF 0 FF 0 0
ID: 153, Data: 80 0 0 FF 0 FF 0 0
ID: 316, Data: 845 2E 8D 15 3C 21 25 7D
ID: 43F, Data: 844 45 60 FF 5E 58 14 0
ID: 329, Data: 884 AF 80 8 11 35 B 26
ID: 153, Data: 80 0 0 FF 0 FF 0 0
ID: 153, Data: 80 0 0 FF 0 FF 0 0
ID: 316, Data: 845 33 EE 15 42 20 25 7D
ID: 153, Data: 80 0 0 FF 0 FF 0 0
ID: 316, Data: 845 35 25 16 42 1F 25 7D
ID: 316, Data: 845 37 45 16 42 1F 25 7D
ID: 5F0, Data: 20 0
ID: 316, Data: 845 39 72 16 43 1F 25 7D
ID: 153, Data: 80 0 0 FF 0 FF 0 0
ID: 316, Data: 845 3D 92 16 43 1F 25 7D
ID: 5F0, Data: 20 0
ID: 316, Data: 845 3F C0 16 43 1E 25 7D
ID: 370, Data: 8FF DB F0 F0 FF FF FF FF
ID: 316, Data: 845 40 E8 16 43 1E 25 7D
ID: 316, Data: 845 40 FD 16 42 1E 25 7D
ID: 153, Data: 80 0 0 FF 0 FF 0 0
ID: 153, Data: 80 0 0 FF 0 FF 0 0
ID: 316, Data: 845 42 11 17 42 1E 26 7D
ID: 43F, Data: 844 45 60 FF 5E 8C 14 0
ID: 153, Data: 80 0 0 FF 0 FF 0 0
ID: 316, Data: 845 42 3A 17 42 1E 26 7D
ID: 316, Data: 845 42 48 17 42 1E 26 7D
ID: 18F, Data: 8AA 37 0 0 0 0 0 0
ID: 153, Data: 80 0 0 FF 0 FF 0 0
ID: 43F, Data: 844 45 60 FF 5E A8 14 0
ID: 153, Data: 80 0 0 FF 0 FF 0 0
ID: 316, Data: 845 40 48 17 1B 1F 26 7D
ID: 153, Data: 80 0 0 FF 0 FF 0 0
ID: A0, Data: 839 7C 64 17 26 2C 2 0
ID: 316, Data: 845 31 72 16 1E 20 26 7D
ID: A0, Data: 829 7C B3 16 26 28 2 0
ID: 5A0, Data: 80 0 0 90 0 0 0 0
ID: 316, Data: 845 26 9F 15 22 21 26 7D
ID: 43F, Data: 844 45 60 FF 5E 98 14 0
ID: 260, Data: 8B 26 53 30 0 FF 99 20
ID: 153, Data: 80 0 0 FF 0 FF 0 0
ID: 329, Data: 8ED AF 80 8 11 3D 1E 26
ID: 316, Data: 845 41 8D 15 62 1F 26 7D
ID: A0, Data: 86B 7C FA 15 26 34 2 0
ID: 43F, Data: 844 45 60 FF 5E BC 14 0
ID: 280, Data: 830 0 88 AF 2F 2E 60 76
ID: 153, Data: 80 0 0 FF 0 FF 0 0
ID: 316, Data: 845 50 4D 18 60 1D 26 7D
ID: 153, Data: 80 0 0 FF 0 FF 0 0
ID: 43F, Data: 844 45 60 FF 5E C8 14 0
ID: 260, Data: 8B 57 60 30 0 FF BD A
ID: 153, Data: 80 0 0 FF 0 FF 0 0
ID: 316, Data: 845 5C 1 1A 5F 1C 26 7D
ID: 153, Data: 80 0 0 FF 0 FF 0 0
ID: 280, Data: 830 0 88 AF 34 38 60 8D
ID: 316, Data: 845 5C DF 19 60 1C 26 7D
ID: 43F, Data: 844 45 60 FF 5E C 15 0
ID: 316, Data: 845 5D 91 18 62 1C 26 7D
ID: A0, Data: 872 7C 2F 18 27 38 2 0
ID: 153, Data: 80 0 0 FF 0 FF 0 0
ID: 316, Data: 845 62 8E 17 62 1C 27 7D
ID: 153, Data: 80 0 0 FF 0 FF 0 0
ID: 43F, Data: 844 45 60 FF 5E 78 15 0
ID: 18F, Data: 8AA 3C 0 0 0 0 0 0
ID: 43F, Data: 844 45 60 FF 5E 8C 15 0
ID: 153, Data: 80 0 0 FF 0 FF 0 0
ID: 153, Data: 80 0 0 FF 0 FF 0 0
ID: 316, Data: 845 51 B2 17 33 1C 27 7D
ID: 5F0, Data: 20 0
ID: 280, Data: 830 0 88 AF 2E 29 60 7C
ID: 316, Data: 845 41 41 17 33 1D 28 7D
ID: 316, Data: 845 3F 18 17 34 1D 28 7D
ID: 280, Data: 830 0 88 AF 2E 26 60 73
ID: 43F, Data: 844 45 60 FF 5E D4 15 0
ID: 545, Data: 8E4 6B 0 8D F0 1 F0 1
ID: 153, Data: 80 0 0 FF 0 FF 0 0
ID: 153, Data: 80 0 0 FF 0 FF 0 0
ID: 316, Data: 845 37 25 17 35 1F 28 7D
ID: 370, Data: 8FF DB F0 F0 FF FF FF FF
ID: 316, Data: 845 35 1F 17 35 1F 28 7E
ID: 153, Data: 80 0 0 FF 0 FF 0 0
ID: 545, Data: 8E4 5C 0 8A 75 1 75 1
ID: 316, Data: 845 33 A 17 35 1F 28 7E
ID: 545, Data: 8E4 5A 0 8A 71 1 71 1
ID: 5F0, Data: 20 0
ID: 316, Data: 845 32 FD 16 36 1F 28 7D
ID: 316, Data: 845 32 A 17 36 1F 28 7D
ID: 43F, Data: 844 45 60 FF 5E 4 16 0
ID: 153, Data: 80 0 0 FF 0 FF 0 0
ID: 329, Data: 840 AF 80 8 11 35 9 26
ID: 440, Data: 8FE 44 28 A0 FF AA AA AA
ID: 153, Data: 80 0 0 FF 0 FF 0 0
ID: 316, Data: 845 31 A 17 1D 1F 28 7E
ID: 5F0, Data: 20 0
ID: 316, Data: 845 33 A 17 1D 20 28 7E
ID: 153, Data: 80 0 0 FF 0 FF 0 0
ID: 316, Data: 845 2E EF 16 1E 20 28 7E
ID: 18F, Data: 8AA 3F 0 0 0 0 0 0
ID: 316, Data: 845 2A A6 16 1E 21 28 7E
ID: 440, Data: 8FE 34 28 A0 FF AA AA AA
ID: 2A0, Data: 880 A 60 1C 3D 0 17 0
ID: 316, Data: 845 23 32 16 20 22 28 7E
ID: 316, Data: 845 22 32 16 20 22 28 7E
ID: 5F0, Data: 20 0
ID: 2A0, Data: 840 A 60 1C 3D 0 17 0
ID: 153, Data: 80 0 0 FF 0 FF 0 0
ID: A1, Data: 88F 78 95 78 1C 0 0 0
ID: 329, Data: 884 AF 80 8 11 30 0 26
ID: 545, Data: 8E4 39 0 8D 86 FF 86 FF
ID: 153, Data: 80 0 0 FF 0 FF 0 0
ID: 370, Data: 8FF DD F0 F0 FF FF FF FF
ID: 43F, Data: 844 45 60 FF 5E BC 15 0
ID: 370, Data: 8FF DD F0 F0 FF FF FF FF
ID: 316, Data: 845 1E A 14 22 22 28 7D
ID: 153, Data: 80 0 0 FF 0 FF 0 0
ID: 370, Data: 8FF DD F0 F0 FF FF FF FF
ID: 43F, Data: 844 45 60 FF 5E 9C 15 0
ID: 545, Data: 8E4 3D 0 8A F1 FF F1 FF
ID: 5F0, Data: 20 0
ID: 545, Data: 8E4 40 0 8A 3 0 3 0
ID: 316, Data: 845 22 61 13 22 21 27 7D
ID: 316, Data: 845 22 7E 13 22 21 27 7D
ID: 153, Data: 80 0 0 FF 0 FF 0 0
ID: 2A0, Data: 840 8 60 1C 3D 0 17 0
ID: 316, Data: 845 22 C8 13 22 21 27 7D
ID: 280, Data: 830 0 84 AF 27 19 60 44
ID: 43F, Data: 844 45 60 FF 5E 48 15 0
ID: 260, Data: 80 21 22 30 0 FF 55 3B
ID: 5F0, Data: 20 0
ID: 316, Data: 84D 21 83 13 22 21 27 7D
ID: 316, Data: 84D 21 15 13 22 21 27 7D
ID: 440, Data: 8FE 34 27 A0 FF AA AA AA
ID: 329, Data: 840 AF 80 8 11 31 0 26
ID: 43F, Data: 844 45 60 FF 5E F4 14 0
ID: 316, Data: 84D 1D 93 11 1C 18 26 7D
ID: A1, Data: 880 79 80 79 21 0 0 0
ID: 316, Data: 84D 1C B8 10 1E 19 26 7D
ID: 316, Data: 845 1C 5A 10 1E 19 26 7D
ID: 43F, Data: 844 45 60 FF 5E CC 14 0
ID: A1, Data: 880 79 80 79 20 0 0 0
ID: 153, Data: 80 0 0 FF 0 FF 0 0
ID: 316, Data: 845 20 3B F 21 1A 26 7D
ID: 153, Data: 80 0 0 FF 0 FF 0 0
ID: 329, Data: 8ED AF 80 8 11 2E 0 26
ID: 316, Data: 85 20 88 E 22 1A 25 7D
ID: 545, Data: 8E4 2B 0 8D 6E 0 6E 0
ID: 316, Data: 85 20 CD E 22 1A 25 7D
ID: 153, Data: 80 0 0 FF 0 FF 0 0
ID: 153, Data: 80 0 0 FF 0 FF 0 0
ID: 316, Data: 85 20 29 F 21 1A 25 7D
ID: 153, Data: 80 0 0 FF 0 FF 0 0
ID: 316, Data: 85 20 68 F 20 1A 24 7D
ID: 153, Data: 80 0 0 FF 0 FF 0 0
ID: 329, Data: 8ED AF 80 8 11 2E 0 26
ID: 316, Data: 85 1F FC F 1F 19 24 7D
ID: 2A0, Data: 81 5 60 1C 3D 0 17 0
ID: 316, Data: 85 25 E4 10 2B 19 24 7D
ID: 153, Data: 80 0 0 FF 0 FF 0 0
ID: 316, Data: 85 24 2 13 2F 18 24 7D
ID: 5F0, Data: 20 0
ID: 545, Data: 8E4 3A 0 8A DB 0 DB 0
ID: 329, Data: 8ED AF 80 8 11 32 9 26
ID: 18F, Data: 8AA 3C 0 0 0 0 0 0
ID: 370, Data: 8FF E1 F0 F0 FF FF FF FF
ID: 43F, Data: 844 45 60 FF 5E D4 13 0
ID: 316, Data: 85 29 EB 14 36 18 23 7D
ID: 153, Data: 80 0 0 FF 0 FF 0 0
ID: 153, Data: 80 0 0 FF 0 FF 0 0
ID: 5F0, Data: 20 0
ID: 153, Data: 80 0 0 FF 0 FF 0 0
ID: 153, Data: 80 0 0 FF 0 FF 0 0
ID: 2A0, Data: 8C1 6 60 1C 3D 0 17 0
ID: 316, Data: 85 2F 6F 15 3F 17 23 7D
ID: 2A0, Data: 81 6 60 1C 3D 0 17 0
ID: 316, Data: 85 31 9F 15 45 17 23 7D
ID: 316, Data: 85 33 B7 15 46 16 23 7D
ID: 2A0, Data: 81 7 60 1C 3D 0 17 0
ID: 43F, Data: 844 45 60 FF 5E 9C 13 0
ID: 153, Data: 80 0 0 FF 0 FF 0 0
ID: 280, Data: 830 0 88 AF 2C 25 60 65
ID: 316, Data: 85 3C 65 16 4E 15 23 7D
ID: 43F, Data: 844 45 60 FF 5E B4 13 0
ID: 316, Data: 85 42 D4 16 4F 14 23 7D
ID: 153, Data: 80 0 0 FF 0 FF 0 0
ID: 153, Data: 80 0 0 FF 0 FF 0 0
ID: 316, Data: 85 4A 8E 17 51 13 24 7D
ID: A0, Data: 857 7C A 17 24 32 2 0
ID: 316, Data: 85 4B 9 18 51 13 24 7D
ID: 316, Data: 85 4C 2F 18 52 13 24 7D
ID: 2A0, Data: 81 A 60 1C 3D 0 17 0
ID: 43F, Data: 844 45 60 FF 5E F8 13 0
ID: 153, Data: 80 0 0 FF 0 FF 0 0
ID: 43F, Data: 844 45 60 FF 5E F0 13 0
ID: 316, Data: 85 54 0 16 5B 13 24 7D
ID: 43F, Data: 844 45 60 FF 5E F4 13 0
ID: 316, Data: 85 57 B1 15 5E 13 24 7D
ID: 280, Data: 830 0 88 AF 2B 36 60 8A
ID: 43F, Data: 844 45 60 FF 5E 10 14 0
ID: 280, Data: 830 0 88 AF 2C 39 60 8D
ID: 5F0, Data: 20 0
ID: 316, Data: 85 5E 7F 16 62 12 25 7D
ID: 316, Data: 85 5F 8C 16 62 12 25 7D
ID: 440, Data: 8FE 44 25 A0 FF AA AA AA
ID: 5F0, Data: 20 0
ID: 43F, Data: 844 45 60 FF 5E 80 14 0
ID: 370, Data: 8FF E1 F0 F0 FF FF FF FF
ID: 153, Data: 80 0 0 FF 0 FF 0 0
ID: 43F, Data: 844 45 60 FF 5E 7C 14 0
ID: A0, Data: 86C 7C 45 16 26 36 2 0
ID: 316, Data: 85 60 4B 16 67 12 26 7D
ID: 316, Data: 85 60 58 16 67 12 26 7D
ID: 43F, Data: 844 45 60 FF 5E CC 14 0
ID: 316, Data: 85 62 65 16 69 12 26 7D
ID: A0, Data: 870 7C 58 16 26 37 2 0
ID: 153, Data: 80 0 0 FF 0 FF 0 0
ID: 316, Data: 85 65 9F 16 6B 12 26 7D
ID: 153, Data: 80 0 0 FF 0 FF 0 0
ID: 2A0, Data: 8A1 12 60 1C 3D 0 17 0
ID: 316, Data: 85 66 E2 16 6B 12 27 7D
ID: A0, Data: 875 7C CE 16 27 38 2 0
ID: 43F, Data: 844 45 60 FF 5E 48 15 0
ID: 316, Data: 85 68 D4 16 6B 11 27 7D
ID: 316, Data: 85 68 E8 16 6C 11 27 7D
ID: 316, Data: 85 68 F6 16 6D 11 27 7D
ID: 43F, Data: 844 45 60 FF 5E 9C 15 0
ID: 316, Data: 85 69 11 17 70 11 27 7D
ID: 18F, Data: 8AA 36 0 0 0 0 0 0
ID: 153, Data: 80 0 0 FF 0 FF 0 0
ID: 316, Data: 85 69 2C 17 72 11 28 7E
ID: 2A0, Data: 81 16 60 1C 3D 0 17 0
ID: 5F0, Data: 20 0
ID: 316, Data: 85 6B 33 17 76 11 28 7E
ID: 316, Data: 85 6D 48 17 77 11 28 7E
ID: 370, Data: 8FF E1 F0 F0 FF FF FF FF
ID: 5F0, Data: 20 0
ID: 153, Data: 80 0 0 FF 0 FF 0 0
ID: A0, Data: 884 7C F3 17 29 3D 2 0
ID: 329, Data: 884 B0 80 8 11 47 33 26
ID: A1, Data: 881 7C 7F 7F 4D 0 0 0
ID: 43F, Data: 844 45 60 FF 5E A8 16 0
ID: 43F, Data: 844 45 60 FF 5E 98 16 0
ID: 545, Data: 8E4 DF 0 8D AE 6 AE 6
ID: 316, Data: 85 71 11 18 77 11 2A 7E
ID: 316, Data: 85 70 2 18 78 11 2A 7E
ID: 1F1, Data: 80 37 4B F1 14 56 71 15
ID: 43F, Data: 844 45 60 FF 5E C 17 0
ID: 545, Data: 8E4 CC 0 8D 8E 6 8E 6
ID: 316, Data: 85 70 11 18 78 11 2A 7E
ID: 153, Data: 80 0 0 FF 0 FF 0 0
ID: 1F0, Data: 86A 40 B5 BF 0 0 0 0
ID: 316, Data: 85 6F 63 18 78 11 2B 7E
ID: 316, Data: 85 6F 7A 18 78 11 2B 7E
ID: 43F, Data: 844 45 60 FF 5E 90 17 0
ID: 43F, Data: 844 45 60 FF 5E 94 17 0
ID: 18F, Data: 8AA 34 0 0 0 0 0 0
ID: 316, Data: 85 71 E0 18 78 11 2B 7E
ID: 153, Data: 80 0 0 FF 0 FF 0 0
ID: 329, Data: 8B B0 80 8 11 47 33 26
ID: 316, Data: 85 71 20 19 78 11 2C 7E
ID: 545, Data: 8E4 DB 0 8D AF 6 AF 6
ID: 316, Data: 85 72 28 19 77 11 2C 7E
ID: 316, Data: 85 72 30 19 78 11 2C 7E
ID: A0, Data: 884 7C 28 19 2C 3D 2 0
ID: 316, Data: 85 72 61 19 77 11 2C 7E
ID: 153, Data: 80 0 0 FF 0 FF 0 0
ID: 43F, Data: 844 45 60 FF 5E 84 18 0
ID: 280, Data: 830 0 88 B0 33 47 60 9D
ID: 153, Data: 80 0 0 FF 0 FF 0 0
ID: 280, Data: 830 0 88 B0 33 47 60 9D
ID: 153, Data: 80 0 0 FF 0 FF 0 0
ID: 1F0, Data: 868 40 B5 BF 0 0 0 0
ID: 545, Data: 8E4 EE 0 8D C3 6 C3 6
ID: 2A0, Data: 8C1 22 60 1C 3D 0 17 0
ID: 153, Data: 80 0 0 FF 0 FF 0 0
ID: 153, Data: 80 0 0 FF 0 FF 0 0
ID: 316, Data: 85 6A F0 19 6E 12 2E 7E
ID: 18F, Data: 8AA 33 0 0 0 0 0 0
ID: 316, Data: 85 68 1 1A 6E 12 2E 7E
ID: 153, Data: 80 0 0 FF 0 FF 0 0
ID: 153, Data: 80 0 0 FF 0 FF 0 0
ID: 316, Data: 85 67 47 1A 6E 12 2F 7E
ID: 43F, Data: 844 45 60 FF 5E AC 19 0
ID: 316, Data: 85 66 86 1A 6D 12 2F 7E
ID: 153, Data: 80 0 0 FF 0 FF 0 0
ID: 153, Data: 80 0 0 FF 0 FF 0 0
ID: 316, Data: 85 69 CF 1A 6D 11 2F 7E
ID: 5F0, Data: 20 0
ID: 316, Data: 85 69 F4 1A 6D 12 30 7E
ID: 153, Data: 80 0 0 FF 0 FF 0 0
ID: A1, Data: 881 7C 80 7F 47 0 0 0
ID: 329, Data: 8ED B0 80 8 11 46 2E 26
ID: 153, Data: 80 0 0 FF 0 FF 0 0
ID: 43F, Data: 844 45 60 FF 5E 58 1A 0
ID: 43F, Data: 844 45 60 FF 5E 4C 1A 0
ID: 43F, Data: 844 45 60 FF 5E 7C 1A 0
ID: 260, Data: 8B 69 6E 30 0 FF A7 2E
ID: 153, Data: 80 0 0 FF 0 FF 0 0
ID: 329, Data: 8ED B0 80 8 11 46 2F 26
ID: 316, Data: 85 68 9F 1B 6E 12 31 7E
ID: A1, Data: 884 7C 80 7F 46 0 0 0
ID: 43F, Data: 844 45 60 FF 5E CC 1A 0
ID: 153, Data: 80 0 0 FF 0 FF 0 0
ID: A1, Data: 884 7C 80 7F 47 0 0 0
ID: 280, Data: 830 0 88 B0 37 41 5F 96
ID: 2A0, Data: 8A1 26 5F 1C 3D 0 17 0
ID: 440, Data: 8FE 34 32 A0 FF AA AA AA
ID: 153, Data: 80 0 0 FF 0 FF 0 0
ID: 316, Data: 85 6B 2B 1C 6D 12 32 7E
ID: 153, Data: 80 0 0 FF 0 FF 0 0
ID: 316, Data: 85 6B 5E 1C 6D 12 32 7E
ID: 153, Data: 80 0 0 FF 0 FF 0 0
ID: 316, Data: 85 6B 73 1C 6E 12 32 7E
ID: 316, Data: 85 6B 7D 1C 6E 12 32 7E
ID: A1, Data: 883 7C 80 7F 46 0 0 0
ID: 43F, Data: 844 45 60 FF 5E B8 1B 0
ID: 43F, Data: 844 45 60 FF 5E CC 1B 0
ID: A0, Data: 87B 7D 92 1C 33 3D 2 0
ID: 5F0, Data: 20 0
ID: 316, Data: 85 6B DC 1C 6F 12 33 7E
ID: 316, Data: 85 6B F1 1C 6F 12 33 7E
ID: A0, Data: 87B 7D F1 1C 34 3D 2 0
ID: 5F0, Data: 20 0
ID: 316, Data: 85 6C 27 1D 6F 12 33 7E
ID: 316, Data: 85 6D 32 1D 6F 12 34 7E
ID: 153, Data: 80 0 0 FF 0 FF 0 0
ID: 440, Data: 8E1 E4 34 A0 FF AA AA AA
ID: 43F, Data: 84D 45 60 FF 5E 60 1C 0
ID: 2A0, Data: 8C1 28 5F 1C 3D 0 17 0
ID: 153, Data: 80 0 0 FF 0 FF 0 0
ID: 316, Data: 85 6E 8A 1D 6E 12 34 7E
ID: 5F0, Data: 20 0
ID: 260, Data: 8B 6F 64 30 0 FF A7 31
ID: 545, Data: 8E4 FC 0 8D 67 6 67 6
ID: 316, Data: 85 6B C3 1D 62 12 35 7E
ID: 5F0, Data: 20 0
ID: 545, Data: 8E4 EE 0 8D C7 5 C7 5
ID: 329, Data: 8B B0 80 8 11 45 29 26
ID: 18F, Data: 8AA 31 0 0 0 0 0 0
ID: 43F, Data: 84D 45 60 FF 5E CC 1C 0
ID: 153, Data: 80 0 0 FF 0 FF 0 0
ID: 43F, Data: 84D 45 60 48 5E 74 1B 0
ID: 153, Data: 80 0 0 FF 0 FF 0 0
ID: 153, Data: 80 0 0 FF 0 FF 0 0
ID: 316, Data: 85 3A B3 1A 39 13 36 7E
ID: 153, Data: 80 0 0 FF 0 FF 0 0
ID: 545, Data: 8E4 80 0 8D 32 2 20 3
ID: 316, Data: 85 2E 6B 18 3B 14 36 7E
ID: 280, Data: 830 0 88 B0 2F 27 5F 73
ID: 43F, Data: 84D 45 60 3B 5E 84 16 0
ID: 370, Data: 8FF E4 F0 F0 FF FF FF FF
ID: 316, Data: 85 3D 32 16 3E 14 36 7E
ID: 329, Data: 8ED B0 80 8 11 37 10 26
ID: 43F, Data: 84D 45 60 FF 5E 18 16 0
ID: 316, Data: 85 3E E8 16 3E 14 36 7E
ID: 153, Data: 80 0 0 FF 0 FF 0 0
ID: 153, Data: 80 0 0 FF 0 FF 0 0
ID: 316, Data: 85 3C 5C 18 3C 14 36 7E
ID: 153, Data: 80 0 0 FF 0 FF 0 0
ID: 316, Data: 85 3C FB 17 3D 14 36 7E
ID: 153, Data: 80 0 0 FF 0 FF 0 0
ID: 2A0, Data: 8C1 23 5F 1C 3D 0 17 0
ID: 316, Data: 85 3C 5D 17 3D 14 36 7E
ID: A1, Data: 880 7A 7B 7D 32 0 0 0
ID: 316, Data: 85 3C 56 17 3E 14 36 7E
ID: 316, Data: 85 3C 56 17 30 14 36 7E
ID: 260, Data: 8B 3C 14 30 0 FF C9 B
ID: 316, Data: 85 3E 2C 17 14 14 36 7E
ID: 316, Data: 85 3E 41 17 15 15 36 7E
ID: 18F, Data: 8AA 31 0 0 0 0 0 0
ID: 316, Data: 85 35 2C 17 16 16 36 7E
ID: 153, Data: 80 0 0 FF 0 FF 0 0
ID: 280, Data: 830 0 84 B0 2C 1A 5F 4C
ID: 316, Data: 85 28 FA 15 18 17 36 7E
ID: 43F, Data: 845 45 60 FF 5E C 16 0
ID: 43F, Data: 845 45 60 FF 5E 20 16 0
ID: 440, Data: 8E7 75 35 A0 FF AA AA AA
ID: 316, Data: 85 1D 4B 16 19 18 36 7E
ID: 260, Data: 8B 1C 19 30 0 FF 8D 8
ID: 440, Data: 8E7 85 35 A0 FF AA AA AA
ID: 316, Data: 85 18 B1 15 1A 18 36 7E
ID: 153, Data: 80 0 0 FF 0 FF 0 0
ID: 316, Data: 85 16 C4 14 1B 19 35 7E
ID: 316, Data: 85 17 14 14 1C 19 35 7E
ID: 2A0, Data: 880 1A 5F 1C 3D 0 17 0
ID: 43F, Data: 845 45 60 FF 5E CC 15 0
ID: 316, Data: 85 19 BE 12 1E 19 35 7E
ID: 153, Data: 80 0 0 FF 0 FF 0 0
ID: 316, Data: 85 1B E7 11 1F 19 35 7E
ID: 153, Data: 80 0 0 FF 0 FF 0 0
ID: 280, Data: 830 0 84 B0 23 16 5F 3F
ID: 316, Data: 85 1E A2 11 20 19 35 7E
ID: A1, Data: 87D 79 78 79 1E 0 0 0
ID: 43F, Data: 845 45 60 FF 5E 84 15 0
ID: 43F, Data: 845 45 60 FF 5E 94 15 0
ID: 18F, Data: 8AA 31 0 0 0 0 0 0
ID: 316, Data: 85 1F 6A 12 1E 18 34 7E
ID: 153, Data: 80 0 0 FF 0 FF 0 0
ID: 316, Data: 85 1E 91 12 1E 18 34 7E
ID: 153, Data: 80 0 0 FF 0 FF 0 0
ID: 1F1, Data: 80 14 9D 91 19 A4 31 1A
ID: 280, Data: 830 0 A0 B1 25 16 5F 3E
ID: 153, Data: 80 0 0 FF 0 FF 0 0
ID: 316, Data: 8D 1D 3B 12 1E 18 34 7E
ID: 153, Data: 80 0 0 FF 0 FF 0 0
ID: 18F, Data: 8AA 31 0 0 0 0 0 0
ID: 316, Data: 8D 18 DB 11 1F 19 34 7E
ID: 153, Data: 80 0 0 FF 0 FF 0 0
ID: A1, Data: 880 79 80 79 1E 0 0 0
ID: 329, Data: 8ED B1 80 8 11 2F 0 26
ID: 329, Data: 8ED B1 80 8 11 2F 0 26
ID: 153, Data: 80 0 0 FF 0 FF 0 0
ID: 153, Data: 80 0 0 FF 0 FF 0 0
ID: 316, Data: 8D 14 32 11 20 19 33 7E
ID: 43F, Data: 845 45 60 FF 5E DC 14 0
ID: 5F0, Data: 20 0
ID: A1, Data: 880 79 80 79 1E 0 0 0
ID: 18F, Data: 8AA 31 0 0 0 0 0 0
ID: A1, Data: 880 79 80 7B 1F 0 0 0
ID: 329, Data: 8ED B1 80 8 11 2F 3 26
ID: 545, Data: 8E4 19 0 8D 72 0 72 0
ID: 153, Data: 80 0 0 FF 0 FF 0 0
ID: 316, Data: 85 23 E6 14 28 18 32 7E
ID: 153, Data: 80 0 0 FF 0 FF 0 0
ID: 316, Data: 85 23 3B 15 2A 18 32 7E
ID: 316, Data: 85 23 69 15 2E 18 32 7E
ID: 2A0, Data: 861 10 5F 1C 3D 0 17 0
ID: 43F, Data: 845 45 60 FF 5E 78 14 0
ID: 316, Data: 85 29 87 15 36 17 32 7E
ID: 153, Data: 80 0 0 FF 0 FF 0 0
ID: 316, Data: 85 2B A5 15 38 17 32 7E
ID: 153, Data: 80 0 0 FF 0 FF 0 0
ID: 545, Data: 8E4 4E 0 8D 8C 1 8C 1
ID: 316, Data: 85 2E C 16 38 17 32 7E
ID: 280, Data: 830 0 88 B1 2C 1D 5F 4E
ID: 153, Data: 80 0 0 FF 0 FF 0 0
ID: 153, Data: 80 0 0 FF 0 FF 0 0
ID: 316, Data: 85 30 5F 16 3B 16 31 7E
ID: 153, Data: 80 0 0 FF 0 FF 0 0
ID: 316, Data: 85 32 65 16 3C 16 31 7E
ID: 316, Data: 85 32 6B 16 3C 16 31 7E
ID: 260, Data: 8B 34 3D 30 0 FF C5 1B
ID: 43F, Data: 845 45 60 FF 5E 54 14 0
ID: 440, Data: 8E4 25 31 A0 FF AA AA AA
ID: 153, Data: 80 0 0 FF 0 FF 0 0
ID: 316, Data: 85 37 AC 16 43 15 31 7E
ID: 153, Data: 80 0 0 FF 0 FF 0 0
ID: 18F, Data: 8AA 30 0 0 0 0 0 0
ID: 316, Data: 85 3C EF 16 44 15 31 7E
ID: 316, Data: 85 3D 11 17 44 14 31 7E
ID: 5F0, Data: 20 0
ID: 153, Data: 80 0 0 FF 0 FF 0 0
ID: 43F, Data: 845 45 60 FF 5E 4C 14 0
ID: 43F, Data: 845 45 60 FF 5E 48 14 0
ID: 43F, Data: 845 45 60 FF 5E 50 14 0
ID: 153, Data: 80 0 0 FF 0 FF 0 0
ID: 153, Data: 80 0 0 FF 0 FF 0 0
ID: 316, Data: 85 45 C0 17 4D 13 31 7E
ID: 43F, Data: 845 45 60 FF 5E 5C 14 0
ID: 5F0, Data: 20 0
ID: A0, Data: 852 7D C0 17 32 31 2 0
ID: A1, Data: 880 7C 80 7F 3B 0 0 0
ID: 43F, Data: 845 45 60 FF 5E 58 14 0
ID: 43F, Data: 845 45 60 FF 5E 58 14 0
ID: 316, Data: 85 51 DB 15 54 13 31 7E
ID: 153, Data: 80 0 0 FF 0 FF 0 0
ID: 316, Data: 85 52 EE 15 55 13 31 7E
ID: 316, Data: 85 52 0 16 55 13 31 7E
ID: 280, Data: 830 0 88 B1 2C 33 5F 85
ID: 43F, Data: 845 45 60 FF 5E 70 14 0
ID: 440, Data: 8E2 D5 31 A0 FF AA AA AA
ID: 316, Data: 85 52 FA 15 43 13 32 7E
ID: 316, Data: 85 52 EE 15 41 13 32 7E
ID: 43F, Data: 845 45 60 FF 5E 7C 14 0
ID: 316, Data: 85 51 E7 15 41 13 32 7E
ID: 153, Data: 80 0 0 FF 0 FF 0 0
ID: 153, Data: 80 0 0 FF 0 FF 0 0
ID: 316, Data: 85 49 8D 15 42 13 32 7E
ID: A0, Data: 850 7D C3 15 32 30 2 0
ID: 316, Data: 85 46 29 15 42 13 32 7E
ID: 329, Data: 8B B1 80 8 11 38 11 26
ID: 43F, Data: 845 45 60 FF 5E 78 14 0
ID: 43F, Data: 845 45 60 FF 5E 78 14 0
ID: A0, Data: 84D 7D 24 15 32 2F 2 0
ID: 316, Data: 85 43 69 15 43 13 32 7E
ID: 316, Data: 85 42 81 15 44 13 32 7E
ID: 43F, Data: 845 45 60 FF 5E 88 14 0
ID: 316, Data: 85 42 7B 15 44 14 32 7E
ID: 153, Data: 80 0 0 FF 0 FF 0 0
ID: 153, Data: 80 0 0 FF 0 FF 0 0
ID: 316, Data: 85 41 63 15 4C 14 32 7E
ID: 440, Data: 8E3 85 32 A0 FF AA AA AA
ID: 316, Data: 85 43 6F 15 51 14 32 7E
ID: 153, Data: 80 0 0 FF 0 FF 0 0
ID: 43F, Data: 845 45 60 FF 5E A0 14 0
ID: 43F, Data: 845 45 60 FF 5E 94 14 0
ID: 545, Data: 8E4 7B 0 8D C5 3 C5 3
ID: 316, Data: 85 4D B7 15 54 13 32 7E
ID: 316, Data: 85 4E CF 15 55 13 32 7E
ID: A0, Data: 85D 7D B7 15 32 32 2 0
ID: 43F, Data: 845 45 60 FF 5E A4 14 0
ID: 43F, Data: 845 45 60 FF 5E B8 14 0
ID: 260, Data: 8B 52 58 30 0 FF BC 36
ID: 316, Data: 85 54 99 15 58 12 32 7E
ID: 2A0, Data: 8C1 13 5F 1C 3D 0 17 0
ID: 43F, Data: 845 45 60 FF 5E B8 14 0
ID: 370, Data: 8FF E4 F0 F0 FF FF FF FF
ID: 153, Data: 80 0 0 FF 0 FF 0 0
ID: 316, Data: 85 56 93 15 64 12 32 7E
ID: 316, Data: 85 57 99 15 66 12 32 7E
ID: 2A0, Data: 8C1 14 5F 1C 3D 0 17 0
ID: 43F, Data: 845 45 60 FF 5E DC 14 0
ID: 316, Data: 85 64 E7 15 6F 11 32 7E
ID: 316, Data: 85 68 25 16 6F 11 32 7E
ID: 316, Data: 85 6B 32 16 71 11 33 7E
ID: 43F, Data: 845 45 60 FF 5E F0 14 0
ID: 316, Data: 85 6E 3F 16 71 11 33 7E
ID: 5F0, Data: 20 0
ID: 153, Data: 80 0 0 FF 0 FF 0 0
ID: 43F, Data: 845 45 60 FF 5E 14 15 0
ID: 43F, Data: 845 45 60 FF 5E 10 15 0
ID: 43F, Data: 845 45 60 FF 5E 1C 15 0
ID: 153, Data: 80 0 0 FF 0 FF 0 0
ID: 316, Data: 85 70 78 16 71 11 33 7E
ID: 1F0, Data: 869 40 B5 BF 0 0 0 0
ID: 329, Data: 840 B1 80 8 11 44 30 26
ID: 260, Data: 8B 71 7B 30 0 FF 97 19
ID: 153, Data: 80 0 0 FF 0 FF 0 0
ID: 316, Data: 85 75 4B 16 7C 10 34 7E
ID: 316, Data: 85 77 65 16 7C 10 34 7E
ID: 18F, Data: 8AA 30 0 0 0 0 0 0
ID: 316, Data: 85 7B CE 16 7B 10 34 7E
ID: 43F, Data: 845 45 60 FF 5E 7C 15 0
ID: 316, Data: 85 7B F6 16 7B 10 34 7E
ID: 153, Data: 80 0 0 FF 0 FF 0 0
ID: 153, Data: 80 0 0 FF 0 FF 0 0
ID: 316, Data: 85 7B 8C 16 7C 10 35 7E
ID: 5F0, Data: 20 0
ID: 316, Data: 85 7B C0 16 7B 10 35 7E
ID: 316, Data: 85 7B C7 16 7A 10 35 7E
ID: 18F, Data: 8AA 30 0 0 0 0 0 0
ID: 5F0, Data: 20 0
ID: 43F, Data: 845 45 60 FF 5E D4 15 0
ID: 153, Data: 80 0 0 FF 0 FF 0 0
ID: 153, Data: 80 0 0 FF 0 FF 0 0
ID: 316, Data: 85 74 78 16 71 11 35 7E
ID: 370, Data: 8FF E5 F0 F0 FF FF FF FF
ID: 316, Data: 85 71 8C 16 69 11 35 7E
ID: 153, Data: 80 0 0 FF 0 FF 0 0
ID: 1F0, Data: 867 40 B5 BF 0 0 0 0
ID: 316, Data: 85 65 A6 16 53 12 35 7E
ID: 316, Data: 85 61 85 16 52 12 36 7E
ID: A1, Data: 87E 7D 7D 7F 47 0 0 0
ID: 316, Data: 85 58 45 16 50 12 36 7E
ID: 153, Data: 80 0 0 FF 0 FF 0 0
ID: A1, Data: 87E 7D 7D 7F 43 0 0 0
ID: 329, Data: 8B B1 80 8 11 3B F 26
ID: 370, Data: 8FF E6 F0 F0 FF FF FF FF
ID: 43F, Data: 845 45 60 FF 5E 2C 16 0
ID: 153, Data: 80 0 0 FF 0 FF 0 0
ID: 43F, Data: 845 45 60 FF 5E 40 16 0
ID: 2A0, Data: 8E0 1C 5F 1C 3D 0 17 0
ID: 43F, Data: 845 45 60 FF 5E 3C 16 0
ID: 316, Data: 85 33 E2 16 16 16 36 7E
ID: 153, Data: 80 0 0 FF 0 FF 0 0
ID: 316, Data: 85 29 6 16 18 17 36 7E
ID: 153, Data: 80 0 0 FF 0 FF 0 0
ID: 316, Data: 85 25 72 16 42 17 36 7E
ID: 316, Data: 85 2D 9F 16 45 17 36 7E
ID: A0, Data: 83B 7D 9F 16 36 2E 2 0
ID: 316, Data: 85 30 3A 17 47 16 36 7E
ID: 316, Data: 85 34 8E 17 47 16 36 7E
ID: 43F, Data: 845 45 60 FF 5E 1C 16 0
ID: 316, Data: 85 37 27 18 45 15 36 7E
ID: A1, Data: 87A 79 79 7B 28 0 0 0
ID: 153, Data: 80 0 0 FF 0 FF 0 0
ID: 316, Data: 85 3B A1 18 45 15 36 7E
ID: 153, Data: 80 0 0 FF 0 FF 0 0
ID: 316, Data: 85 3E D0 18 44 14 36 7E
ID: 316, Data: 85 3F E0 18 44 14 36 7E
ID: A0, Data: 84E 7D B8 18 36 31 2 0
ID: 43F, Data: 845 45 60 FF 5E C 16 0
ID: 370, Data: 8FF E5 F0 F0 FF FF FF FF
ID: 260, Data: 8B 42 48 30 0 FF CB 38
ID: 316, Data: 85 41 38 19 48 14 36 7E
ID: 2A0, Data: 8C1 19 5F 1C 3D 0 17 0
ID: 43F, Data: 845 45 60 FF 5E 10 16 0
ID: 316, Data: 85 43 40 19 48 13 36 7E
ID: 153, Data: 80 0 0 FF 0 FF 0 0
ID: 316, Data: 85 44 40 19 48 13 36 7E
ID: 153, Data: 80 0 0 FF 0 FF 0 0
ID: 545, Data: 8E4 84 0 8D 74 3 74 3
ID: 316, Data: 85 46 D0 18 49 13 36 7E
ID: 280, Data: 830 0 88 B1 31 2C 5F 79
ID: 1F1, Data: 80 8C AD 81 1A B4 41 1B
ID: 43F, Data: 845 45 60 FF 5E 1C 16 0
ID: 316, Data: 85 4A CF 17 4C 13 36 7E
ID: 316, Data: 85 4A B2 17 4D 13 36 7E
ID: 43F, Data: 845 45 60 FF 5E 20 16 0
ID: 440, Data: 8E2 D5 36 A0 FF AA AA AA
ID: 153, Data: 80 0 0 FF 0 FF 0 0
ID: 316, Data: 85 4C 9C 17 4D 13 36 7E
ID: 316, Data: 85 4C 87 17 4E 13 36 7E
ID: 2A0, Data: 8C1 19 5F 1C 3D 0 17 0
ID: 43F, Data: 845 45 60 FF 5E 38 16 0
ID: 316, Data: 85 4C 80 17 4E 13 36 7E
ID: 153, Data: 80 0 0 FF 0 FF 0 0
ID: 316, Data: 85 4C 6B 17 4E 13 36 7E
ID: 153, Data: 80 0 0 FF 0 FF 0 0
ID: 545, Data: 8E4 86 0 8D F6 3 F6 3
ID: 316, Data: 85 4C 6B 17 4E 13 36 7E
ID: 280, Data: 830 0 88 B1 2E 2E 5F 82
ID: 43F, Data: 845 45 60 FF 5E 48 16 0
ID: 43F, Data: 845 45 60 FF 5E 58 16 0
ID: 153, Data: 80 0 0 FF 0 FF 0 0
ID: 316, Data: 85 4B 6B 17 4E 13 36 7E
ID: 153, Data: 80 0 0 FF 0 FF 0 0
ID: 280, Data: 830 0 88 B1 2E 2F 5F 82
ID: 5F0, Data: 20 0
ID: 153, Data: 80 0 0 FF 0 FF 0 0
ID: 43F, Data: 845 45 60 FF 5E 64 16 0
ID: 2A0, Data: 8C1 19 5F 1C 3D 0 17 0
ID: 43F, Data: 845 45 60 FF 5E 6C 16 0
ID: 153, Data: 80 0 0 FF 0 FF 0 0
ID: 153, Data: 80 0 0 FF 0 FF 0 0
ID: 18F, Data: 8AA 2F 0 0 0 0 0 0
ID: 316, Data: 85 4B 64 17 4E 13 36 7E
ID: 316, Data: 85 4C 5D 17 4E 13 36 7E
ID: A0, Data: 857 7D 64 17 37 32 2 0
ID: 370, Data: 8FF E4 F0 F0 FF FF FF FF
ID: 440, Data: 8E2 25 36 A0 FF AA AA AA
ID: 316, Data: 85 4C 56 17 4E 13 37 7E
ID: 329, Data: 8B B1 80 8 11 3C 1A 26
ID: 440, Data: 8E2 75 36 A0 FF AA AA AA
ID: 316, Data: 85 4B 41 17 4F 13 37 7E
ID: 153, Data: 80 0 0 FF 0 FF 0 0
ID: 153, Data: 80 0 0 FF 0 FF 0 0
ID: 316, Data: 85 4B 4F 17 4F 13 37 7E
ID: 153, Data: 80 0 0 FF 0 FF 0 0
ID: 316, Data: 85 4B 4F 17 4F 13 37 7E
ID: 316, Data: 85 4B 5D 17 4F 12 37 7E
ID: 18F, Data: 8AA 2F 0 0 0 0 0 0
ID: 43F, Data: 845 45 60 FF 5E AC 16 0
ID: 153, Data: 80 0 0 FF 0 FF 0 0
ID: 316, Data: 85 4C 5D 17 4F 12 37 7E
ID: 316, Data: 85 4C 5D 17 4F 12 37 7E
ID: 545, Data: 8E4 8D 0 8D FC 3 FC 3
ID: 316, Data: 85 4C 6B 17 4F 12 37 7E
ID: 1F1, Data: 80 C0 B7 51 1B C1 1 1C
ID: 260, Data: 8B 4D 4F 30 0 FF C1 12
ID: 316, Data: 85 4C 6B 17 4E 12 37 7E
ID: 1F1, Data: 80 E2 B4 21 1B C2 21 1C
ID: 1F1, Data: 80 E3 B5 E1 1B BF 11 1C
ID: 316, Data: 85 4D 6B 17 4E 12 37 7E
ID: A0, Data: 85A 7D 6B 17 38 33 2 0
ID: 43F, Data: 845 45 60 FF 5E D4 16 0
ID: 5A0, Data: 80 0 0 90 0 0 0 0
ID: 370, Data: 8FF E4 F0 F0 FF FF FF FF
ID: 329, Data: 8B B1 80 8 11 3C 18 26
ID: 153, Data: 80 0 0 FF 0 FF 0 0
ID: 316, Data: 85 4D 95 17 48 12 38 7E
ID: 440, Data: 8E1 25 37 A0 FF AA AA AA
ID: 18F, Data: 8AA 2F 0 0 0 0 0 0
ID: 316, Data: 85 4C 8E 17 48 12 38 7E
ID: 153, Data: 80 0 0 FF 0 FF 0 0
ID: 280, Data: 830 0 88 B1 2F 2D 5F 83
ID: 316, Data: 85 49 87 17 47 13 38 7E
ID: A0, Data: 851 7D 95 17 38 31 2 0
ID: 43F, Data: 845 45 60 FF 5E C 17 0
ID: 440, Data: 8E2 75 38 A0 FF AA AA AA
ID: 260, Data: 8B 46 13 30 0 FF C5 5
ID: 316, Data: 85 3F 9 18 14 14 38 7E
ID: 316, Data: 85 3A E5 17 14 15 38 7E
ID: 153, Data: 80 0 0 FF 0 FF 0 0
ID: 440, Data: 8E5 85 38 A0 FF AA AA AA
ID: 43F, Data: 845 45 60 FF 5E D4 16 0
ID: 260, Data: 8B 28 17 30 0 FF BD A
ID: 153, Data: 80 0 0 FF 0 FF 0 0
ID: 316, Data: 85 20 A 17 18 18 38 7E
ID: 153, Data: 80 0 0 FF 0 FF 0 0
ID: 316, Data: 85 1C F6 16 19 18 38 7E
ID: 316, Data: 85 1A BA 16 19 18 38 7E
ID: A1, Data: 877 79 74 79 1A 0 0 0
ID: 316, Data: 85 17 E1 15 1A 18 38 7E
ID: 316, Data: 85 17 81 15 1A 18 38 7E
ID: 18F, Data: 8AA 2F 0 0 0 0 0 0
ID: 316, Data: 85 17 7D 14 1C 18 38 7E
ID: 43F, Data: 845 45 60 FF 5E C0 16 0
ID: 316, Data: 85 18 61 13 1D 18 37 7E
ID: 153, Data: 80 0 0 FF 0 FF 0 0
ID: 153, Data: 80 0 0 FF 0 FF 0 0
ID: 316, Data: 85 1C 61 12 1F 18 37 7E
ID: 153, Data: 80 0 0 FF 0 FF 0 0
ID: 316, Data: 85 1D 5D 12 1E 18 37 7E
ID: 1F1, Data: 80 BE B2 F1 1A B7 81 1B
ID: 280, Data: 830 0 84 B1 24 16 5F 3F
ID: 43F, Data: 845 45 60 FF 5E 34 16 0
ID: 329, Data: 8ED B1 80 8 12 2F 0 26
ID: 316, Data: 85 1E 9F 12 1E 18 36 7E
ID: 316, Data: 85 1E C7 12 1E 18 36 7E
ID: 43F, Data: 845 45 60 FF 5E E0 15 0
ID: 43F, Data: 845 45 60 FF 5E C0 15 0
ID: 2A0, Data: 820 10 5F 1C 3D 0 17 0
ID: 153, Data: 80 0 0 FF 0 FF 0 0
ID: 316, Data: 8D 1D BE 12 1D 18 35 7E
ID: 1F0, Data: 868 40 B5 BF 0 0 0 0
ID: 18F, Data: 8AA 2F 0 0 0 0 0 0
ID: A1, Data: 880 79 80 79 1D 0 0 0
ID: 545, Data: 8E4 2F 0 8D 57 0 57 0
ID: 18F, Data: 8AA 2F 0 0 0 0 0 0
ID: 153, Data: 80 0 0 FF 0 FF 0 0
ID: 440, Data: 8E7 75 33 A0 FF AA AA AA
ID: 316, Data: 8D 19 49 11 20 19 33 7E
ID: 153, Data: 80 0 0 FF 0 FF 0 0
ID: 316, Data: 8D 14 27 11 20 19 33 7E
ID: 153, Data: 80 0 0 FF 0 FF 0 0
ID: A1, Data: 880 79 80 79 1E 0 0 0
ID: 329, Data: 8B B1 80 8 12 2F 0 26
ID: 280, Data: 830 0 20 B1 22 17 5F 41
ID: 18F, Data: 8AA 2F 0 0 0 0 0 0
ID: 153, Data: 80 0 0 FF 0 FF 0 0
ID: 5F0, Data: 20 0
ID: 43F, Data: 845 45 60 FF 5E 38 14 0
ID: A0, Data: 82D 7D EF 11 32 27 4 0
ID: 153, Data: 80 0 0 FF 0 FF 0 0
ID: 316, Data: 8D A 10 13 1C 18 31 7E
ID: 316, Data: 8D A 61 13 1C 18 31 7E
ID: 1F1, Data: 80 3 7F F1 17 85 A1 18
ID: 1F0, Data: 869 40 B5 BF 0 0 0 0
ID: 153, Data: 80 0 0 FF 0 FF 0 0
ID: 5A0, Data: 80 0 0 90 0 0 0 0
ID: 153, Data: 80 0 0 FF 0 FF 0 0
ID: 545, Data: 8E4 8 0 8D A2 FE A2 FE
ID: 316, Data: 8D 4 6A 13 1C 18 30 7E
ID: A0, Data: 82A 7D 52 13 30 27 4 0
ID: 316, Data: 8D 0 4E 13 1C 18 30 7E
ID: 316, Data: 8D 0 3B 13 1C 18 30 7E
ID: 280, Data: 830 0 20 B1 26 16 5F 3D
ID: 1F1, Data: 80 69 77 51 17 7A C1 17
ID: 316, Data: 8D 0 FE 12 1D 18 2F 7E
ID: 43F, Data: 845 45 60 FF 5E 30 13 0
ID: 316, Data: 8D 0 DE 12 1D 18 2F 7E
ID: 18F, Data: 8AA 2F 0 0 0 0 0 0
ID: 43F, Data: 845 45 60 FF 5E 10 13 0
ID: 153, Data: 80 0 0 FF 0 FF 0 0
ID: 316, Data: 8D 0 A8 12 1D 18 2E 7E
ID: 316, Data: 8D 0 8D 12 1D 18 2E 7E
ID: 153, Data: 80 0 0 FF 0 FF 0 0
ID: A0, Data: 82B 7D 96 12 2F 27 4 0
ID: 316, Data: 8D 0 59 12 1D 18 2E 7E
ID: 260, Data: 80 0 1D 30 0 FF 4E 2D
ID: 153, Data: 80 0 0 FF 0 FF 0 0
ID: 153, Data: 80 0 0 FF 0 FF 0 0
ID: 316, Data: 8D 0 1D 12 1D 18 2D 7E
ID: A0, Data: 82C 7D 21 12 2E 27 4 0
ID: 316, Data: 8D 0 F4 11 1E 18 2D 7E
ID: 316, Data: 8D 0 E7 11 1E 18 2D 7E
ID: 2A0, Data: 840 8 5F 1C 3D 0 17 0
ID: 43F, Data: 84C 45 60 FF 5E 54 12 0
ID: 153, Data: 80 0 0 FF 0 FF 0 0
ID: 153, Data: 80 0 0 FF 0 FF 0 0
ID: 316, Data: 8D 0 B2 11 1E 18 2C 7E
ID: 153, Data: 80 0 0 FF 0 FF 0 0
ID: 329, Data: 884 B1 80 8 12 2E 0 26
ID: 153, Data: 80 0 0 FF 0 FF 0 0
ID: 260, Data: 80 0 1D 30 0 FF 4E 3C
ID: 316, Data: 8D 0 6A 12 1C 18 2B 7E
ID: 545, Data: 8E4 0 0 8D 4E FE 4E FE
ID: 43F, Data: 84C 45 60 FF 5E 84 15 0
ID: 153, Data: 80 0 0 FF 0 FF 0 0
ID: A0, Data: 829 7D C7 12 2C 26 4 0
ID: 316, Data: 8D 0 C8 13 1A 18 2A 7E
ID: 18F, Data: 8AA 2F 0 0 0 0 0 0
ID: 43F, Data: 84C 45 60 FF 5E 58 16 0
ID: 43F, Data: 84C 45 60 FF 5F 24 16 0
ID: 43F, Data: 84C 45 60 FF 5E 10 16 0
ID: A1, Data: 880 79 80 79 1D 0 0 0
ID: 153, Data: 80 0 0 FF 0 FF 0 0
ID: 316, Data: 8D 0 3B 15 19 18 29 7E
ID: 153, Data: 80 0 0 FF 0 FF 0 0
ID: 316, Data: 8D 0 2 15 19 18 28 7E
ID: 5F0, Data: 20 0
ID: 153, Data: 80 0 0 FF 0 FF 0 0
ID: 316, Data: 8D 0 8E 14 19 18 27 7E
ID: 316, Data: 8D 0 68 14 19 18 27 7E
ID: 316, Data: 8D 0 38 14 1B 18 27 7E
ID: A0, Data: 826 7D 83 14 28 27 4 0
ID: 43F, Data: 84C 45 60 FF 5E A8 14 0
ID: 316, Data: 8D 0 C3 13 1B 18 26 7E
ID: 18F, Data: 8AA 2F 0 0 0 0 0 0
ID: 5F0, Data: 20 0
ID: 43F, Data: 844 45 60 FF 5E 1C 14 0
ID: 18F, Data: 8AA 2F 0 0 0 0 0 0
ID: 153, Data: 80 0 0 FF 0 FF 0 0
ID: 316, Data: 8D 0 A3 12 1C 18 25 7E
ID: 43F, Data: 844 45 60 FF 5E A8 13 0
ID: 316, Data: 8D 0 59 12 1D 18 25 7E
ID: 545, Data: 8E4 0 0 8C 48 FE 48 FE
ID: 153, Data: 80 0 0 FF 0 FF 0 0
ID: 316, Data: 8D 0 FC 11 1D 18 24 7E
ID: 153, Data: 80 0 0 FF 0 FF 0 0
ID: 316, Data: 8D 0 CF 11 1D 18 23 7E
ID: 316, Data: 8D 0 AE 11 1D 18 23 7E
ID: 316, Data: 8D 0 9B 11 1D 18 23 7E
ID: 153, Data: 80 0 0 FF 0 FF 0 0
ID: 153, Data: 80 0 0 FF 0 FF 0 0
ID: 43F, Data: 84B 45 60 FF 5E 38 12 0
ID: A0, Data: 82D 7D 54 11 23 27 4 0
ID: 153, Data: 80 0 0 FF 0 FF 0 0
ID: 316, Data: 8D 0 10 11 1E 19 21 7E
ID: 153, Data: 80 0 0 FF 0 FF 0 0
ID: 316, Data: 8D 0 F2 10 1E 19 21 7E
ID: 316, Data: 8D 0 EB 10 1E 19 21 7E
ID: 545, Data: 8E4 0 0 8D 42 FE 42 FE
ID: 43F, Data: 84B 45 60 FF 5E C4 10 0
ID: 153, Data: 80 0 0 FF 0 FF 0 0
ID: 545, Data: 8E4 8 0 8C 9A FE 9A FE
ID: 316, Data: 85 A D2 F 1F 19 1F 7E
ID: 43F, Data: 84B 45 60 FF 5E 34 10 0
ID: 43F, Data: 84B 45 60 FF 5E 5C 10 0
ID: 316, Data: 85 15 D3 E 21 19 1F 7E
ID: 316, Data: 85 1A 4E E 22 1A 1F 7E
ID: 316, Data: 85 20 A6 E 22 1A 1F 7E
ID: 545, Data: 8E4 27 0 8D 80 0 80 0
ID: 43F, Data: 84B 45 60 FF 5E 4C 13 0
ID: 153, Data: 80 0 0 FF 0 FF 0 0
ID: 316, Data: 85 21 EF E 21 19 1E 7E
ID: 370, Data: 8FF E4 F0 F0 FE FF FF FF
ID: 2A0, Data: 820 3 5F 1C 3D 0 17 0
ID: 316, Data: 85 1F 87 10 1E 19 1E 7E
ID: 316, Data: 85 1E 1 11 1D 19 1E 7E
ID: 43F, Data: 84B 45 60 FF 5E 20 14 0
ID: 370, Data: 8FF E4 F0 F0 FE FF FF FF
ID: A0, Data: 82A 7D 1 11 1E 26 2 0
ID: 153, Data: 80 0 0 FF 0 FF 0 0
ID: 316, Data: 85 2B F5 12 56 18 1D 7E
ID: 153, Data: 80 0 0 FF 0 FF 0 0
ID: 2A0, Data: 8A1 4 5F 1C 3D 0 17 0
ID: 316, Data: 85 37 92 16 54 16 1D 7E
ID: 153, Data: 80 0 0 FF 0 FF 0 0
ID: 43F, Data: 84B 45 60 FF 5E 50 15 0
ID: 153, Data: 80 0 0 FF 0 FF 0 0
ID: 316, Data: 85 44 B0 18 58 14 1D 7E
ID: 153, Data: 80 0 0 FF 0 FF 0 0
ID: 280, Data: 830 0 88 B1 31 2E 5F 7E
ID: 316, Data: 85 4C 30 19 59 13 1D 7E
ID: 43F, Data: 843 45 60 FF 5E 9C 15 0
ID: 370, Data: 8FF E4 F0 F0 FF FF FF FF
ID: A1, Data: 888 7C 88 7F 3F 0 0 0
ID: 153, Data: 80 0 0 FF 0 FF 0 0
ID: 316, Data: 85 59 C8 18 62 12 1E 7E
ID: 153, Data: 80 0 0 FF 0 FF 0 0
ID: 2A0, Data: 861 A 5F 1C 3D 0 17 0
ID: 316, Data: 85 61 A4 17 6F 11 1E 7E
ID: 545, Data: 8E4 C8 0 8D A5 5 A5 5
ID: 43F, Data: 843 45 60 FF 5E 94 16 0
ID: 153, Data: 80 0 0 FF 0 FF 0 0
ID: 18F, Data: 8AA 2F 0 0 0 0 0 0
ID: 329, Data: 884 B1 80 8 11 4A 37 26
ID: 316, Data: 85 7E A4 19 7A 10 1F 7E
ID: 153, Data: 80 0 0 FF 0 FF 0 0
ID: 43F, Data: 843 45 60 FF 5E 84 17 0
ID: 43F, Data: 843 45 60 FF 5E 94 17 0
ID: 43F, Data: 843 45 60 FF 5E CC 17 0
ID: 153, Data: 80 0 0 FF 0 FF 0 0
ID: 316, Data: 85 7A 71 19 7E 10 21 7E
ID: 153, Data: 80 0 0 FF 0 FF 0 0
ID: 153, Data: 80 0 0 FF 0 FF 0 0
ID: 316, Data: 85 7A DF 19 82 10 21 7E
ID: 370, Data: 8FF E4 F0 F0 FF FF FF FF
ID: 18F, Data: 8AA 2F 0 0 0 0 0 0
ID: 316, Data: 85 7F 59 1A 87 10 22 7E
ID: 316, Data: 85 80 98 1A 8A 10 22 7E
ID: 316, Data: 85 85 F4 1A 8D 10 22 7E
ID: 43F, Data: 843 45 60 FF 5E E4 19 0
ID: 316, Data: 85 89 8C 1B 8F 10 23 7E
ID: 153, Data: 80 0 0 FF 0 FF 0 0
ID: 316, Data: 85 8E C7 1B 90 10 24 7E
ID: 316, Data: 85 8F EE 1B 90 10 24 7E
ID: 2A0, Data: 81 19 5F 1C 3D 0 17 0
ID: 43F, Data: 843 45 60 FF 5E 10 1B 0
ID: 440, Data: 8FE B3 25 A0 FF AA AA AA
ID: 260, Data: 8B 8E 91 30 0 FF 88 4
ID: 316, Data: 85 8E B1 1C 99 1A 25 7E
ID: 316, Data: 85 90 FC 1C 99 19 26 7E
ID: 43F, Data: 843 45 60 FF 5F 2C 1C 0
ID: 316, Data: 85 95 AC 1D 99 19 26 7E
ID: 153, Data: 80 0 0 FF 0 FF 0 0
ID: 316, Data: 85 95 36 1E 99 19 27 7E
ID: 1F0, Data: 86A 40 B5 BF 0 0 0 0
ID: 329, Data: 884 B1 80 8 11 55 49 26
ID: 260, Data: 8B 96 9A 30 0 FF 85 5
ID: 370, Data: 8FF E4 F0 F0 FF FF FF FF
ID: 316, Data: 845 95 E9 1E 99 19 28 7E
ID: 153, Data: 80 0 0 FF 0 FF 0 0
ID: 316, Data: 845 95 E 1F 99 19 29 7E
ID: 316, Data: 845 95 1A 1F 99 19 29 7E
ID: A1, Data: 883 7E 83 7F 55 0 0 0
ID: 153, Data: 80 0 0 FF 0 FF 0 0
ID: 316, Data: 845 95 D8 1F 9A 1A 2A 7E
ID: 43F, Data: 843 45 60 FF 5E 40 1F 0
ID: 18F, Data: 8AA 30 0 0 0 0 0 0
ID: 316, Data: 845 95 85 20 99 1A 2B 7E
ID: 153, Data: 80 0 0 FF 0 FF 0 0
ID: 2A0, Data: 8A1 27 5F 1C 3D 0 17 0
ID: 316, Data: 845 96 1C 21 99 1A 2C 7E
ID: A1, Data: 885 7E 82 7F 55 0 0 0
ID: 43F, Data: 843 45 60 FF 5E B0 20 0
ID: 153, Data: 80 0 0 FF 0 FF 0 0
ID: 153, Data: 80 0 0 FF 0 FF 0 0
ID: 260, Data: 8B 96 99 30 0 FF 8D E
ID: 316, Data: 845 95 4E 22 98 1A 2D 7E
ID: 2A0, Data: 8C1 2A 5F 1C 3D 0 17 0
ID: 370, Data: 8FF E4 F0 F0 FF FF FF FF
ID: 329, Data: 840 B1 80 8 11 55 3F 26
ID: 153, Data: 80 0 0 FF 0 FF 0 0
ID: 153, Data: 80 0 0 FF 0 FF 0 0
ID: 316, Data: 845 86 26 23 81 1A 2F 7E
ID: 153, Data: 80 0 0 FF 0 FF 0 0
ID: 153, Data: 80 0 0 FF 0 FF 0 0
ID: 329, Data: 8B B0 80 8 11 50 3C 26
ID: 316, Data: 845 7F 65 23 81 1B 30 7E
ID: 18F, Data: 8AA 35 0 0 0 0 0 0
ID: 153, Data: 80 0 0 FF 0 FF 0 0
ID: 316, Data: 845 7D F8 23 80 1B 31 7E
ID: 153, Data: 80 0 0 FF 0 FF 0 0
ID: 316, Data: 845 7D 7F 24 80 1B 31 7E
ID: 316, Data: 845 7C B2 24 80 1B 31 7E
ID: A1, Data: 884 7E 81 7F 4A 0 0 0
ID: 43F, Data: 84C 45 60 FF 5E 60 24 0
ID: 316, Data: 845 7D 50 25 7F 1B 32 7E
ID: 316, Data: 845 7D 50 25 7F 1B 32 7E
ID: 329, Data: 884 B0 80 8 11 51 3C 26
ID: 43F, Data: 84C 45 60 FF 5E CC 24 0
ID: 545, Data: 8E4 7B 1 8D CE 6 CE 6
ID: 153, Data: 80 0 0 FF 0 FF 0 0
ID: 153, Data: 80 0 0 FF 0 FF 0 0
ID: 316, Data: 845 69 86 23 81 1B 33 7E
ID: 370, Data: 8FF E4 F0 F0 FF FF FF FF
ID: 316, Data: 845 6C 8E 21 82 1A 34 7E
ID: 153, Data: 80 0 0 FF 0 FF 0 0
ID: 316, Data: 845 70 B2 1F 83 1A 34 7E
ID: 316, Data: 845 7D E 1F 84 1A 34 7E
ID: 153, Data: 80 0 0 FF 0 FF 0 0
ID: 316, Data: 845 85 94 1E 85 1A 34 7E
ID: 316, Data: 845 86 B8 1E 85 1A 35 7E
ID: 153, Data: 80 0 0 FF 0 FF 0 0
ID: 43F, Data: 84C 45 60 FF 5F F8 1C 0
ID: 316, Data: 845 85 36 1E 85 1A 35 7E
ID: 2A0, Data: 8A1 31 5F 1C 3D 0 17 0
ID: 316, Data: 845 85 4D 1E 85 1A 35 7E
ID: 280, Data: 830 0 88 B0 3C 52 5F A2
ID: 43F, Data: 844 45 60 FF 5E 88 1D 0
ID: 2A0, Data: 861 31 5F 1C 3D 0 17 0
ID: 153, Data: 80 0 0 FF 0 FF 0 0
ID: 316, Data: 845 83 DD 1E 85 1A 36 7E
ID: 316, Data: 845 83 1 1F 85 1A 37 7E
ID: A0, Data: 896 7D DD 1E 37 43 2 0
ID: 43F, Data: 844 45 60 FF 5F 18 1E 0
ID: 370, Data: 8FF E4 F0 F0 FF FF FF FF
ID: 316, Data: 845 82 40 1F 85 1A 37 7E
ID: 316, Data: 845 82 4C 1F 86 1A 37 7E
ID: 370, Data: 8FF E4 F0 F0 FF FF FF FF
ID: 153, Data: 80 0 0 FF 0 FF 0 0
ID: 316, Data: 845 83 8B 1F 85 1A 38 7E
ID: 153, Data: 80 0 0 FF 0 FF 0 0
ID: 260, Data: 8B 84 86 30 0 FF 97 19
ID: 316, Data: 845 84 0 20 85 1A 38 7E
ID: A1, Data: 881 7E 81 7F 4D 0 0 0
ID: 440, Data: 8FE 34 39 A0 FF AA AA AA
ID: 43F, Data: 844 45 60 FF 5E 30 1F 0
ID: 316, Data: 845 83 42 20 85 1A 39 7E
ID: 316, Data: 845 83 42 20 85 1A 39 7E
ID: 43F, Data: 844 45 60 FF 5F 6C 1F 0
ID: 316, Data: 845 83 77 20 85 1A 3A 7E
ID: 153, Data: 80 0 0 FF 0 FF 0 0
ID: 280, Data: 830 0 88 B0 41 50 5F A3
ID: 316, Data: 845 83 E5 20 85 1A 3A 7E
ID: 43F, Data: 844 45 60 FF 5E F0 1F 0
ID: 316, Data: 845 83 E5 20 85 1A 3B 7E
ID: 153, Data: 80 0 0 FF 0 FF 0 0
ID: 43F, Data: 844 45 60 FF 5F 34 20 0
ID: 316, Data: 845 84 47 21 85 1A 3B 7E
ID: A0, Data: 897 7C 2A 21 3B 45 2 0
ID: 316, Data: 845 84 80 21 85 1A 3B 7E
ID: 316, Data: 845 84 80 21 85 1A 3B 7E
ID: 153, Data: 80 0 0 FF 0 FF 0 0
ID: 2A0, Data: 8C1 35 5F 1C 3D 0 17 0
ID: 316, Data: 845 84 AB 21 84 1A 3C 7E
ID: 370, Data: 8FF E4 F0 F0 FF FF FF FF
ID: 316, Data: 845 84 F4 21 7F 1A 3C 7E
ID: 153, Data: 80 0 0 FF 0 FF 0 0
ID: 153, Data: 80 0 0 FF 0 FF 0 0
ID: 43F, Data: 84D 45 60 FF 5F 40 21 0
ID: 153, Data: 80 0 0 FF 0 FF 0 0
ID: 2A0, Data: 81 35 5F 1C 3D 0 17 0
ID: 316, Data: 845 7B 4E 22 7A 1B 3D 7E
ID: 545, Data: 8E4 41 1 8D 95 6 95 6
ID: 316, Data: 845 7A 4E 22 79 1B 3E 7E
ID: 153, Data: 80 0 0 FF 0 FF 0 0
ID: 316, Data: 845 79 7B 22 77 1B 3E 7E
ID: A0, Data: 88B 7C 7B 22 3E 43 2 0
ID: 316, Data: 845 77 9A 22 72 1B 3E 7E
ID: 280, Data: 830 0 88 B0 45 47 5F 97
ID: 370, Data: 8FF E4 F0 F0 FF FF FF FF
ID: 2A0, Data: 8A1 35 5F 1C 3D 0 17 0
ID: 316, Data: 845 5E 5D 22 6A 1B 3F 7E
ID: 316, Data: 845 5A 38 21 68 1B 3F 7E
ID: 316, Data: 845 57 E5 1F 68 1B 3F 7E
ID: A0, Data: 882 7C 98 1F 40 3F 2 0
ID: 43F, Data: 84D 45 60 59 5F 14 1D 0
ID: 316, Data: 845 57 A1 1D 6B 1B 3F 7E
ID: 153, Data: 80 0 0 FF 0 FF 0 0
ID: 329, Data: 840 B0 80 8 11 47 29 26
ID: 316, Data: 845 56 DA 1B 6D 1B 40 7E
ID: 43F, Data: 84D 45 60 6A 5F 7C 1A 0
ID: 43F, Data: 84D 45 60 6D 5F 3C 1A 0
ID: A1, Data: 87F 7D 7D 7F 46 0 0 0
ID: 153, Data: 80 0 0 FF 0 FF 0 0
ID: 316, Data: 845 6C 5C 1B 6E 1C 40 7E
ID: 153, Data: 80 0 0 FF 0 FF 0 0
ID: A0, Data: 87A 7C 19 1B 41 3C 2 0
ID: 329, Data: 840 B0 80 8 11 45 29 26
ID: 18F, Data: 8AA 3B 0 0 0 0 0 0
ID: 316, Data: 845 6B 5C 1B 6D 1B 40 7E
ID: 153, Data: 80 0 0 FF 0 FF 0 0
ID: 316, Data: 845 6B 96 1B 6A 1B 40 7E
ID: 316, Data: 845 6B BD 1B 69 1B 41 7E
ID: 43F, Data: 84E 45 60 FF 5F AC 1A 0
ID: 280, Data: 830 0 88 B0 37 42 5E 95
ID: 153, Data: 80 0 0 FF 0 FF 0 0
ID: 316, Data: 845 6B 8C 1B 69 1B 41 7E
ID: 316, Data: 845 6A 5C 1B 6A 1B 41 7E
ID: 43F, Data: 84E 45 60 FF 5F D0 1A 0
ID: 316, Data: 845 69 52 1B 6A 1B 41 7E
ID: 153, Data: 80 0 0 FF 0 FF 0 0
ID: 316, Data: 845 67 65 1B 62 1C 41 7E
ID: 316, Data: 845 66 65 1B 58 1C 41 7E
ID: 43F, Data: 84E 45 60 FF 5F F0 1A 0
ID: 316, Data: 845 60 78 1B 55 1C 41 7E
ID: 153, Data: 80 0 0 FF 0 FF 0 0
ID: 329, Data: 8ED B0 80 8 11 41 1C 26
ID: 316, Data: 845 58 19 1B 56 1C 42 7E
ID: 43F, Data: 84E 45 60 48 5F D4 1A 0
ID: 153, Data: 80 0 0 FF 0 FF 0 0
ID: 43F, Data: 84E 45 60 49 5F B8 19 0
ID: 2A0, Data: 81 2E 5E 1C 3D 0 17 0
ID: 316, Data: 845 47 59 1A 56 1C 42 7E
ID: 316, Data: 845 47 93 19 57 1C 42 7E
ID: 153, Data: 80 0 0 FF 0 FF 0 0
ID: 316, Data: 845 57 CF 17 59 1C 42 7E
ID: 316, Data: 845 5A 6B 17 59 1C 42 7E
ID: 43F, Data: 84E 45 60 FF 5F B4 15 0
ID: 316, Data: 845 5E A6 16 5A 1C 42 7E
ID: A1, Data: 87C 7D 7D 7E 44 0 0 0
ID: 316, Data: 845 5C 72 16 5A 1C 42 7E
ID: 329, Data: 884 B0 80 8 11 3E 1B 26
ID: 43F, Data: 846 45 60 FF 5F BC 15 0
ID: 280, Data: 830 0 88 B0 2C 38 5E 8E
ID: 153, Data: 80 0 0 FF 0 FF 0 0
ID: 316, Data: 845 5A 6B 16 5A 1C 42 7E
ID: 316, Data: 845 5A 99 16 5A 1C 42 7E
ID: 43F, Data: 846 45 60 FF 5F D4 15 0
ID: 316, Data: 845 59 C7 16 5A 1C 42 7E
ID: 153, Data: 80 0 0 FF 0 FF 0 0
ID: 329, Data: 884 B0 80 8 11 3E 1B 26
ID: 316, Data: 845 57 99 16 5A 1C 43 7E
ID: 43F, Data: 846 45 60 FF 5F CC 15 0
ID: 153, Data: 80 0 0 FF 0 FF 0 0
ID: 153, Data: 80 0 0 FF 0 FF 0 0
ID: 2A0, Data: 8A1 29 5E 1C 3D 0 17 0
ID: 316, Data: 845 58 72 16 5B 1C 43 7E
ID: A1, Data: 87B 7C 7B 7E 44 0 0 0
ID: 153, Data: 80 0 0 FF 0 FF 0 0
ID: 316, Data: 845 58 B3 16 5B 1C 43 7E
ID: 153, Data: 80 0 0 FF 0 FF 0 0
ID: A1, Data: 87B 7C 7B 7E 44 0 0 0
ID: 280, Data: 830 0 88 B0 2D 37 5E 91
ID: 545, Data: 8E4 9D 0 8D 36 4 36 4
ID: 316, Data: 845 59 C0 16 5A 1C 43 7E
ID: 153, Data: 80 0 0 FF 0 FF 0 0
ID: 43F, Data: 846 45 60 FF 5E 4 16 0
ID: 18F, Data: 8AA 3A 0 0 0 0 0 0
ID: 43F, Data: 846 45 60 FF 5F 0 16 0
ID: 153, Data: 80 0 0 FF 0 FF 0 0
ID: 153, Data: 80 0 0 FF 0 FF 0 0
ID: 316, Data: 845 59 CE 16 5B 1C 43 7E
ID: 260, Data: 8B 5A 5B 30 0 FF B2 8
ID: 153, Data: 80 0 0 FF 0 FF 0 0
ID: 316, Data: 845 59 B3 16 5B 1C 43 7E
ID: 153, Data: 80 0 0 FF 0 FF 0 0
ID: 43F, Data: 846 45 60 FF 5F 18 16 0
ID: 260, Data: 8B 5B 5B 30 0 FF B2 25
ID: 153, Data: 80 0 0 FF 0 FF 0 0
ID: 316, Data: 845 5A A 17 5B 1C 44 7E
ID: 153, Data: 80 0 0 FF 0 FF 0 0
ID: 18F, Data: 8AA 3A 0 0 0 0 0 0
ID: 316, Data: 845 59 F6 16 52 12 44 7E
ID: 316, Data: 845 59 F6 16 52 12 44 7E
ID: 153, Data: 80 0 0 FF 0 FF 0 0
ID: 440, Data: 8FE 66 43 A0 FF AA AA AA
ID: 43F, Data: 846 45 60 FF 5F 48 16 0
ID: A1, Data: 87A 7C 7D 7E 45 0 0 0
ID: 153, Data: 80 0 0 FF 0 FF 0 0
ID: 316, Data: 845 53 6B 16 4E 12 44 7E
ID: 153, Data: 80 0 0 FF 0 FF 0 0
ID: A0, Data: 85A 7C 92 16 44 33 2 0
ID: 329, Data: 884 B0 80 8 11 3C 17 26
ID: A0, Data: 85A 7C 92 16 44 33 2 0
ID: 316, Data: 85 4D 11 18 4B 13 44 7E
ID: 316, Data: 85 4C 18 18 4B 13 44 7E
ID: 43F, Data: 846 45 60 FF 5E 58 16 0
ID: 316, Data: 85 4B C0 17 4C 13 44 7E
ID: 153, Data: 80 0 0 FF 0 FF 0 0
ID: 316, Data: 85 4A 79 17 4C 13 44 7E
ID: 153, Data: 80 0 0 FF 0 FF 0 0
ID: 316, Data: 85 4B 6B 17 4C 13 44 7E
ID: 316, Data: 85 4B 79 17 4C 13 44 7E
ID: A0, Data: 858 7D 87 17 45 33 2 0
ID: 43F, Data: 846 45 60 FF 5E 64 16 0
ID: 316, Data: 85 4A B2 17 4C 13 44 7E
ID: A1, Data: 87B 7B 7C 7D 3F 0 0 0
ID: 316, Data: 85 4B 87 17 4C 13 44 7E
ID: 1F1, Data: 80 47 1F 82 21 29 82 22
ID: 18F, Data: 8AA 38 0 0 0 0 0 0
ID: 316, Data: 85 4C 48 17 4C 13 44 7E
ID: 43F, Data: 846 45 60 FF 5E 7C 16 0
ID: 316, Data: 85 4C 41 17 4C 13 45 7E
ID: 153, Data: 80 0 0 FF 0 FF 0 0
ID: 316, Data: 85 49 48 17 4D 13 45 7E
ID: 316, Data: 85 49 41 17 4D 13 45 7E
ID: 18F, Data: 8AA 37 0 0 0 0 0 0
ID: 43F, Data: 846 45 60 FF 5F 90 16 0
ID: 153, Data: 80 0 0 FF 0 FF 0 0
ID: 316, Data: 85 4A 2C 17 4D 13 45 7E
ID: 316, Data: 85 4A 2C 17 4D 13 45 7E
ID: 260, Data: 8B 4B 4D 30 0 FF C3 14
ID: 316, Data: 85 4B 4F 17 43 13 45 7E
ID: 316, Data: 85 4B 64 17 3E 13 45 7E
ID: 153, Data: 80 0 0 FF 0 FF 0 0
ID: 316, Data: 85 4C 9C 17 3E 13 45 7E
ID: 153, Data: 80 0 0 FF 0 FF 0 0
ID: 545, Data: 8E4 87 0 8D B4 3 B4 3
ID: 316, Data: 85 45 72 17 3C 13 45 7E
ID: 329, Data: 8B B0 80 8 11 38 3 26
ID: 43F, Data: 846 45 60 FF 5E B0 16 0
ID: 153, Data: 80 0 0 FF 0 FF 0 0
ID: 1F1, Data: 80 8B 26 22 22 30 52 23
ID: 316, Data: 85 3A DD 17 14 15 45 7E
ID: 153, Data: 80 0 0 FF 0 FF 0 0
ID: 316, Data: 85 31 5D 17 16 16 45 7E
ID: 153, Data: 80 0 0 FF 0 FF 0 0
ID: 2A0, Data: 820 1C 5E 1C 3D 0 17 0
ID: 316, Data: 85 25 CE 16 18 17 45 7E
ID: 153, Data: 80 0 0 FF 0 FF 0 0
ID: 316, Data: 85 1F DB 16 19 18 45 7E
ID: 153, Data: 80 0 0 FF 0 FF 0 0
ID: 316, Data: 85 1B CE 16 19 18 45 7E
ID: 316, Data: 85 19 99 16 19 18 45 7E
ID: A0, Data: 81D 7D BA 16 46 25 2 0
ID: 43F, Data: 846 45 60 FF 5F CC 16 0
ID: 370, Data: 8FF E0 F0 F0 FF FF FF FF
ID: 18F, Data: 8AA 34 0 0 0 0 0 0
ID: 316, Data: 85 20 7F 16 2C 18 45 7E
ID: 153, Data: 80 0 0 FF 0 FF 0 0
ID: 18F, Data: 8AA 34 0 0 0 0 0 0
ID: 316, Data: 85 25 FD 16 2C 18 45 7E
ID: 316, Data: 85 25 25 17 2E 18 45 7E
ID: A0, Data: 831 7D 11 17 46 2A 2 0
ID: 153, Data: 80 0 0 FF 0 FF 0 0
ID: 316, Data: 85 28 AB 17 33 17 45 7E
ID: 153, Data: 80 0 0 FF 0 FF 0 0
ID: 329, Data: 840 B0 80 8 11 35 C 26
ID: 316, Data: 85 2C EC 17 39 17 45 7E
ID: A1, Data: 879 79 7B 7B 23 0 0 0
ID: 43F, Data: 846 45 60 FF 5F A4 16 0
ID: 43F, Data: 846 45 60 FF 5F A8 16 0
ID: 43F, Data: 846 45 60 FF 5F B4 16 0
ID: 316, Data: 85 32 82 18 38 16 45 7E
ID: 260, Data: 8B 33 38 30 0 FF C9 2C
ID: 43F, Data: 846 45 60 FF 5F B0 16 0
ID: 316, Data: 85 32 C0 18 37 16 45 7E
ID: 153, Data: 80 0 0 FF 0 FF 0 0
ID: 316, Data: 85 35 D0 18 37 15 45 7E
ID: 153, Data: 80 0 0 FF 0 FF 0 0
ID: 1F1, Data: 80 8B 26 12 22 31 22 23
ID: 316, Data: 85 36 D8 18 37 15 45 7E
ID: 153, Data: 80 0 0 FF 0 FF 0 0
ID: 43F, Data: 846 45 60 FF 5F BC 16 0
ID: 153, Data: 80 0 0 FF 0 FF 0 0
ID: 329, Data: 884 B0 80 8 11 37 C 26
ID: 316, Data: 85 37 8 19 37 15 45 7E
ID: 18F, Data: 8AA 33 0 0 0 0 0 0
ID: 43F, Data: 846 45 60 FF 5F C4 16 0
ID: 153, Data: 80 0 0 FF 0 FF 0 0
ID: 43F, Data: 846 45 60 FF 5F D0 16 0
ID: 1F1, Data: 80 25 27 62 22 35 22 23
ID: 316, Data: 85 39 20 19 39 15 46 7E
ID: 316, Data: 85 38 20 19 3A 15 46 7E
ID: 316, Data: 85 38 20 19 3A 15 46 7E
ID: 43F, Data: 846 45 60 FF 5F DC 16 0
ID: 370, Data: 8FF DE F0 F0 FF FF FF FF
ID: 153, Data: 80 0 0 FF 0 FF 0 0
ID: 153, Data: 80 0 0 FF 0 FF 0 0
ID: 316, Data: 85 3B 30 19 3B 15 46 7E
ID: 153, Data: 80 0 0 FF 0 FF 0 0
ID: 316, Data: 85 3C 0 19 3B 15 46 7E
ID: 316, Data: 85 3D D0 18 3C 14 46 7E
ID: 280, Data: 830 0 88 B1 31 26 5E 6B
ID: 316, Data: 85 3D 7A 18 3C 14 46 7E
ID: 316, Data: 85 3F 3E 18 3C 14 46 7E
ID: 370, Data: 8FF DE F0 F0 FF FF FF FF
ID: 316, Data: 85 3F F3 17 3C 14 46 7E
ID: 5F0, Data: 20 0
ID: 43F, Data: 846 45 60 FF 5F 4 17 0
ID: 153, Data: 80 0 0 FF 0 FF 0 0
ID: 18F, Data: 8AA 32 0 0 0 0 0 0
ID: 316, Data: 85 3F C7 17 34 14 46 7E
ID: 43F, Data: 846 45 60 FF 5F 18 17 0
ID: 260, Data: 8B 3F 33 30 0 FF CA 24
ID: 153, Data: 80 0 0 FF 0 FF 0 0
ID: 316, Data: 85 3C CF 17 33 14 47 7E
ID: 316, Data: 85 3B D6 17 33 15 47 7E
ID: A1, Data: 87B 79 7E 7D 31 0 0 0
ID: 43F, Data: 846 45 60 FF 5F 20 17 0
ID: 153, Data: 80 0 0 FF 0 FF 0 0
ID: A1, Data: 87B 79 7E 7D 30 0 0 0
ID: 329, Data: 8ED B1 80 8 11 37 10 26
ID: 545, Data: 8E4 65 0 8D 9F 2 9F 2
ID: 1F0, Data: 869 40 B5 BF 0 0 0 0
ID: 153, Data: 80 0 0 FF 0 FF 0 0
ID: 440, Data: 8FE 16 47 A0 FF AA AA AA
ID: 153, Data: 80 0 0 FF 0 FF 0 0
ID: 2A0, Data: 861 12 5E 1C 3D 0 17 0
ID: 316, Data: 85 45 73 18 4E 13 47 7E
ID: 43F, Data: 846 45 60 FF 5F 44 17 0
ID: 316, Data: 85 48 6B 18 4F 13 47 7E
ID: A0, Data: 858 7D 6B 18 47 33 2 0
ID: 5F0, Data: 20 0
ID: 43F, Data: 846 45 60 FF 5F 54 17 0
ID: 316, Data: 85 4D 6B 18 54 13 47 7E
ID: 260, Data: 8B 4F 55 30 0 FF C3 35
ID: 153, Data: 80 0 0 FF 0 FF 0 0
ID: 329, Data: 8ED B1 80 8 11 3E 1C 26
ID: 316, Data: 85 51 73 18 54 12 47 7E
ID: 43F, Data: 846 45 60 FF 5F 64 17 0
ID: 316, Data: 85 52 6B 18 54 12 47 7E
ID: 18F, Data: 8AA 31 0 0 0 0 0 0
ID: 316, Data: 85 53 7A 18 56 12 47 7E
ID: 153, Data: 80 0 0 FF 0 FF 0 0
ID: 153, Data: 80 0 0 FF 0 FF 0 0
ID: 316, Data: 85 54 73 18 5A 12 48 7E
ID: 153, Data: 80 0 0 FF 0 FF 0 0
ID: 316, Data: 85 56 6B 18 5B 12 48 7E
ID: 316, Data: 85 56 73 18 5B 12 48 7E
ID: 18F, Data: 8AA 31 0 0 0 0 0 0
ID: 316, Data: 85 58 8A 18 5C 12 48 7E
ID: 153, Data: 80 0 0 FF 0 FF 0 0
ID: 316, Data: 85 59 99 18 5E 12 48 7E
ID: 316, Data: 85 59 A9 18 5F 12 48 7E
ID: 260, Data: 8B 5B 60 30 0 FF B5 2C
ID: 370, Data: 8FF DE F0 F0 FF FF FF FF
ID: 316, Data: 85 5D B8 18 61 12 48 7E
ID: 153, Data: 80 0 0 FF 0 FF 0 0
ID: 316, Data: 85 5E C8 18 63 12 48 7E
ID: 153, Data: 80 0 0 FF 0 FF 0 0
ID: 153, Data: 80 0 0 FF 0 FF 0 0
ID: 280, Data: 830 0 88 B1 31 3C 5E 96
ID: 316, Data: 85 61 B8 18 63 11 49 7E
ID: 153, Data: 80 0 0 FF 0 FF 0 0
ID: 153, Data: 80 0 0 FF 0 FF 0 0
ID: 316, Data: 85 63 A9 18 63 11 49 7E
ID: 153, Data: 80 0 0 FF 0 FF 0 0
ID: 316, Data: 85 63 99 18 64 11 49 7E
ID: 316, Data: 85 63 99 18 64 11 49 7E
ID: 280, Data: 830 0 88 B1 31 3D 5E 98
ID: 43F, Data: 846 45 60 FF 5F 0 18 0
ID: 316, Data: 85 64 A9 18 64 11 49 7E
ID: A1, Data: 880 7A 80 7D 48 0 0 0
ID: 316, Data: 85 63 C8 18 5C 11 49 7E
ID: 153, Data: 80 0 0 FF 0 FF 0 0
ID: 153, Data: 80 0 0 FF 0 FF 0 0
ID: 280, Data: 830 0 88 B1 31 3A 5E 93
ID: 316, Data: 85 58 99 18 50 12 49 7E
ID: 153, Data: 80 0 0 FF 0 FF 0 0
ID: 153, Data: 80 0 0 FF 0 FF 0 0
ID: 316, Data: 85 51 27 18 50 12 4A 7E
ID: 153, Data: 80 0 0 FF 0 FF 0 0
ID: 316, Data: 85 51 36 18 50 12 4A 7E
ID: 316, Data: 85 51 45 18 50 12 4A 7E
ID: 545, Data: 8E4 93 0 8D 51 4 51 4
ID: 43F, Data: 886 45 60 FF 5F 38 18 0
ID: 43F, Data: 886 45 60 FF 5F 40 18 0
ID: 440, Data: 8FE C6 4A A0 FF AA AA AA
ID: 316, Data: 85 4A 54 18 35 13 4A 7E
ID: A1, Data: 87E 7A 80 7D 3F 0 0 0
ID: 370, Data: 8FF DE F0 F0 FF FF FF FF
ID: 43F, Data: 886 45 60 FF 5F 3C 18 0
ID: 153, Data: 80 0 0 FF 0 FF 0 0
ID: 316, Data: 85 3D 45 18 36 13 4A 7E
ID: 153, Data: 80 0 0 FF 0 FF 0 0
ID: 153, Data: 80 0 0 FF 0 FF 0 0
ID: 316, Data: 85 39 36 18 3E 14 4A 7E
ID: 153, Data: 80 0 0 FF 0 FF 0 0
ID: 545, Data: 8E4 63 0 8D 74 2 74 2
ID: 316, Data: 85 38 2F 18 3F 14 4A 7E
ID: 545, Data: 8E4 65 0 8D 8F 2 8F 2
ID: 316, Data: 85 3B 3E 18 40 14 4A 7E
ID: 153, Data: 80 0 0 FF 0 FF 0 0
ID: 2A0, Data: 8C1 16 5E 1C 3D 0 17 0
ID: 316, Data: 85 3B 36 18 47 14 4A 7E
ID: 43F, Data: 886 45 60 FF 5F 48 18 0
ID: 5F0, Data: 20 0
ID: 260, Data: 8B 3F 48 30 0 FF CA 3D
ID: 260, Data: 8B 40 48 30 0 FF CA 2C
ID: 153, Data: 80 0 0 FF 0 FF 0 0
ID: 5F0, Data: 20 0
ID: 153, Data: 80 0 0 FF 0 FF 0 0
ID: 43F, Data: 886 45 60 FF 5F 2C 18 0
ID: 153, Data: 80 0 0 FF 0 FF 0 0
ID: 43F, Data: 886 45 60 FF 5F 2C 18 0
ID: 153, Data: 80 0 0 FF 0 FF 0 0
ID: 1F1, Data: 80 E2 4B 92 24 58 62 25
ID: 316, Data: 85 47 4D 18 47 13 4A 7E
ID: 5F0, Data: 20 0
ID: 316, Data: 85 46 4D 18 49 13 4A 7E
ID: 153, Data: 80 0 0 FF 0 FF 0 0
ID: 2A0, Data: 8A1 16 5E 1C 3D 0 17 0
ID: 316, Data: 85 47 4D 18 4B 13 4A 7E
ID: A0, Data: 853 7D 4D 18 4A 32 2 0
ID: 43F, Data: 886 45 60 FF 5F 2C 18 0
ID: 316, Data: 85 48 3E 18 4B 13 4A 7E
ID: 440, Data: 8FE 66 4A A0 FF AA AA AA
ID: 316, Data: 85 47 45 18 4B 13 4A 7E
ID: 5F0, Data: 20 0
ID: 440, Data: 8FE B6 4A A0 FF AA AA AA
ID: 153, Data: 80 0 0 FF 0 FF 0 0
ID: 43F, Data: 886 45 60 FF 5F 44 18 0
ID: 18F, Data: 8AA 2F 0 0 0 0 0 0
ID: 153, Data: 80 0 0 FF 0 FF 0 0
ID: 153, Data: 80 0 0 FF 0 FF 0 0
ID: 2A0, Data: 81 16 5E 1C 3D 0 17 0
ID: 5F0, Data: 20 0
ID: A0, Data: 857 7D 5C 18 4B 33 2 0
ID: 2A0, Data: 8A1 16 5E 1C 3D 0 17 0
ID: 153, Data: 80 0 0 FF 0 FF 0 0
ID: 316, Data: 85 4B 4D 18 4C 13 4A 7E
ID: 153, Data: 80 0 0 FF 0 FF 0 0
ID: 153, Data: 80 0 0 FF 0 FF 0 0
ID: 316, Data: 85 4B 54 18 4C 12 4A 7E
ID: 43F, Data: 886 45 60 FF 5F 38 18 0
ID: 316, Data: 85 4B 54 18 4C 12 4A 7E
ID: 153, Data: 80 0 0 FF 0 FF 0 0
ID: 153, Data: 80 0 0 FF 0 FF 0 0
ID: 316, Data: 85 4B 4D 18 4A 12 4A 7E
ID: 153, Data: 80 0 0 FF 0 FF 0 0
ID: 316, Data: 85 4B 45 18 46 12 4A 7E
ID: 1F0, Data: 869 40 B5 BF 0 0 0 0
ID: 280, Data: 830 0 88 B1 30 2E 5E 82
ID: A0, Data: 857 7D 54 18 4B 33 2 0
ID: 153, Data: 80 0 0 FF 0 FF 0 0
ID: 316, Data: 85 49 4D 18 46 13 4A 7E
ID: 153, Data: 80 0 0 FF 0 FF 0 0
ID: 545, Data: 8E4 86 0 8D 8F 3 8F 3
ID: 316, Data: 85 47 45 18 46 13 4A 7E
ID: 2A0, Data: 8A1 16 5E 1C 3D 0 17 0
ID: 5F0, Data: 20 0
ID: 440, Data: 8FE C6 4A A0 FF AA AA AA
ID: 316, Data: 85 45 4D 18 46 13 4A 7E
ID: 153, Data: 80 0 0 FF 0 FF 0 0
ID: 43F, Data: 886 45 60 FF 5F 38 18 0
ID: 316, Data: 85 45 3E 18 46 13 4A 7E
ID: 2A0, Data: 81 16 5E 1C 3D 0 17 0
ID: 316, Data: 85 45 36 18 46 13 4A 7E
ID: 316, Data: 85 45 36 18 46 13 4A 7E
ID: A1, Data: 880 7A 82 7D 3A 0 0 0
ID: 5F0, Data: 20 0
ID: 43F, Data: 886 45 60 FF 5F 34 18 0
ID: 316, Data: 85 46 45 18 46 13 4A 7E
ID: 2A0, Data: 861 16 5E 1C 3D 0 17 0
ID: 316, Data: 85 45 3E 18 46 13 4A 7E
ID: 316, Data: 85 45 27 18 46 13 4A 7E
ID: 370, Data: 8FF E1 F0 F0 FF FF FF FF
ID: 316, Data: 85 45 2F 18 43 13 4A 7E
ID: 153, Data: 80 0 0 FF 0 FF 0 0
ID: 153, Data: 80 0 0 FF 0 FF 0 0
ID: 316, Data: 85 45 36 18 40 13 4A 7E
ID: 153, Data: 80 0 0 FF 0 FF 0 0
ID: 316, Data: 85 45 3E 18 40 13 4A 7E
ID: 316, Data: 85 45 45 18 40 13 4A 7E
ID: 280, Data: 830 0 88 B1 30 2A 5E 7B
ID: 43F, Data: 886 45 60 FF 5F 28 18 0
ID: 545, Data: 8E4 7F 0 8D 36 3 36 3
ID: 316, Data: 85 41 2F 18 3F 13 4A 7E
ID: 316, Data: 85 41 36 18 3E 13 4A 7E
ID: A0, Data: 849 7D 2F 18 4A 30 2 0
ID: 440, Data: 8FE 16 4A A0 FF AA AA AA
ID: 316, Data: 85 41 36 18 3E 13 4A 7E
ID: 153, Data: 80 0 0 FF 0 FF 0 0
ID: 316, Data: 85 3F 36 18 3F 13 4A 7E
ID: 153, Data: 80 0 0 FF 0 FF 0 0
ID: 153, Data: 80 0 0 FF 0 FF 0 0
ID: 316, Data: 85 3F 36 18 3F 13 4A 7E
ID: 153, Data: 80 0 0 FF 0 FF 0 0
ID: A0, Data: 84A 7D 2F 18 4A 30 2 0
ID: 316, Data: 85 3F 3E 18 40 13 4A 7E
ID: 18F, Data: 8AA 2F 0 0 0 0 0 0
ID: 316, Data: 85 3E 3E 18 41 13 4A 7E
ID: 153, Data: 80 0 0 FF 0 FF 0 0
ID: 316, Data: 85 3F 3E 18 3B 13 4A 7E
ID: 153, Data: 80 0 0 FF 0 FF 0 0
ID: 260, Data: 8B 40 13 30 0 FF CA 33
ID: 316, Data: 85 40 54 18 13 14 4A 7E
ID: A1, Data: 880 79 82 7D 33 0 0 0
ID: 316, Data: 85 39 6B 18 14 15 4A 7E
ID: 153, Data: 80 0 0 FF 0 FF 0 0
ID: A1, Data: 880 79 83 7D 28 0 0 0
ID: 329, Data: 8B B1 80 8 11 2E 0 26
ID: 153, Data: 80 0 0 FF 0 FF 0 0
ID: 153, Data: 80 0 0 FF 0 FF 0 0
ID: 280, Data: 830 0 84 B1 30 14 5E 3B
ID: 316, Data: 85 1D 11 18 18 18 4A 7E
ID: 153, Data: 80 0 0 FF 0 FF 0 0
ID: 5F0, Data: 20 0
ID: 316, Data: 85 18 B9 17 18 18 4A 7E
ID: 43F, Data: 886 45 60 FF 5F F0 17 0
ID: 370, Data: 8FF E3 F0 F0 FF FF FF FF
ID: 153, Data: 80 0 0 FF 0 FF 0 0
ID: 329, Data: 840 B1 80 8 11 31 7 26
ID: 316, Data: 85 21 11 18 3C 18 4A 7E
ID: 2A0, Data: 861 10 5E 1C 3D 0 17 0
ID: 43F, Data: 846 45 60 FF 5F 24 18 0
ID: 43F, Data: 846 45 60 FF 5F 28 18 0
ID: A0, Data: 83E 7D 27 18 4A 2E 2 0
ID: 316, Data: 85 32 D0 18 41 16 49 7E
ID: 329, Data: 8B B1 80 8 11 39 10 26
ID: 43F, Data: 846 45 60 FF 5F 4 18 0
ID: 43F, Data: 846 45 60 FF 5F F0 17 0
ID: 545, Data: 8E4 70 0 8D 45 2 45 2
ID: 316, Data: 85 37 47 1A 3F 15 49 7E
ID: 153, Data: 80 0 0 FF 0 FF 0 0
ID: A1, Data: 880 79 80 7D 30 0 0 0
ID: 329, Data: 8ED B1 80 8 11 3A 11 26
ID: 153, Data: 80 0 0 FF 0 FF 0 0
ID: 5F0, Data: 20 0
ID: A1, Data: 880 79 81 7D 32 0 0 0
ID: 18F, Data: 8AA 2F 0 0 0 0 0 0
ID: A1, Data: 881 79 82 7D 33 0 0 0
ID: 2A0, Data: 861 10 5E 1C 3D 0 17 0
ID: 545, Data: 8E4 88 0 8D F8 2 F8 2
ID: 316, Data: 85 3F AA 1A 3E 14 49 7E
ID: 316, Data: 85 3E 98 1A 3E 14 49 7E
ID: 260, Data: 8B 40 3E 30 0 FF CE 5
ID: 316, Data: 85 3E BC 1A 3E 14 49 7E
ID: 316, Data: 85 3F BC 1A 3E 14 49 7E
ID: A1, Data: 881 79 82 7D 34 0 0 0
ID: 316, Data: 85 3F B3 1A 3E 14 49 7E
ID: 153, Data: 80 0 0 FF 0 FF 0 0
ID: 260, Data: 8B 40 3E 30 0 FF CE 5
ID: 329, Data: 8ED B1 80 8 11 3A 11 26
ID: 18F, Data: 8AA 2E 0 0 0 0 0 0
ID: 43F, Data: 846 45 60 FF 5F 10 18 0
ID: 43F, Data: 846 45 60 FF 5F C 18 0
ID: 43F, Data: 846 45 60 FF 5F 10 18 0
ID: 260, Data: 8B 40 3F 30 0 FF CE 31
ID: 153, Data: 80 0 0 FF 0 FF 0 0
ID: 280, Data: 830 0 88 B1 33 27 5E 6D
ID: 1F0, Data: 86A 40 B5 BF 0 0 0 0
ID: 1F0, Data: 86A 40 B5 BF 0 0 0 0
ID: 153, Data: 80 0 0 FF 0 FF 0 0
ID: 153, Data: 80 0 0 FF 0 FF 0 0
ID: A0, Data: 835 7D 9B 19 4A 2C 2 0
ID: 316, Data: 85 2B 91 18 16 17 4A 7E
ID: A0, Data: 823 7D D8 18 4A 26 2 0
ID: 153, Data: 80 0 0 FF 0 FF 0 0
ID: 316, Data: 85 21 3E 18 17 18 4A 7E
ID: 370, Data: 8FF E1 F0 F0 FF FF FF FF
ID: 2A0, Data: 840 E 5E 1C 3D 0 17 0
ID: 43F, Data: 886 45 60 FF 5F 18 18 0
ID: 5F0, Data: 20 0
ID: A0, Data: 81C 7D 45 18 4A 25 2 0
ID: 153, Data: 80 0 0 FF 0 FF 0 0
ID: 153, Data: 80 0 0 FF 0 FF 0 0
ID: 18F, Data: 8AA 2E 0 0 0 0 0 0
ID: 280, Data: 830 0 88 B1 30 12 5E 35
ID: 316, Data: 85 1F 11 18 2F 18 4A 7E
ID: 43F, Data: 886 45 60 FF 5F 18 18 0
ID: 316, Data: 85 25 36 18 32 18 4A 7E
ID: A0, Data: 831 7D 36 18 4A 2B 2 0
ID: 153, Data: 80 0 0 FF 0 FF 0 0
ID: 316, Data: 85 2B E8 18 37 17 4A 7E
ID: 153, Data: 80 0 0 FF 0 FF 0 0
ID: 545, Data: 8E4 57 0 8D 8E 1 8E 1
ID: 5A1, Data: 880 3 90 23 30 30 30 0
ID: 329, Data: 8B B1 80 8 11 39 E 26
ID: 43F, Data: 886 45 60 FF 5F 14 18 0
ID: 153, Data: 80 0 0 FF 0 FF 0 0
ID: 1F0, Data: 86A 40 B5 BF 0 0 0 0
ID: 316, Data: 85 37 B4 19 3B 15 4A 7E
ID: 316, Data: 85 38 8A 19 3A 15 4A 7E
ID: 43F, Data: 886 45 60 FF 5F 18 18 0
ID: 316, Data: 85 3D D8 18 3C 15 4A 7E
ID: 153, Data: 80 0 0 FF 0 FF 0 0
ID: 316, Data: 85 3F 18 18 3E 14 4A 7E
ID: 153, Data: 80 0 0 FF 0 FF 0 0
ID: 329, Data: 840 B1 80 8 11 39 10 26
ID: 316, Data: 85 42 27 18 3E 14 4A 7E
ID: A1, Data: 880 79 80 7D 34 0 0 0
ID: 440, Data: 8FE B6 49 A0 FF AA AA AA
ID: 370, Data: 8FF E0 F0 F0 FF FF FF FF
ID: 316, Data: 85 43 27 18 3E 14 4A 7E
ID: 316, Data: 85 41 27 18 3E 14 4A 7E
ID: 43F, Data: 886 45 60 FF 5F 20 18 0
ID: 316, Data: 85 43 2F 18 3E 14 4A 7E
ID: 153, Data: 80 0 0 FF 0 FF 0 0
ID: 153, Data: 80 0 0 FF 0 FF 0 0
ID: 5F0, Data: 20 0
ID: 153, Data: 80 0 0 FF 0 FF 0 0
ID: 153, Data: 80 0 0 FF 0 FF 0 0
ID: 545, Data: 8E4 78 0 8D 52 3 52 3
ID: 440, Data: 8FE 66 4A A0 FF AA AA AA
ID: 440, Data: 8FE 66 4A A0 FF AA AA AA
ID: 316, Data: 85 3B 45 18 14 15 4A 7E
ID: 153, Data: 80 0 0 FF 0 FF 0 0
ID: 153, Data: 80 0 0 FF 0 FF 0 0
ID: 43F, Data: 886 45 60 FF 5F 2C 18 0
ID: A1, Data: 87C 79 7C 7B 24 0 0 0
ID: 43F, Data: 886 45 60 FF 5F 24 18 0
ID: 316, Data: 85 29 36 18 34 17 4A 7E
ID: 43F, Data: 886 45 60 FF 5F 28 18 0
ID: 316, Data: 85 2D 20 18 34 17 4A 7E
ID: A0, Data: 837 7D 20 18 4A 2C 2 0
ID: 43F, Data: 886 45 60 FF 5F 14 18 0
ID: 43F, Data: 886 45 60 FF 5F 14 18 0
ID: 260, Data: 8B 32 35 30 0 FF C7 4
ID: 316, Data: 85 31 20 18 34 16 4A 7E
ID: 316, Data: 85 32 20 18 36 16 4A 7E
ID: 43F, Data: 886 45 60 FF 5F C 18 0
ID: 370, Data: 8FF E0 F0 F0 FF FF FF FF
ID: 18F, Data: 8AA 2E 0 0 0 0 0 0
ID: 153, Data: 80 0 0 FF 0 FF 0 0
ID: 316, Data: 85 37 20 18 3D 15 49 7E
ID: 153, Data: 80 0 0 FF 0 FF 0 0
ID: 316, Data: 85 3B 27 18 3E 15 49 7E
ID: 440, Data: 8FE 16 49 A0 FF AA AA AA
ID: 1F1, Data: 80 35 45 12 24 52 42 25
ID: 316, Data: 85 40 20 18 3E 14 49 7E
ID: 260, Data: 8B 41 3E 30 0 FF CA 17
ID: 316, Data: 85 41 27 18 3E 14 49 7E
ID: 316, Data: 85 41 20 18 3E 14 49 7E
ID: 153, Data: 80 0 0 FF 0 FF 0 0
ID: 43F, Data: 886 45 60 FF 5F F8 17 0
ID: 153, Data: 80 0 0 FF 0 FF 0 0
ID: 1F1, Data: 80 AC 44 12 24 4F 12 25
ID: 316, Data: 85 43 2 18 41 14 49 7E
ID: 43F, Data: 886 45 60 FF 5F 8 18 0
ID: 316, Data: 85 43 11 18 41 13 49 7E
ID: 329, Data: 884 B1 80 8 11 39 11 26
ID: 153, Data: 80 0 0 FF 0 FF 0 0
ID: 316, Data: 85 43 9 18 41 13 49 7E
ID: 153, Data: 80 0 0 FF 0 FF 0 0
ID: 280, Data: 830 0 88 B1 30 2A 5E 74
ID: 316, Data: 85 43 18 18 41 13 49 7E
ID: 43F, Data: 886 45 60 FF 5F 8 18 0
ID: 43F, Data: 886 45 60 FF 5F FC 17 0
ID: 280, Data: 830 0 88 B1 30 2A 5E 76
ID: 316, Data: 85 43 2 18 43 13 49 7E
ID: 316, Data: 85 44 2 18 43 13 49 7E
ID: 43F, Data: 886 45 60 FF 5F F8 17 0
ID: 43F, Data: 886 45 60 FF 5F F4 17 0
ID: 2A0, Data: 861 D 5E 1C 3D 0 17 0
ID: 153, Data: 80 0 0 FF 0 FF 0 0
ID: 316, Data: 85 45 20 18 43 13 49 7E
ID: 153, Data: 80 0 0 FF 0 FF 0 0
ID: 316, Data: 85 45 20 18 43 13 49 7E
ID: 316, Data: 85 45 27 18 43 13 49 7E
ID: 18F, Data: 8AA 2E 0 0 0 0 0 0
ID: 43F, Data: 886 45 60 FF 5F F0 17 0
ID: 153, Data: 80 0 0 FF 0 FF 0 0
ID: 316, Data: 85 45 18 18 43 13 49 7E
ID: 316, Data: 85 45 18 18 43 13 49 7E
ID: A0, Data: 84F 7D 27 18 4A 31 2 0
ID: 316, Data: 85 45 11 18 43 13 49 7E
ID: 316, Data: 85 45 2 18 44 13 49 7E
ID: 153, Data: 80 0 0 FF 0 FF 0 0
ID: 316, Data: 85 44 9 18 44 13 49 7E
ID: 153, Data: 80 0 0 FF 0 FF 0 0
ID: 316, Data: 85 44 11 18 45 13 49 7E
ID: 153, Data: 80 0 0 FF 0 FF 0 0
ID: 329, Data: 840 B1 80 8 11 3A 13 26
ID: 316, Data: 85 44 11 18 45 13 49 7E
ID: A1, Data: 878 78 7A 7C 3A 0 0 0
ID: 5F0, Data: 20 0
ID: 316, Data: 85 44 20 18 45 13 49 7E
ID: 43F, Data: 886 45 60 FF 5F F8 17 0
ID: 18F, Data: 8AA 2E 0 0 0 0 0 0
ID: 316, Data: 85 44 11 18 45 13 49 7E
ID: 153, Data: 80 0 0 FF 0 FF 0 0
ID: 153, Data: 80 0 0 FF 0 FF 0 0
ID: 316, Data: 85 44 18 18 45 13 49 7E
ID: 370, Data: 8FF E1 F0 F0 FF FF FF FF
ID: 316, Data: 85 43 18 18 45 13 49 7E
ID: 43F, Data: 886 45 60 FF 5F F4 17 0
ID: 316, Data: 85 44 18 18 45 13 49 7E
ID: 316, Data: 85 43 20 18 44 13 49 7E
ID: 316, Data: 85 44 20 18 44 13 49 7E
ID: 43F, Data: 886 45 60 FF 5F 0 18 0
ID: 43F, Data: 886 45 60 FF 5F FC 17 0
ID: 545, Data: 8E4 78 0 8D 5A 3 5A 3
ID: 316, Data: 85 43 11 18 45 13 49 7E
ID: 316, Data: 85 44 18 18 45 13 49 7E
ID: 43F, Data: 886 45 60 FF 5F FC 17 0
ID: 43F, Data: 886 45 60 FF 5F 8 18 0
ID: 18F, Data: 8AA 2E 0 0 0 0 0 0
ID: 153, Data: 80 0 0 FF 0 FF 0 0
ID: 43F, Data: 886 45 60 FF 5F F8 17 0
ID: 545, Data: 8E4 7B 0 8D 4B 3 4B 3
ID: 316, Data: 85 44 27 18 44 13 49 7E
ID: 316, Data: 85 44 20 18 44 13 49 7E
ID: 18F, Data: 8AA 2E 0 0 0 0 0 0
ID: 43F, Data: 886 45 60 FF 5F FC 17 0
ID: 153, Data: 80 0 0 FF 0 FF 0 0
ID: 316, Data: 85 44 11 18 44 13 49 7E
ID: 316, Data: 85 43 18 18 44 13 49 7E
ID: 545, Data: 8E4 7D 0 8D 55 3 55 3
ID: 370, Data: 8FF E3 F0 F0 FF FF FF FF
ID: 1F1, Data: 80 BD 43 42 24 53 42 25
ID: 316, Data: 85 44 27 18 30 13 49 7E
ID: 316, Data: 85 42 20 18 2E 13 49 7E
ID: 43F, Data: 886 45 60 FF 5F 14 18 0
ID: 316, Data: 85 3E 18 18 20 13 49 7E
ID: 260, Data: 8B 3E 13 30 0 FF CB 26
ID: 153, Data: 80 0 0 FF 0 FF 0 0
ID: 316, Data: 85 3B 20 18 14 15 49 7E
ID: 316, Data: 85 35 2F 18 14 15 49 7E
ID: 18F, Data: 8AA 2E 0 0 0 0 0 0
ID: 316, Data: 85 2D EC 17 16 16 49 7E
ID: 43F, Data: 886 45 60 FF 5F F0 17 0
ID: 316, Data: 85 25 FB 17 17 17 49 7E
ID: 153, Data: 80 0 0 FF 0 FF 0 0
ID: 153, Data: 80 0 0 FF 0 FF 0 0
ID: 316, Data: 85 1D FB 17 1D 18 49 7E
ID: 153, Data: 80 0 0 FF 0 FF 0 0
ID: 316, Data: 85 1E D6 17 2D 18 49 7E
ID: 316, Data: 85 21 C7 17 31 18 49 7E
ID: 260, Data: 8B 22 33 30 0 FF BD 3F
ID: 43F, Data: 886 45 60 FF 5F E4 17 0
ID: 316, Data: 85 29 2 18 35 18 49 7E
ID: 316, Data: 85 2A 27 18 36 17 49 7E
ID: 316, Data: 85 2B 4D 18 38 17 49 7E
ID: 2A0, Data: 8C1 D 5E 1C 3D 0 17 0
ID: 43F, Data: 886 45 60 FF 5F D8 17 0
ID: 43F, Data: 886 45 60 FF 5F D4 17 0
ID: 2A0, Data: 8C1 D 5E 1C 3D 0 17 0
ID: 316, Data: 85 32 20 19 41 16 49 7E
ID: 316, Data: 85 35 10 19 43 16 49 7E
ID: 43F, Data: 886 45 60 FF 5F D8 17 0
ID: 370, Data: 8FF E1 F0 F0 FF FF FF FF
ID: 153, Data: 80 0 0 FF 0 FF 0 0
ID: 316, Data: 85 3A 63 18 45 14 49 7E
ID: 153, Data: 80 0 0 FF 0 FF 0 0
ID: 260, Data: 8B 3F 47 30 0 FF CA 10
ID: 316, Data: 85 41 9 18 48 14 49 7E
ID: 43F, Data: 886 45 60 FF 5F D4 17 0
ID: 43F, Data: 886 45 60 FF 5F D8 17 0
ID: 545, Data: 8E4 83 0 8D 72 3 72 3
ID: 153, Data: 80 0 0 FF 0 FF 0 0
ID: 316, Data: 85 46 E5 17 4B 13 49 7E
ID: 153, Data: 80 0 0 FF 0 FF 0 0
ID: 316, Data: 85 48 D6 17 4A 13 49 7E
ID: 316, Data: 85 49 DD 17 48 13 49 7E
ID: A0, Data: 855 7D E5 17 49 32 2 0
ID: 316, Data: 85 4A E5 17 43 13 49 7E
ID: 316, Data: 85 4A E5 17 42 13 49 7E
ID: 43F, Data: 886 45 60 FF 5F D0 17 0
ID: 316, Data: 85 4A E5 17 42 13 49 7E
ID: 153, Data: 80 0 0 FF 0 FF 0 0
ID: 5F0, Data: 20 0
ID: 153, Data: 80 0 0 FF 0 FF 0 0
ID: 43F, Data: 886 45 60 FF 5F C8 17 0
ID: A1, Data: 881 7A 7E 7D 3B 0 0 0
ID: 316, Data: 85 44 E5 17 42 13 49 7E
ID: 316, Data: 85 44 E5 17 42 13 49 7E
ID: 18F, Data: 8AA 2E 0 0 0 0 0 0
ID: 316, Data: 85 43 EC 17 42 13 49 7E
ID: 43F, Data: 886 45 60 FF 5F D4 17 0
ID: 316, Data: 85 43 EC 17 42 13 49 7E
ID: 153, Data: 80 0 0 FF 0 FF 0 0
ID: 153, Data: 80 0 0 FF 0 FF 0 0
ID: 316, Data: 85 40 E5 17 42 13 49 7E
ID: 153, Data: 80 0 0 FF 0 FF 0 0
ID: 316, Data: 85 40 2 18 42 13 49 7E
ID: 316, Data: 85 40 F3 17 42 13 49 7E
ID: 316, Data: 85 40 FB 17 42 13 49 7E
ID: 43F, Data: 886 45 60 FF 5F DC 17 0
ID: 43F, Data: 886 45 60 FF 5F E4 17 0
ID: 153, Data: 80 0 0 FF 0 FF 0 0
ID: 316, Data: 85 41 EC 17 42 13 49 7E
ID: 153, Data: 80 0 0 FF 0 FF 0 0
ID: 545, Data: 8E4 70 0 8D 20 3 20 3
ID: 316, Data: 85 3F F3 17 42 13 49 7E
ID: 153, Data: 80 0 0 FF 0 FF 0 0
ID: 5F0, Data: 20 0
ID: A0, Data: 84B 7D EC 17 49 30 2 0
ID: 153, Data: 80 0 0 FF 0 FF 0 0
ID: 5F0, Data: 20 0
ID: A0, Data: 84C 7D F3 17 49 30 2 0
ID: 545, Data: 8E4 79 0 8D 32 3 32 3
ID: 153, Data: 80 0 0 FF 0 FF 0 0
ID: 153, Data: 80 0 0 FF 0 FF 0 0
ID: 43F, Data: 886 45 60 FF 5F DC 17 0
ID: 260, Data: 8B 44 47 30 0 FF CA 29
ID: 316, Data: 85 43 11 18 47 13 49 7E
ID: 316, Data: 85 44 9 18 48 13 49 7E
ID: 43F, Data: 886 45 60 FF 5F E0 17 0
ID: 316, Data: 85 45 20 18 4D 13 49 7E
ID: 18F, Data: 8AA 2E 0 0 0 0 0 0
ID: 153, Data: 80 0 0 FF 0 FF 0 0
ID: 316, Data: 85 4A 27 18 4E 13 49 7E
ID: 2A0, Data: 81 10 5E 1C 3D 0 17 0
ID: 316, Data: 85 4C 27 18 4F 13 49 7E
ID: 316, Data: 85 4C 20 18 59 1C 49 7E
ID: A1, Data: 881 7A 81 7D 3E 0 0 0
ID: 43F, Data: 886 45 60 FF 5F DC 17 0
ID: 43F, Data: 886 45 60 FF 5F E0 17 0
ID: 2A0, Data: 81 11 5E 1C 3D 0 17 0
ID: 316, Data: 85 54 C0 18 57 1C 49 7E
ID: 1F1, Data: 80 46 45 2 24 4C E2 24
ID: 43F, Data: 886 45 60 FF 5F F8 17 0
ID: 43F, Data: 886 45 60 FF 5F F8 17 0
ID: 545, Data: 8E4 AB 0 8D 1 4 1 4
ID: 316, Data: 845 56 63 18 57 1C 49 7E
ID: 153, Data: 80 0 0 FF 0 FF 0 0
ID: 1F0, Data: 868 40 B5 BF 0 0 0 0
ID: 316, Data: 845 58 FB 17 58 1C 49 7E
ID: 316, Data: 845 58 FB 17 58 1C 49 7E
ID: 5F0, Data: 20 0
ID: 2A0, Data: 81 12 5E 1C 3D 0 17 0
ID: 260, Data: 8B 59 58 30 0 FF B5 36
ID: 153, Data: 80 0 0 FF 0 FF 0 0
ID: 5F0, Data: 20 0
ID: 153, Data: 80 0 0 FF 0 FF 0 0
ID: 43F, Data: 886 45 60 FF 5F F4 17 0
ID: 260, Data: 8B 59 58 30 0 FF B5 27
ID: 153, Data: 80 0 0 FF 0 FF 0 0
ID: 316, Data: 845 56 2 18 53 1C 49 7E
ID: 153, Data: 80 0 0 FF 0 FF 0 0
ID: A0, Data: 860 7D FB 17 4A 35 2 0
ID: 316, Data: 845 54 FB 17 53 1C 49 7E
ID: 1F1, Data: 80 78 42 12 24 52 12 25
ID: 43F, Data: 886 45 60 FF 5F F8 17 0
ID: A0, Data: 85F 7D 9 18 4A 35 2 0
ID: 316, Data: 845 54 11 18 52 1C 49 7E
ID: 316, Data: 845 53 11 18 53 1C 49 7E
ID: 43F, Data: 886 45 60 FF 5F 0 18 0
ID: 316, Data: 845 52 FB 17 53 1C 49 7E
ID: 153, Data: 80 0 0 FF 0 FF 0 0
ID: 153, Data: 80 0 0 FF 0 FF 0 0
ID: 316, Data: 845 51 EC 17 53 1C 49 7E
ID: 153, Data: 80 0 0 FF 0 FF 0 0
ID: 329, Data: 840 B1 80 8 11 3D 17 26
ID: 316, Data: 845 50 FB 17 53 1C 49 7E
ID: A1, Data: 880 7A 81 7D 41 0 0 0
ID: 43F, Data: 886 45 60 FF 5F F0 17 0
ID: 316, Data: 845 51 FB 17 53 1C 49 7E
ID: 316, Data: 845 50 FB 17 53 1C 49 7E
ID: 316, Data: 845 50 2 18 53 1C 49 7E
ID: 43F, Data: 886 45 60 FF 5F F0 17 0
ID: 329, Data: 840 B1 80 8 11 3E 17 26
ID: 153, Data: 80 0 0 FF 0 FF 0 0
ID: 153, Data: 80 0 0 FF 0 FF 0 0
ID: 316, Data: 845 51 2 18 53 1C 49 7E
ID: 153, Data: 80 0 0 FF 0 FF 0 0
ID: 316, Data: 845 50 FB 17 53 1C 49 7E
ID: 316, Data: 845 51 F3 17 53 1C 49 7E
ID: 43F, Data: 886 45 60 FF 5F E8 17 0
ID: 43F, Data: 886 45 60 FF 5F F8 17 0
ID: A1, Data: 880 7A 81 7D 42 0 0 0
ID: 316, Data: 845 51 FB 17 53 1C 49 7E
ID: 316, Data: 845 51 2 18 53 1C 49 7E
ID: 43F, Data: 886 45 60 FF 5F EC 17 0
ID: 440, Data: 8FE 66 49 A0 FF AA AA AA
ID: 153, Data: 80 0 0 FF 0 FF 0 0
ID: 280, Data: 830 0 88 B0 2F 32 5E 8B
ID: 316, Data: 845 51 FB 17 54 1C 49 7E
ID: 43F, Data: 886 45 60 FF 5F F4 17 0
ID: 316, Data: 845 51 F3 17 54 1C 49 7E
ID: 153, Data: 80 0 0 FF 0 FF 0 0
ID: 316, Data: 845 52 F3 17 54 1C 49 7E
ID: 316, Data: 845 52 F3 17 54 1C 49 7E
ID: 43F, Data: 886 45 60 FF 5F 0 18 0
ID: 153, Data: 80 0 0 FF 0 FF 0 0
ID: A1, Data: 880 7A 81 7D 43 0 0 0
ID: 316, Data: 845 53 2 18 54 1C 49 7E
ID: 370, Data: 8FF E4 F0 F0 FF FF FF FF
ID: 153, Data: 80 0 0 FF 0 FF 0 0
ID: 260, Data: 8B 55 55 30 0 FF BA B
ID: 316, Data: 845 54 2 18 54 1C 49 7E
ID: 2A0, Data: 8C1 14 5E 1C 3D 0 17 0
ID: 43F, Data: 886 45 60 FF 5F E0 17 0
ID: 316, Data: 845 54 FB 17 56 1C 49 7E
ID: 440, Data: 8FE 16 49 A0 FF AA AA AA
ID: 316, Data: 845 54 F3 17 59 1C 49 7E
ID: 153, Data: 80 0 0 FF 0 FF 0 0
ID: 2A0, Data: 861 15 5E 1C 3D 0 17 0
ID: 43F, Data: 886 45 60 FF 5F F0 17 0
ID: 18F, Data: 8AA 39 0 0 0 0 0 0
ID: 316, Data: 845 57 2 18 59 1C 49 7E
ID: 153, Data: 80 0 0 FF 0 FF 0 0
ID: 1F0, Data: 868 40 B5 BF 0 0 0 0
ID: 316, Data: 845 57 9 18 59 1C 49 7E
ID: 153, Data: 80 0 0 FF 0 FF 0 0
ID: 153, Data: 80 0 0 FF 0 FF 0 0
ID: 280, Data: 830 0 88 B0 30 36 5E 91
ID: 316, Data: 845 58 11 18 59 1C 49 7E
ID: 43F, Data: 886 45 60 FF 5F EC 17 0
ID: 316, Data: 845 59 9 18 59 1C 49 7E
ID: 43F, Data: 886 45 60 FF 5F E4 17 0
ID: 440, Data: 8FE B6 49 A0 FF AA AA AA
ID: 153, Data: 80 0 0 FF 0 FF 0 0
ID: 316, Data: 845 59 9 18 49 1C 49 7E
ID: 153, Data: 80 0 0 FF 0 FF 0 0
ID: 2A0, Data: 8A1 15 5E 1C 3D 0 17 0
ID: 316, Data: 845 52 FB 17 49 1C 49 7E
ID: A1, Data: 880 7A 80 7D 44 0 0 0
ID: 43F, Data: 886 45 60 FF 5F F0 17 0
ID: 316, Data: 845 4D F3 17 49 1C 49 7E
ID: 18F, Data: 8AA 39 0 0 0 0 0 0
ID: 316, Data: 845 4A F3 17 49 1C 49 7E
ID: 153, Data: 80 0 0 FF 0 FF 0 0
ID: 1F1, Data: 80 2 3F E2 23 4F 12 25
ID: 260, Data: 8B 49 4A 30 0 FF C4 9
ID: 153, Data: 80 0 0 FF 0 FF 0 0
ID: 316, Data: 845 49 F3 17 42 1C 49 7E
ID: 153, Data: 80 0 0 FF 0 FF 0 0
ID: 316, Data: 845 49 9 18 41 1C 49 7E
ID: 316, Data: 845 48 2 18 41 1C 49 7E
ID: A0, Data: 855 7D FB 17 4A 32 2 0
ID: 43F, Data: 886 45 60 FF 5F F4 17 0
ID: 440, Data: 8FE 16 49 A0 FF AA AA AA
ID: 316, Data: 845 44 EC 17 41 1D 49 7E
ID: 316, Data: 845 43 EC 17 41 1D 49 7E
ID: 440, Data: 8FE 66 49 A0 FF AA AA AA
ID: 153, Data: 80 0 0 FF 0 FF 0 0
ID: 316, Data: 845 43 EC 17 41 1D 49 7E
ID: 153, Data: 80 0 0 FF 0 FF 0 0
ID: 260, Data: 8B 42 41 30 0 FF CA 3
ID: 316, Data: 845 42 EC 17 2E 1D 49 7E
ID: 2A0, Data: 840 13 5E 1C 3D 0 17 0
ID: 440, Data: 8FE B6 49 A0 FF AA AA AA
ID: 280, Data: 830 0 88 B0 2F 27 5E 6F
ID: 316, Data: 845 3E EC 17 1D 1E 49 7E
ID: 545, Data: 8E4 6F 0 8D FA 1 FA 1
ID: 153, Data: 80 0 0 FF 0 FF 0 0
ID: 316, Data: 845 33 CF 17 1E 20 49 7E
ID: 370, Data: 8FF E3 F0 F0 FF FF FF FF
ID: A1, Data: 880 79 80 7A 27 0 0 0
ID: 316, Data: 845 28 CF 17 1F 21 49 7E
ID: 153, Data: 80 0 0 FF 0 FF 0 0
ID: 316, Data: 845 21 C7 17 20 21 49 7E
ID: 43F, Data: 886 45 60 FF 5F B0 17 0
ID: 316, Data: 845 1D 95 17 20 22 49 7E
ID: 153, Data: 80 0 0 FF 0 FF 0 0
ID: 316, Data: 845 1B B2 17 20 22 49 7E
ID: 316, Data: 845 1C CF 17 20 22 49 7E
ID: 43F, Data: 886 45 60 FF 5F A4 17 0
ID: 153, Data: 80 0 0 FF 0 FF 0 0
ID: 43F, Data: 886 45 60 FF 5F E8 17 0
ID: 18F, Data: 8AA 3A 0 0 0 0 0 0
ID: 316, Data: 845 26 8E 17 2F 21 48 7E
ID: 153, Data: 80 0 0 FF 0 FF 0 0
ID: 316, Data: 845 28 79 17 33 21 48 7E
ID: 316, Data: 845 2A AB 17 37 21 48 7E
ID: 153, Data: 80 0 0 FF 0 FF 0 0
ID: 316, Data: 845 2C DD 17 40 20 48 7E
ID: 43F, Data: 886 45 60 FF 5F 74 17 0
ID: 153, Data: 80 0 0 FF 0 FF 0 0
ID: 316, Data: 845 34 3E 18 46 20 48 7E
ID: 153, Data: 80 0 0 FF 0 FF 0 0
ID: 18F, Data: 8AA 3A 0 0 0 0 0 0
ID: 316, Data: 845 3A 61 19 3E 15 48 7E
ID: 153, Data: 80 0 0 FF 0 FF 0 0
ID: 5F0, Data: 20 0
ID: 18F, Data: 8AA 3A 0 0 0 0 0 0
ID: 2A0, Data: 8C1 F 5E 1C 3D 0 17 0
ID: 5A0, Data: 80 0 0 90 0 0 0 0
ID: 545, Data: 8E4 75 0 8D FC 2 FC 2
ID: 43F, Data: 886 45 60 FF 5F 80 17 0
ID: 370, Data: 8FF E3 F0 F0 FF FF FF FF
ID: 316, Data: 85 41 87 17 49 13 48 7E
ID: 316, Data: 85 41 A4 17 49 13 48 7E
ID: 43F, Data: 886 45 60 FF 5F 7C 17 0
ID: 316, Data: 85 42 CF 17 49 13 48 7E
ID: 153, Data: 80 0 0 FF 0 FF 0 0
ID: 316, Data: 85 44 DD 17 49 13 48 7E
ID: 153, Data: 80 0 0 FF 0 FF 0 0
ID: 280, Data: 830 0 88 B0 2F 2B 5E 7D
ID: 316, Data: 85 46 FB 17 49 13 48 7E
ID: 43F, Data: 886 45 60 FF 5F 80 17 0
ID: 43F, Data: 886 45 60 FF 5F 88 17 0
ID: A1, Data: 882 79 82 7D 3C 0 0 0
ID: 153, Data: 80 0 0 FF 0 FF 0 0
ID: 316, Data: 85 49 9C 17 49 13 48 7E
ID: 153, Data: 80 0 0 FF 0 FF 0 0
ID: 329, Data: 884 B0 80 8 11 3B 16 26
ID: 316, Data: 85 49 9C 17 49 13 48 7E
ID: 18F, Data: 8AA 38 0 0 0 0 0 0
ID: 316, Data: 85 49 A4 17 49 13 48 7E
ID: 153, Data: 80 0 0 FF 0 FF 0 0
ID: 316, Data: 85 49 AB 17 49 13 48 7E
ID: 316, Data: 85 4A A4 17 49 13 48 7E
ID: A1, Data: 882 7A 82 7D 3E 0 0 0
ID: 370, Data: 8FF E3 F0 F0 FF FF FF FF
ID: 43F, Data: 886 45 60 FF 5F 94 17 0
ID: 153, Data: 80 0 0 FF 0 FF 0 0
ID: 316, Data: 85 4A A4 17 49 13 48 7E
ID: 153, Data: 80 0 0 FF 0 FF 0 0
ID: 280, Data: 830 0 88 B0 2F 2D 5E 82
ID: 316, Data: 85 4A A4 17 49 13 48 7E
ID: 43F, Data: 886 45 60 FF 5F A0 17 0
ID: 43F, Data: 886 45 60 FF 5F A0 17 0
ID: 2A0, Data: 81 11 5E 1C 3D 0 17 0
ID: 316, Data: 85 49 B9 17 49 13 48 7E
ID: 316, Data: 85 49 AB 17 49 13 48 7E
ID: 43F, Data: 886 45 60 FF 5F BC 17 0
ID: 43F, Data: 886 45 60 FF 5F AC 17 0
ID: A1, Data: 880 7A 81 7D 3D 0 0 0
ID: 153, Data: 80 0 0 FF 0 FF 0 0
ID: 316, Data: 85 49 C7 17 4B 13 48 7E
ID: 153, Data: 80 0 0 FF 0 FF 0 0
ID: 329, Data: 8ED B0 80 8 11 3B 17 26
ID: 316, Data: 85 49 CF 17 4B 13 48 7E
ID: 18F, Data: 8AA 35 0 0 0 0 0 0
ID: 316, Data: 85 49 CF 17 4B 13 48 7E
ID: 153, Data: 80 0 0 FF 0 FF 0 0
ID: 316, Data: 85 49 C7 17 4E 13 48 7E
ID: 316, Data: 85 49 CF 17 4F 13 48 7E
ID: A0, Data: 854 7D CF 17 49 32 2 0
ID: 440, Data: 8FE B6 48 A0 FF AA AA AA
ID: 316, Data: 85 4D CF 17 4F 13 48 7E
ID: 316, Data: 85 4D C7 17 4F 13 48 7E
ID: 316, Data: 85 4E DD 17 4F 13 49 7E
ID: 43F, Data: 886 45 60 FF 5F B4 17 0
ID: 316, Data: 85 4E DD 17 51 13 49 7E
ID: 153, Data: 80 0 0 FF 0 FF 0 0
ID: 153, Data: 80 0 0 FF 0 FF 0 0
ID: 316, Data: 85 4E EC 17 51 13 49 7E
ID: 153, Data: 80 0 0 FF 0 FF 0 0
ID: 316, Data: 85 4F FB 17 52 12 49 7E
ID: 153, Data: 80 0 0 FF 0 FF 0 0
ID: 280, Data: 830 0 88 B0 2F 31 5E 89
ID: 316, Data: 85 50 2 18 53 12 49 7E
ID: 5F0, Data: 20 0
ID: 43F, Data: 886 45 60 FF 5F D0 17 0
ID: 43F, Data: 886 45 60 FF 5F D8 17 0
ID: 329, Data: 8ED B0 80 8 11 3E 1B 26
ID: 153, Data: 80 0 0 FF 0 FF 0 0
ID: 153, Data: 80 0 0 FF 0 FF 0 0
ID: 316, Data: 85 52 9 18 54 12 49 7E
ID: 153, Data: 80 0 0 FF 0 FF 0 0
ID: 316, Data: 85 53 18 18 54 12 49 7E
ID: 153, Data: 80 0 0 FF 0 FF 0 0
ID: 545, Data: 8E4 A1 0 8D 89 4 89 4
ID: 316, Data: 85 53 20 18 54 12 49 7E
ID: 545, Data: 8E4 A2 0 8D 90 4 90 4
ID: 316, Data: 85 54 2F 18 54 12 49 7E
ID: 5F0, Data: 20 0
ID: 260, Data: 8B 54 54 30 0 FF BA 3A
ID: 440, Data: 8FE 66 49 A0 FF AA AA AA
ID: 316, Data: 85 54 2F 18 52 12 49 7E
ID: 329, Data: 840 B0 80 8 11 3E 1A 26
ID: 43F, Data: 886 45 60 FF 5F 14 18 0
ID: 316, Data: 85 54 3E 18 51 12 4A 7E
ID: 153, Data: 80 0 0 FF 0 FF 0 0
ID: 153, Data: 80 0 0 FF 0 FF 0 0
ID: 316, Data: 85 52 2F 18 51 12 4A 7E
ID: 153, Data: 80 0 0 FF 0 FF 0 0
ID: 316, Data: 85 52 36 18 51 12 4A 7E
ID: 316, Data: 85 52 36 18 51 12 4A 7E
ID: 545, Data: 8E4 99 0 8D 59 4 59 4
ID: 43F, Data: 886 45 60 FF 5F 20 18 0
ID: 316, Data: 85 51 36 18 51 12 4A 7E
ID: 18F, Data: 8AA 32 0 0 0 0 0 0
ID: 316, Data: 85 50 36 18 51 12 4A 7E
ID: 153, Data: 80 0 0 FF 0 FF 0 0
ID: 316, Data: 85 50 3E 18 51 12 4A 7E
ID: 440, Data: 8FE C6 4A A0 FF AA AA AA
ID: A0, Data: 85B 7C 4D 18 4A 34 2 0
ID: 316, Data: 85 50 54 18 51 12 4A 7E
ID: 329, Data: 8ED B0 80 8 11 3D 1A 26
ID: 370, Data: 8FF E3 F0 F0 FF FF FF FF
ID: 316, Data: 85 4F 5C 18 4E 12 4A 7E
ID: 153, Data: 80 0 0 FF 0 FF 0 0
ID: 316, Data: 85 4F 5C 18 4E 12 4A 7E
ID: 316, Data: 85 4F 5C 18 4E 12 4A 7E
ID: 260, Data: 8B 50 4E 30 0 FF BF 12
ID: 316, Data: 85 4F 63 18 4E 12 4A 7E
ID: 329, Data: 884 B0 80 8 11 3D 19 26
ID: 43F, Data: 886 45 60 FF 5F 58 18 0
ID: 316, Data: 85 4F 6B 18 4E 13 4A 7E
ID: 153, Data: 80 0 0 FF 0 FF 0 0
ID: 316, Data: 85 4D 63 18 4E 13 4A 7E
ID: 153, Data: 80 0 0 FF 0 FF 0 0
ID: 153, Data: 80 0 0 FF 0 FF 0 0
ID: 316, Data: 85 4C 63 18 4E 13 4B 7E
ID: 43F, Data: 886 45 60 FF 5F 68 18 0
ID: 2A0, Data: 861 16 5D 1C 3D 0 17 0
ID: 153, Data: 80 0 0 FF 0 FF 0 0
ID: 316, Data: 85 4C 82 18 40 13 4B 7E
ID: 316, Data: 85 4B 7A 18 3F 13 4B 7E
ID: 260, Data: 8B 4B 40 30 0 FF C2 3
ID: 43F, Data: 886 45 60 FF 5F 68 18 0
ID: 43F, Data: 886 45 60 FF 5F 6C 18 0
ID: 2A0, Data: 81 16 5D 1C 3D 0 17 0
ID: 316, Data: 85 43 6B 18 40 13 4B 7E
ID: 316, Data: 85 41 91 18 40 13 4B 7E
ID: 43F, Data: 886 45 60 FF 5F 74 18 0
ID: 370, Data: 8FF E3 F0 F0 FF FF FF FF
ID: 18F, Data: 8AA 30 0 0 0 0 0 0
ID: 316, Data: 85 40 7A 18 40 13 4B 7E
ID: 153, Data: 80 0 0 FF 0 FF 0 0
ID: 1F1, Data: 80 9A 4E D2 24 58 F2 25
ID: 316, Data: 85 3F 8A 18 41 14 4B 7E
ID: 43F, Data: 886 45 60 FF 5F 74 18 0
ID: 43F, Data: 886 45 60 FF 5F 78 18 0
ID: 440, Data: 8FE 66 4B A0 FF AA AA AA
ID: 153, Data: 80 0 0 FF 0 FF 0 0
ID: 1F0, Data: 869 40 B5 BF 0 0 0 0
ID: 260, Data: 8B 40 47 30 0 FF CB E
ID: A1, Data: 87E 77 81 7C 37 0 0 0
ID: 153, Data: 80 0 0 FF 0 FF 0 0
ID: 153, Data: 80 0 0 FF 0 FF 0 0
ID: 153, Data: 80 0 0 FF 0 FF 0 0
ID: 370, Data: 8FF E1 F0 F0 FF FF FF FF
ID: 316, Data: 85 46 99 18 48 13 4B 7E
ID: 153, Data: 80 0 0 FF 0 FF 0 0
ID: 316, Data: 85 47 91 18 48 13 4B 7E
ID: 316, Data: 85 47 A1 18 48 13 4B 7E
ID: 18F, Data: 8AA 30 0 0 0 0 0 0
ID: 316, Data: 85 48 B0 18 49 13 4B 7E
ID: 153, Data: 80 0 0 FF 0 FF 0 0
ID: 316, Data: 85 48 B0 18 49 13 4B 7E
ID: 316, Data: 85 49 A9 18 48 13 4B 7E
ID: 260, Data: 8B 49 49 30 0 FF C6 17
ID: 43F, Data: 886 45 60 FF 5F 98 18 0
ID: 316, Data: 85 49 91 18 48 13 4B 7E
ID: 153, Data: 80 0 0 FF 0 FF 0 0
ID: 316, Data: 85 49 A1 18 48 13 4B 7E
ID: 153, Data: 80 0 0 FF 0 FF 0 0
ID: 545, Data: 8E4 89 0 8D C8 3 C8 3
ID: 316, Data: 85 49 99 18 47 13 4B 7E
ID: 316, Data: 85 49 A9 18 47 13 4B 7E
ID: 43F, Data: 886 45 60 FF 5F A0 18 0
ID: 43F, Data: 886 45 60 FF 5F A8 18 0
ID: 316, Data: 85 48 C0 18 47 13 4B 7E
ID: 316, Data: 85 49 B0 18 47 13 4B 7E
ID: 43F, Data: 886 45 60 FF 5F B8 18 0
ID: 370, Data: 8FF E1 F0 F0 FF FF FF FF
ID: 153, Data: 80 0 0 FF 0 FF 0 0
ID: 153, Data: 80 0 0 FF 0 FF 0 0
ID: 316, Data: 85 47 B0 18 47 13 4B 7E
ID: 153, Data: 80 0 0 FF 0 FF 0 0
ID: 316, Data: 85 45 A9 18 47 13 4B 7E
ID: 316, Data: 85 45 B0 18 47 13 4B 7E
ID: 260, Data: 8B 46 47 30 0 FF C9 A
ID: 316, Data: 85 45 C8 18 44 13 4B 7E
ID: 316, Data: 85 44 C0 18 3F 13 4B 7E
ID: A1, Data: 87E 7A 81 7D 3A 0 0 0
ID: 316, Data: 85 46 D0 18 37 13 4B 7E
ID: 153, Data: 80 0 0 FF 0 FF 0 0
ID: A1, Data: 87E 7A 81 7D 3B 0 0 0
ID: 329, Data: 884 B0 80 8 11 39 D 26
ID: 153, Data: 80 0 0 FF 0 FF 0 0
ID: 153, Data: 80 0 0 FF 0 FF 0 0
ID: 43F, Data: 886 45 60 FF 5F A4 18 0
ID: 329, Data: 8B B0 80 8 11 37 C 26
ID: 153, Data: 80 0 0 FF 0 FF 0 0
ID: 316, Data: 85 3A B0 18 38 14 4C 7E
ID: 153, Data: 80 0 0 FF 0 FF 0 0
ID: 153, Data: 80 0 0 FF 0 FF 0 0
ID: 43F, Data: 886 45 60 FF 5F BC 18 0
ID: 153, Data: 80 0 0 FF 0 FF 0 0
ID: 316, Data: 85 38 C0 18 38 15 4B 7E
ID: 316, Data: 85 38 D0 18 38 15 4B 7E
ID: 2A0, Data: 861 14 5D 1C 3D 0 17 0
ID: 316, Data: 85 38 C8 18 38 15 4C 7E
ID: 316, Data: 85 38 B8 18 38 15 4B 7E
ID: 5F0, Data: 20 0
ID: 316, Data: 85 38 C0 18 38 15 4C 7E
ID: 316, Data: 85 37 C8 18 38 15 4C 7E
ID: 153, Data: 80 0 0 FF 0 FF 0 0
ID: 153, Data: 80 0 0 FF 0 FF 0 0
ID: 316, Data: 85 37 C8 18 38 15 4C 7E
ID: 153, Data: 80 0 0 FF 0 FF 0 0
ID: 316, Data: 85 38 C0 18 38 15 4C 7E
ID: 316, Data: 85 37 C0 18 38 15 4C 7E
ID: 280, Data: 830 0 88 B0 31 21 5D 63
ID: 43F, Data: 886 45 60 FF 5F B8 18 0
ID: 43F, Data: 886 45 60 FF 5F A8 18 0
ID: 153, Data: 80 0 0 FF 0 FF 0 0
ID: 316, Data: 85 37 C8 18 3F 15 4B 7E
ID: 153, Data: 80 0 0 FF 0 FF 0 0
ID: 280, Data: 830 0 88 B0 31 23 5D 66
ID: 316, Data: 85 3A B0 18 42 15 4B 7E
ID: 153, Data: 80 0 0 FF 0 FF 0 0
ID: 316, Data: 85 3E C8 18 45 15 4B 7E
ID: 153, Data: 80 0 0 FF 0 FF 0 0
ID: 545, Data: 8E4 7C 0 8D B 3 B 3
ID: 316, Data: 85 41 E0 18 44 14 4B 7E
ID: 316, Data: 85 43 E8 18 44 14 4B 7E
ID: 153, Data: 80 0 0 FF 0 FF 0 0
ID: 153, Data: 80 0 0 FF 0 FF 0 0
ID: 43F, Data: 886 45 60 FF 5F B4 18 0
ID: 153, Data: 80 0 0 FF 0 FF 0 0
ID: 316, Data: 85 45 E0 18 44 13 4C 7E
ID: 316, Data: 85 45 C0 18 44 13 4C 7E
ID: 329, Data: 8ED B0 80 8 11 3B 13 26
ID: 43F, Data: 886 45 60 FF 5F B4 18 0
ID: 316, Data: 85 46 C8 18 44 13 4C 7E
ID: 153, Data: 80 0 0 FF 0 FF 0 0
ID: 316, Data: 85 45 C0 18 45 13 4C 7E
ID: 153, Data: 80 0 0 FF 0 FF 0 0
ID: 2A0, Data: 81 13 5D 1C 3D 0 17 0
ID: 316, Data: 85 44 C8 18 45 13 4C 7E
ID: 316, Data: 85 44 D0 18 45 13 4C 7E
ID: 43F, Data: 886 45 60 FF 5F C4 18 0
ID: 316, Data: 85 43 E0 18 46 13 4C 7E
ID: 316, Data: 85 45 C8 18 46 13 4C 7E
ID: 316, Data: 85 44 E0 18 46 13 4C 7E
ID: 43F, Data: 886 45 60 FF 5F C0 18 0
ID: 5A0, Data: 80 0 0 90 0 0 0 0
ID: 153, Data: 80 0 0 FF 0 FF 0 0
ID: 370, Data: 8FF E1 F0 F0 FF FF FF FF
ID: 316, Data: 85 45 E8 18 47 13 4C 7E
ID: 440, Data: 8FE 16 4C A0 FF AA AA AA
ID: 316, Data: 85 46 F0 18 47 13 4C 7E
ID: 153, Data: 80 0 0 FF 0 FF 0 0
ID: 370, Data: 8FF E1 F0 F0 FF FF FF FF
ID: 43F, Data: 886 45 60 FF 5F D4 18 0
ID: 260, Data: 8B 48 48 30 0 FF C8 26
ID: 316, Data: 85 48 E8 18 47 13 4C 7E
ID: 329, Data: 8ED B0 80 8 11 3B 15 26
ID: 43F, Data: 886 45 60 FF 5F DC 18 0
ID: 316, Data: 85 47 E8 18 47 13 4C 7E
ID: 153, Data: 80 0 0 FF 0 FF 0 0
ID: 153, Data: 80 0 0 FF 0 FF 0 0
ID: 316, Data: 85 48 F0 18 47 13 4C 7E
ID: 153, Data: 80 0 0 FF 0 FF 0 0
ID: 316, Data: 85 47 E8 18 47 13 4C 7E
ID: 316, Data: 85 47 F0 18 47 13 4C 7E
ID: 260, Data: 8B 48 48 30 0 FF C8 8
ID: 316, Data: 85 47 F8 18 47 13 4C 7E
ID: 316, Data: 85 47 F0 18 47 13 4C 7E
ID: A1, Data: 880 7A 80 7D 3B 0 0 0
ID: 316, Data: 85 47 8 19 47 13 4C 7E
ID: 153, Data: 80 0 0 FF 0 FF 0 0
ID: 2A0, Data: 81 13 5D 1C 3D 0 17 0
ID: 316, Data: 85 46 0 19 47 13 4C 7E
ID: 153, Data: 80 0 0 FF 0 FF 0 0
ID: 153, Data: 80 0 0 FF 0 FF 0 0
ID: A0, Data: 852 7C F8 18 4D 32 2 0
ID: 316, Data: 85 47 10 19 47 13 4C 7E
ID: 18F, Data: 8AA 2F 0 0 0 0 0 0
ID: 316, Data: 85 47 0 19 47 13 4C 7E
ID: 153, Data: 80 0 0 FF 0 FF 0 0
ID: 43F, Data: 886 45 60 FF 5F FC 18 0
ID: 43F, Data: 886 45 60 FF 5F 0 19 0
ID: 329, Data: 8ED B0 80 8 11 3B 15 26
ID: 370, Data: 8FF E1 F0 F0 FF FF FF FF
ID: 316, Data: 85 46 18 19 47 13 4C 7E
ID: 43F, Data: 886 45 60 FF 5F 0 19 0
ID: 316, Data: 85 47 18 19 47 13 4C 7E
ID: 18F, Data: 8AA 2F 0 0 0 0 0 0
ID: 153, Data: 80 0 0 FF 0 FF 0 0
ID: 1F0, Data: 868 40 B5 BF 0 0 0 0
ID: A1, Data: 87E 7A 80 7D 3A 0 0 0
ID: 153, Data: 80 0 0 FF 0 FF 0 0
ID: 43F, Data: 886 45 60 FF 5F F8 18 0
ID: 2A0, Data: 8A1 14 5D 1C 3D 0 17 0
ID: 43F, Data: 886 45 60 FF 5F 0 19 0
ID: 153, Data: 80 0 0 FF 0 FF 0 0
ID: 18F, Data: 8AA 2F 0 0 0 0 0 0
ID: 280, Data: 830 0 88 B0 32 2B 5D 7C
ID: 316, Data: 85 46 30 19 3F 13 4D 7E
ID: 43F, Data: 886 45 60 FF 5F 14 19 0
ID: 153, Data: 80 0 0 FF 0 FF 0 0
ID: A0, Data: 84B 7C 28 19 4D 31 2 0
ID: 316, Data: 85 41 28 19 36 13 4D 7E
ID: 18F, Data: 8AA 2F 0 0 0 0 0 0
ID: 5F0, Data: 20 0
ID: 153, Data: 80 0 0 FF 0 FF 0 0
ID: 153, Data: 80 0 0 FF 0 FF 0 0
ID: 2A0, Data: 861 13 5D 1C 3D 0 17 0
ID: 316, Data: 85 3A 28 19 32 14 4D 7E
ID: A0, Data: 83E 7C 28 19 4D 2E 2 0
ID: 316, Data: 85 37 18 19 32 15 4D 7E
ID: 316, Data: 85 35 18 19 32 15 4D 7E
ID: 43F, Data: 886 45 60 FF 5F 14 19 0
ID: 316, Data: 85 33 20 19 32 15 4D 7E
ID: 153, Data: 80 0 0 FF 0 FF 0 0
ID: 316, Data: 85 33 20 19 32 15 4D 7E
ID: 1F1, Data: 80 DE 5C A2 25 69 E2 26
ID: 329, Data: 8B B0 80 8 11 36 A 26
ID: 43F, Data: 886 45 60 FF 5F 8 19 0
ID: 1F0, Data: 868 40 B5 BF 0 0 0 0
ID: 153, Data: 80 0 0 FF 0 FF 0 0
ID: 329, Data: 840 B0 80 8 11 36 A 26
ID: 153, Data: 80 0 0 FF 0 FF 0 0
ID: 18F, Data: 8AA 2F 0 0 0 0 0 0
ID: 316, Data: 85 30 20 19 34 16 4D 7E
ID: 316, Data: 85 30 10 19 34 16 4D 7E
ID: A0, Data: 839 7C 8 19 4D 2D 2 0
ID: 43F, Data: 886 45 60 FF 5F 4 19 0
ID: 43F, Data: 886 45 60 FF 5F 4 19 0
ID: 329, Data: 840 B0 80 8 11 36 4 26
ID: A0, Data: 83A 7C 20 19 4D 2D 2 0
ID: 316, Data: 85 33 18 19 14 16 4C 7E
ID: 316, Data: 85 31 28 19 15 16 4C 7E
ID: 43F, Data: 886 45 60 FF 5F 10 19 0
ID: 43F, Data: 886 45 60 FF 5F F8 18 0
ID: 260, Data: 8B 29 16 30 0 FF CC 28
ID: 316, Data: 85 23 F0 18 16 18 4C 7E
ID: 280, Data: 830 0 84 B0 31 14 5D 3C
ID: 43F, Data: 886 45 60 FF 5F F0 18 0
ID: 316, Data: 85 1D D8 18 17 18 4C 7E
ID: 153, Data: 80 0 0 FF 0 FF 0 0
ID: 316, Data: 85 1A C0 18 17 19 4C 7E
ID: 316, Data: 85 19 A9 18 17 19 4C 7E
ID: 545, Data: 8E4 31 0 8D F0 FF F0 FF
ID: 43F, Data: 846 45 60 FF 5F D8 18 0
ID: 545, Data: 8E4 30 0 8D B9 FF B9 FF
ID: 153, Data: 80 0 0 FF 0 FF 0 0
ID: 316, Data: 85 15 B8 18 17 19 4C 7E
ID: 153, Data: 80 0 0 FF 0 FF 0 0
ID: A1, Data: 880 79 86 79 17 0 0 0
ID: 316, Data: 85 18 B0 18 1C 19 4C 7E
ID: 153, Data: 80 0 0 FF 0 FF 0 0
ID: 43F, Data: 846 45 60 FF 5F EC 18 0
ID: 153, Data: 80 0 0 FF 0 FF 0 0
ID: 43F, Data: 846 45 60 FF 5F C0 18 0
ID: 153, Data: 80 0 0 FF 0 FF 0 0
ID: 280, Data: 830 0 88 B0 31 13 5D 36
ID: 5F0, Data: 20 0
ID: 43F, Data: 846 45 60 FF 5F 74 18 0
ID: A0, Data: 827 7C 99 18 4C 29 2 0
ID: 153, Data: 80 0 0 FF 0 FF 0 0
ID: 316, Data: 85 22 C8 18 26 18 4B 7E
ID: 153, Data: 80 0 0 FF 0 FF 0 0
ID: 1F0, Data: 86A 40 B5 BF 0 0 0 0
ID: 316, Data: 85 23 18 19 26 18 4B 7E
ID: 316, Data: 85 23 38 19 26 18 4B 7E
ID: 5F0, Data: 20 0
ID: 316, Data: 85 24 48 19 1F 18 4B 7E
ID: 43F, Data: 846 45 60 FF 5F 80 18 0
ID: A0, Data: 82B 7C 38 19 4C 2A 2 0
ID: 5F0, Data: 20 0
ID: 316, Data: 85 24 48 19 23 18 4B 7E
ID: 316, Data: 85 24 51 19 28 18 4B 7E
ID: 440, Data: 8FE 16 4B A0 FF AA AA AA
ID: 153, Data: 80 0 0 FF 0 FF 0 0
ID: 43F, Data: 846 45 60 FF 60 70 18 0
ID: 260, Data: 8B 25 2E 30 0 FF C2 3C
ID: 153, Data: 80 0 0 FF 0 FF 0 0
ID: 316, Data: 85 27 38 19 2F 18 4B 7E
ID: 153, Data: 80 0 0 FF 0 FF 0 0
ID: A0, Data: 832 7C 40 19 4B 2C 2 0
ID: 316, Data: 85 29 59 19 2F 18 4B 7E
ID: 260, Data: 8B 2A 30 30 0 FF C5 22
ID: 43F, Data: 846 45 60 FF 5F 54 18 0
ID: 316, Data: 85 2A 8A 19 31 17 4B 7E
ID: 5F0, Data: 20 0
ID: 316, Data: 85 2B 93 19 31 17 4A 7E
ID: 43F, Data: 846 45 60 FF 5F 54 18 0
ID: 18F, Data: 8AA 2E 0 0 0 0 0 0
ID: 5F0, Data: 20 0
ID: 316, Data: 85 2C B4 19 31 17 4A 7E
ID: 153, Data: 80 0 0 FF 0 FF 0 0
ID: 316, Data: 85 2C BD 19 31 17 4A 7E
ID: 153, Data: 80 0 0 FF 0 FF 0 0
ID: 260, Data: 8B 2E 31 30 0 FF CA 19
ID: 316, Data: 85 2D CE 19 32 17 4A 7E
ID: 18F, Data: 8AA 2E 0 0 0 0 0 0
ID: 43F, Data: 846 45 60 FF 5F 40 18 0
ID: 153, Data: 80 0 0 FF 0 FF 0 0
ID: 316, Data: 85 2E C5 19 34 17 4A 7E
ID: 316, Data: 85 30 C5 19 33 17 4A 7E
ID: A0, Data: 83A 7C D6 19 4B 2D 2 0
ID: 316, Data: 85 2F DF 19 34 17 4A 7E
ID: 316, Data: 85 30 DF 19 34 17 4A 7E
ID: 316, Data: 85 30 F0 19 37 17 4A 7E
ID: 316, Data: 85 30 F0 19 38 17 4A 7E
ID: 370, Data: 8FF E1 F0 F0 FF FF FF FF
ID: 316, Data: 85 32 F0 19 37 16 4A 7E
ID: 153, Data: 80 0 0 FF 0 FF 0 0
ID: 43F, Data: 846 45 60 FF 5F 44 18 0
ID: 316, Data: 85 35 13 1A 37 16 4A 7E
ID: 329, Data: 8ED B0 80 8 11 38 C 26
ID: 316, Data: 85 35 3F 1A 37 16 4A 7E
ID: 316, Data: 85 37 3F 1A 37 16 4A 7E
ID: 43F, Data: 846 45 60 FF 60 2C 18 0
ID: 43F, Data: 846 45 60 FF 5F 1C 18 0
ID: 2A0, Data: 8C1 B 5D 1C 3D 0 17 0
ID: 153, Data: 80 0 0 FF 0 FF 0 0
ID: 316, Data: 85 38 36 1A 37 15 4A 7E
ID: 153, Data: 80 0 0 FF 0 FF 0 0
ID: 545, Data: 8E4 70 0 8D 78 2 78 2
ID: 316, Data: 85 39 E8 19 13 15 4A 7E
ID: 153, Data: 80 0 0 FF 0 FF 0 0
ID: 316, Data: 85 39 71 19 14 16 4A 7E
ID: A1, Data: 880 77 80 7C 2D 0 0 0
ID: 316, Data: 85 31 E0 18 15 17 4A 7E
ID: 5F0, Data: 20 0
ID: A0, Data: 829 7C F0 18 4A 28 2 0
ID: 260, Data: 8B 28 17 30 0 FF C8 2C
ID: 370, Data: 8FF E1 F0 F0 FF FF FF FF
ID: 316, Data: 85 22 36 18 17 18 4A 7E
ID: 153, Data: 80 0 0 FF 0 FF 0 0
ID: 43F, Data: 886 45 60 FF 60 1C 18 0
ID: 153, Data: 80 0 0 FF 0 FF 0 0
ID: 1F1, Data: 80 78 49 12 24 52 32 25
ID: 316, Data: 85 19 C0 17 18 19 4A 7E
ID: 43F, Data: 846 45 60 FF 5F 8 18 0
ID: 316, Data: 85 1C 18 17 24 19 4A 7E
ID: 545, Data: 8E4 2E 0 8D 3B 0 3B 0
ID: 153, Data: 80 0 0 FF 0 FF 0 0
ID: 316, Data: 85 1E E5 17 25 19 49 7E
ID: 5F0, Data: 20 0
ID: 316, Data: 85 20 2 18 27 18 49 7E
ID: 316, Data: 85 21 2 18 27 18 49 7E
ID: A0, Data: 826 7C F3 17 4A 29 2 0
ID: 5F0, Data: 20 0
ID: 153, Data: 80 0 0 FF 0 FF 0 0
ID: 316, Data: 85 24 45 18 33 18 49 7E
ID: 5F0, Data: 20 0
ID: 316, Data: 85 29 82 18 37 18 49 7E
ID: 43F, Data: 846 45 60 FF 5F E4 17 0
ID: 440, Data: 8FE B6 49 A0 FF AA AA AA
ID: 153, Data: 80 0 0 FF 0 FF 0 0
ID: 43F, Data: 846 45 60 FF 5F D8 17 0
ID: 18F, Data: 8AA 2E 0 0 0 0 0 0
ID: 43F, Data: 846 45 60 FF 5F D8 17 0
ID: 316, Data: 85 32 93 19 37 17 49 7E
ID: 316, Data: 85 33 9B 19 37 16 49 7E
ID: 43F, Data: 846 45 60 FF 5F D4 17 0
ID: 316, Data: 85 34 AC 19 37 16 49 7E
ID: 43F, Data: 846 45 60 FF 60 C8 17 0
ID: 43F, Data: 846 45 60 FF 60 BC 17 0
ID: 280, Data: 830 0 88 B0 33 21 5D 5D
ID: 153, Data: 80 0 0 FF 0 FF 0 0
ID: 545, Data: 8E4 6B 0 8D 65 2 65 2
ID: 316, Data: 85 38 DF 19 39 15 49 7E
ID: 545, Data: 8E4 6C 0 8D 67 2 67 2
ID: 153, Data: 80 0 0 FF 0 FF 0 0
ID: 153, Data: 80 0 0 FF 0 FF 0 0
ID: 316, Data: 85 39 A 1A 3C 15 49 7E
ID: A1, Data: 87E 77 7E 7C 2F 0 0 0
ID: 316, Data: 85 3B A 1A 3E 15 49 7E
ID: 316, Data: 85 3B 1C 1A 3E 15 49 7E
ID: 316, Data: 85 3C 1C 1A 40 15 49 7E
ID: 43F, Data: 846 45 60 FF 5F CC 17 0
ID: 316, Data: 85 3E 24 1A 41 15 49 7E
ID: 316, Data: 85 3F 3F 1A 40 15 49 7E
ID: 316, Data: 85 40 50 1A 40 15 49 7E
ID: 43F, Data: 846 45 60 FF 5F C4 17 0
ID: 316, Data: 85 42 47 1A 40 14 49 7E
ID: A1, Data: 87E 77 7E 7C 34 0 0 0
ID: 153, Data: 80 0 0 FF 0 FF 0 0
ID: 316, Data: 85 43 7A 19 41 14 49 7E
ID: 153, Data: 80 0 0 FF 0 FF 0 0
ID: 316, Data: 85 44 F0 18 41 14 49 7E
ID: 316, Data: 85 46 B8 18 41 14 49 7E
ID: A1, Data: 87E 77 7E 7C 36 0 0 0
ID: 43F, Data: 846 45 60 FF 5F DC 17 0
ID: 153, Data: 80 0 0 FF 0 FF 0 0
ID: A0, Data: 84F 7C 7A 18 49 31 2 0
ID: 329, Data: 8B B0 80 8 11 39 B 26
ID: 260, Data: 8B 45 34 30 0 FF C8 3D
ID: 1F1, Data: 80 9A 41 A2 23 4C D2 24
ID: 153, Data: 80 0 0 FF 0 FF 0 0
ID: 545, Data: 8E4 6F 0 8D 15 3 15 3
ID: 316, Data: 85 3F 9 18 35 14 49 7E
ID: 2A0, Data: 8A1 B 5D 1C 3D 0 17 0
ID: 5F0, Data: 20 0
ID: 153, Data: 80 0 0 FF 0 FF 0 0
ID: 316, Data: 85 3D 36 18 35 15 49 7E
ID: 5F0, Data: 20 0
ID: 316, Data: 85 3C 6B 18 35 15 49 7E
ID: 43F, Data: 846 45 60 FF 5F CC 17 0
ID: 18F, Data: 8AA 2E 0 0 0 0 0 0
ID: 316, Data: 85 38 B8 18 35 15 49 7E
ID: 153, Data: 80 0 0 FF 0 FF 0 0
ID: 316, Data: 85 38 A1 18 30 15 49 7E
ID: 153, Data: 80 0 0 FF 0 FF 0 0
ID: A1, Data: 879 76 79 7B 2E 0 0 0
ID: 316, Data: 85 36 73 18 30 15 49 7E
ID: 153, Data: 80 0 0 FF 0 FF 0 0
ID: 316, Data: 85 35 3E 18 30 15 49 7E
ID: A1, Data: 879 76 79 7B 2D 0 0 0
ID: 316, Data: 85 33 3E 18 30 15 49 7E
ID: 5F0, Data: 20 0
ID: 43F, Data: 846 45 60 FF 60 CC 17 0
ID: A0, Data: 838 7C 3E 18 49 2C 2 0
ID: 316, Data: 85 32 2F 18 31 16 49 7E
ID: 316, Data: 85 32 2F 18 31 16 49 7E
ID: 153, Data: 80 0 0 FF 0 FF 0 0
ID: 316, Data: 85 31 2F 18 31 16 49 7E
ID: 153, Data: 80 0 0 FF 0 FF 0 0
ID: 329, Data: 8ED B0 80 8 11 35 9 26
ID: 316, Data: 85 30 36 18 31 16 49 7E
ID: 18F, Data: 8AA 2D 0 0 0 0 0 0
ID: 43F, Data: 846 45 60 FF 5F C8 17 0
ID: 153, Data: 80 0 0 FF 0 FF 0 0
ID: 370, Data: 8FF E1 F0 F0 FF FF FF FF
ID: 43F, Data: 846 45 60 FF 5F B8 17 0
ID: 260, Data: 8B 30 32 30 0 FF C8 26
ID: 316, Data: 85 2F FB 17 31 16 49 7E
ID: 280, Data: 830 0 88 B0 2F 1E 5D 56
ID: 43F, Data: 846 45 60 FF 5F B0 17 0
ID: 316, Data: 85 2F EC 17 32 16 48 7E
ID: 153, Data: 80 0 0 FF 0 FF 0 0
ID: 153, Data: 80 0 0 FF 0 FF 0 0
ID: 316, Data: 85 2F EC 17 32 16 48 7E
ID: 153, Data: 80 0 0 FF 0 FF 0 0
ID: 316, Data: 85 2E F3 17 32 16 48 7E
ID: 316, Data: 85 30 EC 17 32 16 48 7E
ID: 2A0, Data: 81 A 5D 1C 3D 0 17 0
ID: 316, Data: 85 2E EC 17 38 16 48 7E
ID: 153, Data: 80 0 0 FF 0 FF 0 0
ID: 260, Data: 8B 30 3C 30 0 FF C6 0
ID: 316, Data: 85 30 EC 17 3D 16 48 7E
ID: 2A0, Data: 8C1 B 5D 1C 3D 0 17 0
ID: 43F, Data: 846 45 60 FF 5F B0 17 0
ID: 153, Data: 80 0 0 FF 0 FF 0 0
ID: 18F, Data: 8AA 2D 0 0 0 0 0 0
ID: 329, Data: 8B B0 80 8 11 39 10 26
ID: 316, Data: 85 37 54 18 42 15 48 7E
ID: 260, Data: 8B 39 42 30 0 FF C9 1C
ID: 153, Data: 80 0 0 FF 0 FF 0 0
ID: 316, Data: 85 3B 54 18 42 15 48 7E
ID: 440, Data: 8FE B6 48 A0 FF AA AA AA
ID: 18F, Data: 8AA 2D 0 0 0 0 0 0
ID: 316, Data: 85 3E F3 17 46 14 48 7E
ID: 153, Data: 80 0 0 FF 0 FF 0 0
ID: 329, Data: 8B B0 80 8 11 3A 14 26
ID: 316, Data: 85 42 B9 17 47 14 48 7E
ID: 2A0, Data: 81 C 5D 1C 3D 0 17 0
ID: 43F, Data: 886 45 60 FF 60 C4 17 0
ID: 153, Data: 80 0 0 FF 0 FF 0 0
ID: 43F, Data: 886 45 60 FF 5F C0 17 0
ID: 316, Data: 85 47 D6 17 47 13 48 7E
ID: 43F, Data: 886 45 60 FF 5F B4 17 0
ID: 316, Data: 85 47 D6 17 47 13 48 7E
ID: 153, Data: 80 0 0 FF 0 FF 0 0
ID: 5A0, Data: 80 0 0 90 0 0 0 0
ID: 1F1, Data: 80 CC 3A C2 23 4C A2 24
ID: A0, Data: 852 7C D6 17 49 32 2 0
ID: 316, Data: 85 48 D6 17 47 13 49 7E
ID: 316, Data: 85 48 CF 17 47 13 48 7E
ID: 43F, Data: 886 45 60 FF 5F C4 17 0
ID: 316, Data: 85 49 DD 17 47 13 49 7E
ID: A1, Data: 881 7A 80 7D 3C 0 0 0
ID: 316, Data: 85 48 DD 17 47 13 49 7E
ID: 316, Data: 85 49 D6 17 47 13 49 7E
ID: A0, Data: 852 7C DD 17 49 32 2 0
ID: 316, Data: 85 48 D6 17 42 13 49 7E
ID: 316, Data: 85 48 DD 17 39 13 49 7E
ID: 316, Data: 85 48 E5 17 35 13 49 7E
ID: 316, Data: 85 48 CF 17 34 13 49 7E
ID: A1, Data: 880 7A 7E 7D 3C 0 0 0
ID: 316, Data: 85 42 CF 17 31 13 49 7E
ID: 316, Data: 85 41 D6 17 31 14 49 7E
ID: A0, Data: 849 7C E5 17 49 2F 2 0
ID: 316, Data: 85 3C DD 17 31 14 49 7E
ID: 316, Data: 85 3B FB 17 31 14 49 7E
ID: 43F, Data: 886 45 60 FF 5F D4 17 0
ID: 316, Data: 85 37 E5 17 33 15 49 7E
ID: A1, Data: 87E 76 7E 7B 32 0 0 0
ID: 5A0, Data: 80 0 0 90 0 0 0 0
ID: 316, Data: 85 35 DD 17 34 15 49 7E
ID: 153, Data: 80 0 0 FF 0 FF 0 0
ID: 316, Data: 85 34 DD 17 34 15 49 7E
ID: 5F0, Data: 20 0
ID: 2A0, Data: 81 D 5D 1C 3D 0 17 0
ID: 43F, Data: 886 45 60 FF 60 D8 17 0
ID: 329, Data: 8B B0 80 8 11 35 A 26
ID: 153, Data: 80 0 0 FF 0 FF 0 0
ID: 316, Data: 85 32 F3 17 34 15 49 7E
ID: 1F0, Data: 869 40 B5 BF 0 0 0 0
ID: 329, Data: 840 B0 80 8 11 35 A 26
ID: 280, Data: 830 0 88 B0 2F 1F 5D 5C
ID: 5F0, Data: 20 0
ID: 153, Data: 80 0 0 FF 0 FF 0 0
ID: 43F, Data: 886 45 60 FF 60 D4 17 0
ID: 316, Data: 85 32 DD 17 34 16 49 7E
ID: 329, Data: 8B B0 80 8 11 35 A 26
ID: 153, Data: 80 0 0 FF 0 FF 0 0
ID: 316, Data: 85 32 FB 17 34 16 49 7E
ID: 43F, Data: 886 45 60 FF 5F CC 17 0
ID: 316, Data: 85 31 E5 17 3D 1F 49 7E
ID: 153, Data: 80 0 0 FF 0 FF 0 0
ID: 316, Data: 85 35 11 18 3D 1F 49 7E
ID: 316, Data: 85 35 54 18 3C 1F 49 7E
ID: 329, Data: 8B B0 80 8 11 38 A 26
ID: 440, Data: 8FE B6 48 A0 FF AA AA AA
ID: 316, Data: 85 38 C8 18 3C 1F 49 7E
ID: 153, Data: 80 0 0 FF 0 FF 0 0
ID: 316, Data: 85 3A 7A 18 3C 1E 49 7E
ID: 316, Data: 85 3A 54 18 3C 1E 49 7E
ID: 280, Data: 830 0 88 B0 30 25 5D 69
ID: 370, Data: 8FF E0 F0 F0 FF FF FF FF
ID: 316, Data: 845 3D B9 17 3C 1E 49 7E
ID: 153, Data: 80 0 0 FF 0 FF 0 0
ID: 260, Data: 8B 3D 40 30 0 FF CA 28
ID: 316, Data: 845 3F CF 17 41 1E 49 7E
ID: 153, Data: 80 0 0 FF 0 FF 0 0
ID: 316, Data: 845 3E C0 17 42 1E 49 7E
ID: 370, Data: 8FF E0 F0 F0 FF FF FF FF
ID: 153, Data: 80 0 0 FF 0 FF 0 0
ID: 316, Data: 845 42 D6 17 47 1D 49 7E
ID: 316, Data: 845 42 CF 17 47 1D 49 7E
ID: A1, Data: 881 76 81 7B 36 0 0 0
ID: 153, Data: 80 0 0 FF 0 FF 0 0
ID: 316, Data: 845 47 D6 17 4A 1D 49 7E
ID: 153, Data: 80 0 0 FF 0 FF 0 0
ID: 18F, Data: 8AA 31 0 0 0 0 0 0
ID: 280, Data: 830 0 88 B0 2F 2E 5D 7D
ID: 153, Data: 80 0 0 FF 0 FF 0 0
ID: 153, Data: 80 0 0 FF 0 FF 0 0
ID: 545, Data: 8E4 8D 0 8D 50 3 50 3
ID: 316, Data: 845 4D CF 17 4D 1D 49 7E
ID: 545, Data: 8E4 90 0 8D 6A 3 6A 3
ID: 43F, Data: 886 45 60 FF 5F E0 17 0
ID: 370, Data: 8FF E0 F0 F0 FF FF FF FF
ID: 5F0, Data: 20 0
ID: 316, Data: 845 4E EC 17 4B 1C 49 7E
ID: 43F, Data: 886 45 60 FF 5F E4 17 0
ID: 153, Data: 80 0 0 FF 0 FF 0 0
ID: 316, Data: 845 4E DD 17 41 1C 49 7E
ID: 153, Data: 80 0 0 FF 0 FF 0 0
ID: 153, Data: 80 0 0 FF 0 FF 0 0
ID: 545, Data: 8E4 89 0 8D 29 3 29 3
ID: 316, Data: 845 4A F3 17 40 1D 49 7E
ID: 280, Data: 830 0 88 B0 2F 2D 5D 7E
ID: 153, Data: 80 0 0 FF 0 FF 0 0
ID: 2A0, Data: 861 D 5D 1C 3D 0 17 0
ID: 316, Data: 845 44 F3 17 40 1D 49 7E
ID: 280, Data: 830 0 88 B0 30 2A 5D 79
ID: 370, Data: 8FF E0 F0 F0 FF FF FF FF
ID: 260, Data: 8B 41 40 30 0 FF CA 5
ID: 316, Data: 845 42 FB 17 40 1D 49 7E
ID: 316, Data: 845 42 F3 17 3F 1D 49 7E
ID: 153, Data: 80 0 0 FF 0 FF 0 0
ID: 316, Data: 845 41 F3 17 2D 1D 49 7E
ID: 316, Data: 845 41 2 18 2D 1D 49 7E
ID: 153, Data: 80 0 0 FF 0 FF 0 0
ID: 316, Data: 845 3A F3 17 2A 1E 49 7E
ID: 153, Data: 80 0 0 FF 0 FF 0 0
ID: 43F, Data: 886 45 60 FF 5F F4 17 0
ID: 260, Data: 8B 37 2B 30 0 FF CA 16
ID: 43F, Data: 886 45 60 FF 5F E8 17 0
ID: 316, Data: 845 33 9 18 2B 1F 49 7E
ID: 153, Data: 80 0 0 FF 0 FF 0 0
ID: 316, Data: 845 31 F3 17 2A 1F 49 7E
ID: 316, Data: 845 30 11 18 2B 1F 49 7E
ID: A0, Data: 832 7C EC 17 4A 2B 2 0
ID: 316, Data: 845 2E EC 17 2B 20 49 7E
ID: 316, Data: 845 2E E5 17 2B 20 49 7E
ID: 153, Data: 80 0 0 FF 0 FF 0 0
ID: 18F, Data: 8AA 37 0 0 0 0 0 0
ID: 316, Data: 845 2C EC 17 2C 20 49 7E
ID: 316, Data: 845 2C DD 17 2C 20 49 7E
ID: 153, Data: 80 0 0 FF 0 FF 0 0
ID: 316, Data: 845 2B E5 17 2C 20 49 7E
ID: 43F, Data: 886 45 60 FF 5F E4 17 0
ID: A1, Data: 87B 79 7B 7C 25 0 0 0
ID: 316, Data: 845 2A DD 17 27 20 49 7E
ID: 316, Data: 845 2A DD 17 27 20 49 7E
ID: 43F, Data: 886 45 60 FF 5F D0 17 0
ID: 329, Data: 8B B0 80 8 11 33 2 26
ID: 153, Data: 80 0 0 FF 0 FF 0 0
ID: 153, Data: 80 0 0 FF 0 FF 0 0
ID: 1F1, Data: 80 CD 41 E2 23 4D E2 24
ID: 43F, Data: 886 45 60 FF 5F C4 17 0
ID: 5F0, Data: 20 0
ID: 18F, Data: 8AA 38 0 0 0 0 0 0
ID: 2A0, Data: 8C1 A 5D 1C 3D 0 17 0
ID: 316, Data: 845 27 D6 17 32 21 49 7E
ID: 545, Data: 8E4 48 0 8D 77 0 77 0
ID: 43F, Data: 886 45 60 FF 5F C4 17 0
ID: 43F, Data: 886 45 60 FF 60 C4 17 0
ID: 316, Data: 845 2B CF 17 39 21 49 7E
ID: 316, Data: 845 2C C7 17 39 20 49 7E
ID: 43F, Data: 886 45 60 FF 60 D0 17 0
ID: 316, Data: 845 2F E5 17 38 20 49 7E
ID: 153, Data: 80 0 0 FF 0 FF 0 0
ID: 1F1, Data: 80 99 3B 82 23 4A B2 24
ID: 316, Data: 845 30 B0 18 3C 20 49 7E
ID: 43F, Data: 886 45 60 FF 5F C8 17 0
ID: 316, Data: 845 32 10 19 3D 20 49 7E
ID: 153, Data: 80 0 0 FF 0 FF 0 0
ID: 1F1, Data: 80 DD 40 82 23 4A 92 24
ID: 316, Data: 845 37 D0 18 43 1F 49 7E
ID: 18F, Data: 8AA 39 0 0 0 0 0 0
ID: 316, Data: 845 3A 7A 18 46 1E 49 7E
ID: 440, Data: 8FE 16 48 A0 FF AA AA AA
ID: 260, Data: 8B 41 47 30 0 FF CA 1D
ID: 316, Data: 845 42 2F 18 47 1E 49 7E
ID: 280, Data: 830 0 88 B0 30 29 5D 74
ID: 153, Data: 80 0 0 FF 0 FF 0 0
ID: 260, Data: 8B 47 49 30 0 FF CA 33
ID: 316, Data: 845 47 DD 17 48 1D 49 7E
ID: A0, Data: 854 7C EC 17 49 32 2 0
ID: 316, Data: 845 49 D6 17 48 1D 49 7E
ID: 329, Data: 840 B0 80 8 11 3B 11 26
ID: 316, Data: 845 4A DD 17 48 1D 49 7E
ID: 316, Data: 845 4A CF 17 48 1D 49 7E
ID: 43F, Data: 886 45 60 FF 5F D0 17 0
ID: 153, Data: 80 0 0 FF 0 FF 0 0
ID: 316, Data: 845 4A D6 17 43 1D 49 7E
ID: 316, Data: 845 4A F3 17 42 1D 49 7E
ID: 2A0, Data: 8C1 B 5D 1C 3D 0 17 0
ID: 370, Data: 8FF E0 F0 F0 FF FF FF FF
ID: 316, Data: 845 48 F3 17 34 1D 49 7E
ID: 153, Data: 80 0 0 FF 0 FF 0 0
ID: 545, Data: 8E4 7F 0 8D AA 2 AA 2
ID: 316, Data: 845 41 EC 17 34 1D 49 7E
ID: 280, Data: 830 0 88 B0 30 27 5D 74
ID: 43F, Data: 886 45 60 FF 5F F4 17 0
ID: 2A0, Data: 8A1 B 5D 1C 3D 0 17 0
ID: 153, Data: 80 0 0 FF 0 FF 0 0
ID: 316, Data: 845 3A F3 17 2A 1E 49 7E
ID: 153, Data: 80 0 0 FF 0 FF 0 0
ID: 2A0, Data: 8C1 B 5D 1C 3D 0 17 0
ID: 316, Data: 845 37 FB 17 2B 1E 49 7E
ID: 2A0, Data: 81 B 5D 1C 3D 0 17 0
ID: 43F, Data: 886 45 60 FF 5F F4 17 0
ID: 43F, Data: 886 45 60 FF 5F 4 18 0
ID: 18F, Data: 8AA 39 0 0 0 0 0 0
ID: 316, Data: 845 30 9 18 36 1F 49 7E
ID: 43F, Data: 886 45 60 FF 60 FC 17 0
ID: 316, Data: 845 31 FB 17 37 1F 49 7E
ID: 5F0, Data: 20 0
ID: 153, Data: 80 0 0 FF 0 FF 0 0
ID: 316, Data: 845 31 FB 17 37 1F 49 7E
ID: 43F, Data: 886 45 60 FF 5F 0 18 0
ID: 260, Data: 8B 32 40 30 0 FF C9 6
ID: 153, Data: 80 0 0 FF 0 FF 0 0
ID: 316, Data: 845 34 18 18 43 1F 49 7E
ID: 153, Data: 80 0 0 FF 0 FF 0 0
ID: 280, Data: 830 0 88 B0 30 22 5D 66
ID: 5F0, Data: 20 0
ID: 153, Data: 80 0 0 FF 0 FF 0 0
ID: 153, Data: 80 0 0 FF 0 FF 0 0
ID: 280, Data: 830 0 88 B0 30 24 5D 6C
ID: 316, Data: 845 38 5C 18 13 15 4A 7E
ID: 153, Data: 80 0 0 FF 0 FF 0 0
ID: 370, Data: 8FF DE F0 F0 FF FF FF FF
ID: 316, Data: 845 2E FB 17 15 16 4A 7E
ID: 43F, Data: 886 45 60 FF 60 4 18 0
ID: 316, Data: 845 28 20 18 16 17 4A 7E
ID: 18F, Data: 8AA 39 0 0 0 0 0 0
ID: 43F, Data: 886 45 60 FF 60 14 18 0
ID: 43F, Data: 886 45 60 FF 5F 18 18 0
ID: 316, Data: 85 1C 11 18 18 18 4A 7E
ID: 153, Data: 80 0 0 FF 0 FF 0 0
ID: 316, Data: 85 19 E5 17 18 19 4A 7E
ID: 153, Data: 80 0 0 FF 0 FF 0 0
ID: A0, Data: 81C 7C 2 18 4A 25 2 0
ID: 316, Data: 85 15 3E 18 18 19 4A 7E
ID: 280, Data: 830 0 84 B0 2F 10 5D 32
ID: 316, Data: 85 15 FB 17 18 19 49 7E
ID: 316, Data: 85 15 11 18 18 19 49 7E
ID: 440, Data: 8FE B6 49 A0 FF AA AA AA
ID: 316, Data: 85 16 9 18 18 19 49 7E
ID: 153, Data: 80 0 0 FF 0 FF 0 0
ID: 316, Data: 85 16 F3 17 18 19 49 7E
ID: 153, Data: 80 0 0 FF 0 FF 0 0
ID: 280, Data: 830 0 84 B0 2F 11 5D 35
ID: 316, Data: 85 17 EC 17 18 19 49 7E
ID: 43F, Data: 846 45 60 FF 60 F8 17 0
ID: 316, Data: 85 17 E5 17 18 19 49 7E
ID: A1, Data: 880 79 83 79 19 0 0 0
ID: 153, Data: 80 0 0 FF 0 FF 0 0
ID: 316, Data: 85 17 C0 17 18 19 49 7E
ID: 153, Data: 80 0 0 FF 0 FF 0 0
ID: 316, Data: 85 17 95 17 18 19 49 7E
ID: 316, Data: 85 17 80 17 18 19 49 7E
ID: A0, Data: 826 7C 80 17 49 28 2 0
ID: 43F, Data: 846 45 60 FF 60 D0 17 0
ID: 43F, Data: 846 45 60 FF 60 C8 17 0
ID: A1, Data: 880 79 80 79 1A 0 0 0
ID: 316, Data: 8D 18 FD 16 19 18 49 7E
ID: 153, Data: 80 0 0 FF 0 FF 0 0
ID: 43F, Data: 846 45 60 FF 60 A0 17 0
ID: 260, Data: 80 15 19 30 0 FF 4E 3A
ID: 43F, Data: 846 45 60 FF 60 A8 17 0
ID: 316, Data: 8D 10 F6 16 19 18 48 7E
ID: 153, Data: 80 0 0 FF 0 FF 0 0
ID: 316, Data: 8D 10 11 17 19 18 48 7E
ID: 153, Data: 80 0 0 FF 0 FF 0 0
ID: 1F0, Data: 868 40 B5 BF 0 0 0 0
ID: 316, Data: 8D C 72 17 18 18 48 7E
ID: 440, Data: 8FE 66 48 A0 FF AA AA AA
ID: A0, Data: 826 7C 72 17 49 28 4 0
ID: 316, Data: 8D A 95 17 1D 18 48 7E
ID: 153, Data: 80 0 0 FF 0 FF 0 0
ID: 153, Data: 80 0 0 FF 0 FF 0 0
ID: 260, Data: 80 A 1F 30 0 FF 4E 30
ID: 316, Data: 8D 5 87 17 1F 18 48 7E
ID: 2A0, Data: 8A1 5 5D 1C 3D 0 17 0
ID: 316, Data: 8D 5 72 17 1F 18 48 7E
ID: 316, Data: 8D 5 6B 17 1F 18 48 7E
ID: 316, Data: 8D 0 64 17 20 18 48 7E
ID: 1F0, Data: 868 40 B5 BF 0 0 0 0
ID: 153, Data: 80 0 0 FF 0 FF 0 0
ID: 370, Data: 8FF DE F0 F0 FF FF FF FF
ID: 43F, Data: 846 45 60 FF 60 6C 17 0
ID: 280, Data: 830 0 20 B0 2E 14 5D 3A
ID: 316, Data: 8D 0 4F 17 20 18 48 7E
ID: 316, Data: 8D 0 4F 17 20 18 48 7E
ID: 43F, Data: 846 45 60 FF 60 6C 17 0
ID: 43F, Data: 846 45 60 FF 5F 68 17 0
ID: 2A0, Data: 8C1 5 5D 1C 3D 0 17 0
ID: 153, Data: 80 0 0 FF 0 FF 0 0
ID: 316, Data: 8D 0 11 17 20 18 47 7E
ID: 153, Data: 80 0 0 FF 0 FF 0 0
ID: 316, Data: 8D 0 DB 16 20 18 47 7E
ID: 153, Data: 80 0 0 FF 0 FF 0 0
ID: 316, Data: 8D 0 AC 16 20 18 47 7E
ID: 316, Data: 8D 0 99 16 20 18 47 7E
ID: 545, Data: 8E4 0 0 8D 4A FE 4A FE
ID: 316, Data: 8D 0 7F 16 20 18 47 7E
ID: 316, Data: 8D 0 78 16 20 18 47 7E
ID: 153, Data: 80 0 0 FF 0 FF 0 0
ID: 153, Data: 80 0 0 FF 0 FF 0 0
ID: A0, Data: 828 7C 78 16 48 28 4 0
ID: 316, Data: 85 5 78 16 21 18 47 7E
ID: 18F, Data: 8AA 33 0 0 0 0 0 0
ID: 316, Data: 85 16 92 16 22 18 47 7E
ID: 153, Data: 80 0 0 FF 0 FF 0 0
ID: 153, Data: 80 0 0 FF 0 FF 0 0
ID: 316, Data: 85 21 41 17 22 18 47 7E
ID: 153, Data: 80 0 0 FF 0 FF 0 0
ID: 316, Data: 85 21 C0 17 23 18 47 7E
ID: 153, Data: 80 0 0 FF 0 FF 0 0
ID: 280, Data: 830 0 88 B0 2F 14 5D 3A
ID: 316, Data: 85 21 E5 17 24 18 47 7E
ID: 153, Data: 80 0 0 FF 0 FF 0 0
ID: 316, Data: 85 22 EC 17 25 18 47 7E
ID: 153, Data: 80 0 0 FF 0 FF 0 0
ID: 329, Data: 884 B0 80 8 11 32 4 26
ID: 316, Data: 85 23 F3 17 25 18 47 7E
ID: 260, Data: 8B 23 25 30 0 FF BE F
ID: 43F, Data: 846 45 60 FF 60 2C 17 0
ID: 43F, Data: 846 45 60 FF 60 2C 17 0
ID: 2A0, Data: 81 4 5D 1C 3D 0 17 0
ID: 316, Data: 85 24 2 18 21 18 47 7E
ID: 1F1, Data: 80 77 2F E2 22 3B D2 23
ID: 153, Data: 80 0 0 FF 0 FF 0 0
ID: 43F, Data: 846 45 60 FF 60 2C 17 0
ID: 153, Data: 80 0 0 FF 0 FF 0 0
ID: 316, Data: 85 23 11 18 17 18 47 7E
ID: 153, Data: 80 0 0 FF 0 FF 0 0
ID: 280, Data: 830 0 84 B0 2F 14 5D 39
ID: 316, Data: 85 1F D6 17 18 18 47 7E
ID: 43F, Data: 846 45 60 FF 60 28 17 0
ID: 316, Data: 85 1C 6B 17 18 19 47 7E
ID: A1, Data: 895 79 95 79 19 0 0 0
ID: 153, Data: 80 0 0 FF 0 FF 0 0
ID: 316, Data: 85 19 BA 16 19 19 47 7E
ID: 153, Data: 80 0 0 FF 0 FF 0 0
ID: 316, Data: 85 17 58 16 1A 19 47 7E
ID: 316, Data: 85 16 2C 16 1A 19 47 7E
ID: 260, Data: 8B 16 1A 30 0 FF 72 27
ID: 43F, Data: 846 45 60 FF 60 24 17 0
ID: 329, Data: 884 B0 80 8 11 2E 0 26
ID: 316, Data: 85 17 4C 15 1B 19 47 7E
ID: 316, Data: 85 17 29 15 1B 19 47 7E
ID: 43F, Data: 846 45 60 FF 60 1C 17 0
ID: 43F, Data: 846 45 60 FF 60 20 17 0
ID: 18F, Data: 8AA 31 0 0 0 0 0 0
ID: 153, Data: 80 0 0 FF 0 FF 0 0
ID: 1F0, Data: 869 40 B5 BF 0 0 0 0
ID: A1, Data: 88E 79 8E 79 1A 0 0 0
ID: 153, Data: 80 0 0 FF 0 FF 0 0
ID: 43F, Data: 846 45 60 FF 60 C 17 0
ID: 153, Data: 80 0 0 FF 0 FF 0 0
ID: 153, Data: 80 0 0 FF 0 FF 0 0
ID: 18F, Data: 8AA 30 0 0 0 0 0 0
ID: 280, Data: 830 0 84 B0 28 14 5D 39
ID: 153, Data: 80 0 0 FF 0 FF 0 0
ID: A0, Data: 829 7C 58 14 47 27 2 0
ID: 2A0, Data: 880 3 5D 1C 3D 0 17 0
ID: 370, Data: 8FF DD F0 F0 FF FF FF FF
ID: 5F0, Data: 20 0
ID: 280, Data: 830 0 A0 AF 27 15 5D 3A
ID: 316, Data: 8D 1B 88 13 1D 19 46 7E
ID: 440, Data: 8FE 66 46 A0 FF AA AA AA
ID: 5F0, Data: 20 0
ID: 153, Data: 80 0 0 FF 0 FF 0 0
ID: 43F, Data: 846 45 60 FF 60 EC 16 0
ID: A1, Data: 880 7A 80 79 1D 0 0 0
ID: 43F, Data: 846 45 60 FF 60 E4 16 0
ID: 43F, Data: 846 45 60 FF 60 E4 16 0
ID: 260, Data: 80 14 1E 30 0 FF 4E 36
ID: 316, Data: 8D 13 E2 12 1E 18 46 7E
ID: 316, Data: 8D 13 F5 12 1E 18 46 7E
ID: 43F, Data: 846 45 60 FF 60 D8 16 0
ID: 316, Data: 8D E AF 13 1D 18 46 7E
ID: 153, Data: 80 0 0 FF 0 FF 0 0
ID: 153, Data: 80 0 0 FF 0 FF 0 0
ID: 316, Data: 8D E F6 14 1B 18 46 7E
ID: A1, Data: 880 7A 80 79 1C 0 0 0
ID: 5F0, Data: 20 0
ID: 153, Data: 80 0 0 FF 0 FF 0 0
ID: 316, Data: 8D 8 3F 16 1A 18 46 7E
ID: 5F0, Data: 20 0
ID: 316, Data: 8D 4 A6 16 19 18 45 7E
ID: 153, Data: 80 0 0 FF 0 FF 0 0
ID: 316, Data: 8D 4 9F 16 1A 19 45 7E
ID: 316, Data: 85 A A6 16 25 19 45 7E
ID: 316, Data: 85 10 AC 16 29 19 45 7E
ID: 153, Data: 80 0 0 FF 0 FF 0 0
ID: 316, Data: 85 22 DB 16 2B 18 45 7E
ID: 43F, Data: 846 45 60 FF 60 C8 16 0
ID: 545, Data: 8E4 3D 0 8D E3 0 E3 0
ID: 153, Data: 80 0 0 FF 0 FF 0 0
ID: 316, Data: 85 26 72 17 2C 18 45 7E
ID: 153, Data: 80 0 0 FF 0 FF 0 0
ID: 329, Data: 8ED AF 80 8 11 33 7 26
ID: 5F0, Data: 20 0
ID: 280, Data: 830 0 88 AF 2F 18 5D 43
ID: 545, Data: 8E4 4F 0 8D 14 1 14 1
ID: 43F, Data: 846 45 60 FF 5F A4 16 0
ID: 43F, Data: 846 45 60 FF 60 90 16 0
ID: 260, Data: 8B 29 31 30 0 FF C1 26
ID: 316, Data: 85 29 C7 17 31 17 45 7E
ID: 316, Data: 85 2A DD 17 31 17 45 7E
ID: 43F, Data: 846 45 60 FF 60 9C 16 0
ID: 316, Data: 85 2C F3 17 30 17 45 7E
ID: 153, Data: 80 0 0 FF 0 FF 0 0
ID: 153, Data: 80 0 0 FF 0 FF 0 0
ID: 316, Data: 85 2D 18 18 30 17 45 7E
ID: 153, Data: 80 0 0 FF 0 FF 0 0
ID: 316, Data: 85 2C 2F 18 30 17 45 7E
ID: 153, Data: 80 0 0 FF 0 FF 0 0
ID: 153, Data: 80 0 0 FF 0 FF 0 0
ID: 316, Data: 85 2E 3E 18 30 17 45 7E
ID: 43F, Data: 846 45 60 FF 60 9C 16 0
ID: 2A0, Data: 861 4 5D 1C 3D 0 17 0
ID: 153, Data: 80 0 0 FF 0 FF 0 0
ID: 153, Data: 80 0 0 FF 0 FF 0 0
ID: 1F0, Data: 867 40 B5 BF 0 0 0 0
ID: 370, Data: 8FF DD F0 F0 FF FF FF FF
ID: 43F, Data: 846 45 60 FF 60 9C 16 0
ID: 329, Data: 8ED AF 80 8 11 35 9 26
ID: 43F, Data: 846 45 60 FF 60 A0 16 0
ID: 316, Data: 85 2F 5C 18 34 17 45 7E
ID: 370, Data: 8FF DD F0 F0 FF FF FF FF
ID: 316, Data: 85 2E 54 18 34 17 45 7E
ID: 153, Data: 80 0 0 FF 0 FF 0 0
ID: 43F, Data: 846 45 60 FF 60 A4 16 0
ID: 43F, Data: 846 45 60 FF 60 A4 16 0
ID: 329, Data: 8ED AF 80 8 11 36 A 26
ID: 153, Data: 80 0 0 FF 0 FF 0 0
ID: 316, Data: 85 31 82 18 2A 16 45 7E
ID: 153, Data: 80 0 0 FF 0 FF 0 0
ID: 280, Data: 830 0 88 AF 31 1E 5D 57
ID: 316, Data: 85 31 91 18 17 16 45 7E
ID: 316, Data: 85 30 8A 18 16 16 45 7E
ID: 316, Data: 85 2D 82 18 16 16 45 7E
ID: 18F, Data: 8AA 2F 0 0 0 0 0 0
ID: 316, Data: 85 29 27 18 17 17 45 7E
ID: 43F, Data: 846 45 60 FF 60 8C 16 0
ID: 316, Data: 85 25 B9 17 18 18 45 7E
ID: 153, Data: 80 0 0 FF 0 FF 0 0
ID: 316, Data: 85 22 3A 17 19 18 45 7E
ID: 316, Data: 85 21 1F 17 18 18 45 7E
ID: 2A0, Data: 880 4 5D 1C 3D 0 17 0
ID: 43F, Data: 846 45 60 FF 60 8C 16 0
ID: 440, Data: 8FE B6 45 A0 FF AA AA AA
ID: A0, Data: 81E 7C F6 16 45 25 2 0
ID: 316, Data: 85 1C 72 16 19 19 45 7E
ID: 316, Data: 85 1C 38 16 1A 19 45 7E
ID: 43F, Data: 846 45 60 FF 5F 68 16 0
ID: 5F0, Data: 20 0
ID: 153, Data: 80 0 0 FF 0 FF 0 0
ID: 43F, Data: 846 45 60 FF 60 74 16 0
ID: 2A0, Data: 8E0 4 5D 1C 3D 0 17 0
ID: 43F, Data: 846 45 60 FF 60 68 16 0
ID: 43F, Data: 846 45 60 FF 60 68 16 0
ID: 2A0, Data: 8E0 4 5D 1C 3D 0 17 0
ID: 316, Data: 85 18 AA 13 1D 19 44 7E
ID: 316, Data: 85 19 74 13 1D 19 44 7E
ID: 43F, Data: 846 45 60 FF 60 50 16 0
ID: 43F, Data: 846 45 60 FF 5F 4C 16 0
ID: A1, Data: 882 7A 85 79 19 0 0 0
ID: 153, Data: 80 0 0 FF 0 FF 0 0
ID: 316, Data: 85 1C 91 12 1E 19 44 7E
ID: 153, Data: 80 0 0 FF 0 FF 0 0
ID: 316, Data: 85 1D 59 12 1E 19 44 7E
ID: 316, Data: 85 1D 48 12 1F 19 44 7E
ID: A0, Data: 82F 7C 77 12 45 27 2 0
ID: 316, Data: 8D 1E 43 12 1F 19 44 7E
ID: 316, Data: 8D 1E 50 12 1F 19 44 7E
ID: 440, Data: 8FE 16 43 A0 FF AA AA AA
ID: 316, Data: 8D 1E 7B 12 1E 19 44 7E
ID: 43F, Data: 846 45 60 FF 60 14 16 0
ID: 43F, Data: 846 45 60 FF 60 C 16 0
ID: A1, Data: 880 7A 80 79 1D 0 0 0
ID: 153, Data: 80 0 0 FF 0 FF 0 0
ID: 316, Data: 8D 19 77 12 1E 19 43 7E
ID: 5F0, Data: 20 0
ID: 316, Data: 8D 14 59 12 1F 19 43 7E
ID: 153, Data: 80 0 0 FF 0 FF 0 0
ID: 43F, Data: 846 45 60 FF 60 E8 15 0
ID: 260, Data: 80 14 1F 30 0 FF 4E 17
ID: 43F, Data: 846 45 60 FF 60 E4 15 0
ID: 440, Data: 8FE 16 43 A0 FF AA AA AA
ID: 153, Data: 80 0 0 FF 0 FF 0 0
ID: 316, Data: 8D E 36 13 1D 18 43 7E
ID: 316, Data: 8D E 96 13 1D 18 43 7E
ID: 280, Data: 830 0 20 AF 27 16 5D 3D
ID: 43F, Data: 846 45 60 FF 60 C0 15 0
ID: 370, Data: 8FF DE F0 F0 FF FF FF FF
ID: A1, Data: 880 7A 80 79 1C 0 0 0
ID: 316, Data: 8D 9 35 15 1B 19 42 7E
ID: 316, Data: 8D 9 52 15 1B 19 42 7E
ID: 43F, Data: 846 45 60 FF 60 A0 15 0
ID: 153, Data: 80 0 0 FF 0 FF 0 0
ID: 280, Data: 830 0 20 AF 2B 14 5D 39
ID: 43F, Data: 846 45 60 FF 60 84 15 0
ID: 18F, Data: 8AA 2F 0 0 0 0 0 0
ID: 316, Data: 8D 0 7B 15 1A 19 42 7E
ID: 153, Data: 80 0 0 FF 0 FF 0 0
ID: 153, Data: 80 0 0 FF 0 FF 0 0
ID: 316, Data: 8D 0 75 15 1A 19 42 7E
ID: 43F, Data: 846 45 60 FF 60 6C 15 0
ID: 370, Data: 8FF DE F0 F0 FF FF FF FF
ID: 153, Data: 80 0 0 FF 0 FF 0 0
ID: 153, Data: 80 0 0 FF 0 FF 0 0
ID: 316, Data: 8D 0 1E 15 1B 19 41 7E
ID: 153, Data: 80 0 0 FF 0 FF 0 0
ID: 316, Data: 8D 0 DA 14 1B 19 41 7E
ID: 440, Data: 8FE B6 41 A0 FF AA AA AA
ID: 316, Data: 8D 0 9E 14 1B 18 41 7E
ID: 1F1, Data: 80 33 2 C2 1F B B2 20
ID: 153, Data: 80 0 0 FF 0 FF 0 0
ID: 329, Data: 8ED AF 80 8 11 2F 0 26
ID: 316, Data: 8D 0 29 14 1C 18 41 7E
ID: 545, Data: 8E4 0 0 8D 47 FE 47 FE
ID: 43F, Data: 846 45 60 FF 5F 18 15 0
ID: 153, Data: 80 0 0 FF 0 FF 0 0
ID: A0, Data: 829 7C 5 14 41 27 4 0
ID: 280, Data: 830 0 20 AF 27 15 5D 3C
ID: 545, Data: 8E4 0 0 8D 47 FE 47 FE
ID: 316, Data: 8D 0 D7 13 1C 18 40 7E
ID: 316, Data: 8D 0 D2 13 1C 18 40 7E
ID: 18F, Data: 8AA 2F 0 0 0 0 0 0
ID: 153, Data: 80 0 0 FF 0 FF 0 0
ID: A0, Data: 82A 7C CD 13 41 27 4 0
ID: 2A0, Data: 880 2 5D 1C 3D 0 17 0
ID: A1, Data: 880 7A 80 79 1D 0 0 0
ID: 316, Data: 8D 0 D2 13 1C 18 40 7E
ID: 153, Data: 80 0 0 FF 0 FF 0 0
ID: 316, Data: 8D 0 DC 13 1C 18 40 7E
ID: 316, Data: 8D 0 E1 13 1C 18 3F 7E
ID: 329, Data: 8B AF 80 8 12 2F 0 26
ID: 316, Data: 8D 0 E6 13 1C 18 3F 7E
ID: 153, Data: 80 0 0 FF 0 FF 0 0
ID: 5A1, Data: 880 3 90 23 30 30 30 0
ID: 316, Data: 8D 0 E1 13 1C 18 3F 7E
ID: 316, Data: 8D 0 DC 13 1C 18 3F 7E
ID: 1F0, Data: 868 40 B5 BF 0 0 0 0
ID: 1F0, Data: 868 40 B5 BF 0 0 0 0
ID: 43F, Data: 846 45 60 FF 60 38 14 0
ID: 43F, Data: 846 45 60 FF 60 34 14 0
ID: A0, Data: 82A 7C A0 13 3E 27 4 0
ID: 316, Data: 8D 0 7E 13 1D 18 3E 7E
ID: 316, Data: 8D 0 74 13 1D 18 3E 7E
ID: 18F, Data: 8AA 2F 0 0 0 0 0 0
ID: 43F, Data: 846 45 60 FF 60 D8 13 0
ID: 153, Data: 80 0 0 FF 0 FF 0 0
ID: 316, Data: 8D 0 28 13 1D 18 3D 7E
ID: 153, Data: 80 0 0 FF 0 FF 0 0
ID: 153, Data: 80 0 0 FF 0 FF 0 0
ID: 316, Data: 8D 0 C 13 1D 18 3C 7E
ID: 153, Data: 80 0 0 FF 0 FF 0 0
ID: 316, Data: 8D 0 EB 12 1D 18 3C 7E
ID: 43F, Data: 846 45 60 FF 60 7C 13 0
ID: 5F0, Data: 20 0
ID: 18F, Data: 8AA 2F 0 0 0 0 0 0
ID: 280, Data: 830 0 20 AF 25 17 5D 40
ID: 316, Data: 8D 0 B1 12 1E 18 3B 7E
ID: 153, Data: 80 0 0 FF 0 FF 0 0
ID: 43F, Data: 846 45 60 FF 60 44 13 0
ID: 153, Data: 80 0 0 FF 0 FF 0 0
ID: 316, Data: 8D 0 80 12 1E 18 3B 7E
ID: 316, Data: 8D 0 73 12 1E 18 3B 7E
ID: 545, Data: 8E4 0 0 8D 47 FE 47 FE
ID: 1F1, Data: 80 AA CC 81 1C D5 71 1D
ID: 1F1, Data: 80 BB C9 91 1C D5 41 1D
ID: 280, Data: 830 0 20 AF 24 17 5E 41
ID: 316, Data: 8D 0 19 12 1F 19 3A 7E
ID: 2A0, Data: 820 1 5E 1C 3D 0 17 0
ID: 43F, Data: 84D 45 60 FF 60 BC 12 0
ID: 370, Data: 8FF DE F0 F0 FE FF FF FF
ID: 280, Data: 830 0 20 AF 23 17 5E 41
ID: 316, Data: 8D 0 F8 11 1F 19 39 7E
ID: 260, Data: 80 0 1F 30 0 FF 4E D
ID: 153, Data: 80 0 0 FF 0 FF 0 0
ID: 370, Data: 8FF DE F0 F0 FE FF FF FF
ID: 43F, Data: 84D 45 60 FF 60 C4 11 0
ID: 316, Data: 8D 0 64 11 20 19 38 7E
ID: 153, Data: 80 0 0 FF 0 FF 0 0
ID: 153, Data: 80 0 0 FF 0 FF 0 0
ID: 316, Data: 8D 0 EF 10 20 19 38 7E
ID: 43F, Data: 84D 45 60 FF 60 A8 12 0
ID: 316, Data: 8D 0 1 11 20 19 37 7E
ID: 545, Data: 8E4 0 0 8D 41 FE 41 FE
ID: A1, Data: 880 7A 80 79 20 0 0 0
ID: 43F, Data: 84D 45 60 FF 60 4 16 0
ID: 153, Data: 80 0 0 FF 0 FF 0 0
ID: 316, Data: 8D 0 11 12 1E 18 36 7E
ID: 316, Data: 8D 0 77 12 1E 18 36 7E
ID: 1F1, Data: 80 BB A7 11 1A A8 71 1A
ID: 1F0, Data: 868 40 B5 BF 0 0 0 0
ID: 5F0, Data: 20 0
ID: 316, Data: 8D 0 C8 13 1C 18 35 7E
ID: 1F0, Data: 868 40 B5 BF 0 0 0 0
ID: A0, Data: 827 7C A 14 35 26 4 0
ID: 153, Data: 80 0 0 FF 0 FF 0 0
ID: 153, Data: 80 0 0 FF 0 FF 0 0
ID: 2A0, Data: 840 0 5E 1C 3D 0 17 0
ID: 153, Data: 80 0 0 FF 0 FF 0 0
ID: 370, Data: 8FF DE F0 F0 FF FF FF FF
ID: 316, Data: 8D 0 F5 13 1B 18 33 7E
ID: 316, Data: 8D 0 C3 13 1C 18 33 7E
ID: 316, Data: 8D 0 AF 13 1C 18 33 7E
ID: 2A0, Data: 820 0 5E 1C 3D 0 17 0
ID: 43F, Data: 845 45 60 FF 60 90 14 0
ID: 153, Data: 80 0 0 FF 0 FF 0 0
ID: 1F0, Data: 868 40 B5 BF 0 0 0 0
ID: 316, Data: 8D 0 28 13 1D 18 32 7E
ID: 316, Data: 8D 0 2C 13 1D 18 32 7E
ID: 153, Data: 80 0 0 FF 0 FF 0 0
ID: 153, Data: 80 0 0 FF 0 FF 0 0
ID: 43F, Data: 845 45 60 FF 60 54 14 0
ID: 18F, Data: 8AA 2E 0 0 0 0 0 0
ID: 153, Data: 80 0 0 FF 0 FF 0 0
ID: 316, Data: 8D 0 44 13 1C 18 31 7E
ID: 2A0, Data: 840 0 5E 1C 3D 0 17 0
ID: 316, Data: 8D 0 49 13 1C 18 31 7E
ID: 316, Data: 8D 0 4E 13 1C 18 31 7E
ID: 545, Data: 8E4 0 0 8D 47 FE 47 FE
ID: 43F, Data: 845 45 60 FF 60 18 14 0
ID: 43F, Data: 845 45 60 FF 60 C 14 0
ID: 280, Data: 830 0 20 AF 26 15 5E 3E
ID: 316, Data: 8D 0 52 13 1C 18 31 7E
ID: 316, Data: 8D 0 49 13 1C 18 31 7E
ID: 153, Data: 80 0 0 FF 0 FF 0 0
ID: 43F, Data: 845 45 60 FF 60 E0 13 0
ID: 43F, Data: 845 45 60 FF 60 E0 13 0
ID: 316, Data: 8D 0 36 13 1C 18 30 7E
ID: 440, Data: 8E7 75 30 A0 FF AA AA AA
ID: 316, Data: 8D 0 28 13 1C 18 30 7E
ID: A1, Data: 880 7A 80 79 1D 0 0 0
ID: 43F, Data: 845 45 60 FF 60 C0 13 0
ID: 43F, Data: 845 45 60 FF 60 C0 13 0
ID: 370, Data: 8FF DE F0 F0 FF FF FF FF
ID: 153, Data: 80 0 0 FF 0 FF 0 0
ID: 260, Data: 80 0 1D 30 0 FF 4E 1E
ID: 316, Data: 8D 0 E2 12 1D 18 30 7E
ID: 2A0, Data: 8E0 0 5E 1C 3D 0 17 0
ID: 153, Data: 80 0 0 FF 0 FF 0 0
ID: 153, Data: 80 0 0 FF 0 FF 0 0
ID: 153, Data: 80 0 0 FF 0 FF 0 0
ID: 260, Data: 80 0 1D 30 0 FF 4E 3C
ID: 329, Data: 8B AF 80 8 11 2F 0 26
ID: A0, Data: 82A 7B A3 12 30 27 4 0
ID: 370, Data: 8FF DE F0 F0 FF FF FF FF
ID: 316, Data: 8D 0 8D 12 1D 19 2F 7E
ID: 18F, Data: 8AA 2E 0 0 0 0 0 0
ID: 316, Data: 8D 0 84 12 22 19 2F 7E
ID: 153, Data: 80 0 0 FF 0 FF 0 0
ID: 316, Data: 85 5 84 12 35 19 2F 7E
ID: 153, Data: 80 0 0 FF 0 FF 0 0
ID: 153, Data: 80 0 0 FF 0 FF 0 0
ID: 5F0, Data: 20 0
ID: 43F, Data: 845 45 60 FF 60 2C 13 0
ID: 18F, Data: 8AA 2E 0 0 0 0 0 0
ID: 153, Data: 80 0 0 FF 0 FF 0 0
ID: 316, Data: 85 2F 38 14 3B 17 2F 7E
ID: 43F, Data: 845 45 60 FF 60 D4 12 0
ID: 316, Data: 85 2F 46 15 3A 17 2E 7E
ID: A0, Data: 83D 7B 69 15 2F 2C 2 0
ID: 153, Data: 80 0 0 FF 0 FF 0 0
ID: 316, Data: 85 31 87 15 39 17 2E 7E
ID: 1F0, Data: 86B 40 B5 BF 0 0 0 0
ID: 329, Data: 884 AF 80 8 11 35 C 26
ID: 18F, Data: 8AA 2E 0 0 0 0 0 0
ID: 43F, Data: 845 45 60 FF 60 18 13 0
ID: 43F, Data: 845 45 60 FF 60 14 13 0
ID: 43F, Data: 845 45 60 FF 60 10 13 0
ID: 2A0, Data: 880 1 5E 1C 3D 0 17 0
ID: 316, Data: 85 32 93 15 17 17 2E 7E
ID: 316, Data: 85 30 81 15 17 17 2E 7E
ID: 43F, Data: 845 45 60 FF 5F 14 13 0
ID: 440, Data: 8E7 85 2E A0 FF AA AA AA
ID: A1, Data: 88C 78 8C 7A 22 0 0 0
ID: 316, Data: 85 23 6D 14 1A 18 2E 7E
ID: 316, Data: 85 20 24 14 1B 19 2E 7E
ID: 43F, Data: 845 45 60 FF 60 4 13 0
ID: 316, Data: 85 1D 9B 13 1D 19 2E 7E
ID: 280, Data: 830 0 88 AF 26 13 5E 37
ID: 316, Data: 85 1E 57 13 1E 19 2E 7E
ID: 280, Data: 830 0 88 AF 26 12 5E 36
ID: 153, Data: 80 0 0 FF 0 FF 0 0
ID: 316, Data: 85 1E 44 13 2B 19 2E 7E
ID: 316, Data: 85 1F 49 13 2D 19 2E 7E
ID: A0, Data: 826 7B 44 13 2F 27 2 0
ID: 316, Data: 85 22 6F 13 35 19 2E 7E
ID: 316, Data: 85 24 91 13 3B 19 2E 7E
ID: 43F, Data: 845 45 60 FF 60 FC 12 0
ID: 316, Data: 85 2B D2 13 42 18 2E 7E
ID: 153, Data: 80 0 0 FF 0 FF 0 0
ID: 316, Data: 85 2F 5D 14 41 17 2E 7E
ID: 153, Data: 80 0 0 FF 0 FF 0 0
ID: 153, Data: 80 0 0 FF 0 FF 0 0
ID: 316, Data: 85 32 29 15 3F 17 2E 7E
ID: 153, Data: 80 0 0 FF 0 FF 0 0
ID: 316, Data: 85 34 7B 15 3F 16 2E 7E
ID: 1F1, Data: 80 99 6C C1 16 74 41 17
ID: 18F, Data: 8AA 2E 0 0 0 0 0 0
ID: 43F, Data: 845 45 60 FF 60 EC 12 0
ID: 153, Data: 80 0 0 FF 0 FF 0 0
ID: 316, Data: 85 39 E1 15 3D 15 2E 7E
ID: 316, Data: 85 3A FA 15 40 15 2E 7E
ID: 18F, Data: 8AA 2E 0 0 0 0 0 0
ID: 316, Data: 85 3B 32 16 43 15 2E 7E
ID: 43F, Data: 845 45 60 FF 5F F8 12 0
ID: 316, Data: 85 3F 5F 16 45 15 2E 7E
ID: 153, Data: 80 0 0 FF 0 FF 0 0
ID: 153, Data: 80 0 0 FF 0 FF 0 0
ID: 316, Data: 85 42 DB 16 47 14 2E 7E
ID: 153, Data: 80 0 0 FF 0 FF 0 0
ID: 316, Data: 85 43 1F 17 48 14 2E 7E
ID: 153, Data: 80 0 0 FF 0 FF 0 0
ID: 1F1, Data: 80 22 6E D1 16 78 D1 17
ID: 316, Data: 85 47 11 17 48 14 2E 7E
ID: 153, Data: 80 0 0 FF 0 FF 0 0
ID: 316, Data: 85 48 65 16 49 14 2E 7E
ID: 153, Data: 80 0 0 FF 0 FF 0 0
ID: 280, Data: 830 0 88 AF 2A 2F 5E 7D
ID: 316, Data: 85 4D 7 15 4A 14 2E 7E
ID: 153, Data: 80 0 0 FF 0 FF 0 0
ID: 43F, Data: 845 45 60 FF 60 40 13 0
ID: 153, Data: 80 0 0 FF 0 FF 0 0
ID: 316, Data: 85 50 B4 14 4D 14 2F 7E
ID: 316, Data: 85 50 CA 14 4D 14 2F 7E
ID: 18F, Data: 8AA 2E 0 0 0 0 0 0
ID: 316, Data: 85 50 C4 14 4D 14 2F 7E
ID: 153, Data: 80 0 0 FF 0 FF 0 0
ID: 5F0, Data: 20 0
ID: 43F, Data: 845 45 60 FF 60 74 13 0
ID: 316, Data: 85 50 CF 14 50 13 2F 7E
ID: 545, Data: 8E4 86 0 8D 1A 4 1A 4
ID: 153, Data: 80 0 0 FF 0 FF 0 0
ID: 316, Data: 85 4F CF 14 54 14 2F 7E
ID: 153, Data: 80 0 0 FF 0 FF 0 0
ID: 316, Data: 85 4F B9 14 57 13 2F 7E
ID: 316, Data: 85 50 B4 14 58 13 2F 7E
ID: A0, Data: 862 7B BF 14 30 33 2 0
ID: 43F, Data: 845 45 60 FF 60 A0 13 0
ID: 440, Data: 8E2 85 2F A0 FF AA AA AA
ID: 153, Data: 80 0 0 FF 0 FF 0 0
ID: 316, Data: 85 58 18 15 60 13 30 7E
ID: 153, Data: 80 0 0 FF 0 FF 0 0
ID: 153, Data: 80 0 0 FF 0 FF 0 0
ID: 316, Data: 85 5C 24 15 60 13 30 7E
ID: 316, Data: 85 5D 29 15 62 13 30 7E
ID: A0, Data: 86F 7B 35 15 30 36 2 0
ID: 153, Data: 80 0 0 FF 0 FF 0 0
ID: 316, Data: 85 61 4C 15 67 12 30 7E
ID: 316, Data: 85 62 46 15 67 12 30 7E
ID: 545, Data: 8E4 A8 0 8D AE 5 AE 5
ID: 370, Data: 8FF E0 F0 F0 FF FF FF FF
ID: 153, Data: 80 0 0 FF 0 FF 0 0
ID: 316, Data: 85 66 69 15 6A 12 30 7E
ID: 260, Data: 8B 67 6B 30 0 FF A1 38
ID: 153, Data: 80 0 0 FF 0 FF 0 0
ID: 316, Data: 85 69 75 15 6B 12 31 7E
ID: 153, Data: 80 0 0 FF 0 FF 0 0
ID: 18F, Data: 8AA 2E 0 0 0 0 0 0
ID: 316, Data: 85 6B 7B 15 6D 12 31 7E
ID: 153, Data: 80 0 0 FF 0 FF 0 0
ID: A1, Data: 886 7B 84 7E 4A 0 0 0
ID: 329, Data: 8B AF 80 8 11 43 2C 26
ID: 280, Data: 830 0 88 AF 2B 44 5E 9E
ID: A1, Data: 886 7B 84 7E 4A 0 0 0
ID: 153, Data: 80 0 0 FF 0 FF 0 0
ID: 316, Data: 85 6F B7 15 72 11 32 7E
ID: 153, Data: 80 0 0 FF 0 FF 0 0
ID: 18F, Data: 8AA 2E 0 0 0 0 0 0
ID: 316, Data: 85 6F BD 15 74 11 32 7E
ID: 43F, Data: 845 45 60 FF 5F C0 14 0
ID: 18F, Data: 8AA 2E 0 0 0 0 0 0
ID: 153, Data: 80 0 0 FF 0 FF 0 0
ID: 316, Data: 85 72 D5 15 76 11 32 7E
ID: 43F, Data: 845 45 60 FF 5F F0 14 0
ID: 153, Data: 80 0 0 FF 0 FF 0 0
ID: 18F, Data: 8AA 2E 0 0 0 0 0 0
ID: 316, Data: 85 75 2C 16 76 11 33 7E
ID: 43F, Data: 845 45 60 FF 5F 2C 15 0
ID: A0, Data: 886 7B 2C 16 33 3B 2 0
ID: 316, Data: 85 75 4B 16 76 11 33 7E
ID: 316, Data: 85 74 38 16 76 11 33 7E
ID: 43F, Data: 845 45 60 FF 5F 44 15 0
ID: 316, Data: 85 74 32 16 76 11 33 7E
ID: 153, Data: 80 0 0 FF 0 FF 0 0
ID: 153, Data: 80 0 0 FF 0 FF 0 0
ID: 316, Data: 85 75 6B 16 76 11 34 7E
ID: 43F, Data: 845 45 60 FF 5F 88 15 0
ID: 316, Data: 85 75 72 16 76 11 34 7E
ID: A0, Data: 887 7B 6B 16 34 3B 2 0
ID: 43F, Data: 845 45 60 FF 60 AC 15 0
ID: 43F, Data: 845 45 60 FF 60 B0 15 0
ID: A1, Data: 885 7B 82 7E 4B 0 0 0
ID: 153, Data: 80 0 0 FF 0 FF 0 0
ID: 316, Data: 85 74 AC 16 76 11 35 7E
ID: 153, Data: 80 0 0 FF 0 FF 0 0
ID: 545, Data: 8E4 D4 0 8D D0 6 D0 6
ID: 316, Data: 85 73 C7 16 76 11 35 7E
ID: 545, Data: 8E4 D1 0 8D CD 6 CD 6
ID: 316, Data: 85 73 D4 16 74 11 35 7E
ID: 153, Data: 80 0 0 FF 0 FF 0 0
ID: 18F, Data: 8AA 2E 0 0 0 0 0 0
ID: 316, Data: 85 72 DB 16 65 11 35 7E
ID: 316, Data: 85 70 FD 16 65 11 36 7E
ID: A1, Data: 885 7C 83 7E 4B 0 0 0
ID: 153, Data: 80 0 0 FF 0 FF 0 0
ID: 316, Data: 85 69 C0 16 65 12 36 7E
ID: 153, Data: 80 0 0 FF 0 FF 0 0
ID: 316, Data: 85 66 A6 16 66 12 36 7E
ID: 316, Data: 85 66 AC 16 65 12 36 7E
ID: A1, Data: 888 7C 84 7E 47 0 0 0
ID: 5F0, Data: 20 0
ID: 43F, Data: 845 45 60 FF 60 84 16 0
ID: 316, Data: 85 66 E8 16 65 12 37 7E
ID: 18F, Data: 8AA 2E 0 0 0 0 0 0
ID: 43F, Data: 845 45 60 FF 60 98 16 0
ID: 153, Data: 80 0 0 FF 0 FF 0 0
ID: 153, Data: 80 0 0 FF 0 FF 0 0
ID: 316, Data: 85 64 33 17 67 12 37 7E
ID: 153, Data: 80 0 0 FF 0 FF 0 0
ID: 316, Data: 85 65 4F 17 67 12 37 7E
ID: 316, Data: 85 66 5D 17 67 12 37 7E
ID: 18F, Data: 8AA 2E 0 0 0 0 0 0
ID: 43F, Data: 845 45 60 FF 60 DC 16 0
ID: 153, Data: 80 0 0 FF 0 FF 0 0
ID: 316, Data: 85 67 A4 17 68 12 38 7E
ID: 316, Data: 85 67 B2 17 69 12 38 7E
ID: 2A0, Data: 861 1F 5D 1C 3D 0 17 0
ID: 316, Data: 85 68 CF 17 6F 12 38 7E
ID: 316, Data: 85 68 DD 17 72 12 38 7E
ID: 43F, Data: 845 45 60 FF 60 3C 17 0
ID: 316, Data: 85 70 2 18 7D 11 38 7E
ID: 370, Data: 8FF E1 F0 F0 FF FF FF FF
ID: 316, Data: 85 80 A9 18 82 11 38 7E
ID: 18F, Data: 8AA 2E 0 0 0 0 0 0
ID: 43F, Data: 845 45 60 FF 60 94 17 0
ID: 43F, Data: 845 45 60 FF 60 84 17 0
ID: 316, Data: 85 84 8 19 83 11 39 7E
ID: 440, Data: 8E0 D5 39 A0 FF AA AA AA
ID: 316, Data: 85 84 E0 18 83 11 39 7E
ID: 43F, Data: 845 45 60 FF 60 B0 17 0
ID: 43F, Data: 845 45 60 FF 60 D4 17 0
ID: A0, Data: 89A 7B D8 18 3A 41 2 0
ID: 153, Data: 80 0 0 FF 0 FF 0 0
ID: 316, Data: 85 84 C8 18 83 11 3A 7E
ID: 153, Data: 80 0 0 FF 0 FF 0 0
ID: 153, Data: 80 0 0 FF 0 FF 0 0
ID: 316, Data: 85 83 E0 18 83 11 3A 7E
ID: 370, Data: 8FF E1 F0 F0 FF FF FF FF
ID: 260, Data: 8B 84 84 30 0 FF 87 D
ID: 1F1, Data: 80 87 D4 E1 1C DD 1 1E
ID: 316, Data: 85 82 18 19 83 11 3B 7E
ID: 43F, Data: 845 45 60 FF 60 5C 18 0
ID: 153, Data: 80 0 0 FF 0 FF 0 0
ID: 18F, Data: 8AA 2E 0 0 0 0 0 0
ID: 316, Data: 85 82 18 19 84 11 3B 7E
ID: 43F, Data: 845 45 60 FF 60 8C 18 0
ID: 260, Data: 8B 83 87 30 0 FF 89 27
ID: 153, Data: 80 0 0 FF 0 FF 0 0
ID: 316, Data: 85 82 7A 19 8A 11 3C 7E
ID: 316, Data: 85 82 8A 19 8B 11 3C 7E
ID: A0, Data: 898 7B 82 19 3C 40 2 0
ID: 43F, Data: 845 45 60 FF 60 E8 18 0
ID: 316, Data: 85 8A CE 19 8C 11 3C 7E
ID: 440, Data: 8E0 85 3C A0 FF AA AA AA
ID: 316, Data: 85 8A 1 1A 8C 10 3D 7E
ID: 43F, Data: 845 45 60 FF 60 24 19 0
ID: 43F, Data: 845 45 60 FF 60 4C 19 0
ID: A0, Data: 8A1 7B 1C 1A 3D 43 2 0
ID: 153, Data: 80 0 0 FF 0 FF 0 0
ID: 316, Data: 85 8B 1 1A 8C 10 3D 7E
ID: 153, Data: 80 0 0 FF 0 FF 0 0
ID: 316, Data: 85 8B 24 1A 8C 10 3E 7E
ID: 316, Data: 85 8B 3F 1A 8C 10 3E 7E
ID: 2A0, Data: 81 2B 5D 1C 3D 0 17 0
ID: 316, Data: 85 8B 7D 1A 8C 10 3E 7E
ID: 316, Data: 85 8A 8F 1A 8C 10 3E 7E
ID: 1F1, Data: 80 CB EE B1 1E FB D1 1F
ID: 316, Data: 85 8A A1 1A 8C 10 3E 7E
ID: A1, Data: 882 7C 81 7E 50 0 0 0
ID: 43F, Data: 845 45 60 FF 60 EC 19 0
ID: 316, Data: 85 8A 98 1A 96 1A 3F 7E
ID: 43F, Data: 845 45 60 FF 60 8 1A 0
ID: 316, Data: 85 92 CF 1A 95 1A 3F 7E
ID: 316, Data: 85 92 65 1B 94 1A 3F 7E
ID: 43F, Data: 845 45 60 FF 60 58 1A 0
ID: 43F, Data: 845 45 60 FF 60 5C 1A 0
ID: 153, Data: 80 0 0 FF 0 FF 0 0
ID: 316, Data: 85 91 BD 1B 89 1A 40 7E
ID: 153, Data: 80 0 0 FF 0 FF 0 0
ID: 1F0, Data: 86A 40 B5 BF 0 0 0 0
ID: 316, Data: 85 8B D1 1B 83 1A 40 7E
ID: 316, Data: 845 89 A9 1B 80 1A 40 7E
ID: 316, Data: 845 87 6F 1B 7F 1A 41 7E
ID: 316, Data: 845 83 19 1B 7F 1A 41 7E
ID: 153, Data: 80 0 0 FF 0 FF 0 0
ID: 18F, Data: 8AA 2E 0 0 0 0 0 0
ID: 316, Data: 845 81 48 1B 78 1A 41 7E
ID: 316, Data: 845 7D 48 1B 76 1B 41 7E
ID: 153, Data: 80 0 0 FF 0 FF 0 0
ID: 316, Data: 845 79 6F 1B 73 1B 42 7E
ID: 316, Data: 845 77 65 1B 70 1B 42 7E
ID: 43F, Data: 84E 45 60 FF 60 38 1B 0
ID: 316, Data: 845 71 6F 1B 71 1C 42 7E
ID: 153, Data: 80 0 0 FF 0 FF 0 0
ID: 316, Data: 845 6E 78 1B 70 1C 42 7E
ID: 316, Data: 845 6E 82 1B 70 1C 42 7E
ID: 370, Data: 8FF E1 F0 F0 FF FF FF FF
ID: 316, Data: 845 6E BD 1B 6F 1C 42 7E
ID: 43F, Data: 84E 45 60 FF 60 80 1B 0
ID: 440, Data: 8EA 85 43 A0 FF AA AA AA
ID: 153, Data: 80 0 0 FF 0 FF 0 0
ID: 18F, Data: 8AA 33 0 0 0 0 0 0
ID: 316, Data: 845 6E 5E 1C 63 1C 43 7E
ID: 316, Data: 845 6D 5E 1C 61 1C 43 7E
ID: 153, Data: 80 0 0 FF 0 FF 0 0
ID: 43F, Data: 84E 45 60 5B 60 48 1C 0
ID: 316, Data: 845 57 3F 1C 61 1C 43 7E
ID: A0, Data: 872 7B 68 1C 44 3B 2 0
ID: 316, Data: 845 52 82 1B 62 1C 43 7E
ID: 316, Data: 845 50 BC 1A 63 1C 43 7E
ID: 153, Data: 80 0 0 FF 0 FF 0 0
ID: 2A0, Data: 8A1 2C 5D 1C 3D 0 17 0
ID: 316, Data: 845 65 B2 17 66 1C 44 7E
ID: A1, Data: 87E 7C 80 7E 47 0 0 0
ID: 316, Data: 845 6E 41 17 64 1B 44 7E
ID: 316, Data: 845 6D 3A 17 62 1B 44 7E
ID: 43F, Data: 84E 45 60 FF 60 48 16 0
ID: 545, Data: 8E4 C3 0 8D 79 5 79 5
ID: 153, Data: 80 0 0 FF 0 FF 0 0
ID: 316, Data: 845 68 C7 16 60 1C 44 7E
ID: 153, Data: 80 0 0 FF 0 FF 0 0
ID: 2A0, Data: 8C1 2B 5D 1C 3D 0 17 0
ID: 316, Data: 845 65 CE 16 60 1C 44 7E
ID: 153, Data: 80 0 0 FF 0 FF 0 0
ID: 316, Data: 845 63 3 17 5C 1C 44 7E
ID: 153, Data: 80 0 0 FF 0 FF 0 0
ID: 329, Data: 8B AF 80 8 11 40 1B 26
ID: 316, Data: 845 61 2C 17 5B 1C 44 7E
ID: A1, Data: 87E 7C 7E 7E 44 0 0 0
ID: 316, Data: 845 5D A 17 58 1C 44 7E
ID: 316, Data: 845 5C FD 16 57 1C 45 7E
ID: 153, Data: 80 0 0 FF 0 FF 0 0
ID: 316, Data: 845 5A D4 16 57 1C 45 7E
ID: 153, Data: 80 0 0 FF 0 FF 0 0
ID: 43F, Data: 846 45 60 FF 60 8C 16 0
ID: 545, Data: 8E4 96 0 8D 3E 4 3E 4
ID: 43F, Data: 846 45 60 FF 60 84 16 0
ID: 43F, Data: 846 45 60 FF 60 8C 16 0
ID: 2A0, Data: 861 28 5D 1C 3D 0 17 0
ID: 316, Data: 845 58 2C 17 57 1C 45 7E
ID: 316, Data: 845 58 41 17 57 1C 45 7E
ID: 43F, Data: 846 45 60 FF 60 9C 16 0
ID: 153, Data: 80 0 0 FF 0 FF 0 0
ID: 316, Data: 845 57 79 17 57 1C 45 7E
ID: 153, Data: 80 0 0 FF 0 FF 0 0
ID: 329, Data: 840 AF 80 8 11 3E 19 26
ID: 316, Data: 845 56 8E 17 57 1C 45 7E
ID: 260, Data: 8B 57 57 30 0 FF B6 38
ID: 440, Data: 8FE B6 45 A0 FF AA AA AA
ID: 18F, Data: 8AA 37 0 0 0 0 0 0
ID: 316, Data: 845 55 8E 17 56 1C 45 7E
ID: 153, Data: 80 0 0 FF 0 FF 0 0
ID: 260, Data: 8B 56 57 30 0 FF B7 29
ID: 316, Data: 845 55 95 17 56 1C 46 7E
ID: 153, Data: 80 0 0 FF 0 FF 0 0
ID: 43F, Data: 846 45 60 FF 60 DC 16 0
ID: 1F1, Data: 80 76 28 A2 22 37 52 23
ID: 280, Data: 830 0 88 AF 2F 35 5D 8E
ID: 316, Data: 845 56 B2 17 56 1C 46 7E
ID: 280, Data: 830 0 88 AF 2F 35 5D 8E
ID: 43F, Data: 846 45 60 FF 60 E4 16 0
ID: 280, Data: 830 0 88 AF 2F 35 5D 8E
ID: 153, Data: 80 0 0 FF 0 FF 0 0
ID: 329, Data: 840 AF 80 8 11 3F 15 26
ID: 316, Data: 845 56 CF 17 4F 1C 46 7E
ID: 18F, Data: 8AA 39 0 0 0 0 0 0
ID: 370, Data: 8FF DE F0 F0 FF FF FF FF
ID: 153, Data: 80 0 0 FF 0 FF 0 0
ID: 440, Data: 8FE 66 46 A0 FF AA AA AA
ID: 280, Data: 830 0 88 AF 2F 33 5D 8A
ID: 153, Data: 80 0 0 FF 0 FF 0 0
ID: 545, Data: 8E4 8F 0 8D A7 3 A7 3
ID: 316, Data: 845 50 A4 17 4F 1C 46 7E
ID: 545, Data: 8E4 8B 0 8D 85 3 85 3
ID: 316, Data: 845 4F AB 17 4F 1C 46 7E
ID: 153, Data: 80 0 0 FF 0 FF 0 0
ID: 316, Data: 845 4F AB 17 4F 1C 47 7E
ID: A1, Data: 877 7A 7A 7D 40 0 0 0
ID: 153, Data: 80 0 0 FF 0 FF 0 0
ID: 316, Data: 845 4E EC 17 4F 1D 47 7E
ID: 43F, Data: 846 45 60 FF 60 24 17 0
ID: 153, Data: 80 0 0 FF 0 FF 0 0
ID: 316, Data: 845 4E EC 17 4F 1D 47 7E
ID: 153, Data: 80 0 0 FF 0 FF 0 0
ID: 2A0, Data: 861 20 5D 1C 3D 0 17 0
ID: 316, Data: 845 4D E5 17 4F 1D 47 7E
ID: A1, Data: 878 7A 7A 7D 3F 0 0 0
ID: 43F, Data: 846 45 60 FF 60 38 17 0
ID: 153, Data: 80 0 0 FF 0 FF 0 0
ID: 153, Data: 80 0 0 FF 0 FF 0 0
ID: 260, Data: 8B 4E 51 30 0 FF C2 2C
ID: 316, Data: 845 4C 27 18 51 1D 47 7E
ID: 43F, Data: 846 45 60 FF 60 40 17 0
ID: 153, Data: 80 0 0 FF 0 FF 0 0
ID: 153, Data: 80 0 0 FF 0 FF 0 0
ID: 2A0, Data: 81 1F 5D 1C 3D 0 17 0
ID: 316, Data: 845 4C 3E 18 52 1D 47 7E
ID: 280, Data: 830 0 88 AF 30 30 5D 86
ID: 153, Data: 80 0 0 FF 0 FF 0 0
ID: 260, Data: 8B 4F 50 30 0 FF C0 1F
ID: 316, Data: 845 4F 6B 18 47 1C 47 7E
ID: A1, Data: 87B 7A 7D 7D 40 0 0 0
ID: 316, Data: 845 4F 6B 18 3D 1C 47 7E
ID: 153, Data: 80 0 0 FF 0 FF 0 0
ID: 316, Data: 845 4C 6B 18 3D 1D 47 7E
ID: 43F, Data: 846 45 60 FF 60 6C 17 0
ID: 316, Data: 845 49 20 18 41 1D 48 7E
ID: 153, Data: 80 0 0 FF 0 FF 0 0
ID: 316, Data: 845 45 B9 17 45 1D 48 7E
ID: 316, Data: 845 44 9C 17 46 1D 48 7E
ID: 440, Data: 8FE 66 47 A0 FF AA AA AA
ID: 153, Data: 80 0 0 FF 0 FF 0 0
ID: 43F, Data: 846 45 60 FF 60 70 17 0
ID: 153, Data: 80 0 0 FF 0 FF 0 0
ID: 316, Data: 845 43 C8 18 48 1D 48 7E
ID: 153, Data: 80 0 0 FF 0 FF 0 0
ID: 260, Data: 8B 44 48 30 0 FF CB 36
ID: 316, Data: 845 43 69 19 47 1D 48 7E
ID: A1, Data: 87A 79 7D 7D 39 0 0 0
ID: 316, Data: 845 44 18 19 3F 14 48 7E
ID: 316, Data: 845 43 F0 18 3F 13 48 7E
ID: 153, Data: 80 0 0 FF 0 FF 0 0
ID: 545, Data: 8E4 80 0 8D 64 3 64 3
ID: 316, Data: 845 43 2F 18 41 13 48 7E
ID: 280, Data: 830 0 88 AF 2F 2A 5D 79
ID: 370, Data: 8FF DD F0 F0 FF FF FF FF
ID: 2A0, Data: 81 1A 5D 1C 3D 0 17 0
ID: 316, Data: 85 45 A4 17 43 14 48 7E
ID: 316, Data: 85 44 B9 17 43 13 48 7E
ID: 43F, Data: 886 45 60 FF 60 8C 17 0
ID: 316, Data: 85 44 5C 18 44 14 48 7E
ID: 153, Data: 80 0 0 FF 0 FF 0 0
ID: 153, Data: 80 0 0 FF 0 FF 0 0
ID: 316, Data: 85 43 8A 18 47 14 48 7E
ID: A1, Data: 87D 79 80 7D 38 0 0 0
ID: 316, Data: 85 43 7A 18 4A 14 48 7E
ID: 316, Data: 85 43 6B 18 4B 14 48 7E
ID: A0, Data: 851 7C 6B 18 49 32 2 0
ID: 370, Data: 8FF DE F0 F0 FF FF FF FF
ID: 316, Data: 85 48 73 18 52 13 48 7E
ID: 316, Data: 85 4B 73 18 52 13 48 7E
ID: 316, Data: 85 4C 73 18 52 13 48 7E
ID: 43F, Data: 886 45 60 FF 60 B0 17 0
ID: 316, Data: 85 4F 5C 18 52 13 48 7E
ID: 153, Data: 80 0 0 FF 0 FF 0 0
ID: 153, Data: 80 0 0 FF 0 FF 0 0
ID: 316, Data: 85 50 5C 18 52 13 48 7E
ID: 153, Data: 80 0 0 FF 0 FF 0 0
ID: 316, Data: 85 52 4D 18 44 13 48 7E
ID: 316, Data: 85 52 54 18 1E 13 49 7E
ID: 2A0, Data: 8E0 19 5C 1C 3D 0 17 0
ID: 43F, Data: 886 45 60 FF 60 C4 17 0
ID: 316, Data: 85 47 3E 18 13 14 49 7E
ID: 316, Data: 85 43 20 18 13 14 49 7E
ID: 316, Data: 85 3B D6 17 14 15 49 7E
ID: 43F, Data: 886 45 60 FF 60 B0 17 0
ID: 43F, Data: 886 45 60 FF 60 D4 17 0
ID: A0, Data: 81C 7C C0 17 49 25 2 0
ID: 153, Data: 80 0 0 FF 0 FF 0 0
ID: 316, Data: 85 21 DD 17 17 18 49 7E
ID: 153, Data: 80 0 0 FF 0 FF 0 0
ID: 2A0, Data: 840 16 5C 1C 3D 0 17 0
ID: 316, Data: 85 1B B2 17 18 19 49 7E
ID: A0, Data: 81B 7C B9 17 49 25 2 0
ID: 316, Data: 85 17 72 17 18 19 49 7E
ID: 316, Data: 85 17 95 17 18 19 49 7E
ID: 43F, Data: 886 45 60 FF 60 B8 17 0
ID: 316, Data: 85 17 B2 17 18 19 49 7E
ID: A1, Data: 879 7A 80 79 18 0 0 0
ID: 43F, Data: 886 45 60 FF 60 AC 17 0
ID: 316, Data: 85 17 8E 17 18 19 48 7E
ID: A0, Data: 821 7C B2 17 49 28 2 0
ID: 316, Data: 85 18 9C 17 18 19 48 7E
ID: 316, Data: 85 18 95 17 18 19 48 7E
ID: 43F, Data: 886 45 60 FF 60 84 17 0
ID: 43F, Data: 886 45 60 FF 60 90 17 0
ID: 18F, Data: 8AA 34 0 0 0 0 0 0
ID: 316, Data: 85 18 80 17 18 19 48 7E
ID: 153, Data: 80 0 0 FF 0 FF 0 0
ID: 153, Data: 80 0 0 FF 0 FF 0 0
ID: 316, Data: 85 18 41 17 18 18 48 7E
ID: 5F0, Data: 20 0
ID: 316, Data: 85 19 11 17 19 19 48 7E
ID: 1F0, Data: 868 40 B5 BF 0 0 0 0
ID: 43F, Data: 846 45 60 FF 60 5C 17 0
ID: 153, Data: 80 0 0 FF 0 FF 0 0
ID: 43F, Data: 846 45 60 FF 60 5C 17 0
ID: 316, Data: 8D 19 92 16 19 18 47 7E
ID: 18F, Data: 8AA 33 0 0 0 0 0 0
ID: 316, Data: 8D 19 4B 16 1A 19 47 7E
ID: 370, Data: 8FF E0 F0 F0 FF FF FF FF
ID: 316, Data: 8D 15 25 16 1A 18 47 7E
ID: 43F, Data: 846 45 60 FF 60 38 17 0
ID: 316, Data: 8D 15 C 16 1A 18 47 7E
ID: 316, Data: 8D 11 19 16 1A 18 47 7E
ID: 316, Data: 8D 11 25 16 1A 18 47 7E
ID: 18F, Data: 8AA 33 0 0 0 0 0 0
ID: 5F0, Data: 20 0
ID: 153, Data: 80 0 0 FF 0 FF 0 0
ID: 153, Data: 80 0 0 FF 0 FF 0 0
ID: 260, Data: 80 D 19 30 0 FF 4F 32
ID: 316, Data: 8D D BA 16 19 18 47 7E
ID: 2A0, Data: 820 D 5C 1C 3D 0 17 0
ID: 153, Data: 80 0 0 FF 0 FF 0 0
ID: 316, Data: 8D 8 FD 16 19 18 46 7E
ID: 153, Data: 80 0 0 FF 0 FF 0 0
ID: 316, Data: 8D 8 EF 16 19 18 46 7E
ID: 153, Data: 80 0 0 FF 0 FF 0 0
ID: 316, Data: 8D 4 EF 16 19 18 46 7E
ID: 316, Data: 8D 4 E8 16 19 18 46 7E
ID: 316, Data: 8D 4 DB 16 19 18 46 7E
ID: 43F, Data: 846 45 60 FF 60 D4 16 0
ID: 153, Data: 80 0 0 FF 0 FF 0 0
ID: 280, Data: 830 0 20 B0 2D 14 5C 39
ID: 316, Data: 8D 0 C0 16 19 18 46 7E
ID: 5F0, Data: 20 0
ID: 316, Data: 8D 0 B3 16 19 18 46 7E
ID: 153, Data: 80 0 0 FF 0 FF 0 0
ID: 316, Data: 8D 0 A6 16 19 18 46 7E
ID: 1F0, Data: 868 40 B5 BF 0 0 0 0
ID: 280, Data: 830 0 20 B0 2D 14 5C 3A
ID: 2A0, Data: 820 A 5C 1C 3D 0 17 0
ID: 153, Data: 80 0 0 FF 0 FF 0 0
ID: 316, Data: 8D 0 4B 16 19 18 45 7E
ID: 153, Data: 80 0 0 FF 0 FF 0 0
ID: 316, Data: 8D 0 0 16 1A 18 45 7E
ID: 316, Data: 8D 0 D5 15 1A 18 45 7E
ID: 153, Data: 80 0 0 FF 0 FF 0 0
ID: 18F, Data: 8AA 31 0 0 0 0 0 0
ID: 316, Data: 8D 0 93 15 1A 18 45 7E
ID: 316, Data: 8D 0 81 15 1A 18 45 7E
ID: 2A0, Data: 880 9 5C 1C 3D 0 17 0
ID: 153, Data: 80 0 0 FF 0 FF 0 0
ID: 316, Data: 8D 0 5E 15 1A 18 44 7E
ID: 153, Data: 80 0 0 FF 0 FF 0 0
ID: 316, Data: 8D 0 58 15 1A 18 44 7E
ID: 153, Data: 80 0 0 FF 0 FF 0 0
ID: 153, Data: 80 0 0 FF 0 FF 0 0
ID: 43F, Data: 846 45 60 FF 61 40 16 0
ID: 43F, Data: 846 45 60 FF 60 44 16 0
ID: 370, Data: 8FF E0 F0 F0 FF FF FF FF
ID: 153, Data: 80 0 0 FF 0 FF 0 0
ID: 153, Data: 80 0 0 FF 0 FF 0 0
ID: 316, Data: 8D 0 63 15 1A 18 44 7E
ID: 153, Data: 80 0 0 FF 0 FF 0 0
ID: 316, Data: 8D 0 69 15 1A 18 44 7E
ID: 370, Data: 8FF E0 F0 F0 FF FF FF FF
ID: 316, Data: 8D 0 69 15 1A 18 44 7E
ID: 316, Data: 8D 0 63 15 1A 18 43 7E
ID: 316, Data: 8D 0 63 15 1A 18 43 7E
ID: 260, Data: 80 0 1B 30 0 FF 4F 2E
ID: 153, Data: 80 0 0 FF 0 FF 0 0
ID: 153, Data: 80 0 0 FF 0 FF 0 0
ID: 43F, Data: 846 45 60 FF 60 E8 15 0
ID: 153, Data: 80 0 0 FF 0 FF 0 0
ID: 43F, Data: 846 45 60 FF 60 E8 15 0
ID: 153, Data: 80 0 0 FF 0 FF 0 0
ID: 153, Data: 80 0 0 FF 0 FF 0 0
ID: 316, Data: 8D 0 35 15 1B 18 43 7E
ID: 153, Data: 80 0 0 FF 0 FF 0 0
ID: 316, Data: 8D 0 24 15 1B 18 43 7E
ID: 153, Data: 80 0 0 FF 0 FF 0 0
ID: 545, Data: 8E4 0 0 8D 4A FE 4A FE
ID: 316, Data: 8D 0 18 15 1B 18 42 7E
ID: 18F, Data: 8AA 30 0 0 0 0 0 0
ID: 316, Data: 8D 0 7 15 1B 18 42 7E
ID: A0, Data: 827 7C 18 15 43 27 4 0
ID: 316, Data: 8D 0 FC 14 1B 18 42 7E
ID: 316, Data: 8D 0 FC 14 1B 18 42 7E
ID: 329, Data: 8ED B0 80 8 11 2F 0 26
ID: 43F, Data: 846 45 60 FF 60 84 15 0
ID: 153, Data: 80 0 0 FF 0 FF 0 0
ID: 370, Data: 8FF E0 F0 F0 FF FF FF FF
ID: 316, Data: 8D 0 E0 14 1B 18 42 7E
ID: 153, Data: 80 0 0 FF 0 FF 0 0
ID: 316, Data: 8D 0 D5 14 1B 18 42 7E
ID: 153, Data: 80 0 0 FF 0 FF 0 0
ID: 316, Data: 8D 0 C4 14 1B 18 42 7E
ID: 43F, Data: 846 45 60 FF 60 5C 15 0
ID: 280, Data: 830 0 20 B0 29 15 5D 3B
ID: 316, Data: 8D 0 B9 14 1B 18 41 7E
ID: 316, Data: 8D 0 B4 14 1B 18 41 7E
ID: 43F, Data: 846 45 60 FF 61 4C 15 0
ID: 43F, Data: 846 45 60 FF 60 48 15 0
ID: 545, Data: 8E4 0 0 8D 4B FE 4B FE
ID: 316, Data: 8D 0 9E 14 1B 18 41 7E
ID: 316, Data: 8D 0 98 14 1B 18 41 7E
ID: 18F, Data: 8AA 30 0 0 0 0 0 0
ID: 370, Data: 8FF E0 F0 F0 FF FF FF FF
ID: 43F, Data: 846 45 60 FF 60 28 15 0
ID: 316, Data: 8D 0 78 14 1C 18 41 7E
ID: 153, Data: 80 0 0 FF 0 FF 0 0
ID: 153, Data: 80 0 0 FF 0 FF 0 0
ID: 316, Data: 8D 0 6D 14 1C 18 41 7E
ID: 18F, Data: 8AA 30 0 0 0 0 0 0
ID: 316, Data: 8D 0 5D 14 1C 18 40 7E
ID: 5F0, Data: 20 0
ID: 153, Data: 80 0 0 FF 0 FF 0 0
ID: 1F1, Data: 80 32 FE 81 1F 7 82 20
ID: 153, Data: 80 0 0 FF 0 FF 0 0
ID: 316, Data: 8D 0 4D 14 1C 18 40 7E
ID: 440, Data: 8FE 66 40 A0 FF AA AA AA
ID: 316, Data: 8D 0 43 14 1D 18 40 7E
ID: 153, Data: 80 0 0 FF 0 FF 0 0
ID: 153, Data: 80 0 0 FF 0 FF 0 0
ID: 316, Data: 8D 0 43 14 1F 18 40 7E
ID: 153, Data: 80 0 0 FF 0 FF 0 0
ID: 316, Data: 8D 0 2E 14 20 18 40 7E
ID: 153, Data: 80 0 0 FF 0 FF 0 0
ID: 153, Data: 80 0 0 FF 0 FF 0 0
ID: 370, Data: 8FF E0 F0 F0 FF FF FF FF
ID: 43F, Data: 846 45 60 FF 60 CC 14 0
ID: 329, Data: 8ED B0 80 8 11 2F 5 26
ID: 153, Data: 80 0 0 FF 0 FF 0 0
ID: 316, Data: 85 22 B4 14 2C 18 40 7E
ID: 316, Data: 85 24 F6 14 2C 18 40 7E
ID: 280, Data: 830 0 88 B0 2A 17 5D 3F
ID: 43F, Data: 846 45 60 FF 61 0 15 0
ID: 316, Data: 85 26 F4 15 2A 18 40 7E
ID: A0, Data: 831 7C 13 16 40 2A 2 0
ID: 316, Data: 85 27 1F 16 2B 18 40 7E
ID: 316, Data: 85 27 2C 16 2C 17 3F 7E
ID: 43F, Data: 846 45 60 FF 60 C8 14 0
ID: 316, Data: 85 28 19 16 2D 17 3F 7E
ID: 153, Data: 80 0 0 FF 0 FF 0 0
ID: 316, Data: 85 29 C 16 2E 17 3F 7E
ID: 153, Data: 80 0 0 FF 0 FF 0 0
ID: 316, Data: 85 29 19 16 2E 17 3F 7E
ID: 316, Data: 85 2A 25 16 2E 17 3F 7E
ID: 260, Data: 8B 2A 2E 30 0 FF C0 2A
ID: 43F, Data: 846 45 60 FF 60 BC 14 0
ID: 43F, Data: 846 45 60 FF 60 B8 14 0
ID: A0, Data: 833 7D 32 16 40 2B 2 0
ID: 316, Data: 85 2B 3F 16 2E 17 3F 7E
ID: 329, Data: 840 B0 80 8 11 33 7 26
ID: 43F, Data: 846 45 60 FF 61 B4 14 0
ID: 43F, Data: 846 45 60 FF 60 B4 14 0
ID: A0, Data: 835 7C 52 16 40 2B 2 0
ID: 316, Data: 85 2D 5F 16 30 17 3F 7E
ID: 316, Data: 85 2D 58 16 30 17 3F 7E
ID: 43F, Data: 846 45 60 FF 60 B4 14 0
ID: 316, Data: 85 2D 5F 16 30 17 3F 7E
ID: 153, Data: 80 0 0 FF 0 FF 0 0
ID: 153, Data: 80 0 0 FF 0 FF 0 0
ID: 1F1, Data: 80 65 F6 21 1F FF E1 1F
ID: 370, Data: 8FF E0 F0 F0 FF FF FF FF
ID: 316, Data: 85 2E 78 16 36 16 3F 7E
ID: 153, Data: 80 0 0 FF 0 FF 0 0
ID: 43F, Data: 846 45 60 FF 60 B8 14 0
ID: 316, Data: 85 30 92 16 38 16 3F 7E
ID: 545, Data: 8E4 59 0 8D E0 1 E0 1
ID: 316, Data: 85 32 AC 16 38 16 3F 7E
ID: 316, Data: 85 33 C7 16 38 16 3F 7E
ID: A0, Data: 83F 7C C7 16 40 2D 2 0
ID: 43F, Data: 846 45 60 FF 60 BC 14 0
ID: 316, Data: 85 35 DB 16 39 16 3F 7E
ID: 43F, Data: 846 45 60 FF 60 C4 14 0
ID: 316, Data: 85 35 F6 16 39 15 3F 7E
ID: A1, Data: 888 76 88 7B 2C 0 0 0
ID: 43F, Data: 846 45 60 FF 60 C8 14 0
ID: 43F, Data: 846 45 60 FF 60 C0 14 0
ID: 545, Data: 8E4 63 0 8D 5D 2 5D 2
ID: 316, Data: 85 38 CE 16 3A 15 3F 7E
ID: 316, Data: 85 38 99 16 3C 15 3F 7E
ID: 43F, Data: 846 45 60 FF 60 CC 14 0
ID: 370, Data: 8FF E0 F0 F0 FF FF FF FF
ID: A1, Data: 886 76 85 7B 2F 0 0 0
ID: 316, Data: 85 3C BD 15 39 15 3F 7E
ID: 316, Data: 85 3D AB 15 16 15 40 7E
ID: 5F0, Data: 20 0
ID: 316, Data: 85 3F 99 15 17 15 40 7E
ID: 153, Data: 80 0 0 FF 0 FF 0 0
ID: A0, Data: 842 7C 8D 15 40 2C 2 0
ID: 316, Data: 85 36 C9 15 17 16 40 7E
ID: 18F, Data: 8AA 2F 0 0 0 0 0 0
ID: 43F, Data: 846 45 60 FF 60 DC 14 0
ID: 153, Data: 80 0 0 FF 0 FF 0 0
ID: 316, Data: 85 25 F1 14 1A 18 40 7E
ID: 153, Data: 80 0 0 FF 0 FF 0 0
ID: 260, Data: 8B 21 1B 30 0 FF 9A 20
ID: 316, Data: 85 1E 7 15 1B 18 40 7E
ID: 18F, Data: 8AA 2F 0 0 0 0 0 0
ID: 43F, Data: 846 45 60 FF 60 D0 14 0
ID: 153, Data: 80 0 0 FF 0 FF 0 0
ID: 316, Data: 85 19 53 14 1C 19 40 7E
ID: 153, Data: 80 0 0 FF 0 FF 0 0
ID: 545, Data: 8E4 2F 0 8D D 0 D 0
ID: 316, Data: 85 19 DC 13 1D 18 3F 7E
ID: 153, Data: 80 0 0 FF 0 FF 0 0
ID: 153, Data: 80 0 0 FF 0 FF 0 0
ID: 545, Data: 8E4 2F 0 8D 23 0 23 0
ID: 316, Data: 85 1B 2 13 1E 18 3F 7E
ID: 280, Data: 830 0 84 B0 25 15 5D 3A
ID: 153, Data: 80 0 0 FF 0 FF 0 0
ID: 316, Data: 85 1C 9A 12 1E 18 3F 7E
ID: 153, Data: 80 0 0 FF 0 FF 0 0
ID: 545, Data: 8E4 30 0 8D 4B 0 4B 0
ID: 316, Data: 85 1D 5D 12 1F 18 3E 7E
ID: 545, Data: 8E4 31 0 8D 55 0 55 0
ID: 43F, Data: 846 45 60 FF 60 34 14 0
ID: 43F, Data: 846 45 60 FF 60 34 14 0
ID: 260, Data: 8B 1F 20 30 0 FF 56 34
ID: 316, Data: 85 1E A2 11 20 19 3E 7E
ID: 316, Data: 85 1E A6 11 20 19 3E 7E
ID: 5F0, Data: 20 0
ID: 43F, Data: 846 45 60 FF 60 E4 13 0
ID: 316, Data: 8D 1E EF 11 1F 19 3D 7E
ID: 153, Data: 80 0 0 FF 0 FF 0 0
ID: 5F0, Data: 20 0
ID: 316, Data: 8D 1E 9B 11 20 19 3D 7E
ID: 43F, Data: 846 45 60 FF 60 AC 13 0
ID: 316, Data: 8D 19 7B 11 20 19 3C 7E
ID: 153, Data: 80 0 0 FF 0 FF 0 0
ID: 316, Data: 8D 19 EB 10 21 19 3C 7E
ID: 316, Data: 8D 1A D2 10 21 19 3C 7E
ID: 545, Data: 8E4 26 0 8D D 0 D 0
ID: 43F, Data: 846 45 60 FF 60 60 13 0
ID: 5F0, Data: 20 0
ID: 370, Data: 8FF E0 F0 F0 FF FF FF FF
ID: 316, Data: 85 1B 50 10 22 19 3B 7E
ID: 43F, Data: 846 45 60 FF 60 24 13 0
ID: 316, Data: 85 20 3B 10 22 19 3B 7E
ID: 153, Data: 80 0 0 FF 0 FF 0 0
ID: 316, Data: 85 21 8A 10 21 19 3A 7E
ID: 153, Data: 80 0 0 FF 0 FF 0 0
ID: 153, Data: 80 0 0 FF 0 FF 0 0
ID: 316, Data: 85 21 D5 10 21 19 3A 7E
ID: 43F, Data: 84D 45 60 FF 60 B8 12 0
ID: 2A0, Data: 8E0 3 5D 1C 3D 0 17 0
ID: 153, Data: 80 0 0 FF 0 FF 0 0
ID: 316, Data: 85 20 EF 10 21 19 39 7E
ID: 316, Data: 85 20 C 11 21 19 39 7E
ID: 329, Data: 8B B0 80 8 12 2E 0 26
ID: 43F, Data: 84D 45 60 FF 60 4C 12 0
ID: 153, Data: 80 0 0 FF 0 FF 0 0
ID: 316, Data: 85 1F 45 11 20 19 38 7E
ID: 316, Data: 85 1F 41 11 20 19 38 7E
ID: A1, Data: 892 7A 82 7A 1E 0 0 0
ID: 316, Data: 85 1F 27 11 20 19 37 7E
ID: 316, Data: 85 1F 23 11 20 19 37 7E
ID: A0, Data: 82D 7C 23 11 38 27 2 0
ID: 43F, Data: 84D 45 60 FF 60 C0 12 0
ID: 316, Data: 85 1F 23 11 20 19 37 7E
ID: 43F, Data: 84D 45 60 FF 60 3C 15 0
ID: 316, Data: 85 1F AE 11 1F 19 36 7E
ID: A1, Data: 893 7A 84 7A 1E 0 0 0
ID: 43F, Data: 84D 45 60 FF 60 B4 15 0
ID: 43F, Data: 84D 45 60 FF 60 94 15 0
ID: 2A0, Data: 820 2 5D 1C 3D 0 17 0
ID: 316, Data: 85 1D EB 12 1D 18 35 7E
ID: 316, Data: 85 1D 49 13 1C 18 34 7E
ID: 43F, Data: 84D 45 60 FF 60 28 15 0
ID: 43F, Data: 84D 45 60 FF 60 4 15 0
ID: A0, Data: 828 7C 5C 13 35 27 2 0
ID: 316, Data: 85 1B 66 13 1B 18 33 7E
ID: 316, Data: 85 1B 5C 13 1B 18 33 7E
ID: 18F, Data: 8AA 2F 0 0 0 0 0 0
ID: 43F, Data: 845 45 60 FF 60 74 14 0
ID: 153, Data: 80 0 0 FF 0 FF 0 0
ID: 43F, Data: 845 45 60 FF 60 34 14 0
ID: 316, Data: 85 1B BA 12 1C 18 32 7E
ID: 2A0, Data: 840 2 5D 1C 3D 0 17 0
ID: 316, Data: 85 1B 8D 12 1C 19 31 7E
ID: 316, Data: 85 1B 8D 12 1C 19 31 7E
ID: A0, Data: 829 7C 8D 12 31 26 2 0
ID: 43F, Data: 845 45 60 FF 60 80 13 0
ID: 1F1, Data: 80 DC 77 51 17 7D E1 17
ID: 440, Data: 8E7 75 2F A0 FF AA AA AA
ID: 316, Data: 85 1B CC 12 1B 18 2F 7E
ID: 43F, Data: 845 45 60 FF 60 8 13 0
ID: 316, Data: 85 1A CC 12 1B 18 2F 7E
ID: 18F, Data: 8AA 2E 0 0 0 0 0 0
ID: 316, Data: 85 1A AC 12 1B 19 2E 7E
ID: 153, Data: 80 0 0 FF 0 FF 0 0
ID: 1F1, Data: 80 21 62 1 16 6B B1 16
ID: 316, Data: 85 1A 43 12 1B 19 2D 7E
ID: 316, Data: 85 1A C 12 1B 19 2D 7E
ID: 316, Data: 85 1A F4 11 1B 19 2D 7E
ID: 316, Data: 85 1A DB 11 1B 19 2C 7E
ID: 43F, Data: 84C 45 60 FF 60 FC 11 0
ID: 316, Data: 85 1A 8B 11 1C 19 2C 7E
ID: A1, Data: 88D 7A 9A 7B 1B 0 0 0
ID: 153, Data: 80 0 0 FF 0 FF 0 0
ID: 316, Data: 85 1A 23 11 1C 19 2B 7E
ID: 153, Data: 80 0 0 FF 0 FF 0 0
ID: 5F0, Data: 20 0
ID: 316, Data: 85 1B 77 11 1B 19 2A 7E
ID: 43F, Data: 84C 45 60 FF 60 64 15 0
ID: 440, Data: 8E7 85 29 A0 FF AA AA AA
ID: 153, Data: 80 0 0 FF 0 FF 0 0
ID: A1, Data: 88A 7A 98 7B 1B 0 0 0
ID: 329, Data: 8B B0 80 8 12 2D 0 26
ID: 545, Data: 8E4 32 0 8D 12 0 12 0
ID: 153, Data: 80 0 0 FF 0 FF 0 0
ID: 5F0, Data: 20 0
ID: A1, Data: 88B 7A 99 7B 1A 0 0 0
ID: 545, Data: 8E4 31 0 8D FD FF FD FF
ID: A1, Data: 88B 7A 99 7B 1A 0 0 0
ID: 153, Data: 80 0 0 FF 0 FF 0 0
ID: 316, Data: 85 18 3B 13 1A 19 26 7E
ID: 153, Data: 80 0 0 FF 0 FF 0 0
ID: 316, Data: 85 18 E7 12 1A 19 26 7E
ID: 316, Data: 85 18 A3 12 1A 19 25 7E
ID: 43F, Data: 84C 45 60 FF 60 B8 13 0
ID: 440, Data: 8E7 34 24 A0 FF AA AA AA
ID: 18F, Data: 8AA 2E 0 0 0 0 0 0
ID: 153, Data: 80 0 0 FF 0 FF 0 0
ID: 316, Data: 85 18 9F 11 1B 19 24 7E
ID: 153, Data: 80 0 0 FF 0 FF 0 0
ID: 316, Data: 85 19 60 11 1B 19 23 7E
ID: 153, Data: 80 0 0 FF 0 FF 0 0
ID: 153, Data: 80 0 0 FF 0 FF 0 0
ID: 316, Data: 85 19 C 11 1C 19 22 7E
ID: 43F, Data: 84B 45 60 FF 60 FC 11 0
ID: 440, Data: 8FE 34 21 A0 FF AA AA AA
ID: 153, Data: 80 0 0 FF 0 FF 0 0
ID: 329, Data: 8ED B0 80 8 12 2D 0 26
ID: 316, Data: 85 1A B8 10 1C 1A 21 7E
ID: 260, Data: 8B 1A 1C 30 0 FF 65 1
ID: 43F, Data: 84B 45 60 FF 60 FC 10 0
ID: 43F, Data: 84B 45 60 FF 60 D8 10 0
ID: 260, Data: 8B 1B 1C 30 0 FF 66 F
ID: 316, Data: 85 1A C0 10 1B 1A 1F 7E
ID: 316, Data: 85 1A 9C 10 1B 1A 1F 7E
ID: 5F0, Data: 20 0
ID: 43F, Data: 84B 45 60 FF 60 C 11 0
ID: 316, Data: 85 1A B5 10 1B 1A 1E 7E
ID: 545, Data: 8E4 2D 0 8D A 0 A 0
ID: 5F0, Data: 20 0
ID: 316, Data: 85 1A D2 10 1B 19 1D 7E
ID: 43F, Data: 84B 45 60 FF 60 60 11 0
ID: 316, Data: 85 1A 18 11 1B 19 1D 7E
ID: 153, Data: 80 0 0 FF 0 FF 0 0
ID: 316, Data: 85 1A 45 11 1A 19 1C 7E
ID: 316, Data: 85 1A 77 11 1A 19 1C 7E
ID: 316, Data: 85 19 9F 11 1A 19 1B 7E
ID: 43F, Data: 84B 45 60 FF 60 F0 12 0
ID: 316, Data: 85 19 F8 11 19 19 1B 7E
ID: 5F0, Data: 20 0
ID: 316, Data: 85 19 8 12 19 19 1A 7E
ID: 370, Data: 8FF E0 F0 F0 FF FF FF FF
ID: 2A0, Data: 880 1 5D 1C 3D 0 17 0
ID: 153, Data: 80 0 0 FF 0 FF 0 0
ID: 316, Data: 85 18 A6 11 19 19 19 7E
ID: 316, Data: 85 18 87 11 1A 19 19 7E
ID: 260, Data: 8B 19 1A 30 0 FF 6E 1A
ID: 43F, Data: 84B 45 60 FF 60 34 11 0
ID: 440, Data: 8FE 34 18 A0 FF AA AA AA
ID: 153, Data: 80 0 0 FF 0 FF 0 0
ID: 316, Data: 85 19 AA 10 1B 1A 18 7E
ID: 153, Data: 80 0 0 FF 0 FF 0 0
ID: A1, Data: 896 7B 8B 7B 1B 0 0 0
ID: 329, Data: 8B B0 80 8 12 2C 0 26
ID: 153, Data: 80 0 0 FF 0 FF 0 0
ID: 153, Data: 80 0 0 FF 0 FF 0 0
ID: 280, Data: 830 0 84 B0 1F 13 5D 39
ID: 43F, Data: 843 45 60 FF 60 B8 F 0
ID: A1, Data: 896 7B 88 7B 1B 0 0 0
ID: 316, Data: 85 1A 71 F 1C 1A 16 7E
ID: 316, Data: 85 1A 38 F 1D 1A 15 7E
ID: 329, Data: 8B B0 80 8 12 2C 0 26
ID: 43F, Data: 83 45 60 FF 60 C0 E 0
ID: 153, Data: 80 0 0 FF 0 FF 0 0
ID: 5F0, Data: 20 0
ID: 153, Data: 80 0 0 FF 0 FF 0 0
ID: 43F, Data: 83 45 60 FF 60 3C E 0
ID: 153, Data: 80 0 0 FF 0 FF 0 0
ID: 153, Data: 80 0 0 FF 0 FF 0 0
ID: A1, Data: 892 7B 85 7B 1D 0 0 0
ID: 329, Data: 8B B0 80 8 12 2C 0 26
ID: 370, Data: 8FF E0 F0 F0 FF FF FF FF
ID: 43F, Data: 83 45 60 FF 60 54 D 0
ID: 316, Data: 85 1B B E 1E 1B 13 7E
ID: 280, Data: 830 0 84 B0 1B 15 5D 3E
ID: 153, Data: 80 0 0 FF 0 FF 0 0
ID: 43F, Data: 83 45 60 FF 60 AC C 0
ID: 153, Data: 80 0 0 FF 0 FF 0 0
ID: 316, Data: 85 1C 57 D 20 1B 11 7E
ID: 153, Data: 80 0 0 FF 0 FF 0 0
ID: 153, Data: 80 0 0 FF 0 FF 0 0
ID: 316, Data: 85 1D DC C 21 1B 11 7E
ID: 370, Data: 8FF E0 F0 F0 FF FF FF FF
ID: 316, Data: 85 1E A8 C 21 1B 10 7E
ID: 153, Data: 80 0 0 FF 0 FF 0 0
ID: 153, Data: 80 0 0 FF 0 FF 0 0
ID: 316, Data: 85 1F 7C C 21 1B 10 7E
ID: 18F, Data: 8AA 2E 0 0 0 0 0 0
ID: 316, Data: 85 1F 52 C 22 1B F 7E
ID: 153, Data: 80 0 0 FF 0 FF 0 0
ID: 153, Data: 80 0 0 FF 0 FF 0 0
ID: 153, Data: 80 0 0 FF 0 FF 0 0
ID: 2A0, Data: 840 0 5D 1C 3D 0 17 0
ID: 316, Data: 85 20 D7 B 23 1B E 7E
ID: 2A0, Data: 880 0 5D 1C 3D 0 17 0
ID: 43F, Data: 83 45 60 FF 60 E8 9 0
ID: 153, Data: 80 0 0 FF 0 FF 0 0
ID: 153, Data: 80 0 0 FF 0 FF 0 0
ID: 316, Data: 85 21 42 B 24 1A D 7E
ID: 370, Data: 8FF E0 F0 F0 FF FF FF FF
ID: 316, Data: 85 21 4 B 24 1A D 7E
ID: 280, Data: 830 0 84 B0 16 19 5D 47
ID: 280, Data: 830 0 84 B0 15 19 5D 48
ID: 43F, Data: 83 45 60 FF 60 BC 8 0
ID: 329, Data: 8B B0 80 8 12 2B 0 26
ID: 260, Data: 8B 22 25 30 0 FF 71 10
ID: 153, Data: 80 0 0 FF 0 FF 0 0
ID: 153, Data: 80 0 0 FF 0 FF 0 0
ID: 370, Data: 8FF E0 F0 F0 FF FF FF FF
ID: 43F, Data: 83 45 60 FF 5F D0 7 0
ID: 316, Data: 85 22 D5 A 25 1A B 7E
ID: 2A0, Data: 880 0 5D 1C 3D 0 17 0
ID: A1, Data: 888 7B 92 7B 22 0 0 0
ID: 316, Data: 85 22 AD A 25 1A A 7E
ID: 153, Data: 80 0 0 FF 0 FF 0 0
ID: 316, Data: 85 23 A1 A 25 1A A 7E
ID: 153, Data: 80 0 0 FF 0 FF 0 0
ID: 153, Data: 80 0 0 FF 0 FF 0 0
ID: 43F, Data: 8A 45 60 FF 60 7C 6 0
ID: 153, Data: 80 0 0 FF 0 FF 0 0
ID: 43F, Data: 8A 45 60 FF 60 E4 7 0
ID: 153, Data: 80 0 0 FF 0 FF 0 0
ID: 316, Data: 85 23 7F A 26 1A 8 7E
ID: A0, Data: 834 7C 6A A 9 23 2 0
ID: 153, Data: 80 0 0 FF 0 FF 0 0
ID: 316, Data: 85 23 C0 A 25 1A 8 7E
ID: A0, Data: 833 7C A9 A 8 23 2 0
ID: 43F, Data: 82 45 60 FF 60 B8 7 0
ID: 153, Data: 80 0 0 FF 0 FF 0 0
ID: 43F, Data: 82 45 60 FF 60 48 7 0
ID: 153, Data: 80 0 0 FF 0 FF 0 0
ID: 153, Data: 80 0 0 FF 0 FF 0 0
ID: 153, Data: 80 0 0 FF 0 FF 0 0
ID: 370, Data: 8FF E0 F0 F0 FF FF FF FF
ID: 316, Data: 85 23 82 A 25 1A 6 7E
ID: 153, Data: 80 0 0 FF 0 FF 0 0
ID: 153, Data: 80 0 0 FF 0 FF 0 0
ID: 370, Data: 8FF E0 F0 F0 FF FF FF FF
ID: A1, Data: 884 7D 90 7D 23 0 0 0
ID: 316, Data: 85 23 38 A 26 19 5 7E
ID: 316, Data: 85 23 2C A 26 19 5 7E
ID: 280, Data: 830 0 84 B0 14 1A 5D 4B
ID: 18F, Data: 8AA 2E 0 0 0 0 0 0
ID: 153, Data: 80 0 0 FF 0 FF 0 0
ID: 316, Data: 85 24 19 A 26 19 4 7E
ID: 43F, Data: 82 45 60 FF 5F E8 3 0
ID: 43F, Data: 82 45 60 FF 60 C4 3 0
ID: 440, Data: 8C8 72 3 A0 FF AA AA AA
ID: 440, Data: 8C5 72 3 A0 FF AA AA AA
ID: 316, Data: 85 24 30 A 26 19 3 7E
ID: 316, Data: 85 24 3C A 26 19 3 7E
ID: 316, Data: 85 24 3E A 26 19 3 7E
ID: A0, Data: 835 7C 30 A 4 23 2 0
ID: 43F, Data: 82 45 60 FF 5F A0 2 0
ID: 43F, Data: 82 45 60 FF 60 78 2 0
ID: 153, Data: 80 0 0 FF 0 FF 0 0
ID: 153, Data: 80 0 0 FF 0 FF 0 0
ID: 316, Data: 85 24 3D A 26 19 2 7E
ID: A0, Data: 836 7C 3E A 3 23 2 0
ID: 316, Data: 85 24 35 A 26 19 2 7E
ID: 153, Data: 80 0 0 FF 0 FF 0 0
ID: 316, Data: 85 24 48 A 26 19 2 7E
ID: 43F, Data: 89 45 60 FF 5F 88 1 0
ID: 43F, Data: 89 45 60 FF 5F 64 1 0
ID: 440, Data: 8AF 72 1 A0 FF AA AA AA
ID: 316, Data: 85 24 45 A 26 19 1 7E
ID: 153, Data: 80 0 0 FF 0 FF 0 0
ID: 316, Data: 85 24 38 A 26 19 1 7E
ID: 153, Data: 80 0 0 FF 0 FF 0 0
ID: 316, Data: 85 24 29 A 26 19 1 7E
ID: 43F, Data: 89 45 60 FF 5F A4 0 0
ID: 370, Data: 8FF E0 F0 F0 FF FF FF FF
ID: 316, Data: 85 24 24 A 26 19 1 7E
ID: 153, Data: 80 0 0 FF 0 FF 0 0
ID: 316, Data: 85 24 29 A 26 19 1 7E
ID: 153, Data: 80 0 0 FF 0 FF 0 0
ID: 316, Data: 85 24 25 A 26 19 0 7E
ID: 440, Data: 8A6 72 0 A0 FF AA AA AA
ID: 153, Data: 80 0 0 FF 0 FF 0 0
ID: 316, Data: 85 24 2D A 26 19 0 7E
ID: 1F0, Data: 868 40 B5 BF 0 0 0 0
ID: 316, Data: 85 24 29 A 26 19 0 7E
ID: 316, Data: 85 24 28 A 26 19 0 7E
ID: 2A0, Data: 840 0 5D 1C 3D 0 17 0
ID: 316, Data: 85 24 36 A 26 19 0 7E
ID: 153, Data: 80 0 0 FF 0 FF 0 0
ID: 316, Data: 85 24 17 A 26 19 0 7E
ID: 153, Data: 80 0 0 FF 0 FF 0 0
ID: 153, Data: 80 0 0 FF 0 FF 0 0
ID: 43F, Data: 89 45 60 FF 5F 0 0 0
ID: 43F, Data: 89 45 60 FF 5F 0 0 0
ID: 43F, Data: 89 45 60 FF 5F 0 0 0
ID: 153, Data: 80 0 0 FF 0 FF 0 0
ID: 316, Data: 85 24 1B A 26 19 0 7E
ID: 153, Data: 80 0 0 FF 0 FF 0 0
ID: 153, Data: 80 0 0 FF 0 FF 0 0
ID: 440, Data: 8A6 E1 0 A0 FF AA AA AA
ID: 2A0, Data: 880 0 5D 1C 3D 0 17 0
ID: 440, Data: 8A6 E1 0 A0 FF AA AA AA
ID: 316, Data: 85 24 2E A 26 19 0 7E
ID: A0, Data: 834 7C 2D A 0 23 2 0
ID: 316, Data: 85 23 2C A 26 19 0 7E
ID: 153, Data: 80 0 0 FF 0 FF 0 0
ID: 316, Data: 85 23 21 A 26 19 0 7E
ID: 440, Data: 8A6 E1 0 A0 FF AA AA AA
ID: 153, Data: 80 0 0 FF 0 FF 0 0
ID: 316, Data: 85 23 1 A 26 19 0 7E
ID: 153, Data: 80 0 0 FF 0 FF 0 0
ID: 316, Data: 85 23 B A 26 19 0 7E
ID: 153, Data: 80 0 0 FF 0 FF 0 0
ID: 43F, Data: 81 45 60 FF 5F 0 0 0
ID: 153, Data: 80 0 0 FF 0 FF 0 0
ID: 153, Data: 80 0 0 FF 0 FF 0 0
ID: A1, Data: 87A 7F 86 7F 24 0 0 0
ID: 2A0, Data: 840 0 5D 1C 3D 0 17 0
ID: 18F, Data: 8AA 2F 0 0 0 0 0 0
ID: 43F, Data: 81 45 60 FF 60 0 0 0
ID: 260, Data: 8B 24 26 30 0 FF 74 1A
ID: A1, Data: 87A 7F 86 7F 24 0 0 0
ID: 43F, Data: 81 45 60 FF 5F 0 0 0
ID: 43F, Data: 81 45 60 FF 5F 0 0 0
ID: 153, Data: 80 0 0 FF 0 FF 0 0
ID: 5F0, Data: 20 0
ID: 153, Data: 80 0 0 FF 0 FF 0 0
ID: 43F, Data: 81 45 60 FF 60 0 0 0
ID: A1, Data: 880 7F 84 7F 24 0 0 0
ID: 316, Data: 85 23 13 A 26 19 0 7E
ID: 153, Data: 80 0 0 FF 0 FF 0 0
ID: 153, Data: 80 0 0 FF 0 FF 0 0
ID: 153, Data: 80 0 0 FF 0 FF 0 0
ID: 260, Data: 8B 24 26 30 0 FF 72 D
ID: 316, Data: 85 23 1C A 26 19 0 7E
ID: 260, Data: 8B 24 26 30 0 FF 72 2B
ID: 43F, Data: 81 45 60 FF 60 0 0 0
ID: 43F, Data: 81 45 60 FF 60 0 0 0
ID: 153, Data: 80 0 0 FF 0 FF 0 0
ID: 43F, Data: 81 45 60 FF 60 0 0 0
ID: 153, Data: 80 0 0 FF 0 FF 0 0
ID: 316, Data: 85 24 21 A 26 19 0 7E
ID: 153, Data: 80 0 0 FF 0 FF 0 0
ID: 153, Data: 80 0 0 FF 0 FF 0 0
ID: 153, Data: 80 0 0 FF 0 FF 0 0
ID: A0, Data: 835 7D 3C A 0 23 2 0
ID: 316, Data: 85 24 3A A 26 19 0 7E
ID: 316, Data: 85 24 26 A 26 19 0 7E
ID: 2A0, Data: 8E0 0 5D 1C 3D 0 17 0
ID: 153, Data: 80 0 0 FF 0 FF 0 0
ID: 153, Data: 80 0 0 FF 0 FF 0 0
ID: 153, Data: 80 0 0 FF 0 FF 0 0
ID: 280, Data: 830 0 84 B0 14 1A 5D 4C
ID: 316, Data: 85 23 2D A 26 19 0 7E
ID: 440, Data: 8A6 41 0 A0 FF AA AA AA
ID: 153, Data: 80 0 0 FF 0 FF 0 0
ID: 316, Data: 85 23 1D A 26 19 0 7E
ID: 153, Data: 80 0 0 FF 0 FF 0 0
ID: 316, Data: 85 23 2A A 26 19 0 7E
ID: 43F, Data: 81 45 60 FF 60 0 0 0
ID: 43F, Data: 81 45 60 FF 60 0 0 0
ID: 316, Data: 85 23 E A 26 19 0 7E
ID: 280, Data: 830 0 84 B0 14 1A 5D 4C
ID: 2A0, Data: 8E0 0 5D 1C 3D 0 17 0
ID: 153, Data: 80 0 0 FF 0 FF 0 0
ID: 316, Data: 85 23 1 A 26 19 0 7E
ID: 43F, Data: 81 45 60 FF 60 0 0 0
ID: 43F, Data: 81 45 60 FF 60 0 0 0
ID: 43F, Data: 81 45 60 FF 60 0 0 0
ID: 153, Data: 80 0 0 FF 0 FF 0 0
ID: 5F0, Data: 20 0
ID: 153, Data: 80 0 0 FF 0 FF 0 0
ID: 43F, Data: 81 45 60 FF 60 0 0 0
ID: 153, Data: 80 0 0 FF 0 FF 0 0
ID: 316, Data: 85 23 1D A 26 19 0 7E
ID: 260, Data: 8B 24 26 30 0 FF 72 1C
ID: A1, Data: 880 7F 7E 7F 24 0 0 0
ID: 316, Data: 85 23 1D A 26 19 0 7E
ID: 153, Data: 80 0 0 FF 0 FF 0 0
ID: 316, Data: 85 23 1F A 26 19 0 7E
ID: 316, Data: 85 23 2 A 26 19 0 7E
ID: 153, Data: 80 0 0 FF 0 FF 0 0
ID: 316, Data: 85 23 A A 27 19 0 7E
ID: 153, Data: 80 0 0 FF 0 FF 0 0
ID: 316, Data: 85 23 A A 26 19 0 7E
ID: 153, Data: 80 0 0 FF 0 FF 0 0
ID: 316, Data: 85 23 8 A 26 19 0 7E
ID: 153, Data: 80 0 0 FF 0 FF 0 0
ID: 153, Data: 80 0 0 FF 0 FF 0 0
ID: 43F, Data: 81 45 60 FF 60 0 0 0
ID: 2A0, Data: 880 0 5D 1C 3D 0 17 0
ID: 18F, Data: 8AA 2F 0 0 0 0 0 0
ID: 153, Data: 80 0 0 FF 0 FF 0 0
ID: 1F1, Data: 80 ED 0 0 0 0 0 0
ID: 316, Data: 85 22 F4 9 26 19 0 7E
ID: 43F, Data: 81 45 60 FF 60 0 0 0
ID: 43F, Data: 81 45 60 FF 60 0 0 0
ID: 316, Data: 85 21 E A 26 19 0 7E
ID: 316, Data: 85 21 F3 9 26 19 0 7E
ID: 316, Data: 85 22 C7 9 27 19 0 7E
ID: 545, Data: 8E4 1D 0 8C A5 0 A5 0
ID: 153, Data: 80 0 0 FF 0 FF 0 0
ID: 43F, Data: 81 45 60 FF 60 0 0 0
ID: 43F, Data: 81 45 60 FF 60 0 0 0
ID: 153, Data: 80 0 0 FF 0 FF 0 0
ID: 5F0, Data: 20 0
ID: 153, Data: 80 0 0 FF 0 FF 0 0
ID: 18F, Data: 8AA 30 0 0 0 0 0 0
ID: 316, Data: 85 23 FC 9 27 19 0 7E
ID: 316, Data: 85 23 DC 9 27 19 0 7E
ID: 316, Data: 85 24 DF 9 27 19 0 7E
ID: 260, Data: 8B 24 28 30 0 FF 76 34
ID: 316, Data: 85 24 FD 9 27 19 0 7E
ID: 153, Data: 80 0 0 FF 0 FF 0 0
ID: 316, Data: 85 24 F1 9 2E 22 0 7E
ID: 316, Data: 85 25 F9 9 2E 22 0 7E
ID: 153, Data: 80 0 0 FF 0 FF 0 0
ID: 280, Data: 830 0 84 B1 14 1D 5D 53
ID: 1F1, Data: 80 ED 0 0 0 0 0 0
ID: A0, Data: 83F 7D 40 A 0 25 1 0
ID: 370, Data: 8FF E0 F0 F0 FF FF FF FF
ID: 316, Data: 85 29 83 A 2C 22 0 7E
ID: 316, Data: 85 29 9C A 2C 22 0 7E
ID: 153, Data: 80 0 0 FF 0 FF 0 0
ID: 316, Data: 845 29 B4 A 2C 22 0 7E
ID: 316, Data: 845 29 BF A 2B 22 0 7E
ID: 153, Data: 80 0 0 FF 0 FF 0 0
ID: 153, Data: 80 0 0 FF 0 FF 0 0
ID: 329, Data: 8B B1 80 8 12 2D 0 26
ID: 316, Data: 845 2A 3D A 2D 22 0 7E
ID: 545, Data: 8E4 28 0 8D 8E 0 8E 0
ID: 153, Data: 80 0 0 FF 0 FF 0 0
ID: 316, Data: 845 2A 42 A 2C 22 0 7E
ID: 43F, Data: 81 45 60 FF 61 0 0 0
ID: 316, Data: 845 2A 55 A 2C 22 0 7E
ID: 370, Data: 8FF E0 F0 F0 FF FF FF FF
ID: 545, Data: 8E4 28 0 8D 8C 0 8C 0
ID: 316, Data: 845 2A 55 A 2C 22 0 7E
ID: 316, Data: 845 29 5A A 2C 22 0 7E
ID: A1, Data: 880 80 80 80 28 0 0 0
ID: 153, Data: 80 0 0 FF 0 FF 0 0
ID: 43F, Data: 81 45 60 FF 61 0 0 0
ID: 153, Data: 80 0 0 FF 0 FF 0 0
ID: 5F0, Data: 20 0
ID: A1, Data: 881 80 81 80 28 0 0 0
ID: 18F, Data: 8AA 34 0 0 0 0 0 0
ID: A1, Data: 881 80 81 80 28 0 0 0
ID: 329, Data: 840 B1 80 8 12 2C 0 26
ID: 545, Data: 8E4 26 0 8C 7B 0 7B 0
ID: 153, Data: 80 0 0 FF 0 FF 0 0
ID: 153, Data: 80 0 0 FF 0 FF 0 0
ID: 153, Data: 80 0 0 FF 0 FF 0 0
ID: A0, Data: 83C 7D 2E A 0 24 2 0
ID: 316, Data: 845 29 1F A 2D 22 0 7E
ID: 316, Data: 845 29 19 A 2D 22 0 7E
ID: A0, Data: 83C 7D 1F A 0 24 2 0
ID: 43F, Data: 81 45 60 FF 60 0 0 0
ID: 43F, Data: 81 45 60 FF 61 0 0 0
ID: 43F, Data: 81 45 60 FF 60 0 0 0
ID: 153, Data: 80 0 0 FF 0 FF 0 0
ID: 5F0, Data: 20 0
ID: 153, Data: 80 0 0 FF 0 FF 0 0
ID: 43F, Data: 81 45 60 FF 61 0 0 0
ID: 18F, Data: 8AA 37 0 0 0 0 0 0
ID: A0, Data: 83B 7D 29 A 0 24 2 0
ID: 329, Data: 840 B1 80 8 12 2C 0 26
ID: 153, Data: 80 0 0 FF 0 FF 0 0
ID: 370, Data: 8FF E0 F0 F0 FF FF FF FF
ID: 545, Data: 8E4 25 0 8D 7E 0 7E 0
ID: 316, Data: 845 29 25 A 2C 22 0 7E
ID: 316, Data: 845 29 10 A 2D 22 0 7E
ID: 18F, Data: 8AA 37 0 0 0 0 0 0
ID: 316, Data: 845 29 1B A 2D 22 0 7E
ID: 153, Data: 80 0 0 FF 0 FF 0 0
ID: 316, Data: 845 29 C A 2D 22 0 7E
ID: 153, Data: 80 0 0 FF 0 FF 0 0
ID: 153, Data: 80 0 0 FF 0 FF 0 0
ID: 43F, Data: 81 45 60 FF 61 0 0 0
ID: A0, Data: 83C 7D 8 A 0 24 2 0
ID: 153, Data: 80 0 0 FF 0 FF 0 0
ID: 280, Data: 830 0 84 B1 13 1D 5D 54
ID: 316, Data: 845 29 FC 9 2D 22 0 7E
ID: 153, Data: 80 0 0 FF 0 FF 0 0
ID: 153, Data: 80 0 0 FF 0 FF 0 0
ID: 1F0, Data: 868 40 B5 BF 0 0 0 0
ID: A0, Data: 83C 7D 2 A 0 24 2 0
ID: 153, Data: 80 0 0 FF 0 FF 0 0
ID: 280, Data: 830 0 84 B1 14 1D 5D 54
ID: 316, Data: 845 29 5 A 2D 22 0 7E
ID: 153, Data: 80 0 0 FF 0 FF 0 0
ID: 43F, Data: 81 45 60 FF 61 0 0 0
ID: 153, Data: 80 0 0 FF 0 FF 0 0
ID: 153, Data: 80 0 0 FF 0 FF 0 0
ID: 260, Data: 8B 2A 2D 30 0 FF 74 2C
ID: 370, Data: 8FF E0 F0 F0 FF FF FF FF
ID: 260, Data: 8B 2A 2E 30 0 FF 74 D
ID: 316, Data: 845 29 18 A 2D 22 0 7E
ID: 280, Data: 830 0 84 B1 14 1D 5D 54
ID: 43F, Data: 81 45 60 FF 61 0 0 0
ID: 370, Data: 8FF E0 F0 F0 FF FF FF FF
ID: 43F, Data: 81 45 60 FF 61 0 0 0
ID: 316, Data: 845 29 1D A 2D 22 0 7E
ID: 153, Data: 80 0 0 FF 0 FF 0 0
ID: 316, Data: 845 29 1B A 2D 22 0 7E
ID: 316, Data: 845 29 18 A 2D 22 0 7E
ID: 316, Data: 845 29 1C A 2D 22 0 7E
ID: 1F0, Data: 868 40 B5 BF 0 0 0 0
ID: 153, Data: 80 0 0 FF 0 FF 0 0
ID: 316, Data: 845 29 23 A 2D 22 0 7E
ID: 153, Data: 80 0 0 FF 0 FF 0 0
ID: 153, Data: 80 0 0 FF 0 FF 0 0
ID: 316, Data: 845 29 17 A 2D 22 0 7E
ID: 440, Data: 8AE E1 0 A0 FF AA AA AA
ID: 316, Data: 845 29 24 A 2D 22 0 7E
ID: 18F, Data: 8AA 39 0 0 0 0 0 0
ID: 153, Data: 80 0 0 FF 0 FF 0 0
ID: 153, Data: 80 0 0 FF 0 FF 0 0
ID: 440, Data: 8AE E1 0 A0 FF AA AA AA
ID: 316, Data: 845 29 3 A 2D 22 0 7E
ID: 153, Data: 80 0 0 FF 0 FF 0 0
ID: 153, Data: 80 0 0 FF 0 FF 0 0
ID: 153, Data: 80 0 0 FF 0 FF 0 0
ID: 2A0, Data: 8E0 0 5D 1C 3D 0 17 0
ID: 316, Data: 845 29 E9 9 2E 22 0 7E
ID: 2A0, Data: 820 0 5D 1C 3D 0 17 0
ID: 43F, Data: 81 45 60 FF 61 0 0 0
ID: 5F0, Data: 20 0
ID: 153, Data: 80 0 0 FF 0 FF 0 0
ID: 43F, Data: 81 45 60 FF 61 0 0 0
ID: 5F0, Data: 20 0
ID: 316, Data: 845 29 3 A 2D 22 0 7E
ID: 43F, Data: 81 45 60 FF 61 0 0 0
ID: 43F, Data: 81 45 60 FF 61 0 0 0
ID: 43F, Data: 81 45 60 FF 61 0 0 0
ID: 43F, Data: 81 45 60 FF 61 0 0 0
ID: 1F0, Data: 868 40 B5 BF 0 0 0 0
ID: 316, Data: 845 29 0 A 2E 22 0 7E
ID: 316, Data: 845 29 F0 9 2E 22 0 7E
ID: 545, Data: 8E4 25 0 8C 8C 0 8C 0
ID: 43F, Data: 81 45 60 FF 61 0 0 0
ID: 43F, Data: 81 45 60 FF 61 0 0 0
ID: 43F, Data: 81 45 60 FF 61 0 0 0
ID: 43F, Data: 81 45 60 FF 61 0 0 0
ID: 153, Data: 80 0 0 FF 0 FF 0 0
ID: 316, Data: 845 29 21 A 2D 22 0 7E
ID: 153, Data: 80 0 0 FF 0 FF 0 0
ID: 316, Data: 845 29 15 A 2D 22 0 7E
ID: 316, Data: 845 29 14 A 2D 22 0 7E
ID: 280, Data: 830 0 84 B1 14 1D 5D 55
ID: 153, Data: 80 0 0 FF 0 FF 0 0
ID: 370, Data: 8FF E0 F0 F0 FF FF FF FF
ID: 43F, Data: 81 45 60 FF 60 0 0 0
ID: 260, Data: 8B 2A 2E 30 0 FF 73 E
ID: 370, Data: 8FF E0 F0 F0 FF FF FF FF
ID: 316, Data: 845 2A 2E A 2D 22 0 7E
ID: 545, Data: 8E4 26 0 8C 95 0 95 0
ID: 43F, Data: 81 45 60 FF 61 0 0 0
ID: 43F, Data: 81 45 60 FF 61 0 0 0
ID: 5F0, Data: 20 0
ID: 316, Data: 845 2A 3C A 2D 22 0 7E
ID: 43F, Data: 81 45 60 FF 60 0 0 0
ID: 316, Data: 845 2A 31 A 2D 22 0 7E
ID: 329, Data: 884 B1 80 8 12 2C 0 26
ID: 545, Data: 8E4 26 0 8B 90 0 90 0
ID: 316, Data: 845 2A 30 A 2D 22 0 7E
ID: 153, Data: 80 0 0 FF 0 FF 0 0
ID: A0, Data: 83D 7D 23 A 0 24 2 0
ID: 316, Data: 845 2A 42 A 2D 22 0 7E
ID: 316, Data: 845 2A 41 A 2D 22 0 7E
ID: A1, Data: 87E 80 80 80 28 0 0 0
ID: 153, Data: 80 0 0 FF 0 FF 0 0
ID: 316, Data: 845 2A 40 A 2D 22 0 7E
ID: 153, Data: 80 0 0 FF 0 FF 0 0
ID: 316, Data: 845 29 3E A 2D 22 0 7E
ID: 153, Data: 80 0 0 FF 0 FF 0 0
ID: 316, Data: 845 29 42 A 2D 22 0 7E
ID: 43F, Data: 81 45 60 FF 61 0 0 0
ID: 316, Data: 845 29 42 A 2D 22 0 7E
ID: 280, Data: 830 0 84 B1 14 1D 5D 54
ID: 153, Data: 80 0 0 FF 0 FF 0 0
ID: 316, Data: 845 29 31 A 2D 22 0 7E
ID: 316, Data: 845 29 3D A 2D 22 0 7E
ID: 316, Data: 845 29 3C A 2D 22 0 7E
ID: 153, Data: 80 0 0 FF 0 FF 0 0
ID: 153, Data: 80 0 0 FF 0 FF 0 0
ID: 316, Data: 845 29 3A A 2D 22 0 7E
ID: 18F, Data: 8AA 3B 0 0 0 0 0 0
ID: 153, Data: 80 0 0 FF 0 FF 0 0
ID: 43F, Data: 81 45 60 FF 61 0 0 0
ID: 545, Data: 8E4 25 0 8B 8A 0 8A 0
ID: 260, Data: 8B 2A 2E 30 0 FF 71 1F
ID: 43F, Data: 81 45 60 FF 61 0 0 0
ID: 440, Data: 8AE 91 0 A0 FF AA AA AA
ID: 43F, Data: 81 45 60 FF 61 0 0 0
ID: 18F, Data: 8AA 3A 0 0 0 0 0 0
ID: 1F1, Data: 80 ED 0 0 0 0 0 0
ID: 329, Data: 840 B1 80 8 12 2C 0 26
ID: 316, Data: 845 2A 15 A 26 19 0 7E
ID: 329, Data: 884 B1 80 8 12 2C 0 26
ID: 43F, Data: 81 45 60 FF 61 0 0 0
ID: 316, Data: 845 29 2C A 26 19 0 7E
ID: 370, Data: 8FF E0 F0 F0 FF FF FF FF
ID: 329, Data: 8B B1 80 8 12 2B 0 26
ID: 316, Data: 845 28 24 A 27 19 0 7E
ID: 316, Data: 845 27 28 A 27 19 0 7E
ID: 260, Data: 8B 27 27 30 0 FF 74 34
ID: 153, Data: 80 0 0 FF 0 FF 0 0
ID: 153, Data: 80 0 0 FF 0 FF 0 0
ID: 43F, Data: 81 45 60 FF 61 0 0 0
ID: 153, Data: 80 0 0 FF 0 FF 0 0
ID: 316, Data: 85 25 85 A 26 19 0 7E
ID: A1, Data: 87E 7F 7E 7F 26 0 0 0
ID: 5F0, Data: 20 0
ID: 316, Data: 85 24 9D A 25 19 0 7E
ID: 43F, Data: 81 45 60 FF 61 0 0 0
ID: 5F0, Data: 20 0
ID: 153, Data: 80 0 0 FF 0 FF 0 0
ID: 43F, Data: 81 45 60 FF 61 0 0 0
ID: 5F0, Data: 20 0
ID: 153, Data: 80 0 0 FF 0 FF 0 0
ID: 43F, Data: 81 45 60 FF 61 0 0 0
ID: A0, Data: 835 7E 5C A 0 24 2 0
ID: A1, Data: 87D 7F 7D 7F 24 0 0 0
ID: 18F, Data: 8AA 3B 0 0 0 0 0 0
ID: 260, Data: 8B 24 27 30 0 FF 71 D
ID: 329, Data: 884 B1 80 8 12 2B 0 26
ID: 2A0, Data: 840 0 5D 1C 3D 0 17 0
ID: 153, Data: 80 0 0 FF 0 FF 0 0
ID: 316, Data: 85 23 4F A 26 19 0 7E
ID: 153, Data: 80 0 0 FF 0 FF 0 0
ID: 316, Data: 85 23 31 A 26 19 0 7E
ID: 43F, Data: 81 45 60 FF 61 0 0 0
ID: 43F, Data: 81 45 60 FF 61 0 0 0
ID: 43F, Data: 81 45 60 FF 61 0 0 0
ID: 153, Data: 80 0 0 FF 0 FF 0 0
ID: 316, Data: 85 23 29 A 26 19 0 7E
ID: 153, Data: 80 0 0 FF 0 FF 0 0
ID: 316, Data: 85 23 29 A 26 19 0 7E
ID: 316, Data: 85 23 34 A 26 19 0 7E
ID: 316, Data: 85 23 2C A 26 19 0 7E
ID: 329, Data: 840 B2 80 8 12 2B 0 26
ID: A1, Data: 87E 7F 80 7F 24 0 0 0
ID: 43F, Data: 81 45 60 FF 61 0 0 0
ID: 316, Data: 85 24 44 A 26 19 0 7E
ID: 153, Data: 80 0 0 FF 0 FF 0 0
ID: 5F0, Data: 20 0
ID: 153, Data: 80 0 0 FF 0 FF 0 0
ID: 1F1, Data: 80 ED 0 0 0 0 0 0
ID: 5F0, Data: 20 0
ID: 329, Data: 840 B2 80 8 12 2B 0 26
ID: 316, Data: 85 23 3E A 26 19 0 7E
ID: 153, Data: 80 0 0 FF 0 FF 0 0
ID: 153, Data: 80 0 0 FF 0 FF 0 0
ID: 153, Data: 80 0 0 FF 0 FF 0 0
ID: 370, Data: 8FF E0 F0 F0 FF FF FF FF
ID: 316, Data: 85 23 32 A 26 19 0 7E
ID: 153, Data: 80 0 0 FF 0 FF 0 0
ID: 153, Data: 80 0 0 FF 0 FF 0 0
ID: 43F, Data: 81 45 60 FF 61 0 0 0
ID: A1, Data: 880 7F 7D 7F 24 0 0 0
ID: 43F, Data: 81 45 60 FF 61 0 0 0
ID: 153, Data: 80 0 0 FF 0 FF 0 0
ID: 43F, Data: 81 45 60 FF 61 0 0 0
ID: A0, Data: 836 7E 34 A 0 23 2 0
ID: A0, Data: 836 7E 34 A 0 23 2 0
ID: 545, Data: 8E4 21 0 8D BF 0 BF 0
ID: 2A0, Data: 8E0 0 5D 1C 3D 0 17 0
ID: 370, Data: 8FF E0 F0 F0 FF FF FF FF
ID: 153, Data: 80 0 0 FF 0 FF 0 0
ID: 2A0, Data: 8E0 0 5D 1C 3D 0 17 0
ID: 316, Data: 85 24 65 A 25 19 0 7E
ID: 545, Data: 8E4 23 0 8D C7 0 C7 0
ID: 1F0, Data: 868 40 B5 BF 0 0 0 0
ID: 153, Data: 80 0 0 FF 0 FF 0 0
ID: 153, Data: 80 0 0 FF 0 FF 0 0
ID: 440, Data: 8B9 91 0 A0 FF AA AA AA
ID: 2A0, Data: 8C1 1 5D 1C 3D 0 17 0
ID: 440, Data: 8BD 91 1 A0 FF AA AA AA
ID: 316, Data: 85 42 DA B 63 18 0 7E
ID: A0, Data: 86C 7E 94 B 1 2C 2 0
ID: 5F0, Data: 20 0
ID: A1, Data: 880 77 80 7B 35 0 0 0
ID: 153, Data: 80 0 0 FF 0 FF 0 0
ID: 5F0, Data: 20 0
ID: 2A0, Data: 8A1 4 5E 1C 3D 0 17 0
ID: 1F0, Data: 868 40 B5 BF 0 0 0 0
ID: A1, Data: 880 76 81 7B 37 0 0 0
ID: 153, Data: 80 0 0 FF 0 FF 0 0
ID: 316, Data: 85 4D 19 14 56 13 2 7E
ID: 260, Data: 8B 4F 56 30 0 FF B7 4
ID: 153, Data: 80 0 0 FF 0 FF 0 0
ID: 5F0, Data: 20 0
ID: 153, Data: 80 0 0 FF 0 FF 0 0
ID: 153, Data: 80 0 0 FF 0 FF 0 0
ID: 545, Data: 8E4 94 0 8D 31 4 31 4
ID: 316, Data: 85 4F 25 17 53 13 5 7E
ID: 18F, Data: 8AA 37 0 0 0 0 0 0
ID: 316, Data: 85 4D 95 17 52 13 6 7E
ID: 43F, Data: 81 45 60 FF 61 48 F 0
ID: 316, Data: 85 4C E5 17 52 13 6 7E
ID: 316, Data: 85 4D 2 18 52 12 7 7E
ID: 260, Data: 8B 4D 52 30 0 FF C2 3B
ID: 316, Data: 85 4E 8A 18 51 12 8 7E
ID: 316, Data: 85 4F D8 18 51 12 8 7E
ID: 153, Data: 80 0 0 FF 0 FF 0 0
ID: 153, Data: 80 0 0 FF 0 FF 0 0
ID: 545, Data: 8E4 9B 0 8D 1B 4 1B 4
ID: 316, Data: 85 4D 74 1A 4F 13 A 7E
ID: 545, Data: 8E4 9C 0 8D B 4 B 4
ID: 5F0, Data: 20 0
ID: 153, Data: 80 0 0 FF 0 FF 0 0
ID: A0, Data: 85A 7E 78 1B B 35 2 0
ID: 280, Data: 830 0 88 B2 38 2E 5D 7D
ID: 545, Data: 8E4 AB 0 8D F2 3 F2 3
ID: 316, Data: 85 4C C6 1C 50 13 C 7E
ID: 153, Data: 80 0 0 FF 0 FF 0 0
ID: 545, Data: 8E4 B6 0 8D F8 3 F8 3
ID: 5F0, Data: 20 0
ID: 316, Data: 85 4C D1 1E 53 13 D 7E
ID: 316, Data: 85 4C 4C 1F 54 13 D 7E
ID: A0, Data: 859 7E 7 1E D 37 2 0
ID: 316, Data: 85 51 85 20 56 13 E 7E
ID: 153, Data: 80 0 0 FF 0 FF 0 0
ID: 316, Data: 85 52 8E 21 57 13 E 7E
ID: 43F, Data: 8A 45 60 FF 60 4C 1F 0
ID: 329, Data: 8ED B2 80 8 11 45 2C 26
ID: 153, Data: 80 0 0 FF 0 FF 0 0
ID: 153, Data: 80 0 0 FF 0 FF 0 0
ID: 316, Data: 85 56 B6 23 58 13 10 7E
ID: 153, Data: 80 0 0 FF 0 FF 0 0
ID: 316, Data: 85 48 90 24 58 13 10 7E
ID: 440, Data: 8FE 41 10 A0 FF AA AA AA
ID: 2A0, Data: 8C1 13 5D 1C 3D 0 17 0
ID: 316, Data: 85 3E 5D 24 63 13 11 7E
ID: 316, Data: 85 3F C7 23 63 13 11 7E
ID: 153, Data: 80 0 0 FF 0 FF 0 0
ID: 316, Data: 85 47 6C 22 65 12 12 7E
ID: 153, Data: 80 0 0 FF 0 FF 0 0
ID: 153, Data: 80 0 0 FF 0 FF 0 0
ID: 316, Data: 85 4E 0 21 67 12 12 7E
ID: 43F, Data: 8A 45 60 4F 61 AC 1B 0
ID: 370, Data: 8FF E0 F0 F0 FF FF FF FF
ID: 153, Data: 80 0 0 FF 0 FF 0 0
ID: 329, Data: 8B B2 80 8 11 48 34 26
ID: 316, Data: 85 50 88 1E 6D 12 14 7E
ID: 2A0, Data: 8C1 18 5D 1C 3D 0 17 0
ID: 43F, Data: 8A 45 60 FF 60 7C 18 0
ID: 43F, Data: 8A 45 60 FF 60 DC 18 0
ID: 43F, Data: 8A 45 60 FF 60 1C 19 0
ID: 316, Data: 85 69 F2 1F 72 12 16 7E
ID: 316, Data: 85 6B 1A 20 72 12 16 7E
ID: 43F, Data: 8A 45 60 FF 61 40 1A 0
ID: 43F, Data: 8A 45 60 FF 61 A0 1A 0
ID: 43F, Data: 8A 45 60 FF 60 0 1B 0
ID: A1, Data: 880 7E 7F 7F 47 0 0 0
ID: 153, Data: 80 0 0 FF 0 FF 0 0
ID: 316, Data: 85 70 21 22 73 12 18 7E
ID: 370, Data: 8FF E0 F0 F0 FF FF FF FF
ID: 153, Data: 80 0 0 FF 0 FF 0 0
ID: 43F, Data: 82 45 60 FF 61 74 1D 0
ID: 153, Data: 80 0 0 FF 0 FF 0 0
ID: 316, Data: 85 71 45 23 72 12 1A 7E
ID: 153, Data: 80 0 0 FF 0 FF 0 0
ID: 153, Data: 80 0 0 FF 0 FF 0 0
ID: 316, Data: 85 71 F8 23 72 12 1B 7E
ID: 440, Data: 8FE 72 1B A0 FF AA AA AA
ID: 316, Data: 85 70 7F 24 71 12 1C 7E
ID: 153, Data: 80 0 0 FF 0 FF 0 0
ID: 329, Data: 8ED B2 80 8 11 4D 3C 26
ID: 316, Data: 85 6F F7 24 71 12 1D 7E
ID: 43F, Data: 82 45 60 FF 61 74 21 0
ID: 316, Data: 85 6E 86 25 71 12 1D 7E
ID: 280, Data: 830 0 88 B2 4B 43 5D 92
ID: 153, Data: 80 0 0 FF 0 FF 0 0
ID: 316, Data: 85 6E 9C 26 70 13 1E 7E
ID: 5F0, Data: 20 0
ID: 2A0, Data: 8A1 23 5D 1C 3D 0 17 0
ID: 2A0, Data: 81 24 5D 1C 3D 0 17 0
ID: A1, Data: 880 7E 7F 7F 44 0 0 0
ID: 5F0, Data: 20 0
ID: 153, Data: 80 0 0 FF 0 FF 0 0
ID: 316, Data: 85 6D 3D 28 6F 13 20 7E
ID: 5F0, Data: 20 0
ID: 316, Data: 85 6D D0 28 6E 13 21 7E
ID: 43F, Data: 8B 45 60 FF 61 B0 25 0
ID: A0, Data: 87C 7D 7C 28 21 43 2 0
ID: 153, Data: 80 0 0 FF 0 FF 0 0
ID: 316, Data: 85 6C 7E 29 6E 14 22 7E
ID: 153, Data: 80 0 0 FF 0 FF 0 0
ID: 329, Data: 840 B1 80 8 11 4E 3C 26
ID: 316, Data: 85 6D 1A 2A 6E 14 22 7E
ID: 5F0, Data: 20 0
ID: 316, Data: 85 58 AA 29 72 14 23 7E
ID: 43F, Data: 8B 45 60 55 60 B4 25 0
ID: 18F, Data: 8AA 34 0 0 0 0 0 0
ID: 153, Data: 80 0 0 FF 0 FF 0 0
ID: 260, Data: 8B 75 76 30 0 FF 6A B
ID: 545, Data: 8E4 57 1 8D D 5 FB 6
ID: 43F, Data: 8B 45 60 60 61 3C 20 0
ID: 1F1, Data: 80 BA 27 61 12 2E E1 12
ID: 440, Data: 8FE 72 25 A0 FF AA AA AA
ID: 329, Data: 884 B1 80 8 11 4E 40 26
ID: 316, Data: 85 69 D7 22 7A 11 25 7E
ID: 260, Data: 8B 7E 7B 30 0 FF 6C 1A
ID: 316, Data: 85 64 B8 22 7A 12 26 7E
ID: 316, Data: 85 68 7B 22 7B 12 26 7E
ID: 153, Data: 80 0 0 FF 0 FF 0 0
ID: 43F, Data: 8B 45 60 7A 61 A8 1C 0
ID: 153, Data: 80 0 0 FF 0 FF 0 0
ID: 316, Data: 85 78 55 23 7B 12 27 7E
ID: 316, Data: 85 78 76 23 7A 12 27 7E
ID: A0, Data: 884 7D 76 23 28 43 2 0
ID: 316, Data: 85 77 96 23 7A 12 28 7E
ID: 316, Data: 85 78 B6 23 7A 12 28 7E
ID: 153, Data: 80 0 0 FF 0 FF 0 0
ID: 316, Data: 85 78 E8 23 7A 12 28 7E
ID: 153, Data: 80 0 0 FF 0 FF 0 0
ID: 280, Data: 830 0 88 B1 48 49 5D 98
ID: 316, Data: 85 78 4C 24 7A 12 29 7E
ID: 43F, Data: 83 45 60 FF 61 9C 1E 0
ID: 43F, Data: 83 45 60 FF 61 D4 1E 0
ID: 545, Data: 8E4 52 1 8D E 7 E 7
ID: 316, Data: 85 78 C3 24 7A 12 2A 7E
ID: 260, Data: 8B 79 7B 30 0 FF A8 2E
ID: 153, Data: 80 0 0 FF 0 FF 0 0
ID: 2A0, Data: 8A1 30 5D 1C 3D 0 17 0
ID: 316, Data: 85 78 2C 25 7B 12 2B 7E
ID: 260, Data: 8B 78 7C 30 0 FF A9 3C
ID: 316, Data: 85 77 74 25 7B 12 2C 7E
ID: 329, Data: 8B B1 80 8 11 4F 40 26
ID: 316, Data: 85 78 AA 25 7B 12 2C 7E
ID: 316, Data: 85 79 BC 25 7B 12 2D 7E
ID: 18F, Data: 8AA 32 0 0 0 0 0 0
ID: 43F, Data: 83 45 60 FF 61 34 21 0
ID: 153, Data: 80 0 0 FF 0 FF 0 0
ID: 316, Data: 85 7A 50 26 7B 12 2E 7E
ID: 316, Data: 85 7B 63 26 7B 12 2E 7E
ID: 545, Data: 8E4 7C 1 8D 45 7 45 7
ID: 43F, Data: 83 45 60 FF 61 18 22 0
ID: 153, Data: 80 0 0 FF 0 FF 0 0
ID: 280, Data: 830 0 88 B0 4D 4A 5D 9A
ID: 43F, Data: 83 45 60 FF 61 98 22 0
ID: A1, Data: 87F 7E 7E 7F 48 0 0 0
ID: 316, Data: 85 7A 10 27 7B 13 30 7E
ID: 153, Data: 80 0 0 FF 0 FF 0 0
ID: 2A0, Data: 8C1 34 5D 1C 3D 0 17 0
ID: 316, Data: 85 79 86 27 7B 13 30 7E
ID: A1, Data: 87E 7E 7F 7F 48 0 0 0
ID: 316, Data: 85 79 C2 27 7B 13 31 7E
ID: 316, Data: 85 79 D7 27 7B 13 31 7E
ID: 260, Data: 8B 7A 7B 30 0 FF AA D
ID: 316, Data: 85 79 14 28 7A 13 31 7E
ID: 316, Data: 85 7A 67 28 7A 13 32 7E
ID: 43F, Data: 83 45 60 FF 61 98 24 0
ID: 316, Data: 85 7A A6 28 7A 13 32 7E
ID: 2A0, Data: 861 35 5D 1C 3D 0 17 0
ID: 316, Data: 85 7A E6 28 7A 13 33 7E
ID: 316, Data: 85 79 11 29 7A 14 33 7E
ID: A1, Data: 880 7D 80 7D 47 0 0 0
ID: 43F, Data: 8C 45 60 FF 61 A0 25 0
ID: 316, Data: 85 7A 7E 29 7A 14 34 7E
ID: A1, Data: 87F 7D 80 7D 46 0 0 0
ID: 316, Data: 85 79 D7 29 79 14 34 7E
ID: 153, Data: 80 0 0 FF 0 FF 0 0
ID: A0, Data: 889 7C D7 29 35 46 2 0
ID: 316, Data: 85 78 1A 2A 79 14 35 7E
ID: 153, Data: 80 0 0 FF 0 FF 0 0
ID: 316, Data: 85 78 48 2A 79 14 35 7E
ID: 5F0, Data: 20 0
ID: 316, Data: 85 78 A4 2A 79 14 35 7E
ID: 43F, Data: 8C 45 60 FF 61 C 27 0
ID: 370, Data: 8FF E0 F0 F0 FF FF FF FF
ID: 153, Data: 80 0 0 FF 0 FF 0 0
ID: 316, Data: 85 78 BC 2A 79 14 36 7E
ID: 316, Data: 85 68 31 2A 79 14 36 7E
ID: 43F, Data: 8C 45 60 64 62 50 25 0
ID: 43F, Data: 8C 45 60 65 62 FC 23 0
ID: 2A0, Data: 8A1 38 5D 1C 3D 0 17 0
ID: 5F0, Data: 20 0
ID: 316, Data: 85 74 E6 24 7E 12 37 7E
ID: 316, Data: 85 7A 90 24 7E 12 37 7E
ID: 280, Data: 830 0 88 AF 49 51 5D 9E
ID: 153, Data: 80 0 0 FF 0 FF 0 0
ID: 280, Data: 830 0 88 AF 4B 4E 5D 9C
ID: 316, Data: 85 80 98 25 7E 12 38 7E
ID: 153, Data: 80 0 0 FF 0 FF 0 0
ID: 316, Data: 85 7E 74 25 7E 12 38 7E
ID: 5F0, Data: 20 0
ID: 329, Data: 8B AF 80 8 11 50 41 26
ID: 43F, Data: 84 45 60 FF 62 3C 1F 0
ID: 2A0, Data: 8A1 39 5D 1C 3D 0 17 0
ID: 153, Data: 80 0 0 FF 0 FF 0 0
ID: 316, Data: 85 7E 86 25 7F 12 39 7E
ID: 316, Data: 85 7E AA 25 7D 12 3A 7E
ID: 18F, Data: 8AA 30 0 0 0 0 0 0
ID: 43F, Data: 84 45 60 FF 63 CC 1F 0
ID: 5F0, Data: 20 0
ID: 153, Data: 80 0 0 FF 0 FF 0 0
ID: 1F0, Data: 868 40 B5 BF 0 0 0 0
ID: 43F, Data: 8D 45 60 FF 62 28 20 0
ID: 153, Data: 80 0 0 FF 0 FF 0 0
ID: 153, Data: 80 0 0 FF 0 FF 0 0
ID: 316, Data: 85 76 9 24 73 12 3B 7E
ID: 153, Data: 80 0 0 FF 0 FF 0 0
ID: 5F0, Data: 20 0
ID: 153, Data: 80 0 0 FF 0 FF 0 0
ID: 316, Data: 85 75 9 24 74 12 3C 7E
ID: A0, Data: 885 7B C7 23 3C 42 2 0
ID: 316, Data: 85 74 F8 23 74 12 3C 7E
ID: 316, Data: 85 73 E8 23 74 12 3C 7E
ID: A0, Data: 882 7B F8 23 3C 42 2 0
ID: 43F, Data: 8D 45 60 FF 62 D0 20 0
ID: 43F, Data: 8D 45 60 FF 61 E8 20 0
ID: 2A0, Data: 861 39 5D 1C 3D 0 17 0
ID: 316, Data: 85 5A 65 23 75 12 3D 7E
ID: 316, Data: 85 57 12 22 76 12 3D 7E
ID: 43F, Data: 8D 45 60 59 61 24 1E 0
ID: 43F, Data: 8D 45 60 5C 61 28 1D 0
ID: 545, Data: 8E4 38 1 8D 4C 5 85 7
ID: 5F0, Data: 20 0
ID: 153, Data: 80 0 0 FF 0 FF 0 0
ID: 316, Data: 85 64 2A 1E 7A 11 3D 7E
ID: 5F0, Data: 20 0
ID: 316, Data: 85 63 3D 1D 7B 11 3D 7E
ID: 153, Data: 80 0 0 FF 0 FF 0 0
ID: 260, Data: 8B 80 7D 30 0 FF 5E 23
ID: 329, Data: 840 AE 80 8 11 4B 38 26
ID: 43F, Data: 84D 45 60 FF 61 9C 19 0
ID: 316, Data: 85 80 87 1C 7D 11 3E 7E
ID: A1, Data: 87E 7A 7D 7D 4A 0 0 0
ID: 43F, Data: 84D 45 60 FF 62 C4 19 0
ID: 43F, Data: 84D 45 60 FF 61 B4 19 0
ID: 260, Data: 8B 7D 7F 30 0 FF 97 37
ID: 316, Data: 85 7C 21 1C 7E 11 3E 7E
ID: 316, Data: 85 7C 21 1C 7E 11 3F 7E
ID: 43F, Data: 845 45 60 FF 61 EC 19 0
ID: 316, Data: 85 7D 2B 1C 80 11 3F 7E
ID: 153, Data: 80 0 0 FF 0 FF 0 0
ID: 316, Data: 85 7E 17 1C 81 11 3F 7E
ID: 316, Data: 85 7F C 1C 82 11 3F 7E
ID: 2A0, Data: 8C1 39 5C 1C 3D 0 17 0
ID: 43F, Data: 845 45 60 FF 61 40 1A 0
ID: 43F, Data: 845 45 60 FF 62 34 1A 0
ID: 260, Data: 8B 83 83 30 0 FF 91 22
ID: 5F0, Data: 20 0
ID: 316, Data: 85 83 C 1C 82 11 40 7E
ID: 316, Data: 85 83 17 1C 82 11 40 7E
ID: A1, Data: 87D 79 7E 7D 4C 0 0 0
ID: 5F0, Data: 20 0
ID: 316, Data: 85 83 DA 1B 83 11 40 7E
ID: 316, Data: 85 83 D1 1B 83 11 40 7E
ID: 260, Data: 8B 85 85 30 0 FF 8F 3
ID: 153, Data: 80 0 0 FF 0 FF 0 0
ID: 316, Data: 85 84 E4 1B 84 11 41 7E
ID: 43F, Data: 845 45 60 FF 61 BC 1A 0
ID: 280, Data: 830 0 88 AE 37 52 5C A2
ID: 153, Data: 80 0 0 FF 0 FF 0 0
ID: 316, Data: 85 84 F8 1B 84 11 41 7E
ID: 316, Data: 85 84 C 1C 85 11 41 7E
ID: A1, Data: 87C 79 7E 7D 4D 0 0 0
ID: 43F, Data: 845 45 60 FF 61 C 1B 0
ID: 1F1, Data: 80 53 9 62 20 12 62 21
ID: 1F0, Data: 869 40 B5 BF 0 0 0 0
ID: 370, Data: 8FF E1 F0 F0 FF FF FF FF
ID: 440, Data: 8E0 25 42 A0 FF AA AA AA
ID: 316, Data: 85 85 17 1C 85 11 42 7E
ID: 43F, Data: 845 45 60 FF 61 68 1B 0
ID: 440, Data: 8E0 75 42 A0 FF AA AA AA
ID: 316, Data: 85 85 35 1C 85 11 42 7E
ID: 329, Data: 840 AE 80 8 11 4D 3C 26
ID: 43F, Data: 845 45 60 FF 61 6C 1B 0
ID: 316, Data: 85 85 5E 1C 85 11 43 7E
ID: 153, Data: 80 0 0 FF 0 FF 0 0
ID: 153, Data: 80 0 0 FF 0 FF 0 0
ID: 316, Data: 85 85 5E 1C 85 11 43 7E
ID: 5F0, Data: 20 0
ID: 316, Data: 85 85 73 1C 85 11 43 7E
ID: 153, Data: 80 0 0 FF 0 FF 0 0
ID: 153, Data: 80 0 0 FF 0 FF 0 0
ID: 545, Data: 8E4 26 1 8D 8 8 8 8
ID: 316, Data: 85 85 C6 1C 85 11 44 7E
ID: 316, Data: 85 85 BC 1C 85 11 44 7E
ID: A1, Data: 880 79 80 7D 4D 0 0 0
ID: 43F, Data: 845 45 60 FF 61 20 1C 0
ID: 43F, Data: 845 45 60 FF 61 28 1C 0
ID: 545, Data: 8E4 2A 1 8D C 8 C 8
ID: 316, Data: 85 85 F1 1C 85 11 44 7E
ID: 153, Data: 80 0 0 FF 0 FF 0 0
ID: 280, Data: 830 0 88 AE 3A 52 5C A4
ID: 316, Data: 85 85 11 1D 85 11 45 7E
ID: A1, Data: 881 79 7F 7D 4D 0 0 0
ID: 316, Data: 85 85 48 1D 85 11 45 7E
ID: 1F0, Data: 868 40 B5 BF 0 0 0 0
ID: 1F0, Data: 868 40 B5 BF 0 0 0 0
ID: 43F, Data: 845 45 60 FF 61 A0 1C 0
ID: 43F, Data: 845 45 60 FF 61 A8 1C 0
ID: 316, Data: 85 86 5E 1D 7E 11 45 7E
ID: 153, Data: 80 0 0 FF 0 FF 0 0
ID: 316, Data: 85 81 74 1D 7C 11 46 7E
ID: 316, Data: 85 81 5E 1D 7A 11 46 7E
ID: 329, Data: 8B AE 80 8 11 4B 32 26
ID: 43F, Data: 84E 45 60 FF 61 F4 1C 0
ID: 316, Data: 85 7C 5E 1D 72 11 46 7E
ID: A1, Data: 882 79 7F 7D 4A 0 0 0
ID: 316, Data: 85 75 48 1D 72 12 46 7E
ID: 153, Data: 80 0 0 FF 0 FF 0 0
ID: 153, Data: 80 0 0 FF 0 FF 0 0
ID: 280, Data: 830 0 88 AE 3A 45 5C 93
ID: 316, Data: 85 70 53 1D 72 12 47 7E
ID: 153, Data: 80 0 0 FF 0 FF 0 0
ID: 153, Data: 80 0 0 FF 0 FF 0 0
ID: 316, Data: 85 71 8A 1D 69 12 47 7E
ID: 153, Data: 80 0 0 FF 0 FF 0 0
ID: 316, Data: 85 70 B7 1D 5F 12 47 7E
ID: 316, Data: 85 6D C3 1D 5E 12 47 7E
ID: 316, Data: 85 6A C3 1D 5F 12 47 7E
ID: 43F, Data: 84E 45 60 5E 61 6C 1D 0
ID: 316, Data: 85 53 69 1D 5F 13 47 7E
ID: 153, Data: 80 0 0 FF 0 FF 0 0
ID: 316, Data: 85 4E 3F 1C 60 13 47 7E
ID: 153, Data: 80 0 0 FF 0 FF 0 0
ID: 280, Data: 830 0 88 AE 36 3D 5C 90
ID: 316, Data: 85 50 59 1A 63 13 47 7E
ID: 43F, Data: 84E 45 60 63 61 70 17 0
ID: 43F, Data: 84E 45 60 66 61 84 17 0
ID: A1, Data: 882 79 7F 7D 47 0 0 0
ID: 316, Data: 85 6A 8A 18 65 12 48 7E
ID: 316, Data: 85 6A 6B 18 65 12 48 7E
ID: 43F, Data: 84E 45 60 FF 61 7C 17 0
ID: 43F, Data: 84E 45 60 FF 61 90 17 0
ID: A0, Data: 873 7B 54 18 48 39 2 0
ID: 153, Data: 80 0 0 FF 0 FF 0 0
ID: 316, Data: 85 68 11 18 67 12 48 7E
ID: 153, Data: 80 0 0 FF 0 FF 0 0
ID: 2A0, Data: 861 34 5C 1C 3D 0 17 0
ID: 316, Data: 85 66 63 18 6E 12 48 7E
ID: 260, Data: 8B 68 6F 30 0 FF A3 13
ID: 43F, Data: 846 45 60 FF 61 A8 17 0
ID: 329, Data: 884 AE 80 8 11 45 2B 26
ID: 316, Data: 85 6D 11 18 70 11 48 7E
ID: 316, Data: 85 6F 3E 18 70 11 48 7E
ID: 43F, Data: 846 45 60 FF 61 BC 17 0
ID: 43F, Data: 846 45 60 FF 61 C8 17 0
ID: A1, Data: 881 79 7D 7D 4A 0 0 0
ID: 153, Data: 80 0 0 FF 0 FF 0 0
ID: 316, Data: 85 6F 82 18 72 11 48 7E
ID: 153, Data: 80 0 0 FF 0 FF 0 0
ID: 545, Data: 8E4 CF 0 8D 81 6 81 6
ID: 316, Data: 85 6F 4D 18 72 11 49 7E
ID: 329, Data: 8ED AE 80 8 11 46 2C 26
ID: 316, Data: 85 70 54 18 72 11 49 7E
ID: 316, Data: 85 71 63 18 73 11 49 7E
ID: 5F0, Data: 20 0
ID: 316, Data: 85 71 82 18 73 11 49 7E
ID: 316, Data: 85 71 82 18 73 11 49 7E
ID: 43F, Data: 846 45 60 FF 61 F8 17 0
ID: 153, Data: 80 0 0 FF 0 FF 0 0
ID: 18F, Data: 8AA 2F 0 0 0 0 0 0
ID: 316, Data: 85 71 8A 18 73 11 49 7E
ID: 43F, Data: 846 45 60 FF 61 8 18 0
ID: 260, Data: 8B 72 74 30 0 FF 99 2C
ID: 5F0, Data: 20 0
ID: 316, Data: 85 72 82 18 74 11 49 7E
ID: 153, Data: 80 0 0 FF 0 FF 0 0
ID: 153, Data: 80 0 0 FF 0 FF 0 0
ID: 280, Data: 830 0 88 AE 30 47 5C 9F
ID: 316, Data: 85 72 4D 18 74 11 4A 7E
ID: 153, Data: 80 0 0 FF 0 FF 0 0
ID: 440, Data: 8FE 16 49 A0 FF AA AA AA
ID: 43F, Data: 886 45 60 FF 61 44 18 0
ID: 2A0, Data: 81 31 5C 1C 3D 0 17 0
ID: 153, Data: 80 0 0 FF 0 FF 0 0
ID: 316, Data: 85 73 73 18 75 11 4A 7E
ID: 153, Data: 80 0 0 FF 0 FF 0 0
ID: 280, Data: 830 0 88 AE 30 47 5C 9F
ID: 316, Data: 85 72 82 18 75 11 4A 7E
ID: 43F, Data: 886 45 60 FF 61 58 18 0
ID: 316, Data: 85 72 8A 18 6E 11 4A 7E
ID: A1, Data: 882 79 7F 7D 4B 0 0 0
ID: 316, Data: 85 71 82 18 69 11 4A 7E
ID: 316, Data: 85 70 82 18 69 11 4A 7E
ID: A0, Data: 87D 7B 82 18 4B 3A 2 0
ID: 43F, Data: 886 45 60 FF 61 60 18 0
ID: 316, Data: 85 6A 8A 18 6A 12 4B 7E
ID: 370, Data: 8FF E3 F0 F0 FF FF FF FF
ID: 316, Data: 85 69 82 18 6A 12 4B 7E
ID: 43F, Data: 886 45 60 FF 61 80 18 0
ID: 43F, Data: 886 45 60 FF 61 68 18 0
ID: A1, Data: 883 79 7F 7D 49 0 0 0
ID: 153, Data: 80 0 0 FF 0 FF 0 0
ID: 316, Data: 85 68 99 18 65 12 4B 7E
ID: 153, Data: 80 0 0 FF 0 FF 0 0
ID: 280, Data: 830 0 88 AF 31 40 5C 99
ID: 316, Data: 85 66 B8 18 63 12 4B 7E
ID: 153, Data: 80 0 0 FF 0 FF 0 0
ID: 316, Data: 85 63 B0 18 63 12 4B 7E
ID: 153, Data: 80 0 0 FF 0 FF 0 0
ID: 329, Data: 884 AF 80 8 11 42 23 26
ID: 316, Data: 85 62 C0 18 61 12 4B 7E
ID: 43F, Data: 886 45 60 FF 61 94 18 0
ID: 43F, Data: 886 45 60 FF 61 B0 18 0
ID: 18F, Data: 8AA 2E 0 0 0 0 0 0
ID: 153, Data: 80 0 0 FF 0 FF 0 0
ID: 153, Data: 80 0 0 FF 0 FF 0 0
ID: A1, Data: 884 7A 80 7D 47 0 0 0
ID: 329, Data: 840 AF 80 8 11 41 20 26
ID: 545, Data: 8E4 B9 0 8D 58 5 58 5
ID: 43F, Data: 886 45 60 FF 61 B8 18 0
ID: 440, Data: 8FE 16 4B A0 FF AA AA AA
ID: 18F, Data: 8AA 2E 0 0 0 0 0 0
ID: 316, Data: 85 5D E8 18 5C 12 4C 7E
ID: 153, Data: 80 0 0 FF 0 FF 0 0
ID: 153, Data: 80 0 0 FF 0 FF 0 0
ID: 316, Data: 85 5D E8 18 5B 12 4C 7E
ID: 153, Data: 80 0 0 FF 0 FF 0 0
ID: 545, Data: 8E4 B0 0 8D 2B 5 2B 5
ID: 316, Data: 85 5B D8 18 5C 12 4C 7E
ID: 329, Data: 8ED AF 80 8 11 40 20 26
ID: 316, Data: 85 59 F0 18 5B 12 4C 7E
ID: 316, Data: 85 58 E8 18 5C 12 4C 7E
ID: 440, Data: 8FE 66 4C A0 FF AA AA AA
ID: 316, Data: 85 59 F8 18 4A 12 4C 7E
ID: 153, Data: 80 0 0 FF 0 FF 0 0
ID: 316, Data: 85 58 F8 18 11 12 4C 7E
ID: 153, Data: 80 0 0 FF 0 FF 0 0
ID: 18F, Data: 8AA 2E 0 0 0 0 0 0
ID: 316, Data: 85 49 F0 18 13 14 4C 7E
ID: 153, Data: 80 0 0 FF 0 FF 0 0
ID: A0, Data: 836 7C F0 18 4D 2C 2 0
ID: 329, Data: 840 AF 80 8 11 2E 0 26
ID: A1, Data: 883 76 81 7B 27 0 0 0
ID: 153, Data: 80 0 0 FF 0 FF 0 0
ID: 153, Data: 80 0 0 FF 0 FF 0 0
ID: 153, Data: 80 0 0 FF 0 FF 0 0
ID: 2A0, Data: 840 25 5C 1C 3D 0 17 0
ID: 316, Data: 85 1D E0 18 17 19 4C 7E
ID: 43F, Data: 886 45 60 FF 61 D0 18 0
ID: 316, Data: 85 19 C0 18 17 19 4C 7E
ID: A1, Data: 882 7B 82 7B 1B 0 0 0
ID: 153, Data: 80 0 0 FF 0 FF 0 0
ID: 316, Data: 85 15 E0 18 17 19 4C 7E
ID: 153, Data: 80 0 0 FF 0 FF 0 0
ID: 316, Data: 85 14 99 18 18 19 4C 7E
ID: 316, Data: 85 14 A1 18 19 19 4C 7E
ID: 18F, Data: 8AA 2E 0 0 0 0 0 0
ID: 370, Data: 8FF E1 F0 F0 FF FF FF FF
ID: 153, Data: 80 0 0 FF 0 FF 0 0
ID: 316, Data: 85 20 E0 18 23 19 4C 7E
ID: 316, Data: 85 21 91 18 23 19 4B 7E
ID: 153, Data: 80 0 0 FF 0 FF 0 0
ID: 316, Data: 85 22 A9 18 24 18 4B 7E
ID: 153, Data: 80 0 0 FF 0 FF 0 0
ID: 316, Data: 85 23 C8 18 24 18 4B 7E
ID: 316, Data: 85 23 99 18 24 18 4B 7E
ID: 153, Data: 80 0 0 FF 0 FF 0 0
ID: 316, Data: 85 23 91 18 24 18 4B 7E
ID: 153, Data: 80 0 0 FF 0 FF 0 0
ID: 1F1, Data: 80 20 54 E2 24 5E 2 26
ID: 316, Data: 85 24 82 18 24 18 4B 7E
ID: 260, Data: 8B 24 24 30 0 FF C0 C
ID: 43F, Data: 886 45 60 FF 61 74 18 0
ID: 43F, Data: 886 45 60 FF 61 6C 18 0
ID: 260, Data: 8B 24 25 30 0 FF C0 B
ID: 316, Data: 85 24 82 18 25 18 4B 7E
ID: 316, Data: 85 24 63 18 25 18 4B 7E
ID: 43F, Data: 886 45 60 FF 61 6C 18 0
ID: 370, Data: 8FF E1 F0 F0 FF FF FF FF
ID: 153, Data: 80 0 0 FF 0 FF 0 0
ID: 316, Data: 85 25 73 18 26 18 4B 7E
ID: 316, Data: 85 25 54 18 26 18 4B 7E
ID: 2A0, Data: 861 18 5C 1C 3D 0 17 0
ID: 43F, Data: 886 45 60 FF 62 58 18 0
ID: 316, Data: 85 26 54 18 28 18 4B 7E
ID: 153, Data: 80 0 0 FF 0 FF 0 0
ID: 316, Data: 85 26 54 18 29 18 4A 7E
ID: 153, Data: 80 0 0 FF 0 FF 0 0
ID: 280, Data: 830 0 88 B0 30 18 5C 42
ID: 316, Data: 85 27 4D 18 2C 18 4A 7E
ID: 43F, Data: 886 45 60 FF 61 40 18 0
ID: 43F, Data: 886 45 60 FF 61 3C 18 0
ID: 260, Data: 8B 28 2C 30 0 FF C2 E
ID: 316, Data: 85 29 3E 18 2C 17 4A 7E
ID: 316, Data: 85 29 3E 18 2E 17 4A 7E
ID: 43F, Data: 886 45 60 FF 61 30 18 0
ID: 370, Data: 8FF E1 F0 F0 FF FF FF FF
ID: 153, Data: 80 0 0 FF 0 FF 0 0
ID: 153, Data: 80 0 0 FF 0 FF 0 0
ID: 316, Data: 85 2C 3E 18 30 17 4A 7E
ID: 153, Data: 80 0 0 FF 0 FF 0 0
ID: 316, Data: 85 2E 36 18 30 17 4A 7E
ID: 153, Data: 80 0 0 FF 0 FF 0 0
ID: 1F1, Data: 80 1E 48 92 24 52 42 25
ID: 316, Data: 85 2E 2F 18 3A 20 4A 7E
ID: 153, Data: 80 0 0 FF 0 FF 0 0
ID: 316, Data: 85 32 6B 18 39 20 4A 7E
ID: 153, Data: 80 0 0 FF 0 FF 0 0
ID: 280, Data: 830 0 88 B0 31 1F 5C 58
ID: 316, Data: 85 34 B8 18 38 1F 4A 7E
ID: 43F, Data: 886 45 60 FF 61 10 18 0
ID: 43F, Data: 886 45 60 FF 61 10 18 0
ID: A0, Data: 843 7D 99 18 4A 2F 2 0
ID: 153, Data: 80 0 0 FF 0 FF 0 0
ID: 316, Data: 845 39 5C 18 39 1F 49 7E
ID: 153, Data: 80 0 0 FF 0 FF 0 0
ID: 43F, Data: 886 45 60 FF 61 E8 17 0
ID: 2A0, Data: 861 13 5C 1C 3D 0 17 0
ID: 153, Data: 80 0 0 FF 0 FF 0 0
ID: 316, Data: 845 3C F3 17 3E 1E 49 7E
ID: 153, Data: 80 0 0 FF 0 FF 0 0
ID: 18F, Data: 8AA 2F 0 0 0 0 0 0
ID: 545, Data: 8E4 6E 0 8D 37 2 37 2
ID: 316, Data: 845 3F FB 17 3E 1E 49 7E
ID: 280, Data: 830 0 88 B0 30 28 5C 6E
ID: 153, Data: 80 0 0 FF 0 FF 0 0
ID: 280, Data: 830 0 88 B0 2F 28 5C 6F
ID: 316, Data: 845 40 EC 17 3F 1E 49 7E
ID: 370, Data: 8FF E1 F0 F0 FF FF FF FF
ID: 316, Data: 845 41 EC 17 3F 1D 49 7E
ID: 153, Data: 80 0 0 FF 0 FF 0 0
ID: 545, Data: 8E4 73 0 8D 86 2 86 2
ID: 43F, Data: 886 45 60 FF 61 E4 17 0
ID: 2A0, Data: 861 11 5C 1C 3D 0 17 0
ID: 316, Data: 845 42 DD 17 3E 1D 49 7E
ID: 316, Data: 845 42 D6 17 3E 1D 49 7E
ID: 43F, Data: 886 45 60 FF 61 F0 17 0
ID: 545, Data: 8E4 76 0 8D 8C 2 8C 2
ID: 153, Data: 80 0 0 FF 0 FF 0 0
ID: 316, Data: 845 43 E5 17 3E 1D 49 7E
ID: 316, Data: 845 43 E5 17 3E 1D 49 7E
ID: 2A0, Data: 8C1 11 5C 1C 3D 0 17 0
ID: 43F, Data: 886 45 60 FF 61 B8 17 0
ID: 329, Data: 840 B1 80 8 11 38 C 26
ID: 153, Data: 80 0 0 FF 0 FF 0 0
ID: 316, Data: 845 41 D6 17 3F 1D 49 7E
ID: 153, Data: 80 0 0 FF 0 FF 0 0
ID: 18F, Data: 8AA 34 0 0 0 0 0 0
ID: 316, Data: 845 40 DD 17 3F 1D 49 7E
ID: 153, Data: 80 0 0 FF 0 FF 0 0
ID: 1F0, Data: 86D 40 B5 BF 0 0 0 0
ID: 18F, Data: 8AA 34 0 0 0 0 0 0
ID: 18F, Data: 8AA 34 0 0 0 0 0 0
ID: 329, Data: 884 B1 80 8 11 38 C 26
ID: 316, Data: 845 40 C7 17 3F 1D 49 7E
ID: 260, Data: 8B 40 3F 30 0 FF CA 26
ID: 153, Data: 80 0 0 FF 0 FF 0 0
ID: 280, Data: 830 0 88 B1 2F 27 5C 71
ID: 316, Data: 845 3F C7 17 3F 1D 49 7E
ID: A1, Data: 87D 75 7B 7A 36 0 0 0
ID: 316, Data: 845 40 B2 17 3F 1D 49 7E
ID: 316, Data: 845 40 B9 17 3F 1D 49 7E
ID: 316, Data: 845 3F B2 17 3F 1D 49 7E
ID: 260, Data: 8B 3F 3F 30 0 FF CA 19
ID: 153, Data: 80 0 0 FF 0 FF 0 0
ID: 280, Data: 830 0 88 B1 2F 27 5C 72
ID: 316, Data: 845 3F B9 17 3F 1D 49 7E
ID: A1, Data: 87E 75 7E 7A 36 0 0 0
ID: 316, Data: 845 40 C7 17 3F 1D 48 7E
ID: 316, Data: 845 3F B2 17 3F 1D 49 7E
ID: 43F, Data: 886 45 60 FF 61 B0 17 0
ID: 440, Data: 8FE C6 48 A0 FF AA AA AA
ID: 153, Data: 80 0 0 FF 0 FF 0 0
ID: A0, Data: 84A 7D B2 17 49 30 2 0
ID: 316, Data: 845 40 A4 17 3F 1D 49 7E
ID: 329, Data: 840 B1 80 8 11 39 C 26
ID: 43F, Data: 886 45 60 FF 61 A4 17 0
ID: 370, Data: 8FF E1 F0 F0 FF FF FF FF
ID: 316, Data: 845 3F B2 17 41 1D 48 7E
ID: 2A0, Data: 861 F 5C 1C 3D 0 17 0
ID: 370, Data: 8FF E1 F0 F0 FF FF FF FF
ID: 316, Data: 845 40 B2 17 43 1D 48 7E
ID: 153, Data: 80 0 0 FF 0 FF 0 0
ID: 2A0, Data: 8A1 F 5C 1C 3D 0 17 0
ID: 316, Data: 845 41 AB 17 43 1D 48 7E
ID: 316, Data: 845 40 B2 17 44 1D 48 7E
ID: 43F, Data: 886 45 60 FF 61 94 17 0
ID: 153, Data: 80 0 0 FF 0 FF 0 0
ID: 153, Data: 80 0 0 FF 0 FF 0 0
ID: 5F0, Data: 20 0
ID: 440, Data: 8FE B6 48 A0 FF AA AA AA
ID: 153, Data: 80 0 0 FF 0 FF 0 0
ID: 316, Data: 845 46 C0 17 4A 1D 48 7E
ID: 316, Data: 845 46 C7 17 4B 1D 48 7E
ID: A1, Data: 87D 77 80 7C 3B 0 0 0
ID: 153, Data: 80 0 0 FF 0 FF 0 0
ID: 316, Data: 845 49 CF 17 4B 1C 48 7E
ID: 153, Data: 80 0 0 FF 0 FF 0 0
ID: A1, Data: 87D 79 80 7D 3C 0 0 0
ID: 280, Data: 830 0 88 B1 2F 2E 5C 81
ID: 2A0, Data: 861 F 5C 1C 3D 0 17 0
ID: 316, Data: 845 4B C0 17 53 1C 48 7E
ID: 316, Data: 845 4D B9 17 58 1C 48 7E
ID: 43F, Data: 886 45 60 FF 61 A4 17 0
ID: 440, Data: 8FE B6 48 A0 FF AA AA AA
ID: 5A0, Data: 80 0 0 90 0 0 0 0
ID: 316, Data: 845 55 E5 17 58 1C 49 7E
ID: 316, Data: 845 56 FB 17 59 1C 49 7E
ID: A1, Data: 87E 7A 80 7D 42 0 0 0
ID: 440, Data: 8FE C6 48 A0 FF AA AA AA
ID: 43F, Data: 886 45 60 FF 61 B4 17 0
ID: 316, Data: 845 58 9 18 59 1B 49 7E
ID: 316, Data: 845 58 FB 17 59 1B 49 7E
ID: 43F, Data: 886 45 60 FF 62 C8 17 0
ID: 329, Data: 8ED B1 80 8 11 40 1A 26
ID: 153, Data: 80 0 0 FF 0 FF 0 0
ID: 316, Data: 845 59 E5 17 59 1B 49 7E
ID: 316, Data: 845 59 EC 17 5A 1B 49 7E
ID: A1, Data: 880 7A 80 7D 44 0 0 0
ID: 316, Data: 845 59 EC 17 5A 1B 49 7E
ID: 316, Data: 845 59 EC 17 5A 1B 49 7E
ID: 153, Data: 80 0 0 FF 0 FF 0 0
ID: 260, Data: 8B 5A 5A 30 0 FF B3 26
ID: 316, Data: 845 59 FB 17 5A 1B 49 7E
ID: A1, Data: 880 7A 80 7D 44 0 0 0
ID: 316, Data: 845 59 9 18 5A 1B 49 7E
ID: 316, Data: 845 59 18 18 5A 1B 49 7E
ID: 316, Data: 845 59 11 18 5A 1B 49 7E
ID: 316, Data: 845 59 18 18 5A 1B 49 7E
ID: 5F0, Data: 20 0
ID: 280, Data: 830 0 88 B1 30 37 5C 91
ID: 545, Data: 8E4 A7 0 8D 4B 4 4B 4
ID: 316, Data: 845 59 18 18 57 1B 49 7E
ID: 5F0, Data: 20 0
ID: 153, Data: 80 0 0 FF 0 FF 0 0
ID: A1, Data: 880 7A 80 7D 45 0 0 0
ID: 329, Data: 884 B1 80 8 11 40 19 26
ID: 545, Data: 8E4 A7 0 8D 40 4 40 4
ID: 153, Data: 80 0 0 FF 0 FF 0 0
ID: 43F, Data: 886 45 60 FF 61 14 18 0
ID: 153, Data: 80 0 0 FF 0 FF 0 0
ID: 153, Data: 80 0 0 FF 0 FF 0 0
ID: 316, Data: 845 54 18 18 57 1C 4A 7E
ID: 153, Data: 80 0 0 FF 0 FF 0 0
ID: 545, Data: 8E4 A2 0 8D A5 4 A5 4
ID: 316, Data: 845 55 20 18 4E 12 4A 7E
ID: 153, Data: 80 0 0 FF 0 FF 0 0
ID: 43F, Data: 886 45 60 FF 61 20 18 0
ID: 153, Data: 80 0 0 FF 0 FF 0 0
ID: 316, Data: 845 51 27 18 4E 12 4A 7E
ID: 316, Data: 845 4E 27 18 4E 12 4A 7E
ID: 43F, Data: 886 45 60 FF 62 1C 18 0
ID: 316, Data: 85 4D 2F 18 47 12 4A 7E
ID: 153, Data: 80 0 0 FF 0 FF 0 0
ID: 43F, Data: 886 45 60 FF 61 2C 18 0
ID: 316, Data: 85 48 36 18 12 13 4A 7E
ID: 260, Data: 8B 48 13 30 0 FF C0 8
ID: 316, Data: 85 41 3E 18 14 14 4A 7E
ID: 5F0, Data: 20 0
ID: A0, Data: 82A 7E 2F 18 4A 28 2 0
ID: 18F, Data: 8AA 39 0 0 0 0 0 0
ID: 43F, Data: 886 45 60 FF 61 28 18 0
ID: 18F, Data: 8AA 38 0 0 0 0 0 0
ID: 43F, Data: 886 45 60 FF 62 2C 18 0
ID: 153, Data: 80 0 0 FF 0 FF 0 0
ID: 316, Data: 85 1E 18 18 18 18 4A 7E
ID: 316, Data: 85 1B 18 18 18 18 4A 7E
ID: 260, Data: 8B 1A 18 30 0 FF 89 3C
ID: 153, Data: 80 0 0 FF 0 FF 0 0
ID: 316, Data: 85 17 B2 17 18 18 4A 7E
ID: 43F, Data: 886 45 60 FF 61 0 18 0
ID: 153, Data: 80 0 0 FF 0 FF 0 0
ID: 153, Data: 80 0 0 FF 0 FF 0 0
ID: 18F, Data: 8AA 37 0 0 0 0 0 0
ID: 545, Data: 8E4 34 0 8D DD FF DD FF
ID: 1F0, Data: 868 40 B5 BF 0 0 0 0
ID: 1F1, Data: 80 97 47 22 24 51 12 25
ID: 43F, Data: 886 45 60 FF 61 F4 17 0
ID: 153, Data: 80 0 0 FF 0 FF 0 0
ID: 153, Data: 80 0 0 FF 0 FF 0 0
ID: 545, Data: 8E4 36 0 8D FC FF FC FF
ID: 316, Data: 85 18 DD 17 18 18 49 7E
ID: 5F0, Data: 20 0
ID: 153, Data: 80 0 0 FF 0 FF 0 0
ID: 316, Data: 85 19 D6 17 18 18 49 7E
ID: 316, Data: 85 19 CF 17 18 18 49 7E
ID: 316, Data: 85 19 C0 17 18 18 49 7E
ID: 43F, Data: 886 45 60 FF 62 B4 17 0
ID: 316, Data: 85 19 AB 17 18 18 49 7E
ID: 153, Data: 80 0 0 FF 0 FF 0 0
ID: 153, Data: 80 0 0 FF 0 FF 0 0
ID: 316, Data: 8D 1A 95 17 18 18 48 7E
ID: 153, Data: 80 0 0 FF 0 FF 0 0
ID: 316, Data: 8D 1A 5D 17 18 18 48 7E
ID: 1F0, Data: 869 40 B5 BF 0 0 0 0
ID: 329, Data: 840 B2 80 8 12 31 0 26
ID: 18F, Data: 8AA 34 0 0 0 0 0 0
ID: 153, Data: 80 0 0 FF 0 FF 0 0
ID: 316, Data: 8D 16 BA 16 19 18 47 7E
ID: 545, Data: 8E4 26 0 8D 91 FF 91 FF
ID: 153, Data: 80 0 0 FF 0 FF 0 0
ID: 316, Data: 8D 12 92 16 19 18 47 7E
ID: 153, Data: 80 0 0 FF 0 FF 0 0
ID: A1, Data: 880 7B 80 7B 1B 0 0 0
ID: 280, Data: 830 0 20 B2 2D 15 5C 39
ID: 1F0, Data: 869 40 B5 BF 0 0 0 0
ID: 316, Data: 8D D CE 16 19 18 46 7E
ID: 153, Data: 80 0 0 FF 0 FF 0 0
ID: 316, Data: 8D 8 AC 16 19 18 46 7E
ID: 316, Data: 8D 8 99 16 19 18 46 7E
ID: 153, Data: 80 0 0 FF 0 FF 0 0
ID: 153, Data: 80 0 0 FF 0 FF 0 0
ID: A0, Data: 827 7E 78 16 46 28 4 0
ID: 316, Data: 8D 4 4B 16 1A 18 45 7E
ID: 18F, Data: 8AA 33 0 0 0 0 0 0
ID: 316, Data: 8D 4 2C 16 1A 18 45 7E
ID: A1, Data: 880 7B 80 7B 1B 0 0 0
ID: 153, Data: 80 0 0 FF 0 FF 0 0
ID: 316, Data: 8D 0 F4 15 1A 18 44 7E
ID: 153, Data: 80 0 0 FF 0 FF 0 0
ID: 316, Data: 8D 0 C9 15 1A 18 44 7E
ID: 153, Data: 80 0 0 FF 0 FF 0 0
ID: 153, Data: 80 0 0 FF 0 FF 0 0
ID: 43F, Data: 846 45 60 FF 62 B4 15 0
ID: 153, Data: 80 0 0 FF 0 FF 0 0
ID: 316, Data: 8D 0 58 15 1B 18 43 7E
ID: 316, Data: 8D 0 35 15 1B 18 42 7E
ID: 153, Data: 80 0 0 FF 0 FF 0 0
ID: 43F, Data: 846 45 60 FF 62 44 15 0
ID: A0, Data: 828 7E 18 15 43 27 4 0
ID: 43F, Data: 846 45 60 FF 62 30 15 0
ID: 440, Data: 8FE 16 41 A0 FF AA AA AA
ID: 153, Data: 80 0 0 FF 0 FF 0 0
ID: 316, Data: 8D 0 6D 14 1C 18 41 7E
ID: 153, Data: 80 0 0 FF 0 FF 0 0
ID: 329, Data: 8B B2 80 8 12 2F 0 26
ID: 316, Data: 8D 0 48 14 1C 18 40 7E
ID: 316, Data: 8D 0 3E 14 1C 18 40 7E
ID: 153, Data: 80 0 0 FF 0 FF 0 0
ID: 153, Data: 80 0 0 FF 0 FF 0 0
ID: 316, Data: 8D 0 F 14 1C 18 3F 7E
ID: 260, Data: 80 0 1D 30 0 FF 4F 1D
ID: 316, Data: 8D 0 E1 13 1C 18 3F 7E
ID: 316, Data: 8D 0 C8 13 1D 18 3E 7E
ID: 316, Data: 8D 0 B9 13 1D 18 3E 7E
ID: 153, Data: 80 0 0 FF 0 FF 0 0
ID: 153, Data: 80 0 0 FF 0 FF 0 0
ID: 316, Data: 8D 0 6A 13 1D 18 3D 7E
ID: 18F, Data: 8AA 31 0 0 0 0 0 0
ID: 153, Data: 80 0 0 FF 0 FF 0 0
ID: 43F, Data: 84D 45 60 FF 62 84 13 0
ID: 545, Data: 8E4 0 0 8D 54 FE 54 FE
ID: 316, Data: 8D 0 D9 12 1E 18 3C 7E
ID: 316, Data: 8D 0 C7 12 1E 18 3C 7E
ID: A0, Data: 82C 7E DE 12 3C 27 4 0
ID: 43F, Data: 84D 45 60 FF 61 14 13 0
ID: 316, Data: 8D 0 84 12 1E 18 3B 7E
ID: 260, Data: 80 0 1F 30 0 FF 4F C
ID: 316, Data: 8D 0 4C 12 1F 18 3A 7E
ID: 440, Data: 8E7 66 39 A0 FF AA AA AA
ID: 316, Data: 8D 0 15 12 1F 18 3A 7E
ID: 153, Data: 80 0 0 FF 0 FF 0 0
ID: 153, Data: 80 0 0 FF 0 FF 0 0
ID: 316, Data: 8D 0 A2 11 20 18 39 7E
ID: 153, Data: 80 0 0 FF 0 FF 0 0
ID: 316, Data: 8D 0 6F 11 20 18 39 7E
ID: 153, Data: 80 0 0 FF 0 FF 0 0
ID: 316, Data: 8D 0 49 11 20 18 38 7E
ID: 440, Data: 8E7 66 37 A0 FF AA AA AA
ID: 316, Data: 8D 0 50 11 20 18 38 7E
ID: 316, Data: 8D 0 73 11 20 18 37 7E
ID: 316, Data: 8D 0 93 11 20 18 37 7E
ID: 18F, Data: 8AA 30 0 0 0 0 0 0
ID: 5F0, Data: 20 0
ID: 43F, Data: 84D 45 60 FF 62 FC 15 0
ID: A1, Data: 880 7B 80 7B 20 0 0 0
ID: 153, Data: 80 0 0 FF 0 FF 0 0
ID: 316, Data: 8D 0 74 13 1D 17 36 7E
ID: 153, Data: 80 0 0 FF 0 FF 0 0
ID: 153, Data: 80 0 0 FF 0 FF 0 0
ID: 43F, Data: 84D 45 60 FF 62 70 15 0
ID: 43F, Data: 84D 45 60 FF 62 4C 15 0
ID: 43F, Data: 84D 45 60 FF 62 34 15 0
ID: 153, Data: 80 0 0 FF 0 FF 0 0
ID: 316, Data: 8D 0 9E 14 1B 18 34 7E
ID: 316, Data: 8D 0 8E 14 1B 18 34 7E
ID: 316, Data: 8D 0 4D 14 1B 18 33 7E
ID: 153, Data: 80 0 0 FF 0 FF 0 0
ID: 153, Data: 80 0 0 FF 0 FF 0 0
ID: 316, Data: 8D 0 83 13 1D 18 33 7E
ID: A0, Data: 829 7E 83 13 33 27 4 0
ID: 153, Data: 80 0 0 FF 0 FF 0 0
ID: 316, Data: 8D 0 28 13 1D 18 32 7E
ID: 153, Data: 80 0 0 FF 0 FF 0 0
ID: 316, Data: 8D 0 F9 12 1D 18 31 7E
ID: 316, Data: 8D 0 F0 12 1D 18 31 7E
ID: 5F0, Data: 20 0
ID: 153, Data: 80 0 0 FF 0 FF 0 0
ID: 18F, Data: 8AA 2F 0 0 0 0 0 0
ID: 316, Data: 8D 0 C3 12 1D 18 30 7E
ID: 153, Data: 80 0 0 FF 0 FF 0 0
ID: 2A0, Data: 840 3 5C 1C 3D 0 17 0
ID: 316, Data: 8D 0 80 12 1D 18 2F 7E
ID: 2A0, Data: 880 3 5C 1C 3D 0 17 0
ID: 153, Data: 80 0 0 FF 0 FF 0 0
ID: 5A0, Data: 80 0 0 90 0 0 0 0
ID: 316, Data: 8D 0 19 12 1E 18 2E 7E
ID: 280, Data: 830 0 20 B2 23 17 5C 41
ID: 43F, Data: 84C 45 60 FF 62 78 12 0
ID: 5F0, Data: 20 0
ID: A1, Data: 880 7B 80 7B 1F 0 0 0
ID: A1, Data: 880 7B 80 7B 1F 0 0 0
ID: A0, Data: 82D 7E BB 11 2E 27 4 0
ID: 153, Data: 80 0 0 FF 0 FF 0 0
ID: 153, Data: 80 0 0 FF 0 FF 0 0
ID: 316, Data: 8D 0 27 11 1F 18 2C 7E
ID: 545, Data: 8E4 0 0 8D 48 FE 48 FE
ID: 316, Data: 8D 0 FE 10 1F 18 2B 7E
ID: 316, Data: 8D 0 5 11 1F 18 2B 7E
ID: 2A0, Data: 880 3 5C 1C 3D 0 17 0
ID: 43F, Data: 84C 45 60 FF 62 4C 14 0
ID: 153, Data: 80 0 0 FF 0 FF 0 0
ID: 43F, Data: 84C 45 60 FF 62 E0 14 0
ID: 316, Data: 8D 0 73 11 1E 18 29 7E
ID: A0, Data: 82C 7E 2A 11 2A 26 4 0
ID: 316, Data: 8D 0 EB 11 1D 18 28 7E
ID: 316, Data: 8D 0 21 12 1D 18 28 7E
ID: 1F1, Data: 80 30 33 41 13 38 B1 13
ID: 153, Data: 80 0 0 FF 0 FF 0 0
ID: 316, Data: 8D 0 E7 12 1C 18 27 7E
ID: 316, Data: 8D 0 C 13 1B 18 27 7E
ID: 316, Data: 8D 0 28 13 1B 18 26 7E
ID: 2A0, Data: 880 2 5C 1C 3D 0 17 0
ID: 43F, Data: 84C 45 60 FF 62 FC 13 0
ID: 43F, Data: 84C 45 60 FF 62 C4 13 0
ID: 153, Data: 80 0 0 FF 0 FF 0 0
ID: 316, Data: 8D 0 D0 12 1D 18 25 7E
ID: 153, Data: 80 0 0 FF 0 FF 0 0
ID: 316, Data: 8D 0 43 12 1D 18 24 7E
ID: 5F0, Data: 20 0
ID: 316, Data: 8D 0 CB 11 1E 18 23 7E
ID: 153, Data: 80 0 0 FF 0 FF 0 0
ID: 545, Data: 8E4 0 0 8A 45 FE 45 FE
ID: 316, Data: 8D 0 14 11 1F 19 23 7E
ID: 545, Data: 8E4 0 0 8A 42 FE 42 FE
ID: 43F, Data: 84B 45 60 FF 62 E0 11 0
ID: 43F, Data: 84B 45 60 FF 62 CC 11 0
ID: 260, Data: 8B A 20 30 0 FF 4F 5
ID: 316, Data: 85 F 0 10 20 19 21 7E
ID: 153, Data: 80 0 0 FF 0 FF 0 0
ID: 329, Data: 840 B2 80 8 12 2E 0 26
ID: 316, Data: 85 15 23 F 21 19 20 7E
ID: 2A0, Data: 840 2 5C 1C 3D 0 17 0
ID: 153, Data: 80 0 0 FF 0 FF 0 0
ID: 153, Data: 80 0 0 FF 0 FF 0 0
ID: 316, Data: 85 21 91 E 22 19 1F 7E
ID: 260, Data: 8B 22 23 30 0 FF 4F 26
ID: 316, Data: 85 21 62 F 21 19 1E 7E
ID: 316, Data: 85 21 15 F 21 19 1E 7E
ID: 260, Data: 8B 21 21 30 0 FF 4F 29
ID: 43F, Data: 84B 45 60 FF 61 58 11 0
ID: 43F, Data: 84B 45 60 FF 62 40 11 0
ID: 260, Data: 8B 1F 20 30 0 FF 4F 2D
ID: 316, Data: 85 1F 42 10 1F 19 1C 7E
ID: 545, Data: 8E4 38 0 8A 61 0 61 0
ID: 43F, Data: 84B 45 60 FF 61 E4 11 0
ID: 43F, Data: 84B 45 60 FF 62 38 12 0
ID: 545, Data: 8E4 37 0 8D 53 0 53 0
ID: 316, Data: 85 1D 7C 10 1E 19 1B 7E
ID: 316, Data: 85 1D 83 10 1E 19 1A 7E
ID: A1, Data: 893 7B 93 7B 1F 0 0 0
ID: 5F0, Data: 20 0
ID: 370, Data: 8FF E1 F0 F0 FF FF FF FF
ID: 316, Data: 85 1D 95 10 1E 19 1A 7E
ID: 43F, Data: 84B 45 60 FF 61 50 12 0
ID: 43F, Data: 84B 45 60 FF 62 24 12 0
ID: 18F, Data: 8AA 2E 0 0 0 0 0 0
ID: 153, Data: 80 0 0 FF 0 FF 0 0
ID: 316, Data: 85 1C 7C 10 1E 19 18 7E
ID: 43F, Data: 84B 45 60 FF 62 A4 11 0
ID: 316, Data: 85 1C 5D 10 26 19 18 7E
ID: A1, Data: 894 7B 94 7B 1E 0 0 0
ID: 153, Data: 80 0 0 FF 0 FF 0 0
ID: 316, Data: 85 1F F9 F 26 19 17 7E
ID: 153, Data: 80 0 0 FF 0 FF 0 0
ID: 316, Data: 85 21 CC F 26 19 17 7E
ID: 316, Data: 85 21 B9 F 26 19 17 7E
ID: 316, Data: 85 22 C2 F 25 19 16 7E
ID: 153, Data: 80 0 0 FF 0 FF 0 0
ID: 153, Data: 80 0 0 FF 0 FF 0 0
ID: 43F, Data: 843 45 60 FF 62 4C 10 0
ID: A1, Data: 88E 7B 8E 7B 22 0 0 0
ID: 153, Data: 80 0 0 FF 0 FF 0 0
ID: 316, Data: 85 24 13 10 24 18 15 7E
ID: 153, Data: 80 0 0 FF 0 FF 0 0
ID: 316, Data: 85 24 F2 F 24 18 15 7E
ID: 316, Data: 85 24 EF F 24 18 15 7E
ID: 545, Data: 8E4 39 0 88 D0 0 D0 0
ID: 153, Data: 80 0 0 FF 0 FF 0 0
ID: 153, Data: 80 0 0 FF 0 FF 0 0
ID: 316, Data: 85 23 D5 F 24 18 15 7E
ID: 2A0, Data: 8E0 1 5C 1C 3D 0 17 0
ID: 316, Data: 85 23 8D F 25 19 14 7E
ID: 316, Data: 85 23 62 F 25 19 14 7E
ID: 280, Data: 830 0 84 B2 1E 1A 5C 48
ID: 43F, Data: 83 45 60 FF 62 3C F 0
ID: 43F, Data: 83 45 60 FF 61 38 F 0
ID: 280, Data: 830 0 84 B2 1E 1A 5C 48
ID: A1, Data: 88C 7B 8C 7B 22 0 0 0
ID: 153, Data: 80 0 0 FF 0 FF 0 0
ID: 316, Data: 85 23 5F F 25 19 13 7E
ID: 440, Data: 8FE 13 15 A0 FF AA AA AA
ID: 316, Data: 85 23 6B F 25 19 13 7E
ID: 316, Data: 85 23 7A F 25 19 13 7E
ID: 316, Data: 85 23 84 F 25 19 13 7E
ID: 2A0, Data: 820 1 5C 1C 3D 0 17 0
ID: 440, Data: 8FE 63 15 A0 FF AA AA AA
ID: 5F0, Data: 20 0
ID: A0, Data: 834 7D 35 F 14 27 2 0
ID: 260, Data: 8B 23 26 30 0 FF 5C 6
ID: A0, Data: 834 7D 35 F 14 27 2 0
ID: 43F, Data: 83 45 60 FF 61 B0 E 0
ID: 43F, Data: 83 45 60 FF 62 B0 E 0
ID: 1F1, Data: 80 1E B0 90 9 B0 80 9
ID: 153, Data: 80 0 0 FF 0 FF 0 0
ID: 316, Data: 85 23 41 F 25 19 13 7E
ID: 153, Data: 80 0 0 FF 0 FF 0 0
ID: 260, Data: 8B 23 1C 30 0 FF 52 1A
ID: 316, Data: 85 22 E7 E 1D 19 13 7E
ID: A1, Data: 888 7B 88 7B 22 0 0 0
ID: 43F, Data: 83 45 60 FF 62 50 E 0
ID: 153, Data: 80 0 0 FF 0 FF 0 0
ID: 316, Data: 85 20 56 E 1F 1A 12 7E
ID: 153, Data: 80 0 0 FF 0 FF 0 0
ID: 316, Data: 85 1F 63 E 20 1A 12 7E
ID: 316, Data: 85 1E 60 E 20 1A 12 7E
ID: 545, Data: 8E4 29 0 8A 49 0 49 0
ID: 43F, Data: 83 45 60 FF 61 38 E 0
ID: 153, Data: 80 0 0 FF 0 FF 0 0
ID: 43F, Data: 83 45 60 FF 62 64 E 0
ID: 43F, Data: 83 45 60 FF 61 94 E 0
ID: 153, Data: 80 0 0 FF 0 FF 0 0
ID: 316, Data: 85 23 F2 F 25 19 12 7E
ID: 1F1, Data: 80 54 A7 20 9 A9 40 9
ID: 545, Data: 8E4 2A 0 8D A6 0 A6 0
ID: 153, Data: 80 0 0 FF 0 FF 0 0
ID: 43F, Data: 83 45 60 FF 61 2C E 0
ID: 153, Data: 80 0 0 FF 0 FF 0 0
ID: 153, Data: 80 0 0 FF 0 FF 0 0
ID: 153, Data: 80 0 0 FF 0 FF 0 0
ID: 329, Data: 8B B1 80 8 11 33 D 26
ID: 316, Data: 85 2E 6E F 44 19 12 7E
ID: 329, Data: 840 B1 80 8 11 33 10 26
ID: 153, Data: 80 0 0 FF 0 FF 0 0
ID: 316, Data: 85 33 4C 10 47 18 12 7E
ID: 153, Data: 80 0 0 FF 0 FF 0 0
ID: 153, Data: 80 0 0 FF 0 FF 0 0
ID: 316, Data: 85 38 32 11 47 17 12 7E
ID: 43F, Data: 83 45 60 FF 61 44 E 0
ID: 370, Data: 8FF E1 F0 F0 FF FF FF FF
ID: 18F, Data: 8AA 2E 0 0 0 0 0 0
ID: 316, Data: 85 3C 77 12 4B 15 12 7E
ID: 316, Data: 85 3E DE 12 4C 15 12 7E
ID: 260, Data: 8B 3E 4D 30 0 FF BE 18
ID: 43F, Data: 83 45 60 FF 61 88 E 0
ID: 43F, Data: 83 45 60 FF 62 98 E 0
ID: 329, Data: 8ED B1 80 8 11 39 19 26
ID: 43F, Data: 83 45 60 FF 61 BC E 0
ID: 1F0, Data: 834 40 B5 BF 0 0 0 0
ID: 316, Data: 85 43 2 15 4C 14 13 7E
ID: 329, Data: 840 B1 80 8 11 39 1A 26
ID: 153, Data: 80 0 0 FF 0 FF 0 0
ID: 316, Data: 85 44 B1 15 4B 13 14 7E
ID: 153, Data: 80 0 0 FF 0 FF 0 0
ID: 280, Data: 830 0 88 B1 2C 2C 5C 7B
ID: 316, Data: 85 49 1F 16 4B 13 14 7E
ID: 43F, Data: 83 45 60 FF 61 78 F 0
ID: 440, Data: 8F7 63 15 A0 FF AA AA AA
ID: 316, Data: 85 4A CE 16 4A 13 14 7E
ID: 153, Data: 80 0 0 FF 0 FF 0 0
ID: 329, Data: 884 B1 80 8 11 3A 1B 26
ID: 153, Data: 80 0 0 FF 0 FF 0 0
ID: 153, Data: 80 0 0 FF 0 FF 0 0
ID: 329, Data: 8ED B1 80 8 11 3B 1B 26
ID: 316, Data: 85 49 79 17 49 13 15 7E
ID: 153, Data: 80 0 0 FF 0 FF 0 0
ID: 153, Data: 80 0 0 FF 0 FF 0 0
ID: 316, Data: 85 4A B2 17 49 13 16 7E
ID: 153, Data: 80 0 0 FF 0 FF 0 0
ID: 316, Data: 85 49 CF 17 49 13 16 7E
ID: 316, Data: 85 49 D6 17 49 13 16 7E
ID: 280, Data: 830 0 88 B1 2F 2D 5C 7E
ID: 43F, Data: 83 45 60 FF 62 FC 10 0
ID: 440, Data: 8FB B3 17 A0 FF AA AA AA
ID: 18F, Data: 8AA 2E 0 0 0 0 0 0
ID: 316, Data: 85 49 9 18 49 13 17 7E
ID: 153, Data: 80 0 0 FF 0 FF 0 0
ID: 329, Data: 884 B1 80 8 11 3B 1B 26
ID: 316, Data: 85 49 9 18 49 13 18 7E
ID: 260, Data: 8B 4A 4A 30 0 FF C5 16
ID: 316, Data: 85 49 18 18 49 13 18 7E
ID: 316, Data: 85 49 27 18 49 13 18 7E
ID: 370, Data: 8FF E1 F0 F0 FF FF FF FF
ID: 316, Data: 85 48 63 18 4A 13 18 7E
ID: 153, Data: 80 0 0 FF 0 FF 0 0
ID: 43F, Data: 83 45 60 FF 62 54 12 0
ID: 1F0, Data: 869 40 B5 BF 0 0 0 0
ID: 316, Data: 85 49 91 18 4A 13 19 7E
ID: 280, Data: 830 0 88 B1 31 2D 5C 7D
ID: 153, Data: 80 0 0 FF 0 FF 0 0
ID: 316, Data: 85 49 B8 18 4A 13 19 7E
ID: 316, Data: 85 49 B8 18 4A 13 19 7E
ID: A0, Data: 853 7D B8 18 1A 33 2 0
ID: 316, Data: 85 49 D8 18 4A 13 1A 7E
ID: 316, Data: 85 49 E8 18 4A 13 1A 7E
ID: 43F, Data: 83 45 60 FF 61 68 13 0
ID: 316, Data: 85 4A E8 18 4A 13 1A 7E
ID: 2A0, Data: 8A1 F 5C 1C 3D 0 17 0
ID: 316, Data: 85 4B C0 18 4A 13 1B 7E
ID: 316, Data: 85 4A B0 18 4B 13 1B 7E
ID: A0, Data: 857 7D A1 18 1B 33 2 0
ID: 316, Data: 85 4C 2F 18 4C 13 1B 7E
ID: 316, Data: 85 4B FB 17 4D 13 1B 7E
ID: 43F, Data: 83 45 60 FF 62 34 14 0
ID: 316, Data: 85 4D 87 17 4E 13 1B 7E
ID: 2A0, Data: 81 10 5C 1C 3D 0 17 0
ID: 316, Data: 85 4F 48 17 4E 12 1C 7E
ID: 316, Data: 85 4F 2C 17 4E 13 1C 7E
ID: A0, Data: 85B 7D 6B 17 1C 33 2 0
ID: 43F, Data: 83 45 60 FF 62 E4 14 0
ID: 316, Data: 85 4F 1F 17 50 12 1C 7E
ID: 18F, Data: 8AA 2E 0 0 0 0 0 0
ID: 316, Data: 85 50 25 17 4F 12 1D 7E
ID: 43F, Data: 843 45 60 FF 62 54 15 0
ID: 316, Data: 85 50 25 17 50 12 1D 7E
ID: 153, Data: 80 0 0 FF 0 FF 0 0
ID: 153, Data: 80 0 0 FF 0 FF 0 0
ID: 316, Data: 85 4F 18 17 51 12 1D 7E
ID: A1, Data: 883 7B 83 7D 40 0 0 0
ID: 316, Data: 85 50 18 17 51 12 1E 7E
ID: 316, Data: 85 50 25 17 51 12 1E 7E
ID: 43F, Data: 843 45 60 FF 62 2C 16 0
ID: 370, Data: 8FF E0 F0 F0 FF FF FF FF
ID: A1, Data: 882 7B 83 7D 3F 0 0 0
ID: 316, Data: 85 50 64 17 51 12 1E 7E
ID: 316, Data: 85 4F 80 17 51 12 1F 7E
ID: 43F, Data: 843 45 60 FF 62 B4 16 0
ID: 316, Data: 85 50 AB 17 52 12 1F 7E
ID: 153, Data: 80 0 0 FF 0 FF 0 0
ID: 316, Data: 85 4F DD 17 52 12 1F 7E
ID: 1F1, Data: 80 55 FD D0 F 4 41 10
ID: 280, Data: 830 0 88 B1 30 31 5C 86
ID: A1, Data: 881 7B 81 7D 40 0 0 0
ID: 1F1, Data: 80 66 3 11 10 8 81 10
ID: 43F, Data: 843 45 60 FF 62 94 17 0
ID: 43F, Data: 843 45 60 FF 62 A8 17 0
ID: 153, Data: 80 0 0 FF 0 FF 0 0
ID: 316, Data: 85 50 E8 18 51 12 20 7E
ID: 316, Data: 85 50 0 19 51 12 21 7E
ID: 545, Data: 8E4 A0 0 8D 3C 4 3C 4
ID: 43F, Data: 843 45 60 FF 62 44 18 0
ID: 153, Data: 80 0 0 FF 0 FF 0 0
ID: 370, Data: 8FF DE F0 F0 FF FF FF FF
ID: 316, Data: 85 4F 82 19 51 12 21 7E
ID: 153, Data: 80 0 0 FF 0 FF 0 0
ID: 316, Data: 85 4F BD 19 50 13 22 7E
ID: 153, Data: 80 0 0 FF 0 FF 0 0
ID: 18F, Data: 8AA 2D 0 0 0 0 0 0
ID: 5F0, Data: 20 0
ID: 43F, Data: 843 45 60 FF 62 2C 19 0
ID: 1F0, Data: 869 40 B5 BF 0 0 0 0
ID: 280, Data: 830 0 88 B1 34 30 5C 83
ID: 260, Data: 8B 4F 50 30 0 FF C1 1E
ID: 153, Data: 80 0 0 FF 0 FF 0 0
ID: 316, Data: 85 4E A1 1A 50 13 23 7E
ID: 316, Data: 85 4E AA 1A 50 13 23 7E
ID: 18F, Data: 8AA 2D 0 0 0 0 0 0
ID: 5F0, Data: 20 0
ID: 43F, Data: 843 45 60 FF 62 10 1A 0
ID: 153, Data: 80 0 0 FF 0 FF 0 0
ID: 316, Data: 85 4D 48 1B 4F 13 24 7E
ID: 316, Data: 85 4F 48 1B 4F 13 24 7E
ID: 260, Data: 8B 4F 4F 30 0 FF C3 3C
ID: 153, Data: 80 0 0 FF 0 FF 0 0
ID: 316, Data: 85 4E 9F 1B 4F 13 24 7E
ID: 153, Data: 80 0 0 FF 0 FF 0 0
ID: 18F, Data: 8AA 2D 0 0 0 0 0 0
ID: 316, Data: 85 4E D1 1B 4E 13 25 7E
ID: 316, Data: 85 4E F8 1B 4E 13 25 7E
ID: A1, Data: 885 7C 88 7D 3C 0 0 0
ID: 153, Data: 80 0 0 FF 0 FF 0 0
ID: 316, Data: 85 4E C 1C 4E 13 25 7E
ID: 153, Data: 80 0 0 FF 0 FF 0 0
ID: 316, Data: 85 4D C 1C 4E 13 26 7E
ID: 316, Data: 85 4E 35 1C 4E 13 26 7E
ID: 316, Data: 85 4E 9C 1C 4D 13 26 7E
ID: 43F, Data: 84C 45 60 FF 63 4 1C 0
ID: 316, Data: 85 4D F1 1C 4D 13 26 7E
ID: 18F, Data: 8AA 2D 0 0 0 0 0 0
ID: 316, Data: 85 4E E6 1C 4D 13 26 7E
ID: 153, Data: 80 0 0 FF 0 FF 0 0
ID: 316, Data: 85 4D F1 1C 4D 13 27 7E
ID: 5A0, Data: 80 0 0 90 0 0 0 0
ID: 545, Data: 8E4 B3 0 8D F 4 F 4
ID: 316, Data: 85 4E 48 1D 4D 13 27 7E
ID: 370, Data: 8FF DB F0 F0 FF FF FF FF
ID: A0, Data: 85A 7D 69 1D 28 36 2 0
ID: 316, Data: 85 4E 32 1D 42 13 27 7E
ID: 316, Data: 85 41 DC 1C 41 13 28 7E
ID: 43F, Data: 84C 45 60 3E 63 B4 1A 0
ID: 316, Data: 85 3D 78 1B 40 13 28 7E
ID: 316, Data: 85 3F B3 1A 41 13 28 7E
ID: 316, Data: 85 3D A 1A 42 13 28 7E
ID: 370, Data: 8FF DB F0 F0 FF FF FF FF
ID: 316, Data: 85 3E 8A 18 44 13 28 7E
ID: A1, Data: 885 7C 83 7D 39 0 0 0
ID: 153, Data: 80 0 0 FF 0 FF 0 0
ID: 43F, Data: 84C 45 60 FF 63 4C 16 0
ID: 153, Data: 80 0 0 FF 0 FF 0 0
ID: 316, Data: 85 49 DB 16 45 13 29 7E
ID: 316, Data: 85 49 D4 16 46 13 29 7E
ID: A1, Data: 884 7C 82 7D 3A 0 0 0
ID: 316, Data: 85 49 FD 16 45 13 29 7E
ID: 370, Data: 8FF DB F0 F0 FF FF FF FF
ID: 18F, Data: 8AA 2D 0 0 0 0 0 0
ID: 316, Data: 85 48 6B 17 45 13 29 7E
ID: 153, Data: 80 0 0 FF 0 FF 0 0
ID: 280, Data: 830 0 88 B0 2F 2C 5C 7B
ID: 316, Data: 85 47 CF 17 45 13 2A 7E
ID: 260, Data: 8B 47 45 30 0 FF C6 1D
ID: 43F, Data: 844 45 60 FF 63 EC 16 0
ID: 440, Data: 8FE 34 2A A0 FF AA AA AA
ID: 316, Data: 85 46 CF 17 42 13 2A 7E
ID: 260, Data: 8B 46 41 30 0 FF C8 3E
ID: 43F, Data: 844 45 60 FF 63 18 17 0
ID: 316, Data: 85 46 EC 17 40 13 2A 7E
ID: 153, Data: 80 0 0 FF 0 FF 0 0
ID: 153, Data: 80 0 0 FF 0 FF 0 0
ID: 316, Data: 85 44 FB 17 3C 13 2A 7E
ID: 153, Data: 80 0 0 FF 0 FF 0 0
ID: 316, Data: 85 41 11 18 3A 13 2B 7E
ID: 153, Data: 80 0 0 FF 0 FF 0 0
ID: 2A0, Data: 8C1 19 5C 1C 3D 0 17 0
ID: 316, Data: 85 41 FB 17 39 14 2B 7E
ID: 153, Data: 80 0 0 FF 0 FF 0 0
ID: 316, Data: 85 3C FB 17 39 14 2B 7E
ID: 153, Data: 80 0 0 FF 0 FF 0 0
ID: 316, Data: 85 3B 2 18 38 14 2B 7E
ID: 316, Data: 85 3A 20 18 38 14 2B 7E
ID: 545, Data: 8E4 67 0 8D 90 2 90 2
ID: 43F, Data: 844 45 60 FF 62 AC 17 0
ID: 1F1, Data: 80 44 5A 61 15 62 21 16
ID: 370, Data: 8FF DA F0 F0 FF FF FF FF
ID: 316, Data: 85 38 4D 18 31 15 2B 7E
ID: 43F, Data: 844 45 60 FF 62 B8 17 0
ID: 370, Data: 8FF DA F0 F0 FF FF FF FF
ID: 545, Data: 8E4 60 0 8D 52 2 52 2
ID: 153, Data: 80 0 0 FF 0 FF 0 0
ID: 316, Data: 85 34 7A 18 2D 15 2C 7E
ID: 1F1, Data: 80 88 5C 81 15 64 51 16
ID: 2A0, Data: 8A1 16 5C 1C 3D 0 17 0
ID: 43F, Data: 844 45 60 FF 62 E4 17 0
ID: 316, Data: 85 30 6B 18 2C 16 2C 7E
ID: 316, Data: 85 30 63 18 2C 16 2C 7E
ID: 316, Data: 85 2F 7A 18 2C 16 2C 7E
ID: 43F, Data: 844 45 60 FF 62 EC 17 0
ID: 316, Data: 85 2E 8A 18 2C 16 2C 7E
ID: 153, Data: 80 0 0 FF 0 FF 0 0
ID: 153, Data: 80 0 0 FF 0 FF 0 0
ID: 316, Data: 85 2C 8A 18 2C 17 2C 7E
ID: A1, Data: 877 77 85 7C 26 0 0 0
ID: 316, Data: 85 2B 91 18 2D 17 2C 7E
ID: 316, Data: 85 2B 91 18 2D 17 2C 7E
ID: 43F, Data: 844 45 60 FF 63 18 18 0
ID: 43F, Data: 844 45 60 FF 62 18 18 0
ID: 18F, Data: 8AA 2D 0 0 0 0 0 0
ID: 316, Data: 85 2B 99 18 2D 17 2C 7E
ID: 153, Data: 80 0 0 FF 0 FF 0 0
ID: 153, Data: 80 0 0 FF 0 FF 0 0
ID: 316, Data: 85 2A A1 18 2D 17 2C 7E
ID: 43F, Data: 844 45 60 FF 62 30 18 0
ID: 316, Data: 85 2A B0 18 2D 17 2C 7E
ID: 153, Data: 80 0 0 FF 0 FF 0 0
ID: 153, Data: 80 0 0 FF 0 FF 0 0
ID: 316, Data: 85 29 A9 18 2D 17 2C 7E
ID: 153, Data: 80 0 0 FF 0 FF 0 0
ID: 316, Data: 85 29 A1 18 2D 17 2C 7E
ID: 316, Data: 85 29 A9 18 2D 17 2C 7E
ID: 260, Data: 8B 2A 2D 30 0 FF C5 8
ID: 43F, Data: 844 45 60 FF 62 3C 18 0
ID: 316, Data: 85 29 B0 18 2D 17 2D 7E
ID: 545, Data: 8E4 4F 0 8D 40 1 40 1
ID: 316, Data: 85 29 A9 18 2D 17 2D 7E
ID: 316, Data: 85 29 A9 18 2D 17 2D 7E
ID: 43F, Data: 844 45 60 FF 62 40 18 0
ID: 43F, Data: 844 45 60 FF 62 48 18 0
ID: 18F, Data: 8AA 2D 0 0 0 0 0 0
ID: 316, Data: 85 29 B8 18 2D 17 2D 7E
ID: 153, Data: 80 0 0 FF 0 FF 0 0
ID: 329, Data: 884 B0 80 8 11 34 9 26
ID: 316, Data: 85 29 C0 18 2D 17 2D 7E
ID: 2A0, Data: 8A1 11 5C 1C 3D 0 17 0
ID: 316, Data: 85 29 C0 18 2D 17 2D 7E
ID: 316, Data: 85 29 C0 18 2D 17 2D 7E
ID: 5F0, Data: 20 0
ID: 316, Data: 85 2A C8 18 2D 17 2D 7E
ID: 316, Data: 85 2A D0 18 2D 17 2D 7E
ID: A1, Data: 880 79 88 7D 23 0 0 0
ID: 153, Data: 80 0 0 FF 0 FF 0 0
ID: 316, Data: 85 29 C0 18 2D 17 2D 7E
ID: 153, Data: 80 0 0 FF 0 FF 0 0
ID: 316, Data: 85 2A B8 18 2C 17 2D 7E
ID: 43F, Data: 844 45 60 FF 63 7C 18 0
ID: 260, Data: 8B 2A 2D 30 0 FF C5 26
ID: 316, Data: 85 2A C0 18 2C 17 2D 7E
ID: 329, Data: 884 B0 80 8 11 34 8 26
ID: 43F, Data: 844 45 60 FF 63 58 18 0
ID: 43F, Data: 844 45 60 FF 63 54 18 0
ID: A0, Data: 833 7C B0 18 2E 2C 2 0
ID: 316, Data: 85 2B A9 18 2C 17 2D 7E
ID: 316, Data: 85 2A B0 18 2C 17 2D 7E
ID: 43F, Data: 844 45 60 FF 62 A4 18 0
ID: 316, Data: 85 2A D8 18 2C 17 2D 7E
ID: 153, Data: 80 0 0 FF 0 FF 0 0
ID: 153, Data: 80 0 0 FF 0 FF 0 0
ID: 316, Data: 85 29 0 19 2C 17 2D 7E
ID: 440, Data: 8FE 94 2D A0 FF AA AA AA
ID: 316, Data: 85 2A F8 18 2C 17 2D 7E
ID: 18F, Data: 8AA 2D 0 0 0 0 0 0
ID: 43F, Data: 844 45 60 FF 63 90 18 0
ID: 316, Data: 85 2B D8 18 2C 17 2D 7E
ID: 316, Data: 85 2A E8 18 2C 17 2D 7E
ID: 316, Data: 85 29 F8 18 2C 17 2D 7E
ID: 316, Data: 85 2A F8 18 2C 17 2D 7E
ID: 43F, Data: 844 45 60 FF 62 A4 18 0
ID: 43F, Data: 844 45 60 FF 62 A0 18 0
ID: 18F, Data: 8AA 2D 0 0 0 0 0 0
ID: 153, Data: 80 0 0 FF 0 FF 0 0
ID: 316, Data: 85 2A E0 18 2D 17 2D 7E
ID: 43F, Data: 844 45 60 FF 62 9C 18 0
ID: 316, Data: 85 2B D8 18 36 21 2D 7E
ID: A1, Data: 884 79 86 7D 23 0 0 0
ID: 153, Data: 80 0 0 FF 0 FF 0 0
ID: 316, Data: 85 2E 7A 19 35 21 2D 7E
ID: 153, Data: 80 0 0 FF 0 FF 0 0
ID: 316, Data: 85 2E 74 1A 38 20 2D 7E
ID: 316, Data: 85 2E 8F 1A 3A 20 2D 7E
ID: 260, Data: 8B 30 3D 30 0 FF CC 27
ID: 43F, Data: 844 45 60 FF 62 BC 18 0
ID: 329, Data: 884 B0 80 8 11 39 C 26
ID: 316, Data: 845 35 B3 1A 3C 20 2E 7E
ID: 316, Data: 845 35 C6 1A 3C 1F 2E 7E
ID: 43F, Data: 844 45 60 FF 63 C4 18 0
ID: 316, Data: 845 39 50 1A 3C 1F 2E 7E
ID: 153, Data: 80 0 0 FF 0 FF 0 0
ID: 280, Data: 830 0 88 B0 35 23 5C 64
ID: 316, Data: 845 3A BC 1A 3C 1F 2E 7E
ID: 43F, Data: 844 45 60 FF 62 EC 18 0
ID: 316, Data: 845 3B EA 1A 3C 1F 2E 7E
ID: 153, Data: 80 0 0 FF 0 FF 0 0
ID: 316, Data: 845 3B EA 1A 3C 1F 2E 7E
ID: 316, Data: 845 3C EA 1A 3C 1F 2E 7E
ID: 370, Data: 8FF DD F0 F0 FF FF FF FF
ID: 153, Data: 80 0 0 FF 0 FF 0 0
ID: 43F, Data: 844 45 60 FF 63 14 19 0
ID: 153, Data: 80 0 0 FF 0 FF 0 0
ID: 316, Data: 845 3C 19 1B 3B 1F 2E 7E
ID: 1F0, Data: 86A 40 B5 BF 0 0 0 0
ID: 260, Data: 8B 3D 3C 30 0 FF CF 37
ID: A0, Data: 846 7C 19 1B 2F 31 2 0
ID: 370, Data: 8FF DB F0 F0 FF FF FF FF
ID: 316, Data: 845 3D 52 1B 3C 1F 2E 7E
ID: A1, Data: 884 75 81 7A 31 0 0 0
ID: 316, Data: 845 3D 48 1B 3C 1F 2E 7E
ID: 316, Data: 845 3D 48 1B 3C 1F 2E 7E
ID: 1F0, Data: 869 40 B5 BF 0 0 0 0
ID: 280, Data: 830 0 88 B0 36 26 5C 68
ID: A0, Data: 846 7C 5C 1B 2F 31 2 0
ID: 1F0, Data: 868 40 B5 BF 0 0 0 0
ID: 316, Data: 845 3D 5C 1B 37 1F 2F 7E
ID: 316, Data: 845 3C 6F 1B 37 1F 2F 7E
ID: 153, Data: 80 0 0 FF 0 FF 0 0
ID: 2A0, Data: 8C1 D 5C 1C 3D 0 17 0
ID: 316, Data: 845 3D 65 1B 34 1F 2F 7E
ID: 280, Data: 830 0 88 B0 36 25 5C 68
ID: 316, Data: 845 3A 78 1B 2F 1F 2F 7E
ID: 260, Data: 8B 39 29 30 0 FF D0 3D
ID: 316, Data: 845 38 52 1B 27 1F 2F 7E
ID: 280, Data: 830 0 88 B0 36 21 5C 61
ID: 153, Data: 80 0 0 FF 0 FF 0 0
ID: 43F, Data: 844 45 60 FF 63 9C 19 0
ID: 316, Data: 845 32 19 1B 28 1F 2F 7E
ID: 370, Data: 8FF DD F0 F0 FF FF FF FF
ID: 316, Data: 845 2F F4 1A 28 20 2F 7E
ID: 153, Data: 80 0 0 FF 0 FF 0 0
ID: 280, Data: 830 0 88 B0 35 1C 5C 52
ID: 316, Data: 845 2E AA 1A 29 20 2F 7E
ID: 153, Data: 80 0 0 FF 0 FF 0 0
ID: 316, Data: 845 2B A1 1A 24 21 2F 7E
ID: 316, Data: 845 2C 98 1A 20 21 2F 7E
ID: 43F, Data: 844 45 60 FF 63 B0 19 0
ID: 440, Data: 8FE E4 2F A0 FF AA AA AA
ID: 153, Data: 80 0 0 FF 0 FF 0 0
ID: 153, Data: 80 0 0 FF 0 FF 0 0
ID: 316, Data: 845 26 74 1A 1E 22 2F 7E
ID: 153, Data: 80 0 0 FF 0 FF 0 0
ID: 18F, Data: 8AA 35 0 0 0 0 0 0
ID: 316, Data: 845 22 13 1A 1E 22 2F 7E
ID: 370, Data: 8FF DD F0 F0 FF FF FF FF
ID: 153, Data: 80 0 0 FF 0 FF 0 0
ID: 316, Data: 845 1E A4 19 1E 22 2F 7E
ID: 316, Data: 845 1D 7A 19 1F 22 2F 7E
ID: 43F, Data: 844 45 60 FF 63 68 19 0
ID: 316, Data: 845 1B 8 19 1F 22 2F 7E
ID: 153, Data: 80 0 0 FF 0 FF 0 0
ID: 316, Data: 845 19 20 18 20 22 2F 7E
ID: 316, Data: 845 18 B9 17 20 22 2F 7E
ID: A1, Data: 885 7B 85 7B 1C 0 0 0
ID: 153, Data: 80 0 0 FF 0 FF 0 0
ID: 316, Data: 845 20 9F 16 23 22 2F 7E
ID: 153, Data: 80 0 0 FF 0 FF 0 0
ID: 18F, Data: 8AA 37 0 0 0 0 0 0
ID: 280, Data: 830 0 88 AF 31 18 5C 42
ID: 153, Data: 80 0 0 FF 0 FF 0 0
ID: 43F, Data: 844 45 60 FF 62 C0 19 0
ID: 2A0, Data: 8A1 8 5C 1D 3D 0 17 0
ID: 43F, Data: 84D 45 60 FF 63 D4 19 0
ID: 316, Data: 845 23 3F 1A 22 22 2F 7E
ID: A0, Data: 829 7C 47 1A 2F 2A 2 0
ID: 316, Data: 845 23 AC 19 22 22 2F 7E
ID: 316, Data: 845 23 8A 19 22 22 2F 7E
ID: 316, Data: 845 22 69 19 22 22 2F 7E
ID: 18F, Data: 8AA 37 0 0 0 0 0 0
ID: 43F, Data: 84D 45 60 FF 62 40 19 0
ID: 316, Data: 845 22 40 19 27 22 2F 7E
ID: 329, Data: 8B AF 80 8 11 32 3 26
ID: 153, Data: 80 0 0 FF 0 FF 0 0
ID: 316, Data: 845 23 61 19 28 22 2F 7E
ID: 440, Data: 8EF E4 2E A0 FF AA AA AA
ID: 260, Data: 8B 23 29 30 0 FF C2 6
ID: 316, Data: 845 24 38 19 29 22 2E 7E
ID: 316, Data: 845 24 38 19 29 22 2E 7E
ID: 316, Data: 845 25 51 19 29 22 2E 7E
ID: 260, Data: 8B 25 29 30 0 FF C2 22
ID: 5F0, Data: 20 0
ID: 280, Data: 830 0 88 AF 33 17 5C 41
ID: 316, Data: 845 26 9B 19 28 22 2E 7E
ID: 43F, Data: 84D 45 60 FF 63 B4 18 0
ID: 280, Data: 830 0 88 AF 32 18 5C 41
ID: 153, Data: 80 0 0 FF 0 FF 0 0
ID: 316, Data: 845 27 28 19 28 22 2E 7E
ID: 153, Data: 80 0 0 FF 0 FF 0 0
ID: 43F, Data: 84D 45 60 FF 63 14 17 0
ID: 260, Data: 8B 28 29 30 0 FF C3 1F
ID: 153, Data: 80 0 0 FF 0 FF 0 0
ID: 316, Data: 845 2A 19 16 2B 21 2E 7E
ID: 153, Data: 80 0 0 FF 0 FF 0 0
ID: 43F, Data: 84D 45 60 FF 63 18 13 0
ID: 2A0, Data: 861 7 5C 1D 3D 0 17 0
ID: 43F, Data: 84D 45 60 FF 63 4 13 0
ID: 440, Data: 8EF 44 2E A0 FF AA AA AA
ID: 316, Data: 845 30 33 14 2C 20 2E 7E
ID: 316, Data: 845 2F 5D 14 2C 20 2E 7E
ID: 43F, Data: 84D 45 60 FF 63 C 13 0
ID: 316, Data: 845 2F 8E 14 21 20 2E 7E
ID: 18F, Data: 8AA 3A 0 0 0 0 0 0
ID: 43F, Data: 845 45 60 FF 63 C 13 0
ID: 153, Data: 80 0 0 FF 0 FF 0 0
ID: 316, Data: 845 2D 73 14 22 21 2E 7E
ID: 153, Data: 80 0 0 FF 0 FF 0 0
ID: A1, Data: 881 7B 81 7B 22 0 0 0
ID: 545, Data: 8E4 41 0 8D 82 0 82 0
ID: 2A0, Data: 820 6 5C 1D 3D 0 17 0
ID: 153, Data: 80 0 0 FF 0 FF 0 0
ID: 153, Data: 80 0 0 FF 0 FF 0 0
ID: 316, Data: 845 22 6A 13 24 21 2E 7E
ID: 545, Data: 8E4 39 0 8D F0 FF F0 FF
ID: 316, Data: 845 20 D0 12 25 21 2E 7E
ID: 260, Data: 8B 20 25 30 0 FF 72 2
ID: 153, Data: 80 0 0 FF 0 FF 0 0
ID: 316, Data: 845 21 3F 12 25 22 2E 7E
ID: 43F, Data: 845 45 60 FF 63 E0 12 0
ID: A0, Data: 836 7C 32 12 2E 29 2 0
ID: 316, Data: 845 25 50 12 25 21 2E 7E
ID: 316, Data: 845 2C AC 12 2D 21 2E 7E
ID: 370, Data: 8FF DD F0 F0 FF FF FF FF
ID: 260, Data: 8B 2E 33 30 0 FF B2 3E
ID: 153, Data: 80 0 0 FF 0 FF 0 0
ID: 329, Data: 840 AF 80 8 11 33 6 26
ID: 316, Data: 845 2D 73 14 33 21 2E 7E
ID: 545, Data: 8E4 49 0 8D DF 0 DF 0
ID: 316, Data: 845 2E 38 14 33 21 2E 7E
ID: 316, Data: 845 2E 38 14 33 20 2E 7E
ID: 316, Data: 845 2F 33 14 33 20 2E 7E
ID: 260, Data: 8B 30 33 30 0 FF BE 20
ID: 153, Data: 80 0 0 FF 0 FF 0 0
ID: 545, Data: 8E4 4C 0 8D D 1 D 1
ID: 316, Data: 845 31 58 14 33 20 2D 7E
ID: 316, Data: 845 31 5D 14 33 20 2D 7E
ID: 153, Data: 80 0 0 FF 0 FF 0 0
ID: 316, Data: 845 30 73 14 35 20 2D 7E
ID: 316, Data: 845 31 78 14 35 20 2D 7E
ID: 43F, Data: 845 45 60 FF 63 B4 12 0
ID: 1F1, Data: 80 22 69 71 16 6F E1 16
ID: 43F, Data: 845 45 60 FF 63 B0 12 0
ID: 316, Data: 845 32 78 14 2F 16 2D 7E
ID: A1, Data: 881 79 81 7D 29 0 0 0
ID: 316, Data: 845 32 88 14 2E 16 2D 7E
ID: 316, Data: 845 33 88 14 2E 16 2D 7E
ID: 43F, Data: 845 45 60 FF 63 9C 12 0
ID: 545, Data: 8E4 4E 0 8D F9 1 F9 1
ID: 153, Data: 80 0 0 FF 0 FF 0 0
ID: 316, Data: 845 33 73 14 2F 16 2D 7E
ID: 153, Data: 80 0 0 FF 0 FF 0 0
ID: 545, Data: 8E4 4E 0 8D F5 1 F5 1
ID: 316, Data: 85 32 E6 14 2F 16 2D 7E
ID: 18F, Data: 8AA 3A 0 0 0 0 0 0
ID: 316, Data: 85 31 D 15 2F 16 2D 7E
ID: 153, Data: 80 0 0 FF 0 FF 0 0
ID: 316, Data: 85 31 E0 14 2F 16 2D 7E
ID: 316, Data: 85 31 CA 14 2F 16 2D 7E
ID: 316, Data: 85 31 C4 14 2F 17 2D 7E
ID: 43F, Data: 845 45 60 FF 63 98 12 0
ID: 316, Data: 85 31 BF 14 2F 17 2D 7E
ID: 153, Data: 80 0 0 FF 0 FF 0 0
ID: 316, Data: 85 30 C4 14 2F 17 2D 7E
ID: 153, Data: 80 0 0 FF 0 FF 0 0
ID: 545, Data: 8E4 4B 0 8D BE 1 BE 1
ID: 316, Data: 85 30 C4 14 2F 17 2D 7E
ID: 316, Data: 85 2F BF 14 30 17 2D 7E
ID: 43F, Data: 845 45 60 FF 63 AC 12 0
ID: 316, Data: 85 30 B4 14 30 17 2D 7E
ID: 316, Data: 85 2F B4 14 30 17 2D 7E
ID: 316, Data: 85 2F B4 14 30 17 2D 7E
ID: 43F, Data: 845 45 60 FF 63 AC 12 0
ID: 43F, Data: 845 45 60 FF 63 B0 12 0
ID: A1, Data: 881 76 81 7A 27 0 0 0
ID: 153, Data: 80 0 0 FF 0 FF 0 0
ID: 316, Data: 85 30 C4 14 30 17 2D 7E
ID: 153, Data: 80 0 0 FF 0 FF 0 0
ID: 280, Data: 830 0 88 AF 29 1D 5C 52
ID: 316, Data: 85 2E BF 14 30 17 2D 7E
ID: 153, Data: 80 0 0 FF 0 FF 0 0
ID: 316, Data: 85 30 B9 14 30 17 2D 7E
ID: 153, Data: 80 0 0 FF 0 FF 0 0
ID: 329, Data: 840 AF 80 8 11 33 0 26
ID: 316, Data: 85 30 AE 14 18 17 2D 7E
ID: 260, Data: 8B 30 19 30 0 FF C0 29
ID: 43F, Data: 845 45 60 FF 62 A4 12 0
ID: 316, Data: 85 2C A3 14 19 17 2D 7E
ID: 153, Data: 80 0 0 FF 0 FF 0 0
ID: 316, Data: 85 26 14 14 1A 18 2D 7E
ID: 153, Data: 80 0 0 FF 0 FF 0 0
ID: 545, Data: 8E4 38 0 8D B0 0 B0 0
ID: 316, Data: 85 21 28 13 1C 18 2D 7E
ID: 153, Data: 80 0 0 FF 0 FF 0 0
ID: 43F, Data: 845 45 60 FF 62 98 12 0
ID: 153, Data: 80 0 0 FF 0 FF 0 0
ID: 316, Data: 85 1B 8D 12 1D 19 2D 7E
ID: 153, Data: 80 0 0 FF 0 FF 0 0
ID: 329, Data: 8B AF 80 8 11 2E 0 26
ID: 316, Data: 85 1A EB 11 1E 19 2D 7E
ID: 316, Data: 85 1B BB 11 1F 19 2D 7E
ID: 43F, Data: 84C 45 60 FF 63 8C 12 0
ID: 43F, Data: 84C 45 60 FF 63 B0 12 0
ID: 153, Data: 80 0 0 FF 0 FF 0 0
ID: 316, Data: 85 1C 54 11 1F 19 2D 7E
ID: 153, Data: 80 0 0 FF 0 FF 0 0
ID: 2A0, Data: 880 5 5C 1D 3D 0 17 0
ID: 316, Data: 85 1D 6F 11 1F 19 2D 7E
ID: 1F0, Data: 869 40 B5 BF 0 0 0 0
ID: 316, Data: 85 1E CB 11 1E 19 2D 7E
ID: 153, Data: 80 0 0 FF 0 FF 0 0
ID: 280, Data: 830 0 84 AF 24 16 5C 3E
ID: 316, Data: 85 1E 84 12 1D 19 2C 7E
ID: 43F, Data: 84C 45 60 FF 63 C 18 0
ID: 316, Data: 85 1D 10 13 1C 18 2C 7E
ID: 545, Data: 8E4 33 0 8D 51 0 51 0
ID: 316, Data: 85 1D 83 13 1C 18 2C 7E
ID: 316, Data: 8D 1C 88 13 1C 19 2C 7E
ID: A0, Data: 828 7C 83 13 2D 27 2 0
ID: 316, Data: 8D 1C B4 13 1B 19 2C 7E
ID: 316, Data: 8D 1B A5 13 1B 19 2C 7E
ID: 153, Data: 80 0 0 FF 0 FF 0 0
ID: 316, Data: 8D 17 5C 13 1C 19 2C 7E
ID: 153, Data: 80 0 0 FF 0 FF 0 0
ID: 316, Data: 8D 17 23 13 1C 19 2C 7E
ID: 316, Data: 8D 17 FE 12 1C 19 2C 7E
ID: 43F, Data: 84C 45 60 FF 62 78 17 0
ID: 43F, Data: 844 45 60 FF 62 6C 17 0
ID: A0, Data: 829 7C FE 12 2C 27 4 0
ID: 316, Data: 8D 13 37 12 1D 19 2B 7E
ID: 316, Data: 8D 13 15 12 1E 19 2B 7E
ID: 43F, Data: 844 45 60 FF 63 48 17 0
ID: 316, Data: 85 17 15 12 2E 19 2B 7E
ID: A0, Data: 82C 7C 0 12 2C 27 4 0
ID: 153, Data: 80 0 0 FF 0 FF 0 0
ID: 316, Data: 85 28 1E 15 31 18 2B 7E
ID: 153, Data: 80 0 0 FF 0 FF 0 0
ID: 316, Data: 85 29 72 17 30 18 2B 7E
ID: 316, Data: 85 2A 9 18 2F 17 2B 7E
ID: 18F, Data: 8AA 33 0 0 0 0 0 0
ID: 5F0, Data: 20 0
ID: 153, Data: 80 0 0 FF 0 FF 0 0
ID: 153, Data: 80 0 0 FF 0 FF 0 0
ID: 545, Data: 8E4 54 0 8D 72 1 72 1
ID: 316, Data: 85 2C 6B 18 32 17 2A 7E
ID: 280, Data: 830 0 88 AF 30 1C 5C 4B
ID: 316, Data: 85 2E 6B 18 32 17 2A 7E
ID: 316, Data: 85 2E 7A 18 34 17 2A 7E
ID: 153, Data: 80 0 0 FF 0 FF 0 0
ID: 316, Data: 85 2F 99 18 36 17 2A 7E
ID: 316, Data: 85 30 A9 18 35 17 2A 7E
ID: 2A0, Data: 8C1 5 5C 1D 3D 0 17 0
ID: 316, Data: 85 30 C8 18 37 17 2A 7E
ID: 316, Data: 85 31 D0 18 37 17 2A 7E
ID: A0, Data: 83C 7C D0 18 2B 2E 2 0
ID: 316, Data: 85 31 F0 18 39 16 2B 7E
ID: 316, Data: 85 33 F8 18 39 16 2B 7E
ID: 43F, Data: 844 45 60 FF 63 2C 17 0
ID: 316, Data: 85 34 18 19 39 16 2B 7E
ID: 370, Data: 8FF DE F0 F0 FF FF FF FF
ID: 316, Data: 85 36 28 19 39 16 2B 7E
ID: 5F0, Data: 20 0
ID: 43F, Data: 844 45 60 FF 63 28 17 0
ID: 153, Data: 80 0 0 FF 0 FF 0 0
ID: 260, Data: 8B 39 39 30 0 FF CC 22
ID: 316, Data: 85 3A 61 19 39 15 2B 7E
ID: 153, Data: 80 0 0 FF 0 FF 0 0
ID: 316, Data: 85 3A 71 19 39 15 2B 7E
ID: 153, Data: 80 0 0 FF 0 FF 0 0
ID: 316, Data: 85 3B 38 19 39 15 2B 7E
ID: 316, Data: 85 3A 18 19 39 15 2B 7E
ID: A0, Data: 844 7C 48 19 2B 2F 2 0
ID: 43F, Data: 844 45 60 FF 62 68 17 0
ID: 370, Data: 8FF DE F0 F0 FF FF FF FF
ID: A0, Data: 844 7C D0 18 2B 2F 2 0
ID: 316, Data: 85 3A 20 18 31 15 2B 7E
ID: 18F, Data: 8AA 31 0 0 0 0 0 0
ID: 43F, Data: 844 45 60 FF 63 74 17 0
ID: 153, Data: 80 0 0 FF 0 FF 0 0
ID: 43F, Data: 844 45 60 FF 63 84 17 0
ID: 43F, Data: 844 45 60 FF 63 88 17 0
ID: 2A0, Data: 861 7 5C 1D 3D 0 17 0
ID: 316, Data: 85 35 63 18 32 15 2B 7E
ID: 316, Data: 85 35 54 18 33 15 2B 7E
ID: A1, Data: 87E 76 80 7A 2C 0 0 0
ID: 43F, Data: 844 45 60 FF 63 98 17 0
ID: 43F, Data: 844 45 60 FF 63 98 17 0
ID: 18F, Data: 8AA 31 0 0 0 0 0 0
ID: 316, Data: 85 33 3E 18 37 16 2B 7E
ID: 153, Data: 80 0 0 FF 0 FF 0 0
ID: 316, Data: 85 33 54 18 37 16 2B 7E
ID: 316, Data: 85 34 73 18 38 16 2B 7E
ID: 260, Data: 8B 34 38 30 0 FF CA 1B
ID: 316, Data: 85 32 A1 18 38 16 2C 7E
ID: 316, Data: 85 34 A1 18 37 16 2C 7E
ID: 370, Data: 8FF DE F0 F0 FF FF FF FF
ID: 316, Data: 85 34 7A 18 37 16 2C 7E
ID: 153, Data: 80 0 0 FF 0 FF 0 0
ID: 316, Data: 85 36 7A 18 37 15 2C 7E
ID: 316, Data: 85 36 82 18 37 15 2C 7E
ID: 260, Data: 8B 37 38 30 0 FF CB 8
ID: 316, Data: 85 35 91 18 13 15 2C 7E
ID: 153, Data: 80 0 0 FF 0 FF 0 0
ID: 153, Data: 80 0 0 FF 0 FF 0 0
ID: 280, Data: 830 0 88 B0 31 22 5C 59
ID: 43F, Data: 844 45 60 FF 62 E4 17 0
ID: A1, Data: 880 76 81 7A 28 0 0 0
ID: 153, Data: 80 0 0 FF 0 FF 0 0
ID: 316, Data: 85 26 A4 17 16 18 2C 7E
ID: 153, Data: 80 0 0 FF 0 FF 0 0
ID: 280, Data: 830 0 84 B0 2F 14 5C 3A
ID: 316, Data: 85 1F 2 18 17 18 2C 7E
ID: 153, Data: 80 0 0 FF 0 FF 0 0
ID: 316, Data: 85 1A C7 17 17 19 2C 7E
ID: 153, Data: 80 0 0 FF 0 FF 0 0
ID: 316, Data: 85 18 72 17 17 19 2C 7E
ID: 316, Data: 85 17 18 17 18 19 2C 7E
ID: 18F, Data: 8AA 30 0 0 0 0 0 0
ID: 43F, Data: 844 45 60 FF 62 AC 17 0
ID: 153, Data: 80 0 0 FF 0 FF 0 0
ID: 43F, Data: 844 45 60 FF 62 A8 17 0
ID: 316, Data: 85 17 4C 15 1A 19 2B 7E
ID: 260, Data: 8B 18 1A 30 0 FF 6A 2E
ID: 316, Data: 85 18 78 14 1B 19 2B 7E
ID: 316, Data: 85 18 3E 14 1B 19 2B 7E
ID: 43F, Data: 844 45 60 FF 63 64 17 0
ID: 5F0, Data: 20 0
ID: A0, Data: 82B 7C 83 13 2C 27 2 0
ID: A1, Data: 880 7B 80 7B 1A 0 0 0
ID: 153, Data: 80 0 0 FF 0 FF 0 0
ID: 316, Data: 85 1B AC 12 1D 19 2B 7E
ID: 18F, Data: 8AA 30 0 0 0 0 0 0
ID: 153, Data: 80 0 0 FF 0 FF 0 0
ID: 316, Data: 85 1C 6E 12 1D 19 2B 7E
ID: 43F, Data: 844 45 60 FF 63 1C 17 0
ID: 316, Data: 85 1D 61 12 1D 19 2B 7E
ID: A1, Data: 880 7B 7D 7B 1D 0 0 0
ID: 153, Data: 80 0 0 FF 0 FF 0 0
ID: 316, Data: 8D 1D 3B 12 1D 19 2A 7E
ID: 153, Data: 80 0 0 FF 0 FF 0 0
ID: 316, Data: 8D 1D 3B 12 1D 19 2A 7E
ID: 316, Data: 8D 1D 1D 12 1D 19 2A 7E
ID: A1, Data: 880 7B 80 7B 1D 0 0 0
ID: 43F, Data: 844 45 60 FF 63 9C 16 0
ID: 153, Data: 80 0 0 FF 0 FF 0 0
ID: 260, Data: 80 19 1E 30 0 FF 4F 3
ID: 329, Data: 884 B0 80 8 12 2F 0 26
ID: 18F, Data: 8AA 2F 0 0 0 0 0 0
ID: 316, Data: 8D 14 AA 11 1E 19 29 7E
ID: 43F, Data: 844 45 60 FF 63 28 16 0
ID: 316, Data: 8D 14 E7 11 1D 19 29 7E
ID: A1, Data: 880 7B 80 7B 1D 0 0 0
ID: 153, Data: 80 0 0 FF 0 FF 0 0
ID: 316, Data: 8D E CC 12 1C 18 28 7E
ID: 153, Data: 80 0 0 FF 0 FF 0 0
ID: 316, Data: 8D E C8 13 1B 18 28 7E
ID: 316, Data: 8D E F 14 1A 18 28 7E
ID: 316, Data: 8D E 98 14 1A 18 28 7E
ID: 18F, Data: 8AA 2F 0 0 0 0 0 0
ID: 153, Data: 80 0 0 FF 0 FF 0 0
ID: 316, Data: 8D 8 1E 15 19 18 27 7E
ID: 545, Data: 8E4 11 0 8D E3 FE E3 FE
ID: A1, Data: 880 7B 80 7B 1B 0 0 0
ID: 316, Data: 8D 4 AE 14 1B 19 27 7E
ID: 316, Data: 8D 4 9E 14 1B 18 26 7E
ID: A1, Data: 880 7B 80 7B 1B 0 0 0
ID: 1F1, Data: 80 98 29 91 12 30 11 13
ID: 43F, Data: 844 45 60 FF 63 4C 14 0
ID: 43F, Data: 844 45 60 FF 63 28 14 0
ID: 153, Data: 80 0 0 FF 0 FF 0 0
ID: 329, Data: 840 B0 80 8 12 2F 0 26
ID: 316, Data: 8D 0 83 13 1B 18 25 7E
ID: 260, Data: 80 0 1C 30 0 FF 4F F
ID: 43F, Data: 844 45 60 FF 63 90 13 0
ID: 153, Data: 80 0 0 FF 0 FF 0 0
ID: 316, Data: 8D 0 F0 12 1C 18 24 7E
ID: 316, Data: 8D 0 DE 12 1C 18 24 7E
ID: 2A0, Data: 840 3 5C 1D 3D 0 17 0
ID: 43F, Data: 844 45 60 FF 63 DC 12 0
ID: 370, Data: 8FF DE F0 F0 FF FF FF FF
ID: 280, Data: 830 0 20 B0 24 16 5C 3F
ID: 316, Data: 8D 0 4 12 1D 19 23 7E
ID: 260, Data: 80 0 1D 30 0 FF 4F 1D
ID: 43F, Data: 84B 45 60 FF 63 2C 12 0
ID: 153, Data: 80 0 0 FF 0 FF 0 0
ID: 316, Data: 8D 0 58 11 1E 19 22 7E
ID: 43F, Data: 84B 45 60 FF 63 C4 11 0
ID: 545, Data: 8E4 0 0 8D 41 FE 41 FE
ID: 316, Data: 8D 0 FA 10 1E 19 21 7E
ID: 316, Data: 8D 0 CA 10 1E 19 21 7E
ID: A0, Data: 82E 7C FA 10 21 27 4 0
ID: 43F, Data: 84B 45 60 FF 63 7C 10 0
ID: 43F, Data: 84B 45 60 FF 63 48 10 0
ID: 545, Data: 8E4 8 0 8C FB FE FB FE
ID: 316, Data: 85 10 41 F 21 19 1F 7E
ID: 316, Data: 85 16 D9 E 21 1A 1F 7E
ID: A0, Data: 831 7C 41 F 20 26 2 0
ID: 43F, Data: 84B 45 60 FF 63 94 11 0
ID: 43F, Data: 84B 45 60 FF 62 28 12 0
ID: 2A0, Data: 8E0 2 5C 1D 3D 0 17 0
ID: 153, Data: 80 0 0 FF 0 FF 0 0
ID: 316, Data: 85 23 F2 D 22 1A 1E 7E
ID: 316, Data: 85 23 8B E 22 1A 1D 7E
ID: 316, Data: 85 22 44 F 20 19 1D 7E
ID: A1, Data: 880 7B 80 7B 21 0 0 0
ID: 153, Data: 80 0 0 FF 0 FF 0 0
ID: 5F0, Data: 20 0
ID: 153, Data: 80 0 0 FF 0 FF 0 0
ID: 43F, Data: 84B 45 60 FF 62 E0 12 0
ID: 2A0, Data: 880 2 5C 1D 3D 0 17 0
ID: 153, Data: 80 0 0 FF 0 FF 0 0
ID: 316, Data: 85 1D 41 11 1D 19 1C 7E
ID: 153, Data: 80 0 0 FF 0 FF 0 0
ID: 329, Data: 840 B0 80 8 12 2F 0 26
ID: 316, Data: 85 1D 49 11 24 19 1B 7E
ID: 2A0, Data: 8E0 2 5C 1D 3D 0 17 0
ID: 43F, Data: 8B 45 60 FF 62 6C 12 0
ID: 370, Data: 8FF DE F0 F0 FF FF FF FF
ID: 260, Data: 8B 21 25 30 0 FF 4F 34
ID: 316, Data: 85 22 75 10 25 19 1A 7E
ID: 316, Data: 85 23 72 10 24 19 1A 7E
ID: 43F, Data: 8B 45 60 FF 63 E8 11 0
ID: 316, Data: 85 25 64 10 24 19 1A 7E
ID: A1, Data: 890 7B 90 7B 22 0 0 0
ID: 316, Data: 85 26 8E 10 23 18 19 7E
ID: 316, Data: 85 26 98 10 23 18 19 7E
ID: A1, Data: 88F 7B 8F 7B 23 0 0 0
ID: 316, Data: 85 26 C7 10 22 18 19 7E
ID: 153, Data: 80 0 0 FF 0 FF 0 0
ID: 260, Data: 8B 26 22 30 0 FF 51 20
ID: 329, Data: 884 B0 80 8 12 2F 0 26
ID: A1, Data: 88F 7B 8F 7B 23 0 0 0
ID: 316, Data: 85 24 23 11 21 18 19 7E
ID: 153, Data: 80 0 0 FF 0 FF 0 0
ID: A0, Data: 831 7C 49 11 19 27 2 0
ID: 316, Data: 85 23 F2 10 22 18 18 7E
ID: 1F0, Data: 8AD 40 B5 BF 0 0 0 0
ID: 5F0, Data: 20 0
ID: 153, Data: 80 0 0 FF 0 FF 0 0
ID: 43F, Data: 83 45 60 FF 63 74 10 0
ID: 5F0, Data: 20 0
ID: 43F, Data: 83 45 60 FF 63 60 10 0
ID: 153, Data: 80 0 0 FF 0 FF 0 0
ID: 316, Data: 85 23 42 10 23 19 18 7E
ID: 440, Data: 8FE 63 16 A0 FF AA AA AA
ID: A1, Data: 88C 7B 8C 7B 21 0 0 0
ID: 316, Data: 85 23 1A 10 24 19 17 7E
ID: 153, Data: 80 0 0 FF 0 FF 0 0
ID: 153, Data: 80 0 0 FF 0 FF 0 0
ID: 260, Data: 8B 23 24 30 0 FF 57 1C
ID: 316, Data: 85 23 EC F 24 19 17 7E
ID: 153, Data: 80 0 0 FF 0 FF 0 0
ID: 153, Data: 80 0 0 FF 0 FF 0 0
ID: 153, Data: 80 0 0 FF 0 FF 0 0
ID: 260, Data: 8B 24 25 30 0 FF 58 28
ID: 316, Data: 85 24 B9 F 24 19 16 7E
ID: 43F, Data: 83 45 60 FF 62 2C F 0
ID: 316, Data: 85 24 50 F 25 19 16 7E
ID: 316, Data: 85 24 53 F 25 19 16 7E
ID: 260, Data: 8B 24 26 30 0 FF 5A 7
ID: 43F, Data: 83 45 60 FF 63 98 E 0
ID: 316, Data: 85 24 1B F 26 19 15 7E
ID: 316, Data: 85 25 12 F 26 19 15 7E
ID: 18F, Data: 8AA 2E 0 0 0 0 0 0
ID: 153, Data: 80 0 0 FF 0 FF 0 0
ID: 1F0, Data: 8CB 40 B5 BF 0 0 0 0
ID: 2A0, Data: 880 1 5C 1D 3D 0 17 0
ID: 260, Data: 8B 25 27 30 0 FF 5D 11
ID: 153, Data: 80 0 0 FF 0 FF 0 0
ID: 5F0, Data: 20 0
ID: 316, Data: 85 26 60 E 27 19 14 7E
ID: 43F, Data: 83 45 60 FF 63 6C D 0
ID: 43F, Data: 83 45 60 FF 63 48 D 0
ID: 43F, Data: 83 45 60 FF 62 30 D 0
ID: 43F, Data: 83 45 60 FF 62 14 D 0
ID: 43F, Data: 83 45 60 FF 62 FC C 0
ID: 153, Data: 80 0 0 FF 0 FF 0 0
ID: 316, Data: 85 27 15 E 28 19 13 7E
ID: 43F, Data: 83 45 60 FF 63 98 C 0
ID: 316, Data: 85 27 F2 D 28 19 13 7E
ID: 316, Data: 85 27 E1 D 29 19 12 7E
ID: A1, Data: 887 7B 85 7B 24 0 0 0
ID: 316, Data: 85 28 9F D 29 19 12 7E
ID: 153, Data: 80 0 0 FF 0 FF 0 0
ID: 329, Data: 884 B0 80 8 12 2F 0 26
ID: 316, Data: 85 29 5C D 2A 19 11 7E
ID: 260, Data: 8B 29 2A 30 0 FF 62 14
ID: 43F, Data: 83 45 60 FF 62 1C B 0
ID: 5F0, Data: 20 0
ID: 316, Data: 85 2A 18 D 20 1A 10 7E
ID: 316, Data: 85 2A E D 20 1A 10 7E
ID: A0, Data: 83B 7C 33 D 11 27 2 0
ID: 153, Data: 80 0 0 FF 0 FF 0 0
ID: 153, Data: 80 0 0 FF 0 FF 0 0
ID: 43F, Data: 83 45 60 FF 63 D4 9 0
ID: 545, Data: 8E4 2A 0 8D E1 0 E1 0
ID: 153, Data: 80 0 0 FF 0 FF 0 0
ID: 43F, Data: 83 45 60 FF 63 24 9 0
ID: A1, Data: 883 7B 83 7B 24 0 0 0
ID: 153, Data: 80 0 0 FF 0 FF 0 0
ID: 153, Data: 80 0 0 FF 0 FF 0 0
ID: 153, Data: 80 0 0 FF 0 FF 0 0
ID: 2A0, Data: 880 0 5C 1D 3D 0 17 0
ID: 316, Data: 85 24 4F B 27 1A C 7E
ID: 545, Data: 8E4 24 0 8C A8 0 A8 0
ID: A1, Data: 884 7B 82 7B 23 0 0 0
ID: 370, Data: 8FF DE F0 F0 FF FF FF FF
ID: 370, Data: 8FF DE F0 F0 FF FF FF FF
ID: 2A0, Data: 8E0 0 5C 1D 3D 0 17 0
ID: 316, Data: 85 25 63 A 29 19 A 7E
ID: 153, Data: 80 0 0 FF 0 FF 0 0
ID: 545, Data: 8E4 22 0 8D D8 0 D8 0
ID: 316, Data: 85 26 6C A 29 19 9 7E
ID: 545, Data: 8E4 23 0 8D E1 0 E1 0
ID: 153, Data: 80 0 0 FF 0 FF 0 0
ID: 43F, Data: 82 45 60 FF 62 E8 8 0
ID: 153, Data: 80 0 0 FF 0 FF 0 0
ID: 153, Data: 80 0 0 FF 0 FF 0 0
ID: A1, Data: 881 7B 80 7B 24 0 0 0
ID: 329, Data: 884 B0 80 8 12 2C 0 26
ID: 370, Data: 8FF DE F0 F0 FF FF FF FF
ID: 153, Data: 80 0 0 FF 0 FF 0 0
ID: 329, Data: 8B B0 80 8 12 2C 0 26
ID: 316, Data: 85 26 34 B 26 1A 8 7E
ID: 316, Data: 85 26 3A B 26 1A 8 7E
ID: 18F, Data: 8AA 2E 0 0 0 0 0 0
ID: 153, Data: 80 0 0 FF 0 FF 0 0
ID: 260, Data: 8B 26 27 30 0 FF 6F E
ID: 316, Data: 85 25 21 B 26 1A 8 7E
ID: 18F, Data: 8AA 2E 0 0 0 0 0 0
ID: 370, Data: 8FF DE F0 F0 FF FF FF FF
ID: 260, Data: 8B 26 26 30 0 FF 70 D
ID: 153, Data: 80 0 0 FF 0 FF 0 0
ID: 316, Data: 85 25 74 B 25 1A 8 7E
ID: 43F, Data: 82 45 60 FF 62 B8 8 0
ID: 440, Data: 8FE 72 7 A0 FF AA AA AA
ID: 370, Data: 8FF DE F0 F0 FF FF FF FF
ID: 153, Data: 80 0 0 FF 0 FF 0 0
ID: 260, Data: 8B 24 24 30 0 FF 72 1E
ID: 316, Data: 85 24 8D B 24 1A 8 7E
ID: A1, Data: 87D 7B 7D 7B 23 0 0 0
ID: 153, Data: 80 0 0 FF 0 FF 0 0
ID: 153, Data: 80 0 0 FF 0 FF 0 0
ID: 153, Data: 80 0 0 FF 0 FF 0 0
ID: 545, Data: 8E4 22 0 8D A8 0 A8 0
ID: 316, Data: 85 23 22 B 25 1A 8 7E
ID: 2A0, Data: 820 0 5C 1D 3D 0 17 0
ID: 43F, Data: 82 45 60 FF 62 2C 8 0
ID: 153, Data: 80 0 0 FF 0 FF 0 0
ID: 153, Data: 80 0 0 FF 0 FF 0 0
ID: 5F0, Data: 20 0
ID: 5A0, Data: 80 0 0 90 0 0 0 0
ID: 18F, Data: 8AA 2E 0 0 0 0 0 0
ID: 153, Data: 80 0 0 FF 0 FF 0 0
ID: 316, Data: 85 2D 9B B 3C 1A 7 7E
ID: 43F, Data: 82 45 60 FF 62 C 8 0
ID: 440, Data: 8F7 82 7 A0 FF AA AA AA
ID: 43F, Data: 82 45 60 FF 62 20 8 0
ID: 2A0, Data: 861 0 5C 1D 3D 0 17 0
ID: 153, Data: 80 0 0 FF 0 FF 0 0
ID: 153, Data: 80 0 0 FF 0 FF 0 0
ID: 370, Data: 8FF DE F0 F0 FF FF FF FF
ID: 2A0, Data: 861 1 5C 1D 3D 0 17 0
ID: 153, Data: 80 0 0 FF 0 FF 0 0
ID: 316, Data: 85 33 F7 D 36 19 8 7E
ID: 370, Data: 8FF DE F0 F0 FF FF FF FF
ID: 316, Data: 85 34 86 E 35 18 8 7E
ID: 153, Data: 80 0 0 FF 0 FF 0 0
ID: 153, Data: 80 0 0 FF 0 FF 0 0
ID: 1F1, Data: 80 84 3C 40 4 39 30 4
ID: A1, Data: 88B 79 89 7D 29 0 0 0
ID: 316, Data: 85 33 74 F 35 18 8 7E
ID: 43F, Data: 82 45 60 FF 63 9C 8 0
ID: 316, Data: 85 34 A3 F 38 18 8 7E
ID: 316, Data: 85 34 B5 F 3A 18 8 7E
ID: 545, Data: 8E4 43 0 8D F8 1 F8 1
ID: 18F, Data: 8AA 2E 0 0 0 0 0 0
ID: 153, Data: 80 0 0 FF 0 FF 0 0
ID: 18F, Data: 8AA 2E 0 0 0 0 0 0
ID: 280, Data: 830 0 88 B0 20 21 5C 59
ID: 153, Data: 80 0 0 FF 0 FF 0 0
ID: 153, Data: 80 0 0 FF 0 FF 0 0
ID: 545, Data: 8E4 48 0 8D 2C 2 2C 2
ID: 316, Data: 85 37 C3 10 3B 17 8 7E
ID: 545, Data: 8E4 49 0 8D 35 2 35 2
ID: 153, Data: 80 0 0 FF 0 FF 0 0
ID: 316, Data: 85 37 C 11 3F 17 8 7E
ID: 153, Data: 80 0 0 FF 0 FF 0 0
ID: 316, Data: 85 38 3D 11 41 17 8 7E
ID: 153, Data: 80 0 0 FF 0 FF 0 0
ID: 316, Data: 85 38 64 11 41 16 8 7E
ID: 153, Data: 80 0 0 FF 0 FF 0 0
ID: 153, Data: 80 0 0 FF 0 FF 0 0
ID: 43F, Data: 82 45 60 FF 62 64 9 0
ID: 153, Data: 80 0 0 FF 0 FF 0 0
ID: 43F, Data: 82 45 60 FF 63 90 9 0
ID: 153, Data: 80 0 0 FF 0 FF 0 0
ID: 153, Data: 80 0 0 FF 0 FF 0 0
ID: 153, Data: 80 0 0 FF 0 FF 0 0
ID: 2A0, Data: 8C1 5 5C 1D 3D 0 17 0
ID: 316, Data: 85 3B 2E 12 43 15 9 7E
ID: 260, Data: 8B 3C 43 30 0 FF BF 4
ID: 43F, Data: 82 45 60 FF 62 44 A 0
ID: 43F, Data: 82 45 60 FF 63 6C A 0
ID: 440, Data: 8E0 22 9 A0 FF AA AA AA
ID: 280, Data: 830 0 88 B0 25 25 5C 6A
ID: 153, Data: 80 0 0 FF 0 FF 0 0
ID: 316, Data: 85 3B E7 12 44 15 9 7E
ID: 316, Data: 85 3D F5 12 44 15 9 7E
ID: 545, Data: 8E4 62 0 8D DF 2 DF 2
ID: 43F, Data: 82 45 60 FF 63 E0 A 0
ID: 153, Data: 80 0 0 FF 0 FF 0 0
ID: 316, Data: 85 3F 79 13 43 14 A 7E
ID: 316, Data: 85 3E A0 13 43 14 A 7E
ID: 1F0, Data: 8CA 40 B5 BF 0 0 0 0
ID: A1, Data: 88C 77 8D 7B 35 0 0 0
ID: 43F, Data: 82 45 60 FF 63 74 B 0
ID: 43F, Data: 82 45 60 FF 63 78 B 0
ID: 43F, Data: 82 45 60 FF 63 98 B 0
ID: 153, Data: 80 0 0 FF 0 FF 0 0
ID: 43F, Data: 82 45 60 FF 63 CC B 0
ID: 153, Data: 80 0 0 FF 0 FF 0 0
ID: 316, Data: 85 40 43 14 42 14 B 7E
ID: 316, Data: 85 40 4D 14 49 14 B 7E
ID: 316, Data: 85 3F 53 14 49 14 B 7E
ID: 1F0, Data: 8D6 40 B5 BF 0 0 0 0
ID: 153, Data: 80 0 0 FF 0 FF 0 0
ID: 43F, Data: 82 45 60 FF 63 78 C 0
ID: 153, Data: 80 0 0 FF 0 FF 0 0
ID: 153, Data: 80 0 0 FF 0 FF 0 0
ID: 316, Data: 85 45 E0 14 49 14 C 7E
ID: A0, Data: 851 7D E0 14 C 30 2 0
ID: 316, Data: 85 46 13 15 49 14 C 7E
ID: 1F1, Data: 80 A 59 70 6 57 90 6
ID: 153, Data: 80 0 0 FF 0 FF 0 0
ID: 545, Data: 8E4 79 0 8D 8E 3 8E 3
ID: 153, Data: 80 0 0 FF 0 FF 0 0
ID: 280, Data: 830 0 88 B0 2B 2C 5C 79
ID: 43F, Data: 82 45 60 FF 63 CC D 0
ID: A0, Data: 850 7D C9 15 D 30 2 0
ID: 316, Data: 85 45 C 16 40 13 D 7E
ID: 153, Data: 80 0 0 FF 0 FF 0 0
ID: 316, Data: 85 44 0 16 41 14 D 7E
ID: 440, Data: 8ED 22 C A0 FF AA AA AA
ID: 316, Data: 85 43 F4 15 39 14 D 7E
ID: A0, Data: 84B 7D FA 15 E 2F 2 0
ID: 153, Data: 80 0 0 FF 0 FF 0 0
ID: 316, Data: 85 40 B7 15 36 14 E 7E
ID: 153, Data: 80 0 0 FF 0 FF 0 0
ID: 316, Data: 85 3F 9F 15 36 14 E 7E
ID: 153, Data: 80 0 0 FF 0 FF 0 0
ID: 153, Data: 80 0 0 FF 0 FF 0 0
ID: 370, Data: 8FF DE F0 F0 FF FF FF FF
ID: 43F, Data: 82 45 60 FF 63 30 F 0
ID: 316, Data: 85 3A 4C 15 2F 14 E 7E
ID: 18F, Data: 8AA 2E 0 0 0 0 0 0
ID: 153, Data: 80 0 0 FF 0 FF 0 0
ID: 440, Data: 8FD 22 D A0 FF AA AA AA
ID: 329, Data: 884 B0 80 8 11 34 B 26
ID: 316, Data: 85 35 E6 14 30 15 F 7E
ID: 316, Data: 85 35 C4 14 2F 15 F 7E
ID: 18F, Data: 8AA 2E 0 0 0 0 0 0
ID: 316, Data: 85 34 83 14 30 15 F 7E
ID: 153, Data: 80 0 0 FF 0 FF 0 0
ID: 316, Data: 85 32 63 14 2E 15 F 7E
ID: 153, Data: 80 0 0 FF 0 FF 0 0
ID: 153, Data: 80 0 0 FF 0 FF 0 0
ID: 316, Data: 85 31 1E 14 16 16 F 7E
ID: 43F, Data: 82 45 60 FF 63 58 10 0
ID: 440, Data: 8FE 22 E A0 FF AA AA AA
ID: 329, Data: 8B B1 80 8 11 2E 0 26
ID: 5F0, Data: 20 0
ID: 316, Data: 85 29 4E 13 18 17 F 7E
ID: 43F, Data: 82 45 60 FF 63 98 10 0
ID: 43F, Data: 82 45 60 FF 63 A4 10 0
ID: 260, Data: 8B 25 1A 30 0 FF AD 29
ID: 316, Data: 85 21 2E 12 1B 18 10 7E
ID: 316, Data: 85 20 E7 11 1B 19 10 7E
ID: 43F, Data: 82 45 60 FF 63 8C 10 0
ID: 43F, Data: 82 45 60 FF 63 84 10 0
ID: 2A0, Data: 820 9 5C 1D 3D 0 17 0
ID: 316, Data: 85 1A E4 10 1D 19 F 7E
ID: 316, Data: 85 19 A7 10 1D 19 F 7E
ID: 316, Data: 85 19 87 10 1E 19 F 7E
ID: 43F, Data: 82 45 60 FF 63 84 10 0
ID: 153, Data: 80 0 0 FF 0 FF 0 0
ID: 43F, Data: 82 45 60 FF 63 64 10 0
ID: 316, Data: 85 1B 79 10 1E 19 F 7E
ID: 545, Data: 8E4 30 0 8D 24 0 24 0
ID: 440, Data: 8FE 72 E A0 FF AA AA AA
ID: 153, Data: 80 0 0 FF 0 FF 0 0
ID: 1F0, Data: 89B 40 B5 BF 0 0 0 0
ID: 316, Data: 85 1C D2 10 1D 19 F 7E
ID: 153, Data: 80 0 0 FF 0 FF 0 0
ID: A0, Data: 82C 7D D2 10 F 26 2 0
ID: 329, Data: 8B B1 80 8 11 2E 0 26
ID: 545, Data: 8E4 32 0 8D 3D 0 3D 0
ID: 43F, Data: 82 45 60 FF 63 20 10 0
ID: 440, Data: 8FE 72 E A0 FF AA AA AA
ID: 316, Data: 85 1D 9C 10 1D 19 F 7E
ID: A1, Data: 896 7B 87 7B 1E 0 0 0
ID: 153, Data: 80 0 0 FF 0 FF 0 0
ID: 5F0, Data: 20 0
ID: 153, Data: 80 0 0 FF 0 FF 0 0
ID: 153, Data: 80 0 0 FF 0 FF 0 0
ID: 2A0, Data: 880 7 5C 1D 3D 0 17 0
ID: 316, Data: 85 1E 75 10 1D 19 E 7E
ID: 2A0, Data: 840 7 5C 1D 3D 0 17 0
ID: 316, Data: 85 1E 68 10 1D 19 E 7E
ID: 316, Data: 85 1E 7C 10 1C 19 E 7E
ID: 153, Data: 80 0 0 FF 0 FF 0 0
ID: 153, Data: 80 0 0 FF 0 FF 0 0
ID: 2A0, Data: 880 6 5C 1D 3D 0 17 0
ID: 316, Data: 85 1D 61 10 1C 19 E 7E
ID: 545, Data: 8E4 2E 0 8D 41 0 41 0
ID: 5F0, Data: 20 0
ID: 316, Data: 85 1D 21 10 1C 19 E 7E
ID: 43F, Data: 82 45 60 FF 63 74 F 0
ID: 43F, Data: 82 45 60 FF 63 70 F 0
ID: 280, Data: 830 0 84 B1 1F 15 5C 3E
ID: A1, Data: 894 7B 82 7B 1E 0 0 0
ID: 316, Data: 85 1C D9 F 1C 1A E 7E
ID: 316, Data: 85 1C DF F 1C 1A E 7E
ID: 316, Data: 85 1C BC F 1C 1A D 7E
ID: 260, Data: 8B 1C 1C 30 0 FF 7A 9
ID: 316, Data: 85 1C 99 F 1C 1A D 7E
ID: 153, Data: 80 0 0 FF 0 FF 0 0
ID: 153, Data: 80 0 0 FF 0 FF 0 0
ID: 1F0, Data: 868 40 B5 BF 0 0 0 0
ID: 43F, Data: 82 45 60 FF 63 C F 0
ID: 43F, Data: 82 45 60 FF 63 0 F 0
ID: 43F, Data: 82 45 60 FF 63 F8 E 0
ID: 43F, Data: 82 45 60 FF 63 E8 E 0
ID: 43F, Data: 82 45 60 FF 63 E0 E 0
ID: 43F, Data: 82 45 60 FF 63 DC E 0
ID: 280, Data: 830 0 84 B1 1E 15 5C 3F
ID: 370, Data: 8FF E1 F0 F0 FF FF FF FF
ID: 316, Data: 85 1C 1B F 1C 1A D 7E
ID: 153, Data: 80 0 0 FF 0 FF 0 0
ID: 43F, Data: 82 45 60 FF 63 40 E 0
ID: 153, Data: 80 0 0 FF 0 FF 0 0
ID: 153, Data: 80 0 0 FF 0 FF 0 0
ID: 153, Data: 80 0 0 FF 0 FF 0 0
ID: 370, Data: 8FF E1 F0 F0 FF FF FF FF
ID: 316, Data: 85 1C 7B E 1E 1A C 7E
ID: 316, Data: 85 1C 60 E 1E 1A C 7E
ID: 153, Data: 80 0 0 FF 0 FF 0 0
ID: 316, Data: 85 1C 1 E 1E 1A C 7E
ID: 370, Data: 8FF E1 F0 F0 FF FF FF FF
ID: 43F, Data: 82 45 60 FF 63 9C C 0
ID: 153, Data: 80 0 0 FF 0 FF 0 0
ID: 153, Data: 80 0 0 FF 0 FF 0 0
ID: 153, Data: 80 0 0 FF 0 FF 0 0
ID: 280, Data: 830 0 84 B1 1A 16 5C 42
ID: 316, Data: 85 1E 9 D 20 1B B 7E
ID: 43F, Data: 82 45 60 FF 63 10 B 0
ID: 43F, Data: 82 45 60 FF 63 E8 A 0
ID: 43F, Data: 82 45 60 FF 63 D4 A 0
ID: 1F1, Data: 80 4D 48 B0 4 4A D0 4
ID: 43F, Data: 82 45 60 FF 63 10 A 0
ID: 440, Data: 8FE 82 9 A0 FF AA AA AA
ID: 440, Data: 8FE 82 9 A0 FF AA AA AA
ID: 316, Data: 85 20 9D B 23 1A 9 7E
ID: 153, Data: 80 0 0 FF 0 FF 0 0
ID: 5F0, Data: 20 0
ID: A1, Data: 888 7B 84 7C 21 0 0 0
ID: 260, Data: 8B 21 25 30 0 FF 72 10
ID: A1, Data: 888 7B 84 7C 22 0 0 0
ID: 43F, Data: 82 45 60 FF 63 8 8 0
ID: 43F, Data: 82 45 60 FF 63 C8 7 0
ID: 153, Data: 80 0 0 FF 0 FF 0 0
ID: 316, Data: 85 23 DD A 25 1A 7 7E
ID: 1F1, Data: 80 6E 30 30 3 33 40 3
ID: 153, Data: 80 0 0 FF 0 FF 0 0
ID: 329, Data: 8B B1 80 8 12 2B 0 26
ID: 153, Data: 80 0 0 FF 0 FF 0 0
ID: 329, Data: 840 B1 80 8 12 2B 0 26
ID: 316, Data: 85 24 B9 A 25 1A 6 7E
ID: 2A0, Data: 840 3 5C 1D 3D 0 17 0
ID: 153, Data: 80 0 0 FF 0 FF 0 0
ID: 153, Data: 80 0 0 FF 0 FF 0 0
ID: 18F, Data: 8AA 2E 0 0 0 0 0 0
ID: 545, Data: 8E4 23 0 8D BE 0 BE 0
ID: 316, Data: 85 24 57 A 26 19 5 7E
ID: 545, Data: 8E4 23 0 8C C3 0 C3 0
ID: 43F, Data: 82 45 60 FF 63 2C 4 0
ID: 43F, Data: 82 45 60 FF 63 F4 3 0
ID: 153, Data: 80 0 0 FF 0 FF 0 0
ID: 43F, Data: 82 45 60 FF 63 78 3 0
ID: 1F1, Data: 80 60 17 80 1 18 90 1
ID: 153, Data: 80 0 0 FF 0 FF 0 0
ID: 280, Data: 830 0 84 B1 14 1B 5C 4C
ID: 316, Data: 85 24 5F A 26 19 3 7E
ID: 43F, Data: 82 45 60 FF 63 6C 2 0
ID: 153, Data: 80 0 0 FF 0 FF 0 0
ID: 43F, Data: 89 45 60 FF 63 10 2 0
ID: 5F0, Data: 20 0
ID: 153, Data: 80 0 0 FF 0 FF 0 0
ID: 440, Data: 8B2 82 1 A0 FF AA AA AA
ID: 43F, Data: 89 45 60 FF 63 64 1 0
ID: 440, Data: 8AF 82 1 A0 FF AA AA AA
ID: 329, Data: 8B B1 80 8 12 2B 0 26
ID: 153, Data: 80 0 0 FF 0 FF 0 0
ID: 316, Data: 85 25 29 A 27 19 1 7E
ID: 153, Data: 80 0 0 FF 0 FF 0 0
ID: 316, Data: 85 25 2E A 26 19 1 7E
ID: 43F, Data: 89 45 60 FF 63 8 0 0
ID: 370, Data: 8FF E1 F0 F0 FF FF FF FF
ID: 43F, Data: 89 45 60 FF 63 0 0 0
ID: 153, Data: 80 0 0 FF 0 FF 0 0
ID: 5F0, Data: 20 0
ID: 260, Data: 8B 25 27 30 0 FF 72 B
ID: 545, Data: 8E4 22 0 8D CB 0 CB 0
ID: 5F0, Data: 20 0
ID: 316, Data: 85 25 38 A 26 19 1 7E
ID: 43F, Data: 89 45 60 FF 63 0 0 0
ID: 43F, Data: 89 45 60 FF 63 0 0 0
ID: 153, Data: 80 0 0 FF 0 FF 0 0
ID: 316, Data: 85 25 2E A 26 19 0 7E
ID: 153, Data: 80 0 0 FF 0 FF 0 0
ID: 153, Data: 80 0 0 FF 0 FF 0 0
ID: 316, Data: 85 25 41 A 26 19 0 7E
ID: 43F, Data: 89 45 60 FF 63 0 0 0
ID: 440, Data: 8A6 82 0 A0 FF AA AA AA
ID: 43F, Data: 81 45 60 FF 63 0 0 0
ID: 153, Data: 80 0 0 FF 0 FF 0 0
ID: 280, Data: 830 0 84 B1 14 1B 5C 4D
ID: 153, Data: 80 0 0 FF 0 FF 0 0
ID: 18F, Data: 8AA 2E 0 0 0 0 0 0
ID: 545, Data: 8E4 21 0 8C CC 0 CC 0
ID: 5F0, Data: 20 0
ID: 545, Data: 8E4 21 0 8C CA 0 CA 0
ID: 316, Data: 85 25 29 A 26 19 0 7E
ID: 2A0, Data: 820 2 5C 1D 3D 0 17 0
ID: A0, Data: 836 7D 30 A 0 23 2 0
ID: 316, Data: 85 24 38 A 26 19 0 7E
ID: 153, Data: 80 0 0 FF 0 FF 0 0
ID: 316, Data: 85 24 25 A 26 19 0 7E
ID: 153, Data: 80 0 0 FF 0 FF 0 0
ID: 43F, Data: 81 45 60 FF 64 0 0 0
ID: 43F, Data: 81 45 60 FF 64 0 0 0
ID: 153, Data: 80 0 0 FF 0 FF 0 0
ID: 316, Data: 85 24 21 A 26 19 0 7E
ID: 153, Data: 80 0 0 FF 0 FF 0 0
ID: 316, Data: 85 24 2D A 26 19 0 7E
ID: 153, Data: 80 0 0 FF 0 FF 0 0
ID: 153, Data: 80 0 0 FF 0 FF 0 0
ID: 153, Data: 80 0 0 FF 0 FF 0 0
ID: 260, Data: 8B 25 27 30 0 FF 72 B
ID: 316, Data: 85 25 FE 9 27 19 0 7E
ID: 260, Data: 8B 25 27 30 0 FF 74 27
ID: 43F, Data: 81 45 60 FF 64 0 0 0
ID: 5F0, Data: 20 0
ID: 153, Data: 80 0 0 FF 0 FF 0 0
ID: 43F, Data: 81 45 60 FF 64 0 0 0
ID: 5F0, Data: 20 0
ID: 5A0, Data: 80 0 0 90 0 0 0 0
ID: 43F, Data: 81 45 60 FF 64 0 0 0
ID: 545, Data: 8E4 20 0 8C CB 0 CB 0
ID: 545, Data: 8E4 20 0 8D CB 0 CB 0
ID: 153, Data: 80 0 0 FF 0 FF 0 0
ID: 153, Data: 80 0 0 FF 0 FF 0 0
ID: 316, Data: 85 25 26 A 26 19 0 7E
ID: 440, Data: 8A6 41 0 A0 FF AA AA AA
ID: 18F, Data: 8AA 2F 0 0 0 0 0 0
ID: 316, Data: 85 24 29 A 26 19 0 7E
ID: 153, Data: 80 0 0 FF 0 FF 0 0
ID: 316, Data: 85 24 10 A 26 19 0 7E
ID: 43F, Data: 81 45 60 FF 64 0 0 0
ID: 370, Data: 8FF E1 F0 F0 FF FF FF FF
ID: 43F, Data: 81 45 60 FF 64 0 0 0
ID: 153, Data: 80 0 0 FF 0 FF 0 0
ID: 316, Data: 85 24 23 A 26 19 0 7E
ID: A1, Data: 87A 7F 7A 7E 25 0 0 0
ID: 316, Data: 85 24 31 A 26 19 0 7E
ID: 440, Data: 8A6 41 0 A0 FF AA AA AA
ID: 153, Data: 80 0 0 FF 0 FF 0 0
ID: 260, Data: 8B 25 26 30 0 FF 71 3A
ID: 316, Data: 85 24 35 A 26 19 0 7E
ID: 18F, Data: 8AA 2F 0 0 0 0 0 0
ID: 153, Data: 80 0 0 FF 0 FF 0 0
ID: A1, Data: 87A 7F 7A 7E 24 0 0 0
ID: 280, Data: 830 0 84 B1 14 1B 5D 4D
ID: 2A0, Data: 820 1 5D 1D 3D 0 17 0
ID: 440, Data: 8A6 41 0 A0 FF AA AA AA
ID: 316, Data: 85 24 20 A 26 19 0 7E
ID: A0, Data: 836 7D 20 A 0 23 2 0
ID: 316, Data: 85 24 25 A 26 19 0 7E
ID: A1, Data: 87A 7F 7C 7E 24 0 0 0
ID: 316, Data: 85 24 31 A 2E 22 0 7E
ID: 1F0, Data: 885 40 B5 BF 0 0 0 0
ID: 153, Data: 80 0 0 FF 0 FF 0 0
ID: 316, Data: 85 25 36 A 2E 22 0 7E
ID: 370, Data: 8FF E1 F0 F0 FF FF FF FF
ID: 316, Data: 85 27 30 A 2E 22 0 7E
ID: 153, Data: 80 0 0 FF 0 FF 0 0
ID: 153, Data: 80 0 0 FF 0 FF 0 0
ID: 153, Data: 80 0 0 FF 0 FF 0 0
ID: 18F, Data: 8AA 2F 0 0 0 0 0 0
ID: 316, Data: 85 29 AD A 2D 22 0 7E
ID: 316, Data: 845 29 CF A 2C 22 0 7E
ID: 316, Data: 845 29 F5 A 2C 22 0 7E
ID: 5F0, Data: 20 0
ID: 43F, Data: 81 45 60 FF 64 0 0 0
ID: 153, Data: 80 0 0 FF 0 FF 0 0
ID: 153, Data: 80 0 0 FF 0 FF 0 0
ID: 153, Data: 80 0 0 FF 0 FF 0 0
ID: 18F, Data: 8AA 2F 0 0 0 0 0 0
ID: 316, Data: 845 2A 28 A 2D 22 0 7E
ID: 440, Data: 8AE 91 0 A0 FF AA AA AA
ID: 545, Data: 8E4 27 0 8D A5 0 A5 0
ID: 316, Data: 845 2B 4F A 2D 22 0 7E
ID: 153, Data: 80 0 0 FF 0 FF 0 0
ID: 280, Data: 830 0 84 B1 14 1E 5D 56
ID: 316, Data: 845 2B 63 A 2D 22 0 7E
ID: 43F, Data: 81 45 60 FF 64 0 0 0
ID: 43F, Data: 81 45 60 FF 64 0 0 0
ID: 153, Data: 80 0 0 FF 0 FF 0 0
ID: 316, Data: 845 2A 55 A 2D 22 0 7E
ID: 153, Data: 80 0 0 FF 0 FF 0 0
ID: 5F0, Data: 20 0
ID: 316, Data: 845 2A 57 A 2D 22 0 7E
ID: 43F, Data: 81 45 60 FF 64 0 0 0
ID: 316, Data: 845 2A 48 A 2D 22 0 7E
ID: 316, Data: 845 2A 44 A 2D 22 0 7E
ID: 43F, Data: 81 45 60 FF 64 0 0 0
ID: 153, Data: 80 0 0 FF 0 FF 0 0
ID: 316, Data: 845 2A 2A A 2D 22 0 7E
ID: 153, Data: 80 0 0 FF 0 FF 0 0
ID: 43F, Data: 81 45 60 FF 64 0 0 0
ID: 43F, Data: 81 45 60 FF 64 0 0 0
ID: 153, Data: 80 0 0 FF 0 FF 0 0
ID: 316, Data: 845 2A 2A A 2D 22 0 7E
ID: 153, Data: 80 0 0 FF 0 FF 0 0
ID: 316, Data: 845 2A 31 A 2D 22 0 7E
ID: 316, Data: 845 2A 24 A 2D 22 0 7E
ID: 316, Data: 845 2A 20 A 2D 22 0 7E
ID: 153, Data: 80 0 0 FF 0 FF 0 0
ID: 153, Data: 80 0 0 FF 0 FF 0 0
ID: 316, Data: 845 2A 28 A 2D 22 0 7E
ID: A0, Data: 83C 7D 28 A 0 24 2 0
ID: 153, Data: 80 0 0 FF 0 FF 0 0
ID: 316, Data: 845 2A 21 A 2D 22 0 7E
ID: A1, Data: 87C 80 7C 80 28 0 0 0
ID: 316, Data: 845 2A 19 A 2D 22 0 7E
ID: 316, Data: 845 2A 10 A 2D 22 0 7E
ID: 153, Data: 80 0 0 FF 0 FF 0 0
ID: 153, Data: 80 0 0 FF 0 FF 0 0
ID: 280, Data: 830 0 84 B1 14 1E 5D 55
ID: 43F, Data: 81 45 60 FF 64 0 0 0
ID: A1, Data: 880 80 80 80 28 0 0 0
ID: 153, Data: 80 0 0 FF 0 FF 0 0
ID: 153, Data: 80 0 0 FF 0 FF 0 0
ID: A1, Data: 880 80 80 80 28 0 0 0
ID: 329, Data: 884 B1 80 8 12 2C 0 26
ID: 545, Data: 8E4 23 0 8C 70 0 70 0
ID: 43F, Data: 81 45 60 FF 64 0 0 0
ID: 1F1, Data: 80 70 0 0 0 0 0 0
ID: 5A1, Data: 880 3 90 23 30 30 30 0
ID: 153, Data: 80 0 0 FF 0 FF 0 0
ID: 153, Data: 80 0 0 FF 0 FF 0 0
ID: 316, Data: 845 28 AA 9 2F 21 0 7E
ID: A1, Data: 880 80 80 80 29 0 0 0
ID: 316, Data: 845 29 98 9 2F 21 0 7E
ID: 440, Data: 8AD E1 0 A0 FF AA AA AA
ID: 316, Data: 845 2A 94 9 2F 21 0 7E
ID: 316, Data: 845 2A A2 9 2F 21 0 7E
ID: 316, Data: 845 2A B7 9 2F 21 0 7E
ID: 1F1, Data: 80 70 0 0 0 0 0 0
ID: 1F0, Data: 885 40 B5 BF 0 0 0 0
ID: 316, Data: 845 2B E5 9 2E 21 0 7E
ID: 2A0, Data: 820 0 5D 1D 3D 0 17 0
ID: 153, Data: 80 0 0 FF 0 FF 0 0
ID: 43F, Data: 81 45 60 FF 64 0 0 0
ID: 153, Data: 80 0 0 FF 0 FF 0 0
ID: 153, Data: 80 0 0 FF 0 FF 0 0
ID: A1, Data: 880 80 80 80 2B 0 0 0
ID: 280, Data: 830 0 84 B1 14 20 5D 5A
ID: 2A0, Data: 880 0 5D 1D 3D 0 17 0
ID: 316, Data: 845 2A 38 A 2D 21 0 7E
ID: 153, Data: 80 0 0 FF 0 FF 0 0
ID: 545, Data: 8E4 24 0 8C A2 0 A2 0
ID: 316, Data: 845 2A 3C A 2D 21 0 7E
ID: 545, Data: 8E4 24 0 8C 9F 0 9F 0
ID: 153, Data: 80 0 0 FF 0 FF 0 0
ID: 153, Data: 80 0 0 FF 0 FF 0 0
ID: 153, Data: 80 0 0 FF 0 FF 0 0
ID: 18F, Data: 8AA 3B 0 0 0 0 0 0
ID: 316, Data: 845 2A F9 9 2E 21 0 7E
ID: 316, Data: 845 2A FD 9 2E 21 0 7E
ID: 545, Data: 8E4 23 0 8D A4 0 A4 0
ID: 153, Data: 80 0 0 FF 0 FF 0 0
ID: 153, Data: 80 0 0 FF 0 FF 0 0
ID: 43F, Data: 81 45 60 FF 64 0 0 0
ID: A0, Data: 842 7E E1 9 0 25 1 0
ID: 18F, Data: 8AA 3C 0 0 0 0 0 0
ID: 545, Data: 8E4 23 0 8B AC 0 AC 0
ID: 316, Data: 845 2B F3 9 2E 21 0 7E
ID: 18F, Data: 8AA 3C 0 0 0 0 0 0
ID: 440, Data: 8AD 91 0 A0 FF AA AA AA
ID: 153, Data: 80 0 0 FF 0 FF 0 0
ID: 370, Data: 8FF E1 F0 F0 FF FF FF FF
ID: 43F, Data: 81 45 60 FF 64 0 0 0
ID: 2A0, Data: 8E0 0 5D 1D 3D 0 17 0
ID: 545, Data: 8E4 24 0 8C A6 0 A6 0
ID: 316, Data: 845 2A 39 A 2D 21 0 7E
ID: 153, Data: 80 0 0 FF 0 FF 0 0
ID: 316, Data: 845 2A 6 A 2E 21 0 7E
ID: 316, Data: 845 2A F9 9 2E 21 0 7E
ID: 316, Data: 845 2A F3 9 2E 21 0 7E
ID: A0, Data: 842 7E F3 9 0 25 1 0
ID: 153, Data: 80 0 0 FF 0 FF 0 0
ID: 153, Data: 80 0 0 FF 0 FF 0 0
ID: 370, Data: 8FF E1 F0 F0 FF FF FF FF
ID: 280, Data: 830 0 84 B2 14 20 5D 5A
ID: 316, Data: 845 2A 7 A 2E 21 0 7E
ID: 545, Data: 8E4 23 0 8B A7 0 A7 0
ID: 43F, Data: 81 45 60 FF 64 0 0 0
ID: 316, Data: 845 2A E6 9 2E 21 0 7E
ID: 153, Data: 80 0 0 FF 0 FF 0 0
ID: 316, Data: 845 2A 8 A 2E 21 0 7E
ID: 153, Data: 80 0 0 FF 0 FF 0 0
ID: 316, Data: 845 2A FE 9 2E 21 0 7E
ID: 316, Data: 845 2A E A 2E 21 0 7E
ID: 1F1, Data: 80 70 0 0 0 0 0 0
ID: 260, Data: 8B 2B 2E 30 0 FF 74 C
ID: 316, Data: 845 2A 13 A 2E 21 0 7E
ID: 329, Data: 8ED B2 80 8 12 2D 0 26
ID: 153, Data: 80 0 0 FF 0 FF 0 0
ID: 153, Data: 80 0 0 FF 0 FF 0 0
ID: 316, Data: 845 2A 1B A 2E 21 0 7E
ID: A1, Data: 880 80 80 80 2B 0 0 0
ID: 316, Data: 845 2B 1F A 2E 21 0 7E
ID: 153, Data: 80 0 0 FF 0 FF 0 0
ID: 153, Data: 80 0 0 FF 0 FF 0 0
ID: 43F, Data: 81 45 60 FF 64 0 0 0
ID: 153, Data: 80 0 0 FF 0 FF 0 0
ID: 316, Data: 845 2B 1F A 2E 21 0 7E
ID: 153, Data: 80 0 0 FF 0 FF 0 0
ID: 316, Data: 845 2A 29 A 2E 21 0 7E
ID: 153, Data: 80 0 0 FF 0 FF 0 0
ID: 153, Data: 80 0 0 FF 0 FF 0 0
ID: 316, Data: 845 2B 24 A 2E 21 0 7E
ID: 43F, Data: 81 45 60 FF 64 0 0 0
ID: 316, Data: 845 2A 2C A 2E 21 0 7E
ID: 316, Data: 845 2B 24 A 2E 21 0 7E
ID: 545, Data: 8E4 24 0 8C AA 0 AA 0
ID: 316, Data: 845 2A 28 A 2E 21 0 7E
ID: 153, Data: 80 0 0 FF 0 FF 0 0
ID: 316, Data: 845 2B 12 A 2E 21 0 7E
ID: 316, Data: 845 2B 18 A 2E 21 0 7E
ID: 1F1, Data: 80 70 0 0 0 0 0 0
ID: 1F1, Data: 80 70 0 0 0 0 0 0
ID: 545, Data: 8E4 24 0 8C B2 0 B2 0
ID: 43F, Data: 81 45 60 FF 64 0 0 0
ID: 370, Data: 8FF E1 F0 F0 FF FF FF FF
ID: 316, Data: 845 2B 38 A 2E 21 0 7E
ID: 316, Data: 845 2B 3C A 2D 21 0 7E
ID: 316, Data: 845 2B 39 A 2D 21 0 7E
ID: A1, Data: 880 80 80 80 2B 0 0 0
ID: 153, Data: 80 0 0 FF 0 FF 0 0
ID: 43F, Data: 81 45 60 FF 64 0 0 0
ID: 153, Data: 80 0 0 FF 0 FF 0 0
ID: 153, Data: 80 0 0 FF 0 FF 0 0
ID: 18F, Data: 8AA 3E 0 0 0 0 0 0
ID: 280, Data: 830 0 84 B2 14 20 5D 5B
ID: 316, Data: 845 2B 3C A 2D 21 0 7E
ID: 43F, Data: 81 45 60 FF 64 0 0 0
ID: 153, Data: 80 0 0 FF 0 FF 0 0
ID: 316, Data: 845 2B 2C A 2E 21 0 7E
ID: 43F, Data: 81 45 60 FF 64 0 0 0
ID: 43F, Data: 81 45 60 FF 64 0 0 0
ID: 43F, Data: 81 45 60 FF 64 0 0 0
ID: 316, Data: 845 2B 10 A 2E 21 0 7E
ID: 316, Data: 845 2B A A 2E 21 0 7E
ID: 43F, Data: 81 45 60 FF 64 0 0 0
ID: 440, Data: 8AD 41 0 A0 FF AA AA AA
ID: 43F, Data: 81 45 60 FF 64 0 0 0
ID: 329, Data: 8ED B2 80 8 12 2D 0 26
ID: 545, Data: 8E4 24 0 8B AF 0 AF 0
ID: 5F0, Data: 20 0
ID: 316, Data: 845 2B 30 A 2E 21 0 7E
ID: 153, Data: 80 0 0 FF 0 FF 0 0
ID: 316, Data: 845 2B 29 A 2E 21 0 7E
ID: 5A0, Data: 80 0 0 90 0 0 0 0
ID: 316, Data: 845 2A 39 A 2D 21 0 7E
ID: 316, Data: 845 2A 2E A 2E 21 0 7E
ID: 316, Data: 845 2A 17 A 2E 21 0 7E
ID: 153, Data: 80 0 0 FF 0 FF 0 0
ID: 153, Data: 80 0 0 FF 0 FF 0 0
ID: 43F, Data: 81 45 60 FF 64 0 0 0
ID: 545, Data: 8E4 24 0 8B A8 0 A8 0
ID: 18F, Data: 8AA 3C 0 0 0 0 0 0
ID: 5F0, Data: 20 0
ID: 260, Data: 8B 2B 2E 30 0 FF 73 1C
ID: 18F, Data: 8AA 3C 0 0 0 0 0 0
ID: 5F0, Data: 20 0
ID: 153, Data: 80 0 0 FF 0 FF 0 0
ID: A0, Data: 842 7E 10 A 0 25 1 0
ID: 329, Data: 8B B2 80 8 12 2D 0 26
ID: 316, Data: 845 2C 17 A 2E 21 0 7E
ID: 2A0, Data: 880 0 5D 1D 3D 0 17 0
ID: 153, Data: 80 0 0 FF 0 FF 0 0
ID: 153, Data: 80 0 0 FF 0 FF 0 0
ID: 1F0, Data: 885 40 B5 BF 0 0 0 0
ID: A1, Data: 880 7F 80 7E 2A 0 0 0
ID: 153, Data: 80 0 0 FF 0 FF 0 0
ID: 43F, Data: 81 45 60 FF 64 0 0 0
ID: 153, Data: 80 0 0 FF 0 FF 0 0
ID: A0, Data: 836 7E 5B A 0 23 1 0
ID: 153, Data: 80 0 0 FF 0 FF 0 0
ID: 316, Data: 85 28 4D A 26 19 0 7E
ID: 43F, Data: 81 45 60 FF 64 0 0 0
ID: 43F, Data: 81 45 60 FF 64 0 0 0
ID: 316, Data: 85 26 B1 A 25 19 0 7E
ID: 329, Data: 8ED B2 80 8 12 2B 0 26
ID: A0, Data: 832 7E B1 A 0 23 2 0
ID: 153, Data: 80 0 0 FF 0 FF 0 0
ID: 43F, Data: 81 45 60 FF 64 0 0 0
ID: 43F, Data: 81 45 60 FF 64 0 0 0
ID: 43F, Data: 81 45 60 FF 64 0 0 0
ID: 153, Data: 80 0 0 FF 0 FF 0 0
ID: 5F0, Data: 20 0
ID: A1, Data: 880 7F 80 7E 24 0 0 0
ID: 2A0, Data: 820 0 5D 1D 3D 0 17 0
ID: A1, Data: 880 7F 80 7E 24 0 0 0
ID: 153, Data: 80 0 0 FF 0 FF 0 0
ID: 316, Data: 85 22 48 A 25 19 0 7E
ID: 153, Data: 80 0 0 FF 0 FF 0 0
ID: 316, Data: 85 22 20 A 26 19 0 7E
ID: A1, Data: 882 7F 82 7E 24 0 0 0
ID: 153, Data: 80 0 0 FF 0 FF 0 0
ID: 440, Data: 8A6 E1 0 A0 FF AA AA AA
ID: 43F, Data: 81 45 60 FF 64 0 0 0
ID: 316, Data: 85 23 2D A 25 19 0 7E
ID: 370, Data: 8FF E1 F0 F0 FF FF FF FF
ID: 316, Data: 85 23 2E A 25 19 0 7E
ID: 316, Data: 85 23 29 A 25 19 0 7E
ID: 1F0, Data: 885 40 B5 BF 0 0 0 0
ID: 316, Data: 85 23 28 A 25 19 0 7E
ID: 280, Data: 830 0 84 B2 14 1A 5D 4D
ID: A0, Data: 836 7E 2C A 0 23 2 0
ID: 43F, Data: 81 45 60 FF 64 0 0 0
ID: 153, Data: 80 0 0 FF 0 FF 0 0
ID: 316, Data: 85 23 39 A 25 19 0 7E
ID: 153, Data: 80 0 0 FF 0 FF 0 0
ID: 153, Data: 80 0 0 FF 0 FF 0 0
ID: 153, Data: 80 0 0 FF 0 FF 0 0
ID: A1, Data: 882 7F 82 7E 24 0 0 0
ID: 329, Data: 8ED B2 80 8 12 2B 0 26
ID: 2A0, Data: 820 0 5D 1D 3D 0 17 0
ID: 43F, Data: 81 45 60 FF 64 0 0 0
ID: 43F, Data: 81 45 60 FF 64 0 0 0
ID: 153, Data: 80 0 0 FF 0 FF 0 0
ID: 316, Data: 85 23 28 A 25 19 0 7E
ID: 153, Data: 80 0 0 FF 0 FF 0 0
ID: 316, Data: 85 23 34 A 25 19 0 7E
ID: 153, Data: 80 0 0 FF 0 FF 0 0
ID: 316, Data: 85 23 3D A 25 19 0 7E
ID: 153, Data: 80 0 0 FF 0 FF 0 0
ID: 153, Data: 80 0 0 FF 0 FF 0 0
ID: 43F, Data: 81 45 60 FF 64 0 0 0
ID: A0, Data: 836 7E 29 A 0 23 2 0
ID: 5F0, Data: 20 0
ID: A1, Data: 882 7F 82 7E 24 0 0 0
ID: A0, Data: 836 7E 29 A 0 23 2 0
ID: A1, Data: 882 7F 82 7E 24 0 0 0
ID: 260, Data: 8B 23 25 30 0 FF 71 0
ID: A1, Data: 882 7F 82 7E 24 0 0 0
ID: 153, Data: 80 0 0 FF 0 FF 0 0
ID: 316, Data: 85 23 42 A 25 19 0 7E
ID: A0, Data: 835 7E 48 A 0 23 2 0
ID: 316, Data: 85 23 36 A 25 19 0 7E
ID: 153, Data: 80 0 0 FF 0 FF 0 0
ID: 153, Data: 80 0 0 FF 0 FF 0 0
ID: 153, Data: 80 0 0 FF 0 FF 0 0
ID: 260, Data: 8B 23 25 30 0 FF 70 10
ID: 316, Data: 85 23 36 A 25 19 0 7E
ID: 153, Data: 80 0 0 FF 0 FF 0 0
ID: 43F, Data: 81 45 60 FF 64 0 0 0
ID: 5F0, Data: 20 0
ID: 153, Data: 80 0 0 FF 0 FF 0 0
ID: 153, Data: 80 0 0 FF 0 FF 0 0
ID: 280, Data: 830 0 84 B2 14 1A 5D 4D
ID: 316, Data: 85 23 19 A 26 19 0 7E
ID: 153, Data: 80 0 0 FF 0 FF 0 0
ID: 316, Data: 85 23 10 A 26 19 0 7E
ID: A0, Data: 837 7E E A 0 23 2 0
ID: 5F0, Data: 20 0
ID: 43F, Data: 81 45 60 FF 64 0 0 0
ID: A0, Data: 837 7E 25 A 0 23 2 0
ID: 18F, Data: 8AA 38 0 0 0 0 0 0
ID: 260, Data: 8B 23 26 30 0 FF 71 1E
ID: 316, Data: 85 23 1D A 26 19 0 7E
ID: 43F, Data: 81 45 60 FF 64 0 0 0
ID: 370, Data: 8FF E1 F0 F0 FF FF FF FF
ID: 43F, Data: 81 45 60 FF 64 0 0 0
ID: 1F1, Data: 80 70 0 0 0 0 0 0
ID: A0, Data: 836 7E 1C A 0 23 2 0
ID: 153, Data: 80 0 0 FF 0 FF 0 0
ID: 316, Data: 85 23 3A A 25 19 0 7E
ID: 153, Data: 80 0 0 FF 0 FF 0 0
ID: 316, Data: 85 23 32 A 25 19 0 7E
ID: 153, Data: 80 0 0 FF 0 FF 0 0
ID: 316, Data: 85 23 1D A 26 19 0 7E
ID: 316, Data: 85 23 C A 26 19 0 7E
ID: 153, Data: 80 0 0 FF 0 FF 0 0
ID: 316, Data: 85 23 12 A 26 19 0 7E
ID: 153, Data: 80 0 0 FF 0 FF 0 0
ID: 43F, Data: 81 45 60 FF 64 0 0 0
ID: 153, Data: 80 0 0 FF 0 FF 0 0
ID: 153, Data: 80 0 0 FF 0 FF 0 0
ID: 153, Data: 80 0 0 FF 0 FF 0 0
ID: 260, Data: 8B 23 25 30 0 FF 70 2F
ID: 329, Data: 8B B2 80 8 12 2B 0 26
ID: 43F, Data: 81 45 60 FF 64 0 0 0
ID: 316, Data: 85 23 2D A 25 19 0 7E
ID: 370, Data: 8FF E1 F0 F0 FF FF FF FF
ID: 153, Data: 80 0 0 FF 0 FF 0 0
ID: 5F0, Data: 20 0
ID: 260, Data: 8B 23 26 30 0 FF 71 2D
ID: 2A0, Data: 820 0 5D 1D 3D 0 17 0
ID: 153, Data: 80 0 0 FF 0 FF 0 0
ID: 316, Data: 85 23 35 A 25 19 0 7E
ID: 153, Data: 80 0 0 FF 0 FF 0 0
ID: 153, Data: 80 0 0 FF 0 FF 0 0
ID: 153, Data: 80 0 0 FF 0 FF 0 0
ID: A0, Data: 835 7E 3A A 0 23 2 0
ID: 316, Data: 85 23 38 A 25 19 0 7E
ID: 316, Data: 85 23 31 A 25 19 0 7E
ID: 2A0, Data: 840 0 5D 1D 3D 0 17 0
ID: A1, Data: 880 7F 82 7E 24 0 0 0
ID: 43F, Data: 81 45 60 FF 64 0 0 0
ID: 43F, Data: 81 45 60 FF 64 0 0 0
ID: 153, Data: 80 0 0 FF 0 FF 0 0
ID: 316, Data: 85 23 3 A 26 19 0 7E
ID: 153, Data: 80 0 0 FF 0 FF 0 0
ID: 153, Data: 80 0 0 FF 0 FF 0 0
ID: 440, Data: 8A6 41 0 A0 FF AA AA AA
ID: 2A0, Data: 8E0 0 5D 1D 3D 0 17 0
ID: 440, Data: 8A6 41 0 A0 FF AA AA AA
ID: 316, Data: 85 23 25 A 25 19 0 7E
ID: 18F, Data: 8AA 37 0 0 0 0 0 0
ID: 153, Data: 80 0 0 FF 0 FF 0 0
ID: 545, Data: 8E4 21 0 8C B5 0 B5 0
ID: 316, Data: 85 23 29 A 25 19 0 7E
ID: A0, Data: 836 7E 2C A 0 23 2 0
ID: 370, Data: 8FF E1 F0 F0 FF FF FF FF
ID: 43F, Data: 81 45 60 FF 64 0 0 0
ID: 153, Data: 80 0 0 FF 0 FF 0 0
ID: 316, Data: 85 23 29 A 25 19 0 7E
ID: 153, Data: 80 0 0 FF 0 FF 0 0
ID: 43F, Data: 81 45 60 FF 64 0 0 0
ID: 316, Data: 85 23 44 A 25 19 0 7E
ID: 153, Data: 80 0 0 FF 0 FF 0 0
ID: 316, Data: 85 23 45 A 25 19 0 7E
ID: 153, Data: 80 0 0 FF 0 FF 0 0
ID: 316, Data: 85 23 32 A 25 19 0 7E
ID: 316, Data: 85 23 29 A 25 19 0 7E
ID: 316, Data: 85 23 14 A 26 19 0 7E
ID: 260, Data: 8B 23 26 30 0 FF 71 2D
ID: 153, Data: 80 0 0 FF 0 FF 0 0
ID: 316, Data: 85 23 29 A 25 19 0 7E
ID: 153, Data: 80 0 0 FF 0 FF 0 0
ID: 316, Data: 85 23 29 A 25 19 0 7E
ID: 153, Data: 80 0 0 FF 0 FF 0 0
ID: 153, Data: 80 0 0 FF 0 FF 0 0
ID: 43F, Data: 81 45 60 FF 64 0 0 0
ID: A1, Data: 87D 7F 84 7E 24 0 0 0
ID: 1F0, Data: 885 40 B5 BF 0 0 0 0
ID: A1, Data: 87D 7F 84 7E 24 0 0 0
ID: 43F, Data: 81 45 60 FF 64 0 0 0
ID: 153, Data: 80 0 0 FF 0 FF 0 0
ID: 153, Data: 80 0 0 FF 0 FF 0 0
ID: A0, Data: 836 7E 3C A 0 23 2 0
ID: 2A0, Data: 820 0 5D 1D 3D 0 17 0
ID: 329, Data: 8B B3 80 8 12 2B 0 26
ID: A1, Data: 87D 7F 84 7E 24 0 0 0
ID: 43F, Data: 81 45 60 FF 64 0 0 0
ID: 43F, Data: 81 45 60 FF 64 0 0 0
ID: 43F, Data: 81 45 60 FF 64 0 0 0
ID: 43F, Data: 81 45 60 FF 64 0 0 0
ID: 153, Data: 80 0 0 FF 0 FF 0 0
ID: 316, Data: 85 23 26 A 25 19 0 7E
ID: 153, Data: 80 0 0 FF 0 FF 0 0
ID: 153, Data: 80 0 0 FF 0 FF 0 0
ID: 316, Data: 85 23 17 A 26 19 0 7E
ID: 43F, Data: 81 45 60 FF 64 0 0 0
ID: 370, Data: 8FF E1 F0 F0 FF FF FF FF
ID: 43F, Data: 81 45 60 FF 64 0 0 0
ID: 2A0, Data: 820 0 5D 1D 3D 0 17 0
ID: 18F, Data: 8AA 36 0 0 0 0 0 0
ID: 153, Data: 80 0 0 FF 0 FF 0 0
ID: 545, Data: 8E4 21 0 8D B2 0 B2 0
ID: 316, Data: 85 23 36 A 25 19 0 7E
ID: 2A0, Data: 840 0 5D 1D 3D 0 17 0
ID: 43F, Data: 81 45 60 FF 64 0 0 0
ID: 43F, Data: 81 45 60 FF 64 0 0 0
ID: 43F, Data: 81 45 60 FF 64 0 0 0
ID: 153, Data: 80 0 0 FF 0 FF 0 0
ID: 43F, Data: 81 45 60 FF 64 0 0 0
ID: 153, Data: 80 0 0 FF 0 FF 0 0
ID: 153, Data: 80 0 0 FF 0 FF 0 0
ID: 153, Data: 80 0 0 FF 0 FF 0 0
ID: 260, Data: 8B 23 26 30 0 FF 71 3C
ID: 316, Data: 85 23 1B A 26 19 0 7E
ID: 43F, Data: 81 45 60 FF 64 0 0 0
ID: 43F, Data: 81 45 60 FF 64 0 0 0
ID: 1F0, Data: 885 40 B5 BF 0 0 0 0
ID: 43F, Data: 81 45 60 FF 64 0 0 0
ID: 43F, Data: 81 45 60 FF 64 0 0 0
ID: 153, Data: 80 0 0 FF 0 FF 0 0
ID: 316, Data: 85 23 23 A 25 19 0 7E
ID: 153, Data: 80 0 0 FF 0 FF 0 0
ID: 153, Data: 80 0 0 FF 0 FF 0 0
ID: 316, Data: 85 23 29 A 25 19 0 7E
ID: 440, Data: 8A6 31 0 A0 FF AA AA AA
ID: 316, Data: 85 23 28 A 25 19 0 7E
ID: 316, Data: 85 23 29 A 25 19 0 7E
ID: 260, Data: 8B 23 26 30 0 FF 71 3C
ID: 153, Data: 80 0 0 FF 0 FF 0 0
ID: 153, Data: 80 0 0 FF 0 FF 0 0
ID: 316, Data: 85 23 30 A 25 19 0 7E
ID: 370, Data: 8FF E1 F0 F0 FF FF FF FF
ID: A0, Data: 836 7E 25 A 0 23 2 0
ID: 280, Data: 830 0 84 B3 14 1A 5D 4D
ID: 316, Data: 85 23 36 A 25 19 0 7E
ID: 43F, Data: 81 45 60 FF 64 0 0 0
ID: 1F0, Data: 885 40 B5 BF 0 0 0 0
ID: 153, Data: 80 0 0 FF 0 FF 0 0
ID: 316, Data: 85 23 38 A 25 19 0 7E
ID: 5F0, Data: 20 0
ID: 316, Data: 85 23 2E A 25 19 0 7E
ID: 153, Data: 80 0 0 FF 0 FF 0 0
ID: 316, Data: 85 23 23 A 25 19 0 7E
ID: 153, Data: 80 0 0 FF 0 FF 0 0
ID: 316, Data: 85 23 35 A 25 19 0 7E
ID: 153, Data: 80 0 0 FF 0 FF 0 0
ID: 316, Data: 85 23 34 A 25 19 0 7E
ID: 316, Data: 85 23 2D A 25 19 0 7E
ID: 153, Data: 80 0 0 FF 0 FF 0 0
ID: 316, Data: 85 23 2E A 25 19 0 7E
ID: 43F, Data: 81 45 60 FF 64 0 0 0
ID: 316, Data: 85 23 1F A 26 19 0 7E
ID: 280, Data: 830 0 84 B3 14 1A 5D 4D
ID: A0, Data: 836 7E 28 A 0 23 2 0
ID: 316, Data: 85 23 1D A 25 19 0 7E
ID: 153, Data: 80 0 0 FF 0 FF 0 0
ID: 316, Data: 85 23 12 A 26 19 0 7E
ID: 43F, Data: 81 45 60 FF 64 0 0 0
ID: 43F, Data: 81 45 60 FF 64 0 0 0
ID: 43F, Data: 81 45 60 FF 64 0 0 0
ID: 316, Data: 85 23 30 A 25 19 0 7E
ID: 316, Data: 85 23 29 A 25 19 0 7E
ID: 18F, Data: 8AA 35 0 0 0 0 0 0
ID: 43F, Data: 81 45 60 FF 64 0 0 0
ID: 18F, Data: 8AA 35 0 0 0 0 0 0
ID: A1, Data: 882 7F 80 7E 24 0 0 0
ID: 329, Data: 884 B3 80 8 12 2B 0 26
ID: 545, Data: 8E4 21 0 8C B2 0 B2 0
ID: 316, Data: 85 23 36 A 25 19 0 7E
ID: 316, Data: 85 23 35 A 25 19 0 7E
ID: 153, Data: 80 0 0 FF 0 FF 0 0
ID: 316, Data: 85 23 3C A 25 19 0 7E
ID: 1F1, Data: 80 70 0 0 0 0 0 0
ID: 316, Data: 85 23 40 A 25 19 0 7E
ID: 316, Data: 85 23 38 A 25 19 0 7E
ID: 153, Data: 80 0 0 FF 0 FF 0 0
ID: 316, Data: 85 23 30 A 25 19 0 7E
ID: 153, Data: 80 0 0 FF 0 FF 0 0
ID: 370, Data: 8FF E1 F0 F0 FF FF FF FF
ID: 316, Data: 85 23 3E A 25 19 0 7E
ID: 370, Data: 8FF E1 F0 F0 FF FF FF FF
ID: 5F0, Data: 20 0
ID: 260, Data: 8B 23 25 30 0 FF 6F 12
ID: 545, Data: 8E4 22 0 8C AA 0 AA 0
ID: 43F, Data: 81 45 60 FF 64 0 0 0
ID: 316, Data: 85 23 44 A 25 19 0 7E
ID: 1F1, Data: 80 70 0 0 0 0 0 0
ID: 153, Data: 80 0 0 FF 0 FF 0 0
ID: 43F, Data: 81 45 60 FF 64 0 0 0
ID: 5F0, Data: 20 0
ID: 316, Data: 85 23 30 A 25 19 0 7E
ID: 43F, Data: 81 45 60 FF 64 0 0 0
ID: 43F, Data: 81 45 60 FF 64 0 0 0
ID: 153, Data: 80 0 0 FF 0 FF 0 0
ID: 316, Data: 85 23 2D A 25 19 0 7E
ID: 153, Data: 80 0 0 FF 0 FF 0 0
ID: 153, Data: 80 0 0 FF 0 FF 0 0
ID: 153, Data: 80 0 0 FF 0 FF 0 0
ID: 18F, Data: 8AA 35 0 0 0 0 0 0
ID: 316, Data: 85 23 18 A 25 19 0 7E
ID: 153, Data: 80 0 0 FF 0 FF 0 0
ID: 316, Data: 85 23 1D A 25 19 0 7E
ID: 316, Data: 85 23 17 A 25 19 0 7E
ID: 316, Data: 85 23 14 A 26 19 0 7E
ID: 260, Data: 8B 23 26 30 0 FF 72 3B
ID: 153, Data: 80 0 0 FF 0 FF 0 0
ID: 316, Data: 85 23 1F A 25 19 0 7E
ID: 153, Data: 80 0 0 FF 0 FF 0 0
ID: 316, Data: 85 23 2A A 25 19 0 7E
ID: 153, Data: 80 0 0 FF 0 FF 0 0
ID: 153, Data: 80 0 0 FF 0 FF 0 0
ID: 43F, Data: 81 45 60 FF 64 0 0 0
ID: A0, Data: 836 7E 39 A 0 23 2 0
ID: 153, Data: 80 0 0 FF 0 FF 0 0
ID: 2A0, Data: 820 0 5D 1D 3D 0 17 0
ID: 316, Data: 85 23 3D A 25 19 0 7E
ID: 18F, Data: 8AA 35 0 0 0 0 0 0
ID: 153, Data: 80 0 0 FF 0 FF 0 0
ID: 18F, Data: 8AA 35 0 0 0 0 0 0
ID: 316, Data: 85 23 45 A 25 19 0 7E
ID: 316, Data: 85 23 40 A 25 19 0 7E
ID: 316, Data: 85 23 36 A 25 19 0 7E
ID: 280, Data: 830 0 84 B3 14 1A 5D 4D
ID: 153, Data: 80 0 0 FF 0 FF 0 0
ID: 1F0, Data: 885 40 B5 BF 0 0 0 0
ID: 43F, Data: 81 45 60 FF 64 0 0 0
ID: 316, Data: 85 23 3C A 25 19 0 7E
ID: 316, Data: 85 23 42 A 25 19 0 7E
ID: 316, Data: 85 23 44 A 25 19 0 7E
ID: 545, Data: 8E4 22 0 8D AC 0 AC 0
ID: 153, Data: 80 0 0 FF 0 FF 0 0
ID: 153, Data: 80 0 0 FF 0 FF 0 0
ID: 18F, Data: 8AA 35 0 0 0 0 0 0
ID: 280, Data: 830 0 84 B3 14 1A 5D 4C
ID: 153, Data: 80 0 0 FF 0 FF 0 0
ID: 153, Data: 80 0 0 FF 0 FF 0 0
ID: 370, Data: 8FF E1 F0 F0 FF FF FF FF
ID: 316, Data: 85 23 32 A 25 19 0 7E
ID: 153, Data: 80 0 0 FF 0 FF 0 0
ID: 153, Data: 80 0 0 FF 0 FF 0 0
ID: 1F1, Data: 80 70 0 0 0 0 0 0
ID: 43F, Data: 81 45 60 FF 64 0 0 0
ID: 316, Data: 85 23 2E A 25 19 0 7E
ID: 316, Data: 85 23 2E A 25 19 0 7E
ID: 260, Data: 8B 23 26 30 0 FF 72 E
ID: 153, Data: 80 0 0 FF 0 FF 0 0
ID: 153, Data: 80 0 0 FF 0 FF 0 0
ID: 153, Data: 80 0 0 FF 0 FF 0 0
ID: 260, Data: 8B 23 25 30 0 FF 70 1
ID: 316, Data: 85 23 31 A 25 19 0 7E
ID: 260, Data: 8B 23 26 30 0 FF 70 2E
ID: 43F, Data: 81 45 60 FF 64 0 0 0
ID: 43F, Data: 81 45 60 FF 64 0 0 0
ID: 43F, Data: 81 45 60 FF 64 0 0 0
ID: 43F, Data: 81 45 60 FF 64 0 0 0
ID: 316, Data: 85 23 38 A 25 19 0 7E
ID: 316, Data: 85 23 4B A 25 19 0 7E
ID: 545, Data: 8E4 21 0 8D AD 0 AD 0
ID: 43F, Data: 81 45 60 FF 64 0 0 0
ID: 43F, Data: 81 45 60 FF 64 0 0 0
ID: 43F, Data: 81 45 60 FF 64 0 0 0
ID: 43F, Data: 81 45 60 FF 64 0 0 0
ID: 43F, Data: 81 45 60 FF 64 0 0 0
ID: 153, Data: 80 0 0 FF 0 FF 0 0
ID: 316, Data: 85 23 2E A 25 19 0 7E
ID: 153, Data: 80 0 0 FF 0 FF 0 0
ID: 316, Data: 85 23 45 A 25 19 0 7E
ID: 153, Data: 80 0 0 FF 0 FF 0 0
ID: 153, Data: 80 0 0 FF 0 FF 0 0
ID: 440, Data: 8A6 31 0 A0 FF AA AA AA
ID: 43F, Data: 81 45 60 FF 64 0 0 0
ID: 316, Data: 85 23 39 A 25 19 0 7E
ID: 440, Data: 8A6 31 0 A0 FF AA AA AA
ID: 329, Data: 884 B2 80 8 12 2B 0 26
ID: 1F0, Data: 885 40 B5 BF 0 0 0 0
ID: 153, Data: 80 0 0 FF 0 FF 0 0
ID: 316, Data: 85 23 34 A 25 19 0 7E
ID: 153, Data: 80 0 0 FF 0 FF 0 0
ID: 316, Data: 85 23 38 A 25 19 0 7E
ID: 43F, Data: 81 45 60 FF 64 0 0 0
ID: 153, Data: 80 0 0 FF 0 FF 0 0
ID: 370, Data: 8FF E1 F0 F0 FF FF FF FF
ID: 153, Data: 80 0 0 FF 0 FF 0 0
ID: 18F, Data: 8AA 34 0 0 0 0 0 0
ID: 545, Data: 8E4 21 0 8D AA 0 AA 0
ID: 153, Data: 80 0 0 FF 0 FF 0 0
ID: 280, Data: 830 0 84 B2 14 1A 5D 4D
ID: 153, Data: 80 0 0 FF 0 FF 0 0
ID: 43F, Data: 81 45 60 FF 64 0 0 0
ID: 2A0, Data: 880 0 5D 1D 3D 0 17 0
ID: 1F1, Data: 80 70 0 0 0 0 0 0
ID: 5F0, Data: 20 0
ID: 316, Data: 85 23 23 A 25 19 0 7E
ID: 316, Data: 85 23 29 A 25 19 0 7E
ID: 2A0, Data: 8E0 0 5D 1D 3D 0 17 0
ID: 153, Data: 80 0 0 FF 0 FF 0 0
ID: 153, Data: 80 0 0 FF 0 FF 0 0
ID: A1, Data: 882 7F 80 7F 24 0 0 0
ID: 370, Data: 8FF E1 F0 F0 FF FF FF FF
ID: 1F1, Data: 80 70 0 0 0 0 0 0
ID: 316, Data: 85 23 21 A 25 19 0 7E
ID: 43F, Data: 81 45 60 FF 64 0 0 0
ID: 370, Data: 8FF E1 F0 F0 FF FF FF FF
ID: 43F, Data: 81 45 60 FF 64 0 0 0
ID: A0, Data: 835 7E 4F A 0 23 2 0
ID: 153, Data: 80 0 0 FF 0 FF 0 0
ID: 260, Data: 8B 23 25 30 0 FF 6F 3
ID: 329, Data: 884 B2 80 8 12 2B 0 26
ID: A1, Data: 882 7F 80 7F 24 0 0 0
ID: 5F0, Data: 20 0
ID: 1F1, Data: 80 70 0 0 0 0 0 0
ID: 316, Data: 85 23 28 A 25 19 0 7E
ID: A0, Data: 836 7E 35 A 0 23 2 0
ID: 440, Data: 8A6 E1 0 A0 FF AA AA AA
ID: 43F, Data: 81 45 60 FF 64 0 0 0
ID: 153, Data: 80 0 0 FF 0 FF 0 0
ID: 316, Data: 85 23 44 A 25 19 0 7E
ID: 153, Data: 80 0 0 FF 0 FF 0 0
ID: 43F, Data: 81 45 60 FF 64 0 0 0
ID: 1F1, Data: 80 70 0 0 0 0 0 0
ID: 153, Data: 80 0 0 FF 0 FF 0 0
ID: A1, Data: 882 7F 82 7F 24 0 0 0
ID: 329, Data: 8B B2 80 8 12 2B 0 26
ID: 18F, Data: 8AA 34 0 0 0 0 0 0
ID: 43F, Data: 81 45 60 FF 64 0 0 0
ID: 1F1, Data: 80 70 0 0 0 0 0 0
ID: A1, Data: 882 7F 82 7F 24 0 0 0
ID: 153, Data: 80 0 0 FF 0 FF 0 0
ID: 316, Data: 85 23 31 A 25 19 0 7E
ID: 370, Data: 8FF E1 F0 F0 FF FF FF FF
ID: 316, Data: 85 23 28 A 25 19 0 7E
ID: 153, Data: 80 0 0 FF 0 FF 0 0
ID: 153, Data: 80 0 0 FF 0 FF 0 0
ID: 316, Data: 85 23 20 A 25 19 0 7E
ID: 43F, Data: 81 45 60 FF 64 0 0 0
ID: 440, Data: 8A6 41 0 A0 FF AA AA AA
ID: 370, Data: 8FF E1 F0 F0 FF FF FF FF
ID: 329, Data: 8ED B2 80 8 12 2B 0 26
ID: 316, Data: 85 23 29 A 25 19 0 7E
ID: 316, Data: 85 23 30 A 25 19 0 7E
ID: 2A0, Data: 840 0 5D 1D 3D 0 17 0
ID: 43F, Data: 81 45 60 FF 64 0 0 0
ID: 43F, Data: 81 45 60 FF 64 0 0 0
ID: 43F, Data: 81 45 60 FF 64 0 0 0
ID: 153, Data: 80 0 0 FF 0 FF 0 0
ID: 43F, Data: 81 45 60 FF 64 0 0 0
ID: 153, Data: 80 0 0 FF 0 FF 0 0
ID: 153, Data: 80 0 0 FF 0 FF 0 0
ID: 153, Data: 80 0 0 FF 0 FF 0 0
ID: 2A0, Data: 8E0 0 5D 1D 3D 0 17 0
ID: 316, Data: 85 23 51 A 25 19 0 7E
ID: 2A0, Data: 820 0 5D 1D 3D 0 17 0
ID: 1F0, Data: 885 40 B5 BF 0 0 0 0
ID: 153, Data: 80 0 0 FF 0 FF 0 0
ID: 43F, Data: 81 45 60 FF 64 0 0 0
ID: 153, Data: 80 0 0 FF 0 FF 0 0
ID: 153, Data: 80 0 0 FF 0 FF 0 0
ID: A0, Data: 836 7E 49 A 0 23 2 0
ID: 316, Data: 85 23 42 A 25 19 0 7E
ID: 316, Data: 85 23 3D A 25 19 0 7E
ID: 316, Data: 85 23 36 A 25 19 0 7E
ID: 370, Data: 8FF E1 F0 F0 FF FF FF FF
ID: 316, Data: 85 23 19 A 25 19 0 7E
ID: 545, Data: 8E4 21 0 8C AD 0 AD 0
ID: A1, Data: 882 7F 82 7F 24 0 0 0
ID: 153, Data: 80 0 0 FF 0 FF 0 0
ID: 153, Data: 80 0 0 FF 0 FF 0 0
ID: A1, Data: 882 7F 82 7F 24 0 0 0
ID: 2A0, Data: 8E0 0 5D 1D 3D 0 17 0
ID: 18F, Data: 8AA 34 0 0 0 0 0 0
ID: 43F, Data: 81 45 60 FF 64 0 0 0
ID: 2A0, Data: 840 0 5D 1D 3D 0 17 0
ID: A0, Data: 837 7E 1D A 0 23 2 0
ID: 43F, Data: 81 45 60 FF 64 0 0 0
ID: 43F, Data: 81 45 60 FF 64 0 0 0
ID: 153, Data: 80 0 0 FF 0 FF 0 0
ID: 316, Data: 85 23 3D A 25 19 0 7E
ID: A1, Data: 882 7F 80 7F 24 0 0 0
ID: 5F0, Data: 20 0
ID: 5A0, Data: 80 0 0 90 0 0 0 0
ID: 153, Data: 80 0 0 FF 0 FF 0 0
ID: 545, Data: 8E4 21 0 8D B2 0 B2 0
ID: 153, Data: 80 0 0 FF 0 FF 0 0
ID: 280, Data: 830 0 84 B2 14 1A 5D 4D
ID: 316, Data: 85 23 3C A 25 19 0 7E
ID: 1F1, Data: 80 70 0 0 0 0 0 0
ID: 440, Data: 8A6 41 0 A0 FF AA AA AA
ID: 260, Data: 8B 23 25 30 0 FF 70 1
ID: 43F, Data: 81 45 60 FF 64 0 0 0
ID: 370, Data: 8FF E1 F0 F0 FF FF FF FF
ID: 43F, Data: 81 45 60 FF 64 0 0 0
ID: 153, Data: 80 0 0 FF 0 FF 0 0
ID: 153, Data: 80 0 0 FF 0 FF 0 0
ID: A1, Data: 883 80 80 7F 24 0 0 0
ID: 2A0, Data: 880 0 5D 1D 3D 0 17 0
ID: 18F, Data: 8AA 34 0 0 0 0 0 0
ID: 153, Data: 80 0 0 FF 0 FF 0 0
ID: 260, Data: 8B 23 25 30 0 FF 70 3E
ID: 316, Data: 85 23 41 A 25 19 0 7E
ID: 153, Data: 80 0 0 FF 0 FF 0 0
ID: 316, Data: 85 23 34 A 25 19 0 7E
ID: A0, Data: 836 7E 3C A 0 23 2 0
ID: 316, Data: 85 23 40 A 25 19 0 7E
ID: 153, Data: 80 0 0 FF 0 FF 0 0
ID: 153, Data: 80 0 0 FF 0 FF 0 0
ID: 153, Data: 80 0 0 FF 0 FF 0 0
ID: 18F, Data: 8AA 33 0 0 0 0 0 0
ID: 316, Data: 85 23 51 A 2F 22 0 7E
ID: 153, Data: 80 0 0 FF 0 FF 0 0
ID: 316, Data: 85 25 42 A 2F 22 0 7E
ID: 43F, Data: 81 45 60 FF 64 0 0 0
ID: 370, Data: 8FF E1 F0 F0 FF FF FF FF
ID: 316, Data: 85 27 7F A 2E 22 0 7E
ID: 153, Data: 80 0 0 FF 0 FF 0 0
ID: 5F0, Data: 20 0
ID: 153, Data: 80 0 0 FF 0 FF 0 0
ID: 316, Data: 85 28 D5 A 2D 22 0 7E
ID: A0, Data: 840 7E AD A 0 25 2 0
ID: 316, Data: 845 29 E9 A 2D 22 0 7E
ID: 153, Data: 80 0 0 FF 0 FF 0 0
ID: 153, Data: 80 0 0 FF 0 FF 0 0
ID: 43F, Data: 81 45 60 FF 64 0 0 0
ID: 43F, Data: 81 45 60 FF 64 0 0 0
ID: 43F, Data: 81 45 60 FF 64 0 0 0
ID: 153, Data: 80 0 0 FF 0 FF 0 0
ID: 153, Data: 80 0 0 FF 0 FF 0 0
ID: 5F0, Data: 20 0
ID: 280, Data: 830 0 84 B2 14 1F 5D 57
ID: 316, Data: 845 2C 5C A 2E 21 0 7E
ID: 153, Data: 80 0 0 FF 0 FF 0 0
ID: 316, Data: 845 2C 93 A 2D 21 0 7E
ID: 153, Data: 80 0 0 FF 0 FF 0 0
ID: 316, Data: 845 2C 9A A 2C 21 0 7E
ID: 316, Data: 845 2C B7 A 2C 22 0 7E
ID: 329, Data: 8ED B2 80 8 12 2D 0 26
ID: 153, Data: 80 0 0 FF 0 FF 0 0
ID: 153, Data: 80 0 0 FF 0 FF 0 0
ID: 43F, Data: 81 45 60 FF 64 0 0 0
ID: 153, Data: 80 0 0 FF 0 FF 0 0
ID: 5F0, Data: 20 0
ID: 370, Data: 8FF E1 F0 F0 FF FF FF FF
ID: 280, Data: 830 0 84 B2 15 1E 5D 56
ID: 43F, Data: 81 45 60 FF 64 0 0 0
ID: 545, Data: 8E4 29 0 8C 95 0 95 0
ID: 260, Data: 8B 2A 2D 30 0 FF 6B 26
ID: 370, Data: 8FF E1 F0 F0 FF FF FF FF
ID: 316, Data: 845 2A 71 A 2D 22 0 7E
ID: 153, Data: 80 0 0 FF 0 FF 0 0
ID: 153, Data: 80 0 0 FF 0 FF 0 0
ID: 316, Data: 845 2A 65 A 2D 22 0 7E
ID: 260, Data: 8B 2A 2D 30 0 FF 6D 15
ID: 153, Data: 80 0 0 FF 0 FF 0 0
ID: 316, Data: 845 2A 5B A 2D 22 0 7E
ID: 5F0, Data: 20 0
ID: 316, Data: 845 2A 62 A 2D 22 0 7E
ID: 153, Data: 80 0 0 FF 0 FF 0 0
ID: A0, Data: 83E 7E 62 A 0 25 2 0
ID: 316, Data: 845 2A 51 A 2D 22 0 7E
ID: 316, Data: 845 2A 5F A 2D 22 0 7E
ID: 18F, Data: 8AA 3A 0 0 0 0 0 0
ID: 43F, Data: 81 45 60 FF 64 0 0 0
ID: 153, Data: 80 0 0 FF 0 FF 0 0
ID: 153, Data: 80 0 0 FF 0 FF 0 0
ID: 18F, Data: 8AA 3A 0 0 0 0 0 0
ID: 316, Data: 845 2A 65 A 2C 22 0 7E
ID: 316, Data: 845 2A 5E A 2C 22 0 7E
ID: 2A0, Data: 880 0 5D 1D 3D 0 17 0
ID: 370, Data: 8FF E1 F0 F0 FF FF FF FF
ID: 316, Data: 845 2A 4F A 2D 22 0 7E
ID: A1, Data: 881 80 83 80 29 0 0 0
ID: 153, Data: 80 0 0 FF 0 FF 0 0
ID: 316, Data: 845 2A 57 A 2D 22 0 7E
ID: 153, Data: 80 0 0 FF 0 FF 0 0
ID: 316, Data: 845 2A 41 A 2D 21 0 7E
ID: 153, Data: 80 0 0 FF 0 FF 0 0
ID: 316, Data: 845 2A 4F A 2D 21 0 7E
ID: 5F0, Data: 20 0
ID: 316, Data: 845 2A 62 A 2C 22 0 7E
ID: 316, Data: 845 2A 62 A 2C 22 0 7E
ID: A0, Data: 83E 7E 62 A 0 25 2 0
ID: 43F, Data: 81 45 60 FF 64 0 0 0
ID: 153, Data: 80 0 0 FF 0 FF 0 0
ID: 43F, Data: 81 45 60 FF 64 0 0 0
ID: 153, Data: 80 0 0 FF 0 FF 0 0
ID: 153, Data: 80 0 0 FF 0 FF 0 0
ID: 545, Data: 8E4 28 0 8C 95 0 95 0
ID: 316, Data: 845 2A 5F A 2C 22 0 7E
ID: 18F, Data: 8AA 3B 0 0 0 0 0 0
ID: 153, Data: 80 0 0 FF 0 FF 0 0
ID: 43F, Data: 81 45 60 FF 64 0 0 0
ID: 545, Data: 8E4 27 0 8B 94 0 94 0
ID: 280, Data: 830 0 84 B2 14 1E 5D 55
ID: 153, Data: 80 0 0 FF 0 FF 0 0
ID: 1F0, Data: 884 40 B5 BF 0 0 0 0
ID: 316, Data: 845 2A 49 A 2C 22 0 7E
ID: 316, Data: 845 2A 53 A 2C 22 0 7E
ID: 153, Data: 80 0 0 FF 0 FF 0 0
ID: 153, Data: 80 0 0 FF 0 FF 0 0
ID: 545, Data: 8E4 26 0 8D 93 0 93 0
ID: 316, Data: 845 2A 32 A 2D 21 0 7E
ID: 545, Data: 8E4 26 0 8C 93 0 93 0
ID: 153, Data: 80 0 0 FF 0 FF 0 0
ID: 316, Data: 845 2A 30 A 2D 21 0 7E
ID: 5F0, Data: 20 0
ID: 316, Data: 845 2A 3C A 2C 22 0 7E
ID: 43F, Data: 81 45 60 FF 64 0 0 0
ID: 316, Data: 845 2A 48 A 2C 22 0 7E
ID: 329, Data: 8B B2 80 8 12 2D 0 26
ID: 43F, Data: 81 45 60 FF 64 0 0 0
ID: 316, Data: 845 2A 63 A 2C 22 0 7E
ID: 153, Data: 80 0 0 FF 0 FF 0 0
ID: 316, Data: 845 2A 41 A 2C 22 0 7E
ID: 153, Data: 80 0 0 FF 0 FF 0 0
ID: 280, Data: 830 0 84 B2 14 1E 5D 55
ID: 43F, Data: 81 45 60 FF 64 0 0 0
ID: 260, Data: 8B 2A 2D 30 0 FF 6F 22
ID: 153, Data: 80 0 0 FF 0 FF 0 0
ID: 153, Data: 80 0 0 FF 0 FF 0 0
ID: 43F, Data: 81 45 60 FF 64 0 0 0
ID: 43F, Data: 81 45 60 FF 64 0 0 0
ID: 43F, Data: 81 45 60 FF 64 0 0 0
ID: 153, Data: 80 0 0 FF 0 FF 0 0
ID: 153, Data: 80 0 0 FF 0 FF 0 0
ID: A1, Data: 880 80 81 80 29 0 0 0
ID: 329, Data: 8B B2 80 8 12 2C 0 26
ID: 370, Data: 8FF E1 F0 F0 FF FF FF FF
ID: 370, Data: 8FF E1 F0 F0 FF FF FF FF
ID: 153, Data: 80 0 0 FF 0 FF 0 0
ID: 43F, Data: 81 45 60 FF 64 0 0 0
ID: A1, Data: 880 80 81 80 29 0 0 0
ID: 43F, Data: 81 45 60 FF 64 0 0 0
ID: 153, Data: 80 0 0 FF 0 FF 0 0
ID: 153, Data: 80 0 0 FF 0 FF 0 0
ID: 2A0, Data: 820 0 5D 1D 3D 0 17 0
ID: 329, Data: 840 B2 80 8 12 2C 0 26
ID: 2A0, Data: 8E0 0 5D 1D 3D 0 17 0
ID: 153, Data: 80 0 0 FF 0 FF 0 0
ID: 153, Data: 80 0 0 FF 0 FF 0 0
ID: 43F, Data: 81 45 60 FF 64 0 0 0
ID: 43F, Data: 81 45 60 FF 64 0 0 0
ID: 1F1, Data: 80 70 0 0 0 0 0 0
ID: 153, Data: 80 0 0 FF 0 FF 0 0
ID: 545, Data: 8E4 26 0 8B 8C 0 8C 0
ID: 43F, Data: 81 45 60 FF 64 0 0 0
ID: 280, Data: 830 0 84 B2 14 1E 5E 55
ID: 260, Data: 8B 2A 2D 30 0 FF 71 10
ID: 153, Data: 80 0 0 FF 0 FF 0 0
ID: 316, Data: 845 2A 21 A 2D 21 0 7E
ID: 316, Data: 845 2A 2E A 2D 21 0 7E
ID: 1F0, Data: 884 40 B5 BF 0 0 0 0
ID: 153, Data: 80 0 0 FF 0 FF 0 0
ID: 153, Data: 80 0 0 FF 0 FF 0 0
ID: 2A0, Data: 820 0 5E 1D 3D 0 17 0
ID: 316, Data: 845 2A 55 A 2C 22 0 7E
ID: 260, Data: 8B 2A 2C 30 0 FF 6E 33
ID: 5F0, Data: 20 0
ID: 316, Data: 845 2A 54 A 2C 22 0 7E
ID: 316, Data: 845 2A 57 A 2C 22 0 7E
ID: 2A0, Data: 840 0 5E 1D 3D 0 17 0
ID: 43F, Data: 81 45 60 FF 64 0 0 0
ID: 153, Data: 80 0 0 FF 0 FF 0 0
ID: 43F, Data: 81 45 60 FF 64 0 0 0
ID: 153, Data: 80 0 0 FF 0 FF 0 0
ID: 153, Data: 80 0 0 FF 0 FF 0 0
ID: 153, Data: 80 0 0 FF 0 FF 0 0
ID: 370, Data: 8FF E1 F0 F0 FF FF FF FF
ID: 316, Data: 845 2A 65 A 2C 22 0 7E
ID: 153, Data: 80 0 0 FF 0 FF 0 0
ID: 153, Data: 80 0 0 FF 0 FF 0 0
ID: 316, Data: 845 2A 57 A 2C 22 0 7E
ID: 43F, Data: 81 45 60 FF 64 0 0 0
ID: 43F, Data: 81 45 60 FF 64 0 0 0
ID: 43F, Data: 81 45 60 FF 64 0 0 0
ID: 43F, Data: 81 45 60 FF 64 0 0 0
ID: 316, Data: 845 2A 6E A 2B 22 0 7E
ID: 316, Data: 845 2A 6C A 2B 22 0 7E
ID: A1, Data: 880 80 81 80 28 0 0 0
ID: 153, Data: 80 0 0 FF 0 FF 0 0
ID: 5F0, Data: 20 0
ID: 153, Data: 80 0 0 FF 0 FF 0 0
ID: 43F, Data: 81 45 60 FF 64 0 0 0
ID: A0, Data: 83D 7E 65 A 0 25 2 0
ID: A1, Data: 880 80 81 80 28 0 0 0
ID: 18F, Data: 8AA 3D 0 0 0 0 0 0
ID: A1, Data: 880 80 81 80 28 0 0 0
ID: 329, Data: 8B B2 80 8 12 2D 0 26
ID: 545, Data: 8E4 26 0 8C 8D 0 8D 0
ID: 1F0, Data: 884 40 B5 BF 0 0 0 0
ID: 153, Data: 80 0 0 FF 0 FF 0 0
ID: 153, Data: 80 0 0 FF 0 FF 0 0
ID: 440, Data: 8AE 31 0 A0 FF AA AA AA
ID: 2A0, Data: 840 0 5E 1D 3D 0 17 0
ID: 316, Data: 845 2A 53 A 24 19 0 7E
ID: 316, Data: 845 29 5C A 25 19 0 7E
ID: 545, Data: 8E4 27 0 8B 24 1 24 1
ID: 316, Data: 845 29 4F A 25 19 0 7E
ID: 153, Data: 80 0 0 FF 0 FF 0 0
ID: 316, Data: 845 28 4F A 25 19 0 7E
ID: 316, Data: 845 27 3D A 25 19 0 7E
ID: 316, Data: 845 27 39 A 25 19 0 7E
ID: 1F0, Data: 884 40 B5 BF 0 0 0 0
ID: 153, Data: 80 0 0 FF 0 FF 0 0
ID: 43F, Data: 81 45 60 FF 65 0 0 0
ID: 153, Data: 80 0 0 FF 0 FF 0 0
ID: 153, Data: 80 0 0 FF 0 FF 0 0
ID: 153, Data: 80 0 0 FF 0 FF 0 0
ID: A0, Data: 834 7E 54 A 0 23 2 0
ID: 316, Data: 85 24 B0 A 23 19 0 7E
ID: 316, Data: 85 24 B1 A 23 19 0 7E
ID: 2A0, Data: 840 0 5E 1D 3D 0 17 0
ID: 153, Data: 80 0 0 FF 0 FF 0 0
ID: 43F, Data: 81 45 60 FF 64 0 0 0
ID: 153, Data: 80 0 0 FF 0 FF 0 0
ID: 153, Data: 80 0 0 FF 0 FF 0 0
ID: 260, Data: 8B 23 25 30 0 FF 6C 33
ID: 370, Data: 8FF E1 F0 F0 FF FF FF FF
ID: 260, Data: 8B 23 25 30 0 FF 70 10
ID: 316, Data: 85 22 48 A 25 19 0 7E
ID: 18F, Data: 8AA 3D 0 0 0 0 0 0
ID: 43F, Data: 81 45 60 FF 64 0 0 0
ID: 18F, Data: 8AA 3D 0 0 0 0 0 0
ID: A0, Data: 835 7E 51 A 0 23 2 0
ID: 329, Data: 840 B2 80 8 12 2B 0 26
ID: 153, Data: 80 0 0 FF 0 FF 0 0
ID: 18F, Data: 8AA 3C 0 0 0 0 0 0
ID: 545, Data: 8E4 21 0 8D A5 0 A5 0
ID: 316, Data: 85 22 40 A 25 19 0 7E
ID: 280, Data: 830 0 84 B2 14 1A 5E 4C
ID: A0, Data: 836 7E 40 A 0 23 2 0
ID: 5F0, Data: 20 0
ID: 43F, Data: 81 45 60 FF 64 0 0 0
ID: 316, Data: 85 22 36 A 25 19 0 7E
ID: 5F0, Data: 20 0
ID: 316, Data: 85 23 3D A 25 19 0 7E
ID: 153, Data: 80 0 0 FF 0 FF 0 0
ID: 316, Data: 85 23 45 A 25 19 0 7E
ID: 153, Data: 80 0 0 FF 0 FF 0 0
ID: 316, Data: 85 23 32 A 25 19 0 7E
ID: 316, Data: 85 23 31 A 25 19 0 7E
ID: 153, Data: 80 0 0 FF 0 FF 0 0
ID: 545, Data: 8E4 21 0 8C A7 0 A7 0
ID: 43F, Data: 81 45 60 FF 65 0 0 0
ID: 370, Data: 8FF E1 F0 F0 FF FF FF FF
ID: 260, Data: 8B 23 25 30 0 FF 72 2D
ID: 153, Data: 80 0 0 FF 0 FF 0 0
ID: 280, Data: 830 0 84 B2 14 1A 5E 4D
ID: 1F0, Data: 884 40 B5 BF 0 0 0 0
ID: 1F0, Data: 884 40 B5 BF 0 0 0 0
ID: 153, Data: 80 0 0 FF 0 FF 0 0
ID: 153, Data: 80 0 0 FF 0 FF 0 0
ID: 2A0, Data: 840 0 5E 1D 3D 0 17 0
ID: 329, Data: 884 B2 80 8 12 2B 0 26
ID: A0, Data: 836 7E 3A A 0 23 2 0
ID: 153, Data: 80 0 0 FF 0 FF 0 0
ID: 43F, Data: 81 45 60 FF 65 0 0 0
ID: A1, Data: 880 80 7D 7F 24 0 0 0
ID: 43F, Data: 81 45 60 FF 65 0 0 0
ID: 153, Data: 80 0 0 FF 0 FF 0 0
ID: 153, Data: 80 0 0 FF 0 FF 0 0
ID: A0, Data: 836 7E 2A A 0 23 2 0
ID: 440, Data: 8A6 91 0 A0 FF AA AA AA
ID: 316, Data: 85 23 42 A 25 19 0 7E
ID: 153, Data: 80 0 0 FF 0 FF 0 0
ID: 153, Data: 80 0 0 FF 0 FF 0 0
ID: 43F, Data: 81 45 60 FF 64 0 0 0
ID: 18F, Data: 8AA 3A 0 0 0 0 0 0
ID: A1, Data: 880 80 7D 7F 24 0 0 0
ID: 316, Data: 85 23 51 A 24 19 0 7E
ID: 1F0, Data: 884 40 B5 BF 0 0 0 0
ID: 153, Data: 80 0 0 FF 0 FF 0 0
ID: 153, Data: 80 0 0 FF 0 FF 0 0
ID: 440, Data: 8A6 41 0 A0 FF AA AA AA
ID: 316, Data: 85 23 34 A 25 19 0 7E
ID: 5F0, Data: 20 0
ID: 316, Data: 85 23 34 A 25 19 0 7E
ID: 316, Data: 85 23 3C A 25 19 0 7E
ID: 316, Data: 85 23 3E A 25 19 0 7E
ID: 153, Data: 80 0 0 FF 0 FF 0 0
ID: 545, Data: 8E4 21 0 8C A8 0 A8 0
ID: 316, Data: 85 23 35 A 25 19 0 7E
ID: 280, Data: 830 0 84 B2 14 1A 5E 4C
ID: A1, Data: 880 80 80 7F 24 0 0 0
ID: 153, Data: 80 0 0 FF 0 FF 0 0
ID: 316, Data: 85 23 40 A 25 19 0 7E
ID: 153, Data: 80 0 0 FF 0 FF 0 0
ID: 316, Data: 85 23 36 A 25 19 0 7E
ID: 5F0, Data: 20 0
ID: 5A1, Data: 880 3 90 23 30 30 30 0
ID: 153, Data: 80 0 0 FF 0 FF 0 0
ID: 316, Data: 85 23 19 A 25 19 0 7E
ID: 316, Data: 85 23 19 A 25 19 0 7E
ID: 1F1, Data: 80 70 0 0 0 0 0 0
ID: 18F, Data: 8AA 39 0 0 0 0 0 0
ID: 316, Data: 85 23 2C A 25 19 0 7E
ID: 43F, Data: 81 45 60 FF 65 0 0 0
ID: 370, Data: 8FF E1 F0 F0 FF FF FF FF
ID: 43F, Data: 81 45 60 FF 65 0 0 0
ID: 316, Data: 85 23 34 A 25 19 0 7E
ID: 153, Data: 80 0 0 FF 0 FF 0 0
ID: 316, Data: 85 23 2A A 25 19 0 7E
ID: 153, Data: 80 0 0 FF 0 FF 0 0
ID: 316, Data: 85 23 40 A 25 19 0 7E
ID: 43F, Data: 81 45 60 FF 65 0 0 0
ID: 43F, Data: 81 45 60 FF 64 0 0 0
ID: 43F, Data: 81 45 60 FF 65 0 0 0
ID: 43F, Data: 81 45 60 FF 65 0 0 0
ID: 316, Data: 85 23 21 A 25 19 0 7E
ID: 316, Data: 85 23 29 A 25 19 0 7E
ID: 545, Data: 8E4 21 0 8D AD 0 AD 0
ID: 153, Data: 80 0 0 FF 0 FF 0 0
ID: 43F, Data: 81 45 60 FF 65 0 0 0
ID: 43F, Data: 81 45 60 FF 65 0 0 0
ID: 153, Data: 80 0 0 FF 0 FF 0 0
ID: 153, Data: 80 0 0 FF 0 FF 0 0
ID: 18F, Data: 8AA 38 0 0 0 0 0 0
ID: 316, Data: 85 23 40 A 25 19 0 7E
ID: 316, Data: 85 23 35 A 25 19 0 7E
ID: 316, Data: 85 23 1D A 25 19 0 7E
ID: 260, Data: 8B 23 25 30 0 FF 70 10
ID: 43F, Data: 81 45 60 FF 65 0 0 0
ID: 153, Data: 80 0 0 FF 0 FF 0 0
ID: 316, Data: 85 23 2D A 25 19 0 7E
ID: 153, Data: 80 0 0 FF 0 FF 0 0
ID: 43F, Data: 81 45 60 FF 65 0 0 0
ID: 153, Data: 80 0 0 FF 0 FF 0 0
ID: 153, Data: 80 0 0 FF 0 FF 0 0
ID: 153, Data: 80 0 0 FF 0 FF 0 0
ID: 545, Data: 8E4 21 0 8D B4 0 B4 0
ID: 316, Data: 85 23 2C A 25 19 0 7E
ID: 18F, Data: 8AA 38 0 0 0 0 0 0
ID: 43F, Data: 81 45 60 FF 65 0 0 0
ID: 260, Data: 8B 24 25 30 0 FF 70 2E
ID: 18F, Data: 8AA 38 0 0 0 0 0 0
ID: 43F, Data: 81 45 60 FF 65 0 0 0
ID: 153, Data: 80 0 0 FF 0 FF 0 0
ID: 316, Data: 85 23 4F A 24 19 0 7E
ID: 18F, Data: 8AA 38 0 0 0 0 0 0
ID: 18F, Data: 8AA 38 0 0 0 0 0 0
ID: 18F, Data: 8AA 38 0 0 0 0 0 0
ID: 153, Data: 80 0 0 FF 0 FF 0 0
ID: 316, Data: 85 23 5B A 24 19 0 7E
ID: 153, Data: 80 0 0 FF 0 FF 0 0
ID: 316, Data: 85 23 60 A 24 19 0 7E
ID: 153, Data: 80 0 0 FF 0 FF 0 0
ID: 316, Data: 85 23 60 A 24 19 0 7E
ID: 153, Data: 80 0 0 FF 0 FF 0 0
ID: 43F, Data: 81 45 60 FF 65 0 0 0
ID: 43F, Data: 81 45 60 FF 65 0 0 0
ID: 153, Data: 80 0 0 FF 0 FF 0 0
ID: 316, Data: 85 22 47 A 24 19 0 7E
ID: 153, Data: 80 0 0 FF 0 FF 0 0
ID: 153, Data: 80 0 0 FF 0 FF 0 0
ID: 153, Data: 80 0 0 FF 0 FF 0 0
ID: 18F, Data: 8AA 38 0 0 0 0 0 0
ID: 316, Data: 85 22 2A A 25 19 0 7E
ID: 153, Data: 80 0 0 FF 0 FF 0 0
ID: 316, Data: 85 22 20 A 25 19 0 7E
ID: 316, Data: 85 22 25 A 25 19 0 7E
ID: 316, Data: 85 22 2C A 25 19 0 7E
ID: 260, Data: 8B 23 25 30 0 FF 71 1F
ID: 153, Data: 80 0 0 FF 0 FF 0 0
ID: 316, Data: 85 22 1F A 25 19 0 7E
ID: 153, Data: 80 0 0 FF 0 FF 0 0
ID: 316, Data: 85 22 2A A 25 19 0 7E
ID: 370, Data: 8FF E1 F0 F0 FF FF FF FF
ID: 153, Data: 80 0 0 FF 0 FF 0 0
ID: A1, Data: 882 80 84 80 24 0 0 0
ID: 329, Data: 8ED B1 80 8 12 2B 0 26
ID: 545, Data: 8E4 21 0 8C A6 0 A6 0
ID: 153, Data: 80 0 0 FF 0 FF 0 0
ID: 153, Data: 80 0 0 FF 0 FF 0 0
ID: 316, Data: 85 23 34 A 24 19 0 7E
ID: 18F, Data: 8AA 37 0 0 0 0 0 0
ID: 43F, Data: 81 45 60 FF 65 0 0 0
ID: 18F, Data: 8AA 37 0 0 0 0 0 0
ID: 18F, Data: 8AA 37 0 0 0 0 0 0
ID: 329, Data: 8ED B1 80 8 12 2B 0 26
ID: 153, Data: 80 0 0 FF 0 FF 0 0
ID: 260, Data: 8B 23 25 30 0 FF 70 10
ID: 43F, Data: 81 45 60 FF 65 0 0 0
ID: 440, Data: 8A6 91 0 A0 FF AA AA AA
ID: 43F, Data: 81 45 60 FF 65 0 0 0
ID: 153, Data: 80 0 0 FF 0 FF 0 0
ID: 316, Data: 85 23 2E A 24 19 0 7E
ID: 153, Data: 80 0 0 FF 0 FF 0 0
ID: 316, Data: 85 23 32 A 24 19 0 7E
ID: 153, Data: 80 0 0 FF 0 FF 0 0
ID: 43F, Data: 81 45 60 FF 65 0 0 0
ID: 316, Data: 85 23 38 A 24 19 0 7E
ID: 153, Data: 80 0 0 FF 0 FF 0 0
ID: 316, Data: 85 23 49 A 24 19 0 7E
ID: 153, Data: 80 0 0 FF 0 FF 0 0
ID: 316, Data: 85 23 2E A 25 19 0 7E
ID: 316, Data: 85 22 2D A 25 19 0 7E
ID: 153, Data: 80 0 0 FF 0 FF 0 0
ID: 316, Data: 85 22 35 A 24 19 0 7E
ID: 1F0, Data: 884 40 B5 BF 0 0 0 0
ID: 316, Data: 85 22 31 A 24 19 0 7E
ID: 329, Data: 840 B1 80 8 12 2B 0 26
ID: 440, Data: 8A6 41 0 A0 FF AA AA AA
ID: 316, Data: 85 22 2E A 24 19 0 7E
ID: 329, Data: 884 B1 80 8 12 2B 0 26
ID: 18F, Data: 8AA 37 0 0 0 0 0 0
ID: 43F, Data: 81 45 60 FF 65 0 0 0
ID: 153, Data: 80 0 0 FF 0 FF 0 0
ID: 316, Data: 85 22 1D A 25 19 0 7E
ID: 260, Data: 8B 23 25 30 0 FF 72 3C
ID: A0, Data: 836 7D 1D A 0 23 2 0
ID: 316, Data: 85 23 17 A 25 19 0 7E
ID: 153, Data: 80 0 0 FF 0 FF 0 0
ID: 316, Data: 85 23 20 A 25 19 0 7E
ID: 5F0, Data: 20 0
ID: 316, Data: 85 23 1C A 25 19 0 7E
ID: 153, Data: 80 0 0 FF 0 FF 0 0
ID: 316, Data: 85 23 28 A 25 19 0 7E
ID: 153, Data: 80 0 0 FF 0 FF 0 0
ID: 316, Data: 85 23 2D A 24 19 0 7E
ID: 370, Data: 8FF E1 F0 F0 FF FF FF FF
ID: 153, Data: 80 0 0 FF 0 FF 0 0
ID: 316, Data: 85 23 30 A 24 19 0 7E
ID: 18F, Data: 8AA 37 0 0 0 0 0 0
ID: 316, Data: 85 23 36 A 24 19 0 7E
ID: 43F, Data: 81 45 60 FF 65 0 0 0
ID: 440, Data: 8A6 E1 0 A0 FF AA AA AA
ID: 43F, Data: 81 45 60 FF 65 0 0 0
ID: 316, Data: 85 23 24 A 25 19 0 7E
ID: 329, Data: 884 B1 80 8 12 2B 0 26
ID: A1, Data: 880 80 7E 80 24 0 0 0
ID: 153, Data: 80 0 0 FF 0 FF 0 0
ID: 316, Data: 85 23 31 A 24 19 0 7E
ID: 153, Data: 80 0 0 FF 0 FF 0 0
ID: 316, Data: 85 23 2E A 25 19 0 7E
ID: 43F, Data: 81 45 60 FF 65 0 0 0
ID: 43F, Data: 81 45 60 FF 65 0 0 0
ID: 43F, Data: 81 45 60 FF 65 0 0 0
ID: 43F, Data: 81 45 60 FF 65 0 0 0
ID: 43F, Data: 81 45 60 FF 65 0 0 0
ID: 316, Data: 85 23 49 A 24 19 0 7E
ID: 316, Data: 85 23 3A A 24 19 0 7E
ID: 545, Data: 8E4 21 0 8D A8 0 A8 0
ID: A1, Data: 880 80 80 80 24 0 0 0
ID: 43F, Data: 81 45 60 FF 65 0 0 0
ID: 43F, Data: 81 45 60 FF 65 0 0 0
ID: 43F, Data: 81 45 60 FF 65 0 0 0
ID: 43F, Data: 81 45 60 FF 65 0 0 0
ID: 153, Data: 80 0 0 FF 0 FF 0 0
ID: 316, Data: 85 22 31 A 24 19 0 7E
ID: 153, Data: 80 0 0 FF 0 FF 0 0
ID: 316, Data: 85 22 31 A 24 19 0 7E
ID: 153, Data: 80 0 0 FF 0 FF 0 0
ID: 316, Data: 85 22 31 A 24 19 0 7E
ID: 43F, Data: 81 45 60 FF 65 0 0 0
ID: 153, Data: 80 0 0 FF 0 FF 0 0
ID: 370, Data: 8FF E1 F0 F0 FF FF FF FF
ID: 153, Data: 80 0 0 FF 0 FF 0 0
ID: 153, Data: 80 0 0 FF 0 FF 0 0
ID: 316, Data: 85 23 2C A 25 19 0 7E
ID: 316, Data: 85 23 31 A 24 19 0 7E
ID: 316, Data: 85 23 38 A 24 19 0 7E
ID: 2A0, Data: 840 0 5E 1D 3D 0 17 0
ID: 43F, Data: 81 45 60 FF 65 0 0 0
ID: 153, Data: 80 0 0 FF 0 FF 0 0
ID: 43F, Data: 81 45 60 FF 65 0 0 0
ID: 153, Data: 80 0 0 FF 0 FF 0 0
ID: 153, Data: 80 0 0 FF 0 FF 0 0
ID: 18F, Data: 8AA 36 0 0 0 0 0 0
ID: 316, Data: 85 23 2A A 25 19 0 7E
ID: 316, Data: 85 23 12 A 25 19 0 7E
ID: 316, Data: 85 23 18 A 25 19 0 7E
ID: 545, Data: 8E4 21 0 8C AB 0 AB 0
ID: 153, Data: 80 0 0 FF 0 FF 0 0
ID: 43F, Data: 81 45 60 FF 65 0 0 0
ID: 43F, Data: 81 45 60 FF 65 0 0 0
ID: 153, Data: 80 0 0 FF 0 FF 0 0
ID: 316, Data: 85 23 49 A 24 19 0 7E
ID: 153, Data: 80 0 0 FF 0 FF 0 0
ID: 153, Data: 80 0 0 FF 0 FF 0 0
ID: 545, Data: 8E4 22 0 8C AA 0 AA 0
ID: 280, Data: 830 0 84 B1 14 1A 5E 4C
ID: A1, Data: 880 80 80 80 24 0 0 0
ID: 316, Data: 85 22 55 A 24 19 0 7E
ID: 5F0, Data: 20 0
ID: 316, Data: 85 22 4D A 24 19 0 7E
ID: 316, Data: 85 23 4F A 24 19 0 7E
ID: 545, Data: 8E4 22 0 8C A2 0 A2 0
ID: 43F, Data: 81 45 60 FF 65 0 0 0
ID: 43F, Data: 81 45 60 FF 65 0 0 0
ID: 153, Data: 80 0 0 FF 0 FF 0 0
ID: 153, Data: 80 0 0 FF 0 FF 0 0
ID: 153, Data: 80 0 0 FF 0 FF 0 0
ID: 260, Data: 8B 23 25 30 0 FF 71 0
ID: 316, Data: 85 23 17 A 25 19 0 7E
ID: 260, Data: 8B 23 25 30 0 FF 72 2D
ID: 43F, Data: 81 45 60 FF 65 0 0 0
ID: 440, Data: 8A6 91 0 A0 FF AA AA AA
ID: 370, Data: 8FF E1 F0 F0 FF FF FF FF
ID: 18F, Data: 8AA 36 0 0 0 0 0 0
ID: 316, Data: 85 23 32 A 24 19 0 7E
ID: 316, Data: 85 23 39 A 24 19 0 7E
ID: 316, Data: 85 23 2E A 24 19 0 7E
ID: 1F0, Data: 884 40 B5 BF 0 0 0 0
ID: 260, Data: 8B 23 25 30 0 FF 71 1F
ID: A0, Data: 836 7D 21 A 0 23 2 0
ID: 43F, Data: 81 45 60 FF 65 0 0 0
ID: 153, Data: 80 0 0 FF 0 FF 0 0
ID: 153, Data: 80 0 0 FF 0 FF 0 0
ID: A0, Data: 836 7D 32 A 0 23 2 0
ID: 545, Data: 8E4 22 0 8D A8 0 A8 0
ID: 329, Data: 8ED B1 80 8 12 2B 0 26
ID: A0, Data: 836 7D 41 A 0 23 2 0
ID: 370, Data: 8FF E1 F0 F0 FF FF FF FF
ID: 153, Data: 80 0 0 FF 0 FF 0 0
ID: 280, Data: 830 0 84 B1 14 1A 5E 4C
ID: 43F, Data: 81 45 60 FF 65 0 0 0
ID: A0, Data: 837 7D 23 A 0 23 2 0
ID: 18F, Data: 8AA 36 0 0 0 0 0 0
ID: 43F, Data: 81 45 60 FF 65 0 0 0
ID: 280, Data: 830 0 84 B1 14 1A 5E 4C
ID: 260, Data: 8B 23 25 30 0 FF 70 3E
ID: 370, Data: 8FF E1 F0 F0 FF FF FF FF
ID: 316, Data: 85 23 28 A 25 19 0 7E
ID: 1F1, Data: 80 70 0 0 0 0 0 0
ID: 153, Data: 80 0 0 FF 0 FF 0 0
ID: 153, Data: 80 0 0 FF 0 FF 0 0
ID: 18F, Data: 8AA 36 0 0 0 0 0 0
ID: 316, Data: 85 23 42 A 24 19 0 7E
ID: 316, Data: 85 23 3C A 24 19 0 7E
ID: 316, Data: 85 23 26 A 25 19 0 7E
ID: 260, Data: 8B 23 25 30 0 FF 70 2F
ID: 153, Data: 80 0 0 FF 0 FF 0 0
ID: 43F, Data: 81 45 60 FF 65 0 0 0
ID: 153, Data: 80 0 0 FF 0 FF 0 0
ID: 316, Data: 85 23 30 A 24 19 0 7E
ID: A0, Data: 836 7D 30 A 0 23 2 0
ID: 153, Data: 80 0 0 FF 0 FF 0 0
ID: 1F1, Data: 80 70 0 0 0 0 0 0
ID: 2A0, Data: 840 0 5E 1D 3D 0 17 0
ID: 316, Data: 85 23 3C A 24 19 0 7E
ID: 280, Data: 830 0 84 B1 14 1A 5E 4C
ID: A1, Data: 882 80 7E 80 24 0 0 0
ID: 43F, Data: 81 45 60 FF 65 0 0 0
ID: 153, Data: 80 0 0 FF 0 FF 0 0
ID: 316, Data: 85 23 32 A 24 19 0 7E
ID: 153, Data: 80 0 0 FF 0 FF 0 0
ID: 316, Data: 85 23 36 A 24 19 0 7E
ID: 316, Data: 85 23 31 A 24 19 0 7E
ID: 153, Data: 80 0 0 FF 0 FF 0 0
ID: 316, Data: 85 23 30 A 2D 22 0 7E
ID: 316, Data: 85 24 3C A 2D 22 0 7E
ID: 316, Data: 85 24 4D A 2D 22 0 7E
ID: 18F, Data: 8AA 36 0 0 0 0 0 0
ID: 153, Data: 80 0 0 FF 0 FF 0 0
ID: 440, Data: 8AE 31 0 A0 FF AA AA AA
ID: 316, Data: 85 27 7B A 2C 22 0 7E
ID: 316, Data: 85 27 88 A 2C 22 0 7E
ID: 316, Data: 85 27 99 A 2C 22 0 7E
ID: 153, Data: 80 0 0 FF 0 FF 0 0
ID: 316, Data: 845 27 C8 A 2B 22 0 7E
ID: 370, Data: 8FF E1 F0 F0 FF FF FF FF
ID: 2A0, Data: 8E0 0 5E 1D 3D 0 17 0
ID: 316, Data: 845 28 58 A 2C 22 0 7E
ID: 153, Data: 80 0 0 FF 0 FF 0 0
ID: A0, Data: 840 7D 39 A 0 25 2 0
ID: 316, Data: 845 29 FD 9 2D 22 0 7E
ID: 316, Data: 845 29 F4 9 2D 22 0 7E
ID: 153, Data: 80 0 0 FF 0 FF 0 0
ID: 153, Data: 80 0 0 FF 0 FF 0 0
ID: 153, Data: 80 0 0 FF 0 FF 0 0
ID: 260, Data: 8B 2B 2C 30 0 FF 76 1B
ID: 316, Data: 845 2B 3E A 2C 22 0 7E
ID: 43F, Data: 81 45 60 FF 65 0 0 0
ID: 316, Data: 845 2A 70 A 2C 22 0 7E
ID: 316, Data: 845 2B 75 A 2B 22 0 7E
ID: 316, Data: 845 2B 7C A 2B 22 0 7E
ID: 1F1, Data: 80 70 0 0 0 0 0 0
ID: 1F0, Data: 884 40 B5 BF 0 0 0 0
ID: 316, Data: 845 2A 92 A 2A 22 0 7E
ID: 153, Data: 80 0 0 FF 0 FF 0 0
ID: 153, Data: 80 0 0 FF 0 FF 0 0
ID: 316, Data: 845 2A 7C A 2B 22 0 7E
ID: 43F, Data: 81 45 60 FF 65 0 0 0
ID: 316, Data: 845 2A 66 A 2B 22 0 7E
ID: 370, Data: 8FF E1 F0 F0 FF FF FF FF
ID: 1F1, Data: 80 70 0 0 0 0 0 0
ID: 316, Data: 845 2A 5E A 2B 22 0 7E
ID: 260, Data: 8B 2A 2C 30 0 FF 6E 6
ID: 316, Data: 845 29 5A A 2B 22 0 7E
ID: 316, Data: 845 2A 48 A 2B 22 0 7E
ID: 545, Data: 8E4 26 0 8C 8B 0 8B 0
ID: 43F, Data: 81 45 60 FF 65 0 0 0
ID: 153, Data: 80 0 0 FF 0 FF 0 0
ID: 43F, Data: 81 45 60 FF 65 0 0 0
ID: 153, Data: 80 0 0 FF 0 FF 0 0
ID: 153, Data: 80 0 0 FF 0 FF 0 0
ID: 43F, Data: 81 45 60 FF 65 0 0 0
ID: 545, Data: 8E4 26 0 8C 8C 0 8C 0
ID: 18F, Data: 8AA 3B 0 0 0 0 0 0
ID: 43F, Data: 81 45 60 FF 65 0 0 0
ID: 2A0, Data: 840 0 5E 1D 3D 0 17 0
ID: A0, Data: 83D 7D 3E A 0 25 2 0
ID: 43F, Data: 81 45 60 FF 65 0 0 0
ID: 153, Data: 80 0 0 FF 0 FF 0 0
ID: 153, Data: 80 0 0 FF 0 FF 0 0
ID: 18F, Data: 8AA 3B 0 0 0 0 0 0
ID: 316, Data: 845 29 51 A 2B 22 0 7E
ID: 316, Data: 845 29 51 A 2B 22 0 7E
ID: 545, Data: 8E4 27 0 8C 83 0 83 0
ID: 370, Data: 8FF E1 F0 F0 FF FF FF FF
ID: 316, Data: 845 29 42 A 2B 22 0 7E
ID: A0, Data: 83D 7D 42 A 0 25 2 0
ID: 153, Data: 80 0 0 FF 0 FF 0 0
ID: 1F0, Data: 884 40 B5 BF 0 0 0 0
ID: 18F, Data: 8AA 3B 0 0 0 0 0 0
ID: 370, Data: 8FF E1 F0 F0 FF FF FF FF
ID: 545, Data: 8E4 27 0 8C 83 0 83 0
ID: 316, Data: 845 29 2E A 2C 22 0 7E
ID: 316, Data: 845 29 36 A 2B 22 0 7E
ID: A0, Data: 83D 7D 32 A 0 25 2 0
ID: 43F, Data: 81 45 60 FF 65 0 0 0
ID: 153, Data: 80 0 0 FF 0 FF 0 0
ID: 153, Data: 80 0 0 FF 0 FF 0 0
ID: A0, Data: 83D 7D 29 A 0 25 2 0
ID: 545, Data: 8E4 26 0 8C 82 0 82 0
ID: 329, Data: 8B B1 80 8 12 2C 0 26
ID: A0, Data: 83D 7D 29 A 0 25 2 0
ID: 43F, Data: 81 45 60 FF 65 0 0 0
ID: 153, Data: 80 0 0 FF 0 FF 0 0
ID: A1, Data: 883 80 81 80 28 0 0 0
ID: 18F, Data: 8AA 3C 0 0 0 0 0 0
ID: A1, Data: 883 80 81 80 28 0 0 0
ID: 329, Data: 8B B1 80 8 12 2C 0 26
ID: 280, Data: 830 0 84 B1 14 1D 5E 55
ID: 370, Data: 8FF E1 F0 F0 FF FF FF FF
ID: 316, Data: 845 29 2C A 2C 22 0 7E
ID: 43F, Data: 81 45 60 FF 65 0 0 0
ID: 43F, Data: 81 45 60 FF 65 0 0 0
ID: 43F, Data: 81 45 60 FF 65 0 0 0
ID: 43F, Data: 81 45 60 FF 65 0 0 0
ID: 316, Data: 845 29 1D A 2C 22 0 7E
ID: 1F0, Data: 884 40 B5 BF 0 0 0 0
ID: 2A0, Data: 880 0 5E 1D 3D 0 17 0
ID: 43F, Data: 81 45 60 FF 66 0 0 0
ID: 43F, Data: 81 45 60 FF 65 0 0 0
ID: 43F, Data: 81 45 60 FF 65 0 0 0
ID: 43F, Data: 81 45 60 FF 65 0 0 0
ID: 43F, Data: 81 45 60 FF 65 0 0 0
ID: 153, Data: 80 0 0 FF 0 FF 0 0
ID: 316, Data: 845 29 3E A 2B 22 0 7E
ID: 153, Data: 80 0 0 FF 0 FF 0 0
ID: 153, Data: 80 0 0 FF 0 FF 0 0
ID: 316, Data: 845 29 41 A 2B 22 0 7E
ID: 153, Data: 80 0 0 FF 0 FF 0 0
ID: 316, Data: 845 29 35 A 2B 22 0 7E
ID: 43F, Data: 81 45 60 FF 65 0 0 0
ID: 316, Data: 845 29 40 A 2B 22 0 7E
ID: 316, Data: 845 29 3E A 2B 22 0 7E
ID: A0, Data: 83D 7D 3E A 0 25 2 0
ID: 316, Data: 845 29 47 A 2B 22 0 7E
ID: 153, Data: 80 0 0 FF 0 FF 0 0
ID: 316, Data: 845 29 48 A 2B 22 0 7E
ID: 316, Data: 845 29 3E A 2B 22 0 7E
ID: 316, Data: 845 29 40 A 2B 22 0 7E
ID: 316, Data: 845 29 41 A 2B 22 0 7E
ID: 316, Data: 845 29 49 A 2B 22 0 7E
ID: 153, Data: 80 0 0 FF 0 FF 0 0
ID: 43F, Data: 81 45 60 FF 65 0 0 0
ID: 545, Data: 8E4 27 0 8B 80 0 80 0
ID: 260, Data: 8B 29 2C 30 0 FF 6F 24
ID: 153, Data: 80 0 0 FF 0 FF 0 0
ID: 43F, Data: 81 45 60 FF 65 0 0 0
ID: 153, Data: 80 0 0 FF 0 FF 0 0
ID: 153, Data: 80 0 0 FF 0 FF 0 0
ID: 153, Data: 80 0 0 FF 0 FF 0 0
ID: 43F, Data: 81 45 60 FF 65 0 0 0
ID: 316, Data: 845 29 1F A 2C 22 0 7E
ID: 316, Data: 845 29 1B A 2C 22 0 7E
ID: A0, Data: 83E 7D 1F A 0 25 2 0
ID: 440, Data: 8AE 91 0 A0 FF AA AA AA
ID: 43F, Data: 81 45 60 FF 65 0 0 0
ID: 316, Data: 845 29 36 A 2B 22 0 7E
ID: 280, Data: 830 0 84 B1 14 1D 5E 55
ID: 153, Data: 80 0 0 FF 0 FF 0 0
ID: 316, Data: 845 29 3C A 2B 22 0 7E
ID: 153, Data: 80 0 0 FF 0 FF 0 0
ID: 316, Data: 845 2A 31 A 2B 22 0 7E
ID: 316, Data: 845 2A 38 A 2B 22 0 7E
ID: 280, Data: 830 0 84 B1 14 1D 5E 55
ID: 316, Data: 845 29 4D A 2B 22 0 7E
ID: 316, Data: 845 2A 49 A 2B 22 0 7E
ID: 260, Data: 8B 2A 2C 30 0 FF 6F 32
ID: 316, Data: 845 29 49 A 2B 22 0 7E
ID: 153, Data: 80 0 0 FF 0 FF 0 0
ID: 260, Data: 8B 2A 2B 30 0 FF 6E 34
ID: 316, Data: 845 29 63 A 2B 22 0 7E
ID: 18F, Data: 8AA 3E 0 0 0 0 0 0
ID: 316, Data: 845 29 6A A 2B 22 0 7E
ID: 153, Data: 80 0 0 FF 0 FF 0 0
ID: 316, Data: 845 29 4D A 2B 22 0 7E
ID: 153, Data: 80 0 0 FF 0 FF 0 0
ID: 316, Data: 845 29 45 A 2B 22 0 7E
ID: 370, Data: 8FF E1 F0 F0 FF FF FF FF
ID: 316, Data: 845 29 4F A 2B 22 0 7E
ID: 316, Data: 845 29 4D A 2B 22 0 7E
ID: 316, Data: 845 29 54 A 2B 22 0 7E
ID: 18F, Data: 8AA 3E 0 0 0 0 0 0
ID: 440, Data: 8AE 31 0 A0 FF AA AA AA
ID: 43F, Data: 81 45 60 FF 65 0 0 0
ID: 440, Data: 8AE 31 0 A0 FF AA AA AA
ID: 43F, Data: 81 45 60 FF 65 0 0 0
ID: 260, Data: 8B 29 2B 30 0 FF 6F 34
ID: 153, Data: 80 0 0 FF 0 FF 0 0
ID: 153, Data: 80 0 0 FF 0 FF 0 0
ID: 316, Data: 845 29 2C A 2B 22 0 7E
ID: 43F, Data: 81 45 60 FF 65 0 0 0
ID: 370, Data: 8FF E1 F0 F0 FF FF FF FF
ID: 43F, Data: 81 45 60 FF 65 0 0 0
ID: A1, Data: 881 80 81 80 28 0 0 0
ID: 153, Data: 80 0 0 FF 0 FF 0 0
ID: 153, Data: 80 0 0 FF 0 FF 0 0
ID: 153, Data: 80 0 0 FF 0 FF 0 0
ID: 316, Data: 845 29 3C A 2B 22 0 7E
ID: 153, Data: 80 0 0 FF 0 FF 0 0
ID: 280, Data: 830 0 84 B1 14 1D 5E 55
ID: 316, Data: 845 29 3E A 24 19 0 7E
ID: 43F, Data: 81 45 60 FF 65 0 0 0
ID: 43F, Data: 81 45 60 FF 65 0 0 0
ID: 153, Data: 80 0 0 FF 0 FF 0 0
ID: 316, Data: 845 28 58 A 24 19 0 7E
ID: 153, Data: 80 0 0 FF 0 FF 0 0
ID: 316, Data: 845 27 3A A 24 19 0 7E
ID: 153, Data: 80 0 0 FF 0 FF 0 0
ID: 316, Data: 85 26 24 A 25 19 0 7E
ID: 316, Data: 85 25 3E A 24 19 0 7E
ID: 316, Data: 85 25 88 A 24 19 0 7E
ID: 18F, Data: 8AA 3F 0 0 0 0 0 0
ID: 153, Data: 80 0 0 FF 0 FF 0 0
ID: 153, Data: 80 0 0 FF 0 FF 0 0
ID: 316, Data: 85 23 C5 A 22 19 0 7E
ID: 316, Data: 85 23 B1 A 22 19 0 7E
ID: 316, Data: 85 22 77 A 23 19 0 7E
ID: 260, Data: 8B 23 24 30 0 FF 67 C
ID: 43F, Data: 81 45 60 FF 65 0 0 0
ID: 5A0, Data: 80 0 0 90 0 0 0 0
ID: 43F, Data: 81 45 60 FF 65 0 0 0
ID: A1, Data: 880 80 82 80 24 0 0 0
ID: 153, Data: 80 0 0 FF 0 FF 0 0
ID: 316, Data: 85 22 3A A 24 19 0 7E
ID: 440, Data: 8A6 91 0 A0 FF AA AA AA
ID: 43F, Data: 81 45 60 FF 65 0 0 0
ID: 316, Data: 85 22 2E A 24 19 0 7E
ID: 153, Data: 80 0 0 FF 0 FF 0 0
ID: 280, Data: 830 0 84 B1 14 1A 5E 4C
ID: 1F1, Data: 80 70 0 0 0 0 0 0
ID: 1F0, Data: 884 40 B5 BF 0 0 0 0
ID: 316, Data: 85 22 2C A 24 19 0 7E
ID: 316, Data: 85 22 39 A 24 19 0 7E
ID: 2A0, Data: 820 0 5E 1D 3D 0 17 0
ID: 153, Data: 80 0 0 FF 0 FF 0 0
ID: 316, Data: 85 22 24 A 24 19 0 7E
ID: 43F, Data: 81 45 60 FF 65 0 0 0
ID: 370, Data: 8FF E1 F0 F0 FF FF FF FF
ID: 43F, Data: 81 45 60 FF 65 0 0 0
ID: 260, Data: 8B 23 25 30 0 FF 72 F
ID: 1F0, Data: 884 40 B5 BF 0 0 0 0
ID: 153, Data: 80 0 0 FF 0 FF 0 0
ID: 153, Data: 80 0 0 FF 0 FF 0 0
ID: 440, Data: 8A6 91 0 A0 FF AA AA AA
ID: 2A0, Data: 820 0 5E 1D 3D 0 17 0
ID: 440, Data: 8A6 91 0 A0 FF AA AA AA
ID: 316, Data: 85 23 28 A 24 19 0 7E
ID: A0, Data: 836 7D 2A A 0 23 2 0
ID: 153, Data: 80 0 0 FF 0 FF 0 0
ID: A1, Data: 87E 80 7E 80 24 0 0 0
ID: 260, Data: 8B 23 24 30 0 FF 72 0
ID: A0, Data: 836 7D 30 A 0 23 2 0
ID: 370, Data: 8FF E1 F0 F0 FF FF FF FF
ID: 43F, Data: 81 45 60 FF 65 0 0 0
ID: 153, Data: 80 0 0 FF 0 FF 0 0
ID: 316, Data: 85 23 3C A 24 19 0 7E
ID: 153, Data: 80 0 0 FF 0 FF 0 0
ID: 43F, Data: 81 45 60 FF 66 0 0 0
ID: 316, Data: 85 23 20 A 24 19 0 7E
ID: 153, Data: 80 0 0 FF 0 FF 0 0
ID: 316, Data: 85 23 3A A 24 19 0 7E
ID: 153, Data: 80 0 0 FF 0 FF 0 0
ID: 316, Data: 85 23 49 A 24 19 0 7E
ID: 316, Data: 85 23 54 A 24 19 0 7E
ID: 316, Data: 85 22 62 A 23 19 0 7E
ID: 18F, Data: 8AA 3B 0 0 0 0 0 0
ID: 153, Data: 80 0 0 FF 0 FF 0 0
ID: 260, Data: 8B 23 24 30 0 FF 6E 23
ID: 316, Data: 85 22 34 A 24 19 0 7E
ID: A1, Data: 880 80 7D 80 24 0 0 0
ID: 153, Data: 80 0 0 FF 0 FF 0 0
ID: 153, Data: 80 0 0 FF 0 FF 0 0
ID: 153, Data: 80 0 0 FF 0 FF 0 0
ID: 2A0, Data: 880 0 5E 1D 3D 0 17 0
ID: 316, Data: 85 22 2A A 24 19 0 7E
ID: 545, Data: 8E4 21 0 8C A3 0 A3 0
ID: A1, Data: 880 80 80 80 24 0 0 0
ID: 153, Data: 80 0 0 FF 0 FF 0 0
ID: 153, Data: 80 0 0 FF 0 FF 0 0
ID: A1, Data: 880 80 80 80 24 0 0 0
ID: 2A0, Data: 8E0 0 5E 1D 3D 0 17 0
ID: 18F, Data: 8AA 3A 0 0 0 0 0 0
ID: 43F, Data: 81 45 60 FF 65 F8 0 0
ID: 260, Data: 8B 23 23 30 0 FF 6E 24
ID: 153, Data: 80 0 0 FF 0 FF 0 0
ID: 43F, Data: 81 45 60 FF 65 40 1 0
ID: 43F, Data: 81 45 60 FF 65 84 1 0
ID: 153, Data: 80 0 0 FF 0 FF 0 0
ID: 316, Data: 85 23 5C A 23 19 0 7E
ID: 316, Data: 85 23 58 A 23 19 0 7E
ID: 153, Data: 80 0 0 FF 0 FF 0 0
ID: 329, Data: 840 B1 80 8 11 2B 0 26
ID: 316, Data: 85 22 66 A 23 19 0 7E
ID: 153, Data: 80 0 0 FF 0 FF 0 0
ID: 153, Data: 80 0 0 FF 0 FF 0 0
ID: 2A0, Data: 8E0 0 5E 1D 3D 0 17 0
ID: 316, Data: 85 22 55 A 23 19 0 7E
ID: 545, Data: 8E4 22 0 8C 9F 0 9F 0
ID: 260, Data: 8B 22 23 30 0 FF 6E 25
ID: 153, Data: 80 0 0 FF 0 FF 0 0
ID: 153, Data: 80 0 0 FF 0 FF 0 0
ID: 316, Data: 85 22 67 A 23 19 1 7E
ID: 43F, Data: 81 45 60 FF 65 54 4 0
ID: 43F, Data: 81 45 60 FF 65 6C 4 0
ID: 43F, Data: 81 45 60 FF 65 94 4 0
ID: 316, Data: 85 29 97 A 28 19 2 7E
ID: 2A0, Data: 861 0 5E 1D 3D 0 17 0
ID: 153, Data: 80 0 0 FF 0 FF 0 0
ID: 316, Data: 85 28 F5 A 29 1A 2 7E
ID: 43F, Data: 81 45 60 FF 65 8C 5 0
ID: 370, Data: 8FF E1 F0 F0 FF FF FF FF
ID: 316, Data: 85 28 1A B 2D 1A 2 7E
ID: 153, Data: 80 0 0 FF 0 FF 0 0
ID: 316, Data: 85 28 27 B 31 1A 2 7E
ID: A1, Data: 882 79 82 7D 23 0 0 0
ID: 316, Data: 85 29 2A B 3C 1A 3 7E
ID: 316, Data: 85 2A 35 B 42 1A 3 7E
ID: 153, Data: 80 0 0 FF 0 FF 0 0
ID: 316, Data: 85 2C 56 B 4B 1A 3 7E
ID: 1F0, Data: 88C 40 B5 BF 0 0 0 0
ID: 316, Data: 85 30 8C B 4B 19 3 7E
ID: 316, Data: 85 34 A0 B 4A 19 3 7E
ID: 2A0, Data: 8A1 1 5E 1D 3D 0 17 0
ID: 316, Data: 85 38 3B C 49 18 3 7E
ID: 153, Data: 80 0 0 FF 0 FF 0 0
ID: 316, Data: 85 3A 55 D 52 18 4 7E
ID: 153, Data: 80 0 0 FF 0 FF 0 0
ID: 153, Data: 80 0 0 FF 0 FF 0 0
ID: 43F, Data: 81 45 60 FF 65 F0 9 0
ID: 153, Data: 80 0 0 FF 0 FF 0 0
ID: 43F, Data: 81 45 60 FF 65 B8 A 0
ID: 153, Data: 80 0 0 FF 0 FF 0 0
ID: 316, Data: 85 3F 58 11 47 16 5 7E
ID: A1, Data: 882 77 81 7B 30 0 0 0
ID: 153, Data: 80 0 0 FF 0 FF 0 0
ID: 316, Data: 85 3F 91 12 44 15 5 7E
ID: 153, Data: 80 0 0 FF 0 FF 0 0
ID: 316, Data: 85 3E 15 13 44 15 6 7E
ID: 153, Data: 80 0 0 FF 0 FF 0 0
ID: 153, Data: 80 0 0 FF 0 FF 0 0
ID: 43F, Data: 81 45 60 FF 65 BC E 0
ID: 153, Data: 80 0 0 FF 0 FF 0 0
ID: 316, Data: 85 3A 2E 14 3A 15 7 7E
ID: 153, Data: 80 0 0 FF 0 FF 0 0
ID: 316, Data: 85 39 A3 14 39 15 8 7E
ID: 316, Data: 85 38 CA 14 39 15 8 7E
ID: 153, Data: 80 0 0 FF 0 FF 0 0
ID: 153, Data: 80 0 0 FF 0 FF 0 0
ID: 545, Data: 8E4 5A 0 8D 81 2 81 2
ID: 316, Data: 85 38 7B 15 39 15 9 7E
ID: 280, Data: 830 0 88 B1 2B 22 5E 64
ID: 153, Data: 80 0 0 FF 0 FF 0 0
ID: 316, Data: 85 37 38 16 39 15 A 7E
ID: 153, Data: 80 0 0 FF 0 FF 0 0
ID: 316, Data: 85 36 E2 16 39 15 A 7E
ID: 316, Data: 85 36 3A 17 38 15 A 7E
ID: 280, Data: 830 0 88 B1 2F 21 5E 60
ID: 153, Data: 80 0 0 FF 0 FF 0 0
ID: 316, Data: 85 34 2F 18 38 15 B 7E
ID: 316, Data: 85 33 8A 18 38 15 B 7E
ID: 316, Data: 85 33 D0 18 38 15 B 7E
ID: 43F, Data: 8A 45 60 FF 65 60 17 0
ID: 440, Data: 8FE 91 B A0 FF AA AA AA
ID: 316, Data: 85 32 AC 19 37 16 C 7E
ID: 316, Data: 85 32 A 1A 37 16 C 7E
ID: 316, Data: 85 32 47 1A 2F 16 C 7E
ID: 316, Data: 85 31 8F 1A F 16 C 7E
ID: A0, Data: 83E 7D A 1A C 2E 2 0
ID: 43F, Data: 8A 45 60 FF 65 C0 19 0
ID: 5F0, Data: 20 0
ID: 5A1, Data: 880 3 90 23 30 30 30 0
ID: 316, Data: 85 23 5C 1B 11 18 D 7E
ID: 316, Data: 85 21 48 1B 11 18 D 7E
ID: 153, Data: 80 0 0 FF 0 FF 0 0
ID: 316, Data: 85 1B EA 1A 12 18 D 7E
ID: 153, Data: 80 0 0 FF 0 FF 0 0
ID: 316, Data: 85 18 62 1A 12 19 E 7E
ID: 153, Data: 80 0 0 FF 0 FF 0 0
ID: 153, Data: 80 0 0 FF 0 FF 0 0
ID: 316, Data: 85 14 38 19 13 19 E 7E
ID: 43F, Data: 8A 45 60 FF 64 F0 17 0
ID: 316, Data: 85 14 C7 17 14 18 E 7E
ID: 545, Data: 8E4 37 0 8D D0 FF D0 FF
ID: 153, Data: 80 0 0 FF 0 FF 0 0
ID: 316, Data: 85 17 DB 15 15 18 E 7E
ID: 153, Data: 80 0 0 FF 0 FF 0 0
ID: 316, Data: 85 19 E6 14 16 18 E 7E
ID: 316, Data: 85 19 3E 14 16 18 E 7E
ID: 280, Data: 830 0 84 B1 27 15 5E 3C
ID: 43F, Data: 8A 45 60 FF 64 B4 11 0
ID: 43F, Data: 8A 45 60 FF 65 8 11 0
ID: 545, Data: 8E4 31 0 8D 29 0 29 0
ID: 153, Data: 80 0 0 FF 0 FF 0 0
ID: 153, Data: 80 0 0 FF 0 FF 0 0
ID: 43F, Data: 8A 45 60 FF 64 E4 10 0
ID: 18F, Data: 8AA 36 0 0 0 0 0 0
ID: 43F, Data: 8A 45 60 FF 64 24 11 0
ID: 153, Data: 80 0 0 FF 0 FF 0 0
ID: 5F0, Data: 20 0
ID: 153, Data: 80 0 0 FF 0 FF 0 0
ID: 43F, Data: 8A 45 60 FF 65 0 11 0
ID: 260, Data: 8B 1C 1B 30 0 FF 79 1A
ID: 43F, Data: 82 45 60 FF 64 70 11 0
ID: 43F, Data: 82 45 60 FF 64 5C 11 0
ID: 316, Data: 85 1C 7B 11 1A 19 10 7E
ID: 370, Data: 8FF E1 F0 F0 FF FF FF FF
ID: 316, Data: 85 1C 93 11 19 19 10 7E
ID: 5F0, Data: 20 0
ID: 370, Data: 8FF E1 F0 F0 FF FF FF FF
ID: 153, Data: 80 0 0 FF 0 FF 0 0
ID: 43F, Data: 82 45 60 FF 64 F4 10 0
ID: 2A0, Data: 880 5 5E 1D 3D 0 17 0
ID: 153, Data: 80 0 0 FF 0 FF 0 0
ID: 316, Data: 85 1A 49 11 19 19 F 7E
ID: 153, Data: 80 0 0 FF 0 FF 0 0
ID: 316, Data: 85 1A F2 10 19 19 F 7E
ID: 153, Data: 80 0 0 FF 0 FF 0 0
ID: 316, Data: 85 1A 75 10 19 19 F 7E
ID: 316, Data: 85 1A 6B 10 1A 19 F 7E
ID: 316, Data: 85 1A 5D 10 1A 19 F 7E
ID: 43F, Data: 82 45 60 FF 64 C 10 0
ID: 153, Data: 80 0 0 FF 0 FF 0 0
ID: 316, Data: 85 1A 38 10 1A 1A F 7E
ID: 316, Data: 85 1A 1D 10 1A 1A F 7E
ID: 316, Data: 85 1A EC F 1A 1A F 7E
ID: 43F, Data: 82 45 60 FF 64 68 F 0
ID: 153, Data: 80 0 0 FF 0 FF 0 0
ID: 43F, Data: 82 45 60 FF 65 3C F 0
ID: 153, Data: 80 0 0 FF 0 FF 0 0
ID: 153, Data: 80 0 0 FF 0 FF 0 0
ID: 316, Data: 85 1A 59 F 1B 1A E 7E
ID: 260, Data: 8B 1A 1B 30 0 FF 78 2C
ID: 316, Data: 85 1A 18 F 1B 1A E 7E
ID: 316, Data: 85 1A C8 E 1B 1A E 7E
ID: 153, Data: 80 0 0 FF 0 FF 0 0
ID: 2A0, Data: 8E0 3 5E 1D 3D 0 17 0
ID: 316, Data: 85 1A A6 E 1C 1A D 7E
ID: 260, Data: 8B 1A 1C 30 0 FF 76 1E
ID: 153, Data: 80 0 0 FF 0 FF 0 0
ID: 153, Data: 80 0 0 FF 0 FF 0 0
ID: 316, Data: 85 1A 3C E 1C 1A D 7E
ID: A1, Data: 885 7B 85 7C 1D 0 0 0
ID: 440, Data: 8FE 22 C A0 FF AA AA AA
ID: 370, Data: 8FF E1 F0 F0 FF FF FF FF
ID: 316, Data: 85 1B CD D 1D 1B D 7E
ID: 43F, Data: 82 45 60 FF 64 68 D 0
ID: 153, Data: 80 0 0 FF 0 FF 0 0
ID: 316, Data: 85 1C A2 D 1D 1B C 7E
ID: 316, Data: 85 1C A6 D 1D 1B C 7E
ID: 316, Data: 85 1C 9D D 1D 1B C 7E
ID: 2A0, Data: 880 3 5E 1D 3D 0 17 0
ID: 5F0, Data: 20 0
ID: 43F, Data: 82 45 60 FF 64 D4 C 0
ID: 370, Data: 8FF E1 F0 F0 FF FF FF FF
ID: 316, Data: 85 1D 73 D 1E 1B C 7E
ID: A0, Data: 82E 7C 83 D C 25 2 0
ID: 153, Data: 80 0 0 FF 0 FF 0 0
ID: 153, Data: 80 0 0 FF 0 FF 0 0
ID: 370, Data: 8FF E1 F0 F0 FF FF FF FF
ID: 316, Data: 85 1D 3C D 1E 1B B 7E
ID: 153, Data: 80 0 0 FF 0 FF 0 0
ID: 316, Data: 85 1E FA C 1E 1B B 7E
ID: 43F, Data: 82 45 60 FF 64 DC B 0
ID: 153, Data: 80 0 0 FF 0 FF 0 0
ID: 316, Data: 85 1E D8 C 1F 1B B 7E
ID: 153, Data: 80 0 0 FF 0 FF 0 0
ID: 43F, Data: 82 45 60 FF 64 3C B 0
ID: 316, Data: 85 1E 92 C 1F 1B A 7E
ID: 153, Data: 80 0 0 FF 0 FF 0 0
ID: 329, Data: 8ED B0 80 8 12 2C 0 26
ID: 153, Data: 80 0 0 FF 0 FF 0 0
ID: 260, Data: 8B 1F 21 30 0 FF 73 16
ID: 316, Data: 85 1F CC B 21 1B 9 7E
ID: A1, Data: 886 7C 84 7D 20 0 0 0
ID: 153, Data: 80 0 0 FF 0 FF 0 0
ID: 153, Data: 80 0 0 FF 0 FF 0 0
ID: 153, Data: 80 0 0 FF 0 FF 0 0
ID: 370, Data: 8FF E1 F0 F0 FF FF FF FF
ID: 316, Data: 85 21 27 B 22 1A 8 7E
ID: 153, Data: 80 0 0 FF 0 FF 0 0
ID: 153, Data: 80 0 0 FF 0 FF 0 0
ID: 43F, Data: 82 45 60 FF 64 0 8 0
ID: 43F, Data: 82 45 60 FF 64 D0 7 0
ID: 5F0, Data: 20 0
ID: 153, Data: 80 0 0 FF 0 FF 0 0
ID: 440, Data: 8F7 22 6 A0 FF AA AA AA
ID: A1, Data: 886 7C 84 7D 23 0 0 0
ID: 440, Data: 8F4 22 6 A0 FF AA AA AA
ID: 43F, Data: 82 45 60 FF 64 D0 6 0
ID: 260, Data: 8B 23 24 30 0 FF 71 2F
ID: 1F1, Data: 80 7 2E E0 2 2F F0 2
ID: 1F1, Data: 80 7 2E D0 2 2E D0 2
ID: 316, Data: 85 24 60 A 24 19 6 7E
ID: 316, Data: 85 24 48 A 24 19 5 7E
ID: 280, Data: 830 0 84 B0 14 1A 5E 4B
ID: A1, Data: 884 7E 81 7F 24 0 0 0
ID: 43F, Data: 82 45 60 FF 64 AC 5 0
ID: 316, Data: 85 24 4D A 24 19 5 7E
ID: 316, Data: 85 24 45 A 24 19 5 7E
ID: 260, Data: 8B 24 24 30 0 FF 72 2D
ID: 43F, Data: 82 45 60 FF 65 68 5 0
ID: 370, Data: 8FF E1 F0 F0 FF FF FF FF
ID: 153, Data: 80 0 0 FF 0 FF 0 0
ID: 316, Data: 85 24 30 A 24 19 5 7E
ID: 18F, Data: 8AA 35 0 0 0 0 0 0
ID: A1, Data: 883 80 81 80 24 0 0 0
ID: A0, Data: 835 7C 30 A 5 23 2 0
ID: A1, Data: 881 80 81 80 24 0 0 0
ID: A0, Data: 839 7C 3C A 5 25 2 0
ID: 43F, Data: 82 45 60 FF 64 50 6 0
ID: 18F, Data: 8AA 35 0 0 0 0 0 0
ID: 153, Data: 80 0 0 FF 0 FF 0 0
ID: 18F, Data: 8AA 35 0 0 0 0 0 0
ID: 316, Data: 85 2A 9 B 2F 19 5 7E
ID: 43F, Data: 82 45 60 FF 64 B0 6 0
ID: 316, Data: 85 2B 72 B 2E 19 5 7E
ID: 316, Data: 85 2B 96 B 2D 19 5 7E
ID: A0, Data: 83E 7C 96 B 6 26 2 0
ID: 43F, Data: 82 45 60 FF 64 E4 6 0
ID: A1, Data: 881 80 80 80 27 0 0 0
ID: 153, Data: 80 0 0 FF 0 FF 0 0
ID: 5F0, Data: 20 0
ID: 153, Data: 80 0 0 FF 0 FF 0 0
ID: 43F, Data: 82 45 60 FF 64 28 7 0
ID: 545, Data: 8E4 2C 0 8D 22 1 22 1
ID: 43F, Data: 82 45 60 FF 65 60 7 0
ID: 43F, Data: 82 45 60 FF 64 68 7 0
ID: 153, Data: 80 0 0 FF 0 FF 0 0
ID: 316, Data: 85 2A 45 C 2D 1A 6 7E
ID: 316, Data: 85 2A 58 C 2C 1A 6 7E
ID: 153, Data: 80 0 0 FF 0 FF 0 0
ID: 329, Data: 8ED B0 80 8 11 2F 0 26
ID: 316, Data: 85 2A 80 C 2B 1A 6 7E
ID: 153, Data: 80 0 0 FF 0 FF 0 0
ID: 153, Data: 80 0 0 FF 0 FF 0 0
ID: 2A0, Data: 840 1 5E 1D 3D 0 17 0
ID: 316, Data: 85 2D 9E C 33 23 6 7E
ID: 2A0, Data: 880 1 5E 1D 3D 0 17 0
ID: A1, Data: 880 7C 7E 7D 28 0 0 0
ID: 153, Data: 80 0 0 FF 0 FF 0 0
ID: 153, Data: 80 0 0 FF 0 FF 0 0
ID: 370, Data: 8FF E1 F0 F0 FF FF FF FF
ID: 260, Data: 8B 30 31 30 0 FF 74 11
ID: 316, Data: 85 35 B2 D 36 22 6 7E
ID: 280, Data: 830 0 88 AF 1C 21 5E 5A
ID: A1, Data: 880 78 7E 7B 2B 0 0 0
ID: 316, Data: 845 35 88 E 36 21 7 7E
ID: 153, Data: 80 0 0 FF 0 FF 0 0
ID: 2A0, Data: 8A1 1 5E 1D 3D 0 17 0
ID: 316, Data: 845 34 73 E 2C 21 7 7E
ID: 1F0, Data: 8C8 3F B5 BF 0 0 0 0
ID: 153, Data: 80 0 0 FF 0 FF 0 0
ID: 153, Data: 80 0 0 FF 0 FF 0 0
ID: 153, Data: 80 0 0 FF 0 FF 0 0
ID: 280, Data: 830 0 88 AF 1D 20 5E 58
ID: 316, Data: 845 33 A6 E 2E 22 7 7E
ID: 43F, Data: 82 45 60 FF 65 B0 9 0
ID: 153, Data: 80 0 0 FF 0 FF 0 0
ID: 316, Data: 845 32 A4 E 2E 22 8 7E
ID: 153, Data: 80 0 0 FF 0 FF 0 0
ID: 316, Data: 845 31 96 E 2F 22 8 7E
ID: 43F, Data: 82 45 60 FF 64 A4 9 0
ID: 280, Data: 830 0 88 AF 1C 1E 5E 53
ID: 18F, Data: 8AA 37 0 0 0 0 0 0
ID: 153, Data: 80 0 0 FF 0 FF 0 0
ID: 316, Data: 845 30 2C E 33 22 8 7E
ID: 43F, Data: 82 45 60 FF 65 30 A 0
ID: 153, Data: 80 0 0 FF 0 FF 0 0
ID: 316, Data: 845 31 15 E 34 22 8 7E
ID: 43F, Data: 82 45 60 FF 65 48 A 0
ID: 316, Data: 845 31 FC D 34 22 8 7E
ID: 2A0, Data: 8C1 2 5E 1D 3D 0 17 0
ID: 153, Data: 80 0 0 FF 0 FF 0 0
ID: 316, Data: 845 33 1D E 34 22 8 7E
ID: 153, Data: 80 0 0 FF 0 FF 0 0
ID: 316, Data: 845 33 41 E 34 22 8 7E
ID: 370, Data: 8FF E1 F0 F0 FF FF FF FF
ID: 316, Data: 845 33 6B E 33 22 8 7E
ID: 316, Data: 845 34 91 E 33 22 8 7E
ID: 316, Data: 845 34 A4 E 33 22 8 7E
ID: 2A0, Data: 8A1 2 5E 1D 3D 0 17 0
ID: 370, Data: 8FF E1 F0 F0 FF FF FF FF
ID: 153, Data: 80 0 0 FF 0 FF 0 0
ID: A1, Data: 885 77 83 7B 29 0 0 0
ID: 329, Data: 8B AF 80 8 11 31 5 26
ID: 545, Data: 8E4 3F 0 8C 44 1 44 1
ID: 18F, Data: 8AA 39 0 0 0 0 0 0
ID: 153, Data: 80 0 0 FF 0 FF 0 0
ID: 43F, Data: 82 45 60 FF 64 70 B 0
ID: 280, Data: 830 0 88 AF 1E 20 5E 57
ID: 153, Data: 80 0 0 FF 0 FF 0 0
ID: 316, Data: 845 34 74 F 33 21 9 7E
ID: 43F, Data: 82 45 60 FF 65 CC B 0
ID: 43F, Data: 82 45 60 FF 65 D4 B 0
ID: 329, Data: 840 AF 80 8 11 31 5 26
ID: A0, Data: 83F 7C AC F A 29 2 0
ID: 153, Data: 80 0 0 FF 0 FF 0 0
ID: 153, Data: 80 0 0 FF 0 FF 0 0
ID: 153, Data: 80 0 0 FF 0 FF 0 0
ID: 280, Data: 830 0 88 AF 1F 20 5E 57
ID: 316, Data: 845 34 DC F 33 21 A 7E
ID: 153, Data: 80 0 0 FF 0 FF 0 0
ID: 43F, Data: 82 45 60 FF 65 80 C 0
ID: 153, Data: 80 0 0 FF 0 FF 0 0
ID: 153, Data: 80 0 0 FF 0 FF 0 0
ID: 153, Data: 80 0 0 FF 0 FF 0 0
ID: A0, Data: 83F 7C 3 10 B 29 2 0
ID: 316, Data: 845 34 1D 10 32 21 A 7E
ID: 316, Data: 845 34 2B 10 32 21 A 7E
ID: 43F, Data: 82 45 60 FF 64 C D 0
ID: 316, Data: 845 33 35 10 32 21 B 7E
ID: 1F0, Data: 833 40 B5 BF 0 0 0 0
ID: 316, Data: 845 33 49 10 33 21 B 7E
ID: 153, Data: 80 0 0 FF 0 FF 0 0
ID: 153, Data: 80 0 0 FF 0 FF 0 0
ID: 316, Data: 845 33 5A 10 35 21 B 7E
ID: 153, Data: 80 0 0 FF 0 FF 0 0
ID: 316, Data: 845 33 61 10 36 21 B 7E
ID: 153, Data: 80 0 0 FF 0 FF 0 0
ID: 2A0, Data: 81 3 5E 1D 3D 0 17 0
ID: 316, Data: 845 33 7C 10 37 21 B 7E
ID: 316, Data: 845 34 95 10 37 21 C 7E
ID: 316, Data: 845 34 9C 10 37 21 C 7E
ID: 316, Data: 845 34 B1 10 37 21 C 7E
ID: 5F0, Data: 20 0
ID: 316, Data: 845 34 D9 10 37 21 C 7E
ID: 316, Data: 845 34 D9 10 37 21 C 7E
ID: A1, Data: 886 77 84 7B 29 0 0 0
ID: 153, Data: 80 0 0 FF 0 FF 0 0
ID: 43F, Data: 82 45 60 FF 64 70 E 0
ID: 153, Data: 80 0 0 FF 0 FF 0 0
ID: 153, Data: 80 0 0 FF 0 FF 0 0
ID: 316, Data: 845 35 49 11 39 21 C 7E
ID: 440, Data: 8FE 22 D A0 FF AA AA AA
ID: 316, Data: 845 35 60 11 39 20 C 7E
ID: A1, Data: 886 77 84 7B 29 0 0 0
ID: 43F, Data: 82 45 60 FF 64 4 F 0
ID: 43F, Data: 82 45 60 FF 64 18 F 0
ID: 153, Data: 80 0 0 FF 0 FF 0 0
ID: 316, Data: 845 35 A6 11 39 20 D 7E
ID: 316, Data: 845 35 AE 11 39 20 D 7E
ID: 18F, Data: 8AA 3C 0 0 0 0 0 0
ID: 316, Data: 845 35 CF 11 39 20 D 7E
ID: 43F, Data: 82 45 60 FF 64 8C F 0
ID: 316, Data: 845 35 F8 11 39 20 D 7E
ID: 18F, Data: 8AA 3C 0 0 0 0 0 0
ID: 153, Data: 80 0 0 FF 0 FF 0 0
ID: 153, Data: 80 0 0 FF 0 FF 0 0
ID: A0, Data: 842 7C 8 12 E 2B 2 0
ID: 316, Data: 845 35 5D 12 38 1F E 7E
ID: 316, Data: 845 35 80 12 38 1F E 7E
ID: 43F, Data: 82 45 60 FF 64 40 10 0
ID: 316, Data: 845 35 A8 12 38 1F E 7E
ID: 260, Data: 8B 35 38 30 0 FF BF 25
ID: 316, Data: 845 34 D0 12 37 1F E 7E
ID: 316, Data: 845 34 D9 12 37 1F E 7E
ID: 43F, Data: 82 45 60 FF 64 A4 10 0
ID: 316, Data: 845 34 7 13 37 1F E 7E
ID: A0, Data: 83F 7C 7 13 F 2B 2 0
ID: 316, Data: 845 35 1E 13 1E 1F E 7E
ID: 153, Data: 80 0 0 FF 0 FF 0 0
ID: 1F0, Data: 858 40 B5 BF 0 0 0 0
ID: 316, Data: 845 36 4E 13 1E 1F F 7E
ID: 153, Data: 80 0 0 FF 0 FF 0 0
ID: 18F, Data: 8AA 3C 0 0 0 0 0 0
ID: 316, Data: 845 30 88 13 1F 20 F 7E
ID: 153, Data: 80 0 0 FF 0 FF 0 0
ID: 153, Data: 80 0 0 FF 0 FF 0 0
ID: 316, Data: 845 28 C 13 20 21 F 7E
ID: 5F0, Data: 20 0
ID: 260, Data: 8B 25 21 30 0 FF 96 29
ID: 2A0, Data: 820 4 5E 1D 3D 0 17 0
ID: 153, Data: 80 0 0 FF 0 FF 0 0
ID: 316, Data: 845 1F 2A 12 22 22 F 7E
ID: 153, Data: 80 0 0 FF 0 FF 0 0
ID: 153, Data: 80 0 0 FF 0 FF 0 0
ID: 316, Data: 845 1F AE 11 22 22 F 7E
ID: 43F, Data: 82 45 60 FF 65 84 11 0
ID: 316, Data: 845 21 7B 11 22 22 F 7E
ID: A1, Data: 886 7C 86 7D 21 0 0 0
ID: 153, Data: 80 0 0 FF 0 FF 0 0
ID: 316, Data: 845 22 AE 11 22 21 F 7E
ID: 153, Data: 80 0 0 FF 0 FF 0 0
ID: 316, Data: 845 23 E7 11 22 21 F 7E
ID: 316, Data: 845 23 F4 11 21 21 F 7E
ID: 43F, Data: 82 45 60 FF 64 18 11 0
ID: 43F, Data: 82 45 60 FF 64 0 11 0
ID: 316, Data: 845 23 E3 11 21 21 F 7E
ID: 2A0, Data: 820 4 5E 1D 3D 0 17 0
ID: 316, Data: 845 24 C3 11 22 21 E 7E
ID: 316, Data: 845 24 AA 11 22 21 E 7E
ID: 43F, Data: 82 45 60 FF 65 8C 10 0
ID: 43F, Data: 82 45 60 FF 64 74 10 0
ID: 440, Data: 8FE 82 E A0 FF AA AA AA
ID: 316, Data: 845 27 64 11 2B 21 E 7E
ID: 316, Data: 845 27 4D 11 2A 21 E 7E
ID: 43F, Data: 82 45 60 FF 64 4 10 0
ID: 316, Data: 845 29 23 11 2A 21 E 7E
ID: 329, Data: 840 B0 80 8 12 32 0 26
ID: 316, Data: 845 2A 3D 11 29 21 D 7E
ID: 316, Data: 845 2B 49 11 29 21 D 7E
ID: 5F0, Data: 20 0
ID: 316, Data: 845 2B 39 11 20 18 D 7E
ID: 153, Data: 80 0 0 FF 0 FF 0 0
ID: 2A0, Data: 820 3 5E 1D 3D 0 17 0
ID: 316, Data: 845 29 FE 10 21 18 C 7E
ID: 545, Data: 8E4 3E 0 8C 27 1 27 1
ID: 153, Data: 80 0 0 FF 0 FF 0 0
ID: 153, Data: 80 0 0 FF 0 FF 0 0
ID: 316, Data: 845 27 F6 F 23 18 C 7E
ID: A1, Data: 887 7C 81 7D 24 0 0 0
ID: 316, Data: 85 27 68 F 22 19 B 7E
ID: 316, Data: 85 26 4D F 23 19 B 7E
ID: 316, Data: 85 26 47 F 23 19 B 7E
ID: 545, Data: 8E4 34 0 8C E9 0 E9 0
ID: 5F0, Data: 20 0
ID: 43F, Data: 82 45 60 FF 64 28 C 0
ID: 43F, Data: 82 45 60 FF 64 FC B 0
ID: 43F, Data: 82 45 60 FF 64 AC B 0
ID: 43F, Data: 82 45 60 FF 64 4C B 0
ID: 440, Data: 8FE 72 A A0 FF AA AA AA
ID: 545, Data: 8E4 30 0 8C D9 0 D9 0
ID: 153, Data: 80 0 0 FF 0 FF 0 0
ID: 316, Data: 85 26 CB D 27 19 8 7E
ID: 153, Data: 80 0 0 FF 0 FF 0 0
ID: 316, Data: 85 27 85 D 27 1A 8 7E
ID: 43F, Data: 82 45 60 FF 64 44 9 0
ID: 440, Data: 8F7 72 8 A0 FF AA AA AA
ID: 316, Data: 85 28 23 D 1E 1A 7 7E
ID: 153, Data: 80 0 0 FF 0 FF 0 0
ID: 316, Data: 85 27 68 C 1F 1A 7 7E
ID: 153, Data: 80 0 0 FF 0 FF 0 0
ID: 153, Data: 80 0 0 FF 0 FF 0 0
ID: 43F, Data: 82 45 60 FF 65 98 7 0
ID: A0, Data: 834 7C 35 C 7 24 2 0
ID: 43F, Data: 82 45 60 FF 65 5C 7 0
ID: 153, Data: 80 0 0 FF 0 FF 0 0
ID: 153, Data: 80 0 0 FF 0 FF 0 0
ID: 153, Data: 80 0 0 FF 0 FF 0 0
ID: 545, Data: 8E4 26 0 8C B2 0 B2 0
ID: 316, Data: 85 24 A4 B 24 1A 5 7E
ID: 2A0, Data: 8E0 2 5E 1D 3D 0 17 0
ID: A0, Data: 833 7C AB B 6 24 2 0
ID: 153, Data: 80 0 0 FF 0 FF 0 0
ID: 43F, Data: 82 45 60 FF 65 64 6 0
ID: A0, Data: 835 7C 56 B 6 24 2 0
ID: 153, Data: 80 0 0 FF 0 FF 0 0
ID: 5F0, Data: 20 0
ID: 2A0, Data: 840 2 5E 1D 3D 0 17 0
ID: 316, Data: 85 24 31 B 25 1A 5 7E
ID: A1, Data: 881 80 80 80 24 0 0 0
ID: 43F, Data: 82 45 60 FF 65 18 6 0
ID: 153, Data: 80 0 0 FF 0 FF 0 0
ID: 153, Data: 80 0 0 FF 0 FF 0 0
ID: 316, Data: 85 25 25 B 24 1A 5 7E
ID: 260, Data: 8B 25 25 30 0 FF 74 38
ID: 316, Data: 85 25 2F B 24 1A 5 7E
ID: 316, Data: 85 25 2D B 24 1A 5 7E
ID: 153, Data: 80 0 0 FF 0 FF 0 0
ID: 18F, Data: 8AA 39 0 0 0 0 0 0
ID: 316, Data: 85 25 3E B 24 1A 5 7E
ID: 370, Data: 8FF DE F0 F0 FF FF FF FF
ID: 316, Data: 85 25 1A B 24 1A 4 7E
ID: 153, Data: 80 0 0 FF 0 FF 0 0
ID: 316, Data: 85 25 FB A 24 1A 4 7E
ID: 153, Data: 80 0 0 FF 0 FF 0 0
ID: 316, Data: 85 25 24 B 24 1A 4 7E
ID: 440, Data: 8DF 72 5 A0 FF AA AA AA
ID: 153, Data: 80 0 0 FF 0 FF 0 0
ID: 18F, Data: 8AA 38 0 0 0 0 0 0
ID: 1F0, Data: 8D3 3F B5 BF 0 0 0 0
ID: 43F, Data: 82 45 60 FF 65 DC 5 0
ID: 316, Data: 85 24 E B 23 1A 4 7E
ID: 316, Data: 85 24 0 B 23 1A 4 7E
ID: 280, Data: 830 0 84 AF 16 1B 5F 4B
ID: 545, Data: 8E4 25 0 8D B7 0 B7 0
ID: 370, Data: 8FF DE F0 F0 FF FF FF FF
ID: 153, Data: 80 0 0 FF 0 FF 0 0
ID: 316, Data: 85 24 F0 A 23 1A 4 7E
ID: 260, Data: 8B 24 23 30 0 FF 6D 24
ID: 18F, Data: 8AA 38 0 0 0 0 0 0
ID: 316, Data: 85 24 C9 A 23 1A 4 7E
ID: 153, Data: 80 0 0 FF 0 FF 0 0
ID: 316, Data: 85 24 E3 A 23 1A 4 7E
ID: 43F, Data: 82 45 60 FF 65 AC 5 0
ID: 43F, Data: 82 45 60 FF 65 F8 5 0
ID: 316, Data: 85 24 C9 A 23 1A 4 7E
ID: 329, Data: 884 AF 80 8 11 2B 0 26
ID: 153, Data: 80 0 0 FF 0 FF 0 0
ID: 153, Data: 80 0 0 FF 0 FF 0 0
ID: A0, Data: 836 7C C6 A 5 24 2 0
ID: 2A0, Data: 8E0 1 5F 1D 3D 0 17 0
ID: 280, Data: 830 0 84 AF 15 1A 5F 4B
ID: A1, Data: 87E 80 80 80 23 0 0 0
ID: 43F, Data: 82 45 60 FF 65 D8 5 0
ID: 43F, Data: 82 45 60 FF 65 F0 5 0
ID: 43F, Data: 82 45 60 FF 65 F0 5 0
ID: 440, Data: 8E3 72 5 A0 FF AA AA AA
ID: 43F, Data: 82 45 60 FF 65 70 5 0
ID: 316, Data: 85 23 7A A 23 1A 4 7E
ID: 316, Data: 85 23 74 A 23 1A 4 7E
ID: 18F, Data: 8AA 37 0 0 0 0 0 0
ID: 153, Data: 80 0 0 FF 0 FF 0 0
ID: 18F, Data: 8AA 37 0 0 0 0 0 0
ID: 370, Data: 8FF DE F0 F0 FF FF FF FF
ID: 316, Data: 85 23 51 A 23 19 4 7E
ID: 440, Data: 8DC 72 4 A0 FF AA AA AA
ID: 153, Data: 80 0 0 FF 0 FF 0 0
ID: 316, Data: 85 23 41 A 23 19 4 7E
ID: 316, Data: 85 23 3E A 23 19 4 7E
ID: 316, Data: 85 23 4F A 23 19 4 7E
ID: 18F, Data: 8AA 37 0 0 0 0 0 0
ID: 153, Data: 80 0 0 FF 0 FF 0 0
ID: 440, Data: 8D8 72 4 A0 FF AA AA AA
ID: 316, Data: 85 23 3C A 23 19 4 7E
ID: 316, Data: 85 23 41 A 23 19 4 7E
ID: 316, Data: 85 23 3A A 23 19 4 7E
ID: 153, Data: 80 0 0 FF 0 FF 0 0
ID: 316, Data: 85 23 47 A 23 19 4 7E
ID: 153, Data: 80 0 0 FF 0 FF 0 0
ID: 316, Data: 85 23 3C A 23 19 3 7E
ID: 43F, Data: 82 45 60 FF 65 A8 4 0
ID: 316, Data: 85 23 40 A 23 19 3 7E
ID: 260, Data: 8B 23 23 30 0 FF 70 30
ID: 43F, Data: 82 45 60 FF 65 88 4 0
ID: 316, Data: 85 23 36 A 23 19 3 7E
ID: 316, Data: 85 23 3C A 23 19 3 7E
ID: 329, Data: 840 AF 80 8 11 2B 0 26
ID: A1, Data: 87E 80 7C 80 23 0 0 0
ID: 153, Data: 80 0 0 FF 0 FF 0 0
ID: 316, Data: 85 23 2E A 23 19 3 7E
ID: 153, Data: 80 0 0 FF 0 FF 0 0
ID: 153, Data: 80 0 0 FF 0 FF 0 0
ID: 43F, Data: 82 45 60 FF 65 5C 4 0
ID: 18F, Data: 8AA 36 0 0 0 0 0 0
ID: 43F, Data: 82 45 60 FF 65 70 4 0
ID: 18F, Data: 8AA 36 0 0 0 0 0 0
ID: 43F, Data: 82 45 60 FF 65 58 4 0
ID: 18F, Data: 8AA 36 0 0 0 0 0 0
ID: A1, Data: 87C 80 7C 80 24 0 0 0
ID: 545, Data: 8E4 20 0 8D AF 0 AF 0
ID: A0, Data: 835 7C 18 A 4 23 2 0
ID: 316, Data: 85 23 19 A 23 19 3 7E
ID: 43F, Data: 82 45 60 FF 65 5C 4 0
ID: 440, Data: 8D0 22 3 A0 FF AA AA AA
ID: 316, Data: 85 29 A A 24 19 3 7E
ID: 18F, Data: 8AA 36 0 0 0 0 0 0
ID: A1, Data: 87B 7D 79 7E 24 0 0 0
ID: 316, Data: 85 2A 50 A 30 19 3 7E
ID: 370, Data: 8FF DE F0 F0 FF FF FF FF
ID: 370, Data: 8FF DE F0 F0 FF FF FF FF
ID: 1F0, Data: 821 40 B5 BF 0 0 0 0
ID: 43F, Data: 82 45 60 FF 65 48 4 0
ID: 153, Data: 80 0 0 FF 0 FF 0 0
ID: 43F, Data: 82 45 60 FF 66 3C 4 0
ID: 316, Data: 85 2D 9C A 34 19 3 7E
ID: 153, Data: 80 0 0 FF 0 FF 0 0
ID: 316, Data: 85 2D D2 A 34 19 3 7E
ID: 153, Data: 80 0 0 FF 0 FF 0 0
ID: 316, Data: 85 2E 6 B 35 1A 3 7E
ID: 316, Data: 85 2F 3F B 36 1A 3 7E
ID: 153, Data: 80 0 0 FF 0 FF 0 0
ID: 316, Data: 85 2F 8D B 3B 1A 3 7E
ID: 43F, Data: 82 45 60 FF 65 54 4 0
ID: 370, Data: 8FF DE F0 F0 FF FF FF FF
ID: 370, Data: 8FF DE F0 F0 FF FF FF FF
ID: 153, Data: 80 0 0 FF 0 FF 0 0
ID: 153, Data: 80 0 0 FF 0 FF 0 0
ID: 545, Data: 8E4 32 0 8D D1 1 D1 1
ID: 316, Data: 85 34 0 D 3C 19 3 7E
ID: 280, Data: 830 0 88 AF 1A 21 5F 59
ID: 329, Data: 840 AF 80 8 11 31 B 26
ID: 316, Data: 85 35 ED D 3C 18 3 7E
ID: 316, Data: 85 36 49 E 3B 18 4 7E
ID: 545, Data: 8E4 3E 0 8D 27 2 27 2
ID: 43F, Data: 82 45 60 FF 66 C8 4 0
ID: 43F, Data: 82 45 60 FF 65 C4 4 0
ID: 43F, Data: 82 45 60 FF 65 EC 4 0
ID: 43F, Data: 82 45 60 FF 65 F4 4 0
ID: 329, Data: 840 AF 80 8 11 32 B 26
ID: A1, Data: 880 77 7E 7B 2B 0 0 0
ID: 153, Data: 80 0 0 FF 0 FF 0 0
ID: 316, Data: 85 36 83 10 37 17 4 7E
ID: 43F, Data: 82 45 60 FF 65 60 5 0
ID: 316, Data: 85 35 A7 10 37 17 4 7E
ID: 316, Data: 85 35 C0 10 37 17 4 7E
ID: A1, Data: 880 77 80 7B 2A 0 0 0
ID: 316, Data: 85 35 C7 10 37 17 4 7E
ID: 153, Data: 80 0 0 FF 0 FF 0 0
ID: 316, Data: 85 35 CA 10 37 17 4 7E
ID: 316, Data: 85 35 C0 10 37 17 4 7E
ID: 545, Data: 8E4 45 0 8D E 2 E 2
ID: 43F, Data: 82 45 60 FF 65 44 6 0
ID: 153, Data: 80 0 0 FF 0 FF 0 0
ID: 316, Data: 85 35 C0 10 37 17 5 7E
ID: 153, Data: 80 0 0 FF 0 FF 0 0
ID: 153, Data: 80 0 0 FF 0 FF 0 0
ID: 1F0, Data: 840 40 B5 BF 0 0 0 0
ID: A1, Data: 883 77 80 7B 2A 0 0 0
ID: 43F, Data: 82 45 60 FF 65 D4 6 0
ID: 43F, Data: 82 45 60 FF 65 DC 6 0
ID: 43F, Data: 82 45 60 FF 65 CC 6 0
ID: 43F, Data: 82 45 60 FF 65 10 7 0
ID: 43F, Data: 82 45 60 FF 64 20 7 0
ID: 440, Data: 8CD 72 6 A0 FF AA AA AA
ID: 440, Data: 8CF 72 6 A0 FF AA AA AA
ID: 153, Data: 80 0 0 FF 0 FF 0 0
ID: A1, Data: 884 77 80 7B 2A 0 0 0
ID: 329, Data: 884 B0 80 8 11 33 B 26
ID: 545, Data: 8E4 49 0 8D 25 2 25 2
ID: 153, Data: 80 0 0 FF 0 FF 0 0
ID: 153, Data: 80 0 0 FF 0 FF 0 0
ID: 153, Data: 80 0 0 FF 0 FF 0 0
ID: A0, Data: 841 7C C 11 7 2A 2 0
ID: 316, Data: 85 36 2A 11 36 17 6 7E
ID: 316, Data: 85 36 23 11 36 17 6 7E
ID: A0, Data: 841 7C 23 11 7 2A 2 0
ID: 153, Data: 80 0 0 FF 0 FF 0 0
ID: 43F, Data: 82 45 60 FF 65 28 8 0
ID: 153, Data: 80 0 0 FF 0 FF 0 0
ID: 153, Data: 80 0 0 FF 0 FF 0 0
ID: 316, Data: 85 31 32 11 18 17 7 7E
ID: A0, Data: 833 7C 32 11 7 26 2 0
ID: 316, Data: 85 2C DD 10 19 18 7 7E
ID: 316, Data: 85 28 9C 10 1A 18 7 7E
ID: 1F0, Data: 84A 40 B5 BF 0 0 0 0
ID: A1, Data: 886 7B 82 7D 22 0 0 0
ID: 153, Data: 80 0 0 FF 0 FF 0 0
ID: 43F, Data: 82 45 60 FF 65 BC 8 0
ID: 260, Data: 8B 20 1E 30 0 FF 87 13
ID: 153, Data: 80 0 0 FF 0 FF 0 0
ID: 316, Data: 85 1C 7C D 20 1B 7 7E
ID: 153, Data: 80 0 0 FF 0 FF 0 0
ID: 316, Data: 85 1D B0 C 22 1B 7 7E
ID: 153, Data: 80 0 0 FF 0 FF 0 0
ID: 153, Data: 80 0 0 FF 0 FF 0 0
ID: 153, Data: 80 0 0 FF 0 FF 0 0
ID: A0, Data: 838 7C 65 B 8 25 2 0
ID: 329, Data: 8B B0 80 8 11 2D 0 26
ID: 316, Data: 85 21 9 B 24 1A 7 7E
ID: 2A0, Data: 880 4 5F 1D 3D 0 17 0
ID: 18F, Data: 8AA 35 0 0 0 0 0 0
ID: 153, Data: 80 0 0 FF 0 FF 0 0
ID: 18F, Data: 8AA 35 0 0 0 0 0 0
ID: 316, Data: 85 23 1F B 24 1A 7 7E
ID: 316, Data: 85 24 25 B 23 1A 7 7E
ID: 316, Data: 85 24 2C B 23 1A 7 7E
ID: 1F1, Data: 80 96 3B A0 3 3C C0 3
ID: 153, Data: 80 0 0 FF 0 FF 0 0
ID: 153, Data: 80 0 0 FF 0 FF 0 0
ID: 153, Data: 80 0 0 FF 0 FF 0 0
ID: 2A0, Data: 8E0 4 5F 1D 3D 0 17 0
ID: 43F, Data: 82 45 60 FF 65 F8 7 0
ID: 370, Data: 8FF DE F0 F0 FF FF FF FF
ID: A0, Data: 833 7C 80 B 7 24 2 0
ID: 316, Data: 85 23 6C B 21 1A 7 7E
ID: 1F0, Data: 860 40 B5 BF 0 0 0 0
ID: 316, Data: 85 23 5E B 21 1A 7 7E
ID: 280, Data: 830 0 84 B0 16 1A 5F 4A
ID: A1, Data: 886 7C 80 7D 23 0 0 0
ID: 316, Data: 85 22 47 B 21 1A 7 7E
ID: 153, Data: 80 0 0 FF 0 FF 0 0
ID: 316, Data: 85 22 35 B 21 1A 6 7E
ID: 316, Data: 85 22 37 B 21 1A 6 7E
ID: 153, Data: 80 0 0 FF 0 FF 0 0
ID: 260, Data: 8B 22 22 30 0 FF 72 30
ID: 316, Data: 85 22 24 B 22 1A 6 7E
ID: 153, Data: 80 0 0 FF 0 FF 0 0
ID: 153, Data: 80 0 0 FF 0 FF 0 0
ID: 2A0, Data: 8E0 3 5F 1D 3D 0 17 0
ID: 329, Data: 8ED B0 80 8 12 2B 0 26
ID: A1, Data: 886 7C 82 7D 23 0 0 0
ID: 316, Data: 85 22 D1 A 22 1A 6 7E
ID: 153, Data: 80 0 0 FF 0 FF 0 0
ID: 316, Data: 85 22 C3 A 22 1A 5 7E
ID: 1F1, Data: 80 B8 2A 90 2 2A B0 2
ID: 43F, Data: 82 45 60 FF 65 B4 5 0
ID: 370, Data: 8FF DE F0 F0 FF FF FF FF
ID: 18F, Data: 8AA 35 0 0 0 0 0 0
ID: 316, Data: 85 22 32 A 23 19 5 7E
ID: 316, Data: 85 22 2D A 23 19 5 7E
ID: 153, Data: 80 0 0 FF 0 FF 0 0
ID: 316, Data: 85 22 30 A 23 19 4 7E
ID: 153, Data: 80 0 0 FF 0 FF 0 0
ID: 316, Data: 85 23 31 A 23 19 4 7E
ID: 43F, Data: 82 45 60 FF 65 38 4 0
ID: 153, Data: 80 0 0 FF 0 FF 0 0
ID: 2A0, Data: 8E0 2 5F 1D 3D 0 17 0
ID: 316, Data: 85 23 31 A 23 19 3 7E
ID: 545, Data: 8E4 21 0 8C A3 0 A3 0
ID: 43F, Data: 82 45 60 FF 65 60 3 0
ID: 43F, Data: 82 45 60 FF 66 4C 3 0
ID: 43F, Data: 82 45 60 FF 65 2C 3 0
ID: 43F, Data: 82 45 60 FF 65 E8 2 0
ID: 280, Data: 830 0 84 B0 14 1A 5F 4B
ID: A1, Data: 884 7F 82 80 24 0 0 0
ID: 153, Data: 80 0 0 FF 0 FF 0 0
ID: 316, Data: 85 23 28 A 23 19 2 7E
ID: 440, Data: 8B8 82 2 A0 FF AA AA AA
ID: 316, Data: 85 23 26 A 23 19 2 7E
ID: A0, Data: 835 7C 2E A 2 23 2 0
ID: 153, Data: 80 0 0 FF 0 FF 0 0
ID: A1, Data: 882 7F 82 80 24 0 0 0
ID: 2A0, Data: 820 2 5F 1D 3D 0 17 0
ID: 18F, Data: 8AA 35 0 0 0 0 0 0
ID: 43F, Data: 89 45 60 FF 65 54 1 0
ID: 1F0, Data: 85E 40 B5 BF 0 0 0 0
ID: 153, Data: 80 0 0 FF 0 FF 0 0
ID: 43F, Data: 89 45 60 FF 65 EC 0 0
ID: A0, Data: 834 7C 25 A 2 23 2 0
ID: 153, Data: 80 0 0 FF 0 FF 0 0
ID: 5F0, Data: 20 0
ID: 545, Data: 8E4 21 0 8B A6 0 A6 0
ID: 280, Data: 830 0 84 B0 14 1A 5F 4B
ID: A1, Data: 882 7F 82 80 24 0 0 0
ID: 316, Data: 85 23 B A 23 19 0 7E
ID: 316, Data: 85 23 10 A 23 19 0 7E
ID: 153, Data: 80 0 0 FF 0 FF 0 0
ID: 316, Data: 85 23 13 A 23 19 0 7E
ID: 316, Data: 85 23 12 A 23 19 0 7E
ID: 316, Data: 85 23 F A 23 19 0 7E
ID: 18F, Data: 8AA 35 0 0 0 0 0 0
ID: A1, Data: 880 7F 81 80 24 0 0 0
ID: 329, Data: 8ED B0 80 8 12 2B 0 26
ID: 545, Data: 8E4 20 0 8C AD 0 AD 0
ID: 5A0, Data: 80 0 0 90 0 0 0 0
ID: 1F1, Data: 80 D9 1 10 0 1 10 0
ID: A1, Data: 880 7F 81 80 24 0 0 0
ID: A0, Data: 835 7C 6 A 1 23 2 0
ID: 43F, Data: 89 45 60 FF 65 0 0 0
ID: 280, Data: 830 0 84 B0 14 1A 5F 4C
ID: 2A0, Data: 880 2 5F 1D 3D 0 17 0
ID: 43F, Data: 81 45 60 FF 65 0 0 0
ID: 43F, Data: 81 45 60 FF 65 0 0 0
ID: 153, Data: 80 0 0 FF 0 FF 0 0
ID: 316, Data: 85 23 23 A 23 19 0 7E
ID: 153, Data: 80 0 0 FF 0 FF 0 0
ID: 316, Data: 85 23 C A 24 19 0 7E
ID: 316, Data: 85 23 13 A 23 19 0 7E
ID: 153, Data: 80 0 0 FF 0 FF 0 0
ID: 316, Data: 85 23 19 A 23 19 0 7E
ID: 153, Data: 80 0 0 FF 0 FF 0 0
ID: 316, Data: 85 23 12 A 23 19 0 7E
ID: 153, Data: 80 0 0 FF 0 FF 0 0
ID: 43F, Data: 81 45 60 FF 65 0 0 0
ID: 316, Data: 85 23 6 A 24 19 0 7E
ID: 153, Data: 80 0 0 FF 0 FF 0 0
ID: 5F0, Data: 20 0
ID: 153, Data: 80 0 0 FF 0 FF 0 0
ID: 1F1, Data: 80 D9 0 0 0 0 0 0
ID: 5F0, Data: 20 0
ID: 370, Data: 8FF DE F0 F0 FF FF FF FF
ID: 316, Data: 85 23 E A 23 19 0 7E
ID: 5F0, Data: 20 0
ID: 153, Data: 80 0 0 FF 0 FF 0 0
ID: 43F, Data: 81 45 60 FF 65 0 0 0
ID: 5F0, Data: 20 0
ID: 43F, Data: 81 45 60 FF 66 0 0 0
ID: A1, Data: 87D 7F 7E 80 24 0 0 0
ID: 153, Data: 80 0 0 FF 0 FF 0 0
ID: 43F, Data: 81 45 60 FF 65 0 0 0
ID: 18F, Data: 8AA 36 0 0 0 0 0 0
ID: A1, Data: 87D 7F 7E 80 24 0 0 0
ID: 329, Data: 840 B0 80 8 12 2B 0 26
ID: 280, Data: 830 0 84 B0 14 1A 5F 4B
ID: 153, Data: 80 0 0 FF 0 FF 0 0
ID: 316, Data: 85 23 1D A 23 19 0 7E
ID: 153, Data: 80 0 0 FF 0 FF 0 0
ID: 316, Data: 85 23 15 A 23 19 0 7E
ID: 316, Data: 85 23 10 A 23 19 0 7E
ID: 153, Data: 80 0 0 FF 0 FF 0 0
ID: 329, Data: 8B B0 80 8 12 2B 0 26
ID: 370, Data: 8FF DE F0 F0 FF FF FF FF
ID: 316, Data: 85 23 F3 9 24 19 0 7E
ID: 5F0, Data: 20 0
ID: 153, Data: 80 0 0 FF 0 FF 0 0
ID: 43F, Data: 81 45 60 FF 65 0 0 0
ID: 5F0, Data: 20 0
ID: 5A0, Data: 80 0 0 90 0 0 0 0
ID: 43F, Data: 81 45 60 FF 65 0 0 0
ID: 260, Data: 8B 26 2D 30 0 FF 76 2E
ID: 260, Data: 8B 27 2C 30 0 FF 75 3E
ID: 316, Data: 85 27 4C A 2C 22 0 7E
ID: 316, Data: 85 28 5F A 2C 22 0 7E
ID: 316, Data: 85 28 A7 A 2B 22 0 7E
ID: 5F0, Data: 20 0
ID: 43F, Data: 81 45 60 FF 65 0 0 0
ID: 153, Data: 80 0 0 FF 0 FF 0 0
ID: 153, Data: 80 0 0 FF 0 FF 0 0
ID: A1, Data: 880 80 80 80 27 0 0 0
ID: 329, Data: 840 B0 80 8 12 2D 0 26
ID: 545, Data: 8E4 26 0 8B 7B 0 7B 0
ID: 153, Data: 80 0 0 FF 0 FF 0 0
ID: 43F, Data: 81 45 60 FF 65 0 0 0
ID: 153, Data: 80 0 0 FF 0 FF 0 0
ID: 153, Data: 80 0 0 FF 0 FF 0 0
ID: 260, Data: 8B 2B 2D 30 0 FF 76 1A
ID: 329, Data: 8B B0 80 8 12 2D 0 26
ID: 440, Data: 8AE 91 0 A0 FF AA AA AA
ID: 153, Data: 80 0 0 FF 0 FF 0 0
ID: 329, Data: 840 B0 80 8 12 2D 0 26
ID: 316, Data: 845 2B 4B A 2B 22 0 7E
ID: 2A0, Data: 880 0 5F 1D 3D 0 17 0
ID: 5F0, Data: 20 0
ID: 1F1, Data: 80 D9 0 0 0 0 0 0
ID: 43F, Data: 81 45 60 FF 66 0 0 0
ID: A0, Data: 83C 7D 75 A 0 25 2 0
ID: 153, Data: 80 0 0 FF 0 FF 0 0
ID: A0, Data: 83C 7D 75 A 0 25 2 0
ID: 316, Data: 845 2A 8C A 2A 22 0 7E
ID: 316, Data: 845 2A 88 A 2A 22 0 7E
ID: 370, Data: 8FF DE F0 F0 FF FF FF FF
ID: 316, Data: 845 2A 5F A 2B 22 0 7E
ID: 545, Data: 8E4 27 0 8B 87 0 87 0
ID: 153, Data: 80 0 0 FF 0 FF 0 0
ID: 316, Data: 845 2A 35 A 2B 22 0 7E
ID: 153, Data: 80 0 0 FF 0 FF 0 0
ID: 316, Data: 845 2A 3E A 2B 22 0 7E
ID: 316, Data: 845 2A 3A A 2B 22 0 7E
ID: 153, Data: 80 0 0 FF 0 FF 0 0
ID: 153, Data: 80 0 0 FF 0 FF 0 0
ID: 280, Data: 830 0 84 B0 14 1E 5F 55
ID: 316, Data: 845 2A 2A A 2B 22 0 7E
ID: 153, Data: 80 0 0 FF 0 FF 0 0
ID: 153, Data: 80 0 0 FF 0 FF 0 0
ID: 1F0, Data: 85E 40 B5 BF 0 0 0 0
ID: 2A0, Data: 880 0 5F 1D 3D 0 17 0
ID: 153, Data: 80 0 0 FF 0 FF 0 0
ID: 153, Data: 80 0 0 FF 0 FF 0 0
ID: A1, Data: 881 80 81 80 28 0 0 0
ID: 280, Data: 830 0 84 B0 14 1E 5F 55
ID: 280, Data: 830 0 84 B0 14 1E 5F 55
ID: 43F, Data: 81 45 60 FF 65 0 0 0
ID: 329, Data: 8B B0 80 8 12 2C 0 26
ID: 370, Data: 8FF DE F0 F0 FF FF FF FF
ID: 43F, Data: 81 45 60 FF 66 0 0 0
ID: 1F0, Data: 85E 40 B5 BF 0 0 0 0
ID: 316, Data: 845 2A 2E A 2B 22 0 7E
ID: 316, Data: 845 2A 30 A 2B 22 0 7E
ID: 43F, Data: 81 45 60 FF 66 0 0 0
ID: 316, Data: 845 2A 42 A 2B 22 0 7E
ID: 5F0, Data: 20 0
ID: 329, Data: 840 B0 80 8 12 2C 0 26
ID: 316, Data: 845 2A 3A A 2B 22 0 7E
ID: A1, Data: 881 80 81 80 28 0 0 0
ID: 153, Data: 80 0 0 FF 0 FF 0 0
ID: 316, Data: 845 29 49 A 2B 22 0 7E
ID: 153, Data: 80 0 0 FF 0 FF 0 0
ID: 153, Data: 80 0 0 FF 0 FF 0 0
ID: 370, Data: 8FF DE F0 F0 FF FF FF FF
ID: 43F, Data: 81 45 60 FF 66 0 0 0
ID: 316, Data: 845 29 3E A 2B 22 0 7E
ID: 329, Data: 840 B0 80 8 12 2C 0 26
ID: A1, Data: 881 80 81 80 28 0 0 0
ID: 316, Data: 845 29 41 A 2B 22 0 7E
ID: 153, Data: 80 0 0 FF 0 FF 0 0
ID: 280, Data: 830 0 84 B0 14 1D 5F 54
ID: 316, Data: 845 29 F A 2B 22 0 7E
ID: 153, Data: 80 0 0 FF 0 FF 0 0
ID: 316, Data: 845 29 18 A 2B 22 0 7E
ID: 153, Data: 80 0 0 FF 0 FF 0 0
ID: 316, Data: 845 2A 12 A 2B 22 0 7E
ID: 153, Data: 80 0 0 FF 0 FF 0 0
ID: 153, Data: 80 0 0 FF 0 FF 0 0
ID: 316, Data: 845 2A 23 A 2B 22 0 7E
ID: 43F, Data: 81 45 60 FF 66 0 0 0
ID: 440, Data: 8AE E1 0 A0 FF AA AA AA
ID: 43F, Data: 81 45 60 FF 66 0 0 0
ID: 260, Data: 8B 2A 2C 30 0 FF 72 2F
ID: 18F, Data: 8AA 3F 0 0 0 0 0 0
ID: 153, Data: 80 0 0 FF 0 FF 0 0
ID: 1F1, Data: 80 D9 0 0 0 0 0 0
ID: 260, Data: 8B 2A 2B 30 0 FF 72 20
ID: 316, Data: 845 2A 2A A 2B 22 0 7E
ID: 2A0, Data: 880 0 5F 1D 3D 0 17 0
ID: 43F, Data: 81 45 60 FF 66 0 0 0
ID: 43F, Data: 81 45 60 FF 66 0 0 0
ID: 153, Data: 80 0 0 FF 0 FF 0 0
ID: 316, Data: 845 2A 34 A 2B 22 0 7E
ID: 153, Data: 80 0 0 FF 0 FF 0 0
ID: 153, Data: 80 0 0 FF 0 FF 0 0
ID: 316, Data: 845 2A 34 A 2B 22 0 7E
ID: 153, Data: 80 0 0 FF 0 FF 0 0
ID: 316, Data: 845 2A 36 A 2B 22 0 7E
ID: 153, Data: 80 0 0 FF 0 FF 0 0
ID: 316, Data: 845 2A 32 A 2B 22 0 7E
ID: 43F, Data: 81 45 60 FF 66 0 0 0
ID: 329, Data: 840 B0 80 8 12 2C 0 26
ID: 370, Data: 8FF DE F0 F0 FF FF FF FF
ID: 153, Data: 80 0 0 FF 0 FF 0 0
ID: 316, Data: 845 2A 19 A 2B 22 0 7E
ID: 316, Data: 845 2A 1C A 2B 22 0 7E
ID: 2A0, Data: 880 0 5F 1D 3D 0 17 0
ID: 43F, Data: 81 45 60 FF 66 0 0 0
ID: 153, Data: 80 0 0 FF 0 FF 0 0
ID: 316, Data: 845 2A 2A A 2B 22 0 7E
ID: 153, Data: 80 0 0 FF 0 FF 0 0
ID: 153, Data: 80 0 0 FF 0 FF 0 0
ID: 316, Data: 845 2A 23 A 2B 22 0 7E
ID: 153, Data: 80 0 0 FF 0 FF 0 0
ID: 316, Data: 845 2A 6 A 2B 22 0 7E
ID: 43F, Data: 81 45 60 FF 66 0 0 0
ID: 440, Data: 8AE 91 0 A0 FF AA AA AA
ID: 43F, Data: 81 45 60 FF 66 0 0 0
ID: A1, Data: 880 80 80 80 28 0 0 0
ID: 18F, Data: 8AA 41 0 0 0 0 0 0
ID: 153, Data: 80 0 0 FF 0 FF 0 0
ID: 280, Data: 830 0 84 B1 14 1E 5F 55
ID: 5F0, Data: 20 0
ID: 43F, Data: 81 45 60 FF 66 0 0 0
ID: A1, Data: 880 80 80 80 28 0 0 0
ID: 153, Data: 80 0 0 FF 0 FF 0 0
ID: 316, Data: 845 2A 36 A 2B 22 0 7E
ID: A1, Data: 880 80 80 80 28 0 0 0
ID: 43F, Data: 81 45 60 FF 66 0 0 0
ID: 43F, Data: 81 45 60 FF 66 0 0 0
ID: 43F, Data: 81 45 60 FF 66 0 0 0
ID: 43F, Data: 81 45 60 FF 66 0 0 0
ID: 153, Data: 80 0 0 FF 0 FF 0 0
ID: 316, Data: 845 2A 1C A 2B 22 0 7E
ID: 153, Data: 80 0 0 FF 0 FF 0 0
ID: 316, Data: 845 2A C A 2B 22 0 7E
ID: 316, Data: 845 2A F8 9 2C 22 0 7E
ID: 316, Data: 845 2A F4 9 2C 22 0 7E
ID: 153, Data: 80 0 0 FF 0 FF 0 0
ID: 153, Data: 80 0 0 FF 0 FF 0 0
ID: 5F0, Data: 20 0
ID: 18F, Data: 8AA 41 0 0 0 0 0 0
ID: 2A0, Data: 840 0 5F 1D 3D 0 17 0
ID: 316, Data: 845 2A 5 A 2C 22 0 7E
ID: 545, Data: 8E4 26 0 8C 94 0 94 0
ID: 153, Data: 80 0 0 FF 0 FF 0 0
ID: 153, Data: 80 0 0 FF 0 FF 0 0
ID: A0, Data: 83E 7D B A 0 25 2 0
ID: 545, Data: 8E4 26 0 8C 97 0 97 0
ID: 316, Data: 845 2A 12 A 2B 22 0 7E
ID: 280, Data: 830 0 84 B1 14 1E 5F 55
ID: 43F, Data: 81 45 60 FF 66 0 0 0
ID: 316, Data: 845 2A 15 A 2B 22 0 7E
ID: 316, Data: 845 2A 25 A 2B 22 0 7E
ID: 18F, Data: 8AA 41 0 0 0 0 0 0
ID: 316, Data: 845 2A 24 A 2B 22 0 7E
ID: 153, Data: 80 0 0 FF 0 FF 0 0
ID: 316, Data: 845 2A 31 A 2B 22 0 7E
ID: 153, Data: 80 0 0 FF 0 FF 0 0
ID: 316, Data: 845 2A 3E A 2B 22 0 7E
ID: 153, Data: 80 0 0 FF 0 FF 0 0
ID: 153, Data: 80 0 0 FF 0 FF 0 0
ID: 43F, Data: 81 45 60 FF 66 0 0 0
ID: 153, Data: 80 0 0 FF 0 FF 0 0
ID: 316, Data: 845 2A 2E A 2B 22 0 7E
ID: 153, Data: 80 0 0 FF 0 FF 0 0
ID: 316, Data: 845 2A 1F A 2B 22 0 7E
ID: 153, Data: 80 0 0 FF 0 FF 0 0
ID: 153, Data: 80 0 0 FF 0 FF 0 0
ID: 316, Data: 845 29 2A A 2B 22 0 7E
ID: 43F, Data: 81 45 60 FF 66 0 0 0
ID: 316, Data: 845 2A 36 A 2B 22 0 7E
ID: 370, Data: 8FF DE F0 F0 FF FF FF FF
ID: 545, Data: 8E4 26 0 8B 88 0 88 0
ID: 316, Data: 845 29 2D A 2B 22 0 7E
ID: 316, Data: 845 2A 2D A 2B 22 0 7E
ID: 18F, Data: 8AA 42 0 0 0 0 0 0
ID: 43F, Data: 81 45 60 FF 66 0 0 0
ID: A1, Data: 881 80 80 80 28 0 0 0
ID: 1F0, Data: 85E 40 B5 BF 0 0 0 0
ID: 153, Data: 80 0 0 FF 0 FF 0 0
ID: 316, Data: 845 29 2A A 2B 22 0 7E
ID: A1, Data: 881 80 80 80 28 0 0 0
ID: 153, Data: 80 0 0 FF 0 FF 0 0
ID: 316, Data: 845 2A 1B A 2B 22 0 7E
ID: 153, Data: 80 0 0 FF 0 FF 0 0
ID: 316, Data: 845 2A 1D A 2B 22 0 7E
ID: 440, Data: 8AE 31 0 A0 FF AA AA AA
ID: 316, Data: 845 2A 8 A 2B 22 0 7E
ID: 153, Data: 80 0 0 FF 0 FF 0 0
ID: 153, Data: 80 0 0 FF 0 FF 0 0
ID: 153, Data: 80 0 0 FF 0 FF 0 0
ID: 260, Data: 8B 2A 2C 30 0 FF 74 F
ID: 316, Data: 845 2A 5 A 2C 22 0 7E
ID: 2A0, Data: 840 0 5F 1D 3D 0 17 0
ID: A1, Data: 881 80 80 80 28 0 0 0
ID: 43F, Data: 81 45 60 FF 66 0 0 0
ID: 153, Data: 80 0 0 FF 0 FF 0 0
ID: 43F, Data: 81 45 60 FF 66 0 0 0
ID: 153, Data: 80 0 0 FF 0 FF 0 0
ID: 153, Data: 80 0 0 FF 0 FF 0 0
ID: A0, Data: 83D 7D 31 A 0 25 2 0
ID: 280, Data: 830 0 84 B1 14 1E 5F 55
ID: 316, Data: 845 2A 3D A 2B 22 0 7E
ID: 153, Data: 80 0 0 FF 0 FF 0 0
ID: 316, Data: 845 2A 2E A 2B 22 0 7E
ID: 370, Data: 8FF DE F0 F0 FF FF FF FF
ID: 153, Data: 80 0 0 FF 0 FF 0 0
ID: 316, Data: 845 2A 3D A 23 19 0 7E
ID: 153, Data: 80 0 0 FF 0 FF 0 0
ID: 316, Data: 845 29 42 A 23 19 0 7E
ID: 153, Data: 80 0 0 FF 0 FF 0 0
ID: 153, Data: 80 0 0 FF 0 FF 0 0
ID: 440, Data: 8A6 E1 0 A0 FF AA AA AA
ID: 43F, Data: 81 45 60 FF 66 0 0 0
ID: 316, Data: 85 26 15 A 23 19 0 7E
ID: 440, Data: 8A6 E1 0 A0 FF AA AA AA
ID: 316, Data: 85 25 1 A 24 19 0 7E
ID: 316, Data: 85 25 5B A 23 19 0 7E
ID: 153, Data: 80 0 0 FF 0 FF 0 0
ID: 316, Data: 85 24 A7 A 22 19 0 7E
ID: 153, Data: 80 0 0 FF 0 FF 0 0
ID: 153, Data: 80 0 0 FF 0 FF 0 0
ID: 1F1, Data: 80 D9 0 0 0 0 0 0
ID: 43F, Data: 81 45 60 FF 66 0 0 0
ID: 316, Data: 85 23 74 A 22 19 0 7E
ID: 329, Data: 884 B1 80 8 12 2B 0 26
ID: 18F, Data: 8AA 42 0 0 0 0 0 0
ID: 153, Data: 80 0 0 FF 0 FF 0 0
ID: 260, Data: 8B 22 23 30 0 FF 6E 34
ID: 2A0, Data: 880 0 5F 1D 3D 0 17 0
ID: 153, Data: 80 0 0 FF 0 FF 0 0
ID: 316, Data: 85 22 51 A 23 19 0 7E
ID: 43F, Data: 81 45 60 FF 66 0 0 0
ID: 43F, Data: 81 45 60 FF 66 0 0 0
ID: 43F, Data: 81 45 60 FF 66 0 0 0
ID: 153, Data: 80 0 0 FF 0 FF 0 0
ID: 316, Data: 85 22 29 A 23 19 0 7E
ID: 153, Data: 80 0 0 FF 0 FF 0 0
ID: 316, Data: 85 22 17 A 23 19 0 7E
ID: 153, Data: 80 0 0 FF 0 FF 0 0
ID: 153, Data: 80 0 0 FF 0 FF 0 0
ID: 316, Data: 85 22 25 A 23 19 0 7E
ID: 43F, Data: 81 45 60 FF 66 0 0 0
ID: 43F, Data: 81 45 60 FF 66 0 0 0
ID: 153, Data: 80 0 0 FF 0 FF 0 0
ID: 43F, Data: 81 45 60 FF 66 0 0 0
ID: 153, Data: 80 0 0 FF 0 FF 0 0
ID: 5F0, Data: 20 0
ID: 153, Data: 80 0 0 FF 0 FF 0 0
ID: A0, Data: 835 7D 21 A 0 23 2 0
ID: 329, Data: 884 B1 80 8 12 2B 0 26
ID: 1F1, Data: 80 D9 0 0 0 0 0 0
ID: 153, Data: 80 0 0 FF 0 FF 0 0
ID: 43F, Data: 81 45 60 FF 66 0 0 0
ID: 316, Data: 85 22 F A 23 19 0 7E
ID: 316, Data: 85 22 19 A 23 19 0 7E
ID: 153, Data: 80 0 0 FF 0 FF 0 0
ID: 280, Data: 830 0 84 B1 14 19 5F 4B
ID: 153, Data: 80 0 0 FF 0 FF 0 0
ID: 1F0, Data: 85E 40 B5 BF 0 0 0 0
ID: 545, Data: 8E4 21 0 8C A1 0 A1 0
ID: 2A0, Data: 840 0 5F 1D 3D 0 17 0
ID: 153, Data: 80 0 0 FF 0 FF 0 0
ID: 153, Data: 80 0 0 FF 0 FF 0 0
ID: A1, Data: 880 7F 80 80 24 0 0 0
ID: 280, Data: 830 0 84 B1 14 1A 5F 4B
ID: 153, Data: 80 0 0 FF 0 FF 0 0
ID: 316, Data: 85 22 29 A 23 19 0 7E
ID: 43F, Data: 81 45 60 FF 66 0 0 0
ID: 370, Data: 8FF DE F0 F0 FF FF FF FF
ID: 43F, Data: 81 45 60 FF 66 0 0 0
ID: A1, Data: 882 7F 7D 80 24 0 0 0
ID: 153, Data: 80 0 0 FF 0 FF 0 0
ID: 153, Data: 80 0 0 FF 0 FF 0 0
ID: 18F, Data: 8AA 3E 0 0 0 0 0 0
ID: 316, Data: 85 22 FD 9 23 19 0 7E
ID: 316, Data: 85 22 FA 9 23 19 0 7E
ID: 316, Data: 85 22 FE 9 23 19 0 7E
ID: 2A0, Data: 880 0 5F 1D 3D 0 17 0
ID: 153, Data: 80 0 0 FF 0 FF 0 0
ID: 153, Data: 80 0 0 FF 0 FF 0 0
ID: 153, Data: 80 0 0 FF 0 FF 0 0
ID: 2A0, Data: 880 0 5F 1D 3D 0 17 0
ID: 316, Data: 85 23 FC 9 23 19 0 7E
ID: 2A0, Data: 840 0 5F 1D 3D 0 17 0
ID: 370, Data: 8FF DE F0 F0 FF FF FF FF
ID: 316, Data: 85 23 1 A 23 19 0 7E
ID: 545, Data: 8E4 20 0 8C A9 0 A9 0
ID: 260, Data: 8B 23 23 30 0 FF 74 3C
ID: 153, Data: 80 0 0 FF 0 FF 0 0
ID: 153, Data: 80 0 0 FF 0 FF 0 0
ID: 316, Data: 85 22 25 A 23 19 0 7E
ID: 370, Data: 8FF DE F0 F0 FF FF FF FF
ID: 5F0, Data: 20 0
ID: 329, Data: 884 B1 80 8 12 2B 0 26
ID: 316, Data: 85 22 21 A 23 19 0 7E
ID: 43F, Data: 81 45 60 FF 66 0 0 0
ID: 153, Data: 80 0 0 FF 0 FF 0 0
ID: 370, Data: 8FF DE F0 F0 FF FF FF FF
ID: 43F, Data: 81 45 60 FF 66 0 0 0
ID: 316, Data: 85 22 39 A 23 19 0 7E
ID: 316, Data: 85 22 39 A 23 19 0 7E
ID: 440, Data: 8A6 E1 0 A0 FF AA AA AA
ID: 153, Data: 80 0 0 FF 0 FF 0 0
ID: 316, Data: 85 22 1B A 23 19 0 7E
ID: 316, Data: 85 22 1D A 23 19 0 7E
ID: 316, Data: 85 22 19 A 23 19 0 7E
ID: 329, Data: 8B B1 80 8 12 2B 0 26
ID: A0, Data: 834 7D 25 A 0 23 2 0
ID: 153, Data: 80 0 0 FF 0 FF 0 0
ID: A1, Data: 882 7F 7D 80 24 0 0 0
ID: 2A0, Data: 8E0 0 5F 1D 3D 0 17 0
ID: 260, Data: 8B 22 23 30 0 FF 72 2
ID: 370, Data: 8FF DE F0 F0 FF FF FF FF
ID: 153, Data: 80 0 0 FF 0 FF 0 0
ID: 260, Data: 8B 22 24 30 0 FF 73 0
ID: 316, Data: 85 22 14 A 23 19 0 7E
ID: 153, Data: 80 0 0 FF 0 FF 0 0
ID: 153, Data: 80 0 0 FF 0 FF 0 0
ID: 280, Data: 830 0 84 B1 14 1A 5F 4C
ID: 316, Data: 85 22 13 A 23 19 0 7E
ID: 440, Data: 8A6 E1 0 A0 FF AA AA AA
ID: 316, Data: 85 22 12 A 23 19 0 7E
ID: 329, Data: 8ED B1 80 8 12 2B 0 26
ID: A0, Data: 835 7D 12 A 0 23 2 0
ID: 316, Data: 85 22 14 A 23 19 0 7E
ID: 153, Data: 80 0 0 FF 0 FF 0 0
ID: 5F0, Data: 20 0
ID: 153, Data: 80 0 0 FF 0 FF 0 0
ID: 316, Data: 85 22 3 A 23 19 0 7E
ID: 18F, Data: 8AA 3C 0 0 0 0 0 0
ID: 545, Data: 8E4 20 0 8C A3 0 A3 0
ID: 329, Data: 8ED B1 80 8 12 2B 0 26
ID: A0, Data: 835 7D C A 0 23 2 0
ID: 316, Data: 85 22 12 A 23 19 0 7E
ID: 43F, Data: 81 45 60 FF 66 0 0 0
ID: 43F, Data: 81 45 60 FF 66 0 0 0
ID: 43F, Data: 81 45 60 FF 66 0 0 0
ID: 43F, Data: 81 45 60 FF 66 0 0 0
ID: 43F, Data: 81 45 60 FF 66 0 0 0
ID: 153, Data: 80 0 0 FF 0 FF 0 0
ID: 316, Data: 85 22 1F A 23 19 0 7E
ID: 153, Data: 80 0 0 FF 0 FF 0 0
ID: 316, Data: 85 22 17 A 23 19 0 7E
ID: 5F0, Data: 20 0
ID: 153, Data: 80 0 0 FF 0 FF 0 0
ID: 316, Data: 85 22 F A 23 19 0 7E
ID: 5F0, Data: 20 0
ID: 5A0, Data: 80 0 0 90 0 0 0 0
ID: 316, Data: 85 22 F8 9 24 19 0 7E
ID: 18F, Data: 8AA 3B 0 0 0 0 0 0
ID: A1, Data: 880 7F 7E 80 24 0 0 0
ID: 260, Data: 8B 23 24 30 0 FF 75 D
ID: A0, Data: 835 7D B A 0 23 2 0
ID: 440, Data: 8A6 31 0 A0 FF AA AA AA
ID: A0, Data: 835 7D B A 0 23 2 0
ID: 153, Data: 80 0 0 FF 0 FF 0 0
ID: 153, Data: 80 0 0 FF 0 FF 0 0
ID: A1, Data: 880 7F 80 80 24 0 0 0
ID: 329, Data: 8ED B1 80 8 12 2B 0 26
ID: 545, Data: 8E4 21 0 8D A3 0 A3 0
ID: 316, Data: 85 22 20 A 23 19 0 7E
ID: 316, Data: 85 22 10 A 23 19 0 7E
ID: 153, Data: 80 0 0 FF 0 FF 0 0
ID: 316, Data: 85 22 17 A 23 19 0 7E
ID: 1F0, Data: 85E 40 B5 BF 0 0 0 0
ID: 316, Data: 85 22 20 A 23 19 0 7E
ID: 329, Data: 8ED B1 80 8 12 2B 0 26
ID: A0, Data: 835 7D F A 0 23 2 0
ID: 5F0, Data: 20 0
ID: 153, Data: 80 0 0 FF 0 FF 0 0
ID: 153, Data: 80 0 0 FF 0 FF 0 0
ID: 280, Data: 830 0 84 B1 14 1A 5F 4C
ID: 316, Data: 85 22 18 A 23 19 0 7E
ID: 153, Data: 80 0 0 FF 0 FF 0 0
ID: 316, Data: 85 22 13 A 23 19 0 7E
ID: 43F, Data: 81 45 60 FF 66 0 0 0
ID: 153, Data: 80 0 0 FF 0 FF 0 0
ID: 316, Data: 85 22 8 A 23 19 0 7E
ID: 43F, Data: 81 45 60 FF 66 0 0 0
ID: 43F, Data: 81 45 60 FF 66 0 0 0
ID: 153, Data: 80 0 0 FF 0 FF 0 0
ID: 43F, Data: 81 45 60 FF 66 0 0 0
ID: 153, Data: 80 0 0 FF 0 FF 0 0
ID: 153, Data: 80 0 0 FF 0 FF 0 0
ID: 2A0, Data: 880 0 5F 1D 3D 0 17 0
ID: 43F, Data: 81 45 60 FF 66 0 0 0
ID: 260, Data: 8B 22 23 30 0 FF 72 20
ID: A0, Data: 834 7D 21 A 0 23 2 0
ID: 153, Data: 80 0 0 FF 0 FF 0 0
ID: 1F1, Data: 80 D9 0 0 0 0 0 0
ID: 43F, Data: 81 45 60 FF 66 0 0 0
ID: 316, Data: 85 22 1F A 23 19 0 7E
ID: 316, Data: 85 22 26 A 23 19 0 7E
ID: 260, Data: 8B 22 23 30 0 FF 72 11
ID: 153, Data: 80 0 0 FF 0 FF 0 0
ID: 153, Data: 80 0 0 FF 0 FF 0 0
ID: 316, Data: 85 22 B A 23 19 0 7E
ID: 370, Data: 8FF DE F0 F0 FF FF FF FF
ID: 43F, Data: 81 45 60 FF 66 0 0 0
ID: 316, Data: 85 22 C A 23 19 0 7E
ID: 316, Data: 85 22 E A 23 19 0 7E
ID: 280, Data: 830 0 84 B1 14 19 5F 4B
ID: 2A0, Data: 8E0 0 5F 1D 3D 0 17 0
ID: 316, Data: 85 22 B A 23 19 0 7E
ID: 5F0, Data: 20 0
ID: 153, Data: 80 0 0 FF 0 FF 0 0
ID: 316, Data: 85 22 C A 23 19 0 7E
ID: 5F0, Data: 20 0
ID: 316, Data: 85 22 6 A 23 19 0 7E
ID: 43F, Data: 81 45 60 FF 66 0 0 0
ID: 1F0, Data: 85E 40 B5 BF 0 0 0 0
ID: 153, Data: 80 0 0 FF 0 FF 0 0
ID: 316, Data: 85 22 26 A 23 19 0 7E
ID: 153, Data: 80 0 0 FF 0 FF 0 0
ID: 316, Data: 85 22 2E A 23 19 0 7E
ID: 153, Data: 80 0 0 FF 0 FF 0 0
ID: 316, Data: 85 22 2A A 23 19 0 7E
ID: 153, Data: 80 0 0 FF 0 FF 0 0
ID: 43F, Data: 81 45 60 FF 66 0 0 0
ID: 43F, Data: 81 45 60 FF 66 0 0 0
ID: 153, Data: 80 0 0 FF 0 FF 0 0
ID: 43F, Data: 81 45 60 FF 66 0 0 0
ID: 153, Data: 80 0 0 FF 0 FF 0 0
ID: A1, Data: 882 7F 80 80 24 0 0 0
ID: A0, Data: 835 7D 35 A 0 23 2 0
ID: 370, Data: 8FF DE F0 F0 FF FF FF FF
ID: A0, Data: 835 7D 32 A 0 23 2 0
ID: 316, Data: 85 22 34 A 23 19 0 7E
ID: 316, Data: 85 22 34 A 23 19 0 7E
ID: 316, Data: 85 22 29 A 23 19 0 7E
ID: 545, Data: 8E4 20 0 8D 99 0 99 0
ID: 153, Data: 80 0 0 FF 0 FF 0 0
ID: 153, Data: 80 0 0 FF 0 FF 0 0
ID: 18F, Data: 8AA 3B 0 0 0 0 0 0
ID: 280, Data: 830 0 84 B1 14 19 5F 4B
ID: 153, Data: 80 0 0 FF 0 FF 0 0
ID: 153, Data: 80 0 0 FF 0 FF 0 0
ID: 2A0, Data: 8E0 0 5F 1D 3D 0 17 0
ID: 316, Data: 85 22 20 A 23 19 0 7E
ID: 545, Data: 8E4 20 0 8C 9C 0 9C 0
ID: 18F, Data: 8AA 3B 0 0 0 0 0 0
ID: 1F0, Data: 85E 40 B5 BF 0 0 0 0
ID: 18F, Data: 8AA 3B 0 0 0 0 0 0
ID: 153, Data: 80 0 0 FF 0 FF 0 0
ID: 2A0, Data: 840 0 5F 1D 3D 0 17 0
ID: 316, Data: 85 22 13 A 23 19 0 7E
ID: 2A0, Data: 880 0 5F 1D 3D 0 17 0
ID: A0, Data: 835 7D 10 A 0 23 2 0
ID: 43F, Data: 81 45 60 FF 66 0 0 0
ID: 153, Data: 80 0 0 FF 0 FF 0 0
ID: 43F, Data: 81 45 60 FF 66 0 0 0
ID: 153, Data: 80 0 0 FF 0 FF 0 0
ID: 5F0, Data: 20 0
ID: 43F, Data: 81 45 60 FF 66 0 0 0
ID: 280, Data: 830 0 84 B1 14 1A 5F 4C
ID: 2A0, Data: 8E0 0 5F 1D 3D 0 17 0
ID: 153, Data: 80 0 0 FF 0 FF 0 0
ID: 316, Data: 85 22 17 A 23 19 0 7E
ID: 153, Data: 80 0 0 FF 0 FF 0 0
ID: 316, Data: 85 22 1B A 23 19 0 7E
ID: 153, Data: 80 0 0 FF 0 FF 0 0
ID: 316, Data: 85 22 2A A 23 19 0 7E
ID: 43F, Data: 81 45 60 FF 66 0 0 0
ID: 370, Data: 8FF DE F0 F0 FF FF FF FF
ID: 43F, Data: 81 45 60 FF 66 0 0 0
ID: 5F0, Data: 20 0
ID: A1, Data: 882 7F 7D 80 24 0 0 0
ID: 153, Data: 80 0 0 FF 0 FF 0 0
ID: 316, Data: 85 22 26 A 23 19 0 7E
ID: A0, Data: 835 7E 26 A 0 23 2 0
ID: 153, Data: 80 0 0 FF 0 FF 0 0
ID: 440, Data: 8A6 31 0 A0 FF AA AA AA
ID: 2A0, Data: 8E0 0 5F 1D 3D 0 17 0
ID: 5F0, Data: 20 0
ID: 316, Data: 85 22 26 A 23 19 0 7E
ID: 316, Data: 85 22 25 A 23 19 0 7E
ID: 316, Data: 85 22 1F A 23 19 0 7E
ID: 153, Data: 80 0 0 FF 0 FF 0 0
ID: 153, Data: 80 0 0 FF 0 FF 0 0
ID: 280, Data: 830 0 84 B1 14 19 5F 4B
ID: 316, Data: 85 22 15 A 23 19 0 7E
ID: 5F0, Data: 20 0
ID: 316, Data: 85 22 15 A 23 19 0 7E
ID: 43F, Data: 81 45 60 FF 66 0 0 0
ID: 43F, Data: 81 45 60 FF 66 0 0 0
ID: 43F, Data: 81 45 60 FF 66 0 0 0
ID: 153, Data: 80 0 0 FF 0 FF 0 0
ID: 316, Data: 85 23 15 A 23 19 0 7E
ID: 153, Data: 80 0 0 FF 0 FF 0 0
ID: 316, Data: 85 22 25 A 23 19 0 7E
ID: 153, Data: 80 0 0 FF 0 FF 0 0
ID: 316, Data: 85 22 2E A 23 19 0 7E
ID: 440, Data: 8A6 31 0 A0 FF AA AA AA
ID: 153, Data: 80 0 0 FF 0 FF 0 0
ID: A1, Data: 882 7F 80 80 24 0 0 0
ID: 329, Data: 840 B1 80 8 12 2B 0 26
ID: 370, Data: 8FF DE F0 F0 FF FF FF FF
ID: 153, Data: 80 0 0 FF 0 FF 0 0
ID: 316, Data: 85 22 45 A 23 19 0 7E
ID: 5F0, Data: 20 0
ID: 316, Data: 85 22 35 A 23 19 0 7E
ID: 316, Data: 85 22 32 A 23 19 0 7E
ID: 329, Data: 8B B1 80 8 12 2B 0 26
ID: 1F0, Data: 85E 40 B5 BF 0 0 0 0
ID: 153, Data: 80 0 0 FF 0 FF 0 0
ID: 43F, Data: 81 45 60 FF 66 0 0 0
ID: 153, Data: 80 0 0 FF 0 FF 0 0
ID: 153, Data: 80 0 0 FF 0 FF 0 0
ID: A0, Data: 835 7E 20 A 0 23 2 0
ID: 43F, Data: 81 45 60 FF 66 0 0 0
ID: 316, Data: 85 22 18 A 23 19 0 7E
ID: 316, Data: 85 22 12 A 23 19 0 7E
ID: 260, Data: 8B 22 24 30 0 FF 72 1
ID: 153, Data: 80 0 0 FF 0 FF 0 0
ID: 43F, Data: 81 45 60 FF 66 0 0 0
ID: 43F, Data: 81 45 60 FF 66 0 0 0
ID: 153, Data: 80 0 0 FF 0 FF 0 0
ID: 43F, Data: 81 45 60 FF 66 0 0 0
ID: 153, Data: 80 0 0 FF 0 FF 0 0
ID: 153, Data: 80 0 0 FF 0 FF 0 0
ID: 43F, Data: 81 45 60 FF 66 0 0 0
ID: 316, Data: 85 22 28 A 23 19 0 7E
ID: 316, Data: 85 22 2E A 23 19 0 7E
ID: 260, Data: 8B 22 24 30 0 FF 71 3F
ID: A1, Data: 882 7F 80 80 24 0 0 0
ID: 43F, Data: 81 45 60 FF 66 0 0 0
ID: 153, Data: 80 0 0 FF 0 FF 0 0
ID: 43F, Data: 81 45 60 FF 66 0 0 0
ID: 153, Data: 80 0 0 FF 0 FF 0 0
ID: 316, Data: 85 22 15 A 23 19 0 7E
ID: 153, Data: 80 0 0 FF 0 FF 0 0
ID: 153, Data: 80 0 0 FF 0 FF 0 0
ID: 1F1, Data: 80 D9 0 0 0 0 0 0
ID: A0, Data: 835 7E 19 A 0 23 2 0
ID: 316, Data: 85 22 1D A 23 19 0 7E
ID: 316, Data: 85 22 20 A 23 19 0 7E
ID: 316, Data: 85 22 2C A 23 19 0 7E
ID: 18F, Data: 8AA 3B 0 0 0 0 0 0
ID: 153, Data: 80 0 0 FF 0 FF 0 0
ID: 18F, Data: 8AA 3B 0 0 0 0 0 0
ID: 440, Data: 8A6 E1 0 A0 FF AA AA AA
ID: 316, Data: 85 22 30 A 23 19 0 7E
ID: A0, Data: 835 7D 29 A 0 23 2 0
ID: 153, Data: 80 0 0 FF 0 FF 0 0
ID: 153, Data: 80 0 0 FF 0 FF 0 0
ID: 2A0, Data: 820 0 5F 1D 3D 0 17 0
ID: 316, Data: 85 22 29 A 23 19 0 7E
ID: 2A0, Data: 8E0 0 5F 1D 3D 0 17 0
ID: 5F0, Data: 20 0
ID: 153, Data: 80 0 0 FF 0 FF 0 0
ID: 43F, Data: 81 45 60 FF 66 0 0 0
ID: A0, Data: 835 7D 13 A 0 23 2 0
ID: A1, Data: 882 7F 80 80 24 0 0 0
ID: 545, Data: 8E4 20 0 8C 9F 0 9F 0
ID: 153, Data: 80 0 0 FF 0 FF 0 0
ID: 316, Data: 85 22 7 A 24 19 0 7E
ID: 18F, Data: 8AA 3B 0 0 0 0 0 0
ID: 370, Data: 8FF DE F0 F0 FF FF FF FF
ID: 545, Data: 8E4 21 0 8C A0 0 A0 0
ID: 153, Data: 80 0 0 FF 0 FF 0 0
ID: 316, Data: 85 22 44 A 23 19 0 7E
ID: 440, Data: 8A6 31 0 A0 FF AA AA AA
ID: 316, Data: 85 22 39 A 23 19 0 7E
ID: 153, Data: 80 0 0 FF 0 FF 0 0
ID: 153, Data: 80 0 0 FF 0 FF 0 0
ID: A0, Data: 835 7E 26 A 0 23 2 0
ID: 545, Data: 8E4 20 0 8C 9B 0 9B 0
ID: 329, Data: 840 B1 80 8 12 2B 0 26
ID: A0, Data: 835 7E 26 A 0 23 2 0
ID: 43F, Data: 81 45 60 FF 66 0 0 0
ID: 43F, Data: 81 45 60 FF 66 0 0 0
ID: 153, Data: 80 0 0 FF 0 FF 0 0
ID: 43F, Data: 81 45 60 FF 66 0 0 0
ID: 153, Data: 80 0 0 FF 0 FF 0 0
ID: 316, Data: 85 22 1C A 23 19 0 7E
ID: 260, Data: 8B 22 24 30 0 FF 73 2E
ID: 153, Data: 80 0 0 FF 0 FF 0 0
ID: 316, Data: 85 22 18 A 23 19 0 7E
ID: 153, Data: 80 0 0 FF 0 FF 0 0
ID: 316, Data: 85 22 36 A 23 19 0 7E
ID: 153, Data: 80 0 0 FF 0 FF 0 0
ID: 43F, Data: 81 45 60 FF 66 0 0 0
ID: 43F, Data: 81 45 60 FF 66 0 0 0
ID: 153, Data: 80 0 0 FF 0 FF 0 0
ID: 316, Data: 85 22 47 A 23 19 0 7E
ID: 153, Data: 80 0 0 FF 0 FF 0 0
ID: 316, Data: 85 22 F A 23 19 0 7E
ID: 153, Data: 80 0 0 FF 0 FF 0 0
ID: 153, Data: 80 0 0 FF 0 FF 0 0
ID: 153, Data: 80 0 0 FF 0 FF 0 0
ID: 280, Data: 830 0 84 B1 14 19 60 4B
ID: 316, Data: 85 22 5 A 24 19 0 7E
ID: 153, Data: 80 0 0 FF 0 FF 0 0
ID: 5F0, Data: 20 0
ID: 260, Data: 8B 22 24 30 0 FF 73 1F
ID: 545, Data: 8E4 20 0 8C A1 0 A1 0
ID: 153, Data: 80 0 0 FF 0 FF 0 0
ID: 43F, Data: 81 45 60 FF 66 0 0 0
ID: 153, Data: 80 0 0 FF 0 FF 0 0
ID: 153, Data: 80 0 0 FF 0 FF 0 0
ID: A1, Data: 882 7F 7D 80 24 0 0 0
ID: 329, Data: 8B B1 80 8 12 2B 0 26
ID: 545, Data: 8E4 21 0 8C 9E 0 9E 0
ID: 43F, Data: 81 45 60 FF 66 0 0 0
ID: 153, Data: 80 0 0 FF 0 FF 0 0
ID: 370, Data: 8FF DE F0 F0 FF FF FF FF
ID: 43F, Data: 81 45 60 FF 66 0 0 0
ID: 316, Data: 85 22 14 A 23 19 0 7E
ID: 316, Data: 85 22 21 A 23 19 0 7E
ID: 545, Data: 8E4 20 0 8C 9C 0 9C 0
ID: 440, Data: 8A6 E1 0 A0 FF AA AA AA
ID: 153, Data: 80 0 0 FF 0 FF 0 0
ID: 329, Data: 884 B1 80 8 12 2B 0 26
ID: 316, Data: 85 22 2A A 23 19 0 7E
ID: 2A0, Data: 820 0 60 1D 3D 0 17 0
ID: 1F0, Data: 85E 40 B5 BF 0 0 0 0
ID: 153, Data: 80 0 0 FF 0 FF 0 0
ID: 316, Data: 85 22 25 A 23 19 0 7E
ID: 153, Data: 80 0 0 FF 0 FF 0 0
ID: 153, Data: 80 0 0 FF 0 FF 0 0
ID: 370, Data: 8FF DE F0 F0 FF FF FF FF
ID: 260, Data: 8B 22 23 30 0 FF 72 2
ID: 316, Data: 85 22 3C A 23 19 0 7E
ID: 316, Data: 85 22 2C A 23 19 0 7E
ID: 280, Data: 830 0 84 B1 14 19 60 4B
ID: 153, Data: 80 0 0 FF 0 FF 0 0
ID: 1F0, Data: 85E 40 B5 BF 0 0 0 0
ID: 316, Data: 85 22 1D A 23 19 0 7E
ID: 316, Data: 85 22 19 A 23 19 0 7E
ID: 153, Data: 80 0 0 FF 0 FF 0 0
ID: 329, Data: 884 B1 80 8 12 2B 0 26
ID: 153, Data: 80 0 0 FF 0 FF 0 0
ID: 260, Data: 8B 22 2D 30 0 FF 73 16
ID: 440, Data: 8AE E1 0 A0 FF AA AA AA
ID: 440, Data: 8AE E1 0 A0 FF AA AA AA
ID: 316, Data: 85 24 F A 2D 22 0 7E
ID: 18F, Data: 8AA 39 0 0 0 0 0 0
ID: A1, Data: 881 80 80 80 24 0 0 0
ID: 329, Data: 884 B1 80 8 12 2D 0 26
ID: 329, Data: 884 B1 80 8 12 2D 0 26
ID: 153, Data: 80 0 0 FF 0 FF 0 0
ID: 153, Data: 80 0 0 FF 0 FF 0 0
ID: 316, Data: 845 28 B6 A 2B 22 0 7E
ID: A1, Data: 881 80 80 80 27 0 0 0
ID: 316, Data: 845 28 CE A 2A 22 0 7E
ID: 316, Data: 845 28 90 A 2B 22 0 7E
ID: 329, Data: 840 B1 80 8 12 2D 0 26
ID: 43F, Data: 81 45 60 FF 66 0 0 0
ID: 1F1, Data: 80 D9 0 0 0 0 0 0
ID: 316, Data: 845 29 13 A 2C 22 0 7E
ID: 153, Data: 80 0 0 FF 0 FF 0 0
ID: 153, Data: 80 0 0 FF 0 FF 0 0
ID: 316, Data: 845 2A 1D A 2C 21 0 7E
ID: 153, Data: 80 0 0 FF 0 FF 0 0
ID: 316, Data: 845 2B 44 A 2B 22 0 7E
ID: 316, Data: 834 2B 5A A 1A F 0 7E
ID: 316, Data: 834 2C 5A A 1D F 0 7E
ID: 316, Data: 834 2B A4 A 1D F 0 7E
ID: 260, Data: 8B 27 1E 0 0 FF 6B 2C
ID: 316, Data: 834 22 2A A 1D F 0 7E
ID: 316, Data: 834 21 F1 8 1D F 0 7E
ID: 316, Data: 834 1E A8 7 1C E 0 7E
ID: 316, Data: 834 1D 36 6 1D E 0 7E
ID: 545, Data: 8E4 0 0 0 B 1 B 1
ID: 316, Data: 834 1E 74 4 1D D 0 7E
ID: 316, Data: 834 1E 74 4 1D D 0 7E
ID: 260, Data: 8B 1E 1D 0 0 FF 6D 34
ID: 316, Data: 830 1E 74 4 1D D 0 7E
ID: 316, Data: 830 1E 74 4 1D D 0 7E
ID: 316, Data: 830 1E 74 4 1D D 0 7E
ID: 316, Data: 830 1E 74 4 1D D 0 7E
ID: 2A0, Data: 820 0 60 1D 3D 0 17 0
ID: 316, Data: 830 1E 74 4 1D D 0 7E
ID: 316, Data: 830 1E 74 4 1D D 0 7E
ID: 316, Data: 830 1E 74 4 1D D 0 7E
ID: 316, Data: 830 1E 74 4 1D D 0 7E
ID: 280, Data: 830 0 1 B1 8 16 60 44
ID: 316, Data: 830 0 0 0 1D B 0 7E
ID: 316, Data: 830 0 0 0 1D B 0 7E
ID: 316, Data: 830 0 0 0 1D B 0 7E
ID: 316, Data: 830 0 0 0 1D B 0 7E
ID: A1, Data: 880 7F 80 80 2E 0 0 0
ID: 260, Data: 8B 0 1D 0 0 FF 6D 15
ID: A0, Data: 80 7D 0 0 0 2F 0 0
ID: 316, Data: 830 0 0 0 1D B 0 7E
ID: 316, Data: 830 0 0 0 1D B 0 7E
ID: 316, Data: 830 0 0 0 1D B 0 7E
ID: 316, Data: 830 0 0 0 1D B 0 7E
ID: 316, Data: 830 0 0 0 1D B 0 7E
ID: 316, Data: 830 0 0 0 1D B 0 7E
ID: 316, Data: 830 0 0 0 1D B 0 7E
ID: 316, Data: 830 0 0 0 1D B 0 7E
ID: 316, Data: 830 0 0 0 1D B 0 7E
ID: 316, Data: 830 0 0 0 1D B 0 7E
ID: 316, Data: 830 0 0 0 1D B 0 7E
ID: 18F, Data: 8AA 3B 0 0 0 0 0 0
ID: 2A0, Data: 840 0 60 1D 3D 0 17 0
ID: 316, Data: 830 0 0 0 1D B 0 7E
ID: 2A0, Data: 880 0 60 1D 3D 0 17 0
ID: 329, Data: 840 B1 80 A 12 43 0 26
ID: A0, Data: 80 7D 0 0 0 78 0 0
ID: 316, Data: 830 0 0 0 1D B 0 7E
ID: A0, Data: 80 7D 0 0 0 2F 0 0
ID: 260, Data: 8B 0 1D 0 0 FF 6D 15
ID: 316, Data: 830 0 0 0 1D B 0 7E
ID: 316, Data: 830 0 0 0 1D B 0 7D
ID: 316, Data: 830 0 0 0 1D B 0 7D
ID: 316, Data: 830 0 0 0 1D B 0 7D
ID: 316, Data: 830 0 0 0 1D B 0 7D
ID: 316, Data: 830 0 0 0 1D B 0 7D
ID: 316, Data: 830 0 0 0 1D B 0 7D
ID: 316, Data: 830 0 0 0 1D B 0 7D
ID: 316, Data: 830 0 0 0 1D B 0 7D
ID: 316, Data: 830 0 0 0 1D B 0 7D
ID: 18F, Data: 8AA 3B 0 0 0 0 0 0
ID: 2A0, Data: 880 0 60 1D 3D 0 17 0
ID: 316, Data: 830 0 0 0 1D B 0 7D
ID: 545, Data: 8E4 0 0 0 2D FF 2D FF
ID: 329, Data: 840 B1 80 A 12 2F 0 26
ID: A0, Data: 80 7D 0 0 0 27 0 0
ID: 316, Data: 830 0 0 0 1D B 0 7D
ID: A0, Data: 80 7D 0 0 0 27 0 0
ID: 2A0, Data: 8E0 0 60 1D 3D 0 17 0
ID: 316, Data: 830 0 0 0 1D B 0 7D
ID: 316, Data: 830 0 0 0 1D B 0 7D
ID: 316, Data: 830 0 0 0 1D B 0 7D
ID: 316, Data: 830 0 0 0 1D B 0 7D
ID: 316, Data: 830 0 0 0 1D B 0 7D
ID: 316, Data: 830 0 0 0 1D B 0 7D
ID: 316, Data: 830 0 0 0 1D B 0 7D
ID: 5F0, Data: 20 0
ID: 5F0, Data: 20 0
ID: 43F, Data: 80 46 0 FF 66 0 0 0
ID: 370, Data: 8FF C0 F0 F4 FF FF FF FF
ID: 43F, Data: 80 46 0 FF 66 0 0 0
ID: 43F, Data: 80 46 0 FF 66 0 0 0
ID: 43F, Data: 80 46 0 FF 66 0 0 0
ID: 316, Data: 831 0 0 0 0 A 0 7D
ID: 316, Data: 831 0 0 0 26 C 0 7D
ID: 18F, Data: 8AA 3A 0 0 0 0 0 0
ID: 545, Data: 8E4 0 0 7B 2B FF 2B FF
ID: 316, Data: 831 0 0 0 19 C 0 7D
ID: A0, Data: 80 7D 0 0 0 74 0 0
ID: 260, Data: 8B 0 19 0 0 FF 69 E
ID: 316, Data: 831 0 0 0 19 C 0 7D
ID: 43F, Data: 80 46 60 FF 66 0 0 0
ID: 43F, Data: 80 46 60 FF 66 0 0 0
ID: 5F0, Data: 20 0
ID: 316, Data: 85 0 0 0 1C C 0 7D
ID: 43F, Data: 80 46 60 FF 66 0 0 0
ID: 1F0, Data: 8FE 3F 0 0 0 0 0 0
ID: 153, Data: 80 0 0 FF 0 FF 0 0
ID: 316, Data: 85 0 0 0 1D C 0 7D
ID: 545, Data: 8E4 0 0 7A 2B FF 2B FF
ID: 316, Data: 85 0 0 0 1D C 0 7D
ID: 370, Data: 8FF E0 F0 FF FF FF FF FF
ID: 153, Data: 80 0 0 FF 0 FF 0 0
ID: 316, Data: 85 0 0 0 1D C 0 7D
ID: 43F, Data: 80 40 60 FF 66 0 0 0
ID: A1, Data: 880 7F 80 80 66 0 0 0
ID: 153, Data: 80 0 0 FF 0 FF 0 0
ID: 43F, Data: 80 40 60 FF 66 0 0 0
ID: 260, Data: 8B 0 1D 0 0 FF 69 A
ID: 440, Data: 8FE 50 0 A0 FF AA AA AA
ID: 43F, Data: 80 40 60 FF 66 0 0 0
ID: 153, Data: 80 0 0 FF 0 FF 0 0
ID: 316, Data: 85 0 0 0 1D C 0 7D
ID: 43F, Data: 80 40 60 FF 66 0 0 0
ID: A0, Data: 80 7D 0 0 0 31 0 0
ID: 153, Data: 80 0 0 FF 0 FF 0 0
ID: 1F0, Data: 8FE 3F 0 0 0 0 0 0
ID: 316, Data: 85 0 0 0 1D C 0 7D
ID: 316, Data: 834 0 0 0 1D C 0 7D
ID: 316, Data: 834 0 0 0 1D C 0 7D
ID: A1, Data: 880 7F 80 80 66 0 0 0
ID: 18F, Data: 8AA 3A 0 0 0 0 0 0
ID: A1, Data: 880 7F 80 80 66 0 0 0
ID: 329, Data: 8ED B1 80 A 12 30 0 26
ID: 545, Data: 8E4 0 0 0 2B FF 2B FF
ID: 316, Data: 834 0 0 0 1D C 0 7D
ID: 316, Data: 834 0 0 0 1D C 0 7D
ID: 316, Data: 834 0 0 0 1D C 0 7D
ID: 316, Data: 834 0 0 0 1D C 0 7D
ID: 316, Data: 834 0 0 0 1D C 0 7D
ID: 316, Data: 834 0 0 0 1D C 0 7D
ID: A1, Data: 880 7F 80 80 66 0 0 0
ID: 18F, Data: 8AA 3A 0 0 0 0 0 0
ID: A0, Data: 80 7D 0 0 0 28 0 0
ID: 329, Data: 8ED B1 80 A 12 30 0 26
ID: 316, Data: 830 0 0 0 1D C 0 7D
ID: 316, Data: 830 0 0 0 1D C 0 7D
ID: 316, Data: 830 0 0 0 1D C 0 7D
ID: 316, Data: 830 0 0 0 1D C 0 7D
ID: 316, Data: 830 0 0 0 1D C 0 7D
ID: 316, Data: 830 0 0 0 1D C 0 7D
ID: 316, Data: 830 0 0 0 1D C 0 7D
ID: 316, Data: 830 0 0 0 1D C 0 7D
ID: 316, Data: 830 0 0 0 1D C 0 7D
ID: 316, Data: 830 0 0 0 1D C 0 7D
ID: 316, Data: 830 0 0 0 1D C 0 7D
ID: 316, Data: 830 0 0 0 1D C 0 7D
ID: 18F, Data: 8AA 3A 0 0 0 0 0 0
ID: 2A0, Data: 840 0 60 18 3D 0 17 0
ID: 316, Data: 830 0 0 0 1D C 0 7D
ID: 545, Data: 8E4 0 0 0 2B FF 2B FF
ID: 329, Data: 8ED B1 80 A 12 30 0 26
ID: A0, Data: 80 7D 0 0 0 28 0 0
ID: 316, Data: 830 0 0 0 1D C 0 7D
ID: A0, Data: 80 7D 0 0 0 28 0 0
ID: 2A0, Data: 820 0 60 18 3D 0 17 0
ID: 316, Data: 830 0 0 0 1D C 0 7D
ID: 316, Data: 830 0 0 0 1D C 0 7D
ID: 316, Data: 830 0 0 0 1D C 0 7D
ID: 316, Data: 830 0 0 0 1D C 0 7D
ID: 316, Data: 830 0 0 0 1D C 0 7D
ID: 316, Data: 830 0 0 0 1D C 0 7D
ID: 316, Data: 830 0 0 0 1D C 0 7D
ID: 316, Data: 830 0 0 0 1D C 0 7D
ID: 316, Data: 830 0 0 0 1D C 0 7D
ID: 316, Data: 830 0 0 0 1D C 0 7D
ID: 316, Data: 830 0 0 0 1D C 0 7D
ID: A1, Data: 880 7F 80 80 66 0 0 0
ID: 18F, Data: 8AA 3A 0 0 0 0 0 0
ID: A1, Data: 880 7F 80 80 66 0 0 0
ID: 329, Data: 8ED B1 80 A 12 30 0 26
ID: 545, Data: 8E4 0 0 0 2A FF 2A FF
ID: 316, Data: 830 0 0 0 1D C 0 7D
ID: 316, Data: 830 0 0 0 1D C 0 7D
ID: 316, Data: 830 0 0 0 1D C 0 7D
ID: 316, Data: 830 0 0 0 1D C 0 7D
ID: 316, Data: 830 0 0 0 1D C 0 7D
ID: 316, Data: 830 0 0 0 1D C 0 7D
ID: A1, Data: 880 7F 80 80 65 0 0 0
ID: 260, Data: 8B 0 1D 0 0 FF 69 A
ID: A0, Data: 80 7D 0 0 0 28 0 0
ID: 260, Data: 8B 0 1D 0 0 FF 69 28
ID: 316, Data: 830 0 0 0 1D C 0 7D
ID: 316, Data: 830 0 0 0 1D C 0 7D
ID: 316, Data: 830 0 0 0 1D C 0 7D
ID: 316, Data: 830 0 0 0 1D C 0 7D
ID: 316, Data: 830 0 0 0 1D C 0 7D
ID: 316, Data: 830 0 0 0 1D C 0 7D
ID: 316, Data: 830 0 0 0 1D C 0 7D
ID: 316, Data: 830 0 0 0 1D C 0 7D
ID: 316, Data: 830 0 0 0 1D C 0 7D
ID: 316, Data: 830 0 0 0 1D C 0 7D
ID: 18F, Data: 8AA 3A 0 0 0 0 0 0
ID: 2A0, Data: 820 0 60 18 3D 0 17 0
