ID: 153, Data: 80 0 0 FF 0 FF 0 0
ID: 316, Data: 85 24 41 E 27 24 0 80
ID: 2A0, Data: 820 0 50 1C 3C 0 17 0
ID: 260, Data: 8B 24 27 30 FF FF 7C 22
ID: 316, Data: 85 24 2F E 27 24 0 80
ID: 316, Data: 85 24 3E E 27 24 0 80
ID: 153, Data: 80 0 0 FF 0 FF 0 0
ID: 5F0, Data: 20 0
ID: 2A0, Data: 880 0 50 1C 3C 0 17 0
ID: 545, Data: 8E4 2D 0 8D 6 0 6 0
ID: 260, Data: 8B 25 27 30 FF FF 7D 2
ID: 18F, Data: 8AA 52 0 0 0 0 0 0
ID: 43F, Data: 80 40 60 FF 36 54 D 0
ID: 153, Data: 80 0 0 FF 0 FF 0 0
ID: 153, Data: 80 0 0 FF 0 FF 0 0
ID: 1F0, Data: 8FF 3F 0 0 0 0 0 0
ID: 280, Data: 830 0 84 72 1C 1B 50 46
ID: 316, Data: 85 24 49 E 27 24 0 80
ID: 440, Data: 8FE 0 0 A0 FF AA AA AA
ID: 153, Data: 80 0 0 FF 0 FF 0 0
ID: 316, Data: 85 25 5E E 27 24 0 80
ID: 370, Data: 8FF E0 F0 F0 FF FF FF FF
ID: 153, Data: 80 0 0 FF 0 FF 0 0
ID: 316, Data: 85 25 6E E 26 24 0 80
ID: 18F, Data: 8AA 52 0 0 0 0 0 0
ID: A0, Data: 835 4E 7E E 0 27 2 0
ID: A0, Data: 835 4E 7E E 0 27 2 0
ID: 545, Data: 8E4 2F 0 8D 17 0 17 0
ID: 280, Data: 830 0 84 72 1C 1B 50 47
ID: A1, Data: 87E 7D 7C 7B 22 0 0 0
ID: 370, Data: 8FF E0 F0 F0 FF FF FF FF
ID: 43F, Data: 80 40 60 FF 36 9C D 0
ID: 153, Data: 80 0 0 FF 0 FF 0 0
ID: 316, Data: 85 25 76 E 26 24 0 80
ID: 43F, Data: 80 40 60 FF 36 5C D 0
ID: 316, Data: 85 25 50 E 26 24 0 80
ID: 1F1, Data: 80 0 0 0 0 0 0 0
ID: 316, Data: 85 25 36 E 27 24 0 80
ID: 153, Data: 80 0 0 FF 0 FF 0 0
ID: 43F, Data: 80 40 60 FF 36 3C D 0
ID: 43F, Data: 80 40 60 FF 36 5C D 0
ID: 153, Data: 80 0 0 FF 0 FF 0 0
ID: 316, Data: 85 24 76 E 26 24 0 80
ID: 153, Data: 80 0 0 FF 0 FF 0 0
ID: 153, Data: 80 0 0 FF 0 FF 0 0
ID: 316, Data: 85 24 49 E 27 24 0 80
ID: 370, Data: 8FF E0 F0 F0 FF FF FF FF
ID: 316, Data: 85 24 5E E 26 24 0 80
ID: 260, Data: 8B 24 27 30 FF FF 7A 15
ID: A1, Data: 87D 7D 7D 7B 21 0 0 0
ID: 316, Data: 85 24 2F E 27 24 0 80
ID: 316, Data: 85 24 2C E 27 24 0 80
ID: 280, Data: 830 0 84 72 1C 1A 50 46
ID: A1, Data: 87E 7D 80 7B 21 0 0 0
ID: 153, Data: 80 0 0 FF 0 FF 0 0
ID: 316, Data: 85 24 31 E 27 24 0 80
ID: 43F, Data: 80 40 60 FF 36 44 D 0
ID: 43F, Data: 80 40 60 FF 36 44 D 0
ID: 316, Data: 85 24 7E E 26 24 0 80
ID: 545, Data: 8E4 2F 0 8D B 0 B 0
ID: 370, Data: 8FF E0 F0 F0 FF FF FF FF
ID: A1, Data: 87E 7D 80 7B 21 0 0 0
ID: 316, Data: 85 24 4E E 26 24 0 80
ID: 316, Data: 85 24 31 E 26 24 0 80
ID: 316, Data: 85 25 4B E 27 24 0 80
ID: 153, Data: 80 0 0 FF 0 FF 0 0
ID: 153, Data: 80 0 0 FF 0 FF 0 0
ID: 153, Data: 80 0 0 FF 0 FF 0 0
ID: 280, Data: 830 0 84 72 1C 1B 50 47
ID: 316, Data: 85 25 53 E 26 24 0 80
ID: 43F, Data: 80 40 60 FF 36 60 D 0
ID: 43F, Data: 80 40 60 FF 36 6C D 0
ID: 43F, Data: 80 40 60 FF 36 78 D 0
ID: 370, Data: 8FF E0 F0 F0 FF FF FF FF
ID: 280, Data: 830 0 84 73 1C 1B 50 47
ID: 316, Data: 85 25 73 E 26 24 0 80
ID: 2A0, Data: 840 0 50 1C 3C 0 17 0
ID: 43F, Data: 80 40 60 FF 36 94 D 0
ID: 153, Data: 80 0 0 FF 0 FF 0 0
ID: 43F, Data: 80 40 60 FF 37 88 D 0
ID: 1F0, Data: 8FF 3F 0 0 0 0 0 0
ID: 153, Data: 80 0 0 FF 0 FF 0 0
ID: 316, Data: 85 25 B4 E 25 24 0 80
ID: 2A0, Data: 820 0 50 1C 3C 0 17 0
ID: 316, Data: 85 25 60 E 26 24 0 80
ID: 316, Data: 85 24 7E E 26 24 0 80
ID: 153, Data: 80 0 0 FF 0 FF 0 0
ID: 329, Data: 8ED 73 80 8 11 2F 0 26
ID: 1F1, Data: 80 0 0 0 0 0 0 0
ID: 260, Data: 8B 25 25 30 FF FF 78 9
ID: 43F, Data: 80 40 60 FF 36 98 D 0
ID: 316, Data: 85 24 3C E 27 24 0 80
ID: 18F, Data: 8AA 50 0 0 0 0 0 0
ID: 153, Data: 80 0 0 FF 0 FF 0 0
ID: 18F, Data: 8AA 50 0 0 0 0 0 0
ID: 316, Data: 85 24 27 E 27 24 0 80
ID: 316, Data: 85 24 18 E 27 24 0 80
ID: 316, Data: 85 24 B E 27 24 0 80
ID: 260, Data: 8B 24 27 30 FF FF 7C 13
ID: 18F, Data: 8AA 50 0 0 0 0 0 0
ID: 153, Data: 80 0 0 FF 0 FF 0 0
ID: 316, Data: 85 24 18 E 27 24 0 80
ID: 260, Data: 8B 25 27 30 FF FF 7C 12
ID: 440, Data: 8FE F0 0 A0 FF AA AA AA
ID: 316, Data: 85 25 39 E 27 24 0 80
ID: 153, Data: 80 0 0 FF 0 FF 0 0
ID: 43F, Data: 80 40 60 FF 36 5C D 0
ID: 153, Data: 80 0 0 FF 0 FF 0 0
ID: 153, Data: 80 0 0 FF 0 FF 0 0
ID: 153, Data: 80 0 0 FF 0 FF 0 0
ID: 43F, Data: 80 40 60 FF 36 40 D 0
ID: 316, Data: 85 25 22 E 27 24 0 80
ID: 545, Data: 8E4 2E 0 8D 19 0 19 0
ID: A0, Data: 835 4F 36 E 0 27 2 0
ID: 153, Data: 80 0 0 FF 0 FF 0 0
ID: 43F, Data: 80 40 60 FF 36 5C D 0
ID: A0, Data: 834 4F 86 E 0 27 2 0
ID: 153, Data: 80 0 0 FF 0 FF 0 0
ID: 5F0, Data: 20 0
ID: 329, Data: 840 73 80 8 11 2F 0 26
ID: 329, Data: 884 73 80 8 11 2F 0 26
ID: 5F0, Data: 20 0
ID: 43F, Data: 80 40 60 FF 36 74 D 0
ID: 153, Data: 80 0 0 FF 0 FF 0 0
ID: 316, Data: 85 25 60 E 26 24 0 80
ID: 1F0, Data: 8FF 3F 0 0 0 0 0 0
ID: 43F, Data: 80 40 60 FF 36 80 D 0
ID: 43F, Data: 80 40 60 FF 36 9C D 0
ID: 153, Data: 80 0 0 FF 0 FF 0 0
ID: 316, Data: 85 24 B1 E 25 24 0 80
ID: 316, Data: 85 24 A6 E 25 24 0 80
ID: 316, Data: 85 24 AF E 25 24 0 80
ID: 260, Data: 8B 24 25 30 FF FF 77 1A
ID: 43F, Data: 80 40 60 FF 36 CC D 0
ID: 43F, Data: 80 40 60 FF 36 C0 D 0
ID: 440, Data: 8FE F0 0 A0 FF AA AA AA
ID: 370, Data: 8FF E0 F0 F0 FF FF FF FF
ID: 316, Data: 85 23 6E E 26 24 0 80
ID: A0, Data: 833 4F 53 E 0 27 2 0
ID: 43F, Data: 80 40 60 FF 36 68 D 0
ID: 5F0, Data: 20 0
ID: 153, Data: 80 0 0 FF 0 FF 0 0
ID: 43F, Data: 80 40 60 FF 37 28 D 0
ID: A1, Data: 882 7D 82 7B 21 0 0 0
ID: 153, Data: 80 0 0 FF 0 FF 0 0
ID: 153, Data: 80 0 0 FF 0 FF 0 0
ID: 153, Data: 80 0 0 FF 0 FF 0 0
ID: 545, Data: 8E4 2D 0 8D C 0 C 0
ID: 43F, Data: 80 40 60 FF 36 28 D 0
ID: 316, Data: 85 25 EF D 27 23 0 80
ID: 153, Data: 80 0 0 FF 0 FF 0 0
ID: 18F, Data: 8AA 4F 0 0 0 0 0 0
ID: 316, Data: 85 25 5B E 26 24 0 80
ID: 316, Data: 85 25 24 E 26 24 0 80
ID: 316, Data: 85 25 8 E 27 23 0 80
ID: 1F1, Data: 80 0 0 0 0 0 0 0
ID: A0, Data: 836 4F 13 E 0 27 2 0
ID: 370, Data: 8FF E0 F0 F0 FF FF FF FF
ID: 43F, Data: 80 40 60 FF 36 4C D 0
ID: A0, Data: 835 4F 4E E 0 27 2 0
ID: 316, Data: 85 25 3E E 26 24 0 80
ID: 153, Data: 80 0 0 FF 0 FF 0 0
ID: 153, Data: 80 0 0 FF 0 FF 0 0
ID: 153, Data: 80 0 0 FF 0 FF 0 0
ID: 260, Data: 8B 25 26 30 FF FF 79 16
ID: 316, Data: 85 25 88 E 25 24 0 80
ID: 5F0, Data: 20 0
ID: 43F, Data: 80 40 60 FF 36 A0 D 0
ID: 370, Data: 8FF E0 F0 F0 FF FF FF FF
ID: 316, Data: 85 25 9B E 25 24 0 80
ID: 153, Data: 80 0 0 FF 0 FF 0 0
ID: 153, Data: 80 0 0 FF 0 FF 0 0
ID: A0, Data: 832 4F A6 E 0 27 2 0
ID: 545, Data: 8E4 2F 0 8D FC FF FC FF
ID: 316, Data: 85 24 5B E 26 24 0 80
ID: 153, Data: 80 0 0 FF 0 FF 0 0
ID: 153, Data: 80 0 0 FF 0 FF 0 0
ID: 43F, Data: 80 40 60 FF 36 64 D 0
ID: A1, Data: 882 7D 82 7B 21 0 0 0
ID: 5F0, Data: 20 0
ID: 153, Data: 80 0 0 FF 0 FF 0 0
ID: 43F, Data: 80 40 60 FF 36 50 D 0
ID: A0, Data: 833 4F 2A E 0 27 2 0
ID: 43F, Data: 80 40 60 FF 37 38 D 0
ID: 153, Data: 80 0 0 FF 0 FF 0 0
ID: 153, Data: 80 0 0 FF 0 FF 0 0
ID: 153, Data: 80 0 0 FF 0 FF 0 0
ID: 440, Data: 8FE F0 0 A0 FF AA AA AA
ID: 316, Data: 85 24 E E 27 24 0 80
ID: 153, Data: 80 0 0 FF 0 FF 0 0
ID: 440, Data: 8FE F0 0 A0 FF AA AA AA
ID: A0, Data: 836 4F 22 E 0 27 2 0
ID: 153, Data: 80 0 0 FF 0 FF 0 0
ID: 43F, Data: 80 40 60 FF 36 8 D 0
ID: 153, Data: 80 0 0 FF 0 FF 0 0
ID: 43F, Data: 80 40 60 FF 36 28 D 0
ID: A1, Data: 881 7D 80 7B 22 0 0 0
ID: 153, Data: 80 0 0 FF 0 FF 0 0
ID: 1F1, Data: 80 0 0 0 0 0 0 0
ID: 370, Data: 8FF E0 F0 F0 FF FF FF FF
ID: 5F0, Data: 20 0
ID: 440, Data: 8FE A0 0 A0 FF AA AA AA
ID: 153, Data: 80 0 0 FF 0 FF 0 0
ID: 316, Data: 85 26 F9 D 27 23 0 80
ID: 316, Data: 85 26 1F E 27 23 0 80
ID: 316, Data: 85 26 43 E 26 23 0 80
ID: 153, Data: 80 0 0 FF 0 FF 0 0
ID: 260, Data: 8B 26 27 30 FF FF 7A 4
ID: 316, Data: 85 25 56 E 26 24 0 80
ID: 153, Data: 80 0 0 FF 0 FF 0 0
ID: 153, Data: 80 0 0 FF 0 FF 0 0
ID: 2A0, Data: 880 0 50 1C 3C 0 17 0
ID: 280, Data: 830 0 84 73 1C 1B 50 47
ID: A1, Data: 881 7D 82 7B 22 0 0 0
ID: 316, Data: 85 25 5E E 26 24 0 80
ID: 316, Data: 85 25 36 E 26 23 0 80
ID: 316, Data: 85 24 43 E 26 24 0 80
ID: 2A0, Data: 8E0 0 50 1C 3C 0 17 0
ID: 153, Data: 80 0 0 FF 0 FF 0 0
ID: 5F0, Data: 20 0
ID: A0, Data: 833 4F 56 E 0 27 2 0
ID: A1, Data: 882 7D 82 7B 21 0 0 0
ID: 18F, Data: 8AA 4E 0 0 0 0 0 0
ID: A0, Data: 834 4F 27 E 0 27 2 0
ID: 329, Data: 8B 73 80 8 11 2F 0 26
ID: 316, Data: 85 24 4E E 26 24 0 80
ID: 260, Data: 8B 25 27 30 FF FF 79 24
ID: 43F, Data: 80 40 60 FF 37 58 D 0
ID: 316, Data: 85 25 41 E 26 24 0 80
ID: 316, Data: 85 25 36 E 27 23 0 80
ID: 280, Data: 830 0 84 74 1C 1B 50 46
ID: 153, Data: 80 0 0 FF 0 FF 0 0
ID: 1F0, Data: 8FF 3F 0 0 0 0 0 0
ID: 316, Data: 85 25 22 E 26 23 0 80
ID: 153, Data: 80 0 0 FF 0 FF 0 0
ID: 153, Data: 80 0 0 FF 0 FF 0 0
ID: 43F, Data: 80 40 60 FF 36 30 D 0
ID: 2A0, Data: 840 0 50 1C 3C 0 17 0
ID: 1F0, Data: 8FF 3F 0 0 0 0 0 0
ID: 153, Data: 80 0 0 FF 0 FF 0 0
ID: 43F, Data: 80 40 60 FF 37 38 D 0
ID: 260, Data: 8B 25 27 30 FF FF 79 24
ID: 153, Data: 80 0 0 FF 0 FF 0 0
ID: 316, Data: 85 25 53 E 26 24 0 80
ID: 153, Data: 80 0 0 FF 0 FF 0 0
ID: 316, Data: 85 25 46 E 26 24 0 80
ID: 153, Data: 80 0 0 FF 0 FF 0 0
ID: 316, Data: 85 25 3C E 26 23 0 80
ID: 43F, Data: 80 40 60 FF 36 3C D 0
ID: 370, Data: 8FF E0 F0 F0 FF FF FF FF
ID: 316, Data: 85 25 B E 27 23 0 80
ID: 153, Data: 80 0 0 FF 0 FF 0 0
ID: 316, Data: 85 25 93 D 28 23 0 80
ID: 153, Data: 80 0 0 FF 0 FF 0 0
ID: 153, Data: 80 0 0 FF 0 FF 0 0
ID: 153, Data: 80 0 0 FF 0 FF 0 0
ID: 260, Data: 8B 25 27 30 FF FF 7D 20
ID: 316, Data: 85 25 46 E 26 24 0 80
ID: 153, Data: 80 0 0 FF 0 FF 0 0
ID: 43F, Data: 80 40 60 FF 37 64 D 0
ID: 153, Data: 80 0 0 FF 0 FF 0 0
ID: 153, Data: 80 0 0 FF 0 FF 0 0
ID: 153, Data: 80 0 0 FF 0 FF 0 0
ID: 18F, Data: 8AA 4E 0 0 0 0 0 0
ID: 316, Data: 85 24 91 E 25 24 0 80
ID: 316, Data: 85 24 83 E 24 24 0 80
ID: 316, Data: 85 24 63 E 26 24 0 80
ID: 260, Data: 8B 25 26 30 FF FF 77 18
ID: 43F, Data: 80 40 60 FF 36 6C D 0
ID: 43F, Data: 80 40 60 FF 36 6C D 0
ID: 43F, Data: 80 40 60 FF 37 78 D 0
ID: 370, Data: 8FF E0 F0 F0 FF FF FF FF
ID: 153, Data: 80 0 0 FF 0 FF 0 0
ID: 316, Data: 85 24 15 E 27 24 0 80
ID: 316, Data: 85 24 41 E 26 24 0 80
ID: 316, Data: 85 24 36 E 26 24 0 80
ID: 2A0, Data: 880 0 50 1C 3C 0 17 0
ID: 153, Data: 80 0 0 FF 0 FF 0 0
ID: 153, Data: 80 0 0 FF 0 FF 0 0
ID: 18F, Data: 8AA 4E 0 0 0 0 0 0
ID: 545, Data: 8E4 2C 0 8D 12 0 12 0
ID: 316, Data: 85 24 10 E 27 23 0 80
ID: 545, Data: 8E4 2D 0 8D 14 0 14 0
ID: 43F, Data: 80 40 60 FF 36 0 D 0
ID: 43F, Data: 80 40 60 FF 37 4 D 0
ID: 153, Data: 80 0 0 FF 0 FF 0 0
ID: 43F, Data: 80 40 60 FF 37 34 D 0
ID: 153, Data: 80 0 0 FF 0 FF 0 0
ID: 153, Data: 80 0 0 FF 0 FF 0 0
ID: 153, Data: 80 0 0 FF 0 FF 0 0
ID: 260, Data: 8B 25 27 30 FF FF 79 24
ID: 316, Data: 85 25 46 E 26 23 0 80
ID: 440, Data: 8FE F0 0 A0 FF AA AA AA
ID: 153, Data: 80 0 0 FF 0 FF 0 0
ID: 280, Data: 830 0 84 74 1C 1B 50 47
ID: 153, Data: 80 0 0 FF 0 FF 0 0
ID: 316, Data: 85 24 80 E 25 24 0 80
ID: 440, Data: 8FE F0 0 A0 FF AA AA AA
ID: 545, Data: 8E4 2F 0 8D B 0 B 0
ID: 316, Data: 85 24 73 E 25 24 0 80
ID: 153, Data: 80 0 0 FF 0 FF 0 0
ID: 316, Data: 85 24 8E E 25 24 0 80
ID: 153, Data: 80 0 0 FF 0 FF 0 0
ID: 316, Data: 85 24 2F E 26 24 0 80
ID: 43F, Data: 80 40 60 FF 37 48 D 0
ID: 43F, Data: 80 40 60 FF 37 38 D 0
ID: 329, Data: 884 74 80 8 11 2F 0 26
ID: A0, Data: 834 4F 2F E 0 27 2 0
ID: 316, Data: 85 24 49 E 26 24 0 80
ID: 440, Data: 8FE F0 0 A0 FF AA AA AA
ID: 153, Data: 80 0 0 FF 0 FF 0 0
ID: 329, Data: 8B 74 80 8 11 2F 0 26
ID: 316, Data: 85 24 1 E 27 23 0 80
ID: 545, Data: 8E4 2B 0 8D 15 0 15 0
ID: 440, Data: 8FE F0 0 A0 FF AA AA AA
ID: 43F, Data: 80 40 60 FF 37 DC C 0
ID: 316, Data: 85 25 DE D 28 23 0 80
ID: 316, Data: 85 25 EF D 27 23 0 80
ID: 260, Data: 8B 25 27 30 FF FF 7C 21
ID: 153, Data: 80 0 0 FF 0 FF 0 0
ID: 153, Data: 80 0 0 FF 0 FF 0 0
ID: 316, Data: 85 25 2C E 26 23 0 80
ID: 153, Data: 80 0 0 FF 0 FF 0 0
ID: 316, Data: 85 25 E E 27 23 0 80
ID: 153, Data: 80 0 0 FF 0 FF 0 0
ID: 153, Data: 80 0 0 FF 0 FF 0 0
ID: A1, Data: 885 7D 88 7B 21 0 0 0
ID: 329, Data: 8B 74 80 8 11 2E 0 26
ID: 545, Data: 8E4 2E 0 8E 12 0 12 0
ID: 153, Data: 80 0 0 FF 0 FF 0 0
ID: 43F, Data: 80 40 60 FF 37 5C D 0
ID: 153, Data: 80 0 0 FF 0 FF 0 0
ID: 153, Data: 80 0 0 FF 0 FF 0 0
ID: 18F, Data: 8AA 4D 0 0 0 0 0 0
ID: 280, Data: 830 0 84 74 1C 1A 50 46
ID: 316, Data: 85 24 15 E 27 23 0 80
ID: 43F, Data: 80 40 60 FF 36 18 D 0
ID: 43F, Data: 80 40 60 FF 37 10 D 0
ID: 316, Data: 85 24 39 E 26 23 0 80
ID: 316, Data: 85 25 43 E 26 23 0 80
ID: 545, Data: 8E4 2E 0 8E 14 0 14 0
ID: 18F, Data: 8AA 4D 0 0 0 0 0 0
ID: 153, Data: 80 0 0 FF 0 FF 0 0
ID: 370, Data: 8FF E0 F0 F0 FF FF FF FF
ID: 316, Data: 85 25 1F E 2D 2D 0 80
ID: 316, Data: 85 25 43 E 2D 2D 0 80
ID: 316, Data: 85 26 46 E 2D 2D 0 80
ID: 329, Data: 840 74 80 8 11 30 0 26
ID: A0, Data: 837 50 43 E 0 28 2 0
ID: 153, Data: 80 0 0 FF 0 FF 0 0
ID: 316, Data: 85 28 58 E 2C 2C 0 80
ID: A1, Data: 887 7D 89 7B 23 0 0 0
ID: 316, Data: 85 29 73 E 2C 2C 0 80
ID: 153, Data: 80 0 0 FF 0 FF 0 0
ID: 153, Data: 80 0 0 FF 0 FF 0 0
ID: 43F, Data: 80 40 60 FF 37 90 D 0
ID: 153, Data: 80 0 0 FF 0 FF 0 0
ID: 5F0, Data: 20 0
ID: 153, Data: 80 0 0 FF 0 FF 0 0
ID: A0, Data: 841 50 24 E 0 29 2 0
ID: 316, Data: 845 2D E6 D 2D 2C 0 80
ID: 316, Data: 845 2D E8 D 2D 2C 0 80
ID: A1, Data: 886 7D 86 7B 27 0 0 0
ID: 153, Data: 80 0 0 FF 0 FF 0 0
ID: 316, Data: 845 2E 10 E 2C 2C 0 80
ID: 153, Data: 80 0 0 FF 0 FF 0 0
ID: 316, Data: 845 2E 2F E 2C 2C 0 80
ID: 153, Data: 80 0 0 FF 0 FF 0 0
ID: 316, Data: 845 2E 78 E 2B 2C 0 80
ID: 316, Data: 845 2E 8B E 2B 2C 0 80
ID: 316, Data: 845 2D 88 E 2A 2C 0 80
ID: 316, Data: 845 2D 9B E 2B 2C 0 80
ID: 153, Data: 80 0 0 FF 0 FF 0 0
ID: 153, Data: 80 0 0 FF 0 FF 0 0
ID: 316, Data: 845 2C A4 E 2A 2C 0 80
ID: 153, Data: 80 0 0 FF 0 FF 0 0
ID: 316, Data: 845 2B 9E E 2A 2C 0 80
ID: 153, Data: 80 0 0 FF 0 FF 0 0
ID: 316, Data: 845 2A 99 E 2A 2C 0 80
ID: 440, Data: 8FE F0 0 A0 FF AA AA AA
ID: 545, Data: 8E4 35 0 8D D9 FF D9 FF
ID: 316, Data: 845 2A 5B E 2B 2C 0 80
ID: 316, Data: 845 2A 31 E 2C 2C 0 80
ID: 43F, Data: 80 40 60 FF 37 1C D 0
ID: 440, Data: 8FE 0 0 A0 FF AA AA AA
ID: 316, Data: 845 2B B E 2C 2C 0 80
ID: 18F, Data: 8AA 52 0 0 0 0 0 0
ID: 153, Data: 80 0 0 FF 0 FF 0 0
ID: 280, Data: 830 0 84 74 1C 1E 50 4E
ID: 316, Data: 845 2B 1D E 2C 2C 0 80
ID: 153, Data: 80 0 0 FF 0 FF 0 0
ID: 316, Data: 845 2B 13 E 2C 2C 0 80
ID: 43F, Data: 80 40 60 FF 37 10 D 0
ID: 316, Data: 845 2B ED D 2C 2C 0 80
ID: 329, Data: 8ED 74 80 8 11 30 0 26
ID: 153, Data: 80 0 0 FF 0 FF 0 0
ID: 5F0, Data: 20 0
ID: 153, Data: 80 0 0 FF 0 FF 0 0
ID: 43F, Data: 80 40 60 FF 37 F0 C 0
ID: 18F, Data: 8AA 53 0 0 0 0 0 0
ID: 316, Data: 845 2C E8 D 2C 2C 0 80
ID: 370, Data: 8FF E0 F0 F0 FF FF FF FF
ID: 153, Data: 80 0 0 FF 0 FF 0 0
ID: 545, Data: 8E4 37 0 8E 1 0 1 0
ID: 316, Data: 845 2C 22 E 2B 2C 0 80
ID: 316, Data: 845 2C 2A E 2B 2C 0 80
ID: 260, Data: 8B 2C 2C 30 FF FF 79 28
ID: 153, Data: 80 0 0 FF 0 FF 0 0
ID: 316, Data: 845 2C 41 E 2B 2C 0 80
ID: 153, Data: 80 0 0 FF 0 FF 0 0
ID: 280, Data: 830 0 84 74 1C 1F 50 4E
ID: 316, Data: 845 2B 76 E 2A 2C 0 80
ID: A0, Data: 83A 50 53 E 0 28 2 0
ID: 43F, Data: 80 40 60 FF 37 70 D 0
ID: 153, Data: 80 0 0 FF 0 FF 0 0
ID: 316, Data: 845 2B 78 E 2A 2C 0 80
ID: 153, Data: 80 0 0 FF 0 FF 0 0
ID: 153, Data: 80 0 0 FF 0 FF 0 0
ID: 316, Data: 845 2B 66 E 2A 2C 0 80
ID: 153, Data: 80 0 0 FF 0 FF 0 0
ID: 316, Data: 845 2B 58 E 2A 2C 0 80
ID: 153, Data: 80 0 0 FF 0 FF 0 0
ID: 316, Data: 845 2B 46 E 2B 2C 0 80
ID: 43F, Data: 80 40 60 FF 37 50 D 0
ID: 316, Data: 845 2B 5B E 2A 2C 0 80
ID: 2A0, Data: 8E0 0 50 1C 3C 0 17 0
ID: 153, Data: 80 0 0 FF 0 FF 0 0
ID: 316, Data: 845 2B 41 E 2B 2C 0 80
ID: 153, Data: 80 0 0 FF 0 FF 0 0
ID: 153, Data: 80 0 0 FF 0 FF 0 0
ID: 440, Data: 8FE A0 0 A0 FF AA AA AA
ID: 43F, Data: 80 40 60 FF 37 3C D 0
ID: 440, Data: 8FE A0 0 A0 FF AA AA AA
ID: 280, Data: 830 0 84 75 1C 1E 50 4E
ID: 153, Data: 80 0 0 FF 0 FF 0 0
ID: 316, Data: 845 2B 36 E 2B 2C 0 80
ID: 153, Data: 80 0 0 FF 0 FF 0 0
ID: 316, Data: 845 2B 6E E 2A 2C 0 80
ID: 316, Data: 845 2B 60 E 2A 2C 0 80
ID: 18F, Data: 8AA 57 0 0 0 0 0 0
ID: 316, Data: 845 2B 7B E 2A 2C 0 80
ID: 153, Data: 80 0 0 FF 0 FF 0 0
ID: 316, Data: 845 2B 7E E 29 2C 0 80
ID: 153, Data: 80 0 0 FF 0 FF 0 0
ID: 153, Data: 80 0 0 FF 0 FF 0 0
ID: 316, Data: 845 2A 80 E 29 2C 0 80
ID: 43F, Data: 80 40 60 FF 37 8C D 0
ID: 440, Data: 8FE A0 0 A0 FF AA AA AA
ID: 316, Data: 845 2A 63 E 29 2C 0 80
ID: 5F0, Data: 20 0
ID: 316, Data: 845 2A 4E E 2A 2C 0 80
ID: 43F, Data: 80 40 60 FF 37 3C D 0
ID: 43F, Data: 80 40 60 FF 37 48 D 0
ID: 370, Data: 8FF E0 F0 F0 FF FF FF FF
ID: 370, Data: 8FF E0 F0 F0 FF FF FF FF
ID: 316, Data: 845 2A 50 E 2A 2C 0 80
ID: 43F, Data: 80 40 60 FF 37 60 D 0
ID: 43F, Data: 80 40 60 FF 37 58 D 0
ID: 370, Data: 8FF E0 F0 F0 FF FF FF FF
ID: 440, Data: 8FE A0 0 A0 FF AA AA AA
ID: 316, Data: 845 2A 4E E 2A 2C 0 80
ID: A1, Data: 88C 7D 8C 7B 24 0 0 0
ID: 43F, Data: 80 40 60 FF 37 3C D 0
ID: 153, Data: 80 0 0 FF 0 FF 0 0
ID: 43F, Data: 80 40 60 FF 37 24 D 0
ID: 316, Data: 845 2A 2C E 2B 2C 0 80
ID: 153, Data: 80 0 0 FF 0 FF 0 0
ID: 2A0, Data: 8E0 0 50 1C 3C 0 17 0
ID: 316, Data: 845 2A 8 E 2B 2C 0 80
ID: 545, Data: 8E4 34 0 8D E0 FF E0 FF
ID: 153, Data: 80 0 0 FF 0 FF 0 0
ID: 43F, Data: 80 40 60 FF 37 8 D 0
ID: 43F, Data: 80 40 60 FF 37 14 D 0
ID: 153, Data: 80 0 0 FF 0 FF 0 0
ID: 316, Data: 845 2A 8 E 2B 2C 0 80
ID: 1F0, Data: 8FF 3F 0 0 0 0 0 0
ID: 153, Data: 80 0 0 FF 0 FF 0 0
ID: 316, Data: 845 2A 1F E 2B 2C 0 80
ID: 43F, Data: 80 40 60 FF 37 24 D 0
ID: 316, Data: 845 2A ED D 2B 2C 0 80
ID: 316, Data: 845 2A 3 E 2B 2C 0 80
ID: 18F, Data: 8AA 59 0 0 0 0 0 0
ID: 153, Data: 80 0 0 FF 0 FF 0 0
ID: 2A0, Data: 880 0 50 1C 3C 0 17 0
ID: 316, Data: 845 2B D9 D 2B 2C 0 80
ID: 18F, Data: 8AA 59 0 0 0 0 0 0
ID: 316, Data: 845 2B D4 D 2C 2C 0 80
ID: 43F, Data: 80 40 60 FF 37 DC C 0
ID: 440, Data: 8FE A0 0 A0 FF AA AA AA
ID: 316, Data: 845 2B E3 D 2B 2C 0 80
ID: 18F, Data: 8AA 5A 0 0 0 0 0 0
ID: 153, Data: 80 0 0 FF 0 FF 0 0
ID: 153, Data: 80 0 0 FF 0 FF 0 0
ID: 2A0, Data: 8E0 0 50 1C 3C 0 17 0
ID: 316, Data: 845 2B 24 E 2B 2C 0 80
ID: 260, Data: 8B 2B 2B 30 FF FF 78 1C
ID: 43F, Data: 80 40 60 FF 37 24 D 0
ID: 316, Data: 845 2B 39 E 2A 2C 0 80
ID: 2A0, Data: 820 0 50 1C 3C 0 17 0
ID: 5F0, Data: 20 0
ID: 153, Data: 80 0 0 FF 0 FF 0 0
ID: 43F, Data: 80 40 60 FF 37 24 D 0
ID: 5F0, Data: 20 0
ID: 316, Data: 845 2A 34 E 2B 2C 0 80
ID: 43F, Data: 80 40 60 FF 37 3C D 0
ID: 370, Data: 8FF E0 F0 F0 FF FF FF FF
ID: 316, Data: 845 2A 41 E 2A 2C 0 80
ID: 153, Data: 80 0 0 FF 0 FF 0 0
ID: 316, Data: 845 2A 2C E 2A 2C 0 80
ID: 153, Data: 80 0 0 FF 0 FF 0 0
ID: 316, Data: 845 2A 1D E 2B 2C 0 80
ID: 316, Data: 845 2A 34 E 2A 2C 0 80
ID: 280, Data: 830 0 84 75 1B 1E 50 4D
ID: 1F1, Data: 80 0 0 0 0 0 0 0
ID: 316, Data: 845 2A 13 E 2B 2C 0 80
ID: 316, Data: 845 2A 36 E 2B 2C 0 80
ID: 5F0, Data: 20 0
ID: 280, Data: 830 0 84 75 1C 1E 50 4D
ID: 280, Data: 830 0 84 75 1C 1E 50 4D
ID: 153, Data: 80 0 0 FF 0 FF 0 0
ID: 316, Data: 845 2A 53 E 2A 2C 0 80
ID: 153, Data: 80 0 0 FF 0 FF 0 0
ID: 280, Data: 830 0 84 75 1C 1E 50 4D
ID: 316, Data: 845 2A 2F E 2A 2C 0 80
ID: 153, Data: 80 0 0 FF 0 FF 0 0
ID: 5F0, Data: 20 0
ID: 153, Data: 80 0 0 FF 0 FF 0 0
ID: 153, Data: 80 0 0 FF 0 FF 0 0
ID: 545, Data: 8E4 34 0 8D DD FF DD FF
ID: 316, Data: 845 2A 1F E 2B 2C 0 80
ID: 153, Data: 80 0 0 FF 0 FF 0 0
ID: 316, Data: 845 2A DC D 2B 2C 0 80
ID: 153, Data: 80 0 0 FF 0 FF 0 0
ID: 153, Data: 80 0 0 FF 0 FF 0 0
ID: 316, Data: 845 2A 2A E 2B 2C 0 80
ID: 43F, Data: 80 40 60 FF 37 28 D 0
ID: 316, Data: 845 2A F2 D 2B 2C 0 80
ID: 316, Data: 845 2A DC D 2B 2C 0 80
ID: 18F, Data: 8AA 5C 0 0 0 0 0 0
ID: 316, Data: 845 2B EA D 2B 2C 0 80
ID: 153, Data: 80 0 0 FF 0 FF 0 0
ID: 316, Data: 845 2B F4 D 2B 2C 0 80
ID: 153, Data: 80 0 0 FF 0 FF 0 0
ID: 316, Data: 845 2B B E 2B 2C 0 80
ID: 43F, Data: 80 40 60 FF 37 8 D 0
ID: 153, Data: 80 0 0 FF 0 FF 0 0
ID: 370, Data: 8FF E0 F0 F0 FF FF FF FF
ID: 153, Data: 80 0 0 FF 0 FF 0 0
ID: 18F, Data: 8AA 5D 0 0 0 0 0 0
ID: 280, Data: 830 0 84 75 1B 1E 50 4E
ID: 153, Data: 80 0 0 FF 0 FF 0 0
ID: 153, Data: 80 0 0 FF 0 FF 0 0
ID: 545, Data: 8E4 35 0 8D E9 FF E9 FF
ID: 316, Data: 845 2B 18 E 2B 2C 0 80
ID: 153, Data: 80 0 0 FF 0 FF 0 0
ID: 43F, Data: 80 40 60 FF 37 3C D 0
ID: 1F0, Data: 8FF 3F 0 0 0 0 0 0
ID: 5F0, Data: 20 0
ID: 316, Data: 845 2A 10 E 2B 2C 0 80
ID: 43F, Data: 80 40 60 FF 37 28 D 0
ID: 43F, Data: 80 40 60 FF 37 20 D 0
ID: 316, Data: 845 2A 22 E 2A 2C 0 80
ID: 545, Data: 8E4 34 0 8D DA FF DA FF
ID: 153, Data: 80 0 0 FF 0 FF 0 0
ID: 153, Data: 80 0 0 FF 0 FF 0 0
ID: 440, Data: 8FE A0 0 A0 FF AA AA AA
ID: 43F, Data: 80 40 60 FF 37 1C D 0
ID: 316, Data: 845 2A 18 E 2A 2C 0 80
ID: 440, Data: 8FE A0 0 A0 FF AA AA AA
ID: 153, Data: 80 0 0 FF 0 FF 0 0
ID: 316, Data: 845 2A F7 D 2B 2C 0 80
ID: 153, Data: 80 0 0 FF 0 FF 0 0
ID: 316, Data: 845 2A 6 E 2A 2C 0 80
ID: 316, Data: 845 2A ED D 2B 2C 0 80
ID: 316, Data: 845 2A ED D 2B 2C 0 80
ID: 153, Data: 80 0 0 FF 0 FF 0 0
ID: 153, Data: 80 0 0 FF 0 FF 0 0
ID: 316, Data: 845 2A FE D 2B 2C 0 80
ID: A0, Data: 83A 51 F4 D 0 28 2 0
ID: 153, Data: 80 0 0 FF 0 FF 0 0
ID: 1F1, Data: 80 0 0 0 0 0 0 0
ID: 43F, Data: 80 40 60 FF 37 10 D 0
ID: 316, Data: 845 2A 1D E 2A 2C 0 80
ID: 316, Data: 845 2A E E 2A 2C 0 80
ID: 43F, Data: 80 40 60 FF 37 18 D 0
ID: 153, Data: 80 0 0 FF 0 FF 0 0
ID: 153, Data: 80 0 0 FF 0 FF 0 0
ID: 316, Data: 845 2A 6 E 2A 2C 0 80
ID: 18F, Data: 8AA 5E 0 0 0 0 0 0
ID: 5A0, Data: 80 0 0 10 0 0 0 0
ID: 43F, Data: 80 40 60 FF 37 18 D 0
ID: 316, Data: 845 2A FE D 2B 2C 0 80
ID: 2A0, Data: 840 0 50 1C 3C 0 17 0
ID: 43F, Data: 80 40 60 FF 37 1C D 0
ID: 43F, Data: 80 40 60 FF 37 24 D 0
ID: 43F, Data: 80 40 60 FF 37 20 D 0
ID: 329, Data: 8ED 75 80 8 11 2F 0 26
ID: A0, Data: 839 51 10 E 0 28 2 0
ID: 153, Data: 80 0 0 FF 0 FF 0 0
ID: 440, Data: 8FE 50 0 A0 FF AA AA AA
ID: A1, Data: 888 7D 89 7B 24 0 0 0
ID: 440, Data: 8FE 50 0 A0 FF AA AA AA
ID: 43F, Data: 80 40 60 FF 37 4 D 0
ID: A0, Data: 839 51 F9 D 0 28 2 0
ID: 153, Data: 80 0 0 FF 0 FF 0 0
ID: A0, Data: 83A 51 FE D 0 27 2 0
ID: 316, Data: 845 2A 10 E 2A 2C 0 80
ID: 316, Data: 845 2A 1 E 2A 2C 0 80
ID: A1, Data: 888 7D 89 7B 24 0 0 0
ID: 43F, Data: 80 40 60 FF 37 10 D 0
ID: 43F, Data: 80 40 60 FF 37 14 D 0
ID: 43F, Data: 80 40 60 FF 37 4 D 0
ID: 43F, Data: 80 40 60 FF 37 0 D 0
ID: 153, Data: 80 0 0 FF 0 FF 0 0
ID: 316, Data: 845 2A DC D 2B 2C 0 80
ID: 153, Data: 80 0 0 FF 0 FF 0 0
ID: 2A0, Data: 820 0 50 1C 3C 0 17 0
ID: 316, Data: 845 2A F2 D 2B 2C 0 80
ID: 545, Data: 8E4 33 0 8D E4 FF E4 FF
ID: 153, Data: 80 0 0 FF 0 FF 0 0
ID: 43F, Data: 80 40 60 FF 37 F0 C 0
ID: 316, Data: 845 2A EA D 2B 2C 0 80
ID: 316, Data: 845 2A FE D 2A 2C 0 80
ID: 2A0, Data: 820 0 50 1C 3C 0 17 0
ID: 316, Data: 845 2A E1 D 21 23 0 80
ID: 153, Data: 80 0 0 FF 0 FF 0 0
ID: 329, Data: 840 76 80 8 11 2E 0 26
ID: 440, Data: 8FE 50 0 A0 FF AA AA AA
ID: 280, Data: 830 0 84 76 1B 1D 50 4A
ID: 316, Data: 845 27 FE D 25 23 0 80
ID: 545, Data: 8E4 31 0 8D 46 0 46 0
ID: 43F, Data: 80 40 60 FF 37 EC C 0
ID: 1F1, Data: 80 0 0 0 0 0 0 0
ID: 43F, Data: 80 40 60 FF 37 C4 C 0
ID: 153, Data: 80 0 0 FF 0 FF 0 0
ID: 5F0, Data: 20 0
ID: 153, Data: 80 0 0 FF 0 FF 0 0
ID: A0, Data: 830 51 B E 0 26 2 0
ID: 316, Data: 85 24 49 E 25 23 0 80
ID: 1F0, Data: 8FF 3F 0 0 0 0 0 0
ID: 316, Data: 85 24 73 E 23 23 0 80
ID: 43F, Data: 80 40 60 FF 37 80 D 0
ID: 316, Data: 85 23 80 E 23 24 0 80
ID: 18F, Data: 8AA 61 0 0 0 0 0 0
ID: 153, Data: 80 0 0 FF 0 FF 0 0
ID: 260, Data: 8B 22 24 30 FF FF 73 3F
ID: 316, Data: 85 22 60 E 24 24 0 80
ID: 43F, Data: 80 40 60 FF 37 6C D 0
ID: 43F, Data: 80 40 60 FF 37 48 D 0
ID: 153, Data: 80 0 0 FF 0 FF 0 0
ID: 43F, Data: 80 40 60 FF 37 10 D 0
ID: 316, Data: 85 22 F4 D 25 23 0 80
ID: 316, Data: 85 22 F4 D 25 23 0 80
ID: 260, Data: 8B 22 26 30 FF FF 78 B
ID: 43F, Data: 80 40 60 FF 37 EC C 0
ID: 440, Data: 8FE F0 0 A0 FF AA AA AA
ID: 316, Data: 85 22 C6 D 26 23 0 80
ID: 153, Data: 80 0 0 FF 0 FF 0 0
ID: 5F0, Data: 20 0
ID: 18F, Data: 8AA 61 0 0 0 0 0 0
ID: A1, Data: 886 7D 86 7B 20 0 0 0
ID: 1F0, Data: 8FF 3F 0 0 0 0 0 0
ID: 545, Data: 8E4 29 0 8D FB FF FB FF
ID: 43F, Data: 80 40 60 FF 37 D0 C 0
ID: 43F, Data: 80 40 60 FF 37 D0 C 0
ID: 153, Data: 80 0 0 FF 0 FF 0 0
ID: 153, Data: 80 0 0 FF 0 FF 0 0
ID: 370, Data: 8FF E0 F0 F0 FF FF FF FF
ID: 43F, Data: 80 40 60 FF 37 D0 C 0
ID: 316, Data: 85 23 C3 D 26 23 0 80
ID: 545, Data: 8E4 29 0 8D FD FF FD FF
ID: 260, Data: 8B 23 25 30 FF FF 7A 27
ID: 316, Data: 85 23 C6 D 25 23 0 80
ID: 18F, Data: 8AA 60 0 0 0 0 0 0
ID: 43F, Data: 80 40 60 FF 37 C8 C 0
ID: 18F, Data: 8AA 60 0 0 0 0 0 0
ID: 43F, Data: 80 40 60 FF 37 A8 C 0
ID: 260, Data: 8B 23 27 30 FF FF 7C 14
ID: 153, Data: 80 0 0 FF 0 FF 0 0
ID: 316, Data: 85 23 D4 D 25 23 0 80
ID: 153, Data: 80 0 0 FF 0 FF 0 0
ID: 5F0, Data: 20 0
ID: 1F1, Data: 80 0 0 0 0 0 0 0
ID: 316, Data: 85 23 9A D 26 23 0 80
ID: 329, Data: 8B 76 80 8 11 2E 0 26
ID: 2A0, Data: 8E0 0 50 1C 3C 0 17 0
ID: 153, Data: 80 0 0 FF 0 FF 0 0
ID: 153, Data: 80 0 0 FF 0 FF 0 0
ID: 43F, Data: 80 40 60 FF 37 B8 C 0
ID: 18F, Data: 8AA 60 0 0 0 0 0 0
ID: 43F, Data: 80 40 60 FF 37 BC C 0
ID: 18F, Data: 8AA 60 0 0 0 0 0 0
ID: 153, Data: 80 0 0 FF 0 FF 0 0
ID: 18F, Data: 8AA 60 0 0 0 0 0 0
ID: 316, Data: 85 24 A2 D 27 23 0 80
ID: 316, Data: 85 24 BC D 26 23 0 80
ID: 316, Data: 85 24 A6 D 26 23 0 80
ID: 1F1, Data: 80 0 0 0 0 0 0 0
ID: 43F, Data: 80 40 60 FF 37 B0 C 0
ID: 153, Data: 80 0 0 FF 0 FF 0 0
ID: 280, Data: 830 0 84 76 1B 1A 50 46
ID: 316, Data: 85 24 F4 D 25 23 0 80
ID: 5F0, Data: 20 0
ID: 153, Data: 80 0 0 FF 0 FF 0 0
ID: 43F, Data: 80 40 60 FF 37 DC C 0
ID: A0, Data: 832 51 CD D 0 26 2 0
ID: 43F, Data: 80 40 60 FF 37 D0 C 0
ID: 153, Data: 80 0 0 FF 0 FF 0 0
ID: 153, Data: 80 0 0 FF 0 FF 0 0
ID: 153, Data: 80 0 0 FF 0 FF 0 0
ID: 370, Data: 8FF E0 F0 F0 FF FF FF FF
ID: 316, Data: 85 24 8A D 27 23 0 80
ID: 153, Data: 80 0 0 FF 0 FF 0 0
ID: 153, Data: 80 0 0 FF 0 FF 0 0
ID: 1F1, Data: 80 0 0 0 0 0 0 0
ID: 43F, Data: 80 40 60 FF 37 B4 C 0
ID: 316, Data: 85 24 CB D 26 23 0 80
ID: 316, Data: 85 24 D4 D 26 23 0 80
ID: 260, Data: 8B 24 27 30 FF FF 7A 24
ID: 153, Data: 80 0 0 FF 0 FF 0 0
ID: 153, Data: 80 0 0 FF 0 FF 0 0
ID: 316, Data: 85 24 C8 D 26 23 0 80
ID: 153, Data: 80 0 0 FF 0 FF 0 0
ID: 316, Data: 85 24 E6 D 25 23 0 80
ID: 43F, Data: 80 40 60 FF 37 E4 C 0
ID: 153, Data: 80 0 0 FF 0 FF 0 0
ID: 316, Data: 85 24 C1 D 26 23 0 80
ID: 43F, Data: 80 40 60 FF 37 CC C 0
ID: 43F, Data: 80 40 60 FF 37 F0 C 0
ID: 43F, Data: 80 40 60 FF 37 8 D 0
ID: 280, Data: 830 0 84 76 1B 1A 50 46
ID: A0, Data: 831 51 F2 D 0 26 2 0
ID: 153, Data: 80 0 0 FF 0 FF 0 0
ID: 316, Data: 85 24 93 D 27 23 0 80
ID: 43F, Data: 80 40 60 FF 38 7C C 0
ID: 43F, Data: 80 40 60 FF 37 A0 C 0
ID: 43F, Data: 80 40 60 FF 37 C0 C 0
ID: 43F, Data: 80 40 60 FF 37 D0 C 0
ID: 43F, Data: 80 40 60 FF 37 D0 C 0
ID: 440, Data: 8FE A0 0 A0 FF AA AA AA
ID: 316, Data: 85 24 AB D 26 23 0 80
ID: 316, Data: 85 24 CF D 26 23 0 80
ID: 18F, Data: 8AA 5E 0 0 0 0 0 0
ID: 43F, Data: 80 40 60 FF 37 F0 C 0
ID: 18F, Data: 8AA 5E 0 0 0 0 0 0
ID: 153, Data: 80 0 0 FF 0 FF 0 0
ID: 440, Data: 8FE A0 0 A0 FF AA AA AA
ID: 153, Data: 80 0 0 FF 0 FF 0 0
ID: 316, Data: 85 23 C8 D 26 23 0 80
ID: 18F, Data: 8AA 5E 0 0 0 0 0 0
ID: 43F, Data: 80 40 60 FF 37 C0 C 0
ID: 18F, Data: 8AA 5E 0 0 0 0 0 0
ID: 43F, Data: 80 40 60 FF 37 C8 C 0
ID: 545, Data: 8E4 29 0 8E 8 0 8 0
ID: 153, Data: 80 0 0 FF 0 FF 0 0
ID: 153, Data: 80 0 0 FF 0 FF 0 0
ID: 280, Data: 830 0 84 76 1B 1A 50 45
ID: 316, Data: 85 24 CD D 26 23 0 80
ID: 43F, Data: 80 40 60 FF 37 DC C 0
ID: 153, Data: 80 0 0 FF 0 FF 0 0
ID: 316, Data: 85 24 B7 D 26 23 0 80
ID: 43F, Data: 80 40 60 FF 37 C0 C 0
ID: 43F, Data: 80 40 60 FF 37 C0 C 0
ID: 440, Data: 8FE 50 0 A0 FF AA AA AA
ID: 280, Data: 830 0 84 76 1B 1A 50 45
ID: 316, Data: 85 23 CF D 26 23 0 80
ID: 316, Data: 85 23 ED D 26 23 0 80
ID: 260, Data: 8B 24 26 30 FF FF 78 9
ID: 153, Data: 80 0 0 FF 0 FF 0 0
ID: 43F, Data: 80 40 60 FF 38 8 D 0
ID: 43F, Data: 80 40 60 FF 37 F8 C 0
ID: 153, Data: 80 0 0 FF 0 FF 0 0
ID: 316, Data: 85 23 D4 D 26 23 0 80
ID: 153, Data: 80 0 0 FF 0 FF 0 0
ID: 153, Data: 80 0 0 FF 0 FF 0 0
ID: 316, Data: 85 24 C6 D 26 23 0 80
ID: 43F, Data: 80 40 60 FF 38 D8 C 0
ID: 370, Data: 8FF E0 F0 F0 FF FF FF FF
ID: 1F0, Data: 8FF 3F 0 0 0 0 0 0
ID: 18F, Data: 8AA 5D 0 0 0 0 0 0
ID: 280, Data: 830 0 84 76 1C 1A 50 45
ID: 153, Data: 80 0 0 FF 0 FF 0 0
ID: 43F, Data: 80 40 60 FF 37 14 D 0
ID: 2A0, Data: 820 0 50 1C 3C 0 17 0
ID: 43F, Data: 80 40 60 FF 37 C8 C 0
ID: 370, Data: 8FF E0 F0 F0 FF FF FF FF
ID: 153, Data: 80 0 0 FF 0 FF 0 0
ID: 153, Data: 80 0 0 FF 0 FF 0 0
ID: 545, Data: 8E4 28 0 8E 3 0 3 0
ID: 43F, Data: 80 40 60 FF 37 E4 C 0
ID: 316, Data: 85 23 60 D 27 23 0 80
ID: 316, Data: 85 24 75 D 28 23 0 80
ID: 18F, Data: 8AA 5D 0 0 0 0 0 0
ID: 43F, Data: 80 40 60 FF 37 84 C 0
ID: 260, Data: 8B 24 27 30 FF FF 7D 12
ID: 153, Data: 80 0 0 FF 0 FF 0 0
ID: 370, Data: 8FF E0 F0 F0 FF FF FF FF
ID: 43F, Data: 80 40 60 FF 38 B8 C 0
ID: 545, Data: 8E4 27 0 8D 1A 0 1A 0
ID: 370, Data: 8FF E0 F0 F0 FF FF FF FF
ID: 1F0, Data: 8FF 3F 0 0 0 0 0 0
ID: 260, Data: 8B 24 26 30 FF FF 7A 25
ID: 316, Data: 85 24 6 E 25 23 0 80
ID: 153, Data: 80 0 0 FF 0 FF 0 0
ID: 316, Data: 85 24 EA D 26 23 0 80
ID: 153, Data: 80 0 0 FF 0 FF 0 0
ID: 153, Data: 80 0 0 FF 0 FF 0 0
ID: A1, Data: 886 7D 86 7B 21 0 0 0
ID: 280, Data: 830 0 84 77 1B 1A 50 45
ID: 545, Data: 8E4 29 0 8D 5 0 5 0
ID: 153, Data: 80 0 0 FF 0 FF 0 0
ID: 43F, Data: 80 40 60 FF 38 EC C 0
ID: 18F, Data: 8AA 5D 0 0 0 0 0 0
ID: 43F, Data: 80 40 60 FF 37 D8 C 0
ID: A1, Data: 886 7D 86 7B 21 0 0 0
ID: 153, Data: 80 0 0 FF 0 FF 0 0
ID: 316, Data: 85 23 CF D 26 23 0 80
ID: A0, Data: 831 51 DE D 0 26 2 0
ID: 153, Data: 80 0 0 FF 0 FF 0 0
ID: 153, Data: 80 0 0 FF 0 FF 0 0
ID: A0, Data: 831 51 E6 D 0 26 2 0
ID: 316, Data: 85 24 96 D 27 23 0 80
ID: 316, Data: 85 24 BE D 27 23 0 80
ID: 2A0, Data: 880 0 50 1C 3C 0 17 0
ID: 153, Data: 80 0 0 FF 0 FF 0 0
ID: 153, Data: 80 0 0 FF 0 FF 0 0
ID: 153, Data: 80 0 0 FF 0 FF 0 0
ID: 440, Data: 8FE F0 0 A0 FF AA AA AA
ID: 316, Data: 85 24 A4 D 27 23 0 80
ID: 440, Data: 8FE F0 0 A0 FF AA AA AA
ID: 153, Data: 80 0 0 FF 0 FF 0 0
ID: 316, Data: 85 24 E1 D 26 23 0 80
ID: 153, Data: 80 0 0 FF 0 FF 0 0
ID: 316, Data: 85 24 ED D 26 23 0 80
ID: 43F, Data: 80 40 60 FF 38 E8 C 0
ID: 370, Data: 8FF E0 F0 F0 FF FF FF FF
ID: 440, Data: 8FE F0 0 A0 FF AA AA AA
ID: 153, Data: 80 0 0 FF 0 FF 0 0
ID: A0, Data: 831 52 C1 D 0 26 2 0
ID: 316, Data: 85 24 B5 D 26 23 0 80
ID: 316, Data: 85 24 C8 D 26 23 0 80
ID: 2A0, Data: 880 0 50 1C 3C 0 17 0
ID: 153, Data: 80 0 0 FF 0 FF 0 0
ID: 316, Data: 85 24 EA D 26 23 0 80
ID: A0, Data: 831 52 D9 D 0 26 2 0
ID: 316, Data: 85 24 E3 D 26 23 0 80
ID: 153, Data: 80 0 0 FF 0 FF 0 0
ID: 153, Data: 80 0 0 FF 0 FF 0 0
ID: 43F, Data: 80 40 60 FF 37 4 D 0
ID: 18F, Data: 8AA 5C 0 0 0 0 0 0
ID: A1, Data: 888 7D 88 7B 21 0 0 0
ID: 329, Data: 8B 77 80 8 11 2E 0 26
ID: 153, Data: 80 0 0 FF 0 FF 0 0
ID: 153, Data: 80 0 0 FF 0 FF 0 0
ID: 280, Data: 830 0 84 77 1B 1A 50 46
ID: 316, Data: 85 24 E3 D 26 23 0 80
ID: 440, Data: 8FE A0 0 A0 FF AA AA AA
ID: 316, Data: 85 24 E1 D 26 23 0 80
ID: 316, Data: 85 24 BC D 26 23 0 80
ID: 260, Data: 8B 24 26 30 FF FF 78 36
ID: 1F1, Data: 80 0 0 0 0 0 0 0
ID: 43F, Data: 80 40 60 FF 37 C8 C 0
ID: 316, Data: 85 24 C3 D 26 23 0 80
ID: 153, Data: 80 0 0 FF 0 FF 0 0
ID: 153, Data: 80 0 0 FF 0 FF 0 0
ID: 5F0, Data: 20 0
ID: 43F, Data: 80 40 60 FF 37 E8 C 0
ID: A1, Data: 888 7D 8A 7B 21 0 0 0
ID: 5F0, Data: 20 0
ID: 316, Data: 85 24 BC D 26 23 0 80
ID: 153, Data: 80 0 0 FF 0 FF 0 0
ID: 316, Data: 85 23 C3 D 26 23 0 80
ID: 153, Data: 80 0 0 FF 0 FF 0 0
ID: 316, Data: 85 23 F2 D 25 23 0 80
ID: 153, Data: 80 0 0 FF 0 FF 0 0
ID: 153, Data: 80 0 0 FF 0 FF 0 0
ID: 153, Data: 80 0 0 FF 0 FF 0 0
ID: 260, Data: 8B 24 26 30 FF FF 76 1A
ID: 316, Data: 85 23 F4 D 25 23 0 80
ID: 153, Data: 80 0 0 FF 0 FF 0 0
ID: 43F, Data: 80 40 60 FF 37 F0 C 0
ID: 153, Data: 80 0 0 FF 0 FF 0 0
ID: 153, Data: 80 0 0 FF 0 FF 0 0
ID: 153, Data: 80 0 0 FF 0 FF 0 0
ID: 260, Data: 8B 24 26 30 FF FF 78 9
ID: 316, Data: 85 23 DC D 25 23 0 80
ID: 43F, Data: 80 40 60 FF 38 EC C 0
ID: 43F, Data: 80 40 60 FF 37 EC C 0
ID: 440, Data: 8FE 50 0 A0 FF AA AA AA
ID: 153, Data: 80 0 0 FF 0 FF 0 0
ID: 5F0, Data: 20 0
ID: 370, Data: 8FF E0 F0 F0 FF FF FF FF
ID: 280, Data: 830 0 84 77 1B 1A 50 46
ID: 153, Data: 80 0 0 FF 0 FF 0 0
ID: 280, Data: 830 0 84 77 1B 1A 50 46
ID: 316, Data: 85 24 BC D 26 23 0 80
ID: 370, Data: 8FF E0 F0 F0 FF FF FF FF
ID: 316, Data: 85 24 DE D 25 23 0 80
ID: 2A0, Data: 8E0 0 50 1C 3C 0 17 0
ID: 5F0, Data: 20 0
ID: 316, Data: 85 23 EA D 25 23 0 80
ID: 43F, Data: 80 40 60 FF 38 0 D 0
ID: 43F, Data: 80 40 60 FF 38 0 D 0
ID: 153, Data: 80 0 0 FF 0 FF 0 0
ID: 43F, Data: 80 40 60 FF 37 10 D 0
ID: 153, Data: 80 0 0 FF 0 FF 0 0
ID: 316, Data: 85 23 E8 D 25 23 0 80
ID: 153, Data: 80 0 0 FF 0 FF 0 0
ID: 153, Data: 80 0 0 FF 0 FF 0 0
ID: 316, Data: 85 23 D7 D 26 23 0 80
ID: 43F, Data: 80 40 60 FF 37 E0 C 0
ID: 43F, Data: 80 40 60 FF 37 F0 C 0
ID: 1F0, Data: 8FF 3F 0 0 0 0 0 0
ID: 316, Data: 85 23 1 E 25 23 0 80
ID: 43F, Data: 80 40 60 FF 37 C D 0
ID: 153, Data: 80 0 0 FF 0 FF 0 0
ID: 316, Data: 85 23 D7 D 25 23 0 80
ID: 153, Data: 80 0 0 FF 0 FF 0 0
ID: 316, Data: 85 23 B2 D 26 23 0 80
ID: 153, Data: 80 0 0 FF 0 FF 0 0
ID: 153, Data: 80 0 0 FF 0 FF 0 0
ID: 440, Data: 8FE 50 0 A0 FF AA AA AA
ID: 43F, Data: 80 40 60 FF 38 DC C 0
ID: 316, Data: 85 23 BA D 26 23 0 80
ID: 316, Data: 85 23 CD D 25 23 0 80
ID: 2A0, Data: 820 0 50 1C 3C 0 17 0
ID: 153, Data: 80 0 0 FF 0 FF 0 0
ID: 153, Data: 80 0 0 FF 0 FF 0 0
ID: 1F1, Data: 80 0 0 0 0 0 0 0
ID: 260, Data: 8B 24 26 30 FF FF 78 18
ID: 5F0, Data: 20 0
ID: 2A0, Data: 8E0 0 50 1C 3C 0 17 0
ID: 280, Data: 830 0 84 77 1B 1A 50 46
ID: A1, Data: 886 7D 88 7B 21 0 0 0
ID: 153, Data: 80 0 0 FF 0 FF 0 0
ID: 316, Data: 85 24 7E D 27 23 0 80
ID: 43F, Data: 80 40 60 FF 37 9C C 0
ID: 43F, Data: 80 40 60 FF 37 90 C 0
ID: 43F, Data: 80 40 60 FF 38 90 C 0
ID: 1F1, Data: 80 0 0 0 0 0 0 0
ID: 440, Data: 8FE F0 0 A0 FF AA AA AA
ID: 153, Data: 80 0 0 FF 0 FF 0 0
ID: 43F, Data: 80 40 60 FF 38 D8 C 0
ID: 2A0, Data: 840 0 50 1C 3C 0 17 0
ID: 43F, Data: 80 40 60 FF 38 C0 C 0
ID: 153, Data: 80 0 0 FF 0 FF 0 0
ID: 153, Data: 80 0 0 FF 0 FF 0 0
ID: 316, Data: 85 23 E6 D 25 23 0 80
ID: 5F0, Data: 20 0
ID: 316, Data: 85 23 1 E 25 23 0 80
ID: 153, Data: 80 0 0 FF 0 FF 0 0
ID: 43F, Data: 80 40 60 FF 37 F4 C 0
ID: A1, Data: 888 7D 86 7B 21 0 0 0
ID: 316, Data: 85 23 96 D 26 23 0 80
ID: 153, Data: 80 0 0 FF 0 FF 0 0
ID: 153, Data: 80 0 0 FF 0 FF 0 0
ID: 5F0, Data: 20 0
ID: A1, Data: 888 7D 88 7B 21 0 0 0
ID: 545, Data: 8E4 28 0 8E 8 0 8 0
ID: 260, Data: 8B 24 26 30 FF FF 79 26
ID: 18F, Data: 8AA 5A 0 0 0 0 0 0
ID: 153, Data: 80 0 0 FF 0 FF 0 0
ID: 43F, Data: 80 40 60 FF 37 CC C 0
ID: A0, Data: 830 52 BE D 0 26 2 0
ID: 43F, Data: 80 40 60 FF 37 C0 C 0
ID: 153, Data: 80 0 0 FF 0 FF 0 0
ID: 153, Data: 80 0 0 FF 0 FF 0 0
ID: 316, Data: 85 23 9A D 26 23 0 80
ID: 2A0, Data: 8E0 0 50 1C 3C 0 17 0
ID: 18F, Data: 8AA 5A 0 0 0 0 0 0
ID: 316, Data: 85 23 C8 D 25 23 0 80
ID: A1, Data: 886 7D 88 7B 21 0 0 0
ID: 440, Data: 8FE 50 0 A0 FF AA AA AA
ID: 440, Data: 8FE 50 0 A0 FF AA AA AA
ID: 316, Data: 85 24 83 D 26 23 0 80
ID: 153, Data: 80 0 0 FF 0 FF 0 0
ID: 153, Data: 80 0 0 FF 0 FF 0 0
ID: 316, Data: 85 24 96 D 26 23 0 80
ID: A1, Data: 886 7D 88 7B 21 0 0 0
ID: 316, Data: 85 24 77 D 27 23 0 80
ID: 153, Data: 80 0 0 FF 0 FF 0 0
ID: 153, Data: 80 0 0 FF 0 FF 0 0
ID: 1F1, Data: 80 0 0 0 0 0 0 0
ID: 43F, Data: 80 40 60 FF 37 B0 C 0
ID: 316, Data: 85 24 D2 D 25 23 0 80
ID: 316, Data: 85 24 BC D 26 23 0 80
ID: 260, Data: 8B 24 26 30 FF FF 78 27
ID: 153, Data: 80 0 0 FF 0 FF 0 0
ID: 153, Data: 80 0 0 FF 0 FF 0 0
ID: 316, Data: 85 23 F9 D 25 23 0 80
ID: 153, Data: 80 0 0 FF 0 FF 0 0
ID: 316, Data: 85 23 F9 D 24 23 0 80
ID: 43F, Data: 80 40 60 FF 37 C D 0
ID: 43F, Data: 80 40 60 FF 38 EC C 0
ID: 43F, Data: 80 40 60 FF 38 D4 C 0
ID: 43F, Data: 80 40 60 FF 37 C8 C 0
ID: 329, Data: 884 77 80 8 11 2D 0 26
ID: 2A0, Data: 840 0 50 1C 3C 0 17 0
ID: 153, Data: 80 0 0 FF 0 FF 0 0
ID: 316, Data: 85 23 A4 D 26 23 0 80
ID: 440, Data: 8FE 0 0 A0 FF AA AA AA
ID: 316, Data: 85 23 C8 D 25 23 0 80
ID: 329, Data: 840 77 80 8 11 2D 0 26
ID: A0, Data: 830 52 AE D 0 26 2 0
ID: 316, Data: 85 23 AE D 26 23 0 80
ID: 153, Data: 80 0 0 FF 0 FF 0 0
ID: 316, Data: 85 23 D9 D 25 23 0 80
ID: 153, Data: 80 0 0 FF 0 FF 0 0
ID: 153, Data: 80 0 0 FF 0 FF 0 0
ID: 153, Data: 80 0 0 FF 0 FF 0 0
ID: A1, Data: 886 7D 88 7B 21 0 0 0
ID: 329, Data: 840 78 80 8 11 2D 0 26
ID: 545, Data: 8E4 27 0 8D 5 0 5 0
ID: 316, Data: 85 23 BE D 26 23 0 80
ID: 153, Data: 80 0 0 FF 0 FF 0 0
ID: 153, Data: 80 0 0 FF 0 FF 0 0
ID: A0, Data: 830 52 B2 D 0 26 2 0
ID: 2A0, Data: 8E0 0 50 1C 3C 0 17 0
ID: 329, Data: 8B 78 80 8 11 2D 0 26
ID: A1, Data: 886 7D 86 7B 21 0 0 0
ID: 43F, Data: 80 40 60 FF 37 9C C 0
ID: 153, Data: 80 0 0 FF 0 FF 0 0
ID: 43F, Data: 80 40 60 FF 37 A0 C 0
ID: 43F, Data: 80 40 60 FF 38 BC C 0
ID: 153, Data: 80 0 0 FF 0 FF 0 0
ID: 316, Data: 85 23 D7 D 25 23 0 80
ID: 316, Data: 85 23 E1 D 25 23 0 80
ID: 153, Data: 80 0 0 FF 0 FF 0 0
ID: 329, Data: 840 78 80 8 11 2D 0 26
ID: 153, Data: 80 0 0 FF 0 FF 0 0
ID: 280, Data: 830 0 84 78 1B 1A 50 45
ID: 316, Data: 85 23 F2 D 25 23 0 80
ID: 153, Data: 80 0 0 FF 0 FF 0 0
ID: 316, Data: 85 23 CF D 25 23 0 80
ID: 153, Data: 80 0 0 FF 0 FF 0 0
ID: 5F0, Data: 20 0
ID: 153, Data: 80 0 0 FF 0 FF 0 0
ID: 153, Data: 80 0 0 FF 0 FF 0 0
ID: 280, Data: 830 0 84 78 1B 1A 50 45
ID: 316, Data: 85 23 AE D 25 23 0 80
ID: 440, Data: 8FE 0 0 A0 FF AA AA AA
ID: 153, Data: 80 0 0 FF 0 FF 0 0
ID: 316, Data: 85 23 BE D 25 23 0 80
ID: 153, Data: 80 0 0 FF 0 FF 0 0
ID: 316, Data: 85 23 BE D 25 23 0 80
ID: 153, Data: 80 0 0 FF 0 FF 0 0
ID: 43F, Data: 80 40 60 FF 37 C8 C 0
ID: 316, Data: 85 23 CD D 25 23 0 80
ID: 153, Data: 80 0 0 FF 0 FF 0 0
ID: 316, Data: 85 24 AE D 25 23 0 80
ID: 1F0, Data: 8FF 3F 0 0 0 0 0 0
ID: 316, Data: 85 24 C3 D 25 23 0 80
ID: 5F0, Data: 20 0
ID: 153, Data: 80 0 0 FF 0 FF 0 0
ID: 316, Data: 85 23 B0 D 25 23 0 80
ID: 5F0, Data: 20 0
ID: 316, Data: 85 23 BC D 25 23 0 80
ID: 316, Data: 85 24 BE D 25 23 0 80
ID: 316, Data: 85 23 C3 D 25 23 0 80
ID: 18F, Data: 8AA 59 0 0 0 0 0 0
ID: 43F, Data: 80 40 60 FF 38 D0 C 0
ID: 18F, Data: 8AA 59 0 0 0 0 0 0
ID: 43F, Data: 80 40 60 FF 38 C8 C 0
ID: 260, Data: 8B 23 26 30 FF FF 78 19
ID: 43F, Data: 80 40 60 FF 38 8C C 0
ID: 316, Data: 85 23 8C D 26 23 0 80
ID: 316, Data: 85 23 B2 D 26 23 0 80
ID: 18F, Data: 8AA 58 0 0 0 0 0 0
ID: 43F, Data: 80 40 60 FF 38 BC C 0
ID: 260, Data: 8B 24 26 30 FF FF 78 9
ID: 153, Data: 80 0 0 FF 0 FF 0 0
ID: 43F, Data: 80 40 60 FF 38 B4 C 0
ID: 43F, Data: 80 40 60 FF 38 BC C 0
ID: 153, Data: 80 0 0 FF 0 FF 0 0
ID: 316, Data: 85 23 A6 D 26 23 0 80
ID: 316, Data: 85 23 BA D 25 23 0 80
ID: 153, Data: 80 0 0 FF 0 FF 0 0
ID: 329, Data: 8ED 78 80 8 11 2D 0 26
ID: 5F0, Data: 20 0
ID: 280, Data: 830 0 84 78 1B 1A 50 45
ID: 545, Data: 8E4 27 0 8E FF FF FF FF
ID: 316, Data: 85 23 B5 D 25 23 0 80
ID: 316, Data: 85 23 AB D 25 23 0 80
ID: A0, Data: 832 52 B5 D 0 26 2 0
ID: 316, Data: 85 24 6C D 26 23 0 80
ID: 153, Data: 80 0 0 FF 0 FF 0 0
ID: 316, Data: 85 24 9F D 25 23 0 80
ID: 43F, Data: 80 40 60 FF 38 9C C 0
ID: 153, Data: 80 0 0 FF 0 FF 0 0
ID: 316, Data: 85 24 A2 D 25 23 0 80
ID: 43F, Data: 80 40 60 FF 38 A8 C 0
ID: 370, Data: 8FF E0 F0 F0 FF FF FF FF
ID: 316, Data: 85 24 D4 D 25 23 0 80
ID: 153, Data: 80 0 0 FF 0 FF 0 0
ID: 316, Data: 85 23 D4 D 25 23 0 80
ID: 153, Data: 80 0 0 FF 0 FF 0 0
ID: 316, Data: 85 23 A9 D 25 23 0 80
ID: 153, Data: 80 0 0 FF 0 FF 0 0
ID: 153, Data: 80 0 0 FF 0 FF 0 0
ID: 153, Data: 80 0 0 FF 0 FF 0 0
ID: 18F, Data: 8AA 58 0 0 0 0 0 0
ID: 316, Data: 85 23 AE D 25 23 0 80
ID: 153, Data: 80 0 0 FF 0 FF 0 0
ID: 316, Data: 85 23 A9 D 25 23 0 80
ID: 43F, Data: 80 40 60 FF 38 B4 C 0
ID: 316, Data: 85 23 AB D 25 23 0 80
ID: 260, Data: 8B 23 26 30 FF FF 78 28
ID: 440, Data: 8FE 50 0 A0 FF AA AA AA
ID: 316, Data: 85 23 5E D 27 23 0 80
ID: 153, Data: 80 0 0 FF 0 FF 0 0
ID: 43F, Data: 80 40 60 FF 38 48 C 0
ID: A1, Data: 884 7D 86 7B 21 0 0 0
ID: 153, Data: 80 0 0 FF 0 FF 0 0
ID: 316, Data: 85 23 9D D 2F 2C 0 80
ID: 370, Data: 8FF E0 F0 F0 FF FF FF FF
ID: 316, Data: 85 25 73 D 2D 2C 0 80
ID: 280, Data: 830 0 84 78 1B 1B 50 48
ID: A1, Data: 883 7D 83 7B 22 0 0 0
ID: 43F, Data: 80 40 60 FF 38 B8 C 0
ID: 43F, Data: 80 40 60 FF 38 B8 C 0
ID: 153, Data: 80 0 0 FF 0 FF 0 0
ID: 260, Data: 8B 28 2C 30 FF FF 79 E
ID: 316, Data: 85 28 EF D 2B 2B 0 80
ID: 153, Data: 80 0 0 FF 0 FF 0 0
ID: 43F, Data: 80 40 60 FF 38 30 D 0
ID: 260, Data: 8B 29 2B 30 FF FF 73 4
ID: 153, Data: 80 0 0 FF 0 FF 0 0
ID: 153, Data: 80 0 0 FF 0 FF 0 0
ID: 316, Data: 845 2A 8C D 2C 2B 0 80
ID: 153, Data: 80 0 0 FF 0 FF 0 0
ID: 316, Data: 845 2B 5C D 2C 2B 0 80
ID: 153, Data: 80 0 0 FF 0 FF 0 0
ID: 153, Data: 80 0 0 FF 0 FF 0 0
ID: 316, Data: 845 2C 5E D 2C 2B 0 80
ID: 43F, Data: 80 40 60 FF 37 6C C 0
ID: 440, Data: 8FE 50 0 A0 FF AA AA AA
ID: 316, Data: 845 2C 73 D 2C 2B 0 80
ID: 153, Data: 80 0 0 FF 0 FF 0 0
ID: 316, Data: 845 2C B5 D 2B 2B 0 80
ID: 153, Data: 80 0 0 FF 0 FF 0 0
ID: 316, Data: 845 2C B0 D 2B 2B 0 80
ID: 153, Data: 80 0 0 FF 0 FF 0 0
ID: 153, Data: 80 0 0 FF 0 FF 0 0
ID: 316, Data: 845 2B C8 D 2B 2B 0 80
ID: 43F, Data: 80 40 60 FF 38 D0 C 0
ID: 43F, Data: 80 40 60 FF 38 D8 C 0
ID: 316, Data: 845 2A A2 D 2B 2B 0 80
ID: 545, Data: 8E4 2F 0 8D EE FF EE FF
ID: 316, Data: 845 2A 98 D 2B 2B 0 80
ID: 316, Data: 845 2A 7A D 2C 2B 0 80
ID: 43F, Data: 80 40 60 FF 38 90 C 0
ID: 43F, Data: 80 40 60 FF 38 88 C 0
ID: 153, Data: 80 0 0 FF 0 FF 0 0
ID: 329, Data: 884 78 80 8 11 2F 0 26
ID: 153, Data: 80 0 0 FF 0 FF 0 0
ID: 260, Data: 8B 2B 2C 30 FF FF 7A 28
ID: 316, Data: 845 2A 7C D 2B 2B 0 80
ID: 43F, Data: 80 40 60 FF 38 98 C 0
ID: 370, Data: 8FF E0 F0 F0 FF FF FF FF
ID: 370, Data: 8FF E0 F0 F0 FF FF FF FF
ID: 316, Data: 845 2B 96 D 2B 2B 0 80
ID: 545, Data: 8E4 2E 0 8D F6 FF F6 FF
ID: 43F, Data: 80 40 60 FF 38 B4 C 0
ID: 316, Data: 845 2B B2 D 2B 2B 0 80
ID: 280, Data: 830 0 84 78 1B 1E 50 4D
ID: A1, Data: 887 7D 88 7B 25 0 0 0
ID: 316, Data: 845 2A 77 D 2B 2B 0 80
ID: 316, Data: 845 2B 7E D 2C 2B 0 80
ID: A1, Data: 887 7D 88 7B 25 0 0 0
ID: 153, Data: 80 0 0 FF 0 FF 0 0
ID: 43F, Data: 80 40 60 FF 38 84 C 0
ID: 153, Data: 80 0 0 FF 0 FF 0 0
ID: 153, Data: 80 0 0 FF 0 FF 0 0
ID: 5F0, Data: 20 0
ID: 18F, Data: 8AA 5F 0 0 0 0 0 0
ID: 2A0, Data: 880 0 50 1C 3C 0 17 0
ID: 316, Data: 845 2B A2 D 2B 2B 0 80
ID: 545, Data: 8E4 2F 0 8E FD FF FD FF
ID: 153, Data: 80 0 0 FF 0 FF 0 0
ID: 153, Data: 80 0 0 FF 0 FF 0 0
ID: 316, Data: 845 2B C1 D 2B 2B 0 80
ID: 5F0, Data: 20 0
ID: 316, Data: 845 2A E1 D 2A 2B 0 80
ID: 153, Data: 80 0 0 FF 0 FF 0 0
ID: 280, Data: 830 0 84 78 1B 1E 50 4D
ID: 316, Data: 845 2A 8A D 2B 2B 0 80
ID: A1, Data: 887 7D 8A 7B 24 0 0 0
ID: 43F, Data: 80 40 60 FF 38 A4 C 0
ID: 43F, Data: 80 40 60 FF 38 AC C 0
ID: 370, Data: 8FF E0 F0 F0 FF FF FF FF
ID: 280, Data: 830 0 84 78 1B 1E 50 4D
ID: 153, Data: 80 0 0 FF 0 FF 0 0
ID: 2A0, Data: 840 0 50 1C 3C 0 17 0
ID: 1F1, Data: 80 0 0 0 0 0 0 0
ID: 545, Data: 8E4 2E 0 8D EB FF EB FF
ID: 370, Data: 8FF E0 F0 F0 FF FF FF FF
ID: 153, Data: 80 0 0 FF 0 FF 0 0
ID: 316, Data: 845 2A C8 D 2A 2B 0 80
ID: 153, Data: 80 0 0 FF 0 FF 0 0
ID: 316, Data: 845 2A A6 D 2B 2B 0 80
ID: 153, Data: 80 0 0 FF 0 FF 0 0
ID: 316, Data: 845 2A 8F D 2B 2B 0 80
ID: 316, Data: 845 2A 9D D 2B 2B 0 80
ID: 316, Data: 845 2A A9 D 2B 2B 0 80
ID: 1F1, Data: 80 0 0 0 0 0 0 0
ID: 1F0, Data: 8FF 3F 0 0 0 0 0 0
ID: 18F, Data: 8AA 60 0 0 0 0 0 0
ID: 316, Data: 845 2A AB D 2B 2B 0 80
ID: 153, Data: 80 0 0 FF 0 FF 0 0
ID: 2A0, Data: 880 0 50 1C 3C 0 17 0
ID: 1F1, Data: 80 0 0 0 0 0 0 0
ID: 545, Data: 8E4 2D 0 8D E9 FF E9 FF
ID: 153, Data: 80 0 0 FF 0 FF 0 0
ID: 153, Data: 80 0 0 FF 0 FF 0 0
ID: 316, Data: 845 2A 6E D 2B 2B 0 80
ID: 43F, Data: 80 40 60 FF 38 70 C 0
ID: 316, Data: 845 2A 6C D 2B 2B 0 80
ID: 260, Data: 8B 2B 2C 30 FF FF 7A A
ID: 316, Data: 845 2A 8F D 2B 2B 0 80
ID: 316, Data: 845 2A 6E D 2B 2B 0 80
ID: 260, Data: 8B 2B 2C 30 FF FF 7A A
ID: 43F, Data: 80 40 60 FF 38 98 C 0
ID: 43F, Data: 80 40 60 FF 38 A8 C 0
ID: 370, Data: 8FF E0 F0 F0 FF FF FF FF
ID: 545, Data: 8E4 2E 0 8D F0 FF F0 FF
ID: 153, Data: 80 0 0 FF 0 FF 0 0
ID: A0, Data: 836 53 88 D 0 27 2 0
ID: 329, Data: 8B 79 80 8 11 2E 0 26
ID: 316, Data: 845 2A C3 D 2B 2B 0 80
ID: 260, Data: 8B 2A 2B 30 FF FF 77 3C
ID: 153, Data: 80 0 0 FF 0 FF 0 0
ID: 316, Data: 845 29 C8 D 2A 2B 0 80
ID: 316, Data: 845 2A BE D 2A 2B 0 80
ID: 329, Data: 8ED 79 80 8 11 2E 0 26
ID: 153, Data: 80 0 0 FF 0 FF 0 0
ID: 370, Data: 8FF E0 F0 F0 FF FF FF FF
ID: 43F, Data: 80 40 60 FF 38 C8 C 0
ID: 280, Data: 830 0 84 79 1B 1D 50 4D
ID: 545, Data: 8E4 2E 0 8D E2 FF E2 FF
ID: 316, Data: 845 2A 9F D 2B 2B 0 80
ID: 18F, Data: 8AA 60 0 0 0 0 0 0
ID: 43F, Data: 80 40 60 FF 38 A0 C 0
ID: 153, Data: 80 0 0 FF 0 FF 0 0
ID: 153, Data: 80 0 0 FF 0 FF 0 0
ID: 153, Data: 80 0 0 FF 0 FF 0 0
ID: 545, Data: 8E4 2E 0 8D E5 FF E5 FF
ID: 316, Data: 845 2A 9F D 2B 2B 0 80
ID: 440, Data: 8FE 50 0 A0 FF AA AA AA
ID: 153, Data: 80 0 0 FF 0 FF 0 0
ID: 545, Data: 8E4 2E 0 8D E4 FF E4 FF
ID: 316, Data: 845 29 C1 D 2B 2B 0 80
ID: 5F0, Data: 20 0
ID: 316, Data: 845 29 B2 D 2A 2B 0 80
ID: 440, Data: 8FE 0 0 A0 FF AA AA AA
ID: 316, Data: 845 2A 8A D 2B 2B 0 80
ID: 18F, Data: 8AA 61 0 0 0 0 0 0
ID: 316, Data: 845 2A 9A D 2B 2B 0 80
ID: 153, Data: 80 0 0 FF 0 FF 0 0
ID: 316, Data: 845 2A 83 D 2B 2B 0 80
ID: 153, Data: 80 0 0 FF 0 FF 0 0
ID: 153, Data: 80 0 0 FF 0 FF 0 0
ID: 316, Data: 845 2A 9F D 2B 2B 0 80
ID: 43F, Data: 80 40 60 FF 38 9C C 0
ID: 43F, Data: 80 40 60 FF 38 A8 C 0
ID: 370, Data: 8FF E0 F0 F0 FF FF FF FF
ID: 1F0, Data: 8FF 3F 0 0 0 0 0 0
ID: 316, Data: 845 2A A2 D 2B 2B 0 80
ID: 153, Data: 80 0 0 FF 0 FF 0 0
ID: 316, Data: 845 2A B2 D 2B 2B 0 80
ID: 153, Data: 80 0 0 FF 0 FF 0 0
ID: 316, Data: 845 2A A6 D 2B 2B 0 80
ID: 43F, Data: 80 40 60 FF 38 B4 C 0
ID: 280, Data: 830 0 84 79 1A 1E 50 4D
ID: 18F, Data: 8AA 63 0 0 0 0 0 0
ID: 316, Data: 845 2A 85 D 2B 2B 0 80
ID: 5F0, Data: 20 0
ID: 316, Data: 845 2A A6 D 2B 2B 0 80
ID: 316, Data: 845 2A A9 D 2B 2B 0 80
ID: 545, Data: 8E4 2D 0 8D F2 FF F2 FF
ID: 43F, Data: 80 40 60 FF 38 94 C 0
ID: 316, Data: 845 2A 77 D 2B 2B 0 80
ID: 280, Data: 830 0 84 79 1A 1E 50 4D
ID: 153, Data: 80 0 0 FF 0 FF 0 0
ID: 316, Data: 845 2A 9A D 2B 2B 0 80
ID: 153, Data: 80 0 0 FF 0 FF 0 0
ID: 316, Data: 845 2A 8C D 2B 2B 0 80
ID: 316, Data: 845 2A 8F D 2B 2B 0 80
ID: 153, Data: 80 0 0 FF 0 FF 0 0
ID: 153, Data: 80 0 0 FF 0 FF 0 0
ID: 18F, Data: 8AA 65 0 0 0 0 0 0
ID: 316, Data: 845 2A A4 D 2B 2B 0 80
ID: 153, Data: 80 0 0 FF 0 FF 0 0
ID: 370, Data: 8FF E0 F0 F0 FF FF FF FF
ID: 316, Data: 845 2A CD D 2A 2B 0 80
ID: 5F0, Data: 20 0
ID: 316, Data: 845 2A B2 D 2B 2B 0 80
ID: 153, Data: 80 0 0 FF 0 FF 0 0
ID: 280, Data: 830 0 84 79 1B 1D 50 4D
ID: 153, Data: 80 0 0 FF 0 FF 0 0
ID: A0, Data: 836 53 91 D 0 27 2 0
ID: 2A0, Data: 8E0 0 50 1C 3C 0 17 0
ID: 329, Data: 884 79 80 8 11 2F 0 26
ID: A0, Data: 836 53 AB D 0 27 2 0
ID: 153, Data: 80 0 0 FF 0 FF 0 0
ID: 316, Data: 845 2A 96 D 2D 2B 0 80
ID: A0, Data: 838 53 9D D 0 27 2 0
ID: 316, Data: 845 2B 73 D 2D 2B 0 80
ID: 153, Data: 80 0 0 FF 0 FF 0 0
ID: 153, Data: 80 0 0 FF 0 FF 0 0
ID: 316, Data: 845 2C 70 D 2D 2B 0 80
ID: 43F, Data: 80 40 60 FF 38 7C C 0
ID: 370, Data: 8FF E0 F0 F0 FF FF FF FF
ID: 316, Data: 845 2C 33 D 2D 2B 0 80
ID: 153, Data: 80 0 0 FF 0 FF 0 0
ID: 316, Data: 845 2C 63 D 2D 2B 0 80
ID: 153, Data: 80 0 0 FF 0 FF 0 0
ID: 316, Data: 845 2C 70 D 2D 2B 0 80
ID: 316, Data: 845 2D 77 D 2C 2B 0 80
ID: 545, Data: 8E4 31 0 8D 1D 0 1D 0
ID: 43F, Data: 80 40 60 FF 38 A0 C 0
ID: 153, Data: 80 0 0 FF 0 FF 0 0
ID: 316, Data: 845 2C BC D 2B 2B 0 80
ID: 153, Data: 80 0 0 FF 0 FF 0 0
ID: 153, Data: 80 0 0 FF 0 FF 0 0
ID: 316, Data: 845 2C E6 D 2B 2B 0 80
ID: 153, Data: 80 0 0 FF 0 FF 0 0
ID: 316, Data: 845 2B 9F D 2C 2B 0 80
ID: 43F, Data: 80 40 60 FF 38 B4 C 0
ID: 316, Data: 845 2B D4 D 2B 2B 0 80
ID: 260, Data: 8B 2C 2C 30 FF FF 76 3A
ID: 153, Data: 80 0 0 FF 0 FF 0 0
ID: 316, Data: 845 2B B7 D 2C 2B 0 80
ID: 5F0, Data: 20 0
ID: 329, Data: 840 79 80 8 11 2F 0 26
ID: 316, Data: 845 2B CD D 2B 2B 0 80
ID: 43F, Data: 80 40 60 FF 38 E0 C 0
ID: 316, Data: 845 2B C3 D 2B 2B 0 80
ID: 153, Data: 80 0 0 FF 0 FF 0 0
ID: 2A0, Data: 880 0 50 1C 3C 0 17 0
ID: 316, Data: 845 2B CD D 2B 2B 0 80
ID: 153, Data: 80 0 0 FF 0 FF 0 0
ID: 153, Data: 80 0 0 FF 0 FF 0 0
ID: A1, Data: 888 7D 8A 7B 25 0 0 0
ID: 329, Data: 840 79 80 8 11 2F 0 26
ID: 545, Data: 8E4 30 0 8D F8 FF F8 FF
ID: 43F, Data: 80 40 60 FF 38 F0 C 0
ID: 316, Data: 845 2B D7 D 2B 2B 0 80
ID: 280, Data: 830 0 84 79 1B 1E 50 4D
ID: 316, Data: 845 2B DE D 2B 2B 0 80
ID: 316, Data: 845 2A D2 D 25 22 0 80
ID: 260, Data: 8B 2B 25 30 FF FF 75 24
ID: 43F, Data: 80 40 60 FF 38 C4 C 0
ID: 316, Data: 845 29 B0 D 25 22 0 80
ID: 260, Data: 8B 2A 25 30 FF FF 77 23
ID: 153, Data: 80 0 0 FF 0 FF 0 0
ID: 153, Data: 80 0 0 FF 0 FF 0 0
ID: 316, Data: 845 27 A6 D 25 22 0 80
ID: 153, Data: 80 0 0 FF 0 FF 0 0
ID: 316, Data: 85 26 75 D 26 22 0 80
ID: 153, Data: 80 0 0 FF 0 FF 0 0
ID: 316, Data: 85 25 AE D 25 22 0 80
ID: 43F, Data: 80 40 60 FF 38 B0 C 0
ID: 43F, Data: 80 40 60 FF 38 EC C 0
ID: 316, Data: 85 24 1F E 23 23 0 80
ID: 18F, Data: 8AA 64 0 0 0 0 0 0
ID: 370, Data: 8FF E0 F0 F0 FF FF FF FF
ID: 18F, Data: 8AA 63 0 0 0 0 0 0
ID: 153, Data: 80 0 0 FF 0 FF 0 0
ID: 43F, Data: 80 40 60 FF 38 F0 C 0
ID: 43F, Data: 80 40 60 FF 38 E0 C 0
ID: 43F, Data: 80 40 60 FF 38 E0 C 0
ID: 43F, Data: 80 40 60 FF 38 DC C 0
ID: 153, Data: 80 0 0 FF 0 FF 0 0
ID: 2A0, Data: 880 0 50 1C 3C 0 17 0
ID: 316, Data: 85 22 C1 D 24 23 0 80
ID: 545, Data: 8E4 27 0 8D FF FF FF FF
ID: 43F, Data: 80 40 60 FF 38 D8 C 0
ID: 153, Data: 80 0 0 FF 0 FF 0 0
ID: 316, Data: 85 23 A6 D 25 23 0 80
ID: 153, Data: 80 0 0 FF 0 FF 0 0
ID: 316, Data: 85 23 A4 D 25 23 0 80
ID: 316, Data: 85 22 A2 D 25 23 0 80
ID: 316, Data: 85 22 B7 D 25 23 0 80
ID: 545, Data: 8E4 26 0 8D FB FF FB FF
ID: 43F, Data: 80 40 60 FF 38 A8 C 0
ID: 316, Data: 85 22 96 D 25 23 0 80
ID: 316, Data: 85 22 7C D 25 23 0 80
ID: 329, Data: 884 79 80 8 11 2D 0 26
ID: A1, Data: 886 7D 86 7B 20 0 0 0
ID: 153, Data: 80 0 0 FF 0 FF 0 0
ID: 316, Data: 85 23 A4 D 24 23 0 80
ID: 153, Data: 80 0 0 FF 0 FF 0 0
ID: 153, Data: 80 0 0 FF 0 FF 0 0
ID: 153, Data: 80 0 0 FF 0 FF 0 0
ID: A1, Data: 884 7D 86 7B 21 0 0 0
ID: 280, Data: 830 0 84 79 1A 1A 50 45
ID: 2A0, Data: 820 0 50 1C 3C 0 17 0
ID: 316, Data: 85 23 BA D 25 23 0 80
ID: 316, Data: 85 23 91 D 25 23 0 80
ID: 316, Data: 85 23 81 D 25 23 0 80
ID: 260, Data: 8B 23 25 30 FF FF 77 2A
ID: 43F, Data: 80 40 60 FF 38 84 C 0
ID: 316, Data: 85 23 65 D 25 23 0 80
ID: 316, Data: 85 23 67 D 25 23 0 80
ID: 260, Data: 8B 23 25 30 FF FF 7A 36
ID: 316, Data: 85 23 49 D 26 22 0 80
ID: 316, Data: 85 23 38 D 26 22 0 80
ID: 329, Data: 8ED 7A 80 8 11 2D 0 26
ID: A0, Data: 82E 54 55 D 0 25 2 0
ID: 43F, Data: 80 40 60 FF 38 60 C 0
ID: 43F, Data: 80 40 60 FF 38 70 C 0
ID: 153, Data: 80 0 0 FF 0 FF 0 0
ID: 316, Data: 85 23 7A D 25 23 0 80
ID: 316, Data: 85 23 75 D 25 23 0 80
ID: 153, Data: 80 0 0 FF 0 FF 0 0
ID: 329, Data: 8ED 7A 80 8 11 2D 0 26
ID: 316, Data: 85 23 4E D 26 22 0 80
ID: 153, Data: 80 0 0 FF 0 FF 0 0
ID: 153, Data: 80 0 0 FF 0 FF 0 0
ID: 280, Data: 830 0 84 7A 1A 1A 50 45
ID: 316, Data: 85 23 43 D 26 22 0 80
ID: 153, Data: 80 0 0 FF 0 FF 0 0
ID: 5F0, Data: 20 0
ID: 153, Data: 80 0 0 FF 0 FF 0 0
ID: 316, Data: 85 23 33 D 26 22 0 80
ID: 545, Data: 8E4 24 0 8D 17 0 17 0
ID: 260, Data: 8B 24 26 30 FF FF 7C 14
ID: 153, Data: 80 0 0 FF 0 FF 0 0
ID: 316, Data: 85 24 75 D 25 22 0 80
ID: 316, Data: 85 24 70 D 25 22 0 80
ID: 316, Data: 85 24 21 D 26 22 0 80
ID: 153, Data: 80 0 0 FF 0 FF 0 0
ID: 153, Data: 80 0 0 FF 0 FF 0 0
ID: 545, Data: 8E4 24 0 8D 20 0 20 0
ID: 43F, Data: 80 40 60 FF 38 E4 B 0
ID: 329, Data: 8B 7A 80 8 11 2D 0 26
ID: 153, Data: 80 0 0 FF 0 FF 0 0
ID: 153, Data: 80 0 0 FF 0 FF 0 0
ID: 260, Data: 8B 24 26 30 FF FF 7B 24
ID: 280, Data: 830 0 84 7A 1B 1A 50 46
ID: 43F, Data: 80 40 60 FF 38 A4 C 0
ID: 316, Data: 85 23 8A D 25 22 0 80
ID: 260, Data: 8B 23 25 30 FF FF 76 3A
ID: A0, Data: 82E 54 88 D 0 26 2 0
ID: 316, Data: 85 24 83 D 25 22 0 80
ID: 153, Data: 80 0 0 FF 0 FF 0 0
ID: 316, Data: 85 24 7A D 25 22 0 80
ID: 316, Data: 85 24 6E D 25 22 0 80
ID: 316, Data: 85 24 7C D 25 22 0 80
ID: 545, Data: 8E4 26 0 8D 17 0 17 0
ID: A0, Data: 82F 54 75 D 0 26 2 0
ID: 316, Data: 85 24 45 D 26 22 0 80
ID: 153, Data: 80 0 0 FF 0 FF 0 0
ID: 316, Data: 85 24 70 D 25 22 0 80
ID: 370, Data: 8FF E0 F0 F0 FF FF FF FF
ID: 153, Data: 80 0 0 FF 0 FF 0 0
ID: 18F, Data: 8AA 50 0 0 0 0 0 0
ID: 316, Data: 85 24 75 D 25 22 0 80
ID: 43F, Data: 80 40 60 FF 38 7C C 0
ID: 43F, Data: 80 40 60 FF 38 88 C 0
ID: 370, Data: 8FF E0 F0 F0 FF FF FF FF
ID: 153, Data: 80 0 0 FF 0 FF 0 0
ID: 316, Data: 85 23 4E D 26 22 0 80
ID: 316, Data: 85 23 77 D 25 22 0 80
ID: 316, Data: 85 24 75 D 25 22 0 80
ID: 2A0, Data: 820 0 50 1C 3C 0 17 0
ID: 153, Data: 80 0 0 FF 0 FF 0 0
ID: 153, Data: 80 0 0 FF 0 FF 0 0
ID: 260, Data: 8B 24 26 30 FF FF 7A 7
ID: 280, Data: 830 0 84 7A 1A 1A 50 46
ID: 43F, Data: 80 40 60 FF 38 6C C 0
ID: 316, Data: 85 24 60 D 25 22 0 80
ID: 280, Data: 830 0 84 7A 1A 1A 50 46
ID: 1F1, Data: 80 0 0 0 0 0 0 0
ID: 316, Data: 85 24 3A D 26 22 0 80
ID: 18F, Data: 8AA 4D 0 0 0 0 0 0
ID: 316, Data: 85 24 3C D 26 22 0 80
ID: A0, Data: 82F 54 49 D 0 25 2 0
ID: 316, Data: 85 24 75 D 25 22 0 80
ID: 43F, Data: 80 40 60 FF 38 74 C 0
ID: 43F, Data: 80 40 60 FF 38 7C C 0
ID: 440, Data: 8FE F0 0 A0 FF AA AA AA
ID: 1F1, Data: 80 0 0 0 0 0 0 0
ID: 1F1, Data: 80 0 0 0 0 0 0 0
ID: 43F, Data: 80 40 60 FF 38 C0 C 0
ID: 316, Data: 85 23 96 D 25 23 0 80
ID: 316, Data: 85 23 8C D 25 22 0 80
ID: 153, Data: 80 0 0 FF 0 FF 0 0
ID: 316, Data: 85 23 88 D 25 22 0 80
ID: 153, Data: 80 0 0 FF 0 FF 0 0
ID: 316, Data: 85 23 85 D 25 22 0 80
ID: 316, Data: 85 23 7C D 25 22 0 80
ID: 316, Data: 85 23 53 D 26 22 0 80
ID: 260, Data: 8B 23 26 30 FF FF 79 36
ID: 5F0, Data: 20 0
ID: 316, Data: 85 23 6C D 25 22 0 80
ID: 153, Data: 80 0 0 FF 0 FF 0 0
ID: 43F, Data: 80 40 60 FF 38 84 C 0
ID: 153, Data: 80 0 0 FF 0 FF 0 0
ID: 316, Data: 85 23 8F D 25 22 0 80
ID: 316, Data: 85 23 67 D 25 22 0 80
ID: 153, Data: 80 0 0 FF 0 FF 0 0
ID: 280, Data: 830 0 84 7A 1A 1A 50 46
ID: 316, Data: 85 23 67 D 25 22 0 80
ID: 43F, Data: 80 40 60 FF 38 6C C 0
ID: 153, Data: 80 0 0 FF 0 FF 0 0
ID: 153, Data: 80 0 0 FF 0 FF 0 0
ID: 316, Data: 85 23 49 D 25 22 0 80
ID: A0, Data: 82F 54 73 D 0 25 2 0
ID: 18F, Data: 8AA 49 0 0 0 0 0 0
ID: 153, Data: 80 0 0 FF 0 FF 0 0
ID: 18F, Data: 8AA 49 0 0 0 0 0 0
ID: 316, Data: 85 23 60 D 25 22 0 80
ID: 153, Data: 80 0 0 FF 0 FF 0 0
ID: 316, Data: 85 23 75 D 25 22 0 80
ID: 153, Data: 80 0 0 FF 0 FF 0 0
ID: 316, Data: 85 23 98 D 25 22 0 80
ID: 43F, Data: 80 40 60 FF 38 A4 C 0
ID: 43F, Data: 80 40 60 FF 38 A4 C 0
ID: 260, Data: 8B 23 25 30 FF FF 76 D
ID: 440, Data: 8FE F0 0 A0 FF AA AA AA
ID: 5F0, Data: 20 0
ID: 2A0, Data: 880 0 50 1C 3C 0 17 0
ID: 329, Data: 840 7A 80 8 11 2D 0 26
ID: A1, Data: 882 7D 84 7B 21 0 0 0
ID: 370, Data: 8FF E0 F0 F0 FF FF FF FF
ID: 43F, Data: 80 40 60 FF 38 98 C 0
ID: A0, Data: 82F 54 7E D 0 25 2 0
ID: 316, Data: 85 23 A4 D 24 22 0 80
ID: A1, Data: 882 7D 84 7B 21 0 0 0
ID: 5F0, Data: 20 0
ID: 316, Data: 85 23 6C D 25 22 0 80
ID: 316, Data: 85 23 7E D 25 22 0 80
ID: 316, Data: 85 23 91 D 25 22 0 80
ID: 153, Data: 80 0 0 FF 0 FF 0 0
ID: 545, Data: 8E4 26 0 8D 8 0 8 0
ID: 316, Data: 85 23 9A D 24 22 0 80
ID: 316, Data: 85 23 8F D 25 22 0 80
ID: 316, Data: 85 23 9F D 24 23 0 80
ID: 18F, Data: 8AA 46 0 0 0 0 0 0
ID: 153, Data: 80 0 0 FF 0 FF 0 0
ID: 260, Data: 8B 23 25 30 FF FF 76 1C
ID: 316, Data: 85 23 7E D 25 22 0 80
ID: 153, Data: 80 0 0 FF 0 FF 0 0
ID: 153, Data: 80 0 0 FF 0 FF 0 0
ID: 370, Data: 8FF E0 F0 F0 FF FF FF FF
ID: 18F, Data: 8AA 45 0 0 0 0 0 0
ID: 316, Data: 85 23 9F D 24 22 0 80
ID: 153, Data: 80 0 0 FF 0 FF 0 0
ID: 43F, Data: 80 40 60 FF 38 C4 C 0
ID: 1F0, Data: 8FF 3F 0 0 0 0 0 0
ID: 153, Data: 80 0 0 FF 0 FF 0 0
ID: 316, Data: 85 23 63 D 25 22 0 80
ID: A1, Data: 884 7D 84 7B 21 0 0 0
ID: 316, Data: 85 23 45 D 25 22 0 80
ID: 153, Data: 80 0 0 FF 0 FF 0 0
ID: 153, Data: 80 0 0 FF 0 FF 0 0
ID: 370, Data: 8FF E0 F0 F0 FF FF FF FF
ID: 43F, Data: 80 40 60 FF 38 98 C 0
ID: 316, Data: 85 23 47 D 25 22 0 80
ID: 280, Data: 830 0 84 7A 1A 1A 50 45
ID: 18F, Data: 8AA 44 0 0 0 0 0 0
ID: 316, Data: 85 23 75 D 25 22 0 80
ID: 153, Data: 80 0 0 FF 0 FF 0 0
ID: 316, Data: 85 23 8C D 24 22 0 80
ID: 440, Data: 8FE F0 0 A0 FF AA AA AA
ID: 316, Data: 85 23 B0 D 24 22 0 80
ID: A0, Data: 82E 54 B0 D 0 25 2 0
ID: 153, Data: 80 0 0 FF 0 FF 0 0
ID: A1, Data: 884 7D 84 7B 21 0 0 0
ID: 2A0, Data: 880 0 50 1C 3C 0 17 0
ID: 153, Data: 80 0 0 FF 0 FF 0 0
ID: 370, Data: 8FF E0 F0 F0 FF FF FF FF
ID: 260, Data: 8B 23 24 30 FF FF 74 3D
ID: 316, Data: 85 22 70 D 25 22 0 80
ID: A0, Data: 82E 54 98 D 0 25 2 0
ID: 316, Data: 85 22 63 D 25 22 0 80
ID: 5F0, Data: 20 0
ID: 153, Data: 80 0 0 FF 0 FF 0 0
ID: 153, Data: 80 0 0 FF 0 FF 0 0
ID: 260, Data: 8B 22 24 30 FF FF 76 1E
ID: 329, Data: 8ED 7A 80 8 11 2D 0 26
ID: 153, Data: 80 0 0 FF 0 FF 0 0
ID: 316, Data: 85 22 8C D 25 23 0 80
ID: 153, Data: 80 0 0 FF 0 FF 0 0
ID: 5F0, Data: 20 0
ID: 316, Data: 85 22 60 D 25 22 0 80
ID: 316, Data: 85 22 65 D 25 22 0 80
ID: 316, Data: 85 23 69 D 25 22 0 80
ID: 153, Data: 80 0 0 FF 0 FF 0 0
ID: 545, Data: 8E4 25 0 8D 8 0 8 0
ID: 316, Data: 85 23 60 D 25 22 0 80
ID: 316, Data: 85 23 69 D 25 22 0 80
ID: 329, Data: 8B 7A 80 8 11 2D 0 26
ID: 18F, Data: 8AA 43 0 0 0 0 0 0
ID: 153, Data: 80 0 0 FF 0 FF 0 0
ID: 18F, Data: 8AA 43 0 0 0 0 0 0
ID: 316, Data: 85 23 1B D 25 22 0 80
ID: 153, Data: 80 0 0 FF 0 FF 0 0
ID: 316, Data: 85 23 53 D 25 22 0 80
ID: 316, Data: 85 23 57 D 25 22 0 80
ID: 153, Data: 80 0 0 FF 0 FF 0 0
ID: 260, Data: 8B 23 25 30 FF FF 78 29
ID: 316, Data: 85 23 7C D 25 22 0 80
ID: 316, Data: 85 23 45 D 25 22 0 80
ID: 153, Data: 80 0 0 FF 0 FF 0 0
ID: 153, Data: 80 0 0 FF 0 FF 0 0
ID: 5F0, Data: 20 0
ID: 153, Data: 80 0 0 FF 0 FF 0 0
ID: 153, Data: 80 0 0 FF 0 FF 0 0
ID: 329, Data: 8B 7A 80 8 11 2D 0 26
ID: 316, Data: 85 23 5E D 25 22 0 80
ID: 280, Data: 830 0 84 7A 1A 1A 50 44
ID: 153, Data: 80 0 0 FF 0 FF 0 0
ID: 316, Data: 85 23 69 D 25 22 0 80
ID: 43F, Data: 80 40 60 FF 38 6C C 0
ID: 43F, Data: 80 40 60 FF 38 64 C 0
ID: 1F0, Data: 8FF 3F 0 0 0 0 0 0
ID: 280, Data: 830 0 84 7A 1A 1A 50 45
ID: 316, Data: 85 22 6C D 25 22 0 80
ID: 43F, Data: 80 40 60 FF 38 80 C 0
ID: 316, Data: 85 23 6C D 25 22 0 80
ID: 153, Data: 80 0 0 FF 0 FF 0 0
ID: 316, Data: 85 22 63 D 25 22 0 80
ID: 370, Data: 8FF E0 F0 F0 FF FF FF FF
ID: 316, Data: 85 22 7A D 25 22 0 80
ID: 316, Data: 85 22 8C D 24 22 0 80
ID: 153, Data: 80 0 0 FF 0 FF 0 0
ID: 316, Data: 85 22 81 D 24 22 0 80
ID: 153, Data: 80 0 0 FF 0 FF 0 0
ID: 316, Data: 85 22 65 D 25 22 0 80
ID: 316, Data: 85 22 67 D 25 22 0 80
ID: 153, Data: 80 0 0 FF 0 FF 0 0
ID: 329, Data: 8ED 7B 80 8 11 2D 0 26
ID: 43F, Data: 80 40 60 FF 38 74 C 0
ID: 153, Data: 80 0 0 FF 0 FF 0 0
ID: 440, Data: 8FE 0 0 A0 FF AA AA AA
ID: 280, Data: 830 0 84 7B 1A 19 50 44
ID: 370, Data: 8FF E0 F0 F0 FF FF FF FF
ID: 316, Data: 85 22 5C D 25 22 0 80
ID: 43F, Data: 80 40 60 FF 38 60 C 0
ID: 43F, Data: 80 40 60 FF 38 64 C 0
ID: 1F0, Data: 8FF 3F 0 0 0 0 0 0
ID: 545, Data: 8E4 26 0 8D 3 0 3 0
ID: 316, Data: 85 23 6C D 24 22 0 80
ID: 316, Data: 85 22 3C D 25 22 0 80
ID: 316, Data: 85 23 38 D 25 22 0 80
ID: 18F, Data: 8AA 41 0 0 0 0 0 0
ID: 43F, Data: 80 40 60 FF 38 4C C 0
ID: 260, Data: 8B 23 25 30 FF FF 79 A
ID: 1F1, Data: 80 0 0 0 0 0 0 0
ID: 316, Data: 85 23 7E D 24 22 0 80
ID: 545, Data: 8E4 26 0 8D 2 0 2 0
ID: 153, Data: 80 0 0 FF 0 FF 0 0
ID: 440, Data: 8FE 0 0 A0 FF AA AA AA
ID: 2A0, Data: 840 0 50 1C 3C 0 17 0
ID: 43F, Data: 80 40 60 FF 38 74 C 0
ID: 43F, Data: 80 40 60 FF 38 68 C 0
ID: 440, Data: 8FE 0 0 A0 FF AA AA AA
ID: 316, Data: 85 23 4E D 25 22 0 80
ID: A0, Data: 82E 54 55 D 0 25 2 0
ID: 153, Data: 80 0 0 FF 0 FF 0 0
ID: 316, Data: 85 23 45 D 25 22 0 80
ID: A1, Data: 882 7D 84 7B 21 0 0 0
ID: 43F, Data: 80 40 60 FF 38 4C C 0
ID: 43F, Data: 80 40 60 FF 38 68 C 0
ID: 43F, Data: 80 40 60 FF 38 84 C 0
ID: 440, Data: 8FE 0 0 A0 FF AA AA AA
ID: 329, Data: 8ED 7B 80 8 11 2D 0 26
ID: 153, Data: 80 0 0 FF 0 FF 0 0
ID: 316, Data: 85 23 55 D 25 22 0 80
ID: 153, Data: 80 0 0 FF 0 FF 0 0
ID: 316, Data: 85 23 81 D 24 22 0 80
ID: 43F, Data: 80 40 60 FF 38 84 C 0
ID: 370, Data: 8FF E0 F0 F0 FF FF FF FF
ID: 316, Data: 85 23 50 D 25 22 0 80
ID: 153, Data: 80 0 0 FF 0 FF 0 0
ID: 316, Data: 85 23 63 D 24 22 0 80
ID: 153, Data: 80 0 0 FF 0 FF 0 0
ID: 153, Data: 80 0 0 FF 0 FF 0 0
ID: 1F0, Data: 8FF 3F 0 0 0 0 0 0
ID: A1, Data: 882 7D 84 7B 21 0 0 0
ID: 329, Data: 840 7B 80 8 11 2D 0 26
ID: 316, Data: 85 22 85 D 24 22 0 80
ID: 43F, Data: 80 40 60 FF 38 88 C 0
ID: 43F, Data: 80 40 60 FF 38 80 C 0
ID: 153, Data: 80 0 0 FF 0 FF 0 0
ID: 316, Data: 85 22 7A D 24 22 0 80
ID: 1F1, Data: 80 0 0 0 0 0 0 0
ID: 316, Data: 85 22 85 D 24 22 0 80
ID: 153, Data: 80 0 0 FF 0 FF 0 0
ID: 153, Data: 80 0 0 FF 0 FF 0 0
ID: 43F, Data: 80 40 60 FF 38 7C C 0
ID: 43F, Data: 80 40 60 FF 38 68 C 0
ID: 43F, Data: 80 40 60 FF 38 64 C 0
ID: 153, Data: 80 0 0 FF 0 FF 0 0
ID: 316, Data: 85 23 53 D 25 22 0 80
ID: 316, Data: 85 22 67 D 24 22 0 80
ID: 153, Data: 80 0 0 FF 0 FF 0 0
ID: 329, Data: 840 7B 80 8 11 2D 0 26
ID: 316, Data: 85 23 88 D 24 22 0 80
ID: 153, Data: 80 0 0 FF 0 FF 0 0
ID: 153, Data: 80 0 0 FF 0 FF 0 0
ID: 280, Data: 830 0 84 7B 1A 19 50 45
ID: 316, Data: 85 22 57 D 24 22 0 80
ID: 153, Data: 80 0 0 FF 0 FF 0 0
ID: 316, Data: 85 22 4E D 24 22 0 80
ID: 153, Data: 80 0 0 FF 0 FF 0 0
ID: 5F0, Data: 20 0
ID: 370, Data: 8FF E0 F0 F0 FF FF FF FF
ID: A1, Data: 880 7D 82 7B 20 0 0 0
ID: 316, Data: 85 23 53 D 2B 2B 0 80
ID: 316, Data: 85 23 69 D 2B 2B 0 80
ID: 2A0, Data: 8E0 0 50 1C 3C 0 17 0
ID: 153, Data: 80 0 0 FF 0 FF 0 0
ID: 43F, Data: 80 40 60 FF 38 70 C 0
ID: 153, Data: 80 0 0 FF 0 FF 0 0
ID: 153, Data: 80 0 0 FF 0 FF 0 0
ID: 153, Data: 80 0 0 FF 0 FF 0 0
ID: 280, Data: 830 0 84 7B 1B 1C 50 4A
ID: 316, Data: 85 27 A6 D 2A 2B 0 80
ID: 440, Data: 8FE 0 0 A0 FF AA AA AA
ID: 153, Data: 80 0 0 FF 0 FF 0 0
ID: 316, Data: 845 28 8F D 2A 2B 0 80
ID: 440, Data: 8FE 0 0 A0 FF AA AA AA
ID: 316, Data: 845 29 FA C 2B 2A 0 80
ID: 153, Data: 80 0 0 FF 0 FF 0 0
ID: 153, Data: 80 0 0 FF 0 FF 0 0
ID: 153, Data: 80 0 0 FF 0 FF 0 0
ID: 18F, Data: 8AA 41 0 0 0 0 0 0
ID: 316, Data: 845 2A 35 D 2A 2B 0 80
ID: 1F0, Data: 8FF 3F 0 0 0 0 0 0
ID: 545, Data: 8E4 2E 0 8D FD FF FD FF
ID: 316, Data: 845 2A 88 D 2A 2B 0 80
ID: 43F, Data: 80 40 60 FF 38 88 C 0
ID: 43F, Data: 80 40 60 FF 38 7C C 0
ID: 316, Data: 845 2A 53 D 2A 2B 0 80
ID: 280, Data: 830 0 84 7B 1A 1D 50 4D
ID: 153, Data: 80 0 0 FF 0 FF 0 0
ID: 153, Data: 80 0 0 FF 0 FF 0 0
ID: 316, Data: 845 29 88 D 29 2B 0 80
ID: 43F, Data: 80 40 60 FF 38 98 C 0
ID: 43F, Data: 80 40 60 FF 38 A4 C 0
ID: 316, Data: 845 29 9D D 29 2B 0 80
ID: 370, Data: 8FF E0 F0 F0 FF FF FF FF
ID: 316, Data: 845 28 81 D 29 2B 0 80
ID: 316, Data: 845 28 77 D 2A 2B 0 80
ID: 43F, Data: 80 40 60 FF 38 90 C 0
ID: 43F, Data: 80 40 60 FF 38 88 C 0
ID: 1F1, Data: 80 0 0 0 0 0 0 0
ID: 280, Data: 830 0 84 7B 1A 1D 50 4B
ID: 153, Data: 80 0 0 FF 0 FF 0 0
ID: 280, Data: 830 0 84 7B 1A 1D 50 4B
ID: 316, Data: 845 28 3C D 2A 2B 0 80
ID: 43F, Data: 80 40 60 FF 38 50 C 0
ID: 440, Data: 8FE 50 0 A0 FF AA AA AA
ID: 316, Data: 845 28 59 D 2A 2B 0 80
ID: A1, Data: 885 7D 85 7B 24 0 0 0
ID: 316, Data: 845 28 5C D 2A 2B 0 80
ID: 153, Data: 80 0 0 FF 0 FF 0 0
ID: 316, Data: 845 29 3C D 2A 2B 0 80
ID: 316, Data: 845 29 40 D 2A 2B 0 80
ID: 1F1, Data: 80 0 0 0 0 0 0 0
ID: 1F0, Data: 8FF 3F 0 0 0 0 0 0
ID: 316, Data: 845 29 35 D 2A 2B 0 80
ID: 43F, Data: 80 40 60 FF 38 40 C 0
ID: 545, Data: 8E4 2C 0 8D E5 FF E5 FF
ID: 260, Data: 8B 29 2A 30 FF FF 79 F
ID: 316, Data: 845 29 49 D 2A 2B 0 80
ID: 280, Data: 830 0 84 7B 1A 1D 50 4C
ID: 43F, Data: 80 40 60 FF 38 34 C 0
ID: 370, Data: 8FF E0 F0 F0 FF FF FF FF
ID: 316, Data: 845 29 43 D 2A 2B 0 80
ID: 316, Data: 845 29 55 D 2A 2B 0 80
ID: 316, Data: 845 29 55 D 2A 2B 0 80
ID: A1, Data: 885 7D 85 7B 24 0 0 0
ID: 43F, Data: 80 40 60 FF 38 74 C 0
ID: 43F, Data: 80 40 60 FF 38 70 C 0
ID: 43F, Data: 80 40 60 FF 38 60 C 0
ID: 329, Data: 884 7B 80 8 11 2E 0 26
ID: 260, Data: 8B 29 2A 30 FF FF 77 10
ID: 1F1, Data: 80 0 0 0 0 0 0 0
ID: 329, Data: 8B 7B 80 8 11 2E 0 26
ID: 43F, Data: 80 40 60 FF 38 74 C 0
ID: 153, Data: 80 0 0 FF 0 FF 0 0
ID: 316, Data: 845 29 6E D 29 2B 0 80
ID: 43F, Data: 80 40 60 FF 38 60 C 0
ID: 316, Data: 845 28 60 D 2A 2B 0 80
ID: A1, Data: 885 7D 87 7B 24 0 0 0
ID: 5F0, Data: 20 0
ID: 316, Data: 845 28 59 D 29 2B 0 80
ID: 153, Data: 80 0 0 FF 0 FF 0 0
ID: 316, Data: 845 28 5E D 29 2B 0 80
ID: 1F0, Data: 8FF 3F 0 0 0 0 0 0
ID: 316, Data: 845 28 53 D 2A 2B 0 80
ID: 316, Data: 845 28 57 D 29 2B 0 80
ID: 2A0, Data: 820 0 50 1C 3C 0 17 0
ID: 43F, Data: 80 40 60 FF 38 78 C 0
ID: 153, Data: 80 0 0 FF 0 FF 0 0
ID: 153, Data: 80 0 0 FF 0 FF 0 0
ID: 316, Data: 845 28 6C D 29 2B 0 80
ID: 153, Data: 80 0 0 FF 0 FF 0 0
ID: 316, Data: 845 28 67 D 29 2B 0 80
ID: 153, Data: 80 0 0 FF 0 FF 0 0
ID: 316, Data: 845 28 98 D 28 2B 0 80
ID: 370, Data: 8FF E0 F0 F0 FF FF FF FF
ID: 316, Data: 845 28 85 D 28 2B 0 80
ID: 316, Data: 845 28 63 D 29 2B 0 80
ID: 316, Data: 845 28 6E D 29 2B 0 80
ID: 18F, Data: 8AA 4A 0 0 0 0 0 0
ID: 370, Data: 8FF E0 F0 F0 FF FF FF FF
ID: 43F, Data: 80 40 60 FF 38 64 C 0
ID: 316, Data: 845 28 63 D 29 2B 0 80
ID: 545, Data: 8E4 2C 0 8D D2 FF D2 FF
ID: 153, Data: 80 0 0 FF 0 FF 0 0
ID: 316, Data: 845 28 45 D 29 2B 0 80
ID: 153, Data: 80 0 0 FF 0 FF 0 0
ID: 316, Data: 845 28 2F D 29 2B 0 80
ID: 5F0, Data: 20 0
ID: 329, Data: 840 7B 80 8 11 2E 0 26
ID: 280, Data: 830 0 84 7B 1A 1D 50 4C
ID: A0, Data: 835 55 3A D 0 26 2 0
ID: 5F0, Data: 20 0
ID: 43F, Data: 80 40 60 FF 38 5C C 0
ID: 316, Data: 845 29 57 D 29 2B 0 80
ID: 153, Data: 80 0 0 FF 0 FF 0 0
ID: 545, Data: 8E4 2C 0 8D DD FF DD FF
ID: 316, Data: 845 29 38 D 2A 2B 0 80
ID: 316, Data: 845 29 60 D 29 2B 0 80
ID: 316, Data: 845 29 69 D 29 2B 0 80
ID: 316, Data: 845 28 57 D 29 2B 0 80
ID: 43F, Data: 80 40 60 FF 38 6C C 0
ID: 316, Data: 845 29 6C D 29 2B 0 80
ID: 316, Data: 845 28 60 D 29 2B 0 80
ID: A1, Data: 883 7D 85 7B 24 0 0 0
ID: 153, Data: 80 0 0 FF 0 FF 0 0
ID: 316, Data: 845 28 5E D 29 2B 0 80
ID: 153, Data: 80 0 0 FF 0 FF 0 0
ID: 316, Data: 845 28 81 D 29 2B 0 80
ID: 440, Data: 8FE 0 0 A0 FF AA AA AA
ID: 1F0, Data: 8FF 3F 0 0 0 0 0 0
ID: A0, Data: 833 55 81 D 0 26 2 0
ID: 316, Data: 845 28 88 D 28 2B 0 80
ID: 43F, Data: 80 40 60 FF 38 94 C 0
ID: 260, Data: 8B 28 29 30 FF FF 73 16
ID: 153, Data: 80 0 0 FF 0 FF 0 0
ID: 316, Data: 845 28 69 D 29 2B 0 80
ID: 153, Data: 80 0 0 FF 0 FF 0 0
ID: 316, Data: 845 28 6C D 29 2B 0 80
ID: 316, Data: 845 28 83 D 28 2B 0 80
ID: 2A0, Data: 880 0 50 1C 3C 0 17 0
ID: 316, Data: 845 28 69 D 29 2B 0 80
ID: 153, Data: 80 0 0 FF 0 FF 0 0
ID: 316, Data: 845 27 7E D 28 2B 0 80
ID: 316, Data: 845 28 75 D 28 2B 0 80
ID: 545, Data: 8E4 2C 0 8D CB FF CB FF
ID: 5A0, Data: 80 0 0 10 0 0 0 0
ID: 43F, Data: 80 40 60 FF 38 5C C 0
ID: 43F, Data: 80 40 60 FF 38 6C C 0
ID: 316, Data: 845 28 85 D 28 2B 0 80
ID: 316, Data: 845 28 83 D 28 2B 0 80
ID: A1, Data: 883 7D 87 7B 23 0 0 0
ID: 153, Data: 80 0 0 FF 0 FF 0 0
ID: 370, Data: 8FF E0 F0 F0 FF FF FF FF
ID: 153, Data: 80 0 0 FF 0 FF 0 0
ID: 316, Data: 845 28 47 D 29 2B 0 80
ID: 43F, Data: 80 40 60 FF 38 5C C 0
ID: 370, Data: 8FF E0 F0 F0 FF FF FF FF
ID: 43F, Data: 80 40 60 FF 38 74 C 0
ID: 316, Data: 845 27 65 D 29 2B 0 80
ID: 2A0, Data: 880 0 50 1C 3C 0 17 0
ID: 43F, Data: 80 40 60 FF 38 88 C 0
ID: 153, Data: 80 0 0 FF 0 FF 0 0
ID: 153, Data: 80 0 0 FF 0 FF 0 0
ID: 316, Data: 845 27 55 D 29 2B 0 80
ID: 153, Data: 80 0 0 FF 0 FF 0 0
ID: 316, Data: 845 27 33 D 29 2B 0 80
ID: 5F0, Data: 20 0
ID: 316, Data: 845 27 45 D 29 2B 0 80
ID: 153, Data: 80 0 0 FF 0 FF 0 0
ID: 545, Data: 8E4 2B 0 8E CA FF CA FF
ID: 316, Data: 845 27 57 D 29 2B 0 80
ID: 43F, Data: 80 40 60 FF 38 68 C 0
ID: 43F, Data: 80 40 60 FF 38 60 C 0
ID: 370, Data: 8FF E0 F0 F0 FF FF FF FF
ID: 329, Data: 8ED 7C 80 8 11 2E 0 26
ID: 316, Data: 845 28 1D D 29 2B 0 80
ID: 316, Data: 845 28 14 D 29 2B 0 80
ID: 43F, Data: 80 40 60 FF 38 20 C 0
ID: 153, Data: 80 0 0 FF 0 FF 0 0
ID: 43F, Data: 80 40 60 FF 38 0 C 0
ID: 43F, Data: 80 40 60 FF 38 FC B 0
ID: 153, Data: 80 0 0 FF 0 FF 0 0
ID: 316, Data: 845 29 31 D 29 2A 0 80
ID: 153, Data: 80 0 0 FF 0 FF 0 0
ID: 316, Data: 845 28 21 D 29 2B 0 80
ID: 316, Data: 845 28 28 D 29 2A 0 80
ID: 545, Data: 8E4 2B 0 8D DB FF DB FF
ID: 43F, Data: 80 40 60 FF 38 50 C 0
ID: 43F, Data: 80 40 60 FF 38 58 C 0
ID: 280, Data: 830 0 84 7C 1A 1D 50 4B
ID: A1, Data: 881 7D 81 7B 24 0 0 0
ID: 153, Data: 80 0 0 FF 0 FF 0 0
ID: 316, Data: 845 28 35 D 29 2A 0 80
ID: 370, Data: 8FF E0 F0 F0 FF FF FF FF
ID: 316, Data: 845 28 67 D 29 2B 0 80
ID: 316, Data: 845 28 60 D 28 2B 0 80
ID: 153, Data: 80 0 0 FF 0 FF 0 0
ID: 2A0, Data: 8E0 0 50 1C 3C 0 17 0
ID: 316, Data: 845 27 5E D 28 2B 0 80
ID: 1F1, Data: 80 0 0 0 0 1 10 0
ID: 1F0, Data: 8FF 3F 0 0 0 0 0 0
ID: 545, Data: 8E4 2B 0 8D CB FF CB FF
ID: 316, Data: 845 28 59 D 29 2B 0 80
ID: 153, Data: 80 0 0 FF 0 FF 0 0
ID: 316, Data: 845 27 60 D 28 2B 0 80
ID: 153, Data: 80 0 0 FF 0 FF 0 0
ID: 153, Data: 80 0 0 FF 0 FF 0 0
ID: 316, Data: 845 27 57 D 29 2B 0 80
ID: 440, Data: 8FE 50 0 A0 FF AA AA AA
ID: 316, Data: 845 27 4C D 29 2B 0 80
ID: 260, Data: 8B 27 29 30 FF FF 75 15
ID: 153, Data: 80 0 0 FF 0 FF 0 0
ID: 316, Data: 845 27 38 D 29 2B 0 80
ID: 153, Data: 80 0 0 FF 0 FF 0 0
ID: 280, Data: 830 0 84 7C 1A 1C 50 4A
ID: 316, Data: 845 27 81 D 28 2B 0 80
ID: 43F, Data: 80 40 60 FF 38 84 C 0
ID: 43F, Data: 80 40 60 FF 38 6C C 0
ID: 43F, Data: 80 40 60 FF 38 3C C 0
ID: 440, Data: 8FE A0 0 A0 FF AA AA AA
ID: 2A0, Data: 820 0 50 1C 3C 0 17 0
ID: 153, Data: 80 0 0 FF 0 FF 0 0
ID: 316, Data: 845 28 2A D 29 2A 0 80
ID: 153, Data: 80 0 0 FF 0 FF 0 0
ID: 153, Data: 80 0 0 FF 0 FF 0 0
ID: 316, Data: 845 29 EB C 2A 2A 0 80
ID: 43F, Data: 80 40 60 FF 38 C C 0
ID: 43F, Data: 80 40 60 FF 38 F4 B 0
ID: 316, Data: 845 2B E7 C 2A 2A 0 80
ID: 260, Data: 8B 2B 2A 30 FF FF 7C 37
ID: 153, Data: 80 0 0 FF 0 FF 0 0
ID: 153, Data: 80 0 0 FF 0 FF 0 0
ID: 5F0, Data: 20 0
ID: 43F, Data: 80 40 60 FF 38 3C C 0
ID: 153, Data: 80 0 0 FF 0 FF 0 0
ID: 5F0, Data: 20 0
ID: 43F, Data: 80 40 60 FF 38 70 C 0
ID: A0, Data: 831 56 70 D 0 26 2 0
ID: 316, Data: 845 29 50 D 28 2A 0 80
ID: 153, Data: 80 0 0 FF 0 FF 0 0
ID: 316, Data: 845 28 5E D 29 2A 0 80
ID: 153, Data: 80 0 0 FF 0 FF 0 0
ID: 153, Data: 80 0 0 FF 0 FF 0 0
ID: 43F, Data: 80 40 60 FF 38 84 C 0
ID: 43F, Data: 80 40 60 FF 38 7C C 0
ID: 43F, Data: 80 40 60 FF 38 70 C 0
ID: 316, Data: 845 27 55 D 28 2B 0 80
ID: 153, Data: 80 0 0 FF 0 FF 0 0
ID: 440, Data: 8FE A0 0 A0 FF AA AA AA
ID: 18F, Data: 8AA 51 0 0 0 0 0 0
ID: 316, Data: 845 27 3 D 29 2A 0 80
ID: 153, Data: 80 0 0 FF 0 FF 0 0
ID: 43F, Data: 80 40 60 FF 38 14 C 0
ID: 153, Data: 80 0 0 FF 0 FF 0 0
ID: 153, Data: 80 0 0 FF 0 FF 0 0
ID: 153, Data: 80 0 0 FF 0 FF 0 0
ID: 545, Data: 8E4 2B 0 8D D6 FF D6 FF
ID: 316, Data: 845 28 B D 29 2A 0 80
ID: 153, Data: 80 0 0 FF 0 FF 0 0
ID: 316, Data: 845 28 1D D 29 2A 0 80
ID: 153, Data: 80 0 0 FF 0 FF 0 0
ID: 153, Data: 80 0 0 FF 0 FF 0 0
ID: 43F, Data: 80 40 60 FF 38 4 C 0
ID: 153, Data: 80 0 0 FF 0 FF 0 0
ID: 43F, Data: 80 40 60 FF 38 0 C 0
ID: 18F, Data: 8AA 52 0 0 0 0 0 0
ID: 2A0, Data: 820 0 50 1C 3C 0 17 0
ID: 329, Data: 884 7C 80 8 12 2D 0 26
ID: A1, Data: 883 7D 83 7B 23 0 0 0
ID: 316, Data: 845 27 10 D 29 2A 0 80
ID: 153, Data: 80 0 0 FF 0 FF 0 0
ID: 316, Data: 845 28 16 D 29 2A 0 80
ID: 316, Data: 845 28 12 D 29 2A 0 80
ID: 280, Data: 830 0 84 7C 1A 1D 50 4C
ID: 316, Data: 845 28 1F D 29 2A 0 80
ID: 316, Data: 845 28 12 D 29 2A 0 80
ID: 2A0, Data: 820 0 50 1C 3C 0 17 0
ID: 43F, Data: 80 40 60 FF 38 2C C 0
ID: 370, Data: 8FF E0 F0 F0 FF FF FF FF
ID: 316, Data: 845 28 0 D 29 2A 0 80
ID: 153, Data: 80 0 0 FF 0 FF 0 0
ID: 153, Data: 80 0 0 FF 0 FF 0 0
ID: 1F1, Data: 80 0 0 0 0 0 0 0
ID: A1, Data: 883 7D 83 7B 24 0 0 0
ID: 316, Data: 845 28 12 D 29 2A 0 80
ID: 316, Data: 845 28 1F D 29 2A 0 80
ID: 2A0, Data: 880 0 50 1C 3C 0 17 0
ID: 153, Data: 80 0 0 FF 0 FF 0 0
ID: 153, Data: 80 0 0 FF 0 FF 0 0
ID: 43F, Data: 80 40 60 FF 38 1C C 0
ID: A1, Data: 883 7D 83 7B 24 0 0 0
ID: 316, Data: 845 28 10 D 29 2A 0 80
ID: 153, Data: 80 0 0 FF 0 FF 0 0
ID: 153, Data: 80 0 0 FF 0 FF 0 0
ID: 316, Data: 845 28 B D 29 2A 0 80
ID: 43F, Data: 80 40 60 FF 38 18 C 0
ID: 440, Data: 8FE 0 0 A0 FF AA AA AA
ID: 440, Data: 8FE 0 0 A0 FF AA AA AA
ID: 329, Data: 840 7C 80 8 12 2E 0 26
ID: 1F1, Data: 80 0 0 0 0 0 0 0
ID: 153, Data: 80 0 0 FF 0 FF 0 0
ID: 370, Data: 8FF E0 F0 F0 FF FF FF FF
ID: 545, Data: 8E4 2B 0 8D E2 FF E2 FF
ID: 153, Data: 80 0 0 FF 0 FF 0 0
ID: 2A0, Data: 880 0 50 1C 3C 0 17 0
ID: 316, Data: 845 29 BF C 2A 2A 0 80
ID: 2A0, Data: 840 0 50 1C 3C 0 17 0
ID: 153, Data: 80 0 0 FF 0 FF 0 0
ID: 153, Data: 80 0 0 FF 0 FF 0 0
ID: 153, Data: 80 0 0 FF 0 FF 0 0
ID: A0, Data: 834 56 E2 C 0 26 2 0
ID: 316, Data: 845 29 E2 C 2A 2A 0 80
ID: 316, Data: 845 29 E2 C 2A 2A 0 80
ID: A1, Data: 883 82 85 81 24 0 0 0
ID: 43F, Data: 8F 47 60 FF 38 EC B 0
ID: 43F, Data: 8F 47 60 FF 38 E8 B 0
ID: 43F, Data: 8F 47 60 FF 38 E4 B 0
ID: 329, Data: 884 7C 80 8 12 2E 0 26
ID: 18F, Data: 8AA 57 0 0 0 0 0 0
ID: 1F0, Data: 8FF 3F 0 0 0 0 0 0
ID: 43F, Data: 8F 47 60 FF 38 90 B 0
ID: 280, Data: 830 0 84 7C 18 23 50 56
ID: 43F, Data: 8F 47 60 FF 38 28 B 0
ID: 43F, Data: 8F 47 60 FF 38 F4 A 0
ID: 370, Data: 8FF E0 F0 FF FF FF FF FF
ID: 440, Data: 879 4E 0 A0 FF AA AA AA
ID: 316, Data: 845 3E DA C 3E 28 0 80
ID: A0, Data: 855 56 AA C 0 2B 2 0
ID: 43F, Data: 8F 47 60 FF 38 6C A 0
ID: 153, Data: 80 0 0 FF 0 FF 0 0
ID: 153, Data: 80 0 0 FF 0 FF 0 0
ID: 316, Data: 845 3E 33 D 3D 28 0 80
ID: A1, Data: 882 82 83 81 30 0 0 0
ID: 316, Data: 845 3E 5 D 3E 28 0 80
ID: 316, Data: 845 3E E D 3D 28 0 80
ID: 153, Data: 80 0 0 FF 0 FF 0 0
ID: 316, Data: 845 3F F4 C 3E 28 0 80
ID: 153, Data: 80 0 0 FF 0 FF 0 0
ID: 2A0, Data: 840 0 50 1C 3C 0 17 0
ID: 316, Data: 845 3E F4 C 3D 28 0 80
ID: 1F0, Data: 8FD 3F 0 0 0 0 0 0
ID: 153, Data: 80 0 0 FF 0 FF 0 0
ID: 2A0, Data: 840 0 50 1C 3C 0 17 0
ID: 329, Data: 884 7D 80 8 12 31 0 26
ID: A0, Data: 848 56 12 D 0 29 2 0
ID: 440, Data: 88D 4E 0 A0 FF AA AA AA
ID: 153, Data: 80 0 0 FF 0 FF 0 0
ID: 316, Data: 845 3D F8 C 3E 28 0 80
ID: 43F, Data: 8F 47 60 FF 38 20 2 0
ID: 316, Data: 845 3D DC C 3E 28 0 80
ID: 43F, Data: 8F 47 60 FF 38 78 2 0
ID: 1F1, Data: 80 1 C B0 0 C C0 0
ID: 153, Data: 80 0 0 FF 0 FF 0 0
ID: 316, Data: 845 3E E7 C 3E 28 1 80
ID: 43F, Data: 8F 47 60 FF 38 EC 2 0
ID: 43F, Data: 8F 47 60 FF 38 EC 2 0
ID: 440, Data: 88D 4E 1 A0 FF AA AA AA
ID: 329, Data: 8B 7D 80 8 12 31 0 26
ID: 316, Data: 845 3E B4 C 3D 28 1 80
ID: 153, Data: 80 0 0 FF 0 FF 0 0
ID: 316, Data: 845 3E E2 C 3C 28 1 80
ID: 316, Data: 845 3E C9 C 3C 28 1 80
ID: 545, Data: 8E4 42 0 8D 89 1 89 1
ID: 43F, Data: 87 47 60 FF 38 FC 3 0
ID: 153, Data: 80 0 0 FF 0 FF 0 0
ID: 316, Data: 845 3E CD C 3B 28 2 80
ID: 316, Data: 845 3E B6 C 3C 28 2 80
ID: 316, Data: 845 3E D2 C 3B 28 2 80
ID: 153, Data: 80 0 0 FF 0 FF 0 0
ID: 43F, Data: 87 47 60 FF 38 D0 4 0
ID: 43F, Data: 87 47 60 FF 38 DC 4 0
ID: 5A0, Data: 80 0 0 90 0 0 0 0
ID: 153, Data: 80 0 0 FF 0 FF 0 0
ID: 1F1, Data: 80 11 19 70 1 1A 80 1
ID: A0, Data: 847 56 1F D 3 29 2 0
ID: 316, Data: 845 3B 1F D 38 28 2 80
ID: 5F0, Data: 20 0
ID: 153, Data: 80 0 0 FF 0 FF 0 0
ID: 153, Data: 80 0 0 FF 0 FF 0 0
ID: 316, Data: 845 3A 28 D 37 29 3 80
ID: 18F, Data: 8AA 5C 0 0 0 0 0 0
ID: 153, Data: 80 0 0 FF 0 FF 0 0
ID: 43F, Data: 87 47 60 FF 38 8 6 0
ID: 545, Data: 8E4 3F 0 8D 2A 1 2A 1
ID: 260, Data: 8B 3A 37 30 FF FF 68 2F
ID: 153, Data: 80 0 0 FF 0 FF 0 0
ID: 43F, Data: 87 47 60 FF 38 64 6 0
ID: 43F, Data: 87 47 60 FF 38 70 6 0
ID: 153, Data: 80 0 0 FF 0 FF 0 0
ID: 316, Data: 845 39 DC C 36 28 3 80
ID: 1F1, Data: 80 22 22 F0 1 22 0 2
ID: 545, Data: 8E4 3C 0 8D 33 1 33 1
ID: 260, Data: 8B 3A 37 30 FF FF 6A 3C
ID: 43F, Data: 87 47 60 FF 38 F8 6 0
ID: 370, Data: 8FF E0 F0 FF FF FF FF FF
ID: 316, Data: 845 39 F8 C 35 29 4 80
ID: 153, Data: 80 0 0 FF 0 FF 0 0
ID: 316, Data: 845 39 E2 C 2C 1F 4 80
ID: 153, Data: 80 0 0 FF 0 FF 0 0
ID: 329, Data: 8B 7D 80 8 12 2E 0 26
ID: 316, Data: 845 37 C5 C 2D 20 4 80
ID: 316, Data: 845 35 D2 C 2D 20 4 80
ID: 153, Data: 80 0 0 FF 0 FF 0 0
ID: 153, Data: 80 0 0 FF 0 FF 0 0
ID: 316, Data: 845 33 7C C 2E 20 4 80
ID: A1, Data: 883 7E 83 7E 2A 0 0 0
ID: 316, Data: 845 33 48 C 2F 20 4 80
ID: 316, Data: 85 32 30 C 2F 20 4 80
ID: 316, Data: 85 32 37 C 2F 20 4 80
ID: 260, Data: 8B 32 2E 30 FF FF 73 34
ID: 153, Data: 80 0 0 FF 0 FF 0 0
ID: 316, Data: 85 31 E5 C 2B 20 4 80
ID: 316, Data: 85 30 ED C 2B 21 4 80
ID: 153, Data: 80 0 0 FF 0 FF 0 0
ID: 316, Data: 85 2F E7 C 2B 21 4 80
ID: 1F0, Data: 89 40 5 C0 0 0 0 0
ID: 316, Data: 85 2E 92 C 2B 21 4 80
ID: 316, Data: 85 2E 82 C 2C 21 4 80
ID: 153, Data: 80 0 0 FF 0 FF 0 0
ID: 2A0, Data: 840 0 50 1C 3C 0 17 0
ID: 43F, Data: 87 47 60 FF 38 98 7 0
ID: 43F, Data: 87 47 60 FF 38 74 7 0
ID: 43F, Data: 87 47 60 FF 38 58 7 0
ID: 153, Data: 80 0 0 FF 0 FF 0 0
ID: 316, Data: 85 2D 66 C 2C 21 4 80
ID: 43F, Data: 87 47 60 FF 38 6C 7 0
ID: 370, Data: 8FF E0 F0 FF FF FF FF FF
ID: 316, Data: 85 2C 54 C 2D 20 4 80
ID: 153, Data: 80 0 0 FF 0 FF 0 0
ID: 316, Data: 85 2C 39 C 2D 20 4 80
ID: 153, Data: 80 0 0 FF 0 FF 0 0
ID: 316, Data: 85 2C 3F C 2D 20 4 80
ID: 440, Data: 88D EE 4 A0 FF AA AA AA
ID: 316, Data: 85 2C 26 C 2D 20 4 80
ID: 545, Data: 8E4 2A 0 8C CA 0 CA 0
ID: 153, Data: 80 0 0 FF 0 FF 0 0
ID: 316, Data: 85 2C 3 C 2E 20 4 80
ID: A0, Data: 837 56 1B C 4 26 2 0
ID: 18F, Data: 8AA 5C 0 0 0 0 0 0
ID: A1, Data: 880 7E 80 7E 26 0 0 0
ID: 329, Data: 8ED 7D 80 8 12 2D 0 26
ID: 545, Data: 8E4 2A 0 8D D3 0 D3 0
ID: 43F, Data: 87 47 60 FF 38 DC 6 0
ID: 43F, Data: 87 47 60 FF 38 DC 6 0
ID: 43F, Data: 87 47 60 FF 38 E0 6 0
ID: 1F0, Data: 8F8 3F 5 C0 0 0 0 0
ID: 545, Data: 8E4 2B 0 8D E4 0 E4 0
ID: 2A0, Data: 820 0 50 1C 3C 0 17 0
ID: 370, Data: 8FF E0 F0 FF FF FF FF FF
ID: 153, Data: 80 0 0 FF 0 FF 0 0
ID: 316, Data: 85 2D 13 C 2E 20 4 80
ID: 316, Data: 85 2D E C 2D 20 4 80
ID: 280, Data: 830 0 84 7D 18 1F 50 51
ID: 2A0, Data: 880 0 50 1C 3C 0 17 0
ID: 316, Data: 85 2D 6E C 2B 20 4 80
ID: 153, Data: 80 0 0 FF 0 FF 0 0
ID: 316, Data: 85 2C 74 C 2B 20 4 80
ID: 153, Data: 80 0 0 FF 0 FF 0 0
ID: 316, Data: 85 2C 52 C 2C 20 4 80
ID: 5F0, Data: 20 0
ID: 153, Data: 80 0 0 FF 0 FF 0 0
ID: 316, Data: 85 2B 56 C 2B 20 4 80
ID: 5F0, Data: 20 0
ID: 316, Data: 85 2B 5A C 2B 21 4 80
ID: 316, Data: 85 2B 66 C 2B 21 5 80
ID: 316, Data: 85 2B 48 C 2B 21 5 80
ID: 2A0, Data: 840 0 50 1C 3C 0 17 0
ID: 153, Data: 80 0 0 FF 0 FF 0 0
ID: 153, Data: 80 0 0 FF 0 FF 0 0
ID: 1F1, Data: 80 66 2A 90 2 2B B0 2
ID: 2A0, Data: 840 0 50 1C 3C 0 17 0
ID: 153, Data: 80 0 0 FF 0 FF 0 0
ID: 316, Data: 85 2A 56 C 2B 21 5 80
ID: 370, Data: 8FF E0 F0 FF FF FF FF FF
ID: 316, Data: 85 2A 66 C 2B 21 5 80
ID: 545, Data: 8E4 2A 0 8D 9E 0 9E 0
ID: A1, Data: 883 7E 83 7E 25 0 0 0
ID: 153, Data: 80 0 0 FF 0 FF 0 0
ID: 153, Data: 80 0 0 FF 0 FF 0 0
ID: A1, Data: 883 7E 83 7E 25 0 0 0
ID: 43F, Data: 87 47 60 FF 37 40 9 0
ID: 153, Data: 80 0 0 FF 0 FF 0 0
ID: 153, Data: 80 0 0 FF 0 FF 0 0
ID: 2A0, Data: 880 0 50 1C 3C 0 17 0
ID: 316, Data: 85 29 13 C 2C 20 5 80
ID: 260, Data: 8B 2A 2C 30 FF FF 73 20
ID: 1F1, Data: 80 77 2E E0 2 2F E0 2
ID: 43F, Data: 87 47 60 FF 38 7C 9 0
ID: 43F, Data: 87 47 60 FF 38 74 9 0
ID: 545, Data: 8E4 29 0 8D 9E 0 9E 0
ID: 5F0, Data: 20 0
ID: 316, Data: 85 29 5E C 2A 21 5 80
ID: 153, Data: 80 0 0 FF 0 FF 0 0
ID: 316, Data: 85 29 43 C 2A 21 5 80
ID: 153, Data: 80 0 0 FF 0 FF 0 0
ID: 316, Data: 85 29 58 C 2A 21 5 80
ID: 440, Data: 8A0 4E 5 A0 FF AA AA AA
ID: 153, Data: 80 0 0 FF 0 FF 0 0
ID: 2A0, Data: 8E0 0 50 1C 3C 0 17 0
ID: 440, Data: 8A1 4E 5 A0 FF AA AA AA
ID: 545, Data: 8E4 2A 0 8D 94 0 94 0
ID: 1F0, Data: 8FB 3F 5 C0 0 0 0 0
ID: 153, Data: 80 0 0 FF 0 FF 0 0
ID: 316, Data: 85 29 39 C 2A 20 5 80
ID: 153, Data: 80 0 0 FF 0 FF 0 0
ID: 316, Data: 85 29 52 C 2A 20 5 80
ID: 43F, Data: 87 47 60 FF 38 3C 9 0
ID: 43F, Data: 87 47 60 FF 37 38 9 0
ID: 43F, Data: 87 47 60 FF 37 1C 9 0
ID: 316, Data: 85 29 33 C 2A 20 5 80
ID: 153, Data: 80 0 0 FF 0 FF 0 0
ID: 153, Data: 80 0 0 FF 0 FF 0 0
ID: 260, Data: 8B 29 2B 30 FF FF 74 21
ID: 316, Data: 85 29 24 C 2A 20 5 80
ID: 43F, Data: 87 47 60 FF 37 FC 8 0
ID: 43F, Data: 87 47 60 FF 37 F4 8 0
ID: 370, Data: 8FF E0 F0 FF FF FF FF FF
ID: 316, Data: 85 29 24 C 2A 20 5 80
ID: 316, Data: 85 29 17 C 2A 20 5 80
ID: 153, Data: 80 0 0 FF 0 FF 0 0
ID: 316, Data: 85 29 11 C 2A 20 5 80
ID: 316, Data: 85 29 E C 2B 20 5 80
ID: 316, Data: 85 29 E C 2A 20 5 80
ID: 316, Data: 85 29 2A C 2A 20 5 80
ID: 545, Data: 8E4 29 0 8D 98 0 98 0
ID: 316, Data: 85 29 31 C 29 20 5 80
ID: 153, Data: 80 0 0 FF 0 FF 0 0
ID: 316, Data: 85 29 1B C 2A 20 5 80
ID: 5F0, Data: 20 0
ID: 153, Data: 80 0 0 FF 0 FF 0 0
ID: 153, Data: 80 0 0 FF 0 FF 0 0
ID: 18F, Data: 8AA 5B 0 0 0 0 0 0
ID: 18F, Data: 8AA 5B 0 0 0 0 0 0
ID: 316, Data: 85 29 E3 B 2B 20 5 80
ID: 316, Data: 85 29 D0 B 2B 20 5 80
ID: 316, Data: 85 29 D2 B 2B 20 5 80
ID: 2A0, Data: 840 0 50 1C 3C 0 17 0
ID: 153, Data: 80 0 0 FF 0 FF 0 0
ID: 43F, Data: 87 47 60 FF 37 1C 8 0
ID: 153, Data: 80 0 0 FF 0 FF 0 0
ID: 153, Data: 80 0 0 FF 0 FF 0 0
ID: A0, Data: 834 57 EB B 5 25 2 0
ID: 43F, Data: 87 47 60 FF 37 B0 7 0
ID: 329, Data: 840 7D 80 8 12 2D 0 26
ID: A0, Data: 836 57 AB B 5 25 2 0
ID: 5F0, Data: 20 0
ID: 43F, Data: 87 47 60 FF 37 9C 7 0
ID: A0, Data: 835 57 CE B 5 25 2 0
ID: 316, Data: 85 29 DC B 2B 20 4 80
ID: 153, Data: 80 0 0 FF 0 FF 0 0
ID: 316, Data: 85 29 D7 B 2B 20 4 80
ID: 153, Data: 80 0 0 FF 0 FF 0 0
ID: 43F, Data: 87 47 60 FF 37 58 7 0
ID: 153, Data: 80 0 0 FF 0 FF 0 0
ID: 153, Data: 80 0 0 FF 0 FF 0 0
ID: 316, Data: 85 29 BC B 2B 20 4 80
ID: A0, Data: 834 57 D2 B 5 25 2 0
ID: 316, Data: 85 29 A4 B 2B 20 4 80
ID: 153, Data: 80 0 0 FF 0 FF 0 0
ID: 153, Data: 80 0 0 FF 0 FF 0 0
ID: 153, Data: 80 0 0 FF 0 FF 0 0
ID: 2A0, Data: 820 0 50 1C 3C 0 17 0
ID: 316, Data: 85 29 BA B 2B 20 4 80
ID: 2A0, Data: 8E0 0 50 1C 3C 0 17 0
ID: 43F, Data: 87 47 60 FF 37 C4 6 0
ID: 316, Data: 85 29 B2 B 2B 20 4 80
ID: 153, Data: 80 0 0 FF 0 FF 0 0
ID: 316, Data: 85 29 A5 B 2C 20 4 80
ID: 153, Data: 80 0 0 FF 0 FF 0 0
ID: 316, Data: 85 29 B0 B 2B 20 4 80
ID: 316, Data: 85 29 AE B 2C 20 4 80
ID: 153, Data: 80 0 0 FF 0 FF 0 0
ID: 280, Data: 830 0 84 7E 17 1D 50 4E
ID: 316, Data: 85 29 B7 B 2B 20 4 80
ID: 316, Data: 85 29 C5 B 2B 20 4 80
ID: 153, Data: 80 0 0 FF 0 FF 0 0
ID: 153, Data: 80 0 0 FF 0 FF 0 0
ID: 316, Data: 85 29 A2 B 2C 20 4 80
ID: 43F, Data: 87 47 60 FF 37 70 6 0
ID: 440, Data: 88B 9E 3 A0 FF AA AA AA
ID: 153, Data: 80 0 0 FF 0 FF 0 0
ID: 329, Data: 8ED 7E 80 8 12 2D 0 26
ID: 316, Data: 85 29 A9 B 2C 20 4 80
ID: A0, Data: 836 57 B3 B 4 25 2 0
ID: 316, Data: 85 29 77 B 2D 20 4 80
ID: 153, Data: 80 0 0 FF 0 FF 0 0
ID: 153, Data: 80 0 0 FF 0 FF 0 0
ID: 43F, Data: 87 47 60 FF 37 C0 6 0
ID: 280, Data: 830 0 84 7E 17 1E 50 50
ID: 153, Data: 80 0 0 FF 0 FF 0 0
ID: 1F1, Data: 80 CD 22 0 2 22 10 2
ID: 43F, Data: 87 47 60 FF 37 DC 6 0
ID: 43F, Data: 87 47 60 FF 37 DC 6 0
ID: 153, Data: 80 0 0 FF 0 FF 0 0
ID: 316, Data: 85 2A EB B 2B 20 4 80
ID: 153, Data: 80 0 0 FF 0 FF 0 0
ID: 316, Data: 85 2A D7 B 2B 20 4 80
ID: 316, Data: 85 2A E0 B 2B 20 4 80
ID: 316, Data: 85 2A F9 B 2B 20 4 80
ID: 18F, Data: 8AA 59 0 0 0 0 0 0
ID: 5A0, Data: 80 0 0 90 0 0 0 0
ID: 260, Data: 8B 2A 2C 30 FF FF 76 F
ID: 43F, Data: 87 47 60 FF 37 FC 6 0
ID: 153, Data: 80 0 0 FF 0 FF 0 0
ID: 440, Data: 88F 4E 4 A0 FF AA AA AA
ID: 280, Data: 830 0 84 7E 17 1D 50 4E
ID: 316, Data: 85 29 E0 B 2B 20 4 80
ID: 329, Data: 8ED 7E 80 8 12 2D 0 26
ID: 260, Data: 8B 2A 2C 30 FF FF 76 F
ID: 1F1, Data: 80 DE 24 30 2 26 40 2
ID: 1F0, Data: 8D0 3F 5 C0 0 0 0 0
ID: 316, Data: 85 29 BC B 2C 20 4 80
ID: 316, Data: 85 29 B0 B 2C 20 4 80
ID: 260, Data: 8B 2A 2C 30 FF FF 79 2A
ID: 153, Data: 80 0 0 FF 0 FF 0 0
ID: 153, Data: 80 0 0 FF 0 FF 0 0
ID: 43F, Data: 87 47 60 FF 37 34 7 0
ID: 153, Data: 80 0 0 FF 0 FF 0 0
ID: 316, Data: 85 2A 6F B 2D 20 4 80
ID: 153, Data: 80 0 0 FF 0 FF 0 0
ID: 153, Data: 80 0 0 FF 0 FF 0 0
ID: 153, Data: 80 0 0 FF 0 FF 0 0
ID: 18F, Data: 8AA 59 0 0 0 0 0 0
ID: 316, Data: 85 2B 58 B 2E 20 3 80
ID: 1F0, Data: 885 3F 5 C0 0 0 0 0
ID: 316, Data: 85 2B 58 B 2E 20 3 80
ID: 316, Data: 85 2C 56 B 2E 20 3 80
ID: 280, Data: 830 0 84 7E 16 1F 50 51
ID: 153, Data: 80 0 0 FF 0 FF 0 0
ID: 153, Data: 80 0 0 FF 0 FF 0 0
ID: 316, Data: 85 2C 19 B 30 1F 3 80
ID: 43F, Data: 87 47 60 FF 37 6C 6 0
ID: 153, Data: 80 0 0 FF 0 FF 0 0
ID: 316, Data: 85 2D 65 B 2F 20 3 80
ID: 43F, Data: 87 47 60 FF 37 78 6 0
ID: 440, Data: 88B 3E 3 A0 FF AA AA AA
ID: 316, Data: 85 2D 81 B 2E 20 3 80
ID: 153, Data: 80 0 0 FF 0 FF 0 0
ID: 316, Data: 85 2D 8C B 2E 20 3 80
ID: A0, Data: 838 57 8C B 4 26 2 0
ID: 316, Data: 85 2C 92 B 2E 20 3 80
ID: 153, Data: 80 0 0 FF 0 FF 0 0
ID: 316, Data: 85 2C B0 B 2D 20 3 80
ID: 153, Data: 80 0 0 FF 0 FF 0 0
ID: 43F, Data: 87 47 60 FF 37 D4 6 0
ID: 43F, Data: 87 47 60 FF 37 D4 6 0
ID: 153, Data: 80 0 0 FF 0 FF 0 0
ID: 316, Data: 85 2B EE B 2D 20 3 80
ID: 153, Data: 80 0 0 FF 0 FF 0 0
ID: 153, Data: 80 0 0 FF 0 FF 0 0
ID: 316, Data: 85 2B C7 B 2D 20 3 80
ID: 440, Data: 88E EE 4 A0 FF AA AA AA
ID: 316, Data: 85 2B CC B 2D 20 3 80
ID: 316, Data: 85 2B DA B 2D 20 3 80
ID: 260, Data: 8B 2B 2D 30 FF FF 77 1B
ID: 153, Data: 80 0 0 FF 0 FF 0 0
ID: 316, Data: 85 2B E9 B 2D 20 4 80
ID: 316, Data: 85 2A D7 B 2D 20 4 80
ID: 316, Data: 85 2B D7 B 2D 20 4 80
ID: 329, Data: 8ED 7E 80 8 12 2D 0 26
ID: A0, Data: 837 57 D7 B 4 26 2 0
ID: 43F, Data: 87 47 60 FF 37 D4 7 0
ID: 43F, Data: 87 47 60 FF 37 D4 7 0
ID: 153, Data: 80 0 0 FF 0 FF 0 0
ID: 316, Data: 85 2B 1F C 2C 20 4 80
ID: 316, Data: 85 2B 1 C 2C 20 4 80
ID: 153, Data: 80 0 0 FF 0 FF 0 0
ID: 316, Data: 85 2B C9 B 2D 20 4 80
ID: 153, Data: 80 0 0 FF 0 FF 0 0
ID: 316, Data: 85 2B B5 B 2D 20 4 80
ID: 1F0, Data: 858 3F 5 C0 0 0 0 0
ID: 153, Data: 80 0 0 FF 0 FF 0 0
ID: 43F, Data: 87 47 60 FF 37 B4 7 0
ID: 153, Data: 80 0 0 FF 0 FF 0 0
ID: 316, Data: 85 2B 4 C 2C 20 4 80
ID: 153, Data: 80 0 0 FF 0 FF 0 0
ID: 316, Data: 85 2A CC B 2D 20 4 80
ID: 153, Data: 80 0 0 FF 0 FF 0 0
ID: 153, Data: 80 0 0 FF 0 FF 0 0
ID: 370, Data: 8FF E0 F0 FF FF FF FF FF
ID: 18F, Data: 8AA 58 0 0 0 0 0 0
ID: 316, Data: 85 2B 98 B 2E 20 3 80
ID: 153, Data: 80 0 0 FF 0 FF 0 0
ID: 43F, Data: 87 47 60 FF 37 F4 6 0
ID: 1F1, Data: 80 13 28 10 2 26 E0 1
ID: 153, Data: 80 0 0 FF 0 FF 0 0
ID: 316, Data: 85 2B 9B B 2E 20 3 80
ID: 153, Data: 80 0 0 FF 0 FF 0 0
ID: 316, Data: 85 2B 9B B 2E 20 3 80
ID: 316, Data: 85 2B 9F B 2E 20 3 80
ID: 153, Data: 80 0 0 FF 0 FF 0 0
ID: 545, Data: 8E4 29 0 8D D3 0 D3 0
ID: 316, Data: 85 2B 8A B 2E 20 3 80
ID: 545, Data: 8E4 2A 0 8D D5 0 D5 0
ID: 18F, Data: 8AA 58 0 0 0 0 0 0
ID: 153, Data: 80 0 0 FF 0 FF 0 0
ID: 370, Data: 8FF E0 F0 FF FF FF FF FF
ID: 280, Data: 830 0 84 7E 17 1F 50 51
ID: 316, Data: 85 2C C3 B 2D 20 3 80
ID: 545, Data: 8E4 2B 0 8D CF 0 CF 0
ID: A1, Data: 883 7E 83 7E 26 0 0 0
ID: 5A0, Data: 80 0 0 90 0 0 0 0
ID: 153, Data: 80 0 0 FF 0 FF 0 0
ID: 260, Data: 8B 2C 2E 30 FF FF 77 19
ID: 316, Data: 85 2B CE B 2D 20 3 80
ID: 316, Data: 85 2B DA B 2D 20 3 80
ID: 316, Data: 85 2B F0 B 2D 20 3 80
ID: 153, Data: 80 0 0 FF 0 FF 0 0
ID: 329, Data: 840 7E 80 8 12 2D 0 26
ID: 316, Data: 85 2B 13 C 2C 20 3 80
ID: 2A0, Data: 820 0 50 1C 3C 0 17 0
ID: 153, Data: 80 0 0 FF 0 FF 0 0
ID: 153, Data: 80 0 0 FF 0 FF 0 0
ID: 153, Data: 80 0 0 FF 0 FF 0 0
ID: 2A0, Data: 820 0 50 1C 3C 0 17 0
ID: 316, Data: 85 2B DE B 2D 20 3 80
ID: 545, Data: 8E4 2A 0 8C C3 0 C3 0
ID: 43F, Data: 87 47 60 FF 38 3C 5 0
ID: 43F, Data: 87 47 60 FF 38 18 5 0
ID: 153, Data: 80 0 0 FF 0 FF 0 0
ID: 43F, Data: 87 47 60 FF 38 EC 4 0
ID: 153, Data: 80 0 0 FF 0 FF 0 0
ID: 316, Data: 85 2B E0 B 2D 20 2 80
ID: 316, Data: 85 2B DE B 2D 20 2 80
ID: 153, Data: 80 0 0 FF 0 FF 0 0
ID: 329, Data: 840 7E 80 8 12 2D 0 26
ID: 316, Data: 85 2B 98 B 2E 20 2 80
ID: 153, Data: 80 0 0 FF 0 FF 0 0
ID: 153, Data: 80 0 0 FF 0 FF 0 0
ID: 280, Data: 830 0 84 7E 16 1F 50 51
ID: 43F, Data: 89 45 60 FF 38 48 3 0
ID: 153, Data: 80 0 0 FF 0 FF 0 0
ID: 316, Data: 85 2D 35 B 3B 1F 2 80
ID: 370, Data: 8FF E0 F0 F0 FF FF FF FF
ID: 153, Data: 80 0 0 FF 0 FF 0 0
ID: 260, Data: 8B 31 3A 30 FF FF 80 D
ID: 316, Data: 85 32 EE B 37 1F 1 80
ID: A1, Data: 883 7E 83 7E 2A 0 0 0
ID: 153, Data: 80 0 0 FF 0 FF 0 0
ID: 153, Data: 80 0 0 FF 0 FF 0 0
ID: 43F, Data: 89 48 60 FF 38 64 B 0
ID: 545, Data: 8E4 38 0 8D 48 1 48 1
ID: 153, Data: 80 0 0 FF 0 FF 0 0
ID: 43F, Data: 89 48 60 FF 38 64 B 0
ID: A1, Data: 884 7E 83 7E 2B 0 0 0
ID: 153, Data: 80 0 0 FF 0 FF 0 0
ID: 153, Data: 80 0 0 FF 0 FF 0 0
ID: 153, Data: 80 0 0 FF 0 FF 0 0
ID: 2A0, Data: 820 0 50 1C 3C 0 17 0
ID: 43F, Data: 89 48 60 FF 37 CC 9 0
ID: 545, Data: 8E4 38 0 8D 36 1 36 1
ID: A1, Data: 884 7E 84 7E 2A 0 0 0
ID: 153, Data: 80 0 0 FF 0 FF 0 0
ID: 440, Data: 836 E1 0 A0 FF AA AA AA
ID: 1F0, Data: 8BB 40 5 C0 0 0 0 0
ID: 43F, Data: 89 48 60 FF 37 90 4 0
ID: 43F, Data: 89 48 60 FF 37 80 3 0
ID: 43F, Data: 89 48 60 FF 38 80 2 0
ID: 370, Data: 8FF E0 F0 FF FF FF FF FF
ID: 153, Data: 80 0 0 FF 0 FF 0 0
ID: 316, Data: 85 3A AC C 4D 1F 0 80
ID: 316, Data: 85 3A BB C 54 1F 0 80
ID: 316, Data: 85 3C D2 C 54 1F 0 80
ID: 280, Data: 830 0 88 7E 19 27 50 61
ID: A1, Data: 886 77 85 7A 2C 0 0 0
ID: 316, Data: 85 43 70 D 51 1F 1 80
ID: 316, Data: 85 44 D7 D 50 1F 1 80
ID: 316, Data: 85 44 5E E 4F 1F 1 80
ID: 260, Data: 8B 44 4E 30 FF FF 9E 5
ID: 1F1, Data: 80 35 10 40 1 C 30 1
ID: 1F0, Data: 8EE 40 5 C0 0 0 0 0
ID: 43F, Data: 89 48 60 FF 38 34 5 0
ID: 43F, Data: 81 48 60 FF 37 68 5 0
ID: 153, Data: 80 0 0 FF 0 FF 0 0
ID: 329, Data: 8B 7F 80 8 11 34 9 26
ID: 316, Data: 85 42 3D 11 45 21 2 80
ID: 316, Data: 85 42 7B 11 45 21 3 80
ID: 153, Data: 80 0 0 FF 0 FF 0 0
ID: 43F, Data: 81 48 60 FF 37 74 7 0
ID: 43F, Data: 81 48 60 FF 38 D4 7 0
ID: 153, Data: 80 0 0 FF 0 FF 0 0
ID: 316, Data: 85 3F 6E 12 43 22 4 80
ID: 316, Data: 85 3F 84 12 42 22 4 80
ID: 316, Data: 85 3E 96 12 42 22 4 80
ID: 153, Data: 80 0 0 FF 0 FF 0 0
ID: 370, Data: 8FF E0 F0 FF FF FF FF FF
ID: 43F, Data: 81 48 60 FF 37 44 A 0
ID: 316, Data: 85 3E C3 12 42 22 5 80
ID: 260, Data: 8B 3F 42 30 FF FF BD 33
ID: 316, Data: 85 3F F5 12 42 22 5 80
ID: 316, Data: 85 3F C 13 41 22 6 80
ID: A1, Data: 889 77 88 7A 2F 0 0 0
ID: 43F, Data: 81 48 60 FF 37 6C C 0
ID: 153, Data: 80 0 0 FF 0 FF 0 0
ID: 43F, Data: 81 48 60 FF 38 4 D 0
ID: 153, Data: 80 0 0 FF 0 FF 0 0
ID: 316, Data: 85 3E DC 13 40 22 7 80
ID: 153, Data: 80 0 0 FF 0 FF 0 0
ID: 153, Data: 80 0 0 FF 0 FF 0 0
ID: 316, Data: 85 3D 29 14 3F 22 7 80
ID: 43F, Data: 81 48 60 FF 38 90 E 0
ID: 316, Data: 85 3D 5D 14 3F 22 8 80
ID: 316, Data: 85 3C 63 14 3F 22 8 80
ID: 280, Data: 830 0 88 7F 28 25 51 5E
ID: 316, Data: 85 3C 98 14 3E 23 8 80
ID: 316, Data: 85 3C A9 14 3E 23 8 80
ID: 260, Data: 8B 3C 3F 30 FF FF C0 9
ID: 370, Data: 8FF E0 F0 FF FF FF FF FF
ID: 1F0, Data: 8B7 40 5 C0 0 0 0 0
ID: 316, Data: 85 3B F1 14 3E 23 9 80
ID: 153, Data: 80 0 0 FF 0 FF 0 0
ID: 153, Data: 80 0 0 FF 0 FF 0 0
ID: 316, Data: 85 3B 46 15 3D 23 9 80
ID: 370, Data: 8FF E0 F0 FF FF FF FF FF
ID: 316, Data: 85 3A 7B 15 3D 23 9 80
ID: A0, Data: 83F 58 7B 15 A 2D 2 0
ID: 43F, Data: 81 48 60 FF 37 48 12 0
ID: 43F, Data: 81 48 60 FF 38 84 12 0
ID: 316, Data: 85 3A C 16 3C 23 A 80
ID: 260, Data: 8B 3A 3C 30 FF FF C3 B
ID: 153, Data: 80 0 0 FF 0 FF 0 0
ID: 153, Data: 80 0 0 FF 0 FF 0 0
ID: 43F, Data: 81 48 60 FF 37 88 13 0
ID: 43F, Data: 81 48 60 FF 37 B8 13 0
ID: 43F, Data: 81 48 60 FF 37 E0 13 0
ID: 440, Data: 8FE 91 9 A0 FF AA AA AA
ID: A0, Data: 83D 58 D4 16 B 2D 2 0
ID: 316, Data: 85 39 56 17 3A 24 A 80
ID: 316, Data: 85 39 79 17 39 24 A 80
ID: 153, Data: 80 0 0 FF 0 FF 0 0
ID: 153, Data: 80 0 0 FF 0 FF 0 0
ID: 153, Data: 80 0 0 FF 0 FF 0 0
ID: 545, Data: 8E4 64 0 8D 5C 1 5C 1
ID: 153, Data: 80 0 0 FF 0 FF 0 0
ID: 280, Data: 830 0 88 7F 30 22 51 55
ID: 316, Data: 85 37 6B 18 33 25 B 80
ID: A0, Data: 83A 58 8A 18 B 2D 2 0
ID: 316, Data: 85 35 A9 18 33 25 B 80
ID: 153, Data: 80 0 0 FF 0 FF 0 0
ID: 329, Data: 884 7F 80 8 11 35 7 26
ID: 440, Data: 8FE 91 B A0 FF AA AA AA
ID: 2A0, Data: 8A1 5 51 1C 3C 0 17 0
ID: 316, Data: 85 33 18 19 32 25 B 80
ID: 153, Data: 80 0 0 FF 0 FF 0 0
ID: 2A0, Data: 8A1 5 51 1C 3C 0 17 0
ID: 316, Data: 85 32 59 19 32 25 B 80
ID: 153, Data: 80 0 0 FF 0 FF 0 0
ID: 153, Data: 80 0 0 FF 0 FF 0 0
ID: A0, Data: 833 58 A4 19 C 2D 2 0
ID: 316, Data: 85 31 B4 19 33 25 B 80
ID: 280, Data: 830 0 88 7F 33 1E 50 4D
ID: 316, Data: 85 30 E8 19 33 26 B 80
ID: 316, Data: 85 30 1 1A 34 26 B 80
ID: 18F, Data: 8AA 52 0 0 0 0 0 0
ID: 153, Data: 80 0 0 FF 0 FF 0 0
ID: 18F, Data: 8AA 52 0 0 0 0 0 0
ID: 316, Data: 85 30 3F 1A 38 26 C 80
ID: 43F, Data: 81 48 60 FF 38 7C 18 0
ID: 329, Data: 8ED 7F 80 8 11 36 A 26
ID: 316, Data: 85 31 98 1A 39 26 C 80
ID: 153, Data: 80 0 0 FF 0 FF 0 0
ID: 329, Data: 840 7F 80 8 11 37 A 26
ID: 316, Data: 85 33 F4 1A 3A 26 C 80
ID: 260, Data: 8B 34 3B 30 FF FF CE 25
ID: 43F, Data: 81 48 60 FF 38 54 19 0
ID: 43F, Data: 81 48 60 FF 38 70 19 0
ID: A1, Data: 883 77 83 7B 25 0 0 0
ID: 316, Data: 85 36 B3 1B 3A 26 C 80
ID: 153, Data: 80 0 0 FF 0 FF 0 0
ID: 316, Data: 85 37 C 1C 39 26 C 80
ID: 1F1, Data: 80 E0 68 60 6 6B A0 6
ID: 316, Data: 85 38 5E 1C 39 26 D 80
ID: 260, Data: 8B 39 39 30 FF FF D0 10
ID: 153, Data: 80 0 0 FF 0 FF 0 0
ID: 316, Data: 85 38 E6 1C 38 26 D 80
ID: 316, Data: 85 38 7 1D 38 26 D 80
ID: 280, Data: 830 0 88 7F 3A 23 51 54
ID: 18F, Data: 8AA 50 0 0 0 0 0 0
ID: 153, Data: 80 0 0 FF 0 FF 0 0
ID: 43F, Data: 81 48 60 FF 38 7C 1B 0
ID: 153, Data: 80 0 0 FF 0 FF 0 0
ID: 316, Data: 85 38 C3 1D 38 26 D 80
ID: 153, Data: 80 0 0 FF 0 FF 0 0
ID: 153, Data: 80 0 0 FF 0 FF 0 0
ID: 316, Data: 85 38 2A 1E 37 26 E 80
ID: 43F, Data: 81 48 60 FF 38 58 1C 0
ID: 316, Data: 85 39 88 1E 40 30 E 80
ID: 316, Data: 85 39 A0 1E 40 30 E 80
ID: A0, Data: 83B 58 65 1E E 30 2 0
ID: 316, Data: 85 3B E 1F 3F 30 E 80
ID: 153, Data: 80 0 0 FF 0 FF 0 0
ID: 316, Data: 85 3D 8B 1F 3F 30 E 80
ID: 1F0, Data: 8F5 3F 5 C0 0 0 0 0
ID: 153, Data: 80 0 0 FF 0 FF 0 0
ID: 316, Data: 85 3E 34 20 3E 30 E 80
ID: 440, Data: 8FE E1 F A0 FF AA AA AA
ID: 329, Data: 840 7F 80 8 11 3B C 26
ID: 153, Data: 80 0 0 FF 0 FF 0 0
ID: 153, Data: 80 0 0 FF 0 FF 0 0
ID: 316, Data: 845 3E 85 20 3E 30 F 80
ID: 153, Data: 80 0 0 FF 0 FF 0 0
ID: 316, Data: 845 3F 5C 20 3E 2F F 80
ID: 153, Data: 80 0 0 FF 0 FF 0 0
ID: 153, Data: 80 0 0 FF 0 FF 0 0
ID: 316, Data: 845 3F E 21 3D 2F F 80
ID: 43F, Data: 81 48 60 FF 38 D4 1F 0
ID: 370, Data: 8FF DD F0 FF FF FF FF FF
ID: A1, Data: 881 77 7B 7C 2C 0 0 0
ID: 316, Data: 845 3D D7 21 3C 30 F 80
ID: 316, Data: 845 3C E5 21 3C 30 10 80
ID: 43F, Data: 81 48 60 FF 38 58 20 0
ID: 329, Data: 8B 7F 80 8 11 3B C 26
ID: 153, Data: 80 0 0 FF 0 FF 0 0
ID: 153, Data: 80 0 0 FF 0 FF 0 0
ID: A1, Data: 881 77 7B 7C 2A 0 0 0
ID: 2A0, Data: 8C1 8 51 1C 3C 0 17 0
ID: 18F, Data: 8AA 53 0 0 0 0 0 0
ID: 43F, Data: 81 48 60 FF 38 24 21 0
ID: 2A0, Data: 8A1 8 51 1C 3C 0 17 0
ID: 153, Data: 80 0 0 FF 0 FF 0 0
ID: 153, Data: 80 0 0 FF 0 FF 0 0
ID: 316, Data: 845 3A F7 22 3B 30 10 80
ID: 153, Data: 80 0 0 FF 0 FF 0 0
ID: 316, Data: 845 3A 36 23 3B 30 11 80
ID: 1F1, Data: 80 89 87 70 8 89 B0 8
ID: A0, Data: 83D 58 26 23 11 33 2 0
ID: 43F, Data: 81 48 60 FF 38 28 22 0
ID: 153, Data: 80 0 0 FF 0 FF 0 0
ID: 440, Data: 8FE 31 11 A0 FF AA AA AA
ID: 316, Data: 845 3A D7 23 39 31 11 80
ID: 260, Data: 8B 3A 39 30 FF FF D1 3C
ID: 316, Data: 845 39 9 24 39 31 11 80
ID: 153, Data: 80 0 0 FF 0 FF 0 0
ID: 440, Data: 8FE 41 11 A0 FF AA AA AA
ID: 43F, Data: 81 48 60 FF 38 F4 22 0
ID: 260, Data: 8B 39 31 30 FF FF D1 26
ID: 316, Data: 845 38 6E 24 21 31 11 80
ID: 329, Data: 8B 7F 80 8 11 3A 0 26
ID: 43F, Data: 81 48 60 FF 37 44 23 0
ID: 370, Data: 8FF DD F0 FF FF FF FF FF
ID: 2A0, Data: 820 8 51 1C 3C 0 17 0
ID: 153, Data: 80 0 0 FF 0 FF 0 0
ID: 316, Data: 845 2A D7 23 20 32 12 80
ID: 153, Data: 80 0 0 FF 0 FF 0 0
ID: 43F, Data: 81 48 60 FF 38 4 23 0
ID: 545, Data: 8E4 5C 0 8D 36 FF 36 FF
ID: A1, Data: 882 79 7B 7A 1E 0 0 0
ID: 316, Data: 845 24 6C 22 21 32 12 80
ID: 153, Data: 80 0 0 FF 0 FF 0 0
ID: 316, Data: 845 22 C8 21 22 32 11 80
ID: 18F, Data: 8AA 58 0 0 0 0 0 0
ID: 153, Data: 80 0 0 FF 0 FF 0 0
ID: 43F, Data: 81 48 60 FF 38 70 22 0
ID: 43F, Data: 81 48 60 FF 38 30 22 0
ID: 43F, Data: 81 48 60 FF 38 F8 21 0
ID: 316, Data: 845 1B D8 1F 23 32 11 80
ID: A0, Data: 826 58 C9 20 12 2C 2 0
ID: 316, Data: 845 1B AC 1E 23 32 11 80
ID: 280, Data: 830 0 84 7F 3C 1C 51 43
ID: 43F, Data: 81 48 60 FF 38 BC 20 0
ID: 18F, Data: 8AA 5A 0 0 0 0 0 0
ID: 153, Data: 80 0 0 FF 0 FF 0 0
ID: 370, Data: 8FF DD F0 FF FF FF FF FF
ID: 316, Data: 845 26 DC 1C 24 30 10 80
ID: 316, Data: 845 26 B1 1C 24 30 10 80
ID: 153, Data: 80 0 0 FF 0 FF 0 0
ID: 43F, Data: 81 48 60 FF 38 14 1F 0
ID: 43F, Data: 81 48 60 FF 38 CC 1E 0
ID: 316, Data: 845 26 21 1C 24 30 10 80
ID: 370, Data: 8FF DD F0 FF FF FF FF FF
ID: 316, Data: 845 25 B3 1B 25 30 F 80
ID: 153, Data: 80 0 0 FF 0 FF 0 0
ID: 440, Data: 8FE 91 F A0 FF AA AA AA
ID: 43F, Data: 81 48 60 FF 38 40 1D 0
ID: 18F, Data: 8AA 5A 0 0 0 0 0 0
ID: 316, Data: 845 29 38 19 27 2F F 80
ID: 43F, Data: 81 48 60 FF 38 9C 1C 0
ID: 316, Data: 845 2A 45 18 28 2F E 80
ID: 545, Data: 8E4 57 0 8D BE FF BE FF
ID: 153, Data: 80 0 0 FF 0 FF 0 0
ID: 316, Data: 845 2C D4 16 29 2E E 80
ID: 316, Data: 845 2D 9F 16 2A 2E E 80
ID: 260, Data: 8B 2D 2A 30 FF FF 4F 26
ID: 316, Data: 845 2E C3 15 2B 2E E 80
ID: 260, Data: 8B 2E 2C 30 FF FF 4F 14
ID: 316, Data: 845 2E 5E 15 2C 2E D 80
ID: 545, Data: 8E4 4F 0 8D 13 0 13 0
ID: 153, Data: 80 0 0 FF 0 FF 0 0
ID: 316, Data: 845 2F 1E 14 2E 2D D 80
ID: 43F, Data: 8A 45 60 FF 38 BC 18 0
ID: 316, Data: 845 31 61 13 2F 2D D 80
ID: 153, Data: 80 0 0 FF 0 FF 0 0
ID: 153, Data: 80 0 0 FF 0 FF 0 0
ID: 316, Data: 845 32 9F 12 30 2D C 80
ID: 440, Data: 8FE 31 C A0 FF AA AA AA
ID: 153, Data: 80 0 0 FF 0 FF 0 0
ID: 153, Data: 80 0 0 FF 0 FF 0 0
ID: 280, Data: 830 0 84 7F 22 26 51 57
ID: 316, Data: 845 36 1F 11 34 2B C 80
ID: 153, Data: 80 0 0 FF 0 FF 0 0
ID: 153, Data: 80 0 0 FF 0 FF 0 0
ID: 316, Data: 845 3A D5 F 36 2A C 80
ID: 5F0, Data: 20 0
ID: 316, Data: 845 3B 68 F 38 2A B 80
ID: 153, Data: 80 0 0 FF 0 FF 0 0
ID: 316, Data: 845 3C EF E 39 29 B 80
ID: 153, Data: 80 0 0 FF 0 FF 0 0
ID: 280, Data: 830 0 84 80 1C 2A 51 5F
ID: 316, Data: 845 3F EA D 3B 28 B 80
ID: 43F, Data: 8A 45 60 FF 38 D4 C 0
ID: 43F, Data: 8A 45 60 FF 38 C8 C 0
ID: 43F, Data: 8A 45 60 FF 38 C0 C 0
ID: 316, Data: 845 42 C1 D 3B 28 B 80
ID: A0, Data: 846 58 D4 D C 29 2 0
ID: 153, Data: 80 0 0 FF 0 FF 0 0
ID: 370, Data: 8FF DD F0 F0 FF FF FF FF
ID: A1, Data: 87D 7A 7D 7A 2E 0 0 0
ID: 316, Data: 845 41 1D E 38 28 B 80
ID: 316, Data: 845 41 24 E 38 29 B 80
ID: A0, Data: 842 58 15 E C 29 2 0
ID: 316, Data: 845 40 5B E 37 29 B 80
ID: 153, Data: 80 0 0 FF 0 FF 0 0
ID: 316, Data: 845 3F 91 E 36 29 B 80
ID: 153, Data: 80 0 0 FF 0 FF 0 0
ID: 153, Data: 80 0 0 FF 0 FF 0 0
ID: 316, Data: 845 3E 50 E 36 29 B 80
ID: 43F, Data: 82 45 60 FF 38 C4 C 0
ID: 370, Data: 8FF DD F0 F0 FF FF FF FF
ID: 316, Data: 845 3D 5E E 36 29 B 80
ID: 153, Data: 80 0 0 FF 0 FF 0 0
ID: 316, Data: 845 3D 49 E 36 29 B 80
ID: 153, Data: 80 0 0 FF 0 FF 0 0
ID: 280, Data: 830 0 84 80 1C 28 51 5D
ID: 316, Data: 845 3C 58 E 36 29 B 80
ID: 153, Data: 80 0 0 FF 0 FF 0 0
ID: 316, Data: 845 3C 2F E 36 29 B 80
ID: 153, Data: 80 0 0 FF 0 FF 0 0
ID: 316, Data: 845 3C 2C E 36 29 B 80
ID: 153, Data: 80 0 0 FF 0 FF 0 0
ID: 153, Data: 80 0 0 FF 0 FF 0 0
ID: 316, Data: 845 3B 53 E 35 29 B 80
ID: 43F, Data: 82 45 60 FF 38 C0 C 0
ID: 316, Data: 845 3B 41 E 36 29 B 80
ID: 316, Data: 845 3B 22 E 36 29 B 80
ID: 153, Data: 80 0 0 FF 0 FF 0 0
ID: 316, Data: 845 3B 4B E 35 29 B 80
ID: 5F0, Data: 20 0
ID: 316, Data: 845 3B 22 E 36 29 B 80
ID: 153, Data: 80 0 0 FF 0 FF 0 0
ID: 316, Data: 845 3B 2C E 35 29 B 80
ID: 153, Data: 80 0 0 FF 0 FF 0 0
ID: 545, Data: 8E4 3C 0 8D 3C 1 3C 1
ID: 316, Data: 845 3A 41 E 35 29 B 80
ID: 280, Data: 830 0 84 80 1C 27 51 5D
ID: 43F, Data: 82 45 60 FF 38 B8 C 0
ID: 43F, Data: 82 45 60 FF 38 A4 C 0
ID: 280, Data: 830 0 84 80 1D 27 51 5C
ID: A1, Data: 87A 7A 79 7A 2C 0 0 0
ID: 153, Data: 80 0 0 FF 0 FF 0 0
ID: 316, Data: 845 38 3 F 33 29 B 80
ID: 440, Data: 8FE D2 B A0 FF AA AA AA
ID: 316, Data: 845 37 FE E 33 2A B 80
ID: 18F, Data: 8AA 5C 0 0 0 0 0 0
ID: 153, Data: 80 0 0 FF 0 FF 0 0
ID: 153, Data: 80 0 0 FF 0 FF 0 0
ID: 2A0, Data: 840 2 51 1C 3C 0 17 0
ID: 316, Data: 845 37 E4 E 34 2A B 80
ID: 545, Data: 8E4 3C 0 8D E9 0 E9 0
ID: 43F, Data: 82 45 60 FF 38 B8 C 0
ID: 370, Data: 8FF DD F0 F0 FF FF FF FF
ID: 153, Data: 80 0 0 FF 0 FF 0 0
ID: 316, Data: 845 37 E1 E 34 29 B 80
ID: 2A0, Data: 840 2 51 1C 3C 0 17 0
ID: 153, Data: 80 0 0 FF 0 FF 0 0
ID: 316, Data: 845 37 DB E 34 2A B 80
ID: 153, Data: 80 0 0 FF 0 FF 0 0
ID: 316, Data: 845 37 C2 E 34 29 B 80
ID: 153, Data: 80 0 0 FF 0 FF 0 0
ID: 316, Data: 845 37 BF E 34 29 B 80
ID: 43F, Data: 82 45 60 FF 38 C0 C 0
ID: 280, Data: 830 0 84 80 1D 25 51 5B
ID: 153, Data: 80 0 0 FF 0 FF 0 0
ID: 316, Data: 845 36 E7 E 33 29 B 80
ID: 316, Data: 845 36 F2 E 33 2A B 80
ID: 316, Data: 845 36 F5 E 33 2A B 80
ID: 260, Data: 8B 37 33 30 FF FF 68 17
ID: 43F, Data: 82 45 60 FF 38 D0 C 0
ID: 316, Data: 845 36 2F F 33 2A B 80
ID: 329, Data: 8ED 80 80 8 11 31 0 26
ID: 316, Data: 845 35 5F F 32 2A B 80
ID: 1F0, Data: 81 40 5 C0 0 0 0 0
ID: 545, Data: 8E4 3E 0 8D C3 0 C3 0
ID: 316, Data: 845 35 65 F 32 2A B 80
ID: 316, Data: 845 35 71 F 32 2A B 80
ID: 316, Data: 845 34 93 F 32 2A B 80
ID: 316, Data: 845 34 A3 F 31 2A B 80
ID: 280, Data: 830 0 84 80 1F 24 51 58
ID: 153, Data: 80 0 0 FF 0 FF 0 0
ID: 153, Data: 80 0 0 FF 0 FF 0 0
ID: 43F, Data: 82 45 60 FF 38 F8 C 0
ID: 153, Data: 80 0 0 FF 0 FF 0 0
ID: 43F, Data: 82 45 60 FF 38 FC C 0
ID: 153, Data: 80 0 0 FF 0 FF 0 0
ID: 153, Data: 80 0 0 FF 0 FF 0 0
ID: 153, Data: 80 0 0 FF 0 FF 0 0
ID: 18F, Data: 8AA 5B 0 0 0 0 0 0
ID: 316, Data: 845 34 99 F 32 2A B 80
ID: 1F0, Data: 82 40 5 C0 0 0 0 0
ID: 545, Data: 8E4 3E 0 8D AD 0 AD 0
ID: 316, Data: 845 34 A6 F 31 2A B 80
ID: 280, Data: 830 0 84 81 1F 23 51 58
ID: 43F, Data: 82 45 60 FF 38 28 D 0
ID: 316, Data: 845 34 A6 F 31 2A B 80
ID: 280, Data: 830 0 84 81 1F 23 51 58
ID: 153, Data: 80 0 0 FF 0 FF 0 0
ID: 153, Data: 80 0 0 FF 0 FF 0 0
ID: 316, Data: 845 33 EF F 31 2A C 80
ID: 43F, Data: 82 45 60 FF 38 48 D 0
ID: 43F, Data: 82 45 60 FF 38 4C D 0
ID: 440, Data: 8FE 22 B A0 FF AA AA AA
ID: 370, Data: 8FF DD F0 F0 FF FF FF FF
ID: 316, Data: 845 33 10 10 31 2B C 80
ID: 18F, Data: 8AA 5A 0 0 0 0 0 0
ID: 43F, Data: 82 45 60 FF 38 6C D 0
ID: 153, Data: 80 0 0 FF 0 FF 0 0
ID: 153, Data: 80 0 0 FF 0 FF 0 0
ID: 316, Data: 845 32 4C 10 30 2B C 80
ID: A0, Data: 83A 59 50 10 C 29 2 0
ID: 316, Data: 845 32 45 10 30 2B C 80
ID: 316, Data: 845 32 3F 10 30 2B C 80
ID: 18F, Data: 8AA 5A 0 0 0 0 0 0
ID: 370, Data: 8FF DD F0 F0 FF FF FF FF
ID: 153, Data: 80 0 0 FF 0 FF 0 0
ID: 329, Data: 8B 81 80 8 11 31 0 26
ID: 43F, Data: 82 45 60 FF 38 A8 D 0
ID: 316, Data: 845 32 42 10 30 2B C 80
ID: A0, Data: 83A 59 42 10 C 29 2 0
ID: 153, Data: 80 0 0 FF 0 FF 0 0
ID: 316, Data: 845 32 6B 10 30 2B C 80
ID: 153, Data: 80 0 0 FF 0 FF 0 0
ID: 316, Data: 845 32 83 10 30 2B C 80
ID: 43F, Data: 82 45 60 FF 38 D4 D 0
ID: A0, Data: 83A 59 6F 10 D 29 2 0
ID: 316, Data: 845 32 75 10 30 2B C 80
ID: 153, Data: 80 0 0 FF 0 FF 0 0
ID: 316, Data: 845 32 91 10 30 2B C 80
ID: 316, Data: 845 32 8E 10 2F 2B C 80
ID: 18F, Data: 8AA 5A 0 0 0 0 0 0
ID: 43F, Data: 82 45 60 FF 38 28 E 0
ID: 153, Data: 80 0 0 FF 0 FF 0 0
ID: 153, Data: 80 0 0 FF 0 FF 0 0
ID: 316, Data: 845 31 E4 10 2F 2B C 80
ID: 43F, Data: 82 45 60 FF 38 14 E 0
ID: 316, Data: 845 31 E0 10 2F 2B C 80
ID: 316, Data: 845 31 C7 10 2F 2B C 80
ID: 43F, Data: 82 45 60 FF 38 2C E 0
ID: 43F, Data: 82 45 60 FF 38 54 E 0
ID: 316, Data: 845 31 E0 10 2F 2B C 80
ID: 2A0, Data: 840 0 51 1C 3C 0 17 0
ID: 316, Data: 845 30 EF 10 2F 2B D 80
ID: 153, Data: 80 0 0 FF 0 FF 0 0
ID: 153, Data: 80 0 0 FF 0 FF 0 0
ID: 280, Data: 830 0 84 81 21 22 51 54
ID: 316, Data: 845 31 DD 10 2F 2B D 80
ID: 153, Data: 80 0 0 FF 0 FF 0 0
ID: 153, Data: 80 0 0 FF 0 FF 0 0
ID: 316, Data: 845 31 C 11 2E 2B D 80
ID: 153, Data: 80 0 0 FF 0 FF 0 0
ID: 316, Data: 845 31 18 11 2E 2B D 80
ID: 43F, Data: 82 45 60 FF 38 A8 E 0
ID: 316, Data: 845 31 10 11 2E 2B D 80
ID: 2A0, Data: 820 0 51 1C 3C 0 17 0
ID: 153, Data: 80 0 0 FF 0 FF 0 0
ID: 316, Data: 845 31 2E 11 2E 2B D 80
ID: 1F1, Data: 80 1 69 90 6 6B C0 6
ID: 316, Data: 845 30 3D 11 2E 2B D 80
ID: 280, Data: 830 0 84 81 22 22 51 54
ID: 153, Data: 80 0 0 FF 0 FF 0 0
ID: 316, Data: 845 30 60 11 2E 2B D 80
ID: 43F, Data: 82 45 60 FF 38 DC E 0
ID: 260, Data: 8B 30 2E 30 FF FF 7E E
ID: 316, Data: 845 30 45 11 2E 2B D 80
ID: 316, Data: 845 30 49 11 2E 2B D 80
ID: A0, Data: 838 5A 58 11 E 29 2 0
ID: 43F, Data: 82 45 60 FF 38 C F 0
ID: 153, Data: 80 0 0 FF 0 FF 0 0
ID: 316, Data: 845 30 58 11 2E 2C D 80
ID: 153, Data: 80 0 0 FF 0 FF 0 0
ID: 329, Data: 884 81 80 8 11 31 0 26
ID: 316, Data: 845 30 6B 11 2E 2B D 80
ID: 260, Data: 8B 30 2E 30 FF FF 7E E
ID: 43F, Data: 82 45 60 FF 38 38 F 0
ID: 316, Data: 845 30 54 11 2E 2B D 80
ID: 280, Data: 830 0 84 82 22 22 51 53
ID: 316, Data: 845 30 64 11 2E 2C D 80
ID: 329, Data: 884 82 80 8 11 31 0 26
ID: 43F, Data: 82 45 60 FF 38 58 F 0
ID: 316, Data: 845 30 6F 11 2E 2C D 80
ID: 329, Data: 8ED 82 80 8 11 31 0 26
ID: 316, Data: 845 30 7F 11 2E 2C D 80
ID: 316, Data: 845 30 87 11 2E 2C D 80
ID: A0, Data: 837 5A 9B 11 E 29 2 0
ID: 316, Data: 845 30 93 11 2D 2C D 80
ID: 1F0, Data: 83 40 5 C0 0 0 0 0
ID: 260, Data: 8B 30 2E 30 FF FF 7E 3B
ID: 329, Data: 884 82 80 8 11 31 0 26
ID: 153, Data: 80 0 0 FF 0 FF 0 0
ID: 316, Data: 845 2F 9B 11 2D 2C E 80
ID: 153, Data: 80 0 0 FF 0 FF 0 0
ID: 153, Data: 80 0 0 FF 0 FF 0 0
ID: 316, Data: 845 2F A6 11 2D 2C E 80
ID: 370, Data: 8FF DA F0 F0 FF FF FF FF
ID: 2A0, Data: 880 0 51 1C 3C 0 17 0
ID: 153, Data: 80 0 0 FF 0 FF 0 0
ID: 316, Data: 845 2F AE 11 2D 2C E 80
ID: 316, Data: 845 2F B6 11 2D 2C E 80
ID: 2A0, Data: 820 0 51 1C 3C 0 17 0
ID: 43F, Data: 82 45 60 FF 38 8C F 0
ID: 43F, Data: 82 45 60 FF 38 80 F 0
ID: 316, Data: 845 2F A6 11 2D 2C E 80
ID: 545, Data: 8E4 43 0 8D 3D 0 3D 0
ID: 153, Data: 80 0 0 FF 0 FF 0 0
ID: 316, Data: 845 2F 83 11 2E 2C E 80
ID: 153, Data: 80 0 0 FF 0 FF 0 0
ID: 280, Data: 830 0 84 82 23 21 51 53
ID: 316, Data: 845 2F 8B 11 2D 2C E 80
ID: 153, Data: 80 0 0 FF 0 FF 0 0
ID: 316, Data: 845 2F 6F 11 2E 2C E 80
ID: 153, Data: 80 0 0 FF 0 FF 0 0
ID: 153, Data: 80 0 0 FF 0 FF 0 0
ID: 316, Data: 845 2F 7B 11 2E 2C E 80
ID: 153, Data: 80 0 0 FF 0 FF 0 0
ID: 545, Data: 8E4 43 0 8D 45 0 45 0
ID: 316, Data: 845 2F A2 11 2D 2C E 80
ID: 280, Data: 830 0 84 82 23 21 51 52
ID: 316, Data: 845 2F BF 11 2D 2C E 80
ID: 316, Data: 845 2F BB 11 2D 2C E 80
ID: 316, Data: 845 2F E3 11 2D 2C E 80
ID: 316, Data: 845 2F D7 11 2D 2C E 80
ID: 43F, Data: 82 45 60 FF 38 B4 F 0
ID: 5F0, Data: 20 0
ID: 316, Data: 845 2F C7 11 2D 2C E 80
ID: 316, Data: 845 2F B2 11 2D 2C E 80
ID: 153, Data: 80 0 0 FF 0 FF 0 0
ID: 316, Data: 845 2F D3 11 2D 2C E 80
ID: 316, Data: 845 2F DB 11 2D 2C E 80
ID: 545, Data: 8E4 44 0 8D 38 0 38 0
ID: 370, Data: 8FF DA F0 F0 FF FF FF FF
ID: 440, Data: 8FE 22 E A0 FF AA AA AA
ID: 153, Data: 80 0 0 FF 0 FF 0 0
ID: 316, Data: 845 2F EB 11 23 22 E 80
ID: 153, Data: 80 0 0 FF 0 FF 0 0
ID: 329, Data: 840 82 80 8 11 31 0 26
ID: 316, Data: 845 2E EB 11 24 22 E 80
ID: 2A0, Data: 840 0 51 1C 3C 0 17 0
ID: 5F0, Data: 20 0
ID: 153, Data: 80 0 0 FF 0 FF 0 0
ID: 316, Data: 845 2B DB 11 24 22 E 80
ID: 5F0, Data: 20 0
ID: 316, Data: 845 29 93 11 25 22 E 80
ID: 153, Data: 80 0 0 FF 0 FF 0 0
ID: 43F, Data: 82 45 60 FF 38 F0 F 0
ID: 18F, Data: 8AA 58 0 0 0 0 0 0
ID: A1, Data: 885 7A 85 7A 24 0 0 0
ID: 260, Data: 8B 28 25 30 FF FF 7E 1F
ID: 18F, Data: 8AA 58 0 0 0 0 0 0
ID: 316, Data: 85 26 11 12 24 23 E 80
ID: 153, Data: 80 0 0 FF 0 FF 0 0
ID: 316, Data: 85 26 8 12 24 23 E 80
ID: 153, Data: 80 0 0 FF 0 FF 0 0
ID: 153, Data: 80 0 0 FF 0 FF 0 0
ID: 43F, Data: 82 45 60 FF 38 4 10 0
ID: 43F, Data: 82 45 60 FF 38 10 10 0
ID: 43F, Data: 82 45 60 FF 38 8 10 0
ID: 43F, Data: 82 45 60 FF 38 0 10 0
ID: 280, Data: 830 0 84 82 23 1B 51 47
ID: A1, Data: 883 7A 81 7A 22 0 0 0
ID: 153, Data: 80 0 0 FF 0 FF 0 0
ID: 316, Data: 85 26 B6 11 25 23 E 80
ID: 43F, Data: 82 45 60 FF 38 20 10 0
ID: 316, Data: 85 26 BB 11 25 23 E 80
ID: A0, Data: 82E 5A AE 11 F 28 2 0
ID: 153, Data: 80 0 0 FF 0 FF 0 0
ID: 316, Data: 85 26 AA 11 25 23 E 80
ID: 153, Data: 80 0 0 FF 0 FF 0 0
ID: 153, Data: 80 0 0 FF 0 FF 0 0
ID: 153, Data: 80 0 0 FF 0 FF 0 0
ID: 43F, Data: 82 45 60 FF 38 2C 10 0
ID: 545, Data: 8E4 34 0 8D 3B 0 3B 0
ID: 43F, Data: 82 45 60 FF 38 48 10 0
ID: 43F, Data: 82 45 60 FF 38 50 10 0
ID: 5F0, Data: 20 0
ID: 545, Data: 8E4 35 0 8D 3A 0 3A 0
ID: 18F, Data: 8AA 54 0 0 0 0 0 0
ID: A1, Data: 881 7A 80 7A 22 0 0 0
ID: 260, Data: 8B 26 25 30 FF FF 7E 11
ID: 2A0, Data: 840 0 51 1C 3C 0 17 0
ID: 316, Data: 85 26 8F 11 25 23 E 80
ID: 316, Data: 85 26 A6 11 25 23 E 80
ID: 18F, Data: 8AA 53 0 0 0 0 0 0
ID: 5F0, Data: 20 0
ID: 153, Data: 80 0 0 FF 0 FF 0 0
ID: 43F, Data: 82 45 60 FF 38 70 10 0
ID: 329, Data: 8B 83 80 8 11 2F 0 26
ID: 43F, Data: 82 45 60 FF 38 7C 10 0
ID: 153, Data: 80 0 0 FF 0 FF 0 0
ID: 43F, Data: 82 45 60 FF 38 74 10 0
ID: 316, Data: 85 26 EB 11 25 23 E 80
ID: 1F1, Data: 80 67 77 40 7 78 80 7
ID: 153, Data: 80 0 0 FF 0 FF 0 0
ID: 153, Data: 80 0 0 FF 0 FF 0 0
ID: 43F, Data: 82 45 60 FF 38 7C 10 0
ID: 545, Data: 8E4 36 0 8D 2E 0 2E 0
ID: 5F0, Data: 20 0
ID: 43F, Data: 82 45 60 FF 38 8C 10 0
ID: 440, Data: 8FE 22 E A0 FF AA AA AA
ID: 316, Data: 85 26 F8 11 25 23 F 80
ID: 153, Data: 80 0 0 FF 0 FF 0 0
ID: 316, Data: 85 26 DB 11 25 23 E 80
ID: 153, Data: 80 0 0 FF 0 FF 0 0
ID: 153, Data: 80 0 0 FF 0 FF 0 0
ID: 316, Data: 85 26 C7 11 25 23 E 80
ID: 370, Data: 8FF DB F0 F0 FF FF FF FF
ID: 316, Data: 85 26 AE 11 25 23 F 80
ID: 153, Data: 80 0 0 FF 0 FF 0 0
ID: 153, Data: 80 0 0 FF 0 FF 0 0
ID: 153, Data: 80 0 0 FF 0 FF 0 0
ID: 260, Data: 8B 27 25 30 FF FF 7E 10
ID: 316, Data: 85 26 B6 11 25 23 F 80
ID: 153, Data: 80 0 0 FF 0 FF 0 0
ID: 316, Data: 85 26 D3 11 25 23 E 80
ID: 1F0, Data: 82 40 5 C0 0 0 0 0
ID: 153, Data: 80 0 0 FF 0 FF 0 0
ID: 370, Data: 8FF DB F0 F0 FF FF FF FF
ID: 153, Data: 80 0 0 FF 0 FF 0 0
ID: 280, Data: 830 0 84 83 23 1C 51 47
ID: 5F0, Data: 20 0
ID: 370, Data: 8FF DB F0 F0 FF FF FF FF
ID: A1, Data: 880 7A 81 7A 22 0 0 0
ID: 153, Data: 80 0 0 FF 0 FF 0 0
ID: 316, Data: 85 26 D7 11 25 23 E 80
ID: 153, Data: 80 0 0 FF 0 FF 0 0
ID: 316, Data: 85 26 DF 11 25 23 F 80
ID: 316, Data: 85 26 DB 11 25 23 F 80
ID: 329, Data: 884 83 80 8 11 2F 0 26
ID: 1F0, Data: 87 40 5 C0 0 0 0 0
ID: 153, Data: 80 0 0 FF 0 FF 0 0
ID: 316, Data: 85 26 0 12 24 23 F 80
ID: 153, Data: 80 0 0 FF 0 FF 0 0
ID: 5A0, Data: 80 0 0 90 0 0 0 0
ID: 440, Data: 8FE 82 E A0 FF AA AA AA
ID: 1F0, Data: 88 40 5 C0 0 0 0 0
ID: 370, Data: 8FF DB F0 F0 FF FF FF FF
ID: A1, Data: 881 7A 81 7A 22 0 0 0
ID: 316, Data: 85 26 CF 11 25 23 F 80
ID: 316, Data: 85 26 AE 11 25 23 F 80
ID: A0, Data: 82E 5B BB 11 F 28 2 0
ID: 316, Data: 85 26 B2 11 25 23 F 80
ID: 153, Data: 80 0 0 FF 0 FF 0 0
ID: 316, Data: 85 26 B6 11 25 23 E 80
ID: 316, Data: 85 26 BB 11 25 23 F 80
ID: 280, Data: 830 0 84 83 23 1C 51 47
ID: 43F, Data: 82 45 60 FF 38 64 10 0
ID: 43F, Data: 82 45 60 FF 38 70 10 0
ID: 43F, Data: 82 45 60 FF 38 64 10 0
ID: 316, Data: 85 26 BF 11 25 23 E 80
ID: 153, Data: 80 0 0 FF 0 FF 0 0
ID: 2A0, Data: 820 0 51 1C 3C 0 17 0
ID: 316, Data: 85 26 DF 11 25 23 E 80
ID: 1F1, Data: 80 22 74 40 7 76 70 7
ID: 153, Data: 80 0 0 FF 0 FF 0 0
ID: 153, Data: 80 0 0 FF 0 FF 0 0
ID: 316, Data: 85 26 11 12 25 23 E 80
ID: A0, Data: 82E 5B E7 11 F 28 2 0
ID: 316, Data: 85 26 C 12 24 23 E 80
ID: 316, Data: 85 26 4 12 24 23 E 80
ID: 153, Data: 80 0 0 FF 0 FF 0 0
ID: 316, Data: 85 26 E3 11 24 23 E 80
ID: 1F0, Data: 88 40 5 C0 0 0 0 0
ID: 545, Data: 8E4 35 0 8D 39 0 39 0
ID: 5F0, Data: 20 0
ID: 280, Data: 830 0 84 83 23 1C 51 47
ID: 329, Data: 8B 83 80 8 11 2F 0 26
ID: 153, Data: 80 0 0 FF 0 FF 0 0
ID: 316, Data: 85 26 AA 11 25 23 E 80
ID: 153, Data: 80 0 0 FF 0 FF 0 0
ID: 316, Data: 85 26 C7 11 25 23 E 80
ID: 153, Data: 80 0 0 FF 0 FF 0 0
ID: 316, Data: 85 26 C3 11 25 23 E 80
ID: 316, Data: 85 26 CB 11 25 23 E 80
ID: 329, Data: 8B 83 80 8 11 2F 0 26
ID: 1F1, Data: 80 55 75 40 7 77 80 7
ID: 153, Data: 80 0 0 FF 0 FF 0 0
ID: 316, Data: 85 26 DF 11 25 23 E 80
ID: 316, Data: 85 26 DB 11 24 23 E 80
ID: 153, Data: 80 0 0 FF 0 FF 0 0
ID: 18F, Data: 8AA 49 0 0 0 0 0 0
ID: 316, Data: 85 26 BB 11 25 23 E 80
ID: 316, Data: 85 26 DF 11 24 23 E 80
ID: 545, Data: 8E4 38 0 8D 3F 0 3F 0
ID: 153, Data: 80 0 0 FF 0 FF 0 0
ID: 316, Data: 85 26 FC 11 24 23 E 80
ID: 153, Data: 80 0 0 FF 0 FF 0 0
ID: 316, Data: 85 26 8 12 24 23 E 80
ID: 153, Data: 80 0 0 FF 0 FF 0 0
ID: 153, Data: 80 0 0 FF 0 FF 0 0
ID: 43F, Data: 82 45 60 FF 38 70 10 0
ID: 43F, Data: 82 45 60 FF 38 70 10 0
ID: 5F0, Data: 20 0
ID: 43F, Data: 82 45 60 FF 38 7C 10 0
ID: 316, Data: 85 26 F8 11 24 23 E 80
ID: 18F, Data: 8AA 48 0 0 0 0 0 0
ID: 5F0, Data: 20 0
ID: 153, Data: 80 0 0 FF 0 FF 0 0
ID: 18F, Data: 8AA 48 0 0 0 0 0 0
ID: 329, Data: 8ED 83 80 8 11 2F 0 26
ID: 316, Data: 85 26 C3 11 25 23 F 80
ID: 260, Data: 8B 27 25 30 FF FF 7E 10
ID: 153, Data: 80 0 0 FF 0 FF 0 0
ID: 316, Data: 85 26 AA 11 25 23 F 80
ID: 316, Data: 85 26 B6 11 25 23 E 80
ID: 316, Data: 85 26 9B 11 25 23 E 80
ID: 153, Data: 80 0 0 FF 0 FF 0 0
ID: 153, Data: 80 0 0 FF 0 FF 0 0
ID: 43F, Data: 82 45 60 FF 38 64 10 0
ID: 153, Data: 80 0 0 FF 0 FF 0 0
ID: 153, Data: 80 0 0 FF 0 FF 0 0
ID: 153, Data: 80 0 0 FF 0 FF 0 0
ID: 18F, Data: 8AA 47 0 0 0 0 0 0
ID: 316, Data: 85 26 D7 11 24 23 E 80
ID: 153, Data: 80 0 0 FF 0 FF 0 0
ID: 545, Data: 8E4 38 0 8D 3D 0 3D 0
ID: 316, Data: 85 26 E7 11 24 23 E 80
ID: 280, Data: 830 0 84 84 23 1C 51 47
ID: 153, Data: 80 0 0 FF 0 FF 0 0
ID: 43F, Data: 82 45 60 FF 38 6C 10 0
ID: 316, Data: 85 26 4 12 24 23 E 80
ID: 316, Data: 85 26 FC 11 24 23 E 80
ID: 2A0, Data: 880 0 51 1C 3C 0 17 0
ID: 370, Data: 8FF DB F0 F0 FF FF FF FF
ID: 153, Data: 80 0 0 FF 0 FF 0 0
ID: A1, Data: 881 7A 81 7A 21 0 0 0
ID: 280, Data: 830 0 84 84 23 1B 51 47
ID: 329, Data: 8B 84 80 8 11 2F 0 26
ID: 316, Data: 85 26 BF 11 25 23 E 80
ID: 1F0, Data: 84 40 5 C0 0 0 0 0
ID: 545, Data: 8E4 35 0 8D 40 0 40 0
ID: 316, Data: 85 26 B2 11 25 23 E 80
ID: 329, Data: 884 84 80 8 11 2F 0 26
ID: 43F, Data: 82 45 60 FF 38 50 10 0
ID: 153, Data: 80 0 0 FF 0 FF 0 0
ID: 280, Data: 830 0 84 84 23 1C 51 47
ID: 316, Data: 85 26 6F 11 25 22 E 80
ID: 43F, Data: 82 45 60 FF 39 2C 10 0
ID: 316, Data: 85 27 9B 11 25 23 E 80
ID: 316, Data: 85 26 8F 11 25 23 E 80
ID: 5F0, Data: 20 0
ID: 316, Data: 85 27 C7 11 25 23 E 80
ID: 43F, Data: 82 45 60 FF 38 24 10 0
ID: 43F, Data: 82 45 60 FF 38 2C 10 0
ID: 2A0, Data: 820 0 51 1C 3C 0 17 0
ID: 316, Data: 85 27 A2 11 25 23 E 80
ID: 316, Data: 85 26 AA 11 25 23 E 80
ID: 153, Data: 80 0 0 FF 0 FF 0 0
ID: 153, Data: 80 0 0 FF 0 FF 0 0
ID: 260, Data: 8B 27 25 30 FF FF 7E 3E
ID: 316, Data: 85 27 A2 11 25 23 E 80
ID: 153, Data: 80 0 0 FF 0 FF 0 0
ID: 316, Data: 85 27 83 11 25 23 E 80
ID: 316, Data: 85 27 6F 11 25 22 E 80
ID: 153, Data: 80 0 0 FF 0 FF 0 0
ID: 260, Data: 8B 27 26 30 FF FF 7E 2E
ID: 316, Data: 85 27 7B 11 25 22 E 80
ID: 43F, Data: 82 45 60 FF 39 F0 F 0
ID: 43F, Data: 82 45 60 FF 38 E8 F 0
ID: 5F0, Data: 20 0
ID: 2A0, Data: 880 0 51 1C 3C 0 17 0
ID: 280, Data: 830 0 84 84 22 1C 51 47
ID: A1, Data: 881 7A 81 7A 22 0 0 0
ID: 316, Data: 85 27 41 11 26 22 E 80
ID: 316, Data: 85 27 54 11 26 22 E 80
ID: 545, Data: 8E4 35 0 8D 49 0 49 0
ID: 43F, Data: 82 45 60 FF 38 D8 F 0
ID: 43F, Data: 82 45 60 FF 39 DC F 0
ID: 43F, Data: 82 45 60 FF 39 E0 F 0
ID: 316, Data: 85 27 49 11 26 22 E 80
ID: 370, Data: 8FF DB F0 F0 FF FF FF FF
ID: 153, Data: 80 0 0 FF 0 FF 0 0
ID: 545, Data: 8E4 35 0 8D 4C 0 4C 0
ID: 316, Data: 85 27 50 11 25 22 E 80
ID: 280, Data: 830 0 84 84 22 1C 51 47
ID: 316, Data: 85 27 4D 11 25 22 E 80
ID: 316, Data: 85 27 60 11 25 22 E 80
ID: 280, Data: 830 0 84 84 22 1C 51 47
ID: 153, Data: 80 0 0 FF 0 FF 0 0
ID: 316, Data: 85 27 68 11 25 22 E 80
ID: 316, Data: 85 27 68 11 25 22 E 80
ID: 545, Data: 8E4 37 0 8D 47 0 47 0
ID: 316, Data: 85 26 77 11 25 22 E 80
ID: 316, Data: 85 26 87 11 25 22 E 80
ID: 316, Data: 85 26 83 11 25 23 E 80
ID: 153, Data: 80 0 0 FF 0 FF 0 0
ID: 43F, Data: 82 45 60 FF 38 DC F 0
ID: 43F, Data: 82 45 60 FF 38 D8 F 0
ID: 1F1, Data: 80 89 70 10 7 74 40 7
ID: 153, Data: 80 0 0 FF 0 FF 0 0
ID: 5F0, Data: 20 0
ID: 316, Data: 85 26 49 11 26 22 E 80
ID: 43F, Data: 82 45 60 FF 39 E0 F 0
ID: 316, Data: 85 26 54 11 25 22 E 80
ID: 153, Data: 80 0 0 FF 0 FF 0 0
ID: 153, Data: 80 0 0 FF 0 FF 0 0
ID: 370, Data: 8FF DB F0 F0 FF FF FF FF
ID: 545, Data: 8E4 34 0 8D 4A 0 4A 0
ID: 153, Data: 80 0 0 FF 0 FF 0 0
ID: 316, Data: 85 27 68 11 25 22 E 80
ID: 1F1, Data: 80 AA 71 10 7 74 40 7
ID: 153, Data: 80 0 0 FF 0 FF 0 0
ID: 2A0, Data: 840 0 51 1C 3C 0 17 0
ID: 5F0, Data: 20 0
ID: 18F, Data: 8AA 43 0 0 0 0 0 0
ID: 2A0, Data: 8E0 0 51 1C 3C 0 17 0
ID: 43F, Data: 82 45 60 FF 39 E4 F 0
ID: 370, Data: 8FF DB F0 F0 FF FF FF FF
ID: A1, Data: 881 7A 80 7A 22 0 0 0
ID: 316, Data: 85 26 64 11 25 22 E 80
ID: 316, Data: 85 26 64 11 25 22 E 80
ID: 153, Data: 80 0 0 FF 0 FF 0 0
ID: 153, Data: 80 0 0 FF 0 FF 0 0
ID: 316, Data: 85 26 6F 11 25 22 E 80
ID: 18F, Data: 8AA 43 0 0 0 0 0 0
ID: 153, Data: 80 0 0 FF 0 FF 0 0
ID: 370, Data: 8FF DB F0 F0 FF FF FF FF
ID: 545, Data: 8E4 34 0 8D 3C 0 3C 0
ID: 316, Data: 85 26 50 11 25 22 E 80
ID: 316, Data: 85 26 50 11 25 22 E 80
ID: 18F, Data: 8AA 43 0 0 0 0 0 0
ID: 43F, Data: 82 45 60 FF 39 0 10 0
ID: 153, Data: 80 0 0 FF 0 FF 0 0
ID: 316, Data: 85 26 41 11 25 22 E 80
ID: 18F, Data: 8AA 43 0 0 0 0 0 0
ID: 153, Data: 80 0 0 FF 0 FF 0 0
ID: 153, Data: 80 0 0 FF 0 FF 0 0
ID: 18F, Data: 8AA 43 0 0 0 0 0 0
ID: 316, Data: 85 26 32 11 26 22 E 80
ID: 153, Data: 80 0 0 FF 0 FF 0 0
ID: 545, Data: 8E4 34 0 8D 41 0 41 0
ID: 316, Data: 85 26 6B 11 25 22 E 80
ID: 280, Data: 830 0 84 85 22 1C 51 47
ID: 316, Data: 85 26 68 11 25 22 E 80
ID: 316, Data: 85 26 68 11 25 22 E 80
ID: 260, Data: 8B 26 25 30 FF FF 7E 2
ID: 43F, Data: 82 45 60 FF 39 D0 F 0
ID: 153, Data: 80 0 0 FF 0 FF 0 0
ID: 329, Data: 8ED 85 80 8 11 2F 0 26
ID: 43F, Data: 82 45 60 FF 39 D4 F 0
ID: 440, Data: 8FE D2 E A0 FF AA AA AA
ID: 440, Data: 8FE D2 E A0 FF AA AA AA
ID: 153, Data: 80 0 0 FF 0 FF 0 0
ID: A1, Data: 883 7A 81 7A 22 0 0 0
ID: 280, Data: 830 0 84 85 21 1C 51 47
ID: 153, Data: 80 0 0 FF 0 FF 0 0
ID: 1F1, Data: 80 33 71 F0 6 73 20 7
ID: 153, Data: 80 0 0 FF 0 FF 0 0
ID: 316, Data: 85 26 60 11 25 22 E 80
ID: A1, Data: 883 7A 81 7A 22 0 0 0
ID: 316, Data: 85 26 54 11 25 22 E 80
ID: 316, Data: 85 26 4D 11 25 22 E 80
ID: 280, Data: 830 0 84 85 22 1C 51 47
ID: 43F, Data: 82 45 60 FF 39 98 F 0
ID: 43F, Data: 82 45 60 FF 39 AC F 0
ID: 329, Data: 8ED 85 80 8 11 2F 0 26
ID: A0, Data: 82D 5C 41 11 E 27 2 0
ID: 153, Data: 80 0 0 FF 0 FF 0 0
ID: 316, Data: 85 26 2A 11 26 22 E 80
ID: 43F, Data: 82 45 60 FF 39 88 F 0
ID: 370, Data: 8FF DB F0 F0 FF FF FF FF
ID: 316, Data: 85 2D 68 11 30 22 E 80
ID: 153, Data: 80 0 0 FF 0 FF 0 0
ID: 316, Data: 85 2D CB 11 31 22 E 80
ID: 153, Data: 80 0 0 FF 0 FF 0 0
ID: 316, Data: 85 2D 8 12 32 22 E 80
ID: 316, Data: 85 2E C 12 32 22 E 80
ID: 316, Data: 85 2E 11 12 33 22 E 80
ID: 2A0, Data: 861 0 51 1C 3C 0 17 0
ID: 153, Data: 80 0 0 FF 0 FF 0 0
ID: 316, Data: 85 31 2E 12 33 22 E 80
ID: 153, Data: 80 0 0 FF 0 FF 0 0
ID: 153, Data: 80 0 0 FF 0 FF 0 0
ID: 316, Data: 85 33 6E 12 33 22 E 80
ID: 43F, Data: 82 45 60 FF 38 80 F 0
ID: 316, Data: 85 33 9F 12 33 22 E 80
ID: 316, Data: 85 33 B5 12 32 22 E 80
ID: 18F, Data: 8AA 42 0 0 0 0 0 0
ID: 5F0, Data: 20 0
ID: A0, Data: 835 5C EB 12 E 2A 2 0
ID: A1, Data: 881 77 83 7B 27 0 0 0
ID: 5F0, Data: 20 0
ID: 1F1, Data: 80 88 6E F0 6 72 20 7
ID: A0, Data: 835 5C C 13 E 2A 2 0
ID: 5F0, Data: 20 0
ID: 153, Data: 80 0 0 FF 0 FF 0 0
ID: 153, Data: 80 0 0 FF 0 FF 0 0
ID: 2A0, Data: 8A1 1 51 1C 3C 0 17 0
ID: 316, Data: 85 34 49 13 31 22 E 80
ID: 545, Data: 8E4 48 0 8D 32 1 32 1
ID: 43F, Data: 82 45 60 FF 39 E4 F 0
ID: 316, Data: 85 33 5C 13 31 22 E 80
ID: 153, Data: 80 0 0 FF 0 FF 0 0
ID: 2A0, Data: 81 1 51 1C 3C 0 17 0
ID: 316, Data: 85 33 79 13 31 23 E 80
ID: 316, Data: 85 33 7E 13 31 22 E 80
ID: 153, Data: 80 0 0 FF 0 FF 0 0
ID: 43F, Data: 82 45 60 FF 38 28 10 0
ID: 43F, Data: 82 45 60 FF 39 28 10 0
ID: 43F, Data: 82 45 60 FF 39 40 10 0
ID: 280, Data: 830 0 88 85 27 1F 51 51
ID: 153, Data: 80 0 0 FF 0 FF 0 0
ID: 316, Data: 85 33 AA 13 30 23 E 80
ID: 316, Data: 85 33 AA 13 30 23 E 80
ID: 316, Data: 85 32 AF 13 30 23 E 80
ID: 153, Data: 80 0 0 FF 0 FF 0 0
ID: 316, Data: 85 32 B4 13 30 23 E 80
ID: 153, Data: 80 0 0 FF 0 FF 0 0
ID: 316, Data: 85 32 CD 13 30 23 F 80
ID: 153, Data: 80 0 0 FF 0 FF 0 0
ID: 316, Data: 85 32 D7 13 30 23 F 80
ID: 316, Data: 85 32 DC 13 30 23 F 80
ID: 316, Data: 85 32 DC 13 30 23 F 80
ID: 5F0, Data: 20 0
ID: 153, Data: 80 0 0 FF 0 FF 0 0
ID: 43F, Data: 82 45 60 FF 38 CC 10 0
ID: 5F0, Data: 20 0
ID: 43F, Data: 82 45 60 FF 39 E8 10 0
ID: 153, Data: 80 0 0 FF 0 FF 0 0
ID: 316, Data: 85 31 0 14 30 23 F 80
ID: 370, Data: 8FF DE F0 F0 FF FF FF FF
ID: 316, Data: 85 31 5 14 30 23 F 80
ID: 316, Data: 85 31 F 14 30 23 F 80
ID: 153, Data: 80 0 0 FF 0 FF 0 0
ID: 316, Data: 85 31 14 14 30 23 F 80
ID: 1F1, Data: 80 0 7A 90 7 7D D0 7
ID: 316, Data: 85 30 1E 14 30 23 F 80
ID: 280, Data: 830 0 88 85 28 1E 51 4D
ID: 153, Data: 80 0 0 FF 0 FF 0 0
ID: 316, Data: 85 30 24 14 2F 23 F 80
ID: 5F0, Data: 20 0
ID: 153, Data: 80 0 0 FF 0 FF 0 0
ID: 440, Data: 8FE D2 F A0 FF AA AA AA
ID: 5F0, Data: 20 0
ID: 440, Data: 8FE D2 F A0 FF AA AA AA
ID: 280, Data: 830 0 88 85 28 1E 51 4D
ID: 316, Data: 85 30 43 14 2F 23 F 80
ID: 5F0, Data: 20 0
ID: 370, Data: 8FF DE F0 F0 FF FF FF FF
ID: A0, Data: 831 5D 53 14 10 2A 2 0
ID: 316, Data: 85 30 63 14 2F 23 F 80
ID: 329, Data: 884 85 80 8 11 32 4 26
ID: 43F, Data: 82 45 60 FF 39 94 11 0
ID: 316, Data: 85 30 68 14 2F 23 10 80
ID: 316, Data: 85 30 73 14 2F 23 10 80
ID: 316, Data: 85 2F 78 14 2F 23 10 80
ID: 316, Data: 85 2F 7D 14 2F 23 10 80
ID: 370, Data: 8FF DD F0 F0 FF FF FF FF
ID: 316, Data: 85 2F 7D 14 2F 23 10 80
ID: 153, Data: 80 0 0 FF 0 FF 0 0
ID: 153, Data: 80 0 0 FF 0 FF 0 0
ID: 316, Data: 85 2F A3 14 2F 23 10 80
ID: 153, Data: 80 0 0 FF 0 FF 0 0
ID: 316, Data: 85 2F 9E 14 2F 23 10 80
ID: 316, Data: 85 2F A3 14 2F 23 10 80
ID: 260, Data: 8B 2F 2F 30 FF FF BF A
ID: 43F, Data: 82 45 60 FF 39 8 12 0
ID: 316, Data: 85 2F B4 14 2E 23 10 80
ID: 2A0, Data: 81 2 51 1C 3C 0 17 0
ID: 316, Data: 85 2F B4 14 2E 23 10 80
ID: 153, Data: 80 0 0 FF 0 FF 0 0
ID: 2A0, Data: 81 2 51 1C 3C 0 17 0
ID: 316, Data: 85 2F BF 14 2E 23 10 80
ID: 316, Data: 85 2F C4 14 2E 23 10 80
ID: 153, Data: 80 0 0 FF 0 FF 0 0
ID: 153, Data: 80 0 0 FF 0 FF 0 0
ID: 316, Data: 85 2F C4 14 2E 23 10 80
ID: 153, Data: 80 0 0 FF 0 FF 0 0
ID: 316, Data: 85 2F DA 14 2E 23 10 80
ID: 316, Data: 85 2F E0 14 2E 23 10 80
ID: 260, Data: 8B 2F 2F 30 FF FF BF 28
ID: 43F, Data: 82 45 60 FF 39 60 12 0
ID: 316, Data: 85 2E EB 14 2E 23 10 80
ID: 316, Data: 85 2F F6 14 2E 23 10 80
ID: 316, Data: 85 2E F6 14 2E 23 10 80
ID: 5F0, Data: 20 0
ID: 316, Data: 85 2E 2 15 2E 23 10 80
ID: 153, Data: 80 0 0 FF 0 FF 0 0
ID: 280, Data: 830 0 88 86 2A 1D 51 4A
ID: 316, Data: 85 2E D 15 2E 23 10 80
ID: A0, Data: 830 5D 2 15 11 2A 2 0
ID: 316, Data: 85 2E 18 15 2E 23 10 80
ID: 153, Data: 80 0 0 FF 0 FF 0 0
ID: 260, Data: 8B 2E 2E 30 FF FF C0 19
ID: 316, Data: 85 2E 1E 15 2E 23 10 80
ID: 43F, Data: 82 45 60 FF 39 BC 12 0
ID: 316, Data: 85 2E 24 15 2E 23 11 80
ID: 18F, Data: 8AA 3F 0 0 0 0 0 0
ID: 316, Data: 85 2E 29 15 2E 23 11 80
ID: 153, Data: 80 0 0 FF 0 FF 0 0
ID: 153, Data: 80 0 0 FF 0 FF 0 0
ID: 316, Data: 85 2E 46 15 2E 23 11 80
ID: 153, Data: 80 0 0 FF 0 FF 0 0
ID: 316, Data: 85 2E 3B 15 2E 23 11 80
ID: 316, Data: 85 2E 41 15 2E 23 11 80
ID: 2A0, Data: 861 3 51 1C 3C 0 17 0
ID: 316, Data: 85 2E 41 15 2E 23 11 80
ID: 316, Data: 85 2E 3B 15 2E 23 11 80
ID: 43F, Data: 82 45 60 FF 39 10 13 0
ID: 316, Data: 85 2E 52 15 2E 23 11 80
ID: 280, Data: 830 0 88 86 2A 1C 51 48
ID: 5F0, Data: 20 0
ID: 316, Data: 85 2D 52 15 36 24 11 80
ID: 316, Data: 85 2D 58 15 36 24 11 80
ID: 153, Data: 80 0 0 FF 0 FF 0 0
ID: 153, Data: 80 0 0 FF 0 FF 0 0
ID: 316, Data: 85 2F 52 15 36 23 11 80
ID: 153, Data: 80 0 0 FF 0 FF 0 0
ID: 316, Data: 85 31 7B 15 36 23 11 80
ID: 153, Data: 80 0 0 FF 0 FF 0 0
ID: 1F0, Data: 8FC 3F 5 C0 0 0 0 0
ID: 316, Data: 85 32 C3 15 35 23 11 80
ID: 153, Data: 80 0 0 FF 0 FF 0 0
ID: 153, Data: 80 0 0 FF 0 FF 0 0
ID: 370, Data: 8FF DD F0 F0 FF FF FF FF
ID: 316, Data: 85 32 C 16 35 23 11 80
ID: 153, Data: 80 0 0 FF 0 FF 0 0
ID: 153, Data: 80 0 0 FF 0 FF 0 0
ID: 316, Data: 85 33 25 16 35 23 11 80
ID: 5F0, Data: 20 0
ID: 316, Data: 85 33 32 16 34 23 11 80
ID: 153, Data: 80 0 0 FF 0 FF 0 0
ID: A1, Data: 888 77 80 7B 26 0 0 0
ID: 329, Data: 8B 86 80 8 11 34 7 26
ID: 153, Data: 80 0 0 FF 0 FF 0 0
ID: 153, Data: 80 0 0 FF 0 FF 0 0
ID: 316, Data: 85 33 6B 16 34 23 11 80
ID: 43F, Data: 82 45 60 FF 39 AC 13 0
ID: 43F, Data: 82 45 60 FF 39 BC 13 0
ID: 153, Data: 80 0 0 FF 0 FF 0 0
ID: 316, Data: 85 33 8C 16 34 23 11 80
ID: 153, Data: 80 0 0 FF 0 FF 0 0
ID: A0, Data: 835 5D 92 16 12 2B 2 0
ID: 316, Data: 85 33 A6 16 34 23 12 80
ID: 260, Data: 8B 34 34 30 FF FF C4 8
ID: 316, Data: 85 33 B3 16 34 23 12 80
ID: 316, Data: 85 33 BA 16 34 23 12 80
ID: 43F, Data: 82 45 60 FF 39 C 14 0
ID: 316, Data: 85 33 C7 16 34 23 12 80
ID: 280, Data: 830 0 88 86 2D 1F 51 51
ID: 316, Data: 85 33 CE 16 34 23 12 80
ID: 316, Data: 85 33 D4 16 34 23 12 80
ID: 316, Data: 85 33 E2 16 34 23 12 80
ID: 316, Data: 85 33 E2 16 34 23 12 80
ID: 153, Data: 80 0 0 FF 0 FF 0 0
ID: 316, Data: 85 33 E2 16 34 23 12 80
ID: 153, Data: 80 0 0 FF 0 FF 0 0
ID: 280, Data: 830 0 88 86 2D 20 51 51
ID: 316, Data: 85 33 FD 16 34 23 12 80
ID: 43F, Data: 82 45 60 FF 39 64 14 0
ID: 316, Data: 85 33 1F 17 34 23 12 80
ID: 2A0, Data: 861 4 51 1C 3C 0 17 0
ID: 153, Data: 80 0 0 FF 0 FF 0 0
ID: 316, Data: 85 33 3A 17 33 23 12 80
ID: 153, Data: 80 0 0 FF 0 FF 0 0
ID: 329, Data: 8B 86 80 8 11 34 7 26
ID: 316, Data: 85 33 56 17 33 24 12 80
ID: 153, Data: 80 0 0 FF 0 FF 0 0
ID: 43F, Data: 82 45 60 FF 39 BC 14 0
ID: 260, Data: 8B 33 34 30 FF FF C5 8
ID: 316, Data: 85 33 72 17 33 24 12 80
ID: 316, Data: 85 33 79 17 33 24 12 80
ID: 370, Data: 8FF DD F0 F0 FF FF FF FF
ID: 316, Data: 85 33 8E 17 33 24 12 80
ID: 153, Data: 80 0 0 FF 0 FF 0 0
ID: 43F, Data: 82 45 60 FF 38 1C 15 0
ID: 316, Data: 85 32 9C 17 33 24 12 80
ID: 316, Data: 85 32 A4 17 33 24 13 80
ID: 316, Data: 85 32 9C 17 33 24 13 80
ID: 316, Data: 85 32 A4 17 33 24 13 80
ID: 43F, Data: 82 45 60 FF 39 44 15 0
ID: 43F, Data: 82 45 60 FF 39 38 15 0
ID: 260, Data: 8B 33 33 30 FF FF C6 26
ID: 316, Data: 85 32 C7 17 33 24 13 80
ID: 316, Data: 85 32 CF 17 33 24 13 80
ID: 43F, Data: 82 45 60 FF 39 64 15 0
ID: 43F, Data: 82 45 60 FF 39 5C 15 0
ID: 545, Data: 8E4 56 0 8D FA 0 FA 0
ID: 153, Data: 80 0 0 FF 0 FF 0 0
ID: 316, Data: 85 32 EC 17 21 24 13 80
ID: 153, Data: 80 0 0 FF 0 FF 0 0
ID: 316, Data: 85 31 FB 17 1F 24 13 80
ID: 316, Data: 85 2F F3 17 1F 24 13 80
ID: 18F, Data: 8AA 3C 0 0 0 0 0 0
ID: 316, Data: 85 2A CF 17 1F 24 13 80
ID: 153, Data: 80 0 0 FF 0 FF 0 0
ID: 316, Data: 85 27 79 17 20 25 13 80
ID: 316, Data: 85 26 4F 17 20 25 13 80
ID: 545, Data: 8E4 3F 0 8D 5 0 5 0
ID: 43F, Data: 82 45 60 FF 39 84 15 0
ID: 5F0, Data: 20 0
ID: 43F, Data: 82 45 60 FF 39 74 15 0
ID: 153, Data: 80 0 0 FF 0 FF 0 0
ID: 2A0, Data: 840 4 51 1C 3C 0 17 0
ID: 316, Data: 85 21 58 16 21 25 13 80
ID: 280, Data: 830 0 84 87 2C 15 51 3A
ID: 316, Data: 85 1E 6 16 21 25 13 80
ID: 316, Data: 85 1E D5 15 22 25 13 80
ID: 43F, Data: 82 45 60 FF 39 28 15 0
ID: 316, Data: 85 1C 46 15 23 25 13 80
ID: 2A0, Data: 8E0 4 51 1C 3C 0 17 0
ID: 316, Data: 85 1D 98 14 24 24 13 80
ID: 316, Data: 85 1D 83 14 24 24 13 80
ID: A0, Data: 829 5D A9 14 13 28 2 0
ID: 316, Data: 85 26 A9 14 26 24 13 80
ID: 316, Data: 85 26 2 15 25 24 13 80
ID: 5F0, Data: 20 0
ID: 316, Data: 85 26 C3 15 24 24 13 80
ID: 43F, Data: 82 45 60 FF 39 30 15 0
ID: 280, Data: 830 0 88 87 2C 18 51 40
ID: 153, Data: 80 0 0 FF 0 FF 0 0
ID: 316, Data: 85 26 7F 16 24 25 13 80
ID: 153, Data: 80 0 0 FF 0 FF 0 0
ID: 316, Data: 85 25 6B 16 24 25 13 80
ID: 316, Data: 85 25 5F 16 24 25 13 80
ID: 5F0, Data: 20 0
ID: 43F, Data: 82 45 60 FF 39 DC 14 0
ID: 153, Data: 80 0 0 FF 0 FF 0 0
ID: 280, Data: 830 0 88 87 2C 17 51 3E
ID: 440, Data: 8FE 22 12 A0 FF AA AA AA
ID: 316, Data: 85 25 0 16 2E 2E 12 80
ID: 316, Data: 85 27 6 16 2E 2E 12 80
ID: A0, Data: 829 5E 0 16 13 29 2 0
ID: 370, Data: 8FF DD F0 F0 FF FF FF FF
ID: 43F, Data: 82 45 60 FF 39 C0 14 0
ID: 260, Data: 8B 2B 2D 30 FF FF C0 3B
ID: 316, Data: 85 2B 4B 16 2D 2E 12 80
ID: 316, Data: 85 2B 52 16 2C 2E 12 80
ID: 370, Data: 8FF DD F0 F0 FF FF FF FF
ID: 316, Data: 845 2C 78 16 2C 2E 12 80
ID: 153, Data: 80 0 0 FF 0 FF 0 0
ID: 280, Data: 830 0 88 87 2B 1B 51 46
ID: 316, Data: 845 2D AB 15 2D 2D 12 80
ID: 43F, Data: 82 45 60 FF 39 7C 14 0
ID: 316, Data: 845 2D 93 15 32 2D 12 80
ID: A1, Data: 881 77 7E 7B 22 0 0 0
ID: 43F, Data: 82 45 60 FF 39 80 14 0
ID: 316, Data: 845 2E 93 15 33 2D 12 80
ID: 260, Data: 8B 2F 33 30 FF FF C0 12
ID: 316, Data: 845 2F 99 15 33 2D 12 80
ID: 153, Data: 80 0 0 FF 0 FF 0 0
ID: 440, Data: 8FE 72 12 A0 FF AA AA AA
ID: 43F, Data: 82 45 60 FF 39 34 14 0
ID: 2A0, Data: 81 3 51 1C 3C 0 17 0
ID: 316, Data: 845 31 8D 15 33 2D 12 80
ID: 316, Data: 845 31 9F 15 36 2D 12 80
ID: A0, Data: 833 5E 8D 15 12 2B 2 0
ID: 43F, Data: 82 45 60 FF 39 10 14 0
ID: 440, Data: 8FE 82 12 A0 FF AA AA AA
ID: 18F, Data: 8AA 3E 0 0 0 0 0 0
ID: 316, Data: 845 33 B1 15 37 2D 12 80
ID: 153, Data: 80 0 0 FF 0 FF 0 0
ID: A1, Data: 883 77 7E 7B 25 0 0 0
ID: 545, Data: 8E4 53 0 8D 80 0 80 0
ID: 329, Data: 8ED 87 80 8 11 34 5 26
ID: 153, Data: 80 0 0 FF 0 FF 0 0
ID: 153, Data: 80 0 0 FF 0 FF 0 0
ID: 316, Data: 845 36 1F 16 37 2D 12 80
ID: A1, Data: 883 77 7E 7B 27 0 0 0
ID: 316, Data: 845 36 38 16 37 2D 12 80
ID: 316, Data: 845 36 4B 16 37 2D 12 80
ID: 153, Data: 80 0 0 FF 0 FF 0 0
ID: 280, Data: 830 0 88 87 2C 22 51 54
ID: 316, Data: 845 37 6B 16 36 2D 12 80
ID: 43F, Data: 82 45 60 FF 39 38 14 0
ID: 316, Data: 845 37 8C 16 36 2D 12 80
ID: A1, Data: 884 77 7C 7B 28 0 0 0
ID: 440, Data: 8FE 22 12 A0 FF AA AA AA
ID: 43F, Data: 82 45 60 FF 39 5C 14 0
ID: 153, Data: 80 0 0 FF 0 FF 0 0
ID: 316, Data: 845 37 9F 16 36 2D 12 80
ID: 153, Data: 80 0 0 FF 0 FF 0 0
ID: 260, Data: 8B 37 37 30 FF FF C3 12
ID: 316, Data: 845 36 AC 16 36 2D 12 80
ID: 153, Data: 80 0 0 FF 0 FF 0 0
ID: 329, Data: 840 87 80 8 11 34 5 26
ID: 316, Data: 845 36 BA 16 36 2D 12 80
ID: 280, Data: 830 0 88 87 2D 21 51 55
ID: 316, Data: 845 36 CE 16 36 2D 12 80
ID: 18F, Data: 8AA 44 0 0 0 0 0 0
ID: 43F, Data: 82 45 60 FF 39 84 14 0
ID: 316, Data: 845 36 C7 16 36 2D 12 80
ID: 1F0, Data: 8FB 3F 5 C0 0 0 0 0
ID: 5A0, Data: 80 0 0 90 0 0 0 0
ID: 43F, Data: 82 45 60 FF 39 98 14 0
ID: 316, Data: 845 36 CE 16 36 2D 12 80
ID: 153, Data: 80 0 0 FF 0 FF 0 0
ID: 316, Data: 845 36 DB 16 36 2D 12 80
ID: 43F, Data: 82 45 60 FF 39 98 14 0
ID: 153, Data: 80 0 0 FF 0 FF 0 0
ID: 153, Data: 80 0 0 FF 0 FF 0 0
ID: 316, Data: 845 35 E8 16 36 2D 12 80
ID: 43F, Data: 82 45 60 FF 39 A8 14 0
ID: 316, Data: 845 35 F6 16 36 2D 12 80
ID: A0, Data: 837 5E FD 16 13 2C 2 0
ID: 153, Data: 80 0 0 FF 0 FF 0 0
ID: 316, Data: 845 35 EF 16 36 2D 12 80
ID: 153, Data: 80 0 0 FF 0 FF 0 0
ID: 370, Data: 8FF DD F0 F0 FF FF FF FF
ID: 18F, Data: 8AA 45 0 0 0 0 0 0
ID: 153, Data: 80 0 0 FF 0 FF 0 0
ID: 43F, Data: 82 45 60 FF 39 BC 14 0
ID: 153, Data: 80 0 0 FF 0 FF 0 0
ID: 43F, Data: 82 45 60 FF 39 BC 14 0
ID: 153, Data: 80 0 0 FF 0 FF 0 0
ID: 316, Data: 845 35 FD 16 35 2D 12 80
ID: 1F1, Data: 80 CC 94 30 9 98 70 9
ID: 18F, Data: 8AA 46 0 0 0 0 0 0
ID: 43F, Data: 82 45 60 FF 39 C4 14 0
ID: 260, Data: 8B 35 32 30 FF FF C4 18
ID: 43F, Data: 82 45 60 FF 39 D4 14 0
ID: 370, Data: 8FF DD F0 F0 FF FF FF FF
ID: 18F, Data: 8AA 47 0 0 0 0 0 0
ID: 316, Data: 845 35 A 17 27 2D 12 80
ID: 316, Data: 845 35 3 17 27 2D 12 80
ID: 545, Data: 8E4 5B 0 8D 73 0 73 0
ID: 43F, Data: 82 45 60 FF 39 DC 14 0
ID: 153, Data: 80 0 0 FF 0 FF 0 0
ID: 370, Data: 8FF DD F0 F0 FF FF FF FF
ID: 316, Data: 845 2A A6 16 28 2D 12 80
ID: 153, Data: 80 0 0 FF 0 FF 0 0
ID: 329, Data: 8ED 88 80 8 11 31 0 26
ID: 316, Data: 845 25 25 16 29 2E 13 80
ID: 260, Data: 8B 24 29 30 FF FF 90 39
ID: 316, Data: 845 22 B1 15 29 2E 13 80
ID: A1, Data: 886 7A 82 7A 20 0 0 0
ID: 316, Data: 845 23 46 15 2A 2D 12 80
ID: 316, Data: 845 23 2F 15 2A 2D 12 80
ID: 43F, Data: 82 45 60 FF 39 7C 14 0
ID: 329, Data: 884 88 80 8 11 32 0 26
ID: 153, Data: 80 0 0 FF 0 FF 0 0
ID: 316, Data: 845 26 7 15 2A 2D 12 80
ID: 153, Data: 80 0 0 FF 0 FF 0 0
ID: 316, Data: 845 28 2 15 2A 2D 12 80
ID: 316, Data: 845 28 1E 15 2A 2D 12 80
ID: 2A0, Data: 8E0 3 51 1C 3C 0 17 0
ID: 316, Data: 845 28 3B 15 2A 2D 12 80
ID: 316, Data: 845 29 52 15 2A 2D 12 80
ID: 153, Data: 80 0 0 FF 0 FF 0 0
ID: 260, Data: 8B 29 29 30 FF FF 88 1F
ID: 316, Data: 845 28 C9 15 29 2D 12 80
ID: 153, Data: 80 0 0 FF 0 FF 0 0
ID: 316, Data: 845 28 DB 15 29 2D 12 80
ID: 1F1, Data: 80 55 8F 0 9 94 50 9
ID: A0, Data: 832 5E E7 15 13 2B 2 0
ID: 370, Data: 8FF DD F0 F0 FF FF FF FF
ID: 153, Data: 80 0 0 FF 0 FF 0 0
ID: A0, Data: 832 5E C3 15 12 2B 2 0
ID: 329, Data: 8B 88 80 8 11 33 0 26
ID: 18F, Data: 8AA 49 0 0 0 0 0 0
ID: 153, Data: 80 0 0 FF 0 FF 0 0
ID: 18F, Data: 8AA 49 0 0 0 0 0 0
ID: 316, Data: 845 29 75 15 28 2D 12 80
ID: 153, Data: 80 0 0 FF 0 FF 0 0
ID: 43F, Data: 82 45 60 FF 39 24 14 0
ID: 18F, Data: 8AA 49 0 0 0 0 0 0
ID: 43F, Data: 82 45 60 FF 39 10 14 0
ID: 153, Data: 80 0 0 FF 0 FF 0 0
ID: 153, Data: 80 0 0 FF 0 FF 0 0
ID: 5F0, Data: 20 0
ID: 260, Data: 8B 23 20 30 FF FF 86 1
ID: 2A0, Data: 8E0 2 51 1C 3C 0 17 0
ID: 5F0, Data: 20 0
ID: 316, Data: 845 21 78 14 20 24 12 80
ID: 43F, Data: 82 45 60 FF 39 C8 13 0
ID: 260, Data: 8B 22 21 30 FF FF 83 22
ID: 153, Data: 80 0 0 FF 0 FF 0 0
ID: 316, Data: 85 21 A 14 21 24 12 80
ID: 316, Data: 85 21 19 14 21 24 11 80
ID: 280, Data: 830 0 84 88 28 18 51 40
ID: 43F, Data: 82 45 60 FF 39 C0 13 0
ID: 316, Data: 85 20 58 14 20 24 11 80
ID: 153, Data: 80 0 0 FF 0 FF 0 0
ID: 316, Data: 85 20 3E 14 20 24 11 80
ID: 153, Data: 80 0 0 FF 0 FF 0 0
ID: 153, Data: 80 0 0 FF 0 FF 0 0
ID: 316, Data: 85 20 C8 13 21 24 11 80
ID: 153, Data: 80 0 0 FF 0 FF 0 0
ID: 280, Data: 830 0 84 88 26 18 51 3F
ID: 316, Data: 85 20 74 13 22 24 11 80
ID: 153, Data: 80 0 0 FF 0 FF 0 0
ID: 316, Data: 85 28 D7 13 25 24 11 80
ID: 153, Data: 80 0 0 FF 0 FF 0 0
ID: 329, Data: 8B 88 80 8 11 2F 1 26
ID: 316, Data: 85 27 C4 14 25 24 11 80
ID: 316, Data: 85 26 D5 14 25 24 11 80
ID: 153, Data: 80 0 0 FF 0 FF 0 0
ID: 370, Data: 8FF DD F0 F0 FF FF FF FF
ID: 316, Data: 85 25 9E 14 26 24 11 80
ID: 43F, Data: 82 45 60 FF 39 8 13 0
ID: 153, Data: 80 0 0 FF 0 FF 0 0
ID: 316, Data: 85 26 58 14 27 24 11 80
ID: 153, Data: 80 0 0 FF 0 FF 0 0
ID: A0, Data: 826 5F 53 14 11 27 2 0
ID: 316, Data: 85 26 3E 14 27 24 11 80
ID: 260, Data: 8B 26 28 30 FF FF BB 2C
ID: 316, Data: 85 26 43 14 28 24 11 80
ID: 545, Data: 8E4 34 0 8D 27 0 27 0
ID: 370, Data: 8FF DD F0 F0 FF FF FF FF
ID: 316, Data: 85 26 29 14 28 24 11 80
ID: 153, Data: 80 0 0 FF 0 FF 0 0
ID: 316, Data: 85 27 48 14 28 24 11 80
ID: 153, Data: 80 0 0 FF 0 FF 0 0
ID: 280, Data: 830 0 88 88 28 18 51 3F
ID: 316, Data: 85 27 43 14 28 24 11 80
ID: 43F, Data: 82 45 60 FF 39 4 13 0
ID: 43F, Data: 82 45 60 FF 39 F8 12 0
ID: 440, Data: 8FE 22 11 A0 FF AA AA AA
ID: 545, Data: 8E4 36 0 8D 38 0 38 0
ID: 316, Data: 85 27 3E 14 2A 24 11 80
ID: 280, Data: 830 0 88 88 28 18 51 40
ID: 43F, Data: 82 45 60 FF 39 D8 12 0
ID: 316, Data: 85 28 43 14 2B 24 11 80
ID: A0, Data: 829 5F 48 14 11 28 2 0
ID: 316, Data: 85 28 58 14 2A 24 11 80
ID: 316, Data: 85 28 5D 14 2A 24 11 80
ID: 5F0, Data: 20 0
ID: 316, Data: 85 29 63 14 2A 24 11 80
ID: 316, Data: 85 29 6D 14 2A 24 11 80
ID: 153, Data: 80 0 0 FF 0 FF 0 0
ID: 43F, Data: 82 45 60 FF 39 C4 12 0
ID: 43F, Data: 82 45 60 FF 39 D4 12 0
ID: 43F, Data: 82 45 60 FF 39 CC 12 0
ID: 280, Data: 830 0 88 88 29 1A 51 43
ID: 316, Data: 85 2A 98 14 2A 24 11 80
ID: 316, Data: 85 2A 9E 14 29 23 11 80
ID: 5F0, Data: 20 0
ID: 43F, Data: 82 45 60 FF 39 C4 12 0
ID: 316, Data: 85 2A 98 14 29 24 11 80
ID: 545, Data: 8E4 40 0 8D 74 0 74 0
ID: 5F0, Data: 20 0
ID: 316, Data: 85 2A A3 14 29 23 10 80
ID: 440, Data: 8FE D2 10 A0 FF AA AA AA
ID: 260, Data: 8B 2B 2A 30 FF FF BD 23
ID: 5F0, Data: 20 0
ID: 260, Data: 8B 2B 2A 30 FF FF BD 14
ID: 2A0, Data: 81 2 51 1C 3C 0 17 0
ID: 153, Data: 80 0 0 FF 0 FF 0 0
ID: 316, Data: 85 2B A9 14 29 23 11 80
ID: 153, Data: 80 0 0 FF 0 FF 0 0
ID: 316, Data: 85 2B BF 14 29 23 11 80
ID: 153, Data: 80 0 0 FF 0 FF 0 0
ID: 1F1, Data: 80 99 85 50 8 88 80 8
ID: 316, Data: 85 2B AE 14 29 23 11 80
ID: 2A0, Data: 8A1 2 51 1C 3C 0 17 0
ID: 316, Data: 85 2B B4 14 29 23 11 80
ID: 316, Data: 85 2B AE 14 29 23 11 80
ID: A0, Data: 82B 5F B9 14 11 29 2 0
ID: 316, Data: 85 2B A3 14 29 23 11 80
ID: 316, Data: 85 2B 9E 14 29 23 11 80
ID: 316, Data: 85 2B 98 14 29 23 11 80
ID: 316, Data: 85 2B A3 14 29 23 11 80
ID: A1, Data: 884 77 82 7B 20 0 0 0
ID: 316, Data: 85 2A 9E 14 2A 23 10 80
ID: 316, Data: 85 2A 98 14 2B 23 11 80
ID: A0, Data: 82B 5F 98 14 11 28 2 0
ID: 316, Data: 85 2A 98 14 2B 23 11 80
ID: 316, Data: 85 2A 9E 14 2B 23 11 80
ID: 370, Data: 8FF DD F0 F0 FF FF FF FF
ID: 316, Data: 85 2A 83 14 2C 23 10 80
ID: 43F, Data: 82 45 60 FF 39 AC 12 0
ID: 43F, Data: 82 45 60 FF 39 A0 12 0
ID: 18F, Data: 8AA 42 0 0 0 0 0 0
ID: 153, Data: 80 0 0 FF 0 FF 0 0
ID: 43F, Data: 82 45 60 FF 39 A0 12 0
ID: 545, Data: 8E4 3C 0 8D 80 0 80 0
ID: 43F, Data: 82 45 60 FF 39 9C 12 0
ID: 43F, Data: 82 45 60 FF 39 98 12 0
ID: 316, Data: 85 2E 98 14 35 23 10 80
ID: A1, Data: 881 77 7E 7B 23 0 0 0
ID: 153, Data: 80 0 0 FF 0 FF 0 0
ID: 316, Data: 85 31 7 15 34 23 11 80
ID: 153, Data: 80 0 0 FF 0 FF 0 0
ID: 316, Data: 85 32 46 15 33 23 11 80
ID: 316, Data: 85 32 52 15 33 23 10 80
ID: 260, Data: 8B 32 33 30 FF FF C1 1D
ID: 316, Data: 85 32 81 15 33 23 11 80
ID: 329, Data: 8B 89 80 8 11 33 6 26
ID: 153, Data: 80 0 0 FF 0 FF 0 0
ID: 316, Data: 85 32 99 15 32 23 11 80
ID: 43F, Data: 82 45 60 FF 39 DC 12 0
ID: 316, Data: 85 32 9F 15 32 23 11 80
ID: 153, Data: 80 0 0 FF 0 FF 0 0
ID: 5F0, Data: 20 0
ID: 316, Data: 85 32 B1 15 32 23 11 80
ID: 43F, Data: 82 45 60 FF 39 FC 12 0
ID: 43F, Data: 82 45 60 FF 39 10 13 0
ID: A1, Data: 885 77 80 7B 25 0 0 0
ID: 316, Data: 85 32 CF 15 32 23 11 80
ID: 316, Data: 85 32 D5 15 32 23 11 80
ID: 280, Data: 830 0 88 89 2B 1F 51 4D
ID: 43F, Data: 82 45 60 FF 39 2C 13 0
ID: 316, Data: 85 32 DB 15 32 23 11 80
ID: 18F, Data: 8AA 40 0 0 0 0 0 0
ID: 316, Data: 85 31 E7 15 2B 23 11 80
ID: 153, Data: 80 0 0 FF 0 FF 0 0
ID: 329, Data: 840 89 80 8 11 33 2 26
ID: 316, Data: 85 31 E7 15 27 23 11 80
ID: 1F1, Data: 80 55 89 90 8 8C D0 8
ID: 316, Data: 85 30 EE 15 27 23 11 80
ID: 153, Data: 80 0 0 FF 0 FF 0 0
ID: A1, Data: 885 77 7E 7B 24 0 0 0
ID: 329, Data: 8B 89 80 8 11 30 2 26
ID: 545, Data: 8E4 45 0 8D 94 0 94 0
ID: A1, Data: 886 77 7E 7B 22 0 0 0
ID: 153, Data: 80 0 0 FF 0 FF 0 0
ID: 43F, Data: 82 45 60 FF 39 50 13 0
ID: 153, Data: 80 0 0 FF 0 FF 0 0
ID: 5F0, Data: 20 0
ID: 153, Data: 80 0 0 FF 0 FF 0 0
ID: 18F, Data: 8AA 3F 0 0 0 0 0 0
ID: 18F, Data: 8AA 3F 0 0 0 0 0 0
ID: 316, Data: 85 25 E0 14 22 24 11 80
ID: 43F, Data: 82 45 60 FF 39 34 13 0
ID: 2A0, Data: 8E0 3 51 1C 3C 0 17 0
ID: 316, Data: 85 22 33 14 23 24 11 80
ID: 316, Data: 85 20 19 14 24 24 11 80
ID: 18F, Data: 8AA 3F 0 0 0 0 0 0
ID: 43F, Data: 82 45 60 FF 39 4 13 0
ID: 153, Data: 80 0 0 FF 0 FF 0 0
ID: 316, Data: 85 1E EB 12 26 24 11 80
ID: 153, Data: 80 0 0 FF 0 FF 0 0
ID: 316, Data: 85 20 D0 12 26 23 11 80
ID: 316, Data: 85 20 61 12 27 23 11 80
ID: 260, Data: 8B 21 27 30 FF FF 80 3F
ID: 43F, Data: 82 45 60 FF 39 BC 12 0
ID: 280, Data: 830 0 84 89 24 1A 51 43
ID: 5F0, Data: 20 0
ID: 316, Data: 85 23 61 12 26 23 11 80
ID: 43F, Data: 82 45 60 FF 39 A4 12 0
ID: 260, Data: 8B 24 26 30 FF FF 82 1D
ID: 153, Data: 80 0 0 FF 0 FF 0 0
ID: 316, Data: 85 24 3F 13 24 23 10 80
ID: 316, Data: 85 24 61 13 24 23 10 80
ID: 43F, Data: 82 45 60 FF 39 B8 12 0
ID: 43F, Data: 82 45 60 FF 39 E4 12 0
ID: 329, Data: 8ED 89 80 8 11 30 0 26
ID: A1, Data: 880 7A 7B 7A 20 0 0 0
ID: 316, Data: 85 2A A 14 27 23 10 80
ID: 153, Data: 80 0 0 FF 0 FF 0 0
ID: 280, Data: 830 0 88 89 28 19 51 43
ID: 316, Data: 85 29 33 14 2B 23 10 80
ID: 5F0, Data: 20 0
ID: 316, Data: 85 29 F 14 2C 23 10 80
ID: 440, Data: 8FE 72 10 A0 FF AA AA AA
ID: 329, Data: 8ED 89 80 8 11 30 3 26
ID: 153, Data: 80 0 0 FF 0 FF 0 0
ID: 316, Data: 85 29 EB 13 2F 23 10 80
ID: 316, Data: 85 29 F0 13 2F 23 10 80
ID: 18F, Data: 8AA 3D 0 0 0 0 0 0
ID: 43F, Data: 82 45 60 FF 39 4 12 0
ID: 153, Data: 80 0 0 FF 0 FF 0 0
ID: 43F, Data: 82 45 60 FF 39 4 12 0
ID: 153, Data: 80 0 0 FF 0 FF 0 0
ID: 153, Data: 80 0 0 FF 0 FF 0 0
ID: 153, Data: 80 0 0 FF 0 FF 0 0
ID: A0, Data: 82F 5F 0 14 10 2A 2 0
ID: 316, Data: 85 2E 33 14 31 23 10 80
ID: 280, Data: 830 0 88 89 28 1D 51 49
ID: 370, Data: 8FF DE F0 F0 FF FF FF FF
ID: 316, Data: 85 2F 7D 14 30 23 10 80
ID: 5F0, Data: 20 0
ID: 329, Data: 8ED 89 80 8 11 32 5 26
ID: 316, Data: 85 2F 8E 14 30 23 10 80
ID: 153, Data: 80 0 0 FF 0 FF 0 0
ID: 5F0, Data: 20 0
ID: 316, Data: 85 2F A9 14 30 23 10 80
ID: 153, Data: 80 0 0 FF 0 FF 0 0
ID: 43F, Data: 82 45 60 FF 39 EC 11 0
ID: 316, Data: 85 30 AE 14 30 23 10 80
ID: 316, Data: 85 30 B9 14 30 23 10 80
ID: 316, Data: 85 30 B9 14 30 23 10 80
ID: 316, Data: 85 30 BF 14 30 23 10 80
ID: A1, Data: 885 77 83 7B 24 0 0 0
ID: 43F, Data: 82 45 60 FF 39 0 12 0
ID: 316, Data: 85 30 BF 14 30 23 10 80
ID: 2A0, Data: 861 3 51 1C 3C 0 17 0
ID: 153, Data: 80 0 0 FF 0 FF 0 0
ID: 153, Data: 80 0 0 FF 0 FF 0 0
ID: 43F, Data: 82 45 60 FF 39 8 12 0
ID: 43F, Data: 82 45 60 FF 39 18 12 0
ID: 43F, Data: 82 45 60 FF 39 1C 12 0
ID: 43F, Data: 82 45 60 FF 39 10 12 0
ID: 440, Data: 8FE 22 10 A0 FF AA AA AA
ID: 316, Data: 85 30 E6 14 30 23 10 80
ID: 2A0, Data: 8C1 3 51 1C 3C 0 17 0
ID: 43F, Data: 82 45 60 FF 3A 34 12 0
ID: 43F, Data: 82 45 60 FF 39 30 12 0
ID: 280, Data: 830 0 88 89 29 1E 51 4C
ID: 316, Data: 85 30 F1 14 30 23 10 80
ID: 316, Data: 85 30 E6 14 30 23 10 80
ID: 43F, Data: 82 45 60 FF 39 30 12 0
ID: 440, Data: 8FE 82 10 A0 FF AA AA AA
ID: 2A0, Data: 8A1 3 51 1C 3C 0 17 0
ID: 316, Data: 85 30 EB 14 30 23 10 80
ID: 316, Data: 85 30 F1 14 30 23 10 80
ID: 43F, Data: 82 45 60 FF 39 4C 12 0
ID: 316, Data: 85 30 FC 14 30 23 10 80
ID: 260, Data: 8B 30 30 30 FF FF C0 4
ID: 153, Data: 80 0 0 FF 0 FF 0 0
ID: 316, Data: 85 30 7 15 30 23 10 80
ID: 153, Data: 80 0 0 FF 0 FF 0 0
ID: 329, Data: 884 89 80 8 11 32 5 26
ID: 316, Data: 85 30 D 15 30 23 10 80
ID: 280, Data: 830 0 88 8A 2A 1D 51 4B
ID: 1F1, Data: 80 AA 84 20 8 86 60 8
ID: 43F, Data: 82 45 60 FF 39 68 12 0
ID: 2A0, Data: 861 4 51 1C 3C 0 17 0
ID: 153, Data: 80 0 0 FF 0 FF 0 0
ID: 153, Data: 80 0 0 FF 0 FF 0 0
ID: 43F, Data: 82 45 60 FF 39 7C 12 0
ID: A0, Data: 830 60 1E 15 11 2A 2 0
ID: 43F, Data: 82 45 60 FF 39 84 12 0
ID: 43F, Data: 82 45 60 FF 39 90 12 0
ID: 329, Data: 8B 8A 80 8 11 2F 0 26
ID: 153, Data: 80 0 0 FF 0 FF 0 0
ID: 153, Data: 80 0 0 FF 0 FF 0 0
ID: 370, Data: 8FF DE F0 F0 FF FF FF FF
ID: 18F, Data: 8AA 3C 0 0 0 0 0 0
ID: 153, Data: 80 0 0 FF 0 FF 0 0
ID: 43F, Data: 82 45 60 FF 39 74 12 0
ID: 43F, Data: 82 45 60 FF 39 74 12 0
ID: 43F, Data: 82 45 60 FF 39 6C 12 0
ID: 316, Data: 85 1F 8C 13 25 24 10 80
ID: 43F, Data: 82 45 60 FF 3A 64 12 0
ID: 316, Data: 85 1F FE 12 26 23 10 80
ID: 2A0, Data: 820 3 51 1C 3C 0 17 0
ID: 43F, Data: 82 45 60 FF 3A C 12 0
ID: 43F, Data: 82 45 60 FF 39 EC 11 0
ID: 153, Data: 80 0 0 FF 0 FF 0 0
ID: 370, Data: 8FF DE F0 F0 FF FF FF FF
ID: 280, Data: 830 0 84 8A 24 1A 51 43
ID: 153, Data: 80 0 0 FF 0 FF 0 0
ID: 2A0, Data: 840 3 51 1C 3C 0 17 0
ID: 153, Data: 80 0 0 FF 0 FF 0 0
ID: 329, Data: 884 8A 80 8 11 30 0 26
ID: 370, Data: 8FF DE F0 F0 FF FF FF FF
ID: 2A0, Data: 840 3 51 1C 3C 0 17 0
ID: 316, Data: 85 24 31 13 24 23 10 80
ID: 316, Data: 85 24 57 13 24 23 10 80
ID: 43F, Data: 82 45 60 FF 3A C0 11 0
ID: 316, Data: 85 24 44 13 24 23 10 80
ID: A0, Data: 82C 60 5C 13 10 28 2 0
ID: 316, Data: 85 24 FE 12 25 23 10 80
ID: 316, Data: 85 24 EB 12 25 23 10 80
ID: 43F, Data: 82 45 60 FF 3A 8C 11 0
ID: 316, Data: 85 24 DE 12 25 23 F 80
ID: 260, Data: 8B 25 25 30 FF FF 83 D
ID: 316, Data: 85 25 C7 12 24 23 F 80
ID: 316, Data: 85 25 D5 12 24 23 F 80
ID: 329, Data: 840 8A 80 8 11 30 0 26
ID: 153, Data: 80 0 0 FF 0 FF 0 0
ID: 153, Data: 80 0 0 FF 0 FF 0 0
ID: 43F, Data: 82 45 60 FF 3A 48 11 0
ID: 153, Data: 80 0 0 FF 0 FF 0 0
ID: 316, Data: 85 25 AC 12 23 22 F 80
ID: 153, Data: 80 0 0 FF 0 FF 0 0
ID: 5F0, Data: 20 0
ID: 316, Data: 85 24 C3 12 23 23 F 80
ID: 43F, Data: 82 45 60 FF 39 20 11 0
ID: 316, Data: 85 24 C3 12 22 23 F 80
ID: 260, Data: 8B 24 23 30 FF FF 83 2E
ID: 316, Data: 85 23 9A 12 23 23 F 80
ID: 316, Data: 85 23 84 12 23 23 F 80
ID: 43F, Data: 82 45 60 FF 39 4 11 0
ID: 43F, Data: 82 45 60 FF 3A F0 10 0
ID: 316, Data: 85 23 2E 12 23 22 F 80
ID: 316, Data: 85 23 2A 12 23 23 F 80
ID: 153, Data: 80 0 0 FF 0 FF 0 0
ID: 153, Data: 80 0 0 FF 0 FF 0 0
ID: 370, Data: 8FF DE F0 F0 FF FF FF FF
ID: A1, Data: 87D 7A 82 7A 20 0 0 0
ID: 316, Data: 85 23 D7 11 23 22 F 80
ID: 316, Data: 85 23 B2 11 24 22 F 80
ID: A0, Data: 82A 60 A6 11 F 27 2 0
ID: 316, Data: 85 23 AA 11 24 22 F 80
ID: 1F0, Data: 8FA 3F 5 C0 0 0 0 0
ID: 329, Data: 884 8A 80 8 11 2E 0 26
ID: 316, Data: 85 23 87 11 24 22 E 80
ID: 153, Data: 80 0 0 FF 0 FF 0 0
ID: 316, Data: 85 23 58 11 24 22 E 80
ID: 153, Data: 80 0 0 FF 0 FF 0 0
ID: 5F0, Data: 20 0
ID: 153, Data: 80 0 0 FF 0 FF 0 0
ID: 43F, Data: 82 45 60 FF 3A 64 10 0
ID: A1, Data: 87B 7A 80 7A 20 0 0 0
ID: 153, Data: 80 0 0 FF 0 FF 0 0
ID: 316, Data: 85 2A E7 11 2D 22 E 80
ID: 153, Data: 80 0 0 FF 0 FF 0 0
ID: 316, Data: 85 29 3B 12 2F 22 E 80
ID: 153, Data: 80 0 0 FF 0 FF 0 0
ID: 316, Data: 85 2A 43 12 30 22 E 80
ID: 370, Data: 8FF DE F0 F0 FF FF FF FF
ID: 316, Data: 85 2B 2E 12 39 22 E 80
ID: 316, Data: 85 2C 2E 12 3E 22 E 80
ID: 316, Data: 85 30 3B 12 3E 22 E 80
ID: 18F, Data: 8AA 3A 0 0 0 0 0 0
ID: 440, Data: 8FE 82 E A0 FF AA AA AA
ID: 43F, Data: 82 45 60 FF 39 3C 10 0
ID: 370, Data: 8FF DE F0 F0 FF FF FF FF
ID: 545, Data: 8E4 48 0 8D 6B 1 6B 1
ID: 5F0, Data: 20 0
ID: 316, Data: 85 37 96 13 42 22 E 80
ID: 43F, Data: 82 45 60 FF 3A 5C 10 0
ID: 440, Data: 8FE 72 E A0 FF AA AA AA
ID: 153, Data: 80 0 0 FF 0 FF 0 0
ID: 316, Data: 85 3B 48 14 40 21 E 80
ID: 316, Data: 85 3C 68 14 40 21 E 80
ID: 316, Data: 85 3C 98 14 3F 21 E 80
ID: 1F1, Data: 80 DD 78 60 7 7A 90 7
ID: 153, Data: 80 0 0 FF 0 FF 0 0
ID: 316, Data: 85 3C D5 14 3F 21 F 80
ID: 316, Data: 85 3C EB 14 3F 21 F 80
ID: 316, Data: 85 3D F1 14 3F 21 F 80
ID: 43F, Data: 82 45 60 FF 3A 1C 11 0
ID: 43F, Data: 82 45 60 FF 3A 2C 11 0
ID: 316, Data: 85 3E 52 15 3E 21 F 80
ID: 153, Data: 80 0 0 FF 0 FF 0 0
ID: 153, Data: 80 0 0 FF 0 FF 0 0
ID: 316, Data: 85 3E AB 15 3E 21 F 80
ID: 2A0, Data: 81 4 51 1C 3C 0 17 0
ID: 316, Data: 85 3E D5 15 3E 21 F 80
ID: 1F1, Data: 80 0 7F E0 7 82 0 8
ID: 1F0, Data: 82 40 5 C0 0 0 0 0
ID: 316, Data: 85 3D EE 15 3E 21 F 80
ID: 153, Data: 80 0 0 FF 0 FF 0 0
ID: 43F, Data: 82 45 60 FF 3A 14 12 0
ID: 316, Data: 85 3D 19 16 3E 22 10 80
ID: 280, Data: 830 0 88 8A 2C 25 51 5D
ID: 316, Data: 85 3C 32 16 3D 22 10 80
ID: 316, Data: 85 3C 3F 16 3E 22 10 80
ID: 5F0, Data: 20 0
ID: 43F, Data: 82 45 60 FF 3A 9C 12 0
ID: 316, Data: 85 3C 6B 16 3E 22 10 80
ID: 260, Data: 8B 3C 3E 30 FF FF C2 35
ID: 5F0, Data: 20 0
ID: 545, Data: 8E4 65 0 8D CE 1 CE 1
ID: 316, Data: 85 3C 9F 16 1D 22 11 80
ID: A0, Data: 83F 60 92 16 11 2D 2 0
ID: 5F0, Data: 20 0
ID: 316, Data: 85 3A D4 16 1D 22 11 80
ID: 43F, Data: 82 45 60 FF 3A 30 13 0
ID: 2A0, Data: 820 5 51 1C 3C 0 17 0
ID: 316, Data: 85 2E 6B 16 1E 23 11 80
ID: 153, Data: 80 0 0 FF 0 FF 0 0
ID: A0, Data: 822 60 52 16 12 26 2 0
ID: 316, Data: 85 26 A5 15 20 24 11 80
ID: 2A0, Data: 8E0 5 51 1C 3C 0 17 0
ID: 5F0, Data: 20 0
ID: 316, Data: 85 20 DA 14 22 24 11 80
ID: 370, Data: 8FF DE F0 F0 FF FF FF FF
ID: A1, Data: 887 7A 82 7A 1C 0 0 0
ID: 5F0, Data: 20 0
ID: 316, Data: 85 1E B9 13 24 24 11 80
ID: 43F, Data: 82 45 60 FF 3A 3C 13 0
ID: 370, Data: 8FF DE F0 F0 FF FF FF FF
ID: 153, Data: 80 0 0 FF 0 FF 0 0
ID: 18F, Data: 8AA 39 0 0 0 0 0 0
ID: 316, Data: 85 21 3B 13 25 23 11 80
ID: 316, Data: 85 21 49 13 25 23 11 80
ID: A1, Data: 884 7A 82 7A 1F 0 0 0
ID: 153, Data: 80 0 0 FF 0 FF 0 0
ID: 316, Data: 85 22 6F 13 24 23 11 80
ID: 153, Data: 80 0 0 FF 0 FF 0 0
ID: 316, Data: 85 23 9B 13 24 23 11 80
ID: 316, Data: 85 23 A5 13 24 23 11 80
ID: A0, Data: 82C 60 C8 13 11 28 2 0
ID: 43F, Data: 82 45 60 FF 3A 14 13 0
ID: 43F, Data: 82 45 60 FF 39 18 13 0
ID: 2A0, Data: 840 4 51 1C 3C 0 17 0
ID: 153, Data: 80 0 0 FF 0 FF 0 0
ID: 153, Data: 80 0 0 FF 0 FF 0 0
ID: 316, Data: 85 23 F5 13 23 23 11 80
ID: 43F, Data: 82 45 60 FF 3A BC 12 0
ID: 316, Data: 85 23 C3 13 23 23 11 80
ID: 2A0, Data: 820 3 51 1C 3C 0 17 0
ID: 153, Data: 80 0 0 FF 0 FF 0 0
ID: 5F0, Data: 20 0
ID: 153, Data: 80 0 0 FF 0 FF 0 0
ID: 1F0, Data: 810 40 5 C0 0 0 0 0
ID: 5F0, Data: 20 0
ID: 18F, Data: 8AA 39 0 0 0 0 0 0
ID: 2A0, Data: 880 3 51 1C 3C 0 17 0
ID: 316, Data: 85 24 96 13 22 23 10 80
ID: 2A0, Data: 840 3 51 1C 3C 0 17 0
ID: 316, Data: 85 23 7E 13 22 23 10 80
ID: 316, Data: 85 23 4E 13 22 23 10 80
ID: A0, Data: 82B 61 7E 13 11 28 2 0
ID: 316, Data: 85 23 57 13 22 23 10 80
ID: 316, Data: 85 23 2C 13 22 23 10 80
ID: 153, Data: 80 0 0 FF 0 FF 0 0
ID: 316, Data: 85 23 7 13 22 23 10 80
ID: 153, Data: 80 0 0 FF 0 FF 0 0
ID: 316, Data: 85 23 AC 12 22 23 10 80
ID: 153, Data: 80 0 0 FF 0 FF 0 0
ID: 1F0, Data: 818 40 5 C0 0 0 0 0
ID: 316, Data: 85 23 80 12 22 23 10 80
ID: 153, Data: 80 0 0 FF 0 FF 0 0
ID: 153, Data: 80 0 0 FF 0 FF 0 0
ID: 2A0, Data: 880 3 51 1C 3C 0 17 0
ID: 43F, Data: 82 45 60 FF 3A B0 10 0
ID: 43F, Data: 82 45 60 FF 3A 98 10 0
ID: 440, Data: 8FE D2 E A0 FF AA AA AA
ID: 316, Data: 85 23 9B 11 24 22 F 80
ID: A0, Data: 82A 61 8F 11 F 27 2 0
ID: 43F, Data: 82 45 60 FF 3A 24 10 0
ID: 1F1, Data: 80 0 6D 10 7 72 50 7
ID: 153, Data: 80 0 0 FF 0 FF 0 0
ID: 316, Data: 85 24 39 11 24 22 E 80
ID: 153, Data: 80 0 0 FF 0 FF 0 0
ID: 545, Data: 8E4 32 0 8D 2C 0 2C 0
ID: 316, Data: 85 24 B8 10 25 21 E 80
ID: 280, Data: 830 0 84 8B 21 1A 51 44
ID: 43F, Data: 82 45 60 FF 39 5C E 0
ID: 43F, Data: 82 45 60 FF 39 38 E 0
ID: 280, Data: 830 0 84 8B 20 1B 51 45
ID: 370, Data: 8FF DE F0 F0 FF FF FF FF
ID: 153, Data: 80 0 0 FF 0 FF 0 0
ID: 43F, Data: 82 45 60 FF 3A 84 D 0
ID: 316, Data: 85 26 B2 F 27 20 C 80
ID: 18F, Data: 8AA 38 0 0 0 0 0 0
ID: 153, Data: 80 0 0 FF 0 FF 0 0
ID: 153, Data: 80 0 0 FF 0 FF 0 0
ID: 329, Data: 840 8B 80 8 12 2E 0 26
ID: 316, Data: 85 26 23 F 28 20 C 80
ID: 18F, Data: 8AA 38 0 0 0 0 0 0
ID: 370, Data: 8FF DE F0 F0 FF FF FF FF
ID: 545, Data: 8E4 2C 0 8D 7E 0 7E 0
ID: 316, Data: 85 27 58 E 2A 1F B 80
ID: 316, Data: 85 27 22 E 2A 1F B 80
ID: 260, Data: 8B 28 2B 30 FF FF 77 1
ID: 153, Data: 80 0 0 FF 0 FF 0 0
ID: 153, Data: 80 0 0 FF 0 FF 0 0
ID: 316, Data: 85 29 70 D 2D 1F A 80
ID: A1, Data: 87C 7A 7E 7A 23 0 0 0
ID: 43F, Data: 82 45 60 FF 3A CC 9 0
ID: 43F, Data: 82 45 60 FF 3A 88 9 0
ID: 43F, Data: 82 45 60 FF 3A 50 9 0
ID: 316, Data: 85 2C FA C 2E 1E 9 80
ID: 280, Data: 830 0 84 8B 19 1F 51 4E
ID: 153, Data: 80 0 0 FF 0 FF 0 0
ID: 316, Data: 85 2D DC C 2E 1E 8 80
ID: 316, Data: 85 2D AE C 2F 1E 8 80
ID: 316, Data: 85 2D A8 C 2F 1E 7 80
ID: 316, Data: 85 2D AE C 2F 1E 7 80
ID: 545, Data: 8E4 2D 0 8D 12 1 12 1
ID: 153, Data: 80 0 0 FF 0 FF 0 0
ID: 153, Data: 80 0 0 FF 0 FF 0 0
ID: 18F, Data: 8AA 38 0 0 0 0 0 0
ID: 329, Data: 840 8B 80 8 12 2D 0 26
ID: 316, Data: 85 2E 50 C 30 1E 6 80
ID: 18F, Data: 8AA 38 0 0 0 0 0 0
ID: 43F, Data: 82 45 60 FF 3A 58 5 0
ID: 260, Data: 8B 2D 31 30 FF FF 71 1A
ID: 43F, Data: 82 45 60 FF 3A BC 4 0
ID: 43F, Data: 82 45 60 FF 3A 88 4 0
ID: 370, Data: 8FF DE F0 F0 FF FF FF FF
ID: 153, Data: 80 0 0 FF 0 FF 0 0
ID: 316, Data: 85 2F 7B B 40 1D 4 80
ID: 153, Data: 80 0 0 FF 0 FF 0 0
ID: 316, Data: 85 31 94 B 48 26 4 80
ID: 43F, Data: 82 45 60 FF 3A 54 3 0
ID: 440, Data: 8C8 22 3 A0 FF AA AA AA
ID: 316, Data: 85 36 F8 B 45 26 3 80
ID: 153, Data: 80 0 0 FF 0 FF 0 0
ID: 5F0, Data: 20 0
ID: 153, Data: 80 0 0 FF 0 FF 0 0
ID: 153, Data: 80 0 0 FF 0 FF 0 0
ID: 545, Data: 8E4 42 0 8D 9A 1 9A 1
ID: 316, Data: 85 3D 9E C 34 25 2 80
ID: 545, Data: 8E4 44 0 8D A9 1 A9 1
ID: 18F, Data: 8AA 38 0 0 0 0 0 0
ID: 153, Data: 80 0 0 FF 0 FF 0 0
ID: A1, Data: 881 82 81 81 2E 0 0 0
ID: 316, Data: 845 3A FC C 34 26 1 80
ID: 2A0, Data: 8E0 1 51 1C 3C 0 17 0
ID: 43F, Data: 89 48 60 FF 3A 28 1 0
ID: 43F, Data: 89 48 60 FF 3A 4 1 0
ID: 153, Data: 80 0 0 FF 0 FF 0 0
ID: 316, Data: 845 36 B6 C 36 26 1 80
ID: 153, Data: 80 0 0 FF 0 FF 0 0
ID: 316, Data: 845 36 74 C 37 26 1 80
ID: 316, Data: 845 36 60 C 37 26 1 80
ID: 545, Data: 8E4 3A 0 8D 1B 1 1B 1
ID: 153, Data: 80 0 0 FF 0 FF 0 0
ID: 153, Data: 80 0 0 FF 0 FF 0 0
ID: 316, Data: 845 36 15 C 37 25 1 80
ID: A0, Data: 847 61 E C 1 28 2 0
ID: 316, Data: 845 36 6 C 36 25 1 80
ID: 440, Data: 8B1 72 0 A0 FF AA AA AA
ID: 153, Data: 80 0 0 FF 0 FF 0 0
ID: 316, Data: 845 36 EB B 36 25 1 80
ID: 316, Data: 845 36 E5 B 36 25 0 80
ID: 545, Data: 8E4 38 0 8D 33 1 33 1
ID: 153, Data: 80 0 0 FF 0 FF 0 0
ID: 153, Data: 80 0 0 FF 0 FF 0 0
ID: 316, Data: 845 36 ED B 35 25 0 80
ID: 2A0, Data: 8E0 1 51 1C 3C 0 17 0
ID: 316, Data: 845 36 E0 B 35 25 0 80
ID: 316, Data: 845 36 E2 B 35 25 0 80
ID: 1F1, Data: 80 66 1 10 0 1 10 0
ID: 1F0, Data: 855 40 5 C0 0 0 0 0
ID: 5F0, Data: 20 0
ID: 153, Data: 80 0 0 FF 0 FF 0 0
ID: 260, Data: 8B 35 35 30 FF FF 6A 15
ID: 316, Data: 845 34 CE B 35 25 0 80
ID: 153, Data: 80 0 0 FF 0 FF 0 0
ID: 43F, Data: 81 48 60 FF 3A 0 0 0
ID: 316, Data: 845 34 B9 B 35 26 0 80
ID: 153, Data: 80 0 0 FF 0 FF 0 0
ID: 316, Data: 845 33 B0 B 35 25 0 80
ID: 153, Data: 80 0 0 FF 0 FF 0 0
ID: 329, Data: 884 8B 80 8 12 2F 0 26
ID: 316, Data: 845 33 79 B 35 25 0 80
ID: 260, Data: 8B 33 37 30 FF FF 6E 2
ID: 5F0, Data: 20 0
ID: 316, Data: 845 33 8D B 35 25 0 80
ID: 316, Data: 845 33 87 B 36 25 0 80
ID: 329, Data: 8B 8C 80 8 12 2F 0 26
ID: 5F0, Data: 20 0
ID: 316, Data: 845 34 7E B 35 25 0 80
ID: 43F, Data: 81 48 60 FF 3A 0 0 0
ID: 43F, Data: 81 48 60 FF 3A 0 0 0
ID: 153, Data: 80 0 0 FF 0 FF 0 0
ID: 316, Data: 845 34 8C B 35 25 0 80
ID: 153, Data: 80 0 0 FF 0 FF 0 0
ID: 280, Data: 830 0 84 8C 17 23 51 5B
ID: 316, Data: 845 34 9B B 34 25 0 80
ID: A0, Data: 842 61 A4 B 0 27 2 0
ID: 43F, Data: 81 48 60 FF 3A 0 0 0
ID: 153, Data: 80 0 0 FF 0 FF 0 0
ID: 316, Data: 845 33 65 B 36 25 0 80
ID: 153, Data: 80 0 0 FF 0 FF 0 0
ID: 316, Data: 845 33 7E B 35 25 0 80
ID: 153, Data: 80 0 0 FF 0 FF 0 0
ID: 153, Data: 80 0 0 FF 0 FF 0 0
ID: 316, Data: 845 33 7B B 35 25 0 80
ID: 43F, Data: 81 48 60 FF 3A 0 0 0
ID: 316, Data: 845 33 7B B 34 25 0 80
ID: 316, Data: 845 33 80 B 34 25 0 80
ID: 2A0, Data: 820 0 51 1C 3C 0 17 0
ID: 316, Data: 845 33 8A B 34 25 0 80
ID: 153, Data: 80 0 0 FF 0 FF 0 0
ID: 316, Data: 845 32 8D B 34 25 0 80
ID: 316, Data: 845 32 8F B 34 25 0 80
ID: 545, Data: 8E4 31 0 8C E3 0 E3 0
ID: 43F, Data: 81 48 60 FF 3A 0 0 0
ID: 153, Data: 80 0 0 FF 0 FF 0 0
ID: 316, Data: 845 32 62 B 35 25 0 80
ID: 153, Data: 80 0 0 FF 0 FF 0 0
ID: 153, Data: 80 0 0 FF 0 FF 0 0
ID: 316, Data: 845 32 77 B 34 25 0 80
ID: 153, Data: 80 0 0 FF 0 FF 0 0
ID: 316, Data: 845 32 63 B 35 25 0 80
ID: 43F, Data: 81 48 60 FF 3A 0 0 0
ID: 316, Data: 845 32 39 B 35 25 0 80
ID: 316, Data: 845 32 35 B 35 25 0 80
ID: 2A0, Data: 880 0 51 1C 3C 0 17 0
ID: 316, Data: 845 32 3E B 35 25 0 80
ID: 1F1, Data: 80 66 0 0 0 0 0 0
ID: 153, Data: 80 0 0 FF 0 FF 0 0
ID: 316, Data: 845 32 4F B 35 25 0 80
ID: 43F, Data: 81 48 60 FF 3B 0 0 0
ID: 316, Data: 845 32 65 B 35 25 0 80
ID: 316, Data: 845 32 6C B 34 25 0 80
ID: 18F, Data: 8AA 45 0 0 0 0 0 0
ID: 316, Data: 845 32 79 B 33 25 0 80
ID: 18F, Data: 8AA 46 0 0 0 0 0 0
ID: 316, Data: 845 32 44 B 35 25 0 80
ID: 153, Data: 80 0 0 FF 0 FF 0 0
ID: 316, Data: 845 32 53 B 35 25 0 80
ID: 153, Data: 80 0 0 FF 0 FF 0 0
ID: 153, Data: 80 0 0 FF 0 FF 0 0
ID: 43F, Data: 81 48 60 FF 3B 0 0 0
ID: 153, Data: 80 0 0 FF 0 FF 0 0
ID: 316, Data: 845 32 72 B 33 25 0 80
ID: 153, Data: 80 0 0 FF 0 FF 0 0
ID: 316, Data: 845 32 6A B 34 25 0 80
ID: 153, Data: 80 0 0 FF 0 FF 0 0
ID: 153, Data: 80 0 0 FF 0 FF 0 0
ID: 316, Data: 845 31 5D B 34 25 0 80
ID: 43F, Data: 81 48 60 FF 3B 0 0 0
ID: 440, Data: 8B1 91 0 A0 FF AA AA AA
ID: 43F, Data: 81 48 60 FF 3B 0 0 0
ID: 2A0, Data: 820 0 51 1C 3C 0 17 0
ID: 18F, Data: 8AA 47 0 0 0 0 0 0
ID: 153, Data: 80 0 0 FF 0 FF 0 0
ID: A1, Data: 87B 81 7C 81 2A 0 0 0
ID: 329, Data: 8B 8C 80 8 12 2F 0 26
ID: 153, Data: 80 0 0 FF 0 FF 0 0
ID: 5F0, Data: 20 0
ID: 329, Data: 884 8C 80 8 12 2E 0 26
ID: 316, Data: 845 32 32 B 34 25 0 80
ID: A1, Data: 87B 81 7D 81 2A 0 0 0
ID: 316, Data: 845 32 3F B 34 25 0 80
ID: 440, Data: 8B1 31 0 A0 FF AA AA AA
ID: 329, Data: 8B 8C 80 8 12 2E 0 26
ID: 153, Data: 80 0 0 FF 0 FF 0 0
ID: 153, Data: 80 0 0 FF 0 FF 0 0
ID: 5F0, Data: 20 0
ID: 370, Data: 8FF DE F0 FF FF FF FF FF
ID: 18F, Data: 8AA 47 0 0 0 0 0 0
ID: 153, Data: 80 0 0 FF 0 FF 0 0
ID: 316, Data: 845 31 58 B 34 25 0 80
ID: 153, Data: 80 0 0 FF 0 FF 0 0
ID: 316, Data: 845 31 39 B 34 25 0 80
ID: 153, Data: 80 0 0 FF 0 FF 0 0
ID: 153, Data: 80 0 0 FF 0 FF 0 0
ID: 43F, Data: 81 48 60 FF 3B 0 0 0
ID: 153, Data: 80 0 0 FF 0 FF 0 0
ID: 43F, Data: 81 48 60 FF 3B 0 0 0
ID: A1, Data: 87C 81 7B 80 2A 0 0 0
ID: A0, Data: 841 62 51 B 0 27 2 0
ID: 153, Data: 80 0 0 FF 0 FF 0 0
ID: 2A0, Data: 880 0 51 1C 3C 0 17 0
ID: 545, Data: 8E4 30 0 8D 67 1 67 1
ID: 43F, Data: 81 48 60 FF 3B 0 0 0
ID: 43F, Data: 81 48 60 FF 3B 0 0 0
ID: 153, Data: 80 0 0 FF 0 FF 0 0
ID: 43F, Data: 81 48 60 FF 3B 0 0 0
ID: 153, Data: 80 0 0 FF 0 FF 0 0
ID: 153, Data: 80 0 0 FF 0 FF 0 0
ID: A0, Data: 83C 62 41 B 0 26 2 0
ID: 316, Data: 85 2D 1A B 2E 1D 0 80
ID: 43F, Data: 81 48 60 FF 3B 0 0 0
ID: 260, Data: 8B 2D 2E 30 FF FF 75 38
ID: 260, Data: 8B 2D 2D 30 FF FF 75 C
ID: 316, Data: 85 2C 7B B 2C 1D 0 80
ID: 316, Data: 85 2C A2 B 2B 1D 0 80
ID: 1F1, Data: 80 66 0 0 0 0 0 0
ID: 153, Data: 80 0 0 FF 0 FF 0 0
ID: 329, Data: 8B 8C 80 8 12 2D 0 26
ID: 43F, Data: 81 48 60 FF 3B 0 0 0
ID: 316, Data: 85 29 7E B 2B 1D 0 80
ID: 280, Data: 830 0 84 8C 17 1D 51 4F
ID: A1, Data: 87E 7E 7E 7E 26 0 0 0
ID: 153, Data: 80 0 0 FF 0 FF 0 0
ID: 316, Data: 85 29 4C B 2D 1D 0 80
ID: 43F, Data: 81 48 60 FF 3B 0 0 0
ID: 43F, Data: 81 48 60 FF 3B 0 0 0
ID: 43F, Data: 81 48 60 FF 3B 0 0 0
ID: 316, Data: 85 29 51 B 2C 1D 0 80
ID: 316, Data: 85 29 46 B 2D 1D 0 80
ID: 2A0, Data: 8E0 0 51 1C 3C 0 17 0
ID: 43F, Data: 81 48 60 FF 3B 0 0 0
ID: 43F, Data: 81 48 60 FF 3B 0 0 0
ID: 43F, Data: 81 48 60 FF 3B 0 0 0
ID: 43F, Data: 81 48 60 FF 3B 0 0 0
ID: 153, Data: 80 0 0 FF 0 FF 0 0
ID: 316, Data: 85 2A 19 B 2D 1D 0 80
ID: 153, Data: 80 0 0 FF 0 FF 0 0
ID: 316, Data: 85 2A 3A B 2D 1D 0 80
ID: 153, Data: 80 0 0 FF 0 FF 0 0
ID: 153, Data: 80 0 0 FF 0 FF 0 0
ID: 1F1, Data: 80 66 0 0 0 0 0 0
ID: 43F, Data: 81 48 60 FF 3B 0 0 0
ID: 316, Data: 85 2A 32 B 2D 1D 0 80
ID: 316, Data: 85 2A FA A 2D 1D 0 80
ID: 18F, Data: 8AA 48 0 0 0 0 0 0
ID: 153, Data: 80 0 0 FF 0 FF 0 0
ID: 2A0, Data: 880 0 51 1C 3C 0 17 0
ID: 316, Data: 85 2A 2C B 2D 1D 0 80
ID: 545, Data: 8E4 28 0 8D E6 0 E6 0
ID: 440, Data: 8A9 91 0 A0 FF AA AA AA
ID: 153, Data: 80 0 0 FF 0 FF 0 0
ID: 329, Data: 8ED 8C 80 8 12 2D 0 26
ID: 316, Data: 85 2A 3E B 2D 1D 0 80
ID: 2A0, Data: 880 0 51 1C 3C 0 17 0
ID: 5F0, Data: 20 0
ID: 153, Data: 80 0 0 FF 0 FF 0 0
ID: 43F, Data: 81 48 60 FF 3B 0 0 0
ID: A1, Data: 87E 7E 7C 7E 26 0 0 0
ID: A0, Data: 83A 62 3E B 0 26 2 0
ID: 153, Data: 80 0 0 FF 0 FF 0 0
ID: 153, Data: 80 0 0 FF 0 FF 0 0
ID: 370, Data: 8FF DE F0 FF FF FF FF FF
ID: 316, Data: 85 29 11 B 2D 1D 0 80
ID: 316, Data: 85 29 25 B 2D 1D 0 80
ID: 316, Data: 85 29 2A B 2D 1D 0 80
ID: 153, Data: 80 0 0 FF 0 FF 0 0
ID: 329, Data: 884 8C 80 8 12 2D 0 26
ID: 440, Data: 8A9 31 0 A0 FF AA AA AA
ID: 260, Data: 8B 2A 2C 30 FF FF 71 22
ID: 1F0, Data: 853 40 5 C0 0 0 0 0
ID: 329, Data: 8B 8D 80 8 12 2D 0 26
ID: 316, Data: 85 29 4E B 2C 1D 0 80
ID: 18F, Data: 8AA 48 0 0 0 0 0 0
ID: 43F, Data: 81 48 60 FF 3B 0 0 0
ID: 18F, Data: 8AA 48 0 0 0 0 0 0
ID: A0, Data: 83B 62 4 B 0 26 2 0
ID: 329, Data: 8ED 8D 80 8 12 2D 0 26
ID: 153, Data: 80 0 0 FF 0 FF 0 0
ID: 440, Data: 8A9 31 0 A0 FF AA AA AA
ID: 316, Data: 85 29 21 B 2D 1D 0 80
ID: 440, Data: 8A9 31 0 A0 FF AA AA AA
ID: 316, Data: 85 29 11 B 2D 1D 0 80
ID: 329, Data: 884 8D 80 8 12 2D 0 26
ID: A1, Data: 87E 7E 7E 7E 26 0 0 0
ID: 153, Data: 80 0 0 FF 0 FF 0 0
ID: 153, Data: 80 0 0 FF 0 FF 0 0
ID: 153, Data: 80 0 0 FF 0 FF 0 0
ID: 260, Data: 8B 2A 2C 30 FF FF 71 31
ID: 316, Data: 85 29 5D B 2C 1D 0 80
ID: 440, Data: 8A9 31 0 A0 FF AA AA AA
ID: 316, Data: 85 29 4E B 2C 1D 0 80
ID: 545, Data: 8E4 29 0 8C D4 0 D4 0
ID: 5F0, Data: 20 0
ID: 316, Data: 85 29 29 B 2C 1D 0 80
ID: 43F, Data: 81 48 60 FF 3B 0 0 0
ID: 43F, Data: 81 48 60 FF 3B 0 0 0
ID: 153, Data: 80 0 0 FF 0 FF 0 0
ID: 316, Data: 85 29 39 B 2C 1D 0 80
ID: 153, Data: 80 0 0 FF 0 FF 0 0
ID: 316, Data: 85 29 42 B 2C 1D 0 80
ID: 1F0, Data: 854 40 5 C0 0 0 0 0
ID: 153, Data: 80 0 0 FF 0 FF 0 0
ID: 316, Data: 85 29 4 B 2D 1D 0 80
ID: 43F, Data: 81 48 60 FF 3B 0 0 0
ID: 43F, Data: 81 48 60 FF 3B 0 0 0
ID: 153, Data: 80 0 0 FF 0 FF 0 0
ID: 43F, Data: 81 48 60 FF 3B 0 0 0
ID: 153, Data: 80 0 0 FF 0 FF 0 0
ID: 153, Data: 80 0 0 FF 0 FF 0 0
ID: 18F, Data: 8AA 47 0 0 0 0 0 0
ID: 329, Data: 884 8D 80 8 12 2D 0 26
ID: 316, Data: 85 29 29 B 2C 1D 0 80
ID: 260, Data: 8B 2A 2D 30 FF FF 73 3E
ID: A1, Data: 880 7E 7E 7E 26 0 0 0
ID: 316, Data: 85 29 17 B 2C 1D 0 80
ID: 440, Data: 8A9 41 0 A0 FF AA AA AA
ID: 329, Data: 840 8D 80 8 12 2D 0 26
ID: 153, Data: 80 0 0 FF 0 FF 0 0
ID: 153, Data: 80 0 0 FF 0 FF 0 0
ID: 5F0, Data: 20 0
ID: 153, Data: 80 0 0 FF 0 FF 0 0
ID: 153, Data: 80 0 0 FF 0 FF 0 0
ID: 440, Data: 8A9 E1 0 A0 FF AA AA AA
ID: 316, Data: 85 29 4E B 2C 1D 0 80
ID: 153, Data: 80 0 0 FF 0 FF 0 0
ID: 316, Data: 85 29 3C B 2C 1D 0 80
ID: 43F, Data: 81 48 60 FF 3B 0 0 0
ID: 43F, Data: 81 48 60 FF 3C 0 0 0
ID: 43F, Data: 81 48 60 FF 3B 0 0 0
ID: 153, Data: 80 0 0 FF 0 FF 0 0
ID: 43F, Data: 81 48 60 FF 3B 0 0 0
ID: 153, Data: 80 0 0 FF 0 FF 0 0
ID: 153, Data: 80 0 0 FF 0 FF 0 0
ID: 153, Data: 80 0 0 FF 0 FF 0 0
ID: 18F, Data: 8AA 47 0 0 0 0 0 0
ID: 316, Data: 85 29 B B 2C 1D 0 80
ID: 153, Data: 80 0 0 FF 0 FF 0 0
ID: 316, Data: 85 29 F8 A 2C 1D 0 80
ID: 153, Data: 80 0 0 FF 0 FF 0 0
ID: 316, Data: 85 29 FA A 2D 1D 0 80
ID: 43F, Data: 81 48 60 FF 3B 0 0 0
ID: 440, Data: 8A9 41 0 A0 FF AA AA AA
ID: 370, Data: 8FF DE F0 FF FF FF FF FF
ID: A1, Data: 880 7E 7E 7E 26 0 0 0
ID: 153, Data: 80 0 0 FF 0 FF 0 0
ID: 316, Data: 85 29 21 B 2C 1D 0 80
ID: 153, Data: 80 0 0 FF 0 FF 0 0
ID: 316, Data: 85 29 32 B 2C 1D 0 80
ID: 153, Data: 80 0 0 FF 0 FF 0 0
ID: 316, Data: 85 29 3E B 2C 1D 0 80
ID: 43F, Data: 81 48 60 FF 3C 0 0 0
ID: 43F, Data: 81 48 60 FF 3C 0 0 0
ID: 316, Data: 85 29 24 B 2C 1D 0 80
ID: 329, Data: 884 8D 80 8 12 2D 0 26
ID: 18F, Data: 8AA 47 0 0 0 0 0 0
ID: 153, Data: 80 0 0 FF 0 FF 0 0
ID: A1, Data: 87E 7E 80 7E 26 0 0 0
ID: 2A0, Data: 880 0 51 1C 3C 0 17 0
ID: 18F, Data: 8AA 47 0 0 0 0 0 0
ID: A1, Data: 87E 7E 80 7E 26 0 0 0
ID: 260, Data: 8B 29 2D 30 FF FF 73 3F
ID: 18F, Data: 8AA 47 0 0 0 0 0 0
ID: 316, Data: 85 29 22 B 2C 1D 0 80
ID: 153, Data: 80 0 0 FF 0 FF 0 0
ID: 5F0, Data: 20 0
ID: 153, Data: 80 0 0 FF 0 FF 0 0
ID: 153, Data: 80 0 0 FF 0 FF 0 0
ID: 545, Data: 8E4 28 0 8D D1 0 D1 0
ID: 316, Data: 85 29 25 B 2C 1D 0 80
ID: 260, Data: 8B 29 2C 30 FF FF 73 21
ID: 43F, Data: 81 48 60 FF 3C 0 0 0
ID: 316, Data: 85 29 2A B 2C 1D 0 80
ID: 153, Data: 80 0 0 FF 0 FF 0 0
ID: 280, Data: 830 0 84 8D 15 1D 51 50
ID: 370, Data: 8FF DE F0 FF FF FF FF FF
ID: 18F, Data: 8AA 47 0 0 0 0 0 0
ID: 316, Data: 85 29 35 B 2C 1D 0 80
ID: 153, Data: 80 0 0 FF 0 FF 0 0
ID: 316, Data: 85 29 32 B 2C 1D 0 80
ID: 153, Data: 80 0 0 FF 0 FF 0 0
ID: 316, Data: 85 29 1A B 2C 1D 0 80
ID: 43F, Data: 81 48 60 FF 3C 0 0 0
ID: 440, Data: 8A9 91 0 A0 FF AA AA AA
ID: 43F, Data: 81 48 60 FF 3C 0 0 0
ID: A1, Data: 880 7E 80 7E 26 0 0 0
ID: 440, Data: 8A9 91 0 A0 FF AA AA AA
ID: 153, Data: 80 0 0 FF 0 FF 0 0
ID: 153, Data: 80 0 0 FF 0 FF 0 0
ID: 316, Data: 85 29 21 B 2C 1D 0 80
ID: 43F, Data: 81 48 60 FF 3C 0 0 0
ID: 43F, Data: 81 48 60 FF 3B 0 0 0
ID: 43F, Data: 81 48 60 FF 3C 0 0 0
ID: 43F, Data: 81 48 60 FF 3C 0 0 0
ID: 316, Data: 85 29 2F B 2C 1D 0 80
ID: 316, Data: 85 29 31 B 2C 1D 0 80
ID: 260, Data: 8B 29 2C 30 FF FF 72 31
ID: 43F, Data: 81 48 60 FF 3C 0 0 0
ID: 316, Data: 85 28 37 B 2C 1D 0 80
ID: 316, Data: 85 29 35 B 2C 1D 0 80
ID: 329, Data: 8ED 8D 80 8 12 2D 0 26
ID: 153, Data: 80 0 0 FF 0 FF 0 0
ID: 153, Data: 80 0 0 FF 0 FF 0 0
ID: 440, Data: 8A9 91 0 A0 FF AA AA AA
ID: 260, Data: 8B 29 2D 30 FF FF 73 2
ID: 153, Data: 80 0 0 FF 0 FF 0 0
ID: 316, Data: 85 29 14 B 2C 1D 0 80
ID: 153, Data: 80 0 0 FF 0 FF 0 0
ID: 316, Data: 85 29 1C B 2C 1D 0 80
ID: 43F, Data: 81 48 60 FF 3C 0 0 0
ID: 153, Data: 80 0 0 FF 0 FF 0 0
ID: 316, Data: 85 29 E B 2C 1D 0 80
ID: 153, Data: 80 0 0 FF 0 FF 0 0
ID: 316, Data: 85 29 1C B 2C 1D 0 80
ID: 153, Data: 80 0 0 FF 0 FF 0 0
ID: 316, Data: 85 29 2A B 2C 1D 0 80
ID: 440, Data: 8A9 41 0 A0 FF AA AA AA
ID: 153, Data: 80 0 0 FF 0 FF 0 0
ID: A1, Data: 880 7E 80 7E 26 0 0 0
ID: 329, Data: 8B 8D 80 8 12 2D 0 26
ID: 370, Data: 8FF DE F0 FF FF FF FF FF
ID: 370, Data: 8FF DE F0 FF FF FF FF FF
ID: 153, Data: 80 0 0 FF 0 FF 0 0
ID: 43F, Data: 81 48 60 FF 3C 0 0 0
ID: 153, Data: 80 0 0 FF 0 FF 0 0
ID: A0, Data: 83A 63 14 B 0 25 2 0
ID: 2A0, Data: 880 0 51 1C 3C 0 17 0
ID: 329, Data: 8ED 8D 80 8 12 2D 0 26
ID: 260, Data: 8B 29 2D 30 FF FF 74 2F
ID: 153, Data: 80 0 0 FF 0 FF 0 0
ID: 316, Data: 85 29 19 B 2C 1D 0 80
ID: 316, Data: 85 29 24 B 2C 1D 0 80
ID: 316, Data: 85 29 2C B 2C 1D 0 80
ID: 18F, Data: 8AA 46 0 0 0 0 0 0
ID: 153, Data: 80 0 0 FF 0 FF 0 0
ID: 153, Data: 80 0 0 FF 0 FF 0 0
ID: 440, Data: 8A9 41 0 A0 FF AA AA AA
ID: 316, Data: 85 29 35 B 2B 1D 0 80
ID: A0, Data: 839 63 3F B 0 25 2 0
ID: 153, Data: 80 0 0 FF 0 FF 0 0
ID: 43F, Data: 81 48 60 FF 3C 0 0 0
ID: 545, Data: 8E4 28 0 8C D0 0 D0 0
ID: 1F1, Data: 80 66 0 0 0 0 0 0
ID: 153, Data: 80 0 0 FF 0 FF 0 0
ID: 329, Data: 8ED 8D 80 8 12 2D 0 26
ID: 316, Data: 85 28 F5 A 2C 1D 0 80
ID: 260, Data: 8B 29 2D 30 FF FF 73 11
ID: 316, Data: 85 29 E B 2C 1D 0 80
ID: 316, Data: 85 29 2A B 2C 1D 0 80
ID: 153, Data: 80 0 0 FF 0 FF 0 0
ID: 280, Data: 830 0 84 8D 16 1D 51 50
ID: 1F0, Data: 854 40 5 C0 0 0 0 0
ID: 1F0, Data: 854 40 5 C0 0 0 0 0
ID: A1, Data: 881 7E 80 7E 26 0 0 0
ID: 2A0, Data: 840 0 51 1C 3C 0 17 0
ID: A0, Data: 83A 63 16 B 0 25 2 0
ID: 5F0, Data: 20 0
ID: 43F, Data: 81 48 60 FF 3C 0 0 0
ID: A1, Data: 881 7E 80 7E 26 0 0 0
ID: 153, Data: 80 0 0 FF 0 FF 0 0
ID: 153, Data: 80 0 0 FF 0 FF 0 0
ID: 440, Data: 8A9 91 0 A0 FF AA AA AA
ID: 316, Data: 85 29 16 B 2C 1D 0 80
ID: 153, Data: 80 0 0 FF 0 FF 0 0
ID: 316, Data: 85 29 B B 2C 1D 0 80
ID: 43F, Data: 81 48 60 FF 3C 0 0 0
ID: 43F, Data: 81 48 60 FF 3C 0 0 0
ID: 153, Data: 80 0 0 FF 0 FF 0 0
ID: 43F, Data: 81 48 60 FF 3C 0 0 0
ID: 153, Data: 80 0 0 FF 0 FF 0 0
ID: 153, Data: 80 0 0 FF 0 FF 0 0
ID: 260, Data: 8B 29 2C 30 FF FF 71 14
ID: 316, Data: 85 29 12 B 2C 1D 0 80
ID: 5F0, Data: 20 0
ID: 316, Data: 85 29 2C B 2B 1D 0 80
ID: 316, Data: 85 29 17 B 2C 1D 0 80
ID: 316, Data: 85 29 1A B 2C 1D 0 80
ID: 316, Data: 85 29 1F B 2C 1D 0 80
ID: 18F, Data: 8AA 46 0 0 0 0 0 0
ID: 43F, Data: 81 48 60 FF 3C 0 0 0
ID: 260, Data: 8B 29 2C 30 FF FF 72 13
ID: A0, Data: 83A 63 1E B 0 25 2 0
ID: 316, Data: 85 29 19 B 2C 1D 0 80
ID: 316, Data: 85 28 2A B 2B 1D 0 80
ID: 153, Data: 80 0 0 FF 0 FF 0 0
ID: 316, Data: 85 29 39 B 2B 1D 0 80
ID: 5F0, Data: 20 0
ID: 316, Data: 85 28 3F B 2B 1D 0 80
ID: 316, Data: 85 28 3E B 2B 1D 0 80
ID: 280, Data: 830 0 84 8E 16 1D 51 4F
ID: 43F, Data: 81 48 60 FF 3C 0 0 0
ID: 153, Data: 80 0 0 FF 0 FF 0 0
ID: 316, Data: 85 28 1A B 2C 1D 0 80
ID: 153, Data: 80 0 0 FF 0 FF 0 0
ID: 43F, Data: 81 48 60 FF 3C 0 0 0
ID: 153, Data: 80 0 0 FF 0 FF 0 0
ID: 316, Data: 85 28 1C B 2C 1D 0 80
ID: 153, Data: 80 0 0 FF 0 FF 0 0
ID: 153, Data: 80 0 0 FF 0 FF 0 0
ID: 1F0, Data: 854 40 5 C0 0 0 0 0
ID: 18F, Data: 8AA 46 0 0 0 0 0 0
ID: 2A0, Data: 820 0 51 1C 3C 0 17 0
ID: 316, Data: 85 29 E6 A 2C 1D 0 80
ID: 545, Data: 8E4 28 0 8C D8 0 D8 0
ID: 153, Data: 80 0 0 FF 0 FF 0 0
ID: 153, Data: 80 0 0 FF 0 FF 0 0
ID: 153, Data: 80 0 0 FF 0 FF 0 0
ID: 280, Data: 830 0 84 8E 16 1D 51 50
ID: 316, Data: 85 29 6 B 2C 1D 0 80
ID: 43F, Data: 81 48 60 FF 3C 0 0 0
ID: 153, Data: 80 0 0 FF 0 FF 0 0
ID: 43F, Data: 81 48 60 FF 3C 0 0 0
ID: A1, Data: 881 7E 7E 7E 26 0 0 0
ID: 1F0, Data: 854 40 5 C0 0 0 0 0
ID: 153, Data: 80 0 0 FF 0 FF 0 0
ID: A1, Data: 881 7E 7E 7E 26 0 0 0
ID: 280, Data: 830 0 84 8E 16 1D 51 50
ID: 2A0, Data: 820 0 51 1C 3C 0 17 0
ID: 316, Data: 85 28 2C B 2B 1D 0 80
ID: 316, Data: 85 28 22 B 2B 1D 0 80
ID: 316, Data: 85 28 24 B 2B 1D 0 80
ID: 260, Data: 8B 28 2C 30 FF FF 72 23
ID: 43F, Data: 81 48 60 FF 3C 0 0 0
ID: 43F, Data: 81 48 60 FF 3C 0 0 0
ID: 43F, Data: 81 48 60 FF 3C 0 0 0
ID: 316, Data: 85 28 25 B 2B 1D 0 80
ID: 316, Data: 85 28 35 B 2B 1D 0 80
ID: 18F, Data: 8AA 46 0 0 0 0 0 0
ID: 43F, Data: 81 48 60 FF 3C 0 0 0
ID: 18F, Data: 8AA 46 0 0 0 0 0 0
ID: 18F, Data: 8AA 46 0 0 0 0 0 0
ID: 329, Data: 8ED 8E 80 8 12 2D 0 26
ID: 153, Data: 80 0 0 FF 0 FF 0 0
ID: 2A0, Data: 8E0 0 51 1C 3C 0 17 0
ID: 370, Data: 8FF DE F0 FF FF FF FF FF
ID: 43F, Data: 81 48 60 FF 3C 0 0 0
ID: 316, Data: 85 28 1C B 2B 1D 0 80
ID: 5F0, Data: 20 0
ID: 316, Data: 85 28 22 B 2B 1D 0 80
ID: 316, Data: 85 28 34 B 2B 1D 0 80
ID: 545, Data: 8E4 27 0 8D C6 0 C6 0
ID: 43F, Data: 81 48 60 FF 3C 0 0 0
ID: 43F, Data: 81 48 60 FF 3C 0 0 0
ID: 153, Data: 80 0 0 FF 0 FF 0 0
ID: 43F, Data: 81 48 60 FF 3C 0 0 0
ID: 153, Data: 80 0 0 FF 0 FF 0 0
ID: 153, Data: 80 0 0 FF 0 FF 0 0
ID: A0, Data: 839 63 F2 A 0 25 2 0
ID: 329, Data: 884 8E 80 8 12 2D 0 26
ID: 316, Data: 85 28 8 B 2C 1D 0 80
ID: 43F, Data: 81 48 60 FF 3C 0 0 0
ID: A1, Data: 880 7E 80 7E 26 0 0 0
ID: 153, Data: 80 0 0 FF 0 FF 0 0
ID: 43F, Data: 81 48 60 FF 3C 8 1 0
ID: A1, Data: 880 7E 80 7E 26 0 0 0
ID: 153, Data: 80 0 0 FF 0 FF 0 0
ID: 316, Data: 85 28 F B 2C 1D 0 80
ID: 260, Data: 8B 29 2C 30 FF FF 74 20
ID: 440, Data: 8B6 31 0 A0 FF AA AA AA
ID: 5F0, Data: 20 0
ID: 2A0, Data: 840 0 51 1C 3C 0 17 0
ID: 280, Data: 830 0 84 8E 16 1D 51 50
ID: A1, Data: 880 7E 80 7E 26 0 0 0
ID: 5F0, Data: 20 0
ID: 316, Data: 85 28 F7 A 2C 1D 0 80
ID: 316, Data: 85 28 F7 A 2C 1D 0 80
ID: 316, Data: 85 29 F0 A 2C 1D 0 80
ID: 1F0, Data: 856 40 5 C0 0 0 0 0
ID: A1, Data: 880 7E 80 7E 26 0 0 0
ID: 18F, Data: 8AA 46 0 0 0 0 0 0
ID: A1, Data: 880 7E 80 7E 26 0 0 0
ID: 329, Data: 8B 8E 80 8 12 2D 0 26
ID: 545, Data: 8E4 28 0 8D D2 0 D2 0
ID: 153, Data: 80 0 0 FF 0 FF 0 0
ID: 153, Data: 80 0 0 FF 0 FF 0 0
ID: 370, Data: 8FF DE F0 FF FF FF FF FF
ID: 280, Data: 830 0 84 8E 16 1D 51 50
ID: 316, Data: 85 29 22 B 2B 1D 1 80
ID: 2A0, Data: 840 0 51 1C 3C 0 17 0
ID: 153, Data: 80 0 0 FF 0 FF 0 0
ID: 316, Data: 85 29 17 B 2B 1D 1 80
ID: 5F0, Data: 20 0
ID: 316, Data: 85 29 2F B 2B 1D 1 80
ID: 153, Data: 80 0 0 FF 0 FF 0 0
ID: 43F, Data: 81 48 60 FF 3C A4 3 0
ID: 153, Data: 80 0 0 FF 0 FF 0 0
ID: 153, Data: 80 0 0 FF 0 FF 0 0
ID: 153, Data: 80 0 0 FF 0 FF 0 0
ID: 260, Data: 8B 29 2B 30 FF FF 71 24
ID: 316, Data: 85 28 34 B 2B 1D 1 80
ID: 43F, Data: 81 48 60 FF 3C C8 3 0
ID: 440, Data: 8C9 E1 1 A0 FF AA AA AA
ID: 316, Data: 85 28 47 B 2B 1D 2 80
ID: 153, Data: 80 0 0 FF 0 FF 0 0
ID: 5F0, Data: 20 0
ID: 260, Data: 8B 28 2B 30 FF FF 70 26
ID: 18F, Data: 8AA 46 0 0 0 0 0 0
ID: 153, Data: 80 0 0 FF 0 FF 0 0
ID: 316, Data: 85 28 24 B 2B 1D 2 80
ID: 18F, Data: 8AA 46 0 0 0 0 0 0
ID: 153, Data: 80 0 0 FF 0 FF 0 0
ID: A0, Data: 837 63 49 B 2 25 2 0
ID: 316, Data: 85 29 31 B 2B 1D 2 80
ID: 316, Data: 85 29 3A B 2E 1D 2 80
ID: 2A0, Data: 8A1 0 51 1C 3C 0 17 0
ID: 1F0, Data: 868 40 5 C0 0 0 0 0
ID: 5A0, Data: 80 0 0 90 0 0 0 0
ID: 43F, Data: 81 48 60 FF 3C 8C 5 0
ID: 545, Data: 8E4 2C 0 8D CA 1 CA 1
ID: A1, Data: 883 7A 80 7B 27 0 0 0
ID: 316, Data: 85 46 64 C 74 1C 2 80
ID: 153, Data: 80 0 0 FF 0 FF 0 0
ID: 316, Data: 85 53 3E D 6A 1B 2 80
ID: 153, Data: 80 0 0 FF 0 FF 0 0
ID: 153, Data: 80 0 0 FF 0 FF 0 0
ID: 43F, Data: 81 48 60 FF 3C 54 7 0
ID: 43F, Data: 81 48 60 FF 3C 8 8 0
ID: 43F, Data: 81 48 60 FF 3C 88 8 0
ID: 153, Data: 80 0 0 FF 0 FF 0 0
ID: 153, Data: 80 0 0 FF 0 FF 0 0
ID: 1F1, Data: 80 87 21 50 2 21 60 2
ID: A0, Data: 85A 63 F5 13 4 32 2 0
ID: 316, Data: 85 57 45 16 5D 1F 4 80
ID: 153, Data: 80 0 0 FF 0 FF 0 0
ID: 316, Data: 85 57 33 17 5C 1F 5 80
ID: 316, Data: 85 55 8E 17 5C 1F 5 80
ID: 316, Data: 85 54 C0 17 5C 1F 5 80
ID: 316, Data: 85 53 EC 17 5C 1F 6 80
ID: 153, Data: 80 0 0 FF 0 FF 0 0
ID: 316, Data: 85 55 2F 18 65 29 7 80
ID: 316, Data: 85 58 5C 18 64 29 7 80
ID: 545, Data: 8E4 B4 0 8D 71 3 71 3
ID: 43F, Data: 81 48 60 FF 3C 58 11 0
ID: 153, Data: 80 0 0 FF 0 FF 0 0
ID: 440, Data: 8FE 31 8 A0 FF AA AA AA
ID: 43F, Data: 81 48 60 FF 3C 98 13 0
ID: 18F, Data: 8AA 45 0 0 0 0 0 0
ID: 316, Data: 85 5C 96 1B 60 29 A 80
ID: 43F, Data: 81 48 60 FF 3C 58 15 0
ID: 153, Data: 80 0 0 FF 0 FF 0 0
ID: 316, Data: 845 5A 7D 1C 5F 29 B 80
ID: 370, Data: 8FF DE F0 FF FF FF FF FF
ID: A0, Data: 862 63 BC 1C C 39 2 0
ID: 316, Data: 845 5A 73 1C 5F 29 C 80
ID: 316, Data: 845 5C A7 1C 5F 29 C 80
ID: 153, Data: 80 0 0 FF 0 FF 0 0
ID: 153, Data: 80 0 0 FF 0 FF 0 0
ID: 43F, Data: 81 48 60 FF 3B 5C 1A 0
ID: 153, Data: 80 0 0 FF 0 FF 0 0
ID: 43F, Data: 81 48 60 FF 3B 58 1B 0
ID: 153, Data: 80 0 0 FF 0 FF 0 0
ID: 153, Data: 80 0 0 FF 0 FF 0 0
ID: 316, Data: 845 57 F2 1F 5B 2A E 80
ID: 153, Data: 80 0 0 FF 0 FF 0 0
ID: 316, Data: 845 56 6A 20 5B 2A F 80
ID: 1F1, Data: 80 CB 70 10 8 72 10 8
ID: 280, Data: 830 0 88 8E 42 34 51 79
ID: 153, Data: 80 0 0 FF 0 FF 0 0
ID: 1F1, Data: 80 DC 75 50 8 75 70 8
ID: 316, Data: 845 55 5D 22 5E 2B 10 80
ID: 316, Data: 845 56 C8 22 5D 2B 10 80
ID: 43F, Data: 81 48 60 FF 3B C 20 0
ID: 316, Data: 845 58 96 23 5C 2B 10 80
ID: 2A0, Data: 81 11 51 1C 3C 0 17 0
ID: 153, Data: 80 0 0 FF 0 FF 0 0
ID: 316, Data: 845 58 E6 24 5B 2B 11 80
ID: 153, Data: 80 0 0 FF 0 FF 0 0
ID: 153, Data: 80 0 0 FF 0 FF 0 0
ID: 280, Data: 830 0 88 8E 4B 35 51 79
ID: 153, Data: 80 0 0 FF 0 FF 0 0
ID: 153, Data: 80 0 0 FF 0 FF 0 0
ID: 545, Data: 8E4 D 1 8D F 3 F 3
ID: 316, Data: 845 58 5E 27 59 2C 13 80
ID: 153, Data: 80 0 0 FF 0 FF 0 0
ID: 18F, Data: 8AA 49 0 0 0 0 0 0
ID: 280, Data: 830 0 88 8E 50 33 51 73
ID: 153, Data: 80 0 0 FF 0 FF 0 0
ID: 43F, Data: 81 48 60 FF 3B 94 26 0
ID: 2A0, Data: 81 15 51 1C 3C 0 17 0
ID: A1, Data: 884 7D 83 79 35 0 0 0
ID: 1F0, Data: 862 40 5 C0 0 0 0 0
ID: 43F, Data: 81 48 60 FF 3B 1C 28 0
ID: 43F, Data: 81 48 60 FF 3B 80 28 0
ID: 316, Data: 845 55 1A 2B 57 2D 15 80
ID: 153, Data: 80 0 0 FF 0 FF 0 0
ID: 316, Data: 845 56 D 2C 5C 2D 15 80
ID: 153, Data: 80 0 0 FF 0 FF 0 0
ID: 2A0, Data: 861 17 51 1C 3C 0 17 0
ID: 316, Data: 845 5D 3F 2D 69 2D 16 80
ID: A1, Data: 883 7D 85 79 37 0 0 0
ID: 316, Data: 845 64 82 2E 6C 2D 16 80
ID: 153, Data: 80 0 0 FF 0 FF 0 0
ID: 440, Data: 8FE 91 16 A0 FF AA AA AA
ID: 43F, Data: 81 48 60 FF 3B CC 2D 0
ID: 316, Data: 845 6F 23 31 70 2D 17 80
ID: 18F, Data: 8AA 4B 0 0 0 0 0 0
ID: 153, Data: 80 0 0 FF 0 FF 0 0
ID: 316, Data: 845 6E E3 32 6E 2E 18 80
ID: 153, Data: 80 0 0 FF 0 FF 0 0
ID: 316, Data: 845 6C 8B 33 7B 2E 18 80
ID: 316, Data: 845 6E F2 33 87 2E 19 80
ID: 153, Data: 80 0 0 FF 0 FF 0 0
ID: 43F, Data: 8A 48 60 FF 3B 18 33 0
ID: 316, Data: 845 96 B5 37 A9 2E 1A 80
ID: 329, Data: 884 8E 80 8 11 6E 5C 26
ID: 316, Data: 845 9D 86 3B A8 2E 1A 80
ID: 545, Data: 8E4 42 3 8D F1 7 F1 7
ID: 43F, Data: 8A 48 60 FF 3B E4 39 0
ID: 43F, Data: 8A 48 60 FF 3B 80 3A 0
ID: 545, Data: 8E4 1A 3 8D EA 7 EA 7
ID: 5F0, Data: 20 0
ID: 316, Data: 845 A2 7D 3F A4 2F 1D 80
ID: 316, Data: 845 A0 E5 3F A4 2F 1E 80
ID: A0, Data: 8B5 63 E5 3F 1E 63 2 0
ID: 5F0, Data: 20 0
ID: 316, Data: 845 9F E3 42 A8 31 1F 80
ID: 316, Data: 845 9F 57 43 B0 31 1F 80
ID: 370, Data: 8FF D8 F0 FF FF FF FF FF
ID: 2A0, Data: 861 29 51 1C 3C 0 17 0
ID: 43F, Data: 8A 48 60 FF 3B 64 42 0
ID: 329, Data: 884 8E 80 8 11 75 72 26
ID: 440, Data: 8FE E1 21 A0 FF AA AA AA
ID: 316, Data: 845 8A 7E 44 BC 32 22 80
ID: 153, Data: 80 0 0 FF 0 FF 0 0
ID: 153, Data: 80 0 0 FF 0 FF 0 0
ID: 43F, Data: 8A 48 60 8A 3B 98 3C 0
ID: 153, Data: 80 0 0 FF 0 FF 0 0
ID: 316, Data: 845 88 86 3B D5 2E 24 80
ID: 316, Data: 845 85 4E 39 DE 2E 24 80
ID: 43F, Data: 8A 48 60 87 3B 90 33 0
ID: 316, Data: 845 87 C 35 E9 2C 25 80
ID: A0, Data: 8C8 63 A1 34 26 91 2 0
ID: 316, Data: 845 AE 61 31 EF 2B 26 80
ID: 316, Data: 845 AE 61 31 EF 2B 27 80
ID: 153, Data: 80 0 0 FF 0 FF 0 0
ID: 280, Data: 830 0 88 8E 66 6A 51 D4
ID: 316, Data: 845 AE 48 33 F0 2B 28 80
ID: A1, Data: 882 7F 84 80 65 0 0 0
ID: 316, Data: 845 B1 F2 33 F0 2C 29 80
ID: 316, Data: 845 AE 5B 34 F0 2C 29 80
ID: 316, Data: 845 AF C5 34 F0 2C 2A 80
ID: 2A0, Data: 8C1 46 51 1C 3C 0 17 0
ID: 43F, Data: 8A 48 60 FF 3B 8 31 0
ID: 316, Data: 845 AE 59 36 F1 2C 2B 80
ID: 2A0, Data: 8C1 4A 51 1C 3C 0 17 0
ID: 153, Data: 80 0 0 FF 0 FF 0 0
ID: 260, Data: 8B AF F3 30 FF FF 9D 14
ID: 316, Data: 845 AC 56 38 F1 2D 2D 80
ID: 43F, Data: 82 48 60 FF 3B 24 34 0
ID: 370, Data: 8FF D8 F0 FF FF FF FF FF
ID: 18F, Data: 8AA 49 0 0 0 0 0 0
ID: 316, Data: 845 AF 23 3A F1 2E 2F 80
ID: 153, Data: 80 0 0 FF 0 FF 0 0
ID: 43F, Data: 82 48 60 FF 3B E0 36 0
ID: 545, Data: 8E4 6F 3 8D FB 8 FB 8
ID: 153, Data: 80 0 0 FF 0 FF 0 0
ID: 316, Data: 845 B1 CA 3C F1 2E 31 80
ID: 153, Data: 80 0 0 FF 0 FF 0 0
ID: 316, Data: 845 B4 89 3D F1 2E 32 80
ID: 316, Data: 845 B5 1C 3E F1 2E 32 80
ID: 43F, Data: 8B 48 60 FF 3B 74 3A 0
ID: 316, Data: 845 B6 7D 3F F2 2F 34 80
ID: 153, Data: 80 0 0 FF 0 FF 0 0
ID: 153, Data: 80 0 0 FF 0 FF 0 0
ID: 316, Data: 845 BC 25 41 F4 30 35 80
ID: 5F0, Data: 20 0
ID: 280, Data: 830 0 88 8E 82 72 51 D2
ID: 316, Data: 845 BE CA 41 F5 30 36 80
ID: 316, Data: 845 BE 71 42 F7 31 37 80
ID: 329, Data: 840 8E 80 8 11 BB AD 26
ID: 43F, Data: 8B 48 60 FF 3B 30 3F 0
ID: 440, Data: 8FE 82 38 A0 FF AA AA AA
ID: 153, Data: 80 0 0 FF 0 FF 0 0
ID: 316, Data: 845 C5 BA 44 F7 33 39 80
ID: 316, Data: 845 C4 F7 44 F6 33 39 80
ID: 43F, Data: 8B 48 60 FF 3B 3C 41 0
ID: 316, Data: 845 B1 2C 46 F3 33 3A 80
ID: 153, Data: 80 0 0 FF 0 FF 0 0
ID: 153, Data: 80 0 0 FF 0 FF 0 0
ID: 316, Data: 845 AA 1D 43 EB 32 3B 80
ID: 153, Data: 80 0 0 FF 0 FF 0 0
ID: 280, Data: 830 0 88 8F 81 74 51 D1
ID: 316, Data: 845 A6 1A 40 E6 30 3C 80
ID: 153, Data: 80 0 0 FF 0 FF 0 0
ID: 43F, Data: 8B 48 60 A2 3B 2C 3A 0
ID: 153, Data: 80 0 0 FF 0 FF 0 0
ID: 329, Data: 840 8F 80 8 11 AB 94 26
ID: 316, Data: 845 9C 23 3A E6 2E 3E 80
ID: 43F, Data: 8B 48 60 9E 3B AC 34 0
ID: 316, Data: 845 9C F1 36 E9 2D 3E 80
ID: 18F, Data: 8AA 49 0 0 0 0 0 0
ID: 316, Data: 845 9A 5B 34 E8 2C 3F 80
ID: 316, Data: 845 B3 26 33 E9 2B 3F 80
ID: 260, Data: 8B B6 EB 30 FF FF 85 3C
ID: 316, Data: 845 B0 15 34 E8 2B 40 80
ID: A0, Data: 8BF 64 F2 33 40 96 2 0
ID: 153, Data: 80 0 0 FF 0 FF 0 0
ID: 316, Data: 845 AD 5B 34 DF 2C 41 80
ID: 316, Data: 845 AD 7E 34 DD 2C 41 80
ID: 43F, Data: 8B 48 60 FF 3C DC 2F 0
ID: 316, Data: 845 AD C 35 D8 2C 42 80
ID: 153, Data: 80 0 0 FF 0 FF 0 0
ID: 316, Data: 845 AB 79 35 D4 2C 42 80
ID: 153, Data: 80 0 0 FF 0 FF 0 0
ID: 2A0, Data: 8C1 78 51 1C 3C 0 17 0
ID: 316, Data: 845 AA 33 36 D4 2C 43 80
ID: A1, Data: 883 81 86 81 64 0 0 0
ID: 316, Data: 845 A9 59 36 D2 2C 44 80
ID: 316, Data: 845 A9 A5 36 D1 2C 44 80
ID: 153, Data: 80 0 0 FF 0 FF 0 0
ID: 545, Data: 8E4 FB 2 8D 87 8 87 8
ID: 316, Data: 845 A8 3F 37 CE 2D 45 80
ID: 280, Data: 830 0 88 8F 6E 65 51 D3
ID: 370, Data: 8FF D8 F0 FF FF FF FF FF
ID: 2A0, Data: 861 78 51 1C 3C 0 17 0
ID: 316, Data: 845 A8 2E 38 CD 2D 46 80
ID: 329, Data: 8B 8F 80 8 11 AA 73 26
ID: 153, Data: 80 0 0 FF 0 FF 0 0
ID: 316, Data: 845 AB A8 38 CD 2D 47 80
ID: 153, Data: 80 0 0 FF 0 FF 0 0
ID: 260, Data: 8B AC CF 30 FF FF 9D 3C
ID: 545, Data: 8E4 36 3 8D AD 8 AD 8
ID: 153, Data: 80 0 0 FF 0 FF 0 0
ID: 316, Data: 845 AB CD 39 CB 2D 49 80
ID: 153, Data: 80 0 0 FF 0 FF 0 0
ID: 2A0, Data: 8A1 77 51 1C 3C 0 17 0
ID: 316, Data: 845 AE 23 3A CA 2D 4A 80
ID: 18F, Data: 8AA 48 0 0 0 0 0 0
ID: 316, Data: 845 AD FF 3A C8 2D 4A 80
ID: 153, Data: 80 0 0 FF 0 FF 0 0
ID: A0, Data: 8C2 64 A6 3A 4B 96 2 0
ID: 280, Data: 830 0 88 90 76 69 51 D2
ID: A0, Data: 8C4 65 58 3B 4B 96 2 0
ID: 440, Data: 8FE C3 4C A0 FF AA AA AA
ID: 316, Data: 845 B1 E1 3B BE 2E 4C 80
ID: 153, Data: 80 0 0 FF 0 FF 0 0
ID: 545, Data: 8E4 62 3 8D 15 9 15 9
ID: 1F1, Data: 80 30 67 12 26 77 82 27
ID: 280, Data: 830 0 88 90 79 6B 51 D0
ID: 153, Data: 80 0 0 FF 0 FF 0 0
ID: 1F0, Data: 85 40 5 C0 0 0 0 0
ID: 43F, Data: 8C 48 60 FF 3D 1C 39 0
ID: 153, Data: 80 0 0 FF 0 FF 0 0
ID: 316, Data: 845 B3 BA 3D AB 2E 4F 80
ID: 153, Data: 80 0 0 FF 0 FF 0 0
ID: A1, Data: 880 82 82 83 62 0 0 0
ID: 329, Data: 884 90 80 8 11 61 0 26
ID: 329, Data: 884 90 80 8 11 50 0 26
ID: 43F, Data: 8C 45 60 5D 3D 44 38 0
ID: 43F, Data: 8C 45 60 44 3D C0 35 0
ID: 1F1, Data: 80 C 7C D2 27 8F E2 28
ID: 1F0, Data: 85 40 5 C0 0 0 0 0
ID: 153, Data: 80 0 0 FF 0 FF 0 0
ID: 316, Data: 845 20 71 2C 19 31 51 80
ID: 43F, Data: 8C 45 60 FF 3D 40 2B 0
ID: 153, Data: 80 0 0 FF 0 FF 0 0
ID: 18F, Data: 8AA 47 0 0 0 0 0 0
ID: 280, Data: 830 0 84 90 53 13 51 31
ID: 43F, Data: 8C 45 60 FF 3E 70 2B 0
ID: 18F, Data: 8AA 47 0 0 0 0 0 0
ID: 153, Data: 80 0 0 FF 0 FF 0 0
ID: 153, Data: 80 0 0 FF 0 FF 0 0
ID: A0, Data: 82A 65 91 28 51 30 2 0
ID: 316, Data: 845 25 29 28 2B 30 50 80
ID: 18F, Data: 8AA 47 0 0 0 0 0 0
ID: 440, Data: 8FE 94 50 A0 FF AA AA AA
ID: 153, Data: 80 0 0 FF 0 FF 0 0
ID: 545, Data: 8E4 86 0 8D D0 FF D0 FF
ID: 316, Data: 845 2E 62 2B 34 30 50 80
ID: 153, Data: 80 0 0 FF 0 FF 0 0
ID: 153, Data: 80 0 0 FF 0 FF 0 0
ID: 316, Data: 845 37 D 2C 47 30 50 80
ID: 43F, Data: 8D 45 60 FF 3E 80 2B 0
ID: 329, Data: 8ED 91 80 8 11 45 1B 26
ID: 153, Data: 80 0 0 FF 0 FF 0 0
ID: 153, Data: 80 0 0 FF 0 FF 0 0
ID: 316, Data: 845 47 F1 2C 48 2E 50 80
ID: 153, Data: 80 0 0 FF 0 FF 0 0
ID: 316, Data: 845 49 25 2D 48 2E 50 80
ID: 5F0, Data: 20 0
ID: 43F, Data: 8D 45 60 FF 3E 3C 2B 0
ID: 43F, Data: 8D 45 60 FF 3E 30 2B 0
ID: 316, Data: 845 4A F1 2C 4A 2D 50 80
ID: 316, Data: 845 4A B 2D 4A 2D 50 80
ID: 153, Data: 80 0 0 FF 0 FF 0 0
ID: 329, Data: 8B 91 80 8 11 46 1E 26
ID: 316, Data: 845 4B B 2D 4B 2D 50 80
ID: 545, Data: 8E4 FC 0 8D 4F 1 17 2
ID: 370, Data: 8FF D7 F0 F0 FF FF FF FF
ID: 153, Data: 80 0 0 FF 0 FF 0 0
ID: 316, Data: 845 38 26 2C 57 2C 50 80
ID: 18F, Data: 8AA 45 0 0 0 0 0 0
ID: 153, Data: 80 0 0 FF 0 FF 0 0
ID: 316, Data: 845 40 71 2C 59 2C 50 80
ID: 440, Data: 8F8 94 50 A0 FF AA AA AA
ID: 316, Data: 845 44 AB 2B 5B 2C 50 80
ID: 153, Data: 80 0 0 FF 0 FF 0 0
ID: 280, Data: 830 0 88 92 51 39 51 79
ID: 316, Data: 845 48 23 27 62 2B 50 80
ID: 153, Data: 80 0 0 FF 0 FF 0 0
ID: 316, Data: 845 5F 4C 24 65 29 50 80
ID: 316, Data: 845 67 4C 24 66 29 50 80
ID: 43F, Data: 8D 45 60 FF 3E F8 20 0
ID: 370, Data: 8FF D7 F0 F0 FF FF FF FF
ID: 260, Data: 8B 6C 66 30 FF FF B1 2A
ID: 153, Data: 80 0 0 FF 0 FF 0 0
ID: 153, Data: 80 0 0 FF 0 FF 0 0
ID: 545, Data: 8E4 27 1 8D 89 4 89 4
ID: 316, Data: 845 6B F7 24 6C 29 50 80
ID: 545, Data: 8E4 27 1 8D 97 4 97 4
ID: 153, Data: 80 0 0 FF 0 FF 0 0
ID: 316, Data: 845 6F 1B 25 75 29 50 80
ID: 153, Data: 80 0 0 FF 0 FF 0 0
ID: A0, Data: 875 67 9 25 51 41 2 0
ID: 316, Data: 845 74 74 25 77 28 51 80
ID: 1F1, Data: 80 DB 80 72 27 91 C2 28
ID: 43F, Data: 85 45 60 FF 3D 58 21 0
ID: 260, Data: 8B 76 78 30 FF FF AC 22
ID: 316, Data: 845 75 AA 25 77 28 51 80
ID: 316, Data: 845 75 BC 25 77 28 51 80
ID: 370, Data: 8FF D7 F0 F0 FF FF FF FF
ID: 2A0, Data: 81 3F 51 1C 3C 0 17 0
ID: 316, Data: 845 75 BC 25 78 28 51 80
ID: 153, Data: 80 0 0 FF 0 FF 0 0
ID: 440, Data: 8F2 25 51 A0 FF AA AA AA
ID: 43F, Data: 85 45 60 FF 3D AC 21 0
ID: 316, Data: 845 76 74 25 78 28 51 80
ID: 545, Data: 8E4 4E 1 8D 67 5 67 5
ID: 153, Data: 80 0 0 FF 0 FF 0 0
ID: 316, Data: 845 77 2C 25 79 28 52 80
ID: 316, Data: 845 77 2C 25 79 28 52 80
ID: 43F, Data: 85 45 60 FF 3D E0 21 0
ID: 316, Data: 845 77 9 25 79 28 52 80
ID: 153, Data: 80 0 0 FF 0 FF 0 0
ID: 316, Data: 845 77 9 25 6D 28 52 80
ID: 153, Data: 80 0 0 FF 0 FF 0 0
ID: 316, Data: 845 75 E6 24 68 28 52 80
ID: 316, Data: 845 74 D5 24 68 28 52 80
ID: 43F, Data: 85 45 60 FF 3D 18 22 0
ID: 316, Data: 845 6D 6E 24 69 28 53 80
ID: 153, Data: 80 0 0 FF 0 FF 0 0
ID: 316, Data: 845 6B 9 24 69 28 53 80
ID: 316, Data: 845 6B E8 23 6A 28 53 80
ID: 329, Data: 8B 93 80 8 11 4A 27 26
ID: 153, Data: 80 0 0 FF 0 FF 0 0
ID: 280, Data: 830 0 88 93 47 40 51 8D
ID: 440, Data: 8F5 D5 53 A0 FF AA AA AA
ID: 5F0, Data: 20 0
ID: 316, Data: 845 53 86 23 18 2A 53 80
ID: 43F, Data: 85 45 60 FF 3D 3C 22 0
ID: 153, Data: 80 0 0 FF 0 FF 0 0
ID: 153, Data: 80 0 0 FF 0 FF 0 0
ID: 316, Data: 845 34 36 23 12 23 53 80
ID: 43F, Data: 845 45 60 FF 3D 40 22 0
ID: 316, Data: 845 28 D7 22 14 24 53 80
ID: 153, Data: 80 0 0 FF 0 FF 0 0
ID: 43F, Data: 845 45 60 FF 3D 18 22 0
ID: 316, Data: 845 20 C8 21 15 25 53 80
ID: A0, Data: 81D 68 21 22 54 29 2 0
ID: 153, Data: 80 0 0 FF 0 FF 0 0
ID: 316, Data: 85 1C 55 21 15 25 53 80
ID: 153, Data: 80 0 0 FF 0 FF 0 0
ID: 260, Data: 8B 1A 16 30 FF FF AA 3D
ID: 329, Data: 840 94 80 8 11 31 0 26
ID: 153, Data: 80 0 0 FF 0 FF 0 0
ID: 316, Data: 85 17 5C 20 16 25 53 80
ID: 153, Data: 80 0 0 FF 0 FF 0 0
ID: 545, Data: 8E4 37 0 8D D6 FE D6 FE
ID: 316, Data: 85 13 65 1F 17 25 53 80
ID: 43F, Data: 845 45 60 FF 3D D4 21 0
ID: 43F, Data: 845 45 60 FF 3D D0 21 0
ID: 260, Data: 8B 12 17 30 FF FF 69 2A
ID: 316, Data: 85 14 F0 1D 17 24 52 80
ID: 2A0, Data: 820 28 51 1C 3C 0 17 0
ID: 43F, Data: 845 45 60 FF 3D AC 21 0
ID: 316, Data: 85 15 41 1E 17 24 52 80
ID: 153, Data: 80 0 0 FF 0 FF 0 0
ID: 153, Data: 80 0 0 FF 0 FF 0 0
ID: 316, Data: 85 16 DD 1E 17 24 52 80
ID: 5F0, Data: 20 0
ID: 316, Data: 85 16 E 1F 16 24 52 80
ID: 153, Data: 80 0 0 FF 0 FF 0 0
ID: 329, Data: 884 94 80 8 11 34 0 26
ID: 316, Data: 85 16 A5 1F 16 25 51 80
ID: A1, Data: 873 7A 6E 7A 1B 0 0 0
ID: 43F, Data: 845 45 60 FF 3D 44 21 0
ID: 153, Data: 80 0 0 FF 0 FF 0 0
ID: 153, Data: 80 0 0 FF 0 FF 0 0
ID: 316, Data: 8D 16 34 20 16 25 51 80
ID: 316, Data: 8D 12 4F 20 16 25 51 80
ID: 43F, Data: 845 45 60 FF 3C 24 21 0
ID: 153, Data: 80 0 0 FF 0 FF 0 0
ID: A0, Data: 828 68 6A 20 51 2C 4 0
ID: 316, Data: 8D F 85 20 16 25 51 80
ID: 260, Data: 80 F 16 30 FF FF 54 2
ID: 316, Data: 8D B 77 20 16 25 51 80
ID: 153, Data: 80 0 0 FF 0 FF 0 0
ID: 329, Data: 840 95 80 8 11 34 0 26
ID: 316, Data: 8D 7 77 20 16 24 50 80
ID: 2A0, Data: 840 1D 51 1C 3C 0 17 0
ID: 43F, Data: 845 45 60 FF 3D D0 20 0
ID: 153, Data: 80 0 0 FF 0 FF 0 0
ID: 260, Data: 80 4 16 30 FF FF 54 2B
ID: 280, Data: 830 0 20 95 40 16 51 3B
ID: 370, Data: 8FF D7 F0 F0 FF FF FF FF
ID: 316, Data: 8D 0 85 20 15 24 50 80
ID: 153, Data: 80 0 0 FF 0 FF 0 0
ID: 43F, Data: 845 45 60 FF 3E 90 20 0
ID: 153, Data: 80 0 0 FF 0 FF 0 0
ID: 316, Data: 8D 0 77 20 15 24 4F 80
ID: 316, Data: 8D 0 85 20 15 24 4F 80
ID: 2A0, Data: 820 19 51 1C 3C 0 17 0
ID: 43F, Data: 845 45 60 FF 3D 6C 20 0
ID: 316, Data: 8D 0 4F 20 15 24 4F 80
ID: A0, Data: 82B 69 6A 20 50 2D 4 0
ID: 316, Data: 8D 0 1A 20 15 24 4F 80
ID: 316, Data: 8D 0 F2 1F 15 24 4F 80
ID: 329, Data: 8ED 95 80 8 11 35 0 26
ID: 153, Data: 80 0 0 FF 0 FF 0 0
ID: 370, Data: 8FF D7 F0 F0 FF FF FF FF
ID: 43F, Data: 845 45 60 FF 3D 20 20 0
ID: 545, Data: 8E4 0 0 8D 7E FD 7E FD
ID: 153, Data: 80 0 0 FF 0 FF 0 0
ID: 316, Data: 8D 0 E 1F 16 24 4E 80
ID: 153, Data: 80 0 0 FF 0 FF 0 0
ID: 316, Data: 8D 0 1A 1F 16 24 4E 80
ID: 1F0, Data: 85 40 5 C0 0 0 0 0
ID: 153, Data: 80 0 0 FF 0 FF 0 0
ID: 370, Data: 8FF D7 F0 F0 FF FF FF FF
ID: 153, Data: 80 0 0 FF 0 FF 0 0
ID: 440, Data: 8F1 D5 4D A0 FF AA AA AA
ID: 316, Data: 8D 0 27 1F 16 24 4E 80
ID: 153, Data: 80 0 0 FF 0 FF 0 0
ID: 316, Data: 8D 0 40 1F 16 24 4E 80
ID: 153, Data: 80 0 0 FF 0 FF 0 0
ID: 316, Data: 8D 0 27 1F 16 24 4D 80
ID: 370, Data: 8FF D7 F0 F0 FF FF FF FF
ID: 153, Data: 80 0 0 FF 0 FF 0 0
ID: 316, Data: 8D 0 E 1F 16 24 4D 80
ID: 153, Data: 80 0 0 FF 0 FF 0 0
ID: 316, Data: 8D 0 1 1F 16 24 4D 80
ID: 153, Data: 80 0 0 FF 0 FF 0 0
ID: 153, Data: 80 0 0 FF 0 FF 0 0
ID: 153, Data: 80 0 0 FF 0 FF 0 0
ID: 260, Data: 80 0 16 30 FF FF 4E 35
ID: 329, Data: 8B 96 80 8 11 34 0 26
ID: 153, Data: 80 0 0 FF 0 FF 0 0
ID: 316, Data: 8D 0 88 1E 16 24 4C 80
ID: 153, Data: 80 0 0 FF 0 FF 0 0
ID: 153, Data: 80 0 0 FF 0 FF 0 0
ID: 153, Data: 80 0 0 FF 0 FF 0 0
ID: A0, Data: 829 69 65 1E 4D 2C 4 0
ID: 280, Data: 830 0 20 96 3C 16 51 3E
ID: A1, Data: 880 7A 80 7A 1D 0 0 0
ID: 316, Data: 8D 0 41 1E 16 24 4C 80
ID: 370, Data: 8FF D7 F0 F0 FF FF FF FF
ID: 545, Data: 8E4 0 0 8D 82 FD 82 FD
ID: 316, Data: 8D 0 2A 1E 16 24 4C 80
ID: 316, Data: 8D 0 36 1E 17 24 4C 80
ID: 43F, Data: 845 45 60 FF 3D D4 1E 0
ID: 370, Data: 8FF D7 F0 F0 FF FF FF FF
ID: 545, Data: 8E4 0 0 8D 82 FD 82 FD
ID: 316, Data: 8D 0 1E 1E 16 24 4B 80
ID: 329, Data: 8B 96 80 8 11 34 0 26
ID: 43F, Data: 845 45 60 FF 3E 98 1E 0
ID: 370, Data: 8FF D5 F0 F0 FF FF FF FF
ID: 316, Data: 8D 0 FC 1D 17 23 4B 80
ID: 153, Data: 80 0 0 FF 0 FF 0 0
ID: 316, Data: 8D 0 FC 1D 17 23 4B 80
ID: 153, Data: 80 0 0 FF 0 FF 0 0
ID: 329, Data: 8B 96 80 8 11 33 0 26
ID: 316, Data: 8D 0 D9 1D 17 23 4A 80
ID: 153, Data: 80 0 0 FF 0 FF 0 0
ID: 153, Data: 80 0 0 FF 0 FF 0 0
ID: 260, Data: 80 0 17 30 FF FF 4E 34
ID: 316, Data: 8D 0 95 1D 17 23 4A 80
ID: 153, Data: 80 0 0 FF 0 FF 0 0
ID: 316, Data: 8D 0 7F 1D 17 23 4A 80
ID: 153, Data: 80 0 0 FF 0 FF 0 0
ID: 153, Data: 80 0 0 FF 0 FF 0 0
ID: 316, Data: 8D 0 53 1D 17 23 4A 80
ID: 43F, Data: 845 45 60 FF 3E 1C 1E 0
ID: 440, Data: 8F0 25 49 A0 FF AA AA AA
ID: 280, Data: 830 0 20 96 3A 15 51 3C
ID: 153, Data: 80 0 0 FF 0 FF 0 0
ID: 2A0, Data: 880 A 51 1C 3C 0 17 0
ID: 316, Data: 8D 0 1C 1D 17 23 49 80
ID: 545, Data: 8E4 0 0 8D 89 FD 89 FD
ID: 153, Data: 80 0 0 FF 0 FF 0 0
ID: 153, Data: 80 0 0 FF 0 FF 0 0
ID: 43F, Data: 845 45 60 FF 3E C0 1D 0
ID: A1, Data: 880 7A 80 7A 1C 0 0 0
ID: 316, Data: 8D 0 E6 1C 17 23 49 80
ID: 316, Data: 8D 0 E6 1C 17 23 49 80
ID: 18F, Data: 8AA 36 0 0 0 0 0 0
ID: 316, Data: 8D 0 E6 1C 17 23 48 80
ID: 43F, Data: 845 45 60 FF 3E 94 1D 0
ID: 43F, Data: 845 45 60 FF 3E 88 1D 0
ID: 280, Data: 830 0 20 97 39 15 51 3B
ID: 153, Data: 80 0 0 FF 0 FF 0 0
ID: 316, Data: 8D 0 D1 1C 17 23 48 80
ID: 316, Data: 8D 0 DC 1C 17 23 48 80
ID: 1F0, Data: 84 40 5 C0 0 0 0 0
ID: 153, Data: 80 0 0 FF 0 FF 0 0
ID: 18F, Data: 8AA 36 0 0 0 0 0 0
ID: 316, Data: 8D 0 BC 1C 17 23 48 80
ID: 440, Data: 8F0 75 47 A0 FF AA AA AA
ID: 260, Data: 80 0 18 30 FF FF 4E 15
ID: 316, Data: 8D 0 92 1C 17 23 47 80
ID: 329, Data: 884 97 80 8 11 33 0 26
ID: 43F, Data: 845 45 60 FF 3E 1C 1D 0
ID: 440, Data: 8F0 85 47 A0 FF AA AA AA
ID: 2A0, Data: 880 7 51 1C 3C 0 17 0
ID: 316, Data: 8D 0 73 1C 18 23 47 80
ID: 316, Data: 8D 0 5E 1C 18 23 47 80
ID: A1, Data: 880 7A 80 7A 1C 0 0 0
ID: 316, Data: 8D 0 3F 1C 18 23 47 80
ID: 370, Data: 8FF D8 F0 F0 FF FF FF FF
ID: 316, Data: 8D 0 3F 1C 18 23 47 80
ID: 153, Data: 80 0 0 FF 0 FF 0 0
ID: 316, Data: 8D 0 17 1C 18 23 46 80
ID: 316, Data: 8D 0 C 1C 18 23 46 80
ID: 316, Data: 8D 0 C 1C 18 23 46 80
ID: A0, Data: 826 6A 2 1C 47 2A 4 0
ID: 153, Data: 80 0 0 FF 0 FF 0 0
ID: 43F, Data: 845 45 60 FF 3E 94 1C 0
ID: A1, Data: 880 7A 80 7A 1B 0 0 0
ID: 153, Data: 80 0 0 FF 0 FF 0 0
ID: 316, Data: 8D 0 BD 1B 18 23 46 80
ID: 153, Data: 80 0 0 FF 0 FF 0 0
ID: 316, Data: 8D 0 A9 1B 18 23 46 80
ID: 316, Data: 8D 0 9F 1B 18 23 46 80
ID: 1F0, Data: 85 40 5 C0 0 0 0 0
ID: 153, Data: 80 0 0 FF 0 FF 0 0
ID: 2A0, Data: 840 5 51 1C 3C 0 17 0
ID: 316, Data: 8D 0 8C 1B 18 23 45 80
ID: 545, Data: 8E4 0 0 8D 91 FD 91 FD
ID: 153, Data: 80 0 0 FF 0 FF 0 0
ID: 316, Data: 8D 0 8C 1B 18 23 45 80
ID: 153, Data: 80 0 0 FF 0 FF 0 0
ID: 316, Data: 8D 0 78 1B 18 23 45 80
ID: 153, Data: 80 0 0 FF 0 FF 0 0
ID: 316, Data: 8D 0 65 1B 18 23 45 80
ID: 370, Data: 8FF DA F0 F0 FF FF FF FF
ID: 545, Data: 8E4 0 0 8D 92 FD 92 FD
ID: 316, Data: 8D 0 6F 1B 18 23 45 80
ID: 329, Data: 8B 97 80 8 11 32 0 26
ID: 43F, Data: 845 45 60 FF 3E FC 1B 0
ID: 43F, Data: 845 45 60 FF 3E F8 1B 0
ID: 316, Data: 8D 0 52 1B 18 23 44 80
ID: 316, Data: 8D 0 48 1B 18 23 44 80
ID: 316, Data: 8D 0 3F 1B 18 23 44 80
ID: 545, Data: 8E4 0 0 8D 93 FD 93 FD
ID: 43F, Data: 845 45 60 FF 3E D0 1B 0
ID: 316, Data: 8D 0 35 1B 18 23 44 80
ID: 2A0, Data: 880 4 51 1C 3C 0 17 0
ID: 316, Data: 8D 0 19 1B 18 23 44 80
ID: 153, Data: 80 0 0 FF 0 FF 0 0
ID: 280, Data: 830 0 20 97 36 14 51 39
ID: 316, Data: 8D 0 10 1B 19 23 43 80
ID: 43F, Data: 845 45 60 FF 3E 90 1B 0
ID: 43F, Data: 845 45 60 FF 3E 94 1B 0
ID: 329, Data: 8ED 97 80 8 11 32 0 26
ID: 153, Data: 80 0 0 FF 0 FF 0 0
ID: 316, Data: 8D 0 E1 1A 19 22 43 80
ID: 153, Data: 80 0 0 FF 0 FF 0 0
ID: 316, Data: 8D 0 CF 1A 19 22 43 80
ID: 1F0, Data: 85 40 5 C0 0 0 0 0
ID: 545, Data: 8E4 0 0 8D 96 FD 96 FD
ID: 316, Data: 8D 0 BC 1A 19 22 43 80
ID: A0, Data: 827 6A BC 1A 43 2A 4 0
ID: 316, Data: 8D 0 AA 1A 19 22 43 80
ID: 153, Data: 80 0 0 FF 0 FF 0 0
ID: 280, Data: 830 0 20 97 35 14 51 39
ID: 316, Data: 8D 0 8F 1A 19 22 42 80
ID: 43F, Data: 845 45 60 FF 3E 34 1B 0
ID: 43F, Data: 845 45 60 FF 3E 20 1B 0
ID: 316, Data: 8D 0 62 1A 19 22 42 80
ID: 153, Data: 80 0 0 FF 0 FF 0 0
ID: 316, Data: 8D 0 3F 1A 19 22 42 80
ID: 153, Data: 80 0 0 FF 0 FF 0 0
ID: 316, Data: 8D 0 1C 1A 19 22 42 80
ID: 316, Data: 8D 0 A 1A 19 22 42 80
ID: 1F0, Data: 85 40 5 C0 0 0 0 0
ID: 153, Data: 80 0 0 FF 0 FF 0 0
ID: 440, Data: 8EF D5 41 A0 FF AA AA AA
ID: 43F, Data: 845 45 60 FF 3E B8 1A 0
ID: 153, Data: 80 0 0 FF 0 FF 0 0
ID: 316, Data: 8D 0 BD 19 19 22 41 80
ID: 5F0, Data: 20 0
ID: 280, Data: 830 0 20 97 33 14 51 39
ID: 316, Data: 8D 0 A4 19 1A 22 41 80
ID: 43F, Data: 845 45 60 FF 3E 5C 1A 0
ID: 5F0, Data: 20 0
ID: A0, Data: 826 6A 7A 19 41 29 4 0
ID: 260, Data: 80 0 1A 30 FF FF 4E 4
ID: 43F, Data: 845 45 60 FF 3E 0 1A 0
ID: 43F, Data: 845 45 60 FF 3E FC 19 0
ID: 43F, Data: 845 45 60 FF 3E E8 19 0
ID: A1, Data: 880 7A 80 7A 1B 0 0 0
ID: 316, Data: 8D 0 38 19 1A 22 3F 80
ID: 316, Data: 8D 0 30 19 1A 22 3F 80
ID: 2A0, Data: 820 2 51 1C 3C 0 17 0
ID: 43F, Data: 845 45 60 FF 3E 8C 19 0
ID: 153, Data: 80 0 0 FF 0 FF 0 0
ID: 440, Data: 8EF 85 3E A0 FF AA AA AA
ID: 316, Data: 8D 0 E0 18 1A 22 3E 80
ID: 153, Data: 80 0 0 FF 0 FF 0 0
ID: 316, Data: 8D 0 99 18 1A 22 3E 80
ID: 153, Data: 80 0 0 FF 0 FF 0 0
ID: 316, Data: 8D 0 6B 18 1A 22 3D 80
ID: 43F, Data: 845 45 60 FF 3E C8 18 0
ID: 280, Data: 830 0 20 98 30 15 51 3A
ID: 316, Data: 8D 0 18 18 1B 22 3D 80
ID: 316, Data: 8D 0 FB 17 1B 22 3C 80
ID: 43F, Data: 845 45 60 FF 3E 64 18 0
ID: 43F, Data: 845 45 60 FF 3E 4C 18 0
ID: 545, Data: 8E4 0 0 8D A7 FD A7 FD
ID: 316, Data: 8D 0 8E 17 1B 21 3B 80
ID: 316, Data: 8D 0 72 17 1B 21 3B 80
ID: 18F, Data: 8AA 33 0 0 0 0 0 0
ID: 43F, Data: 845 45 60 FF 3E C8 17 0
ID: 43F, Data: 845 45 60 FF 3E B0 17 0
ID: 370, Data: 8FF DD F0 F0 FF FF FF FF
ID: A1, Data: 880 7A 80 7A 1D 0 0 0
ID: 153, Data: 80 0 0 FF 0 FF 0 0
ID: 316, Data: 8D 0 BA 16 1C 21 39 80
ID: 153, Data: 80 0 0 FF 0 FF 0 0
ID: 329, Data: 884 98 80 8 12 31 0 26
ID: 316, Data: 8D 0 65 16 1D 21 39 80
ID: 329, Data: 8ED 98 80 8 12 31 0 26
ID: 316, Data: 8D 0 2C 16 1D 21 38 80
ID: 1F0, Data: 84 40 5 C0 0 0 0 0
ID: 545, Data: 8E4 0 0 8D AC FD AC FD
ID: 316, Data: 8D 0 DB 15 1D 21 37 80
ID: A0, Data: 82B 6A DB 15 38 29 4 0
ID: 43F, Data: 845 45 60 FF 3E 10 16 0
ID: 370, Data: 8FF DD F0 F0 FF FF FF FF
ID: 18F, Data: 8AA 33 0 0 0 0 0 0
ID: 316, Data: 8D 0 35 15 1E 21 36 80
ID: 153, Data: 80 0 0 FF 0 FF 0 0
ID: 316, Data: 8D 0 7 15 1E 21 35 80
ID: 153, Data: 80 0 0 FF 0 FF 0 0
ID: 316, Data: 8D 0 DA 14 1E 21 35 80
ID: 43F, Data: 845 45 60 FF 3E 24 15 0
ID: 1F1, Data: 80 EB 93 51 19 9C F1 19
ID: 5A0, Data: 80 0 0 90 0 0 0 0
ID: 316, Data: 8D 0 4D 14 1F 21 33 80
ID: 316, Data: 8D 0 2E 14 1F 21 33 80
ID: 316, Data: 8D 0 A 14 1F 21 33 80
ID: A1, Data: 880 7A 80 7A 1E 0 0 0
ID: 43F, Data: 845 45 60 FF 3E 40 14 0
ID: 153, Data: 80 0 0 FF 0 FF 0 0
ID: 43F, Data: 845 45 60 FF 3E C 14 0
ID: 316, Data: 8D 0 7E 13 20 21 31 80
ID: 280, Data: 830 0 20 98 26 18 51 42
ID: 440, Data: 8EF 85 30 A0 FF AA AA AA
ID: 316, Data: 8D 0 3F 13 20 21 31 80
ID: 43F, Data: 845 45 60 FF 3E 88 13 0
ID: 43F, Data: 845 45 60 FF 3E 70 13 0
ID: 2A0, Data: 820 1 51 1C 3C 0 17 0
ID: 316, Data: 8D 0 C3 12 21 20 2F 80
ID: 316, Data: 8D 0 B1 12 21 20 2F 80
ID: 18F, Data: 8AA 32 0 0 0 0 0 0
ID: 43F, Data: 84C 45 60 FF 3E D4 12 0
ID: 153, Data: 80 0 0 FF 0 FF 0 0
ID: 316, Data: 85 5 21 12 21 20 2E 80
ID: 1F0, Data: 85 40 5 C0 0 0 0 0
ID: 153, Data: 80 0 0 FF 0 FF 0 0
ID: 316, Data: 85 11 AA 11 22 20 2D 80
ID: 153, Data: 80 0 0 FF 0 FF 0 0
ID: 316, Data: 85 1E 1F 11 23 20 2D 80
ID: 316, Data: 85 1E 95 10 23 1F 2D 80
ID: 260, Data: 8B 25 25 30 FF FF 4F 5
ID: 316, Data: 85 26 7C 10 24 1F 2C 80
ID: 316, Data: 85 26 EC F 24 1F 2C 80
ID: 316, Data: 85 26 B9 F 26 1F 2B 80
ID: 316, Data: 85 26 DF F 25 1F 2B 80
ID: 280, Data: 830 0 84 98 20 1B 51 47
ID: 43F, Data: 84C 45 60 FF 3E 8 15 0
ID: 316, Data: 85 25 6B 10 24 1F 2A 80
ID: 260, Data: 8B 25 23 30 FF FF 4F 34
ID: 316, Data: 85 24 27 11 22 20 29 80
ID: 545, Data: 8E4 42 0 8D 3F 0 3F 0
ID: 43F, Data: 84C 45 60 FF 3E 1C 15 0
ID: 43F, Data: 84C 45 60 FF 3E E4 14 0
ID: 545, Data: 8E4 41 0 8D 1D 0 1D 0
ID: 316, Data: 85 21 C7 11 22 20 27 80
ID: 316, Data: 85 21 CB 11 22 20 26 80
ID: 43F, Data: 84C 45 60 FF 3E 18 14 0
ID: 43F, Data: 84C 45 60 FF 3E D0 13 0
ID: 18F, Data: 8AA 32 0 0 0 0 0 0
ID: 316, Data: 85 21 45 11 23 20 25 80
ID: 153, Data: 80 0 0 FF 0 FF 0 0
ID: 316, Data: 85 21 F6 10 23 20 24 80
ID: 316, Data: 85 22 C7 10 24 20 24 80
ID: 18F, Data: 8AA 32 0 0 0 0 0 0
ID: 43F, Data: 84B 45 60 FF 3E 3C 12 0
ID: 153, Data: 80 0 0 FF 0 FF 0 0
ID: 1F0, Data: 84 40 5 C0 0 0 0 0
ID: 316, Data: 85 23 D 10 23 1F 21 80
ID: 153, Data: 80 0 0 FF 0 FF 0 0
ID: 316, Data: 85 24 BF F 23 1F 21 80
ID: 153, Data: 80 0 0 FF 0 FF 0 0
ID: 153, Data: 80 0 0 FF 0 FF 0 0
ID: 440, Data: 8FE 94 1F A0 FF AA AA AA
ID: 43F, Data: 84B 45 60 FF 3E 30 10 0
ID: 545, Data: 8E4 36 0 8C 6C 0 6C 0
ID: 153, Data: 80 0 0 FF 0 FF 0 0
ID: 153, Data: 80 0 0 FF 0 FF 0 0
ID: 316, Data: 85 25 B7 E 24 1F 1D 80
ID: 43F, Data: 84B 45 60 FF 3E A8 10 0
ID: 5F0, Data: 20 0
ID: 2A0, Data: 840 0 51 1C 3C 0 17 0
ID: 280, Data: 830 0 84 98 1C 1A 51 46
ID: A1, Data: 88C 7A 8E 7A 21 0 0 0
ID: 43F, Data: 84B 45 60 FF 3E E4 10 0
ID: 43F, Data: 84B 45 60 FF 3E DC 10 0
ID: 18F, Data: 8AA 32 0 0 0 0 0 0
ID: 316, Data: 85 23 F8 E 22 1F 19 80
ID: 153, Data: 80 0 0 FF 0 FF 0 0
ID: 153, Data: 80 0 0 FF 0 FF 0 0
ID: 316, Data: 85 22 DB E 22 1F 17 80
ID: 43F, Data: 84B 45 60 FF 3E E4 F 0
ID: 440, Data: 8FE 44 16 A0 FF AA AA AA
ID: 329, Data: 8B 98 80 8 12 2E 0 26
ID: 153, Data: 80 0 0 FF 0 FF 0 0
ID: 316, Data: 85 21 8E E 22 1F 15 80
ID: 153, Data: 80 0 0 FF 0 FF 0 0
ID: 316, Data: 85 21 24 E 23 1F 15 80
ID: 316, Data: 85 22 6 E 23 1F 14 80
ID: 153, Data: 80 0 0 FF 0 FF 0 0
ID: A1, Data: 88A 7A 8A 7A 20 0 0 0
ID: 329, Data: 8B 98 80 8 12 2E 0 26
ID: 545, Data: 8E4 2B 0 8D 4E 0 4E 0
ID: 153, Data: 80 0 0 FF 0 FF 0 0
ID: 316, Data: 85 24 CF C 26 1E 12 80
ID: 370, Data: 8FF DD F0 F0 FF FF FF FF
ID: 153, Data: 80 0 0 FF 0 FF 0 0
ID: 18F, Data: 8AA 32 0 0 0 0 0 0
ID: 316, Data: 85 25 28 C 27 1E 11 80
ID: 5F0, Data: 20 0
ID: 545, Data: 8E4 29 0 8C 8D 0 8D 0
ID: 329, Data: 8B 98 80 8 12 2D 0 26
ID: A0, Data: 838 6A 1B C 11 26 2 0
ID: 43F, Data: 83 45 60 FF 3E F8 A 0
ID: 1F1, Data: 80 74 73 50 7 76 70 7
ID: 153, Data: 80 0 0 FF 0 FF 0 0
ID: 316, Data: 85 27 4B B 29 1D F 80
ID: 153, Data: 80 0 0 FF 0 FF 0 0
ID: 316, Data: 85 27 1C B 2A 1D E 80
ID: 316, Data: 85 27 1F B 29 1D E 80
ID: 153, Data: 80 0 0 FF 0 FF 0 0
ID: 316, Data: 85 28 3 B 2A 1D D 80
ID: 1F1, Data: 80 85 61 0 6 64 30 6
ID: 316, Data: 85 29 BF A 2B 1C D 80
ID: 370, Data: 8FF DD F0 F0 FF FF FF FF
ID: 370, Data: 8FF DD F0 F0 FF FF FF FF
ID: 316, Data: 85 2A 82 A 2B 1C C 80
ID: 43F, Data: 8A 45 60 FF 3E C4 7 0
ID: 43F, Data: 8A 45 60 FF 3E 8C 7 0
ID: 43F, Data: 8A 45 60 FF 3E 54 7 0
ID: 43F, Data: 8A 45 60 FF 3E 20 7 0
ID: 280, Data: 830 0 84 98 14 1E 51 50
ID: A1, Data: 883 7A 85 7A 26 0 0 0
ID: 153, Data: 80 0 0 FF 0 FF 0 0
ID: 316, Data: 85 2B F A 2D 1B 9 80
ID: 370, Data: 8FF DD F0 F0 FF FF FF FF
ID: 43F, Data: 8A 45 60 FF 3E C8 8 0
ID: A0, Data: 83B 6A 30 A 9 25 2 0
ID: 5A0, Data: 80 0 0 90 0 0 0 0
ID: 153, Data: 80 0 0 FF 0 FF 0 0
ID: 316, Data: 85 2B 9D A 2B 1C 7 80
ID: 316, Data: 85 2A 86 A 2B 1C 7 80
ID: 316, Data: 85 2A 55 A 2B 1C 6 80
ID: 329, Data: 8ED 98 80 8 12 2C 0 26
ID: 153, Data: 80 0 0 FF 0 FF 0 0
ID: 43F, Data: 89 45 60 FF 3E 18 5 0
ID: 43F, Data: 89 45 60 FF 3E B4 4 0
ID: 153, Data: 80 0 0 FF 0 FF 0 0
ID: 316, Data: 85 2B C4 9 2F 1B 4 80
ID: 316, Data: 85 2B D2 9 2E 1B 4 80
ID: 153, Data: 80 0 0 FF 0 FF 0 0
ID: 329, Data: 8ED 98 80 8 12 2C 0 26
ID: 316, Data: 85 2C EA 9 2E 1B 3 80
ID: 260, Data: 8B 2C 2E 30 FF FF 74 3A
ID: 153, Data: 80 0 0 FF 0 FF 0 0
ID: 153, Data: 80 0 0 FF 0 FF 0 0
ID: 316, Data: 85 2D 1C A 2D 1B 2 80
ID: 153, Data: 80 0 0 FF 0 FF 0 0
ID: 316, Data: 85 2D 23 A 2D 1B 2 80
ID: 153, Data: 80 0 0 FF 0 FF 0 0
ID: 316, Data: 85 2C 36 A 2C 1B 2 80
ID: 43F, Data: 89 45 60 FF 3E 34 2 0
ID: 370, Data: 8FF DD F0 F0 FF FF FF FF
ID: 316, Data: 85 2C 2A A 2D 1B 1 80
ID: 153, Data: 80 0 0 FF 0 FF 0 0
ID: 316, Data: 85 2C 2C A 2D 1B 1 80
ID: A1, Data: 880 7E 81 7E 27 0 0 0
ID: 153, Data: 80 0 0 FF 0 FF 0 0
ID: 316, Data: 85 2B 30 A 2D 1B 1 80
ID: 370, Data: 8FF DD F0 F0 FF FF FF FF
ID: 316, Data: 85 2B 15 A 2D 1B 1 80
ID: 2A0, Data: 8E0 0 51 1C 3C 0 17 0
ID: 153, Data: 80 0 0 FF 0 FF 0 0
ID: 316, Data: 85 2B 25 A 2D 1B 0 80
ID: 153, Data: 80 0 0 FF 0 FF 0 0
ID: 316, Data: 85 2B C A 2D 1B 0 80
ID: 43F, Data: 89 45 60 FF 3E 68 1 0
ID: 43F, Data: 89 45 60 FF 3E 58 1 0
ID: 316, Data: 85 2C 3D A 2D 1B 0 80
ID: 153, Data: 80 0 0 FF 0 FF 0 0
ID: 316, Data: 85 2C 23 A 2D 1B 0 80
ID: 43F, Data: 89 45 60 FF 3E 4C 1 0
ID: 370, Data: 8FF DD F0 F0 FF FF FF FF
ID: 370, Data: 8FF DD F0 F0 FF FF FF FF
ID: 153, Data: 80 0 0 FF 0 FF 0 0
ID: 43F, Data: 81 45 60 FF 3E 54 1 0
ID: 545, Data: 8E4 26 0 8D 26 1 26 1
ID: 18F, Data: 8AA 31 0 0 0 0 0 0
ID: 43F, Data: 81 45 60 FF 3E 58 1 0
ID: 153, Data: 80 0 0 FF 0 FF 0 0
ID: 316, Data: 85 2B 54 A 2D 1C 0 80
ID: 260, Data: 8B 2C 2D 30 FF FF 72 1F
ID: 153, Data: 80 0 0 FF 0 FF 0 0
ID: 316, Data: 85 2B 67 A 2C 1C 0 80
ID: 153, Data: 80 0 0 FF 0 FF 0 0
ID: 316, Data: 85 2B 4C A 2D 1C 0 80
ID: 153, Data: 80 0 0 FF 0 FF 0 0
ID: 5F0, Data: 20 0
ID: 43F, Data: 81 45 60 FF 3E 0 1 0
ID: 316, Data: 85 2B 21 A 2D 1B 0 80
ID: 5F0, Data: 20 0
ID: 153, Data: 80 0 0 FF 0 FF 0 0
ID: 316, Data: 85 2B 3D A 2D 1B 0 80
ID: 5F0, Data: 20 0
ID: 316, Data: 85 2B 38 A 2D 1B 0 80
ID: 316, Data: 85 2B 47 A 2D 1B 0 80
ID: 316, Data: 85 2B 48 A 2D 1B 0 80
ID: 280, Data: 830 0 84 98 14 1E 51 53
ID: A1, Data: 881 7E 7C 7E 27 0 0 0
ID: 153, Data: 80 0 0 FF 0 FF 0 0
ID: 43F, Data: 81 45 60 FF 3E 7C 0 0
ID: 153, Data: 80 0 0 FF 0 FF 0 0
ID: 153, Data: 80 0 0 FF 0 FF 0 0
ID: 316, Data: 85 2B 34 A 2D 1B 0 80
ID: A1, Data: 881 7E 81 7E 27 0 0 0
ID: 316, Data: 85 2B 44 A 2D 1B 0 80
ID: 5F0, Data: 20 0
ID: 316, Data: 85 2B 53 A 2D 1B 0 80
ID: 153, Data: 80 0 0 FF 0 FF 0 0
ID: 316, Data: 85 2B 6D A 2C 1C 0 80
ID: 316, Data: 85 2B 6E A 2C 1C 0 80
ID: 153, Data: 80 0 0 FF 0 FF 0 0
ID: 280, Data: 830 0 84 98 14 1E 51 52
ID: 316, Data: 85 2A 67 A 2C 1C 0 80
ID: 43F, Data: 81 45 60 FF 3F 0 0 0
ID: 153, Data: 80 0 0 FF 0 FF 0 0
ID: 153, Data: 80 0 0 FF 0 FF 0 0
ID: 153, Data: 80 0 0 FF 0 FF 0 0
ID: 18F, Data: 8AA 31 0 0 0 0 0 0
ID: 316, Data: 85 2A 57 A 2D 1C 0 80
ID: 153, Data: 80 0 0 FF 0 FF 0 0
ID: 316, Data: 85 2A 63 A 2C 1C 0 80
ID: 316, Data: 85 2A 5F A 2C 1C 0 80
ID: 153, Data: 80 0 0 FF 0 FF 0 0
ID: 2A0, Data: 840 0 51 1C 3C 0 17 0
ID: 1F1, Data: 80 B8 1 0 0 1 0 0
ID: 545, Data: 8E4 26 0 8D 1 1 1 1
ID: 43F, Data: 81 45 60 FF 3E 0 0 0
ID: 316, Data: 85 2A 45 A 2D 1B 0 80
ID: 316, Data: 85 2A 53 A 2D 1C 0 80
ID: 153, Data: 80 0 0 FF 0 FF 0 0
ID: 2A0, Data: 820 0 51 1C 3C 0 17 0
ID: 316, Data: 85 2A 30 A 2D 1B 0 80
ID: 2A0, Data: 8E0 0 51 1C 3C 0 17 0
ID: 153, Data: 80 0 0 FF 0 FF 0 0
ID: 153, Data: 80 0 0 FF 0 FF 0 0
ID: 153, Data: 80 0 0 FF 0 FF 0 0
ID: 280, Data: 830 0 84 98 14 1E 51 53
ID: 316, Data: 85 2B 4B A 2D 1B 0 80
ID: 440, Data: 8A9 41 0 A0 FF AA AA AA
ID: 316, Data: 85 2B 67 A 2C 1C 0 80
ID: 316, Data: 85 2A 57 A 2C 1C 0 80
ID: 18F, Data: 8AA 31 0 0 0 0 0 0
ID: 43F, Data: 81 45 60 FF 3F 0 0 0
ID: 260, Data: 8B 2B 2D 30 FF FF 71 3F
ID: 18F, Data: 8AA 31 0 0 0 0 0 0
ID: 316, Data: 85 2A 4F A 2D 1B 0 80
ID: 153, Data: 80 0 0 FF 0 FF 0 0
ID: 316, Data: 85 2A 6D A 2C 1C 0 80
ID: 153, Data: 80 0 0 FF 0 FF 0 0
ID: 316, Data: 85 2A 5A A 2C 1C 0 80
ID: 153, Data: 80 0 0 FF 0 FF 0 0
ID: 43F, Data: 81 45 60 FF 3F 0 0 0
ID: 153, Data: 80 0 0 FF 0 FF 0 0
ID: 153, Data: 80 0 0 FF 0 FF 0 0
ID: 153, Data: 80 0 0 FF 0 FF 0 0
ID: 280, Data: 830 0 84 98 14 1E 51 53
ID: 316, Data: 85 2A 65 A 2C 1C 0 80
ID: 43F, Data: 81 45 60 FF 3F 0 0 0
ID: 153, Data: 80 0 0 FF 0 FF 0 0
ID: 316, Data: 85 2A 44 A 2D 1B 0 80
ID: 43F, Data: 81 45 60 FF 3F 0 0 0
ID: 43F, Data: 81 45 60 FF 3F 0 0 0
ID: 153, Data: 80 0 0 FF 0 FF 0 0
ID: 43F, Data: 81 45 60 FF 3F 0 0 0
ID: 153, Data: 80 0 0 FF 0 FF 0 0
ID: 153, Data: 80 0 0 FF 0 FF 0 0
ID: A1, Data: 885 7E 80 7E 27 0 0 0
ID: 370, Data: 8FF DD F0 F0 FF FF FF FF
ID: 260, Data: 8B 2B 2D 30 FF FF 70 3
ID: 316, Data: 85 2A 5F A 2C 1C 0 80
ID: 280, Data: 830 0 84 98 14 1E 51 53
ID: 153, Data: 80 0 0 FF 0 FF 0 0
ID: 43F, Data: 81 45 60 FF 3F 0 0 0
ID: 316, Data: 85 2A 42 A 2D 1B 0 80
ID: 1F1, Data: 80 B8 0 0 0 0 0 0
ID: 153, Data: 80 0 0 FF 0 FF 0 0
ID: 316, Data: 85 2A 67 A 2C 1C 0 80
ID: A0, Data: 83B 6A 6A A 0 25 2 0
ID: 370, Data: 8FF DD F0 F0 FF FF FF FF
ID: 43F, Data: 81 45 60 FF 3F 0 0 0
ID: 153, Data: 80 0 0 FF 0 FF 0 0
ID: 316, Data: 85 2A 47 A 2D 1B 0 80
ID: 153, Data: 80 0 0 FF 0 FF 0 0
ID: 316, Data: 85 2A 69 A 2C 1C 0 80
ID: 316, Data: 85 2A 47 A 2D 1B 0 80
ID: 316, Data: 85 2A 39 A 2D 1B 0 80
ID: 260, Data: 8B 2A 2D 30 FF FF 72 2
ID: 43F, Data: 81 45 60 FF 3F 0 0 0
ID: 440, Data: 8A9 E1 0 A0 FF AA AA AA
ID: 43F, Data: 81 45 60 FF 3F 0 0 0
ID: 260, Data: 8B 2A 2D 30 FF FF 70 13
ID: 18F, Data: 8AA 31 0 0 0 0 0 0
ID: 153, Data: 80 0 0 FF 0 FF 0 0
ID: 316, Data: 85 2A 74 A 2C 1C 0 80
ID: 43F, Data: 81 45 60 FF 3F 0 0 0
ID: 370, Data: 8FF DD F0 F0 FF FF FF FF
ID: 43F, Data: 81 45 60 FF 3F 0 0 0
ID: 2A0, Data: 820 0 51 1C 3C 0 17 0
ID: 18F, Data: 8AA 31 0 0 0 0 0 0
ID: 153, Data: 80 0 0 FF 0 FF 0 0
ID: 440, Data: 8A9 E1 0 A0 FF AA AA AA
ID: 316, Data: 85 2A 7F A 2C 1C 0 80
ID: 440, Data: 8A9 E1 0 A0 FF AA AA AA
ID: 316, Data: 85 2A 81 A 2C 1C 0 80
ID: 280, Data: 830 0 84 98 14 1E 51 52
ID: 18F, Data: 8AA 31 0 0 0 0 0 0
ID: 316, Data: 85 2A 7B A 2C 1C 0 80
ID: 153, Data: 80 0 0 FF 0 FF 0 0
ID: 316, Data: 85 2A 5E A 2C 1C 0 80
ID: 153, Data: 80 0 0 FF 0 FF 0 0
ID: 316, Data: 85 2A 96 A 2B 1C 0 80
ID: 153, Data: 80 0 0 FF 0 FF 0 0
ID: 153, Data: 80 0 0 FF 0 FF 0 0
ID: 1F0, Data: 84 40 5 C0 0 0 0 0
ID: A1, Data: 886 7F 85 7E 27 0 0 0
ID: 280, Data: 830 0 84 98 15 1E 51 53
ID: 2A0, Data: 820 0 51 1C 3C 0 17 0
ID: 316, Data: 85 2A 75 A 2C 1C 0 80
ID: 316, Data: 85 2A 73 A 2C 1C 0 80
ID: 316, Data: 85 2A 86 A 2C 1C 0 80
ID: 260, Data: 8B 2A 2C 30 FF FF 6F 25
ID: 43F, Data: 81 45 60 FF 3F 0 0 0
ID: 316, Data: 85 29 78 A 2C 1C 0 80
ID: 370, Data: 8FF DD F0 F0 FF FF FF FF
ID: 329, Data: 8ED 98 80 8 12 2D 0 26
ID: 316, Data: 85 29 6E A 2C 1C 0 80
ID: 316, Data: 85 29 5C A 2C 1C 0 80
ID: 280, Data: 830 0 84 98 14 1D 51 52
ID: 153, Data: 80 0 0 FF 0 FF 0 0
ID: 1F0, Data: 84 40 5 C0 0 0 0 0
ID: 43F, Data: 81 45 60 FF 3F 0 0 0
ID: 153, Data: 80 0 0 FF 0 FF 0 0
ID: 153, Data: 80 0 0 FF 0 FF 0 0
ID: 260, Data: 8B 29 2C 30 FF FF 70 15
ID: 316, Data: 85 29 7F A 2C 1C 0 80
ID: 316, Data: 85 29 83 A 2C 1C 0 80
ID: 153, Data: 80 0 0 FF 0 FF 0 0
ID: 316, Data: 85 29 7F A 2C 1C 0 80
ID: 370, Data: 8FF DD F0 F0 FF FF FF FF
ID: 153, Data: 80 0 0 FF 0 FF 0 0
ID: 316, Data: 85 29 5E A 2C 1C 0 80
ID: 260, Data: 8B 2A 2C 30 FF FF 71 22
ID: 316, Data: 85 29 73 A 2C 1C 0 80
ID: 316, Data: 85 29 6A A 2C 1C 0 80
ID: 545, Data: 8E4 27 0 8C F0 0 F0 0
ID: 153, Data: 80 0 0 FF 0 FF 0 0
ID: 153, Data: 80 0 0 FF 0 FF 0 0
ID: A1, Data: 887 7F 83 7E 27 0 0 0
ID: 280, Data: 830 0 84 98 14 1D 51 52
ID: 280, Data: 830 0 84 98 14 1D 51 52
ID: 316, Data: 85 29 5C A 2C 1B 0 80
ID: 329, Data: 8B 98 80 8 12 2D 0 26
ID: 18F, Data: 8AA 31 0 0 0 0 0 0
ID: 153, Data: 80 0 0 FF 0 FF 0 0
ID: 18F, Data: 8AA 31 0 0 0 0 0 0
ID: 316, Data: 85 29 39 A 2C 1B 0 80
ID: 43F, Data: 81 45 60 FF 3F 0 0 0
ID: 440, Data: 8A8 E1 0 A0 FF AA AA AA
ID: 329, Data: 8ED 98 80 8 12 2D 0 26
ID: 153, Data: 80 0 0 FF 0 FF 0 0
ID: 316, Data: 85 2A 4F A 2C 1B 0 80
ID: 153, Data: 80 0 0 FF 0 FF 0 0
ID: 316, Data: 85 2A 3A A 2C 1B 0 80
ID: 43F, Data: 81 45 60 FF 3F 0 0 0
ID: 370, Data: 8FF DD F0 F0 FF FF FF FF
ID: 43F, Data: 81 45 60 FF 3F 0 0 0
ID: 153, Data: 80 0 0 FF 0 FF 0 0
ID: A0, Data: 83C 6B 49 A 0 25 2 0
ID: 43F, Data: 81 45 60 FF 3F 0 0 0
ID: 18F, Data: 8AA 31 0 0 0 0 0 0
ID: 43F, Data: 81 45 60 FF 3F 0 0 0
ID: 329, Data: 840 98 80 8 12 2D 0 26
ID: 2A0, Data: 880 0 51 1C 3C 0 17 0
ID: 153, Data: 80 0 0 FF 0 FF 0 0
ID: 43F, Data: 81 45 60 FF 3F 0 0 0
ID: 153, Data: 80 0 0 FF 0 FF 0 0
ID: 153, Data: 80 0 0 FF 0 FF 0 0
ID: 18F, Data: 8AA 31 0 0 0 0 0 0
ID: 545, Data: 8E4 27 0 8B F0 0 F0 0
ID: 316, Data: 85 29 55 A 2C 1C 0 80
ID: 280, Data: 830 0 84 98 14 1D 51 52
ID: 153, Data: 80 0 0 FF 0 FF 0 0
ID: 440, Data: 8A8 91 0 A0 FF AA AA AA
ID: 43F, Data: 81 45 60 FF 3F 0 0 0
ID: 440, Data: 8A9 91 0 A0 FF AA AA AA
ID: 316, Data: 85 29 53 A 2C 1B 0 80
ID: 316, Data: 85 29 54 A 2C 1C 0 80
ID: 316, Data: 85 29 70 A 2C 1C 0 80
ID: 153, Data: 80 0 0 FF 0 FF 0 0
ID: 280, Data: 830 0 84 98 14 1D 51 52
ID: 316, Data: 85 29 42 A 2C 1B 0 80
ID: 316, Data: 85 29 47 A 2C 1B 0 80
ID: 153, Data: 80 0 0 FF 0 FF 0 0
ID: 153, Data: 80 0 0 FF 0 FF 0 0
ID: 316, Data: 85 29 55 A 2C 1C 0 80
ID: 370, Data: 8FF DD F0 F0 FF FF FF FF
ID: 316, Data: 85 29 78 A 2C 1C 0 80
ID: 280, Data: 830 0 84 98 14 1D 51 52
ID: 260, Data: 8B 29 2C 30 FF FF 70 15
ID: 43F, Data: 81 45 60 FF 3F 0 0 0
ID: 18F, Data: 8AA 31 0 0 0 0 0 0
ID: A0, Data: 83B 6B 5C A 0 25 2 0
ID: 329, Data: 8ED 98 80 8 12 2D 0 26
ID: 153, Data: 80 0 0 FF 0 FF 0 0
ID: 18F, Data: 8AA 31 0 0 0 0 0 0
ID: 280, Data: 830 0 84 98 14 1D 51 52
ID: 316, Data: 85 29 51 A 2C 1B 0 80
ID: 153, Data: 80 0 0 FF 0 FF 0 0
ID: 153, Data: 80 0 0 FF 0 FF 0 0
ID: 153, Data: 80 0 0 FF 0 FF 0 0
ID: 370, Data: 8FF DD F0 F0 FF FF FF FF
ID: 316, Data: 85 29 88 A 2B 1C 0 80
ID: 153, Data: 80 0 0 FF 0 FF 0 0
ID: 316, Data: 85 29 8C A 2B 1C 0 80
ID: 43F, Data: 81 45 60 FF 3F 0 0 0
ID: 370, Data: 8FF DD F0 F0 FF FF FF FF
ID: 43F, Data: 81 45 60 FF 40 0 0 0
ID: 153, Data: 80 0 0 FF 0 FF 0 0
ID: A1, Data: 887 80 85 7E 27 0 0 0
ID: 260, Data: 8B 29 2C 30 FF FF 71 5
ID: 18F, Data: 8AA 30 0 0 0 0 0 0
ID: 316, Data: 85 29 75 A 2B 1C 0 80
ID: 43F, Data: 81 45 60 FF 40 0 0 0
ID: 43F, Data: 81 45 60 FF 3F 0 0 0
ID: 153, Data: 80 0 0 FF 0 FF 0 0
ID: 43F, Data: 81 45 60 FF 40 0 0 0
ID: 153, Data: 80 0 0 FF 0 FF 0 0
ID: 153, Data: 80 0 0 FF 0 FF 0 0
ID: 153, Data: 80 0 0 FF 0 FF 0 0
ID: 280, Data: 830 0 84 98 14 1D 51 52
ID: 316, Data: 85 29 73 A 2B 1C 0 80
ID: 440, Data: 8A9 41 0 A0 FF AA AA AA
ID: 5F0, Data: 20 0
ID: 316, Data: 85 29 67 A 2B 1C 0 80
ID: 153, Data: 80 0 0 FF 0 FF 0 0
ID: 545, Data: 8E4 26 0 8D F2 0 F2 0
ID: 316, Data: 85 29 51 A 2C 1B 0 80
ID: 545, Data: 8E4 27 0 8C F0 0 F0 0
ID: 153, Data: 80 0 0 FF 0 FF 0 0
ID: 153, Data: 80 0 0 FF 0 FF 0 0
ID: 18F, Data: 8AA 30 0 0 0 0 0 0
ID: 316, Data: 85 29 7B A 2B 1C 0 80
ID: 316, Data: 85 29 8D A 2B 1C 0 80
ID: 329, Data: 884 98 80 8 12 2D 0 26
ID: 18F, Data: 8AA 30 0 0 0 0 0 0
ID: 5F0, Data: 20 0
ID: 43F, Data: 81 45 60 FF 40 0 0 0
ID: 18F, Data: 8AA 30 0 0 0 0 0 0
ID: 43F, Data: 81 45 60 FF 40 0 0 0
ID: 2A0, Data: 8E0 0 51 1C 3C 0 17 0
ID: 260, Data: 8B 2A 2B 30 FF FF 6F 8
ID: 1F1, Data: 80 B8 0 0 0 0 0 0
ID: 153, Data: 80 0 0 FF 0 FF 0 0
ID: 43F, Data: 81 45 60 FF 40 0 1 0
ID: 260, Data: 8B 2B 2B 30 FF FF 70 5
ID: 18F, Data: 8AA 30 0 0 0 0 0 0
ID: 316, Data: 85 2A C3 A 29 1C 0 80
ID: A1, Data: 883 80 81 7E 28 0 0 0
ID: 316, Data: 85 2A C5 A 29 1C 0 80
ID: 153, Data: 80 0 0 FF 0 FF 0 0
ID: 316, Data: 85 29 D2 A 29 1C 0 80
ID: 440, Data: 8BD 31 0 A0 FF AA AA AA
ID: 5F0, Data: 20 0
ID: A0, Data: 838 6B D2 A 0 25 2 0
ID: 260, Data: 8B 29 29 30 FF FF 6B 1E
ID: 280, Data: 830 0 84 98 15 1D 51 52
ID: 153, Data: 80 0 0 FF 0 FF 0 0
ID: 440, Data: 8CB E1 1 A0 FF AA AA AA
ID: 316, Data: 85 28 AA A 29 1C 1 80
ID: A1, Data: 881 80 87 7F 27 0 0 0
ID: 316, Data: 85 28 BF A 29 1C 1 80
ID: 440, Data: 8D3 E1 2 A0 FF AA AA AA
ID: 316, Data: 85 28 B9 A 29 1C 1 80
ID: 2A0, Data: 880 0 51 1C 3C 0 17 0
ID: 153, Data: 80 0 0 FF 0 FF 0 0
ID: 316, Data: 85 27 BC A 28 1C 2 80
ID: A0, Data: 838 6B CE A 2 25 2 0
ID: 153, Data: 80 0 0 FF 0 FF 0 0
ID: 153, Data: 80 0 0 FF 0 FF 0 0
ID: A0, Data: 838 6B 9D A 2 25 2 0
ID: 316, Data: 85 27 B3 A 28 1C 2 80
ID: 316, Data: 85 27 B0 A 29 1C 2 80
ID: 2A0, Data: 820 0 51 1C 3C 0 17 0
ID: 153, Data: 80 0 0 FF 0 FF 0 0
ID: 153, Data: 80 0 0 FF 0 FF 0 0
ID: 153, Data: 80 0 0 FF 0 FF 0 0
ID: 440, Data: 8F1 91 3 A0 FF AA AA AA
ID: 316, Data: 85 26 E4 A 28 1C 3 80
ID: 440, Data: 8F4 91 3 A0 FF AA AA AA
ID: 440, Data: 8F8 91 3 A0 FF AA AA AA
ID: 316, Data: 85 26 B7 A 27 1C 3 80
ID: 153, Data: 80 0 0 FF 0 FF 0 0
ID: 43F, Data: 81 45 60 FF 40 9C 7 0
ID: 153, Data: 80 0 0 FF 0 FF 0 0
ID: 316, Data: 85 26 E0 A 27 1C 3 80
ID: 153, Data: 80 0 0 FF 0 FF 0 0
ID: 153, Data: 80 0 0 FF 0 FF 0 0
ID: 316, Data: 85 25 E4 A 26 1C 3 80
ID: A0, Data: 837 6B E9 A 4 25 2 0
ID: 43F, Data: 81 45 60 FF 40 10 8 0
ID: 153, Data: 80 0 0 FF 0 FF 0 0
ID: 43F, Data: 81 45 60 FF 40 5C 8 0
ID: 153, Data: 80 0 0 FF 0 FF 0 0
ID: 153, Data: 80 0 0 FF 0 FF 0 0
ID: 153, Data: 80 0 0 FF 0 FF 0 0
ID: 280, Data: 830 0 88 99 16 1B 51 4D
ID: 316, Data: 85 2B 2D B 2D 1D 4 80
ID: 440, Data: 8FE 41 4 A0 FF AA AA AA
ID: 153, Data: 80 0 0 FF 0 FF 0 0
ID: 316, Data: 85 29 4 C 34 1D 4 80
ID: 153, Data: 80 0 0 FF 0 FF 0 0
ID: 316, Data: 85 2A 5E C 3E 1D 4 80
ID: 153, Data: 80 0 0 FF 0 FF 0 0
ID: 43F, Data: 81 45 60 FF 40 80 9 0
ID: 316, Data: 85 2D C7 C 44 1D 4 80
ID: 153, Data: 80 0 0 FF 0 FF 0 0
ID: 316, Data: 85 30 4C D 49 1D 4 80
ID: 316, Data: 85 33 6E D 49 1D 4 80
ID: 316, Data: 85 34 BE D 48 1D 4 80
ID: 18F, Data: 8AA 30 0 0 0 0 0 0
ID: 43F, Data: 81 45 60 FF 40 B4 A 0
ID: 260, Data: 8B 38 47 30 FF FF A6 2E
ID: 153, Data: 80 0 0 FF 0 FF 0 0
ID: 316, Data: 85 39 CC F 44 1D 5 80
ID: 1F0, Data: 84 40 5 C0 0 0 0 0
ID: 153, Data: 80 0 0 FF 0 FF 0 0
ID: 316, Data: 85 3A DD 10 43 1E 5 80
ID: 370, Data: 8FF DD F0 F0 FF FF FF FF
ID: 316, Data: 85 39 77 11 42 1E 5 80
ID: 153, Data: 80 0 0 FF 0 FF 0 0
ID: 153, Data: 80 0 0 FF 0 FF 0 0
ID: 153, Data: 80 0 0 FF 0 FF 0 0
ID: 2A0, Data: 8C1 3 51 1C 3C 0 17 0
ID: 316, Data: 85 37 A3 12 41 1E 6 80
ID: 18F, Data: 8AA 30 0 0 0 0 0 0
ID: 316, Data: 85 36 F9 12 40 1E 6 80
ID: 43F, Data: 81 45 60 FF 40 F0 E 0
ID: 153, Data: 80 0 0 FF 0 FF 0 0
ID: 5F0, Data: 20 0
ID: 153, Data: 80 0 0 FF 0 FF 0 0
ID: 316, Data: 85 38 D2 13 18 1E 7 80
ID: 43F, Data: 81 45 60 FF 40 58 10 0
ID: 316, Data: 85 30 14 14 18 1F 7 80
ID: 316, Data: 85 2C EB 13 18 1F 8 80
ID: A0, Data: 824 6B EB 13 8 26 2 0
ID: 316, Data: 85 26 6F 13 1A 20 8 80
ID: 153, Data: 80 0 0 FF 0 FF 0 0
ID: 329, Data: 840 99 80 8 11 2D 0 26
ID: 316, Data: 85 1F BE 12 1B 21 8 80
ID: 545, Data: 8E4 35 0 8D D0 FF D0 FF
ID: 43F, Data: 81 45 60 FF 3F 8C 11 0
ID: 43F, Data: 81 45 60 FF 3F 98 11 0
ID: 2A0, Data: 8E0 3 51 1C 3C 0 17 0
ID: 316, Data: 85 19 B6 11 20 21 9 80
ID: 153, Data: 80 0 0 FF 0 FF 0 0
ID: 545, Data: 8E4 31 0 8D 16 0 16 0
ID: 316, Data: 85 22 AA 11 25 20 9 80
ID: 280, Data: 830 0 88 99 23 15 51 3E
ID: 153, Data: 80 0 0 FF 0 FF 0 0
ID: 153, Data: 80 0 0 FF 0 FF 0 0
ID: 316, Data: 85 23 D9 12 2B 21 9 80
ID: 153, Data: 80 0 0 FF 0 FF 0 0
ID: 316, Data: 85 23 1A 13 32 21 9 80
ID: 153, Data: 80 0 0 FF 0 FF 0 0
ID: 153, Data: 80 0 0 FF 0 FF 0 0
ID: 370, Data: 8FF DD F0 F0 FF FF FF FF
ID: 43F, Data: 81 45 60 FF 40 30 12 0
ID: 280, Data: 830 0 88 99 28 1A 51 46
ID: 153, Data: 80 0 0 FF 0 FF 0 0
ID: 153, Data: 80 0 0 FF 0 FF 0 0
ID: 316, Data: 85 2E 5D 14 3C 20 9 80
ID: 440, Data: 8FE E1 9 A0 FF AA AA AA
ID: 316, Data: 85 2F 9E 14 3B 1F 9 80
ID: A0, Data: 83E 6B 78 14 9 2C 2 0
ID: 153, Data: 80 0 0 FF 0 FF 0 0
ID: 316, Data: 85 31 4C 15 3A 1F 9 80
ID: 153, Data: 80 0 0 FF 0 FF 0 0
ID: 316, Data: 85 32 DB 15 39 1F 9 80
ID: 153, Data: 80 0 0 FF 0 FF 0 0
ID: 316, Data: 85 33 3F 16 39 1F 9 80
ID: 316, Data: 85 33 85 16 38 1F 9 80
ID: 1F1, Data: 80 41 4F 0 5 52 30 5
ID: 153, Data: 80 0 0 FF 0 FF 0 0
ID: 153, Data: 80 0 0 FF 0 FF 0 0
ID: 153, Data: 80 0 0 FF 0 FF 0 0
ID: 316, Data: 85 33 5D 17 3D 1F A 80
ID: 153, Data: 80 0 0 FF 0 FF 0 0
ID: 329, Data: 8B 99 80 8 11 37 14 26
ID: 153, Data: 80 0 0 FF 0 FF 0 0
ID: 260, Data: 8B 38 45 30 FF FF C6 0
ID: 316, Data: 85 3A 7A 18 45 1F A 80
ID: A1, Data: 892 77 87 7A 2C 0 0 0
ID: 43F, Data: 8A 45 60 FF 40 F8 16 0
ID: 153, Data: 80 0 0 FF 0 FF 0 0
ID: 316, Data: 85 3E 3F 1A 43 1F B 80
ID: 316, Data: 85 3E 86 1A 43 1F B 80
ID: 329, Data: 8B 99 80 8 11 3A 17 26
ID: 153, Data: 80 0 0 FF 0 FF 0 0
ID: 153, Data: 80 0 0 FF 0 FF 0 0
ID: 43F, Data: 8A 45 60 FF 40 B0 18 0
ID: 153, Data: 80 0 0 FF 0 FF 0 0
ID: 43F, Data: 8A 45 60 FF 40 48 19 0
ID: 153, Data: 80 0 0 FF 0 FF 0 0
ID: 153, Data: 80 0 0 FF 0 FF 0 0
ID: 316, Data: 85 40 B1 1C 48 1F C 80
ID: 440, Data: 8FE 91 C A0 FF AA AA AA
ID: 316, Data: 85 42 32 1D 4C 1F D 80
ID: 2A0, Data: 81 A 51 1C 3C 0 17 0
ID: 43F, Data: 8A 45 60 FF 40 30 1B 0
ID: 43F, Data: 8A 45 60 FF 3F 7C 1B 0
ID: 316, Data: 85 50 AC 1E 5A 1E D 80
ID: 1F1, Data: 80 85 6E E0 6 72 20 7
ID: 1F0, Data: 84 40 5 C0 0 0 0 0
ID: 153, Data: 80 0 0 FF 0 FF 0 0
ID: 43F, Data: 8A 45 60 46 3F 0 1D 0
ID: 43F, Data: 8A 45 60 46 40 FC 1C 0
ID: 43F, Data: 8A 45 60 47 40 E4 1C 0
ID: 43F, Data: 8A 45 60 47 3F C8 1C 0
ID: 316, Data: 85 46 4F 20 59 1E E 80
ID: 440, Data: 8FE E1 F A0 FF AA AA AA
ID: 316, Data: 85 44 CB 1F 5A 1E F 80
ID: 18F, Data: 8AA 30 0 0 0 0 0 0
ID: 43F, Data: 8A 45 60 43 40 8C 1A 0
ID: 153, Data: 80 0 0 FF 0 FF 0 0
ID: 316, Data: 85 43 8A 1D 5C 1D 10 80
ID: 153, Data: 80 0 0 FF 0 FF 0 0
ID: 153, Data: 80 0 0 FF 0 FF 0 0
ID: 316, Data: 85 48 BD 1B 5F 1C 10 80
ID: 153, Data: 80 0 0 FF 0 FF 0 0
ID: 316, Data: 85 62 65 1B 5F 1C 11 80
ID: 153, Data: 80 0 0 FF 0 FF 0 0
ID: 18F, Data: 8AA 30 0 0 0 0 0 0
ID: 316, Data: 85 5F 17 1C 5E 1C 11 80
ID: 43F, Data: 8A 45 60 FF 3F F8 14 0
ID: A0, Data: 866 6B 49 1C 12 39 2 0
ID: 153, Data: 80 0 0 FF 0 FF 0 0
ID: 316, Data: 85 5C 73 1C 5E 1D 13 80
ID: 153, Data: 80 0 0 FF 0 FF 0 0
ID: 316, Data: 85 5B 9C 1C 5E 1D 13 80
ID: 316, Data: 85 5B B1 1C 5E 1D 13 80
ID: 153, Data: 80 0 0 FF 0 FF 0 0
ID: 316, Data: 85 5B F1 1C 5E 1D 14 80
ID: 153, Data: 80 0 0 FF 0 FF 0 0
ID: 153, Data: 80 0 0 FF 0 FF 0 0
ID: 316, Data: 85 5B 48 1D 5D 1D 14 80
ID: 153, Data: 80 0 0 FF 0 FF 0 0
ID: 329, Data: 8B 99 80 8 11 43 28 26
ID: 316, Data: 85 5C C3 1D 5D 1D 15 80
ID: 280, Data: 830 0 88 99 3B 39 51 82
ID: 316, Data: 85 5C 1E 1E 5C 1D 16 80
ID: 329, Data: 884 99 80 8 11 43 28 26
ID: 316, Data: 85 5C 4D 1E 5C 1D 16 80
ID: 316, Data: 85 5B 88 1E 5C 1D 16 80
ID: 43F, Data: 82 45 60 FF 3F 38 1A 0
ID: 43F, Data: 82 45 60 FF 3F 60 1A 0
ID: 2A0, Data: 8A1 17 51 1C 3C 0 17 0
ID: 153, Data: 80 0 0 FF 0 FF 0 0
ID: 316, Data: 85 59 65 1F 5B 1D 17 80
ID: 153, Data: 80 0 0 FF 0 FF 0 0
ID: 545, Data: 8E4 D9 0 8D C 4 C 4
ID: 316, Data: 85 58 E5 1F 59 1D 18 80
ID: 43F, Data: 8B 45 60 FF 3F 4 1C 0
ID: 153, Data: 80 0 0 FF 0 FF 0 0
ID: 153, Data: 80 0 0 FF 0 FF 0 0
ID: 370, Data: 8FF DD F0 F0 FF FF FF FF
ID: 280, Data: 830 0 88 99 41 35 51 7D
ID: 316, Data: 85 56 D7 20 57 1E 19 80
ID: 545, Data: 8E4 E7 0 8D E2 3 E2 3
ID: 153, Data: 80 0 0 FF 0 FF 0 0
ID: 316, Data: 85 55 55 21 57 1E 1A 80
ID: 153, Data: 80 0 0 FF 0 FF 0 0
ID: 153, Data: 80 0 0 FF 0 FF 0 0
ID: 316, Data: 85 55 C8 21 57 1E 1A 80
ID: 153, Data: 80 0 0 FF 0 FF 0 0
ID: 280, Data: 830 0 88 99 44 34 51 7B
ID: 316, Data: 85 54 21 22 56 1E 1B 80
ID: A0, Data: 85F 6B F4 21 1B 3A 2 0
ID: 43F, Data: 8B 45 60 FF 40 EC 1E 0
ID: 316, Data: 85 55 8A 22 56 1E 1B 80
ID: 153, Data: 80 0 0 FF 0 FF 0 0
ID: 316, Data: 85 55 F7 22 56 1E 1C 80
ID: 440, Data: 8FE D2 1C A0 FF AA AA AA
ID: 316, Data: 85 55 26 23 58 1E 1C 80
ID: 153, Data: 80 0 0 FF 0 FF 0 0
ID: 329, Data: 884 99 80 8 11 45 29 26
ID: 316, Data: 85 3F 3F 22 5D 1E 1C 80
ID: 43F, Data: 8B 45 60 41 40 8 1E 0
ID: 316, Data: 85 42 77 20 61 1D 1D 80
ID: 316, Data: 85 40 59 1F 62 1D 1D 80
ID: 43F, Data: 8B 45 60 48 40 4C 1A 0
ID: 316, Data: 85 48 A1 1D 66 1D 1D 80
ID: 18F, Data: 8AA 30 0 0 0 0 0 0
ID: 316, Data: 85 4E A7 1C 67 1C 1D 80
ID: 43F, Data: 8B 45 60 53 41 74 17 0
ID: 153, Data: 80 0 0 FF 0 FF 0 0
ID: A0, Data: 872 6B 73 1C 1E 3B 2 0
ID: 316, Data: 85 52 73 1C 68 1C 1E 80
ID: 260, Data: 8B 6A 69 30 FF FF 68 9
ID: 316, Data: 85 68 DC 1C 67 1C 1E 80
ID: 153, Data: 80 0 0 FF 0 FF 0 0
ID: 43F, Data: 8B 45 60 FF 41 78 16 0
ID: A0, Data: 86C 6B C3 1D 1F 3B 2 0
ID: 43F, Data: 8B 45 60 FF 41 9C 16 0
ID: 43F, Data: 8B 45 60 FF 41 B4 16 0
ID: 329, Data: 8ED 99 80 8 11 45 2D 26
ID: 1F1, Data: 80 41 FD A0 F 1 21 10
ID: 316, Data: 85 63 E5 1D 6A 1D 1F 80
ID: 280, Data: 830 0 88 99 3B 3E 51 8B
ID: 1F1, Data: 80 52 FE C0 F 5 71 10
ID: 370, Data: 8FF DD F0 F0 FF FF FF FF
ID: 440, Data: 8FE 13 20 A0 FF AA AA AA
ID: 316, Data: 85 69 A0 1E 6C 1C 20 80
ID: 43F, Data: 83 45 60 FF 40 E0 17 0
ID: 316, Data: 85 6A DD 1E 6E 1C 20 80
ID: 2A0, Data: 861 21 51 1C 3C 0 17 0
ID: 153, Data: 80 0 0 FF 0 FF 0 0
ID: 316, Data: 85 6B 27 1F 6D 1C 21 80
ID: 153, Data: 80 0 0 FF 0 FF 0 0
ID: 260, Data: 8B 6D 6E 30 FF FF AC 9
ID: 316, Data: 85 6C 27 1F 6E 1C 22 80
ID: A1, Data: 882 7C 80 7E 45 0 0 0
ID: 43F, Data: 83 45 60 FF 40 20 19 0
ID: 153, Data: 80 0 0 FF 0 FF 0 0
ID: 2A0, Data: 8C1 23 51 1C 3C 0 17 0
ID: 316, Data: 85 6E E9 1E 6F 1C 23 80
ID: A0, Data: 87B 6B 1 1F 23 3F 2 0
ID: 316, Data: 85 6E DD 1E 6F 1C 23 80
ID: 153, Data: 80 0 0 FF 0 FF 0 0
ID: 153, Data: 80 0 0 FF 0 FF 0 0
ID: 316, Data: 85 6E E9 1E 6F 1C 23 80
ID: 316, Data: 85 6E DD 1E 6F 1C 24 80
ID: A1, Data: 882 7C 80 7E 46 0 0 0
ID: 153, Data: 80 0 0 FF 0 FF 0 0
ID: 316, Data: 85 6E C4 1E 6F 1C 24 80
ID: 440, Data: 8FE B3 24 A0 FF AA AA AA
ID: 316, Data: 85 6E F5 1E 6F 1C 25 80
ID: 316, Data: 85 6E F5 1E 6F 1C 25 80
ID: 280, Data: 830 0 88 99 3E 44 52 94
ID: 316, Data: 85 6E E 1F 6F 1C 25 80
ID: 316, Data: 85 6E E 1F 6F 1C 25 80
ID: 43F, Data: 83 45 60 FF 40 A0 1B 0
ID: 43F, Data: 83 45 60 FF 40 A8 1B 0
ID: 316, Data: 85 6E 4C 1F 6F 1C 26 80
ID: A1, Data: 882 7C 80 7E 46 0 0 0
ID: 316, Data: 85 6E 59 1F 6F 1C 26 80
ID: 316, Data: 85 6E 72 1F 79 26 26 80
ID: A0, Data: 87B 6B 4C 1F 27 3F 2 0
ID: 43F, Data: 84C 45 60 FF 3F 90 1C 0
ID: 153, Data: 80 0 0 FF 0 FF 0 0
ID: 43F, Data: 84C 45 60 FF 40 E0 1C 0
ID: 260, Data: 8B 78 79 30 FF FF A4 9
ID: 316, Data: 85 78 BE 1F 78 25 27 80
ID: 316, Data: 85 78 98 1F 78 25 28 80
ID: 153, Data: 80 0 0 FF 0 FF 0 0
ID: 316, Data: 85 79 1 1F 79 24 28 80
ID: 153, Data: 80 0 0 FF 0 FF 0 0
ID: 316, Data: 845 79 DD 1E 79 24 28 80
ID: 316, Data: 845 79 DD 1E 79 24 29 80
ID: 43F, Data: 84C 45 60 FF 40 F0 1D 0
ID: 316, Data: 845 78 41 1E 7A 24 29 80
ID: 153, Data: 80 0 0 FF 0 FF 0 0
ID: 316, Data: 845 78 88 1E 7A 24 29 80
ID: 316, Data: 845 77 A0 1E 79 24 2A 80
ID: 43F, Data: 84C 45 60 FF 40 84 1E 0
ID: 316, Data: 845 77 94 1E 7A 24 2A 80
ID: 43F, Data: 84C 45 60 FF 40 90 1E 0
ID: 329, Data: 840 99 80 8 11 4B 33 26
ID: 316, Data: 845 69 41 1E 7F 24 2A 80
ID: 316, Data: 845 65 B7 1D 7F 24 2A 80
ID: 43F, Data: 84C 45 60 69 40 1C 1C 0
ID: 2A0, Data: 81 29 52 1C 3C 0 17 0
ID: 316, Data: 845 6F 3F 1A 89 23 2B 80
ID: 153, Data: 80 0 0 FF 0 FF 0 0
ID: 43F, Data: 84C 45 60 86 40 50 18 0
ID: 280, Data: 830 0 88 99 30 59 52 B4
ID: 43F, Data: 84C 45 60 8D 40 D8 17 0
ID: 280, Data: 830 0 88 99 31 5B 52 B8
ID: 153, Data: 80 0 0 FF 0 FF 0 0
ID: 316, Data: 845 93 0 19 94 22 2C 80
ID: 316, Data: 845 94 C8 18 94 22 2C 80
ID: A0, Data: 8A3 6C B8 18 2D 46 2 0
ID: 316, Data: 845 94 A1 18 95 22 2C 80
ID: 329, Data: 840 99 80 8 11 51 42 26
ID: 316, Data: 845 95 E8 18 97 22 2D 80
ID: 545, Data: 8E4 33 1 8D 4 8 4 8
ID: 153, Data: 80 0 0 FF 0 FF 0 0
ID: 43F, Data: 844 45 60 FF 41 E0 18 0
ID: 153, Data: 80 0 0 FF 0 FF 0 0
ID: 370, Data: 8FF E0 F0 F0 FF FF FF FF
ID: 43F, Data: 844 45 60 FF 40 14 19 0
ID: 2A0, Data: 8C1 2E 52 1C 3C 0 17 0
ID: 316, Data: 845 94 9B 19 98 21 2E 80
ID: 316, Data: 845 96 A4 19 98 21 2E 80
ID: 43F, Data: 844 45 60 FF 41 70 19 0
ID: 18F, Data: 8AA 38 0 0 0 0 0 0
ID: 153, Data: 80 0 0 FF 0 FF 0 0
ID: A1, Data: 87C 7C 7A 7E 5D 0 0 0
ID: A1, Data: 87C 7C 7A 7E 5D 0 0 0
ID: 43F, Data: 844 45 60 FF 41 E0 19 0
ID: 153, Data: 80 0 0 FF 0 FF 0 0
ID: 316, Data: 845 95 C6 1A 99 21 2F 80
ID: 43F, Data: 844 45 60 FF 41 18 1A 0
ID: 18F, Data: 8AA 38 0 0 0 0 0 0
ID: 153, Data: 80 0 0 FF 0 FF 0 0
ID: 316, Data: 845 97 19 1B 9A 21 30 80
ID: A1, Data: 87D 7C 7C 7E 5E 0 0 0
ID: 316, Data: 845 97 78 1B 9A 21 30 80
ID: 316, Data: 845 97 52 1B 9A 21 31 80
ID: 43F, Data: 844 45 60 FF 40 D0 1A 0
ID: 280, Data: 830 0 88 9A 37 60 52 C7
ID: 153, Data: 80 0 0 FF 0 FF 0 0
ID: 316, Data: 845 97 D1 1B 9A 21 31 80
ID: 316, Data: 845 97 E4 1B 9A 21 31 80
ID: 43F, Data: 844 45 60 FF 41 34 1B 0
ID: 316, Data: 845 98 35 1C 9A 21 32 80
ID: 153, Data: 80 0 0 FF 0 FF 0 0
ID: 316, Data: 845 97 68 1C 9B 22 32 80
ID: 316, Data: 845 98 68 1C 9A 22 32 80
ID: 43F, Data: 844 45 60 FF 40 BC 1B 0
ID: 316, Data: 845 98 92 1C 9B 22 33 80
ID: 316, Data: 845 98 DC 1C 9B 22 33 80
ID: 329, Data: 8B 9A 80 8 11 5E 43 26
ID: 316, Data: 845 98 7 1D 9B 22 33 80
ID: 316, Data: 845 98 1C 1D 9B 22 33 80
ID: 153, Data: 80 0 0 FF 0 FF 0 0
ID: 316, Data: 845 97 53 1D 9B 22 34 80
ID: 316, Data: 845 97 53 1D 9B 22 34 80
ID: 370, Data: 8FF E3 F0 F0 FF FF FF FF
ID: 316, Data: 845 98 95 1D 9B 22 34 80
ID: 153, Data: 80 0 0 FF 0 FF 0 0
ID: 2A0, Data: 81 36 52 1C 3C 0 17 0
ID: 43F, Data: 844 45 60 FF 41 FC 1C 0
ID: 280, Data: 830 0 88 9A 3B 5E 52 C5
ID: 316, Data: 845 93 1E 1E 91 23 35 80
ID: 280, Data: 830 0 88 9A 3C 5B 52 C2
ID: 43F, Data: 844 45 60 FF 41 60 1D 0
ID: 545, Data: 8E4 56 1 8D 6C 7 6C 7
ID: 153, Data: 80 0 0 FF 0 FF 0 0
ID: 316, Data: 845 8D 59 1E 8E 23 36 80
ID: 153, Data: 80 0 0 FF 0 FF 0 0
ID: 260, Data: 8B 8D 8F 30 FF FF 8F 12
ID: 316, Data: 845 8C 65 1E 8E 23 37 80
ID: 153, Data: 80 0 0 FF 0 FF 0 0
ID: 43F, Data: 844 45 60 FF 41 C 1E 0
ID: 316, Data: 845 8D E9 1E 8D 23 37 80
ID: 2A0, Data: 861 37 52 1C 3C 0 17 0
ID: 316, Data: 845 8D 33 1F 8D 23 37 80
ID: 316, Data: 845 8D 33 1F 8D 23 37 80
ID: 43F, Data: 844 45 60 FF 41 80 1E 0
ID: 2A0, Data: 8A1 37 52 1C 3C 0 17 0
ID: 153, Data: 80 0 0 FF 0 FF 0 0
ID: 316, Data: 845 8C 72 1F 8D 23 38 80
ID: 316, Data: 845 8B 98 1F 8D 23 38 80
ID: 43F, Data: 844 45 60 FF 41 D8 1E 0
ID: 316, Data: 845 8B A5 1F 8D 23 39 80
ID: 153, Data: 80 0 0 FF 0 FF 0 0
ID: 316, Data: 845 8B 0 20 8C 23 39 80
ID: 316, Data: 845 8B 1A 20 8C 23 39 80
ID: A1, Data: 881 7C 80 7E 57 0 0 0
ID: 316, Data: 845 8A 42 20 8C 23 39 80
ID: 370, Data: 8FF E1 F0 F0 FF FF FF FF
ID: 153, Data: 80 0 0 FF 0 FF 0 0
ID: 545, Data: 8E4 5F 1 8D 1A 7 1A 7
ID: 316, Data: 845 89 85 20 8C 23 3A 80
ID: 153, Data: 80 0 0 FF 0 FF 0 0
ID: 43F, Data: 844 45 60 FF 40 D4 1F 0
ID: 153, Data: 80 0 0 FF 0 FF 0 0
ID: 316, Data: 845 8A D7 20 89 23 3B 80
ID: 316, Data: 845 8A E5 20 89 23 3B 80
ID: 370, Data: 8FF E1 F0 F0 FF FF FF FF
ID: 316, Data: 845 8A 1C 21 89 23 3B 80
ID: 153, Data: 80 0 0 FF 0 FF 0 0
ID: 153, Data: 80 0 0 FF 0 FF 0 0
ID: 316, Data: 845 88 47 21 89 24 3B 80
ID: 153, Data: 80 0 0 FF 0 FF 0 0
ID: A1, Data: 882 7C 80 7E 56 0 0 0
ID: 329, Data: 884 9B 80 8 11 54 39 26
ID: 545, Data: 8E4 70 1 8D FD 6 FD 6
ID: 43F, Data: 84D 45 60 FF 41 CC 20 0
ID: 43F, Data: 84D 45 60 FF 41 EC 20 0
ID: A0, Data: 89B 6D D7 21 3D 49 2 0
ID: 153, Data: 80 0 0 FF 0 FF 0 0
ID: 316, Data: 845 69 6 23 81 24 3C 80
ID: 316, Data: 845 5B 36 23 7D 24 3D 80
ID: 2A0, Data: 8C1 38 52 1C 3C 0 17 0
ID: 43F, Data: 84D 45 60 66 41 94 20 0
ID: 316, Data: 845 65 5C 20 59 24 3D 80
ID: 153, Data: 80 0 0 FF 0 FF 0 0
ID: 545, Data: 8E4 FD 0 8D 85 3 BF 4
ID: 316, Data: 845 52 A1 1D 5B 25 3D 80
ID: 280, Data: 830 0 88 9B 39 3C 52 8A
ID: 43F, Data: 84D 45 60 4C 41 14 1B 0
ID: 329, Data: 884 9B 80 8 11 43 1E 26
ID: 316, Data: 845 48 36 1A 60 25 3D 80
ID: 329, Data: 8ED 9B 80 8 11 43 1E 26
ID: 153, Data: 80 0 0 FF 0 FF 0 0
ID: 545, Data: 8E4 BE 0 8D 40 4 40 4
ID: 370, Data: 8FF E1 F0 F0 FF FF FF FF
ID: 280, Data: 830 0 88 9B 33 3C 52 8B
ID: 316, Data: 845 61 CE 19 61 24 3E 80
ID: 2A0, Data: 81 33 52 1C 3C 0 17 0
ID: 316, Data: 845 5F 62 1A 60 25 3E 80
ID: 316, Data: 845 5F 8F 1A 60 25 3E 80
ID: 153, Data: 80 0 0 FF 0 FF 0 0
ID: 280, Data: 830 0 88 9B 34 3A 52 87
ID: 316, Data: 845 5D 74 1A 60 25 3E 80
ID: 260, Data: 8B 5E 60 30 FF FF B0 2
ID: 316, Data: 845 5D 74 1A 5E 25 3E 80
ID: A1, Data: 883 7C 80 7E 40 0 0 0
ID: 316, Data: 845 5D 7D 1A 5C 25 3E 80
ID: 316, Data: 845 5D 7D 1A 5D 25 3E 80
ID: 153, Data: 80 0 0 FF 0 FF 0 0
ID: 280, Data: 830 0 88 9B 34 39 52 87
ID: 316, Data: 845 5C 3F 1A 5D 25 3E 80
ID: 1F1, Data: 80 40 EB 91 1E F7 51 1F
ID: 316, Data: 845 5C 13 1A 5D 25 3E 80
ID: 153, Data: 80 0 0 FF 0 FF 0 0
ID: 316, Data: 845 5C F0 19 5E 25 3E 80
ID: 316, Data: 845 5C E8 19 5E 25 3E 80
ID: 43F, Data: 84E 45 60 FF 41 94 19 0
ID: 43F, Data: 84E 45 60 FF 41 84 19 0
ID: A1, Data: 882 7C 80 7E 40 0 0 0
ID: 316, Data: 845 5C DF 19 5E 25 3E 80
ID: 316, Data: 845 5C 1 1A 5E 25 3E 80
ID: 5F0, Data: 20 0
ID: 316, Data: 845 4E 24 1A 5C 25 3E 80
ID: 153, Data: 80 0 0 FF 0 FF 0 0
ID: 43F, Data: 84E 45 60 4C 41 4C 19 0
ID: 153, Data: 80 0 0 FF 0 FF 0 0
ID: 153, Data: 80 0 0 FF 0 FF 0 0
ID: 1F0, Data: 83 40 5 C0 0 0 0 0
ID: A1, Data: 881 7C 80 7E 3D 0 0 0
ID: 2A0, Data: 880 2A 52 1C 3C 0 17 0
ID: 18F, Data: 8AA 38 0 0 0 0 0 0
ID: 316, Data: 845 41 D5 15 21 26 3E 80
ID: 43F, Data: 84E 45 60 FF 41 34 14 0
ID: 153, Data: 80 0 0 FF 0 FF 0 0
ID: 153, Data: 80 0 0 FF 0 FF 0 0
ID: 2A0, Data: 8E0 27 52 1C 3C 0 17 0
ID: 370, Data: 8FF E1 F0 F0 FF FF FF FF
ID: 260, Data: 8B 2D 25 30 FF FF 9C 1A
ID: 153, Data: 80 0 0 FF 0 FF 0 0
ID: 153, Data: 80 0 0 FF 0 FF 0 0
ID: 545, Data: 8E4 43 0 8D 9E FF 9E FF
ID: 316, Data: 845 20 1E 15 25 29 3E 80
ID: 153, Data: 80 0 0 FF 0 FF 0 0
ID: 316, Data: 845 21 8E 14 25 29 3E 80
ID: 316, Data: 845 21 58 14 26 29 3E 80
ID: 440, Data: 8FE B6 3D A0 FF AA AA AA
ID: 316, Data: 845 29 CD 13 2D 29 3E 80
ID: 43F, Data: 846 45 60 FF 41 18 14 0
ID: 545, Data: 8E4 43 0 8D 42 0 42 0
ID: 316, Data: 845 2C 4C 15 30 28 3D 80
ID: 316, Data: 845 2B 75 15 30 28 3D 80
ID: 43F, Data: 846 45 60 FF 41 8 14 0
ID: 316, Data: 845 2D 87 15 30 28 3D 80
ID: A1, Data: 880 78 7E 7B 23 0 0 0
ID: 153, Data: 80 0 0 FF 0 FF 0 0
ID: 316, Data: 845 2E 69 15 30 28 3D 80
ID: 153, Data: 80 0 0 FF 0 FF 0 0
ID: A1, Data: 880 78 7C 7B 23 0 0 0
ID: 280, Data: 830 0 88 9C 2A 1D 52 4C
ID: 545, Data: 8E4 47 0 8D 71 0 71 0
ID: 43F, Data: 846 45 60 FF 41 E0 13 0
ID: 153, Data: 80 0 0 FF 0 FF 0 0
ID: A0, Data: 835 6E 6F 15 3D 2B 2 0
ID: 329, Data: 884 9C 80 8 11 33 4 26
ID: 2A0, Data: 81 1B 52 1C 3C 0 17 0
ID: 370, Data: 8FF E0 F0 F0 FF FF FF FF
ID: 153, Data: 80 0 0 FF 0 FF 0 0
ID: A1, Data: 87C 78 7A 7B 25 0 0 0
ID: 2A0, Data: 820 1A 52 1C 3C 0 17 0
ID: 440, Data: 8FE 66 3C A0 FF AA AA AA
ID: 316, Data: 845 30 87 15 23 28 3C 80
ID: 545, Data: 8E4 48 0 8D 73 0 73 0
ID: 440, Data: 8FE B6 3C A0 FF AA AA AA
ID: 316, Data: 845 2A 58 15 24 28 3C 80
ID: 153, Data: 80 0 0 FF 0 FF 0 0
ID: 280, Data: 830 0 84 9C 29 19 52 44
ID: 316, Data: 845 25 9E 14 1C 1F 3C 80
ID: 43F, Data: 846 45 60 FF 41 9C 13 0
ID: 316, Data: 845 21 A 14 1D 1F 3C 80
ID: 153, Data: 80 0 0 FF 0 FF 0 0
ID: 316, Data: 845 1F 3B 13 1E 1F 3C 80
ID: 316, Data: 845 23 BA 12 2C 1F 3C 80
ID: A0, Data: 82F 6E B1 12 3C 28 2 0
ID: 316, Data: 845 2C C7 12 49 1F 3C 80
ID: 316, Data: 845 2E 7 13 49 1F 3C 80
ID: 153, Data: 80 0 0 FF 0 FF 0 0
ID: 329, Data: 840 9D 80 8 11 36 F 26
ID: 316, Data: 85 35 18 15 46 1E 3B 80
ID: 153, Data: 80 0 0 FF 0 FF 0 0
ID: 440, Data: 8FE 66 3B A0 FF AA AA AA
ID: 43F, Data: 846 45 60 FF 41 80 13 0
ID: 316, Data: 85 3A 72 16 43 1D 3B 80
ID: 153, Data: 80 0 0 FF 0 FF 0 0
ID: 316, Data: 85 3D 8C 16 43 1C 3B 80
ID: 316, Data: 85 3E 9F 16 44 1C 3B 80
ID: 18F, Data: 8AA 37 0 0 0 0 0 0
ID: 43F, Data: 846 45 60 FF 41 64 13 0
ID: 153, Data: 80 0 0 FF 0 FF 0 0
ID: 5F0, Data: 20 0
ID: 316, Data: 85 46 2C 17 59 1C 3B 80
ID: 370, Data: 8FF E0 F0 F0 FF FF FF FF
ID: 280, Data: 830 0 88 9D 2F 2F 52 75
ID: 153, Data: 80 0 0 FF 0 FF 0 0
ID: 545, Data: 8E4 98 0 8D B7 3 B7 3
ID: 316, Data: 85 52 73 18 57 1B 3B 80
ID: 153, Data: 80 0 0 FF 0 FF 0 0
ID: 43F, Data: 846 45 60 FF 41 54 13 0
ID: 5F0, Data: 20 0
ID: 43F, Data: 846 45 60 FF 41 60 13 0
ID: 153, Data: 80 0 0 FF 0 FF 0 0
ID: 18F, Data: 8AA 36 0 0 0 0 0 0
ID: 316, Data: 85 52 8A 18 49 1B 3B 80
ID: 370, Data: 8FF E0 F0 F0 FF FF FF FF
ID: A0, Data: 856 6E 20 18 3C 33 2 0
ID: 153, Data: 80 0 0 FF 0 FF 0 0
ID: 316, Data: 85 4E 95 17 4A 1B 3B 80
ID: 316, Data: 85 4C 5D 17 4A 1B 3B 80
ID: A1, Data: 87E 7C 7D 7E 3A 0 0 0
ID: 43F, Data: 846 45 60 FF 41 78 13 0
ID: 153, Data: 80 0 0 FF 0 FF 0 0
ID: 153, Data: 80 0 0 FF 0 FF 0 0
ID: 329, Data: 840 9D 80 8 11 37 0 26
ID: 316, Data: 85 47 D4 16 15 1B 3B 80
ID: 2A0, Data: 840 14 52 1C 3C 0 17 0
ID: 153, Data: 80 0 0 FF 0 FF 0 0
ID: 316, Data: 85 3B BA 16 17 1C 3B 80
ID: 43F, Data: 846 45 60 FF 40 80 13 0
ID: 260, Data: 8B 31 19 30 FF FF C3 36
ID: 316, Data: 85 2C 1E 15 1A 1E 3B 80
ID: 545, Data: 8E4 43 0 8D B6 0 B6 0
ID: 316, Data: 85 25 9E 14 1C 1F 3B 80
ID: 316, Data: 85 24 83 14 1C 1F 3B 80
ID: A0, Data: 822 6F 83 14 3C 26 2 0
ID: 316, Data: 85 1F 2E 14 1D 1F 3B 80
ID: 316, Data: 85 1D DC 13 1D 1F 3B 80
ID: 43F, Data: 846 45 60 FF 41 4C 13 0
ID: 316, Data: 85 1C 23 13 1F 1F 3B 80
ID: A0, Data: 82A 6F CC 12 3C 28 2 0
ID: 316, Data: 85 1D 73 12 20 1F 3B 80
ID: 316, Data: 85 1E 3F 12 20 1F 3B 80
ID: 440, Data: 8ED C6 3A A0 FF AA AA AA
ID: 316, Data: 85 1F CF 11 21 1F 3B 80
ID: 153, Data: 80 0 0 FF 0 FF 0 0
ID: 43F, Data: 84D 45 60 FF 41 24 13 0
ID: 316, Data: 85 20 DB 11 21 1F 3B 80
ID: 545, Data: 8E4 30 0 8D 20 0 20 0
ID: 316, Data: 85 20 80 12 1F 1F 3B 80
ID: 316, Data: 85 21 BA 12 1F 1F 3B 80
ID: A0, Data: 82E 6F 89 12 3B 28 2 0
ID: 43F, Data: 84D 45 60 FF 41 B0 13 0
ID: 316, Data: 85 20 A0 13 1E 1F 3A 80
ID: 370, Data: 8FF E1 F0 F0 FE FF FF FF
ID: 316, Data: 85 1F 14 14 1D 1F 3A 80
ID: 43F, Data: 84D 45 60 FF 41 AC 14 0
ID: 370, Data: 8FF E1 F0 F0 FE FF FF FF
ID: 153, Data: 80 0 0 FF 0 FF 0 0
ID: 153, Data: 80 0 0 FF 0 FF 0 0
ID: 316, Data: 85 1D 7 15 1C 1F 3A 80
ID: 153, Data: 80 0 0 FF 0 FF 0 0
ID: 316, Data: 85 1F D5 15 22 1F 3A 80
ID: 440, Data: 8ED B6 39 A0 FF AA AA AA
ID: 329, Data: 8B 9E 80 8 11 34 8 26
ID: 316, Data: 85 26 9C 17 32 1F 3A 80
ID: 316, Data: 85 28 9 18 31 1F 3A 80
ID: A1, Data: 877 78 79 7B 1F 0 0 0
ID: 316, Data: 85 2A 8A 18 30 1F 3A 80
ID: 153, Data: 80 0 0 FF 0 FF 0 0
ID: 2A0, Data: 8A1 C 52 1C 3C 0 17 0
ID: 316, Data: 85 2B E0 18 2F 1E 39 80
ID: 1F0, Data: 85 40 5 C0 0 0 0 0
ID: 316, Data: 85 2C E8 18 2F 1E 39 80
ID: 153, Data: 80 0 0 FF 0 FF 0 0
ID: 316, Data: 85 2C F0 18 30 1E 39 80
ID: 153, Data: 80 0 0 FF 0 FF 0 0
ID: 329, Data: 8ED 9E 80 8 11 35 8 26
ID: 316, Data: 85 2D 0 19 1D 1E 39 80
ID: 18F, Data: 8AA 33 0 0 0 0 0 0
ID: 316, Data: 85 2E 18 19 16 1E 39 80
ID: A0, Data: 834 6F 10 19 3A 2D 2 0
ID: 316, Data: 85 2D 30 19 16 1E 39 80
ID: 316, Data: 85 29 28 19 17 1F 39 80
ID: 43F, Data: 845 45 60 FF 41 74 17 0
ID: 316, Data: 85 24 D0 18 18 1F 39 80
ID: 153, Data: 80 0 0 FF 0 FF 0 0
ID: 153, Data: 80 0 0 FF 0 FF 0 0
ID: 316, Data: 85 1F E5 17 19 1F 39 80
ID: 153, Data: 80 0 0 FF 0 FF 0 0
ID: 316, Data: 85 1D 64 17 19 1F 39 80
ID: 153, Data: 80 0 0 FF 0 FF 0 0
ID: 280, Data: 830 0 84 9E 2D 12 52 34
ID: 316, Data: 85 1A 58 16 1B 1F 39 80
ID: 153, Data: 80 0 0 FF 0 FF 0 0
ID: 316, Data: 85 18 63 15 1C 1F 39 80
ID: 153, Data: 80 0 0 FF 0 FF 0 0
ID: 316, Data: 85 19 14 14 1D 1F 39 80
ID: 316, Data: 85 1A 9B 13 1E 1F 39 80
ID: 43F, Data: 845 45 60 FF 41 1C 17 0
ID: 43F, Data: 845 45 60 FF 41 1C 17 0
ID: A0, Data: 830 6F 32 12 39 28 2 0
ID: 153, Data: 80 0 0 FF 0 FF 0 0
ID: 316, Data: 85 1E AA 11 21 1F 38 80
ID: 153, Data: 80 0 0 FF 0 FF 0 0
ID: 153, Data: 80 0 0 FF 0 FF 0 0
ID: 316, Data: 85 20 1D 12 20 1F 38 80
ID: 440, Data: 8ED 25 38 A0 FF AA AA AA
ID: 260, Data: 8B 20 1E 30 FF FF 7D 2F
ID: 316, Data: 85 1F 33 14 1D 1F 38 80
ID: 260, Data: 8B 1F 1C 30 FF FF 7F 12
ID: 316, Data: 85 1E 8D 15 1B 1F 38 80
ID: 2A0, Data: 880 8 52 1C 3C 0 17 0
ID: 43F, Data: 845 45 60 FF 41 E4 16 0
ID: 316, Data: 85 1C 8C 16 1A 1F 38 80
ID: A0, Data: 828 6F 38 16 38 28 2 0
ID: 316, Data: 85 1B C0 16 1A 1F 38 80
ID: 316, Data: 85 1B A6 16 19 1F 37 80
ID: 43F, Data: 845 45 60 FF 41 C0 16 0
ID: 43F, Data: 845 45 60 FF 41 D0 16 0
ID: 260, Data: 8B 1B 1A 30 FF FF 74 31
ID: 316, Data: 85 1B 4B 16 1A 1F 37 80
ID: 545, Data: 8E4 36 0 8D BB FF BB FF
ID: 43F, Data: 845 45 60 FF 41 A8 16 0
ID: 280, Data: 830 0 84 9E 2B 15 52 39
ID: 153, Data: 80 0 0 FF 0 FF 0 0
ID: 153, Data: 80 0 0 FF 0 FF 0 0
ID: 316, Data: 85 1B 2F 15 1A 1F 37 80
ID: 153, Data: 80 0 0 FF 0 FF 0 0
ID: 329, Data: 8ED 9E 80 8 11 30 0 26
ID: 316, Data: 85 1C 33 14 1B 1F 37 80
ID: 2A0, Data: 820 6 52 1C 3C 0 17 0
ID: 316, Data: 85 1D AF 13 1C 1F 37 80
ID: 153, Data: 80 0 0 FF 0 FF 0 0
ID: A1, Data: 87B 79 7B 79 1C 0 0 0
ID: 316, Data: 85 1E F5 12 1C 1F 37 80
ID: 1F0, Data: 85 40 5 C0 0 0 0 0
ID: 43F, Data: 845 45 60 FF 41 68 16 0
ID: 5F0, Data: 20 0
ID: 43F, Data: 845 45 60 FF 41 5C 16 0
ID: 153, Data: 80 0 0 FF 0 FF 0 0
ID: A0, Data: 82D 6F 0 12 37 27 2 0
ID: 316, Data: 8D 1F D3 11 1F 1F 36 80
ID: 329, Data: 885 9E 80 8 11 2F 0 26
ID: 316, Data: 8D 1F 9F 11 20 1F 36 80
ID: 153, Data: 80 0 0 FF 0 FF 0 0
ID: 43F, Data: 845 45 60 FF 41 3C 16 0
ID: 545, Data: 8E4 30 0 8D 10 0 10 0
ID: 43F, Data: 845 45 60 FF 41 28 16 0
ID: 43F, Data: 845 45 60 FF 41 30 16 0
ID: 18F, Data: 8AA 31 0 0 0 0 0 0
ID: 316, Data: 85 20 4D 11 20 1E 36 80
ID: 153, Data: 80 0 0 FF 0 FF 0 0
ID: 153, Data: 80 0 0 FF 0 FF 0 0
ID: 316, Data: 85 21 32 11 21 1E 36 80
ID: 43F, Data: 845 45 60 FF 41 F8 15 0
ID: 316, Data: 85 21 50 11 20 1E 36 80
ID: 153, Data: 80 0 0 FF 0 FF 0 0
ID: 153, Data: 80 0 0 FF 0 FF 0 0
ID: 316, Data: 85 21 36 11 20 1E 35 80
ID: 153, Data: 80 0 0 FF 0 FF 0 0
ID: 316, Data: 85 21 54 11 20 1E 35 80
ID: 316, Data: 85 21 64 11 20 1E 35 80
ID: 2A0, Data: 820 4 52 1C 3C 0 17 0
ID: 43F, Data: 845 45 60 FF 41 C4 15 0
ID: 153, Data: 80 0 0 FF 0 FF 0 0
ID: A1, Data: 87D 79 80 79 1F 0 0 0
ID: 316, Data: 85 21 C3 11 1F 1E 35 80
ID: 329, Data: 885 9F 80 8 11 2F 0 26
ID: 316, Data: 85 21 DF 11 1F 1E 35 80
ID: 316, Data: 85 21 DF 11 1F 1E 35 80
ID: 316, Data: 85 21 11 12 1F 1E 35 80
ID: 316, Data: 85 20 2A 12 1F 1E 35 80
ID: 370, Data: 8FF E1 F0 F0 FF FF FF FF
ID: 316, Data: 85 20 5D 12 1F 1E 35 80
ID: 153, Data: 80 0 0 FF 0 FF 0 0
ID: 43F, Data: 845 45 60 FF 41 88 15 0
ID: 316, Data: 85 1F B5 12 1E 1E 34 80
ID: 329, Data: 8ED 9F 80 8 11 2F 0 26
ID: 316, Data: 85 1F 7 13 1D 1E 34 80
ID: 316, Data: 85 1F 1E 13 1D 1E 34 80
ID: 260, Data: 8B 1F 1D 30 FF FF 50 12
ID: 43F, Data: 845 45 60 FF 41 58 15 0
ID: 280, Data: 830 0 84 9F 26 16 52 3C
ID: 153, Data: 80 0 0 FF 0 FF 0 0
ID: 316, Data: 85 1D D2 13 1B 1F 34 80
ID: 153, Data: 80 0 0 FF 0 FF 0 0
ID: 18F, Data: 8AA 30 0 0 0 0 0 0
ID: 329, Data: 8ED 9F 80 8 11 2F 0 26
ID: 440, Data: 8ED 25 33 A0 FF AA AA AA
ID: 545, Data: 8E4 34 0 8D CA FF CA FF
ID: 153, Data: 80 0 0 FF 0 FF 0 0
ID: 260, Data: 8B 1B 1A 30 FF FF 54 33
ID: 316, Data: 85 1B DA 14 1A 1F 33 80
ID: 43F, Data: 845 45 60 FF 41 0 15 0
ID: 316, Data: 85 1B F1 14 1A 1F 33 80
ID: A0, Data: 826 70 EB 14 34 28 2 0
ID: 316, Data: 85 1B D5 14 1A 1F 33 80
ID: 316, Data: 85 1B DA 14 1A 1F 33 80
ID: 43F, Data: 845 45 60 FF 41 DC 14 0
ID: 316, Data: 85 1A C4 14 1A 1F 33 80
ID: A1, Data: 87A 79 7D 79 1A 0 0 0
ID: 153, Data: 80 0 0 FF 0 FF 0 0
ID: 316, Data: 85 1A 98 14 1A 1F 33 80
ID: 153, Data: 80 0 0 FF 0 FF 0 0
ID: 316, Data: 85 1B 68 14 1A 1F 33 80
ID: 316, Data: 85 1B 68 14 1A 1F 32 80
ID: 18F, Data: 8AA 30 0 0 0 0 0 0
ID: 43F, Data: 845 45 60 FF 41 A4 14 0
ID: 153, Data: 80 0 0 FF 0 FF 0 0
ID: 316, Data: 85 1B 4D 14 1A 1F 32 80
ID: 316, Data: 85 1B 2E 14 1A 1F 32 80
ID: A0, Data: 828 70 2E 14 33 27 2 0
ID: 316, Data: 85 1B E6 13 1A 1F 32 80
ID: 316, Data: 85 1B D7 13 1A 1F 32 80
ID: 5F0, Data: 20 0
ID: 316, Data: 85 1B CD 13 1A 1F 32 80
ID: 370, Data: 8FF E3 F0 F0 FF FF FF FF
ID: 260, Data: 8B 20 3A 30 FF FF 62 2D
ID: 153, Data: 80 0 0 FF 0 FF 0 0
ID: A0, Data: 83A 70 CF 14 32 2C 2 0
ID: 316, Data: 85 2B F1 14 3F 1E 32 80
ID: 260, Data: 8B 2E 3F 30 FF FF B9 3D
ID: 43F, Data: 845 45 60 FF 41 48 14 0
ID: 2A0, Data: 8C1 3 52 1C 3C 0 17 0
ID: 316, Data: 85 33 F4 15 3E 1D 31 80
ID: 316, Data: 85 33 45 16 3D 1D 31 80
ID: A0, Data: 840 70 45 16 32 2E 2 0
ID: 316, Data: 85 34 AC 16 3C 1D 31 80
ID: 316, Data: 85 35 C7 16 3C 1C 31 80
ID: 153, Data: 80 0 0 FF 0 FF 0 0
ID: 316, Data: 85 37 F6 16 3C 1C 31 80
ID: 153, Data: 80 0 0 FF 0 FF 0 0
ID: 329, Data: 840 9F 80 8 11 37 D 26
ID: 316, Data: 85 39 33 17 3B 1C 31 80
ID: 2A0, Data: 81 4 52 1C 3C 0 17 0
ID: 5F0, Data: 20 0
ID: 153, Data: 80 0 0 FF 0 FF 0 0
ID: 316, Data: 85 3A 6B 17 40 1B 31 80
ID: 5F0, Data: 20 0
ID: 316, Data: 85 3C 79 17 44 1B 31 80
ID: 153, Data: 80 0 0 FF 0 FF 0 0
ID: 18F, Data: 8AA 30 0 0 0 0 0 0
ID: 329, Data: 840 9F 80 8 11 39 12 26
ID: 316, Data: 85 40 AB 17 47 1B 31 80
ID: 153, Data: 80 0 0 FF 0 FF 0 0
ID: 153, Data: 80 0 0 FF 0 FF 0 0
ID: 316, Data: 85 42 D6 17 48 1B 32 80
ID: 440, Data: 8E1 75 31 A0 FF AA AA AA
ID: 316, Data: 85 44 11 18 49 1B 32 80
ID: 153, Data: 80 0 0 FF 0 FF 0 0
ID: 440, Data: 8DC 85 31 A0 FF AA AA AA
ID: 43F, Data: 845 45 60 FF 41 74 14 0
ID: 2A0, Data: 8A1 7 52 1C 3C 0 17 0
ID: 316, Data: 85 45 6B 18 49 1A 32 80
ID: 316, Data: 85 46 73 18 49 1A 32 80
ID: 43F, Data: 845 45 60 FF 41 7C 14 0
ID: 43F, Data: 845 45 60 FF 41 80 14 0
ID: A1, Data: 882 78 81 7A 36 0 0 0
ID: 153, Data: 80 0 0 FF 0 FF 0 0
ID: 316, Data: 85 48 A9 18 4A 1A 32 80
ID: 153, Data: 80 0 0 FF 0 FF 0 0
ID: 316, Data: 85 48 8A 18 4A 1A 32 80
ID: 316, Data: 85 48 6B 18 4C 1A 32 80
ID: 18F, Data: 8AA 2F 0 0 0 0 0 0
ID: 5F0, Data: 20 0
ID: 153, Data: 80 0 0 FF 0 FF 0 0
ID: 1F0, Data: 84 40 5 C0 0 0 0 0
ID: A1, Data: 882 78 81 7A 38 0 0 0
ID: 329, Data: 840 9F 80 8 11 3B 17 26
ID: 545, Data: 8E4 8C 0 8D 67 3 67 3
ID: 316, Data: 85 4B A4 17 4D 1A 32 80
ID: 316, Data: 85 4B AB 17 4D 1A 32 80
ID: 18F, Data: 8AA 2F 0 0 0 0 0 0
ID: 316, Data: 85 4C 9C 17 4D 1A 32 80
ID: 153, Data: 80 0 0 FF 0 FF 0 0
ID: 316, Data: 85 4C 8E 17 4D 1A 32 80
ID: 43F, Data: 845 45 60 FF 41 C4 14 0
ID: 440, Data: 8E6 85 32 A0 FF AA AA AA
ID: 316, Data: 85 4C 80 17 4D 1A 32 80
ID: A0, Data: 854 70 80 17 33 32 2 0
ID: 43F, Data: 845 45 60 FF 41 E0 14 0
ID: 440, Data: 8E7 D5 32 A0 FF AA AA AA
ID: 153, Data: 80 0 0 FF 0 FF 0 0
ID: 316, Data: 85 4C 4F 17 4F 19 33 80
ID: 316, Data: 85 4B 4F 17 4F 19 33 80
ID: 260, Data: 8B 4C 4F 30 FF FF BF 9
ID: 43F, Data: 845 45 60 FF 42 F4 14 0
ID: 316, Data: 85 4C 48 17 4F 19 33 80
ID: 153, Data: 80 0 0 FF 0 FF 0 0
ID: 316, Data: 85 4C 4F 17 4F 19 33 80
ID: 153, Data: 80 0 0 FF 0 FF 0 0
ID: 545, Data: 8E4 91 0 8D 7E 3 7E 3
ID: 316, Data: 85 4B 41 17 4F 19 33 80
ID: 280, Data: 830 0 88 A0 2E 2E 52 7D
ID: 43F, Data: 845 45 60 FF 41 14 15 0
ID: 43F, Data: 845 45 60 FF 41 38 15 0
ID: 316, Data: 85 4B 1F 17 50 19 33 80
ID: 316, Data: 85 4C 1F 17 50 19 33 80
ID: 43F, Data: 845 45 60 FF 41 28 15 0
ID: 370, Data: 8FF E3 F0 F0 FF FF FF FF
ID: 153, Data: 80 0 0 FF 0 FF 0 0
ID: 153, Data: 80 0 0 FF 0 FF 0 0
ID: 316, Data: 85 4C F6 16 50 19 33 80
ID: 153, Data: 80 0 0 FF 0 FF 0 0
ID: 316, Data: 85 4D 3 17 50 19 34 80
ID: 316, Data: 85 4D 3 17 49 19 34 80
ID: 329, Data: 8ED A0 80 8 11 3C 12 26
ID: 153, Data: 80 0 0 FF 0 FF 0 0
ID: 316, Data: 85 4D 3 17 44 19 34 80
ID: 316, Data: 85 4E 3 17 44 19 34 80
ID: 316, Data: 85 4C FD 16 44 19 34 80
ID: A0, Data: 857 70 3 17 34 33 2 0
ID: 316, Data: 85 4A D4 16 44 19 34 80
ID: 1F1, Data: 80 1C 9D 51 19 A6 51 1A
ID: 260, Data: 8B 48 45 30 FF FF BF 16
ID: 316, Data: 85 46 52 16 45 1A 34 80
ID: 18F, Data: 8AA 2F 0 0 0 0 0 0
ID: 316, Data: 85 46 C 16 45 1A 34 80
ID: 5F0, Data: 20 0
ID: 43F, Data: 845 45 60 FF 41 80 15 0
ID: 153, Data: 80 0 0 FF 0 FF 0 0
ID: 329, Data: 885 A0 80 8 11 39 12 26
ID: 316, Data: 85 45 D5 15 46 1A 34 80
ID: 153, Data: 80 0 0 FF 0 FF 0 0
ID: 316, Data: 85 45 E1 15 46 1A 34 80
ID: 153, Data: 80 0 0 FF 0 FF 0 0
ID: 280, Data: 830 0 88 A0 2B 2B 52 76
ID: 316, Data: 85 45 E1 15 46 1A 34 80
ID: 43F, Data: 845 45 60 FF 41 AC 15 0
ID: 316, Data: 85 45 EE 15 46 1A 35 80
ID: A1, Data: 881 7C 80 7E 38 0 0 0
ID: 153, Data: 80 0 0 FF 0 FF 0 0
ID: 316, Data: 85 44 F4 15 46 1A 35 80
ID: 153, Data: 80 0 0 FF 0 FF 0 0
ID: 316, Data: 85 44 F4 15 46 1A 35 80
ID: 316, Data: 85 43 C 16 45 1A 35 80
ID: 18F, Data: 8AA 2F 0 0 0 0 0 0
ID: 43F, Data: 845 45 60 FF 41 BC 15 0
ID: 153, Data: 80 0 0 FF 0 FF 0 0
ID: 316, Data: 85 40 9F 16 16 1B 35 80
ID: 316, Data: 85 3E B3 16 16 1B 35 80
ID: 545, Data: 8E4 63 0 8D F6 1 F6 1
ID: 370, Data: 8FF E3 F0 F0 FF FF FF FF
ID: 153, Data: 80 0 0 FF 0 FF 0 0
ID: 5F0, Data: 20 0
ID: 2A0, Data: 820 E 52 1C 3C 0 17 0
ID: 280, Data: 830 0 84 A0 2B 18 52 43
ID: A1, Data: 884 79 82 79 1F 0 0 0
ID: 153, Data: 80 0 0 FF 0 FF 0 0
ID: 316, Data: 85 1E B7 15 1B 1E 35 80
ID: 153, Data: 80 0 0 FF 0 FF 0 0
ID: 329, Data: 8B A0 80 8 11 2F 0 26
ID: 316, Data: 85 1B 35 15 1C 1E 35 80
ID: 153, Data: 80 0 0 FF 0 FF 0 0
ID: 43F, Data: 845 45 60 FF 41 8C 15 0
ID: A1, Data: 885 79 80 79 1A 0 0 0
ID: 43F, Data: 845 45 60 FF 41 8C 15 0
ID: 5F0, Data: 20 0
ID: A0, Data: 827 70 CA 14 35 28 2 0
ID: 260, Data: 8B 1C 1D 30 FF FF 68 1C
ID: 153, Data: 80 0 0 FF 0 FF 0 0
ID: 316, Data: 85 1C 5 14 1D 1E 34 80
ID: 153, Data: 80 0 0 FF 0 FF 0 0
ID: 316, Data: 85 1D B4 13 1D 1E 34 80
ID: 316, Data: 85 1D 88 13 1E 1E 34 80
ID: 260, Data: 8B 1E 1E 30 FF FF 5F 4
ID: 5F0, Data: 20 0
ID: 43F, Data: 845 45 60 FF 41 4C 15 0
ID: 316, Data: 85 1F 96 12 1F 1E 34 80
ID: 153, Data: 80 0 0 FF 0 FF 0 0
ID: 5F0, Data: 20 0
ID: 153, Data: 80 0 0 FF 0 FF 0 0
ID: 43F, Data: 845 45 60 FF 41 34 15 0
ID: 153, Data: 80 0 0 FF 0 FF 0 0
ID: 43F, Data: 845 45 60 FF 41 20 15 0
ID: 1F1, Data: 80 63 93 51 19 9F 21 1A
ID: 316, Data: 8D 22 93 11 21 1E 34 80
ID: 316, Data: 8D 22 8F 11 21 1E 34 80
ID: 316, Data: 8D 23 8B 11 21 1D 33 80
ID: 5F0, Data: 20 0
ID: 43F, Data: 845 45 60 FF 41 0 15 0
ID: 153, Data: 80 0 0 FF 0 FF 0 0
ID: 2A0, Data: 8E0 9 52 1C 3C 0 17 0
ID: 1F0, Data: 87 40 5 C0 0 0 0 0
ID: 280, Data: 830 0 84 A0 23 1A 52 43
ID: 316, Data: 85 23 AA 11 20 1E 33 80
ID: 260, Data: 8B 23 20 30 FF FF 4F 39
ID: 316, Data: 85 22 9F 11 20 1E 33 80
ID: 5F0, Data: 20 0
ID: 43F, Data: 845 45 60 FF 41 D0 14 0
ID: 153, Data: 80 0 0 FF 0 FF 0 0
ID: 2A0, Data: 880 8 52 1C 3C 0 17 0
ID: 316, Data: 85 22 83 11 20 1E 33 80
ID: 280, Data: 830 0 84 A0 22 19 52 41
ID: 316, Data: 85 22 7B 11 21 1E 33 80
ID: 316, Data: 85 22 5C 11 21 1E 32 80
ID: 316, Data: 85 22 2E 11 21 1E 32 80
ID: 316, Data: 85 22 FA 10 22 1D 32 80
ID: 5F0, Data: 20 0
ID: 316, Data: 85 22 E4 10 22 1D 32 80
ID: 153, Data: 80 0 0 FF 0 FF 0 0
ID: A0, Data: 831 71 CA 10 33 28 2 0
ID: 316, Data: 85 23 BC 10 22 1D 32 80
ID: 260, Data: 8B 23 22 30 FF FF 4F 19
ID: 316, Data: 85 23 BC 10 22 1D 32 80
ID: 2A0, Data: 880 7 52 1C 3C 0 17 0
ID: 370, Data: 8FF E3 F0 F0 FF FF FF FF
ID: 316, Data: 85 23 A0 10 22 1D 32 80
ID: 153, Data: 80 0 0 FF 0 FF 0 0
ID: 316, Data: 85 23 64 10 23 1D 32 80
ID: 153, Data: 80 0 0 FF 0 FF 0 0
ID: 153, Data: 80 0 0 FF 0 FF 0 0
ID: 316, Data: 85 24 35 10 23 1D 31 80
ID: 153, Data: 80 0 0 FF 0 FF 0 0
ID: 545, Data: 8E4 32 0 89 74 0 74 0
ID: 316, Data: 85 24 7C 10 21 1D 31 80
ID: 2A0, Data: 820 6 52 1C 3C 0 17 0
ID: 153, Data: 80 0 0 FF 0 FF 0 0
ID: 153, Data: 80 0 0 FF 0 FF 0 0
ID: 316, Data: 85 23 EF 10 20 1D 31 80
ID: 440, Data: 8EB 85 31 A0 FF AA AA AA
ID: 316, Data: 85 22 E7 10 20 1D 31 80
ID: 153, Data: 80 0 0 FF 0 FF 0 0
ID: 43F, Data: 845 45 60 FF 41 FC 13 0
ID: 316, Data: 85 22 32 11 1F 1E 31 80
ID: 545, Data: 8E4 2F 0 8E 41 0 41 0
ID: 316, Data: 85 21 32 11 1F 1E 31 80
ID: 316, Data: 85 21 41 11 1F 1E 30 80
ID: 2A0, Data: 880 5 52 1C 3C 0 17 0
ID: 5F0, Data: 20 0
ID: 316, Data: 85 20 68 11 1E 1E 30 80
ID: 316, Data: 85 20 9B 11 1E 1E 30 80
ID: A1, Data: 87B 78 79 79 1E 0 0 0
ID: 5F0, Data: 20 0
ID: 316, Data: 85 1F 11 12 1D 1E 30 80
ID: 43F, Data: 845 45 60 FF 41 9C 13 0
ID: 260, Data: 8B 1F 1D 30 FF FF 56 2B
ID: 153, Data: 80 0 0 FF 0 FF 0 0
ID: 280, Data: 830 0 84 A0 26 16 52 3C
ID: 316, Data: 85 1D 3F 13 1B 1E 30 80
ID: 43F, Data: 845 45 60 FF 41 84 13 0
ID: 43F, Data: 845 45 60 FF 41 74 13 0
ID: A1, Data: 878 78 78 78 1B 0 0 0
ID: 316, Data: 85 1C 4E 13 1B 1E 2F 80
ID: 316, Data: 85 1C 28 13 1B 1E 2F 80
ID: A0, Data: 828 71 28 13 30 27 2 0
ID: 43F, Data: 845 45 60 FF 41 50 13 0
ID: 440, Data: 8EC D5 2F A0 FF AA AA AA
ID: 153, Data: 80 0 0 FF 0 FF 0 0
ID: 316, Data: 85 1C BE 12 1C 1E 2F 80
ID: 153, Data: 80 0 0 FF 0 FF 0 0
ID: 280, Data: 830 0 84 A0 25 15 52 3A
ID: 316, Data: 85 1C BE 12 1C 1E 2F 80
ID: 43F, Data: 845 45 60 FF 41 14 13 0
ID: 43F, Data: 845 45 60 FF 41 FC 12 0
ID: A1, Data: 878 78 78 78 1C 0 0 0
ID: 316, Data: 85 1C A8 12 1B 1E 2E 80
ID: 316, Data: 85 1D 96 12 1B 1E 2E 80
ID: 43F, Data: 845 45 60 FF 41 C8 12 0
ID: 43F, Data: 845 45 60 FF 42 C4 12 0
ID: A0, Data: 829 71 66 12 2E 27 2 0
ID: 153, Data: 80 0 0 FF 0 FF 0 0
ID: 316, Data: 85 1D 19 12 1C 1E 2D 80
ID: 153, Data: 80 0 0 FF 0 FF 0 0
ID: 2A0, Data: 8E0 3 52 1C 3C 0 17 0
ID: 316, Data: 85 1D C 12 1C 1E 2D 80
ID: 280, Data: 830 0 84 A1 24 16 52 3B
ID: 316, Data: 85 1D 11 12 1C 1E 2D 80
ID: 316, Data: 85 1D D3 11 1C 1E 2C 80
ID: 370, Data: 8FF E4 F0 F0 FE FF FF FF
ID: 316, Data: 85 1D C3 11 1C 1E 2C 80
ID: 153, Data: 80 0 0 FF 0 FF 0 0
ID: 43F, Data: 84C 45 60 FF 41 D8 11 0
ID: 153, Data: 80 0 0 FF 0 FF 0 0
ID: 280, Data: 830 0 84 A1 24 16 52 3B
ID: 316, Data: 85 1D 43 12 1B 1E 2B 80
ID: 43F, Data: 84C 45 60 FF 41 7C 14 0
ID: 316, Data: 85 1D C3 12 1A 1E 2A 80
ID: 153, Data: 80 0 0 FF 0 FF 0 0
ID: 153, Data: 80 0 0 FF 0 FF 0 0
ID: 316, Data: 85 1B 44 13 1A 1E 29 80
ID: A0, Data: 826 71 44 13 2A 27 2 0
ID: 316, Data: 85 1B 83 13 19 1E 29 80
ID: 316, Data: 85 1B 7E 13 19 1E 29 80
ID: 43F, Data: 84C 45 60 FF 41 94 15 0
ID: 316, Data: 85 1A 79 13 19 1E 28 80
ID: 153, Data: 80 0 0 FF 0 FF 0 0
ID: 316, Data: 85 1A 91 13 19 1E 27 80
ID: 316, Data: 85 1A A0 13 19 1E 27 80
ID: 280, Data: 830 0 84 A1 27 14 52 36
ID: 43F, Data: 84C 45 60 FF 42 7C 14 0
ID: 316, Data: 85 1A 88 13 1A 1E 26 80
ID: 153, Data: 80 0 0 FF 0 FF 0 0
ID: 316, Data: 85 1A 91 13 1A 1E 26 80
ID: 153, Data: 80 0 0 FF 0 FF 0 0
ID: 2A0, Data: 8E0 2 52 1C 3C 0 17 0
ID: 316, Data: 85 1A 66 13 1A 1E 25 80
ID: 545, Data: 8E4 2B 0 8D B1 FF B1 FF
ID: 43F, Data: 844 45 60 FF 42 3C 13 0
ID: 329, Data: 885 A1 80 8 12 2F 0 26
ID: 316, Data: 85 1A A8 12 1B 1E 23 80
ID: 316, Data: 85 1A A8 12 1A 1E 23 80
ID: 43F, Data: 84B 45 60 FF 42 8C 12 0
ID: 43F, Data: 84B 45 60 FF 42 68 12 0
ID: 18F, Data: 8AA 2E 0 0 0 0 0 0
ID: 153, Data: 80 0 0 FF 0 FF 0 0
ID: 316, Data: 85 1B CB 11 1B 1E 22 80
ID: A1, Data: 87A 77 7D 77 1B 0 0 0
ID: 316, Data: 85 1C 7B 11 1C 1E 21 80
ID: 316, Data: 85 1C 3D 11 1C 1E 21 80
ID: 18F, Data: 8AA 2E 0 0 0 0 0 0
ID: 316, Data: 85 1C EF 10 1C 1E 20 80
ID: 153, Data: 80 0 0 FF 0 FF 0 0
ID: 316, Data: 85 1D A3 10 1D 1E 20 80
ID: 316, Data: 85 1D 79 10 1D 1E 20 80
ID: 2A0, Data: 880 2 52 1C 3C 0 17 0
ID: 43F, Data: 84B 45 60 FF 42 70 11 0
ID: 370, Data: 8FF E4 F0 F0 FE FF FF FF
ID: 18F, Data: 8AA 2E 0 0 0 0 0 0
ID: 316, Data: 85 1D 8A 10 1C 1E 1F 80
ID: 153, Data: 80 0 0 FF 0 FF 0 0
ID: 2A0, Data: 880 2 52 1C 3C 0 17 0
ID: 316, Data: 85 1D D2 10 1C 1E 1E 80
ID: 153, Data: 80 0 0 FF 0 FF 0 0
ID: 43F, Data: 84B 45 60 FF 42 18 13 0
ID: 153, Data: 80 0 0 FF 0 FF 0 0
ID: 316, Data: 85 1D FA 10 1C 1E 1E 80
ID: 153, Data: 80 0 0 FF 0 FF 0 0
ID: 280, Data: 830 0 84 A1 22 16 52 3C
ID: 316, Data: 85 1D 73 11 1B 1E 1D 80
ID: 43F, Data: 84B 45 60 FF 42 EC 14 0
ID: 370, Data: 8FF E4 F0 F0 FF FF FF FF
ID: A0, Data: 826 71 EB 11 1E 26 2 0
ID: 153, Data: 80 0 0 FF 0 FF 0 0
ID: 316, Data: 85 1C 2A 12 1A 1E 1D 80
ID: 153, Data: 80 0 0 FF 0 FF 0 0
ID: A1, Data: 87D 77 7D 77 1C 0 0 0
ID: 329, Data: 8B A1 80 8 12 2E 0 26
ID: 545, Data: 8E4 2A 0 8A D0 FF D0 FF
ID: 153, Data: 80 0 0 FF 0 FF 0 0
ID: 153, Data: 80 0 0 FF 0 FF 0 0
ID: 316, Data: 85 1B 21 12 1A 1E 1C 80
ID: 153, Data: 80 0 0 FF 0 FF 0 0
ID: 316, Data: 85 1B 1D 12 1A 1E 1C 80
ID: 316, Data: 85 1B 26 12 1A 1E 1C 80
ID: 280, Data: 830 0 84 A1 24 14 52 38
ID: 43F, Data: 843 45 60 FF 42 40 14 0
ID: 440, Data: 8FE C3 1C A0 FF AA AA AA
ID: 153, Data: 80 0 0 FF 0 FF 0 0
ID: 329, Data: 885 A1 80 8 12 2E 0 26
ID: 1F1, Data: 80 EA DE B0 D E1 10 E
ID: 1F0, Data: 84 40 5 C0 0 0 0 0
ID: 153, Data: 80 0 0 FF 0 FF 0 0
ID: 2A0, Data: 840 1 52 1C 3C 0 17 0
ID: 316, Data: 85 1A B2 11 1A 1E 1C 80
ID: 2A0, Data: 880 1 52 1C 3C 0 17 0
ID: 316, Data: 85 1B 64 11 1B 1E 1B 80
ID: 316, Data: 85 1B 58 11 1B 1E 1B 80
ID: A0, Data: 828 71 5C 11 1C 26 2 0
ID: 370, Data: 8FF E4 F0 F0 FF FF FF FF
ID: 316, Data: 85 1B B6 11 1A 1E 1B 80
ID: 5F0, Data: 20 0
ID: 316, Data: 85 1B B2 11 1A 1E 1B 80
ID: 43F, Data: 843 45 60 FF 42 6C 13 0
ID: A1, Data: 87A 76 7D 77 1B 0 0 0
ID: 153, Data: 80 0 0 FF 0 FF 0 0
ID: 316, Data: 85 1B A6 11 1A 1E 1B 80
ID: 153, Data: 80 0 0 FF 0 FF 0 0
ID: 153, Data: 80 0 0 FF 0 FF 0 0
ID: 316, Data: 85 1B BB 11 1A 1E 1B 80
ID: 43F, Data: 843 45 60 FF 42 28 13 0
ID: 2A0, Data: 840 1 52 1C 3C 0 17 0
ID: 153, Data: 80 0 0 FF 0 FF 0 0
ID: 153, Data: 80 0 0 FF 0 FF 0 0
ID: 316, Data: 85 1A E3 11 1A 1E 1A 80
ID: 370, Data: 8FF E4 F0 F0 FF FF FF FF
ID: 316, Data: 85 1A D7 11 1A 1E 1A 80
ID: 153, Data: 80 0 0 FF 0 FF 0 0
ID: 43F, Data: 843 45 60 FF 42 D8 12 0
ID: 316, Data: 85 1A F4 11 1A 1E 1A 80
ID: 545, Data: 8E4 28 0 8B C5 FF C5 FF
ID: 316, Data: 85 1A 19 12 1A 1E 1A 80
ID: 316, Data: 85 1A C 12 1A 1E 1A 80
ID: 43F, Data: 843 45 60 FF 42 A0 12 0
ID: 43F, Data: 843 45 60 FF 42 9C 12 0
ID: 18F, Data: 8AA 2D 0 0 0 0 0 0
ID: 153, Data: 80 0 0 FF 0 FF 0 0
ID: 316, Data: 85 1A 3F 12 19 1E 1A 80
ID: 43F, Data: 843 45 60 FF 42 60 12 0
ID: 316, Data: 85 1A 4C 12 19 1E 19 80
ID: A0, Data: 826 71 26 12 1A 26 2 0
ID: 153, Data: 80 0 0 FF 0 FF 0 0
ID: 5F0, Data: 20 0
ID: 153, Data: 80 0 0 FF 0 FF 0 0
ID: 1F1, Data: 80 C8 C6 60 C CC C0 C
ID: 5F0, Data: 20 0
ID: 316, Data: 85 1A FC 11 1A 1E 19 80
ID: 43F, Data: 843 45 60 FF 42 18 12 0
ID: 316, Data: 85 1A FC 11 1A 1E 19 80
ID: 153, Data: 80 0 0 FF 0 FF 0 0
ID: 316, Data: 85 1A F4 11 1A 1E 19 80
ID: 316, Data: 85 1A C7 11 1A 1E 19 80
ID: 2A0, Data: 880 0 52 1C 3C 0 17 0
ID: 43F, Data: 843 45 60 FF 42 D4 11 0
ID: 43F, Data: 843 45 60 FF 42 D0 11 0
ID: A0, Data: 827 72 68 11 19 26 2 0
ID: 316, Data: 85 1A 39 11 1B 1E 19 80
ID: 316, Data: 85 1A 10 11 1B 1E 18 80
ID: 43F, Data: 843 45 60 FF 42 B0 11 0
ID: 316, Data: 85 1B E7 10 1B 1E 18 80
ID: 153, Data: 80 0 0 FF 0 FF 0 0
ID: 5F0, Data: 20 0
ID: 153, Data: 80 0 0 FF 0 FF 0 0
ID: 43F, Data: 843 45 60 FF 42 78 11 0
ID: A1, Data: 87D 76 7A 76 1B 0 0 0
ID: 316, Data: 85 1B 79 10 1C 1E 18 80
ID: 316, Data: 85 1B 68 10 1C 1E 18 80
ID: 18F, Data: 8AA 2D 0 0 0 0 0 0
ID: 316, Data: 85 1B 79 10 1C 1E 18 80
ID: 43F, Data: 843 45 60 FF 42 48 11 0
ID: 316, Data: 85 1C 95 10 1B 1E 18 80
ID: 153, Data: 80 0 0 FF 0 FF 0 0
ID: 153, Data: 80 0 0 FF 0 FF 0 0
ID: 316, Data: 85 1C 87 10 1C 1E 18 80
ID: 153, Data: 80 0 0 FF 0 FF 0 0
ID: 316, Data: 85 22 B1 10 4B 1E 18 80
ID: 316, Data: 85 23 A0 10 51 1D 17 80
ID: 2A0, Data: 8A1 0 52 1C 3C 0 17 0
ID: 43F, Data: 843 45 60 FF 42 28 11 0
ID: 316, Data: 85 2C 93 11 52 1D 17 80
ID: 43F, Data: 843 45 60 FF 42 84 11 0
ID: 316, Data: 85 32 32 12 52 1C 17 80
ID: 2A0, Data: 81 2 52 1C 3C 0 17 0
ID: 43F, Data: 843 45 60 FF 42 18 11 0
ID: 43F, Data: 843 45 60 FF 42 4 11 0
ID: 370, Data: 8FF E4 F0 F0 FF FF FF FF
ID: 316, Data: 85 47 53 14 66 19 17 80
ID: 329, Data: 8ED A2 80 8 11 3F 29 26
ID: 43F, Data: 843 45 60 FF 42 38 11 0
ID: 316, Data: 85 5B 13 16 78 18 17 80
ID: 153, Data: 80 0 0 FF 0 FF 0 0
ID: 316, Data: 85 70 E5 17 79 16 17 80
ID: 316, Data: 85 74 18 19 7C 16 18 80
ID: 2A0, Data: 861 8 52 1C 3C 0 17 0
ID: 43F, Data: 843 45 60 FF 42 14 12 0
ID: 43F, Data: 843 45 60 FF 42 1C 12 0
ID: 2A0, Data: 861 A 52 1C 3C 0 17 0
ID: 316, Data: 85 79 11 1D 7C 16 18 80
ID: 316, Data: 85 79 32 1D 80 16 19 80
ID: 5F0, Data: 20 0
ID: 440, Data: 8F3 13 19 A0 FF AA AA AA
ID: 316, Data: 85 7C 3D 1D 82 16 19 80
ID: 153, Data: 80 0 0 FF 0 FF 0 0
ID: 43F, Data: 843 45 60 FF 42 A4 13 0
ID: 43F, Data: 843 45 60 FF 42 B4 13 0
ID: 329, Data: 8ED A2 80 8 11 4E 3F 26
ID: 316, Data: 85 82 69 1D 83 16 1B 80
ID: 316, Data: 85 83 7F 1D 83 16 1B 80
ID: 43F, Data: 843 45 60 FF 42 A4 14 0
ID: 440, Data: 8FC 13 1C A0 FF AA AA AA
ID: 153, Data: 80 0 0 FF 0 FF 0 0
ID: 153, Data: 80 0 0 FF 0 FF 0 0
ID: 316, Data: 85 83 96 1B 84 16 1D 80
ID: 153, Data: 80 0 0 FF 0 FF 0 0
ID: 316, Data: 85 85 1 1A 85 16 1E 80
ID: 316, Data: 85 85 38 19 86 16 1E 80
ID: 153, Data: 80 0 0 FF 0 FF 0 0
ID: 316, Data: 85 89 27 18 85 15 1F 80
ID: A1, Data: 881 7C 81 7E 51 0 0 0
ID: 316, Data: 85 89 99 18 86 15 1F 80
ID: 316, Data: 85 86 D0 18 7F 16 20 80
ID: A0, Data: 88E 72 28 19 20 40 2 0
ID: 440, Data: 8FE 63 1F A0 FF AA AA AA
ID: 440, Data: 8FE 63 20 A0 FF AA AA AA
ID: 316, Data: 85 7D 48 19 76 16 21 80
ID: 2A0, Data: 861 19 52 1C 3C 0 17 0
ID: 153, Data: 80 0 0 FF 0 FF 0 0
ID: 316, Data: 85 79 38 19 6E 17 21 80
ID: 153, Data: 80 0 0 FF 0 FF 0 0
ID: 280, Data: 830 0 88 A2 32 46 52 95
ID: 440, Data: 8FE B3 21 A0 FF AA AA AA
ID: 153, Data: 80 0 0 FF 0 FF 0 0
ID: 316, Data: 85 65 A4 19 5B 18 22 80
ID: 316, Data: 85 63 9B 19 5B 18 23 80
ID: A0, Data: 869 72 9B 19 23 38 2 0
ID: 43F, Data: 843 45 60 FF 42 24 19 0
ID: 43F, Data: 843 45 60 FF 42 44 19 0
ID: A1, Data: 880 7C 7F 7E 40 0 0 0
ID: 316, Data: 85 58 F9 19 5B 18 24 80
ID: 153, Data: 80 0 0 FF 0 FF 0 0
ID: 43F, Data: 843 45 60 FF 42 C0 19 0
ID: 260, Data: 8B 57 5B 30 FF FF B7 35
ID: 43F, Data: 843 45 60 FF 42 F4 19 0
ID: 329, Data: 885 A2 80 8 11 41 24 26
ID: 153, Data: 80 0 0 FF 0 FF 0 0
ID: 316, Data: 85 56 23 1B 59 18 25 80
ID: 316, Data: 85 56 48 1B 54 18 25 80
ID: 18F, Data: 8AA 2D 0 0 0 0 0 0
ID: 43F, Data: 843 45 60 FF 42 84 1A 0
ID: 5F0, Data: 20 0
ID: 316, Data: 85 54 A9 1B 50 18 25 80
ID: 153, Data: 80 0 0 FF 0 FF 0 0
ID: 316, Data: 85 52 9F 1B 50 18 25 80
ID: 440, Data: 8FE C3 25 A0 FF AA AA AA
ID: 153, Data: 80 0 0 FF 0 FF 0 0
ID: 260, Data: 8B 51 51 30 FF FF BF 3D
ID: 316, Data: 85 4F BD 1B 50 18 26 80
ID: A1, Data: 882 7C 81 7E 3C 0 0 0
ID: 43F, Data: 84C 45 60 FF 42 6C 1B 0
ID: 153, Data: 80 0 0 FF 0 FF 0 0
ID: 1F0, Data: 82B 40 5 C0 0 0 0 0
ID: 18F, Data: 8AA 2D 0 0 0 0 0 0
ID: 545, Data: 8E4 A4 0 8B 92 3 92 3
ID: 316, Data: 85 4C F8 1B 50 19 27 80
ID: 153, Data: 80 0 0 FF 0 FF 0 0
ID: 43F, Data: 84C 45 60 FF 42 D8 1B 0
ID: 153, Data: 80 0 0 FF 0 FF 0 0
ID: 43F, Data: 84C 45 60 FF 42 E8 1B 0
ID: 153, Data: 80 0 0 FF 0 FF 0 0
ID: 153, Data: 80 0 0 FF 0 FF 0 0
ID: 316, Data: 85 4F B1 1C 63 19 27 80
ID: 153, Data: 80 0 0 FF 0 FF 0 0
ID: 545, Data: 8E4 C7 0 8D B4 4 B4 4
ID: 316, Data: 85 60 F1 1C 6F 18 28 80
ID: 280, Data: 830 0 88 A2 39 40 52 94
ID: 43F, Data: 84C 45 60 59 42 E4 1A 0
ID: 316, Data: 85 5B D8 1A 75 16 28 80
ID: 316, Data: 85 5F 13 1A 7A 16 28 80
ID: 316, Data: 85 64 A4 19 80 16 28 80
ID: 43F, Data: 84C 45 60 76 42 B0 16 0
ID: 370, Data: 8FF E4 F0 F0 FF FF FF FF
ID: 153, Data: 80 0 0 FF 0 FF 0 0
ID: 316, Data: 85 81 C6 1A 87 16 29 80
ID: 316, Data: 85 82 52 1B 88 16 29 80
ID: 2A0, Data: 8C1 21 52 1C 3C 0 17 0
ID: 5A1, Data: 880 3 90 23 30 30 30 0
ID: 316, Data: 85 89 CE 19 91 16 29 80
ID: 18F, Data: 8AA 2D 0 0 0 0 0 0
ID: 316, Data: 85 8F 5C 18 93 15 2A 80
ID: 153, Data: 80 0 0 FF 0 FF 0 0
ID: 316, Data: 85 92 A9 18 9A 15 2A 80
ID: 316, Data: 85 95 0 19 9C 15 2A 80
ID: 545, Data: 8E4 40 1 8D F0 8 F0 8
ID: 43F, Data: 844 45 60 FF 41 30 17 0
ID: 153, Data: 80 0 0 FF 0 FF 0 0
ID: 1F0, Data: 81E 40 5 C0 0 0 0 0
ID: 316, Data: 85 9E C5 19 A1 14 2B 80
ID: 153, Data: 80 0 0 FF 0 FF 0 0
ID: 153, Data: 80 0 0 FF 0 FF 0 0
ID: 329, Data: 8B A2 80 8 11 58 62 26
ID: 316, Data: 85 A0 E8 19 A3 14 2C 80
ID: A1, Data: 87F 7C 7E 7E 5B 0 0 0
ID: 153, Data: 80 0 0 FF 0 FF 0 0
ID: 316, Data: 85 A0 24 1A A5 14 2D 80
ID: 153, Data: 80 0 0 FF 0 FF 0 0
ID: 329, Data: 8ED A2 80 8 11 5A 68 26
ID: 316, Data: 85 A2 7D 1A A8 14 2D 80
ID: A1, Data: 87E 7C 7C 7E 5D 0 0 0
ID: 43F, Data: 844 45 60 FF 41 2C 19 0
ID: 153, Data: 80 0 0 FF 0 FF 0 0
ID: 260, Data: 8B A5 AB 30 FF FF 77 13
ID: 329, Data: 885 A2 80 8 11 5F 68 26
ID: 153, Data: 80 0 0 FF 0 FF 0 0
ID: 316, Data: 85 A4 9F 1B AB 14 2F 80
ID: 153, Data: 80 0 0 FF 0 FF 0 0
ID: 18F, Data: 8AA 2D 0 0 0 0 0 0
ID: 316, Data: 85 A6 8C 1B AB 13 30 80
ID: 43F, Data: 844 45 60 FF 42 4C 1A 0
ID: A1, Data: 87E 7C 7B 7E 5E 0 0 0
ID: 153, Data: 80 0 0 FF 0 FF 0 0
ID: 316, Data: 85 AA 3F 1C AE 13 31 80
ID: 153, Data: 80 0 0 FF 0 FF 0 0
ID: 316, Data: 85 AD B1 1C AF 13 31 80
ID: 316, Data: 85 AD BC 1C AF 13 31 80
ID: 18F, Data: 8AA 2D 0 0 0 0 0 0
ID: 316, Data: 85 AE 1C 1D B0 13 32 80
ID: 153, Data: 80 0 0 FF 0 FF 0 0
ID: 153, Data: 80 0 0 FF 0 FF 0 0
ID: 316, Data: 85 AD F1 1C B0 13 33 80
ID: 153, Data: 80 0 0 FF 0 FF 0 0
ID: 316, Data: 85 AD 27 1D B1 13 33 80
ID: 316, Data: 85 AD 53 1D B1 13 33 80
ID: A1, Data: 880 7C 7C 7E 61 0 0 0
ID: 316, Data: 85 AE E5 1D B3 14 34 80
ID: 153, Data: 80 0 0 FF 0 FF 0 0
ID: A1, Data: 880 7C 7D 7E 62 0 0 0
ID: 329, Data: 840 A2 80 8 11 74 6D 26
ID: 280, Data: 830 0 88 A2 3C 6F 52 CF
ID: 43F, Data: 844 45 60 FF 41 20 1D 0
ID: 316, Data: 85 AF A0 1E B5 14 35 80
ID: 316, Data: 85 B0 E9 1E B5 14 36 80
ID: 316, Data: 85 B0 1 1F B6 13 36 80
ID: 43F, Data: 844 45 60 FF 41 D8 1D 0
ID: 316, Data: 85 B2 65 1F B6 13 36 80
ID: 260, Data: 8B B4 B8 30 FF FF 7E 2D
ID: 153, Data: 80 0 0 FF 0 FF 0 0
ID: 545, Data: 8E4 D2 1 8E 7 B 7 B
ID: 316, Data: 85 B3 BE 1F B7 13 37 80
ID: 316, Data: 85 B4 BE 1F B7 13 38 80
ID: A1, Data: 882 7C 7E 7E 64 0 0 0
ID: 153, Data: 80 0 0 FF 0 FF 0 0
ID: 370, Data: 8FF E3 F0 F0 FF FF FF FF
ID: 153, Data: 80 0 0 FF 0 FF 0 0
ID: 545, Data: 8E4 EF 1 8E 12 B 12 B
ID: 316, Data: 85 B3 C9 20 B9 14 39 80
ID: 2A0, Data: 861 4B 52 1C 3C 0 17 0
ID: 316, Data: 85 B3 38 21 BA 14 3A 80
ID: 316, Data: 85 B3 63 21 B9 14 3A 80
ID: A1, Data: 885 7C 81 7E 65 0 0 0
ID: 43F, Data: 844 45 60 FF 42 64 20 0
ID: 153, Data: 80 0 0 FF 0 FF 0 0
ID: 440, Data: 8FE 44 3B A0 FF AA AA AA
ID: 260, Data: 8B B5 B2 30 FF FF 7F 3
ID: 316, Data: 85 B4 5D 22 B0 14 3C 80
ID: 280, Data: 830 0 88 A3 45 70 52 D3
ID: 153, Data: 80 0 0 FF 0 FF 0 0
ID: 316, Data: 85 B0 7B 22 A9 14 3D 80
ID: 316, Data: 85 B0 8A 22 A7 14 3D 80
ID: A0, Data: 8D2 72 7B 22 3D 74 2 0
ID: 316, Data: 85 AB E7 22 A5 15 3E 80
ID: 316, Data: 85 AB 36 23 A4 15 3E 80
ID: 43F, Data: 844 45 60 FF 42 C 22 0
ID: 316, Data: 85 A4 45 23 A3 15 3E 80
ID: 329, Data: 8ED A3 80 8 11 60 50 26
ID: 316, Data: 85 A0 45 23 A3 15 3F 80
ID: 329, Data: 8B A3 80 8 11 5E 50 26
ID: 43F, Data: 844 45 60 FF 43 D8 22 0
ID: 43F, Data: 844 45 60 FF 43 F4 22 0
ID: 370, Data: 8FF E1 F0 F0 FF FF FF FF
ID: 316, Data: 85 9E 19 24 A3 15 40 80
ID: 153, Data: 80 0 0 FF 0 FF 0 0
ID: 370, Data: 8FF E1 F0 F0 FF FF FF FF
ID: 43F, Data: 844 45 60 FF 44 A4 23 0
ID: 545, Data: 8E4 C4 1 8E 1B 9 1B 9
ID: 153, Data: 80 0 0 FF 0 FF 0 0
ID: 316, Data: 85 97 90 24 96 16 42 80
ID: 153, Data: 80 0 0 FF 0 FF 0 0
ID: 280, Data: 830 0 88 A3 49 5A 52 AE
ID: 316, Data: 85 94 D5 24 96 20 42 80
ID: A1, Data: 888 7D 86 7F 52 0 0 0
ID: 316, Data: 85 94 86 25 8E 20 43 80
ID: 1F1, Data: 80 82 14 22 21 25 62 22
ID: 18F, Data: 8AA 2D 0 0 0 0 0 0
ID: 316, Data: 85 8C BC 25 86 20 43 80
ID: 43F, Data: 84D 45 60 FF 44 E8 24 0
ID: 316, Data: 85 88 BC 25 83 20 44 80
ID: 153, Data: 80 0 0 FF 0 FF 0 0
ID: 316, Data: 845 85 CE 25 83 20 44 80
ID: 316, Data: 845 85 E0 25 83 20 44 80
ID: 43F, Data: 84D 45 60 FF 44 68 25 0
ID: 316, Data: 845 82 86 25 83 20 45 80
ID: 153, Data: 80 0 0 FF 0 FF 0 0
ID: 1F0, Data: 84 40 5 C0 0 0 0 0
ID: 316, Data: 845 80 F3 25 83 21 45 80
ID: 153, Data: 80 0 0 FF 0 FF 0 0
ID: 2A0, Data: 8A1 4A 52 1C 3C 0 17 0
ID: 316, Data: 845 7B 9C 26 82 21 46 80
ID: A0, Data: 890 73 5 26 46 46 2 0
ID: 43F, Data: 84D 45 60 64 44 60 25 0
ID: 43F, Data: 84D 45 60 64 44 C 24 0
ID: 440, Data: 8EE 34 46 A0 FF AA AA AA
ID: 316, Data: 845 66 D7 22 85 20 46 80
ID: 18F, Data: 8AA 2F 0 0 0 0 0 0
ID: 316, Data: 845 6C F2 20 87 1F 46 80
ID: 43F, Data: 84D 45 60 71 44 18 1F 0
ID: 2A0, Data: 8C1 48 52 1C 3C 0 17 0
ID: 316, Data: 845 71 A5 1F 88 1F 47 80
ID: 329, Data: 8B A3 80 8 11 4F 38 26
ID: 43F, Data: 84D 45 60 89 44 7C 1D 0
ID: 316, Data: 845 89 F5 1E 89 1F 47 80
ID: 5F0, Data: 20 0
ID: 316, Data: 845 87 4C 1F 89 1F 47 80
ID: 440, Data: 8ED 44 47 A0 FF AA AA AA
ID: 316, Data: 845 86 F5 1E 89 1F 48 80
ID: 545, Data: 8E4 3E 1 8E 22 7 22 7
ID: 153, Data: 80 0 0 FF 0 FF 0 0
ID: 316, Data: 845 86 DD 1E 89 1F 48 80
ID: 43F, Data: 845 45 60 FF 44 CC 1D 0
ID: A1, Data: 87F 7D 81 7F 4D 0 0 0
ID: 316, Data: 845 86 1 1F 89 1F 48 80
ID: 153, Data: 80 0 0 FF 0 FF 0 0
ID: A1, Data: 87F 7D 80 7F 4E 0 0 0
ID: 329, Data: 8ED A3 80 8 11 4F 38 26
ID: 153, Data: 80 0 0 FF 0 FF 0 0
ID: 43F, Data: 84E 45 60 FF 44 1C 1E 0
ID: 5F0, Data: 20 0
ID: 316, Data: 845 7F 72 1F 6B 1F 49 80
ID: 153, Data: 80 0 0 FF 0 FF 0 0
ID: 316, Data: 845 78 1A 1F 6C 1F 49 80
ID: 2A0, Data: 8A1 43 52 1C 3C 0 17 0
ID: 316, Data: 845 6F B8 1E 6D 20 4A 80
ID: 329, Data: 8B A4 80 8 11 48 28 26
ID: 153, Data: 80 0 0 FF 0 FF 0 0
ID: 316, Data: 845 68 B8 1E 6D 20 4A 80
ID: 43F, Data: 84E 45 60 FF 44 7C 1E 0
ID: A1, Data: 87D 7D 7E 7F 45 0 0 0
ID: 316, Data: 845 69 DD 1E 6D 20 4A 80
ID: 316, Data: 845 6A E9 1E 6C 20 4A 80
ID: 43F, Data: 84E 45 60 FF 45 9C 1E 0
ID: 329, Data: 8ED A4 80 8 11 49 28 26
ID: 153, Data: 80 0 0 FF 0 FF 0 0
ID: 316, Data: 845 61 65 1F 6C 20 4B 80
ID: 316, Data: 845 5A 40 1F 6C 20 4B 80
ID: A1, Data: 87F 7D 7F 7F 46 0 0 0
ID: 316, Data: 845 59 D9 1D 6E 20 4B 80
ID: 316, Data: 845 5B 48 1D 6E 20 4B 80
ID: 153, Data: 80 0 0 FF 0 FF 0 0
ID: 18F, Data: 8AA 35 0 0 0 0 0 0
ID: 1F1, Data: 80 3C 4C 12 25 5E 42 26
ID: 316, Data: 845 71 CE 19 73 1F 4B 80
ID: A0, Data: 887 74 B4 19 4C 3D 2 0
ID: 153, Data: 80 0 0 FF 0 FF 0 0
ID: 316, Data: 845 75 F9 19 73 1F 4B 80
ID: 153, Data: 80 0 0 FF 0 FF 0 0
ID: 316, Data: 845 74 DF 19 73 1F 4C 80
ID: 18F, Data: 8AA 35 0 0 0 0 0 0
ID: 153, Data: 80 0 0 FF 0 FF 0 0
ID: 316, Data: 845 71 69 19 74 1F 4C 80
ID: 43F, Data: 846 45 60 FF 45 E0 18 0
ID: 316, Data: 845 71 69 19 75 1F 4C 80
ID: 153, Data: 80 0 0 FF 0 FF 0 0
ID: 153, Data: 80 0 0 FF 0 FF 0 0
ID: 316, Data: 845 71 CE 19 78 1F 4C 80
ID: 153, Data: 80 0 0 FF 0 FF 0 0
ID: 545, Data: 8E4 EC 0 8E CB 5 CB 5
ID: 316, Data: 845 74 F9 19 78 1F 4C 80
ID: 2A0, Data: 81 39 52 1C 3C 0 17 0
ID: 43F, Data: 846 45 60 FF 44 18 19 0
ID: 43F, Data: 846 45 60 FF 44 18 19 0
ID: 5F0, Data: 20 0
ID: 316, Data: 845 77 DF 19 79 1F 4D 80
ID: 316, Data: 845 78 DF 19 79 1E 4D 80
ID: 153, Data: 80 0 0 FF 0 FF 0 0
ID: 1F0, Data: 8B 40 5 C0 0 0 0 0
ID: 316, Data: 845 79 D6 19 7A 1E 4D 80
ID: 370, Data: 8FF E0 F0 F0 FF FF FF FF
ID: 260, Data: 8B 7A 7B 30 FF FF 95 32
ID: 316, Data: 845 79 D6 19 7A 1E 4D 80
ID: 18F, Data: 8AA 37 0 0 0 0 0 0
ID: 316, Data: 845 79 E8 19 7A 1E 4E 80
ID: 153, Data: 80 0 0 FF 0 FF 0 0
ID: 2A0, Data: 8C1 36 52 1C 3C 0 17 0
ID: 316, Data: 845 79 F0 19 7A 1F 4E 80
ID: 153, Data: 80 0 0 FF 0 FF 0 0
ID: 316, Data: 845 78 E8 19 7A 1F 4E 80
ID: 153, Data: 80 0 0 FF 0 FF 0 0
ID: A0, Data: 888 74 F0 19 4F 3E 2 0
ID: 316, Data: 845 79 F9 19 7A 1E 4E 80
ID: A1, Data: 87D 7C 7D 7E 4B 0 0 0
ID: 440, Data: 8FE 66 4E A0 FF AA AA AA
ID: 43F, Data: 846 45 60 FF 44 C4 19 0
ID: 153, Data: 80 0 0 FF 0 FF 0 0
ID: 316, Data: 845 77 2D 1A 77 1E 4F 80
ID: 153, Data: 80 0 0 FF 0 FF 0 0
ID: A1, Data: 87E 7C 7E 7E 49 0 0 0
ID: 2A0, Data: 861 34 52 1C 3C 0 17 0
ID: 260, Data: 8B 76 77 30 FF FF 99 9
ID: 316, Data: 845 75 2D 1A 52 1F 4F 80
ID: 316, Data: 845 6E 36 1A 20 1F 4F 80
ID: 153, Data: 80 0 0 FF 0 FF 0 0
ID: 316, Data: 845 59 1 1A 1B 20 4F 80
ID: 153, Data: 80 0 0 FF 0 FF 0 0
ID: A1, Data: 87D 7A 7D 7C 35 0 0 0
ID: 280, Data: 830 0 88 A5 33 28 52 62
ID: 153, Data: 80 0 0 FF 0 FF 0 0
ID: 316, Data: 845 35 13 1A 1F 24 50 80
ID: A0, Data: 82D 74 A 1A 50 2A 2 0
ID: 316, Data: 845 2D A 1A 1F 25 50 80
ID: 316, Data: 845 2B 13 1A 20 25 50 80
ID: 43F, Data: 886 45 60 FF 44 FC 19 0
ID: 280, Data: 830 0 84 A5 34 18 52 40
ID: 153, Data: 80 0 0 FF 0 FF 0 0
ID: 316, Data: 845 25 E8 19 26 26 50 80
ID: 316, Data: 845 24 DF 19 2C 26 50 80
ID: 43F, Data: 886 45 60 FF 44 EC 19 0
ID: 316, Data: 845 26 1 1A 3A 26 50 80
ID: 153, Data: 80 0 0 FF 0 FF 0 0
ID: 153, Data: 80 0 0 FF 0 FF 0 0
ID: 5F0, Data: 20 0
ID: 153, Data: 80 0 0 FF 0 FF 0 0
ID: 153, Data: 80 0 0 FF 0 FF 0 0
ID: 260, Data: 8B 37 47 30 FF FF CC 18
ID: 316, Data: 845 3A 1C 1A 46 23 50 80
ID: 153, Data: 80 0 0 FF 0 FF 0 0
ID: 316, Data: 845 3D BC 1A 45 22 50 80
ID: 316, Data: 845 3E F4 1A 45 22 50 80
ID: 43F, Data: 886 45 60 FF 44 8 1A 0
ID: 316, Data: 845 40 19 1B 44 22 50 80
ID: A1, Data: 878 78 7A 7A 32 0 0 0
ID: 316, Data: 845 41 C6 1A 44 22 50 80
ID: 316, Data: 845 42 B3 1A 44 21 50 80
ID: 43F, Data: 886 45 60 FF 44 14 1A 0
ID: 153, Data: 80 0 0 FF 0 FF 0 0
ID: 5F0, Data: 20 0
ID: 153, Data: 80 0 0 FF 0 FF 0 0
ID: 153, Data: 80 0 0 FF 0 FF 0 0
ID: 545, Data: 8E4 89 0 8E 6D 2 6D 2
ID: 440, Data: 8FE B6 4F A0 FF AA AA AA
ID: 280, Data: 830 0 88 A6 34 2A 52 72
ID: 316, Data: 845 44 59 1A 3B 17 50 80
ID: 260, Data: 8B 45 3D 30 FF FF CB 33
ID: 153, Data: 80 0 0 FF 0 FF 0 0
ID: A0, Data: 848 75 2D 1A 51 31 2 0
ID: 316, Data: 845 42 13 1A 3D 17 50 80
ID: 153, Data: 80 0 0 FF 0 FF 0 0
ID: 316, Data: 845 40 1C 1A 3D 18 50 80
ID: 153, Data: 80 0 0 FF 0 FF 0 0
ID: 260, Data: 8B 3F 3E 30 FF FF CC B
ID: 316, Data: 85 3E 1C 1A 3E 18 50 80
ID: A1, Data: 87D 78 7E 7A 33 0 0 0
ID: 43F, Data: 886 45 60 FF 44 2C 1A 0
ID: 153, Data: 80 0 0 FF 0 FF 0 0
ID: A1, Data: 87D 78 7E 7A 32 0 0 0
ID: 280, Data: 830 0 88 A6 34 25 52 69
ID: 545, Data: 8E4 78 0 8E 88 2 88 2
ID: 43F, Data: 886 45 60 FF 44 30 1A 0
ID: 440, Data: 8FE 16 50 A0 FF AA AA AA
ID: 2A0, Data: 81 1F 52 1C 3C 0 17 0
ID: 316, Data: 85 3D 59 1A 3F 18 50 80
ID: 316, Data: 85 3D 50 1A 3F 18 50 80
ID: 43F, Data: 886 45 60 FF 44 38 1A 0
ID: 316, Data: 85 3D 62 1A 3F 18 50 80
ID: 43F, Data: 886 45 60 FF 44 40 1A 0
ID: 316, Data: 85 3D 74 1A 3F 18 50 80
ID: A1, Data: 87E 78 80 7A 32 0 0 0
ID: 316, Data: 85 3E 6B 1A 3F 18 50 80
ID: 316, Data: 85 3E 6B 1A 3F 18 50 80
ID: A0, Data: 847 75 6B 1A 51 31 2 0
ID: 43F, Data: 886 45 60 FF 44 4C 1A 0
ID: 316, Data: 85 3E 98 1A 3F 18 50 80
ID: 440, Data: 8FE C6 50 A0 FF AA AA AA
ID: 316, Data: 85 3E 8F 1A 3F 18 51 80
ID: 43F, Data: 886 45 60 FF 44 58 1A 0
ID: 370, Data: 8FF DA F0 F0 FF FF FF FF
ID: 153, Data: 80 0 0 FF 0 FF 0 0
ID: 153, Data: 80 0 0 FF 0 FF 0 0
ID: 316, Data: 85 3F 86 1A 3F 18 51 80
ID: 153, Data: 80 0 0 FF 0 FF 0 0
ID: 316, Data: 85 3F 8F 1A 3F 18 51 80
ID: 316, Data: 85 3F A1 1A 3F 18 51 80
ID: 2A0, Data: 861 1B 52 1C 3C 0 17 0
ID: 316, Data: 85 3F A1 1A 3F 18 51 80
ID: 316, Data: 85 3F A1 1A 3F 18 51 80
ID: 316, Data: 85 3F A1 1A 3F 18 51 80
ID: 316, Data: 85 3F B3 1A 3F 18 51 80
ID: 153, Data: 80 0 0 FF 0 FF 0 0
ID: 43F, Data: 886 45 60 FF 44 70 1A 0
ID: 153, Data: 80 0 0 FF 0 FF 0 0
ID: 1F1, Data: 80 92 7E D2 27 8C 2 29
ID: 316, Data: 85 3F 98 1A 3F 18 51 80
ID: A0, Data: 848 76 98 1A 51 31 2 0
ID: 316, Data: 85 3F A1 1A 3F 18 51 80
ID: 316, Data: 85 3F 98 1A 3D 18 51 80
ID: 153, Data: 80 0 0 FF 0 FF 0 0
ID: 5F0, Data: 20 0
ID: 153, Data: 80 0 0 FF 0 FF 0 0
ID: 43F, Data: 886 45 60 FF 44 6C 1A 0
ID: 5F0, Data: 20 0
ID: 316, Data: 85 35 86 1A 15 19 51 80
ID: 43F, Data: 886 45 60 FF 44 68 1A 0
ID: 2A0, Data: 880 17 52 1C 3C 0 17 0
ID: 153, Data: 80 0 0 FF 0 FF 0 0
ID: 153, Data: 80 0 0 FF 0 FF 0 0
ID: 316, Data: 85 23 7D 1A 17 1B 51 80
ID: 153, Data: 80 0 0 FF 0 FF 0 0
ID: 316, Data: 85 1F 59 1A 17 1C 51 80
ID: 1F0, Data: 88 40 5 C0 0 0 0 0
ID: 2A0, Data: 880 15 52 1C 3C 0 17 0
ID: 316, Data: 85 1A 59 1A 17 1C 51 80
ID: 153, Data: 80 0 0 FF 0 FF 0 0
ID: 316, Data: 85 17 3F 1A 18 1C 51 80
ID: 153, Data: 80 0 0 FF 0 FF 0 0
ID: 329, Data: 840 A7 80 8 11 30 0 26
ID: 316, Data: 85 16 47 1A 18 1C 51 80
ID: 260, Data: 8B 16 18 30 FF FF 6E 2
ID: 43F, Data: 886 45 60 FF 43 2C 1A 0
ID: 316, Data: 85 17 36 1A 18 1C 50 80
ID: 153, Data: 80 0 0 FF 0 FF 0 0
ID: 316, Data: 85 18 2D 1A 17 1C 50 80
ID: 153, Data: 80 0 0 FF 0 FF 0 0
ID: 545, Data: 8E4 3C 0 8E D0 FF D0 FF
ID: 316, Data: 85 19 24 1A 17 1C 50 80
ID: 5F0, Data: 20 0
ID: 316, Data: 85 19 13 1A 17 1C 50 80
ID: 370, Data: 8FF DD F0 F0 FF FF FF FF
ID: 18F, Data: 8AA 31 0 0 0 0 0 0
ID: 5F0, Data: 20 0
ID: 316, Data: 85 21 24 1A 1F 1B 50 80
ID: 153, Data: 80 0 0 FF 0 FF 0 0
ID: 316, Data: 85 21 47 1A 23 1B 50 80
ID: 1F1, Data: 80 19 70 22 27 80 22 28
ID: 2A0, Data: 8A1 10 52 1C 3C 0 17 0
ID: 316, Data: 85 22 E8 19 2D 1B 50 80
ID: 316, Data: 85 24 1 1A 33 1B 50 80
ID: 43F, Data: 886 45 60 FF 44 C 1A 0
ID: 316, Data: 85 29 47 1A 3C 1B 50 80
ID: 329, Data: 8B A7 80 8 11 39 D 26
ID: 316, Data: 85 30 EA 1A 3B 1A 4F 80
ID: 1F1, Data: 80 81 76 22 27 81 22 28
ID: 2A0, Data: 81 10 52 1C 3C 0 17 0
ID: 43F, Data: 886 45 60 FF 43 FC 19 0
ID: 1F1, Data: 80 B4 73 12 27 7E 22 28
ID: 1F1, Data: 80 C5 77 82 27 84 2 28
ID: 316, Data: 85 35 C7 1B 38 19 4F 80
ID: 280, Data: 830 0 88 A7 37 21 52 5D
ID: 43F, Data: 886 45 60 FF 43 F8 19 0
ID: 329, Data: 840 A7 80 8 11 39 D 26
ID: 153, Data: 80 0 0 FF 0 FF 0 0
ID: 5F0, Data: 20 0
ID: 153, Data: 80 0 0 FF 0 FF 0 0
ID: 1F0, Data: 86 40 5 C0 0 0 0 0
ID: A1, Data: 87E 78 7E 7A 2E 0 0 0
ID: 2A0, Data: 8C1 F 52 1C 3C 0 17 0
ID: 18F, Data: 8AA 30 0 0 0 0 0 0
ID: 370, Data: 8FF DD F0 F0 FF FF FF FF
ID: 260, Data: 8B 3A 38 30 FF FF D1 1F
ID: 153, Data: 80 0 0 FF 0 FF 0 0
ID: A0, Data: 842 76 96 1B 50 30 2 0
ID: 316, Data: 85 3B 2C 1B 38 18 4F 80
ID: 18F, Data: 8AA 30 0 0 0 0 0 0
ID: 1F1, Data: 80 D6 72 C2 26 80 22 28
ID: 153, Data: 80 0 0 FF 0 FF 0 0
ID: 316, Data: 85 3A 7D 1A 38 18 4F 80
ID: 153, Data: 80 0 0 FF 0 FF 0 0
ID: 260, Data: 8B 3A 32 30 FF FF CE A
ID: 316, Data: 85 3A 47 1A 32 18 4F 80
ID: A0, Data: 841 76 3F 1A 50 30 2 0
ID: 316, Data: 85 3A 50 1A 31 18 4F 80
ID: 316, Data: 85 38 50 1A 31 18 4F 80
ID: 43F, Data: 886 45 60 FF 43 EC 19 0
ID: 316, Data: 85 36 3F 1A 31 18 4F 80
ID: 153, Data: 80 0 0 FF 0 FF 0 0
ID: 316, Data: 85 35 2D 1A 31 18 4F 80
ID: 153, Data: 80 0 0 FF 0 FF 0 0
ID: 316, Data: 85 34 24 1A 31 18 4F 80
ID: 316, Data: 85 33 1C 1A 31 18 4F 80
ID: A1, Data: 880 78 80 7A 2B 0 0 0
ID: 370, Data: 8FF DD F0 F0 FF FF FF FF
ID: 43F, Data: 886 45 60 FF 44 E4 19 0
ID: 153, Data: 80 0 0 FF 0 FF 0 0
ID: 316, Data: 85 30 2D 1A 23 19 4F 80
ID: 153, Data: 80 0 0 FF 0 FF 0 0
ID: 280, Data: 830 0 88 A8 34 1D 52 54
ID: 316, Data: 85 2E 3F 1A 23 19 4F 80
ID: 43F, Data: 886 45 60 FF 43 D4 19 0
ID: 43F, Data: 886 45 60 FF 43 D8 19 0
ID: 260, Data: 8B 2B 23 30 FF FF CC C
ID: 316, Data: 85 2A 36 1A 23 1A 4F 80
ID: 329, Data: 840 A8 80 8 11 33 4 26
ID: 43F, Data: 886 45 60 FF 43 D4 19 0
ID: 370, Data: 8FF DD F0 F0 FF FF FF FF
ID: A1, Data: 87D 78 7D 7B 20 0 0 0
ID: 153, Data: 80 0 0 FF 0 FF 0 0
ID: 316, Data: 85 26 E8 19 26 1A 4F 80
ID: 153, Data: 80 0 0 FF 0 FF 0 0
ID: 260, Data: 8B 26 29 30 FF FF C6 1
ID: 316, Data: 85 25 D6 19 2F 1B 4F 80
ID: A1, Data: 87D 78 7D 7B 1E 0 0 0
ID: 316, Data: 85 27 CE 19 3A 1A 4F 80
ID: 316, Data: 85 28 DF 19 3F 1A 4F 80
ID: A0, Data: 834 77 DF 19 4F 2E 2 0
ID: 316, Data: 85 2F 47 1A 41 1A 4F 80
ID: 153, Data: 80 0 0 FF 0 FF 0 0
ID: 43F, Data: 886 45 60 FF 43 BC 19 0
ID: 260, Data: 8B 33 40 30 FF FF CE 3F
ID: 316, Data: 85 34 35 1B 3F 18 4F 80
ID: 280, Data: 830 0 88 A8 36 20 52 5D
ID: 153, Data: 80 0 0 FF 0 FF 0 0
ID: 316, Data: 85 37 FD 1A 3F 18 4E 80
ID: 440, Data: 8FE 66 4E A0 FF AA AA AA
ID: 260, Data: 8B 39 3F 30 FF FF D0 38
ID: 316, Data: 85 39 BC 1A 3F 17 4E 80
ID: 43F, Data: 886 45 60 FF 43 B8 19 0
ID: 316, Data: 85 3C 8F 1A 3F 17 4E 80
ID: 18F, Data: 8AA 2F 0 0 0 0 0 0
ID: 153, Data: 80 0 0 FF 0 FF 0 0
ID: 316, Data: 85 3E 62 1A 3F 17 4F 80
ID: 260, Data: 8B 3E 40 30 FF FF CD 8
ID: 5F0, Data: 20 0
ID: 329, Data: 8B A8 80 8 11 3A 10 26
ID: 43F, Data: 886 45 60 FF 43 BC 19 0
ID: 18F, Data: 8AA 2F 0 0 0 0 0 0
ID: 153, Data: 80 0 0 FF 0 FF 0 0
ID: 316, Data: 85 3F A 1A 3F 17 4F 80
ID: 43F, Data: 886 45 60 FF 43 C0 19 0
ID: 316, Data: 85 3F F9 19 3F 17 4F 80
ID: 545, Data: 8E4 82 0 8E C4 2 C4 2
ID: 5F0, Data: 20 0
ID: 316, Data: 85 3F F9 19 3F 17 4F 80
ID: 43F, Data: 886 45 60 FF 43 C8 19 0
ID: 2A0, Data: 81 D 52 1C 3C 0 17 0
ID: 153, Data: 80 0 0 FF 0 FF 0 0
ID: 153, Data: 80 0 0 FF 0 FF 0 0
ID: 153, Data: 80 0 0 FF 0 FF 0 0
ID: 18F, Data: 8AA 2E 0 0 0 0 0 0
ID: 329, Data: 8ED A8 80 8 11 3A 10 26
ID: 153, Data: 80 0 0 FF 0 FF 0 0
ID: 43F, Data: 886 45 60 FF 43 CC 19 0
ID: 545, Data: 8E4 80 0 8E D2 2 D2 2
ID: 153, Data: 80 0 0 FF 0 FF 0 0
ID: 316, Data: 85 3F A 1A 42 17 4F 80
ID: 153, Data: 80 0 0 FF 0 FF 0 0
ID: 316, Data: 85 3F 13 1A 43 17 4F 80
ID: 153, Data: 80 0 0 FF 0 FF 0 0
ID: 1F0, Data: 85 40 5 C0 0 0 0 0
ID: 316, Data: 85 3F 1C 1A 3A 17 4F 80
ID: 153, Data: 80 0 0 FF 0 FF 0 0
ID: 260, Data: 8B 40 3A 30 FF FF CD 2A
ID: 316, Data: 85 3F 2D 1A 3A 17 4F 80
ID: 316, Data: 85 40 24 1A 3A 17 4F 80
ID: 316, Data: 85 3F 3F 1A 3A 17 4F 80
ID: 43F, Data: 886 45 60 FF 43 E0 19 0
ID: 316, Data: 85 3F 24 1A 3E 17 4F 80
ID: A1, Data: 884 78 85 7B 33 0 0 0
ID: 153, Data: 80 0 0 FF 0 FF 0 0
ID: 316, Data: 85 3C 13 1A 3E 17 4F 80
ID: 153, Data: 80 0 0 FF 0 FF 0 0
ID: 316, Data: 85 3C 1C 1A 3F 17 4F 80
ID: 316, Data: 85 3C 1C 1A 3F 17 4F 80
ID: 18F, Data: 8AA 2E 0 0 0 0 0 0
ID: 43F, Data: 886 45 60 FF 43 F8 19 0
ID: 153, Data: 80 0 0 FF 0 FF 0 0
ID: 316, Data: 85 3D 24 1A 3E 17 4F 80
ID: 316, Data: 85 3D 2D 1A 3E 17 4F 80
ID: A0, Data: 847 77 1C 1A 50 31 2 0
ID: 316, Data: 85 3E 47 1A 3E 17 4F 80
ID: 316, Data: 85 3E 47 1A 3E 17 50 80
ID: 5F0, Data: 20 0
ID: 316, Data: 85 3E 3F 1A 3E 17 50 80
ID: 316, Data: 85 3E 50 1A 3E 17 50 80
ID: 260, Data: 8B 3F 3F 30 FF FF CD 18
ID: 153, Data: 80 0 0 FF 0 FF 0 0
ID: 280, Data: 830 0 88 A9 34 26 52 6C
ID: 316, Data: 85 3F 50 1A 3E 17 50 80
ID: 43F, Data: 886 45 60 FF 43 14 1A 0
ID: 316, Data: 85 3F 50 1A 3E 17 50 80
ID: A1, Data: 884 78 84 7B 33 0 0 0
ID: 316, Data: 85 3F 59 1A 3E 17 50 80
ID: 316, Data: 85 3E 62 1A 3E 17 50 80
ID: 260, Data: 8B 3F 3F 30 FF FF CD 18
ID: 316, Data: 85 3E 6B 1A 3E 17 50 80
ID: 260, Data: 8B 3E 3E 30 FF FF CD B
ID: 153, Data: 80 0 0 FF 0 FF 0 0
ID: 316, Data: 85 3E 74 1A 3E 17 50 80
ID: 153, Data: 80 0 0 FF 0 FF 0 0
ID: 260, Data: 8B 3E 3E 30 FF FF CE 19
ID: 316, Data: 85 3E 7D 1A 3D 17 50 80
ID: 43F, Data: 886 45 60 FF 43 44 1A 0
ID: 316, Data: 85 3E 7D 1A 3D 17 50 80
ID: 5F0, Data: 20 0
ID: 316, Data: 85 3E 86 1A 3D 17 50 80
ID: 153, Data: 80 0 0 FF 0 FF 0 0
ID: 260, Data: 8B 3E 3D 30 FF FF CE B
ID: 316, Data: 85 3E 7D 1A 3D 17 50 80
ID: 2A0, Data: 8C1 E 52 1C 3C 0 17 0
ID: 316, Data: 85 3E 86 1A 3A 17 50 80
ID: 316, Data: 85 3E 86 1A 31 17 50 80
ID: 43F, Data: 886 45 60 FF 43 58 1A 0
ID: 43F, Data: 886 45 60 FF 43 5C 1A 0
ID: A1, Data: 884 79 82 7C 30 0 0 0
ID: 316, Data: 85 38 A1 1A 14 18 51 80
ID: 316, Data: 85 35 8F 1A 15 18 51 80
ID: 43F, Data: 886 45 60 FF 43 60 1A 0
ID: 43F, Data: 886 45 60 FF 44 4C 1A 0
ID: A0, Data: 82A 77 8F 1A 51 29 2 0
ID: 5F0, Data: 20 0
ID: 316, Data: 85 21 59 1A 17 1A 51 80
ID: 43F, Data: 886 45 60 FF 44 48 1A 0
ID: 370, Data: 8FF DD F0 F0 FF FF FF FF
ID: 153, Data: 80 0 0 FF 0 FF 0 0
ID: 43F, Data: 886 45 60 FF 43 38 1A 0
ID: 545, Data: 8E4 36 0 8E D8 FF D8 FF
ID: 43F, Data: 886 45 60 FF 43 60 1A 0
ID: 43F, Data: 886 45 60 FF 44 40 1A 0
ID: 153, Data: 80 0 0 FF 0 FF 0 0
ID: 5F0, Data: 20 0
ID: 316, Data: 85 15 1 1A 18 1B 50 80
ID: 316, Data: 85 15 1 1A 18 1B 50 80
ID: 316, Data: 85 16 1C 1A 18 1B 50 80
ID: 43F, Data: 846 45 60 FF 43 38 1A 0
ID: 316, Data: 85 16 1 1A 18 1B 50 80
ID: 2A0, Data: 840 B 52 1C 3C 0 17 0
ID: 316, Data: 85 17 1C 1A 18 1B 50 80
ID: 316, Data: 85 17 47 1A 18 1B 50 80
ID: 18F, Data: 8AA 2E 0 0 0 0 0 0
ID: 316, Data: 85 18 13 1A 18 1B 50 80
ID: 43F, Data: 846 45 60 FF 43 24 1A 0
ID: 316, Data: 85 18 13 1A 17 1B 50 80
ID: 153, Data: 80 0 0 FF 0 FF 0 0
ID: 316, Data: 85 18 CE 19 18 1B 50 80
ID: 5F0, Data: 20 0
ID: 280, Data: 830 0 84 A9 33 13 52 35
ID: 316, Data: 85 19 8A 19 18 1B 50 80
ID: 153, Data: 80 0 0 FF 0 FF 0 0
ID: 153, Data: 80 0 0 FF 0 FF 0 0
ID: 316, Data: 8D 20 71 19 1B 1A 50 80
ID: 43F, Data: 846 45 60 FF 43 1C 1A 0
ID: 316, Data: 8D 1A 50 1A 1C 1B 50 80
ID: 153, Data: 80 0 0 FF 0 FF 0 0
ID: 153, Data: 80 0 0 FF 0 FF 0 0
ID: 316, Data: 8D 1A C5 19 1E 1B 4F 80
ID: 153, Data: 80 0 0 FF 0 FF 0 0
ID: 316, Data: 85 1A A 1A 28 1B 4F 80
ID: 316, Data: 85 1F 1 1A 29 1B 4F 80
ID: 329, Data: 885 A9 80 8 11 33 6 26
ID: 153, Data: 80 0 0 FF 0 FF 0 0
ID: 153, Data: 80 0 0 FF 0 FF 0 0
ID: 316, Data: 85 24 36 1A 39 1A 4F 80
ID: A1, Data: 880 78 80 7B 1A 0 0 0
ID: 5F0, Data: 20 0
ID: 316, Data: 85 2E 86 1A 3F 19 4F 80
ID: 316, Data: 85 30 B3 1A 3F 19 4F 80
ID: 260, Data: 8B 31 3F 30 FF FF CC 35
ID: 153, Data: 80 0 0 FF 0 FF 0 0
ID: 545, Data: 8E4 6E 0 8E C9 1 C9 1
ID: 316, Data: 85 34 E4 1B 3E 18 4F 80
ID: 153, Data: 80 0 0 FF 0 FF 0 0
ID: 316, Data: 85 35 C 1C 3E 17 4F 80
ID: 5F0, Data: 20 0
ID: 316, Data: 85 37 54 1C 3E 17 4F 80
ID: 43F, Data: 846 45 60 FF 44 14 1A 0
ID: 316, Data: 85 39 68 1C 3E 17 4F 80
ID: 153, Data: 80 0 0 FF 0 FF 0 0
ID: 153, Data: 80 0 0 FF 0 FF 0 0
ID: 316, Data: 85 3C 9C 1C 3E 17 4F 80
ID: 153, Data: 80 0 0 FF 0 FF 0 0
ID: 316, Data: 85 3D BC 1C 3E 17 4F 80
ID: 1F1, Data: 80 2A 7B 32 27 86 42 28
ID: 260, Data: 8B 3D 41 30 FF FF D2 2
ID: 316, Data: 85 3E DC 1C 42 16 50 80
ID: 329, Data: 885 A9 80 8 11 3B 14 26
ID: 440, Data: 8FE B6 50 A0 FF AA AA AA
ID: 316, Data: 85 3E E6 1C 43 16 50 80
ID: 153, Data: 80 0 0 FF 0 FF 0 0
ID: 316, Data: 85 40 F1 1C 43 16 50 80
ID: 1F1, Data: 80 A3 7D 62 27 8B 52 28
ID: 2A0, Data: 861 B 52 1C 3C 0 17 0
ID: 316, Data: 85 42 1C 1D 42 16 50 80
ID: 1F0, Data: 8FE 3F 5 C0 0 0 0 0
ID: 260, Data: 8B 43 43 30 FF FF D0 38
ID: 153, Data: 80 0 0 FF 0 FF 0 0
ID: 153, Data: 80 0 0 FF 0 FF 0 0
ID: 316, Data: 85 42 1C 1D 42 16 50 80
ID: 43F, Data: 846 45 60 FF 44 4C 1A 0
ID: 316, Data: 85 41 1C 1D 42 16 50 80
ID: A0, Data: 847 78 32 1D 50 33 2 0
ID: 43F, Data: 846 45 60 FF 43 50 1A 0
ID: 43F, Data: 846 45 60 FF 43 58 1A 0
ID: 153, Data: 80 0 0 FF 0 FF 0 0
ID: 316, Data: 85 41 7 1D 42 16 50 80
ID: 316, Data: 85 41 F1 1C 3E 15 50 80
ID: 153, Data: 80 0 0 FF 0 FF 0 0
ID: 43F, Data: 846 45 60 FF 43 68 1A 0
ID: 18F, Data: 8AA 2D 0 0 0 0 0 0
ID: 316, Data: 85 41 87 1C 39 16 50 80
ID: 153, Data: 80 0 0 FF 0 FF 0 0
ID: 153, Data: 80 0 0 FF 0 FF 0 0
ID: 316, Data: 85 3F EE 1B 3A 16 50 80
ID: 153, Data: 80 0 0 FF 0 FF 0 0
ID: 316, Data: 85 3E A9 1B 39 16 51 80
ID: 316, Data: 85 3E 9F 1B 31 16 51 80
ID: 260, Data: 8B 3D 30 30 FF FF D0 15
ID: 316, Data: 85 3B 6F 1B 30 16 51 80
ID: 545, Data: 8E4 7C 0 8E 77 2 77 2
ID: 316, Data: 85 37 52 1B 2F 17 51 80
ID: 316, Data: 85 37 35 1B 2F 17 51 80
ID: 2A0, Data: 81 C 52 1C 3C 0 17 0
ID: 43F, Data: 846 45 60 FF 44 84 1A 0
ID: 316, Data: 85 34 10 1B 30 17 51 80
ID: 260, Data: 8B 34 30 30 FF FF D1 E
ID: 316, Data: 85 32 3F 1B 30 17 51 80
ID: 316, Data: 85 31 35 1B 2F 17 51 80
ID: 43F, Data: 846 45 60 FF 44 88 1A 0
ID: 43F, Data: 846 45 60 FF 44 7C 1A 0
ID: A1, Data: 885 7A 80 7C 2A 0 0 0
ID: 316, Data: 85 2F 48 1B 14 18 51 80
ID: 316, Data: 85 30 52 1B 14 18 51 80
ID: 43F, Data: 846 45 60 FF 44 84 1A 0
ID: 43F, Data: 846 45 60 FF 44 90 1A 0
ID: A0, Data: 828 78 52 1B 51 29 2 0
ID: 316, Data: 85 27 23 1B 16 19 51 80
ID: 316, Data: 85 24 E1 1A 16 1A 51 80
ID: 43F, Data: 846 45 60 FF 44 80 1A 0
ID: 316, Data: 85 20 86 1A 1A 1A 51 80
ID: A1, Data: 885 76 80 79 1C 0 0 0
ID: 153, Data: 80 0 0 FF 0 FF 0 0
ID: 316, Data: 85 1E 50 1A 1F 1A 51 80
ID: 153, Data: 80 0 0 FF 0 FF 0 0
ID: 316, Data: 85 1D 98 1A 1F 1A 51 80
ID: 316, Data: 85 1D 98 1A 1F 1A 51 80
ID: 18F, Data: 8AA 2D 0 0 0 0 0 0
ID: 43F, Data: 846 45 60 FF 44 7C 1A 0
ID: 153, Data: 80 0 0 FF 0 FF 0 0
ID: 316, Data: 85 1F 74 1A 24 1A 51 80
ID: 316, Data: 85 20 7D 1A 27 1A 51 80
ID: 18F, Data: 8AA 2D 0 0 0 0 0 0
ID: 316, Data: 85 22 AA 1A 2A 1A 51 80
ID: 43F, Data: 846 45 60 FF 44 80 1A 0
ID: 316, Data: 85 23 BC 1A 2A 1A 51 80
ID: 153, Data: 80 0 0 FF 0 FF 0 0
ID: 153, Data: 80 0 0 FF 0 FF 0 0
ID: 5F0, Data: 20 0
ID: 153, Data: 80 0 0 FF 0 FF 0 0
ID: 153, Data: 80 0 0 FF 0 FF 0 0
ID: 545, Data: 8E4 53 0 8E 2D 1 2D 1
ID: 316, Data: 85 2E 6F 1B 3C 19 51 80
ID: 260, Data: 8B 30 3D 30 FF FF CD A
ID: 153, Data: 80 0 0 FF 0 FF 0 0
ID: 316, Data: 85 31 17 1C 3D 18 51 80
ID: 153, Data: 80 0 0 FF 0 FF 0 0
ID: 18F, Data: 8AA 2D 0 0 0 0 0 0
ID: 316, Data: 85 34 5E 1C 3D 17 51 80
ID: 43F, Data: 846 45 60 FF 44 78 1A 0
ID: 2A0, Data: 81 A 52 1C 3C 0 17 0
ID: 5F0, Data: 20 0
ID: 316, Data: 85 37 A7 1C 3D 17 51 80
ID: 153, Data: 80 0 0 FF 0 FF 0 0
ID: 2A0, Data: 861 A 52 1C 3C 0 17 0
ID: 316, Data: 85 3A E6 1C 3E 17 51 80
ID: 329, Data: 8B AA 80 8 11 3B 11 26
ID: 1F0, Data: 8FE 3F 5 C0 0 0 0 0
ID: 153, Data: 80 0 0 FF 0 FF 0 0
ID: 370, Data: 8FF DD F0 F0 FF FF FF FF
ID: 153, Data: 80 0 0 FF 0 FF 0 0
ID: 545, Data: 8E4 90 0 8E AB 2 AB 2
ID: 316, Data: 85 3D 1C 1D 3F 16 51 80
ID: 260, Data: 8B 3E 40 30 FF FF D2 11
ID: 316, Data: 85 3D 32 1D 3F 16 51 80
ID: 545, Data: 8E4 8E 0 8E C4 2 C4 2
ID: 43F, Data: 846 45 60 FF 44 90 1A 0
ID: 316, Data: 85 3E 3D 1D 3F 16 51 80
ID: A0, Data: 845 78 3D 1D 51 32 2 0
ID: 316, Data: 85 3E 3D 1D 38 16 51 80
ID: 316, Data: 85 3E 53 1D 37 16 51 80
ID: 5F0, Data: 20 0
ID: 43F, Data: 846 45 60 FF 44 A4 1A 0
ID: 153, Data: 80 0 0 FF 0 FF 0 0
ID: 260, Data: 8B 3E 2D 30 FF FF D2 25
ID: 316, Data: 85 3C 53 1D 2C 16 51 80
ID: 316, Data: 85 3A 32 1D 2B 16 51 80
ID: 316, Data: 85 38 1C 1D 2A 16 51 80
ID: 43F, Data: 846 45 60 FF 44 A4 1A 0
ID: 316, Data: 85 34 D1 1C 2B 17 51 80
ID: 260, Data: 8B 33 2B 30 FF FF D6 2E
ID: 153, Data: 80 0 0 FF 0 FF 0 0
ID: 260, Data: 8B 31 24 30 FF FF D7 17
ID: 316, Data: 85 2F 54 1C 13 17 51 80
ID: 370, Data: 8FF DE F0 F0 FF FF FF FF
ID: 316, Data: 85 30 54 1C 14 18 51 80
ID: 153, Data: 80 0 0 FF 0 FF 0 0
ID: 316, Data: 85 2B 3F 1C 15 19 51 80
ID: 153, Data: 80 0 0 FF 0 FF 0 0
ID: 2A0, Data: 840 A 52 1C 3C 0 17 0
ID: 316, Data: 85 23 96 1B 16 1A 51 80
ID: 2A0, Data: 880 A 52 1C 3C 0 17 0
ID: 370, Data: 8FF DE F0 F0 FF FF FF FF
ID: 370, Data: 8FF DE F0 F0 FF FF FF FF
ID: 153, Data: 80 0 0 FF 0 FF 0 0
ID: 316, Data: 85 1A 50 1A 18 1A 51 80
ID: 153, Data: 80 0 0 FF 0 FF 0 0
ID: A1, Data: 886 76 7C 76 17 0 0 0
ID: 329, Data: 8B AA 80 8 11 2F 0 26
ID: 153, Data: 80 0 0 FF 0 FF 0 0
ID: 153, Data: 80 0 0 FF 0 FF 0 0
ID: 280, Data: 830 0 84 AA 30 11 52 30
ID: 440, Data: 8FE B6 51 A0 FF AA AA AA
ID: 5F0, Data: 20 0
ID: 316, Data: 85 18 C0 16 1B 1A 51 80
ID: 43F, Data: 846 45 60 FF 44 70 1A 0
ID: 18F, Data: 8AA 2D 0 0 0 0 0 0
ID: 5F0, Data: 20 0
ID: 153, Data: 80 0 0 FF 0 FF 0 0
ID: 153, Data: 80 0 0 FF 0 FF 0 0
ID: 260, Data: 8B 1A 1C 30 FF FF 61 25
ID: 280, Data: 830 0 84 AA 2B 15 52 38
ID: 153, Data: 80 0 0 FF 0 FF 0 0
ID: 316, Data: 85 1B E7 15 1B 1A 50 80
ID: 316, Data: 85 1B E7 15 1B 1A 50 80
ID: A0, Data: 82A 78 E7 15 51 29 2 0
ID: 43F, Data: 846 45 60 FF 44 3C 1A 0
ID: 316, Data: 85 1C E7 15 1B 1A 50 80
ID: 2A0, Data: 880 7 52 1C 3C 0 17 0
ID: 316, Data: 8D 1C EE 15 1B 1A 50 80
ID: 316, Data: 8D 1C DB 15 1B 1A 50 80
ID: 43F, Data: 846 45 60 FF 44 28 1A 0
ID: 43F, Data: 846 45 60 FF 43 3C 1A 0
ID: A1, Data: 880 76 80 76 1C 0 0 0
ID: 316, Data: 8D 18 8D 15 1C 1A 50 80
ID: 316, Data: 8D 18 58 15 1C 1A 50 80
ID: 43F, Data: 846 45 60 FF 44 14 1A 0
ID: 43F, Data: 846 45 60 FF 44 C 1A 0
ID: A0, Data: 82C 78 46 15 50 29 4 0
ID: 316, Data: 8D 13 5E 15 1C 1A 50 80
ID: 316, Data: 8D 13 69 15 1C 1A 4F 80
ID: A0, Data: 82C 78 6F 15 50 29 4 0
ID: 43F, Data: 846 45 60 FF 44 F4 19 0
ID: 440, Data: 8FE C6 4F A0 FF AA AA AA
ID: 5F0, Data: 20 0
ID: 316, Data: 8D E 3F 16 1B 1A 4F 80
ID: 43F, Data: 846 45 60 FF 44 D8 19 0
ID: 545, Data: 8E4 13 0 8E E0 FE E0 FE
ID: 5F0, Data: 20 0
ID: 545, Data: 8E4 14 0 8E D9 FE D9 FE
ID: 316, Data: 8D 4 7A 18 19 1A 4F 80
ID: 316, Data: 8D 4 38 19 18 1A 4F 80
ID: 316, Data: 8D 4 93 19 18 1A 4F 80
ID: 1F1, Data: 80 8 6D A2 26 7C 82 27
ID: 1F0, Data: 8FD 3F 5 C0 0 0 0 0
ID: 153, Data: 80 0 0 FF 0 FF 0 0
ID: 316, Data: 8D 0 A4 19 18 1A 4E 80
ID: 5F0, Data: 20 0
ID: 316, Data: 8D 0 93 19 18 1A 4E 80
ID: 43F, Data: 846 45 60 FF 44 94 19 0
ID: 280, Data: 830 0 20 AA 33 14 52 38
ID: 5F0, Data: 20 0
ID: 316, Data: 8D 0 71 19 18 1A 4E 80
ID: 316, Data: 8D 0 71 19 18 1A 4E 80
ID: A1, Data: 880 76 80 76 1B 0 0 0
ID: 316, Data: 8D 0 59 19 18 1A 4E 80
ID: 153, Data: 80 0 0 FF 0 FF 0 0
ID: 316, Data: 8D 0 38 19 18 1A 4D 80
ID: 370, Data: 8FF DE F0 F0 FF FF FF FF
ID: 316, Data: 8D 0 8 19 18 1A 4D 80
ID: 316, Data: 8D 0 F0 18 18 1A 4D 80
ID: 316, Data: 8D 0 D0 18 18 1A 4D 80
ID: 260, Data: 80 0 18 30 FF FF 4E 15
ID: 43F, Data: 846 45 60 FF 44 2C 19 0
ID: 316, Data: 8D 0 91 18 18 1A 4D 80
ID: 316, Data: 8D 0 7A 18 18 1A 4D 80
ID: 5F0, Data: 20 0
ID: 153, Data: 80 0 0 FF 0 FF 0 0
ID: 43F, Data: 846 45 60 FF 44 18 19 0
ID: 153, Data: 80 0 0 FF 0 FF 0 0
ID: 2A0, Data: 820 4 52 1C 3C 0 17 0
ID: 316, Data: 8D 0 54 18 19 1A 4D 80
ID: 2A0, Data: 8E0 4 52 1C 3C 0 17 0
ID: 43F, Data: 846 45 60 FF 44 F4 18 0
ID: 43F, Data: 846 45 60 FF 44 E8 18 0
ID: 545, Data: 8E4 0 0 8E 33 FE 33 FE
ID: 153, Data: 80 0 0 FF 0 FF 0 0
ID: 316, Data: 8D 0 2F 18 19 1A 4C 80
ID: 316, Data: 8D 0 20 18 19 1A 4C 80
ID: 316, Data: 8D 0 20 18 19 1A 4C 80
ID: 153, Data: 80 0 0 FF 0 FF 0 0
ID: 153, Data: 80 0 0 FF 0 FF 0 0
ID: 43F, Data: 846 45 60 FF 44 90 18 0
ID: A1, Data: 880 76 80 76 1C 0 0 0
ID: 153, Data: 80 0 0 FF 0 FF 0 0
ID: 316, Data: 8D 0 E5 17 19 1A 4B 80
ID: 153, Data: 80 0 0 FF 0 FF 0 0
ID: 316, Data: 8D 0 C7 17 19 19 4B 80
ID: 153, Data: 80 0 0 FF 0 FF 0 0
ID: 316, Data: 8D 0 B2 17 19 19 4A 80
ID: 316, Data: 8D 0 9C 17 19 19 4A 80
ID: 545, Data: 8E4 0 0 8E 35 FE 35 FE
ID: 316, Data: 8D 0 79 17 19 19 4A 80
ID: 316, Data: 8D 0 64 17 19 19 49 80
ID: 329, Data: 8B AB 80 8 12 30 0 26
ID: 153, Data: 80 0 0 FF 0 FF 0 0
ID: 43F, Data: 846 45 60 FF 44 9C 17 0
ID: 43F, Data: 846 45 60 FF 44 8C 17 0
ID: 43F, Data: 846 45 60 FF 44 78 17 0
ID: 18F, Data: 8AA 2D 0 0 0 0 0 0
ID: 316, Data: 8D 0 CE 16 1A 19 48 80
ID: 153, Data: 80 0 0 FF 0 FF 0 0
ID: 316, Data: 8D 0 AC 16 1A 19 47 80
ID: 316, Data: 8D 0 92 16 1A 19 47 80
ID: 153, Data: 80 0 0 FF 0 FF 0 0
ID: 153, Data: 80 0 0 FF 0 FF 0 0
ID: 2A0, Data: 8E0 3 52 1C 3C 0 17 0
ID: 43F, Data: 846 45 60 FF 44 B4 16 0
ID: 370, Data: 8FF DE F0 F0 FF FF FF FF
ID: 153, Data: 80 0 0 FF 0 FF 0 0
ID: 2A0, Data: 880 2 52 1C 3C 0 17 0
ID: 316, Data: 8D 0 DB 15 1B 19 45 80
ID: 2A0, Data: 840 2 52 1C 3C 0 17 0
ID: 153, Data: 80 0 0 FF 0 FF 0 0
ID: 153, Data: 80 0 0 FF 0 FF 0 0
ID: 153, Data: 80 0 0 FF 0 FF 0 0
ID: 260, Data: 80 0 1C 30 FF FF 4E 20
ID: 329, Data: 8ED AB 80 8 12 30 0 26
ID: 440, Data: 8FE 16 42 A0 FF AA AA AA
ID: 316, Data: 8D 0 13 15 1C 19 43 80
ID: 153, Data: 80 0 0 FF 0 FF 0 0
ID: 153, Data: 80 0 0 FF 0 FF 0 0
ID: 316, Data: 8D 0 C4 14 1D 19 42 80
ID: 18F, Data: 8AA 2D 0 0 0 0 0 0
ID: 316, Data: 8D 0 93 14 1D 19 41 80
ID: A0, Data: 82C 79 CA 14 42 29 4 0
ID: 5F0, Data: 20 0
ID: 316, Data: 8D 0 4D 14 1D 19 40 80
ID: 153, Data: 80 0 0 FF 0 FF 0 0
ID: 280, Data: 830 0 20 AB 28 17 52 3F
ID: 316, Data: 8D 0 A 14 1D 19 40 80
ID: 43F, Data: 84D 45 60 FF 44 70 14 0
ID: 153, Data: 80 0 0 FF 0 FF 0 0
ID: 316, Data: 8D 0 9B 13 1E 19 3F 80
ID: 43F, Data: 84D 45 60 FF 44 24 14 0
ID: 280, Data: 830 0 20 AB 26 18 52 41
ID: 316, Data: 8D 0 23 13 1F 19 3E 80
ID: 316, Data: 8D 0 7 13 1F 19 3D 80
ID: 43F, Data: 84D 45 60 FF 44 BC 13 0
ID: 43F, Data: 84D 45 60 FF 44 98 13 0
ID: 370, Data: 8FF DE F0 F0 FE FF FF FF
ID: A1, Data: 880 76 80 76 20 0 0 0
ID: 329, Data: 8ED AB 80 8 12 30 0 26
ID: 545, Data: 8E4 0 0 8E 39 FE 39 FE
ID: 43F, Data: 84D 45 60 FF 44 30 13 0
ID: 43F, Data: 84D 45 60 FF 44 34 13 0
ID: 545, Data: 8E4 0 0 8E 38 FE 38 FE
ID: 316, Data: 8D 0 DB 11 20 19 3A 80
ID: 316, Data: 8D 0 D3 11 21 19 3A 80
ID: 260, Data: 80 0 21 30 FF FF 4E 1B
ID: 43F, Data: 84D 45 60 FF 44 E4 16 0
ID: 440, Data: 8E7 B6 38 A0 FF AA AA AA
ID: A1, Data: 880 76 80 76 20 0 0 0
ID: 316, Data: 8D 0 36 11 22 19 38 80
ID: 329, Data: 840 AB 80 8 12 2F 0 26
ID: 43F, Data: 84D 45 60 FF 44 6C 16 0
ID: 153, Data: 80 0 0 FF 0 FF 0 0
ID: 280, Data: 830 0 4 AB 21 1A 52 46
ID: 370, Data: 8FF DE F0 F0 FF FF FF FF
ID: 18F, Data: 8AA 2D 0 0 0 0 0 0
ID: 316, Data: 85 C 57 10 23 1A 36 80
ID: 153, Data: 80 0 0 FF 0 FF 0 0
ID: 316, Data: 85 18 80 10 23 1A 35 80
ID: 316, Data: 85 18 83 10 22 19 35 80
ID: A1, Data: 880 76 80 76 22 0 0 0
ID: 43F, Data: 845 45 60 FF 44 28 15 0
ID: 316, Data: 85 24 9 11 21 19 34 80
ID: 18F, Data: 8AA 2D 0 0 0 0 0 0
ID: 316, Data: 85 23 23 11 21 19 33 80
ID: 43F, Data: 845 45 60 FF 44 A8 14 0
ID: 316, Data: 85 22 E7 11 20 19 33 80
ID: A1, Data: 88D 76 8D 76 20 0 0 0
ID: 153, Data: 80 0 0 FF 0 FF 0 0
ID: 316, Data: 85 21 B2 11 20 1A 32 80
ID: 153, Data: 80 0 0 FF 0 FF 0 0
ID: 329, Data: 8ED AB 80 8 12 2F 0 26
ID: 316, Data: 85 21 C3 11 20 1A 31 80
ID: 2A0, Data: 880 1 52 1C 3C 0 17 0
ID: 43F, Data: 84C 45 60 FF 44 74 13 0
ID: 316, Data: 85 21 97 11 20 1A 30 80
ID: A0, Data: 82E 79 D7 11 31 28 2 0
ID: 5F0, Data: 20 0
ID: 153, Data: 80 0 0 FF 0 FF 0 0
ID: 316, Data: 85 21 50 11 21 1A 2F 80
ID: 5F0, Data: 20 0
ID: 280, Data: 830 0 84 AB 22 18 52 42
ID: 153, Data: 80 0 0 FF 0 FF 0 0
ID: 316, Data: 85 21 1 11 21 1A 2D 80
ID: A1, Data: 890 76 90 76 20 0 0 0
ID: 316, Data: 85 21 5 11 21 1A 2D 80
ID: 316, Data: 85 21 23 11 20 1A 2C 80
ID: 153, Data: 80 0 0 FF 0 FF 0 0
ID: 316, Data: 85 21 7F 11 1F 1A 2C 80
ID: 18F, Data: 8AA 2D 0 0 0 0 0 0
ID: 316, Data: 85 21 D7 11 1E 19 2B 80
ID: 153, Data: 80 0 0 FF 0 FF 0 0
ID: 153, Data: 80 0 0 FF 0 FF 0 0
ID: 316, Data: 85 20 48 12 1D 19 2A 80
ID: 440, Data: 8E7 75 29 A0 FF AA AA AA
ID: 316, Data: 85 1F 8D 12 1C 19 29 80
ID: 153, Data: 80 0 0 FF 0 FF 0 0
ID: 316, Data: 85 1E 54 12 1C 1A 28 80
ID: 316, Data: 85 1E 3F 12 1C 1A 28 80
ID: 43F, Data: 84C 45 60 FF 44 F4 14 0
ID: 316, Data: 85 1E 1D 12 1C 1A 27 80
ID: 18F, Data: 8AA 2D 0 0 0 0 0 0
ID: 153, Data: 80 0 0 FF 0 FF 0 0
ID: 316, Data: 85 1D A2 11 1E 1A 26 80
ID: A0, Data: 82B 79 E3 11 27 27 2 0
ID: 153, Data: 80 0 0 FF 0 FF 0 0
ID: 316, Data: 85 1D 49 11 1E 1A 25 80
ID: 153, Data: 80 0 0 FF 0 FF 0 0
ID: 2A0, Data: 840 0 52 1C 3C 0 17 0
ID: 316, Data: 85 1D 98 10 1E 1A 24 80
ID: 545, Data: 8E4 2D 0 8D 36 0 36 0
ID: 316, Data: 85 1E 42 10 1F 1A 23 80
ID: 153, Data: 80 0 0 FF 0 FF 0 0
ID: A0, Data: 82D 79 42 10 23 27 2 0
ID: 316, Data: 85 1F B5 F 20 1B 22 80
ID: 260, Data: 8B 1F 20 30 FF FF 58 25
ID: 43F, Data: 84B 45 60 FF 44 2C 11 0
ID: 316, Data: 85 1F 15 F 20 1B 20 80
ID: 316, Data: 85 1F EC E 20 1B 20 80
ID: 316, Data: 85 20 DB E 20 1B 1F 80
ID: 280, Data: 830 0 84 AB 1D 18 52 42
ID: 43F, Data: 84B 45 60 FF 44 AC 11 0
ID: 316, Data: 85 20 E4 E 20 1B 1E 80
ID: 316, Data: 85 20 EC E 20 1B 1D 80
ID: 316, Data: 85 20 3 F 20 1B 1D 80
ID: 316, Data: 85 20 9 F 1F 1B 1C 80
ID: 18F, Data: 8AA 2D 0 0 0 0 0 0
ID: 43F, Data: 84B 45 60 FF 44 94 11 0
ID: 153, Data: 80 0 0 FF 0 FF 0 0
ID: 43F, Data: 84B 45 60 FF 44 74 11 0
ID: 153, Data: 80 0 0 FF 0 FF 0 0
ID: 316, Data: 85 1F 2C F 1F 1B 1A 80
ID: 153, Data: 80 0 0 FF 0 FF 0 0
ID: 316, Data: 85 1F 32 F 1F 1B 19 80
ID: 316, Data: 85 1F 32 F 1F 1B 19 80
ID: 2A0, Data: 8E0 0 52 1C 3C 0 17 0
ID: 43F, Data: 84B 45 60 FF 44 C4 10 0
ID: 153, Data: 80 0 0 FF 0 FF 0 0
ID: 153, Data: 80 0 0 FF 0 FF 0 0
ID: 43F, Data: 84B 45 60 FF 44 8 10 0
ID: 153, Data: 80 0 0 FF 0 FF 0 0
ID: 316, Data: 85 1E 6 F 1F 1B 16 80
ID: 153, Data: 80 0 0 FF 0 FF 0 0
ID: 316, Data: 85 1E BF E 1F 1B 16 80
ID: 316, Data: 85 1E 96 E 1F 1B 15 80
ID: 280, Data: 830 0 84 AB 1C 17 52 41
ID: 153, Data: 80 0 0 FF 0 FF 0 0
ID: 43F, Data: 83 45 60 FF 44 40 E 0
ID: 316, Data: 85 1F CD D 21 1B 14 80
ID: 316, Data: 85 1F CF D 21 1B 14 80
ID: 545, Data: 8E4 26 0 8D 4B 0 4B 0
ID: 370, Data: 8FF DE F0 F0 FF FF FF FF
ID: 153, Data: 80 0 0 FF 0 FF 0 0
ID: A0, Data: 832 79 63 D 14 26 2 0
ID: 545, Data: 8E4 25 0 8D 62 0 62 0
ID: 2A0, Data: 840 0 52 1C 3C 0 17 0
ID: A1, Data: 884 77 82 76 20 0 0 0
ID: 153, Data: 80 0 0 FF 0 FF 0 0
ID: 5F0, Data: 20 0
ID: 43F, Data: 83 45 60 FF 44 44 C 0
ID: 316, Data: 85 22 C1 C 23 1B 11 80
ID: 5F0, Data: 20 0
ID: 316, Data: 85 22 EF C 22 1B 11 80
ID: 43F, Data: 83 45 60 FF 44 F4 B 0
ID: 280, Data: 830 0 84 AB 1A 19 52 46
ID: 43F, Data: 83 45 60 FF 44 30 B 0
ID: 153, Data: 80 0 0 FF 0 FF 0 0
ID: 316, Data: 85 22 E0 C 22 1B 10 80
ID: 153, Data: 80 0 0 FF 0 FF 0 0
ID: 329, Data: 8B AB 80 8 12 2D 0 26
ID: 43F, Data: 83 45 60 FF 44 78 A 0
ID: 329, Data: 840 AB 80 8 12 2C 0 26
ID: 2A0, Data: 820 0 52 1C 3C 0 17 0
ID: 153, Data: 80 0 0 FF 0 FF 0 0
ID: 316, Data: 85 22 E2 B 24 1B E 80
ID: 440, Data: 8FE C3 D A0 FF AA AA AA
ID: 153, Data: 80 0 0 FF 0 FF 0 0
ID: 18F, Data: 8AA 2D 0 0 0 0 0 0
ID: 316, Data: 85 23 9B B 25 1B D 80
ID: 43F, Data: 83 45 60 FF 44 1C 9 0
ID: 316, Data: 85 24 7C B 25 1A D 80
ID: 2A0, Data: 8E0 0 52 1C 3C 0 17 0
ID: 370, Data: 8FF DE F0 F0 FF FF FF FF
ID: 153, Data: 80 0 0 FF 0 FF 0 0
ID: 2A0, Data: 8E0 0 52 1C 3C 0 17 0
ID: 316, Data: 85 24 21 B 26 1A C 80
ID: 545, Data: 8E4 28 0 8D B5 0 B5 0
ID: 153, Data: 80 0 0 FF 0 FF 0 0
ID: 153, Data: 80 0 0 FF 0 FF 0 0
ID: 153, Data: 80 0 0 FF 0 FF 0 0
ID: 280, Data: 830 0 84 AB 15 1C 52 4C
ID: 316, Data: 85 27 9 B 2F 23 A 80
ID: 153, Data: 80 0 0 FF 0 FF 0 0
ID: 43F, Data: 8A 45 60 FF 44 E0 6 0
ID: 545, Data: 8E4 2B 0 8D 6B 0 6B 0
ID: 153, Data: 80 0 0 FF 0 FF 0 0
ID: 316, Data: 85 2B 3F B 2F 23 9 80
ID: 153, Data: 80 0 0 FF 0 FF 0 0
ID: 153, Data: 80 0 0 FF 0 FF 0 0
ID: 440, Data: 8FE B3 8 A0 FF AA AA AA
ID: 2A0, Data: 8E0 0 52 1C 3C 0 17 0
ID: 316, Data: 845 2B FF B 2C 23 8 80
ID: 316, Data: 845 2B F2 B 2C 23 8 80
ID: 545, Data: 8E4 2F 0 8D 91 0 91 0
ID: 43F, Data: 82 45 60 FF 44 D0 7 0
ID: 153, Data: 80 0 0 FF 0 FF 0 0
ID: 316, Data: 845 2C 71 B 2D 23 7 80
ID: 153, Data: 80 0 0 FF 0 FF 0 0
ID: 153, Data: 80 0 0 FF 0 FF 0 0
ID: 5F0, Data: 20 0
ID: 153, Data: 80 0 0 FF 0 FF 0 0
ID: 153, Data: 80 0 0 FF 0 FF 0 0
ID: 2A0, Data: 840 0 52 1C 3C 0 17 0
ID: 329, Data: 8B AB 80 8 12 2E 0 26
ID: A0, Data: 83F 79 E B 6 26 2 0
ID: 43F, Data: 82 45 60 FF 44 AC 5 0
ID: A0, Data: 840 79 FA A 6 26 2 0
ID: 43F, Data: 82 45 60 FF 44 44 5 0
ID: 153, Data: 80 0 0 FF 0 FF 0 0
ID: 153, Data: 80 0 0 FF 0 FF 0 0
ID: 153, Data: 80 0 0 FF 0 FF 0 0
ID: 545, Data: 8E4 2C 0 8E D9 0 D9 0
ID: 316, Data: 845 2F 8D A 2F 22 4 80
ID: 545, Data: 8E4 2E 0 8D DD 0 DD 0
ID: 153, Data: 80 0 0 FF 0 FF 0 0
ID: 316, Data: 845 2F A0 A 2F 22 4 80
ID: 43F, Data: 82 45 60 FF 44 34 4 0
ID: 316, Data: 845 2F A4 A 2F 22 4 80
ID: 316, Data: 845 2F AC A 2F 22 4 80
ID: A0, Data: 83F 79 A0 A 4 26 2 0
ID: 316, Data: 845 2F A9 A 2F 22 3 80
ID: 5F0, Data: 20 0
ID: 316, Data: 845 2F 9C A 2F 22 3 80
ID: 153, Data: 80 0 0 FF 0 FF 0 0
ID: 280, Data: 830 0 84 AB 15 20 52 58
ID: 316, Data: 845 2F 9A A 2F 22 3 80
ID: A0, Data: 83E 79 96 A 3 26 2 0
ID: 316, Data: 845 2F A9 A 2F 22 3 80
ID: 43F, Data: 82 45 60 FF 44 F8 2 0
ID: 316, Data: 845 2F B7 A 2F 22 3 80
ID: 545, Data: 8E4 2F 0 8C DA 0 DA 0
ID: 153, Data: 80 0 0 FF 0 FF 0 0
ID: 316, Data: 845 2F 96 A 2E 22 2 80
ID: 153, Data: 80 0 0 FF 0 FF 0 0
ID: 316, Data: 845 2E 83 A 2F 22 2 80
ID: 43F, Data: 82 45 60 FF 44 50 2 0
ID: 316, Data: 845 2E 85 A 2F 22 2 80
ID: 329, Data: 8B AB 80 8 12 2D 0 26
ID: 153, Data: 80 0 0 FF 0 FF 0 0
ID: 316, Data: 845 2E 93 A 2E 22 2 80
ID: 440, Data: 8BC 72 1 A0 FF AA AA AA
ID: 153, Data: 80 0 0 FF 0 FF 0 0
ID: 2A0, Data: 820 0 52 1C 3C 0 17 0
ID: 316, Data: 845 2E 81 A 2F 22 1 80
ID: 545, Data: 8E4 2D 0 8C D0 0 D0 0
ID: 153, Data: 80 0 0 FF 0 FF 0 0
ID: 153, Data: 80 0 0 FF 0 FF 0 0
ID: 153, Data: 80 0 0 FF 0 FF 0 0
ID: 545, Data: 8E4 2C 0 8D CE 0 CE 0
ID: 316, Data: 845 2E 51 A 2F 22 1 80
ID: 18F, Data: 8AA 34 0 0 0 0 0 0
ID: 440, Data: 8B8 72 1 A0 FF AA AA AA
ID: 153, Data: 80 0 0 FF 0 FF 0 0
ID: 440, Data: 8B7 72 1 A0 FF AA AA AA
ID: 43F, Data: 89 45 60 FF 44 4C 1 0
ID: 316, Data: 845 2E 36 A 2F 22 1 80
ID: 545, Data: 8E4 2B 0 8D D3 0 D3 0
ID: 153, Data: 80 0 0 FF 0 FF 0 0
ID: 153, Data: 80 0 0 FF 0 FF 0 0
ID: 43F, Data: 89 45 60 FF 44 BC 1 0
ID: 43F, Data: 89 45 60 FF 44 FC 1 0
ID: 43F, Data: 89 45 60 FF 44 18 2 0
ID: 43F, Data: 89 45 60 FF 44 F0 1 0
ID: 43F, Data: 89 45 60 FF 44 E8 1 0
ID: 280, Data: 830 0 84 AB 14 20 52 58
ID: 370, Data: 8FF DE F0 F0 FF FF FF FF
ID: 316, Data: 845 2E 32 A 2F 22 0 80
ID: 153, Data: 80 0 0 FF 0 FF 0 0
ID: 43F, Data: 89 45 60 FF 44 4C 1 0
ID: 43F, Data: 89 45 60 FF 44 5C 1 0
ID: 153, Data: 80 0 0 FF 0 FF 0 0
ID: 316, Data: 845 2E 40 A 2F 22 0 80
ID: 1F0, Data: 87 40 5 C0 0 0 0 0
ID: 153, Data: 80 0 0 FF 0 FF 0 0
ID: 316, Data: 845 2E 31 A 2F 22 0 80
ID: 153, Data: 80 0 0 FF 0 FF 0 0
ID: 316, Data: 845 2E 3A A 2F 22 0 80
ID: 440, Data: 8B6 72 0 A0 FF AA AA AA
ID: 316, Data: 845 2E 3D A 2F 22 0 80
ID: 153, Data: 80 0 0 FF 0 FF 0 0
ID: 153, Data: 80 0 0 FF 0 FF 0 0
ID: 316, Data: 845 2E 2C A 2F 22 0 80
ID: 440, Data: 8B4 31 0 A0 FF AA AA AA
ID: 316, Data: 845 2E 3C A 2F 22 0 80
ID: 2A0, Data: 880 0 52 1C 3C 0 17 0
ID: 153, Data: 80 0 0 FF 0 FF 0 0
ID: 43F, Data: 81 45 60 FF 44 BC 0 0
ID: 153, Data: 80 0 0 FF 0 FF 0 0
ID: 316, Data: 845 2E 5C A 2F 22 0 80
ID: 153, Data: 80 0 0 FF 0 FF 0 0
ID: 153, Data: 80 0 0 FF 0 FF 0 0
ID: 316, Data: 845 2D 4C A 2F 22 0 80
ID: 43F, Data: 81 45 60 FF 44 64 0 0
ID: 316, Data: 845 2D 53 A 2F 22 0 80
ID: 316, Data: 845 2D 5C A 2F 22 0 80
ID: 260, Data: 8B 2E 2F 30 FF FF 6E 1
ID: 316, Data: 845 2D 4B A 2F 22 0 80
ID: 316, Data: 845 2D 4F A 2F 22 0 80
ID: 545, Data: 8E4 29 0 8C C5 0 C5 0
ID: 153, Data: 80 0 0 FF 0 FF 0 0
ID: 440, Data: 8AE 41 0 A0 FF AA AA AA
ID: 43F, Data: 81 45 60 FF 44 0 0 0
ID: 440, Data: 8AE 41 0 A0 FF AA AA AA
ID: 43F, Data: 81 45 60 FF 44 0 0 0
ID: 153, Data: 80 0 0 FF 0 FF 0 0
ID: 153, Data: 80 0 0 FF 0 FF 0 0
ID: 153, Data: 80 0 0 FF 0 FF 0 0
ID: 280, Data: 830 0 84 AB 14 1F 52 58
ID: 316, Data: 845 2D 1D A 2F 22 0 80
ID: 153, Data: 80 0 0 FF 0 FF 0 0
ID: 43F, Data: 81 45 60 FF 44 0 0 0
ID: 43F, Data: 81 45 60 FF 44 0 0 0
ID: 153, Data: 80 0 0 FF 0 FF 0 0
ID: 316, Data: 845 2E 21 A 2F 22 0 80
ID: A1, Data: 881 81 7E 80 2A 0 0 0
ID: 316, Data: 845 2E 4C A 2F 22 0 80
ID: 316, Data: 845 2D 4D A 2F 22 0 80
ID: 280, Data: 830 0 84 AB 14 20 52 58
ID: 43F, Data: 81 45 60 FF 44 0 0 0
ID: 43F, Data: 81 45 60 FF 44 0 0 0
ID: 153, Data: 80 0 0 FF 0 FF 0 0
ID: 316, Data: 845 2D 31 A 2F 22 0 80
ID: 153, Data: 80 0 0 FF 0 FF 0 0
ID: 280, Data: 830 0 84 AB 14 1F 52 58
ID: 316, Data: 845 2D 23 A 2F 22 0 80
ID: A1, Data: 880 81 7C 80 2A 0 0 0
ID: 43F, Data: 81 45 60 FF 44 0 0 0
ID: 153, Data: 80 0 0 FF 0 FF 0 0
ID: 43F, Data: 81 45 60 FF 44 0 0 0
ID: 153, Data: 80 0 0 FF 0 FF 0 0
ID: 316, Data: 845 2D 3E A 2F 22 0 80
ID: 153, Data: 80 0 0 FF 0 FF 0 0
ID: 153, Data: 80 0 0 FF 0 FF 0 0
ID: 316, Data: 845 2D 35 A 2F 22 0 80
ID: 43F, Data: 81 45 60 FF 44 0 0 0
ID: 316, Data: 845 2D 34 A 2F 22 0 80
ID: 370, Data: 8FF DE F0 F0 FF FF FF FF
ID: 153, Data: 80 0 0 FF 0 FF 0 0
ID: 316, Data: 845 2D 26 A 2F 22 0 80
ID: 153, Data: 80 0 0 FF 0 FF 0 0
ID: 316, Data: 845 2D 1D A 2F 22 0 80
ID: 153, Data: 80 0 0 FF 0 FF 0 0
ID: 153, Data: 80 0 0 FF 0 FF 0 0
ID: 316, Data: 845 2D 34 A 2F 22 0 80
ID: 43F, Data: 81 45 60 FF 45 0 0 0
ID: 370, Data: 8FF DE F0 F0 FF FF FF FF
ID: 43F, Data: 81 45 60 FF 44 0 0 0
ID: 153, Data: 80 0 0 FF 0 FF 0 0
ID: 153, Data: 80 0 0 FF 0 FF 0 0
ID: 370, Data: 8FF DE F0 F0 FF FF FF FF
ID: 280, Data: 830 0 84 AB 13 1F 52 58
ID: 153, Data: 80 0 0 FF 0 FF 0 0
ID: 280, Data: 830 0 84 AB 14 20 52 59
ID: 316, Data: 845 2E 1B A 27 19 0 80
ID: 153, Data: 80 0 0 FF 0 FF 0 0
ID: 316, Data: 845 2D 1C A 28 19 0 80
ID: 153, Data: 80 0 0 FF 0 FF 0 0
ID: 316, Data: 845 2C 3D A 28 19 0 80
ID: 316, Data: 845 2B 47 A 28 19 0 80
ID: 316, Data: 845 2A 40 A 28 19 0 80
ID: A1, Data: 880 80 80 7F 28 0 0 0
ID: 153, Data: 80 0 0 FF 0 FF 0 0
ID: 316, Data: 85 28 6 A 29 19 0 80
ID: 153, Data: 80 0 0 FF 0 FF 0 0
ID: 153, Data: 80 0 0 FF 0 FF 0 0
ID: 370, Data: 8FF DE F0 F0 FF FF FF FF
ID: 280, Data: 830 0 84 AB 14 1D 52 52
ID: 316, Data: 85 28 7A A 27 1A 0 80
ID: 2A0, Data: 840 0 52 1C 3C 0 17 0
ID: 153, Data: 80 0 0 FF 0 FF 0 0
ID: 43F, Data: 81 45 60 FF 45 0 0 0
ID: 153, Data: 80 0 0 FF 0 FF 0 0
ID: A1, Data: 880 80 80 7F 26 0 0 0
ID: 260, Data: 8B 26 28 30 FF FF 6D 3E
ID: 2A0, Data: 880 0 52 1C 3C 0 17 0
ID: 5F0, Data: 20 0
ID: 1F0, Data: 87 40 5 C0 0 0 0 0
ID: 316, Data: 85 26 58 A 27 1A 0 80
ID: 5F0, Data: 20 0
ID: 316, Data: 85 26 39 A 28 1A 0 80
ID: 153, Data: 80 0 0 FF 0 FF 0 0
ID: 316, Data: 85 26 30 A 28 1A 0 80
ID: 153, Data: 80 0 0 FF 0 FF 0 0
ID: 316, Data: 85 26 38 A 28 1A 0 80
ID: 153, Data: 80 0 0 FF 0 FF 0 0
ID: 316, Data: 85 26 44 A 27 1A 0 80
ID: 440, Data: 8A7 31 0 A0 FF AA AA AA
ID: 153, Data: 80 0 0 FF 0 FF 0 0
ID: 1F0, Data: 87 40 5 C0 0 0 0 0
ID: 280, Data: 830 0 84 AC 14 1B 52 4F
ID: 316, Data: 85 25 26 A 28 1A 0 80
ID: 440, Data: 8A7 31 0 A0 FF AA AA AA
ID: 153, Data: 80 0 0 FF 0 FF 0 0
ID: 316, Data: 85 25 13 A 28 19 0 80
ID: 316, Data: 85 24 E A 28 19 0 80
ID: 316, Data: 85 24 6 A 28 19 0 80
ID: 329, Data: 840 AC 80 8 12 2C 0 26
ID: 329, Data: 885 AC 80 8 12 2C 0 26
ID: 1F1, Data: 80 3B 0 0 0 0 0 0
ID: 1F0, Data: 87 40 5 C0 0 0 0 0
ID: 316, Data: 85 25 F5 9 28 19 0 80
ID: 18F, Data: 8AA 34 0 0 0 0 0 0
ID: 43F, Data: 81 45 60 FF 45 B0 0 0
ID: 260, Data: 8B 26 29 30 FF FF 76 33
ID: 43F, Data: 81 45 60 FF 45 B8 0 0
ID: 43F, Data: 81 45 60 FF 45 D0 0 0
ID: 316, Data: 85 26 BF 9 2A 19 0 80
ID: 43F, Data: 81 45 60 FF 45 1C 1 0
ID: 153, Data: 80 0 0 FF 0 FF 0 0
ID: 153, Data: 80 0 0 FF 0 FF 0 0
ID: 43F, Data: 81 45 60 FF 45 70 1 0
ID: 18F, Data: 8AA 34 0 0 0 0 0 0
ID: 43F, Data: 81 45 60 FF 45 74 1 0
ID: 260, Data: 8B 27 29 30 FF FF 77 22
ID: 153, Data: 80 0 0 FF 0 FF 0 0
ID: 316, Data: 85 26 36 A 28 19 0 80
ID: 153, Data: 80 0 0 FF 0 FF 0 0
ID: 316, Data: 85 26 2D A 28 19 0 80
ID: 316, Data: 85 26 3A A 28 19 0 80
ID: 153, Data: 80 0 0 FF 0 FF 0 0
ID: 316, Data: 85 26 2 A 29 19 0 80
ID: 153, Data: 80 0 0 FF 0 FF 0 0
ID: 316, Data: 85 26 EC 9 29 19 0 80
ID: 153, Data: 80 0 0 FF 0 FF 0 0
ID: 43F, Data: 81 45 60 FF 45 60 2 0
ID: 43F, Data: 81 45 60 FF 45 60 2 0
ID: 153, Data: 80 0 0 FF 0 FF 0 0
ID: 316, Data: 85 26 8 A 29 19 1 80
ID: 316, Data: 85 26 B A 29 19 1 80
ID: 316, Data: 85 26 FA 9 29 19 1 80
ID: 316, Data: 85 27 3 A 29 19 1 80
ID: 329, Data: 840 AC 80 8 12 2C 0 26
ID: 260, Data: 8B 27 28 30 FF FF 74 26
ID: 153, Data: 80 0 0 FF 0 FF 0 0
ID: 316, Data: 85 27 4C A 28 19 1 80
ID: 316, Data: 85 26 13 A 29 19 1 80
ID: 153, Data: 80 0 0 FF 0 FF 0 0
ID: 2A0, Data: 880 0 52 1C 3C 0 17 0
ID: 316, Data: 85 26 32 A 28 19 1 80
ID: 545, Data: 8E4 22 0 8C E6 0 E6 0
ID: 153, Data: 80 0 0 FF 0 FF 0 0
ID: 43F, Data: 81 45 60 FF 45 B4 2 0
ID: 153, Data: 80 0 0 FF 0 FF 0 0
ID: 153, Data: 80 0 0 FF 0 FF 0 0
ID: 18F, Data: 8AA 32 0 0 0 0 0 0
ID: 280, Data: 830 0 84 AC 14 1D 52 54
ID: 316, Data: 85 26 12 A 29 19 1 80
ID: 43F, Data: 81 45 60 FF 45 E0 2 0
ID: 43F, Data: 81 45 60 FF 45 C8 2 0
ID: 316, Data: 85 26 E2 9 29 19 1 80
ID: 440, Data: 8BD 91 1 A0 FF AA AA AA
ID: 280, Data: 830 0 84 AC 14 1E 52 55
ID: 1F0, Data: 87 40 5 C0 0 0 0 0
ID: 316, Data: 85 27 FE 9 29 19 1 80
ID: 316, Data: 85 27 14 A 29 19 1 80
ID: 316, Data: 85 27 1B A 29 19 1 80
ID: 2A0, Data: 820 0 52 1C 3C 0 17 0
ID: 153, Data: 80 0 0 FF 0 FF 0 0
ID: 153, Data: 80 0 0 FF 0 FF 0 0
ID: 153, Data: 80 0 0 FF 0 FF 0 0
ID: 545, Data: 8E4 22 0 8C ED 0 ED 0
ID: 316, Data: 85 26 3E A 28 19 1 80
ID: 2A0, Data: 8E0 0 52 1C 3C 0 17 0
ID: 370, Data: 8FF DE F0 F0 FF FF FF FF
ID: 440, Data: 8C1 91 1 A0 FF AA AA AA
ID: 545, Data: 8E4 22 0 8E E6 0 E6 0
ID: 43F, Data: 81 45 60 FF 45 B4 3 0
ID: 316, Data: 85 26 32 A 28 19 1 80
ID: 153, Data: 80 0 0 FF 0 FF 0 0
ID: 2A0, Data: 880 0 52 1C 3C 0 17 0
ID: 316, Data: 85 27 54 A 28 19 1 80
ID: 545, Data: 8E4 23 0 8E F2 0 F2 0
ID: 153, Data: 80 0 0 FF 0 FF 0 0
ID: 43F, Data: 81 45 60 FF 45 90 4 0
ID: 153, Data: 80 0 0 FF 0 FF 0 0
ID: 153, Data: 80 0 0 FF 0 FF 0 0
ID: 153, Data: 80 0 0 FF 0 FF 0 0
ID: 329, Data: 8ED AC 80 8 11 2C 0 26
ID: 316, Data: 85 27 49 A 28 19 2 80
ID: 18F, Data: 8AA 31 0 0 0 0 0 0
ID: 370, Data: 8FF DE F0 F0 FF FF FF FF
ID: 260, Data: 8B 2C 30 30 FF FF 74 A
ID: 1F0, Data: 87 40 5 C0 0 0 0 0
ID: 280, Data: 830 0 88 AC 16 1D 52 53
ID: 440, Data: 8E2 91 2 A0 FF AA AA AA
ID: 153, Data: 80 0 0 FF 0 FF 0 0
ID: 316, Data: 85 2E D7 B 33 1A 2 80
ID: 153, Data: 80 0 0 FF 0 FF 0 0
ID: 316, Data: 85 2D 3D C 32 1A 3 80
ID: 153, Data: 80 0 0 FF 0 FF 0 0
ID: 153, Data: 80 0 0 FF 0 FF 0 0
ID: 43F, Data: 81 45 60 FF 45 5C 7 0
ID: 43F, Data: 81 45 60 FF 45 88 7 0
ID: 43F, Data: 81 45 60 FF 46 BC 7 0
ID: 316, Data: 85 2D 26 D 30 1A 3 80
ID: 316, Data: 85 2D 55 D 30 1A 3 80
ID: 2A0, Data: 8A1 0 52 1C 3C 0 17 0
ID: 43F, Data: 81 45 60 FF 45 80 8 0
ID: 43F, Data: 81 45 60 FF 45 B0 8 0
ID: 43F, Data: 81 45 60 FF 45 E0 8 0
ID: 316, Data: 85 2C DE D 2E 1A 4 80
ID: 280, Data: 830 0 88 AC 1B 1B 52 4F
ID: 18F, Data: 8AA 31 0 0 0 0 0 0
ID: 316, Data: 85 2C 2A E 2E 1A 4 80
ID: 153, Data: 80 0 0 FF 0 FF 0 0
ID: 153, Data: 80 0 0 FF 0 FF 0 0
ID: 153, Data: 80 0 0 FF 0 FF 0 0
ID: 43F, Data: 81 45 60 FF 46 60 A 0
ID: 545, Data: 8E4 34 0 8E 37 1 37 1
ID: 153, Data: 80 0 0 FF 0 FF 0 0
ID: 43F, Data: 81 45 60 FF 46 F0 A 0
ID: 153, Data: 80 0 0 FF 0 FF 0 0
ID: 153, Data: 80 0 0 FF 0 FF 0 0
ID: 260, Data: 8B 2F 45 30 FF FF AC 33
ID: 329, Data: 8B AC 80 8 11 33 10 26
ID: 316, Data: 85 34 4D F 47 19 5 80
ID: 316, Data: 85 36 74 F 46 19 5 80
ID: 316, Data: 85 38 C2 F 46 18 5 80
ID: A0, Data: 849 79 99 F 6 2B 2 0
ID: 153, Data: 80 0 0 FF 0 FF 0 0
ID: 1F0, Data: 87 40 5 C0 0 0 0 0
ID: 370, Data: 8FF DE F0 F0 FF FF FF FF
ID: 316, Data: 85 3D C3 11 4A 17 6 80
ID: 153, Data: 80 0 0 FF 0 FF 0 0
ID: 153, Data: 80 0 0 FF 0 FF 0 0
ID: 316, Data: 85 3F AC 12 4C 16 6 80
ID: 43F, Data: 81 45 60 FF 46 90 E 0
ID: 43F, Data: 81 45 60 FF 46 DC E 0
ID: 316, Data: 85 3F A5 13 4E 16 7 80
ID: 280, Data: 830 0 88 AC 27 27 52 69
ID: 1F1, Data: 80 70 3F E0 3 40 0 4
ID: 316, Data: 85 41 C4 14 52 15 7 80
ID: 316, Data: 85 42 7 15 54 15 7 80
ID: 153, Data: 80 0 0 FF 0 FF 0 0
ID: 153, Data: 80 0 0 FF 0 FF 0 0
ID: 153, Data: 80 0 0 FF 0 FF 0 0
ID: 280, Data: 830 0 88 AC 2D 2D 52 7C
ID: 43F, Data: 81 45 60 FF 46 B0 12 0
ID: A0, Data: 85B 79 52 16 8 33 2 0
ID: 153, Data: 80 0 0 FF 0 FF 0 0
ID: 316, Data: 85 4E E0 18 56 14 9 80
ID: 440, Data: 8FE 41 9 A0 FF AA AA AA
ID: 316, Data: 85 50 D6 19 56 14 9 80
ID: 5F0, Data: 20 0
ID: 153, Data: 80 0 0 FF 0 FF 0 0
ID: 153, Data: 80 0 0 FF 0 FF 0 0
ID: 18F, Data: 8AA 30 0 0 0 0 0 0
ID: 545, Data: 8E4 B7 0 8E 22 4 22 4
ID: 153, Data: 80 0 0 FF 0 FF 0 0
ID: 280, Data: 830 0 88 AC 38 33 52 85
ID: 43F, Data: 8A 45 60 FF 46 20 19 0
ID: 260, Data: 8B 54 5A 30 FF FF C1 3E
ID: 316, Data: 85 54 F0 1D 58 13 C 80
ID: 280, Data: 830 0 88 AC 3D 33 52 86
ID: 43F, Data: 8A 45 60 FF 46 A8 1B 0
ID: 440, Data: 8FE 31 D A0 FF AA AA AA
ID: 545, Data: 8E4 E4 0 8D 77 4 77 4
ID: 316, Data: 85 54 D7 20 55 14 E 80
ID: 1F1, Data: 80 B4 76 70 7 7A A0 7
ID: A0, Data: 85C 79 E5 20 E 3A 2 0
ID: 153, Data: 80 0 0 FF 0 FF 0 0
ID: 43F, Data: 8A 45 60 FF 45 28 1F 0
ID: A1, Data: 887 7D 86 7F 3C 0 0 0
ID: 153, Data: 80 0 0 FF 0 FF 0 0
ID: 316, Data: 85 5D C7 23 67 14 F 80
ID: 153, Data: 80 0 0 FF 0 FF 0 0
ID: 316, Data: 85 62 50 25 67 14 10 80
ID: 1F0, Data: 81 40 5 C0 0 0 0 0
ID: 316, Data: 85 5C D5 26 67 14 10 80
ID: 316, Data: 85 50 23 27 67 14 11 80
ID: A1, Data: 886 7D 85 7F 40 0 0 0
ID: 316, Data: 85 4C 23 27 6A 14 11 80
ID: 316, Data: 85 4C 10 27 6A 14 11 80
ID: A1, Data: 885 7D 84 7F 41 0 0 0
ID: 316, Data: 85 4D 2A 26 6C 14 12 80
ID: 316, Data: 85 4E CE 25 6D 14 12 80
ID: 260, Data: 8B 6B 6E 30 FF FF 6B 2E
ID: 316, Data: 85 4F 9 24 6E 13 12 80
ID: 545, Data: 8E4 33 1 8E 37 4 7A 6
ID: 5F0, Data: 20 0
ID: 316, Data: 85 59 F2 20 72 13 13 80
ID: 316, Data: 85 59 4F 20 72 12 13 80
ID: 329, Data: 8B AC 80 8 11 4B 39 26
ID: 43F, Data: 8A 45 60 FF 46 E8 18 0
ID: 316, Data: 85 7B 85 20 73 13 14 80
ID: 545, Data: 8E4 35 1 8E D8 6 D8 6
ID: 153, Data: 80 0 0 FF 0 FF 0 0
ID: 316, Data: 85 71 1C 21 73 13 15 80
ID: 153, Data: 80 0 0 FF 0 FF 0 0
ID: 329, Data: 8ED AC 80 8 11 4A 3B 26
ID: 316, Data: 85 71 0 21 75 13 16 80
ID: A1, Data: 883 7D 84 7F 43 0 0 0
ID: 43F, Data: 8A 45 60 FF 46 18 1B 0
ID: 153, Data: 80 0 0 FF 0 FF 0 0
ID: 316, Data: 85 73 D7 21 76 13 18 80
ID: 316, Data: 85 73 3 22 76 13 18 80
ID: 2A0, Data: 8A1 1E 52 1C 3C 0 17 0
ID: 440, Data: 8FE 91 19 A0 FF AA AA AA
ID: 316, Data: 85 74 B8 22 76 13 19 80
ID: 43F, Data: 82 45 60 FF 45 AC 1D 0
ID: 316, Data: 85 75 36 23 75 13 1A 80
ID: A1, Data: 882 7D 81 7F 45 0 0 0
ID: 316, Data: 85 74 86 23 75 13 1A 80
ID: 316, Data: 85 74 D7 23 75 13 1B 80
ID: 260, Data: 8B 74 76 30 FF FF AA A
ID: 43F, Data: 82 45 60 FF 45 B4 1F 0
ID: 329, Data: 8ED AC 80 8 11 4C 3C 26
ID: 440, Data: 8FE 72 1C A0 FF AA AA AA
ID: 316, Data: 85 70 2C 25 75 13 1C 80
ID: 43F, Data: 82 45 60 FF 46 24 21 0
ID: 43F, Data: 82 45 60 FF 45 74 21 0
ID: 260, Data: 8B 71 75 30 FF FF AE 28
ID: 153, Data: 80 0 0 FF 0 FF 0 0
ID: 316, Data: 85 70 AF 26 74 14 1E 80
ID: 153, Data: 80 0 0 FF 0 FF 0 0
ID: A0, Data: 87F 79 63 26 1E 43 2 0
ID: 316, Data: 85 70 5E 27 74 14 1F 80
ID: 260, Data: 8B 71 75 30 FF FF AE 19
ID: 316, Data: 85 70 D7 27 75 14 1F 80
ID: 2A0, Data: 81 26 52 1C 3C 0 17 0
ID: 316, Data: 85 71 7C 28 77 14 20 80
ID: 316, Data: 85 72 A6 28 79 14 20 80
ID: A0, Data: 881 79 D0 28 21 44 2 0
ID: 43F, Data: 8B 45 60 FF 46 74 25 0
ID: 316, Data: 85 76 AA 29 79 15 21 80
ID: 260, Data: 8B 79 7A 30 FF FF AD E
ID: 316, Data: 85 79 5F 2A 79 15 21 80
ID: 316, Data: 85 79 8D 2A 79 15 22 80
ID: 43F, Data: 8B 45 60 FF 45 9C 26 0
ID: 43F, Data: 8B 45 60 FF 45 C0 26 0
ID: A0, Data: 882 79 8D 2A 22 46 2 0
ID: 316, Data: 85 76 EB 2A 78 15 23 80
ID: 316, Data: 85 60 5F 2A 79 15 23 80
ID: 18F, Data: 8AA 2F 0 0 0 0 0 0
ID: 43F, Data: 8B 45 60 5F 45 68 23 0
ID: 153, Data: 80 0 0 FF 0 FF 0 0
ID: 316, Data: 85 60 62 25 7E 13 24 80
ID: 153, Data: 80 0 0 FF 0 FF 0 0
ID: 329, Data: 8ED AC 80 8 11 4F 44 26
ID: 316, Data: 85 6F 86 23 83 12 24 80
ID: 43F, Data: 8B 45 60 71 45 F0 1D 0
ID: 43F, Data: 8B 45 60 71 45 AC 1D 0
ID: 280, Data: 830 0 88 AC 46 50 52 99
ID: A1, Data: 881 7D 80 7F 48 0 0 0
ID: 316, Data: 85 6F E7 22 86 12 26 80
ID: 316, Data: 85 6F 7B 22 86 12 26 80
ID: 43F, Data: 8B 45 60 83 45 18 1C 0
ID: 316, Data: 85 83 B8 22 86 12 26 80
ID: 2A0, Data: 8C1 2F 52 1C 3C 0 17 0
ID: 316, Data: 85 84 A6 23 86 12 27 80
ID: 316, Data: 85 84 9 24 88 13 27 80
ID: 43F, Data: 8B 45 60 FF 45 4 1D 0
ID: 316, Data: 85 85 6E 24 8A 13 27 80
ID: 316, Data: 85 85 A1 24 8A 12 28 80
ID: A1, Data: 880 7D 7E 7F 49 0 0 0
ID: 316, Data: 85 87 F7 24 8B 12 28 80
ID: 153, Data: 80 0 0 FF 0 FF 0 0
ID: 1F0, Data: 85 40 5 C0 0 0 0 0
ID: 2A0, Data: 861 32 52 1C 3C 0 17 0
ID: 316, Data: 85 8C E0 25 8E 12 29 80
ID: 18F, Data: 8AA 2E 0 0 0 0 0 0
ID: 153, Data: 80 0 0 FF 0 FF 0 0
ID: 316, Data: 85 8D 89 26 8F 13 2A 80
ID: A1, Data: 880 7D 7F 7F 4C 0 0 0
ID: 316, Data: 85 8D 9C 26 94 13 2B 80
ID: 316, Data: 85 8D C2 26 94 13 2B 80
ID: 18F, Data: 8AA 2E 0 0 0 0 0 0
ID: 440, Data: 8FE B3 2C A0 FF AA AA AA
ID: 153, Data: 80 0 0 FF 0 FF 0 0
ID: 545, Data: 8E4 DC 1 8E D7 8 D7 8
ID: 316, Data: 85 93 EB 27 95 13 2C 80
ID: 545, Data: 8E4 C8 1 8D D7 8 D7 8
ID: 316, Data: 85 94 14 28 95 13 2D 80
ID: 153, Data: 80 0 0 FF 0 FF 0 0
ID: 260, Data: 8B 96 96 30 FF FF 9C 21
ID: 316, Data: 85 94 7C 28 95 13 2E 80
ID: 153, Data: 80 0 0 FF 0 FF 0 0
ID: 316, Data: 85 94 E6 28 95 13 2F 80
ID: 153, Data: 80 0 0 FF 0 FF 0 0
ID: 2A0, Data: 81 39 52 1C 3C 0 17 0
ID: 316, Data: 85 93 11 29 96 14 2F 80
ID: 2A0, Data: 8C1 3A 52 1C 3C 0 17 0
ID: 43F, Data: 83 45 60 FF 46 58 23 0
ID: 370, Data: 8FF E1 F0 F0 FF FF FF FF
ID: 440, Data: 8FE C3 31 A0 FF AA AA AA
ID: 316, Data: 85 93 AA 29 96 14 31 80
ID: 43F, Data: 83 45 60 FF 46 30 24 0
ID: 316, Data: 85 93 D7 29 96 14 31 80
ID: A0, Data: 8A3 79 AA 29 31 4C 2 0
ID: 153, Data: 80 0 0 FF 0 FF 0 0
ID: 316, Data: 85 93 1A 2A 96 14 32 80
ID: 153, Data: 80 0 0 FF 0 FF 0 0
ID: 1F0, Data: 84 40 5 C0 0 0 0 0
ID: 316, Data: 85 93 A4 2A 96 14 33 80
ID: 153, Data: 80 0 0 FF 0 FF 0 0
ID: 545, Data: 8E4 E1 1 8D C3 8 C3 8
ID: 316, Data: 85 93 1A 2B 96 14 34 80
ID: 2A0, Data: 8C1 3E 52 1C 3C 0 17 0
ID: 316, Data: 85 92 62 2B 96 14 34 80
ID: 153, Data: 80 0 0 FF 0 FF 0 0
ID: 43F, Data: 83 45 60 FF 46 D8 26 0
ID: 18F, Data: 8AA 2E 0 0 0 0 0 0
ID: 43F, Data: 83 45 60 FF 46 54 27 0
ID: 153, Data: 80 0 0 FF 0 FF 0 0
ID: 153, Data: 80 0 0 FF 0 FF 0 0
ID: 316, Data: 85 91 8B 2C 95 15 36 7D
ID: 18F, Data: 8AA 2E 0 0 0 0 0 0
ID: 316, Data: 85 91 D7 2C 95 15 37 7D
ID: 153, Data: 80 0 0 FF 0 FF 0 0
ID: 153, Data: 80 0 0 FF 0 FF 0 0
ID: 316, Data: 85 94 74 2D 95 15 37 7D
ID: 43F, Data: 83 45 60 FF 46 DC 28 0
ID: 316, Data: 85 94 C4 2D 95 15 38 7D
ID: 153, Data: 80 0 0 FF 0 FF 0 0
ID: 153, Data: 80 0 0 FF 0 FF 0 0
ID: 316, Data: 85 94 4B 2E 94 15 39 7D
ID: 440, Data: 8FE 13 39 A0 FF AA AA AA
ID: 316, Data: 85 93 82 2E 94 15 39 7D
ID: 153, Data: 80 0 0 FF 0 FF 0 0
ID: 440, Data: 8FE 63 3A A0 FF AA AA AA
ID: 43F, Data: 83 45 60 FF 47 84 2A 0
ID: 2A0, Data: 8C1 43 52 1C 3C 0 17 0
ID: 316, Data: 85 92 81 2F 93 16 3B 7D
ID: 316, Data: 85 92 9E 2F 93 16 3B 7D
ID: A0, Data: 8A1 7A 81 2F 3B 4F 2 0
ID: 43F, Data: 83 45 60 FF 47 74 2B 0
ID: 316, Data: 85 91 13 30 93 16 3C 7D
ID: 18F, Data: 8AA 2E 0 0 0 0 0 0
ID: 316, Data: 85 91 4F 30 93 16 3C 7D
ID: 153, Data: 80 0 0 FF 0 FF 0 0
ID: 316, Data: 85 91 A9 30 8D 16 3D 7C
ID: 316, Data: 85 90 C7 30 8B 16 3D 7C
ID: 260, Data: 8B 91 8B 30 FF FF A3 C
ID: 43F, Data: 8C 45 60 FF 48 E4 2C 0
ID: 329, Data: 8B AC 7C 8 11 5A 4C 26
ID: 370, Data: 8FF E3 F0 F0 FF FF FF FF
ID: 316, Data: 85 8A 61 31 88 17 3E 7C
ID: A1, Data: 87C 80 7E 81 4B 0 0 0
ID: 43F, Data: 8C 45 60 FF 48 C0 2D 0
ID: 316, Data: 85 89 E0 31 87 17 3F 7C
ID: 1F0, Data: 86 40 5 C0 0 0 0 0
ID: 316, Data: 85 88 20 32 80 17 3F 7C
ID: 43F, Data: 8C 45 60 FF 49 44 2E 0
ID: 316, Data: 85 84 40 32 79 17 40 7C
ID: 2A0, Data: 81 45 52 1C 3C 0 17 0
ID: 153, Data: 80 0 0 FF 0 FF 0 0
ID: 316, Data: 85 7D 20 32 78 17 40 7C
ID: 153, Data: 80 0 0 FF 0 FF 0 0
ID: 280, Data: 830 0 88 AC 64 4A 52 96
ID: 316, Data: 85 7C 40 32 77 17 41 7C
ID: 43F, Data: 8C 45 60 69 4A 7C 2D 0
ID: 43F, Data: 8C 45 60 66 4A 60 2C 0
ID: 316, Data: 85 67 FA 2D 7C 16 41 7C
ID: 316, Data: 85 68 26 2C 7E 15 41 7C
ID: 316, Data: 85 6C 8D 2A 7F 14 42 7C
ID: 43F, Data: 8C 45 60 7C 49 34 25 0
ID: 316, Data: 85 84 A6 28 81 13 42 7C
ID: 545, Data: 8CC B6 1 8E E7 7 1E 8
ID: 153, Data: 80 0 0 FF 0 FF 0 0
ID: 316, Data: 85 8A 11 29 81 14 42 7C
ID: 153, Data: 80 0 0 FF 0 FF 0 0
ID: 316, Data: 85 86 26 29 81 14 43 7C
ID: 316, Data: 85 85 11 29 81 14 43 7C
ID: 260, Data: 8B 86 82 30 FF FF A5 F
ID: 43F, Data: 8C 45 60 FF 48 A4 24 0
ID: 329, Data: 8ED AD 7C 8 11 52 42 26
ID: 370, Data: 8FF E3 F0 F0 FF FF FF FF
ID: 316, Data: 85 84 7E 29 81 14 44 7C
ID: 43F, Data: 84 45 60 FF 48 8 25 0
ID: 316, Data: 85 84 AA 29 81 14 44 7C
ID: 280, Data: 830 0 88 AD 53 4F 52 99
ID: 153, Data: 80 0 0 FF 0 FF 0 0
ID: 316, Data: 85 84 AA 29 81 14 44 7C
ID: 153, Data: 80 0 0 FF 0 FF 0 0
ID: 260, Data: 8B 85 82 30 FF FF A7 3B
ID: 329, Data: 8B AD 7C 8 11 53 42 26
ID: 43F, Data: 84 45 60 FF 48 B4 25 0
ID: 316, Data: 85 85 31 2A 7F 14 45 7C
ID: 260, Data: 8B 86 77 30 FF FF A7 9
ID: 316, Data: 85 82 48 2A 66 14 45 7C
ID: 316, Data: 85 7E 1A 2A 62 14 46 7C
ID: 153, Data: 80 0 0 FF 0 FF 0 0
ID: 43F, Data: 8D 45 60 FF 48 8 26 0
ID: 153, Data: 80 0 0 FF 0 FF 0 0
ID: 316, Data: 85 64 E6 28 60 15 46 7C
ID: 316, Data: 85 61 91 28 60 15 46 7C
ID: 316, Data: 85 60 7C 28 60 14 46 7C
ID: 43F, Data: 8D 45 60 FF 48 58 26 0
ID: 316, Data: 85 60 67 28 60 14 47 7C
ID: 153, Data: 80 0 0 FF 0 FF 0 0
ID: 316, Data: 85 5F 7C 28 60 14 47 7C
ID: 153, Data: 80 0 0 FF 0 FF 0 0
ID: 329, Data: 8B AD 7C 8 11 4B 2E 26
ID: 316, Data: 85 60 52 28 60 14 47 7C
ID: 280, Data: 830 0 88 AD 51 3A 52 84
ID: 43F, Data: 8D 45 60 49 48 D8 27 0
ID: 280, Data: 830 0 88 AD 50 38 52 81
ID: A0, Data: 86A 7B E6 28 48 40 2 0
ID: 316, Data: 85 41 2A 26 46 15 47 7C
ID: 329, Data: 8ED AD 7C 8 11 44 1F 26
ID: 43F, Data: 8D 45 60 3A 47 C0 21 0
ID: 316, Data: 85 37 6C 22 4A 14 48 7C
ID: 18F, Data: 8AA 2D 0 0 0 0 0 0
ID: 316, Data: 85 44 4F 20 4D 14 48 7C
ID: 153, Data: 80 0 0 FF 0 FF 0 0
ID: 316, Data: 85 4F E5 1F 4D 13 48 7C
ID: 316, Data: 85 54 E5 1F 4D 13 48 7C
ID: A1, Data: 87D 7D 80 7F 3C 0 0 0
ID: 43F, Data: 84D 45 60 FF 47 AC 1D 0
ID: 316, Data: 85 54 33 1F 4E 13 48 7C
ID: 18F, Data: 8AA 2D 0 0 0 0 0 0
ID: 316, Data: 85 54 AC 1E 4E 13 48 7C
ID: 153, Data: 80 0 0 FF 0 FF 0 0
ID: 316, Data: 85 54 36 1E 46 13 48 7C
ID: 153, Data: 80 0 0 FF 0 FF 0 0
ID: 280, Data: 830 0 88 AE 3C 31 52 7C
ID: 440, Data: 8E2 25 48 A0 FF AA AA AA
ID: 153, Data: 80 0 0 FF 0 FF 0 0
ID: 316, Data: 85 4A CE 1D 3F 14 48 7C
ID: 316, Data: 85 47 CE 1D 3F 14 48 7C
ID: 18F, Data: 8AA 2D 0 0 0 0 0 0
ID: 43F, Data: 84E 45 60 FF 47 B8 1D 0
ID: 153, Data: 80 0 0 FF 0 FF 0 0
ID: 316, Data: 85 42 B7 1D 38 14 48 7C
ID: 316, Data: 85 42 D9 1D 38 14 48 7C
ID: 18F, Data: 8AA 2D 0 0 0 0 0 0
ID: 316, Data: 85 3F E5 1D 38 14 48 7C
ID: 43F, Data: 84E 45 60 FF 47 B0 1D 0
ID: 316, Data: 85 3D E5 1D 39 15 48 7C
ID: 153, Data: 80 0 0 FF 0 FF 0 0
ID: 153, Data: 80 0 0 FF 0 FF 0 0
ID: 316, Data: 85 35 B7 1D 11 15 48 7C
ID: 153, Data: 80 0 0 FF 0 FF 0 0
ID: 316, Data: 85 30 C6 1C 12 15 48 7C
ID: 1F0, Data: 8FD 3F 5 C0 0 0 0 0
ID: 280, Data: 830 0 88 AE 37 21 52 57
ID: 280, Data: 830 0 88 AE 35 1F 52 51
ID: 153, Data: 80 0 0 FF 0 FF 0 0
ID: 316, Data: 85 2B F0 18 17 17 48 7C
ID: 316, Data: 85 27 73 18 18 18 48 7C
ID: A0, Data: 825 7B 61 19 49 28 2 0
ID: 5F0, Data: 20 0
ID: 316, Data: 85 21 DD 17 19 19 48 7C
ID: 316, Data: 85 21 E5 17 19 19 48 7C
ID: 43F, Data: 84E 45 60 FF 47 94 17 0
ID: 5F0, Data: 20 0
ID: 18F, Data: 8AA 2D 0 0 0 0 0 0
ID: 545, Data: 8CC 2E 0 8E 32 0 32 0
ID: 316, Data: 85 1B FD 16 1A 19 48 7C
ID: 545, Data: 8CC 2D 0 8E A 0 A 0
ID: 43F, Data: 846 45 60 FF 47 74 17 0
ID: 153, Data: 80 0 0 FF 0 FF 0 0
ID: 316, Data: 85 18 52 15 1C 19 48 7C
ID: 316, Data: 85 18 C4 14 1D 19 48 7C
ID: 18F, Data: 8AA 2D 0 0 0 0 0 0
ID: 316, Data: 85 1B E6 13 1E 19 47 7C
ID: 43F, Data: 846 45 60 FF 46 64 17 0
ID: 316, Data: 85 1D 52 13 1F 18 47 7C
ID: 153, Data: 80 0 0 FF 0 FF 0 0
ID: 153, Data: 80 0 0 FF 0 FF 0 0
ID: 316, Data: 85 20 23 13 1F 18 47 7C
ID: 153, Data: 80 0 0 FF 0 FF 0 0
ID: 316, Data: 85 20 49 13 1E 18 47 7C
ID: 316, Data: 85 20 6F 13 1E 18 47 7C
ID: 2A0, Data: 840 20 52 1C 3C 0 17 0
ID: 316, Data: 85 21 83 13 1E 18 47 7C
ID: 316, Data: 85 21 74 13 1E 18 47 7C
ID: 440, Data: 8FE B6 47 A0 FF AA AA AA
ID: 316, Data: 85 20 AA 13 1E 18 47 7C
ID: 153, Data: 80 0 0 FF 0 FF 0 0
ID: 43F, Data: 846 45 60 FF 47 20 17 0
ID: 316, Data: 8D 1F 9B 13 1E 18 47 7C
ID: 2A0, Data: 820 1D 52 1C 3C 0 17 0
ID: 316, Data: 8D 20 66 13 1E 18 46 7C
ID: 316, Data: 8D 1A 61 13 1E 18 46 7C
ID: 43F, Data: 846 45 60 FF 47 FC 16 0
ID: 43F, Data: 846 45 60 FF 47 8 17 0
ID: 18F, Data: 8AA 2D 0 0 0 0 0 0
ID: 316, Data: 8D 15 E7 12 1F 18 46 7C
ID: 153, Data: 80 0 0 FF 0 FF 0 0
ID: 153, Data: 80 0 0 FF 0 FF 0 0
ID: 316, Data: 8D 16 96 12 20 18 46 7C
ID: 43F, Data: 846 45 60 FF 47 E8 16 0
ID: 316, Data: 8D 16 3B 12 20 18 46 7C
ID: 153, Data: 80 0 0 FF 0 FF 0 0
ID: 153, Data: 80 0 0 FF 0 FF 0 0
ID: 316, Data: 8D 11 43 12 20 18 46 7C
ID: 5F0, Data: 20 0
ID: 316, Data: 8D 11 37 12 20 18 46 7C
ID: 153, Data: 80 0 0 FF 0 FF 0 0
ID: A1, Data: 880 77 80 76 21 0 0 0
ID: 329, Data: 8ED AF 7C 8 11 30 0 26
ID: 545, Data: 8CC 12 0 8E 23 FF 23 FF
ID: 153, Data: 80 0 0 FF 0 FF 0 0
ID: 440, Data: 8FE C6 45 A0 FF AA AA AA
ID: 43F, Data: 846 45 60 FF 46 94 16 0
ID: 18F, Data: 8AA 2D 0 0 0 0 0 0
ID: 316, Data: 8D 6 9B 13 27 17 45 7C
ID: 316, Data: 85 C D2 13 31 18 45 7C
ID: 153, Data: 80 0 0 FF 0 FF 0 0
ID: 260, Data: 8B 23 36 30 FF FF BA 12
ID: 316, Data: 85 2C 9F 16 36 17 45 7C
ID: 153, Data: 80 0 0 FF 0 FF 0 0
ID: 316, Data: 85 2D 48 17 36 17 45 7C
ID: 153, Data: 80 0 0 FF 0 FF 0 0
ID: 329, Data: 840 AF 7C 8 11 35 A 26
ID: 316, Data: 85 31 3E 18 36 17 44 7C
ID: 18F, Data: 8AA 2D 0 0 0 0 0 0
ID: 43F, Data: 846 45 60 FF 47 70 16 0
ID: 153, Data: 80 0 0 FF 0 FF 0 0
ID: 316, Data: 85 33 63 18 37 16 44 7C
ID: 316, Data: 85 33 73 18 37 16 44 7C
ID: 260, Data: 8B 34 37 30 FF FF CA 3C
ID: 316, Data: 85 35 99 18 37 16 44 7C
ID: 2A0, Data: 8C1 13 52 1C 3C 0 17 0
ID: 43F, Data: 846 45 60 FF 47 64 16 0
ID: 316, Data: 85 37 B8 18 38 15 44 7C
ID: 153, Data: 80 0 0 FF 0 FF 0 0
ID: 316, Data: 85 38 E0 18 38 15 44 7C
ID: 153, Data: 80 0 0 FF 0 FF 0 0
ID: 153, Data: 80 0 0 FF 0 FF 0 0
ID: 316, Data: 85 39 E8 18 38 15 44 7C
ID: 43F, Data: 846 45 60 FF 47 64 16 0
ID: 2A0, Data: 8A1 12 52 1C 3C 0 17 0
ID: 153, Data: 80 0 0 FF 0 FF 0 0
ID: 316, Data: 85 3E 30 19 40 1E 44 7C
ID: 316, Data: 85 3E 51 19 40 1E 44 7C
ID: 260, Data: 8B 3F 41 30 FF FF CC 25
ID: 43F, Data: 846 45 60 FF 47 5C 16 0
ID: 280, Data: 830 0 88 B0 33 28 52 6E
ID: 153, Data: 80 0 0 FF 0 FF 0 0
ID: 316, Data: 85 41 9B 19 43 1D 44 7C
ID: 153, Data: 80 0 0 FF 0 FF 0 0
ID: 18F, Data: 8AA 2D 0 0 0 0 0 0
ID: 316, Data: 845 42 9B 19 46 1D 44 7C
ID: 153, Data: 80 0 0 FF 0 FF 0 0
ID: 43F, Data: 846 45 60 FF 47 58 16 0
ID: 18F, Data: 8AA 2D 0 0 0 0 0 0
ID: 316, Data: 845 46 48 19 48 1D 44 7C
ID: 153, Data: 80 0 0 FF 0 FF 0 0
ID: 1F0, Data: 84 40 5 C0 0 0 0 0
ID: 316, Data: 845 47 8A 19 47 1D 44 7C
ID: 153, Data: 80 0 0 FF 0 FF 0 0
ID: A0, Data: 84F 7D 8A 19 45 32 2 0
ID: 316, Data: 845 47 8A 19 4C 1D 44 7C
ID: 18F, Data: 8AA 2E 0 0 0 0 0 0
ID: 316, Data: 845 4A 71 19 58 1D 44 7C
ID: 153, Data: 80 0 0 FF 0 FF 0 0
ID: 18F, Data: 8AA 2F 0 0 0 0 0 0
ID: 316, Data: 845 57 A4 19 5E 1C 44 7C
ID: 316, Data: 845 5A AC 19 5F 1C 44 7C
ID: 153, Data: 80 0 0 FF 0 FF 0 0
ID: 370, Data: 8FF E0 F0 F0 FF FF FF FF
ID: 316, Data: 845 62 51 19 5F 1B 44 7C
ID: 440, Data: 8FE C6 44 A0 FF AA AA AA
ID: 153, Data: 80 0 0 FF 0 FF 0 0
ID: 43F, Data: 846 45 60 FF 47 80 16 0
ID: 153, Data: 80 0 0 FF 0 FF 0 0
ID: 43F, Data: 846 45 60 FF 47 84 16 0
ID: 153, Data: 80 0 0 FF 0 FF 0 0
ID: 316, Data: 845 62 10 19 64 1B 45 7C
ID: 316, Data: 845 63 10 19 64 1B 45 7C
ID: 43F, Data: 846 45 60 FF 47 B0 16 0
ID: 316, Data: 845 63 20 19 64 1B 45 7C
ID: 153, Data: 80 0 0 FF 0 FF 0 0
ID: 329, Data: 885 B0 7C 8 11 43 1F 26
ID: 316, Data: 845 65 48 19 63 1B 45 7C
ID: 43F, Data: 846 45 60 FF 47 B0 16 0
ID: 153, Data: 80 0 0 FF 0 FF 0 0
ID: 153, Data: 80 0 0 FF 0 FF 0 0
ID: 2A0, Data: 861 15 52 1C 3C 0 17 0
ID: 316, Data: 845 65 51 19 63 1B 45 7C
ID: 260, Data: 8B 66 64 30 FF FF A6 1F
ID: 153, Data: 80 0 0 FF 0 FF 0 0
ID: 153, Data: 80 0 0 FF 0 FF 0 0
ID: 545, Data: 8CC D5 0 8E 35 5 35 5
ID: 316, Data: 845 67 59 19 68 1B 46 7C
ID: 280, Data: 830 0 88 B1 32 40 52 97
ID: 43F, Data: 846 45 60 FF 47 E0 16 0
ID: 43F, Data: 846 45 60 FF 47 DC 16 0
ID: 153, Data: 80 0 0 FF 0 FF 0 0
ID: 329, Data: 840 B1 7C 8 11 3B 2 26
ID: 316, Data: 845 54 20 19 24 1C 46 7C
ID: 260, Data: 8B 50 25 30 FF FF B0 3C
ID: 43F, Data: 846 45 60 FF 47 E4 16 0
ID: 2A0, Data: 8C1 14 52 1C 3C 0 17 0
ID: 153, Data: 80 0 0 FF 0 FF 0 0
ID: 316, Data: 845 3C 1F 17 27 1D 46 7C
ID: 153, Data: 80 0 0 FF 0 FF 0 0
ID: 43F, Data: 846 45 60 FF 47 FC 16 0
ID: 260, Data: 8B 38 1F 30 FF FF C9 6
ID: 153, Data: 80 0 0 FF 0 FF 0 0
ID: 316, Data: 845 36 D6 17 1F 1F 46 7C
ID: 153, Data: 80 0 0 FF 0 FF 0 0
ID: 43F, Data: 846 45 60 FF 47 F8 16 0
ID: 2A0, Data: 840 12 52 1C 3C 0 17 0
ID: 43F, Data: 846 45 60 FF 47 F4 16 0
ID: 316, Data: 845 2A 8E 17 21 20 46 7C
ID: 153, Data: 80 0 0 FF 0 FF 0 0
ID: 316, Data: 845 25 64 17 22 21 46 7C
ID: 316, Data: 845 23 56 17 22 21 46 7C
ID: 43F, Data: 846 45 60 FF 47 E8 16 0
ID: 316, Data: 845 1F A 17 22 21 46 7C
ID: 153, Data: 80 0 0 FF 0 FF 0 0
ID: 153, Data: 80 0 0 FF 0 FF 0 0
ID: 316, Data: 845 20 9F 16 23 21 46 7C
ID: 153, Data: 80 0 0 FF 0 FF 0 0
ID: 329, Data: 885 B1 7C 8 11 33 0 26
ID: 316, Data: 845 22 92 16 23 21 46 7C
ID: 2A0, Data: 880 F 52 1C 3C 0 17 0
ID: 43F, Data: 846 45 60 FF 47 E0 16 0
ID: 43F, Data: 846 45 60 FF 47 D4 16 0
ID: 5F0, Data: 20 0
ID: 316, Data: 845 25 C0 16 22 21 46 7C
ID: 316, Data: 845 25 B3 16 22 21 46 7C
ID: 153, Data: 80 0 0 FF 0 FF 0 0
ID: 316, Data: 845 25 9F 16 22 21 46 7C
ID: 316, Data: 845 25 7F 16 22 21 46 7C
ID: 153, Data: 80 0 0 FF 0 FF 0 0
ID: 153, Data: 80 0 0 FF 0 FF 0 0
ID: 316, Data: 845 25 2C 16 23 21 46 7C
ID: 153, Data: 80 0 0 FF 0 FF 0 0
ID: 545, Data: 8CC 47 0 8E 54 0 54 0
ID: 316, Data: 84D 25 B7 15 23 21 45 7C
ID: 280, Data: 830 0 A0 B1 2B 1C 52 46
ID: 43F, Data: 846 45 60 FF 47 BC 16 0
ID: 260, Data: 80 26 24 30 FF FF 57 7
ID: 316, Data: 84D 20 EB 14 24 20 45 7C
ID: 316, Data: 84D 20 E0 14 24 20 45 7C
ID: 153, Data: 80 0 0 FF 0 FF 0 0
ID: 545, Data: 8CC 38 0 8E FD FF FD FF
ID: 316, Data: 84D 20 B4 13 25 20 45 7C
ID: 153, Data: 80 0 0 FF 0 FF 0 0
ID: 316, Data: 84D 1A 4E 13 26 20 45 7C
ID: 153, Data: 80 0 0 FF 0 FF 0 0
ID: 43F, Data: 846 45 60 FF 47 94 16 0
ID: 2A0, Data: 820 B 52 1C 3C 0 17 0
ID: 43F, Data: 846 45 60 FF 47 90 16 0
ID: 43F, Data: 846 45 60 FF 47 94 16 0
ID: A0, Data: 83C 7E E3 11 45 2A 4 0
ID: 316, Data: 84D 19 2E 11 2C 21 45 7C
ID: 316, Data: 84D 19 1 11 32 21 45 7C
ID: 43F, Data: 846 45 60 FF 47 74 16 0
ID: 316, Data: 845 2B DD 10 39 21 45 7C
ID: 153, Data: 80 0 0 FF 0 FF 0 0
ID: 316, Data: 845 32 DE 12 38 20 45 7C
ID: 316, Data: 845 31 68 14 39 20 45 7C
ID: 43F, Data: 846 45 60 FF 47 74 16 0
ID: 316, Data: 845 31 FD 16 40 1F 45 7C
ID: 153, Data: 80 0 0 FF 0 FF 0 0
ID: 316, Data: 845 36 DD 17 47 1F 44 7C
ID: 316, Data: 845 39 2F 18 4B 1E 44 7C
ID: 440, Data: 8FE C6 44 A0 FF AA AA AA
ID: 316, Data: 845 41 A9 18 4E 1E 44 7C
ID: 43F, Data: 846 45 60 FF 47 74 16 0
ID: 545, Data: 8CC 8E 0 8E CC 2 CC 2
ID: 153, Data: 80 0 0 FF 0 FF 0 0
ID: 316, Data: 845 49 A4 19 50 1C 44 7C
ID: 153, Data: 80 0 0 FF 0 FF 0 0
ID: 18F, Data: 8AA 37 0 0 0 0 0 0
ID: 316, Data: 845 4D A 1A 48 13 44 7C
ID: 440, Data: 8FE 16 44 A0 FF AA AA AA
ID: A1, Data: 881 7C 81 7F 3C 0 0 0
ID: 1F0, Data: 83 40 5 C0 0 0 0 0
ID: 316, Data: 845 4D 47 1A 49 12 45 7C
ID: 316, Data: 845 4B 3F 1A 49 13 45 7C
ID: A1, Data: 881 7C 81 7F 3B 0 0 0
ID: 316, Data: 845 4A 13 1A 49 13 45 7C
ID: 316, Data: 85 4A DF 19 4A 13 45 7C
ID: 316, Data: 85 4A CE 19 4B 13 45 7C
ID: 316, Data: 85 4A DF 19 4B 13 45 7C
ID: 43F, Data: 846 45 60 FF 47 88 16 0
ID: 316, Data: 85 4A DF 19 4E 13 45 7C
ID: 153, Data: 80 0 0 FF 0 FF 0 0
ID: 153, Data: 80 0 0 FF 0 FF 0 0
ID: 316, Data: 85 4C A4 19 52 13 45 7C
ID: 153, Data: 80 0 0 FF 0 FF 0 0
ID: 316, Data: 85 4F AC 19 5D 12 45 7C
ID: 153, Data: 80 0 0 FF 0 FF 0 0
ID: 280, Data: 830 0 88 B2 33 37 52 8A
ID: 316, Data: 85 5B 1 1A 61 12 45 7C
ID: 153, Data: 80 0 0 FF 0 FF 0 0
ID: 316, Data: 85 61 50 1A 60 11 45 7C
ID: 153, Data: 80 0 0 FF 0 FF 0 0
ID: 316, Data: 85 64 36 1A 64 11 45 7C
ID: 316, Data: 85 64 1C 1A 67 11 45 7C
ID: 260, Data: 8B 65 69 30 FF FF A9 27
ID: 43F, Data: 846 45 60 FF 47 BC 16 0
ID: 545, Data: 8CC E0 0 8E 14 6 14 6
ID: 153, Data: 80 0 0 FF 0 FF 0 0
ID: 316, Data: 85 6B 36 1A 6B 11 45 7C
ID: 153, Data: 80 0 0 FF 0 FF 0 0
ID: 316, Data: 85 6C 62 1A 70 11 46 7C
ID: 316, Data: 85 6E 6B 1A 70 11 46 7C
ID: A1, Data: 880 7C 81 7F 48 0 0 0
ID: 43F, Data: 846 45 60 FF 47 F0 16 0
ID: 316, Data: 85 72 74 1A 73 10 46 7C
ID: 18F, Data: 8AA 35 0 0 0 0 0 0
ID: 316, Data: 85 74 47 1A 73 10 46 7C
ID: 440, Data: 8FE 16 46 A0 FF AA AA AA
ID: 316, Data: 85 76 1C 1A 74 10 46 7C
ID: 153, Data: 80 0 0 FF 0 FF 0 0
ID: 153, Data: 80 0 0 FF 0 FF 0 0
ID: 316, Data: 85 77 13 1A 74 10 46 7C
ID: 153, Data: 80 0 0 FF 0 FF 0 0
ID: 329, Data: 840 B2 7C 8 11 48 2D 26
ID: 316, Data: 85 77 E8 19 75 10 47 7C
ID: A1, Data: 880 7C 80 7F 4A 0 0 0
ID: 43F, Data: 846 45 60 FF 47 3C 17 0
ID: 153, Data: 80 0 0 FF 0 FF 0 0
ID: 2A0, Data: 81 17 52 1C 3C 0 17 0
ID: 329, Data: 8B B2 7C 8 11 46 29 26
ID: A0, Data: 886 7E C5 19 47 3E 2 0
ID: 5A1, Data: 880 3 90 23 30 30 30 0
ID: 153, Data: 80 0 0 FF 0 FF 0 0
ID: 280, Data: 830 0 88 B2 33 47 52 97
ID: 316, Data: 85 6F 82 19 69 11 47 7C
ID: A0, Data: 879 7E 82 19 48 3B 2 0
ID: 316, Data: 85 6C 51 19 64 11 47 7C
ID: 316, Data: 85 6B 38 19 64 11 48 7C
ID: 43F, Data: 846 45 60 FF 47 7C 17 0
ID: 316, Data: 85 69 28 19 63 11 48 7C
ID: 153, Data: 80 0 0 FF 0 FF 0 0
ID: 316, Data: 85 67 18 19 59 11 48 7C
ID: 153, Data: 80 0 0 FF 0 FF 0 0
ID: 153, Data: 80 0 0 FF 0 FF 0 0
ID: 316, Data: 85 5D D8 18 4F 12 48 7C
ID: 153, Data: 80 0 0 FF 0 FF 0 0
ID: 545, Data: 8CC AC 0 8E DB 4 DB 4
ID: 316, Data: 85 57 45 18 4A 12 48 7C
ID: 545, Data: 8CC A2 0 8E 86 4 86 4
ID: 316, Data: 85 51 27 18 4A 12 48 7C
ID: 153, Data: 80 0 0 FF 0 FF 0 0
ID: 2A0, Data: 81 19 52 1C 3C 0 17 0
ID: 316, Data: 85 4E 18 18 49 12 48 7C
ID: 1F1, Data: 80 2B 39 82 23 49 A2 24
ID: 43F, Data: 846 45 60 FF 47 B8 17 0
ID: 545, Data: 8CC 8D 0 8E 11 4 11 4
ID: 316, Data: 85 4C 36 18 49 12 49 7C
ID: 316, Data: 85 4B 36 18 49 12 49 7C
ID: 2A0, Data: 8A1 19 52 1C 3C 0 17 0
ID: 5F0, Data: 20 0
ID: 316, Data: 85 49 9 18 49 12 49 7C
ID: 316, Data: 85 49 11 18 49 12 49 7C
ID: A1, Data: 87E 7C 7D 7F 3C 0 0 0
ID: 43F, Data: 846 45 60 FF 47 C0 17 0
ID: 43F, Data: 846 45 60 FF 47 CC 17 0
ID: 545, Data: 8CC 86 0 8E CF 3 CF 3
ID: 316, Data: 85 49 11 18 49 12 49 7C
ID: 316, Data: 85 4A 18 18 49 12 49 7C
ID: 260, Data: 8B 4A 4A 30 FF FF C5 9
ID: 43F, Data: 846 45 60 FF 47 D8 17 0
ID: 545, Data: 8CC 8D 0 8E D0 3 D0 3
ID: 316, Data: 85 49 3E 18 4A 12 49 7C
ID: 316, Data: 85 4A 45 18 4A 12 49 7C
ID: 18F, Data: 8AA 32 0 0 0 0 0 0
ID: 43F, Data: 846 45 60 FF 47 E8 17 0
ID: 153, Data: 80 0 0 FF 0 FF 0 0
ID: 370, Data: 8FF E0 F0 F0 FF FF FF FF
ID: 316, Data: 85 4A 4D 18 4A 12 49 7C
ID: 43F, Data: 846 45 60 FF 47 F8 17 0
ID: 316, Data: 85 4A 4D 18 4A 12 49 7C
ID: A0, Data: 855 7E 4D 18 4A 33 2 0
ID: 43F, Data: 846 45 60 FF 47 8 18 0
ID: 43F, Data: 846 45 60 FF 47 8 18 0
ID: 2A0, Data: 81 18 52 1C 3C 0 17 0
ID: 316, Data: 85 4A 5C 18 4A 12 49 7C
ID: 316, Data: 85 4A 63 18 4A 12 4A 7C
ID: 18F, Data: 8AA 31 0 0 0 0 0 0
ID: 43F, Data: 846 45 60 FF 47 C 18 0
ID: 153, Data: 80 0 0 FF 0 FF 0 0
ID: 43F, Data: 846 45 60 FF 47 1C 18 0
ID: 153, Data: 80 0 0 FF 0 FF 0 0
ID: 316, Data: 85 4A 63 18 4D 12 4A 7C
ID: 316, Data: 85 4A 6B 18 4D 12 4A 7C
ID: A1, Data: 87E 7C 7E 7F 3D 0 0 0
ID: 440, Data: 8FE C6 49 A0 FF AA AA AA
ID: 43F, Data: 846 45 60 FF 47 20 18 0
ID: 153, Data: 80 0 0 FF 0 FF 0 0
ID: 316, Data: 85 4C 63 18 4F 12 4A 7C
ID: 153, Data: 80 0 0 FF 0 FF 0 0
ID: 153, Data: 80 0 0 FF 0 FF 0 0
ID: 316, Data: 85 4D 73 18 50 12 4A 7C
ID: 153, Data: 80 0 0 FF 0 FF 0 0
ID: 2A0, Data: 861 18 52 1C 3C 0 17 0
ID: 316, Data: 85 4E A1 18 50 12 4A 7C
ID: A0, Data: 858 7E 91 18 4B 34 2 0
ID: 316, Data: 85 4E B0 18 51 12 4A 7C
ID: 153, Data: 80 0 0 FF 0 FF 0 0
ID: 43F, Data: 846 45 60 FF 47 50 18 0
ID: 329, Data: 840 B2 7C 8 11 3E 19 26
ID: 43F, Data: 846 45 60 FF 47 48 18 0
ID: 280, Data: 830 0 88 B2 31 32 52 86
ID: 153, Data: 80 0 0 FF 0 FF 0 0
ID: 316, Data: 85 50 B8 18 3D 12 4A 7C
ID: 316, Data: 85 51 B8 18 39 12 4A 7C
ID: 2A0, Data: 8C1 18 52 1C 3C 0 17 0
ID: 43F, Data: 846 45 60 FF 47 70 18 0
ID: 316, Data: 85 49 A1 18 38 12 4B 7C
ID: 153, Data: 80 0 0 FF 0 FF 0 0
ID: 316, Data: 85 43 73 18 14 13 4B 7C
ID: 153, Data: 80 0 0 FF 0 FF 0 0
ID: 260, Data: 8B 41 15 30 FF FF C8 25
ID: 316, Data: 85 3F 82 18 15 14 4B 7C
ID: 43F, Data: 886 45 60 FF 47 70 18 0
ID: 43F, Data: 886 45 60 FF 47 6C 18 0
ID: A1, Data: 87E 7A 7E 7C 27 0 0 0
ID: 316, Data: 85 29 6B 18 18 17 4B 7C
ID: 316, Data: 85 26 7A 18 18 17 4B 7C
ID: A0, Data: 81E 7D 7A 18 4B 27 2 0
ID: 43F, Data: 886 45 60 FF 47 68 18 0
ID: 43F, Data: 886 45 60 FF 47 6C 18 0
ID: 316, Data: 85 1B 36 18 19 18 4B 7C
ID: 316, Data: 85 1A 2 18 19 18 4B 7C
ID: 43F, Data: 846 45 60 FF 47 44 18 0
ID: 43F, Data: 846 45 60 FF 47 64 18 0
ID: 2A0, Data: 820 12 52 1C 3C 0 17 0
ID: 153, Data: 80 0 0 FF 0 FF 0 0
ID: 316, Data: 85 19 3E 18 19 18 4B 7C
ID: 153, Data: 80 0 0 FF 0 FF 0 0
ID: 153, Data: 80 0 0 FF 0 FF 0 0
ID: 316, Data: 85 1A 45 18 19 18 4B 7C
ID: 153, Data: 80 0 0 FF 0 FF 0 0
ID: A0, Data: 829 7D 4D 18 4B 2A 2 0
ID: 440, Data: 8FE 16 4A A0 FF AA AA AA
ID: 260, Data: 8B 1C 19 30 FF FF 64 32
ID: 316, Data: 85 1C 36 18 19 18 4A 7C
ID: 18F, Data: 8AA 2F 0 0 0 0 0 0
ID: 316, Data: 85 1C 2 18 19 18 4A 7C
ID: 153, Data: 80 0 0 FF 0 FF 0 0
ID: 43F, Data: 846 45 60 FF 47 14 18 0
ID: 43F, Data: 846 45 60 FF 47 18 18 0
ID: 280, Data: 830 0 84 B1 2F 16 52 3A
ID: 316, Data: 85 1D 95 17 1A 18 4A 7C
ID: 316, Data: 85 1D 8E 17 1A 18 4A 7C
ID: 43F, Data: 846 45 60 FF 47 F8 17 0
ID: 440, Data: 8FE B6 49 A0 FF AA AA AA
ID: 153, Data: 80 0 0 FF 0 FF 0 0
ID: 316, Data: 8D 1D E8 16 1A 18 4A 7C
ID: 316, Data: 8D 1A CE 16 28 18 4A 7C
ID: 260, Data: 8B 1E 33 30 FF FF 61 37
ID: 43F, Data: 846 45 60 FF 47 F0 17 0
ID: 545, Data: 8CC 39 0 8E 18 1 18 1
ID: 153, Data: 80 0 0 FF 0 FF 0 0
ID: 316, Data: 85 2C 5C 18 33 17 4A 7C
ID: 153, Data: 80 0 0 FF 0 FF 0 0
ID: 316, Data: 85 2E C8 18 32 17 49 7C
ID: 316, Data: 85 2E 18 19 31 17 49 7C
ID: A0, Data: 838 7D 18 19 4A 2D 2 0
ID: 43F, Data: 886 45 60 FF 47 E0 17 0
ID: 316, Data: 85 36 82 19 4B 16 49 7C
ID: 440, Data: 8FE 16 49 A0 FF AA AA AA
ID: 316, Data: 85 3D 13 1A 4E 15 49 7C
ID: 43F, Data: 886 45 60 FF 47 F4 17 0
ID: 370, Data: 8FF E0 F0 F0 FF FF FF FF
ID: 153, Data: 80 0 0 FF 0 FF 0 0
ID: 153, Data: 80 0 0 FF 0 FF 0 0
ID: 316, Data: 85 49 48 1B 4C 13 49 7C
ID: 153, Data: 80 0 0 FF 0 FF 0 0
ID: 316, Data: 85 4B 82 1B 4C 13 49 7C
ID: 1F1, Data: 80 3B 41 52 24 4E 42 25
ID: 2A0, Data: 8C1 F 52 1C 3C 0 17 0
ID: 316, Data: 85 4C A9 1B 4C 13 4A 7C
ID: 1F1, Data: 80 6E 47 42 24 51 62 25
ID: 1F1, Data: 80 7E 43 22 24 53 42 25
ID: 316, Data: 85 4E 78 1B 4C 13 4A 7C
ID: A0, Data: 856 7D 6F 1B 4A 35 2 0
ID: 43F, Data: 886 45 60 FF 47 24 18 0
ID: 316, Data: 85 4E BC 1A 4D 13 4A 7C
ID: A1, Data: 880 7C 81 7F 3C 0 0 0
ID: 316, Data: 85 4F 24 1A 51 12 4A 7C
ID: 1F0, Data: 89 40 5 C0 0 0 0 0
ID: 1F1, Data: 80 E6 44 72 24 53 72 25
ID: 545, Data: 8CC A0 0 89 51 4 51 4
ID: 153, Data: 80 0 0 FF 0 FF 0 0
ID: 316, Data: 85 52 CE 19 54 12 4A 7C
ID: 153, Data: 80 0 0 FF 0 FF 0 0
ID: 316, Data: 85 53 C5 19 54 12 4A 7C
ID: 316, Data: 85 54 CE 19 54 12 4A 7C
ID: A1, Data: 87E 7C 80 7F 3F 0 0 0
ID: 43F, Data: 886 45 60 FF 47 50 18 0
ID: 153, Data: 80 0 0 FF 0 FF 0 0
ID: A0, Data: 85F 7D C5 19 4B 36 2 0
ID: 316, Data: 85 55 B4 19 54 12 4A 7C
ID: 2A0, Data: 861 12 52 1C 3C 0 17 0
ID: 316, Data: 85 56 AC 19 3B 12 4B 7C
ID: 316, Data: 85 55 AC 19 12 12 4B 7C
ID: 43F, Data: 886 45 60 FF 47 70 18 0
ID: 316, Data: 85 4D AC 19 12 13 4B 7C
ID: 153, Data: 80 0 0 FF 0 FF 0 0
ID: 316, Data: 85 3F 28 19 15 15 4B 7C
ID: 153, Data: 80 0 0 FF 0 FF 0 0
ID: 1F1, Data: 80 18 51 12 25 5C E2 25
ID: 316, Data: 85 30 6B 18 17 16 4B 7C
ID: 153, Data: 80 0 0 FF 0 FF 0 0
ID: 316, Data: 85 26 63 18 18 17 4B 7C
ID: 153, Data: 80 0 0 FF 0 FF 0 0
ID: 316, Data: 85 21 8A 18 19 18 4B 7C
ID: 316, Data: 85 1F 7A 18 19 18 4B 7C
ID: 43F, Data: 886 45 60 FF 47 5C 18 0
ID: 43F, Data: 886 45 60 FF 47 3C 18 0
ID: A0, Data: 81E 7D 73 18 4B 27 2 0
ID: 153, Data: 80 0 0 FF 0 FF 0 0
ID: 316, Data: 85 19 20 18 19 18 4B 7C
ID: 153, Data: 80 0 0 FF 0 FF 0 0
ID: 153, Data: 80 0 0 FF 0 FF 0 0
ID: 316, Data: 85 1A C7 17 1A 18 4B 7C
ID: 153, Data: 80 0 0 FF 0 FF 0 0
ID: 260, Data: 8B 1B 1A 30 FF FF 6A 1E
ID: 5F0, Data: 20 0
ID: 316, Data: 85 1C 9C 17 1A 18 4B 7C
ID: 153, Data: 80 0 0 FF 0 FF 0 0
ID: 43F, Data: 846 45 60 FF 47 58 18 0
ID: 153, Data: 80 0 0 FF 0 FF 0 0
ID: 329, Data: 8B B1 7C 8 11 31 0 26
ID: 316, Data: 85 1D B9 17 19 18 4A 7C
ID: 329, Data: 840 B1 7C 8 11 31 0 26
ID: 43F, Data: 846 45 60 FF 47 4C 18 0
ID: 316, Data: 85 1D A4 17 1A 18 4A 7C
ID: A1, Data: 878 77 7A 76 1C 0 0 0
ID: 316, Data: 85 1D 72 17 1A 18 4A 7C
ID: 316, Data: 85 1D 56 17 1A 18 4A 7C
ID: A0, Data: 82A 7D 64 17 4B 29 2 0
ID: 316, Data: 8D 1D 41 17 1A 18 4A 7C
ID: 316, Data: 8D 1D 2C 17 1A 18 4A 7C
ID: 316, Data: 8D 1D 18 17 1A 18 4A 7C
ID: 316, Data: 8D 1D F6 16 1A 18 4A 7C
ID: A1, Data: 880 77 80 76 1C 0 0 0
ID: 316, Data: 8D 18 BA 16 1A 18 4A 7C
ID: 316, Data: 8D 18 8C 16 1B 18 4A 7C
ID: A0, Data: 82B 7C 78 16 4A 29 4 0
ID: 316, Data: 8D 14 72 16 1B 18 4A 7C
ID: 316, Data: 8D 14 78 16 1B 18 4A 7C
ID: 370, Data: 8FF E0 F0 F0 FF FF FF FF
ID: 316, Data: 8D 14 B3 16 1B 18 4A 7C
ID: 43F, Data: 846 45 60 FF 47 C 18 0
ID: 43F, Data: 846 45 60 FF 47 4 18 0
ID: 545, Data: 8CC 1E 0 8B 56 FF 56 FF
ID: 316, Data: 8D E 80 17 1A 18 4A 7C
ID: 316, Data: 8D 9 AB 17 19 18 49 7C
ID: 43F, Data: 846 45 60 FF 47 F0 17 0
ID: 43F, Data: 846 45 60 FF 47 E8 17 0
ID: 280, Data: 830 0 20 B0 2F 16 52 3B
ID: 153, Data: 80 0 0 FF 0 FF 0 0
ID: 316, Data: 8D 4 C7 17 19 18 49 7C
ID: 316, Data: 8D 4 C7 17 19 18 49 7C
ID: 545, Data: 8CC 0 0 8E 4E FE 4E FE
ID: 153, Data: 80 0 0 FF 0 FF 0 0
ID: 153, Data: 80 0 0 FF 0 FF 0 0
ID: 316, Data: 8D 0 C0 17 19 18 49 7C
ID: 153, Data: 80 0 0 FF 0 FF 0 0
ID: 316, Data: 8D 0 C0 17 19 18 49 7C
ID: 153, Data: 80 0 0 FF 0 FF 0 0
ID: 153, Data: 80 0 0 FF 0 FF 0 0
ID: 316, Data: 8D 0 AB 17 19 18 49 7C
ID: 43F, Data: 846 45 60 FF 47 A8 17 0
ID: 440, Data: 8FE B6 48 A0 FF AA AA AA
ID: 260, Data: 80 0 1A 30 FF FF 4F 12
ID: 153, Data: 80 0 0 FF 0 FF 0 0
ID: 545, Data: 8CC 0 0 8E 50 FE 50 FE
ID: 1F0, Data: 84 40 5 C0 0 0 0 0
ID: 18F, Data: 8AA 2E 0 0 0 0 0 0
ID: 316, Data: 8D 0 FD 16 1A 18 47 7C
ID: 316, Data: 8D 0 D4 16 1A 18 47 7C
ID: 545, Data: 8CC 0 0 8E 51 FE 51 FE
ID: 153, Data: 80 0 0 FF 0 FF 0 0
ID: 316, Data: 8D 0 4B 16 1B 18 46 7C
ID: 153, Data: 80 0 0 FF 0 FF 0 0
ID: 316, Data: 8D 0 FA 15 1B 18 45 7C
ID: 316, Data: 8D 0 C3 15 1B 18 45 7C
ID: 316, Data: 8D 0 99 15 1C 18 45 7C
ID: A1, Data: 880 77 80 76 1E 0 0 0
ID: 153, Data: 80 0 0 FF 0 FF 0 0
ID: 43F, Data: 846 45 60 FF 47 C8 15 0
ID: 153, Data: 80 0 0 FF 0 FF 0 0
ID: 316, Data: 8D 0 F6 14 1C 18 43 7C
ID: 316, Data: 8D 0 DA 14 1D 18 43 7C
ID: 280, Data: 830 0 20 B0 29 18 52 40
ID: 43F, Data: 84D 45 60 FF 47 2C 15 0
ID: 316, Data: 8D 0 78 14 1D 18 41 7C
ID: 153, Data: 80 0 0 FF 0 FF 0 0
ID: 316, Data: 8D 0 4D 14 1D 18 41 7C
ID: 153, Data: 80 0 0 FF 0 FF 0 0
ID: 153, Data: 80 0 0 FF 0 FF 0 0
ID: 1F1, Data: 80 18 EF E1 1E FA 91 1F
ID: 43F, Data: 84D 45 60 FF 47 54 14 0
ID: 316, Data: 8D 0 A5 13 1E 18 3F 7C
ID: A1, Data: 880 77 80 76 1F 0 0 0
ID: 153, Data: 80 0 0 FF 0 FF 0 0
ID: 316, Data: 8D 0 52 13 1E 18 3E 7C
ID: 153, Data: 80 0 0 FF 0 FF 0 0
ID: 316, Data: 8D 0 10 13 1F 18 3E 7C
ID: 153, Data: 80 0 0 FF 0 FF 0 0
ID: 316, Data: 8D 0 E2 12 1F 18 3D 7C
ID: 370, Data: 8FF E0 F0 F0 FE FF FF FF
ID: 1F1, Data: 80 80 E0 B1 1D EA 81 1E
ID: 316, Data: 8D 0 A3 12 1F 18 3D 7C
ID: 329, Data: 8B B0 7C 8 12 30 0 26
ID: 370, Data: 8FF E0 F0 F0 FE FF FF FF
ID: 440, Data: 8E7 16 3C A0 FF AA AA AA
ID: 260, Data: 80 0 20 30 FF FF 4F C
ID: 43F, Data: 84D 45 60 FF 47 68 18 0
ID: 316, Data: 8D 0 43 12 20 18 3C 7C
ID: 153, Data: 80 0 0 FF 0 FF 0 0
ID: 316, Data: 8D 0 1D 12 20 18 3B 7C
ID: 153, Data: 80 0 0 FF 0 FF 0 0
ID: 316, Data: 8D 0 FC 11 20 18 3B 7C
ID: 43F, Data: 84D 45 60 FF 48 0 18 0
ID: 316, Data: 8D 0 DB 11 21 18 3B 7C
ID: 153, Data: 80 0 0 FF 0 FF 0 0
ID: 153, Data: 80 0 0 FF 0 FF 0 0
ID: 440, Data: 8E7 25 3A A0 FF AA AA AA
ID: 18F, Data: 8AA 2E 0 0 0 0 0 0
ID: 153, Data: 80 0 0 FF 0 FF 0 0
ID: 316, Data: 8D 0 D3 11 21 18 39 7C
ID: 43F, Data: 845 45 60 FF 48 58 17 0
ID: 43F, Data: 845 45 60 FF 48 34 17 0
ID: 280, Data: 830 0 20 AF 24 1B 52 47
ID: 153, Data: 80 0 0 FF 0 FF 0 0
ID: 316, Data: 8D 0 37 12 20 18 38 7C
ID: 316, Data: 8D 0 48 12 20 18 38 7C
ID: 260, Data: 80 0 20 30 FF FF 4F 1B
ID: 153, Data: 80 0 0 FF 0 FF 0 0
ID: 43F, Data: 845 45 60 FF 47 7C 16 0
ID: 43F, Data: 845 45 60 FF 48 48 16 0
ID: 370, Data: 8FF E0 F0 F0 FF FF FF FF
ID: 316, Data: 8D 0 AA 13 1E 18 36 7C
ID: 2A0, Data: 820 3 52 1C 3C 0 17 0
ID: 43F, Data: 845 45 60 FF 48 E8 15 0
ID: 43F, Data: 845 45 60 FF 48 CC 15 0
ID: 440, Data: 8E7 85 35 A0 FF AA AA AA
ID: 153, Data: 80 0 0 FF 0 FF 0 0
ID: 260, Data: 80 0 1C 30 FF FF 4F 1
ID: 316, Data: 8D 0 5E 15 1C 18 34 7C
ID: 2A0, Data: 840 3 52 1C 3C 0 17 0
ID: 153, Data: 80 0 0 FF 0 FF 0 0
ID: 153, Data: 80 0 0 FF 0 FF 0 0
ID: 316, Data: 8D 0 CA 14 1C 18 33 7C
ID: A0, Data: 82B 7C CA 14 33 28 4 0
ID: 316, Data: 8D 0 8E 14 1C 18 32 7C
ID: 316, Data: 8D 0 68 14 1D 18 32 7C
ID: 280, Data: 830 0 20 AF 28 17 52 40
ID: 43F, Data: 845 45 60 FF 47 30 14 0
ID: 440, Data: 8E7 D5 31 A0 FF AA AA AA
ID: A0, Data: 82E 7B E6 13 31 29 4 0
ID: 316, Data: 8D 0 7E 13 1E 18 30 7C
ID: 2A0, Data: 820 2 52 1C 3C 0 17 0
ID: 43F, Data: 845 45 60 FF 47 84 13 0
ID: 43F, Data: 845 45 60 FF 47 58 13 0
ID: 545, Data: 8CC 0 0 8B 51 FE 51 FE
ID: 316, Data: 8D 0 8D 12 1F 18 2E 7C
ID: 316, Data: 8D 0 5D 12 1F 18 2E 7C
ID: 260, Data: 80 0 1F 30 FF FF 4F 1D
ID: 43F, Data: 84C 45 60 FF 47 AC 12 0
ID: 153, Data: 80 0 0 FF 0 FF 0 0
ID: 316, Data: 8D 0 97 11 20 18 2D 7C
ID: 43F, Data: 84C 45 60 FF 47 84 12 0
ID: 153, Data: 80 0 0 FF 0 FF 0 0
ID: 316, Data: 8D 0 C 11 20 18 2C 7C
ID: 153, Data: 80 0 0 FF 0 FF 0 0
ID: 316, Data: 8D 0 C0 10 21 18 2C 7C
ID: 440, Data: 8E7 75 2C A0 FF AA AA AA
ID: 316, Data: 85 6 57 10 22 19 2B 7C
ID: 316, Data: 85 C 38 10 22 19 2B 7C
ID: 316, Data: 85 C 24 10 22 19 2B 7C
ID: 1F0, Data: 8DB 3F 5 C0 0 0 0 0
ID: 440, Data: 8E7 85 2B A0 FF AA AA AA
ID: 5F0, Data: 20 0
ID: 280, Data: 830 0 4 AF 1D 1B 52 4A
ID: 153, Data: 80 0 0 FF 0 FF 0 0
ID: 153, Data: 80 0 0 FF 0 FF 0 0
ID: 2A0, Data: 840 2 52 1C 3C 0 17 0
ID: 316, Data: 85 25 31 10 22 19 2A 7C
ID: 545, Data: 8CC 3B 0 8E 11 1 11 1
ID: 153, Data: 80 0 0 FF 0 FF 0 0
ID: 316, Data: 85 2F 8C 13 61 17 2A 7C
ID: 153, Data: 80 0 0 FF 0 FF 0 0
ID: 316, Data: 85 3C E2 16 8E 17 2A 7C
ID: 316, Data: 85 4D 45 18 A7 15 2A 7C
ID: 260, Data: 8B 84 B4 30 FF FF A5 39
ID: 43F, Data: 84C 45 60 FF 47 0 17 0
ID: 545, Data: 8CC D2 1 8A 5D 9 5D 9
ID: 316, Data: 85 A6 4F 20 D2 E 2A 7C
ID: 316, Data: 85 AD 80 21 D3 F 2A 7C
ID: 1F1, Data: 80 D7 5F E1 14 68 A1 15
ID: 153, Data: 80 0 0 FF 0 FF 0 0
ID: 43F, Data: 84B 45 60 FF 47 70 18 0
ID: 5F0, Data: 20 0
ID: 329, Data: 8ED AF 7E 8 11 D5 C8 26
ID: 316, Data: 85 D0 D7 27 D8 11 2B 7D
ID: 153, Data: 80 0 0 FF 0 FF 0 0
ID: 153, Data: 80 0 0 FF 0 FF 0 0
ID: 316, Data: 85 D3 3C 29 D9 11 2C 7E
ID: 153, Data: 80 0 0 FF 0 FF 0 0
ID: 316, Data: 85 D5 8D 2A DA 12 2D 7E
ID: 316, Data: 85 D6 4A 2B DA 12 2E 7E
ID: 18F, Data: 8AA 2D 0 0 0 0 0 0
ID: 43F, Data: 8B 45 60 FF 47 B8 20 0
ID: 153, Data: 80 0 0 FF 0 FF 0 0
ID: 316, Data: 85 D7 A9 2D DD 13 2F 7E
ID: 153, Data: 80 0 0 FF 0 FF 0 0
ID: 1F0, Data: 8E8 3F 5 C0 0 0 0 0
ID: 316, Data: 85 CE B 2D DD 13 30 7E
ID: 153, Data: 80 0 0 FF 0 FF 0 0
ID: 280, Data: 830 0 88 AF 5B 82 52 D5
ID: 316, Data: 85 D6 30 2E DD 13 31 7F
ID: A1, Data: 884 80 82 81 65 0 0 0
ID: 316, Data: 85 D8 D6 2E DE 13 32 7F
ID: 316, Data: 85 D8 2B 2F DE 14 32 7F
ID: A1, Data: 883 80 82 81 65 0 0 0
ID: 316, Data: 85 D8 13 30 DF 14 34 7F
ID: 153, Data: 80 0 0 FF 0 FF 0 0
ID: A1, Data: 884 80 82 81 65 0 0 0
ID: 329, Data: 8ED AE 7F 8 11 D2 C9 26
ID: 545, Data: 8DC 4A 3 8E 92 D 92 D
ID: 1F0, Data: 8FE 3F 5 C0 0 0 0 0
ID: 153, Data: 80 0 0 FF 0 FF 0 0
ID: 316, Data: 85 D8 61 31 E0 15 37 7F
ID: 440, Data: 8FE B3 37 A0 FF AA AA AA
ID: 316, Data: 85 D8 81 31 E0 15 38 7F
ID: 153, Data: 80 0 0 FF 0 FF 0 0
ID: 316, Data: 85 D9 C0 31 E0 15 39 7F
ID: 316, Data: 85 D9 40 32 E1 15 39 7F
ID: A0, Data: 8ED 7B C0 31 39 BA 2 0
ID: 316, Data: 85 D7 E3 32 E1 15 3A 7F
ID: 316, Data: 85 DA E3 32 E1 15 3A 7F
ID: A1, Data: 884 81 82 82 65 0 0 0
ID: 316, Data: 85 DA E3 32 E1 15 3B 7F
ID: 316, Data: 85 DA 26 33 E1 16 3C 7F
ID: 370, Data: 8FF E0 F0 F0 FF FF FF FF
ID: 316, Data: 85 DA 8B 33 E1 16 3D 7F
ID: 153, Data: 80 0 0 FF 0 FF 0 0
ID: 43F, Data: 83 45 60 FF 47 7C 2D 0
ID: 316, Data: 85 DA F2 33 E1 16 3E 7F
ID: 316, Data: 85 D9 15 34 E1 16 3F 7F
ID: 316, Data: 85 DB 5B 34 E1 16 3F 7F
ID: 316, Data: 85 D9 A1 34 E1 16 40 7F
ID: 43F, Data: 83 45 60 FF 47 24 2F 0
ID: 43F, Data: 83 45 60 FF 47 6C 2F 0
ID: 370, Data: 8FF E0 F0 F0 FF FF FF FF
ID: 153, Data: 80 0 0 FF 0 FF 0 0
ID: 316, Data: 85 DA E8 35 E1 17 42 7F
ID: 153, Data: 80 0 0 FF 0 FF 0 0
ID: 153, Data: 80 0 0 FF 0 FF 0 0
ID: 316, Data: 85 B5 59 36 7 17 43 7F
ID: 370, Data: 8FF E0 F0 F0 FF FF FF FF
ID: 260, Data: 8B 63 9 30 FF FF A4 6
ID: 153, Data: 80 0 0 FF 0 FF 0 0
ID: 316, Data: 85 2F C7 30 D 1B 44 7F
ID: 153, Data: 80 0 0 FF 0 FF 0 0
ID: 316, Data: 85 20 4F 30 E 1C 45 7F
ID: 316, Data: 85 1D 13 30 E 1C 45 7F
ID: 545, Data: 8DC 72 0 8E F5 FF F5 FF
ID: 43F, Data: 8C 45 60 FF 47 B0 30 0
ID: 316, Data: 85 17 48 2F F 1C 45 7F
ID: 43F, Data: 8C 45 60 FF 47 8C 30 0
ID: 316, Data: 85 15 D6 2E F 1C 44 7F
ID: 316, Data: 85 16 BA 2E F 1C 44 7F
ID: 153, Data: 80 0 0 FF 0 FF 0 0
ID: 153, Data: 80 0 0 FF 0 FF 0 0
ID: A0, Data: 82A 7B 25 2D 45 31 2 0
ID: 545, Data: 8DC 77 0 8E E7 FF E7 FF
ID: 18F, Data: 8AA 2D 0 0 0 0 0 0
ID: 316, Data: 85 1B C0 29 10 1B 44 7F
ID: 153, Data: 80 0 0 FF 0 FF 0 0
ID: 153, Data: 80 0 0 FF 0 FF 0 0
ID: 316, Data: 85 1B D5 26 11 1A 44 7F
ID: 43F, Data: 8C 45 60 FF 48 78 25 0
ID: 2A0, Data: 840 4F 52 1C 3C 0 17 0
ID: 153, Data: 80 0 0 FF 0 FF 0 0
ID: 316, Data: 85 1B 36 23 12 19 44 7F
ID: 1F0, Data: 821 40 5 C0 0 0 0 0
ID: 329, Data: 8ED AE 7F 8 11 35 0 26
ID: 316, Data: 85 1B 5D 22 13 19 44 7F
ID: 153, Data: 80 0 0 FF 0 FF 0 0
ID: 43F, Data: 8C 45 60 FF 48 C0 23 0
ID: 153, Data: 80 0 0 FF 0 FF 0 0
ID: 153, Data: 80 0 0 FF 0 FF 0 0
ID: 316, Data: 8D 1A 63 21 13 19 43 7F
ID: 153, Data: 80 0 0 FF 0 FF 0 0
ID: 316, Data: 8D 16 F2 20 14 19 43 7F
ID: 316, Data: 8D 16 BB 20 14 19 43 7F
ID: 329, Data: 8ED AE 7F 8 11 34 0 26
ID: 43F, Data: 84 45 60 FF 48 54 23 0
ID: 316, Data: 8D 11 CB 1F 14 19 43 7F
ID: 260, Data: 80 11 15 30 FF FF 5D 25
ID: 316, Data: 8D D E 1F 15 19 42 7F
ID: 18F, Data: 8AA 2D 0 0 0 0 0 0
ID: A1, Data: 880 77 80 76 1B 0 0 0
ID: 260, Data: 80 9 15 30 FF FF 57 33
ID: 18F, Data: 8AA 2D 0 0 0 0 0 0
ID: 316, Data: 8D 9 95 1D 15 19 42 7F
ID: A1, Data: 880 77 80 76 1B 0 0 0
ID: 316, Data: 8D 4 11 1D 16 19 42 7F
ID: 316, Data: 8D 4 E6 1C 16 19 41 7F
ID: 280, Data: 830 0 20 AD 39 15 52 39
ID: 153, Data: 80 0 0 FF 0 FF 0 0
ID: 153, Data: 80 0 0 FF 0 FF 0 0
ID: 5F0, Data: 20 0
ID: 153, Data: 80 0 0 FF 0 FF 0 0
ID: 153, Data: 80 0 0 FF 0 FF 0 0
ID: 2A0, Data: 840 34 52 1C 3C 0 17 0
ID: 316, Data: 8D 0 C7 1B 16 19 40 7F
ID: A1, Data: 880 77 80 76 1B 0 0 0
ID: 153, Data: 80 0 0 FF 0 FF 0 0
ID: 316, Data: 8D 0 5C 1B 17 19 40 7F
ID: 153, Data: 80 0 0 FF 0 FF 0 0
ID: 316, Data: 8D 0 10 1B 17 19 40 7F
ID: 153, Data: 80 0 0 FF 0 FF 0 0
ID: 316, Data: 8D 0 E1 1A 17 19 40 7F
ID: 440, Data: 8FE 34 3E A0 FF AA AA AA
ID: 316, Data: 8D 0 AA 1A 17 19 3F 7F
ID: 316, Data: 8D 0 7D 1A 17 19 3F 7F
ID: 316, Data: 8D 0 59 1A 17 19 3F 7F
ID: A0, Data: 829 7A 59 1A 40 2A 4 0
ID: 440, Data: 8FE 44 3D A0 FF AA AA AA
ID: 153, Data: 80 0 0 FF 0 FF 0 0
ID: 5F0, Data: 20 0
ID: 2A0, Data: 840 2A 52 1C 3C 0 17 0
ID: 280, Data: 830 0 20 AD 33 16 52 3B
ID: 153, Data: 80 0 0 FF 0 FF 0 0
ID: 43F, Data: 844 45 60 FF 48 F4 20 0
ID: 316, Data: 8D 0 71 19 18 19 3E 7F
ID: 545, Data: 8DC 0 0 8E 3C FE 3C FE
ID: 316, Data: 8D 0 30 19 18 19 3E 7F
ID: 316, Data: 8D 0 10 19 18 19 3E 7F
ID: 280, Data: 830 0 20 AD 31 16 52 3B
ID: 43F, Data: 844 45 60 FF 48 84 20 0
ID: 316, Data: 8D 0 C0 18 18 19 3D 7F
ID: 370, Data: 8FF E0 F0 F0 FF FF FF FF
ID: 316, Data: 8D 0 7A 18 19 19 3D 7F
ID: A0, Data: 827 7A A1 18 3E 29 4 0
ID: 5F0, Data: 20 0
ID: 43F, Data: 844 45 60 FF 48 20 20 0
ID: 316, Data: 8D 0 2F 18 19 19 3D 7F
ID: 2A0, Data: 880 22 52 1C 3C 0 17 0
ID: 153, Data: 80 0 0 FF 0 FF 0 0
ID: 316, Data: 8D 0 DD 17 19 19 3C 7F
ID: 153, Data: 80 0 0 FF 0 FF 0 0
ID: 316, Data: 8D 0 C0 17 19 19 3C 7F
ID: 1F0, Data: 81E 40 5 C0 0 0 0 0
ID: 316, Data: 8D 0 95 17 19 19 3C 7F
ID: 316, Data: 8D 0 87 17 19 19 3C 7F
ID: 153, Data: 80 0 0 FF 0 FF 0 0
ID: 43F, Data: 844 45 60 FF 48 84 1F 0
ID: 153, Data: 80 0 0 FF 0 FF 0 0
ID: 316, Data: 8D 0 4F 17 1A 19 3B 7F
ID: 316, Data: 8D 0 4F 17 1A 19 3B 7F
ID: 316, Data: 8D 0 4F 17 1A 19 3B 7F
ID: A1, Data: 880 77 80 76 1D 0 0 0
ID: 153, Data: 80 0 0 FF 0 FF 0 0
ID: 5F0, Data: 20 0
ID: 153, Data: 80 0 0 FF 0 FF 0 0
ID: 43F, Data: 844 45 60 FF 48 0 1F 0
ID: 260, Data: 80 0 1A 30 FF FF 4E 31
ID: 43F, Data: 844 45 60 FF 47 E8 1E 0
ID: 43F, Data: 844 45 60 FF 48 D0 1E 0
ID: A0, Data: 827 7A CF 17 3B 29 4 0
ID: 316, Data: 8D 0 5C 18 19 19 39 7F
ID: 316, Data: 8D 0 7A 18 19 19 39 7F
ID: 5F0, Data: 20 0
ID: 43F, Data: 844 45 60 FF 47 5C 1E 0
ID: 153, Data: 80 0 0 FF 0 FF 0 0
ID: 316, Data: 8D 0 18 19 18 19 39 7F
ID: 316, Data: 8D 0 38 19 18 19 38 7F
ID: 316, Data: 8D 0 61 19 18 19 38 7F
ID: 153, Data: 80 0 0 FF 0 FF 0 0
ID: 153, Data: 80 0 0 FF 0 FF 0 0
ID: 316, Data: 8D 0 CE 19 18 19 37 7F
ID: 440, Data: 8FE 94 36 A0 FF AA AA AA
ID: 316, Data: 8D 0 F9 19 17 19 36 7F
ID: 260, Data: 80 0 18 30 FF FF 4E 24
ID: 43F, Data: 844 45 60 FF 48 90 1C 0
ID: 43F, Data: 844 45 60 FF 48 58 1C 0
ID: 153, Data: 80 0 0 FF 0 FF 0 0
ID: 153, Data: 80 0 0 FF 0 FF 0 0
ID: 316, Data: 8D 0 BD 19 17 19 34 7F
ID: 43F, Data: 844 45 60 FF 48 78 1B 0
ID: 316, Data: 8D 0 40 19 18 19 33 7F
ID: 280, Data: 830 0 20 AD 31 15 52 3B
ID: 153, Data: 80 0 0 FF 0 FF 0 0
ID: 316, Data: 8D 0 45 18 18 19 32 7F
ID: 153, Data: 80 0 0 FF 0 FF 0 0
ID: 280, Data: 830 0 20 AD 2F 16 52 3D
ID: 316, Data: 8D 0 48 17 19 19 31 7F
ID: 5F0, Data: 20 0
ID: 43F, Data: 844 45 60 FF 48 54 19 0
ID: 153, Data: 80 0 0 FF 0 FF 0 0
ID: 280, Data: 830 0 20 AD 2C 16 52 3D
ID: 153, Data: 80 0 0 FF 0 FF 0 0
ID: 43F, Data: 844 45 60 FF 48 60 18 0
ID: 545, Data: 8DC 0 0 8E 3E FE 3E FE
ID: 153, Data: 80 0 0 FF 0 FF 0 0
ID: 316, Data: 8D 0 2F 15 1B 19 2D 7F
ID: 153, Data: 80 0 0 FF 0 FF 0 0
ID: 316, Data: 8D 0 EB 14 1B 19 2C 7F
ID: 316, Data: 8D 0 B4 14 1B 19 2B 7F
ID: 545, Data: 8DC 0 0 8E 3D FE 3D FE
ID: 153, Data: 80 0 0 FF 0 FF 0 0
ID: 153, Data: 80 0 0 FF 0 FF 0 0
ID: 316, Data: 8D 0 F0 13 1C 19 29 7F
ID: A1, Data: 880 77 80 76 1D 0 0 0
ID: 316, Data: 8D 0 91 13 1C 19 28 7F
ID: 316, Data: 8D 0 52 13 1D 19 28 7F
ID: 329, Data: 8B AD 7F 8 12 2F 0 26
ID: 43F, Data: 844 45 60 FF 48 68 14 0
ID: 153, Data: 80 0 0 FF 0 FF 0 0
ID: 153, Data: 80 0 0 FF 0 FF 0 0
ID: 316, Data: 8D 0 26 12 1F 19 25 7F
ID: 153, Data: 80 0 0 FF 0 FF 0 0
ID: 316, Data: 8D 0 83 11 20 19 24 7F
ID: 153, Data: 80 0 0 FF 0 FF 0 0
ID: 280, Data: 830 0 20 AD 21 18 52 42
ID: 316, Data: 85 5 6B 10 22 1A 23 7F
ID: A1, Data: 880 77 80 76 20 0 0 0
ID: 316, Data: 85 B 96 F 23 1A 22 7F
ID: 153, Data: 80 0 0 FF 0 FF 0 0
ID: 316, Data: 85 12 BD E 24 1A 21 7F
ID: 316, Data: 85 18 73 E 25 1A 20 7F
ID: 316, Data: 85 1F C6 D 27 1A 20 7F
ID: 153, Data: 80 0 0 FF 0 FF 0 0
ID: 153, Data: 80 0 0 FF 0 FF 0 0
ID: 43F, Data: 84B 45 60 FF 48 E0 10 0
ID: A1, Data: 880 77 80 76 23 0 0 0
ID: 153, Data: 80 0 0 FF 0 FF 0 0
ID: 316, Data: 85 2B 27 E 55 1A 1E 7F
ID: 153, Data: 80 0 0 FF 0 FF 0 0
ID: 316, Data: 85 36 DB E 86 19 1E 7F
ID: 153, Data: 80 0 0 FF 0 FF 0 0
ID: 316, Data: 85 3E BF 11 8E 17 1E 7F
ID: 316, Data: 85 60 9B 13 91 16 1E 7F
ID: 260, Data: 8B 78 96 30 FF FF 8C 13
ID: 316, Data: 85 6F 36 18 96 10 1E 7F
ID: 260, Data: 8B 89 9C 30 FF FF 71 8
ID: 153, Data: 80 0 0 FF 0 FF 0 0
ID: 316, Data: 85 95 D 20 AF F 1E 7F
ID: 153, Data: 80 0 0 FF 0 FF 0 0
ID: 316, Data: 85 B1 6 23 B5 10 1E 7F
ID: 43F, Data: 83 45 60 FF 48 88 17 0
ID: 1F0, Data: 8E2 3F 5 C0 0 0 0 0
ID: 153, Data: 80 0 0 FF 0 FF 0 0
ID: 370, Data: 8FF E0 F0 F0 FF FF FF FF
ID: 280, Data: 830 0 88 AD 50 76 52 C7
ID: 316, Data: 85 BF 67 28 BE 12 20 7F
ID: 545, Data: 8DC B4 2 8D 17 C 17 C
ID: 5F0, Data: 20 0
ID: 43F, Data: 83 45 60 FF 48 DC 19 0
ID: 316, Data: 85 BE 26 29 BE 12 22 7F
ID: 316, Data: 85 BE 3C 29 BE 12 22 7F
ID: 5F0, Data: 20 0
ID: 316, Data: 85 BF 11 29 BE 12 24 7F
ID: 316, Data: 85 BF 11 29 BE 12 24 7F
ID: 153, Data: 80 0 0 FF 0 FF 0 0
ID: 153, Data: 80 0 0 FF 0 FF 0 0
ID: 316, Data: 85 BE 7E 29 BF 12 26 7F
ID: 440, Data: 8F5 C3 27 A0 FF AA AA AA
ID: 316, Data: 85 BE D7 29 BF 12 27 7F
ID: 153, Data: 80 0 0 FF 0 FF 0 0
ID: 153, Data: 80 0 0 FF 0 FF 0 0
ID: 43F, Data: 83 45 60 FF 48 4 1E 0
ID: 153, Data: 80 0 0 FF 0 FF 0 0
ID: 316, Data: 85 BE 1A 2A BF 12 29 7F
ID: 153, Data: 80 0 0 FF 0 FF 0 0
ID: 153, Data: 80 0 0 FF 0 FF 0 0
ID: 316, Data: 85 BE A4 2A C0 13 2A 7F
ID: 440, Data: 8FE C3 2B A0 FF AA AA AA
ID: 316, Data: 85 BF D3 2A C0 13 2B 7F
ID: 153, Data: 80 0 0 FF 0 FF 0 0
ID: 316, Data: 85 BE 2 2B C0 13 2C 7F
ID: 316, Data: 85 BF 2 2B C0 13 2C 7F
ID: 2A0, Data: 81 34 52 1C 3C 0 17 0
ID: 43F, Data: 83 45 60 FF 48 A8 21 0
ID: 440, Data: 8FE 13 2E A0 FF AA AA AA
ID: 316, Data: 85 BE F4 2B C1 13 2E 7F
ID: 5F0, Data: 20 0
ID: 316, Data: 85 BE 26 2C CB 1D 2E 7F
ID: 316, Data: 85 BC 26 2C CA 1D 2E 7F
ID: 153, Data: 80 0 0 FF 0 FF 0 0
ID: 153, Data: 80 0 0 FF 0 FF 0 0
ID: 316, Data: 85 C3 A4 2C CA 1D 30 7F
ID: 153, Data: 80 0 0 FF 0 FF 0 0
ID: 316, Data: 85 C5 74 2D CA 1D 30 7F
ID: 153, Data: 80 0 0 FF 0 FF 0 0
ID: 1F1, Data: 80 A2 8A 11 18 9D E1 19
ID: 316, Data: 85 C9 FA 2D CA 1D 32 7F
ID: 153, Data: 80 0 0 FF 0 FF 0 0
ID: 316, Data: 845 C8 30 2E CA 1D 32 7F
ID: 153, Data: 80 0 0 FF 0 FF 0 0
ID: A0, Data: 8DE 7A 30 2E 33 6D 2 0
ID: 329, Data: 8ED AD 7F 8 11 7B 70 26
ID: A0, Data: 8E2 7A 15 2E 34 6D 2 0
ID: 43F, Data: 83 45 60 FF 48 88 26 0
ID: 43F, Data: 83 45 60 FF 48 D8 26 0
ID: 545, Data: 8DC D3 2 8E AA B AA B
ID: 316, Data: 845 C6 BA 2E CA 1E 35 7F
ID: 153, Data: 80 0 0 FF 0 FF 0 0
ID: 43F, Data: 83 45 60 FF 48 4 28 0
ID: 2A0, Data: 861 45 52 1C 3C 0 17 0
ID: A0, Data: 8DC 7A D6 2E 36 6B 2 0
ID: 5F0, Data: 20 0
ID: 153, Data: 80 0 0 FF 0 FF 0 0
ID: 43F, Data: 83 45 60 FF 48 14 29 0
ID: 5F0, Data: 20 0
ID: 316, Data: 845 C8 F6 2F CA 1E 38 7F
ID: 153, Data: 80 0 0 FF 0 FF 0 0
ID: 43F, Data: 83 45 60 FF 48 8 2A 0
ID: 18F, Data: 8AA 2F 0 0 0 0 0 0
ID: 316, Data: 845 C8 8B 30 CA 1E 3A 7F
ID: 440, Data: 8FE 63 3A A0 FF AA AA AA
ID: 153, Data: 80 0 0 FF 0 FF 0 0
ID: A1, Data: 880 82 80 83 5D 0 0 0
ID: 260, Data: 8B C9 CC 30 FF FF 93 3A
ID: 260, Data: 8B C9 CC 30 FF FF 93 D
ID: 43F, Data: 83 45 60 FF 48 F4 2B 0
ID: 43F, Data: 83 45 60 FF 48 30 2C 0
ID: 370, Data: 8FF E0 F0 F0 FF FF FF FF
ID: 153, Data: 80 0 0 FF 0 FF 0 0
ID: 18F, Data: 8AA 31 0 0 0 0 0 0
ID: 316, Data: 845 C6 A2 32 CA 1F 3E 7F
ID: 153, Data: 80 0 0 FF 0 FF 0 0
ID: A0, Data: 8DE 7A A2 32 3E 6E 2 0
ID: 260, Data: 8B C9 CB 30 FF FF 94 3A
ID: A1, Data: 880 82 7F 83 5D 0 0 0
ID: 316, Data: 845 C8 AD 33 C9 20 3F 7F
ID: 316, Data: 845 C7 F2 33 C9 20 40 7F
ID: 43F, Data: 83 45 60 FF 48 F0 2E 0
ID: 545, Data: 8DC 1D 3 8E 88 B 88 B
ID: 153, Data: 80 0 0 FF 0 FF 0 0
ID: 316, Data: 845 C7 C5 34 C8 20 41 7F
ID: 153, Data: 80 0 0 FF 0 FF 0 0
ID: 316, Data: 845 C6 31 35 C8 21 42 7F
ID: 316, Data: 845 C4 79 35 C8 21 42 7E
ID: 43F, Data: 83 45 60 FF 48 A4 30 0
ID: 440, Data: 8FE 13 43 A0 FF AA AA AA
ID: 260, Data: 8B C6 C9 30 FF FF 95 1
ID: 153, Data: 80 0 0 FF 0 FF 0 0
ID: 18F, Data: 8AA 33 0 0 0 0 0 0
ID: 316, Data: 845 C3 CB 36 C7 21 44 7E
ID: 316, Data: 845 C3 F1 36 C7 21 44 7E
ID: 153, Data: 80 0 0 FF 0 FF 0 0
ID: 153, Data: 80 0 0 FF 0 FF 0 0
ID: 316, Data: 845 C1 66 37 C1 22 45 7E
ID: 153, Data: 80 0 0 FF 0 FF 0 0
ID: 260, Data: 8B BE C2 30 FF FF 97 3C
ID: 316, Data: 845 BD DD 37 C0 22 46 7E
ID: 43F, Data: 83 45 60 FF 48 C0 33 0
ID: 316, Data: 845 BC 56 38 C0 22 47 7E
ID: 153, Data: 80 0 0 FF 0 FF 0 0
ID: 316, Data: 845 BC A8 38 BC 22 48 7E
ID: 316, Data: 845 BB FA 38 BA 22 48 7E
ID: 5F0, Data: 20 0
ID: 316, Data: 845 B9 4E 39 B7 22 49 7E
ID: 153, Data: 80 0 0 FF 0 FF 0 0
ID: 43F, Data: 83 45 60 FF 48 58 35 0
ID: 18F, Data: 8AA 35 0 0 0 0 0 0
ID: 43F, Data: 8C 45 60 FF 48 B0 35 0
ID: 153, Data: 80 0 0 FF 0 FF 0 0
ID: 153, Data: 80 0 0 FF 0 FF 0 0
ID: 316, Data: 845 A7 23 3A A2 22 4A 7E
ID: 370, Data: 8FF E4 F0 F0 FF FF FF FF
ID: 316, Data: 845 9E 23 3A 8E 22 4B 7E
ID: 153, Data: 80 0 0 FF 0 FF 0 0
ID: 316, Data: 845 8F A3 39 7D 22 4B 7E
ID: 43F, Data: 8C 45 60 FF 48 C4 36 0
ID: 153, Data: 80 0 0 FF 0 FF 0 0
ID: 153, Data: 80 0 0 FF 0 FF 0 0
ID: 153, Data: 80 0 0 FF 0 FF 0 0
ID: 43F, Data: 8C 45 60 FF 48 10 37 0
ID: 280, Data: 830 0 88 AD 72 49 52 92
ID: 5F0, Data: 20 0
ID: 316, Data: 845 7A CD 39 7C 22 4C 7E
ID: 153, Data: 80 0 0 FF 0 FF 0 0
ID: 43F, Data: 8C 45 60 FF 48 6C 37 0
ID: 260, Data: 8B 7C 7D 30 FF FF A7 3B
ID: 43F, Data: 8C 45 60 FF 48 6C 37 0
ID: 43F, Data: 8C 45 60 FF 48 E0 36 0
ID: A1, Data: 87C 7D 7D 7D 45 0 0 0
ID: 316, Data: 845 63 A5 36 7E 22 4D 7E
ID: 316, Data: 845 65 C5 34 80 21 4D 7E
ID: A1, Data: 87C 7D 7D 7D 47 0 0 0
ID: 43F, Data: 8C 45 60 6C 48 A0 2E 0
ID: 43F, Data: 8C 45 60 7A 48 CC 2C 0
ID: 2A0, Data: 861 55 52 1C 3C 0 17 0
ID: 316, Data: 845 88 15 2E 87 1F 4E 7E
ID: 316, Data: 845 8A DF 2D 87 1F 4E 7E
ID: 5F0, Data: 20 0
ID: 280, Data: 830 0 88 AD 5C 52 52 9F
ID: 316, Data: 845 89 4B 2E 88 1F 4E 7E
ID: 153, Data: 80 0 0 FF 0 FF 0 0
ID: 329, Data: 885 AD 7F 8 11 56 46 26
ID: 316, Data: 845 86 30 2E 8C 1F 4E 7E
ID: 43F, Data: 8C 45 60 FF 48 9C 2A 0
ID: 153, Data: 80 0 0 FF 0 FF 0 0
ID: A0, Data: 898 7A 67 2E 4F 4C 2 0
ID: 316, Data: 845 8A 9E 2E 8C 1F 4F 7E
ID: 18F, Data: 8AA 37 0 0 0 0 0 0
ID: 316, Data: 845 8A 9E 2E 8D 1F 4F 7E
ID: 153, Data: 80 0 0 FF 0 FF 0 0
ID: 545, Data: 8DC F0 1 8D 73 7 73 7
ID: 316, Data: 845 8B D6 2E 94 1F 4F 7E
ID: 2A0, Data: 81 52 52 1C 3C 0 17 0
ID: 370, Data: 8FF E4 F0 F0 FF FF FF FF
ID: 153, Data: 80 0 0 FF 0 FF 0 0
ID: 316, Data: 845 97 9E 2F 96 1F 50 7E
ID: A1, Data: 87B 81 7A 82 51 0 0 0
ID: 316, Data: 845 96 9E 2F 97 1F 50 7E
ID: 316, Data: 845 95 81 2F 97 1F 50 7E
ID: 43F, Data: 8D 45 60 FF 49 50 2B 0
ID: 260, Data: 8B 97 A0 30 FF FF A1 3E
ID: 153, Data: 80 0 0 FF 0 FF 0 0
ID: 153, Data: 80 0 0 FF 0 FF 0 0
ID: 316, Data: 845 7F 8D 2A A5 1D 50 7E
ID: 153, Data: 80 0 0 FF 0 FF 0 0
ID: 545, Data: 8DC 49 2 8D 80 7 E8 9
ID: 316, Data: 845 8B 7C 28 A7 1C 51 7E
ID: 280, Data: 830 0 88 AD 4F 66 52 B4
ID: 316, Data: 845 86 63 26 A8 1B 51 7E
ID: 2A0, Data: 8C1 52 52 1C 3C 0 17 0
ID: 316, Data: 845 A4 D5 24 A8 1A 51 7E
ID: 280, Data: 830 0 88 AD 4B 66 52 B4
ID: 153, Data: 80 0 0 FF 0 FF 0 0
ID: 545, Data: 8DC E6 1 8E 80 9 80 9
ID: 316, Data: 845 A5 5 26 A9 1B 51 7E
ID: 280, Data: 830 0 88 AD 4B 65 52 B2
ID: 316, Data: 845 A6 74 25 A7 1B 52 7E
ID: 316, Data: 845 A6 74 25 A4 1B 52 7E
ID: 43F, Data: 85 45 60 FF 49 BC 21 0
ID: 545, Data: 8DC E4 1 8E 74 9 74 9
ID: 153, Data: 80 0 0 FF 0 FF 0 0
ID: 316, Data: 845 A0 74 25 9F 1B 52 7E
ID: 153, Data: 80 0 0 FF 0 FF 0 0
ID: 280, Data: 830 0 88 AD 4A 61 52 AF
ID: 316, Data: 845 9C 1B 25 8F 1B 52 7E
ID: 153, Data: 80 0 0 FF 0 FF 0 0
ID: 316, Data: 845 91 C3 24 87 1B 53 7E
ID: 1F1, Data: 80 D5 8D F2 28 9F 2 2A
ID: A0, Data: 89B 7B C3 24 53 48 2 0
ID: 316, Data: 845 8C B6 23 88 1B 53 7E
ID: 1F1, Data: 80 7 8E 92 28 A2 12 2A
ID: 316, Data: 845 8B 86 23 88 1B 53 7E
ID: 316, Data: 845 8B 76 23 88 1B 53 7E
ID: 440, Data: 8E9 D5 53 A0 FF AA AA AA
ID: 316, Data: 845 8A 55 23 89 1B 53 7E
ID: 153, Data: 80 0 0 FF 0 FF 0 0
ID: 2A0, Data: 861 4E 52 1C 3C 0 17 0
ID: 316, Data: 845 89 36 23 89 1B 53 7E
ID: A1, Data: 87C 7C 7B 7F 4B 0 0 0
ID: 316, Data: 845 88 26 23 89 1B 53 7E
ID: 316, Data: 845 88 16 23 89 1B 54 7E
ID: 43F, Data: 84E 45 60 FF 4A 60 22 0
ID: 545, Data: 8DC 70 1 8E 85 7 85 7
ID: 153, Data: 80 0 0 FF 0 FF 0 0
ID: 153, Data: 80 0 0 FF 0 FF 0 0
ID: 316, Data: 845 6F C7 23 89 1B 54 7E
ID: 43F, Data: 84E 45 60 61 4A 90 23 0
ID: 316, Data: 845 68 A9 22 8A 1B 54 7E
ID: 153, Data: 80 0 0 FF 0 FF 0 0
ID: 153, Data: 80 0 0 FF 0 FF 0 0
ID: 316, Data: 845 6D A5 1F 8D 1A 54 7E
ID: 153, Data: 80 0 0 FF 0 FF 0 0
ID: 2A0, Data: 861 4B 52 1C 3C 0 17 0
ID: 316, Data: 845 92 54 1C 90 1A 54 7E
ID: A0, Data: 8AC 7B 54 1C 54 47 2 0
ID: 316, Data: 845 94 C6 1C 90 1A 54 7E
ID: 329, Data: 885 AE 7F 8 11 50 3B 26
ID: 5F0, Data: 20 0
ID: 280, Data: 830 0 88 AE 38 5C 52 AC
ID: 316, Data: 845 92 F8 1B 91 1A 54 7E
ID: 153, Data: 80 0 0 FF 0 FF 0 0
ID: 280, Data: 830 0 88 AE 37 5B 52 AC
ID: 316, Data: 845 92 EE 1B 91 1A 54 7E
ID: 153, Data: 80 0 0 FF 0 FF 0 0
ID: 316, Data: 845 91 21 1C 90 1A 54 7E
ID: 43F, Data: 846 45 60 FF 4A 94 1B 0
ID: A0, Data: 8A2 7B 73 1C 55 45 2 0
ID: 316, Data: 845 8D 5E 1C 86 1A 54 7E
ID: 316, Data: 845 8C 54 1C 85 1A 54 7E
ID: 43F, Data: 846 45 60 FF 4A AC 1B 0
ID: 2A0, Data: 8A1 47 52 1C 3C 0 17 0
ID: 153, Data: 80 0 0 FF 0 FF 0 0
ID: 316, Data: 845 82 F8 1B 7D 1B 55 7E
ID: 316, Data: 845 82 EE 1B 7D 1B 55 7E
ID: 43F, Data: 886 45 60 FF 4A A0 1B 0
ID: 316, Data: 845 7E D1 1B 7D 1B 55 7E
ID: 153, Data: 80 0 0 FF 0 FF 0 0
ID: 316, Data: 845 7D F8 1B 7D 1B 55 7E
ID: 316, Data: 845 7C F8 1B 7D 1B 55 7E
ID: 43F, Data: 886 45 60 FF 4A BC 1B 0
ID: 316, Data: 845 7C EE 1B 7E 1B 55 7E
ID: 153, Data: 80 0 0 FF 0 FF 0 0
ID: 316, Data: 845 7C 2 1C 7E 1B 55 7E
ID: 316, Data: 845 7C EE 1B 7E 1B 55 7E
ID: A0, Data: 88C 7B EE 1B 55 40 2 0
ID: 153, Data: 80 0 0 FF 0 FF 0 0
ID: 316, Data: 845 7C F8 1B 7E 1B 55 7E
ID: 153, Data: 80 0 0 FF 0 FF 0 0
ID: 316, Data: 845 7D DA 1B 84 1B 55 7E
ID: 260, Data: 8B 7E 85 30 FF FF 96 23
ID: 153, Data: 80 0 0 FF 0 FF 0 0
ID: 18F, Data: 8AA 36 0 0 0 0 0 0
ID: 316, Data: 845 82 2 1C 85 1B 55 7E
ID: 316, Data: 845 82 C 1C 85 1B 55 7E
ID: A1, Data: 87E 7C 7C 7E 4B 0 0 0
ID: 153, Data: 80 0 0 FF 0 FF 0 0
ID: 5F0, Data: 20 0
ID: 153, Data: 80 0 0 FF 0 FF 0 0
ID: 43F, Data: 886 45 60 FF 49 F0 1B 0
ID: 5F0, Data: 20 0
ID: 43F, Data: 886 45 60 FF 4A F0 1B 0
ID: 153, Data: 80 0 0 FF 0 FF 0 0
ID: 2A0, Data: 8A1 3F 52 1C 3C 0 17 0
ID: 316, Data: 845 79 EE 1B 72 11 55 7E
ID: A0, Data: 883 7B F8 1B 56 3E 2 0
ID: 316, Data: 845 73 2 1C 72 12 55 7E
ID: 316, Data: 845 71 F8 1B 72 12 55 7E
ID: 43F, Data: 886 45 60 FF 4A F8 1B 0
ID: 280, Data: 830 0 88 AE 38 44 52 94
ID: 5F0, Data: 20 0
ID: 316, Data: 85 6E 2 1C 65 12 55 7E
ID: 153, Data: 80 0 0 FF 0 FF 0 0
ID: A1, Data: 87D 7C 7C 7F 46 0 0 0
ID: 329, Data: 840 AE 7F 8 11 40 13 26
ID: 545, Data: 8DC DE 0 8D 36 5 36 5
ID: 316, Data: 85 56 EE 1B 34 13 55 7E
ID: 153, Data: 80 0 0 FF 0 FF 0 0
ID: A0, Data: 84F 7B EE 1B 56 32 2 0
ID: 316, Data: 85 43 E4 1B 11 14 55 7E
ID: 1F0, Data: 80 40 5 C0 0 0 0 0
ID: 316, Data: 85 3E F8 1B 13 15 55 7E
ID: 153, Data: 80 0 0 FF 0 FF 0 0
ID: 316, Data: 85 35 DA 1B 14 17 55 7E
ID: 153, Data: 80 0 0 FF 0 FF 0 0
ID: 153, Data: 80 0 0 FF 0 FF 0 0
ID: 316, Data: 85 28 BD 1B 16 18 55 7E
ID: 153, Data: 80 0 0 FF 0 FF 0 0
ID: A0, Data: 81D 7C C7 1B 56 27 2 0
ID: 316, Data: 85 20 B3 1B 17 19 55 7E
ID: 18F, Data: 8AA 34 0 0 0 0 0 0
ID: 1F1, Data: 80 6D A0 B2 29 AC A2 2A
ID: 153, Data: 80 0 0 FF 0 FF 0 0
ID: 316, Data: 85 1D 8C 1B 21 19 55 7E
ID: 153, Data: 80 0 0 FF 0 FF 0 0
ID: 260, Data: 8B 1F 26 30 FF FF C7 1A
ID: 316, Data: 85 20 9F 1B 28 19 54 7E
ID: 153, Data: 80 0 0 FF 0 FF 0 0
ID: 316, Data: 85 24 9F 1B 29 19 54 7E
ID: 153, Data: 80 0 0 FF 0 FF 0 0
ID: 545, Data: 8DC 42 0 8E DF 0 DF 0
ID: 316, Data: 85 28 65 1B 38 19 54 7E
ID: 1F0, Data: 81 40 5 C0 0 0 0 0
ID: 43F, Data: 886 45 60 FF 49 74 1B 0
ID: 5A0, Data: 80 0 0 90 0 0 0 0
ID: 43F, Data: 886 45 60 FF 49 58 1B 0
ID: 153, Data: 80 0 0 FF 0 FF 0 0
ID: 153, Data: 80 0 0 FF 0 FF 0 0
ID: 316, Data: 85 35 96 1B 3B 16 54 7E
ID: 153, Data: 80 0 0 FF 0 FF 0 0
ID: 316, Data: 85 3A 9F 1B 3B 15 53 7E
ID: 1F0, Data: 81 40 5 C0 0 0 0 0
ID: 2A0, Data: 81 28 52 1C 3C 0 17 0
ID: 316, Data: 85 3C 9F 1B 3A 15 53 7E
ID: 18F, Data: 8AA 32 0 0 0 0 0 0
ID: 316, Data: 85 3D 65 1B 3B 15 53 7E
ID: 153, Data: 80 0 0 FF 0 FF 0 0
ID: 316, Data: 85 3E 35 1B 3B 15 53 7E
ID: 316, Data: 85 3E 35 1B 3B 15 53 7E
ID: 260, Data: 8B 3E 3B 30 FF FF CF C
ID: 43F, Data: 886 45 60 FF 49 24 1B 0
ID: 370, Data: 8FF E4 F0 F0 FF FF FF FF
ID: 153, Data: 80 0 0 FF 0 FF 0 0
ID: 316, Data: 85 3D 23 1B 3B 15 53 7E
ID: 153, Data: 80 0 0 FF 0 FF 0 0
ID: A1, Data: 87A 7A 78 7C 32 0 0 0
ID: 316, Data: 85 3C 19 1B 3B 15 53 7E
ID: 1F0, Data: 82 40 5 C0 0 0 0 0
ID: 316, Data: 85 3C 10 1B 3D 15 53 7E
ID: 153, Data: 80 0 0 FF 0 FF 0 0
ID: 316, Data: 85 3C 10 1B 44 15 53 7E
ID: 153, Data: 80 0 0 FF 0 FF 0 0
ID: 153, Data: 80 0 0 FF 0 FF 0 0
ID: 316, Data: 85 41 19 1B 44 14 53 7E
ID: 153, Data: 80 0 0 FF 0 FF 0 0
ID: 545, Data: 8DC 88 0 8E 3A 3 3A 3
ID: 316, Data: 85 44 35 1B 4F 14 52 7E
ID: 280, Data: 830 0 88 AF 36 2B 52 74
ID: 1F0, Data: 83 40 5 C0 0 0 0 0
ID: 316, Data: 85 51 52 1B 5F 13 52 7E
ID: 316, Data: 85 55 5C 1B 5F 13 52 7E
ID: A1, Data: 87C 7A 7B 7C 3A 0 0 0
ID: 43F, Data: 886 45 60 FF 49 FC 1A 0
ID: 43F, Data: 886 45 60 FF 49 F8 1A 0
ID: 260, Data: 8B 62 5F 30 FF FF B2 2B
ID: 316, Data: 85 62 5C 1B 5F 12 52 7E
ID: 2A0, Data: 8A1 22 52 1C 3C 0 17 0
ID: 43F, Data: 886 45 60 FF 49 F8 1A 0
ID: 316, Data: 85 5E 23 1B 5F 12 52 7E
ID: 153, Data: 80 0 0 FF 0 FF 0 0
ID: 153, Data: 80 0 0 FF 0 FF 0 0
ID: 316, Data: 85 5D 23 1B 5F 12 52 7E
ID: 153, Data: 80 0 0 FF 0 FF 0 0
ID: 316, Data: 85 5F 3F 1B 5F 12 52 7E
ID: 153, Data: 80 0 0 FF 0 FF 0 0
ID: 545, Data: 8DC C8 0 8D 53 5 53 5
ID: 316, Data: 85 5F 65 1B 63 12 53 7E
ID: 280, Data: 830 0 88 B0 36 3B 52 8E
ID: 316, Data: 85 60 6F 1B 64 12 53 7E
ID: 329, Data: 840 B0 7F 8 11 44 25 26
ID: 370, Data: 8FF E4 F0 F0 FF FF FF FF
ID: 316, Data: 85 62 82 1B 64 12 53 7E
ID: 153, Data: 80 0 0 FF 0 FF 0 0
ID: 316, Data: 85 63 96 1B 64 12 53 7E
ID: 316, Data: 85 63 9F 1B 63 12 53 7E
ID: 18F, Data: 8AA 2E 0 0 0 0 0 0
ID: 316, Data: 85 64 96 1B 64 12 53 7E
ID: 43F, Data: 886 45 60 FF 4A 1C 1B 0
ID: 316, Data: 85 64 96 1B 64 12 53 7E
ID: 153, Data: 80 0 0 FF 0 FF 0 0
ID: 1F0, Data: 84 40 5 C0 0 0 0 0
ID: 316, Data: 85 64 82 1B 64 12 53 7E
ID: 153, Data: 80 0 0 FF 0 FF 0 0
ID: 316, Data: 85 64 9F 1B 64 12 53 7E
ID: 316, Data: 85 64 9F 1B 64 12 53 7E
ID: 260, Data: 8B 65 64 30 FF FF AC 1A
ID: 43F, Data: 886 45 60 FF 4A 34 1B 0
ID: 280, Data: 830 0 88 B0 37 3E 52 92
ID: 153, Data: 80 0 0 FF 0 FF 0 0
ID: 316, Data: 85 64 8C 1B 64 12 53 7E
ID: 153, Data: 80 0 0 FF 0 FF 0 0
ID: 2A0, Data: 8A1 23 52 1C 3C 0 17 0
ID: 329, Data: 8B B0 7F 8 11 44 25 26
ID: 153, Data: 80 0 0 FF 0 FF 0 0
ID: 316, Data: 85 64 8C 1B 64 12 53 7E
ID: 153, Data: 80 0 0 FF 0 FF 0 0
ID: 316, Data: 85 64 8C 1B 64 12 53 7E
ID: 316, Data: 85 64 82 1B 64 12 53 7E
ID: 260, Data: 8B 65 64 30 FF FF AC 1A
ID: 43F, Data: 886 45 60 FF 4A 58 1B 0
ID: 440, Data: 8FE C6 53 A0 FF AA AA AA
ID: 316, Data: 85 64 96 1B 62 12 54 7E
ID: 260, Data: 8B 64 5C 30 FF FF AD 31
ID: 440, Data: 8FE 16 53 A0 FF AA AA AA
ID: 280, Data: 830 0 88 B0 37 3C 52 90
ID: 316, Data: 85 5E 8C 1B 58 12 54 7E
ID: 2A0, Data: 8A1 23 52 1C 3C 0 17 0
ID: 316, Data: 85 5A 78 1B 57 12 54 7E
ID: 316, Data: 85 59 6F 1B 56 12 54 7E
ID: 43F, Data: 886 45 60 FF 49 6C 1B 0
ID: 43F, Data: 886 45 60 FF 4A 70 1B 0
ID: 18F, Data: 8AA 2D 0 0 0 0 0 0
ID: 316, Data: 85 54 78 1B 4F 12 54 7E
ID: 153, Data: 80 0 0 FF 0 FF 0 0
ID: 1F1, Data: 80 80 9A 62 29 A6 72 2A
ID: 316, Data: 85 50 82 1B 4F 13 54 7E
ID: A1, Data: 881 7C 7C 7F 3D 0 0 0
ID: 316, Data: 85 4D 82 1B 4B 13 54 7E
ID: 316, Data: 85 4D 78 1B 4A 13 54 7E
ID: A0, Data: 856 7D 78 1B 54 35 2 0
ID: 316, Data: 85 4C 8C 1B 43 13 54 7E
ID: 316, Data: 85 4C 82 1B 41 13 54 7E
ID: 153, Data: 80 0 0 FF 0 FF 0 0
ID: 316, Data: 85 48 82 1B 41 13 54 7E
ID: 153, Data: 80 0 0 FF 0 FF 0 0
ID: 329, Data: 8B B0 7F 8 11 3B 13 26
ID: 316, Data: 85 44 82 1B 41 13 54 7E
ID: 2A0, Data: 81 20 52 1C 3C 0 17 0
ID: 43F, Data: 886 45 60 FF 4A 74 1B 0
ID: 43F, Data: 886 45 60 FF 4A 6C 1B 0
ID: A0, Data: 84B 7D 78 1B 54 32 2 0
ID: 316, Data: 85 42 78 1B 40 13 54 7E
ID: 153, Data: 80 0 0 FF 0 FF 0 0
ID: 43F, Data: 886 45 60 FF 4A 74 1B 0
ID: 260, Data: 8B 41 40 30 FF FF CE 12
ID: 43F, Data: 886 45 60 FF 4A 78 1B 0
ID: 280, Data: 830 0 88 B0 36 27 52 71
ID: 153, Data: 80 0 0 FF 0 FF 0 0
ID: 316, Data: 85 3E 6F 1B 12 14 54 7E
ID: 316, Data: 85 3C 78 1B 13 15 54 7E
ID: 260, Data: 8B 3A 14 30 FF FF CF 18
ID: 43F, Data: 886 45 60 FF 4A 5C 1B 0
ID: 260, Data: 8B 32 15 30 FF FF D1 D
ID: 316, Data: 85 29 6F 1B 16 17 54 7E
ID: 316, Data: 85 27 5C 1B 16 18 54 7E
ID: 43F, Data: 886 45 60 FF 4A 48 1B 0
ID: 316, Data: 85 20 52 1B 17 18 54 7E
ID: 153, Data: 80 0 0 FF 0 FF 0 0
ID: 153, Data: 80 0 0 FF 0 FF 0 0
ID: 316, Data: 85 1A 6 1B 17 19 54 7E
ID: 153, Data: 80 0 0 FF 0 FF 0 0
ID: 316, Data: 85 18 52 1B 17 19 54 7E
ID: 153, Data: 80 0 0 FF 0 FF 0 0
ID: 316, Data: 85 16 FD 1A 17 19 53 7E
ID: 440, Data: 8FE C6 53 A0 FF AA AA AA
ID: 18F, Data: 8AA 2C 0 0 0 0 0 0
ID: 316, Data: 85 13 6 1B 17 19 53 7E
ID: 153, Data: 80 0 0 FF 0 FF 0 0
ID: 153, Data: 80 0 0 FF 0 FF 0 0
ID: 316, Data: 85 15 FD 1A 17 19 53 7E
ID: 153, Data: 80 0 0 FF 0 FF 0 0
ID: 316, Data: 85 16 10 1B 17 19 53 7E
ID: 316, Data: 85 17 E1 1A 17 19 53 7E
ID: 260, Data: 8B 17 17 30 FF FF 61 1E
ID: 5F0, Data: 20 0
ID: 280, Data: 830 0 84 B1 35 14 52 37
ID: 329, Data: 8ED B1 7F 8 11 32 0 26
ID: 153, Data: 80 0 0 FF 0 FF 0 0
ID: 316, Data: 85 18 B3 1A 17 18 52 7E
ID: 153, Data: 80 0 0 FF 0 FF 0 0
ID: 153, Data: 80 0 0 FF 0 FF 0 0
ID: 316, Data: 85 18 A1 1A 17 18 52 7E
ID: 153, Data: 80 0 0 FF 0 FF 0 0
ID: 2A0, Data: 8E0 13 52 1C 3C 0 17 0
ID: 316, Data: 8D 18 50 1A 17 18 52 7E
ID: 260, Data: 80 18 18 30 FF FF 50 19
ID: 316, Data: 8D 18 1 1A 18 18 51 7E
ID: 260, Data: 80 18 18 30 FF FF 4F C
ID: 43F, Data: 846 45 60 FF 4A 74 1A 0
ID: 316, Data: 8D 14 BD 19 1A 18 51 7E
ID: 18F, Data: 8AA 2C 0 0 0 0 0 0
ID: 316, Data: 85 1C 1C 1A 2E 18 51 7E
ID: 153, Data: 80 0 0 FF 0 FF 0 0
ID: 316, Data: 85 25 CF 1A 2D 18 51 7E
ID: 316, Data: 85 26 AA 1A 2E 18 51 7E
ID: A0, Data: 82D 7D F4 1A 51 2C 2 0
ID: 43F, Data: 846 45 60 FF 4A 44 1A 0
ID: 43F, Data: 846 45 60 FF 4A 5C 1A 0
ID: 18F, Data: 8AA 2C 0 0 0 0 0 0
ID: 316, Data: 85 2B 6F 1B 2D 18 51 7E
ID: 153, Data: 80 0 0 FF 0 FF 0 0
ID: 329, Data: 8ED B1 7F 8 11 35 8 26
ID: 316, Data: 85 2C 78 1B 2C 17 50 7E
ID: 545, Data: 8DC 5D 0 8E 6E 1 6E 1
ID: 316, Data: 85 2D 78 1B 15 17 50 7E
ID: 153, Data: 80 0 0 FF 0 FF 0 0
ID: 153, Data: 80 0 0 FF 0 FF 0 0
ID: 329, Data: 885 B1 7F 8 11 32 0 26
ID: 316, Data: 85 28 5C 1B 16 18 50 7E
ID: 260, Data: 8B 26 17 30 FF FF CF 38
ID: 43F, Data: 846 45 60 FF 4A 20 1A 0
ID: 316, Data: 85 21 BC 1A 17 18 50 7E
ID: 153, Data: 80 0 0 FF 0 FF 0 0
ID: 1F1, Data: 80 18 7A 52 27 84 62 28
ID: 316, Data: 85 1D 24 1A 18 19 50 7E
ID: A1, Data: 87C 77 83 77 19 0 0 0
ID: 43F, Data: 846 45 60 FF 4A C4 19 0
ID: 43F, Data: 846 45 60 FF 4A F8 19 0
ID: 2A0, Data: 8E0 D 52 1C 3C 0 17 0
ID: 316, Data: 85 18 63 18 19 19 50 7E
ID: 316, Data: 85 17 DD 17 1A 19 4F 7E
ID: 43F, Data: 846 45 60 FF 4A DC 19 0
ID: 370, Data: 8FF E4 F0 F0 FF FF FF FF
ID: A1, Data: 87A 78 80 78 19 0 0 0
ID: 316, Data: 85 1F 11 18 23 18 4F 7E
ID: 316, Data: 85 1F 99 18 22 18 4F 7E
ID: 43F, Data: 846 45 60 FF 4A C8 19 0
ID: 316, Data: 85 21 B4 19 21 18 4F 7E
ID: 153, Data: 80 0 0 FF 0 FF 0 0
ID: 5F0, Data: 20 0
ID: 316, Data: 85 21 1C 1A 22 18 4F 7E
ID: 43F, Data: 846 45 60 FF 4A B0 19 0
ID: 43F, Data: 846 45 60 FF 4A B4 19 0
ID: 153, Data: 80 0 0 FF 0 FF 0 0
ID: 316, Data: 85 22 24 1A 24 18 4F 7E
ID: 153, Data: 80 0 0 FF 0 FF 0 0
ID: 280, Data: 830 0 88 B1 34 15 52 3A
ID: 316, Data: 85 23 24 1A 24 18 4E 7E
ID: 5F0, Data: 20 0
ID: 316, Data: 85 24 1C 1A 33 18 4E 7E
ID: 153, Data: 80 0 0 FF 0 FF 0 0
ID: 18F, Data: 8AA 2C 0 0 0 0 0 0
ID: 316, Data: 85 2B 50 1A 3A 18 4E 7E
ID: 316, Data: 85 2E 8F 1A 39 17 4E 7E
ID: A0, Data: 838 7D 50 1A 4F 2F 2 0
ID: 153, Data: 80 0 0 FF 0 FF 0 0
ID: 316, Data: 85 32 35 1B 15 17 4E 7E
ID: 153, Data: 80 0 0 FF 0 FF 0 0
ID: 1F1, Data: 80 29 68 62 26 75 62 27
ID: 316, Data: 85 2B EA 1A 16 17 4E 7E
ID: 153, Data: 80 0 0 FF 0 FF 0 0
ID: 316, Data: 85 24 62 1A 17 18 4E 7E
ID: 153, Data: 80 0 0 FF 0 FF 0 0
ID: 280, Data: 830 0 84 B1 33 14 52 38
ID: 316, Data: 85 1F BD 19 18 18 4E 7E
ID: 43F, Data: 846 45 60 FF 4A 4C 19 0
ID: 43F, Data: 846 45 60 FF 4A 3C 19 0
ID: A0, Data: 81E 7D BD 19 4E 27 2 0
ID: 153, Data: 80 0 0 FF 0 FF 0 0
ID: 316, Data: 85 19 27 18 19 19 4D 7E
ID: 153, Data: 80 0 0 FF 0 FF 0 0
ID: 153, Data: 80 0 0 FF 0 FF 0 0
ID: 316, Data: 85 17 BA 16 1B 18 4D 7E
ID: 370, Data: 8FF E5 F0 F0 FF FF FF FF
ID: 18F, Data: 8AA 2C 0 0 0 0 0 0
ID: 1F0, Data: 86 40 5 C0 0 0 0 0
ID: 316, Data: 85 1A 4C 15 1D 18 4D 7E
ID: 153, Data: 80 0 0 FF 0 FF 0 0
ID: 153, Data: 80 0 0 FF 0 FF 0 0
ID: 316, Data: 85 1B DA 14 1D 18 4D 7E
ID: 43F, Data: 846 45 60 FF 4A 4 19 0
ID: 316, Data: 85 1C C4 14 1D 18 4D 7E
ID: 18F, Data: 8AA 2C 0 0 0 0 0 0
ID: 5F0, Data: 20 0
ID: 153, Data: 80 0 0 FF 0 FF 0 0
ID: 43F, Data: 846 45 60 FF 4A F4 18 0
ID: 18F, Data: 8AA 2C 0 0 0 0 0 0
ID: 153, Data: 80 0 0 FF 0 FF 0 0
ID: 316, Data: 85 1D 41 15 1C 18 4C 7E
ID: 2A0, Data: 840 7 52 1C 3C 0 17 0
ID: 316, Data: 85 1D 41 15 1C 18 4C 7E
ID: 316, Data: 8D 1D 52 15 1C 18 4C 7E
ID: 43F, Data: 846 45 60 FF 4A C0 18 0
ID: 43F, Data: 846 45 60 FF 4A BC 18 0
ID: 18F, Data: 8AA 2C 0 0 0 0 0 0
ID: 316, Data: 8D 19 18 15 1D 18 4C 7E
ID: 153, Data: 80 0 0 FF 0 FF 0 0
ID: 316, Data: 8D 19 C4 14 1D 18 4C 7E
ID: 316, Data: 8D 19 B9 14 1D 18 4C 7E
ID: 18F, Data: 8AA 2C 0 0 0 0 0 0
ID: 43F, Data: 846 45 60 FF 4A 98 18 0
ID: 153, Data: 80 0 0 FF 0 FF 0 0
ID: 1F1, Data: 80 91 50 12 25 5C E2 25
ID: 316, Data: 8D 14 2E 14 1E 18 4B 7E
ID: 260, Data: 80 15 1E 30 FF FF 4E 19
ID: 440, Data: 8FE C6 4B A0 FF AA AA AA
ID: 280, Data: 830 0 20 B1 27 18 52 3F
ID: 153, Data: 80 0 0 FF 0 FF 0 0
ID: 153, Data: 80 0 0 FF 0 FF 0 0
ID: 316, Data: 8D A 5D 14 1D 18 4B 7E
ID: 153, Data: 80 0 0 FF 0 FF 0 0
ID: 329, Data: 885 B1 7F 8 11 30 0 26
ID: 316, Data: 8D A DA 14 1D 18 4B 7E
ID: 260, Data: 80 A 1D 30 FF FF 4E 7
ID: 153, Data: 80 0 0 FF 0 FF 0 0
ID: 153, Data: 80 0 0 FF 0 FF 0 0
ID: 1F0, Data: 87 40 5 C0 0 0 0 0
ID: 260, Data: 80 4 1A 30 FF FF 4E 0
ID: 280, Data: 830 0 20 B1 2F 16 52 3D
ID: A1, Data: 880 77 80 76 1D 0 0 0
ID: 316, Data: 8D 0 36 18 19 18 4A 7E
ID: 316, Data: 8D 0 11 18 19 18 4A 7E
ID: 545, Data: 8DC 0 0 8E 4E FE 4E FE
ID: 5F0, Data: 20 0
ID: 316, Data: 8D 0 9 18 19 18 4A 7E
ID: 43F, Data: 846 45 60 FF 4A F8 17 0
ID: 370, Data: 8FF E5 F0 F0 FF FF FF FF
ID: A1, Data: 880 77 80 76 1C 0 0 0
ID: 316, Data: 8D 0 F3 17 19 18 4A 7E
ID: 316, Data: 8D 0 E5 17 19 18 4A 7E
ID: 153, Data: 80 0 0 FF 0 FF 0 0
ID: 43F, Data: 846 45 60 FF 4A EC 17 0
ID: A1, Data: 880 77 80 76 1C 0 0 0
ID: 43F, Data: 846 45 60 FF 4A E4 17 0
ID: 316, Data: 8D 0 5D 17 1A 18 49 7E
ID: 370, Data: 8FF E5 F0 F0 FF FF FF FF
ID: 316, Data: 8D 0 33 17 1A 18 49 7E
ID: 43F, Data: 846 45 60 FF 4A AC 17 0
ID: 43F, Data: 846 45 60 FF 4A A8 17 0
ID: 440, Data: 8FE 16 48 A0 FF AA AA AA
ID: 153, Data: 80 0 0 FF 0 FF 0 0
ID: 2A0, Data: 820 4 52 1C 3C 0 17 0
ID: 316, Data: 8D 0 E8 16 1A 18 48 7E
ID: 2A0, Data: 8E0 4 52 1C 3C 0 17 0
ID: 5F0, Data: 20 0
ID: 43F, Data: 846 45 60 FF 4A 50 17 0
ID: 440, Data: 8FE C6 47 A0 FF AA AA AA
ID: 153, Data: 80 0 0 FF 0 FF 0 0
ID: 5F0, Data: 20 0
ID: 153, Data: 80 0 0 FF 0 FF 0 0
ID: 153, Data: 80 0 0 FF 0 FF 0 0
ID: 2A0, Data: 880 3 52 1C 3C 0 17 0
ID: 316, Data: 8D 0 92 16 1B 18 47 7E
ID: 545, Data: 8DC 0 0 8E 51 FE 51 FE
ID: 316, Data: 8D 0 5F 16 1B 18 46 7E
ID: 316, Data: 8D 0 58 16 1B 18 46 7E
ID: 545, Data: 8DC 0 0 8E 50 FE 50 FE
ID: 43F, Data: 846 45 60 FF 4A B0 16 0
ID: 43F, Data: 846 45 60 FF 4A 9C 16 0
ID: 260, Data: 80 0 1B 30 FF FF 4E 21
ID: 316, Data: 8D 0 EE 15 1B 18 45 7E
ID: 316, Data: 8D 0 D5 15 1B 18 45 7E
ID: 5F0, Data: 20 0
ID: 43F, Data: 846 45 60 FF 4A 50 16 0
ID: 316, Data: 8D 0 99 15 1C 18 45 7E
ID: 316, Data: 8D 0 99 15 1C 18 45 7E
ID: 43F, Data: 846 45 60 FF 4A 30 16 0
ID: 43F, Data: 846 45 60 FF 4A 1C 16 0
ID: 2A0, Data: 880 3 52 1C 3C 0 17 0
ID: 316, Data: 8D 0 5E 15 1C 18 44 7E
ID: 316, Data: 8D 0 52 15 1C 18 44 7E
ID: 545, Data: 8DC 0 0 8D 50 FE 50 FE
ID: 43F, Data: 846 45 60 FF 4A CC 15 0
ID: 43F, Data: 846 45 60 FF 4A BC 15 0
ID: 18F, Data: 8AA 2B 0 0 0 0 0 0
ID: 316, Data: 8D 0 D 15 1C 18 43 7E
ID: 153, Data: 80 0 0 FF 0 FF 0 0
ID: 316, Data: 8D 0 EB 14 1D 18 42 7E
ID: 440, Data: 8FE C6 42 A0 FF AA AA AA
ID: 153, Data: 80 0 0 FF 0 FF 0 0
ID: 153, Data: 80 0 0 FF 0 FF 0 0
ID: 260, Data: 80 0 1D 30 FF FF 4E 1
ID: 316, Data: 8D 0 A3 14 1D 18 41 7E
ID: 440, Data: 8FE C6 41 A0 FF AA AA AA
ID: 153, Data: 80 0 0 FF 0 FF 0 0
ID: 329, Data: 8B B0 7F 8 12 30 0 26
ID: 316, Data: 8D 0 58 14 1D 18 41 7E
ID: 316, Data: 8D 0 48 14 1D 18 40 7E
ID: 5F0, Data: 20 0
ID: 153, Data: 80 0 0 FF 0 FF 0 0
ID: 440, Data: 8FE B6 3F A0 FF AA AA AA
ID: 43F, Data: 846 45 60 FF 4A 98 14 0
ID: 316, Data: 8D 0 FA 13 1E 18 3F 7E
ID: 153, Data: 80 0 0 FF 0 FF 0 0
ID: 316, Data: 8D 0 D2 13 1E 18 3F 7E
ID: 153, Data: 80 0 0 FF 0 FF 0 0
ID: 153, Data: 80 0 0 FF 0 FF 0 0
ID: 316, Data: 8D 0 A0 13 1E 18 3E 7E
ID: 43F, Data: 846 45 60 FF 4A C 14 0
ID: 316, Data: 8D 0 74 13 1E 18 3E 7E
ID: 2A0, Data: 880 2 52 1C 3C 0 17 0
ID: 153, Data: 80 0 0 FF 0 FF 0 0
ID: 5F0, Data: 20 0
ID: 153, Data: 80 0 0 FF 0 FF 0 0
ID: 153, Data: 80 0 0 FF 0 FF 0 0
ID: 280, Data: 830 0 20 B0 26 18 52 42
ID: 440, Data: 8FE 16 3B A0 FF AA AA AA
ID: 153, Data: 80 0 0 FF 0 FF 0 0
ID: 316, Data: 8D 0 CC 12 1F 18 3C 7E
ID: 316, Data: 8D 0 B1 12 1F 18 3B 7E
ID: 545, Data: 8DC 0 0 8D 54 FE 54 FE
ID: 43F, Data: 84D 45 60 FF 4A C 13 0
ID: 43F, Data: 84D 45 60 FF 4A E8 12 0
ID: 370, Data: 8FF E5 F0 F0 FE FF FF FF
ID: 316, Data: 8D 0 2E 12 20 18 3A 7E
ID: 260, Data: 80 0 21 30 FF FF 4E C
ID: 43F, Data: 84D 45 60 FF 4A 88 12 0
ID: 43F, Data: 84D 45 60 FF 4A 84 12 0
ID: 280, Data: 830 0 20 B0 23 1A 52 45
ID: 316, Data: 8D 0 77 11 22 18 39 7E
ID: 329, Data: 840 B0 7F 8 12 2F 0 26
ID: 43F, Data: 84D 45 60 FF 4A 1C 12 0
ID: 43F, Data: 84D 45 60 FF 4A 4 12 0
ID: 260, Data: 80 0 23 38 FF FF 4E 3F
ID: 316, Data: 8D 0 B5 10 23 18 37 7E
ID: 316, Data: 85 0 A3 10 23 18 37 7E
ID: 545, Data: 8DC 0 0 8E B6 FE B6 FE
ID: 43F, Data: 84D 45 60 FF 4A 80 11 0
ID: 440, Data: 8E7 16 36 A0 FF AA AA AA
ID: 18F, Data: 8AA 2B 0 0 0 0 0 0
ID: 316, Data: 85 19 91 10 24 18 36 7E
ID: 153, Data: 80 0 0 FF 0 FF 0 0
ID: 280, Data: 830 0 4 B0 20 1B 52 48
ID: 316, Data: 85 25 9 10 24 19 35 7E
ID: 260, Data: 8B 25 23 30 FF FF 4F 16
ID: 43F, Data: 84D 45 60 FF 4A 1C 15 0
ID: 440, Data: 8E7 66 33 A0 FF AA AA AA
ID: 316, Data: 85 23 97 11 21 18 34 7E
ID: 329, Data: 840 B0 7F 8 12 2F 0 26
ID: 43F, Data: 84D 45 60 FF 4A A4 14 0
ID: 316, Data: 85 21 9F 12 1F 18 33 7E
ID: A1, Data: 88D 77 8D 76 20 0 0 0
ID: 316, Data: 85 20 B5 12 1F 18 32 7E
ID: 316, Data: 85 20 C3 12 1F 18 32 7E
ID: 260, Data: 8B 20 1F 30 FF FF 4F 3E
ID: 316, Data: 85 1F BA 12 1F 18 31 7E
ID: 260, Data: 8B 1F 20 30 FF FF 4F 2F
ID: 5F0, Data: 20 0
ID: 280, Data: 830 0 84 B0 25 17 52 40
ID: 316, Data: 85 1F 7B 12 1F 18 30 7E
ID: 316, Data: 85 1F 77 12 1F 18 30 7E
ID: 316, Data: 85 1F 3B 12 20 18 2F 7E
ID: 43F, Data: 845 45 60 FF 4A 14 13 0
ID: 316, Data: 85 1F 8 12 20 18 2F 7E
ID: 153, Data: 80 0 0 FF 0 FF 0 0
ID: 316, Data: 85 20 8F 11 20 18 2E 7E
ID: 153, Data: 80 0 0 FF 0 FF 0 0
ID: 5F0, Data: 20 0
ID: 316, Data: 85 21 60 11 20 18 2D 7E
ID: 43F, Data: 84C 45 60 FF 4A 40 12 0
ID: 329, Data: 8B B0 7F 8 12 2F 0 26
ID: 153, Data: 80 0 0 FF 0 FF 0 0
ID: 316, Data: 85 21 18 11 20 19 2C 7E
ID: 43F, Data: 84C 45 60 FF 4A D0 11 0
ID: 316, Data: 85 22 FE 10 20 18 2C 7E
ID: 153, Data: 80 0 0 FF 0 FF 0 0
ID: 316, Data: 85 22 DD 10 1F 19 2B 7E
ID: 316, Data: 85 22 B5 10 1F 19 2B 7E
ID: 2A0, Data: 840 1 52 1C 3C 0 17 0
ID: 440, Data: 8E7 85 2A A0 FF AA AA AA
ID: 316, Data: 85 22 A3 10 1F 19 2A 7E
ID: 153, Data: 80 0 0 FF 0 FF 0 0
ID: 316, Data: 85 20 FA 10 1E 19 29 7E
ID: 316, Data: 85 20 2E 11 1E 19 29 7E
ID: 280, Data: 830 0 84 B0 22 17 52 41
ID: 440, Data: 8E7 D5 27 A0 FF AA AA AA
ID: 316, Data: 85 1E AA 11 1D 19 28 7E
ID: 153, Data: 80 0 0 FF 0 FF 0 0
ID: 316, Data: 85 1E DF 11 1C 19 27 7E
ID: 1F1, Data: 80 A1 24 61 12 30 1 13
ID: 18F, Data: 8AA 2B 0 0 0 0 0 0
ID: 1F1, Data: 80 B2 21 1 12 28 91 12
ID: 43F, Data: 84C 45 60 FF 4A BC 13 0
ID: 43F, Data: 84C 45 60 FF 4A A0 13 0
ID: 18F, Data: 8AA 2B 0 0 0 0 0 0
ID: 316, Data: 85 1C 4D 11 1E 19 24 7E
ID: 153, Data: 80 0 0 FF 0 FF 0 0
ID: 153, Data: 80 0 0 FF 0 FF 0 0
ID: 316, Data: 85 1D A0 10 1E 19 23 7E
ID: 370, Data: 8FF E5 F0 F0 FE FF FF FF
ID: 316, Data: 85 1E 64 10 1F 19 23 7E
ID: 43F, Data: 84B 45 60 FF 4A 70 12 0
ID: 316, Data: 85 1E 21 10 1F 19 22 7E
ID: 316, Data: 85 1F E9 F 1F 19 22 7E
ID: 316, Data: 85 1F F6 F 1F 19 22 7E
ID: A0, Data: 82E 7C E9 F 23 26 2 0
ID: 43F, Data: 84B 45 60 FF 4A 44 12 0
ID: 153, Data: 80 0 0 FF 0 FF 0 0
ID: 280, Data: 830 0 88 B0 21 1C 52 47
ID: 316, Data: 85 30 36 11 80 18 22 7E
ID: 43F, Data: 84B 45 60 FF 4A 50 12 0
ID: 316, Data: 85 43 74 13 87 16 21 7E
ID: A0, Data: 84F 7C F8 11 22 2F 2 0
ID: 153, Data: 80 0 0 FF 0 FF 0 0
ID: 316, Data: 85 81 F4 1A 85 F 21 7E
ID: 153, Data: 80 0 0 FF 0 FF 0 0
ID: 316, Data: 85 81 38 21 84 10 21 7E
ID: 316, Data: 85 90 12 22 84 10 22 7E
ID: A0, Data: 89B 7C 92 20 22 4B 2 0
ID: 370, Data: 8FF E5 F0 F0 FF FF FF FF
ID: 316, Data: 85 86 9D 21 85 11 22 7E
ID: 316, Data: 85 88 4F 20 86 11 23 7E
ID: 316, Data: 85 89 72 1F 87 10 23 7E
ID: 43F, Data: 843 45 60 FF 4A 18 1A 0
ID: 316, Data: 85 89 13 1E 88 10 24 7E
ID: 153, Data: 80 0 0 FF 0 FF 0 0
ID: 153, Data: 80 0 0 FF 0 FF 0 0
ID: 316, Data: 85 89 41 1E 88 10 24 7E
ID: A1, Data: 883 7C 81 7F 4E 0 0 0
ID: 316, Data: 85 87 AC 1E 8D 10 25 7E
ID: 316, Data: 85 88 D1 1E 8E 10 25 7E
ID: 43F, Data: 843 45 60 FF 4A CC 1B 0
ID: 43F, Data: 843 45 60 FF 4A 0 1C 0
ID: A1, Data: 885 7C 81 7F 4D 0 0 0
ID: 5F0, Data: 20 0
ID: 316, Data: 85 8D A5 1F 8D 10 27 7E
ID: 316, Data: 85 8D B2 1F 8D 10 27 7E
ID: 329, Data: 8B B0 7F 8 11 51 44 26
ID: 153, Data: 80 0 0 FF 0 FF 0 0
ID: 316, Data: 85 8C F2 1F 8D 10 28 7E
ID: 153, Data: 80 0 0 FF 0 FF 0 0
ID: 280, Data: 830 0 88 B0 40 56 52 A7
ID: 316, Data: 85 8B 77 20 90 10 29 7E
ID: A1, Data: 887 7C 81 7F 4E 0 0 0
ID: 316, Data: 85 8C C9 20 93 10 29 7E
ID: 316, Data: 85 92 0 21 95 10 29 7E
ID: 18F, Data: 8AA 2B 0 0 0 0 0 0
ID: 43F, Data: 843 45 60 FF 4B 34 1F 0
ID: 43F, Data: 843 45 60 FF 4B 4C 1F 0
ID: 370, Data: 8FF E5 F0 F0 FF FF FF FF
ID: A1, Data: 886 7D 81 7F 52 0 0 0
ID: 153, Data: 80 0 0 FF 0 FF 0 0
ID: 316, Data: 85 94 7B 22 94 11 2C 7E
ID: 153, Data: 80 0 0 FF 0 FF 0 0
ID: A0, Data: 8A9 7C 8A 22 2C 4A 2 0
ID: 316, Data: 85 93 F7 22 94 11 2C 7E
ID: 260, Data: 8B 95 95 30 FF FF 92 3C
ID: 316, Data: 85 94 76 23 94 11 2D 7E
ID: 2A0, Data: 8C1 20 52 1C 3C 0 17 0
ID: 316, Data: 85 93 E8 23 93 11 2E 7E
ID: 316, Data: 85 93 3B 24 93 11 2E 7E
ID: 43F, Data: 843 45 60 FF 4A 34 22 0
ID: 43F, Data: 843 45 60 FF 4B 68 22 0
ID: 370, Data: 8FF E5 F0 F0 FF FF FF FF
ID: 153, Data: 80 0 0 FF 0 FF 0 0
ID: 153, Data: 80 0 0 FF 0 FF 0 0
ID: 2A0, Data: 8A1 25 52 1C 3C 0 17 0
ID: 316, Data: 85 93 50 25 93 11 30 7E
ID: A1, Data: 885 7D 82 7F 4F 0 0 0
ID: 153, Data: 80 0 0 FF 0 FF 0 0
ID: 316, Data: 85 92 E0 25 92 11 31 7E
ID: 153, Data: 80 0 0 FF 0 FF 0 0
ID: 316, Data: 85 92 2A 26 92 12 32 7E
ID: 316, Data: 85 92 63 26 92 12 32 7E
ID: A1, Data: 884 7D 82 7F 4E 0 0 0
ID: 43F, Data: 843 45 60 FF 4A 18 25 0
ID: 153, Data: 80 0 0 FF 0 FF 0 0
ID: 2A0, Data: 8C1 2A 52 1C 3C 0 17 0
ID: 316, Data: 85 91 5E 27 91 12 33 7E
ID: 43F, Data: 843 45 60 FF 4B EC 25 0
ID: 316, Data: 85 91 AE 27 91 12 34 7E
ID: 153, Data: 80 0 0 FF 0 FF 0 0
ID: 43F, Data: 843 45 60 FF 4B 8C 26 0
ID: 153, Data: 80 0 0 FF 0 FF 0 0
ID: 316, Data: 85 91 67 28 93 12 35 7E
ID: 316, Data: 85 91 7C 28 94 13 35 7E
ID: A0, Data: 8A4 7C A6 28 36 4B 2 0
ID: 316, Data: 85 92 D0 28 95 13 36 7E
ID: 316, Data: 85 93 11 29 95 13 36 7E
ID: 153, Data: 80 0 0 FF 0 FF 0 0
ID: 316, Data: 85 93 94 29 95 13 37 7D
ID: 153, Data: 80 0 0 FF 0 FF 0 0
ID: 153, Data: 80 0 0 FF 0 FF 0 0
ID: 316, Data: 85 93 ED 29 95 13 38 7C
ID: 153, Data: 80 0 0 FF 0 FF 0 0
ID: 280, Data: 830 0 88 AF 54 58 52 A5
ID: 316, Data: 85 94 76 2A 96 13 38 7B
ID: 153, Data: 80 0 0 FF 0 FF 0 0
ID: 316, Data: 85 96 2 2B 95 13 39 7B
ID: 153, Data: 80 0 0 FF 0 FF 0 0
ID: 316, Data: 85 97 7A 2B 99 13 39 7B
ID: 153, Data: 80 0 0 FF 0 FF 0 0
ID: 1F1, Data: 80 6D CF D1 1C DE F1 1D
ID: 316, Data: 85 9A DC 2B 9A 14 3A 7B
ID: 153, Data: 80 0 0 FF 0 FF 0 0
ID: 43F, Data: 843 45 60 FF 4A 8 2B 0
ID: 153, Data: 80 0 0 FF 0 FF 0 0
ID: 316, Data: 85 9A 74 2D 99 14 3B 7B
ID: 5F0, Data: 20 0
ID: A1, Data: 880 80 7F 81 51 0 0 0
ID: 545, Data: 8CC 3D 2 8D 20 9 20 9
ID: 18F, Data: 8AA 2B 0 0 0 0 0 0
ID: 316, Data: 85 97 9E 2F 97 15 3D 7B
ID: A0, Data: 8A7 7C 48 2F 3D 51 2 0
ID: 316, Data: 85 96 4F 30 97 15 3D 7B
ID: 316, Data: 85 95 C7 30 96 15 3D 7B
ID: A1, Data: 880 80 7E 81 4F 0 0 0
ID: 316, Data: 85 96 A0 31 96 16 3E 7B
ID: 316, Data: 85 95 C0 31 96 16 3E 7B
ID: 545, Data: 8CC 46 2 8D DA 8 DA 8
ID: 316, Data: 85 96 0 32 95 16 3F 7B
ID: 1F1, Data: 80 4B F9 51 1F 5 52 20
ID: 153, Data: 80 0 0 FF 0 FF 0 0
ID: 153, Data: 80 0 0 FF 0 FF 0 0
ID: A1, Data: 880 80 7E 81 4F 0 0 0
ID: 545, Data: 8CC 63 2 8E DC 8 DC 8
ID: A1, Data: 880 80 7E 81 4F 0 0 0
ID: 370, Data: 8FF E5 F0 F0 FF FF FF FF
ID: 43F, Data: 8C 45 60 FF 4B 54 2F 0
ID: 280, Data: 830 0 88 AF 66 59 52 A7
ID: 153, Data: 80 0 0 FF 0 FF 0 0
ID: 316, Data: 85 95 AD 33 94 16 42 7A
ID: 316, Data: 85 94 F2 33 94 16 42 7A
ID: 2A0, Data: 861 3D 52 1C 3C 0 17 0
ID: 440, Data: 8FE C3 43 A0 FF AA AA AA
ID: 316, Data: 85 95 38 34 93 17 43 7A
ID: 153, Data: 80 0 0 FF 0 FF 0 0
ID: 316, Data: 85 95 A1 34 93 17 43 7A
ID: 316, Data: 85 94 C5 34 93 17 43 7A
ID: 260, Data: 8A 96 94 30 FF FF A0 3E
ID: 316, Data: 85 93 C 35 93 17 44 79
ID: 2A0, Data: 8C1 3F 52 1C 3C 0 17 0
ID: 153, Data: 80 0 0 FF 0 FF 0 0
ID: 316, Data: 85 94 55 35 92 17 44 79
ID: 153, Data: 80 0 0 FF 0 FF 0 0
ID: 329, Data: 8ED AF 79 8 11 60 52 26
ID: 316, Data: 85 7F 31 35 92 17 45 79
ID: A0, Data: 8A4 7B 79 35 45 53 2 0
ID: 43F, Data: 8C 45 60 7A 4B A8 2E 0
ID: 440, Data: 8FE 63 45 A0 FF AA AA AA
ID: 260, Data: 8A 9D 98 30 FF FF 63 16
ID: 5F0, Data: 20 0
ID: 43F, Data: 8C 45 60 9D 4B 84 27 0
ID: 2A0, Data: 861 42 52 1C 3C 0 17 0
ID: 153, Data: 80 0 0 FF 0 FF 0 0
ID: 316, Data: 85 9F AB 2B 9A 14 47 79
ID: 153, Data: 80 0 0 FF 0 FF 0 0
ID: 2A0, Data: 81 43 52 1C 3C 0 17 0
ID: 316, Data: 85 9E F4 2B 9A 14 47 79
ID: 545, Data: 8C4 13 2 8E 88 9 88 9
ID: 5F0, Data: 20 0
ID: 153, Data: 80 0 0 FF 0 FF 0 0
ID: 43F, Data: 84 45 60 FF 4B 38 27 0
ID: 5F0, Data: 20 0
ID: 316, Data: 85 9C 3F 2C 9A 14 48 79
ID: 153, Data: 80 0 0 FF 0 FF 0 0
ID: 545, Data: 8C4 F 2 8D 71 9 71 9
ID: 316, Data: 85 9C 8B 2C 9A 14 49 79
ID: 280, Data: 830 0 88 AF 59 5D 52 AB
ID: 153, Data: 80 0 0 FF 0 FF 0 0
ID: 316, Data: 85 9F D7 2C A0 14 49 79
ID: 316, Data: 85 A3 F1 2C A4 14 49 79
ID: 18F, Data: 8AA 2B 0 0 0 0 0 0
ID: 43F, Data: 84 45 60 FF 4B 60 28 0
ID: 153, Data: 80 0 0 FF 0 FF 0 0
ID: 153, Data: 80 0 0 FF 0 FF 0 0
ID: 316, Data: 85 B1 4B 2E A5 14 4A 79
ID: A1, Data: 87E 80 7E 80 56 0 0 0
ID: 316, Data: 85 AE C4 2D A5 14 4B 79
ID: 316, Data: 85 AE 74 2D A6 14 4B 79
ID: 43F, Data: 84 45 60 FF 4C 28 29 0
ID: 43F, Data: 84 45 60 FF 4C 64 29 0
ID: 440, Data: 8FE 34 4C A0 FF AA AA AA
ID: 5F0, Data: 20 0
ID: 329, Data: 840 AE 79 8 11 68 59 26
ID: 153, Data: 80 0 0 FF 0 FF 0 0
ID: 316, Data: 85 B0 C4 2D A8 14 4D 79
ID: A0, Data: 8C8 7B C4 2D 4D 5C 2 0
ID: 316, Data: 85 B2 FA 2D A8 14 4D 79
ID: 316, Data: 85 B3 30 2E A8 14 4D 79
ID: A1, Data: 87F 7F 7E 80 58 0 0 0
ID: 316, Data: 85 B3 30 2E A8 14 4E 79
ID: 316, Data: 85 B4 15 2E A8 14 4E 79
ID: A0, Data: 8C6 7B 15 2E 4F 5D 2 0
ID: 316, Data: 85 B3 FA 2D A9 14 4F 79
ID: 1F1, Data: 80 4A 6F 2 27 80 62 28
ID: 43F, Data: 84 45 60 FF 4C 34 2B 0
ID: 316, Data: 85 B1 4B 2E A9 14 4F 79
ID: 1F1, Data: 80 6D 78 12 27 89 A2 28
ID: 316, Data: 85 B3 4B 2E A9 14 50 79
ID: 316, Data: 85 B3 30 2E A9 14 50 79
ID: A1, Data: 87F 7F 7E 80 58 0 0 0
ID: 43F, Data: 844 45 60 FF 4C 8 2C 0
ID: 1F1, Data: 80 B2 82 12 28 94 32 29
ID: 153, Data: 80 0 0 FF 0 FF 0 0
ID: 316, Data: 85 B3 BA 2E 9F 14 51 79
ID: 440, Data: 8FE 94 52 A0 FF AA AA AA
ID: 316, Data: 85 AB 4B 2E 9A 14 52 79
ID: 153, Data: 80 0 0 FF 0 FF 0 0
ID: 329, Data: 840 AE 79 8 11 5D 51 26
ID: 316, Data: 85 9B FA 2D 9B 14 52 79
ID: 43F, Data: 844 45 60 FF 4D 0 2D 0
ID: 316, Data: 85 9A 82 2E 9A 15 53 79
ID: 280, Data: 830 0 88 AE 5D 5D 52 A9
ID: 43F, Data: 844 45 60 FF 4C 58 2D 0
ID: 43F, Data: 844 45 60 FF 4D 7C 2D 0
ID: 153, Data: 80 0 0 FF 0 FF 0 0
ID: 316, Data: 85 9C D6 2E 93 15 54 79
ID: 316, Data: 85 9A D6 2E 93 15 54 79
ID: 2A0, Data: 81 4D 52 1C 3C 0 17 0
ID: 43F, Data: 844 45 60 FF 4C FC 2D 0
ID: 316, Data: 85 97 F 2F 93 15 55 79
ID: A0, Data: 8A6 7B F2 2E 55 51 2 0
ID: 316, Data: 85 96 F2 2E 93 15 55 79
ID: 153, Data: 80 0 0 FF 0 FF 0 0
ID: A1, Data: 880 7F 7D 7F 4F 0 0 0
ID: 316, Data: 85 95 64 2F 92 15 55 79
ID: 316, Data: 85 94 64 2F 8F 15 56 79
ID: 5F0, Data: 20 0
ID: 316, Data: 85 93 81 2F 90 15 56 79
ID: 43F, Data: 84D 45 60 FF 4B E4 2E 0
ID: 153, Data: 80 0 0 FF 0 FF 0 0
ID: 5F0, Data: 20 0
ID: 153, Data: 80 0 0 FF 0 FF 0 0
ID: 316, Data: 85 92 BB 2F 8F 15 57 79
ID: 5A0, Data: 80 0 0 90 0 0 0 0
ID: 316, Data: 85 91 F6 2F 8C 15 57 79
ID: 153, Data: 80 0 0 FF 0 FF 0 0
ID: 153, Data: 80 0 0 FF 0 FF 0 0
ID: 316, Data: 85 8C 31 30 7E 15 57 79
ID: 43F, Data: 84D 45 60 FF 4C 64 2F 0
ID: 316, Data: 85 84 D8 2F 79 15 58 79
ID: 153, Data: 80 0 0 FF 0 FF 0 0
ID: 153, Data: 80 0 0 FF 0 FF 0 0
ID: 316, Data: 85 60 92 2B 75 14 58 79
ID: 153, Data: 80 0 0 FF 0 FF 0 0
ID: 316, Data: 85 60 26 29 77 13 58 79
ID: 1F1, Data: 80 8E B7 82 2B CB C2 2C
ID: 280, Data: 830 0 88 AE 4D 4C 52 98
ID: 43F, Data: 84D 45 60 6E 4C AC 25 0
ID: 43F, Data: 84D 45 60 7E 4C 20 25 0
ID: 5F0, Data: 20 0
ID: 316, Data: 85 7E 18 26 7A 12 59 79
ID: 316, Data: 85 7D F3 25 7A 12 59 79
ID: 153, Data: 80 0 0 FF 0 FF 0 0
ID: 153, Data: 80 0 0 FF 0 FF 0 0
ID: 316, Data: 85 7F 2C 25 79 12 59 79
ID: 43F, Data: 84D 45 60 FF 4D B0 24 0
ID: 316, Data: 85 7F 50 25 79 12 59 79
ID: 153, Data: 80 0 0 FF 0 FF 0 0
ID: 153, Data: 80 0 0 FF 0 FF 0 0
ID: 316, Data: 85 7D 62 25 78 12 59 79
ID: 153, Data: 80 0 0 FF 0 FF 0 0
ID: 316, Data: 85 7C 50 25 79 12 5A 79
ID: 316, Data: 85 7C 62 25 78 12 5A 79
ID: 2A0, Data: 8A1 47 52 1C 3C 0 17 0
ID: 43F, Data: 84E 45 60 FF 4D F8 24 0
ID: 316, Data: 85 7A 98 25 70 12 5A 79
ID: 440, Data: 8E1 25 5A A0 FF AA AA AA
ID: 316, Data: 85 75 62 25 70 12 5A 79
ID: 153, Data: 80 0 0 FF 0 FF 0 0
ID: 43F, Data: 84E 45 60 FF 4D 14 25 0
ID: 43F, Data: 84E 45 60 FF 4D 1C 25 0
ID: 2A0, Data: 81 45 52 1C 3C 0 17 0
ID: 316, Data: 85 70 86 25 60 13 5A 79
ID: 316, Data: 85 6E 62 25 60 13 5A 79
ID: A0, Data: 876 7B 62 25 5B 40 2 0
ID: 43F, Data: 84E 45 60 FF 4C 28 25 0
ID: 43F, Data: 84E 45 60 FF 4C 28 25 0
ID: 43F, Data: 84E 45 60 58 4C C 25 0
ID: 316, Data: 85 52 D5 24 60 13 5B 79
ID: 2A0, Data: 861 43 52 1C 3C 0 17 0
ID: 43F, Data: 84E 45 60 50 4C 68 22 0
ID: 370, Data: 8FF E5 F0 F0 FF FF FF FF
ID: 5A0, Data: 80 0 0 90 0 0 0 0
ID: 316, Data: 85 64 B2 1F 63 12 5B 79
ID: 153, Data: 80 0 0 FF 0 FF 0 0
ID: 280, Data: 830 0 88 AE 3E 45 52 92
ID: 316, Data: 85 6F E 1F 60 12 5B 79
ID: A1, Data: 87D 7E 7D 7F 44 0 0 0
ID: 43F, Data: 84E 45 60 FF 4C D0 1D 0
ID: 153, Data: 80 0 0 FF 0 FF 0 0
ID: 18F, Data: 8AA 2B 0 0 0 0 0 0
ID: 316, Data: 85 69 59 1E 5F 12 5B 79
ID: 5F0, Data: 20 0
ID: A0, Data: 871 7B 59 1E 5C 3C 2 0
ID: 153, Data: 80 0 0 FF 0 FF 0 0
ID: 440, Data: 8FE C6 5B A0 FF AA AA AA
ID: 2A0, Data: 8A1 3E 52 1C 3C 0 17 0
ID: 316, Data: 85 63 65 1E 4A 12 5B 79
ID: 280, Data: 830 0 88 AE 3C 3A 52 89
ID: 316, Data: 85 59 41 1E 41 13 5B 79
ID: 316, Data: 85 53 7 1E 41 13 5B 79
ID: 153, Data: 80 0 0 FF 0 FF 0 0
ID: 316, Data: 85 4B D9 1D 41 13 5B 79
ID: 370, Data: 8FF E5 F0 F0 FF FF FF FF
ID: 153, Data: 80 0 0 FF 0 FF 0 0
ID: 316, Data: 85 47 E5 1D 42 13 5B 79
ID: 153, Data: 80 0 0 FF 0 FF 0 0
ID: 316, Data: 85 45 E5 1D 42 13 5B 79
ID: 1F0, Data: 84 40 5 C0 0 0 0 0
ID: 316, Data: 85 44 E5 1D 42 13 5B 79
ID: 316, Data: 85 43 F0 1D 42 13 5B 79
ID: 153, Data: 80 0 0 FF 0 FF 0 0
ID: 43F, Data: 886 45 60 FF 4B E4 1D 0
ID: 153, Data: 80 0 0 FF 0 FF 0 0
ID: 329, Data: 8ED AE 79 8 11 3D 16 26
ID: 316, Data: 85 43 F0 1D 42 13 5B 79
ID: 18F, Data: 8AA 2B 0 0 0 0 0 0
ID: 316, Data: 85 43 E5 1D 42 13 5B 79
ID: 153, Data: 80 0 0 FF 0 FF 0 0
ID: 316, Data: 85 43 F0 1D 42 13 5B 79
ID: 43F, Data: 886 45 60 FF 4B E4 1D 0
ID: A0, Data: 84D 7B 7 1E 5C 34 2 0
ID: 316, Data: 85 43 FC 1D 42 13 5B 79
ID: 5F0, Data: 20 0
ID: A0, Data: 84D 7B E5 1D 5C 34 2 0
ID: 260, Data: 8A 44 42 30 FF FF D0 39
ID: 370, Data: 8FF E3 F0 F0 FF FF FF FF
ID: 316, Data: 85 44 E5 1D 42 13 5B 79
ID: 153, Data: 80 0 0 FF 0 FF 0 0
ID: 43F, Data: 886 45 60 FF 4B D8 1D 0
ID: 316, Data: 85 44 F0 1D 42 13 5B 79
ID: 2A0, Data: 861 2F 52 1C 3C 0 17 0
ID: 316, Data: 85 44 F0 1D 42 13 5B 79
ID: 316, Data: 85 44 E5 1D 4B 1D 5B 79
ID: 43F, Data: 886 45 60 FF 4B D4 1D 0
ID: 43F, Data: 886 45 60 FF 4B CC 1D 0
ID: 18F, Data: 8AA 2B 0 0 0 0 0 0
ID: 316, Data: 85 49 FC 1D 4B 1D 5B 79
ID: 153, Data: 80 0 0 FF 0 FF 0 0
ID: 316, Data: 85 4A 4D 1E 4A 1D 5B 79
ID: 316, Data: 85 4B 4D 1E 4A 1D 5B 79
ID: A1, Data: 87A 7C 7A 7D 3B 0 0 0
ID: 316, Data: 85 4C 70 1E 4A 1D 5B 79
ID: 316, Data: 845 4C 59 1E 4A 1D 5B 79
ID: A0, Data: 855 7B 65 1E 5C 37 2 0
ID: 5F0, Data: 20 0
ID: 316, Data: 845 4D CE 1D 4B 1D 5B 79
ID: 316, Data: 845 4D F0 1D 4B 1D 5B 79
ID: 370, Data: 8FF E0 F0 F0 FF FF FF FF
ID: 280, Data: 830 0 88 AE 3B 30 52 80
ID: 316, Data: 845 4E E5 1D 4A 1D 5B 79
ID: 260, Data: 8A 4E 38 30 FF FF C6 8
ID: 153, Data: 80 0 0 FF 0 FF 0 0
ID: 280, Data: 830 0 88 AE 3B 2E 52 78
ID: 1F0, Data: 85 40 5 C0 0 0 0 0
ID: 260, Data: 8A 42 1A 30 FF FF C7 12
ID: 545, Data: 8C4 8D 0 8E 17 2 17 2
ID: 153, Data: 80 0 0 FF 0 FF 0 0
ID: 316, Data: 845 34 C3 1D 1C 21 5B 79
ID: 153, Data: 80 0 0 FF 0 FF 0 0
ID: 260, Data: 8A 2E 1D 30 FF FF D9 30
ID: 316, Data: 845 2B C3 1D 1D 22 5B 79
ID: 43F, Data: 886 45 60 FF 4B B8 1D 0
ID: 316, Data: 845 26 AC 1D 1E 22 5B 79
ID: 153, Data: 80 0 0 FF 0 FF 0 0
ID: 329, Data: 8ED AE 79 8 11 32 0 26
ID: 5F0, Data: 20 0
ID: 260, Data: 8A 1F 1E 30 FF FF 9C 3
ID: 316, Data: 845 1E 95 1D 1E 22 5B 79
ID: 153, Data: 80 0 0 FF 0 FF 0 0
ID: 316, Data: 845 1E A1 1D 24 22 5B 79
ID: 316, Data: 845 22 8A 1D 2C 22 5B 79
ID: 43F, Data: 886 45 60 FF 4B A0 1D 0
ID: 43F, Data: 886 45 60 FF 4B A4 1D 0
ID: 153, Data: 80 0 0 FF 0 FF 0 0
ID: 316, Data: 845 2E 95 1D 36 22 5A 79
ID: 316, Data: 845 30 A1 1D 3A 21 5A 79
ID: A1, Data: 878 78 76 7B 23 0 0 0
ID: 43F, Data: 886 45 60 FF 4B 68 1D 0
ID: 316, Data: 845 37 F0 1D 3F 1F 5A 79
ID: 316, Data: 845 37 65 1E 3F 1F 5A 79
ID: 316, Data: 845 38 A0 1E 3F 1F 5A 79
ID: 43F, Data: 886 45 60 FF 4B 64 1D 0
ID: 260, Data: 8A 3C 3F 30 FF FF D9 0
ID: 316, Data: 845 3E 70 1E 3F 1E 5A 79
ID: 316, Data: 845 3F 4D 1E 3F 1D 5A 79
ID: 440, Data: 8FE C6 5A A0 FF AA AA AA
ID: 2A0, Data: 8C1 1C 52 1C 3C 0 17 0
ID: 153, Data: 80 0 0 FF 0 FF 0 0
ID: 329, Data: 8ED AF 79 8 11 3C F 26
ID: 316, Data: 845 42 E5 1D 41 1D 5A 79
ID: 260, Data: 8A 42 41 30 FF FF D1 3B
ID: 316, Data: 845 42 B7 1D 41 1D 5A 79
ID: 2A0, Data: 8C1 1B 52 1C 3C 0 17 0
ID: 43F, Data: 886 45 60 FF 4C 60 1D 0
ID: 2A0, Data: 8A1 1B 52 1C 3C 0 17 0
ID: 5F0, Data: 20 0
ID: 316, Data: 845 44 95 1D 41 1D 5A 79
ID: 316, Data: 845 43 A1 1D 41 1D 5A 79
ID: 1F0, Data: 85 40 5 C0 0 0 0 0
ID: 316, Data: 845 44 8A 1D 36 1D 5A 79
ID: 316, Data: 845 44 95 1D 2C 1D 5A 79
ID: 153, Data: 80 0 0 FF 0 FF 0 0
ID: 316, Data: 845 42 A1 1D 19 1D 5A 79
ID: 316, Data: 845 41 B7 1D 19 1D 5A 79
ID: 440, Data: 8FE 66 59 A0 FF AA AA AA
ID: 316, Data: 845 39 8A 1D 1B 1F 5A 79
ID: 43F, Data: 886 45 60 FF 4B 48 1D 0
ID: 2A0, Data: 820 18 52 1C 3C 0 17 0
ID: 316, Data: 845 31 53 1D 1D 21 5A 79
ID: 316, Data: 845 2D 48 1D 1D 21 5A 79
ID: 43F, Data: 886 45 60 FF 4B 2C 1D 0
ID: 545, Data: 8C4 52 0 8E 5A 0 5A 0
ID: 316, Data: 845 26 3D 1D 22 22 59 79
ID: 153, Data: 80 0 0 FF 0 FF 0 0
ID: 43F, Data: 886 45 60 FF 4B 8 1D 0
ID: 260, Data: 8A 23 26 30 FF FF C7 7
ID: 43F, Data: 886 45 60 FF 4B F8 1C 0
ID: 316, Data: 845 24 1C 1D 2C 22 59 79
ID: A1, Data: 880 78 7B 7B 1D 0 0 0
ID: 316, Data: 845 28 3D 1D 39 22 59 79
ID: 316, Data: 845 2D 32 1D 39 22 59 79
ID: 370, Data: 8FF E0 F0 F0 FF FF FF FF
ID: 545, Data: 8C4 66 0 8D 1F 1 1F 1
ID: 153, Data: 80 0 0 FF 0 FF 0 0
ID: 316, Data: 845 33 FC 1D 29 20 59 79
ID: 316, Data: 845 32 41 1E 1B 1F 59 79
ID: A1, Data: 87E 7A 79 7C 2B 0 0 0
ID: 316, Data: 845 38 59 1E 1B 1F 59 79
ID: 316, Data: 845 36 88 1E 1B 20 59 79
ID: 153, Data: 80 0 0 FF 0 FF 0 0
ID: 545, Data: 8C4 71 0 8D 16 1 16 1
ID: 316, Data: 845 2E E5 1D 1D 21 59 79
ID: 545, Data: 8C4 63 0 8E BE 0 BE 0
ID: 316, Data: 845 2B 5E 1D 1E 22 59 79
ID: 153, Data: 80 0 0 FF 0 FF 0 0
ID: 316, Data: 845 26 32 1D 1E 22 59 79
ID: A1, Data: 880 77 77 79 20 0 0 0
ID: 153, Data: 80 0 0 FF 0 FF 0 0
ID: 316, Data: 845 21 FC 1C 1E 22 58 79
ID: 153, Data: 80 0 0 FF 0 FF 0 0
ID: 153, Data: 80 0 0 FF 0 FF 0 0
ID: 280, Data: 830 0 84 AF 38 15 52 3A
ID: 316, Data: 845 1C C 1C 1F 22 58 79
ID: 153, Data: 80 0 0 FF 0 FF 0 0
ID: 153, Data: 80 0 0 FF 0 FF 0 0
ID: 316, Data: 845 1B CF 1A 20 22 58 79
ID: 5F0, Data: 20 0
ID: 316, Data: 845 1D B3 1A 20 22 58 79
ID: 316, Data: 845 1E C6 1A 20 22 58 79
ID: 316, Data: 845 1F EA 1A 1F 22 58 79
ID: 280, Data: 830 0 84 AF 36 18 52 3F
ID: 43F, Data: 846 45 60 FF 4B 94 1C 0
ID: 2A0, Data: 840 E 52 1C 3C 0 17 0
ID: 153, Data: 80 0 0 FF 0 FF 0 0
ID: 153, Data: 80 0 0 FF 0 FF 0 0
ID: 316, Data: 845 1F 9C 1C 1E 22 58 79
ID: 440, Data: 8FE C6 57 A0 FF AA AA AA
ID: 316, Data: 845 1F 7D 1C 1E 22 57 79
ID: 153, Data: 80 0 0 FF 0 FF 0 0
ID: 370, Data: 8FF E0 F0 F0 FF FF FF FF
ID: 316, Data: 845 1F 2B 1C 1E 22 57 79
ID: 153, Data: 80 0 0 FF 0 FF 0 0
ID: 153, Data: 80 0 0 FF 0 FF 0 0
ID: 316, Data: 84D 20 B3 1B 1F 22 57 79
ID: 153, Data: 80 0 0 FF 0 FF 0 0
ID: 153, Data: 80 0 0 FF 0 FF 0 0
ID: 280, Data: 830 0 20 AF 36 19 52 41
ID: 43F, Data: 846 45 60 FF 4B 44 1C 0
ID: A1, Data: 880 77 80 76 1F 0 0 0
ID: 153, Data: 80 0 0 FF 0 FF 0 0
ID: 316, Data: 84D 17 59 1A 1F 22 57 79
ID: 153, Data: 80 0 0 FF 0 FF 0 0
ID: 1F1, Data: 80 17 AB 62 2A B9 92 2B
ID: 316, Data: 84D 11 F0 19 20 21 56 79
ID: 153, Data: 80 0 0 FF 0 FF 0 0
ID: 280, Data: 830 0 20 AF 34 1A 52 42
ID: 316, Data: 84D C 62 1A 2A 21 56 79
ID: 43F, Data: 846 45 60 FF 4B FC 1B 0
ID: 316, Data: 845 25 19 1B 47 21 56 79
ID: A1, Data: 880 78 80 78 1F 0 0 0
ID: 43F, Data: 846 45 60 FF 4B 94 1C 0
ID: 316, Data: 845 39 C6 1C 44 1F 56 79
ID: 43F, Data: 886 45 60 FF 4B C 1C 0
ID: 316, Data: 845 3D A1 1D 42 1F 56 79
ID: 5F0, Data: 20 0
ID: 43F, Data: 886 45 60 FF 4B 0 1C 0
ID: 1F1, Data: 80 6 A5 F2 29 B2 52 2B
ID: 545, Data: 8C4 9F 0 8D 34 3 34 3
ID: 153, Data: 80 0 0 FF 0 FF 0 0
ID: 153, Data: 80 0 0 FF 0 FF 0 0
ID: 316, Data: 845 3F 1E 1E 37 14 56 79
ID: 2A0, Data: 81 B 52 1C 3C 0 17 0
ID: 316, Data: 845 3F 7 1E 38 14 55 79
ID: 5F0, Data: 20 0
ID: 43F, Data: 886 45 60 FF 4B F8 1B 0
ID: A1, Data: 882 7A 82 7C 34 0 0 0
ID: 153, Data: 80 0 0 FF 0 FF 0 0
ID: 316, Data: 85 3B CE 1D 39 14 55 79
ID: 43F, Data: 886 45 60 FF 4B EC 1B 0
ID: 316, Data: 85 3B 13 1E 38 15 55 79
ID: 153, Data: 80 0 0 FF 0 FF 0 0
ID: 316, Data: 85 3B 13 1E 38 15 55 79
ID: 316, Data: 85 3C 7 1E 38 14 55 79
ID: 18F, Data: 8AA 37 0 0 0 0 0 0
ID: 43F, Data: 886 45 60 FF 4C EC 1B 0
ID: 153, Data: 80 0 0 FF 0 FF 0 0
ID: 153, Data: 80 0 0 FF 0 FF 0 0
ID: 43F, Data: 886 45 60 FF 4C EC 1B 0
ID: 153, Data: 80 0 0 FF 0 FF 0 0
ID: 316, Data: 85 38 7 1E 12 15 55 79
ID: 316, Data: 85 37 D9 1D 12 16 55 79
ID: 153, Data: 80 0 0 FF 0 FF 0 0
ID: 43F, Data: 886 45 60 FF 4C E0 1B 0
ID: 260, Data: 8A 2B 15 30 FF FF D9 E
ID: 43F, Data: 886 45 60 FF 4C D8 1B 0
ID: 43F, Data: 886 45 60 FF 4C D0 1B 0
ID: 153, Data: 80 0 0 FF 0 FF 0 0
ID: 316, Data: 85 1F C 1C 1A 19 55 79
ID: 153, Data: 80 0 0 FF 0 FF 0 0
ID: 316, Data: 85 1E DA 1B 1A 19 55 79
ID: 316, Data: 85 1D C7 1B 1B 19 55 79
ID: A0, Data: 81E 7C A9 1B 56 28 2 0
ID: 316, Data: 85 1D BD 1B 1B 19 55 79
ID: 316, Data: 85 1D BD 1B 1B 19 55 79
ID: 370, Data: 8FF E0 F0 F0 FF FF FF FF
ID: 316, Data: 85 1D B3 1B 20 19 55 79
ID: 153, Data: 80 0 0 FF 0 FF 0 0
ID: 43F, Data: 886 45 60 FF 4C B4 1B 0
ID: 316, Data: 85 20 EE 1B 23 19 55 79
ID: 545, Data: 8C4 41 0 8E 89 0 89 0
ID: 5F0, Data: 20 0
ID: 316, Data: 85 23 21 1C 2C 19 55 79
ID: 316, Data: 85 23 2B 1C 2C 19 55 79
ID: 260, Data: 8A 25 2D 30 FF FF CA B
ID: 316, Data: 85 28 68 1C 34 18 55 79
ID: 316, Data: 85 29 92 1C 36 18 55 79
ID: 153, Data: 80 0 0 FF 0 FF 0 0
ID: 316, Data: 85 30 DC 1C 3C 17 54 79
ID: 153, Data: 80 0 0 FF 0 FF 0 0
ID: 280, Data: 830 0 88 B0 3A 1F 52 56
ID: 316, Data: 85 35 3D 1D 4B 16 54 79
ID: 43F, Data: 846 45 60 FF 4B 90 1B 0
ID: 370, Data: 8FF E0 F0 F0 FF FF FF FF
ID: A1, Data: 880 7A 7C 7C 37 0 0 0
ID: 153, Data: 80 0 0 FF 0 FF 0 0
ID: 316, Data: 85 58 1 1F 56 12 54 79
ID: 153, Data: 80 0 0 FF 0 FF 0 0
ID: 329, Data: 885 B0 79 8 11 44 21 26
ID: 316, Data: 85 5D 8B 1F 58 12 54 79
ID: 18F, Data: 8AA 32 0 0 0 0 0 0
ID: 43F, Data: 846 45 60 FF 4C A8 1B 0
ID: 153, Data: 80 0 0 FF 0 FF 0 0
ID: 316, Data: 85 79 42 20 78 10 54 79
ID: 316, Data: 85 7B C9 20 77 10 54 79
ID: A1, Data: 881 7C 7F 7D 49 0 0 0
ID: 316, Data: 85 86 E5 20 78 10 55 79
ID: 370, Data: 8FF E0 F0 F0 FF FF FF FF
ID: 18F, Data: 8AA 31 0 0 0 0 0 0
ID: 316, Data: 85 83 F5 1E 7A 10 55 79
ID: 153, Data: 80 0 0 FF 0 FF 0 0
ID: 329, Data: 8B B0 79 8 11 4C 33 26
ID: 5F0, Data: 20 0
ID: 2A0, Data: 81 12 52 1C 3C 0 17 0
ID: 545, Data: 8C4 2E 1 8D B5 7 B5 7
ID: A1, Data: 87F 7E 7D 80 49 0 0 0
ID: 153, Data: 80 0 0 FF 0 FF 0 0
ID: 43F, Data: 846 45 60 FF 4C 4 1C 0
ID: 153, Data: 80 0 0 FF 0 FF 0 0
ID: 153, Data: 80 0 0 FF 0 FF 0 0
ID: 316, Data: 85 7E DD 1E 7B 10 55 79
ID: A1, Data: 87E 7E 7C 80 49 0 0 0
ID: 153, Data: 80 0 0 FF 0 FF 0 0
ID: 316, Data: 85 7E E9 1E 7B 10 56 79
ID: 153, Data: 80 0 0 FF 0 FF 0 0
ID: 316, Data: 85 7D C4 1E 56 10 56 79
ID: 316, Data: 85 74 C4 1E 44 11 56 79
ID: 260, Data: 8A 6C 43 30 FF FF A0 13
ID: 43F, Data: 846 45 60 FF 4B 38 1C 0
ID: 545, Data: 8C4 C8 0 8E 66 4 66 4
ID: 316, Data: 85 4E 11 1D 45 13 56 79
ID: 5F0, Data: 20 0
ID: 43F, Data: 846 45 60 FF 4C 3C 1C 0
ID: A0, Data: 853 7C 7 1D 57 35 2 0
ID: 153, Data: 80 0 0 FF 0 FF 0 0
ID: 316, Data: 85 46 5E 1D 44 13 56 79
ID: 43F, Data: 846 45 60 FF 4C 50 1C 0
ID: 316, Data: 85 47 69 1D 44 13 56 79
ID: 153, Data: 80 0 0 FF 0 FF 0 0
ID: 1F0, Data: 8FE 3F 5 C0 0 0 0 0
ID: 5F0, Data: 20 0
ID: 153, Data: 80 0 0 FF 0 FF 0 0
ID: 316, Data: 85 46 32 1D 45 13 56 79
ID: 5F0, Data: 20 0
ID: 316, Data: 85 47 32 1D 44 13 56 79
ID: 153, Data: 80 0 0 FF 0 FF 0 0
ID: 545, Data: 8C4 9E 0 8E 9A 3 9A 3
ID: 316, Data: 85 47 11 1D 45 13 56 79
ID: 2A0, Data: 81 16 52 1C 3C 0 17 0
ID: 316, Data: 85 47 1C 1D 45 13 57 79
ID: 153, Data: 80 0 0 FF 0 FF 0 0
ID: 153, Data: 80 0 0 FF 0 FF 0 0
ID: 280, Data: 830 0 88 B0 39 2B 52 79
ID: 43F, Data: 846 45 60 FF 4B 58 1C 0
ID: A1, Data: 87D 7C 78 7F 39 0 0 0
ID: 153, Data: 80 0 0 FF 0 FF 0 0
ID: 316, Data: 85 48 E6 1C 45 13 57 79
ID: 153, Data: 80 0 0 FF 0 FF 0 0
ID: 153, Data: 80 0 0 FF 0 FF 0 0
ID: 316, Data: 85 47 E6 1C 4A 13 57 79
ID: 43F, Data: 846 45 60 FF 4B 6C 1C 0
ID: 2A0, Data: 861 16 52 1C 3C 0 17 0
ID: 153, Data: 80 0 0 FF 0 FF 0 0
ID: 316, Data: 85 4C FC 1C 52 13 57 79
ID: 316, Data: 85 4E 1C 1D 51 13 57 79
ID: 260, Data: 8A 50 52 30 FF FF C7 8
ID: 43F, Data: 846 45 60 FF 4B 78 1C 0
ID: 316, Data: 85 52 5E 1D 51 12 57 79
ID: 5F0, Data: 20 0
ID: 316, Data: 85 57 32 1D 69 12 57 79
ID: 43F, Data: 846 45 60 FF 4B 70 1C 0
ID: 260, Data: 8A 62 71 30 FF FF BD 2D
ID: 5F0, Data: 20 0
ID: 2A0, Data: 8A1 18 52 1C 3C 0 17 0
ID: 545, Data: 8C4 26 1 8E 10 7 10 7
ID: 316, Data: 85 7C E5 1D 70 10 57 79
ID: 5F0, Data: 20 0
ID: 280, Data: 830 0 88 B0 3B 4E 52 9B
ID: 316, Data: 85 7E A1 1D 71 10 57 79
ID: 43F, Data: 846 45 60 FF 4C 9C 1C 0
ID: 316, Data: 85 7A 48 1D 72 11 57 79
ID: 153, Data: 80 0 0 FF 0 FF 0 0
ID: 316, Data: 85 78 48 1D 72 11 57 79
ID: 316, Data: 85 77 53 1D 72 11 57 79
ID: 545, Data: 8C4 4 1 8E FB 6 FB 6
ID: 316, Data: 85 76 74 1D 72 11 58 79
ID: 370, Data: 8FF E1 F0 F0 FF FF FF FF
ID: 316, Data: 85 75 8A 1D 72 11 58 79
ID: 316, Data: 85 75 95 1D 72 11 58 79
ID: 545, Data: 8C4 12 1 8D E8 6 E8 6
ID: 316, Data: 85 75 B7 1D 72 11 58 79
ID: 316, Data: 85 75 A1 1D 73 11 58 79
ID: 2A0, Data: 8C1 1C 52 1C 3C 0 17 0
ID: 43F, Data: 846 45 60 FF 4B E8 1C 0
ID: 316, Data: 85 78 95 1D 73 11 58 79
ID: 153, Data: 80 0 0 FF 0 FF 0 0
ID: 316, Data: 85 78 A1 1D 73 11 58 79
ID: 153, Data: 80 0 0 FF 0 FF 0 0
ID: 153, Data: 80 0 0 FF 0 FF 0 0
ID: 316, Data: 85 78 AC 1D 73 11 58 79
ID: 43F, Data: 846 45 60 FF 4B 24 1D 0
ID: 18F, Data: 8AA 2E 0 0 0 0 0 0
ID: 153, Data: 80 0 0 FF 0 FF 0 0
ID: 5F0, Data: 20 0
ID: A1, Data: 880 7C 7D 7E 48 0 0 0
ID: 18F, Data: 8AA 2E 0 0 0 0 0 0
ID: 260, Data: 8A 77 74 30 FF FF 9F 6
ID: 329, Data: 8B B0 79 8 11 49 2E 26
ID: 153, Data: 80 0 0 FF 0 FF 0 0
ID: 153, Data: 80 0 0 FF 0 FF 0 0
ID: 43F, Data: 846 45 60 FF 4C 34 1D 0
ID: 43F, Data: 846 45 60 FF 4B 50 1D 0
ID: 370, Data: 8FF E1 F0 F0 FF FF FF FF
ID: 18F, Data: 8AA 2E 0 0 0 0 0 0
ID: 153, Data: 80 0 0 FF 0 FF 0 0
ID: 316, Data: 85 78 AC 1D 73 11 59 79
ID: 5F0, Data: 20 0
ID: 316, Data: 85 78 AC 1D 73 11 59 79
ID: 153, Data: 80 0 0 FF 0 FF 0 0
ID: 153, Data: 80 0 0 FF 0 FF 0 0
ID: 316, Data: 85 75 95 1D 73 11 5A 79
ID: 316, Data: 85 75 7F 1D 73 11 5A 79
ID: A1, Data: 87F 7C 7D 7E 46 0 0 0
ID: 43F, Data: 886 45 60 FF 4C 6C 1D 0
ID: 43F, Data: 886 45 60 FF 4B 8C 1D 0
ID: 260, Data: 8A 76 74 30 FF FF A1 4
ID: 153, Data: 80 0 0 FF 0 FF 0 0
ID: 316, Data: 85 75 B7 1D 73 11 5A 79
ID: 1F0, Data: 8FE 3F 5 C0 0 0 0 0
ID: 260, Data: 8A 78 74 30 FF FF A0 12
ID: 545, Data: 8C4 14 1 8D C 7 C 7
ID: 153, Data: 80 0 0 FF 0 FF 0 0
ID: 316, Data: 85 75 CE 1D 73 11 5A 79
ID: 153, Data: 80 0 0 FF 0 FF 0 0
ID: 316, Data: 85 74 C3 1D 73 11 5A 79
ID: 153, Data: 80 0 0 FF 0 FF 0 0
ID: 280, Data: 830 0 88 B0 3B 47 52 94
ID: 316, Data: 85 74 B7 1D 73 11 5A 79
ID: 153, Data: 80 0 0 FF 0 FF 0 0
ID: 43F, Data: 886 45 60 FF 4B C0 1D 0
ID: 153, Data: 80 0 0 FF 0 FF 0 0
ID: 1F1, Data: 80 17 D1 B2 2C E0 12 2E
ID: 316, Data: 85 76 E5 1D 73 11 5B 79
ID: 43F, Data: 886 45 60 FF 4C CC 1D 0
ID: 316, Data: 85 76 7 1E 73 11 5B 79
ID: 18F, Data: 8AA 2E 0 0 0 0 0 0
ID: 153, Data: 80 0 0 FF 0 FF 0 0
ID: 153, Data: 80 0 0 FF 0 FF 0 0
ID: 370, Data: 8FF E3 F0 F0 FF FF FF FF
ID: 316, Data: 85 72 F0 1D 73 11 5B 79
ID: 153, Data: 80 0 0 FF 0 FF 0 0
ID: 153, Data: 80 0 0 FF 0 FF 0 0
ID: 316, Data: 85 73 7 1E 73 11 5B 79
ID: 43F, Data: 886 45 60 FF 4C F4 1D 0
ID: 316, Data: 85 74 1E 1E 72 11 5B 79
ID: 153, Data: 80 0 0 FF 0 FF 0 0
ID: 153, Data: 80 0 0 FF 0 FF 0 0
ID: 316, Data: 85 76 36 1E 72 11 5C 79
ID: 153, Data: 80 0 0 FF 0 FF 0 0
ID: 316, Data: 85 74 41 1E 72 11 5C 79
ID: 153, Data: 80 0 0 FF 0 FF 0 0
ID: 329, Data: 840 B0 79 8 11 49 2E 26
ID: 316, Data: 85 73 36 1E 73 11 5C 79
ID: 153, Data: 80 0 0 FF 0 FF 0 0
ID: 316, Data: 85 72 36 1E 73 11 5C 79
ID: 153, Data: 80 0 0 FF 0 FF 0 0
ID: 1F0, Data: 82 40 5 C0 0 0 0 0
ID: 316, Data: 85 73 59 1E 72 11 5C 79
ID: 153, Data: 80 0 0 FF 0 FF 0 0
ID: 280, Data: 830 0 88 B0 3C 47 52 97
ID: 316, Data: 85 75 70 1E 72 11 5C 79
ID: 5F0, Data: 20 0
ID: 316, Data: 85 75 70 1E 72 11 5D 79
ID: 43F, Data: 886 45 60 FF 4C 54 1E 0
ID: 18F, Data: 8AA 2E 0 0 0 0 0 0
ID: 153, Data: 80 0 0 FF 0 FF 0 0
ID: 316, Data: 85 71 7C 1E 78 11 5D 79
ID: A0, Data: 87E 7C 70 1E 5D 3F 2 0
ID: 316, Data: 85 74 88 1E 7B 11 5D 79
ID: 316, Data: 85 76 88 1E 7E 11 5D 79
ID: 153, Data: 80 0 0 FF 0 FF 0 0
ID: 316, Data: 85 81 C4 1E 80 10 5D 79
ID: 153, Data: 80 0 0 FF 0 FF 0 0
ID: 153, Data: 80 0 0 FF 0 FF 0 0
ID: 316, Data: 85 85 DD 1E 81 10 5D 79
ID: 5F0, Data: 20 0
ID: 280, Data: 830 0 88 B0 3D 51 52 9F
ID: 316, Data: 85 83 C4 1E 81 10 5E 79
ID: 316, Data: 85 82 D1 1E 81 10 5E 79
ID: 5F0, Data: 20 0
ID: 43F, Data: 886 45 60 FF 4C D0 1E 0
ID: 43F, Data: 886 45 60 FF 4C CC 1E 0
ID: 316, Data: 85 82 E9 1E 5B 10 5E 79
ID: A0, Data: 892 7C E9 1E 5E 43 2 0
ID: 153, Data: 80 0 0 FF 0 FF 0 0
ID: 316, Data: 85 5A B8 1E F 13 5E 79
ID: 316, Data: 85 47 D1 1E 10 14 5E 79
ID: 153, Data: 80 0 0 FF 0 FF 0 0
ID: 43F, Data: 886 45 60 FF 4C BC 1E 0
ID: 260, Data: 8A 33 13 30 FF FF D7 18
ID: 43F, Data: 886 45 60 FF 4C C4 1E 0
ID: 260, Data: 8A 29 14 30 FF FF DD D
ID: 153, Data: 80 0 0 FF 0 FF 0 0
ID: 316, Data: 85 22 C4 1E 15 19 5E 79
ID: 153, Data: 80 0 0 FF 0 FF 0 0
ID: 260, Data: 8A 1F 15 30 FF FF C1 13
ID: 316, Data: 85 1D 94 1E 15 19 5E 79
ID: 153, Data: 80 0 0 FF 0 FF 0 0
ID: 43F, Data: 886 45 60 FF 4C 94 1E 0
ID: 153, Data: 80 0 0 FF 0 FF 0 0
ID: 1F1, Data: 80 C3 E6 12 2E F6 52 2F
ID: 316, Data: 85 1E AC 1E 26 19 5E 79
ID: 43F, Data: 886 45 60 FF 4C 8C 1E 0
ID: 316, Data: 85 21 94 1E 26 19 5E 79
ID: 153, Data: 80 0 0 FF 0 FF 0 0
ID: 153, Data: 80 0 0 FF 0 FF 0 0
ID: 316, Data: 85 25 C4 1E 15 19 5E 79
ID: A1, Data: 878 78 74 7B 1D 0 0 0
ID: 316, Data: 85 25 7C 1E 15 19 5E 79
ID: 316, Data: 85 24 7C 1E 15 19 5E 79
ID: 43F, Data: 886 45 60 FF 4C 78 1E 0
ID: 43F, Data: 886 45 60 FF 4C 7C 1E 0
ID: A0, Data: 825 7C 88 1E 5E 29 2 0
ID: 316, Data: 85 1E 59 1E 15 19 5D 79
ID: 316, Data: 85 1D 4D 1E 15 19 5D 79
ID: 43F, Data: 886 45 60 FF 4B 58 1E 0
ID: 316, Data: 85 1B 7C 1E 15 19 5D 79
ID: 5F0, Data: 20 0
ID: 153, Data: 80 0 0 FF 0 FF 0 0
ID: 153, Data: 80 0 0 FF 0 FF 0 0
ID: 43F, Data: 886 45 60 FF 4C 5C 1E 0
ID: A1, Data: 872 77 6C 76 17 0 0 0
ID: 153, Data: 80 0 0 FF 0 FF 0 0
ID: 316, Data: 85 14 59 1E 15 19 5D 79
ID: 153, Data: 80 0 0 FF 0 FF 0 0
ID: 329, Data: 8B B0 79 8 11 32 0 26
ID: 316, Data: 85 16 2A 1E 15 19 5D 79
ID: 316, Data: 85 16 4D 1E 15 19 5D 79
ID: 43F, Data: 886 45 60 FF 4C 14 1E 0
ID: 316, Data: 85 17 2A 1E 15 19 5C 79
ID: 440, Data: 8FE B6 5C A0 FF AA AA AA
ID: 316, Data: 85 17 1E 1E 15 19 5C 79
ID: 43F, Data: 886 45 60 FF 4C 8 1E 0
ID: 316, Data: 85 18 13 1E 15 19 5C 79
ID: A0, Data: 825 7C 13 1E 5D 2B 2 0
ID: 153, Data: 80 0 0 FF 0 FF 0 0
ID: 316, Data: 85 18 FC 1D 15 19 5C 79
ID: 153, Data: 80 0 0 FF 0 FF 0 0
ID: 545, Data: 8C4 44 0 8E F2 FF F2 FF
ID: 316, Data: 85 18 F0 1D 15 19 5C 79
ID: 153, Data: 80 0 0 FF 0 FF 0 0
ID: 316, Data: 8D 18 CE 1D 15 19 5C 79
ID: 153, Data: 80 0 0 FF 0 FF 0 0
ID: 280, Data: 830 0 20 B0 3B 14 52 37
ID: 316, Data: 8D 14 AC 1D 15 19 5B 79
ID: 43F, Data: 886 45 60 FF 4C B8 1D 0
ID: 316, Data: 8D 10 48 1D 16 19 5B 79
ID: A1, Data: 880 77 80 76 1A 0 0 0
ID: 153, Data: 80 0 0 FF 0 FF 0 0
ID: 316, Data: 8D C F1 1C 16 19 5B 79
ID: 153, Data: 80 0 0 FF 0 FF 0 0
ID: 316, Data: 8D C FC 1C 16 19 5B 79
ID: 153, Data: 80 0 0 FF 0 FF 0 0
ID: 316, Data: 8D 8 7 1D 16 19 5B 79
ID: 316, Data: 8D 8 11 1D 16 19 5B 79
ID: 316, Data: 8D 8 27 1D 16 19 5A 79
ID: 153, Data: 80 0 0 FF 0 FF 0 0
ID: 153, Data: 80 0 0 FF 0 FF 0 0
ID: A0, Data: 825 7C 1C 1D 5B 2A 4 0
ID: A0, Data: 825 7C 27 1D 5B 2A 4 0
ID: 153, Data: 80 0 0 FF 0 FF 0 0
ID: 316, Data: 8D 0 3D 1D 16 19 5A 79
ID: 43F, Data: 846 45 60 FF 4D 40 1D 0
ID: 370, Data: 8FF E1 F0 F0 FF FF FF FF
ID: 260, Data: 80 0 16 30 FF FF 4E 35
ID: 153, Data: 80 0 0 FF 0 FF 0 0
ID: 545, Data: 8C4 0 0 8E 45 FE 45 FE
ID: 316, Data: 8D 0 32 1D 16 19 5A 79
ID: 545, Data: 8C4 0 0 8E 46 FE 46 FE
ID: 43F, Data: 846 45 60 FF 4D 1C 1D 0
ID: 440, Data: 8FE 66 59 A0 FF AA AA AA
ID: 153, Data: 80 0 0 FF 0 FF 0 0
ID: 316, Data: 8D 0 9C 1C 16 18 59 79
ID: 153, Data: 80 0 0 FF 0 FF 0 0
ID: 316, Data: 8D 0 54 1C 16 18 59 79
ID: 153, Data: 80 0 0 FF 0 FF 0 0
ID: 280, Data: 830 0 20 B0 38 17 52 3E
ID: 316, Data: 8D 0 2 1C 16 18 59 79
ID: 153, Data: 80 0 0 FF 0 FF 0 0
ID: 316, Data: 8D 0 F8 1B 16 18 59 79
ID: 153, Data: 80 0 0 FF 0 FF 0 0
ID: 316, Data: 8D 0 E4 1B 16 18 59 79
ID: 153, Data: 80 0 0 FF 0 FF 0 0
ID: 316, Data: 8D 0 DA 1B 16 18 58 79
ID: 1F1, Data: 80 9E B7 52 2B C4 52 2C
ID: 1F0, Data: 85 40 5 C0 0 0 0 0
ID: 43F, Data: 846 45 60 FF 4D AC 1C 0
ID: 18F, Data: 8AA 2D 0 0 0 0 0 0
ID: 316, Data: 8D 0 D1 1B 16 18 58 79
ID: 153, Data: 80 0 0 FF 0 FF 0 0
ID: 153, Data: 80 0 0 FF 0 FF 0 0
ID: 316, Data: 8D 0 C7 1B 16 18 58 79
ID: 43F, Data: 846 45 60 FF 4D 84 1C 0
ID: 316, Data: 8D 0 BD 1B 16 18 58 79
ID: 280, Data: 830 0 20 B0 37 16 52 3C
ID: 153, Data: 80 0 0 FF 0 FF 0 0
ID: 316, Data: 8D 0 B3 1B 16 18 57 79
ID: 153, Data: 80 0 0 FF 0 FF 0 0
ID: 329, Data: 885 B0 79 8 11 32 0 26
ID: 316, Data: 8D 0 96 1B 16 18 57 79
ID: 2A0, Data: 820 9 52 1C 3C 0 17 0
ID: 43F, Data: 846 45 60 FF 4D 48 1C 0
ID: 153, Data: 80 0 0 FF 0 FF 0 0
ID: 153, Data: 80 0 0 FF 0 FF 0 0
ID: 316, Data: 8D 0 78 1B 16 18 57 79
ID: 153, Data: 80 0 0 FF 0 FF 0 0
ID: 329, Data: 885 B0 79 8 11 32 0 26
ID: 153, Data: 80 0 0 FF 0 FF 0 0
ID: 2A0, Data: 840 8 52 1C 3C 0 17 0
ID: 5F0, Data: 20 0
ID: 545, Data: 8C4 0 0 8E 48 FE 48 FE
ID: 280, Data: 830 0 20 B0 36 16 52 3B
ID: 43F, Data: 846 45 60 FF 4D 4 1C 0
ID: 316, Data: 8D 0 52 1B 17 18 56 79
ID: 18F, Data: 8AA 2D 0 0 0 0 0 0
ID: 316, Data: 8D 0 52 1B 17 18 56 79
ID: 18F, Data: 8AA 2D 0 0 0 0 0 0
ID: 153, Data: 80 0 0 FF 0 FF 0 0
ID: 5A1, Data: 880 3 90 23 30 30 30 0
ID: 260, Data: 80 0 17 30 FF FF 4E 7
ID: 43F, Data: 846 45 60 FF 4D CC 1B 0
ID: 153, Data: 80 0 0 FF 0 FF 0 0
ID: 545, Data: 8C4 0 0 8E 48 FE 48 FE
ID: 440, Data: 8FE 16 55 A0 FF AA AA AA
ID: 18F, Data: 8AA 2D 0 0 0 0 0 0
ID: 316, Data: 8D 0 10 1B 17 18 55 79
ID: 153, Data: 80 0 0 FF 0 FF 0 0
ID: 316, Data: 8D 0 6 1B 17 18 55 79
ID: 5F0, Data: 20 0
ID: 316, Data: 8D 0 6 1B 17 18 55 79
ID: 316, Data: 8D 0 FD 1A 17 18 55 79
ID: 280, Data: 830 0 20 B0 35 15 52 3B
ID: 43F, Data: 846 45 60 FF 4D 84 1B 0
ID: 440, Data: 8FE C6 54 A0 FF AA AA AA
ID: 153, Data: 80 0 0 FF 0 FF 0 0
ID: 316, Data: 8D 0 D8 1A 17 18 54 79
ID: 153, Data: 80 0 0 FF 0 FF 0 0
ID: 329, Data: 8B B0 79 8 11 32 0 26
ID: 316, Data: 8D 0 CF 1A 17 18 54 79
ID: 329, Data: 840 B0 79 8 11 32 0 26
ID: 153, Data: 80 0 0 FF 0 FF 0 0
ID: 153, Data: 80 0 0 FF 0 FF 0 0
ID: 316, Data: 8D 0 A1 1A 17 18 54 79
ID: 18F, Data: 8AA 2D 0 0 0 0 0 0
ID: 316, Data: 8D 0 A1 1A 17 18 54 79
ID: 153, Data: 80 0 0 FF 0 FF 0 0
ID: 153, Data: 80 0 0 FF 0 FF 0 0
ID: 43F, Data: 846 45 60 FF 4D 24 1B 0
ID: 43F, Data: 846 45 60 FF 4D 28 1B 0
ID: 370, Data: 8FF E1 F0 F0 FF FF FF FF
ID: A0, Data: 828 7C 7D 1A 54 2A 4 0
ID: 153, Data: 80 0 0 FF 0 FF 0 0
ID: 316, Data: 8D 0 74 1A 17 18 53 79
ID: 316, Data: 8D 0 6B 1A 17 18 53 79
ID: 2A0, Data: 8E0 5 52 1C 3C 0 17 0
ID: 153, Data: 80 0 0 FF 0 FF 0 0
ID: 43F, Data: 846 45 60 FF 4D EC 1A 0
ID: 43F, Data: 846 45 60 FF 4D E4 1A 0
ID: 316, Data: 8D 0 50 1A 17 18 52 79
ID: 43F, Data: 846 45 60 FF 4D DC 1A 0
ID: 316, Data: 8D 0 36 1A 17 18 52 79
ID: 2A0, Data: 880 4 52 1C 3C 0 17 0
ID: 43F, Data: 846 45 60 FF 4D C8 1A 0
ID: 153, Data: 80 0 0 FF 0 FF 0 0
ID: 280, Data: 830 0 20 B0 34 15 52 3B
ID: 316, Data: 8D 0 24 1A 17 18 52 79
ID: 43F, Data: 846 45 60 FF 4D B4 1A 0
ID: 316, Data: 8D 0 13 1A 17 18 52 79
ID: 2A0, Data: 820 4 52 1C 3C 0 17 0
ID: 153, Data: 80 0 0 FF 0 FF 0 0
ID: 316, Data: 8D 0 1 1A 18 18 52 79
ID: 153, Data: 80 0 0 FF 0 FF 0 0
ID: 316, Data: 8D 0 F9 19 17 18 51 79
ID: 440, Data: 8FE 66 51 A0 FF AA AA AA
ID: 5F0, Data: 20 0
ID: 153, Data: 80 0 0 FF 0 FF 0 0
ID: A0, Data: 828 7C DF 19 52 2A 4 0
ID: 280, Data: 830 0 20 B0 33 15 52 3B
ID: A1, Data: 880 77 80 76 1C 0 0 0
ID: 440, Data: 8FE 16 51 A0 FF AA AA AA
ID: 43F, Data: 846 45 60 FF 4D 64 1A 0
ID: 153, Data: 80 0 0 FF 0 FF 0 0
ID: 316, Data: 8D 0 B4 19 18 18 51 79
ID: 153, Data: 80 0 0 FF 0 FF 0 0
ID: 316, Data: 8D 0 B4 19 18 18 51 79
ID: 316, Data: 8D 0 B4 19 18 18 51 79
ID: 1F1, Data: 80 E4 7D A2 27 88 B2 28
ID: 153, Data: 80 0 0 FF 0 FF 0 0
ID: 316, Data: 8D 0 9B 19 18 18 50 79
ID: 316, Data: 8D 0 93 19 18 18 50 79
ID: 316, Data: 8D 0 93 19 18 18 50 79
ID: 43F, Data: 846 45 60 FF 4D 2C 1A 0
ID: 316, Data: 8D 0 82 19 18 18 50 79
ID: 280, Data: 830 0 20 B0 33 15 52 3A
ID: 316, Data: 8D 0 82 19 18 18 50 79
ID: 316, Data: 8D 0 71 19 18 18 50 79
ID: 18F, Data: 8AA 2D 0 0 0 0 0 0
ID: 316, Data: 8D 0 69 19 18 18 50 79
ID: 43F, Data: 846 45 60 FF 4D 0 1A 0
ID: 43F, Data: 846 45 60 FF 4D F4 19 0
ID: 316, Data: 8D 0 51 19 18 18 50 79
ID: 153, Data: 80 0 0 FF 0 FF 0 0
ID: 316, Data: 8D 0 59 19 18 18 4F 79
ID: 153, Data: 80 0 0 FF 0 FF 0 0
ID: 153, Data: 80 0 0 FF 0 FF 0 0
ID: 5F0, Data: 20 0
ID: 43F, Data: 846 45 60 FF 4D D0 19 0
ID: 153, Data: 80 0 0 FF 0 FF 0 0
ID: 153, Data: 80 0 0 FF 0 FF 0 0
ID: 316, Data: 8D 0 30 19 18 18 4F 79
ID: 43F, Data: 846 45 60 FF 4D C4 19 0
ID: 316, Data: 8D 0 20 19 18 18 4F 79
ID: 18F, Data: 8AA 2D 0 0 0 0 0 0
ID: 153, Data: 80 0 0 FF 0 FF 0 0
ID: 153, Data: 80 0 0 FF 0 FF 0 0
ID: 370, Data: 8FF E1 F0 F0 FF FF FF FF
ID: 316, Data: 8D 0 F8 18 18 18 4F 79
ID: 153, Data: 80 0 0 FF 0 FF 0 0
ID: 153, Data: 80 0 0 FF 0 FF 0 0
ID: 316, Data: 8D 0 F0 18 18 18 4E 79
ID: 43F, Data: 846 45 60 FF 4D 88 19 0
ID: 43F, Data: 846 45 60 FF 4D 80 19 0
ID: 260, Data: 80 0 19 30 FF FF 4E 5
ID: 153, Data: 80 0 0 FF 0 FF 0 0
ID: 316, Data: 8D 0 E0 18 18 18 4E 79
ID: 153, Data: 80 0 0 FF 0 FF 0 0
ID: 316, Data: 8D 0 D0 18 18 18 4E 79
ID: 1F1, Data: 80 5A 69 12 26 72 32 27
ID: 153, Data: 80 0 0 FF 0 FF 0 0
ID: 43F, Data: 846 45 60 FF 4D 58 19 0
ID: A1, Data: 880 77 80 76 1C 0 0 0
ID: 316, Data: 8D 0 B0 18 18 18 4E 79
ID: 316, Data: 8D 0 A9 18 19 18 4D 79
ID: 2A0, Data: 820 2 52 1C 3C 0 17 0
ID: 43F, Data: 846 45 60 FF 4D 34 19 0
ID: 43F, Data: 846 45 60 FF 4D 30 19 0
ID: 2A0, Data: 820 2 52 1C 3C 0 17 0
ID: 316, Data: 8D 0 91 18 19 18 4D 79
ID: 153, Data: 80 0 0 FF 0 FF 0 0
ID: 545, Data: 8C4 0 0 8E 49 FE 49 FE
ID: 316, Data: 8D 0 8A 18 19 18 4D 79
ID: 18F, Data: 8AA 2D 0 0 0 0 0 0
ID: 43F, Data: 846 45 60 FF 4D C 19 0
ID: A1, Data: 880 77 80 76 1C 0 0 0
ID: 316, Data: 8D 0 6B 18 19 18 4D 79
ID: 153, Data: 80 0 0 FF 0 FF 0 0
ID: 329, Data: 8ED AF 79 8 11 31 0 26
ID: 316, Data: 8D 0 54 18 19 18 4D 79
ID: 260, Data: 80 0 19 30 FF FF 4E 32
ID: 43F, Data: 846 45 60 FF 4D E4 18 0
ID: 370, Data: 8FF E0 F0 F0 FF FF FF FF
ID: A1, Data: 880 77 80 76 1C 0 0 0
ID: 316, Data: 8D 0 20 18 19 18 4C 79
ID: 316, Data: 8D 0 18 18 19 18 4C 79
ID: A1, Data: 880 77 80 76 1C 0 0 0
ID: 153, Data: 80 0 0 FF 0 FF 0 0
ID: 43F, Data: 846 45 60 FF 4D B0 18 0
ID: 153, Data: 80 0 0 FF 0 FF 0 0
ID: 316, Data: 8D 0 9 18 19 18 4C 79
ID: 316, Data: 8D 0 2 18 19 18 4C 79
ID: 316, Data: 8D 0 FB 17 19 18 4B 79
ID: 280, Data: 830 0 20 AF 2F 15 52 3C
ID: 153, Data: 80 0 0 FF 0 FF 0 0
ID: 153, Data: 80 0 0 FF 0 FF 0 0
ID: 43F, Data: 846 45 60 FF 4D 80 18 0
ID: 153, Data: 80 0 0 FF 0 FF 0 0
ID: 43F, Data: 846 45 60 FF 4D 6C 18 0
ID: 316, Data: 8D 0 C0 17 19 18 4B 79
ID: 260, Data: 80 0 1A 30 FF FF 4E 31
ID: 316, Data: 8D 0 B9 17 19 18 4B 79
ID: 316, Data: 8D 0 B2 17 19 18 4B 79
ID: 545, Data: 8C4 0 0 8D 4A FE 4A FE
ID: 43F, Data: 846 45 60 FF 4D 48 18 0
ID: 153, Data: 80 0 0 FF 0 FF 0 0
ID: 18F, Data: 8AA 2D 0 0 0 0 0 0
ID: 316, Data: 8D 0 95 17 19 18 4A 79
ID: 316, Data: 8D 0 8E 17 1A 18 4A 79
ID: 2A0, Data: 840 1 52 1D 3C 0 17 0
ID: 43F, Data: 846 45 60 FF 4D 1C 18 0
ID: 43F, Data: 846 45 60 FF 4D 14 18 0
ID: 545, Data: 8C4 0 0 8D 4A FE 4A FE
ID: 153, Data: 80 0 0 FF 0 FF 0 0
ID: 316, Data: 8D 0 56 17 1A 18 4A 79
ID: 153, Data: 80 0 0 FF 0 FF 0 0
ID: 316, Data: 8D 0 41 17 1A 18 49 79
ID: 316, Data: 8D 0 33 17 1A 18 49 79
ID: 545, Data: 8C4 0 0 8D 4A FE 4A FE
ID: 316, Data: 8D 0 1F 17 1A 18 49 79
ID: 316, Data: 8D 0 11 17 1A 18 49 79
ID: 545, Data: 8C4 0 0 8D 4B FE 4B FE
ID: 43F, Data: 846 45 60 FF 4D 84 17 0
ID: 153, Data: 80 0 0 FF 0 FF 0 0
ID: A0, Data: 829 7C DB 16 49 29 4 0
ID: 316, Data: 8D 0 CE 16 1A 18 48 79
ID: 1F1, Data: 80 27 33 2 23 3F 12 24
ID: 1F0, Data: 85 40 5 C0 0 0 0 0
ID: 153, Data: 80 0 0 FF 0 FF 0 0
ID: 316, Data: 8D 0 92 16 1B 18 47 79
ID: 370, Data: 8FF E0 F0 F0 FF FF FF FF
ID: 316, Data: 8D 0 78 16 1B 18 47 79
ID: 153, Data: 80 0 0 FF 0 FF 0 0
ID: 153, Data: 80 0 0 FF 0 FF 0 0
ID: 316, Data: 8D 0 45 16 1B 18 46 79
ID: 18F, Data: 8AA 2D 0 0 0 0 0 0
ID: 316, Data: 8D 0 25 16 1B 18 46 79
ID: 153, Data: 80 0 0 FF 0 FF 0 0
ID: 153, Data: 80 0 0 FF 0 FF 0 0
ID: 43F, Data: 846 45 60 FF 4D 80 16 0
ID: 43F, Data: 846 45 60 FF 4D 70 16 0
ID: 43F, Data: 846 45 60 FF 4D 60 16 0
ID: A0, Data: 82A 7B F4 15 46 29 4 0
ID: 153, Data: 80 0 0 FF 0 FF 0 0
ID: 316, Data: 8D 0 AB 15 1C 18 44 79
ID: 153, Data: 80 0 0 FF 0 FF 0 0
ID: 316, Data: 8D 0 8D 15 1C 18 44 79
ID: 316, Data: 8D 0 81 15 1C 18 44 79
ID: 1F1, Data: 80 49 12 E2 20 1D D2 21
ID: 1F0, Data: 86 40 5 C0 0 0 0 0
ID: 316, Data: 8D 0 52 15 1C 18 43 79
ID: 316, Data: 8D 0 3B 15 1C 18 43 79
ID: 316, Data: 8D 0 3B 15 1C 18 43 79
ID: 43F, Data: 846 45 60 FF 4D A8 15 0
ID: 316, Data: 8D 0 13 15 1C 18 43 79
ID: 545, Data: 8C4 0 0 8E 4A FE 4A FE
ID: 316, Data: 8D 0 EB 14 1D 18 42 79
ID: 316, Data: 8D 0 D5 14 1D 18 42 79
ID: 280, Data: 830 0 20 AF 29 17 52 3F
ID: 43F, Data: 846 45 60 FF 4D 34 15 0
ID: 316, Data: 8D 0 93 14 1D 18 41 79
ID: 153, Data: 80 0 0 FF 0 FF 0 0
ID: 316, Data: 8D 0 68 14 1D 18 41 79
ID: 153, Data: 80 0 0 FF 0 FF 0 0
ID: 316, Data: 8D 0 48 14 1D 18 40 79
ID: 153, Data: 80 0 0 FF 0 FF 0 0
ID: 153, Data: 80 0 0 FF 0 FF 0 0
ID: 5F0, Data: 20 0
ID: 43F, Data: 846 45 60 FF 4D A8 14 0
ID: 18F, Data: 8AA 2D 0 0 0 0 0 0
ID: 153, Data: 80 0 0 FF 0 FF 0 0
ID: 316, Data: 8D 0 E1 13 1E 18 3F 79
ID: 43F, Data: 846 45 60 FF 4D 60 14 0
ID: 316, Data: 8D 0 C3 13 1E 18 3F 79
ID: A0, Data: 82E 7B B9 13 3F 28 4 0
ID: 153, Data: 80 0 0 FF 0 FF 0 0
ID: 316, Data: 8D 0 91 13 1E 18 3E 79
ID: 153, Data: 80 0 0 FF 0 FF 0 0
ID: 316, Data: 8D 0 66 13 1E 18 3E 79
ID: 1F0, Data: 85 40 5 C0 0 0 0 0
ID: 153, Data: 80 0 0 FF 0 FF 0 0
ID: 316, Data: 8D 0 3F 13 1F 18 3D 79
ID: 43F, Data: 846 45 60 FF 4D C8 13 0
ID: 316, Data: 8D 0 1E 13 1F 18 3D 79
ID: 153, Data: 80 0 0 FF 0 FF 0 0
ID: 153, Data: 80 0 0 FF 0 FF 0 0
ID: 153, Data: 80 0 0 FF 0 FF 0 0
ID: A1, Data: 880 77 80 76 20 0 0 0
ID: 316, Data: 8D 0 C7 12 1F 18 3C 79
ID: 545, Data: 8C4 0 0 8D 4F FE 4F FE
ID: 43F, Data: 846 45 60 FF 4D 28 13 0
ID: 43F, Data: 84D 45 60 FF 4D 14 13 0
ID: 18F, Data: 8AA 2D 0 0 0 0 0 0
ID: 316, Data: 8D 0 5D 12 20 18 3A 79
ID: 153, Data: 80 0 0 FF 0 FF 0 0
ID: 316, Data: 8D 0 37 12 20 18 3A 79
ID: 316, Data: 8D 0 2E 12 20 18 3A 79
ID: 153, Data: 80 0 0 FF 0 FF 0 0
ID: A0, Data: 82F 7B 2E 12 3A 28 4 0
ID: 316, Data: 8D 0 E3 11 21 18 39 79
ID: 2A0, Data: 840 0 52 1D 3C 0 17 0
ID: 1F0, Data: 84 40 5 C0 0 0 0 0
ID: 153, Data: 80 0 0 FF 0 FF 0 0
ID: 316, Data: 8D 0 4D 11 22 18 37 79
ID: 43F, Data: 84D 45 60 FF 4D A8 11 0
ID: 5F0, Data: 20 0
ID: 545, Data: 8C4 0 0 8D 44 FE 44 FE
ID: 316, Data: 8D 0 C3 10 23 19 36 79
ID: 153, Data: 80 0 0 FF 0 FF 0 0
ID: 43F, Data: 84D 45 60 FF 4D 4 11 0
ID: 43F, Data: 84D 45 60 FF 4D F8 10 0
ID: 43F, Data: 84D 45 60 FF 4D C 11 0
ID: 2A0, Data: 840 0 52 1D 3C 0 17 0
ID: 316, Data: 85 18 2B 10 23 19 33 79
ID: 153, Data: 80 0 0 FF 0 FF 0 0
ID: A0, Data: 832 7B 8E 10 33 27 2 0
ID: 316, Data: 85 25 13 10 23 19 32 79
ID: 1F1, Data: 80 49 80 51 18 8A B1 18
ID: 43F, Data: 84D 45 60 FF 4D D0 13 0
ID: 43F, Data: 84D 45 60 FF 4D B8 13 0
ID: 5F0, Data: 20 0
ID: 329, Data: 885 AE 79 8 12 2F 0 26
ID: 316, Data: 85 22 B5 12 1F 18 30 79
ID: 43F, Data: 84D 45 60 FF 4D 20 13 0
ID: 5F0, Data: 20 0
ID: A0, Data: 82A 7B D5 12 30 27 2 0
ID: 2A0, Data: 880 0 52 1D 3C 0 17 0
ID: 153, Data: 80 0 0 FF 0 FF 0 0
ID: 43F, Data: 84C 45 60 FF 4D 5C 12 0
ID: 1F0, Data: 86 40 5 C0 0 0 0 0
ID: 43F, Data: 84C 45 60 FF 4D 10 12 0
ID: 316, Data: 85 1F BB 11 20 19 2D 79
ID: 329, Data: 8ED AE 79 8 12 2F 0 26
ID: 5F0, Data: 20 0
ID: 316, Data: 85 20 58 11 20 19 2B 79
ID: 153, Data: 80 0 0 FF 0 FF 0 0
ID: 18F, Data: 8AA 2D 0 0 0 0 0 0
ID: 316, Data: 85 21 FE 10 21 19 2A 79
ID: 316, Data: 85 21 F2 10 21 19 2A 79
ID: A1, Data: 890 77 90 76 1F 0 0 0
ID: 153, Data: 80 0 0 FF 0 FF 0 0
ID: 43F, Data: 84C 45 60 FF 4D F8 14 0
ID: 153, Data: 80 0 0 FF 0 FF 0 0
ID: 316, Data: 85 21 4 12 1E 19 28 79
ID: 316, Data: 85 21 19 12 1D 19 28 79
ID: 545, Data: 8C4 3A 0 8D 86 0 86 0
ID: 370, Data: 8FF E0 F0 F0 FF FF FF FF
ID: 370, Data: 8FF E0 F0 F0 FF FF FF FF
ID: A1, Data: 88E 77 90 76 1E 0 0 0
ID: 316, Data: 85 1E 96 12 1D 19 25 79
ID: 316, Data: 85 1E 89 12 1D 19 25 79
ID: 370, Data: 8FF E0 F0 F0 FF FF FF FF
ID: 316, Data: 85 1E F4 11 1D 19 24 79
ID: 153, Data: 80 0 0 FF 0 FF 0 0
ID: 316, Data: 85 1E 9F 11 1E 19 23 79
ID: 316, Data: 85 1E 50 11 1E 19 23 79
ID: 2A0, Data: 8E0 0 52 1D 3C 0 17 0
ID: 316, Data: 85 1E EB 10 1E 19 22 79
ID: 316, Data: 85 1E E0 10 1E 19 22 79
ID: 1F1, Data: 80 8D FC 10 10 4 61 10
ID: 316, Data: 85 1F 79 10 1F 1A 21 79
ID: 545, Data: 8C4 2F 0 8D 65 0 65 0
ID: 316, Data: 85 1F 1A 10 1F 1A 20 79
ID: 316, Data: 85 20 EF F 1F 1A 20 79
ID: 260, Data: 8A 20 1F 30 FF FF 56 28
ID: 43F, Data: 84B 45 60 FF 4D 48 10 0
ID: 316, Data: 85 20 C9 F 1F 1A 1F 79
ID: 316, Data: 85 20 8D F 1F 1A 1E 79
ID: 316, Data: 85 20 6B F 1F 1A 1E 79
ID: 545, Data: 8C4 2D 0 8D 6A 0 6A 0
ID: 43F, Data: 84B 45 60 FF 4D F4 F 0
ID: 153, Data: 80 0 0 FF 0 FF 0 0
ID: 316, Data: 85 20 26 F 20 1A 1D 79
ID: 316, Data: 85 20 23 F 20 1A 1C 79
ID: 545, Data: 8C4 2C 0 8D 6B 0 6B 0
ID: 43F, Data: 84B 45 60 FF 4D 4C 10 0
ID: 43F, Data: 84B 45 60 FF 4D 54 10 0
ID: 153, Data: 80 0 0 FF 0 FF 0 0
ID: 316, Data: 85 20 68 F 1F 1A 1B 79
ID: 153, Data: 80 0 0 FF 0 FF 0 0
ID: 316, Data: 85 20 68 F 1F 1A 1A 79
ID: 153, Data: 80 0 0 FF 0 FF 0 0
ID: 316, Data: 85 1F 6E F 1E 1A 1A 79
ID: 1F0, Data: 84 40 5 C0 0 0 0 0
ID: 153, Data: 80 0 0 FF 0 FF 0 0
ID: 43F, Data: 84B 45 60 FF 4D 14 11 0
ID: 153, Data: 80 0 0 FF 0 FF 0 0
ID: 43F, Data: 84B 45 60 FF 4D 60 11 0
ID: 43F, Data: 84B 45 60 FF 4D 28 11 0
ID: 280, Data: 830 0 84 AE 1F 16 52 3F
ID: 316, Data: 85 1E F6 F 1D 1A 18 79
ID: 280, Data: 830 0 84 AE 1F 16 52 3F
ID: 43F, Data: 84B 45 60 FF 4D 90 10 0
ID: 43F, Data: 84B 45 60 FF 4D 84 10 0
ID: A0, Data: 82B 7B B5 F 18 26 2 0
ID: 316, Data: 85 1E A3 F 1E 1A 17 79
ID: 316, Data: 85 1E A3 F 1E 1A 17 79
ID: 260, Data: 8A 1E 1E 30 FF FF 61 3F
ID: 43F, Data: 84B 45 60 FF 4D CC F 0
ID: 440, Data: 8FE E4 16 A0 FF AA AA AA
ID: 260, Data: 8A 1D 1F 30 FF FF 62 3E
ID: 316, Data: 85 1D F2 E 1F 1A 16 79
ID: 43F, Data: 83 45 60 FF 4D 4C F 0
ID: 370, Data: 8FF E0 F0 F0 FF FF FF FF
ID: 316, Data: 85 1D B4 E 20 1A 15 79
ID: 153, Data: 80 0 0 FF 0 FF 0 0
ID: 316, Data: 85 1E B4 E 1F 1A 15 79
ID: 153, Data: 80 0 0 FF 0 FF 0 0
ID: 316, Data: 85 1E 8B E 1F 1A 14 79
ID: 1F1, Data: 80 8D 9F 0 A A3 30 A
ID: 1F0, Data: 84 40 5 C0 0 0 0 0
ID: 280, Data: 830 0 84 AE 1C 17 52 41
ID: 153, Data: 80 0 0 FF 0 FF 0 0
ID: 316, Data: 85 1E 31 E 20 1A 14 79
ID: 280, Data: 830 0 84 AE 1C 17 52 41
ID: 153, Data: 80 0 0 FF 0 FF 0 0
ID: 316, Data: 85 1F 50 E 20 1A 13 79
ID: 153, Data: 80 0 0 FF 0 FF 0 0
ID: 316, Data: 85 1F 6B E 1F 1A 13 79
ID: 316, Data: 85 1F 6B E 1F 1A 13 79
ID: 1F1, Data: 80 A0 93 10 9 96 50 9
ID: 1F0, Data: 83 40 5 C0 0 0 0 0
ID: 153, Data: 80 0 0 FF 0 FF 0 0
ID: 316, Data: 85 1F 1F E 20 1A 12 79
ID: A0, Data: 82F 7B 3E E 13 26 2 0
ID: 5F0, Data: 20 0
ID: 316, Data: 85 1F D9 D 20 1A 11 79
ID: 316, Data: 85 20 C3 D 21 1A 11 79
ID: 316, Data: 85 20 93 D 21 1A 11 79
ID: 2A0, Data: 8E0 0 52 1D 3C 0 17 0
ID: 43F, Data: 83 45 60 FF 4D 5C B 0
ID: 153, Data: 80 0 0 FF 0 FF 0 0
ID: 440, Data: 8FE 63 F A0 FF AA AA AA
ID: 43F, Data: 83 45 60 FF 4D B0 A 0
ID: 43F, Data: 83 45 60 FF 4D 70 A 0
ID: 1F0, Data: 83 40 5 C0 0 0 0 0
ID: 153, Data: 80 0 0 FF 0 FF 0 0
ID: 43F, Data: 83 45 60 FF 4D C0 9 0
ID: 545, Data: 8C4 2A 0 8D A4 0 A4 0
ID: 43F, Data: 83 45 60 FF 4D 3C 9 0
ID: 43F, Data: 83 45 60 FF 4D FC 8 0
ID: 153, Data: 80 0 0 FF 0 FF 0 0
ID: 316, Data: 85 24 ED B 2C 23 C 79
ID: 1F1, Data: 80 E4 59 90 5 5C C0 5
ID: 153, Data: 80 0 0 FF 0 FF 0 0
ID: 280, Data: 830 0 84 AE 17 1C 52 4C
ID: 153, Data: 80 0 0 FF 0 FF 0 0
ID: 43F, Data: 8A 45 60 FF 4D 28 7 0
ID: 545, Data: 8C4 2C 0 8D 5A 0 5A 0
ID: A0, Data: 83C 7A C1 B B 26 2 0
ID: 316, Data: 85 29 CE B 2C 23 A 79
ID: 153, Data: 80 0 0 FF 0 FF 0 0
ID: 316, Data: 845 2A E C 2B 23 9 79
ID: 5F0, Data: 20 0
ID: 316, Data: 845 2A 47 C 2B 23 8 79
ID: 153, Data: 80 0 0 FF 0 FF 0 0
ID: 316, Data: 845 2A EB B 2B 23 8 79
ID: 316, Data: 845 2B D7 B 2C 23 7 79
ID: 153, Data: 80 0 0 FF 0 FF 0 0
ID: 153, Data: 80 0 0 FF 0 FF 0 0
ID: 280, Data: 830 0 84 AD 16 1E 52 52
ID: 316, Data: 845 2C 5E B 2D 23 6 79
ID: 153, Data: 80 0 0 FF 0 FF 0 0
ID: 153, Data: 80 0 0 FF 0 FF 0 0
ID: 153, Data: 80 0 0 FF 0 FF 0 0
ID: 260, Data: 8A 2D 2D 30 FF FF 6B 8
ID: 316, Data: 845 2D 1E B 2D 22 5 79
ID: 440, Data: 8D9 72 4 A0 FF AA AA AA
ID: 316, Data: 845 2E 90 A 2F 22 4 79
ID: 2A0, Data: 820 0 52 1D 3C 0 17 0
ID: 153, Data: 80 0 0 FF 0 FF 0 0
ID: 43F, Data: 82 45 60 FF 4D D4 3 0
ID: 153, Data: 80 0 0 FF 0 FF 0 0
ID: 316, Data: 845 2F C2 A 2E 22 3 79
ID: 153, Data: 80 0 0 FF 0 FF 0 0
ID: 153, Data: 80 0 0 FF 0 FF 0 0
ID: 5F0, Data: 20 0
ID: 43F, Data: 82 45 60 FF 4D A4 2 0
ID: 18F, Data: 8AA 31 0 0 0 0 0 0
ID: 153, Data: 80 0 0 FF 0 FF 0 0
ID: A1, Data: 88A 81 89 80 29 0 0 0
ID: 329, Data: 8B AD 79 8 12 2D 0 26
ID: 545, Data: 8C4 2F 0 8E DC 0 DC 0
ID: 153, Data: 80 0 0 FF 0 FF 0 0
ID: 43F, Data: 89 45 60 FF 4D D4 1 0
ID: 153, Data: 80 0 0 FF 0 FF 0 0
ID: 153, Data: 80 0 0 FF 0 FF 0 0
ID: A1, Data: 889 81 89 80 29 0 0 0
ID: 329, Data: 8ED AD 79 8 12 2D 0 26
ID: 1F0, Data: 86 40 5 C0 0 0 0 0
ID: 153, Data: 80 0 0 FF 0 FF 0 0
ID: A0, Data: 83E 7A 7F A 2 25 2 0
ID: 329, Data: 840 AD 79 8 12 2D 0 26
ID: 316, Data: 845 2E 96 A 2E 22 1 79
ID: A1, Data: 889 81 87 80 29 0 0 0
ID: 43F, Data: 89 45 60 FF 4D AC 0 0
ID: 153, Data: 80 0 0 FF 0 FF 0 0
ID: 316, Data: 845 2E 92 A 2D 22 1 79
ID: 153, Data: 80 0 0 FF 0 FF 0 0
ID: 316, Data: 845 2E 74 A 2E 22 0 79
ID: 316, Data: 845 2E 82 A 2E 22 0 79
ID: 280, Data: 830 0 84 AD 14 20 52 57
ID: 43F, Data: 89 45 60 FF 4D 8 0 0
ID: 5F0, Data: 20 0
ID: 370, Data: 8FF E0 F0 F0 FF FF FF FF
ID: 316, Data: 845 2E 92 A 2D 22 0 79
ID: 43F, Data: 89 45 60 FF 4D 0 0 0
ID: 43F, Data: 89 45 60 FF 4D 0 0 0
ID: 153, Data: 80 0 0 FF 0 FF 0 0
ID: 316, Data: 845 2E 75 A 2E 22 0 79
ID: 153, Data: 80 0 0 FF 0 FF 0 0
ID: 316, Data: 845 2E 73 A 2E 22 0 79
ID: 316, Data: 845 2E 73 A 2E 22 0 79
ID: 329, Data: 8ED AD 79 8 12 2D 0 26
ID: 1F1, Data: 80 16 1 10 0 1 10 0
ID: 153, Data: 80 0 0 FF 0 FF 0 0
ID: 316, Data: 845 2D 7C A 2D 22 0 79
ID: 153, Data: 80 0 0 FF 0 FF 0 0
ID: 153, Data: 80 0 0 FF 0 FF 0 0
ID: 316, Data: 845 2D 7C A 2D 22 0 79
ID: 440, Data: 8AE E1 0 A0 FF AA AA AA
ID: 316, Data: 845 2D 74 A 2D 22 0 79
ID: 18F, Data: 8AA 34 0 0 0 0 0 0
ID: 43F, Data: 81 45 60 FF 4D 0 0 0
ID: 153, Data: 80 0 0 FF 0 FF 0 0
ID: 153, Data: 80 0 0 FF 0 FF 0 0
ID: 2A0, Data: 840 0 52 1D 3C 0 17 0
ID: 316, Data: 845 2D 82 A 2D 22 0 79
ID: 2A0, Data: 880 0 52 1D 3C 0 17 0
ID: 153, Data: 80 0 0 FF 0 FF 0 0
ID: 153, Data: 80 0 0 FF 0 FF 0 0
ID: 1F0, Data: 86 40 5 C0 0 0 0 0
ID: A1, Data: 884 81 84 80 28 0 0 0
ID: 329, Data: 8B AE 79 8 12 2D 0 26
ID: 545, Data: 8C4 2A 0 8D BA 0 BA 0
ID: A1, Data: 884 81 84 80 28 0 0 0
ID: 153, Data: 80 0 0 FF 0 FF 0 0
ID: 153, Data: 80 0 0 FF 0 FF 0 0
ID: 43F, Data: 81 45 60 FF 4D 0 0 0
ID: 2A0, Data: 8E0 0 52 1D 3C 0 17 0
ID: 18F, Data: 8AA 35 0 0 0 0 0 0
ID: 43F, Data: 81 45 60 FF 4D 0 0 0
ID: 2A0, Data: 840 0 52 1D 3C 0 17 0
ID: A0, Data: 83C 7B 77 A 0 25 2 0
ID: 153, Data: 80 0 0 FF 0 FF 0 0
ID: 1F0, Data: 86 40 5 C0 0 0 0 0
ID: 2A0, Data: 840 0 52 1D 3C 0 17 0
ID: 43F, Data: 81 45 60 FF 4D 0 0 0
ID: 370, Data: 8FF E0 F0 F0 FF FF FF FF
ID: 260, Data: 8A 2C 2D 30 FF FF 6D 16
ID: 316, Data: 845 2C 81 A 2C 22 0 79
ID: A0, Data: 83C 7B 81 A 0 25 2 0
ID: 43F, Data: 81 45 60 FF 4D 0 0 0
ID: 153, Data: 80 0 0 FF 0 FF 0 0
ID: 153, Data: 80 0 0 FF 0 FF 0 0
ID: 153, Data: 80 0 0 FF 0 FF 0 0
ID: 370, Data: 8FF E0 F0 F0 FF FF FF FF
ID: 316, Data: 845 2C 6C A 2C 22 0 79
ID: 153, Data: 80 0 0 FF 0 FF 0 0
ID: 153, Data: 80 0 0 FF 0 FF 0 0
ID: 316, Data: 845 2C 4B A 2C 22 0 79
ID: 43F, Data: 81 45 60 FF 4D 0 0 0
ID: 370, Data: 8FF E0 F0 F0 FF FF FF FF
ID: 43F, Data: 81 45 60 FF 4D 0 0 0
ID: 5F0, Data: 20 0
ID: 153, Data: 80 0 0 FF 0 FF 0 0
ID: A0, Data: 83D 7B 5A A 0 25 2 0
ID: 260, Data: 8A 2C 2C 30 FF FF 6D 35
ID: 280, Data: 830 0 84 AE 14 1F 53 55
ID: 316, Data: 845 2C 4F A 2C 22 0 79
ID: 316, Data: 845 2C 50 A 2C 22 0 79
ID: 43F, Data: 81 45 60 FF 4D 0 0 0
ID: 370, Data: 8FF E0 F0 F0 FF FF FF FF
ID: 43F, Data: 81 45 60 FF 4D 0 0 0
ID: 316, Data: 845 2B 6D A 2C 22 0 79
ID: 153, Data: 80 0 0 FF 0 FF 0 0
ID: 153, Data: 80 0 0 FF 0 FF 0 0
ID: 153, Data: 80 0 0 FF 0 FF 0 0
ID: A1, Data: 880 81 80 80 28 0 0 0
ID: 280, Data: 830 0 84 AE 14 1E 53 55
ID: 2A0, Data: 840 0 53 1D 3C 0 17 0
ID: 43F, Data: 81 45 60 FF 4D 0 0 0
ID: 43F, Data: 81 45 60 FF 4D 0 0 0
ID: 153, Data: 80 0 0 FF 0 FF 0 0
ID: 316, Data: 845 2B 51 A 2C 22 0 79
ID: 153, Data: 80 0 0 FF 0 FF 0 0
ID: 316, Data: 845 2B 4C A 2C 22 0 79
ID: 316, Data: 845 2B 50 A 2C 22 0 79
ID: 329, Data: 840 AE 79 8 12 2C 0 26
ID: 1F1, Data: 80 16 0 0 0 0 0 0
ID: 153, Data: 80 0 0 FF 0 FF 0 0
ID: 43F, Data: 81 45 60 FF 4E 0 0 0
ID: A1, Data: 87E 81 7E 80 28 0 0 0
ID: A1, Data: 87E 81 7E 80 28 0 0 0
ID: A1, Data: 87E 81 7E 80 28 0 0 0
ID: 153, Data: 80 0 0 FF 0 FF 0 0
ID: 316, Data: 845 2B 57 A 2C 22 0 79
ID: 43F, Data: 81 45 60 FF 4E 0 0 0
ID: 316, Data: 845 2B 4B A 2C 22 0 79
ID: 43F, Data: 81 45 60 FF 4E 0 0 0
ID: 153, Data: 80 0 0 FF 0 FF 0 0
ID: 329, Data: 8ED AE 79 8 12 2C 0 26
ID: 43F, Data: 81 45 60 FF 4E 0 0 0
ID: 440, Data: 8AE E1 0 A0 FF AA AA AA
ID: A0, Data: 83B 7B 5C A 0 25 2 0
ID: 153, Data: 80 0 0 FF 0 FF 0 0
ID: 316, Data: 845 2B 3A A 2C 22 0 79
ID: 43F, Data: 81 45 60 FF 4E 0 0 0
ID: 370, Data: 8FF E0 F0 F0 FF FF FF FF
ID: 43F, Data: 81 45 60 FF 4E 0 0 0
ID: 153, Data: 80 0 0 FF 0 FF 0 0
ID: 153, Data: 80 0 0 FF 0 FF 0 0
ID: A0, Data: 83D 7B 36 A 0 25 2 0
ID: 316, Data: 845 2B 29 A 2C 22 0 79
ID: 316, Data: 845 2B 32 A 2C 22 0 79
ID: 260, Data: 8A 2B 2D 30 FF FF 71 3
ID: 43F, Data: 81 45 60 FF 4F 0 0 0
ID: 1F0, Data: 86 40 5 C0 0 0 0 0
ID: 440, Data: 8AE E1 0 A0 FF AA AA AA
ID: 316, Data: 845 2B 3D A 2C 22 0 79
ID: 43F, Data: 81 45 60 FF 4F 0 0 0
ID: 316, Data: 845 2B 26 A 2C 22 0 79
ID: 5F0, Data: 20 0
ID: 316, Data: 845 2B 2D A 2C 22 0 79
ID: 153, Data: 80 0 0 FF 0 FF 0 0
ID: 18F, Data: 8AA 38 0 0 0 0 0 0
ID: 316, Data: 845 2B 30 A 2C 22 0 79
ID: 316, Data: 845 2B 2E A 2C 22 0 79
ID: 545, Data: 8C4 25 0 8C A7 0 A7 0
ID: 153, Data: 80 0 0 FF 0 FF 0 0
ID: 316, Data: 845 2B 25 A 2C 22 0 79
ID: 153, Data: 80 0 0 FF 0 FF 0 0
ID: 316, Data: 845 2B 23 A 2C 22 0 79
ID: 153, Data: 80 0 0 FF 0 FF 0 0
ID: 153, Data: 80 0 0 FF 0 FF 0 0
ID: 316, Data: 845 2B 2C A 2C 22 0 79
ID: 43F, Data: 81 45 60 FF 4F 0 0 0
ID: 316, Data: 845 2B 2D A 2C 22 0 79
ID: 43F, Data: 81 45 60 FF 4F 0 0 0
ID: 1F0, Data: 86 40 5 C0 0 0 0 0
ID: 2A0, Data: 840 0 53 1D 3C 0 17 0
ID: 316, Data: 845 2B 17 A 28 19 0 79
ID: 18F, Data: 8AA 38 0 0 0 0 0 0
ID: 153, Data: 80 0 0 FF 0 FF 0 0
ID: 43F, Data: 81 45 60 FF 4F 0 0 0
ID: 545, Data: 8C4 26 0 8D 31 1 31 1
ID: 329, Data: 8B AE 79 8 12 2C 0 26
ID: 153, Data: 80 0 0 FF 0 FF 0 0
ID: 153, Data: 80 0 0 FF 0 FF 0 0
ID: 316, Data: 85 29 2D A 28 19 0 79
ID: 2A0, Data: 880 0 53 1D 3C 0 17 0
ID: 18F, Data: 8AA 37 0 0 0 0 0 0
ID: 316, Data: 85 28 AF A 27 19 0 79
ID: A1, Data: 885 80 80 7F 27 0 0 0
ID: 440, Data: 8A6 31 0 A0 FF AA AA AA
ID: 43F, Data: 81 45 60 FF 4F 0 0 0
ID: 316, Data: 85 26 DB A 25 1A 0 79
ID: 280, Data: 830 0 84 AE 15 1B 53 4F
ID: A1, Data: 885 80 80 7F 25 0 0 0
ID: 316, Data: 85 25 7A A 27 19 0 79
ID: 316, Data: 85 25 6E A 27 19 0 79
ID: 316, Data: 85 25 78 A 27 19 0 79
ID: 260, Data: 8A 26 27 30 FF FF 6C 22
ID: 43F, Data: 81 45 60 FF 4F 0 0 0
ID: 43F, Data: 81 45 60 FF 4F 0 0 0
ID: 43F, Data: 81 45 60 FF 4F 0 0 0
ID: 316, Data: 85 26 96 A 26 19 0 79
ID: 316, Data: 85 26 8F A 26 19 0 79
ID: 18F, Data: 8AA 36 0 0 0 0 0 0
ID: 1F1, Data: 80 16 0 0 0 0 0 0
ID: 260, Data: 8A 26 26 30 FF FF 6A 34
ID: 316, Data: 85 26 94 A 25 19 0 79
ID: 153, Data: 80 0 0 FF 0 FF 0 0
ID: 153, Data: 80 0 0 FF 0 FF 0 0
ID: A1, Data: 883 80 7E 7F 25 0 0 0
ID: 316, Data: 85 26 7E A 25 19 0 79
ID: 370, Data: 8FF E0 F0 F0 FF FF FF FF
ID: 43F, Data: 81 45 60 FF 4F 0 0 0
ID: 153, Data: 80 0 0 FF 0 FF 0 0
ID: 316, Data: 85 25 70 A 26 19 0 79
ID: 153, Data: 80 0 0 FF 0 FF 0 0
ID: 316, Data: 85 25 3A A 27 19 0 79
ID: 43F, Data: 81 45 60 FF 4F 0 0 0
ID: 370, Data: 8FF E0 F0 F0 FF FF FF FF
ID: 316, Data: 85 25 41 A 27 19 0 79
ID: 153, Data: 80 0 0 FF 0 FF 0 0
ID: 316, Data: 85 25 54 A 26 19 0 79
ID: 153, Data: 80 0 0 FF 0 FF 0 0
ID: 316, Data: 85 26 54 A 26 19 0 79
ID: 153, Data: 80 0 0 FF 0 FF 0 0
ID: 43F, Data: 81 45 60 FF 4F 0 0 0
ID: 43F, Data: 81 45 60 FF 4F 0 0 0
ID: 153, Data: 80 0 0 FF 0 FF 0 0
ID: 316, Data: 85 25 81 A 25 19 0 79
ID: 153, Data: 80 0 0 FF 0 FF 0 0
ID: 153, Data: 80 0 0 FF 0 FF 0 0
ID: 153, Data: 80 0 0 FF 0 FF 0 0
ID: A0, Data: 836 7B 5F A 0 24 2 0
ID: 316, Data: 85 25 62 A 26 19 0 79
ID: 316, Data: 85 25 5E A 26 19 0 79
ID: 2A0, Data: 840 0 53 1D 3C 0 17 0
ID: 153, Data: 80 0 0 FF 0 FF 0 0
ID: 43F, Data: 81 45 60 FF 4F 0 0 0
ID: 153, Data: 80 0 0 FF 0 FF 0 0
ID: 153, Data: 80 0 0 FF 0 FF 0 0
ID: 440, Data: 8A6 91 0 A0 FF AA AA AA
ID: 316, Data: 85 25 5F A 26 19 0 79
ID: 370, Data: 8FF E0 F0 F0 FF FF FF FF
ID: 316, Data: 85 25 63 A 26 19 0 79
ID: 18F, Data: 8AA 34 0 0 0 0 0 0
ID: 43F, Data: 81 45 60 FF 4F 0 0 0
ID: 260, Data: 8A 25 26 30 FF FF 6E 22
ID: 18F, Data: 8AA 34 0 0 0 0 0 0
ID: 316, Data: 85 25 39 A 26 19 0 79
ID: 153, Data: 80 0 0 FF 0 FF 0 0
ID: 316, Data: 85 25 58 A 26 19 0 79
ID: 153, Data: 80 0 0 FF 0 FF 0 0
ID: 316, Data: 85 25 57 A 26 19 0 79
ID: 43F, Data: 81 45 60 FF 50 0 0 0
ID: 43F, Data: 81 45 60 FF 50 0 0 0
ID: 43F, Data: 81 45 60 FF 50 0 0 0
ID: 153, Data: 80 0 0 FF 0 FF 0 0
ID: 316, Data: 85 24 2C A 26 19 0 79
ID: 153, Data: 80 0 0 FF 0 FF 0 0
ID: 316, Data: 85 24 25 A 27 19 0 79
ID: 1F1, Data: 80 16 0 0 0 0 0 0
ID: 153, Data: 80 0 0 FF 0 FF 0 0
ID: 370, Data: 8FF E0 F0 F0 FF FF FF FF
ID: A1, Data: 880 80 80 7E 25 0 0 0
ID: 316, Data: 85 23 35 A 26 19 0 79
ID: 316, Data: 85 23 15 A 26 19 0 79
ID: 280, Data: 830 0 84 AE 14 1C 53 4F
ID: A0, Data: 83A 7B 1D A 0 24 1 0
ID: 153, Data: 80 0 0 FF 0 FF 0 0
ID: 316, Data: 85 23 1 A 27 19 0 79
ID: 153, Data: 80 0 0 FF 0 FF 0 0
ID: 440, Data: 8A6 41 0 A0 FF AA AA AA
ID: 153, Data: 80 0 0 FF 0 FF 0 0
ID: 440, Data: 8A6 41 0 A0 FF AA AA AA
ID: 43F, Data: 81 45 60 FF 50 0 0 0
ID: 316, Data: 85 25 E7 9 27 19 0 79
ID: 153, Data: 80 0 0 FF 0 FF 0 0
ID: A1, Data: 880 80 80 7E 27 0 0 0
ID: 329, Data: 840 AE 79 8 12 2C 0 26
ID: 545, Data: 8C4 20 0 8D E6 0 E6 0
ID: 43F, Data: 81 45 60 FF 50 0 0 0
ID: 43F, Data: 81 45 60 FF 50 0 0 0
ID: 43F, Data: 81 45 60 FF 50 0 0 0
ID: 43F, Data: 81 45 60 FF 50 0 0 0
ID: 316, Data: 85 25 4F A 26 19 0 79
ID: 316, Data: 85 25 54 A 26 19 0 79
ID: 280, Data: 830 0 84 AE 14 1D 53 52
ID: A1, Data: 880 80 80 7E 27 0 0 0
ID: 153, Data: 80 0 0 FF 0 FF 0 0
ID: 316, Data: 85 25 1C A 26 19 0 79
ID: 43F, Data: 81 45 60 FF 50 0 0 0
ID: 43F, Data: 81 45 60 FF 50 0 0 0
ID: 43F, Data: 81 45 60 FF 50 0 0 0
ID: 153, Data: 80 0 0 FF 0 FF 0 0
ID: 316, Data: 85 25 48 A 26 19 0 79
ID: 153, Data: 80 0 0 FF 0 FF 0 0
ID: 316, Data: 85 25 1C A 26 19 0 79
ID: 153, Data: 80 0 0 FF 0 FF 0 0
ID: 153, Data: 80 0 0 FF 0 FF 0 0
ID: 316, Data: 85 25 CA 9 27 19 0 79
ID: 43F, Data: 81 45 60 FF 50 0 0 0
ID: 43F, Data: 81 45 60 FF 50 0 0 0
ID: 153, Data: 80 0 0 FF 0 FF 0 0
ID: 316, Data: 85 25 7 A 27 19 0 79
ID: 153, Data: 80 0 0 FF 0 FF 0 0
ID: 153, Data: 80 0 0 FF 0 FF 0 0
ID: 153, Data: 80 0 0 FF 0 FF 0 0
ID: 18F, Data: 8AA 32 0 0 0 0 0 0
ID: 316, Data: 85 25 4B A 26 19 0 79
ID: 153, Data: 80 0 0 FF 0 FF 0 0
ID: 316, Data: 85 25 34 A 26 19 0 79
ID: 316, Data: 85 25 31 A 26 19 0 79
ID: 316, Data: 85 25 23 A 26 19 0 79
ID: 18F, Data: 8AA 31 0 0 0 0 0 0
ID: 153, Data: 80 0 0 FF 0 FF 0 0
ID: 260, Data: 8A 25 26 30 FF FF 71 2E
ID: 316, Data: 85 25 36 A 26 19 0 79
ID: 43F, Data: 81 45 60 FF 50 0 0 0
ID: 316, Data: 85 25 1 A 27 19 0 79
ID: 153, Data: 80 0 0 FF 0 FF 0 0
ID: 316, Data: 85 25 2D A 26 19 0 79
ID: 43F, Data: 81 45 60 FF 50 0 0 0
ID: 43F, Data: 81 45 60 FF 50 0 0 0
ID: 43F, Data: 81 45 60 FF 50 0 0 0
ID: 153, Data: 80 0 0 FF 0 FF 0 0
ID: 316, Data: 85 25 28 A 26 19 0 79
ID: 153, Data: 80 0 0 FF 0 FF 0 0
ID: 316, Data: 85 25 17 A 26 19 0 79
ID: 153, Data: 80 0 0 FF 0 FF 0 0
ID: 316, Data: 85 25 10 A 26 19 0 79
ID: 316, Data: 85 25 21 A 26 19 0 79
ID: 153, Data: 80 0 0 FF 0 FF 0 0
ID: 329, Data: 840 AF 79 8 12 2C 0 26
ID: 1F0, Data: 85 40 5 C0 0 0 0 0
ID: 153, Data: 80 0 0 FF 0 FF 0 0
ID: 316, Data: 85 25 35 A 26 19 0 79
ID: 153, Data: 80 0 0 FF 0 FF 0 0
ID: 316, Data: 85 25 FC 9 26 19 0 79
ID: 153, Data: 80 0 0 FF 0 FF 0 0
ID: 316, Data: 85 25 20 A 26 19 0 79
ID: 153, Data: 80 0 0 FF 0 FF 0 0
ID: 316, Data: 85 25 30 A 26 19 0 79
ID: 440, Data: 8A6 31 0 A0 FF AA AA AA
ID: 153, Data: 80 0 0 FF 0 FF 0 0
ID: 153, Data: 80 0 0 FF 0 FF 0 0
ID: 440, Data: 8A6 31 0 A0 FF AA AA AA
ID: 316, Data: 85 25 29 A 26 19 0 79
ID: 153, Data: 80 0 0 FF 0 FF 0 0
ID: 153, Data: 80 0 0 FF 0 FF 0 0
ID: 153, Data: 80 0 0 FF 0 FF 0 0
ID: 2A0, Data: 840 0 53 1D 3C 0 17 0
ID: 316, Data: 85 25 1C A 26 19 0 79
ID: 2A0, Data: 880 0 53 1D 3C 0 17 0
ID: 43F, Data: 81 45 60 FF 50 0 0 0
ID: 43F, Data: 81 45 60 FF 50 0 0 0
ID: 153, Data: 80 0 0 FF 0 FF 0 0
ID: 316, Data: 85 25 15 A 26 19 0 79
ID: 153, Data: 80 0 0 FF 0 FF 0 0
ID: 316, Data: 85 25 3A A 26 19 0 79
ID: 370, Data: 8FF E0 F0 F0 FF FF FF FF
ID: 5F0, Data: 20 0
ID: 18F, Data: 8AA 30 0 0 0 0 0 0
ID: 545, Data: 8C4 20 0 8D D4 0 D4 0
ID: 316, Data: 85 25 38 A 26 19 0 79
ID: 2A0, Data: 8E0 0 53 1D 3C 0 17 0
ID: 43F, Data: 81 45 60 FF 50 0 0 0
ID: 153, Data: 80 0 0 FF 0 FF 0 0
ID: 316, Data: 85 25 10 A 26 19 0 79
ID: 153, Data: 80 0 0 FF 0 FF 0 0
ID: 153, Data: 80 0 0 FF 0 FF 0 0
ID: 440, Data: 8A6 41 0 A0 FF AA AA AA
ID: 2A0, Data: 840 0 53 1D 3C 0 17 0
ID: 316, Data: 85 25 29 A 26 19 0 79
ID: 316, Data: 85 25 3C A 26 19 0 79
ID: 153, Data: 80 0 0 FF 0 FF 0 0
ID: 260, Data: 8A 25 26 30 FF FF 71 3D
ID: 43F, Data: 81 45 60 FF 50 0 0 0
ID: A1, Data: 880 80 80 7E 27 0 0 0
ID: 153, Data: 80 0 0 FF 0 FF 0 0
ID: 153, Data: 80 0 0 FF 0 FF 0 0
ID: 43F, Data: 81 45 60 FF 51 0 0 0
ID: 2A0, Data: 820 0 53 1D 3C 0 17 0
ID: 260, Data: 8A 25 27 30 FF FF 75 29
ID: 153, Data: 80 0 0 FF 0 FF 0 0
ID: 43F, Data: 81 45 60 FF 50 0 0 0
ID: 43F, Data: 81 45 60 FF 50 0 0 0
ID: 153, Data: 80 0 0 FF 0 FF 0 0
ID: 316, Data: 85 25 3D A 26 19 0 79
ID: 153, Data: 80 0 0 FF 0 FF 0 0
ID: 316, Data: 85 25 23 A 26 19 0 79
ID: 153, Data: 80 0 0 FF 0 FF 0 0
ID: 153, Data: 80 0 0 FF 0 FF 0 0
ID: 1F0, Data: 85 40 5 C0 0 0 0 0
ID: 43F, Data: 81 45 60 FF 50 0 0 0
ID: 545, Data: 8C4 1F 0 8D D3 0 D3 0
ID: 2A0, Data: 8E0 0 53 1D 3C 0 17 0
ID: 43F, Data: 81 45 60 FF 51 0 0 0
ID: 153, Data: 80 0 0 FF 0 FF 0 0
ID: 153, Data: 80 0 0 FF 0 FF 0 0
ID: 153, Data: 80 0 0 FF 0 FF 0 0
ID: 545, Data: 8C4 20 0 8C D3 0 D3 0
ID: 316, Data: 85 25 2A A 26 19 0 79
ID: 260, Data: 8A 25 26 30 FF FF 72 2D
ID: 43F, Data: 81 45 60 FF 51 0 0 0
ID: 316, Data: 85 25 24 A 26 19 0 79
ID: 440, Data: 8A6 E1 0 A0 FF AA AA AA
ID: 280, Data: 830 0 84 AF 14 1D 53 52
ID: 153, Data: 80 0 0 FF 0 FF 0 0
ID: 153, Data: 80 0 0 FF 0 FF 0 0
ID: 316, Data: 85 26 F5 9 27 19 0 79
ID: 153, Data: 80 0 0 FF 0 FF 0 0
ID: 316, Data: 85 27 1 A 26 19 0 79
ID: 43F, Data: 81 45 60 FF 51 0 0 0
ID: 43F, Data: 81 45 60 FF 50 0 0 0
ID: 43F, Data: 81 45 60 FF 50 0 0 0
ID: 153, Data: 80 0 0 FF 0 FF 0 0
ID: 316, Data: 85 27 5F A 25 19 0 79
ID: 153, Data: 80 0 0 FF 0 FF 0 0
ID: 316, Data: 85 26 89 A 24 19 0 79
ID: 153, Data: 80 0 0 FF 0 FF 0 0
ID: 153, Data: 80 0 0 FF 0 FF 0 0
ID: 440, Data: 8A6 91 0 A0 FF AA AA AA
ID: A1, Data: 880 80 80 7E 25 0 0 0
ID: 316, Data: 85 25 83 A 24 19 0 79
ID: 370, Data: 8FF E0 F0 F0 FF FF FF FF
ID: 316, Data: 85 24 8F A 24 19 0 79
ID: 316, Data: 85 24 83 A 24 19 0 79
ID: 153, Data: 80 0 0 FF 0 FF 0 0
ID: 316, Data: 85 24 73 A 25 19 0 79
ID: 316, Data: 85 24 67 A 25 19 0 79
ID: 316, Data: 85 24 67 A 25 19 0 79
ID: 260, Data: 8A 24 25 30 FF FF 6C 26
ID: 153, Data: 80 0 0 FF 0 FF 0 0
ID: 316, Data: 85 24 55 A 25 19 0 79
ID: 153, Data: 80 0 0 FF 0 FF 0 0
ID: 316, Data: 85 24 42 A 25 19 0 79
ID: 1F1, Data: 80 16 0 0 0 0 0 0
ID: 153, Data: 80 0 0 FF 0 FF 0 0
ID: 43F, Data: 81 45 60 FF 51 0 0 0
ID: A1, Data: 880 80 81 7E 25 0 0 0
ID: 5A0, Data: 80 0 0 90 0 0 0 0
ID: 153, Data: 80 0 0 FF 0 FF 0 0
ID: 329, Data: 8B AF 79 8 12 2B 0 26
ID: 43F, Data: 81 45 60 FF 51 0 0 0
ID: 153, Data: 80 0 0 FF 0 FF 0 0
ID: 280, Data: 830 0 84 AF 14 1A 53 4D
ID: 316, Data: 85 24 57 A 25 19 0 79
ID: 43F, Data: 81 45 60 FF 51 0 0 0
ID: 153, Data: 80 0 0 FF 0 FF 0 0
ID: 370, Data: 8FF E0 F0 F0 FF FF FF FF
ID: 153, Data: 80 0 0 FF 0 FF 0 0
ID: 316, Data: 85 24 39 A 25 19 0 79
ID: 43F, Data: 81 45 60 FF 51 0 0 0
ID: 316, Data: 85 24 25 A 25 19 0 79
ID: 316, Data: 85 24 F A 26 19 0 79
ID: 18F, Data: 8AA 30 0 0 0 0 0 0
ID: 18F, Data: 8AA 30 0 0 0 0 0 0
ID: 280, Data: 830 0 84 AF 14 1A 53 4D
ID: 1F1, Data: 80 16 0 0 0 0 0 0
ID: A0, Data: 836 7C 25 A 0 24 2 0
ID: 316, Data: 85 24 1F A 25 19 0 79
ID: 153, Data: 80 0 0 FF 0 FF 0 0
ID: 280, Data: 830 0 84 AF 14 1A 53 4D
ID: 43F, Data: 81 45 60 FF 51 0 0 0
ID: A0, Data: 836 7C 26 A 0 24 2 0
ID: 153, Data: 80 0 0 FF 0 FF 0 0
ID: A0, Data: 835 7C 49 A 0 24 2 0
ID: 329, Data: 8ED AF 79 8 12 2B 0 26
ID: 329, Data: 8B AF 79 8 12 2B 0 26
ID: 43F, Data: 81 45 60 FF 51 0 0 0
ID: 153, Data: 80 0 0 FF 0 FF 0 0
ID: 43F, Data: 81 45 60 FF 51 0 0 0
ID: 153, Data: 80 0 0 FF 0 FF 0 0
ID: 153, Data: 80 0 0 FF 0 FF 0 0
ID: 260, Data: 8A 24 26 30 FF FF 71 2F
ID: 329, Data: 8ED AF 79 8 12 2B 0 26
ID: 316, Data: 85 24 30 A 25 19 0 79
ID: 316, Data: 85 24 38 A 25 19 0 79
ID: 316, Data: 85 24 29 A 25 19 0 79
ID: A0, Data: 836 7C 29 A 0 24 2 0
ID: 153, Data: 80 0 0 FF 0 FF 0 0
ID: 316, Data: 85 24 1F A 25 19 0 79
ID: 545, Data: 8C4 20 0 8D C5 0 C5 0
ID: 2A0, Data: 880 0 53 1D 3C 0 17 0
ID: 1F0, Data: 85 40 5 C0 0 0 0 0
ID: 153, Data: 80 0 0 FF 0 FF 0 0
ID: 370, Data: 8FF E0 F0 F0 FF FF FF FF
ID: 43F, Data: 81 45 60 FF 52 0 0 0
ID: 316, Data: 85 24 1D A 25 19 0 79
ID: 316, Data: 85 24 26 A 25 19 0 79
ID: 545, Data: 8C4 20 0 8D C7 0 C7 0
ID: A0, Data: 836 7C 21 A 0 24 2 0
ID: 153, Data: 80 0 0 FF 0 FF 0 0
ID: 440, Data: 8A6 E1 0 A0 FF AA AA AA
ID: A0, Data: 836 7C 21 A 0 24 2 0
ID: 153, Data: 80 0 0 FF 0 FF 0 0
ID: 43F, Data: 81 45 60 FF 52 0 0 0
ID: 43F, Data: 81 45 60 FF 52 0 0 0
ID: 43F, Data: 81 45 60 FF 51 0 0 0
ID: 153, Data: 80 0 0 FF 0 FF 0 0
ID: 153, Data: 80 0 0 FF 0 FF 0 0
ID: 5F0, Data: 20 0
ID: 260, Data: 8A 25 26 30 FF FF 73 E
ID: 545, Data: 8C4 1F 0 8D CB 0 CB 0
ID: 153, Data: 80 0 0 FF 0 FF 0 0
ID: 316, Data: 85 25 17 A 26 19 0 79
ID: 153, Data: 80 0 0 FF 0 FF 0 0
ID: 316, Data: 85 25 10 A 26 19 0 79
ID: 153, Data: 80 0 0 FF 0 FF 0 0
ID: 316, Data: 85 25 12 A 26 19 0 79
ID: 153, Data: 80 0 0 FF 0 FF 0 0
ID: 43F, Data: 81 45 60 FF 52 0 0 0
ID: 153, Data: 80 0 0 FF 0 FF 0 0
ID: 153, Data: 80 0 0 FF 0 FF 0 0
ID: 18F, Data: 8AA 2F 0 0 0 0 0 0
ID: 316, Data: 85 24 39 A 25 19 0 79
ID: 43F, Data: 81 45 60 FF 51 0 0 0
ID: 316, Data: 85 24 34 A 25 19 0 79
ID: 329, Data: 885 AF 79 8 12 2B 0 26
ID: A1, Data: 878 7F 7C 7E 25 0 0 0
ID: 153, Data: 80 0 0 FF 0 FF 0 0
ID: 316, Data: 85 24 12 A 26 19 0 79
ID: 153, Data: 80 0 0 FF 0 FF 0 0
ID: 43F, Data: 81 45 60 FF 51 0 0 0
ID: 153, Data: 80 0 0 FF 0 FF 0 0
ID: 153, Data: 80 0 0 FF 0 FF 0 0
ID: A1, Data: 87A 7F 7C 7E 25 0 0 0
ID: 329, Data: 885 AF 79 8 12 2B 0 26
ID: 153, Data: 80 0 0 FF 0 FF 0 0
ID: 153, Data: 80 0 0 FF 0 FF 0 0
ID: 18F, Data: 8AA 2F 0 0 0 0 0 0
ID: 316, Data: 85 24 34 A 25 19 0 79
ID: 153, Data: 80 0 0 FF 0 FF 0 0
ID: 316, Data: 85 24 1C A 26 19 0 79
ID: 316, Data: 85 24 20 A 25 19 0 79
ID: 316, Data: 85 24 24 A 25 19 0 79
ID: 260, Data: 8A 24 26 30 FF FF 71 1
ID: 153, Data: 80 0 0 FF 0 FF 0 0
ID: 316, Data: 85 24 23 A 25 19 0 79
ID: 153, Data: 80 0 0 FF 0 FF 0 0
ID: 316, Data: 85 24 1B A 25 19 0 79
ID: 440, Data: 8A6 41 0 A0 FF AA AA AA
ID: 153, Data: 80 0 0 FF 0 FF 0 0
ID: 545, Data: 8C4 20 0 8D C8 0 C8 0
ID: 316, Data: 85 24 8 A 26 19 0 79
ID: 545, Data: 8C4 20 0 8C C9 0 C9 0
ID: 440, Data: 8A6 41 0 A0 FF AA AA AA
ID: 18F, Data: 8AA 2F 0 0 0 0 0 0
ID: 316, Data: 85 25 23 A 25 19 0 79
ID: 153, Data: 80 0 0 FF 0 FF 0 0
ID: 316, Data: 85 25 1F A 25 19 0 79
ID: 153, Data: 80 0 0 FF 0 FF 0 0
ID: 440, Data: 8A6 41 0 A0 FF AA AA AA
ID: 43F, Data: 81 45 60 FF 52 0 0 0
ID: 316, Data: 85 25 B A 26 19 0 79
ID: 370, Data: 8FF E0 F0 F0 FF FF FF FF
ID: 260, Data: 8A 25 26 30 FF FF 72 2D
ID: 153, Data: 80 0 0 FF 0 FF 0 0
ID: 18F, Data: 8AA 2F 0 0 0 0 0 0
ID: 316, Data: 85 25 15 A 26 19 0 79
ID: 316, Data: 85 25 24 A 25 19 0 79
ID: 316, Data: 85 25 2C A 25 19 0 79
ID: 2A0, Data: 820 0 53 1D 3C 0 17 0
ID: A1, Data: 87C 7E 7C 7D 25 0 0 0
ID: 153, Data: 80 0 0 FF 0 FF 0 0
ID: 316, Data: 85 24 3E A 25 19 0 79
ID: 43F, Data: 81 45 60 FF 52 0 0 0
ID: 440, Data: 8A6 41 0 A0 FF AA AA AA
ID: 43F, Data: 81 45 60 FF 52 0 0 0
ID: 545, Data: 8C4 21 0 8D C4 0 C4 0
ID: 260, Data: 8A 24 26 30 FF FF 6F 22
ID: 5F0, Data: 20 0
ID: 153, Data: 80 0 0 FF 0 FF 0 0
ID: 1F1, Data: 80 16 0 0 0 0 0 0
ID: 316, Data: 85 24 29 A 25 19 0 79
ID: 18F, Data: 8AA 2F 0 0 0 0 0 0
ID: A1, Data: 87C 7E 7E 7D 24 0 0 0
ID: 260, Data: 8A 24 26 30 FF FF 72 3D
ID: A1, Data: 87C 7E 7E 7D 25 0 0 0
ID: 316, Data: 85 24 2E A 25 19 0 79
ID: 316, Data: 85 24 1F A 25 19 0 79
ID: 153, Data: 80 0 0 FF 0 FF 0 0
ID: 2A0, Data: 820 0 53 1D 3C 0 17 0
ID: 370, Data: 8FF E0 F0 F0 FF FF FF FF
ID: 43F, Data: 81 45 60 FF 52 0 0 0
ID: 316, Data: 85 24 3 A 26 19 0 79
ID: 153, Data: 80 0 0 FF 0 FF 0 0
ID: 316, Data: 85 24 14 A 26 19 0 79
ID: 153, Data: 80 0 0 FF 0 FF 0 0
ID: 316, Data: 85 25 20 A 25 19 0 79
ID: 153, Data: 80 0 0 FF 0 FF 0 0
ID: 43F, Data: 81 45 60 FF 52 0 0 0
ID: 43F, Data: 81 45 60 FF 52 0 0 0
ID: 153, Data: 80 0 0 FF 0 FF 0 0
ID: 316, Data: 85 25 28 A 25 19 0 79
ID: 153, Data: 80 0 0 FF 0 FF 0 0
ID: 316, Data: 85 25 21 A 25 19 0 79
ID: 153, Data: 80 0 0 FF 0 FF 0 0
ID: 316, Data: 85 25 2C A 25 19 0 79
ID: 153, Data: 80 0 0 FF 0 FF 0 0
ID: 43F, Data: 81 45 60 FF 52 0 0 0
ID: 43F, Data: 81 45 60 FF 52 0 0 0
ID: 153, Data: 80 0 0 FF 0 FF 0 0
ID: 316, Data: 85 24 1D A 25 19 0 79
ID: 153, Data: 80 0 0 FF 0 FF 0 0
ID: 153, Data: 80 0 0 FF 0 FF 0 0
ID: 440, Data: 8A6 41 0 A0 FF AA AA AA
ID: 260, Data: 8A 25 26 30 FF FF 74 2B
ID: 316, Data: 85 25 15 A 26 19 0 79
ID: 280, Data: 830 0 84 AF 14 1B 53 4E
ID: A0, Data: 836 7C 1C A 0 24 2 0
ID: 43F, Data: 81 45 60 FF 52 0 0 0
ID: 153, Data: 80 0 0 FF 0 FF 0 0
ID: 316, Data: 85 25 41 A 25 19 0 79
ID: 153, Data: 80 0 0 FF 0 FF 0 0
ID: 316, Data: 85 24 3C A 25 19 0 79
ID: 153, Data: 80 0 0 FF 0 FF 0 0
ID: 153, Data: 80 0 0 FF 0 FF 0 0
ID: 43F, Data: 81 45 60 FF 52 0 0 0
ID: A1, Data: 87C 7D 7E 7C 25 0 0 0
ID: 1F0, Data: 85 40 5 C0 0 0 0 0
ID: 153, Data: 80 0 0 FF 0 FF 0 0
ID: 2A0, Data: 840 0 53 1D 3C 0 17 0
ID: 440, Data: 8A6 31 0 A0 FF AA AA AA
ID: 440, Data: 8A6 31 0 A0 FF AA AA AA
ID: 316, Data: 85 24 1F A 25 19 0 79
ID: 280, Data: 830 0 84 AF 14 1B 53 4D
ID: A0, Data: 836 7C 1F A 0 24 2 0
ID: 43F, Data: 81 45 60 FF 52 0 0 0
ID: 153, Data: 80 0 0 FF 0 FF 0 0
ID: 43F, Data: 81 45 60 FF 52 0 0 0
ID: 153, Data: 80 0 0 FF 0 FF 0 0
ID: 316, Data: 85 24 13 A 26 19 0 79
ID: A1, Data: 87C 7C 7E 7C 25 0 0 0
ID: 153, Data: 80 0 0 FF 0 FF 0 0
ID: 316, Data: 85 24 18 A 26 19 0 79
ID: 43F, Data: 81 45 60 FF 52 0 0 0
ID: 370, Data: 8FF E0 F0 F0 FF FF FF FF
ID: 1F0, Data: 85 40 5 C0 0 0 0 0
ID: 260, Data: 8A 25 26 30 FF FF 73 1D
ID: 316, Data: 85 25 26 A 25 19 0 79
ID: 153, Data: 80 0 0 FF 0 FF 0 0
ID: 316, Data: 85 25 25 A 25 19 0 79
ID: 153, Data: 80 0 0 FF 0 FF 0 0
ID: 153, Data: 80 0 0 FF 0 FF 0 0
ID: 153, Data: 80 0 0 FF 0 FF 0 0
ID: A0, Data: 837 7C 26 A 0 24 2 0
ID: 329, Data: 840 AF 79 8 12 2B 0 26
ID: 316, Data: 85 25 1C A 25 19 0 79
ID: A1, Data: 87C 7C 7E 7C 25 0 0 0
ID: 153, Data: 80 0 0 FF 0 FF 0 0
ID: 153, Data: 80 0 0 FF 0 FF 0 0
ID: A0, Data: 837 7C 10 A 0 24 2 0
ID: 545, Data: 8C4 21 0 8C CA 0 CA 0
ID: 329, Data: 840 AF 79 8 12 2B 0 26
ID: A1, Data: 87E 7C 7E 7C 25 0 0 0
ID: 43F, Data: 81 45 60 FF 52 0 0 0
ID: 43F, Data: 81 45 60 FF 52 0 0 0
ID: 43F, Data: 81 45 60 FF 52 0 0 0
ID: 43F, Data: 81 45 60 FF 52 0 0 0
ID: 316, Data: 85 24 2A A 25 19 0 79
ID: 316, Data: 85 24 13 A 26 19 0 79
ID: 329, Data: 8B AF 79 8 12 2B 0 26
ID: A0, Data: 837 7C 18 A 0 24 2 0
ID: 43F, Data: 81 45 60 FF 52 0 0 0
ID: 43F, Data: 81 45 60 FF 52 0 0 0
ID: 43F, Data: 81 45 60 FF 52 0 0 0
ID: 153, Data: 80 0 0 FF 0 FF 0 0
ID: 153, Data: 80 0 0 FF 0 FF 0 0
ID: 153, Data: 80 0 0 FF 0 FF 0 0
ID: 370, Data: 8FF E0 F0 F0 FF FF FF FF
ID: 316, Data: 85 24 28 A 25 19 0 79
ID: 153, Data: 80 0 0 FF 0 FF 0 0
ID: 316, Data: 85 24 30 A 25 19 0 79
ID: 370, Data: 8FF E0 F0 F0 FF FF FF FF
ID: 153, Data: 80 0 0 FF 0 FF 0 0
ID: 153, Data: 80 0 0 FF 0 FF 0 0
ID: 280, Data: 830 0 84 AF 14 1B 53 4D
ID: 43F, Data: 81 45 60 FF 52 0 0 0
ID: A0, Data: 837 7C F A 0 24 2 0
ID: 43F, Data: 81 45 60 FF 52 0 0 0
ID: 260, Data: 8A 25 26 30 FF FF 73 1D
ID: A0, Data: 836 7C 15 A 0 24 2 0
ID: 316, Data: 85 24 19 A 25 19 0 79
ID: 5F0, Data: 20 0
ID: 43F, Data: 81 45 60 FF 52 0 0 0
ID: 316, Data: 85 25 6 A 26 19 0 79
ID: 316, Data: 85 25 17 A 26 19 0 79
ID: 316, Data: 85 25 1C A 26 19 0 79
ID: 316, Data: 85 25 1C A 25 19 0 79
ID: A1, Data: 87E 7C 7E 7C 25 0 0 0
ID: 153, Data: 80 0 0 FF 0 FF 0 0
ID: 153, Data: 80 0 0 FF 0 FF 0 0
ID: 370, Data: 8FF E0 F0 F0 FF FF FF FF
ID: 280, Data: 830 0 84 AF 14 1B 53 4D
ID: 316, Data: 85 25 13 A 26 19 0 79
ID: 2A0, Data: 880 0 53 1D 3C 0 17 0
ID: 43F, Data: 81 45 60 FF 52 0 0 0
ID: 316, Data: 85 25 12 A 26 19 0 79
ID: 153, Data: 80 0 0 FF 0 FF 0 0
ID: 316, Data: 85 25 21 A 25 19 0 79
ID: 153, Data: 80 0 0 FF 0 FF 0 0
ID: 316, Data: 85 25 1D A 25 19 0 79
ID: 153, Data: 80 0 0 FF 0 FF 0 0
ID: 153, Data: 80 0 0 FF 0 FF 0 0
ID: 43F, Data: 81 45 60 FF 52 0 0 0
ID: 43F, Data: 81 45 60 FF 52 0 0 0
ID: 5F0, Data: 20 0
ID: 153, Data: 80 0 0 FF 0 FF 0 0
ID: 43F, Data: 81 45 60 FF 52 0 0 0
ID: 2A0, Data: 880 0 53 1D 3C 0 17 0
ID: 153, Data: 80 0 0 FF 0 FF 0 0
ID: 153, Data: 80 0 0 FF 0 FF 0 0
ID: 260, Data: 8A 25 26 30 FF FF 71 3D
ID: 316, Data: 85 24 2A A 25 19 0 79
ID: 153, Data: 80 0 0 FF 0 FF 0 0
ID: 316, Data: 85 24 35 A 25 19 0 79
ID: 153, Data: 80 0 0 FF 0 FF 0 0
ID: 316, Data: 85 24 2A A 25 19 0 79
ID: 5F0, Data: 20 0
ID: 43F, Data: 81 45 60 FF 52 0 0 0
ID: 153, Data: 80 0 0 FF 0 FF 0 0
ID: 153, Data: 80 0 0 FF 0 FF 0 0
ID: 43F, Data: 81 45 60 FF 52 0 0 0
ID: 260, Data: 8A 25 25 30 FF FF 71 1
ID: A0, Data: 836 7C 36 A 0 24 2 0
ID: 153, Data: 80 0 0 FF 0 FF 0 0
ID: 5F0, Data: 20 0
ID: A1, Data: 87E 7C 80 7C 24 0 0 0
ID: 153, Data: 80 0 0 FF 0 FF 0 0
ID: A1, Data: 87E 7C 80 7C 24 0 0 0
ID: 153, Data: 80 0 0 FF 0 FF 0 0
ID: 545, Data: 8C4 20 0 8D C3 0 C3 0
ID: 153, Data: 80 0 0 FF 0 FF 0 0
ID: 545, Data: 8C4 20 0 8C C4 0 C4 0
ID: 316, Data: 85 24 1B A 26 19 0 79
ID: 545, Data: 8C4 20 0 8D C4 0 C4 0
ID: 370, Data: 8FF E0 F0 F0 FF FF FF FF
ID: 153, Data: 80 0 0 FF 0 FF 0 0
ID: 280, Data: 830 0 84 B0 13 1B 53 4D
ID: 316, Data: 85 25 5 A 26 19 0 79
ID: 316, Data: 85 24 FD 9 26 19 0 79
ID: 153, Data: 80 0 0 FF 0 FF 0 0
ID: 153, Data: 80 0 0 FF 0 FF 0 0
ID: 440, Data: 8A6 31 0 A0 FF AA AA AA
ID: 2A0, Data: 880 0 53 1D 3C 0 17 0
ID: 316, Data: 85 25 2E A 25 19 0 79
ID: 316, Data: 85 25 2C A 25 19 0 79
ID: 1F0, Data: 85 40 5 C0 0 0 0 0
ID: 18F, Data: 8AA 2F 0 0 0 0 0 0
ID: 316, Data: 85 24 34 A 25 19 0 79
ID: 43F, Data: 81 45 60 FF 52 0 0 0
ID: 316, Data: 85 24 12 A 26 19 0 79
ID: 316, Data: 85 24 18 A 25 19 0 79
ID: 18F, Data: 8AA 2F 0 0 0 0 0 0
ID: 43F, Data: 81 45 60 FF 52 0 0 0
ID: 18F, Data: 8AA 2F 0 0 0 0 0 0
ID: A1, Data: 880 7C 7E 7C 25 0 0 0
ID: 329, Data: 8B B0 79 8 12 2B 0 26
ID: 545, Data: 8C4 21 0 8C C8 0 C8 0
ID: 153, Data: 80 0 0 FF 0 FF 0 0
ID: 316, Data: 85 24 31 A 25 19 0 79
ID: 18F, Data: 8AA 2F 0 0 0 0 0 0
ID: 5F0, Data: 20 0
ID: A1, Data: 880 7C 7E 7C 25 0 0 0
ID: 18F, Data: 8AA 2F 0 0 0 0 0 0
ID: A1, Data: 880 7C 7E 7C 25 0 0 0
ID: 329, Data: 8B B0 79 8 12 2B 0 26
ID: 545, Data: 8C4 21 0 8C C9 0 C9 0
ID: 370, Data: 8FF E0 F0 F0 FF FF FF FF
ID: 440, Data: 8A6 41 0 A0 FF AA AA AA
ID: 280, Data: 830 0 84 B0 14 1B 53 4D
ID: 5F0, Data: 20 0
ID: 316, Data: 85 24 4B A 25 19 0 79
ID: 316, Data: 85 24 44 A 25 19 0 79
ID: 545, Data: 8C4 21 0 8C C3 0 C3 0
ID: 153, Data: 80 0 0 FF 0 FF 0 0
ID: 316, Data: 85 24 7 A 26 19 0 79
ID: 18F, Data: 8AA 2F 0 0 0 0 0 0
ID: 1F1, Data: 80 16 0 0 0 0 0 0
ID: 2A0, Data: 840 0 53 1D 3C 0 17 0
ID: 316, Data: 85 24 6 A 26 19 0 79
ID: 316, Data: 85 24 14 A 26 19 0 79
ID: 329, Data: 8ED B0 79 8 12 2B 0 26
ID: A1, Data: 87E 7C 80 7C 25 0 0 0
ID: 153, Data: 80 0 0 FF 0 FF 0 0
ID: 316, Data: 85 25 8 A 26 19 0 79
ID: 153, Data: 80 0 0 FF 0 FF 0 0
ID: 153, Data: 80 0 0 FF 0 FF 0 0
ID: A1, Data: 87E 7C 7E 7C 25 0 0 0
ID: 280, Data: 830 0 84 B0 14 1B 53 4E
ID: 329, Data: 8ED B0 79 8 12 2B 0 26
ID: 153, Data: 80 0 0 FF 0 FF 0 0
ID: 153, Data: 80 0 0 FF 0 FF 0 0
ID: 43F, Data: 81 45 60 FF 52 0 0 0
ID: 153, Data: 80 0 0 FF 0 FF 0 0
ID: 43F, Data: 81 45 60 FF 52 0 0 0
ID: 153, Data: 80 0 0 FF 0 FF 0 0
ID: 316, Data: 85 25 40 A 25 19 0 79
ID: 545, Data: 8C4 21 0 8C CA 0 CA 0
ID: 18F, Data: 8AA 2F 0 0 0 0 0 0
ID: 316, Data: 85 25 35 A 25 19 0 79
ID: 43F, Data: 81 45 60 FF 52 0 0 0
ID: 370, Data: 8FF E0 F0 F0 FF FF FF FF
ID: 153, Data: 80 0 0 FF 0 FF 0 0
ID: 18F, Data: 8AA 2F 0 0 0 0 0 0
ID: 316, Data: 85 24 38 A 25 19 0 79
ID: 153, Data: 80 0 0 FF 0 FF 0 0
ID: 316, Data: 85 24 36 A 25 19 0 79
ID: 1F1, Data: 80 16 0 0 0 0 0 0
ID: 316, Data: 85 24 39 A 25 19 0 79
ID: 316, Data: 85 24 44 A 25 19 0 79
ID: 153, Data: 80 0 0 FF 0 FF 0 0
ID: 316, Data: 85 24 2C A 25 19 0 79
ID: 316, Data: 85 24 29 A 25 19 0 79
ID: 316, Data: 85 24 1F A 25 19 0 79
ID: 18F, Data: 8AA 2F 0 0 0 0 0 0
ID: 153, Data: 80 0 0 FF 0 FF 0 0
ID: 440, Data: 8A6 41 0 A0 FF AA AA AA
ID: 316, Data: 85 24 15 A 26 19 0 79
ID: 316, Data: 85 24 2A A 25 19 0 79
ID: 153, Data: 80 0 0 FF 0 FF 0 0
ID: 316, Data: 85 24 2E A 25 19 0 79
ID: 43F, Data: 81 45 60 FF 52 0 0 0
ID: 370, Data: 8FF E0 F0 F0 FF FF FF FF
ID: 43F, Data: 81 45 60 FF 52 0 0 0
ID: 153, Data: 80 0 0 FF 0 FF 0 0
ID: 153, Data: 80 0 0 FF 0 FF 0 0
ID: 370, Data: 8FF E0 F0 F0 FF FF FF FF
ID: 545, Data: 8C4 20 0 8D CB 0 CB 0
ID: 316, Data: 85 24 2A A 25 19 0 79
ID: 316, Data: 85 25 2D A 25 19 0 79
ID: 280, Data: 830 0 84 B0 14 1B 53 4D
ID: A1, Data: 87C 7B 80 7C 25 0 0 0
ID: 153, Data: 80 0 0 FF 0 FF 0 0
ID: 316, Data: 85 25 36 A 25 19 0 79
ID: 153, Data: 80 0 0 FF 0 FF 0 0
ID: 316, Data: 85 24 2C A 25 19 0 79
ID: 153, Data: 80 0 0 FF 0 FF 0 0
ID: 153, Data: 80 0 0 FF 0 FF 0 0
ID: 43F, Data: 81 45 60 FF 52 0 0 0
ID: 153, Data: 80 0 0 FF 0 FF 0 0
ID: 5F0, Data: 20 0
ID: 18F, Data: 8AA 2F 0 0 0 0 0 0
ID: 545, Data: 8C4 20 0 8D CB 0 CB 0
ID: 316, Data: 85 25 FE 9 26 19 0 79
ID: 545, Data: 8C4 20 0 8C CE 0 CE 0
ID: 153, Data: 80 0 0 FF 0 FF 0 0
ID: 153, Data: 80 0 0 FF 0 FF 0 0
ID: 18F, Data: 8AA 2F 0 0 0 0 0 0
ID: 280, Data: 830 0 84 B0 14 1B 53 4E
ID: 316, Data: 85 25 1B A 25 19 0 79
ID: 43F, Data: 81 45 60 FF 52 0 0 0
ID: 440, Data: 8A6 91 0 A0 FF AA AA AA
ID: 1F1, Data: 80 16 0 0 0 0 0 0
ID: 329, Data: 8B B0 79 8 12 2B 0 26
ID: 43F, Data: 81 45 60 FF 52 0 0 0
ID: 43F, Data: 81 45 60 FF 52 0 0 0
ID: 316, Data: 85 25 47 A 25 19 0 79
ID: 316, Data: 85 25 3E A 25 19 0 79
ID: 18F, Data: 8AA 2F 0 0 0 0 0 0
ID: 43F, Data: 81 45 60 FF 52 0 0 0
ID: 260, Data: 8A 25 25 30 FF FF 6F 22
ID: 18F, Data: 8AA 2F 0 0 0 0 0 0
ID: 5F0, Data: 20 0
ID: 43F, Data: 81 45 60 FF 52 0 0 0
ID: 43F, Data: 81 45 60 FF 52 0 0 0
ID: 5F0, Data: 20 0
ID: 43F, Data: 81 45 60 FF 52 0 0 0
ID: 316, Data: 85 24 34 A 25 19 0 79
ID: 153, Data: 80 0 0 FF 0 FF 0 0
ID: 153, Data: 80 0 0 FF 0 FF 0 0
ID: 43F, Data: 81 45 60 FF 52 0 0 0
ID: 43F, Data: 81 45 60 FF 52 0 0 0
ID: 1F1, Data: 80 16 0 0 0 0 0 0
ID: 153, Data: 80 0 0 FF 0 FF 0 0
ID: 280, Data: 830 0 84 B0 14 1B 53 4D
ID: 43F, Data: 81 45 60 FF 52 0 0 0
ID: A0, Data: 836 7C 39 A 0 24 2 0
ID: 440, Data: 8A6 41 0 A0 FF AA AA AA
ID: 43F, Data: 81 45 60 FF 52 0 0 0
ID: 316, Data: 85 24 14 A 26 19 0 79
ID: 316, Data: 85 24 20 A 25 19 0 79
ID: 1F1, Data: 80 16 0 0 0 0 0 0
ID: A0, Data: 837 7C 14 A 0 24 2 0
ID: 43F, Data: 81 45 60 FF 52 0 0 0
ID: 316, Data: 85 24 24 A 25 19 0 79
ID: 316, Data: 85 24 2D A 25 19 0 79
ID: 329, Data: 8ED B0 79 8 12 2B 0 26
ID: A0, Data: 837 7C 26 A 0 24 2 0
ID: 440, Data: 8A6 41 0 A0 FF AA AA AA
ID: 43F, Data: 81 45 60 FF 52 0 0 0
ID: 316, Data: 85 24 29 A 25 19 0 79
ID: 316, Data: 85 24 2E A 25 19 0 79
ID: 2A0, Data: 880 0 53 1D 3C 0 17 0
ID: 153, Data: 80 0 0 FF 0 FF 0 0
ID: 316, Data: 85 24 39 A 25 19 0 79
ID: 370, Data: 8FF E0 F0 F0 FF FF FF FF
ID: 316, Data: 85 24 30 A 25 19 0 79
ID: 260, Data: 8A 25 26 30 FF FF 70 2F
ID: 5A1, Data: 880 3 90 23 30 30 30 0
ID: 316, Data: 85 24 2D A 25 19 0 79
ID: 2A0, Data: 840 0 53 1D 3C 0 17 0
ID: 43F, Data: 81 45 60 FF 52 0 0 0
ID: 370, Data: 8FF E0 F0 F0 FF FF FF FF
ID: 43F, Data: 81 45 60 FF 52 0 0 0
ID: 2A0, Data: 8E0 0 53 1D 3C 0 17 0
ID: A0, Data: 836 7C 20 A 0 24 2 0
ID: 153, Data: 80 0 0 FF 0 FF 0 0
ID: A1, Data: 880 7B 80 7C 25 0 0 0
ID: 2A0, Data: 8E0 0 53 1D 3C 0 17 0
ID: 18F, Data: 8AA 30 0 0 0 0 0 0
ID: 43F, Data: 81 45 60 FF 52 0 0 0
ID: 2A0, Data: 840 0 53 1D 3C 0 17 0
ID: 2A0, Data: 8E0 0 53 1D 3C 0 17 0
ID: 5F0, Data: 20 0
ID: 43F, Data: 81 45 60 FF 52 0 0 0
ID: 440, Data: 8A6 31 0 A0 FF AA AA AA
ID: 43F, Data: 81 45 60 FF 52 0 0 0
ID: 280, Data: 830 0 84 B0 14 1B 53 4D
ID: 153, Data: 80 0 0 FF 0 FF 0 0
ID: 316, Data: 85 24 2D A 25 19 0 79
ID: 153, Data: 80 0 0 FF 0 FF 0 0
ID: 316, Data: 85 24 23 A 25 19 0 79
ID: 370, Data: 8FF E0 F0 F0 FF FF FF FF
ID: 316, Data: 85 24 2D A 25 19 0 79
ID: 2A0, Data: 8E0 0 53 1D 3C 0 17 0
ID: 153, Data: 80 0 0 FF 0 FF 0 0
ID: 316, Data: 85 24 44 A 25 19 0 79
ID: 153, Data: 80 0 0 FF 0 FF 0 0
ID: 316, Data: 85 24 36 A 25 19 0 79
ID: 370, Data: 8FF E0 F0 F0 FF FF FF FF
ID: 153, Data: 80 0 0 FF 0 FF 0 0
ID: 545, Data: 8C4 21 0 8D C8 0 C8 0
ID: 316, Data: 85 24 1F A 25 19 0 79
ID: 280, Data: 830 0 84 B0 14 1B 53 4D
ID: A1, Data: 880 7B 7E 7C 25 0 0 0
ID: 153, Data: 80 0 0 FF 0 FF 0 0
ID: 316, Data: 85 24 1C A 25 19 0 79
ID: 153, Data: 80 0 0 FF 0 FF 0 0
ID: 316, Data: 85 25 3D A 2E 22 0 79
ID: 153, Data: 80 0 0 FF 0 FF 0 0
ID: 153, Data: 80 0 0 FF 0 FF 0 0
ID: 43F, Data: 81 45 60 FF 52 0 0 0
ID: 43F, Data: 81 45 60 FF 52 0 0 0
ID: 43F, Data: 81 45 60 FF 52 0 0 0
ID: 153, Data: 80 0 0 FF 0 FF 0 0
ID: 316, Data: 85 29 A9 A 2C 22 0 79
ID: 153, Data: 80 0 0 FF 0 FF 0 0
ID: 153, Data: 80 0 0 FF 0 FF 0 0
ID: 370, Data: 8FF E0 F0 F0 FF FF FF FF
ID: 280, Data: 830 0 84 B0 15 1D 53 53
ID: 316, Data: 845 29 C8 A 2B 22 0 79
ID: 2A0, Data: 880 0 53 1D 3C 0 17 0
ID: 153, Data: 80 0 0 FF 0 FF 0 0
ID: 316, Data: 845 2A 2D A 2D 22 0 79
ID: 153, Data: 80 0 0 FF 0 FF 0 0
ID: 316, Data: 845 2A 29 A 2D 21 0 79
ID: 153, Data: 80 0 0 FF 0 FF 0 0
ID: 316, Data: 845 2B 40 A 2C 21 0 79
ID: 316, Data: 845 2B 4D A 2C 21 0 79
ID: 316, Data: 845 2B 65 A 2C 21 0 79
ID: 43F, Data: 81 45 60 FF 52 0 0 0
ID: 153, Data: 80 0 0 FF 0 FF 0 0
ID: 316, Data: 845 2B 6C A 2C 21 0 79
ID: 153, Data: 80 0 0 FF 0 FF 0 0
ID: 153, Data: 80 0 0 FF 0 FF 0 0
ID: 316, Data: 845 2B 70 A 2C 22 0 79
ID: 440, Data: 8AE E1 0 A0 FF AA AA AA
ID: 316, Data: 845 2B 6A A 2C 22 0 79
ID: 18F, Data: 8AA 33 0 0 0 0 0 0
ID: 153, Data: 80 0 0 FF 0 FF 0 0
ID: 153, Data: 80 0 0 FF 0 FF 0 0
ID: 440, Data: 8AE E1 0 A0 FF AA AA AA
ID: 316, Data: 845 2A 5C A 2C 22 0 79
ID: 440, Data: 8AE E1 0 A0 FF AA AA AA
ID: 153, Data: 80 0 0 FF 0 FF 0 0
ID: 2A0, Data: 8E0 0 53 1D 3C 0 17 0
ID: 316, Data: 845 2A 58 A 2C 22 0 79
ID: 2A0, Data: 820 0 53 1D 3C 0 17 0
ID: 153, Data: 80 0 0 FF 0 FF 0 0
ID: 153, Data: 80 0 0 FF 0 FF 0 0
ID: 316, Data: 845 2A 28 A 2C 21 0 79
ID: A0, Data: 83D 7C 2D A 0 25 2 0
ID: 316, Data: 845 2B 39 A 2C 21 0 79
ID: 440, Data: 8AD E1 0 A0 FF AA AA AA
ID: 316, Data: 845 2B 47 A 2C 21 0 79
ID: A1, Data: 87E 80 81 80 28 0 0 0
ID: 153, Data: 80 0 0 FF 0 FF 0 0
ID: 316, Data: 845 2B 51 A 2C 21 0 79
ID: 153, Data: 80 0 0 FF 0 FF 0 0
ID: 153, Data: 80 0 0 FF 0 FF 0 0
ID: 316, Data: 845 2B 4C A 2C 21 0 79
ID: 43F, Data: 81 45 60 FF 52 0 0 0
ID: 316, Data: 845 2B 41 A 2C 21 0 79
ID: 316, Data: 845 2B 42 A 2C 21 0 79
ID: 280, Data: 830 0 84 B0 14 1E 53 55
ID: 153, Data: 80 0 0 FF 0 FF 0 0
ID: 153, Data: 80 0 0 FF 0 FF 0 0
ID: 316, Data: 845 2B 2D A 2C 21 0 79
ID: 153, Data: 80 0 0 FF 0 FF 0 0
ID: 316, Data: 845 2B 23 A 2C 21 0 79
ID: 153, Data: 80 0 0 FF 0 FF 0 0
ID: 153, Data: 80 0 0 FF 0 FF 0 0
ID: 43F, Data: 81 45 60 FF 52 0 0 0
ID: 153, Data: 80 0 0 FF 0 FF 0 0
ID: 43F, Data: 81 45 60 FF 52 0 0 0
ID: 153, Data: 80 0 0 FF 0 FF 0 0
ID: 153, Data: 80 0 0 FF 0 FF 0 0
ID: 440, Data: 8AD 91 0 A0 FF AA AA AA
ID: 153, Data: 80 0 0 FF 0 FF 0 0
ID: 440, Data: 8AD 91 0 A0 FF AA AA AA
ID: 18F, Data: 8AA 36 0 0 0 0 0 0
ID: 316, Data: 845 2A 50 A 2C 22 0 79
ID: 153, Data: 80 0 0 FF 0 FF 0 0
ID: 370, Data: 8FF E0 F0 F0 FF FF FF FF
ID: 5F0, Data: 20 0
ID: 545, Data: 8C4 27 0 8D 97 0 97 0
ID: 545, Data: 8C4 26 0 8C 97 0 97 0
ID: 153, Data: 80 0 0 FF 0 FF 0 0
ID: 5F0, Data: 20 0
ID: A1, Data: 87C 80 7E 80 28 0 0 0
ID: 18F, Data: 8AA 37 0 0 0 0 0 0
ID: A1, Data: 87C 80 7E 80 28 0 0 0
ID: 329, Data: 840 B0 79 8 12 2C 0 26
ID: 545, Data: 8C4 25 0 8D 99 0 99 0
ID: 153, Data: 80 0 0 FF 0 FF 0 0
ID: 316, Data: 845 2A 24 A 2C 21 0 79
ID: 153, Data: 80 0 0 FF 0 FF 0 0
ID: 316, Data: 845 2A 1B A 2C 21 0 79
ID: 153, Data: 80 0 0 FF 0 FF 0 0
ID: 153, Data: 80 0 0 FF 0 FF 0 0
ID: 43F, Data: 81 45 60 FF 52 0 0 0
ID: 43F, Data: 81 45 60 FF 52 0 0 0
ID: 43F, Data: 81 45 60 FF 52 0 0 0
ID: 153, Data: 80 0 0 FF 0 FF 0 0
ID: 316, Data: 845 2A 21 A 2C 21 0 79
ID: 153, Data: 80 0 0 FF 0 FF 0 0
ID: 153, Data: 80 0 0 FF 0 FF 0 0
ID: 316, Data: 845 2A 18 A 2C 21 0 79
ID: 43F, Data: 81 45 60 FF 52 0 0 0
ID: 316, Data: 845 2B 2C A 2C 21 0 79
ID: 1F0, Data: 85 40 5 C0 0 0 0 0
ID: 329, Data: 885 B0 79 8 12 2C 0 26
ID: 43F, Data: 81 45 60 FF 52 0 0 0
ID: 545, Data: 8C4 26 0 8C A1 0 A1 0
ID: 545, Data: 8C4 26 0 8D A1 0 A1 0
ID: 153, Data: 80 0 0 FF 0 FF 0 0
ID: 316, Data: 845 2B 2D A 2C 21 0 79
ID: 43F, Data: 81 45 60 FF 52 0 0 0
ID: 153, Data: 80 0 0 FF 0 FF 0 0
ID: 440, Data: 8AD 41 0 A0 FF AA AA AA
ID: 153, Data: 80 0 0 FF 0 FF 0 0
ID: 316, Data: 845 2A 40 A 2C 21 0 79
ID: 43F, Data: 81 45 60 FF 52 0 0 0
ID: 2A0, Data: 840 0 53 1D 3C 0 17 0
ID: 18F, Data: 8AA 39 0 0 0 0 0 0
ID: 43F, Data: 81 45 60 FF 52 0 0 0
ID: 18F, Data: 8AA 39 0 0 0 0 0 0
ID: A0, Data: 83C 7C 47 A 0 25 2 0
ID: 329, Data: 885 B0 79 8 12 2C 0 26
ID: 316, Data: 845 2A 47 A 2C 21 0 79
ID: 153, Data: 80 0 0 FF 0 FF 0 0
ID: 316, Data: 845 2A 49 A 2C 22 0 79
ID: 153, Data: 80 0 0 FF 0 FF 0 0
ID: 316, Data: 845 2A 2E A 2C 21 0 79
ID: 153, Data: 80 0 0 FF 0 FF 0 0
ID: 153, Data: 80 0 0 FF 0 FF 0 0
ID: 316, Data: 845 2A 23 A 2C 21 0 79
ID: 43F, Data: 81 45 60 FF 52 0 0 0
ID: 440, Data: 8AD 31 0 A0 FF AA AA AA
ID: 370, Data: 8FF E0 F0 F0 FF FF FF FF
ID: A0, Data: 83D 7C 28 A 0 25 2 0
ID: 316, Data: 845 2A 29 A 2C 21 0 79
ID: 316, Data: 845 2A 23 A 2C 21 0 79
ID: 545, Data: 8C4 25 0 8C 9D 0 9D 0
ID: 153, Data: 80 0 0 FF 0 FF 0 0
ID: 43F, Data: 81 45 60 FF 52 0 0 0
ID: 43F, Data: 81 45 60 FF 52 0 0 0
ID: 153, Data: 80 0 0 FF 0 FF 0 0
ID: 316, Data: 845 2B 12 A 2C 21 0 79
ID: A0, Data: 83E 7C 1B A 0 25 2 0
ID: 153, Data: 80 0 0 FF 0 FF 0 0
ID: 316, Data: 845 2A 34 A 2C 21 0 79
ID: 43F, Data: 81 45 60 FF 52 0 0 0
ID: 316, Data: 845 2A 36 A 2C 21 0 79
ID: 316, Data: 845 2A 3D A 2C 21 0 79
ID: 153, Data: 80 0 0 FF 0 FF 0 0
ID: 153, Data: 80 0 0 FF 0 FF 0 0
ID: 2A0, Data: 8E0 0 53 1D 3C 0 17 0
ID: 316, Data: 845 2A 2E A 2C 21 0 79
ID: 18F, Data: 8AA 39 0 0 0 0 0 0
ID: 316, Data: 845 2A 31 A 2C 21 0 79
ID: 43F, Data: 81 45 60 FF 52 0 0 0
ID: 370, Data: 8FF E0 F0 F0 FF FF FF FF
ID: 43F, Data: 81 45 60 FF 52 0 0 0
ID: 153, Data: 80 0 0 FF 0 FF 0 0
ID: 316, Data: 845 2A 45 A 2C 21 0 79
ID: 43F, Data: 81 45 60 FF 53 0 0 0
ID: 153, Data: 80 0 0 FF 0 FF 0 0
ID: 316, Data: 845 2A 48 A 2C 22 0 79
ID: 43F, Data: 81 45 60 FF 52 0 0 0
ID: 316, Data: 845 2A 42 A 2C 21 0 79
ID: 370, Data: 8FF E0 F0 F0 FF FF FF FF
ID: 316, Data: 845 2A 42 A 2C 21 0 79
ID: 316, Data: 845 2A 35 A 2C 21 0 79
ID: 316, Data: 845 2A 30 A 2C 21 0 79
ID: A0, Data: 83D 7C 30 A 0 25 2 0
ID: 370, Data: 8FF E0 F0 F0 FF FF FF FF
ID: 43F, Data: 81 45 60 FF 53 0 0 0
ID: 545, Data: 8C4 25 0 8C 9E 0 9E 0
ID: 260, Data: 8A 2B 2D 30 FF FF 72 11
ID: A0, Data: 83E 7C 13 A 0 25 2 0
ID: 316, Data: 845 2A 28 A 2C 21 0 79
ID: 153, Data: 80 0 0 FF 0 FF 0 0
ID: 280, Data: 830 0 84 B0 14 1E 53 55
ID: 316, Data: 845 2B 14 A 2C 21 0 79
ID: A0, Data: 83D 7C 1C A 0 25 2 0
ID: 316, Data: 845 2B 25 A 2C 21 0 79
ID: 153, Data: 80 0 0 FF 0 FF 0 0
ID: 316, Data: 845 2B F A 2C 21 0 79
ID: 153, Data: 80 0 0 FF 0 FF 0 0
ID: 316, Data: 845 2B 1D A 2C 21 0 79
ID: 316, Data: 845 2B 26 A 2C 21 0 79
ID: 316, Data: 845 2B 28 A 2C 21 0 79
ID: 153, Data: 80 0 0 FF 0 FF 0 0
ID: 153, Data: 80 0 0 FF 0 FF 0 0
ID: 5A1, Data: 880 3 90 23 30 30 30 0
ID: 260, Data: 8A 2B 25 30 FF FF 72 A
ID: 153, Data: 80 0 0 FF 0 FF 0 0
ID: 316, Data: 845 29 4C A 25 19 0 79
ID: 153, Data: 80 0 0 FF 0 FF 0 0
ID: 316, Data: 845 28 4B A 25 19 0 79
ID: 316, Data: 845 27 28 A 25 19 0 79
ID: 545, Data: 8C4 23 0 8D F8 0 F8 0
ID: 316, Data: 85 27 6 A 26 19 0 79
ID: 153, Data: 80 0 0 FF 0 FF 0 0
ID: 316, Data: 85 26 66 A 25 19 0 79
ID: 153, Data: 80 0 0 FF 0 FF 0 0
ID: 153, Data: 80 0 0 FF 0 FF 0 0
ID: 153, Data: 80 0 0 FF 0 FF 0 0
ID: A1, Data: 880 7B 80 7C 25 0 0 0
ID: 329, Data: 8B B0 79 8 12 2B 0 26
ID: 545, Data: 8C4 22 0 8C C3 0 C3 0
ID: 18F, Data: 8AA 3A 0 0 0 0 0 0
ID: 153, Data: 80 0 0 FF 0 FF 0 0
ID: A1, Data: 880 7B 80 7C 24 0 0 0
ID: 329, Data: 885 B0 79 8 12 2B 0 26
ID: 43F, Data: 81 45 60 FF 53 0 0 0
ID: 316, Data: 85 24 3C A 25 19 0 79
ID: 153, Data: 80 0 0 FF 0 FF 0 0
ID: 153, Data: 80 0 0 FF 0 FF 0 0
ID: 1F0, Data: 85 40 5 C0 0 0 0 0
ID: 43F, Data: 81 45 60 FF 53 0 0 0
ID: 280, Data: 830 0 84 B0 14 1A 53 4D
ID: 2A0, Data: 880 0 53 1D 3C 0 17 0
ID: 316, Data: 85 24 35 A 25 19 0 79
ID: 316, Data: 85 24 32 A 25 19 0 79
ID: 316, Data: 85 24 2A A 25 19 0 79
ID: 18F, Data: 8AA 39 0 0 0 0 0 0
ID: 43F, Data: 81 45 60 FF 53 0 0 0
ID: 153, Data: 80 0 0 FF 0 FF 0 0
ID: A0, Data: 837 7C 29 A 0 24 2 0
ID: 153, Data: 80 0 0 FF 0 FF 0 0
ID: 316, Data: 85 24 2C A 25 19 0 79
ID: 43F, Data: 81 45 60 FF 53 0 0 0
ID: 43F, Data: 81 45 60 FF 53 0 0 0
ID: 316, Data: 85 24 1B A 25 19 0 79
ID: 329, Data: 8B B0 79 8 12 2B 0 26
ID: A0, Data: 836 7D 2C A 0 24 2 0
ID: 43F, Data: 81 45 60 FF 53 0 0 0
ID: 153, Data: 80 0 0 FF 0 FF 0 0
ID: 43F, Data: 81 45 60 FF 53 0 0 0
ID: 153, Data: 80 0 0 FF 0 FF 0 0
ID: A1, Data: 87D 7B 80 7C 24 0 0 0
ID: 153, Data: 80 0 0 FF 0 FF 0 0
ID: 545, Data: 8C4 21 0 8D C3 0 C3 0
ID: 153, Data: 80 0 0 FF 0 FF 0 0
ID: 280, Data: 830 0 84 B0 14 1A 53 4D
ID: 316, Data: 85 24 30 A 25 19 0 79
ID: 43F, Data: 81 45 60 FF 53 0 0 0
ID: 370, Data: 8FF E0 F0 F0 FF FF FF FF
ID: 43F, Data: 81 45 60 FF 53 0 0 0
ID: 18F, Data: 8AA 37 0 0 0 0 0 0
ID: A1, Data: 880 7B 80 7C 25 0 0 0
ID: 316, Data: 85 24 3A A 25 19 0 79
ID: 545, Data: 8C4 21 0 8D C3 0 C3 0
ID: 370, Data: 8FF E0 F0 F0 FF FF FF FF
ID: 316, Data: 85 24 31 A 25 19 0 79
ID: 280, Data: 830 0 84 B0 14 1A 53 4D
ID: A0, Data: 836 7C 3D A 0 24 2 0
ID: 43F, Data: 81 45 60 FF 53 0 0 0
ID: 153, Data: 80 0 0 FF 0 FF 0 0
ID: 316, Data: 85 24 40 A 25 19 0 79
ID: 153, Data: 80 0 0 FF 0 FF 0 0
ID: 316, Data: 85 24 39 A 25 19 0 79
ID: 153, Data: 80 0 0 FF 0 FF 0 0
ID: 153, Data: 80 0 0 FF 0 FF 0 0
ID: 43F, Data: 81 45 60 FF 53 0 0 0
ID: A1, Data: 880 7B 80 7C 24 0 0 0
ID: 43F, Data: 81 45 60 FF 53 0 0 0
ID: 153, Data: 80 0 0 FF 0 FF 0 0
ID: 316, Data: 85 24 18 A 25 19 0 79
ID: A0, Data: 835 7D 1D A 0 24 2 0
ID: 153, Data: 80 0 0 FF 0 FF 0 0
ID: 440, Data: 8A6 41 0 A0 FF AA AA AA
ID: 2A0, Data: 840 0 53 1D 3C 0 17 0
ID: 316, Data: 85 24 C A 25 19 0 79
ID: 316, Data: 85 24 14 A 25 19 0 79
ID: 153, Data: 80 0 0 FF 0 FF 0 0
ID: 329, Data: 8ED B0 79 8 12 2B 0 26
ID: 153, Data: 80 0 0 FF 0 FF 0 0
ID: 545, Data: 8C4 20 0 8C C1 0 C1 0
ID: 316, Data: 85 24 14 A 25 19 0 79
ID: 2A0, Data: 8E0 0 53 1D 3C 0 17 0
ID: 43F, Data: 81 45 60 FF 53 0 0 0
ID: 153, Data: 80 0 0 FF 0 FF 0 0
ID: 370, Data: 8FF E0 F0 F0 FF FF FF FF
ID: 153, Data: 80 0 0 FF 0 FF 0 0
ID: 316, Data: 85 25 2E A 25 19 0 79
ID: 43F, Data: 81 45 60 FF 53 0 0 0
ID: 1F1, Data: 80 16 0 0 0 0 0 0
ID: 316, Data: 85 24 45 A 25 19 0 79
ID: 153, Data: 80 0 0 FF 0 FF 0 0
ID: 316, Data: 85 24 3A A 25 19 0 79
ID: 316, Data: 85 24 40 A 25 19 0 79
ID: 153, Data: 80 0 0 FF 0 FF 0 0
ID: 329, Data: 8ED B0 79 8 12 2B 0 26
ID: 153, Data: 80 0 0 FF 0 FF 0 0
ID: 260, Data: 8A 24 25 30 FF FF 71 3F
ID: 316, Data: 85 24 24 A 25 19 0 79
ID: 153, Data: 80 0 0 FF 0 FF 0 0
ID: 316, Data: 85 24 21 A 25 19 0 79
ID: 153, Data: 80 0 0 FF 0 FF 0 0
ID: 316, Data: 85 24 35 A 25 19 0 79
ID: 43F, Data: 81 45 60 FF 53 0 0 0
ID: 43F, Data: 81 45 60 FF 53 0 0 0
ID: 43F, Data: 81 45 60 FF 53 0 0 0
ID: 43F, Data: 81 45 60 FF 53 0 0 0
ID: 43F, Data: 81 45 60 FF 53 0 0 0
ID: 316, Data: 85 24 36 A 25 19 0 79
ID: 5F0, Data: 20 0
ID: 329, Data: 885 B0 79 8 12 2B 0 26
ID: 316, Data: 85 24 38 A 25 19 0 79
ID: A1, Data: 882 7B 80 7C 24 0 0 0
ID: 153, Data: 80 0 0 FF 0 FF 0 0
ID: 316, Data: 85 24 1C A 25 19 0 79
ID: 43F, Data: 81 45 60 FF 53 0 0 0
ID: 316, Data: 85 24 21 A 25 19 0 79
ID: 43F, Data: 81 45 60 FF 53 0 0 0
ID: 316, Data: 85 24 1D A 25 19 0 79
ID: 370, Data: 8FF E0 F0 F0 FF FF FF FF
ID: 316, Data: 85 24 18 A 25 19 0 79
ID: 316, Data: 85 24 21 A 25 19 0 79
ID: 316, Data: 85 24 20 A 25 19 0 79
ID: 316, Data: 85 24 17 A 25 19 0 79
ID: A0, Data: 836 7D 20 A 0 24 2 0
ID: 153, Data: 80 0 0 FF 0 FF 0 0
ID: 43F, Data: 81 45 60 FF 53 0 0 0
ID: 2A0, Data: 840 0 53 1D 3C 0 17 0
ID: 1F1, Data: 80 16 0 0 0 0 0 0
ID: 153, Data: 80 0 0 FF 0 FF 0 0
ID: 329, Data: 8ED B0 79 8 12 2B 0 26
ID: 316, Data: 85 24 14 A 25 19 0 79
ID: 2A0, Data: 8E0 0 53 1D 3C 0 17 0
ID: 43F, Data: 81 45 60 FF 53 0 0 0
ID: 153, Data: 80 0 0 FF 0 FF 0 0
ID: 43F, Data: 81 45 60 FF 53 0 0 0
ID: 153, Data: 80 0 0 FF 0 FF 0 0
ID: 5F0, Data: 20 0
ID: A0, Data: 836 7D 1C A 0 24 2 0
ID: 260, Data: 8A 24 25 30 FF FF 71 2
ID: 545, Data: 8C4 21 0 8C C1 0 C1 0
ID: 153, Data: 80 0 0 FF 0 FF 0 0
ID: 316, Data: 85 24 20 A 25 19 0 79
ID: 153, Data: 80 0 0 FF 0 FF 0 0
ID: 153, Data: 80 0 0 FF 0 FF 0 0
ID: 153, Data: 80 0 0 FF 0 FF 0 0
ID: 18F, Data: 8AA 34 0 0 0 0 0 0
ID: 316, Data: 85 24 47 A 25 19 0 79
ID: 153, Data: 80 0 0 FF 0 FF 0 0
ID: 316, Data: 85 24 45 A 25 19 0 79
ID: 316, Data: 85 24 48 A 25 19 0 79
ID: 316, Data: 85 24 13 A 25 19 0 79
ID: 2A0, Data: 820 0 53 1D 3C 0 17 0
ID: 153, Data: 80 0 0 FF 0 FF 0 0
ID: 5F0, Data: 20 0
ID: A0, Data: 838 7D 26 A 0 24 2 0
ID: 260, Data: 8A 25 25 30 FF FF 72 3D
ID: 260, Data: 8A 25 25 30 FF FF 72 0
ID: 316, Data: 85 24 29 A 25 19 0 79
ID: 316, Data: 85 24 36 A 25 19 0 79
ID: 2A0, Data: 880 0 53 1D 3C 0 17 0
ID: 43F, Data: 81 45 60 FF 53 0 0 0
ID: 43F, Data: 81 45 60 FF 53 0 0 0
ID: 43F, Data: 81 45 60 FF 53 0 0 0
ID: 43F, Data: 81 45 60 FF 53 0 0 0
ID: 153, Data: 80 0 0 FF 0 FF 0 0
ID: 316, Data: 85 24 28 A 25 19 0 79
ID: 153, Data: 80 0 0 FF 0 FF 0 0
ID: 316, Data: 85 24 3E A 25 19 0 79
ID: 153, Data: 80 0 0 FF 0 FF 0 0
ID: 153, Data: 80 0 0 FF 0 FF 0 0
ID: 1F0, Data: 85 40 5 C0 0 0 0 0
ID: 43F, Data: 81 45 60 FF 53 0 0 0
ID: 545, Data: 8C4 20 0 8C BE 0 BE 0
ID: 260, Data: 8A 24 25 30 FF FF 71 20
ID: 43F, Data: 81 45 60 FF 53 0 0 0
ID: 316, Data: 85 24 15 A 25 19 0 79
ID: 153, Data: 80 0 0 FF 0 FF 0 0
ID: 280, Data: 830 0 84 B0 14 1A 53 4D
ID: 1F1, Data: 80 16 0 0 0 0 0 0
ID: A0, Data: 836 7D 12 A 0 24 2 0
ID: 316, Data: 85 24 3 A 25 19 0 79
ID: 316, Data: 85 24 B A 25 19 0 79
ID: 316, Data: 85 24 1F A 25 19 0 79
ID: 316, Data: 85 24 1C A 25 19 0 79
ID: A0, Data: 836 7D 1F A 0 24 2 0
ID: 153, Data: 80 0 0 FF 0 FF 0 0
ID: 2A0, Data: 880 0 53 1D 3C 0 17 0
ID: 2A0, Data: 820 0 53 1D 3C 0 17 0
ID: 370, Data: 8FF E0 F0 F0 FF FF FF FF
ID: 316, Data: 85 24 24 A 25 19 0 79
ID: 545, Data: 8C4 21 0 8C C5 0 C5 0
ID: A1, Data: 880 7B 7E 7C 25 0 0 0
ID: 153, Data: 80 0 0 FF 0 FF 0 0
ID: 153, Data: 80 0 0 FF 0 FF 0 0
ID: A1, Data: 880 7B 7E 7C 25 0 0 0
ID: 2A0, Data: 840 0 54 1D 3C 0 17 0
ID: 153, Data: 80 0 0 FF 0 FF 0 0
ID: 43F, Data: 81 45 60 FF 53 0 0 0
ID: 2A0, Data: 820 0 54 1D 3C 0 17 0
ID: A0, Data: 836 7D 26 A 0 24 2 0
ID: 43F, Data: 81 45 60 FF 53 0 0 0
ID: 43F, Data: 81 45 60 FF 53 0 0 0
ID: 153, Data: 80 0 0 FF 0 FF 0 0
ID: 316, Data: 85 24 2C A 25 19 0 79
ID: A0, Data: 836 7D 36 A 0 24 2 0
ID: 153, Data: 80 0 0 FF 0 FF 0 0
ID: 153, Data: 80 0 0 FF 0 FF 0 0
ID: 260, Data: 8A 24 25 30 FF FF 71 20
ID: 316, Data: 85 24 1B A 25 19 0 79
ID: 43F, Data: 81 45 60 FF 53 0 0 0
ID: 43F, Data: 81 45 60 FF 53 0 0 0
ID: 43F, Data: 81 45 60 FF 53 0 0 0
ID: 153, Data: 80 0 0 FF 0 FF 0 0
ID: 316, Data: 85 24 25 A 25 19 0 79
ID: 153, Data: 80 0 0 FF 0 FF 0 0
ID: 316, Data: 85 24 29 A 25 19 0 79
ID: 316, Data: 85 24 2E A 25 19 0 79
ID: 153, Data: 80 0 0 FF 0 FF 0 0
ID: 316, Data: 85 24 2A A 25 19 0 79
ID: 153, Data: 80 0 0 FF 0 FF 0 0
ID: 316, Data: 85 24 30 A 25 19 0 79
ID: 43F, Data: 81 45 60 FF 53 0 0 0
ID: 440, Data: 8A6 41 0 A0 FF AA AA AA
ID: 43F, Data: 81 45 60 FF 53 0 0 0
ID: 153, Data: 80 0 0 FF 0 FF 0 0
ID: 316, Data: 85 24 12 A 25 19 0 79
ID: 43F, Data: 81 45 60 FF 53 0 0 0
ID: 370, Data: 8FF E0 F0 F0 FF FF FF FF
ID: 1F1, Data: 80 16 0 0 0 0 0 0
ID: 2A0, Data: 840 0 54 1D 3C 0 17 0
ID: 43F, Data: 81 45 60 FF 53 0 0 0
ID: 370, Data: 8FF E0 F0 F0 FF FF FF FF
ID: 329, Data: 885 B0 79 8 12 2B 0 26
ID: 316, Data: 85 24 4F A 24 19 0 79
ID: 316, Data: 85 24 40 A 25 19 0 79
ID: 2A0, Data: 820 0 54 1D 3C 0 17 0
ID: 153, Data: 80 0 0 FF 0 FF 0 0
ID: 43F, Data: 81 45 60 FF 53 0 0 0
ID: 153, Data: 80 0 0 FF 0 FF 0 0
ID: 153, Data: 80 0 0 FF 0 FF 0 0
ID: 440, Data: 8A6 41 0 A0 FF AA AA AA
ID: 316, Data: 85 24 31 A 25 19 0 79
ID: 316, Data: 85 24 40 A 25 19 0 79
ID: 316, Data: 85 24 3E A 25 19 0 79
ID: 153, Data: 80 0 0 FF 0 FF 0 0
ID: 316, Data: 85 24 3C A 25 19 0 79
ID: 43F, Data: 81 45 60 FF 53 0 0 0
ID: 316, Data: 85 24 48 A 25 19 0 79
ID: 316, Data: 85 24 3D A 25 19 0 79
ID: 440, Data: 8A6 41 0 A0 FF AA AA AA
ID: 1F1, Data: 80 16 0 0 0 0 0 0
ID: 316, Data: 85 24 3D A 25 19 0 79
ID: 316, Data: 85 24 36 A 25 19 0 79
ID: 316, Data: 85 24 38 A 25 19 0 79
ID: 153, Data: 80 0 0 FF 0 FF 0 0
ID: 545, Data: 8C4 20 0 8C BE 0 BE 0
ID: 43F, Data: 81 45 60 FF 53 0 0 0
ID: 370, Data: 8FF E0 F0 F0 FF FF FF FF
ID: 2A0, Data: 840 0 54 1D 3C 0 17 0
ID: 153, Data: 80 0 0 FF 0 FF 0 0
ID: 316, Data: 85 24 2C A 25 19 0 79
ID: 153, Data: 80 0 0 FF 0 FF 0 0
ID: 316, Data: 85 24 42 A 25 19 0 79
ID: 43F, Data: 81 45 60 FF 53 0 0 0
ID: 43F, Data: 81 45 60 FF 53 0 0 0
ID: 316, Data: 85 24 41 A 25 19 0 79
ID: 329, Data: 885 B0 79 8 12 2B 0 26
ID: A0, Data: 835 7D 48 A 0 24 2 0
ID: 153, Data: 80 0 0 FF 0 FF 0 0
ID: 43F, Data: 81 45 60 FF 53 0 0 0
ID: A1, Data: 880 7B 82 7C 24 0 0 0
ID: 43F, Data: 81 45 60 FF 53 0 0 0
ID: 5F0, Data: 20 0
ID: 153, Data: 80 0 0 FF 0 FF 0 0
ID: 153, Data: 80 0 0 FF 0 FF 0 0
ID: 260, Data: 8A 24 25 30 FF FF 71 20
ID: 316, Data: 85 24 20 A 25 19 0 79
ID: 153, Data: 80 0 0 FF 0 FF 0 0
ID: 316, Data: 85 24 1D A 25 19 0 79
ID: 153, Data: 80 0 0 FF 0 FF 0 0
ID: 153, Data: 80 0 0 FF 0 FF 0 0
ID: 153, Data: 80 0 0 FF 0 FF 0 0
ID: 18F, Data: 8AA 32 0 0 0 0 0 0
ID: 316, Data: 85 24 35 A 25 19 0 79
ID: 1F1, Data: 80 16 0 0 0 0 0 0
ID: 316, Data: 85 24 2D A 25 19 0 79
ID: 316, Data: 85 24 25 A 25 19 0 79
ID: 153, Data: 80 0 0 FF 0 FF 0 0
ID: 316, Data: 85 24 14 A 25 19 0 79
ID: 153, Data: 80 0 0 FF 0 FF 0 0
ID: 440, Data: 8A6 41 0 A0 FF AA AA AA
ID: 316, Data: 85 24 2A A 25 19 0 79
ID: 43F, Data: 81 45 60 FF 53 0 0 0
ID: 1F0, Data: 85 40 5 C0 0 0 0 0
ID: 440, Data: 8A6 41 0 A0 FF AA AA AA
ID: 153, Data: 80 0 0 FF 0 FF 0 0
ID: 316, Data: 85 24 3E A 25 19 0 79
ID: 43F, Data: 81 45 60 FF 53 0 0 0
ID: 43F, Data: 81 45 60 FF 53 0 0 0
ID: 153, Data: 80 0 0 FF 0 FF 0 0
ID: 316, Data: 85 24 25 A 25 19 0 79
ID: 153, Data: 80 0 0 FF 0 FF 0 0
ID: 316, Data: 85 24 23 A 25 19 0 79
ID: 316, Data: 85 25 40 A 25 19 0 79
ID: 153, Data: 80 0 0 FF 0 FF 0 0
ID: 316, Data: 85 24 3E A 25 19 0 79
ID: 153, Data: 80 0 0 FF 0 FF 0 0
ID: 316, Data: 85 24 40 A 25 19 0 79
ID: 43F, Data: 81 45 60 FF 53 A0 0 0
ID: 370, Data: 8FF E0 F0 F0 FF FF FF FF
ID: 440, Data: 8AC 31 0 A0 FF AA AA AA
ID: 153, Data: 80 0 0 FF 0 FF 0 0
ID: 1F0, Data: 85 40 5 C0 0 0 0 0
ID: 316, Data: 85 24 4D A 24 19 0 79
ID: 153, Data: 80 0 0 FF 0 FF 0 0
ID: 316, Data: 85 24 4C A 24 19 0 79
ID: 43F, Data: 81 45 60 FF 53 F0 0 0
ID: 440, Data: 8AE 31 0 A0 FF AA AA AA
ID: 440, Data: 8AF 31 0 A0 FF AA AA AA
ID: 153, Data: 80 0 0 FF 0 FF 0 0
ID: 280, Data: 830 0 84 B0 14 1B 54 4E
ID: 1F0, Data: 85 40 5 C0 0 0 0 0
ID: 1F1, Data: 80 27 7 60 0 7 50 0
ID: 2A0, Data: 820 0 54 1D 3C 0 17 0
ID: 329, Data: 8B B0 79 8 11 2B 0 26
ID: A1, Data: 880 7B 80 7C 25 0 0 0
ID: 153, Data: 80 0 0 FF 0 FF 0 0
ID: 316, Data: 85 24 7A A 24 19 0 79
ID: 370, Data: 8FF E0 F0 F0 FF FF FF FF
ID: 316, Data: 85 24 5F A 24 19 1 79
ID: 280, Data: 830 0 84 B0 14 1A 54 4D
ID: A1, Data: 880 7B 80 7C 25 0 0 0
ID: 43F, Data: 81 45 60 FF 53 6C 3 0
ID: 316, Data: 85 24 3D A 24 19 1 79
ID: 316, Data: 85 24 49 A 24 19 1 79
ID: 260, Data: 8A 25 24 30 FF FF 6F 32
ID: 43F, Data: 81 45 60 FF 53 6C 3 0
ID: 316, Data: 85 24 42 A 24 19 1 79
ID: 316, Data: 85 24 45 A 24 19 1 79
ID: 260, Data: 8A 25 25 30 FF FF 6F 4
ID: 153, Data: 80 0 0 FF 0 FF 0 0
ID: 153, Data: 80 0 0 FF 0 FF 0 0
ID: 316, Data: 85 24 4C A 24 19 1 79
ID: 43F, Data: 81 45 60 FF 53 38 3 0
ID: 440, Data: 8C2 41 1 A0 FF AA AA AA
ID: 316, Data: 85 24 49 A 24 19 1 79
ID: 2A0, Data: 880 0 54 1D 3C 0 17 0
ID: 1F1, Data: 80 27 C C0 0 D D0 0
ID: 153, Data: 80 0 0 FF 0 FF 0 0
ID: 5A1, Data: 880 3 90 23 30 30 30 0
ID: A1, Data: 882 7B 82 7C 24 0 0 0
ID: 153, Data: 80 0 0 FF 0 FF 0 0
ID: 316, Data: 85 24 6D A 24 19 1 79
ID: 43F, Data: 81 45 60 FF 53 7C 3 0
ID: 43F, Data: 81 45 60 FF 53 A0 3 0
ID: 370, Data: 8FF E0 F0 F0 FF FF FF FF
ID: 1F0, Data: 85 40 5 C0 0 0 0 0
ID: 316, Data: 85 24 5F A 24 19 1 79
ID: 153, Data: 80 0 0 FF 0 FF 0 0
ID: 316, Data: 85 24 62 A 24 19 1 79
ID: 43F, Data: 81 45 60 FF 53 78 4 0
ID: 440, Data: 8D1 41 2 A0 FF AA AA AA
ID: 316, Data: 85 24 57 A 24 19 2 79
ID: 18F, Data: 8AA 31 0 0 0 0 0 0
ID: 5F0, Data: 20 0
ID: 260, Data: 8A 24 24 30 FF FF 6E 16
ID: 2A0, Data: 880 0 54 1D 3C 0 17 0
ID: 153, Data: 80 0 0 FF 0 FF 0 0
ID: 153, Data: 80 0 0 FF 0 FF 0 0
ID: 316, Data: 85 24 6A A 24 19 2 79
ID: A1, Data: 882 7B 82 7C 24 0 0 0
ID: 316, Data: 85 23 70 A 24 19 2 79
ID: 153, Data: 80 0 0 FF 0 FF 0 0
ID: 316, Data: 85 2A 75 A 2A 19 2 79
ID: 440, Data: 8E9 E1 2 A0 FF AA AA AA
ID: 153, Data: 80 0 0 FF 0 FF 0 0
ID: A1, Data: 880 78 82 7B 24 0 0 0
ID: 329, Data: 840 B0 79 8 11 2E 9 26
ID: 370, Data: 8FF E0 F0 F0 FF FF FF FF
ID: 153, Data: 80 0 0 FF 0 FF 0 0
ID: 316, Data: 85 2E 92 B 47 19 3 79
ID: 316, Data: 85 30 AC B 47 19 3 79
ID: 316, Data: 85 32 FF B 46 19 3 79
ID: 260, Data: 8A 33 46 30 FF FF A7 33
ID: 153, Data: 80 0 0 FF 0 FF 0 0
ID: 153, Data: 80 0 0 FF 0 FF 0 0
ID: 316, Data: 85 37 88 D 42 18 3 79
ID: 153, Data: 80 0 0 FF 0 FF 0 0
ID: 316, Data: 85 38 58 E 41 17 4 79
ID: 153, Data: 80 0 0 FF 0 FF 0 0
ID: 153, Data: 80 0 0 FF 0 FF 0 0
ID: 153, Data: 80 0 0 FF 0 FF 0 0
ID: 280, Data: 830 0 88 B0 20 23 54 5E
ID: 316, Data: 85 39 8A 10 45 16 4 79
ID: 153, Data: 80 0 0 FF 0 FF 0 0
ID: 316, Data: 85 3A 32 11 47 16 5 79
ID: 153, Data: 80 0 0 FF 0 FF 0 0
ID: 153, Data: 80 0 0 FF 0 FF 0 0
ID: 316, Data: 85 3B 8 12 45 15 5 79
ID: 153, Data: 80 0 0 FF 0 FF 0 0
ID: 316, Data: 85 3C A3 12 47 15 5 79
ID: 43F, Data: 81 45 60 FF 52 4C D 0
ID: 316, Data: 85 3B 28 13 4B 15 6 79
ID: 316, Data: 85 3A 83 13 4F 15 6 79
ID: 153, Data: 80 0 0 FF 0 FF 0 0
ID: 316, Data: 85 3E 14 14 52 14 6 79
ID: 153, Data: 80 0 0 FF 0 FF 0 0
ID: 153, Data: 80 0 0 FF 0 FF 0 0
ID: 316, Data: 85 45 4C 15 55 13 7 79
ID: 43F, Data: 81 45 60 FF 52 CC 10 0
ID: 440, Data: 8FE 91 8 A0 FF AA AA AA
ID: 316, Data: 85 4C DB 16 55 12 8 79
ID: 153, Data: 80 0 0 FF 0 FF 0 0
ID: 316, Data: 85 50 63 18 54 12 8 79
ID: 153, Data: 80 0 0 FF 0 FF 0 0
ID: 316, Data: 85 51 9B 19 53 12 9 79
ID: 153, Data: 80 0 0 FF 0 FF 0 0
ID: 316, Data: 85 50 D8 1A 52 12 9 79
ID: 316, Data: 85 4F 3F 1B 51 12 A 79
ID: 545, Data: 8C4 BA 0 8D 38 4 38 4
ID: 316, Data: 85 4E C 1C 50 12 A 79
ID: 153, Data: 80 0 0 FF 0 FF 0 0
ID: 316, Data: 85 4F 9C 1C 50 12 B 79
ID: 316, Data: 85 4F DC 1C 50 12 B 79
ID: 153, Data: 80 0 0 FF 0 FF 0 0
ID: A1, Data: 885 7C 86 7E 3D 0 0 0
ID: 316, Data: 85 4E FC 1D 4F 12 C 79
ID: 545, Data: 8C4 C9 0 8D 2C 4 2C 4
ID: 153, Data: 80 0 0 FF 0 FF 0 0
ID: 153, Data: 80 0 0 FF 0 FF 0 0
ID: 153, Data: 80 0 0 FF 0 FF 0 0
ID: 18F, Data: 8AA 31 0 0 0 0 0 0
ID: 316, Data: 85 4C AE 20 4C 13 E 79
ID: 1F1, Data: 80 8D 7A 80 7 7C D0 7
ID: 545, Data: 8C4 CF 0 8D E9 3 E9 3
ID: 153, Data: 80 0 0 FF 0 FF 0 0
ID: 43F, Data: 8A 45 60 FF 52 90 1F 0
ID: 153, Data: 80 0 0 FF 0 FF 0 0
ID: 153, Data: 80 0 0 FF 0 FF 0 0
ID: 316, Data: 85 4B 36 23 4A 14 10 79
ID: 18F, Data: 8AA 31 0 0 0 0 0 0
ID: 153, Data: 80 0 0 FF 0 FF 0 0
ID: 1F0, Data: 83 40 5 C0 0 0 0 0
ID: A1, Data: 886 7C 85 7E 37 0 0 0
ID: 329, Data: 8B B0 79 8 11 42 24 26
ID: 545, Data: 8C4 D2 0 8D 3A 2 C3 3
ID: 43F, Data: 8A 45 60 36 52 98 20 0
ID: 43F, Data: 8A 45 60 37 52 18 20 0
ID: 370, Data: 8FF E0 F0 F0 FF FF FF FF
ID: 260, Data: 8A 4F 4C 30 FF FF 7A 21
ID: 5F0, Data: 20 0
ID: 43F, Data: 8A 45 60 38 52 18 1D 0
ID: 2A0, Data: 81 12 54 1D 3C 0 17 0
ID: 153, Data: 80 0 0 FF 0 FF 0 0
ID: 316, Data: 85 39 2A 1E 4E 13 12 79
ID: 153, Data: 80 0 0 FF 0 FF 0 0
ID: 316, Data: 85 3A F1 1C 50 13 13 79
ID: 370, Data: 8FF E0 F0 F0 FF FF FF FF
ID: 260, Data: 8A 57 51 30 FF FF B0 37
ID: 316, Data: 85 57 35 1C 51 12 13 79
ID: 43F, Data: 8A 45 60 FF 51 8 17 0
ID: 316, Data: 85 56 7D 1C 50 13 14 79
ID: 316, Data: 85 56 92 1C 50 13 14 79
ID: 153, Data: 80 0 0 FF 0 FF 0 0
ID: 316, Data: 85 55 DC 1C 50 13 15 79
ID: 153, Data: 80 0 0 FF 0 FF 0 0
ID: 1F0, Data: 84 40 5 C0 0 0 0 0
ID: 316, Data: 85 54 FC 1C 50 13 15 79
ID: 153, Data: 80 0 0 FF 0 FF 0 0
ID: 260, Data: 8A 54 50 30 FF FF BF 1E
ID: 316, Data: 85 53 53 1D 50 13 16 79
ID: 43F, Data: 82 45 60 FF 51 C0 19 0
ID: 43F, Data: 82 45 60 FF 51 E0 19 0
ID: 18F, Data: 8AA 30 0 0 0 0 0 0
ID: 316, Data: 85 51 CE 1D 4D 13 17 79
ID: 43F, Data: 82 45 60 FF 51 88 1A 0
ID: 316, Data: 85 51 36 1E 49 13 17 79
ID: 545, Data: 8C4 C0 0 8D 47 4 47 4
ID: 153, Data: 80 0 0 FF 0 FF 0 0
ID: 316, Data: 85 4C AC 1E 45 13 18 79
ID: 153, Data: 80 0 0 FF 0 FF 0 0
ID: 316, Data: 85 49 AC 1E 45 13 18 79
ID: 316, Data: 85 48 C4 1E 45 13 18 79
ID: A1, Data: 883 7C 80 7E 38 0 0 0
ID: 43F, Data: 8B 45 60 FF 51 30 1C 0
ID: 43F, Data: 8B 45 60 FF 52 64 1C 0
ID: 329, Data: 8ED B0 79 8 11 3D 1A 26
ID: 153, Data: 80 0 0 FF 0 FF 0 0
ID: 316, Data: 85 43 72 1F 3E 13 19 79
ID: 316, Data: 85 42 7E 1F 3E 13 19 79
ID: 2A0, Data: 861 18 54 1D 3C 0 17 0
ID: 153, Data: 80 0 0 FF 0 FF 0 0
ID: 316, Data: 85 40 A5 1F 3E 14 1A 79
ID: 153, Data: 80 0 0 FF 0 FF 0 0
ID: 2A0, Data: 81 18 54 1D 3C 0 17 0
ID: 316, Data: 85 40 D8 1F 3E 14 1A 79
ID: 280, Data: 830 0 88 B0 40 27 54 6D
ID: 43F, Data: 8B 45 60 FF 51 C8 1D 0
ID: 329, Data: 840 B0 79 8 11 3D 1A 26
ID: 153, Data: 80 0 0 FF 0 FF 0 0
ID: 316, Data: 85 35 1A 20 3E 14 1B 79
ID: 153, Data: 80 0 0 FF 0 FF 0 0
ID: 545, Data: 8C4 99 0 8D 38 2 FB 2
ID: 316, Data: 85 34 1E 1E 40 14 1B 79
ID: 280, Data: 830 0 88 B0 3A 28 54 6E
ID: 43F, Data: 8B 45 60 33 51 4 18 0
ID: 43F, Data: 8B 45 60 34 51 EC 16 0
ID: 18F, Data: 8AA 30 0 0 0 0 0 0
ID: 153, Data: 80 0 0 FF 0 FF 0 0
ID: 43F, Data: 8B 45 60 3D 51 50 15 0
ID: 545, Data: 8C4 8A 0 8D 6 3 80 3
ID: 43F, Data: 8B 45 60 45 50 E4 14 0
ID: 43F, Data: 8B 45 60 FF 50 E4 14 0
ID: 43F, Data: 8B 45 60 FF 51 C0 14 0
ID: 1F1, Data: 80 E4 E0 10 E EA A0 E
ID: 1F0, Data: 88 40 5 C0 0 0 0 0
ID: 153, Data: 80 0 0 FF 0 FF 0 0
ID: 316, Data: 85 49 93 19 45 13 1D 79
ID: A0, Data: 851 7C 71 19 1D 33 2 0
ID: 316, Data: 85 49 B4 19 45 13 1D 79
ID: 316, Data: 85 48 BD 19 45 13 1D 79
ID: 153, Data: 80 0 0 FF 0 FF 0 0
ID: 316, Data: 85 48 C5 19 45 13 1D 79
ID: 153, Data: 80 0 0 FF 0 FF 0 0
ID: 153, Data: 80 0 0 FF 0 FF 0 0
ID: 316, Data: 85 48 CE 19 40 13 1D 79
ID: 153, Data: 80 0 0 FF 0 FF 0 0
ID: 545, Data: 8C4 8D 0 8D 9D 3 9D 3
ID: 316, Data: 85 44 F0 19 E 13 1E 79
ID: 280, Data: 830 0 88 B0 33 29 54 6D
ID: 153, Data: 80 0 0 FF 0 FF 0 0
ID: 153, Data: 80 0 0 FF 0 FF 0 0
ID: 316, Data: 85 35 0 19 11 16 1E 79
ID: 153, Data: 80 0 0 FF 0 FF 0 0
ID: 316, Data: 85 2B DD 17 13 17 1E 79
ID: 153, Data: 80 0 0 FF 0 FF 0 0
ID: 1F1, Data: 80 6B F3 40 F F7 C0 F
ID: 316, Data: 85 22 EF 16 15 18 1F 79
ID: 316, Data: 85 20 CE 16 15 18 1F 79
ID: 5F0, Data: 20 0
ID: 316, Data: 85 1C 72 16 16 18 1F 79
ID: 43F, Data: 83 45 60 FF 50 C 16 0
ID: A0, Data: 81C 7C 85 16 1F 25 2 0
ID: 153, Data: 80 0 0 FF 0 FF 0 0
ID: 316, Data: 85 17 93 15 17 19 1F 79
ID: 153, Data: 80 0 0 FF 0 FF 0 0
ID: 316, Data: 85 15 AE 14 18 19 1F 79
ID: 316, Data: 85 18 19 14 20 19 1F 79
ID: 18F, Data: 8AA 30 0 0 0 0 0 0
ID: 316, Data: 85 1E C8 13 23 19 1F 79
ID: 153, Data: 80 0 0 FF 0 FF 0 0
ID: 316, Data: 85 1F 63 14 24 19 1F 79
ID: 316, Data: 85 1F C4 14 24 19 1F 79
ID: 545, Data: 8C4 2E 0 8D 82 0 82 0
ID: 43F, Data: 83 45 60 FF 50 80 15 0
ID: 43F, Data: 83 45 60 FF 50 7C 15 0
ID: 153, Data: 80 0 0 FF 0 FF 0 0
ID: 153, Data: 80 0 0 FF 0 FF 0 0
ID: A1, Data: 87D 78 7D 7B 1B 0 0 0
ID: 329, Data: 885 AF 79 8 11 32 6 26
ID: 545, Data: 8C4 39 0 8D C2 0 C2 0
ID: 43F, Data: 843 45 60 FF 50 2C 15 0
ID: 43F, Data: 843 45 60 FF 50 30 15 0
ID: 280, Data: 830 0 88 AF 2C 18 54 41
ID: 5F0, Data: 20 0
ID: 316, Data: 85 2A 2C 16 37 17 1E 79
ID: 43F, Data: 843 45 60 FF 50 4 15 0
ID: 153, Data: 80 0 0 FF 0 FF 0 0
ID: 5F0, Data: 20 0
ID: 153, Data: 80 0 0 FF 0 FF 0 0
ID: 153, Data: 80 0 0 FF 0 FF 0 0
ID: 260, Data: 8A 30 38 30 FF FF C3 A
ID: 316, Data: 85 31 E8 16 39 17 1E 79
ID: A1, Data: 880 78 80 7B 27 0 0 0
ID: 153, Data: 80 0 0 FF 0 FF 0 0
ID: 316, Data: 85 38 1F 17 4B 16 1E 79
ID: 440, Data: 8FE 13 1D A0 FF AA AA AA
ID: 280, Data: 830 0 88 AF 2F 27 54 66
ID: 316, Data: 85 44 C7 17 52 14 1E 79
ID: 260, Data: 8A 49 52 30 FF FF C8 2D
ID: 316, Data: 85 4C 5C 18 52 13 1E 79
ID: 280, Data: 830 0 88 AF 31 30 54 7B
ID: 153, Data: 80 0 0 FF 0 FF 0 0
ID: 43F, Data: 843 45 60 FF 51 28 15 0
ID: 316, Data: 85 52 71 19 52 13 1E 79
ID: 18F, Data: 8AA 30 0 0 0 0 0 0
ID: 316, Data: 85 52 A 1A 54 13 1E 79
ID: 43F, Data: 843 45 60 FF 50 54 15 0
ID: 316, Data: 85 54 62 1A 54 13 1E 79
ID: 153, Data: 80 0 0 FF 0 FF 0 0
ID: 153, Data: 80 0 0 FF 0 FF 0 0
ID: 316, Data: 85 56 AA 1A 57 13 1F 79
ID: A0, Data: 85F 7B AA 1A 1F 36 2 0
ID: 5F0, Data: 20 0
ID: 316, Data: 85 58 2D 1A 58 13 1F 79
ID: 316, Data: 85 58 E8 19 58 13 1F 79
ID: 440, Data: 8FE 63 1E A0 FF AA AA AA
ID: 153, Data: 80 0 0 FF 0 FF 0 0
ID: 43F, Data: 843 45 60 FF 51 14 16 0
ID: 18F, Data: 8AA 30 0 0 0 0 0 0
ID: 316, Data: 85 61 8 19 69 12 1F 79
ID: 153, Data: 80 0 0 FF 0 FF 0 0
ID: 153, Data: 80 0 0 FF 0 FF 0 0
ID: 316, Data: 85 69 B4 19 6C 11 20 79
ID: 153, Data: 80 0 0 FF 0 FF 0 0
ID: 316, Data: 85 6C D6 19 6B 11 20 79
ID: 153, Data: 80 0 0 FF 0 FF 0 0
ID: 153, Data: 80 0 0 FF 0 FF 0 0
ID: 316, Data: 85 6D A 1A 6C 11 20 79
ID: 43F, Data: 843 45 60 FF 51 2C 17 0
ID: 43F, Data: 843 45 60 FF 51 3C 17 0
ID: 153, Data: 80 0 0 FF 0 FF 0 0
ID: 5F0, Data: 20 0
ID: 316, Data: 85 6D 36 1A 6C 11 21 79
ID: 316, Data: 85 6C 3F 1A 6E 11 21 79
ID: 280, Data: 830 0 88 AF 34 43 54 93
ID: 153, Data: 80 0 0 FF 0 FF 0 0
ID: 316, Data: 85 6C 3F 1A 71 11 22 79
ID: 316, Data: 85 6D 50 1A 74 11 22 79
ID: 18F, Data: 8AA 30 0 0 0 0 0 0
ID: 316, Data: 85 73 C6 1A 76 11 22 79
ID: 5F0, Data: 20 0
ID: 316, Data: 85 79 6F 1B 77 11 23 79
ID: 153, Data: 80 0 0 FF 0 FF 0 0
ID: 43F, Data: 843 45 60 FF 51 10 19 0
ID: 2A0, Data: 861 1D 54 1D 3C 0 17 0
ID: 316, Data: 85 79 DA 1B 78 11 23 79
ID: 316, Data: 85 79 C7 1B 78 11 23 79
ID: 153, Data: 80 0 0 FF 0 FF 0 0
ID: 43F, Data: 843 45 60 FF 51 8C 19 0
ID: 153, Data: 80 0 0 FF 0 FF 0 0
ID: 329, Data: 8ED AF 79 8 11 49 3A 26
ID: 316, Data: 85 79 F8 1B 7A 11 24 79
ID: 43F, Data: 843 45 60 FF 51 44 1A 0
ID: 316, Data: 85 79 49 1C 7D 11 25 79
ID: A1, Data: 87E 7C 7F 7E 47 0 0 0
ID: 153, Data: 80 0 0 FF 0 FF 0 0
ID: 316, Data: 85 7A BC 1C 7F 11 25 79
ID: 153, Data: 80 0 0 FF 0 FF 0 0
ID: 316, Data: 85 7C 27 1D 80 11 26 79
ID: 316, Data: 85 7E 48 1D 80 11 26 79
ID: A1, Data: 87F 7C 80 7E 49 0 0 0
ID: 43F, Data: 843 45 60 FF 52 A0 1B 0
ID: 43F, Data: 843 45 60 FF 51 B8 1B 0
ID: 545, Data: 8C4 2F 1 8D BF 7 BF 7
ID: 316, Data: 85 81 CE 1D 83 11 27 79
ID: 316, Data: 85 82 E5 1D 85 11 27 79
ID: 43F, Data: 843 45 60 FF 51 70 1C 0
ID: 43F, Data: 843 45 60 FF 51 7C 1C 0
ID: 18F, Data: 8AA 2F 0 0 0 0 0 0
ID: 316, Data: 85 86 7C 1E 86 10 28 79
ID: 153, Data: 80 0 0 FF 0 FF 0 0
ID: 316, Data: 85 86 DD 1E 86 10 28 79
ID: 316, Data: 85 86 1 1F 86 10 29 79
ID: A0, Data: 896 7B E 1F 29 44 2 0
ID: 43F, Data: 843 45 60 FF 51 AC 1D 0
ID: 153, Data: 80 0 0 FF 0 FF 0 0
ID: 280, Data: 830 0 88 AF 3F 53 54 A1
ID: 316, Data: 85 87 8B 1F 87 10 2A 79
ID: A1, Data: 87F 7C 7F 7E 4C 0 0 0
ID: 316, Data: 85 87 D8 1F 87 10 2A 79
ID: 440, Data: 8FE C3 2A A0 FF AA AA AA
ID: 18F, Data: 8AA 2F 0 0 0 0 0 0
ID: 316, Data: 85 88 6A 20 87 10 2B 79
ID: 5F0, Data: 20 0
ID: 2A0, Data: 8C1 2C 54 1D 3C 0 17 0
ID: 329, Data: 8ED AF 79 8 11 50 45 26
ID: 43F, Data: 843 45 60 FF 51 98 1F 0
ID: 5F0, Data: 20 0
ID: 18F, Data: 8AA 2F 0 0 0 0 0 0
ID: 370, Data: 8FF E6 F0 F0 FF FF FF FF
ID: 316, Data: 85 87 47 21 86 11 2C 79
ID: 440, Data: 8FE 63 2C A0 FF AA AA AA
ID: 280, Data: 830 0 88 AE 43 52 54 A0
ID: 43F, Data: 843 45 60 FF 51 C4 20 0
ID: 370, Data: 8FF E6 F0 F0 FF FF FF FF
ID: 153, Data: 80 0 0 FF 0 FF 0 0
ID: 18F, Data: 8AA 2F 0 0 0 0 0 0
ID: 316, Data: 85 86 9A 22 86 11 2E 79
ID: 316, Data: 85 86 A9 22 86 11 2E 79
ID: A0, Data: 897 7B 7B 22 2E 46 2 0
ID: 153, Data: 80 0 0 FF 0 FF 0 0
ID: 316, Data: 85 86 16 23 86 11 2F 79
ID: 153, Data: 80 0 0 FF 0 FF 0 0
ID: 545, Data: 8C4 7A 1 8D 8 8 8 8
ID: 316, Data: 85 85 B6 23 85 11 2F 79
ID: 153, Data: 80 0 0 FF 0 FF 0 0
ID: A1, Data: 882 7C 80 7E 4B 0 0 0
ID: 280, Data: 830 0 88 AE 48 51 54 A0
ID: 2A0, Data: 861 32 54 1D 3C 0 17 0
ID: 1F1, Data: 80 9A 82 21 18 8E C1 18
ID: 153, Data: 80 0 0 FF 0 FF 0 0
ID: 43F, Data: 843 45 60 FF 51 B0 23 0
ID: 18F, Data: 8AA 2E 0 0 0 0 0 0
ID: 43F, Data: 843 45 60 FF 50 F4 23 0
ID: 153, Data: 80 0 0 FF 0 FF 0 0
ID: 153, Data: 80 0 0 FF 0 FF 0 0
ID: 316, Data: 85 7C 9 25 78 12 32 79
ID: 5F0, Data: 20 0
ID: 316, Data: 85 7A 3E 25 79 12 32 79
ID: 153, Data: 80 0 0 FF 0 FF 0 0
ID: 2A0, Data: 861 34 54 1D 3C 0 17 0
ID: 316, Data: 85 78 98 25 78 12 33 79
ID: A0, Data: 886 7B BC 25 33 44 2 0
ID: 316, Data: 85 77 F3 25 75 12 33 79
ID: 316, Data: 85 76 18 26 71 12 33 79
ID: A1, Data: 882 7C 82 7E 45 0 0 0
ID: 43F, Data: 84C 45 60 FF 50 A0 25 0
ID: 153, Data: 80 0 0 FF 0 FF 0 0
ID: 1F1, Data: 80 46 9E C1 19 A9 A1 1A
ID: 545, Data: 8C4 26 1 8D D3 5 D3 5
ID: 316, Data: 85 63 5 26 56 13 34 79
ID: 316, Data: 85 62 5 26 4B 13 34 79
ID: 260, Data: 8A 5F 45 30 FF FF B6 27
ID: 316, Data: 85 55 AA 25 43 14 35 79
ID: 316, Data: 85 47 A1 24 44 14 35 79
ID: 440, Data: 8FE C3 35 A0 FF AA AA AA
ID: 316, Data: 85 3A 9D 21 46 14 35 79
ID: 153, Data: 80 0 0 FF 0 FF 0 0
ID: 43F, Data: 84C 45 60 4B 50 68 1D 0
ID: 316, Data: 85 4B 1E 1E 4A 13 35 79
ID: 260, Data: 8A 50 4B 30 FF FF A0 18
ID: 316, Data: 85 4F 7F 1D 4B 13 35 79
ID: 280, Data: 830 0 88 AE 3A 31 54 79
ID: 43F, Data: 84C 45 60 FF 51 18 1D 0
ID: 370, Data: 8FF E5 F0 F0 FF FF FF FF
ID: 153, Data: 80 0 0 FF 0 FF 0 0
ID: 329, Data: 8B AE 79 8 11 3F E 26
ID: 316, Data: 85 4F 53 1D E 13 36 79
ID: 329, Data: 840 AE 79 8 11 35 0 26
ID: 43F, Data: 844 45 60 FF 51 18 1D 0
ID: 153, Data: 80 0 0 FF 0 FF 0 0
ID: 370, Data: 8FF E5 F0 F0 FF FF FF FF
ID: 316, Data: 85 29 95 1D 12 18 36 79
ID: 153, Data: 80 0 0 FF 0 FF 0 0
ID: 316, Data: 85 1E F1 1C 13 19 36 79
ID: 316, Data: 85 1B 32 1D 13 19 36 79
ID: 18F, Data: 8AA 2E 0 0 0 0 0 0
ID: 316, Data: 85 14 E6 1C 14 19 36 79
ID: 153, Data: 80 0 0 FF 0 FF 0 0
ID: 316, Data: 85 14 21 1C 14 19 36 79
ID: 1F1, Data: 80 9B A8 81 1A B1 21 1B
ID: 545, Data: 8C4 3B 0 8A BF FF BF FF
ID: 43F, Data: 844 45 60 FF 51 8 1D 0
ID: 545, Data: 8C4 3B 0 8D D3 FF D3 FF
ID: 316, Data: 85 17 EA 1A 15 19 35 79
ID: 316, Data: 85 18 AA 1A 15 19 35 79
ID: 43F, Data: 844 45 60 FF 51 BC 1C 0
ID: 316, Data: 85 18 24 1A 15 19 35 79
ID: A1, Data: 878 78 78 77 1B 0 0 0
ID: 153, Data: 80 0 0 FF 0 FF 0 0
ID: 316, Data: 85 18 CE 19 15 19 35 79
ID: 153, Data: 80 0 0 FF 0 FF 0 0
ID: 316, Data: 85 18 93 19 15 19 35 79
ID: 5F0, Data: 20 0
ID: A1, Data: 877 78 77 77 1A 0 0 0
ID: 18F, Data: 8AA 2E 0 0 0 0 0 0
ID: A0, Data: 828 7B 61 19 35 29 2 0
ID: 329, Data: 8ED AE 79 8 11 31 0 26
ID: A1, Data: 87A 78 7A 77 1A 0 0 0
ID: 43F, Data: 844 45 60 FF 51 34 1C 0
ID: 153, Data: 80 0 0 FF 0 FF 0 0
ID: 329, Data: 840 AE 79 8 11 31 0 26
ID: 316, Data: 8D 19 DD 17 17 19 34 79
ID: A0, Data: 828 7B C0 17 34 29 4 0
ID: 316, Data: 8D 15 C7 17 17 19 34 79
ID: 316, Data: 8D 15 AB 17 17 19 34 79
ID: A0, Data: 827 7B A4 17 34 28 4 0
ID: 43F, Data: 844 45 60 FF 51 B4 1B 0
ID: 316, Data: 8D 10 DD 17 20 22 33 79
ID: 440, Data: 8FE 94 33 A0 FF AA AA AA
ID: 316, Data: 8D 11 C0 18 1F 22 33 79
ID: 43F, Data: 844 45 60 FF 50 7C 1B 0
ID: 316, Data: 8D D 24 1A 1E 22 33 79
ID: 153, Data: 80 0 0 FF 0 FF 0 0
ID: 5F0, Data: 20 0
ID: 1F1, Data: 80 2 8E 31 19 99 61 19
ID: 316, Data: 8D 9 6F 1B 1D 22 33 79
ID: 316, Data: 8D 9 10 1B 1E 22 32 79
ID: 545, Data: 8C4 C 0 8A ED FD ED FD
ID: 43F, Data: 844 45 60 FF 51 38 1B 0
ID: 316, Data: 84D 4 FD 1A 1D 22 32 79
ID: 545, Data: 8C4 C 0 8D F5 FD F5 FD
ID: 316, Data: 84D 0 62 1A 1E 22 32 79
ID: 316, Data: 84D 0 36 1A 1E 22 32 79
ID: A1, Data: 880 78 80 77 1E 0 0 0
ID: 316, Data: 84D 0 1 1A 1D 22 32 79
ID: 1F1, Data: 80 68 86 21 18 8F E1 18
ID: 153, Data: 80 0 0 FF 0 FF 0 0
ID: 316, Data: 84D 0 1C 1A 1D 22 31 79
ID: 5F0, Data: 20 0
ID: 316, Data: 84D 0 2D 1A 1D 22 31 79
ID: 440, Data: 8FE 94 31 A0 FF AA AA AA
ID: 153, Data: 80 0 0 FF 0 FF 0 0
ID: 316, Data: 84D 0 1C 1A 1D 22 31 79
ID: 316, Data: 84D 0 F9 19 1D 22 31 79
ID: A0, Data: 82D 7B 1 1A 31 2B 4 0
ID: 43F, Data: 844 45 60 FF 50 20 1A 0
ID: 43F, Data: 844 45 60 FF 50 10 1A 0
ID: 2A0, Data: 8E0 13 54 1D 3C 0 17 0
ID: 5F0, Data: 20 0
ID: 316, Data: 84D 0 28 19 1E 22 30 79
ID: 316, Data: 84D 0 20 19 1E 22 30 79
ID: 440, Data: 8FE 94 2F A0 FF AA AA AA
ID: 153, Data: 80 0 0 FF 0 FF 0 0
ID: 43F, Data: 844 45 60 FF 51 B0 19 0
ID: 18F, Data: 8AA 33 0 0 0 0 0 0
ID: 43F, Data: 844 45 60 FF 51 80 19 0
ID: 153, Data: 80 0 0 FF 0 FF 0 0
ID: 316, Data: 84D 0 F0 18 1E 22 2F 79
ID: 316, Data: 84D 0 E8 18 1E 22 2F 79
ID: 260, Data: 80 0 1E 30 FF FF 4E 0
ID: 440, Data: 8FE E4 2F A0 FF AA AA AA
ID: 316, Data: 84D 0 A1 18 1E 22 2F 79
ID: 153, Data: 80 0 0 FF 0 FF 0 0
ID: 316, Data: 84D 0 82 18 1E 22 2E 79
ID: 316, Data: 84D 0 6B 18 1E 22 2E 79
ID: 545, Data: 8C4 0 0 8A A2 FD A2 FD
ID: 43F, Data: 844 45 60 FF 51 A8 18 0
ID: 316, Data: 84D 0 18 18 1E 22 2E 79
ID: 316, Data: 84D 0 2 18 1E 22 2D 79
ID: 316, Data: 84D 0 DD 17 1E 22 2D 79
ID: 2A0, Data: 8E0 E 54 1D 3C 0 17 0
ID: 316, Data: 84D 0 80 17 1F 22 2D 79
ID: 316, Data: 84D 0 5D 17 1F 21 2D 79
ID: A0, Data: 82E 7B A4 17 2D 2A 4 0
ID: 316, Data: 84D 0 11 17 1F 21 2C 79
ID: 316, Data: 84D 0 E8 16 1F 21 2C 79
ID: 370, Data: 8FF E1 F0 F0 FF FF FF FF
ID: 316, Data: 84D 0 92 16 1F 22 2B 79
ID: 153, Data: 80 0 0 FF 0 FF 0 0
ID: 43F, Data: 844 45 60 FF 51 94 16 0
ID: 316, Data: 84D 0 0 16 20 21 2A 79
ID: 545, Data: 8C4 0 0 8A A7 FD A7 FD
ID: 440, Data: 8FE E4 29 A0 FF AA AA AA
ID: 153, Data: 80 0 0 FF 0 FF 0 0
ID: 43F, Data: 844 45 60 FF 51 D0 15 0
ID: 2A0, Data: 8E0 C 54 1D 3C 0 17 0
ID: 153, Data: 80 0 0 FF 0 FF 0 0
ID: 316, Data: 84D 0 D5 14 21 22 28 79
ID: 153, Data: 80 0 0 FF 0 FF 0 0
ID: 280, Data: 830 0 20 AE 29 19 54 43
ID: 316, Data: 84D 0 6D 14 21 21 27 79
ID: 43F, Data: 844 45 60 FF 51 A8 14 0
ID: 43F, Data: 844 45 60 FF 51 80 14 0
ID: 2A0, Data: 820 A 54 1D 3C 0 17 0
ID: 153, Data: 80 0 0 FF 0 FF 0 0
ID: 316, Data: 84D 0 9B 13 23 21 26 79
ID: 153, Data: 80 0 0 FF 0 FF 0 0
ID: 2A0, Data: 840 A 54 1D 3C 0 17 0
ID: 316, Data: 84D 0 2 13 23 21 25 79
ID: 153, Data: 80 0 0 FF 0 FF 0 0
ID: 153, Data: 80 0 0 FF 0 FF 0 0
ID: 2A0, Data: 840 9 54 1D 3C 0 17 0
ID: 316, Data: 84D 0 4C 12 24 21 24 79
ID: A0, Data: 835 7B 73 12 25 29 4 0
ID: 316, Data: 84D 0 EF 11 24 21 23 79
ID: 316, Data: 84D 0 BB 11 24 21 23 79
ID: 153, Data: 80 0 0 FF 0 FF 0 0
ID: 43F, Data: 84B 45 60 FF 51 C 12 0
ID: 153, Data: 80 0 0 FF 0 FF 0 0
ID: 316, Data: 84D 0 14 11 25 21 22 79
ID: 316, Data: 84D 0 E0 10 25 21 21 79
ID: 260, Data: 80 0 25 38 FF FF 4E 2E
ID: 440, Data: 8FE 44 20 A0 FF AA AA AA
ID: 316, Data: 845 E D 10 26 22 20 79
ID: 153, Data: 80 0 0 FF 0 FF 0 0
ID: 316, Data: 845 16 18 F 27 22 20 79
ID: 153, Data: 80 0 0 FF 0 FF 0 0
ID: 545, Data: 8C4 27 0 87 AB FF AB FF
ID: 316, Data: 845 25 B0 D 29 22 1F 79
ID: A1, Data: 880 78 80 77 26 0 0 0
ID: 43F, Data: 84B 45 60 FF 51 B4 12 0
ID: 43F, Data: 84B 45 60 FF 51 34 13 0
ID: 2A0, Data: 880 7 54 1D 3C 0 17 0
ID: 316, Data: 845 2C 56 E 28 22 1D 79
ID: 1F1, Data: 80 24 E5 20 E E8 50 E
ID: 43F, Data: 84B 45 60 FF 51 40 13 0
ID: 153, Data: 80 0 0 FF 0 FF 0 0
ID: 1F0, Data: 8F2 3F 5 C0 0 0 0 0
ID: 316, Data: 845 27 18 11 23 21 1C 79
ID: 153, Data: 80 0 0 FF 0 FF 0 0
ID: 316, Data: 845 25 83 11 23 21 1B 79
ID: 18F, Data: 8AA 39 0 0 0 0 0 0
ID: 316, Data: 845 24 54 11 23 22 1B 79
ID: 43F, Data: 8B 45 60 FF 51 3C 13 0
ID: 260, Data: 8A 25 24 30 FF FF 4F 34
ID: 316, Data: 845 25 91 10 24 22 1A 79
ID: 316, Data: 845 26 6F 10 24 22 1A 79
ID: 153, Data: 80 0 0 FF 0 FF 0 0
ID: 2A0, Data: 820 6 54 1D 3C 0 17 0
ID: 316, Data: 845 27 2B 10 25 22 19 79
ID: 545, Data: 8C4 3C 0 88 5A 0 5A 0
ID: 316, Data: 845 28 2B 10 2E 22 19 79
ID: 316, Data: 845 29 13 10 23 22 19 79
ID: 5F0, Data: 20 0
ID: 280, Data: 830 0 84 AE 1E 1E 54 4D
ID: 316, Data: 845 2B 29 F 30 22 18 79
ID: 370, Data: 8FF E1 F0 F0 FF FF FF FF
ID: 153, Data: 80 0 0 FF 0 FF 0 0
ID: 43F, Data: 83 45 60 FF 51 74 11 0
ID: 153, Data: 80 0 0 FF 0 FF 0 0
ID: 316, Data: 845 2C 6E F 2E 22 17 79
ID: 153, Data: 80 0 0 FF 0 FF 0 0
ID: 153, Data: 80 0 0 FF 0 FF 0 0
ID: 316, Data: 845 2D B5 F 2D 22 17 79
ID: 440, Data: 8FE B3 18 A0 FF AA AA AA
ID: 316, Data: 845 2E E5 F 2C 21 17 79
ID: 153, Data: 80 0 0 FF 0 FF 0 0
ID: 1F0, Data: 8AC 3F 5 C0 0 0 0 0
ID: 316, Data: 845 2E 50 10 21 21 16 79
ID: 153, Data: 80 0 0 FF 0 FF 0 0
ID: A1, Data: 888 78 8A 77 26 0 0 0
ID: 280, Data: 830 0 84 AF 1F 1F 54 51
ID: 545, Data: 8C4 3E 0 8D C0 0 C0 0
ID: 43F, Data: 83 45 60 FF 51 BC 10 0
ID: 153, Data: 80 0 0 FF 0 FF 0 0
ID: 280, Data: 830 0 84 AF 20 1E 54 4E
ID: 316, Data: 845 2B 7C 10 21 22 15 79
ID: 370, Data: 8FF E1 F0 F0 FF FF FF FF
ID: 5F0, Data: 20 0
ID: 153, Data: 80 0 0 FF 0 FF 0 0
ID: 316, Data: 845 2B 74 F 2E 22 15 79
ID: A1, Data: 889 78 89 77 25 0 0 0
ID: 316, Data: 845 2B DC F 22 22 15 79
ID: 316, Data: 845 2B 93 F 22 22 15 79
ID: A0, Data: 838 7B E2 F 16 28 2 0
ID: 316, Data: 845 2B 15 F 23 22 15 79
ID: 1F1, Data: 80 14 C1 80 A C0 A0 A
ID: 2A0, Data: 820 4 54 1D 3C 0 17 0
ID: 153, Data: 80 0 0 FF 0 FF 0 0
ID: 43F, Data: 83 45 60 FF 51 10 10 0
ID: 43F, Data: 83 45 60 FF 51 0 10 0
ID: 43F, Data: 83 45 60 FF 52 F8 F 0
ID: 316, Data: 845 27 F9 F 24 22 15 79
ID: 545, Data: 8C4 36 0 8D 4E 0 4E 0
ID: 153, Data: 80 0 0 FF 0 FF 0 0
ID: 316, Data: 845 2C E2 F 2C 19 14 79
ID: 43F, Data: 83 45 60 FF 52 FC F 0
ID: 316, Data: 845 2C A0 10 34 18 14 79
ID: 18F, Data: 8AA 39 0 0 0 0 0 0
ID: 153, Data: 80 0 0 FF 0 FF 0 0
ID: 316, Data: 845 30 1 11 43 18 14 79
ID: 153, Data: 80 0 0 FF 0 FF 0 0
ID: 316, Data: 845 34 1B 11 47 18 14 79
ID: 5F0, Data: 20 0
ID: 18F, Data: 8AA 39 0 0 0 0 0 0
ID: 2A0, Data: 81 5 54 1D 3C 0 17 0
ID: 153, Data: 80 0 0 FF 0 FF 0 0
ID: 316, Data: 85 39 84 12 47 15 14 79
ID: 153, Data: 80 0 0 FF 0 FF 0 0
ID: 18F, Data: 8AA 39 0 0 0 0 0 0
ID: 329, Data: 885 AF 79 8 11 38 1A 26
ID: 370, Data: 8FF E1 F0 F0 FF FF FF FF
ID: 153, Data: 80 0 0 FF 0 FF 0 0
ID: 316, Data: 85 46 58 14 5A 14 14 79
ID: 316, Data: 85 4B C4 14 59 14 14 79
ID: 2A0, Data: 861 7 54 1D 3C 0 17 0
ID: 43F, Data: 83 45 60 FF 52 8 10 0
ID: 43F, Data: 83 45 60 FF 52 20 10 0
ID: 440, Data: 8F6 B3 16 A0 FF AA AA AA
ID: 260, Data: 8A 59 5D 30 FF FF B7 5
ID: 316, Data: 85 5B 99 18 5C 12 15 79
ID: 2A0, Data: 861 A 54 1D 3C 0 17 0
ID: 43F, Data: 83 45 60 FF 52 A0 10 0
ID: 316, Data: 85 5E E8 19 5C 12 15 79
ID: 2A0, Data: 861 B 54 1D 3C 0 17 0
ID: 316, Data: 85 5F 86 1A 5D 12 16 79
ID: 316, Data: 85 5F B3 1A 5E 12 16 79
ID: A1, Data: 885 7C 85 7E 41 0 0 0
ID: 316, Data: 85 5F 19 1B 5D 12 16 79
ID: 370, Data: 8FF E1 F0 F0 FF FF FF FF
ID: 153, Data: 80 0 0 FF 0 FF 0 0
ID: 316, Data: 85 60 52 1B 5D 12 17 79
ID: 316, Data: 85 60 78 1B 5D 12 17 79
ID: 545, Data: 8C4 D0 0 8D 59 5 59 5
ID: 43F, Data: 83 45 60 FF 51 50 12 0
ID: 43F, Data: 83 45 60 FF 52 84 12 0
ID: 545, Data: 8C4 CE 0 8C 4E 5 4E 5
ID: 153, Data: 80 0 0 FF 0 FF 0 0
ID: 316, Data: 85 5E C7 1B 5C 12 19 79
ID: 153, Data: 80 0 0 FF 0 FF 0 0
ID: 5F0, Data: 20 0
ID: 1F0, Data: 8E1 3F 5 C0 0 0 0 0
ID: 316, Data: 85 5E E4 1B 5C 12 19 79
ID: 153, Data: 80 0 0 FF 0 FF 0 0
ID: 316, Data: 85 5E DA 1B 5C 12 1A 79
ID: 316, Data: 85 5E C7 1B 5C 12 1A 79
ID: A0, Data: 869 7B DA 1B 1A 39 2 0
ID: 43F, Data: 83 45 60 FF 51 58 14 0
ID: 316, Data: 85 5E 82 1B 5C 12 1B 79
ID: 260, Data: 8A 5F 5D 30 FF FF B3 3
ID: 316, Data: 85 5E 48 1B 5C 12 1C 79
ID: 316, Data: 85 5E 2C 1B 5C 12 1C 79
ID: 43F, Data: 83 45 60 FF 51 34 15 0
ID: 43F, Data: 83 45 60 FF 52 58 15 0
ID: 2A0, Data: 861 14 54 1D 3C 0 17 0
ID: 5F0, Data: 20 0
ID: 316, Data: 85 51 62 1A D 13 1D 79
ID: 316, Data: 85 4F A 1A D 13 1D 79
ID: 545, Data: 8C4 97 0 8D 76 3 76 3
ID: 43F, Data: 83 45 60 FF 51 BC 15 0
ID: 153, Data: 80 0 0 FF 0 FF 0 0
ID: 153, Data: 80 0 0 FF 0 FF 0 0
ID: 43F, Data: 83 45 60 FF 51 14 16 0
ID: 153, Data: 80 0 0 FF 0 FF 0 0
ID: 316, Data: 85 26 4F 17 14 18 1E 79
ID: 153, Data: 80 0 0 FF 0 FF 0 0
ID: 1F0, Data: 8E 40 5 C0 0 0 0 0
ID: 316, Data: 85 1F 3 17 15 18 1F 79
ID: 153, Data: 80 0 0 FF 0 FF 0 0
ID: 316, Data: 85 1B B3 16 15 19 1F 79
ID: 153, Data: 80 0 0 FF 0 FF 0 0
ID: 545, Data: 8C4 31 0 8D FD FF FD FF
ID: 316, Data: 85 17 19 16 16 19 1F 79
ID: 5F0, Data: 20 0
ID: 316, Data: 85 17 93 15 17 19 1F 79
ID: 43F, Data: 843 45 60 FF 51 48 16 0
ID: A0, Data: 820 7C 46 15 1F 26 2 0
ID: 316, Data: 85 17 35 15 17 19 1F 79
ID: 153, Data: 80 0 0 FF 0 FF 0 0
ID: 153, Data: 80 0 0 FF 0 FF 0 0
ID: 2A0, Data: 820 E 54 1D 3C 0 17 0
ID: 316, Data: 85 18 A3 14 18 19 1F 79
ID: 2A0, Data: 8E0 E 54 1D 3C 0 17 0
ID: 153, Data: 80 0 0 FF 0 FF 0 0
ID: 316, Data: 85 19 24 14 18 19 1E 79
ID: 153, Data: 80 0 0 FF 0 FF 0 0
ID: 329, Data: 885 AF 79 8 12 2E 0 26
ID: 316, Data: 85 19 52 13 19 19 1D 79
ID: 545, Data: 8C4 2D 0 8D F 0 F 0
ID: 43F, Data: 843 45 60 FF 51 78 14 0
ID: 153, Data: 80 0 0 FF 0 FF 0 0
ID: 43F, Data: 843 45 60 FF 51 18 14 0
ID: 316, Data: 85 1B 5D 12 1A 19 1C 79
ID: 2A0, Data: 880 C 54 1D 3C 0 17 0
ID: 316, Data: 85 1B 1D 12 1A 19 1C 79
ID: 316, Data: 85 1B F8 11 1B 19 1B 79
ID: 1F1, Data: 80 37 CF 0 D D5 60 D
ID: 316, Data: 85 1C 8B 11 1B 19 1B 79
ID: 153, Data: 80 0 0 FF 0 FF 0 0
ID: 153, Data: 80 0 0 FF 0 FF 0 0
ID: 545, Data: 8C4 2F 0 8D 33 0 33 0
ID: 316, Data: 85 1D D5 10 1B 19 1A 79
ID: 545, Data: 8C4 2E 0 8D 35 0 35 0
ID: 43F, Data: 843 45 60 FF 51 90 11 0
ID: 43F, Data: 843 45 60 FF 51 54 11 0
ID: 260, Data: 8A 1D 1B 30 FF FF 7B 38
ID: 316, Data: 85 1D 4D 11 1A 19 18 79
ID: 2A0, Data: 840 A 54 1D 3C 0 17 0
ID: 43F, Data: 843 45 60 FF 51 D4 10 0
ID: 370, Data: 8FF E0 F0 F0 FF FF FF FF
ID: A1, Data: 891 78 82 77 1C 0 0 0
ID: 153, Data: 80 0 0 FF 0 FF 0 0
ID: 316, Data: 85 1C 6F 10 1A 1A 16 79
ID: 153, Data: 80 0 0 FF 0 FF 0 0
ID: 2A0, Data: 8E0 9 54 1D 3C 0 17 0
ID: 316, Data: 85 1D AF F 1B 1A 15 79
ID: 329, Data: 8B AF 79 8 12 2D 0 26
ID: 1F1, Data: 80 8C 9D C0 9 A2 10 A
ID: 153, Data: 80 0 0 FF 0 FF 0 0
ID: 316, Data: 85 1D E1 E 1C 1A 14 79
ID: 153, Data: 80 0 0 FF 0 FF 0 0
ID: 153, Data: 80 0 0 FF 0 FF 0 0
ID: 316, Data: 85 1D 86 E 1D 1A 13 79
ID: 153, Data: 80 0 0 FF 0 FF 0 0
ID: 316, Data: 85 1E 2F E 1D 1A 12 79
ID: 43F, Data: 83 45 60 FF 51 CC C 0
ID: 316, Data: 85 1E C3 D 1E 1B 12 79
ID: 260, Data: 8A 1F 1E 30 FF FF 74 1C
ID: 153, Data: 80 0 0 FF 0 FF 0 0
ID: 316, Data: 85 1F 53 D 1F 1B 11 79
ID: 5F0, Data: 20 0
ID: 153, Data: 80 0 0 FF 0 FF 0 0
ID: 316, Data: 85 20 FC C 1F 1B 10 79
ID: 316, Data: 85 20 CB C 20 1B 10 79
ID: 2A0, Data: 8E0 7 54 1D 3C 0 17 0
ID: 43F, Data: 83 45 60 FF 52 58 B 0
ID: 43F, Data: 83 45 60 FF 52 44 B 0
ID: 43F, Data: 83 45 60 FF 52 28 B 0
ID: 316, Data: 85 22 96 C 20 1B F 79
ID: 2A0, Data: 820 7 54 1D 3C 0 17 0
ID: 153, Data: 80 0 0 FF 0 FF 0 0
ID: 316, Data: 85 22 56 C 20 1A F 79
ID: 43F, Data: 83 45 60 FF 52 D0 A 0
ID: 370, Data: 8FF E0 F0 F0 FF FF FF FF
ID: 316, Data: 85 22 2C C 20 1A E 79
ID: 153, Data: 80 0 0 FF 0 FF 0 0
ID: 316, Data: 85 22 F9 B 2B 1A E 79
ID: A1, Data: 888 78 7B 77 21 0 0 0
ID: 316, Data: 85 24 F2 B 2C 1A E 79
ID: 5F0, Data: 20 0
ID: 153, Data: 80 0 0 FF 0 FF 0 0
ID: 316, Data: 85 26 DA B 2C 1A E 79
ID: 5F0, Data: 20 0
ID: 316, Data: 85 28 EE B 2D 1A D 79
ID: 316, Data: 85 29 C C 2C 1A D 79
ID: 316, Data: 85 29 6 C 2C 1A D 79
ID: 153, Data: 80 0 0 FF 0 FF 0 0
ID: 316, Data: 85 2A 3F C 2C 1A D 79
ID: 153, Data: 80 0 0 FF 0 FF 0 0
ID: 316, Data: 85 2E 84 C 39 1A D 79
ID: 316, Data: 85 31 8C C 46 1A D 79
ID: 153, Data: 80 0 0 FF 0 FF 0 0
ID: 545, Data: 8C4 31 0 8D CD 1 CD 1
ID: 1F0, Data: 894 3F 5 C0 0 0 0 0
ID: 280, Data: 830 0 88 AF 1B 22 54 56
ID: 316, Data: 85 38 1D E 42 18 D 79
ID: 153, Data: 80 0 0 FF 0 FF 0 0
ID: 316, Data: 85 3A E1 E 40 18 D 79
ID: 370, Data: 8FF E0 F0 F0 FF FF FF FF
ID: 316, Data: 85 3B 6B F 45 17 D 79
ID: A1, Data: 882 7A 7D 7C 2C 0 0 0
ID: 153, Data: 80 0 0 FF 0 FF 0 0
ID: 316, Data: 85 3D 83 10 4E 17 D 79
ID: 260, Data: 8A 3E 51 30 FF FF A5 2F
ID: 316, Data: 85 41 C 11 5B 16 D 79
ID: 280, Data: 830 0 88 AF 22 2B 54 67
ID: 260, Data: 8A 47 5E 30 FF FF A5 28
ID: 43F, Data: 83 45 60 FF 52 44 A 0
ID: 280, Data: 830 0 88 AF 25 32 54 76
ID: 260, Data: 8A 50 5C 30 FF FF B9 2B
ID: 316, Data: 85 50 33 14 52 14 D 79
ID: 18F, Data: 8AA 2F 0 0 0 0 0 0
ID: 43F, Data: 83 45 60 FF 52 BC A 0
ID: 153, Data: 80 0 0 FF 0 FF 0 0
ID: 43F, Data: 83 45 60 FF 52 E8 A 0
ID: 153, Data: 80 0 0 FF 0 FF 0 0
ID: 153, Data: 80 0 0 FF 0 FF 0 0
ID: 153, Data: 80 0 0 FF 0 FF 0 0
ID: 2A0, Data: 81 B 54 1D 3C 0 17 0
ID: 316, Data: 85 50 1F 17 4B 13 E 79
ID: 316, Data: 85 4F 3A 17 4B 13 E 79
ID: 43F, Data: 83 45 60 FF 52 74 B 0
ID: 440, Data: 8D7 63 F A0 FF AA AA AA
ID: 153, Data: 80 0 0 FF 0 FF 0 0
ID: 316, Data: 85 4D 6B 17 46 13 E 79
ID: 440, Data: 8D9 63 10 A0 FF AA AA AA
ID: 5F0, Data: 20 0
ID: 316, Data: 85 4B 56 17 3F 13 F 79
ID: 316, Data: 85 4A 56 17 3F 13 F 79
ID: 370, Data: 8FF E1 F0 F0 FF FF FF FF
ID: 153, Data: 80 0 0 FF 0 FF 0 0
ID: 260, Data: 8A 49 3F 30 FF FF C3 27
ID: 316, Data: 85 47 FD 16 3F 13 F 79
ID: 43F, Data: 83 45 60 FF 52 A0 C 0
ID: 316, Data: 85 44 B3 16 3F 13 F 79
ID: 316, Data: 85 44 8C 16 3F 13 10 79
ID: A1, Data: 881 7C 7D 7F 3A 0 0 0
ID: 316, Data: 85 43 32 16 40 13 10 79
ID: 153, Data: 80 0 0 FF 0 FF 0 0
ID: A1, Data: 880 7C 7D 7F 39 0 0 0
ID: 329, Data: 8ED AF 79 8 11 39 12 26
ID: 545, Data: 8C4 71 0 8D 48 3 48 3
ID: 1F0, Data: 899 3F 5 C0 0 0 0 0
ID: 153, Data: 80 0 0 FF 0 FF 0 0
ID: 316, Data: 85 40 CF 15 3B 14 11 79
ID: 153, Data: 80 0 0 FF 0 FF 0 0
ID: 316, Data: 85 3F A5 15 3C 14 11 79
ID: 316, Data: 85 3F 8D 15 3C 14 11 79
ID: 18F, Data: 8AA 2F 0 0 0 0 0 0
ID: 316, Data: 85 3E 6F 15 3C 14 11 79
ID: 153, Data: 80 0 0 FF 0 FF 0 0
ID: 316, Data: 85 3E 41 15 3C 14 12 79
ID: 316, Data: 85 3F 3B 15 3C 14 12 79
ID: 545, Data: 8C4 65 0 8D E4 2 E4 2
ID: 43F, Data: 83 45 60 FF 52 58 E 0
ID: 1F1, Data: 80 B3 A9 80 9 A9 A0 9
ID: 43F, Data: 83 45 60 FF 52 74 E 0
ID: 440, Data: 8F7 B3 13 A0 FF AA AA AA
ID: 153, Data: 80 0 0 FF 0 FF 0 0
ID: 316, Data: 85 3D 2F 15 3C 14 13 79
ID: 316, Data: 85 3D 29 15 3C 14 13 79
ID: 18F, Data: 8AA 2F 0 0 0 0 0 0
ID: 43F, Data: 83 45 60 FF 52 E4 E 0
ID: 153, Data: 80 0 0 FF 0 FF 0 0
ID: 316, Data: 85 3C 3B 15 3D 14 13 79
ID: 153, Data: 80 0 0 FF 0 FF 0 0
ID: 316, Data: 85 3C 46 15 3D 14 14 79
ID: 5F0, Data: 20 0
ID: 2A0, Data: 8C1 F 54 1D 3C 0 17 0
ID: 545, Data: 8C4 66 0 8D C1 2 C1 2
ID: A0, Data: 846 7C 35 15 14 2E 2 0
ID: 43F, Data: 83 45 60 FF 52 7C F 0
ID: 370, Data: 8FF E1 F0 F0 FF FF FF FF
ID: 316, Data: 85 3C 4C 15 3D 14 14 79
ID: 153, Data: 80 0 0 FF 0 FF 0 0
ID: 1F0, Data: 8E8 3F 5 C0 0 0 0 0
ID: 316, Data: 85 3C 52 15 40 14 15 79
ID: 153, Data: 80 0 0 FF 0 FF 0 0
ID: 280, Data: 830 0 88 AF 2A 26 54 6B
ID: 316, Data: 85 3E 4C 15 41 14 15 79
ID: 153, Data: 80 0 0 FF 0 FF 0 0
ID: 43F, Data: 83 45 60 FF 52 8 10 0
ID: 153, Data: 80 0 0 FF 0 FF 0 0
ID: 316, Data: 85 40 93 15 40 14 16 79
ID: 153, Data: 80 0 0 FF 0 FF 0 0
ID: 316, Data: 85 40 D5 15 40 14 16 79
ID: 5F0, Data: 20 0
ID: A1, Data: 881 7A 80 7C 35 0 0 0
ID: 18F, Data: 8AA 2F 0 0 0 0 0 0
ID: A1, Data: 881 7A 80 7C 35 0 0 0
ID: 329, Data: 885 AF 79 8 11 38 14 26
ID: 2A0, Data: 81 10 54 1D 3C 0 17 0
ID: 43F, Data: 83 45 60 FF 52 AC 10 0
ID: 43F, Data: 83 45 60 FF 52 C0 10 0
ID: 329, Data: 8B AF 79 8 11 38 14 26
ID: A1, Data: 882 7A 81 7C 36 0 0 0
ID: 316, Data: 85 42 92 16 3F 14 17 79
ID: 153, Data: 80 0 0 FF 0 FF 0 0
ID: A1, Data: 882 7A 81 7C 36 0 0 0
ID: 329, Data: 8ED AF 79 8 11 38 14 26
ID: 545, Data: 8C4 71 0 8D 2F 3 2F 3
ID: 153, Data: 80 0 0 FF 0 FF 0 0
ID: 153, Data: 80 0 0 FF 0 FF 0 0
ID: 316, Data: 85 42 AC 16 3F 14 17 79
ID: A1, Data: 881 7A 80 7C 37 0 0 0
ID: 5F0, Data: 20 0
ID: 316, Data: 85 42 B3 16 3E 14 18 79
ID: 316, Data: 85 42 B3 16 3E 14 18 79
ID: A1, Data: 881 7A 80 7C 37 0 0 0
ID: 153, Data: 80 0 0 FF 0 FF 0 0
ID: 316, Data: 85 42 CE 16 10 14 18 79
ID: 43F, Data: 83 45 60 FF 52 DC 11 0
ID: 316, Data: 85 3E DB 16 11 15 18 79
ID: A1, Data: 880 7A 7E 7C 2E 0 0 0
ID: 153, Data: 80 0 0 FF 0 FF 0 0
ID: 316, Data: 85 2F E7 15 14 17 19 79
ID: 153, Data: 80 0 0 FF 0 FF 0 0
ID: 316, Data: 85 27 A9 14 16 17 19 79
ID: 316, Data: 85 24 4D 14 17 18 19 79
ID: A1, Data: 880 78 7D 78 1E 0 0 0
ID: 316, Data: 85 20 6A 13 18 18 19 79
ID: 316, Data: 85 1E C 13 19 18 19 79
ID: 43F, Data: 83 45 60 FF 52 2C 12 0
ID: 316, Data: 85 1B 80 12 1A 19 19 79
ID: 316, Data: 85 1A 3B 12 1A 19 19 79
ID: 316, Data: 85 19 4 12 1A 19 19 79
ID: 316, Data: 85 19 CB 11 1B 19 19 79
ID: 18F, Data: 8AA 2E 0 0 0 0 0 0
ID: 316, Data: 85 1A 6B 11 1B 19 19 79
ID: 43F, Data: 83 45 60 FF 52 40 12 0
ID: 316, Data: 85 1B 5C 11 1B 19 19 79
ID: 18F, Data: 8AA 2E 0 0 0 0 0 0
ID: 153, Data: 80 0 0 FF 0 FF 0 0
ID: 316, Data: 85 1C 8F 11 1B 19 19 79
ID: 370, Data: 8FF E0 F0 F0 FF FF FF FF
ID: 316, Data: 85 1C 7F 11 1B 19 19 79
ID: 153, Data: 80 0 0 FF 0 FF 0 0
ID: 370, Data: 8FF E0 F0 F0 FF FF FF FF
ID: 43F, Data: 843 45 60 FF 52 E8 11 0
ID: 545, Data: 8C4 2B 0 8D 44 0 44 0
ID: 316, Data: 85 1D AE 11 1B 19 19 79
ID: 316, Data: 85 1D BB 11 1B 19 19 79
ID: 43F, Data: 843 45 60 FF 52 84 11 0
ID: 43F, Data: 843 45 60 FF 52 9C 11 0
ID: A0, Data: 829 7C A2 11 19 26 2 0
ID: 153, Data: 80 0 0 FF 0 FF 0 0
ID: 316, Data: 85 1D 5C 11 1B 19 18 79
ID: 153, Data: 80 0 0 FF 0 FF 0 0
ID: 545, Data: 8C4 2A 0 8D 4A 0 4A 0
ID: 316, Data: 85 1D 10 11 1B 19 18 79
ID: 280, Data: 830 0 84 AF 21 16 54 3D
ID: 316, Data: 85 1D E4 10 1B 19 17 79
ID: 316, Data: 85 1D D9 10 1B 19 17 79
ID: 316, Data: 85 1D CA 10 1B 19 17 79
ID: 316, Data: 85 1D BC 10 1B 19 17 79
ID: 43F, Data: 843 45 60 FF 52 84 10 0
ID: 43F, Data: 843 45 60 FF 52 54 10 0
ID: A0, Data: 82A 7C AA 10 18 26 2 0
ID: 153, Data: 80 0 0 FF 0 FF 0 0
ID: 316, Data: 85 1D 6F 10 1B 1A 17 79
ID: 153, Data: 80 0 0 FF 0 FF 0 0
ID: 18F, Data: 8AA 2E 0 0 0 0 0 0
ID: 316, Data: 85 1D 38 10 1B 1A 16 79
ID: 370, Data: 8FF E0 F0 F0 FF FF FF FF
ID: A1, Data: 87A 78 7A 76 1D 0 0 0
ID: 316, Data: 85 1D D9 F 1B 1A 16 79
ID: 316, Data: 85 1D B5 F 1B 1A 16 79
ID: A0, Data: 82A 7C A9 F 16 25 2 0
ID: 43F, Data: 83 45 60 FF 52 68 F 0
ID: 43F, Data: 83 45 60 FF 52 44 F 0
ID: 1F0, Data: 82C 40 5 C0 0 0 0 0
ID: 370, Data: 8FF E0 F0 F0 FF FF FF FF
ID: 316, Data: 85 1D 1D F 1C 1A 16 79
ID: 153, Data: 80 0 0 FF 0 FF 0 0
ID: 316, Data: 85 1D 20 F 1C 1A 16 79
ID: 153, Data: 80 0 0 FF 0 FF 0 0
ID: 316, Data: 85 1D F2 E 25 1A 15 79
ID: 440, Data: 8FE B3 14 A0 FF AA AA AA
ID: 280, Data: 830 0 84 AF 1D 17 54 3F
ID: 316, Data: 85 1F DE E 25 1A 15 79
ID: 2A0, Data: 820 7 54 1D 3C 0 17 0
ID: 43F, Data: 83 45 60 FF 51 B0 E 0
ID: 440, Data: 8FE C3 14 A0 FF AA AA AA
ID: 153, Data: 80 0 0 FF 0 FF 0 0
ID: 316, Data: 85 22 50 F 25 19 15 79
ID: 2A0, Data: 8E0 6 54 1D 3C 0 17 0
ID: 153, Data: 80 0 0 FF 0 FF 0 0
ID: 316, Data: 85 24 C5 F 23 19 15 79
ID: 153, Data: 80 0 0 FF 0 FF 0 0
ID: 316, Data: 85 24 10 10 23 19 15 79
ID: 153, Data: 80 0 0 FF 0 FF 0 0
ID: 153, Data: 80 0 0 FF 0 FF 0 0
ID: 316, Data: 85 25 0 10 23 19 15 79
ID: 43F, Data: 83 45 60 FF 51 1C E 0
ID: 316, Data: 85 25 DF F 22 19 14 79
ID: A0, Data: 833 7C DC F 15 27 2 0
ID: 316, Data: 85 25 C2 F 23 19 14 79
ID: 1F1, Data: 80 39 95 40 A 94 60 A
ID: 153, Data: 80 0 0 FF 0 FF 0 0
ID: 545, Data: 8C4 33 0 8D E6 0 E6 0
ID: 316, Data: 85 26 B2 F 23 19 14 79
ID: 545, Data: 8C4 32 0 8D E7 0 E7 0
ID: 5F0, Data: 20 0
ID: 153, Data: 80 0 0 FF 0 FF 0 0
ID: 153, Data: 80 0 0 FF 0 FF 0 0
ID: 153, Data: 80 0 0 FF 0 FF 0 0
ID: 2A0, Data: 880 5 54 1D 3C 0 17 0
ID: 153, Data: 80 0 0 FF 0 FF 0 0
ID: 545, Data: 8C4 2E 0 8D D8 0 D8 0
ID: 316, Data: 85 25 7D F 23 19 14 79
ID: 545, Data: 8C4 2E 0 8D D3 0 D3 0
ID: 43F, Data: 83 45 60 FF 52 D0 D 0
ID: 43F, Data: 83 45 60 FF 52 D4 D 0
ID: 440, Data: 8FE 63 13 A0 FF AA AA AA
ID: 316, Data: 85 25 50 F 23 19 14 79
ID: 316, Data: 85 25 47 F 24 19 14 79
ID: 316, Data: 85 25 3B F 24 19 14 79
ID: A1, Data: 87B 76 7B 75 22 0 0 0
ID: 43F, Data: 83 45 60 FF 51 C8 D 0
ID: 153, Data: 80 0 0 FF 0 FF 0 0
ID: 43F, Data: 83 45 60 FF 51 C4 D 0
ID: 43F, Data: 83 45 60 FF 51 C4 D 0
ID: 153, Data: 80 0 0 FF 0 FF 0 0
ID: 316, Data: 85 25 6E F 23 19 14 79
ID: 316, Data: 85 25 65 F 23 19 14 79
ID: 153, Data: 80 0 0 FF 0 FF 0 0
ID: 153, Data: 80 0 0 FF 0 FF 0 0
ID: A0, Data: 833 7C 56 F 14 27 2 0
ID: 316, Data: 85 25 56 F 23 19 14 79
ID: 280, Data: 830 0 84 B0 1E 1B 54 48
ID: 316, Data: 85 25 53 F 24 19 14 79
ID: 316, Data: 85 25 59 F 23 19 14 79
ID: 260, Data: 8A 25 24 30 FF FF 7F 22
ID: 440, Data: 8FE B3 12 A0 FF AA AA AA
ID: 316, Data: 85 25 56 F 24 19 14 79
ID: 43F, Data: 83 45 60 FF 51 88 D 0
ID: 316, Data: 85 25 53 F 24 19 14 79
ID: 280, Data: 830 0 84 B0 1E 1B 54 48
ID: 43F, Data: 83 45 60 FF 52 80 D 0
ID: 316, Data: 85 25 29 F 24 19 14 79
ID: 316, Data: 85 25 2C F 24 19 14 79
ID: 1F0, Data: 860 40 5 C0 0 0 0 0
ID: 153, Data: 80 0 0 FF 0 FF 0 0
ID: 316, Data: 85 25 6 F 1B 19 14 79
ID: 153, Data: 80 0 0 FF 0 FF 0 0
ID: 153, Data: 80 0 0 FF 0 FF 0 0
ID: 153, Data: 80 0 0 FF 0 FF 0 0
ID: 18F, Data: 8AA 2E 0 0 0 0 0 0
ID: 316, Data: 85 21 A1 E 1D 19 13 79
ID: 316, Data: 85 21 9B E 1D 1A 13 79
ID: 2A0, Data: 8E0 3 54 1D 3C 0 17 0
ID: 153, Data: 80 0 0 FF 0 FF 0 0
ID: 153, Data: 80 0 0 FF 0 FF 0 0
ID: 316, Data: 85 1F 50 E 1F 1A 13 79
ID: 260, Data: 8A 1F 1F 30 FF FF 75 38
ID: 316, Data: 85 1F 24 E 1F 1A 13 79
ID: 316, Data: 85 1F 1 E 1F 1A 13 79
ID: 5A0, Data: 80 0 0 90 0 0 0 0
ID: 43F, Data: 83 45 60 FF 51 50 D 0
ID: 260, Data: 8A 20 20 30 FF FF 74 17
ID: A0, Data: 82F 7C ED D 14 26 2 0
ID: 316, Data: 85 20 EF D 1F 1A 13 79
ID: 153, Data: 80 0 0 FF 0 FF 0 0
ID: A0, Data: 82F 7C E E 14 26 2 0
ID: 316, Data: 85 20 43 E 1E 1A 13 79
ID: 316, Data: 85 20 4B E 1E 1A 13 79
ID: A1, Data: 880 76 7D 75 20 0 0 0
ID: 43F, Data: 83 45 60 FF 52 64 D 0
ID: 43F, Data: 83 45 60 FF 52 50 D 0
ID: 1F0, Data: 839 40 5 C0 0 0 0 0
ID: 316, Data: 85 1F 36 E 1E 1A 13 79
ID: 316, Data: 85 1F 15 E 1E 1A 13 79
ID: A1, Data: 880 76 7D 75 20 0 0 0
ID: 370, Data: 8FF E0 F0 F0 FF FF FF FF
ID: 43F, Data: 83 45 60 FF 52 24 D 0
ID: 18F, Data: 8AA 2E 0 0 0 0 0 0
ID: 153, Data: 80 0 0 FF 0 FF 0 0
ID: 545, Data: 8C4 27 0 8D 5D 0 5D 0
ID: 316, Data: 85 1F F7 D 1E 1A 12 79
ID: 18F, Data: 8AA 2E 0 0 0 0 0 0
ID: 316, Data: 85 1F 15 E 1E 1A 12 79
ID: 43F, Data: 83 45 60 FF 52 0 D 0
ID: 370, Data: 8FF E0 F0 F0 FF FF FF FF
ID: 43F, Data: 83 45 60 FF 52 F0 C 0
ID: 153, Data: 80 0 0 FF 0 FF 0 0
ID: 316, Data: 85 1F E1 D 1E 1A 12 79
ID: 2A0, Data: 880 2 54 1D 3C 0 17 0
ID: 5F0, Data: 20 0
ID: 316, Data: 85 1F C8 D 1E 1A 12 79
ID: 316, Data: 85 1F C6 D 1E 1A 12 79
ID: 329, Data: 8B B0 79 8 12 2D 0 26
ID: 43F, Data: 83 45 60 FF 52 DC C 0
ID: 43F, Data: 83 45 60 FF 52 D8 C 0
ID: 316, Data: 85 1F D7 D 1E 1A 12 79
ID: 316, Data: 85 1F DE D 1E 1A 12 79
ID: 153, Data: 80 0 0 FF 0 FF 0 0
ID: 153, Data: 80 0 0 FF 0 FF 0 0
ID: 43F, Data: 83 45 60 FF 52 98 C 0
ID: 18F, Data: 8AA 2E 0 0 0 0 0 0
ID: 43F, Data: 83 45 60 FF 52 70 C 0
ID: 545, Data: 8C4 26 0 8D 67 0 67 0
ID: 43F, Data: 83 45 60 FF 52 58 C 0
ID: 43F, Data: 83 45 60 FF 52 40 C 0
ID: 43F, Data: 83 45 60 FF 52 34 C 0
ID: 316, Data: 85 23 69 D 29 1A 10 79
ID: 2A0, Data: 880 2 54 1D 3C 0 17 0
ID: 5F0, Data: 20 0
ID: 316, Data: 85 25 47 D 2A 1A 10 79
ID: 153, Data: 80 0 0 FF 0 FF 0 0
ID: 316, Data: 85 26 59 D 29 1A 10 79
ID: 153, Data: 80 0 0 FF 0 FF 0 0
ID: 329, Data: 885 B0 79 8 12 2F 0 26
ID: 316, Data: 85 27 59 D 29 19 F 79
ID: 2A0, Data: 8E0 1 54 1D 3C 0 17 0
ID: 153, Data: 80 0 0 FF 0 FF 0 0
ID: 153, Data: 80 0 0 FF 0 FF 0 0
ID: 316, Data: 85 28 5E D 29 19 E 79
ID: 43F, Data: 83 45 60 FF 52 CC A 0
ID: 2A0, Data: 880 1 54 1D 3C 0 17 0
ID: 1F0, Data: 87F 3F 5 C0 0 0 0 0
ID: 153, Data: 80 0 0 FF 0 FF 0 0
ID: 316, Data: 85 29 77 D 28 19 D 79
ID: 43F, Data: 83 45 60 FF 52 3C A 0
ID: 43F, Data: 83 45 60 FF 52 1C A 0
ID: 43F, Data: 83 45 60 FF 52 F8 9 0
ID: 370, Data: 8FF E0 F0 F0 FF FF FF FF
ID: 18F, Data: 8AA 2D 0 0 0 0 0 0
ID: 316, Data: 85 2A 63 D 28 19 C 79
ID: 316, Data: 85 2A 55 D 28 19 C 79
ID: 5F0, Data: 20 0
ID: 1F0, Data: 858 3F 5 C0 0 0 0 0
ID: 316, Data: 85 29 49 D 29 19 B 79
ID: 153, Data: 80 0 0 FF 0 FF 0 0
ID: 316, Data: 85 2A 12 D 29 19 B 79
ID: 153, Data: 80 0 0 FF 0 FF 0 0
ID: 316, Data: 85 29 E7 C 2A 19 B 79
ID: 370, Data: 8FF E0 F0 F0 FF FF FF FF
ID: 316, Data: 85 2A E9 C 2A 19 A 79
ID: 316, Data: 85 2A DE C 2A 1A A 79
ID: 153, Data: 80 0 0 FF 0 FF 0 0
ID: 316, Data: 85 2A DE C 2A 1A 9 79
ID: 1F1, Data: 80 16 69 40 5 62 90 4
ID: 316, Data: 85 2A C1 C 2A 1A 9 79
ID: 2A0, Data: 840 1 54 1D 3C 0 17 0
ID: 153, Data: 80 0 0 FF 0 FF 0 0
ID: 316, Data: 85 2A B4 C 2A 1A 9 78
ID: 18F, Data: 8AA 2D 0 0 0 0 0 0
ID: 316, Data: 85 2A BD C 1F 1A 8 78
ID: 370, Data: 8FF E0 F0 F0 FF FF FF FF
ID: 153, Data: 80 0 0 FF 0 FF 0 0
ID: 280, Data: 830 0 84 B0 18 1D 54 4F
ID: 316, Data: 85 28 1F C 21 1A 8 78
ID: A0, Data: 837 7C 50 C 9 25 2 0
ID: 153, Data: 80 0 0 FF 0 FF 0 0
ID: 153, Data: 80 0 0 FF 0 FF 0 0
ID: 2A0, Data: 8E0 1 54 1D 3C 0 17 0
ID: 316, Data: 85 25 A8 C 21 1A 8 78
ID: 18F, Data: 8AA 2D 0 0 0 0 0 0
ID: 43F, Data: 82 45 60 FF 52 98 A 0
ID: 545, Data: 8C4 27 0 8D 9E 0 9E 0
ID: 153, Data: 80 0 0 FF 0 FF 0 0
ID: 43F, Data: 82 45 60 FF 52 6C A 0
ID: 43F, Data: 82 45 60 FF 52 60 A 0
ID: 153, Data: 80 0 0 FF 0 FF 0 0
ID: 316, Data: 85 23 72 C 22 1A 8 78
ID: 316, Data: 85 23 68 C 22 1A 8 78
ID: 153, Data: 80 0 0 FF 0 FF 0 0
ID: 316, Data: 85 23 68 C 22 1A 8 78
ID: 153, Data: 80 0 0 FF 0 FF 0 0
ID: 316, Data: 85 23 3D C 22 1A 8 78
ID: 316, Data: 85 24 37 C 22 1A 8 78
ID: 153, Data: 80 0 0 FF 0 FF 0 0
ID: 545, Data: 8C4 25 0 8C AF 0 AF 0
ID: 43F, Data: 82 45 60 FF 52 94 9 0
ID: 280, Data: 830 0 84 B0 17 1A 54 4A
ID: A1, Data: 884 76 82 75 23 0 0 0
ID: 153, Data: 80 0 0 FF 0 FF 0 0
ID: 316, Data: 85 24 D2 B 23 1A 7 78
ID: 370, Data: 8FF E0 F0 F0 FF FF FF FF
ID: 316, Data: 85 24 6D B 30 1A 7 78
ID: 153, Data: 80 0 0 FF 0 FF 0 0
ID: 153, Data: 80 0 0 FF 0 FF 0 0
ID: A1, Data: 884 76 82 75 24 0 0 0
ID: 2A0, Data: 820 0 55 1D 3C 0 17 0
ID: 18F, Data: 8AA 2E 0 0 0 0 0 0
ID: 43F, Data: 82 45 60 FF 52 D4 5 0
ID: 153, Data: 80 0 0 FF 0 FF 0 0
ID: 153, Data: 80 0 0 FF 0 FF 0 0
ID: 260, Data: 8A 2F 33 30 FF FF 8D 29
ID: 316, Data: 85 2F A3 A 32 18 4 78
ID: 153, Data: 80 0 0 FF 0 FF 0 0
ID: 316, Data: 85 30 DE A 31 18 3 78
ID: 153, Data: 80 0 0 FF 0 FF 0 0
ID: 153, Data: 80 0 0 FF 0 FF 0 0
ID: 153, Data: 80 0 0 FF 0 FF 0 0
ID: 260, Data: 8A 30 2C 30 FF FF 72 1C
ID: 316, Data: 85 2F F8 B 2C 19 2 78
ID: 43F, Data: 82 45 60 FF 52 8C 2 0
ID: 43F, Data: 82 45 60 FF 52 7C 2 0
ID: 370, Data: 8FF E0 F0 F0 FF FF FF FF
ID: 440, Data: 8B7 D2 2 A0 FF AA AA AA
ID: 316, Data: 85 2F 6A B 2E 18 2 78
ID: 329, Data: 8B B0 79 8 12 2E 0 26
ID: 18F, Data: 8AA 2E 0 0 0 0 0 0
ID: 43F, Data: 82 45 60 FF 52 50 2 0
ID: A0, Data: 83F 7D 85 B 2 26 2 0
ID: 43F, Data: 82 45 60 FF 52 2C 2 0
ID: 153, Data: 80 0 0 FF 0 FF 0 0
ID: 153, Data: 80 0 0 FF 0 FF 0 0
ID: A0, Data: 83E 7D 7E B 2 26 2 0
ID: 2A0, Data: 840 0 54 1D 3C 0 17 0
ID: 329, Data: 8B B0 79 8 12 2E 0 26
ID: A0, Data: 83E 7D 7E B 2 26 2 0
ID: 43F, Data: 89 45 60 FF 52 84 1 0
ID: 153, Data: 80 0 0 FF 0 FF 0 0
ID: 43F, Data: 89 45 60 FF 52 54 1 0
ID: 153, Data: 80 0 0 FF 0 FF 0 0
ID: 153, Data: 80 0 0 FF 0 FF 0 0
ID: 316, Data: 85 2E 4 B 2F 18 1 78
ID: 440, Data: 8AC 82 0 A0 FF AA AA AA
ID: 153, Data: 80 0 0 FF 0 FF 0 0
ID: 316, Data: 85 2E E3 A 30 18 1 78
ID: 153, Data: 80 0 0 FF 0 FF 0 0
ID: 316, Data: 85 2F D2 A 30 18 0 78
ID: 43F, Data: 89 45 60 FF 52 BC 0 0
ID: 43F, Data: 89 45 60 FF 52 B8 0 0
ID: 43F, Data: 89 45 60 FF 52 A4 0 0
ID: 440, Data: 8AA 82 0 A0 FF AA AA AA
ID: 545, Data: 8C4 2B 0 8D 9B 1 9B 1
ID: 153, Data: 80 0 0 FF 0 FF 0 0
ID: 316, Data: 85 2F E1 A 30 18 0 78
ID: 153, Data: 80 0 0 FF 0 FF 0 0
ID: 153, Data: 80 0 0 FF 0 FF 0 0
ID: 43F, Data: 89 45 60 FF 53 88 0 0
ID: 43F, Data: 89 45 60 FF 52 88 0 0
ID: 43F, Data: 89 45 60 FF 52 80 0 0
ID: 43F, Data: 89 45 60 FF 52 80 0 0
ID: 316, Data: 85 30 F3 A 30 18 0 78
ID: 260, Data: 8A 30 30 30 FF FF 89 0
ID: 43F, Data: 89 45 60 FF 52 4 0 0
ID: 316, Data: 85 30 9 B 2F 18 0 78
ID: 1F1, Data: 80 5C 4 30 0 3 30 0
ID: 316, Data: 85 2F B B 2F 18 0 78
ID: 43F, Data: 89 45 60 FF 53 F0 0 0
ID: 153, Data: 80 0 0 FF 0 FF 0 0
ID: 316, Data: 85 2F 2A B 2F 18 0 78
ID: 316, Data: 85 2F A4 B 2E 18 0 78
ID: 316, Data: 85 2E F4 B 20 19 0 78
ID: 260, Data: 8A 2E 20 30 FF FF 71 3A
ID: 43F, Data: 89 45 60 FF 53 78 1 0
ID: 316, Data: 85 2B FD B 21 19 0 78
ID: 316, Data: 85 2A E2 B 21 19 0 78
ID: 1F1, Data: 80 5C 4 40 0 5 20 0
ID: 153, Data: 80 0 0 FF 0 FF 0 0
ID: 43F, Data: 89 45 60 FF 53 F8 1 0
ID: 545, Data: 8C4 2A 0 8D FB 0 FB 0
ID: 43F, Data: 89 45 60 FF 53 9C 1 0
ID: 43F, Data: 81 45 60 FF 53 78 1 0
ID: 370, Data: 8FF E0 F0 F0 FF FF FF FF
ID: 153, Data: 80 0 0 FF 0 FF 0 0
ID: 316, Data: 85 25 B0 B 24 1A 0 78
ID: 18F, Data: 8AA 2E 0 0 0 0 0 0
ID: A1, Data: 881 7B 7E 7C 25 0 0 0
ID: A0, Data: 832 7D 88 B 1 25 2 0
ID: A1, Data: 881 7B 7E 7C 25 0 0 0
ID: A0, Data: 832 7D 88 B 1 25 2 0
ID: 43F, Data: 81 45 60 FF 53 C 1 0
ID: 18F, Data: 8AA 2E 0 0 0 0 0 0
ID: A1, Data: 881 7B 7E 7C 25 0 0 0
ID: 280, Data: 830 0 84 B0 16 1B 55 4F
ID: 545, Data: 8C4 25 0 8D D8 0 D8 0
ID: 153, Data: 80 0 0 FF 0 FF 0 0
ID: 316, Data: 85 26 42 B 25 19 0 78
ID: 153, Data: 80 0 0 FF 0 FF 0 0
ID: 316, Data: 85 26 31 B 25 19 0 78
ID: 153, Data: 80 0 0 FF 0 FF 0 0
ID: 153, Data: 80 0 0 FF 0 FF 0 0
ID: 1F1, Data: 80 6C 2 20 0 2 20 0
ID: 43F, Data: 81 45 60 FF 53 0 0 0
ID: A1, Data: 880 7B 7E 7C 25 0 0 0
ID: 153, Data: 80 0 0 FF 0 FF 0 0
ID: 316, Data: 85 25 24 B 24 19 0 78
ID: 2A0, Data: 8E0 0 55 1D 3C 0 17 0
ID: 260, Data: 8A 25 25 30 FF FF 71 1
ID: 316, Data: 85 25 11 B 26 19 0 78
ID: 316, Data: 85 25 F0 A 26 19 0 78
ID: 280, Data: 830 0 84 B0 15 1B 55 4E
ID: A1, Data: 880 7B 80 7C 25 0 0 0
ID: 153, Data: 80 0 0 FF 0 FF 0 0
ID: 316, Data: 85 24 6 B 1B 19 0 78
ID: 153, Data: 80 0 0 FF 0 FF 0 0
ID: 316, Data: 85 22 72 B 1A 1A 0 78
ID: 5F0, Data: 20 0
ID: 153, Data: 80 0 0 FF 0 FF 0 0
ID: 153, Data: 80 0 0 FF 0 FF 0 0
ID: 18F, Data: 8AA 2F 0 0 0 0 0 0
ID: 370, Data: 8FF E0 F0 F0 FF FF FF FF
ID: 316, Data: 85 1D 2A C 1A 1A 0 78
ID: 316, Data: 85 1D F8 B 1A 1A 0 78
ID: 153, Data: 80 0 0 FF 0 FF 0 0
ID: 316, Data: 85 1C A0 B 1B 1A 0 78
ID: 43F, Data: 80 40 60 FF 53 60 B 0
ID: 440, Data: 8FE 0 0 A0 FF AA AA AA
ID: 329, Data: 885 B0 79 8 12 2A 0 26
ID: 153, Data: 80 0 0 FF 0 FF 0 0
ID: 316, Data: 85 1C 17 B 1C 1A 0 78
ID: 153, Data: 80 0 0 FF 0 FF 0 0
ID: 153, Data: 80 0 0 FF 0 FF 0 0
ID: 43F, Data: 80 40 60 FF 53 6C A 0
ID: 43F, Data: 80 40 60 FF 53 5C A 0
ID: 43F, Data: 80 40 60 FF 53 5C A 0
ID: 153, Data: 80 0 0 FF 0 FF 0 0
ID: 316, Data: 85 1D DD A 1C 1A 0 78
ID: 316, Data: 85 1D F5 A 1C 1A 0 78
ID: 153, Data: 80 0 0 FF 0 FF 0 0
ID: 329, Data: 8B B1 79 8 12 2A 0 26
ID: 316, Data: 85 1D 97 A 1C 1A 0 78
ID: 316, Data: 85 1C 8F A 1C 1A 0 78
ID: A0, Data: 82E 7D 8F A 0 23 2 0
ID: 43F, Data: 80 40 60 FF 53 38 A 0
ID: 153, Data: 80 0 0 FF 0 FF 0 0
ID: 153, Data: 80 0 0 FF 0 FF 0 0
ID: 1F0, Data: 818 3F 5 C0 0 0 0 0
ID: 370, Data: 8FF E0 F0 F0 FF FF FF FF
ID: 329, Data: 8B B1 79 8 12 2A 0 26
ID: 316, Data: 85 1C B3 A 1B 1A 0 78
ID: 153, Data: 80 0 0 FF 0 FF 0 0
ID: 316, Data: 85 1C B4 A 1B 1A 0 78
ID: 316, Data: 85 1C C0 A 1B 1A 0 78
ID: 316, Data: 85 1C AA A 1B 1A 0 78
ID: 18F, Data: 8AA 2F 0 0 0 0 0 0
ID: A1, Data: 87D 7B 7D 7C 1F 0 0 0
ID: 260, Data: 8A 1C 1B 30 FF FF 68 3D
ID: A0, Data: 82B 7D A4 A 0 22 2 0
ID: 316, Data: 85 1B 7A A 1B 1A 0 78
ID: 440, Data: 8FE F0 0 A0 FF AA AA AA
ID: 153, Data: 80 0 0 FF 0 FF 0 0
ID: A1, Data: 87D 7B 80 7C 1F 0 0 0
ID: 280, Data: 830 0 84 B1 14 15 55 41
ID: 370, Data: 8FF E0 F0 F0 FF FF FF FF
ID: 316, Data: 85 1B 57 A 1C 1A 0 78
ID: 260, Data: 8A 1B 1C 30 FF FF 6D 29
ID: 43F, Data: 80 40 60 FF 53 FC 9 0
ID: 440, Data: 8FE 0 0 A0 FF AA AA AA
ID: 316, Data: 85 1B 3C A 1C 1A 0 78
ID: A1, Data: 87D 7B 80 7C 1F 0 0 0
ID: 153, Data: 80 0 0 FF 0 FF 0 0
ID: 316, Data: 85 1B 2D A 1C 1A 0 78
ID: 370, Data: 8FF E0 F0 F0 FF FF FF FF
ID: 316, Data: 85 1B 51 A 1C 1A 0 78
ID: 260, Data: 8A 1C 1C 30 FF FF 70 15
ID: 153, Data: 80 0 0 FF 0 FF 0 0
ID: 316, Data: 85 1B 62 A 1B 1A 0 78
ID: 153, Data: 80 0 0 FF 0 FF 0 0
ID: 316, Data: 85 1B 47 A 1C 1A 0 78
ID: 316, Data: 85 1B 3D A 1C 1A 0 78
ID: 153, Data: 80 0 0 FF 0 FF 0 0
ID: 316, Data: 85 1B 31 A 1C 1A 0 78
ID: 1F0, Data: 818 3F 5 C0 0 0 0 0
ID: 316, Data: 85 1C 55 A 23 23 0 78
ID: 316, Data: 85 1D 5A A 23 23 0 78
ID: 280, Data: 830 0 84 B1 14 17 55 44
ID: 260, Data: 8A 1E 23 30 FF FF 70 2A
ID: 153, Data: 80 0 0 FF 0 FF 0 0
ID: 260, Data: 8A 1F 22 30 FF FF 6E 1E
ID: 316, Data: 85 1F 93 A 22 23 0 78
ID: 43F, Data: 80 40 60 FF 53 54 A 0
ID: 43F, Data: 80 40 60 FF 53 54 A 0
ID: 316, Data: 845 20 CC A 22 23 0 78
ID: 316, Data: 845 20 EC A 21 23 0 78
ID: 43F, Data: 80 40 60 FF 53 9C A 0
ID: 5F0, Data: 20 0
ID: 316, Data: 845 21 73 A 22 22 0 78
ID: 153, Data: 80 0 0 FF 0 FF 0 0
ID: 545, Data: 8C4 1F 0 8D F0 FF F0 FF
ID: 316, Data: 845 22 21 A 22 22 0 78
ID: A1, Data: 882 7B 80 7C 23 0 0 0
ID: 43F, Data: 80 40 60 FF 53 C0 9 0
ID: 153, Data: 80 0 0 FF 0 FF 0 0
ID: 316, Data: 845 22 7A A 21 22 0 78
ID: 153, Data: 80 0 0 FF 0 FF 0 0
ID: 329, Data: 885 B1 79 8 12 2A 0 26
ID: 316, Data: 845 21 94 A 21 22 0 78
ID: 260, Data: 8A 21 21 30 FF FF 6B 1F
ID: 43F, Data: 80 40 60 FF 53 44 A 0
ID: 316, Data: 845 21 85 A 21 22 0 78
ID: 545, Data: 8C4 20 0 8C E2 FF E2 FF
ID: 153, Data: 80 0 0 FF 0 FF 0 0
ID: 316, Data: 845 21 7B A 21 22 0 78
ID: 316, Data: 845 21 77 A 21 22 0 78
ID: 329, Data: 8ED B1 79 8 12 2A 0 26
ID: 43F, Data: 80 40 60 FF 53 28 A 0
ID: 43F, Data: 80 40 60 FF 53 1C A 0
ID: 1F1, Data: 80 6C 0 0 0 0 0 0
ID: 280, Data: 830 0 84 B1 14 18 55 48
ID: 316, Data: 845 20 32 A 22 22 0 78
ID: 260, Data: 8A 21 22 30 FF FF 6F 1A
ID: 43F, Data: 80 40 60 FF 53 C8 9 0
ID: 316, Data: 845 21 1F A 22 22 0 78
ID: 260, Data: 8A 21 22 30 FF FF 72 16
ID: 153, Data: 80 0 0 FF 0 FF 0 0
ID: 316, Data: 845 21 13 A 22 22 0 78
ID: 316, Data: 845 21 14 A 22 22 0 78
ID: 280, Data: 830 0 84 B1 14 19 55 49
ID: 43F, Data: 80 40 60 FF 53 C4 9 0
ID: 316, Data: 845 21 3 A 22 22 0 78
ID: 329, Data: 885 B1 79 8 12 2B 0 26
ID: 2A0, Data: 8E0 0 55 1D 3C 0 17 0
ID: 153, Data: 80 0 0 FF 0 FF 0 0
ID: 316, Data: 845 21 F A 22 22 0 78
ID: 1F0, Data: 818 3F 5 C0 0 0 0 0
ID: 153, Data: 80 0 0 FF 0 FF 0 0
ID: 370, Data: 8FF E0 F0 F0 FF FF FF FF
ID: 43F, Data: 80 40 60 FF 53 90 9 0
ID: 329, Data: 885 B1 79 8 12 2B 0 26
ID: 260, Data: 8A 22 23 30 FF FF 78 F
ID: 153, Data: 80 0 0 FF 0 FF 0 0
ID: 316, Data: 845 22 3A A 22 22 0 78
ID: 153, Data: 80 0 0 FF 0 FF 0 0
ID: 316, Data: 834 22 63 A 21 22 0 78
ID: 316, Data: 834 25 70 A 1E 10 0 78
ID: 2A0, Data: 8E0 0 55 1D 3C 0 17 0
ID: 316, Data: 834 1F F0 A 1F 10 0 78
ID: 316, Data: 834 1E 78 A 1F 10 0 78
ID: 316, Data: 834 1C 97 9 1E 10 0 78
ID: 316, Data: 834 1A AE 8 1D F 0 78
ID: 316, Data: 834 19 BD 7 1D F 0 78
ID: 316, Data: 834 19 B1 6 1D F 0 78
ID: 316, Data: 834 19 B1 6 1D F 0 78
ID: 18F, Data: 8AA 37 0 0 0 0 0 0
ID: 316, Data: 834 19 7F 5 1D E 0 78
ID: 260, Data: 8A 1E 1D 0 FF FF 63 31
ID: 316, Data: 830 1A DD 3 1D E 0 78
ID: 316, Data: 830 1A DD 3 1D E 0 78
ID: 316, Data: 830 1B DD 3 1D E 0 78
ID: 280, Data: 830 0 1 B1 7 14 55 3E
ID: A1, Data: 880 7B 80 7C 1D 0 0 0
ID: 316, Data: 830 1B DD 3 1D E 0 78
ID: 316, Data: 830 1B DD 3 1D E 0 78
ID: 316, Data: 830 1B DD 3 1D E 0 78
ID: 316, Data: 830 1B DD 3 1D E 0 78
ID: 545, Data: 8C4 0 0 0 E6 0 E6 0
ID: 316, Data: 830 1B DD 3 1D E 0 78
ID: A0, Data: 82F 7D DD 3 0 1B 0 0
ID: 316, Data: 830 0 0 0 1D C 0 78
ID: 316, Data: 830 0 0 0 1D C 0 78
ID: A1, Data: 880 7B 80 7C 2A 0 0 0
ID: 260, Data: 8A 0 1D 0 FF FF 63 12
ID: A0, Data: 80 7D 0 0 0 31 0 0
ID: 316, Data: 830 0 0 0 1D C 0 78
ID: 545, Data: 8C4 0 0 0 24 FF 24 FF
ID: 316, Data: 830 0 0 0 1D C 0 7B
ID: 18F, Data: 8AA 36 0 0 0 0 0 0
ID: 2A0, Data: 8E0 0 55 1D 3C 0 17 0
ID: 316, Data: 830 0 0 0 1D C 0 7B
ID: 545, Data: 8D4 0 0 0 27 FF 27 FF
ID: 329, Data: 8B B1 7D A 12 6D 0 26
ID: A0, Data: 80 7D 0 0 0 64 0 0
ID: 316, Data: 830 0 0 0 1D C 0 7E
ID: 280, Data: 810 0 1 B1 0 14 55 D7
ID: 316, Data: 830 0 0 0 1D C 0 7E
ID: 18F, Data: 8AA 35 0 0 0 0 0 0
ID: 2A0, Data: 880 0 55 1D 3C 0 17 0
ID: 316, Data: 830 0 0 0 1D C 0 7E
ID: 545, Data: 8DC 0 0 0 29 FF 29 FF
ID: 329, Data: 8B B1 7F A 12 20 0 26
ID: A0, Data: 80 7D 0 0 0 70 0 0
ID: 316, Data: 830 0 0 0 1D C 0 7E
ID: 280, Data: 810 0 1 B1 0 14 55 D7
ID: 316, Data: 830 0 0 0 1D C 0 7E
ID: 18F, Data: 8AA 35 0 0 0 0 0 0
ID: 2A0, Data: 820 0 55 1D 3C 0 17 0
ID: 316, Data: 830 0 0 0 1D C 0 7F
ID: 545, Data: 8E4 0 0 0 2B FF 2B FF
ID: 329, Data: 8B B1 80 A 12 30 0 26
ID: A0, Data: 80 7D 0 0 0 28 0 0
ID: 316, Data: 830 0 0 0 1D C 0 7F
ID: 280, Data: 810 0 1 B1 0 14 55 D7
ID: 316, Data: 830 0 0 0 1D C 0 7F
ID: 18F, Data: 8AA 35 0 0 0 0 0 0
ID: 2A0, Data: 840 0 55 1D 3C 0 17 0
ID: 316, Data: 830 0 0 0 1D C 0 7F
ID: 545, Data: 8E4 0 0 0 2B FF 2B FF
ID: 329, Data: 8B B1 80 A 12 30 0 26
ID: A0, Data: 80 7D 0 0 0 28 0 0
ID: 316, Data: 830 0 0 0 1D C 0 7F
ID: 280, Data: 810 0 1 B1 0 14 55 D7
ID: 316, Data: 830 0 0 0 1D C 0 7F
ID: 18F, Data: 8AA 35 0 0 0 0 0 0
ID: 2A0, Data: 8E0 0 55 1D 3C 0 17 0
ID: 316, Data: 830 0 0 0 1D C 0 7F
ID: 545, Data: 8E4 0 0 0 2B FF 2B FF
ID: 329, Data: 8B B1 80 A 12 30 0 26
ID: A0, Data: 80 7D 0 0 0 28 0 0
ID: 316, Data: 830 0 0 0 1D C 0 7F
ID: 5F0, Data: 20 0
ID: 5F0, Data: 20 0
ID: 43F, Data: 80 40 0 FF 50 0 0 0
ID: 370, Data: 8FF C0 F0 F4 FF FF FF FF
ID: 43F, Data: 80 40 0 FF 51 0 0 0
ID: 43F, Data: 80 40 0 FF 50 0 0 0
ID: 43F, Data: 80 40 0 FF 50 0 0 0
ID: 316, Data: 831 0 0 0 0 C 0 7D
ID: 316, Data: 831 0 0 0 27 D 0 7D
ID: 18F, Data: 8AA 30 0 0 0 0 0 0
ID: 545, Data: 8E4 0 0 60 17 FF 17 FF
ID: 316, Data: 831 0 0 0 1A D 0 7D
ID: A0, Data: 80 7A 0 0 0 73 0 0
ID: 260, Data: 8B 0 1A 0 9 FF 69 4
ID: 370, Data: 8FF E0 F0 F0 FF FF FF FF
ID: 43F, Data: 80 40 60 FF 50 44 2 0
ID: A0, Data: 8FF 7A 5F 2 0 76 0 0
ID: 153, Data: 80 0 0 FF 0 FF 0 0
ID: 316, Data: 85 0 6A 2 1C D 0 7D
ID: A1, Data: 880 7B 80 7C 65 0 0 0
ID: 153, Data: 80 0 0 FF 0 FF 0 0
ID: A0, Data: 8FF 7A 6A 2 0 76 1 0
ID: 153, Data: 80 0 0 FF 0 FF 0 0
ID: 316, Data: 85 0 64 1 1D D 0 7D
ID: 43F, Data: 80 40 60 FF 50 88 0 0
ID: 43F, Data: 80 40 60 FF 51 7C 0 0
ID: 43F, Data: 80 40 60 FF 51 7C 0 0
ID: 329, Data: 840 AD 80 8 11 34 0 26
ID: A1, Data: 880 7B 80 7C 66 0 0 0
ID: 153, Data: 80 0 0 FF 0 FF 0 0
ID: 316, Data: 85 0 64 1 1D D 0 7D
ID: 43F, Data: 80 40 60 FF 50 0 0 0
ID: 43F, Data: 80 40 60 FF 50 0 0 0
ID: 153, Data: 80 0 0 FF 0 FF 0 0
ID: 153, Data: 80 0 0 FF 0 FF 0 0
ID: A1, Data: 880 7B 80 7C 66 0 0 0
ID: 329, Data: 840 AD 80 8 11 34 0 26
ID: 370, Data: 8FF E0 F0 F0 FF FF FF FF
ID: 153, Data: 80 0 0 FF 0 FF 0 0
ID: 316, Data: 85 0 0 0 1D D 0 7D
ID: 316, Data: 85 0 0 0 1D D 0 7D
ID: 370, Data: 8FF E0 F0 F0 FF FF FF FF
ID: 1F0, Data: 80 40 0 0 0 0 0 0
ID: 316, Data: 85 0 0 0 1D D 0 7D
ID: 43F, Data: 80 40 60 FF 50 0 0 0
ID: 5F0, Data: 20 0
ID: 153, Data: 80 0 0 FF 0 FF 0 0
ID: 153, Data: 80 0 0 FF 0 FF 0 0
ID: 18F, Data: 8AA 30 0 0 0 0 0 0
ID: 316, Data: 85 0 0 0 1D D 0 7D
ID: 43F, Data: 80 40 60 FF 51 0 0 0
ID: 43F, Data: 80 40 60 FF 50 0 0 0
ID: 153, Data: 80 0 0 FF 0 FF 0 0
ID: 316, Data: 85 0 0 0 1D D 0 7D
ID: 153, Data: 80 0 0 FF 0 FF 0 0
ID: A1, Data: 880 7B 80 7C 66 0 0 0
ID: 545, Data: 8E4 0 0 76 18 FF 18 FF
ID: 2A0, Data: 820 0 63 18 3C 0 17 0
ID: 43F, Data: 80 40 60 FF 50 0 0 0
ID: 440, Data: 8FE F0 0 A0 FF AA AA AA
ID: 43F, Data: 80 40 60 FF 51 0 0 0
ID: 18F, Data: 8AA 30 0 0 0 0 0 0
ID: 260, Data: 8B 0 1D 20 9 FF 61 34
ID: 329, Data: 840 AD 80 A 11 3A 0 26
ID: A0, Data: 80 7A 0 0 0 31 0 0
ID: 316, Data: 835 0 0 0 1D D 0 7D
ID: A0, Data: 80 7A 0 0 0 33 0 0
ID: 2A0, Data: 880 0 63 18 3C 0 17 0
ID: 316, Data: 834 0 0 0 1D D 0 7D
ID: 316, Data: 834 0 0 0 1D D 0 7D
ID: 316, Data: 834 0 0 0 1D D 0 7D
ID: 316, Data: 834 0 0 0 1D D 0 7D
ID: 316, Data: 834 0 0 0 1D D 0 7D
ID: 316, Data: 834 0 0 0 1D D 0 7D
ID: 316, Data: 834 0 0 0 1D D 0 7D
ID: 316, Data: 834 0 0 0 1D D 0 7D
ID: 316, Data: 834 0 0 0 1D D 0 7D
ID: 316, Data: 834 0 0 0 1D D 0 7D
ID: 316, Data: 834 0 0 0 1D D 0 7D
ID: A1, Data: 880 7B 80 7C 66 0 0 0
ID: 18F, Data: 8AA 30 0 0 0 0 0 0
ID: A1, Data: 880 7B 80 7C 66 0 0 0
ID: 329, Data: 880 AD 80 A 11 30 0 26
ID: 545, Data: 8E4 0 0 0 18 FF 18 FF
ID: 316, Data: 830 0 0 0 1D D 0 7D
ID: 316, Data: 830 0 0 0 1D D 0 7D
ID: 316, Data: 830 0 0 0 1D D 0 7D
ID: 316, Data: 830 0 0 0 1D D 0 7D
ID: 316, Data: 830 0 0 0 1D D 0 7D
ID: 316, Data: 830 0 0 0 1D D 0 7D
ID: A0, Data: 80 7A 0 0 0 28 0 0
ID: 260, Data: 8B 0 1D 0 9 FF 61 36
ID: 316, Data: 830 0 0 0 1D D 0 7D
ID: 316, Data: 830 0 0 0 1D D 0 7D
ID: 316, Data: 830 0 0 0 1D D 0 7D
ID: 316, Data: 830 0 0 0 1D D 0 7D
ID: 316, Data: 830 0 0 0 1D D 0 7D
ID: 316, Data: 830 0 0 0 1D D 0 7D
ID: 316, Data: 830 0 0 0 1D D 0 7D
ID: 316, Data: 830 0 0 0 1D D 0 7D
ID: 316, Data: 830 0 0 0 1D D 0 7D
ID: 316, Data: 830 0 0 0 1D D 0 7D
ID: A0, Data: 80 7A 0 0 0 28 0 0
ID: 2A0, Data: 840 0 63 18 3C 0 17 0
ID: 316, Data: 830 0 0 0 1D D 0 7D
ID: 316, Data: 830 0 0 0 1D D 0 7D
ID: 316, Data: 830 0 0 0 1D D 0 7D
ID: 316, Data: 830 0 0 0 1D D 0 7D
ID: 316, Data: 830 0 0 0 1D D 0 7D
ID: 316, Data: 830 0 0 0 1D D 0 7D
ID: 316, Data: 830 0 0 0 1D D 0 7D
ID: 316, Data: 830 0 0 0 1D D 0 7D
ID: 316, Data: 830 0 0 0 1D D 0 7D
ID: 316, Data: 830 0 0 0 1D D 0 7D
ID: 316, Data: 830 0 0 0 1D D 0 7D
ID: A1, Data: 880 7B 80 7C 66 0 0 0
ID: 260, Data: 8B 0 1D 0 9 FF 61 27
ID: A0, Data: 80 7A 0 0 0 28 0 0
ID: 316, Data: 830 0 0 0 1D D 0 7D
ID: 316, Data: 830 0 0 0 1D D 0 7D
ID: 316, Data: 830 0 0 0 1D D 0 7D
ID: 316, Data: 830 0 0 0 1D D 0 7D
ID: 316, Data: 830 0 0 0 1D D 0 7D
ID: 316, Data: 830 0 0 0 1D D 0 7D
ID: 316, Data: 830 0 0 0 1D D 0 7D
ID: 316, Data: 830 0 0 0 1D D 0 7D
ID: 316, Data: 830 0 0 0 1D D 0 7D
ID: 316, Data: 830 0 0 0 1D D 0 7D
ID: 316, Data: 830 0 0 0 1D D 0 7D
ID: A0, Data: 80 7A 0 0 0 28 0 0
ID: 2A0, Data: 8E0 0 63 18 3C 0 17 0
ID: 316, Data: 830 0 0 0 1D D 0 7D
ID: 316, Data: 830 0 0 0 1D D 0 7D
ID: 316, Data: 830 0 0 0 1D D 0 7D
ID: 316, Data: 830 0 0 0 1D D 0 7D
ID: 316, Data: 830 0 0 0 1D D 0 7D
ID: 316, Data: 830 0 0 0 1D D 0 7D
ID: 316, Data: 830 0 0 0 1D D 0 7D
ID: 316, Data: 830 0 0 0 1D D 0 7D
ID: 316, Data: 830 0 0 0 1D D 0 7D
